time_s,ax_g,ay_g,az_g,gx_dps,gy_dps,gz_dps
0.0001,-0.3743,0.9145,0.1054,-0.35,-2.94,-1.47
0.0001,-0.3733,0.9160,0.1074,-0.84,-2.66,-0.63
0.0002,-0.3704,0.9160,0.1049,-0.84,-3.01,-1.82
0.0002,-0.3684,0.9135,0.1035,-0.91,-2.17,-0.49
0.0003,-0.3694,0.9130,0.1025,-1.05,-2.66,-1.68
0.0003,-0.3670,0.9155,0.1010,-0.84,-2.87,-0.70
0.0004,-0.3650,0.9189,0.1039,-0.98,-2.45,-1.33
0.0005,-0.3655,0.9189,0.1074,-0.98,-3.01,-0.91
0.0005,-0.3680,0.9189,0.1039,-1.19,-3.01,-1.82
0.0006,-0.3689,0.9228,0.1005,-1.19,-2.87,-0.91
0.0006,-0.3719,0.9238,0.1035,-1.19,-2.87,-2.24
0.0007,-0.3704,0.9223,0.1049,-0.84,-2.59,-0.70
0.0007,-0.3699,0.9223,0.1039,-1.47,-2.80,-2.10
0.0008,-0.3743,0.9233,0.1049,-0.56,-2.80,-0.91
0.0009,-0.3738,0.9233,0.1069,-1.68,-2.45,-1.68
0.0009,-0.3719,0.9213,0.1059,-0.63,-3.01,-1.54
0.0010,-0.3704,0.9194,0.1039,-1.33,-2.59,-1.40
0.0010,-0.3728,0.9233,0.1069,-0.91,-2.94,-1.68
0.0011,-0.3728,0.9262,0.1078,-1.12,-2.66,-1.54
0.0011,-0.3767,0.9233,0.1059,-1.12,-2.94,-2.17
0.0021,-0.3782,0.9238,0.1059,-0.91,-2.45,-1.19
0.0030,-0.3728,0.9282,0.1049,-1.05,-3.36,-2.45
0.0039,-0.3723,0.9306,0.1020,-0.98,-2.73,-1.05
0.0049,-0.3738,0.9301,0.1035,-1.19,-3.22,-2.59
0.0058,-0.3743,0.9311,0.1049,-0.77,-2.59,-1.40
0.0067,-0.3719,0.9301,0.1025,-1.75,-3.29,-2.87
0.0076,-0.3704,0.9296,0.1000,-0.56,-2.52,-1.33
0.0086,-0.3680,0.9277,0.0991,-1.61,-3.22,-2.80
0.0095,-0.3684,0.9262,0.0986,-0.63,-2.52,-1.61
0.0104,-0.3738,0.9272,0.0991,-1.40,-3.29,-2.80
0.0113,-0.3738,0.9252,0.1000,-0.70,-2.87,-1.68
0.0123,-0.3689,0.9292,0.1035,-1.47,-3.01,-2.73
0.0132,-0.3689,0.9306,0.1044,-0.56,-3.22,-2.10
0.0141,-0.3719,0.9282,0.1010,-1.61,-2.66,-2.66
0.0150,-0.3748,0.9321,0.1035,-0.56,-2.80,-2.10
0.0160,-0.3748,0.9360,0.1044,-1.26,-2.87,-2.87
0.0169,-0.3733,0.9335,0.1000,-0.70,-3.43,-2.17
0.0178,-0.3723,0.9340,0.1000,-1.12,-3.08,-2.66
0.0187,-0.3714,0.9321,0.1000,-0.98,-3.01,-2.24
0.0197,-0.3689,0.9272,0.0981,-0.91,-3.50,-2.73
0.0198,-0.3645,0.9267,0.1015,-0.91,-3.36,-2.59
0.0198,-0.3675,0.9287,0.1069,-0.63,-3.22,-2.59
0.0199,-0.3733,0.9287,0.1054,-1.26,-3.50,-2.87
0.0200,-0.3723,0.9292,0.1005,-0.70,-2.94,-2.17
0.0201,-0.3714,0.9292,0.1044,-0.84,-3.43,-3.01
0.0201,-0.3719,0.9296,0.1020,-0.84,-3.43,-3.08
0.0202,-0.3758,0.9277,0.1030,-0.35,-2.94,-2.24
0.0203,-0.3782,0.9272,0.1010,-0.91,-3.22,-2.73
0.0204,-0.3748,0.9287,0.0991,-0.28,-3.43,-2.45
0.0205,-0.3728,0.9321,0.0981,-0.98,-3.08,-2.52
0.0205,-0.3704,0.9350,0.1005,-0.70,-3.50,-2.52
0.0206,-0.3684,0.9340,0.1049,-0.77,-3.43,-2.80
0.0207,-0.3704,0.9331,0.1059,-0.21,-3.57,-2.66
0.0208,-0.3743,0.9350,0.1078,-0.77,-3.43,-2.24
0.0208,-0.3723,0.9340,0.1030,-0.42,-3.71,-2.73
0.0209,-0.3694,0.9345,0.1030,-0.63,-3.50,-2.31
0.0210,-0.3738,0.9384,0.1098,-0.35,-3.43,-2.24
0.0211,-0.3743,0.9360,0.1093,-0.35,-3.64,-2.38
0.0211,-0.3723,0.9335,0.1088,-0.42,-3.78,-2.38
0.0212,-0.3733,0.9335,0.1108,-0.07,-3.85,-2.45
0.0219,-0.3738,0.9370,0.1078,-0.63,-3.57,-2.52
0.0226,-0.3723,0.9379,0.1039,0.00,-3.99,-2.10
0.0233,-0.3699,0.9355,0.1025,-0.35,-3.57,-2.59
0.0240,-0.3670,0.9374,0.1000,-0.42,-4.48,-2.31
0.0247,-0.3694,0.9370,0.1000,-0.35,-3.78,-2.80
0.0253,-0.3723,0.9345,0.1049,0.21,-4.06,-2.38
0.0260,-0.3704,0.9365,0.1020,-0.28,-3.43,-1.89
0.0267,-0.3719,0.9374,0.1025,-0.28,-4.41,-2.59
0.0274,-0.3738,0.9355,0.1000,0.14,-3.43,-2.10
0.0281,-0.3733,0.9350,0.1025,-0.28,-4.34,-2.59
0.0288,-0.3699,0.9374,0.1064,0.56,-3.57,-1.75
0.0295,-0.3699,0.9389,0.1044,-0.28,-4.27,-2.31
0.0301,-0.3748,0.9365,0.1035,0.07,-3.99,-2.03
0.0308,-0.3762,0.9316,0.1000,0.21,-4.62,-2.59
0.0315,-0.3748,0.9340,0.1030,0.14,-3.78,-1.61
0.0322,-0.3748,0.9384,0.1049,0.07,-3.85,-2.03
0.0329,-0.3758,0.9370,0.1015,0.42,-4.34,-1.96
0.0336,-0.3787,0.9389,0.1039,0.14,-3.85,-1.61
0.0342,-0.3753,0.9360,0.1039,0.63,-4.27,-1.68
0.0349,-0.3758,0.9345,0.1000,0.00,-3.78,-1.61
0.0354,-0.3811,0.9370,0.1000,0.56,-5.11,-2.10
0.0359,-0.3792,0.9389,0.1000,0.28,-3.92,-1.54
0.0365,-0.3806,0.9389,0.1025,0.63,-4.55,-1.68
0.0370,-0.3787,0.9365,0.1064,0.14,-4.27,-1.82
0.0375,-0.3758,0.9345,0.1020,0.70,-4.20,-0.98
0.0380,-0.3782,0.9340,0.1010,0.07,-4.48,-1.75
0.0385,-0.3797,0.9365,0.1039,0.98,-3.78,-0.56
0.0390,-0.3802,0.9370,0.1039,0.49,-4.27,-1.47
0.0395,-0.3821,0.9350,0.1020,0.63,-3.85,-0.49
0.0400,-0.3797,0.9355,0.0986,0.28,-4.41,-1.61
0.0405,-0.3782,0.9370,0.0971,0.84,-4.06,-0.21
0.0410,-0.3782,0.9370,0.0981,0.56,-4.34,-1.26
0.0415,-0.3797,0.9379,0.1000,0.70,-3.78,-0.14
0.0420,-0.3811,0.9360,0.1025,0.91,-4.13,-0.84
0.0425,-0.3806,0.9311,0.1020,0.77,-4.13,-0.14
0.0430,-0.3802,0.9311,0.1025,0.84,-4.27,-0.70
0.0435,-0.3816,0.9355,0.1035,0.77,-4.34,-0.35
0.0440,-0.3831,0.9355,0.1054,0.63,-3.92,0.14
0.0445,-0.3821,0.9355,0.1083,0.77,-4.34,-0.42
0.0450,-0.3792,0.9340,0.1044,1.05,-4.06,-0.07
0.0462,-0.3806,0.9311,0.1005,0.84,-4.20,-0.35
0.0474,-0.3850,0.9335,0.1030,0.77,-3.71,0.21
0.0486,-0.3855,0.9370,0.1059,1.05,-4.06,-0.28
0.0498,-0.3880,0.9355,0.1069,0.98,-3.78,0.63
0.0510,-0.3889,0.9306,0.1044,0.84,-3.99,-0.14
0.0521,-0.3860,0.9287,0.1039,1.19,-3.85,0.42
0.0533,-0.3865,0.9326,0.1039,0.77,-4.41,-0.21
0.0545,-0.3841,0.9335,0.1039,1.26,-3.71,0.84
0.0557,-0.3831,0.9311,0.1069,0.91,-3.99,-0.14
0.0569,-0.3884,0.9287,0.1069,1.19,-3.92,1.12
0.0580,-0.3870,0.9301,0.1059,1.19,-4.06,0.00
0.0592,-0.3821,0.9335,0.1078,1.26,-4.06,0.77
0.0604,-0.3841,0.9292,0.1059,0.77,-3.92,0.28
0.0616,-0.3880,0.9301,0.1054,1.26,-3.99,0.77
0.0628,-0.3899,0.9316,0.1064,0.98,-3.64,0.28
0.0639,-0.3904,0.9306,0.1044,0.98,-3.64,0.84
0.0651,-0.3889,0.9340,0.1069,0.98,-3.78,0.21
0.0663,-0.3860,0.9355,0.1108,1.12,-3.64,0.63
0.0675,-0.3865,0.9350,0.1083,1.12,-3.92,0.49
0.0687,-0.3884,0.9335,0.1049,1.05,-3.78,0.63
0.0687,-0.3894,0.9287,0.1078,1.12,-3.92,0.70
0.0687,-0.3904,0.9267,0.1074,1.19,-3.99,0.56
0.0688,-0.3943,0.9272,0.1069,0.98,-3.29,0.56
0.0688,-0.3914,0.9267,0.1059,0.98,-3.71,0.77
0.0689,-0.3860,0.9272,0.1078,1.19,-3.57,0.21
0.0689,-0.3884,0.9306,0.1069,0.98,-3.29,0.98
0.0690,-0.3904,0.9335,0.1039,1.19,-3.64,0.21
0.0690,-0.3899,0.9296,0.1049,1.26,-3.57,1.12
0.0691,-0.3884,0.9296,0.1044,1.05,-3.29,0.35
0.0691,-0.3884,0.9316,0.1039,0.98,-3.50,0.63
0.0691,-0.3884,0.9296,0.1074,0.84,-3.43,0.14
0.0692,-0.3865,0.9262,0.1064,1.33,-3.57,0.42
0.0692,-0.3845,0.9248,0.1030,0.84,-3.15,0.21
0.0693,-0.3826,0.9248,0.1025,1.26,-3.85,0.35
0.0693,-0.3802,0.9262,0.1030,0.70,-3.15,0.42
0.0694,-0.3816,0.9248,0.1025,1.19,-3.15,0.56
0.0694,-0.3821,0.9233,0.1030,0.84,-3.50,0.28
0.0694,-0.3821,0.9257,0.1074,1.26,-3.22,0.63
0.0695,-0.3821,0.9262,0.1078,0.84,-3.36,0.07
0.0695,-0.3792,0.9287,0.1049,1.26,-3.50,0.77
0.0709,-0.3777,0.9277,0.0996,0.84,-3.99,-0.07
0.0723,-0.3806,0.9252,0.0966,0.98,-3.43,0.28
0.0737,-0.3802,0.9257,0.1005,0.35,-3.78,0.14
0.0751,-0.3787,0.9257,0.1025,0.35,-3.64,-0.21
0.0765,-0.3826,0.9228,0.1044,1.26,-2.94,0.28
0.0779,-0.3880,0.9218,0.1020,0.56,-3.85,0.07
0.0792,-0.3875,0.9238,0.1025,0.98,-3.01,-0.07
0.0806,-0.3831,0.9233,0.1064,0.63,-3.43,0.14
0.0820,-0.3826,0.9228,0.1069,0.77,-3.15,-0.21
0.0834,-0.3850,0.9218,0.1098,0.63,-3.43,0.35
0.0848,-0.3855,0.9209,0.1088,0.42,-3.36,0.00
0.0862,-0.3875,0.9199,0.1064,0.91,-3.29,-0.07
0.0876,-0.3860,0.9189,0.1093,0.35,-3.64,-0.07
0.0890,-0.3826,0.9135,0.1103,0.63,-3.22,0.21
0.0903,-0.3850,0.9140,0.1083,0.35,-3.36,-0.35
0.0917,-0.3875,0.9194,0.1103,0.63,-2.87,0.14
0.0931,-0.3826,0.9199,0.1142,0.21,-3.71,-0.63
0.0945,-0.3777,0.9184,0.1098,0.35,-2.94,0.49
0.0959,-0.3816,0.9179,0.1064,0.21,-3.64,-0.84
0.0973,-0.3826,0.9199,0.1083,0.49,-2.94,0.42
0.0974,-0.3826,0.9204,0.1103,0.14,-3.29,-0.70
0.0976,-0.3806,0.9238,0.1088,0.42,-3.08,0.21
0.0977,-0.3806,0.9218,0.1093,-0.14,-3.36,-0.56
0.0979,-0.3845,0.9223,0.1078,0.21,-3.29,0.07
0.0980,-0.3841,0.9277,0.1083,0.00,-3.36,-0.42
0.0982,-0.3860,0.9267,0.1122,0.49,-3.01,-0.21
0.0983,-0.3865,0.9257,0.1113,0.00,-2.80,0.00
0.0985,-0.3836,0.9272,0.1078,0.00,-3.43,-0.28
0.0986,-0.3806,0.9252,0.1074,0.00,-2.94,-0.07
0.0988,-0.3782,0.9243,0.1103,-0.14,-3.57,-0.49
0.0989,-0.3811,0.9252,0.1122,0.07,-2.73,0.28
0.0991,-0.3850,0.9282,0.1113,-0.35,-3.43,-1.05
0.0992,-0.3845,0.9301,0.1122,0.28,-2.94,0.42
0.0994,-0.3792,0.9287,0.1132,-0.63,-3.36,-1.19
0.0995,-0.3802,0.9292,0.1113,0.35,-3.15,0.35
0.0997,-0.3841,0.9292,0.1122,-0.42,-3.43,-1.26
0.0998,-0.3826,0.9306,0.1122,-0.14,-3.22,0.14
0.1000,-0.3806,0.9287,0.1108,-0.14,-3.01,-1.05
0.1001,-0.3806,0.9301,0.1113,-0.21,-3.01,-0.14
0.1003,-0.3787,0.9335,0.1127,-0.35,-3.36,-1.33
0.1009,-0.3797,0.9321,0.1108,0.00,-3.71,-0.35
0.1015,-0.3826,0.9321,0.1103,-0.28,-2.94,-0.98
0.1021,-0.3792,0.9360,0.1122,-0.14,-3.43,-0.56
0.1027,-0.3806,0.9370,0.1088,-0.42,-2.73,-0.84
0.1033,-0.3845,0.9384,0.1069,0.00,-3.64,-1.19
0.1039,-0.3826,0.9374,0.1083,-0.28,-3.22,-0.77
0.1045,-0.3802,0.9370,0.1098,-0.28,-3.64,-0.91
0.1052,-0.3797,0.9365,0.1098,-0.07,-3.08,-0.42
0.1058,-0.3797,0.9345,0.1098,-0.49,-3.99,-1.54
0.1064,-0.3797,0.9345,0.1103,-0.21,-3.15,-0.14
0.1070,-0.3797,0.9335,0.1088,-0.14,-3.71,-1.89
0.1076,-0.3806,0.9345,0.1113,0.07,-3.50,-0.14
0.1082,-0.3787,0.9370,0.1103,-0.14,-3.99,-1.68
0.1088,-0.3762,0.9389,0.1103,-0.21,-3.43,-0.14
0.1094,-0.3762,0.9360,0.1103,-0.28,-3.50,-2.03
0.1100,-0.3806,0.9326,0.1098,-0.14,-3.71,-0.14
0.1107,-0.3836,0.9345,0.1088,-0.21,-3.71,-1.89
0.1113,-0.3777,0.9355,0.1074,0.14,-3.64,-0.28
0.1119,-0.3743,0.9365,0.1088,-0.91,-3.22,-1.47
0.1125,-0.3772,0.9389,0.1078,0.28,-3.50,-0.07
0.1131,-0.3782,0.9379,0.1093,-0.49,-3.78,-1.54
0.1136,-0.3772,0.9374,0.1103,0.28,-4.20,-0.84
0.1142,-0.3797,0.9379,0.1083,-0.49,-3.36,-0.98
0.1147,-0.3797,0.9360,0.1083,-0.14,-4.06,-1.12
0.1153,-0.3777,0.9365,0.1118,-0.14,-3.29,-0.49
0.1159,-0.3748,0.9389,0.1142,-0.35,-4.27,-1.19
0.1164,-0.3748,0.9404,0.1113,-0.28,-3.64,-0.56
0.1170,-0.3748,0.9374,0.1088,-0.35,-4.69,-1.40
0.1175,-0.3714,0.9374,0.1078,-0.14,-3.64,-0.42
0.1181,-0.3738,0.9399,0.1118,-0.28,-4.13,-1.05
0.1187,-0.3758,0.9360,0.1127,-0.21,-3.92,-0.42
0.1192,-0.3758,0.9345,0.1074,-0.56,-4.06,-1.26
0.1198,-0.3743,0.9340,0.1103,-0.07,-3.92,-0.07
0.1203,-0.3753,0.9321,0.1118,-0.63,-4.20,-1.33
0.1209,-0.3738,0.9384,0.1103,-0.14,-3.78,-0.21
0.1215,-0.3689,0.9404,0.1088,-0.70,-4.41,-1.12
0.1220,-0.3699,0.9389,0.1083,-0.28,-3.92,-0.14
0.1226,-0.3723,0.9409,0.1103,-0.42,-3.78,-0.42
0.1231,-0.3723,0.9389,0.1093,0.14,-4.34,-0.49
0.1237,-0.3753,0.9389,0.1108,-0.77,-4.34,-0.84
0.1243,-0.3762,0.9394,0.1118,-0.21,-4.76,-0.77
0.1248,-0.3748,0.9394,0.1122,-0.77,-4.13,-0.42
0.1254,-0.3758,0.9399,0.1152,-0.35,-4.76,-0.49
0.1260,-0.3753,0.9409,0.1127,-0.70,-3.85,-0.35
0.1265,-0.3762,0.9414,0.1093,-0.35,-4.76,-0.77
0.1271,-0.3758,0.9399,0.1113,-0.49,-4.27,-0.42
0.1277,-0.3762,0.9360,0.1157,-0.84,-4.55,-0.91
0.1282,-0.3782,0.9384,0.1108,-0.35,-4.20,-0.28
0.1288,-0.3792,0.9384,0.1093,-1.19,-4.83,-0.91
0.1293,-0.3767,0.9355,0.1098,0.00,-4.83,-0.49
0.1299,-0.3758,0.9389,0.1108,-1.12,-4.62,-1.05
0.1305,-0.3797,0.9448,0.1132,-0.49,-4.34,-0.14
0.1310,-0.3816,0.9414,0.1088,-0.98,-5.04,-0.77
0.1316,-0.3845,0.9399,0.1108,-0.49,-4.69,-0.28
0.1322,-0.3855,0.9443,0.1113,-0.98,-5.18,-1.19
0.1327,-0.3841,0.9457,0.1118,-0.49,-5.39,-0.49
0.1333,-0.3826,0.9457,0.1118,-1.12,-4.20,-0.84
0.1339,-0.3826,0.9433,0.1118,-0.63,-5.67,-1.05
0.1344,-0.3787,0.9428,0.1137,-0.91,-3.99,-0.42
0.1350,-0.3811,0.9428,0.1142,-0.77,-5.39,-0.84
0.1362,-0.3850,0.9409,0.1113,-0.84,-4.34,-0.63
0.1374,-0.3806,0.9418,0.1074,-0.98,-5.32,-0.84
0.1386,-0.3821,0.9453,0.1083,-0.70,-4.48,-0.56
0.1398,-0.3811,0.9438,0.1137,-1.12,-5.04,-1.19
0.1410,-0.3802,0.9399,0.1157,-0.84,-4.41,-0.28
0.1422,-0.3821,0.9384,0.1161,-1.33,-5.32,-1.75
0.1434,-0.3792,0.9394,0.1196,-0.98,-4.83,-0.14
0.1446,-0.3792,0.9404,0.1205,-1.40,-5.25,-1.82
0.1458,-0.3850,0.9404,0.1186,-0.77,-4.48,-0.07
0.1470,-0.3850,0.9389,0.1181,-1.61,-5.18,-1.61
0.1482,-0.3836,0.9379,0.1176,-0.84,-5.11,-0.35
0.1494,-0.3826,0.9370,0.1152,-1.47,-4.97,-1.61
0.1506,-0.3806,0.9345,0.1147,-1.05,-4.90,-0.63
0.1518,-0.3806,0.9384,0.1142,-1.61,-4.90,-1.33
0.1530,-0.3811,0.9379,0.1191,-1.19,-5.81,-1.05
0.1542,-0.3850,0.9384,0.1240,-1.40,-4.62,-0.91
0.1554,-0.3889,0.9389,0.1186,-1.75,-5.39,-1.47
0.1566,-0.3850,0.9365,0.1191,-1.12,-4.34,-0.56
0.1578,-0.3841,0.9384,0.1235,-1.82,-5.18,-1.26
0.1590,-0.3865,0.9394,0.1249,-1.33,-4.34,-0.63
0.1590,-0.3899,0.9418,0.1235,-1.82,-5.32,-1.47
0.1591,-0.3924,0.9423,0.1166,-1.05,-4.83,-0.70
0.1591,-0.3889,0.9409,0.1157,-2.10,-4.90,-1.61
0.1591,-0.3845,0.9404,0.1205,-1.40,-4.62,-0.42
0.1592,-0.3836,0.9389,0.1220,-2.38,-5.11,-1.54
0.1592,-0.3889,0.9340,0.1225,-1.68,-4.83,-0.35
0.1593,-0.3914,0.9360,0.1264,-2.03,-4.97,-1.61
0.1593,-0.3880,0.9404,0.1283,-1.82,-4.48,-0.28
0.1593,-0.3894,0.9409,0.1235,-2.31,-4.97,-1.33
0.1594,-0.3880,0.9394,0.1205,-2.03,-4.97,-0.70
0.1594,-0.3865,0.9404,0.1244,-2.38,-4.41,-1.33
0.1594,-0.3855,0.9418,0.1279,-2.45,-5.18,-0.28
0.1595,-0.3836,0.9423,0.1298,-2.31,-4.06,-1.40
0.1595,-0.3870,0.9462,0.1308,-2.31,-4.55,-0.56
0.1596,-0.3914,0.9438,0.1293,-2.52,-4.13,-0.98
0.1596,-0.3904,0.9423,0.1288,-2.59,-4.62,-0.77
0.1596,-0.3928,0.9428,0.1259,-2.38,-4.20,-0.77
0.1597,-0.3909,0.9448,0.1264,-2.59,-4.41,-0.77
0.1597,-0.3870,0.9467,0.1269,-2.66,-4.41,-0.77
0.1598,-0.3894,0.9462,0.1298,-2.59,-4.76,-1.19
0.1602,-0.3919,0.9501,0.1288,-2.80,-4.20,-0.56
0.1607,-0.3904,0.9516,0.1264,-2.52,-4.48,-1.33
0.1611,-0.3899,0.9496,0.1308,-3.08,-4.20,-0.42
0.1616,-0.3958,0.9482,0.1332,-2.94,-4.13,-1.40
0.1620,-0.3963,0.9501,0.1313,-2.94,-4.41,-0.63
0.1625,-0.3938,0.9526,0.1279,-2.87,-4.20,-1.33
0.1629,-0.3967,0.9521,0.1308,-3.15,-4.20,-0.98
0.1634,-0.3963,0.9506,0.1322,-2.87,-3.71,-1.05
0.1638,-0.3963,0.9511,0.1303,-3.50,-4.34,-0.77
0.1643,-0.3943,0.9540,0.1322,-2.94,-4.13,-1.19
0.1647,-0.3914,0.9526,0.1327,-3.43,-4.55,-1.26
0.1652,-0.3953,0.9492,0.1298,-3.22,-3.50,-1.26
0.1656,-0.3967,0.9492,0.1308,-3.29,-4.62,-1.19
0.1661,-0.3953,0.9536,0.1337,-3.57,-3.57,-1.19
0.1666,-0.3933,0.9550,0.1318,-3.43,-4.06,-1.33
0.1670,-0.3909,0.9579,0.1322,-3.99,-3.36,-1.26
0.1675,-0.3899,0.9570,0.1308,-3.43,-3.85,-1.54
0.1679,-0.3880,0.9565,0.1337,-3.92,-3.78,-1.47
0.1684,-0.3909,0.9584,0.1332,-3.50,-3.78,-2.17
0.1688,-0.3924,0.9555,0.1308,-3.78,-3.64,-1.68
0.1703,-0.3914,0.9555,0.1318,-4.06,-3.78,-2.17
0.1717,-0.3943,0.9589,0.1352,-3.57,-4.13,-1.75
0.1731,-0.3948,0.9623,0.1366,-4.13,-3.29,-1.96
0.1746,-0.3909,0.9584,0.1337,-3.92,-3.71,-1.96
0.1760,-0.3909,0.9516,0.1352,-4.41,-3.50,-2.24
0.1775,-0.3933,0.9545,0.1386,-3.85,-3.43,-1.75
0.1789,-0.3982,0.9575,0.1386,-4.20,-3.50,-2.94
0.1803,-0.3987,0.9560,0.1391,-4.20,-3.57,-1.61
0.1818,-0.3933,0.9545,0.1401,-4.27,-3.29,-2.73
0.1832,-0.3938,0.9531,0.1386,-4.27,-3.92,-2.52
0.1847,-0.3977,0.9560,0.1396,-4.48,-3.99,-2.66
0.1861,-0.3967,0.9570,0.1381,-4.55,-3.29,-2.59
0.1875,-0.3953,0.9565,0.1352,-4.41,-3.29,-3.01
0.1890,-0.3963,0.9575,0.1396,-4.76,-3.36,-2.73
0.1904,-0.3938,0.9526,0.1435,-4.48,-3.43,-2.94
0.1919,-0.3943,0.9501,0.1435,-4.90,-3.29,-2.94
0.1933,-0.3972,0.9511,0.1469,-4.83,-3.57,-3.01
0.1947,-0.3972,0.9492,0.1488,-4.69,-3.43,-2.94
0.1962,-0.3963,0.9511,0.1469,-5.11,-2.87,-2.80
0.1976,-0.3933,0.9496,0.1459,-5.11,-3.43,-3.15
0.1977,-0.3924,0.9496,0.1488,-5.18,-3.08,-3.08
0.1977,-0.3919,0.9526,0.1503,-4.97,-3.22,-3.15
0.1977,-0.3933,0.9531,0.1527,-5.18,-3.01,-3.15
0.1978,-0.3938,0.9511,0.1498,-5.46,-3.64,-3.36
0.1978,-0.3933,0.9516,0.1469,-5.46,-2.73,-3.36
0.1978,-0.3943,0.9521,0.1488,-5.18,-2.87,-2.66
0.1979,-0.3904,0.9492,0.1493,-5.88,-3.22,-3.57
0.1979,-0.3899,0.9462,0.1493,-5.32,-3.01,-2.73
0.1979,-0.3928,0.9501,0.1503,-5.46,-2.94,-2.73
0.1980,-0.3938,0.9492,0.1503,-6.16,-3.22,-3.99
0.1980,-0.3919,0.9477,0.1493,-5.95,-3.08,-2.73
0.1980,-0.3909,0.9467,0.1479,-6.30,-3.01,-3.78
0.1981,-0.3933,0.9472,0.1498,-6.02,-3.08,-2.80
0.1981,-0.3928,0.9482,0.1488,-6.09,-2.66,-3.85
0.1981,-0.3875,0.9501,0.1469,-6.30,-3.29,-2.87
0.1982,-0.3845,0.9526,0.1493,-6.16,-2.52,-3.50
0.1982,-0.3880,0.9492,0.1488,-6.72,-3.36,-3.01
0.1982,-0.3904,0.9492,0.1479,-6.16,-2.38,-3.29
0.1983,-0.3875,0.9501,0.1498,-6.65,-3.29,-3.43
0.1983,-0.3870,0.9467,0.1513,-6.51,-2.73,-3.01
0.1985,-0.3880,0.9467,0.1474,-7.14,-3.36,-4.06
0.1986,-0.3884,0.9492,0.1503,-6.58,-2.38,-2.45
0.1987,-0.3899,0.9487,0.1537,-6.79,-3.22,-3.85
0.1989,-0.3884,0.9496,0.1488,-7.21,-2.31,-2.80
0.1990,-0.3855,0.9501,0.1479,-7.14,-3.50,-3.99
0.1992,-0.3850,0.9477,0.1488,-7.07,-2.59,-2.87
0.1993,-0.3865,0.9453,0.1454,-7.35,-3.08,-3.78
0.1994,-0.3894,0.9438,0.1479,-7.07,-2.66,-2.52
0.1996,-0.3875,0.9467,0.1474,-7.28,-2.52,-2.87
0.1997,-0.3860,0.9496,0.1513,-7.70,-3.01,-3.85
0.1999,-0.3884,0.9492,0.1523,-7.35,-2.87,-2.45
0.2000,-0.3884,0.9453,0.1537,-7.98,-2.80,-3.50
0.2001,-0.3909,0.9477,0.1547,-7.84,-2.66,-2.38
0.2003,-0.3904,0.9467,0.1488,-7.84,-3.01,-3.64
0.2004,-0.3924,0.9438,0.1493,-7.98,-3.36,-2.73
0.2006,-0.3919,0.9443,0.1498,-8.26,-2.80,-3.01
0.2007,-0.3919,0.9443,0.1484,-7.84,-2.94,-2.73
0.2009,-0.3914,0.9399,0.1493,-8.26,-3.01,-2.73
0.2010,-0.3880,0.9389,0.1474,-8.26,-3.29,-2.66
0.2011,-0.3894,0.9423,0.1454,-8.33,-3.01,-2.45
0.2017,-0.3889,0.9374,0.1474,-8.33,-3.08,-2.94
0.2023,-0.3884,0.9355,0.1523,-8.33,-3.15,-2.03
0.2029,-0.3899,0.9365,0.1469,-8.61,-3.36,-2.66
0.2034,-0.3875,0.9345,0.1444,-8.40,-3.01,-1.82
0.2040,-0.3821,0.9360,0.1420,-8.54,-3.15,-1.68
0.2046,-0.3787,0.9360,0.1454,-9.03,-2.87,-2.10
0.2051,-0.3767,0.9355,0.1459,-8.82,-3.50,-1.40
0.2057,-0.3772,0.9355,0.1449,-9.24,-3.15,-1.96
0.2063,-0.3797,0.9370,0.1464,-9.10,-2.87,-0.70
0.2069,-0.3792,0.9340,0.1410,-9.38,-3.85,-2.03
0.2074,-0.3743,0.9350,0.1401,-9.31,-3.78,-0.84
0.2080,-0.3728,0.9379,0.1444,-9.73,-3.71,-1.40
0.2086,-0.3719,0.9365,0.1474,-9.24,-3.43,-0.28
0.2092,-0.3714,0.9360,0.1474,-9.87,-3.64,-1.19
0.2097,-0.3723,0.9331,0.1420,-9.80,-3.64,-0.35
0.2103,-0.3694,0.9331,0.1420,-9.73,-3.99,-0.91
0.2109,-0.3680,0.9321,0.1435,-9.59,-3.85,0.00
0.2115,-0.3704,0.9287,0.1410,-9.94,-4.06,-0.49
0.2120,-0.3689,0.9301,0.1386,-10.36,-4.34,0.28
0.2126,-0.3680,0.9311,0.1391,-10.01,-4.06,0.28
0.2138,-0.3660,0.9272,0.1415,-10.29,-4.62,0.28
0.2150,-0.3616,0.9257,0.1435,-10.78,-4.48,0.42
0.2162,-0.3660,0.9282,0.1376,-10.29,-4.90,0.84
0.2174,-0.3670,0.9252,0.1396,-10.64,-4.83,0.98
0.2186,-0.3626,0.9272,0.1415,-10.64,-4.83,1.05
0.2198,-0.3631,0.9292,0.1405,-10.64,-4.62,1.19
0.2210,-0.3645,0.9296,0.1347,-10.99,-5.11,1.33
0.2222,-0.3660,0.9272,0.1342,-10.78,-4.97,1.26
0.2233,-0.3670,0.9248,0.1352,-11.06,-5.04,1.89
0.2245,-0.3640,0.9272,0.1322,-11.20,-5.04,1.54
0.2257,-0.3665,0.9262,0.1337,-11.06,-5.88,1.75
0.2269,-0.3665,0.9248,0.1366,-11.41,-5.39,2.03
0.2281,-0.3689,0.9218,0.1308,-11.20,-5.74,2.10
0.2293,-0.3699,0.9194,0.1283,-11.34,-5.39,2.52
0.2305,-0.3655,0.9194,0.1308,-11.55,-6.16,2.03
0.2317,-0.3650,0.9184,0.1308,-11.62,-5.74,2.80
0.2329,-0.3636,0.9179,0.1308,-11.62,-6.16,2.45
0.2341,-0.3626,0.9179,0.1264,-11.83,-6.30,2.87
0.2353,-0.3616,0.9126,0.1274,-11.97,-6.30,2.80
0.2365,-0.3601,0.9121,0.1308,-12.04,-6.16,3.15
0.2370,-0.3587,0.9121,0.1293,-11.83,-6.58,3.29
0.2375,-0.3572,0.9101,0.1303,-11.90,-6.37,3.78
0.2380,-0.3543,0.9067,0.1298,-12.11,-7.21,3.57
0.2386,-0.3553,0.9038,0.1308,-12.18,-6.37,4.55
0.2391,-0.3533,0.9004,0.1322,-12.46,-7.28,3.50
0.2396,-0.3475,0.8945,0.1332,-12.39,-6.58,5.04
0.2401,-0.3479,0.8945,0.1332,-12.53,-7.63,3.99
0.2406,-0.3470,0.8960,0.1293,-12.46,-7.35,5.32
0.2412,-0.3445,0.8930,0.1269,-12.74,-7.56,4.13
0.2417,-0.3392,0.8930,0.1313,-12.39,-7.35,5.81
0.2422,-0.3377,0.8945,0.1337,-13.16,-7.63,4.69
0.2427,-0.3396,0.8921,0.1322,-12.74,-7.49,5.88
0.2432,-0.3367,0.8916,0.1327,-13.09,-7.77,5.81
0.2438,-0.3377,0.8926,0.1342,-12.67,-7.84,6.09
0.2443,-0.3426,0.8867,0.1342,-13.51,-7.91,6.30
0.2448,-0.3475,0.8789,0.1308,-12.88,-8.26,6.58
0.2453,-0.3455,0.8745,0.1298,-13.51,-8.33,6.44
0.2459,-0.3416,0.8711,0.1327,-13.23,-8.47,6.79
0.2464,-0.3436,0.8672,0.1322,-13.44,-8.54,7.35
0.2469,-0.3450,0.8599,0.1318,-13.30,-8.61,7.28
0.2475,-0.3411,0.8564,0.1313,-13.58,-8.68,7.98
0.2480,-0.3431,0.8530,0.1318,-13.44,-8.54,7.77
0.2486,-0.3436,0.8491,0.1313,-13.93,-8.75,8.68
0.2492,-0.3401,0.8467,0.1230,-13.86,-8.82,8.40
0.2497,-0.3387,0.8389,0.1215,-13.72,-9.24,8.96
0.2503,-0.3392,0.8335,0.1288,-14.07,-8.54,9.31
0.2509,-0.3392,0.8296,0.1283,-13.72,-9.38,9.45
0.2514,-0.3382,0.8247,0.1244,-14.21,-8.75,10.08
0.2520,-0.3382,0.8184,0.1205,-14.00,-9.73,10.36
0.2526,-0.3367,0.8125,0.1205,-14.56,-8.96,10.64
0.2531,-0.3338,0.8130,0.1220,-14.63,-9.59,10.85
0.2537,-0.3279,0.8106,0.1210,-14.49,-8.96,11.27
0.2543,-0.3231,0.8076,0.1196,-14.63,-9.94,11.83
0.2548,-0.3221,0.8076,0.1166,-14.84,-9.38,12.04
0.2554,-0.3187,0.8023,0.1171,-14.84,-9.94,12.11
0.2560,-0.3157,0.8003,0.1186,-14.77,-9.87,12.60
0.2566,-0.3123,0.7964,0.1186,-15.19,-9.73,13.30
0.2571,-0.3074,0.7876,0.1127,-15.19,-10.15,13.30
0.2577,-0.3050,0.7881,0.1137,-15.47,-10.22,14.14
0.2583,-0.3045,0.7793,0.1157,-15.47,-10.01,14.63
0.2588,-0.3001,0.7759,0.1113,-15.40,-10.50,15.19
0.2594,-0.2943,0.7720,0.1093,-16.03,-10.43,15.26
0.2599,-0.2889,0.7647,0.1093,-15.61,-10.43,15.89
0.2605,-0.2879,0.7579,0.1064,-15.89,-10.92,15.61
0.2610,-0.2860,0.7549,0.1044,-15.54,-11.20,16.66
0.2616,-0.2821,0.7515,0.1054,-16.38,-10.99,16.94
0.2621,-0.2835,0.7442,0.1039,-15.96,-10.85,17.78
0.2627,-0.2835,0.7393,0.0996,-16.38,-11.06,17.29
0.2632,-0.2796,0.7320,0.0976,-16.45,-11.55,18.20
0.2638,-0.2747,0.7247,0.0952,-16.45,-11.41,18.34
0.2643,-0.2723,0.7178,0.0913,-16.73,-11.48,19.04
0.2649,-0.2718,0.7086,0.0888,-16.66,-12.18,19.11
0.2654,-0.2708,0.7032,0.0893,-16.80,-12.11,19.74
0.2660,-0.2669,0.6949,0.0893,-17.15,-12.11,20.09
0.2665,-0.2635,0.6832,0.0844,-17.01,-12.32,20.51
0.2671,-0.2625,0.6769,0.0781,-17.22,-12.60,20.86
0.2676,-0.2640,0.6695,0.0766,-17.43,-12.60,21.49
0.2682,-0.2601,0.6661,0.0776,-17.71,-12.88,22.05
0.2688,-0.2542,0.6686,0.0771,-17.71,-12.53,22.96
0.2693,-0.2538,0.6783,0.0727,-18.06,-13.30,22.89
0.2699,-0.2489,0.6876,0.0683,-17.85,-13.37,23.31
0.2704,-0.2440,0.6871,0.0683,-17.92,-13.58,24.43
0.2710,-0.2445,0.6886,0.0678,-18.06,-13.44,24.50
0.2715,-0.2425,0.6842,0.0678,-17.85,-13.86,24.99
0.2721,-0.2323,0.6759,0.0683,-18.13,-13.72,25.97
0.2726,-0.2245,0.6700,0.0683,-18.27,-14.00,25.97
0.2732,-0.2216,0.6627,0.0712,-18.34,-14.00,26.81
0.2738,-0.2206,0.6671,0.0747,-18.34,-14.07,27.30
0.2743,-0.2225,0.6744,0.0742,-18.48,-14.35,27.51
0.2749,-0.2196,0.6739,0.0732,-18.69,-14.35,28.07
0.2754,-0.2147,0.6700,0.0742,-18.69,-15.05,27.93
0.2760,-0.2103,0.6725,0.0737,-18.83,-14.84,28.56
0.2765,-0.2079,0.6759,0.0737,-19.11,-15.05,28.35
0.2771,-0.2079,0.6759,0.0752,-18.69,-15.05,29.05
0.2776,-0.2084,0.6891,0.0703,-19.18,-16.03,28.49
0.2782,-0.2054,0.6930,0.0693,-19.04,-16.31,28.77
0.2788,-0.2040,0.6983,0.0644,-19.18,-15.89,28.91
0.2793,-0.2020,0.7027,0.0639,-19.04,-16.31,28.63
0.2799,-0.2011,0.7076,0.0654,-18.83,-16.87,28.49
0.2804,-0.2040,0.7169,0.0644,-19.25,-16.94,28.77
0.2815,-0.2064,0.7183,0.0654,-18.76,-16.87,28.07
0.2826,-0.2108,0.7193,0.0615,-18.97,-17.43,28.49
0.2837,-0.2118,0.7218,0.0566,-18.76,-17.29,28.21
0.2847,-0.2147,0.7227,0.0576,-18.83,-17.99,27.58
0.2858,-0.2196,0.7208,0.0547,-18.76,-17.85,27.72
0.2869,-0.2186,0.7159,0.0488,-18.62,-18.13,27.09
0.2879,-0.2235,0.7110,0.0454,-18.20,-18.34,27.09
0.2890,-0.2284,0.7174,0.0459,-18.83,-18.20,26.39
0.2901,-0.2289,0.7242,0.0468,-18.27,-18.55,26.67
0.2912,-0.2274,0.7232,0.0410,-18.20,-18.76,25.90
0.2922,-0.2225,0.7174,0.0381,-17.99,-18.76,25.83
0.2933,-0.2157,0.7125,0.0400,-17.99,-18.90,25.27
0.2944,-0.2133,0.7174,0.0400,-17.85,-18.90,25.55
0.2955,-0.2142,0.7266,0.0376,-17.57,-19.11,24.85
0.2965,-0.2172,0.7398,0.0322,-17.22,-19.88,24.71
0.2976,-0.2230,0.7554,0.0332,-17.01,-19.18,24.85
0.2987,-0.2259,0.7666,0.0312,-16.87,-19.88,24.36
0.2998,-0.2279,0.7686,0.0264,-16.38,-19.25,24.57
0.3008,-0.2269,0.7681,0.0229,-15.96,-19.88,24.15
0.3019,-0.2240,0.7710,0.0210,-15.82,-19.39,24.43
0.3020,-0.2259,0.7715,0.0181,-15.12,-19.95,23.94
0.3020,-0.2274,0.7710,0.0112,-14.98,-20.16,24.15
0.3021,-0.2250,0.7735,0.0093,-14.56,-19.60,24.22
0.3022,-0.2245,0.7735,0.0044,-13.93,-20.09,24.29
0.3022,-0.2230,0.7676,0.0010,-13.37,-19.81,24.29
0.3023,-0.2216,0.7642,0.0034,-13.09,-20.37,24.43
0.3023,-0.2230,0.7662,0.0049,-12.53,-19.95,24.29
0.3024,-0.2216,0.7647,0.0039,-12.60,-19.95,24.57
0.3025,-0.2196,0.7676,0.0020,-11.62,-19.60,25.34
0.3025,-0.2181,0.7735,0.0015,-10.99,-20.51,24.92
0.3026,-0.2206,0.7725,0.0000,-10.78,-19.81,25.62
0.3027,-0.2201,0.7715,-0.0044,-10.01,-20.02,25.55
0.3027,-0.2152,0.7710,-0.0088,-9.66,-19.95,26.18
0.3028,-0.2152,0.7710,-0.0078,-8.68,-19.74,26.25
0.3028,-0.2181,0.7715,-0.0068,-8.47,-20.09,26.74
0.3029,-0.2176,0.7720,-0.0142,-7.63,-20.30,26.74
0.3030,-0.2167,0.7759,-0.0176,-7.21,-19.53,27.72
0.3030,-0.2167,0.7808,-0.0127,-6.44,-20.09,27.23
0.3031,-0.2176,0.7828,-0.0137,-5.95,-19.81,28.14
0.3032,-0.2206,0.7818,-0.0176,-4.90,-20.09,28.00
0.3037,-0.2186,0.7818,-0.0190,-4.41,-19.88,28.77
0.3043,-0.2152,0.7813,-0.0200,-3.92,-19.74,29.19
0.3049,-0.2176,0.7793,-0.0224,-2.94,-20.02,29.33
0.3055,-0.2196,0.7735,-0.0210,-2.66,-19.67,30.10
0.3061,-0.2186,0.7745,-0.0205,-1.75,-19.60,30.38
0.3066,-0.2172,0.7788,-0.0249,-1.19,-19.39,31.08
0.3072,-0.2137,0.7808,-0.0259,-0.21,-19.74,31.29
0.3078,-0.2133,0.7886,-0.0278,0.42,-18.90,32.34
0.3084,-0.2157,0.7910,-0.0288,1.12,-19.18,32.13
0.3090,-0.2172,0.7935,-0.0264,2.10,-19.04,33.25
0.3095,-0.2176,0.7891,-0.0293,2.52,-19.11,33.46
0.3101,-0.2142,0.7828,-0.0303,4.06,-18.69,34.09
0.3107,-0.2084,0.7857,-0.0298,5.32,-18.41,35.21
0.3113,-0.2025,0.7920,-0.0322,5.74,-18.27,36.12
0.3119,-0.1972,0.7940,-0.0342,7.21,-18.27,36.82
0.3125,-0.1908,0.7886,-0.0381,7.49,-18.20,36.89
0.3130,-0.1937,0.7852,-0.0381,8.96,-17.92,37.94
0.3136,-0.2020,0.7842,-0.0332,9.24,-18.34,38.29
0.3142,-0.2069,0.7813,-0.0273,10.57,-17.64,39.06
0.3148,-0.2162,0.7784,-0.0249,10.99,-17.64,39.69
0.3153,-0.2279,0.7730,-0.0259,12.18,-17.29,40.25
0.3159,-0.2298,0.7657,-0.0268,13.09,-17.57,40.95
0.3164,-0.2289,0.7554,-0.0288,13.65,-17.01,41.86
0.3169,-0.2328,0.7501,-0.0327,14.98,-17.15,41.93
0.3175,-0.2323,0.7559,-0.0342,15.33,-16.52,43.61
0.3180,-0.2284,0.7613,-0.0307,16.66,-16.66,43.47
0.3186,-0.2284,0.7671,-0.0303,17.29,-16.24,44.59
0.3191,-0.2318,0.7696,-0.0332,18.41,-15.68,45.29
0.3197,-0.2362,0.7696,-0.0337,18.90,-15.82,45.78
0.3202,-0.2391,0.7671,-0.0317,20.09,-15.26,46.83
0.3207,-0.2323,0.7642,-0.0400,20.72,-15.89,46.76
0.3213,-0.2240,0.7657,-0.0400,22.47,-14.84,48.37
0.3218,-0.2206,0.7657,-0.0381,24.08,-14.70,49.70
0.3224,-0.2201,0.7618,-0.0400,24.64,-14.21,50.12
0.3229,-0.2186,0.7554,-0.0376,25.69,-13.86,51.45
0.3234,-0.2152,0.7520,-0.0351,26.46,-13.79,51.45
0.3240,-0.2118,0.7515,-0.0390,28.00,-13.44,52.50
0.3245,-0.2123,0.7466,-0.0454,28.42,-13.16,52.92
0.3251,-0.2167,0.7462,-0.0488,29.54,-12.95,53.97
0.3256,-0.2191,0.7442,-0.0454,30.45,-12.53,54.60
0.3262,-0.2181,0.7398,-0.0429,31.43,-12.67,55.37
0.3267,-0.2142,0.7379,-0.0449,32.34,-12.39,55.93
0.3273,-0.2152,0.7369,-0.0454,33.32,-11.76,56.77
0.3279,-0.2191,0.7344,-0.0434,34.58,-11.69,57.40
0.3285,-0.2201,0.7281,-0.0425,35.28,-11.48,58.24
0.3290,-0.2176,0.7208,-0.0454,35.98,-11.20,58.52
0.3296,-0.2147,0.7271,-0.0517,37.03,-10.78,59.64
0.3302,-0.2098,0.7349,-0.0537,38.15,-11.06,59.64
0.3307,-0.2054,0.7315,-0.0517,38.99,-10.22,60.62
0.3313,-0.2054,0.7286,-0.0522,39.97,-10.64,60.62
0.3319,-0.2045,0.7271,-0.0556,41.02,-9.45,62.44
0.3325,-0.1835,0.7369,-0.0576,42.77,-8.54,63.77
0.3330,-0.1810,0.7462,-0.0634,43.82,-9.66,63.07
0.3336,-0.1815,0.7481,-0.0630,45.43,-8.40,64.68
0.3342,-0.1869,0.7486,-0.0610,45.85,-9.38,64.26
0.3347,-0.1967,0.7457,-0.0566,47.39,-8.33,65.66
0.3353,-0.2079,0.7408,-0.0532,47.81,-8.82,65.59
0.3359,-0.2191,0.7315,-0.0547,49.35,-7.70,66.29
0.3364,-0.2259,0.7271,-0.0610,49.91,-7.63,66.85
0.3370,-0.2303,0.7296,-0.0639,51.45,-7.49,66.85
0.3376,-0.2362,0.7349,-0.0639,52.29,-6.93,67.69
0.3381,-0.2411,0.7364,-0.0649,53.41,-7.14,67.62
0.3387,-0.2445,0.7300,-0.0688,54.32,-6.37,68.95
0.3392,-0.2494,0.7222,-0.0766,55.44,-6.51,68.18
0.3398,-0.2523,0.7178,-0.0776,56.21,-5.60,70.07
0.3403,-0.2489,0.7120,-0.0771,57.12,-6.16,68.53
0.3409,-0.2425,0.7120,-0.0800,58.52,-4.83,70.49
0.3415,-0.2386,0.7100,-0.0844,59.15,-5.67,69.58
0.3420,-0.2362,0.7081,-0.0922,61.18,-4.20,70.98
0.3426,-0.2318,0.7081,-0.0927,60.90,-4.62,70.14
0.3431,-0.2250,0.6998,-0.0922,63.00,-3.92,71.47
0.3437,-0.2206,0.6925,-0.0908,63.28,-4.34,70.63
0.3442,-0.2196,0.6920,-0.0927,64.61,-3.01,71.96
0.3448,-0.2196,0.6939,-0.0966,65.10,-3.15,71.40
0.3453,-0.2123,0.6944,-0.0966,67.06,-3.50,71.96
0.3459,-0.2084,0.6934,-0.0991,67.55,-2.59,72.17
0.3465,-0.2054,0.6910,-0.1035,68.46,-2.38,72.38
0.3470,-0.2011,0.6871,-0.1064,69.37,-1.75,72.59
0.3476,-0.2006,0.6793,-0.1030,70.63,-2.17,72.31
0.3481,-0.1957,0.6720,-0.0996,71.61,-1.33,73.22
0.3487,-0.1932,0.6676,-0.1010,72.45,-1.96,72.45
0.3493,-0.1947,0.6676,-0.1044,73.71,-1.12,73.29
0.3498,-0.1923,0.6695,-0.1074,74.20,-1.40,72.45
0.3504,-0.1918,0.6666,-0.1049,75.39,-0.35,73.43
0.3509,-0.1903,0.6608,-0.1039,76.37,-0.98,71.89
0.3515,-0.1859,0.6544,-0.1030,77.28,-0.07,73.22
0.3521,-0.1757,0.6500,-0.1025,79.59,0.35,72.87
0.3526,-0.1747,0.6486,-0.1039,80.01,0.49,71.89
0.3532,-0.1728,0.6427,-0.1049,81.62,0.70,72.73
0.3537,-0.1718,0.6373,-0.1044,81.83,0.49,71.54
0.3543,-0.1708,0.6324,-0.1054,83.16,1.05,72.10
0.3549,-0.1737,0.6276,-0.1069,83.79,0.98,71.19
0.3554,-0.1762,0.6222,-0.1069,85.19,1.47,71.33
0.3560,-0.1737,0.6207,-0.1049,85.82,1.54,70.84
0.3565,-0.1728,0.6202,-0.1035,86.59,1.75,70.49
0.3571,-0.1767,0.6134,-0.1015,87.64,2.24,70.21
0.3577,-0.1747,0.6037,-0.1000,88.13,2.38,69.72
0.3582,-0.1718,0.5978,-0.1015,89.32,2.52,69.16
0.3588,-0.1728,0.5919,-0.1025,90.23,2.24,68.53
0.3594,-0.1713,0.5866,-0.0991,91.00,2.73,68.39
0.3599,-0.1674,0.5773,-0.1020,91.84,2.59,67.41
0.3604,-0.1630,0.5656,-0.1044,92.68,3.43,67.41
0.3610,-0.1625,0.5612,-0.1020,93.45,3.22,65.94
0.3615,-0.1566,0.5588,-0.1015,94.08,3.71,66.08
0.3621,-0.1503,0.5592,-0.1005,94.71,3.71,64.61
0.3626,-0.1454,0.5602,-0.1010,95.27,3.85,64.26
0.3632,-0.1484,0.5597,-0.1005,96.32,4.27,63.56
0.3637,-0.1586,0.5553,-0.1010,96.95,3.92,62.86
0.3643,-0.1664,0.5490,-0.1010,97.65,4.69,61.88
0.3648,-0.1732,0.5373,-0.1015,98.42,4.20,61.04
0.3653,-0.1791,0.5231,-0.1049,99.05,4.83,59.85
0.3659,-0.1825,0.5173,-0.1083,99.54,4.69,59.29
0.3664,-0.1889,0.5207,-0.1078,100.17,5.53,57.96
0.3670,-0.1996,0.5222,-0.1035,101.08,4.97,57.12
0.3675,-0.2030,0.5183,-0.1054,101.50,6.02,56.14
0.3681,-0.2040,0.5095,-0.1074,102.27,5.81,54.74
0.3686,-0.2015,0.5031,-0.1064,102.90,6.44,54.04
0.3692,-0.1986,0.5007,-0.1078,103.32,5.88,52.43
0.3697,-0.2011,0.4997,-0.1059,103.74,7.21,52.15
0.3702,-0.2015,0.5022,-0.1049,104.44,6.65,50.26
0.3708,-0.2001,0.5026,-0.1098,104.79,7.42,49.70
0.3714,-0.1981,0.4997,-0.1127,105.84,7.07,48.02
0.3720,-0.1952,0.4992,-0.1122,105.91,7.84,47.39
0.3726,-0.1952,0.5036,-0.1108,106.75,7.28,45.71
0.3732,-0.1947,0.5056,-0.1093,107.31,8.33,44.66
0.3738,-0.1967,0.5124,-0.1113,108.71,8.05,41.79
0.3743,-0.1947,0.5212,-0.1127,108.71,9.10,41.16
0.3749,-0.1962,0.5246,-0.1093,109.41,8.89,39.27
0.3755,-0.2006,0.5339,-0.1074,110.11,9.66,38.64
0.3761,-0.2040,0.5470,-0.1118,110.95,9.17,36.89
0.3767,-0.2064,0.5558,-0.1098,111.37,9.59,36.19
0.3773,-0.2069,0.5656,-0.1083,112.00,10.22,34.30
0.3778,-0.2089,0.5807,-0.1108,112.84,10.43,33.25
0.3784,-0.2133,0.5963,-0.1127,113.61,10.57,31.99
0.3790,-0.2176,0.6095,-0.1157,114.38,10.64,30.87
0.3796,-0.2230,0.6222,-0.1147,114.59,11.55,29.26
0.3802,-0.2274,0.6378,-0.1137,115.99,11.06,27.93
0.3808,-0.2313,0.6564,-0.1171,116.48,11.83,26.67
0.3814,-0.2362,0.6695,-0.1191,117.67,11.69,25.62
0.3819,-0.2396,0.6842,-0.1240,118.37,12.32,23.94
0.3830,-0.2420,0.7071,-0.1288,119.49,12.18,22.68
0.3841,-0.2464,0.7310,-0.1279,120.61,12.95,21.63
0.3852,-0.2518,0.7505,-0.1279,120.96,13.16,19.74
0.3863,-0.2538,0.7662,-0.1298,122.43,13.30,18.83
0.3874,-0.2582,0.7852,-0.1347,123.48,13.65,17.57
0.3885,-0.2655,0.8047,-0.1396,124.60,14.00,16.10
0.3896,-0.2699,0.8208,-0.1430,125.65,14.56,14.56
0.3907,-0.2708,0.8369,-0.1454,126.56,14.84,13.58
0.3917,-0.2708,0.8564,-0.1444,128.10,14.98,11.83
0.3928,-0.2752,0.8740,-0.1469,129.08,15.47,10.92
0.3939,-0.2806,0.8906,-0.1513,130.76,15.40,9.03
0.3950,-0.2835,0.9082,-0.1513,131.74,15.61,8.33
0.3961,-0.2869,0.9248,-0.1503,132.86,16.31,7.00
0.3972,-0.2884,0.9360,-0.1571,134.26,16.38,5.81
0.3983,-0.2948,0.9462,-0.1649,135.87,16.59,3.99
0.3994,-0.2987,0.9614,-0.1654,136.92,17.01,3.43
0.4005,-0.2962,0.9740,-0.1664,138.53,17.43,1.68
0.4016,-0.3006,0.9853,-0.1674,140.14,17.22,0.70
0.4026,-0.3001,0.9960,-0.1698,140.98,18.13,-0.70
0.4037,-0.2972,1.0063,-0.1742,142.87,17.99,-1.75
0.4044,-0.3026,1.0302,-0.1791,145.95,18.41,-4.20
0.4050,-0.3001,1.0433,-0.1840,147.21,18.83,-4.76
0.4056,-0.2972,1.0497,-0.1923,149.17,19.04,-6.44
0.4062,-0.2962,1.0585,-0.1942,150.22,19.32,-6.79
0.4069,-0.2948,1.0673,-0.1942,151.76,19.67,-8.33
0.4075,-0.2957,1.0736,-0.1996,153.65,19.39,-9.03
0.4081,-0.2933,1.0809,-0.2025,154.84,20.23,-10.08
0.4087,-0.2899,1.0882,-0.2015,156.80,19.95,-10.78
0.4094,-0.2874,1.0941,-0.2011,158.27,20.23,-11.90
0.4100,-0.2816,1.1004,-0.2020,160.02,20.44,-12.53
0.4106,-0.2782,1.1082,-0.2035,161.42,20.72,-13.72
0.4112,-0.2747,1.1131,-0.2025,163.24,20.51,-14.28
0.4119,-0.2777,1.1185,-0.2006,164.71,21.35,-15.05
0.4125,-0.2786,1.1278,-0.2001,166.39,20.93,-15.68
0.4131,-0.2777,1.1361,-0.2015,167.79,21.21,-17.08
0.4137,-0.2772,1.1439,-0.2054,169.61,20.93,-17.15
0.4144,-0.2704,1.1478,-0.2020,170.87,21.49,-18.20
0.4150,-0.2679,1.1512,-0.1976,172.97,20.86,-18.34
0.4156,-0.2630,1.1502,-0.1967,174.16,21.42,-19.60
0.4162,-0.2586,1.1507,-0.1981,176.05,21.21,-19.53
0.4168,-0.2474,1.1600,-0.1942,177.38,21.00,-20.37
0.4173,-0.2450,1.1624,-0.1932,180.88,21.21,-21.56
0.4179,-0.2401,1.1683,-0.1928,182.14,21.35,-21.84
0.4184,-0.2352,1.1761,-0.1913,184.03,21.42,-22.68
0.4189,-0.2308,1.1839,-0.1850,185.36,21.49,-22.68
0.4195,-0.2318,1.1912,-0.1850,187.04,21.21,-23.24
0.4200,-0.2362,1.1922,-0.1869,188.23,20.86,-23.87
0.4206,-0.2425,1.1951,-0.1840,189.84,21.28,-24.01
0.4211,-0.2460,1.1956,-0.1825,191.59,20.58,-25.13
0.4217,-0.2460,1.1932,-0.1801,193.06,21.00,-24.64
0.4222,-0.2445,1.1985,-0.1781,194.39,20.58,-25.48
0.4228,-0.2420,1.2029,-0.1781,195.93,21.00,-25.41
0.4233,-0.2450,1.2039,-0.1786,197.75,20.09,-26.46
0.4238,-0.2460,1.2039,-0.1786,198.80,20.79,-25.83
0.4244,-0.2460,1.2049,-0.1737,200.34,20.09,-26.95
0.4249,-0.2469,1.2049,-0.1732,202.30,20.23,-26.39
0.4255,-0.2469,1.2054,-0.1757,202.86,20.37,-27.30
0.4260,-0.2377,1.2210,-0.1801,205.59,19.53,-27.44
0.4266,-0.2377,1.2215,-0.1801,207.83,19.60,-27.72
0.4271,-0.2333,1.2176,-0.1810,208.74,19.53,-27.58
0.4277,-0.2318,1.2151,-0.1786,210.28,19.39,-28.07
0.4282,-0.2372,1.2156,-0.1781,211.12,18.97,-27.93
0.4288,-0.2357,1.2190,-0.1796,212.87,19.18,-27.93
0.4293,-0.2308,1.2224,-0.1801,214.13,18.48,-28.21
0.4299,-0.2318,1.2210,-0.1810,215.60,18.76,-27.58
0.4305,-0.2298,1.2205,-0.1801,216.65,17.92,-28.21
0.4310,-0.2318,1.2215,-0.1781,217.91,18.27,-27.72
0.4316,-0.2318,1.2220,-0.1762,219.66,17.43,-27.86
0.4321,-0.2308,1.2220,-0.1767,220.08,17.85,-27.30
0.4327,-0.2362,1.2224,-0.1771,221.90,17.29,-27.93
0.4332,-0.2352,1.2229,-0.1767,222.81,17.22,-27.16
0.4338,-0.2352,1.2215,-0.1752,224.21,17.22,-27.37
0.4343,-0.2377,1.2239,-0.1723,224.77,16.38,-26.88
0.4349,-0.2381,1.2259,-0.1679,226.52,16.80,-27.37
0.4355,-0.2396,1.2273,-0.1669,227.15,16.10,-26.60
0.4360,-0.2435,1.2263,-0.1693,228.55,16.73,-26.25
0.4366,-0.2406,1.2244,-0.1654,229.39,15.40,-26.25
0.4371,-0.2386,1.2273,-0.1630,230.72,16.59,-25.69
0.4377,-0.2416,1.2302,-0.1635,231.63,14.98,-26.53
0.4382,-0.2445,1.2307,-0.1645,232.40,15.61,-24.92
0.4388,-0.2460,1.2332,-0.1659,233.52,14.77,-25.55
0.4394,-0.2464,1.2346,-0.1649,234.36,14.56,-24.78
0.4400,-0.2484,1.2346,-0.1640,235.34,14.49,-24.36
0.4406,-0.2489,1.2371,-0.1630,235.76,14.28,-23.80
0.4412,-0.2513,1.2361,-0.1649,237.09,14.21,-23.87
0.4418,-0.2557,1.2361,-0.1635,237.37,13.79,-22.89
0.4424,-0.2635,1.2288,-0.1610,238.70,13.93,-23.31
0.4430,-0.2713,1.2176,-0.1620,239.12,13.58,-22.26
0.4436,-0.2757,1.2098,-0.1606,239.96,13.30,-22.19
0.4442,-0.2747,1.2034,-0.1615,240.38,13.30,-21.14
0.4448,-0.2728,1.1961,-0.1625,241.08,12.67,-21.00
0.4454,-0.2723,1.1897,-0.1649,241.43,13.02,-20.09
0.4460,-0.2747,1.1849,-0.1645,242.06,12.53,-19.95
0.4465,-0.2733,1.1810,-0.1620,242.69,12.53,-19.04
0.4471,-0.2704,1.1800,-0.1664,242.97,12.25,-18.27
0.4477,-0.2733,1.1800,-0.1684,243.46,12.18,-17.71
0.4483,-0.2762,1.1780,-0.1674,243.67,12.18,-16.45
0.4489,-0.2816,1.1712,-0.1674,244.09,11.76,-16.59
0.4495,-0.2840,1.1639,-0.1645,244.09,11.83,-14.63
0.4501,-0.2860,1.1580,-0.1630,244.37,11.69,-14.84
0.4506,-0.2904,1.1527,-0.1659,244.93,11.41,-12.81
0.4512,-0.2938,1.1444,-0.1679,245.07,11.20,-13.09
0.4517,-0.2972,1.1356,-0.1688,244.93,11.48,-10.57
0.4523,-0.3055,1.1292,-0.1669,244.86,10.92,-10.99
0.4528,-0.3133,1.1195,-0.1649,245.21,10.99,-8.61
0.4533,-0.3192,1.1131,-0.1654,244.79,10.99,-8.82
0.4539,-0.3231,1.1053,-0.1630,245.07,10.71,-6.72
0.4544,-0.3299,1.0917,-0.1591,244.65,10.85,-6.37
0.4549,-0.3406,1.0799,-0.1601,244.51,10.71,-4.27
0.4555,-0.3470,1.0712,-0.1596,244.09,10.64,-3.64
0.4560,-0.3533,1.0653,-0.1610,244.23,10.78,-2.03
0.4565,-0.3558,1.0560,-0.1606,243.46,10.99,-0.42
0.4571,-0.3601,1.0463,-0.1571,243.32,10.92,0.56
0.4576,-0.3601,1.0346,-0.1610,243.04,10.92,2.38
0.4581,-0.3601,1.0238,-0.1601,242.20,10.78,4.55
0.4587,-0.3597,1.0189,-0.1635,241.50,10.99,6.16
0.4592,-0.3572,1.0170,-0.1630,240.80,11.20,7.98
0.4598,-0.3567,1.0102,-0.1635,240.66,10.99,8.68
0.4603,-0.3626,1.0024,-0.1664,239.61,11.20,10.78
0.4608,-0.3699,0.9989,-0.1684,238.84,11.13,11.48
0.4614,-0.3699,0.9975,-0.1703,238.14,11.06,13.79
0.4620,-0.3733,0.9960,-0.1732,237.37,11.34,14.14
0.4625,-0.3782,0.9941,-0.1732,236.53,11.34,16.59
0.4631,-0.3865,0.9906,-0.1728,235.97,11.13,17.57
0.4637,-0.3943,0.9862,-0.1776,234.71,11.27,19.04
0.4642,-0.3943,0.9862,-0.1796,234.08,11.48,20.51
0.4648,-0.3992,0.9828,-0.1796,233.24,11.34,21.56
0.4654,-0.4055,0.9789,-0.1796,231.63,11.90,23.38
0.4659,-0.4094,0.9833,-0.1815,231.28,11.62,24.01
0.4665,-0.4119,0.9862,-0.1845,229.95,11.76,26.32
0.4671,-0.4143,0.9848,-0.1835,229.53,11.69,26.88
0.4676,-0.4177,0.9789,-0.1854,228.06,11.97,28.84
0.4682,-0.4202,0.9745,-0.1903,227.36,11.76,29.12
0.4688,-0.4226,0.9755,-0.1918,225.47,11.48,31.15
0.4693,-0.4255,0.9770,-0.1923,224.70,12.67,32.06
0.4699,-0.4294,0.9740,-0.1913,223.72,12.32,34.02
0.4705,-0.4338,0.9726,-0.1928,222.25,12.46,33.95
0.4710,-0.4392,0.9721,-0.1923,221.20,12.53,35.98
0.4716,-0.4412,0.9745,-0.1923,219.66,12.53,36.33
0.4722,-0.4387,0.9828,-0.1986,218.89,12.46,37.94
0.4736,-0.4387,0.9853,-0.2006,217.14,12.67,38.29
0.4751,-0.4436,0.9843,-0.2020,216.09,12.88,40.18
0.4765,-0.4494,0.9902,-0.2011,214.69,12.95,40.53
0.4779,-0.4504,0.9941,-0.2035,213.36,13.23,41.51
0.4794,-0.4543,0.9970,-0.2045,212.10,12.88,42.35
0.4808,-0.4641,0.9994,-0.2001,210.70,13.23,43.05
0.4822,-0.4704,1.0014,-0.2064,209.44,13.16,44.31
0.4837,-0.4729,1.0058,-0.2103,208.04,13.51,44.31
0.4851,-0.4758,1.0077,-0.2118,206.85,13.58,45.85
0.4865,-0.4802,1.0126,-0.2167,204.96,13.65,45.43
0.4880,-0.4797,1.0199,-0.2162,204.05,13.58,47.04
0.4894,-0.4782,1.0297,-0.2172,202.30,13.93,46.90
0.4908,-0.4807,1.0414,-0.2250,201.11,13.58,47.60
0.4923,-0.4792,1.0443,-0.2298,199.64,14.14,48.02
0.4937,-0.4768,1.0429,-0.2303,198.31,13.58,48.44
0.4951,-0.4763,1.0463,-0.2352,196.91,14.07,48.86
0.4966,-0.4709,1.0507,-0.2362,195.65,13.72,48.79
0.4980,-0.4631,1.0590,-0.2333,193.97,14.49,49.56
0.4995,-0.4597,1.0673,-0.2362,192.64,13.93,48.93
0.5009,-0.4621,1.0775,-0.2411,190.68,14.35,49.91
0.5011,-0.4641,1.0892,-0.2435,189.77,13.79,49.21
0.5013,-0.4641,1.0956,-0.2450,188.16,13.72,50.19
0.5015,-0.4670,1.1019,-0.2455,186.83,14.21,49.42
0.5018,-0.4704,1.1097,-0.2440,185.22,13.72,49.63
0.5020,-0.4685,1.1190,-0.2450,183.75,14.35,49.56
0.5022,-0.4724,1.1307,-0.2499,182.42,13.58,49.07
0.5024,-0.4753,1.1405,-0.2513,180.88,13.79,49.07
0.5026,-0.4738,1.1463,-0.2547,179.55,13.65,48.44
0.5028,-0.4792,1.1507,-0.2596,178.01,14.14,48.44
0.5030,-0.4836,1.1590,-0.2601,176.82,13.44,47.88
0.5033,-0.4851,1.1663,-0.2640,175.35,14.00,47.60
0.5035,-0.4826,1.1712,-0.2640,173.67,12.95,46.62
0.5037,-0.4817,1.1805,-0.2645,172.13,13.72,46.55
0.5039,-0.4856,1.1863,-0.2694,171.08,13.23,45.64
0.5041,-0.4890,1.1893,-0.2738,169.54,13.65,45.29
0.5043,-0.4875,1.1966,-0.2782,168.14,12.81,44.52
0.5046,-0.4851,1.2044,-0.2752,166.95,13.23,44.03
0.5048,-0.4870,1.2068,-0.2752,165.13,12.74,43.33
0.5050,-0.4875,1.2117,-0.2796,163.94,13.02,42.49
0.5052,-0.4895,1.2405,-0.2821,158.41,12.32,39.69
0.5052,-0.4895,1.2507,-0.2796,156.59,12.04,38.64
0.5053,-0.4890,1.2566,-0.2796,155.61,12.39,37.80
0.5053,-0.4890,1.2576,-0.2835,153.93,12.25,36.82
0.5053,-0.4895,1.2644,-0.2835,152.46,11.90,36.05
0.5054,-0.4900,1.2756,-0.2806,151.06,11.97,35.21
0.5054,-0.4880,1.2820,-0.2811,149.94,11.62,34.02
0.5054,-0.4904,1.2771,-0.2855,148.82,11.41,33.04
0.5054,-0.4934,1.2703,-0.2860,147.00,11.27,32.20
0.5055,-0.4900,1.2698,-0.2806,145.88,11.20,31.08
0.5055,-0.4836,1.2742,-0.2747,144.20,10.92,30.31
0.5055,-0.4802,1.2742,-0.2767,142.94,10.92,29.12
0.5055,-0.4738,1.2790,-0.2743,141.54,10.64,28.14
0.5056,-0.4699,1.2883,-0.2689,139.86,10.43,27.30
0.5056,-0.4675,1.2903,-0.2699,138.53,10.43,26.32
0.5056,-0.4621,1.2893,-0.2728,137.20,10.15,25.13
0.5057,-0.4573,1.2912,-0.2684,135.94,9.94,24.22
0.5057,-0.4519,1.2971,-0.2655,134.47,9.31,23.17
0.5057,-0.4485,1.3088,-0.2689,133.07,9.66,22.05
0.5057,-0.4402,1.3166,-0.2699,131.46,9.31,21.35
0.5058,-0.4368,1.3264,-0.2689,129.99,8.75,19.74
0.5063,-0.4358,1.3357,-0.2664,128.87,8.68,19.39
0.5069,-0.4324,1.3376,-0.2684,127.61,7.91,17.36
0.5074,-0.4324,1.3425,-0.2708,126.14,7.91,16.87
0.5080,-0.4294,1.3469,-0.2684,124.60,7.63,15.61
0.5086,-0.4246,1.3493,-0.2674,123.27,7.56,14.84
0.5091,-0.4231,1.3591,-0.2630,121.52,6.65,13.09
0.5097,-0.4182,1.3649,-0.2664,118.65,6.09,11.41
0.5102,-0.4109,1.3732,-0.2699,117.74,6.30,10.08
0.5108,-0.4070,1.3864,-0.2708,116.69,5.67,9.03
0.5114,-0.4050,1.3967,-0.2699,114.59,4.97,7.63
0.5119,-0.4075,1.3957,-0.2669,113.54,4.83,7.14
0.5125,-0.4153,1.3903,-0.2650,112.21,4.34,4.97
0.5130,-0.4177,1.3869,-0.2640,110.74,3.99,5.04
0.5136,-0.4182,1.3898,-0.2625,108.85,3.36,2.66
0.5141,-0.4128,1.3996,-0.2586,108.22,3.08,2.59
0.5147,-0.4011,1.4113,-0.2611,106.19,2.66,0.70
0.5153,-0.3958,1.4245,-0.2586,105.35,1.96,0.42
0.5158,-0.3953,1.4323,-0.2518,103.39,2.31,-1.12
0.5164,-0.3894,1.4323,-0.2523,102.83,1.26,-2.03
0.5169,-0.3826,1.4303,-0.2489,100.59,0.84,-3.43
0.5175,-0.3787,1.4289,-0.2440,99.96,0.14,-3.71
0.5180,-0.3753,1.4318,-0.2416,97.79,0.49,-5.18
0.5186,-0.3777,1.4396,-0.2377,96.95,-0.77,-6.02
0.5191,-0.3806,1.4484,-0.2318,95.06,-0.56,-6.93
0.5197,-0.3831,1.4528,-0.2318,94.22,-1.96,-8.26
0.5202,-0.3884,1.4533,-0.2269,92.12,-1.61,-8.33
0.5208,-0.3909,1.4567,-0.2167,91.35,-2.80,-9.80
0.5213,-0.3914,1.4630,-0.2128,89.60,-2.17,-9.87
0.5219,-0.3909,1.4664,-0.2133,88.27,-3.50,-11.83
0.5224,-0.3924,1.4742,-0.2084,87.36,-3.08,-11.20
0.5230,-0.3924,1.4864,-0.2011,85.40,-4.13,-12.95
0.5235,-0.3909,1.4933,-0.2001,84.63,-3.92,-12.46
0.5241,-0.3909,1.5011,-0.1981,82.60,-5.04,-14.63
0.5246,-0.3948,1.5148,-0.1942,82.11,-4.69,-13.79
0.5252,-0.4060,1.5201,-0.1937,79.59,-5.53,-15.82
0.5257,-0.4104,1.5138,-0.1889,79.38,-5.39,-14.84
0.5263,-0.4104,1.5079,-0.1810,77.14,-6.44,-17.08
0.5268,-0.4138,1.5084,-0.1767,76.65,-6.16,-15.89
0.5274,-0.4109,1.5138,-0.1752,74.48,-6.93,-17.71
0.5279,-0.4006,1.5260,-0.1781,73.71,-7.14,-17.43
0.5285,-0.3909,1.5406,-0.1801,71.82,-7.42,-18.34
0.5291,-0.3860,1.5509,-0.1776,70.98,-8.54,-18.62
0.5297,-0.3821,1.5621,-0.1747,69.30,-7.91,-19.04
0.5303,-0.3753,1.5650,-0.1757,68.18,-9.10,-19.88
0.5308,-0.3723,1.5645,-0.1742,66.78,-8.54,-19.67
0.5314,-0.3719,1.5762,-0.1703,64.89,-9.73,-21.00
0.5320,-0.3699,1.5899,-0.1713,64.05,-9.59,-20.44
0.5326,-0.3689,1.6026,-0.1752,62.51,-10.57,-21.98
0.5332,-0.3704,1.6148,-0.1767,61.88,-10.22,-20.86
0.5337,-0.3723,1.6250,-0.1732,59.78,-11.34,-23.10
0.5343,-0.3792,1.6299,-0.1698,58.94,-11.13,-21.77
0.5349,-0.3880,1.6304,-0.1708,57.26,-12.32,-24.15
0.5355,-0.3972,1.6289,-0.1732,56.42,-11.69,-22.75
0.5361,-0.4070,1.6231,-0.1723,54.53,-12.81,-25.13
0.5366,-0.4099,1.6226,-0.1728,53.41,-12.67,-23.87
0.5372,-0.4094,1.6285,-0.1723,51.45,-13.37,-26.32
0.5378,-0.4124,1.6372,-0.1708,50.75,-13.86,-25.06
0.5384,-0.4133,1.6485,-0.1737,48.58,-13.79,-27.02
0.5390,-0.4119,1.6577,-0.1742,47.95,-14.14,-26.32
0.5395,-0.4202,1.6670,-0.1728,46.20,-14.28,-27.79
0.5401,-0.4333,1.6660,-0.1718,44.87,-15.26,-27.37
0.5406,-0.4470,1.6621,-0.1669,43.19,-15.19,-28.63
0.5412,-0.4563,1.6641,-0.1649,42.28,-15.68,-28.49
0.5417,-0.4553,1.6743,-0.1649,40.39,-15.33,-29.19
0.5423,-0.4568,1.6938,-0.1654,38.71,-15.89,-29.26
0.5429,-0.4597,1.7109,-0.1630,37.52,-15.05,-29.33
0.5434,-0.4597,1.7182,-0.1606,36.19,-16.24,-30.52
0.5440,-0.4631,1.7236,-0.1586,35.00,-15.96,-29.96
0.5445,-0.4680,1.7319,-0.1513,32.97,-16.73,-30.94
0.5451,-0.4748,1.7407,-0.1420,32.27,-16.73,-30.38
0.5456,-0.4831,1.7563,-0.1362,30.10,-16.94,-31.64
0.5462,-0.4909,1.7753,-0.1357,29.47,-16.73,-30.59
0.5467,-0.5002,1.7924,-0.1342,27.02,-17.01,-32.13
0.5473,-0.5085,1.8051,-0.1313,26.74,-17.08,-30.87
0.5479,-0.5183,1.8158,-0.1298,24.36,-17.22,-31.99
0.5484,-0.5305,1.8227,-0.1279,24.15,-16.94,-30.87
0.5490,-0.5392,1.8363,-0.1269,21.77,-17.15,-31.99
0.5495,-0.5500,1.8485,-0.1269,21.35,-17.08,-30.80
0.5501,-0.5617,1.8578,-0.1215,19.32,-17.08,-31.57
0.5506,-0.5656,1.8725,-0.1186,18.62,-16.80,-30.66
0.5518,-0.5719,1.8871,-0.1176,16.52,-17.01,-31.08
0.5529,-0.5876,1.9227,-0.1161,16.31,-17.08,-30.52
0.5541,-0.5978,1.9344,-0.1166,13.16,-16.17,-29.68
0.5553,-0.6041,1.9505,-0.1176,11.97,-16.66,-30.10
0.5564,-0.6124,1.9657,-0.1200,10.78,-15.19,-28.56
0.5576,-0.6207,1.9769,-0.1240,9.24,-16.24,-29.47
0.5587,-0.6276,1.9974,-0.1269,8.26,-15.82,-28.14
0.5599,-0.6344,2.0301,-0.1269,7.07,-15.33,-28.28
0.5610,-0.6398,2.0589,-0.1303,5.60,-15.47,-27.30
0.5622,-0.6534,2.0750,-0.1371,5.18,-15.19,-27.16
0.5634,-0.6661,2.0847,-0.1332,3.15,-14.70,-26.74
0.5645,-0.6681,2.0896,-0.1283,3.08,-14.28,-25.69
0.5657,-0.6642,2.1086,-0.1352,1.26,-14.49,-26.04
0.5668,-0.6612,2.1394,-0.1425,0.70,-13.79,-24.29
0.5680,-0.6559,2.1745,-0.1449,-0.84,-14.00,-24.43
0.5691,-0.6451,2.2092,-0.1508,-1.40,-13.65,-22.82
0.5703,-0.6427,2.2360,-0.1557,-2.45,-13.58,-23.52
0.5715,-0.6427,2.2638,-0.1547,-3.22,-13.02,-21.77
0.5726,-0.6388,2.2897,-0.1566,-4.20,-12.95,-21.70
0.5738,-0.6403,2.3156,-0.1669,-4.76,-13.09,-20.65
0.5743,-0.6486,2.3868,-0.1742,-5.81,-12.53,-20.44
0.5749,-0.6515,2.4161,-0.1747,-7.21,-12.53,-19.32
0.5754,-0.6622,2.4424,-0.1864,-7.84,-12.60,-17.85
0.5760,-0.6725,2.4610,-0.1942,-8.54,-12.11,-17.22
0.5765,-0.6710,2.4834,-0.1942,-9.38,-12.25,-16.80
0.5771,-0.6720,2.5117,-0.2011,-9.80,-11.48,-15.61
0.5776,-0.6744,2.5439,-0.2098,-10.36,-12.18,-15.75
0.5782,-0.6686,2.5796,-0.2186,-10.92,-11.55,-13.86
0.5787,-0.6715,2.6059,-0.2269,-11.55,-11.76,-14.21
0.5793,-0.6837,2.6210,-0.2298,-11.48,-11.41,-12.39
0.5798,-0.6925,2.6323,-0.2323,-12.25,-12.11,-13.02
0.5804,-0.6910,2.6513,-0.2445,-12.81,-11.41,-11.06
0.5809,-0.6832,2.6850,-0.2586,-13.65,-11.62,-11.69
0.5815,-0.6788,2.7182,-0.2669,-13.51,-11.41,-9.59
0.5820,-0.6759,2.7430,-0.2733,-14.35,-11.62,-10.15
0.5826,-0.6681,2.7606,-0.2757,-14.14,-11.55,-8.68
0.5831,-0.6588,2.7767,-0.2806,-15.19,-11.34,-8.54
0.5837,-0.6554,2.7962,-0.2889,-14.91,-11.97,-7.56
0.5842,-0.6490,2.8206,-0.2972,-16.10,-11.76,-7.14
0.5848,-0.6486,2.8465,-0.3030,-15.96,-12.74,-6.65
0.5857,-0.6481,2.8719,-0.3099,-16.31,-11.83,-5.39
0.5866,-0.6471,2.8968,-0.3211,-17.08,-13.09,-5.81
0.5875,-0.6510,2.9217,-0.3328,-16.87,-12.25,-3.85
0.5884,-0.6554,2.9431,-0.3411,-17.57,-13.58,-5.18
0.5893,-0.6568,2.9636,-0.3465,-17.36,-12.88,-2.45
0.5902,-0.6642,2.9797,-0.3533,-18.13,-13.86,-3.99
0.5911,-0.6749,2.9856,-0.3650,-18.06,-13.58,-1.61
0.5920,-0.6759,2.9939,-0.3753,-18.69,-14.42,-3.08
0.5929,-0.6705,3.0100,-0.3821,-18.55,-14.63,-0.49
0.5938,-0.6617,3.0295,-0.3899,-19.81,-14.84,-1.54
0.5947,-0.6573,3.0539,-0.4011,-19.32,-15.89,0.14
0.5956,-0.6593,3.0720,-0.4099,-20.16,-15.54,0.00
0.5965,-0.6598,3.0817,-0.4138,-19.81,-16.80,1.33
0.5974,-0.6573,3.0895,-0.4250,-20.93,-16.73,1.40
0.5983,-0.6500,3.1032,-0.4363,-20.72,-17.78,2.24
0.5992,-0.6412,3.1261,-0.4416,-21.70,-17.78,2.87
0.6001,-0.6403,3.1456,-0.4499,-21.70,-18.48,3.64
0.6010,-0.6407,3.1588,-0.4563,-22.54,-18.90,4.62
0.6019,-0.6378,3.1715,-0.4612,-22.05,-19.32,5.60
0.6028,-0.6349,3.1862,-0.4714,-23.45,-20.09,6.79
0.6030,-0.6334,3.1988,-0.4807,-23.38,-20.65,7.21
0.6032,-0.6285,3.2154,-0.4836,-24.01,-21.77,9.03
0.6034,-0.6251,3.2350,-0.4880,-24.36,-21.77,9.59
0.6035,-0.6266,3.2452,-0.4973,-24.57,-23.31,11.41
0.6037,-0.6183,3.2501,-0.5070,-25.41,-22.89,12.32
0.6039,-0.6051,3.2603,-0.5158,-25.76,-24.57,14.07
0.6041,-0.5944,3.2764,-0.5231,-26.60,-24.29,15.26
0.6042,-0.5876,3.2877,-0.5295,-26.46,-26.11,17.22
0.6044,-0.5856,3.3018,-0.5388,-27.72,-25.83,18.83
0.6046,-0.5827,3.3169,-0.5490,-27.72,-27.65,20.93
0.6048,-0.5807,3.3282,-0.5617,-28.63,-27.37,22.89
0.6049,-0.5788,3.3394,-0.5734,-28.77,-29.40,24.50
0.6051,-0.5807,3.3491,-0.5773,-29.68,-29.12,27.02
0.6053,-0.5802,3.3613,-0.5866,-29.96,-30.80,28.98
0.6055,-0.5793,3.3755,-0.6012,-30.80,-31.01,31.43
0.6057,-0.5788,3.3867,-0.6134,-31.71,-32.06,33.60
0.6058,-0.5807,3.4072,-0.6368,-32.06,-32.90,36.26
0.6060,-0.5783,3.4145,-0.6442,-33.25,-34.37,41.72
0.6062,-0.5793,3.4228,-0.6578,-34.02,-34.93,44.45
0.6064,-0.5807,3.4302,-0.6686,-34.93,-36.33,47.46
0.6070,-0.5876,3.4360,-0.6769,-35.42,-36.47,49.91
0.6076,-0.5939,3.4424,-0.6900,-36.33,-37.73,53.76
0.6082,-0.5944,3.4516,-0.7022,-37.31,-38.15,56.14
0.6088,-0.5993,3.4599,-0.7154,-37.38,-39.62,60.06
0.6094,-0.6076,3.4643,-0.7247,-38.92,-39.34,63.14
0.6100,-0.6154,3.4658,-0.7335,-39.34,-40.81,67.34
0.6106,-0.6266,3.4614,-0.7437,-40.53,-41.30,70.07
0.6113,-0.6364,3.4614,-0.7549,-41.37,-42.14,74.20
0.6119,-0.6432,3.4609,-0.7662,-42.56,-42.49,77.98
0.6125,-0.6471,3.4594,-0.7749,-43.12,-43.47,81.34
0.6131,-0.6505,3.4589,-0.7842,-44.66,-43.68,85.89
0.6137,-0.6559,3.4531,-0.7920,-45.43,-44.31,89.60
0.6143,-0.6617,3.4443,-0.8032,-46.55,-45.36,94.08
0.6149,-0.6666,3.4370,-0.8130,-47.74,-45.57,97.86
0.6156,-0.6778,3.4326,-0.8194,-48.93,-45.99,102.90
0.6162,-0.6861,3.4219,-0.8281,-50.26,-47.25,106.12
0.6168,-0.6895,3.4062,-0.8394,-51.52,-46.83,111.79
0.6174,-0.6993,3.3760,-0.8452,-54.60,-47.81,121.10
0.6180,-0.7027,3.3565,-0.8540,-56.00,-48.44,124.67
0.6186,-0.7047,3.3360,-0.8599,-57.33,-48.30,130.55
0.6192,-0.7110,3.3169,-0.8633,-59.29,-49.00,134.19
0.6197,-0.7164,3.2969,-0.8711,-60.55,-49.35,140.42
0.6203,-0.7222,3.2696,-0.8764,-62.79,-49.28,144.34
0.6208,-0.7252,3.2423,-0.8789,-64.12,-49.70,149.94
0.6214,-0.7266,3.2149,-0.8804,-66.71,-49.28,155.12
0.6219,-0.7276,3.1803,-0.8833,-68.18,-49.98,160.23
0.6225,-0.7286,3.1437,-0.8891,-70.56,-49.42,165.62
0.6230,-0.7335,3.1100,-0.8867,-72.52,-50.19,170.38
0.6236,-0.7408,3.0710,-0.8847,-74.76,-49.77,176.33
0.6241,-0.7486,3.0319,-0.8901,-77.14,-49.91,181.37
0.6247,-0.7579,2.9924,-0.8901,-79.38,-49.77,187.32
0.6252,-0.7647,2.9490,-0.8872,-82.18,-49.70,192.01
0.6258,-0.7720,2.9095,-0.8862,-84.91,-49.28,197.61
0.6264,-0.7788,2.8616,-0.8843,-87.57,-49.07,202.93
0.6269,-0.7857,2.8143,-0.8843,-90.23,-48.72,208.39
0.6275,-0.7935,2.7723,-0.8896,-93.52,-48.09,213.43
0.6280,-0.8008,2.7274,-0.8901,-96.39,-47.95,218.47
0.6286,-0.8091,2.6864,-0.8896,-99.54,-47.18,223.72
0.6291,-0.8154,2.6469,-0.8886,-102.69,-46.83,229.25
0.6297,-0.8247,2.6020,-0.8833,-105.84,-46.20,233.24
0.6302,-0.8311,2.5591,-0.8833,-109.34,-45.22,238.63
0.6308,-0.8330,2.5215,-0.8843,-112.77,-44.73,242.55
0.6314,-0.8355,2.4820,-0.8823,-116.41,-43.89,247.94
0.6319,-0.8442,2.4380,-0.8823,-120.12,-43.96,251.09
0.6325,-0.8574,2.3956,-0.8843,-123.76,-42.07,256.13
0.6331,-0.8672,2.3551,-0.8872,-127.68,-41.79,258.65
0.6336,-0.8740,2.3107,-0.8867,-131.11,-40.39,263.76
0.6342,-0.8813,2.2624,-0.8833,-135.59,-39.90,265.65
0.6348,-0.8857,2.2170,-0.8838,-139.37,-38.78,269.64
0.6353,-0.8847,2.1750,-0.8847,-143.64,-37.59,272.16
0.6359,-0.8813,2.1306,-0.8833,-147.91,-36.61,275.03
0.6364,-0.8838,2.0847,-0.8794,-152.18,-35.35,277.34
0.6370,-0.8852,2.0423,-0.8750,-156.59,-34.72,279.30
0.6376,-0.8852,1.9984,-0.8721,-160.65,-33.25,281.19
0.6381,-0.8921,1.9559,-0.8686,-165.27,-32.34,282.31
0.6387,-0.8930,1.9164,-0.8667,-170.03,-30.94,284.20
0.6393,-0.8906,1.8744,-0.8647,-174.30,-30.03,284.48
0.6398,-0.8935,1.8334,-0.8584,-179.13,-28.77,286.02
0.6404,-0.8945,1.7905,-0.8550,-183.96,-27.44,285.74
0.6410,-0.8945,1.7431,-0.8506,-188.16,-26.11,286.72
0.6415,-0.8940,1.6968,-0.8413,-193.48,-25.27,286.16
0.6421,-0.8911,1.6504,-0.8350,-198.31,-24.01,286.44
0.6427,-0.8891,1.6036,-0.8276,-203.07,-22.19,285.39
0.6433,-0.8886,1.5631,-0.8184,-207.90,-21.35,284.48
0.6439,-0.8896,1.5240,-0.8115,-213.08,-19.95,283.64
0.6445,-0.8857,1.4777,-0.8057,-217.77,-18.55,282.38
0.6450,-0.8833,1.4318,-0.8032,-223.02,-17.36,281.47
0.6456,-0.8843,1.3893,-0.7979,-227.99,-15.82,278.74
0.6462,-0.8808,1.3420,-0.7852,-233.38,-14.63,277.48
0.6468,-0.8760,1.2961,-0.7769,-238.49,-13.09,274.68
0.6474,-0.8706,1.2522,-0.7720,-243.32,-12.04,273.28
0.6479,-0.8677,1.2063,-0.7564,-248.85,-10.92,269.85
0.6485,-0.8525,1.1209,-0.7466,-259.21,-8.33,264.67
0.6491,-0.8423,1.0746,-0.7379,-263.76,-6.86,262.36
0.6497,-0.8325,1.0331,-0.7354,-269.78,-5.32,258.86
0.6503,-0.8233,0.9916,-0.7271,-274.12,-4.62,255.78
0.6509,-0.8106,0.9433,-0.7130,-280.07,-3.08,252.56
0.6514,-0.7930,0.8974,-0.6998,-284.90,-2.52,249.06
0.6520,-0.7798,0.8516,-0.6856,-290.71,-0.63,245.70
0.6526,-0.7696,0.7993,-0.6730,-295.40,-0.49,241.50
0.6532,-0.7535,0.7481,-0.6671,-301.00,1.26,239.05
0.6537,-0.7364,0.6993,-0.6603,-305.90,1.61,234.22
0.6543,-0.7222,0.6525,-0.6481,-311.08,3.22,231.91
0.6548,-0.7076,0.6051,-0.6315,-316.61,3.78,226.38
0.6554,-0.6886,0.5558,-0.6173,-321.93,5.18,224.21
0.6559,-0.6720,0.5041,-0.6071,-327.18,5.25,218.89
0.6565,-0.6578,0.4494,-0.5910,-331.73,6.44,216.37
0.6571,-0.6437,0.3992,-0.5749,-337.82,7.21,211.54
0.6576,-0.6281,0.3494,-0.5627,-342.37,7.91,208.46
0.6582,-0.6090,0.2991,-0.5495,-348.18,8.54,203.42
0.6587,-0.5954,0.2567,-0.5329,-352.45,8.75,200.62
0.6593,-0.5822,0.2094,-0.4982,-358.68,9.73,196.28
0.6598,-0.5549,0.1210,-0.4836,-368.69,10.85,188.93
0.6604,-0.5402,0.0781,-0.4670,-372.96,10.99,185.57
0.6610,-0.5236,0.0361,-0.4475,-378.49,12.11,182.07
0.6615,-0.5046,-0.0044,-0.4314,-382.97,11.83,178.01
0.6621,-0.4890,-0.0444,-0.4187,-388.22,13.09,175.00
0.6626,-0.4734,-0.0810,-0.3997,-392.84,12.39,171.15
0.6632,-0.4587,-0.1181,-0.3806,-397.67,13.65,168.21
0.6637,-0.4470,-0.1552,-0.3650,-402.29,13.09,164.50
0.6643,-0.4338,-0.1908,-0.3484,-406.63,13.86,161.77
0.6648,-0.4207,-0.2274,-0.3357,-411.81,13.58,158.34
0.6654,-0.4094,-0.2606,-0.3226,-415.80,13.79,155.75
0.6659,-0.4006,-0.2840,-0.3060,-420.56,14.07,152.18
0.6665,-0.3919,-0.3099,-0.2962,-424.34,14.14,150.29
0.6670,-0.3792,-0.3338,-0.2850,-428.96,14.28,146.51
0.6676,-0.3636,-0.3533,-0.2713,-432.46,14.28,145.18
0.6681,-0.3509,-0.3719,-0.2606,-437.08,14.07,141.40
0.6687,-0.3401,-0.3889,-0.2499,-440.37,13.86,140.14
0.6692,-0.3333,-0.4036,-0.2474,-444.85,13.72,136.50
0.6698,-0.3274,-0.4163,-0.2460,-447.51,14.21,135.87
0.6703,-0.3240,-0.4309,-0.2396,-451.71,13.30,132.30
0.6709,-0.3196,-0.4392,-0.2391,-454.16,14.07,132.16
0.6714,-0.3118,-0.4485,-0.2386,-457.80,13.37,128.66
0.6720,-0.3065,-0.4607,-0.2377,-460.32,13.72,128.31
0.6725,-0.2987,-0.4656,-0.2425,-463.54,13.37,125.65
0.6731,-0.2967,-0.4724,-0.2464,-465.57,13.30,125.02
0.6736,-0.2908,-0.4778,-0.2489,-468.58,12.95,122.85
0.6742,-0.2826,-0.4792,-0.2508,-470.75,12.67,122.36
0.6747,-0.2801,-0.4860,-0.2552,-473.06,12.81,120.68
0.6753,-0.2762,-0.4890,-0.2596,-474.74,11.83,119.49
0.6759,-0.2747,-0.4900,-0.2616,-476.63,12.32,118.72
0.6764,-0.2718,-0.4895,-0.2684,-478.59,11.48,117.88
0.6770,-0.2694,-0.4856,-0.2772,-479.50,11.69,117.25
0.6776,-0.2928,-0.9057,-0.3558,-481.39,10.71,115.78
0.6782,-3.3574,5.9024,1.1517,-490.63,14.70,123.48
0.6788,0.2557,-0.1322,-2.6289,-462.49,8.19,34.72
0.6793,-0.6842,1.2947,-1.5572,-57.19,63.98,22.89
0.6799,-0.9428,1.6631,-0.3231,-1156.96,-108.15,88.34
0.6805,2.8475,-2.1770,2.8533,525.91,142.17,-72.80
0.6811,-0.9301,1.1746,-1.1141,-1145.76,-162.54,148.75
0.6817,0.6285,-5.2387,-0.6266,649.74,200.97,33.81
0.6822,-0.3211,-0.7383,1.8817,-1115.38,-166.39,29.89
0.6828,-0.2201,-1.7182,-0.2669,174.58,178.50,183.54
0.6834,0.7603,-3.8479,0.3338,-833.77,-157.78,-242.13
0.6840,0.6090,-2.3644,0.6505,-195.23,162.05,424.69
0.6846,-0.1620,1.8320,-0.2821,-640.78,-150.29,-390.95
0.6851,-0.5056,-0.2333,-1.0599,-307.93,155.54,653.10
0.6857,-0.3304,0.2425,0.6773,-480.34,-122.08,-515.06
0.6863,-0.3123,-0.1440,-1.0980,-409.08,114.52,732.27
0.6871,0.4812,-3.6307,0.1898,-430.78,-85.05,-550.06
0.6880,0.2606,-2.3185,-0.0776,-377.93,76.93,754.25
0.6888,0.1440,-1.3034,-0.1908,-572.81,-51.45,-472.43
0.6896,-0.1957,-0.9233,-0.6105,-210.56,43.05,692.72
0.6905,-0.0810,-0.7164,-0.0215,-741.86,-18.83,-360.36
0.6913,-0.2904,0.3567,-0.8198,-55.65,7.49,542.64
0.6921,0.0366,-1.1122,-0.4377,-860.93,12.18,-203.42
0.6930,0.0625,-0.8901,-0.4509,60.20,-18.34,385.07
0.6938,0.0215,-1.1117,-0.4207,-943.74,31.43,-12.11
0.6946,-0.0190,-1.2102,-0.4890,102.13,-33.81,221.83
0.6955,-0.0224,-1.0751,-0.3099,-935.41,40.53,147.77
0.6963,-0.1196,-0.4509,-0.6237,33.39,-43.19,73.64
0.6971,-0.0644,-0.7696,-0.4929,-815.43,42.07,276.50
0.6980,-0.0586,-0.5602,-0.5470,-109.27,-41.86,-28.35
0.6988,-0.0791,-0.7257,-0.5924,-635.46,35.07,368.20
0.6996,-0.0381,-0.9540,-0.5558,-294.49,-32.48,-93.45
0.7005,-0.0142,-1.0311,-0.5085,-433.86,20.86,410.48
0.7013,-0.0322,-0.8755,-0.5749,-493.15,-20.72,-119.63
0.7021,-0.0234,-0.9496,-0.5627,-243.67,4.13,419.51
0.7030,-0.0459,-0.7906,-0.5617,-651.84,-5.60,-111.51
0.7032,-0.0712,-0.7867,-0.6120,-105.84,-13.86,401.45
0.7034,-0.0415,-0.8955,-0.5807,-741.86,9.38,-87.50
0.7037,-0.0146,-0.9638,-0.5861,-42.84,-30.10,364.77
0.7039,-0.0059,-0.9765,-0.5915,-758.17,21.63,-50.68
0.7041,-0.0015,-1.0268,-0.5929,-54.04,-42.77,321.58
0.7043,-0.0429,-0.9355,-0.6227,-704.55,29.26,-6.79
0.7046,-0.0420,-0.9643,-0.7393,-597.87,32.27,37.17
0.7048,-0.0361,-0.9814,-0.6266,-236.81,-53.97,222.11
0.7050,-0.0288,-1.0092,-0.6266,-467.81,30.38,83.72
0.7053,-0.0210,-1.0482,-0.6261,-354.62,-51.73,169.96
0.7055,-0.0224,-1.0424,-0.6271,-344.82,23.80,130.83
0.7057,-0.0229,-1.0321,-0.6481,-454.86,-45.57,115.85
0.7060,-0.0161,-1.0297,-0.6500,-247.73,13.09,177.73
0.7062,-0.0132,-1.0116,-0.6608,-520.17,-36.05,61.74
0.7064,-0.0063,-1.0067,-0.6656,-189.77,0.28,222.60
0.7067,-0.0020,-1.0131,-0.6690,-542.50,-24.85,10.78
0.7069,0.0015,-1.0121,-0.6730,-173.81,-13.51,261.87
0.7071,0.0044,-1.0111,-0.6788,-525.56,-13.72,-33.32
0.7074,0.0044,-1.0092,-0.6783,-191.52,-26.95,290.08
0.7076,0.0005,-0.9980,-0.6827,-480.83,-3.50,-64.82
0.7082,-0.0088,-0.9965,-0.6925,-229.81,-38.92,302.68
0.7088,-0.0185,-1.0053,-0.6925,-421.54,4.62,-78.19
0.7094,-0.0264,-1.0160,-0.6925,-274.40,-48.44,295.19
0.7099,-0.0317,-1.0336,-0.7037,-362.95,10.64,-71.61
0.7105,-0.0459,-1.0570,-0.7042,-314.72,13.02,-44.31
0.7111,-0.0581,-1.0746,-0.6993,-336.35,-56.28,218.12
0.7117,-0.0683,-1.1004,-0.6983,-283.08,11.06,0.42
0.7123,-0.0708,-1.1224,-0.6983,-343.42,-55.09,154.49
0.7128,-0.0752,-1.1488,-0.6959,-267.40,6.65,56.70
0.7134,-0.0776,-1.1785,-0.6905,-335.65,-49.77,84.70
0.7140,-0.0815,-1.2029,-0.6866,-263.34,-0.49,116.13
0.7146,-0.0834,-1.2298,-0.6842,-320.11,-42.49,16.03
0.7152,-0.0844,-1.2590,-0.6866,-264.46,-9.94,169.75
0.7157,-0.0859,-1.2912,-0.6827,-302.26,-33.25,-42.70
0.7163,-0.0834,-1.3220,-0.6730,-264.46,-20.37,210.56
0.7169,-0.0805,-1.3503,-0.6666,-288.61,-23.17,-84.63
0.7175,-0.0805,-1.3757,-0.6651,-259.14,-30.80,232.26
0.7181,-0.0800,-1.3957,-0.6627,-281.26,-13.65,-105.77
0.7186,-0.0747,-1.4113,-0.6559,-247.24,-39.62,232.33
0.7192,-0.0742,-1.4284,-0.6520,-280.84,-5.60,-104.65
0.7198,-0.0800,-1.4440,-0.6515,-229.88,-46.69,211.05
0.7204,-0.0849,-1.4611,-0.6456,-284.13,0.07,-83.93
0.7209,-0.0893,-1.4742,-0.6324,-211.33,-51.10,172.13
0.7215,-0.0932,-1.4845,-0.6290,-286.58,3.43,-48.51
0.7221,-0.0991,-1.4967,-0.6285,-195.30,-52.29,121.45
0.7226,-0.1078,-1.5045,-0.6227,-284.90,3.64,-4.90
0.7232,-0.1142,-1.5118,-0.6173,-186.13,-50.05,65.31
0.7238,-0.1181,-1.5226,-0.6124,-274.47,1.33,40.95
0.7244,-0.1196,-1.5313,-0.6080,-186.13,-45.36,10.08
0.7249,-0.1244,-1.5445,-0.6071,-255.22,-4.41,80.99
0.7255,-0.1288,-1.5572,-0.6037,-194.95,-38.22,-37.31
0.7261,-0.1308,-1.5679,-0.5998,-228.69,-11.20,111.51
0.7267,-0.1332,-1.5792,-0.5988,-210.21,-29.54,-73.01
0.7272,-0.1318,-1.5836,-0.6007,-198.31,-19.11,128.17
0.7278,-0.1318,-1.5928,-0.6037,-227.36,-20.79,-95.55
0.7284,-0.1303,-1.6114,-0.6032,-167.79,-26.04,131.39
0.7289,-0.1303,-1.6221,-0.6032,-242.20,-12.60,-104.09
0.7295,-0.1303,-1.6289,-0.6017,-142.52,-32.90,120.54
0.7301,-0.1269,-1.6377,-0.5993,-250.95,-5.46,-99.40
0.7307,-0.1259,-1.6441,-0.5988,-125.72,-37.52,98.14
0.7318,-0.1259,-1.6533,-0.5954,-250.18,-0.63,-85.61
0.7330,-0.1249,-1.6646,-0.5866,-118.72,-39.90,67.48
0.7341,-0.1235,-1.6738,-0.5866,-238.98,1.89,-64.26
0.7353,-0.1215,-1.6826,-0.5841,-122.01,-39.90,31.99
0.7364,-0.1191,-1.6938,-0.5807,-219.73,2.80,-40.11
0.7376,-0.1225,-1.7031,-0.5768,-133.28,-38.08,-4.90
0.7387,-0.1225,-1.7124,-0.5763,-194.11,0.70,-16.24
0.7399,-0.1200,-1.7163,-0.5710,-149.17,-33.11,-40.18
0.7410,-0.1225,-1.7207,-0.5661,-165.97,-3.22,4.48
0.7422,-0.1249,-1.7241,-0.5627,-165.62,-27.37,-70.70
0.7434,-0.1283,-1.7280,-0.5583,-139.58,-7.49,20.30
0.7445,-0.1293,-1.7329,-0.5568,-179.48,-20.44,-95.27
0.7457,-0.1283,-1.7363,-0.5553,-117.32,-12.74,29.75
0.7468,-0.1298,-1.7363,-0.5495,-187.88,-13.58,-112.63
0.7480,-0.1337,-1.7387,-0.5422,-101.71,-17.64,31.50
0.7491,-0.1391,-1.7456,-0.5358,-189.56,-7.07,-122.29
0.7503,-0.1420,-1.7505,-0.5329,-93.59,-21.63,25.41
0.7514,-0.1449,-1.7509,-0.5344,-184.31,-1.47,-124.39
0.7526,-0.1493,-1.7553,-0.5290,-92.40,-23.73,12.46
0.7537,-0.1557,-1.7602,-0.5192,-172.97,2.59,-119.07
0.7543,-0.1620,-1.7631,-0.5002,-157.99,5.18,-109.06
0.7549,-0.1674,-1.7675,-0.4987,-103.18,-24.71,-31.43
0.7554,-0.1723,-1.7670,-0.4953,-141.26,6.72,-94.78
0.7560,-0.1732,-1.7612,-0.4875,-111.79,-22.05,-57.68
0.7565,-0.1767,-1.7539,-0.4812,-124.53,5.88,-79.24
0.7571,-0.1791,-1.7470,-0.4758,-119.07,-17.71,-84.56
0.7576,-0.1835,-1.7348,-0.4695,-109.34,4.06,-65.03
0.7582,-0.1898,-1.7197,-0.4616,-124.88,-13.09,-109.76
0.7588,-0.1947,-1.7070,-0.4538,-96.81,1.40,-53.13
0.7593,-0.1976,-1.6987,-0.4475,-127.89,-7.28,-131.88
0.7599,-0.1976,-1.6875,-0.4392,-87.08,-1.12,-45.78
0.7604,-0.2001,-1.6704,-0.4324,-128.31,-1.75,-148.47
0.7610,-0.2035,-1.6553,-0.4255,-79.94,-3.36,-44.10
0.7616,-0.2054,-1.6368,-0.4197,-125.51,3.78,-159.39
0.7621,-0.2084,-1.6187,-0.4104,-76.16,-5.46,-48.58
0.7627,-0.2108,-1.5928,-0.4016,-120.54,8.75,-163.73
0.7632,-0.2162,-1.5694,-0.3987,-73.57,-6.51,-59.22
0.7638,-0.2230,-1.5465,-0.3894,-114.24,12.67,-162.19
0.7643,-0.2220,-1.5216,-0.3797,-72.87,-6.51,-75.25
0.7649,-0.2230,-1.4933,-0.3748,-106.54,14.70,-156.59
0.7654,-0.2303,-1.4655,-0.3675,-73.43,-5.39,-95.13
0.7660,-0.2318,-1.4396,-0.3601,-97.44,16.59,-147.14
0.7665,-0.2308,-1.4108,-0.3538,-74.06,-2.66,-116.62
0.7671,-0.2328,-1.3820,-0.3460,-88.27,17.50,-135.87
0.7676,-0.2338,-1.3483,-0.3416,-75.04,0.91,-139.16
0.7682,-0.2333,-1.3113,-0.3367,-77.91,16.87,-125.02
0.7687,-0.2347,-1.2737,-0.3343,-76.16,5.25,-159.25
0.7692,-0.2362,-1.2371,-0.3284,-68.18,16.52,-115.99
0.7698,-0.2367,-1.1936,-0.3206,-76.65,9.73,-176.12
0.7703,-0.2362,-1.1541,-0.3192,-58.38,15.33,-110.60
0.7709,-0.2362,-1.1195,-0.3192,-75.88,14.49,-188.23
0.7714,-0.2362,-1.0824,-0.3172,-49.07,14.63,-108.15
0.7719,-0.2367,-1.0458,-0.3143,-74.83,18.97,-195.02
0.7725,-0.2323,-1.0087,-0.3123,-41.09,13.65,-111.23
0.7730,-0.2308,-0.9726,-0.3123,-71.26,23.73,-196.14
0.7736,-0.2352,-0.9370,-0.3138,-34.16,13.72,-117.81
0.7741,-0.2347,-0.8984,-0.3118,-66.22,27.23,-192.22
0.7747,-0.2323,-0.8599,-0.3089,-29.05,14.35,-127.75
0.7752,-0.2264,-0.8242,-0.3070,-58.80,29.82,-184.52
0.7757,-0.2220,-0.7852,-0.3050,-25.27,15.19,-140.35
0.7763,-0.2225,-0.7501,-0.3060,-49.84,32.06,-173.53
0.7769,-0.2191,-0.7135,-0.3016,-23.31,17.57,-153.23
0.7774,-0.2137,-0.6686,-0.2967,-38.50,33.18,-162.19
0.7780,-0.2103,-0.6266,-0.2957,-21.63,21.00,-165.27
0.7785,-0.2054,-0.5871,-0.2972,-26.88,33.39,-150.92
0.7791,-0.2050,-0.5470,-0.2938,-20.58,24.15,-175.77
0.7797,-0.2059,-0.5056,-0.2952,-14.70,33.81,-140.91
0.7802,-0.1986,-0.4660,-0.2957,-18.69,28.07,-183.33
0.7808,-0.1932,-0.4285,-0.2938,-2.31,33.25,-133.77
0.7813,-0.1908,-0.3938,-0.2948,-15.96,32.90,-187.25
0.7819,-0.1825,-0.3645,-0.2923,8.82,32.55,-128.73
0.7825,-0.1762,-0.3348,-0.2904,-12.11,36.61,-187.88
0.7830,-0.1752,-0.3030,-0.2860,18.55,31.92,-127.47
0.7836,-0.1747,-0.2743,-0.2772,-6.37,40.39,-184.38
0.7842,-0.1684,-0.2430,-0.2708,26.53,32.41,-128.80
0.7847,-0.1601,-0.2196,-0.2664,1.68,42.77,-178.36
0.7853,-0.1547,-0.1981,-0.2630,32.90,32.97,-132.58
0.7858,-0.1498,-0.1737,-0.2616,10.64,45.08,-169.75
0.7864,-0.1454,-0.1523,-0.2557,38.01,34.02,-137.97
0.7870,-0.1430,-0.1293,-0.2503,21.63,46.48,-159.53
0.7878,-0.1405,-0.1035,-0.2489,41.65,35.77,-144.34
0.7886,-0.1391,-0.0771,-0.2455,33.32,47.11,-149.10
0.7894,-0.1376,-0.0547,-0.2367,44.66,37.45,-150.36
0.7903,-0.1327,-0.0332,-0.2284,45.15,47.81,-138.95
0.7911,-0.1318,-0.0083,-0.2264,47.95,40.46,-155.82
0.7919,-0.1283,0.0117,-0.2255,56.49,47.32,-130.83
0.7927,-0.1225,0.0293,-0.2201,51.45,43.19,-159.53
0.7935,-0.1220,0.0483,-0.2133,67.55,47.11,-123.90
0.7944,-0.1225,0.0683,-0.2025,56.14,45.92,-160.86
0.7952,-0.1230,0.0937,-0.1947,76.93,45.92,-119.56
0.7960,-0.1244,0.1137,-0.1903,61.60,48.93,-160.51
0.7968,-0.1244,0.1288,-0.1854,85.05,45.92,-117.25
0.7977,-0.1210,0.1430,-0.1801,68.46,50.96,-157.99
0.7985,-0.1205,0.1552,-0.1718,92.12,45.43,-117.74
0.7993,-0.1181,0.1703,-0.1679,76.37,52.85,-153.51
0.8001,-0.1152,0.1913,-0.1635,98.00,45.50,-119.98
0.8009,-0.1113,0.2103,-0.1527,85.05,53.90,-147.91
0.8018,-0.1010,0.2430,-0.1440,94.08,54.88,-140.63
0.8026,-0.0961,0.2547,-0.1371,107.31,47.04,-128.52
0.8034,-0.0947,0.2713,-0.1337,103.60,54.95,-133.63
0.8037,-0.0913,0.2908,-0.1303,111.02,47.88,-133.91
0.8040,-0.0864,0.3045,-0.1230,113.05,54.39,-127.26
0.8044,-0.0830,0.3177,-0.1196,114.73,48.93,-138.53
0.8047,-0.0795,0.3323,-0.1166,121.73,53.90,-121.59
0.8050,-0.0771,0.3440,-0.1083,118.86,50.12,-142.31
0.8053,-0.0717,0.3567,-0.1054,129.99,52.99,-117.25
0.8056,-0.0620,0.3714,-0.1044,123.13,51.73,-144.83
0.8060,-0.0581,0.3841,-0.1025,137.62,51.59,-115.29
0.8063,-0.0547,0.3943,-0.0966,128.10,52.36,-145.88
0.8066,-0.0493,0.4055,-0.0942,144.06,50.40,-114.59
0.8069,-0.0473,0.4158,-0.0947,133.56,53.62,-145.25
0.8072,-0.0425,0.4246,-0.0927,150.08,49.49,-115.78
0.8076,-0.0332,0.4358,-0.0917,139.51,53.76,-143.64
0.8079,-0.0322,0.4475,-0.0878,154.56,48.37,-118.72
0.8082,-0.0342,0.4592,-0.0869,145.81,53.62,-140.35
0.8085,-0.0220,0.4685,-0.0883,158.90,47.11,-123.06
0.8088,-0.0132,0.4778,-0.0869,152.46,53.13,-136.71
0.8092,-0.0073,0.4812,-0.0844,159.11,52.08,-132.51
0.8095,0.0029,0.4895,-0.0830,165.76,46.76,-132.23
0.8098,0.0068,0.4997,-0.0820,165.83,51.10,-128.38
0.8103,0.0083,0.5051,-0.0825,168.35,46.41,-136.71
0.8108,0.0156,0.5090,-0.0815,172.34,49.28,-125.16
0.8113,0.0229,0.5144,-0.0849,171.29,45.99,-140.49
0.8118,0.0268,0.5183,-0.0859,178.08,47.81,-122.85
0.8123,0.0298,0.5212,-0.0820,174.16,45.71,-143.01
0.8128,0.0346,0.5261,-0.0781,183.54,45.57,-122.43
0.8133,0.0410,0.5314,-0.0771,177.24,45.29,-144.20
0.8138,0.0429,0.5334,-0.0786,188.09,43.33,-122.29
0.8143,0.0444,0.5383,-0.0795,180.46,44.94,-144.27
0.8148,0.0522,0.5436,-0.0786,191.87,41.37,-124.18
0.8153,0.0581,0.5475,-0.0791,183.89,43.75,-143.43
0.8158,0.0586,0.5519,-0.0820,195.09,39.34,-126.28
0.8163,0.0600,0.5563,-0.0810,187.81,42.56,-141.68
0.8168,0.0634,0.5592,-0.0791,197.68,37.31,-130.13
0.8174,0.0659,0.5607,-0.0815,191.87,41.30,-139.30
0.8179,0.0678,0.5632,-0.0834,199.01,36.26,-133.35
0.8184,0.0727,0.5661,-0.0800,195.72,39.13,-136.99
0.8189,0.0756,0.5695,-0.0815,200.90,34.44,-136.85
0.8194,0.0781,0.5739,-0.0839,199.99,37.24,-134.61
0.8199,0.0761,0.5758,-0.0834,201.74,33.04,-140.49
0.8205,0.0712,0.5807,-0.0869,204.12,34.93,-132.37
0.8211,0.0752,0.5836,-0.0893,202.65,31.43,-143.36
0.8218,0.0795,0.5807,-0.0869,207.69,32.20,-131.25
0.8224,0.0805,0.5846,-0.0913,203.77,30.17,-145.88
0.8230,0.0800,0.5861,-0.0952,210.35,30.10,-130.41
0.8237,0.0810,0.5836,-0.0947,204.61,28.84,-147.63
0.8243,0.0834,0.5890,-0.0981,212.66,27.30,-131.32
0.8249,0.0805,0.5939,-0.1010,205.87,27.30,-148.12
0.8256,0.0810,0.5954,-0.1044,214.34,24.64,-132.86
0.8262,0.0805,0.5978,-0.1059,207.34,25.90,-148.05
0.8268,0.0820,0.5988,-0.1074,215.18,22.19,-135.45
0.8275,0.0834,0.6061,-0.1122,209.09,23.73,-147.21
0.8281,0.0791,0.6095,-0.1142,215.67,19.53,-138.32
0.8287,0.0776,0.6085,-0.1171,210.98,22.05,-145.74
0.8294,0.0776,0.6144,-0.1205,212.66,19.25,-144.83
0.8300,0.0742,0.6188,-0.1215,215.46,15.26,-145.60
0.8306,0.0727,0.6227,-0.1254,214.41,17.15,-143.57
0.8313,0.0727,0.6261,-0.1298,214.76,12.81,-149.10
0.8319,0.0727,0.6320,-0.1366,216.37,14.49,-143.08
0.8325,0.0712,0.6383,-0.1381,213.71,10.92,-152.46
0.8331,0.0683,0.6412,-0.1391,217.35,12.04,-142.80
0.8337,0.0649,0.6412,-0.1449,213.50,8.89,-155.33
0.8342,0.0600,0.6427,-0.1454,217.84,9.03,-143.29
0.8348,0.0566,0.6481,-0.1444,212.94,7.35,-157.22
0.8354,0.0512,0.6529,-0.1488,218.54,6.23,-144.97
0.8359,0.0439,0.6564,-0.1562,212.73,5.11,-158.69
0.8365,0.0386,0.6637,-0.1537,217.84,3.78,-147.07
0.8371,0.0332,0.6690,-0.1513,212.66,3.50,-159.53
0.8376,0.0298,0.6700,-0.1547,217.49,0.91,-149.94
0.8382,0.0244,0.6715,-0.1581,212.59,1.54,-159.67
0.8388,0.0171,0.6749,-0.1615,216.51,-1.54,-153.37
0.8393,0.0151,0.6808,-0.1615,212.73,-0.56,-159.53
0.8399,0.0137,0.6837,-0.1659,215.18,-3.78,-156.80
0.8405,0.0054,0.6847,-0.1630,212.66,-2.03,-159.11
0.8411,-0.0015,0.6866,-0.1635,213.71,-6.51,-160.51
0.8416,-0.0068,0.6895,-0.1664,212.80,-4.41,-159.32
0.8422,-0.0137,0.6891,-0.1659,211.68,-7.98,-163.59
0.8428,-0.0185,0.6920,-0.1664,212.66,-6.79,-159.32
0.8433,-0.0249,0.6969,-0.1693,210.35,-9.94,-166.60
0.8439,-0.0312,0.6974,-0.1718,212.24,-9.31,-159.46
0.8444,-0.0386,0.7013,-0.1718,208.67,-11.55,-169.19
0.8449,-0.0449,0.7042,-0.1708,211.33,-11.97,-160.93
0.8454,-0.0527,0.7052,-0.1679,207.06,-12.74,-170.66
0.8460,-0.0586,0.7052,-0.1698,210.42,-14.14,-162.26
0.8465,-0.0620,0.7061,-0.1713,205.66,-14.42,-172.13
0.8470,-0.0698,0.7096,-0.1698,208.88,-16.10,-163.87
0.8475,-0.0747,0.7091,-0.1703,204.47,-15.68,-172.62
0.8480,-0.0810,0.7125,-0.1703,207.06,-17.78,-165.90
0.8486,-0.0908,0.7193,-0.1703,203.14,-17.36,-173.11
0.8491,-0.0956,0.7203,-0.1718,205.31,-19.95,-168.35
0.8496,-0.1015,0.7213,-0.1708,202.30,-19.46,-173.32
0.8501,-0.1103,0.7247,-0.1728,203.56,-21.49,-171.08
0.8506,-0.1166,0.7281,-0.1752,200.83,-19.81,-172.55
0.8512,-0.1220,0.7305,-0.1713,201.25,-23.10,-173.53
0.8517,-0.1293,0.7310,-0.1688,199.64,-21.56,-172.27
0.8522,-0.1425,0.7325,-0.1708,198.80,-24.29,-175.77
0.8527,-0.1508,0.7330,-0.1688,198.31,-23.17,-172.06
0.8532,-0.1537,0.7354,-0.1630,196.42,-25.27,-177.52
0.8538,-0.1610,0.7403,-0.1640,197.05,-24.43,-172.27
0.8543,-0.1693,0.7398,-0.1630,194.25,-26.04,-178.64
0.8549,-0.1767,0.7422,-0.1620,195.37,-26.18,-172.62
0.8554,-0.1820,0.7471,-0.1620,191.87,-27.02,-179.55
0.8560,-0.1893,0.7457,-0.1610,193.62,-27.30,-173.04
0.8566,-0.1991,0.7452,-0.1620,189.70,-27.58,-180.32
0.8572,-0.2069,0.7466,-0.1630,191.94,-28.49,-174.23
0.8577,-0.2128,0.7481,-0.1635,187.88,-28.42,-180.53
0.8583,-0.2240,0.7476,-0.1645,189.77,-28.91,-174.79
0.8589,-0.2342,0.7457,-0.1635,185.85,-29.12,-180.32
0.8595,-0.2430,0.7457,-0.1635,187.39,-30.24,-176.26
0.8600,-0.2523,0.7452,-0.1620,183.89,-29.96,-179.90
0.8606,-0.2591,0.7457,-0.1640,184.31,-31.01,-178.01
0.8612,-0.2669,0.7481,-0.1659,182.21,-30.80,-179.06
0.8617,-0.2830,0.7510,-0.1645,180.67,-30.52,-178.36
0.8623,-0.2869,0.7486,-0.1601,179.13,-32.06,-180.81
0.8629,-0.2957,0.7481,-0.1630,178.57,-31.15,-177.80
0.8635,-0.3099,0.7452,-0.1669,176.33,-32.13,-181.51
0.8640,-0.3182,0.7452,-0.1649,176.75,-31.64,-177.66
0.8646,-0.3265,0.7481,-0.1615,173.88,-32.06,-182.14
0.8652,-0.3367,0.7447,-0.1640,174.37,-31.92,-177.59
0.8658,-0.3396,0.7427,-0.1654,171.36,-31.99,-182.49
0.8663,-0.3465,0.7432,-0.1615,172.55,-32.69,-178.22
0.8669,-0.3592,0.7427,-0.1601,168.91,-31.85,-182.49
0.8675,-0.3714,0.7432,-0.1615,169.82,-32.13,-178.15
0.8681,-0.3753,0.7442,-0.1610,166.25,-31.64,-182.42
0.8686,-0.3816,0.7432,-0.1625,167.09,-32.62,-178.99
0.8692,-0.3938,0.7398,-0.1620,164.01,-31.57,-182.42
0.8698,-0.3992,0.7383,-0.1698,164.43,-32.41,-179.83
0.8703,-0.4036,0.7379,-0.1732,162.26,-31.08,-181.86
0.8709,-0.4114,0.7379,-0.1688,161.77,-32.20,-180.18
0.8715,-0.4216,0.7393,-0.1659,159.67,-30.94,-181.02
0.8721,-0.4309,0.7427,-0.1640,158.83,-31.85,-181.30
0.8726,-0.4377,0.7447,-0.1664,157.50,-30.31,-180.11
0.8732,-0.4465,0.7501,-0.1693,156.10,-31.29,-182.35
0.8738,-0.4548,0.7540,-0.1703,155.54,-30.03,-179.69
0.8743,-0.4592,0.7549,-0.1708,153.09,-30.59,-183.05
0.8749,-0.4680,0.7588,-0.1684,153.16,-29.68,-179.41
0.8755,-0.4758,0.7588,-0.1723,150.99,-29.68,-183.54
0.8761,-0.4821,0.7593,-0.1771,150.57,-29.19,-179.48
0.8766,-0.4914,0.7627,-0.1737,147.98,-28.84,-183.75
0.8772,-0.5012,0.7686,-0.1747,148.82,-28.63,-179.76
0.8785,-0.5065,0.7764,-0.1771,145.53,-28.00,-183.82
0.8799,-0.5065,0.7813,-0.1810,146.16,-28.42,-180.74
0.8812,-0.5109,0.7862,-0.1840,143.36,-26.88,-183.47
0.8825,-0.5212,0.7925,-0.1879,143.64,-27.86,-181.30
0.8839,-0.5270,0.7993,-0.1913,140.98,-26.04,-183.61
0.8852,-0.5334,0.8032,-0.1903,141.40,-26.81,-182.00
0.8865,-0.5417,0.8081,-0.1932,139.02,-25.34,-183.19
0.8879,-0.5480,0.8198,-0.1981,138.95,-25.34,-182.42
0.8892,-0.5529,0.8281,-0.2020,136.92,-24.50,-183.40
0.8905,-0.5558,0.8350,-0.2040,136.22,-24.01,-183.47
0.8919,-0.5627,0.8423,-0.2035,135.38,-23.94,-183.47
0.8932,-0.5700,0.8491,-0.2094,134.47,-23.73,-184.52
0.8945,-0.5744,0.8579,-0.2152,133.35,-22.89,-183.33
0.8959,-0.5797,0.8691,-0.2176,132.16,-22.40,-184.66
0.8972,-0.5861,0.8794,-0.2181,131.67,-21.91,-183.47
0.8985,-0.5919,0.8906,-0.2225,130.06,-21.14,-185.36
0.8999,-0.5973,0.9013,-0.2259,129.85,-20.86,-183.68
0.9012,-0.5993,0.9165,-0.2269,128.24,-19.81,-185.71
0.9025,-0.6056,0.9306,-0.2347,128.24,-20.02,-183.75
0.9039,-0.6110,0.9418,-0.2386,126.42,-18.90,-186.13
0.9039,-0.6144,0.9540,-0.2425,126.77,-18.76,-184.45
0.9039,-0.6212,0.9653,-0.2484,124.88,-17.71,-185.85
0.9040,-0.6266,0.9823,-0.2499,125.30,-17.01,-184.52
0.9040,-0.6315,0.9994,-0.2542,123.62,-16.66,-185.92
0.9040,-0.6349,1.0141,-0.2567,123.97,-15.82,-183.96
0.9041,-0.6349,1.0292,-0.2606,122.64,-16.03,-185.99
0.9041,-0.6407,1.0419,-0.2674,122.78,-14.84,-184.73
0.9041,-0.6500,1.0526,-0.2723,121.59,-14.42,-185.22
0.9042,-0.6568,1.0677,-0.2801,121.80,-12.67,-184.66
0.9042,-0.6588,1.0858,-0.2884,121.03,-12.95,-184.45
0.9042,-0.6578,1.1014,-0.2928,120.61,-12.11,-184.80
0.9043,-0.6656,1.1146,-0.2972,120.68,-11.69,-183.61
0.9043,-0.6725,1.1287,-0.3050,119.84,-11.27,-185.29
0.9043,-0.6754,1.1434,-0.3109,120.12,-10.43,-182.98
0.9044,-0.6788,1.1610,-0.3138,119.00,-9.38,-184.87
0.9044,-0.6837,1.1761,-0.3201,119.91,-9.66,-182.49
0.9044,-0.6891,1.1897,-0.3250,118.65,-8.05,-184.38
0.9045,-0.6905,1.2073,-0.3314,119.28,-7.91,-181.86
0.9045,-0.6949,1.2244,-0.3387,118.44,-6.44,-183.47
0.9046,-0.6998,1.2400,-0.3416,119.07,-6.65,-181.58
0.9048,-0.6988,1.2566,-0.3499,118.72,-5.60,-182.56
0.9051,-0.6998,1.2688,-0.3523,119.14,-5.46,-181.37
0.9054,-0.7032,1.2820,-0.3558,118.79,-4.20,-181.58
0.9057,-0.7076,1.2956,-0.3645,119.28,-3.99,-181.02
0.9060,-0.7110,1.3088,-0.3655,119.00,-2.66,-180.32
0.9063,-0.7178,1.3215,-0.3792,119.56,-3.22,-180.53
0.9065,-0.7208,1.3313,-0.3811,119.63,-1.68,-179.34
0.9068,-0.7315,1.3513,-0.3841,120.12,-0.28,-178.22
0.9071,-0.7340,1.3649,-0.3875,120.47,0.21,-178.64
0.9074,-0.7340,1.3776,-0.3953,120.47,1.12,-176.75
0.9077,-0.7296,1.3854,-0.4016,120.89,1.75,-177.59
0.9079,-0.7325,1.3918,-0.4046,121.31,2.31,-175.84
0.9082,-0.7369,1.4025,-0.4085,121.45,3.36,-176.19
0.9085,-0.7398,1.4137,-0.4089,122.43,3.15,-174.79
0.9088,-0.7388,1.4191,-0.4104,122.08,4.69,-175.00
0.9091,-0.7364,1.4240,-0.4158,123.27,4.83,-173.53
0.9094,-0.7383,1.4289,-0.4202,122.92,6.16,-173.46
0.9096,-0.7379,1.4362,-0.4246,124.25,6.02,-172.34
0.9099,-0.7374,1.4411,-0.4260,123.55,7.42,-171.36
0.9102,-0.7422,1.4445,-0.4250,125.30,7.21,-170.94
0.9108,-0.7457,1.4474,-0.4231,125.02,8.61,-169.68
0.9114,-0.7476,1.4513,-0.4187,125.65,8.40,-169.54
0.9120,-0.7471,1.4547,-0.4211,126.35,9.87,-168.00
0.9127,-0.7466,1.4577,-0.4241,126.70,10.08,-167.93
0.9133,-0.7515,1.4630,-0.4250,127.33,11.41,-165.97
0.9139,-0.7544,1.4635,-0.4299,127.54,11.48,-165.48
0.9145,-0.7540,1.4650,-0.4285,128.17,12.32,-164.50
0.9151,-0.7540,1.4679,-0.4255,128.52,12.88,-163.45
0.9157,-0.7515,1.4718,-0.4280,129.36,13.58,-162.33
0.9163,-0.7501,1.4757,-0.4324,129.57,14.70,-161.63
0.9169,-0.7535,1.4777,-0.4304,130.69,14.70,-159.95
0.9175,-0.7564,1.4811,-0.4246,130.62,15.61,-159.32
0.9182,-0.7535,1.4806,-0.4260,131.88,16.17,-157.57
0.9188,-0.7544,1.4850,-0.4275,131.95,17.08,-156.87
0.9194,-0.7603,1.4938,-0.4265,132.79,17.50,-155.12
0.9200,-0.7608,1.4972,-0.4280,133.21,18.27,-154.42
0.9206,-0.7632,1.5016,-0.4255,134.05,18.97,-152.53
0.9212,-0.7666,1.5079,-0.4270,134.26,19.74,-151.62
0.9218,-0.7676,1.5108,-0.4299,134.89,20.37,-149.87
0.9224,-0.7735,1.5157,-0.4290,135.80,20.65,-148.75
0.9230,-0.7754,1.5201,-0.4285,136.29,21.35,-147.28
0.9236,-0.7759,1.5211,-0.4309,137.13,22.19,-145.88
0.9242,-0.7774,1.5270,-0.4309,137.62,22.96,-144.34
0.9247,-0.7740,1.5343,-0.4309,138.53,23.94,-142.45
0.9253,-0.7754,1.5377,-0.4363,139.09,24.01,-141.33
0.9259,-0.7803,1.5455,-0.4407,139.86,25.13,-139.37
0.9265,-0.7832,1.5553,-0.4397,140.42,25.34,-138.39
0.9270,-0.7818,1.5592,-0.4407,141.19,25.76,-136.22
0.9276,-0.7764,1.5655,-0.4455,141.68,26.60,-135.17
0.9282,-0.7754,1.5699,-0.4436,142.80,27.23,-133.14
0.9288,-0.7798,1.5758,-0.4465,143.29,27.93,-132.16
0.9293,-0.7823,1.5816,-0.4475,144.27,27.86,-129.92
0.9299,-0.7798,1.5870,-0.4475,144.83,28.91,-128.66
0.9305,-0.7769,1.5923,-0.4494,145.81,29.54,-126.98
0.9311,-0.7788,1.5967,-0.4485,146.44,30.03,-125.16
0.9317,-0.7803,1.6021,-0.4563,147.70,30.52,-123.69
0.9322,-0.7842,1.6065,-0.4616,148.19,31.29,-121.73
0.9328,-0.7852,1.6094,-0.4612,149.31,31.57,-120.19
0.9334,-0.7818,1.6128,-0.4597,149.80,31.92,-118.79
0.9340,-0.7837,1.6216,-0.4592,150.78,33.11,-116.90
0.9351,-0.7842,1.6250,-0.4621,151.83,32.62,-115.22
0.9362,-0.7828,1.6221,-0.4660,152.46,33.74,-113.75
0.9373,-0.7842,1.6280,-0.4699,154.28,34.93,-110.11
0.9384,-0.7832,1.6304,-0.4699,155.33,35.00,-108.43
0.9395,-0.7857,1.6285,-0.4709,155.68,35.70,-106.61
0.9406,-0.7896,1.6255,-0.4704,156.87,35.35,-105.42
0.9417,-0.7920,1.6265,-0.4699,157.22,36.96,-103.04
0.9428,-0.7959,1.6294,-0.4724,158.48,36.40,-101.71
0.9439,-0.7910,1.6280,-0.4792,159.32,37.45,-99.89
0.9450,-0.7871,1.6216,-0.4836,160.23,37.31,-98.35
0.9461,-0.7901,1.6177,-0.4802,161.00,38.50,-96.32
0.9472,-0.7910,1.6143,-0.4763,161.84,38.43,-94.57
0.9483,-0.7930,1.6119,-0.4758,162.61,38.71,-93.31
0.9494,-0.7920,1.6055,-0.4778,163.52,39.41,-91.28
0.9505,-0.7935,1.6011,-0.4817,164.22,39.69,-89.53
0.9516,-0.7940,1.6006,-0.4792,165.27,40.46,-87.85
0.9527,-0.7940,1.5909,-0.4782,165.48,40.18,-86.31
0.9538,-0.7920,1.5816,-0.4817,166.53,41.44,-84.14
0.9549,-0.7862,1.5797,-0.4802,167.09,40.95,-83.09
0.9560,-0.7852,1.5753,-0.4778,168.00,41.86,-81.06
0.9566,-0.7886,1.5587,-0.4748,168.35,41.51,-79.38
0.9571,-0.7925,1.5494,-0.4724,170.10,42.28,-75.95
0.9577,-0.7954,1.5479,-0.4724,170.45,42.98,-74.90
0.9583,-0.7993,1.5396,-0.4695,171.01,43.33,-72.45
0.9589,-0.7974,1.5333,-0.4704,171.71,43.89,-71.75
0.9595,-0.7969,1.5294,-0.4714,172.27,43.61,-69.72
0.9600,-0.7989,1.5245,-0.4704,172.76,44.17,-68.53
0.9606,-0.7984,1.5172,-0.4699,173.53,44.03,-66.78
0.9612,-0.8003,1.5108,-0.4651,173.81,45.01,-65.45
0.9618,-0.8008,1.5011,-0.4621,174.16,44.73,-63.98
0.9624,-0.8028,1.4923,-0.4626,174.86,45.71,-62.58
0.9629,-0.8062,1.4860,-0.4670,175.35,45.50,-61.39
0.9635,-0.8047,1.4767,-0.4675,175.56,45.71,-59.85
0.9641,-0.8072,1.4674,-0.4656,176.05,45.85,-58.66
0.9647,-0.8091,1.4577,-0.4636,176.33,46.41,-57.40
0.9652,-0.8057,1.4474,-0.4607,176.75,46.76,-56.07
0.9658,-0.8023,1.4381,-0.4582,176.89,46.48,-55.16
0.9664,-0.8042,1.4318,-0.4592,177.31,47.11,-53.90
0.9670,-0.8062,1.4235,-0.4616,177.59,46.97,-52.64
0.9676,-0.8023,1.4103,-0.4631,177.80,47.25,-52.15
0.9681,-0.8023,1.4025,-0.4612,178.01,47.60,-50.19
0.9686,-0.8028,1.3957,-0.4607,178.15,47.60,-50.33
0.9692,-0.7989,1.3835,-0.4602,178.85,47.81,-48.09
0.9697,-0.7950,1.3766,-0.4577,178.08,48.30,-48.37
0.9703,-0.7964,1.3703,-0.4563,178.99,48.09,-46.34
0.9708,-0.7998,1.3586,-0.4558,178.08,48.72,-46.34
0.9713,-0.7969,1.3474,-0.4568,179.06,48.02,-45.08
0.9719,-0.7881,1.3386,-0.4582,178.22,49.00,-44.31
0.9724,-0.7852,1.3283,-0.4568,178.92,48.23,-43.75
0.9730,-0.7847,1.3205,-0.4543,178.64,49.14,-42.49
0.9735,-0.7793,1.3132,-0.4558,178.50,48.16,-42.63
0.9740,-0.7779,1.3069,-0.4538,178.64,49.42,-41.23
0.9746,-0.7798,1.3020,-0.4494,178.50,48.86,-41.23
0.9751,-0.7803,1.2961,-0.4529,178.43,48.93,-39.83
0.9757,-0.7847,1.2859,-0.4538,177.66,49.49,-39.83
0.9762,-0.7891,1.2786,-0.4534,178.15,49.07,-38.78
0.9767,-0.7886,1.2717,-0.4543,177.45,48.86,-38.85
0.9773,-0.7915,1.2615,-0.4524,177.94,49.00,-37.94
0.9778,-0.7945,1.2537,-0.4519,177.38,49.77,-37.24
0.9783,-0.7945,1.2449,-0.4524,177.38,49.14,-37.03
0.9797,-0.7969,1.2332,-0.4524,176.61,49.63,-36.54
0.9810,-0.7984,1.2210,-0.4524,176.82,48.86,-36.19
0.9823,-0.8008,1.2112,-0.4534,175.98,49.63,-35.77
0.9836,-0.8067,1.2063,-0.4514,175.84,49.07,-35.42
0.9850,-0.8072,1.2000,-0.4519,175.28,49.84,-34.30
0.9863,-0.8057,1.1917,-0.4553,175.28,48.93,-34.79
0.9876,-0.8032,1.1873,-0.4582,174.65,49.98,-33.74
0.9889,-0.8052,1.1834,-0.4602,174.02,49.00,-33.81
0.9902,-0.8032,1.1771,-0.4631,174.44,49.91,-33.25
0.9916,-0.7954,1.1727,-0.4621,172.97,48.72,-33.18
0.9929,-0.7950,1.1692,-0.4607,173.60,50.12,-31.99
0.9942,-0.7964,1.1722,-0.4621,172.20,48.58,-32.76
0.9955,-0.7945,1.1775,-0.4651,173.18,49.84,-31.29
0.9968,-0.7891,1.1756,-0.4680,171.36,48.86,-31.99
0.9982,-0.7871,1.1722,-0.4709,172.06,49.49,-30.73
0.9995,-0.7818,1.1707,-0.4758,170.59,49.00,-31.36
1.0008,-0.7749,1.1663,-0.4763,170.87,49.21,-30.24
1.0021,-0.7544,1.1722,-0.4768,169.54,48.58,-29.61
1.0035,-0.7496,1.1834,-0.4807,169.26,48.79,-30.10
1.0048,-0.7481,1.1951,-0.4831,169.12,48.79,-28.70
1.0048,-0.7540,1.2058,-0.4870,168.35,48.23,-29.19
1.0048,-0.7642,1.2102,-0.4880,168.21,48.23,-28.70
1.0049,-0.7725,1.2102,-0.4895,168.00,48.37,-28.56
1.0049,-0.7857,1.2141,-0.4953,167.51,47.81,-28.28
1.0049,-0.7959,1.2185,-0.5041,167.02,47.95,-28.63
1.0050,-0.8037,1.2229,-0.5070,167.16,47.46,-28.49
1.0050,-0.8067,1.2249,-0.5095,165.90,47.81,-27.65
1.0050,-0.8018,1.2249,-0.5158,166.74,47.04,-28.21
1.0051,-0.7984,1.2268,-0.5207,165.76,47.53,-27.37
1.0051,-0.7989,1.2215,-0.5295,165.69,46.76,-28.00
1.0051,-0.7984,1.2195,-0.5348,165.48,47.60,-27.30
1.0052,-0.7930,1.2229,-0.5407,164.92,46.13,-27.79
1.0052,-0.7906,1.2205,-0.5470,164.78,46.83,-26.81
1.0052,-0.7871,1.2151,-0.5470,163.87,45.92,-27.72
1.0053,-0.7798,1.2161,-0.5470,164.29,46.34,-26.81
1.0053,-0.7720,1.2234,-0.5505,163.03,45.29,-27.37
1.0053,-0.7632,1.2273,-0.5578,163.94,45.57,-26.53
1.0054,-0.7588,1.2254,-0.5607,162.68,45.50,-26.81
1.0054,-0.7603,1.2268,-0.5597,162.89,44.52,-26.60
1.0054,-0.7603,1.2283,-0.5607,162.26,45.08,-26.53
1.0058,-0.7559,1.2263,-0.5646,161.84,44.38,-26.32
1.0061,-0.7588,1.2254,-0.5680,161.98,44.45,-26.32
1.0064,-0.7637,1.2224,-0.5695,161.21,43.61,-26.32
1.0067,-0.7662,1.2195,-0.5710,161.35,43.96,-25.97
1.0070,-0.7681,1.2185,-0.5729,160.51,42.77,-26.18
1.0074,-0.7730,1.2156,-0.5739,160.51,43.05,-25.90
1.0077,-0.7779,1.2073,-0.5744,159.81,42.35,-25.90
1.0080,-0.7759,1.1971,-0.5724,160.09,42.42,-25.34
1.0083,-0.7725,1.1902,-0.5700,158.97,42.07,-26.18
1.0086,-0.7666,1.1834,-0.5671,159.04,41.51,-25.48
1.0090,-0.7642,1.1785,-0.5690,158.06,41.58,-25.83
1.0093,-0.7608,1.1746,-0.5734,158.34,40.67,-25.62
1.0096,-0.7584,1.1722,-0.5705,157.15,40.88,-25.55
1.0099,-0.7549,1.1683,-0.5700,157.43,40.32,-25.48
1.0103,-0.7462,1.1507,-0.5651,156.24,39.20,-25.48
1.0106,-0.7476,1.1448,-0.5617,155.75,39.20,-25.55
1.0109,-0.7452,1.1439,-0.5607,154.77,38.78,-25.20
1.0112,-0.7432,1.1361,-0.5588,154.70,38.50,-25.76
1.0115,-0.7457,1.1273,-0.5578,153.86,37.94,-25.27
1.0119,-0.7437,1.1209,-0.5534,153.44,37.66,-25.41
1.0125,-0.7427,1.1117,-0.5456,152.88,36.82,-25.83
1.0130,-0.7393,1.1014,-0.5441,152.39,37.31,-25.69
1.0136,-0.7349,1.0941,-0.5427,151.48,36.19,-25.83
1.0142,-0.7310,1.0863,-0.5397,150.85,36.05,-26.04
1.0148,-0.7261,1.0756,-0.5344,150.08,35.28,-26.11
1.0154,-0.7247,1.0673,-0.5261,149.59,35.00,-26.11
1.0160,-0.7208,1.0629,-0.5212,148.61,34.44,-26.25
1.0166,-0.7208,1.0536,-0.5183,147.84,33.95,-26.53
1.0171,-0.7247,1.0409,-0.5153,147.28,34.09,-26.67
1.0177,-0.7291,1.0307,-0.5090,146.23,32.90,-26.67
1.0183,-0.7315,1.0224,-0.5100,145.46,32.90,-27.09
1.0189,-0.7325,1.0136,-0.5124,144.69,32.20,-27.02
1.0195,-0.7340,1.0063,-0.5070,143.85,31.64,-27.65
1.0201,-0.7340,0.9980,-0.5070,142.87,31.71,-27.23
1.0207,-0.7359,0.9906,-0.5051,142.24,31.29,-27.37
1.0212,-0.7349,0.9784,-0.5080,140.91,29.96,-27.72
1.0218,-0.7325,0.9697,-0.5075,140.14,30.03,-28.42
1.0224,-0.7325,0.9677,-0.5031,139.09,29.26,-28.00
1.0230,-0.7310,0.9648,-0.5017,138.04,29.33,-28.63
1.0236,-0.7276,0.9584,-0.4982,137.27,28.28,-28.70
1.0241,-0.7266,0.9565,-0.5007,136.08,28.21,-28.56
1.0247,-0.7296,0.9545,-0.5007,135.38,27.23,-29.26
1.0252,-0.7281,0.9511,-0.4982,133.98,27.37,-28.56
1.0258,-0.7261,0.9516,-0.4992,133.56,26.25,-29.40
1.0264,-0.7266,0.9477,-0.4978,132.02,26.11,-29.26
1.0269,-0.7281,0.9438,-0.4978,131.04,25.27,-29.96
1.0275,-0.7320,0.9418,-0.4963,130.20,25.13,-29.40
1.0280,-0.7349,0.9423,-0.4968,128.87,24.85,-29.61
1.0286,-0.7364,0.9457,-0.4973,128.10,23.94,-30.10
1.0291,-0.7364,0.9457,-0.4992,126.70,23.80,-29.61
1.0297,-0.7369,0.9472,-0.5026,126.21,23.03,-30.38
1.0302,-0.7408,0.9496,-0.5085,124.95,23.17,-29.82
1.0308,-0.7413,0.9492,-0.5095,124.11,22.12,-30.38
1.0313,-0.7408,0.9477,-0.5061,123.06,22.12,-29.89
1.0319,-0.7354,0.9506,-0.5056,122.01,21.42,-31.01
1.0324,-0.7296,0.9560,-0.5080,121.03,21.00,-30.03
1.0330,-0.7340,0.9570,-0.5090,120.05,20.02,-31.08
1.0335,-0.7388,0.9599,-0.5061,119.00,20.51,-30.10
1.0341,-0.7369,0.9658,-0.5046,118.44,18.90,-31.29
1.0346,-0.7349,0.9692,-0.5061,117.53,19.39,-30.17
1.0352,-0.7403,0.9687,-0.5104,116.27,17.99,-31.43
1.0358,-0.7442,0.9716,-0.5109,115.29,18.55,-30.38
1.0363,-0.7442,0.9794,-0.5085,114.52,17.43,-31.01
1.0369,-0.7496,0.9858,-0.5129,113.96,17.08,-31.01
1.0375,-0.7525,0.9872,-0.5178,112.63,16.45,-31.08
1.0381,-0.7559,0.9828,-0.5148,112.28,16.45,-31.01
1.0386,-0.7505,0.9853,-0.5114,110.88,15.68,-31.08
1.0392,-0.7413,0.9955,-0.5114,110.18,15.33,-31.01
1.0398,-0.7403,1.0028,-0.5134,109.27,15.40,-30.80
1.0403,-0.7379,1.0150,-0.5104,109.06,14.56,-30.94
1.0409,-0.7520,1.0224,-0.5022,107.94,14.00,-30.80
1.0415,-0.7642,1.0180,-0.4987,106.54,13.44,-30.45
1.0421,-0.7701,1.0155,-0.4978,105.56,12.46,-30.73
1.0426,-0.7720,1.0155,-0.4982,105.28,12.81,-30.03
1.0432,-0.7720,1.0146,-0.5017,103.95,11.62,-30.66
1.0438,-0.7725,1.0189,-0.5007,103.60,12.11,-29.75
1.0443,-0.7725,1.0233,-0.5031,102.90,10.85,-30.38
1.0449,-0.7784,1.0180,-0.5022,102.41,11.34,-29.26
1.0455,-0.7793,1.0141,-0.4997,101.29,10.15,-29.96
1.0461,-0.7764,1.0121,-0.5017,100.94,10.57,-28.56
1.0466,-0.7749,1.0111,-0.4982,100.17,9.66,-29.75
1.0471,-0.7715,1.0087,-0.4909,99.47,9.59,-28.14
1.0477,-0.7662,1.0053,-0.4875,98.56,9.17,-28.91
1.0482,-0.7584,1.0150,-0.4900,98.07,9.10,-27.58
1.0488,-0.7549,1.0263,-0.4963,97.79,8.54,-27.79
1.0493,-0.7520,1.0311,-0.4982,96.88,7.98,-26.88
1.0498,-0.7559,1.0307,-0.4943,96.25,8.12,-26.81
1.0504,-0.7657,1.0238,-0.4914,96.11,7.28,-25.90
1.0509,-0.7681,1.0194,-0.4890,95.13,7.63,-25.55
1.0515,-0.7510,1.0346,-0.4875,94.01,7.14,-24.22
1.0520,-0.7457,1.0399,-0.4885,93.59,5.04,-24.99
1.0525,-0.7466,1.0443,-0.4865,93.45,6.51,-22.89
1.0531,-0.7447,1.0438,-0.4807,92.26,5.04,-23.80
1.0536,-0.7481,1.0355,-0.4802,92.40,5.46,-21.84
1.0541,-0.7584,1.0336,-0.4802,91.42,4.34,-22.26
1.0547,-0.7613,1.0350,-0.4797,91.56,4.76,-20.79
1.0552,-0.7603,1.0360,-0.4782,90.02,3.99,-21.00
1.0558,-0.7662,1.0399,-0.4778,90.51,4.27,-19.95
1.0563,-0.7715,1.0390,-0.4738,89.32,3.36,-19.39
1.0568,-0.7730,1.0346,-0.4714,89.74,3.36,-18.62
1.0575,-0.7720,1.0311,-0.4699,88.62,3.01,-18.06
1.0581,-0.7725,1.0272,-0.4699,88.90,2.80,-17.15
1.0587,-0.7720,1.0263,-0.4724,87.99,2.52,-16.45
1.0593,-0.7740,1.0258,-0.4729,87.78,2.10,-16.17
1.0599,-0.7720,1.0228,-0.4743,87.29,2.24,-15.05
1.0605,-0.7686,1.0204,-0.4724,87.08,1.75,-14.56
1.0611,-0.7637,1.0155,-0.4734,86.52,1.68,-13.58
1.0617,-0.7579,1.0067,-0.4734,85.89,1.12,-13.09
1.0624,-0.7520,1.0072,-0.4719,85.82,0.77,-12.67
1.0630,-0.7408,1.0136,-0.4695,84.91,0.49,-11.20
1.0636,-0.7286,1.0199,-0.4719,85.05,0.56,-11.06
1.0642,-0.7286,1.0272,-0.4758,84.56,0.14,-9.80
1.0648,-0.7349,1.0336,-0.4665,84.35,-0.28,-8.96
1.0654,-0.7349,1.0331,-0.4592,83.93,-0.70,-8.19
1.0660,-0.7374,1.0233,-0.4616,83.86,-0.84,-7.77
1.0666,-0.7427,1.0146,-0.4626,83.30,-1.26,-6.79
1.0673,-0.7442,1.0131,-0.4651,83.02,-1.54,-6.02
1.0679,-0.7437,1.0155,-0.4641,82.60,-1.82,-5.18
1.0685,-0.7432,1.0111,-0.4607,82.46,-2.03,-4.62
1.0691,-0.7447,1.0053,-0.4651,81.76,-2.38,-3.50
1.0709,-0.7481,1.0028,-0.4680,81.90,-2.59,-3.15
1.0727,-0.7447,0.9975,-0.4616,81.27,-2.80,-2.24
1.0746,-0.7442,0.9965,-0.4616,81.41,-2.80,-1.05
1.0764,-0.7432,0.9950,-0.4660,80.92,-3.64,-0.98
1.0782,-0.7379,0.9921,-0.4626,80.78,-3.43,0.56
1.0800,-0.7305,0.9950,-0.4587,80.36,-4.06,0.63
1.0819,-0.7266,0.9916,-0.4582,80.22,-4.69,1.68
1.0837,-0.7281,0.9843,-0.4582,79.31,-3.92,2.38
1.0855,-0.7242,0.9775,-0.4568,79.73,-4.90,3.29
1.0873,-0.7178,0.9662,-0.4573,79.10,-4.69,3.64
1.0891,-0.7091,0.9604,-0.4538,78.75,-5.74,4.76
1.0910,-0.6969,0.9643,-0.4529,78.54,-5.32,5.32
1.0928,-0.6871,0.9726,-0.4573,78.54,-6.58,6.37
1.0946,-0.6842,0.9775,-0.4568,78.05,-6.16,6.79
1.0964,-0.6876,0.9760,-0.4509,77.77,-7.00,7.28
1.0983,-0.6934,0.9687,-0.4451,77.70,-6.79,8.05
1.1001,-0.7008,0.9575,-0.4455,76.86,-7.35,8.61
1.1019,-0.7037,0.9492,-0.4451,77.42,-7.35,9.66
1.1037,-0.6983,0.9462,-0.4426,76.30,-7.98,9.52
1.1055,-0.6905,0.9443,-0.4451,76.58,-8.12,11.06
1.1056,-0.6827,0.9433,-0.4490,76.09,-8.82,10.57
1.1056,-0.6778,0.9453,-0.4509,75.88,-9.31,12.04
1.1057,-0.6773,0.9448,-0.4514,75.46,-8.96,12.32
1.1057,-0.6812,0.9418,-0.4499,75.74,-10.43,12.53
1.1057,-0.6852,0.9345,-0.4416,75.11,-9.94,13.16
1.1058,-0.6832,0.9287,-0.4397,75.11,-10.71,13.86
1.1058,-0.6837,0.9301,-0.4460,74.76,-10.43,14.28
1.1058,-0.6866,0.9287,-0.4470,74.62,-11.41,14.56
1.1059,-0.6812,0.9204,-0.4470,74.41,-10.78,15.75
1.1059,-0.6788,0.9170,-0.4475,73.64,-12.25,15.40
1.1059,-0.6798,0.9116,-0.4494,73.92,-11.55,16.38
1.1060,-0.6788,0.9004,-0.4460,73.22,-12.60,16.17
1.1060,-0.6754,0.8935,-0.4387,73.29,-12.53,17.85
1.1061,-0.6681,0.8847,-0.4407,72.66,-13.51,16.94
1.1061,-0.6617,0.8823,-0.4407,72.66,-13.09,18.83
1.1061,-0.6534,0.8882,-0.4372,71.82,-14.14,17.92
1.1062,-0.6398,0.8935,-0.4397,71.75,-13.93,19.18
1.1062,-0.6315,0.8935,-0.4421,71.47,-14.84,18.55
1.1062,-0.6383,0.8896,-0.4382,71.47,-14.42,20.16
1.1063,-0.6451,0.8877,-0.4372,71.26,-15.33,19.39
1.1063,-0.6471,0.8784,-0.4382,71.05,-15.68,20.44
1.1063,-0.6510,0.8691,-0.4377,70.70,-16.10,20.02
1.1064,-0.6539,0.8647,-0.4402,70.49,-16.31,21.07
1.1064,-0.6593,0.8603,-0.4402,70.07,-16.52,20.93
1.1064,-0.6690,0.8560,-0.4494,69.86,-16.87,21.14
1.1065,-0.6705,0.8486,-0.4519,69.30,-16.94,21.98
1.1065,-0.6686,0.8403,-0.4538,69.37,-18.27,21.70
1.1066,-0.6695,0.8350,-0.4538,68.67,-17.64,22.33
1.1066,-0.6651,0.8320,-0.4563,68.46,-18.90,21.98
1.1066,-0.6559,0.8213,-0.4568,67.97,-18.90,23.03
1.1067,-0.6529,0.8135,-0.4514,67.90,-19.53,22.40
1.1067,-0.6490,0.8057,-0.4470,67.13,-19.39,23.31
1.1067,-0.6412,0.7979,-0.4475,67.34,-20.51,22.61
1.1068,-0.6320,0.7950,-0.4490,66.71,-19.81,23.73
1.1068,-0.6242,0.7935,-0.4490,66.43,-21.14,22.82
1.1068,-0.6173,0.7959,-0.4494,65.94,-20.86,24.22
1.1069,-0.6144,0.7915,-0.4494,66.08,-21.98,23.17
1.1069,-0.6105,0.7857,-0.4465,65.73,-21.42,24.50
1.1069,-0.6085,0.7867,-0.4431,65.10,-22.26,23.45
1.1070,-0.6066,0.7881,-0.4436,65.10,-22.33,24.57
1.1072,-0.6056,0.7954,-0.4455,64.61,-23.38,23.52
1.1075,-0.6100,0.7979,-0.4460,64.47,-22.89,24.78
1.1078,-0.6159,0.7920,-0.4446,64.12,-23.94,23.94
1.1081,-0.6261,0.7876,-0.4421,63.98,-24.22,24.08
1.1084,-0.6320,0.7759,-0.4377,63.56,-24.08,24.50
1.1086,-0.6290,0.7642,-0.4363,63.28,-25.06,23.73
1.1089,-0.6305,0.7603,-0.4368,62.93,-24.85,24.57
1.1092,-0.6329,0.7569,-0.4358,62.86,-25.27,24.01
1.1095,-0.6295,0.7540,-0.4407,62.44,-25.41,24.78
1.1098,-0.6290,0.7457,-0.4421,62.44,-26.18,23.87
1.1101,-0.6271,0.7364,-0.4392,61.88,-26.04,24.71
1.1103,-0.6193,0.7335,-0.4377,61.67,-26.32,23.94
1.1106,-0.6129,0.7315,-0.4377,61.39,-26.74,24.43
1.1109,-0.6071,0.7296,-0.4382,60.97,-26.88,23.87
1.1112,-0.6032,0.7271,-0.4348,60.90,-27.51,24.43
1.1115,-0.5978,0.7237,-0.4343,60.48,-27.37,24.01
1.1117,-0.5958,0.7208,-0.4329,60.55,-28.21,24.01
1.1120,-0.5929,0.7164,-0.4290,59.92,-28.21,23.87
1.1123,-0.5827,0.7110,-0.4290,60.06,-28.56,23.87
1.1126,-0.5807,0.7076,-0.4280,59.22,-28.77,23.45
1.1138,-0.5793,0.7076,-0.4255,59.22,-29.05,23.80
1.1149,-0.5768,0.7071,-0.4260,58.80,-29.68,23.45
1.1161,-0.5754,0.7022,-0.4255,58.45,-30.03,23.24
1.1173,-0.5724,0.7042,-0.4285,58.66,-30.17,23.03
1.1185,-0.5710,0.7056,-0.4314,58.17,-29.89,22.96
1.1197,-0.5710,0.7008,-0.4270,57.89,-31.08,22.61
1.1209,-0.5734,0.6964,-0.4231,57.12,-30.94,22.61
1.1220,-0.5714,0.6969,-0.4275,57.47,-31.85,22.19
1.1232,-0.5656,0.6964,-0.4290,56.63,-31.99,22.19
1.1244,-0.5646,0.6895,-0.4290,56.91,-32.20,21.56
1.1256,-0.5651,0.6886,-0.4319,56.35,-32.55,21.56
1.1268,-0.5617,0.6881,-0.4343,56.21,-32.97,21.07
1.1279,-0.5607,0.6842,-0.4358,55.93,-33.04,20.93
1.1291,-0.5568,0.6778,-0.4343,55.65,-33.60,20.86
1.1303,-0.5500,0.6764,-0.4338,55.30,-33.88,20.58
1.1315,-0.5427,0.6798,-0.4329,55.23,-34.09,20.44
1.1327,-0.5363,0.6788,-0.4309,55.09,-34.93,20.09
1.1339,-0.5309,0.6778,-0.4309,54.74,-34.86,20.30
1.1350,-0.5256,0.6769,-0.4333,54.60,-35.63,19.39
1.1362,-0.5266,0.6769,-0.4363,54.53,-35.49,19.88
1.1368,-0.5280,0.6734,-0.4324,54.25,-36.19,19.39
1.1374,-0.5236,0.6730,-0.4343,54.11,-37.17,18.41
1.1379,-0.5266,0.6749,-0.4319,53.83,-36.89,19.11
1.1385,-0.5285,0.6725,-0.4309,53.48,-37.31,18.20
1.1391,-0.5275,0.6690,-0.4338,53.34,-37.87,17.99
1.1397,-0.5251,0.6651,-0.4372,53.48,-37.87,18.13
1.1402,-0.5178,0.6612,-0.4377,53.13,-38.71,17.64
1.1408,-0.5129,0.6622,-0.4358,53.06,-38.50,17.71
1.1414,-0.5129,0.6627,-0.4324,52.78,-39.55,16.94
1.1420,-0.5100,0.6647,-0.4329,52.85,-39.20,17.36
1.1425,-0.5061,0.6666,-0.4353,52.50,-40.39,16.38
1.1431,-0.5017,0.6637,-0.4353,52.50,-39.55,16.87
1.1437,-0.4968,0.6617,-0.4329,52.29,-41.30,15.75
1.1443,-0.4948,0.6593,-0.4353,52.50,-40.81,16.45
1.1448,-0.4895,0.6588,-0.4372,51.73,-41.72,15.19
1.1454,-0.4812,0.6583,-0.4343,52.36,-41.37,16.31
1.1460,-0.4782,0.6588,-0.4324,51.73,-41.93,14.84
1.1466,-0.4758,0.6627,-0.4348,52.08,-42.49,15.82
1.1471,-0.4743,0.6666,-0.4392,51.66,-42.56,14.35
1.1477,-0.4734,0.6642,-0.4392,52.15,-43.75,14.98
1.1483,-0.4699,0.6632,-0.4358,51.52,-43.33,14.35
1.1488,-0.4656,0.6637,-0.4343,51.66,-43.96,13.86
1.1494,-0.4626,0.6666,-0.4363,51.80,-45.15,13.79
1.1499,-0.4592,0.6671,-0.4382,51.52,-44.31,13.51
1.1505,-0.4582,0.6686,-0.4412,51.87,-45.50,13.30
1.1510,-0.4543,0.6700,-0.4431,51.52,-45.36,13.37
1.1516,-0.4485,0.6695,-0.4382,51.73,-46.69,12.39
1.1521,-0.4499,0.6695,-0.4377,51.73,-46.06,12.95
1.1527,-0.4494,0.6705,-0.4387,51.52,-47.53,11.76
1.1532,-0.4446,0.6681,-0.4368,51.87,-47.18,12.32
1.1538,-0.4392,0.6676,-0.4402,51.52,-48.09,11.20
1.1543,-0.4377,0.6730,-0.4416,52.22,-47.67,11.62
1.1549,-0.4397,0.6778,-0.4387,51.45,-49.07,10.29
1.1554,-0.4392,0.6798,-0.4397,52.29,-48.72,10.92
1.1560,-0.4368,0.6803,-0.4426,52.01,-49.63,10.15
1.1565,-0.4343,0.6832,-0.4465,52.57,-49.77,10.57
1.1571,-0.4314,0.6886,-0.4460,52.01,-50.26,9.38
1.1576,-0.4304,0.6954,-0.4470,52.43,-51.03,8.68
1.1582,-0.4265,0.6964,-0.4504,52.78,-51.73,8.61
1.1587,-0.4270,0.7008,-0.4543,52.78,-51.59,8.61
1.1593,-0.4290,0.7066,-0.4548,53.27,-52.43,7.70
1.1598,-0.4280,0.7086,-0.4558,53.41,-52.71,7.91
1.1604,-0.4246,0.7115,-0.4573,53.55,-53.13,7.21
1.1609,-0.4260,0.7164,-0.4568,53.76,-53.41,6.79
1.1615,-0.4280,0.7198,-0.4577,54.18,-54.11,6.51
1.1620,-0.4299,0.7218,-0.4626,54.11,-54.11,6.02
1.1626,-0.4309,0.7257,-0.4646,54.18,-54.74,5.81
1.1631,-0.4294,0.7315,-0.4675,54.95,-54.74,5.67
1.1636,-0.4294,0.7383,-0.4690,54.74,-55.51,4.90
1.1642,-0.4294,0.7413,-0.4695,55.58,-56.00,4.55
1.1647,-0.4314,0.7442,-0.4695,55.51,-56.21,4.13
1.1653,-0.4333,0.7515,-0.4714,56.21,-56.35,3.92
1.1658,-0.4338,0.7554,-0.4724,56.49,-57.26,3.01
1.1664,-0.4382,0.7569,-0.4743,56.70,-57.05,3.36
1.1669,-0.4407,0.7608,-0.4778,57.54,-57.47,2.24
1.1675,-0.4387,0.7681,-0.4782,57.47,-57.89,2.45
1.1680,-0.4397,0.7720,-0.4821,58.17,-58.66,1.61
1.1685,-0.4421,0.7735,-0.4851,58.38,-58.66,1.54
1.1691,-0.4421,0.7769,-0.4885,58.73,-59.15,0.84
1.1696,-0.4431,0.7808,-0.4919,59.36,-59.57,0.42
1.1715,-0.4460,0.7823,-0.4880,59.57,-59.64,0.56
1.1733,-0.4485,0.7857,-0.4880,60.41,-60.13,0.07
1.1752,-0.4504,0.7940,-0.4934,60.76,-60.06,-0.07
1.1770,-0.4509,0.7979,-0.4948,61.32,-61.25,-0.91
1.1789,-0.4543,0.7979,-0.4968,61.81,-60.48,-0.49
1.1807,-0.4597,0.8008,-0.4982,62.23,-61.74,-1.68
1.1826,-0.4607,0.8076,-0.5002,62.86,-61.11,-1.05
1.1844,-0.4631,0.8086,-0.5051,63.35,-62.16,-2.10
1.1863,-0.4641,0.8106,-0.5065,64.05,-61.46,-1.47
1.1881,-0.4656,0.8130,-0.5061,64.40,-62.58,-2.31
1.1900,-0.4729,0.8125,-0.5085,65.24,-62.44,-2.24
1.1918,-0.4768,0.8184,-0.5085,65.38,-62.86,-2.87
1.1937,-0.4778,0.8228,-0.5075,66.57,-63.14,-2.66
1.1955,-0.4797,0.8203,-0.5090,66.71,-63.63,-3.08
1.1974,-0.4831,0.8208,-0.5070,67.55,-63.56,-3.15
1.1992,-0.4890,0.8252,-0.5061,68.32,-63.49,-3.22
1.2011,-0.4943,0.8257,-0.5085,68.95,-64.12,-3.29
1.2029,-0.4973,0.8252,-0.5100,69.65,-64.19,-3.78
1.2048,-0.5031,0.8252,-0.5090,70.14,-64.47,-3.92
1.2066,-0.5104,0.8291,-0.5104,70.70,-64.47,-3.57
1.2067,-0.5124,0.8335,-0.5129,71.47,-64.96,-3.99
1.2067,-0.5163,0.8301,-0.5100,72.10,-64.89,-4.06
1.2068,-0.5212,0.8247,-0.5104,72.73,-64.89,-3.92
1.2068,-0.5261,0.8242,-0.5095,73.50,-64.68,-3.92
1.2069,-0.5309,0.8272,-0.5070,73.64,-65.31,-4.62
1.2069,-0.5344,0.8286,-0.5075,74.97,-65.10,-3.92
1.2070,-0.5348,0.8272,-0.5046,75.18,-65.87,-4.69
1.2070,-0.5368,0.8242,-0.4963,76.16,-65.03,-3.50
1.2070,-0.5397,0.8223,-0.4978,76.51,-66.01,-4.55
1.2071,-0.5436,0.8247,-0.5017,77.42,-65.38,-3.64
1.2071,-0.5466,0.8218,-0.4987,77.63,-66.08,-4.34
1.2072,-0.5475,0.8154,-0.4987,78.75,-65.73,-3.78
1.2072,-0.5510,0.8169,-0.4958,78.96,-65.87,-3.50
1.2073,-0.5490,0.8169,-0.4924,80.15,-65.73,-3.29
1.2073,-0.5485,0.8135,-0.4943,81.20,-65.45,-2.73
1.2074,-0.5475,0.8130,-0.4924,81.83,-65.80,-2.87
1.2074,-0.5490,0.8086,-0.4885,82.32,-66.15,-2.38
1.2074,-0.5539,0.8047,-0.4865,82.88,-66.01,-2.31
1.2075,-0.5553,0.8067,-0.4865,83.30,-65.94,-1.54
1.2075,-0.5519,0.8052,-0.4875,84.56,-66.01,-1.68
1.2076,-0.5500,0.8028,-0.4851,84.21,-65.73,-1.05
1.2076,-0.5524,0.7993,-0.4826,85.82,-66.57,-1.33
1.2076,-0.5529,0.7964,-0.4826,85.61,-65.94,-0.28
1.2077,-0.5539,0.7945,-0.4817,86.52,-66.43,-0.35
1.2077,-0.5578,0.7896,-0.4826,86.94,-66.15,0.14
1.2077,-0.5549,0.7837,-0.4836,87.64,-66.08,0.63
1.2078,-0.5519,0.7842,-0.4821,88.13,-66.29,0.84
1.2078,-0.5490,0.7832,-0.4821,88.62,-66.57,1.61
1.2078,-0.5466,0.7793,-0.4826,89.04,-66.01,1.61
1.2079,-0.5446,0.7769,-0.4836,89.81,-66.50,2.80
1.2079,-0.5456,0.7759,-0.4831,90.09,-66.50,2.17
1.2079,-0.5480,0.7710,-0.4860,90.30,-66.36,3.78
1.2080,-0.5456,0.7671,-0.4841,91.14,-66.85,3.29
1.2080,-0.5461,0.7686,-0.4846,91.21,-66.43,4.83
1.2080,-0.5480,0.7671,-0.4885,92.12,-66.64,4.34
1.2081,-0.5475,0.7627,-0.4900,92.54,-67.06,5.81
1.2081,-0.5456,0.7627,-0.4909,92.82,-66.50,5.60
1.2081,-0.5441,0.7637,-0.4900,93.73,-66.50,6.72
1.2082,-0.5441,0.7603,-0.4904,93.52,-66.50,6.86
1.2082,-0.5466,0.7584,-0.4924,94.64,-66.99,7.63
1.2085,-0.5500,0.7564,-0.4909,94.43,-67.27,8.05
1.2088,-0.5485,0.7544,-0.4914,95.27,-66.99,8.82
1.2091,-0.5456,0.7515,-0.4924,95.41,-67.27,9.38
1.2094,-0.5461,0.7505,-0.4973,95.97,-67.20,9.31
1.2097,-0.5466,0.7491,-0.5017,96.11,-67.20,10.85
1.2101,-0.5456,0.7466,-0.4997,96.95,-67.48,10.50
1.2104,-0.5436,0.7486,-0.5002,96.81,-67.41,12.11
1.2107,-0.5402,0.7481,-0.5046,97.51,-67.97,11.48
1.2110,-0.5407,0.7447,-0.5051,97.79,-67.55,13.58
1.2113,-0.5436,0.7408,-0.5026,98.28,-68.46,12.46
1.2116,-0.5427,0.7344,-0.5017,98.49,-67.83,14.49
1.2119,-0.5436,0.7305,-0.5041,98.42,-68.39,14.07
1.2122,-0.5446,0.7291,-0.5100,99.33,-67.90,15.33
1.2125,-0.5397,0.7257,-0.5085,98.77,-68.53,15.47
1.2128,-0.5353,0.7237,-0.5085,100.17,-68.67,16.45
1.2131,-0.5334,0.7232,-0.5114,99.33,-68.81,17.08
1.2134,-0.5305,0.7188,-0.5070,100.59,-68.74,17.43
1.2137,-0.5280,0.7169,-0.5041,99.89,-69.16,18.55
1.2141,-0.5285,0.7130,-0.5031,100.80,-69.16,18.83
1.2144,-0.5295,0.7071,-0.5031,100.38,-69.65,19.60
1.2150,-0.5280,0.7037,-0.5012,101.08,-69.65,20.16
1.2156,-0.5217,0.7013,-0.5036,101.15,-70.21,20.44
1.2161,-0.5183,0.6998,-0.5056,101.43,-69.93,21.49
1.2167,-0.5183,0.6983,-0.5065,101.43,-70.14,21.91
1.2173,-0.5163,0.6939,-0.5090,101.71,-70.35,22.40
1.2179,-0.5119,0.6886,-0.5090,101.78,-70.77,22.96
1.2185,-0.5095,0.6881,-0.5065,101.64,-70.91,23.52
1.2191,-0.5104,0.6861,-0.5046,102.06,-71.33,24.15
1.2197,-0.5070,0.6808,-0.4997,101.64,-71.54,24.43
1.2203,-0.5051,0.6754,-0.5012,101.99,-71.61,25.41
1.2209,-0.5036,0.6695,-0.5012,101.78,-72.24,25.69
1.2215,-0.5002,0.6642,-0.4978,102.20,-72.03,26.88
1.2221,-0.4987,0.6632,-0.5002,101.57,-72.52,26.74
1.2227,-0.4963,0.6554,-0.5046,102.20,-72.73,27.58
1.2233,-0.4939,0.6461,-0.5085,101.78,-73.36,27.58
1.2239,-0.4929,0.6451,-0.5075,101.85,-73.36,28.77
1.2245,-0.4914,0.6427,-0.5065,101.78,-74.20,28.35
1.2250,-0.4885,0.6403,-0.5031,102.06,-73.85,29.68
1.2256,-0.4846,0.6364,-0.5002,101.43,-74.90,29.19
1.2262,-0.4812,0.6310,-0.5002,101.57,-74.27,30.73
1.2268,-0.4821,0.6285,-0.5036,101.15,-75.74,29.96
1.2273,-0.4831,0.6256,-0.5075,101.57,-74.97,31.64
1.2279,-0.4836,0.6232,-0.5090,101.01,-76.16,30.87
1.2284,-0.4797,0.6202,-0.5065,100.59,-75.53,32.06
1.2290,-0.4758,0.6154,-0.5046,100.73,-76.86,32.13
1.2295,-0.4778,0.6105,-0.5085,100.52,-76.30,32.83
1.2301,-0.4797,0.6076,-0.5124,100.24,-77.49,32.83
1.2306,-0.4797,0.6076,-0.5100,100.03,-76.86,33.53
1.2312,-0.4758,0.6066,-0.5070,99.68,-77.91,33.67
1.2317,-0.4729,0.6061,-0.5070,99.40,-78.12,33.81
1.2323,-0.4709,0.6071,-0.5134,98.77,-78.82,34.37
1.2328,-0.4680,0.6046,-0.5114,98.63,-79.24,35.07
1.2333,-0.4699,0.6017,-0.5070,98.21,-79.31,34.93
1.2339,-0.4704,0.5988,-0.5085,98.00,-80.08,35.28
1.2344,-0.4709,0.6017,-0.5104,97.44,-80.43,35.21
1.2350,-0.4714,0.6012,-0.5144,97.44,-80.71,36.12
1.2355,-0.4719,0.5988,-0.5183,97.37,-81.20,35.63
1.2361,-0.4685,0.5968,-0.5153,96.81,-81.69,36.33
1.2366,-0.4636,0.5968,-0.5129,96.18,-81.76,36.12
1.2372,-0.4695,0.5968,-0.5168,96.25,-82.04,36.82
1.2378,-0.4714,0.5963,-0.5183,95.76,-83.23,36.05
1.2383,-0.4680,0.5998,-0.5192,95.62,-82.60,37.17
1.2389,-0.4685,0.6032,-0.5202,95.13,-83.79,36.82
1.2395,-0.4680,0.6032,-0.5192,94.92,-83.16,37.59
1.2401,-0.4685,0.6022,-0.5202,93.94,-84.49,37.10
1.2407,-0.4670,0.6051,-0.5241,94.08,-84.21,37.38
1.2413,-0.4670,0.6085,-0.5256,93.59,-85.40,37.31
1.2419,-0.4695,0.6144,-0.5275,93.24,-85.12,37.45
1.2424,-0.4704,0.6173,-0.5305,92.82,-85.82,37.66
1.2430,-0.4695,0.6110,-0.5319,92.68,-86.10,37.31
1.2436,-0.4699,0.6120,-0.5353,92.19,-86.38,38.36
1.2442,-0.4734,0.6183,-0.5358,91.56,-86.94,37.24
1.2448,-0.4753,0.6198,-0.5363,91.49,-87.29,38.01
1.2454,-0.4773,0.6237,-0.5383,91.14,-87.57,37.17
1.2460,-0.4773,0.6261,-0.5427,90.72,-87.78,37.59
1.2465,-0.4768,0.6276,-0.5456,90.37,-88.34,37.31
1.2471,-0.4792,0.6324,-0.5436,90.09,-88.48,37.87
1.2477,-0.4826,0.6344,-0.5412,89.60,-89.32,37.24
1.2483,-0.4875,0.6344,-0.5412,89.53,-88.97,37.66
1.2489,-0.4880,0.6383,-0.5461,88.69,-89.67,37.38
1.2494,-0.4885,0.6398,-0.5505,88.76,-89.46,37.87
1.2500,-0.4904,0.6407,-0.5500,87.85,-90.44,37.10
1.2505,-0.4919,0.6451,-0.5514,88.20,-90.02,38.01
1.2511,-0.4909,0.6476,-0.5553,87.22,-91.21,37.24
1.2516,-0.4919,0.6500,-0.5558,87.57,-90.58,37.66
1.2521,-0.4909,0.6529,-0.5549,86.87,-91.84,37.10
1.2527,-0.4885,0.6539,-0.5558,86.59,-91.35,37.80
1.2532,-0.4924,0.6534,-0.5583,86.45,-92.47,36.68
1.2538,-0.4963,0.6622,-0.5592,85.68,-92.75,37.24
1.2543,-0.4934,0.6661,-0.5622,85.26,-92.96,36.89
1.2549,-0.4895,0.6651,-0.5675,85.19,-92.68,37.38
1.2554,-0.4958,0.6647,-0.5671,84.49,-93.31,36.40
1.2560,-0.4953,0.6681,-0.5646,84.49,-93.45,37.52
1.2565,-0.4890,0.6676,-0.5617,84.07,-94.01,36.26
1.2570,-0.4900,0.6686,-0.5617,83.93,-94.01,36.96
1.2576,-0.4929,0.6700,-0.5636,83.16,-94.50,36.26
1.2581,-0.4958,0.6705,-0.5636,83.02,-94.50,37.03
1.2587,-0.4968,0.6734,-0.5651,82.60,-94.99,36.33
1.2592,-0.4958,0.6783,-0.5656,82.60,-95.20,36.75
1.2598,-0.4963,0.6837,-0.5675,81.97,-95.69,35.98
1.2603,-0.4953,0.6832,-0.5710,81.90,-95.76,36.68
1.2609,-0.4953,0.6866,-0.5719,81.20,-96.18,35.84
1.2614,-0.4939,0.6910,-0.5739,81.34,-95.83,36.40
1.2620,-0.4943,0.6900,-0.5739,80.43,-96.95,35.35
1.2625,-0.4963,0.6944,-0.5744,80.78,-95.97,36.19
1.2631,-0.4968,0.6964,-0.5758,80.15,-96.88,35.35
1.2636,-0.4968,0.6964,-0.5758,80.15,-96.74,35.98
1.2641,-0.4953,0.7022,-0.5778,79.94,-97.93,35.14
1.2647,-0.4982,0.7047,-0.5822,79.24,-96.60,35.98
1.2652,-0.5017,0.7056,-0.5822,78.82,-98.00,35.07
1.2658,-0.5046,0.7076,-0.5836,79.31,-97.86,35.21
1.2663,-0.5061,0.7115,-0.5856,78.19,-98.14,35.07
1.2669,-0.5065,0.7149,-0.5827,78.33,-98.21,35.42
1.2674,-0.5075,0.7120,-0.5832,77.98,-98.77,34.72
1.2680,-0.5061,0.7110,-0.5822,77.77,-98.49,35.00
1.2685,-0.5061,0.7120,-0.5822,77.28,-98.56,34.86
1.2691,-0.5080,0.7135,-0.5832,77.42,-99.05,34.65
1.2696,-0.5070,0.7139,-0.5841,77.21,-98.77,35.21
1.2702,-0.5100,0.7144,-0.5846,76.58,-99.26,34.44
1.2707,-0.5124,0.7193,-0.5836,76.51,-99.05,35.49
1.2712,-0.5134,0.7213,-0.5856,76.16,-99.96,34.30
1.2718,-0.5148,0.7227,-0.5866,75.81,-99.33,35.56
1.2723,-0.5153,0.7247,-0.5846,75.60,-99.96,34.23
1.2728,-0.5187,0.7276,-0.5861,75.39,-99.82,35.42
1.2734,-0.5222,0.7305,-0.5895,75.25,-99.96,34.30
1.2739,-0.5236,0.7320,-0.5885,74.90,-99.68,35.14
1.2744,-0.5256,0.7325,-0.5885,74.55,-100.24,35.07
1.2750,-0.5295,0.7305,-0.5856,74.76,-99.61,34.86
1.2755,-0.5285,0.7330,-0.5880,73.99,-99.68,35.56
1.2760,-0.5285,0.7369,-0.5900,74.20,-100.52,34.58
1.2766,-0.5324,0.7403,-0.5890,73.64,-99.82,35.84
1.2771,-0.5309,0.7447,-0.5866,73.78,-100.31,34.86
1.2776,-0.5329,0.7466,-0.5836,73.50,-99.89,36.05
1.2782,-0.5363,0.7476,-0.5841,73.43,-100.31,34.93
1.2787,-0.5383,0.7505,-0.5866,72.94,-99.89,36.40
1.2792,-0.5417,0.7530,-0.5871,72.87,-99.75,35.70
1.2798,-0.5417,0.7525,-0.5846,72.80,-100.17,36.12
1.2803,-0.5431,0.7520,-0.5846,72.52,-99.82,36.40
1.2808,-0.5451,0.7574,-0.5876,72.45,-100.03,36.61
1.2814,-0.5456,0.7642,-0.5856,72.52,-99.82,36.89
1.2827,-0.5500,0.7671,-0.5827,72.17,-100.10,36.61
1.2841,-0.5500,0.7696,-0.5832,71.68,-99.89,36.89
1.2854,-0.5485,0.7701,-0.5827,72.03,-99.68,37.31
1.2868,-0.5519,0.7720,-0.5827,71.54,-99.47,37.59
1.2881,-0.5553,0.7749,-0.5788,71.47,-99.26,38.29
1.2895,-0.5534,0.7798,-0.5754,71.40,-99.47,37.66
1.2908,-0.5563,0.7813,-0.5763,71.19,-98.98,38.99
1.2922,-0.5602,0.7832,-0.5797,71.19,-98.98,38.15
1.2935,-0.5656,0.7896,-0.5793,70.91,-98.91,39.83
1.2949,-0.5646,0.7940,-0.5807,70.98,-98.49,38.71
1.2962,-0.5656,0.7964,-0.5807,70.84,-98.91,39.90
1.2976,-0.5671,0.8013,-0.5797,70.63,-98.49,39.41
1.2990,-0.5695,0.8042,-0.5754,70.84,-98.42,40.25
1.3003,-0.5734,0.8076,-0.5705,70.56,-97.86,40.46
1.3017,-0.5783,0.8115,-0.5675,70.84,-98.00,41.02
1.3030,-0.5802,0.8184,-0.5690,70.42,-97.58,40.81
1.3044,-0.5754,0.8198,-0.5734,70.91,-97.51,41.30
1.3057,-0.5734,0.8179,-0.5710,70.14,-97.16,41.79
1.3071,-0.5758,0.8208,-0.5695,70.35,-97.16,41.79
1.3084,-0.5758,0.8223,-0.5685,70.56,-96.53,42.63
1.3088,-0.5758,0.8247,-0.5680,70.07,-96.46,42.56
1.3092,-0.5758,0.8281,-0.5675,70.91,-96.46,43.12
1.3095,-0.5812,0.8379,-0.5675,70.56,-95.76,43.68
1.3099,-0.5807,0.8364,-0.5651,70.21,-95.62,43.54
1.3102,-0.5783,0.8340,-0.5646,70.21,-95.27,44.45
1.3106,-0.5802,0.8384,-0.5675,70.00,-94.92,44.38
1.3110,-0.5793,0.8442,-0.5656,70.70,-94.85,44.80
1.3113,-0.5797,0.8452,-0.5617,70.14,-94.29,45.08
1.3117,-0.5802,0.8472,-0.5646,70.77,-94.22,45.50
1.3121,-0.5763,0.8467,-0.5646,70.28,-93.94,45.71
1.3124,-0.5773,0.8481,-0.5646,70.42,-93.52,46.48
1.3128,-0.5783,0.8516,-0.5651,70.70,-93.31,46.62
1.3132,-0.5793,0.8525,-0.5636,70.49,-92.96,46.83
1.3135,-0.5802,0.8525,-0.5641,70.49,-93.10,47.11
1.3139,-0.5768,0.8545,-0.5656,70.77,-92.40,47.74
1.3143,-0.5734,0.8594,-0.5646,70.49,-92.61,47.67
1.3146,-0.5724,0.8550,-0.5656,70.56,-91.98,48.16
1.3150,-0.5739,0.8496,-0.5661,70.77,-92.19,48.37
1.3154,-0.5768,0.8516,-0.5607,70.42,-91.42,49.21
1.3157,-0.5758,0.8569,-0.5622,70.77,-91.28,48.51
1.3163,-0.5719,0.8603,-0.5636,70.49,-90.65,49.63
1.3169,-0.5714,0.8589,-0.5641,70.70,-90.44,49.98
1.3174,-0.5690,0.8603,-0.5656,70.91,-89.88,49.84
1.3180,-0.5705,0.8608,-0.5646,70.56,-90.09,50.40
1.3186,-0.5685,0.8603,-0.5607,70.84,-89.32,50.40
1.3191,-0.5695,0.8584,-0.5607,70.63,-89.39,50.47
1.3197,-0.5710,0.8599,-0.5602,70.70,-88.69,50.96
1.3202,-0.5685,0.8623,-0.5622,70.77,-89.18,50.33
1.3208,-0.5675,0.8574,-0.5636,70.91,-88.34,51.59
1.3214,-0.5651,0.8555,-0.5627,70.56,-88.55,50.40
1.3219,-0.5622,0.8569,-0.5607,70.77,-87.78,51.94
1.3225,-0.5607,0.8574,-0.5588,70.56,-87.85,50.75
1.3231,-0.5588,0.8589,-0.5627,70.63,-87.08,52.15
1.3236,-0.5597,0.8628,-0.5636,70.28,-87.29,50.68
1.3242,-0.5627,0.8613,-0.5573,70.84,-86.87,51.94
1.3248,-0.5607,0.8599,-0.5588,70.14,-86.38,51.17
1.3253,-0.5578,0.8628,-0.5578,70.70,-86.24,51.87
1.3259,-0.5568,0.8584,-0.5505,69.93,-86.03,51.38
1.3265,-0.5534,0.8545,-0.5514,70.63,-85.89,51.45
1.3270,-0.5514,0.8545,-0.5534,69.86,-85.47,51.38
1.3276,-0.5544,0.8555,-0.5480,70.70,-85.26,51.59
1.3282,-0.5549,0.8535,-0.5461,70.00,-84.84,50.89
1.3288,-0.5524,0.8525,-0.5441,69.93,-84.14,51.24
1.3294,-0.5510,0.8545,-0.5392,69.51,-84.00,50.33
1.3299,-0.5519,0.8525,-0.5392,69.79,-83.93,51.10
1.3305,-0.5514,0.8491,-0.5378,69.23,-83.65,49.70
1.3311,-0.5470,0.8486,-0.5334,69.72,-82.95,50.75
1.3317,-0.5480,0.8501,-0.5305,68.88,-83.09,49.49
1.3322,-0.5495,0.8477,-0.5319,69.44,-83.09,50.61
1.3328,-0.5485,0.8452,-0.5305,68.81,-82.25,48.79
1.3334,-0.5485,0.8447,-0.5241,69.02,-82.53,50.12
1.3340,-0.5475,0.8462,-0.5251,68.32,-81.83,48.51
1.3346,-0.5495,0.8481,-0.5256,68.74,-82.11,49.35
1.3351,-0.5505,0.8438,-0.5226,68.18,-81.34,47.88
1.3357,-0.5529,0.8428,-0.5173,68.53,-81.62,48.58
1.3363,-0.5534,0.8452,-0.5119,67.76,-80.43,48.02
1.3369,-0.5466,0.8442,-0.5124,67.90,-80.92,47.46
1.3375,-0.5427,0.8428,-0.5129,67.76,-80.15,47.18
1.3380,-0.5417,0.8413,-0.5104,67.34,-80.22,47.11
1.3386,-0.5422,0.8403,-0.5065,67.27,-79.66,46.90
1.3391,-0.5402,0.8423,-0.5070,66.57,-79.73,45.99
1.3397,-0.5392,0.8408,-0.5085,67.06,-79.38,46.41
1.3402,-0.5412,0.8394,-0.5046,66.15,-78.96,45.08
1.3407,-0.5412,0.8418,-0.5012,66.64,-79.03,45.64
1.3413,-0.5407,0.8403,-0.5002,65.73,-78.19,44.73
1.3418,-0.5353,0.8379,-0.4958,66.08,-79.03,45.01
1.3423,-0.5344,0.8374,-0.4943,65.17,-77.70,43.68
1.3429,-0.5334,0.8389,-0.4948,65.52,-78.61,43.75
1.3434,-0.5290,0.8403,-0.4953,64.75,-77.49,42.98
1.3439,-0.5290,0.8428,-0.4968,64.89,-77.77,43.26
1.3445,-0.5295,0.8462,-0.4968,64.33,-77.07,42.00
1.3450,-0.5300,0.8472,-0.4929,64.33,-77.42,42.63
1.3455,-0.5280,0.8467,-0.4914,64.26,-76.79,40.95
1.3461,-0.5280,0.8472,-0.4939,63.70,-77.07,41.65
1.3466,-0.5275,0.8486,-0.4939,63.63,-76.44,40.39
1.3471,-0.5241,0.8491,-0.4948,63.00,-76.44,40.32
1.3477,-0.5197,0.8486,-0.4851,63.28,-76.58,39.34
1.3482,-0.5231,0.8501,-0.4846,62.30,-75.88,39.06
1.3487,-0.5246,0.8516,-0.4900,61.95,-75.95,37.66
1.3493,-0.5231,0.8525,-0.4904,62.09,-75.46,38.22
1.3498,-0.5187,0.8486,-0.4895,61.53,-75.32,36.54
1.3504,-0.5178,0.8481,-0.4904,61.32,-75.53,36.75
1.3509,-0.5192,0.8481,-0.4904,60.76,-74.69,35.56
1.3515,-0.5192,0.8506,-0.4900,60.48,-75.04,35.91
1.3520,-0.5168,0.8516,-0.4900,60.34,-74.34,34.37
1.3526,-0.5178,0.8516,-0.4885,60.13,-75.25,34.58
1.3531,-0.5192,0.8525,-0.4875,59.57,-73.99,33.46
1.3537,-0.5173,0.8525,-0.4870,59.57,-74.76,32.97
1.3543,-0.5119,0.8535,-0.4885,58.94,-73.71,31.85
1.3548,-0.5065,0.8491,-0.4900,58.66,-74.41,32.13
1.3554,-0.5070,0.8438,-0.4885,58.31,-73.64,30.80
1.3559,-0.5095,0.8452,-0.4885,57.96,-74.13,30.66
1.3565,-0.5100,0.8447,-0.4841,57.54,-73.99,28.84
1.3570,-0.5080,0.8452,-0.4797,57.33,-73.78,29.47
1.3576,-0.5090,0.8486,-0.4797,56.70,-73.64,27.72
1.3581,-0.5075,0.8442,-0.4807,57.05,-73.85,27.58
1.3587,-0.5061,0.8418,-0.4802,56.14,-73.36,26.81
1.3592,-0.5056,0.8423,-0.4802,55.72,-73.36,25.97
1.3598,-0.5012,0.8418,-0.4817,55.44,-73.08,25.76
1.3603,-0.4943,0.8423,-0.4797,54.95,-73.50,24.57
1.3609,-0.4924,0.8398,-0.4753,54.11,-73.08,24.29
1.3615,-0.4973,0.8359,-0.4773,54.11,-73.36,23.38
1.3621,-0.4963,0.8359,-0.4748,53.62,-73.29,23.31
1.3627,-0.4914,0.8389,-0.4714,52.78,-73.22,21.84
1.3633,-0.4914,0.8384,-0.4709,52.78,-73.36,21.56
1.3639,-0.4919,0.8355,-0.4714,52.22,-72.87,20.58
1.3645,-0.4885,0.8330,-0.4690,51.45,-73.29,20.72
1.3650,-0.4865,0.8291,-0.4651,51.17,-73.01,19.39
1.3656,-0.4826,0.8291,-0.4621,50.75,-73.15,19.39
1.3662,-0.4778,0.8281,-0.4621,50.33,-72.66,18.69
1.3668,-0.4763,0.8247,-0.4616,50.05,-73.50,17.99
1.3674,-0.4738,0.8237,-0.4607,49.28,-72.66,17.71
1.3680,-0.4690,0.8228,-0.4592,48.79,-73.29,17.15
1.3686,-0.4675,0.8223,-0.4582,48.09,-72.87,16.52
1.3692,-0.4714,0.8223,-0.4563,47.88,-72.80,16.17
1.3698,-0.4699,0.8189,-0.4534,46.83,-72.87,15.61
1.3703,-0.4636,0.8154,-0.4519,47.11,-73.08,15.12
1.3709,-0.4597,0.8140,-0.4480,45.92,-73.08,14.91
1.3715,-0.4612,0.8150,-0.4446,45.85,-73.22,14.21
1.3721,-0.4612,0.8159,-0.4485,45.01,-73.43,14.21
1.3739,-0.4592,0.8135,-0.4499,44.52,-72.94,13.09
1.3757,-0.4597,0.8106,-0.4460,43.82,-73.85,13.16
1.3775,-0.4616,0.8101,-0.4455,43.40,-73.08,12.74
1.3794,-0.4616,0.8130,-0.4480,43.05,-74.06,12.46
1.3812,-0.4597,0.8101,-0.4490,42.07,-73.22,11.55
1.3830,-0.4568,0.8091,-0.4446,41.79,-74.13,11.90
1.3848,-0.4577,0.8106,-0.4416,40.81,-73.29,11.06
1.3866,-0.4587,0.8091,-0.4436,40.60,-73.92,11.48
1.3884,-0.4577,0.8086,-0.4426,39.83,-73.99,10.22
1.3902,-0.4582,0.8067,-0.4436,39.55,-73.78,10.71
1.3920,-0.4582,0.8067,-0.4451,38.36,-74.06,10.08
1.3938,-0.4582,0.8072,-0.4416,38.50,-74.06,9.80
1.3956,-0.4577,0.8076,-0.4407,37.45,-74.48,9.31
1.3974,-0.4582,0.8067,-0.4412,36.33,-74.27,8.82
1.3993,-0.4602,0.8111,-0.4387,36.12,-74.20,8.75
1.4011,-0.4577,0.8111,-0.4382,35.21,-74.69,8.26
1.4029,-0.4568,0.8081,-0.4397,34.65,-74.48,7.70
1.4047,-0.4592,0.8111,-0.4402,33.88,-74.90,7.84
1.4065,-0.4558,0.8106,-0.4392,33.39,-74.97,7.07
1.4083,-0.4529,0.8115,-0.4382,32.76,-74.76,7.21
1.4083,-0.4573,0.8169,-0.4392,32.27,-75.25,6.23
1.4084,-0.4592,0.8184,-0.4397,31.78,-75.11,6.44
1.4084,-0.4587,0.8179,-0.4363,30.87,-75.04,6.02
1.4084,-0.4616,0.8169,-0.4338,30.52,-75.39,5.39
1.4085,-0.4636,0.8213,-0.4353,29.75,-75.11,5.60
1.4085,-0.4641,0.8267,-0.4363,29.61,-75.60,4.48
1.4085,-0.4685,0.8242,-0.4358,28.77,-75.53,4.76
1.4086,-0.4724,0.8223,-0.4358,28.28,-75.81,3.71
1.4086,-0.4699,0.8257,-0.4343,27.72,-75.67,4.06
1.4087,-0.4695,0.8281,-0.4314,26.81,-75.88,2.94
1.4087,-0.4714,0.8276,-0.4280,26.46,-75.95,3.29
1.4087,-0.4719,0.8296,-0.4270,25.48,-76.09,2.31
1.4088,-0.4729,0.8320,-0.4260,25.06,-76.09,2.31
1.4088,-0.4748,0.8296,-0.4265,24.50,-76.44,1.26
1.4088,-0.4763,0.8335,-0.4285,24.01,-76.44,1.40
1.4089,-0.4787,0.8389,-0.4216,23.38,-76.79,0.63
1.4089,-0.4812,0.8369,-0.4192,23.17,-76.51,0.28
1.4089,-0.4841,0.8398,-0.4177,22.12,-76.09,0.21
1.4090,-0.4875,0.8472,-0.4168,22.19,-76.44,-0.14
1.4090,-0.4929,0.8491,-0.4187,21.07,-76.72,-0.70
1.4090,-0.4958,0.8472,-0.4158,20.79,-76.16,-0.84
1.4091,-0.4948,0.8447,-0.4124,20.44,-76.58,-1.47
1.4091,-0.4997,0.8452,-0.4143,19.81,-76.23,-1.40
1.4091,-0.5041,0.8472,-0.4124,19.11,-76.51,-2.24
1.4091,-0.5036,0.8462,-0.4050,18.69,-76.37,-2.80
1.4092,-0.5036,0.8438,-0.4016,18.06,-76.16,-2.80
1.4092,-0.4982,0.8438,-0.4036,17.78,-76.44,-3.43
1.4092,-0.4953,0.8428,-0.4021,17.22,-76.65,-3.29
1.4092,-0.4953,0.8442,-0.3963,16.80,-76.86,-4.48
1.4093,-0.4973,0.8491,-0.3943,16.03,-76.16,-4.20
1.4093,-0.5046,0.8525,-0.3948,15.54,-76.51,-4.83
1.4093,-0.5075,0.8530,-0.3938,15.19,-76.37,-4.69
1.4094,-0.5075,0.8520,-0.3880,14.70,-76.44,-5.60
1.4094,-0.5065,0.8530,-0.3845,14.21,-76.23,-5.18
1.4094,-0.5100,0.8579,-0.3806,13.09,-76.79,-6.44
1.4094,-0.5158,0.8623,-0.3787,13.44,-75.39,-5.46
1.4095,-0.5222,0.8633,-0.3787,12.25,-76.65,-6.79
1.4095,-0.5305,0.8647,-0.3753,12.60,-75.11,-5.95
1.4095,-0.5329,0.8672,-0.3748,11.62,-76.37,-7.56
1.4095,-0.5339,0.8696,-0.3792,11.76,-75.04,-6.02
1.4099,-0.5383,0.8696,-0.2547,10.71,-76.16,-8.19
1.4103,-0.5456,0.8721,-0.3738,10.57,-74.69,-6.51
1.4106,-0.5485,0.8740,-0.3733,9.73,-75.18,-7.98
1.4110,-0.5490,0.8740,-0.3714,9.94,-74.83,-7.07
1.4114,-0.5529,0.8779,-0.3670,9.10,-74.76,-8.33
1.4117,-0.5553,0.8784,-0.3675,9.10,-74.48,-7.21
1.4121,-0.5563,0.8799,-0.3665,8.26,-74.55,-8.68
1.4124,-0.5612,0.8843,-0.3670,8.40,-74.48,-7.35
1.4128,-0.5675,0.8843,-0.3684,7.63,-73.92,-8.82
1.4132,-0.5700,0.8838,-0.3699,7.28,-73.64,-7.70
1.4135,-0.5739,0.8882,-0.3680,7.21,-73.64,-8.96
1.4139,-0.5773,0.8906,-0.3636,7.07,-73.22,-8.19
1.4142,-0.5758,0.8926,-0.3626,6.30,-72.59,-8.68
1.4146,-0.5773,0.8969,-0.3616,6.16,-73.22,-8.40
1.4150,-0.5822,0.8974,-0.3587,5.67,-72.52,-8.61
1.4153,-0.5861,0.8955,-0.3558,5.60,-72.24,-8.89
1.4157,-0.5900,0.8960,-0.3558,5.25,-71.82,-8.05
1.4161,-0.5929,0.9008,-0.3548,5.04,-71.96,-8.75
1.4164,-0.5919,0.9043,-0.3509,4.62,-71.05,-8.12
1.4168,-0.5929,0.9033,-0.3518,4.34,-71.54,-8.75
1.4174,-0.5978,0.9052,-0.3567,4.06,-70.91,-8.19
1.4179,-0.6002,0.9067,-0.3553,3.99,-70.84,-8.61
1.4185,-0.6012,0.9072,-0.3543,3.78,-70.21,-7.84
1.4191,-0.6046,0.9096,-0.3528,3.43,-69.65,-8.19
1.4196,-0.6071,0.9082,-0.3479,3.36,-69.65,-7.42
1.4202,-0.6056,0.9096,-0.3494,2.59,-69.58,-7.91
1.4208,-0.6051,0.9096,-0.3499,3.36,-68.81,-7.07
1.4213,-0.6061,0.9101,-0.3489,2.52,-69.16,-7.91
1.4219,-0.6066,0.9145,-0.3436,2.38,-68.11,-6.86
1.4225,-0.6071,0.9155,-0.3396,2.10,-68.32,-7.77
1.4231,-0.6124,0.9140,-0.3416,2.24,-67.41,-6.09
1.4236,-0.6139,0.9121,-0.3411,1.75,-67.06,-6.79
1.4242,-0.6095,0.9155,-0.3445,1.47,-66.57,-5.53
1.4248,-0.6100,0.9204,-0.3465,1.40,-66.92,-7.07
1.4253,-0.6115,0.9204,-0.3426,1.47,-66.22,-4.76
1.4259,-0.6120,0.9184,-0.3411,1.12,-66.08,-6.16
1.4265,-0.6090,0.9155,-0.3411,0.98,-65.45,-4.41
1.4271,-0.6090,0.9165,-0.3406,0.77,-65.52,-5.46
1.4276,-0.6100,0.9194,-0.3401,0.63,-65.24,-4.27
1.4282,-0.6076,0.9213,-0.3382,0.70,-64.82,-4.62
1.4289,-0.6071,0.9194,-0.3357,0.21,-64.40,-3.85
1.4295,-0.6095,0.9218,-0.3367,0.63,-63.70,-3.78
1.4302,-0.6105,0.9248,-0.3392,0.07,-63.84,-3.29
1.4309,-0.6076,0.9218,-0.3382,0.35,-62.93,-2.52
1.4316,-0.6076,0.9194,-0.3353,-0.28,-63.14,-2.59
1.4322,-0.6037,0.9194,-0.3314,-0.07,-61.95,-1.33
1.4329,-0.6037,0.9194,-0.3309,-0.07,-62.51,-2.10
1.4336,-0.6012,0.9189,-0.3314,-0.28,-61.60,-0.21
1.4343,-0.6012,0.9194,-0.3274,-0.28,-60.90,0.49
1.4349,-0.6032,0.9218,-0.3240,-0.35,-60.97,-0.21
1.4356,-0.6022,0.9218,-0.3216,-0.49,-60.55,1.47
1.4363,-0.6017,0.9179,-0.3221,-0.70,-60.06,0.84
1.4369,-0.6041,0.9170,-0.3231,-0.56,-59.71,2.66
1.4376,-0.6061,0.9209,-0.3274,-0.56,-59.43,2.03
1.4383,-0.6056,0.9228,-0.3265,-0.56,-59.22,3.29
1.4390,-0.6032,0.9204,-0.3245,-0.77,-58.52,3.15
1.4396,-0.6051,0.9174,-0.3250,-0.70,-58.24,4.06
1.4403,-0.6056,0.9150,-0.3231,-0.98,-58.03,4.41
1.4410,-0.6027,0.9145,-0.3192,-0.77,-57.61,5.25
1.4417,-0.6041,0.9145,-0.3201,-0.91,-57.40,5.81
1.4422,-0.6037,0.9130,-0.3231,-0.63,-56.70,6.16
1.4427,-0.6032,0.9135,-0.3231,-1.05,-56.91,7.28
1.4433,-0.6017,0.9130,-0.3216,-0.84,-55.86,7.77
1.4438,-0.6002,0.9130,-0.3167,-1.05,-55.93,7.77
1.4444,-0.6012,0.9091,-0.3143,-0.70,-55.23,9.03
1.4449,-0.6002,0.9101,-0.3109,-1.05,-55.16,9.31
1.4454,-0.5924,0.9160,-0.3065,-0.77,-54.60,10.92
1.4460,-0.5905,0.9160,-0.3070,-1.19,-53.83,11.55
1.4465,-0.5924,0.9150,-0.3084,-0.77,-53.62,12.32
1.4471,-0.5890,0.9150,-0.3060,-1.05,-53.13,12.74
1.4476,-0.5880,0.9170,-0.2987,-0.56,-52.85,13.86
1.4481,-0.5895,0.9160,-0.2948,-1.05,-52.57,14.28
1.4487,-0.5876,0.9121,-0.2962,-0.63,-52.43,15.40
1.4492,-0.5876,0.9096,-0.2943,-0.77,-51.87,15.26
1.4498,-0.5900,0.9111,-0.2908,-0.63,-51.17,16.87
1.4503,-0.5905,0.9116,-0.2889,-0.84,-51.10,16.73
1.4508,-0.5880,0.9101,-0.2923,-0.56,-50.47,18.20
1.4514,-0.5817,0.9087,-0.2943,-0.49,-50.82,18.06
1.4519,-0.5846,0.9067,-0.2933,-0.28,-50.05,19.81
1.4525,-0.5866,0.9033,-0.2908,-0.56,-49.98,19.39
1.4530,-0.5856,0.9018,-0.2874,-0.49,-49.07,20.93
1.4536,-0.5871,0.9033,-0.2879,-0.35,-49.91,20.65
1.4542,-0.5841,0.9018,-0.2869,-0.49,-48.51,22.40
1.4548,-0.5861,0.9013,-0.2889,0.14,-48.65,22.26
1.4553,-0.5871,0.8989,-0.2908,-0.35,-47.60,23.52
1.4559,-0.5851,0.8999,-0.2860,0.42,-47.46,23.94
1.4565,-0.5827,0.9013,-0.2816,-0.28,-47.04,24.99
1.4571,-0.5797,0.9052,-0.2796,0.42,-46.76,24.85
1.4576,-0.5807,0.9077,-0.2806,0.07,-46.27,26.18
1.4582,-0.5827,0.9033,-0.2835,0.63,-45.92,26.60
1.4588,-0.5817,0.9023,-0.2816,0.28,-45.99,27.02
1.4593,-0.5793,0.9013,-0.2791,0.70,-45.01,28.28
1.4599,-0.5783,0.9033,-0.2801,0.35,-45.15,28.28
1.4605,-0.5788,0.9057,-0.2786,0.98,-44.45,29.33
1.4611,-0.5768,0.9077,-0.2747,0.77,-44.45,29.54
1.4616,-0.5724,0.9096,-0.2762,0.91,-43.54,30.87
1.4622,-0.5754,0.9111,-0.2791,1.40,-43.82,30.45
1.4628,-0.5797,0.9111,-0.2821,1.33,-43.12,31.92
1.4634,-0.5812,0.9121,-0.2806,1.05,-42.98,31.99
1.4639,-0.5802,0.9130,-0.2767,1.75,-42.49,33.32
1.4645,-0.5783,0.9087,-0.2782,1.54,-42.28,32.83
1.4651,-0.5700,0.9140,-0.2772,2.24,-41.79,34.37
1.4657,-0.5724,0.9140,-0.2718,2.45,-41.30,35.00
1.4662,-0.5714,0.9170,-0.2704,2.73,-40.60,35.84
1.4668,-0.5705,0.9165,-0.2699,2.87,-40.67,36.19
1.4674,-0.5675,0.9160,-0.2713,3.43,-39.62,37.45
1.4679,-0.5641,0.9145,-0.2723,3.01,-40.11,36.82
1.4685,-0.5607,0.9150,-0.2694,3.43,-39.76,37.94
1.4691,-0.5583,0.9218,-0.2704,3.43,-39.34,37.73
1.4697,-0.5568,0.9223,-0.2684,4.06,-38.99,39.13
1.4702,-0.5539,0.9233,-0.2664,3.78,-38.92,38.64
1.4708,-0.5534,0.9277,-0.2679,4.55,-38.43,40.11
1.4714,-0.5558,0.9292,-0.2669,4.27,-38.15,39.69
1.4720,-0.5529,0.9311,-0.2674,5.32,-37.73,40.95
1.4725,-0.5490,0.9321,-0.2699,4.90,-37.80,40.25
1.4731,-0.5485,0.9331,-0.2669,5.95,-37.38,41.86
1.4737,-0.5510,0.9365,-0.2596,5.39,-36.75,41.51
1.4742,-0.5544,0.9379,-0.2630,6.44,-37.17,42.56
1.4748,-0.5529,0.9389,-0.2655,6.16,-36.26,42.14
1.4754,-0.5514,0.9418,-0.2621,6.65,-36.05,43.12
1.4777,-0.5544,0.9418,-0.2611,6.79,-35.63,43.12
1.4799,-0.5583,0.9433,-0.2621,7.21,-36.26,43.40
1.4822,-0.5568,0.9438,-0.2650,7.49,-35.49,44.24
1.4845,-0.5534,0.9438,-0.2606,8.68,-34.30,45.08
1.4867,-0.5549,0.9448,-0.2562,8.12,-34.72,44.31
1.4890,-0.5558,0.9428,-0.2582,9.03,-34.23,45.78
1.4913,-0.5539,0.9438,-0.2601,8.61,-34.16,44.94
1.4935,-0.5529,0.9462,-0.2586,9.59,-33.53,46.27
1.4958,-0.5539,0.9453,-0.2572,9.66,-33.67,45.57
1.4981,-0.5544,0.9438,-0.2582,10.64,-33.46,46.48
1.5003,-0.5514,0.9438,-0.2591,10.29,-33.25,46.20
1.5026,-0.5500,0.9443,-0.2606,11.06,-33.18,47.11
1.5049,-0.5480,0.9487,-0.2582,10.78,-32.76,46.27
1.5072,-0.5417,0.9511,-0.2567,11.55,-32.69,46.90
1.5094,-0.5383,0.9501,-0.2577,11.76,-32.06,46.62
1.5117,-0.5392,0.9501,-0.2577,12.39,-32.97,47.04
1.5140,-0.5392,0.9501,-0.2601,12.46,-31.71,47.11
1.5162,-0.5358,0.9521,-0.2567,12.88,-32.20,46.90
1.5185,-0.5314,0.9516,-0.2513,13.23,-31.64,47.18
1.5208,-0.5280,0.9501,-0.2494,13.65,-31.71,47.04
1.5208,-0.5270,0.9526,-0.2489,13.93,-31.50,47.25
1.5209,-0.5212,0.9531,-0.2494,14.56,-31.36,47.25
1.5209,-0.5197,0.9555,-0.2508,14.98,-30.94,46.62
1.5210,-0.5187,0.9565,-0.2484,15.47,-30.87,47.25
1.5210,-0.5197,0.9516,-0.2469,15.33,-30.52,46.41
1.5211,-0.5187,0.9506,-0.2479,15.89,-31.15,47.04
1.5211,-0.5207,0.9487,-0.2474,16.24,-30.17,46.62
1.5212,-0.5236,0.9457,-0.2455,16.66,-30.87,46.55
1.5212,-0.5212,0.9428,-0.2430,16.66,-30.03,46.20
1.5213,-0.5217,0.9448,-0.2435,17.43,-30.94,46.13
1.5213,-0.5226,0.9457,-0.2440,17.36,-29.75,46.06
1.5214,-0.5202,0.9394,-0.2401,17.92,-30.66,45.85
1.5214,-0.5187,0.9350,-0.2420,17.85,-29.75,45.71
1.5215,-0.5178,0.9331,-0.2411,18.69,-30.10,45.43
1.5215,-0.5173,0.9321,-0.2416,18.41,-29.54,45.43
1.5216,-0.5178,0.9321,-0.2440,19.46,-29.96,45.43
1.5216,-0.5134,0.9326,-0.2401,18.90,-29.82,45.08
1.5217,-0.5080,0.9282,-0.2416,19.74,-29.82,44.94
1.5217,-0.5114,0.9282,-0.2425,19.46,-29.75,44.87
1.5218,-0.5104,0.9272,-0.2386,20.37,-29.40,44.66
1.5218,-0.5061,0.9213,-0.2406,19.88,-29.40,44.80
1.5219,-0.5051,0.9194,-0.2435,20.58,-29.40,44.03
1.5219,-0.5056,0.9155,-0.2381,20.58,-29.68,44.03
1.5219,-0.5065,0.9116,-0.2362,20.93,-29.26,43.82
1.5220,-0.5061,0.9121,-0.2381,21.49,-29.26,43.96
1.5220,-0.5022,0.9135,-0.2372,21.35,-29.33,43.19
1.5220,-0.5041,0.9111,-0.2342,21.42,-29.47,43.68
1.5221,-0.5036,0.9096,-0.2328,21.91,-29.26,42.56
1.5221,-0.4997,0.9057,-0.2323,21.91,-28.70,42.91
1.5221,-0.5026,0.9038,-0.2298,21.98,-29.33,42.35
1.5222,-0.5061,0.9048,-0.2308,22.12,-29.40,42.00
1.5222,-0.5026,0.9013,-0.2338,22.19,-28.91,41.93
1.5222,-0.4997,0.9013,-0.2308,22.54,-29.19,41.65
1.5223,-0.5026,0.9023,-0.2269,22.33,-28.84,41.58
1.5223,-0.5041,0.8984,-0.2230,22.47,-29.05,40.95
1.5223,-0.5056,0.8930,-0.2220,23.17,-29.47,40.46
1.5224,-0.5090,0.8886,-0.2220,22.68,-28.84,40.53
1.5224,-0.5104,0.8847,-0.2230,23.24,-28.91,40.32
1.5224,-0.5109,0.8838,-0.2230,22.68,-28.70,39.83
1.5225,-0.5134,0.8857,-0.2206,23.24,-29.19,39.27
1.5229,-0.5144,0.8823,-0.2191,23.10,-28.28,39.48
1.5233,-0.5139,0.8769,-0.2176,23.24,-29.40,39.27
1.5237,-0.5173,0.8735,-0.2206,23.38,-28.42,38.71
1.5241,-0.5168,0.8711,-0.2196,23.31,-28.70,38.99
1.5245,-0.5158,0.8672,-0.2172,23.38,-28.49,38.29
1.5249,-0.5197,0.8628,-0.2201,23.24,-28.70,38.43
1.5253,-0.5226,0.8594,-0.2186,23.31,-28.49,37.59
1.5257,-0.5197,0.8550,-0.2181,23.31,-28.70,37.73
1.5261,-0.5178,0.8520,-0.2176,23.45,-28.56,37.45
1.5265,-0.5222,0.8496,-0.2142,23.38,-28.07,37.45
1.5270,-0.5212,0.8462,-0.2167,23.10,-28.35,37.38
1.5274,-0.5197,0.8423,-0.2176,23.59,-28.70,36.61
1.5278,-0.5202,0.8374,-0.2128,23.17,-28.14,36.75
1.5282,-0.5168,0.8359,-0.2128,23.24,-28.07,36.54
1.5286,-0.5148,0.8369,-0.2162,23.31,-28.28,36.54
1.5290,-0.5187,0.8355,-0.2186,22.75,-27.79,36.47
1.5294,-0.5207,0.8316,-0.2152,23.03,-28.49,35.70
1.5298,-0.5192,0.8291,-0.2123,22.82,-28.07,36.12
1.5302,-0.5197,0.8267,-0.2113,22.26,-28.14,35.77
1.5306,-0.5197,0.8218,-0.2128,22.96,-27.37,35.84
1.5312,-0.5168,0.8174,-0.2147,22.33,-28.42,35.42
1.5318,-0.5158,0.8150,-0.2118,22.40,-27.65,35.14
1.5324,-0.5158,0.8174,-0.2123,21.98,-27.93,35.63
1.5329,-0.5153,0.8194,-0.2128,22.26,-27.58,34.86
1.5335,-0.5109,0.8145,-0.2128,21.84,-27.37,35.07
1.5341,-0.5061,0.8125,-0.2133,21.84,-27.58,34.72
1.5347,-0.5100,0.8115,-0.2181,21.35,-27.44,34.51
1.5353,-0.5109,0.8125,-0.2162,21.63,-27.79,34.72
1.5358,-0.5070,0.8140,-0.2089,21.35,-27.58,34.30
1.5364,-0.5051,0.8115,-0.2103,21.42,-27.86,34.16
1.5370,-0.5026,0.8096,-0.2108,20.79,-27.16,34.16
1.5376,-0.5031,0.8081,-0.2094,20.79,-27.30,34.09
1.5381,-0.5070,0.8096,-0.2103,20.37,-27.37,33.81
1.5387,-0.5085,0.8081,-0.2108,20.30,-27.37,33.60
1.5393,-0.5100,0.8062,-0.2123,20.16,-26.74,33.74
1.5399,-0.5134,0.8062,-0.2123,20.02,-27.16,33.25
1.5405,-0.5109,0.8052,-0.2113,20.02,-27.72,33.18
1.5410,-0.5139,0.8047,-0.2059,19.53,-27.09,33.11
1.5416,-0.5129,0.8042,-0.2054,19.32,-26.67,32.13
1.5422,-0.5163,0.8067,-0.2059,18.97,-27.37,32.62
1.5428,-0.5187,0.8062,-0.2040,19.25,-26.18,32.13
1.5435,-0.5217,0.8032,-0.2069,17.92,-27.58,31.78
1.5441,-0.5246,0.8047,-0.2050,18.97,-25.76,32.20
1.5448,-0.5246,0.8032,-0.2050,17.15,-27.23,31.29
1.5454,-0.5231,0.8052,-0.2079,19.39,-26.25,31.71
1.5461,-0.5246,0.8062,-0.2089,16.31,-26.88,30.66
1.5467,-0.5290,0.8042,-0.2113,18.62,-26.39,31.22
1.5474,-0.5314,0.8052,-0.2089,16.73,-26.11,30.52
1.5480,-0.5280,0.8028,-0.2094,17.85,-26.60,30.59
1.5486,-0.5305,0.8023,-0.2094,16.45,-25.83,30.24
1.5493,-0.5348,0.8047,-0.2074,16.94,-26.53,30.38
1.5499,-0.5324,0.8052,-0.2103,16.38,-25.13,29.54
1.5506,-0.5334,0.8047,-0.2098,16.45,-26.39,29.82
1.5512,-0.5329,0.8062,-0.2079,15.82,-25.13,28.77
1.5519,-0.5339,0.8081,-0.2108,16.59,-26.39,29.82
1.5525,-0.5353,0.8047,-0.2133,15.75,-24.01,28.21
1.5532,-0.5363,0.8023,-0.2157,15.61,-26.74,30.10
1.5538,-0.5397,0.8037,-0.2152,14.77,-26.53,29.40
1.5545,-0.5417,0.8013,-0.2137,15.54,-23.45,27.37
1.5551,-0.5441,0.8062,-0.2147,14.28,-25.76,28.63
1.5556,-0.5485,0.8106,-0.2176,14.84,-23.17,27.02
1.5562,-0.5558,0.8081,-0.2201,13.65,-25.62,27.86
1.5567,-0.5529,0.8072,-0.2191,14.63,-23.03,27.16
1.5572,-0.5495,0.8072,-0.2162,13.37,-25.13,27.16
1.5577,-0.5500,0.8062,-0.2133,14.21,-22.96,26.95
1.5582,-0.5549,0.8028,-0.2142,13.30,-24.08,26.18
1.5588,-0.5602,0.7984,-0.2157,13.72,-22.26,27.37
1.5593,-0.5607,0.7979,-0.2142,13.16,-24.29,25.27
1.5598,-0.5583,0.7974,-0.2142,13.02,-21.84,27.09
1.5603,-0.5553,0.7959,-0.2152,12.74,-23.38,24.36
1.5608,-0.5500,0.7945,-0.2152,12.46,-22.33,26.60
1.5614,-0.5475,0.7945,-0.2167,12.60,-22.96,23.94
1.5619,-0.5470,0.7979,-0.2191,12.11,-21.56,26.53
1.5624,-0.5446,0.8013,-0.2147,12.32,-21.63,23.73
1.5629,-0.5456,0.8013,-0.2123,11.69,-22.33,25.69
1.5634,-0.5470,0.8023,-0.2133,11.90,-20.72,23.45
1.5640,-0.5514,0.8042,-0.2137,11.41,-21.91,24.99
1.5645,-0.5510,0.8052,-0.2137,11.13,-20.51,23.45
1.5650,-0.5505,0.8047,-0.2128,11.13,-21.49,23.66
1.5655,-0.5553,0.8067,-0.2147,10.64,-19.88,23.52
1.5660,-0.5563,0.8062,-0.2128,10.92,-21.28,22.19
1.5665,-0.5597,0.8067,-0.2094,10.22,-19.74,23.38
1.5670,-0.5651,0.8067,-0.2098,10.71,-20.65,21.63
1.5675,-0.5597,0.8028,-0.2108,9.73,-19.11,23.10
1.5680,-0.5597,0.8042,-0.2103,10.50,-19.95,20.93
1.5685,-0.5661,0.8028,-0.2069,9.87,-18.76,22.61
1.5690,-0.5651,0.7998,-0.2069,9.80,-19.18,20.37
1.5695,-0.5651,0.8028,-0.2113,9.52,-18.48,21.91
1.5700,-0.5680,0.8028,-0.2142,9.24,-18.13,19.88
1.5705,-0.5724,0.8003,-0.2103,9.31,-18.06,21.35
1.5710,-0.5749,0.7969,-0.2064,8.75,-17.85,19.25
1.5716,-0.5763,0.7959,-0.2089,9.03,-17.71,20.37
1.5721,-0.5783,0.7964,-0.2089,8.75,-17.08,18.48
1.5726,-0.5773,0.7940,-0.2108,8.61,-17.29,19.88
1.5731,-0.5783,0.7959,-0.2084,7.98,-15.89,18.62
1.5736,-0.5788,0.8008,-0.2059,8.40,-16.94,19.04
1.5741,-0.5797,0.8008,-0.2069,7.77,-15.33,18.13
1.5746,-0.5846,0.8032,-0.2064,7.91,-16.38,18.27
1.5751,-0.5846,0.8028,-0.2089,7.56,-14.98,17.85
1.5756,-0.5827,0.7989,-0.2152,7.00,-15.47,17.29
1.5778,-0.5856,0.7974,-0.2103,7.70,-14.56,17.50
1.5800,-0.5919,0.7989,-0.2094,6.79,-14.49,16.45
1.5823,-0.5934,0.8013,-0.2113,7.28,-14.00,17.22
1.5845,-0.5910,0.7998,-0.2064,6.44,-13.30,15.61
1.5867,-0.5890,0.7984,-0.2064,7.14,-13.72,16.59
1.5890,-0.5910,0.8018,-0.2074,6.23,-12.67,14.49
1.5912,-0.5949,0.8023,-0.2079,6.65,-12.67,16.31
1.5934,-0.5944,0.7984,-0.2094,5.95,-12.18,14.00
1.5956,-0.5934,0.7959,-0.2103,6.58,-12.18,15.33
1.5979,-0.5934,0.7950,-0.2094,5.39,-11.48,13.44
1.6001,-0.5958,0.8008,-0.2084,6.30,-11.55,14.70
1.6023,-0.5934,0.8023,-0.2108,5.81,-10.43,14.07
1.6046,-0.5905,0.7979,-0.2133,5.11,-10.92,12.32
1.6068,-0.5890,0.7979,-0.2128,5.32,-9.45,13.23
1.6090,-0.5895,0.7989,-0.2089,4.97,-9.80,11.83
1.6113,-0.5915,0.8003,-0.2094,5.11,-8.96,12.88
1.6135,-0.5924,0.8018,-0.2108,4.76,-8.82,11.76
1.6157,-0.5915,0.8018,-0.2113,4.90,-8.61,11.62
1.6180,-0.5895,0.8013,-0.2142,4.41,-8.33,11.27
1.6202,-0.5939,0.8023,-0.2142,4.62,-8.12,11.13
1.6202,-0.5944,0.8047,-0.2147,4.41,-7.49,10.92
1.6203,-0.5929,0.8062,-0.2162,4.06,-7.70,10.15
1.6204,-0.5973,0.8037,-0.2181,4.13,-6.51,10.71
1.6204,-0.5944,0.8013,-0.2162,3.92,-7.21,9.17
1.6205,-0.5915,0.8008,-0.2147,3.99,-5.95,10.78
1.6205,-0.5910,0.8003,-0.2157,3.50,-6.23,8.19
1.6206,-0.5866,0.7993,-0.2157,3.78,-5.46,10.43
1.6206,-0.5812,0.8003,-0.2157,3.36,-5.88,7.35
1.6207,-0.5773,0.8023,-0.2162,3.64,-4.97,9.66
1.6208,-0.5768,0.8037,-0.2162,3.15,-5.46,7.35
1.6208,-0.5763,0.8062,-0.2191,3.64,-4.34,8.89
1.6209,-0.5719,0.8072,-0.2196,2.52,-4.06,7.21
1.6209,-0.5685,0.8076,-0.2206,3.50,-4.20,7.77
1.6210,-0.5685,0.8091,-0.2225,2.45,-3.29,6.93
1.6210,-0.5675,0.8096,-0.2201,3.22,-3.43,7.35
1.6211,-0.5685,0.8111,-0.2201,2.03,-2.66,6.79
1.6211,-0.5680,0.8120,-0.2225,3.29,-2.87,6.37
1.6212,-0.5690,0.8091,-0.2220,2.17,-2.52,6.51
1.6213,-0.5700,0.8076,-0.2255,2.87,-2.31,6.23
1.6213,-0.5690,0.8086,-0.2264,2.17,-2.24,5.95
1.6214,-0.5666,0.8057,-0.2259,2.66,-1.47,5.53
1.6214,-0.5661,0.8013,-0.2289,2.17,-1.82,5.53
1.6214,-0.5656,0.8018,-0.2294,2.45,-1.40,4.90
1.6215,-0.5636,0.8062,-0.2308,2.24,-0.91,5.18
1.6215,-0.5671,0.8057,-0.2294,2.10,-0.70,4.34
1.6216,-0.5675,0.8008,-0.2269,2.24,-0.77,4.90
1.6216,-0.5675,0.8018,-0.2303,1.68,0.00,3.99
1.6217,-0.5675,0.8042,-0.2313,2.31,-0.14,4.13
1.6217,-0.5646,0.8018,-0.2269,1.33,0.56,3.99
1.6217,-0.5641,0.7935,-0.2284,2.31,0.70,3.99
1.6218,-0.5651,0.7930,-0.2342,1.47,1.12,3.50
1.6218,-0.5636,0.7950,-0.2377,1.54,0.84,3.08
1.6219,-0.5622,0.7940,-0.2377,1.54,1.54,3.43
1.6219,-0.5651,0.7925,-0.2367,1.54,1.54,3.01
1.6219,-0.5661,0.7925,-0.2328,1.26,2.17,3.15
1.6220,-0.5632,0.7925,-0.2338,1.40,1.82,2.66
1.6220,-0.5636,0.7910,-0.2367,1.40,2.38,3.08
1.6221,-0.5661,0.7915,-0.2323,1.05,2.80,2.66
1.6221,-0.5651,0.7920,-0.2323,1.19,2.94,2.59
1.6221,-0.5617,0.7925,-0.2328,0.70,3.29,2.31
1.6222,-0.5597,0.7906,-0.2298,1.26,3.43,2.66
1.6222,-0.5617,0.7901,-0.2303,0.49,3.15,1.68
1.6223,-0.5588,0.7896,-0.2357,1.19,3.92,2.80
1.6223,-0.5578,0.7901,-0.2391,0.56,4.20,1.75
1.6223,-0.5602,0.7915,-0.2357,0.98,4.06,2.24
1.6224,-0.5573,0.7925,-0.2328,0.21,4.83,1.61
1.6224,-0.5563,0.7891,-0.2318,1.26,4.48,1.75
1.6225,-0.5573,0.7847,-0.2352,0.21,4.83,1.33
1.6225,-0.5612,0.7832,-0.2372,0.42,4.90,1.68
1.6225,-0.5607,0.7857,-0.2328,0.07,5.81,1.26
1.6226,-0.5583,0.7906,-0.2323,0.07,5.04,1.40
1.6226,-0.5597,0.7915,-0.2338,0.35,6.30,1.19
1.6227,-0.5588,0.7901,-0.2308,0.00,6.09,1.05
1.6227,-0.5568,0.7871,-0.2328,0.28,6.44,1.19
1.6227,-0.5592,0.7876,-0.2386,-0.49,6.51,0.91
1.6228,-0.5583,0.7886,-0.2362,-0.14,6.58,0.77
1.6228,-0.5578,0.7896,-0.2328,-0.35,7.21,0.77
1.6229,-0.5597,0.7915,-0.2357,0.07,6.86,0.63
1.6229,-0.5544,0.7871,-0.2338,-0.28,7.84,0.63
1.6229,-0.5534,0.7842,-0.2352,-0.28,7.56,0.21
1.6234,-0.5568,0.7842,-0.2411,-0.35,8.40,0.28
1.6238,-0.5578,0.7867,-0.2445,-0.35,7.35,0.00
1.6242,-0.5597,0.7901,-0.2406,-0.70,8.96,0.42
1.6247,-0.5578,0.7871,-0.2401,-0.42,7.84,-0.35
1.6251,-0.5573,0.7847,-0.2460,-0.49,9.45,0.14
1.6256,-0.5568,0.7867,-0.2450,-0.70,8.75,-0.35
1.6260,-0.5592,0.7896,-0.2435,-0.70,9.24,-0.42
1.6264,-0.5597,0.7881,-0.2425,-1.05,9.10,-0.49
1.6269,-0.5563,0.7852,-0.2469,-0.77,9.80,-0.49
1.6273,-0.5573,0.7847,-0.2484,-1.19,10.01,-0.49
1.6278,-0.5583,0.7828,-0.2445,-1.33,10.08,-0.70
1.6282,-0.5558,0.7823,-0.2474,-1.12,10.22,-1.26
1.6286,-0.5539,0.7823,-0.2494,-1.19,10.57,-0.84
1.6291,-0.5544,0.7784,-0.2499,-1.47,10.92,-1.12
1.6295,-0.5563,0.7793,-0.2518,-1.33,10.50,-1.40
1.6299,-0.5553,0.7808,-0.2513,-1.54,11.34,-1.61
1.6304,-0.5534,0.7774,-0.2499,-1.40,10.92,-1.54
1.6308,-0.5558,0.7725,-0.2582,-1.82,11.62,-1.96
1.6313,-0.5558,0.7730,-0.2630,-1.75,11.48,-1.68
1.6317,-0.5568,0.7769,-0.2586,-1.75,11.55,-2.17
1.6328,-0.5578,0.7720,-0.2567,-1.75,12.25,-1.75
1.6340,-0.5553,0.7647,-0.2538,-1.96,11.97,-2.66
1.6351,-0.5534,0.7652,-0.2562,-2.10,12.53,-2.10
1.6363,-0.5558,0.7657,-0.2625,-2.31,12.53,-2.80
1.6374,-0.5558,0.7637,-0.2625,-1.96,12.53,-2.38
1.6386,-0.5524,0.7608,-0.2611,-2.87,12.67,-2.80
1.6397,-0.5529,0.7584,-0.2655,-2.94,13.23,-2.80
1.6409,-0.5544,0.7584,-0.2655,-2.87,13.23,-2.80
1.6420,-0.5553,0.7554,-0.2664,-3.15,13.23,-3.64
1.6432,-0.5553,0.7535,-0.2694,-3.01,14.07,-2.87
1.6443,-0.5568,0.7535,-0.2728,-3.29,13.72,-3.43
1.6455,-0.5588,0.7520,-0.2738,-2.94,14.14,-3.36
1.6466,-0.5602,0.7486,-0.2743,-3.50,14.35,-3.85
1.6478,-0.5622,0.7466,-0.2733,-3.64,14.42,-3.50
1.6489,-0.5597,0.7466,-0.2728,-3.78,14.56,-4.13
1.6501,-0.5573,0.7418,-0.2704,-3.71,14.28,-4.13
1.6512,-0.5568,0.7408,-0.2694,-3.99,15.19,-4.13
1.6524,-0.5592,0.7442,-0.2738,-4.62,14.84,-4.41
1.6535,-0.5612,0.7418,-0.2752,-4.20,15.61,-4.27
1.6546,-0.5607,0.7374,-0.2718,-4.62,15.12,-4.41
1.6547,-0.5607,0.7305,-0.2699,-4.34,15.68,-4.48
1.6547,-0.5607,0.7261,-0.2733,-5.04,15.33,-5.04
1.6548,-0.5612,0.7271,-0.2723,-4.83,16.03,-4.27
1.6548,-0.5622,0.7281,-0.2699,-5.53,16.17,-5.18
1.6549,-0.5646,0.7266,-0.2718,-5.11,16.24,-4.48
1.6549,-0.5636,0.7247,-0.2772,-5.67,16.24,-5.25
1.6550,-0.5627,0.7237,-0.2821,-5.74,16.87,-5.25
1.6550,-0.5636,0.7193,-0.2835,-6.02,16.59,-4.97
1.6551,-0.5632,0.7164,-0.2816,-6.44,17.08,-5.32
1.6551,-0.5656,0.7154,-0.2791,-6.65,16.66,-5.04
1.6552,-0.5617,0.7120,-0.2791,-6.58,17.78,-5.32
1.6552,-0.5607,0.7130,-0.2772,-6.79,16.94,-5.46
1.6553,-0.5641,0.7149,-0.2786,-7.21,17.85,-5.46
1.6553,-0.5646,0.7130,-0.2855,-7.21,17.22,-5.74
1.6554,-0.5656,0.7105,-0.2840,-7.35,17.85,-5.46
1.6554,-0.5671,0.7096,-0.2821,-7.77,17.99,-5.74
1.6555,-0.5656,0.7091,-0.2830,-7.84,18.13,-5.81
1.6555,-0.5632,0.7076,-0.2865,-8.26,18.20,-5.95
1.6556,-0.5661,0.7076,-0.2879,-8.26,18.34,-6.16
1.6556,-0.5690,0.7071,-0.2855,-8.89,18.76,-5.95
1.6562,-0.5700,0.7071,-0.2884,-8.75,18.62,-5.81
1.6567,-0.5705,0.7056,-0.2894,-8.89,19.11,-6.37
1.6573,-0.5690,0.7027,-0.2889,-9.10,18.76,-5.88
1.6579,-0.5680,0.7022,-0.2908,-9.52,19.74,-6.23
1.6584,-0.5695,0.7003,-0.2899,-9.66,19.18,-6.65
1.6590,-0.5710,0.6993,-0.2913,-9.80,20.16,-5.95
1.6596,-0.5729,0.7017,-0.2938,-9.66,19.32,-6.79
1.6601,-0.5714,0.7027,-0.2938,-10.22,20.51,-5.81
1.6607,-0.5714,0.6988,-0.2952,-10.78,19.46,-7.63
1.6612,-0.5714,0.6974,-0.2962,-10.71,20.23,-6.09
1.6618,-0.5680,0.6974,-0.3001,-11.20,19.81,-7.49
1.6624,-0.5705,0.6959,-0.2982,-10.99,20.79,-6.16
1.6629,-0.5729,0.6969,-0.2952,-11.41,20.23,-7.49
1.6635,-0.5729,0.6993,-0.2996,-11.41,20.65,-6.58
1.6641,-0.5754,0.7003,-0.3040,-11.83,20.51,-7.63
1.6646,-0.5724,0.6983,-0.3050,-12.18,20.79,-6.86
1.6652,-0.5719,0.6978,-0.3030,-12.46,21.00,-7.28
1.6658,-0.5754,0.6998,-0.3065,-12.32,20.86,-7.07
1.6663,-0.5763,0.6983,-0.3109,-13.16,21.49,-7.63
1.6669,-0.5758,0.6949,-0.3113,-12.74,21.00,-7.21
1.6681,-0.5719,0.6954,-0.3138,-13.09,21.91,-7.49
1.6692,-0.5695,0.6949,-0.3187,-13.09,20.65,-7.84
1.6704,-0.5739,0.6988,-0.3196,-13.44,21.84,-7.77
1.6715,-0.5705,0.6988,-0.3182,-13.79,22.19,-7.35
1.6727,-0.5700,0.7003,-0.3235,-14.07,21.98,-7.84
1.6738,-0.5729,0.6974,-0.3274,-14.14,21.70,-7.77
1.6750,-0.5724,0.6959,-0.3279,-14.70,22.05,-8.12
1.6762,-0.5700,0.6983,-0.3260,-14.56,21.98,-7.70
1.6773,-0.5656,0.6983,-0.3216,-14.77,22.75,-7.91
1.6785,-0.5646,0.6998,-0.3250,-14.70,22.12,-8.26
1.6796,-0.5661,0.7027,-0.3294,-14.91,22.61,-8.19
1.6808,-0.5656,0.7022,-0.3314,-15.12,22.26,-8.33
1.6819,-0.5651,0.7037,-0.3372,-15.54,22.61,-8.05
1.6831,-0.5695,0.7042,-0.3377,-15.61,22.40,-8.40
1.6843,-0.5724,0.7027,-0.3353,-15.82,22.47,-8.12
1.6854,-0.5695,0.6988,-0.3367,-15.96,22.54,-8.33
1.6866,-0.5690,0.6969,-0.3396,-15.96,22.96,-8.12
1.6877,-0.5695,0.7013,-0.3436,-16.17,22.61,-8.40
1.6889,-0.5705,0.7052,-0.3465,-16.45,22.61,-8.33
1.6901,-0.5705,0.7047,-0.3455,-16.45,22.82,-8.61
1.6916,-0.5710,0.7027,-0.3440,-16.66,22.26,-8.61
1.6931,-0.5705,0.7037,-0.3455,-16.80,22.61,-8.40
1.6947,-0.5680,0.7096,-0.3475,-16.94,23.38,-8.54
1.6962,-0.5700,0.7120,-0.3514,-17.29,22.61,-8.75
1.6977,-0.5695,0.7100,-0.3572,-17.29,24.01,-8.33
1.6993,-0.5685,0.7100,-0.3577,-17.43,22.26,-9.10
1.7008,-0.5675,0.7086,-0.3562,-17.50,23.24,-8.54
1.7023,-0.5641,0.7115,-0.3553,-17.78,22.54,-9.24
1.7039,-0.5627,0.7144,-0.3592,-17.71,23.73,-8.68
1.7054,-0.5617,0.7149,-0.3611,-17.78,22.54,-9.24
1.7069,-0.5607,0.7222,-0.3631,-17.64,23.10,-9.24
1.7085,-0.5607,0.7242,-0.3660,-17.99,23.10,-9.03
1.7100,-0.5636,0.7203,-0.3645,-17.99,22.96,-9.10
1.7115,-0.5646,0.7218,-0.3636,-18.13,22.96,-9.45
1.7131,-0.5622,0.7247,-0.3650,-18.27,22.96,-9.66
1.7146,-0.5622,0.7266,-0.3660,-18.20,23.03,-9.45
1.7161,-0.5641,0.7286,-0.3689,-18.55,22.96,-9.31
1.7177,-0.5636,0.7325,-0.3728,-18.27,22.89,-9.73
1.7192,-0.5636,0.7340,-0.3738,-18.34,22.82,-9.94
1.7207,-0.5627,0.7349,-0.3787,-18.13,23.10,-9.73
1.7208,-0.5627,0.7369,-0.3806,-18.55,22.68,-10.22
1.7209,-0.5583,0.7403,-0.3826,-18.34,22.96,-10.15
1.7209,-0.5607,0.7457,-0.3845,-18.62,22.47,-10.43
1.7210,-0.5617,0.7530,-0.3860,-18.48,23.10,-10.29
1.7210,-0.5646,0.7530,-0.3909,-18.69,22.26,-10.78
1.7211,-0.5666,0.7501,-0.3919,-18.06,22.82,-10.64
1.7211,-0.5651,0.7530,-0.3904,-18.76,21.91,-11.27
1.7212,-0.5666,0.7540,-0.3943,-18.13,22.61,-10.99
1.7212,-0.5666,0.7530,-0.3972,-18.90,21.98,-11.41
1.7213,-0.5680,0.7598,-0.3992,-18.20,22.19,-11.27
1.7214,-0.5690,0.7691,-0.3997,-18.48,21.70,-12.11
1.7214,-0.5700,0.7691,-0.4002,-18.62,22.33,-11.76
1.7215,-0.5700,0.7710,-0.4041,-18.27,21.91,-11.97
1.7215,-0.5675,0.7779,-0.4070,-18.41,21.77,-12.39
1.7216,-0.5671,0.7832,-0.4109,-18.27,21.56,-12.25
1.7216,-0.5675,0.7837,-0.4138,-18.34,21.56,-12.81
1.7217,-0.5685,0.7837,-0.4128,-17.64,21.77,-12.95
1.7218,-0.5690,0.7862,-0.4109,-18.20,21.56,-12.67
1.7218,-0.5710,0.7915,-0.4128,-17.64,21.56,-12.95
1.7219,-0.5754,0.7945,-0.4182,-17.71,21.35,-13.72
1.7219,-0.5739,0.7940,-0.4216,-17.71,21.21,-13.86
1.7219,-0.5714,0.7969,-0.4197,-17.43,20.86,-14.21
1.7220,-0.5710,0.8008,-0.4221,-17.50,21.28,-13.65
1.7220,-0.5714,0.8057,-0.4236,-17.22,20.86,-14.77
1.7221,-0.5734,0.8057,-0.4207,-17.43,21.21,-14.35
1.7221,-0.5710,0.8062,-0.4236,-16.66,20.72,-14.84
1.7222,-0.5700,0.8120,-0.4221,-16.87,20.44,-15.26
1.7222,-0.5705,0.8169,-0.4216,-16.87,20.44,-15.54
1.7222,-0.5724,0.8184,-0.4246,-16.38,20.37,-15.61
1.7223,-0.5739,0.8228,-0.4265,-16.45,20.37,-15.61
1.7223,-0.5749,0.8296,-0.4290,-15.89,19.88,-16.03
1.7224,-0.5749,0.8301,-0.4299,-16.10,20.30,-16.38
1.7224,-0.5739,0.8272,-0.4329,-15.61,19.88,-16.52
1.7224,-0.5754,0.8272,-0.4348,-15.47,20.23,-16.52
1.7225,-0.5778,0.8311,-0.4358,-15.47,19.67,-16.87
1.7225,-0.5768,0.8311,-0.4377,-15.33,19.81,-16.94
1.7226,-0.5739,0.8316,-0.4363,-14.63,19.04,-17.92
1.7226,-0.5734,0.8359,-0.4348,-14.77,19.88,-16.87
1.7227,-0.5739,0.8379,-0.4372,-14.21,19.67,-17.64
1.7227,-0.5724,0.8398,-0.4387,-14.70,19.53,-17.22
1.7232,-0.5714,0.8423,-0.4387,-14.00,19.25,-18.27
1.7238,-0.5734,0.8418,-0.4407,-14.00,19.32,-17.71
1.7243,-0.5739,0.8447,-0.4426,-13.79,19.53,-18.13
1.7248,-0.5744,0.8491,-0.4436,-13.23,19.04,-18.20
1.7254,-0.5749,0.8506,-0.4416,-13.23,19.25,-18.27
1.7259,-0.5758,0.8486,-0.4416,-12.74,18.62,-18.62
1.7265,-0.5758,0.8452,-0.4455,-12.74,19.04,-18.13
1.7270,-0.5768,0.8457,-0.4470,-12.18,18.48,-18.83
1.7275,-0.5773,0.8477,-0.4455,-12.74,19.11,-18.48
1.7281,-0.5768,0.8467,-0.4475,-11.90,18.27,-19.04
1.7286,-0.5788,0.8481,-0.4499,-12.18,18.69,-18.55
1.7291,-0.5797,0.8516,-0.4490,-11.27,18.41,-19.25
1.7297,-0.5807,0.8516,-0.4465,-11.48,18.62,-18.55
1.7302,-0.5797,0.8535,-0.4485,-10.92,17.92,-19.32
1.7307,-0.5788,0.8540,-0.4485,-11.06,18.20,-18.55
1.7313,-0.5817,0.8516,-0.4480,-10.50,17.50,-19.60
1.7318,-0.5797,0.8516,-0.4509,-10.57,17.99,-18.90
1.7324,-0.5797,0.8560,-0.4509,-10.22,17.78,-18.83
1.7329,-0.5807,0.8550,-0.4543,-9.73,17.92,-18.76
1.7334,-0.5773,0.8516,-0.4582,-9.87,17.92,-18.76
1.7340,-0.5763,0.8535,-0.4543,-9.59,17.92,-19.04
1.7346,-0.5778,0.8550,-0.4548,-9.45,17.85,-18.27
1.7352,-0.5768,0.8550,-0.4587,-9.17,17.78,-19.04
1.7358,-0.5758,0.8535,-0.4568,-8.96,17.22,-18.48
1.7364,-0.5749,0.8550,-0.4577,-8.40,17.57,-18.41
1.7370,-0.5754,0.8560,-0.4573,-8.40,17.36,-18.20
1.7376,-0.5739,0.8511,-0.4543,-7.98,17.36,-18.55
1.7382,-0.5724,0.8491,-0.4602,-8.12,17.22,-18.13
1.7388,-0.5724,0.8501,-0.4665,-7.84,17.08,-18.20
1.7394,-0.5666,0.8540,-0.4641,-7.21,16.94,-17.99
1.7400,-0.5651,0.8569,-0.4607,-7.56,17.15,-17.64
1.7406,-0.5656,0.8589,-0.4641,-6.93,16.73,-17.78
1.7412,-0.5671,0.8579,-0.4665,-7.28,16.87,-17.64
1.7418,-0.5666,0.8555,-0.4699,-6.30,16.45,-17.50
1.7425,-0.5617,0.8550,-0.4699,-6.58,16.66,-17.71
1.7431,-0.5617,0.8535,-0.4660,-6.37,16.24,-17.01
1.7437,-0.5666,0.8540,-0.4656,-6.09,16.87,-16.73
1.7443,-0.5675,0.8535,-0.4670,-5.95,16.24,-17.01
1.7449,-0.5651,0.8516,-0.4685,-5.74,16.52,-16.52
1.7455,-0.5622,0.8511,-0.4729,-5.88,16.03,-16.52
1.7461,-0.5636,0.8525,-0.4738,-5.11,16.45,-15.61
1.7467,-0.5646,0.8516,-0.4738,-5.53,15.89,-16.52
1.7474,-0.5632,0.8457,-0.4719,-4.76,15.96,-15.47
1.7480,-0.5636,0.8418,-0.4695,-5.25,16.03,-15.96
1.7487,-0.5641,0.8433,-0.4675,-4.55,15.89,-14.91
1.7493,-0.5632,0.8467,-0.4665,-4.90,15.89,-15.33
1.7499,-0.5597,0.8442,-0.4719,-4.06,15.40,-14.91
1.7506,-0.5588,0.8379,-0.4729,-4.62,15.54,-14.70
1.7512,-0.5588,0.8350,-0.4685,-4.20,15.33,-14.63
1.7519,-0.5583,0.8355,-0.4719,-4.34,15.61,-14.07
1.7525,-0.5597,0.8359,-0.4729,-3.85,15.12,-14.07
1.7531,-0.5568,0.8306,-0.4719,-3.71,15.19,-13.65
1.7538,-0.5544,0.8233,-0.4719,-3.92,15.26,-13.37
1.7544,-0.5549,0.8198,-0.4685,-3.50,14.98,-12.67
1.7551,-0.5524,0.8189,-0.4699,-3.50,15.54,-12.32
1.7557,-0.5510,0.8179,-0.4709,-3.50,14.98,-12.11
1.7564,-0.5490,0.8140,-0.4709,-3.71,15.47,-11.97
1.7570,-0.5500,0.8086,-0.4724,-3.15,14.70,-11.55
1.7576,-0.5519,0.8081,-0.4719,-3.64,15.05,-11.06
1.7583,-0.5529,0.8106,-0.4729,-3.15,14.56,-10.85
1.7588,-0.5524,0.8086,-0.4724,-3.57,14.91,-10.29
1.7593,-0.5505,0.8042,-0.4709,-3.01,14.35,-10.29
1.7598,-0.5510,0.8013,-0.4685,-3.29,15.12,-9.52
1.7603,-0.5519,0.7964,-0.4690,-3.22,14.56,-9.17
1.7609,-0.5495,0.7935,-0.4690,-3.43,14.84,-8.82
1.7614,-0.5495,0.7930,-0.4646,-2.73,14.84,-8.33
1.7619,-0.5524,0.7867,-0.4665,-3.29,14.63,-8.05
1.7624,-0.5534,0.7847,-0.4660,-3.15,14.70,-7.84
1.7629,-0.5495,0.7842,-0.4641,-3.36,14.63,-6.93
1.7634,-0.5480,0.7793,-0.4616,-3.36,14.49,-6.93
1.7640,-0.5529,0.7745,-0.4607,-3.29,14.35,-6.51
1.7645,-0.5544,0.7730,-0.4616,-3.43,14.84,-6.23
1.7650,-0.5519,0.7706,-0.4607,-3.43,14.21,-5.25
1.7655,-0.5519,0.7691,-0.4612,-3.22,14.91,-4.97
1.7660,-0.5510,0.7652,-0.4607,-3.64,13.93,-4.69
1.7666,-0.5490,0.7598,-0.4626,-3.29,15.54,-3.78
1.7671,-0.5480,0.7593,-0.4660,-3.71,13.79,-4.13
1.7676,-0.5480,0.7564,-0.4646,-3.78,14.84,-3.01
1.7681,-0.5490,0.7569,-0.4612,-3.92,14.14,-3.29
1.7686,-0.5490,0.7554,-0.4577,-3.71,15.05,-2.03
1.7691,-0.5480,0.7481,-0.4553,-4.27,13.72,-2.52
1.7696,-0.5470,0.7432,-0.4543,-4.20,14.98,-1.47
1.7701,-0.5456,0.7403,-0.4534,-4.27,14.35,-1.12
1.7707,-0.5441,0.7349,-0.4519,-4.41,15.05,-0.35
1.7712,-0.5412,0.7315,-0.4529,-4.69,14.56,-0.84
1.7717,-0.5466,0.7300,-0.4534,-4.76,15.05,0.21
1.7722,-0.5480,0.7261,-0.4543,-5.04,14.84,0.07
1.7727,-0.5436,0.7227,-0.4524,-5.18,14.63,0.84
1.7732,-0.5446,0.7227,-0.4465,-5.53,14.84,0.77
1.7737,-0.5436,0.7208,-0.4485,-5.39,14.91,1.75
1.7742,-0.5427,0.7203,-0.4509,-5.46,14.77,1.75
1.7747,-0.5392,0.7135,-0.4534,-5.81,14.77,2.03
1.7752,-0.5397,0.7100,-0.4519,-6.16,15.47,3.29
1.7757,-0.5422,0.7037,-0.4509,-6.58,15.33,3.22
1.7762,-0.5397,0.7037,-0.4529,-6.86,14.98,3.29
1.7767,-0.5392,0.6998,-0.4490,-7.14,15.12,3.64
1.7772,-0.5412,0.6949,-0.4504,-7.35,15.12,3.99
1.7777,-0.5417,0.6930,-0.4553,-7.42,15.26,3.92
1.7783,-0.5383,0.6856,-0.4494,-7.84,15.19,4.48
1.7788,-0.5407,0.6788,-0.4470,-8.19,15.40,4.41
1.7794,-0.5397,0.6788,-0.4490,-8.40,15.33,4.76
1.7800,-0.5344,0.6812,-0.4475,-8.61,15.26,5.25
1.7807,-0.5388,0.6798,-0.4465,-9.10,15.47,4.97
1.7813,-0.5368,0.6749,-0.4465,-8.89,15.54,5.95
1.7820,-0.5329,0.6730,-0.4451,-9.59,15.75,5.53
1.7826,-0.5358,0.6690,-0.4460,-9.66,15.40,5.95
1.7833,-0.5363,0.6671,-0.4485,-10.22,16.17,5.60
1.7839,-0.5339,0.6671,-0.4480,-10.29,15.61,6.30
1.7846,-0.5324,0.6632,-0.4421,-10.85,16.03,6.37
1.7852,-0.5358,0.6637,-0.4377,-11.06,15.33,6.16
1.7858,-0.5339,0.6627,-0.4368,-11.48,16.38,6.44
1.7865,-0.5329,0.6554,-0.4455,-11.76,15.54,6.23
1.7871,-0.5270,0.6525,-0.4392,-12.60,15.68,6.23
1.7878,-0.5300,0.6505,-0.4382,-12.60,16.52,7.07
1.7884,-0.5329,0.6510,-0.4397,-13.44,16.10,6.65
1.7891,-0.5319,0.6510,-0.4382,-13.09,16.80,7.00
1.7897,-0.5300,0.6500,-0.4377,-14.07,16.31,6.37
1.7903,-0.5305,0.6490,-0.4382,-13.79,17.22,7.00
1.7910,-0.5309,0.6456,-0.4353,-14.84,16.87,6.51
1.7916,-0.5295,0.6412,-0.4368,-14.63,16.94,6.93
1.7931,-0.5290,0.6417,-0.4387,-15.26,17.15,6.72
1.7946,-0.5305,0.6437,-0.4363,-15.26,16.66,6.86
1.7960,-0.5324,0.6446,-0.4348,-15.96,17.50,6.93
1.7975,-0.5314,0.6422,-0.4353,-16.17,17.22,6.44
1.7990,-0.5300,0.6388,-0.4363,-16.38,17.50,6.65
1.8005,-0.5329,0.6412,-0.4329,-16.94,17.64,6.44
1.8019,-0.5353,0.6398,-0.4299,-17.01,17.71,6.58
1.8034,-0.5344,0.6364,-0.4314,-17.57,17.71,6.16
1.8049,-0.5334,0.6373,-0.4329,-17.57,18.13,6.44
1.8064,-0.5319,0.6373,-0.4304,-18.20,17.92,5.95
1.8078,-0.5266,0.6349,-0.4304,-18.34,18.55,6.58
1.8093,-0.5280,0.6349,-0.4285,-18.83,17.99,5.32
1.8108,-0.5334,0.6388,-0.4270,-18.90,19.04,6.79
1.8123,-0.5309,0.6393,-0.4294,-19.67,18.41,4.97
1.8137,-0.5319,0.6368,-0.4304,-19.39,18.83,6.30
1.8152,-0.5334,0.6398,-0.4299,-20.65,18.55,4.83
1.8167,-0.5358,0.6442,-0.4275,-19.95,19.11,5.88
1.8182,-0.5383,0.6466,-0.4226,-20.86,19.25,5.04
1.8196,-0.5368,0.6466,-0.4221,-20.65,19.04,5.32
1.8211,-0.5378,0.6461,-0.4246,-21.28,19.67,5.04
1.8212,-0.5388,0.6446,-0.4285,-21.21,19.60,4.90
1.8212,-0.5407,0.6442,-0.4314,-21.84,19.95,5.11
1.8213,-0.5431,0.6442,-0.4260,-21.70,19.95,4.76
1.8213,-0.5446,0.6427,-0.4216,-21.98,20.58,4.97
1.8214,-0.5441,0.6446,-0.4216,-22.61,20.16,4.27
1.8214,-0.5446,0.6490,-0.4202,-22.40,20.79,4.69
1.8215,-0.5446,0.6495,-0.4197,-23.03,20.79,4.20
1.8215,-0.5436,0.6505,-0.4216,-22.96,20.44,3.92
1.8216,-0.5402,0.6559,-0.4241,-23.73,21.14,3.71
1.8217,-0.5368,0.6593,-0.4250,-23.24,20.86,3.50
1.8217,-0.5397,0.6583,-0.4241,-24.57,21.70,3.43
1.8218,-0.5383,0.6598,-0.4216,-23.38,20.93,2.94
1.8218,-0.5373,0.6632,-0.4226,-24.92,22.19,2.87
1.8219,-0.5402,0.6622,-0.4236,-24.15,21.49,2.66
1.8219,-0.5402,0.6632,-0.4231,-24.71,22.47,2.24
1.8220,-0.5363,0.6681,-0.4211,-24.78,21.42,1.89
1.8220,-0.5353,0.6690,-0.4172,-24.92,22.75,1.75
1.8221,-0.5402,0.6676,-0.4202,-25.20,22.05,1.33
1.8222,-0.5392,0.6686,-0.4241,-25.41,23.10,1.19
1.8222,-0.5392,0.6754,-0.4250,-25.97,22.33,0.84
1.8223,-0.5402,0.6754,-0.4255,-25.48,23.45,0.77
1.8224,-0.5388,0.6734,-0.4231,-26.25,22.19,-0.28
1.8225,-0.5383,0.6749,-0.4216,-25.83,23.45,0.14
1.8226,-0.5392,0.6734,-0.4211,-26.39,22.96,-1.26
1.8227,-0.5378,0.6744,-0.4187,-25.97,23.73,-0.42
1.8228,-0.5334,0.6759,-0.4221,-26.88,23.52,-1.47
1.8229,-0.5324,0.6832,-0.4231,-26.60,24.08,-0.98
1.8230,-0.5368,0.6866,-0.4182,-27.09,23.59,-2.52
1.8231,-0.5388,0.6881,-0.4182,-27.09,24.50,-1.89
1.8232,-0.5422,0.6891,-0.4236,-26.95,24.22,-2.45
1.8233,-0.5451,0.6881,-0.4265,-27.23,24.50,-2.73
1.8234,-0.5397,0.6910,-0.4250,-26.95,24.36,-3.29
1.8235,-0.5363,0.6949,-0.4270,-27.44,24.43,-3.43
1.8236,-0.5388,0.6949,-0.4265,-27.16,24.71,-3.50
1.8237,-0.5412,0.6949,-0.4231,-27.44,24.71,-4.41
1.8238,-0.5402,0.6959,-0.4241,-27.37,25.20,-3.92
1.8239,-0.5397,0.6969,-0.4250,-27.72,25.06,-5.32
1.8240,-0.5383,0.6993,-0.4226,-27.51,25.34,-4.76
1.8241,-0.5373,0.6998,-0.4260,-27.86,25.34,-5.32
1.8242,-0.5383,0.7003,-0.4275,-27.58,25.48,-4.76
1.8247,-0.5368,0.7052,-0.4265,-27.79,25.76,-5.95
1.8252,-0.5363,0.7091,-0.4304,-27.79,25.55,-5.32
1.8258,-0.5392,0.7100,-0.4304,-27.72,26.18,-6.09
1.8263,-0.5368,0.7144,-0.4299,-27.93,26.11,-6.37
1.8268,-0.5339,0.7174,-0.4299,-27.79,26.32,-6.30
1.8274,-0.5339,0.7169,-0.4294,-27.93,26.11,-6.58
1.8279,-0.5334,0.7193,-0.4309,-27.72,26.32,-6.65
1.8284,-0.5314,0.7227,-0.4275,-28.07,26.32,-7.28
1.8290,-0.5295,0.7213,-0.4270,-27.72,26.25,-6.51
1.8295,-0.5280,0.7198,-0.4275,-28.00,26.25,-7.70
1.8300,-0.5275,0.7222,-0.4270,-27.37,26.46,-7.00
1.8306,-0.5266,0.7271,-0.4285,-27.93,27.30,-7.91
1.8311,-0.5246,0.7320,-0.4299,-27.37,26.11,-7.07
1.8316,-0.5261,0.7349,-0.4285,-27.86,27.23,-8.33
1.8322,-0.5241,0.7393,-0.4290,-27.51,26.60,-7.70
1.8327,-0.5168,0.7413,-0.4290,-27.16,26.81,-8.26
1.8332,-0.5163,0.7393,-0.4285,-27.37,26.67,-7.98
1.8338,-0.5192,0.7403,-0.4294,-27.09,27.23,-8.47
1.8343,-0.5178,0.7432,-0.4250,-26.95,26.60,-8.40
1.8348,-0.5183,0.7496,-0.4255,-27.23,27.37,-8.68
1.8354,-0.5153,0.7535,-0.4275,-26.88,26.88,-8.96
1.8360,-0.5109,0.7525,-0.4250,-26.95,27.30,-8.68
1.8366,-0.5139,0.7535,-0.4250,-26.81,27.23,-8.96
1.8372,-0.5134,0.7569,-0.4265,-26.88,27.16,-9.03
1.8378,-0.5100,0.7579,-0.4246,-26.46,27.09,-8.89
1.8384,-0.5070,0.7579,-0.4255,-26.60,26.95,-9.31
1.8390,-0.5036,0.7584,-0.4231,-26.46,27.58,-9.17
1.8396,-0.5041,0.7613,-0.4236,-26.46,26.11,-9.80
1.8402,-0.5065,0.7642,-0.4260,-26.46,27.65,-9.45
1.8408,-0.5061,0.7632,-0.4260,-26.04,26.11,-9.94
1.8414,-0.5007,0.7647,-0.4260,-25.62,27.30,-9.59
1.8420,-0.5002,0.7686,-0.4260,-26.11,26.46,-10.29
1.8426,-0.4997,0.7696,-0.4265,-25.55,27.09,-9.66
1.8432,-0.4987,0.7691,-0.4290,-25.76,26.67,-10.36
1.8438,-0.4997,0.7666,-0.4299,-25.55,26.74,-9.73
1.8444,-0.5026,0.7696,-0.4280,-25.27,26.53,-10.71
1.8450,-0.5046,0.7784,-0.4246,-25.34,26.53,-9.73
1.8456,-0.5012,0.7793,-0.4246,-25.34,26.53,-10.71
1.8462,-0.4982,0.7774,-0.4290,-24.71,26.46,-10.08
1.8468,-0.4934,0.7769,-0.4290,-24.78,26.18,-10.99
1.8474,-0.4924,0.7798,-0.4241,-24.85,26.25,-10.57
1.8480,-0.4953,0.7828,-0.4260,-24.57,26.11,-10.92
1.8486,-0.4934,0.7788,-0.4309,-24.36,25.90,-10.36
1.8492,-0.4939,0.7749,-0.4314,-24.57,26.11,-11.06
1.8498,-0.4943,0.7779,-0.4285,-24.15,26.11,-10.57
1.8505,-0.4909,0.7759,-0.4265,-23.87,25.76,-10.50
1.8511,-0.4900,0.7725,-0.4319,-23.87,25.34,-11.20
1.8517,-0.4919,0.7745,-0.4353,-23.94,25.97,-10.64
1.8523,-0.4924,0.7754,-0.4338,-23.59,25.13,-11.20
1.8529,-0.4914,0.7764,-0.4333,-23.73,25.62,-10.78
1.8535,-0.4890,0.7764,-0.4304,-23.59,24.64,-11.27
1.8541,-0.4880,0.7740,-0.4294,-22.96,25.41,-10.57
1.8547,-0.4880,0.7730,-0.4333,-23.80,24.64,-11.27
1.8553,-0.4846,0.7735,-0.4358,-22.61,24.92,-10.43
1.8560,-0.4826,0.7696,-0.4333,-23.31,24.36,-11.41
1.8566,-0.4836,0.7681,-0.4319,-22.61,24.71,-10.50
1.8572,-0.4841,0.7720,-0.4329,-23.10,23.80,-11.48
1.8578,-0.4846,0.7715,-0.4314,-22.47,24.15,-10.50
1.8584,-0.4836,0.7696,-0.4304,-22.96,23.80,-11.27
1.8590,-0.4821,0.7725,-0.4309,-22.26,24.15,-10.43
1.8595,-0.4846,0.7749,-0.4333,-22.75,23.17,-11.62
1.8600,-0.4865,0.7764,-0.4353,-22.12,23.03,-10.43
1.8605,-0.4900,0.7764,-0.4353,-22.40,23.24,-10.99
1.8611,-0.4895,0.7740,-0.4353,-22.05,22.75,-10.92
1.8616,-0.4895,0.7769,-0.4333,-22.12,22.68,-10.78
1.8621,-0.4914,0.7788,-0.4333,-22.33,22.54,-10.36
1.8626,-0.4890,0.7735,-0.4343,-21.70,22.68,-10.57
1.8631,-0.4880,0.7740,-0.4363,-22.05,22.40,-10.57
1.8636,-0.4885,0.7788,-0.4363,-22.05,22.05,-10.36
1.8641,-0.4885,0.7784,-0.4348,-21.77,21.84,-10.50
1.8646,-0.4924,0.7779,-0.4324,-21.56,21.56,-10.29
1.8651,-0.4948,0.7769,-0.4333,-21.63,21.63,-10.36
1.8657,-0.4919,0.7759,-0.4353,-21.56,21.07,-10.01
1.8662,-0.4934,0.7769,-0.4348,-21.28,20.93,-10.43
1.8667,-0.4978,0.7740,-0.4358,-21.28,21.07,-9.59
1.8672,-0.4978,0.7759,-0.4358,-21.35,20.79,-10.36
1.8677,-0.4939,0.7769,-0.4338,-21.35,20.72,-9.80
1.8682,-0.4929,0.7715,-0.4309,-21.21,20.51,-10.01
1.8687,-0.4973,0.7696,-0.4319,-20.86,20.23,-9.66
1.8692,-0.4992,0.7720,-0.4333,-21.28,20.16,-9.66
1.8704,-0.4963,0.7745,-0.4343,-21.21,19.74,-9.03
1.8715,-0.5017,0.7735,-0.4333,-21.07,19.67,-9.31
1.8727,-0.5022,0.7730,-0.4348,-21.14,19.11,-9.24
1.8738,-0.5065,0.7720,-0.4348,-20.58,19.60,-8.82
1.8750,-0.5095,0.7701,-0.4329,-21.21,18.76,-8.75
1.8762,-0.5090,0.7681,-0.4324,-20.72,19.18,-8.96
1.8773,-0.5104,0.7662,-0.4324,-21.07,18.34,-8.47
1.8785,-0.5119,0.7666,-0.4304,-20.44,18.76,-8.40
1.8796,-0.5104,0.7662,-0.4304,-21.07,18.34,-8.68
1.8808,-0.5124,0.7637,-0.4285,-20.30,18.41,-8.26
1.8819,-0.5168,0.7666,-0.4280,-21.35,18.13,-8.61
1.8831,-0.5202,0.7706,-0.4290,-20.30,18.13,-7.56
1.8842,-0.5197,0.7681,-0.4299,-21.28,17.92,-8.47
1.8854,-0.5197,0.7666,-0.4329,-20.86,17.92,-7.00
1.8865,-0.5212,0.7666,-0.4333,-21.14,17.43,-8.33
1.8877,-0.5226,0.7681,-0.4319,-20.44,17.36,-6.79
1.8888,-0.5314,0.7686,-0.4290,-21.21,17.64,-7.91
1.8900,-0.5319,0.7666,-0.4309,-20.86,17.57,-6.23
1.8911,-0.5270,0.7662,-0.4304,-21.00,16.94,-7.77
1.8923,-0.5329,0.7652,-0.4314,-20.72,17.15,-6.16
1.8938,-0.5348,0.7696,-0.4285,-20.86,16.66,-7.21
1.8953,-0.5344,0.7676,-0.4304,-20.79,16.87,-6.58
1.8968,-0.5358,0.7637,-0.4309,-20.93,16.52,-6.02
1.8983,-0.5348,0.7642,-0.4353,-21.21,16.87,-6.02
1.8998,-0.5412,0.7686,-0.4358,-20.93,16.31,-5.81
1.9013,-0.5461,0.7701,-0.4333,-20.86,16.45,-5.53
1.9028,-0.5451,0.7701,-0.4304,-20.72,16.10,-5.74
1.9043,-0.5466,0.7681,-0.4348,-21.42,16.31,-5.04
1.9058,-0.5495,0.7671,-0.4402,-21.21,16.03,-5.25
1.9073,-0.5514,0.7696,-0.4387,-21.07,16.10,-4.69
1.9088,-0.5514,0.7696,-0.4392,-21.07,15.75,-5.46
1.9103,-0.5553,0.7676,-0.4377,-21.14,15.96,-4.13
1.9118,-0.5588,0.7662,-0.4387,-21.14,15.68,-5.04
1.9133,-0.5563,0.7676,-0.4412,-20.93,15.96,-3.78
1.9148,-0.5568,0.7701,-0.4397,-21.42,15.61,-4.90
1.9164,-0.5583,0.7706,-0.4392,-21.07,15.61,-3.50
1.9179,-0.5568,0.7710,-0.4412,-21.70,15.68,-4.48
1.9194,-0.5563,0.7720,-0.4392,-21.14,15.75,-3.08
1.9209,-0.5602,0.7725,-0.4387,-21.56,15.47,-4.27
1.9224,-0.5651,0.7720,-0.4446,-20.93,15.89,-2.87
1.9224,-0.5656,0.7745,-0.4455,-21.42,14.91,-3.85
1.9225,-0.5680,0.7749,-0.4431,-21.28,15.40,-3.01
1.9226,-0.5700,0.7759,-0.4416,-21.56,14.63,-3.29
1.9226,-0.5749,0.7803,-0.4416,-21.35,15.61,-2.94
1.9227,-0.5778,0.7754,-0.4431,-21.70,14.70,-3.01
1.9227,-0.5763,0.7715,-0.4431,-21.70,15.68,-2.80
1.9228,-0.5768,0.7725,-0.4421,-21.84,14.49,-2.45
1.9229,-0.5807,0.7696,-0.4436,-21.63,15.26,-2.87
1.9229,-0.5827,0.7710,-0.4475,-21.70,14.63,-1.75
1.9230,-0.5797,0.7764,-0.4480,-21.84,14.98,-2.66
1.9231,-0.5797,0.7774,-0.4470,-21.77,14.84,-1.61
1.9231,-0.5846,0.7740,-0.4504,-21.84,14.63,-2.31
1.9232,-0.5871,0.7730,-0.4538,-21.56,14.84,-1.33
1.9232,-0.5832,0.7745,-0.4534,-22.19,14.56,-2.17
1.9233,-0.5817,0.7740,-0.4514,-21.70,14.77,-0.91
1.9234,-0.5851,0.7730,-0.4509,-22.33,14.49,-1.82
1.9234,-0.5856,0.7745,-0.4538,-21.42,14.91,-0.63
1.9235,-0.5836,0.7749,-0.4558,-22.33,14.14,-1.82
1.9236,-0.5866,0.7754,-0.4573,-21.49,14.63,-0.49
1.9236,-0.5895,0.7779,-0.4573,-22.68,14.21,-0.84
1.9237,-0.5880,0.7764,-0.4553,-21.56,15.05,-0.35
1.9238,-0.5861,0.7749,-0.4573,-22.19,13.65,-0.63
1.9239,-0.5866,0.7735,-0.4607,-22.19,15.12,0.35
1.9240,-0.5871,0.7706,-0.4616,-22.12,14.07,-0.49
1.9241,-0.5876,0.7662,-0.4612,-22.19,14.56,0.56
1.9242,-0.5866,0.7642,-0.4587,-22.47,14.35,0.28
1.9243,-0.5871,0.7686,-0.4621,-22.26,14.14,0.42
1.9243,-0.5919,0.7686,-0.4656,-22.40,14.28,0.70
1.9244,-0.5929,0.7662,-0.4646,-22.47,14.49,0.70
1.9245,-0.5905,0.7652,-0.4646,-22.40,14.42,1.40
1.9246,-0.5919,0.7662,-0.4665,-22.61,14.35,1.26
1.9247,-0.5944,0.7666,-0.4685,-22.47,14.28,1.54
1.9248,-0.5939,0.7662,-0.4670,-22.61,14.00,1.68
1.9249,-0.5915,0.7676,-0.4675,-22.68,14.42,2.17
1.9250,-0.5895,0.7686,-0.4690,-22.82,13.72,1.89
1.9251,-0.5905,0.7681,-0.4680,-22.47,14.42,2.87
1.9252,-0.5910,0.7618,-0.4699,-22.75,13.51,2.80
1.9253,-0.5861,0.7608,-0.4719,-22.96,13.72,3.01
1.9253,-0.5846,0.7632,-0.4729,-22.82,13.65,3.22
1.9254,-0.5866,0.7652,-0.4719,-23.38,14.07,3.57
1.9260,-0.5827,0.7632,-0.4699,-23.17,13.93,3.57
1.9265,-0.5807,0.7618,-0.4704,-23.17,13.65,3.99
1.9270,-0.5851,0.7598,-0.4709,-23.10,14.00,4.20
1.9275,-0.5871,0.7603,-0.4738,-23.24,13.65,4.55
1.9281,-0.5866,0.7647,-0.4763,-23.24,13.79,4.76
1.9286,-0.5822,0.7637,-0.4758,-23.45,13.65,5.18
1.9291,-0.5807,0.7652,-0.4763,-23.38,13.37,4.62
1.9296,-0.5832,0.7647,-0.4782,-23.45,13.51,5.74
1.9302,-0.5822,0.7627,-0.4773,-23.66,13.02,5.11
1.9307,-0.5807,0.7623,-0.4797,-23.80,13.51,5.88
1.9312,-0.5817,0.7657,-0.4821,-23.52,13.09,5.60
1.9318,-0.5797,0.7691,-0.4821,-24.15,13.09,6.23
1.9323,-0.5778,0.7662,-0.4875,-23.59,13.30,6.09
1.9328,-0.5778,0.7637,-0.4895,-23.87,12.95,6.51
1.9333,-0.5793,0.7652,-0.4875,-23.94,12.74,6.51
1.9339,-0.5797,0.7637,-0.4851,-23.66,12.46,6.58
1.9344,-0.5788,0.7632,-0.4870,-24.01,12.67,6.93
1.9349,-0.5763,0.7671,-0.4909,-24.08,12.11,7.21
1.9354,-0.5739,0.7666,-0.4934,-24.01,12.32,7.70
1.9360,-0.5744,0.7647,-0.4929,-24.29,12.04,7.70
1.9366,-0.5744,0.7642,-0.4934,-24.29,11.90,7.42
1.9372,-0.5734,0.7652,-0.4958,-24.29,11.69,8.26
1.9378,-0.5705,0.7657,-0.4968,-24.15,11.97,8.19
1.9384,-0.5685,0.7647,-0.4939,-24.57,11.34,8.33
1.9390,-0.5666,0.7623,-0.4924,-24.50,11.55,8.40
1.9396,-0.5636,0.7642,-0.4978,-24.15,11.27,8.75
1.9402,-0.5651,0.7666,-0.5012,-24.57,11.41,8.96
1.9408,-0.5651,0.7681,-0.5026,-24.22,10.43,8.54
1.9414,-0.5646,0.7701,-0.5046,-24.71,11.34,9.03
1.9420,-0.5651,0.7701,-0.5022,-24.29,10.99,9.24
1.9426,-0.5656,0.7701,-0.5046,-24.85,10.71,9.10
1.9432,-0.5661,0.7745,-0.5046,-24.29,10.36,9.80
1.9438,-0.5627,0.7725,-0.5002,-24.85,10.64,9.52
1.9444,-0.5622,0.7710,-0.5012,-24.29,10.15,9.73
1.9450,-0.5632,0.7735,-0.5031,-24.50,10.01,9.80
1.9456,-0.5583,0.7715,-0.5080,-24.64,9.87,9.87
1.9462,-0.5578,0.7715,-0.5119,-24.36,9.59,10.08
1.9468,-0.5612,0.7730,-0.5109,-24.78,9.59,10.29
1.9474,-0.5592,0.7749,-0.5114,-24.43,9.03,10.29
1.9480,-0.5588,0.7725,-0.5114,-24.92,9.38,10.85
1.9485,-0.5607,0.7701,-0.5056,-24.43,8.47,10.29
1.9491,-0.5573,0.7710,-0.5065,-24.57,9.03,10.99
1.9497,-0.5573,0.7706,-0.5119,-24.64,8.89,10.99
1.9503,-0.5573,0.7691,-0.5114,-24.50,8.68,10.85
1.9508,-0.5568,0.7681,-0.5085,-24.29,8.33,11.20
1.9514,-0.5573,0.7691,-0.5085,-24.71,8.12,11.13
1.9520,-0.5549,0.7706,-0.5119,-24.85,8.05,11.62
1.9526,-0.5553,0.7715,-0.5144,-24.43,7.77,11.55
1.9531,-0.5539,0.7715,-0.5119,-24.78,7.77,11.90
1.9537,-0.5519,0.7740,-0.5119,-24.36,7.84,11.97
1.9543,-0.5558,0.7759,-0.5124,-24.64,7.00,11.83
1.9549,-0.5558,0.7730,-0.5124,-24.57,7.56,12.18
1.9554,-0.5519,0.7696,-0.5134,-24.64,7.07,12.53
1.9560,-0.5549,0.7666,-0.5119,-24.08,7.35,12.60
1.9566,-0.5544,0.7657,-0.5139,-24.29,6.72,12.81
1.9572,-0.5529,0.7701,-0.5173,-24.43,7.07,12.74
1.9577,-0.5558,0.7720,-0.5139,-24.15,6.30,13.23
1.9583,-0.5558,0.7691,-0.5129,-24.64,6.23,12.88
1.9589,-0.5549,0.7701,-0.5144,-24.29,6.30,13.79
1.9595,-0.5514,0.7725,-0.5129,-24.29,5.60,13.02
1.9600,-0.5490,0.7725,-0.5144,-24.22,5.81,13.72
1.9606,-0.5475,0.7715,-0.5139,-24.50,5.60,13.79
1.9612,-0.5500,0.7706,-0.5178,-24.08,5.67,14.14
1.9618,-0.5534,0.7735,-0.5207,-24.15,5.32,13.93
1.9623,-0.5544,0.7735,-0.5192,-24.29,5.18,14.35
1.9629,-0.5534,0.7745,-0.5178,-23.87,5.25,14.35
1.9635,-0.5505,0.7769,-0.5192,-23.87,4.69,14.49
1.9640,-0.5475,0.7740,-0.5187,-23.59,4.41,14.84
1.9646,-0.5466,0.7735,-0.5183,-23.59,4.06,14.70
1.9652,-0.5470,0.7769,-0.5217,-23.73,4.13,14.84
1.9658,-0.5510,0.7784,-0.5202,-23.87,4.27,14.91
1.9663,-0.5534,0.7813,-0.5202,-23.24,3.99,15.26
1.9669,-0.5495,0.7857,-0.5261,-23.38,3.92,15.61
1.9675,-0.5500,0.7852,-0.5251,-23.45,3.57,15.05
1.9680,-0.5485,0.7832,-0.5241,-23.17,3.29,15.82
1.9686,-0.5475,0.7813,-0.5266,-23.59,2.94,15.05
1.9692,-0.5505,0.7828,-0.5270,-22.96,2.94,16.10
1.9698,-0.5500,0.7832,-0.5236,-23.38,2.52,15.05
1.9703,-0.5461,0.7798,-0.5236,-22.82,2.66,16.03
1.9709,-0.5441,0.7788,-0.5222,-22.75,2.66,15.40
1.9715,-0.5456,0.7808,-0.5236,-22.96,2.03,16.03
1.9721,-0.5480,0.7818,-0.5256,-22.75,2.38,15.68
1.9726,-0.5495,0.7803,-0.5217,-22.68,1.89,16.03
1.9732,-0.5461,0.7788,-0.5212,-22.47,2.10,15.47
1.9738,-0.5422,0.7774,-0.5212,-22.54,1.68,15.68
1.9743,-0.5427,0.7740,-0.5217,-22.33,1.82,16.03
1.9749,-0.5446,0.7754,-0.5231,-22.47,1.33,15.33
1.9755,-0.5446,0.7769,-0.5231,-22.26,1.54,16.24
1.9761,-0.5422,0.7745,-0.5241,-22.12,0.49,15.12
1.9766,-0.5407,0.7784,-0.5300,-21.84,1.26,16.24
1.9772,-0.5402,0.7823,-0.5309,-22.12,0.14,14.84
1.9778,-0.5397,0.7774,-0.5261,-21.98,1.26,16.45
1.9783,-0.5397,0.7740,-0.5231,-22.12,0.21,15.05
1.9789,-0.5407,0.7754,-0.5241,-21.98,0.56,16.24
1.9795,-0.5417,0.7769,-0.5236,-21.98,-0.35,15.05
1.9801,-0.5388,0.7754,-0.5231,-21.35,0.28,16.10
1.9806,-0.5402,0.7720,-0.5236,-21.98,0.07,15.47
1.9812,-0.5436,0.7759,-0.5241,-21.35,-0.28,15.89
1.9818,-0.5373,0.7788,-0.5246,-21.49,-0.07,15.54
1.9823,-0.5373,0.7740,-0.5241,-21.21,-0.42,15.89
1.9829,-0.5412,0.7740,-0.5231,-21.21,-0.42,15.54
1.9835,-0.5427,0.7745,-0.5197,-21.35,-0.84,15.68
1.9841,-0.5417,0.7720,-0.5192,-21.00,-0.84,15.54
1.9847,-0.5373,0.7701,-0.5197,-21.35,-1.05,15.61
1.9853,-0.5407,0.7691,-0.5178,-20.79,-0.91,15.75
1.9859,-0.5431,0.7696,-0.5178,-20.93,-1.40,15.33
1.9865,-0.5417,0.7710,-0.5183,-20.79,-0.98,15.96
1.9871,-0.5402,0.7701,-0.5187,-20.86,-1.68,15.26
1.9877,-0.5417,0.7701,-0.5168,-20.51,-1.26,16.17
1.9883,-0.5475,0.7691,-0.5173,-20.65,-1.96,15.12
1.9889,-0.5505,0.7598,-0.5163,-20.79,-2.03,15.05
1.9895,-0.5456,0.7598,-0.5163,-19.74,-1.68,16.10
1.9901,-0.5427,0.7588,-0.5144,-20.72,-1.82,15.40
1.9907,-0.5441,0.7588,-0.5114,-20.09,-1.40,16.10
1.9913,-0.5480,0.7579,-0.5129,-20.51,-2.10,14.98
1.9919,-0.5490,0.7579,-0.5139,-19.74,-1.75,16.24
1.9925,-0.5510,0.7569,-0.5158,-20.44,-2.38,15.40
1.9931,-0.5544,0.7520,-0.5168,-19.53,-2.03,16.10
1.9937,-0.5514,0.7544,-0.5173,-20.02,-2.31,15.33
1.9943,-0.5519,0.7559,-0.5173,-19.60,-2.31,16.38
1.9957,-0.5519,0.7544,-0.5144,-20.02,-2.31,15.68
1.9971,-0.5514,0.7486,-0.5134,-19.46,-2.45,15.82
1.9984,-0.5544,0.7452,-0.5134,-19.81,-2.52,15.89
1.9998,-0.5568,0.7491,-0.5139,-19.46,-2.38,16.17
2.0011,-0.5607,0.7462,-0.5119,-19.60,-2.17,16.10
2.0025,-0.5583,0.7452,-0.5124,-19.25,-2.38,16.17
2.0038,-0.5563,0.7491,-0.5134,-19.53,-2.73,15.89
2.0052,-0.5597,0.7505,-0.5129,-19.32,-2.66,16.03
2.0065,-0.5617,0.7535,-0.5202,-19.25,-2.31,16.10
2.0079,-0.5661,0.7554,-0.5197,-19.18,-2.80,16.03
2.0092,-0.5656,0.7549,-0.5173,-19.32,-2.24,15.96
2.0106,-0.5632,0.7505,-0.5222,-19.25,-2.80,16.17
2.0120,-0.5675,0.7471,-0.5207,-19.04,-2.45,16.10
2.0133,-0.5724,0.7466,-0.5163,-19.46,-2.73,16.17
2.0147,-0.5714,0.7476,-0.5129,-19.11,-2.38,16.38
2.0160,-0.5729,0.7491,-0.5144,-18.83,-2.94,16.03
2.0174,-0.5783,0.7510,-0.5192,-18.69,-2.24,16.10
2.0187,-0.5822,0.7501,-0.5192,-19.25,-2.31,15.96
2.0201,-0.5846,0.7505,-0.5139,-18.76,-2.31,16.10
2.0214,-0.5856,0.7535,-0.5148,-18.90,-2.59,16.10
2.0215,-0.5885,0.7535,-0.5183,-18.48,-2.24,16.17
2.0215,-0.5924,0.7520,-0.5183,-18.69,-2.80,16.10
2.0216,-0.5958,0.7515,-0.5139,-18.34,-1.82,16.17
2.0216,-0.6007,0.7505,-0.5124,-18.62,-1.82,16.17
2.0217,-0.6061,0.7486,-0.5085,-18.41,-1.82,16.31
2.0217,-0.6071,0.7501,-0.5061,-18.69,-2.03,15.82
2.0218,-0.6115,0.7496,-0.5065,-18.20,-1.89,16.24
2.0218,-0.6134,0.7510,-0.5080,-18.62,-2.24,15.19
2.0219,-0.6134,0.7530,-0.5129,-18.20,-1.12,16.38
2.0219,-0.6193,0.7496,-0.5173,-18.69,-1.89,15.40
2.0220,-0.6212,0.7481,-0.5187,-17.99,-0.98,16.03
2.0220,-0.6251,0.7471,-0.5144,-18.34,-1.12,15.89
2.0221,-0.6285,0.7471,-0.5114,-18.06,-0.49,16.24
2.0221,-0.6276,0.7457,-0.5095,-18.20,-0.98,15.75
2.0222,-0.6285,0.7447,-0.5104,-17.99,-0.28,16.24
2.0222,-0.6261,0.7462,-0.5129,-18.34,-0.63,15.33
2.0223,-0.6271,0.7442,-0.5104,-17.85,-0.14,16.17
2.0223,-0.6305,0.7413,-0.5095,-18.27,-0.21,15.75
2.0224,-0.6310,0.7393,-0.5065,-17.99,-0.14,16.10
2.0224,-0.6344,0.7413,-0.5051,-18.20,0.14,15.82
2.0226,-0.6368,0.7437,-0.5095,-17.92,0.21,16.03
2.0227,-0.6373,0.7437,-0.5051,-18.06,0.63,15.61
2.0229,-0.6368,0.7447,-0.5036,-17.85,0.56,16.03
2.0231,-0.6398,0.7388,-0.5065,-18.20,1.47,15.82
2.0232,-0.6422,0.7335,-0.5095,-17.99,1.05,16.10
2.0234,-0.6422,0.7374,-0.5104,-18.06,1.40,15.75
2.0236,-0.6412,0.7383,-0.5085,-18.27,1.26,15.89
2.0237,-0.6437,0.7379,-0.5065,-17.99,1.96,15.82
2.0239,-0.6466,0.7359,-0.5036,-18.34,1.89,16.17
2.0241,-0.6471,0.7315,-0.5070,-17.99,2.17,15.68
2.0242,-0.6500,0.7349,-0.5104,-18.06,2.03,16.31
2.0244,-0.6505,0.7369,-0.5114,-18.13,2.87,15.82
2.0246,-0.6490,0.7325,-0.5104,-18.13,2.59,16.24
2.0247,-0.6486,0.7296,-0.5124,-18.06,3.50,16.10
2.0249,-0.6510,0.7300,-0.5124,-18.20,2.94,16.31
2.0251,-0.6549,0.7315,-0.5065,-18.55,4.06,16.38
2.0252,-0.6554,0.7261,-0.5095,-18.06,3.15,16.03
2.0254,-0.6534,0.7222,-0.5104,-18.41,4.06,16.52
2.0256,-0.6559,0.7276,-0.5070,-18.62,3.29,16.03
2.0257,-0.6554,0.7276,-0.5095,-17.99,4.76,16.66
2.0263,-0.6510,0.7247,-0.5104,-18.55,4.41,15.82
2.0269,-0.6495,0.7266,-0.5100,-18.55,4.83,16.87
2.0274,-0.6476,0.7271,-0.5114,-18.76,4.48,16.03
2.0280,-0.6486,0.7257,-0.5148,-18.62,5.18,16.73
2.0286,-0.6466,0.7266,-0.5153,-18.55,4.83,16.38
2.0292,-0.6446,0.7266,-0.5109,-19.04,4.76,16.38
2.0298,-0.6403,0.7276,-0.5075,-18.97,5.39,16.38
2.0303,-0.6378,0.7271,-0.5139,-19.25,6.16,16.87
2.0309,-0.6398,0.7252,-0.5158,-19.04,5.67,16.24
2.0315,-0.6407,0.7218,-0.5139,-19.04,6.30,16.73
2.0321,-0.6403,0.7237,-0.5153,-19.32,6.16,16.59
2.0326,-0.6427,0.7222,-0.5148,-19.32,6.65,16.80
2.0332,-0.6427,0.7183,-0.5163,-19.60,6.37,16.52
2.0338,-0.6359,0.7227,-0.5148,-19.53,6.65,17.01
2.0344,-0.6344,0.7218,-0.5124,-19.60,6.58,16.45
2.0349,-0.6368,0.7178,-0.5148,-19.67,6.79,16.87
2.0355,-0.6359,0.7227,-0.5178,-19.67,7.21,16.94
2.0361,-0.6334,0.7203,-0.5148,-19.88,7.00,16.66
2.0367,-0.6295,0.7130,-0.5129,-19.95,7.70,16.94
2.0372,-0.6276,0.7120,-0.5129,-20.16,7.14,16.45
2.0378,-0.6271,0.7135,-0.5129,-20.16,7.63,17.15
2.0384,-0.6281,0.7154,-0.5139,-20.37,6.93,16.45
2.0389,-0.6266,0.7159,-0.5158,-20.23,7.98,17.43
2.0395,-0.6217,0.7149,-0.5183,-20.93,7.28,16.45
2.0400,-0.6198,0.7154,-0.5178,-19.95,8.05,17.36
2.0406,-0.6183,0.7120,-0.5168,-21.28,7.35,16.24
2.0412,-0.6188,0.7105,-0.5168,-20.65,8.40,17.57
2.0417,-0.6159,0.7110,-0.5173,-21.63,7.28,16.52
2.0423,-0.6139,0.7091,-0.5178,-20.93,8.33,17.29
2.0428,-0.6159,0.7086,-0.5158,-21.98,7.28,16.24
2.0434,-0.6149,0.7047,-0.5148,-21.14,8.47,17.92
2.0439,-0.6134,0.7017,-0.5153,-22.33,7.56,16.38
2.0445,-0.6120,0.7013,-0.5158,-21.63,8.40,17.85
2.0451,-0.6129,0.6993,-0.5173,-22.26,7.98,16.66
2.0456,-0.6120,0.6998,-0.5183,-21.84,7.98,17.57
2.0462,-0.6061,0.6969,-0.5217,-22.61,7.77,16.73
2.0467,-0.6012,0.6934,-0.5202,-22.47,7.77,17.43
2.0473,-0.6012,0.6925,-0.5187,-22.82,8.33,17.36
2.0479,-0.6041,0.6930,-0.5197,-22.89,7.77,17.29
2.0484,-0.6012,0.6939,-0.5158,-23.03,8.40,17.78
2.0490,-0.5978,0.6920,-0.5158,-23.45,7.91,17.43
2.0496,-0.5954,0.6915,-0.5158,-23.24,7.84,18.13
2.0502,-0.5944,0.6876,-0.5144,-23.87,8.05,17.78
2.0508,-0.5905,0.6837,-0.5124,-23.45,8.19,18.34
2.0514,-0.5876,0.6852,-0.5153,-24.50,7.77,17.85
2.0520,-0.5885,0.6881,-0.5187,-23.87,8.40,18.83
2.0526,-0.5851,0.6871,-0.5202,-24.64,7.63,17.99
2.0532,-0.5817,0.6861,-0.5183,-24.64,7.91,19.18
2.0537,-0.5802,0.6876,-0.5124,-25.06,7.49,18.06
2.0543,-0.5788,0.6856,-0.5124,-24.78,7.77,19.18
2.0549,-0.5754,0.6847,-0.5148,-25.62,7.98,18.62
2.0555,-0.5739,0.6822,-0.5114,-25.34,7.42,19.32
2.0561,-0.5734,0.6803,-0.5080,-25.48,7.63,19.11
2.0567,-0.5749,0.6832,-0.5114,-25.55,7.28,19.53
2.0573,-0.5793,0.6861,-0.5080,-25.83,7.35,19.32
2.0579,-0.5754,0.6847,-0.5056,-26.18,7.07,19.81
2.0585,-0.5690,0.6827,-0.5080,-26.18,7.42,20.23
2.0591,-0.5661,0.6856,-0.5065,-26.74,7.00,19.67
2.0597,-0.5661,0.6861,-0.5070,-26.60,7.49,20.65
2.0603,-0.5661,0.6876,-0.5070,-26.88,6.30,19.88
2.0614,-0.5651,0.6915,-0.5056,-26.53,7.00,21.07
2.0626,-0.5641,0.6852,-0.5109,-27.23,6.30,20.37
2.0637,-0.5632,0.6842,-0.5129,-28.00,6.16,20.30
2.0649,-0.5646,0.6866,-0.5095,-27.79,6.65,21.42
2.0660,-0.5661,0.6895,-0.5095,-28.21,6.30,21.07
2.0672,-0.5632,0.6944,-0.5090,-27.58,6.09,21.63
2.0683,-0.5597,0.6944,-0.5080,-28.21,6.16,21.49
2.0695,-0.5602,0.6925,-0.5100,-28.14,6.09,21.91
2.0706,-0.5583,0.6925,-0.5134,-28.70,6.16,21.77
2.0718,-0.5549,0.6915,-0.5109,-28.35,5.74,21.98
2.0729,-0.5539,0.6944,-0.5070,-28.84,6.23,22.12
2.0741,-0.5534,0.7003,-0.5080,-28.49,5.39,22.75
2.0752,-0.5524,0.6988,-0.5065,-28.98,5.53,22.05
2.0764,-0.5534,0.6949,-0.5046,-29.12,5.53,22.96
2.0775,-0.5514,0.6969,-0.5051,-28.91,5.25,22.47
2.0787,-0.5529,0.6978,-0.5056,-29.54,5.18,22.82
2.0798,-0.5534,0.6988,-0.5065,-29.40,5.11,22.82
2.0810,-0.5500,0.7047,-0.5075,-29.96,5.18,23.31
2.0821,-0.5485,0.7047,-0.5090,-29.61,4.62,22.96
2.0833,-0.5461,0.7042,-0.5061,-29.96,5.18,23.45
2.0838,-0.5427,0.7096,-0.5075,-29.89,4.34,22.89
2.0844,-0.5451,0.7071,-0.5061,-29.89,3.85,23.52
2.0849,-0.5422,0.7056,-0.5056,-29.96,4.69,23.52
2.0855,-0.5407,0.7052,-0.5075,-30.52,4.20,23.59
2.0860,-0.5417,0.7100,-0.5070,-30.31,3.99,24.01
2.0865,-0.5436,0.7135,-0.5041,-30.38,3.57,24.22
2.0871,-0.5422,0.7130,-0.5007,-30.31,3.85,24.15
2.0876,-0.5417,0.7139,-0.4992,-30.66,3.43,24.08
2.0882,-0.5417,0.7164,-0.5036,-30.45,3.57,24.22
2.0887,-0.5397,0.7183,-0.5041,-30.80,3.50,24.36
2.0892,-0.5417,0.7198,-0.5017,-30.52,3.50,24.29
2.0898,-0.5407,0.7193,-0.5012,-30.87,3.29,24.50
2.0903,-0.5373,0.7174,-0.4987,-30.45,3.08,24.50
2.0909,-0.5363,0.7203,-0.4958,-31.08,2.87,24.85
2.0914,-0.5363,0.7242,-0.4973,-31.15,2.45,24.57
2.0919,-0.5368,0.7237,-0.5026,-30.87,3.08,24.99
2.0925,-0.5392,0.7257,-0.5026,-30.73,2.31,24.57
2.0930,-0.5407,0.7300,-0.4982,-30.94,2.87,24.85
2.0936,-0.5427,0.7325,-0.4958,-30.94,2.03,24.71
2.0941,-0.5417,0.7374,-0.4963,-30.52,2.80,25.27
2.0957,-0.5407,0.7354,-0.4958,-30.94,1.82,24.64
2.0974,-0.5431,0.7374,-0.4909,-30.59,2.17,25.34
2.0990,-0.5407,0.7413,-0.4914,-30.87,1.68,24.71
2.1006,-0.5344,0.7408,-0.4948,-30.59,2.31,25.20
2.1022,-0.5392,0.7452,-0.4958,-30.94,1.82,25.06
2.1039,-0.5436,0.7501,-0.4958,-30.45,1.68,25.20
2.1055,-0.5446,0.7520,-0.4929,-30.87,1.75,25.20
2.1071,-0.5441,0.7491,-0.4880,-30.31,1.40,25.06
2.1087,-0.5417,0.7486,-0.4846,-30.45,1.47,25.27
2.1104,-0.5456,0.7510,-0.4875,-30.73,1.26,25.13
2.1120,-0.5451,0.7544,-0.4880,-30.24,1.33,25.34
2.1136,-0.5417,0.7559,-0.4851,-30.52,1.05,24.71
2.1152,-0.5431,0.7564,-0.4865,-30.17,1.75,25.76
2.1168,-0.5485,0.7530,-0.4865,-30.31,0.91,24.50
2.1185,-0.5485,0.7549,-0.4836,-30.10,1.12,25.69
2.1201,-0.5461,0.7618,-0.4865,-29.96,0.49,24.50
2.1217,-0.5480,0.7593,-0.4895,-29.96,1.54,25.62
2.1233,-0.5524,0.7593,-0.4856,-30.17,0.77,24.64
2.1250,-0.5510,0.7632,-0.4817,-29.26,1.40,25.27
2.1266,-0.5466,0.7618,-0.4782,-29.96,0.63,25.06
2.1266,-0.5456,0.7603,-0.4782,-29.12,1.47,25.34
2.1267,-0.5456,0.7613,-0.4792,-29.33,0.28,24.71
2.1267,-0.5485,0.7627,-0.4826,-29.26,1.19,25.41
2.1268,-0.5514,0.7608,-0.4807,-29.12,0.98,24.92
2.1269,-0.5519,0.7623,-0.4782,-29.05,1.12,25.13
2.1269,-0.5519,0.7647,-0.4846,-29.05,0.63,25.20
2.1270,-0.5519,0.7642,-0.4821,-28.91,0.63,24.85
2.1270,-0.5514,0.7637,-0.4768,-28.42,0.77,25.13
2.1271,-0.5544,0.7618,-0.4734,-28.49,0.84,24.99
2.1271,-0.5563,0.7608,-0.4719,-28.07,0.56,25.41
2.1272,-0.5563,0.7598,-0.4709,-28.28,0.77,24.78
2.1272,-0.5558,0.7593,-0.4734,-28.00,1.26,25.69
2.1273,-0.5544,0.7603,-0.4763,-28.00,0.35,25.06
2.1273,-0.5534,0.7637,-0.4748,-27.58,0.91,25.34
2.1274,-0.5519,0.7642,-0.4709,-27.93,0.91,25.13
2.1275,-0.5519,0.7666,-0.4699,-27.51,1.12,25.69
2.1275,-0.5539,0.7642,-0.4680,-27.72,0.49,24.92
2.1276,-0.5539,0.7652,-0.4690,-27.44,1.47,25.76
2.1276,-0.5534,0.7686,-0.4660,-27.16,0.84,25.41
2.1277,-0.5563,0.7637,-0.4651,-26.95,1.47,25.55
2.1277,-0.5583,0.7618,-0.4631,-26.95,1.05,25.97
2.1277,-0.5592,0.7598,-0.4597,-26.67,1.54,25.97
2.1278,-0.5583,0.7569,-0.4616,-26.74,0.98,25.34
2.1278,-0.5534,0.7579,-0.4631,-26.39,1.61,26.11
2.1279,-0.5519,0.7579,-0.4577,-26.74,1.40,25.55
2.1279,-0.5563,0.7603,-0.4563,-26.18,1.47,25.83
2.1279,-0.5549,0.7588,-0.4573,-25.90,1.75,26.32
2.1280,-0.5544,0.7584,-0.4563,-25.69,1.61,25.97
2.1280,-0.5592,0.7598,-0.4602,-25.83,1.82,26.39
2.1280,-0.5592,0.7637,-0.4616,-25.55,1.75,26.04
2.1281,-0.5592,0.7642,-0.4602,-25.55,2.17,26.60
2.1281,-0.5573,0.7603,-0.4597,-25.27,1.75,26.46
2.1282,-0.5602,0.7618,-0.4602,-25.20,1.89,26.67
2.1282,-0.5607,0.7642,-0.4573,-24.99,2.45,26.67
2.1282,-0.5607,0.7666,-0.4499,-25.06,2.10,26.46
2.1283,-0.5627,0.7657,-0.4494,-24.92,2.38,27.23
2.1283,-0.5617,0.7618,-0.4509,-25.27,2.52,26.67
2.1283,-0.5617,0.7637,-0.4529,-24.36,2.10,27.51
2.1284,-0.5592,0.7637,-0.4538,-24.92,2.73,26.74
2.1284,-0.5597,0.7618,-0.4514,-24.22,2.31,27.44
2.1289,-0.5578,0.7608,-0.4553,-24.08,3.43,27.51
2.1294,-0.5563,0.7559,-0.4548,-23.80,3.64,27.72
2.1299,-0.5568,0.7549,-0.4519,-24.01,2.87,27.79
2.1305,-0.5597,0.7569,-0.4519,-23.66,3.78,28.00
2.1310,-0.5553,0.7574,-0.4514,-23.87,3.29,27.72
2.1315,-0.5524,0.7559,-0.4534,-23.24,4.13,28.35
2.1320,-0.5544,0.7574,-0.4558,-23.45,3.36,28.00
2.1325,-0.5524,0.7559,-0.4538,-23.38,4.27,28.49
2.1330,-0.5519,0.7525,-0.4534,-23.17,3.92,28.21
2.1335,-0.5534,0.7520,-0.4543,-23.17,4.41,28.84
2.1340,-0.5485,0.7535,-0.4558,-23.10,4.34,28.49
2.1345,-0.5480,0.7549,-0.4577,-22.96,4.27,28.49
2.1350,-0.5519,0.7559,-0.4558,-22.75,4.97,28.84
2.1355,-0.5470,0.7554,-0.4548,-22.54,4.06,28.63
2.1360,-0.5470,0.7549,-0.4509,-22.61,5.46,29.26
2.1366,-0.5495,0.7501,-0.4504,-22.68,4.41,28.70
2.1371,-0.5456,0.7491,-0.4563,-22.68,5.88,29.26
2.1376,-0.5436,0.7481,-0.4529,-22.26,4.48,28.84
2.1381,-0.5412,0.7471,-0.4529,-22.68,6.23,29.40
2.1386,-0.5412,0.7457,-0.4568,-22.40,4.90,28.77
2.1391,-0.5446,0.7427,-0.4519,-22.33,6.30,29.68
2.1397,-0.5431,0.7427,-0.4490,-22.26,4.90,28.84
2.1403,-0.5383,0.7408,-0.4509,-22.05,6.30,29.82
2.1408,-0.5368,0.7383,-0.4499,-22.19,5.46,28.77
2.1414,-0.5358,0.7359,-0.4504,-22.05,6.02,29.75
2.1420,-0.5334,0.7374,-0.4524,-22.33,6.30,29.33
2.1425,-0.5339,0.7388,-0.4524,-21.91,6.16,29.68
2.1431,-0.5319,0.7374,-0.4509,-22.33,6.30,29.26
2.1437,-0.5275,0.7335,-0.4509,-21.84,6.23,29.54
2.1442,-0.5256,0.7325,-0.4499,-22.19,6.72,29.47
2.1448,-0.5270,0.7320,-0.4494,-21.84,6.44,29.61
2.1454,-0.5241,0.7281,-0.4509,-22.33,6.93,29.26
2.1459,-0.5231,0.7276,-0.4509,-21.77,6.65,29.19
2.1465,-0.5270,0.7266,-0.4504,-21.84,7.84,29.96
2.1470,-0.5261,0.7257,-0.4499,-22.40,6.37,28.84
2.1476,-0.5217,0.7252,-0.4480,-22.05,6.72,29.33
2.1482,-0.5231,0.7237,-0.4426,-22.05,7.63,29.75
2.1487,-0.5222,0.7208,-0.4441,-22.26,7.21,28.98
2.1493,-0.5207,0.7222,-0.4470,-22.33,7.91,29.40
2.1499,-0.5187,0.7218,-0.4421,-22.68,7.56,29.05
2.1505,-0.5148,0.7203,-0.4412,-22.05,8.05,29.40
2.1511,-0.5109,0.7227,-0.4426,-22.68,7.84,29.12
2.1518,-0.5104,0.7193,-0.4460,-22.05,7.77,28.98
2.1524,-0.5090,0.7159,-0.4504,-22.82,7.84,28.84
2.1530,-0.5075,0.7188,-0.4470,-22.26,8.33,29.05
2.1536,-0.5036,0.7164,-0.4431,-23.03,8.26,28.70
2.1543,-0.4992,0.7154,-0.4460,-22.40,8.26,28.56
2.1549,-0.5002,0.7198,-0.4480,-23.10,8.19,28.14
2.1555,-0.5007,0.7198,-0.4460,-22.89,8.61,28.56
2.1562,-0.4987,0.7193,-0.4441,-23.10,8.54,27.86
2.1568,-0.4982,0.7232,-0.4421,-23.03,8.40,27.93
2.1574,-0.4895,0.7183,-0.4421,-23.17,8.40,27.37
2.1581,-0.4909,0.7203,-0.4451,-23.17,9.24,27.37
2.1587,-0.4885,0.7203,-0.4475,-23.38,8.61,26.88
2.1593,-0.4856,0.7188,-0.4465,-23.66,9.24,26.67
2.1600,-0.4856,0.7213,-0.4436,-23.73,8.75,26.53
2.1606,-0.4821,0.7183,-0.4509,-23.80,9.03,26.39
2.1612,-0.4846,0.7193,-0.4534,-23.80,8.54,25.55
2.1618,-0.4841,0.7242,-0.4475,-23.80,9.03,25.55
2.1625,-0.4787,0.7237,-0.4460,-24.22,8.82,24.92
2.1630,-0.4812,0.7222,-0.4490,-24.15,8.89,25.06
2.1636,-0.4792,0.7218,-0.4499,-24.29,9.03,23.73
2.1641,-0.4729,0.7213,-0.4475,-24.64,9.17,24.50
2.1647,-0.4729,0.7232,-0.4494,-24.71,9.24,22.75
2.1652,-0.4738,0.7261,-0.4519,-24.64,8.68,23.73
2.1658,-0.4729,0.7266,-0.4519,-24.99,9.17,21.70
2.1663,-0.4699,0.7242,-0.4499,-24.71,8.89,22.82
2.1669,-0.4665,0.7237,-0.4480,-25.62,9.31,21.00
2.1674,-0.4670,0.7232,-0.4465,-25.06,8.89,21.63
2.1679,-0.4651,0.7252,-0.4514,-25.83,8.75,19.95
2.1685,-0.4621,0.7242,-0.4558,-25.48,8.68,20.44
2.1690,-0.4568,0.7232,-0.4553,-26.04,8.82,18.97
2.1696,-0.4543,0.7203,-0.4534,-26.18,9.10,18.27
2.1701,-0.4563,0.7188,-0.4538,-26.39,8.61,17.71
2.1707,-0.4548,0.7213,-0.4563,-26.39,9.10,17.29
2.1712,-0.4538,0.7164,-0.4573,-26.74,8.68,16.10
2.1718,-0.4509,0.7135,-0.4519,-27.02,8.68,16.73
2.1723,-0.4504,0.7144,-0.4509,-26.81,8.40,14.63
2.1729,-0.4499,0.7193,-0.4529,-27.51,8.61,15.47
2.1734,-0.4485,0.7242,-0.4524,-27.79,8.61,13.51
2.1744,-0.4465,0.7218,-0.4519,-27.51,8.26,14.00
2.1753,-0.4441,0.7222,-0.4509,-28.28,8.61,12.18
2.1762,-0.4441,0.7193,-0.4538,-27.51,7.98,13.02
2.1771,-0.4446,0.7174,-0.4568,-28.98,8.61,10.64
2.1781,-0.4426,0.7203,-0.4538,-28.07,7.84,11.55
2.1790,-0.4421,0.7193,-0.4504,-29.26,8.12,9.59
2.1799,-0.4416,0.7208,-0.4553,-28.77,7.84,9.94
2.1809,-0.4431,0.7178,-0.4553,-29.19,7.63,8.54
2.1818,-0.4441,0.7237,-0.4524,-30.17,8.19,7.42
2.1827,-0.4387,0.7271,-0.4524,-29.61,7.70,7.49
2.1837,-0.4353,0.7271,-0.4524,-30.38,7.63,5.95
2.1846,-0.4377,0.7261,-0.4519,-30.45,7.98,6.09
2.1855,-0.4392,0.7261,-0.4499,-30.73,7.28,5.11
2.1865,-0.4426,0.7242,-0.4494,-30.94,7.84,4.55
2.1874,-0.4431,0.7276,-0.4504,-30.94,7.35,4.06
2.1883,-0.4397,0.7300,-0.4465,-31.22,7.98,3.43
2.1893,-0.4382,0.7325,-0.4480,-31.57,7.07,3.08
2.1902,-0.4402,0.7344,-0.4485,-31.85,7.63,2.45
2.1911,-0.4392,0.7330,-0.4470,-31.85,7.00,2.03
2.1921,-0.4397,0.7369,-0.4470,-31.85,7.42,1.33
2.1922,-0.4416,0.7359,-0.4494,-32.48,7.21,1.40
2.1924,-0.4387,0.7344,-0.4499,-32.83,7.28,0.35
2.1925,-0.4387,0.7383,-0.4470,-32.90,6.79,0.42
2.1927,-0.4402,0.7379,-0.4494,-33.04,7.49,-0.63
2.1929,-0.4402,0.7408,-0.4480,-33.11,6.72,-0.28
2.1930,-0.4431,0.7452,-0.4451,-33.60,7.28,-1.54
2.1932,-0.4421,0.7447,-0.4504,-33.39,6.93,-0.70
2.1934,-0.4402,0.7437,-0.4524,-34.16,7.35,-1.96
2.1935,-0.4407,0.7447,-0.4514,-33.74,7.35,-1.96
2.1937,-0.4402,0.7447,-0.4514,-34.58,6.93,-2.45
2.1939,-0.4397,0.7427,-0.4490,-34.16,7.00,-2.73
2.1940,-0.4402,0.7462,-0.4485,-34.86,6.51,-3.50
2.1942,-0.4392,0.7501,-0.4519,-34.79,7.49,-3.01
2.1944,-0.4392,0.7535,-0.4534,-35.00,6.86,-3.43
2.1945,-0.4407,0.7520,-0.4534,-34.86,7.28,-3.43
2.1947,-0.4421,0.7501,-0.4548,-35.63,6.93,-3.78
2.1948,-0.4426,0.7530,-0.4553,-35.07,7.63,-4.20
2.1950,-0.4412,0.7549,-0.4548,-35.84,7.00,-3.71
2.1952,-0.4431,0.7569,-0.4514,-35.70,7.35,-4.90
2.1953,-0.4426,0.7579,-0.4534,-35.98,7.42,-3.43
2.1968,-0.4421,0.7584,-0.4529,-36.05,7.35,-5.18
2.1982,-0.4436,0.7593,-0.4538,-35.77,7.21,-3.78
2.1997,-0.4451,0.7618,-0.4587,-36.40,7.70,-4.83
2.2011,-0.4475,0.7662,-0.4548,-36.47,7.49,-3.99
2.2025,-0.4480,0.7715,-0.4509,-36.61,7.70,-4.83
2.2040,-0.4490,0.7740,-0.4524,-36.33,7.35,-4.34
2.2054,-0.4485,0.7735,-0.4524,-37.17,8.40,-4.34
2.2069,-0.4475,0.7740,-0.4494,-36.61,7.70,-4.41
2.2083,-0.4475,0.7735,-0.4514,-37.31,8.12,-4.55
2.2097,-0.4490,0.7735,-0.4543,-37.10,7.49,-4.13
2.2112,-0.4499,0.7769,-0.4582,-37.45,8.26,-4.27
2.2126,-0.4480,0.7803,-0.4577,-37.45,7.91,-4.34
2.2141,-0.4490,0.7798,-0.4519,-37.45,8.47,-4.48
2.2155,-0.4485,0.7798,-0.4524,-37.94,8.54,-3.92
2.2169,-0.4490,0.7813,-0.4538,-37.87,8.26,-3.92
2.2184,-0.4499,0.7862,-0.4529,-38.01,8.40,-4.13
2.2198,-0.4494,0.7881,-0.4494,-38.01,8.82,-3.71
2.2212,-0.4485,0.7881,-0.4509,-38.08,8.96,-3.99
2.2227,-0.4475,0.7906,-0.4548,-37.87,9.03,-3.43
2.2241,-0.4470,0.7935,-0.4538,-38.15,9.03,-3.64
2.2242,-0.4475,0.7974,-0.4553,-38.15,9.17,-3.08
2.2242,-0.4480,0.8013,-0.4558,-38.43,9.10,-3.64
2.2243,-0.4490,0.8047,-0.4582,-38.29,9.45,-2.66
2.2244,-0.4509,0.8037,-0.4568,-38.22,9.52,-3.43
2.2244,-0.4514,0.8042,-0.4534,-38.57,9.45,-2.59
2.2245,-0.4558,0.8081,-0.4538,-38.57,9.94,-2.66
2.2245,-0.4538,0.8096,-0.4494,-38.36,10.08,-2.03
2.2246,-0.4480,0.8072,-0.4485,-38.50,10.36,-2.17
2.2246,-0.4485,0.8076,-0.4514,-38.64,10.01,-2.10
2.2247,-0.4494,0.8091,-0.4504,-38.64,10.29,-2.10
2.2247,-0.4514,0.8062,-0.4519,-38.71,10.78,-1.40
2.2248,-0.4553,0.8067,-0.4529,-38.78,10.22,-2.03
2.2249,-0.4573,0.8111,-0.4548,-38.85,11.27,-1.26
2.2249,-0.4573,0.8140,-0.4543,-38.78,10.29,-1.40
2.2250,-0.4563,0.8150,-0.4514,-38.99,11.69,-0.91
2.2250,-0.4534,0.8169,-0.4499,-38.85,11.06,-0.84
2.2251,-0.4519,0.8189,-0.4490,-39.06,11.62,-0.70
2.2251,-0.4494,0.8189,-0.4490,-39.13,11.20,-0.56
2.2252,-0.4514,0.8174,-0.4529,-38.78,12.04,0.07
2.2252,-0.4514,0.8174,-0.4612,-39.34,11.69,-0.49
2.2254,-0.4485,0.8208,-0.4602,-38.78,12.53,0.63
2.2256,-0.4504,0.8233,-0.4524,-39.41,11.97,-0.21
2.2258,-0.4470,0.8228,-0.4490,-38.92,12.88,0.91
2.2260,-0.4431,0.8247,-0.4519,-39.13,13.02,1.05
2.2262,-0.4412,0.8228,-0.4538,-39.34,12.46,0.91
2.2264,-0.4402,0.8242,-0.4553,-39.34,13.44,1.75
2.2266,-0.4421,0.8276,-0.4524,-39.20,13.02,1.33
2.2268,-0.4426,0.8276,-0.4475,-39.62,13.86,2.31
2.2270,-0.4426,0.8257,-0.4431,-38.99,13.30,1.33
2.2272,-0.4412,0.8242,-0.4465,-39.69,14.14,2.94
2.2274,-0.4387,0.8233,-0.4499,-39.13,13.72,2.10
2.2276,-0.4377,0.8237,-0.4494,-39.48,14.49,3.15
2.2278,-0.4372,0.8262,-0.4480,-39.27,13.86,2.38
2.2280,-0.4343,0.8291,-0.4455,-39.83,14.56,3.29
2.2282,-0.4314,0.8272,-0.4460,-39.27,14.63,3.15
2.2284,-0.4324,0.8218,-0.4509,-39.62,14.84,3.43
2.2286,-0.4304,0.8242,-0.4504,-39.48,15.19,3.50
2.2288,-0.4285,0.8281,-0.4490,-39.76,14.77,3.22
2.2290,-0.4294,0.8291,-0.4519,-39.69,15.54,4.34
2.2292,-0.4270,0.8272,-0.4519,-39.76,14.91,3.01
2.2303,-0.4338,0.8257,-0.4529,-39.69,15.82,4.69
2.2314,-0.4309,0.8281,-0.4529,-39.41,16.45,5.18
2.2325,-0.4314,0.8359,-0.4577,-39.90,15.40,3.50
2.2336,-0.4275,0.8335,-0.4592,-39.69,17.01,5.18
2.2347,-0.4260,0.8291,-0.4573,-39.83,16.10,4.13
2.2358,-0.4290,0.8276,-0.4548,-39.48,16.80,5.32
2.2369,-0.4250,0.8272,-0.4538,-39.97,16.24,4.27
2.2380,-0.4231,0.8286,-0.4538,-39.76,17.22,5.18
2.2392,-0.4197,0.8301,-0.4534,-40.18,17.01,4.76
2.2403,-0.4163,0.8296,-0.4573,-39.55,17.08,5.32
2.2414,-0.4192,0.8296,-0.4597,-40.11,17.15,4.97
2.2425,-0.4182,0.8301,-0.4602,-39.76,17.29,5.25
2.2436,-0.4197,0.8281,-0.4631,-40.11,17.78,5.25
2.2447,-0.4168,0.8247,-0.4660,-39.83,17.36,5.25
2.2458,-0.4109,0.8247,-0.4695,-40.25,18.06,5.53
2.2469,-0.4109,0.8237,-0.4704,-40.04,17.64,4.97
2.2480,-0.4089,0.8233,-0.4665,-40.32,18.34,6.09
2.2491,-0.4089,0.8247,-0.4607,-40.32,17.99,4.69
2.2502,-0.4065,0.8247,-0.4636,-40.04,18.55,6.23
2.2513,-0.3972,0.8198,-0.4675,-40.53,18.20,4.83
2.2519,-0.3982,0.8233,-0.4665,-40.88,18.41,4.97
2.2525,-0.3982,0.8228,-0.4699,-40.04,18.97,6.02
2.2531,-0.3982,0.8179,-0.4675,-41.09,18.97,5.25
2.2537,-0.3933,0.8140,-0.4665,-40.25,18.69,6.30
2.2543,-0.3884,0.8140,-0.4680,-41.02,19.18,5.32
2.2550,-0.3865,0.8140,-0.4724,-40.60,19.32,6.23
2.2556,-0.3860,0.8096,-0.4714,-41.09,19.46,5.67
2.2562,-0.3850,0.8072,-0.4665,-40.67,19.25,5.81
2.2568,-0.3816,0.8076,-0.4695,-41.37,19.95,6.30
2.2574,-0.3797,0.8072,-0.4699,-40.81,19.11,5.81
2.2580,-0.3787,0.8013,-0.4651,-41.37,20.09,6.16
2.2586,-0.3777,0.8008,-0.4631,-41.65,19.46,6.09
2.2592,-0.3733,0.8013,-0.4582,-41.16,20.44,6.37
2.2598,-0.3694,0.7998,-0.4607,-41.51,19.53,6.02
2.2604,-0.3694,0.7945,-0.4641,-41.37,20.02,6.51
2.2610,-0.3680,0.7901,-0.4646,-41.65,20.37,6.16
2.2616,-0.3660,0.7945,-0.4675,-41.65,20.30,6.72
2.2622,-0.3626,0.7930,-0.4607,-42.07,20.51,6.44
2.2628,-0.3567,0.7906,-0.4612,-41.86,20.02,6.58
2.2634,-0.3558,0.7891,-0.4656,-42.42,20.93,6.72
2.2640,-0.3548,0.7862,-0.4641,-42.07,20.44,6.86
2.2645,-0.3553,0.7857,-0.4641,-42.56,20.72,6.58
2.2651,-0.3553,0.7857,-0.4621,-42.56,20.79,7.00
2.2657,-0.3518,0.7847,-0.4587,-42.42,21.00,6.65
2.2662,-0.3489,0.7823,-0.4646,-42.98,21.00,7.21
2.2668,-0.3484,0.7808,-0.4675,-42.77,21.21,6.79
2.2674,-0.3489,0.7788,-0.4587,-43.12,21.28,7.42
2.2679,-0.3465,0.7779,-0.4548,-43.19,21.14,6.79
2.2685,-0.3450,0.7784,-0.4573,-43.40,21.70,7.49
2.2691,-0.3431,0.7745,-0.4602,-43.12,21.07,6.79
2.2696,-0.3416,0.7701,-0.4621,-43.89,21.42,7.42
2.2702,-0.3416,0.7666,-0.4597,-43.33,21.63,7.21
2.2708,-0.3416,0.7652,-0.4602,-44.10,21.91,7.77
2.2713,-0.3426,0.7642,-0.4577,-44.03,21.63,7.49
2.2719,-0.3406,0.7637,-0.4558,-44.17,21.77,7.21
2.2725,-0.3367,0.7632,-0.4592,-44.52,21.91,7.91
2.2731,-0.3353,0.7623,-0.4616,-44.38,22.05,7.07
2.2736,-0.3323,0.7627,-0.4607,-44.59,22.12,7.77
2.2742,-0.3255,0.7632,-0.4656,-44.87,21.98,7.14
2.2748,-0.3250,0.7574,-0.4665,-45.01,22.12,6.79
2.2759,-0.3240,0.7559,-0.4641,-45.50,22.61,8.26
2.2770,-0.3206,0.7530,-0.4651,-45.50,22.26,7.00
2.2782,-0.3192,0.7496,-0.4631,-45.71,22.61,8.05
2.2793,-0.3157,0.7481,-0.4612,-46.20,22.47,7.00
2.2805,-0.3148,0.7471,-0.4680,-45.78,22.61,8.12
2.2816,-0.3123,0.7447,-0.4724,-46.55,22.40,7.00
2.2828,-0.3089,0.7457,-0.4665,-46.34,22.68,7.98
2.2839,-0.3099,0.7442,-0.4651,-46.83,22.61,7.21
2.2851,-0.3104,0.7408,-0.4714,-46.55,23.10,7.63
2.2862,-0.3089,0.7408,-0.4699,-47.04,22.61,7.56
2.2873,-0.3045,0.7418,-0.4631,-46.76,23.24,7.35
2.2885,-0.3016,0.7418,-0.4626,-47.60,22.89,7.77
2.2896,-0.3040,0.7403,-0.4665,-47.32,23.24,7.28
2.2908,-0.2991,0.7330,-0.4680,-47.74,23.10,7.91
2.2919,-0.2977,0.7320,-0.4685,-47.95,23.31,7.07
2.2931,-0.3011,0.7354,-0.4680,-47.81,23.31,7.91
2.2942,-0.2952,0.7335,-0.4670,-48.02,23.45,7.14
2.2953,-0.2918,0.7315,-0.4709,-48.30,23.66,8.40
2.2965,-0.2923,0.7330,-0.4690,-48.72,23.17,7.14
2.2976,-0.2933,0.7305,-0.4641,-48.37,23.52,8.75
2.2992,-0.2972,0.7257,-0.4704,-49.42,23.73,7.28
2.3007,-0.2977,0.7203,-0.4704,-48.72,23.66,8.54
2.3023,-0.2967,0.7149,-0.4665,-49.56,23.59,7.49
2.3039,-0.2952,0.7081,-0.4699,-48.93,24.08,8.82
2.3054,-0.2908,0.7008,-0.4675,-50.12,23.87,7.70
2.3070,-0.2904,0.6964,-0.4660,-49.28,24.01,8.75
2.3085,-0.2865,0.7003,-0.4660,-50.26,24.22,8.12
2.3101,-0.2840,0.7125,-0.4646,-49.98,24.01,8.54
2.3116,-0.2865,0.7169,-0.4680,-50.54,24.22,8.33
2.3132,-0.2821,0.7164,-0.4704,-50.40,24.50,8.19
2.3147,-0.2738,0.7183,-0.4690,-50.68,24.50,8.40
2.3163,-0.2743,0.7193,-0.4636,-50.75,24.57,7.98
2.3178,-0.2782,0.7169,-0.4670,-50.82,24.85,8.33
2.3194,-0.2752,0.7159,-0.4719,-51.17,24.92,7.91
2.3209,-0.2728,0.7188,-0.4685,-51.17,24.64,8.19
2.3225,-0.2718,0.7237,-0.4656,-51.31,25.27,7.63
2.3241,-0.2747,0.7252,-0.4680,-51.52,24.92,8.40
2.3256,-0.2743,0.7218,-0.4714,-51.38,25.62,7.63
2.3272,-0.2713,0.7193,-0.4729,-51.52,24.85,8.26
2.3287,-0.2733,0.7154,-0.4753,-52.29,25.55,7.28
2.3288,-0.2747,0.7096,-0.4724,-52.01,25.20,7.98
2.3288,-0.2723,0.7120,-0.4704,-52.29,25.62,6.72
2.3289,-0.2718,0.7149,-0.4738,-52.01,25.76,8.05
2.3290,-0.2728,0.7125,-0.4768,-52.64,25.83,6.79
2.3290,-0.2713,0.7139,-0.4743,-52.15,26.04,7.56
2.3291,-0.2669,0.7120,-0.4695,-52.64,25.76,6.72
2.3291,-0.2640,0.7091,-0.4738,-52.43,26.04,7.28
2.3292,-0.2655,0.7091,-0.4758,-53.06,26.25,6.72
2.3293,-0.2630,0.7110,-0.4753,-52.36,26.32,6.86
2.3293,-0.2611,0.7105,-0.4782,-52.92,26.25,6.51
2.3294,-0.2582,0.7125,-0.4778,-52.78,26.74,6.79
2.3294,-0.2542,0.7139,-0.4792,-53.34,26.60,6.37
2.3295,-0.2508,0.7100,-0.4821,-52.64,26.95,6.58
2.3296,-0.2445,0.7066,-0.4870,-53.27,26.88,6.51
2.3296,-0.2425,0.7047,-0.4914,-53.13,27.23,6.23
2.3297,-0.2435,0.7013,-0.4904,-53.27,26.81,6.79
2.3297,-0.2381,0.6978,-0.4870,-53.27,27.79,6.37
2.3298,-0.2362,0.6964,-0.4909,-53.34,27.16,6.02
2.3299,-0.2318,0.6954,-0.4968,-53.13,27.58,6.72
2.3299,-0.2323,0.6964,-0.5002,-53.55,28.21,6.86
2.3300,-0.2352,0.6944,-0.4968,-53.34,27.58,6.30
2.3300,-0.2333,0.6934,-0.4978,-53.41,27.79,6.58
2.3301,-0.2298,0.6925,-0.5017,-53.27,28.14,6.79
2.3301,-0.2264,0.6954,-0.5070,-53.55,27.93,6.72
2.3302,-0.2255,0.7003,-0.5129,-53.27,28.42,6.72
2.3303,-0.2259,0.7003,-0.5139,-53.27,28.00,7.07
2.3303,-0.2230,0.6969,-0.5163,-53.20,28.98,6.79
2.3304,-0.2225,0.6964,-0.5168,-52.92,28.49,6.79
2.3304,-0.2196,0.6964,-0.5158,-53.34,28.91,6.72
2.3305,-0.2133,0.6969,-0.5187,-52.64,28.42,7.00
2.3305,-0.2128,0.6969,-0.5212,-53.34,29.54,7.00
2.3306,-0.2108,0.6954,-0.5222,-52.36,28.63,6.72
2.3307,-0.2084,0.6959,-0.5217,-53.20,29.54,7.21
2.3307,-0.2074,0.6974,-0.5222,-52.29,28.77,6.30
2.3308,-0.2030,0.6998,-0.5251,-52.92,29.82,7.14
2.3308,-0.2006,0.7022,-0.5266,-52.43,28.91,6.23
2.3309,-0.1957,0.7008,-0.5290,-52.43,29.75,7.14
2.3309,-0.1913,0.7008,-0.5280,-52.43,29.47,6.51
2.3310,-0.1903,0.7017,-0.5266,-52.15,29.75,7.28
2.3310,-0.1893,0.7017,-0.5305,-52.22,29.68,6.23
2.3311,-0.1864,0.7013,-0.5348,-51.59,30.31,6.79
2.3311,-0.1845,0.6978,-0.5373,-52.29,30.24,6.37
2.3312,-0.1825,0.7003,-0.5383,-51.52,30.10,6.86
2.3312,-0.1806,0.7022,-0.5383,-51.66,30.38,6.09
2.3313,-0.1786,0.7003,-0.5383,-51.38,30.38,6.86
2.3313,-0.1752,0.6993,-0.5412,-51.38,31.08,6.09
2.3314,-0.1776,0.7008,-0.5422,-50.82,30.45,6.44
2.3314,-0.1767,0.7022,-0.5436,-50.82,31.08,5.95
2.3314,-0.1703,0.7003,-0.5461,-50.75,30.73,6.16
2.3315,-0.1698,0.7003,-0.5485,-50.47,31.15,6.23
2.3315,-0.1674,0.6993,-0.5514,-50.12,31.01,6.44
2.3316,-0.1674,0.6993,-0.5514,-50.05,31.22,5.81
2.3316,-0.1688,0.6988,-0.5485,-49.77,31.08,6.37
2.3317,-0.1596,0.6969,-0.5529,-49.77,31.64,5.81
2.3317,-0.1557,0.6964,-0.5592,-49.56,31.64,6.23
2.3318,-0.1601,0.6969,-0.5553,-49.21,31.78,6.16
2.3318,-0.1571,0.6934,-0.5519,-48.86,32.06,6.02
2.3318,-0.1552,0.6891,-0.5553,-49.07,31.57,6.02
2.3319,-0.1532,0.6905,-0.5568,-48.30,32.41,6.30
2.3319,-0.1488,0.6891,-0.5549,-48.09,31.78,5.74
2.3324,-0.1493,0.6891,-0.5558,-47.81,32.69,6.37
2.3329,-0.1503,0.6900,-0.5588,-47.67,31.71,5.81
2.3334,-0.1459,0.6905,-0.5612,-47.32,32.90,6.65
2.3339,-0.1435,0.6886,-0.5612,-47.18,32.34,6.09
2.3344,-0.1444,0.6847,-0.5627,-46.83,33.60,6.86
2.3349,-0.1440,0.6861,-0.5646,-46.55,32.55,5.95
2.3354,-0.1444,0.6852,-0.5617,-46.27,33.39,6.93
2.3359,-0.1415,0.6842,-0.5612,-46.06,32.83,6.37
2.3364,-0.1366,0.6856,-0.5666,-45.78,33.67,7.00
2.3369,-0.1357,0.6812,-0.5690,-45.64,33.25,6.09
2.3374,-0.1347,0.6744,-0.5680,-44.66,33.74,7.00
2.3379,-0.1347,0.6744,-0.5651,-44.87,34.44,7.21
2.3384,-0.1362,0.6788,-0.5680,-44.38,34.16,6.72
2.3389,-0.1318,0.6744,-0.5739,-44.10,34.37,7.28
2.3394,-0.1274,0.6681,-0.5758,-43.75,34.09,7.00
2.3399,-0.1259,0.6700,-0.5793,-43.61,34.86,7.35
2.3404,-0.1259,0.6710,-0.5812,-43.47,34.79,7.14
2.3409,-0.1269,0.6754,-0.5768,-42.70,35.21,7.70
2.3414,-0.1254,0.6798,-0.5724,-42.70,34.58,7.07
2.3419,-0.1235,0.6759,-0.5705,-42.28,35.70,7.91
2.3424,-0.1249,0.6715,-0.5714,-42.14,35.00,7.14
2.3430,-0.1220,0.6690,-0.5754,-41.44,35.84,8.19
2.3435,-0.1196,0.6661,-0.5763,-41.09,35.70,7.56
2.3441,-0.1235,0.6671,-0.5749,-40.74,36.26,8.19
2.3446,-0.1249,0.6690,-0.5768,-40.81,36.19,7.91
2.3451,-0.1269,0.6686,-0.5807,-39.83,37.03,8.33
2.3457,-0.1269,0.6705,-0.5797,-39.83,36.33,7.98
2.3462,-0.1249,0.6690,-0.5783,-38.99,36.89,8.54
2.3468,-0.1283,0.6661,-0.5807,-39.13,37.10,8.33
2.3473,-0.1264,0.6637,-0.5797,-38.50,37.52,8.54
2.3478,-0.1279,0.6642,-0.5773,-37.87,37.17,8.40
2.3484,-0.1313,0.6686,-0.5797,-37.87,38.15,8.96
2.3489,-0.1303,0.6647,-0.5802,-36.96,38.43,8.75
2.3495,-0.1313,0.6598,-0.5768,-37.31,38.57,9.17
2.3500,-0.1342,0.6583,-0.5793,-36.05,38.92,8.89
2.3506,-0.1366,0.6564,-0.5817,-36.47,39.27,9.17
2.3511,-0.1362,0.6544,-0.5788,-35.35,39.34,9.31
2.3516,-0.1376,0.6554,-0.5763,-35.91,39.90,9.17
2.3522,-0.1386,0.6568,-0.5744,-34.58,40.32,9.73
2.3527,-0.1401,0.6539,-0.5719,-34.51,40.39,9.52
2.3533,-0.1401,0.6520,-0.5749,-34.02,41.16,10.29
2.3539,-0.1415,0.6525,-0.5788,-33.53,41.23,9.73
2.3544,-0.1459,0.6529,-0.5793,-33.53,41.65,10.22
2.3550,-0.1469,0.6495,-0.5758,-32.83,42.07,9.66
2.3556,-0.1469,0.6481,-0.5739,-32.55,42.84,10.64
2.3561,-0.1459,0.6466,-0.5749,-31.85,42.63,9.94
2.3567,-0.1484,0.6427,-0.5754,-31.50,43.47,11.13
2.3573,-0.1508,0.6422,-0.5714,-31.08,43.68,10.50
2.3579,-0.1532,0.6373,-0.5636,-30.45,43.96,11.06
2.3584,-0.1508,0.6388,-0.5641,-29.68,44.87,11.41
2.3590,-0.1488,0.6329,-0.5666,-29.82,45.57,11.20
2.3596,-0.1469,0.6281,-0.5710,-28.77,46.06,11.76
2.3601,-0.1464,0.6310,-0.5705,-28.77,46.20,11.76
2.3607,-0.1444,0.6295,-0.5666,-28.28,47.04,12.18
2.3613,-0.1357,0.6315,-0.5666,-27.93,47.18,12.11
2.3618,-0.1298,0.6354,-0.5651,-27.09,47.81,12.18
2.3624,-0.1288,0.6368,-0.5627,-26.67,47.88,12.60
2.3630,-0.1298,0.6359,-0.5627,-26.32,49.00,12.53
2.3636,-0.1376,0.6300,-0.5612,-25.90,49.14,13.44
2.3641,-0.1425,0.6246,-0.5592,-25.55,49.70,12.81
2.3647,-0.1440,0.6207,-0.5573,-24.57,50.05,13.86
2.3653,-0.1513,0.6237,-0.5544,-24.71,50.33,13.02
2.3659,-0.1601,0.6281,-0.5553,-24.29,51.59,14.49
2.3665,-0.1654,0.6276,-0.5602,-23.87,51.38,13.37
2.3671,-0.1674,0.6261,-0.5602,-22.61,52.57,14.84
2.3677,-0.1708,0.6251,-0.5558,-22.89,52.64,13.65
2.3683,-0.1762,0.6222,-0.5544,-21.98,53.97,15.05
2.3689,-0.1806,0.6222,-0.5563,-21.91,53.34,13.79
2.3695,-0.1840,0.6237,-0.5553,-21.14,54.81,15.05
2.3701,-0.1884,0.6256,-0.5534,-21.07,54.39,13.93
2.3707,-0.1898,0.6261,-0.5553,-20.23,56.42,15.19
2.3713,-0.1874,0.6227,-0.5539,-19.88,56.28,14.49
2.3719,-0.1854,0.6256,-0.5466,-19.11,57.54,15.26
2.3725,-0.1869,0.6246,-0.5451,-18.90,57.54,14.84
2.3731,-0.1908,0.6251,-0.5470,-18.20,58.87,15.68
2.3737,-0.1908,0.6266,-0.5436,-17.85,58.87,14.91
2.3743,-0.1908,0.6246,-0.5436,-17.01,59.92,15.61
2.3749,-0.1923,0.6251,-0.5451,-17.01,59.99,15.47
2.3755,-0.1928,0.6246,-0.5417,-16.38,61.25,15.26
2.3761,-0.1937,0.6217,-0.5407,-16.10,61.95,15.54
2.3766,-0.1918,0.6202,-0.5363,-15.40,62.30,15.40
2.3771,-0.1903,0.6232,-0.5300,-14.77,63.63,15.96
2.3777,-0.1942,0.6232,-0.5314,-14.42,63.77,15.33
2.3782,-0.1972,0.6217,-0.5309,-13.86,64.82,16.24
2.3787,-0.1967,0.6232,-0.5266,-13.30,65.24,14.91
2.3792,-0.1967,0.6251,-0.5280,-12.60,66.08,16.52
2.3797,-0.1986,0.6217,-0.5300,-12.18,66.64,15.26
2.3802,-0.1962,0.6159,-0.5256,-11.20,67.90,16.31
2.3807,-0.1923,0.6154,-0.5256,-11.34,68.25,15.82
2.3812,-0.1942,0.6173,-0.5266,-10.64,69.16,16.52
2.3817,-0.1957,0.6159,-0.5217,-10.29,69.58,15.68
2.3823,-0.1962,0.6134,-0.5173,-9.52,70.91,16.24
2.3828,-0.1967,0.6115,-0.5148,-9.10,70.70,16.10
2.3833,-0.1957,0.6090,-0.5158,-8.61,72.31,16.52
2.3838,-0.1981,0.6076,-0.5148,-8.19,72.17,16.38
2.3843,-0.2020,0.6105,-0.5163,-7.28,73.78,16.45
2.3848,-0.2015,0.6159,-0.5178,-6.79,73.78,16.38
2.3853,-0.2001,0.6202,-0.5139,-6.37,75.18,16.31
2.3858,-0.2054,0.6227,-0.5119,-5.81,75.39,16.31
2.3863,-0.2089,0.6261,-0.5129,-5.04,76.65,16.45
2.3869,-0.2094,0.6285,-0.5134,-4.48,77.07,16.52
2.3874,-0.2128,0.6285,-0.5124,-3.99,78.05,16.38
2.3880,-0.2152,0.6334,-0.5114,-3.71,78.68,16.87
2.3885,-0.2152,0.6364,-0.5104,-2.73,79.73,16.24
2.3891,-0.2157,0.6364,-0.5070,-2.10,80.50,17.22
2.3896,-0.2191,0.6427,-0.5046,-1.68,80.71,16.59
2.3902,-0.2235,0.6417,-0.5051,-0.91,82.04,17.08
2.3907,-0.2255,0.6388,-0.5065,-0.56,82.67,17.01
2.3913,-0.2289,0.6403,-0.5061,0.42,84.21,17.22
2.3918,-0.2279,0.6412,-0.5002,0.77,84.00,16.80
2.3924,-0.2216,0.6451,-0.4943,1.40,85.12,16.87
2.3929,-0.2186,0.6466,-0.4968,1.89,85.89,17.43
2.3935,-0.2172,0.6476,-0.4958,3.08,86.66,17.08
2.3941,-0.2157,0.6495,-0.4929,3.43,87.22,17.01
2.3946,-0.2152,0.6544,-0.4929,4.27,88.41,17.29
2.3952,-0.2167,0.6593,-0.4900,5.11,89.46,17.22
2.3957,-0.2172,0.6627,-0.4885,5.60,90.02,17.22
2.3963,-0.2157,0.6666,-0.4870,6.23,90.72,17.36
2.3968,-0.2157,0.6739,-0.4831,7.07,91.14,17.22
2.3974,-0.2230,0.6812,-0.4817,7.77,92.47,17.85
2.3988,-0.2347,0.6847,-0.4860,8.40,92.96,17.15
2.4002,-0.2377,0.6900,-0.4895,9.45,94.15,17.78
2.4016,-0.2435,0.6934,-0.4865,9.80,94.78,17.29
2.4030,-0.2538,0.6900,-0.4831,10.85,96.11,18.06
2.4045,-0.2586,0.6925,-0.4836,11.48,96.39,17.08
2.4059,-0.2723,0.7017,-0.4841,12.95,97.79,17.43
2.4073,-0.2747,0.7052,-0.4846,14.35,99.26,17.85
2.4087,-0.2738,0.7061,-0.4821,14.70,100.10,17.92
2.4102,-0.2762,0.7081,-0.4802,15.47,100.52,17.71
2.4116,-0.2786,0.7071,-0.4792,16.31,101.99,18.13
2.4130,-0.2743,0.7120,-0.4817,17.29,102.55,17.78
2.4144,-0.2708,0.7144,-0.4821,17.92,103.18,18.20
2.4159,-0.2699,0.7154,-0.4792,18.69,104.30,18.06
2.4173,-0.2674,0.7247,-0.4782,20.02,104.79,17.78
2.4187,-0.2640,0.7320,-0.4797,20.72,106.12,18.62
2.4201,-0.2596,0.7359,-0.4792,21.28,106.05,17.64
2.4215,-0.2586,0.7398,-0.4768,22.54,107.87,18.90
2.4230,-0.2567,0.7403,-0.4734,23.24,107.73,17.78
2.4244,-0.2533,0.7442,-0.4704,23.94,109.13,18.55
2.4258,-0.2542,0.7525,-0.4685,24.64,109.76,17.78
2.4261,-0.2572,0.7549,-0.4680,26.18,110.39,18.48
2.4265,-0.2460,0.7652,-0.4587,27.72,112.21,18.41
2.4268,-0.2455,0.7691,-0.4543,29.68,113.96,18.27
2.4271,-0.2489,0.7745,-0.4558,29.82,114.03,17.78
2.4274,-0.2464,0.7784,-0.4558,31.43,114.73,17.85
2.4278,-0.2425,0.7803,-0.4534,31.85,115.92,18.20
2.4281,-0.2435,0.7862,-0.4519,33.25,116.48,17.92
2.4284,-0.2445,0.7910,-0.4494,34.02,117.04,17.85
2.4287,-0.2411,0.7910,-0.4499,34.72,117.60,17.43
2.4291,-0.2406,0.7950,-0.4494,35.70,118.30,17.64
2.4294,-0.2425,0.8023,-0.4475,36.75,119.07,17.36
2.4297,-0.2420,0.8067,-0.4470,37.59,119.35,17.43
2.4300,-0.2386,0.8096,-0.4460,38.85,120.19,16.80
2.4304,-0.2313,0.8130,-0.4436,39.27,120.68,17.15
2.4307,-0.2294,0.8159,-0.4441,40.53,121.10,16.45
2.4310,-0.2328,0.8203,-0.4436,41.51,121.38,16.52
2.4313,-0.2328,0.8252,-0.4426,42.21,122.43,16.10
2.4317,-0.2323,0.8281,-0.4494,43.26,122.36,16.24
2.4320,-0.2298,0.8272,-0.4504,43.82,122.78,15.47
2.4323,-0.2240,0.8330,-0.4499,45.29,123.76,15.54
2.4328,-0.2191,0.8438,-0.4573,46.06,123.69,15.33
2.4333,-0.2181,0.8501,-0.4534,47.81,124.53,14.56
2.4338,-0.2176,0.8579,-0.4529,48.79,125.30,14.35
2.4343,-0.2162,0.8603,-0.4538,49.77,125.65,13.79
2.4347,-0.2133,0.8652,-0.4568,50.19,125.93,13.65
2.4352,-0.2098,0.8701,-0.4592,51.59,125.93,13.58
2.4357,-0.2084,0.8725,-0.4592,52.22,126.49,12.74
2.4362,-0.2054,0.8735,-0.4587,53.48,126.63,12.46
2.4367,-0.2001,0.8779,-0.4616,54.25,126.98,11.90
2.4372,-0.1962,0.8862,-0.4636,55.23,127.26,11.83
2.4377,-0.1932,0.8916,-0.4616,56.14,127.40,10.92
2.4382,-0.1937,0.8984,-0.4660,56.98,127.61,10.99
2.4386,-0.1932,0.9023,-0.4670,58.10,127.82,10.29
2.4391,-0.1898,0.9067,-0.4651,58.94,128.03,9.73
2.4396,-0.1923,0.9126,-0.4660,59.71,128.24,9.38
2.4401,-0.1976,0.9160,-0.4675,60.83,127.96,8.89
2.4406,-0.2015,0.9204,-0.4651,61.60,128.31,8.40
2.4411,-0.2040,0.9204,-0.4646,62.65,128.66,7.77
2.4416,-0.2079,0.9213,-0.4690,63.70,128.73,7.28
2.4421,-0.2108,0.9238,-0.4680,64.40,128.94,7.14
2.4426,-0.2103,0.9267,-0.4685,65.03,129.15,6.30
2.4432,-0.2079,0.9331,-0.4714,66.43,129.22,5.81
2.4438,-0.2040,0.9365,-0.4734,66.71,128.94,5.39
2.4444,-0.2079,0.9355,-0.4729,67.62,128.87,4.41
2.4450,-0.2050,0.9374,-0.4695,68.67,129.36,3.99
2.4456,-0.1976,0.9448,-0.4690,69.37,128.94,3.85
2.4461,-0.1986,0.9501,-0.4690,70.49,129.15,2.73
2.4467,-0.1976,0.9492,-0.4699,71.26,129.29,2.80
2.4473,-0.1957,0.9496,-0.4660,72.17,129.15,2.24
2.4479,-0.1932,0.9526,-0.4626,73.01,129.15,1.47
2.4485,-0.1947,0.9516,-0.4621,73.71,128.87,1.05
2.4491,-0.1972,0.9526,-0.4607,74.41,129.08,0.84
2.4496,-0.1908,0.9560,-0.4616,75.53,128.66,0.21
2.4502,-0.1859,0.9589,-0.4631,75.81,129.08,0.28
2.4508,-0.1850,0.9623,-0.4597,76.79,128.66,-0.91
2.4514,-0.1869,0.9638,-0.4553,77.63,128.94,-0.63
2.4520,-0.1854,0.9643,-0.4553,78.19,128.52,-1.40
2.4526,-0.1840,0.9662,-0.4529,79.03,128.38,-1.40
2.4531,-0.1806,0.9667,-0.4504,79.73,127.33,-2.73
2.4537,-0.1771,0.9667,-0.4504,80.43,128.45,-1.75
2.4543,-0.1742,0.9653,-0.4485,80.99,127.26,-3.78
2.4548,-0.1718,0.9667,-0.4480,81.83,128.38,-2.73
2.4554,-0.1698,0.9697,-0.4441,82.25,127.40,-4.13
2.4560,-0.1684,0.9726,-0.4387,83.16,127.40,-3.57
2.4565,-0.1708,0.9706,-0.4397,83.65,126.98,-4.62
2.4571,-0.1703,0.9682,-0.4392,84.49,127.19,-4.62
2.4576,-0.1679,0.9736,-0.4343,84.77,126.49,-5.18
2.4582,-0.1679,0.9740,-0.4338,85.61,126.14,-5.46
2.4587,-0.1688,0.9750,-0.4348,85.96,126.00,-5.60
2.4593,-0.1654,0.9760,-0.4348,86.66,125.58,-6.23
2.4598,-0.1688,0.9760,-0.4324,87.36,125.51,-6.02
2.4604,-0.1752,0.9755,-0.4324,87.43,124.60,-7.21
2.4610,-0.1732,0.9736,-0.4338,88.27,125.23,-6.65
2.4615,-0.1723,0.9750,-0.4270,88.27,124.11,-8.26
2.4621,-0.1728,0.9750,-0.4250,88.97,124.25,-7.28
2.4626,-0.1781,0.9721,-0.4290,88.97,123.69,-8.75
2.4632,-0.1845,0.9677,-0.4236,89.95,123.34,-8.47
2.4637,-0.1908,0.9740,-0.4250,90.79,122.64,-9.45
2.4643,-0.1942,0.9731,-0.4265,91.63,121.73,-10.50
2.4648,-0.1952,0.9726,-0.4270,91.49,121.31,-11.06
2.4655,-0.1981,0.9701,-0.4265,91.98,121.24,-11.55
2.4661,-0.2011,0.9677,-0.4255,91.14,120.26,-11.83
2.4667,-0.2030,0.9687,-0.4246,92.68,120.12,-12.39
2.4673,-0.2025,0.9706,-0.4246,92.05,119.77,-12.95
2.4679,-0.2040,0.9701,-0.4246,92.54,119.14,-12.88
2.4685,-0.2069,0.9677,-0.4260,92.54,118.93,-13.86
2.4691,-0.2074,0.9614,-0.4265,92.61,118.30,-14.14
2.4697,-0.2118,0.9550,-0.4221,92.75,118.23,-14.56
2.4703,-0.2147,0.9540,-0.4221,92.54,117.39,-14.98
2.4709,-0.2152,0.9531,-0.4177,92.96,117.32,-15.12
2.4715,-0.2181,0.9506,-0.4128,92.89,116.34,-15.54
2.4721,-0.2201,0.9477,-0.4138,93.10,115.99,-15.82
2.4727,-0.2245,0.9448,-0.4099,92.40,115.36,-16.52
2.4733,-0.2230,0.9409,-0.4080,92.82,115.08,-16.24
2.4739,-0.2211,0.9384,-0.4114,92.40,114.38,-17.85
2.4745,-0.2259,0.9379,-0.4065,92.68,114.24,-16.87
2.4751,-0.2323,0.9384,-0.4050,92.26,113.12,-17.64
2.4757,-0.2362,0.9389,-0.4055,91.70,112.49,-18.69
2.4763,-0.2372,0.9370,-0.4036,91.70,112.07,-18.48
2.4769,-0.2386,0.9326,-0.4036,91.14,111.58,-19.39
2.4775,-0.2499,0.9335,-0.4055,91.21,111.23,-18.62
2.4780,-0.2567,0.9355,-0.4055,90.93,109.69,-19.95
2.4785,-0.2567,0.9370,-0.4031,90.37,109.76,-19.53
2.4791,-0.2621,0.9389,-0.3972,89.95,109.20,-20.09
2.4796,-0.2674,0.9409,-0.3982,89.95,108.92,-19.81
2.4801,-0.2669,0.9394,-0.4021,89.46,108.36,-20.23
2.4806,-0.2679,0.9365,-0.4011,89.32,107.52,-20.58
2.4812,-0.2718,0.9326,-0.3958,88.69,107.45,-20.30
2.4817,-0.2767,0.9301,-0.3919,88.55,106.61,-20.51
2.4822,-0.2835,0.9296,-0.3914,87.78,106.19,-20.44
2.4827,-0.2874,0.9326,-0.3860,87.43,105.84,-20.37
2.4833,-0.2904,0.9374,-0.3875,86.94,105.21,-20.16
2.4838,-0.2987,0.9399,-0.3875,86.45,104.65,-20.65
2.4843,-0.3094,0.9409,-0.3845,86.10,104.51,-20.09
2.4849,-0.3196,0.9374,-0.3831,85.61,103.67,-20.86
2.4854,-0.3284,0.9370,-0.3802,85.19,103.18,-20.30
2.4859,-0.3367,0.9418,-0.3772,84.84,102.55,-20.44
2.4864,-0.3460,0.9482,-0.3753,83.65,102.34,-20.37
2.4870,-0.3528,0.9550,-0.3806,83.65,101.85,-20.23
2.4875,-0.3592,0.9623,-0.3811,82.60,101.36,-20.16
2.4889,-0.3680,0.9706,-0.3777,82.18,101.08,-19.67
2.4904,-0.3772,0.9770,-0.3782,81.76,100.66,-20.23
2.4918,-0.3880,0.9789,-0.3753,81.34,99.89,-19.53
2.4933,-0.3948,0.9804,-0.3723,80.43,100.03,-19.81
2.4947,-0.4016,0.9867,-0.3728,79.87,99.12,-19.04
2.4962,-0.4089,0.9950,-0.3709,79.66,98.63,-19.74
2.4976,-0.4163,1.0019,-0.3719,78.61,98.56,-18.27
2.4991,-0.4236,1.0136,-0.3748,78.26,97.72,-19.32
2.5005,-0.4280,1.0248,-0.3723,77.56,98.00,-18.06
2.5020,-0.4348,1.0272,-0.3723,77.14,97.23,-18.62
2.5034,-0.4377,1.0263,-0.3694,76.44,96.95,-17.92
2.5048,-0.4436,1.0302,-0.3621,75.95,96.53,-17.99
2.5063,-0.4485,1.0350,-0.3567,75.32,96.04,-17.22
2.5077,-0.4494,1.0404,-0.3533,74.76,95.97,-17.36
2.5092,-0.4597,1.0526,-0.3543,74.20,95.83,-16.10
2.5106,-0.4719,1.0643,-0.3562,73.50,94.64,-16.38
2.5121,-0.4768,1.0712,-0.3523,73.08,94.71,-15.96
2.5135,-0.5129,1.1000,-0.3528,70.84,93.17,-14.00
2.5150,-0.5231,1.1092,-0.3518,70.07,93.03,-13.23
2.5164,-0.5305,1.1180,-0.3484,69.37,93.38,-12.81
2.5165,-0.5397,1.1268,-0.3509,68.60,92.89,-12.04
2.5165,-0.5480,1.1385,-0.3567,68.39,91.98,-12.04
2.5165,-0.5524,1.1527,-0.3558,68.04,91.98,-10.64
2.5166,-0.5588,1.1619,-0.3548,67.20,91.70,-11.34
2.5166,-0.5641,1.1663,-0.3562,66.99,91.70,-9.59
2.5167,-0.5690,1.1722,-0.3558,66.50,90.79,-10.08
2.5167,-0.5719,1.1795,-0.3533,66.29,91.42,-8.19
2.5168,-0.5768,1.1873,-0.3499,65.31,90.23,-7.14
2.5168,-0.5841,1.2029,-0.3479,63.63,89.88,-7.49
2.5169,-0.5915,1.2205,-0.3470,64.26,89.67,-5.74
2.5169,-0.5973,1.2337,-0.3465,62.86,89.18,-6.37
2.5169,-0.5988,1.2473,-0.3445,63.07,89.39,-4.55
2.5170,-0.5998,1.2581,-0.3445,62.23,88.55,-5.04
2.5170,-0.5993,1.2683,-0.3445,61.88,88.62,-3.78
2.5171,-0.5998,1.2815,-0.3479,61.46,88.06,-3.36
2.5171,-0.6037,1.2966,-0.3504,60.90,87.57,-3.08
2.5172,-0.6090,1.3137,-0.3484,60.41,87.64,-1.96
2.5172,-0.6139,1.3269,-0.3479,60.06,86.52,-2.73
2.5173,-0.6149,1.3366,-0.3489,60.27,86.59,-0.84
2.5173,-0.6139,1.3479,-0.3484,59.08,85.96,-1.54
2.5174,-0.6188,1.3591,-0.3518,59.36,85.75,0.28
2.5175,-0.6256,1.3747,-0.3528,58.31,85.33,-0.77
2.5175,-0.6305,1.3923,-0.3523,58.87,85.12,1.61
2.5176,-0.6378,1.4064,-0.3577,57.89,84.21,-0.21
2.5177,-0.6471,1.4167,-0.3592,58.03,84.28,2.45
2.5178,-0.6549,1.4191,-0.3601,57.40,83.72,0.91
2.5179,-0.6656,1.4220,-0.3660,57.75,82.88,2.94
2.5179,-0.6764,1.4313,-0.3675,56.63,82.74,1.68
2.5180,-0.6827,1.4513,-0.3680,55.93,82.18,2.66
2.5181,-0.6842,1.4674,-0.3767,56.49,81.27,4.55
2.5182,-0.6817,1.4821,-0.3782,55.65,81.27,3.78
2.5182,-0.6812,1.4947,-0.3816,55.79,80.22,4.62
2.5183,-0.6822,1.5108,-0.3841,55.37,80.15,4.62
2.5184,-0.6778,1.5235,-0.3826,54.95,79.52,5.18
2.5185,-0.6759,1.5343,-0.3865,55.09,79.10,5.74
2.5186,-0.6744,1.5474,-0.3899,54.53,78.40,5.18
2.5186,-0.6705,1.5587,-0.3880,54.74,77.63,6.79
2.5187,-0.6681,1.5684,-0.3884,54.18,77.14,5.32
2.5188,-0.6661,1.5743,-0.3909,54.46,76.58,7.70
2.5189,-0.6642,1.5792,-0.3880,53.55,75.53,5.60
2.5195,-0.6671,1.5840,-0.3841,54.04,75.32,8.47
2.5201,-0.6705,1.5943,-0.3845,53.06,74.06,6.02
2.5207,-0.6705,1.6089,-0.3894,53.62,73.64,8.68
2.5213,-0.6788,1.6167,-0.3904,52.57,73.36,6.58
2.5219,-0.6861,1.6124,-0.3875,53.27,72.03,8.82
2.5225,-0.6895,1.6070,-0.3870,52.64,71.96,7.21
2.5230,-0.6915,1.6089,-0.3894,52.43,70.70,8.96
2.5236,-0.6915,1.6163,-0.3943,51.66,70.56,7.42
2.5242,-0.6861,1.6299,-0.3948,52.01,69.09,8.89
2.5248,-0.6778,1.6397,-0.3958,51.10,68.60,7.98
2.5254,-0.6705,1.6475,-0.3977,51.45,67.41,8.61
2.5260,-0.6637,1.6582,-0.3953,50.33,67.34,8.19
2.5266,-0.6578,1.6612,-0.3919,50.96,65.24,8.33
2.5272,-0.6549,1.6582,-0.3904,49.98,65.38,8.33
2.5278,-0.6549,1.6616,-0.3972,50.12,63.77,7.84
2.5284,-0.6559,1.6670,-0.3972,49.63,63.56,9.03
2.5290,-0.6583,1.6734,-0.3919,49.00,62.16,7.98
2.5296,-0.6593,1.6826,-0.3963,48.79,61.18,8.96
2.5302,-0.6588,1.6851,-0.3997,48.09,60.34,7.84
2.5308,-0.6612,1.6851,-0.3958,48.09,59.43,9.38
2.5314,-0.6656,1.6885,-0.3963,47.11,58.31,7.98
2.5320,-0.6651,1.6821,-0.3963,47.46,57.40,9.31
2.5326,-0.6686,1.6690,-0.3948,46.34,56.56,8.19
2.5332,-0.6725,1.6636,-0.3894,46.62,55.30,9.38
2.5338,-0.6705,1.6587,-0.3826,45.43,54.95,8.82
2.5344,-0.6651,1.6563,-0.3806,45.36,53.34,9.87
2.5350,-0.6612,1.6577,-0.3826,44.17,53.55,9.73
2.5356,-0.6578,1.6553,-0.3767,44.66,51.10,9.66
2.5362,-0.6573,1.6558,-0.3694,42.98,51.17,10.01
2.5368,-0.6656,1.6572,-0.3665,42.70,49.49,9.94
2.5374,-0.6632,1.6577,-0.3640,42.21,49.14,10.78
2.5380,-0.6627,1.6612,-0.3601,41.30,47.39,10.29
2.5386,-0.6695,1.6651,-0.3567,40.67,47.25,11.83
2.5392,-0.6715,1.6670,-0.3562,39.55,45.50,10.92
2.5398,-0.6754,1.6694,-0.3543,39.41,45.29,12.60
2.5404,-0.6827,1.6719,-0.3479,38.22,43.82,11.62
2.5410,-0.6881,1.6738,-0.3387,37.59,43.19,13.37
2.5416,-0.6959,1.6734,-0.3357,36.75,42.28,12.46
2.5421,-0.7096,1.6641,-0.3362,35.98,40.95,13.58
2.5427,-0.7188,1.6533,-0.3362,34.93,40.81,13.23
2.5439,-0.7247,1.6426,-0.3299,34.30,39.41,14.56
2.5451,-0.7291,1.6363,-0.3265,33.18,39.20,14.49
2.5463,-0.7310,1.6382,-0.3216,32.69,37.80,15.26
2.5475,-0.7291,1.6509,-0.3211,30.45,36.33,16.45
2.5486,-0.7261,1.6538,-0.3187,29.33,36.05,16.59
2.5498,-0.7213,1.6514,-0.3138,28.77,34.58,17.78
2.5510,-0.7139,1.6490,-0.3094,27.30,34.23,17.43
2.5522,-0.7056,1.6436,-0.3060,26.53,33.04,18.90
2.5533,-0.7086,1.6436,-0.3006,25.41,32.27,19.04
2.5545,-0.7144,1.6499,-0.2977,24.57,31.71,19.88
2.5557,-0.7159,1.6607,-0.2982,23.24,30.94,20.79
2.5569,-0.7252,1.6660,-0.2987,22.26,30.10,21.00
2.5581,-0.7388,1.6626,-0.2948,21.35,29.40,22.19
2.5592,-0.7422,1.6607,-0.2918,20.09,28.98,22.47
2.5604,-0.7462,1.6655,-0.2913,19.18,28.00,23.73
2.5616,-0.7462,1.6734,-0.2904,17.71,27.44,23.52
2.5628,-0.7447,1.6831,-0.2904,16.66,26.81,24.92
2.5640,-0.7481,1.6919,-0.2938,15.19,26.25,25.20
2.5651,-0.7501,1.6973,-0.2972,14.56,25.13,26.25
2.5663,-0.7540,1.7007,-0.2943,13.02,24.99,26.67
2.5669,-0.7681,1.7129,-0.2943,10.78,23.52,27.79
2.5675,-0.7745,1.7192,-0.2943,9.66,22.89,28.70
2.5681,-0.7818,1.7270,-0.2933,8.19,22.40,29.68
2.5687,-0.7857,1.7353,-0.2962,7.42,21.84,30.17
2.5692,-0.7876,1.7417,-0.2991,5.81,21.56,30.59
2.5698,-0.7930,1.7490,-0.3011,4.97,21.00,31.43
2.5704,-0.7984,1.7534,-0.3021,3.64,19.74,31.29
2.5710,-0.8032,1.7548,-0.2991,2.38,20.02,32.69
2.5716,-0.8062,1.7602,-0.2982,1.12,18.62,32.27
2.5722,-0.8057,1.7646,-0.3011,-0.21,18.97,34.02
2.5728,-0.8106,1.7729,-0.2991,-1.40,17.99,33.46
2.5733,-0.8159,1.7866,-0.2977,-2.59,17.85,34.93
2.5739,-0.8164,1.7968,-0.2957,-3.64,17.08,34.44
2.5745,-0.8189,1.8071,-0.2933,-5.39,17.08,35.84
2.5751,-0.8228,1.8163,-0.2933,-6.30,16.31,35.63
2.5757,-0.8228,1.8261,-0.2923,-7.84,16.17,36.75
2.5763,-0.8252,1.8373,-0.2899,-8.68,15.33,36.61
2.5769,-0.8340,1.8481,-0.2830,-10.08,15.33,37.73
2.5774,-0.8379,1.8617,-0.2801,-11.62,14.63,37.59
2.5780,-0.8389,1.8798,-0.2840,-12.25,14.35,38.71
2.5797,-0.8511,1.8964,-0.2840,-13.93,14.14,38.99
2.5814,-0.8613,1.9095,-0.2884,-15.12,13.23,39.06
2.5832,-0.8847,1.9315,-0.2874,-17.22,12.95,39.90
2.5849,-0.9008,1.9374,-0.2899,-18.62,12.81,40.46
2.5866,-0.9091,1.9437,-0.2923,-19.60,12.81,40.18
2.5883,-0.9184,1.9579,-0.2899,-21.14,12.32,40.95
2.5900,-0.9228,1.9759,-0.2884,-22.12,12.25,40.74
2.5917,-0.9267,1.9915,-0.2928,-23.52,11.62,41.16
2.5934,-0.9335,2.0115,-0.3006,-24.29,11.69,40.81
2.5951,-0.9345,2.0315,-0.3001,-26.04,11.55,41.37
2.5969,-0.9360,2.0462,-0.3021,-26.60,11.62,41.02
2.5986,-0.9399,2.0642,-0.3109,-27.93,10.92,41.09
2.6003,-0.9399,2.0833,-0.3152,-29.12,10.71,40.88
2.6020,-0.9404,2.1008,-0.3192,-29.89,10.29,41.02
2.6037,-0.9428,2.1204,-0.3250,-31.57,10.36,40.46
2.6054,-0.9477,2.1370,-0.3294,-32.06,9.66,39.83
2.6071,-0.9540,2.1511,-0.3357,-33.88,9.87,40.25
2.6088,-0.9536,2.1682,-0.3436,-34.51,9.38,39.55
2.6106,-0.9540,2.1858,-0.3543,-35.49,9.31,39.83
2.6123,-0.9584,2.1984,-0.3621,-36.82,8.96,38.50
2.6123,-0.9575,2.2141,-0.3655,-37.66,9.03,38.78
2.6124,-0.9589,2.2321,-0.3728,-39.13,8.26,37.24
2.6125,-0.9643,2.2492,-0.3782,-39.76,8.12,38.15
2.6126,-0.9638,2.2648,-0.3821,-41.37,7.84,36.47
2.6127,-0.9648,2.2794,-0.3899,-41.58,7.14,36.82
2.6127,-0.9658,2.2936,-0.3958,-43.40,7.35,35.77
2.6128,-0.9628,2.3038,-0.3967,-43.75,6.51,35.35
2.6129,-0.9658,2.3156,-0.4011,-45.43,7.00,34.72
2.6130,-0.9667,2.3322,-0.4085,-46.20,6.16,34.58
2.6130,-0.9628,2.3478,-0.4133,-47.04,6.02,33.88
2.6131,-0.9638,2.3634,-0.4211,-48.30,5.46,33.60
2.6132,-0.9677,2.3770,-0.4299,-49.00,5.60,33.67
2.6133,-0.9721,2.3883,-0.4319,-49.98,4.69,33.25
2.6133,-0.9765,2.3975,-0.4319,-50.96,4.48,32.62
2.6134,-0.9828,2.4058,-0.4377,-51.80,3.64,32.41
2.6135,-0.9853,2.4195,-0.4436,-52.99,4.06,32.76
2.6136,-0.9819,2.4385,-0.4446,-54.04,3.43,31.78
2.6136,-0.9853,2.4532,-0.4446,-54.95,2.94,32.27
2.6137,-0.9950,2.4678,-0.4519,-55.93,3.15,32.27
2.6138,-1.0053,2.4873,-0.4636,-56.49,2.52,32.55
2.6138,-1.0170,2.4966,-0.4695,-57.82,2.03,32.34
2.6139,-1.0248,2.5039,-0.4714,-58.45,1.61,32.76
2.6139,-1.0233,2.5210,-0.4812,-59.50,1.61,32.76
2.6140,-1.0131,2.5435,-0.4924,-60.62,0.91,32.97
2.6140,-1.0053,2.5683,-0.4987,-61.04,1.26,33.53
2.6141,-1.0009,2.5932,-0.5095,-62.30,0.21,33.39
2.6141,-0.9892,2.6113,-0.5187,-63.00,-0.14,34.16
2.6142,-0.9784,2.6293,-0.5246,-64.05,-0.63,34.51
2.6142,-0.9711,2.6591,-0.5334,-64.12,-0.77,35.07
2.6143,-0.9633,2.6835,-0.5441,-65.10,-1.82,34.79
2.6143,-0.9555,2.7040,-0.5539,-65.94,-1.89,36.26
2.6144,-0.9492,2.7260,-0.5646,-66.71,-2.66,36.47
2.6144,-0.9409,2.7450,-0.5773,-67.55,-3.43,37.59
2.6145,-0.9345,2.7670,-0.5910,-68.11,-4.48,37.59
2.6145,-0.9292,2.7923,-0.6080,-68.95,-4.97,38.57
2.6146,-0.9238,2.8446,-0.6407,-68.95,-5.46,39.27
2.6146,-0.9228,2.8665,-0.6520,-70.21,-6.93,40.67
2.6147,-0.9189,2.8792,-0.6676,-71.26,-8.54,41.37
2.6147,-0.9140,2.8943,-0.6798,-71.75,-8.68,42.91
2.6148,-0.9140,2.9119,-0.6939,-72.17,-9.94,43.47
2.6151,-0.9155,2.9280,-0.7091,-72.59,-10.71,44.80
2.6155,-0.9189,2.9358,-0.7237,-72.94,-11.55,45.92
2.6158,-0.9233,2.9397,-0.7393,-73.71,-12.60,47.32
2.6162,-0.9267,2.9514,-0.7515,-73.78,-13.37,48.93
2.6165,-0.9213,2.9646,-0.7632,-75.04,-14.28,50.05
2.6168,-0.9091,2.9778,-0.7759,-75.11,-14.77,52.43
2.6172,-0.9008,2.9905,-0.7891,-75.81,-16.17,53.83
2.6175,-0.8974,2.9978,-0.8003,-75.67,-16.73,56.00
2.6179,-0.8926,3.0090,-0.8081,-76.72,-17.64,57.75
2.6182,-0.8862,3.0251,-0.8140,-76.79,-18.55,60.62
2.6186,-0.8833,3.0368,-0.8228,-77.14,-20.02,62.58
2.6189,-0.8843,3.0417,-0.8340,-77.84,-20.72,65.45
2.6193,-0.8867,3.0446,-0.8423,-78.33,-21.14,67.83
2.6196,-0.8911,3.0510,-0.8540,-78.61,-22.47,70.98
2.6200,-0.8960,3.0568,-0.8633,-79.03,-23.17,73.64
2.6203,-0.9048,3.0559,-0.8750,-80.15,-25.06,79.94
2.6207,-0.9082,3.0622,-0.8852,-80.57,-25.27,83.93
2.6210,-0.9121,3.0695,-0.8911,-80.78,-26.60,86.73
2.6214,-0.9165,3.0729,-0.8974,-81.55,-27.16,91.21
2.6217,-0.9189,3.0778,-0.9096,-82.11,-28.28,94.36
2.6223,-0.9228,3.0827,-0.9213,-82.25,-28.91,98.28
2.6229,-0.9257,3.0851,-0.9296,-83.02,-29.68,102.20
2.6234,-0.9287,3.0905,-0.9365,-83.16,-30.31,106.40
2.6240,-0.9340,3.0954,-0.9457,-84.14,-30.94,110.04
2.6246,-0.9384,3.0944,-0.9550,-84.28,-31.36,114.80
2.6251,-0.9384,3.0910,-0.9643,-85.19,-32.27,118.30
2.6257,-0.9414,3.0861,-0.9740,-85.47,-32.55,123.20
2.6263,-0.9540,3.0759,-0.9853,-86.17,-33.46,127.61
2.6268,-0.9648,3.0598,-0.9945,-86.59,-33.95,131.74
2.6274,-0.9662,3.0437,-1.0024,-87.43,-34.44,136.29
2.6280,-0.9633,3.0363,-1.0136,-88.55,-34.86,140.70
2.6285,-0.9575,3.0246,-1.0209,-88.83,-35.07,145.11
2.6291,-0.9526,3.0105,-1.0311,-90.09,-35.63,149.52
2.6297,-0.9521,2.9992,-1.0443,-90.16,-35.56,154.21
2.6302,-0.9496,2.9817,-1.0551,-92.12,-36.68,158.41
2.6308,-0.9496,2.9612,-1.0609,-92.47,-36.05,163.66
2.6314,-0.9521,2.9397,-1.0604,-94.29,-37.24,167.30
2.6319,-0.9540,2.9187,-1.0634,-94.50,-36.61,172.48
2.6325,-0.9560,2.8943,-1.0668,-96.67,-37.73,176.05
2.6331,-0.9589,2.8650,-1.0653,-97.09,-37.38,181.58
2.6337,-0.9614,2.8387,-1.0653,-99.12,-37.80,184.73
2.6344,-0.9662,2.8133,-1.0707,-100.24,-37.31,190.19
2.6350,-0.9716,2.7792,-1.0721,-101.85,-37.59,193.69
2.6357,-0.9731,2.7387,-1.0712,-103.32,-37.87,198.38
2.6363,-0.9799,2.6982,-1.0658,-105.35,-37.52,202.30
2.6369,-0.9858,2.6586,-1.0614,-107.03,-37.59,206.36
2.6376,-0.9906,2.6171,-1.0643,-109.06,-37.38,210.35
2.6382,-0.9941,2.5766,-1.0634,-111.09,-37.45,214.41
2.6389,-0.9984,2.5366,-1.0580,-113.05,-36.19,218.40
2.6395,-1.0028,2.4976,-1.0555,-115.50,-36.05,221.90
2.6401,-1.0082,2.4546,-1.0555,-117.46,-35.91,225.89
2.6408,-1.0131,2.4054,-1.0560,-120.26,-35.77,228.97
2.6414,-1.0185,2.3517,-1.0546,-122.29,-35.00,232.75
2.6421,-1.0194,2.2970,-1.0507,-125.37,-34.23,236.32
2.6427,-1.0160,2.2463,-1.0438,-127.61,-33.81,239.19
2.6434,-1.0170,2.1975,-1.0404,-131.39,-33.39,242.13
2.6440,-1.0121,2.1452,-1.0355,-133.84,-32.76,244.51
2.6446,-1.0038,2.0940,-1.0282,-136.99,-31.92,247.24
2.6453,-0.9994,2.0486,-1.0238,-140.00,-31.71,249.90
2.6459,-0.9980,1.9984,-1.0160,-143.43,-30.38,251.93
2.6465,-0.9965,1.9461,-1.0087,-146.79,-30.38,253.82
2.6470,-0.9902,1.8954,-1.0063,-150.29,-29.47,255.78
2.6475,-0.9799,1.8442,-1.0014,-154.07,-28.49,257.46
2.6481,-0.9731,1.7900,-0.9916,-157.99,-27.72,258.51
2.6486,-0.9692,1.7353,-0.9853,-161.77,-27.09,260.19
2.6492,-0.9692,1.6802,-0.9789,-165.34,-26.11,260.61
2.6497,-0.9653,1.6197,-0.9740,-169.75,-25.69,261.59
2.6502,-0.9560,1.5596,-0.9721,-174.16,-24.43,261.87
2.6508,-0.9487,1.4986,-0.9697,-177.66,-24.01,262.43
2.6513,-0.9428,1.4342,-0.9667,-182.63,-22.82,262.01
2.6519,-0.9272,1.3083,-0.9560,-186.69,-22.54,262.08
2.6524,-0.9228,1.2507,-0.9526,-196.28,-20.58,260.96
2.6529,-0.9145,1.1985,-0.9482,-201.67,-19.95,259.28
2.6535,-0.9028,1.1448,-0.9389,-206.01,-18.97,258.65
2.6540,-0.8935,1.0878,-0.9316,-211.54,-18.48,256.69
2.6545,-0.8867,1.0268,-0.9238,-216.23,-17.78,255.57
2.6551,-0.8730,0.9633,-0.9082,-221.76,-16.45,253.61
2.6556,-0.8584,0.8974,-0.8950,-226.80,-15.96,251.65
2.6562,-0.8516,0.8379,-0.8818,-232.40,-15.12,248.85
2.6567,-0.8433,0.7867,-0.8721,-237.58,-14.70,246.68
2.6572,-0.8316,0.7388,-0.8642,-243.18,-13.93,243.53
2.6577,-0.8233,0.6944,-0.8545,-249.06,-13.51,241.08
2.6583,-0.8150,0.6500,-0.8433,-254.38,-12.46,237.79
2.6588,-0.8062,0.5998,-0.8262,-260.26,-11.48,234.71
2.6593,-0.7974,0.5490,-0.8169,-265.44,-11.06,231.42
2.6598,-0.7852,0.5056,-0.8106,-271.60,-10.64,227.50
2.6604,-0.7769,0.4636,-0.7998,-276.99,-9.87,224.56
2.6609,-0.7671,0.4216,-0.7871,-283.15,-9.10,220.22
2.6614,-0.7559,0.3777,-0.7735,-288.82,-8.61,217.00
2.6619,-0.7466,0.3372,-0.7476,-294.77,-8.19,212.17
2.6624,-0.7344,0.2948,-0.7340,-300.58,-7.28,209.09
2.6630,-0.7086,0.2123,-0.7188,-312.20,-6.09,201.32
2.6635,-0.6993,0.1659,-0.7013,-317.80,-6.30,195.93
2.6640,-0.6900,0.1220,-0.6852,-323.75,-4.90,192.85
2.6645,-0.6793,0.0815,-0.6710,-329.49,-5.32,187.95
2.6650,-0.6710,0.0425,-0.6568,-335.30,-3.92,184.94
2.6656,-0.6617,0.0039,-0.6446,-341.18,-4.13,179.76
2.6661,-0.6539,-0.0351,-0.6344,-346.50,-3.29,176.33
2.6666,-0.6495,-0.0703,-0.6149,-352.59,-2.87,171.78
2.6671,-0.6383,-0.1064,-0.5929,-357.63,-2.17,168.14
2.6677,-0.6276,-0.1479,-0.5739,-363.44,-2.24,164.08
2.6683,-0.6207,-0.1810,-0.5534,-369.18,-2.10,159.81
2.6689,-0.6105,-0.2147,-0.5388,-374.78,-0.91,157.15
2.6694,-0.6037,-0.2528,-0.5236,-380.24,-1.19,152.04
2.6700,-0.5993,-0.2830,-0.5022,-385.91,-0.49,149.52
2.6706,-0.5890,-0.3060,-0.4856,-391.02,-0.63,144.90
2.6712,-0.5788,-0.3328,-0.4641,-396.20,0.42,142.73
2.6717,-0.5724,-0.3631,-0.4416,-401.45,0.35,138.04
2.6723,-0.5656,-0.3889,-0.4226,-406.35,1.40,136.15
2.6729,-0.5617,-0.4138,-0.4050,-411.74,0.28,131.04
2.6735,-0.5588,-0.4372,-0.3899,-416.36,1.89,129.99
2.6740,-0.5549,-0.4582,-0.3719,-421.61,1.19,125.58
2.6746,-0.5510,-0.4826,-0.3523,-425.60,2.45,124.25
2.6752,-0.5441,-0.5051,-0.3323,-431.20,1.82,119.98
2.6758,-0.5383,-0.5217,-0.3182,-434.98,2.66,118.86
2.6763,-0.5344,-0.5407,-0.3045,-440.30,2.52,115.29
2.6769,-0.5319,-0.5597,-0.2918,-443.73,3.15,113.61
2.6775,-0.5305,-0.5773,-0.2821,-448.49,3.57,111.02
2.6781,-0.5275,-0.5934,-0.2669,-452.27,3.29,108.43
2.6786,-0.5280,-0.6100,-0.2518,-456.47,4.34,107.24
2.6802,-0.5319,-0.6290,-0.2401,-459.76,3.50,104.23
2.6817,-0.5309,-0.6456,-0.2328,-463.61,4.76,103.46
2.6833,-0.5251,-0.6568,-0.2274,-467.53,4.06,100.31
2.6848,-0.5222,-0.6632,-0.2196,-470.82,5.04,100.03
2.6864,-0.5226,-0.6725,-0.2133,-474.60,5.04,96.60
2.6879,-0.5236,-0.6788,-0.2098,-476.70,5.39,96.74
2.6895,-0.5222,-0.6759,-0.2089,-480.83,5.74,93.59
2.6910,-0.5475,-1.3801,-0.2420,-482.23,5.60,93.17
2.6926,-2.7274,4.0426,2.5698,-489.09,7.35,101.99
2.6941,0.7193,1.4918,0.2323,-539.77,-5.18,69.72
2.6957,-1.5343,4.3993,-2.1018,-118.30,53.48,-101.71
2.6972,-0.8218,-0.0015,-0.1259,-910.63,-121.10,-284.34
2.6988,1.7919,-1.8461,3.1554,448.00,187.46,52.92
2.7003,-0.5485,-0.1635,-1.9354,-919.52,-218.61,-138.39
2.7019,1.6904,-8.9026,0.4333,381.22,267.12,389.55
2.7034,-1.1712,-3.1671,1.8710,-864.78,-236.53,-369.88
2.7050,-1.3269,-0.3011,-0.2196,-146.86,221.62,418.67
2.7065,-0.1972,0.0351,-0.2650,-625.24,-218.33,-592.90
2.7081,0.0151,0.6539,0.1889,-373.45,210.42,665.21
2.7096,-0.5280,2.3473,-0.9189,-461.51,-182.63,-623.42
2.7097,-0.2274,-2.2209,-0.4133,-347.41,191.52,790.02
2.7098,-0.0659,-3.2647,1.3610,-469.35,-142.52,-657.72
2.7098,0.0712,-3.1832,-0.5378,-388.64,126.00,699.93
2.7099,0.3963,-3.9269,0.7027,-556.50,-88.55,-563.78
2.7100,-0.1835,-0.9672,-0.0854,-285.32,73.78,635.18
2.7100,-0.6134,0.8886,-0.6066,-735.14,-35.98,-356.86
2.7101,-0.3006,-1.1419,0.2352,-906.15,4.90,-186.13
2.7102,-0.1352,-1.3259,-0.5778,74.76,-3.64,250.39
2.7102,0.1742,-2.5386,0.2089,-1001.49,36.19,12.88
2.7103,-0.0312,-1.4718,-0.2006,105.63,-27.44,101.57
2.7104,-0.3309,-0.7120,-0.1952,-1014.58,52.01,198.17
2.7104,-0.4392,-0.6183,-0.3928,65.94,-35.56,-39.76
2.7105,-0.3689,-0.5036,-0.1625,-915.88,54.04,298.13
2.7106,-0.2962,-0.5749,-0.5168,-79.03,-34.51,-136.22
2.7106,-0.1059,-1.3420,-0.2206,-722.75,48.58,360.57
2.7107,-0.1108,-1.2146,-0.3250,-290.22,-23.73,-160.02
2.7108,-0.1923,-1.1761,-0.3445,-510.09,33.60,376.88
2.7109,-0.2259,-1.1019,-0.3743,-505.40,-8.26,-156.87
2.7109,-0.2396,-0.8799,-0.3606,-311.08,14.49,341.88
2.7110,-0.2567,-0.7359,-0.4831,-684.88,9.17,-123.55
2.7110,-0.2074,-0.9745,-0.4148,-155.89,-3.57,291.55
2.7111,-0.1981,-0.9643,-0.4177,-793.52,25.76,-69.93
2.7111,-0.1903,-1.0863,-0.4275,-85.54,-20.23,231.70
2.7112,-0.1557,-1.1488,-0.3860,-817.46,38.78,-22.47
2.7112,-0.1440,-1.0516,-0.4250,-102.97,-33.04,170.52
2.7113,-0.1596,-0.8969,-0.4104,-183.40,-38.85,122.08
2.7114,-0.1723,-0.8062,-0.4021,-651.14,47.81,54.95
2.7114,-0.1659,-0.8398,-0.4089,-305.62,-39.41,79.73
2.7115,-0.1376,-0.8828,-0.3782,-510.51,44.66,77.42
2.7115,-0.1254,-0.8447,-0.3860,-438.34,-34.93,44.10
2.7116,-0.1322,-0.7701,-0.3855,-378.35,35.77,96.04
2.7116,-0.1430,-0.6969,-0.3845,-548.38,-26.32,12.88
2.7117,-0.1557,-0.5885,-0.3928,-277.76,23.87,112.07
2.7117,-0.1645,-0.5353,-0.4089,-615.72,-15.40,-19.46
2.7118,-0.1591,-0.5158,-0.4060,-221.76,10.50,125.86
2.7118,-0.1552,-0.4763,-0.4197,-633.50,-3.29,-51.17
2.7119,-0.1596,-0.4211,-0.4304,-214.41,-2.87,139.58
2.7119,-0.1693,-0.3616,-0.4412,-605.08,7.42,-80.01
2.7120,-0.1845,-0.2860,-0.4563,-246.12,-14.63,148.96
2.7120,-0.1962,-0.2333,-0.4797,-544.11,17.08,-103.25
2.7126,-0.1967,-0.2108,-0.4973,-299.88,-24.29,149.87
2.7132,-0.1952,-0.1981,-0.5153,-467.18,24.15,-115.50
2.7139,-0.2006,-0.1986,-0.5344,-357.70,-30.66,139.58
2.7145,-0.2001,-0.2050,-0.5588,-393.54,27.86,-113.40
2.7151,-0.1952,-0.2128,-0.5910,-405.51,-33.46,114.73
2.7157,-0.1864,-0.2216,-0.6261,-336.28,27.37,-95.20
2.7163,-0.1747,-0.2391,-0.6598,-431.48,-33.04,76.72
2.7170,-0.1591,-0.2684,-0.6925,-301.21,24.99,-62.30
2.7176,-0.1401,-0.3060,-0.7193,-433.86,-29.96,28.00
2.7182,-0.1220,-0.3338,-0.7466,-287.70,19.11,-18.69
2.7188,-0.1044,-0.3548,-0.7735,-416.15,-24.22,-25.62
2.7194,-0.0859,-0.3733,-0.7959,-291.20,11.55,28.42
2.7200,-0.0708,-0.3821,-0.8159,-386.12,-16.24,-77.07
2.7207,-0.0586,-0.3875,-0.8364,-302.61,2.80,71.68
2.7213,-0.0464,-0.3928,-0.8525,-351.96,-8.26,-119.28
2.7219,-0.0356,-0.3953,-0.8628,-312.90,-6.51,104.93
2.7225,-0.0249,-0.3933,-0.8677,-322.00,0.28,-146.09
2.7231,-0.0195,-0.3889,-0.8730,-314.93,-14.91,121.87
2.7237,-0.0142,-0.3816,-0.8799,-301.21,7.98,-154.28
2.7244,-0.0102,-0.3689,-0.8804,-306.60,-22.40,120.96
2.7255,-0.0083,-0.3548,-0.8808,-290.78,13.65,-143.71
2.7267,-0.0078,-0.3396,-0.8838,-288.19,-27.37,102.27
2.7279,-0.0063,-0.3289,-0.8838,-288.26,17.29,-116.20
2.7291,-0.0024,-0.3201,-0.8843,-263.76,-29.33,70.07
2.7303,-0.0015,-0.3094,-0.8823,-288.75,18.62,-77.84
2.7314,-0.0010,-0.3021,-0.8774,-239.33,-29.40,29.33
2.7326,0.0024,-0.2972,-0.8750,-286.93,16.94,-33.74
2.7338,0.0068,-0.2938,-0.8735,-218.89,-26.18,-13.30
2.7350,0.0161,-0.2923,-0.8716,-278.39,12.88,9.73
2.7362,0.0264,-0.2855,-0.8696,-206.92,-20.93,-52.92
2.7374,0.0259,-0.2899,-0.8677,-260.82,7.21,46.55
2.7385,0.0244,-0.3045,-0.8642,-203.35,-14.35,-83.65
2.7397,0.0303,-0.3118,-0.8642,-235.62,0.35,73.29
2.7409,0.0410,-0.3265,-0.8711,-207.48,-7.21,-103.18
2.7421,0.0532,-0.3421,-0.8672,-204.05,-6.23,86.94
2.7433,0.0654,-0.3445,-0.8677,-215.95,-0.35,-108.92
2.7444,0.0771,-0.3597,-0.8745,-171.85,-13.09,87.92
2.7456,0.0917,-0.3762,-0.8784,-223.37,5.81,-102.69
2.7468,0.1098,-0.3836,-0.8847,-142.24,-18.41,77.35
2.7480,0.1244,-0.4002,-0.8916,-226.31,9.87,-86.73
2.7481,0.1503,-0.4353,-0.9048,-220.85,11.90,-64.40
2.7481,0.1679,-0.4465,-0.9126,-108.36,-23.94,34.02
2.7482,0.1835,-0.4636,-0.9160,-206.15,12.04,-38.36
2.7482,0.1932,-0.4831,-0.9243,-105.21,-23.94,8.12
2.7483,0.2040,-0.5080,-0.9340,-183.33,9.80,-12.60
2.7484,0.2172,-0.5305,-0.9389,-109.97,-22.05,-16.73
2.7484,0.2269,-0.5514,-0.9448,-155.19,5.39,10.22
2.7485,0.2367,-0.5739,-0.9457,-119.42,-18.55,-38.22
2.7486,0.2489,-0.5924,-0.9482,-124.53,-0.14,28.49
2.7486,0.2616,-0.6085,-0.9536,-130.13,-14.91,-54.39
2.7487,0.2704,-0.6261,-0.9545,-95.83,-5.95,41.09
2.7488,0.2821,-0.6471,-0.9570,-137.97,-10.99,-65.31
2.7488,0.2938,-0.6676,-0.9579,-72.38,-12.18,47.39
2.7489,0.2962,-0.6915,-0.9555,-140.49,-7.56,-70.00
2.7490,0.3021,-0.7120,-0.9511,-55.44,-17.85,47.53
2.7490,0.3084,-0.7286,-0.9516,-136.08,-4.76,-69.58
2.7491,0.3152,-0.7437,-0.9531,-46.34,-22.75,41.93
2.7492,0.3201,-0.7574,-0.9506,-125.23,-3.01,-63.56
2.7492,0.3226,-0.7740,-0.9501,-44.24,-26.53,31.36
2.7493,0.3265,-0.7910,-0.9501,-109.76,-3.29,-53.83
2.7503,0.3323,-0.8086,-0.9389,-46.90,-28.56,17.43
2.7513,0.3426,-0.8462,-0.9365,-52.08,-29.89,0.77
2.7523,0.3489,-0.8633,-0.9331,-71.33,-7.00,-27.23
2.7533,0.3533,-0.8764,-0.9306,-57.54,-28.63,-16.38
2.7543,0.3523,-0.8906,-0.9233,-53.20,-10.78,-12.53
2.7553,0.3509,-0.8994,-0.9135,-62.02,-28.14,-33.74
2.7563,0.3518,-0.9106,-0.9111,-37.73,-15.05,0.42
2.7573,0.3509,-0.9252,-0.9038,-63.56,-26.39,-48.58
2.7583,0.3494,-0.9374,-0.8930,-25.69,-20.02,10.29
2.7593,0.3528,-0.9477,-0.8852,-62.44,-24.64,-60.55
2.7603,0.3553,-0.9545,-0.8774,-18.20,-24.50,16.87
2.7613,0.3504,-0.9633,-0.8706,-58.31,-22.82,-68.32
2.7623,0.3421,-0.9692,-0.8672,-12.88,-29.19,18.69
2.7633,0.3357,-0.9740,-0.8638,-52.01,-21.28,-71.19
2.7643,0.3333,-0.9794,-0.8603,-10.50,-33.04,15.54
2.7653,0.3299,-0.9877,-0.8540,-44.17,-20.93,-69.93
2.7663,0.3201,-1.0004,-0.8491,-9.73,-17.99,-64.19
2.7673,0.3177,-1.0043,-0.8452,-9.66,-37.59,-3.85
2.7683,0.3109,-1.0082,-0.8442,-27.72,-21.70,-55.44
2.7693,0.3040,-1.0106,-0.8428,-10.15,-38.99,-17.99
2.7700,0.3001,-1.0131,-0.8438,-20.09,-23.59,-45.36
2.7706,0.2948,-1.0160,-0.8394,-10.36,-39.27,-33.46
2.7713,0.2894,-1.0150,-0.8364,-12.60,-26.04,-34.23
2.7720,0.2855,-1.0141,-0.8369,-10.85,-38.57,-49.07
2.7727,0.2845,-1.0180,-0.8355,-5.88,-29.05,-24.29
2.7733,0.2865,-1.0136,-0.8320,-11.13,-37.59,-62.65
2.7740,0.2816,-1.0063,-0.8306,0.21,-31.99,-17.15
2.7747,0.2713,-1.0033,-0.8262,-11.48,-36.33,-73.29
2.7754,0.2645,-0.9994,-0.8223,5.88,-35.42,-13.51
2.7760,0.2523,-0.9970,-0.8198,-11.13,-34.86,-80.08
2.7767,0.2372,-0.9965,-0.8140,10.78,-38.01,-13.44
2.7774,0.2264,-0.9945,-0.8115,-10.57,-33.53,-83.02
2.7781,0.2172,-0.9902,-0.8106,14.49,-41.09,-17.71
2.7787,0.2069,-0.9853,-0.8047,-8.89,-32.06,-82.11
2.7794,0.1981,-0.9794,-0.7984,17.08,-42.77,-25.34
2.7801,0.1908,-0.9755,-0.7989,-6.51,-31.71,-78.05
2.7807,0.1806,-0.9662,-0.8003,18.48,-43.82,-35.49
2.7814,0.1708,-0.9575,-0.7954,-2.94,-31.50,-71.89
2.7821,0.1630,-0.9531,-0.7852,18.13,-44.03,-47.67
2.7828,0.1591,-0.9448,-0.7803,1.89,-32.41,-65.38
2.7833,0.1537,-0.9370,-0.7788,16.73,-43.89,-60.06
2.7837,0.1484,-0.9292,-0.7735,6.93,-33.39,-58.52
2.7842,0.1425,-0.9145,-0.7701,14.70,-42.91,-71.68
2.7847,0.1298,-0.9013,-0.7691,12.88,-34.65,-52.50
2.7852,0.1152,-0.8901,-0.7618,11.90,-41.58,-82.39
2.7857,0.0971,-0.8764,-0.7544,18.27,-35.91,-48.16
2.7862,0.0756,-0.8638,-0.7481,9.73,-39.69,-90.09
2.7867,0.0595,-0.8511,-0.7481,23.52,-37.45,-46.76
2.7872,0.0449,-0.8423,-0.7471,7.84,-37.45,-95.62
2.7876,0.0317,-0.8359,-0.7393,27.93,-39.13,-48.23
2.7881,0.0190,-0.8267,-0.7296,7.14,-35.42,-98.00
2.7886,0.0068,-0.8174,-0.7193,30.66,-39.55,-52.01
2.7891,-0.0024,-0.8023,-0.7105,7.91,-33.25,-97.79
2.7896,-0.0142,-0.7876,-0.7013,32.20,-39.69,-58.03
2.7901,-0.0259,-0.7715,-0.6954,10.22,-31.36,-95.27
2.7906,-0.0307,-0.7535,-0.6920,31.71,-39.41,-66.22
2.7911,-0.0337,-0.7359,-0.6856,13.51,-30.10,-91.35
2.7915,-0.0400,-0.7183,-0.6773,30.59,-38.22,-74.62
2.7920,-0.0468,-0.7013,-0.6695,17.85,-29.12,-86.59
2.7925,-0.0571,-0.6812,-0.6617,28.35,-36.89,-83.37
2.7945,-0.0659,-0.6598,-0.6539,22.40,-28.49,-82.18
2.7965,-0.0737,-0.6407,-0.6451,26.39,-34.93,-91.91
2.7985,-0.0795,-0.6217,-0.6359,27.51,-27.79,-78.05
2.8004,-0.0883,-0.6037,-0.6324,23.87,-32.13,-98.98
2.8024,-0.1025,-0.5836,-0.6290,32.27,-28.07,-75.74
2.8044,-0.1127,-0.5675,-0.6183,22.75,-29.40,-104.72
2.8064,-0.1196,-0.5558,-0.6090,35.63,-27.58,-74.55
2.8084,-0.1264,-0.5348,-0.6022,22.40,-26.67,-108.36
2.8103,-0.1337,-0.5144,-0.5963,38.99,-27.02,-75.11
2.8123,-0.1420,-0.4963,-0.5895,22.54,-23.73,-110.53
2.8143,-0.1430,-0.4753,-0.5880,40.60,-26.60,-77.84
2.8163,-0.1430,-0.4504,-0.5846,24.36,-20.79,-109.97
2.8182,-0.1469,-0.4231,-0.5778,41.16,-25.34,-81.34
2.8202,-0.1576,-0.3723,-0.5710,27.02,-18.83,-108.92
2.8222,-0.1610,-0.3470,-0.5651,30.24,-16.45,-105.91
2.8242,-0.1654,-0.3245,-0.5622,40.81,-22.19,-91.98
2.8262,-0.1708,-0.3074,-0.5617,34.65,-15.12,-101.99
2.8281,-0.1786,-0.2855,-0.5568,40.39,-20.02,-97.79
2.8301,-0.1845,-0.2655,-0.5495,38.29,-13.30,-98.28
2.8321,-0.1854,-0.2455,-0.5461,40.32,-17.57,-103.25
2.8322,-0.1932,-0.2245,-0.5417,42.56,-11.76,-94.57
2.8322,-0.2015,-0.2015,-0.5373,40.04,-14.91,-108.22
2.8323,-0.2045,-0.1806,-0.5353,46.27,-10.64,-91.49
2.8324,-0.2089,-0.1620,-0.5300,40.32,-11.90,-112.00
2.8324,-0.2142,-0.1376,-0.5261,49.63,-9.38,-89.39
2.8325,-0.2142,-0.1196,-0.5246,41.16,-9.17,-113.96
2.8325,-0.2147,-0.0996,-0.5202,52.43,-8.19,-88.27
2.8326,-0.2181,-0.0795,-0.5153,43.19,-5.95,-114.10
2.8327,-0.2240,-0.0678,-0.5109,54.46,-6.93,-88.83
2.8327,-0.2240,-0.0512,-0.5051,44.87,-3.29,-112.98
2.8328,-0.2225,-0.0268,-0.4978,56.56,-5.67,-90.44
2.8329,-0.2259,-0.0039,-0.4982,47.81,-0.35,-109.69
2.8329,-0.2279,0.0190,-0.4924,58.03,-3.78,-92.68
2.8330,-0.2323,0.0405,-0.4875,50.82,1.82,-106.68
2.8330,-0.2294,0.0722,-0.4841,53.97,3.85,-102.13
2.8331,-0.2298,0.0864,-0.4778,60.55,0.49,-98.21
2.8332,-0.2303,0.1035,-0.4704,58.31,5.74,-97.37
2.8332,-0.2318,0.1171,-0.4631,60.69,2.87,-100.87
2.8333,-0.2328,0.1376,-0.4587,61.88,7.35,-93.31
2.8334,-0.2357,0.1552,-0.4563,61.88,5.39,-102.55
2.8334,-0.2362,0.1669,-0.4475,65.94,8.75,-89.67
2.8335,-0.2338,0.1830,-0.4421,62.79,7.98,-103.88
2.8335,-0.2372,0.1981,-0.4407,69.02,10.50,-86.45
2.8336,-0.2401,0.2176,-0.4377,64.05,10.92,-103.53
2.8337,-0.2464,0.2372,-0.4343,72.45,11.34,-85.19
2.8337,-0.2513,0.2562,-0.4319,65.80,13.44,-102.62
2.8338,-0.2503,0.2782,-0.4270,74.97,13.09,-83.72
2.8338,-0.2538,0.2982,-0.4231,67.90,16.03,-100.45
2.8339,-0.2567,0.3128,-0.4177,77.35,14.42,-84.21
2.8340,-0.2591,0.3299,-0.4124,70.63,18.48,-97.72
2.8340,-0.2625,0.3494,-0.4089,79.17,16.03,-85.26
2.8341,-0.2606,0.3675,-0.4021,74.13,20.58,-94.36
2.8341,-0.2616,0.3894,-0.3997,80.43,17.85,-86.59
2.8342,-0.2635,0.4080,-0.3982,77.42,22.61,-91.07
2.8343,-0.2645,0.4221,-0.3933,81.69,19.60,-88.41
2.8343,-0.2621,0.4368,-0.3831,80.64,23.87,-87.85
2.8344,-0.2577,0.4485,-0.3792,83.02,21.70,-90.30
2.8344,-0.2542,0.4602,-0.3762,84.07,25.48,-84.84
2.8345,-0.2542,0.4738,-0.3767,84.21,23.59,-91.91
2.8345,-0.2547,0.4860,-0.3758,87.57,26.74,-82.25
2.8347,-0.2508,0.4963,-0.3680,85.54,25.69,-93.24
2.8348,-0.2479,0.5036,-0.3640,90.65,27.44,-80.99
2.8350,-0.2435,0.5134,-0.3577,86.52,27.65,-93.45
2.8351,-0.2391,0.5222,-0.3533,93.17,28.70,-80.57
2.8352,-0.2372,0.5280,-0.3504,88.55,29.47,-93.45
2.8354,-0.2372,0.5368,-0.3445,95.48,29.26,-80.43
2.8355,-0.2323,0.5446,-0.3396,90.30,31.50,-92.75
2.8357,-0.2294,0.5505,-0.3357,97.23,30.52,-81.55
2.8358,-0.2294,0.5578,-0.3323,92.68,32.97,-91.56
2.8359,-0.2259,0.5671,-0.3279,99.12,31.22,-83.37
2.8361,-0.2250,0.5739,-0.3231,95.06,34.44,-90.09
2.8362,-0.2250,0.5758,-0.3206,99.96,32.48,-85.47
2.8363,-0.2230,0.5763,-0.3162,97.44,35.84,-88.48
2.8365,-0.2216,0.5783,-0.3089,100.38,34.02,-87.29
2.8366,-0.2191,0.5822,-0.3055,99.89,36.47,-87.29
2.8368,-0.2142,0.5866,-0.3074,101.36,34.86,-90.02
2.8369,-0.2152,0.5900,-0.3035,102.27,37.03,-86.03
2.8370,-0.2172,0.5958,-0.2957,101.92,35.84,-91.84
2.8372,-0.2123,0.5988,-0.2928,104.30,37.87,-85.54
2.8373,-0.2118,0.6002,-0.2884,102.62,37.38,-93.38
2.8379,-0.2147,0.5983,-0.2830,105.91,38.36,-85.26
2.8384,-0.2152,0.5954,-0.2796,103.39,38.36,-94.43
2.8389,-0.2142,0.5939,-0.2747,107.31,38.85,-85.33
2.8395,-0.2128,0.5924,-0.2723,103.88,39.27,-95.41
2.8400,-0.2118,0.5929,-0.2689,108.71,39.20,-86.45
2.8405,-0.2113,0.5973,-0.2664,104.93,40.67,-95.62
2.8411,-0.2137,0.6017,-0.2621,109.62,39.69,-87.85
2.8416,-0.2128,0.6037,-0.2538,105.98,41.02,-95.55
2.8421,-0.2103,0.6061,-0.2377,109.90,40.11,-89.88
2.8427,-0.2084,0.6071,-0.2386,110.11,40.67,-92.19
2.8432,-0.2064,0.6076,-0.2362,107.87,42.70,-95.27
2.8437,-0.2089,0.6046,-0.2333,110.25,41.23,-94.36
2.8443,-0.2089,0.6002,-0.2274,108.92,43.26,-95.06
2.8448,-0.2064,0.5983,-0.2230,110.04,41.30,-96.81
2.8453,-0.2059,0.6022,-0.2186,109.55,43.54,-95.20
2.8459,-0.2059,0.6090,-0.2157,109.69,42.00,-99.40
2.8464,-0.2059,0.6159,-0.2181,110.53,43.75,-95.34
2.8469,-0.2074,0.6154,-0.2196,109.06,42.56,-101.29
2.8475,-0.2098,0.6110,-0.2167,111.23,43.75,-96.18
2.8480,-0.2079,0.6095,-0.2133,108.78,42.91,-103.11
2.8486,-0.2079,0.6046,-0.2094,111.65,43.61,-97.23
2.8492,-0.2084,0.6032,-0.2069,108.43,43.19,-104.86
2.8498,-0.2035,0.6076,-0.2054,111.44,43.68,-98.49
2.8503,-0.2025,0.6134,-0.2054,108.01,43.89,-105.84
2.8509,-0.2040,0.6163,-0.2025,111.37,43.33,-100.24
2.8515,-0.2020,0.6134,-0.1952,107.94,43.89,-106.61
2.8521,-0.2006,0.6115,-0.1937,110.81,43.40,-102.55
2.8526,-0.2020,0.6124,-0.1918,107.80,43.68,-107.17
2.8532,-0.2050,0.6139,-0.1889,109.55,43.26,-105.07
2.8538,-0.2079,0.6159,-0.1869,108.92,42.91,-108.01
2.8544,-0.2064,0.6178,-0.1825,107.80,43.89,-108.22
2.8550,-0.2025,0.6178,-0.1791,107.80,42.84,-110.39
2.8555,-0.2035,0.6198,-0.1815,107.38,43.82,-109.34
2.8561,-0.2035,0.6202,-0.1840,106.75,42.84,-112.98
2.8567,-0.2015,0.6168,-0.1737,107.10,43.33,-110.46
2.8573,-0.2035,0.6115,-0.1664,105.63,42.56,-115.01
2.8578,-0.2035,0.6061,-0.1688,106.19,42.98,-112.00
2.8584,-0.2054,0.6051,-0.1698,104.30,42.56,-117.53
2.8590,-0.2098,0.6090,-0.1732,105.56,42.49,-113.68
2.8596,-0.2142,0.6090,-0.1698,102.90,42.14,-119.42
2.8602,-0.2133,0.6051,-0.1635,104.51,42.00,-115.50
2.8607,-0.2133,0.6027,-0.1659,102.13,41.72,-121.17
2.8613,-0.2152,0.5988,-0.1674,103.39,41.65,-117.32
2.8619,-0.2172,0.5919,-0.1635,100.80,41.23,-122.64
2.8624,-0.2230,0.5890,-0.1601,101.99,41.16,-119.49
2.8630,-0.2274,0.5900,-0.1562,99.89,41.23,-123.90
2.8636,-0.2250,0.5885,-0.1518,100.87,40.74,-121.73
2.8642,-0.2250,0.5827,-0.1513,98.77,41.02,-124.39
2.8647,-0.2323,0.5807,-0.1498,97.44,40.67,-125.16
2.8653,-0.2372,0.5788,-0.1449,96.74,39.06,-127.54
2.8659,-0.2469,0.5744,-0.1425,96.18,40.60,-126.42
2.8665,-0.2503,0.5719,-0.1420,94.85,38.57,-130.20
2.8670,-0.2484,0.5729,-0.1357,94.78,39.48,-127.26
2.8676,-0.2523,0.5714,-0.1303,92.89,38.64,-132.16
2.8682,-0.2577,0.5646,-0.1288,93.52,38.99,-128.87
2.8687,-0.2601,0.5656,-0.1230,90.72,38.50,-134.33
2.8693,-0.2630,0.5685,-0.1181,91.77,38.15,-131.04
2.8699,-0.2669,0.5661,-0.1171,88.90,38.22,-136.15
2.8705,-0.2752,0.5636,-0.1127,89.74,37.45,-133.14
2.8710,-0.2835,0.5627,-0.1069,87.29,37.73,-137.62
2.8716,-0.2874,0.5661,-0.1039,88.06,37.10,-135.59
2.8722,-0.2938,0.5671,-0.1015,85.47,37.66,-138.95
2.8727,-0.2972,0.5641,-0.0961,85.96,36.61,-138.04
2.8733,-0.2987,0.5602,-0.0913,83.86,37.59,-140.42
2.8739,-0.3070,0.5573,-0.0922,83.51,36.12,-140.56
2.8744,-0.3143,0.5573,-0.0913,81.90,36.96,-142.17
2.8750,-0.3128,0.5602,-0.0883,81.34,35.84,-143.15
2.8756,-0.3152,0.5632,-0.0854,80.08,36.40,-143.57
2.8761,-0.3211,0.5627,-0.0781,79.17,35.42,-145.81
2.8767,-0.3240,0.5622,-0.0742,78.33,36.05,-145.11
2.8773,-0.3255,0.5632,-0.0708,77.00,34.93,-148.12
2.8778,-0.3265,0.5651,-0.0664,76.51,35.42,-146.65
2.8784,-0.3323,0.5656,-0.0654,74.48,34.51,-150.43
2.8790,-0.3396,0.5661,-0.0630,74.62,34.93,-148.19
2.8795,-0.3460,0.5700,-0.0620,71.75,34.44,-151.90
2.8801,-0.3528,0.5690,-0.0595,72.73,34.58,-150.22
2.8807,-0.3592,0.5719,-0.0556,70.00,34.09,-154.07
2.8812,-0.3631,0.5768,-0.0561,70.77,34.30,-151.97
2.8818,-0.3660,0.5788,-0.0517,68.04,33.95,-155.47
2.8824,-0.3743,0.5783,-0.0512,68.39,33.88,-154.21
2.8839,-0.3811,0.5793,-0.0542,66.29,33.67,-156.52
2.8855,-0.3850,0.5822,-0.0503,66.57,33.25,-155.89
2.8870,-0.3914,0.5856,-0.0508,64.61,33.95,-157.78
2.8885,-0.3963,0.5924,-0.0517,64.40,32.90,-157.50
2.8901,-0.3992,0.5973,-0.0464,62.65,34.02,-158.48
2.8916,-0.4021,0.6012,-0.0410,62.02,33.04,-159.53
2.8932,-0.4094,0.6037,-0.0386,60.90,34.02,-159.53
2.8947,-0.4177,0.6061,-0.0376,59.99,32.69,-161.07
2.8963,-0.4211,0.6129,-0.0342,59.43,34.02,-160.37
2.8978,-0.4255,0.6202,-0.0351,58.17,32.55,-162.47
2.8994,-0.4299,0.6256,-0.0376,58.03,33.74,-161.35
2.9009,-0.4329,0.6281,-0.0410,56.00,32.55,-163.87
2.9025,-0.4392,0.6320,-0.0381,56.35,33.25,-162.47
2.9040,-0.4446,0.6398,-0.0303,54.32,33.04,-164.71
2.9056,-0.4475,0.6412,-0.0278,55.30,33.04,-163.03
2.9071,-0.4490,0.6388,-0.0264,52.64,33.18,-165.69
2.9086,-0.4543,0.6456,-0.0259,53.55,33.18,-164.15
2.9102,-0.4641,0.6544,-0.0288,51.10,33.18,-166.39
2.9117,-0.4675,0.6622,-0.0283,52.08,33.18,-165.20
2.9133,-0.4695,0.6705,-0.0234,49.84,33.39,-166.81
2.9134,-0.4719,0.6783,-0.0190,50.26,33.18,-166.11
2.9135,-0.4792,0.6983,-0.0254,48.86,33.67,-167.09
2.9136,-0.4817,0.7013,-0.0264,47.60,33.95,-167.23
2.9137,-0.4856,0.7076,-0.0234,47.32,32.62,-168.00
2.9138,-0.4900,0.7178,-0.0176,47.04,34.23,-167.65
2.9139,-0.4919,0.7271,-0.0181,46.13,33.46,-168.70
2.9140,-0.4948,0.7364,-0.0215,46.13,34.37,-167.86
2.9141,-0.5017,0.7432,-0.0195,45.08,33.53,-169.26
2.9142,-0.5090,0.7549,-0.0181,45.29,34.79,-167.72
2.9143,-0.5178,0.7691,-0.0185,44.38,34.02,-169.61
2.9145,-0.5226,0.7803,-0.0181,44.59,34.86,-168.07
2.9146,-0.5256,0.7920,-0.0195,43.68,34.16,-169.75
2.9147,-0.5319,0.8023,-0.0190,44.03,34.51,-168.21
2.9148,-0.5397,0.8154,-0.0190,43.12,35.14,-169.47
2.9149,-0.5475,0.8286,-0.0268,43.68,34.65,-168.56
2.9150,-0.5563,0.8403,-0.0259,42.84,35.56,-168.91
2.9151,-0.5641,0.8545,-0.0200,43.47,35.21,-167.93
2.9152,-0.5671,0.8647,-0.0234,42.84,36.33,-168.14
2.9153,-0.5680,0.8764,-0.0298,43.19,35.28,-168.14
2.9154,-0.5773,0.8896,-0.0283,42.98,37.03,-167.30
2.9160,-0.5841,0.9028,-0.0366,43.26,35.77,-167.86
2.9165,-0.5924,0.9335,-0.0390,43.47,36.61,-167.23
2.9171,-0.5905,0.9482,-0.0400,43.82,38.01,-165.34
2.9176,-0.5949,0.9653,-0.0429,43.40,37.24,-166.18
2.9182,-0.6017,0.9799,-0.0449,44.87,38.64,-164.57
2.9187,-0.6017,0.9980,-0.0468,44.10,38.08,-165.27
2.9193,-0.6046,1.0189,-0.0512,45.50,38.78,-163.31
2.9198,-0.6115,1.0360,-0.0522,44.94,38.99,-164.15
2.9204,-0.6173,1.0546,-0.0571,46.41,39.55,-162.26
2.9209,-0.6222,1.0751,-0.0615,46.34,39.69,-162.68
2.9215,-0.6256,1.0941,-0.0634,47.53,39.62,-160.93
2.9220,-0.6281,1.1126,-0.0654,47.60,40.74,-160.93
2.9226,-0.6320,1.1326,-0.0659,48.65,40.46,-159.74
2.9231,-0.6383,1.1517,-0.0659,49.07,41.37,-159.46
2.9237,-0.6446,1.1634,-0.0683,50.26,41.51,-158.41
2.9242,-0.6466,1.1766,-0.0791,50.68,42.07,-157.99
2.9248,-0.6486,1.1985,-0.0883,51.80,41.65,-157.01
2.9253,-0.6549,1.2185,-0.0893,52.50,43.19,-156.03
2.9259,-0.6608,1.2361,-0.0913,54.04,42.28,-155.54
2.9264,-0.6617,1.2517,-0.0986,54.67,44.17,-154.21
2.9270,-0.6622,1.2659,-0.1030,55.72,43.05,-154.21
2.9275,-0.6651,1.2805,-0.1049,57.26,44.52,-152.39
2.9280,-0.6681,1.2903,-0.1059,57.82,43.96,-152.74
2.9285,-0.6734,1.2991,-0.1064,59.50,45.43,-150.64
2.9290,-0.6773,1.3156,-0.1108,59.99,44.80,-150.64
2.9295,-0.6822,1.3269,-0.1176,62.02,46.13,-148.68
2.9300,-0.6837,1.3342,-0.1230,62.51,45.99,-148.61
2.9306,-0.6847,1.3449,-0.1240,64.40,46.62,-147.07
2.9311,-0.6895,1.3557,-0.1240,65.17,47.18,-146.30
2.9316,-0.6905,1.3664,-0.1244,67.06,46.90,-145.18
2.9321,-0.6886,1.3737,-0.1283,67.69,48.23,-144.41
2.9326,-0.6930,1.3791,-0.1337,69.58,47.46,-143.36
2.9331,-0.6944,1.3874,-0.1357,70.84,48.93,-142.17
2.9337,-0.6934,1.3952,-0.1322,72.24,48.44,-141.61
2.9342,-0.6964,1.3996,-0.1313,73.64,49.98,-139.72
2.9347,-0.7003,1.4074,-0.1362,75.25,49.49,-138.88
2.9352,-0.7052,1.4128,-0.1371,76.58,50.33,-137.76
2.9357,-0.7042,1.4215,-0.1327,77.77,50.33,-137.13
2.9362,-0.7047,1.4298,-0.1362,79.59,50.96,-135.24
2.9368,-0.7120,1.4318,-0.1332,80.78,51.24,-134.26
2.9374,-0.7120,1.4323,-0.1279,82.95,52.50,-132.65
2.9380,-0.7061,1.4342,-0.1366,83.37,52.01,-132.58
2.9387,-0.7086,1.4381,-0.1391,85.82,52.92,-129.99
2.9393,-0.7110,1.4420,-0.1357,86.52,52.99,-129.92
2.9399,-0.7105,1.4440,-0.1366,88.90,53.34,-127.61
2.9405,-0.7159,1.4435,-0.1362,89.67,53.83,-127.33
2.9412,-0.7149,1.4464,-0.1376,91.56,54.32,-124.95
2.9418,-0.7120,1.4459,-0.1435,92.61,54.88,-124.46
2.9424,-0.7154,1.4450,-0.1415,94.50,54.74,-122.57
2.9431,-0.7169,1.4474,-0.1386,95.83,56.14,-121.52
2.9437,-0.7164,1.4489,-0.1362,97.44,55.51,-119.84
2.9443,-0.7159,1.4498,-0.1342,99.19,56.35,-118.72
2.9450,-0.7144,1.4474,-0.1391,100.38,56.14,-117.18
2.9456,-0.7120,1.4494,-0.1405,101.99,57.40,-115.71
2.9462,-0.7115,1.4533,-0.1410,103.46,57.05,-114.59
2.9469,-0.7096,1.4508,-0.1435,105.07,58.31,-112.70
2.9475,-0.7081,1.4498,-0.1381,106.33,57.54,-112.07
2.9481,-0.7042,1.4479,-0.1376,108.92,58.66,-108.99
2.9488,-0.7061,1.4459,-0.1342,111.16,59.43,-106.96
2.9494,-0.7027,1.4445,-0.1342,111.79,59.43,-106.33
2.9501,-0.6978,1.4420,-0.1347,113.89,59.43,-104.37
2.9507,-0.6974,1.4420,-0.1337,115.01,60.34,-103.60
2.9514,-0.6920,1.4425,-0.1332,116.34,59.92,-101.71
2.9520,-0.6886,1.4376,-0.1386,117.67,60.48,-101.22
2.9527,-0.6891,1.4347,-0.1366,119.28,60.62,-98.91
2.9534,-0.6837,1.4313,-0.1313,120.40,60.62,-98.91
2.9540,-0.6764,1.4250,-0.1342,121.80,60.97,-96.11
2.9547,-0.6739,1.4206,-0.1342,123.27,60.90,-96.60
2.9554,-0.6710,1.4157,-0.1298,124.39,61.46,-94.08
2.9560,-0.6671,1.4103,-0.1298,125.65,61.32,-94.22
2.9567,-0.6651,1.4045,-0.1347,126.77,61.95,-91.63
2.9573,-0.6637,1.4001,-0.1347,127.96,61.88,-91.63
2.9580,-0.6559,1.3947,-0.1293,129.01,61.88,-89.74
2.9587,-0.6549,1.3869,-0.1342,129.99,62.37,-88.97
2.9593,-0.6564,1.3830,-0.1376,131.74,61.74,-87.99
2.9600,-0.6481,1.3747,-0.1362,132.44,61.81,-86.66
2.9607,-0.6427,1.3630,-0.1342,134.05,62.02,-85.54
2.9613,-0.6403,1.3542,-0.1342,134.68,61.53,-84.49
2.9620,-0.6398,1.3469,-0.1391,136.08,62.23,-83.58
2.9627,-0.6339,1.3405,-0.1386,136.50,61.74,-82.25
2.9632,-0.6285,1.3322,-0.1376,137.76,62.16,-81.83
2.9637,-0.6261,1.3210,-0.1357,138.74,61.32,-80.50
2.9642,-0.6217,1.3122,-0.1342,139.51,62.37,-79.38
2.9647,-0.6154,1.3054,-0.1371,140.84,61.25,-78.75
2.9653,-0.6110,1.2986,-0.1415,141.47,61.95,-77.42
2.9658,-0.6100,1.2869,-0.1381,142.45,61.25,-77.00
2.9663,-0.6076,1.2771,-0.1318,142.94,61.04,-75.67
2.9668,-0.6066,1.2693,-0.1313,144.41,60.97,-75.11
2.9673,-0.6032,1.2595,-0.1274,144.20,60.97,-74.06
2.9679,-0.5998,1.2498,-0.1283,145.67,60.20,-73.50
2.9684,-0.5988,1.2429,-0.1318,145.67,60.55,-72.73
2.9689,-0.5973,1.2410,-0.1347,146.79,60.20,-71.75
2.9694,-0.5968,1.2298,-0.1381,147.00,60.06,-71.19
2.9699,-0.5954,1.2195,-0.1386,148.12,59.50,-70.35
2.9704,-0.5934,1.2151,-0.1371,148.40,59.71,-70.00
2.9710,-0.5939,1.2049,-0.1376,149.38,59.36,-68.46
2.9715,-0.5939,1.1941,-0.1376,149.31,58.94,-68.95
2.9720,-0.5934,1.1893,-0.1352,149.87,59.43,-67.20
2.9725,-0.5919,1.1824,-0.1352,150.50,58.10,-67.76
2.9730,-0.5905,1.1727,-0.1396,150.99,58.24,-66.15
2.9735,-0.5876,1.1673,-0.1405,151.34,57.61,-66.50
2.9740,-0.5817,1.1624,-0.1342,151.83,57.40,-65.31
2.9744,-0.5797,1.1561,-0.1347,152.25,57.26,-65.59
2.9749,-0.5793,1.1556,-0.1327,152.53,56.98,-64.12
2.9754,-0.5744,1.1556,-0.1303,152.74,56.49,-64.68
2.9758,-0.5705,1.1522,-0.1337,153.30,55.93,-63.91
2.9763,-0.5700,1.1483,-0.1401,153.58,55.93,-63.63
2.9768,-0.5714,1.1400,-0.1410,154.07,55.37,-63.35
2.9772,-0.5680,1.1361,-0.1381,153.79,55.09,-62.93
2.9777,-0.5646,1.1356,-0.1396,154.42,54.18,-62.79
2.9782,-0.5675,1.1351,-0.1401,154.35,54.32,-62.37
2.9786,-0.5714,1.1346,-0.1430,155.05,53.27,-62.58
2.9791,-0.5719,1.1351,-0.1474,154.98,53.69,-61.60
2.9796,-0.5695,1.1351,-0.1537,154.84,52.64,-62.16
2.9800,-0.5710,1.1361,-0.1571,155.47,52.71,-61.25
2.9805,-0.5729,1.1390,-0.1596,155.33,52.08,-61.74
2.9810,-0.5729,1.1331,-0.1596,155.82,51.52,-61.18
2.9814,-0.5729,1.1292,-0.1635,155.68,51.03,-61.32
2.9819,-0.5724,1.1336,-0.1679,156.52,50.40,-61.11
2.9824,-0.5754,1.1385,-0.1684,155.75,50.05,-61.11
2.9842,-0.5749,1.1400,-0.1674,156.73,49.42,-60.62
2.9861,-0.5739,1.1419,-0.1713,156.17,48.79,-60.90
2.9879,-0.5754,1.1458,-0.1713,157.43,48.72,-60.48
2.9898,-0.5729,1.1473,-0.1703,156.52,48.16,-60.55
2.9917,-0.5700,1.1488,-0.1757,157.50,47.81,-60.20
2.9935,-0.5680,1.1502,-0.1781,156.87,46.76,-60.48
2.9954,-0.5705,1.1570,-0.1762,157.50,46.76,-59.99
2.9972,-0.5719,1.1629,-0.1767,157.64,46.13,-60.06
2.9991,-0.5690,1.1644,-0.1786,157.57,45.78,-60.13
3.0009,-0.5695,1.1683,-0.1854,158.27,44.94,-60.13
3.0028,-0.5729,1.1717,-0.1889,158.27,44.24,-60.13
3.0047,-0.5714,1.1736,-0.1854,158.34,44.24,-59.64
3.0065,-0.5705,1.1785,-0.1835,158.62,43.33,-60.34
3.0084,-0.5749,1.1839,-0.1879,158.83,42.42,-60.41
3.0102,-0.5758,1.1858,-0.1928,158.97,41.93,-59.92
3.0121,-0.5763,1.1888,-0.1908,159.25,41.30,-60.55
3.0139,-0.5763,1.1888,-0.1908,159.81,40.95,-60.41
3.0158,-0.5783,1.1873,-0.1972,159.67,39.90,-60.27
3.0177,-0.5802,1.1858,-0.1981,159.81,39.83,-60.41
3.0195,-0.5797,1.1873,-0.2001,159.81,38.99,-60.90
3.0196,-0.5832,1.1912,-0.2045,160.37,38.78,-60.13
3.0196,-0.5866,1.1961,-0.2059,160.44,37.87,-61.11
3.0197,-0.5885,1.2005,-0.2108,160.37,37.52,-60.69
3.0197,-0.5910,1.1980,-0.2137,160.93,36.75,-61.18
3.0198,-0.5910,1.1956,-0.2137,160.58,36.12,-60.90
3.0198,-0.5915,1.1922,-0.2147,161.28,35.84,-61.11
3.0199,-0.5915,1.1936,-0.2142,161.28,35.35,-61.04
3.0200,-0.5876,1.2000,-0.2142,161.56,34.65,-61.11
3.0200,-0.5876,1.2010,-0.2152,161.91,34.23,-60.90
3.0201,-0.5880,1.2010,-0.2167,161.98,33.32,-61.18
3.0201,-0.5871,1.2010,-0.2181,161.98,33.04,-60.69
3.0202,-0.5866,1.2005,-0.2137,162.40,32.34,-60.41
3.0202,-0.5880,1.2063,-0.2084,162.54,30.52,-61.04
3.0203,-0.5915,1.2112,-0.2118,162.82,31.22,-60.20
3.0203,-0.5919,1.2141,-0.2157,162.75,29.61,-60.55
3.0204,-0.5890,1.2161,-0.2186,162.89,29.96,-59.92
3.0204,-0.5876,1.2234,-0.2196,163.31,28.91,-60.34
3.0205,-0.5871,1.2302,-0.2206,163.31,28.84,-59.57
3.0206,-0.5876,1.2312,-0.2255,163.59,27.30,-60.06
3.0206,-0.5915,1.2342,-0.2264,164.01,27.72,-59.15
3.0207,-0.5958,1.2400,-0.2259,163.66,26.32,-59.57
3.0207,-0.5998,1.2444,-0.2240,164.29,26.04,-58.73
3.0207,-0.6012,1.2507,-0.2250,164.36,25.41,-58.94
3.0208,-0.6041,1.2571,-0.2279,164.85,24.99,-58.31
3.0208,-0.6110,1.2644,-0.2298,164.57,24.36,-58.31
3.0208,-0.6105,1.2683,-0.2357,165.27,23.80,-57.68
3.0209,-0.6085,1.2717,-0.2406,165.06,23.17,-57.68
3.0209,-0.6115,1.2790,-0.2401,165.69,22.40,-57.40
3.0209,-0.6095,1.2830,-0.2435,165.62,22.26,-56.91
3.0210,-0.6154,1.2947,-0.2489,166.39,21.07,-56.14
3.0210,-0.6129,1.2952,-0.2518,166.81,19.39,-56.70
3.0211,-0.6183,1.3093,-0.2503,167.44,18.34,-55.58
3.0211,-0.6242,1.3103,-0.2533,167.65,18.20,-55.16
3.0211,-0.6285,1.3132,-0.2591,167.72,17.22,-54.74
3.0212,-0.6305,1.3161,-0.2606,168.07,17.15,-54.11
3.0212,-0.6305,1.3152,-0.2650,168.35,16.03,-54.46
3.0212,-0.6354,1.3171,-0.2674,168.56,15.75,-53.27
3.0213,-0.6407,1.3249,-0.2674,169.05,14.98,-53.55
3.0213,-0.6427,1.3254,-0.2728,169.47,14.84,-52.43
3.0214,-0.6490,1.3215,-0.2767,169.26,13.16,-52.92
3.0216,-0.6539,1.3181,-0.2777,169.96,13.51,-50.96
3.0219,-0.6520,1.3127,-0.2786,169.89,12.04,-51.94
3.0222,-0.6554,1.3108,-0.2777,170.45,12.32,-50.26
3.0224,-0.6593,1.3078,-0.2791,170.17,11.34,-50.54
3.0227,-0.6598,1.3039,-0.2786,170.80,11.27,-49.07
3.0229,-0.6583,1.3020,-0.2777,170.52,10.01,-49.70
3.0232,-0.6583,1.2986,-0.2796,171.15,9.66,-48.02
3.0235,-0.6603,1.2956,-0.2835,171.08,9.03,-48.09
3.0237,-0.6593,1.2912,-0.2830,171.36,8.05,-46.90
3.0240,-0.6573,1.2873,-0.2811,171.85,8.19,-45.99
3.0243,-0.6559,1.2820,-0.2816,171.71,7.00,-45.64
3.0245,-0.6573,1.2747,-0.2806,171.92,7.00,-44.73
3.0248,-0.6598,1.2668,-0.2801,171.85,5.88,-44.03
3.0251,-0.6617,1.2600,-0.2811,171.99,6.02,-42.77
3.0253,-0.6632,1.2561,-0.2821,171.78,4.62,-42.98
3.0256,-0.6617,1.2444,-0.2782,172.48,4.97,-40.74
3.0258,-0.6627,1.2337,-0.2752,171.78,3.64,-41.65
3.0261,-0.6651,1.2298,-0.2718,172.27,3.71,-39.20
3.0264,-0.6647,1.2210,-0.2650,171.85,2.31,-40.18
3.0266,-0.6676,1.2083,-0.2567,172.27,2.66,-37.52
3.0273,-0.6686,1.2029,-0.2591,171.43,1.89,-38.36
3.0279,-0.6681,1.1995,-0.2606,171.78,0.91,-36.19
3.0285,-0.6754,1.1878,-0.2572,171.22,0.77,-36.40
3.0291,-0.6788,1.1741,-0.2567,171.43,0.14,-34.72
3.0298,-0.6769,1.1653,-0.2562,170.52,-0.21,-34.51
3.0304,-0.6798,1.1605,-0.2538,170.87,-1.26,-33.53
3.0310,-0.6822,1.1556,-0.2538,170.31,-1.40,-32.62
3.0316,-0.6866,1.1458,-0.2499,170.10,-2.17,-32.06
3.0323,-0.6881,1.1336,-0.2508,169.75,-1.19,-30.10
3.0329,-0.6915,1.1239,-0.2464,169.05,-3.36,-30.94
3.0335,-0.6974,1.1151,-0.2425,169.33,-2.66,-28.84
3.0342,-0.6974,1.1043,-0.2450,168.63,-3.92,-29.26
3.0348,-0.6983,1.0907,-0.2420,168.14,-3.64,-27.02
3.0354,-0.7003,1.0814,-0.2362,167.23,-4.69,-27.72
3.0360,-0.7017,1.0741,-0.2367,167.51,-4.90,-25.48
3.0367,-0.7042,1.0643,-0.2386,166.11,-5.25,-25.97
3.0373,-0.7071,1.0531,-0.2352,166.25,-5.74,-24.29
3.0379,-0.7086,1.0429,-0.2338,164.71,-5.67,-24.50
3.0385,-0.7105,1.0316,-0.2342,164.78,-7.14,-22.61
3.0392,-0.7120,1.0219,-0.2362,163.17,-6.37,-22.61
3.0397,-0.7120,1.0150,-0.2342,163.17,-7.98,-21.77
3.0403,-0.7135,1.0043,-0.2318,162.26,-6.58,-21.00
3.0408,-0.7149,0.9931,-0.2347,161.35,-8.54,-20.58
3.0413,-0.7154,0.9858,-0.2313,160.86,-7.56,-19.67
3.0419,-0.7188,0.9667,-0.2289,159.11,-8.75,-18.48
3.0424,-0.7183,0.9560,-0.2274,157.50,-9.73,-18.13
3.0430,-0.7227,0.9457,-0.2250,157.15,-9.59,-17.15
3.0435,-0.7227,0.9370,-0.2264,155.61,-10.36,-17.36
3.0441,-0.7227,0.9252,-0.2269,154.91,-10.01,-15.89
3.0446,-0.7252,0.9155,-0.2225,153.72,-10.99,-16.17
3.0451,-0.7232,0.9067,-0.2216,153.02,-10.64,-14.63
3.0457,-0.7266,0.8965,-0.2250,151.62,-11.34,-15.26
3.0462,-0.7315,0.8891,-0.2230,150.71,-11.76,-14.07
3.0468,-0.7286,0.8823,-0.2191,149.24,-11.48,-14.14
3.0473,-0.7257,0.8794,-0.2186,148.61,-11.97,-12.95
3.0479,-0.7271,0.8686,-0.2172,147.14,-12.32,-13.51
3.0484,-0.7271,0.8511,-0.2176,146.16,-12.74,-12.46
3.0489,-0.7242,0.8379,-0.2181,144.90,-12.67,-12.46
3.0495,-0.7276,0.8237,-0.2172,143.57,-13.65,-12.60
3.0500,-0.7315,0.8091,-0.2147,142.24,-12.81,-11.62
3.0506,-0.7296,0.8067,-0.2142,140.42,-14.14,-12.04
3.0512,-0.7261,0.8028,-0.2152,139.72,-13.44,-10.85
3.0518,-0.7247,0.7886,-0.2103,137.97,-14.63,-11.41
3.0525,-0.7291,0.7784,-0.2108,136.57,-14.00,-11.13
3.0531,-0.7242,0.7676,-0.2123,133.42,-14.21,-10.85
3.0537,-0.7252,0.7584,-0.2089,132.30,-15.05,-10.64
3.0543,-0.7296,0.7510,-0.2045,131.04,-14.98,-10.57
3.0549,-0.7300,0.7442,-0.2084,129.15,-15.05,-10.50
3.0555,-0.7281,0.7349,-0.2128,128.17,-15.26,-10.01
3.0561,-0.7291,0.7296,-0.2094,125.93,-15.54,-10.85
3.0567,-0.7296,0.7247,-0.2030,124.88,-15.75,-10.57
3.0573,-0.7271,0.7169,-0.2035,122.99,-15.33,-10.99
3.0579,-0.7286,0.7110,-0.2059,121.66,-16.52,-10.85
3.0585,-0.7286,0.7052,-0.2045,119.77,-15.82,-11.13
3.0592,-0.7242,0.6983,-0.2045,118.58,-16.66,-11.34
3.0598,-0.7281,0.6920,-0.2050,116.90,-15.89,-11.20
3.0604,-0.7281,0.6837,-0.2011,114.80,-17.15,-11.90
3.0610,-0.7261,0.6793,-0.2045,113.82,-16.31,-11.69
3.0616,-0.7281,0.6788,-0.2064,111.44,-16.94,-12.25
3.0622,-0.7271,0.6749,-0.2015,110.32,-16.87,-12.32
3.0633,-0.7247,0.6690,-0.2035,108.50,-17.57,-12.67
3.0644,-0.7261,0.6647,-0.2079,107.17,-17.50,-13.09
3.0655,-0.7276,0.6612,-0.2079,105.35,-17.08,-12.95
3.0666,-0.7247,0.6578,-0.2069,103.39,-17.29,-13.44
3.0677,-0.7242,0.6539,-0.2064,102.34,-17.15,-14.00
3.0688,-0.7222,0.6495,-0.2045,100.10,-17.85,-14.21
3.0699,-0.7218,0.6495,-0.2064,98.84,-17.50,-14.35
3.0710,-0.7242,0.6490,-0.2098,96.88,-18.20,-15.33
3.0721,-0.7227,0.6456,-0.2118,95.62,-17.50,-14.91
3.0732,-0.7218,0.6451,-0.2142,93.31,-18.55,-15.96
3.0743,-0.7188,0.6446,-0.2133,92.47,-17.43,-15.82
3.0754,-0.7139,0.6466,-0.2152,90.02,-18.48,-16.87
3.0765,-0.7135,0.6481,-0.2157,89.32,-18.06,-16.87
3.0776,-0.7091,0.6486,-0.2133,86.80,-18.27,-17.43
3.0787,-0.7110,0.6529,-0.2157,86.03,-18.41,-18.06
3.0798,-0.7144,0.6573,-0.2152,83.93,-18.69,-18.83
3.0809,-0.7120,0.6612,-0.2133,82.74,-18.34,-18.83
3.0820,-0.7120,0.6632,-0.2113,80.99,-18.69,-19.60
3.0831,-0.7110,0.6666,-0.2147,79.66,-18.48,-20.02
3.0842,-0.7061,0.6778,-0.2230,77.98,-18.69,-21.00
3.0858,-0.7091,0.6891,-0.2259,76.58,-19.11,-21.77
3.0874,-0.7066,0.6998,-0.2259,73.43,-18.97,-22.54
3.0890,-0.7013,0.7110,-0.2250,72.80,-18.55,-22.19
3.0906,-0.7047,0.7169,-0.2269,70.49,-19.04,-23.80
3.0922,-0.7091,0.7276,-0.2308,70.07,-18.83,-23.59
3.0938,-0.7071,0.7344,-0.2328,68.11,-19.18,-24.92
3.0954,-0.7052,0.7413,-0.2328,67.27,-19.11,-24.78
3.0970,-0.7086,0.7520,-0.2338,65.80,-18.97,-25.90
3.0986,-0.7100,0.7613,-0.2333,65.03,-19.32,-26.18
3.1002,-0.7086,0.7701,-0.2411,63.77,-19.18,-27.09
3.1018,-0.7081,0.7803,-0.2445,62.51,-19.18,-27.02
3.1034,-0.7081,0.7925,-0.2425,61.60,-18.83,-28.07
3.1050,-0.7081,0.8028,-0.2484,60.34,-19.67,-28.00
3.1066,-0.7061,0.8081,-0.2518,59.29,-19.04,-28.70
3.1082,-0.7052,0.8120,-0.2503,58.38,-19.18,-29.05
3.1098,-0.7037,0.8228,-0.2518,57.54,-19.11,-29.89
3.1114,-0.7003,0.8355,-0.2552,56.63,-19.32,-29.40
3.1129,-0.7013,0.8477,-0.2606,55.79,-18.76,-30.31
3.1145,-0.7022,0.8603,-0.2630,55.16,-19.46,-30.52
3.1161,-0.7017,0.8706,-0.2625,54.46,-19.67,-30.80
3.1162,-0.6959,0.8945,-0.2699,53.62,-19.04,-31.08
3.1162,-0.6954,0.9057,-0.2733,52.57,-19.32,-31.43
3.1163,-0.6915,0.9155,-0.2694,51.45,-18.83,-31.71
3.1163,-0.6930,0.9277,-0.2655,51.24,-19.11,-31.85
3.1164,-0.6978,0.9414,-0.2684,50.61,-19.25,-31.85
3.1164,-0.6974,0.9540,-0.2708,49.98,-19.11,-32.48
3.1165,-0.6930,0.9662,-0.2713,49.77,-19.39,-32.27
3.1165,-0.6876,0.9823,-0.2723,49.14,-19.04,-32.90
3.1166,-0.6861,0.9950,-0.2733,49.28,-19.11,-32.55
3.1166,-0.6866,1.0033,-0.2777,48.44,-19.04,-32.90
3.1167,-0.6852,1.0150,-0.2767,49.00,-19.74,-32.69
3.1167,-0.6817,1.0243,-0.2782,48.09,-18.90,-33.18
3.1168,-0.6783,1.0360,-0.2806,48.51,-19.32,-32.62
3.1169,-0.6798,1.0482,-0.2796,47.74,-19.11,-33.25
3.1169,-0.6773,1.0575,-0.2830,48.23,-19.74,-32.76
3.1170,-0.6744,1.0653,-0.2865,47.67,-19.04,-33.18
3.1170,-0.6744,1.0726,-0.2865,48.09,-19.81,-32.97
3.1171,-0.6705,1.0799,-0.2899,47.39,-18.76,-32.48
3.1171,-0.6705,1.1004,-0.2908,47.81,-19.18,-32.34
3.1172,-0.6700,1.1063,-0.2918,47.95,-19.18,-32.20
3.1172,-0.6661,1.1165,-0.2894,48.16,-19.32,-31.64
3.1172,-0.6617,1.1258,-0.2894,48.23,-19.53,-32.20
3.1173,-0.6608,1.1292,-0.2918,48.51,-19.18,-30.87
3.1173,-0.6593,1.1361,-0.2933,48.65,-19.74,-31.50
3.1173,-0.6583,1.1458,-0.2943,49.07,-19.18,-30.31
3.1174,-0.6583,1.1517,-0.2972,48.93,-19.67,-30.59
3.1174,-0.6564,1.1600,-0.2972,49.70,-19.53,-29.40
3.1175,-0.6549,1.1697,-0.2943,49.70,-19.81,-30.03
3.1175,-0.6505,1.1775,-0.2977,50.54,-19.67,-28.63
3.1175,-0.6466,1.1858,-0.2991,50.40,-19.53,-28.49
3.1176,-0.6446,1.1897,-0.2972,51.03,-19.88,-28.28
3.1176,-0.6437,1.1951,-0.2996,51.17,-19.95,-27.65
3.1176,-0.6446,1.2029,-0.3040,51.94,-20.02,-27.23
3.1177,-0.6417,1.2073,-0.3045,52.01,-19.74,-26.60
3.1177,-0.6354,1.2141,-0.3030,52.85,-20.58,-26.25
3.1177,-0.6300,1.2239,-0.3084,53.41,-20.30,-25.48
3.1178,-0.6261,1.2283,-0.3118,54.18,-20.16,-24.99
3.1178,-0.6256,1.2337,-0.3089,54.32,-20.51,-24.50
3.1179,-0.6207,1.2385,-0.3060,55.30,-20.30,-23.80
3.1179,-0.6129,1.2449,-0.3128,55.58,-21.14,-23.73
3.1185,-0.6124,1.2503,-0.3167,56.14,-20.93,-23.03
3.1190,-0.6105,1.2537,-0.3113,56.70,-21.56,-22.96
3.1196,-0.6051,1.2610,-0.3118,57.61,-21.28,-21.98
3.1201,-0.6012,1.2654,-0.3167,58.03,-22.12,-22.19
3.1207,-0.5988,1.2649,-0.3221,58.87,-21.42,-20.86
3.1212,-0.5968,1.2673,-0.3231,59.36,-22.54,-21.56
3.1218,-0.5924,1.2717,-0.3240,59.85,-22.19,-19.74
3.1223,-0.5905,1.2742,-0.3274,60.76,-22.82,-20.93
3.1229,-0.5905,1.2761,-0.3279,61.39,-22.54,-18.90
3.1234,-0.5880,1.2786,-0.3299,62.23,-23.59,-19.81
3.1240,-0.5827,1.2839,-0.3309,62.44,-23.45,-18.34
3.1245,-0.5788,1.2888,-0.3294,63.14,-23.66,-18.55
3.1251,-0.5793,1.2854,-0.3309,64.33,-24.15,-17.92
3.1257,-0.5758,1.2839,-0.3314,64.75,-24.36,-17.99
3.1262,-0.5714,1.2864,-0.3299,65.52,-24.92,-17.22
3.1268,-0.5656,1.2839,-0.3314,66.43,-25.13,-17.57
3.1273,-0.5617,1.2790,-0.3314,67.06,-25.20,-16.24
3.1279,-0.5597,1.2737,-0.3328,67.69,-25.41,-16.59
3.1284,-0.5588,1.2717,-0.3362,68.11,-26.67,-16.31
3.1290,-0.5602,1.2708,-0.3343,68.74,-26.67,-15.96
3.1296,-0.5568,1.2678,-0.3338,69.51,-26.88,-15.75
3.1303,-0.5519,1.2659,-0.3338,70.21,-27.51,-15.54
3.1309,-0.5505,1.2629,-0.3314,71.12,-27.51,-15.12
3.1316,-0.5466,1.2576,-0.3318,71.26,-28.07,-14.70
3.1322,-0.5427,1.2517,-0.3309,72.03,-28.28,-14.98
3.1329,-0.5427,1.2424,-0.3309,72.45,-29.12,-14.14
3.1335,-0.5392,1.2337,-0.3289,73.08,-29.33,-14.91
3.1342,-0.5392,1.2283,-0.3245,73.64,-29.68,-13.30
3.1348,-0.5358,1.2234,-0.3250,74.06,-29.89,-14.42
3.1355,-0.5300,1.2180,-0.3255,74.69,-30.80,-12.88
3.1361,-0.5275,1.2107,-0.3226,74.90,-31.01,-14.14
3.1368,-0.5275,1.2039,-0.3182,75.88,-31.36,-12.39
3.1374,-0.5266,1.1976,-0.3157,76.02,-31.64,-13.16
3.1381,-0.5241,1.1878,-0.3113,76.30,-32.55,-12.18
3.1387,-0.5202,1.1688,-0.3104,77.28,-33.67,-12.04
3.1394,-0.5207,1.1580,-0.3123,77.28,-33.60,-11.97
3.1400,-0.5178,1.1488,-0.3099,77.63,-34.65,-11.69
3.1407,-0.5158,1.1409,-0.3050,77.84,-34.58,-11.41
3.1413,-0.5124,1.1375,-0.3026,78.61,-35.42,-11.27
3.1420,-0.5085,1.1287,-0.2996,78.54,-35.28,-10.64
3.1425,-0.5119,1.1170,-0.2967,78.61,-36.26,-11.27
3.1431,-0.5134,1.1053,-0.2962,79.24,-36.19,-9.94
3.1436,-0.5070,1.0956,-0.2923,78.75,-37.17,-10.78
3.1441,-0.5080,1.0897,-0.2904,79.59,-37.24,-9.87
3.1447,-0.5075,1.0785,-0.2928,79.17,-38.08,-10.22
3.1452,-0.5036,1.0712,-0.2952,79.87,-38.22,-9.24
3.1457,-0.5036,1.0677,-0.2908,79.38,-38.99,-9.94
3.1463,-0.5031,1.0585,-0.2865,79.87,-39.62,-8.68
3.1468,-0.5046,1.0468,-0.2869,79.17,-39.41,-9.38
3.1474,-0.5036,1.0390,-0.2899,80.01,-40.46,-8.96
3.1479,-0.5017,1.0321,-0.2889,79.45,-40.60,-8.82
3.1484,-0.5026,1.0258,-0.2860,79.66,-41.23,-8.82
3.1490,-0.5026,1.0189,-0.2874,79.31,-41.44,-8.54
3.1495,-0.5012,1.0067,-0.2850,79.31,-42.00,-8.47
3.1500,-0.4934,0.9897,-0.2811,78.82,-43.05,-8.47
3.1506,-0.4968,0.9833,-0.2821,78.54,-43.33,-8.19
3.1511,-0.4958,0.9711,-0.2874,78.68,-43.19,-7.77
3.1517,-0.4963,0.9623,-0.2879,77.98,-44.59,-8.33
3.1522,-0.4968,0.9560,-0.2845,78.26,-44.59,-7.49
3.1527,-0.4953,0.9477,-0.2850,77.70,-45.22,-8.40
3.1532,-0.4939,0.9404,-0.2884,77.42,-45.22,-7.35
3.1538,-0.4963,0.9306,-0.2845,76.93,-46.41,-8.40
3.1543,-0.4982,0.9233,-0.2806,76.58,-45.92,-7.14
3.1548,-0.4963,0.9194,-0.2830,76.02,-47.11,-7.98
3.1553,-0.4973,0.9096,-0.2840,75.67,-47.11,-7.49
3.1558,-0.4958,0.8974,-0.2840,75.25,-48.09,-8.05
3.1563,-0.4992,0.8886,-0.2830,74.76,-48.02,-7.42
3.1569,-0.4992,0.8789,-0.2811,74.27,-48.72,-7.77
3.1574,-0.4968,0.8760,-0.2806,73.78,-48.51,-7.49
3.1579,-0.5002,0.8755,-0.2806,73.29,-49.21,-7.56
3.1584,-0.5041,0.8642,-0.2786,73.15,-50.05,-7.84
3.1589,-0.5056,0.8535,-0.2762,72.45,-49.56,-7.07
3.1594,-0.5051,0.8467,-0.2767,71.68,-50.61,-7.70
3.1600,-0.5036,0.8403,-0.2762,70.77,-50.40,-7.56
3.1605,-0.5056,0.8311,-0.2767,70.77,-51.66,-8.26
3.1610,-0.5070,0.8213,-0.2757,69.58,-50.82,-6.86
3.1615,-0.5075,0.8150,-0.2708,69.30,-52.36,-8.26
3.1620,-0.5109,0.8072,-0.2684,68.60,-51.52,-7.14
3.1625,-0.5124,0.7998,-0.2689,67.90,-53.13,-8.33
3.1630,-0.5109,0.7964,-0.2684,67.34,-51.80,-7.00
3.1636,-0.5100,0.7940,-0.2694,66.22,-53.76,-8.54
3.1642,-0.5144,0.7876,-0.2679,65.73,-52.57,-7.07
3.1647,-0.5192,0.7808,-0.2655,64.68,-54.11,-8.33
3.1653,-0.5207,0.7759,-0.2645,64.68,-53.41,-7.56
3.1659,-0.5212,0.7691,-0.2630,62.72,-54.11,-8.61
3.1664,-0.5212,0.7627,-0.2674,62.93,-54.81,-7.63
3.1670,-0.5270,0.7574,-0.2669,61.67,-54.60,-8.61
3.1676,-0.5305,0.7515,-0.2621,61.04,-55.30,-8.19
3.1681,-0.5275,0.7505,-0.2635,60.13,-54.95,-8.33
3.1687,-0.5285,0.7471,-0.2625,59.22,-56.00,-8.75
3.1693,-0.5319,0.7403,-0.2601,58.59,-54.95,-8.26
3.1698,-0.5353,0.7354,-0.2591,57.75,-56.21,-8.54
3.1704,-0.5407,0.7286,-0.2611,55.93,-56.70,-9.31
3.1709,-0.5388,0.7222,-0.2582,55.44,-55.93,-8.47
3.1715,-0.5383,0.7218,-0.2567,53.90,-56.84,-9.59
3.1721,-0.5422,0.7232,-0.2582,53.41,-56.42,-8.75
3.1726,-0.5441,0.7208,-0.2582,52.15,-56.98,-9.94
3.1732,-0.5490,0.7193,-0.2557,51.52,-56.70,-8.82
3.1738,-0.5514,0.7178,-0.2518,50.54,-57.61,-9.80
3.1743,-0.5549,0.7149,-0.2557,49.84,-57.40,-9.45
3.1749,-0.5578,0.7135,-0.2586,48.86,-57.54,-9.80
3.1754,-0.5578,0.7130,-0.2572,48.37,-57.75,-9.52
3.1760,-0.5592,0.7144,-0.2625,47.39,-57.75,-10.15
3.1766,-0.5632,0.7174,-0.2640,46.48,-57.96,-9.52
3.1771,-0.5661,0.7198,-0.2567,45.50,-57.54,-9.87
3.1777,-0.5656,0.7218,-0.2542,44.87,-58.52,-10.29
3.1782,-0.5700,0.7208,-0.2567,44.03,-57.54,-9.73
3.1788,-0.5734,0.7222,-0.2645,43.19,-57.96,-10.15
3.1794,-0.5758,0.7300,-0.2625,41.44,-58.03,-10.01
3.1799,-0.5793,0.7335,-0.2616,40.88,-57.54,-9.52
3.1805,-0.5851,0.7379,-0.2616,39.83,-58.24,-10.50
3.1810,-0.5880,0.7466,-0.2621,39.69,-58.03,-9.73
3.1816,-0.5890,0.7515,-0.2640,38.36,-57.82,-10.01
3.1822,-0.5934,0.7544,-0.2645,38.22,-58.17,-9.80
3.1827,-0.5954,0.7608,-0.2674,36.82,-57.75,-10.15
3.1833,-0.5954,0.7666,-0.2689,36.75,-57.96,-9.73
3.1838,-0.5963,0.7720,-0.2655,35.98,-57.54,-10.22
3.1844,-0.5978,0.7779,-0.2699,35.35,-57.40,-9.17
3.1850,-0.6022,0.7871,-0.2743,34.65,-57.54,-10.43
3.1855,-0.6037,0.7940,-0.2713,34.16,-57.68,-9.52
3.1870,-0.6071,0.8003,-0.2718,33.81,-57.05,-9.94
3.1885,-0.6134,0.8101,-0.2743,32.69,-56.98,-9.38
3.1900,-0.6168,0.8198,-0.2752,32.83,-56.84,-9.66
3.1914,-0.6188,0.8291,-0.2801,31.85,-57.40,-9.10
3.1929,-0.6168,0.8355,-0.2830,31.78,-56.49,-9.52
3.1944,-0.6188,0.8462,-0.2830,30.73,-57.26,-9.45
3.1959,-0.6242,0.8540,-0.2826,30.80,-56.35,-9.17
3.1973,-0.6256,0.8579,-0.2879,30.45,-56.84,-9.03
3.1988,-0.6266,0.8813,-0.2889,29.89,-56.63,-9.31
3.2003,-0.6266,0.8857,-0.2889,29.54,-55.86,-8.61
3.2018,-0.6281,0.8935,-0.2884,29.12,-56.14,-9.31
3.2032,-0.6295,0.9033,-0.2928,28.70,-55.79,-8.68
3.2047,-0.6315,0.9121,-0.2977,28.70,-55.30,-8.54
3.2062,-0.6339,0.9165,-0.2957,28.28,-55.79,-8.68
3.2077,-0.6364,0.9209,-0.2952,27.86,-54.95,-7.84
3.2091,-0.6412,0.9301,-0.3011,28.07,-55.16,-8.26
3.2106,-0.6451,0.9389,-0.3016,27.79,-54.88,-8.12
3.2121,-0.6471,0.9448,-0.2967,27.65,-54.81,-8.05
3.2136,-0.6471,0.9477,-0.2996,27.51,-54.18,-7.42
3.2150,-0.6422,0.9540,-0.3040,27.72,-54.32,-7.63
3.2151,-0.6383,0.9609,-0.3045,27.23,-54.04,-7.28
3.2151,-0.6432,0.9648,-0.3070,27.30,-54.04,-7.21
3.2152,-0.6446,0.9687,-0.3070,27.09,-53.55,-6.86
3.2153,-0.6471,0.9736,-0.3113,27.09,-52.99,-6.16
3.2153,-0.6525,0.9838,-0.3084,27.51,-52.85,-5.53
3.2154,-0.6515,0.9862,-0.3079,26.95,-53.62,-6.16
3.2154,-0.6476,0.9921,-0.3123,27.37,-52.01,-4.55
3.2155,-0.6505,0.9970,-0.3167,27.16,-52.43,-5.39
3.2155,-0.6520,1.0019,-0.3133,27.51,-51.59,-3.64
3.2156,-0.6490,1.0067,-0.3118,27.37,-52.22,-4.48
3.2157,-0.6486,1.0087,-0.3123,27.65,-51.59,-2.87
3.2157,-0.6461,1.0077,-0.3123,27.58,-51.45,-3.36
3.2158,-0.6432,1.0111,-0.3118,27.86,-51.03,-1.89
3.2158,-0.6432,1.0150,-0.3118,27.86,-50.89,-2.17
3.2159,-0.6466,1.0175,-0.3118,27.93,-50.54,-0.91
3.2160,-0.6495,1.0209,-0.3109,28.28,-49.84,-0.63
3.2160,-0.6471,1.0224,-0.3118,28.35,-49.91,0.28
3.2161,-0.6442,1.0238,-0.3128,28.56,-49.63,0.28
3.2161,-0.6407,1.0282,-0.3099,28.70,-49.98,1.19
3.2162,-0.6417,1.0307,-0.3079,29.19,-48.93,2.17
3.2163,-0.6427,1.0321,-0.3109,29.12,-48.86,2.66
3.2165,-0.6403,1.0404,-0.3109,29.26,-48.79,3.15
3.2166,-0.6422,1.0487,-0.3099,29.61,-48.58,3.78
3.2168,-0.6442,1.0507,-0.3099,29.89,-48.09,4.83
3.2169,-0.6417,1.0497,-0.3143,29.82,-48.16,5.11
3.2171,-0.6417,1.0507,-0.3138,30.66,-47.46,6.23
3.2172,-0.6368,1.0555,-0.3118,30.24,-48.02,6.16
3.2173,-0.6310,1.0580,-0.3099,31.08,-47.18,7.56
3.2175,-0.6256,1.0609,-0.3089,30.87,-47.46,7.35
3.2176,-0.6227,1.0677,-0.3079,31.64,-47.11,8.96
3.2178,-0.6232,1.0716,-0.3104,31.50,-46.69,9.03
3.2179,-0.6183,1.0726,-0.3094,31.85,-47.11,9.94
3.2181,-0.6100,1.0702,-0.3070,32.13,-46.06,10.29
3.2182,-0.6037,1.0682,-0.3118,32.48,-46.76,10.92
3.2184,-0.6002,1.0687,-0.3123,32.48,-46.13,11.76
3.2185,-0.5983,1.0668,-0.3128,32.97,-46.48,12.25
3.2186,-0.5983,1.0697,-0.3162,33.32,-45.92,13.09
3.2188,-0.5919,1.0726,-0.3157,33.60,-46.20,13.79
3.2189,-0.5866,1.0712,-0.3133,33.81,-45.99,14.00
3.2191,-0.5856,1.0687,-0.3143,33.88,-45.92,15.19
3.2203,-0.5763,1.0687,-0.3148,34.51,-45.85,15.61
3.2216,-0.5710,1.0673,-0.3138,34.37,-45.78,16.10
3.2228,-0.5680,1.0619,-0.3128,34.72,-45.57,17.29
3.2241,-0.5607,1.0629,-0.3128,35.56,-45.64,18.62
3.2253,-0.5563,1.0580,-0.3162,35.21,-45.64,18.48
3.2265,-0.5549,1.0546,-0.3196,35.98,-45.99,19.74
3.2278,-0.5544,1.0541,-0.3201,35.84,-45.50,19.88
3.2290,-0.5510,1.0507,-0.3177,35.91,-46.41,21.00
3.2303,-0.5480,1.0472,-0.3152,36.47,-45.36,21.21
3.2315,-0.5446,1.0458,-0.3162,36.33,-46.27,22.40
3.2328,-0.5407,1.0429,-0.3187,36.68,-45.43,22.82
3.2340,-0.5412,1.0365,-0.3152,36.54,-46.48,23.94
3.2353,-0.5388,1.0311,-0.3113,37.31,-46.13,23.66
3.2365,-0.5329,1.0263,-0.3138,36.96,-46.62,25.06
3.2378,-0.5305,1.0185,-0.3152,37.24,-46.20,25.20
3.2390,-0.5285,1.0165,-0.3148,37.24,-46.62,26.67
3.2402,-0.5295,1.0155,-0.3138,37.66,-46.62,26.67
3.2415,-0.5270,1.0106,-0.3138,37.94,-46.69,27.72
3.2427,-0.5226,1.0053,-0.3138,37.45,-46.34,28.35
3.2440,-0.5226,0.9950,-0.3065,38.01,-46.83,29.61
3.2444,-0.5183,0.9906,-0.3065,38.15,-47.11,30.10
3.2449,-0.5173,0.9862,-0.3045,37.73,-47.67,30.94
3.2453,-0.5163,0.9784,-0.3016,38.22,-46.90,31.57
3.2458,-0.5085,0.9736,-0.3011,37.45,-47.74,32.48
3.2462,-0.5085,0.9682,-0.3021,38.01,-47.11,32.83
3.2467,-0.5139,0.9643,-0.2996,37.94,-48.09,33.95
3.2471,-0.5090,0.9599,-0.2982,38.15,-47.46,34.58
3.2476,-0.5051,0.9516,-0.2967,37.94,-48.37,34.93
3.2480,-0.5051,0.9482,-0.2923,37.73,-47.81,35.91
3.2485,-0.5041,0.9467,-0.2908,37.80,-48.79,36.05
3.2489,-0.5036,0.9453,-0.2894,37.80,-48.23,37.24
3.2494,-0.5026,0.9438,-0.2840,37.52,-48.79,37.59
3.2498,-0.5031,0.9423,-0.2816,37.66,-48.30,38.36
3.2503,-0.5031,0.9389,-0.2835,37.52,-49.00,38.92
3.2507,-0.4987,0.9321,-0.2757,37.17,-48.79,39.76
3.2512,-0.4982,0.9272,-0.2694,37.59,-49.42,39.76
3.2516,-0.4997,0.9248,-0.2772,36.75,-49.28,40.67
3.2521,-0.5002,0.9252,-0.2772,37.31,-49.91,41.16
3.2525,-0.4982,0.9223,-0.2757,36.47,-49.77,41.23
3.2530,-0.4963,0.9170,-0.2674,36.96,-49.21,42.63
3.2535,-0.5056,0.9082,-0.2660,35.84,-49.98,42.07
3.2541,-0.5051,0.9077,-0.2669,35.56,-50.19,42.84
3.2547,-0.5051,0.9023,-0.2606,36.19,-49.35,44.80
3.2553,-0.5100,0.8984,-0.2606,35.70,-50.61,43.68
3.2559,-0.5144,0.8974,-0.2664,35.49,-49.84,45.78
3.2565,-0.5163,0.8974,-0.2630,35.21,-50.96,44.24
3.2571,-0.5183,0.8926,-0.2572,35.07,-50.33,46.34
3.2576,-0.5158,0.8906,-0.2567,34.44,-51.03,45.36
3.2582,-0.5139,0.8896,-0.2606,34.65,-50.68,46.83
3.2588,-0.5192,0.8882,-0.2596,33.95,-51.10,45.99
3.2594,-0.5222,0.8896,-0.2552,34.23,-51.17,47.04
3.2600,-0.5241,0.8857,-0.2557,33.60,-51.10,46.83
3.2606,-0.5270,0.8823,-0.2542,33.67,-51.31,47.11
3.2611,-0.5319,0.8823,-0.2523,32.90,-50.82,47.60
3.2617,-0.5348,0.8789,-0.2557,32.62,-51.73,47.39
3.2623,-0.5324,0.8750,-0.2567,32.76,-51.24,48.09
3.2629,-0.5344,0.8730,-0.2547,32.27,-51.59,47.81
3.2635,-0.5378,0.8711,-0.2542,31.99,-50.96,48.72
3.2641,-0.5388,0.8682,-0.2508,31.43,-51.80,48.23
3.2647,-0.5397,0.8677,-0.2523,31.50,-51.17,49.07
3.2652,-0.5431,0.8667,-0.2552,30.66,-52.08,48.23
3.2657,-0.5475,0.8647,-0.2499,30.80,-51.52,49.21
3.2663,-0.5490,0.8642,-0.2489,30.17,-51.87,48.44
3.2668,-0.5500,0.8589,-0.2484,30.03,-51.24,49.00
3.2674,-0.5495,0.8560,-0.2455,29.54,-51.73,48.65
3.2679,-0.5480,0.8550,-0.2464,29.26,-51.31,49.42
3.2685,-0.5529,0.8564,-0.2440,28.63,-51.45,49.00
3.2690,-0.5544,0.8574,-0.2406,28.70,-51.59,49.21
3.2696,-0.5549,0.8516,-0.2391,28.28,-51.73,49.00
3.2701,-0.5544,0.8467,-0.2411,27.93,-51.66,49.42
3.2707,-0.5549,0.8438,-0.2420,27.65,-51.94,49.28
3.2712,-0.5583,0.8384,-0.2401,27.16,-51.66,49.49
3.2718,-0.5622,0.8355,-0.2391,26.60,-51.17,49.42
3.2723,-0.5636,0.8359,-0.2377,26.67,-51.59,49.21
3.2728,-0.5622,0.8340,-0.2338,25.76,-51.45,49.42
3.2734,-0.5646,0.8311,-0.2308,25.97,-51.73,49.35
3.2739,-0.5656,0.8276,-0.2294,25.27,-51.31,49.28
3.2745,-0.5690,0.8223,-0.2269,24.92,-50.89,49.77
3.2750,-0.5724,0.8203,-0.2259,24.92,-50.75,49.49
3.2756,-0.5744,0.8169,-0.2269,23.80,-51.10,49.56
3.2761,-0.5807,0.8135,-0.2303,24.01,-50.82,49.56
3.2767,-0.5817,0.8115,-0.2289,23.24,-51.24,49.14
3.2772,-0.5802,0.8067,-0.2240,23.24,-50.61,49.77
3.2777,-0.5793,0.8023,-0.2230,22.26,-50.33,49.42
3.2783,-0.5763,0.8013,-0.2196,22.19,-50.75,49.70
3.2788,-0.5749,0.7969,-0.2181,21.56,-50.33,49.35
3.2794,-0.5807,0.7915,-0.2186,21.28,-50.75,49.49
3.2799,-0.5866,0.7920,-0.2211,20.65,-50.19,49.63
3.2805,-0.5861,0.7906,-0.2225,20.16,-50.19,49.70
3.2810,-0.5880,0.7891,-0.2196,20.02,-49.77,49.42
3.2815,-0.5939,0.7910,-0.2162,19.32,-49.98,49.14
3.2821,-0.5934,0.7901,-0.2128,19.39,-49.56,49.21
3.2826,-0.5944,0.7945,-0.2137,18.41,-49.56,49.07
3.2832,-0.5973,0.7964,-0.2128,18.13,-49.28,48.72
3.2837,-0.5993,0.7945,-0.2094,17.57,-49.56,48.16
3.2842,-0.6007,0.7891,-0.2069,16.38,-48.58,48.09
3.2848,-0.6037,0.7871,-0.2074,16.66,-49.00,47.81
3.2853,-0.6046,0.7901,-0.2074,15.61,-48.72,47.18
3.2859,-0.6051,0.7881,-0.2084,15.61,-48.58,47.25
3.2864,-0.6051,0.7862,-0.2098,14.84,-48.51,46.27
3.2879,-0.6076,0.7862,-0.2035,14.63,-48.51,46.55
3.2894,-0.6061,0.7842,-0.1986,14.14,-48.09,45.64
3.2909,-0.6066,0.7842,-0.2025,13.37,-48.02,45.85
3.2925,-0.6090,0.7803,-0.2050,13.16,-47.67,44.94
3.2940,-0.6037,0.7749,-0.2030,12.67,-47.60,44.94
3.2955,-0.6037,0.7720,-0.2045,12.25,-47.46,43.96
3.2970,-0.6056,0.7715,-0.2045,11.83,-47.39,43.89
3.2985,-0.6012,0.7701,-0.2050,11.34,-47.25,43.05
3.3000,-0.6022,0.7647,-0.2050,10.78,-47.11,43.33
3.3015,-0.6051,0.7579,-0.2040,10.43,-47.04,42.21
3.3030,-0.6037,0.7544,-0.2030,10.01,-47.32,42.35
3.3045,-0.6017,0.7564,-0.2006,9.24,-46.76,41.79
3.3060,-0.6007,0.7564,-0.1996,8.96,-46.62,41.37
3.3076,-0.6002,0.7549,-0.2045,8.54,-46.34,40.67
3.3091,-0.6037,0.7501,-0.1981,7.70,-46.34,40.11
3.3106,-0.6002,0.7471,-0.2015,7.21,-46.48,39.83
3.3121,-0.5993,0.7413,-0.2054,6.79,-45.64,39.48
3.3136,-0.5988,0.7398,-0.2054,6.02,-46.27,38.78
3.3151,-0.5949,0.7379,-0.2059,5.81,-45.78,38.71
3.3166,-0.5944,0.7383,-0.2059,5.11,-45.64,37.80
3.3167,-0.5944,0.7413,-0.2001,4.90,-45.78,37.38
3.3167,-0.5939,0.7432,-0.1957,4.20,-45.57,37.10
3.3168,-0.5924,0.7447,-0.1972,3.85,-45.64,36.61
3.3169,-0.5924,0.7447,-0.1986,3.50,-45.01,36.05
3.3169,-0.5910,0.7418,-0.1972,2.87,-45.22,35.00
3.3170,-0.5905,0.7422,-0.1947,2.59,-44.80,35.35
3.3171,-0.5934,0.7442,-0.1942,2.03,-45.43,33.81
3.3171,-0.5949,0.7408,-0.1967,1.40,-44.59,34.65
3.3172,-0.5944,0.7379,-0.1991,0.91,-44.87,32.83
3.3172,-0.5905,0.7388,-0.2001,0.98,-44.59,33.39
3.3173,-0.5954,0.7354,-0.1957,0.28,-44.80,31.85
3.3174,-0.5954,0.7320,-0.1962,-0.70,-44.38,31.36
3.3174,-0.5939,0.7325,-0.1976,-0.49,-44.31,30.94
3.3175,-0.5929,0.7354,-0.1981,-1.61,-44.10,30.03
3.3176,-0.5915,0.7330,-0.1972,-1.82,-44.03,30.10
3.3176,-0.5890,0.7276,-0.1928,-2.31,-43.68,29.47
3.3177,-0.5924,0.7266,-0.1942,-2.24,-44.03,28.91
3.3177,-0.5924,0.7227,-0.1991,-3.15,-43.40,28.84
3.3178,-0.5856,0.7203,-0.2020,-3.22,-44.17,28.07
3.3179,-0.5851,0.7227,-0.1996,-3.92,-43.05,27.93
3.3180,-0.5832,0.7208,-0.1962,-4.34,-44.17,26.81
3.3182,-0.5802,0.7227,-0.1967,-4.27,-43.12,27.16
3.3183,-0.5817,0.7261,-0.1957,-5.25,-43.40,26.25
3.3185,-0.5788,0.7183,-0.1981,-5.04,-43.12,26.39
3.3186,-0.5763,0.7169,-0.1976,-5.74,-43.26,25.55
3.3188,-0.5758,0.7208,-0.1952,-5.88,-42.63,25.76
3.3189,-0.5783,0.7174,-0.1967,-6.23,-43.19,24.71
3.3191,-0.5817,0.7125,-0.1952,-6.58,-42.35,24.78
3.3192,-0.5793,0.7139,-0.1972,-6.86,-42.77,24.22
3.3194,-0.5734,0.7178,-0.2015,-7.07,-42.77,24.01
3.3195,-0.5705,0.7183,-0.2020,-7.56,-42.77,23.24
3.3197,-0.5710,0.7213,-0.2030,-7.84,-42.42,23.38
3.3198,-0.5700,0.7222,-0.2020,-8.26,-42.00,23.03
3.3200,-0.5666,0.7159,-0.2015,-8.19,-42.56,22.54
3.3201,-0.5666,0.7130,-0.2035,-8.61,-42.07,22.47
3.3203,-0.5690,0.7154,-0.2069,-8.89,-42.77,21.49
3.3204,-0.5671,0.7159,-0.2069,-9.45,-42.21,21.70
3.3206,-0.5675,0.7169,-0.2040,-9.59,-42.21,21.00
3.3207,-0.5705,0.7178,-0.2035,-9.94,-42.14,21.35
3.3209,-0.5700,0.7164,-0.2045,-9.94,-42.42,20.09
3.3214,-0.5656,0.7139,-0.2035,-10.29,-41.72,20.79
3.3219,-0.5661,0.7164,-0.2035,-10.36,-42.56,19.25
3.3224,-0.5675,0.7242,-0.2050,-10.64,-41.44,20.09
3.3229,-0.5680,0.7247,-0.2069,-11.20,-42.14,18.83
3.3234,-0.5690,0.7208,-0.2103,-10.78,-41.65,19.11
3.3240,-0.5685,0.7218,-0.2089,-11.69,-42.07,18.27
3.3245,-0.5700,0.7286,-0.2084,-11.27,-41.51,18.83
3.3250,-0.5685,0.7305,-0.2118,-12.11,-42.21,17.36
3.3255,-0.5680,0.7296,-0.2113,-11.34,-41.79,17.99
3.3260,-0.5685,0.7320,-0.2103,-12.60,-42.35,16.59
3.3265,-0.5700,0.7349,-0.2128,-11.90,-41.23,17.57
3.3270,-0.5719,0.7340,-0.2133,-12.67,-41.65,16.38
3.3276,-0.5719,0.7330,-0.2118,-11.97,-41.65,16.31
3.3281,-0.5719,0.7359,-0.2103,-12.60,-41.65,16.31
3.3286,-0.5695,0.7413,-0.2108,-12.32,-41.86,15.82
3.3291,-0.5719,0.7413,-0.2113,-12.95,-41.30,15.61
3.3296,-0.5749,0.7383,-0.2128,-12.81,-41.44,15.12
3.3301,-0.5695,0.7427,-0.2128,-12.60,-41.58,15.05
3.3306,-0.5671,0.7466,-0.2133,-13.02,-41.72,14.56
3.3311,-0.5700,0.7510,-0.2152,-13.02,-41.30,14.77
3.3318,-0.5710,0.7588,-0.2196,-13.30,-41.58,13.79
3.3324,-0.5695,0.7603,-0.2186,-12.67,-41.51,13.79
3.3331,-0.5685,0.7613,-0.2167,-13.09,-41.37,13.58
3.3337,-0.5705,0.7671,-0.2162,-12.95,-41.23,13.44
3.3344,-0.5700,0.7701,-0.2147,-13.02,-41.30,12.39
3.3350,-0.5695,0.7749,-0.2172,-12.88,-41.37,13.09
3.3356,-0.5705,0.7808,-0.2206,-13.02,-41.30,12.11
3.3363,-0.5705,0.7842,-0.2211,-12.81,-41.02,12.32
3.3369,-0.5714,0.7857,-0.2264,-12.60,-41.30,11.62
3.3376,-0.5749,0.7896,-0.2318,-12.60,-41.58,11.13
3.3382,-0.5763,0.7925,-0.2308,-12.53,-40.67,10.99
3.3388,-0.5768,0.7935,-0.2298,-12.39,-41.44,10.43
3.3395,-0.5758,0.7998,-0.2318,-11.97,-40.46,10.50
3.3401,-0.5773,0.8032,-0.2352,-12.11,-41.58,9.73
3.3408,-0.5797,0.8028,-0.2357,-11.90,-40.74,10.08
3.3414,-0.5763,0.8057,-0.2381,-11.69,-41.72,9.24
3.3421,-0.5763,0.8096,-0.2416,-11.48,-40.67,9.38
3.3427,-0.5778,0.8140,-0.2372,-11.55,-41.16,8.96
3.3433,-0.5778,0.8179,-0.2347,-10.85,-40.81,9.03
3.3440,-0.5763,0.8208,-0.2406,-11.41,-41.23,8.33
3.3444,-0.5749,0.8237,-0.2440,-10.36,-40.53,8.68
3.3449,-0.5778,0.8267,-0.2440,-10.64,-41.30,7.70
3.3454,-0.5783,0.8316,-0.2464,-10.08,-40.53,8.68
3.3458,-0.5783,0.8379,-0.2489,-10.22,-40.95,7.21
3.3463,-0.5758,0.8394,-0.2499,-9.31,-41.09,7.49
3.3467,-0.5783,0.8403,-0.2523,-9.45,-41.02,7.07
3.3472,-0.5807,0.8452,-0.2533,-8.96,-40.46,7.14
3.3477,-0.5807,0.8530,-0.2533,-8.61,-40.88,6.44
3.3481,-0.5807,0.8599,-0.2577,-7.91,-40.39,7.14
3.3486,-0.5817,0.8628,-0.2567,-7.70,-40.88,6.16
3.3490,-0.5871,0.8623,-0.2557,-6.93,-40.53,6.58
3.3495,-0.5861,0.8667,-0.2572,-7.63,-40.74,5.81
3.3500,-0.5861,0.8711,-0.2669,-6.16,-41.16,6.23
3.3504,-0.5895,0.8750,-0.2699,-6.37,-40.81,5.46
3.3509,-0.5890,0.8808,-0.2596,-5.88,-40.88,6.37
3.3513,-0.5871,0.8867,-0.2577,-5.81,-40.81,5.04
3.3518,-0.5841,0.8926,-0.2621,-4.69,-40.74,6.16
3.3523,-0.5880,0.8960,-0.2674,-4.55,-40.67,4.90
3.3527,-0.5949,0.8984,-0.2704,-3.78,-40.60,6.09
3.3532,-0.5978,0.9033,-0.2699,-3.92,-40.67,4.90
3.3538,-0.5993,0.9087,-0.2699,-2.73,-41.02,5.46
3.3545,-0.5998,0.9116,-0.2704,-3.08,-40.46,4.55
3.3551,-0.6007,0.9145,-0.2704,-1.82,-40.88,5.11
3.3557,-0.6046,0.9223,-0.2743,-2.03,-40.60,4.83
3.3564,-0.6080,0.9287,-0.2718,-0.84,-40.60,4.69
3.3570,-0.6168,0.9287,-0.2713,-0.07,-40.74,4.13
3.3576,-0.6232,0.9394,-0.2708,1.19,-40.67,4.34
3.3583,-0.6261,0.9428,-0.2718,1.61,-40.25,4.97
3.3589,-0.6290,0.9467,-0.2713,2.10,-40.04,4.20
3.3595,-0.6320,0.9487,-0.2733,2.87,-40.25,5.04
3.3602,-0.6368,0.9536,-0.2786,3.29,-40.11,4.06
3.3608,-0.6422,0.9575,-0.2811,3.64,-40.04,5.11
3.3614,-0.6456,0.9609,-0.2816,4.55,-39.76,4.34
3.3621,-0.6490,0.9594,-0.2806,5.32,-39.69,5.04
3.3627,-0.6520,0.9618,-0.2821,5.88,-39.69,4.55
3.3633,-0.6564,0.9672,-0.2826,6.37,-39.76,5.39
3.3640,-0.6588,0.9682,-0.2830,7.07,-38.92,4.76
3.3646,-0.6603,0.9672,-0.2835,7.91,-39.20,5.53
3.3652,-0.6686,0.9701,-0.2855,8.12,-39.48,4.97
3.3659,-0.6715,0.9750,-0.2855,9.03,-39.06,5.32
3.3670,-0.6734,0.9750,-0.2801,9.87,-38.92,5.25
3.3680,-0.6764,0.9775,-0.2826,10.36,-38.64,5.74
3.3691,-0.6769,0.9794,-0.2904,10.78,-38.71,5.67
3.3702,-0.6812,0.9823,-0.2889,11.76,-38.36,5.60
3.3713,-0.6856,0.9858,-0.2865,12.11,-37.59,6.79
3.3724,-0.6866,0.9848,-0.2899,13.23,-38.36,5.53
3.3735,-0.6817,0.9828,-0.2884,13.37,-38.15,6.65
3.3746,-0.6817,0.9848,-0.2835,14.49,-38.01,6.37
3.3757,-0.6866,0.9877,-0.2860,14.63,-37.66,7.21
3.3768,-0.6847,0.9877,-0.2884,15.61,-37.38,6.93
3.3779,-0.6852,0.9872,-0.2894,16.10,-37.24,7.21
3.3790,-0.6866,0.9882,-0.2874,16.66,-37.03,7.14
3.3801,-0.6852,0.9897,-0.2884,17.57,-36.68,7.91
3.3812,-0.6866,0.9897,-0.2918,17.78,-36.61,7.70
3.3822,-0.6900,0.9916,-0.2923,19.11,-36.61,8.40
3.3833,-0.6920,0.9941,-0.2918,19.32,-36.54,8.19
3.3844,-0.6944,0.9926,-0.2913,20.30,-36.47,8.82
3.3855,-0.6959,0.9911,-0.2952,20.23,-36.05,8.75
3.3866,-0.6930,0.9916,-0.2923,21.56,-36.12,9.31
3.3877,-0.6949,0.9906,-0.2908,21.63,-36.19,9.52
3.3893,-0.6969,0.9892,-0.2918,22.82,-35.77,10.36
3.3910,-0.6983,0.9906,-0.2913,23.87,-35.49,10.29
3.3926,-0.7003,0.9892,-0.2923,23.87,-34.86,11.34
3.3942,-0.7013,0.9784,-0.2938,24.78,-34.86,10.99
3.3958,-0.6983,0.9794,-0.2957,25.27,-35.21,11.76
3.3975,-0.6974,0.9838,-0.2943,25.69,-34.37,11.83
3.3991,-0.6964,0.9804,-0.2889,26.32,-34.72,12.46
3.4007,-0.6974,0.9755,-0.2879,26.74,-34.09,12.74
3.4024,-0.6983,0.9706,-0.2879,27.65,-34.37,13.02
3.4040,-0.6954,0.9697,-0.2855,27.72,-33.60,13.58
3.4056,-0.6944,0.9701,-0.2884,28.77,-34.23,13.79
3.4072,-0.6934,0.9672,-0.2908,28.42,-33.32,14.42
3.4089,-0.6969,0.9638,-0.2908,29.47,-33.88,14.63
3.4105,-0.7003,0.9623,-0.2918,29.26,-33.53,14.91
3.4121,-0.6978,0.9579,-0.2923,30.24,-33.04,15.75
3.4138,-0.6998,0.9560,-0.2904,30.45,-33.18,15.68
3.4154,-0.6993,0.9521,-0.2889,30.52,-32.97,16.52
3.4170,-0.6998,0.9487,-0.2899,31.36,-32.97,16.59
3.4186,-0.6988,0.9496,-0.2894,31.29,-32.55,17.50
3.4203,-0.6969,0.9477,-0.2879,32.13,-32.69,17.29
3.4203,-0.7013,0.9443,-0.2869,32.20,-31.64,18.62
3.4204,-0.7047,0.9389,-0.2855,32.41,-32.55,18.13
3.4205,-0.7056,0.9340,-0.2816,32.97,-31.50,19.53
3.4205,-0.7037,0.9306,-0.2791,33.04,-31.99,18.97
3.4206,-0.7032,0.9262,-0.2786,33.67,-31.15,20.37
3.4206,-0.7076,0.9194,-0.2772,33.32,-31.64,20.02
3.4207,-0.7096,0.9130,-0.2782,33.88,-31.01,21.07
3.4208,-0.7086,0.9121,-0.2786,33.81,-31.29,20.72
3.4208,-0.7071,0.9087,-0.2743,34.16,-30.45,21.91
3.4209,-0.7061,0.9004,-0.2733,34.02,-30.80,21.63
3.4209,-0.7071,0.8965,-0.2713,34.58,-30.31,23.03
3.4210,-0.7076,0.8935,-0.2664,34.37,-30.66,22.68
3.4211,-0.7061,0.8891,-0.2679,34.79,-30.38,23.66
3.4211,-0.7076,0.8843,-0.2723,34.37,-30.17,23.66
3.4212,-0.7071,0.8808,-0.2704,35.00,-29.68,24.57
3.4212,-0.7037,0.8789,-0.2694,34.79,-29.75,24.71
3.4213,-0.7022,0.8706,-0.2684,35.00,-29.75,25.20
3.4214,-0.7061,0.8628,-0.2635,34.65,-29.19,25.69
3.4214,-0.7052,0.8560,-0.2664,34.72,-28.28,27.02
3.4215,-0.7042,0.8501,-0.2630,34.86,-29.19,26.53
3.4215,-0.7027,0.8413,-0.2601,34.44,-29.26,27.16
3.4216,-0.7042,0.8359,-0.2606,34.51,-28.14,28.70
3.4216,-0.7047,0.8301,-0.2567,33.95,-28.49,28.07
3.4216,-0.7008,0.8228,-0.2552,34.30,-27.65,29.61
3.4217,-0.6959,0.8169,-0.2547,33.39,-28.00,28.56
3.4217,-0.6969,0.8120,-0.2542,34.09,-27.51,30.24
3.4218,-0.7013,0.8057,-0.2572,32.90,-27.58,29.47
3.4218,-0.7022,0.8032,-0.2547,33.60,-27.51,30.87
3.4218,-0.7003,0.7993,-0.2513,32.76,-27.37,30.31
3.4219,-0.7003,0.7915,-0.2513,32.83,-27.16,31.78
3.4219,-0.7017,0.7871,-0.2523,32.20,-27.02,31.08
3.4220,-0.7008,0.7842,-0.2484,32.13,-27.02,31.78
3.4220,-0.6988,0.7798,-0.2479,31.71,-26.32,32.13
3.4221,-0.6983,0.7769,-0.2508,31.71,-26.67,32.69
3.4221,-0.6978,0.7725,-0.2474,30.94,-26.25,32.55
3.4221,-0.6978,0.7706,-0.2460,30.80,-26.32,33.11
3.4222,-0.6974,0.7686,-0.2460,30.24,-26.39,32.90
3.4222,-0.6959,0.7623,-0.2455,30.24,-25.83,33.39
3.4223,-0.6969,0.7535,-0.2420,29.54,-25.27,33.81
3.4223,-0.6988,0.7486,-0.2445,29.05,-25.62,33.95
3.4227,-0.6974,0.7462,-0.2494,28.63,-25.62,34.09
3.4232,-0.6954,0.7408,-0.2460,28.35,-25.62,34.09
3.4236,-0.6934,0.7369,-0.2440,27.65,-25.27,34.86
3.4240,-0.6891,0.7320,-0.2435,27.23,-25.13,34.58
3.4244,-0.6881,0.7291,-0.2416,26.60,-25.13,35.42
3.4248,-0.6871,0.7257,-0.2381,26.32,-24.64,35.07
3.4253,-0.6852,0.7178,-0.2362,25.76,-25.13,35.42
3.4257,-0.6808,0.7130,-0.2367,25.27,-24.43,35.21
3.4261,-0.6812,0.7139,-0.2386,24.71,-24.64,35.98
3.4265,-0.6837,0.7086,-0.2381,24.22,-24.01,35.42
3.4270,-0.6822,0.6983,-0.2347,23.24,-24.22,36.40
3.4274,-0.6773,0.6974,-0.2323,22.89,-24.29,35.63
3.4278,-0.6686,0.6930,-0.2303,22.68,-23.94,36.40
3.4282,-0.6715,0.6881,-0.2294,21.56,-23.52,36.05
3.4286,-0.6764,0.6866,-0.2318,21.07,-23.59,36.47
3.4291,-0.6739,0.6730,-0.2308,19.81,-23.31,37.10
3.4295,-0.6793,0.6705,-0.2308,18.69,-23.31,36.05
3.4299,-0.6773,0.6671,-0.2289,18.76,-22.89,36.89
3.4303,-0.6720,0.6627,-0.2269,17.57,-22.68,36.12
3.4308,-0.6695,0.6627,-0.2279,17.29,-22.89,36.75
3.4315,-0.6705,0.6603,-0.2250,15.82,-22.75,36.40
3.4322,-0.6695,0.6544,-0.2201,15.96,-22.19,36.68
3.4329,-0.6676,0.6525,-0.2240,14.84,-22.47,36.33
3.4336,-0.6676,0.6495,-0.2274,14.42,-22.19,36.82
3.4343,-0.6676,0.6422,-0.2240,13.23,-22.12,36.47
3.4350,-0.6642,0.6407,-0.2201,12.81,-21.98,36.19
3.4357,-0.6651,0.6364,-0.2181,12.11,-21.77,36.61
3.4364,-0.6608,0.6290,-0.2186,11.20,-21.63,36.19
3.4371,-0.6568,0.6281,-0.2186,10.57,-21.21,36.33
3.4378,-0.6617,0.6285,-0.2162,9.45,-21.49,36.19
3.4385,-0.6637,0.6242,-0.2137,8.82,-21.42,35.77
3.4392,-0.6627,0.6183,-0.2142,8.12,-21.21,36.05
3.4399,-0.6588,0.6154,-0.2162,7.56,-21.21,35.21
3.4406,-0.6564,0.6100,-0.2147,6.44,-20.86,35.84
3.4413,-0.6593,0.6071,-0.2128,4.83,-20.79,35.00
3.4420,-0.6612,0.6056,-0.2113,4.27,-20.37,35.07
3.4427,-0.6588,0.6041,-0.2098,3.22,-20.09,35.07
3.4434,-0.6578,0.5993,-0.2084,2.87,-20.58,34.23
3.4442,-0.6568,0.5944,-0.2054,1.33,-19.39,34.86
3.4449,-0.6559,0.5895,-0.2074,0.98,-20.02,34.09
3.4454,-0.6559,0.5880,-0.2094,-0.21,-19.39,34.44
3.4460,-0.6568,0.5876,-0.2030,-0.49,-19.67,33.53
3.4465,-0.6559,0.5861,-0.1976,-1.82,-18.90,34.37
3.4471,-0.6549,0.5851,-0.1981,-2.38,-19.60,33.18
3.4476,-0.6554,0.5802,-0.1991,-3.08,-18.41,33.81
3.4482,-0.6539,0.5797,-0.2011,-4.13,-19.11,32.76
3.4487,-0.6520,0.5793,-0.2020,-4.83,-18.41,33.11
3.4493,-0.6539,0.5768,-0.1996,-5.88,-18.83,32.69
3.4498,-0.6534,0.5783,-0.1981,-6.23,-17.71,32.41
3.4504,-0.6525,0.5783,-0.1972,-7.77,-18.76,32.41
3.4509,-0.6529,0.5763,-0.1962,-7.35,-17.22,31.71
3.4515,-0.6525,0.5763,-0.1976,-9.24,-18.34,31.92
3.4520,-0.6529,0.5783,-0.2006,-8.89,-16.17,31.71
3.4526,-0.6554,0.5714,-0.2011,-10.78,-16.10,31.22
3.4531,-0.6505,0.5705,-0.1981,-12.11,-17.64,30.59
3.4536,-0.6476,0.5710,-0.1962,-12.67,-15.82,30.17
3.4542,-0.6495,0.5724,-0.1957,-13.09,-17.15,29.96
3.4547,-0.6525,0.5763,-0.1996,-14.63,-15.96,29.96
3.4553,-0.6505,0.5744,-0.1981,-14.42,-16.24,29.61
3.4558,-0.6481,0.5744,-0.1981,-16.17,-15.89,29.19
3.4563,-0.6481,0.5797,-0.2020,-15.47,-15.54,28.91
3.4568,-0.6500,0.5846,-0.2020,-17.85,-15.54,28.77
3.4573,-0.6500,0.5885,-0.2011,-17.15,-15.12,28.49
3.4577,-0.6500,0.5885,-0.1996,-18.97,-15.54,27.93
3.4582,-0.6510,0.5861,-0.2015,-18.76,-14.28,28.28
3.4587,-0.6490,0.5841,-0.2040,-20.09,-14.84,27.23
3.4592,-0.6486,0.5802,-0.2050,-20.30,-14.49,27.58
3.4596,-0.6486,0.5832,-0.2035,-21.28,-14.56,26.60
3.4601,-0.6471,0.5905,-0.2011,-21.84,-14.07,26.95
3.4606,-0.6456,0.5944,-0.2064,-22.12,-14.14,26.39
3.4610,-0.6495,0.6017,-0.2079,-23.17,-13.79,26.53
3.4615,-0.6510,0.6080,-0.2084,-23.45,-13.09,25.90
3.4620,-0.6456,0.6061,-0.2084,-24.08,-13.02,26.11
3.4625,-0.6437,0.6041,-0.2074,-24.43,-13.02,25.41
3.4629,-0.6422,0.6032,-0.2079,-25.34,-12.81,25.20
3.4634,-0.6359,0.6061,-0.2035,-25.13,-12.81,24.92
3.4639,-0.6334,0.6129,-0.2045,-26.32,-12.32,24.50
3.4643,-0.6344,0.6202,-0.2074,-26.39,-12.39,24.22
3.4648,-0.6354,0.6290,-0.2045,-27.09,-11.90,23.66
3.4653,-0.6354,0.6359,-0.2020,-27.72,-12.11,23.45
3.4659,-0.6310,0.6378,-0.2069,-27.65,-11.62,22.82
3.4665,-0.6281,0.6398,-0.2079,-28.63,-11.90,22.33
3.4672,-0.6281,0.6471,-0.2040,-28.49,-11.20,21.98
3.4678,-0.6290,0.6520,-0.2035,-29.40,-10.99,21.77
3.4684,-0.6285,0.6564,-0.2050,-29.47,-10.71,21.07
3.4690,-0.6256,0.6632,-0.2098,-29.82,-10.78,20.51
3.4697,-0.6271,0.6725,-0.2108,-30.38,-10.57,20.09
3.4703,-0.6281,0.6749,-0.2059,-30.59,-10.43,19.74
3.4709,-0.6251,0.6730,-0.2069,-31.08,-10.15,19.04
3.4716,-0.6290,0.6764,-0.2113,-31.15,-10.50,18.41
3.4722,-0.6315,0.6773,-0.2137,-31.57,-9.38,17.99
3.4728,-0.6324,0.6783,-0.2176,-31.01,-9.66,17.50
3.4734,-0.6344,0.6847,-0.2167,-32.41,-9.52,17.08
3.4741,-0.6329,0.6895,-0.2133,-31.78,-9.24,16.24
3.4747,-0.6334,0.6934,-0.2113,-32.69,-9.24,15.54
3.4753,-0.6349,0.6959,-0.2084,-32.27,-8.96,15.82
3.4759,-0.6373,0.6944,-0.2098,-33.18,-9.10,14.28
3.4766,-0.6398,0.6954,-0.2137,-32.55,-8.12,14.98
3.4772,-0.6393,0.7013,-0.2181,-33.39,-8.54,12.95
3.4778,-0.6368,0.7037,-0.2206,-33.04,-8.05,13.65
3.4784,-0.6378,0.7061,-0.2196,-33.39,-8.26,12.39
3.4790,-0.6368,0.7091,-0.2191,-33.32,-7.70,12.53
3.4796,-0.6388,0.7110,-0.2157,-33.60,-8.19,11.20
3.4803,-0.6393,0.7125,-0.2172,-33.46,-7.28,11.27
3.4809,-0.6344,0.7135,-0.2216,-34.02,-7.14,10.15
3.4815,-0.6290,0.7174,-0.2206,-33.67,-6.79,10.08
3.4821,-0.6276,0.7242,-0.2176,-33.95,-6.93,9.24
3.4827,-0.6266,0.7276,-0.2191,-33.60,-6.79,8.96
3.4833,-0.6232,0.7281,-0.2206,-34.30,-6.93,8.19
3.4839,-0.6183,0.7325,-0.2191,-33.67,-6.44,7.77
3.4845,-0.6163,0.7383,-0.2172,-34.16,-6.58,7.35
3.4851,-0.6173,0.7422,-0.2186,-33.95,-5.88,6.86
3.4857,-0.6129,0.7447,-0.2172,-34.09,-6.16,6.30
3.4863,-0.6110,0.7491,-0.2152,-33.95,-5.53,5.60
3.4869,-0.6110,0.7544,-0.2216,-33.74,-5.88,5.25
3.4875,-0.6144,0.7593,-0.2216,-33.60,-5.39,4.62
3.4881,-0.6134,0.7642,-0.2181,-33.88,-5.53,4.27
3.4888,-0.6090,0.7657,-0.2201,-33.53,-5.32,3.50
3.4894,-0.6100,0.7706,-0.2216,-33.46,-5.11,3.15
3.4900,-0.6129,0.7779,-0.2220,-33.32,-4.90,2.17
3.4914,-0.6149,0.7828,-0.2225,-32.97,-5.25,1.82
3.4929,-0.6139,0.7876,-0.2211,-33.04,-4.69,1.54
3.4944,-0.6139,0.7896,-0.2245,-32.62,-4.55,0.84
3.4959,-0.6149,0.7954,-0.2245,-33.04,-4.20,0.07
3.4974,-0.6149,0.8003,-0.2245,-32.55,-4.41,-0.49
3.4988,-0.6178,0.8032,-0.2308,-32.55,-4.20,-1.05
3.5003,-0.6154,0.8072,-0.2308,-32.13,-3.99,-1.75
3.5018,-0.6120,0.8125,-0.2308,-31.99,-4.13,-2.73
3.5033,-0.6090,0.8159,-0.2338,-31.50,-3.15,-2.73
3.5047,-0.6105,0.8223,-0.2367,-31.78,-3.78,-4.27
3.5062,-0.6134,0.8316,-0.2352,-31.22,-3.01,-4.20
3.5077,-0.6105,0.8369,-0.2416,-31.01,-3.99,-6.02
3.5092,-0.6071,0.8428,-0.2430,-30.73,-3.01,-5.60
3.5106,-0.6071,0.8481,-0.2377,-30.24,-3.85,-7.84
3.5121,-0.6080,0.8506,-0.2425,-30.45,-3.08,-7.28
3.5136,-0.6095,0.8530,-0.2450,-29.96,-3.64,-9.52
3.5151,-0.6124,0.8608,-0.2460,-29.54,-2.73,-9.03
3.5166,-0.6124,0.8657,-0.2499,-29.61,-3.57,-10.85
3.5180,-0.6129,0.8647,-0.2552,-28.70,-2.87,-10.92
3.5195,-0.6144,0.8657,-0.2567,-28.77,-3.22,-12.39
3.5196,-0.6154,0.8691,-0.2572,-27.86,-2.66,-13.09
3.5196,-0.6124,0.8740,-0.2601,-28.42,-3.64,-14.35
3.5197,-0.6129,0.8769,-0.2645,-27.23,-2.38,-14.49
3.5197,-0.6173,0.8784,-0.2640,-27.65,-3.36,-15.75
3.5198,-0.6188,0.8804,-0.2611,-26.60,-2.52,-16.66
3.5199,-0.6168,0.8813,-0.2640,-27.23,-2.45,-17.29
3.5199,-0.6183,0.8813,-0.2625,-26.25,-2.94,-18.69
3.5200,-0.6168,0.8799,-0.2635,-26.04,-2.38,-18.90
3.5201,-0.6154,0.8784,-0.2660,-25.90,-2.80,-20.44
3.5201,-0.6173,0.8774,-0.2630,-25.20,-1.96,-20.44
3.5202,-0.6188,0.8769,-0.2650,-24.92,-2.73,-21.84
3.5202,-0.6198,0.8789,-0.2674,-24.43,-2.03,-22.19
3.5203,-0.6188,0.8774,-0.2660,-24.36,-2.73,-23.45
3.5204,-0.6163,0.8750,-0.2704,-23.66,-1.75,-23.80
3.5204,-0.6144,0.8721,-0.2738,-23.73,-2.80,-25.13
3.5205,-0.6134,0.8706,-0.2728,-22.96,-2.24,-25.62
3.5205,-0.6090,0.8701,-0.2747,-23.59,-2.31,-26.32
3.5206,-0.6061,0.8677,-0.2747,-22.12,-1.82,-26.81
3.5207,-0.6071,0.8672,-0.2704,-22.82,-2.52,-27.58
3.5207,-0.6056,0.8613,-0.2679,-21.98,-2.17,-28.21
3.5208,-0.6027,0.8579,-0.2699,-22.12,-2.31,-28.91
3.5209,-0.6027,0.8584,-0.2699,-21.49,-2.24,-29.54
3.5210,-0.6002,0.8560,-0.2708,-21.21,-2.31,-30.10
3.5212,-0.6002,0.8525,-0.2718,-21.00,-2.24,-30.52
3.5213,-0.6037,0.8496,-0.2674,-20.72,-1.89,-30.94
3.5214,-0.6037,0.8496,-0.2669,-21.07,-2.66,-32.20
3.5215,-0.5998,0.8486,-0.2669,-19.88,-2.24,-31.99
3.5216,-0.5954,0.8472,-0.2660,-20.37,-2.31,-33.04
3.5217,-0.5910,0.8418,-0.2694,-19.67,-1.82,-32.34
3.5218,-0.5866,0.8379,-0.2723,-19.81,-2.52,-34.23
3.5219,-0.5841,0.8403,-0.2723,-19.04,-2.31,-33.74
3.5220,-0.5846,0.8369,-0.2708,-19.67,-2.52,-34.51
3.5221,-0.5841,0.8335,-0.2713,-18.97,-2.31,-34.37
3.5222,-0.5812,0.8335,-0.2679,-19.11,-2.17,-35.28
3.5224,-0.5788,0.8301,-0.2640,-18.55,-2.31,-35.21
3.5225,-0.5768,0.8242,-0.2655,-18.20,-2.17,-35.56
3.5226,-0.5768,0.8233,-0.2704,-18.41,-2.52,-36.05
3.5227,-0.5749,0.8208,-0.2738,-18.41,-2.38,-36.33
3.5228,-0.5714,0.8159,-0.2723,-18.41,-2.59,-36.47
3.5229,-0.5680,0.8169,-0.2708,-17.43,-2.80,-36.89
3.5235,-0.5666,0.8150,-0.2704,-18.06,-2.66,-36.89
3.5241,-0.5661,0.8081,-0.2689,-17.57,-3.08,-37.24
3.5246,-0.5558,0.8125,-0.2708,-17.64,-2.45,-37.45
3.5252,-0.5485,0.8218,-0.2723,-17.15,-3.50,-37.66
3.5258,-0.5495,0.8311,-0.2738,-17.43,-2.59,-37.45
3.5264,-0.5588,0.8301,-0.2752,-17.22,-2.94,-37.73
3.5269,-0.5675,0.8267,-0.2752,-17.22,-3.64,-38.08
3.5275,-0.5744,0.8223,-0.2718,-16.73,-3.29,-38.50
3.5281,-0.5812,0.8150,-0.2743,-16.94,-3.85,-38.64
3.5287,-0.5880,0.8120,-0.2811,-16.66,-3.15,-38.29
3.5292,-0.5949,0.8130,-0.2821,-16.73,-3.85,-38.78
3.5298,-0.5978,0.8096,-0.2811,-16.38,-3.64,-38.22
3.5304,-0.5968,0.8032,-0.2840,-16.73,-3.78,-38.85
3.5310,-0.5973,0.7998,-0.2899,-16.24,-3.57,-38.78
3.5315,-0.5978,0.7998,-0.2908,-16.52,-3.64,-38.85
3.5321,-0.5954,0.7974,-0.2899,-16.38,-4.06,-38.78
3.5327,-0.5890,0.7945,-0.2879,-16.17,-3.50,-38.50
3.5333,-0.5856,0.7979,-0.2835,-16.52,-3.85,-38.43
3.5338,-0.5856,0.8032,-0.2869,-16.24,-3.57,-38.43
3.5344,-0.5846,0.8052,-0.2894,-16.87,-4.34,-38.57
3.5356,-0.5822,0.8003,-0.2889,-15.82,-3.99,-38.29
3.5367,-0.5802,0.7974,-0.2884,-16.59,-4.41,-38.50
3.5378,-0.5802,0.7979,-0.2889,-16.10,-3.64,-37.66
3.5389,-0.5734,0.8032,-0.2899,-15.96,-3.43,-37.17
3.5401,-0.5724,0.8067,-0.2889,-16.80,-4.97,-38.29
3.5412,-0.5744,0.8086,-0.2869,-16.10,-3.99,-36.96
3.5423,-0.5734,0.8042,-0.2840,-16.31,-5.11,-37.80
3.5435,-0.5714,0.8023,-0.2855,-16.10,-3.71,-36.33
3.5446,-0.5710,0.8067,-0.2865,-16.87,-5.25,-37.38
3.5457,-0.5680,0.8072,-0.2821,-16.17,-4.27,-35.91
3.5469,-0.5685,0.8062,-0.2811,-16.73,-4.90,-36.82
3.5480,-0.5734,0.8067,-0.2821,-16.31,-4.55,-35.70
3.5491,-0.5739,0.8081,-0.2835,-16.87,-4.90,-35.70
3.5503,-0.5729,0.8115,-0.2855,-16.24,-4.62,-35.14
3.5514,-0.5734,0.8120,-0.2845,-16.38,-4.76,-35.14
3.5525,-0.5729,0.8101,-0.2811,-16.52,-4.97,-34.86
3.5537,-0.5695,0.8096,-0.2811,-16.59,-5.04,-34.65
3.5548,-0.5690,0.8091,-0.2835,-16.73,-4.76,-34.16
3.5559,-0.5719,0.8091,-0.2816,-16.59,-4.48,-33.32
3.5571,-0.5729,0.8086,-0.2830,-16.59,-5.32,-33.88
3.5576,-0.5749,0.8091,-0.2830,-16.31,-4.20,-32.76
3.5581,-0.5793,0.8115,-0.2821,-16.17,-3.71,-31.50
3.5587,-0.5807,0.8106,-0.2811,-17.08,-5.53,-32.41
3.5592,-0.5822,0.8091,-0.2840,-16.17,-3.85,-30.73
3.5598,-0.5832,0.8081,-0.2860,-17.36,-5.88,-31.92
3.5603,-0.5866,0.8106,-0.2874,-16.31,-4.13,-30.31
3.5609,-0.5905,0.8101,-0.2894,-17.29,-4.97,-30.87
3.5614,-0.5929,0.8086,-0.2874,-16.66,-4.41,-29.61
3.5620,-0.5949,0.8115,-0.2913,-17.22,-4.48,-29.82
3.5625,-0.5973,0.8159,-0.2928,-16.94,-4.34,-28.98
3.5631,-0.5934,0.8130,-0.2884,-17.01,-4.62,-28.70
3.5636,-0.5929,0.8081,-0.2889,-17.08,-4.48,-28.21
3.5642,-0.5949,0.8067,-0.2884,-17.15,-4.20,-28.07
3.5647,-0.5958,0.8062,-0.2904,-17.22,-4.34,-27.51
3.5653,-0.6012,0.8081,-0.2957,-17.01,-3.78,-26.67
3.5658,-0.6022,0.8086,-0.2982,-17.43,-4.41,-26.74
3.5664,-0.5993,0.8076,-0.2962,-16.80,-3.71,-25.83
3.5669,-0.5968,0.8076,-0.2948,-17.92,-3.99,-25.83
3.5674,-0.5988,0.8081,-0.2967,-16.87,-3.36,-24.85
3.5680,-0.6017,0.8111,-0.2991,-17.64,-4.13,-24.92
3.5685,-0.6066,0.8130,-0.3001,-17.08,-3.36,-23.73
3.5691,-0.6105,0.8130,-0.3006,-17.71,-3.71,-24.15
3.5697,-0.6100,0.8120,-0.2972,-16.87,-2.38,-22.68
3.5702,-0.6110,0.8198,-0.2967,-17.99,-3.85,-23.66
3.5708,-0.6139,0.8242,-0.3021,-17.15,-2.03,-21.42
3.5713,-0.6149,0.8184,-0.3026,-17.92,-2.94,-22.68
3.5719,-0.6159,0.8169,-0.3040,-17.22,-2.03,-20.30
3.5724,-0.6212,0.8184,-0.3070,-17.71,-2.59,-21.91
3.5730,-0.6242,0.8237,-0.3055,-17.50,-1.75,-19.53
3.5736,-0.6232,0.8267,-0.3050,-17.50,-1.96,-21.21
3.5741,-0.6251,0.8291,-0.3094,-17.43,-1.33,-18.90
3.5747,-0.6305,0.8330,-0.3113,-17.36,-1.68,-20.02
3.5752,-0.6354,0.8379,-0.3084,-17.36,-1.19,-18.48
3.5758,-0.6349,0.8418,-0.3040,-17.22,-1.05,-19.18
3.5763,-0.6354,0.8452,-0.3035,-17.43,-0.91,-17.57
3.5769,-0.6359,0.8462,-0.3074,-17.22,-0.07,-17.64
3.5775,-0.6349,0.8457,-0.3109,-17.22,-0.63,-17.57
3.5780,-0.6412,0.8501,-0.3128,-17.22,0.35,-16.45
3.5786,-0.6437,0.8550,-0.3138,-16.80,0.07,-17.08
3.5791,-0.6398,0.8594,-0.3167,-17.29,0.70,-15.75
3.5797,-0.6505,0.8662,-0.3143,-16.38,0.49,-16.52
3.5803,-0.6515,0.8686,-0.3177,-16.45,0.91,-15.89
3.5809,-0.6515,0.8725,-0.3206,-16.31,2.24,-14.14
3.5815,-0.6495,0.8755,-0.3226,-16.31,1.75,-15.33
3.5820,-0.6495,0.8755,-0.3201,-16.38,2.52,-13.79
3.5826,-0.6529,0.8808,-0.3216,-16.03,3.01,-14.07
3.5832,-0.6544,0.8862,-0.3240,-15.68,2.73,-13.65
3.5838,-0.6544,0.8857,-0.3250,-15.89,3.50,-13.37
3.5844,-0.6549,0.8867,-0.3304,-15.26,3.01,-13.09
3.5850,-0.6539,0.8926,-0.3372,-15.33,4.27,-12.46
3.5855,-0.6481,0.8916,-0.3392,-14.98,3.43,-13.23
3.5861,-0.6476,0.8916,-0.3372,-15.19,5.18,-11.76
3.5867,-0.6500,0.8969,-0.3396,-14.63,4.55,-12.60
3.5873,-0.6539,0.9004,-0.3421,-14.56,5.32,-11.20
3.5879,-0.6568,0.9101,-0.3401,-14.00,5.18,-12.11
3.5884,-0.6588,0.9140,-0.3387,-13.72,6.23,-10.64
3.5890,-0.6603,0.9126,-0.3396,-13.93,6.02,-11.48
3.5896,-0.6564,0.9145,-0.3392,-13.30,7.00,-11.06
3.5902,-0.6593,0.9155,-0.3421,-12.60,7.07,-10.15
3.5908,-0.6608,0.9155,-0.3431,-13.02,7.56,-10.57
3.5922,-0.6612,0.9174,-0.3445,-11.83,7.77,-9.59
3.5937,-0.6588,0.9238,-0.3450,-12.53,8.19,-10.08
3.5951,-0.6549,0.9267,-0.3421,-11.06,8.40,-9.80
3.5966,-0.6525,0.9238,-0.3445,-11.97,9.24,-9.52
3.5980,-0.6471,0.9218,-0.3489,-10.85,9.10,-8.89
3.5995,-0.6451,0.9238,-0.3484,-11.20,9.66,-9.24
3.6010,-0.6451,0.9252,-0.3484,-10.36,9.87,-8.54
3.6024,-0.6437,0.9243,-0.3484,-10.08,9.87,-8.96
3.6039,-0.6417,0.9204,-0.3504,-10.15,10.92,-8.19
3.6053,-0.6398,0.9209,-0.3499,-9.52,10.43,-8.61
3.6068,-0.6378,0.9233,-0.3499,-9.73,11.62,-7.77
3.6082,-0.6364,0.9248,-0.3499,-8.89,11.48,-8.12
3.6097,-0.6393,0.9272,-0.3523,-8.89,12.11,-7.56
3.6111,-0.6407,0.9306,-0.3543,-8.19,11.97,-7.70
3.6126,-0.6417,0.9340,-0.3543,-8.26,12.88,-7.28
3.6140,-0.6427,0.9365,-0.3518,-7.56,12.81,-7.07
3.6155,-0.6407,0.9384,-0.3489,-7.14,13.86,-7.21
3.6170,-0.6407,0.9394,-0.3494,-7.00,13.51,-6.51
3.6184,-0.6407,0.9423,-0.3518,-6.65,14.21,-7.00
3.6199,-0.6393,0.9438,-0.3548,-6.16,13.86,-6.44
3.6200,-0.6412,0.9443,-0.3518,-5.81,14.98,-6.79
3.6201,-0.6398,0.9472,-0.3499,-5.46,14.56,-6.51
3.6202,-0.6378,0.9506,-0.3499,-4.69,15.54,-6.58
3.6203,-0.6403,0.9516,-0.3528,-5.04,15.54,-6.51
3.6204,-0.6388,0.9555,-0.3528,-4.20,16.31,-6.37
3.6205,-0.6403,0.9579,-0.3538,-3.92,15.89,-6.86
3.6206,-0.6442,0.9589,-0.3567,-3.29,16.66,-6.58
3.6207,-0.6466,0.9628,-0.3567,-3.15,16.52,-7.07
3.6208,-0.6486,0.9662,-0.3562,-2.73,17.15,-6.51
3.6209,-0.6451,0.9711,-0.3548,-2.31,17.22,-7.77
3.6210,-0.6403,0.9745,-0.3533,-1.89,17.78,-6.65
3.6211,-0.6437,0.9789,-0.3562,-1.54,18.41,-7.84
3.6212,-0.6490,0.9804,-0.3567,-0.91,17.99,-7.56
3.6213,-0.6495,0.9809,-0.3553,-0.49,18.83,-8.26
3.6214,-0.6515,0.9828,-0.3577,-0.35,18.62,-8.19
3.6215,-0.6568,0.9814,-0.3606,0.21,19.32,-8.96
3.6216,-0.6608,0.9848,-0.3592,0.91,19.67,-8.68
3.6217,-0.6612,0.9902,-0.3562,0.91,20.23,-9.52
3.6218,-0.6647,0.9921,-0.3562,1.47,20.30,-9.59
3.6219,-0.6710,0.9926,-0.3567,1.89,20.65,-10.57
3.6219,-0.6739,0.9955,-0.3587,2.59,21.21,-10.36
3.6220,-0.6773,0.9994,-0.3606,2.66,21.00,-11.48
3.6220,-0.6788,1.0048,-0.3601,3.36,21.70,-11.69
3.6220,-0.6759,1.0097,-0.3621,3.36,21.42,-12.39
3.6221,-0.6754,1.0106,-0.3606,4.13,22.61,-12.60
3.6221,-0.6730,1.0146,-0.3572,4.34,21.98,-13.44
3.6222,-0.6710,1.0199,-0.3518,4.83,23.03,-14.00
3.6222,-0.6720,1.0219,-0.3450,5.18,22.82,-14.42
3.6223,-0.6671,1.0224,-0.3436,6.16,23.66,-15.26
3.6223,-0.6617,1.0194,-0.3411,6.16,23.73,-15.61
3.6223,-0.6588,1.0131,-0.3387,6.58,24.15,-16.59
3.6224,-0.6598,1.0121,-0.3377,7.28,24.43,-16.66
3.6224,-0.6608,1.0136,-0.3353,7.77,24.71,-17.99
3.6225,-0.6603,1.0150,-0.3309,7.77,25.13,-17.92
3.6225,-0.6608,1.0194,-0.3260,8.19,25.13,-19.39
3.6226,-0.6588,1.0194,-0.3187,8.75,25.83,-18.83
3.6226,-0.6564,1.0185,-0.3128,9.03,25.76,-20.44
3.6227,-0.6573,1.0204,-0.3118,9.87,26.18,-20.44
3.6227,-0.6588,1.0185,-0.3123,10.01,25.97,-21.56
3.6227,-0.6598,1.0175,-0.3065,10.22,27.02,-22.05
3.6233,-0.6603,1.0204,-0.3021,10.71,26.60,-22.82
3.6239,-0.6632,1.0228,-0.3026,11.06,27.44,-23.17
3.6245,-0.6608,1.0228,-0.3035,11.27,27.23,-23.87
3.6251,-0.6564,1.0189,-0.3030,12.04,28.00,-24.50
3.6257,-0.6520,1.0146,-0.3001,11.90,27.86,-25.27
3.6263,-0.6490,1.0097,-0.2938,12.74,28.28,-25.83
3.6269,-0.6515,1.0063,-0.2894,12.60,28.49,-25.97
3.6275,-0.6529,1.0043,-0.2923,13.51,29.33,-27.16
3.6281,-0.6490,0.9989,-0.2913,13.51,29.40,-27.02
3.6287,-0.6481,0.9941,-0.2830,13.79,29.19,-28.14
3.6293,-0.6490,0.9872,-0.2816,14.14,29.54,-28.42
3.6299,-0.6495,0.9799,-0.2786,14.14,30.10,-29.12
3.6305,-0.6354,0.9682,-0.2786,14.84,30.31,-28.70
3.6311,-0.6349,0.9599,-0.2777,15.40,30.73,-29.89
3.6317,-0.6305,0.9536,-0.2796,14.98,30.52,-31.08
3.6323,-0.6281,0.9492,-0.2767,15.47,31.22,-30.66
3.6329,-0.6207,0.9438,-0.2782,15.47,30.94,-31.78
3.6335,-0.6163,0.9340,-0.2777,15.89,31.71,-31.43
3.6341,-0.6144,0.9282,-0.2752,15.89,31.78,-31.78
3.6347,-0.6129,0.9252,-0.2772,16.38,32.27,-32.13
3.6353,-0.6110,0.9213,-0.2777,15.96,31.85,-32.41
3.6359,-0.6056,0.9174,-0.2777,16.59,31.99,-32.76
3.6365,-0.5993,0.9135,-0.2767,16.31,32.27,-32.55
3.6371,-0.6007,0.9096,-0.2752,16.17,32.90,-33.11
3.6378,-0.6007,0.8994,-0.2757,16.66,32.41,-32.69
3.6384,-0.5954,0.8882,-0.2752,16.03,32.90,-33.88
3.6390,-0.5939,0.8833,-0.2733,16.73,32.83,-32.62
3.6396,-0.5900,0.8769,-0.2694,16.31,33.25,-33.88
3.6402,-0.5856,0.8691,-0.2674,16.52,33.04,-32.97
3.6408,-0.5822,0.8642,-0.2684,16.31,32.90,-33.88
3.6414,-0.5817,0.8560,-0.2679,16.80,33.67,-32.76
3.6421,-0.5802,0.8491,-0.2650,15.89,33.32,-33.88
3.6427,-0.5768,0.8433,-0.2630,16.73,33.95,-32.48
3.6433,-0.5763,0.8325,-0.2591,15.89,33.95,-33.46
3.6439,-0.5749,0.8228,-0.2591,16.03,34.44,-32.69
3.6445,-0.5734,0.8145,-0.2601,15.40,33.88,-33.25
3.6451,-0.5705,0.8076,-0.2616,16.10,34.30,-32.48
3.6457,-0.5651,0.8028,-0.2635,15.19,33.95,-32.90
3.6464,-0.5636,0.7984,-0.2611,15.33,34.37,-32.41
3.6470,-0.5612,0.7950,-0.2591,14.84,33.67,-32.55
3.6475,-0.5583,0.7906,-0.2586,15.26,34.65,-31.92
3.6481,-0.5578,0.7818,-0.2577,14.35,34.23,-32.06
3.6487,-0.5514,0.7745,-0.2586,14.28,34.79,-31.64
3.6492,-0.5451,0.7710,-0.2591,13.79,34.37,-31.64
3.6498,-0.5495,0.7681,-0.2572,13.58,35.14,-31.22
3.6503,-0.5510,0.7623,-0.2586,13.44,34.23,-31.43
3.6509,-0.5456,0.7559,-0.2591,13.02,35.00,-31.15
3.6515,-0.5407,0.7520,-0.2586,12.88,34.44,-31.08
3.6520,-0.5373,0.7462,-0.2562,12.11,34.72,-30.94
3.6526,-0.5397,0.7418,-0.2542,12.18,34.37,-30.73
3.6531,-0.5407,0.7398,-0.2557,11.20,34.58,-30.87
3.6537,-0.5378,0.7349,-0.2533,11.90,34.72,-30.24
3.6543,-0.5353,0.7281,-0.2533,10.15,34.37,-30.80
3.6548,-0.5348,0.7213,-0.2538,10.85,35.21,-29.75
3.6554,-0.5334,0.7159,-0.2523,9.45,34.09,-30.73
3.6559,-0.5339,0.7120,-0.2547,9.59,34.65,-29.68
3.6565,-0.5344,0.7120,-0.2542,8.47,34.30,-30.80
3.6571,-0.5309,0.7086,-0.2562,8.75,34.72,-29.54
3.6576,-0.5295,0.7047,-0.2591,7.63,34.09,-30.38
3.6582,-0.5270,0.7037,-0.2567,7.56,34.30,-29.61
3.6588,-0.5222,0.7017,-0.2577,6.86,34.23,-30.03
3.6593,-0.5192,0.6978,-0.2591,6.72,33.81,-29.96
3.6599,-0.5178,0.6920,-0.2586,5.74,34.23,-29.89
3.6605,-0.5124,0.6852,-0.2586,5.53,33.95,-29.82
3.6610,-0.5065,0.6783,-0.2567,4.69,33.95,-29.54
3.6616,-0.5031,0.6803,-0.2552,4.27,33.88,-29.68
3.6622,-0.4992,0.6788,-0.2582,3.85,33.74,-29.40
3.6627,-0.4929,0.6705,-0.2596,3.43,33.46,-29.26
3.6633,-0.4909,0.6676,-0.2586,2.66,33.18,-29.12
3.6639,-0.4939,0.6676,-0.2547,2.03,33.46,-29.40
3.6645,-0.4914,0.6656,-0.2557,1.82,32.55,-28.70
3.6650,-0.4890,0.6666,-0.2606,0.49,32.62,-29.26
3.6656,-0.4895,0.6656,-0.2616,0.56,32.97,-28.35
3.6662,-0.4870,0.6647,-0.2621,-0.35,32.20,-28.98
3.6667,-0.4865,0.6671,-0.2645,-0.49,32.76,-28.14
3.6673,-0.4895,0.6666,-0.2679,-1.19,32.13,-28.42
3.6679,-0.4895,0.6656,-0.2694,-1.33,32.34,-27.72
3.6684,-0.4870,0.6671,-0.2723,-2.38,31.57,-28.49
3.6690,-0.4870,0.6710,-0.2743,-2.31,32.27,-27.30
3.6696,-0.4885,0.6744,-0.2762,-3.08,31.50,-28.28
3.6702,-0.4904,0.6744,-0.2772,-3.92,31.64,-27.23
3.6708,-0.4934,0.6730,-0.2791,-4.13,31.15,-28.21
3.6715,-0.4934,0.6739,-0.2816,-4.83,31.29,-27.16
3.6721,-0.4914,0.6749,-0.2816,-5.11,31.01,-27.86
3.6727,-0.4924,0.6739,-0.2889,-5.53,30.94,-27.16
3.6734,-0.4953,0.6798,-0.2908,-6.02,30.94,-27.51
3.6740,-0.4963,0.6871,-0.2918,-6.72,30.59,-27.58
3.6746,-0.4973,0.6900,-0.2957,-6.86,30.59,-27.37
3.6752,-0.4968,0.6910,-0.3050,-7.70,29.96,-27.72
3.6759,-0.4958,0.6915,-0.2996,-8.47,29.68,-27.86
3.6765,-0.4939,0.6978,-0.2957,-8.82,29.68,-27.72
3.6771,-0.4929,0.7037,-0.2987,-9.45,29.40,-27.79
3.6778,-0.4973,0.7081,-0.3050,-9.59,29.33,-27.93
3.6784,-0.4997,0.7149,-0.3099,-9.66,29.33,-28.14
3.6790,-0.4978,0.7178,-0.3060,-10.29,29.26,-27.72
3.6796,-0.4924,0.7203,-0.3070,-10.36,28.91,-28.56
3.6803,-0.4856,0.7286,-0.3074,-11.27,28.63,-28.35
3.6809,-0.4860,0.7330,-0.3060,-11.06,28.28,-28.84
3.6815,-0.4885,0.7379,-0.3084,-11.69,28.14,-29.05
3.6822,-0.4880,0.7447,-0.3118,-11.76,28.42,-29.19
3.6826,-0.4880,0.7486,-0.3104,-12.04,27.93,-29.19
3.6831,-0.4856,0.7505,-0.3070,-12.32,28.14,-29.75
3.6835,-0.4821,0.7549,-0.3089,-12.46,27.30,-30.17
3.6840,-0.4836,0.7647,-0.3113,-12.95,27.44,-30.31
3.6844,-0.4821,0.7696,-0.3084,-13.09,27.44,-30.45
3.6849,-0.4797,0.7715,-0.3074,-13.37,26.67,-30.94
3.6854,-0.4821,0.7740,-0.3084,-13.23,27.16,-31.01
3.6858,-0.4846,0.7774,-0.3040,-13.51,26.32,-31.78
3.6863,-0.4846,0.7881,-0.3016,-13.58,27.23,-31.57
3.6867,-0.4826,0.7979,-0.3045,-14.28,25.76,-32.48
3.6872,-0.4836,0.8028,-0.3065,-13.51,26.81,-32.69
3.6877,-0.4826,0.8037,-0.3070,-14.14,25.20,-33.53
3.6881,-0.4826,0.8086,-0.3089,-14.07,26.32,-33.04
3.6886,-0.4836,0.8140,-0.3109,-14.35,25.20,-33.95
3.6890,-0.4875,0.8154,-0.3118,-14.07,25.83,-33.95
3.6895,-0.4875,0.8223,-0.3143,-14.42,25.06,-34.65
3.6899,-0.4851,0.8296,-0.3138,-14.14,24.92,-35.07
3.6904,-0.4860,0.8316,-0.3138,-14.42,24.99,-35.56
3.6909,-0.4880,0.8369,-0.3172,-14.35,24.64,-35.77
3.6913,-0.4895,0.8447,-0.3187,-14.14,25.06,-36.05
3.6928,-0.4890,0.8496,-0.3221,-14.21,24.43,-37.03
3.6943,-0.4929,0.8540,-0.3255,-13.65,24.29,-37.10
3.6958,-0.4934,0.8599,-0.3245,-14.21,23.80,-37.94
3.6973,-0.4904,0.8711,-0.3304,-13.72,24.36,-38.01
3.6988,-0.4919,0.8769,-0.3304,-13.93,23.66,-38.99
3.7003,-0.4914,0.8799,-0.3270,-13.23,23.66,-38.99
3.7018,-0.4870,0.8867,-0.3309,-13.16,23.38,-39.90
3.7033,-0.4831,0.8882,-0.3304,-13.09,23.45,-39.90
3.7048,-0.4826,0.8916,-0.3299,-12.88,23.52,-40.25
3.7063,-0.4792,0.8960,-0.3284,-12.53,23.24,-40.46
3.7078,-0.4724,0.8994,-0.3245,-12.60,22.54,-41.65
3.7093,-0.4685,0.9077,-0.3260,-12.25,22.68,-41.72
3.7108,-0.4699,0.9213,-0.3250,-11.97,22.68,-42.35
3.7123,-0.4665,0.9296,-0.3255,-11.83,22.05,-42.77
3.7138,-0.4641,0.9301,-0.3265,-11.20,22.26,-43.33
3.7153,-0.4636,0.9355,-0.3260,-11.20,21.63,-44.03
3.7168,-0.4577,0.9433,-0.3328,-10.64,21.84,-44.10
3.7183,-0.4582,0.9506,-0.3309,-10.22,21.28,-45.43
3.7198,-0.4621,0.9589,-0.3265,-9.80,21.56,-45.15
3.7213,-0.4612,0.9682,-0.3299,-9.66,20.65,-46.27
3.7213,-0.4602,0.9765,-0.3338,-8.89,21.14,-46.27
3.7214,-0.4621,0.9809,-0.3338,-8.89,20.16,-47.81
3.7215,-0.4636,0.9862,-0.3338,-8.19,20.65,-47.04
3.7216,-0.4626,0.9936,-0.3357,-7.70,20.16,-48.93
3.7216,-0.4636,0.9950,-0.3392,-7.07,19.95,-48.37
3.7217,-0.4660,0.9980,-0.3450,-7.07,19.81,-49.56
3.7218,-0.4685,1.0077,-0.3431,-6.09,19.25,-49.77
3.7219,-0.4709,1.0136,-0.3421,-6.02,19.53,-50.82
3.7219,-0.4743,1.0209,-0.3460,-4.97,19.04,-50.68
3.7220,-0.4719,1.0341,-0.3455,-4.76,19.32,-51.94
3.7221,-0.4695,1.0399,-0.3479,-3.92,18.76,-51.80
3.7221,-0.4695,1.0394,-0.3460,-3.78,19.04,-52.71
3.7222,-0.4612,1.0394,-0.3426,-2.73,17.92,-53.20
3.7223,-0.4553,1.0390,-0.3421,-2.38,18.34,-53.83
3.7224,-0.4524,1.0365,-0.3372,-1.82,17.36,-54.32
3.7224,-0.4490,1.0394,-0.3348,-1.19,18.06,-54.32
3.7225,-0.4494,1.0448,-0.3362,-0.63,17.22,-55.44
3.7226,-0.4504,1.0482,-0.3382,0.21,17.43,-55.23
3.7227,-0.4504,1.0526,-0.3372,0.49,17.01,-56.77
3.7227,-0.4499,1.0551,-0.3377,1.89,16.80,-56.14
3.7228,-0.4460,1.0590,-0.3372,1.61,16.94,-57.54
3.7229,-0.4465,1.0648,-0.3357,3.22,16.52,-56.98
3.7230,-0.4514,1.0702,-0.3357,3.22,16.66,-58.45
3.7231,-0.4519,1.0741,-0.3338,4.34,15.96,-57.89
3.7232,-0.4470,1.0795,-0.3357,4.48,15.89,-59.64
3.7233,-0.4446,1.0829,-0.3367,5.39,15.33,-58.94
3.7234,-0.4451,1.0838,-0.3367,6.30,15.33,-60.06
3.7235,-0.4455,1.0887,-0.3392,6.72,14.84,-59.71
3.7236,-0.4509,1.0897,-0.3416,7.84,15.33,-60.69
3.7237,-0.4514,1.0868,-0.3440,8.05,14.84,-60.41
3.7237,-0.4514,1.0878,-0.3421,9.10,14.98,-61.39
3.7238,-0.4538,1.0897,-0.3387,9.52,14.14,-61.46
3.7239,-0.4534,1.0878,-0.3401,11.13,15.05,-61.11
3.7240,-0.4577,1.0917,-0.3396,10.85,13.37,-62.44
3.7241,-0.4621,1.0980,-0.3392,12.32,14.70,-61.25
3.7242,-0.4568,1.0975,-0.3421,12.53,13.30,-63.35
3.7243,-0.4499,1.0985,-0.3426,13.58,13.72,-61.74
3.7244,-0.4504,1.0956,-0.3401,13.93,13.30,-63.42
3.7245,-0.4504,1.0907,-0.3372,15.12,13.65,-62.02
3.7246,-0.4475,1.0921,-0.3372,15.40,13.23,-63.84
3.7251,-0.4416,1.0941,-0.3392,16.31,12.60,-62.72
3.7257,-0.4368,1.0902,-0.3392,16.73,13.09,-63.91
3.7263,-0.4348,1.0897,-0.3323,17.78,12.39,-63.21
3.7268,-0.4348,1.0878,-0.3314,17.99,13.09,-63.70
3.7274,-0.4363,1.0882,-0.3294,19.18,11.41,-63.56
3.7280,-0.4402,1.0882,-0.3279,19.74,12.53,-63.28
3.7285,-0.4397,1.0863,-0.3289,20.58,11.76,-63.91
3.7291,-0.4377,1.0902,-0.3274,20.79,12.04,-63.28
3.7297,-0.4402,1.0902,-0.3289,21.84,11.27,-64.19
3.7302,-0.4421,1.0873,-0.3309,22.19,11.69,-62.93
3.7308,-0.4416,1.0878,-0.3289,23.31,11.06,-64.12
3.7313,-0.4421,1.0858,-0.3265,23.52,11.48,-62.09
3.7319,-0.4451,1.0819,-0.3314,24.50,10.78,-64.40
3.7325,-0.4436,1.0824,-0.3299,24.92,11.13,-61.88
3.7330,-0.4431,1.0785,-0.3299,25.62,10.64,-63.70
3.7336,-0.4460,1.0756,-0.3309,26.25,10.71,-61.53
3.7342,-0.4494,1.0760,-0.3289,26.60,10.29,-63.35
3.7347,-0.4504,1.0770,-0.3265,28.14,10.15,-61.53
3.7353,-0.4480,1.0746,-0.3284,27.44,10.22,-62.51
3.7359,-0.4470,1.0756,-0.3338,28.98,10.29,-60.76
3.7365,-0.4421,1.0751,-0.3367,28.56,10.15,-61.74
3.7371,-0.4348,1.0712,-0.3328,30.66,9.59,-60.34
3.7377,-0.4309,1.0677,-0.3270,29.96,9.94,-60.41
3.7384,-0.4294,1.0599,-0.3274,31.64,9.45,-60.41
3.7390,-0.4304,1.0477,-0.3240,32.13,8.75,-59.92
3.7396,-0.4294,1.0433,-0.3260,32.41,9.59,-58.10
3.7402,-0.4265,1.0448,-0.3270,33.11,8.54,-59.01
3.7409,-0.4270,1.0448,-0.3231,33.60,9.17,-56.98
3.7415,-0.4304,1.0433,-0.3216,33.88,8.26,-58.17
3.7421,-0.4309,1.0404,-0.3196,34.79,9.45,-55.58
3.7428,-0.4290,1.0409,-0.3167,34.58,8.19,-57.19
3.7434,-0.4338,1.0429,-0.3187,35.98,9.17,-54.25
3.7440,-0.4368,1.0385,-0.3162,35.28,7.84,-56.35
3.7446,-0.4387,1.0346,-0.3133,37.17,8.26,-53.48
3.7453,-0.4431,1.0365,-0.3138,36.05,7.77,-54.74
3.7459,-0.4460,1.0341,-0.3128,37.87,8.26,-52.43
3.7465,-0.4509,1.0272,-0.3113,36.96,8.12,-53.06
3.7472,-0.4514,1.0233,-0.3089,38.78,8.05,-51.45
3.7478,-0.4514,1.0228,-0.3074,38.15,7.91,-51.38
3.7484,-0.4534,1.0185,-0.3050,39.13,7.21,-50.75
3.7501,-0.4538,1.0126,-0.3050,39.13,7.63,-49.77
3.7518,-0.4568,1.0063,-0.3109,39.69,7.14,-49.42
3.7536,-0.4587,1.0019,-0.3109,39.62,8.12,-48.02
3.7553,-0.4582,1.0004,-0.3089,39.97,7.70,-48.16
3.7570,-0.4573,0.9989,-0.3030,40.81,8.61,-45.85
3.7587,-0.4602,0.9965,-0.2996,40.67,7.07,-46.90
3.7604,-0.4646,0.9936,-0.3026,41.65,8.05,-44.45
3.7622,-0.4631,0.9872,-0.3016,40.88,7.21,-45.57
3.7639,-0.4646,0.9794,-0.2967,42.35,8.05,-42.91
3.7656,-0.4665,0.9775,-0.2957,41.09,7.21,-44.31
3.7673,-0.4665,0.9736,-0.2943,42.63,7.70,-41.37
3.7690,-0.4695,0.9672,-0.2948,41.51,7.84,-42.14
3.7707,-0.4695,0.9653,-0.2967,42.98,7.21,-39.83
3.7725,-0.4709,0.9623,-0.2952,42.07,7.91,-40.18
3.7742,-0.4768,0.9604,-0.2962,43.26,7.35,-38.57
3.7759,-0.4812,0.9579,-0.2933,42.84,7.91,-38.29
3.7776,-0.4768,0.9560,-0.2899,43.19,7.35,-36.96
3.7793,-0.4734,0.9526,-0.2850,43.33,8.33,-36.19
3.7810,-0.4763,0.9448,-0.2786,43.47,7.49,-35.63
3.7828,-0.4758,0.9399,-0.2747,43.33,8.12,-34.51
3.7828,-0.4729,0.9296,-0.2786,43.68,7.42,-32.69
3.7829,-0.4729,0.9267,-0.2762,43.26,7.63,-32.97
3.7830,-0.4778,0.9199,-0.2704,43.75,8.19,-31.01
3.7830,-0.4817,0.9130,-0.2660,43.05,8.47,-30.94
3.7831,-0.4821,0.9082,-0.2684,44.38,7.49,-29.47
3.7832,-0.4812,0.9048,-0.2684,43.19,8.19,-29.40
3.7832,-0.4865,0.9028,-0.2650,43.89,7.77,-27.79
3.7833,-0.4885,0.8945,-0.2616,43.19,8.61,-27.72
3.7834,-0.4890,0.8833,-0.2630,43.82,8.05,-25.97
3.7835,-0.4895,0.8799,-0.2645,43.12,8.33,-25.90
3.7835,-0.4919,0.8760,-0.2601,43.61,8.33,-24.50
3.7836,-0.4934,0.8691,-0.2601,43.19,8.89,-23.94
3.7837,-0.4934,0.8642,-0.2611,43.12,8.19,-23.03
3.7837,-0.4953,0.8584,-0.2606,42.91,8.96,-22.40
3.7838,-0.4948,0.8525,-0.2601,42.56,8.75,-21.42
3.7839,-0.4968,0.8467,-0.2557,42.56,9.24,-20.44
3.7839,-0.5012,0.8384,-0.2523,42.14,8.89,-20.16
3.7840,-0.4992,0.8325,-0.2528,42.00,8.82,-18.83
3.7841,-0.4958,0.8286,-0.2562,41.65,9.45,-18.69
3.7841,-0.4934,0.8189,-0.2557,41.79,9.24,-16.80
3.7858,-0.4953,0.8120,-0.2533,40.95,9.87,-17.36
3.7874,-0.4992,0.8052,-0.2518,40.32,10.29,-15.26
3.7890,-0.5026,0.7974,-0.2518,40.11,9.52,-14.00
3.7906,-0.4997,0.7954,-0.2533,40.04,10.36,-13.65
3.7922,-0.4982,0.7906,-0.2499,39.48,9.73,-12.81
3.7938,-0.4992,0.7828,-0.2460,39.27,10.71,-11.76
3.7954,-0.4973,0.7793,-0.2455,38.57,10.22,-11.55
3.7970,-0.4939,0.7764,-0.2455,38.57,10.71,-10.50
3.7986,-0.4909,0.7725,-0.2416,38.01,10.36,-10.50
3.8002,-0.4939,0.7662,-0.2381,37.52,11.06,-8.82
3.8018,-0.4968,0.7564,-0.2425,36.96,10.29,-9.73
3.8034,-0.4982,0.7535,-0.2425,36.26,11.41,-7.77
3.8051,-0.4958,0.7535,-0.2401,36.19,11.13,-8.40
3.8067,-0.4943,0.7486,-0.2386,35.56,11.48,-6.65
3.8083,-0.4924,0.7413,-0.2347,35.42,11.34,-7.28
3.8099,-0.4885,0.7340,-0.2362,34.65,11.48,-5.67
3.8115,-0.4934,0.7296,-0.2352,33.88,11.97,-5.95
3.8131,-0.4973,0.7266,-0.2362,34.02,11.27,-5.32
3.8147,-0.4958,0.7188,-0.2347,32.48,11.27,-4.83
3.8163,-0.4958,0.7130,-0.2298,31.78,12.46,-3.85
3.8164,-0.4948,0.7115,-0.2279,31.43,11.27,-4.20
3.8164,-0.4929,0.7076,-0.2240,30.31,12.67,-3.15
3.8165,-0.4900,0.7013,-0.2245,30.31,11.62,-3.50
3.8166,-0.4856,0.6954,-0.2245,29.26,12.67,-2.94
3.8166,-0.4856,0.6866,-0.2250,28.84,12.04,-2.52
3.8167,-0.4860,0.6812,-0.2240,27.93,12.95,-2.38
3.8167,-0.4875,0.6808,-0.2196,27.51,12.32,-2.38
3.8168,-0.4865,0.6783,-0.2176,26.74,12.60,-1.89
3.8168,-0.4846,0.6744,-0.2176,25.97,13.16,-2.24
3.8169,-0.4856,0.6695,-0.2176,25.83,12.46,-1.61
3.8170,-0.4821,0.6637,-0.2152,24.50,12.74,-2.31
3.8170,-0.4797,0.6612,-0.2133,24.08,12.81,-1.40
3.8171,-0.4812,0.6603,-0.2167,23.17,13.16,-1.47
3.8171,-0.4802,0.6568,-0.2157,22.75,12.88,-1.75
3.8172,-0.4782,0.6525,-0.2157,21.56,13.86,-1.47
3.8173,-0.4758,0.6481,-0.2167,21.35,12.81,-1.47
3.8173,-0.4753,0.6427,-0.2123,20.09,13.44,-1.40
3.8174,-0.4763,0.6378,-0.2118,19.74,13.44,-1.61
3.8174,-0.4758,0.6354,-0.2137,18.90,13.51,-1.26
3.8175,-0.4763,0.6310,-0.2142,18.13,13.23,-2.24
3.8175,-0.4773,0.6276,-0.2162,17.57,13.44,-1.82
3.8176,-0.4773,0.6281,-0.2142,16.31,13.72,-2.10
3.8176,-0.4778,0.6266,-0.2089,16.03,13.16,-1.89
3.8176,-0.4753,0.6222,-0.2074,14.98,13.79,-2.52
3.8177,-0.4724,0.6217,-0.2054,14.42,13.72,-2.45
3.8177,-0.4724,0.6227,-0.2045,13.23,14.07,-2.45
3.8178,-0.4724,0.6232,-0.2035,12.74,13.44,-3.15
3.8178,-0.4724,0.6183,-0.2045,11.83,14.42,-2.73
3.8178,-0.4714,0.6129,-0.2035,11.20,13.65,-3.57
3.8179,-0.4680,0.6110,-0.1991,10.15,14.56,-3.15
3.8179,-0.4631,0.6085,-0.2011,9.66,13.65,-4.27
3.8179,-0.4607,0.6066,-0.2006,8.68,14.63,-3.50
3.8180,-0.4612,0.6061,-0.1976,8.19,13.30,-5.25
3.8180,-0.4592,0.6051,-0.1996,7.28,14.77,-3.99
3.8181,-0.4568,0.6041,-0.2001,6.23,13.72,-5.67
3.8181,-0.4538,0.6041,-0.1996,5.67,14.21,-4.83
3.8181,-0.4514,0.6012,-0.2001,4.55,13.86,-6.44
3.8182,-0.4534,0.5993,-0.1986,4.27,14.84,-4.83
3.8182,-0.4538,0.5988,-0.1976,3.01,13.44,-7.21
3.8183,-0.4509,0.5988,-0.1942,2.52,14.28,-6.16
3.8186,-0.4499,0.5983,-0.1952,1.47,14.07,-7.56
3.8190,-0.4485,0.5949,-0.1981,1.05,14.00,-7.14
3.8194,-0.4475,0.5954,-0.1981,-0.21,14.14,-8.19
3.8197,-0.4470,0.5958,-0.1947,-0.49,13.93,-8.26
3.8201,-0.4421,0.5949,-0.1947,-1.40,14.07,-8.82
3.8205,-0.4382,0.5934,-0.1976,-2.10,13.79,-9.10
3.8208,-0.4368,0.5929,-0.1981,-2.94,14.07,-9.31
3.8212,-0.4363,0.5939,-0.1976,-3.50,13.72,-10.29
3.8216,-0.4324,0.5949,-0.1986,-4.55,14.07,-10.36
3.8219,-0.4329,0.5949,-0.1981,-5.04,13.72,-10.99
3.8223,-0.4353,0.5954,-0.1967,-5.88,13.79,-11.27
3.8227,-0.4343,0.5993,-0.2015,-6.44,13.58,-11.97
3.8230,-0.4363,0.6007,-0.2020,-7.21,13.79,-11.76
3.8234,-0.4285,0.6027,-0.1976,-7.77,13.58,-13.02
3.8238,-0.4294,0.6032,-0.1952,-9.17,13.51,-14.00
3.8241,-0.4270,0.6037,-0.1928,-9.87,12.67,-14.21
3.8245,-0.4270,0.6080,-0.1918,-10.43,13.72,-14.70
3.8249,-0.4299,0.6066,-0.1947,-11.06,12.81,-15.19
3.8252,-0.4260,0.6037,-0.2001,-11.90,13.44,-15.05
3.8256,-0.4231,0.6076,-0.2001,-12.32,12.39,-16.66
3.8263,-0.4202,0.6056,-0.1962,-12.88,13.30,-15.82
3.8269,-0.4143,0.6037,-0.1937,-13.51,12.18,-17.36
3.8275,-0.4128,0.6115,-0.1908,-14.14,12.95,-16.94
3.8282,-0.4138,0.6144,-0.1884,-14.77,12.04,-18.34
3.8288,-0.4109,0.6163,-0.1918,-15.19,12.46,-17.64
3.8295,-0.4104,0.6212,-0.1937,-15.89,12.25,-19.46
3.8301,-0.4114,0.6246,-0.1923,-16.52,12.25,-18.90
3.8308,-0.4085,0.6261,-0.1952,-17.15,12.11,-19.46
3.8314,-0.4065,0.6300,-0.1923,-17.71,11.76,-20.16
3.8321,-0.4046,0.6334,-0.1893,-18.27,11.62,-20.72
3.8327,-0.4006,0.6320,-0.1913,-18.27,11.27,-20.86
3.8333,-0.3997,0.6324,-0.1898,-19.25,11.69,-21.21
3.8340,-0.4006,0.6339,-0.1898,-18.97,11.13,-21.70
3.8346,-0.4021,0.6344,-0.1928,-20.09,11.34,-21.77
3.8353,-0.4041,0.6403,-0.1908,-20.72,10.85,-22.75
3.8359,-0.4046,0.6432,-0.1869,-21.00,10.57,-23.03
3.8366,-0.4006,0.6466,-0.1854,-21.56,10.64,-23.31
3.8372,-0.3997,0.6539,-0.1864,-21.70,10.78,-23.87
3.8379,-0.3987,0.6554,-0.1864,-22.12,9.94,-23.80
3.8385,-0.3977,0.6539,-0.1854,-22.96,10.01,-24.57
3.8391,-0.3958,0.6559,-0.1874,-22.68,9.66,-24.50
3.8396,-0.3928,0.6612,-0.1864,-23.52,9.73,-25.27
3.8402,-0.3958,0.6676,-0.1898,-23.66,9.52,-25.13
3.8407,-0.3982,0.6715,-0.1908,-24.15,9.24,-25.83
3.8413,-0.3953,0.6783,-0.1889,-23.94,9.10,-25.69
3.8419,-0.3953,0.6793,-0.1903,-24.92,9.03,-26.32
3.8424,-0.3928,0.6803,-0.1928,-24.29,8.82,-26.11
3.8430,-0.3919,0.6881,-0.1952,-25.20,8.75,-26.46
3.8435,-0.3958,0.6900,-0.1967,-24.92,8.33,-27.09
3.8441,-0.3963,0.6910,-0.1952,-25.34,8.82,-26.88
3.8447,-0.3938,0.6964,-0.1923,-25.41,7.91,-27.58
3.8452,-0.3967,0.7003,-0.1942,-25.55,8.47,-27.09
3.8458,-0.3992,0.7032,-0.1952,-26.11,7.91,-27.65
3.8463,-0.3972,0.7061,-0.1952,-25.48,7.63,-27.65
3.8469,-0.3992,0.7115,-0.1972,-26.18,7.49,-27.86
3.8474,-0.4016,0.7144,-0.1972,-25.69,7.42,-28.00
3.8480,-0.3997,0.7203,-0.1976,-26.53,7.14,-28.28
3.8486,-0.3977,0.7232,-0.1981,-25.69,7.07,-28.42
3.8491,-0.4011,0.7247,-0.2001,-26.46,7.14,-28.56
3.8497,-0.4026,0.7296,-0.2001,-26.04,6.44,-28.70
3.8502,-0.4002,0.7320,-0.2020,-26.60,6.51,-28.56
3.8508,-0.4011,0.7408,-0.2074,-25.97,6.09,-28.84
3.8513,-0.3992,0.7476,-0.2064,-26.39,6.16,-28.91
3.8518,-0.3997,0.7476,-0.2040,-25.97,5.74,-28.98
3.8524,-0.4021,0.7505,-0.2059,-25.83,5.74,-29.05
3.8529,-0.4002,0.7544,-0.2098,-26.04,5.39,-29.19
3.8534,-0.3958,0.7618,-0.2133,-25.97,5.32,-29.12
3.8540,-0.3958,0.7647,-0.2152,-25.97,5.32,-28.98
3.8545,-0.3992,0.7657,-0.2118,-25.48,5.04,-28.98
3.8550,-0.3997,0.7686,-0.2123,-26.11,4.90,-29.05
3.8556,-0.3977,0.7696,-0.2162,-24.99,3.85,-29.47
3.8561,-0.3997,0.7730,-0.2176,-25.62,4.69,-29.19
3.8566,-0.4026,0.7745,-0.2162,-24.78,4.62,-28.56
3.8572,-0.4021,0.7808,-0.2176,-25.13,4.20,-29.33
3.8577,-0.4016,0.7857,-0.2201,-24.78,4.06,-28.28
3.8582,-0.4026,0.7867,-0.2201,-24.78,3.50,-29.54
3.8588,-0.4026,0.7906,-0.2235,-24.36,3.50,-28.07
3.8593,-0.4046,0.7915,-0.2235,-24.01,3.50,-29.33
3.8599,-0.4060,0.7925,-0.2176,-23.94,2.87,-28.07
3.8604,-0.4046,0.7945,-0.2172,-23.59,3.36,-28.91
3.8610,-0.4046,0.7993,-0.2216,-23.31,2.52,-28.35
3.8616,-0.4089,0.8018,-0.2225,-23.03,2.87,-28.35
3.8621,-0.4099,0.8028,-0.2240,-22.96,2.38,-27.86
3.8627,-0.4089,0.8057,-0.2230,-22.47,2.66,-27.93
3.8633,-0.4128,0.8072,-0.2206,-22.40,2.03,-27.72
3.8639,-0.4177,0.8106,-0.2216,-22.05,2.24,-27.23
3.8645,-0.4202,0.8164,-0.2240,-21.49,1.40,-27.93
3.8650,-0.4202,0.8194,-0.2274,-21.07,1.82,-26.67
3.8656,-0.4192,0.8179,-0.2274,-21.00,1.33,-27.23
3.8662,-0.4216,0.8223,-0.2245,-20.37,1.40,-27.02
3.8668,-0.4231,0.8242,-0.2284,-20.02,1.33,-25.90
3.8674,-0.4265,0.8296,-0.2342,-19.53,1.19,-26.04
3.8679,-0.4285,0.8335,-0.2357,-18.97,0.84,-25.48
3.8685,-0.4309,0.8379,-0.2401,-18.69,1.12,-25.48
3.8691,-0.4343,0.8398,-0.2386,-18.27,0.07,-24.78
3.8697,-0.4329,0.8428,-0.2342,-17.64,0.91,-25.06
3.8703,-0.4324,0.8447,-0.2377,-17.22,0.07,-24.29
3.8709,-0.4299,0.8413,-0.2367,-16.94,1.05,-24.08
3.8714,-0.4324,0.8428,-0.2367,-16.45,-0.14,-23.66
3.8720,-0.4358,0.8501,-0.2401,-16.17,0.28,-23.52
3.8726,-0.4421,0.8560,-0.2411,-15.40,-0.49,-23.38
3.8731,-0.4446,0.8560,-0.2411,-15.40,0.21,-22.54
3.8737,-0.4436,0.8574,-0.2420,-14.77,-0.28,-22.75
3.8742,-0.4504,0.8599,-0.2420,-14.28,-0.14,-22.19
3.8747,-0.4509,0.8608,-0.2406,-13.79,-0.07,-22.19
3.8753,-0.4499,0.8608,-0.2435,-13.51,-0.77,-21.49
3.8758,-0.4538,0.8608,-0.2464,-12.60,-0.14,-21.21
3.8764,-0.4568,0.8638,-0.2425,-12.53,-0.70,-20.86
3.8769,-0.4582,0.8638,-0.2440,-11.76,-0.42,-20.72
3.8775,-0.4587,0.8662,-0.2440,-11.62,-1.12,-20.23
3.8780,-0.4597,0.8691,-0.2513,-10.99,-0.91,-20.44
3.8786,-0.4616,0.8691,-0.2528,-10.22,-1.19,-19.81
3.8791,-0.4621,0.8667,-0.2513,-10.08,-0.77,-19.32
3.8797,-0.4626,0.8682,-0.2528,-9.38,-1.33,-19.18
3.8802,-0.4651,0.8716,-0.2489,-8.68,-0.77,-18.34
3.8808,-0.4660,0.8730,-0.2484,-8.40,-1.61,-19.04
3.8813,-0.4641,0.8725,-0.2518,-8.33,-0.77,-17.85
3.8818,-0.4656,0.8691,-0.2547,-7.35,-1.61,-18.13
3.8824,-0.4680,0.8711,-0.2596,-7.21,-1.68,-17.64
3.8829,-0.4724,0.8716,-0.2582,-6.58,-1.33,-17.15
3.8848,-0.4753,0.8740,-0.2533,-6.23,-1.75,-16.87
3.8866,-0.4763,0.8721,-0.2523,-5.53,-1.26,-16.52
3.8884,-0.4792,0.8682,-0.2557,-5.11,-2.10,-16.17
3.8902,-0.4817,0.8682,-0.2586,-4.76,-1.54,-15.89
3.8921,-0.4778,0.8652,-0.2586,-4.06,-1.68,-15.40
3.8939,-0.4768,0.8647,-0.2586,-3.92,-1.96,-15.47
3.8957,-0.4768,0.8642,-0.2625,-3.29,-1.89,-14.56
3.8976,-0.4870,0.8564,-0.2645,-2.45,-2.03,-14.00
3.8994,-0.4860,0.8569,-0.2660,-1.68,-1.47,-12.88
3.9012,-0.4865,0.8550,-0.2650,-1.61,-2.80,-14.21
3.9030,-0.4890,0.8545,-0.2645,-0.56,-1.75,-12.39
3.9049,-0.4900,0.8525,-0.2601,-1.12,-2.80,-13.58
3.9067,-0.4890,0.8511,-0.2625,0.07,-1.75,-11.41
3.9085,-0.4948,0.8481,-0.2640,-0.07,-2.73,-12.53
3.9104,-0.4982,0.8452,-0.2655,0.56,-2.10,-10.85
3.9122,-0.4982,0.8394,-0.2664,0.63,-2.94,-11.69
3.9140,-0.5012,0.8345,-0.2674,1.33,-2.38,-10.78
3.9158,-0.5046,0.8335,-0.2689,1.33,-2.38,-10.50
3.9177,-0.5061,0.8306,-0.2694,1.89,-3.08,-10.57
3.9195,-0.5017,0.8276,-0.2728,2.17,-2.66,-9.73
3.9196,-0.5012,0.8272,-0.2786,2.24,-3.22,-9.87
3.9196,-0.5031,0.8233,-0.2757,3.15,-2.38,-8.89
3.9197,-0.5036,0.8223,-0.2713,2.80,-3.15,-9.45
3.9197,-0.5036,0.8208,-0.2747,3.71,-2.94,-8.40
3.9198,-0.5046,0.8194,-0.2762,3.29,-3.71,-9.03
3.9198,-0.5065,0.8159,-0.2796,4.20,-2.66,-7.35
3.9199,-0.5046,0.8120,-0.2782,3.50,-3.29,-8.33
3.9200,-0.5075,0.8125,-0.2767,4.69,-3.36,-6.93
3.9200,-0.5100,0.8115,-0.2786,4.13,-3.57,-7.63
3.9201,-0.5075,0.8067,-0.2786,4.97,-3.36,-6.23
3.9201,-0.5104,0.7998,-0.2830,4.41,-3.78,-7.35
3.9202,-0.5168,0.8018,-0.2840,5.67,-3.85,-6.09
3.9202,-0.5163,0.8023,-0.2830,4.55,-3.85,-6.44
3.9203,-0.5148,0.7959,-0.2855,5.74,-3.92,-5.60
3.9204,-0.5158,0.7950,-0.2860,4.90,-4.41,-6.09
3.9204,-0.5148,0.7915,-0.2874,5.81,-3.71,-5.11
3.9205,-0.5139,0.7857,-0.2899,5.32,-4.48,-5.46
3.9205,-0.5148,0.7832,-0.2899,6.23,-4.34,-4.97
3.9206,-0.5183,0.7818,-0.2928,5.81,-4.55,-4.90
3.9206,-0.5207,0.7803,-0.2982,6.09,-4.27,-4.48
3.9207,-0.5192,0.7788,-0.2952,6.23,-4.62,-4.34
3.9207,-0.5226,0.7774,-0.2957,5.95,-5.04,-4.83
3.9208,-0.5241,0.7740,-0.2996,6.51,-4.62,-3.71
3.9208,-0.5187,0.7725,-0.3040,5.74,-5.88,-4.90
3.9208,-0.5236,0.7696,-0.3011,6.58,-4.41,-3.36
3.9209,-0.5295,0.7637,-0.2996,5.95,-5.74,-4.27
3.9209,-0.5266,0.7618,-0.3045,6.58,-5.39,-3.22
3.9209,-0.5261,0.7588,-0.3060,6.02,-6.09,-4.06
3.9210,-0.5275,0.7530,-0.3070,6.72,-5.60,-2.94
3.9210,-0.5285,0.7510,-0.3070,5.74,-6.58,-3.99
3.9210,-0.5285,0.7535,-0.3104,6.65,-5.60,-2.73
3.9211,-0.5319,0.7501,-0.3138,5.88,-6.44,-3.99
3.9211,-0.5339,0.7452,-0.3128,6.37,-5.95,-2.38
3.9212,-0.5339,0.7442,-0.3118,6.02,-6.72,-3.99
3.9212,-0.5339,0.7413,-0.3152,6.02,-6.16,-2.45
3.9212,-0.5358,0.7344,-0.3187,6.02,-6.93,-3.57
3.9213,-0.5358,0.7315,-0.3157,6.02,-6.65,-2.45
3.9213,-0.5353,0.7354,-0.3138,5.95,-7.07,-3.15
3.9213,-0.5373,0.7354,-0.3167,5.39,-7.28,-2.87
3.9214,-0.5427,0.7325,-0.3148,5.60,-7.49,-3.01
3.9223,-0.5451,0.7315,-0.3182,5.39,-7.84,-3.08
3.9232,-0.5470,0.7266,-0.3211,5.32,-7.35,-2.87
3.9241,-0.5490,0.7242,-0.3216,5.25,-7.63,-2.38
3.9250,-0.5500,0.7218,-0.3226,4.69,-8.19,-2.87
3.9259,-0.5495,0.7232,-0.3221,4.76,-8.19,-2.45
3.9267,-0.5505,0.7242,-0.3221,4.48,-8.82,-3.36
3.9276,-0.5485,0.7208,-0.3231,4.20,-8.75,-2.59
3.9285,-0.5490,0.7242,-0.3270,4.48,-9.03,-3.29
3.9294,-0.5505,0.7227,-0.3304,4.13,-8.89,-2.59
3.9303,-0.5524,0.7178,-0.3328,3.64,-9.66,-3.64
3.9312,-0.5539,0.7178,-0.3328,3.64,-9.31,-2.80
3.9321,-0.5514,0.7174,-0.3304,3.29,-10.08,-3.71
3.9330,-0.5514,0.7154,-0.3304,3.08,-10.15,-2.80
3.9339,-0.5514,0.7105,-0.3304,2.66,-10.50,-3.78
3.9348,-0.5539,0.7110,-0.3353,2.87,-10.43,-3.22
3.9357,-0.5597,0.7125,-0.3367,2.31,-10.64,-3.50
3.9366,-0.5592,0.7115,-0.3372,2.31,-10.85,-3.71
3.9375,-0.5578,0.7135,-0.3421,2.03,-10.92,-3.15
3.9384,-0.5602,0.7164,-0.3445,1.89,-11.62,-4.27
3.9393,-0.5588,0.7159,-0.3440,1.68,-11.41,-3.15
3.9398,-0.5602,0.7081,-0.3460,1.47,-11.55,-4.27
3.9404,-0.5588,0.7071,-0.3460,0.49,-12.46,-4.90
3.9409,-0.5612,0.7056,-0.3465,1.19,-12.53,-3.64
3.9415,-0.5651,0.7056,-0.3504,-0.14,-11.97,-4.34
3.9421,-0.5641,0.7086,-0.3518,0.63,-13.16,-3.99
3.9426,-0.5641,0.7130,-0.3528,-0.35,-12.95,-4.62
3.9432,-0.5641,0.7130,-0.3548,-0.14,-13.65,-4.13
3.9437,-0.5671,0.7066,-0.3533,-0.98,-13.44,-4.90
3.9443,-0.5685,0.7100,-0.3562,-0.63,-14.14,-4.62
3.9448,-0.5666,0.7135,-0.3601,-1.19,-13.65,-4.62
3.9454,-0.5651,0.7115,-0.3606,-0.98,-14.91,-5.18
3.9460,-0.5685,0.7135,-0.3597,-1.61,-14.21,-4.55
3.9465,-0.5714,0.7149,-0.3601,-1.40,-14.98,-5.46
3.9471,-0.5754,0.7149,-0.3606,-1.96,-14.84,-4.69
3.9476,-0.5758,0.7174,-0.3670,-2.10,-15.68,-5.53
3.9482,-0.5739,0.7193,-0.3723,-2.45,-15.40,-5.04
3.9487,-0.5734,0.7203,-0.3723,-2.66,-16.17,-5.67
3.9493,-0.5758,0.7198,-0.3753,-2.73,-16.17,-5.25
3.9498,-0.5773,0.7222,-0.3767,-3.50,-16.59,-5.60
3.9504,-0.5758,0.7266,-0.3811,-2.80,-17.08,-5.53
3.9509,-0.5773,0.7325,-0.3850,-3.92,-16.87,-5.74
3.9514,-0.5768,0.7354,-0.3831,-2.94,-17.22,-5.53
3.9520,-0.5758,0.7364,-0.3787,-4.48,-17.50,-5.88
3.9525,-0.5783,0.7388,-0.3806,-3.50,-17.85,-5.60
3.9530,-0.5783,0.7427,-0.3841,-4.62,-18.20,-6.16
3.9535,-0.5793,0.7447,-0.3875,-4.06,-18.34,-5.81
3.9541,-0.5788,0.7462,-0.3938,-4.76,-18.76,-6.16
3.9546,-0.5788,0.7501,-0.3919,-4.34,-19.11,-5.81
3.9551,-0.5802,0.7515,-0.3899,-4.90,-19.46,-6.37
3.9556,-0.5793,0.7540,-0.3953,-4.90,-19.81,-5.74
3.9562,-0.5822,0.7554,-0.3987,-5.11,-19.60,-6.51
3.9567,-0.5846,0.7608,-0.3987,-4.97,-20.09,-5.81
3.9572,-0.5817,0.7666,-0.3972,-5.11,-20.72,-6.93
3.9577,-0.5822,0.7671,-0.3997,-5.60,-21.00,-5.53
3.9583,-0.5856,0.7681,-0.4026,-5.60,-20.93,-6.65
3.9588,-0.5910,0.7706,-0.4065,-5.60,-21.28,-5.95
3.9593,-0.5968,0.7749,-0.4089,-5.53,-21.77,-6.44
3.9598,-0.5944,0.7808,-0.4085,-5.53,-22.40,-6.37
3.9604,-0.5915,0.7852,-0.4089,-5.81,-22.33,-6.09
3.9609,-0.5895,0.7881,-0.4119,-5.81,-22.54,-6.79
3.9615,-0.5895,0.7906,-0.4143,-5.81,-22.75,-6.16
3.9620,-0.5949,0.7906,-0.4153,-5.53,-23.59,-6.93
3.9626,-0.5988,0.7915,-0.4168,-5.53,-23.17,-5.74
3.9632,-0.5963,0.7964,-0.4192,-5.88,-24.29,-7.28
3.9638,-0.5978,0.7993,-0.4226,-5.81,-23.87,-5.60
3.9644,-0.5998,0.8023,-0.4207,-5.74,-24.22,-7.21
3.9650,-0.6012,0.8057,-0.4197,-5.74,-24.64,-5.46
3.9655,-0.6056,0.8072,-0.4226,-5.74,-24.78,-7.07
3.9661,-0.6080,0.8076,-0.4216,-5.32,-25.13,-5.32
3.9667,-0.6090,0.8115,-0.4172,-5.81,-25.62,-6.72
3.9673,-0.6056,0.8179,-0.4177,-5.32,-25.83,-5.46
3.9679,-0.6002,0.8223,-0.4246,-5.74,-25.55,-6.37
3.9685,-0.6037,0.8281,-0.4309,-4.97,-27.02,-5.46
3.9690,-0.6100,0.8296,-0.4329,-5.67,-26.25,-5.81
3.9696,-0.6120,0.8296,-0.4333,-4.83,-27.23,-5.67
3.9702,-0.6129,0.8335,-0.4343,-5.32,-27.09,-5.25
3.9708,-0.6154,0.8403,-0.4421,-5.04,-27.79,-5.74
3.9714,-0.6144,0.8428,-0.4426,-4.55,-28.42,-5.74
3.9719,-0.6173,0.8467,-0.4402,-4.62,-27.93,-4.48
3.9725,-0.6237,0.8520,-0.4421,-4.62,-28.70,-5.53
3.9731,-0.6237,0.8555,-0.4426,-4.20,-28.91,-4.06
3.9737,-0.6246,0.8608,-0.4455,-4.20,-29.26,-5.25
3.9742,-0.6290,0.8628,-0.4470,-3.64,-29.12,-3.78
3.9748,-0.6251,0.8662,-0.4490,-4.06,-29.96,-5.04
3.9754,-0.6276,0.8716,-0.4504,-2.87,-29.82,-3.78
3.9759,-0.6310,0.8721,-0.4524,-3.92,-30.38,-4.48
3.9765,-0.6310,0.8755,-0.4543,-2.73,-30.31,-3.15
3.9771,-0.6344,0.8813,-0.4543,-3.22,-30.80,-4.13
3.9777,-0.6378,0.8857,-0.4607,-2.31,-31.08,-3.08
3.9782,-0.6412,0.8857,-0.4646,-2.94,-31.29,-3.78
3.9788,-0.6437,0.8867,-0.4616,-1.75,-31.64,-2.87
3.9794,-0.6476,0.8901,-0.4646,-2.10,-32.13,-3.36
3.9799,-0.6486,0.8940,-0.4685,-1.54,-32.27,-2.87
3.9805,-0.6510,0.8979,-0.4690,-1.12,-32.41,-2.80
3.9811,-0.6549,0.8984,-0.4724,-1.19,-32.83,-2.52
3.9817,-0.6529,0.9023,-0.4773,-0.42,-32.97,-2.45
3.9822,-0.6559,0.9072,-0.4802,-0.49,-33.11,-2.45
3.9828,-0.6608,0.9126,-0.4773,0.07,-33.60,-2.10
3.9834,-0.6598,0.9126,-0.4787,0.84,-34.09,-1.47
3.9839,-0.6617,0.9174,-0.4836,0.77,-33.81,-1.68
3.9858,-0.6661,0.9204,-0.4865,1.54,-34.23,-0.84
3.9876,-0.6686,0.9199,-0.4890,1.47,-34.79,-1.96
3.9894,-0.6651,0.9228,-0.4900,2.17,-34.65,-0.21
3.9912,-0.6642,0.9248,-0.4890,2.10,-35.07,-1.26
3.9930,-0.6690,0.9272,-0.4875,3.08,-34.93,-0.07
3.9949,-0.6705,0.9311,-0.4895,2.66,-35.35,-0.56
3.9967,-0.6749,0.9321,-0.4963,3.78,-35.84,0.77
3.9985,-0.6783,0.9350,-0.5022,3.92,-35.91,-0.21
4.0003,-0.6808,0.9365,-0.5046,4.48,-35.98,0.98
4.0021,-0.6817,0.9340,-0.5061,4.48,-36.47,0.21
4.0039,-0.6803,0.9340,-0.5090,5.04,-36.40,1.40
4.0058,-0.6852,0.9350,-0.5119,5.39,-36.33,1.33
4.0076,-0.6891,0.9384,-0.5139,5.95,-37.24,1.61
4.0094,-0.6891,0.9414,-0.5158,6.09,-37.24,1.68
4.0112,-0.6915,0.9414,-0.5158,6.65,-37.31,2.38
4.0130,-0.6920,0.9399,-0.5183,6.93,-37.17,2.59
4.0149,-0.6900,0.9404,-0.5202,7.70,-37.59,2.80
4.0167,-0.6939,0.9433,-0.5231,7.98,-37.73,3.57
4.0185,-0.6978,0.9443,-0.5207,8.05,-38.08,2.94
4.0203,-0.6939,0.9448,-0.5178,8.75,-38.15,4.48
4.0204,-0.6969,0.9443,-0.5231,8.89,-38.50,3.57
4.0204,-0.6998,0.9457,-0.5212,9.52,-38.50,5.04
4.0205,-0.7003,0.9492,-0.5192,9.52,-38.85,4.13
4.0205,-0.7037,0.9521,-0.5236,10.57,-38.50,5.95
4.0206,-0.7091,0.9482,-0.5275,10.36,-39.34,4.76
4.0206,-0.7110,0.9457,-0.5261,11.13,-38.99,6.72
4.0207,-0.7076,0.9516,-0.5256,10.92,-39.41,5.88
4.0207,-0.7076,0.9536,-0.5300,12.04,-39.34,7.00
4.0208,-0.7130,0.9560,-0.5319,11.83,-39.69,7.00
4.0208,-0.7193,0.9584,-0.5285,12.74,-39.69,7.63
4.0209,-0.7178,0.9536,-0.5251,12.95,-39.83,7.84
4.0210,-0.7198,0.9521,-0.5280,13.23,-39.69,9.03
4.0210,-0.7222,0.9584,-0.5339,13.86,-39.97,8.75
4.0211,-0.7198,0.9618,-0.5358,14.07,-40.53,9.52
4.0211,-0.7242,0.9623,-0.5334,14.35,-40.18,9.66
4.0212,-0.7281,0.9604,-0.5300,15.19,-39.97,10.22
4.0212,-0.7281,0.9584,-0.5339,15.26,-40.74,10.78
4.0213,-0.7281,0.9599,-0.5353,15.61,-40.18,11.13
4.0213,-0.7305,0.9584,-0.5329,16.10,-40.67,11.76
4.0214,-0.7315,0.9570,-0.5353,16.17,-40.74,12.18
4.0214,-0.7291,0.9565,-0.5353,17.08,-40.53,12.74
4.0215,-0.7266,0.9575,-0.5348,17.29,-40.60,13.09
4.0215,-0.7266,0.9555,-0.5344,17.85,-41.02,13.79
4.0215,-0.7310,0.9521,-0.5344,17.92,-40.81,14.00
4.0216,-0.7335,0.9516,-0.5373,17.99,-40.88,14.42
4.0216,-0.7335,0.9516,-0.5363,18.83,-41.02,15.54
4.0216,-0.7354,0.9506,-0.5329,18.48,-41.02,15.33
4.0217,-0.7383,0.9462,-0.5314,19.74,-41.02,16.45
4.0217,-0.7398,0.9443,-0.5329,19.32,-40.74,16.59
4.0217,-0.7383,0.9453,-0.5334,20.16,-41.02,17.43
4.0218,-0.7403,0.9428,-0.5314,20.16,-41.23,17.43
4.0218,-0.7413,0.9384,-0.5290,20.58,-41.30,18.55
4.0219,-0.7398,0.9370,-0.5290,20.72,-41.65,17.92
4.0219,-0.7427,0.9321,-0.5314,20.86,-41.37,19.95
4.0219,-0.7452,0.9252,-0.5309,21.07,-41.23,19.67
4.0220,-0.7466,0.9228,-0.5290,21.42,-41.23,20.93
4.0220,-0.7452,0.9209,-0.5280,21.49,-41.02,20.65
4.0220,-0.7413,0.9199,-0.5246,21.98,-41.58,22.12
4.0221,-0.7462,0.9155,-0.5266,21.84,-41.09,22.12
4.0221,-0.7510,0.9101,-0.5246,22.47,-41.09,23.52
4.0224,-0.7486,0.9067,-0.5246,22.40,-41.09,23.24
4.0227,-0.7462,0.8999,-0.5290,22.54,-41.44,24.57
4.0230,-0.7491,0.8930,-0.5295,22.89,-41.02,24.64
4.0233,-0.7491,0.8857,-0.5266,23.03,-41.09,25.62
4.0236,-0.7457,0.8828,-0.5236,22.82,-41.16,26.04
4.0239,-0.7442,0.8808,-0.5236,23.31,-40.95,26.74
4.0242,-0.7457,0.8711,-0.5212,22.68,-41.09,27.93
4.0245,-0.7462,0.8657,-0.5202,23.66,-40.95,27.93
4.0248,-0.7442,0.8608,-0.5192,22.75,-40.74,29.61
4.0251,-0.7471,0.8550,-0.5197,23.66,-40.95,29.26
4.0254,-0.7496,0.8501,-0.5256,23.45,-40.95,30.66
4.0257,-0.7481,0.8398,-0.5236,23.45,-40.81,30.59
4.0260,-0.7501,0.8320,-0.5173,23.45,-40.67,32.62
4.0263,-0.7520,0.8286,-0.5148,22.89,-40.04,32.20
4.0266,-0.7510,0.8262,-0.5173,23.31,-40.32,33.88
4.0269,-0.7510,0.8174,-0.5158,22.89,-39.97,33.95
4.0272,-0.7491,0.8067,-0.5129,23.80,-40.60,35.28
4.0275,-0.7476,0.8042,-0.5163,22.96,-39.97,35.28
4.0278,-0.7486,0.8023,-0.5207,23.31,-40.32,36.96
4.0281,-0.7471,0.7974,-0.5187,22.54,-39.90,36.96
4.0287,-0.7462,0.7925,-0.5124,22.82,-39.69,38.22
4.0294,-0.7471,0.7823,-0.5109,22.40,-39.48,38.92
4.0300,-0.7466,0.7759,-0.5124,22.68,-39.62,39.97
4.0306,-0.7457,0.7749,-0.5144,22.33,-39.76,40.46
4.0312,-0.7437,0.7715,-0.5114,22.26,-39.41,41.51
4.0319,-0.7422,0.7632,-0.5090,21.70,-39.55,42.14
4.0325,-0.7427,0.7574,-0.5119,21.70,-39.41,42.56
4.0331,-0.7422,0.7559,-0.5114,21.56,-39.20,43.89
4.0337,-0.7413,0.7510,-0.5148,21.00,-38.85,44.24
4.0344,-0.7393,0.7442,-0.5139,21.28,-39.13,45.64
4.0350,-0.7403,0.7383,-0.5124,20.79,-38.71,45.50
4.0356,-0.7398,0.7305,-0.5158,20.86,-38.71,47.53
4.0362,-0.7398,0.7237,-0.5100,20.02,-38.08,47.04
4.0369,-0.7364,0.7139,-0.5109,19.25,-38.36,48.65
4.0375,-0.7369,0.7096,-0.5090,19.25,-38.36,49.91
4.0381,-0.7340,0.7056,-0.5109,18.55,-38.22,50.19
4.0387,-0.7344,0.7003,-0.5124,18.34,-37.80,51.17
4.0394,-0.7344,0.6925,-0.5109,17.71,-38.01,51.52
4.0400,-0.7305,0.6876,-0.5051,17.57,-37.73,52.64
4.0406,-0.7266,0.6812,-0.5026,17.01,-37.52,53.20
4.0412,-0.7232,0.6725,-0.5041,16.66,-37.45,53.55
4.0417,-0.7218,0.6700,-0.5051,16.10,-37.38,54.46
4.0423,-0.7208,0.6651,-0.5051,15.68,-37.45,54.74
4.0428,-0.7218,0.6651,-0.5026,15.12,-37.03,55.72
4.0434,-0.7208,0.6608,-0.4987,14.77,-37.31,55.86
4.0440,-0.7154,0.6510,-0.4963,14.49,-37.10,57.19
4.0445,-0.7120,0.6466,-0.4968,13.58,-36.89,56.77
4.0451,-0.7110,0.6388,-0.4953,13.58,-36.61,58.31
4.0456,-0.7091,0.6354,-0.4929,12.60,-36.75,58.03
4.0462,-0.7115,0.6320,-0.4914,12.39,-36.68,59.50
4.0468,-0.7120,0.6227,-0.4914,11.20,-35.91,59.50
4.0473,-0.7066,0.6193,-0.4895,11.55,-35.77,60.97
4.0479,-0.7037,0.6154,-0.4846,10.15,-36.26,60.27
4.0484,-0.7017,0.6090,-0.4831,9.80,-35.84,61.60
4.0490,-0.7042,0.6066,-0.4821,9.10,-35.77,61.04
4.0495,-0.7052,0.6022,-0.4817,8.96,-35.56,62.44
4.0501,-0.7003,0.5978,-0.4841,7.70,-35.42,62.37
4.0507,-0.7013,0.5963,-0.4802,7.49,-35.35,63.35
4.0512,-0.7032,0.5949,-0.4748,6.93,-34.79,63.49
4.0518,-0.7003,0.5915,-0.4743,6.02,-35.28,64.33
4.0523,-0.6998,0.5890,-0.4704,5.67,-34.72,64.54
4.0529,-0.6993,0.5866,-0.4670,4.97,-34.79,64.75
4.0534,-0.6964,0.5832,-0.4665,4.90,-34.23,65.52
4.0540,-0.6959,0.5827,-0.4660,3.43,-34.58,64.96
4.0545,-0.6964,0.5827,-0.4621,3.36,-33.88,66.50
4.0551,-0.6920,0.5817,-0.4577,2.38,-33.88,66.08
4.0556,-0.6866,0.5812,-0.4548,2.38,-33.74,67.20
4.0562,-0.6886,0.5817,-0.4577,1.26,-33.53,66.64
4.0567,-0.6915,0.5797,-0.4612,0.77,-34.09,67.41
4.0573,-0.6866,0.5788,-0.4602,0.14,-32.97,67.55
4.0578,-0.6852,0.5773,-0.4602,-0.70,-33.11,68.32
4.0584,-0.6847,0.5734,-0.4582,-0.91,-32.76,68.04
4.0589,-0.6788,0.5739,-0.4563,-1.75,-33.04,68.81
4.0594,-0.6769,0.5744,-0.4519,-2.10,-32.06,68.88
4.0600,-0.6759,0.5724,-0.4509,-3.01,-32.41,69.23
4.0605,-0.6720,0.5768,-0.4524,-3.43,-31.64,69.65
4.0611,-0.6705,0.5783,-0.4534,-3.99,-32.06,69.44
4.0616,-0.6686,0.5724,-0.4529,-4.41,-31.64,70.49
4.0622,-0.6637,0.5710,-0.4494,-5.18,-31.50,70.35
4.0627,-0.6608,0.5705,-0.4509,-5.46,-31.29,70.56
4.0633,-0.6598,0.5690,-0.4524,-6.16,-31.43,70.42
4.0639,-0.6534,0.5714,-0.4475,-6.65,-30.80,70.98
4.0644,-0.6495,0.5739,-0.4416,-7.42,-30.66,70.98
4.0650,-0.6495,0.5754,-0.4407,-7.70,-30.73,71.33
4.0656,-0.6471,0.5744,-0.4416,-8.33,-30.66,71.33
4.0661,-0.6437,0.5714,-0.4436,-8.82,-30.24,72.03
4.0667,-0.6398,0.5714,-0.4416,-8.89,-30.10,71.40
4.0673,-0.6364,0.5719,-0.4372,-9.87,-29.96,71.96
4.0678,-0.6324,0.5705,-0.4402,-10.01,-29.61,72.17
4.0684,-0.6276,0.5695,-0.4397,-11.41,-29.75,71.54
4.0690,-0.6271,0.5680,-0.4368,-11.48,-29.26,72.59
4.0695,-0.6271,0.5714,-0.4363,-12.46,-29.33,71.96
4.0701,-0.6256,0.5710,-0.4343,-12.32,-29.19,72.38
4.0707,-0.6212,0.5690,-0.4343,-13.30,-28.63,72.31
4.0712,-0.6183,0.5675,-0.4329,-13.44,-28.70,72.38
4.0718,-0.6129,0.5675,-0.4314,-14.35,-28.35,72.31
4.0724,-0.6105,0.5685,-0.4309,-14.07,-28.28,72.59
4.0729,-0.6110,0.5636,-0.4294,-14.98,-27.51,72.24
4.0735,-0.6027,0.5617,-0.4280,-15.33,-28.00,72.31
4.0741,-0.5963,0.5646,-0.4236,-15.82,-27.93,72.10
4.0746,-0.5963,0.5651,-0.4216,-16.24,-27.51,72.38
4.0751,-0.5949,0.5627,-0.4265,-16.73,-27.65,72.10
4.0756,-0.5915,0.5607,-0.4285,-17.01,-26.95,72.17
4.0762,-0.5876,0.5607,-0.4216,-17.15,-27.30,71.89
4.0767,-0.5827,0.5632,-0.4192,-17.71,-26.88,71.75
4.0772,-0.5758,0.5641,-0.4143,-18.41,-26.67,71.61
4.0778,-0.5729,0.5612,-0.4099,-18.83,-26.46,71.61
4.0783,-0.5729,0.5622,-0.4114,-19.04,-26.46,71.19
4.0788,-0.5739,0.5646,-0.4124,-19.60,-25.97,71.68
4.0793,-0.5685,0.5675,-0.4104,-19.74,-26.04,70.84
4.0799,-0.5661,0.5705,-0.4089,-20.23,-25.97,71.40
4.0804,-0.5651,0.5719,-0.4070,-20.37,-25.83,70.28
4.0809,-0.5617,0.5734,-0.4050,-20.86,-25.90,70.84
4.0814,-0.5592,0.5719,-0.4016,-21.00,-25.48,70.14
4.0820,-0.5588,0.5734,-0.4031,-21.49,-25.55,70.21
4.0825,-0.5563,0.5788,-0.4041,-21.70,-24.99,69.79
4.0830,-0.5519,0.5817,-0.3982,-21.70,-25.34,69.58
4.0836,-0.5534,0.5822,-0.3924,-22.26,-24.85,69.51
4.0841,-0.5529,0.5841,-0.3972,-22.12,-25.06,68.95
4.0846,-0.5514,0.5876,-0.4021,-22.68,-24.71,68.74
4.0864,-0.5490,0.5910,-0.3992,-22.68,-24.78,68.11
4.0881,-0.5461,0.5939,-0.3953,-22.96,-24.64,68.11
4.0899,-0.5451,0.5944,-0.3953,-22.82,-24.43,67.62
4.0916,-0.5422,0.5988,-0.3963,-23.45,-24.22,67.48
4.0934,-0.5392,0.6017,-0.3904,-23.17,-24.78,66.78
4.0952,-0.5383,0.6037,-0.3865,-23.66,-23.80,66.50
4.0969,-0.5363,0.6076,-0.3909,-23.38,-23.66,66.29
4.0987,-0.5339,0.6095,-0.3938,-23.80,-23.94,65.52
4.1004,-0.5334,0.6139,-0.3889,-24.01,-23.59,65.03
4.1022,-0.5324,0.6173,-0.3904,-23.80,-23.66,64.68
4.1039,-0.5314,0.6217,-0.3899,-24.29,-23.45,64.26
4.1057,-0.5300,0.6232,-0.3860,-24.01,-23.17,63.84
4.1075,-0.5290,0.6246,-0.3860,-24.36,-23.31,63.28
4.1092,-0.5305,0.6276,-0.3841,-23.94,-23.17,62.72
4.1110,-0.5256,0.6295,-0.3855,-24.57,-23.03,62.30
4.1127,-0.5192,0.6383,-0.3884,-23.59,-22.75,61.74
4.1145,-0.5187,0.6442,-0.3850,-24.85,-22.96,60.76
4.1162,-0.5192,0.6451,-0.3855,-23.80,-22.54,60.69
4.1180,-0.5187,0.6442,-0.3889,-24.57,-22.89,59.85
4.1198,-0.5148,0.6486,-0.3919,-24.01,-22.19,59.99
4.1198,-0.5148,0.6544,-0.3943,-24.29,-23.10,58.38
4.1199,-0.5192,0.6564,-0.3943,-23.73,-21.91,58.73
4.1199,-0.5212,0.6612,-0.3953,-23.94,-22.40,57.26
4.1200,-0.5187,0.6671,-0.3933,-24.01,-22.05,57.12
4.1200,-0.5153,0.6705,-0.3899,-23.73,-22.26,55.86
4.1201,-0.5173,0.6778,-0.3943,-23.73,-21.84,56.00
4.1202,-0.5202,0.6837,-0.3992,-23.45,-21.63,54.81
4.1202,-0.5183,0.6822,-0.3967,-23.10,-22.05,54.67
4.1203,-0.5168,0.6827,-0.3972,-23.24,-21.49,53.97
4.1203,-0.5197,0.6876,-0.3997,-23.03,-21.70,52.99
4.1204,-0.5197,0.6905,-0.4016,-22.47,-21.14,52.64
4.1205,-0.5202,0.6944,-0.4002,-22.68,-21.63,51.94
4.1205,-0.5222,0.6978,-0.4002,-22.19,-21.07,51.24
4.1206,-0.5241,0.7013,-0.3997,-22.19,-21.42,50.47
4.1206,-0.5256,0.7032,-0.3997,-21.70,-20.86,49.98
4.1207,-0.5231,0.7071,-0.4031,-21.56,-21.63,49.00
4.1207,-0.5217,0.7120,-0.4046,-21.21,-20.44,48.86
4.1208,-0.5295,0.7159,-0.4085,-21.28,-21.28,47.46
4.1209,-0.5334,0.7222,-0.4128,-20.58,-20.16,47.67
4.1209,-0.5329,0.7261,-0.4114,-20.44,-21.14,46.13
4.1214,-0.5368,0.7296,-0.4109,-20.02,-20.16,46.20
4.1220,-0.5378,0.7344,-0.4177,-19.74,-21.00,44.80
4.1225,-0.5407,0.7344,-0.4172,-19.04,-20.02,43.68
4.1230,-0.5431,0.7393,-0.4226,-18.83,-20.23,43.12
4.1235,-0.5470,0.7427,-0.4265,-18.20,-19.39,42.49
4.1240,-0.5514,0.7447,-0.4246,-17.99,-19.95,41.23
4.1245,-0.5514,0.7471,-0.4294,-17.29,-19.11,41.79
4.1250,-0.5544,0.7486,-0.4299,-17.57,-19.74,39.62
4.1256,-0.5622,0.7486,-0.4314,-16.38,-18.62,40.32
4.1261,-0.5666,0.7544,-0.4333,-16.45,-19.67,38.22
4.1266,-0.5671,0.7593,-0.4329,-15.47,-18.34,38.64
4.1271,-0.5700,0.7579,-0.4372,-15.82,-19.39,37.10
4.1276,-0.5739,0.7569,-0.4363,-14.70,-17.92,37.45
4.1281,-0.5758,0.7569,-0.4348,-14.98,-18.41,35.49
4.1287,-0.5802,0.7579,-0.4372,-14.07,-17.99,35.91
4.1292,-0.5783,0.7632,-0.4387,-14.00,-17.85,34.37
4.1297,-0.5763,0.7696,-0.4402,-13.16,-17.36,34.37
4.1302,-0.5744,0.7701,-0.4421,-13.16,-17.43,33.11
4.1307,-0.5744,0.7720,-0.4392,-12.32,-16.94,32.83
4.1312,-0.5807,0.7764,-0.4402,-11.83,-17.01,30.94
4.1317,-0.5812,0.7808,-0.4402,-10.71,-16.10,31.64
4.1322,-0.5827,0.7852,-0.4416,-10.64,-16.73,29.12
4.1328,-0.5885,0.7871,-0.4421,-10.15,-15.75,30.52
4.1333,-0.5958,0.7901,-0.4460,-9.52,-16.31,27.93
4.1338,-0.6022,0.7945,-0.4494,-8.89,-15.47,28.98
4.1343,-0.6071,0.7998,-0.4504,-8.82,-15.68,26.74
4.1348,-0.6115,0.8018,-0.4514,-7.98,-14.98,27.72
4.1353,-0.6183,0.8008,-0.4538,-7.70,-15.19,25.48
4.1358,-0.6246,0.8023,-0.4587,-7.00,-14.35,26.53
4.1363,-0.6305,0.8008,-0.4616,-6.30,-14.70,24.57
4.1368,-0.6403,0.7993,-0.4621,-5.81,-14.42,24.99
4.1373,-0.6486,0.8003,-0.4631,-5.60,-13.58,23.87
4.1378,-0.6539,0.7974,-0.4675,-4.62,-13.72,23.45
4.1383,-0.6588,0.7954,-0.4690,-4.41,-12.67,22.82
4.1388,-0.6627,0.7945,-0.4719,-3.78,-13.37,21.98
4.1394,-0.6671,0.7935,-0.4768,-3.22,-12.32,22.33
4.1399,-0.6705,0.7950,-0.4826,-2.87,-13.09,20.72
4.1404,-0.6725,0.7984,-0.4841,-2.17,-11.34,21.35
4.1409,-0.6749,0.7969,-0.4817,-2.10,-12.32,19.39
4.1414,-0.6778,0.7964,-0.4802,-0.77,-10.92,20.30
4.1419,-0.6798,0.7984,-0.4817,-1.19,-11.41,18.41
4.1425,-0.6798,0.7993,-0.4870,0.28,-10.22,19.46
4.1431,-0.6817,0.8032,-0.4895,-0.07,-10.36,17.29
4.1436,-0.6842,0.8037,-0.4914,1.26,-9.94,18.55
4.1442,-0.6827,0.8052,-0.4953,0.91,-9.03,16.38
4.1447,-0.6832,0.8057,-0.4948,2.52,-9.52,17.29
4.1453,-0.6876,0.8052,-0.4968,1.89,-7.98,15.61
4.1458,-0.6920,0.8057,-0.4973,3.15,-9.03,16.10
4.1464,-0.6959,0.8057,-0.4948,3.43,-7.56,15.19
4.1470,-0.6998,0.8057,-0.4973,3.92,-8.47,14.77
4.1475,-0.7066,0.8076,-0.5031,4.34,-6.72,14.70
4.1481,-0.7120,0.8111,-0.5046,4.90,-7.84,13.58
4.1486,-0.7135,0.8076,-0.5026,5.25,-6.02,13.79
4.1492,-0.7169,0.8076,-0.5080,5.81,-6.93,12.67
4.1497,-0.7203,0.8086,-0.5090,6.58,-5.53,12.74
4.1503,-0.7237,0.8047,-0.5070,6.93,-6.23,11.69
4.1509,-0.7296,0.7993,-0.5090,7.63,-4.83,12.18
4.1514,-0.7320,0.7998,-0.5124,7.70,-5.32,10.29
4.1520,-0.7335,0.8057,-0.5187,8.33,-4.34,11.13
4.1525,-0.7383,0.8057,-0.5183,8.47,-3.99,10.22
4.1531,-0.7388,0.8028,-0.5207,9.45,-3.64,10.29
4.1537,-0.7422,0.8028,-0.5256,9.52,-3.15,8.96
4.1542,-0.7486,0.8013,-0.5217,10.22,-2.73,9.80
4.1548,-0.7505,0.7993,-0.5241,10.15,-2.52,8.12
4.1553,-0.7535,0.8003,-0.5329,10.99,-2.24,8.61
4.1559,-0.7554,0.7950,-0.5348,10.92,-1.61,7.28
4.1565,-0.7569,0.7906,-0.5300,11.55,-1.75,7.70
4.1570,-0.7588,0.7920,-0.5295,11.76,-0.63,6.93
4.1576,-0.7618,0.7906,-0.5319,12.18,-1.05,6.51
4.1582,-0.7642,0.7896,-0.5363,12.88,-0.14,5.95
4.1587,-0.7676,0.7862,-0.5353,12.67,-0.21,5.81
4.1593,-0.7725,0.7793,-0.5378,13.37,0.84,5.53
4.1599,-0.7759,0.7759,-0.5441,13.37,0.42,4.48
4.1604,-0.7759,0.7754,-0.5427,14.28,1.26,4.90
4.1610,-0.7784,0.7749,-0.5427,13.86,1.12,3.71
4.1615,-0.7842,0.7715,-0.5397,14.63,2.17,4.41
4.1621,-0.7891,0.7627,-0.5451,14.28,2.24,2.87
4.1627,-0.7915,0.7598,-0.5461,14.84,3.36,2.59
4.1632,-0.7945,0.7608,-0.5412,15.75,2.73,2.59
4.1638,-0.7998,0.7544,-0.5436,14.91,3.99,1.89
4.1644,-0.8042,0.7515,-0.5500,16.31,4.20,2.10
4.1650,-0.8072,0.7501,-0.5505,15.68,4.27,1.19
4.1656,-0.8115,0.7442,-0.5514,16.52,4.55,1.82
4.1662,-0.8111,0.7413,-0.5568,15.96,5.46,0.91
4.1668,-0.8086,0.7422,-0.5544,16.45,5.67,0.98
4.1674,-0.8111,0.7369,-0.5505,16.45,6.02,0.56
4.1680,-0.8150,0.7310,-0.5558,16.52,6.44,0.70
4.1686,-0.8150,0.7320,-0.5573,16.94,6.65,0.49
4.1692,-0.8150,0.7300,-0.5553,16.66,7.07,0.21
4.1698,-0.8145,0.7271,-0.5602,16.94,7.56,0.56
4.1704,-0.8115,0.7247,-0.5632,16.59,7.77,-0.21
4.1710,-0.8106,0.7237,-0.5612,17.50,8.47,0.28
4.1716,-0.8140,0.7222,-0.5602,16.87,8.26,-0.49
4.1722,-0.8179,0.7188,-0.5636,17.15,9.24,0.63
4.1729,-0.8184,0.7105,-0.5632,16.80,9.10,-0.77
4.1735,-0.8194,0.7076,-0.5641,16.87,10.08,-0.28
4.1741,-0.8198,0.7061,-0.5646,17.29,10.08,0.35
4.1747,-0.8223,0.7008,-0.5666,16.66,11.06,-0.07
4.1753,-0.8228,0.6974,-0.5700,17.22,10.50,-0.14
4.1759,-0.8237,0.6998,-0.5729,17.01,11.83,0.00
4.1764,-0.8252,0.6998,-0.5754,17.08,11.27,0.56
4.1769,-0.8262,0.7003,-0.5734,16.87,12.11,0.56
4.1774,-0.8272,0.6974,-0.5763,17.08,11.76,0.84
4.1779,-0.8296,0.6944,-0.5788,16.87,13.09,0.98
4.1785,-0.8311,0.6959,-0.5763,16.59,12.67,0.98
4.1790,-0.8301,0.6944,-0.5778,16.94,13.51,1.61
4.1795,-0.8276,0.6910,-0.5812,16.73,13.23,1.40
4.1800,-0.8276,0.6886,-0.5827,16.73,13.93,2.03
4.1805,-0.8311,0.6871,-0.5812,16.17,13.93,2.10
4.1810,-0.8316,0.6852,-0.5807,16.73,14.49,2.66
4.1815,-0.8330,0.6847,-0.5841,15.82,14.63,2.73
4.1821,-0.8340,0.6866,-0.5871,16.17,15.33,3.36
4.1826,-0.8306,0.6837,-0.5836,15.96,15.26,3.36
4.1831,-0.8257,0.6778,-0.5871,15.75,15.54,4.27
4.1836,-0.8316,0.6817,-0.5876,15.54,15.96,4.90
4.1841,-0.8320,0.6817,-0.5885,15.40,16.59,4.90
4.1846,-0.8325,0.6827,-0.5915,14.98,16.52,5.81
4.1852,-0.8355,0.6793,-0.5963,14.91,17.01,5.53
4.1857,-0.8364,0.6812,-0.5939,14.56,16.80,6.37
4.1862,-0.8345,0.6803,-0.5924,15.12,17.92,6.44
4.1878,-0.8316,0.6793,-0.5968,14.21,17.64,7.00
4.1894,-0.8320,0.6793,-0.6012,14.35,18.06,7.49
4.1910,-0.8330,0.6725,-0.6046,13.86,18.62,7.98
4.1926,-0.8355,0.6739,-0.6066,13.79,18.41,7.98
4.1942,-0.8345,0.6759,-0.6071,13.37,18.90,8.96
4.1958,-0.8325,0.6720,-0.6061,13.16,18.90,8.89
4.1974,-0.8335,0.6705,-0.6051,13.09,19.25,9.52
4.1990,-0.8330,0.6705,-0.6090,12.81,19.53,9.66
4.2006,-0.8330,0.6695,-0.6105,12.53,19.74,9.87
4.2022,-0.8374,0.6651,-0.6085,12.18,19.74,10.92
4.2038,-0.8403,0.6632,-0.6100,12.04,20.16,10.78
4.2054,-0.8364,0.6627,-0.6071,11.76,19.95,11.62
4.2070,-0.8364,0.6690,-0.6144,11.34,19.95,12.11
4.2086,-0.8394,0.6642,-0.6154,10.92,20.58,13.02
4.2102,-0.8384,0.6647,-0.6110,10.08,21.35,12.88
4.2118,-0.8408,0.6608,-0.6100,10.29,21.21,13.65
4.2134,-0.8413,0.6568,-0.6124,9.59,21.84,13.65
4.2150,-0.8438,0.6539,-0.6110,9.52,21.28,13.79
4.2166,-0.8457,0.6529,-0.6149,8.96,22.26,14.49
4.2181,-0.8428,0.6525,-0.6178,8.75,22.12,14.49
4.2182,-0.8418,0.6520,-0.6154,8.47,22.47,15.12
4.2183,-0.8408,0.6500,-0.6139,7.98,22.19,14.98
4.2183,-0.8394,0.6481,-0.6134,8.12,22.82,16.10
4.2184,-0.8389,0.6486,-0.6144,7.14,22.75,14.98
4.2184,-0.8384,0.6481,-0.6144,7.21,23.17,16.73
4.2185,-0.8398,0.6495,-0.6173,6.72,23.10,15.54
4.2186,-0.8413,0.6515,-0.6168,6.65,23.24,16.94
4.2186,-0.8418,0.6495,-0.6188,5.81,23.59,16.10
4.2187,-0.8398,0.6495,-0.6149,5.95,23.59,17.36
4.2187,-0.8408,0.6534,-0.6110,5.11,23.66,16.10
4.2188,-0.8491,0.6534,-0.6129,4.83,23.73,17.85
4.2189,-0.8520,0.6500,-0.6100,4.27,24.50,16.80
4.2189,-0.8472,0.6471,-0.6076,4.20,23.80,17.71
4.2190,-0.8442,0.6466,-0.6061,3.85,24.78,17.22
4.2190,-0.8472,0.6471,-0.6085,3.50,24.71,18.13
4.2191,-0.8472,0.6466,-0.6110,2.66,25.06,17.50
4.2192,-0.8447,0.6495,-0.6085,3.22,24.92,18.13
4.2192,-0.8491,0.6568,-0.6056,2.10,25.06,17.43
4.2193,-0.8511,0.6583,-0.6032,2.38,25.55,18.13
4.2193,-0.8486,0.6534,-0.6041,1.26,25.62,18.13
4.2194,-0.8477,0.6549,-0.6095,1.61,25.90,18.06
4.2194,-0.8447,0.6603,-0.6105,0.70,25.55,17.92
4.2195,-0.8477,0.6603,-0.6120,0.49,26.11,17.64
4.2195,-0.8491,0.6568,-0.6061,0.14,25.97,17.92
4.2196,-0.8467,0.6593,-0.6041,-0.07,26.46,17.29
4.2196,-0.8491,0.6612,-0.6037,-0.70,26.25,17.92
4.2196,-0.8506,0.6647,-0.6012,-1.19,26.74,16.87
4.2197,-0.8467,0.6705,-0.6046,-0.84,26.53,17.64
4.2197,-0.8462,0.6710,-0.6056,-1.68,27.09,17.78
4.2198,-0.8467,0.6739,-0.6071,-2.94,27.02,16.10
4.2198,-0.8462,0.6788,-0.6110,-2.45,27.44,17.43
4.2199,-0.8452,0.6822,-0.6095,-3.57,27.58,15.68
4.2199,-0.8452,0.6852,-0.6007,-3.15,27.86,16.94
4.2200,-0.8472,0.6847,-0.6017,-4.20,27.72,15.40
4.2200,-0.8496,0.6827,-0.6051,-3.92,28.21,16.38
4.2201,-0.8472,0.6847,-0.6041,-4.69,27.93,14.77
4.2201,-0.8467,0.6895,-0.6056,-4.76,28.28,15.61
4.2201,-0.8481,0.6895,-0.6066,-5.46,28.14,14.21
4.2202,-0.8491,0.6915,-0.6071,-5.32,28.63,14.70
4.2202,-0.8477,0.6954,-0.6105,-5.95,28.70,14.00
4.2208,-0.8413,0.6954,-0.6124,-6.30,28.84,13.51
4.2214,-0.8394,0.6944,-0.6085,-6.58,29.05,14.07
4.2219,-0.8408,0.6954,-0.6037,-6.58,28.56,12.32
4.2225,-0.8379,0.6959,-0.6007,-7.42,29.40,13.30
4.2231,-0.8364,0.6925,-0.6027,-7.35,28.84,11.41
4.2236,-0.8403,0.6934,-0.6041,-7.84,29.82,12.60
4.2242,-0.8408,0.6998,-0.6027,-8.05,28.84,10.36
4.2248,-0.8369,0.7022,-0.6027,-8.12,30.17,12.18
4.2253,-0.8350,0.6998,-0.5973,-8.89,28.84,9.31
4.2259,-0.8330,0.7008,-0.6002,-8.54,30.52,11.27
4.2265,-0.8316,0.7052,-0.6012,-9.73,29.61,8.75
4.2270,-0.8301,0.7056,-0.5983,-9.17,30.31,10.36
4.2276,-0.8286,0.7037,-0.5998,-10.15,29.96,7.77
4.2281,-0.8267,0.7047,-0.5983,-10.08,30.73,9.73
4.2287,-0.8208,0.7081,-0.5954,-10.78,30.52,7.42
4.2293,-0.8208,0.7071,-0.5968,-10.50,30.45,8.19
4.2298,-0.8242,0.7076,-0.5968,-11.06,30.52,6.86
4.2304,-0.8198,0.7130,-0.5944,-10.92,30.66,7.07
4.2310,-0.8179,0.7169,-0.5963,-11.62,30.80,5.95
4.2315,-0.8179,0.7193,-0.5939,-11.48,30.38,5.67
4.2321,-0.8140,0.7164,-0.5885,-12.18,31.08,5.81
4.2327,-0.8076,0.7144,-0.5851,-12.60,30.52,4.20
4.2333,-0.8042,0.7174,-0.5841,-12.46,31.64,5.53
4.2340,-0.8057,0.7188,-0.5846,-13.23,30.52,2.94
4.2346,-0.8047,0.7178,-0.5846,-13.09,31.99,4.97
4.2352,-0.8037,0.7130,-0.5836,-13.93,30.73,2.10
4.2358,-0.8037,0.7169,-0.5812,-13.16,31.78,3.92
4.2364,-0.7969,0.7242,-0.5802,-14.42,31.36,1.40
4.2370,-0.7915,0.7257,-0.5841,-13.72,32.06,3.22
4.2376,-0.7930,0.7227,-0.5832,-15.40,31.22,0.63
4.2382,-0.7920,0.7188,-0.5793,-14.21,31.57,2.03
4.2388,-0.7867,0.7188,-0.5788,-15.68,31.92,0.07
4.2394,-0.7847,0.7242,-0.5802,-15.19,31.99,0.56
4.2400,-0.7828,0.7266,-0.5793,-15.96,31.99,-0.56
4.2406,-0.7764,0.7237,-0.5778,-15.82,31.85,-0.35
4.2412,-0.7745,0.7218,-0.5797,-16.38,32.20,-0.98
4.2418,-0.7720,0.7232,-0.5778,-16.38,32.06,-1.26
4.2424,-0.7666,0.7266,-0.5763,-16.66,32.06,-1.61
4.2430,-0.7647,0.7281,-0.5763,-17.43,32.06,-2.52
4.2436,-0.7618,0.7296,-0.5744,-17.15,32.27,-2.17
4.2441,-0.7564,0.7325,-0.5729,-18.13,31.99,-3.57
4.2446,-0.7496,0.7344,-0.5719,-17.43,32.13,-2.66
4.2451,-0.7466,0.7354,-0.5729,-18.69,32.41,-4.41
4.2456,-0.7471,0.7354,-0.5744,-17.85,32.06,-3.50
4.2461,-0.7447,0.7369,-0.5758,-18.83,32.41,-5.18
4.2466,-0.7437,0.7403,-0.5754,-18.62,31.64,-4.48
4.2471,-0.7427,0.7427,-0.5719,-19.60,32.41,-5.95
4.2477,-0.7383,0.7413,-0.5700,-18.83,32.13,-4.97
4.2482,-0.7354,0.7379,-0.5695,-19.88,32.69,-6.37
4.2487,-0.7305,0.7403,-0.5719,-19.46,31.99,-5.81
4.2492,-0.7266,0.7418,-0.5744,-20.16,32.41,-7.00
4.2497,-0.7252,0.7388,-0.5749,-20.30,31.85,-6.30
4.2502,-0.7208,0.7413,-0.5734,-20.51,32.34,-7.49
4.2507,-0.7183,0.7442,-0.5739,-20.86,32.13,-6.93
4.2512,-0.7203,0.7466,-0.5758,-21.35,32.27,-7.98
4.2517,-0.7222,0.7466,-0.5719,-21.14,31.85,-7.70
4.2522,-0.7159,0.7437,-0.5695,-21.49,32.41,-8.19
4.2527,-0.7076,0.7418,-0.5705,-21.77,31.78,-8.68
4.2533,-0.7022,0.7427,-0.5690,-21.91,31.92,-8.33
4.2538,-0.6974,0.7457,-0.5680,-22.33,32.06,-9.24
4.2544,-0.6959,0.7471,-0.5724,-21.91,32.27,-8.75
4.2550,-0.6959,0.7447,-0.5739,-22.75,31.50,-9.94
4.2556,-0.6949,0.7432,-0.5700,-22.68,32.27,-8.54
4.2562,-0.6832,0.7481,-0.5690,-23.24,31.85,-10.43
4.2568,-0.6769,0.7471,-0.5705,-23.87,31.92,-10.43
4.2574,-0.6803,0.7437,-0.5714,-23.66,31.92,-9.24
4.2580,-0.6817,0.7437,-0.5705,-24.29,31.85,-10.78
4.2586,-0.6788,0.7442,-0.5700,-23.73,31.22,-9.80
4.2592,-0.6749,0.7437,-0.5656,-24.64,31.71,-10.71
4.2598,-0.6695,0.7422,-0.5617,-24.50,31.57,-10.01
4.2604,-0.6661,0.7418,-0.5612,-24.78,31.99,-10.50
4.2610,-0.6598,0.7413,-0.5592,-24.57,30.87,-10.71
4.2616,-0.6583,0.7388,-0.5573,-25.48,32.06,-10.22
4.2621,-0.6588,0.7418,-0.5588,-25.34,31.29,-10.64
4.2627,-0.6554,0.7418,-0.5578,-25.90,31.78,-9.94
4.2633,-0.6554,0.7364,-0.5534,-26.04,31.15,-11.06
4.2639,-0.6539,0.7340,-0.5510,-26.04,31.99,-9.66
4.2645,-0.6471,0.7349,-0.5485,-26.39,31.29,-11.13
4.2651,-0.6466,0.7349,-0.5500,-26.46,31.57,-9.45
4.2657,-0.6476,0.7335,-0.5475,-26.74,31.15,-10.92
4.2663,-0.6461,0.7315,-0.5446,-26.81,31.57,-9.24
4.2669,-0.6451,0.7291,-0.5436,-27.58,31.08,-10.92
4.2675,-0.6437,0.7266,-0.5417,-27.02,31.99,-8.89
4.2681,-0.6422,0.7257,-0.5422,-27.93,31.64,-10.50
4.2687,-0.6383,0.7281,-0.5422,-28.00,31.57,-9.45
4.2693,-0.6364,0.7261,-0.5422,-28.56,31.71,-9.80
4.2698,-0.6364,0.7222,-0.5388,-28.14,31.08,-9.31
4.2704,-0.6378,0.7218,-0.5319,-28.98,31.71,-9.45
4.2710,-0.6388,0.7213,-0.5324,-28.84,31.57,-9.03
4.2716,-0.6359,0.7164,-0.5339,-29.40,31.71,-9.17
4.2722,-0.6334,0.7130,-0.5290,-29.61,31.43,-9.17
4.2728,-0.6315,0.7154,-0.5270,-29.75,31.85,-8.82
4.2734,-0.6315,0.7144,-0.5246,-29.96,31.64,-8.89
4.2740,-0.6290,0.7120,-0.5231,-30.52,32.06,-7.98
4.2745,-0.6242,0.7130,-0.5251,-30.45,31.50,-8.54
4.2751,-0.6237,0.7135,-0.5261,-30.73,32.34,-7.70
4.2757,-0.6271,0.7125,-0.5217,-31.15,32.20,-8.12
4.2763,-0.6315,0.7135,-0.5173,-31.22,32.13,-7.42
4.2769,-0.6266,0.7120,-0.5163,-31.57,32.41,-7.84
4.2775,-0.6222,0.7110,-0.5139,-31.43,32.34,-6.93
4.2799,-0.6178,0.7164,-0.5134,-32.48,32.41,-7.21
4.2823,-0.6198,0.7154,-0.5134,-32.55,32.55,-6.72
4.2847,-0.6227,0.7135,-0.5109,-32.55,32.62,-6.65
4.2871,-0.6193,0.7144,-0.5109,-32.76,33.46,-5.95
4.2895,-0.6144,0.7174,-0.5119,-32.83,32.76,-6.51
4.2919,-0.6154,0.7193,-0.5080,-33.53,33.18,-5.88
4.2944,-0.6183,0.7203,-0.5051,-33.53,33.18,-5.88
4.2968,-0.6178,0.7222,-0.5075,-33.74,33.39,-5.81
4.2992,-0.6193,0.7261,-0.5070,-33.81,33.67,-5.46
4.3016,-0.6139,0.7276,-0.5075,-34.02,33.53,-5.46
4.3040,-0.6085,0.7281,-0.5075,-34.09,33.67,-5.11
4.3064,-0.6085,0.7315,-0.5022,-34.23,33.81,-5.11
4.3088,-0.6066,0.7344,-0.5002,-34.65,34.02,-5.04
4.3112,-0.6066,0.7374,-0.4982,-34.65,33.95,-5.18
4.3137,-0.6076,0.7393,-0.4939,-34.72,34.58,-4.48
4.3161,-0.6080,0.7408,-0.4919,-35.00,34.09,-4.83
4.3185,-0.6110,0.7427,-0.4924,-35.28,34.93,-4.55
4.3209,-0.6115,0.7447,-0.4948,-35.28,34.51,-4.76
4.3233,-0.6071,0.7476,-0.4948,-35.42,35.21,-4.34
4.3257,-0.6051,0.7510,-0.4968,-35.56,35.14,-4.34
4.3258,-0.5973,0.7510,-0.4895,-35.70,35.70,-4.06
4.3258,-0.5998,0.7559,-0.4904,-35.98,35.49,-4.41
4.3259,-0.5973,0.7588,-0.4939,-35.91,36.26,-3.64
4.3260,-0.5949,0.7569,-0.4890,-35.91,35.63,-4.41
4.3260,-0.5968,0.7588,-0.4851,-35.91,36.82,-3.57
4.3261,-0.5954,0.7584,-0.4900,-36.26,35.98,-4.41
4.3262,-0.5954,0.7593,-0.4904,-35.98,36.89,-3.57
4.3262,-0.5939,0.7623,-0.4885,-36.75,36.96,-3.99
4.3263,-0.5934,0.7642,-0.4880,-36.26,37.10,-3.78
4.3264,-0.5934,0.7686,-0.4846,-36.54,37.31,-3.85
4.3264,-0.5924,0.7666,-0.4865,-36.54,37.73,-3.22
4.3265,-0.5905,0.7627,-0.4821,-36.47,37.73,-3.78
4.3265,-0.5856,0.7657,-0.4773,-36.33,37.59,-3.64
4.3266,-0.5851,0.7637,-0.4826,-37.03,38.36,-3.57
4.3267,-0.5880,0.7603,-0.4856,-36.33,38.29,-3.50
4.3267,-0.5900,0.7632,-0.4846,-36.61,38.64,-3.71
4.3268,-0.5885,0.7701,-0.4782,-36.47,38.57,-3.50
4.3269,-0.5876,0.7706,-0.4738,-36.61,39.34,-3.64
4.3269,-0.5876,0.7691,-0.4753,-36.40,39.13,-3.99
4.3270,-0.5836,0.7735,-0.4773,-36.54,39.27,-3.64
4.3270,-0.5827,0.7740,-0.4797,-36.89,39.55,-4.13
4.3271,-0.5822,0.7710,-0.4773,-36.54,39.83,-3.64
4.3271,-0.5822,0.7681,-0.4729,-36.82,39.76,-4.20
4.3272,-0.5744,0.7740,-0.4699,-36.54,41.16,-4.06
4.3272,-0.5758,0.7759,-0.4641,-36.68,40.81,-3.43
4.3273,-0.5744,0.7749,-0.4602,-36.68,42.00,-3.85
4.3273,-0.5710,0.7759,-0.4612,-36.47,41.23,-3.71
4.3274,-0.5680,0.7759,-0.4592,-36.40,41.79,-4.34
4.3274,-0.5685,0.7745,-0.4577,-36.54,41.44,-3.92
4.3275,-0.5680,0.7745,-0.4577,-36.33,42.35,-4.34
4.3275,-0.5656,0.7754,-0.4553,-36.54,42.14,-3.92
4.3276,-0.5627,0.7754,-0.4577,-36.26,42.77,-4.20
4.3276,-0.5597,0.7749,-0.4558,-36.33,42.91,-3.78
4.3277,-0.5597,0.7764,-0.4514,-36.40,42.84,-4.55
4.3277,-0.5563,0.7779,-0.4509,-36.47,43.47,-3.92
4.3278,-0.5510,0.7798,-0.4494,-36.19,43.26,-4.69
4.3278,-0.5485,0.7828,-0.4470,-36.33,44.24,-4.13
4.3279,-0.5456,0.7813,-0.4460,-35.98,44.03,-4.20
4.3279,-0.5446,0.7813,-0.4514,-36.26,44.59,-4.41
4.3280,-0.5431,0.7808,-0.4529,-35.91,44.24,-4.34
4.3282,-0.5392,0.7793,-0.4504,-36.19,44.87,-4.48
4.3285,-0.5353,0.7837,-0.4490,-35.84,44.38,-4.62
4.3287,-0.5319,0.7852,-0.4519,-35.84,45.64,-4.27
4.3290,-0.5339,0.7857,-0.4538,-35.77,44.87,-4.97
4.3293,-0.5348,0.7867,-0.4509,-35.70,46.13,-3.99
4.3295,-0.5309,0.7852,-0.4451,-35.70,45.36,-4.97
4.3298,-0.5290,0.7857,-0.4397,-35.49,46.20,-4.41
4.3301,-0.5266,0.7867,-0.4421,-35.84,46.20,-4.90
4.3303,-0.5226,0.7876,-0.4402,-35.07,46.69,-4.69
4.3306,-0.5207,0.7896,-0.4372,-35.63,46.06,-4.76
4.3309,-0.5192,0.7896,-0.4412,-35.28,47.04,-4.69
4.3311,-0.5202,0.7906,-0.4412,-35.35,46.90,-5.46
4.3314,-0.5168,0.7920,-0.4382,-35.00,47.25,-4.55
4.3317,-0.5114,0.7925,-0.4368,-35.14,47.04,-5.67
4.3319,-0.5095,0.7910,-0.4348,-34.72,47.53,-5.11
4.3322,-0.5070,0.7862,-0.4358,-34.93,47.74,-5.25
4.3325,-0.5075,0.7881,-0.4368,-34.44,48.09,-5.46
4.3327,-0.5075,0.7950,-0.4358,-34.44,48.37,-5.53
4.3330,-0.5031,0.7969,-0.4353,-34.30,48.51,-5.60
4.3333,-0.5012,0.7945,-0.4363,-34.51,48.65,-5.74
4.3338,-0.5002,0.7959,-0.4397,-34.23,48.58,-6.23
4.3343,-0.4963,0.7984,-0.4363,-34.09,48.72,-6.09
4.3349,-0.4953,0.7969,-0.4333,-33.88,48.51,-6.58
4.3354,-0.4919,0.7989,-0.4348,-33.88,49.70,-6.16
4.3359,-0.4895,0.8008,-0.4338,-33.74,49.21,-6.86
4.3365,-0.4890,0.8008,-0.4333,-33.60,49.77,-6.30
4.3370,-0.4860,0.7998,-0.4309,-33.81,49.56,-7.28
4.3375,-0.4870,0.8013,-0.4319,-33.11,50.19,-6.37
4.3380,-0.4846,0.8047,-0.4324,-33.39,50.12,-7.56
4.3386,-0.4807,0.8042,-0.4324,-32.97,50.40,-7.07
4.3391,-0.4812,0.8037,-0.4329,-33.18,50.40,-7.63
4.3396,-0.4782,0.8037,-0.4270,-32.69,50.82,-7.49
4.3402,-0.4724,0.8042,-0.4275,-33.04,50.82,-7.91
4.3407,-0.4709,0.8047,-0.4299,-32.13,50.40,-7.84
4.3412,-0.4724,0.8042,-0.4260,-32.55,51.03,-8.40
4.3418,-0.4719,0.8023,-0.4226,-32.20,50.89,-8.19
4.3423,-0.4665,0.7974,-0.4202,-32.20,51.94,-8.33
4.3428,-0.4660,0.7959,-0.4216,-31.64,52.08,-8.12
4.3434,-0.4660,0.7979,-0.4246,-32.13,51.59,-8.89
4.3439,-0.4612,0.7989,-0.4241,-31.50,51.80,-8.89
4.3445,-0.4592,0.7984,-0.4211,-31.64,51.80,-9.03
4.3450,-0.4607,0.7974,-0.4231,-31.71,52.15,-8.96
4.3456,-0.4577,0.7954,-0.4207,-31.36,52.29,-9.10
4.3461,-0.4543,0.7964,-0.4158,-31.43,52.57,-9.31
4.3467,-0.4548,0.7984,-0.4168,-31.01,52.71,-9.31
4.3473,-0.4519,0.7940,-0.4182,-31.15,52.92,-9.52
4.3478,-0.4514,0.7910,-0.4168,-30.87,53.20,-9.80
4.3484,-0.4529,0.7891,-0.4138,-30.94,53.13,-9.87
4.3490,-0.4494,0.7886,-0.4124,-30.87,53.34,-9.94
4.3495,-0.4460,0.7862,-0.4128,-30.80,53.76,-9.80
4.3501,-0.4446,0.7852,-0.4138,-30.38,53.55,-10.71
4.3506,-0.4421,0.7867,-0.4138,-30.66,54.11,-10.22
4.3512,-0.4436,0.7813,-0.4114,-30.10,54.04,-10.64
4.3518,-0.4460,0.7798,-0.4085,-30.38,54.32,-10.78
4.3523,-0.4460,0.7808,-0.4089,-30.52,54.11,-10.99
4.3529,-0.4446,0.7784,-0.4075,-30.10,54.88,-10.64
4.3535,-0.4446,0.7769,-0.4046,-30.38,54.32,-11.27
4.3540,-0.4436,0.7745,-0.4016,-29.82,55.02,-11.13
4.3546,-0.4392,0.7725,-0.4041,-30.24,54.46,-11.69
4.3552,-0.4368,0.7696,-0.4060,-29.96,55.37,-11.20
4.3558,-0.4377,0.7676,-0.4046,-30.52,55.58,-11.69
4.3564,-0.4338,0.7676,-0.4041,-29.75,55.65,-11.83
4.3570,-0.4333,0.7618,-0.3992,-29.96,55.93,-11.90
4.3576,-0.4377,0.7569,-0.3967,-29.82,55.93,-11.97
4.3582,-0.4368,0.7598,-0.3958,-30.17,56.14,-12.39
4.3589,-0.4333,0.7588,-0.3909,-29.68,56.21,-12.18
4.3595,-0.4304,0.7549,-0.3904,-29.96,56.56,-12.74
4.3601,-0.4280,0.7530,-0.3899,-29.68,57.05,-12.46
4.3607,-0.4250,0.7515,-0.3880,-30.10,56.84,-13.16
4.3613,-0.4260,0.7491,-0.3880,-29.82,57.19,-12.53
4.3619,-0.4290,0.7486,-0.3855,-29.82,57.61,-13.23
4.3626,-0.4236,0.7476,-0.3821,-29.96,57.26,-13.16
4.3632,-0.4163,0.7437,-0.3811,-29.82,57.82,-13.09
4.3638,-0.4168,0.7427,-0.3821,-29.82,58.45,-12.81
4.3644,-0.4143,0.7383,-0.3802,-30.38,57.89,-14.42
4.3650,-0.4143,0.7344,-0.3816,-30.10,58.87,-12.95
4.3657,-0.4153,0.7335,-0.3831,-30.24,58.52,-14.42
4.3663,-0.4133,0.7349,-0.3792,-30.17,59.01,-13.30
4.3669,-0.4119,0.7349,-0.3748,-30.31,59.15,-14.56
4.3675,-0.4124,0.7349,-0.3733,-30.17,59.57,-13.86
4.3680,-0.4109,0.7315,-0.3772,-30.66,59.43,-14.77
4.3685,-0.4119,0.7266,-0.3772,-30.52,59.50,-14.07
4.3691,-0.4133,0.7237,-0.3719,-30.59,59.99,-15.19
4.3696,-0.4124,0.7237,-0.3699,-30.80,60.20,-14.28
4.3701,-0.4109,0.7232,-0.3728,-30.73,60.55,-15.47
4.3706,-0.4080,0.7203,-0.3728,-30.87,60.48,-14.84
4.3711,-0.4065,0.7174,-0.3689,-31.08,60.90,-15.33
4.3716,-0.4089,0.7139,-0.3660,-31.15,60.48,-15.96
4.3721,-0.4099,0.7130,-0.3660,-31.36,61.60,-15.33
4.3727,-0.4055,0.7125,-0.3645,-31.50,61.67,-16.31
4.3732,-0.4021,0.7149,-0.3655,-31.57,61.88,-15.82
4.3737,-0.4011,0.7169,-0.3645,-31.29,61.81,-16.94
4.3742,-0.4021,0.7105,-0.3621,-32.27,62.72,-17.36
4.3747,-0.4031,0.7076,-0.3621,-31.50,62.30,-16.24
4.3752,-0.4055,0.7061,-0.3640,-32.62,62.86,-17.64
4.3758,-0.4026,0.7061,-0.3631,-32.27,63.35,-16.38
4.3763,-0.3992,0.7047,-0.3572,-32.69,63.42,-18.27
4.3768,-0.4011,0.7037,-0.3553,-32.20,63.49,-17.15
4.3773,-0.4031,0.6993,-0.3577,-33.25,64.33,-17.99
4.3778,-0.4016,0.6969,-0.3577,-32.76,63.70,-17.85
4.3784,-0.3997,0.6974,-0.3538,-33.88,64.75,-18.76
4.3789,-0.3958,0.6949,-0.3518,-33.18,63.91,-18.55
4.3795,-0.3967,0.6925,-0.3504,-33.81,65.45,-18.83
4.3801,-0.3963,0.6920,-0.3450,-33.81,64.75,-18.76
4.3806,-0.3953,0.6920,-0.3387,-34.51,65.59,-19.25
4.3812,-0.3963,0.6915,-0.3387,-34.30,65.17,-19.95
4.3818,-0.3977,0.6915,-0.3392,-34.58,66.43,-19.11
4.3823,-0.3963,0.6871,-0.3396,-34.72,65.45,-20.58
4.3829,-0.3953,0.6861,-0.3440,-35.00,66.78,-19.53
4.3834,-0.3943,0.6891,-0.3426,-35.28,66.01,-21.07
4.3840,-0.3928,0.6866,-0.3372,-35.35,66.85,-19.88
4.3846,-0.3919,0.6842,-0.3333,-36.33,67.48,-21.28
4.3851,-0.3928,0.6827,-0.3362,-35.56,67.76,-20.30
4.3857,-0.3914,0.6817,-0.3372,-36.26,67.76,-21.98
4.3863,-0.3904,0.6827,-0.3357,-36.12,68.04,-21.07
4.3868,-0.3933,0.6808,-0.3343,-37.10,68.60,-22.05
4.3874,-0.3933,0.6749,-0.3309,-36.26,68.39,-22.40
4.3879,-0.3948,0.6734,-0.3299,-37.52,69.02,-22.40
4.3885,-0.3909,0.6744,-0.3299,-36.96,68.81,-22.89
4.3891,-0.3875,0.6744,-0.3304,-38.08,69.79,-23.03
4.3907,-0.3889,0.6764,-0.3284,-38.01,69.58,-23.73
4.3924,-0.3884,0.6720,-0.3274,-38.36,70.56,-23.31
4.3940,-0.3845,0.6695,-0.3284,-38.71,70.00,-24.36
4.3957,-0.3855,0.6744,-0.3240,-38.78,71.33,-23.80
4.3973,-0.3870,0.6720,-0.3221,-39.20,70.84,-25.20
4.3990,-0.3865,0.6690,-0.3211,-39.27,71.54,-24.57
4.4006,-0.3880,0.6720,-0.3172,-40.04,71.54,-25.97
4.4023,-0.3894,0.6715,-0.3182,-39.62,72.17,-24.99
4.4039,-0.3894,0.6700,-0.3187,-40.88,71.96,-26.67
4.4056,-0.3860,0.6725,-0.3187,-40.25,72.31,-26.11
4.4072,-0.3802,0.6730,-0.3192,-41.51,72.80,-27.23
4.4089,-0.3821,0.6720,-0.3177,-41.09,73.29,-26.67
4.4105,-0.3836,0.6656,-0.3157,-42.07,73.29,-28.35
4.4122,-0.3802,0.6632,-0.3157,-41.93,73.64,-27.58
4.4138,-0.3811,0.6661,-0.3128,-42.70,74.27,-29.12
4.4155,-0.3816,0.6656,-0.3104,-42.63,73.85,-28.77
4.4171,-0.3816,0.6666,-0.3162,-43.26,75.25,-29.40
4.4188,-0.3777,0.6661,-0.3206,-43.61,74.48,-29.89
4.4204,-0.3733,0.6656,-0.3192,-43.82,75.67,-30.24
4.4221,-0.3738,0.6647,-0.3148,-44.24,75.32,-30.94
4.4221,-0.3753,0.6608,-0.3123,-44.52,76.16,-31.08
4.4222,-0.3733,0.6608,-0.3109,-45.29,75.67,-32.27
4.4222,-0.3709,0.6588,-0.3089,-45.15,76.72,-31.71
4.4223,-0.3748,0.6568,-0.3109,-46.27,76.44,-33.46
4.4223,-0.3767,0.6573,-0.3104,-45.99,77.49,-32.41
4.4224,-0.3748,0.6578,-0.3089,-46.97,76.93,-34.58
4.4224,-0.3743,0.6612,-0.3109,-46.76,77.77,-32.97
4.4225,-0.3723,0.6578,-0.3084,-47.88,77.77,-35.84
4.4225,-0.3738,0.6520,-0.3109,-48.30,78.54,-36.40
4.4225,-0.3709,0.6554,-0.3089,-48.86,78.61,-35.84
4.4226,-0.3728,0.6534,-0.3074,-49.14,79.52,-37.24
4.4226,-0.3728,0.6525,-0.3050,-49.63,78.89,-37.38
4.4227,-0.3694,0.6539,-0.3074,-50.19,80.57,-37.45
4.4227,-0.3680,0.6490,-0.3074,-50.47,79.66,-38.85
4.4228,-0.3645,0.6515,-0.3065,-50.75,81.13,-38.64
4.4228,-0.3631,0.6559,-0.3045,-51.73,80.29,-39.83
4.4229,-0.3631,0.6539,-0.3021,-51.87,81.55,-39.83
4.4229,-0.3636,0.6476,-0.3035,-52.64,81.13,-41.16
4.4230,-0.3611,0.6427,-0.3016,-52.71,82.32,-40.39
4.4230,-0.3597,0.6417,-0.3021,-53.62,81.83,-42.28
4.4230,-0.3601,0.6412,-0.3016,-53.83,82.81,-41.51
4.4231,-0.3597,0.6398,-0.2967,-54.32,82.32,-43.26
4.4231,-0.3582,0.6407,-0.2933,-54.60,83.65,-41.93
4.4232,-0.3582,0.6417,-0.2952,-55.44,83.16,-44.45
4.4232,-0.3611,0.6407,-0.2962,-55.51,83.86,-42.84
4.4233,-0.3558,0.6398,-0.2918,-56.77,84.07,-45.15
4.4233,-0.3504,0.6383,-0.2923,-56.49,84.07,-44.03
4.4234,-0.3548,0.6368,-0.2899,-57.61,84.35,-45.43
4.4234,-0.3538,0.6344,-0.2855,-58.59,85.82,-46.27
4.4234,-0.3533,0.6349,-0.2865,-58.31,85.47,-46.06
4.4235,-0.3514,0.6329,-0.2884,-59.71,86.24,-46.69
4.4235,-0.3504,0.6300,-0.2908,-59.22,85.82,-47.32
4.4236,-0.3504,0.6261,-0.2899,-60.69,86.73,-47.46
4.4236,-0.3504,0.6232,-0.2865,-60.76,87.08,-48.09
4.4237,-0.3494,0.6207,-0.2811,-61.74,87.22,-48.02
4.4237,-0.3484,0.6173,-0.2786,-61.74,87.36,-48.93
4.4238,-0.3523,0.6173,-0.2782,-62.58,87.85,-48.44
4.4238,-0.3548,0.6207,-0.2743,-63.00,88.62,-49.56
4.4239,-0.3528,0.6207,-0.2738,-63.28,88.62,-48.93
4.4239,-0.3528,0.6173,-0.2767,-64.33,88.90,-50.47
4.4244,-0.3528,0.6183,-0.2777,-64.12,89.32,-49.42
4.4250,-0.3514,0.6193,-0.2738,-65.52,89.39,-51.03
4.4255,-0.3504,0.6168,-0.2718,-65.17,90.09,-49.84
4.4261,-0.3470,0.6144,-0.2728,-66.64,90.44,-51.52
4.4266,-0.3475,0.6178,-0.2713,-67.69,90.86,-51.52
4.4272,-0.3479,0.6178,-0.2699,-67.34,91.77,-51.24
4.4277,-0.3440,0.6149,-0.2694,-68.81,92.19,-52.08
4.4283,-0.3416,0.6134,-0.2650,-68.74,92.05,-52.36
4.4288,-0.3382,0.6105,-0.2645,-69.86,92.68,-52.64
4.4294,-0.3396,0.6080,-0.2655,-69.72,93.03,-52.64
4.4299,-0.3401,0.6080,-0.2645,-70.84,93.03,-53.06
4.4305,-0.3411,0.6085,-0.2621,-71.26,93.45,-53.20
4.4310,-0.3431,0.6085,-0.2630,-71.82,93.73,-53.41
4.4316,-0.3406,0.6071,-0.2645,-72.31,94.22,-53.90
4.4321,-0.3411,0.6037,-0.2616,-72.73,94.57,-53.76
4.4327,-0.3406,0.6066,-0.2645,-73.85,95.06,-54.46
4.4332,-0.3362,0.6051,-0.2635,-73.71,95.41,-54.32
4.4338,-0.3382,0.6017,-0.2582,-74.90,95.76,-55.09
4.4343,-0.3382,0.6022,-0.2577,-74.83,95.69,-54.67
4.4349,-0.3343,0.5988,-0.2601,-76.16,96.39,-55.65
4.4354,-0.3314,0.6012,-0.2586,-75.74,96.60,-54.81
4.4359,-0.3328,0.6017,-0.2572,-76.93,96.95,-56.63
4.4364,-0.3343,0.6022,-0.2582,-77.21,97.23,-55.58
4.4369,-0.3318,0.6032,-0.2582,-78.05,97.44,-57.05
4.4375,-0.3318,0.5998,-0.2572,-78.68,97.93,-55.86
4.4380,-0.3304,0.5978,-0.2577,-79.38,98.63,-57.54
4.4385,-0.3304,0.6012,-0.2562,-79.66,98.56,-57.05
4.4390,-0.3299,0.6056,-0.2528,-80.36,99.12,-57.89
4.4395,-0.3274,0.6007,-0.2538,-80.85,99.40,-57.82
4.4400,-0.3226,0.5968,-0.2542,-81.13,99.89,-58.03
4.4405,-0.3226,0.5993,-0.2523,-82.04,100.10,-58.59
4.4411,-0.3260,0.5998,-0.2494,-82.18,100.45,-58.38
4.4416,-0.3231,0.5988,-0.2464,-83.30,100.80,-59.85
4.4421,-0.3177,0.5973,-0.2430,-83.37,100.87,-58.94
4.4426,-0.3148,0.5998,-0.2440,-84.49,101.57,-60.27
4.4431,-0.3162,0.6061,-0.2440,-84.49,101.57,-59.29
4.4436,-0.3172,0.6100,-0.2381,-85.33,102.06,-60.83
4.4441,-0.3157,0.6056,-0.2377,-85.47,101.85,-59.71
4.4447,-0.3152,0.6032,-0.2416,-86.45,102.90,-61.39
4.4452,-0.3118,0.6051,-0.2386,-86.45,102.48,-60.62
4.4463,-0.3104,0.6037,-0.2294,-87.71,103.53,-61.74
4.4475,-0.3099,0.6041,-0.2362,-87.50,102.97,-60.83
4.4486,-0.3094,0.6071,-0.2338,-88.83,104.30,-61.81
4.4498,-0.3050,0.6095,-0.2347,-89.60,104.72,-62.44
4.4510,-0.3045,0.6115,-0.2357,-89.81,104.44,-62.44
4.4521,-0.3065,0.6105,-0.2313,-90.30,105.14,-62.86
4.4533,-0.3060,0.6134,-0.2264,-90.86,105.35,-63.07
4.4544,-0.3045,0.6139,-0.2264,-91.14,105.70,-63.21
4.4556,-0.3050,0.6168,-0.2259,-91.56,105.70,-63.49
4.4568,-0.3055,0.6217,-0.2264,-92.40,106.12,-63.63
4.4579,-0.3045,0.6217,-0.2274,-92.54,106.82,-64.19
4.4591,-0.3030,0.6237,-0.2269,-93.10,106.89,-63.98
4.4602,-0.3011,0.6227,-0.2235,-93.73,107.45,-64.54
4.4614,-0.3001,0.6227,-0.2211,-94.15,106.89,-64.61
4.4625,-0.3001,0.6256,-0.2240,-94.57,107.94,-65.38
4.4637,-0.2991,0.6266,-0.2240,-94.92,107.80,-65.10
4.4649,-0.3006,0.6305,-0.2255,-95.69,108.43,-65.87
4.4660,-0.3016,0.6349,-0.2279,-95.62,108.08,-65.52
4.4672,-0.3026,0.6373,-0.2264,-96.60,109.20,-66.43
4.4683,-0.3055,0.6407,-0.2269,-96.46,109.13,-66.57
4.4689,-0.3026,0.6432,-0.2294,-97.02,109.97,-66.57
4.4694,-0.3040,0.6481,-0.2284,-98.35,109.62,-67.62
4.4699,-0.3040,0.6549,-0.2284,-97.86,110.39,-67.55
4.4705,-0.3026,0.6583,-0.2289,-98.91,110.46,-67.90
4.4710,-0.3065,0.6568,-0.2289,-98.84,110.67,-68.53
4.4716,-0.3035,0.6578,-0.2298,-99.68,111.02,-68.95
4.4721,-0.3001,0.6583,-0.2279,-99.68,111.65,-68.95
4.4726,-0.3021,0.6593,-0.2274,-100.03,111.65,-69.44
4.4732,-0.2996,0.6637,-0.2294,-100.38,111.93,-70.14
4.4737,-0.2977,0.6666,-0.2308,-100.66,112.35,-69.93
4.4742,-0.2957,0.6690,-0.2313,-101.29,112.49,-70.77
4.4748,-0.2913,0.6739,-0.2328,-101.15,112.91,-70.21
4.4753,-0.2913,0.6769,-0.2308,-102.27,112.70,-71.89
4.4759,-0.2913,0.6783,-0.2284,-101.78,113.40,-71.05
4.4764,-0.2933,0.6808,-0.2303,-102.69,113.40,-72.59
4.4769,-0.2908,0.6847,-0.2313,-102.13,113.68,-72.03
4.4775,-0.2889,0.6876,-0.2308,-103.53,114.03,-73.15
4.4780,-0.2918,0.6925,-0.2333,-102.90,114.24,-73.01
4.4785,-0.2889,0.6949,-0.2342,-103.81,114.24,-73.85
4.4791,-0.2894,0.6964,-0.2313,-103.60,114.66,-73.71
4.4796,-0.2938,0.6983,-0.2289,-104.37,115.22,-74.48
4.4801,-0.2933,0.6998,-0.2298,-103.88,115.29,-74.69
4.4807,-0.2879,0.7061,-0.2298,-105.21,115.64,-75.11
4.4812,-0.2874,0.7100,-0.2308,-104.93,115.36,-75.88
4.4817,-0.2913,0.7110,-0.2333,-105.21,116.41,-75.81
4.4823,-0.2948,0.7120,-0.2298,-105.77,115.71,-76.65
4.4828,-0.2991,0.7091,-0.2284,-105.42,116.76,-76.51
4.4833,-0.2952,0.7100,-0.2303,-106.12,116.34,-77.42
4.4839,-0.2918,0.7139,-0.2303,-105.98,117.25,-77.35
4.4844,-0.2952,0.7149,-0.2289,-106.47,116.69,-78.33
4.4849,-0.2943,0.7169,-0.2279,-106.54,117.81,-77.91
4.4855,-0.2933,0.7188,-0.2284,-107.10,117.53,-78.75
4.4860,-0.2948,0.7193,-0.2289,-107.17,118.02,-78.82
4.4865,-0.2987,0.7169,-0.2279,-107.94,117.95,-79.73
4.4870,-0.2982,0.7164,-0.2294,-107.38,118.37,-79.87
4.4876,-0.2952,0.7174,-0.2323,-107.94,118.65,-80.29
4.4881,-0.2962,0.7188,-0.2333,-108.08,118.65,-80.22
4.4886,-0.2967,0.7183,-0.2294,-108.29,119.21,-80.78
4.4892,-0.2972,0.7178,-0.2313,-108.50,118.65,-81.27
4.4897,-0.2977,0.7178,-0.2338,-108.64,120.40,-81.06
4.4913,-0.2962,0.7183,-0.2303,-108.99,119.35,-81.90
4.4930,-0.2948,0.7183,-0.2264,-108.99,120.33,-81.97
4.4946,-0.2908,0.7193,-0.2264,-109.76,119.91,-82.53
4.4962,-0.2933,0.7218,-0.2328,-109.69,120.82,-82.53
4.4979,-0.2952,0.7208,-0.2338,-110.18,120.47,-83.51
4.4995,-0.2899,0.7198,-0.2313,-109.90,121.45,-83.23
4.5011,-0.2908,0.7178,-0.2323,-110.81,120.61,-83.86
4.5028,-0.2933,0.7178,-0.2318,-110.60,122.08,-83.51
4.5044,-0.2899,0.7193,-0.2333,-111.02,121.38,-84.49
4.5060,-0.2869,0.7227,-0.2357,-111.02,122.36,-83.79
4.5077,-0.2884,0.7222,-0.2318,-111.51,121.38,-85.61
4.5093,-0.2913,0.7159,-0.2313,-111.72,122.99,-84.42
4.5109,-0.2894,0.7183,-0.2391,-111.93,122.29,-85.89
4.5125,-0.2894,0.7242,-0.2406,-112.35,123.13,-85.26
4.5142,-0.2904,0.7232,-0.2367,-112.35,123.27,-86.45
4.5158,-0.2869,0.7208,-0.2342,-112.91,123.34,-86.03
4.5174,-0.2894,0.7213,-0.2352,-112.77,123.62,-86.73
4.5191,-0.2904,0.7232,-0.2367,-113.26,123.62,-87.08
4.5207,-0.2860,0.7242,-0.2416,-114.45,124.67,-88.41
4.5223,-0.2884,0.7276,-0.2460,-115.15,125.79,-88.90
4.5224,-0.2874,0.7305,-0.2469,-115.57,125.79,-89.81
4.5225,-0.2899,0.7315,-0.2455,-115.64,125.65,-89.53
4.5225,-0.2928,0.7296,-0.2479,-115.71,125.72,-90.79
4.5226,-0.2904,0.7305,-0.2494,-116.27,126.21,-90.58
4.5227,-0.2899,0.7335,-0.2503,-116.48,126.35,-91.21
4.5227,-0.2933,0.7354,-0.2503,-116.55,126.00,-91.21
4.5228,-0.2933,0.7359,-0.2499,-117.11,127.05,-91.63
4.5229,-0.2904,0.7305,-0.2518,-117.39,126.28,-92.12
4.5229,-0.2952,0.7291,-0.2538,-117.74,127.40,-92.26
4.5230,-0.2987,0.7296,-0.2562,-118.16,126.91,-92.82
4.5231,-0.2982,0.7305,-0.2557,-118.23,127.47,-92.82
4.5231,-0.2977,0.7291,-0.2567,-118.72,127.96,-93.10
4.5232,-0.2952,0.7281,-0.2596,-119.49,127.54,-94.22
4.5233,-0.2938,0.7266,-0.2572,-119.14,128.03,-93.66
4.5233,-0.2938,0.7247,-0.2567,-120.33,128.45,-94.43
4.5234,-0.2943,0.7222,-0.2567,-119.98,128.59,-94.01
4.5235,-0.2952,0.7208,-0.2542,-120.75,128.59,-95.06
4.5235,-0.2933,0.7203,-0.2591,-120.89,129.36,-94.08
4.5236,-0.2928,0.7178,-0.2611,-121.45,128.94,-95.62
4.5237,-0.2933,0.7183,-0.2591,-121.31,129.29,-94.78
4.5237,-0.2972,0.7188,-0.2601,-122.15,129.71,-95.27
4.5238,-0.2982,0.7164,-0.2591,-122.22,129.85,-95.20
4.5238,-0.2957,0.7164,-0.2606,-122.92,130.27,-95.41
4.5239,-0.2962,0.7149,-0.2606,-122.99,129.71,-96.04
4.5239,-0.2972,0.7159,-0.2567,-123.55,130.90,-95.48
4.5240,-0.2952,0.7149,-0.2591,-123.69,130.48,-96.25
4.5240,-0.2948,0.7130,-0.2591,-123.97,131.53,-95.20
4.5241,-0.2987,0.7115,-0.2586,-124.74,130.34,-96.95
4.5241,-0.3001,0.7086,-0.2596,-125.02,131.74,-95.48
4.5242,-0.2991,0.7105,-0.2562,-125.51,130.97,-96.95
4.5242,-0.3011,0.7100,-0.2572,-125.79,132.44,-95.41
4.5243,-0.2991,0.7096,-0.2635,-126.35,131.67,-97.09
4.5243,-0.2987,0.7139,-0.2630,-126.35,132.51,-95.76
4.5244,-0.3006,0.7144,-0.2621,-127.19,132.44,-97.02
4.5245,-0.2991,0.7139,-0.2674,-127.19,132.72,-95.97
4.5245,-0.2991,0.7130,-0.2660,-128.03,132.79,-97.37
4.5246,-0.2977,0.7139,-0.2655,-127.82,133.28,-96.11
4.5246,-0.3021,0.7183,-0.2704,-129.15,133.42,-96.88
4.5247,-0.3065,0.7208,-0.2728,-128.87,133.70,-96.60
4.5247,-0.3055,0.7203,-0.2733,-129.57,134.05,-96.88
4.5253,-0.3050,0.7174,-0.2718,-129.92,134.19,-97.09
4.5258,-0.3099,0.7178,-0.2699,-130.34,134.26,-97.16
4.5263,-0.3123,0.7203,-0.2708,-130.90,134.68,-97.02
4.5269,-0.3118,0.7227,-0.2747,-130.90,134.89,-96.95
4.5274,-0.3089,0.7271,-0.2786,-132.02,135.24,-97.23
4.5279,-0.3079,0.7257,-0.2786,-131.67,135.38,-96.88
4.5285,-0.3113,0.7218,-0.2782,-132.65,135.52,-97.72
4.5290,-0.3074,0.7232,-0.2762,-132.65,135.80,-96.74
4.5295,-0.3030,0.7247,-0.2767,-133.28,136.15,-97.79
4.5301,-0.3055,0.7213,-0.2791,-133.56,135.87,-96.60
4.5306,-0.3089,0.7188,-0.2830,-134.47,136.71,-97.86
4.5312,-0.3109,0.7208,-0.2874,-135.45,137.13,-97.79
4.5317,-0.3099,0.7208,-0.2865,-135.66,136.64,-97.44
4.5322,-0.3109,0.7222,-0.2860,-136.15,138.04,-97.65
4.5328,-0.3070,0.7193,-0.2869,-136.22,137.69,-97.23
4.5333,-0.3045,0.7208,-0.2874,-136.99,138.39,-97.51
4.5338,-0.3079,0.7227,-0.2865,-137.48,137.62,-97.16
4.5344,-0.3109,0.7218,-0.2874,-137.76,138.53,-97.65
4.5349,-0.3109,0.7218,-0.2850,-138.25,138.46,-96.88
4.5355,-0.3113,0.7222,-0.2830,-138.53,138.81,-97.72
4.5360,-0.3084,0.7232,-0.2865,-139.16,139.16,-96.88
4.5366,-0.3079,0.7276,-0.2913,-139.23,139.30,-97.58
4.5371,-0.3128,0.7296,-0.2943,-140.21,139.58,-97.02
4.5377,-0.3143,0.7266,-0.2957,-140.00,139.86,-97.09
4.5383,-0.3123,0.7310,-0.2962,-140.56,140.14,-97.09
4.5388,-0.3118,0.7349,-0.2967,-140.98,139.93,-97.02
4.5394,-0.3128,0.7330,-0.2952,-141.33,140.77,-97.09
4.5400,-0.3138,0.7291,-0.2982,-141.96,139.93,-96.88
4.5405,-0.3148,0.7291,-0.3035,-142.52,141.54,-97.02
4.5411,-0.3138,0.7320,-0.3021,-142.80,140.70,-96.81
4.5417,-0.3152,0.7325,-0.3035,-143.29,142.03,-96.60
4.5422,-0.3167,0.7344,-0.3055,-143.50,141.26,-96.39
4.5428,-0.3138,0.7374,-0.3045,-143.64,142.24,-96.53
4.5433,-0.3152,0.7369,-0.3040,-144.48,141.54,-96.67
4.5439,-0.3177,0.7369,-0.3045,-144.55,143.01,-96.11
4.5445,-0.3167,0.7388,-0.3070,-145.39,142.24,-96.11
4.5450,-0.3152,0.7369,-0.3094,-145.60,143.29,-96.11
4.5456,-0.3133,0.7408,-0.3065,-145.88,142.59,-95.69
4.5462,-0.3133,0.7442,-0.3045,-146.02,143.85,-95.83
4.5467,-0.3109,0.7427,-0.3060,-146.65,143.43,-95.55
4.5474,-0.3148,0.7452,-0.3050,-146.93,144.06,-95.41
4.5480,-0.3192,0.7466,-0.3084,-147.28,143.99,-95.55
4.5486,-0.3211,0.7486,-0.3143,-147.42,144.41,-95.27
4.5493,-0.3211,0.7520,-0.3157,-148.05,145.04,-95.20
4.5499,-0.3201,0.7540,-0.3143,-148.19,144.90,-94.64
4.5506,-0.3240,0.7535,-0.3138,-148.61,145.53,-94.85
4.5512,-0.3211,0.7584,-0.3172,-148.89,146.16,-94.78
4.5518,-0.3216,0.7623,-0.3226,-150.29,145.04,-94.57
4.5525,-0.3245,0.7642,-0.3279,-149.66,146.86,-94.01
4.5531,-0.3265,0.7671,-0.3289,-150.64,146.37,-94.43
4.5537,-0.3284,0.7720,-0.3255,-149.94,147.49,-93.38
4.5544,-0.3299,0.7730,-0.3231,-150.99,146.72,-94.43
4.5550,-0.3299,0.7735,-0.3279,-151.06,147.63,-93.38
4.5557,-0.3304,0.7808,-0.3299,-151.13,147.49,-93.87
4.5563,-0.3343,0.7837,-0.3284,-151.97,147.98,-93.17
4.5569,-0.3357,0.7857,-0.3284,-151.90,148.19,-93.59
4.5576,-0.3382,0.7915,-0.3294,-152.25,148.40,-93.24
4.5582,-0.3431,0.7950,-0.3299,-152.32,149.17,-93.03
4.5589,-0.3479,0.7954,-0.3309,-152.60,149.31,-92.89
4.5595,-0.3479,0.7989,-0.3362,-152.95,149.52,-92.54
4.5606,-0.3499,0.8023,-0.3406,-153.09,149.94,-92.96
4.5616,-0.3528,0.8023,-0.3411,-153.37,150.57,-92.26
4.5627,-0.3538,0.8028,-0.3411,-153.51,150.36,-92.89
4.5638,-0.3533,0.8047,-0.3406,-153.51,151.06,-92.05
4.5648,-0.3533,0.8096,-0.3421,-153.86,150.99,-92.40
4.5659,-0.3582,0.8120,-0.3426,-154.07,152.18,-92.12
4.5670,-0.3587,0.8154,-0.3436,-154.07,152.32,-91.14
4.5680,-0.3616,0.8174,-0.3494,-154.91,152.32,-92.54
4.5691,-0.3616,0.8208,-0.3523,-154.42,152.81,-91.42
4.5702,-0.3655,0.8233,-0.3528,-155.05,153.58,-91.49
4.5712,-0.3728,0.8218,-0.3528,-154.91,153.51,-91.56
4.5723,-0.3738,0.8242,-0.3528,-155.54,154.49,-91.14
4.5734,-0.3772,0.8301,-0.3518,-155.05,154.14,-91.28
4.5744,-0.3811,0.8316,-0.3548,-155.54,155.05,-91.07
4.5755,-0.3826,0.8340,-0.3616,-155.40,155.05,-90.79
4.5766,-0.3802,0.8364,-0.3621,-155.89,155.33,-90.72
4.5776,-0.3792,0.8394,-0.3621,-155.47,156.03,-90.44
4.5787,-0.3845,0.8398,-0.3631,-156.10,156.52,-90.44
4.5798,-0.3841,0.8384,-0.3655,-155.82,156.52,-90.30
4.5808,-0.3865,0.8413,-0.3694,-156.17,157.01,-90.23
4.5809,-0.3880,0.8442,-0.3684,-156.24,157.71,-89.88
4.5810,-0.3875,0.8438,-0.3694,-155.96,157.57,-89.32
4.5810,-0.3914,0.8472,-0.3704,-156.45,158.48,-89.81
4.5811,-0.3958,0.8520,-0.3684,-155.75,158.20,-89.53
4.5811,-0.3982,0.8550,-0.3699,-156.66,160.02,-88.62
4.5812,-0.3992,0.8555,-0.3738,-155.82,158.90,-89.11
4.5813,-0.4002,0.8589,-0.3762,-156.80,160.37,-88.62
4.5813,-0.4011,0.8618,-0.3792,-156.03,160.30,-88.69
4.5814,-0.4031,0.8623,-0.3797,-156.38,161.07,-88.41
4.5815,-0.4046,0.8667,-0.3797,-156.17,160.86,-88.55
4.5815,-0.4065,0.8716,-0.3855,-156.31,162.05,-87.64
4.5816,-0.4080,0.8730,-0.3870,-156.17,162.05,-88.06
4.5817,-0.4094,0.8730,-0.3899,-156.31,162.89,-87.36
4.5817,-0.4094,0.8779,-0.3909,-156.38,163.17,-87.43
4.5818,-0.4104,0.8823,-0.3919,-156.03,163.31,-87.64
4.5819,-0.4119,0.8823,-0.3963,-156.17,163.59,-87.08
4.5819,-0.4172,0.8833,-0.3928,-155.89,164.22,-87.22
4.5820,-0.4182,0.8862,-0.3933,-156.10,164.85,-86.45
4.5820,-0.4177,0.8916,-0.3992,-155.61,165.27,-86.66
4.5821,-0.4202,0.8989,-0.4036,-155.96,165.76,-86.38
4.5843,-0.4226,0.9038,-0.4055,-155.33,165.90,-86.38
4.5864,-0.4246,0.9048,-0.4050,-155.61,166.53,-86.10
4.5886,-0.4231,0.9077,-0.4089,-155.47,166.74,-86.31
4.5908,-0.4231,0.9121,-0.4094,-155.33,167.86,-85.82
4.5929,-0.4241,0.9150,-0.4099,-155.12,167.65,-85.89
4.5951,-0.4236,0.9194,-0.4192,-154.63,168.63,-85.54
4.5972,-0.4280,0.9243,-0.4197,-154.49,169.26,-85.19
4.5994,-0.4290,0.9267,-0.4177,-154.63,169.40,-85.89
4.6016,-0.4319,0.9316,-0.4226,-154.42,170.17,-85.19
4.6037,-0.4382,0.9355,-0.4275,-154.63,170.31,-85.89
4.6059,-0.4348,0.9374,-0.4280,-153.72,171.08,-85.12
4.6081,-0.4324,0.9384,-0.4314,-154.00,171.01,-85.75
4.6102,-0.4338,0.9379,-0.4353,-153.51,171.78,-84.77
4.6124,-0.4358,0.9433,-0.4368,-153.44,171.92,-85.54
4.6145,-0.4358,0.9467,-0.4392,-153.30,172.62,-85.05
4.6167,-0.4363,0.9482,-0.4407,-153.02,173.25,-85.47
4.6189,-0.4368,0.9545,-0.4397,-152.67,173.18,-85.54
4.6210,-0.4382,0.9575,-0.4412,-152.88,174.16,-84.98
4.6232,-0.4412,0.9570,-0.4426,-152.25,174.09,-85.40
4.6254,-0.4387,0.9565,-0.4534,-152.32,175.00,-85.26
4.6254,-0.4387,0.9594,-0.4558,-151.62,175.42,-85.19
4.6255,-0.4416,0.9599,-0.4597,-151.48,175.14,-85.68
4.6255,-0.4421,0.9609,-0.4641,-151.27,177.03,-84.77
4.6256,-0.4426,0.9658,-0.4651,-150.99,176.12,-86.31
4.6256,-0.4426,0.9716,-0.4646,-150.64,177.73,-84.56
4.6257,-0.4412,0.9716,-0.4670,-150.43,176.82,-86.24
4.6257,-0.4446,0.9711,-0.4675,-150.22,178.15,-84.77
4.6258,-0.4441,0.9731,-0.4704,-150.08,177.45,-86.45
4.6259,-0.4441,0.9731,-0.4729,-149.38,178.71,-84.91
4.6259,-0.4426,0.9755,-0.4748,-149.52,178.50,-86.10
4.6260,-0.4372,0.9740,-0.4787,-148.89,179.13,-85.54
4.6260,-0.4372,0.9740,-0.4817,-148.89,179.34,-86.24
4.6261,-0.4382,0.9809,-0.4836,-148.40,179.76,-85.75
4.6261,-0.4436,0.9814,-0.4860,-148.40,180.04,-86.17
4.6262,-0.4451,0.9804,-0.4875,-147.84,180.18,-85.89
4.6262,-0.4421,0.9828,-0.4880,-147.91,180.95,-86.17
4.6263,-0.4426,0.9867,-0.4924,-147.28,180.60,-86.59
4.6264,-0.4465,0.9872,-0.4963,-147.28,181.93,-86.24
4.6264,-0.4455,0.9862,-0.4987,-146.58,180.95,-87.43
4.6265,-0.4455,0.9897,-0.5007,-146.65,183.19,-85.96
4.6265,-0.4470,0.9931,-0.5061,-146.51,181.72,-87.71
4.6266,-0.4455,1.0028,-0.5075,-145.81,182.56,-87.92
4.6266,-0.4446,1.0043,-0.5129,-144.97,183.89,-86.94
4.6267,-0.4470,1.0063,-0.5139,-145.32,183.26,-88.06
4.6267,-0.4485,1.0131,-0.5124,-144.41,184.17,-87.22
4.6268,-0.4465,1.0106,-0.5183,-144.97,183.89,-88.41
4.6268,-0.4475,1.0102,-0.5231,-143.85,184.73,-87.99
4.6269,-0.4475,1.0165,-0.5266,-144.13,184.66,-88.62
4.6269,-0.4475,1.0185,-0.5324,-143.29,184.80,-88.55
4.6270,-0.4480,1.0189,-0.5344,-143.57,185.01,-88.83
4.6270,-0.4490,1.0165,-0.5329,-142.73,185.57,-89.11
4.6270,-0.4509,1.0165,-0.5363,-143.01,185.57,-89.11
4.6271,-0.4494,1.0175,-0.5417,-142.31,185.78,-89.81
4.6271,-0.4485,1.0219,-0.5436,-142.17,185.99,-89.74
4.6272,-0.4485,1.0263,-0.5446,-141.89,186.76,-90.02
4.6272,-0.4490,1.0253,-0.5431,-141.40,186.62,-90.65
4.6273,-0.4519,1.0248,-0.5441,-141.33,186.90,-90.51
4.6273,-0.4538,1.0263,-0.5461,-140.77,187.46,-90.86
4.6274,-0.4577,1.0282,-0.5495,-140.98,187.32,-91.35
4.6274,-0.4592,1.0287,-0.5514,-140.28,187.95,-91.35
4.6279,-0.4563,1.0302,-0.5534,-140.70,187.74,-92.26
4.6283,-0.4582,1.0297,-0.5583,-139.72,188.02,-92.19
4.6287,-0.4568,1.0302,-0.5558,-140.14,188.51,-92.61
4.6292,-0.4563,1.0331,-0.5563,-139.44,188.58,-92.96
4.6296,-0.4563,1.0321,-0.5607,-139.44,188.79,-93.31
4.6301,-0.4534,1.0272,-0.5617,-138.74,188.65,-94.08
4.6305,-0.4509,1.0321,-0.5646,-139.16,189.49,-93.80
4.6309,-0.4480,1.0365,-0.5680,-138.53,188.58,-94.92
4.6314,-0.4480,1.0336,-0.5719,-138.46,189.56,-94.57
4.6318,-0.4509,1.0360,-0.5754,-138.25,189.14,-95.97
4.6322,-0.4514,1.0385,-0.5754,-137.97,189.98,-94.99
4.6327,-0.4470,1.0370,-0.5754,-138.04,189.42,-96.88
4.6331,-0.4460,1.0365,-0.5768,-137.41,190.61,-96.04
4.6335,-0.4470,1.0350,-0.5807,-137.69,189.98,-97.30
4.6340,-0.4416,1.0336,-0.5817,-136.99,190.26,-97.23
4.6344,-0.4387,1.0326,-0.5812,-137.34,189.91,-98.00
4.6348,-0.4392,1.0302,-0.5827,-136.50,189.77,-98.21
4.6353,-0.4397,1.0307,-0.5846,-136.99,190.61,-98.70
4.6357,-0.4377,1.0336,-0.5910,-136.43,190.75,-98.77
4.6361,-0.4348,1.0321,-0.5939,-136.64,190.89,-99.47
4.6367,-0.4333,1.0302,-0.5949,-136.01,190.33,-99.89
4.6373,-0.4343,1.0336,-0.5988,-136.01,191.17,-100.24
4.6379,-0.4304,1.0321,-0.6002,-136.15,190.12,-100.59
4.6385,-0.4270,1.0272,-0.5993,-135.87,190.82,-101.29
4.6391,-0.4260,1.0263,-0.5998,-136.15,190.47,-101.36
4.6397,-0.4246,1.0268,-0.6041,-135.45,191.24,-102.20
4.6403,-0.4216,1.0209,-0.6115,-136.29,190.54,-102.34
4.6408,-0.4192,1.0150,-0.6105,-135.17,191.17,-102.83
4.6414,-0.4187,1.0141,-0.6080,-136.15,190.47,-103.39
4.6420,-0.4172,1.0106,-0.6090,-135.31,190.96,-103.81
4.6426,-0.4177,1.0067,-0.6085,-136.15,190.61,-104.30
4.6432,-0.4143,1.0024,-0.6124,-135.87,190.89,-104.23
4.6438,-0.4094,0.9989,-0.6163,-135.94,190.75,-105.14
4.6444,-0.4085,0.9989,-0.6144,-135.59,190.47,-105.21
4.6450,-0.4070,0.9970,-0.6168,-136.01,190.75,-105.98
4.6455,-0.4046,0.9931,-0.6168,-135.87,189.98,-106.26
4.6461,-0.4031,0.9862,-0.6207,-136.15,190.68,-106.82
4.6467,-0.3992,0.9794,-0.6222,-136.22,189.84,-106.89
4.6473,-0.3967,0.9770,-0.6217,-136.50,190.68,-107.38
4.6479,-0.3963,0.9726,-0.6246,-136.29,189.70,-107.80
4.6485,-0.3943,0.9677,-0.6227,-136.36,190.40,-108.15
4.6490,-0.3914,0.9609,-0.6227,-136.78,189.63,-108.85
4.6496,-0.3899,0.9531,-0.6227,-136.71,190.26,-108.78
4.6502,-0.3860,0.9496,-0.6202,-137.62,188.86,-109.83
4.6507,-0.3850,0.9487,-0.6237,-137.41,189.63,-109.13
4.6513,-0.3836,0.9453,-0.6237,-137.62,189.00,-110.81
4.6519,-0.3806,0.9404,-0.6217,-137.97,189.42,-109.90
4.6524,-0.3767,0.9355,-0.6217,-138.18,188.51,-111.51
4.6530,-0.3719,0.9311,-0.6212,-138.60,189.14,-110.39
4.6536,-0.3719,0.9272,-0.6227,-138.81,188.23,-112.07
4.6541,-0.3704,0.9238,-0.6212,-139.02,188.02,-111.44
4.6547,-0.3675,0.9174,-0.6198,-139.58,188.02,-112.35
4.6553,-0.3675,0.9091,-0.6227,-139.51,188.09,-111.79
4.6558,-0.3670,0.9082,-0.6281,-140.49,187.88,-112.63
4.6564,-0.3660,0.9048,-0.6305,-140.98,187.18,-112.91
4.6570,-0.3650,0.8999,-0.6300,-141.40,186.90,-113.75
4.6575,-0.3670,0.8965,-0.6310,-141.96,186.83,-113.33
4.6581,-0.3684,0.8935,-0.6315,-142.03,186.90,-113.96
4.6587,-0.3665,0.8911,-0.6281,-142.94,186.48,-113.89
4.6592,-0.3665,0.8867,-0.6295,-143.29,186.13,-114.87
4.6598,-0.3645,0.8838,-0.6324,-143.78,186.34,-113.89
4.6604,-0.3616,0.8799,-0.6300,-144.41,185.36,-115.57
4.6610,-0.3601,0.8745,-0.6281,-144.34,185.64,-114.03
4.6615,-0.3616,0.8730,-0.6315,-145.60,184.94,-115.99
4.6621,-0.3626,0.8745,-0.6310,-145.39,185.15,-114.24
4.6627,-0.3601,0.8735,-0.6276,-146.30,184.66,-116.48
4.6633,-0.3611,0.8701,-0.6315,-146.65,184.31,-114.94
4.6639,-0.3631,0.8667,-0.6354,-147.28,184.31,-116.48
4.6644,-0.3611,0.8623,-0.6329,-147.56,183.68,-115.71
4.6650,-0.3616,0.8628,-0.6315,-148.54,183.82,-116.13
4.6656,-0.3626,0.8633,-0.6315,-148.54,183.40,-116.13
4.6662,-0.3611,0.8545,-0.6329,-149.59,183.68,-116.34
4.6667,-0.3597,0.8530,-0.6329,-150.50,182.91,-115.99
4.6673,-0.3567,0.8574,-0.6324,-151.13,182.21,-117.25
4.6679,-0.3562,0.8608,-0.6364,-151.69,182.63,-116.13
4.6685,-0.3558,0.8599,-0.6412,-152.25,181.65,-117.60
4.6690,-0.3528,0.8564,-0.6398,-152.46,181.86,-115.92
4.6696,-0.3538,0.8501,-0.6373,-153.72,181.09,-118.16
4.6702,-0.3538,0.8530,-0.6407,-153.79,181.30,-115.71
4.6708,-0.3538,0.8520,-0.6383,-154.84,180.53,-118.23
4.6714,-0.3558,0.8477,-0.6383,-154.91,180.46,-116.13
4.6719,-0.3572,0.8511,-0.6407,-155.75,180.11,-117.95
4.6725,-0.3562,0.8486,-0.6422,-155.54,180.11,-116.27
4.6731,-0.3523,0.8472,-0.6432,-157.01,179.62,-118.16
4.6737,-0.3543,0.8481,-0.6437,-156.80,179.41,-116.55
4.6742,-0.3558,0.8486,-0.6442,-158.06,179.27,-117.81
4.6748,-0.3528,0.8486,-0.6432,-157.99,178.50,-117.18
4.6754,-0.3514,0.8462,-0.6446,-159.46,178.50,-117.88
4.6760,-0.3494,0.8462,-0.6466,-159.25,177.80,-117.18
4.6766,-0.3489,0.8477,-0.6451,-160.37,178.08,-117.46
4.6771,-0.3523,0.8472,-0.6461,-160.37,177.45,-117.74
4.6777,-0.3518,0.8472,-0.6500,-161.42,176.75,-117.04
4.6783,-0.3533,0.8423,-0.6490,-161.98,177.31,-118.16
4.6789,-0.3548,0.8408,-0.6486,-162.05,177.03,-116.69
4.6795,-0.3514,0.8452,-0.6476,-163.03,176.47,-118.37
4.6800,-0.3518,0.8438,-0.6422,-163.45,176.19,-116.62
4.6806,-0.3562,0.8442,-0.6442,-164.43,176.12,-118.37
4.6812,-0.3592,0.8452,-0.6466,-164.08,175.42,-116.62
4.6818,-0.3592,0.8423,-0.6471,-165.76,175.91,-118.02
4.6824,-0.3587,0.8403,-0.6456,-165.55,174.86,-116.76
4.6829,-0.3582,0.8389,-0.6456,-166.46,175.28,-117.67
4.6834,-0.3592,0.8408,-0.6461,-166.46,174.02,-116.97
4.6839,-0.3572,0.8442,-0.6407,-167.44,174.58,-117.46
4.6845,-0.3611,0.8418,-0.6422,-167.30,173.67,-117.18
4.6850,-0.3636,0.8403,-0.6422,-168.84,174.30,-116.83
4.6855,-0.3606,0.8438,-0.6388,-168.49,172.90,-117.46
4.6860,-0.3670,0.8467,-0.6393,-169.33,173.39,-116.62
4.6866,-0.3714,0.8477,-0.6364,-169.96,172.69,-117.11
4.6871,-0.3680,0.8477,-0.6354,-170.17,172.97,-116.41
4.6876,-0.3670,0.8481,-0.6398,-170.73,172.34,-117.11
4.6882,-0.3675,0.8516,-0.6398,-170.80,172.34,-116.13
4.6887,-0.3640,0.8545,-0.6403,-171.29,172.06,-116.76
4.6892,-0.3655,0.8545,-0.6388,-171.78,172.13,-115.92
4.6897,-0.3699,0.8540,-0.6334,-172.69,171.15,-116.69
4.6903,-0.3709,0.8555,-0.6305,-172.27,171.57,-115.78
4.6908,-0.3728,0.8599,-0.6324,-173.39,170.59,-116.55
4.6913,-0.3723,0.8652,-0.6320,-173.18,170.94,-115.08
4.6919,-0.3699,0.8711,-0.6344,-174.02,170.59,-116.20
4.6924,-0.3743,0.8711,-0.6344,-173.95,170.38,-114.80
4.6929,-0.3792,0.8677,-0.6344,-174.65,170.10,-116.06
4.6946,-0.3728,0.8672,-0.6329,-174.58,169.75,-114.59
4.6964,-0.3675,0.8706,-0.6281,-175.00,169.68,-115.57
4.6981,-0.3723,0.8774,-0.6276,-175.35,169.12,-114.59
4.6999,-0.3743,0.8862,-0.6256,-175.77,169.33,-115.15
4.7016,-0.3714,0.8882,-0.6242,-176.05,169.12,-114.24
4.7034,-0.3689,0.8867,-0.6256,-176.26,169.12,-114.73
4.7051,-0.3709,0.8901,-0.6271,-176.40,168.28,-114.10
4.7068,-0.3728,0.8969,-0.6246,-176.47,168.56,-114.17
4.7086,-0.3709,0.8994,-0.6242,-177.03,167.93,-114.17
4.7103,-0.3709,0.9033,-0.6315,-177.31,167.65,-113.75
4.7121,-0.3709,0.9077,-0.6305,-177.24,167.58,-113.26
4.7138,-0.3699,0.9165,-0.6222,-177.59,167.51,-113.47
4.7155,-0.3704,0.9243,-0.6232,-177.45,167.30,-112.70
4.7173,-0.3719,0.9272,-0.6227,-177.59,167.37,-113.33
4.7190,-0.3675,0.9296,-0.6217,-178.08,166.53,-112.77
4.7208,-0.3670,0.9345,-0.6202,-177.73,166.81,-112.91
4.7225,-0.3704,0.9365,-0.6198,-178.01,166.25,-112.63
4.7242,-0.3728,0.9365,-0.6212,-177.94,166.46,-112.49
4.7260,-0.3723,0.9433,-0.6227,-177.66,165.27,-112.49
4.7277,-0.3709,0.9506,-0.6217,-178.01,166.60,-112.14
4.7278,-0.3704,0.9531,-0.6173,-177.80,165.69,-111.72
4.7278,-0.3699,0.9575,-0.6144,-177.87,165.34,-112.14
4.7279,-0.3728,0.9589,-0.6159,-177.59,165.06,-111.51
4.7279,-0.3709,0.9623,-0.6178,-177.73,164.99,-111.93
4.7280,-0.3665,0.9653,-0.6149,-177.45,164.57,-111.16
4.7280,-0.3650,0.9701,-0.6149,-177.73,164.85,-111.51
4.7281,-0.3665,0.9755,-0.6066,-177.24,164.71,-110.88
4.7281,-0.3660,0.9799,-0.6085,-177.10,164.57,-110.46
4.7282,-0.3645,0.9858,-0.6080,-177.38,163.94,-111.23
4.7282,-0.3631,0.9872,-0.6002,-176.61,164.15,-110.32
4.7283,-0.3636,0.9897,-0.6012,-176.61,163.10,-110.67
4.7283,-0.3636,0.9902,-0.5998,-176.47,163.73,-110.04
4.7284,-0.3621,0.9955,-0.5973,-176.05,163.17,-110.04
4.7284,-0.3616,0.9999,-0.6007,-176.05,163.52,-109.55
4.7285,-0.3621,0.9984,-0.5988,-175.49,162.68,-109.83
4.7285,-0.3582,0.9980,-0.5934,-175.70,163.03,-109.27
4.7286,-0.3562,1.0024,-0.5944,-174.93,162.40,-109.13
4.7286,-0.3582,1.0077,-0.5954,-175.21,162.33,-109.41
4.7287,-0.3548,1.0121,-0.5939,-174.51,162.05,-108.36
4.7287,-0.3523,1.0136,-0.5919,-174.65,162.33,-108.64
4.7288,-0.3523,1.0155,-0.5871,-173.95,161.77,-108.08
4.7288,-0.3489,1.0185,-0.5827,-173.74,161.56,-108.50
4.7288,-0.3475,1.0136,-0.5822,-173.32,161.77,-107.31
4.7289,-0.3460,1.0146,-0.5793,-173.11,161.00,-107.94
4.7289,-0.3460,1.0214,-0.5744,-172.83,161.49,-106.68
4.7289,-0.3465,1.0258,-0.5758,-172.41,160.51,-107.80
4.7290,-0.3406,1.0268,-0.5763,-171.99,160.79,-106.05
4.7290,-0.3392,1.0268,-0.5724,-171.85,159.81,-106.89
4.7291,-0.3377,1.0297,-0.5700,-171.01,159.95,-105.70
4.7291,-0.3357,1.0341,-0.5710,-170.24,159.88,-105.14
4.7291,-0.3333,1.0311,-0.5666,-170.31,159.74,-104.65
4.7292,-0.3309,1.0272,-0.5627,-169.33,159.74,-104.86
4.7292,-0.3274,1.0316,-0.5607,-169.05,159.18,-104.16
4.7292,-0.3226,1.0375,-0.5553,-168.70,159.46,-103.95
4.7293,-0.3182,1.0350,-0.5524,-168.28,159.11,-102.97
4.7293,-0.3187,1.0346,-0.5514,-167.93,158.69,-103.74
4.7293,-0.3167,1.0355,-0.5514,-167.44,158.27,-102.34
4.7294,-0.3118,1.0355,-0.5549,-166.95,158.27,-102.69
4.7294,-0.3089,1.0336,-0.5539,-166.60,158.41,-101.50
4.7295,-0.3060,1.0326,-0.5510,-166.18,157.43,-102.20
4.7299,-0.3040,1.0341,-0.5510,-165.62,157.78,-100.94
4.7303,-0.3021,1.0350,-0.5539,-165.06,157.15,-100.87
4.7308,-0.3006,1.0336,-0.5500,-164.57,156.80,-100.31
4.7312,-0.2972,1.0365,-0.5466,-164.50,156.59,-100.17
4.7316,-0.2943,1.0380,-0.5441,-163.52,156.10,-99.75
4.7321,-0.2913,1.0336,-0.5392,-163.45,156.45,-98.98
4.7325,-0.2869,1.0282,-0.5412,-162.75,155.75,-98.77
4.7330,-0.2845,1.0263,-0.5446,-162.19,155.75,-98.28
4.7334,-0.2845,1.0287,-0.5436,-161.77,155.19,-98.21
4.7338,-0.2796,1.0277,-0.5397,-161.14,155.19,-96.88
4.7343,-0.2757,1.0243,-0.5397,-160.72,154.28,-97.37
4.7347,-0.2767,1.0253,-0.5358,-160.23,154.98,-95.41
4.7351,-0.2743,1.0272,-0.5339,-160.09,154.00,-96.74
4.7356,-0.2704,1.0253,-0.5334,-159.04,154.49,-94.50
4.7360,-0.2684,1.0194,-0.5305,-159.18,153.23,-95.76
4.7365,-0.2669,1.0189,-0.5285,-158.13,153.93,-93.80
4.7369,-0.2650,1.0233,-0.5270,-158.34,152.39,-94.64
4.7373,-0.2640,1.0228,-0.5241,-156.94,153.09,-93.10
4.7378,-0.2660,1.0165,-0.5222,-157.29,152.67,-93.24
4.7382,-0.2655,1.0150,-0.5217,-156.03,152.32,-92.54
4.7392,-0.2621,1.0131,-0.5187,-156.03,152.11,-92.12
4.7401,-0.2567,1.0106,-0.5119,-154.98,151.48,-91.28
4.7411,-0.2572,1.0072,-0.5085,-155.40,151.55,-90.65
4.7421,-0.2499,1.0024,-0.5046,-154.21,150.92,-88.97
4.7430,-0.2469,1.0004,-0.5090,-153.37,149.66,-90.30
4.7440,-0.2445,0.9984,-0.5095,-153.16,150.50,-87.85
4.7449,-0.2411,0.9945,-0.5031,-152.81,149.38,-88.90
4.7459,-0.2445,0.9926,-0.4943,-151.76,149.73,-86.38
4.7469,-0.2430,0.9892,-0.4909,-151.90,148.40,-87.36
4.7478,-0.2381,0.9843,-0.4904,-150.64,149.03,-85.47
4.7488,-0.2372,0.9833,-0.4880,-151.27,148.54,-85.96
4.7497,-0.2352,0.9809,-0.4860,-150.22,148.12,-84.28
4.7507,-0.2333,0.9731,-0.4865,-150.50,147.91,-84.77
4.7517,-0.2308,0.9677,-0.4860,-149.38,147.49,-83.44
4.7526,-0.2289,0.9672,-0.4841,-149.45,147.42,-82.88
4.7536,-0.2259,0.9614,-0.4807,-148.75,146.37,-82.53
4.7546,-0.2230,0.9594,-0.4753,-148.54,146.86,-81.41
4.7555,-0.2230,0.9589,-0.4734,-147.91,145.88,-81.13
4.7565,-0.2211,0.9516,-0.4743,-147.84,145.88,-80.15
4.7574,-0.2186,0.9477,-0.4743,-146.93,145.53,-79.80
4.7581,-0.2137,0.9418,-0.4685,-146.23,144.69,-78.82
4.7587,-0.2103,0.9326,-0.4656,-146.02,144.90,-76.30
4.7593,-0.2118,0.9287,-0.4602,-146.02,143.78,-78.19
4.7599,-0.2084,0.9282,-0.4607,-145.25,144.27,-75.11
4.7605,-0.2045,0.9238,-0.4597,-145.81,143.01,-76.72
4.7611,-0.2035,0.9184,-0.4563,-144.41,143.78,-73.85
4.7618,-0.2030,0.9126,-0.4602,-145.39,142.45,-75.18
4.7624,-0.2035,0.9052,-0.4573,-143.71,142.59,-72.80
4.7630,-0.2011,0.8999,-0.4529,-144.55,141.61,-73.78
4.7636,-0.1962,0.9004,-0.4519,-143.43,141.89,-71.12
4.7642,-0.1957,0.8955,-0.4514,-144.06,141.05,-72.24
4.7649,-0.1942,0.8891,-0.4499,-142.87,141.05,-70.49
4.7655,-0.1957,0.8852,-0.4412,-143.36,140.49,-70.49
4.7661,-0.1923,0.8774,-0.4358,-142.73,139.86,-69.51
4.7667,-0.1898,0.8730,-0.4372,-142.59,139.79,-68.60
4.7673,-0.1889,0.8691,-0.4392,-142.66,139.44,-68.18
4.7679,-0.1854,0.8603,-0.4392,-142.17,139.16,-66.99
4.7686,-0.1869,0.8579,-0.4368,-142.17,138.46,-66.92
4.7692,-0.1840,0.8555,-0.4368,-141.47,138.53,-65.31
4.7698,-0.1791,0.8501,-0.4338,-141.82,137.55,-65.45
4.7704,-0.1762,0.8496,-0.4285,-141.12,137.83,-63.91
4.7709,-0.1742,0.8452,-0.4309,-141.33,137.48,-64.05
4.7715,-0.1713,0.8306,-0.4241,-141.12,136.15,-63.42
4.7720,-0.1708,0.8262,-0.4202,-140.63,135.66,-60.76
4.7726,-0.1674,0.8233,-0.4207,-140.70,135.66,-61.60
4.7732,-0.1669,0.8169,-0.4211,-140.56,135.03,-59.71
4.7737,-0.1659,0.8125,-0.4182,-140.49,134.75,-60.13
4.7743,-0.1645,0.8125,-0.4177,-140.21,134.12,-58.52
4.7749,-0.1640,0.8062,-0.4177,-140.42,133.98,-58.17
4.7754,-0.1640,0.7974,-0.4124,-140.35,133.42,-57.47
4.7760,-0.1645,0.7940,-0.4114,-140.14,133.28,-56.77
4.7765,-0.1625,0.7945,-0.4080,-140.00,132.30,-56.35
4.7771,-0.1586,0.7910,-0.4070,-139.86,132.58,-55.09
4.7777,-0.1523,0.7823,-0.4060,-140.07,132.09,-54.88
4.7782,-0.1532,0.7769,-0.4011,-139.86,131.67,-54.04
4.7788,-0.1591,0.7749,-0.3997,-140.00,131.18,-54.04
4.7793,-0.1591,0.7740,-0.4026,-139.65,130.76,-52.22
4.7799,-0.1547,0.7701,-0.4026,-139.86,130.34,-52.85
4.7805,-0.1532,0.7666,-0.3982,-139.86,129.64,-51.10
4.7810,-0.1508,0.7618,-0.3914,-139.79,129.64,-51.45
4.7819,-0.1479,0.7549,-0.3899,-139.51,129.08,-49.42
4.7827,-0.1484,0.7515,-0.3924,-139.65,128.45,-50.75
4.7836,-0.1479,0.7491,-0.3889,-139.72,128.59,-47.88
4.7844,-0.1484,0.7466,-0.3865,-139.79,128.17,-49.35
4.7852,-0.1493,0.7422,-0.3894,-139.65,127.19,-47.11
4.7861,-0.1503,0.7408,-0.3894,-140.00,127.61,-48.16
4.7869,-0.1479,0.7408,-0.3880,-139.72,126.21,-46.48
4.7878,-0.1454,0.7359,-0.3889,-139.86,126.49,-46.55
4.7886,-0.1449,0.7310,-0.3855,-139.65,125.65,-46.06
4.7895,-0.1488,0.7276,-0.3802,-139.93,126.07,-45.01
4.7903,-0.1474,0.7252,-0.3811,-139.86,124.67,-45.22
4.7912,-0.1449,0.7232,-0.3816,-140.28,124.74,-43.89
4.7920,-0.1444,0.7218,-0.3806,-139.86,123.97,-44.87
4.7928,-0.1405,0.7203,-0.3806,-140.07,124.11,-42.91
4.7937,-0.1440,0.7169,-0.3782,-140.21,123.27,-43.61
4.7945,-0.1444,0.7149,-0.3753,-140.21,122.85,-42.14
4.7954,-0.1435,0.7149,-0.3753,-140.42,122.50,-42.91
4.7962,-0.1449,0.7169,-0.3753,-140.35,121.66,-41.37
4.7971,-0.1440,0.7149,-0.3753,-140.49,121.80,-42.00
4.7979,-0.1440,0.7125,-0.3767,-140.35,121.24,-40.46
