time_s,ax_g,ay_g,az_g,gx_dps,gy_dps,gz_dps
0.000000,-0.3099,-0.9531,-0.0468,3.64,-2.45,3.01
0.000597,-0.3040,-0.9501,-0.0464,4.55,-0.84,4.13
0.001194,-0.3045,-0.9555,-0.0439,3.22,-2.10,3.08
0.001791,-0.3084,-0.9570,-0.0429,4.69,-0.63,4.13
0.002388,-0.3079,-0.9521,-0.0444,3.29,-1.68,3.29
0.002985,-0.3045,-0.9521,-0.0459,4.90,-1.05,4.62
0.003583,-0.3070,-0.9536,-0.0444,3.50,-1.61,3.15
0.004180,-0.3065,-0.9521,-0.0449,4.97,-0.56,4.62
0.004777,-0.3035,-0.9526,-0.0473,3.29,-1.89,3.15
0.005374,-0.3084,-0.9531,-0.0444,4.90,-0.56,4.83
0.005971,-0.3109,-0.9487,-0.0425,3.36,-1.54,3.22
0.006568,-0.3089,-0.9492,-0.0439,4.83,-0.42,5.04
0.007165,-0.3055,-0.9477,-0.0429,3.57,-1.61,3.29
0.007762,-0.3045,-0.9453,-0.0459,4.76,-0.42,5.32
0.008359,-0.3094,-0.9457,-0.0478,3.36,-1.05,3.43
0.008956,-0.3123,-0.9457,-0.0459,4.90,-0.56,5.39
0.009553,-0.3094,-0.9487,-0.0459,3.57,-1.05,3.64
0.010150,-0.3104,-0.9472,-0.0439,4.69,-0.35,5.46
0.010748,-0.3109,-0.9448,-0.0420,3.78,-1.40,3.64
0.011719,-0.3089,-0.9453,-0.0410,4.48,0.07,5.67
0.012316,-0.3084,-0.9457,-0.0425,3.92,-1.26,3.64
0.012913,-0.3099,-0.9462,-0.0415,4.06,0.42,5.67
0.013510,-0.3123,-0.9428,-0.0376,4.41,-1.26,3.71
0.014107,-0.3148,-0.9418,-0.0405,4.48,-0.91,4.20
0.014704,-0.3123,-0.9438,-0.0400,3.57,0.49,5.67
0.015302,-0.3148,-0.9409,-0.0449,4.27,-0.70,4.55
0.015899,-0.3138,-0.9409,-0.0449,3.85,0.70,4.90
0.016496,-0.3118,-0.9404,-0.0434,4.13,-0.70,4.76
0.017093,-0.3138,-0.9389,-0.0395,3.78,0.77,5.32
0.017690,-0.3167,-0.9355,-0.0386,3.99,-0.63,5.04
0.018287,-0.3192,-0.9360,-0.0356,3.85,1.12,4.76
0.018884,-0.3187,-0.9399,-0.0351,3.92,-0.49,5.60
0.019481,-0.3177,-0.9389,-0.0405,3.99,0.98,4.83
0.020078,-0.3182,-0.9389,-0.0415,3.78,-0.42,5.81
0.020675,-0.3167,-0.9394,-0.0371,3.85,1.05,5.18
0.021272,-0.3167,-0.9370,-0.0386,3.85,-0.07,5.74
0.021869,-0.3192,-0.9399,-0.0381,3.57,1.05,5.32
0.022467,-0.3182,-0.9414,-0.0371,3.92,0.77,6.16
0.023437,-0.3157,-0.9399,-0.0390,3.64,0.70,5.11
0.024034,-0.3167,-0.9409,-0.0381,3.29,0.42,6.30
0.024631,-0.3157,-0.9414,-0.0386,3.85,1.19,5.18
0.025228,-0.3157,-0.9404,-0.0386,3.29,0.98,6.79
0.025825,-0.3231,-0.9389,-0.0386,3.71,1.12,5.25
0.026422,-0.3231,-0.9399,-0.0376,3.22,1.05,6.86
0.027020,-0.3206,-0.9389,-0.0390,3.92,1.12,5.32
0.027617,-0.3231,-0.9365,-0.0405,3.01,1.19,7.42
0.028214,-0.3245,-0.9374,-0.0400,3.99,1.33,5.60
0.028811,-0.3240,-0.9374,-0.0410,2.80,1.68,7.35
0.029408,-0.3245,-0.9384,-0.0381,4.06,1.19,6.02
0.030005,-0.3279,-0.9394,-0.0371,3.08,1.75,7.91
0.030602,-0.3294,-0.9394,-0.0405,3.50,1.47,6.23
0.031199,-0.3255,-0.9414,-0.0390,3.29,1.82,7.63
0.031796,-0.3182,-0.9389,-0.0400,3.29,1.54,6.37
0.032393,-0.3162,-0.9379,-0.0415,3.15,2.24,8.12
0.032990,-0.3206,-0.9355,-0.0376,2.94,1.68,6.79
0.033587,-0.3206,-0.9331,-0.0381,3.64,2.59,8.75
0.034185,-0.3167,-0.9335,-0.0405,2.59,1.54,6.93
0.034185,-0.3157,-0.9316,-0.0386,3.71,2.52,8.47
0.034777,-0.3182,-0.9335,-0.0366,2.38,1.47,7.84
0.035374,-0.3201,-0.9394,-0.0366,3.43,3.08,8.05
0.035971,-0.3206,-0.9374,-0.0376,2.45,2.10,7.70
0.036568,-0.3196,-0.9350,-0.0376,3.29,3.29,8.26
0.037165,-0.3157,-0.9360,-0.0371,2.31,2.17,8.47
0.037763,-0.3152,-0.9365,-0.0376,3.36,3.08,7.77
0.038360,-0.3177,-0.9414,-0.0351,2.59,2.10,8.82
0.038957,-0.3201,-0.9418,-0.0356,3.08,3.15,8.47
0.039554,-0.3201,-0.9379,-0.0356,2.59,2.24,8.75
0.040151,-0.3231,-0.9355,-0.0346,2.87,3.99,8.19
0.040748,-0.3211,-0.9340,-0.0376,2.73,2.80,9.03
0.041345,-0.3196,-0.9379,-0.0390,2.66,2.87,9.10
0.041942,-0.3192,-0.9414,-0.0395,2.59,4.27,8.89
0.042539,-0.3177,-0.9394,-0.0415,2.73,3.15,8.75
0.043136,-0.3167,-0.9379,-0.0395,2.73,4.62,9.38
0.043733,-0.3187,-0.9404,-0.0376,2.73,3.29,8.54
0.044330,-0.3196,-0.9399,-0.0395,2.38,5.11,9.66
0.044928,-0.3221,-0.9379,-0.0390,2.73,3.43,8.82
0.045898,-0.3226,-0.9350,-0.0400,2.52,4.90,9.80
0.046495,-0.3206,-0.9379,-0.0434,2.38,3.92,9.31
0.047092,-0.3196,-0.9418,-0.0425,2.38,5.46,9.45
0.047689,-0.3206,-0.9389,-0.0410,2.38,4.20,9.45
0.048286,-0.3182,-0.9374,-0.0400,2.38,4.62,9.45
0.048883,-0.3187,-0.9345,-0.0386,2.31,5.81,10.01
0.049481,-0.3221,-0.9355,-0.0429,2.17,5.18,9.03
0.050078,-0.3245,-0.9360,-0.0429,2.38,5.81,10.36
0.050675,-0.3294,-0.9355,-0.0410,1.96,5.53,8.96
0.051272,-0.3309,-0.9355,-0.0410,1.96,6.02,9.59
0.051869,-0.3304,-0.9379,-0.0410,2.52,5.60,8.33
0.052466,-0.3299,-0.9321,-0.0444,1.75,6.02,10.01
0.053063,-0.3299,-0.9243,-0.0483,2.10,5.88,8.82
0.053660,-0.3314,-0.9179,-0.0473,2.03,6.02,9.94
0.054257,-0.3333,-0.9189,-0.0468,1.82,6.37,8.19
0.054854,-0.3289,-0.9360,-0.0454,1.89,6.44,9.87
0.055451,-0.3196,-0.9506,-0.0434,1.54,7.21,7.56
0.056048,-0.3182,-0.9560,-0.0459,2.24,6.16,10.08
0.056646,-0.3187,-0.9575,-0.0498,1.33,7.35,8.19
0.057617,-0.3138,-0.9545,-0.0537,2.52,6.44,10.15
0.058214,-0.3094,-0.9462,-0.0532,1.82,7.28,8.40
0.058811,-0.3084,-0.9389,-0.0498,2.24,6.86,9.24
0.059408,-0.3065,-0.9365,-0.0488,1.05,7.84,8.61
0.060005,-0.3070,-0.9399,-0.0517,2.52,7.28,9.66
0.060602,-0.3123,-0.9477,-0.0512,1.12,8.68,8.82
0.061200,-0.3148,-0.9453,-0.0493,2.52,7.35,9.73
0.061797,-0.3162,-0.9409,-0.0483,1.54,8.96,8.26
0.062394,-0.3162,-0.9404,-0.0459,2.38,7.42,10.22
0.062991,-0.3094,-0.9340,-0.0459,1.12,9.31,8.54
0.063588,-0.3074,-0.9316,-0.0459,2.24,7.91,10.92
0.064185,-0.3113,-0.9326,-0.0454,1.05,9.80,8.82
0.064782,-0.3109,-0.9350,-0.0449,2.24,8.12,10.43
0.065379,-0.3084,-0.9404,-0.0454,1.19,10.36,8.68
0.065976,-0.3109,-0.9404,-0.0444,2.17,8.75,10.71
0.066573,-0.3123,-0.9379,-0.0429,1.05,10.50,9.17
0.067170,-0.3104,-0.9355,-0.0405,2.24,9.31,10.92
0.067767,-0.3123,-0.9345,-0.0395,1.12,10.36,9.38
0.068365,-0.3118,-0.9350,-0.0390,2.24,10.36,10.50
0.068365,-0.3070,-0.9365,-0.0434,1.26,10.50,9.66
0.068956,-0.3040,-0.9428,-0.0473,1.26,10.71,10.15
0.069553,-0.3070,-0.9443,-0.0522,1.33,11.41,10.64
0.070150,-0.3050,-0.9423,-0.0498,1.96,10.78,9.94
0.070747,-0.3070,-0.9389,-0.0473,1.12,12.11,10.92
0.071344,-0.3099,-0.9365,-0.0503,2.17,11.06,9.94
0.071942,-0.3084,-0.9331,-0.0527,0.70,12.53,11.20
0.072539,-0.3074,-0.9326,-0.0512,2.45,11.55,10.22
0.073136,-0.3089,-0.9350,-0.0464,0.42,12.74,11.55
0.073733,-0.3079,-0.9326,-0.0459,2.24,12.32,10.29
0.074330,-0.3074,-0.9282,-0.0508,0.77,12.81,11.20
0.074927,-0.3089,-0.9301,-0.0551,2.17,12.81,10.29
0.075524,-0.3104,-0.9292,-0.0566,0.98,13.02,11.41
0.076121,-0.3113,-0.9213,-0.0547,1.61,13.65,10.36
0.076718,-0.3118,-0.9179,-0.0488,1.26,13.30,11.27
0.077315,-0.3099,-0.9228,-0.0522,1.05,13.79,10.64
0.077912,-0.3089,-0.9252,-0.0551,1.68,13.72,10.99
0.078509,-0.3109,-0.9277,-0.0542,0.84,13.93,11.69
0.079107,-0.3133,-0.9345,-0.0556,1.75,13.79,10.64
0.080078,-0.3128,-0.9355,-0.0547,0.49,14.63,11.41
0.080675,-0.3109,-0.9345,-0.0571,1.68,14.42,10.15
0.081272,-0.3104,-0.9365,-0.0590,0.56,15.40,11.62
0.081869,-0.3104,-0.9350,-0.0590,1.61,14.56,10.22
0.082466,-0.3148,-0.9335,-0.0605,0.49,15.82,11.34
0.083063,-0.3143,-0.9365,-0.0630,0.42,16.10,11.90
0.083661,-0.3094,-0.9355,-0.0610,1.68,15.61,9.80
0.084258,-0.3104,-0.9326,-0.0620,0.70,16.45,11.97
0.084855,-0.3118,-0.9345,-0.0630,1.47,15.96,9.80
0.085452,-0.3113,-0.9360,-0.0630,0.56,16.45,12.04
0.086049,-0.3118,-0.9370,-0.0610,1.33,16.66,9.52
0.086646,-0.3143,-0.9414,-0.0595,0.70,16.87,12.25
0.087243,-0.3118,-0.9438,-0.0571,1.12,17.15,9.38
0.087840,-0.3074,-0.9423,-0.0590,0.84,17.36,12.25
0.088437,-0.3104,-0.9423,-0.0625,1.12,17.50,9.45
0.089034,-0.3133,-0.9438,-0.0649,1.26,17.71,12.04
0.089631,-0.3152,-0.9443,-0.0649,0.70,18.20,9.31
0.090228,-0.3143,-0.9487,-0.0639,1.68,17.99,11.83
0.090826,-0.3113,-0.9496,-0.0605,0.28,18.69,9.24
0.091797,-0.3138,-0.9492,-0.0590,1.75,18.13,12.53
0.092394,-0.3138,-0.9521,-0.0649,0.14,18.69,9.31
0.092991,-0.3113,-0.9545,-0.0654,2.03,18.62,11.97
0.093588,-0.3118,-0.9570,-0.0630,0.42,18.97,9.03
0.094185,-0.3148,-0.9555,-0.0625,2.03,19.04,11.97
0.094782,-0.3138,-0.9526,-0.0620,0.00,19.46,9.66
0.095380,-0.3138,-0.9492,-0.0595,2.03,19.32,11.62
0.095977,-0.3187,-0.9482,-0.0610,0.42,19.67,9.31
0.096574,-0.3182,-0.9492,-0.0659,1.82,19.81,11.69
0.097171,-0.3143,-0.9487,-0.0664,0.84,19.88,9.03
0.097768,-0.3128,-0.9496,-0.0683,1.47,20.51,11.69
0.098365,-0.3148,-0.9501,-0.0688,1.12,20.23,9.59
0.098962,-0.3148,-0.9501,-0.0678,1.61,20.51,11.69
0.099559,-0.3152,-0.9526,-0.0654,1.12,20.65,9.59
0.100156,-0.3148,-0.9521,-0.0644,1.54,21.07,11.27
0.100753,-0.3118,-0.9511,-0.0698,1.12,21.28,9.24
0.101350,-0.3162,-0.9492,-0.0688,1.61,20.93,11.69
0.101948,-0.3167,-0.9477,-0.0669,0.91,21.56,9.59
0.102545,-0.3138,-0.9511,-0.0703,1.61,21.35,11.34
0.102545,-0.3138,-0.9516,-0.0703,0.84,21.49,9.66
0.103136,-0.3162,-0.9506,-0.0703,1.75,21.77,10.78
0.103733,-0.3152,-0.9467,-0.0712,0.98,22.12,10.01
0.104330,-0.3123,-0.9438,-0.0698,1.68,21.77,10.99
0.104927,-0.3128,-0.9457,-0.0722,1.40,22.47,9.52
0.105524,-0.3148,-0.9443,-0.0727,1.47,22.47,10.85
0.106122,-0.3167,-0.9428,-0.0678,1.33,22.61,9.66
0.106719,-0.3157,-0.9443,-0.0688,1.47,22.96,10.64
0.107316,-0.3162,-0.9418,-0.0727,1.40,22.89,9.45
0.107913,-0.3187,-0.9418,-0.0747,1.47,22.89,10.36
0.108510,-0.3192,-0.9404,-0.0756,1.19,23.03,9.38
0.109107,-0.3187,-0.9345,-0.0742,1.33,23.03,10.64
0.109704,-0.3187,-0.9321,-0.0698,1.26,23.45,9.45
0.110301,-0.3192,-0.9316,-0.0664,1.12,23.45,9.94
0.110898,-0.3187,-0.9296,-0.0678,1.54,23.73,9.31
0.111495,-0.3157,-0.9301,-0.0747,0.77,23.87,9.73
0.112092,-0.3138,-0.9365,-0.0693,1.75,24.01,9.38
0.112689,-0.3162,-0.9409,-0.0654,0.84,23.94,9.31
0.113287,-0.3196,-0.9374,-0.0756,1.40,24.08,9.80
0.114258,-0.3187,-0.9355,-0.0752,0.91,24.50,8.82
0.114855,-0.3138,-0.9355,-0.0708,1.33,23.94,9.94
0.115452,-0.3128,-0.9340,-0.0732,0.98,24.78,8.47
0.116049,-0.3138,-0.9335,-0.0727,1.12,24.29,9.94
0.116646,-0.3152,-0.9296,-0.0703,0.84,24.85,8.47
0.117243,-0.3152,-0.9287,-0.0747,1.19,25.55,9.45
0.117841,-0.3172,-0.9326,-0.0756,0.77,24.85,8.68
0.118438,-0.3211,-0.9340,-0.0678,1.19,25.55,9.03
0.119035,-0.3221,-0.9316,-0.0708,0.63,25.06,8.82
0.119632,-0.3216,-0.9282,-0.0766,1.26,25.41,8.75
0.120229,-0.3182,-0.9248,-0.0747,0.70,25.13,8.61
0.120826,-0.3187,-0.9213,-0.0747,0.70,25.69,8.96
0.121423,-0.3211,-0.9199,-0.0747,0.77,25.62,8.26
0.122020,-0.3172,-0.9184,-0.0742,0.77,25.55,8.61
0.122617,-0.3148,-0.9165,-0.0737,0.84,25.97,8.47
0.123214,-0.3167,-0.9140,-0.0722,0.70,25.55,8.61
0.123811,-0.3172,-0.9140,-0.0708,0.70,26.25,8.12
0.124408,-0.3152,-0.9160,-0.0732,0.42,25.83,8.89
0.125006,-0.3157,-0.9165,-0.0786,0.49,26.04,8.05
0.125006,-0.3162,-0.9174,-0.0776,0.63,25.76,9.17
0.125597,-0.3182,-0.9150,-0.0752,0.21,26.67,8.05
0.126194,-0.3182,-0.9135,-0.0727,0.42,26.11,8.54
0.126791,-0.3152,-0.9145,-0.0722,0.14,26.88,8.05
0.127388,-0.3152,-0.9160,-0.0747,0.07,26.39,9.17
0.127985,-0.3152,-0.9174,-0.0781,0.70,27.02,7.42
0.128583,-0.3162,-0.9106,-0.0747,0.49,26.46,7.35
0.129180,-0.3177,-0.9111,-0.0708,-0.28,26.81,9.10
0.129777,-0.3152,-0.9111,-0.0752,0.28,27.09,8.05
0.130374,-0.3167,-0.9130,-0.0732,-0.28,26.60,9.31
0.130971,-0.3182,-0.9106,-0.0703,0.21,27.09,7.84
0.131568,-0.3187,-0.9096,-0.0742,0.00,26.88,9.24
0.132165,-0.3206,-0.9116,-0.0727,-0.21,27.23,7.63
0.132762,-0.3216,-0.9101,-0.0712,-0.42,26.81,9.59
0.133359,-0.3226,-0.9106,-0.0737,-0.35,27.72,7.49
0.133956,-0.3201,-0.9116,-0.0703,-0.63,26.74,9.87
0.134553,-0.3172,-0.9121,-0.0698,-0.07,27.72,7.00
0.135150,-0.3133,-0.9126,-0.0688,-0.91,26.95,10.01
0.135748,-0.3133,-0.9130,-0.0664,-0.28,27.72,7.35
0.136719,-0.3138,-0.9140,-0.0683,-0.98,26.81,9.80
0.137316,-0.3123,-0.9155,-0.0708,-0.14,28.07,7.77
0.137913,-0.3094,-0.9150,-0.0678,-0.63,27.23,9.24
0.138510,-0.3089,-0.9179,-0.0634,-0.70,28.42,7.98
0.139107,-0.3133,-0.9184,-0.0644,-0.63,27.44,9.24
0.139704,-0.3177,-0.9140,-0.0669,-1.05,28.56,8.19
0.140302,-0.3167,-0.9145,-0.0712,-0.28,27.16,8.47
0.140899,-0.3123,-0.9170,-0.0708,-1.33,28.49,8.26
0.141496,-0.3152,-0.9174,-0.0688,-0.14,27.37,8.26
0.142093,-0.3157,-0.9189,-0.0673,-1.47,28.28,8.05
0.142690,-0.3143,-0.9213,-0.0654,-0.14,27.23,7.84
0.143287,-0.3143,-0.9209,-0.0634,-1.68,28.14,8.40
0.143884,-0.3157,-0.9184,-0.0581,0.21,27.30,7.49
0.144481,-0.3172,-0.9199,-0.0590,-1.68,27.79,8.47
0.145078,-0.3148,-0.9194,-0.0649,-0.49,27.51,7.14
0.145675,-0.3143,-0.9174,-0.0688,-1.54,27.65,8.19
0.146272,-0.3167,-0.9160,-0.0683,-0.42,27.58,6.79
0.146869,-0.3192,-0.9130,-0.0620,-1.26,27.51,8.19
0.147467,-0.3240,-0.9106,-0.0610,-0.84,27.72,6.58
0.147467,-0.3250,-0.9101,-0.0630,-0.91,27.30,7.84
0.148058,-0.3245,-0.9023,-0.0634,-0.77,27.30,7.63
0.148655,-0.3260,-0.8999,-0.0615,-1.68,27.23,6.30
0.149252,-0.3309,-0.9013,-0.0659,-0.63,27.72,6.86
0.149849,-0.3304,-0.9013,-0.0698,-2.10,27.09,6.58
0.150446,-0.3328,-0.8974,-0.0693,-0.63,26.88,7.00
0.151044,-0.3333,-0.8935,-0.0688,-2.24,27.16,5.46
0.151641,-0.3294,-0.8945,-0.0698,-0.98,26.81,6.79
0.152238,-0.3323,-0.8935,-0.0688,-2.38,26.95,5.32
0.152835,-0.3362,-0.8911,-0.0669,-1.19,27.16,6.72
0.153432,-0.3348,-0.8916,-0.0698,-2.38,26.60,4.97
0.154029,-0.3343,-0.8916,-0.0673,-1.33,26.95,6.30
0.154626,-0.3372,-0.8901,-0.0644,-2.87,26.39,4.69
0.155223,-0.3357,-0.8891,-0.0644,-1.26,26.32,5.81
0.155820,-0.3357,-0.8891,-0.0659,-3.08,26.18,4.34
0.156417,-0.3372,-0.8843,-0.0717,-1.61,25.97,6.02
0.157014,-0.3392,-0.8808,-0.0761,-3.22,26.18,4.06
0.157611,-0.3431,-0.8808,-0.0722,-2.10,25.69,5.53
0.158209,-0.3426,-0.8769,-0.0717,-3.29,25.62,3.92
0.159180,-0.3411,-0.8740,-0.0708,-2.31,25.62,4.62
0.159777,-0.3396,-0.8706,-0.0654,-3.43,25.20,4.20
0.160374,-0.3392,-0.8706,-0.0659,-3.08,25.55,3.85
0.160971,-0.3387,-0.8721,-0.0649,-3.43,24.78,4.34
0.161568,-0.3387,-0.8682,-0.0669,-3.43,25.48,2.80
0.162165,-0.3377,-0.8633,-0.0688,-3.50,24.01,4.13
0.162763,-0.3377,-0.8628,-0.0673,-4.27,25.13,2.31
0.163360,-0.3328,-0.8589,-0.0625,-3.57,23.80,3.50
0.163957,-0.3309,-0.8618,-0.0664,-3.92,23.52,2.66
0.164554,-0.3323,-0.8594,-0.0649,-5.11,24.08,1.05
0.165151,-0.3338,-0.8530,-0.0639,-4.20,23.45,2.17
0.165748,-0.3343,-0.8491,-0.0620,-5.53,23.66,0.91
0.166345,-0.3323,-0.8520,-0.0595,-4.76,23.38,1.82
0.166942,-0.3299,-0.8564,-0.0600,-5.95,23.59,-0.14
0.167539,-0.3323,-0.8530,-0.0625,-4.97,22.89,1.19
0.168136,-0.3333,-0.8481,-0.0630,-6.79,23.31,-0.91
0.168733,-0.3294,-0.8462,-0.0610,-5.39,22.26,0.42
0.169330,-0.3309,-0.8438,-0.0566,-6.86,22.40,-1.19
0.169928,-0.3318,-0.8428,-0.0576,-5.81,22.33,-0.21
0.170898,-0.3314,-0.8408,-0.0634,-7.07,22.05,-1.96
0.171495,-0.3274,-0.8384,-0.0649,-6.86,21.98,-0.84
0.172092,-0.3240,-0.8345,-0.0634,-7.21,21.56,-2.73
0.172689,-0.3255,-0.8320,-0.0620,-7.42,21.70,-1.33
0.173286,-0.3260,-0.8345,-0.0620,-7.56,21.21,-3.99
0.173883,-0.3274,-0.8330,-0.0595,-8.26,21.21,-1.61
0.174481,-0.3333,-0.8301,-0.0634,-7.84,20.58,-4.20
0.175078,-0.3343,-0.8306,-0.0678,-8.75,21.00,-2.24
0.175675,-0.3289,-0.8316,-0.0644,-8.19,19.88,-5.04
0.176272,-0.3270,-0.8306,-0.0644,-9.24,20.72,-2.73
0.176869,-0.3284,-0.8301,-0.0693,-8.82,19.18,-5.60
0.177466,-0.3323,-0.8286,-0.0698,-9.59,20.16,-3.29
0.178063,-0.3328,-0.8301,-0.0669,-9.31,18.83,-6.02
0.178660,-0.3314,-0.8335,-0.0649,-9.94,19.67,-4.06
0.179257,-0.3304,-0.8335,-0.0678,-10.08,18.55,-6.23
0.179854,-0.3274,-0.8330,-0.0693,-10.15,18.83,-4.90
0.180451,-0.3270,-0.8335,-0.0722,-11.27,18.27,-6.30
0.181048,-0.3270,-0.8364,-0.0756,-10.22,18.34,-5.32
0.181646,-0.3304,-0.8364,-0.0737,-11.83,17.71,-6.65
0.181646,-0.3299,-0.8369,-0.0766,-10.57,17.36,-6.72
0.182238,-0.3279,-0.8394,-0.0737,-12.46,17.22,-6.51
0.182835,-0.3289,-0.8364,-0.0717,-10.78,16.66,-7.42
0.183432,-0.3274,-0.8369,-0.0752,-13.02,16.87,-6.65
0.184029,-0.3255,-0.8408,-0.0761,-13.09,15.82,-7.35
0.184626,-0.3240,-0.8398,-0.0742,-11.97,15.82,-8.96
0.185224,-0.3274,-0.8364,-0.0752,-13.58,15.54,-7.07
0.185821,-0.3304,-0.8398,-0.0742,-12.67,15.33,-9.45
0.186418,-0.3318,-0.8403,-0.0747,-14.14,15.12,-7.42
0.187015,-0.3289,-0.8394,-0.0752,-12.95,14.56,-10.01
0.187612,-0.3255,-0.8384,-0.0752,-14.07,14.63,-7.70
0.188209,-0.3279,-0.8423,-0.0791,-13.51,13.86,-10.15
0.188806,-0.3255,-0.8467,-0.0761,-14.14,14.00,-8.61
0.189403,-0.3231,-0.8442,-0.0722,-14.42,13.37,-10.50
0.190000,-0.3255,-0.8413,-0.0781,-14.14,13.23,-9.24
0.190597,-0.3226,-0.8438,-0.0776,-15.26,13.23,-10.64
0.191194,-0.3177,-0.8433,-0.0712,-14.21,12.67,-9.59
0.191791,-0.3148,-0.8423,-0.0708,-15.75,12.60,-11.13
0.192389,-0.3133,-0.8438,-0.0747,-14.49,12.04,-9.87
0.193359,-0.3133,-0.8423,-0.0786,-16.03,11.76,-11.69
0.193956,-0.3167,-0.8481,-0.0761,-16.24,10.85,-12.46
0.194553,-0.3152,-0.8447,-0.0781,-15.47,11.27,-10.15
0.195150,-0.3113,-0.8472,-0.0800,-16.17,10.43,-12.95
0.195747,-0.3113,-0.8491,-0.0825,-16.31,10.43,-10.64
0.196344,-0.3079,-0.8457,-0.0805,-16.10,9.45,-13.02
0.196942,-0.3128,-0.8496,-0.0805,-16.87,10.36,-10.64
0.197539,-0.3192,-0.8569,-0.0825,-16.10,8.82,-13.44
0.198136,-0.3148,-0.8584,-0.0844,-16.80,9.38,-10.57
0.198733,-0.3079,-0.8618,-0.0898,-16.59,8.54,-13.51
0.199330,-0.3104,-0.8647,-0.0893,-16.94,8.82,-10.99
0.199927,-0.3113,-0.8638,-0.0913,-16.73,7.77,-14.14
0.200524,-0.3094,-0.8638,-0.0942,-17.36,8.12,-10.85
0.201121,-0.3118,-0.8662,-0.0927,-17.22,7.00,-14.00
0.201718,-0.3099,-0.8686,-0.0947,-17.08,7.21,-11.13
0.202315,-0.3065,-0.8662,-0.0947,-17.29,6.30,-13.72
0.202912,-0.3055,-0.8657,-0.0952,-17.43,6.86,-10.85
0.203509,-0.3016,-0.8682,-0.0966,-17.50,5.67,-14.00
0.204107,-0.2957,-0.8672,-0.0966,-17.50,6.58,-10.85
0.205078,-0.2962,-0.8691,-0.0937,-17.43,5.39,-10.92
0.205675,-0.2991,-0.8672,-0.0913,-17.50,4.34,-13.79
0.206272,-0.2962,-0.8657,-0.0898,-17.57,5.25,-10.50
0.206869,-0.2918,-0.8657,-0.0937,-18.27,4.20,-13.30
0.207466,-0.2943,-0.8662,-0.0942,-17.64,4.83,-10.43
0.208063,-0.2938,-0.8677,-0.0966,-17.99,3.29,-12.81
0.208661,-0.2889,-0.8711,-0.0952,-17.99,4.48,-10.36
0.209258,-0.2899,-0.8730,-0.0947,-18.13,2.80,-12.46
0.209855,-0.2889,-0.8716,-0.0947,-18.13,3.78,-10.57
0.210452,-0.2884,-0.8730,-0.0922,-17.99,2.03,-12.60
0.211049,-0.2904,-0.8764,-0.0903,-18.41,3.36,-10.01
0.211646,-0.2899,-0.8789,-0.0903,-18.27,1.89,-11.97
0.212243,-0.2884,-0.8804,-0.0922,-18.20,2.87,-9.94
0.212840,-0.2865,-0.8847,-0.0874,-18.13,1.61,-11.76
0.213437,-0.2874,-0.8857,-0.0854,-18.27,2.38,-10.29
0.214034,-0.2894,-0.8862,-0.0854,-18.27,1.05,-11.20
0.214631,-0.2879,-0.8891,-0.0878,-17.78,1.75,-10.15
0.215228,-0.2850,-0.8847,-0.0888,-18.55,0.70,-10.92
0.215826,-0.2840,-0.8862,-0.0854,-17.57,0.70,-10.36
0.216797,-0.2865,-0.8906,-0.0815,-18.90,0.14,-10.29
0.217394,-0.2855,-0.8901,-0.0791,-17.29,0.35,-10.64
0.217991,-0.2874,-0.8926,-0.0820,-17.85,-0.42,-9.94
0.218588,-0.2913,-0.8974,-0.0844,-18.48,-0.28,-10.36
0.219185,-0.2899,-0.8935,-0.0839,-17.29,-0.98,-10.29
0.219782,-0.2899,-0.8940,-0.0834,-18.27,-0.42,-9.45
0.220380,-0.2899,-0.8974,-0.0854,-17.15,-1.89,-10.22
0.220977,-0.2899,-0.8969,-0.0869,-18.27,-0.77,-9.10
0.221574,-0.2952,-0.8974,-0.0854,-17.15,-2.66,-10.71
0.222171,-0.2948,-0.8974,-0.0874,-18.34,-1.26,-8.54
0.222768,-0.2933,-0.8945,-0.0903,-17.43,-2.66,-10.29
0.223365,-0.2962,-0.8916,-0.0849,-17.71,-1.96,-8.05
0.223962,-0.2957,-0.8896,-0.0815,-17.36,-3.22,-10.15
0.224559,-0.2957,-0.8852,-0.0844,-17.01,-2.52,-8.19
0.225156,-0.2957,-0.8823,-0.0854,-17.78,-3.43,-9.24
0.225753,-0.2962,-0.8818,-0.0839,-16.73,-3.22,-7.49
0.226350,-0.2952,-0.8818,-0.0834,-18.13,-4.20,-8.89
0.226948,-0.2943,-0.8779,-0.0878,-16.80,-3.50,-7.07
0.227545,-0.2957,-0.8779,-0.0883,-17.99,-5.11,-7.98
0.228516,-0.2967,-0.8799,-0.0839,-16.73,-4.06,-6.37
0.229113,-0.2987,-0.8799,-0.0844,-17.57,-5.04,-7.84
0.229710,-0.2996,-0.8794,-0.0913,-17.29,-4.34,-5.88
0.230307,-0.2987,-0.8779,-0.0947,-17.43,-6.09,-7.14
0.230904,-0.2982,-0.8774,-0.0952,-16.73,-5.04,-5.11
0.231501,-0.2982,-0.8764,-0.0956,-17.22,-6.30,-6.30
0.232099,-0.3001,-0.8760,-0.0942,-16.80,-5.39,-5.04
0.232696,-0.3035,-0.8764,-0.0913,-17.01,-7.07,-5.25
0.233293,-0.3055,-0.8745,-0.0898,-17.15,-5.81,-4.62
0.233890,-0.3040,-0.8750,-0.0947,-16.73,-7.42,-4.55
0.234487,-0.3026,-0.8799,-0.0956,-17.36,-6.30,-3.71
0.235084,-0.3030,-0.8755,-0.0927,-16.59,-8.26,-3.99
0.235681,-0.3021,-0.8716,-0.0898,-17.57,-6.79,-2.31
0.236278,-0.3040,-0.8740,-0.0878,-16.52,-8.33,-3.57
0.236875,-0.3065,-0.8740,-0.0849,-17.43,-7.77,-1.89
0.237472,-0.3035,-0.8725,-0.0830,-16.31,-8.19,-2.59
0.238069,-0.3030,-0.8696,-0.0825,-17.08,-8.26,-1.54
0.238667,-0.3040,-0.8696,-0.0820,-17.08,-8.54,-1.54
0.239264,-0.3050,-0.8711,-0.0756,-16.59,-9.03,-0.77
0.239264,-0.2996,-0.8672,-0.0698,-17.15,-9.10,-0.91
0.239855,-0.2991,-0.8691,-0.0664,-17.15,-10.15,-0.28
0.240452,-0.2982,-0.8691,-0.0634,-16.38,-9.10,-0.70
0.241049,-0.2962,-0.8706,-0.0664,-17.29,-9.73,0.77
0.241646,-0.2982,-0.8721,-0.0630,-16.31,-10.08,0.21
0.242243,-0.3016,-0.8730,-0.0590,-17.15,-10.50,0.91
0.242841,-0.3016,-0.8774,-0.0600,-16.45,-10.43,0.77
0.243438,-0.3065,-0.8799,-0.0551,-17.15,-10.85,1.33
0.244035,-0.3104,-0.8774,-0.0532,-16.24,-10.92,1.12
0.244632,-0.3118,-0.8779,-0.0542,-17.43,-11.20,1.54
0.245229,-0.3152,-0.8823,-0.0512,-16.10,-11.20,1.47
0.245826,-0.3201,-0.8833,-0.0478,-17.71,-11.27,2.45
0.246423,-0.3226,-0.8838,-0.0468,-15.96,-12.18,1.54
0.247020,-0.3192,-0.8872,-0.0439,-17.36,-11.62,3.01
0.247617,-0.3226,-0.8872,-0.0434,-16.10,-12.46,1.89
0.248214,-0.3279,-0.8857,-0.0473,-16.94,-12.25,3.08
0.248811,-0.3314,-0.8862,-0.0488,-16.52,-12.46,2.17
0.249409,-0.3348,-0.8872,-0.0464,-16.66,-13.16,3.43
0.250006,-0.3367,-0.8857,-0.0459,-16.87,-12.81,2.52
0.250977,-0.3436,-0.8886,-0.0405,-15.89,-13.51,3.78
0.251574,-0.3499,-0.8843,-0.0410,-15.96,-13.65,3.36
0.252171,-0.3499,-0.8779,-0.0337,-17.22,-13.79,3.99
0.252768,-0.3509,-0.8784,-0.0293,-15.33,-14.70,2.73
0.253365,-0.3567,-0.8804,-0.0298,-17.71,-14.21,4.62
0.253962,-0.3567,-0.8760,-0.0293,-15.47,-15.54,3.22
0.254560,-0.3567,-0.8721,-0.0288,-17.29,-14.77,4.41
0.255157,-0.3621,-0.8764,-0.0239,-15.82,-16.03,3.22
0.255754,-0.3670,-0.8764,-0.0210,-17.29,-15.54,4.27
0.256351,-0.3694,-0.8750,-0.0210,-15.89,-16.24,3.08
0.256948,-0.3704,-0.8799,-0.0210,-17.43,-15.61,4.34
0.257545,-0.3728,-0.8808,-0.0190,-15.89,-17.08,2.59
0.258142,-0.3723,-0.8823,-0.0171,-17.08,-16.24,4.62
0.258739,-0.3723,-0.8813,-0.0151,-16.10,-17.78,2.66
0.259336,-0.3797,-0.8838,-0.0166,-17.29,-16.24,4.27
0.259933,-0.3831,-0.8867,-0.0146,-16.31,-18.76,1.96
0.260530,-0.3875,-0.8877,-0.0083,-16.80,-17.15,3.57
0.261128,-0.3928,-0.8877,-0.0073,-16.38,-18.90,1.68
0.261725,-0.3938,-0.8843,-0.0059,-16.73,-17.50,2.80
0.262695,-0.3982,-0.8833,-0.0039,-16.59,-19.95,0.91
0.263292,-0.3987,-0.8847,-0.0068,-16.66,-20.37,-0.84
0.263889,-0.4011,-0.8901,-0.0039,-16.80,-18.76,2.45
0.264486,-0.4021,-0.8916,-0.0044,-16.52,-20.86,-1.82
0.265083,-0.4055,-0.8930,-0.0049,-16.87,-19.46,1.82
0.265680,-0.4099,-0.8926,-0.0024,-16.80,-21.56,-2.59
0.266278,-0.4114,-0.8886,-0.0015,-16.94,-20.23,1.12
0.266875,-0.4080,-0.8867,-0.0020,-16.94,-22.05,-3.64
0.267472,-0.4133,-0.8813,-0.0010,-17.01,-20.93,-0.14
0.268069,-0.4207,-0.8784,0.0000,-17.08,-22.33,-4.34
0.268666,-0.4182,-0.8784,0.0015,-16.80,-21.77,-1.82
0.269263,-0.4163,-0.8760,0.0044,-17.29,-22.75,-5.04
0.269860,-0.4197,-0.8725,0.0010,-16.66,-22.61,-3.01
0.270457,-0.4211,-0.8672,0.0015,-17.71,-23.52,-5.67
0.271054,-0.4197,-0.8672,0.0044,-16.45,-23.31,-4.20
0.271651,-0.4192,-0.8662,0.0039,-18.34,-23.52,-6.58
0.272248,-0.4202,-0.8599,0.0073,-16.87,-23.94,-5.60
0.272846,-0.4265,-0.8550,0.0073,-16.94,-23.66,-7.28
0.273443,-0.4246,-0.8555,0.0054,-18.48,-25.76,-7.56
0.275391,-0.4250,-0.8516,0.0059,-17.29,-24.71,-8.54
0.275988,-0.4250,-0.8481,0.0059,-18.69,-25.83,-8.82
0.276585,-0.4265,-0.8413,0.0034,-17.71,-25.55,-9.45
0.277182,-0.4309,-0.8316,0.0024,-19.11,-26.67,-9.24
0.277779,-0.4280,-0.8281,0.0029,-17.92,-26.32,-10.57
0.278376,-0.4255,-0.8257,0.0020,-19.53,-26.81,-10.01
0.278974,-0.4294,-0.8203,0.0005,-18.48,-27.37,-11.41
0.279571,-0.4270,-0.8150,-0.0005,-19.60,-26.81,-10.22
0.280168,-0.4197,-0.8091,0.0015,-18.97,-28.00,-12.32
0.280765,-0.4168,-0.8018,0.0029,-19.88,-27.51,-10.57
0.281362,-0.4153,-0.7979,-0.0015,-20.02,-28.28,-12.74
0.281959,-0.4119,-0.7940,0.0000,-19.81,-28.14,-11.62
0.282556,-0.4114,-0.7920,0.0034,-20.86,-28.63,-13.02
0.283153,-0.4099,-0.7881,0.0015,-19.81,-28.28,-12.25
0.283750,-0.4070,-0.7847,0.0005,-21.42,-29.40,-13.65
0.284347,-0.4080,-0.7798,0.0029,-20.51,-28.63,-12.32
0.284944,-0.4094,-0.7735,-0.0015,-22.47,-29.54,-13.86
0.285542,-0.4104,-0.7701,-0.0020,-23.03,-29.47,-14.00
0.286139,-0.4065,-0.7662,-0.0044,-21.42,-29.47,-12.88
0.286139,-0.4041,-0.7647,-0.0034,-23.24,-30.17,-14.35
0.286730,-0.4002,-0.7676,-0.0039,-22.40,-29.82,-12.32
0.287327,-0.3987,-0.7647,-0.0049,-23.80,-29.96,-14.77
0.287924,-0.3997,-0.7613,-0.0015,-22.82,-30.38,-12.32
0.288521,-0.3992,-0.7632,0.0020,-24.50,-29.89,-15.12
0.289118,-0.3977,-0.7603,0.0010,-23.38,-30.80,-12.32
0.289716,-0.3928,-0.7613,0.0054,-24.99,-29.82,-14.98
0.290313,-0.3909,-0.7657,0.0073,-23.94,-31.08,-12.25
0.290910,-0.3933,-0.7686,0.0039,-25.62,-30.31,-14.84
0.291507,-0.3948,-0.7686,0.0054,-24.64,-30.87,-12.11
0.292104,-0.3948,-0.7686,0.0078,-25.97,-30.66,-14.77
0.292701,-0.3924,-0.7706,0.0102,-25.62,-30.87,-12.25
0.293298,-0.3928,-0.7745,0.0132,-26.11,-30.73,-14.42
0.293895,-0.3963,-0.7784,0.0117,-26.46,-31.01,-12.25
0.294492,-0.3963,-0.7798,0.0132,-26.32,-31.08,-14.07
0.295089,-0.3972,-0.7828,0.0185,-27.02,-30.52,-11.90
0.295686,-0.3953,-0.7837,0.0142,-26.60,-31.22,-14.00
0.296284,-0.3933,-0.7847,0.0156,-27.37,-30.31,-11.83
0.296881,-0.4006,-0.7867,0.0181,-27.23,-31.29,-13.58
0.297852,-0.4036,-0.7896,0.0142,-27.58,-30.87,-11.20
0.298449,-0.4026,-0.7930,0.0137,-27.72,-31.22,-12.67
0.299046,-0.4021,-0.7959,0.0102,-27.79,-31.08,-10.99
0.299643,-0.4041,-0.7959,0.0063,-28.63,-30.94,-11.90
0.300240,-0.4050,-0.7984,0.0044,-27.65,-31.29,-10.43
0.300837,-0.4080,-0.8047,0.0049,-28.98,-30.87,-11.20
0.301435,-0.4114,-0.8081,0.0010,-28.14,-31.57,-9.87
0.302032,-0.4094,-0.8140,-0.0020,-29.12,-30.52,-10.43
0.302629,-0.4065,-0.8135,-0.0039,-28.35,-31.71,-9.38
0.303226,-0.3992,-0.8125,-0.0083,-29.33,-30.87,-9.24
0.303823,-0.3967,-0.8184,-0.0068,-28.56,-31.57,-8.33
0.304420,-0.4016,-0.8228,-0.0054,-29.54,-30.80,-8.19
0.305017,-0.3977,-0.8262,-0.0107,-28.91,-31.36,-7.49
0.305614,-0.3924,-0.8296,-0.0156,-29.47,-30.59,-7.28
0.306211,-0.3953,-0.8311,-0.0176,-29.33,-31.29,-6.58
0.306808,-0.3972,-0.8325,-0.0234,-29.19,-30.73,-6.09
0.307405,-0.3977,-0.8335,-0.0293,-29.19,-29.89,-4.90
0.308003,-0.3967,-0.8345,-0.0337,-29.47,-31.85,-4.27
0.308600,-0.3948,-0.8384,-0.0342,-29.61,-29.33,-3.71
0.309570,-0.3982,-0.8418,-0.0342,-29.33,-31.78,-3.15
0.310167,-0.3997,-0.8438,-0.0342,-29.47,-29.68,-2.24
0.310764,-0.3992,-0.8423,-0.0356,-29.19,-31.29,-2.38
0.311361,-0.4026,-0.8403,-0.0390,-29.68,-29.12,-0.84
0.311958,-0.4050,-0.8428,-0.0410,-29.33,-31.22,-1.40
0.312555,-0.4011,-0.8501,-0.0371,-29.54,-29.61,-0.14
0.313153,-0.3987,-0.8550,-0.0371,-29.54,-30.59,-1.05
0.313750,-0.3987,-0.8599,-0.0405,-29.05,-29.61,1.54
0.314347,-0.3977,-0.8647,-0.0420,-29.47,-30.38,0.21
0.314944,-0.3982,-0.8686,-0.0381,-28.77,-29.19,2.66
0.315541,-0.4016,-0.8716,-0.0303,-29.40,-30.31,0.42
0.316138,-0.3987,-0.8755,-0.0273,-28.56,-29.12,3.22
0.316735,-0.3958,-0.8813,-0.0273,-29.19,-29.75,1.19
0.317332,-0.4011,-0.8886,-0.0268,-28.21,-28.98,4.83
0.317929,-0.4016,-0.8950,-0.0346,-28.77,-29.54,2.31
0.318526,-0.4080,-0.9052,-0.0376,-28.14,-28.98,5.88
0.319123,-0.4075,-0.9121,-0.0366,-28.07,-28.35,6.86
0.319721,-0.4085,-0.9126,-0.0342,-27.58,-29.40,3.50
0.320318,-0.4080,-0.9126,-0.0332,-27.79,-27.93,8.47
0.320318,-0.4080,-0.9150,-0.0303,-27.30,-28.84,4.62
0.320909,-0.4080,-0.9174,-0.0268,-27.09,-27.79,9.17
0.321506,-0.4089,-0.9213,-0.0273,-26.88,-28.63,4.97
0.322103,-0.4055,-0.9189,-0.0312,-26.67,-28.28,10.15
0.322700,-0.4006,-0.9140,-0.0351,-26.88,-28.21,6.72
0.323297,-0.3992,-0.9126,-0.0337,-25.83,-27.65,10.71
0.323895,-0.3977,-0.9174,-0.0322,-26.18,-28.07,7.91
0.324492,-0.3987,-0.9155,-0.0386,-25.62,-26.88,11.20
0.325089,-0.3982,-0.9116,-0.0386,-25.90,-28.21,9.31
0.325686,-0.3967,-0.9135,-0.0361,-25.27,-26.04,11.48
0.326283,-0.3992,-0.9106,-0.0405,-25.34,-28.07,10.22
0.326880,-0.4016,-0.9082,-0.0439,-24.71,-26.11,12.25
0.327477,-0.4021,-0.9033,-0.0454,-25.13,-27.37,11.06
0.328074,-0.4041,-0.9033,-0.0503,-24.08,-26.25,12.88
0.328671,-0.4075,-0.9023,-0.0586,-24.64,-27.02,12.39
0.329268,-0.4119,-0.9004,-0.0620,-23.80,-26.53,14.00
0.329865,-0.4138,-0.9028,-0.0600,-24.29,-26.18,12.81
0.330463,-0.4138,-0.8994,-0.0571,-23.38,-26.25,14.77
0.331060,-0.4143,-0.8960,-0.0556,-23.80,-26.04,13.79
0.332031,-0.4124,-0.8916,-0.0561,-22.82,-25.76,14.98
0.332628,-0.4148,-0.8823,-0.0586,-23.59,-26.04,14.98
0.333225,-0.4202,-0.8774,-0.0581,-22.68,-25.41,15.54
0.333822,-0.4216,-0.8779,-0.0556,-22.82,-25.83,15.96
0.334419,-0.4197,-0.8769,-0.0566,-22.54,-24.85,16.10
0.335016,-0.4197,-0.8711,-0.0600,-22.47,-25.90,17.15
0.335614,-0.4226,-0.8667,-0.0605,-22.33,-24.29,16.87
0.336211,-0.4260,-0.8667,-0.0600,-22.33,-25.90,18.06
0.336808,-0.4255,-0.8647,-0.0600,-22.05,-24.36,17.78
0.337405,-0.4226,-0.8599,-0.0590,-21.98,-24.85,19.11
0.338002,-0.4250,-0.8569,-0.0556,-21.70,-24.15,18.20
0.338599,-0.4299,-0.8560,-0.0522,-21.70,-24.85,19.95
0.339196,-0.4299,-0.8574,-0.0498,-21.49,-24.01,19.18
0.339793,-0.4285,-0.8574,-0.0512,-21.84,-24.43,20.65
0.340390,-0.4299,-0.8574,-0.0517,-21.07,-24.08,19.88
0.340987,-0.4260,-0.8540,-0.0527,-20.65,-23.87,19.88
0.341584,-0.4250,-0.8530,-0.0532,-21.84,-23.45,23.31
0.342182,-0.4280,-0.8477,-0.0517,-20.58,-23.52,20.44
0.342779,-0.4255,-0.8457,-0.0503,-21.28,-23.59,24.64
0.343750,-0.4221,-0.8472,-0.0488,-20.79,-23.10,21.07
0.344347,-0.4231,-0.8477,-0.0488,-21.07,-23.45,25.69
0.344944,-0.4226,-0.8477,-0.0454,-20.58,-22.89,21.70
0.345541,-0.4221,-0.8418,-0.0434,-20.51,-23.03,26.81
0.346138,-0.4207,-0.8408,-0.0425,-20.79,-22.82,22.47
0.346735,-0.4187,-0.8394,-0.0429,-20.37,-22.89,27.44
0.347333,-0.4168,-0.8350,-0.0400,-20.58,-22.75,23.31
0.347930,-0.4119,-0.8340,-0.0342,-20.58,-21.91,28.07
0.348527,-0.4099,-0.8306,-0.0346,-20.51,-22.54,24.78
0.349124,-0.4148,-0.8286,-0.0351,-20.09,-21.84,28.70
0.349721,-0.4138,-0.8281,-0.0346,-20.65,-22.40,25.55
0.350318,-0.4104,-0.8272,-0.0381,-20.30,-21.35,29.54
0.350915,-0.4075,-0.8223,-0.0420,-20.65,-22.05,26.60
0.351512,-0.4070,-0.8154,-0.0371,-20.16,-21.07,30.10
0.352109,-0.4177,-0.8135,-0.0390,-20.02,-20.65,31.57
0.352706,-0.4177,-0.8125,-0.0366,-21.07,-21.84,28.84
0.353304,-0.4143,-0.8101,-0.0371,-19.88,-19.60,31.43
0.353901,-0.4109,-0.8052,-0.0410,-20.86,-21.70,29.89
0.354498,-0.4104,-0.8003,-0.0356,-20.23,-19.74,31.99
0.355469,-0.4124,-0.7959,-0.0322,-21.00,-20.79,30.80
0.356066,-0.4138,-0.7910,-0.0361,-20.72,-19.67,33.18
0.356663,-0.4124,-0.7871,-0.0381,-21.21,-20.30,31.29
0.357260,-0.4119,-0.7876,-0.0390,-20.44,-19.53,33.95
0.357857,-0.4128,-0.7847,-0.0405,-21.35,-19.88,31.99
0.358454,-0.4133,-0.7764,-0.0420,-20.79,-19.53,35.14
0.359052,-0.4119,-0.7715,-0.0468,-21.63,-19.74,32.90
0.359649,-0.4075,-0.7720,-0.0478,-21.28,-19.32,36.12
0.360246,-0.4065,-0.7706,-0.0459,-21.70,-19.25,34.02
0.360843,-0.4099,-0.7681,-0.0503,-21.63,-18.55,36.33
0.361440,-0.4080,-0.7686,-0.0561,-21.91,-18.97,35.21
0.362037,-0.4016,-0.7691,-0.0586,-21.91,-18.20,37.24
0.362634,-0.4011,-0.7720,-0.0581,-22.12,-19.04,35.98
0.363231,-0.3992,-0.7759,-0.0556,-22.26,-17.50,37.59
0.363828,-0.3948,-0.7779,-0.0556,-21.98,-18.69,36.89
0.364425,-0.3933,-0.7735,-0.0566,-22.47,-17.15,38.01
0.365023,-0.3924,-0.7725,-0.0595,-22.33,-18.06,38.22
0.365620,-0.3909,-0.7779,-0.0615,-22.89,-16.73,38.78
0.366217,-0.3870,-0.7808,-0.0581,-22.82,-17.50,38.85
0.366217,-0.3845,-0.7842,-0.0581,-23.17,-16.31,39.06
0.366808,-0.3802,-0.7847,-0.0595,-22.68,-17.22,39.48
0.367405,-0.3782,-0.7871,-0.0649,-23.24,-15.54,39.13
0.368002,-0.3777,-0.7925,-0.0610,-22.89,-17.08,40.53
0.368599,-0.3748,-0.7950,-0.0551,-23.73,-15.33,39.83
0.369196,-0.3743,-0.7993,-0.0605,-22.89,-16.45,40.95
0.369794,-0.3743,-0.8018,-0.0610,-24.01,-14.98,40.18
0.370391,-0.3733,-0.8023,-0.0590,-22.89,-15.75,41.16
0.370988,-0.3714,-0.8072,-0.0610,-23.87,-14.42,40.18
0.371585,-0.3699,-0.8106,-0.0634,-23.17,-14.84,41.44
0.372182,-0.3699,-0.8140,-0.0625,-23.80,-14.07,40.67
0.372779,-0.3699,-0.8184,-0.0620,-23.45,-14.35,41.86
0.373376,-0.3675,-0.8276,-0.0654,-23.31,-13.65,40.32
0.373973,-0.3640,-0.8311,-0.0644,-23.45,-14.00,42.35
0.374570,-0.3582,-0.8301,-0.0644,-23.80,-12.88,40.81
0.375167,-0.3553,-0.8359,-0.0678,-23.38,-13.65,41.86
0.375764,-0.3592,-0.8374,-0.0693,-23.17,-12.18,40.88
0.376362,-0.3601,-0.8418,-0.0703,-23.73,-12.95,42.21
0.376959,-0.3592,-0.8481,-0.0727,-23.10,-11.90,40.95
0.376959,-0.3597,-0.8530,-0.0727,-23.52,-12.32,42.42
0.377550,-0.3582,-0.8584,-0.0712,-22.75,-11.55,40.53
0.378147,-0.3572,-0.8628,-0.0737,-23.59,-11.48,42.56
0.378744,-0.3562,-0.8662,-0.0771,-22.54,-11.13,41.09
0.379341,-0.3533,-0.8706,-0.0795,-23.80,-10.43,42.63
0.379938,-0.3543,-0.8755,-0.0815,-22.12,-10.71,40.95
0.380536,-0.3543,-0.8789,-0.0810,-23.52,-10.08,42.63
0.381133,-0.3533,-0.8804,-0.0815,-21.77,-10.64,41.30
0.381730,-0.3489,-0.8843,-0.0839,-23.03,-9.94,42.77
0.382327,-0.3460,-0.8906,-0.0864,-21.77,-9.66,40.88
0.382924,-0.3460,-0.8974,-0.0922,-22.19,-9.45,42.84
0.383521,-0.3445,-0.8999,-0.0922,-21.84,-9.17,40.88
0.384118,-0.3436,-0.9008,-0.0893,-21.49,-8.96,42.77
0.384715,-0.3436,-0.9072,-0.0937,-21.70,-8.75,41.09
0.385312,-0.3421,-0.9150,-0.0927,-21.14,-8.47,42.70
0.385909,-0.3421,-0.9199,-0.0917,-21.42,-7.91,41.23
0.386506,-0.3436,-0.9257,-0.0922,-20.09,-8.26,42.07
0.387104,-0.3411,-0.9296,-0.0937,-21.28,-7.49,41.72
0.387701,-0.3396,-0.9321,-0.0947,-19.60,-7.63,42.49
0.388672,-0.3372,-0.9350,-0.0913,-20.72,-6.65,41.30
0.389269,-0.3392,-0.9374,-0.0927,-19.11,-7.42,42.35
0.389866,-0.3372,-0.9462,-0.0947,-20.37,-6.02,40.81
0.390463,-0.3328,-0.9506,-0.0917,-18.48,-7.07,42.21
0.391060,-0.3309,-0.9540,-0.0917,-19.46,-5.53,40.95
0.391657,-0.3294,-0.9618,-0.0922,-18.27,-6.58,41.93
0.392255,-0.3314,-0.9648,-0.0903,-18.90,-4.83,40.60
0.392852,-0.3333,-0.9687,-0.0917,-17.78,-5.95,41.93
0.393449,-0.3299,-0.9726,-0.0942,-17.78,-4.48,40.18
0.394046,-0.3304,-0.9775,-0.0927,-17.57,-5.25,41.51
0.394643,-0.3367,-0.9848,-0.0932,-17.01,-4.13,39.55
0.395240,-0.3357,-0.9911,-0.0942,-16.94,-4.76,41.58
0.395837,-0.3304,-0.9926,-0.0952,-15.96,-4.27,39.13
0.396434,-0.3314,-0.9941,-0.0956,-16.31,-4.06,41.16
0.397031,-0.3328,-0.9989,-0.0971,-14.91,-4.13,38.71
0.397628,-0.3318,-1.0053,-0.0981,-15.82,-3.43,41.02
0.398225,-0.3338,-1.0111,-0.0991,-13.86,-3.57,37.52
0.398823,-0.3328,-1.0136,-0.1015,-15.12,-3.36,40.46
0.399420,-0.3338,-1.0165,-0.0991,-13.16,-3.64,37.80
0.399420,-0.3353,-1.0175,-0.0986,-14.21,-2.80,39.55
0.400011,-0.3367,-1.0185,-0.1035,-12.39,-3.57,37.45
0.400608,-0.3367,-1.0194,-0.1059,-13.37,-2.38,38.64
0.401205,-0.3353,-1.0199,-0.1064,-11.48,-3.22,36.96
0.401802,-0.3382,-1.0243,-0.1078,-12.32,-2.59,37.66
0.402399,-0.3406,-1.0268,-0.1054,-11.20,-2.59,36.61
0.402997,-0.3445,-1.0282,-0.1074,-11.06,-2.59,36.89
0.403594,-0.3465,-1.0316,-0.1122,-10.50,-2.59,35.84
0.404191,-0.3416,-1.0321,-0.1122,-10.22,-2.31,36.54
0.404788,-0.3431,-1.0292,-0.1137,-9.80,-2.59,35.49
0.405385,-0.3465,-1.0316,-0.1166,-9.45,-2.31,35.70
0.405982,-0.3475,-1.0370,-0.1152,-9.17,-2.24,34.93
0.406579,-0.3489,-1.0385,-0.1127,-8.82,-2.31,35.21
0.407176,-0.3455,-1.0419,-0.1161,-7.91,-2.10,34.02
0.407773,-0.3406,-1.0458,-0.1157,-8.33,-2.80,34.65
0.408370,-0.3377,-1.0516,-0.1157,-7.14,-2.66,33.88
0.408967,-0.3348,-1.0546,-0.1181,-6.37,-2.31,32.83
0.409565,-0.3353,-1.0546,-0.1220,-6.23,-2.24,33.39
0.410162,-0.3431,-1.0565,-0.1196,-5.67,-2.45,32.83
0.411133,-0.3465,-1.0551,-0.1171,-5.25,-2.52,32.06
0.411730,-0.3421,-1.0565,-0.1152,-5.04,-2.10,32.76
0.412327,-0.3406,-1.0609,-0.1161,-4.27,-2.73,31.43
0.412924,-0.3406,-1.0629,-0.1171,-4.62,-2.03,32.27
0.413521,-0.3372,-1.0619,-0.1137,-3.08,-3.01,30.94
0.414118,-0.3362,-1.0619,-0.1113,-3.85,-2.31,31.85
0.414716,-0.3392,-1.0648,-0.1127,-2.31,-2.80,29.75
0.415313,-0.3377,-1.0668,-0.1157,-3.15,-2.73,31.36
0.415910,-0.3411,-1.0673,-0.1122,-1.40,-3.36,29.19
0.416507,-0.3426,-1.0687,-0.1074,-2.52,-2.24,30.80
0.417104,-0.3392,-1.0687,-0.1049,-0.49,-3.29,28.56
0.417701,-0.3445,-1.0658,-0.1039,-2.24,-2.73,30.59
0.418298,-0.3455,-1.0682,-0.1054,0.00,-3.57,28.28
0.418895,-0.3426,-1.0746,-0.1035,-1.26,-3.15,30.38
0.419492,-0.3431,-1.0751,-0.1000,0.42,-3.92,27.58
0.420089,-0.3401,-1.0716,-0.1030,-0.14,-3.57,29.89
0.420686,-0.3382,-1.0707,-0.1025,0.56,-3.85,27.23
0.421284,-0.3387,-1.0648,-0.0981,1.12,-4.55,26.88
0.421881,-0.3387,-1.0629,-0.0991,1.68,-4.48,29.33
0.422852,-0.3445,-1.0585,-0.1015,1.33,-4.90,26.81
0.423449,-0.3465,-1.0546,-0.1015,2.24,-4.76,29.54
0.424046,-0.3445,-1.0555,-0.1000,1.75,-5.25,26.18
0.424643,-0.3475,-1.0512,-0.1015,2.52,-5.18,29.47
0.425240,-0.3509,-1.0429,-0.1020,1.96,-5.74,26.39
0.425837,-0.3528,-1.0399,-0.1010,2.94,-5.81,29.54
0.426435,-0.3553,-1.0380,-0.1020,2.24,-6.23,26.32
0.427032,-0.3558,-1.0341,-0.1025,3.50,-6.51,29.19
0.427629,-0.3577,-1.0307,-0.1015,2.45,-6.72,26.18
0.428226,-0.3606,-1.0228,-0.0996,3.85,-7.14,29.40
0.428823,-0.3601,-1.0141,-0.0981,2.24,-7.21,26.11
0.429420,-0.3577,-1.0102,-0.1015,4.27,-8.33,29.75
0.430017,-0.3533,-1.0038,-0.1010,2.10,-7.77,26.74
0.430614,-0.3548,-0.9989,-0.1010,4.13,-8.96,29.82
0.431211,-0.3606,-1.0004,-0.1025,2.38,-8.54,26.46
0.431808,-0.3582,-0.9984,-0.0986,4.27,-9.24,29.96
0.432405,-0.3484,-0.9945,-0.0986,2.52,-9.52,27.02
0.433003,-0.3509,-0.9897,-0.1030,3.71,-9.73,30.52
0.433600,-0.3562,-0.9853,-0.1020,2.59,-10.43,27.65
0.433600,-0.3538,-0.9833,-0.0991,3.57,-10.50,30.87
0.434191,-0.3533,-0.9814,-0.1030,2.59,-11.13,28.00
0.434788,-0.3523,-0.9789,-0.1035,3.01,-11.13,31.01
0.435385,-0.3548,-0.9755,-0.0991,2.52,-11.90,28.63
0.435982,-0.3587,-0.9716,-0.0961,2.66,-12.25,31.50
0.436579,-0.3562,-0.9697,-0.0961,1.82,-12.88,29.19
0.437177,-0.3562,-0.9716,-0.0956,2.94,-12.81,31.99
0.437774,-0.3606,-0.9706,-0.0966,1.61,-14.00,29.19
0.438371,-0.3592,-0.9677,-0.0952,2.45,-13.65,32.34
0.438968,-0.3592,-0.9658,-0.0947,1.05,-14.49,29.54
0.439565,-0.3645,-0.9677,-0.0913,2.24,-14.77,32.69
0.440162,-0.3694,-0.9716,-0.0874,0.21,-15.47,30.38
0.440759,-0.3723,-0.9706,-0.0888,1.89,-15.89,33.18
0.441356,-0.3792,-0.9701,-0.0903,0.21,-16.45,30.87
0.441953,-0.3777,-0.9740,-0.0903,-0.42,-17.22,31.36
0.442550,-0.3787,-0.9736,-0.0913,0.84,-18.06,34.93
0.443147,-0.3797,-0.9731,-0.0932,-0.77,-18.41,32.13
0.443745,-0.3821,-0.9755,-0.0942,0.14,-19.18,35.07
0.444342,-0.3841,-0.9775,-0.0908,-1.33,-19.32,32.62
0.445312,-0.3860,-0.9794,-0.0917,-0.35,-20.23,35.49
0.445909,-0.3919,-0.9809,-0.0917,-1.75,-20.65,33.11
0.446506,-0.3948,-0.9853,-0.0937,-0.91,-21.21,35.84
0.447103,-0.3914,-0.9843,-0.0961,-2.38,-21.98,34.44
0.447700,-0.3904,-0.9814,-0.0971,-1.26,-22.54,36.12
0.448297,-0.3938,-0.9862,-0.0952,-3.01,-22.96,35.35
0.448895,-0.3953,-0.9897,-0.0937,-1.75,-23.66,36.61
0.449492,-0.3958,-0.9921,-0.0976,-3.64,-24.64,36.61
0.450089,-0.3967,-0.9950,-0.0961,-2.38,-24.92,36.96
0.450686,-0.4002,-0.9989,-0.0913,-4.20,-25.69,37.45
0.451283,-0.4021,-1.0014,-0.0917,-3.01,-25.90,37.59
0.451880,-0.4036,-1.0024,-0.0917,-4.20,-26.95,38.08
0.452477,-0.4060,-1.0048,-0.0942,-3.64,-27.37,38.50
0.453074,-0.4026,-1.0053,-0.0956,-4.69,-28.42,38.64
0.453671,-0.4002,-1.0092,-0.0952,-4.55,-28.63,39.13
0.454268,-0.4046,-1.0141,-0.0971,-4.90,-29.33,38.85
0.454865,-0.4060,-1.0150,-0.0976,-5.25,-30.59,39.76
0.455463,-0.4036,-1.0155,-0.0981,-5.46,-29.82,39.62
0.456060,-0.4036,-1.0194,-0.0986,-6.09,-31.92,40.53
0.456060,-0.4031,-1.0253,-0.0961,-5.95,-31.43,40.25
0.456652,-0.4041,-1.0277,-0.0961,-6.44,-33.32,40.60
0.457249,-0.4050,-1.0321,-0.0981,-6.51,-32.41,40.88
0.457846,-0.4016,-1.0365,-0.1010,-6.93,-34.79,41.37
0.458443,-0.4041,-1.0350,-0.1044,-7.07,-33.25,41.23
0.459040,-0.4046,-1.0365,-0.1020,-7.07,-35.91,41.30
0.459638,-0.4031,-1.0424,-0.0922,-8.05,-34.86,41.44
0.460235,-0.4041,-1.0492,-0.0942,-7.49,-37.52,41.58
0.460832,-0.4026,-1.0555,-0.0981,-8.96,-35.77,42.42
0.461429,-0.4011,-1.0585,-0.0966,-7.91,-38.43,40.95
0.462026,-0.3982,-1.0624,-0.0981,-9.03,-37.52,42.56
0.462623,-0.3997,-1.0677,-0.0996,-8.61,-39.90,41.09
0.463220,-0.3997,-1.0731,-0.1035,-9.31,-38.64,42.84
0.463817,-0.4031,-1.0790,-0.0986,-9.10,-40.95,40.60
0.464414,-0.4109,-1.0873,-0.0947,-9.94,-40.18,42.84
0.465011,-0.4094,-1.0936,-0.0981,-9.59,-41.44,40.39
0.465608,-0.4070,-1.0975,-0.1005,-10.08,-41.37,42.70
0.466206,-0.4060,-1.1024,-0.0976,-10.29,-43.12,39.90
0.466803,-0.4050,-1.1102,-0.0981,-10.43,-42.84,42.14
0.467773,-0.4050,-1.1180,-0.0986,-10.50,-44.17,39.20
0.468370,-0.4031,-1.1214,-0.1020,-10.64,-44.31,41.93
0.468967,-0.4055,-1.1219,-0.1025,-10.92,-45.15,37.94
0.469564,-0.4075,-1.1244,-0.1025,-10.78,-45.57,41.65
0.470161,-0.4065,-1.1278,-0.1088,-11.69,-46.62,37.10
0.470758,-0.4065,-1.1302,-0.1054,-10.57,-46.55,40.67
0.471356,-0.4065,-1.1346,-0.1015,-12.18,-47.60,36.26
0.471953,-0.4026,-1.1356,-0.1039,-10.78,-47.67,39.69
0.472550,-0.3997,-1.1390,-0.1083,-12.81,-49.00,35.21
0.473147,-0.4002,-1.1483,-0.1078,-10.92,-48.86,38.50
0.473744,-0.3997,-1.1522,-0.1069,-13.44,-50.05,34.37
0.474341,-0.4036,-1.1541,-0.1118,-11.06,-49.77,37.10
0.474938,-0.4050,-1.1570,-0.1166,-13.37,-51.03,33.25
0.475535,-0.3992,-1.1600,-0.1181,-11.13,-51.38,36.12
0.476132,-0.3977,-1.1639,-0.1157,-14.07,-51.87,32.27
0.476729,-0.3967,-1.1683,-0.1215,-11.34,-52.50,35.00
0.477326,-0.3943,-1.1722,-0.1215,-13.86,-52.64,30.73
0.477924,-0.3963,-1.1746,-0.1191,-12.04,-53.69,33.95
0.478521,-0.3992,-1.1785,-0.1196,-14.21,-53.97,29.26
0.478521,-0.3992,-1.1795,-0.1215,-12.46,-54.88,33.11
0.479113,-0.3972,-1.1771,-0.1205,-12.39,-55.86,31.43
0.479710,-0.3967,-1.1805,-0.1230,-14.35,-56.14,26.95
0.480307,-0.3963,-1.1854,-0.1293,-12.95,-56.42,30.24
0.480904,-0.3953,-1.1829,-0.1322,-14.49,-57.40,26.18
0.481501,-0.3889,-1.1800,-0.1303,-13.37,-57.54,28.21
0.482099,-0.3865,-1.1844,-0.1293,-14.84,-58.87,25.06
0.482696,-0.3865,-1.1824,-0.1293,-13.65,-57.96,26.60
0.483293,-0.3806,-1.1805,-0.1303,-14.49,-60.06,24.22
0.483890,-0.3772,-1.1800,-0.1337,-14.35,-58.73,25.34
0.484487,-0.3767,-1.1800,-0.1332,-14.84,-61.25,23.73
0.485084,-0.3767,-1.1805,-0.1322,-15.12,-59.50,24.01
0.485681,-0.3777,-1.1771,-0.1362,-14.77,-61.46,22.33
0.486278,-0.3772,-1.1761,-0.1381,-15.33,-60.20,22.68
0.486875,-0.3738,-1.1732,-0.1401,-15.33,-62.23,21.07
0.487472,-0.3689,-1.1688,-0.1327,-15.68,-62.86,20.16
0.488069,-0.3675,-1.1722,-0.1298,-15.82,-61.95,19.95
0.488667,-0.3675,-1.1727,-0.1303,-16.38,-63.07,19.32
0.489264,-0.3675,-1.1683,-0.1332,-16.52,-62.79,18.97
0.490234,-0.3699,-1.1619,-0.1366,-16.31,-64.19,18.06
0.490831,-0.3699,-1.1590,-0.1332,-16.73,-63.63,17.92
0.491428,-0.3655,-1.1595,-0.1332,-17.01,-64.47,16.94
0.492025,-0.3597,-1.1575,-0.1342,-17.50,-64.05,16.59
0.492622,-0.3577,-1.1570,-0.1337,-17.15,-64.82,15.47
0.493219,-0.3582,-1.1610,-0.1347,-17.50,-64.89,15.54
0.493817,-0.3577,-1.1614,-0.1318,-18.13,-65.03,14.42
0.494414,-0.3592,-1.1595,-0.1327,-17.64,-65.94,14.00
0.495011,-0.3562,-1.1590,-0.1362,-18.69,-65.31,13.65
0.495608,-0.3553,-1.1580,-0.1376,-17.99,-66.71,12.74
0.496205,-0.3582,-1.1595,-0.1366,-19.39,-66.01,12.46
0.496802,-0.3601,-1.1605,-0.1342,-18.55,-66.36,11.69
0.497399,-0.3592,-1.1580,-0.1371,-19.67,-66.57,11.48
0.497996,-0.3611,-1.1580,-0.1391,-19.46,-66.57,10.78
0.498593,-0.3587,-1.1580,-0.1386,-19.60,-67.41,10.22
0.499190,-0.3601,-1.1605,-0.1449,-20.16,-67.69,9.52
0.499787,-0.3621,-1.1610,-0.1469,-20.30,-68.04,8.54
0.500385,-0.3665,-1.1590,-0.1464,-20.72,-67.48,7.84
0.500982,-0.3709,-1.1605,-0.1518,-20.72,-68.60,8.19
0.501953,-0.3714,-1.1644,-0.1557,-21.35,-67.55,6.93
0.502550,-0.3684,-1.1653,-0.1557,-21.35,-69.58,7.42
0.503147,-0.3709,-1.1644,-0.1566,-21.49,-68.25,5.88
0.503744,-0.3767,-1.1649,-0.1552,-21.77,-69.37,6.72
0.504341,-0.3802,-1.1629,-0.1566,-21.77,-68.53,5.32
0.504938,-0.3806,-1.1619,-0.1620,-22.33,-69.72,5.81
0.505536,-0.3792,-1.1634,-0.1625,-21.84,-69.37,4.69
0.506133,-0.3787,-1.1634,-0.1606,-22.89,-70.00,5.25
0.506730,-0.3802,-1.1629,-0.1591,-22.47,-70.14,4.27
0.507327,-0.3831,-1.1658,-0.1630,-23.24,-70.49,4.76
0.507924,-0.3836,-1.1663,-0.1645,-23.03,-69.86,3.43
0.508521,-0.3811,-1.1644,-0.1732,-23.31,-71.40,4.76
0.509118,-0.3802,-1.1649,-0.1713,-23.45,-71.40,4.06
0.509715,-0.3831,-1.1688,-0.1718,-23.59,-70.91,3.78
0.510312,-0.3782,-1.1673,-0.1742,-24.99,-71.47,3.29
0.510909,-0.3743,-1.1707,-0.1752,-23.87,-71.26,2.94
0.511506,-0.3767,-1.1736,-0.1732,-25.27,-71.96,3.15
0.512104,-0.3811,-1.1697,-0.1752,-24.29,-71.47,2.38
0.512701,-0.3821,-1.1688,-0.1801,-25.97,-71.96,3.43
0.514648,-0.3787,-1.1722,-0.1762,-24.57,-71.68,2.10
0.515245,-0.3758,-1.1766,-0.1708,-25.90,-72.31,3.92
0.515842,-0.3762,-1.1795,-0.1708,-24.85,-72.10,1.33
0.516439,-0.3748,-1.1810,-0.1713,-26.25,-72.38,3.99
0.517036,-0.3762,-1.1834,-0.1688,-25.34,-72.10,1.33
0.517633,-0.3806,-1.1814,-0.1679,-26.46,-72.38,4.13
0.518231,-0.3797,-1.1790,-0.1723,-25.76,-72.17,0.77
0.518828,-0.3797,-1.1829,-0.1737,-26.25,-72.87,4.20
0.519425,-0.3787,-1.1844,-0.1732,-26.67,-71.96,0.56
0.520022,-0.3811,-1.1868,-0.1723,-26.18,-72.80,3.99
0.520619,-0.3865,-1.1888,-0.1688,-27.16,-72.24,0.21
0.521216,-0.3850,-1.1888,-0.1684,-25.97,-72.66,3.50
0.521813,-0.3855,-1.1922,-0.1679,-27.30,-72.52,-0.21
0.522410,-0.3899,-1.1956,-0.1698,-26.11,-72.66,3.64
0.523007,-0.3967,-1.1966,-0.1708,-27.93,-72.10,-0.98
0.523604,-0.3977,-1.2010,-0.1684,-26.04,-73.29,3.57
0.524202,-0.3963,-1.2000,-0.1679,-28.35,-72.03,-1.12
0.524799,-0.4006,-1.1961,-0.1674,-26.18,-73.36,2.80
0.525396,-0.4046,-1.2010,-0.1654,-28.70,-72.17,-1.47
0.525396,-0.4046,-1.2073,-0.1640,-26.32,-73.57,2.45
0.525988,-0.4046,-1.2112,-0.1664,-28.21,-72.87,-2.03
0.526585,-0.4099,-1.2137,-0.1698,-26.67,-73.01,1.61
0.527182,-0.4168,-1.2127,-0.1703,-28.42,-72.31,-1.54
0.527779,-0.4197,-1.2132,-0.1679,-26.81,-73.01,1.12
0.528376,-0.4231,-1.2141,-0.1679,-28.07,-72.80,-2.03
0.528974,-0.4304,-1.2166,-0.1698,-27.65,-73.08,0.77
0.529571,-0.4343,-1.2215,-0.1693,-27.65,-73.36,-2.24
0.530168,-0.4358,-1.2220,-0.1693,-27.44,-73.08,0.00
0.530765,-0.4421,-1.2224,-0.1669,-28.07,-73.15,-2.03
0.531362,-0.4460,-1.2278,-0.1664,-27.37,-73.50,-0.21
0.531959,-0.4504,-1.2298,-0.1640,-27.79,-73.22,-2.59
0.532556,-0.4543,-1.2263,-0.1610,-27.16,-73.50,-0.98
0.533153,-0.4592,-1.2278,-0.1645,-27.93,-73.71,-2.38
0.533750,-0.4612,-1.2298,-0.1664,-27.02,-73.57,-2.03
0.534347,-0.4626,-1.2283,-0.1606,-27.58,-73.92,-2.87
0.534945,-0.4680,-1.2317,-0.1591,-27.37,-73.43,-2.24
0.535542,-0.4729,-1.2337,-0.1635,-27.58,-74.13,-2.94
0.536139,-0.4812,-1.2337,-0.1610,-27.44,-73.78,-2.38
0.536139,-0.4870,-1.2376,-0.1586,-27.02,-74.41,-3.50
0.536730,-0.4924,-1.2395,-0.1606,-27.44,-73.99,-2.59
0.537327,-0.4958,-1.2385,-0.1571,-26.88,-74.69,-4.13
0.537924,-0.5002,-1.2400,-0.1547,-27.79,-74.13,-2.80
0.538521,-0.5085,-1.2385,-0.1508,-26.32,-74.97,-4.06
0.539118,-0.5129,-1.2371,-0.1479,-27.72,-74.34,-3.08
0.539716,-0.5168,-1.2381,-0.1488,-26.11,-75.32,-4.20
0.540313,-0.5251,-1.2424,-0.1484,-27.72,-74.41,-3.01
0.540910,-0.5309,-1.2434,-0.1474,-26.04,-75.32,-4.55
0.541507,-0.5334,-1.2424,-0.1449,-27.65,-75.18,-2.66
0.542104,-0.5451,-1.2459,-0.1410,-25.83,-75.32,-4.76
0.542701,-0.5519,-1.2420,-0.1396,-25.97,-75.11,-4.97
0.543298,-0.5617,-1.2381,-0.1371,-26.60,-76.51,-2.45
0.543895,-0.5675,-1.2376,-0.1347,-26.04,-75.95,-5.04
0.544492,-0.5705,-1.2390,-0.1303,-26.32,-76.58,-2.17
0.545089,-0.5773,-1.2400,-0.1308,-26.53,-75.95,-4.41
0.545686,-0.5807,-1.2385,-0.1303,-25.97,-77.00,-2.24
0.546284,-0.5851,-1.2346,-0.1259,-26.25,-76.44,-3.99
0.546881,-0.5968,-1.2337,-0.1259,-25.48,-77.49,-1.75
0.547852,-0.6056,-1.2312,-0.1210,-26.25,-77.35,-3.29
0.548449,-0.6090,-1.2293,-0.1191,-25.13,-77.49,-1.82
0.549046,-0.6134,-1.2293,-0.1205,-25.97,-78.05,-3.01
0.549643,-0.6193,-1.2298,-0.1166,-25.20,-77.63,-1.61
0.550240,-0.6266,-1.2302,-0.1118,-26.04,-78.19,-2.31
0.550837,-0.6354,-1.2298,-0.1103,-24.99,-78.26,-1.26
0.551435,-0.6388,-1.2298,-0.1093,-25.97,-79.31,-1.47
0.552032,-0.6432,-1.2307,-0.1059,-25.06,-78.26,-1.61
0.552629,-0.6500,-1.2307,-0.1000,-25.41,-79.94,-0.98
0.553226,-0.6568,-1.2327,-0.0971,-25.55,-78.40,-0.98
0.553823,-0.6656,-1.2381,-0.0932,-24.92,-80.99,-0.49
0.554420,-0.6734,-1.2429,-0.0874,-25.27,-79.17,-1.12
0.555017,-0.6808,-1.2420,-0.0859,-25.06,-81.41,0.56
0.555614,-0.6876,-1.2444,-0.0834,-25.06,-79.87,-0.77
0.556211,-0.6964,-1.2532,-0.0761,-24.78,-81.90,1.05
0.556808,-0.7081,-1.2551,-0.0712,-24.99,-80.01,-0.84
0.557405,-0.7144,-1.2551,-0.0669,-24.57,-82.46,1.33
0.558003,-0.7198,-1.2546,-0.0605,-24.92,-80.78,-0.28
0.558600,-0.7315,-1.2522,-0.0571,-23.87,-83.30,1.61
0.559570,-0.7427,-1.2488,-0.0547,-25.20,-81.55,-0.07
0.560167,-0.7510,-1.2449,-0.0488,-23.87,-84.14,2.10
0.560764,-0.7579,-1.2424,-0.0439,-24.50,-82.60,-0.21
0.561361,-0.7671,-1.2434,-0.0415,-24.22,-84.21,2.52
0.561958,-0.7798,-1.2439,-0.0361,-24.29,-83.51,0.28
0.562555,-0.7906,-1.2395,-0.0342,-23.80,-84.49,2.17
0.563153,-0.7974,-1.2356,-0.0337,-24.36,-84.49,0.42
0.563750,-0.8047,-1.2381,-0.0283,-24.08,-84.91,2.38
0.564347,-0.8135,-1.2395,-0.0229,-23.87,-85.47,0.70
0.564944,-0.8208,-1.2356,-0.0185,-24.15,-85.54,2.66
0.565541,-0.8286,-1.2351,-0.0171,-23.80,-86.73,1.26
0.566138,-0.8379,-1.2351,-0.0122,-24.22,-86.31,2.87
0.566735,-0.8623,-1.2229,-0.0073,-24.22,-86.87,3.43
0.567332,-0.8696,-1.2239,-0.0010,-23.52,-88.76,1.26
0.567929,-0.8774,-1.2307,0.0044,-23.80,-87.57,2.94
0.568526,-0.8877,-1.2298,0.0049,-23.87,-89.11,1.54
0.569124,-0.8950,-1.2337,0.0093,-23.52,-88.69,2.80
0.569721,-0.9033,-1.2366,0.0117,-23.94,-90.09,2.17
0.570318,-0.9155,-1.2385,0.0132,-23.24,-89.46,3.29
0.571289,-0.9243,-1.2459,0.0215,-24.15,-91.07,2.31
0.571886,-0.9326,-1.2503,0.0264,-23.03,-90.51,3.22
0.572483,-0.9414,-1.2546,0.0327,-23.59,-92.05,2.59
0.573080,-0.9506,-1.2546,0.0400,-23.45,-91.56,3.64
0.573677,-0.9614,-1.2561,0.0439,-23.52,-92.54,2.38
0.574274,-0.9701,-1.2634,0.0488,-23.52,-92.68,3.92
0.574872,-0.9794,-1.2747,0.0542,-23.03,-93.73,2.24
0.575469,-0.9902,-1.2820,0.0590,-23.52,-94.08,4.27
0.576066,-1.0009,-1.2917,0.0649,-22.75,-94.43,2.38
0.576663,-1.0272,-1.3044,0.0805,-23.17,-95.06,3.92
0.577260,-1.0390,-1.3142,0.0844,-22.61,-96.04,3.57
0.577857,-1.0433,-1.3176,0.0908,-21.91,-96.32,2.73
0.578454,-1.0531,-1.3254,0.0971,-22.61,-97.30,3.50
0.579051,-1.0677,-1.3357,0.1039,-21.91,-97.93,3.22
0.579648,-1.0790,-1.3400,0.1088,-21.63,-98.49,3.22
0.580245,-1.0912,-1.3464,0.1098,-21.49,-99.05,3.15
0.580843,-1.1039,-1.3547,0.1132,-20.86,-99.40,2.73
0.581440,-1.1165,-1.3615,0.1200,-21.21,-100.59,3.43
0.582037,-1.1273,-1.3669,0.1288,-20.79,-100.24,2.10
0.583008,-1.1400,-1.3747,0.1357,-20.30,-101.92,2.80
0.583605,-1.1551,-1.3845,0.1405,-20.09,-101.85,1.96
0.584202,-1.1683,-1.3918,0.1479,-19.74,-102.97,2.66
0.584799,-1.1751,-1.3971,0.1542,-19.46,-102.97,1.40
0.585396,-1.1849,-1.4054,0.1615,-19.39,-104.30,2.31
0.585993,-1.1995,-1.4142,0.1669,-18.62,-104.65,0.63
0.586591,-1.2112,-1.4201,0.1728,-18.83,-105.63,1.89
0.587188,-1.2229,-1.4254,0.1752,-18.06,-105.91,-0.14
0.587785,-1.2366,-1.4298,0.1786,-17.71,-107.03,1.68
0.588382,-1.2478,-1.4362,0.1913,-17.29,-107.38,-0.70
0.588979,-1.2590,-1.4464,0.2001,-17.08,-108.57,1.40
0.589576,-1.2703,-1.4557,0.2050,-16.66,-108.78,-1.75
0.590173,-1.2815,-1.4596,0.2069,-16.03,-109.34,0.77
0.590770,-1.2917,-1.4620,0.2118,-15.75,-110.67,-2.66
0.591367,-1.3034,-1.4703,0.2235,-15.12,-111.02,0.00
0.591964,-1.3152,-1.4772,0.2298,-15.19,-112.49,-2.73
0.592562,-1.3259,-1.4825,0.2347,-14.14,-112.28,-1.19
0.593159,-1.3396,-1.4894,0.2381,-14.35,-114.10,-3.50
0.593756,-1.3498,-1.4923,0.2386,-13.16,-113.61,-2.17
0.593756,-1.3586,-1.4918,0.3680,-13.37,-115.92,-3.99
0.594347,-1.3708,-1.4918,0.2523,-12.46,-114.94,-2.10
0.594944,-1.3815,-1.4943,0.2645,-12.60,-117.04,-4.97
0.595541,-1.3903,-1.4957,0.2733,-11.62,-116.69,-2.73
0.596138,-1.4015,-1.4996,0.2747,-11.69,-118.65,-5.46
0.596735,-1.4147,-1.5035,0.2767,-10.50,-118.51,-3.43
0.597333,-1.4230,-1.5021,0.2786,-11.20,-120.75,-5.74
0.597930,-1.4328,-1.5035,0.2904,-9.10,-120.12,-4.27
0.598527,-1.4445,-1.5079,0.3016,-10.36,-122.01,-6.37
0.599124,-1.4557,-1.5148,0.3030,-8.12,-121.73,-4.20
0.599721,-1.4679,-1.5226,0.3089,-9.66,-123.27,-6.37
0.600318,-1.4816,-1.5265,0.3148,-7.35,-123.27,-4.83
0.600915,-1.4938,-1.5299,0.3211,-8.61,-125.72,-5.95
0.601512,-1.5035,-1.5387,0.3289,-6.09,-125.02,-5.60
0.602109,-1.5162,-1.5465,0.3387,-7.63,-127.26,-5.53
0.602706,-1.5313,-1.5518,0.3440,-5.18,-127.05,-5.25
0.603304,-1.5431,-1.5538,0.3460,-7.07,-128.52,-5.04
0.603901,-1.5528,-1.5533,0.3538,-4.55,-129.01,-4.76
0.604498,-1.5679,-1.5533,0.3621,-5.67,-130.20,-4.62
0.604498,-1.5831,-1.5523,0.3709,-3.57,-131.25,-4.69
0.605089,-1.5967,-1.5509,0.3811,-4.41,-131.88,-3.29
0.605686,-1.6104,-1.5484,0.3845,-2.80,-133.21,-4.20
0.606283,-1.6246,-1.5479,0.3894,-3.57,-133.84,-2.17
0.606880,-1.6343,-1.5518,0.3958,-2.17,-135.17,-3.36
0.607477,-1.6475,-1.5514,0.4002,-2.73,-135.66,-0.84
0.608075,-1.6631,-1.5484,0.4089,-0.91,-137.13,-2.52
0.608672,-1.6724,-1.5494,0.4207,-1.82,-137.55,0.84
0.609269,-1.6841,-1.5489,0.4275,-0.49,-139.65,-1.68
0.609866,-1.7021,-1.5484,0.4304,-0.77,-139.23,2.52
0.610463,-1.7168,-1.5523,0.4363,0.14,-141.19,-0.42
0.611060,-1.7309,-1.5567,0.4460,0.14,-140.63,3.92
0.611657,-1.7456,-1.5548,0.4460,0.56,-143.85,1.75
0.612254,-1.7568,-1.5533,0.4524,1.26,-143.15,4.97
0.612851,-1.7700,-1.5538,0.4577,0.98,-145.60,3.29
0.613448,-1.7841,-1.5514,0.4612,2.52,-145.53,7.00
0.614045,-1.7973,-1.5499,0.4685,1.54,-147.35,4.69
0.614643,-1.8110,-1.5479,0.4787,3.50,-148.05,8.68
0.615240,-1.8251,-1.5431,0.4851,1.61,-149.17,6.65
0.616211,-1.8373,-1.5421,0.4880,4.41,-150.43,10.08
0.616808,-1.8490,-1.5416,0.4934,2.52,-151.55,8.54
0.617405,-1.8617,-1.5362,0.5012,4.90,-152.25,11.55
0.618002,-1.8705,-1.5289,0.5056,3.15,-153.16,10.29
0.618599,-1.8783,-1.5265,0.5104,5.32,-154.42,13.37
0.619196,-1.8871,-1.5255,0.5217,3.71,-155.26,11.69
0.619794,-1.8988,-1.5250,0.5295,5.25,-156.52,15.12
0.620391,-1.9120,-1.5265,0.5319,4.55,-157.01,13.51
0.620988,-1.9242,-1.5274,0.5392,5.39,-158.76,16.24
0.621585,-1.9393,-1.5245,0.5485,5.39,-159.39,15.33
0.622182,-1.9515,-1.5260,0.5553,5.60,-160.86,17.99
0.622779,-1.9593,-1.5279,0.5661,6.30,-161.21,16.80
0.623376,-1.9720,-1.5260,0.5793,5.60,-162.61,19.39
0.623973,-1.9862,-1.5304,0.5793,6.93,-163.66,18.34
0.624570,-1.9974,-1.5318,0.5890,6.02,-164.71,20.58
0.625167,-2.0076,-1.5348,0.5998,7.70,-165.27,19.81
0.625765,-2.0174,-1.5392,0.6080,6.30,-166.46,22.54
0.626362,-2.0291,-1.5352,0.6173,7.98,-167.58,21.84
0.626959,-2.0447,-1.5338,0.6285,7.00,-169.40,23.87
0.626959,-2.0594,-1.5333,0.6403,7.84,-169.40,23.45
0.627550,-2.0745,-1.5328,0.6476,7.56,-171.22,25.48
0.628147,-2.0872,-1.5323,0.6544,8.12,-171.57,25.06
0.628744,-2.1008,-1.5338,0.6573,8.61,-173.67,26.60
0.629341,-2.1165,-1.5382,0.6681,7.91,-173.32,26.88
0.629938,-2.1330,-1.5401,0.6798,9.17,-175.91,28.28
0.630536,-2.1521,-1.5372,0.6837,8.12,-175.49,28.63
0.631133,-2.1672,-1.5318,0.6895,9.87,-177.94,30.31
0.631730,-2.1828,-1.5265,0.7042,8.40,-177.52,30.73
0.632327,-2.1999,-1.5216,0.7164,10.15,-180.04,31.29
0.632924,-2.2150,-1.5196,0.7203,8.82,-179.69,33.18
0.633521,-2.2277,-1.5172,0.7315,10.57,-182.49,33.53
0.634118,-2.2404,-1.5104,0.7427,9.45,-181.86,34.37
0.634715,-2.2546,-1.5055,0.7515,10.57,-184.66,35.35
0.635312,-2.2663,-1.5021,0.7588,9.52,-183.89,37.10
0.635909,-2.2814,-1.4933,0.7671,11.20,-186.76,37.10
0.636506,-2.2941,-1.4869,0.7769,10.08,-186.06,39.34
0.637104,-2.3063,-1.4830,0.7828,10.85,-188.58,39.48
0.637701,-2.3195,-1.4728,0.7906,10.78,-188.23,41.58
0.637701,-2.3273,-1.4660,0.8037,11.20,-190.40,41.93
0.638292,-2.3409,-1.4591,0.8091,11.13,-190.40,44.31
0.638889,-2.3541,-1.4498,0.8130,11.13,-192.08,43.82
0.639486,-2.3634,-1.4420,0.8194,11.27,-192.43,46.76
0.640083,-2.3697,-1.4362,0.8237,11.13,-193.90,45.92
0.640680,-2.3731,-1.4318,0.8316,11.83,-194.46,49.14
0.641278,-2.3766,-1.4269,0.8340,10.71,-195.09,48.37
0.641875,-2.3810,-1.4196,0.8369,12.60,-196.21,51.38
0.642472,-2.3849,-1.4167,0.8477,10.85,-196.63,50.33
0.643069,-2.3829,-1.4137,0.8540,12.88,-197.82,54.25
0.643666,-2.3819,-1.4045,0.8584,10.99,-198.10,52.78
0.644263,-2.3892,-1.4020,0.8696,13.37,-199.08,56.07
0.644860,-2.3956,-1.4035,0.8745,11.20,-199.43,55.23
0.645457,-2.4010,-1.4054,0.8808,11.55,-200.55,57.61
0.646054,-2.4034,-1.4108,0.8882,14.21,-201.39,60.27
0.646651,-2.4073,-1.4157,0.8979,11.76,-201.18,59.71
0.647248,-2.4083,-1.4162,0.9048,14.35,-201.88,62.37
0.647846,-2.4141,-1.4181,0.9126,12.67,-202.16,61.67
0.648443,-2.4180,-1.4225,0.9223,14.98,-202.30,64.68
0.649414,-2.4161,-1.4298,0.9292,13.65,-202.86,63.77
0.650011,-2.4244,-1.4391,0.9365,15.33,-203.21,66.85
0.650608,-2.4322,-1.4494,0.9428,14.98,-203.07,65.24
0.651205,-2.4371,-1.4616,0.9472,16.03,-203.21,68.81
0.651802,-2.4400,-1.4757,0.9555,16.03,-203.63,67.62
0.652399,-2.4473,-1.4894,0.9672,16.94,-203.70,70.63
0.652997,-2.4556,-1.5050,0.9799,17.36,-203.70,69.51
0.653594,-2.4600,-1.5211,0.9921,18.27,-203.91,72.80
0.654191,-2.4693,-1.5362,0.9999,18.90,-203.77,71.33
0.654788,-2.4825,-1.5514,1.0102,19.67,-203.70,74.41
0.655385,-2.4951,-1.5650,1.0224,21.00,-204.05,72.87
0.655982,-2.5015,-1.5787,1.0316,21.98,-203.35,75.95
0.656579,-2.5137,-1.5967,1.0424,22.40,-203.56,74.69
0.657176,-2.5288,-1.6109,1.0560,24.22,-203.14,77.63
0.657773,-2.5356,-1.6197,1.0677,24.36,-203.00,76.72
0.658370,-2.5493,-1.6363,1.0809,26.53,-202.86,79.17
0.658967,-2.5625,-1.6553,1.0921,26.60,-202.58,78.05
0.659565,-2.5771,-1.6665,1.1019,28.77,-202.44,80.85
0.660162,-2.5937,-1.6758,1.1112,29.05,-201.74,80.01
0.660162,-2.6059,-1.6895,1.1209,31.64,-201.88,81.62
0.660753,-2.6176,-1.7017,1.1302,31.92,-201.32,81.83
0.661350,-2.6289,-1.7114,1.1390,34.23,-200.48,82.46
0.661947,-2.6357,-1.7207,1.1551,35.21,-200.90,83.30
0.662544,-2.6464,-1.7265,1.1702,37.31,-199.85,82.95
0.663141,-2.6586,-1.7246,1.1814,38.43,-200.13,84.56
0.663739,-2.6674,-1.7236,1.1927,40.32,-198.59,83.65
0.664336,-2.6781,-1.7261,1.2034,42.07,-199.08,85.75
0.664933,-2.6874,-1.7207,1.2166,43.12,-197.33,84.70
0.665530,-2.6977,-1.7163,1.2337,45.64,-197.47,86.38
0.666127,-2.7084,-1.7134,1.2517,46.34,-196.07,85.19
0.666724,-2.7152,-1.7085,1.2517,49.28,-196.77,86.66
0.667321,-2.7245,-1.7051,1.2659,50.05,-194.39,84.84
0.667918,-2.7372,-1.7012,1.2839,52.71,-194.81,88.13
0.668515,-2.7494,-1.7031,1.2991,53.34,-192.50,85.47
0.669112,-2.7616,-1.7026,1.3127,56.28,-192.85,88.13
0.669709,-2.7718,-1.6982,1.3230,56.98,-190.75,85.19
0.670307,-2.7806,-1.6958,1.3366,59.85,-190.68,88.27
0.670904,-2.7948,-1.6948,1.3557,60.76,-189.00,84.77
0.671875,-2.8075,-1.6919,1.3825,63.70,-188.65,88.20
0.672472,-2.8153,-1.6895,1.3825,64.47,-186.76,84.56
0.673069,-2.8275,-1.6875,1.3957,67.69,-186.20,87.71
0.673666,-2.8426,-1.6807,1.4147,68.18,-184.73,83.86
0.674263,-2.8524,-1.6719,1.4333,71.96,-183.89,87.29
0.674860,-2.8631,-1.6655,1.4508,71.89,-182.00,83.30
0.675458,-2.8738,-1.6582,1.4733,75.67,-181.16,86.66
0.676055,-2.8812,-1.6465,1.4962,76.02,-179.34,82.81
0.676652,-2.8865,-1.6368,1.5123,79.73,-178.36,85.89
0.677249,-2.8977,-1.6280,1.5333,80.08,-176.19,81.41
0.677846,-2.9099,-1.6153,1.5543,83.37,-175.21,84.98
0.678443,-2.9148,-1.6021,1.5728,84.70,-173.53,80.43
0.679040,-2.9221,-1.5914,1.5909,87.36,-172.06,83.30
0.679637,-2.9260,-1.5767,1.6089,88.13,-169.61,79.52
0.680234,-2.9329,-1.5606,1.6275,91.49,-168.28,81.20
0.680831,-2.9412,-1.5474,1.6465,92.47,-166.46,78.33
0.681428,-2.9441,-1.5333,1.6646,95.13,-164.57,79.52
0.682026,-2.9485,-1.5172,1.6802,96.67,-162.82,76.44
0.682623,-2.9529,-1.4977,1.7021,98.91,-159.95,77.91
0.682623,-2.9587,-1.4772,1.7265,100.87,-158.90,75.04
0.683214,-2.9607,-1.4581,1.7480,102.90,-155.89,75.74
0.683811,-2.9631,-1.4376,1.7680,104.93,-154.56,73.15
0.684408,-2.9656,-1.4211,1.7866,107.03,-151.13,73.92
0.685005,-2.9641,-1.4040,1.8056,108.85,-149.66,71.26
0.685602,-2.9670,-1.3879,1.8237,110.88,-145.81,71.75
0.686200,-2.9695,-1.3713,1.8393,113.05,-144.48,69.51
0.686797,-2.9709,-1.3508,1.8564,115.08,-140.70,69.86
0.687394,-2.9714,-1.3361,1.8773,117.32,-139.51,67.48
0.687991,-2.9763,-1.3220,1.8925,118.65,-135.03,68.18
0.688588,-2.9827,-1.3025,1.9091,121.17,-133.91,66.01
0.689185,-2.9870,-1.2869,1.9276,122.57,-129.36,66.64
0.689782,-2.9944,-1.2722,1.9432,125.58,-128.38,64.54
0.690379,-2.9992,-1.2542,1.9564,126.77,-122.85,64.75
0.690976,-3.0051,-1.2351,1.9681,129.43,-121.94,63.49
0.691573,-3.0124,-1.2190,1.9827,130.90,-116.76,63.42
0.692170,-3.0178,-1.2015,1.9974,133.28,-115.29,62.30
0.692768,-3.0222,-1.1790,2.0145,135.45,-110.60,61.74
0.693365,-3.0295,-1.1585,2.0286,137.06,-108.15,61.18
0.693365,-3.0358,-1.1414,2.0408,139.79,-104.23,60.76
0.693956,-3.0398,-1.1312,2.0530,140.77,-100.52,60.41
0.694553,-3.0441,-1.1141,2.0642,144.41,-97.23,59.71
0.695150,-3.0471,-1.0936,2.0764,144.97,-93.31,59.92
0.695747,-3.0490,-1.0790,2.0921,149.17,-90.23,58.94
0.696344,-3.0534,-1.0692,2.1091,149.52,-85.61,59.50
0.696942,-3.0534,-1.0638,2.1194,153.30,-82.74,58.59
0.697539,-3.0495,-1.0565,2.1301,154.14,-77.63,59.36
0.698136,-3.0495,-1.0487,2.1409,157.99,-74.20,58.24
0.698733,-3.0466,-1.0438,2.1482,158.83,-69.58,59.78
0.699330,-3.0427,-1.0433,2.1574,162.68,-66.29,58.24
0.699927,-3.0437,-1.0390,2.1818,163.80,-60.97,59.85
0.700524,-3.0485,-1.0307,2.1818,167.44,-57.82,58.59
0.701121,-3.0461,-1.0253,2.1916,169.26,-52.01,59.57
0.701718,-3.0402,-1.0224,2.2019,172.27,-48.65,59.36
0.702315,-3.0358,-1.0233,2.2121,174.79,-43.26,60.20
0.702912,-3.0261,-1.0277,2.2243,177.45,-39.62,59.78
0.703510,-3.0207,-1.0336,2.2326,180.46,-33.74,60.41
0.704107,-3.0188,-1.0380,2.2419,183.12,-30.24,60.48
0.705078,-3.0139,-1.0390,2.2511,186.27,-24.22,60.97
0.705675,-3.0085,-1.0448,2.2624,188.79,-20.44,61.25
0.706272,-2.9992,-1.0594,2.2721,192.29,-14.28,61.60
0.706869,-2.9997,-1.0697,2.2858,195.23,-10.36,61.95
0.707466,-2.9983,-1.0707,2.2995,198.45,-4.27,62.86
0.708063,-2.9895,-1.0716,2.3087,201.74,0.00,62.51
0.708661,-2.9802,-1.0804,2.3190,204.75,6.37,63.98
0.709258,-2.9724,-1.0917,2.3292,208.39,10.50,63.49
0.709855,-2.9617,-1.1000,2.3351,211.89,16.73,65.31
0.710452,-2.9480,-1.1092,2.3385,215.39,21.56,64.68
0.711049,-2.9368,-1.1258,2.3424,218.82,27.58,66.36
0.711646,-2.9231,-1.1400,2.3468,222.32,32.97,66.15
0.712243,-2.9085,-1.1517,2.3468,226.59,38.92,67.76
0.712840,-2.8909,-1.1649,2.3468,230.09,44.73,67.69
0.713437,-2.8772,-1.1756,2.3487,234.15,50.54,70.28
0.714034,-2.8572,-1.1888,2.3497,237.65,56.35,69.23
0.714631,-2.8372,-1.2039,2.3483,242.20,62.09,72.59
0.715229,-2.8148,-1.2185,2.3400,245.91,68.18,71.75
0.715826,-2.7889,-1.2332,2.3331,250.39,74.13,75.25
0.715826,-2.7631,-1.2395,2.3273,254.24,80.29,74.48
0.716417,-2.7338,-1.2424,2.3185,259.28,86.24,78.61
0.717014,-2.7055,-1.2444,2.3151,262.99,93.17,77.49
0.717611,-2.6757,-1.2459,2.3029,268.10,99.19,82.32
0.718208,-2.6420,-1.2546,2.2916,271.46,106.12,81.97
0.718805,-2.6074,-1.2605,2.2868,277.13,112.21,86.52
0.719403,-2.5781,-1.2649,2.2726,280.49,119.00,86.66
0.720000,-2.5508,-1.2688,2.2575,286.44,125.72,91.07
0.720597,-2.5171,-1.2678,2.2482,289.66,132.72,92.33
0.721194,-2.4795,-1.2600,2.2350,295.68,139.79,96.67
0.721791,-2.4454,-1.2503,2.2145,299.25,146.37,98.63
0.722388,-2.4083,-1.2459,2.1936,305.48,153.44,103.39
0.722985,-2.3692,-1.2415,2.1736,308.21,160.86,105.56
0.723582,-2.3331,-1.2356,2.1516,314.93,168.28,111.30
0.724179,-2.2931,-1.2298,2.1316,317.59,175.35,113.89
0.724776,-2.2492,-1.2259,2.1130,324.66,182.21,119.77
0.725373,-2.2077,-1.2249,2.0896,327.60,189.98,123.20
0.725971,-2.1648,-1.2215,2.0584,334.18,197.19,129.08
0.726568,-2.1208,-1.2176,2.0267,337.40,205.45,133.91
0.726568,-2.0813,-1.2132,1.9979,343.98,211.89,140.35
0.727159,-2.0345,-1.2058,1.9676,347.34,220.43,145.46
0.727756,-1.9793,-1.1990,1.9354,353.85,227.64,152.18
0.728353,-1.9335,-1.1951,1.9037,357.56,236.18,158.34
0.728950,-1.8832,-1.1912,1.8690,363.51,243.60,165.13
0.729547,-1.8320,-1.1873,1.8339,367.64,252.00,172.41
0.730145,-1.7788,-1.1927,1.8027,373.52,259.77,178.85
0.730742,-1.7241,-1.1966,1.7739,378.21,268.03,186.90
0.731339,-1.6743,-1.1941,1.7461,383.32,276.29,193.48
0.731936,-1.6172,-1.1932,1.7153,388.57,284.62,201.95
0.732533,-1.5592,-1.1976,1.6885,393.12,293.16,208.95
0.733130,-1.5074,-1.2063,1.6616,399.35,301.14,217.56
0.733727,-1.4552,-1.2093,1.6114,403.20,310.03,224.98
0.734324,-1.3498,-1.2273,1.5845,413.49,327.25,240.17
0.734921,-1.3039,-1.2410,1.5650,419.51,335.72,250.46
0.735518,-1.2605,-1.2551,1.5455,423.85,344.75,256.13
0.736115,-1.2151,-1.2639,1.5255,430.08,353.22,266.42
0.736712,-1.1702,-1.2742,1.5030,434.21,361.97,272.51
0.737310,-1.1312,-1.2888,1.4835,440.65,370.37,282.24
0.738281,-1.0970,-1.3025,1.4689,444.99,379.26,288.26
0.738878,-1.0599,-1.3176,1.4518,450.59,387.80,297.78
0.739475,-1.0287,-1.3366,1.4328,455.56,396.83,302.89
0.740072,-1.0019,-1.3537,1.4123,460.95,405.16,312.83
0.740669,-0.9716,-1.3654,1.3923,465.92,413.84,317.31
0.741266,-0.9428,-1.3742,1.3737,471.45,422.31,326.90
0.741864,-0.9165,-1.3854,1.3522,476.14,430.85,331.17
0.742461,-0.8896,-1.3932,1.3352,482.02,439.11,340.20
0.743058,-0.8633,-1.3976,1.3220,486.57,447.65,344.54
0.743655,-0.8408,-1.3996,1.3034,492.10,456.12,352.31
0.744252,-0.8125,-1.3971,1.2849,496.65,464.24,356.44
0.744849,-0.7793,-1.3893,1.2693,501.90,472.99,363.30
0.745446,-0.7564,-1.3796,1.2527,506.45,480.83,367.99
0.746043,-0.7325,-1.3703,1.2366,511.63,489.16,373.73
0.746640,-0.7017,-1.3635,1.2234,516.11,497.00,377.65
0.747237,-0.6725,-1.3610,1.2127,520.73,505.26,383.46
0.747834,-0.6442,-1.3644,1.2000,525.42,513.52,386.68
0.748431,-0.6173,-1.3737,1.1893,529.48,521.08,391.86
0.749029,-0.5836,-1.3859,1.1824,534.17,529.41,394.73
0.750000,-0.5505,-1.4040,1.1736,538.02,537.04,399.49
0.750597,-0.5231,-1.4186,1.1653,542.85,544.81,402.22
0.751194,-0.4997,-1.4240,1.1575,546.63,552.51,405.16
0.751791,-0.4792,-1.4294,1.1497,551.39,560.21,409.08
0.752388,-0.4485,-1.4396,1.1390,554.47,567.63,410.90
0.752985,-0.4182,-1.4581,1.1317,559.51,575.19,414.61
0.753583,-0.3977,-1.4796,1.1258,562.24,582.47,416.22
0.754180,-0.3660,-1.4947,1.1122,567.00,589.54,419.51
0.754777,-0.3357,-1.5084,1.1004,569.80,597.52,419.79
0.755374,-0.3040,-1.5289,1.0936,574.63,604.31,423.78
0.755971,-0.2757,-1.5474,1.0897,576.73,611.66,423.22
0.756568,-0.2416,-1.5645,1.0736,581.21,618.17,427.07
0.757165,-0.2098,-1.5865,1.0590,583.38,625.94,425.60
0.757762,-0.1918,-1.6177,1.0477,587.51,632.66,429.38
0.758359,-0.1752,-1.6455,1.0375,590.31,639.59,428.26
0.758956,-0.1391,-1.6738,1.0175,593.11,646.87,429.80
0.759553,-0.1152,-1.7021,1.0063,596.47,653.80,429.52
0.760151,-0.0927,-1.7202,0.9984,598.64,660.66,430.01
0.760748,-0.0576,-1.7417,0.9804,602.14,667.80,430.22
0.760748,-0.0293,-1.7710,0.9633,603.68,673.89,429.66
0.761339,0.0005,-1.7968,0.9550,607.53,681.24,429.45
0.761936,0.0346,-1.8154,0.9433,608.02,687.19,427.91
0.762533,0.0664,-1.8271,0.9272,612.08,694.54,428.89
0.763130,0.0898,-1.8324,0.9111,611.87,699.86,424.97
0.763727,0.1181,-1.8407,0.8979,616.21,707.14,427.21
0.764325,0.1469,-1.8432,0.8906,615.44,712.95,421.40
0.764922,0.1747,-1.8437,0.8706,619.36,719.74,424.34
0.765519,0.1947,-1.8320,0.8642,618.59,724.57,417.69
0.766116,0.2298,-1.8193,0.8520,621.81,732.27,419.65
0.766713,0.2499,-1.8056,0.8481,620.83,737.52,413.70
0.767310,0.2606,-1.7880,0.8418,623.35,743.75,415.03
0.767907,0.2855,-1.7744,0.8316,622.65,748.72,408.87
0.768504,0.3113,-1.7495,0.8325,623.98,755.23,409.99
0.769101,0.3270,-1.7100,0.8276,623.63,760.55,402.64
0.769698,0.3509,-1.6738,0.8203,623.49,766.43,404.67
0.770295,0.3675,-1.6368,0.8286,623.21,771.75,395.43
0.770892,0.3743,-1.6006,0.8267,621.74,777.14,398.65
0.771490,0.3943,-1.5767,0.8233,621.46,782.11,389.48
0.771490,0.4085,-1.5523,0.8394,619.57,788.41,391.09
0.772081,0.4168,-1.5133,0.8457,619.57,792.19,382.06
0.772678,0.4338,-1.4645,0.8481,616.63,798.14,383.25
0.773275,0.4509,-1.4089,0.8594,616.14,802.20,375.27
0.773872,0.4670,-1.3459,0.8701,612.08,808.43,374.64
0.774469,0.4768,-1.2878,0.8882,611.59,812.14,367.15
0.775067,0.4856,-1.2424,0.8969,606.48,818.23,366.38
0.775664,0.5007,-1.2088,0.9008,605.64,821.45,358.96
0.776261,0.5070,-1.1712,0.9233,600.46,827.40,357.63
0.776858,0.5148,-1.1283,0.9399,598.64,830.69,350.35
0.777455,0.5187,-1.0804,0.9511,593.60,836.36,348.81
0.778052,0.5207,-1.0263,0.9662,590.17,840.00,341.39
0.778649,0.5246,-0.9780,0.9950,585.83,844.41,339.71
0.779246,0.5285,-0.9379,1.0141,580.93,848.19,332.08
0.779843,0.5266,-0.8652,1.0321,571.06,856.52,322.84
0.780440,0.5261,-0.8335,1.0472,567.35,860.30,321.16
0.781037,0.5183,-0.7993,1.0624,560.56,864.43,312.97
0.781634,0.5085,-0.7618,1.0731,556.43,867.65,311.08
0.782232,0.5119,-0.7198,1.0887,549.22,871.50,303.24
0.783203,0.5114,-0.6915,1.1078,545.02,875.00,301.21
0.783800,0.5002,-0.6690,1.1229,536.97,878.36,294.14
0.784397,0.4875,-0.6525,1.1395,532.91,881.37,290.15
0.784994,0.4768,-0.6446,1.1556,524.58,884.94,284.34
0.785591,0.4685,-0.6412,1.1692,520.24,887.74,279.72
0.786188,0.4612,-0.6417,1.1868,511.77,891.10,274.89
0.786786,0.4524,-0.6398,1.2044,507.01,893.83,269.57
0.787383,0.4402,-0.6412,1.2195,498.68,896.70,264.81
0.787980,0.4275,-0.6500,1.2371,493.64,899.08,259.21
0.788577,0.4211,-0.6627,1.2561,485.80,902.02,255.01
0.789174,0.4163,-0.6734,1.2747,479.85,904.26,249.20
0.789771,0.4070,-0.6871,1.2956,472.43,907.41,245.14
0.790368,0.4041,-0.7022,1.3171,466.55,909.02,239.68
0.790965,0.3972,-0.7232,1.3376,459.13,912.10,234.99
0.791562,0.3919,-0.7510,1.3605,452.76,913.92,229.67
0.792159,0.3928,-0.7867,1.3810,446.04,916.30,225.89
0.792756,0.3914,-0.8267,1.4010,439.04,918.19,220.43
0.793353,0.3880,-0.8667,1.4250,433.30,920.01,216.79
0.793951,0.3845,-0.9121,1.4474,426.09,922.39,211.19
0.793951,0.3787,-0.9536,1.4664,420.21,923.93,208.25
0.794542,0.3797,-0.9921,1.4884,413.21,925.75,202.23
0.795139,0.3831,-1.0350,1.5133,408.24,927.57,199.57
0.795736,0.3884,-1.0843,1.5348,401.10,929.60,194.18
0.796333,0.3943,-1.1341,1.5528,395.99,931.28,191.59
0.796930,0.3938,-1.1854,1.5694,389.27,933.10,186.69
0.797528,0.3953,-1.2395,1.5855,384.37,934.50,184.24
0.798125,0.3943,-1.2942,1.6006,377.93,936.11,179.20
0.798722,0.3948,-1.3483,1.6246,373.31,937.51,177.17
0.799319,0.3972,-1.4025,1.6455,367.64,939.26,172.20
0.799916,0.3987,-1.4577,1.6602,362.74,940.17,171.43
0.800513,0.3992,-1.5138,1.6763,357.49,942.27,165.97
0.801110,0.3972,-1.5738,1.6973,353.08,943.25,165.62
0.801707,0.3967,-1.6382,1.7168,348.18,944.72,161.42
0.802304,0.3977,-1.7021,1.7334,344.12,945.84,159.88
0.802901,0.3992,-1.7631,1.7514,339.29,947.45,157.57
0.803498,0.3953,-1.8285,1.7641,336.07,948.43,155.89
0.804095,0.3884,-1.8964,1.7822,331.24,950.60,154.14
0.804693,0.3880,-1.9662,1.8017,328.30,950.95,153.37
0.805664,0.3860,-2.0286,1.8173,324.52,953.12,151.41
0.806261,0.3797,-2.0872,1.8388,322.00,952.77,151.27
0.806858,0.3738,-2.1526,1.8612,318.36,955.85,149.03
0.807455,0.3640,-2.2228,1.8812,316.05,955.29,149.94
0.808052,0.3572,-2.2951,1.8998,312.62,957.95,148.33
0.808649,0.3494,-2.3678,1.9252,310.94,957.53,149.45
0.809247,0.3426,-2.4341,1.9491,308.56,959.98,148.05
0.809844,0.3411,-2.4990,1.9662,306.46,959.35,149.87
0.810441,0.3333,-2.5591,1.9852,304.78,961.52,148.54
0.811038,0.3245,-2.6142,2.0023,303.31,960.96,150.71
0.811635,0.3167,-2.6786,2.0208,301.35,962.99,150.01
0.812232,0.3060,-2.7416,2.0374,300.86,962.15,151.48
0.812829,0.2816,-2.8582,2.0725,299.04,964.88,151.20
0.813426,0.2708,-2.9168,2.0901,297.57,965.23,153.16
0.814023,0.2567,-2.9744,2.1018,297.43,965.02,154.14
0.814620,0.2420,-3.0388,2.1155,296.80,966.07,154.49
0.815217,0.2298,-3.1003,2.1311,296.38,966.14,155.82
0.815814,0.2172,-3.1564,2.1492,296.87,965.86,156.24
0.816412,0.2015,-3.2081,2.1672,296.24,966.77,157.08
0.817383,0.1835,-3.2618,2.1828,297.29,965.93,158.20
0.817980,0.1640,-3.3150,2.1994,296.73,966.77,157.71
0.818577,0.1469,-3.3589,2.2155,297.85,965.86,159.81
0.819174,0.1313,-3.3965,2.2267,297.64,966.21,158.41
0.819771,0.1113,-3.4292,2.2394,299.11,964.95,160.58
0.820368,0.0922,-3.4575,2.2590,298.90,965.16,158.83
0.820966,0.0781,-3.4799,2.2760,300.44,963.76,161.21
0.821563,0.0664,-3.4985,2.2853,300.02,963.83,158.83
0.822160,0.0537,-3.5107,2.2916,301.98,961.73,161.49
0.822757,0.0390,-3.5195,2.3014,301.84,962.43,158.83
0.823354,0.0293,-3.5248,2.3117,303.10,960.47,161.14
0.823951,0.0190,-3.5307,2.3175,303.31,959.91,158.83
0.824548,0.0117,-3.5341,2.3190,304.64,958.16,160.44
0.825145,0.0034,-3.5268,2.3204,304.43,957.32,158.48
0.825742,-0.0044,-3.5195,2.3263,305.69,955.43,159.95
0.826339,-0.0093,-3.5112,2.3341,305.83,954.73,157.43
0.826936,-0.0176,-3.4965,2.3361,306.88,952.07,158.55
0.827533,-0.0210,-3.4750,2.3361,306.95,951.23,156.73
0.828131,-0.0181,-3.4521,2.3370,307.51,948.64,157.43
0.828131,-0.0171,-3.4243,2.3356,307.44,947.66,155.61
0.828722,-0.0176,-3.3892,2.3356,307.93,944.58,155.61
0.829319,-0.0142,-3.3526,2.3404,307.58,943.81,153.65
0.829916,-0.0059,-3.3121,2.3419,307.37,940.87,154.35
0.830513,0.0024,-3.2681,2.3419,307.16,939.68,152.04
0.831110,0.0088,-3.2208,2.3424,306.74,936.88,152.18
0.831708,0.0146,-3.1764,2.3478,306.32,935.06,150.85
0.832305,0.0234,-3.1315,2.3595,304.85,933.10,149.87
0.832902,0.0361,-3.0851,2.3683,304.64,930.30,149.10
0.833499,0.0468,-3.0388,2.4951,303.03,928.27,147.28
0.834096,0.0610,-2.9905,2.3770,302.40,925.54,146.37
0.834693,0.0791,-2.9426,2.3892,300.44,923.86,143.92
0.835290,0.0971,-2.8909,2.3990,299.04,921.13,143.50
0.835887,0.1157,-2.8411,2.4117,297.01,918.89,140.42
0.836484,0.1371,-2.7948,2.4215,295.68,916.44,139.37
0.837081,0.1610,-2.7411,2.4288,293.16,914.34,136.29
0.837678,0.1903,-2.6884,2.4410,291.41,911.75,134.26
0.838275,0.2206,-2.6396,2.4522,288.40,909.16,131.04
0.838873,0.2499,-2.5903,2.4624,286.09,907.06,128.66
0.838873,0.2772,-2.5420,2.4712,283.36,904.54,124.32
0.839464,0.2996,-2.4912,2.4786,280.28,902.44,121.87
0.840061,0.3270,-2.4400,2.4849,277.41,899.50,117.11
0.840658,0.3592,-2.3941,2.4859,273.84,897.89,114.31
0.841255,0.3865,-2.3497,2.4839,271.46,894.95,108.64
0.841852,0.4080,-2.2999,2.4815,266.77,892.99,105.42
0.842450,0.4299,-2.2526,2.4786,264.25,890.05,99.61
0.843047,0.4558,-2.2111,2.4732,259.07,888.02,95.90
0.843644,0.4787,-2.1701,2.4639,256.20,885.15,89.25
0.844241,0.4968,-2.1321,2.4551,250.95,883.05,85.05
0.844838,0.5187,-2.0940,2.4424,247.73,880.11,77.70
0.845435,0.5378,-2.0550,2.4288,241.78,878.22,73.85
0.846032,0.5534,-2.0130,2.4127,238.84,874.93,65.59
0.846629,0.5671,-1.9730,2.3917,232.75,872.69,61.53
0.847226,0.5817,-1.9349,2.3727,228.90,869.75,52.22
0.847823,0.5958,-1.8973,2.3507,223.09,866.88,48.44
0.848420,0.6076,-1.8568,2.3322,218.40,863.45,39.06
0.849017,0.6193,-1.8202,2.3136,213.01,861.21,34.23
0.849615,0.6329,-1.7836,2.2853,207.55,857.92,25.55
0.850586,0.6442,-1.7451,2.2541,202.79,855.26,20.23
0.851183,0.6515,-1.7085,2.2267,196.63,851.97,10.99
0.851780,0.6637,-1.6680,2.2009,191.73,849.10,5.32
0.852377,0.6749,-1.6226,2.1721,184.87,845.88,-3.85
0.852974,0.6847,-1.5772,2.1423,180.32,842.52,-9.94
0.853571,0.6934,-1.5338,2.1150,172.90,839.37,-18.97
0.854169,0.6983,-1.4928,2.0838,168.70,835.73,-25.90
0.854766,0.7105,-1.4581,2.0501,160.65,832.65,-34.51
0.855363,0.7261,-1.4196,2.0252,156.38,829.15,-41.93
0.855960,0.7393,-1.3815,2.0003,148.33,825.44,-50.47
0.856557,0.7520,-1.3488,1.9710,143.71,821.94,-58.17
0.857154,0.7657,-1.3230,1.9471,135.87,818.30,-66.92
0.857751,0.7803,-1.3015,1.9252,130.27,815.22,-74.55
0.858348,0.7993,-1.2820,1.9017,123.27,810.88,-83.02
0.858945,0.8228,-1.2673,1.8861,116.90,807.59,-90.44
0.859542,0.8423,-1.2546,1.8690,110.67,802.90,-98.98
0.860139,0.8535,-1.2400,1.8534,103.95,800.52,-107.10
0.860736,0.8628,-1.2200,1.8529,97.72,795.27,-115.01
0.861334,0.8721,-1.2068,1.8529,90.79,792.54,-123.76
0.861334,0.8779,-1.1985,1.8476,84.84,787.29,-130.83
0.861925,0.8847,-1.1902,1.8495,77.70,784.21,-139.72
0.862522,0.8891,-1.1849,1.8529,71.47,779.24,-146.44
0.863119,0.8891,-1.1775,1.8564,65.24,775.32,-155.68
0.863716,0.8896,-1.1722,1.8632,59.15,770.98,-161.91
0.864313,0.8906,-1.1649,1.8666,52.36,766.36,-171.22
0.864911,0.8935,-1.1512,1.8729,46.62,761.67,-177.73
0.865508,0.8965,-1.1366,1.8812,39.90,756.84,-186.69
0.866105,0.8989,-1.1263,1.8866,34.37,752.15,-193.41
0.866702,0.9043,-1.1229,1.8851,27.16,747.04,-202.23
0.867299,0.9077,-1.1214,1.8754,22.19,741.79,-209.23
0.867896,0.9087,-1.1209,1.8695,15.05,736.96,-217.63
0.868493,0.9087,-1.1141,1.8651,10.29,731.57,-224.28
0.869090,0.8969,-1.1034,1.8476,3.22,726.25,-232.82
0.869687,0.8911,-1.0946,1.8334,-8.12,715.26,-248.29
0.870284,0.8867,-1.0951,1.8202,-12.39,708.33,-254.59
0.870881,0.8789,-1.1024,1.8105,-19.04,703.36,-262.85
0.871478,0.8657,-1.1146,1.7939,-23.87,696.29,-268.73
0.872076,0.8520,-1.1322,1.7744,-29.40,690.97,-277.41
0.873047,0.8394,-1.1424,1.7597,-34.16,683.76,-282.59
0.873644,0.8267,-1.1478,1.7505,-38.92,677.32,-290.99
0.874241,0.8135,-1.1478,1.7348,-43.89,670.32,-295.68
0.874838,0.8028,-1.1463,1.7178,-47.88,663.74,-302.89
0.875435,0.7881,-1.1463,1.7051,-53.41,656.67,-307.23
0.876032,0.7740,-1.1448,1.6919,-56.42,649.04,-314.09
0.876630,0.7637,-1.1507,1.6773,-62.23,642.11,-317.38
0.877227,0.7447,-1.1580,1.6636,-64.19,633.78,-323.75
0.877824,0.7291,-1.1624,1.6524,-70.42,627.06,-326.20
0.878421,0.7159,-1.1634,1.6377,-71.75,618.31,-331.38
0.879018,0.7061,-1.1595,1.6221,-77.42,610.96,-333.13
0.879615,0.6954,-1.1561,1.6080,-78.68,602.35,-338.03
0.880212,0.6812,-1.1536,1.6002,-83.79,594.58,-338.24
0.880809,0.6583,-1.1531,1.5899,-84.56,585.55,-342.65
0.881406,0.6310,-1.1600,1.5733,-89.74,577.22,-341.18
0.882003,0.6080,-1.1663,1.5601,-90.09,568.68,-345.59
0.882600,0.5822,-1.1653,1.5509,-94.29,559.93,-342.86
0.883197,0.5602,-1.1605,1.5426,-95.27,550.69,-345.59
0.883795,0.5358,-1.1580,1.5367,-98.28,541.80,-342.65
0.883795,0.5119,-1.1624,1.5206,-99.54,532.14,-344.33
0.884386,0.4875,-1.1605,1.5206,-101.43,523.81,-340.48
0.884983,0.4587,-1.1561,1.5138,-102.90,513.45,-341.53
0.885580,0.4319,-1.1546,1.5079,-104.30,504.63,-336.70
0.886177,0.4050,-1.1502,1.5040,-105.91,493.85,-336.91
0.886774,0.3772,-1.1400,1.4982,-106.40,484.61,-331.31
0.887372,0.3489,-1.1292,1.4947,-107.66,474.04,-330.89
0.887969,0.3216,-1.1170,1.4899,-108.43,464.45,-324.10
0.888566,0.2913,-1.1004,1.4835,-108.99,453.95,-323.68
0.889163,0.2606,-1.0843,1.4855,-109.55,443.94,-315.84
0.889760,0.2303,-1.0643,1.4889,-110.32,433.30,-314.58
0.890357,0.2059,-1.0409,1.4879,-109.62,422.66,-307.09
0.890954,0.1845,-1.0141,1.4845,-110.81,411.95,-304.43
0.891551,0.1610,-0.9867,1.4835,-109.41,400.89,-297.43
0.892148,0.1386,-0.9638,1.4796,-110.95,390.39,-293.79
0.892745,0.1098,-0.9414,1.4689,-109.34,379.19,-286.93
0.893342,0.0771,-0.9096,1.4606,-110.88,368.83,-281.75
0.893939,0.0429,-0.8789,1.4567,-108.64,356.58,-274.89
0.894537,0.0083,-0.8540,1.4503,-110.46,346.92,-269.64
0.894537,-0.0210,-0.8218,1.4445,-108.29,334.46,-262.64
0.895128,-0.0478,-0.7823,1.4342,-109.34,323.54,-257.04
0.895725,-0.0761,-0.7393,1.4264,-107.66,312.06,-250.18
0.896322,-0.1093,-0.6974,1.4254,-108.36,301.14,-243.46
0.896919,-0.1425,-0.6588,1.4264,-107.24,288.96,-237.09
0.897516,-0.1747,-0.6251,1.4274,-106.96,277.48,-230.44
0.898113,-0.1991,-0.5929,1.4294,-106.12,265.44,-223.58
0.898711,-0.2220,-0.5583,1.4303,-105.56,254.03,-216.30
0.899308,-0.2499,-0.5266,1.4342,-105.98,242.34,-210.07
0.899905,-0.2718,-0.4924,1.4425,-104.09,230.16,-202.72
0.900502,-0.2884,-0.4538,1.4455,-105.42,218.68,-195.86
0.901099,-0.3016,-0.4172,1.4518,-102.97,206.22,-188.51
0.901696,-0.3148,-0.3816,1.4625,-104.37,194.32,-181.30
0.902293,-0.3304,-0.3440,1.4684,-102.13,182.42,-174.51
0.902890,-0.3401,-0.3074,1.4747,-103.81,170.66,-166.39
0.903487,-0.3392,-0.2738,1.4943,-101.50,159.04,-160.09
0.904084,-0.3392,-0.2372,1.4943,-103.11,147.14,-151.97
0.904681,-0.3455,-0.1957,1.5069,-101.22,134.89,-145.11
0.905278,-0.3470,-0.1552,1.5167,-102.34,123.69,-136.57
0.906250,-0.3455,-0.1240,1.5260,-101.22,111.09,-130.27
0.906847,-0.3479,-0.0908,1.5396,-102.13,99.89,-121.38
0.907444,-0.3465,-0.0532,1.5494,-101.15,87.71,-115.08
0.908041,-0.3387,-0.0142,1.5553,-101.92,76.79,-105.84
0.908638,-0.3318,0.0273,1.5640,-101.64,64.33,-99.68
0.909235,-0.3240,0.0669,1.5762,-101.85,53.55,-90.23
0.909832,-0.3113,0.1083,1.5870,-102.48,40.95,-83.65
0.910430,-0.2948,0.1464,1.5933,-102.55,30.66,-73.92
0.911027,-0.2777,0.1815,1.6002,-103.81,18.69,-67.41
0.911624,-0.2655,0.2191,1.6089,-103.18,8.12,-58.24
0.912221,-0.2513,0.2582,1.6119,-105.77,-3.64,-50.89
0.912818,-0.2347,0.2952,1.6148,-104.02,-14.07,-42.56
0.913415,-0.2196,0.3362,1.6192,-107.80,-25.76,-34.72
0.914012,-0.2006,0.3792,1.6172,-105.84,-35.91,-26.32
0.914609,-0.1835,0.4153,1.6202,-110.11,-47.25,-18.06
0.915206,-0.1527,0.4890,1.6167,-112.98,-67.90,-1.89
0.915803,-0.1362,0.5231,1.6133,-110.95,-78.33,5.95
0.916400,-0.1181,0.5568,1.6128,-115.64,-88.48,13.86
0.916997,-0.1039,0.5856,1.6094,-114.45,-98.70,21.98
0.917969,-0.0878,0.6154,1.6021,-118.86,-108.43,29.47
0.918566,-0.0752,0.6461,1.5938,-118.09,-119.14,37.73
0.919163,-0.0669,0.6730,1.5816,-121.80,-127.82,44.94
0.919760,-0.0532,0.6959,1.5709,-122.29,-138.74,52.92
0.920357,-0.0420,0.7159,1.5616,-126.00,-147.42,60.34
0.920954,-0.0337,0.7320,1.5489,-127.12,-157.50,67.20
0.921552,-0.0264,0.7437,1.5352,-129.64,-167.02,75.32
0.922149,-0.0220,0.7491,1.5255,-132.16,-175.63,81.34
0.922746,-0.0171,0.7491,1.5108,-134.12,-185.22,89.25
0.923343,-0.0102,0.7491,1.4943,-137.20,-193.76,94.64
0.923940,-0.0054,0.7408,1.4796,-138.67,-203.70,103.32
0.924537,-0.0020,0.7271,1.4625,-142.52,-211.47,107.52
0.925134,0.0005,0.7174,1.4489,-143.57,-220.92,117.11
0.925731,-0.0015,0.7032,1.4318,-147.28,-229.04,119.84
0.926328,-0.0005,0.6817,1.4157,-148.54,-237.93,129.85
0.926925,0.0049,0.6637,1.4010,-152.60,-245.35,131.88
0.927522,0.0093,0.6461,1.3644,-153.09,-254.87,141.40
0.928119,0.0117,0.6237,1.3459,-157.22,-263.13,142.73
0.928717,0.0185,0.5773,1.3278,-162.12,-279.65,153.72
0.929687,0.0220,0.5549,1.3088,-163.45,-286.37,162.89
0.930284,0.0273,0.5251,1.2834,-167.09,-294.91,163.87
0.930881,0.0332,0.4904,1.2629,-167.93,-302.05,172.20
0.931478,0.0390,0.4582,1.2385,-172.20,-310.10,173.32
0.932075,0.0488,0.4246,1.2127,-172.69,-316.68,180.60
0.932672,0.0634,0.3909,1.1936,-176.40,-324.73,181.58
0.933270,0.0766,0.3567,1.1702,-177.31,-330.89,188.79
0.933867,0.0864,0.3187,1.1483,-180.46,-339.01,189.14
0.934464,0.0996,0.2791,1.1273,-181.79,-345.10,195.30
0.935061,0.1137,0.2440,1.1000,-184.52,-352.24,195.93
0.935658,0.1298,0.2089,1.0707,-185.99,-358.26,201.81
0.936255,0.1513,0.1684,1.0468,-188.09,-365.19,201.46
0.936852,0.1840,0.0810,1.0043,-190.19,-370.79,206.99
0.937449,0.2059,0.0356,0.9799,-193.48,-382.97,210.77
0.938046,0.2274,-0.0063,0.9540,-195.16,-388.64,210.42
0.938643,0.2469,-0.0522,0.9296,-196.91,-394.45,213.50
0.939240,0.2733,-0.0981,0.9033,-198.45,-399.77,213.85
0.939837,0.2952,-0.1420,0.8813,-199.50,-405.23,215.60
0.940435,0.3133,-0.1835,0.8623,-200.97,-410.41,215.88
0.940435,0.3382,-0.2245,0.8423,-202.23,-415.38,216.72
0.941027,0.3621,-0.2708,0.8198,-203.28,-420.00,217.42
0.941624,0.3836,-0.3196,0.7984,-204.75,-424.69,217.35
0.942221,0.4050,-0.3675,0.7720,-205.59,-428.82,217.98
0.942818,0.4275,-0.4163,0.7491,-206.29,-433.72,216.65
0.943415,0.4490,-0.4646,0.7379,-207.20,-437.71,217.84
0.944012,0.4714,-0.5124,0.7159,-207.69,-441.70,215.39
0.944610,0.4948,-0.5588,0.6900,-208.67,-445.06,217.14
0.945207,0.5173,-0.6007,0.6710,-208.60,-449.61,213.36
0.945804,0.5412,-0.6476,0.6510,-209.23,-452.69,215.53
0.946401,0.5690,-0.6964,0.6339,-209.79,-456.75,210.91
0.946998,0.6007,-0.7408,0.6168,-209.23,-459.20,213.43
0.947595,0.6256,-0.7862,0.5968,-209.93,-462.70,207.55
0.948192,0.6510,-0.8330,0.5754,-209.51,-465.01,210.00
0.948789,0.6773,-0.8794,0.5539,-209.72,-468.72,204.26
0.949386,0.7027,-0.9243,0.5378,-209.44,-470.54,206.64
0.949983,0.7335,-0.9643,0.5202,-209.30,-473.83,199.57
0.950580,0.7632,-1.0038,0.5022,-208.53,-475.30,202.58
0.951177,0.7886,-1.0438,0.4895,-208.81,-478.31,195.02
0.952148,0.8150,-1.0770,0.4773,-207.27,-479.36,197.40
0.952745,0.8442,-1.1078,0.4670,-207.41,-482.37,189.98
0.953342,0.8750,-1.1429,0.4543,-206.01,-482.65,191.66
0.953939,0.9004,-1.1746,0.4402,-206.08,-485.73,184.73
0.954536,0.9277,-1.2015,0.4275,-204.61,-485.17,185.71
0.955133,0.9599,-1.2273,0.4172,-203.77,-488.60,178.64
0.955731,0.9931,-1.2512,0.4070,-202.93,-487.69,179.27
0.956328,1.0253,-1.2737,0.3938,-201.88,-490.70,171.92
0.956925,1.0531,-1.2912,0.3797,-200.97,-489.37,172.55
0.957522,1.0834,-1.3069,0.3670,-199.29,-492.17,165.34
0.958119,1.1165,-1.3220,0.3606,-198.59,-490.98,165.69
0.958716,1.1448,-1.3337,0.3494,-197.12,-492.73,158.27
0.959313,1.1736,-1.3503,0.3367,-196.07,-491.54,158.55
0.959910,1.2039,-1.3727,0.3284,-194.39,-492.94,150.64
0.960507,1.2298,-1.3937,0.3152,-193.06,-491.68,150.92
0.961104,1.2503,-1.4030,0.3035,-192.08,-493.15,143.15
0.961701,1.2732,-1.4098,0.2913,-190.12,-491.05,142.94
0.962298,1.2995,-1.4206,0.2830,-189.28,-491.82,135.66
0.962896,1.3239,-1.4284,0.2782,-186.62,-490.56,134.75
0.962896,1.3459,-1.4372,0.2718,-186.69,-490.98,128.17
0.963488,1.3625,-1.4445,0.2664,-183.75,-489.23,126.56
0.964085,1.3786,-1.4508,0.2616,-183.54,-489.37,119.35
0.964682,1.3918,-1.4586,0.2577,-180.74,-487.55,118.93
0.965279,1.4089,-1.4625,0.2538,-180.53,-486.64,111.51
0.965876,1.4225,-1.4660,0.2445,-177.17,-485.87,110.53
0.966473,1.4318,-1.4708,0.2469,-177.10,-484.40,102.62
0.967071,1.4464,-1.4752,0.2499,-174.09,-483.42,102.34
0.967668,1.4586,-1.4801,0.2474,-173.95,-481.74,94.50
0.968265,1.4694,-1.4821,0.2460,-170.94,-480.69,93.94
0.968862,1.4738,-1.4821,0.2416,-170.45,-478.66,86.24
0.969459,1.4791,-1.4845,0.2430,-167.72,-477.26,84.70
0.970056,1.4977,-1.4786,0.2416,-167.44,-475.30,78.33
0.970653,1.5060,-1.4747,0.2464,-163.45,-471.59,69.23
0.971250,1.5138,-1.4664,0.2450,-162.12,-470.12,68.18
0.971847,1.5216,-1.4625,0.2416,-160.23,-468.16,60.97
0.972444,1.5309,-1.4577,0.2420,-159.32,-465.92,59.50
0.973041,1.5357,-1.4498,0.2411,-157.01,-463.89,53.20
0.973638,1.5406,-1.4406,0.2391,-156.80,-461.65,50.89
0.974609,1.5455,-1.4342,0.2323,-153.86,-459.83,45.01
0.975206,1.5489,-1.4235,0.2303,-154.07,-457.17,42.84
0.975803,1.5557,-1.4123,0.2362,-151.06,-455.28,36.54
0.976400,1.5582,-1.4001,0.2367,-151.41,-452.83,34.79
0.976997,1.5582,-1.3825,0.2352,-148.33,-450.73,28.70
0.977594,1.5626,-1.3684,0.2342,-149.17,-447.37,26.74
0.978192,1.5679,-1.3522,0.2352,-146.16,-445.97,21.07
0.978789,1.5723,-1.3352,0.2377,-146.23,-442.54,18.83
0.979386,1.5762,-1.3210,0.2391,-143.92,-440.86,13.58
0.979983,1.5777,-1.3088,0.2391,-144.13,-437.36,11.13
0.980580,1.5772,-1.2937,0.2381,-142.31,-435.47,6.02
0.981177,1.5821,-1.2732,0.2377,-142.03,-432.04,4.20
0.981774,1.5860,-1.2542,0.2362,-140.84,-429.73,-1.33
0.982371,1.5821,-1.2337,0.2416,-139.86,-426.65,-2.73
0.982968,1.5792,-1.2122,0.2460,-139.23,-424.34,-8.54
0.983565,1.5762,-1.1912,0.2474,-138.32,-421.33,-9.73
0.984162,1.5704,-1.1697,0.2518,-138.32,-418.11,-15.19
0.984759,1.5699,-1.1522,0.2523,-136.64,-416.08,-16.38
0.985357,1.5689,-1.1331,0.2547,-137.13,-412.30,-21.56
0.985357,1.5616,-1.1102,0.2606,-136.08,-409.78,-23.10
0.985949,1.5567,-1.0878,0.2625,-136.22,-407.05,-27.37
0.986546,1.5514,-1.0668,0.2674,-134.89,-404.11,-29.33
0.987143,1.5431,-1.0458,0.2728,-135.87,-400.82,-32.97
0.987740,1.5357,-1.0258,0.2786,-134.19,-398.16,-35.35
0.988337,1.5284,-1.0082,0.2811,-135.31,-395.43,-38.85
0.988934,1.5221,-0.9941,0.2845,-134.19,-392.49,-40.88
0.989532,1.5118,-0.9784,0.2889,-134.61,-389.55,-45.01
0.990129,1.5001,-0.9643,0.2933,-134.96,-386.54,-45.78
0.990726,1.4908,-0.9521,0.3006,-134.61,-383.32,-49.98
0.991323,1.4796,-0.9389,0.3060,-134.96,-380.45,-50.89
0.991920,1.4674,-0.9248,0.3089,-134.75,-377.65,-54.67
0.992517,1.4577,-0.9018,0.3045,-135.10,-375.27,-55.44
0.993114,1.4494,-0.8823,0.3079,-134.96,-372.12,-59.36
0.993711,1.4411,-0.8696,0.3133,-135.59,-369.18,-60.55
0.994308,1.4376,-0.8579,0.3162,-135.66,-366.66,-63.49
0.994905,1.4303,-0.8438,0.3187,-136.57,-363.30,-64.54
0.995502,1.4157,-0.8281,0.3143,-136.57,-360.71,-67.62
0.996099,1.4054,-0.8189,0.3162,-137.06,-357.98,-68.18
0.997070,1.3981,-0.8057,0.3211,-137.69,-354.90,-71.96
0.997667,1.3908,-0.7950,0.3221,-138.18,-352.31,-72.38
0.998264,1.3859,-0.7881,0.3216,-138.88,-349.30,-75.39
0.998861,1.3757,-0.7818,0.3216,-139.09,-346.92,-75.95
0.999458,1.3635,-0.7784,0.3245,-140.35,-343.21,-78.89
1.000055,1.3527,-0.7774,0.3265,-140.28,-341.18,-79.59
1.000652,1.3405,-0.7745,0.3294,-141.68,-338.03,-82.46
1.001250,1.3303,-0.7681,0.3328,-141.33,-336.07,-83.23
1.001847,1.3176,-0.7681,0.3343,-143.08,-332.57,-85.61
1.002444,1.3049,-0.7686,0.3367,-142.80,-330.61,-86.59
1.003041,1.2932,-0.7657,0.3387,-144.34,-327.18,-88.83
1.003638,1.2805,-0.7696,0.3387,-144.41,-325.01,-90.79
1.004235,1.2527,-0.7798,0.3504,-145.60,-322.14,-91.84
1.004832,1.2381,-0.7852,0.3509,-147.07,-316.96,-95.76
1.005429,1.2224,-0.7862,0.3499,-147.56,-315.42,-97.23
1.006026,1.2093,-0.7910,0.3479,-148.47,-311.15,-99.68
1.006623,1.1971,-0.7984,0.3494,-149.03,-310.38,-101.15
1.007220,1.1839,-0.8042,0.3553,-149.80,-306.25,-103.25
1.007817,1.1707,-0.8145,0.3592,-150.22,-305.41,-105.28
1.008789,1.1566,-0.8281,0.3655,-151.48,-301.28,-106.75
1.009386,1.1453,-0.8379,0.3694,-151.55,-300.58,-109.20
1.009983,1.1302,-0.8477,0.3714,-152.74,-296.45,-110.95
1.010580,1.1107,-0.8603,0.3762,-152.74,-295.82,-113.26
1.011177,1.0921,-0.8706,0.3758,-153.79,-292.46,-115.08
1.011774,1.0697,-0.8794,0.3777,-154.28,-291.13,-117.95
1.012372,1.0516,-0.8891,0.3811,-154.77,-288.40,-119.14
1.012969,1.0385,-0.9008,0.3826,-155.40,-286.72,-122.71
1.013566,1.0194,-0.9160,0.3870,-155.40,-284.41,-123.90
1.014163,0.9980,-0.9282,0.3894,-156.38,-282.59,-127.47
1.014760,0.9784,-0.9370,0.3875,-156.17,-280.77,-128.24
1.015357,0.9570,-0.9462,0.3870,-157.78,-278.25,-132.93
1.015954,0.9340,-0.9604,0.3924,-157.08,-277.20,-132.86
1.016551,0.9101,-0.9775,0.3992,-158.34,-275.10,-138.46
1.017148,0.8891,-0.9897,0.3992,-157.85,-273.00,-138.18
1.017745,0.8647,-1.0014,0.3997,-158.76,-272.23,-143.43
1.018342,0.8340,-1.0141,0.4041,-158.76,-269.36,-143.71
1.018939,0.8072,-1.0272,0.4075,-159.32,-268.94,-148.47
1.019537,0.7828,-1.0414,0.4128,-158.76,-266.07,-149.87
1.019537,0.7569,-1.0531,0.4168,-159.74,-266.28,-153.93
1.020128,0.7305,-1.0634,0.4172,-159.39,-263.06,-155.19
1.020725,0.7027,-1.0770,0.4207,-159.74,-263.83,-160.09
1.021322,0.6798,-1.0912,0.4270,-160.23,-260.05,-161.07
1.021919,0.6544,-1.1009,0.4309,-159.60,-262.08,-165.97
1.022516,0.6217,-1.1146,0.4333,-159.67,-258.58,-167.09
1.023113,0.5919,-1.1317,0.4353,-160.02,-259.63,-171.99
1.023711,0.5641,-1.1429,0.4387,-159.88,-256.76,-173.18
1.024308,0.5353,-1.1541,0.4426,-160.09,-258.02,-178.15
1.024905,0.5095,-1.1683,0.4431,-159.32,-255.15,-179.55
1.025502,0.4831,-1.1814,0.4470,-160.23,-256.06,-184.17
1.026099,0.4543,-1.1912,0.4524,-158.62,-254.10,-186.27
1.026696,0.4246,-1.1995,0.4563,-159.81,-255.01,-190.33
1.027293,0.3972,-1.2088,0.4612,-158.20,-253.75,-192.01
1.027890,0.3684,-1.2146,0.4626,-159.18,-253.89,-197.68
1.028487,0.3357,-1.2259,0.4607,-157.85,-252.91,-197.61
1.029084,0.3099,-1.2424,0.4621,-158.83,-253.47,-203.77
1.029681,0.2830,-1.2542,0.4641,-157.08,-253.05,-204.12
1.030278,0.2547,-1.2590,0.4675,-158.20,-252.84,-209.93
1.030278,0.2284,-1.2659,0.4748,-156.31,-253.12,-210.28
1.030870,0.2045,-1.2742,0.4748,-157.57,-252.84,-215.53
1.031467,0.1801,-1.2737,0.4699,-155.68,-253.26,-216.79
1.032064,0.1566,-1.2727,0.4734,-156.52,-253.05,-221.34
1.032661,0.1337,-1.2756,0.4738,-154.98,-253.96,-222.95
1.033258,0.1074,-1.2742,0.4699,-155.68,-253.96,-227.22
1.033855,0.0849,-1.2708,0.4699,-154.21,-254.45,-228.90
1.034453,0.0634,-1.2659,0.4685,-154.77,-254.94,-232.54
1.035050,0.0415,-1.2586,0.4660,-153.44,-255.36,-235.27
1.035647,0.0239,-1.2537,0.4675,-153.58,-255.99,-237.30
1.036244,0.0049,-1.2424,0.4699,-153.02,-256.48,-240.52
1.036841,-0.0151,-1.2268,0.4695,-152.25,-257.39,-242.62
1.037438,-0.0342,-1.2132,0.4714,-152.39,-257.88,-246.19
1.038035,-0.0508,-1.2005,0.4714,-151.27,-259.00,-247.38
1.038632,-0.0698,-1.1839,0.4665,-151.83,-259.00,-251.72
1.039229,-0.0981,-1.1536,0.4690,-150.64,-260.19,-252.00
1.039826,-0.1118,-1.1322,0.4695,-149.73,-261.87,-257.67
1.040423,-0.1269,-1.1141,0.4651,-150.71,-263.06,-260.61
1.041020,-0.1371,-1.0965,0.4665,-149.24,-264.25,-261.94
1.041992,-0.1513,-1.0770,0.4641,-150.50,-265.30,-265.09
1.042589,-0.1684,-1.0565,0.4592,-148.96,-265.79,-265.72
1.043186,-0.1810,-1.0414,0.4602,-149.66,-267.05,-270.06
1.043783,-0.1893,-1.0282,0.4592,-148.82,-268.03,-269.43
1.044380,-0.1996,-1.0116,0.4553,-149.66,-269.71,-273.91
1.044977,-0.2118,-0.9892,0.4543,-148.61,-270.06,-273.91
1.045574,-0.2196,-0.9706,0.4529,-149.31,-271.81,-277.34
1.046172,-0.2303,-0.9584,0.4514,-148.47,-272.09,-277.41
1.046769,-0.2435,-0.9433,0.4504,-148.54,-274.33,-280.91
1.047366,-0.2508,-0.9296,0.4480,-148.61,-273.98,-280.63
1.047963,-0.2586,-0.9135,0.4441,-148.75,-276.71,-283.92
1.048560,-0.2655,-0.8969,0.4333,-148.61,-276.50,-283.64
1.049157,-0.2845,-0.8750,0.4329,-148.96,-278.46,-285.67
1.049754,-0.2938,-0.8623,0.4231,-148.54,-281.68,-289.66
1.050351,-0.3021,-0.8520,0.4207,-149.38,-280.84,-288.12
1.050948,-0.3099,-0.8438,0.4226,-148.82,-283.78,-291.55
1.051545,-0.3196,-0.8359,0.4158,-149.24,-283.78,-289.94
1.052142,-0.3333,-0.8311,0.4055,-148.96,-286.37,-293.86
1.052739,-0.3436,-0.8257,0.4006,-148.89,-286.23,-291.62
1.053711,-0.3523,-0.8174,0.3953,-149.45,-288.68,-295.12
1.054308,-0.3626,-0.8086,0.3880,-148.61,-289.38,-293.51
1.054905,-0.3762,-0.8042,0.3821,-149.66,-291.20,-296.31
1.055502,-0.3914,-0.8037,0.3767,-148.75,-292.18,-294.42
1.056099,-0.4041,-0.8062,0.3719,-150.29,-293.86,-296.87
1.056696,-0.4177,-0.8067,0.3645,-148.40,-294.70,-295.75
1.057293,-0.4246,-0.8062,0.3567,-150.22,-296.24,-297.57
1.057891,-0.4333,-0.8125,0.3499,-148.19,-297.71,-295.96
1.058488,-0.4431,-0.8150,0.3460,-150.36,-299.25,-297.57
1.059085,-0.4494,-0.8096,0.3387,-148.54,-300.65,-296.03
1.059682,-0.4621,-0.8101,0.3318,-150.15,-301.91,-298.13
1.060279,-0.4743,-0.8169,0.3299,-148.33,-303.80,-295.82
1.060876,-0.4846,-0.8198,0.3201,-149.87,-304.15,-297.78
1.061473,-0.4953,-0.8189,0.3099,-148.47,-306.74,-295.75
1.062070,-0.5051,-0.8150,0.3055,-149.10,-307.37,-297.50
1.062667,-0.5124,-0.8164,0.3011,-148.40,-309.75,-295.12
1.063264,-0.5217,-0.8218,0.2918,-149.24,-309.82,-296.45
1.063861,-0.5358,-0.8276,0.2791,-148.19,-312.83,-294.42
1.064458,-0.5480,-0.8325,0.2699,-148.82,-312.90,-295.40
1.064458,-0.5573,-0.8335,0.2640,-147.84,-315.56,-293.23
1.065050,-0.5680,-0.8359,0.2552,-148.54,-315.77,-293.30
1.065647,-0.5773,-0.8384,0.2469,-147.70,-318.43,-291.97
1.066244,-0.5861,-0.8408,0.2362,-147.91,-319.13,-291.62
1.066841,-0.5978,-0.8408,0.2245,-147.63,-321.16,-290.78
1.067438,-0.6100,-0.8364,0.2181,-147.35,-322.35,-289.38
1.068035,-0.6188,-0.8374,0.2054,-147.35,-323.47,-289.17
1.068633,-0.6266,-0.8374,0.1937,-146.79,-325.57,-287.56
1.069230,-0.6295,-0.8330,0.1850,-147.49,-326.41,-287.07
1.069827,-0.6368,-0.8281,0.1762,-146.16,-328.44,-285.25
1.070424,-0.6515,-0.8213,0.1645,-147.28,-329.28,-284.62
1.071021,-0.6642,-0.8145,0.1503,-146.09,-331.59,-282.52
1.071618,-0.6803,-0.8028,0.1420,-146.86,-332.15,-282.45
1.072215,-0.6886,-0.7950,0.1303,-146.44,-335.09,-280.07
1.072812,-0.6983,-0.7862,0.1205,-145.95,-337.26,-276.43
1.073409,-0.7071,-0.7823,0.1098,-146.44,-337.68,-277.41
1.074006,-0.7159,-0.7754,0.1039,-145.88,-339.99,-273.56
1.074603,-0.7237,-0.7676,0.0981,-146.02,-340.34,-275.03
1.075200,-0.7276,-0.7623,0.0864,-145.74,-342.86,-269.92
1.076172,-0.7325,-0.7584,0.0766,-146.44,-342.93,-271.81
1.076769,-0.7403,-0.7491,0.0673,-145.67,-345.66,-266.77
1.077366,-0.7515,-0.7344,0.0620,-146.51,-345.80,-268.94
1.077963,-0.7608,-0.7261,0.0556,-146.23,-348.25,-262.71
1.078560,-0.7676,-0.7242,0.0512,-146.72,-348.32,-265.37
1.079157,-0.7793,-0.7159,0.0434,-146.02,-351.19,-259.28
1.079754,-0.7891,-0.7071,0.0288,-147.07,-351.05,-261.66
1.080352,-0.7959,-0.7017,0.0229,-146.72,-353.36,-255.36
1.080949,-0.8091,-0.6939,0.0210,-147.14,-353.99,-258.02
1.081546,-0.8242,-0.6812,0.0151,-147.00,-355.53,-251.44
1.082143,-0.8345,-0.6700,0.0059,-147.70,-356.02,-254.03
1.082740,-0.8418,-0.6608,-0.0044,-148.05,-358.19,-246.68
1.083337,-0.8511,-0.6510,-0.0093,-147.91,-359.03,-249.76
1.083934,-0.8677,-0.6422,-0.0156,-148.61,-360.22,-243.39
1.084531,-0.8838,-0.6349,-0.0224,-149.38,-360.92,-244.37
1.085128,-0.8974,-0.6295,-0.0288,-149.59,-362.46,-238.14
1.085725,-0.9126,-0.6251,-0.0371,-150.08,-363.72,-239.75
1.086322,-0.9252,-0.6173,-0.0390,-150.50,-364.77,-233.17
1.086919,-0.9365,-0.6071,-0.0420,-151.06,-366.45,-234.50
1.087891,-0.9526,-0.5993,-0.0503,-151.20,-367.43,-228.48
1.088488,-0.9672,-0.5924,-0.0556,-152.60,-368.27,-228.83
1.089085,-0.9780,-0.5861,-0.0620,-152.18,-369.67,-223.72
1.089682,-0.9960,-0.5788,-0.0678,-153.93,-370.79,-223.16
1.090279,-1.0121,-0.5719,-0.0737,-153.37,-371.98,-217.98
1.090876,-1.0248,-0.5705,-0.0805,-155.40,-373.17,-217.77
1.091473,-1.0419,-0.5671,-0.0820,-154.84,-374.43,-212.66
1.092071,-1.0555,-0.5641,-0.0869,-156.73,-375.13,-212.03
1.092668,-1.0673,-0.5661,-0.0927,-156.03,-376.88,-207.55
1.093265,-1.0819,-0.5661,-0.0966,-158.48,-376.74,-206.92
1.093862,-1.0951,-0.5705,-0.1015,-157.71,-379.33,-202.30
1.094459,-1.1053,-0.5700,-0.1200,-159.88,-379.19,-201.53
1.095056,-1.1287,-0.5719,-0.1244,-161.49,-382.20,-196.49
1.095653,-1.1351,-0.5724,-0.1240,-161.07,-382.83,-193.13
1.096250,-1.1463,-0.5754,-0.1244,-163.38,-383.95,-191.52
1.096847,-1.1575,-0.5744,-0.1308,-163.03,-385.14,-188.86
1.097444,-1.1663,-0.5749,-0.1396,-164.99,-385.63,-187.60
1.098041,-1.1771,-0.5797,-0.1410,-164.78,-387.10,-184.87
1.098638,-1.1868,-0.5861,-0.1401,-166.39,-387.17,-183.61
1.098638,-1.1951,-0.5885,-0.1459,-167.16,-389.20,-181.37
1.099230,-1.2044,-0.5890,-0.1557,-168.35,-389.90,-179.62
1.099827,-1.2161,-0.5939,-0.1591,-168.84,-390.53,-179.06
1.100424,-1.2259,-0.6002,-0.1674,-170.38,-391.58,-175.98
1.101021,-1.2410,-0.6066,-0.1713,-171.01,-391.51,-176.40
1.101618,-1.2551,-0.6173,-0.1679,-171.71,-393.54,-173.60
1.102215,-1.2664,-0.6271,-0.1737,-173.18,-393.26,-174.16
1.102813,-1.2820,-0.6339,-0.1801,-173.25,-394.94,-171.01
1.103410,-1.2966,-0.6427,-0.1864,-175.07,-395.08,-172.27
1.104007,-1.3098,-0.6490,-0.1879,-175.49,-396.34,-169.75
1.104604,-1.3230,-0.6588,-0.1854,-177.03,-396.55,-171.01
1.105201,-1.3332,-0.6710,-0.1884,-176.89,-398.09,-168.56
1.105798,-1.3625,-0.6993,-0.1908,-178.50,-399.77,-167.37
1.106395,-1.3757,-0.7096,-0.1962,-180.53,-399.07,-170.45
1.106992,-1.3879,-0.7183,-0.1976,-180.74,-400.96,-166.88
1.107589,-1.4020,-0.7300,-0.1991,-182.42,-400.19,-170.03
1.108186,-1.4089,-0.7349,-0.2020,-182.35,-401.59,-167.44
1.108783,-1.4167,-0.7354,-0.2050,-183.82,-402.08,-170.38
1.109380,-1.4294,-0.7413,-0.2069,-183.82,-402.57,-168.14
1.110352,-1.4376,-0.7471,-0.2074,-185.50,-403.34,-171.01
1.110949,-1.4450,-0.7520,-0.2094,-185.36,-403.48,-169.05
1.111546,-1.4498,-0.7584,-0.2094,-186.90,-404.81,-172.41
1.112143,-1.4518,-0.7593,-0.2108,-187.32,-404.18,-170.31
1.112740,-1.4528,-0.7559,-0.2142,-188.16,-405.72,-174.51
1.113337,-1.4552,-0.7593,-0.2186,-189.14,-404.67,-172.06
1.113934,-1.4528,-0.7598,-0.2191,-189.77,-406.91,-176.54
1.114532,-1.4498,-0.7588,-0.2196,-190.61,-405.79,-174.37
1.115129,-1.4494,-0.7696,-0.2250,-191.59,-406.63,-179.55
1.115726,-1.4430,-0.7774,-0.2289,-192.57,-406.21,-177.31
1.116323,-1.4386,-0.7779,-0.2318,-193.13,-406.77,-182.91
1.116920,-1.4313,-0.7823,-0.2323,-193.48,-406.28,-180.53
1.117517,-1.4215,-0.7842,-0.2318,-194.67,-407.33,-186.13
1.118114,-1.4152,-0.7862,-0.2372,-194.88,-406.00,-184.87
1.118711,-1.4069,-0.7910,-0.2411,-196.28,-407.26,-189.70
1.119308,-1.3996,-0.8018,-0.2411,-196.49,-405.65,-188.93
1.119905,-1.3923,-0.8091,-0.2430,-197.54,-406.77,-193.97
1.120502,-1.3830,-0.8120,-0.2435,-197.75,-405.30,-194.39
1.121099,-1.3742,-0.8203,-0.2430,-198.80,-405.79,-198.31
1.122070,-1.3659,-0.8281,-0.2450,-199.08,-404.32,-199.29
1.122667,-1.3566,-0.8340,-0.2450,-199.43,-405.44,-202.93
1.123264,-1.3449,-0.8384,-0.2420,-200.13,-403.13,-205.10
1.123861,-1.3352,-0.8442,-0.2445,-201.04,-403.41,-207.83
1.124458,-1.3264,-0.8511,-0.2460,-201.18,-402.01,-210.77
1.125055,-1.3152,-0.8564,-0.2420,-201.74,-402.15,-213.29
1.125653,-1.3103,-0.8603,-0.2377,-202.16,-400.75,-216.23
1.126250,-1.3054,-0.8667,-0.2391,-202.44,-400.40,-219.45
1.126847,-1.2986,-0.8682,-0.2396,-203.28,-398.79,-222.32
1.127444,-1.2917,-0.8701,-0.2352,-203.21,-398.37,-225.19
1.128041,-1.2873,-0.8774,-0.2313,-204.61,-396.97,-228.34
1.128638,-1.2834,-0.8818,-0.2308,-203.91,-396.34,-230.93
1.129235,-1.2820,-0.8823,-0.2279,-205.03,-394.45,-235.48
1.129832,-1.2800,-0.8838,-0.2235,-204.40,-394.24,-236.53
1.130429,-1.2795,-0.8882,-0.2220,-205.94,-391.86,-241.64
1.131026,-1.2859,-0.8886,-0.2216,-204.82,-391.37,-242.62
1.131623,-1.2937,-0.8911,-0.2206,-206.71,-389.06,-248.08
1.132220,-1.3005,-0.8955,-0.2147,-205.38,-388.71,-248.92
1.132818,-1.3137,-0.8965,-0.2089,-207.06,-386.19,-254.24
1.132818,-1.3264,-0.8974,-0.1976,-205.87,-386.12,-254.73
1.133409,-1.3376,-0.9043,-0.1976,-207.34,-383.74,-260.05
1.134006,-1.3532,-0.9087,-0.1962,-206.15,-383.11,-261.31
1.134603,-1.3684,-0.9072,-0.1913,-207.69,-380.80,-266.14
1.135200,-1.3864,-0.9038,-0.1859,-206.64,-379.89,-267.19
1.135797,-1.3991,-0.8999,-0.1845,-207.62,-378.21,-272.16
1.136394,-1.4128,-0.8974,-0.1845,-207.13,-376.95,-273.28
1.136992,-1.4289,-0.8930,-0.1796,-207.90,-375.20,-277.83
1.137589,-1.4416,-0.8877,-0.1732,-207.48,-373.59,-279.09
1.138186,-1.4538,-0.8808,-0.1728,-207.83,-372.33,-284.06
1.138783,-1.4606,-0.8691,-0.1693,-207.97,-370.58,-285.39
1.139380,-1.4679,-0.8579,-0.1659,-207.83,-368.97,-289.38
1.139977,-1.4742,-0.8530,-0.1649,-208.11,-367.64,-291.55
1.140574,-1.4782,-0.8433,-0.1645,-207.83,-365.96,-294.70
1.141171,-1.4811,-0.8291,-0.1630,-208.95,-363.79,-296.73
1.141768,-1.4816,-0.8150,-0.1562,-208.11,-362.18,-300.86
1.142365,-1.4777,-0.8042,-0.1562,-209.51,-360.01,-302.19
1.142962,-1.4747,-0.7925,-0.1571,-208.18,-359.03,-306.18
1.143559,-1.4742,-0.7784,-0.1552,-209.79,-357.21,-307.37
1.143559,-1.4694,-0.7706,-0.1547,-208.81,-355.18,-312.41
1.144152,-1.4664,-0.7623,-0.1523,-210.07,-353.43,-312.27
1.144749,-1.4611,-0.7486,-0.1513,-209.23,-351.61,-317.80
1.145346,-1.4528,-0.7354,-0.1469,-210.28,-349.16,-317.10
1.145943,-1.4513,-0.7247,-0.1440,-209.72,-347.90,-321.93
1.146540,-1.4484,-0.7154,-0.1459,-210.49,-344.75,-322.14
1.147137,-1.4445,-0.7056,-0.1484,-210.07,-343.91,-326.62
1.147735,-1.4450,-0.6925,-0.1435,-210.70,-340.27,-326.41
1.148332,-1.4469,-0.6817,-0.1366,-210.84,-339.92,-330.12
1.148929,-1.4503,-0.6754,-0.1371,-211.12,-336.14,-329.84
1.149526,-1.4547,-0.6705,-0.1327,-211.47,-335.23,-333.90
1.150123,-1.4625,-0.6686,-0.1259,-211.96,-331.52,-333.20
1.150720,-1.4718,-0.6622,-0.1244,-212.03,-331.03,-336.07
1.151317,-1.4825,-0.6554,-0.1152,-211.89,-326.69,-336.63
1.151914,-1.4957,-0.6500,-0.1044,-212.94,-326.34,-337.89
1.152511,-1.5113,-0.6476,-0.0971,-212.17,-322.21,-338.80
1.153108,-1.5299,-0.6446,-0.0883,-213.57,-322.00,-339.64
1.153705,-1.5504,-0.6407,-0.0800,-212.87,-317.66,-340.13
1.154302,-1.5758,-0.6407,-0.0722,-213.85,-317.17,-340.76
1.155273,-1.5982,-0.6344,-0.0630,-213.43,-313.39,-340.69
1.155870,-1.6197,-0.6246,-0.0522,-214.13,-312.48,-341.25
1.156467,-1.6426,-0.6188,-0.0410,-214.27,-309.05,-341.32
1.157064,-1.6646,-0.6149,-0.0317,-214.76,-308.00,-340.62
1.157661,-1.6899,-0.6085,-0.0239,-215.04,-304.29,-340.55
1.158258,-1.7153,-0.5993,-0.0127,-214.83,-303.45,-340.20
1.158855,-1.7368,-0.5939,-0.0054,-215.81,-300.02,-339.64
1.159453,-1.7539,-0.5910,0.0010,-215.11,-299.18,-338.80
1.160050,-1.7700,-0.5856,0.0073,-216.65,-296.24,-338.03
1.160647,-1.7866,-0.5817,0.0117,-215.74,-294.77,-337.19
1.161244,-1.8032,-0.5763,0.0190,-217.14,-292.18,-336.14
1.161841,-1.8251,-0.5714,0.0312,-216.51,-290.29,-335.44
1.162438,-1.8481,-0.5700,0.0312,-217.56,-288.33,-333.97
1.163035,-1.8637,-0.5641,0.0346,-217.21,-286.02,-333.34
1.163632,-1.8705,-0.5588,0.0395,-218.12,-284.20,-331.45
1.164229,-1.8827,-0.5588,0.0405,-217.98,-282.10,-330.82
1.164826,-1.8973,-0.5549,0.0420,-218.33,-280.28,-328.86
1.165423,-1.9091,-0.5480,0.0459,-218.96,-277.41,-328.44
1.166020,-1.9178,-0.5470,0.0493,-218.82,-276.57,-326.13
1.166020,-1.9203,-0.5480,0.0527,-219.24,-273.14,-325.43
1.166613,-1.9242,-0.5466,0.0537,-219.10,-272.58,-323.33
1.167210,-1.9276,-0.5436,0.0566,-220.08,-269.01,-322.77
1.167807,-1.9320,-0.5431,0.0586,-219.52,-268.10,-320.04
1.168404,-1.9369,-0.5480,0.0581,-221.13,-264.32,-319.62
1.169001,-1.9408,-0.5485,0.0581,-219.31,-264.32,-317.24
1.169598,-1.9422,-0.5466,0.0581,-221.34,-260.05,-316.47
1.170196,-1.9388,-0.5446,0.0605,-220.36,-260.12,-314.23
1.170793,-1.9339,-0.5451,0.0669,-221.41,-255.71,-314.02
1.171390,-1.9300,-0.5485,0.0712,-220.78,-255.36,-311.57
1.171987,-1.9296,-0.5510,0.0688,-221.48,-251.16,-311.36
1.172584,-1.9252,-0.5549,0.0703,-221.62,-251.30,-308.56
1.173181,-1.9174,-0.5583,0.0703,-221.62,-246.47,-308.00
1.173778,-1.9110,-0.5641,0.0693,-221.48,-246.61,-305.69
1.174375,-1.9052,-0.5700,0.0771,-221.62,-241.57,-305.41
1.174972,-1.9003,-0.5763,0.0820,-221.55,-241.78,-302.82
1.175569,-1.8930,-0.5836,0.0815,-221.48,-237.30,-302.89
1.176166,-1.8856,-0.5890,0.0815,-221.90,-236.04,-299.74
1.176763,-1.8768,-0.5983,0.0849,-221.34,-232.68,-300.51
1.176763,-1.8690,-0.6066,0.0878,-221.41,-231.14,-297.29
1.177355,-1.8627,-0.6120,0.0922,-221.13,-228.48,-297.15
1.177952,-1.8524,-0.6188,0.0976,-221.13,-225.68,-294.91
1.178549,-1.8481,-0.6300,0.1005,-220.85,-223.65,-294.49
1.179146,-1.8402,-0.6427,0.1005,-220.64,-220.36,-292.32
1.179743,-1.8329,-0.6544,0.1030,-220.50,-218.54,-291.97
1.180340,-1.8295,-0.6671,0.1078,-219.66,-215.18,-289.66
1.180938,-1.8237,-0.6822,0.1103,-220.01,-213.29,-289.52
1.181535,-1.8183,-0.6988,0.1132,-218.89,-209.93,-287.14
1.182132,-1.8129,-0.7130,0.1176,-219.24,-207.62,-287.00
1.182729,-1.8076,-0.7247,0.1259,-217.70,-204.75,-285.25
1.183326,-1.8076,-0.7354,0.1327,-218.40,-202.02,-283.92
1.183923,-1.8100,-0.7486,0.1371,-216.44,-199.36,-282.94
1.184520,-1.8110,-0.7618,0.1405,-217.21,-196.56,-281.47
1.185117,-1.8134,-0.7745,0.1469,-214.90,-193.76,-280.56
1.185714,-1.8158,-0.7915,0.1518,-215.67,-191.45,-278.88
1.186311,-1.8178,-0.8062,0.1503,-213.57,-188.23,-278.25
1.186908,-1.8207,-0.8223,0.1537,-213.71,-185.71,-276.36
1.187505,-1.8217,-0.8433,0.1566,-211.82,-183.26,-276.08
1.188477,-1.8256,-0.8594,0.1586,-211.89,-180.81,-273.98
1.189074,-1.8310,-0.8725,0.1674,-210.00,-177.80,-273.91
1.189671,-1.8324,-0.8896,0.1737,-209.86,-175.07,-272.44
1.190268,-1.8339,-0.9052,0.1776,-208.32,-172.62,-271.81
1.190865,-1.8344,-0.9174,0.1786,-207.41,-169.89,-270.13
1.191462,-1.8363,-0.9326,0.1845,-205.73,-167.51,-269.85
1.192059,-1.8354,-0.9487,0.1932,-205.10,-164.43,-268.45
1.192657,-1.8320,-0.9604,0.1908,-203.56,-162.40,-268.10
1.193254,-1.8290,-0.9687,0.1879,-202.58,-158.90,-266.56
1.193851,-1.8251,-0.9789,0.1908,-200.90,-157.15,-266.63
1.194448,-1.8212,-0.9926,0.1918,-199.64,-154.28,-265.02
1.195045,-1.8163,-1.0053,0.1932,-198.03,-151.97,-264.95
1.195642,-1.8129,-1.0180,0.2006,-196.91,-148.75,-263.69
1.196239,-1.8090,-1.0355,0.2006,-195.09,-147.07,-263.27
1.196836,-1.8012,-1.0653,0.2001,-193.69,-143.01,-262.64
1.197433,-1.7949,-1.0785,0.1962,-190.61,-137.90,-261.38
1.198030,-1.7929,-1.0921,0.1962,-188.58,-137.20,-261.38
1.198627,-1.7890,-1.1063,0.1972,-187.18,-132.09,-260.75
1.199224,-1.7832,-1.1204,0.2015,-185.50,-131.74,-260.19
1.200195,-1.7768,-1.1292,0.2040,-183.75,-127.68,-260.33
1.200792,-1.7695,-1.1400,0.2030,-182.42,-125.93,-259.00
1.201389,-1.7729,-1.1507,0.2030,-180.18,-122.08,-259.63
1.201986,-1.7744,-1.1541,0.2030,-179.13,-120.89,-258.65
1.202583,-1.7719,-1.1600,0.2074,-176.05,-117.39,-259.28
1.203180,-1.7729,-1.1688,0.2103,-175.49,-115.71,-257.95
1.203777,-1.7749,-1.1736,0.2113,-172.69,-112.35,-259.00
1.204375,-1.7744,-1.1756,0.2152,-171.71,-109.97,-258.09
1.204972,-1.7744,-1.1824,0.2147,-169.19,-107.52,-258.72
1.205569,-1.7832,-1.1893,0.2186,-167.93,-104.65,-258.37
1.206166,-1.7968,-1.1907,0.2240,-165.83,-102.55,-258.72
1.206763,-1.8041,-1.1966,0.2279,-164.15,-100.10,-258.02
1.207360,-1.8115,-1.2000,0.2450,-162.05,-97.72,-258.16
1.207957,-1.8359,-1.2019,0.2533,-158.76,-92.75,-258.09
1.208554,-1.8466,-1.2024,0.2606,-156.45,-90.30,-257.95
1.209151,-1.8588,-1.2039,0.2728,-155.33,-88.41,-258.23
1.209748,-1.8710,-1.2034,0.2821,-152.74,-85.68,-257.46
1.210345,-1.8808,-1.2034,0.2884,-151.48,-83.86,-257.74
1.210942,-1.8934,-1.2034,0.3030,-149.10,-81.27,-258.02
1.210942,-1.9071,-1.2034,0.3250,-147.91,-79.87,-257.39
1.211534,-1.9164,-1.2015,0.3250,-145.81,-76.86,-257.46
1.212131,-1.9256,-1.1941,0.3338,-144.13,-75.88,-257.32
1.212728,-1.9320,-1.1922,0.3411,-142.38,-72.80,-257.46
1.213325,-1.9383,-1.1941,0.3538,-140.56,-72.17,-256.97
1.213922,-1.9481,-1.1893,0.3665,-139.37,-68.46,-257.25
1.214519,-1.9515,-1.1844,0.3753,-137.13,-68.39,-256.41
1.215117,-1.9564,-1.1805,0.3792,-136.15,-64.61,-256.69
1.215714,-1.9603,-1.1736,0.3841,-133.91,-64.40,-255.57
1.216311,-1.9608,-1.1678,0.3919,-132.93,-61.32,-256.06
1.216908,-1.9642,-1.1624,0.4026,-130.55,-60.62,-255.15
1.217505,-1.9730,-1.1570,0.4094,-129.92,-57.75,-255.43
1.218102,-1.9784,-1.1541,0.4119,-127.75,-57.19,-254.10
1.218699,-1.9705,-1.1502,0.4207,-126.49,-54.32,-254.59
1.219296,-1.9749,-1.1468,0.4226,-123.48,-50.61,-253.96
1.219893,-1.9784,-1.1453,0.4236,-122.08,-50.47,-252.70
1.220490,-1.9740,-1.1419,0.4275,-120.68,-47.18,-253.05
1.221087,-1.9735,-1.1361,0.4280,-119.63,-46.83,-251.65
1.221684,-1.9764,-1.1317,0.4250,-117.81,-44.45,-251.79
1.222656,-1.9754,-1.1273,0.4260,-117.11,-43.82,-250.32
1.223253,-1.9730,-1.1209,0.4314,-115.08,-41.16,-250.67
1.223850,-1.9769,-1.1126,0.4329,-114.31,-40.74,-249.48
1.224447,-1.9798,-1.1082,0.4290,-112.77,-38.50,-249.27
1.225044,-1.9788,-1.1068,0.4280,-111.72,-37.66,-248.29
1.225641,-1.9827,-1.0995,0.4285,-110.60,-35.56,-247.45
1.226238,-1.9871,-1.0960,0.4265,-109.41,-34.30,-246.75
1.226836,-1.9886,-1.0917,0.4280,-108.01,-33.04,-245.49
1.227433,-1.9915,-1.0838,0.4299,-107.17,-31.85,-244.93
1.228030,-1.9954,-1.0760,0.4299,-105.91,-30.24,-243.46
1.228627,-1.9954,-1.0653,0.4338,-104.79,-29.26,-242.83
1.229224,-1.9988,-1.0551,0.4319,-102.55,-26.60,-240.80
1.229821,-2.0032,-1.0468,0.4348,-102.13,-25.76,-238.98
1.230418,-2.0067,-1.0414,0.4377,-101.22,-23.80,-238.91
1.231015,-2.0067,-1.0326,0.4387,-100.03,-23.52,-236.39
1.231612,-2.0096,-1.0214,0.4407,-99.19,-21.77,-236.32
1.232209,-2.0154,-1.0126,0.4431,-98.49,-21.21,-233.66
1.232806,-2.0193,-1.0048,0.4416,-97.37,-19.95,-233.66
1.233403,-2.0174,-0.9984,0.4426,-96.60,-18.90,-231.56
1.234375,-2.0179,-0.9931,0.4494,-95.69,-17.85,-230.58
1.234972,-2.0232,-0.9872,0.4494,-95.27,-16.87,-228.55
1.235569,-2.0247,-0.9804,0.4519,-94.22,-15.68,-227.99
1.236166,-2.0237,-0.9706,0.4568,-94.22,-15.26,-225.12
1.236763,-2.0247,-0.9633,0.4577,-92.68,-14.00,-225.40
1.237360,-2.0223,-0.9584,0.4568,-92.89,-13.44,-222.11
1.237957,-2.0169,-0.9526,0.4597,-91.35,-12.67,-222.53
1.238555,-2.0150,-0.9472,0.4670,-91.84,-11.34,-218.47
1.239152,-2.0140,-0.9438,0.4680,-90.37,-10.85,-219.10
1.239749,-2.0091,-0.9370,0.4665,-90.16,-9.66,-215.53
1.240346,-2.0018,-0.9292,0.4665,-89.32,-9.80,-215.88
1.240943,-1.9974,-0.9252,0.4616,-88.48,-8.40,-212.52
1.241540,-1.9915,-0.9199,0.4602,-88.41,-8.26,-212.52
1.242137,-1.9847,-0.9150,0.4641,-87.50,-7.00,-209.23
1.242734,-1.9808,-0.9155,0.4651,-87.50,-6.37,-209.02
1.243331,-1.9754,-0.9155,0.4621,-85.89,-5.67,-205.87
1.243928,-1.9696,-0.9160,0.4563,-86.87,-4.55,-205.66
1.244525,-1.9622,-0.9170,0.4529,-84.77,-4.48,-202.23
1.245122,-1.9579,-0.9160,0.4524,-86.03,-2.94,-201.88
1.246094,-1.9544,-0.9174,0.4490,-83.37,-3.08,-198.87
1.246691,-1.9476,-0.9179,0.4441,-84.70,-1.96,-198.31
1.247288,-1.9374,-0.9179,0.4412,-82.60,-1.47,-196.07
1.247885,-1.9237,-0.9194,0.4363,-83.23,-0.84,-194.74
1.248482,-1.9130,-0.9194,0.4304,-82.39,-0.07,-192.29
1.249079,-1.9061,-0.9204,0.4241,-81.69,0.56,-190.82
1.249676,-1.8983,-0.9223,0.4202,-81.27,1.26,-188.86
1.250274,-1.8876,-0.9223,0.4163,-80.92,2.10,-187.74
1.250871,-1.8754,-0.9218,0.4085,-79.80,2.24,-186.27
1.251468,-1.8686,-0.9248,0.4041,-79.73,3.50,-184.10
1.252065,-1.8622,-0.9257,0.4006,-78.89,3.71,-182.14
1.252662,-1.8515,-0.9228,0.3967,-78.33,4.48,-180.95
1.253259,-1.8393,-0.9243,0.3870,-77.42,4.69,-179.76
1.253856,-1.8266,-0.9262,0.3797,-77.28,6.16,-177.52
1.254453,-1.8168,-0.9296,0.3767,-76.37,6.02,-176.47
1.255050,-1.8095,-0.9301,0.3709,-76.09,7.70,-174.51
1.255647,-1.8007,-0.9287,0.3621,-75.04,7.14,-173.18
1.256244,-1.7939,-0.9326,0.3553,-75.32,8.96,-171.15
1.256841,-1.7836,-0.9321,0.3523,-73.71,8.40,-170.03
1.256841,-1.7675,-0.9296,0.3421,-73.57,10.08,-167.86
1.257433,-1.7539,-0.9311,0.3421,-72.80,9.87,-167.09
1.258030,-1.7441,-0.9331,0.3333,-71.89,11.34,-164.99
1.258627,-1.7334,-0.9355,0.3245,-71.82,11.13,-164.22
1.259224,-1.7207,-0.9374,0.3118,-70.42,12.25,-161.77
1.259821,-1.7104,-0.9389,0.3070,-70.70,12.88,-161.14
1.260418,-1.6997,-0.9423,0.3016,-68.46,13.23,-158.90
1.261016,-1.6865,-0.9443,0.2904,-69.37,14.28,-158.34
1.261613,-1.6699,-0.9448,0.2835,-67.27,14.84,-155.61
1.262210,-1.6568,-0.9467,0.2767,-67.76,15.68,-155.19
1.262807,-1.6446,-0.9501,0.2699,-65.80,16.03,-152.67
1.263404,-1.6319,-0.9521,0.2601,-66.15,16.80,-151.97
1.264001,-1.6226,-0.9560,0.2508,-64.12,17.92,-150.29
1.264598,-1.6094,-0.9633,0.2455,-64.33,18.41,-148.89
1.265195,-1.5943,-0.9658,0.2381,-62.72,19.25,-147.28
1.265792,-1.5767,-0.9692,0.2294,-62.51,19.95,-145.88
1.266389,-1.5631,-0.9794,0.2230,-61.11,20.93,-144.13
1.266986,-1.5484,-0.9828,0.2142,-60.76,21.14,-142.94
1.267583,-1.5348,-0.9843,0.2084,-59.64,22.26,-141.26
1.267583,-1.5250,-0.9906,0.2059,-58.66,22.61,-140.63
1.268175,-1.5108,-0.9945,0.1972,-57.89,23.94,-138.04
1.268772,-1.4977,-0.9975,0.1893,-56.70,24.71,-138.39
1.269369,-1.4830,-1.0028,0.1840,-56.14,25.48,-135.10
1.269966,-1.4694,-1.0077,0.1762,-54.60,26.46,-135.52
1.270563,-1.4523,-1.0116,0.1708,-54.04,26.95,-132.23
1.271160,-1.4367,-1.0150,0.1635,-52.85,28.56,-133.00
1.271758,-1.4250,-1.0219,0.1581,-52.01,28.70,-129.64
1.272355,-1.4108,-1.0326,0.1479,-50.96,30.03,-130.55
1.272952,-1.3971,-1.0399,0.1386,-49.63,30.59,-127.26
1.273549,-1.3849,-1.0443,0.1332,-49.07,31.78,-128.10
1.274146,-1.3742,-1.0497,0.1269,-47.60,32.48,-124.53
1.274743,-1.3479,-1.0619,0.1249,-45.36,34.79,-122.78
1.275340,-1.3371,-1.0707,0.1171,-44.73,35.28,-122.99
1.275937,-1.3264,-1.0775,0.1132,-42.70,37.10,-121.52
1.276534,-1.3142,-1.0848,0.1113,-42.56,37.31,-120.47
1.277131,-1.3020,-1.0897,0.1064,-40.25,38.71,-119.35
1.277728,-1.2922,-1.0990,0.1015,-40.11,39.41,-118.58
1.278325,-1.2820,-1.1087,0.0991,-38.08,40.74,-117.60
1.279297,-1.2732,-1.1204,0.0961,-37.59,41.16,-116.62
1.279894,-1.2654,-1.1302,0.0898,-35.84,43.12,-116.27
1.280491,-1.2546,-1.1366,0.0854,-34.72,43.19,-114.80
1.281088,-1.2434,-1.1473,0.0854,-34.02,45.22,-114.59
1.281685,-1.2361,-1.1556,0.0815,-32.06,45.08,-113.40
1.282282,-1.2273,-1.1619,0.0776,-31.43,47.18,-113.12
1.282879,-1.2229,-1.1692,0.0795,-29.40,46.69,-112.00
1.283477,-1.2215,-1.1756,0.0791,-29.05,49.00,-111.58
1.284074,-1.2137,-1.1814,0.0717,-26.60,49.21,-110.88
1.284671,-1.2088,-1.1883,0.0654,-26.32,50.33,-109.97
1.285268,-1.2024,-1.1917,0.0654,-24.36,51.24,-110.04
1.285865,-1.1961,-1.1946,0.0649,-23.38,52.22,-108.71
1.286462,-1.1922,-1.1985,0.0639,-21.91,53.34,-108.71
1.287059,-1.1888,-1.2034,0.0669,-21.00,54.60,-107.73
1.287656,-1.1863,-1.2063,0.0664,-19.18,54.74,-108.22
1.288253,-1.1814,-1.2078,0.0620,-18.48,56.21,-106.75
1.288850,-1.1766,-1.2117,0.0542,-16.94,56.91,-107.17
1.289447,-1.1732,-1.2190,0.0508,-15.40,58.03,-106.33
1.290044,-1.1663,-1.2224,0.0503,-14.49,58.59,-106.54
1.290044,-1.1614,-1.2239,0.0493,-13.30,59.64,-105.42
1.290636,-1.1590,-1.2283,0.0473,-11.83,59.78,-105.77
1.291233,-1.1536,-1.2327,0.0434,-10.64,61.60,-104.72
1.291830,-1.1458,-1.2361,0.0410,-9.45,61.46,-105.28
1.292427,-1.1400,-1.2371,0.0444,-8.12,63.21,-104.30
1.293024,-1.1366,-1.2385,0.0483,-7.21,63.14,-104.44
1.293621,-1.1312,-1.2434,0.0434,-5.67,64.54,-103.88
1.294219,-1.1248,-1.2488,0.0410,-4.97,64.61,-104.02
1.294816,-1.1180,-1.2503,0.0425,-3.57,65.73,-102.76
1.295413,-1.1122,-1.2464,0.0395,-2.31,66.36,-104.16
1.296010,-1.1097,-1.2420,0.0386,-1.05,67.20,-102.41
1.296607,-1.1024,-1.2424,0.0342,1.68,68.39,-102.27
1.297204,-1.0995,-1.2420,0.0390,1.61,69.30,-102.90
1.297801,-1.0941,-1.2420,0.0434,3.85,69.65,-101.85
1.298398,-1.0931,-1.2420,0.0444,3.43,70.84,-102.76
1.298995,-1.0936,-1.2395,0.0449,5.74,70.91,-101.85
1.299592,-1.0912,-1.2346,0.0449,5.53,72.03,-102.27
1.300189,-1.0858,-1.2337,0.0459,7.91,71.89,-101.64
1.300786,-1.0838,-1.2361,0.0464,7.56,72.66,-102.20
1.301758,-1.0829,-1.2356,0.0459,9.38,73.43,-101.92
1.302355,-1.0775,-1.2317,0.0459,9.66,73.43,-101.78
1.302952,-1.0746,-1.2278,0.0459,10.92,74.06,-102.06
1.303549,-1.0726,-1.2254,0.0468,11.27,75.11,-101.36
1.304146,-1.0702,-1.2215,0.0454,12.67,75.25,-101.85
1.304743,-1.0677,-1.2176,0.0468,13.09,75.95,-101.08
1.305340,-1.0609,-1.2185,0.0493,14.07,75.67,-101.36
1.305938,-1.0565,-1.2151,0.0478,14.56,76.65,-101.08
1.306535,-1.0541,-1.2112,0.0522,15.12,76.51,-101.36
1.307132,-1.0497,-1.2102,0.0581,16.45,77.56,-100.66
1.307729,-1.0487,-1.1990,0.0576,17.85,78.75,-100.38
1.308326,-1.0424,-1.1961,0.0542,17.43,77.84,-100.94
1.308923,-1.0424,-1.1917,0.0547,18.83,79.24,-100.31
1.309520,-1.0394,-1.1878,0.0581,18.41,78.26,-100.45
1.310117,-1.0360,-1.1819,0.0600,19.95,80.15,-100.10
1.310714,-1.0326,-1.1790,0.0595,19.53,78.40,-100.38
1.311311,-1.0307,-1.1746,0.0586,20.65,81.13,-99.89
1.311908,-1.0316,-1.1673,0.0581,20.65,78.61,-100.52
1.312505,-1.0277,-1.1624,0.0605,21.28,81.48,-99.54
1.313477,-1.0287,-1.1595,0.0595,21.07,79.10,-99.89
1.314074,-1.0331,-1.1561,0.0615,22.12,81.55,-99.26
1.314671,-1.0302,-1.1527,0.0708,21.49,79.59,-100.24
1.315268,-1.0233,-1.1507,0.0756,22.54,81.83,-99.05
1.315865,-1.0194,-1.1473,0.0747,22.19,79.94,-99.89
1.316462,-1.0214,-1.1434,0.0732,23.45,81.48,-98.70
1.317059,-1.0224,-1.1409,0.0776,22.89,80.50,-100.38
1.317657,-1.0224,-1.1414,0.0810,23.80,81.27,-98.63
1.318254,-1.0233,-1.1351,0.0800,22.96,80.71,-100.80
1.318851,-1.0233,-1.1287,0.0830,24.15,80.92,-97.86
1.319448,-1.0268,-1.1292,0.0854,23.03,80.99,-100.59
1.320045,-1.0272,-1.1273,0.0883,24.15,81.27,-97.79
1.320642,-1.0268,-1.1258,0.0937,23.73,80.85,-101.43
1.321239,-1.0248,-1.1253,0.0942,24.15,80.78,-97.58
1.321836,-1.0243,-1.1239,0.0952,23.45,80.71,-101.01
1.322433,-1.0311,-1.1190,0.1025,24.50,80.08,-97.51
1.323030,-1.0302,-1.1146,0.1078,23.52,80.43,-101.15
1.323627,-1.0243,-1.1156,0.1059,24.29,79.52,-97.30
1.324224,-1.0238,-1.1151,0.1049,23.17,80.15,-100.80
1.325195,-1.0268,-1.1131,0.1059,24.43,79.24,-97.23
1.325792,-1.0272,-1.1126,0.1108,23.31,79.24,-100.94
1.326389,-1.0272,-1.1126,0.1137,24.29,78.75,-97.51
1.326986,-1.0316,-1.1102,0.1152,23.17,78.40,-100.10
1.327583,-1.0316,-1.1097,0.1176,23.73,78.47,-97.65
1.328180,-1.0311,-1.1102,0.1191,23.31,77.49,-100.45
1.328777,-1.0316,-1.1068,0.1215,23.03,77.35,-97.16
1.329375,-1.0277,-1.1043,0.1191,23.31,77.07,-100.17
1.329972,-1.0253,-1.1024,0.1176,23.03,76.58,-97.44
1.330569,-1.0263,-1.1048,0.1240,23.03,75.95,-99.47
1.331166,-1.0277,-1.1068,0.1240,22.68,74.97,-96.88
1.331763,-1.0272,-1.1024,0.1249,22.82,74.90,-99.19
1.332360,-1.0258,-1.1014,0.1293,22.05,74.62,-96.04
1.332957,-1.0292,-1.1009,0.1327,22.40,73.64,-98.84
1.333554,-1.0272,-1.1019,0.1366,21.98,73.71,-95.83
1.334151,-1.0297,-1.0975,0.1303,21.42,72.73,-95.76
1.334748,-1.0302,-1.1004,0.1274,20.72,71.75,-95.62
1.335345,-1.0287,-1.0990,0.1322,21.56,69.02,-95.90
1.335942,-1.0272,-1.1009,0.1371,20.30,70.21,-94.99
1.336914,-1.0292,-1.0990,0.1357,20.79,68.04,-94.85
1.337511,-1.0336,-1.0946,0.1386,20.65,68.18,-94.22
1.338108,-1.0311,-1.0960,0.1410,19.81,66.50,-93.87
1.338705,-1.0302,-1.0985,0.1396,20.23,66.71,-92.89
1.339302,-1.0316,-1.0970,0.1401,19.32,65.10,-92.96
1.339899,-1.0321,-1.0946,0.1410,20.09,64.96,-92.26
1.340496,-1.0331,-1.0960,0.1430,18.69,63.77,-91.35
1.341094,-1.0360,-1.0980,0.1425,19.81,62.86,-90.86
1.341691,-1.0365,-1.0965,0.1391,19.53,60.62,-89.46
1.342288,-1.0316,-1.0951,0.1396,18.41,59.99,-88.76
1.342885,-1.0311,-1.0946,0.1381,18.83,59.22,-89.04
1.343482,-1.0326,-1.0965,0.1405,17.85,58.38,-86.45
1.344079,-1.0311,-1.0936,0.1415,18.20,56.70,-87.36
1.344676,-1.0316,-1.0892,0.1381,17.71,56.35,-84.91
1.345273,-1.0331,-1.0873,0.1396,17.22,55.02,-85.47
1.345870,-1.0287,-1.0892,0.1386,17.57,54.32,-83.86
1.346467,-1.0238,-1.0897,0.1381,16.45,52.99,-83.79
1.347064,-1.0248,-1.0853,0.1352,17.85,52.36,-82.39
1.347661,-1.0272,-1.0834,0.1327,15.82,51.17,-81.83
1.348633,-1.0199,-1.0814,0.1347,17.50,50.26,-80.50
1.349230,-1.0146,-1.0799,0.1352,15.47,48.86,-79.87
1.349827,-1.0180,-1.0819,0.1298,17.15,48.30,-79.10
1.350424,-1.0180,-1.0804,0.1235,15.05,46.83,-77.56
1.351021,-1.0141,-1.0799,0.1191,16.73,45.85,-77.21
1.351618,-1.0087,-1.0814,0.1186,15.05,44.52,-75.53
1.352215,-1.0043,-1.0795,0.1191,16.31,43.89,-75.25
1.352813,-0.9994,-1.0795,0.1147,14.63,42.56,-73.36
1.353410,-0.9941,-1.0824,0.1118,15.82,41.37,-73.57
1.354007,-0.9906,-1.0819,0.1118,14.98,40.67,-71.68
1.354604,-0.9858,-1.0809,0.1098,15.26,39.41,-71.05
1.355201,-0.9799,-1.0785,0.1035,14.70,38.99,-69.30
1.355798,-0.9736,-1.0765,0.0981,15.05,37.10,-68.74
1.356395,-0.9662,-1.0780,0.0947,14.63,37.24,-67.13
1.356992,-0.9618,-1.0775,0.0956,14.42,35.14,-66.43
1.357589,-0.9599,-1.0751,0.0932,14.70,35.07,-65.10
1.358186,-0.9550,-1.0746,0.0878,14.00,32.83,-64.19
1.358783,-0.9492,-1.0731,0.0859,14.49,32.97,-62.37
1.359380,-0.9428,-1.0731,0.0849,13.86,30.94,-62.65
1.359380,-0.9365,-1.0756,0.0834,14.70,30.80,-60.34
1.359972,-0.9282,-1.0736,0.0791,13.09,29.82,-60.13
1.360569,-0.9174,-1.0746,0.0737,14.77,28.77,-58.17
1.361166,-0.9111,-1.0765,0.0708,13.23,27.79,-58.31
1.361763,-0.9087,-1.0770,0.0722,14.91,26.81,-56.00
1.362360,-0.9052,-1.0804,0.0708,12.81,26.18,-55.86
1.362957,-0.8969,-1.0814,0.0669,14.91,25.20,-53.69
1.363555,-0.8896,-1.0838,0.0639,13.23,24.57,-54.32
1.364152,-0.8862,-1.0868,0.0620,13.09,23.10,-52.43
1.364749,-0.8804,-1.0887,0.0600,14.77,21.21,-49.07
1.365346,-0.8774,-1.0897,0.0566,13.72,21.49,-51.03
1.365943,-0.8745,-1.0897,0.0522,14.21,20.09,-46.97
1.366540,-0.8667,-1.0882,0.0473,13.86,19.88,-49.21
1.367137,-0.8613,-1.0892,0.0464,14.56,18.48,-45.22
1.367734,-0.8569,-1.0931,0.0468,14.07,18.13,-47.25
1.368331,-0.8516,-1.0965,0.0439,14.56,17.22,-43.05
1.368928,-0.8467,-1.0970,0.0361,14.42,16.31,-45.71
1.369525,-0.8413,-1.0960,0.0264,14.49,15.82,-41.58
1.370122,-0.8408,-1.0980,0.0264,14.98,14.98,-44.03
1.371094,-0.8355,-1.0985,0.0254,14.35,14.63,-40.25
1.371691,-0.8272,-1.0985,0.0161,15.54,13.23,-42.35
1.372288,-0.8228,-1.0990,0.0102,15.05,13.37,-39.27
1.372885,-0.8194,-1.0990,0.0098,15.61,11.76,-40.53
1.373482,-0.8140,-1.0995,0.0083,15.05,12.18,-38.01
1.374079,-0.8067,-1.0990,0.0049,16.24,10.71,-39.27
1.374676,-0.8003,-1.1004,0.0039,15.05,11.20,-36.33
1.375274,-0.7910,-1.1004,-0.0029,16.59,9.10,-37.87
1.375871,-0.7842,-1.0990,-0.0102,15.89,9.80,-35.35
1.376468,-0.7754,-1.0960,-0.0083,16.31,8.47,-36.75
1.377065,-0.7696,-1.0912,-0.0117,16.45,8.54,-33.95
1.377662,-0.7701,-1.0926,-0.0195,16.87,7.14,-35.28
1.378259,-0.7642,-1.0960,-0.0268,16.80,7.84,-33.04
1.378856,-0.7569,-1.0975,-0.0307,17.50,6.23,-34.02
1.379453,-0.7501,-1.0946,-0.0307,17.22,7.07,-32.06
1.380050,-0.7437,-1.0936,-0.0337,17.78,5.11,-33.04
1.380647,-0.7393,-1.0965,-0.0395,17.99,6.02,-31.22
1.381244,-0.7305,-1.0951,-0.0454,18.20,4.34,-31.43
1.381841,-0.7252,-1.0921,-0.0503,18.34,4.76,-29.89
1.382812,-0.7198,-1.0936,-0.0508,18.20,3.85,-30.24
1.383409,-0.7100,-1.0936,-0.0532,19.39,3.57,-29.12
1.384006,-0.7056,-1.0907,-0.0547,18.69,3.78,-29.47
1.384603,-0.7022,-1.0912,-0.0556,19.95,2.94,-28.07
1.385200,-0.6915,-1.0917,-0.0620,19.25,2.80,-28.07
1.385797,-0.6817,-1.0878,-0.0634,20.65,2.45,-27.23
1.386394,-0.6783,-1.0838,-0.0634,19.74,2.17,-27.30
1.386992,-0.6739,-1.0838,-0.0688,20.86,2.03,-26.32
1.387589,-0.6637,-1.0838,-0.0722,20.09,1.75,-25.83
1.388186,-0.6549,-1.0829,-0.0717,21.42,1.61,-25.76
1.388783,-0.6529,-1.0819,-0.0742,20.72,1.12,-24.99
1.389380,-0.6481,-1.0834,-0.0766,22.05,1.40,-24.99
1.389977,-0.6393,-1.0819,-0.0786,21.42,0.98,-24.08
1.390574,-0.6388,-1.0790,-0.0825,22.33,1.40,-24.01
1.391171,-0.6359,-1.0746,-0.0839,22.19,0.35,-22.89
1.391768,-0.6207,-1.0741,-0.0839,22.75,0.63,-23.17
1.392365,-0.6090,-1.0756,-0.0888,23.03,0.00,-21.84
1.392962,-0.6037,-1.0687,-0.0883,22.82,0.56,-22.54
1.393559,-0.5998,-1.0653,-0.0869,23.31,-0.07,-21.42
1.393559,-0.5949,-1.0668,-0.0937,24.08,0.21,-22.05
1.394152,-0.5885,-1.0648,-0.0956,23.66,0.14,-20.65
1.394749,-0.5812,-1.0609,-0.0927,24.43,0.63,-21.91
1.395346,-0.5778,-1.0634,-0.0932,24.08,0.14,-19.67
1.395943,-0.5734,-1.0643,-0.0937,24.85,0.28,-21.28
1.396540,-0.5680,-1.0599,-0.0932,25.06,0.07,-19.11
1.397137,-0.5636,-1.0609,-0.0976,25.55,0.70,-21.21
1.397735,-0.5588,-1.0619,-0.1005,25.13,0.35,-18.62
1.398332,-0.5568,-1.0609,-0.0981,26.18,0.70,-20.79
1.398929,-0.5549,-1.0590,-0.0991,26.04,-0.07,-18.13
1.399526,-0.5534,-1.0585,-0.1030,26.67,1.40,-20.93
1.400123,-0.5441,-1.0619,-0.1054,27.30,1.12,-21.14
1.400720,-0.5378,-1.0570,-0.1035,27.65,2.31,-21.56
1.401317,-0.5344,-1.0560,-0.1005,28.00,-0.07,-17.22
1.401914,-0.5319,-1.0555,-0.0991,28.14,2.31,-21.84
1.402511,-0.5270,-1.0580,-0.1010,28.63,0.21,-17.01
1.403108,-0.5246,-1.0590,-0.1035,28.35,2.59,-22.05
1.403705,-0.5275,-1.0580,-0.1035,29.12,0.84,-17.15
1.404302,-0.5285,-1.0565,-0.1030,29.75,2.31,-22.54
1.405273,-0.5270,-1.0541,-0.1025,29.47,1.40,-17.15
1.405870,-0.5212,-1.0531,-0.1049,29.96,2.31,-22.47
1.406467,-0.5207,-1.0555,-0.1059,30.31,1.89,-17.71
1.407064,-0.5217,-1.0570,-0.1059,30.10,1.96,-22.68
1.407661,-0.5207,-1.0555,-0.1103,30.87,2.38,-18.69
1.408258,-0.5197,-1.0551,-0.1122,30.66,2.31,-22.96
1.408855,-0.5168,-1.0546,-0.1069,31.71,2.52,-18.83
1.409453,-0.5144,-1.0531,-0.1108,32.34,3.01,-19.60
1.410050,-0.5114,-1.0521,-0.1093,31.50,2.94,-23.45
1.410647,-0.5109,-1.0526,-0.1059,32.97,3.43,-20.44
1.411244,-0.5139,-1.0492,-0.1049,31.85,3.15,-23.10
1.411841,-0.5124,-1.0429,-0.1074,33.39,3.15,-21.28
1.412438,-0.5114,-1.0424,-0.1093,32.62,3.57,-23.80
1.413035,-0.5080,-1.0453,-0.1118,33.67,3.71,-22.12
1.413632,-0.5051,-1.0424,-0.1113,33.39,3.57,-24.08
1.414229,-0.5061,-1.0370,-0.1137,33.81,4.48,-22.82
1.414826,-0.5061,-1.0355,-0.1161,33.95,3.78,-24.29
1.415423,-0.5070,-1.0390,-0.1127,34.37,4.76,-23.31
1.416020,-0.5070,-1.0390,-0.1118,34.65,4.27,-24.64
1.416992,-0.5036,-1.0360,-0.1108,34.44,5.11,-23.94
1.417589,-0.5056,-1.0360,-0.1152,35.35,3.92,-24.78
1.418186,-0.5051,-1.0350,-0.1176,34.86,5.32,-24.92
1.418783,-0.4992,-1.0331,-0.1147,35.35,4.69,-24.71
1.419380,-0.4987,-1.0321,-0.1171,35.42,5.67,-25.41
1.419977,-0.5007,-1.0331,-0.1161,36.19,4.69,-24.50
1.420575,-0.4997,-1.0326,-0.1157,35.98,6.09,-26.04
1.421172,-0.4992,-1.0297,-0.1157,36.26,5.25,-24.85
1.421769,-0.5007,-1.0302,-0.1127,36.61,5.81,-26.32
1.422366,-0.5061,-1.0331,-0.1152,36.54,5.88,-25.06
1.422963,-0.5075,-1.0282,-0.1166,36.82,5.95,-26.81
1.423560,-0.5022,-1.0219,-0.1152,36.61,5.88,-25.06
1.424157,-0.5002,-1.0209,-0.1137,37.38,5.88,-26.95
1.424754,-0.5036,-1.0199,-0.1103,37.17,6.09,-25.06
1.425351,-0.5061,-1.0160,-0.1093,37.59,6.02,-26.60
1.425948,-0.5031,-1.0116,-0.1113,37.80,6.09,-25.69
1.426545,-0.5022,-1.0097,-0.1108,37.66,6.23,-26.67
1.427142,-0.5041,-1.0102,-0.1088,37.66,6.58,-25.90
1.427740,-0.5041,-1.0131,-0.1113,38.15,6.37,-26.74
1.428711,-0.5041,-1.0092,-0.1132,37.80,6.65,-26.11
1.429308,-0.5075,-1.0024,-0.1122,38.64,6.09,-27.02
1.429905,-0.5080,-0.9989,-0.1074,37.87,7.07,-25.62
1.430502,-0.5075,-0.9984,-0.1054,38.92,6.30,-26.81
1.431099,-0.5124,-0.9970,-0.1083,37.94,6.86,-25.83
1.431696,-0.5139,-0.9882,-0.1118,39.27,6.65,-26.46
1.432294,-0.5144,-0.9887,-0.1074,39.55,6.93,-27.30
1.432891,-0.5134,-0.9853,-0.1078,38.01,7.07,-24.85
1.433488,-0.5148,-0.9828,-0.1093,39.34,7.21,-26.88
1.434085,-0.5178,-0.9809,-0.1044,38.36,6.58,-24.22
1.434682,-0.5173,-0.9789,-0.1015,39.20,7.42,-26.95
1.435279,-0.5212,-0.9760,-0.1039,39.06,6.30,-24.15
1.435876,-0.5241,-0.9736,-0.1059,39.06,7.77,-26.81
1.436473,-0.5256,-0.9687,-0.1064,38.92,6.16,-23.24
1.437070,-0.5295,-0.9638,-0.1069,38.64,7.49,-25.90
1.437667,-0.5280,-0.9609,-0.1039,39.41,6.16,-23.52
1.438264,-0.5314,-0.9589,-0.1025,38.43,7.56,-25.55
1.438861,-0.5358,-0.9570,-0.1025,39.48,6.02,-23.03
1.439459,-0.5319,-0.9565,-0.0991,38.64,7.28,-25.83
1.440430,-0.5353,-0.9540,-0.0996,39.34,6.02,-22.68
1.441027,-0.5397,-0.9511,-0.1000,38.57,7.07,-25.13
1.441624,-0.5392,-0.9487,-0.0976,39.06,6.16,-22.75
1.442221,-0.5441,-0.9482,-0.0986,38.50,6.79,-24.36
1.442818,-0.5466,-0.9492,-0.0976,38.78,6.16,-21.91
1.443415,-0.5446,-0.9477,-0.0976,38.29,6.51,-23.52
1.444013,-0.5475,-0.9418,-0.0976,38.43,5.74,-21.42
1.444610,-0.5485,-0.9379,-0.0956,38.36,6.37,-23.31
1.445207,-0.5466,-0.9350,-0.0947,38.15,5.67,-21.00
1.445804,-0.5519,-0.9340,-0.0942,38.08,5.95,-22.75
1.446401,-0.5529,-0.9350,-0.0922,37.87,5.32,-20.23
1.446998,-0.5524,-0.9340,-0.0913,38.01,5.88,-22.61
1.447595,-0.5544,-0.9365,-0.0917,37.87,5.04,-19.81
1.448192,-0.5588,-0.9365,-0.0908,37.94,5.67,-21.98
1.448789,-0.5622,-0.9374,-0.0903,37.52,4.97,-19.25
1.449386,-0.5602,-0.9355,-0.0908,37.59,5.60,-21.63
1.449983,-0.5607,-0.9340,-0.0922,37.94,4.69,-18.41
1.450580,-0.5588,-0.9379,-0.0922,37.31,4.83,-20.86
1.451178,-0.5592,-0.9394,-0.0917,37.87,4.48,-17.99
1.451178,-0.5612,-0.9394,-0.0922,36.61,4.34,-19.81
1.451769,-0.5661,-0.9409,-0.0913,37.87,4.13,-17.71
1.452366,-0.5690,-0.9418,-0.0888,36.61,4.13,-19.04
1.452963,-0.5651,-0.9399,-0.0917,37.59,3.99,-16.80
1.453560,-0.5651,-0.9418,-0.0937,36.54,3.71,-18.62
1.454157,-0.5671,-0.9467,-0.0922,37.31,3.64,-15.68
1.454755,-0.5695,-0.9496,-0.0903,36.75,3.36,-18.13
1.455352,-0.5695,-0.9511,-0.0908,37.03,3.36,-15.26
1.455949,-0.5671,-0.9536,-0.0942,36.33,2.87,-16.87
1.456546,-0.5685,-0.9560,-0.0917,37.10,2.73,-14.42
1.457143,-0.5729,-0.9545,-0.0922,36.26,2.73,-16.17
1.457740,-0.5739,-0.9540,-0.0942,36.68,2.52,-13.65
1.458337,-0.5739,-0.9536,-0.0903,36.40,2.24,-15.68
1.458934,-0.5710,-0.9526,-0.0883,36.68,1.96,-13.02
1.459531,-0.5734,-0.9545,-0.0927,35.77,2.03,-14.35
1.460128,-0.5778,-0.9545,-0.0947,36.61,1.33,-12.11
1.460725,-0.5778,-0.9526,-0.0966,35.91,1.47,-13.65
1.461322,-0.5817,-0.9555,-0.1010,36.68,0.56,-11.83
1.461920,-0.5773,-0.9575,-0.0976,35.63,1.26,-12.39
1.461920,-0.5758,-0.9565,-0.0932,36.33,0.42,-11.13
1.462511,-0.5793,-0.9531,-0.0937,35.70,0.49,-11.69
1.463108,-0.5788,-0.9511,-0.0956,36.54,0.00,-10.92
1.463705,-0.5817,-0.9521,-0.1015,35.56,-0.28,-10.64
1.464302,-0.5856,-0.9506,-0.1020,36.47,-0.42,-10.36
1.464899,-0.5797,-0.9536,-0.0956,35.56,-0.28,-10.15
1.465496,-0.5817,-0.9521,-0.0961,35.98,-0.70,-9.59
1.466094,-0.5827,-0.9501,-0.0952,35.63,-1.61,-8.40
1.466691,-0.5807,-0.9467,-0.0976,35.98,-1.26,-9.87
1.467288,-0.5778,-0.9467,-0.1000,35.21,-1.82,-7.84
1.467885,-0.5807,-0.9467,-0.0966,36.19,-2.24,-8.96
1.468482,-0.5817,-0.9462,-0.0991,35.00,-2.45,-7.63
1.469079,-0.5822,-0.9462,-0.0996,35.84,-2.59,-8.19
1.469676,-0.5788,-0.9462,-0.0991,35.07,-2.52,-6.65
1.470273,-0.5739,-0.9467,-0.0976,35.98,-3.08,-8.26
1.470870,-0.5763,-0.9467,-0.1020,35.14,-3.08,-6.23
1.471467,-0.5778,-0.9487,-0.1044,35.49,-3.08,-7.70
1.472064,-0.5758,-0.9457,-0.1005,35.42,-3.50,-6.09
1.472661,-0.5729,-0.9433,-0.1035,34.65,-3.57,-6.65
1.473633,-0.5671,-0.9428,-0.1030,35.91,-3.71,-5.95
1.474230,-0.5666,-0.9428,-0.1000,34.58,-4.69,-5.88
1.474827,-0.5710,-0.9453,-0.0996,35.98,-4.06,-6.09
1.475424,-0.5714,-0.9457,-0.1005,34.16,-4.48,-5.32
1.476021,-0.5695,-0.9457,-0.0976,35.84,-4.62,-6.30
1.476618,-0.5656,-0.9423,-0.0956,34.16,-4.83,-4.48
1.477215,-0.5641,-0.9428,-0.0991,35.98,-5.32,-6.16
1.477813,-0.5656,-0.9477,-0.1030,34.09,-4.69,-3.85
1.478410,-0.5627,-0.9496,-0.1035,35.63,-5.95,-5.39
1.479007,-0.5578,-0.9521,-0.1005,34.58,-5.25,-3.71
1.479604,-0.5573,-0.9506,-0.0966,35.07,-5.88,-4.76
1.480201,-0.5558,-0.9506,-0.0927,34.86,-5.81,-2.94
1.480798,-0.5549,-0.9531,-0.0956,34.65,-6.16,-4.55
1.481395,-0.5592,-0.9511,-0.1020,35.00,-6.02,-2.17
1.481992,-0.5568,-0.9516,-0.1015,34.23,-6.65,-4.34
1.482589,-0.5534,-0.9540,-0.0976,35.21,-6.30,-1.82
1.483186,-0.5529,-0.9540,-0.0981,34.37,-7.42,-4.06
1.483783,-0.5524,-0.9516,-0.0986,34.93,-6.23,-1.89
1.484380,-0.5514,-0.9531,-0.0986,34.58,-7.70,-3.71
1.484380,-0.5475,-0.9555,-0.1015,34.72,-6.79,-1.19
1.484972,-0.5446,-0.9531,-0.1044,34.65,-8.12,-3.57
1.485569,-0.5417,-0.9516,-0.1000,35.00,-7.00,-1.05
1.486166,-0.5412,-0.9540,-0.0966,34.44,-7.70,-2.87
1.486763,-0.5397,-0.9560,-0.1015,35.07,-7.35,-0.91
1.487360,-0.5368,-0.9550,-0.1030,34.23,-7.77,-2.80
1.487957,-0.5324,-0.9555,-0.1020,34.93,-8.12,-0.28
1.488555,-0.5295,-0.9565,-0.1069,34.86,-7.84,-3.08
1.489152,-0.5329,-0.9540,-0.1044,34.79,-8.26,0.63
1.489749,-0.5348,-0.9531,-0.1005,34.79,-8.33,-2.73
1.490346,-0.5305,-0.9536,-0.1064,34.65,-8.05,0.49
1.490943,-0.5266,-0.9526,-0.1103,34.79,-8.47,-2.17
1.491540,-0.5251,-0.9506,-0.1098,34.93,-8.54,0.77
1.492137,-0.5231,-0.9501,-0.1078,34.72,-8.54,-1.68
1.492734,-0.5217,-0.9487,-0.1093,34.65,-8.54,0.77
1.493331,-0.5212,-0.9492,-0.1152,34.93,-8.82,-1.68
1.493928,-0.5183,-0.9506,-0.1137,34.79,-8.89,0.63
1.494525,-0.5148,-0.9453,-0.1103,34.58,-8.47,-0.63
1.495122,-0.5144,-0.9428,-0.1122,35.28,-8.75,0.28
1.496094,-0.5134,-0.9414,-0.1108,34.23,-8.68,-0.63
1.496691,-0.5119,-0.9394,-0.1083,35.42,-9.73,0.98
1.497288,-0.5041,-0.9394,-0.1083,34.23,-8.40,-0.70
1.497885,-0.5012,-0.9414,-0.1103,35.00,-9.45,1.26
1.498482,-0.5002,-0.9423,-0.1083,34.44,-8.47,-1.26
1.499079,-0.4948,-0.9414,-0.1118,35.00,-9.45,1.68
1.499676,-0.4934,-0.9389,-0.1176,34.30,-8.47,-1.12
1.500274,-0.4914,-0.9365,-0.1161,35.07,-9.73,1.68
1.500871,-0.4914,-0.9360,-0.1152,34.44,-8.12,-0.70
1.501468,-0.4880,-0.9360,-0.1196,35.00,-9.87,1.82
1.502065,-0.4851,-0.9345,-0.1176,34.37,-8.33,-0.21
1.502662,-0.4860,-0.9287,-0.1157,34.72,-9.38,2.10
1.503259,-0.4880,-0.9267,-0.1205,34.09,-8.26,0.42
1.503856,-0.4885,-0.9306,-0.1176,34.79,-9.45,1.89
1.504453,-0.4826,-0.9316,-0.1186,34.37,-8.19,0.77
1.505050,-0.4797,-0.9311,-0.1186,34.79,-9.10,1.89
1.505647,-0.4768,-0.9257,-0.1181,34.02,-8.26,1.05
1.506244,-0.4724,-0.9194,-0.1205,34.86,-9.10,2.17
1.506841,-0.4724,-0.9194,-0.1166,34.16,-8.40,1.33
1.506841,-0.4753,-0.9228,-0.1181,34.65,-8.89,2.31
1.507433,-0.4729,-0.9228,-0.1235,34.02,-8.40,2.24
1.508030,-0.4675,-0.9179,-0.1220,34.72,-8.47,2.10
1.508627,-0.4651,-0.9189,-0.1225,34.16,-8.26,2.66
1.509224,-0.4626,-0.9218,-0.1181,34.65,-7.84,2.38
1.509821,-0.4631,-0.9194,-0.1191,34.30,-8.33,2.87
1.510418,-0.4616,-0.9160,-0.1259,33.88,-7.84,3.01
1.511016,-0.4553,-0.9184,-0.1279,34.23,-7.91,2.52
1.511613,-0.4538,-0.9150,-0.1313,34.37,-8.05,3.99
1.512210,-0.4529,-0.9121,-0.1288,33.88,-7.28,2.59
1.512807,-0.4524,-0.9140,-0.1249,34.23,-7.70,4.83
1.513404,-0.4519,-0.9179,-0.1249,33.81,-7.49,2.73
1.514001,-0.4509,-0.9209,-0.1274,34.09,-7.28,6.09
1.514598,-0.4490,-0.9160,-0.1249,34.23,-7.28,2.59
1.515195,-0.4446,-0.9140,-0.1249,34.23,-7.00,6.51
1.515792,-0.4416,-0.9170,-0.1293,33.67,-6.72,2.80
1.516389,-0.4372,-0.9204,-0.1313,34.37,-6.65,6.72
1.516986,-0.4343,-0.9218,-0.1303,33.46,-6.79,2.52
1.517583,-0.4314,-0.9228,-0.1298,34.51,-6.44,7.56
1.518555,-0.4255,-0.9252,-0.1308,33.67,-6.23,2.66
1.519152,-0.4260,-0.9267,-0.1322,34.65,-6.02,8.47
1.519749,-0.4275,-0.9282,-0.1293,33.46,-5.39,2.87
1.520346,-0.4246,-0.9287,-0.1220,34.51,-6.16,9.31
1.520943,-0.4207,-0.9350,-0.1249,33.39,-5.04,2.80
1.521540,-0.4197,-0.9399,-0.1288,34.79,-5.74,9.87
1.522137,-0.4192,-0.9389,-0.1293,33.39,-4.90,3.22
1.522735,-0.4202,-0.9394,-0.1283,34.72,-4.62,10.08
1.523332,-0.4211,-0.9409,-0.1259,33.25,-5.18,4.62
1.523929,-0.4158,-0.9433,-0.1283,35.28,-3.99,9.59
1.524526,-0.4138,-0.9453,-0.1283,33.46,-4.55,5.18
1.525123,-0.4158,-0.9433,-0.1244,35.07,-3.64,10.29
1.525720,-0.4187,-0.9428,-0.1283,33.25,-4.20,5.46
1.526317,-0.4172,-0.9448,-0.1308,35.14,-3.36,10.57
1.526914,-0.4119,-0.9472,-0.1279,33.53,-3.92,6.23
1.527511,-0.4094,-0.9453,-0.1293,35.49,-2.94,11.20
1.528108,-0.4099,-0.9448,-0.1313,33.60,-3.71,6.79
1.528705,-0.4099,-0.9448,-0.1342,35.14,-2.59,11.76
1.529302,-0.4080,-0.9448,-0.1362,33.95,-3.29,7.42
1.529302,-0.4070,-0.9457,-0.1327,35.14,-1.82,11.97
1.529894,-0.4065,-0.9448,-0.1347,34.44,-2.87,7.49
1.530491,-0.4070,-0.9418,-0.1376,34.93,-1.33,11.97
1.531088,-0.4080,-0.9428,-0.1332,34.65,-2.59,8.89
1.531685,-0.4041,-0.9467,-0.1313,35.14,-1.12,12.11
1.532282,-0.4036,-0.9467,-0.1308,34.79,-2.03,9.94
1.532879,-0.4060,-0.9443,-0.1342,35.07,-0.77,12.25
1.533477,-0.4031,-0.9423,-0.1371,34.86,-1.26,10.78
1.534074,-0.4031,-0.9462,-0.1371,35.42,-0.28,12.18
1.534671,-0.4011,-0.9453,-0.1362,34.65,-0.70,11.69
1.535268,-0.3987,-0.9414,-0.1342,35.14,0.00,11.97
1.535865,-0.3992,-0.9433,-0.1362,35.07,0.00,12.60
1.536462,-0.3987,-0.9462,-0.1366,35.21,0.21,12.25
1.537059,-0.3992,-0.9457,-0.1362,35.21,0.49,13.37
1.537656,-0.3963,-0.9409,-0.1381,35.35,0.56,12.11
1.538253,-0.3894,-0.9404,-0.1381,34.86,1.33,14.14
1.538850,-0.3855,-0.9428,-0.1376,35.63,0.70,11.62
1.539447,-0.3875,-0.9438,-0.1357,35.21,2.17,15.05
1.540044,-0.3904,-0.9457,-0.1342,35.49,0.91,11.62
1.541016,-0.3904,-0.9438,-0.1332,34.93,2.73,15.33
1.541613,-0.3865,-0.9438,-0.1337,35.70,0.98,12.04
1.542210,-0.3865,-0.9472,-0.1327,34.93,3.43,15.68
1.542807,-0.3865,-0.9467,-0.1293,36.12,1.47,11.69
1.543404,-0.3850,-0.9462,-0.1288,35.00,3.99,15.82
1.544001,-0.3845,-0.9492,-0.1269,35.63,1.89,12.32
1.544598,-0.3816,-0.9472,-0.1249,35.14,4.34,15.68
1.545196,-0.3792,-0.9438,-0.1264,35.84,2.45,12.81
1.545793,-0.3792,-0.9477,-0.1264,35.42,5.18,15.40
1.546390,-0.3806,-0.9492,-0.1249,35.07,3.08,12.81
1.546987,-0.3821,-0.9453,-0.1249,35.84,4.97,15.75
1.547584,-0.3850,-0.9453,-0.1244,35.00,3.43,12.67
1.548181,-0.3811,-0.9462,-0.1230,36.26,5.18,15.75
1.548778,-0.3826,-0.9457,-0.1240,34.93,4.69,11.97
1.549375,-0.3865,-0.9457,-0.1274,36.40,5.32,15.68
1.549972,-0.3845,-0.9423,-0.1254,34.86,5.11,12.11
1.550569,-0.3845,-0.9418,-0.1200,36.33,5.39,16.03
1.551166,-0.3821,-0.9428,-0.1186,34.51,5.53,12.46
1.551763,-0.3811,-0.9433,-0.1181,36.47,6.09,15.05
1.551763,-0.3821,-0.9453,-0.1200,34.65,5.67,12.32
1.552355,-0.3831,-0.9433,-0.1200,36.26,6.58,14.70
1.552952,-0.3841,-0.9404,-0.1210,34.79,6.44,12.60
1.553549,-0.3831,-0.9414,-0.1230,35.63,7.35,14.49
1.554146,-0.3831,-0.9457,-0.1205,34.93,6.58,12.32
1.554743,-0.3821,-0.9482,-0.1166,35.63,7.28,14.49
1.555340,-0.3792,-0.9487,-0.1152,35.21,7.00,12.46
1.555938,-0.3802,-0.9501,-0.1152,35.21,7.63,14.77
1.556535,-0.3806,-0.9477,-0.1191,35.42,7.63,11.62
1.557132,-0.3802,-0.9472,-0.1176,35.07,8.26,14.77
1.557729,-0.3816,-0.9506,-0.1161,35.28,7.98,11.55
1.558326,-0.3758,-0.9511,-0.1132,34.65,8.61,14.42
1.558923,-0.3758,-0.9487,-0.1083,35.63,8.47,10.99
1.559520,-0.3797,-0.9501,-0.1074,34.65,8.96,14.42
1.560117,-0.3762,-0.9516,-0.1088,35.63,8.75,10.92
1.560714,-0.3748,-0.9516,-0.1088,34.30,9.24,14.07
1.561311,-0.3743,-0.9540,-0.1083,35.70,9.31,10.64
1.561908,-0.3733,-0.9575,-0.1044,34.51,9.52,13.65
1.562505,-0.3719,-0.9575,-0.1035,35.07,9.73,10.78
1.562505,-0.3714,-0.9565,-0.1103,34.37,10.01,13.02
1.563097,-0.3709,-0.9570,-0.1098,34.93,9.87,10.85
1.563694,-0.3670,-0.9540,-0.1054,34.72,10.50,12.39
1.564291,-0.3650,-0.9531,-0.1020,34.44,10.22,10.50
1.564888,-0.3631,-0.9531,-0.0961,34.72,10.78,12.25
1.565485,-0.3636,-0.9555,-0.0947,34.30,10.43,9.94
1.566082,-0.3640,-0.9584,-0.0971,34.93,11.41,11.48
1.566680,-0.3655,-0.9570,-0.0922,34.02,10.29,9.66
1.567277,-0.3645,-0.9536,-0.0903,34.58,12.11,11.34
1.567874,-0.3621,-0.9526,-0.0961,33.81,10.50,8.96
1.568471,-0.3636,-0.9536,-0.0971,34.44,12.60,10.78
1.569068,-0.3597,-0.9550,-0.0942,33.60,10.85,9.03
1.569665,-0.3582,-0.9560,-0.0917,34.37,12.67,10.22
1.570262,-0.3645,-0.9531,-0.0908,33.67,10.92,8.61
1.570859,-0.3699,-0.9516,-0.0932,33.88,13.30,9.52
1.571456,-0.3694,-0.9492,-0.0913,33.46,11.20,8.54
1.572053,-0.3680,-0.9448,-0.0917,33.95,13.44,8.33
1.572650,-0.3684,-0.9443,-0.0908,33.25,11.69,7.98
1.573247,-0.3670,-0.9453,-0.0859,33.32,13.58,7.77
1.574219,-0.3699,-0.9438,-0.0849,33.11,12.32,7.70
1.574816,-0.3728,-0.9433,-0.0844,33.04,13.16,7.35
1.575413,-0.3694,-0.9384,-0.0874,32.97,13.09,6.79
1.576010,-0.3670,-0.9360,-0.0883,32.69,13.16,6.58
1.576607,-0.3689,-0.9360,-0.0864,32.62,13.44,6.51
1.577204,-0.3733,-0.9296,-0.0869,32.41,13.02,5.60
1.577801,-0.3719,-0.9272,-0.0883,31.99,14.14,6.09
1.578399,-0.3719,-0.9252,-0.0883,32.13,12.95,4.97
1.578996,-0.3743,-0.9238,-0.0893,31.85,14.35,5.88
1.579593,-0.3723,-0.9228,-0.0859,31.85,13.58,4.69
1.580190,-0.3670,-0.9179,-0.0869,31.29,13.79,3.85
1.580787,-0.3699,-0.9145,-0.0883,30.80,14.35,4.41
1.581384,-0.3684,-0.9116,-0.0874,31.08,14.35,3.29
1.581981,-0.3665,-0.9130,-0.0854,30.24,14.56,4.41
1.582578,-0.3680,-0.9121,-0.0844,30.59,14.28,2.94
1.583175,-0.3719,-0.9091,-0.0839,29.96,14.56,3.71
1.583772,-0.3704,-0.9067,-0.0830,30.38,14.35,2.17
1.584369,-0.3655,-0.9023,-0.0849,29.40,14.49,3.22
1.584966,-0.3670,-0.9013,-0.0869,29.68,15.12,1.82
1.584966,-0.3689,-0.8999,-0.0830,28.77,14.56,3.15
1.585558,-0.3636,-0.8960,-0.0834,28.77,15.19,1.33
1.586155,-0.3616,-0.8974,-0.0839,28.70,14.42,3.08
1.586752,-0.3645,-0.8979,-0.0839,28.14,15.47,1.33
1.587349,-0.3684,-0.8999,-0.0859,27.93,14.70,2.80
1.587946,-0.3694,-0.9004,-0.0825,27.79,15.47,0.63
1.588543,-0.3631,-0.9008,-0.0761,27.58,15.33,2.80
1.589141,-0.3621,-0.8984,-0.0761,27.09,14.91,0.21
1.589738,-0.3621,-0.8955,-0.0805,27.23,16.03,2.52
1.590335,-0.3626,-0.8960,-0.0805,26.39,14.98,0.56
1.590932,-0.3660,-0.8940,-0.0776,26.60,15.89,2.59
1.591529,-0.3645,-0.8945,-0.0766,25.83,14.84,0.70
1.592126,-0.3626,-0.8994,-0.0752,26.25,16.31,2.10
1.592723,-0.3660,-0.8989,-0.0771,25.41,15.12,0.63
1.593320,-0.3650,-0.8984,-0.0795,25.69,16.31,1.75
1.593917,-0.3606,-0.9013,-0.0786,25.13,15.26,0.98
1.594514,-0.3611,-0.9008,-0.0766,25.13,16.52,1.75
1.595111,-0.3601,-0.9028,-0.0761,24.50,15.26,1.19
1.595708,-0.3621,-0.9096,-0.0771,24.29,16.38,1.47
1.596680,-0.3636,-0.9082,-0.0742,24.08,15.68,1.47
1.597277,-0.3621,-0.9048,-0.0752,24.15,16.38,1.26
1.597874,-0.3621,-0.9077,-0.0771,23.66,16.03,1.33
1.598471,-0.3592,-0.9082,-0.0776,23.59,16.17,1.40
1.599068,-0.3582,-0.9062,-0.0761,22.89,16.10,1.61
1.599665,-0.3597,-0.9072,-0.0727,23.31,16.45,0.98
1.600262,-0.3562,-0.9150,-0.0732,22.61,15.89,1.61
1.600860,-0.3553,-0.9145,-0.0761,22.75,16.52,0.98
1.601457,-0.3567,-0.9091,-0.0756,22.05,16.03,1.54
1.602054,-0.3621,-0.9101,-0.0727,21.63,16.10,2.03
1.602651,-0.3606,-0.9165,-0.0747,21.98,16.73,0.91
1.603248,-0.3616,-0.9209,-0.0781,21.07,16.17,1.96
1.603845,-0.3606,-0.9165,-0.0747,21.63,17.15,1.12
1.604442,-0.3606,-0.9135,-0.0737,20.79,15.96,1.33
1.605039,-0.3606,-0.9165,-0.0722,21.07,16.73,1.12
1.605636,-0.3611,-0.9194,-0.0752,20.79,16.24,1.47
1.606233,-0.3616,-0.9204,-0.0781,20.37,16.94,1.05
1.606830,-0.3621,-0.9228,-0.0766,20.37,15.96,1.40
1.607427,-0.3631,-0.9228,-0.0771,19.95,16.87,1.40
1.608398,-0.3645,-0.9257,-0.0742,19.88,16.31,1.19
1.608995,-0.3650,-0.9272,-0.0761,19.60,16.73,1.40
1.609592,-0.3621,-0.9287,-0.0761,19.88,16.45,0.49
1.610189,-0.3611,-0.9257,-0.0712,19.25,16.52,1.96
1.610786,-0.3601,-0.9248,-0.0722,19.32,16.80,0.21
1.611383,-0.3582,-0.9292,-0.0771,19.11,16.24,1.75
1.611980,-0.3592,-0.9306,-0.0776,18.69,16.80,-0.07
1.612578,-0.3636,-0.9331,-0.0742,18.76,16.03,1.89
1.613175,-0.3636,-0.9335,-0.0752,18.62,16.52,-0.28
1.613772,-0.3597,-0.9316,-0.0756,18.55,16.66,1.68
1.614369,-0.3606,-0.9321,-0.0771,18.27,16.24,0.07
1.614966,-0.3592,-0.9345,-0.0849,18.13,16.87,1.40
1.615563,-0.3621,-0.9321,-0.0844,18.20,16.31,-0.84
1.616160,-0.3645,-0.9311,-0.0800,17.78,16.73,1.40
1.616757,-0.3621,-0.9360,-0.0805,18.13,16.17,-0.56
1.617354,-0.3626,-0.9389,-0.0791,17.57,16.17,1.33
1.617951,-0.3616,-0.9350,-0.0766,17.78,16.45,-0.49
1.618548,-0.3587,-0.9345,-0.0766,17.22,16.24,0.84
1.619145,-0.3572,-0.9399,-0.0776,17.43,16.59,-0.84
1.619145,-0.3577,-0.9418,-0.0771,17.43,15.96,0.49
1.619738,-0.3597,-0.9374,-0.0805,16.87,16.80,-0.84
1.620335,-0.3592,-0.9374,-0.0800,17.36,15.82,0.35
1.620932,-0.3611,-0.9384,-0.0756,16.59,16.52,-0.56
1.621529,-0.3626,-0.9384,-0.0761,17.29,15.82,0.35
1.622126,-0.3601,-0.9389,-0.0766,16.31,16.80,-1.19
1.622723,-0.3601,-0.9399,-0.0795,17.22,15.61,0.63
1.623321,-0.3611,-0.9404,-0.0815,17.15,15.19,0.56
1.623918,-0.3572,-0.9404,-0.0776,15.68,17.08,-0.63
1.624515,-0.3597,-0.9404,-0.0781,16.87,15.61,0.42
1.625112,-0.3606,-0.9404,-0.0805,15.47,17.01,-0.42
1.625709,-0.3601,-0.9423,-0.0800,16.66,15.61,0.63
1.626306,-0.3577,-0.9438,-0.0781,15.26,16.66,-0.14
1.626903,-0.3592,-0.9433,-0.0776,16.66,15.40,0.42
1.627500,-0.3606,-0.9453,-0.0761,15.47,15.89,-0.07
1.628097,-0.3601,-0.9409,-0.0747,15.75,15.82,0.49
1.628694,-0.3572,-0.9394,-0.0771,15.96,15.82,0.28
1.629291,-0.3582,-0.9409,-0.0791,15.40,15.96,0.21
1.629888,-0.3606,-0.9404,-0.0771,15.68,15.96,1.19
1.630859,-0.3592,-0.9418,-0.0708,15.19,15.19,0.21
1.631456,-0.3631,-0.9438,-0.0683,14.77,15.75,0.21
1.632053,-0.3587,-0.9457,-0.0703,15.75,15.96,1.61
1.632650,-0.3601,-0.9462,-0.0703,14.77,15.68,0.42
1.633247,-0.3606,-0.9482,-0.0669,15.75,15.75,2.03
1.633844,-0.3572,-0.9521,-0.0659,15.47,15.54,1.96
1.634441,-0.3597,-0.9487,-0.0678,15.26,15.54,2.17
1.635039,-0.3601,-0.9521,-0.0683,14.70,15.40,0.70
1.635636,-0.3611,-0.9555,-0.0678,15.05,15.68,1.82
1.636233,-0.3631,-0.9570,-0.0634,14.77,15.33,1.12
1.636830,-0.3592,-0.9550,-0.0644,15.26,15.40,2.24
1.637427,-0.3562,-0.9516,-0.0659,14.91,15.19,1.54
1.638024,-0.3592,-0.9536,-0.0654,15.12,15.40,2.03
1.638621,-0.3616,-0.9545,-0.0673,14.91,15.33,1.12
1.639218,-0.3616,-0.9521,-0.0634,14.84,15.33,2.17
1.639815,-0.3587,-0.9521,-0.0630,14.63,15.12,1.19
1.640412,-0.3577,-0.9545,-0.0654,15.19,15.26,1.96
1.641009,-0.3587,-0.9575,-0.0625,14.63,15.12,1.33
1.641606,-0.3616,-0.9550,-0.0615,15.33,15.05,1.61
1.643555,-0.3631,-0.9540,-0.0639,14.42,15.12,1.61
1.644152,-0.3611,-0.9526,-0.0654,15.26,14.98,1.89
1.644749,-0.3592,-0.9516,-0.0634,14.49,15.05,1.05
1.645346,-0.3587,-0.9526,-0.0615,15.12,14.70,1.89
1.645943,-0.3626,-0.9545,-0.0581,14.70,15.12,0.70
1.646540,-0.3631,-0.9545,-0.0581,14.98,14.00,1.96
1.647137,-0.3616,-0.9521,-0.0581,15.12,15.33,0.70
1.647735,-0.3611,-0.9526,-0.0625,14.56,14.56,1.61
1.648332,-0.3597,-0.9540,-0.0673,14.84,15.12,0.42
1.648929,-0.3621,-0.9526,-0.0669,14.56,13.65,1.54
1.649526,-0.3616,-0.9496,-0.0639,14.98,14.98,-0.07
1.650123,-0.3601,-0.9477,-0.0644,14.77,14.14,1.82
1.650720,-0.3631,-0.9462,-0.0639,14.70,14.56,-0.14
1.651317,-0.3636,-0.9438,-0.0620,14.56,14.14,1.82
1.651914,-0.3631,-0.9394,-0.0630,14.91,14.14,-0.42
1.652511,-0.3636,-0.9389,-0.0659,14.28,14.35,1.40
1.653108,-0.3636,-0.9414,-0.0649,15.12,13.86,-0.56
1.653705,-0.3660,-0.9453,-0.0630,14.14,14.14,1.12
1.654302,-0.3684,-0.9462,-0.0630,15.05,13.86,-0.70
1.654302,-0.3684,-0.9414,-0.0634,14.28,13.86,1.61
1.654894,-0.3611,-0.9428,-0.0605,14.14,14.21,0.77
1.655491,-0.3606,-0.9409,-0.0654,14.98,13.30,0.07
1.656088,-0.3640,-0.9384,-0.0649,14.84,13.30,0.00
1.656685,-0.3631,-0.9355,-0.0634,14.42,14.14,0.70
1.657282,-0.3660,-0.9331,-0.0586,14.49,12.95,0.14
1.657879,-0.3650,-0.9345,-0.0600,14.63,13.58,1.12
1.658477,-0.3592,-0.9374,-0.0615,14.14,12.95,0.21
1.659074,-0.3592,-0.9374,-0.0615,14.63,13.51,0.98
1.659671,-0.3606,-0.9326,-0.0644,13.93,12.81,0.28
1.660268,-0.3611,-0.9321,-0.0610,14.49,13.30,0.98
1.660865,-0.3597,-0.9355,-0.0586,14.14,12.81,0.00
1.661462,-0.3543,-0.9321,-0.0566,14.28,13.37,1.12
1.662059,-0.3533,-0.9262,-0.0556,14.14,12.88,0.42
1.662656,-0.3543,-0.9252,-0.0600,14.28,12.95,1.19
1.663253,-0.3548,-0.9257,-0.0590,14.28,12.88,0.77
1.663850,-0.3548,-0.9238,-0.0581,14.07,12.67,1.26
1.664447,-0.3504,-0.9233,-0.0600,14.00,13.09,0.77
1.665044,-0.3475,-0.9228,-0.0581,14.21,12.11,1.40
1.666992,-0.3494,-0.9204,-0.0556,14.00,13.16,0.56
1.667589,-0.3499,-0.9199,-0.0532,14.00,12.39,1.40
1.668186,-0.3465,-0.9194,-0.0517,13.65,13.23,1.05
1.668783,-0.3489,-0.9204,-0.0498,13.51,13.16,0.77
1.669380,-0.3470,-0.9194,-0.0522,13.51,12.46,1.54
1.669977,-0.3479,-0.9155,-0.0493,13.44,13.30,0.77
1.670575,-0.3440,-0.9116,-0.0498,13.51,12.46,1.61
1.671172,-0.3396,-0.9106,-0.0527,13.44,12.95,0.84
1.671769,-0.3416,-0.9126,-0.0517,13.16,12.32,1.47
1.672366,-0.3445,-0.9170,-0.0537,13.30,12.67,1.05
1.672963,-0.3514,-0.9170,-0.0522,13.02,13.16,1.05
1.673560,-0.3509,-0.9145,-0.0478,13.30,12.81,1.33
1.674157,-0.3450,-0.9160,-0.0439,13.02,12.74,0.77
1.674754,-0.3455,-0.9145,-0.0439,13.09,12.60,1.47
1.675351,-0.3460,-0.9135,-0.0464,12.81,12.88,0.35
1.675948,-0.3445,-0.9126,-0.0493,13.02,12.53,1.89
1.676545,-0.3436,-0.9116,-0.0508,12.81,13.16,-0.21
1.677142,-0.3450,-0.9101,-0.0493,12.81,12.53,1.89
1.677740,-0.3460,-0.9087,-0.0468,13.16,12.88,-0.49
1.678711,-0.3479,-0.9121,-0.0459,12.46,12.39,-0.98
1.679308,-0.3470,-0.9130,-0.0464,11.83,12.88,2.31
1.679905,-0.3465,-0.9145,-0.0478,13.16,12.67,-1.12
1.680502,-0.3494,-0.9116,-0.0483,11.83,13.30,2.45
1.681099,-0.3514,-0.9106,-0.0493,12.95,12.60,-1.05
1.681696,-0.3518,-0.9126,-0.0517,12.11,12.81,2.38
1.682294,-0.3489,-0.9116,-0.0522,12.32,12.95,-1.33
1.682891,-0.3494,-0.9087,-0.0478,12.32,12.60,2.31
1.683488,-0.3538,-0.9091,-0.0493,11.69,12.81,-1.40
1.684085,-0.3543,-0.9135,-0.0498,12.32,12.81,2.31
1.684682,-0.3538,-0.9150,-0.0449,11.62,12.74,-1.05
1.685279,-0.3514,-0.9135,-0.0464,12.39,12.60,2.10
1.685876,-0.3528,-0.9126,-0.0473,11.34,12.88,-0.98
1.686473,-0.3572,-0.9101,-0.0459,12.74,12.67,2.03
1.687070,-0.3543,-0.9067,-0.0459,11.06,12.74,-1.33
1.687667,-0.3553,-0.9101,-0.0459,12.32,12.53,1.96
1.688264,-0.3572,-0.9126,-0.0459,11.13,12.46,-1.40
1.688861,-0.3543,-0.9096,-0.0483,11.97,12.53,1.68
1.689459,-0.3558,-0.9072,-0.0468,10.99,12.67,-1.75
1.690430,-0.3538,-0.9067,-0.0468,11.41,12.04,-1.54
1.691027,-0.3558,-0.9087,-0.0449,11.69,12.81,1.26
1.691624,-0.3543,-0.9052,-0.0415,10.99,12.25,-1.33
1.692221,-0.3499,-0.9038,-0.0405,11.27,13.23,0.35
1.692818,-0.3489,-0.9052,-0.0410,10.92,12.39,-0.91
1.693415,-0.3538,-0.9057,-0.0420,11.20,12.74,-0.07
1.694013,-0.3562,-0.9048,-0.0429,10.57,12.46,-0.70
1.694610,-0.3523,-0.9052,-0.0464,11.27,12.53,-0.42
1.695207,-0.3518,-0.9067,-0.0444,10.78,12.46,-1.19
1.695804,-0.3533,-0.9067,-0.0376,10.92,12.32,-0.63
1.696401,-0.3504,-0.9043,-0.0386,10.36,12.81,-1.33
1.696998,-0.3470,-0.9057,-0.0381,11.20,12.18,-1.05
1.697595,-0.3514,-0.9067,-0.0405,10.29,13.02,-1.54
1.698192,-0.3548,-0.9067,-0.0405,10.92,12.18,-1.19
1.698789,-0.3533,-0.9087,-0.0361,9.94,12.88,-1.33
1.699386,-0.3538,-0.9087,-0.0361,11.06,11.90,-1.61
1.699983,-0.3528,-0.9087,-0.0371,9.87,13.30,-1.33
1.700580,-0.3509,-0.9116,-0.0366,10.57,12.32,-2.38
1.701178,-0.3518,-0.9126,-0.0356,9.80,12.95,-1.26
1.702148,-0.3518,-0.9116,-0.0390,10.57,11.62,-3.15
1.702745,-0.3548,-0.9111,-0.0400,9.73,13.16,-1.26
1.703342,-0.3553,-0.9140,-0.0386,9.94,12.88,-1.40
1.703939,-0.3572,-0.9126,-0.0405,10.08,11.34,-3.22
1.704536,-0.3587,-0.9130,-0.0390,9.94,13.37,-1.61
1.705133,-0.3572,-0.9130,-0.0415,9.80,12.11,-3.50
1.705731,-0.3592,-0.9087,-0.0425,10.29,13.23,-1.26
1.706328,-0.3640,-0.9101,-0.0386,9.59,11.90,-3.78
1.706925,-0.3601,-0.9155,-0.0390,10.22,12.95,-1.61
1.707522,-0.3577,-0.9160,-0.0410,9.03,12.32,-3.85
1.708119,-0.3582,-0.9174,-0.0415,10.36,12.60,-1.68
1.708716,-0.3582,-0.9170,-0.0400,9.31,12.04,-4.06
1.709313,-0.3606,-0.9160,-0.0444,10.22,12.81,-1.33
1.709910,-0.3611,-0.9155,-0.0439,8.82,12.04,-4.41
1.710507,-0.3606,-0.9165,-0.0395,10.43,12.81,-1.47
1.711104,-0.3621,-0.9179,-0.0405,9.45,12.04,-4.34
1.711701,-0.3655,-0.9184,-0.0400,9.80,12.88,-1.96
1.712298,-0.3675,-0.9179,-0.0386,9.52,11.34,-4.27
1.712896,-0.3694,-0.9160,-0.0386,9.59,13.02,-1.89
1.713867,-0.3665,-0.9174,-0.0395,10.01,10.85,-4.83
1.714464,-0.3611,-0.9135,-0.0415,9.24,13.23,-1.47
1.715061,-0.3626,-0.9126,-0.0386,9.45,13.02,-1.68
1.715658,-0.3626,-0.9126,-0.0386,9.38,11.55,-4.62
1.716255,-0.3640,-0.9155,-0.0342,9.73,11.62,-4.62
1.716852,-0.3626,-0.9145,-0.0361,9.17,12.60,-1.96
1.717450,-0.3675,-0.9126,-0.0386,9.66,11.69,-5.18
1.718047,-0.3680,-0.9116,-0.0381,8.96,12.39,-1.82
1.718644,-0.3640,-0.9130,-0.0405,9.87,11.62,-5.18
1.719241,-0.3640,-0.9126,-0.0425,9.24,12.25,-1.89
1.719838,-0.3684,-0.9140,-0.0376,9.24,11.55,-4.69
1.720435,-0.3670,-0.9150,-0.0332,9.66,11.69,-2.10
1.721032,-0.3660,-0.9145,-0.0356,9.17,11.90,-4.55
1.721629,-0.3699,-0.9155,-0.0381,9.31,11.13,-1.89
1.722226,-0.3689,-0.9179,-0.0395,9.24,11.97,-4.97
1.722823,-0.3675,-0.9213,-0.0356,9.38,10.78,-2.03
1.723420,-0.3675,-0.9213,-0.0395,8.96,12.18,-4.62
1.724017,-0.3709,-0.9248,-0.0415,9.03,12.25,-5.32
1.724615,-0.3675,-0.9204,-0.0351,9.59,10.22,-0.84
1.726562,-0.3636,-0.9209,-0.0342,8.61,12.60,-5.39
1.727159,-0.3684,-0.9228,-0.0381,9.87,9.94,-0.77
1.727756,-0.3723,-0.9218,-0.0405,8.54,12.25,-5.11
1.728353,-0.3723,-0.9209,-0.0390,9.94,9.52,-0.63
1.728950,-0.3714,-0.9223,-0.0395,8.40,12.04,-4.90
1.729547,-0.3699,-0.9228,-0.0429,10.36,9.59,-0.21
1.730145,-0.3714,-0.9213,-0.0420,8.12,11.97,-4.62
1.730742,-0.3704,-0.9194,-0.0410,10.50,9.59,-0.28
1.731339,-0.3709,-0.9184,-0.0420,8.05,11.83,-4.06
1.731936,-0.3719,-0.9174,-0.0449,10.64,9.31,-0.42
1.732533,-0.3733,-0.9155,-0.0415,8.19,11.34,-3.78
1.733130,-0.3738,-0.9155,-0.0376,10.43,9.31,-0.49
1.733727,-0.3719,-0.9155,-0.0434,7.91,11.06,-2.73
1.734324,-0.3704,-0.9174,-0.0488,10.15,9.52,-0.63
1.734921,-0.3709,-0.9174,-0.0478,8.33,10.57,-1.96
1.735518,-0.3748,-0.9126,-0.0483,9.87,10.08,-0.91
1.736115,-0.3733,-0.9121,-0.0473,8.75,9.59,-1.61
1.736713,-0.3694,-0.9140,-0.0444,9.52,9.94,-0.70
1.737310,-0.3704,-0.9140,-0.0468,8.61,10.29,-1.12
1.737310,-0.3728,-0.9165,-0.0454,9.45,9.38,-0.91
1.737902,-0.3689,-0.9160,-0.0420,8.82,10.15,-0.35
1.738499,-0.3704,-0.9150,-0.0434,8.96,9.52,-1.12
1.739096,-0.3743,-0.9160,-0.0488,9.10,10.01,0.14
1.739693,-0.3728,-0.9155,-0.0488,9.17,9.45,-1.47
1.740290,-0.3714,-0.9145,-0.0468,9.10,9.45,0.91
1.740888,-0.3719,-0.9140,-0.0488,8.75,9.17,-1.19
1.741485,-0.3753,-0.9145,-0.0473,9.31,9.45,1.12
1.742082,-0.3787,-0.9140,-0.0454,8.75,8.96,-1.33
1.742679,-0.3787,-0.9140,-0.0420,9.52,9.31,1.05
1.743276,-0.3772,-0.9155,-0.0381,8.68,8.96,-1.40
1.743873,-0.3777,-0.9155,-0.0425,9.17,9.24,1.75
1.744470,-0.3758,-0.9130,-0.0478,8.75,8.61,-0.91
1.745067,-0.3733,-0.9140,-0.0459,9.10,8.82,2.24
1.745664,-0.3748,-0.9145,-0.0400,8.75,8.47,-1.05
1.746261,-0.3787,-0.9150,-0.0371,9.24,8.47,2.52
1.746858,-0.3782,-0.9170,-0.0410,8.96,8.40,-1.19
1.747456,-0.3733,-0.9150,-0.0434,8.89,8.19,3.22
1.748053,-0.3738,-0.9145,-0.0410,8.96,8.26,-0.91
1.748053,-0.3758,-0.9150,-0.0410,8.75,9.03,3.92
1.748644,-0.3723,-0.9126,-0.0454,9.17,7.42,-1.26
1.749241,-0.3709,-0.9126,-0.0415,8.89,9.03,4.20
1.749838,-0.3733,-0.9140,-0.0386,8.96,7.14,-0.63
1.750435,-0.3709,-0.9145,-0.0405,8.82,9.10,3.85
1.751032,-0.3699,-0.9135,-0.0425,8.89,6.72,-0.07
1.751630,-0.3689,-0.9126,-0.0434,8.96,8.96,3.85
1.752227,-0.3670,-0.9130,-0.0454,8.54,6.23,0.00
1.752824,-0.3660,-0.9130,-0.0454,9.03,8.54,4.62
1.753421,-0.3636,-0.9111,-0.0434,8.75,6.58,-0.14
1.754018,-0.3650,-0.9121,-0.0454,9.03,8.26,4.90
1.754615,-0.3675,-0.9116,-0.0464,8.47,6.58,-0.07
1.755212,-0.3670,-0.9091,-0.0459,9.31,7.70,5.39
1.755809,-0.3670,-0.9062,-0.0459,8.26,6.93,-0.21
1.756406,-0.3694,-0.9043,-0.0434,9.45,7.14,5.95
1.757003,-0.3680,-0.9057,-0.0434,8.33,6.65,-0.21
1.757600,-0.3660,-0.9072,-0.0449,9.24,7.14,5.95
1.758197,-0.3670,-0.9067,-0.0444,8.26,6.58,0.28
1.758795,-0.3655,-0.9038,-0.0459,9.59,7.00,5.81
1.759766,-0.3665,-0.9023,-0.0459,7.63,6.79,0.91
1.760363,-0.3645,-0.9091,-0.0478,7.84,6.51,0.42
1.760960,-0.3631,-0.9077,-0.0449,9.73,6.30,6.02
1.761557,-0.3640,-0.9048,-0.0439,7.84,6.51,0.84
1.762154,-0.3655,-0.9067,-0.0498,9.38,6.23,6.30
1.762751,-0.3660,-0.9062,-0.0468,8.05,6.09,0.84
1.763349,-0.3694,-0.9028,-0.0454,9.31,6.23,6.37
1.763946,-0.3694,-0.9072,-0.0473,7.84,6.23,1.05
1.764543,-0.3709,-0.9101,-0.0434,9.17,6.16,6.23
1.765140,-0.3694,-0.9077,-0.0405,8.05,5.95,1.19
1.765737,-0.3660,-0.9072,-0.0425,9.24,5.74,6.16
1.766334,-0.3684,-0.9096,-0.0454,7.63,5.74,1.61
1.766931,-0.3733,-0.9101,-0.0478,9.31,6.02,6.16
1.767528,-0.3738,-0.9101,-0.0468,7.77,5.46,2.10
1.768125,-0.3680,-0.9101,-0.0434,9.03,6.09,6.02
1.768722,-0.3670,-0.9082,-0.0395,8.33,4.97,1.75
1.769319,-0.3675,-0.9077,-0.0400,8.82,5.88,6.09
1.769917,-0.3675,-0.9091,-0.0429,8.26,5.25,2.24
1.770514,-0.3680,-0.9116,-0.0454,8.61,5.39,6.09
1.770514,-0.3684,-0.9126,-0.0478,8.54,4.62,2.17
1.771105,-0.3709,-0.9126,-0.0381,8.26,5.04,6.16
1.771702,-0.3699,-0.9140,-0.0434,8.19,4.90,5.67
1.772299,-0.3699,-0.9135,-0.0464,8.89,4.76,2.31
1.772896,-0.3660,-0.9145,-0.0444,8.33,4.76,5.18
1.773493,-0.3631,-0.9170,-0.0420,8.89,4.55,2.66
1.774091,-0.3655,-0.9155,-0.0356,8.05,4.90,4.97
1.774688,-0.3684,-0.9140,-0.0312,8.96,4.41,3.15
1.775285,-0.3680,-0.9155,-0.0366,7.98,4.62,4.55
1.775882,-0.3665,-0.9165,-0.0371,8.68,4.48,3.36
1.776479,-0.3665,-0.9165,-0.0376,8.61,4.34,4.06
1.777076,-0.3675,-0.9160,-0.0390,8.54,4.20,3.57
1.777673,-0.3660,-0.9160,-0.0386,8.96,4.13,3.71
1.778270,-0.3650,-0.9170,-0.0405,8.33,3.99,3.50
1.778867,-0.3680,-0.9150,-0.0420,9.17,3.78,3.29
1.779464,-0.3694,-0.9111,-0.0420,8.33,4.55,3.50
1.780061,-0.3650,-0.9135,-0.0366,8.96,3.43,3.43
1.780658,-0.3636,-0.9165,-0.0376,8.68,4.27,3.22
1.781256,-0.3645,-0.9121,-0.0366,8.96,2.59,3.78
1.782227,-0.3655,-0.9126,-0.0366,8.61,4.55,2.24
1.782824,-0.3670,-0.9160,-0.0376,9.17,2.94,3.71
1.783421,-0.3665,-0.9155,-0.0356,8.19,4.62,1.82
1.784018,-0.3645,-0.9155,-0.0371,9.24,2.73,3.50
1.784615,-0.3606,-0.9140,-0.0376,8.47,4.34,1.89
1.785212,-0.3611,-0.9155,-0.0351,9.31,2.66,3.43
1.785810,-0.3626,-0.9174,-0.0342,8.40,4.13,1.82
1.786407,-0.3626,-0.9155,-0.0376,9.24,2.87,3.01
1.787004,-0.3636,-0.9170,-0.0390,8.75,3.57,2.03
1.787601,-0.3616,-0.9170,-0.0381,8.82,3.15,2.31
1.788198,-0.3626,-0.9150,-0.0366,8.96,3.36,1.96
1.788795,-0.3665,-0.9121,-0.0356,8.96,3.08,2.10
1.789392,-0.3640,-0.9111,-0.0361,9.24,2.94,2.10
1.789989,-0.3587,-0.9126,-0.0381,8.54,2.94,1.96
1.790586,-0.3611,-0.9130,-0.0405,9.73,2.80,2.03
1.791183,-0.3660,-0.9130,-0.0381,8.33,3.29,1.19
1.791780,-0.3660,-0.9091,-0.0361,9.59,2.17,2.38
1.792378,-0.3626,-0.9096,-0.0381,8.33,3.08,0.77
1.792975,-0.3601,-0.9096,-0.0390,8.47,3.08,0.35
1.793945,-0.3606,-0.9096,-0.0361,9.59,2.38,2.03
1.794542,-0.3660,-0.9091,-0.0356,9.45,2.17,1.75
1.795139,-0.3626,-0.9121,-0.0371,8.68,2.73,0.35
1.795736,-0.3611,-0.9130,-0.0356,9.52,2.17,1.61
1.796333,-0.3611,-0.9160,-0.0361,8.75,2.66,-0.21
1.796930,-0.3631,-0.9179,-0.0390,9.87,2.24,1.68
1.797528,-0.3582,-0.9160,-0.0390,8.61,2.10,-0.28
1.798125,-0.3558,-0.9150,-0.0342,9.52,2.52,1.40
1.798722,-0.3606,-0.9150,-0.0327,8.89,1.75,-0.56
1.799319,-0.3631,-0.9126,-0.0351,8.68,2.59,1.26
1.799916,-0.3577,-0.9101,-0.0390,9.31,1.54,-0.63
1.800513,-0.3548,-0.9121,-0.0381,8.96,2.38,1.47
1.801110,-0.3587,-0.9130,-0.0361,9.03,1.47,-0.84
1.801707,-0.3611,-0.9130,-0.0371,8.96,2.45,1.19
1.802304,-0.3626,-0.9140,-0.0376,9.03,1.26,-0.70
1.802901,-0.3592,-0.9140,-0.0410,8.96,2.45,0.49
1.803498,-0.3577,-0.9179,-0.0415,9.31,0.98,-0.77
1.804096,-0.3601,-0.9213,-0.0405,9.38,1.96,0.35
1.804693,-0.3597,-0.9189,-0.0400,9.24,1.05,-1.54
1.805664,-0.3577,-0.9160,-0.0386,9.17,2.03,0.42
1.806261,-0.3567,-0.9170,-0.0371,8.89,2.31,0.21
1.806858,-0.3582,-0.9194,-0.0346,9.10,0.56,-1.05
1.807455,-0.3616,-0.9213,-0.0351,9.24,2.17,-0.21
1.808052,-0.3640,-0.9243,-0.0386,8.82,0.98,-1.05
1.808649,-0.3631,-0.9209,-0.0405,9.24,1.54,-0.35
1.809247,-0.3645,-0.9145,-0.0439,9.03,0.98,-1.05
1.809844,-0.3675,-0.9165,-0.0429,9.31,1.19,-0.63
1.810441,-0.3655,-0.9130,-0.0390,8.89,0.98,-0.84
1.811038,-0.3650,-0.9155,-0.0405,9.24,1.12,-0.35
1.811635,-0.3684,-0.9160,-0.0434,8.54,0.70,-1.19
1.812232,-0.3650,-0.9111,-0.0449,9.24,1.05,-0.84
1.812829,-0.3655,-0.9116,-0.0415,8.89,0.56,-0.70
1.813426,-0.3699,-0.9116,-0.0386,9.17,1.12,-1.26
1.814023,-0.3689,-0.9087,-0.0400,8.75,0.35,-0.63
1.814620,-0.3680,-0.9091,-0.0400,8.47,1.40,-0.91
1.815217,-0.3675,-0.9165,-0.0381,9.31,0.21,-1.26
1.815815,-0.3670,-0.9160,-0.0395,8.61,0.98,-1.40
1.816412,-0.3655,-0.9174,-0.0439,9.31,0.21,-1.19
1.817383,-0.3684,-0.9199,-0.0478,8.26,1.19,-1.19
1.817980,-0.3723,-0.9135,-0.0478,9.45,-0.28,-0.91
1.818577,-0.3694,-0.9140,-0.0454,8.40,0.91,-1.96
1.819174,-0.3680,-0.9116,-0.0478,9.31,-0.49,-0.56
1.819771,-0.3694,-0.9101,-0.0498,8.19,0.84,-1.61
1.820368,-0.3694,-0.9135,-0.0473,9.52,-0.42,-0.98
1.820966,-0.3714,-0.9126,-0.0420,7.98,0.77,-1.47
1.821563,-0.3753,-0.9101,-0.0395,9.31,-0.98,-1.40
1.822160,-0.3733,-0.9165,-0.0449,7.70,0.84,-1.19
1.822757,-0.3714,-0.9179,-0.0449,9.10,-0.77,-0.91
1.823354,-0.3738,-0.9130,-0.0420,8.26,0.07,-1.54
1.823951,-0.3748,-0.9140,-0.0405,8.82,-1.19,-0.91
1.824548,-0.3733,-0.9145,-0.0439,8.47,-0.42,-1.47
1.825145,-0.3689,-0.9130,-0.0478,8.33,-0.49,-0.98
1.825742,-0.3680,-0.9121,-0.0449,8.75,-0.98,-1.61
1.826339,-0.3699,-0.9170,-0.0468,8.19,-0.77,-1.05
1.826936,-0.3704,-0.9165,-0.0478,8.47,-0.98,-0.98
1.827534,-0.3719,-0.9135,-0.0464,8.05,-1.12,-0.91
1.828131,-0.3719,-0.9126,-0.0454,8.96,-0.56,-1.82
1.828131,-0.3694,-0.9126,-0.0459,7.35,-0.70,-0.14
1.828722,-0.3753,-0.9121,-0.0459,9.17,-0.77,-1.61
1.829319,-0.3767,-0.9106,-0.0420,7.63,-1.12,-0.35
1.829916,-0.3699,-0.9170,-0.0454,7.77,-1.89,-0.56
1.830513,-0.3738,-0.9116,-0.0454,7.63,-1.05,-0.49
1.831110,-0.3748,-0.9101,-0.0449,8.33,-2.03,-0.91
1.831708,-0.3748,-0.9140,-0.0488,7.56,-1.40,-0.70
1.832305,-0.3753,-0.9155,-0.0508,7.84,-2.59,-0.70
1.832902,-0.3743,-0.9160,-0.0468,7.77,-1.68,-0.56
1.833499,-0.3743,-0.9150,-0.0395,7.63,-2.66,-0.91
1.834096,-0.3723,-0.9135,-0.0488,7.84,-2.17,-0.14
1.834693,-0.3728,-0.9135,-0.0468,7.35,-1.54,0.07
1.835290,-0.3704,-0.9101,-0.0449,7.56,-3.43,-0.42
1.835887,-0.3743,-0.9116,-0.0415,7.28,-1.61,-0.14
1.836484,-0.3782,-0.9160,-0.0439,7.49,-3.99,-0.42
1.837081,-0.3762,-0.9150,-0.0488,7.42,-1.82,-0.28
1.837678,-0.3753,-0.9106,-0.0508,7.35,-3.92,-0.21
1.838276,-0.3733,-0.9126,-0.0556,7.00,-2.38,0.00
1.838873,-0.3738,-0.9130,-0.0522,7.28,-3.85,-0.35
1.842773,-0.3753,-0.9111,-0.0454,7.49,-2.87,0.00
1.843370,-0.3748,-0.9101,-0.0468,6.65,-3.99,0.14
1.843967,-0.3733,-0.9106,-0.0522,7.21,-3.29,0.21
1.844564,-0.3738,-0.9096,-0.0522,6.65,-4.13,0.28
1.845161,-0.3748,-0.9091,-0.0532,7.28,-3.08,-0.07
1.845758,-0.3753,-0.9101,-0.0542,6.16,-4.20,0.49
1.846356,-0.3758,-0.9121,-0.0527,7.63,-3.71,-0.35
1.846953,-0.3762,-0.9130,-0.0522,6.23,-4.27,0.35
1.847550,-0.3806,-0.9111,-0.0498,7.35,-3.64,0.07
1.848147,-0.3816,-0.9126,-0.0449,5.95,-4.83,0.35
1.848744,-0.3758,-0.9184,-0.0459,6.86,-3.78,0.77
1.849341,-0.3743,-0.9218,-0.0508,6.51,-4.55,-0.14
1.849938,-0.3762,-0.9184,-0.0498,6.79,-4.20,0.77
1.850535,-0.3762,-0.9155,-0.0454,6.02,-4.69,0.00
1.851132,-0.3748,-0.9140,-0.0464,7.00,-4.62,0.56
1.851729,-0.3733,-0.9165,-0.0468,6.02,-4.97,0.14
1.852327,-0.3719,-0.9189,-0.0449,6.93,-4.97,0.56
1.852924,-0.3704,-0.9174,-0.0498,6.16,-4.90,0.49
1.853521,-0.3762,-0.9189,-0.0508,6.58,-5.11,0.49
1.853521,-0.3797,-0.9194,-0.0449,6.23,-4.97,0.42
1.854113,-0.3777,-0.9238,-0.0464,6.37,-5.53,0.98
1.854710,-0.3787,-0.9257,-0.0473,5.95,-5.32,-0.35
1.855307,-0.3762,-0.9243,-0.0410,6.30,-5.60,1.12
1.855904,-0.3728,-0.9223,-0.0410,6.37,-5.74,-0.63
1.856501,-0.3733,-0.9243,-0.0434,5.95,-6.02,1.68
1.857099,-0.3777,-0.9272,-0.0425,6.30,-5.53,-0.84
1.857696,-0.3787,-0.9233,-0.0415,6.02,-6.23,1.68
1.858293,-0.3758,-0.9248,-0.0395,6.16,-5.46,-1.12
1.858890,-0.3767,-0.9243,-0.0410,5.81,-6.37,1.68
1.859487,-0.3767,-0.9223,-0.0415,6.09,-5.67,-1.19
1.860084,-0.3728,-0.9238,-0.0410,6.16,-6.93,1.89
1.860681,-0.3758,-0.9360,-0.0390,6.02,-6.86,2.38
1.861278,-0.3748,-0.9316,-0.0415,5.95,-6.23,-1.68
1.861875,-0.3728,-0.9257,-0.0434,6.65,-6.79,1.82
1.862472,-0.3758,-0.9277,-0.0415,5.39,-6.58,-1.33
1.863070,-0.3762,-0.9296,-0.0405,6.79,-6.65,1.54
1.863667,-0.3748,-0.9282,-0.0415,5.18,-6.86,-1.12
1.864264,-0.3748,-0.9296,-0.0425,7.00,-7.00,1.33
1.865234,-0.3704,-0.9321,-0.0454,5.32,-7.49,-1.19
1.865831,-0.3738,-0.9340,-0.0454,6.86,-6.37,0.98
1.866428,-0.3772,-0.9365,-0.0444,5.39,-7.91,-1.26
1.867025,-0.3733,-0.9384,-0.0464,6.44,-6.72,0.77
1.867622,-0.3762,-0.9350,-0.0473,5.60,-7.98,-0.77
1.868219,-0.3762,-0.9306,-0.0473,6.23,-6.44,0.42
1.868817,-0.3728,-0.9316,-0.0468,6.02,-8.75,-0.63
1.869414,-0.3733,-0.9345,-0.0512,6.37,-6.09,0.07
1.870011,-0.3723,-0.9360,-0.0537,6.02,-8.82,-0.35
1.870608,-0.3719,-0.9335,-0.0508,6.30,-6.51,0.07
1.871205,-0.3714,-0.9296,-0.0508,6.02,-8.68,-0.63
1.871802,-0.3728,-0.9326,-0.0468,5.95,-6.65,0.56
1.872399,-0.3753,-0.9345,-0.0468,6.09,-8.68,-0.84
1.872996,-0.3714,-0.9335,-0.0478,5.95,-7.28,-0.07
1.873593,-0.3684,-0.9350,-0.0454,6.02,-8.54,-0.35
1.874190,-0.3680,-0.9287,-0.0449,6.09,-7.56,-0.21
1.874788,-0.3680,-0.9248,-0.0468,6.30,-8.26,-0.70
1.875385,-0.3723,-0.9262,-0.0503,5.88,-7.49,-0.49
1.875982,-0.3723,-0.9204,-0.0483,6.16,-8.75,-0.07
1.875982,-0.3694,-0.9204,-0.0459,5.81,-7.84,-0.77
1.876574,-0.3689,-0.9248,-0.0483,5.95,-8.68,0.42
1.877171,-0.3699,-0.9267,-0.0478,5.81,-7.98,-1.47
1.877768,-0.3694,-0.9252,-0.0464,6.02,-8.47,0.77
1.878365,-0.3699,-0.9213,-0.0483,5.88,-8.26,-1.47
1.878962,-0.3689,-0.9223,-0.0488,5.95,-8.54,0.77
1.879560,-0.3675,-0.9204,-0.0508,6.16,-8.47,-1.68
1.880157,-0.3660,-0.9150,-0.0527,5.95,-8.47,1.12
1.880754,-0.3645,-0.9160,-0.0547,6.30,-8.68,-1.61
1.881351,-0.3636,-0.9170,-0.0556,6.09,-8.19,1.54
1.881948,-0.3636,-0.9184,-0.0561,5.74,-8.61,-1.47
1.882545,-0.3631,-0.9213,-0.0547,6.16,-7.77,1.26
1.883142,-0.3601,-0.9209,-0.0473,5.18,-9.38,-0.98
1.883739,-0.3582,-0.9218,-0.0459,6.09,-7.77,1.61
1.884336,-0.3577,-0.9257,-0.0468,5.25,-9.03,-1.19
1.884933,-0.3553,-0.9272,-0.0464,6.58,-7.91,1.68
1.885531,-0.3567,-0.9272,-0.0464,5.18,-8.89,-1.12
1.886128,-0.3597,-0.9282,-0.0449,6.65,-8.05,1.89
1.886725,-0.3601,-0.9267,-0.0439,5.04,-9.10,-0.63
1.887695,-0.3582,-0.9252,-0.0439,6.58,-7.49,2.17
1.888292,-0.3562,-0.9262,-0.0464,5.53,-9.59,-0.28
1.888889,-0.3533,-0.9277,-0.0488,6.51,-7.42,1.96
1.889486,-0.3528,-0.9296,-0.0454,5.46,-9.38,-0.07
1.890083,-0.3558,-0.9292,-0.0434,6.23,-7.77,2.38
1.890680,-0.3582,-0.9292,-0.0464,5.67,-9.03,-0.07
1.891278,-0.3597,-0.9287,-0.0459,6.02,-8.12,2.52
1.891875,-0.3597,-0.9277,-0.0464,5.95,-8.68,0.14
1.892472,-0.3592,-0.9340,-0.0493,5.81,-7.70,2.38
1.893069,-0.3606,-0.9350,-0.0454,6.09,-8.75,0.42
1.893666,-0.3592,-0.9277,-0.0444,5.81,-8.26,0.42
1.894263,-0.3567,-0.9296,-0.0468,6.44,-8.26,0.84
1.894860,-0.3597,-0.9296,-0.0493,5.60,-8.26,2.59
1.895457,-0.3558,-0.9282,-0.0493,6.23,-8.19,1.05
1.896054,-0.3523,-0.9267,-0.0503,5.32,-8.40,2.73
1.896651,-0.3533,-0.9277,-0.0527,6.44,-8.05,0.77
1.897249,-0.3528,-0.9262,-0.0527,5.32,-8.75,2.52
1.897846,-0.3528,-0.9252,-0.0532,5.95,-7.35,1.05
1.898443,-0.3518,-0.9267,-0.0532,5.74,-8.89,2.73
1.899414,-0.3523,-0.9248,-0.0503,5.95,-7.28,1.61
1.900011,-0.3533,-0.9238,-0.0551,5.67,-9.10,2.73
1.900608,-0.3538,-0.9252,-0.0620,5.53,-6.79,1.40
1.901205,-0.3548,-0.9243,-0.0590,5.67,-9.17,3.15
1.901802,-0.3558,-0.9223,-0.0566,5.39,-6.37,1.82
1.902399,-0.3572,-0.9238,-0.0532,6.16,-9.03,2.94
1.902997,-0.3562,-0.9257,-0.0473,5.18,-6.86,1.89
1.903594,-0.3548,-0.9252,-0.0473,6.02,-8.75,3.01
1.904191,-0.3543,-0.9267,-0.0508,4.83,-6.86,1.89
1.904788,-0.3543,-0.9257,-0.0551,6.23,-8.75,2.94
1.905385,-0.3543,-0.9209,-0.0561,5.18,-6.37,1.82
1.905982,-0.3543,-0.9218,-0.0527,5.81,-8.47,3.50
1.906579,-0.3509,-0.9238,-0.0522,5.25,-6.72,2.03
1.907176,-0.3504,-0.9218,-0.0522,5.53,-8.19,3.57
1.907773,-0.3562,-0.9204,-0.0488,5.53,-6.72,2.10
1.908370,-0.3582,-0.9223,-0.0483,5.18,-7.63,3.57
1.908968,-0.3577,-0.9243,-0.0478,5.60,-6.79,2.52
1.909565,-0.3553,-0.9218,-0.0464,4.97,-7.63,3.50
1.910162,-0.3548,-0.9213,-0.0449,5.67,-7.07,2.73
1.910162,-0.3582,-0.9248,-0.0434,4.90,-7.21,3.64
1.910753,-0.3577,-0.9272,-0.0459,5.46,-7.07,3.36
1.911350,-0.3562,-0.9311,-0.0478,4.83,-6.93,3.15
1.911947,-0.3582,-0.9326,-0.0444,5.53,-7.28,3.64
1.912544,-0.3572,-0.9301,-0.0405,4.90,-6.58,3.43
1.913141,-0.3582,-0.9311,-0.0381,5.32,-7.21,3.78
1.913739,-0.3601,-0.9350,-0.0395,5.18,-6.51,3.36
1.914336,-0.3592,-0.9360,-0.0434,5.18,-7.14,3.71
1.914933,-0.3592,-0.9384,-0.0444,5.18,-6.44,3.08
1.915530,-0.3611,-0.9384,-0.0395,4.97,-6.93,3.99
1.916127,-0.3611,-0.9370,-0.0361,5.32,-6.79,2.94
1.916724,-0.3601,-0.9399,-0.0400,4.69,-6.93,3.71
1.917321,-0.3631,-0.9404,-0.0371,5.39,-6.65,3.08
1.917918,-0.3592,-0.9355,-0.0386,5.60,-6.65,2.52
1.918515,-0.3621,-0.9350,-0.0371,4.41,-6.86,4.62
1.919112,-0.3660,-0.9345,-0.0322,5.53,-6.16,2.24
1.919710,-0.3655,-0.9331,-0.0337,4.55,-6.93,4.41
1.920307,-0.3660,-0.9360,-0.0371,5.18,-5.95,2.24
1.920904,-0.3655,-0.9374,-0.0351,4.76,-7.28,4.69
1.921875,-0.3621,-0.9365,-0.0332,5.11,-5.81,1.96
1.922472,-0.3601,-0.9389,-0.0356,4.83,-7.07,4.76
1.923069,-0.3636,-0.9384,-0.0371,4.97,-5.60,1.54
1.923666,-0.3680,-0.9379,-0.0351,5.18,-7.28,4.41
1.924263,-0.3694,-0.9399,-0.0346,4.83,-5.74,1.61
1.924860,-0.3714,-0.9409,-0.0346,5.11,-7.14,4.69
1.925458,-0.3699,-0.9409,-0.0371,4.76,-5.95,0.91
1.926055,-0.3719,-0.9384,-0.0356,4.69,-6.93,4.76
1.926652,-0.3699,-0.9414,-0.0356,4.76,-6.86,4.13
1.927249,-0.3699,-0.9409,-0.0351,4.62,-6.09,1.19
1.927846,-0.3733,-0.9384,-0.0337,4.69,-6.37,3.64
1.928443,-0.3767,-0.9370,-0.0322,4.69,-6.44,1.19
1.929040,-0.3767,-0.9370,-0.0298,4.55,-6.02,3.29
1.929637,-0.3758,-0.9379,-0.0273,4.48,-6.30,1.12
1.930234,-0.3738,-0.9370,-0.0317,4.48,-6.09,3.64
1.930831,-0.3733,-0.9365,-0.0332,4.55,-6.58,0.98
1.931429,-0.3772,-0.9355,-0.0317,4.41,-6.09,3.22
1.932026,-0.3748,-0.9331,-0.0337,4.27,-6.44,0.63
1.932623,-0.3733,-0.9360,-0.0366,4.62,-6.02,3.01
1.933594,-0.3777,-0.9379,-0.0366,4.06,-6.16,0.49
1.934191,-0.3772,-0.9370,-0.0337,4.90,-6.37,2.66
1.934788,-0.3782,-0.9370,-0.0307,3.22,-5.88,0.56
1.935385,-0.3767,-0.9360,-0.0298,4.55,-6.65,2.87
1.935982,-0.3758,-0.9355,-0.0307,3.15,-5.95,0.42
1.936579,-0.3753,-0.9321,-0.0278,4.90,-6.72,2.80
1.937177,-0.3723,-0.9306,-0.0259,3.43,-5.74,0.07
1.937774,-0.3728,-0.9311,-0.0283,4.41,-6.86,2.66
1.938371,-0.3738,-0.9326,-0.0293,3.08,-5.32,-0.63
1.938968,-0.3728,-0.9331,-0.0288,4.55,-7.28,2.38
1.939565,-0.3723,-0.9331,-0.0264,2.94,-5.74,-0.35
1.940162,-0.3699,-0.9316,-0.0224,4.06,-6.30,2.59
1.940759,-0.3728,-0.9301,-0.0224,3.01,-5.88,-0.77
1.941356,-0.3758,-0.9292,-0.0259,3.85,-6.16,2.03
1.941953,-0.3723,-0.9287,-0.0244,2.52,-6.02,-0.35
1.942550,-0.3738,-0.9287,-0.0215,4.27,-6.44,1.68
1.943148,-0.3733,-0.9277,-0.0224,2.59,-6.16,-0.35
1.943745,-0.3733,-0.9301,-0.0254,4.13,-6.23,1.54
1.944342,-0.3723,-0.9287,-0.0254,2.59,-6.30,-0.07
1.945312,-0.3719,-0.9287,-0.0224,3.71,-6.02,1.12
1.945909,-0.3753,-0.9316,-0.0244,2.38,-6.51,0.28
1.946506,-0.3758,-0.9311,-0.0273,3.85,-5.53,0.42
1.947103,-0.3733,-0.9301,-0.0273,2.45,-6.65,1.05
1.947700,-0.3714,-0.9287,-0.0239,3.50,-5.32,0.07
1.948297,-0.3714,-0.9282,-0.0215,2.94,-7.00,0.84
1.948895,-0.3709,-0.9306,-0.0224,2.66,-5.18,0.14
1.949492,-0.3723,-0.9311,-0.0268,3.08,-6.51,0.84
1.950089,-0.3723,-0.9282,-0.0278,2.59,-5.88,-0.07
1.950686,-0.3714,-0.9252,-0.0215,2.87,-6.30,0.28
1.951283,-0.3714,-0.9267,-0.0210,2.17,-5.53,0.56
1.951880,-0.3675,-0.9292,-0.0244,2.10,-5.32,-0.07
1.952477,-0.3709,-0.9272,-0.0268,3.15,-6.51,0.35
1.953074,-0.3728,-0.9296,-0.0239,1.89,-5.53,0.00
1.953671,-0.3714,-0.9296,-0.0249,2.87,-6.02,0.21
1.954268,-0.3694,-0.9277,-0.0259,1.89,-5.95,0.21
1.954866,-0.3704,-0.9292,-0.0264,2.38,-5.88,0.21
1.955463,-0.3694,-0.9306,-0.0293,2.31,-6.09,0.21
1.956060,-0.3660,-0.9267,-0.0288,1.82,-5.53,0.28
1.956060,-0.3660,-0.9228,-0.0273,2.03,-6.02,-0.21
1.956652,-0.3675,-0.9238,-0.0259,1.82,-5.95,0.63
1.957249,-0.3645,-0.9282,-0.0239,2.52,-6.09,-0.49
1.957846,-0.3665,-0.9296,-0.0283,1.26,-5.32,0.77
1.958443,-0.3640,-0.9282,-0.0288,2.52,-6.30,-0.42
1.959040,-0.3616,-0.9282,-0.0268,1.26,-5.25,0.56
1.959638,-0.3655,-0.9282,-0.0249,2.52,-6.37,-0.14
1.960235,-0.3645,-0.9228,-0.0239,2.31,-6.30,-0.63
1.960832,-0.3611,-0.9252,-0.0249,1.05,-4.76,1.05
1.961429,-0.3616,-0.9267,-0.0249,2.17,-6.51,-0.91
1.962026,-0.3655,-0.9252,-0.0268,0.84,-4.48,1.40
1.962623,-0.3650,-0.9267,-0.0293,2.52,-6.30,-1.05
1.963220,-0.3655,-0.9292,-0.0307,0.77,-4.48,1.54
1.963817,-0.3640,-0.9277,-0.0273,2.24,-6.23,-0.98
1.964414,-0.3587,-0.9272,-0.0298,1.05,-3.92,1.33
1.965011,-0.3631,-0.9306,-0.0317,1.96,-6.44,-1.19
1.965609,-0.3675,-0.9311,-0.0288,0.84,-4.27,1.54
1.966206,-0.3606,-0.9306,-0.0293,1.75,-6.16,-1.26
1.966803,-0.3567,-0.9335,-0.0264,0.91,-4.06,1.54
1.967773,-0.3582,-0.9306,-0.0278,1.82,-5.95,-1.40
1.968370,-0.3572,-0.9292,-0.0283,1.12,-4.34,2.24
1.968967,-0.3567,-0.9301,-0.0278,1.47,-5.32,-1.82
1.969564,-0.3538,-0.9296,-0.0303,1.47,-4.13,2.73
1.970161,-0.3538,-0.9301,-0.0312,1.40,-4.97,-2.17
1.970758,-0.3577,-0.9296,-0.0283,1.40,-4.27,2.52
1.971356,-0.3567,-0.9292,-0.0288,1.26,-5.04,-2.24
1.971953,-0.3562,-0.9306,-0.0322,1.26,-3.85,3.29
1.972550,-0.3562,-0.9306,-0.0278,1.19,-4.97,-2.45
1.973147,-0.3538,-0.9340,-0.0239,1.89,-4.41,2.94
1.973744,-0.3528,-0.9360,-0.0254,0.77,-4.62,-2.59
1.974341,-0.3562,-0.9350,-0.0259,2.17,-4.20,3.08
1.974938,-0.3558,-0.9384,-0.0293,0.14,-4.27,-2.10
1.975535,-0.3562,-0.9370,-0.0327,2.45,-4.13,2.66
1.976132,-0.3577,-0.9355,-0.0278,0.35,-4.55,-1.61
1.976729,-0.3538,-0.9428,-0.0254,2.45,-3.92,2.66
1.977327,-0.3514,-0.9448,-0.0303,0.56,-4.48,-1.61
1.977924,-0.3514,-0.9418,-0.0307,2.24,-3.71,2.52
1.978521,-0.3543,-0.9423,-0.0264,0.98,-4.62,-1.96
1.979492,-0.3587,-0.9438,-0.0273,1.89,-3.43,2.66
1.980089,-0.3621,-0.9433,-0.0317,1.40,-4.48,-1.19
1.980686,-0.3601,-0.9418,-0.0293,1.82,-3.29,2.03
1.981283,-0.3548,-0.9404,-0.0278,1.26,-4.20,-0.84
1.981880,-0.3533,-0.9418,-0.0293,1.96,-2.94,1.75
1.982477,-0.3562,-0.9438,-0.0312,1.47,-4.41,-0.70
1.983075,-0.3548,-0.9433,-0.0288,1.96,-3.01,1.75
1.983672,-0.3518,-0.9423,-0.0278,1.54,-4.27,-0.49
1.984269,-0.3538,-0.9414,-0.0259,1.82,-4.27,-0.49
1.984866,-0.3533,-0.9414,-0.0278,2.24,-2.87,1.12
1.985463,-0.3543,-0.9443,-0.0283,1.61,-4.06,-0.35
1.986060,-0.3523,-0.9423,-0.0273,2.10,-2.38,0.84
1.986657,-0.3523,-0.9414,-0.0273,1.96,-3.78,-0.42
1.987254,-0.3543,-0.9453,-0.0273,1.96,-2.24,0.56
1.987851,-0.3577,-0.9472,-0.0293,2.45,-3.92,-0.21
1.988448,-0.3577,-0.9487,-0.0303,2.17,-2.10,0.35
1.989046,-0.3548,-0.9511,-0.0288,2.38,-3.85,0.21
1.989643,-0.3543,-0.9501,-0.0264,2.03,-2.10,-0.35
1.990240,-0.3523,-0.9472,-0.0278,2.31,-3.29,0.49
1.991211,-0.3533,-0.9477,-0.0293,2.31,-2.31,-0.49
1.991808,-0.3523,-0.9516,-0.0264,2.59,-3.01,0.77
1.992405,-0.3514,-0.9536,-0.0210,2.45,-2.31,-1.12
1.993002,-0.3509,-0.9516,-0.0205,2.59,-2.94,1.12
1.993599,-0.3475,-0.9501,-0.0259,2.87,-1.96,-1.33
1.994196,-0.3499,-0.9521,-0.0273,2.45,-2.31,0.98
1.994794,-0.3514,-0.9496,-0.0283,3.22,-2.31,-1.47
1.995391,-0.3528,-0.9472,-0.0283,2.52,-2.59,1.05
1.995988,-0.3577,-0.9492,-0.0268,3.15,-2.03,-1.68
1.996585,-0.3562,-0.9526,-0.0249,2.38,-2.73,1.47
1.997182,-0.3523,-0.9555,-0.0239,3.29,-1.68,-1.82
1.997779,-0.3528,-0.9550,-0.0259,2.73,-2.66,1.40
1.998376,-0.3514,-0.9550,-0.0283,3.50,-1.33,-2.17
1.998973,-0.3494,-0.9565,-0.0312,3.01,-2.45,1.75
1.999570,-0.3528,-0.9555,-0.0337,3.36,-0.98,-2.52
2.000167,-0.3553,-0.9565,-0.0346,3.22,-2.66,2.10
2.000765,-0.3558,-0.9575,-0.0327,3.29,-1.19,-2.52
2.001362,-0.3548,-0.9594,-0.0278,3.36,-2.38,2.10
2.001959,-0.3533,-0.9594,-0.0259,3.15,-1.82,-2.59
2.001959,-0.3533,-0.9565,-0.0278,3.71,-1.89,2.17
2.002550,-0.3572,-0.9540,-0.0288,3.29,-1.96,-2.24
2.003147,-0.3592,-0.9521,-0.0288,3.92,-1.54,1.47
2.003744,-0.3553,-0.9531,-0.0288,3.36,-2.24,-1.96
2.004341,-0.3518,-0.9555,-0.0278,4.34,-1.54,1.40
2.004938,-0.3533,-0.9526,-0.0254,3.43,-1.75,-1.82
2.005536,-0.3562,-0.9496,-0.0273,4.27,-1.82,1.54
2.006133,-0.3558,-0.9472,-0.0317,3.50,-1.47,-1.61
2.006730,-0.3548,-0.9472,-0.0283,4.34,-2.03,1.26
2.007327,-0.3504,-0.9487,-0.0254,3.43,-1.54,-1.05
2.007924,-0.3479,-0.9482,-0.0273,4.48,-1.68,1.05
2.008521,-0.3533,-0.9506,-0.0303,3.71,-1.19,-1.26
2.009118,-0.3528,-0.9531,-0.0273,4.13,-1.82,1.40
2.009715,-0.3499,-0.9506,-0.0264,4.13,-1.33,-1.75
2.010312,-0.3489,-0.9472,-0.0288,3.92,-1.47,1.54
2.010909,-0.3494,-0.9457,-0.0278,4.27,-1.26,-1.40
2.011507,-0.3523,-0.9404,-0.0293,3.92,-1.40,1.40
2.012104,-0.3528,-0.9414,-0.0322,4.20,-1.33,-0.77
2.012701,-0.3523,-0.9443,-0.0278,3.99,-1.19,1.47
2.012701,-0.3553,-0.9414,-0.0254,3.85,-1.33,-0.28
2.013292,-0.3558,-0.9404,-0.0298,4.69,-1.26,0.98
2.013889,-0.3499,-0.9409,-0.0288,3.85,-1.19,-0.21
2.014486,-0.3489,-0.9423,-0.0288,4.69,-1.26,1.12
2.015083,-0.3479,-0.9448,-0.0273,3.50,-1.26,-0.14
2.015680,-0.3514,-0.9433,-0.0229,4.97,-0.98,0.98
2.016278,-0.3567,-0.9404,-0.0254,3.29,-1.33,0.77
2.016875,-0.3533,-0.9409,-0.0254,4.76,-1.12,0.91
2.017472,-0.3533,-0.9438,-0.0224,3.78,-1.26,-0.07
2.018069,-0.3523,-0.9414,-0.0244,4.62,-1.40,1.26
2.018666,-0.3504,-0.9394,-0.0239,3.71,-0.84,0.28
2.019263,-0.3528,-0.9404,-0.0229,4.34,-1.47,1.47
2.019860,-0.3514,-0.9394,-0.0200,3.71,-0.56,0.49
2.020457,-0.3479,-0.9365,-0.0195,4.13,-1.33,1.05
2.021054,-0.3518,-0.9360,-0.0215,3.36,-0.63,0.77
2.021651,-0.3543,-0.9374,-0.0215,4.48,-1.33,1.12
2.022249,-0.3518,-0.9374,-0.0224,3.29,-0.70,1.26
2.022846,-0.3509,-0.9370,-0.0210,4.06,-1.19,0.98
2.023443,-0.3484,-0.9374,-0.0205,3.57,-0.63,1.54
2.023443,-0.3479,-0.9379,-0.0195,4.06,-0.98,0.42
2.024034,-0.3479,-0.9340,-0.0220,3.57,-0.98,2.17
2.024631,-0.3460,-0.9350,-0.0166,3.71,-0.91,-0.14
2.025228,-0.3484,-0.9379,-0.0137,3.64,-0.98,2.66
2.025825,-0.3475,-0.9379,-0.0190,3.36,-0.70,-0.56
2.026422,-0.3445,-0.9374,-0.0195,3.92,-1.12,2.73
2.027020,-0.3460,-0.9379,-0.0176,2.87,-0.35,-0.56
2.027617,-0.3450,-0.9409,-0.0151,3.99,-1.82,2.87
2.028214,-0.3514,-0.9418,-0.0122,4.34,-1.68,3.15
2.028811,-0.3479,-0.9433,-0.0122,2.52,0.14,-1.61
2.029408,-0.3489,-0.9428,-0.0142,4.06,-1.40,3.71
2.030005,-0.3489,-0.9418,-0.0171,2.52,-0.14,-1.54
2.030602,-0.3499,-0.9438,-0.0200,3.99,-1.05,3.29
2.031199,-0.3548,-0.9433,-0.0176,2.38,-0.56,-1.40
2.031796,-0.3562,-0.9428,-0.0151,3.71,-1.05,3.15
2.032393,-0.3499,-0.9433,-0.0146,2.17,-0.70,-1.33
2.032991,-0.3465,-0.9453,-0.0156,3.71,-0.56,2.45
2.033588,-0.3509,-0.9457,-0.0185,2.59,-0.70,-1.33
2.034185,-0.3553,-0.9496,-0.0205,3.15,-0.49,2.45
2.035156,-0.3518,-0.9526,-0.0220,2.73,-0.91,-1.19
2.035753,-0.3479,-0.9506,-0.0224,3.01,-0.77,2.66
2.036350,-0.3572,-0.9492,-0.0224,2.87,-0.98,-1.68
2.036947,-0.3611,-0.9472,-0.0224,2.73,-0.56,2.66
2.037544,-0.3606,-0.9472,-0.0171,3.01,-0.98,-2.10
2.038141,-0.3601,-0.9448,-0.0132,2.59,-0.28,2.38
2.038739,-0.3567,-0.9414,-0.0137,2.94,-1.54,-1.89
2.039336,-0.3562,-0.9399,-0.0161,2.45,-0.35,2.38
2.039933,-0.3572,-0.9384,-0.0185,2.73,-1.19,-2.10
2.040530,-0.3567,-0.9438,-0.0171,2.52,-0.35,2.38
2.041127,-0.3553,-0.9487,-0.0156,2.73,-1.19,-2.24
2.041724,-0.3558,-0.9492,-0.0146,2.45,-0.70,1.82
2.042321,-0.3572,-0.9511,-0.0171,2.31,-1.05,-2.17
2.042918,-0.3562,-0.9487,-0.0171,2.31,-0.77,1.26
2.043515,-0.3567,-0.9482,-0.0200,2.45,-1.33,-2.17
2.044112,-0.3572,-0.9492,-0.0190,2.45,-0.91,1.12
2.044710,-0.3558,-0.9467,-0.0137,1.96,-0.84,-2.80
2.045307,-0.3577,-0.9467,-0.0132,2.80,-1.26,0.91
2.045904,-0.3601,-0.9501,-0.0122,1.54,-0.91,-2.45
2.046875,-0.3597,-0.9496,-0.0122,2.80,-0.98,0.63
2.047472,-0.3572,-0.9462,-0.0107,1.75,-1.40,-2.31
2.048069,-0.3567,-0.9453,-0.0122,2.87,-0.70,-0.42
2.048666,-0.3562,-0.9472,-0.0122,1.40,-1.54,-1.75
2.049263,-0.3543,-0.9492,-0.0146,2.87,-0.91,-1.26
2.049860,-0.3572,-0.9496,-0.0146,1.54,-1.47,-2.03
2.050458,-0.3567,-0.9487,-0.0142,2.52,-0.77,-0.63
2.051055,-0.3543,-0.9457,-0.0142,1.75,-1.61,-2.31
2.051652,-0.3548,-0.9467,-0.0132,2.24,-0.70,-1.75
2.052249,-0.3577,-0.9496,-0.0161,1.47,-1.40,-1.26
2.052846,-0.3577,-0.9467,-0.0161,2.24,-1.54,-2.80
2.053443,-0.3523,-0.9418,-0.0132,1.47,-1.05,-1.33
2.054040,-0.3514,-0.9399,-0.0122,1.89,-1.40,-2.87
2.054637,-0.3538,-0.9389,-0.0156,1.89,-1.26,-1.26
2.055234,-0.3558,-0.9428,-0.0137,1.82,-1.12,-2.94
2.055831,-0.3538,-0.9409,-0.0117,1.82,-1.26,-1.40
2.056429,-0.3518,-0.9389,-0.0132,1.26,-1.26,-3.50
2.057026,-0.3523,-0.9374,-0.0146,1.54,-1.33,-1.40
2.057623,-0.3528,-0.9365,-0.0171,1.68,-1.61,-4.13
2.057623,-0.3533,-0.9399,-0.0132,1.12,-1.05,-1.40
2.058214,-0.3538,-0.9370,-0.0137,1.82,-1.75,-4.13
2.058811,-0.3528,-0.9355,-0.0161,0.91,-0.77,-1.61
2.059408,-0.3548,-0.9374,-0.0107,1.61,-2.10,-4.13
2.060005,-0.3533,-0.9355,-0.0117,0.77,-0.49,-1.54
2.060602,-0.3528,-0.9331,-0.0132,1.82,-2.38,-4.41
2.061200,-0.3543,-0.9340,-0.0122,0.70,-0.35,-1.54
2.061797,-0.3518,-0.9340,-0.0146,1.19,-2.59,-4.48
2.062394,-0.3499,-0.9345,-0.0146,1.40,-0.56,-2.31
2.062991,-0.3489,-0.9374,-0.0190,1.19,-2.31,-4.20
2.063588,-0.3509,-0.9394,-0.0190,1.26,-1.33,-2.38
2.064185,-0.3538,-0.9399,-0.0146,0.63,-1.68,-4.41
2.064782,-0.3543,-0.9414,-0.0171,1.19,-1.33,-2.45
2.065379,-0.3494,-0.9389,-0.0161,0.70,-1.05,-4.20
2.065976,-0.3450,-0.9316,-0.0161,1.05,-1.82,-2.24
2.066573,-0.3440,-0.9287,-0.0190,0.42,-1.12,-3.85
2.067171,-0.3436,-0.9311,-0.0161,1.33,-2.31,-2.10
2.067768,-0.3445,-0.9321,-0.0171,0.21,-0.56,-3.99
2.068365,-0.3450,-0.9335,-0.0220,1.12,-2.45,-2.31
2.068365,-0.3499,-0.9350,-0.0234,0.42,-0.77,-3.64
2.068956,-0.3518,-0.9350,-0.0181,0.91,-2.94,-2.45
2.069553,-0.3494,-0.9340,-0.0146,0.84,-0.49,-4.27
2.070150,-0.3479,-0.9345,-0.0181,0.56,-2.59,-1.96
2.070747,-0.3470,-0.9360,-0.0210,0.91,-0.91,-4.13
2.071344,-0.3445,-0.9374,-0.0224,0.07,-2.03,-2.31
2.071942,-0.3431,-0.9370,-0.0210,1.12,-1.40,-3.64
2.072539,-0.3479,-0.9321,-0.0185,-0.14,-1.96,-2.59
2.073136,-0.3465,-0.9287,-0.0176,1.12,-1.75,-2.66
2.073733,-0.3445,-0.9296,-0.0224,-0.14,-1.54,-3.43
2.074330,-0.3465,-0.9331,-0.0244,0.84,-1.47,-2.80
2.074927,-0.3465,-0.9350,-0.0244,-0.35,-2.31,-3.22
2.075524,-0.3484,-0.9345,-0.0244,0.70,-0.91,-2.87
2.076121,-0.3455,-0.9316,-0.0234,-0.21,-2.66,-3.15
2.076718,-0.3426,-0.9296,-0.0239,0.42,-0.49,-3.01
2.077315,-0.3431,-0.9287,-0.0239,-0.07,-3.01,-2.66
2.077913,-0.3426,-0.9282,-0.0239,0.63,-0.56,-3.22
2.078510,-0.3445,-0.9316,-0.0224,-0.07,-2.73,-2.52
2.079107,-0.3431,-0.9326,-0.0200,0.63,-0.49,-3.15
2.080078,-0.3421,-0.9355,-0.0200,-0.28,-2.94,-2.45
2.080675,-0.3431,-0.9399,-0.0229,0.56,-0.77,-3.01
2.081272,-0.3416,-0.9355,-0.0259,0.21,-2.52,-3.15
2.081869,-0.3431,-0.9340,-0.0259,0.21,-0.98,-2.38
2.082466,-0.3484,-0.9379,-0.0229,-0.07,-2.10,-2.87
2.083063,-0.3470,-0.9379,-0.0195,0.63,-1.26,-2.45
2.083661,-0.3445,-0.9370,-0.0190,-0.07,-2.17,-3.29
2.084258,-0.3460,-0.9360,-0.0190,0.56,-0.70,-2.17
2.084855,-0.3475,-0.9384,-0.0215,0.56,-1.05,-2.31
2.085452,-0.3465,-0.9409,-0.0215,0.21,-2.38,-2.59
2.086049,-0.3460,-0.9433,-0.0205,0.42,-1.19,-2.87
2.086646,-0.3494,-0.9409,-0.0220,-0.07,-2.10,-2.59
2.087243,-0.3484,-0.9448,-0.0239,0.70,-1.47,-2.52
2.087840,-0.3499,-0.9414,-0.0234,-0.28,-1.33,-2.24
2.088437,-0.3518,-0.9394,-0.0220,0.77,-1.75,-2.17
2.089034,-0.3475,-0.9414,-0.0249,-0.14,-1.82,-2.38
2.089632,-0.3475,-0.9414,-0.0264,0.77,-1.75,-2.52
2.090229,-0.3475,-0.9428,-0.0273,-0.14,-2.03,-1.89
2.090826,-0.3455,-0.9418,-0.0273,0.84,-1.96,-2.80
2.091797,-0.3460,-0.9438,-0.0239,0.28,-1.82,-1.96
2.092394,-0.3514,-0.9448,-0.0268,0.21,-1.68,-2.94
2.092991,-0.3518,-0.9438,-0.0293,0.77,-1.96,-1.75
2.093588,-0.3479,-0.9457,-0.0268,-0.07,-1.68,-2.52
2.094185,-0.3484,-0.9453,-0.0293,0.98,-2.17,-2.17
2.094782,-0.3479,-0.9453,-0.0317,-0.14,-1.47,-2.38
2.095380,-0.3484,-0.9409,-0.0268,1.68,-2.17,-2.17
2.095977,-0.3479,-0.9399,-0.0273,-0.49,-1.47,-1.96
2.096574,-0.3479,-0.9433,-0.0273,1.54,-2.38,-2.24
2.097171,-0.3538,-0.9404,-0.0264,1.05,-2.10,-1.47
2.097768,-0.3538,-0.9374,-0.0283,0.56,-2.10,-2.17
2.098365,-0.3489,-0.9409,-0.0298,0.91,-2.31,-1.33
2.098962,-0.3475,-0.9389,-0.0259,0.77,-1.89,-2.10
2.099559,-0.3489,-0.9379,-0.0254,0.70,-2.38,-1.40
2.100156,-0.3499,-0.9414,-0.0249,0.49,-1.68,-1.96
2.100753,-0.3479,-0.9374,-0.0229,1.05,-2.38,-1.61
2.101351,-0.3450,-0.9370,-0.0229,0.56,-1.75,-1.75
2.101948,-0.3431,-0.9438,-0.0205,1.12,-1.82,-1.82
2.102545,-0.3440,-0.9482,-0.0195,0.70,-2.24,-1.33
2.102545,-0.3460,-0.9467,-0.0215,1.05,-2.03,-1.40
2.103136,-0.3436,-0.9457,-0.0234,0.84,-2.31,-1.19
2.103733,-0.3406,-0.9448,-0.0215,1.05,-2.38,-1.61
2.104330,-0.3401,-0.9467,-0.0229,1.26,-1.96,-1.12
2.104927,-0.3440,-0.9482,-0.0229,1.05,-2.45,-1.68
2.105524,-0.3450,-0.9448,-0.0200,0.56,-1.68,-0.42
2.106122,-0.3460,-0.9482,-0.0161,1.47,-2.66,-1.75
2.106719,-0.3479,-0.9496,-0.0151,0.77,-1.47,-0.49
2.107316,-0.3436,-0.9496,-0.0171,1.19,-2.38,-1.54
2.107913,-0.3431,-0.9496,-0.0151,0.98,-1.96,0.00
2.108510,-0.3475,-0.9467,-0.0181,1.19,-2.45,-1.82
2.109107,-0.3450,-0.9492,-0.0176,1.54,-2.24,-0.49
2.109704,-0.3396,-0.9506,-0.0156,0.98,-2.24,-2.10
2.110301,-0.3411,-0.9482,-0.0176,2.03,-2.31,-0.07
2.110898,-0.3450,-0.9467,-0.0176,0.56,-1.89,-2.24
2.111495,-0.3465,-0.9477,-0.0132,2.31,-2.94,-0.07
2.112093,-0.3450,-0.9511,-0.0102,0.63,-1.54,-2.03
2.112690,-0.3431,-0.9521,-0.0137,2.59,-3.15,-0.28
2.113287,-0.3431,-0.9526,-0.0146,0.56,-1.96,-1.89
2.114258,-0.3426,-0.9540,-0.0098,2.45,-2.66,-0.70
2.114855,-0.3411,-0.9506,-0.0093,1.12,-2.38,-1.75
2.115452,-0.3421,-0.9492,-0.0127,2.24,-2.59,-1.05
2.116049,-0.3431,-0.9526,-0.0102,1.33,-2.59,-1.26
2.116646,-0.3426,-0.9540,-0.0112,2.31,-2.31,-1.68
2.117243,-0.3465,-0.9550,-0.0122,1.47,-2.17,-1.26
2.117841,-0.3494,-0.9560,-0.0151,2.38,-3.15,-1.54
2.118438,-0.3553,-0.9531,-0.0166,2.45,-3.15,-1.75
2.119035,-0.3582,-0.9550,-0.0132,1.82,-1.82,-1.26
2.119632,-0.3518,-0.9536,-0.0142,2.17,-3.22,-2.80
2.120229,-0.3523,-0.9540,-0.0093,1.96,-2.10,-0.84
2.120826,-0.3577,-0.9545,-0.0049,2.10,-3.22,-2.87
2.121423,-0.3582,-0.9536,-0.0083,2.59,-2.38,-1.26
2.122020,-0.3587,-0.9536,-0.0093,2.03,-3.43,-2.66
2.122617,-0.3592,-0.9506,-0.0093,2.59,-2.66,-0.98
2.123214,-0.3567,-0.9496,-0.0122,2.10,-3.15,-3.29
2.123812,-0.3548,-0.9531,-0.0102,2.73,-2.80,-0.84
2.124409,-0.3543,-0.9516,-0.0068,2.24,-3.43,-4.06
2.125006,-0.3523,-0.9477,-0.0112,2.45,-2.52,-0.49
2.125977,-0.3548,-0.9487,-0.0142,2.66,-3.29,-4.48
2.126574,-0.3523,-0.9501,-0.0127,2.59,-2.87,-0.56
2.127171,-0.3475,-0.9482,-0.0132,2.73,-3.64,-4.90
2.127768,-0.3489,-0.9467,-0.0093,2.10,-2.87,-0.21
2.128365,-0.3504,-0.9443,-0.0083,2.94,-3.71,-5.04
2.128962,-0.3518,-0.9423,-0.0107,2.17,-3.08,-0.28
2.129560,-0.3518,-0.9443,-0.0107,2.66,-3.71,-4.69
2.130157,-0.3489,-0.9433,-0.0093,2.59,-3.43,-0.77
2.130754,-0.3470,-0.9428,-0.0078,2.73,-3.71,-4.62
2.131351,-0.3465,-0.9423,-0.0093,2.59,-2.80,-0.98
2.131948,-0.3484,-0.9394,-0.0132,2.31,-3.92,-4.13
2.132545,-0.3494,-0.9389,-0.0098,3.01,-3.15,-1.61
2.133142,-0.3494,-0.9384,-0.0078,1.89,-4.55,-4.06
2.133739,-0.3499,-0.9340,-0.0098,3.08,-2.73,-1.96
2.134336,-0.3514,-0.9316,-0.0068,2.03,-4.62,-3.99
2.134933,-0.3499,-0.9311,-0.0073,2.87,-2.52,-2.31
2.135531,-0.3440,-0.9257,-0.0073,1.96,-4.55,-3.57
2.136128,-0.3450,-0.9267,-0.0093,2.73,-3.22,-2.31
2.136725,-0.3489,-0.9277,-0.0078,2.03,-4.76,-3.29
2.136725,-0.3479,-0.9277,-0.0054,2.66,-3.43,-2.52
2.137316,-0.3460,-0.9277,-0.0073,2.10,-4.20,-3.15
2.137913,-0.3455,-0.9277,-0.0093,2.73,-3.08,-2.52
2.138510,-0.3455,-0.9292,-0.0088,2.03,-4.34,-3.22
2.139107,-0.3450,-0.9248,-0.0083,2.38,-3.22,-2.24
2.139704,-0.3406,-0.9199,-0.0063,1.96,-3.99,-2.87
2.140302,-0.3445,-0.9228,-0.0034,2.31,-4.06,-2.38
2.140899,-0.3465,-0.9262,-0.0059,2.10,-4.27,-2.80
2.141496,-0.3436,-0.9238,-0.0039,2.24,-3.57,-2.66
2.142093,-0.3431,-0.9248,-0.0015,2.03,-4.48,-1.89
2.142690,-0.3426,-0.9228,-0.0034,2.38,-3.78,-2.94
2.143287,-0.3450,-0.9170,-0.0034,1.75,-4.20,-2.17
2.143884,-0.3450,-0.9189,-0.0024,2.03,-3.43,-2.80
2.144481,-0.3431,-0.9204,-0.0044,1.68,-4.48,-1.82
2.145078,-0.3431,-0.9179,-0.0044,2.17,-3.43,-3.29
2.145675,-0.3479,-0.9179,-0.0083,1.75,-4.97,-1.47
2.146273,-0.3479,-0.9194,-0.0127,1.61,-3.71,-2.87
2.146870,-0.3450,-0.9184,-0.0073,1.75,-4.69,-1.47
2.147467,-0.3436,-0.9189,-0.0063,1.68,-3.85,-3.01
2.147467,-0.3436,-0.9238,-0.0102,1.33,-4.48,-1.05
2.148058,-0.3426,-0.9252,-0.0059,1.96,-4.20,-3.01
2.148655,-0.3411,-0.9243,-0.0020,1.47,-3.99,-1.54
2.149252,-0.3401,-0.9243,-0.0024,1.61,-4.41,-2.80
2.149849,-0.3387,-0.9257,-0.0020,1.12,-3.99,-1.33
2.150446,-0.3411,-0.9306,-0.0049,1.68,-4.27,-2.94
2.151044,-0.3396,-0.9360,-0.0054,0.98,-4.13,-0.91
2.151641,-0.3353,-0.9326,-0.0039,1.54,-4.48,-2.94
2.152238,-0.3357,-0.9326,-0.0024,0.98,-3.85,-1.12
2.152835,-0.3392,-0.9355,-0.0034,1.82,-5.11,-2.73
2.153432,-0.3396,-0.9326,-0.0029,1.19,-3.22,-1.47
2.154029,-0.3382,-0.9306,-0.0020,1.82,-5.04,-2.94
2.154626,-0.3396,-0.9321,-0.0059,0.91,-3.57,-0.91
2.155223,-0.3411,-0.9360,-0.0093,1.75,-4.83,-2.94
2.155820,-0.3416,-0.9379,-0.0132,0.98,-3.64,-1.12
2.156417,-0.3436,-0.9360,-0.0122,1.40,-4.41,-3.29
2.157014,-0.3431,-0.9335,-0.0068,1.68,-4.69,-1.26
2.157612,-0.3416,-0.9365,-0.0039,0.63,-3.85,-3.22
2.158209,-0.3445,-0.9418,-0.0020,1.75,-4.55,-1.12
2.159180,-0.3460,-0.9423,-0.0059,0.70,-4.13,-3.43
2.159777,-0.3440,-0.9438,-0.0102,2.03,-4.55,-1.40
2.160374,-0.3401,-0.9462,-0.0107,0.42,-3.99,-3.57
2.160971,-0.3406,-0.9428,-0.0132,2.17,-4.55,-1.47
2.161568,-0.3460,-0.9414,-0.0137,0.56,-4.06,-3.29
2.162165,-0.3460,-0.9453,-0.0127,1.96,-4.83,-1.75
2.162763,-0.3445,-0.9467,-0.0122,0.91,-4.06,-3.43
2.163360,-0.3440,-0.9453,-0.0127,1.75,-4.34,-3.99
2.163957,-0.3436,-0.9467,-0.0107,1.68,-4.55,-1.75
2.164554,-0.3440,-0.9487,-0.0078,1.68,-4.48,-3.92
2.165151,-0.3436,-0.9482,-0.0098,1.54,-4.41,-1.89
2.165748,-0.3455,-0.9487,-0.0088,2.10,-4.34,-3.71
2.166345,-0.3440,-0.9467,-0.0098,1.19,-3.99,-2.38
2.166942,-0.3421,-0.9472,-0.0093,2.24,-4.48,-3.50
2.167539,-0.3382,-0.9506,-0.0098,1.26,-4.62,-2.24
2.168136,-0.3387,-0.9531,-0.0102,2.52,-4.34,-3.71
2.168734,-0.3421,-0.9550,-0.0098,0.98,-4.55,-1.96
2.169331,-0.3460,-0.9565,-0.0102,2.31,-3.85,-3.99
2.169928,-0.3479,-0.9565,-0.0088,1.54,-5.04,-2.52
2.170898,-0.3440,-0.9594,-0.0117,2.17,-3.85,-3.50
2.171495,-0.3426,-0.9579,-0.0127,1.96,-5.18,-2.52
2.172092,-0.3465,-0.9570,-0.0093,1.89,-3.64,-3.71
2.172689,-0.3475,-0.9599,-0.0073,2.31,-4.83,-2.17
2.173286,-0.3455,-0.9594,-0.0088,1.96,-4.13,-3.50
2.173883,-0.3431,-0.9575,-0.0107,2.24,-4.34,-2.17
2.174481,-0.3421,-0.9555,-0.0137,2.17,-4.13,-3.57
2.175078,-0.3445,-0.9579,-0.0151,2.31,-4.69,-2.52
2.175675,-0.3440,-0.9604,-0.0107,2.10,-3.64,-3.57
2.176272,-0.3426,-0.9599,-0.0088,2.24,-4.97,-1.68
2.176869,-0.3431,-0.9599,-0.0107,2.59,-3.92,-4.13
2.177466,-0.3401,-0.9599,-0.0117,2.59,-4.48,-1.54
2.178063,-0.3372,-0.9584,-0.0083,2.94,-3.64,-4.34
2.178660,-0.3387,-0.9584,-0.0083,2.45,-4.62,-1.33
2.179257,-0.3406,-0.9609,-0.0098,3.22,-3.99,-4.06
2.179854,-0.3416,-0.9638,-0.0073,2.31,-4.20,-1.82
2.180452,-0.3436,-0.9648,-0.0063,3.43,-3.99,-3.71
2.181049,-0.3426,-0.9667,-0.0063,2.59,-4.20,-1.54
2.181646,-0.3387,-0.9692,-0.0083,3.43,-4.13,-3.85
2.181646,-0.3411,-0.9692,-0.0078,2.80,-4.41,-1.47
2.182238,-0.3445,-0.9677,-0.0039,3.50,-3.71,-4.34
2.182835,-0.3392,-0.9697,-0.0029,3.29,-4.20,-1.61
2.183432,-0.3367,-0.9736,-0.0015,3.36,-3.78,-3.64
2.184029,-0.3411,-0.9706,0.0010,3.64,-4.20,-1.61
2.184626,-0.3440,-0.9672,-0.0039,2.66,-3.57,-3.92
2.185224,-0.3484,-0.9667,-0.0093,3.99,-3.85,-1.61
2.185821,-0.3465,-0.9628,-0.0088,2.94,-4.20,-3.43
2.186418,-0.3426,-0.9643,-0.0078,4.55,-3.71,-2.24
2.187015,-0.3421,-0.9658,-0.0078,2.59,-3.85,-2.80
2.187612,-0.3440,-0.9628,-0.0068,4.62,-4.06,-2.45
2.188209,-0.3484,-0.9594,-0.0083,2.59,-3.85,-2.94
2.188806,-0.3479,-0.9584,-0.0093,4.83,-3.99,-2.66
2.189403,-0.3470,-0.9628,-0.0078,2.80,-3.85,-3.01
2.190000,-0.3470,-0.9628,-0.0078,5.25,-3.64,-2.31
2.190597,-0.3475,-0.9614,-0.0083,3.01,-3.99,-2.73
2.191195,-0.3499,-0.9614,-0.0073,5.18,-3.99,-2.66
2.191792,-0.3504,-0.9589,-0.0068,3.29,-3.99,-2.59
2.192389,-0.3509,-0.9579,-0.0063,4.76,-3.92,-2.52
2.192389,-0.3499,-0.9628,-0.0059,3.50,-3.85,-2.45
2.192980,-0.3509,-0.9658,-0.0078,4.97,-3.85,-2.66
2.193577,-0.3518,-0.9628,-0.0073,3.64,-3.92,-2.59
2.194174,-0.3518,-0.9609,-0.0073,4.76,-3.71,-2.80
2.194771,-0.3538,-0.9623,-0.0127,4.06,-4.27,-2.24
2.195368,-0.3548,-0.9643,-0.0146,4.69,-3.43,-3.29
2.195966,-0.3528,-0.9658,-0.0073,4.41,-4.62,-1.68
2.196563,-0.3499,-0.9604,-0.0093,4.97,-4.97,-1.75
2.197160,-0.3499,-0.9589,-0.0112,3.85,-2.59,-2.31
2.197757,-0.3489,-0.9614,-0.0146,5.39,-4.13,-1.82
2.198354,-0.3475,-0.9570,-0.0127,3.50,-3.29,-1.75
2.198951,-0.3475,-0.9555,-0.0083,5.39,-3.99,-1.75
2.199548,-0.3484,-0.9584,-0.0078,3.71,-3.22,-1.75
2.200145,-0.3499,-0.9604,-0.0083,5.74,-4.41,-1.96
2.200742,-0.3494,-0.9579,-0.0078,3.57,-3.22,-1.40
2.201339,-0.3514,-0.9550,-0.0049,5.60,-4.13,-1.19
2.201936,-0.3538,-0.9531,-0.0078,3.57,-3.71,-1.26
2.202534,-0.3558,-0.9550,-0.0088,5.46,-3.71,-1.19
2.203131,-0.3523,-0.9589,-0.0054,4.06,-3.99,-0.91
2.204102,-0.3494,-0.9594,-0.0063,4.76,-3.50,-1.40
2.204699,-0.3494,-0.9594,-0.0063,4.48,-3.64,-0.35
2.205296,-0.3484,-0.9575,-0.0078,4.41,-3.22,-0.98
2.205893,-0.3494,-0.9565,-0.0112,4.76,-4.27,-0.35
2.206490,-0.3528,-0.9565,-0.0078,4.13,-2.87,-0.49
2.207087,-0.3528,-0.9570,-0.0049,5.39,-4.27,-0.49
2.207685,-0.3528,-0.9555,-0.0063,3.64,-2.59,-0.21
2.208282,-0.3523,-0.9545,-0.0063,5.60,-4.27,0.21
2.208879,-0.3465,-0.9555,-0.0068,3.71,-2.59,-0.14
2.209476,-0.3431,-0.9575,-0.0044,5.81,-4.20,0.28
2.210073,-0.3479,-0.9570,-0.0063,3.43,-2.73,0.21
2.210670,-0.3562,-0.9575,-0.0107,5.60,-4.13,0.49
2.211267,-0.3567,-0.9575,-0.0107,3.29,-1.96,0.42
2.211864,-0.3538,-0.9555,-0.0102,5.32,-3.99,0.35
2.212461,-0.3514,-0.9570,-0.0078,3.36,-2.87,0.70
2.213058,-0.3509,-0.9589,-0.0059,5.18,-3.78,0.91
2.213655,-0.3514,-0.9628,-0.0078,3.64,-2.80,0.63
2.214253,-0.3523,-0.9623,-0.0122,4.76,-3.43,0.91
2.214850,-0.3558,-0.9614,-0.0151,3.92,-3.08,1.33
2.214850,-0.3572,-0.9599,-0.0151,4.41,-3.29,0.91
2.215441,-0.3548,-0.9599,-0.0112,3.92,-2.80,1.82
2.216038,-0.3558,-0.9599,-0.0098,4.20,-3.29,0.70
2.216635,-0.3558,-0.9575,-0.0117,3.92,-2.66,2.03
2.217232,-0.3538,-0.9584,-0.0088,4.34,-3.43,0.70
2.217829,-0.3538,-0.9628,-0.0068,4.34,-2.59,2.24
2.218427,-0.3582,-0.9599,-0.0107,3.78,-3.22,1.54
2.219024,-0.3577,-0.9628,-0.0132,3.71,-2.94,1.75
2.219621,-0.3592,-0.9648,-0.0142,4.34,-2.94,2.73
2.220218,-0.3572,-0.9653,-0.0122,3.78,-2.94,1.61
2.220815,-0.3562,-0.9662,-0.0107,4.06,-2.73,3.08
2.221412,-0.3572,-0.9648,-0.0137,3.78,-2.66,1.61
2.222009,-0.3582,-0.9662,-0.0122,4.13,-3.22,3.43
2.222606,-0.3601,-0.9667,-0.0102,4.06,-2.24,1.47
2.223203,-0.3601,-0.9653,-0.0107,4.06,-3.29,3.92
2.223800,-0.3567,-0.9662,-0.0122,3.50,-1.89,1.89
2.224397,-0.3577,-0.9667,-0.0112,4.48,-3.29,4.13
2.224995,-0.3601,-0.9653,-0.0117,3.43,-1.96,1.68
2.225592,-0.3567,-0.9672,-0.0142,4.34,-3.29,4.55
