time_s,ax_g,ay_g,az_g,gx_dps,gy_dps,gz_dps
0.000000,-0.4636,-0.7061,0.5856,1.54,1.40,-5.46
0.000597,-0.4641,-0.7013,0.5900,0.56,1.54,-4.97
0.001194,-0.4675,-0.7052,0.5856,1.40,1.68,-6.23
0.001791,-0.4665,-0.7061,0.5866,0.42,1.61,-4.55
0.002388,-0.4685,-0.7056,0.5895,1.05,1.47,-5.95
0.002985,-0.4719,-0.7091,0.5856,0.98,1.40,-4.83
0.003582,-0.4734,-0.7071,0.5876,0.14,2.10,-6.09
0.004179,-0.4763,-0.7091,0.5900,1.47,0.91,-4.83
0.004776,-0.4782,-0.7139,0.5890,-0.35,2.10,-6.37
0.005373,-0.4792,-0.7110,0.5910,1.12,0.98,-4.69
0.005970,-0.4792,-0.7071,0.5905,-0.56,2.31,-6.30
0.006567,-0.4792,-0.7096,0.5915,1.19,0.77,-4.55
0.007164,-0.4860,-0.7056,0.5895,0.84,0.98,-4.55
0.007761,-0.4870,-0.7066,0.5890,-0.56,1.61,-6.79
0.008358,-0.4880,-0.7086,0.5934,0.91,1.33,-4.97
0.008955,-0.4870,-0.7081,0.5963,-0.84,1.54,-6.30
0.009552,-0.4904,-0.7086,0.5993,0.56,1.40,-5.18
0.010149,-0.4890,-0.7096,0.5949,-0.91,1.33,-6.23
0.010746,-0.4895,-0.7091,0.5954,0.42,1.47,-5.18
0.011718,-0.4963,-0.7100,0.5993,-0.84,0.98,-6.44
0.012315,-0.4958,-0.7086,0.5963,0.00,1.33,-5.32
0.012912,-0.4943,-0.7056,0.5939,-0.84,1.12,-6.86
0.013509,-0.4973,-0.7071,0.5958,-0.21,0.98,-5.11
0.014106,-0.4997,-0.7091,0.5998,-0.98,1.12,-7.14
0.014703,-0.4968,-0.7037,0.5993,-0.28,1.19,-5.39
0.015300,-0.4987,-0.6998,0.5968,-1.26,0.84,-6.93
0.015897,-0.5061,-0.7022,0.5968,-0.07,1.19,-6.30
0.016494,-0.5061,-0.7042,0.6041,-1.54,1.05,-6.79
0.017091,-0.5041,-0.7071,0.6056,-0.35,0.70,-6.44
0.017688,-0.5075,-0.7061,0.6012,-1.68,0.70,-6.72
0.018285,-0.5095,-0.7047,0.6051,-0.49,1.33,-6.86
0.018882,-0.5104,-0.7042,0.6085,-1.54,0.35,-6.86
0.019479,-0.5095,-0.6998,0.6056,-1.05,1.40,-6.93
0.020076,-0.5085,-0.6988,0.6037,-1.54,0.42,-7.14
0.020673,-0.5134,-0.6983,0.6071,-1.19,1.33,-7.14
0.021270,-0.5173,-0.6974,0.6056,-1.54,0.14,-6.79
0.021867,-0.5197,-0.6988,0.6061,-1.33,0.56,-7.49
0.022464,-0.5178,-0.6978,0.6080,-1.68,0.14,-6.65
0.022464,-0.5124,-0.6959,0.6080,-1.82,0.91,-8.26
0.023058,-0.5148,-0.6969,0.6105,-1.40,-0.28,-6.72
0.023655,-0.5207,-0.6974,0.6110,-2.10,1.33,-8.40
0.024252,-0.5251,-0.6954,0.6124,-1.40,-0.63,-7.07
0.024849,-0.5251,-0.6939,0.6144,-2.66,1.40,-8.61
0.025446,-0.5261,-0.6925,0.6149,-1.33,-0.56,-6.93
0.026043,-0.5261,-0.6905,0.6110,-2.87,1.26,-8.96
0.026640,-0.5266,-0.6910,0.6066,-1.19,-0.98,-7.07
0.027237,-0.5280,-0.6930,0.6095,-2.94,1.19,-9.24
0.027834,-0.5270,-0.6954,0.6090,-1.40,-0.98,-7.07
0.028431,-0.5280,-0.6934,0.6115,-1.54,-1.05,-7.63
0.029028,-0.5290,-0.6900,0.6154,-3.22,0.70,-8.89
0.029625,-0.5324,-0.6900,0.6173,-1.61,-0.77,-7.91
0.030222,-0.5329,-0.6915,0.6154,-3.15,0.42,-9.52
0.030819,-0.5324,-0.6891,0.6149,-2.10,-0.63,-8.33
0.031416,-0.5339,-0.6881,0.6173,-3.22,-0.42,-9.03
0.032013,-0.5324,-0.6891,0.6163,-2.31,-0.14,-8.33
0.032610,-0.5334,-0.6861,0.6159,-3.36,-0.28,-9.17
0.033207,-0.5397,-0.6871,0.6168,-2.73,-0.28,-8.68
0.034179,-0.5417,-0.6881,0.6178,-3.43,-0.56,-9.24
0.034776,-0.5373,-0.6822,0.6159,-2.66,-0.56,-9.10
0.035373,-0.5358,-0.6837,0.6193,-3.50,-0.14,-9.38
0.035970,-0.5383,-0.6871,0.6246,-3.08,-0.56,-9.03
0.036567,-0.5388,-0.6881,0.6266,-3.57,-0.49,-9.31
0.037164,-0.5368,-0.6861,0.6271,-2.87,-0.56,-9.59
0.037761,-0.5378,-0.6866,0.6232,-4.06,-0.56,-9.38
0.038358,-0.5397,-0.6895,0.6154,-2.87,-0.42,-10.08
0.038955,-0.5383,-0.6910,0.6168,-4.27,-0.42,-8.89
0.039552,-0.5378,-0.6891,0.6232,-3.08,-1.12,-10.50
0.040149,-0.5388,-0.6876,0.6232,-4.13,-0.63,-9.03
0.040746,-0.5373,-0.6905,0.6212,-3.15,-0.91,-11.27
0.041343,-0.5378,-0.6930,0.6256,-4.06,-0.91,-8.82
0.041940,-0.5344,-0.6915,0.6281,-3.50,-0.49,-11.06
0.042537,-0.5324,-0.6910,0.6251,-4.20,-0.56,-8.96
0.043134,-0.5319,-0.6925,0.6237,-3.29,-0.84,-11.55
0.043731,-0.5309,-0.6949,0.6266,-4.34,-0.14,-9.10
0.044328,-0.5324,-0.6939,0.6285,-3.64,-0.91,-11.69
0.044925,-0.5329,-0.6949,0.6261,-4.41,0.00,-9.17
0.044925,-0.5295,-0.6974,0.6256,-3.85,-1.26,-11.76
0.045519,-0.5246,-0.6978,0.6261,-4.27,-0.35,-9.10
0.046116,-0.5231,-0.6959,0.6271,-4.27,-0.91,-12.46
0.046713,-0.5261,-0.6934,0.6266,-3.92,-0.49,-9.45
0.047310,-0.5295,-0.6964,0.6256,-4.48,-0.70,-12.60
0.047907,-0.5290,-0.6974,0.6276,-3.85,-0.49,-9.38
0.048504,-0.5261,-0.6988,0.6285,-4.55,-0.77,-12.81
0.049101,-0.5222,-0.6993,0.6271,-3.64,-0.14,-9.59
0.049698,-0.5212,-0.6969,0.6300,-4.76,-0.77,-12.95
0.050295,-0.5192,-0.6988,0.6344,-3.57,-0.35,-9.59
0.050892,-0.5173,-0.7003,0.6334,-4.97,-0.98,-13.44
0.051489,-0.5139,-0.6978,0.6324,-3.22,0.14,-9.87
0.052086,-0.5134,-0.6978,0.6339,-5.04,-0.84,-13.79
0.052683,-0.5153,-0.6998,0.6344,-3.36,0.28,-10.36
0.053280,-0.5139,-0.7017,0.6324,-5.18,-0.84,-14.07
0.053877,-0.5119,-0.7037,0.6310,-3.15,0.49,-10.57
0.054474,-0.5114,-0.7042,0.6295,-5.25,-0.49,-13.86
0.055071,-0.5144,-0.7047,0.6320,-2.94,0.35,-11.13
0.055668,-0.5148,-0.7056,0.6368,-5.60,-0.21,-14.00
0.056640,-0.5080,-0.7061,0.6368,-2.38,0.56,-12.11
0.057237,-0.5090,-0.7081,0.6339,-5.53,0.14,-13.37
0.057834,-0.5124,-0.7081,0.6339,-2.66,0.49,-12.88
0.058431,-0.5085,-0.7066,0.6344,-5.39,0.21,-13.51
0.059028,-0.5085,-0.7056,0.6359,-3.08,1.12,-13.23
0.059625,-0.5109,-0.7076,0.6373,-5.25,0.56,-13.65
0.060222,-0.5134,-0.7110,0.6398,-2.87,0.56,-13.65
0.060819,-0.5109,-0.7120,0.6427,-4.90,0.70,-13.09
0.061416,-0.5080,-0.7110,0.6417,-2.94,0.84,-14.63
0.062013,-0.5104,-0.7100,0.6378,-4.48,0.98,-13.58
0.062610,-0.5075,-0.7115,0.6368,-3.36,0.49,-14.70
0.063207,-0.5051,-0.7086,0.6368,-4.06,1.40,-13.93
0.063804,-0.5065,-0.7042,0.6373,-3.99,1.26,-14.98
0.064401,-0.5007,-0.7061,0.6388,-3.78,1.40,-14.35
0.064998,-0.4987,-0.7091,0.6383,-4.06,1.82,-15.19
0.065595,-0.5041,-0.7076,0.6417,-3.08,1.47,-14.21
0.066192,-0.5017,-0.7056,0.6412,-4.34,2.31,-15.82
0.066789,-0.4997,-0.7086,0.6403,-2.73,1.19,-14.63
0.067386,-0.4982,-0.7105,0.6393,-4.55,2.31,-16.24
0.067386,-0.4934,-0.7100,0.6373,-2.17,1.33,-14.84
0.067979,-0.4948,-0.7056,0.6398,-4.41,2.45,-16.10
0.068576,-0.4963,-0.7047,0.6383,-2.17,2.03,-15.68
0.069173,-0.4948,-0.7056,0.6368,-4.48,2.87,-16.10
0.069770,-0.4929,-0.7047,0.6359,-2.24,1.82,-16.10
0.070367,-0.4939,-0.7017,0.6373,-4.13,3.01,-16.10
0.070964,-0.4943,-0.6998,0.6359,-2.73,2.24,-16.38
0.071561,-0.4924,-0.7017,0.6329,-3.36,3.36,-16.45
0.072158,-0.4924,-0.7032,0.6378,-2.94,2.59,-16.59
0.072755,-0.4904,-0.7008,0.6383,-2.94,3.29,-16.52
0.073352,-0.4890,-0.7003,0.6378,-3.15,2.94,-16.87
0.073949,-0.4900,-0.6978,0.6407,-3.50,3.71,-16.59
0.074546,-0.4900,-0.7013,0.6393,-2.10,3.64,-17.50
0.075143,-0.4895,-0.6998,0.6388,-3.36,4.06,-17.15
0.075740,-0.4870,-0.6978,0.6373,-1.96,3.85,-17.29
0.076337,-0.4817,-0.6974,0.6368,-3.36,4.76,-17.64
0.076934,-0.4802,-0.6964,0.6344,-1.75,4.06,-17.71
0.077531,-0.4851,-0.6983,0.6368,-3.22,4.83,-17.71
0.078128,-0.4890,-0.6978,0.6378,-2.10,3.99,-17.57
0.079101,-0.4821,-0.6925,0.5046,-3.01,5.04,-18.06
0.079698,-0.4797,-0.6881,0.6232,-1.47,4.97,-18.20
0.080295,-0.4812,-0.6895,0.6266,-2.52,5.46,-18.55
0.080892,-0.4797,-0.6915,0.6329,-1.82,4.83,-18.13
0.081489,-0.4812,-0.6939,0.6315,-2.17,5.60,-18.76
0.082086,-0.4836,-0.6925,0.6271,-1.96,5.25,-18.48
0.082683,-0.4826,-0.6876,0.6232,-2.31,5.88,-18.55
0.083280,-0.4802,-0.6847,0.6207,-2.03,5.53,-18.41
0.083877,-0.4812,-0.6832,0.6227,-2.17,6.23,-18.83
0.084474,-0.4831,-0.6847,0.6227,-2.24,5.88,-18.55
0.085071,-0.4826,-0.6837,0.6227,-1.68,6.30,-18.62
0.085668,-0.4826,-0.6842,0.6207,-2.03,6.30,-19.25
0.086265,-0.4817,-0.6852,0.6193,-1.33,6.65,-18.97
0.086862,-0.4807,-0.6803,0.6232,-2.03,6.65,-19.32
0.087459,-0.4836,-0.6769,0.6227,-0.91,6.79,-18.76
0.088056,-0.4826,-0.6749,0.6178,-2.31,6.86,-19.39
0.088653,-0.4792,-0.6725,0.6198,-0.91,7.28,-19.11
0.089250,-0.4787,-0.6710,0.6217,-2.17,6.72,-19.67
0.089847,-0.4768,-0.6671,0.6202,-0.98,7.63,-19.11
0.089847,-0.4807,-0.6686,0.6222,-1.89,6.86,-19.88
0.090440,-0.4841,-0.6695,0.6198,-1.12,8.05,-19.11
0.091037,-0.4841,-0.6661,0.6139,-1.68,7.35,-19.95
0.091634,-0.4841,-0.6637,0.6139,-0.98,8.19,-19.18
0.092231,-0.4817,-0.6617,0.6110,-1.40,7.35,-20.02
0.092828,-0.4807,-0.6593,0.6095,-1.26,8.54,-18.90
0.093425,-0.4817,-0.6554,0.6139,-1.26,7.91,-20.58
0.094022,-0.4851,-0.6549,0.6124,-1.33,9.03,-19.11
0.094619,-0.4851,-0.6529,0.6085,-0.77,7.77,-20.58
0.095216,-0.4817,-0.6520,0.6100,-2.03,9.38,-19.11
0.095813,-0.4817,-0.6520,0.6080,-0.35,7.98,-20.72
0.096410,-0.4821,-0.6495,0.6105,-1.82,9.17,-19.18
0.097007,-0.4802,-0.6481,0.6115,-0.84,8.96,-20.44
0.097604,-0.4812,-0.6466,0.6080,-1.68,9.03,-18.83
0.098201,-0.4846,-0.6442,0.6085,-0.98,9.31,-20.51
0.098798,-0.4846,-0.6446,0.6041,-1.33,8.96,-18.76
0.099395,-0.4836,-0.6451,0.6061,-0.98,9.59,-20.93
0.099992,-0.4826,-0.6407,0.6061,-1.19,9.31,-18.83
0.100589,-0.4817,-0.6378,0.6022,-1.12,10.43,-21.14
0.100589,-0.4841,-0.6359,0.6056,-0.91,9.45,-18.83
0.101183,-0.4826,-0.6359,0.6066,-1.54,10.36,-20.37
0.101780,-0.4817,-0.6373,0.6051,-0.70,9.59,-18.90
0.102377,-0.4836,-0.6373,0.6061,-1.54,10.50,-20.44
0.102974,-0.4870,-0.6364,0.6076,-0.63,10.08,-19.18
0.103571,-0.4909,-0.6349,0.6076,-1.68,10.36,-20.23
0.104168,-0.4904,-0.6339,0.6095,-0.42,10.71,-19.18
0.104765,-0.4909,-0.6339,0.6090,-1.68,10.57,-20.23
0.105362,-0.4924,-0.6334,0.6056,-0.77,10.71,-19.11
0.105959,-0.4929,-0.6290,0.6056,-1.54,10.71,-19.88
0.106556,-0.4973,-0.6310,0.6051,-1.19,10.99,-19.74
0.107153,-0.4963,-0.6305,0.6095,-1.05,11.06,-18.76
0.107750,-0.4963,-0.6281,0.6051,-1.40,11.34,-19.88
0.108347,-0.4973,-0.6276,0.6012,-0.98,10.85,-18.83
0.108944,-0.4992,-0.6285,0.6037,-1.40,11.55,-19.74
0.109541,-0.5012,-0.6300,0.6037,-1.26,11.55,-18.97
0.110138,-0.4982,-0.6295,0.6032,-1.05,11.34,-19.60
0.110735,-0.5007,-0.6271,0.6046,-1.33,12.04,-19.25
0.111332,-0.5007,-0.6237,0.6071,-1.33,11.41,-19.46
0.112304,-0.4987,-0.6271,0.6051,-1.47,11.76,-18.97
0.112901,-0.4987,-0.6281,0.6051,-1.19,11.41,-18.83
0.113498,-0.4987,-0.6242,0.6046,-1.40,12.11,-19.46
0.114095,-0.4997,-0.6271,0.6007,-1.40,11.97,-18.62
0.114692,-0.5012,-0.6256,0.6007,-0.91,12.11,-19.25
0.115289,-0.5085,-0.6261,0.5998,-1.75,12.39,-18.83
0.115886,-0.5109,-0.6261,0.6002,-1.12,11.97,-19.32
0.116483,-0.5065,-0.6227,0.6002,-1.68,12.53,-19.04
0.117080,-0.5031,-0.6237,0.5963,-0.84,12.04,-19.18
0.117677,-0.4997,-0.6242,0.5968,-1.75,12.81,-18.83
0.118274,-0.5012,-0.6227,0.5983,-1.19,12.60,-18.27
0.118871,-0.5051,-0.6202,0.5963,-1.61,12.60,-19.18
0.119468,-0.5051,-0.6237,0.5968,-1.26,12.81,-18.20
0.120065,-0.5026,-0.6266,0.5958,-1.68,12.88,-18.83
0.120662,-0.5036,-0.6261,0.5944,-1.26,12.60,-18.34
0.121259,-0.5085,-0.6202,0.5963,-1.40,13.09,-19.11
0.121856,-0.5129,-0.6183,0.5934,-1.19,12.81,-18.34
0.122453,-0.5095,-0.6217,0.5895,-1.54,12.88,-19.18
0.123050,-0.5085,-0.6212,0.5934,-1.12,13.09,-18.48
0.124023,-0.5139,-0.6222,0.5944,-2.03,13.51,-18.97
0.124620,-0.5139,-0.6237,0.5949,-0.77,12.81,-18.13
0.125217,-0.5139,-0.6212,0.5978,-2.10,13.79,-19.04
0.125814,-0.5139,-0.6173,0.5963,-1.19,12.74,-18.20
0.126411,-0.5158,-0.6149,0.5978,-1.89,13.79,-18.62
0.127008,-0.5222,-0.6149,0.6007,-1.19,13.30,-18.13
0.127605,-0.5256,-0.6139,0.5988,-2.03,13.72,-18.34
0.128202,-0.5285,-0.6124,0.5963,-0.98,12.95,-17.99
0.128799,-0.5275,-0.6139,0.5983,-1.68,14.28,-18.55
0.129396,-0.5246,-0.6139,0.5998,-1.33,12.74,-18.34
0.129993,-0.5251,-0.6129,0.6007,-1.89,14.56,-17.64
0.130590,-0.5266,-0.6159,0.6041,-1.26,12.74,-18.55
0.131187,-0.5300,-0.6159,0.6012,-1.89,14.77,-17.43
0.131784,-0.5353,-0.6144,0.5978,-1.54,12.88,-18.48
0.132381,-0.5319,-0.6124,0.5988,-1.75,14.77,-17.57
0.132978,-0.5280,-0.6139,0.6002,-1.61,13.09,-18.62
0.133575,-0.5290,-0.6149,0.6017,-1.75,14.70,-17.15
0.134172,-0.5270,-0.6149,0.6017,-1.68,13.16,-18.76
0.134769,-0.5251,-0.6173,0.6012,-1.82,14.98,-16.87
0.134769,-0.5280,-0.6173,0.6007,-1.61,13.16,-18.90
0.135362,-0.5295,-0.6188,0.6002,-1.75,14.35,-16.52
0.135959,-0.5261,-0.6198,0.5988,-1.54,13.44,-19.39
0.136556,-0.5251,-0.6217,0.5978,-1.61,14.42,-15.96
0.137153,-0.5275,-0.6251,0.5944,-1.54,14.07,-19.67
0.137750,-0.5285,-0.6251,0.5929,-1.61,14.42,-15.96
0.138347,-0.5270,-0.6227,0.5934,-1.96,14.42,-19.67
0.138944,-0.5251,-0.6227,0.5963,-1.19,14.00,-15.82
0.139541,-0.5256,-0.6237,0.5968,-2.17,14.21,-19.67
0.140138,-0.5270,-0.6276,0.5919,-0.91,14.49,-15.82
0.140735,-0.5285,-0.6290,0.5910,-2.52,14.42,-19.32
0.141332,-0.5256,-0.6271,0.5895,-1.05,14.56,-16.03
0.141929,-0.5217,-0.6251,0.5905,-2.31,14.00,-20.02
0.142526,-0.5231,-0.6256,0.5944,-0.63,15.05,-16.52
0.143123,-0.5217,-0.6266,0.5915,-1.96,14.21,-19.39
0.143720,-0.5192,-0.6281,0.5890,-1.05,15.33,-16.66
0.144317,-0.5202,-0.6281,0.5880,-1.96,14.28,-18.90
0.144914,-0.5212,-0.6266,0.5890,-1.26,15.26,-16.52
0.145511,-0.5187,-0.6295,0.5900,-1.89,14.91,-19.04
0.145511,-0.5192,-0.6285,0.5885,-0.91,14.84,-16.66
0.146104,-0.5207,-0.6266,0.5851,-1.75,15.12,-19.18
0.146701,-0.5231,-0.6281,0.5846,-0.84,15.12,-17.01
0.147298,-0.5251,-0.6305,0.5861,-1.82,15.26,-18.97
0.147895,-0.5236,-0.6295,0.5841,-0.91,15.33,-16.87
0.148492,-0.5236,-0.6271,0.5812,-1.89,15.47,-19.39
0.149089,-0.5236,-0.6266,0.5841,-0.84,15.19,-17.08
0.149686,-0.5207,-0.6305,0.5841,-1.75,15.89,-19.46
0.150283,-0.5192,-0.6324,0.5827,-0.42,15.26,-17.36
0.150880,-0.5192,-0.6310,0.5846,-1.75,16.24,-19.46
0.151477,-0.5192,-0.6329,0.5827,-0.70,15.05,-17.36
0.152074,-0.5183,-0.6315,0.5856,-1.54,16.38,-19.74
0.152671,-0.5173,-0.6285,0.5861,-0.42,14.98,-17.36
0.153268,-0.5192,-0.6290,0.5822,-1.54,16.73,-19.95
0.153865,-0.5217,-0.6305,0.5797,-0.42,15.19,-17.15
0.154462,-0.5217,-0.6290,0.5812,-1.12,16.66,-20.16
0.155059,-0.5236,-0.6246,0.5836,-0.56,15.33,-17.71
0.155656,-0.5236,-0.6271,0.5827,-1.26,16.87,-20.02
0.156253,-0.5226,-0.6300,0.5793,-0.49,15.54,-17.71
0.157226,-0.5197,-0.6285,0.5783,-0.98,17.15,-20.51
0.157823,-0.5187,-0.6300,0.5744,-0.42,15.75,-17.71
0.158420,-0.5212,-0.6320,0.5724,-0.77,17.08,-20.51
0.159017,-0.5212,-0.6324,0.5739,-0.07,16.66,-17.92
0.159614,-0.5226,-0.6334,0.5724,-0.35,17.01,-20.37
0.160211,-0.5226,-0.6320,0.5685,-0.07,16.52,-18.27
0.160808,-0.5207,-0.6310,0.5656,-0.70,16.59,-20.16
0.161405,-0.5197,-0.6310,0.5705,0.07,17.01,-18.48
0.162002,-0.5192,-0.6315,0.5729,-0.35,16.66,-19.95
0.162599,-0.5153,-0.6349,0.5734,0.28,17.29,-19.46
0.163196,-0.5148,-0.6315,0.5675,-0.42,16.52,-19.46
0.163793,-0.5114,-0.6324,0.5675,-0.14,16.80,-19.46
0.164390,-0.5090,-0.6368,0.5705,0.42,17.50,-20.16
0.164987,-0.5100,-0.6368,0.5719,-0.35,17.99,-19.67
0.165584,-0.5070,-0.6354,0.5695,0.70,17.57,-19.95
0.166181,-0.5085,-0.6364,0.5666,-0.07,17.85,-19.18
0.166778,-0.5119,-0.6393,0.5656,0.84,17.78,-20.30
0.167375,-0.5090,-0.6388,0.5656,0.63,17.85,-19.46
0.167972,-0.5090,-0.6378,0.5656,0.70,17.99,-20.44
0.167972,-0.5070,-0.6383,0.5627,1.05,18.27,-19.53
0.168565,-0.5051,-0.6407,0.5612,0.77,18.62,-20.65
0.169162,-0.5022,-0.6412,0.5622,1.33,18.20,-19.60
0.169759,-0.4997,-0.6412,0.5607,0.70,18.97,-20.44
0.170356,-0.5017,-0.6422,0.5578,1.54,18.48,-19.81
0.170953,-0.5041,-0.6442,0.5553,0.70,18.97,-20.65
0.171550,-0.5041,-0.6471,0.5592,1.96,18.76,-19.39
0.172147,-0.4987,-0.6471,0.5612,0.49,19.53,-20.65
0.172744,-0.4948,-0.6471,0.5592,2.31,18.90,-19.39
0.173341,-0.4968,-0.6481,0.5568,0.70,19.32,-20.30
0.173938,-0.4973,-0.6539,0.5529,2.38,19.39,-19.67
0.174535,-0.4978,-0.6539,0.5544,1.05,19.88,-21.14
0.175132,-0.4968,-0.6544,0.5553,2.45,19.46,-18.97
0.175729,-0.4958,-0.6603,0.5534,1.68,19.81,-21.42
0.176326,-0.4943,-0.6603,0.5529,2.66,19.60,-19.18
0.176923,-0.4924,-0.6573,0.5514,2.17,20.16,-21.63
0.177520,-0.4953,-0.6593,0.5524,2.73,19.81,-19.04
0.178117,-0.4953,-0.6632,0.5524,2.52,20.65,-21.21
0.178714,-0.4919,-0.6642,0.5475,3.01,20.09,-19.39
0.179687,-0.4914,-0.6656,0.5495,3.01,21.21,-21.49
0.180284,-0.4924,-0.6666,0.5529,3.01,20.37,-19.04
0.180881,-0.4914,-0.6705,0.5495,3.29,21.35,-21.77
0.181478,-0.4895,-0.6715,0.5456,3.92,20.58,-19.18
0.182075,-0.4900,-0.6705,0.5441,3.36,21.91,-21.77
0.182672,-0.4890,-0.6754,0.5441,3.99,20.93,-19.04
0.183269,-0.4875,-0.6788,0.5441,3.64,22.19,-22.19
0.183866,-0.4880,-0.6798,0.5456,4.62,21.07,-18.90
0.184463,-0.4904,-0.6798,0.5470,3.78,22.47,-21.42
0.185060,-0.4875,-0.6788,0.5417,4.83,21.63,-19.18
0.185657,-0.4802,-0.6812,0.5422,4.48,22.75,-21.91
0.186254,-0.4817,-0.6847,0.5407,5.46,21.56,-19.25
0.186851,-0.4851,-0.6861,0.5402,4.83,23.31,-22.33
0.187448,-0.4831,-0.6895,0.5446,5.67,22.05,-18.55
0.188045,-0.4792,-0.6915,0.5441,4.97,23.66,-22.05
0.188642,-0.4753,-0.6920,0.5431,6.37,22.61,-19.25
0.189239,-0.4773,-0.6949,0.5431,5.39,24.22,-21.63
0.189836,-0.4787,-0.6969,0.5446,6.79,22.96,-19.74
0.190433,-0.4743,-0.6983,0.5456,5.81,24.43,-21.28
0.190433,-0.4729,-0.7003,0.5470,6.93,23.52,-19.60
0.191026,-0.4753,-0.7022,0.5446,6.30,24.64,-21.14
0.191623,-0.4734,-0.7056,0.5451,7.63,23.94,-20.44
0.192220,-0.4748,-0.7096,0.5475,6.16,25.20,-20.72
0.192817,-0.4738,-0.7120,0.5466,8.19,24.36,-20.51
0.193414,-0.4695,-0.7139,0.5456,7.28,25.41,-20.86
0.194011,-0.4680,-0.7154,0.5451,8.61,24.92,-20.79
0.194608,-0.4675,-0.7193,0.5466,7.77,25.55,-20.79
0.195205,-0.4680,-0.7257,0.5480,8.61,25.41,-21.14
0.195802,-0.4636,-0.7281,0.5461,8.75,26.53,-20.86
0.196399,-0.4607,-0.7315,0.5456,9.10,25.62,-21.28
0.196996,-0.4592,-0.7340,0.5441,9.17,27.02,-20.65
0.197593,-0.4568,-0.7359,0.5495,9.38,25.97,-21.84
0.198190,-0.4553,-0.7398,0.5495,9.59,27.44,-20.30
0.198787,-0.4538,-0.7422,0.5505,10.22,26.39,-22.19
0.199384,-0.4509,-0.7442,0.5475,10.43,28.21,-20.44
0.199981,-0.4460,-0.7466,0.5451,10.57,26.81,-22.19
0.200578,-0.4460,-0.7505,0.5441,10.99,29.26,-20.93
0.201175,-0.4485,-0.7549,0.5417,11.62,26.60,-22.68
0.201175,-0.4446,-0.7593,0.5422,11.41,30.17,-20.58
0.201769,-0.4412,-0.7603,0.5427,12.32,27.16,-22.75
0.202366,-0.4407,-0.7637,0.5436,12.11,30.38,-21.14
0.202963,-0.4402,-0.7681,0.5475,12.74,28.14,-23.10
0.203560,-0.4392,-0.7710,0.5466,12.67,30.66,-21.00
0.204157,-0.4387,-0.7730,0.5446,13.44,28.70,-23.45
0.204754,-0.4377,-0.7769,0.5456,13.44,31.43,-20.86
0.205351,-0.4387,-0.7852,0.5490,13.79,29.12,-23.73
0.205948,-0.4368,-0.7876,0.5490,14.35,31.43,-21.21
0.206545,-0.4299,-0.7881,0.5446,14.35,30.52,-24.29
0.207142,-0.4290,-0.7901,0.5436,15.47,32.13,-21.70
0.207739,-0.4299,-0.7935,0.5480,14.56,31.15,-24.36
0.208336,-0.4299,-0.7954,0.5446,15.68,32.20,-25.13
0.208933,-0.4338,-0.8047,0.5461,17.08,32.97,-22.26
0.209530,-0.4319,-0.8081,0.5514,15.54,33.04,-25.34
0.210127,-0.4309,-0.8091,0.5495,18.69,33.04,-22.68
0.210724,-0.4314,-0.8081,0.5510,16.24,33.81,-25.69
0.211321,-0.4294,-0.8091,0.5539,18.97,33.60,-22.75
0.211918,-0.4280,-0.8111,0.5553,17.15,34.86,-26.74
0.212890,-0.4285,-0.8140,0.5563,19.88,34.09,-23.24
0.213487,-0.4275,-0.8159,0.5539,17.99,35.35,-26.88
0.214084,-0.4246,-0.8164,0.5514,20.44,34.93,-23.94
0.214681,-0.4265,-0.8194,0.5534,18.62,36.12,-27.23
0.215278,-0.4304,-0.8223,0.5539,21.35,35.49,-24.85
0.215875,-0.4275,-0.8257,0.5588,19.60,36.54,-27.30
0.216472,-0.4260,-0.8301,0.5622,21.84,36.19,-25.90
0.217069,-0.4294,-0.8325,0.5602,20.93,37.10,-27.86
0.217666,-0.4299,-0.8325,0.5578,22.26,37.03,-26.32
0.218263,-0.4280,-0.8301,0.5563,22.05,37.87,-28.35
0.218860,-0.4275,-0.8286,0.5592,22.89,37.94,-27.30
0.219457,-0.4304,-0.8316,0.5612,23.03,38.64,-28.56
0.220054,-0.4319,-0.8325,0.5617,23.24,38.57,-28.42
0.220651,-0.4309,-0.8325,0.5607,24.01,38.99,-28.70
0.221248,-0.4353,-0.8345,0.5602,23.87,39.13,-28.98
0.221845,-0.4387,-0.8364,0.5622,25.20,39.90,-29.96
0.222442,-0.4377,-0.8369,0.5602,24.64,40.04,-29.61
0.223039,-0.4377,-0.8345,0.5602,25.69,40.11,-30.10
0.223636,-0.4397,-0.8364,0.5622,24.85,40.74,-30.45
0.224609,-0.4412,-0.8379,0.5636,26.74,40.88,-30.03
0.225206,-0.4455,-0.8320,0.5646,25.97,40.74,-31.43
0.225803,-0.4509,-0.8320,0.5583,27.23,41.86,-31.22
0.226400,-0.4490,-0.8350,0.5573,27.16,41.30,-31.99
0.226997,-0.4465,-0.8355,0.5607,27.86,42.49,-31.57
0.227594,-0.4485,-0.8340,0.5597,28.00,41.51,-32.62
0.228191,-0.4509,-0.8316,0.5568,28.21,42.84,-32.62
0.228788,-0.4524,-0.8340,0.5549,28.91,42.14,-33.32
0.229385,-0.4514,-0.8369,0.5563,28.42,43.96,-33.25
0.229982,-0.4529,-0.8364,0.5553,29.68,42.84,-33.95
0.230579,-0.4573,-0.8316,0.5573,29.40,44.03,-33.74
0.231176,-0.4577,-0.8306,0.5558,30.31,44.24,-34.37
0.231773,-0.4573,-0.8237,0.5539,30.59,44.31,-34.93
0.232370,-0.4592,-0.8223,0.5573,31.01,44.87,-35.21
0.232967,-0.4621,-0.8228,0.5563,31.50,45.01,-35.70
0.233564,-0.4646,-0.8208,0.5558,31.64,45.29,-35.77
0.234161,-0.4665,-0.8208,0.5544,31.78,45.43,-36.75
0.234758,-0.4680,-0.8208,0.5524,32.48,45.29,-35.91
0.235355,-0.4719,-0.8164,0.5544,32.20,46.13,-36.89
0.236328,-0.4758,-0.8125,0.5514,32.90,45.64,-36.40
0.236925,-0.4778,-0.8115,0.5500,33.04,45.92,-37.52
0.237522,-0.4787,-0.8120,0.5553,33.74,46.55,-37.38
0.238119,-0.4836,-0.8140,0.5529,33.32,46.34,-37.17
0.238716,-0.4865,-0.8091,0.5475,34.23,47.32,-38.29
0.239313,-0.4851,-0.8062,0.5480,34.16,46.83,-37.87
0.239910,-0.4856,-0.8018,0.5475,34.79,47.74,-38.92
0.240507,-0.4885,-0.7979,0.5495,34.79,47.25,-38.15
0.241104,-0.4909,-0.7984,0.5500,35.00,47.74,-39.20
0.241701,-0.4890,-0.7920,0.5466,35.42,47.74,-38.71
0.242298,-0.4919,-0.7896,0.5466,35.49,48.30,-39.69
0.242895,-0.4919,-0.7906,0.5461,35.98,47.74,-39.06
0.243492,-0.4943,-0.7891,0.5441,35.91,48.44,-40.39
0.244089,-0.4982,-0.7847,0.5427,36.12,48.79,-38.92
0.244686,-0.4963,-0.7823,0.5427,36.61,48.51,-40.74
0.245283,-0.4958,-0.7852,0.5441,36.47,49.14,-39.34
0.245880,-0.4997,-0.7857,0.5456,37.10,48.58,-41.09
0.246477,-0.5036,-0.7818,0.5461,36.82,49.49,-39.90
0.247074,-0.5051,-0.7793,0.5456,37.24,48.72,-41.02
0.247074,-0.5070,-0.7759,0.5446,37.03,49.70,-39.90
0.247667,-0.5095,-0.7706,0.5412,37.59,48.72,-41.37
0.248264,-0.5119,-0.7666,0.5373,37.59,50.12,-40.74
0.248861,-0.5114,-0.7657,0.5427,37.66,49.21,-41.58
0.249458,-0.5134,-0.7662,0.5422,37.87,50.05,-40.74
0.250055,-0.5153,-0.7647,0.5373,37.87,49.00,-41.86
0.250652,-0.5148,-0.7613,0.5363,37.94,50.54,-41.02
0.251249,-0.5139,-0.7584,0.5368,38.08,49.98,-42.42
0.251846,-0.5124,-0.7554,0.5407,38.92,50.75,-41.44
0.252443,-0.5168,-0.7544,0.5427,38.01,50.05,-42.70
0.253040,-0.5226,-0.7554,0.5412,39.20,50.75,-41.65
0.253637,-0.5222,-0.7549,0.5402,38.57,50.12,-42.42
0.254234,-0.5192,-0.7515,0.5348,39.20,50.68,-41.44
0.254831,-0.5187,-0.7476,0.5339,38.43,50.75,-42.98
0.255428,-0.5226,-0.7486,0.5363,39.55,50.89,-41.51
0.256025,-0.5270,-0.7471,0.5363,38.78,50.96,-43.47
0.256622,-0.5270,-0.7398,0.5373,39.76,50.75,-41.58
0.257219,-0.5285,-0.7393,0.5383,38.92,50.89,-43.54
0.257816,-0.5280,-0.7427,0.5388,39.55,51.17,-41.65
0.257816,-0.5290,-0.7418,0.5378,38.99,51.10,-43.12
0.258409,-0.5324,-0.7408,0.5397,39.83,51.24,-41.86
0.259006,-0.5324,-0.7379,0.5407,39.48,51.10,-43.19
0.259603,-0.5314,-0.7340,0.5402,39.55,51.31,-41.86
0.260200,-0.5314,-0.7344,0.5422,39.13,51.31,-43.40
0.260797,-0.5295,-0.7330,0.5422,39.76,51.17,-42.00
0.261394,-0.5295,-0.7325,0.5397,39.48,51.73,-43.89
0.261991,-0.5305,-0.7354,0.5397,39.62,51.31,-42.21
0.262588,-0.5280,-0.7364,0.5427,39.62,51.52,-43.82
0.263185,-0.5290,-0.7320,0.5451,39.62,51.45,-42.35
0.263782,-0.5300,-0.7286,0.5461,39.55,52.01,-43.54
0.264379,-0.5309,-0.7276,0.5475,39.83,52.36,-44.03
0.264976,-0.5314,-0.7252,0.5466,39.76,51.17,-42.63
0.265573,-0.5300,-0.7232,0.5475,39.55,52.29,-43.26
0.266170,-0.5295,-0.7208,0.5470,39.83,51.45,-42.77
0.266767,-0.5280,-0.7198,0.5441,39.55,52.36,-43.26
0.267364,-0.5236,-0.7208,0.5466,39.62,51.87,-43.05
0.267961,-0.5236,-0.7232,0.5505,39.62,52.29,-43.19
0.268558,-0.5236,-0.7237,0.5539,39.48,52.08,-43.61
0.269531,-0.5236,-0.7208,0.5524,39.69,52.78,-43.26
0.270128,-0.5222,-0.7208,0.5485,38.92,52.36,-43.33
0.270725,-0.5222,-0.7227,0.5500,39.97,52.50,-43.26
0.271322,-0.5207,-0.7232,0.5524,38.92,52.64,-43.61
0.271919,-0.5134,-0.7237,0.5519,39.69,52.36,-43.12
0.272516,-0.5168,-0.7222,0.5519,38.99,53.06,-43.89
0.273113,-0.5192,-0.7227,0.5524,39.62,52.29,-42.84
0.273710,-0.5148,-0.7266,0.5510,38.78,53.48,-44.17
0.274307,-0.5134,-0.7261,0.5514,39.83,52.29,-42.63
0.274904,-0.5104,-0.7227,0.5505,38.57,53.34,-43.75
0.275501,-0.5104,-0.7242,0.5534,39.76,52.22,-42.98
0.276098,-0.5075,-0.7261,0.5553,38.08,53.62,-43.68
0.276695,-0.5031,-0.7247,0.5549,39.62,52.78,-43.05
0.277292,-0.4997,-0.7232,0.5553,38.08,53.69,-43.54
0.277889,-0.4963,-0.7218,0.5544,39.34,53.20,-43.05
0.278486,-0.5031,-0.7232,0.5529,38.29,53.62,-43.12
0.279083,-0.5051,-0.7257,0.5529,38.78,53.76,-43.40
0.279680,-0.4973,-0.7266,0.5563,38.64,53.76,-43.19
0.280277,-0.4924,-0.7257,0.5578,38.36,54.25,-43.47
0.281250,-0.4890,-0.7252,0.5592,38.43,53.55,-42.70
0.281847,-0.4909,-0.7271,0.5597,38.22,53.90,-43.47
0.282444,-0.4924,-0.7300,0.5578,38.50,54.46,-43.61
0.283041,-0.4851,-0.7340,0.5563,38.08,54.32,-42.98
0.283638,-0.4821,-0.7335,0.5578,38.57,54.60,-43.40
0.284235,-0.4826,-0.7349,0.5612,37.94,54.46,-43.05
0.284832,-0.4792,-0.7364,0.5622,38.43,54.67,-43.61
0.285429,-0.4787,-0.7335,0.5592,37.52,55.16,-42.56
0.286026,-0.4807,-0.7320,0.5622,38.43,54.18,-43.54
0.286623,-0.4782,-0.7344,0.5612,37.31,55.30,-42.98
0.287220,-0.4743,-0.7393,0.5583,38.15,54.88,-43.40
0.287817,-0.4719,-0.7374,0.5666,37.45,54.95,-42.98
0.288414,-0.4699,-0.7340,0.5636,37.87,55.02,-43.68
0.289011,-0.4743,-0.7393,0.5617,38.01,55.44,-43.05
0.289608,-0.4695,-0.7359,0.5636,36.89,56.07,-43.33
0.290205,-0.4670,-0.7340,0.5646,37.10,55.93,-42.98
0.290802,-0.4656,-0.7379,0.5656,36.96,56.35,-43.33
0.291399,-0.4626,-0.7398,0.5675,37.24,55.93,-43.40
0.291996,-0.4621,-0.7369,0.5666,36.96,56.98,-43.33
0.291996,-0.4656,-0.7388,0.5661,36.82,56.28,-43.33
0.292589,-0.4660,-0.7422,0.5651,36.82,57.19,-43.54
0.293186,-0.4651,-0.7418,0.5661,36.75,56.70,-43.68
0.293783,-0.4641,-0.7403,0.5685,36.33,57.40,-43.26
0.294380,-0.4612,-0.7388,0.5671,36.61,56.91,-43.61
0.294977,-0.4616,-0.7393,0.5675,36.26,57.54,-43.61
0.295574,-0.4592,-0.7398,0.5705,36.68,57.47,-44.38
0.296171,-0.4573,-0.7422,0.5685,35.70,58.03,-43.61
0.296768,-0.4553,-0.7437,0.5646,36.33,57.75,-44.31
0.297365,-0.4558,-0.7437,0.5651,35.77,58.17,-43.68
0.297962,-0.4573,-0.7452,0.5695,36.12,57.96,-43.96
0.298559,-0.4524,-0.7452,0.5710,35.56,58.94,-44.52
0.299156,-0.4514,-0.7466,0.5714,35.98,58.31,-43.75
0.299753,-0.4524,-0.7471,0.5763,35.49,59.22,-44.94
0.300350,-0.4490,-0.7462,0.5778,35.63,59.01,-44.24
0.300947,-0.4460,-0.7471,0.5739,35.14,59.29,-44.59
0.301544,-0.4446,-0.7462,0.5724,35.49,59.50,-44.38
0.302141,-0.4446,-0.7447,0.5744,35.07,59.50,-45.15
0.302738,-0.4470,-0.7462,0.5754,35.14,60.20,-44.80
0.303711,-0.4475,-0.7447,0.5729,35.28,59.43,-45.36
0.304308,-0.4460,-0.7457,0.5763,34.72,60.62,-44.52
0.304905,-0.4455,-0.7471,0.5778,35.21,59.99,-45.78
0.305502,-0.4426,-0.7457,0.5739,34.23,61.18,-44.45
0.306099,-0.4407,-0.7471,0.5734,35.00,60.13,-46.13
0.306696,-0.4412,-0.7466,0.5690,33.88,61.53,-44.45
0.307293,-0.4402,-0.7447,0.5705,34.51,60.55,-46.06
0.307890,-0.4368,-0.7457,0.5768,33.88,61.46,-44.59
0.308487,-0.4358,-0.7452,0.5773,34.44,61.04,-46.62
0.309084,-0.4338,-0.7447,0.5734,34.16,61.67,-44.73
0.309681,-0.4329,-0.7462,0.5714,33.67,61.53,-46.83
0.310278,-0.4343,-0.7452,0.5690,34.02,62.30,-44.52
0.310875,-0.4377,-0.7427,0.5680,34.02,62.09,-44.73
0.311472,-0.4377,-0.7413,0.5690,32.69,62.65,-47.32
0.312069,-0.4372,-0.7403,0.5734,34.09,62.86,-45.01
0.312666,-0.4363,-0.7427,0.5744,32.48,62.93,-47.18
0.313263,-0.4314,-0.7403,0.5734,33.53,63.42,-45.78
0.313860,-0.4319,-0.7408,0.5680,32.13,62.93,-46.76
0.314457,-0.4329,-0.7403,0.5666,33.53,63.77,-45.85
0.315429,-0.4299,-0.7369,0.5719,31.57,63.49,-46.76
0.316026,-0.4304,-0.7408,0.5705,33.04,63.77,-45.85
0.316623,-0.4333,-0.7432,0.5685,31.85,64.05,-47.39
0.317220,-0.4324,-0.7442,0.5695,32.48,64.40,-45.71
0.317817,-0.4309,-0.7432,0.5641,31.57,64.54,-47.39
0.318414,-0.4309,-0.7398,0.5646,32.20,64.61,-46.48
0.319011,-0.4319,-0.7437,0.5680,31.29,65.03,-47.04
0.319608,-0.4304,-0.7432,0.5641,32.06,65.17,-46.13
0.320205,-0.4270,-0.7403,0.5617,31.22,65.17,-47.18
0.320802,-0.4246,-0.7452,0.5622,31.64,65.52,-46.55
0.321399,-0.4255,-0.7471,0.5632,30.80,65.52,-46.83
0.321996,-0.4290,-0.7442,0.5666,31.29,65.66,-47.11
0.322593,-0.4285,-0.7447,0.5671,30.38,66.08,-46.97
0.323190,-0.4270,-0.7442,0.5636,30.94,65.52,-47.11
0.323787,-0.4255,-0.7427,0.5651,30.59,66.78,-47.32
0.324384,-0.4270,-0.7447,0.5641,30.17,65.87,-46.55
0.324981,-0.4275,-0.7442,0.5573,30.31,67.13,-47.39
0.325578,-0.4275,-0.7452,0.5578,29.96,65.66,-46.62
0.326175,-0.4280,-0.7471,0.5592,30.03,67.48,-47.18
0.326175,-0.4294,-0.7481,0.5602,29.33,66.15,-46.62
0.326769,-0.4280,-0.7476,0.5627,30.17,67.55,-47.53
0.327366,-0.4241,-0.7481,0.5627,29.12,66.71,-46.97
0.327963,-0.4241,-0.7505,0.5641,29.82,68.18,-47.39
0.328560,-0.4236,-0.7496,0.5656,28.56,67.41,-46.76
0.329157,-0.4280,-0.7501,0.5661,29.68,67.90,-47.25
0.329754,-0.4294,-0.7496,0.5627,28.14,67.55,-46.83
0.330351,-0.4246,-0.7476,0.5617,29.54,68.25,-47.32
0.330948,-0.4241,-0.7496,0.5666,27.79,68.25,-47.11
0.331545,-0.4246,-0.7515,0.5680,29.61,68.25,-47.25
0.332142,-0.4221,-0.7525,0.5656,27.23,68.74,-47.32
0.332739,-0.4246,-0.7554,0.5617,29.47,68.60,-46.69
0.333336,-0.4275,-0.7549,0.5597,27.30,69.09,-47.60
0.333933,-0.4265,-0.7515,0.5602,28.63,68.39,-46.41
0.334530,-0.4241,-0.7505,0.5627,27.02,69.44,-47.11
0.335127,-0.4211,-0.7505,0.5622,28.14,69.16,-46.27
0.335724,-0.4158,-0.7530,0.5636,27.02,69.51,-47.39
0.336321,-0.4168,-0.7544,0.5666,27.65,69.16,-46.48
0.336918,-0.4197,-0.7559,0.5656,27.09,69.72,-47.60
0.336918,-0.4163,-0.7588,0.5695,27.02,69.65,-46.34
0.337511,-0.4153,-0.7559,0.5680,27.23,70.00,-47.11
0.338108,-0.4177,-0.7540,0.5641,26.53,69.79,-46.27
0.338705,-0.4177,-0.7520,0.5700,26.95,70.28,-47.18
0.339302,-0.4163,-0.7486,0.5719,26.04,70.21,-46.20
0.339899,-0.4172,-0.7496,0.5661,26.60,70.35,-46.76
0.340496,-0.4133,-0.7501,0.5656,26.11,70.49,-46.20
0.341093,-0.4070,-0.7491,0.5705,26.39,70.35,-46.62
0.341690,-0.4089,-0.7501,0.5705,25.48,71.12,-46.69
0.342287,-0.4124,-0.7491,0.5700,26.32,70.63,-46.13
0.342884,-0.4104,-0.7466,0.5675,25.06,71.61,-46.90
0.343481,-0.4075,-0.7476,0.5680,26.04,70.63,-45.71
0.344078,-0.4070,-0.7481,0.5695,25.34,71.54,-47.11
0.344675,-0.4104,-0.7447,0.5651,25.20,71.05,-45.22
0.345272,-0.4080,-0.7457,0.5646,24.71,72.24,-47.25
0.345869,-0.4055,-0.7476,0.5666,24.92,71.40,-45.15
0.346466,-0.4070,-0.7476,0.5680,24.50,72.24,-46.97
0.347063,-0.4070,-0.7505,0.5656,24.57,71.54,-45.22
0.347660,-0.4060,-0.7501,0.5612,24.29,72.10,-46.69
0.348632,-0.4031,-0.7462,0.5622,24.29,71.68,-44.87
0.349229,-0.4031,-0.7442,0.5656,24.01,72.59,-47.25
0.349826,-0.4036,-0.7437,0.5641,23.73,71.89,-44.73
0.350423,-0.4021,-0.7447,0.5617,23.73,72.45,-47.11
0.351020,-0.4036,-0.7462,0.5583,23.17,72.38,-44.24
0.351617,-0.4036,-0.7471,0.5583,23.45,72.66,-47.60
0.352214,-0.3987,-0.7437,0.5597,23.24,72.52,-43.96
0.352811,-0.3982,-0.7427,0.5573,22.75,72.94,-47.53
0.353408,-0.4021,-0.7418,0.5573,22.96,72.80,-43.54
0.354005,-0.4021,-0.7374,0.5578,22.40,73.01,-48.09
0.354602,-0.3992,-0.7364,0.5563,22.54,72.94,-43.40
0.355199,-0.3997,-0.7359,0.5558,21.84,73.15,-47.32
0.355796,-0.4036,-0.7359,0.5563,22.19,73.64,-43.89
0.356393,-0.4026,-0.7383,0.5529,21.00,72.87,-46.41
0.356990,-0.4002,-0.7379,0.5563,22.40,73.85,-43.96
0.357587,-0.3963,-0.7364,0.5558,20.79,73.29,-46.48
0.358184,-0.3938,-0.7354,0.5553,21.98,73.99,-43.89
0.358781,-0.3953,-0.7330,0.5539,20.51,73.29,-45.99
0.359378,-0.3958,-0.7305,0.5490,21.21,73.99,-43.89
0.359378,-0.3948,-0.7286,0.5519,20.16,73.15,-46.06
0.359972,-0.3953,-0.7276,0.5529,21.07,74.48,-44.10
0.360569,-0.3987,-0.7261,0.5514,19.60,73.22,-45.85
0.361166,-0.3982,-0.7257,0.5495,20.58,74.55,-43.96
0.361763,-0.3997,-0.7247,0.5500,19.81,73.36,-45.43
0.362360,-0.3972,-0.7222,0.5505,19.88,75.04,-44.24
0.362957,-0.3958,-0.7222,0.5446,19.39,73.29,-44.87
0.363554,-0.3987,-0.7218,0.5422,19.46,74.97,-44.38
0.364151,-0.3997,-0.7174,0.5470,19.25,73.36,-44.52
0.364748,-0.3987,-0.7164,0.5475,18.69,74.83,-44.03
0.365345,-0.3967,-0.7174,0.5407,18.90,73.99,-44.38
0.365942,-0.3987,-0.7110,0.5441,18.41,74.34,-44.17
0.366539,-0.3997,-0.7159,0.5392,17.85,74.13,-43.89
0.367136,-0.3972,-0.7130,0.5378,17.57,74.62,-44.03
0.367733,-0.3948,-0.7086,0.5412,17.15,74.20,-43.89
0.368330,-0.3943,-0.7100,0.5358,17.50,74.76,-43.61
0.368927,-0.3948,-0.7047,0.5344,16.87,74.55,-43.26
0.369524,-0.3958,-0.7013,0.5363,16.87,74.62,-43.47
0.370121,-0.3943,-0.7066,0.5363,16.38,74.76,-43.05
0.371093,-0.3943,-0.7086,0.5358,16.66,74.48,-43.61
0.371690,-0.3958,-0.7061,0.5358,15.61,74.83,-43.19
0.372287,-0.3948,-0.7047,0.5344,16.38,74.34,-43.47
0.372884,-0.3928,-0.7017,0.5295,15.19,75.25,-42.77
0.373481,-0.3928,-0.7003,0.5295,16.24,74.34,-43.47
0.374078,-0.3909,-0.7027,0.5314,14.70,75.11,-42.70
0.374675,-0.3938,-0.7037,0.5324,15.47,74.20,-42.84
0.375272,-0.3938,-0.7013,0.5314,14.14,75.18,-42.49
0.375869,-0.3870,-0.6978,0.5300,15.26,74.27,-42.77
0.376466,-0.3880,-0.6969,0.5295,13.58,75.18,-42.28
0.377063,-0.3889,-0.6983,0.5300,15.19,73.92,-42.84
0.377660,-0.3889,-0.7027,0.5261,13.23,75.46,-42.14
0.378257,-0.3909,-0.7017,0.5266,14.56,74.06,-42.56
0.378854,-0.3899,-0.6993,0.5266,13.16,75.25,-42.42
0.379451,-0.3850,-0.7003,0.5236,13.44,73.85,-42.07
0.380048,-0.3841,-0.7017,0.5231,13.37,75.18,-42.00
0.380645,-0.3865,-0.7042,0.5226,12.60,73.99,-41.58
0.381242,-0.3865,-0.7008,0.5222,13.02,75.18,-41.65
0.381839,-0.3870,-0.6974,0.5217,12.25,73.78,-41.30
0.382812,-0.3870,-0.7013,0.5226,12.95,74.76,-41.65
0.383409,-0.3855,-0.7061,0.5212,11.97,73.71,-41.37
0.384006,-0.3865,-0.7096,0.5226,12.04,75.04,-41.65
0.384603,-0.3850,-0.7096,0.5217,11.62,73.64,-41.09
0.385200,-0.3850,-0.7076,0.5207,11.83,75.25,-42.00
0.385797,-0.3870,-0.7076,0.5217,11.62,73.43,-40.39
0.386394,-0.3845,-0.7096,0.5202,11.34,75.11,-41.93
0.386991,-0.3850,-0.7120,0.5187,11.55,73.36,-40.32
0.387588,-0.3836,-0.7115,0.5173,10.43,74.97,-41.09
0.388185,-0.3816,-0.7096,0.5178,11.55,73.22,-40.18
0.388782,-0.3831,-0.7096,0.5178,10.22,74.34,-40.88
0.389379,-0.3855,-0.7100,0.5144,11.06,73.57,-39.83
0.389976,-0.3845,-0.7100,0.5109,10.01,74.34,-41.16
0.390573,-0.3811,-0.7115,0.5129,10.78,73.85,-39.69
0.391170,-0.3797,-0.7139,0.5114,10.15,73.99,-40.60
0.391767,-0.3787,-0.7130,0.5119,10.22,73.78,-39.41
0.392364,-0.3758,-0.7169,0.5148,10.08,73.92,-39.83
0.392961,-0.3694,-0.7169,0.5104,10.01,74.06,-39.06
0.393558,-0.3704,-0.7149,0.5090,9.66,73.36,-39.41
0.393558,-0.3728,-0.7178,0.5114,9.52,73.85,-38.78
0.394151,-0.3699,-0.7208,0.5085,9.45,73.22,-38.92
0.394748,-0.3675,-0.7198,0.5041,9.87,73.71,-38.99
0.395345,-0.3626,-0.7203,0.5090,8.75,73.36,-37.94
0.395942,-0.3592,-0.7252,0.5090,9.80,73.43,-38.92
0.396539,-0.3621,-0.7271,0.5056,8.61,73.22,-37.59
0.397136,-0.3636,-0.7291,0.5056,9.52,73.22,-39.27
0.397733,-0.3631,-0.7296,0.5085,8.19,73.36,-37.03
0.398330,-0.3621,-0.7281,0.5095,9.52,73.36,-38.78
0.398927,-0.3601,-0.7315,0.5070,8.33,73.22,-36.61
0.399524,-0.3606,-0.7325,0.5080,9.38,73.01,-38.57
0.400121,-0.3592,-0.7330,0.5085,8.12,73.08,-36.26
0.400718,-0.3558,-0.7383,0.5017,8.47,72.73,-36.12
0.401315,-0.3523,-0.7374,0.4992,8.75,73.29,-37.87
0.401912,-0.3494,-0.7398,0.5036,8.40,73.15,-35.98
0.402509,-0.3518,-0.7403,0.5017,8.75,73.01,-37.31
0.403106,-0.3494,-0.7432,0.4997,8.47,72.59,-35.42
0.403703,-0.3426,-0.7466,0.4997,8.61,72.94,-36.96
0.404300,-0.3436,-0.7486,0.5031,8.40,72.45,-35.14
0.405273,-0.3426,-0.7505,0.5041,7.77,72.94,-35.98
0.405870,-0.3406,-0.7530,0.5017,8.96,72.31,-34.93
0.406467,-0.3416,-0.7540,0.4982,7.98,72.87,-35.70
0.407064,-0.3387,-0.7549,0.4953,8.47,72.73,-34.44
0.407661,-0.3343,-0.7584,0.4992,8.61,72.66,-35.28
0.408258,-0.3304,-0.7613,0.5002,8.68,71.96,-34.37
0.408855,-0.3299,-0.7637,0.4992,8.26,72.94,-34.86
0.409452,-0.3318,-0.7676,0.5002,8.75,72.24,-34.51
0.410049,-0.3328,-0.7715,0.5012,8.61,72.45,-33.88
0.410646,-0.3328,-0.7706,0.5017,8.68,72.38,-34.30
0.411243,-0.3299,-0.7730,0.5012,9.17,72.38,-34.02
0.411840,-0.3284,-0.7774,0.5017,8.33,72.45,-33.88
0.412437,-0.3299,-0.7788,0.5056,9.66,71.68,-34.23
0.413034,-0.3294,-0.7837,0.5061,8.33,72.45,-33.53
0.413631,-0.3309,-0.7857,0.5041,9.66,71.82,-33.39
0.414228,-0.3343,-0.7871,0.5022,8.26,72.52,-33.11
0.414825,-0.3338,-0.7945,0.5041,9.87,71.82,-32.90
0.415422,-0.3362,-0.7969,0.5080,9.03,72.03,-32.69
0.416019,-0.3401,-0.7940,0.5095,9.73,71.75,-32.83
0.416019,-0.3377,-0.7964,0.5080,9.38,72.10,-32.34
0.416612,-0.3372,-0.7998,0.5046,9.87,71.75,-32.76
0.417209,-0.3387,-0.8032,0.5051,9.80,71.96,-32.41
0.417806,-0.3392,-0.8101,0.5104,9.66,71.89,-32.20
0.418403,-0.3377,-0.8115,0.5129,10.50,71.47,-32.34
0.419000,-0.3348,-0.8101,0.5090,9.73,72.17,-32.55
0.419597,-0.3362,-0.8111,0.5100,10.99,71.05,-31.71
0.420194,-0.3377,-0.8115,0.5119,9.66,71.75,-32.20
0.420791,-0.3348,-0.8140,0.5090,11.34,70.98,-31.43
0.421388,-0.3353,-0.8174,0.5109,10.22,71.40,-32.41
0.421985,-0.3387,-0.8194,0.5148,11.83,70.21,-31.08
0.422582,-0.3401,-0.8198,0.5144,10.43,71.75,-32.76
0.423179,-0.3411,-0.8237,0.5144,11.90,70.56,-30.87
0.423776,-0.3411,-0.8257,0.5139,10.92,71.68,-32.69
0.424373,-0.3396,-0.8272,0.5173,12.25,70.14,-31.15
0.424970,-0.3401,-0.8306,0.5202,11.06,71.47,-32.34
0.425567,-0.3392,-0.8301,0.5168,12.74,69.72,-31.01
0.426164,-0.3372,-0.8301,0.5148,11.69,70.91,-32.83
0.426761,-0.3372,-0.8320,0.5158,12.60,69.93,-30.87
0.427734,-0.3357,-0.8340,0.5168,11.90,71.05,-32.48
0.428331,-0.3318,-0.8340,0.5148,12.95,69.58,-31.36
0.428928,-0.3304,-0.8350,0.5148,12.74,70.63,-32.83
0.429525,-0.3318,-0.8355,0.5144,13.09,69.44,-31.29
0.430122,-0.3314,-0.8364,0.5153,13.23,70.49,-33.11
0.430719,-0.3309,-0.8379,0.5168,13.09,69.72,-31.01
0.431316,-0.3294,-0.8355,0.5139,13.79,70.42,-33.39
0.431913,-0.3299,-0.8301,0.5163,13.51,69.44,-31.50
0.432510,-0.3284,-0.8296,0.5134,13.93,70.28,-33.32
0.433107,-0.3338,-0.8350,0.5124,13.79,68.95,-31.71
0.433704,-0.3338,-0.8345,0.5114,14.14,68.53,-32.48
0.434301,-0.3294,-0.8335,0.5114,15.05,70.00,-33.46
0.434898,-0.3235,-0.8316,0.5134,14.63,69.16,-32.90
0.435495,-0.3235,-0.8301,0.5100,15.68,69.23,-33.18
0.436092,-0.3270,-0.8316,0.5070,14.56,69.23,-33.53
0.436689,-0.3265,-0.8330,0.5080,16.10,68.60,-33.46
0.437286,-0.3240,-0.8311,0.5085,14.84,69.51,-33.74
0.437883,-0.3201,-0.8311,0.5085,16.45,68.88,-34.02
0.438480,-0.3201,-0.8316,0.5051,15.54,69.16,-34.16
0.438480,-0.3250,-0.8325,0.5080,16.87,68.46,-34.16
0.439073,-0.3216,-0.8335,0.5109,15.54,69.02,-34.51
0.439670,-0.3182,-0.8281,0.5090,17.22,67.97,-34.72
0.440267,-0.3192,-0.8296,0.5090,16.17,68.88,-34.51
0.440864,-0.3211,-0.8316,0.5070,17.22,67.34,-34.79
0.441461,-0.3226,-0.8296,0.5046,16.73,68.60,-35.21
0.442058,-0.3216,-0.8306,0.5065,17.71,67.13,-35.00
0.442655,-0.3221,-0.8276,0.5070,16.94,69.16,-35.42
0.443252,-0.3192,-0.8257,0.5036,17.85,66.50,-35.21
0.443849,-0.3196,-0.8257,0.5012,17.50,68.81,-35.98
0.444446,-0.3211,-0.8247,0.5036,18.20,66.50,-34.93
0.445043,-0.3187,-0.8223,0.5065,17.78,68.88,-36.61
0.445640,-0.3187,-0.8194,0.5012,18.34,66.43,-35.07
0.446237,-0.3201,-0.8184,0.4958,18.13,68.04,-36.82
0.446834,-0.3211,-0.8174,0.4992,18.34,66.50,-35.56
0.447431,-0.3265,-0.8164,0.5017,18.62,67.48,-37.24
0.448028,-0.3304,-0.8179,0.5017,18.41,66.50,-35.63
0.448625,-0.3265,-0.8164,0.5017,19.46,66.92,-37.38
0.449221,-0.3274,-0.8135,0.4997,18.62,66.08,-35.56
0.450195,-0.3294,-0.8130,0.4997,19.53,66.50,-37.45
0.450792,-0.3289,-0.8111,0.4963,19.04,65.73,-35.49
0.451389,-0.3314,-0.8096,0.4968,19.81,66.08,-37.94
0.451986,-0.3343,-0.8120,0.4968,19.04,65.38,-35.14
0.452583,-0.3357,-0.8115,0.4968,19.88,65.80,-38.15
0.453180,-0.3392,-0.8067,0.4963,19.74,65.10,-35.56
0.453777,-0.3401,-0.8062,0.4924,19.88,65.52,-38.22
0.454374,-0.3382,-0.8072,0.4919,20.23,64.61,-35.84
0.454971,-0.3377,-0.8081,0.4948,20.02,65.10,-38.57
0.455568,-0.3416,-0.8076,0.4904,20.51,64.05,-35.49
0.456165,-0.3421,-0.8037,0.4953,20.93,64.68,-35.35
0.456762,-0.3416,-0.8032,0.4934,20.37,64.12,-38.43
0.457359,-0.3411,-0.8018,0.4900,21.56,63.84,-36.33
0.457956,-0.3445,-0.8003,0.4948,19.95,63.56,-37.87
0.458553,-0.3455,-0.7989,0.4963,22.12,63.35,-36.61
0.459150,-0.3431,-0.7993,0.4939,20.09,63.00,-37.87
0.459747,-0.3401,-0.8003,0.4900,22.26,63.21,-36.54
0.460344,-0.3401,-0.7974,0.4904,20.51,62.37,-37.87
0.460941,-0.3401,-0.7925,0.4919,22.33,63.00,-36.61
0.461914,-0.3396,-0.7881,0.4909,20.44,61.95,-37.52
0.462511,-0.3416,-0.7891,0.4939,22.26,62.09,-36.82
0.463108,-0.3411,-0.7891,0.4924,21.00,61.74,-37.94
0.463705,-0.3377,-0.7871,0.4875,22.19,61.67,-36.82
0.464302,-0.3353,-0.7871,0.4865,21.42,61.11,-37.52
0.464899,-0.3353,-0.7881,0.4890,21.70,61.74,-37.45
0.465496,-0.3387,-0.7871,0.4919,21.98,60.41,-37.66
0.466093,-0.3416,-0.7828,0.4895,21.49,61.11,-37.73
0.466690,-0.3421,-0.7818,0.4885,22.61,59.92,-37.17
0.467287,-0.3392,-0.7774,0.4900,21.42,60.62,-38.08
0.467884,-0.3353,-0.7784,0.4870,22.82,59.85,-37.10
0.468481,-0.3357,-0.7818,0.4875,21.35,60.13,-38.22
0.469078,-0.3343,-0.7764,0.4914,22.75,59.22,-36.54
0.469675,-0.3333,-0.7749,0.4865,21.56,59.57,-38.43
0.470272,-0.3333,-0.7740,0.4817,23.10,59.01,-36.89
0.470869,-0.3328,-0.7701,0.4846,21.42,58.73,-38.15
0.471466,-0.3328,-0.7657,0.4851,23.38,58.31,-37.10
0.472063,-0.3338,-0.7618,0.4865,21.21,58.38,-38.08
0.472660,-0.3323,-0.7603,0.4851,23.24,57.82,-37.10
0.472660,-0.3284,-0.7618,0.4817,21.21,57.75,-37.59
0.473253,-0.3304,-0.7584,0.4831,23.03,57.47,-36.96
0.473850,-0.3328,-0.7564,0.4821,21.49,57.05,-38.01
0.474447,-0.3304,-0.7569,0.4826,23.10,57.26,-36.61
0.475044,-0.3279,-0.7535,0.4817,21.56,56.49,-37.94
0.475641,-0.3274,-0.7535,0.4807,22.54,56.70,-36.89
0.476238,-0.3274,-0.7501,0.4846,22.12,56.21,-38.01
0.476835,-0.3274,-0.7457,0.4851,22.19,56.49,-36.61
0.477432,-0.3265,-0.7418,0.4846,22.61,55.44,-38.36
0.478029,-0.3255,-0.7354,0.4880,21.77,56.28,-36.33
0.478626,-0.3235,-0.7374,0.4856,22.68,54.88,-38.15
0.479223,-0.3216,-0.7388,0.4792,21.42,55.37,-36.33
0.479820,-0.3221,-0.7408,0.4763,22.47,54.53,-37.94
0.480417,-0.3211,-0.7403,0.4778,21.42,54.88,-36.19
0.481014,-0.3216,-0.7374,0.4807,22.54,53.90,-37.94
0.481611,-0.3245,-0.7354,0.4826,21.35,54.53,-35.91
0.482208,-0.3211,-0.7296,0.4817,22.47,53.41,-37.94
0.482805,-0.3201,-0.7271,0.4753,21.21,53.97,-35.91
0.483402,-0.3235,-0.7286,0.4734,22.19,52.78,-37.80
0.483402,-0.3206,-0.7315,0.4768,21.14,52.92,-35.42
0.483995,-0.3187,-0.7320,0.4778,21.84,52.57,-37.52
0.484592,-0.3196,-0.7291,0.4787,21.21,52.29,-35.77
0.485189,-0.3192,-0.7276,0.4792,21.35,52.29,-37.31
0.485786,-0.3206,-0.7300,0.4797,21.49,51.66,-35.77
0.486383,-0.3221,-0.7310,0.4797,21.14,51.80,-37.31
0.486980,-0.3245,-0.7286,0.4792,21.42,51.03,-35.77
0.487577,-0.3260,-0.7320,0.4807,20.93,51.52,-37.52
0.488174,-0.3235,-0.7344,0.4802,21.49,50.40,-35.84
0.488771,-0.3245,-0.7300,0.4719,20.44,50.82,-37.31
0.489368,-0.3245,-0.7291,0.4719,19.95,50.40,-37.38
0.489965,-0.3226,-0.7305,0.4787,21.49,49.35,-35.42
0.490562,-0.3231,-0.7310,0.4787,20.02,49.56,-37.10
0.491159,-0.3260,-0.7305,0.4768,21.00,48.93,-35.77
0.491756,-0.3294,-0.7320,0.4773,20.16,48.72,-36.68
0.492353,-0.3270,-0.7325,0.4807,21.07,48.79,-36.05
0.492950,-0.3250,-0.7354,0.4812,20.37,47.88,-36.19
0.493547,-0.3274,-0.7335,0.4802,20.23,48.72,-36.47
0.494143,-0.3279,-0.7315,0.4797,20.44,47.32,-36.33
0.495117,-0.3255,-0.7364,0.4817,19.88,47.81,-35.98
0.495714,-0.3235,-0.7374,0.4836,20.65,46.34,-36.47
0.496311,-0.3216,-0.7393,0.4836,19.60,47.46,-36.12
0.496908,-0.3245,-0.7432,0.4821,20.30,45.85,-35.91
0.497505,-0.3270,-0.7418,0.4797,19.67,46.55,-36.19
0.498102,-0.3250,-0.7374,0.4812,19.95,45.36,-36.26
0.498699,-0.3231,-0.7383,0.4875,19.67,45.78,-36.54
0.499296,-0.3250,-0.7427,0.4826,19.67,45.15,-36.12
0.499893,-0.3265,-0.7422,0.4797,19.67,45.08,-36.05
0.500490,-0.3284,-0.7398,0.4821,19.81,44.59,-35.98
0.501087,-0.3284,-0.7403,0.4821,19.53,43.68,-35.70
0.501684,-0.3299,-0.7422,0.4860,19.81,43.54,-36.68
0.502281,-0.3309,-0.7457,0.4929,19.18,43.75,-35.07
0.502878,-0.3299,-0.7442,0.4929,19.81,42.56,-36.19
0.503475,-0.3304,-0.7442,0.4865,19.04,43.68,-35.21
0.504072,-0.3294,-0.7462,0.4865,19.39,41.93,-35.98
0.504669,-0.3265,-0.7452,0.4904,19.25,42.98,-35.84
0.505266,-0.3260,-0.7452,0.4900,18.97,41.58,-35.35
0.505862,-0.3240,-0.7452,0.4900,19.18,42.28,-35.63
0.506836,-0.3235,-0.7462,0.4924,19.32,40.74,-35.21
0.507433,-0.3221,-0.7496,0.4885,19.11,41.44,-35.14
0.508030,-0.3192,-0.7496,0.4875,18.90,40.32,-35.21
0.508627,-0.3182,-0.7471,0.4895,19.11,40.74,-34.93
0.509224,-0.3152,-0.7447,0.4895,18.76,39.90,-34.93
0.509821,-0.3143,-0.7462,0.4900,19.18,39.97,-34.58
0.510418,-0.3187,-0.7496,0.4900,18.48,39.27,-34.72
0.511015,-0.3206,-0.7471,0.4900,19.18,39.34,-34.65
0.511612,-0.3157,-0.7462,0.4870,17.99,38.85,-34.37
0.512209,-0.3138,-0.7496,0.4880,19.25,38.71,-34.65
0.512806,-0.3123,-0.7491,0.4895,18.20,38.29,-34.44
0.513403,-0.3104,-0.7471,0.4900,19.11,37.94,-34.51
0.514000,-0.3099,-0.7501,0.4948,17.64,37.87,-33.95
0.514597,-0.3084,-0.7501,0.4963,19.11,37.45,-34.23
0.515194,-0.3104,-0.7496,0.4948,17.99,36.89,-33.46
0.515791,-0.3094,-0.7525,0.4948,19.11,36.68,-34.16
0.516388,-0.3079,-0.7510,0.4948,18.06,36.68,-33.25
0.516985,-0.3084,-0.7486,0.4924,18.55,36.33,-33.88
0.517582,-0.3070,-0.7466,0.4919,18.41,36.12,-33.25
0.517582,-0.3035,-0.7481,0.4943,18.13,35.98,-33.81
0.518175,-0.3001,-0.7515,0.4943,18.62,35.07,-32.76
0.518772,-0.3021,-0.7501,0.4948,17.99,35.42,-33.95
0.519369,-0.3026,-0.7491,0.4943,18.27,34.93,-31.92
0.519966,-0.3045,-0.7535,0.4943,17.99,34.23,-33.18
0.520563,-0.3040,-0.7549,0.4939,18.62,34.37,-31.64
0.521160,-0.3030,-0.7530,0.4909,17.71,34.30,-32.97
0.521757,-0.3035,-0.7520,0.4943,18.55,33.88,-31.50
0.522354,-0.3021,-0.7510,0.4982,17.43,33.53,-33.04
0.522951,-0.3035,-0.7515,0.4973,18.69,33.46,-31.22
0.523548,-0.3026,-0.7544,0.4987,17.22,32.76,-32.34
0.524145,-0.3026,-0.7559,0.5007,18.76,33.39,-31.29
0.524742,-0.3055,-0.7544,0.4973,17.22,32.41,-32.27
0.525339,-0.3050,-0.7535,0.4982,18.34,32.69,-30.80
0.525936,-0.3040,-0.7564,0.5022,17.57,31.92,-31.64
0.526533,-0.3045,-0.7584,0.4987,18.27,32.76,-30.80
0.527130,-0.3026,-0.7540,0.4963,17.15,31.36,-31.08
0.527727,-0.3035,-0.7559,0.5002,17.92,32.34,-30.38
0.528323,-0.3055,-0.7579,0.5036,17.15,30.31,-30.80
0.529297,-0.3055,-0.7569,0.5056,18.27,31.50,-30.10
0.529894,-0.3089,-0.7598,0.5056,16.94,30.38,-30.52
0.530491,-0.3123,-0.7588,0.5051,18.20,30.87,-29.96
0.531088,-0.3109,-0.7574,0.5026,17.15,29.75,-29.68
0.531685,-0.3099,-0.7598,0.5080,17.92,30.38,-29.75
0.532282,-0.3133,-0.7613,0.5095,16.94,29.61,-29.89
0.532879,-0.3172,-0.7608,0.5056,17.99,29.89,-29.40
0.533476,-0.3138,-0.7618,0.5061,16.94,28.98,-29.54
0.534073,-0.3094,-0.7623,0.5090,17.85,29.40,-28.98
0.534670,-0.3138,-0.7627,0.5100,16.94,28.00,-28.63
0.535267,-0.3148,-0.7647,0.5085,17.71,29.12,-29.19
0.535864,-0.3152,-0.7662,0.5085,16.80,27.58,-28.35
0.536461,-0.3182,-0.7652,0.5090,17.64,28.49,-28.98
0.537058,-0.3226,-0.7657,0.5114,17.22,27.16,-27.93
0.537655,-0.3221,-0.7691,0.5080,17.36,27.79,-28.91
0.538252,-0.3187,-0.7735,0.5036,16.94,26.95,-27.30
0.538849,-0.3167,-0.7749,0.5056,17.50,27.51,-29.05
0.539446,-0.3167,-0.7725,0.5109,17.01,26.67,-26.88
0.540043,-0.3196,-0.7715,0.5119,17.50,26.74,-29.40
0.540043,-0.3196,-0.7749,0.5119,16.66,26.60,-26.53
0.540636,-0.3182,-0.7749,0.5065,17.99,25.83,-29.12
0.541233,-0.3201,-0.7720,0.5070,16.80,26.11,-26.60
0.541830,-0.3221,-0.7745,0.5100,17.71,25.55,-29.05
0.542427,-0.3192,-0.7769,0.5085,16.59,25.97,-26.32
0.543024,-0.3187,-0.7788,0.5075,17.64,25.20,-29.12
0.543621,-0.3187,-0.7803,0.5075,16.87,25.48,-26.18
0.544218,-0.3177,-0.7803,0.5085,17.08,24.78,-28.42
0.544815,-0.3211,-0.7808,0.5080,17.15,24.99,-26.04
0.545412,-0.3201,-0.7823,0.5114,17.22,23.73,-29.05
0.546009,-0.3211,-0.7837,0.5085,16.87,24.71,-25.83
0.546606,-0.3231,-0.7891,0.5041,17.08,23.80,-29.54
0.547203,-0.3182,-0.7896,0.5065,17.29,24.22,-25.20
0.547800,-0.3177,-0.7876,0.5056,16.94,23.24,-29.89
0.548397,-0.3167,-0.7881,0.5065,17.43,23.73,-25.06
0.548994,-0.3182,-0.7891,0.5075,16.80,22.96,-29.82
0.549591,-0.3245,-0.7920,0.5041,17.71,23.24,-25.20
0.550188,-0.3250,-0.7910,0.5031,16.31,22.96,-29.40
0.550784,-0.3245,-0.7901,0.4992,18.06,22.82,-25.27
0.550784,-0.3255,-0.7950,0.5017,16.59,22.26,-29.96
0.551378,-0.3216,-0.7964,0.5085,18.06,22.89,-25.20
0.551975,-0.3187,-0.7906,0.5022,16.80,21.56,-29.89
0.552572,-0.3211,-0.7906,0.4997,17.71,22.68,-25.41
0.553169,-0.3206,-0.7964,0.5056,16.80,21.28,-30.17
0.553766,-0.3196,-0.7974,0.5007,17.22,22.26,-25.76
0.554363,-0.3192,-0.7964,0.4997,17.29,20.86,-30.24
0.554960,-0.3177,-0.7979,0.5017,17.43,21.49,-25.69
0.555557,-0.3187,-0.7954,0.4978,17.29,20.58,-30.38
0.556154,-0.3187,-0.7969,0.5007,17.22,21.35,-25.76
0.556751,-0.3231,-0.8028,0.5026,17.50,21.00,-27.09
0.557348,-0.3221,-0.8008,0.4992,16.66,20.65,-29.89
0.557945,-0.3182,-0.8023,0.4968,18.06,20.23,-27.44
0.558542,-0.3157,-0.8037,0.5002,16.52,19.95,-29.54
0.559139,-0.3143,-0.7993,0.5012,18.06,20.02,-28.21
0.559736,-0.3128,-0.8023,0.5002,16.94,20.02,-29.61
0.560333,-0.3128,-0.8081,0.4973,17.78,20.30,-28.56
0.560929,-0.3133,-0.8032,0.4943,17.08,19.53,-29.40
0.561526,-0.3138,-0.8018,0.4939,17.29,19.95,-29.12
0.562500,-0.3177,-0.8042,0.4948,17.43,18.83,-29.33
0.563097,-0.3143,-0.8023,0.4963,17.36,19.39,-29.33
0.563694,-0.3094,-0.8023,0.4968,17.57,19.53,-29.47
0.564291,-0.3084,-0.8057,0.4982,17.08,19.11,-29.68
0.564888,-0.3094,-0.8067,0.4963,17.85,18.83,-29.96
0.565485,-0.3099,-0.8052,0.4919,16.94,19.11,-30.03
0.566082,-0.3094,-0.8062,0.4924,17.85,18.48,-30.10
0.566679,-0.3084,-0.8042,0.4953,17.29,18.76,-30.52
0.567276,-0.3099,-0.8042,0.4943,17.99,18.13,-30.38
0.567873,-0.3109,-0.8052,0.4939,17.29,18.76,-30.52
0.568470,-0.3099,-0.8072,0.4963,17.50,17.99,-30.10
0.569067,-0.3104,-0.8067,0.4963,17.36,18.27,-30.03
0.569664,-0.3094,-0.8062,0.5002,17.85,18.20,-31.85
0.570261,-0.3065,-0.8047,0.4982,17.01,18.34,-30.17
0.570858,-0.3050,-0.8067,0.4978,17.99,18.06,-31.85
0.571455,-0.3089,-0.8052,0.5012,17.43,17.85,-30.66
0.572052,-0.3094,-0.8032,0.4978,17.78,18.13,-32.20
0.572649,-0.3079,-0.8067,0.4924,17.43,17.57,-30.52
0.573245,-0.3060,-0.8032,0.4968,17.78,17.92,-32.41
0.574218,-0.3045,-0.8003,0.5012,17.43,17.43,-30.52
0.574815,-0.3040,-0.8032,0.5007,17.85,17.78,-32.41
0.575412,-0.3055,-0.8037,0.5002,17.71,17.22,-31.36
0.576009,-0.3040,-0.8032,0.4992,17.50,17.57,-31.92
0.576606,-0.3016,-0.8028,0.4948,18.13,17.22,-31.29
0.577203,-0.3006,-0.7993,0.4978,17.71,17.08,-32.41
0.577800,-0.3011,-0.8018,0.5012,17.92,16.80,-31.71
0.578397,-0.2987,-0.8057,0.5012,17.64,17.22,-32.13
0.578994,-0.2967,-0.8013,0.5026,17.92,16.94,-31.64
0.579591,-0.2996,-0.8013,0.5031,17.92,16.80,-32.34
0.580188,-0.3001,-0.8067,0.5046,17.71,17.22,-31.71
0.580785,-0.3001,-0.8072,0.5075,18.27,17.15,-32.20
0.581382,-0.2991,-0.8067,0.5085,17.36,16.80,-31.57
0.581979,-0.2923,-0.8067,0.5070,18.34,16.87,-32.34
0.582576,-0.2913,-0.8047,0.5075,17.50,16.73,-32.13
0.583173,-0.2904,-0.8023,0.5061,18.27,17.08,-32.48
0.583770,-0.2884,-0.7993,0.5061,17.43,16.52,-32.06
0.584367,-0.2908,-0.8013,0.5104,18.48,17.08,-32.13
0.584963,-0.2913,-0.8081,0.5090,17.85,16.52,-31.85
0.585937,-0.2889,-0.8111,0.5090,18.34,16.59,-31.92
0.586534,-0.2874,-0.8106,0.5119,18.06,16.52,-31.99
0.587131,-0.2879,-0.8111,0.5100,18.34,16.80,-32.20
0.587728,-0.2869,-0.8115,0.5114,18.41,16.17,-31.71
0.588325,-0.2845,-0.8106,0.5134,17.92,17.01,-31.71
0.588922,-0.2835,-0.8081,0.5095,18.55,16.24,-31.92
0.589519,-0.2830,-0.8081,0.5095,17.99,16.94,-31.50
0.590116,-0.2821,-0.8091,0.5163,18.62,16.38,-32.13
0.590713,-0.2884,-0.8111,0.5144,17.99,16.66,-30.80
0.591310,-0.2879,-0.8081,0.5129,18.06,16.59,-30.73
0.591907,-0.2840,-0.8111,0.5158,18.48,16.59,-31.64
0.592504,-0.2806,-0.8111,0.5207,18.13,16.52,-30.94
0.593101,-0.2826,-0.8111,0.5217,18.20,16.38,-30.94
0.593698,-0.2840,-0.8125,0.5187,18.62,16.45,-31.15
0.594295,-0.2830,-0.8120,0.5187,17.71,16.59,-30.38
0.594892,-0.2850,-0.8120,0.5187,19.25,16.24,-31.08
0.595489,-0.2899,-0.8115,0.5187,17.71,16.59,-30.10
0.596086,-0.2884,-0.8091,0.5192,19.04,16.24,-31.01
0.596683,-0.2860,-0.8091,0.5173,17.50,16.66,-29.82
0.596683,-0.2874,-0.8115,0.5192,19.39,16.10,-30.66
0.597276,-0.2835,-0.8140,0.5231,18.13,16.31,-29.26
0.597873,-0.2830,-0.8120,0.5256,18.83,16.38,-30.73
0.598470,-0.2874,-0.8081,0.5231,17.99,16.24,-28.63
0.599067,-0.2860,-0.8086,0.5226,18.83,16.66,-30.66
0.599664,-0.2869,-0.8111,0.5222,18.55,15.68,-28.49
0.600261,-0.2899,-0.8081,0.5178,18.48,16.94,-30.87
0.600858,-0.2889,-0.8042,0.5197,19.18,15.89,-28.00
0.601455,-0.2894,-0.8042,0.5226,18.41,16.45,-30.38
0.602052,-0.2904,-0.8072,0.5212,19.11,16.17,-27.30
0.602649,-0.2967,-0.8140,0.5236,19.39,16.31,-27.23
0.603246,-0.2943,-0.8086,0.5222,18.13,15.89,-29.75
0.603843,-0.2952,-0.8057,0.5207,19.39,16.59,-27.93
0.604440,-0.2967,-0.8042,0.5202,18.27,15.61,-29.12
0.605037,-0.2972,-0.8032,0.5183,19.32,16.73,-27.51
0.605634,-0.2957,-0.8057,0.5192,18.55,15.61,-28.49
0.606231,-0.2967,-0.8091,0.5187,19.25,16.10,-27.16
0.606828,-0.3001,-0.8076,0.5168,18.13,15.61,-27.79
0.607424,-0.2996,-0.8057,0.5163,19.67,16.10,-27.30
0.608398,-0.2987,-0.8052,0.5168,18.13,15.40,-27.37
0.608995,-0.2996,-0.8028,0.5153,19.32,16.45,-26.95
0.609592,-0.2991,-0.8042,0.5163,18.48,15.40,-27.51
0.610189,-0.2996,-0.8076,0.5192,19.39,15.54,-26.53
0.610786,-0.2991,-0.8057,0.5168,18.27,15.54,-26.88
0.611383,-0.2972,-0.8037,0.5153,19.74,15.19,-26.04
0.611980,-0.3001,-0.8008,0.5144,18.06,15.61,-26.18
0.612577,-0.3016,-0.7974,0.5090,19.53,15.05,-26.04
0.613174,-0.2996,-0.7979,0.5090,18.27,15.68,-25.27
0.613771,-0.3001,-0.7984,0.5139,19.39,15.05,-25.83
0.614368,-0.3001,-0.7950,0.5144,18.13,15.40,-24.71
0.614965,-0.2991,-0.7930,0.5148,19.46,15.05,-25.69
0.615562,-0.3040,-0.7906,0.5148,18.48,14.77,-24.71
0.616159,-0.3060,-0.7915,0.5158,18.97,14.91,-25.06
0.616756,-0.3021,-0.7925,0.5178,18.48,15.12,-23.94
0.617353,-0.3011,-0.7871,0.5139,19.11,14.56,-24.85
0.617950,-0.3030,-0.7842,0.5104,18.41,15.19,-23.31
0.618547,-0.2987,-0.7837,0.5075,18.83,14.42,-24.50
0.619143,-0.2977,-0.7832,0.5095,18.83,14.70,-22.96
0.620117,-0.2987,-0.7828,0.5153,18.69,14.56,-24.64
0.620714,-0.2991,-0.7862,0.5168,18.69,14.07,-22.05
0.621311,-0.3011,-0.7867,0.5158,18.27,14.84,-24.92
0.621908,-0.2991,-0.7832,0.5153,18.62,14.35,-20.93
0.622505,-0.2982,-0.7828,0.5187,18.13,14.49,-24.85
0.623102,-0.3001,-0.7784,0.5163,18.69,14.21,-20.79
0.623699,-0.3021,-0.7769,0.5148,17.71,13.86,-23.94
0.624296,-0.3060,-0.7749,0.5051,18.55,14.21,-20.37
0.624893,-0.3074,-0.7730,0.5075,17.99,14.07,-19.88
0.625490,-0.3074,-0.7725,0.5173,17.92,12.81,-23.45
0.626087,-0.3045,-0.7725,0.5173,18.41,14.63,-20.23
0.626684,-0.3016,-0.7701,0.5090,17.78,12.18,-22.47
0.627281,-0.3055,-0.7686,0.5095,17.85,14.28,-19.53
0.627878,-0.3074,-0.7696,0.5153,17.57,12.18,-22.26
0.628475,-0.3065,-0.7686,0.5129,17.71,14.07,-19.04
0.629072,-0.3045,-0.7657,0.5080,17.36,12.25,-21.63
0.629669,-0.3040,-0.7652,0.5090,17.71,14.00,-18.97
0.630266,-0.3060,-0.7627,0.5114,17.29,12.04,-21.56
0.630863,-0.3065,-0.7598,0.5100,17.57,13.72,-18.90
0.631836,-0.3055,-0.7598,0.5070,16.94,11.90,-21.00
0.632433,-0.3040,-0.7593,0.5046,17.71,12.95,-18.27
0.633030,-0.3040,-0.7588,0.5051,16.66,11.97,-21.00
0.633627,-0.3045,-0.7569,0.5031,17.43,12.67,-17.78
0.634224,-0.3060,-0.7540,0.5007,16.10,11.90,-20.58
0.634821,-0.3060,-0.7501,0.5036,17.15,12.25,-17.57
0.635418,-0.3030,-0.7476,0.5026,15.89,11.97,-19.74
0.636015,-0.3016,-0.7447,0.5026,16.73,11.97,-17.22
0.636612,-0.3021,-0.7447,0.4987,15.96,11.55,-19.81
0.637209,-0.3050,-0.7432,0.4982,16.31,11.69,-16.94
0.637806,-0.3045,-0.7432,0.5012,15.82,11.34,-19.18
0.638403,-0.3045,-0.7413,0.5002,15.68,11.83,-16.59
0.639000,-0.3050,-0.7349,0.4987,15.68,10.92,-18.34
0.639597,-0.3035,-0.7344,0.4968,15.47,10.92,-16.52
0.640194,-0.3055,-0.7335,0.4973,15.40,10.78,-17.43
0.640791,-0.3060,-0.7310,0.4958,14.98,10.85,-16.10
0.641388,-0.3060,-0.7296,0.4958,14.70,10.64,-17.50
0.641985,-0.3074,-0.7286,0.4973,14.91,10.50,-15.68
0.642582,-0.3113,-0.7271,0.4939,14.07,10.85,-17.08
0.642582,-0.3133,-0.7247,0.4904,15.05,9.94,-15.40
0.643175,-0.3123,-0.7266,0.4860,13.44,10.50,-16.31
0.643772,-0.3143,-0.7252,0.4851,14.84,9.59,-14.77
0.644369,-0.3182,-0.7193,0.4914,13.44,10.15,-16.10
0.644966,-0.3162,-0.7218,0.4914,13.79,9.59,-14.63
0.645563,-0.3138,-0.7222,0.4909,13.16,9.66,-14.84
0.646160,-0.3133,-0.7178,0.4929,14.00,9.17,-14.42
0.646757,-0.3172,-0.7178,0.4900,12.95,9.10,-14.49
0.647354,-0.3221,-0.7183,0.4875,13.37,8.75,-14.42
0.647951,-0.3240,-0.7203,0.4870,12.67,8.54,-14.56
0.648548,-0.3304,-0.7242,0.4865,12.81,9.17,-13.93
0.649145,-0.3338,-0.7252,0.4851,12.25,8.54,-13.72
0.649742,-0.3323,-0.7242,0.4836,12.32,8.61,-14.07
0.650339,-0.3348,-0.7222,0.4860,12.04,8.12,-13.23
0.650936,-0.3357,-0.7193,0.4865,11.55,8.33,-13.86
0.651533,-0.3367,-0.7203,0.4846,11.90,7.70,-12.81
0.652130,-0.3372,-0.7232,0.4821,11.20,7.70,-13.58
0.652727,-0.3372,-0.7222,0.4831,11.41,7.42,-12.11
0.653323,-0.3392,-0.7247,0.4836,10.99,7.35,-13.44
0.653323,-0.3416,-0.7296,0.4860,10.78,7.21,-12.11
0.653917,-0.3440,-0.7257,0.4851,10.92,6.51,-13.44
0.654514,-0.3470,-0.7183,0.4812,10.08,7.14,-11.55
0.655111,-0.3518,-0.7208,0.4792,10.85,6.16,-13.23
0.655708,-0.3548,-0.7276,0.4831,9.94,6.93,-11.34
0.656305,-0.3553,-0.7296,0.4860,10.15,5.60,-12.95
0.656902,-0.3572,-0.7281,0.4821,9.24,6.30,-11.27
0.657499,-0.3592,-0.7252,0.4792,9.94,4.97,-12.88
0.658096,-0.3606,-0.7247,0.4812,9.10,5.88,-10.29
0.658693,-0.3636,-0.7257,0.4817,9.59,4.55,-13.02
0.659290,-0.3626,-0.7276,0.4817,8.61,5.95,-10.36
0.659887,-0.3655,-0.7276,0.4768,9.24,3.64,-13.16
0.660484,-0.3680,-0.7257,0.4763,8.40,5.25,-10.22
0.661081,-0.3675,-0.7257,0.4797,8.75,2.94,-13.02
0.661678,-0.3714,-0.7296,0.4856,7.49,5.39,-10.50
0.662275,-0.3753,-0.7320,0.4860,8.61,2.73,-12.67
0.662872,-0.3743,-0.7300,0.4797,7.49,4.27,-10.64
0.663469,-0.3694,-0.7305,0.4763,8.05,2.10,-12.67
0.664065,-0.3728,-0.7349,0.4792,7.49,3.92,-10.36
0.665039,-0.3762,-0.7369,0.4787,7.56,1.54,-12.39
0.665636,-0.3753,-0.7379,0.4768,7.35,2.94,-10.22
0.666233,-0.3753,-0.7393,0.4802,6.86,1.54,-13.02
0.666830,-0.3714,-0.7374,0.4817,7.00,2.66,-10.15
0.667427,-0.3675,-0.7413,0.4841,6.72,1.26,-12.67
0.668024,-0.3684,-0.7462,0.4802,7.07,1.89,-10.57
0.668621,-0.3719,-0.7427,0.4743,5.88,1.33,-12.46
0.669218,-0.3728,-0.7408,0.4768,7.00,1.26,-10.57
0.669815,-0.3645,-0.7432,0.4768,5.18,0.49,-12.25
0.670412,-0.3562,-0.7466,0.4768,6.93,1.05,-10.57
0.671009,-0.3597,-0.7466,0.4753,4.83,0.21,-12.53
0.671606,-0.3636,-0.7442,0.4729,6.58,0.42,-10.43
0.672203,-0.3611,-0.7437,0.4734,4.41,-0.14,-12.74
0.672800,-0.3606,-0.7447,0.4758,6.51,-0.14,-10.85
0.673397,-0.3611,-0.7471,0.4782,4.48,-0.77,-12.67
0.673994,-0.3592,-0.7496,0.4729,6.02,-0.49,-10.92
0.674591,-0.3572,-0.7520,0.4704,4.13,-0.91,-12.60
0.675188,-0.3558,-0.7530,0.4729,5.46,-0.42,-10.78
0.675784,-0.3538,-0.7505,0.4734,4.41,-1.68,-13.09
0.675784,-0.3523,-0.7530,0.4675,4.97,-0.49,-10.57
0.676378,-0.3523,-0.7525,0.4675,4.06,-2.17,-13.09
0.676975,-0.3528,-0.7476,0.4738,4.48,-1.12,-11.48
0.677572,-0.3523,-0.7471,0.4729,4.20,-2.59,-12.53
0.678169,-0.3518,-0.7481,0.4743,4.27,-1.68,-11.34
0.678766,-0.3489,-0.7496,0.4738,3.57,-2.66,-12.74
0.679363,-0.3426,-0.7496,0.4680,3.92,-2.03,-11.83
0.679960,-0.3411,-0.7505,0.4660,3.57,-2.80,-13.02
0.680557,-0.3431,-0.7486,0.4690,3.71,-2.45,-11.62
0.681154,-0.3416,-0.7466,0.4704,2.94,-2.94,-12.95
0.681751,-0.3396,-0.7501,0.4758,3.85,-2.80,-12.11
0.682348,-0.3392,-0.7501,0.4724,3.36,-3.36,-11.76
0.682945,-0.3348,-0.7505,0.4738,2.59,-3.01,-12.60
0.683542,-0.3304,-0.7549,0.4734,3.36,-3.78,-12.60
0.684139,-0.3284,-0.7520,0.4699,2.24,-3.29,-12.39
0.684736,-0.3299,-0.7501,0.4699,3.01,-3.85,-13.02
0.685333,-0.3289,-0.7515,0.4738,2.03,-3.29,-12.18
0.685930,-0.3279,-0.7496,0.4719,3.08,-4.20,-12.95
0.686526,-0.3294,-0.7491,0.4724,1.68,-3.92,-11.41
0.687500,-0.3245,-0.7540,0.4709,2.52,-4.48,-13.23
0.688097,-0.3231,-0.7574,0.4675,2.31,-4.48,-11.27
0.688694,-0.3265,-0.7559,0.4719,1.96,-4.48,-13.86
0.689291,-0.3250,-0.7549,0.4787,1.47,-4.48,-10.50
0.689888,-0.3216,-0.7569,0.4787,1.61,-4.55,-13.65
0.690485,-0.3231,-0.7584,0.4758,1.96,-4.90,-10.29
0.691082,-0.3250,-0.7618,0.4778,1.61,-4.83,-14.28
0.691679,-0.3182,-0.7637,0.4797,1.68,-4.83,-9.87
0.692276,-0.3167,-0.7657,0.4768,1.96,-4.90,-10.36
0.692873,-0.3192,-0.7681,0.4763,0.56,-5.18,-13.44
0.693470,-0.3172,-0.7671,0.4763,2.52,-5.39,-10.36
0.694067,-0.3167,-0.7666,0.4748,0.00,-5.11,-13.09
0.694664,-0.3192,-0.7671,0.4729,2.24,-5.46,-10.15
0.695261,-0.3148,-0.7720,0.4778,0.07,-5.67,-13.30
0.695858,-0.3138,-0.7759,0.4807,2.38,-5.53,-10.22
0.696455,-0.3152,-0.7754,0.4773,-0.35,-5.95,-12.46
0.697052,-0.3157,-0.7764,0.4763,2.45,-5.46,-10.29
0.697649,-0.3167,-0.7779,0.4782,0.00,-6.02,-12.67
0.698245,-0.3157,-0.7813,0.4802,1.68,-5.25,-10.43
0.699218,-0.3099,-0.7823,0.4802,0.14,-6.65,-12.39
0.699815,-0.3070,-0.7832,0.4812,1.54,-5.53,-10.36
0.700412,-0.3089,-0.7881,0.4821,0.42,-6.44,-12.53
0.701009,-0.3099,-0.7920,0.4846,0.91,-5.32,-10.22
0.701606,-0.3104,-0.7896,0.4841,0.91,-6.65,-12.25
0.702203,-0.3089,-0.7881,0.4778,0.77,-5.88,-10.50
0.702800,-0.3070,-0.7901,0.4782,0.77,-6.37,-11.90
0.703397,-0.3055,-0.7940,0.4846,0.84,-6.23,-10.85
0.703994,-0.3035,-0.7940,0.4856,1.05,-6.30,-12.11
0.704591,-0.3006,-0.7945,0.4821,0.77,-6.30,-10.85
0.705188,-0.3035,-0.7993,0.4792,1.12,-6.58,-12.18
0.705785,-0.3030,-0.8018,0.4802,0.70,-6.09,-11.62
0.706382,-0.2987,-0.8028,0.4812,1.19,-6.79,-11.97
0.706979,-0.2987,-0.8042,0.4836,0.42,-6.37,-11.90
0.707576,-0.3021,-0.8101,0.4865,1.47,-6.93,-11.97
0.708173,-0.3055,-0.8135,0.4860,0.56,-6.79,-11.90
0.708770,-0.2991,-0.8154,0.4851,1.26,-6.30,-12.39
0.709367,-0.2982,-0.8174,0.4817,0.70,-7.21,-11.97
0.709963,-0.3016,-0.8169,0.4787,1.54,-6.37,-12.88
0.709963,-0.3001,-0.8198,0.4860,1.12,-7.21,-12.32
0.710558,-0.3006,-0.8228,0.4860,1.19,-6.65,-12.67
0.711155,-0.3011,-0.8233,0.4807,1.26,-7.14,-12.81
0.711752,-0.3016,-0.8252,0.4792,1.12,-6.30,-12.53
0.712349,-0.2982,-0.8272,0.4821,1.96,-7.49,-13.23
0.712946,-0.2977,-0.8276,0.4826,0.84,-6.16,-12.67
0.713543,-0.2972,-0.8291,0.4860,1.96,-7.07,-13.09
0.714140,-0.2967,-0.8320,0.4880,1.12,-6.93,-12.81
0.714737,-0.2938,-0.8311,0.4856,2.10,-6.86,-13.58
0.715334,-0.2899,-0.8262,0.4807,1.61,-6.72,-12.95
0.715931,-0.2918,-0.8272,0.4802,2.03,-6.65,-13.44
0.716528,-0.2913,-0.8276,0.4836,1.68,-6.58,-13.02
0.717125,-0.2923,-0.8272,0.4836,2.38,-7.42,-13.86
0.717722,-0.2933,-0.8301,0.4846,1.61,-6.93,-13.09
0.718319,-0.2899,-0.8311,0.4846,2.59,-7.07,-14.28
0.718916,-0.2908,-0.8350,0.4836,1.89,-6.86,-13.09
0.719513,-0.2928,-0.8350,0.4890,2.87,-7.49,-14.91
0.720110,-0.2913,-0.8276,0.4904,1.40,-6.65,-13.23
0.720706,-0.2904,-0.8242,0.4880,3.15,-7.56,-14.84
0.720706,-0.2913,-0.8252,0.4890,1.40,-6.51,-13.02
0.721300,-0.2884,-0.8237,0.4885,3.29,-7.49,-14.91
0.721897,-0.2874,-0.8203,0.4890,2.03,-6.44,-13.44
0.722494,-0.2913,-0.8179,0.4919,3.08,-7.70,-14.56
0.723091,-0.2884,-0.8174,0.4929,2.38,-6.44,-13.51
0.723688,-0.2855,-0.8135,0.4914,3.01,-7.42,-15.05
0.724285,-0.2884,-0.8106,0.4948,2.94,-6.44,-13.65
0.724882,-0.2904,-0.8072,0.4987,2.94,-7.49,-14.98
0.725479,-0.2904,-0.8067,0.4982,2.87,-7.42,-15.40
0.726076,-0.2904,-0.8047,0.4987,3.36,-7.00,-13.37
0.726673,-0.2908,-0.8023,0.4939,2.10,-6.86,-15.12
0.727270,-0.2904,-0.8037,0.4968,3.85,-7.14,-13.30
0.727867,-0.2928,-0.8028,0.5017,2.45,-7.07,-14.70
0.728464,-0.2943,-0.8013,0.5017,3.64,-6.86,-13.37
0.729061,-0.2928,-0.8008,0.4982,2.52,-7.49,-14.84
0.729658,-0.2943,-0.7959,0.5007,3.50,-6.86,-13.65
0.730255,-0.2972,-0.7969,0.5056,2.80,-7.63,-14.56
0.730851,-0.2943,-0.7984,0.5017,3.50,-6.86,-13.79
0.731448,-0.2962,-0.7989,0.5012,3.15,-7.42,-14.35
0.732422,-0.2987,-0.7984,0.5017,3.08,-6.86,-13.37
0.733019,-0.2967,-0.7930,0.5022,3.71,-7.98,-14.07
0.733616,-0.2977,-0.7891,0.5051,2.94,-6.44,-13.44
0.734213,-0.2943,-0.7901,0.5026,3.57,-8.12,-13.79
0.734810,-0.2923,-0.7915,0.5026,2.66,-7.14,-13.16
0.735407,-0.3001,-0.7945,0.5056,3.71,-8.40,-13.58
0.736004,-0.3050,-0.7945,0.5056,2.73,-6.86,-12.53
0.736601,-0.3040,-0.7886,0.5075,3.78,-8.12,-13.72
0.737198,-0.3050,-0.7910,0.5100,2.80,-7.28,-12.60
0.737795,-0.3060,-0.7950,0.5109,3.92,-8.12,-13.30
0.738392,-0.3089,-0.7930,0.5061,3.08,-7.14,-12.39
0.738989,-0.3074,-0.7901,0.5041,3.78,-8.47,-12.67
0.739586,-0.3074,-0.7876,0.5065,2.66,-6.79,-11.90
0.740183,-0.3060,-0.7886,0.5051,3.64,-9.03,-12.53
0.740780,-0.3089,-0.7886,0.5075,2.94,-7.07,-11.06
0.741377,-0.3148,-0.7876,0.5095,3.08,-8.61,-12.11
0.741974,-0.3143,-0.7876,0.5061,3.43,-7.42,-10.85
0.742570,-0.3138,-0.7891,0.5026,2.80,-8.33,-12.25
0.743167,-0.3118,-0.7871,0.5026,3.78,-7.70,-10.29
0.744140,-0.3143,-0.7867,0.5065,2.66,-8.19,-11.90
0.744737,-0.3216,-0.7886,0.5085,3.78,-8.12,-9.87
0.745334,-0.3196,-0.7862,0.5070,2.38,-8.05,-11.97
0.745931,-0.3177,-0.7832,0.5070,3.85,-8.33,-9.45
0.746528,-0.3216,-0.7798,0.5061,2.45,-8.05,-11.83
0.747125,-0.3216,-0.7759,0.5041,4.34,-8.61,-9.03
0.747722,-0.3226,-0.7764,0.5051,2.03,-7.91,-11.62
0.748319,-0.3226,-0.7749,0.5075,3.99,-8.61,-8.68
0.748916,-0.3211,-0.7720,0.5085,2.17,-8.96,-11.06
0.749513,-0.3226,-0.7715,0.5085,3.78,-8.47,-8.96
0.750110,-0.3255,-0.7686,0.5080,2.38,-9.17,-10.71
0.750707,-0.3265,-0.7686,0.5095,3.36,-8.82,-8.68
0.751304,-0.3265,-0.7691,0.5109,2.52,-9.38,-10.57
0.751901,-0.3270,-0.7676,0.5119,3.29,-8.68,-8.26
0.752498,-0.3289,-0.7686,0.5144,2.38,-9.17,-10.78
0.753095,-0.3304,-0.7696,0.5158,3.29,-8.75,-8.05
0.753692,-0.3279,-0.7671,0.5119,2.31,-9.45,-10.64
0.754289,-0.3265,-0.7666,0.5114,2.94,-9.24,-7.91
0.754885,-0.3260,-0.7657,0.5148,2.24,-9.73,-10.22
0.754885,-0.3235,-0.7632,0.5158,3.08,-9.38,-8.19
0.755479,-0.3270,-0.7657,0.5173,1.89,-9.87,-9.80
0.756076,-0.3314,-0.7662,0.5192,2.45,-9.17,-8.61
0.756673,-0.3284,-0.7642,0.5197,1.82,-9.94,-9.31
0.757270,-0.3289,-0.7588,0.5173,2.31,-9.10,-8.68
0.757867,-0.3294,-0.7559,0.5144,2.24,-10.36,-9.66
0.758464,-0.3270,-0.7569,0.5173,2.03,-9.38,-9.10
0.759061,-0.3245,-0.7544,0.5183,2.31,-10.36,-9.31
0.759658,-0.3250,-0.7525,0.5183,1.61,-9.66,-9.38
0.760255,-0.3240,-0.7530,0.5212,1.89,-9.94,-9.66
0.760852,-0.3245,-0.7515,0.5226,1.12,-9.73,-9.59
0.761449,-0.3240,-0.7462,0.5226,2.03,-10.22,-9.66
0.762046,-0.3221,-0.7442,0.5222,0.98,-9.80,-9.59
0.762643,-0.3240,-0.7452,0.5226,1.75,-10.22,-9.24
0.763240,-0.3250,-0.7437,0.5226,0.63,-10.15,-9.66
0.763837,-0.3216,-0.7427,0.5202,1.47,-10.15,-9.38
0.764434,-0.3138,-0.7403,0.5212,0.56,-10.43,-10.22
0.765030,-0.3128,-0.7354,0.5231,1.19,-9.80,-9.45
0.765627,-0.3152,-0.7369,0.5236,0.63,-10.57,-10.71
0.765627,-0.3138,-0.7403,0.5236,0.49,-9.87,-9.52
0.766222,-0.3123,-0.7374,0.5222,0.21,-10.78,-10.71
0.766819,-0.3104,-0.7364,0.5202,0.07,-9.66,-9.66
0.767416,-0.3109,-0.7359,0.5187,0.49,-10.99,-11.13
0.768013,-0.3113,-0.7340,0.5202,-0.91,-9.45,-9.80
0.768610,-0.3104,-0.7310,0.5202,0.14,-10.85,-10.85
0.769207,-0.3084,-0.7257,0.5226,-0.98,-9.80,-9.73
0.769804,-0.3070,-0.7218,0.5197,-0.21,-10.92,-11.69
0.770401,-0.3070,-0.7257,0.5192,-0.56,-11.41,-11.83
0.770998,-0.3045,-0.7242,0.5197,-1.33,-9.24,-9.94
0.771595,-0.3040,-0.7213,0.5217,-1.33,-10.99,-11.48
0.772192,-0.3026,-0.7188,0.5226,-1.61,-9.38,-10.01
0.772789,-0.2996,-0.7169,0.5241,-1.75,-11.27,-11.83
0.773386,-0.2972,-0.7149,0.5217,-1.61,-10.01,-10.36
0.773983,-0.2967,-0.7188,0.5187,-2.31,-10.99,-11.97
0.774580,-0.2972,-0.7183,0.5202,-2.10,-9.66,-10.50
0.775177,-0.2952,-0.7130,0.5212,-2.38,-11.06,-11.76
0.775773,-0.2913,-0.7110,0.5173,-2.52,-9.10,-10.71
0.776370,-0.2899,-0.7081,0.5148,-2.73,-11.20,-11.62
0.777343,-0.2908,-0.7066,0.5173,-3.01,-9.17,-10.78
0.777940,-0.2904,-0.7066,0.5197,-3.15,-11.27,-11.76
0.778537,-0.2894,-0.7022,0.5246,-3.50,-8.82,-10.85
0.779134,-0.2899,-0.6978,0.5251,-3.50,-10.78,-11.62
0.779731,-0.2894,-0.7008,0.5163,-3.71,-8.82,-11.34
0.780328,-0.2889,-0.7027,0.5139,-3.99,-11.13,-11.27
0.780925,-0.2894,-0.7003,0.5192,-4.20,-8.96,-11.62
0.781522,-0.2879,-0.7003,0.5226,-4.41,-10.43,-11.41
0.782119,-0.2874,-0.6998,0.5217,-4.55,-9.17,-11.27
0.782716,-0.2869,-0.6969,0.5168,-5.18,-10.01,-11.48
0.783313,-0.2835,-0.6954,0.5148,-5.04,-9.52,-11.34
0.783910,-0.2830,-0.6954,0.5153,-5.53,-9.45,-11.34
0.784507,-0.2845,-0.6949,0.5187,-5.18,-10.01,-11.06
0.785104,-0.2816,-0.6934,0.5207,-6.23,-8.96,-11.55
0.785701,-0.2816,-0.6939,0.5153,-5.74,-10.01,-11.06
0.786298,-0.2816,-0.6974,0.5168,-6.44,-8.68,-11.48
0.786895,-0.2821,-0.6983,0.5217,-6.02,-9.94,-10.78
0.787491,-0.2830,-0.6944,0.5231,-6.93,-8.47,-10.99
0.788088,-0.2816,-0.6930,0.5222,-6.72,-9.59,-10.50
0.789062,-0.2811,-0.6934,0.5202,-7.07,-8.40,-10.99
0.789659,-0.2806,-0.6925,0.5202,-7.28,-9.10,-10.50
0.790256,-0.2816,-0.6934,0.5236,-7.35,-8.47,-10.92
0.790853,-0.2830,-0.6959,0.5256,-8.12,-8.61,-9.87
0.791450,-0.2762,-0.6988,0.5251,-7.42,-8.61,-11.13
0.792047,-0.2718,-0.6993,0.5246,-8.61,-8.54,-9.94
0.792644,-0.2752,-0.6969,0.5256,-7.84,-8.26,-10.29
0.793241,-0.2752,-0.6964,0.5300,-8.96,-8.26,-10.01
0.793838,-0.2733,-0.6954,0.5285,-8.47,-8.40,-9.66
0.794435,-0.2708,-0.6974,0.5285,-9.24,-8.26,-10.01
0.795032,-0.2728,-0.7008,0.5314,-8.61,-7.98,-10.15
0.795629,-0.2747,-0.6998,0.5309,-9.66,-7.91,-8.75
0.796226,-0.2704,-0.7017,0.5305,-9.24,-7.42,-9.66
0.796823,-0.2684,-0.7042,0.5348,-9.87,-7.84,-8.68
0.797420,-0.2669,-0.7056,0.5358,-9.80,-7.07,-9.59
0.798017,-0.2674,-0.7061,0.5363,-10.43,-7.91,-7.84
0.798614,-0.2669,-0.7091,0.5339,-10.08,-7.21,-9.73
0.799210,-0.2660,-0.7110,0.5339,-10.50,-7.77,-7.77
0.799807,-0.2669,-0.7125,0.5339,-10.99,-6.16,-9.24
0.799807,-0.2625,-0.7125,0.5358,-10.29,-7.70,-7.98
0.800401,-0.2616,-0.7149,0.5397,-11.69,-5.95,-8.61
0.800998,-0.2616,-0.7174,0.5363,-10.64,-7.56,-7.63
0.801595,-0.2596,-0.7183,0.5358,-11.76,-5.81,-8.40
0.802192,-0.2625,-0.7232,0.5368,-10.99,-6.86,-7.07
0.802789,-0.2635,-0.7286,0.5383,-12.25,-5.67,-8.40
0.803386,-0.2625,-0.7330,0.5363,-10.99,-6.72,-7.07
0.803983,-0.2645,-0.7335,0.5392,-12.67,-5.25,-7.91
0.804580,-0.2650,-0.7335,0.5441,-11.06,-6.09,-7.42
0.805177,-0.2669,-0.7354,0.5427,-13.09,-5.11,-7.42
0.805774,-0.2679,-0.7388,0.5441,-11.20,-5.46,-7.49
0.806371,-0.2699,-0.7422,0.5456,-13.51,-4.76,-6.79
0.806968,-0.2708,-0.7432,0.5456,-11.20,-5.53,-7.77
0.807565,-0.2704,-0.7457,0.5480,-13.65,-4.62,-6.44
0.808162,-0.2704,-0.7530,0.5510,-11.62,-5.32,-8.26
0.808759,-0.2684,-0.7569,0.5505,-13.58,-4.69,-6.02
0.809356,-0.2708,-0.7569,0.5490,-12.46,-4.69,-8.05
0.809952,-0.2738,-0.7598,0.5510,-13.16,-4.55,-6.30
0.810549,-0.2743,-0.7603,0.5534,-12.88,-4.34,-8.12
0.810549,-0.2762,-0.7603,0.5558,-12.81,-4.27,-5.81
0.811144,-0.2786,-0.7627,0.5553,-13.44,-3.85,-7.98
0.811741,-0.2826,-0.7691,0.5592,-12.25,-4.27,-6.51
0.812338,-0.2826,-0.7725,0.5592,-14.07,-3.29,-7.84
0.812935,-0.2811,-0.7784,0.5578,-11.97,-4.13,-6.23
0.813532,-0.2840,-0.7837,0.5617,-14.21,-3.36,-7.98
0.814129,-0.2869,-0.7832,0.5607,-12.39,-3.99,-6.23
0.814726,-0.2889,-0.7871,0.5607,-14.14,-2.80,-7.77
0.815323,-0.2879,-0.7901,0.5632,-12.46,-3.85,-6.16
0.815920,-0.2913,-0.7906,0.5646,-14.14,-2.45,-7.77
0.816517,-0.2943,-0.7950,0.5627,-12.39,-3.36,-7.14
0.817114,-0.2918,-0.7993,0.5641,-14.21,-1.96,-7.14
0.817711,-0.2913,-0.8037,0.5656,-12.32,-3.36,-6.86
0.818308,-0.2943,-0.8062,0.5627,-14.00,-1.89,-7.77
0.818905,-0.2952,-0.8086,0.5651,-12.53,-2.94,-6.79
0.819502,-0.2996,-0.8154,0.5710,-13.86,-1.89,-7.84
0.820098,-0.3026,-0.8159,0.5729,-12.46,-3.01,-6.72
0.820695,-0.3006,-0.8164,0.5724,-14.00,-1.26,-7.98
0.821292,-0.3011,-0.8159,0.5724,-12.18,-2.59,-7.49
0.821292,-0.3026,-0.8159,0.5763,-13.86,-1.05,-7.70
0.821886,-0.2996,-0.8203,0.5768,-12.32,-2.45,-7.35
0.822483,-0.3006,-0.8237,0.5749,-13.16,-1.61,-8.12
0.823080,-0.3030,-0.8272,0.5768,-12.60,-1.61,-7.49
0.823677,-0.3011,-0.8286,0.5778,-12.88,-1.19,-7.91
0.824274,-0.2996,-0.8306,0.5763,-12.74,-1.26,-7.98
0.824871,-0.3035,-0.8335,0.5763,-12.32,-1.68,-8.05
0.825468,-0.3074,-0.8320,0.5783,-12.88,-0.56,-8.68
0.826065,-0.3055,-0.8340,0.5773,-12.04,-1.33,-7.91
0.826662,-0.3079,-0.8369,0.5812,-12.88,-1.12,-8.82
0.827259,-0.3099,-0.8394,0.5783,-12.25,-0.63,-8.68
0.827856,-0.3123,-0.8394,0.5802,-11.83,-0.07,-9.03
0.828453,-0.3109,-0.8423,0.5851,-12.18,-0.84,-9.10
0.829050,-0.3079,-0.8423,0.5876,-11.48,0.00,-9.59
0.829647,-0.3104,-0.8457,0.5885,-11.83,-0.70,-9.38
0.830244,-0.3109,-0.8481,0.5919,-11.41,0.14,-9.73
0.830840,-0.3094,-0.8501,0.5924,-11.76,-0.42,-9.80
0.831437,-0.3065,-0.8545,0.5871,-10.92,0.07,-10.29
0.832034,-0.3104,-0.8560,0.5832,-11.83,-0.07,-9.59
0.833007,-0.3148,-0.8540,0.5841,-10.43,0.21,-10.99
0.833604,-0.3118,-0.8530,0.5885,-11.62,0.21,-10.08
0.834201,-0.3143,-0.8530,0.5915,-10.08,0.49,-11.62
0.834798,-0.3182,-0.8564,0.5895,-11.27,0.63,-10.29
0.835395,-0.3167,-0.8618,0.5895,-10.15,0.49,-12.18
0.835992,-0.3157,-0.8642,0.5924,-11.13,0.70,-10.43
0.836589,-0.3182,-0.8662,0.5934,-9.66,0.63,-12.46
0.837186,-0.3206,-0.8696,0.5929,-10.64,1.05,-10.92
0.837783,-0.3192,-0.8682,0.5885,-9.80,0.70,-12.46
0.838380,-0.3201,-0.8662,0.5895,-10.01,1.47,-11.34
0.838977,-0.3231,-0.8662,0.5900,-9.80,0.63,-12.74
0.839574,-0.3226,-0.8686,0.5851,-9.17,1.61,-12.74
0.840171,-0.3216,-0.8696,0.5876,-10.15,0.49,-12.74
0.840768,-0.3221,-0.8696,0.5885,-8.54,2.03,-13.51
0.841365,-0.3235,-0.8730,0.5856,-9.73,0.49,-12.95
0.841962,-0.3289,-0.8716,0.5846,-8.40,2.24,-13.44
0.842558,-0.3260,-0.8701,0.5851,-9.52,0.56,-13.30
0.843155,-0.3260,-0.8725,0.5880,-8.19,2.52,-13.79
0.843752,-0.3318,-0.8725,0.5939,-9.17,0.63,-13.86
0.844726,-0.3338,-0.8701,0.5958,-7.56,2.87,-14.63
0.845323,-0.3333,-0.8682,0.5929,-8.68,0.49,-13.65
0.845920,-0.3367,-0.8677,0.5939,-7.42,2.73,-14.98
0.846517,-0.3387,-0.8701,0.5954,-8.12,0.77,-13.93
0.847114,-0.3372,-0.8711,0.5963,-7.28,3.01,-15.19
0.847711,-0.3396,-0.8706,0.5954,-7.84,1.12,-14.28
0.848308,-0.3445,-0.8740,0.5915,-7.21,2.59,-15.47
0.848905,-0.3445,-0.8691,0.5949,-7.21,1.33,-14.77
0.849502,-0.3436,-0.8657,0.5973,-7.14,2.87,-15.75
0.850099,-0.3450,-0.8662,0.5983,-6.93,1.12,-14.07
0.850696,-0.3455,-0.8633,0.5983,-6.65,2.87,-16.52
0.851293,-0.3484,-0.8638,0.5973,-6.51,1.19,-14.56
0.851890,-0.3494,-0.8652,0.6002,-6.37,2.94,-16.45
0.852487,-0.3518,-0.8608,0.5993,-6.09,1.19,-14.77
0.853084,-0.3533,-0.8589,0.6017,-6.23,2.59,-16.24
0.853681,-0.3489,-0.8579,0.6027,-5.95,1.61,-14.49
0.854277,-0.3470,-0.8564,0.5998,-5.95,2.73,-16.31
0.854874,-0.3499,-0.8603,0.5968,-5.74,1.61,-14.28
0.855471,-0.3518,-0.8584,0.5998,-5.60,2.59,-16.31
0.855471,-0.3504,-0.8555,0.6017,-5.46,2.03,-14.14
0.856065,-0.3504,-0.8594,0.6012,-5.04,1.96,-16.03
0.856662,-0.3484,-0.8589,0.5998,-5.18,2.38,-14.14
0.857259,-0.3445,-0.8516,0.5968,-4.83,1.89,-15.54
0.857856,-0.3436,-0.8467,0.5963,-4.97,2.87,-13.58
0.858453,-0.3426,-0.8457,0.5949,-4.41,1.61,-15.40
0.859050,-0.3440,-0.8452,0.5939,-4.41,2.17,-13.30
0.859647,-0.3421,-0.8452,0.5973,-4.27,1.75,-15.54
0.860244,-0.3367,-0.8481,0.6007,-4.41,3.01,-12.04
0.860841,-0.3362,-0.8569,0.5978,-3.99,1.19,-15.05
0.861438,-0.3357,-0.8638,0.5954,-3.99,3.36,-12.25
0.862035,-0.3333,-0.8672,0.5919,-3.99,0.91,-13.93
0.862632,-0.3304,-0.8730,0.5895,-3.78,3.64,-12.60
0.863229,-0.3304,-0.8823,0.5851,-3.78,1.12,-13.16
0.863826,-0.3289,-0.8862,0.5876,-2.94,3.15,-12.46
0.864423,-0.3216,-0.8882,0.5924,-3.36,1.54,-12.95
0.865019,-0.3182,-0.8926,0.5910,-2.52,3.22,-11.76
0.865616,-0.3187,-0.8916,0.5934,-2.87,1.96,-13.16
0.866213,-0.3162,-0.8901,0.5949,-2.38,3.08,-11.83
0.866213,-0.3138,-0.8906,0.5944,-2.03,2.24,-12.88
0.866808,-0.3123,-0.8901,0.5944,-2.24,3.08,-11.83
0.867405,-0.3148,-0.8901,0.5963,-1.61,2.24,-13.30
0.868002,-0.3172,-0.8940,0.5968,-1.89,3.43,-11.34
0.868599,-0.3182,-0.8945,0.5983,-0.91,2.59,-13.51
0.869196,-0.3148,-0.8891,0.6012,-1.82,3.15,-11.13
0.869793,-0.3084,-0.8838,0.6022,-0.56,3.01,-14.07
0.870390,-0.3128,-0.8745,0.6027,-1.47,3.08,-11.41
0.870987,-0.3196,-0.8711,0.6017,-0.49,3.29,-14.77
0.871584,-0.3201,-0.8789,0.6032,-0.70,2.45,-11.41
0.872181,-0.3216,-0.8823,0.6041,0.00,3.22,-15.05
0.872778,-0.3245,-0.8769,0.6061,-0.21,3.36,-11.97
0.873375,-0.3284,-0.8774,0.6032,-0.14,3.15,-14.91
0.873972,-0.3323,-0.8769,0.5998,0.35,2.94,-12.67
0.874569,-0.3328,-0.8760,0.6037,0.00,3.43,-15.33
0.875165,-0.3367,-0.8804,0.6061,0.63,2.94,-12.53
0.875762,-0.3421,-0.8828,0.6076,0.07,3.43,-15.40
0.876359,-0.3479,-0.8838,0.6066,1.47,3.22,-13.37
0.876956,-0.3533,-0.8857,0.6037,0.14,3.15,-15.68
0.877929,-0.3577,-0.8828,0.6061,1.54,3.43,-13.58
0.878526,-0.3601,-0.8760,0.6066,0.77,3.01,-15.47
0.879123,-0.3626,-0.8750,0.6061,1.75,2.94,-14.14
0.879720,-0.3670,-0.8779,0.6100,0.77,3.15,-15.26
0.880317,-0.3719,-0.8784,0.6095,1.96,3.01,-14.42
0.880914,-0.3743,-0.8808,0.6090,1.47,2.66,-15.05
0.881511,-0.3767,-0.8847,0.6095,2.38,2.94,-14.63
0.882108,-0.3806,-0.8857,0.6120,1.82,2.59,-14.91
0.882705,-0.3860,-0.8852,0.6129,2.31,3.01,-15.26
0.883302,-0.3894,-0.8847,0.6100,2.38,2.10,-14.49
0.883899,-0.3928,-0.8823,0.6076,2.45,2.73,-15.47
0.884496,-0.3972,-0.8804,0.6080,3.01,2.10,-14.63
0.885093,-0.4006,-0.8813,0.6163,2.31,3.01,-15.33
0.885690,-0.4021,-0.8769,0.6159,3.50,1.47,-14.14
0.886287,-0.4055,-0.8725,0.6129,3.50,1.96,-13.72
0.886884,-0.4094,-0.8735,0.6110,2.66,2.10,-16.10
0.887480,-0.4109,-0.8740,0.6120,4.13,1.82,-13.51
0.888077,-0.4172,-0.8725,0.6154,3.01,1.33,-16.17
0.888674,-0.4163,-0.8701,0.6173,4.34,1.82,-13.65
0.889648,-0.4104,-0.8642,0.6212,3.50,0.84,-15.82
0.890245,-0.4104,-0.8594,0.6222,4.41,1.61,-12.95
0.890842,-0.4153,-0.8594,0.6178,3.43,0.91,-16.17
0.891439,-0.4182,-0.8623,0.6168,4.27,1.12,-12.60
0.892036,-0.4172,-0.8652,0.6198,3.78,0.49,-15.96
0.892633,-0.4168,-0.8667,0.6237,4.41,1.33,-12.39
0.893230,-0.4202,-0.8633,0.6237,3.78,0.07,-15.82
0.893827,-0.4221,-0.8589,0.6251,4.90,1.12,-12.04
0.894424,-0.4202,-0.8555,0.6266,3.85,-0.14,-15.61
0.895021,-0.4221,-0.8520,0.6266,4.90,0.98,-11.83
0.895618,-0.4260,-0.8564,0.6315,4.13,-0.91,-15.61
0.896215,-0.4358,-0.8613,0.6339,4.06,-0.77,-15.12
0.896812,-0.4377,-0.8589,0.6359,5.67,0.21,-11.62
0.897409,-0.4358,-0.8599,0.6349,4.41,-0.98,-15.33
0.898006,-0.4363,-0.8618,0.6354,5.53,0.28,-11.20
0.898603,-0.4387,-0.8628,0.6359,4.34,-1.12,-14.70
0.899199,-0.4392,-0.8652,0.6359,5.60,-0.21,-11.13
0.899796,-0.4368,-0.8667,0.6383,4.76,-1.26,-14.35
0.900393,-0.4412,-0.8662,0.6417,5.39,-0.77,-10.92
0.900393,-0.4436,-0.8647,0.6417,4.69,-1.33,-14.07
0.900987,-0.4431,-0.8657,0.6393,5.60,-1.19,-10.71
0.901584,-0.4465,-0.8672,0.6388,5.25,-1.61,-14.42
0.902181,-0.4475,-0.8672,0.6446,5.88,-1.26,-10.36
0.902778,-0.4460,-0.8682,0.6490,4.83,-1.89,-13.72
0.903375,-0.4485,-0.8721,0.6500,6.37,-1.75,-10.99
0.903972,-0.4529,-0.8711,0.6456,5.11,-1.96,-13.93
0.904569,-0.4519,-0.8755,0.6442,6.23,-1.89,-10.85
0.905166,-0.4499,-0.8789,0.6486,4.90,-2.03,-13.72
0.905763,-0.4529,-0.8750,0.6515,6.65,-2.59,-10.43
0.906360,-0.4534,-0.8730,0.6544,5.18,-2.31,-13.93
0.906957,-0.4524,-0.8764,0.6534,6.44,-2.17,-10.78
0.907554,-0.4538,-0.8823,0.6520,5.39,-2.87,-13.65
0.908151,-0.4568,-0.8838,0.6559,6.58,-2.17,-11.27
0.908748,-0.4587,-0.8852,0.6564,5.60,-3.29,-13.65
0.909344,-0.4592,-0.8872,0.6588,6.58,-2.31,-11.55
0.909941,-0.4587,-0.8862,0.6603,6.51,-3.64,-13.44
0.910538,-0.4587,-0.8857,0.6593,6.09,-2.66,-11.76
0.911135,-0.4612,-0.8896,0.6598,6.58,-4.06,-13.65
0.912109,-0.4626,-0.8921,0.6588,6.37,-2.66,-12.04
0.912706,-0.4616,-0.8906,0.6608,6.79,-4.20,-13.79
0.913303,-0.4631,-0.8940,0.6608,6.79,-2.66,-12.39
0.913900,-0.4665,-0.8994,0.6617,6.58,-4.62,-13.51
0.914497,-0.4690,-0.8994,0.6603,6.65,-3.15,-12.60
0.915094,-0.4665,-0.9004,0.6617,6.86,-4.27,-13.58
0.915691,-0.4665,-0.9072,0.6666,7.00,-3.22,-13.23
0.916288,-0.4704,-0.9106,0.6666,7.14,-4.48,-14.35
0.916885,-0.4714,-0.9091,0.6651,7.35,-3.29,-13.37
0.917482,-0.4729,-0.9160,0.6686,7.28,-3.57,-13.72
0.918079,-0.4763,-0.9204,0.6710,7.42,-4.34,-14.63
0.918676,-0.4768,-0.9218,0.6715,7.63,-3.85,-14.56
0.919273,-0.4778,-0.9252,0.6754,7.21,-4.41,-14.42
0.919870,-0.4797,-0.9287,0.6759,8.19,-4.27,-15.12
0.920467,-0.4782,-0.9287,0.6730,7.42,-4.55,-14.70
0.921064,-0.4792,-0.9301,0.6773,8.26,-4.13,-15.75
0.921660,-0.4797,-0.9306,0.6808,7.77,-4.69,-15.26
0.922257,-0.4782,-0.9287,0.6783,8.47,-4.13,-16.24
0.922854,-0.4758,-0.9360,0.6769,8.26,-5.04,-15.75
0.923828,-0.4778,-0.9404,0.6778,8.26,-4.06,-16.52
0.924425,-0.4812,-0.9414,0.6812,8.89,-4.97,-16.45
0.925022,-0.4787,-0.9457,0.6812,8.89,-4.27,-17.43
0.925619,-0.4792,-0.9462,0.6812,9.10,-4.83,-16.66
0.926216,-0.4773,-0.9477,0.6842,9.03,-4.69,-17.92
0.926813,-0.4748,-0.9496,0.6852,9.24,-4.90,-16.87
0.927410,-0.4782,-0.9506,0.6822,9.38,-4.55,-18.55
0.928007,-0.4782,-0.9482,0.6778,9.52,-4.83,-17.64
0.928604,-0.4831,-0.9467,0.6812,9.38,-4.06,-18.34
0.929201,-0.4846,-0.9496,0.6842,10.29,-5.04,-19.60
0.929798,-0.4826,-0.9540,0.6822,9.52,-3.99,-18.83
0.930395,-0.4831,-0.9560,0.6812,11.06,-5.39,-20.02
0.930992,-0.4817,-0.9609,0.6837,9.87,-3.92,-19.81
0.931589,-0.4797,-0.9614,0.6822,11.13,-5.60,-20.51
0.932186,-0.4831,-0.9594,0.6822,10.43,-4.34,-20.09
0.932783,-0.4860,-0.9633,0.6852,11.27,-5.25,-21.42
0.933379,-0.4856,-0.9662,0.6822,10.99,-4.13,-20.30
0.933976,-0.4812,-0.9692,0.6812,11.76,-5.39,-21.91
0.934573,-0.4782,-0.9731,0.6808,11.34,-4.27,-21.07
0.935547,-0.4787,-0.9716,0.6808,11.69,-4.76,-22.12
0.936144,-0.4792,-0.9731,0.6803,12.46,-4.48,-22.12
0.936741,-0.4807,-0.9765,0.6788,11.83,-4.69,-23.45
0.937338,-0.4802,-0.9765,0.6793,13.02,-4.48,-22.05
0.937935,-0.4826,-0.9784,0.6812,11.90,-4.62,-23.73
0.938532,-0.4826,-0.9794,0.6817,13.72,-4.55,-23.52
0.939129,-0.4782,-0.9784,0.6769,12.18,-4.13,-23.94
0.939726,-0.4768,-0.9804,0.6759,14.42,-4.48,-24.22
0.940323,-0.4807,-0.9838,0.6764,12.18,-4.27,-24.08
0.940920,-0.4846,-0.9819,0.6734,15.12,-4.13,-25.76
0.941517,-0.4851,-0.9799,0.6720,12.39,-4.13,-24.22
0.942114,-0.4851,-0.9809,0.6705,15.61,-4.06,-26.53
0.942711,-0.4856,-0.9809,0.6705,12.88,-3.99,-25.13
0.943308,-0.4856,-0.9833,0.6686,15.89,-4.20,-27.79
0.943905,-0.4860,-0.9848,0.6690,13.86,-3.99,-25.97
0.944502,-0.4939,-0.9858,0.6720,15.82,-3.71,-28.63
0.945098,-0.5007,-0.9858,0.6725,14.84,-4.06,-27.23
0.945695,-0.4978,-0.9823,0.6720,15.89,-3.64,-29.33
0.946292,-0.4948,-0.9804,0.6700,15.40,-3.64,-27.72
0.946292,-0.4978,-0.9784,0.6627,16.10,-3.78,-30.10
0.946886,-0.5051,-0.9828,0.6627,16.52,-3.57,-28.84
0.947483,-0.5085,-0.9892,0.6583,16.17,-3.64,-31.08
0.948080,-0.5114,-0.9858,0.6573,17.15,-3.57,-29.12
0.948677,-0.5158,-0.9838,0.6651,16.59,-3.92,-31.29
0.949274,-0.5168,-0.9872,0.6676,17.57,-3.15,-30.45
0.949871,-0.5163,-0.9848,0.6637,17.01,-3.99,-31.43
0.950468,-0.5197,-0.9775,0.6593,18.34,-3.01,-31.64
0.951065,-0.5280,-0.9799,0.6568,18.90,-2.66,-32.76
0.951662,-0.5305,-0.9823,0.6573,17.71,-4.20,-32.20
0.952259,-0.5329,-0.9819,0.6573,19.25,-2.59,-33.04
0.952856,-0.5378,-0.9794,0.6564,18.62,-3.85,-33.53
0.953453,-0.5383,-0.9799,0.6578,19.74,-3.15,-33.53
0.954050,-0.5378,-0.9804,0.6559,18.69,-3.71,-33.39
0.954647,-0.5402,-0.9770,0.6505,20.30,-3.36,-33.88
0.955244,-0.5441,-0.9760,0.6471,19.39,-3.92,-33.74
0.955840,-0.5456,-0.9755,0.6500,20.58,-3.08,-34.65
0.956437,-0.5436,-0.9736,0.6510,19.88,-3.71,-34.02
0.957034,-0.5417,-0.9692,0.6442,20.72,-2.73,-34.93
0.958007,-0.5441,-0.9706,0.6461,20.93,-3.71,-34.72
0.958604,-0.5480,-0.9726,0.6481,20.86,-2.73,-35.00
0.959201,-0.5495,-0.9706,0.6461,21.63,-3.57,-35.42
0.959798,-0.5519,-0.9697,0.6481,20.86,-3.08,-34.72
0.960395,-0.5553,-0.9682,0.6466,22.75,-3.36,-35.98
0.960992,-0.5578,-0.9706,0.6427,21.07,-3.08,-35.00
0.961589,-0.5592,-0.9706,0.6456,23.10,-3.22,-36.12
0.962186,-0.5597,-0.9662,0.6510,21.77,-3.01,-35.00
0.962783,-0.5641,-0.9638,0.6515,22.54,-3.15,-35.42
0.963380,-0.5661,-0.9697,0.6471,23.59,-3.22,-36.33
0.963977,-0.5675,-0.9682,0.6476,22.96,-2.94,-35.28
0.964574,-0.5680,-0.9667,0.6510,24.15,-3.50,-36.12
0.965171,-0.5685,-0.9697,0.6490,23.94,-2.94,-36.47
0.965768,-0.5724,-0.9736,0.6505,24.22,-3.43,-36.05
0.966365,-0.5773,-0.9736,0.6520,24.71,-2.94,-36.75
0.966962,-0.5783,-0.9745,0.6544,24.57,-3.29,-35.98
0.967558,-0.5832,-0.9745,0.6578,25.41,-3.15,-36.33
0.968155,-0.5900,-0.9697,0.6603,25.13,-3.29,-36.19
0.968752,-0.5866,-0.9731,0.6598,25.90,-2.87,-36.54
0.969726,-0.5836,-0.9784,0.6622,25.48,-2.87,-36.54
0.970323,-0.5880,-0.9770,0.6661,26.60,-3.15,-35.91
0.970920,-0.5885,-0.9814,0.6656,25.83,-2.66,-36.89
0.971517,-0.5895,-0.9867,0.6671,27.58,-3.22,-35.91
0.972114,-0.5954,-0.9858,0.6705,26.32,-2.24,-37.03
0.972711,-0.5978,-0.9833,0.6676,28.07,-3.50,-35.49
0.973308,-0.5915,-0.9814,0.6666,27.16,-2.10,-37.45
0.973905,-0.5954,-0.9843,0.6730,28.70,-3.22,-35.63
0.974502,-0.5998,-0.9926,0.6861,27.51,-1.82,-37.10
0.975099,-0.5949,-1.0024,0.6871,28.56,-1.96,-37.31
0.975696,-0.5939,-1.0038,0.6886,29.47,-3.22,-35.00
0.976293,-0.5949,-1.0063,0.6934,29.33,-1.54,-37.59
0.976890,-0.6002,-1.0063,0.6954,30.03,-2.87,-35.00
0.977487,-0.5993,-1.0106,0.6969,29.82,-1.33,-37.38
0.978084,-0.5944,-1.0165,0.7027,30.38,-2.66,-34.79
0.978681,-0.5924,-1.0228,0.7047,30.59,-1.75,-36.96
0.979278,-0.5919,-1.0277,0.7100,30.87,-2.38,-34.93
0.979874,-0.5944,-1.0277,0.7203,31.64,-1.61,-36.82
0.980471,-0.5939,-1.0277,0.7218,31.99,-2.10,-35.42
0.981445,-0.5929,-1.0282,0.7261,31.85,-1.54,-36.40
0.982042,-0.5929,-1.0336,0.7344,32.83,-1.96,-35.70
0.982639,-0.5910,-1.0385,0.7379,32.41,-1.26,-36.89
0.983236,-0.5905,-1.0443,0.7388,33.60,-1.05,-36.05
0.983833,-0.5919,-1.0526,0.7413,33.18,-1.19,-36.82
0.984430,-0.5856,-1.0521,0.7515,34.09,-0.56,-35.56
0.985027,-0.5846,-1.0502,0.7549,34.93,-0.07,-36.75
0.985624,-0.5832,-1.0521,0.7618,34.86,-1.33,-36.47
0.986221,-0.5846,-1.0541,0.7632,35.42,0.98,-37.52
0.986818,-0.5832,-1.0599,0.7632,35.42,-1.47,-36.47
0.987415,-0.5802,-1.0658,0.7662,35.84,1.54,-37.73
0.988012,-0.5846,-1.0702,0.7671,36.33,-0.84,-36.47
0.988609,-0.5900,-1.0726,0.7735,36.61,1.68,-37.80
0.989206,-0.5856,-1.0707,0.7784,37.24,-0.42,-37.03
0.989803,-0.5832,-1.0716,0.7813,37.52,1.82,-38.43
0.990400,-0.5832,-1.0731,0.7891,37.66,0.35,-37.24
0.990997,-0.5812,-1.0721,0.7920,38.29,2.10,-38.78
0.991593,-0.5778,-1.0721,0.7886,38.15,0.84,-37.52
0.992190,-0.5797,-1.0731,0.7876,39.20,2.52,-38.92
0.992190,-0.5841,-1.0751,0.7906,38.92,1.61,-37.52
0.992784,-0.5841,-1.0775,0.7925,39.41,2.45,-39.55
0.993381,-0.5827,-1.0775,0.7930,39.62,2.17,-37.94
0.993978,-0.5851,-1.0726,0.7930,40.11,3.15,-40.18
0.994575,-0.5827,-1.0765,0.7954,40.53,2.80,-38.36
0.995172,-0.5773,-1.0765,0.7984,41.44,3.43,-39.06
0.995769,-0.5758,-1.0760,0.7984,40.95,3.57,-40.67
0.996366,-0.5783,-1.0785,0.7984,42.00,4.20,-39.48
0.996963,-0.5802,-1.0819,0.7984,41.51,3.99,-41.09
0.997560,-0.5832,-1.0809,0.7984,42.49,4.97,-40.46
0.998157,-0.5876,-1.0775,0.7964,42.07,4.62,-41.37
0.998754,-0.5876,-1.0795,0.7940,43.33,5.25,-40.95
0.999351,-0.5856,-1.0809,0.7910,42.63,5.39,-42.21
0.999948,-0.5832,-1.0790,0.7925,43.89,5.88,-41.51
1.000545,-0.5836,-1.0760,0.7979,43.19,6.23,-43.05
1.001142,-0.5880,-1.0716,0.7998,44.24,6.09,-41.79
1.001738,-0.5866,-1.0687,0.7984,43.33,6.58,-43.61
1.002335,-0.5812,-1.0658,0.7950,45.08,6.79,-42.49
1.002932,-0.5812,-1.0648,0.7910,43.96,6.86,-44.52
1.003906,-0.5797,-1.0668,0.7891,45.15,7.21,-43.12
1.004503,-0.5758,-1.0643,0.7930,44.45,7.70,-45.99
1.005100,-0.5754,-1.0585,0.7969,45.22,7.91,-43.96
1.005697,-0.5758,-1.0560,0.7969,45.22,8.19,-46.69
1.006294,-0.5749,-1.0482,0.7945,45.29,8.40,-44.94
1.006891,-0.5705,-1.0404,0.7950,45.64,8.33,-47.53
1.007488,-0.5656,-1.0394,0.7959,45.71,8.68,-46.41
1.008085,-0.5646,-1.0385,0.7930,45.78,9.66,-48.72
1.008682,-0.5671,-1.0331,0.7935,45.57,9.24,-47.04
1.009279,-0.5641,-1.0258,0.7945,46.27,10.43,-50.33
1.009876,-0.5578,-1.0199,0.7930,45.99,9.31,-47.95
1.010473,-0.5563,-1.0102,0.7930,46.06,11.20,-51.87
1.011070,-0.5553,-1.0033,0.7901,46.06,10.22,-49.42
1.011667,-0.5544,-0.9975,0.7881,45.78,12.11,-52.71
1.012264,-0.5529,-0.9911,0.7896,45.92,10.78,-50.68
1.012861,-0.5505,-0.9872,0.7901,45.57,12.11,-53.69
1.013458,-0.5519,-0.9794,0.7886,45.78,11.48,-52.15
1.014054,-0.5514,-0.9731,0.7915,45.50,12.88,-54.81
1.014651,-0.5510,-0.9687,0.7920,45.92,12.81,-53.83
1.015625,-0.5510,-0.9594,0.7832,45.36,12.88,-55.86
1.016222,-0.5461,-0.9467,0.7832,45.50,13.72,-55.58
1.016819,-0.5436,-0.9384,0.7823,45.15,13.79,-56.63
1.017416,-0.5475,-0.9311,0.7862,44.80,14.63,-56.63
1.018013,-0.5485,-0.9228,0.7818,44.87,14.14,-57.61
1.018610,-0.5427,-0.9160,0.7745,44.17,14.84,-57.61
1.019207,-0.5412,-0.9057,0.7730,44.66,14.98,-58.87
1.019804,-0.5417,-0.8886,0.7725,43.47,15.75,-58.52
1.020401,-0.5373,-0.8755,0.7676,43.82,15.05,-59.64
1.020998,-0.5344,-0.8672,0.7662,42.77,16.31,-59.99
1.021595,-0.5348,-0.8569,0.7691,43.26,15.75,-60.55
1.022192,-0.5324,-0.8501,0.7662,42.21,16.87,-60.27
1.022789,-0.5319,-0.8472,0.7666,42.70,16.03,-61.32
1.023386,-0.5344,-0.8384,0.7666,41.44,17.71,-61.46
1.023983,-0.5329,-0.8272,0.7623,41.79,16.45,-61.95
1.024580,-0.5334,-0.8164,0.7559,40.53,18.76,-62.72
1.025177,-0.5339,-0.8037,0.7510,40.60,17.22,-62.09
1.025773,-0.5324,-0.7901,0.7535,39.69,19.04,-63.28
1.026370,-0.5324,-0.7798,0.7540,39.48,17.64,-62.16
1.026370,-0.5319,-0.7706,0.7471,38.57,19.18,-63.77
1.026964,-0.5314,-0.7613,0.7471,38.50,18.41,-62.72
1.027561,-0.5305,-0.7564,0.7447,37.45,19.60,-64.19
1.028158,-0.5314,-0.7491,0.7432,36.75,19.32,-62.51
1.028755,-0.5305,-0.7379,0.7413,36.75,19.88,-64.61
1.029352,-0.5309,-0.7257,0.7413,35.35,20.02,-62.65
1.029949,-0.5344,-0.7183,0.7393,33.95,20.58,-62.65
1.030546,-0.5344,-0.7076,0.7398,33.74,21.00,-64.19
1.031143,-0.5344,-0.7003,0.7369,33.11,20.58,-63.28
1.031740,-0.5334,-0.6934,0.7325,32.34,21.28,-64.05
1.032337,-0.5344,-0.6895,0.7286,31.15,21.35,-62.79
1.032934,-0.5344,-0.6856,0.7237,31.22,21.49,-63.70
1.033531,-0.5324,-0.6764,0.7271,29.82,21.49,-62.51
1.034128,-0.5324,-0.6666,0.7305,29.40,21.98,-63.49
1.034725,-0.5319,-0.6559,0.7266,28.07,22.33,-62.23
1.035322,-0.5329,-0.6456,0.7237,27.93,21.91,-63.28
1.035919,-0.5329,-0.6388,0.7237,26.39,22.75,-62.02
1.036515,-0.5305,-0.6324,0.7222,26.32,22.33,-62.65
1.037112,-0.5305,-0.6285,0.7252,24.50,22.96,-61.32
1.038086,-0.5300,-0.6222,0.7247,24.57,23.03,-62.37
1.038683,-0.5280,-0.6129,0.7174,23.31,23.17,-60.69
1.039280,-0.5280,-0.6061,0.7154,22.33,23.73,-62.44
1.039877,-0.5266,-0.6032,0.7174,21.84,23.31,-59.99
1.040474,-0.5236,-0.5983,0.7144,20.65,23.94,-61.81
1.041071,-0.5251,-0.5929,0.7120,19.67,23.94,-59.01
1.041668,-0.5285,-0.5895,0.7135,18.76,24.22,-61.67
1.042265,-0.5285,-0.5856,0.7139,17.71,24.15,-58.10
1.042862,-0.5290,-0.5827,0.7110,17.22,24.15,-60.76
1.043459,-0.5270,-0.5778,0.7047,16.10,24.36,-57.89
1.044056,-0.5217,-0.5719,0.7027,14.77,24.50,-59.92
1.044653,-0.5222,-0.5685,0.7013,14.56,24.71,-57.47
1.045250,-0.5226,-0.5636,0.7022,12.67,25.06,-58.94
1.045847,-0.5261,-0.5563,0.6998,12.46,24.92,-56.98
1.046444,-0.5290,-0.5495,0.6974,10.71,24.71,-58.03
1.047041,-0.5246,-0.5475,0.6964,10.71,25.34,-56.91
1.047638,-0.5236,-0.5441,0.6900,8.96,25.20,-57.19
1.048234,-0.5241,-0.5383,0.6881,8.19,25.69,-56.00
1.048831,-0.5261,-0.5373,0.6847,7.28,25.13,-56.42
1.048831,-0.5256,-0.5368,0.6808,5.74,25.62,-55.16
1.049425,-0.5212,-0.5295,0.6822,4.97,25.34,-55.02
1.050022,-0.5231,-0.5236,0.6822,3.99,25.97,-54.74
1.050619,-0.5222,-0.5222,0.6793,2.80,25.69,-53.62
1.051216,-0.5197,-0.5222,0.6734,2.03,25.97,-53.83
1.051813,-0.5217,-0.5231,0.6671,0.84,25.90,-52.43
1.052410,-0.5226,-0.5202,0.6617,0.21,26.39,-53.83
1.053007,-0.5226,-0.5163,0.6598,-1.54,26.11,-50.75
1.053604,-0.5231,-0.5134,0.6588,-1.68,26.74,-52.64
1.054201,-0.5207,-0.5124,0.6544,-3.43,26.32,-50.12
1.054798,-0.5192,-0.5114,0.6466,-3.64,26.53,-51.59
1.055395,-0.5222,-0.5085,0.6451,-5.74,26.53,-48.44
1.055992,-0.5226,-0.5095,0.6446,-5.88,26.32,-50.47
1.056589,-0.5192,-0.5100,0.6403,-7.91,26.53,-46.97
1.057186,-0.5222,-0.5104,0.6407,-8.05,26.46,-49.42
1.057783,-0.5251,-0.5080,0.6373,-9.73,26.67,-45.64
1.058379,-0.5256,-0.5041,0.6300,-10.36,26.88,-48.79
1.058976,-0.5280,-0.5036,0.6256,-11.69,26.88,-44.24
1.059573,-0.5270,-0.5026,0.6242,-12.39,27.30,-47.81
1.060547,-0.5266,-0.5026,0.6212,-13.23,27.09,-43.12
1.061144,-0.5270,-0.5046,0.6154,-14.91,27.09,-45.64
1.061741,-0.5256,-0.5070,0.6159,-15.12,27.23,-42.00
1.062338,-0.5217,-0.5095,0.6139,-17.01,26.88,-44.87
1.062935,-0.5178,-0.5100,0.6041,-17.08,27.23,-40.74
1.063532,-0.5144,-0.5148,0.6032,-18.90,27.09,-43.47
1.064129,-0.5109,-0.5100,0.6017,-20.86,27.09,-42.77
1.064726,-0.5109,-0.5109,0.5988,-20.86,27.93,-38.57
1.065323,-0.5109,-0.5124,0.5963,-22.89,27.30,-41.44
1.065920,-0.5080,-0.5178,0.5949,-22.75,28.21,-37.59
1.066517,-0.5026,-0.5202,0.5890,-24.85,27.72,-40.25
1.067114,-0.4948,-0.5187,0.5851,-24.78,28.56,-36.61
1.067711,-0.4904,-0.5197,0.5812,-26.46,27.86,-39.48
1.068308,-0.4885,-0.5231,0.5788,-26.46,28.63,-35.70
1.068905,-0.4865,-0.5246,0.5832,-28.42,28.28,-38.36
1.069502,-0.4792,-0.5226,0.5802,-28.49,28.98,-34.93
1.070099,-0.4719,-0.5236,0.5754,-29.68,28.56,-37.59
1.070695,-0.4685,-0.5266,0.5773,-30.73,29.47,-33.81
1.071292,-0.4670,-0.5324,0.5758,-31.43,28.91,-36.19
1.072265,-0.4656,-0.5368,0.5710,-32.41,29.89,-33.25
1.072862,-0.4641,-0.5368,0.5675,-33.11,29.19,-35.07
1.073459,-0.4577,-0.5407,0.5680,-33.95,30.24,-33.11
1.074056,-0.4524,-0.5431,0.5685,-35.21,29.89,-33.74
1.074653,-0.4504,-0.5451,0.5622,-35.49,30.66,-32.06
1.075250,-0.4470,-0.5500,0.5578,-36.40,29.68,-32.90
1.075847,-0.4426,-0.5539,0.5539,-37.17,31.78,-31.71
1.076444,-0.4377,-0.5558,0.5505,-38.01,30.94,-31.85
1.077041,-0.4333,-0.5602,0.5485,-38.15,31.57,-31.01
1.077638,-0.4290,-0.5622,0.5456,-40.11,31.43,-31.01
1.078235,-0.4246,-0.5632,0.5461,-39.48,31.85,-30.45
1.078832,-0.4231,-0.5705,0.5475,-41.23,31.99,-29.96
1.079429,-0.4216,-0.5763,0.5436,-40.95,32.76,-29.54
1.080026,-0.4163,-0.5754,0.5378,-42.56,32.48,-29.05
1.080623,-0.4128,-0.5797,0.5348,-42.49,33.53,-28.84
1.081220,-0.4109,-0.5832,0.5334,-43.54,33.04,-28.21
1.081817,-0.4080,-0.5822,0.5300,-43.89,34.30,-28.63
1.082413,-0.4055,-0.5866,0.5261,-44.80,33.67,-27.02
1.083010,-0.4011,-0.5915,0.5222,-45.22,34.65,-27.51
1.083010,-0.4006,-0.5954,0.5163,-45.50,34.37,-25.97
1.083604,-0.4041,-0.5983,0.5158,-46.41,35.35,-26.74
1.084201,-0.4041,-0.6041,0.5168,-46.55,35.35,-25.55
1.084798,-0.4002,-0.6100,0.5119,-47.46,36.12,-26.11
1.085395,-0.3977,-0.6129,0.5065,-47.60,36.12,-24.15
1.085992,-0.4021,-0.6168,0.5012,-48.37,36.75,-25.76
1.086589,-0.4021,-0.6232,0.5002,-48.72,36.96,-23.66
1.087186,-0.3982,-0.6300,0.5012,-49.21,37.31,-24.64
1.087783,-0.3972,-0.6339,0.5002,-49.56,37.94,-23.03
1.088380,-0.3967,-0.6364,0.4939,-50.33,38.15,-23.80
1.088977,-0.3933,-0.6422,0.4860,-50.33,39.48,-22.19
1.089574,-0.3894,-0.6515,0.4802,-50.75,38.85,-23.10
1.090171,-0.3880,-0.6559,0.4802,-51.31,40.18,-21.49
1.090768,-0.3860,-0.6608,0.4812,-51.24,39.62,-22.47
1.091365,-0.3855,-0.6700,0.4787,-52.36,41.37,-20.44
1.091962,-0.3880,-0.6764,0.4773,-51.45,40.39,-21.91
1.092558,-0.3821,-0.6803,0.4738,-52.99,41.79,-19.18
1.093155,-0.3743,-0.6866,0.4690,-52.36,41.23,-21.00
1.093752,-0.3738,-0.6944,0.4704,-53.13,42.63,-18.34
1.093752,-0.3704,-0.6993,0.4656,-52.57,42.84,-20.44
1.094347,-0.3670,-0.7056,0.4577,-53.27,43.05,-17.99
1.094944,-0.3636,-0.7120,0.4587,-53.62,44.03,-20.23
1.095541,-0.3543,-0.7164,0.4597,-53.06,44.45,-16.73
1.096138,-0.3514,-0.7276,0.4573,-54.18,45.08,-19.81
1.096735,-0.3518,-0.7374,0.4543,-53.27,45.22,-16.45
1.097332,-0.3494,-0.7393,0.4524,-53.97,45.92,-19.74
1.097929,-0.3484,-0.7447,0.4485,-53.34,46.97,-15.54
1.098526,-0.3426,-0.7525,0.4465,-54.18,46.62,-19.11
1.099123,-0.3343,-0.7574,0.4446,-53.48,48.09,-15.47
1.099720,-0.3353,-0.7637,0.4416,-54.11,47.67,-18.69
1.100317,-0.3372,-0.7681,0.4421,-53.41,49.28,-14.56
1.100914,-0.3323,-0.7720,0.4436,-54.18,49.00,-18.62
1.101511,-0.3260,-0.7764,0.4416,-53.13,50.54,-14.21
1.102108,-0.3226,-0.7813,0.4368,-54.11,50.12,-17.85
1.102705,-0.3196,-0.7906,0.4309,-52.99,51.59,-13.79
1.103301,-0.3172,-0.7979,0.4299,-53.83,51.31,-17.29
1.103898,-0.3187,-0.8028,0.4290,-52.29,53.06,-14.00
1.104495,-0.3167,-0.8115,0.4250,-53.76,52.64,-16.59
1.104495,-0.3118,-0.8164,0.4216,-52.01,54.25,-13.93
1.105089,-0.3094,-0.8208,0.4187,-53.55,53.83,-16.03
1.105686,-0.3089,-0.8316,0.4168,-51.31,55.51,-13.79
1.106283,-0.3079,-0.8433,0.4168,-53.34,55.44,-15.47
1.106880,-0.3040,-0.8477,0.4172,-50.75,56.70,-13.65
1.107477,-0.2987,-0.8467,0.4148,-52.78,56.77,-14.98
1.108074,-0.2991,-0.8540,0.4104,-50.19,57.40,-13.58
1.108671,-0.3006,-0.8613,0.4119,-52.01,58.45,-15.05
1.109268,-0.2967,-0.8662,0.4060,-49.98,58.59,-12.67
1.109865,-0.2928,-0.8745,0.4031,-51.03,60.06,-14.42
1.110462,-0.2943,-0.8808,0.4016,-49.28,60.20,-12.88
1.111059,-0.2962,-0.8891,0.3972,-50.05,61.25,-14.14
1.111656,-0.2957,-0.8960,0.3972,-48.65,61.25,-13.09
1.112253,-0.2948,-0.9008,0.4002,-49.35,62.65,-13.30
1.112850,-0.2991,-0.9062,0.4021,-47.88,62.58,-12.95
1.113446,-0.2991,-0.9130,0.4002,-48.30,63.70,-12.88
1.114043,-0.2962,-0.9184,0.3963,-47.25,64.05,-12.74
1.114640,-0.2991,-0.9213,0.3928,-47.04,64.89,-12.53
1.115237,-0.2982,-0.9257,0.3904,-46.06,65.52,-13.09
1.116211,-0.3001,-0.9301,0.3904,-45.78,66.29,-11.97
1.116808,-0.3026,-0.9374,0.3894,-45.43,66.92,-13.09
1.117405,-0.3026,-0.9428,0.3875,-44.45,67.41,-11.62
1.118002,-0.3030,-0.9487,0.3880,-44.87,68.74,-13.09
1.118599,-0.3050,-0.9540,0.3855,-42.98,68.46,-10.78
1.119196,-0.3084,-0.9609,0.3831,-43.47,69.93,-13.23
1.119793,-0.3104,-0.9643,0.3841,-42.14,71.12,-13.65
1.120390,-0.3104,-0.9643,0.3816,-40.88,71.40,-10.01
1.120987,-0.3099,-0.9697,0.3767,-40.67,71.96,-13.72
1.121584,-0.3099,-0.9765,0.3743,-39.48,72.52,-9.38
1.122181,-0.3128,-0.9804,0.3723,-39.20,73.15,-14.07
1.122778,-0.3118,-0.9828,0.3704,-38.36,74.06,-8.89
1.123375,-0.3143,-0.9848,0.3680,-37.87,73.99,-14.21
1.123972,-0.3167,-0.9887,0.3665,-36.82,74.97,-8.82
1.124569,-0.3162,-0.9902,0.3719,-36.96,75.67,-13.79
1.125166,-0.3192,-0.9941,0.3714,-35.14,76.09,-8.54
1.125762,-0.3231,-0.9975,0.3645,-35.56,76.58,-13.58
1.126359,-0.3240,-0.9955,0.3655,-33.88,77.42,-8.19
1.126956,-0.3250,-0.9965,0.3675,-33.81,77.49,-13.37
1.127929,-0.3265,-0.9994,0.3640,-32.97,78.75,-7.56
1.128526,-0.3289,-0.9994,0.3592,-32.20,78.05,-13.09
1.129123,-0.3304,-0.9994,0.3601,-31.64,80.50,-7.84
1.129720,-0.3294,-1.0009,0.3626,-30.24,79.45,-12.95
1.130317,-0.3299,-0.9994,0.3548,-30.10,81.20,-7.35
1.130914,-0.3333,-0.9980,0.3523,-29.12,80.50,-12.25
1.131511,-0.3338,-0.9941,0.3553,-28.84,82.18,-7.00
1.132108,-0.3353,-0.9950,0.3518,-27.65,81.90,-12.46
1.132705,-0.3377,-0.9960,0.3494,-27.02,82.60,-6.16
1.133302,-0.3392,-0.9926,0.3514,-25.83,83.16,-12.39
1.133899,-0.3416,-0.9950,0.3494,-25.55,83.72,-5.81
1.134496,-0.3455,-0.9955,0.3445,-24.29,84.07,-11.48
1.135093,-0.3465,-0.9916,0.3436,-23.94,84.63,-5.53
1.135690,-0.3475,-0.9867,0.3421,-23.31,84.77,-10.64
1.136287,-0.3509,-0.9814,0.3426,-22.54,85.75,-4.97
1.136884,-0.3509,-0.9804,0.3401,-22.05,85.75,-10.50
1.137480,-0.3499,-0.9848,0.3392,-20.72,86.38,-4.97
1.138077,-0.3504,-0.9838,0.3372,-20.79,86.87,-9.52
1.138674,-0.3514,-0.9814,0.3362,-18.69,87.08,-4.48
1.138674,-0.3548,-0.9804,0.3377,-19.88,87.36,-8.54
1.139269,-0.3572,-0.9740,0.3372,-17.01,87.78,-3.85
1.139866,-0.3577,-0.9711,0.3367,-18.55,88.69,-7.77
1.140463,-0.3562,-0.9736,0.3318,-15.47,88.69,-3.43
1.141060,-0.3567,-0.9765,0.3314,-17.22,89.18,-6.86
1.141657,-0.3601,-0.9760,0.3328,-13.93,89.53,-2.73
1.142254,-0.3606,-0.9765,0.3294,-15.82,90.37,-6.23
1.142851,-0.3592,-0.9736,0.3274,-12.88,90.44,-2.10
1.143448,-0.3577,-0.9711,0.3294,-14.00,91.14,-5.39
1.144045,-0.3572,-0.9692,0.3294,-11.76,90.79,-1.82
1.144642,-0.3562,-0.9658,0.3274,-12.32,91.70,-4.62
1.145239,-0.3567,-0.9604,0.3265,-10.71,91.84,-1.26
1.145836,-0.3587,-0.9579,0.3274,-10.57,92.33,-3.71
1.146433,-0.3562,-0.9594,0.3260,-9.38,92.89,-1.33
1.147030,-0.3558,-0.9584,0.3260,-9.10,92.96,-2.66
1.147627,-0.3567,-0.9579,0.3289,-8.33,93.59,-0.21
1.148223,-0.3562,-0.9531,0.3314,-7.28,93.73,-2.24
1.148820,-0.3548,-0.9467,0.3304,-7.21,94.01,0.00
1.149417,-0.3528,-0.9477,0.3299,-6.09,94.85,-1.54
1.149417,-0.3514,-0.9487,0.3294,-5.81,94.64,0.56
1.150011,-0.3523,-0.9453,0.3274,-4.62,95.06,-0.56
1.150608,-0.3543,-0.9438,0.3265,-4.27,95.55,0.63
1.151205,-0.3523,-0.9428,0.3284,-3.64,95.27,0.07
1.151802,-0.3528,-0.9384,0.3279,-3.36,96.67,1.54
1.152399,-0.3548,-0.9321,0.3318,-2.45,95.97,2.38
1.152996,-0.3538,-0.9316,0.3318,-1.33,95.83,1.33
1.153593,-0.3558,-0.9248,0.3328,-0.70,97.79,2.03
1.154190,-0.3562,-0.9228,0.3348,-0.35,97.58,2.52
1.154787,-0.3572,-0.9189,0.3323,0.84,97.93,2.80
1.155384,-0.3587,-0.9121,0.3323,0.56,98.14,3.22
1.155981,-0.3601,-0.9082,0.3318,1.96,98.07,2.94
1.156578,-0.3592,-0.9038,0.3348,1.40,98.91,4.13
1.157175,-0.3543,-0.8994,0.3367,3.15,98.35,3.36
1.157772,-0.3567,-0.8950,0.3318,2.24,99.61,5.04
1.158368,-0.3587,-0.8901,0.3318,3.99,98.98,3.78
1.158965,-0.3582,-0.8804,0.3353,3.36,100.24,5.81
1.159562,-0.3597,-0.8764,0.3362,4.83,99.40,4.34
1.160159,-0.3601,-0.8769,0.3377,4.62,100.52,6.51
1.161132,-0.3597,-0.8725,0.3377,5.04,99.96,5.04
1.161729,-0.3592,-0.8667,0.3372,5.81,100.66,7.28
1.162326,-0.3611,-0.8608,0.3392,6.23,100.24,5.04
1.162923,-0.3650,-0.8569,0.3411,6.79,101.43,8.19
1.163520,-0.3675,-0.8525,0.3431,6.72,101.08,5.67
1.164117,-0.3665,-0.8477,0.3436,7.21,101.64,9.03
1.164714,-0.3645,-0.8413,0.3431,7.49,101.29,6.37
1.165311,-0.3645,-0.8379,0.3426,8.12,102.13,9.66
1.165908,-0.3694,-0.8355,0.3406,7.91,101.99,7.14
1.166505,-0.3704,-0.8301,0.3392,8.96,102.48,10.29
1.167102,-0.3684,-0.8203,0.3421,8.19,102.20,7.42
1.167699,-0.3675,-0.8145,0.3470,9.59,102.69,10.99
1.168296,-0.3655,-0.8159,0.3465,8.96,102.34,8.19
1.168893,-0.3675,-0.8130,0.3436,10.08,103.18,11.34
1.169490,-0.3680,-0.8052,0.3426,9.31,102.83,8.47
1.170086,-0.3665,-0.8008,0.3426,10.71,102.97,12.04
1.170683,-0.3636,-0.7940,0.3431,9.52,103.11,8.89
1.171280,-0.3621,-0.7857,0.3431,10.99,103.53,12.67
1.171877,-0.3650,-0.7828,0.3421,10.08,103.53,9.66
1.172851,-0.3670,-0.7788,0.3411,11.48,103.74,13.16
1.173448,-0.3650,-0.7740,0.3455,10.57,103.60,9.59
1.174045,-0.3587,-0.7696,0.3470,11.62,104.16,13.23
1.174642,-0.3597,-0.7637,0.3411,10.71,104.02,10.43
1.175239,-0.3636,-0.7574,0.3436,11.55,104.30,13.79
1.175836,-0.3597,-0.7486,0.3455,10.85,104.09,10.78
1.176433,-0.3553,-0.7418,0.3436,11.76,104.44,14.28
1.177030,-0.3562,-0.7359,0.3470,11.13,104.86,10.71
1.177627,-0.3558,-0.7281,0.3489,11.55,105.14,15.05
1.178224,-0.3523,-0.7247,0.3475,11.41,104.93,11.06
1.178821,-0.3528,-0.7198,0.3460,11.62,105.28,15.40
1.179418,-0.3538,-0.7105,0.3440,11.20,104.79,11.55
1.180015,-0.3548,-0.7056,0.3479,11.83,105.42,15.33
1.180612,-0.3533,-0.6993,0.3475,11.34,105.07,12.04
1.181209,-0.3533,-0.6920,0.3450,11.34,105.77,15.33
1.181806,-0.3533,-0.6871,0.3450,11.20,104.93,12.60
1.182402,-0.3543,-0.6822,0.3455,10.85,106.12,15.40
1.182999,-0.3601,-0.6778,0.3450,11.27,105.14,13.09
1.183596,-0.3582,-0.6749,0.3465,10.78,106.33,15.68
1.183596,-0.3523,-0.6676,0.3494,10.92,105.63,13.93
1.184190,-0.3504,-0.6578,0.3465,10.43,106.19,15.96
1.184787,-0.3523,-0.6554,0.3455,10.57,105.77,14.00
1.185384,-0.3558,-0.6520,0.3460,9.94,106.47,16.31
1.185981,-0.3523,-0.6446,0.3475,10.08,106.12,13.93
1.186578,-0.3543,-0.6359,0.3479,9.52,106.61,16.94
1.187175,-0.3533,-0.6320,0.3479,9.38,106.68,16.17
1.187772,-0.3533,-0.6266,0.3475,8.61,106.33,15.82
1.188369,-0.3509,-0.6207,0.3509,9.10,107.31,15.47
1.188966,-0.3484,-0.6163,0.3538,7.98,106.26,16.94
1.189563,-0.3494,-0.6144,0.3543,8.19,107.80,15.26
1.190160,-0.3494,-0.6139,0.3567,7.84,106.05,17.22
1.190757,-0.3475,-0.6124,0.3548,7.28,107.52,15.05
1.191354,-0.3440,-0.6080,0.3509,7.00,106.33,17.71
1.191951,-0.3436,-0.6071,0.3523,7.14,107.59,14.91
1.192547,-0.3455,-0.6041,0.3538,6.44,106.47,17.85
1.193144,-0.3440,-0.6022,0.3553,6.37,107.66,15.33
1.193741,-0.3421,-0.6032,0.3582,5.53,107.03,18.27
1.194338,-0.3426,-0.6022,0.3611,5.88,107.66,15.26
1.195312,-0.3416,-0.5978,0.3587,4.69,107.38,18.27
1.195909,-0.3387,-0.5958,0.3601,5.32,107.52,15.33
1.196506,-0.3362,-0.5949,0.3611,4.13,107.45,17.85
1.197103,-0.3396,-0.5919,0.3567,4.27,107.59,16.17
1.197700,-0.3411,-0.5924,0.3567,3.29,107.73,17.99
1.198297,-0.3382,-0.5915,0.3611,3.29,107.66,16.24
1.198894,-0.3382,-0.5924,0.3636,2.73,107.59,18.48
1.199491,-0.3372,-0.5915,0.3660,2.73,108.01,15.89
1.200088,-0.3372,-0.5885,0.3670,1.75,108.01,18.76
1.200685,-0.3353,-0.5866,0.3616,1.82,107.94,16.24
1.201282,-0.3304,-0.5846,0.3650,1.26,107.94,19.04
1.201879,-0.3318,-0.5861,0.3694,0.70,107.87,15.82
1.202476,-0.3328,-0.5856,0.3704,0.49,108.29,19.11
1.203073,-0.3309,-0.5851,0.3723,0.00,108.43,15.61
1.203670,-0.3294,-0.5905,0.3704,-0.07,108.22,18.90
1.204267,-0.3294,-0.5929,0.3680,-1.33,108.22,16.17
1.204863,-0.3314,-0.5910,0.3709,-0.49,108.22,19.39
1.205460,-0.3318,-0.5924,0.3728,-2.10,108.22,15.96
1.206057,-0.3338,-0.5944,0.3738,-1.19,108.36,19.25
1.206057,-0.3314,-0.5949,0.3738,-2.94,108.15,16.59
1.206651,-0.3270,-0.5963,0.3738,-2.10,108.64,19.32
1.207248,-0.3260,-0.5993,0.3748,-3.64,108.50,17.08
1.207845,-0.3270,-0.6066,0.3743,-2.94,108.71,19.18
1.208442,-0.3265,-0.6080,0.3758,-4.34,108.57,17.29
1.209039,-0.3265,-0.6076,0.3767,-3.92,108.85,19.67
1.209636,-0.3235,-0.6139,0.3787,-4.76,108.57,17.22
1.210233,-0.3187,-0.6163,0.3797,-4.83,109.27,19.53
1.210830,-0.3192,-0.6149,0.3767,-5.11,108.36,17.36
1.211427,-0.3196,-0.6212,0.3758,-5.39,109.55,19.95
1.212024,-0.3138,-0.6256,0.3758,-5.67,108.29,17.43
1.212621,-0.3118,-0.6285,0.3753,-6.16,109.76,20.16
1.213218,-0.3123,-0.6310,0.3762,-6.51,108.22,18.06
1.213815,-0.3089,-0.6334,0.3787,-6.65,109.55,20.44
1.214412,-0.3079,-0.6403,0.3826,-7.21,108.50,18.06
1.215008,-0.3065,-0.6422,0.3777,-7.00,109.62,20.58
1.215605,-0.3035,-0.6451,0.3719,-8.19,108.99,18.69
1.216202,-0.3006,-0.6510,0.3758,-7.77,109.69,20.51
1.216799,-0.3011,-0.6505,0.3797,-8.68,108.85,19.32
1.216799,-0.2977,-0.6544,0.3811,-7.91,109.55,20.44
1.217394,-0.2957,-0.6622,0.3792,-9.31,109.13,19.53
1.217991,-0.2996,-0.6642,0.3811,-8.19,109.76,20.44
1.218588,-0.3016,-0.6686,0.3787,-9.94,108.99,20.44
1.219185,-0.2987,-0.6739,0.3762,-8.54,110.04,20.37
1.219782,-0.2928,-0.6793,0.3777,-10.50,109.20,21.14
1.220379,-0.2933,-0.6856,0.3772,-9.45,109.90,20.65
1.220976,-0.2933,-0.6900,0.3777,-10.36,109.69,21.21
1.221573,-0.2923,-0.6939,0.3792,-10.08,109.90,21.28
1.222170,-0.2923,-0.6988,0.3831,-10.36,109.20,21.21
1.222767,-0.2933,-0.7013,0.3850,-10.57,110.39,21.28
1.223364,-0.2938,-0.7013,0.3806,-10.57,109.06,21.70
1.223961,-0.2923,-0.7047,0.3777,-10.64,110.74,21.28
1.224558,-0.2904,-0.7110,0.3792,-10.64,109.06,22.26
1.225155,-0.2908,-0.7169,0.3797,-11.20,111.30,21.56
1.225751,-0.2904,-0.7203,0.3782,-10.85,109.13,23.10
1.226348,-0.2884,-0.7198,0.3802,-11.48,111.23,21.28
1.226945,-0.2865,-0.7237,0.3802,-10.92,109.41,23.52
1.227542,-0.2850,-0.7320,0.3802,-11.69,111.30,21.63
1.228515,-0.2874,-0.7335,0.3816,-11.06,109.48,23.73
1.229112,-0.2869,-0.7388,0.3811,-12.04,111.02,22.12
1.229709,-0.2869,-0.7466,0.3850,-11.34,109.90,23.80
1.230306,-0.2855,-0.7476,0.3826,-11.97,111.58,22.26
1.230903,-0.2782,-0.7501,0.3762,-11.62,109.97,24.01
1.231500,-0.2752,-0.7510,0.3792,-11.48,111.09,22.26
1.232097,-0.2747,-0.7554,0.3806,-12.11,109.97,24.71
1.232694,-0.2723,-0.7608,0.3743,-11.20,111.44,22.61
1.233291,-0.2655,-0.7588,0.3743,-12.25,110.67,25.06
1.233888,-0.2606,-0.7613,0.3787,-11.13,111.58,23.03
1.234485,-0.2577,-0.7701,0.3806,-12.32,110.60,25.34
1.235082,-0.2538,-0.7725,0.3782,-11.62,111.79,23.80
1.235679,-0.2538,-0.7730,0.3748,-12.04,110.95,25.27
1.236276,-0.2508,-0.7754,0.3723,-11.27,112.00,23.87
1.236873,-0.2469,-0.7818,0.3723,-12.32,111.30,25.97
1.237469,-0.2455,-0.7832,0.3714,-10.78,112.00,24.29
1.238066,-0.2411,-0.7823,0.3699,-12.39,112.00,26.25
1.238663,-0.2377,-0.7901,0.3714,-10.29,112.28,24.85
1.239260,-0.2347,-0.7954,0.3704,-12.39,112.07,26.46
1.239260,-0.2308,-0.7974,0.3640,-10.36,112.21,25.34
1.239854,-0.2298,-0.7974,0.3621,-12.04,112.63,27.09
1.240451,-0.2269,-0.8028,0.3636,-10.29,112.49,25.55
1.241048,-0.2230,-0.8042,0.3640,-11.20,112.91,27.58
1.241645,-0.2201,-0.8018,0.3670,-10.64,113.12,26.46
1.242242,-0.2172,-0.8057,0.3650,-10.78,113.40,28.00
1.242839,-0.2181,-0.8086,0.3636,-10.50,113.19,27.09
1.243436,-0.2167,-0.8150,0.3601,-10.43,113.26,28.91
1.244033,-0.2123,-0.8169,0.3567,-10.15,113.68,27.72
1.244630,-0.2079,-0.8154,0.3553,-10.08,113.82,29.75
1.245227,-0.2064,-0.8194,0.3523,-10.22,113.75,28.14
1.245824,-0.2059,-0.8213,0.3548,-9.73,113.96,30.52
1.246421,-0.2035,-0.8203,0.3558,-9.87,114.38,28.91
1.247018,-0.2020,-0.8242,0.3538,-9.03,114.38,31.71
1.247614,-0.2006,-0.8296,0.3538,-9.59,114.80,29.47
1.248211,-0.1991,-0.8306,0.3538,-8.33,114.73,32.90
1.248808,-0.1976,-0.8330,0.3509,-9.59,115.08,30.24
1.249405,-0.1957,-0.8394,0.3479,-7.84,115.08,33.81
1.250002,-0.1947,-0.8438,0.3489,-9.31,115.36,31.43
1.250002,-0.1952,-0.8452,0.3470,-6.86,115.36,34.79
1.250597,-0.1918,-0.8452,0.3455,-9.10,115.71,32.76
1.251194,-0.1864,-0.8491,0.3479,-6.72,115.92,35.56
1.251791,-0.1884,-0.8555,0.3494,-8.12,116.20,34.02
1.252388,-0.1859,-0.8550,0.3460,-6.23,115.99,36.61
1.252985,-0.1854,-0.8560,0.3440,-7.63,116.62,35.35
1.253582,-0.1879,-0.8618,0.3475,-5.81,116.55,37.80
1.254179,-0.1806,-0.8662,0.3523,-5.18,116.48,38.57
1.254776,-0.1845,-0.8677,0.3484,-5.81,116.97,37.94
1.255373,-0.1864,-0.8667,0.3489,-4.76,117.25,39.20
1.255970,-0.1884,-0.8701,0.3509,-5.39,117.46,40.18
1.256567,-0.1864,-0.8769,0.3509,-4.55,117.53,40.88
1.257164,-0.1854,-0.8799,0.3509,-4.34,118.02,41.23
1.257761,-0.1869,-0.8750,0.3514,-3.92,117.88,41.58
1.258357,-0.1859,-0.8779,0.3543,-3.71,118.44,42.35
1.258954,-0.1879,-0.8843,0.3543,-3.15,118.23,42.77
1.259551,-0.1903,-0.8857,0.3528,-3.01,118.86,43.82
1.260148,-0.1903,-0.8862,0.3509,-2.59,118.23,44.10
1.260745,-0.1923,-0.8886,0.3494,-2.10,118.79,45.08
1.261718,-0.1932,-0.8916,0.3523,-1.61,118.79,44.87
1.262315,-0.1986,-0.8974,0.3484,-1.12,118.86,46.76
1.262912,-0.2030,-0.9008,0.3455,-1.40,119.49,45.71
1.263509,-0.2020,-0.8950,0.3504,-0.42,118.86,48.30
1.264106,-0.2035,-0.8940,0.3484,-0.77,119.98,46.41
1.264703,-0.2069,-0.8969,0.3455,0.42,118.86,50.33
1.265300,-0.2079,-0.9008,0.3465,0.00,120.05,47.04
1.265897,-0.2074,-0.9033,0.3479,1.33,118.93,51.52
1.266494,-0.2084,-0.9023,0.3494,1.05,120.33,47.95
1.267091,-0.2118,-0.9033,0.3504,2.03,119.42,52.71
1.267688,-0.2152,-0.9057,0.3494,1.89,120.05,48.93
1.268285,-0.2167,-0.9052,0.3504,2.66,119.63,53.97
1.268882,-0.2172,-0.9033,0.3484,2.52,120.19,49.77
1.269479,-0.2196,-0.9013,0.3484,3.64,120.05,54.88
1.270075,-0.2230,-0.9018,0.3479,3.57,119.98,51.03
1.270672,-0.2269,-0.9082,0.3475,4.34,119.91,55.86
1.271269,-0.2318,-0.9087,0.3470,4.48,119.56,51.94
1.271866,-0.2303,-0.9082,0.3440,5.18,120.19,57.26
1.272463,-0.2342,-0.9082,0.3450,5.32,119.91,52.99
1.273437,-0.2377,-0.9067,0.3445,5.95,120.05,57.89
1.274034,-0.2391,-0.9091,0.3411,6.16,119.91,53.76
1.274631,-0.2420,-0.9116,0.3406,6.58,120.19,58.38
1.275228,-0.2420,-0.9140,0.3431,6.65,119.98,55.51
1.275825,-0.2460,-0.9140,0.3396,7.84,120.19,59.29
1.276422,-0.2523,-0.9091,0.3367,7.49,119.63,56.00
1.277019,-0.2567,-0.9101,0.3377,8.40,120.33,59.99
1.277616,-0.2572,-0.9130,0.3362,8.05,119.56,56.98
1.278213,-0.2591,-0.9111,0.3353,9.59,120.26,60.41
1.278810,-0.2621,-0.9101,0.3382,8.75,119.98,58.52
1.279407,-0.2664,-0.9096,0.3406,10.57,119.63,61.04
1.280004,-0.2694,-0.9062,0.3372,9.31,119.21,58.94
1.280601,-0.2704,-0.9072,0.3362,11.13,120.05,61.67
1.281198,-0.2757,-0.9077,0.3314,10.22,119.21,59.64
1.281795,-0.2816,-0.9048,0.3260,11.90,119.63,62.51
1.282391,-0.2869,-0.9062,0.3260,10.71,118.72,60.76
1.282988,-0.2923,-0.9028,0.3279,12.53,119.49,62.93
1.283585,-0.2982,-0.8979,0.3294,11.76,118.02,61.81
1.284182,-0.3011,-0.9028,0.3265,13.02,119.21,62.58
1.284182,-0.3011,-0.9028,0.3270,12.46,117.74,62.72
1.284776,-0.3055,-0.8940,0.3240,13.65,119.14,63.14
1.285373,-0.3148,-0.8901,0.3206,13.37,117.32,63.14
1.285970,-0.3216,-0.8940,0.3235,13.79,118.51,63.70
1.286567,-0.3274,-0.8960,0.3235,14.56,116.90,63.63
1.287164,-0.3348,-0.8945,0.3187,14.21,117.46,63.56
1.287761,-0.3377,-0.8926,0.3167,15.05,116.90,64.47
1.288358,-0.3406,-0.8906,0.3157,14.63,117.18,64.26
1.288955,-0.3494,-0.8901,0.3157,15.54,116.55,64.19
1.289552,-0.3553,-0.8886,0.3157,15.33,116.34,64.40
1.290149,-0.3597,-0.8872,0.3133,16.17,115.43,64.82
1.290746,-0.3655,-0.8862,0.3089,15.61,115.92,64.33
1.291343,-0.3714,-0.8838,0.3074,16.59,115.22,65.31
1.291940,-0.3762,-0.8833,0.3065,16.31,115.50,64.26
1.292536,-0.3826,-0.8794,0.3065,16.94,114.73,65.17
1.293133,-0.3831,-0.8779,0.3065,16.66,114.59,64.75
1.293730,-0.3845,-0.8784,0.3006,17.36,114.38,64.61
1.294327,-0.3894,-0.8750,0.3011,16.80,113.89,64.26
1.294924,-0.3914,-0.8696,0.3045,18.06,113.47,64.96
1.294924,-0.3972,-0.8652,0.3040,17.22,113.05,64.19
1.295519,-0.4070,-0.8647,0.3040,18.20,112.42,64.54
1.296116,-0.4099,-0.8599,0.3040,17.85,112.56,63.35
1.296713,-0.4119,-0.8579,0.3006,18.34,111.37,64.82
1.297310,-0.4168,-0.8560,0.2972,18.34,111.58,63.21
1.297907,-0.4207,-0.8506,0.2943,18.48,110.95,63.98
1.298504,-0.4260,-0.8472,0.2938,18.76,110.88,62.93
1.299101,-0.4314,-0.8438,0.2962,18.48,110.11,63.56
1.299698,-0.4382,-0.8457,0.2938,19.11,109.69,62.44
1.300295,-0.4451,-0.8467,0.2884,18.55,109.62,62.72
1.300892,-0.4490,-0.8408,0.2889,19.25,108.78,62.16
1.301489,-0.4519,-0.8364,0.2899,18.76,108.22,61.88
1.302086,-0.4587,-0.8369,0.2918,19.04,108.08,62.09
1.302683,-0.4636,-0.8369,0.2918,18.90,107.24,61.25
1.303279,-0.4670,-0.8384,0.2865,19.11,107.10,61.60
1.303876,-0.4699,-0.8350,0.2865,18.69,106.19,60.55
1.304473,-0.4729,-0.8286,0.2889,19.46,106.12,61.32
1.305070,-0.4729,-0.8272,0.2845,18.69,105.28,59.78
1.305667,-0.4768,-0.8262,0.2830,19.53,104.93,60.62
1.306640,-0.4841,-0.8198,0.2835,18.48,104.44,59.57
1.307237,-0.4870,-0.8179,0.2782,20.02,103.67,60.41
1.307834,-0.4900,-0.8203,0.2767,18.76,103.74,58.38
1.308431,-0.4943,-0.8154,0.2767,19.81,102.48,60.06
1.309028,-0.4978,-0.8120,0.2718,18.27,102.48,57.61
1.309625,-0.5036,-0.8130,0.2708,20.02,101.29,59.01
1.310222,-0.5080,-0.8106,0.2728,18.41,101.50,56.98
1.310819,-0.5085,-0.8101,0.2689,19.81,100.17,58.87
1.311416,-0.5134,-0.8145,0.2669,18.76,100.17,56.14
1.312013,-0.5168,-0.8135,0.2645,19.11,99.33,57.47
1.312610,-0.5173,-0.8106,0.2645,18.90,98.91,55.65
1.313207,-0.5207,-0.8076,0.2625,18.76,98.28,57.12
1.313804,-0.5212,-0.8047,0.2582,18.90,97.72,55.16
1.314401,-0.5241,-0.8062,0.2586,18.55,97.37,56.07
1.314997,-0.5246,-0.8096,0.2591,18.55,97.02,54.39
1.315594,-0.5202,-0.8067,0.2552,18.55,95.90,54.95
1.316191,-0.5197,-0.8013,0.2523,18.13,95.69,53.90
1.316788,-0.5197,-0.7979,0.2538,18.34,95.06,53.97
1.317385,-0.5178,-0.7979,0.2513,18.06,94.50,53.34
1.317385,-0.5183,-0.7993,0.2469,17.99,93.87,53.06
1.317979,-0.5192,-0.7959,0.2460,17.71,93.31,52.78
1.318576,-0.5178,-0.7969,0.2450,17.99,93.31,51.80
1.319173,-0.5124,-0.7989,0.2450,17.57,92.33,52.08
1.319770,-0.5031,-0.8013,0.2450,17.71,92.05,50.89
1.320367,-0.4987,-0.8042,0.2406,17.01,91.49,51.87
1.320964,-0.4939,-0.7998,0.2391,17.50,91.42,49.98
1.321561,-0.4880,-0.8003,0.2386,17.22,90.37,50.68
1.322158,-0.4900,-0.7989,0.2391,17.01,90.30,49.00
1.322755,-0.4856,-0.7940,0.2347,17.15,89.46,49.70
1.323352,-0.4748,-0.8018,0.2357,17.15,88.83,48.93
1.323949,-0.4675,-0.7969,0.2381,16.66,88.69,46.69
1.324546,-0.4626,-0.7974,0.2411,16.24,88.48,48.23
1.325143,-0.4568,-0.7998,0.2411,16.45,87.99,45.57
1.325739,-0.4499,-0.7979,0.2396,16.45,87.71,47.39
1.326336,-0.4475,-0.7969,0.2435,15.82,87.29,44.87
1.326933,-0.4436,-0.7974,0.2425,16.17,86.94,46.55
1.327530,-0.4377,-0.7964,0.2411,15.61,86.59,43.96
1.328127,-0.4314,-0.7964,0.2440,15.61,87.22,45.78
1.329101,-0.4211,-0.8018,0.2469,15.47,86.10,42.84
1.329698,-0.4124,-0.8067,0.2503,15.40,86.59,44.73
1.330295,-0.4060,-0.8086,0.2508,15.33,85.68,41.72
1.330892,-0.3958,-0.8086,0.2489,15.33,86.10,44.17
1.331489,-0.3865,-0.8115,0.2503,15.26,85.47,41.09
1.332086,-0.3816,-0.8169,0.2547,14.91,85.96,43.05
1.332683,-0.3797,-0.8189,0.2562,15.40,84.91,40.04
1.333280,-0.3723,-0.8194,0.2596,14.42,85.82,42.42
1.333877,-0.3592,-0.8242,0.2625,15.19,84.70,38.99
1.334474,-0.3509,-0.8291,0.2655,14.14,86.17,41.86
1.335071,-0.3318,-0.8306,0.2655,14.14,85.89,40.95
1.335668,-0.3235,-0.8316,0.2669,15.05,84.28,37.80
1.336265,-0.3148,-0.8359,0.2674,14.28,86.24,39.90
1.336862,-0.3050,-0.8394,0.2733,14.49,84.21,37.59
1.337458,-0.2977,-0.8433,0.2762,14.77,86.03,39.27
1.338055,-0.2928,-0.8428,0.2704,14.00,84.70,37.17
1.338652,-0.2865,-0.8428,0.2699,14.84,86.10,38.57
1.339249,-0.2752,-0.8442,0.2733,13.86,85.05,37.03
1.339846,-0.2640,-0.8472,0.2762,15.19,86.24,37.80
1.340820,-0.2562,-0.8525,0.2762,13.44,85.47,36.26
1.341417,-0.2494,-0.8564,0.2767,14.84,86.31,37.03
1.342014,-0.2420,-0.8584,0.2757,13.93,86.17,35.63
1.342611,-0.2367,-0.8633,0.2782,14.91,86.45,37.03
1.343208,-0.2308,-0.8628,0.2826,13.79,87.01,35.00
1.343805,-0.2196,-0.8613,0.2811,14.70,86.66,36.68
1.344402,-0.2098,-0.8647,0.2782,13.65,87.64,34.72
1.344999,-0.2045,-0.8647,0.2786,14.00,88.62,34.30
1.345596,-0.1972,-0.8672,0.2791,14.98,87.08,36.12
1.346193,-0.1913,-0.8652,0.2801,14.35,89.11,34.16
1.346790,-0.1854,-0.8657,0.2801,14.84,87.92,35.84
1.347387,-0.1781,-0.8652,0.2791,14.14,89.81,33.88
1.347984,-0.1718,-0.8618,0.2821,15.12,88.83,35.35
1.348581,-0.1659,-0.8613,0.2860,14.21,90.44,33.67
1.349177,-0.1596,-0.8603,0.2879,15.12,89.25,35.28
1.349774,-0.1581,-0.8560,0.2865,14.28,90.79,34.16
1.350371,-0.1518,-0.8550,0.2869,15.12,90.02,35.00
1.350968,-0.1425,-0.8516,0.2845,14.56,91.91,34.58
1.351565,-0.1376,-0.8477,0.2850,15.33,91.21,34.30
1.352539,-0.1327,-0.8447,0.2943,14.14,92.47,35.00
1.353136,-0.1298,-0.8389,0.2957,15.26,91.84,34.51
1.353733,-0.1264,-0.8320,0.2948,14.84,93.24,35.14
1.354330,-0.1235,-0.8247,0.2918,14.84,92.82,34.72
1.354927,-0.1210,-0.8174,0.2899,15.05,93.94,35.42
1.355524,-0.1171,-0.8140,0.2840,14.35,93.80,35.21
1.356121,-0.1171,-0.8101,0.2840,15.05,94.71,36.26
1.356718,-0.1157,-0.8052,0.2791,14.70,94.57,35.21
1.357315,-0.1127,-0.7993,0.2845,14.98,95.62,37.10
1.357912,-0.1122,-0.7935,0.2860,14.77,95.06,35.91
1.358509,-0.1103,-0.7935,0.2835,15.05,96.60,37.66
1.359106,-0.1098,-0.7906,0.2826,14.56,96.18,36.75
1.359703,-0.1078,-0.7832,0.2791,14.91,97.02,38.85
1.360300,-0.1059,-0.7764,0.2752,14.70,97.16,37.38
1.360896,-0.1083,-0.7735,0.2752,14.84,97.65,39.69
1.361493,-0.1088,-0.7725,0.2738,13.93,98.42,38.57
1.362090,-0.1078,-0.7696,0.2694,15.05,98.56,40.95
1.362687,-0.1088,-0.7637,0.2655,14.21,99.19,39.41
1.363284,-0.1078,-0.7588,0.2655,14.77,99.05,42.07
1.363284,-0.1083,-0.7584,0.2625,13.86,99.89,40.39
1.363878,-0.1122,-0.7549,0.2567,14.56,100.10,43.12
1.364475,-0.1157,-0.7481,0.2552,14.07,100.38,41.79
1.365072,-0.1118,-0.7418,0.2533,14.35,100.66,44.45
1.365669,-0.1122,-0.7403,0.2523,13.93,101.50,43.12
1.366266,-0.1147,-0.7379,0.2503,14.14,101.29,45.50
1.366863,-0.1152,-0.7349,0.2489,14.07,101.99,43.96
1.367460,-0.1147,-0.7340,0.2420,13.65,102.20,46.83
1.368057,-0.1147,-0.7300,0.2396,14.21,102.69,45.29
1.368654,-0.1196,-0.7222,0.2391,13.93,103.46,46.55
1.369251,-0.1181,-0.7159,0.2386,13.37,103.81,49.28
1.369848,-0.1196,-0.7139,0.2391,13.51,104.02,47.60
1.370445,-0.1171,-0.7086,0.2386,13.02,104.51,50.19
1.371042,-0.1205,-0.7086,0.2323,13.16,104.30,48.93
1.371638,-0.1225,-0.7086,0.2303,13.58,105.07,50.40
1.372235,-0.1220,-0.7032,0.2323,12.67,105.07,49.84
1.372832,-0.1205,-0.7022,0.2303,12.88,106.19,51.24
1.373429,-0.1205,-0.7022,0.2284,12.46,105.35,51.24
1.374026,-0.1240,-0.6978,0.2284,12.81,106.61,51.66
1.375000,-0.1220,-0.6954,0.2250,12.25,106.12,52.22
1.375597,-0.1200,-0.6959,0.2216,12.67,106.82,52.78
1.376194,-0.1220,-0.6915,0.2225,11.83,106.96,52.85
1.376791,-0.1259,-0.6847,0.2206,12.25,107.66,53.34
1.377388,-0.1264,-0.6827,0.2196,11.83,107.66,53.48
1.377985,-0.1279,-0.6783,0.2094,12.18,108.22,53.76
1.378582,-0.1274,-0.6710,0.2094,11.27,107.94,54.60
1.379179,-0.1288,-0.6671,0.2128,11.90,108.71,53.69
1.379776,-0.1376,-0.6676,0.2133,11.06,109.06,55.23
1.380373,-0.1498,-0.6539,0.2035,10.57,110.25,55.44
1.380970,-0.1566,-0.6471,0.1981,10.15,111.30,55.79
1.381567,-0.1615,-0.6437,0.1972,10.71,109.97,56.14
1.382164,-0.1654,-0.6422,0.1972,10.22,111.72,55.93
1.382761,-0.1723,-0.6422,0.1952,10.01,110.46,56.35
1.383357,-0.1762,-0.6412,0.1976,10.08,111.93,56.63
1.383954,-0.1786,-0.6403,0.1947,10.08,110.74,56.98
1.384551,-0.1815,-0.6422,0.1893,9.80,112.21,56.70
1.385148,-0.1815,-0.6442,0.1903,9.66,111.16,57.19
1.385745,-0.1830,-0.6432,0.1898,9.73,112.63,57.12
1.388672,-0.1859,-0.6412,0.1830,9.31,111.37,57.54
1.389269,-0.1840,-0.6427,0.1825,9.52,112.91,57.40
1.389866,-0.1796,-0.6451,0.1864,9.17,112.14,57.54
1.390463,-0.1801,-0.6442,0.1850,9.38,113.68,57.33
1.391060,-0.1781,-0.6486,0.1791,8.96,112.35,57.89
1.391657,-0.1776,-0.6520,0.1767,9.03,112.98,57.75
1.392254,-0.1791,-0.6549,0.1771,9.24,113.33,56.77
1.392851,-0.1791,-0.6578,0.1752,8.68,113.82,59.01
1.393448,-0.1771,-0.6573,0.1752,9.10,113.82,57.05
1.394045,-0.1708,-0.6578,0.1718,8.82,113.68,58.52
1.394642,-0.1640,-0.6588,0.1698,9.10,114.59,56.91
1.395239,-0.1615,-0.6632,0.1703,8.75,113.68,58.24
1.395836,-0.1527,-0.6676,0.1703,9.10,115.08,56.28
1.396433,-0.1464,-0.6651,0.1723,8.61,114.52,58.66
1.397030,-0.1488,-0.6647,0.1737,8.82,115.71,55.93
1.397627,-0.1474,-0.6705,0.1703,8.82,114.73,58.31
1.398223,-0.1420,-0.6749,0.1669,8.75,116.62,55.65
1.398820,-0.1357,-0.6788,0.1713,9.24,115.22,58.10
1.399417,-0.1352,-0.6803,0.1737,8.96,116.48,54.88
1.399417,-0.1308,-0.6812,0.1723,9.38,116.13,57.82
1.400011,-0.1269,-0.6871,0.1708,8.96,116.83,55.23
1.400608,-0.1288,-0.6925,0.1713,9.59,116.97,56.28
1.401205,-0.1259,-0.6920,0.1752,9.17,117.53,55.44
1.401802,-0.1225,-0.6930,0.1747,10.08,117.04,54.74
1.402399,-0.1186,-0.6978,0.1747,9.66,117.95,54.88
1.402996,-0.1191,-0.7008,0.1723,10.08,118.02,54.81
1.403593,-0.1186,-0.7052,0.1693,10.01,118.79,53.90
1.404190,-0.1166,-0.7091,0.1713,10.64,118.23,54.39
1.404787,-0.1191,-0.7139,0.1728,10.36,119.14,53.06
1.405384,-0.1191,-0.7193,0.1747,10.99,118.79,53.76
1.405981,-0.1181,-0.7218,0.1742,10.99,119.77,52.50
1.406578,-0.1171,-0.7261,0.1732,11.48,119.35,53.13
1.407175,-0.1181,-0.7335,0.1752,11.34,120.47,51.59
1.407772,-0.1215,-0.7383,0.1791,12.11,120.05,52.36
1.408368,-0.1225,-0.7413,0.1806,11.62,120.40,50.89
1.408965,-0.1215,-0.7481,0.1815,12.81,120.54,51.94
1.409562,-0.1244,-0.7486,0.1864,12.32,120.68,50.19
1.410159,-0.1259,-0.7501,0.1850,13.37,121.17,51.38
1.410159,-0.1279,-0.7559,0.1854,13.23,121.03,49.63
1.410753,-0.1288,-0.7584,0.1859,14.00,121.52,50.47
1.411350,-0.1327,-0.7603,0.1845,14.21,121.66,49.21
1.411947,-0.1357,-0.7657,0.1825,15.26,122.08,47.67
1.412544,-0.1396,-0.7740,0.1830,15.75,121.52,50.05
1.413141,-0.1449,-0.7793,0.1859,16.59,122.29,47.25
1.413738,-0.1479,-0.7823,0.1879,16.10,122.01,48.93
1.414335,-0.1503,-0.7837,0.1893,17.57,122.64,46.69
1.414932,-0.1527,-0.7862,0.1918,16.87,122.15,47.95
1.415529,-0.1557,-0.7920,0.1937,18.55,122.57,45.85
1.416126,-0.1576,-0.7984,0.1937,17.85,122.22,47.53
1.416723,-0.1610,-0.7998,0.1913,19.81,122.64,45.71
1.417320,-0.1659,-0.8003,0.1913,18.69,122.57,46.62
1.417917,-0.1708,-0.8062,0.1928,21.21,122.71,45.36
1.418514,-0.1771,-0.8106,0.1913,20.44,122.71,45.64
1.419110,-0.1786,-0.8154,0.1932,21.49,122.50,44.87
1.419707,-0.1806,-0.8169,0.1981,21.91,122.43,44.45
1.420304,-0.1825,-0.8169,0.2001,22.54,121.94,44.03
1.420901,-0.1864,-0.8208,0.1976,23.31,122.85,43.54
1.421875,-0.1884,-0.8203,0.1976,23.80,122.15,43.19
1.422472,-0.1889,-0.8213,0.2015,25.27,122.43,42.77
1.423069,-0.1908,-0.8247,0.2001,24.50,121.80,42.35
1.423666,-0.1932,-0.8272,0.1981,26.60,122.29,42.49
1.424263,-0.1967,-0.8272,0.1991,26.46,121.80,41.16
1.424860,-0.1937,-0.8252,0.1976,28.14,121.87,41.72
1.425457,-0.1913,-0.8267,0.1976,27.44,121.38,40.67
1.426054,-0.1923,-0.8257,0.2015,29.54,121.73,40.74
1.426651,-0.1913,-0.8213,0.2035,28.98,120.89,40.11
1.427248,-0.1898,-0.8179,0.1972,30.59,121.66,40.39
1.427845,-0.1942,-0.8184,0.1976,30.52,120.68,39.55
1.428442,-0.1981,-0.8198,0.2011,32.34,121.17,39.55
1.429039,-0.1942,-0.8174,0.1972,32.20,120.47,39.20
1.429636,-0.1893,-0.8125,0.1952,33.11,120.75,38.99
1.430233,-0.1898,-0.8076,0.1952,34.23,119.70,38.92
1.430829,-0.1893,-0.8028,0.1957,34.65,120.47,38.29
1.431426,-0.1869,-0.8008,0.1957,35.98,119.21,38.50
1.432023,-0.1864,-0.8023,0.1932,35.77,119.49,38.29
1.432620,-0.1854,-0.8003,0.1884,37.38,119.56,38.71
1.432620,-0.1796,-0.7984,0.1869,37.45,118.65,37.59
1.433214,-0.1781,-0.7945,0.1869,38.99,118.79,38.85
1.433811,-0.1810,-0.7901,0.1815,38.99,118.44,37.87
1.434408,-0.1781,-0.7871,0.1806,40.74,118.02,38.43
1.435005,-0.1771,-0.7828,0.1820,40.25,118.37,38.15
1.435602,-0.1771,-0.7779,0.1810,42.21,117.67,38.71
1.436199,-0.1757,-0.7769,0.1810,42.14,117.04,38.22
1.436796,-0.1728,-0.7784,0.1820,43.54,117.11,39.48
1.437393,-0.1703,-0.7769,0.1815,43.89,116.69,38.36
1.437990,-0.1698,-0.7710,0.1796,45.15,116.27,39.97
1.438587,-0.1713,-0.7666,0.1830,45.15,116.27,38.85
1.439184,-0.1723,-0.7637,0.1825,46.69,115.36,40.46
1.439781,-0.1688,-0.7584,0.1806,46.76,116.13,39.34
1.440378,-0.1679,-0.7540,0.1810,48.30,114.73,41.58
1.440975,-0.1688,-0.7544,0.1810,48.16,114.73,39.90
1.441571,-0.1654,-0.7535,0.1820,49.91,113.68,41.86
1.442168,-0.1635,-0.7496,0.1830,49.70,114.38,41.58
1.442765,-0.1679,-0.7481,0.1820,51.24,112.98,42.56
1.443362,-0.1713,-0.7457,0.1806,51.59,113.47,42.21
1.444336,-0.1688,-0.7427,0.1859,52.85,112.77,43.68
1.444933,-0.1688,-0.7466,0.1893,54.04,111.93,44.24
1.445530,-0.1635,-0.7476,0.1869,56.07,111.23,44.38
1.446127,-0.1649,-0.7462,0.1874,57.05,110.39,46.06
1.446724,-0.1659,-0.7471,0.1903,57.33,110.95,45.36
1.447321,-0.1635,-0.7457,0.1923,58.66,109.41,47.32
1.447918,-0.1615,-0.7418,0.1928,58.38,110.53,46.20
1.448515,-0.1557,-0.7408,0.1947,60.76,108.57,48.37
1.449112,-0.1493,-0.7447,0.1986,59.71,109.55,47.39
1.449709,-0.1479,-0.7422,0.2050,62.16,107.73,49.70
1.450306,-0.1469,-0.7374,0.2059,61.74,108.36,48.44
1.450903,-0.1386,-0.7359,0.2059,63.91,106.82,50.61
1.451500,-0.1337,-0.7310,0.2094,63.35,107.94,49.63
1.452097,-0.1303,-0.7261,0.2113,65.24,106.54,51.45
1.452694,-0.1225,-0.7281,0.2172,65.45,106.68,50.75
1.453290,-0.1196,-0.7271,0.2216,66.50,106.19,52.57
1.453887,-0.1132,-0.7222,0.2250,67.06,105.70,52.22
1.454484,-0.1064,-0.7242,0.2269,67.55,105.42,53.55
1.455081,-0.1005,-0.7247,0.2294,69.09,105.28,52.71
1.456054,-0.0937,-0.7232,0.2377,69.16,104.72,54.67
1.456651,-0.0708,-0.7266,0.2445,70.63,104.30,54.74
1.457248,-0.0464,-0.7208,0.2484,72.38,103.25,55.79
1.457845,-0.0415,-0.7222,0.2518,73.43,103.88,56.77
1.458442,-0.0381,-0.7257,0.2528,74.06,102.90,56.49
1.459039,-0.0293,-0.7252,0.2572,74.83,103.25,57.61
1.459636,-0.0171,-0.7227,0.2606,75.46,102.41,57.68
1.460233,-0.0068,-0.7208,0.2596,76.30,102.48,58.45
1.460830,0.0015,-0.7232,0.2611,77.28,101.92,58.24
1.461427,0.0073,-0.7242,0.2655,77.91,101.92,59.50
1.462024,0.0088,-0.7213,0.2674,78.82,101.85,58.45
1.462621,0.0185,-0.7247,0.2679,79.66,101.08,60.34
1.463218,0.0293,-0.7242,0.2723,80.08,101.57,59.29
1.463815,0.0322,-0.7203,0.2772,81.13,100.73,61.18
1.464412,0.0346,-0.7159,0.2786,81.27,101.15,59.85
1.465008,0.0376,-0.7115,0.2777,82.32,100.38,61.81
1.465605,0.0439,-0.7105,0.2738,82.81,100.87,60.90
1.466202,0.0503,-0.7081,0.2747,83.93,99.68,62.58
1.466799,0.0517,-0.6993,0.2782,84.00,100.17,61.11
1.468750,0.0576,-0.6915,0.2772,85.40,98.91,63.28
1.469347,0.0610,-0.6876,0.2767,85.54,100.17,61.60
1.469944,0.0639,-0.6817,0.2796,86.45,98.63,63.63
1.470541,0.0664,-0.6778,0.2830,86.45,99.75,62.58
1.471138,0.0644,-0.6681,0.2860,87.99,97.86,63.84
1.471735,0.0615,-0.6564,0.2855,87.64,98.98,62.65
1.472332,0.0615,-0.6471,0.2855,89.04,97.37,64.47
1.472929,0.0605,-0.6359,0.2879,88.55,98.49,63.21
1.473526,0.0561,-0.6251,0.2908,90.09,97.02,64.82
1.474123,0.0517,-0.6173,0.2957,89.46,97.44,63.91
1.474720,0.0488,-0.6066,0.2943,91.07,96.11,65.03
1.475317,0.0478,-0.5905,0.2991,90.30,96.67,64.54
1.475914,0.0400,-0.5768,0.3065,91.49,95.34,65.73
1.476511,0.0351,-0.5612,0.3030,91.42,95.62,64.89
1.477108,0.0288,-0.5422,0.3026,92.26,94.71,65.66
1.477705,0.0205,-0.5270,0.3045,92.12,94.92,66.01
1.478302,0.0166,-0.5139,0.3030,92.33,93.66,66.01
1.478898,0.0107,-0.5002,0.3074,92.82,93.80,66.92
1.479495,0.0039,-0.4870,0.3157,92.75,92.26,66.92
1.479495,-0.0044,-0.4685,0.3221,92.96,92.68,67.76
1.480089,-0.0107,-0.4490,0.3265,92.61,91.00,68.11
1.480686,-0.0151,-0.4343,0.3265,93.59,91.63,68.46
1.481283,-0.0185,-0.4211,0.3323,92.54,89.81,69.09
1.481880,-0.0268,-0.4104,0.3333,93.52,90.23,69.58
1.482477,-0.0390,-0.3982,0.3338,92.82,87.92,70.00
1.483074,-0.0464,-0.3875,0.3406,93.59,88.48,70.42
1.483671,-0.0522,-0.3748,0.3436,92.19,86.80,72.24
1.484268,-0.0517,-0.3606,0.3465,93.45,86.31,71.68
1.484865,-0.0517,-0.3504,0.3489,91.98,85.12,73.29
1.485462,-0.0566,-0.3396,0.3504,93.10,84.84,73.15
1.486059,-0.0581,-0.3309,0.3558,92.19,83.02,74.62
1.486656,-0.0600,-0.3206,0.3597,92.33,82.95,75.25
1.487253,-0.0634,-0.3113,0.3650,92.19,80.85,75.95
1.487850,-0.0664,-0.3060,0.3694,91.63,81.20,76.58
1.488447,-0.0703,-0.3001,0.3689,91.63,79.24,77.21
1.489043,-0.0717,-0.2967,0.3684,90.58,78.82,78.82
1.489640,-0.0727,-0.2928,0.3694,91.49,77.00,78.75
1.490237,-0.0742,-0.2816,0.3743,90.30,74.90,80.01
1.491211,-0.0756,-0.2782,0.3792,89.11,73.78,81.83
1.491808,-0.0771,-0.2738,0.3767,90.09,72.80,80.85
1.492405,-0.0786,-0.2699,0.3748,88.62,71.61,82.95
1.493002,-0.0786,-0.2723,0.3738,88.76,70.35,82.32
1.493599,-0.0766,-0.2723,0.3762,88.34,69.37,83.86
1.494196,-0.0761,-0.2743,0.3762,87.92,67.90,83.58
1.494793,-0.0761,-0.2791,0.3748,87.71,66.43,85.05
1.495390,-0.0776,-0.2816,0.3733,87.08,64.89,84.07
1.495987,-0.0795,-0.2835,0.3738,86.94,64.05,85.75
1.496584,-0.0805,-0.2806,0.3719,86.24,62.37,84.42
1.497181,-0.0834,-0.2796,0.3675,86.31,61.25,86.17
1.497778,-0.0854,-0.2791,0.3680,85.68,59.36,85.05
1.498375,-0.0888,-0.2772,0.3699,85.05,58.59,87.22
1.498972,-0.0922,-0.2869,0.3704,85.19,56.42,84.84
1.499569,-0.0913,-0.3070,0.3640,84.21,55.51,87.29
1.500166,-0.0874,-0.3250,0.3601,83.93,54.04,84.28
1.500762,-0.0810,-0.3377,0.3645,84.00,52.15,87.64
1.501359,-0.0737,-0.3475,0.3684,82.95,51.03,83.93
1.501956,-0.0605,-0.3538,0.3709,83.16,48.93,87.64
1.501956,-0.0478,-0.3640,0.3728,82.46,48.23,83.02
1.502550,-0.0371,-0.3728,0.3753,82.53,45.92,86.80
1.503147,-0.0220,-0.3836,0.3787,81.83,45.01,81.97
1.503744,-0.0088,-0.3938,0.3782,82.04,42.77,85.75
1.504341,0.0029,-0.3997,0.3772,81.27,41.72,81.13
1.504938,0.0224,-0.4070,0.3802,81.76,39.97,83.58
1.505535,0.0429,-0.4172,0.3811,81.06,38.57,79.03
1.506132,0.0571,-0.4294,0.3792,81.13,37.31,81.55
1.506729,0.0708,-0.4402,0.3762,80.43,35.70,77.07
1.507326,0.0849,-0.4553,0.3758,80.57,34.16,79.17
1.507923,0.1030,-0.4709,0.3777,80.36,32.69,74.20
1.508520,0.1210,-0.4870,0.3787,79.87,31.29,76.58
1.509117,0.1371,-0.5002,0.3806,80.15,29.68,71.54
1.509714,0.1557,-0.5080,0.3782,79.80,28.49,73.36
1.510311,0.1728,-0.5207,0.3767,79.87,26.74,67.97
1.510908,0.1884,-0.5353,0.3777,79.80,25.76,70.14
1.511504,0.2059,-0.5495,0.3738,80.01,23.73,64.40
1.512101,0.2264,-0.5656,0.3680,79.38,23.03,66.71
1.512698,0.2469,-0.5836,0.3655,79.80,20.79,60.97
1.513672,0.2655,-0.6002,0.3733,79.80,20.23,62.86
1.514269,0.3133,-0.6432,0.3733,80.01,17.43,58.87
1.514866,0.3367,-0.6651,0.3694,80.78,14.84,53.69
1.515463,0.3665,-0.6886,0.3670,80.57,14.56,54.60
1.516060,0.3943,-0.7144,0.3670,81.20,12.39,49.84
1.516657,0.4182,-0.7452,0.3670,81.06,11.62,50.89
1.517254,0.4436,-0.7793,0.3650,81.48,9.87,46.20
1.517851,0.4719,-0.8174,0.3650,82.25,8.61,47.04
1.518448,0.5061,-0.8530,0.3655,82.53,7.35,42.35
1.519045,0.5392,-0.8862,0.3694,83.51,6.16,43.26
1.519642,0.5710,-0.9233,0.3743,83.58,4.69,38.36
1.520239,0.6115,-0.9609,0.3787,84.91,3.01,39.69
1.520836,0.6539,-0.9984,0.3836,85.47,1.96,35.21
1.521433,0.6954,-1.0409,0.3880,86.52,0.84,35.28
1.522030,0.7427,-1.0887,0.3953,87.36,-0.49,31.85
1.522627,0.7940,-1.1346,0.4065,88.41,-1.33,31.43
1.523223,0.8472,-1.1834,0.4128,89.88,-3.08,28.28
1.523820,0.9062,-1.2327,0.4148,90.93,-3.92,27.44
1.524417,0.9638,-1.2800,0.4231,92.40,-5.04,24.64
1.525390,1.0199,-1.3322,0.4338,93.73,-5.53,23.73
1.525987,1.0809,-1.3825,0.4407,95.48,-7.42,20.65
1.526584,1.1458,-1.4337,0.4446,96.81,-7.49,19.25
1.527181,1.2151,-1.4845,0.4548,98.77,-9.38,17.64
1.527778,1.2825,-1.5352,0.4646,100.17,-8.61,15.26
1.528375,1.3527,-1.5919,0.4685,102.41,-10.78,13.65
1.528972,1.4250,-1.6441,0.4768,103.95,-10.50,11.13
1.529569,1.4923,-1.6934,0.4856,106.61,-12.46,10.01
1.530166,1.5611,-1.7485,0.4895,107.94,-11.48,7.42
1.530763,1.6304,-1.8071,0.4968,111.23,-13.44,6.16
1.531360,1.6992,-1.8661,0.5075,112.70,-12.95,3.78
1.531957,1.7680,-1.9188,0.5173,115.78,-13.93,1.82
1.532554,1.8349,-1.9676,0.5266,117.60,-13.86,0.42
1.533151,1.9071,-2.0184,0.5383,120.82,-14.77,-1.96
1.533748,1.9793,-2.0667,0.5539,123.27,-14.63,-2.94
1.534345,2.0486,-2.1111,0.5656,125.86,-15.26,-5.81
1.534941,2.1174,-2.1545,0.5793,128.80,-15.26,-7.14
1.535538,2.1867,-2.1955,0.6007,132.09,-15.61,-10.08
1.536135,2.2526,-2.2321,0.6232,134.75,-14.91,-10.08
1.536135,2.3156,-2.2712,0.6720,137.62,-15.75,-13.44
1.536729,2.4420,-2.3444,0.7022,143.78,-15.82,-17.71
1.537326,2.5039,-2.3863,0.7379,147.42,-15.82,-17.64
1.537923,2.6303,-2.4683,0.8111,149.94,-14.98,-21.28
1.538520,2.6957,-2.5044,0.8574,156.73,-15.19,-25.41
1.539117,2.7606,-2.5352,0.9062,161.00,-15.19,-23.80
1.539714,2.8250,-2.5649,0.9623,163.17,-14.77,-29.05
1.540311,2.8914,-2.5952,1.0194,167.86,-14.77,-26.74
1.540908,2.9563,-2.6230,1.0804,170.03,-14.42,-32.62
1.541505,3.0158,-2.6523,1.1483,174.72,-14.21,-30.31
1.542102,3.0778,-2.6825,1.2141,177.17,-13.93,-35.84
1.542699,3.1398,-2.7089,1.2849,182.07,-13.79,-33.32
1.543296,3.2027,-2.7367,1.3586,184.10,-13.51,-39.06
1.543893,3.2652,-2.7596,1.4342,188.58,-13.09,-36.26
1.544490,3.3247,-2.7792,1.5118,191.31,-13.09,-41.79
1.545087,3.3828,-2.8011,1.5880,195.58,-12.04,-38.78
1.545683,3.4370,-2.8231,1.7944,198.66,-13.02,-44.17
1.546280,3.4921,-2.8446,1.7534,202.09,-11.55,-41.79
1.546877,3.5536,-2.8489,1.8320,205.87,-12.81,-46.90
1.547851,3.6200,-2.8460,1.9105,209.02,-11.48,-44.17
1.548448,3.6873,-2.8387,1.9920,212.59,-12.74,-48.30
1.549045,3.7513,-2.8260,2.0725,215.60,-11.20,-45.85
1.549642,3.8132,-2.8197,2.1545,218.61,-12.46,-49.07
1.550239,3.8733,-2.8162,2.2341,221.13,-11.27,-47.39
1.550836,3.9225,-2.8172,2.3126,224.49,-12.74,-49.28
1.551433,3.9665,-2.8172,2.3873,227.22,-11.34,-48.02
1.552030,4.0094,-2.8109,2.4556,229.88,-12.95,-49.35
1.552627,4.0499,-2.7884,2.5254,232.82,-12.04,-47.46
1.553224,4.0850,-2.7504,2.6020,235.13,-13.02,-49.28
1.553821,4.1138,-2.7030,2.6796,237.44,-12.81,-46.48
1.554418,4.1451,-2.6498,2.7484,239.19,-13.72,-48.16
1.555015,4.1724,-2.5976,2.8187,242.06,-14.63,-44.59
1.555612,4.1900,-2.5444,2.8899,242.27,-14.91,-45.78
1.556209,4.2066,-2.4878,2.9558,245.42,-16.38,-42.56
1.556806,4.2202,-2.4244,3.0222,245.21,-17.08,-42.98
1.557402,4.2334,-2.3502,3.0886,247.94,-18.76,-39.34
1.557999,4.2476,-2.2653,3.1544,247.17,-19.88,-38.78
1.558596,4.2554,-2.1745,3.2179,249.34,-22.19,-35.84
1.559570,4.2578,-2.0989,3.3535,247.87,-23.17,-34.51
1.560167,4.2661,-1.9871,3.4140,247.73,-26.88,-29.33
1.560764,4.2690,-1.9061,3.4819,248.29,-30.38,-25.48
1.561361,4.2524,-1.7890,3.5600,247.38,-31.15,-24.43
1.561958,4.2246,-1.6333,3.6380,247.38,-35.42,-20.93
1.562555,4.1851,-1.4572,3.7190,244.72,-36.47,-18.83
1.563152,4.1241,-1.2873,3.7962,244.02,-41.72,-14.35
1.563749,4.0524,-1.1595,3.8728,240.17,-42.84,-11.97
1.564346,3.9811,-1.0799,3.9426,238.07,-49.00,-7.70
1.564943,3.9050,-1.0106,4.0045,234.50,-51.24,-5.46
1.565540,3.8259,-0.9326,4.0689,232.61,-57.33,-1.89
1.566137,3.7464,-0.8311,4.1353,228.76,-60.62,1.33
1.566734,3.6644,-0.6891,4.1997,225.68,-66.85,4.83
1.567331,3.5717,-0.5261,4.2612,222.18,-71.12,8.68
1.567928,3.4697,-0.3655,4.3295,217.28,-77.35,11.48
1.568525,3.3618,-0.2176,4.3876,213.08,-82.39,16.31
1.569122,3.2418,-0.1010,4.4520,207.13,-89.74,19.18
1.569718,3.1100,-0.0049,4.5160,202.79,-95.90,24.29
1.570315,2.9744,0.0864,4.5726,196.21,-102.90,26.74
1.571289,2.8236,0.1786,4.6404,191.73,-110.25,32.69
1.571886,2.6679,0.2894,4.7082,184.45,-117.81,34.79
1.572483,2.5108,0.4046,4.7795,179.90,-126.07,40.95
1.573080,2.3439,0.5124,4.8468,171.50,-134.05,42.56
1.573677,2.1721,0.5983,4.9083,166.67,-143.78,49.07
1.574274,1.9954,0.6583,4.9722,158.06,-152.11,49.91
1.574871,1.8115,0.6993,5.0376,152.53,-162.12,57.26
1.575468,1.6246,0.7374,5.1045,143.99,-171.64,57.54
1.576065,1.4440,0.7740,5.1743,138.18,-182.77,64.47
1.576662,1.2600,0.7979,5.2421,129.50,-192.92,64.19
1.577259,1.0829,0.8242,5.3055,123.41,-204.33,71.05
1.577856,0.8994,0.8335,5.3724,114.59,-215.88,70.35
1.578453,0.7110,0.8276,5.4383,107.94,-227.08,76.44
1.579050,0.5183,0.8120,5.5042,99.40,-239.54,76.16
1.579647,0.3211,0.7754,5.5612,92.19,-252.14,82.11
1.580244,0.1337,0.7266,5.6105,84.56,-265.79,80.99
1.580841,-0.0503,0.6598,5.7159,76.72,-277.97,86.10
1.581437,-0.3831,0.5207,5.8238,62.09,-305.34,89.39
1.582034,-0.6939,0.3758,5.8853,47.46,-333.34,92.40
1.583007,-0.8418,0.3060,5.9399,41.09,-348.88,93.73
1.583604,-0.9853,0.2391,6.0034,33.11,-362.81,94.99
1.584201,-1.1112,0.1757,6.0629,27.02,-378.14,96.74
1.584798,-1.2278,0.0996,6.1156,19.46,-392.84,97.79
1.585395,-1.3381,0.0127,6.1795,13.30,-408.94,99.33
1.585992,-1.4240,-0.0791,6.2415,6.02,-423.85,100.03
1.586589,-1.4928,-0.1581,6.2923,0.14,-440.09,101.78
1.587186,-1.5357,-0.2206,6.3381,-6.79,-455.07,101.22
1.587783,-1.5562,-0.2747,6.3791,-12.60,-471.73,103.60
1.588380,-1.5675,-0.3182,6.4133,-19.04,-486.78,101.92
1.588977,-1.5914,-0.3553,6.4314,-24.71,-502.25,105.28
1.589574,-1.6304,-0.3870,6.4504,-31.36,-517.23,102.06
1.590171,-1.6665,-0.4148,6.4684,-37.03,-533.12,105.56
1.590768,-1.7139,-0.4421,6.4767,-44.03,-548.31,102.34
1.591365,-1.7670,-0.4602,6.4811,-48.93,-563.57,105.21
1.591962,-1.8202,-0.4719,6.4733,-56.07,-579.46,102.13
1.592559,-1.8890,-0.4778,6.4392,-61.11,-594.37,104.86
1.593155,-2.0886,-0.4738,6.4216,-68.11,-609.91,100.80
1.593752,-2.1004,-0.4392,6.3952,-79.66,-641.69,99.82
1.594726,-2.1614,-0.4065,6.3318,-85.33,-655.90,102.76
1.595323,-2.2292,-0.3675,6.3318,-91.70,-672.42,98.84
1.595920,-2.2946,-0.3265,6.2923,-97.79,-686.63,101.71
1.596517,-2.3595,-0.2806,6.2557,-104.23,-703.36,98.98
1.597114,-2.4288,-0.2294,6.2142,-109.69,-717.36,101.36
1.597711,-2.4976,-0.1762,6.1737,-117.04,-733.18,98.84
1.598308,-2.5659,-0.1181,6.1366,-122.15,-748.44,101.15
1.598905,-2.6445,-0.0595,6.0932,-129.71,-763.42,99.54
1.599502,-2.7226,-0.0088,6.0439,-135.03,-778.05,101.64
1.600099,-2.8021,0.0381,5.9995,-142.73,-793.73,100.03
1.600696,-2.8885,0.0786,5.9565,-148.54,-807.87,102.34
1.601293,-2.9739,0.1127,5.9092,-155.75,-823.76,100.73
1.601890,-3.0539,0.1420,5.8594,-162.05,-837.41,102.69
1.602487,-3.1281,0.1615,5.8048,-168.91,-852.53,101.43
1.603084,-3.2057,0.1781,5.7501,-174.93,-867.37,103.25
1.603681,-3.2759,0.1810,5.6925,-182.00,-881.09,101.92
1.604278,-3.3311,0.1708,5.6340,-188.37,-896.49,103.04
1.604875,-3.3779,0.1484,5.5730,-194.74,-910.35,101.36
1.605471,-3.4160,0.1118,5.5115,-201.60,-924.91,102.20
1.605471,-3.4453,0.0703,5.4500,-207.62,-937.79,99.68
1.606065,-3.4707,0.0264,5.3900,-213.92,-952.98,100.80
1.606662,-3.4833,-0.0127,5.3319,-219.45,-965.65,97.51
1.607259,-3.4838,-0.0498,5.2689,-225.89,-980.07,98.07
1.607856,-3.4833,-0.0917,5.2045,-231.00,-992.11,94.85
1.608453,-3.4780,-0.1318,5.1411,-237.51,-1006.53,94.92
1.609050,-3.4663,-0.1781,5.0767,-242.55,-1018.29,91.28
1.609647,-3.4404,-0.2357,5.0127,-248.08,-1032.01,91.14
1.610244,-3.4043,-0.2894,4.9522,-253.40,-1043.07,87.15
1.610841,-3.3633,-0.3396,4.8888,-258.58,-1056.09,86.31
1.611438,-3.3111,-0.3924,4.8268,-263.06,-1067.43,83.37
1.612035,-3.2506,-0.4412,4.7668,-268.31,-1079.33,81.48
1.612632,-3.1720,-0.4787,4.7146,-272.72,-1090.04,79.24
1.613229,-3.0734,-0.5144,4.6677,-277.62,-1101.66,77.14
1.613826,-2.8611,-0.5739,4.5711,-282.10,-1111.81,74.83
1.614423,-2.7387,-0.5885,4.5389,-290.64,-1131.55,70.14
1.615020,-2.6074,-0.5973,4.5096,-294.91,-1141.70,69.44
1.615616,-2.4678,-0.5954,4.4847,-299.04,-1150.24,66.64
1.616213,-2.3341,-0.5954,4.4662,-303.59,-1159.41,65.59
1.617187,-2.1936,-0.5973,4.4545,-307.30,-1167.74,63.49
1.617784,-2.0408,-0.5915,4.4471,-311.71,-1174.95,62.37
1.618381,-1.8861,-0.5861,4.4403,-315.14,-1183.00,60.48
1.618978,-1.7246,-0.5754,4.4437,-319.83,-1189.02,59.50
1.619575,-1.5694,-0.5583,4.4535,-322.98,-1196.23,57.68
1.620172,-1.4172,-0.5422,4.4652,-327.88,-1201.27,57.05
1.620769,-1.2654,-0.5270,4.4818,-330.82,-1207.71,55.30
1.621366,-1.1356,-0.5104,4.5018,-335.51,-1211.77,54.67
1.621963,-1.0180,-0.4958,4.5267,-338.87,-1216.74,53.41
1.622560,-0.9043,-0.4734,4.5550,-342.86,-1220.66,52.92
1.623157,-0.8052,-0.4460,4.5789,-346.64,-1224.44,51.24
1.623754,-0.7198,-0.4187,4.6028,-350.14,-1227.38,51.45
1.624351,-0.6451,-0.3880,4.6331,-354.62,-1230.39,50.47
1.624948,-0.5871,-0.3592,4.6663,-357.28,-1233.12,50.54
1.625545,-0.5407,-0.3304,4.6950,-362.67,-1235.01,49.91
1.626142,-0.5017,-0.3050,4.7263,-364.70,-1237.53,49.91
1.626739,-0.4714,-0.2879,4.7814,-370.16,-1238.65,49.70
1.627336,-0.4524,-0.2513,4.8156,-377.02,-1240.75,50.12
1.627932,-0.4441,-0.2294,4.8454,-379.12,-1242.15,52.22
1.628906,-0.4460,-0.2020,4.8678,-383.95,-1241.73,51.31
1.629503,-0.4602,-0.1762,4.8907,-386.33,-1243.13,53.55
1.630100,-0.4812,-0.1625,4.9190,-391.37,-1242.15,53.34
1.630697,-0.4490,-0.0669,4.8810,-393.68,-1243.27,56.42
1.631294,4.5672,-3.7415,1.4816,-419.23,-1262.31,44.59
1.631891,3.0061,-7.9378,4.5184,-332.22,-1320.13,192.57
1.632488,-2.1492,-12.1780,5.1684,-385.70,-1020.18,-50.96
1.633085,2.6820,-11.6676,3.8201,-106.89,-1103.34,-971.11
1.633682,1.4220,-1.7500,7.1912,-379.89,-1230.32,746.13
1.634279,-0.7793,7.0296,5.4378,-143.22,-1365.70,-778.75
1.634876,-0.2440,12.2093,5.6935,-377.65,-1085.63,1036.56
1.635473,-1.8866,11.4080,5.7086,-293.65,-1213.45,-961.59
1.636070,-2.2194,6.5982,5.7852,-385.98,-1112.51,870.87
1.636667,-1.1366,-3.4228,5.3207,-395.50,-1238.16,-931.84
1.637264,-2.0262,-8.3550,5.4734,-265.30,-1225.98,1028.58
1.637861,-2.6450,-5.3011,4.7326,-429.24,-1158.08,-810.74
1.638458,-1.8627,-0.4919,5.0689,-155.54,-1273.51,981.61
1.639055,-1.5230,5.5852,5.8404,-473.13,-1148.28,-854.00
1.639651,0.3470,8.5444,5.4700,-195.93,-1244.53,879.90
1.639651,1.1854,7.2068,5.6545,-559.44,-1107.82,-743.75
1.640245,0.5290,1.7256,5.1206,-238.00,-1271.69,953.26
1.640842,-0.4475,-3.6024,5.1504,-550.55,-1116.22,-627.90
1.641439,-0.4128,-5.7433,4.6184,-236.11,-1261.89,836.57
1.642036,-0.2367,-3.3872,4.8292,-491.33,-1090.81,-604.66
1.642633,0.2235,0.0239,5.0176,-240.31,-1249.15,755.16
1.643230,0.5876,3.2979,5.3168,-478.45,-1100.33,-494.34
1.643827,0.8072,4.7053,5.2392,-311.71,-1231.79,700.42
1.644424,0.5022,3.5141,5.2260,-489.72,-1085.63,-378.21
1.645021,0.2284,0.8072,5.0957,-377.51,-1197.42,614.74
1.645618,-0.0181,-1.5055,4.9576,-463.54,-1088.01,-263.34
1.646215,-0.1669,-2.1862,4.8922,-399.49,-1185.03,549.36
1.646812,-0.1752,-1.1326,4.9166,-417.13,-1091.30,-150.22
1.647409,-0.1776,0.8525,5.0664,-422.87,-1167.18,447.86
1.648006,-0.0112,2.6035,5.1669,-406.07,-1084.79,-60.20
1.648603,0.0063,3.1603,5.1367,-476.49,-1143.73,346.15
1.649200,-0.1035,0.8667,5.0528,-517.79,-1122.45,270.83
1.649796,-0.3470,-0.3221,4.9664,-408.73,-1071.77,180.88
1.650393,-0.5007,-0.5309,4.9498,-528.57,-1105.86,181.23
1.651367,-0.4709,0.1932,5.1025,-395.50,-1065.26,276.01
1.651964,-0.3802,1.3142,5.0488,-541.66,-1090.95,99.19
1.652561,-0.2782,2.1628,5.0845,-405.58,-1055.67,375.27
1.653158,-0.2552,2.2794,5.0825,-568.89,-1074.29,31.22
1.653755,-0.3133,1.6831,5.0342,-425.53,-1041.74,470.54
1.654352,-0.3943,0.8325,4.9688,-587.86,-1057.28,-37.03
1.654949,-0.4714,0.2118,4.9215,-433.58,-1028.37,553.77
1.655546,-0.5070,0.1191,4.9059,-591.64,-1045.10,-101.22
1.656143,-0.4963,0.5119,4.9181,-437.08,-1015.14,629.02
1.656740,-0.4621,1.0487,4.9361,-600.11,-1032.71,-159.46
1.657337,-0.4260,1.3640,4.9454,-450.73,-998.48,692.79
1.657934,-0.4124,1.2683,4.9268,-617.33,-1018.50,-210.14
1.658531,-0.4451,0.8345,4.8800,-466.34,-980.63,752.57
1.659128,-0.5046,0.3118,4.8214,-630.84,-1005.27,-248.99
1.659725,-0.5671,-0.0151,4.7780,-471.59,-963.69,802.62
1.660322,-0.6027,-0.0190,4.7565,-637.28,-993.30,-286.79
1.660919,-0.6061,0.2279,4.7575,-473.62,-947.03,837.69
1.661516,-0.5978,0.5183,4.7570,-648.48,-980.70,-315.70
1.662112,-0.5924,0.6461,4.7419,-481.46,-929.60,866.88
1.663086,-0.6144,0.5412,4.7097,-664.37,-967.61,-333.06
1.663683,-0.6647,0.2796,4.6638,-488.81,-911.75,888.72
1.664280,-0.7218,0.0137,4.6131,-676.13,-954.17,-344.89
1.664877,-0.7691,-0.1127,4.5755,-490.42,-895.09,900.13
1.665474,-0.8067,-0.0561,4.5560,-684.18,-941.22,-348.25
1.666071,-0.8423,0.1181,4.5379,-492.38,-879.55,902.16
1.666668,-0.8730,0.2806,4.5164,-694.12,-927.92,-344.61
1.667265,-0.9106,0.3338,4.4891,-498.96,-864.01,897.26
1.667862,-0.9579,0.2533,4.4496,-704.76,-913.43,-332.43
1.668459,-1.0165,0.1059,4.4022,-506.03,-849.31,886.20
1.669056,-1.0829,-0.0142,4.3564,-711.20,-899.64,-312.83
1.669653,-1.1488,-0.0439,4.3212,-511.84,-835.87,868.35
1.670250,-1.2078,0.0229,4.2939,-714.14,-885.36,-288.61
1.670847,-1.2639,0.1322,4.2676,-519.96,-823.41,843.71
1.671444,-1.3191,0.2152,4.2393,-717.29,-871.08,-258.37
1.672041,-1.3752,0.2211,4.2002,-530.88,-811.93,813.82
1.672638,-1.4372,0.1498,4.1568,-719.46,-856.17,-223.37
1.673235,-1.5069,0.0542,4.1177,-543.13,-800.73,780.08
1.673831,-1.5714,-0.0093,4.0758,-718.34,-841.68,-183.75
1.673831,-1.6270,-0.0078,4.0075,-555.10,-791.70,741.93
1.674425,-1.6831,0.0454,4.0075,-715.40,-827.33,-142.03
1.675022,-1.7358,0.1059,3.9704,-568.26,-783.44,699.37
1.675619,-1.7856,0.1318,3.9323,-712.88,-812.35,-97.86
1.676216,-1.8378,0.1049,3.8889,-582.75,-775.46,654.15
1.676813,-1.8910,0.0459,3.8430,-709.24,-798.00,-51.31
1.677410,-1.9413,-0.0205,3.7957,-596.75,-768.39,606.27
1.678007,-1.9818,-0.1132,3.7513,-704.06,-783.37,-3.85
1.678604,-2.0325,-0.1874,3.7093,-610.26,-762.02,556.08
1.679201,-2.0901,-0.1498,3.6707,-697.48,-769.16,44.03
1.679798,-2.1340,-0.0547,3.6371,-623.35,-755.86,504.14
1.680395,-2.1901,-0.0073,3.5922,-692.44,-756.56,92.05
1.680992,-2.2526,-0.0332,3.5414,-637.28,-749.84,452.48
1.681589,-2.3590,-0.1664,3.4492,-687.96,-743.05,139.16
1.682186,-2.4000,-0.2123,3.2730,-682.15,-730.80,184.45
1.682783,-2.4405,-0.2181,3.3491,-660.59,-740.11,349.44
1.683380,-2.4756,-0.1972,3.3042,-676.34,-719.39,228.55
1.683976,-2.5059,-0.1801,3.2589,-671.30,-735.49,298.76
1.684573,-2.5322,-0.1874,3.2130,-672.07,-708.75,270.27
1.685547,-2.5610,-0.2206,3.1671,-681.17,-730.52,249.97
1.686144,-2.5937,-0.2694,3.1193,-668.15,-698.04,309.33
1.686741,-2.6264,-0.3177,3.0700,-689.50,-725.27,202.93
1.687338,-2.6576,-0.3509,3.0232,-664.09,-688.73,346.36
1.687935,-2.6869,-0.3582,2.9836,-696.71,-720.16,159.39
1.688532,-2.7177,-0.3504,2.9480,-659.75,-680.05,379.40
1.689129,-2.7430,-0.3548,2.9060,-703.15,-715.40,117.74
1.689726,-2.7674,-0.3806,2.8626,-657.16,-671.72,409.43
1.690323,-2.7933,-0.4226,2.8206,-709.03,-710.29,80.29
1.690920,-2.8104,-0.4651,2.7806,-653.80,-664.30,436.17
1.691517,-2.8270,-0.5022,2.7450,-714.35,-704.90,45.78
1.692114,-2.8402,-0.5236,2.7123,-649.67,-657.58,458.64
1.692711,-2.8470,-0.5246,2.6801,-717.71,-699.51,14.84
1.693308,-2.8533,-0.5217,2.6528,-646.52,-651.14,476.77
1.693905,-2.8548,-0.5285,2.6259,-721.63,-694.12,-11.34
1.694502,-2.8499,-0.5519,2.5952,-643.30,-644.70,491.12
1.695099,-2.8416,-0.5846,2.5674,-724.78,-688.73,-33.11
1.695696,-2.8319,-0.6193,2.5381,-640.64,-639.10,501.20
1.696292,-2.8192,-0.6490,2.5064,-726.67,-682.57,-51.73
1.696292,-2.8050,-0.6647,2.4781,-637.70,-634.27,507.71
1.696886,-2.7860,-0.6661,2.4522,-727.51,-676.41,-65.94
1.697483,-2.7650,-0.6695,2.4258,-635.25,-628.88,509.39
1.698080,-2.7396,-0.6852,2.3975,-728.07,-670.11,-75.53
1.698677,-2.7138,-0.7110,2.3707,-633.22,-624.26,507.43
1.699274,-2.6855,-0.7432,2.3473,-727.23,-663.25,-82.74
1.699871,-2.6567,-0.7793,2.3170,-631.61,-619.78,501.97
1.700468,-2.6332,-0.8067,2.2868,-725.55,-655.69,-85.75
1.701065,-2.6079,-0.8223,2.2643,-629.72,-615.23,493.43
1.701662,-2.5815,-0.8306,2.2414,-722.82,-648.20,-85.61
1.702259,-2.5566,-0.8379,2.2145,-628.95,-611.10,481.53
1.702856,-2.5317,-0.8564,2.1892,-719.81,-640.64,-82.18
1.703453,-2.5030,-0.8828,2.1643,-627.41,-607.18,465.50
1.704050,-2.4795,-0.9145,2.1389,-716.31,-632.31,-75.88
1.704647,-2.4561,-0.9409,2.1160,-626.50,-603.19,447.72
1.705244,-2.4302,-0.9604,2.0891,-710.99,-624.05,-68.04
1.705841,-2.4024,-0.9711,2.0672,-626.15,-598.85,427.07
1.706437,-2.3780,-0.9687,2.0437,-705.32,-616.00,-57.40
1.707034,-2.3590,-0.9716,2.0169,-625.45,-594.44,404.04
1.708007,-2.3385,-0.9819,1.9959,-699.23,-608.02,-44.87
1.708604,-2.3190,-1.0009,1.9696,-625.17,-590.38,378.63
1.709201,-2.2999,-1.0180,1.9403,-693.14,-599.69,-30.80
1.709798,-2.2829,-1.0326,1.9174,-624.75,-586.11,352.10
1.710395,-2.2648,-1.0487,1.8930,-686.00,-591.50,-15.05
1.710992,-2.2433,-1.0521,1.8661,-624.26,-582.40,323.89
1.711589,-2.2224,-1.0507,1.8402,-678.37,-583.17,0.70
1.712186,-2.2062,-1.0565,1.8158,-623.91,-577.99,294.21
1.712783,-2.1843,-1.0673,1.7949,-670.81,-574.98,17.85
1.713380,-2.1589,-1.0775,1.7758,-623.14,-573.58,264.46
1.713977,-2.1277,-1.0882,1.7485,-662.55,-567.70,34.79
1.714574,-2.0945,-1.0946,1.7222,-622.72,-568.54,234.29
1.715171,-2.0672,-1.0960,1.7012,-654.22,-560.14,51.87
1.715768,-2.0369,-1.1004,1.6777,-621.95,-563.57,203.35
1.716365,-2.0008,-1.1082,1.6265,-645.54,-552.37,69.58
1.716962,-1.9603,-1.2434,1.6060,-620.76,-558.81,173.74
1.717559,-1.8881,-1.1507,1.5816,-620.06,-553.70,144.27
1.718156,-1.8481,-1.1595,1.5577,-628.18,-536.97,101.92
1.718752,-1.8066,-1.1600,1.5411,-618.31,-548.10,116.06
1.719726,-1.7656,-1.1653,1.5030,-619.50,-529.55,117.74
1.720323,-1.7217,-1.1790,1.5030,-616.21,-542.29,88.34
1.720920,-1.6763,-1.1932,1.4894,-610.47,-522.13,131.60
1.721517,-1.6328,-1.2088,1.4708,-614.32,-535.85,62.79
1.722114,-1.5899,-1.2293,1.4498,-601.72,-515.13,144.27
1.722711,-1.5411,-1.2459,1.4342,-611.38,-529.13,38.01
1.723308,-1.4947,-1.2590,1.4196,-592.83,-507.78,155.33
1.723905,-1.4508,-1.2708,1.4079,-608.09,-522.27,15.12
1.724502,-1.4001,-1.2766,1.3928,-583.80,-500.36,164.78
1.725099,-1.3562,-1.2903,1.3781,-604.59,-515.83,-5.88
1.725696,-1.3181,-1.3098,1.3684,-575.12,-492.52,172.69
1.726293,-1.2903,-1.3342,1.3547,-600.53,-508.62,-25.27
1.726890,-1.2722,-1.3552,1.3464,-566.44,-485.17,178.92
1.727487,-1.2473,-1.3684,1.3440,-595.35,-500.85,-42.07
1.728084,-1.2132,-1.3766,1.3337,-557.76,-478.03,183.33
1.728681,-1.1673,-1.3801,1.3259,-589.89,-493.85,-58.80
1.729278,-1.1468,-1.3727,1.3220,-549.57,-471.10,184.73
1.729875,-1.1375,-1.3820,1.3186,-583.87,-485.94,-71.89
1.730471,-1.1312,-1.4030,1.3161,-541.87,-462.77,185.50
1.730471,-1.1292,-1.4225,1.3210,-577.43,-479.78,-83.30
1.731065,-1.1131,-1.4484,1.3117,-533.40,-455.98,183.12
1.731662,-1.1000,-1.4674,1.3078,-570.92,-471.66,-93.66
1.732259,-1.0756,-1.4625,1.3205,-524.86,-448.84,179.69
1.732856,-1.0487,-1.4498,1.3264,-563.36,-465.01,-101.22
1.733453,-1.0219,-1.4357,1.3254,-517.02,-442.61,175.49
1.734050,-0.9965,-1.4284,1.3264,-556.08,-457.59,-107.10
1.734647,-0.9755,-1.4416,1.3352,-509.04,-435.82,168.00
1.735244,-0.9555,-1.4538,1.3371,-548.52,-449.89,-112.07
1.735841,-0.9384,-1.4674,1.3381,-501.06,-429.73,159.95
1.736438,-0.9189,-1.4733,1.3425,-540.33,-442.26,-113.89
1.737035,-0.9008,-1.4713,1.3483,-492.94,-423.57,151.20
1.737632,-0.8808,-1.4650,1.3508,-531.93,-434.84,-115.15
1.738229,-0.8599,-1.4640,1.3498,-485.59,-417.20,140.35
1.738826,-0.8442,-1.4674,1.3537,-523.25,-427.00,-114.45
1.739423,-0.8086,-1.4762,1.3547,-514.01,-419.58,-112.07
1.740020,-0.7891,-1.4821,1.3532,-470.96,-405.23,115.99
1.740616,-0.7686,-1.4791,1.3537,-504.21,-411.53,-109.48
1.741213,-0.7510,-1.4752,1.3581,-463.75,-399.21,102.76
1.742187,-0.7300,-1.4747,1.3610,-494.55,-404.04,-104.93
1.742784,-0.7105,-1.4703,1.3591,-456.61,-393.75,88.97
1.743381,-0.6915,-1.4723,1.3537,-485.03,-396.13,-99.47
1.743978,-0.6720,-1.4855,1.3474,-449.47,-388.15,74.34
1.744575,-0.6525,-1.4938,1.3454,-474.95,-388.57,-92.96
1.745172,-0.6305,-1.4947,1.3400,-442.54,-382.06,59.08
1.745769,-0.6105,-1.4913,1.3337,-464.80,-381.57,-86.03
1.746366,-0.5949,-1.4850,1.3308,-435.75,-375.55,43.47
1.746963,-0.5797,-1.4742,1.3313,-454.44,-374.22,-78.68
1.747560,-0.5592,-1.4703,1.3342,-429.03,-369.81,27.79
1.748157,-0.5412,-1.4738,1.3259,-443.80,-367.01,-71.54
1.748754,-0.5261,-1.4689,1.3156,-422.10,-363.44,12.95
1.749351,-0.4860,-1.4596,1.3054,-433.16,-359.87,-64.26
1.749948,-0.4724,-1.4503,1.3010,-422.66,-352.31,-57.47
1.750545,-0.4582,-1.4420,1.2981,-408.17,-352.24,-16.87
1.751142,-0.4426,-1.4294,1.2932,-412.72,-345.03,-50.26
1.751739,-0.4285,-1.4118,1.2869,-401.52,-345.94,-31.08
1.752336,-0.4133,-1.3981,1.2834,-402.57,-338.10,-43.96
1.752932,-0.4041,-1.3908,1.2820,-394.38,-340.48,-45.29
1.753906,-0.3909,-1.3820,1.2751,-392.42,-331.24,-38.08
1.754503,-0.3792,-1.3684,1.2708,-387.52,-334.39,-58.38
1.755100,-0.3723,-1.3493,1.2678,-382.83,-324.24,-32.69
1.755697,-0.3577,-1.3283,1.2581,-380.24,-328.72,-71.19
1.756294,-0.3465,-1.3098,1.2556,-373.66,-317.73,-27.30
1.756891,-0.3372,-1.2947,1.2542,-373.38,-322.91,-83.09
1.757488,-0.3260,-1.2776,1.2478,-364.28,-310.94,-23.31
1.758085,-0.3177,-1.2576,1.2473,-366.52,-317.17,-94.22
1.758682,-0.3113,-1.2390,1.2410,-355.18,-304.85,-19.25
1.759279,-0.2987,-1.2156,1.2366,-359.31,-311.36,-104.02
1.759876,-0.2899,-1.1927,1.2322,-346.22,-298.97,-15.75
1.760473,-0.2845,-1.1707,1.2244,-352.52,-305.20,-112.98
1.761070,-0.2772,-1.1512,1.2234,-337.19,-293.16,-13.23
1.761667,-0.2699,-1.1307,1.2205,-345.87,-299.25,-120.75
1.762264,-0.2601,-1.1063,1.2161,-328.86,-287.00,-11.41
1.762861,-0.2528,-1.0912,1.2088,-339.71,-293.58,-126.91
1.763458,-0.2474,-1.0712,1.2000,-320.39,-281.82,-10.22
1.764055,-0.2469,-1.0433,1.2024,-333.34,-287.42,-132.51
1.764651,-0.2474,-1.0185,1.2019,-312.27,-276.36,-9.73
1.764651,-0.2416,-0.9994,1.1946,-327.18,-282.03,-136.15
1.765245,-0.2396,-0.9750,1.1927,-304.57,-271.25,-9.31
1.765842,-0.2381,-0.9511,1.1878,-320.81,-276.43,-139.79
1.766439,-0.2303,-0.9296,1.1800,-297.64,-266.35,-9.66
1.767036,-0.2235,-0.9028,1.1761,-314.51,-271.18,-141.33
1.767633,-0.2216,-0.8755,1.1732,-290.99,-260.68,-10.64
1.768230,-0.2196,-0.8545,1.1668,-308.00,-266.14,-141.96
1.768827,-0.2191,-0.8306,1.1624,-284.76,-255.92,-11.83
1.769424,-0.2172,-0.8008,1.1634,-301.56,-261.03,-141.75
1.770021,-0.2128,-0.7725,1.1590,-278.74,-251.51,-13.37
1.770618,-0.2147,-0.7457,1.1497,-295.61,-255.57,-140.35
1.771215,-0.2162,-0.7149,1.1424,-273.28,-246.96,-15.47
1.771812,-0.2103,-0.6861,1.1302,-289.80,-250.53,-137.76
1.772409,-0.2035,-0.6627,1.1219,-267.68,-243.32,-18.20
1.773006,-0.2001,-0.6095,1.1151,-262.64,-238.56,-21.28
1.773603,-0.1991,-0.5895,1.1087,-278.88,-240.17,-130.20
1.774200,-0.2059,-0.5646,1.1034,-257.81,-234.15,-24.01
1.774797,-0.2079,-0.5392,1.0975,-273.42,-236.11,-124.95
1.775393,-0.2069,-0.5158,1.0873,-253.54,-230.09,-27.16
1.776367,-0.2103,-0.4934,1.0795,-267.82,-231.84,-119.49
1.776964,-0.2147,-0.4734,1.0790,-249.55,-226.17,-30.45
1.777561,-0.2186,-0.4529,1.0721,-262.43,-227.50,-113.40
1.778158,-0.2196,-0.4294,1.0634,-245.77,-221.97,-33.46
1.778755,-0.2264,-0.4075,1.0546,-257.32,-222.81,-106.40
1.779352,-0.2342,-0.3909,1.0438,-242.34,-218.54,-37.24
1.779949,-0.2357,-0.3689,1.0380,-252.63,-219.03,-99.19
1.780546,-0.2406,-0.3465,1.0292,-239.19,-215.04,-41.09
1.781143,-0.2474,-0.3240,1.0194,-247.38,-215.39,-92.05
1.781740,-0.2513,-0.3050,1.0102,-236.60,-211.47,-44.45
1.782337,-0.2606,-0.2904,0.9999,-242.76,-211.75,-84.98
1.782934,-0.2664,-0.2723,0.9902,-233.87,-208.11,-47.60
1.783531,-0.2689,-0.2547,0.9633,-238.70,-208.46,-76.93
1.784128,-0.2869,-0.2133,0.9536,-234.64,-204.82,-69.23
1.784725,-0.3001,-0.1967,0.9453,-228.69,-202.37,-54.32
1.785322,-0.3148,-0.1820,0.9340,-231.00,-200.83,-62.44
1.785919,-0.3304,-0.1669,0.9218,-226.31,-199.22,-56.84
1.786516,-0.3426,-0.1498,0.9135,-227.36,-197.19,-55.65
1.787112,-0.3533,-0.1322,0.9091,-223.79,-197.12,-59.57
1.788086,-0.3636,-0.1152,0.8974,-223.93,-194.04,-49.00
1.788683,-0.3738,-0.0961,0.8813,-221.83,-194.67,-62.30
1.789280,-0.3855,-0.0776,0.8686,-220.71,-191.24,-43.54
1.789877,-0.3948,-0.0615,0.8579,-219.87,-192.85,-64.61
1.790474,-0.4036,-0.0439,0.8496,-218.05,-188.37,-37.59
1.791071,-0.4133,-0.0303,0.8389,-217.91,-191.03,-66.78
1.791668,-0.4246,-0.0171,0.8272,-215.39,-185.64,-32.69
1.792265,-0.4358,0.0029,0.8150,-216.58,-188.37,-69.23
1.792862,-0.4460,0.0161,0.8003,-212.52,-183.54,-28.21
1.793459,-0.4529,0.0259,0.7901,-215.32,-186.20,-71.19
1.794056,-0.4577,0.0376,0.7798,-210.00,-181.65,-24.01
1.794653,-0.4670,0.0493,0.7662,-213.78,-184.45,-73.29
1.795250,-0.4753,0.0644,0.7554,-207.41,-179.69,-20.65
1.795847,-0.4787,0.0766,0.7466,-212.94,-182.28,-74.41
1.796444,-0.4826,0.0849,0.7310,-205.31,-177.94,-18.27
1.797041,-0.4914,0.0937,0.7174,-211.89,-180.46,-75.32
1.797638,-0.4992,0.1025,0.7110,-202.86,-176.26,-16.38
1.798235,-0.5051,0.1132,0.7017,-211.26,-178.43,-75.95
1.798831,-0.5119,0.1254,0.6934,-201.18,-174.30,-15.12
1.798831,-0.5144,0.1332,0.6822,-209.72,-176.96,-76.16
1.799425,-0.5173,0.1420,0.6715,-199.57,-172.90,-14.07
1.800022,-0.5222,0.1484,0.6612,-208.67,-175.07,-76.23
1.800619,-0.5266,0.1576,0.6490,-198.24,-171.50,-13.44
1.801216,-0.5319,0.1703,0.6373,-207.55,-173.67,-75.95
1.801813,-0.5339,0.1781,0.6261,-196.70,-170.10,-12.88
1.802410,-0.5348,0.1825,0.6154,-206.71,-172.06,-75.04
1.803007,-0.5353,0.1913,0.6056,-196.14,-168.77,-12.88
1.803604,-0.5344,0.2035,0.6002,-204.96,-171.08,-73.64
1.804201,-0.5388,0.2123,0.5924,-195.37,-167.23,-13.37
1.804798,-0.5417,0.2206,0.5793,-203.98,-169.47,-72.45
1.805395,-0.5344,0.2274,0.5690,-194.46,-165.97,-14.42
1.805992,-0.5305,0.2318,0.5602,-203.14,-168.14,-69.86
1.806589,-0.5300,0.2367,0.5514,-193.48,-164.15,-15.89
1.807186,-0.5290,0.2455,0.5427,-202.37,-166.81,-66.64
1.807783,-0.5270,0.2499,0.5295,-193.13,-163.10,-17.08
1.808380,-0.5222,0.2567,0.5261,-200.90,-165.48,-64.47
1.808977,-0.5197,0.2635,0.5178,-192.57,-161.49,-18.41
1.809573,-0.5183,0.2660,0.5026,-199.64,-164.36,-61.39
1.809573,-0.5187,0.2664,0.4987,-192.50,-160.44,-19.53
1.810167,-0.5178,0.2669,0.4939,-198.03,-163.10,-57.96
1.810764,-0.5148,0.2718,0.4870,-191.80,-158.76,-21.35
1.811361,-0.5124,0.2782,0.4797,-197.33,-161.98,-54.39
1.811958,-0.5075,0.2835,0.4729,-191.59,-157.29,-22.61
1.812555,-0.5022,0.2845,0.4646,-196.49,-160.37,-51.17
1.813152,-0.4987,0.2894,0.4548,-191.45,-156.45,-23.38
1.813749,-0.4973,0.2923,0.4480,-195.51,-158.41,-47.95
1.814346,-0.4900,0.2913,0.4421,-190.68,-155.82,-25.34
1.814943,-0.4831,0.2928,0.4329,-194.67,-156.73,-44.17
1.815540,-0.4797,0.2938,0.4250,-190.33,-154.63,-26.53
1.816137,-0.4695,0.2977,0.4153,-193.97,-155.47,-40.46
1.816734,-0.4646,0.2996,0.4085,-193.13,-153.86,-37.10
1.817331,-0.4607,0.3021,0.4016,-189.56,-152.11,-28.70
1.817928,-0.4534,0.3026,0.3943,-192.22,-152.25,-33.46
1.818525,-0.4465,0.2996,0.3894,-189.42,-150.57,-29.96
1.819122,-0.4407,0.3006,0.3831,-191.17,-150.71,-30.17
1.819718,-0.4353,0.3021,0.3733,-189.07,-149.03,-30.87
1.820315,-0.4290,0.3021,0.3645,-190.12,-148.61,-26.81
1.821289,-0.4187,0.3030,0.3587,-188.72,-147.91,-31.57
1.821886,-0.4119,0.3074,0.3553,-189.21,-147.28,-23.38
1.822483,-0.4070,0.3104,0.3504,-188.72,-146.16,-32.06
1.823080,-0.3972,0.3074,0.3465,-188.16,-145.32,-20.09
1.823677,-0.3909,0.3060,0.3392,-188.16,-144.34,-32.20
1.824274,-0.3880,0.3060,0.3299,-187.25,-143.50,-17.08
1.824871,-0.3772,0.3070,0.3211,-187.81,-143.01,-31.64
1.825468,-0.3655,0.3079,0.3192,-186.41,-141.54,-14.21
1.826065,-0.3597,0.3089,0.3162,-187.46,-141.26,-31.57
1.826662,-0.3533,0.3109,0.3084,-185.57,-139.44,-11.13
1.827259,-0.3431,0.3128,0.3055,-186.97,-140.00,-31.36
1.827856,-0.3294,0.3104,0.2982,-185.15,-136.92,-8.26
1.828453,-0.3216,0.3084,0.2948,-186.27,-138.25,-30.10
1.829050,-0.3143,0.3094,0.2918,-184.31,-134.96,-5.81
1.829647,-0.3074,0.3089,0.2816,-185.85,-135.80,-29.33
1.830244,-0.3016,0.3045,0.2743,-183.33,-133.28,-2.66
1.830841,-0.2884,0.3021,0.2664,-185.08,-133.35,-27.93
1.831437,-0.2777,0.3035,0.2611,-182.35,-131.32,-0.49
1.832034,-0.2674,0.3026,0.2596,-184.87,-130.76,-26.60
1.833007,-0.2562,0.3016,0.1293,-180.95,-129.29,2.38
1.833604,-0.2513,0.3026,0.2489,-184.45,-128.66,-24.43
1.834201,-0.2474,0.3055,0.2460,-180.11,-126.98,4.62
1.834798,-0.2386,0.3084,0.2411,-183.68,-126.35,-21.98
1.835395,-0.2294,0.3074,0.2357,-179.41,-124.74,7.63
1.835992,-0.2201,0.3060,0.2347,-183.19,-124.04,-19.18
1.836589,-0.2059,0.3074,0.2303,-178.43,-122.15,9.24
1.837186,-0.1967,0.3109,0.2181,-182.42,-121.52,-16.17
1.837783,-0.1908,0.3109,0.2118,-177.59,-119.63,11.62
1.838380,-0.1815,0.3099,0.2118,-181.23,-118.72,-12.88
1.838977,-0.1737,0.3133,0.2098,-176.96,-117.11,14.21
1.839574,-0.1688,0.3113,0.2040,-180.39,-115.85,-9.24
1.840171,-0.1562,0.3089,0.1981,-179.69,-113.47,-5.81
1.840768,-0.1493,0.3104,0.1976,-175.42,-111.93,19.67
1.841365,-0.1425,0.3109,0.1942,-178.50,-110.67,-2.24
1.841962,-0.1308,0.3099,0.1884,-175.14,-108.78,22.54
1.842559,-0.1230,0.3099,0.1864,-177.31,-107.66,2.17
1.843156,-0.1186,0.3089,0.1854,-174.23,-105.98,24.71
1.843752,-0.1166,0.3035,0.1781,-176.40,-104.79,6.51
1.843752,-0.1176,0.3016,0.1693,-172.83,-103.46,26.46
1.844347,-0.1093,0.3040,0.1669,-175.91,-101.78,11.06
1.844944,-0.1030,0.3040,0.1640,-171.85,-100.17,28.35
1.845541,-0.1010,0.3026,0.1571,-174.79,-98.70,15.26
1.846138,-0.0991,0.3006,0.1518,-171.08,-96.95,30.10
1.846735,-0.0986,0.3001,0.1449,-173.88,-95.62,19.32
1.847332,-0.0961,0.3021,0.1362,-170.24,-94.15,31.92
1.847929,-0.0932,0.3011,0.1288,-172.83,-92.26,23.31
1.848526,-0.0976,0.2996,0.1235,-169.33,-91.28,33.25
1.849123,-0.0981,0.3006,0.1157,-171.22,-89.32,27.09
1.849720,-0.0956,0.2982,0.1083,-168.56,-88.06,34.09
1.850317,-0.1039,0.2933,0.0986,-170.03,-86.10,30.52
1.850914,-0.1118,0.2913,0.0864,-168.70,-83.23,33.46
1.851511,-0.1118,0.2830,0.0820,-167.16,-82.18,35.35
1.852108,-0.1196,0.2762,0.0810,-167.09,-80.08,35.49
1.852705,-0.1288,0.2728,0.0727,-166.25,-78.96,35.84
1.853302,-0.1327,0.2689,0.0644,-165.48,-77.35,37.59
1.853898,-0.1376,0.2650,0.0571,-165.20,-75.67,35.63
1.854495,-0.1430,0.2611,0.0483,-163.59,-74.48,39.55
1.855468,-0.1464,0.2533,0.0415,-164.01,-72.66,35.00
1.856065,-0.1523,0.2420,0.0332,-162.12,-71.61,41.44
1.856662,-0.1586,0.2377,0.0244,-162.96,-69.58,34.51
1.857259,-0.1620,0.2323,0.0195,-160.09,-69.02,42.77
1.857856,-0.1674,0.2157,0.0166,-161.77,-66.57,34.37
1.858453,-0.1757,0.2020,0.0102,-158.48,-65.73,43.75
1.859050,-0.1791,0.1942,0.0020,-160.09,-63.98,34.02
1.859647,-0.1801,0.1845,-0.0039,-156.94,-63.14,44.17
1.860244,-0.1869,0.1776,-0.0117,-158.55,-61.88,33.74
1.860841,-0.1957,0.1645,-0.0151,-155.33,-59.64,44.94
1.861438,-0.2030,0.1469,-0.0229,-156.24,-59.01,33.39
1.862035,-0.2098,0.1371,-0.0312,-153.30,-57.47,45.08
1.862632,-0.2157,0.1244,-0.0288,-153.72,-56.07,33.18
1.863229,-0.2201,0.1142,-0.0303,-151.48,-54.88,45.57
1.863826,-0.2235,0.1044,-0.0371,-151.69,-53.83,32.69
1.864423,-0.2294,0.0922,-0.0429,-149.17,-52.36,45.64
1.865020,-0.2386,0.0786,-0.0483,-149.52,-51.03,32.55
1.865617,-0.2469,0.0649,-0.0542,-147.14,-49.63,45.64
1.866213,-0.2494,0.0542,-0.0571,-146.79,-48.58,32.41
1.867187,-0.2508,0.0420,-0.0595,-144.34,-47.04,45.29
1.867784,-0.2538,0.0317,-0.0615,-144.48,-46.27,32.41
1.868381,-0.2572,0.0215,-0.0654,-141.96,-44.87,44.87
1.868978,-0.2640,0.0098,-0.0708,-142.10,-43.75,33.18
1.869575,-0.2679,-0.0005,-0.0708,-139.09,-42.84,44.52
1.870172,-0.2694,-0.0112,-0.0693,-139.30,-41.44,33.32
1.870769,-0.2757,-0.0215,-0.0669,-136.15,-40.39,44.03
1.871366,-0.2782,-0.0317,-0.0703,-136.36,-39.06,34.02
1.871963,-0.2777,-0.0434,-0.0737,-133.42,-38.43,44.10
1.872560,-0.2835,-0.0532,-0.0732,-133.21,-37.10,34.09
1.873157,-0.2908,-0.0610,-0.0742,-130.34,-36.19,43.68
1.873754,-0.2943,-0.0717,-0.0742,-130.13,-35.07,35.00
1.874351,-0.2977,-0.0898,-0.0737,-127.40,-33.95,43.19
1.874948,-0.3001,-0.0976,-0.0776,-124.25,-32.13,43.47
1.875545,-0.3065,-0.1069,-0.0776,-123.06,-31.29,35.00
1.876142,-0.3099,-0.1161,-0.0742,-120.96,-29.75,42.77
1.876739,-0.3094,-0.1205,-0.0712,-119.84,-28.98,36.12
1.877336,-0.3133,-0.1230,-0.0756,-117.81,-28.07,42.56
1.877932,-0.3157,-0.1259,-0.0756,-116.27,-26.39,37.10
1.878906,-0.3182,-0.1283,-0.0708,-114.10,-26.74,42.21
1.879503,-0.3240,-0.1293,-0.0688,-112.98,-24.71,37.87
1.880100,-0.3284,-0.1342,-0.0659,-110.53,-24.71,41.79
1.880697,-0.3323,-0.1425,-0.0620,-109.69,-22.47,38.36
1.881294,-0.3367,-0.1503,-0.0605,-106.82,-23.10,41.16
1.881891,-0.3392,-0.1596,-0.0615,-105.98,-20.79,39.34
1.882488,-0.3465,-0.1659,-0.0630,-103.60,-21.28,41.23
1.883085,-0.3523,-0.1703,-0.0605,-102.13,-19.32,39.34
1.883682,-0.3504,-0.1762,-0.0576,-99.82,-19.46,40.95
1.884279,-0.3509,-0.1830,-0.0586,-98.56,-17.43,40.11
1.884876,-0.3611,-0.1996,-0.0581,-96.11,-18.20,40.88
1.885473,-0.3631,-0.2059,-0.0586,-92.19,-16.52,40.32
1.886070,-0.3694,-0.2079,-0.0542,-90.72,-14.42,41.37
1.886667,-0.3743,-0.2108,-0.0537,-88.90,-15.12,39.90
1.887264,-0.3767,-0.2118,-0.0581,-86.87,-12.74,42.14
1.887861,-0.3782,-0.2128,-0.0595,-84.98,-13.51,39.90
1.888458,-0.3782,-0.2162,-0.0566,-82.88,-11.55,42.77
1.889055,-0.3826,-0.2201,-0.0537,-81.41,-12.04,40.11
1.889651,-0.3855,-0.2235,-0.0547,-78.75,-10.43,42.98
1.890625,-0.3870,-0.2274,-0.0590,-77.98,-10.36,40.39
1.891222,-0.3909,-0.2298,-0.0600,-74.62,-9.24,43.82
1.891819,-0.3943,-0.2333,-0.0556,-73.85,-9.03,39.90
1.892416,-0.3943,-0.2362,-0.0556,-71.05,-7.77,44.87
1.893013,-0.3938,-0.2377,-0.0605,-69.79,-7.98,40.25
1.893610,-0.3948,-0.2430,-0.0600,-66.99,-6.02,45.36
1.894207,-0.3982,-0.2479,-0.0547,-65.80,-7.00,40.53
1.894804,-0.4041,-0.2503,-0.0532,-63.14,-5.04,45.78
1.895401,-0.4055,-0.2513,-0.0561,-61.74,-6.16,41.09
1.895998,-0.4031,-0.2547,-0.0566,-59.36,-3.78,46.41
1.896595,-0.4041,-0.2582,-0.0551,-57.61,-5.32,41.37
1.897192,-0.4080,-0.2582,-0.0551,-55.16,-2.87,47.25
1.897789,-0.4089,-0.2572,-0.0517,-53.97,-4.06,42.35
1.898386,-0.4080,-0.2562,-0.0532,-50.89,-1.82,47.95
1.898983,-0.4075,-0.2538,-0.0581,-50.26,-2.80,43.12
1.899580,-0.4085,-0.2533,-0.0576,-46.69,-1.12,48.44
1.900177,-0.4128,-0.2547,-0.0576,-46.62,-2.03,43.82
1.900774,-0.4207,-0.2538,-0.0615,-42.56,-0.28,49.56
1.901371,-0.4285,-0.2572,-0.0620,-42.63,-1.33,44.59
1.901371,-0.4299,-0.2586,-0.0581,-38.85,0.49,50.47
1.901964,-0.4319,-0.2596,-0.0586,-38.15,-0.70,45.08
1.902561,-0.4363,-0.2625,-0.0610,-35.49,1.40,50.89
1.903158,-0.4392,-0.2640,-0.0590,-34.44,0.35,46.76
1.903755,-0.4446,-0.2640,-0.0620,-31.36,2.10,51.59
1.904352,-0.4475,-0.2650,-0.0669,-30.10,0.91,47.32
1.904949,-0.4504,-0.2679,-0.0683,-27.93,2.87,52.50
1.905546,-0.4538,-0.2708,-0.0708,-26.25,1.40,48.65
1.906143,-0.4573,-0.2694,-0.0693,-24.50,3.43,52.57
1.906740,-0.4626,-0.2699,-0.0703,-22.40,2.10,49.70
1.907337,-0.4670,-0.2713,-0.0722,-20.44,3.50,53.27
1.907934,-0.4714,-0.2728,-0.0781,-18.13,2.45,50.05
1.908531,-0.4734,-0.2762,-0.0791,-16.87,3.92,54.60
1.909128,-0.4870,-0.2772,-0.0830,-13.16,4.48,54.95
1.909725,-0.4929,-0.2733,-0.0874,-10.64,2.73,51.73
1.910322,-0.4973,-0.2713,-0.0908,-9.10,4.97,54.88
1.910919,-0.4992,-0.2713,-0.0913,-7.35,3.36,53.34
1.911516,-0.5031,-0.2733,-0.0908,-4.97,4.76,55.51
1.912112,-0.5056,-0.2733,-0.0947,-3.36,3.85,53.76
1.913086,-0.5114,-0.2728,-0.1030,-1.19,4.48,55.86
1.913683,-0.5192,-0.2708,-0.1054,0.00,4.20,54.39
1.914280,-0.5226,-0.2669,-0.1039,3.01,4.41,56.07
1.914877,-0.5241,-0.2645,-0.1078,3.64,4.34,55.02
1.915474,-0.5266,-0.2650,-0.1132,6.16,4.69,55.93
1.916071,-0.5334,-0.2723,-0.1157,7.70,4.20,55.72
1.916668,-0.5383,-0.2806,-0.1176,9.66,4.55,56.00
1.917265,-0.5383,-0.2816,-0.1196,11.62,4.34,56.35
1.917862,-0.5397,-0.2826,-0.1186,12.88,4.34,56.07
1.918459,-0.5441,-0.2865,-0.1186,15.40,4.34,56.98
1.919056,-0.5544,-0.2869,-0.1230,16.87,3.78,55.23
1.919653,-0.5636,-0.2884,-0.1254,18.83,4.27,57.40
1.920250,-0.5646,-0.2908,-0.1293,20.16,3.57,55.44
1.920847,-0.5675,-0.2943,-0.1327,22.54,4.06,57.75
1.921444,-0.5729,-0.2972,-0.1381,23.94,3.15,54.67
1.922041,-0.5797,-0.2977,-0.1440,25.62,4.13,57.40
1.922638,-0.5861,-0.3001,-0.1444,27.65,2.87,54.18
1.923235,-0.5890,-0.3026,-0.1449,29.75,3.64,57.12
1.923832,-0.5929,-0.3030,-0.1479,31.08,2.52,53.41
1.923832,-0.5968,-0.3065,-0.1518,33.25,3.01,56.63
1.924425,-0.6051,-0.3109,-0.1518,34.58,1.96,52.85
1.925022,-0.6139,-0.3133,-0.1547,37.24,2.87,55.72
1.925619,-0.6178,-0.3128,-0.1606,38.22,1.47,51.87
1.926216,-0.6207,-0.3152,-0.1615,40.67,2.31,55.23
1.926813,-0.6290,-0.3216,-0.1620,41.72,0.98,51.03
1.927410,-0.6349,-0.3206,-0.1625,44.03,1.54,53.90
1.928007,-0.6378,-0.3211,-0.1664,45.57,0.56,49.28
1.928604,-0.6427,-0.3250,-0.1713,47.39,0.98,52.71
1.929201,-0.6471,-0.3289,-0.1737,49.07,-0.42,47.95
1.929798,-0.6520,-0.3318,-0.1781,51.03,0.07,51.59
1.930395,-0.6564,-0.3348,-0.1806,53.06,-0.63,45.92
1.930992,-0.6661,-0.3392,-0.1850,54.88,-0.77,49.56
1.931589,-0.6734,-0.3406,-0.1889,56.21,-1.19,44.38
1.932186,-0.6730,-0.3392,-0.1893,58.24,-1.89,48.09
1.932783,-0.6769,-0.3421,-0.1928,60.06,-1.68,42.35
1.933380,-0.6808,-0.3460,-0.1972,61.74,-2.31,46.06
1.933977,-0.6842,-0.3465,-0.2030,63.56,-2.45,40.32
1.934573,-0.6910,-0.3479,-0.2059,64.89,-3.36,43.75
1.934573,-0.6939,-0.3548,-0.2079,67.55,-3.57,37.66
1.935167,-0.6959,-0.3587,-0.2137,68.60,-4.34,41.37
1.935764,-0.6964,-0.3631,-0.2167,71.26,-4.41,35.07
1.936361,-0.6998,-0.3670,-0.2162,71.96,-5.25,39.48
1.936958,-0.7091,-0.3709,-0.2176,74.83,-5.11,32.76
1.937555,-0.7125,-0.3782,-0.2240,75.32,-6.02,36.89
1.938152,-0.7144,-0.3841,-0.2279,78.61,-6.30,30.73
1.938749,-0.7174,-0.3928,-0.2333,78.89,-7.14,34.23
1.939346,-0.7183,-0.3977,-0.2352,82.04,-7.28,28.07
1.939943,-0.7227,-0.4065,-0.2367,83.02,-8.05,31.36
1.940540,-0.7300,-0.4246,-0.2377,87.01,-9.03,28.00
1.941137,-0.7266,-0.4265,-0.2391,88.90,-9.17,24.08
1.941734,-0.7266,-0.4246,-0.2386,91.00,-10.29,24.92
1.942331,-0.7281,-0.4265,-0.2391,92.12,-10.08,21.91
1.942928,-0.7281,-0.4338,-0.2455,94.64,-11.48,22.12
1.943525,-0.7257,-0.4412,-0.2489,95.90,-11.48,19.88
1.944122,-0.7271,-0.4470,-0.2523,98.63,-12.18,18.97
1.944718,-0.7296,-0.4504,-0.2572,99.82,-12.60,17.22
1.945315,-0.7276,-0.4504,-0.2606,102.27,-13.30,16.31
1.946289,-0.7291,-0.4534,-0.2664,103.67,-13.65,15.12
1.946886,-0.7344,-0.4631,-0.2713,105.77,-14.49,13.51
1.947483,-0.7354,-0.4743,-0.2708,107.80,-14.49,12.88
1.948080,-0.7359,-0.4782,-0.2757,109.34,-15.68,10.78
1.948677,-0.7369,-0.4841,-0.2879,111.65,-15.54,10.22
1.949274,-0.7403,-0.4904,-0.2967,113.26,-16.59,8.26
1.949871,-0.7398,-0.4939,-0.3001,115.22,-16.66,8.05
1.950468,-0.7325,-0.4978,-0.3006,117.25,-17.92,5.81
1.951065,-0.7300,-0.5026,-0.3045,118.72,-17.57,5.95
1.951662,-0.7276,-0.5056,-0.3050,122.50,-18.13,3.64
1.952259,-0.7310,-0.5139,-0.3084,124.46,-20.44,1.33
1.952856,-0.7305,-0.5217,-0.3118,126.91,-19.18,1.33
1.953453,-0.7276,-0.5290,-0.3162,128.38,-21.21,-0.77
1.954050,-0.7266,-0.5348,-0.3182,130.69,-20.79,-0.63
1.954647,-0.7300,-0.5358,-0.3177,132.44,-22.26,-3.08
1.955244,-0.7281,-0.5383,-0.3148,134.61,-21.63,-1.96
1.955841,-0.7237,-0.5431,-0.3157,136.50,-22.75,-5.67
1.956438,-0.7227,-0.5505,-0.3196,138.95,-23.03,-3.50
1.957034,-0.7213,-0.5646,-0.3182,140.00,-23.45,-7.49
1.958007,-0.7218,-0.5749,-0.3167,142.80,-24.22,-4.83
1.958604,-0.7169,-0.5783,-0.3143,143.50,-24.22,-8.54
1.959201,-0.7130,-0.5861,-0.3133,147.28,-25.20,-6.86
1.959798,-0.7120,-0.5954,-0.3143,147.49,-24.99,-9.73
1.960395,-0.7110,-0.6002,-0.3162,151.13,-25.97,-8.05
1.960992,-0.7052,-0.6061,-0.3196,152.04,-26.18,-10.64
1.961589,-0.6988,-0.6105,-0.3221,154.98,-26.18,-9.24
1.962186,-0.6949,-0.6149,-0.3216,156.24,-27.51,-11.69
1.962783,-0.6886,-0.6202,-0.3221,158.83,-27.23,-10.36
1.963380,-0.6822,-0.6242,-0.3245,160.30,-28.07,-11.97
1.963977,-0.6749,-0.6300,-0.3231,162.96,-28.35,-11.48
1.964574,-0.6666,-0.6305,-0.3226,164.64,-28.14,-12.25
1.965171,-0.6578,-0.6300,-0.3226,167.09,-29.40,-12.04
1.965768,-0.6500,-0.6364,-0.3265,168.84,-28.98,-12.95
1.966365,-0.6451,-0.6446,-0.3304,170.94,-29.33,-12.95
1.966962,-0.6442,-0.6534,-0.3279,173.18,-30.17,-13.16
1.967559,-0.6378,-0.6583,-0.3289,174.79,-30.52,-12.81
1.968156,-0.6276,-0.6593,-0.3270,177.59,-30.73,-13.09
1.968752,-0.6227,-0.6661,-0.3260,178.57,-31.22,-12.81
1.969726,-0.6202,-0.6769,-0.3304,181.79,-30.87,-12.74
1.970323,-0.6139,-0.6832,-0.3309,182.91,-31.64,-13.16
1.970920,-0.6076,-0.6847,-0.3328,185.64,-31.43,-12.53
1.971517,-0.6022,-0.6876,-0.3367,186.83,-31.71,-12.53
1.972114,-0.6022,-0.6920,-0.3367,189.49,-32.20,-12.25
1.972711,-0.6007,-0.6974,-0.3343,190.75,-32.06,-11.90
1.973308,-0.5924,-0.7066,-0.3318,193.76,-32.62,-11.62
1.973905,-0.5880,-0.7100,-0.3314,194.88,-32.20,-10.85
1.974502,-0.5836,-0.7091,-0.3382,197.82,-33.18,-10.36
1.975099,-0.5788,-0.7159,-0.3348,201.81,-32.83,-9.94
1.975696,-0.5739,-0.7242,-0.3338,203.35,-33.25,-8.33
1.976293,-0.5695,-0.7291,-0.3333,205.52,-32.90,-8.68
1.976890,-0.5632,-0.7315,-0.3333,207.20,-33.18,-6.51
1.977487,-0.5563,-0.7325,-0.3323,209.58,-32.97,-7.63
1.978084,-0.5514,-0.7349,-0.3294,210.91,-33.67,-5.11
1.978681,-0.5456,-0.7388,-0.3299,213.43,-33.32,-6.09
1.979278,-0.5373,-0.7349,-0.3299,214.90,-33.53,-3.15
1.979875,-0.5285,-0.7374,-0.3299,217.35,-33.39,-4.34
1.980472,-0.5202,-0.7471,-0.3289,218.54,-33.81,-1.05
1.980472,-0.5124,-0.7554,-0.3284,221.27,-33.25,-2.45
1.981065,-0.5046,-0.7613,-0.3299,222.67,-34.16,0.91
1.981662,-0.5007,-0.7647,-0.3265,224.77,-33.04,-0.70
1.982259,-0.4929,-0.7623,-0.3260,226.59,-33.74,3.43
1.982856,-0.4851,-0.7544,-0.3260,228.41,-32.69,1.82
1.983453,-0.4821,-0.7510,-0.3279,230.65,-33.95,5.60
1.984050,-0.4758,-0.7593,-0.3318,231.77,-32.41,4.06
1.984647,-0.4685,-0.7652,-0.3294,234.50,-33.74,7.70
1.985244,-0.4631,-0.7627,-0.3255,235.27,-32.41,6.79
1.985841,-0.4573,-0.7618,-0.3177,238.42,-33.39,10.15
1.986438,-0.4372,-0.7632,-0.3157,241.85,-33.04,13.58
1.987035,-0.4285,-0.7652,-0.3196,241.78,-31.57,11.69
1.987632,-0.4250,-0.7666,-0.3187,245.21,-32.27,15.89
1.988229,-0.4187,-0.7696,-0.3157,245.42,-31.15,14.84
1.988826,-0.4070,-0.7730,-0.3138,248.50,-32.13,18.69
1.989423,-0.4021,-0.7735,-0.3094,248.92,-30.73,17.64
1.990020,-0.4006,-0.7706,-0.3074,251.79,-31.36,21.14
1.990617,-0.3987,-0.7676,-0.3065,252.14,-30.03,20.37
1.991213,-0.3894,-0.7662,-0.3055,254.80,-30.87,24.57
1.992187,-0.3806,-0.7691,-0.3050,255.01,-29.68,24.01
1.992784,-0.3738,-0.7769,-0.3035,258.16,-30.10,27.23
1.993381,-0.3660,-0.7813,-0.2991,258.51,-28.98,27.02
1.993978,-0.3572,-0.7828,-0.2982,260.75,-29.47,30.45
1.994575,-0.3543,-0.7837,-0.2967,261.87,-28.28,29.82
1.995172,-0.3533,-0.7832,-0.2938,263.48,-28.49,33.60
1.995769,-0.3475,-0.7842,-0.2923,265.09,-27.23,33.04
1.996366,-0.3411,-0.7832,-0.2923,265.93,-27.93,37.10
1.996963,-0.3343,-0.7808,-0.2948,268.24,-26.60,36.33
1.997560,-0.3289,-0.7823,-0.2952,268.80,-27.02,40.04
1.998157,-0.3250,-0.7813,-0.2884,271.04,-26.11,39.76
1.998754,-0.3187,-0.7788,-0.2821,271.11,-25.69,43.05
1.999351,-0.3079,-0.7793,-0.2855,273.56,-25.20,43.19
1.999948,-0.3006,-0.7779,-0.2845,274.05,-24.43,46.48
2.000545,-0.2967,-0.7745,-0.2826,276.15,-24.71,46.55
2.001142,-0.2899,-0.7696,-0.2840,276.50,-23.45,49.84
2.001739,-0.2816,-0.7681,-0.2835,278.81,-23.59,49.56
2.002336,-0.2704,-0.7662,-0.2816,278.74,-22.26,53.06
2.002932,-0.2650,-0.7642,-0.2782,281.19,-22.82,52.71
2.003906,-0.2645,-0.7632,-0.2772,281.19,-20.93,56.00
2.004503,-0.2582,-0.7637,-0.2752,283.22,-22.05,56.91
2.005100,-0.2523,-0.7613,-0.2728,283.43,-19.81,58.94
2.005697,-0.2445,-0.7584,-0.2704,285.39,-20.65,60.06
2.006294,-0.2342,-0.7540,-0.2679,285.60,-18.41,62.16
2.006891,-0.2269,-0.7462,-0.2689,286.93,-19.46,63.49
2.007488,-0.2240,-0.7471,-0.2660,287.91,-17.78,64.75
2.008085,-0.2206,-0.7476,-0.2630,288.75,-17.85,66.43
2.008682,-0.2147,-0.7457,-0.2630,290.29,-16.80,67.90
2.009279,-0.2069,-0.7427,-0.2640,290.36,-16.66,69.37
2.009876,-0.2045,-0.7374,-0.2577,292.25,-15.40,70.77
2.010473,-0.2050,-0.7354,-0.2606,291.83,-15.54,71.96
2.011070,-0.1967,-0.7369,-0.2542,293.16,-14.35,75.46
2.011667,-0.1952,-0.7330,-0.2518,295.68,-12.25,75.74
2.012264,-0.1972,-0.7335,-0.2523,294.56,-12.81,78.19
2.012861,-0.1976,-0.7315,-0.2484,296.94,-11.20,77.98
2.013458,-0.1986,-0.7271,-0.2425,296.03,-11.55,80.78
2.014055,-0.1972,-0.7242,-0.2396,298.13,-9.80,80.22
2.014652,-0.1962,-0.7208,-0.2396,297.57,-10.01,83.30
2.015625,-0.1947,-0.7198,-0.2362,299.04,-8.89,82.60
2.016222,-0.1952,-0.7232,-0.2362,299.04,-8.61,85.33
2.016819,-0.2006,-0.7232,-0.2338,300.51,-7.70,84.21
2.017416,-0.2011,-0.7232,-0.2284,300.23,-6.79,87.36
2.018013,-0.2015,-0.7252,-0.2250,301.21,-6.23,86.45
2.018610,-0.2108,-0.7271,-0.2245,301.49,-5.67,88.48
2.019207,-0.2191,-0.7252,-0.2255,302.26,-5.39,88.06
2.019804,-0.2240,-0.7242,-0.2235,301.91,-4.48,90.30
2.020401,-0.2303,-0.7296,-0.2201,303.31,-3.92,88.62
2.020998,-0.2484,-0.7325,-0.2186,304.15,-2.94,90.16
2.021595,-0.2601,-0.7330,-0.2162,303.73,-1.40,92.12
2.022192,-0.2694,-0.7364,-0.2079,304.50,-1.68,91.14
2.022789,-0.2762,-0.7393,-0.2074,304.78,-0.63,92.82
2.023386,-0.2830,-0.7408,-0.2084,305.20,-0.07,92.12
2.023983,-0.2908,-0.7418,-0.2064,305.27,0.00,93.24
2.024580,-0.3035,-0.7442,-0.2054,305.62,0.98,92.26
2.025177,-0.3152,-0.7505,-0.2040,305.90,1.26,93.80
2.025774,-0.3177,-0.7579,-0.2020,306.04,2.38,92.33
2.026371,-0.3274,-0.7642,-0.1981,306.53,2.31,93.87
2.027343,-0.3421,-0.7686,-0.1972,305.76,3.36,92.05
2.027940,-0.3479,-0.7720,-0.1981,306.67,3.15,93.87
2.028537,-0.3582,-0.7764,-0.1957,306.25,4.41,91.84
2.029134,-0.3680,-0.7798,-0.1923,308.14,3.78,93.80
2.029731,-0.3738,-0.7857,-0.1903,306.32,5.39,91.56
2.030328,-0.3811,-0.7891,-0.1898,308.56,4.62,92.47
2.030925,-0.3899,-0.7906,-0.1879,306.46,6.44,91.21
2.031522,-0.3982,-0.7940,-0.1845,308.63,5.46,92.12
2.032119,-0.4060,-0.8008,-0.1825,307.58,7.56,90.16
2.032716,-0.4124,-0.8067,-0.1791,308.28,6.30,91.63
2.033313,-0.4207,-0.8106,-0.1757,307.72,8.19,89.46
2.033910,-0.4304,-0.8135,-0.1718,308.49,7.49,90.58
2.034507,-0.4338,-0.8169,-0.1703,307.58,8.96,88.55
2.035104,-0.4392,-0.8208,-0.1703,308.77,7.91,89.46
2.035701,-0.4465,-0.8242,-0.1679,307.86,9.94,87.50
2.036298,-0.4558,-0.8335,-0.1645,308.28,9.10,88.06
2.036895,-0.4680,-0.8418,-0.1615,307.65,10.29,87.01
2.037492,-0.4738,-0.8418,-0.1571,309.19,9.66,86.52
2.038089,-0.4782,-0.8447,-0.1518,308.35,10.43,85.05
2.038089,-0.4841,-0.8501,-0.1479,308.56,10.99,84.70
2.038683,-0.4924,-0.8589,-0.1459,308.49,10.78,84.35
2.039280,-0.5012,-0.8667,-0.1444,308.42,11.97,82.39
2.039877,-0.5065,-0.8667,-0.1435,308.77,11.76,82.88
2.040474,-0.5153,-0.8672,-0.1371,307.86,13.02,80.36
2.041071,-0.5217,-0.8706,-0.1313,308.98,11.90,81.83
2.041668,-0.5305,-0.8735,-0.1225,306.88,13.37,78.54
2.042265,-0.5353,-0.8730,-0.1171,306.88,14.00,75.95
2.042862,-0.5431,-0.8799,-0.1147,308.42,13.44,79.17
2.043459,-0.5490,-0.8823,-0.1108,306.53,14.49,74.06
2.044056,-0.5558,-0.8872,-0.1059,308.07,14.07,77.07
2.044653,-0.5617,-0.8901,-0.1010,306.11,14.91,71.61
2.045250,-0.5651,-0.8867,-0.0976,307.79,14.70,75.39
2.045847,-0.5695,-0.8872,-0.0932,305.55,15.19,69.72
2.046444,-0.5744,-0.8886,-0.0883,307.30,14.91,73.57
2.047041,-0.5768,-0.8921,-0.0844,304.71,15.89,67.62
2.047638,-0.5836,-0.8945,-0.0786,307.16,15.82,71.96
2.048235,-0.5861,-0.8965,-0.0776,304.36,16.10,65.94
2.048832,-0.5802,-0.8930,-0.0810,306.39,16.45,69.37
2.049804,-0.5797,-0.8911,-0.0737,304.15,16.45,63.98
2.050401,-0.5841,-0.8926,-0.0634,305.41,16.87,67.90
2.050998,-0.5846,-0.8930,-0.0620,303.66,17.29,62.23
2.051595,-0.5871,-0.8926,-0.0639,304.08,17.71,66.08
2.052192,-0.5919,-0.8886,-0.0644,303.59,17.85,60.41
2.052789,-0.5900,-0.8867,-0.0586,303.03,18.27,64.12
2.053386,-0.5861,-0.8794,-0.0561,302.89,18.13,58.59
2.053983,-0.5866,-0.8750,-0.0566,301.84,18.76,62.72
2.054580,-0.5944,-0.8745,-0.0542,301.77,19.39,57.26
2.055177,-0.5998,-0.8725,-0.0488,300.86,18.97,61.18
2.055774,-0.5978,-0.8721,-0.0454,301.07,19.74,55.51
2.056371,-0.5963,-0.8706,-0.0425,299.81,19.53,59.36
2.056968,-0.5934,-0.8686,-0.0439,300.09,20.37,54.74
2.057565,-0.5924,-0.8652,-0.0459,298.69,20.09,58.24
2.058162,-0.5944,-0.8633,-0.0420,298.62,20.79,53.90
2.058759,-0.5958,-0.8662,-0.0390,297.43,20.86,57.05
2.059356,-0.5954,-0.8667,-0.0342,297.64,21.63,52.71
2.059953,-0.5939,-0.8628,-0.0307,296.45,21.42,55.93
2.060550,-0.5915,-0.8594,-0.0327,296.52,22.40,52.08
2.060550,-0.5900,-0.8574,-0.0303,294.70,22.12,55.09
2.061144,-0.5871,-0.8560,-0.0249,295.33,22.40,51.31
2.061741,-0.5812,-0.8535,-0.0264,293.23,23.24,54.25
2.062338,-0.5793,-0.8569,-0.0259,294.14,22.96,51.31
2.062935,-0.5773,-0.8564,-0.0215,291.97,23.66,53.41
2.063532,-0.5685,-0.8447,-0.0229,292.11,23.66,51.03
2.064129,-0.5622,-0.8403,-0.0215,290.71,24.71,52.71
2.064726,-0.5617,-0.8418,-0.0176,289.94,24.50,51.03
2.065323,-0.5578,-0.8423,-0.0156,289.52,24.71,51.80
2.065920,-0.5524,-0.8374,-0.0083,288.61,25.41,51.03
2.066517,-0.5475,-0.8306,-0.0054,287.63,25.55,51.94
2.067114,-0.5456,-0.8301,-0.0044,286.86,26.11,50.68
2.067711,-0.5441,-0.8252,0.0005,286.16,26.11,51.45
2.068308,-0.5388,-0.8198,0.0102,284.90,26.81,51.03
2.068905,-0.5334,-0.8203,0.0127,284.41,26.95,51.80
2.069502,-0.5329,-0.8179,0.0122,283.22,27.37,51.10
2.070099,-0.5309,-0.8145,0.0171,282.52,27.79,51.73
2.070696,-0.5246,-0.8120,0.0220,281.40,28.21,51.45
2.071293,-0.5222,-0.8047,0.0244,280.91,28.70,51.87
2.071293,-0.5197,-0.7979,0.0259,279.02,29.61,51.94
2.071886,-0.5153,-0.7989,0.0273,278.88,29.40,51.94
2.072483,-0.5163,-0.8008,0.0298,277.34,30.10,52.36
2.073080,-0.5168,-0.7998,0.0371,276.78,30.24,52.29
2.073677,-0.5158,-0.7969,0.0468,274.89,30.80,52.85
2.074274,-0.5134,-0.7945,0.0527,274.61,31.43,52.99
2.074871,-0.5100,-0.7930,0.0522,273.21,31.29,53.48
2.075468,-0.5085,-0.7920,0.0610,271.11,32.27,54.11
2.076065,-0.5075,-0.7906,0.0673,269.92,32.97,54.32
2.076662,-0.5080,-0.7881,0.0708,268.80,32.97,54.67
2.077259,-0.5109,-0.7876,0.0732,267.75,33.81,55.09
2.077856,-0.5100,-0.7881,0.0791,266.91,33.60,55.72
2.078453,-0.5104,-0.7915,0.0825,265.16,34.37,55.93
2.079050,-0.5129,-0.7945,0.0844,264.67,34.30,56.49
2.079647,-0.5158,-0.7935,0.0864,262.71,35.14,57.05
2.080244,-0.5153,-0.7910,0.0908,262.43,35.42,57.54
2.080841,-0.5134,-0.7910,0.0971,260.61,35.49,57.68
2.081438,-0.5144,-0.7910,0.0981,259.98,36.26,58.45
2.082034,-0.5197,-0.7920,0.1005,258.44,36.12,59.01
2.083007,-0.5251,-0.7959,0.1044,257.60,36.82,59.64
2.083604,-0.5261,-0.7964,0.1069,256.20,36.68,60.41
2.084201,-0.5261,-0.7954,0.1083,255.15,37.73,60.55
2.084798,-0.5256,-0.7979,0.1103,254.03,37.31,61.46
2.085395,-0.5275,-0.7998,0.1137,252.77,38.36,61.25
2.085992,-0.5280,-0.7969,0.1181,251.30,37.80,63.14
2.086589,-0.5295,-0.7950,0.1220,250.32,38.85,62.37
2.087186,-0.5309,-0.7969,0.1254,248.71,38.64,64.33
2.087783,-0.5305,-0.7998,0.1244,248.08,39.55,63.42
2.088380,-0.5280,-0.8028,0.1244,246.33,39.41,65.80
2.088977,-0.5275,-0.8037,0.1303,245.63,39.97,64.33
2.089574,-0.5358,-0.8003,0.1347,243.67,39.97,67.48
2.090171,-0.5373,-0.8013,0.1342,243.32,40.39,65.52
2.090768,-0.5324,-0.8072,0.1352,241.43,40.46,69.02
2.091365,-0.5358,-0.8091,0.1376,240.87,41.30,66.64
2.091962,-0.5378,-0.8140,0.1401,239.05,41.02,69.93
2.092559,-0.5392,-0.8184,0.1425,237.79,41.58,67.97
2.093156,-0.5392,-0.8218,0.1405,237.44,41.58,70.98
2.093752,-0.5373,-0.8272,0.1366,235.48,41.86,69.16
2.094726,-0.5407,-0.8325,0.1347,235.13,42.07,72.52
2.095323,-0.5451,-0.8394,0.1357,232.68,42.07,70.84
2.095920,-0.5485,-0.8457,0.1376,233.10,42.91,72.94
2.096517,-0.5480,-0.8516,0.1366,230.16,42.35,72.59
2.097114,-0.5475,-0.8560,0.1366,231.07,43.33,73.85
2.097711,-0.5485,-0.8642,0.1401,228.06,42.84,74.13
2.098308,-0.5519,-0.8740,0.1362,228.20,43.96,74.48
2.098905,-0.5588,-0.8799,0.1332,225.75,43.33,75.60
2.099502,-0.5636,-0.8872,0.1362,226.10,44.38,75.60
2.100099,-0.5666,-0.9101,0.1376,223.37,44.31,76.93
2.100696,-0.5675,-0.9213,0.1357,222.11,44.03,76.58
2.101293,-0.5700,-0.9326,0.1332,221.69,44.73,77.28
2.101890,-0.5734,-0.9423,0.1318,219.94,44.66,77.56
2.102487,-0.5758,-0.9487,0.1318,219.45,44.94,78.05
2.103084,-0.5793,-0.9579,0.1327,218.33,44.59,78.33
2.103681,-0.5851,-0.9721,0.1283,217.42,45.22,78.82
2.104278,-0.5890,-0.9848,0.1210,216.30,44.94,78.68
2.104875,-0.5900,-0.9960,0.1196,215.46,45.50,79.17
2.105472,-0.5924,-1.0072,0.1240,214.69,45.15,79.38
2.105472,-0.5919,-1.0194,0.1254,213.57,45.99,79.38
2.106065,-0.5958,-1.0272,0.1230,213.50,45.15,79.80
2.106662,-0.6027,-1.0380,0.1254,211.61,46.20,79.03
2.107259,-0.6027,-1.0531,0.1259,211.82,45.64,80.50
2.107856,-0.5998,-1.0638,0.1244,210.07,46.20,79.31
2.108453,-0.5993,-1.0731,0.1244,210.42,45.99,80.57
2.109050,-0.6007,-1.0809,0.1196,208.46,46.06,79.59
2.109647,-0.6032,-1.0912,0.1205,208.81,45.92,80.29
2.110244,-0.6061,-1.1214,0.1191,207.27,46.76,80.85
2.110841,-0.6056,-1.1317,0.1181,206.22,46.55,78.82
2.111438,-0.6071,-1.1444,0.1166,206.22,46.90,80.01
2.112035,-0.6076,-1.1605,0.1157,205.17,46.62,78.61
2.112632,-0.6041,-1.1766,0.1157,204.75,47.32,80.29
2.113229,-0.6041,-1.1907,0.1137,204.19,46.76,78.61
2.113826,-0.6066,-1.2117,0.1088,203.77,47.39,79.31
2.114423,-0.6105,-1.2288,0.1093,203.35,47.04,78.12
2.115020,-0.6149,-1.2449,0.1142,203.00,47.39,78.75
2.115617,-0.6134,-1.2639,0.1108,202.30,47.32,77.84
2.116213,-0.6168,-1.2776,0.1069,202.02,47.88,78.40
2.117187,-0.6202,-1.3005,0.1059,201.46,47.18,77.21
2.117784,-0.6222,-1.3215,0.1059,201.67,47.74,77.84
2.118381,-0.6266,-1.3361,0.1069,200.83,47.53,76.51
2.118978,-0.6295,-1.3557,0.1059,201.32,48.16,76.79
2.119575,-0.6281,-1.3762,0.1035,200.55,47.46,76.23
2.120172,-0.6295,-1.3957,0.1069,200.90,48.09,76.37
2.120769,-0.6344,-1.4132,0.1103,200.41,47.60,75.46
2.121366,-0.6324,-1.4347,0.1083,200.90,48.23,75.53
2.121963,-0.6334,-1.4552,0.1069,200.55,47.88,74.90
2.122560,-0.6393,-1.4742,0.1083,200.83,48.23,74.76
2.123157,-0.6427,-1.4957,0.1049,199.99,48.37,74.41
2.123754,-0.6442,-1.5172,0.1044,201.25,48.09,73.85
2.124351,-0.6432,-1.5382,0.1078,199.85,48.23,73.64
2.124948,-0.6422,-1.5557,0.1074,201.60,48.51,73.43
2.125545,-0.6422,-1.5762,0.1069,200.62,48.23,73.01
2.126142,-0.6422,-1.5948,0.1054,201.95,48.37,72.45
2.126739,-0.6412,-1.6148,0.1083,201.11,48.44,72.73
2.127336,-0.6383,-1.6397,0.1093,202.65,48.44,71.05
2.127933,-0.6373,-1.6563,0.1118,201.88,48.51,72.38
2.128906,-0.6378,-1.6704,0.1113,203.14,48.79,69.79
2.129503,-0.6383,-1.6890,0.1118,202.86,48.51,71.96
2.130100,-0.6393,-1.7090,0.1127,203.35,48.93,69.16
2.130697,-0.6349,-1.7246,0.1166,203.98,48.72,71.47
2.131294,-0.6300,-1.7417,0.1225,204.12,49.21,67.76
2.131891,-0.6300,-1.7583,0.1220,205.10,48.72,70.42
2.132488,-0.6276,-1.7714,0.1210,205.38,49.28,66.43
2.133085,-0.6251,-1.7866,0.1205,206.43,49.42,69.44
2.133682,-0.6232,-1.8007,0.1225,206.29,48.72,66.22
2.134279,-0.6222,-1.8129,0.1274,207.20,49.63,67.90
2.134876,-0.6207,-1.8251,0.1298,207.76,49.07,65.17
2.135473,-0.6183,-1.8393,0.1288,208.60,49.70,67.06
2.136070,-0.6149,-1.8510,0.1318,209.44,49.07,63.70
2.136667,-0.6115,-1.8588,0.1357,209.65,50.12,65.94
2.137264,-0.6080,-1.8661,0.1381,210.91,49.49,62.65
2.137861,-0.6056,-1.8725,0.1430,211.19,50.19,64.68
2.138458,-0.6037,-1.8812,0.1425,212.66,49.84,61.81
2.139055,-0.6017,-1.8895,0.1410,212.31,50.61,63.28
2.139652,-0.6007,-1.8944,0.1459,214.34,50.12,60.48
2.139652,-0.5988,-1.9003,0.1488,214.06,50.54,61.95
2.140245,-0.6002,-1.9017,0.1464,215.39,50.68,58.87
2.140842,-0.5973,-1.9061,0.1449,215.67,51.03,60.83
2.141439,-0.5905,-1.9130,0.1498,216.79,50.75,57.47
2.142036,-0.5915,-1.9125,0.1503,217.63,51.17,59.29
2.142633,-0.5905,-1.9169,0.1508,219.10,51.52,57.89
2.143230,-0.5949,-1.9208,0.1498,219.45,51.45,54.46
2.143827,-0.5973,-1.9261,0.1503,220.22,51.87,53.34
2.144424,-0.5944,-1.9271,0.1523,222.88,51.94,54.60
2.145021,-0.5919,-1.9281,0.1523,222.04,51.94,51.73
2.145618,-0.5968,-1.9252,0.1508,224.49,52.57,53.48
2.146215,-0.6002,-1.9256,0.1469,223.65,52.15,50.12
2.146812,-0.5993,-1.9291,0.1459,226.31,52.50,51.80
2.147409,-0.6022,-1.9300,0.1464,225.05,52.08,48.79
2.148006,-0.6037,-1.9276,0.1425,227.78,52.78,50.26
2.148603,-0.6051,-1.9222,0.1405,226.52,52.57,47.18
2.149200,-0.6105,-1.9169,0.1410,228.83,53.27,48.86
2.149797,-0.6129,-1.9149,0.1371,228.41,52.64,45.71
2.150393,-0.6124,-1.9120,0.1303,229.95,53.27,47.32
2.152343,-0.6134,-1.9115,0.1308,230.09,52.78,44.45
2.152940,-0.6188,-1.9105,0.1342,231.21,53.48,45.22
2.153537,-0.6212,-1.9037,0.1313,231.63,52.92,43.19
2.154134,-0.6237,-1.8998,0.1293,232.12,53.62,44.17
2.154731,-0.6305,-1.8964,0.1283,233.10,53.13,41.51
2.155328,-0.6310,-1.8934,0.1235,233.38,53.41,43.05
2.155925,-0.6349,-1.8822,0.1205,234.71,53.06,41.93
2.156522,-0.6412,-1.8764,0.1142,235.55,54.04,38.43
2.157119,-0.6403,-1.8695,0.1152,235.76,53.55,39.62
2.157716,-0.6403,-1.8646,0.1181,236.67,53.76,37.17
2.158313,-0.6451,-1.8593,0.1166,236.81,53.13,38.22
2.158910,-0.6500,-1.8549,0.1142,238.00,53.76,36.05
2.159507,-0.6544,-1.8476,0.1132,238.07,53.34,37.03
2.160104,-0.6588,-1.8402,0.1137,239.05,53.41,34.86
2.160701,-0.6578,-1.8324,0.1142,239.19,53.20,34.93
2.161298,-0.6583,-1.8237,0.1103,239.61,53.20,33.88
2.161895,-0.6632,-1.8163,0.1044,239.96,53.41,32.97
2.162492,-0.6666,-1.8051,0.1030,240.38,52.78,32.83
2.163089,-0.6676,-1.7968,0.1069,241.01,53.62,31.29
2.164062,-0.6681,-1.7885,0.1035,240.73,52.64,31.57
2.164659,-0.6690,-1.7666,0.1035,241.43,52.85,30.24
2.165256,-0.6710,-1.7578,0.1064,242.48,52.99,28.70
2.165853,-0.6730,-1.7466,0.1078,241.78,52.71,29.05
2.166450,-0.6715,-1.7348,0.1059,243.39,52.57,26.46
2.167047,-0.6720,-1.7251,0.1030,242.27,52.43,27.58
2.167644,-0.6759,-1.7119,0.1064,243.60,52.57,25.34
2.168241,-0.6725,-1.6982,0.1088,242.76,52.08,26.46
2.168838,-0.6730,-1.6875,0.1083,243.46,52.36,23.87
2.169435,-0.6730,-1.6773,0.1108,243.11,51.94,24.92
2.170032,-0.6720,-1.6651,0.1147,243.74,51.94,22.82
2.170629,-0.6734,-1.6533,0.1122,243.46,52.22,23.45
2.171226,-0.6749,-1.6441,0.1113,244.02,51.52,21.56
2.171823,-0.6749,-1.6314,0.1103,243.53,51.59,22.54
2.172420,-0.6720,-1.6197,0.1088,243.81,51.52,20.37
2.173017,-0.6700,-1.6104,0.1113,243.39,51.10,21.42
2.173614,-0.6710,-1.5997,0.1122,243.67,51.31,19.39
2.174211,-0.6734,-1.5889,0.1108,243.53,51.10,20.09
2.174808,-0.6700,-1.5801,0.1132,243.18,50.89,18.13
2.174808,-0.6671,-1.5699,0.1122,243.53,50.68,19.11
2.175401,-0.6676,-1.5538,0.1122,242.20,50.61,17.43
2.175998,-0.6642,-1.5435,0.1142,243.60,50.05,17.64
2.176595,-0.6622,-1.5357,0.1088,241.50,50.54,16.31
2.177192,-0.6647,-1.5270,0.1098,242.83,50.05,17.22
2.177789,-0.6647,-1.5133,0.1122,241.36,50.61,14.77
2.178386,-0.6603,-1.5006,0.1098,242.34,49.49,16.03
2.178983,-0.6588,-1.4947,0.1108,240.80,49.77,13.65
2.179580,-0.6568,-1.4835,0.1098,241.92,49.49,15.05
2.180177,-0.6568,-1.4684,0.1108,240.31,49.28,12.46
2.180774,-0.6554,-1.4596,0.1137,241.01,49.63,13.79
2.181371,-0.6510,-1.4498,0.1137,239.68,49.28,11.62
2.181968,-0.6520,-1.4381,0.1147,240.03,49.42,11.97
2.182565,-0.6490,-1.4313,0.1161,239.05,48.58,10.85
2.183162,-0.6422,-1.4196,0.1161,238.91,49.56,10.71
2.183759,-0.6349,-1.4074,0.1191,238.35,48.23,10.08
2.184356,-0.6300,-1.3952,0.1205,237.79,48.79,9.73
2.184953,-0.6281,-1.3859,0.1161,237.79,47.81,9.17
2.185550,-0.6271,-1.3752,0.1157,236.67,48.86,8.54
2.186523,-0.6256,-1.3581,0.1181,236.60,47.88,8.05
2.187120,-0.6232,-1.3415,0.1161,235.34,48.93,7.35
2.187717,-0.6198,-1.3283,0.1181,235.41,47.39,6.44
2.188314,-0.6159,-1.3166,0.1205,233.94,49.07,6.51
2.188911,-0.6095,-1.3059,0.1186,234.01,47.39,5.60
2.189508,-0.6066,-1.2961,0.1176,232.89,48.65,5.60
2.190105,-0.6061,-1.2854,0.1176,232.19,47.53,4.76
2.190702,-0.6017,-1.2727,0.1171,231.91,47.95,4.48
2.191299,-0.5958,-1.2620,0.1152,230.72,47.39,3.57
2.191896,-0.5919,-1.2488,0.1166,230.37,47.67,3.57
2.192493,-0.5895,-1.2376,0.1186,229.39,47.32,2.38
2.193090,-0.5880,-1.2288,0.1191,228.97,47.60,2.17
2.193687,-0.5866,-1.2200,0.1191,227.92,47.53,2.03
2.194284,-0.5827,-1.2132,0.1161,227.29,47.32,0.91
2.194881,-0.5802,-1.2019,0.1127,226.24,47.25,1.33
2.195478,-0.5768,-1.1917,0.1157,225.54,47.67,-0.21
2.196075,-0.5758,-1.1844,0.1196,224.56,47.32,0.63
2.196672,-0.5754,-1.1751,0.1200,223.79,47.25,-1.05
2.197269,-0.5744,-1.1658,0.1181,223.16,47.60,-0.49
2.197269,-0.5749,-1.1556,0.1137,221.90,46.90,-1.75
2.197862,-0.5729,-1.1448,0.1118,220.22,47.04,-2.31
2.198459,-0.5680,-1.1400,0.1137,218.96,47.39,-2.31
2.199056,-0.5685,-1.1297,0.1176,218.47,46.90,-3.57
2.199653,-0.5661,-1.1195,0.1191,217.42,47.67,-3.50
2.200250,-0.5646,-1.1161,0.1176,216.58,46.76,-3.78
2.200847,-0.5641,-1.1136,0.1166,215.74,47.39,-3.78
2.201444,-0.5597,-1.1073,0.1176,214.90,46.55,-5.18
2.202041,-0.5558,-1.1034,0.1186,213.57,47.11,-4.76
2.202638,-0.5524,-1.0975,0.1191,212.94,46.90,-5.88
2.203235,-0.5510,-1.0917,0.1176,212.10,46.83,-5.74
2.203832,-0.5500,-1.0936,0.1191,210.77,47.32,-6.79
2.204429,-0.5495,-1.0897,0.1186,210.14,46.83,-6.09
2.205026,-0.5485,-1.0834,0.1161,208.46,46.76,-7.28
2.205623,-0.5427,-1.0799,0.1171,208.25,47.11,-7.00
2.206220,-0.5378,-1.0780,0.1205,206.64,46.48,-7.70
2.206817,-0.5348,-1.0785,0.1274,206.43,47.39,-7.91
2.207414,-0.5309,-1.0775,0.1279,204.61,46.34,-8.47
2.208011,-0.5270,-1.0741,0.1279,204.12,47.53,-8.82
2.208984,-0.5231,-1.0726,0.1269,203.07,46.20,-9.03
2.209581,-0.5231,-1.0712,0.1254,202.51,46.97,-9.31
2.210178,-0.5173,-1.0726,0.1279,201.11,46.62,-9.80
2.210775,-0.5070,-1.0721,0.1279,200.13,47.04,-9.31
2.211372,-0.5031,-1.0653,0.1318,199.29,47.25,-10.43
2.211969,-0.5007,-1.0624,0.1318,198.73,46.97,-10.29
2.212566,-0.4973,-1.0609,0.1391,197.26,47.18,-10.64
2.213163,-0.4909,-1.0599,0.1396,196.63,47.25,-11.13
2.213760,-0.4817,-1.0590,0.1347,195.37,47.18,-10.64
2.214357,-0.4807,-1.0594,0.1347,194.81,47.67,-12.04
2.214954,-0.4758,-1.0604,0.1381,193.76,47.25,-11.41
2.215551,-0.4656,-1.0609,0.1405,192.99,47.74,-12.46
2.216148,-0.4636,-1.0619,0.1449,191.94,47.60,-11.41
2.216745,-0.4577,-1.0629,0.1498,190.75,47.88,-12.60
2.217342,-0.4524,-1.0614,0.1532,190.54,47.53,-12.04
2.217939,-0.4455,-1.0629,0.1518,188.58,48.37,-12.81
2.218536,-0.4387,-1.0648,0.1542,188.51,48.02,-11.97
2.219133,-0.4324,-1.0614,0.1581,187.18,48.37,-13.09
2.219730,-0.4275,-1.0629,0.1601,186.69,48.37,-12.18
2.219730,-0.4270,-1.0668,0.1625,185.43,48.93,-13.51
2.220323,-0.4236,-1.0653,0.1620,184.80,48.72,-12.60
2.220920,-0.4153,-1.0658,0.1630,183.82,48.93,-13.79
2.221517,-0.4065,-1.0702,0.1674,182.77,49.28,-12.60
2.222114,-0.4016,-1.0692,0.1698,182.21,49.28,-13.58
2.222711,-0.4016,-1.0692,0.1674,181.58,49.63,-13.30
2.223308,-0.3982,-1.0721,0.1645,180.88,50.05,-13.65
2.223905,-0.3938,-1.0721,0.1708,179.34,50.33,-13.72
2.224502,-0.3880,-1.0702,0.1742,179.34,50.26,-14.21
2.225099,-0.3772,-1.0726,0.1737,178.22,50.40,-13.37
2.225696,-0.3714,-1.0756,0.1747,177.66,50.82,-14.35
2.226293,-0.3675,-1.0765,0.1786,176.05,51.10,-13.72
2.226890,-0.3611,-1.0799,0.1815,176.05,51.52,-14.84
2.227487,-0.3518,-1.0780,0.1801,175.14,51.52,-13.65
2.228084,-0.3465,-1.0721,0.1757,174.44,52.08,-14.98
2.228681,-0.3396,-1.0765,0.1732,173.67,51.87,-13.72
2.229278,-0.3323,-1.0804,0.1752,172.90,53.06,-15.47
2.229875,-0.3270,-1.0804,0.1771,172.48,52.50,-13.93
2.230472,-0.3206,-1.0838,0.1767,171.36,53.20,-15.26
2.231445,-0.3157,-1.0848,0.1752,171.01,53.48,-14.56
2.232042,-0.3113,-1.0878,0.1752,169.54,54.11,-14.70
2.232639,-0.3035,-1.0970,0.1762,169.96,54.04,-15.61
2.233236,-0.2967,-1.1039,0.1776,168.28,55.02,-14.70
2.233833,-0.2918,-1.1068,0.1776,168.28,54.60,-15.33
2.234430,-0.2889,-1.1146,0.1752,166.88,55.58,-14.35
2.235027,-0.2860,-1.1175,0.1742,167.44,55.23,-16.31
2.235624,-0.2772,-1.1175,0.1762,165.97,56.35,-14.49
2.236221,-0.2679,-1.1302,0.1762,164.78,57.05,-14.77
2.236818,-0.2625,-1.1380,0.1786,164.50,56.84,-15.75
2.237415,-0.2601,-1.1448,0.1781,164.15,58.17,-14.84
2.238012,-0.2552,-1.1468,0.1771,163.24,58.17,-15.68
2.238609,-0.2474,-1.1502,0.1781,163.10,58.87,-14.56
2.239206,-0.2460,-1.1541,0.1801,162.19,58.80,-15.89
2.239803,-0.2420,-1.1595,0.1825,162.47,59.85,-14.70
2.240400,-0.2357,-1.1629,0.1845,161.28,59.43,-15.75
2.240997,-0.2342,-1.1610,0.1859,161.42,60.55,-14.84
2.241594,-0.2318,-1.1639,0.1835,160.23,60.55,-15.68
2.242191,-0.2269,-1.1668,0.1815,160.44,61.81,-15.05
2.243164,-0.2220,-1.1653,0.1869,159.46,61.11,-15.82
2.243761,-0.2201,-1.1649,0.1928,159.46,62.44,-14.63
2.244358,-0.2211,-1.1649,0.1928,159.04,62.30,-16.03
2.244955,-0.2186,-1.1668,0.1923,158.55,62.93,-14.77
2.245552,-0.2128,-1.1692,0.2001,158.13,63.28,-15.89
2.246149,-0.2045,-1.1692,0.1981,157.71,63.56,-14.35
2.246746,-0.2025,-1.1692,0.1967,156.87,64.96,-14.56
2.247343,-0.2030,-1.1712,0.1976,156.80,64.96,-15.40
2.247940,-0.2020,-1.1717,0.1972,156.17,65.73,-14.49
2.248537,-0.2006,-1.1707,0.2011,155.68,66.36,-14.84
2.249134,-0.1981,-1.1663,0.2059,155.47,66.50,-14.35
2.249731,-0.1967,-1.1629,0.2054,155.05,67.13,-15.40
2.250328,-0.1967,-1.1610,0.2089,154.98,67.76,-14.14
2.250925,-0.1991,-1.1614,0.2069,154.42,68.04,-14.98
2.251522,-0.2006,-1.1619,0.2084,154.56,67.83,-14.00
2.252119,-0.1976,-1.1610,0.2108,153.37,69.44,-14.63
2.252716,-0.1957,-1.1614,0.2059,154.28,68.46,-13.79
2.253313,-0.1962,-1.1600,0.2084,152.39,69.93,-13.93
2.253910,-0.1962,-1.1590,0.2108,153.65,69.51,-14.00
2.253910,-0.1962,-1.1556,0.2069,152.04,70.70,-13.44
2.254503,-0.1957,-1.1473,0.2035,152.67,70.07,-13.86
2.255100,-0.1942,-1.1434,0.2035,151.48,71.26,-12.67
2.255697,-0.1962,-1.1444,0.2030,151.97,70.91,-13.37
2.256294,-0.2006,-1.1444,0.2050,150.92,72.17,-12.25
2.256891,-0.2020,-1.1390,0.2059,151.27,71.61,-12.67
2.257488,-0.2006,-1.1375,0.2030,150.22,72.87,-11.83
2.258085,-0.2001,-1.1375,0.2015,150.50,72.38,-12.04
2.258682,-0.1981,-1.1331,0.2006,149.73,73.50,-10.92
2.259279,-0.1986,-1.1297,0.2030,149.52,72.80,-11.48
2.259876,-0.1991,-1.1273,0.2040,149.59,74.13,-10.08
2.260473,-0.1972,-1.1263,0.2020,148.61,73.78,-10.99
2.261070,-0.2001,-1.1214,0.2001,149.03,74.62,-9.59
2.261667,-0.2020,-1.1161,0.1996,147.70,74.41,-10.36
2.262264,-0.2069,-1.1146,0.1972,148.54,75.25,-8.54
2.262861,-0.2113,-1.1122,0.1972,146.79,74.62,-10.01
2.263458,-0.2084,-1.1058,0.1986,148.19,76.02,-7.70
2.264055,-0.2084,-1.1043,0.1942,146.30,75.11,-9.10
2.264652,-0.2128,-1.1053,0.1923,147.42,76.79,-7.21
2.265625,-0.2162,-1.1004,0.1893,145.67,75.46,-7.70
2.266222,-0.2176,-1.0921,0.1854,146.65,76.93,-6.37
2.266819,-0.2167,-1.0897,0.1879,145.46,76.16,-7.07
2.267416,-0.2191,-1.0912,0.1928,146.23,76.58,-5.25
2.268013,-0.2235,-1.0868,0.1893,144.90,76.86,-6.72
2.268610,-0.2230,-1.0819,0.1864,145.25,77.49,-3.85
2.269207,-0.2245,-1.0790,0.1869,144.41,77.14,-6.30
2.269804,-0.2255,-1.0775,0.1898,144.27,77.63,-2.52
2.270401,-0.2274,-1.0726,0.1893,143.92,77.21,-5.39
2.270998,-0.2298,-1.0673,0.1864,143.64,78.05,-1.54
2.271595,-0.2269,-1.0668,0.1884,143.43,77.56,-4.34
2.272192,-0.2294,-1.0648,0.1874,142.80,78.40,-0.28
2.272789,-0.2342,-1.0624,0.1835,142.73,77.70,-3.43
2.273386,-0.2362,-1.0594,0.1825,142.24,78.47,0.70
2.273983,-0.2367,-1.0546,0.1884,142.17,78.12,-2.38
2.274580,-0.2367,-1.0521,0.1913,141.89,78.89,1.82
2.275177,-0.2377,-1.0477,0.1869,140.84,78.05,-1.19
2.275774,-0.2396,-1.0433,0.1879,141.54,78.89,3.08
2.276371,-0.2445,-1.0375,0.1903,140.14,78.47,0.14
2.276371,-0.2499,-1.0346,0.1889,141.05,78.75,4.06
2.276964,-0.2503,-1.0375,0.1889,139.51,78.61,1.05
2.277561,-0.2499,-1.0360,0.1884,140.07,79.10,5.32
2.278158,-0.2577,-1.0238,0.1942,138.53,78.40,2.59
2.278755,-0.2542,-1.0228,0.1967,137.83,78.54,3.92
2.279352,-0.2572,-1.0204,0.1942,138.81,78.96,7.49
2.279949,-0.2640,-1.0131,0.1981,137.13,78.61,5.18
2.280546,-0.2635,-1.0141,0.2069,138.53,79.31,8.54
2.281143,-0.2630,-1.0165,0.2074,136.57,78.75,6.72
2.281740,-0.2640,-1.0106,0.2030,137.48,79.03,9.59
2.282337,-0.2664,-1.0097,0.2035,136.01,78.47,8.12
2.282934,-0.2723,-1.0097,0.2084,136.92,79.03,11.34
2.283531,-0.2733,-1.0058,0.2103,135.45,78.05,9.73
2.284128,-0.2738,-1.0004,0.2123,135.80,79.03,12.18
2.284725,-0.2796,-0.9960,0.2123,135.17,77.70,11.27
2.285322,-0.2826,-0.9945,0.2108,134.75,79.17,13.37
2.285919,-0.2826,-0.9931,0.2098,134.54,77.70,12.95
2.286516,-0.2860,-0.9906,0.2103,133.98,78.68,14.70
2.287113,-0.2899,-0.9872,0.2108,133.98,77.49,14.70
2.288086,-0.2923,-0.9872,0.2157,133.35,78.33,15.96
2.288683,-0.2967,-0.9862,0.2186,132.30,78.12,17.78
2.289280,-0.2948,-0.9838,0.2191,132.58,76.86,17.43
2.289877,-0.2987,-0.9833,0.2211,132.09,78.33,17.92
2.290474,-0.3021,-0.9853,0.2240,131.67,77.14,19.46
2.291071,-0.3006,-0.9867,0.2225,131.11,77.84,18.97
2.291668,-0.3021,-0.9862,0.2206,131.32,76.44,21.07
2.292265,-0.3035,-0.9848,0.2225,130.76,77.28,20.44
2.292862,-0.3060,-0.9858,0.2216,130.27,76.44,22.47
2.293459,-0.3079,-0.9892,0.2216,130.13,76.51,21.70
2.294056,-0.3128,-0.9906,0.2289,130.13,76.51,23.24
2.294653,-0.3167,-0.9931,0.2289,129.29,76.30,22.96
2.295250,-0.3172,-0.9945,0.2303,129.64,75.67,24.15
2.295847,-0.3143,-0.9902,0.2338,128.66,75.74,24.22
2.296444,-0.3128,-0.9887,0.2391,129.15,76.02,25.90
2.297041,-0.3196,-0.9926,0.2411,128.10,75.60,25.55
2.297638,-0.3255,-0.9950,0.2411,128.38,75.32,26.39
2.298235,-0.3260,-0.9970,0.2440,127.54,74.55,26.39
2.298832,-0.3240,-0.9965,0.2430,128.45,74.90,27.37
2.299804,-0.3245,-0.9945,0.2450,126.77,74.41,27.65
2.300401,-0.3294,-0.9921,0.2445,127.61,74.97,28.35
2.300998,-0.3289,-0.9989,0.2479,127.05,74.27,29.40
2.301595,-0.3323,-0.9994,0.2494,125.93,73.85,29.19
2.302192,-0.3396,-1.0028,0.2547,126.49,73.71,30.03
2.302789,-0.3470,-1.0053,0.2582,125.65,72.87,29.61
2.303386,-0.3460,-1.0028,0.2542,125.51,73.15,31.08
2.303983,-0.3484,-1.0033,0.2577,124.88,72.87,30.31
2.304580,-0.3538,-1.0063,0.2616,125.65,72.73,31.36
2.305177,-0.3567,-1.0102,0.2640,124.25,72.38,30.73
2.305774,-0.3636,-1.0116,0.2669,125.23,72.03,31.22
2.306371,-0.3621,-1.0097,0.2669,123.90,71.75,31.64
2.306968,-0.3675,-1.0106,0.2694,124.81,72.10,31.85
2.307565,-0.3714,-1.0121,0.2708,123.41,71.12,31.78
2.308162,-0.3704,-1.0170,0.2718,124.53,71.33,32.20
2.308759,-0.3772,-1.0238,0.2723,123.27,70.63,32.20
2.309356,-0.3767,-1.0243,0.2708,124.32,70.42,32.27
2.309953,-0.3826,-1.0263,0.2699,122.78,70.56,32.69
2.310550,-0.3894,-1.0346,0.2757,123.76,69.93,32.06
2.311523,-0.3977,-1.0394,0.2733,123.06,69.86,32.34
2.312120,-0.4031,-1.0433,0.2786,122.57,69.02,32.69
2.312717,-0.4075,-1.0512,0.2830,122.64,69.16,31.92
2.313314,-0.4114,-1.0546,0.2869,122.01,69.02,32.83
2.313911,-0.4163,-1.0536,0.2850,122.57,68.39,31.71
2.314508,-0.4197,-1.0551,0.2806,121.87,68.25,32.83
2.315105,-0.4260,-1.0570,0.2811,122.50,67.06,31.36
2.315702,-0.4290,-1.0599,0.2826,122.08,67.27,32.48
2.316299,-0.4304,-1.0634,0.2786,121.94,67.62,30.87
2.316896,-0.4358,-1.0682,0.2796,122.22,66.99,32.13
2.317493,-0.4397,-1.0712,0.2845,121.45,66.43,30.24
2.318090,-0.4382,-1.0746,0.2821,122.43,65.73,31.85
2.318687,-0.4416,-1.0819,0.2762,121.17,66.43,29.82
2.319284,-0.4470,-1.0892,0.2816,122.57,65.59,31.43
2.319881,-0.4475,-1.0946,0.2894,121.17,65.10,28.91
2.320478,-0.4455,-1.0946,0.2840,122.64,64.82,30.94
2.321075,-0.4460,-1.0965,0.2791,121.03,64.68,28.42
2.321672,-0.4509,-1.1004,0.2782,122.36,64.54,29.75
2.322269,-0.4529,-1.1043,0.2811,121.24,63.91,28.35
2.323242,-0.4534,-1.1102,0.2816,122.01,63.98,28.56
2.323839,-0.4592,-1.1141,0.2845,121.45,62.93,28.28
2.324436,-0.4587,-1.1185,0.2845,122.22,63.35,26.95
2.325033,-0.4548,-1.1209,0.2786,121.73,62.58,27.44
2.325630,-0.4612,-1.1219,0.2777,121.87,62.51,26.46
2.326227,-0.4607,-1.1248,0.2786,122.36,61.67,26.04
2.326824,-0.4577,-1.1268,0.2791,121.73,62.30,25.97
2.327421,-0.4573,-1.1302,0.2767,122.29,61.25,25.41
2.328018,-0.4587,-1.1366,0.2830,122.08,61.46,24.71
2.328615,-0.4602,-1.1400,0.2869,122.99,60.90,23.80
2.329212,-0.4563,-1.1414,0.2860,122.15,60.83,23.80
2.329809,-0.4602,-1.1448,0.2860,122.71,60.90,22.75
2.330406,-0.4616,-1.1517,0.2855,122.50,60.06,22.61
2.331003,-0.4592,-1.1575,0.2874,122.85,60.20,21.91
2.331600,-0.4587,-1.1605,0.2860,122.85,59.50,21.49
2.332197,-0.4548,-1.1595,0.2850,123.27,59.50,20.72
2.332794,-0.4529,-1.1580,0.2865,123.34,59.01,19.88
2.333391,-0.4504,-1.1629,0.2874,123.55,58.94,19.46
2.333988,-0.4504,-1.1678,0.2869,123.69,58.80,18.62
2.333988,-0.4436,-1.1810,0.2874,123.62,58.38,17.57
2.334581,-0.4480,-1.1849,0.2899,124.18,58.10,16.80
2.335178,-0.4416,-1.1883,0.2899,124.11,57.33,16.38
2.335775,-0.4377,-1.1966,0.2894,124.60,58.31,15.47
2.336372,-0.4338,-1.2063,0.2904,124.60,56.91,15.40
2.336969,-0.4338,-1.2078,0.2933,124.95,57.82,14.14
2.337566,-0.4309,-1.2141,0.2952,125.16,56.42,13.65
2.338163,-0.4236,-1.2254,0.2972,125.86,57.33,12.95
2.338760,-0.4255,-1.2278,0.2972,125.65,56.56,11.83
2.339357,-0.4226,-1.2322,0.3001,126.21,56.70,11.69
2.339954,-0.4172,-1.2415,0.3030,126.35,56.14,10.15
2.340551,-0.4153,-1.2483,0.3016,126.98,56.70,10.50
2.341148,-0.4163,-1.2556,0.3050,126.56,56.07,9.24
2.341745,-0.4168,-1.2605,0.3089,127.61,55.93,8.68
2.342342,-0.4148,-1.2576,0.3138,127.54,55.51,7.70
2.342939,-0.4128,-1.2590,0.3157,128.03,56.07,6.65
2.343536,-0.4104,-1.2664,0.3167,128.03,55.23,6.86
2.344133,-0.4085,-1.2712,0.3206,128.59,55.86,4.90
2.344730,-0.4085,-1.2742,0.3206,128.94,55.37,5.04
2.345703,-0.4089,-1.2790,0.3201,129.43,55.30,3.43
2.346300,-0.4050,-1.2844,0.3338,129.50,55.16,3.29
2.346897,-0.3997,-1.2932,0.3426,130.41,55.16,2.24
2.347494,-0.3914,-1.2981,0.3416,130.41,54.39,0.07
2.348091,-0.3860,-1.2991,0.3401,131.32,55.65,0.07
2.348688,-0.3914,-1.3020,0.3484,131.46,54.39,-1.61
2.349285,-0.3816,-1.3078,0.3494,131.95,55.16,-1.89
2.349882,-0.3816,-1.3113,0.3538,131.53,54.74,-2.73
2.350479,-0.3787,-1.3113,0.3597,132.93,55.23,-3.43
2.351076,-0.3719,-1.3132,0.3587,132.37,54.39,-4.41
2.351673,-0.3699,-1.3176,0.3616,133.56,55.30,-4.62
2.352270,-0.3665,-1.3200,0.3699,133.35,54.11,-5.95
2.352867,-0.3655,-1.3200,0.3728,134.19,55.37,-6.44
2.353464,-0.3626,-1.3171,0.3797,134.19,54.11,-7.00
2.354061,-0.3582,-1.3152,0.3836,134.75,55.23,-8.33
2.354658,-0.3606,-1.3103,0.3880,134.75,54.25,-8.33
2.355255,-0.3616,-1.3069,0.3914,135.38,55.23,-9.66
2.355852,-0.3621,-1.3049,0.3933,135.45,54.32,-9.73
2.356449,-0.3616,-1.3020,0.3987,135.73,54.74,-11.06
2.357422,-0.3616,-1.2995,0.4021,136.85,54.04,-11.41
2.358019,-0.3645,-1.2942,0.4070,136.01,55.09,-11.76
2.358616,-0.3655,-1.2869,0.4060,137.76,53.90,-12.88
2.359213,-0.3670,-1.2805,0.4085,136.85,54.53,-13.44
2.359810,-0.3684,-1.2742,0.4168,137.76,54.53,-13.44
2.360407,-0.3728,-1.2693,0.4192,137.48,54.18,-14.21
2.361004,-0.3733,-1.2654,0.4192,137.83,54.67,-14.49
2.361601,-0.3723,-1.2595,0.4172,138.18,53.55,-15.26
2.362198,-0.3709,-1.2517,0.4153,138.04,55.02,-14.84
2.362795,-0.3777,-1.2424,0.4197,138.95,53.48,-16.10
2.363392,-0.3850,-1.2337,0.4231,138.18,54.53,-15.61
2.363989,-0.3860,-1.2234,0.4231,139.09,53.76,-16.73
2.364586,-0.3880,-1.2205,0.4231,138.18,54.46,-16.10
2.365183,-0.3855,-1.2161,0.4250,139.30,53.48,-17.22
2.365780,-0.3870,-1.2063,0.4241,138.32,54.18,-16.03
2.366377,-0.3899,-1.1985,0.4231,139.79,52.92,-17.78
2.366974,-0.3899,-1.1907,0.4260,138.67,53.90,-16.80
2.367571,-0.3919,-1.1824,0.4250,139.58,53.13,-18.48
2.368168,-0.3963,-1.1692,0.4236,138.67,53.90,-34.30
2.369140,-0.3967,-1.1614,0.4250,138.81,54.04,-17.15
2.369737,-0.3982,-1.1531,0.4241,140.00,51.80,-18.76
2.370334,-0.3982,-1.1439,0.4231,138.53,53.97,-17.15
2.370931,-0.4006,-1.1346,0.4250,139.30,51.80,-18.27
2.371528,-0.4031,-1.1268,0.4236,138.88,53.55,-17.36
2.372125,-0.4050,-1.1141,0.4246,138.60,51.17,-17.85
2.372722,-0.4050,-1.1063,0.4216,138.95,53.13,-17.64
2.373319,-0.4046,-1.0970,0.4158,138.11,51.31,-17.85
2.373916,-0.4016,-1.0882,0.4172,138.88,52.78,-17.15
2.374513,-0.3992,-1.0814,0.4177,137.06,51.03,-17.36
2.375110,-0.4031,-1.0712,0.4143,138.60,51.80,-16.80
2.375707,-0.4050,-1.0624,0.4172,136.64,50.75,-17.15
2.376304,-0.4031,-1.0536,0.4202,138.18,51.66,-16.87
2.376901,-0.4002,-1.0458,0.4202,136.36,50.12,-16.73
2.377498,-0.3977,-1.0331,0.4163,137.34,51.52,-16.73
2.378095,-0.3997,-1.0238,0.4177,135.80,49.84,-16.31
2.378692,-0.4006,-1.0185,0.4192,136.22,51.03,-16.59
2.379289,-0.3987,-1.0102,0.4172,135.52,49.63,-15.47
2.379886,-0.4016,-0.9999,0.4168,135.10,50.54,-15.75
2.379886,-0.4046,-0.9784,0.4163,135.03,49.07,-15.47
2.380479,-0.4046,-0.9697,0.4172,134.26,48.58,-14.91
2.381076,-0.4041,-0.9584,0.4202,133.21,49.63,-14.28
2.381673,-0.4036,-0.9487,0.4211,133.21,49.14,-14.63
2.382270,-0.4031,-0.9472,0.4192,131.88,48.93,-12.95
2.382867,-0.4006,-0.9423,0.4177,132.16,48.23,-13.86
2.383464,-0.4016,-0.9331,0.4216,131.04,48.51,-12.81
2.384061,-0.4041,-0.9267,0.4241,131.39,47.39,-13.65
2.384658,-0.3987,-0.9204,0.4216,129.64,48.72,-12.46
2.385255,-0.3958,-0.9067,0.4231,130.06,47.11,-12.95
2.385852,-0.3972,-0.8994,0.4270,128.52,48.23,-11.34
2.386449,-0.3953,-0.8955,0.4285,128.66,46.76,-12.04
2.387046,-0.3958,-0.8886,0.4260,127.12,47.39,-10.36
2.387643,-0.3967,-0.8833,0.4285,127.40,46.13,-11.76
2.388240,-0.3943,-0.8760,0.4324,125.93,46.62,-9.45
2.388837,-0.3938,-0.8686,0.4329,125.65,46.83,-10.92
2.389434,-0.3948,-0.8642,0.4348,124.95,45.85,-8.12
2.390031,-0.3933,-0.8594,0.4358,124.11,46.34,-10.71
2.390628,-0.3943,-0.8525,0.4387,123.48,44.94,-6.79
2.391601,-0.3967,-0.8452,0.4416,122.15,46.27,-10.57
2.392198,-0.3958,-0.8413,0.4436,122.36,44.31,-5.74
2.392795,-0.3943,-0.8398,0.4460,120.47,45.64,-9.80
2.393392,-0.3972,-0.8364,0.4485,120.82,44.31,-4.90
2.393989,-0.4006,-0.8316,0.4504,118.93,45.15,-9.17
2.394586,-0.4016,-0.8267,0.4499,119.63,43.47,-3.85
2.395183,-0.4021,-0.8228,0.4475,117.11,44.80,-8.19
2.395780,-0.3987,-0.8189,0.4519,118.02,43.26,-2.87
2.396377,-0.3967,-0.8145,0.4558,115.50,44.17,-7.49
2.396974,-0.3987,-0.8096,0.4592,116.69,43.26,-2.17
2.397571,-0.3987,-0.8072,0.4612,113.61,43.12,-6.16
2.398168,-0.3987,-0.8032,0.4612,115.01,42.42,-1.40
2.398765,-0.3982,-0.7959,0.4641,111.79,42.98,-4.90
2.399362,-0.3977,-0.7896,0.4695,113.12,42.28,-0.63
2.399959,-0.3967,-0.7867,0.4734,110.25,42.28,-4.13
2.400556,-0.3963,-0.7871,0.4704,111.30,42.00,0.07
2.401153,-0.3997,-0.7857,0.4695,108.71,41.93,-3.15
2.401750,-0.4006,-0.7818,0.4729,108.85,41.44,0.77
2.402347,-0.3919,-0.7764,0.4763,107.10,41.02,1.05
2.403320,-0.3943,-0.7720,0.4782,105.28,40.88,-0.56
2.403917,-0.3958,-0.7745,0.4812,105.28,40.60,1.68
2.404514,-0.3924,-0.7730,0.4865,103.67,41.02,0.56
2.405111,-0.3875,-0.7662,0.4821,103.39,39.97,2.10
2.405708,-0.3865,-0.7637,0.4773,101.64,40.53,1.96
2.406305,-0.3865,-0.7632,0.4807,101.36,39.55,2.45
2.406902,-0.3836,-0.7627,0.4846,100.10,39.69,2.87
2.407499,-0.3845,-0.7584,0.4846,99.47,39.41,2.94
2.408096,-0.3816,-0.7569,0.4870,98.28,39.55,4.55
2.408693,-0.3762,-0.7588,0.4880,97.44,39.06,3.08
2.409290,-0.3733,-0.7535,0.4836,96.74,38.99,5.60
2.409887,-0.3714,-0.7535,0.4826,95.20,38.99,3.57
2.410484,-0.3733,-0.7520,0.4865,94.99,38.85,6.44
2.411081,-0.3738,-0.7481,0.4909,93.03,38.64,4.20
2.411678,-0.3709,-0.7476,0.4934,93.45,38.15,7.77
2.412275,-0.3689,-0.7491,0.4890,90.86,38.08,5.18
2.412872,-0.3675,-0.7486,0.4851,91.63,38.36,7.84
2.413469,-0.3645,-0.7422,0.4860,88.83,37.59,5.95
2.414066,-0.3626,-0.7413,0.4826,89.32,38.36,9.31
2.414066,-0.3597,-0.7437,0.4851,87.36,37.10,5.60
2.414659,-0.3592,-0.7403,0.4836,85.75,36.82,6.02
2.415256,-0.3567,-0.7418,0.4787,85.12,37.80,11.48
2.415853,-0.3514,-0.7388,0.4768,83.93,36.75,5.95
2.416450,-0.3548,-0.7364,0.4787,82.88,37.59,12.25
2.417047,-0.3572,-0.7393,0.4812,81.97,36.47,6.30
2.417644,-0.3548,-0.7398,0.4846,80.78,37.38,12.74
2.418241,-0.3518,-0.7398,0.4831,80.50,36.33,7.14
2.418838,-0.3518,-0.7418,0.4851,78.54,37.17,13.58
2.419435,-0.3523,-0.7398,0.4885,78.33,35.84,7.14
2.420032,-0.3499,-0.7383,0.4860,77.21,36.75,13.93
2.420629,-0.3489,-0.7379,0.4817,76.23,35.98,7.56
2.421226,-0.3470,-0.7374,0.4865,75.46,36.54,14.42
2.421823,-0.3479,-0.7408,0.4914,73.92,36.26,7.84
2.422420,-0.3523,-0.7383,0.4860,73.99,35.84,14.77
2.423017,-0.3553,-0.7379,0.4851,71.68,35.84,8.19
2.423614,-0.3538,-0.7408,0.4904,72.10,35.56,15.19
2.424211,-0.3543,-0.7422,0.4924,69.51,36.12,8.68
2.424808,-0.3562,-0.7403,0.4924,70.49,35.63,14.91
2.425781,-0.3567,-0.7398,0.4943,67.69,35.98,9.73
2.426378,-0.3587,-0.7437,0.4982,68.81,34.86,14.91
2.426975,-0.3572,-0.7462,0.4953,65.45,35.91,9.59
2.427572,-0.3597,-0.7496,0.4948,67.13,34.65,15.19
2.428169,-0.3611,-0.7496,0.4963,63.70,35.91,10.15
2.428766,-0.3636,-0.7491,0.4953,65.17,34.23,15.40
2.429363,-0.3660,-0.7515,0.4958,62.16,35.21,10.36
2.429960,-0.3645,-0.7544,0.4978,62.86,34.72,14.84
2.430557,-0.3719,-0.7569,0.5002,60.55,35.00,10.99
2.431154,-0.3787,-0.7603,0.4987,61.11,34.58,14.77
2.431751,-0.3782,-0.7662,0.4968,59.36,34.79,11.06
2.432348,-0.3806,-0.7676,0.4958,58.94,34.30,14.98
2.432945,-0.3841,-0.7710,0.4958,57.89,34.51,11.27
2.433542,-0.3836,-0.7730,0.5007,57.33,34.09,14.35
2.434139,-0.3865,-0.7774,0.5017,56.28,34.02,12.60
2.434736,-0.3894,-0.7847,0.4987,55.65,33.95,13.72
2.435333,-0.3909,-0.7862,0.4982,54.81,34.02,12.32
2.435930,-0.3928,-0.7906,0.4982,53.48,33.67,14.07
2.436527,-0.3997,-0.7930,0.4992,53.27,34.37,12.60
2.436527,-0.3987,-0.7974,0.4958,52.36,33.04,13.51
2.437120,-0.3972,-0.8037,0.4939,51.59,34.16,12.95
2.437717,-0.4016,-0.8076,0.4978,50.82,32.69,12.95
2.438314,-0.4006,-0.8106,0.4968,50.26,33.88,13.09
2.438911,-0.3967,-0.8150,0.4929,49.70,32.41,12.39
2.439508,-0.3943,-0.8237,0.4939,48.44,33.88,13.37
2.440105,-0.3972,-0.8286,0.4939,48.23,32.13,11.83
2.440702,-0.4016,-0.8276,0.4900,47.25,33.67,13.65
2.441299,-0.4002,-0.8296,0.4895,47.18,31.78,11.55
2.441896,-0.3967,-0.8359,0.4914,45.99,33.04,14.00
2.442493,-0.3948,-0.8379,0.4939,45.64,32.06,10.29
2.443090,-0.3943,-0.8384,0.4934,44.59,32.55,14.21
2.443687,-0.3928,-0.8452,0.4924,44.24,32.13,9.59
2.444284,-0.3914,-0.8467,0.4895,43.33,32.41,14.49
2.444881,-0.3904,-0.8491,0.4875,43.05,31.71,9.24
2.445478,-0.3870,-0.8530,0.4909,42.35,32.13,14.77
2.446075,-0.3836,-0.8540,0.4924,41.72,31.50,8.82
2.446672,-0.3821,-0.8569,0.4929,41.37,31.85,14.70
2.447269,-0.3743,-0.8623,0.4939,40.81,31.78,14.70
2.448242,-0.3733,-0.8652,0.4904,38.92,31.29,7.91
2.448839,-0.3694,-0.8662,0.4900,39.97,31.50,14.28
2.449436,-0.3660,-0.8696,0.4865,38.08,31.64,7.56
2.450033,-0.3640,-0.8706,0.4851,38.36,31.22,14.21
2.450630,-0.3636,-0.8721,0.4904,37.03,31.22,7.00
2.451227,-0.3621,-0.8730,0.4904,37.73,31.36,14.00
2.451824,-0.3616,-0.8760,0.4865,35.98,30.80,7.42
2.452421,-0.3611,-0.8784,0.4856,36.89,31.29,13.58
2.453018,-0.3562,-0.8750,0.4875,35.28,30.66,6.93
2.453615,-0.3494,-0.8735,0.4880,36.05,31.57,13.72
2.454212,-0.3518,-0.8745,0.4846,33.88,30.52,6.79
2.454809,-0.3528,-0.8745,0.4865,35.77,31.36,12.95
2.455406,-0.3494,-0.8789,0.4895,32.90,30.87,7.28
2.456003,-0.3509,-0.8823,0.4875,34.51,31.29,12.95
2.456600,-0.3489,-0.8823,0.4885,32.13,30.73,6.86
2.457197,-0.3504,-0.8847,0.4900,33.67,31.29,12.74
2.457794,-0.3518,-0.8877,0.4870,31.36,30.87,6.86
2.458391,-0.3494,-0.8916,0.4846,32.90,30.73,12.81
2.458988,-0.3475,-0.8896,0.4856,30.80,30.94,6.79
2.459961,-0.3465,-0.8896,0.4900,31.78,30.73,12.67
2.460558,-0.3484,-0.8935,0.4929,30.17,30.59,7.42
2.461155,-0.3494,-0.8940,0.4880,30.87,31.08,11.90
2.461752,-0.3494,-0.8945,0.4846,29.89,30.10,7.49
2.462349,-0.3504,-0.8965,0.4831,29.96,31.15,11.90
2.462946,-0.3548,-0.9033,0.4831,29.40,30.24,7.91
2.463543,-0.3548,-0.9077,0.4870,28.84,31.15,11.76
2.464140,-0.3543,-0.9048,0.4851,28.98,29.89,8.40
2.464737,-0.3558,-0.9052,0.4831,28.14,30.87,11.55
2.465334,-0.3558,-0.9096,0.4817,28.49,30.03,8.19
2.465931,-0.3631,-0.9130,0.4831,27.58,30.59,11.76
2.466528,-0.3655,-0.9145,0.4885,28.28,30.24,7.84
2.467125,-0.3640,-0.9165,0.4860,27.23,30.10,11.62
2.467722,-0.3675,-0.9204,0.4856,27.09,30.45,7.63
2.468319,-0.3733,-0.9199,0.4860,27.02,29.96,11.90
2.468916,-0.3762,-0.9218,0.4841,26.60,30.03,7.70
2.469513,-0.3811,-0.9204,0.4895,26.46,30.10,11.34
2.470110,-0.3845,-0.9228,0.4919,26.18,29.89,11.34
2.470707,-0.3870,-0.9287,0.4870,25.76,29.19,8.75
2.471679,-0.3860,-0.9350,0.4880,26.04,29.40,10.29
2.472276,-0.3884,-0.9355,0.4904,24.99,29.26,9.87
2.472873,-0.3914,-0.9345,0.4890,25.55,29.47,9.94
2.473470,-0.3948,-0.9370,0.4875,24.64,29.05,10.01
2.474067,-0.3987,-0.9379,0.4865,25.06,29.33,9.59
2.474664,-0.3997,-0.9370,0.4900,24.50,28.70,10.22
2.475261,-0.4036,-0.9389,0.4900,24.57,29.05,8.96
2.475858,-0.4075,-0.9389,0.4875,24.36,28.35,10.64
2.476455,-0.4104,-0.9360,0.4841,23.94,29.05,9.10
2.477052,-0.4124,-0.9404,0.4831,24.43,27.79,10.64
2.477649,-0.4158,-0.9462,0.4860,23.45,28.56,9.10
2.478246,-0.4182,-0.9448,0.4880,24.01,27.79,10.78
2.478843,-0.4172,-0.9443,0.4914,22.96,27.79,8.82
2.479440,-0.4241,-0.9462,0.4904,24.01,27.93,10.99
2.480037,-0.4290,-0.9487,0.4856,22.68,27.44,9.10
2.480634,-0.4265,-0.9472,0.4900,23.73,27.65,10.64
2.481231,-0.4363,-0.9501,0.4880,23.38,27.51,10.22
2.481828,-0.4382,-0.9487,0.4890,22.96,26.11,10.08
2.482425,-0.4441,-0.9487,0.4885,23.24,27.02,9.87
2.482425,-0.4470,-0.9506,0.4860,22.54,25.97,9.73
2.483019,-0.4485,-0.9496,0.4841,22.96,26.81,10.57
2.483616,-0.4485,-0.9511,0.4807,22.47,25.55,9.24
2.484213,-0.4490,-0.9516,0.4860,22.68,26.32,11.20
2.484810,-0.4514,-0.9516,0.4875,22.33,25.41,9.31
2.485407,-0.4538,-0.9521,0.4851,22.47,25.69,10.92
2.486004,-0.4558,-0.9516,0.4870,21.98,25.06,9.59
2.486601,-0.4582,-0.9496,0.4851,22.47,24.78,10.85
2.487198,-0.4587,-0.9506,0.4826,21.77,24.43,9.73
2.487795,-0.4592,-0.9536,0.4826,22.19,24.64,10.71
2.488392,-0.4616,-0.9545,0.4870,21.91,23.59,9.31
2.488989,-0.4626,-0.9550,0.4924,21.98,24.29,10.36
2.489586,-0.4621,-0.9536,0.4875,21.84,23.73,9.66
2.490183,-0.4636,-0.9555,0.4807,21.91,23.73,10.22
2.490780,-0.4641,-0.9614,0.4846,21.91,23.17,9.66
2.491377,-0.4641,-0.9643,0.4890,21.35,23.38,10.29
2.491974,-0.4680,-0.9628,0.4870,21.70,22.61,9.31
2.492571,-0.4690,-0.9594,0.4865,21.49,22.89,9.73
2.493168,-0.4695,-0.9594,0.4865,21.63,22.05,8.96
2.494140,-0.4714,-0.9628,0.4841,21.07,22.75,9.52
2.494737,-0.4699,-0.9648,0.4831,22.12,21.00,9.17
2.495334,-0.4719,-0.9653,0.4870,21.14,22.47,9.17
2.495931,-0.4782,-0.9648,0.4885,21.70,20.79,9.17
2.496528,-0.4763,-0.9667,0.4846,21.56,21.77,8.75
2.497125,-0.4724,-0.9687,0.4831,21.49,20.30,8.54
2.497722,-0.4748,-0.9662,0.4836,21.84,20.72,8.40
2.498319,-0.4787,-0.9653,0.4826,21.14,20.30,8.12
2.498916,-0.4821,-0.9667,0.4846,21.70,20.44,8.40
2.499513,-0.4802,-0.9653,0.4836,21.21,20.02,7.42
2.500110,-0.4802,-0.9692,0.4851,22.19,19.60,7.98
2.500707,-0.4836,-0.9731,0.4865,20.58,19.53,7.63
2.501304,-0.4856,-0.9740,0.4817,22.47,19.04,7.63
2.501901,-0.4860,-0.9745,0.4817,20.65,19.04,6.93
2.502498,-0.4817,-0.9701,0.4880,22.54,18.90,7.00
2.503095,-0.4773,-0.9706,0.4841,21.00,18.41,6.72
2.503692,-0.4792,-0.9716,0.4836,22.26,17.85,7.07
2.504289,-0.4807,-0.9711,0.4851,21.00,18.48,5.88
2.504886,-0.4792,-0.9726,0.4787,22.12,17.99,6.72
2.504886,-0.4797,-0.9697,0.4836,21.63,17.36,5.39
2.505479,-0.4778,-0.9682,0.4880,21.77,17.29,5.95
2.506076,-0.4753,-0.9716,0.4831,21.63,17.29,5.11
2.506673,-0.4782,-0.9697,0.4836,21.84,17.15,5.60
2.507270,-0.4792,-0.9667,0.4875,21.56,16.80,4.34
2.507867,-0.4787,-0.9667,0.4856,21.70,16.52,5.25
2.508464,-0.4763,-0.9682,0.4846,22.12,16.17,3.71
2.509061,-0.4753,-0.9667,0.4924,21.07,16.31,4.62
2.509658,-0.4773,-0.9628,0.4963,22.26,16.10,3.64
2.510255,-0.4792,-0.9584,0.4934,21.49,15.05,3.78
2.510852,-0.4738,-0.9570,0.4909,22.12,15.89,3.01
2.511449,-0.4729,-0.9589,0.4904,21.35,14.84,3.64
2.512046,-0.4753,-0.9560,0.4948,22.47,15.54,1.89
2.512643,-0.4724,-0.9531,0.4973,21.84,14.56,3.15
2.513240,-0.4734,-0.9536,0.5007,21.98,15.54,1.61
2.513837,-0.4719,-0.9516,0.5012,22.26,13.72,2.24
2.514434,-0.4695,-0.9492,0.4987,21.56,15.26,1.19
2.515031,-0.4714,-0.9482,0.4978,22.26,13.16,2.24
2.515628,-0.4690,-0.9443,0.4982,22.47,13.02,2.03
2.516601,-0.4695,-0.9448,0.4978,21.84,14.77,-0.49
2.517198,-0.4704,-0.9404,0.4982,22.61,12.88,1.68
2.517795,-0.4670,-0.9365,0.5022,21.35,14.42,-1.33
2.518392,-0.4646,-0.9350,0.5036,22.82,12.46,0.70
2.518989,-0.4656,-0.9326,0.5017,21.56,13.58,-1.61
2.519586,-0.4656,-0.9311,0.4997,22.61,12.18,0.21
2.520183,-0.4651,-0.9282,0.4987,21.35,13.58,-2.10
2.520780,-0.4636,-0.9252,0.5036,22.33,12.04,-0.49
2.521377,-0.4651,-0.9228,0.5051,21.21,13.30,-2.80
2.521974,-0.4670,-0.9184,0.5012,22.75,11.69,-1.33
2.522571,-0.4636,-0.9199,0.5012,21.00,12.53,-2.66
2.523168,-0.4626,-0.9228,0.5036,22.54,11.69,-1.89
2.523765,-0.4592,-0.9199,0.5036,21.28,12.18,-2.87
2.524362,-0.4577,-0.9184,0.5051,22.61,11.48,-2.31
2.524959,-0.4592,-0.9184,0.5061,21.21,12.11,-3.92
2.525556,-0.4563,-0.9140,0.5056,22.05,11.34,-3.08
2.526153,-0.4568,-0.9111,0.5051,21.42,11.90,-3.71
2.526750,-0.4607,-0.9111,0.5051,22.05,11.06,-3.64
2.527347,-0.4607,-0.9087,0.5056,21.63,11.76,-4.41
2.527347,-0.4587,-0.9067,0.5036,21.70,10.71,-4.27
2.527940,-0.4602,-0.9033,0.5041,21.63,11.13,-4.55
2.528537,-0.4612,-0.9013,0.5061,21.77,10.78,-5.67
2.529134,-0.4573,-0.9013,0.5075,21.56,11.06,-4.76
2.529731,-0.4558,-0.8984,0.5090,21.21,11.20,-6.23
2.530328,-0.4529,-0.8926,0.5095,22.05,10.57,-5.32
2.530925,-0.4499,-0.8882,0.5148,21.21,10.99,-7.14
2.531522,-0.4558,-0.8862,0.5183,21.98,10.57,-5.74
2.532119,-0.4558,-0.8833,0.5134,20.72,10.78,-7.63
2.532716,-0.4538,-0.8779,0.5080,21.91,10.29,-6.09
2.533313,-0.4568,-0.8745,0.5095,20.58,10.78,-8.47
2.533910,-0.4558,-0.8735,0.5114,22.12,9.80,-6.16
2.534507,-0.4534,-0.8677,0.5104,20.09,10.15,-9.10
2.535104,-0.4514,-0.8642,0.5104,21.63,9.94,-6.65
2.535701,-0.4553,-0.8647,0.5114,20.44,10.50,-10.29
2.536298,-0.4558,-0.8608,0.5148,21.21,9.45,-6.72
2.536895,-0.4509,-0.8555,0.5163,20.30,10.15,-10.78
2.537492,-0.4514,-0.8525,0.5163,21.21,9.24,-7.42
2.538089,-0.4529,-0.8477,0.5163,20.37,9.94,-11.55
2.539062,-0.4529,-0.8438,0.5178,20.44,9.73,-7.77
2.539659,-0.4499,-0.8398,0.5212,20.02,9.73,-11.90
2.540256,-0.4485,-0.8355,0.5222,20.37,9.38,-8.61
2.540853,-0.4451,-0.8316,0.5197,19.95,9.66,-12.60
2.541450,-0.4412,-0.8262,0.5187,19.81,9.31,-9.38
2.542047,-0.4416,-0.8213,0.5139,19.95,9.45,-12.53
2.542644,-0.4412,-0.8184,0.5119,19.32,8.96,-9.45
2.543241,-0.4387,-0.8159,0.5148,19.60,9.52,-13.44
2.543838,-0.4392,-0.8135,0.5134,19.18,9.38,-10.64
2.544435,-0.4402,-0.8101,0.5100,19.60,9.24,-13.58
2.545032,-0.4387,-0.8052,0.5129,18.48,9.24,-11.06
2.545629,-0.4353,-0.8018,0.5153,19.32,8.82,-13.65
2.546226,-0.4319,-0.8023,0.5134,17.92,9.17,-11.48
2.546823,-0.4348,-0.7979,0.5153,18.97,8.96,-14.07
2.547420,-0.4338,-0.7910,0.5158,17.57,9.10,-12.04
2.548017,-0.4319,-0.7832,0.5163,18.41,9.17,-14.07
2.548614,-0.4329,-0.7754,0.5173,17.50,9.17,-12.39
2.549211,-0.4324,-0.7735,0.5124,17.71,9.10,-14.28
2.549808,-0.4343,-0.7710,0.5139,17.29,9.31,-13.23
2.549808,-0.4343,-0.7662,0.5173,17.01,8.89,-14.35
2.550401,-0.4294,-0.7627,0.5109,16.87,8.89,-13.58
2.550998,-0.4290,-0.7584,0.5104,16.31,9.17,-15.12
2.551595,-0.4319,-0.7501,0.5109,16.94,9.10,-13.86
2.552192,-0.4299,-0.7432,0.5085,15.82,9.31,-15.61
2.552789,-0.4280,-0.7427,0.5100,16.38,8.75,-14.14
2.553386,-0.4260,-0.7418,0.5104,15.19,9.24,-15.61
2.553983,-0.4231,-0.7379,0.5095,15.75,8.68,-14.28
2.554580,-0.4231,-0.7359,0.5080,14.77,9.38,-15.40
2.555177,-0.4250,-0.7310,0.5104,15.26,8.75,-15.26
2.555774,-0.4226,-0.7276,0.5085,14.21,9.03,-15.40
2.556371,-0.4182,-0.7281,0.5041,14.77,9.17,-15.54
2.556968,-0.4207,-0.7247,0.5051,14.21,9.17,-15.75
2.557565,-0.4236,-0.7188,0.5075,13.58,8.96,-15.40
2.558162,-0.4197,-0.7159,0.5080,13.72,9.17,-15.75
2.558759,-0.4148,-0.7115,0.5041,12.95,9.10,-15.33
2.559356,-0.4148,-0.7091,0.5031,13.23,8.89,-15.40
2.559953,-0.4148,-0.7091,0.5046,12.39,9.10,-15.61
2.560550,-0.4182,-0.7066,0.5046,12.74,9.87,-16.24
2.560550,-0.4192,-0.6998,0.5056,11.41,8.96,-15.05
2.561144,-0.4177,-0.6974,0.5056,12.32,9.52,-15.75
2.561741,-0.4187,-0.6949,0.5061,10.99,8.96,-15.82
2.562338,-0.4163,-0.6905,0.5085,11.76,9.52,-15.82
2.562935,-0.4187,-0.6925,0.5090,10.50,9.03,-16.10
2.563532,-0.4192,-0.6891,0.5085,10.78,9.87,-15.54
2.564129,-0.4187,-0.6881,0.5104,10.15,8.89,-16.03
2.564726,-0.4182,-0.6920,0.5085,10.08,9.73,-14.91
2.565323,-0.4158,-0.6920,0.5070,9.59,9.10,-16.24
2.565920,-0.4133,-0.6895,0.5095,9.80,9.66,-14.98
2.566517,-0.4119,-0.6847,0.5124,8.68,9.52,-16.03
2.567114,-0.4158,-0.6808,0.5134,9.66,9.80,-14.70
2.567711,-0.4163,-0.6808,0.5124,7.91,9.80,-15.68
2.568308,-0.4119,-0.6803,0.5119,9.03,9.59,-14.21
2.568905,-0.4099,-0.6803,0.5100,7.07,9.31,-15.54
2.569502,-0.4070,-0.6764,0.5104,8.26,10.01,-14.42
2.570099,-0.4060,-0.6744,0.5144,6.86,9.59,-15.19
2.570696,-0.4021,-0.6744,0.5119,6.37,9.80,-15.26
2.571293,-0.4065,-0.6759,0.5124,5.88,9.87,-15.05
2.573242,-0.4050,-0.6710,0.5139,6.16,10.15,-12.81
2.573839,-0.3997,-0.6715,0.5129,5.32,9.87,-15.05
2.574436,-0.3982,-0.6710,0.5129,5.53,10.22,-12.81
2.575033,-0.3987,-0.6700,0.5139,4.55,10.36,-14.70
2.575630,-0.3982,-0.6715,0.5163,4.90,10.50,-12.74
2.576227,-0.3982,-0.6730,0.5178,4.13,10.36,-14.07
2.576824,-0.3967,-0.6720,0.5144,4.48,10.50,-12.39
2.577421,-0.3982,-0.6671,0.5129,3.64,10.29,-13.93
2.578018,-0.3953,-0.6642,0.5158,3.92,10.43,-11.83
2.578615,-0.3894,-0.6632,0.5178,3.36,10.43,-13.72
2.579212,-0.3924,-0.6637,0.5163,2.73,10.57,-11.41
2.579809,-0.3938,-0.6656,0.5153,3.01,10.92,-13.72
2.580406,-0.3880,-0.6656,0.5183,2.10,10.99,-11.27
2.581003,-0.3850,-0.6676,0.5178,2.80,10.92,-12.88
2.581600,-0.3816,-0.6695,0.5144,1.19,11.13,-10.71
2.582197,-0.3826,-0.6681,0.5144,2.17,10.85,-12.60
2.582794,-0.3841,-0.6681,0.5134,0.98,10.92,-10.15
2.583391,-0.3845,-0.6676,0.5114,1.54,11.13,-12.53
2.583988,-0.3860,-0.6617,0.5139,0.28,11.06,-9.45
2.583988,-0.3855,-0.6603,0.5129,0.84,11.34,-11.97
2.584581,-0.3894,-0.6642,0.5134,-0.21,11.06,-8.89
2.585178,-0.3919,-0.6647,0.5124,0.28,11.83,-11.90
2.585775,-0.3870,-0.6647,0.5100,-0.35,10.99,-8.12
2.586372,-0.3831,-0.6681,0.5124,-0.42,11.69,-11.41
2.586969,-0.3811,-0.6695,0.5139,-0.84,11.62,-8.19
2.587566,-0.3855,-0.6681,0.5153,-1.12,12.11,-10.64
2.588163,-0.3865,-0.6690,0.5153,-1.12,11.41,-7.84
2.588760,-0.3880,-0.6690,0.5168,-1.89,12.25,-10.50
2.589357,-0.3899,-0.6695,0.5183,-1.40,11.55,-7.28
2.589954,-0.3875,-0.6715,0.5163,-2.31,12.39,-9.66
2.590551,-0.3889,-0.6715,0.5148,-1.61,11.48,-7.14
2.591148,-0.3899,-0.6710,0.5183,-3.22,12.67,-9.10
2.591745,-0.3894,-0.6739,0.5158,-1.75,11.90,-7.21
2.592342,-0.3904,-0.6749,0.5139,-3.64,12.95,-8.33
2.592939,-0.3914,-0.6730,0.5178,-2.38,11.83,-6.65
2.593536,-0.3924,-0.6739,0.5197,-3.92,12.88,-8.47
2.594133,-0.3924,-0.6764,0.5212,-3.01,11.97,-5.95
2.594730,-0.3928,-0.6773,0.5183,-4.13,12.74,-7.56
2.595703,-0.3948,-0.6754,0.5217,-3.57,12.18,-5.32
2.596300,-0.3928,-0.6749,0.5217,-4.34,12.88,-6.72
2.596897,-0.3938,-0.6773,0.5217,-3.92,12.53,-5.32
2.597494,-0.3972,-0.6759,0.5236,-4.83,12.88,-6.37
2.598091,-0.3977,-0.6725,0.5295,-4.34,12.60,-4.83
2.598688,-0.4011,-0.6720,0.5261,-5.32,13.09,-6.16
2.599285,-0.4021,-0.6764,0.5251,-4.69,12.81,-4.55
2.599882,-0.4002,-0.6832,0.5290,-5.53,13.72,-5.67
2.600479,-0.3987,-0.6832,0.5295,-5.18,12.39,-3.85
2.601076,-0.4002,-0.6793,0.5300,-5.74,13.51,-5.32
2.601673,-0.4036,-0.6769,0.5305,-5.67,12.67,-3.36
2.602270,-0.4006,-0.6793,0.5314,-5.95,13.65,-4.55
2.602867,-0.3992,-0.6832,0.5309,-5.88,12.95,-3.43
2.603464,-0.4026,-0.6827,0.5295,-6.23,13.23,-4.20
2.604061,-0.4046,-0.6783,0.5334,-6.51,13.02,-3.43
2.604658,-0.4075,-0.6759,0.5334,-6.51,13.37,-3.15
2.605255,-0.4085,-0.6739,0.5314,-6.65,13.93,-3.22
2.605852,-0.4119,-0.6764,0.5344,-7.14,12.88,-1.96
2.606449,-0.4153,-0.6783,0.5309,-6.79,13.86,-3.22
2.606449,-0.4148,-0.6788,0.5305,-7.84,13.09,-1.61
2.607042,-0.4143,-0.6793,0.5358,-7.21,14.14,-2.66
2.607639,-0.4153,-0.6808,0.5358,-7.56,12.95,-1.68
2.608236,-0.4128,-0.6793,0.5353,-7.91,13.93,-1.75
2.608833,-0.4168,-0.6808,0.5373,-7.91,13.58,-1.68
2.609430,-0.4207,-0.6832,0.5329,-8.26,13.72,-1.54
2.610027,-0.4197,-0.6856,0.5353,-7.91,13.30,-1.61
2.610624,-0.4226,-0.6876,0.5397,-8.54,13.65,-0.98
2.611221,-0.4250,-0.6852,0.5353,-8.12,13.51,-1.26
2.611818,-0.4231,-0.6847,0.5344,-8.82,13.37,-0.42
2.612415,-0.4246,-0.6861,0.5353,-8.47,13.79,-1.12
2.613012,-0.4299,-0.6856,0.5358,-8.96,13.37,0.14
2.613609,-0.4319,-0.6866,0.5392,-9.03,14.28,-1.47
2.614206,-0.4319,-0.6895,0.5368,-9.10,12.95,0.49
2.614803,-0.4324,-0.6895,0.5334,-9.31,14.07,-1.26
2.615400,-0.4363,-0.6905,0.5358,-8.89,12.81,1.12
2.615997,-0.4397,-0.6886,0.5363,-9.38,14.14,-1.26
2.616594,-0.4382,-0.6891,0.5339,-9.38,13.02,1.54
2.617191,-0.4392,-0.6905,0.5358,-9.59,13.93,-1.40
2.618164,-0.4416,-0.6910,0.5402,-9.80,13.02,2.17
2.618761,-0.4455,-0.6920,0.5363,-9.87,13.44,-0.98
2.619358,-0.4490,-0.6930,0.5329,-9.87,12.81,2.10
2.619955,-0.4485,-0.6930,0.5339,-10.22,13.44,-1.05
2.620552,-0.4494,-0.6915,0.5344,-9.73,12.88,2.45
2.621149,-0.4524,-0.6910,0.5339,-10.57,13.23,-0.77
2.621746,-0.4534,-0.6930,0.5334,-9.73,12.74,2.59
2.622343,-0.4538,-0.6934,0.5334,-10.78,13.72,-0.63
2.622940,-0.4548,-0.6954,0.5319,-9.66,12.67,2.10
2.623537,-0.4577,-0.6988,0.5319,-11.13,13.79,-0.14
2.624134,-0.4577,-0.6998,0.5300,-9.80,12.32,2.10
2.624731,-0.4558,-0.6964,0.5305,-11.48,13.30,0.42
2.625328,-0.4592,-0.6934,0.5314,-10.01,12.04,1.61
2.625925,-0.4631,-0.6944,0.5305,-11.62,12.88,0.70
2.626522,-0.4660,-0.6934,0.5339,-10.36,12.39,1.19
2.627119,-0.4685,-0.6949,0.5319,-11.20,12.67,0.77
2.627716,-0.4685,-0.6939,0.5324,-10.71,11.62,1.61
2.628313,-0.4699,-0.6915,0.5353,-11.34,12.95,0.35
2.628910,-0.4690,-0.6905,0.5339,-11.06,12.04,1.54
2.628910,-0.4675,-0.6861,0.5329,-11.27,12.67,0.35
2.629503,-0.4685,-0.6847,0.5305,-11.34,11.69,1.75
2.630100,-0.4738,-0.6856,0.5300,-11.06,12.25,0.35
2.630697,-0.4782,-0.6847,0.5324,-11.69,11.97,1.61
2.631294,-0.4778,-0.6832,0.5329,-10.85,11.62,0.14
2.631891,-0.4778,-0.6847,0.5319,-12.11,12.04,1.40
2.632488,-0.4778,-0.6837,0.5358,-11.13,11.48,0.35
2.633085,-0.4807,-0.6812,0.5378,-11.97,11.90,1.19
2.633682,-0.4797,-0.6832,0.5348,-11.41,11.13,0.42
2.634279,-0.4797,-0.6817,0.5319,-11.90,11.55,1.19
2.634876,-0.4821,-0.6812,0.5339,-12.11,10.78,0.14
2.635473,-0.4821,-0.6793,0.5373,-12.04,11.34,0.91
2.636070,-0.4865,-0.6764,0.5388,-12.53,10.78,0.14
2.636667,-0.4885,-0.6812,0.5388,-11.55,10.85,0.63
2.637264,-0.4900,-0.6817,0.5324,-12.60,10.85,0.00
2.637861,-0.4948,-0.6764,0.5358,-11.90,10.43,0.63
2.638458,-0.4914,-0.6764,0.5392,-12.04,10.36,0.42
2.639055,-0.4914,-0.6744,0.5397,-12.81,10.50,0.07
2.639652,-0.4948,-0.6764,0.5397,-11.62,10.15,-0.28
2.640625,-0.4973,-0.6773,0.5407,-13.23,10.50,0.28
2.641222,-0.4982,-0.6734,0.5422,-11.90,9.24,-0.49
2.641819,-0.4992,-0.6715,0.5402,-12.88,10.08,0.00
2.642416,-0.4968,-0.6710,0.5373,-12.32,9.52,-0.35
2.643013,-0.4982,-0.6720,0.5388,-13.09,9.80,0.14
2.643610,-0.5002,-0.6715,0.5392,-12.53,9.38,-0.91
2.644207,-0.4992,-0.6686,0.5402,-12.95,9.31,-0.07
2.644804,-0.4978,-0.6666,0.5402,-12.95,9.45,-1.47
2.645401,-0.4963,-0.6661,0.5373,-12.67,8.82,-0.14
2.645998,-0.4982,-0.6647,0.5368,-13.44,9.17,-1.68
2.646595,-0.5017,-0.6642,0.5378,-12.74,8.19,-0.28
2.647192,-0.4953,-0.6627,0.5348,-13.65,8.82,-1.96
2.647789,-0.4909,-0.6622,0.5348,-12.60,8.05,-0.70
2.648386,-0.4900,-0.6622,0.5344,-13.72,8.47,-2.45
2.648983,-0.4870,-0.6598,0.5334,-12.88,8.19,-0.63
2.649580,-0.4870,-0.6583,0.5344,-13.44,8.40,-2.66
2.650177,-0.4909,-0.6603,0.5368,-13.30,8.61,-1.05
2.650774,-0.4914,-0.6608,0.5348,-13.79,8.05,-2.80
2.651371,-0.4900,-0.6578,0.5305,-13.51,8.47,-1.12
2.651371,-0.4875,-0.6549,0.5344,-13.93,7.70,-3.36
2.651964,-0.4826,-0.6500,0.5344,-13.72,7.77,-1.61
2.652561,-0.4846,-0.6500,0.5344,-13.51,7.21,-3.99
2.653158,-0.4856,-0.6554,0.5329,-14.14,8.12,-2.45
2.653755,-0.4812,-0.6578,0.5329,-13.37,6.72,-4.62
2.654352,-0.4807,-0.6520,0.5305,-14.42,7.84,-2.80
2.654949,-0.4797,-0.6500,0.5300,-13.58,6.79,-5.18
2.655546,-0.4734,-0.6525,0.5270,-14.63,7.49,-2.59
2.656143,-0.4729,-0.6505,0.5266,-13.79,6.86,-5.60
2.656740,-0.4758,-0.6520,0.5285,-14.35,6.86,-3.78
2.657337,-0.4768,-0.6515,0.5236,-14.14,7.00,-5.60
2.657934,-0.4758,-0.6471,0.5212,-14.07,6.65,-4.55
2.658531,-0.4748,-0.6476,0.5236,-14.70,6.79,-5.81
2.659128,-0.4729,-0.6486,0.5261,-14.00,6.58,-5.04
2.659725,-0.4709,-0.6451,0.5261,-14.91,6.86,-6.02
2.660322,-0.4734,-0.6427,0.5192,-13.79,6.09,-5.04
2.660919,-0.4734,-0.6451,0.5192,-15.12,6.86,-6.79
2.661516,-0.4685,-0.6466,0.5197,-13.79,6.44,-5.60
2.662113,-0.4685,-0.6422,0.5256,-15.47,6.79,-6.86
2.663086,-0.4734,-0.6407,0.5256,-13.65,5.46,-5.74
2.663683,-0.4729,-0.6393,0.5231,-15.47,6.79,-7.14
2.664280,-0.4685,-0.6354,0.5222,-14.00,5.53,-6.30
2.664877,-0.4699,-0.6354,0.5202,-15.68,6.51,-6.93
2.665474,-0.4699,-0.6359,0.5202,-13.93,5.39,-6.93
2.666071,-0.4660,-0.6339,0.5212,-15.54,6.58,-7.21
2.666668,-0.4612,-0.6320,0.5217,-14.21,5.11,-7.28
2.667265,-0.4577,-0.6310,0.5212,-15.26,6.23,-7.63
2.667862,-0.4597,-0.6329,0.5222,-14.84,4.97,-7.42
2.668459,-0.4612,-0.6310,0.5241,-15.47,6.37,-7.21
2.669056,-0.4616,-0.6271,0.5226,-14.70,5.11,-7.35
2.669653,-0.4636,-0.6271,0.5207,-14.98,5.74,-7.42
2.670250,-0.4626,-0.6246,0.5202,-14.84,5.04,-8.05
2.670847,-0.4597,-0.6227,0.5226,-15.19,5.67,-7.28
2.671444,-0.4573,-0.6237,0.5192,-15.05,5.11,-8.05
2.672041,-0.4534,-0.6246,0.5158,-14.63,5.53,-7.28
2.672638,-0.4548,-0.6232,0.5222,-15.68,4.76,-7.98
2.673235,-0.4543,-0.6242,0.5183,-15.68,4.83,-8.26
2.673832,-0.4553,-0.6261,0.5153,-14.70,5.46,-7.35
2.673832,-0.4573,-0.6251,0.5183,-15.47,4.76,-8.40
2.674425,-0.4529,-0.6246,0.5236,-14.77,5.53,-6.79
2.675022,-0.4509,-0.6266,0.5256,-15.61,4.20,-8.33
2.675619,-0.4538,-0.6276,0.5275,-14.91,5.39,-6.65
2.676216,-0.4548,-0.6276,0.5256,-15.33,4.34,-8.33
2.676813,-0.4524,-0.6256,0.5236,-14.91,5.18,-6.37
2.677410,-0.4509,-0.6295,0.5285,-15.33,4.27,-8.54
2.678007,-0.4524,-0.6334,0.5319,-14.35,4.90,-6.30
2.678604,-0.4504,-0.6349,0.5290,-15.82,4.76,-8.19
2.679201,-0.4529,-0.6364,0.5266,-14.35,4.69,-6.02
2.679798,-0.4573,-0.6378,0.5295,-15.61,4.62,-7.70
2.680395,-0.4553,-0.6403,0.5305,-13.86,4.20,-6.30
2.680992,-0.4534,-0.6403,0.5309,-15.89,4.27,-7.00
2.681589,-0.4514,-0.6398,0.5324,-13.93,4.34,-6.09
2.682186,-0.4529,-0.6451,0.5324,-15.33,4.48,-6.79
2.682783,-0.4534,-0.6481,0.5339,-14.07,4.13,-6.16
2.683380,-0.4494,-0.6456,0.5324,-15.05,4.41,-6.44
2.683977,-0.4499,-0.6451,0.5295,-14.14,3.64,-6.16
2.684574,-0.4499,-0.6481,0.5295,-14.49,4.55,-6.93
2.685547,-0.4494,-0.6481,0.5329,-14.28,3.64,-5.32
2.686144,-0.4470,-0.6505,0.5329,-14.21,3.64,-5.25
2.686741,-0.4460,-0.6490,0.5358,-13.86,4.41,-6.30
2.687338,-0.4451,-0.6525,0.5348,-14.49,4.13,-4.90
2.687935,-0.4372,-0.6549,0.5319,-13.65,4.27,-5.81
2.688532,-0.4333,-0.6559,0.5339,-14.07,4.13,-4.76
2.689129,-0.4382,-0.6583,0.5314,-13.16,3.92,-5.53
2.689726,-0.4407,-0.6598,0.5280,-14.07,4.20,-4.97
2.690323,-0.4358,-0.6598,0.5270,-12.67,3.78,-5.04
2.690920,-0.4304,-0.6593,0.5290,-13.86,4.34,-5.25
2.691517,-0.4299,-0.6622,0.5339,-12.67,3.78,-4.55
2.692114,-0.4309,-0.6671,0.5300,-13.30,4.41,-5.18
2.692711,-0.4290,-0.6681,0.5300,-12.46,3.71,-4.27
2.693308,-0.4241,-0.6695,0.5334,-13.44,4.62,-4.41
2.693905,-0.4241,-0.6720,0.5270,-12.11,3.29,-4.13
2.694502,-0.4280,-0.6744,0.5251,-12.74,4.27,-4.34
2.695099,-0.4260,-0.6769,0.5266,-11.97,3.85,-3.78
2.695696,-0.4221,-0.6773,0.5290,-12.32,4.41,-4.90
2.696293,-0.4241,-0.6773,0.5309,-12.04,4.20,-3.50
2.697265,-0.4246,-0.6798,0.5319,-11.69,4.20,-4.62
2.697862,-0.4211,-0.6822,0.5329,-11.90,4.20,-3.36
2.698459,-0.4182,-0.6837,0.5314,-11.06,3.92,-4.34
2.699056,-0.4143,-0.6861,0.5305,-11.55,4.48,-3.15
2.699653,-0.4114,-0.6861,0.5344,-10.71,3.99,-4.48
2.700250,-0.4163,-0.6891,0.5348,-11.41,4.20,-2.59
2.700847,-0.4197,-0.6934,0.5329,-10.64,4.27,-4.27
2.701444,-0.4177,-0.6944,0.5358,-10.71,4.34,-2.73
2.702041,-0.4163,-0.6959,0.5363,-10.01,4.34,-3.92
2.702638,-0.4172,-0.6978,0.5348,-10.43,4.76,-2.73
2.703235,-0.4153,-0.6983,0.5358,-9.45,4.20,-3.50
2.703832,-0.4124,-0.6983,0.5363,-10.22,4.83,-3.01
2.704429,-0.4128,-0.7013,0.5348,-8.82,3.99,-3.22
2.705026,-0.4109,-0.7032,0.5353,-9.66,5.11,-3.01
2.705623,-0.4099,-0.7022,0.5353,-8.82,4.20,-2.73
2.706220,-0.4099,-0.7008,0.5334,-8.82,4.69,-3.43
2.706817,-0.4085,-0.7037,0.5383,-8.61,4.62,-2.87
2.707414,-0.4153,-0.7071,0.5329,-8.47,4.48,-2.38
2.708011,-0.4143,-0.7076,0.5363,-7.56,4.83,-2.87
2.708984,-0.4168,-0.7071,0.5383,-8.05,4.97,-2.10
2.709581,-0.4192,-0.7071,0.5392,-7.28,5.04,-2.66
2.710178,-0.4182,-0.7091,0.5388,-7.00,4.62,-2.52
2.710775,-0.4192,-0.7110,0.5397,-6.86,5.11,-2.24
2.711372,-0.4211,-0.7159,0.5417,-6.72,4.62,-2.31
2.711969,-0.4182,-0.7178,0.5422,-6.37,5.39,-2.03
2.712566,-0.4158,-0.7144,0.5427,-6.16,4.41,-1.82
2.713163,-0.4177,-0.7130,0.5427,-5.67,5.25,-1.96
2.713760,-0.4192,-0.7149,0.5417,-5.88,4.69,-1.89
2.714357,-0.4216,-0.7159,0.5368,-4.76,4.90,-1.68
2.714954,-0.4216,-0.7178,0.5383,-5.53,5.32,-2.17
2.715551,-0.4246,-0.7198,0.5470,-4.13,5.04,-1.05
2.716148,-0.4280,-0.7193,0.5485,-5.04,5.32,-1.82
2.716745,-0.4280,-0.7188,0.5441,-3.43,4.83,-1.12
2.717342,-0.4309,-0.7222,0.5446,-4.69,5.32,-1.47
2.717939,-0.4304,-0.7261,0.5441,-2.87,4.55,-1.05
2.718536,-0.4304,-0.7261,0.5475,-4.27,5.74,-1.47
2.719133,-0.4348,-0.7296,0.5500,-3.57,5.39,-0.91
2.719730,-0.4358,-0.7325,0.5475,-1.89,4.76,-0.42
2.719730,-0.4382,-0.7379,0.5485,-2.66,5.60,-0.70
2.720323,-0.4397,-0.7418,0.5514,-1.68,4.69,0.28
2.720920,-0.4431,-0.7432,0.5529,-1.75,5.67,-0.91
2.721517,-0.4465,-0.7403,0.5558,-1.26,5.04,0.70
2.722114,-0.4504,-0.7422,0.5563,-1.05,5.25,-0.21
2.722711,-0.4524,-0.7476,0.5514,-0.84,4.83,1.12
2.723308,-0.4553,-0.7471,0.5490,-0.14,5.04,0.28
2.723905,-0.4582,-0.7501,0.5524,0.07,4.90,1.05
2.724502,-0.4602,-0.7544,0.5588,0.21,4.97,0.49
2.725099,-0.4612,-0.7559,0.5632,0.77,4.76,1.05
2.725696,-0.4651,-0.7593,0.5617,0.77,5.25,0.63
2.726293,-0.4646,-0.7618,0.5602,1.40,4.48,1.19
2.726890,-0.4607,-0.7603,0.5627,1.19,5.11,1.26
2.727487,-0.4646,-0.7598,0.5617,2.31,4.27,0.98
2.728084,-0.4665,-0.7657,0.5641,3.29,4.20,0.42
2.728681,-0.4660,-0.7657,0.5622,2.31,4.76,2.45
2.729278,-0.4670,-0.7657,0.5622,3.78,4.13,0.63
2.729875,-0.4704,-0.7681,0.5661,3.15,4.34,2.87
2.730472,-0.4734,-0.7657,0.5685,4.34,4.34,-0.14
2.731445,-0.4753,-0.7642,0.5656,3.92,4.48,3.64
2.732042,-0.4782,-0.7662,0.5666,4.69,4.34,-0.35
2.732639,-0.4753,-0.7647,0.5695,4.83,3.71,3.71
2.733236,-0.4719,-0.7618,0.5710,5.39,3.92,-0.49
2.733833,-0.4743,-0.7647,0.5719,5.67,3.78,3.99
2.734430,-0.4738,-0.7706,0.5744,5.60,4.06,-0.63
2.735027,-0.4714,-0.7691,0.5763,6.65,4.13,4.13
2.735624,-0.4699,-0.7686,0.5763,6.30,3.71,-0.98
2.736221,-0.4724,-0.7715,0.5768,7.35,3.85,4.20
2.736818,-0.4763,-0.7676,0.5758,6.65,3.71,-0.77
2.737415,-0.4729,-0.7637,0.5724,8.47,3.99,4.06
2.738012,-0.4729,-0.7671,0.5724,7.21,3.08,-0.63
2.738609,-0.4734,-0.7671,0.5758,8.96,3.92,3.99
2.739206,-0.4729,-0.7642,0.5773,7.91,2.94,-0.84
2.739803,-0.4719,-0.7647,0.5710,9.45,3.43,3.71
2.740400,-0.4704,-0.7666,0.5710,8.47,3.43,-1.33
2.740997,-0.4729,-0.7686,0.5719,10.08,3.50,3.43
2.741594,-0.4768,-0.7662,0.5768,9.24,2.87,-1.33
2.742191,-0.4743,-0.7637,0.5773,10.85,3.36,3.22
2.743164,-0.4719,-0.7632,0.5729,9.87,3.22,-2.10
2.743761,-0.4743,-0.7598,0.5724,11.34,2.66,3.36
2.744358,-0.4714,-0.7603,0.5714,10.50,3.36,-2.38
2.744955,-0.4670,-0.7584,0.5714,11.69,2.31,3.08
2.745552,-0.4670,-0.7569,0.5714,10.92,3.15,-2.59
2.746149,-0.4685,-0.7564,0.5724,12.39,2.31,2.87
2.746746,-0.4714,-0.7559,0.5714,11.62,2.80,-2.38
2.747343,-0.4699,-0.7569,0.5714,12.81,2.17,2.59
2.747940,-0.4724,-0.7525,0.5744,12.04,2.73,-2.52
2.748537,-0.4768,-0.7471,0.5724,13.37,2.38,1.89
2.749134,-0.4734,-0.7427,0.5695,13.09,2.17,-3.36
2.749731,-0.4709,-0.7427,0.5714,13.16,2.17,1.61
2.750328,-0.4729,-0.7476,0.5705,14.14,2.31,-3.36
2.750925,-0.4743,-0.7471,0.5700,13.51,1.96,1.19
2.751522,-0.4738,-0.7432,0.5739,14.42,1.96,-2.59
2.752119,-0.4724,-0.7403,0.5778,14.07,2.03,0.14
2.752716,-0.4748,-0.7349,0.5802,14.77,1.89,-2.59
2.753313,-0.4773,-0.7325,0.5783,14.49,1.96,-0.49
2.753910,-0.4763,-0.7310,0.5763,15.26,1.96,-2.59
2.753910,-0.4768,-0.7291,0.5744,14.91,1.61,-0.84
2.754503,-0.4758,-0.7310,0.5734,15.68,1.82,-2.31
2.755100,-0.4763,-0.7257,0.5744,15.54,1.33,-1.54
2.755697,-0.4768,-0.7222,0.5763,15.68,1.61,-1.89
2.756294,-0.4802,-0.7227,0.5758,16.10,0.84,-2.03
2.756891,-0.4826,-0.7188,0.5744,15.96,1.47,-1.75
2.757488,-0.4826,-0.7164,0.5778,16.66,1.05,-2.24
2.758085,-0.4836,-0.7125,0.5822,16.17,1.68,-2.10
2.758682,-0.4821,-0.7076,0.5773,17.36,0.56,-2.45
2.759279,-0.4860,-0.7047,0.5758,16.31,1.33,-2.17
2.759876,-0.4870,-0.7037,0.5802,17.78,0.42,-2.45
2.760473,-0.4831,-0.6988,0.5807,16.59,1.05,-2.24
2.761070,-0.4851,-0.6944,0.5817,17.71,0.42,-2.17
2.761667,-0.4870,-0.6949,0.5841,16.94,0.49,-1.89
2.762264,-0.4875,-0.6925,0.5841,17.99,0.35,-2.38
2.762861,-0.4885,-0.6891,0.5807,17.43,0.49,-1.96
2.763458,-0.4875,-0.6861,0.5812,17.99,0.07,-2.31
2.764055,-0.4846,-0.6847,0.5802,17.64,-0.28,-1.75
2.764652,-0.4865,-0.6808,0.5812,18.06,0.70,-2.03
2.764652,-0.4904,-0.6817,0.5822,18.55,-0.63,-1.61
2.765245,-0.4929,-0.6827,0.5836,17.99,-0.14,-2.10
2.765842,-0.4914,-0.6803,0.5846,18.76,-0.91,-1.61
2.766439,-0.4934,-0.6759,0.5836,17.85,0.00,-1.82
2.767036,-0.4978,-0.6725,0.5822,18.55,-1.40,-0.98
2.767633,-0.4963,-0.6734,0.5797,18.13,-0.63,-1.82
2.768230,-0.4958,-0.6705,0.5851,19.32,-1.68,-0.49
2.768827,-0.4939,-0.6666,0.5871,18.06,-0.28,-2.17
2.769424,-0.4934,-0.6661,0.5827,19.25,-1.89,-0.49
2.770021,-0.4992,-0.6671,0.5856,18.13,-1.12,-1.82
2.770618,-0.5036,-0.6666,0.5827,19.32,-1.75,0.00
2.771215,-0.5041,-0.6651,0.5778,18.41,-1.54,-1.75
2.771812,-0.5036,-0.6632,0.5812,19.32,-2.17,-0.28
2.772409,-0.5031,-0.6583,0.5822,18.48,-1.96,-1.26
2.773006,-0.5056,-0.6564,0.5841,18.55,-1.96,-1.26
2.773603,-0.5041,-0.6534,0.5841,19.74,-2.66,0.35
2.774200,-0.5075,-0.6544,0.5827,18.55,-2.24,-0.98
2.774797,-0.5061,-0.6539,0.5851,19.53,-3.15,0.28
2.775394,-0.5036,-0.6490,0.5851,18.41,-1.89,-0.14
2.776367,-0.5041,-0.6471,0.5827,19.39,-3.43,-0.07
2.776964,-0.5104,-0.6515,0.5851,18.97,-2.94,0.00
2.777561,-0.5129,-0.6495,0.5866,19.39,-3.57,-0.14
2.778158,-0.5100,-0.6481,0.5880,18.62,-2.80,0.42
2.778755,-0.5104,-0.6486,0.5919,19.53,-3.92,-0.07
2.779352,-0.5095,-0.6437,0.5900,18.97,-3.57,0.77
2.779949,-0.5100,-0.6403,0.5851,19.25,-4.27,0.21
2.780546,-0.5129,-0.6393,0.5861,18.83,-3.99,1.05
2.781143,-0.5114,-0.6373,0.5876,19.04,-4.41,0.28
2.781740,-0.5100,-0.6354,0.5866,18.69,-4.34,1.33
2.782337,-0.5104,-0.6359,0.5841,19.18,-4.20,0.14
2.782934,-0.5139,-0.6339,0.5856,18.90,-4.90,1.54
2.783531,-0.5139,-0.6334,0.5851,18.83,-4.76,-0.14
2.784128,-0.5109,-0.6339,0.5890,19.11,-5.11,2.24
2.784725,-0.5134,-0.6329,0.5939,18.48,-4.69,0.00
2.785322,-0.5163,-0.6310,0.5880,19.39,-5.81,1.82
2.785919,-0.5158,-0.6300,0.5890,18.34,-5.25,0.63
2.786516,-0.5144,-0.6276,0.5939,18.97,-5.81,2.38
2.787113,-0.5129,-0.6222,0.5919,18.06,-5.74,0.49
2.788086,-0.5119,-0.6202,0.5905,18.97,-6.09,2.10
2.788683,-0.5109,-0.6193,0.5851,17.85,-6.16,0.63
2.789280,-0.5114,-0.6188,0.5832,18.97,-5.95,2.03
2.789877,-0.5114,-0.6173,0.5846,17.92,-6.44,1.40
2.790474,-0.5104,-0.6149,0.5866,18.76,-6.44,1.89
2.791071,-0.5109,-0.6173,0.5876,17.78,-7.00,1.12
2.791668,-0.5109,-0.6149,0.5846,18.13,-6.30,1.82
2.792265,-0.5129,-0.6134,0.5856,17.92,-7.56,1.40
2.792862,-0.5144,-0.6124,0.5856,17.85,-6.58,1.96
2.793459,-0.5129,-0.6139,0.5885,17.92,-7.91,1.47
2.794056,-0.5148,-0.6149,0.5876,17.71,-7.21,2.24
2.794653,-0.5158,-0.6095,0.5851,17.71,-7.98,1.12
2.795250,-0.5114,-0.6076,0.5856,17.29,-7.42,2.45
2.795847,-0.5095,-0.6080,0.5866,17.78,-8.19,1.33
2.796444,-0.5095,-0.6115,0.5851,17.36,-8.12,0.84
2.797041,-0.5070,-0.6085,0.5827,17.01,-8.68,3.15
2.797638,-0.5085,-0.6095,0.5866,16.87,-7.70,1.12
2.798235,-0.5163,-0.6076,0.5885,17.29,-9.38,3.29
2.798832,-0.5183,-0.6056,0.5861,16.52,-8.19,1.26
2.799804,-0.5158,-0.6051,0.5856,16.94,-9.38,3.22
2.800401,-0.5168,-0.6046,0.5861,16.03,-8.61,1.47
2.800998,-0.5144,-0.6090,0.5817,16.73,-10.01,3.01
2.801595,-0.5153,-0.6105,0.5812,15.82,-8.96,1.75
2.802192,-0.5178,-0.6066,0.5797,16.66,-10.01,3.22
2.802789,-0.5163,-0.6061,0.5763,15.61,-9.10,1.68
2.803386,-0.5148,-0.6066,0.5793,16.45,-10.36,3.29
2.803983,-0.5148,-0.6090,0.5836,15.68,-9.31,1.54
2.804580,-0.5178,-0.6076,0.5841,15.96,-10.85,3.50
2.805177,-0.5187,-0.6012,0.5797,15.26,-9.59,1.96
2.805774,-0.5163,-0.5998,0.5802,15.82,-10.99,3.71
2.806371,-0.5158,-0.6041,0.5812,15.33,-10.29,2.52
2.806968,-0.5144,-0.6095,0.5778,15.33,-10.99,3.43
2.807565,-0.5153,-0.6046,0.5812,14.98,-11.20,3.15
2.808162,-0.5085,-0.6027,0.5817,14.77,-11.06,3.29
2.808759,-0.5100,-0.6056,0.5812,14.77,-12.04,4.27
2.809356,-0.5109,-0.6046,0.5817,14.28,-10.92,3.50
2.809953,-0.5100,-0.6027,0.5822,14.49,-12.25,4.69
2.810550,-0.5109,-0.6027,0.5836,14.21,-11.13,2.87
2.811523,-0.5075,-0.6012,0.5851,14.28,-12.46,5.11
2.812120,-0.5065,-0.6012,0.5822,14.00,-11.41,3.50
2.812717,-0.5065,-0.6037,0.5807,13.93,-12.25,5.32
2.813314,-0.5061,-0.6012,0.5846,13.86,-12.39,3.92
2.813911,-0.5090,-0.5973,0.5880,13.58,-11.90,5.46
2.814508,-0.5095,-0.5988,0.5856,13.58,-12.60,4.20
2.815105,-0.5075,-0.6037,0.5827,13.30,-12.11,5.95
2.815702,-0.5065,-0.6041,0.5866,13.51,-13.23,4.41
2.816299,-0.5065,-0.6037,0.5910,13.30,-12.53,6.72
2.816896,-0.5031,-0.6071,0.5900,13.09,-12.60,4.76
2.817493,-0.5007,-0.6080,0.5895,13.30,-12.95,7.00
2.818090,-0.5026,-0.6071,0.5919,12.88,-13.30,4.62
2.818687,-0.5031,-0.6061,0.5885,12.81,-13.30,7.63
2.819284,-0.5056,-0.6105,0.5856,12.60,-13.16,4.90
2.819881,-0.5061,-0.6163,0.5910,13.02,-13.44,7.56
2.820478,-0.5051,-0.6183,0.5895,12.11,-13.30,5.46
2.821075,-0.5046,-0.6193,0.5871,12.95,-13.44,8.33
2.821672,-0.4982,-0.6222,0.5880,12.25,-13.44,5.95
2.822269,-0.4953,-0.6246,0.5871,12.53,-13.37,8.26
2.822269,-0.5002,-0.6251,0.5880,11.97,-13.72,6.16
2.822862,-0.4992,-0.6305,0.5895,12.32,-13.51,8.89
2.823459,-0.4939,-0.6305,0.5905,12.25,-13.65,6.30
2.824056,-0.4953,-0.6315,0.5929,11.76,-13.51,9.45
2.824653,-0.4978,-0.6364,0.5910,12.18,-13.65,6.93
2.825250,-0.4968,-0.6364,0.5895,11.76,-13.79,9.80
2.825847,-0.4939,-0.6393,0.5885,12.11,-14.42,7.14
2.826444,-0.4904,-0.6398,0.5876,11.27,-13.93,10.08
2.827041,-0.4924,-0.6412,0.5910,11.97,-14.28,7.35
2.827638,-0.4939,-0.6486,0.5885,11.62,-14.00,10.64
2.828235,-0.4890,-0.6505,0.5841,11.76,-13.93,7.63
2.828832,-0.4890,-0.6520,0.5861,11.76,-14.14,10.92
2.829429,-0.4919,-0.6549,0.5924,11.76,-14.63,8.12
2.830026,-0.4895,-0.6539,0.5958,11.62,-14.70,8.68
2.830623,-0.4841,-0.6564,0.5954,11.76,-14.07,11.13
2.831220,-0.4812,-0.6593,0.5919,11.34,-13.93,8.47
2.831817,-0.4821,-0.6622,0.5939,11.76,-14.14,12.25
2.832414,-0.4826,-0.6593,0.5949,10.99,-13.86,8.40
2.833011,-0.4821,-0.6554,0.5915,12.18,-14.28,12.32
2.833984,-0.4773,-0.6598,0.5890,10.71,-13.79,8.68
2.834581,-0.4724,-0.6612,0.5876,11.90,-14.28,12.67
2.835178,-0.4729,-0.6622,0.5876,10.99,-13.72,8.54
2.835775,-0.4748,-0.6627,0.5910,11.76,-14.28,12.95
2.836372,-0.4753,-0.6642,0.5968,10.99,-13.86,8.82
2.836969,-0.4680,-0.6681,0.6012,11.90,-13.93,12.81
2.837566,-0.4656,-0.6656,0.5973,10.99,-13.86,9.45
2.838163,-0.4656,-0.6612,0.5924,11.27,-13.65,12.60
2.838760,-0.4616,-0.6637,0.5905,11.13,-13.93,9.73
2.839357,-0.4621,-0.6671,0.5929,11.62,-13.09,12.53
2.839954,-0.4651,-0.6666,0.5958,10.78,-13.93,10.22
2.840551,-0.4680,-0.6666,0.5954,11.76,-13.23,12.32
2.841148,-0.4651,-0.6676,0.5963,11.48,-12.88,12.46
2.841745,-0.4656,-0.6681,0.5968,10.99,-14.28,10.78
2.842342,-0.4665,-0.6671,0.5924,11.20,-12.46,11.83
2.842939,-0.4636,-0.6632,0.5934,10.99,-14.14,10.85
2.843536,-0.4597,-0.6656,0.5929,11.48,-12.25,11.55
2.844133,-0.4631,-0.6690,0.5915,10.78,-14.00,11.27
2.844730,-0.4626,-0.6661,0.5954,10.92,-11.90,11.20
2.845703,-0.4626,-0.6700,0.5958,11.41,-13.51,11.27
2.846300,-0.4612,-0.6715,0.5978,10.85,-11.90,11.13
2.846897,-0.4616,-0.6690,0.5954,11.55,-13.51,11.06
2.847494,-0.4646,-0.6734,0.5900,10.22,-11.83,11.55
2.848091,-0.4616,-0.6734,0.5876,11.48,-12.95,11.27
2.848688,-0.4651,-0.6671,0.5929,10.50,-11.34,10.71
2.849285,-0.4719,-0.6681,0.5949,11.76,-13.02,11.55
2.849882,-0.4685,-0.6725,0.5958,10.15,-11.27,10.92
2.850479,-0.4646,-0.6730,0.6012,11.97,-13.16,11.97
2.851076,-0.4665,-0.6734,0.5963,10.15,-11.20,10.71
2.851673,-0.4675,-0.6734,0.5944,11.34,-12.60,11.83
2.852270,-0.4680,-0.6725,0.5978,10.43,-11.62,10.92
2.852867,-0.4709,-0.6725,0.5958,10.99,-11.90,11.06
2.853464,-0.4724,-0.6739,0.5880,10.92,-11.41,11.13
2.854061,-0.4734,-0.6734,0.5846,10.57,-11.62,11.48
2.854658,-0.4714,-0.6749,0.5880,11.34,-11.20,10.92
2.855255,-0.4738,-0.6764,0.5880,10.71,-10.99,10.99
2.855852,-0.4748,-0.6773,0.5861,11.41,-11.13,10.29
2.856449,-0.4719,-0.6812,0.5905,10.29,-10.78,11.62
2.856449,-0.4738,-0.6817,0.5910,11.69,-11.27,10.36
2.857042,-0.4763,-0.6793,0.5895,10.22,-10.57,11.48
2.857639,-0.4773,-0.6788,0.5900,11.97,-11.06,9.80
2.858236,-0.4782,-0.6798,0.5929,10.29,-10.85,11.97
2.858833,-0.4782,-0.6837,0.5954,11.41,-10.08,9.24
2.859430,-0.4782,-0.6861,0.5905,10.36,-10.85,11.55
2.860027,-0.4787,-0.6837,0.5880,11.41,-10.08,9.31
2.860624,-0.4817,-0.6871,0.5871,10.92,-10.78,11.83
2.861221,-0.4841,-0.6866,0.5856,11.34,-10.29,9.52
2.861818,-0.4851,-0.6861,0.5856,11.13,-10.50,11.55
2.862415,-0.4885,-0.6900,0.5866,11.06,-10.50,9.45
2.863012,-0.4890,-0.6905,0.5856,11.41,-10.01,11.76
2.863609,-0.4875,-0.6915,0.5856,11.06,-10.36,9.10
2.864206,-0.4875,-0.6925,0.5861,11.48,-9.38,11.55
2.864803,-0.4919,-0.6949,0.5890,10.64,-9.73,9.31
2.865400,-0.4948,-0.6964,0.5876,11.69,-9.87,11.34
2.865997,-0.4934,-0.6939,0.5832,10.99,-9.94,9.24
2.866594,-0.4924,-0.6915,0.5851,11.83,-9.73,11.27
2.867191,-0.4943,-0.6944,0.5827,10.99,-9.59,9.24
2.868164,-0.4939,-0.6978,0.5817,11.69,-9.52,11.27
2.868761,-0.4982,-0.6983,0.5856,11.34,-9.52,9.45
2.869358,-0.5007,-0.6978,0.5861,12.11,-9.24,10.22
2.869955,-0.4997,-0.6988,0.5885,11.27,-9.59,9.66
2.870552,-0.5012,-0.7008,0.5876,12.11,-8.96,10.15
2.871149,-0.4997,-0.6993,0.5832,11.27,-9.73,10.01
2.871746,-0.4992,-0.6998,0.5846,12.18,-8.75,9.45
2.872343,-0.5026,-0.7003,0.5885,11.90,-9.52,9.66
2.872940,-0.5061,-0.6998,0.5905,11.62,-8.68,9.45
2.873537,-0.5061,-0.6988,0.5895,12.32,-9.59,9.52
2.874134,-0.5075,-0.6974,0.5836,11.55,-8.33,9.10
2.874731,-0.5109,-0.6988,0.5812,12.60,-9.59,9.66
2.875328,-0.5080,-0.6949,0.5866,11.27,-7.98,9.24
2.875925,-0.5075,-0.6944,0.5910,12.81,-9.73,9.38
2.876522,-0.5109,-0.7013,0.5890,11.76,-8.19,8.68
2.877119,-0.5095,-0.7017,0.5856,12.81,-9.45,9.31
2.877716,-0.5075,-0.6998,0.5880,11.69,-8.19,8.61
2.878313,-0.5124,-0.7037,0.5885,13.09,-9.38,8.68
2.878910,-0.5124,-0.7037,0.5871,11.97,-8.40,8.54
2.878910,-0.5109,-0.6993,0.5851,12.88,-8.89,8.61
2.879503,-0.5158,-0.6978,0.5827,12.39,-8.40,8.47
2.880100,-0.5139,-0.6949,0.5841,12.74,-8.89,8.26
2.880697,-0.5090,-0.6944,0.5905,12.67,-8.26,8.33
2.881294,-0.5100,-0.6944,0.5905,12.81,-8.68,7.98
2.881891,-0.5119,-0.6964,0.5817,12.67,-7.98,8.19
2.882488,-0.5158,-0.6993,0.5788,12.95,-8.82,7.98
2.883085,-0.5163,-0.7008,0.5793,12.88,-8.12,7.77
2.883682,-0.5124,-0.7003,0.5797,13.44,-8.75,7.98
2.884279,-0.5109,-0.6974,0.5836,12.60,-7.91,7.56
2.884876,-0.5109,-0.6954,0.5846,13.30,-8.96,8.05
2.885473,-0.5119,-0.6959,0.5807,12.88,-7.91,7.70
2.886070,-0.5114,-0.6959,0.5744,13.51,-8.68,7.56
2.886667,-0.5119,-0.6964,0.5719,13.44,-7.63,7.42
2.887264,-0.5114,-0.6988,0.5744,12.81,-8.05,7.28
2.887861,-0.5109,-0.6988,0.5744,14.07,-8.33,7.28
2.888458,-0.5104,-0.6969,0.5719,12.39,-7.70,6.93
2.889055,-0.5104,-0.6964,0.5739,14.35,-8.26,7.14
2.889652,-0.5114,-0.6964,0.5773,12.39,-8.05,7.28
2.889652,-0.5075,-0.6974,0.5763,14.28,-7.84,7.00
2.890245,-0.5070,-0.6998,0.5724,13.09,-8.19,7.28
2.890842,-0.5075,-0.6993,0.5705,14.49,-7.91,6.37
2.891439,-0.5061,-0.6954,0.5724,13.30,-7.91,7.70
2.892036,-0.5070,-0.6939,0.5710,14.28,-7.42,5.81
2.892633,-0.5095,-0.6974,0.5714,13.58,-7.91,7.77
2.893230,-0.5085,-0.6988,0.5710,14.28,-7.70,5.67
2.893827,-0.5080,-0.6978,0.5685,13.86,-8.05,7.98
2.894424,-0.5104,-0.6998,0.5724,14.14,-7.56,5.60
2.895021,-0.5095,-0.6988,0.5695,14.28,-8.05,7.70
2.895618,-0.5070,-0.6959,0.5685,13.86,-7.21,5.53
2.896215,-0.5095,-0.6954,0.5690,14.84,-8.40,7.84
2.896812,-0.5100,-0.6944,0.5700,13.93,-7.56,5.39
2.897409,-0.5095,-0.6964,0.5705,14.91,-7.63,7.35
2.898006,-0.5080,-0.6998,0.5690,13.93,-7.70,6.30
2.898603,-0.5065,-0.6993,0.5690,14.98,-7.49,6.93
2.899200,-0.5104,-0.6988,0.5651,13.93,-7.98,6.51
2.899797,-0.5100,-0.6959,0.5675,15.47,-7.63,6.58
2.900394,-0.5070,-0.6939,0.5695,14.21,-8.05,6.72
2.901367,-0.5065,-0.6944,0.5675,15.19,-7.21,6.02
2.901964,-0.5080,-0.6954,0.5680,14.70,-8.19,7.21
2.902561,-0.5100,-0.6964,0.5695,15.47,-6.93,5.67
2.903158,-0.5109,-0.6934,0.5685,14.56,-8.19,7.77
2.903755,-0.5090,-0.6915,0.5705,15.12,-6.93,5.67
2.904352,-0.5104,-0.6910,0.5739,15.19,-8.19,7.77
2.904949,-0.5129,-0.6915,0.5749,15.19,-6.37,5.11
2.905546,-0.5109,-0.6930,0.5758,15.68,-8.19,7.77
2.906143,-0.5075,-0.6930,0.5734,14.63,-6.79,5.53
2.906740,-0.5085,-0.6949,0.5690,15.96,-7.84,7.98
2.907337,-0.5065,-0.6925,0.5685,14.77,-7.00,5.39
2.907934,-0.5041,-0.6905,0.5690,16.31,-7.63,7.70
2.908531,-0.5070,-0.6900,0.5661,14.84,-6.86,6.02
2.909128,-0.5070,-0.6886,0.5675,16.66,-7.91,7.63
2.909725,-0.5085,-0.6866,0.5695,16.66,-7.49,8.19
2.910322,-0.5070,-0.6905,0.5710,15.12,-6.93,5.74
2.910919,-0.5114,-0.6949,0.5700,16.52,-7.56,7.84
2.911516,-0.5114,-0.6959,0.5734,15.33,-6.79,6.02
2.912113,-0.5095,-0.6944,0.5734,16.38,-7.35,7.91
2.913086,-0.5100,-0.6930,0.5705,15.89,-7.07,6.37
2.913683,-0.5090,-0.6939,0.5714,16.24,-7.63,8.05
2.914280,-0.5119,-0.6934,0.5695,16.17,-6.86,6.16
2.914877,-0.5129,-0.6964,0.5671,16.45,-7.28,8.33
2.915474,-0.5144,-0.6969,0.5685,16.38,-6.58,6.30
2.916071,-0.5158,-0.6959,0.5680,16.52,-7.42,7.98
2.916668,-0.5124,-0.6925,0.5666,16.66,-6.79,6.51
2.917265,-0.5119,-0.6915,0.5636,16.73,-7.42,7.98
2.917862,-0.5148,-0.6944,0.5583,16.38,-6.65,6.72
2.918459,-0.5144,-0.6959,0.5602,16.87,-7.49,8.05
2.919056,-0.5129,-0.6969,0.5636,16.45,-6.79,7.00
2.919653,-0.5178,-0.6934,0.5641,16.94,-7.49,7.98
2.920250,-0.5187,-0.6915,0.5632,16.73,-6.86,6.86
2.920847,-0.5168,-0.6974,0.5617,17.22,-7.70,7.91
2.921444,-0.5173,-0.6983,0.5612,17.01,-6.79,7.00
2.922041,-0.5168,-0.6930,0.5627,17.01,-7.49,7.49
2.922638,-0.5168,-0.6934,0.5641,16.94,-6.44,6.65
2.923235,-0.5153,-0.6930,0.5651,17.36,-7.70,7.63
2.923832,-0.5153,-0.6886,0.5636,17.15,-6.65,6.93
2.923832,-0.5153,-0.6861,0.5617,17.43,-7.56,7.21
2.924425,-0.5153,-0.6852,0.5612,17.50,-7.07,7.42
2.925022,-0.5178,-0.6871,0.5612,17.50,-7.28,7.00
2.925619,-0.5202,-0.6886,0.5617,17.64,-6.72,7.84
2.926216,-0.5207,-0.6866,0.5627,17.36,-6.93,6.51
2.926813,-0.5153,-0.6861,0.5622,17.78,-7.07,8.12
2.927410,-0.5129,-0.6837,0.5578,17.43,-7.14,5.81
2.928007,-0.5153,-0.6842,0.5617,17.99,-7.14,8.33
2.928604,-0.5158,-0.6847,0.5651,17.22,-7.00,5.67
2.929201,-0.5134,-0.6803,0.5592,18.69,-7.70,8.12
2.929798,-0.5139,-0.6817,0.5607,17.29,-7.07,5.25
2.930395,-0.5183,-0.6817,0.5607,18.41,-7.42,8.75
2.930992,-0.5158,-0.6803,0.5558,18.62,-7.21,8.12
2.931589,-0.5148,-0.6793,0.5524,17.64,-7.28,5.04
2.932186,-0.5158,-0.6759,0.5519,18.62,-6.79,7.63
2.932783,-0.5129,-0.6793,0.5514,17.78,-7.56,5.18
2.933380,-0.5148,-0.6812,0.5519,18.41,-6.93,7.91
2.933977,-0.5153,-0.6764,0.5514,17.64,-7.42,5.11
2.934574,-0.5104,-0.6778,0.5553,18.62,-6.79,7.84
2.935547,-0.5100,-0.6798,0.5573,17.71,-7.21,4.69
2.936144,-0.5119,-0.6759,0.5558,18.90,-7.00,7.63
2.936741,-0.5124,-0.6759,0.5539,17.57,-7.28,4.69
2.937338,-0.5124,-0.6773,0.5529,18.69,-6.79,7.70
2.937935,-0.5124,-0.6773,0.5495,17.92,-7.07,4.62
2.938532,-0.5114,-0.6754,0.5461,19.04,-6.93,6.93
2.939129,-0.5119,-0.6739,0.5480,17.50,-6.79,4.97
2.939726,-0.5168,-0.6749,0.5485,19.11,-7.14,7.14
2.940323,-0.5168,-0.6695,0.5500,17.57,-6.72,5.11
2.940920,-0.5144,-0.6681,0.5514,19.04,-7.07,6.93
2.941517,-0.5148,-0.6710,0.5495,17.71,-6.86,4.90
2.942114,-0.5144,-0.6710,0.5485,19.04,-7.49,6.79
2.942711,-0.5119,-0.6686,0.5495,18.20,-6.65,4.34
2.943308,-0.5114,-0.6690,0.5519,18.76,-7.56,6.93
2.943905,-0.5061,-0.6705,0.5485,18.13,-6.23,4.55
2.944502,-0.5041,-0.6695,0.5422,18.69,-7.35,6.16
2.945099,-0.5104,-0.6681,0.5436,18.20,-6.16,5.04
2.945696,-0.5104,-0.6671,0.5480,18.48,-7.35,6.44
2.946293,-0.5041,-0.6661,0.5485,18.48,-6.51,4.83
2.946293,-0.5041,-0.6617,0.5456,18.41,-7.07,5.95
2.946886,-0.5046,-0.6612,0.5422,18.83,-6.72,5.25
2.947483,-0.5026,-0.6622,0.5461,18.20,-6.93,5.39
2.948080,-0.5041,-0.6612,0.5480,18.76,-6.72,5.25
2.948677,-0.5061,-0.6647,0.5446,18.13,-6.65,4.97
2.949274,-0.5031,-0.6671,0.5451,18.83,-6.79,5.60
2.949871,-0.5026,-0.6666,0.5466,18.06,-6.30,4.62
2.950468,-0.5051,-0.6666,0.5480,18.83,-6.65,5.67
2.951065,-0.4992,-0.6666,0.5461,17.99,-6.44,4.20
2.951662,-0.4987,-0.6656,0.5436,18.90,-7.00,6.23
2.952259,-0.4978,-0.6642,0.5461,17.78,-5.95,3.50
2.952856,-0.4992,-0.6583,0.5441,19.18,-7.14,6.30
2.953453,-0.5012,-0.6568,0.5431,18.20,-6.37,3.22
2.954050,-0.4987,-0.6593,0.5466,18.83,-6.51,6.02
2.954647,-0.4973,-0.6593,0.5480,18.41,-6.37,3.64
2.955244,-0.4943,-0.6612,0.5495,18.55,-6.09,6.16
2.955841,-0.4953,-0.6598,0.5495,18.27,-6.37,3.57
2.956438,-0.4982,-0.6564,0.5490,18.83,-6.30,6.23
2.957035,-0.4953,-0.6554,0.5490,18.41,-6.30,3.29
2.958007,-0.4904,-0.6539,0.5495,18.55,-5.67,6.16
2.958604,-0.4919,-0.6534,0.5470,18.69,-6.51,3.15
2.959201,-0.4934,-0.6544,0.5427,18.06,-5.60,6.02
2.959798,-0.4909,-0.6529,0.5422,18.55,-6.79,3.43
2.960395,-0.4919,-0.6500,0.5456,18.13,-5.32,6.16
2.960992,-0.4900,-0.6505,0.5470,18.90,-6.58,3.43
2.961589,-0.4846,-0.6505,0.5441,17.78,-5.11,6.16
2.962186,-0.4860,-0.6520,0.5446,18.55,-6.51,3.92
2.962783,-0.4885,-0.6529,0.5441,17.92,-5.32,5.88
2.963380,-0.4870,-0.6520,0.5451,18.27,-6.30,3.99
2.963977,-0.4856,-0.6505,0.5466,18.34,-4.83,6.09
2.964574,-0.4851,-0.6510,0.5431,18.20,-6.51,3.92
2.965171,-0.4821,-0.6486,0.5441,18.20,-6.30,3.57
2.965768,-0.4870,-0.6500,0.5441,17.78,-5.88,3.78
2.966365,-0.4875,-0.6476,0.5451,18.27,-4.90,7.63
2.966962,-0.4831,-0.6490,0.5490,17.64,-5.46,3.78
2.967559,-0.4841,-0.6500,0.5461,18.27,-4.55,7.84
2.968156,-0.4846,-0.6515,0.5466,17.64,-5.18,3.85
2.968753,-0.4802,-0.6544,0.5451,18.62,-4.27,7.63
2.969726,-0.4807,-0.6568,0.5446,17.57,-5.18,4.41
2.970323,-0.4821,-0.6573,0.5461,18.48,-4.34,7.91
2.970920,-0.4831,-0.6529,0.5451,17.43,-4.90,4.20
2.971517,-0.4826,-0.6510,0.5466,18.27,-4.34,8.19
2.972114,-0.4817,-0.6534,0.5436,17.29,-4.76,4.97
2.972711,-0.4831,-0.6520,0.5431,18.41,-4.48,8.33
2.973308,-0.4812,-0.6539,0.5436,17.15,-4.62,5.11
2.973905,-0.4826,-0.6564,0.5446,18.27,-4.41,9.17
2.974502,-0.4841,-0.6593,0.5461,17.15,-4.41,5.11
2.975099,-0.4821,-0.6642,0.5451,18.62,-4.20,9.10
2.975696,-0.4870,-0.6642,0.5466,16.80,-4.20,5.53
2.976293,-0.4880,-0.6617,0.5466,18.69,-4.48,9.52
2.976890,-0.4846,-0.6598,0.5436,17.01,-3.92,5.18
2.977487,-0.4860,-0.6612,0.5466,18.83,-3.92,9.94
2.978084,-0.4895,-0.6608,0.5470,16.94,-3.92,5.60
2.978681,-0.4875,-0.6642,0.5431,18.41,-3.50,9.87
2.979278,-0.4851,-0.6651,0.5466,17.29,-4.27,6.02
2.979875,-0.4865,-0.6617,0.5446,18.34,-3.29,10.08
2.980472,-0.4841,-0.6627,0.5417,17.22,-3.99,6.30
2.980472,-0.4831,-0.6647,0.5436,18.48,-3.43,9.94
2.981065,-0.4865,-0.6651,0.5431,17.22,-3.92,6.72
2.981662,-0.4885,-0.6651,0.5422,18.62,-2.94,9.59
2.982259,-0.4885,-0.6671,0.5431,17.08,-4.20,7.42
2.982856,-0.4870,-0.6690,0.5417,18.06,-2.10,9.66
2.983453,-0.4870,-0.6700,0.5451,17.50,-4.13,7.77
2.984050,-0.4851,-0.6690,0.5470,17.99,-1.82,9.45
2.984647,-0.4841,-0.6671,0.5475,17.64,-4.69,8.40
2.985244,-0.4865,-0.6686,0.5514,17.71,-1.75,9.38
2.985841,-0.4865,-0.6690,0.5475,17.36,-4.13,8.96
2.986438,-0.4870,-0.6695,0.5466,18.06,-1.96,9.31
2.987035,-0.4895,-0.6725,0.5485,17.57,-3.57,9.03
2.987632,-0.4875,-0.6730,0.5470,17.85,-2.03,9.17
2.988229,-0.4865,-0.6705,0.5466,17.36,-2.87,9.17
2.988826,-0.4914,-0.6686,0.5500,18.27,-2.31,9.24
2.989423,-0.4909,-0.6720,0.5510,17.50,-2.94,9.52
2.990020,-0.4895,-0.6769,0.5490,17.85,-2.10,9.31
2.990617,-0.4895,-0.6803,0.5514,17.71,-2.94,9.80
2.991214,-0.4929,-0.6769,0.5539,17.71,-2.24,9.31
2.992187,-0.4958,-0.6705,0.5549,17.99,-2.87,9.87
2.992784,-0.4943,-0.6739,0.5519,17.57,-1.82,9.45
2.993381,-0.4929,-0.6778,0.5524,18.27,-2.52,9.52
2.993978,-0.4948,-0.6764,0.5544,17.22,-1.75,9.59
2.994575,-0.4939,-0.6788,0.5534,18.41,-2.10,9.52
2.995172,-0.4939,-0.6803,0.5539,17.29,-2.03,9.66
2.995769,-0.4943,-0.6754,0.5539,18.55,-2.03,9.17
2.996366,-0.4958,-0.6759,0.5519,17.29,-1.68,9.59
2.996963,-0.5026,-0.6773,0.5524,18.55,-2.03,9.31
2.997560,-0.5022,-0.6754,0.5558,17.01,-1.61,9.87
2.998157,-0.4982,-0.6822,0.5534,19.11,-2.03,8.89
2.998754,-0.5007,-0.6827,0.5534,18.97,-1.33,8.82
2.999351,-0.5026,-0.6847,0.5544,17.15,-1.75,9.73
2.999948,-0.4997,-0.6842,0.5549,18.55,-0.98,8.68
3.000545,-0.4987,-0.6832,0.5529,17.08,-1.54,9.10
3.001142,-0.5007,-0.6832,0.5539,18.55,-1.19,8.89
3.001739,-0.5007,-0.6852,0.5524,17.22,-1.47,8.96
3.002336,-0.5007,-0.6847,0.5519,18.62,-1.19,8.61
3.002933,-0.5017,-0.6827,0.5524,17.29,-1.40,9.10
3.003906,-0.5051,-0.6837,0.5505,18.27,-0.98,8.05
3.004503,-0.5046,-0.6832,0.5510,17.64,-1.61,9.03
3.005100,-0.4992,-0.6852,0.5500,18.27,-0.14,7.42
3.005697,-0.5022,-0.6895,0.5510,17.78,-1.75,8.61
3.006294,-0.5070,-0.6895,0.5539,17.85,-0.14,7.56
3.006891,-0.5100,-0.6861,0.5524,18.13,-1.47,8.61
3.007488,-0.5090,-0.6871,0.5519,17.78,-0.07,7.56
3.008085,-0.5080,-0.6895,0.5514,18.34,-1.47,8.33
3.008682,-0.5119,-0.6905,0.5510,17.78,-0.07,7.14
3.009279,-0.5090,-0.6900,0.5544,18.34,-1.19,7.91
3.009876,-0.5061,-0.6881,0.5553,17.85,-0.14,7.14
3.010473,-0.5090,-0.6886,0.5505,18.20,-0.84,7.77
3.011070,-0.5124,-0.6920,0.5500,17.78,-0.14,6.72
3.011667,-0.5109,-0.6959,0.5500,17.99,0.14,6.65
3.012264,-0.5129,-0.6969,0.5495,18.06,-0.77,6.93
3.012861,-0.5139,-0.6954,0.5524,18.20,-0.07,6.30
3.013458,-0.5129,-0.6939,0.5519,18.13,-0.49,6.86
3.014055,-0.5173,-0.6954,0.5500,18.34,0.14,6.23
3.014652,-0.5212,-0.6974,0.5510,17.99,-0.63,6.79
3.014652,-0.5202,-0.6998,0.5505,18.48,0.28,6.30
3.015245,-0.5226,-0.7008,0.5534,18.20,-0.84,6.51
3.015842,-0.5222,-0.7008,0.5549,18.48,0.00,5.88
3.016439,-0.5212,-0.7003,0.5500,18.27,-0.77,6.51
3.017036,-0.5231,-0.7008,0.5510,18.62,0.00,6.02
3.017633,-0.5212,-0.6988,0.5549,17.92,-0.49,6.16
3.018230,-0.5236,-0.6988,0.5534,18.83,0.14,6.02
3.018827,-0.5280,-0.7032,0.5495,18.13,-0.70,6.16
3.019424,-0.5280,-0.7022,0.5505,18.83,0.42,5.32
3.020021,-0.5290,-0.7008,0.5544,17.92,-0.49,6.23
3.020618,-0.5261,-0.6998,0.5534,18.97,0.63,5.39
3.021215,-0.5236,-0.7013,0.5510,18.41,-0.35,5.81
3.021812,-0.5270,-0.7056,0.5519,18.90,0.28,5.46
3.022409,-0.5231,-0.7071,0.5534,18.55,-0.70,5.67
3.023006,-0.5207,-0.7056,0.5553,18.69,0.42,5.60
3.023603,-0.5270,-0.7056,0.5544,18.83,-0.70,5.32
3.024200,-0.5256,-0.7052,0.5534,18.55,0.35,5.74
3.024797,-0.5222,-0.7047,0.5553,18.90,-0.70,5.32
3.025394,-0.5222,-0.7066,0.5553,18.90,0.14,5.11
3.026367,-0.5207,-0.7052,0.5558,18.76,-0.28,5.18
3.026964,-0.5231,-0.7027,0.5578,18.97,0.21,5.25
3.027561,-0.5256,-0.7017,0.5563,18.90,-0.28,4.83
3.028158,-0.5256,-0.7061,0.5592,18.90,-0.14,5.11
3.028755,-0.5236,-0.7061,0.5602,18.90,0.07,4.69
3.029352,-0.5241,-0.7052,0.5578,18.90,-0.42,5.11
3.029949,-0.5251,-0.7086,0.5578,18.69,0.28,4.62
3.030546,-0.5241,-0.7110,0.5588,18.97,-0.63,5.11
3.031143,-0.5241,-0.7144,0.5627,19.18,0.49,3.92
3.031740,-0.5236,-0.7130,0.5617,18.90,-0.63,5.25
3.032337,-0.5217,-0.7139,0.5568,19.11,0.49,4.20
3.032934,-0.5246,-0.7154,0.5583,18.97,-0.42,5.46
3.033531,-0.5246,-0.7110,0.5607,19.53,-0.14,3.71
3.034128,-0.5241,-0.7091,0.5627,18.90,-0.63,5.67
3.034725,-0.5270,-0.7091,0.5622,19.25,0.35,3.08
3.035322,-0.5305,-0.7105,0.5636,19.39,-1.05,5.88
3.035919,-0.5290,-0.7115,0.5666,19.39,0.63,3.36
3.036516,-0.5231,-0.7096,0.5632,19.11,-1.26,5.81
3.037113,-0.5231,-0.7091,0.5617,19.53,0.49,3.01
3.037113,-0.5236,-0.7071,0.5632,19.32,-1.26,6.02
3.037706,-0.5241,-0.7076,0.5656,19.60,0.91,2.45
3.038303,-0.5285,-0.7066,0.5685,19.67,-1.12,5.95
3.038900,-0.5295,-0.7081,0.5680,19.39,0.77,2.59
3.039497,-0.5285,-0.7066,0.5656,19.74,-1.26,5.88
3.040094,-0.5285,-0.7042,0.5651,19.11,0.21,2.73
3.040691,-0.5285,-0.7061,0.5632,19.95,-1.12,5.88
3.041288,-0.5300,-0.7056,0.5607,19.11,0.14,3.01
3.041885,-0.5309,-0.7081,0.5602,19.74,-0.70,5.53
3.042482,-0.5280,-0.7115,0.5632,19.39,-0.63,3.57
3.043079,-0.5305,-0.7110,0.5656,19.81,-0.42,4.90
3.043676,-0.5344,-0.7100,0.5685,19.53,-0.91,3.50
3.044273,-0.5339,-0.7115,0.5700,19.74,-0.49,5.11
3.044870,-0.5368,-0.7076,0.5641,19.95,-0.77,3.08
3.045467,-0.5353,-0.7052,0.5636,19.11,-0.14,5.46
3.046064,-0.5348,-0.7081,0.5641,20.09,-0.91,3.22
3.046661,-0.5388,-0.7061,0.5636,19.39,-0.28,5.53
3.047258,-0.5358,-0.7047,0.5656,19.81,-0.98,2.94
3.047855,-0.5329,-0.7042,0.5671,19.74,-0.42,5.46
3.047855,-0.5348,-0.7052,0.5666,19.81,-1.05,2.52
3.048448,-0.5344,-0.7017,0.5636,19.95,-0.49,5.67
3.049045,-0.5324,-0.6983,0.5641,19.32,-0.77,2.73
3.049642,-0.5339,-0.7017,0.5656,20.16,-0.77,5.60
3.050239,-0.5363,-0.7017,0.5666,19.04,-0.77,3.15
3.050836,-0.5353,-0.7037,0.5671,20.30,-0.98,5.60
3.051433,-0.5348,-0.7037,0.5651,19.32,-0.91,3.01
3.052030,-0.5339,-0.6993,0.5661,20.30,-1.05,5.32
3.052627,-0.5344,-0.6964,0.5671,19.11,-0.70,3.43
3.053224,-0.5353,-0.6964,0.5680,20.02,-0.98,4.90
3.053821,-0.5314,-0.6983,0.5671,19.46,-0.98,3.57
3.054418,-0.5329,-0.6978,0.5656,19.88,-1.40,4.48
3.055015,-0.5344,-0.6964,0.5656,19.39,-0.91,3.78
3.055612,-0.5324,-0.6954,0.5651,19.88,-1.26,4.06
3.056209,-0.5324,-0.6954,0.5656,19.18,-0.63,4.20
3.056806,-0.5329,-0.6925,0.5651,20.02,-1.68,3.85
3.057403,-0.5309,-0.6934,0.5622,18.76,-0.42,3.99
3.058000,-0.5285,-0.6949,0.5656,19.95,-1.61,3.71
3.058597,-0.5305,-0.6910,0.5710,18.76,-0.91,3.99
3.059570,-0.5358,-0.6886,0.5675,19.60,-1.26,3.43
3.060167,-0.5378,-0.6895,0.5685,18.97,-1.05,4.34
3.060764,-0.5388,-0.6910,0.5680,19.67,-1.68,3.01
3.061361,-0.5402,-0.6895,0.5666,19.18,-0.98,4.69
3.061958,-0.5402,-0.6861,0.5680,19.32,-1.54,2.38
3.062555,-0.5353,-0.6832,0.5641,19.04,-0.84,4.76
3.063152,-0.5324,-0.6852,0.5632,19.11,-1.54,2.10
3.063749,-0.5358,-0.6856,0.5641,18.69,-1.40,4.90
3.064346,-0.5363,-0.6832,0.5651,18.62,-1.61,2.31
3.064943,-0.5329,-0.6847,0.5695,19.11,-0.98,4.55
3.065540,-0.5334,-0.6837,0.5724,18.55,-1.68,1.40
3.066137,-0.5353,-0.6798,0.5685,19.32,-1.33,4.97
3.066734,-0.5353,-0.6798,0.5651,18.13,-1.47,1.05
3.067331,-0.5358,-0.6817,0.5656,19.18,-1.61,5.25
3.067928,-0.5334,-0.6803,0.5646,17.92,-1.82,0.56
3.068525,-0.5305,-0.6778,0.5641,18.90,-1.33,5.46
3.069122,-0.5314,-0.6769,0.5666,17.57,-2.03,0.70
3.069719,-0.5363,-0.6769,0.5690,19.04,-1.05,4.69
3.070316,-0.5383,-0.6769,0.5666,17.36,-2.10,0.70
3.070316,-0.5378,-0.6739,0.5680,19.11,-1.33,4.62
3.070909,-0.5363,-0.6754,0.5705,17.01,-2.03,0.91
3.071506,-0.5373,-0.6739,0.5661,19.25,-1.19,3.92
3.072103,-0.5358,-0.6705,0.5671,16.38,-2.10,1.33
3.072700,-0.5368,-0.6720,0.5710,19.39,-1.33,3.71
3.073297,-0.5383,-0.6710,0.5685,16.38,-1.75,1.19
3.073894,-0.5388,-0.6730,0.5685,18.83,-1.40,4.06
3.074491,-0.5397,-0.6725,0.5710,16.66,-2.52,1.26
3.075088,-0.5397,-0.6676,0.5666,18.34,-1.19,3.57
3.075685,-0.5407,-0.6690,0.5661,16.73,-2.45,1.47
3.076282,-0.5427,-0.6676,0.5690,17.71,-1.12,3.22
3.076879,-0.5417,-0.6686,0.5710,17.01,-3.08,1.68
3.077476,-0.5378,-0.6705,0.5714,17.43,-1.68,2.87
3.078073,-0.5397,-0.6666,0.5675,17.01,-2.38,1.26
3.078670,-0.5402,-0.6676,0.5680,16.52,-1.68,3.57
3.079267,-0.5407,-0.6700,0.5714,17.08,-1.96,1.47
3.079864,-0.5436,-0.6666,0.5714,16.38,-2.24,2.80
3.080461,-0.5417,-0.6632,0.5729,16.94,-1.89,1.54
3.081058,-0.5397,-0.6661,0.5744,15.75,-2.03,2.87
3.081058,-0.5431,-0.6676,0.5768,17.36,-2.45,1.89
3.081651,-0.5422,-0.6666,0.5758,15.54,-2.03,3.01
3.082248,-0.5383,-0.6637,0.5724,16.87,-2.38,1.47
3.082845,-0.5373,-0.6661,0.5729,15.33,-2.38,3.08
3.083442,-0.5402,-0.6695,0.5734,16.52,-1.82,1.19
3.084039,-0.5436,-0.6671,0.5724,15.54,-2.38,3.01
3.084636,-0.5417,-0.6661,0.5719,16.10,-1.96,1.05
3.085233,-0.5368,-0.6632,0.5719,15.61,-2.45,3.08
3.085830,-0.5339,-0.6647,0.5739,15.68,-2.10,1.12
3.086427,-0.5353,-0.6622,0.5754,15.12,-2.52,2.80
3.087024,-0.5348,-0.6612,0.5758,15.47,-2.24,0.77
3.087621,-0.5290,-0.6661,0.5778,15.19,-2.10,2.94
3.088218,-0.5290,-0.6632,0.5758,15.19,-2.45,1.54
3.088815,-0.5348,-0.6588,0.5729,15.05,-2.10,2.24
3.089412,-0.5329,-0.6593,0.5719,14.70,-2.24,1.54
3.090009,-0.5295,-0.6617,0.5719,15.12,-2.45,1.89
3.090606,-0.5285,-0.6612,0.5724,14.07,-1.68,1.61
3.091203,-0.5275,-0.6632,0.5739,14.70,-2.52,2.17
3.091799,-0.5275,-0.6622,0.5754,14.14,-1.68,1.82
3.092773,-0.5241,-0.6588,0.5739,14.63,-2.31,1.68
3.093370,-0.5261,-0.6608,0.5724,13.86,-2.17,2.45
3.093967,-0.5314,-0.6617,0.5714,14.07,-2.31,1.40
3.094564,-0.5266,-0.6603,0.5666,13.93,-2.10,2.73
3.095161,-0.5222,-0.6617,0.5666,14.14,-2.52,1.12
3.095758,-0.5231,-0.6593,0.5680,13.51,-1.68,2.94
3.096355,-0.5236,-0.6578,0.5666,13.72,-2.73,0.70
3.096952,-0.5246,-0.6612,0.5671,13.86,-1.96,3.22
3.097549,-0.5226,-0.6588,0.5685,13.16,-1.96,0.42
3.098146,-0.5202,-0.6598,0.5710,13.72,-1.96,3.22
3.098743,-0.5217,-0.6627,0.5710,12.46,-1.89,0.77
3.099340,-0.5231,-0.6617,0.5739,13.72,-2.17,3.22
3.099937,-0.5217,-0.6588,0.5739,12.11,-1.47,0.63
3.100534,-0.5231,-0.6583,0.5749,13.23,-2.38,3.99
3.101131,-0.5231,-0.6608,0.5778,12.18,-1.47,0.00
3.101728,-0.5236,-0.6617,0.5724,13.02,-2.03,4.20
3.102325,-0.5256,-0.6588,0.5724,11.76,-1.68,-0.14
3.102922,-0.5241,-0.6568,0.5783,13.02,-1.82,4.41
3.103519,-0.5236,-0.6564,0.5778,11.62,-1.82,-0.14
3.103519,-0.5261,-0.6568,0.5749,12.46,-1.89,4.69
3.104112,-0.5280,-0.6573,0.5744,11.41,-1.61,0.35
3.104709,-0.5241,-0.6583,0.5773,12.32,-1.75,4.13
3.105306,-0.5217,-0.6573,0.5768,11.06,-1.47,0.56
3.105903,-0.5275,-0.6578,0.5754,12.04,-1.82,4.27
3.106500,-0.5290,-0.6559,0.5758,10.64,-1.26,0.84
3.107097,-0.5261,-0.6544,0.5729,11.90,-1.61,3.85
3.107694,-0.5290,-0.6549,0.5749,11.13,-1.61,0.91
3.108291,-0.5305,-0.6573,0.5812,10.99,-1.33,4.13
3.108888,-0.5275,-0.6588,0.5812,11.27,-1.68,0.70
3.109485,-0.5300,-0.6549,0.5749,10.50,-0.77,4.06
3.110082,-0.5339,-0.6544,0.5739,11.20,-1.75,0.70
3.110679,-0.5309,-0.6539,0.5739,9.87,-0.77,4.20
3.111276,-0.5295,-0.6520,0.5724,11.27,-1.12,0.70
3.111873,-0.5280,-0.6525,0.5773,9.45,-1.05,3.85
3.112470,-0.5261,-0.6534,0.5812,10.71,-0.98,1.12
3.113067,-0.5309,-0.6549,0.5797,9.59,-1.26,4.06
3.113664,-0.5334,-0.6568,0.5778,10.29,-0.63,0.77
3.114260,-0.5300,-0.6588,0.5773,9.31,-1.40,4.06
3.114260,-0.5300,-0.6612,0.5744,9.94,-0.49,0.70
3.114854,-0.5334,-0.6578,0.5763,9.45,-1.47,3.92
3.115451,-0.5329,-0.6520,0.5812,9.38,-0.14,0.77
3.116048,-0.5319,-0.6510,0.5754,9.45,-1.54,3.78
3.116645,-0.5305,-0.6559,0.5758,8.54,0.21,0.84
3.117242,-0.5319,-0.6578,0.5807,9.59,-1.47,3.57
3.117839,-0.5309,-0.6554,0.5817,8.47,-0.14,1.05
3.118436,-0.5222,-0.6515,0.5832,9.24,-0.91,3.08
3.119033,-0.5226,-0.6539,0.5797,8.26,0.00,1.33
3.119630,-0.5275,-0.6573,0.5768,9.10,-0.56,2.52
3.120227,-0.5266,-0.6554,0.5734,7.70,0.00,1.96
3.120824,-0.5261,-0.6573,0.5739,9.03,-0.63,2.17
3.121421,-0.5275,-0.6573,0.5758,7.77,0.28,1.47
3.122018,-0.5280,-0.6510,0.5758,8.47,-0.56,2.45
3.122615,-0.5261,-0.6534,0.5793,7.63,0.56,0.98
3.123212,-0.5270,-0.6573,0.5788,7.77,-0.28,2.45
3.123809,-0.5261,-0.6539,0.5729,7.91,0.35,1.05
3.124405,-0.5236,-0.6529,0.5754,7.63,0.00,2.10
3.125002,-0.5231,-0.6544,0.5773,7.42,0.49,1.54
3.125976,-0.5236,-0.6554,0.5763,7.14,0.14,1.33
3.126573,-0.5261,-0.6583,0.5783,7.70,0.63,1.75
3.127170,-0.5266,-0.6549,0.5778,6.79,0.49,0.91
3.127767,-0.5241,-0.6520,0.5749,7.14,1.12,1.75
3.128364,-0.5207,-0.6573,0.5749,7.00,0.49,0.63
3.128961,-0.5241,-0.6564,0.5778,6.58,0.77,1.89
3.129558,-0.5226,-0.6520,0.5768,6.79,0.77,0.21
3.130155,-0.5183,-0.6525,0.5793,6.16,1.19,1.40
3.130752,-0.5178,-0.6500,0.5802,7.07,0.70,-0.07
3.131349,-0.5178,-0.6481,0.5783,5.60,1.61,1.40
3.131946,-0.5207,-0.6495,0.5763,6.93,0.91,-0.28
3.132543,-0.5212,-0.6539,0.5729,5.60,1.47,1.19
3.133140,-0.5183,-0.6554,0.5763,6.58,1.33,-0.63
3.133737,-0.5202,-0.6505,0.5793,5.39,1.54,1.47
3.134334,-0.5217,-0.6525,0.5773,6.02,1.96,-1.12
3.134931,-0.5178,-0.6495,0.5739,5.60,2.45,-0.91
3.135528,-0.5148,-0.6510,0.5749,5.32,1.47,1.26
3.136125,-0.5173,-0.6525,0.5773,5.18,2.73,-1.12
3.136721,-0.5178,-0.6490,0.5783,5.25,1.40,1.19
3.137695,-0.5134,-0.6495,0.5754,5.11,2.66,-1.61
3.138292,-0.5124,-0.6515,0.5749,5.11,1.68,1.12
3.138889,-0.5148,-0.6515,0.5802,4.90,3.08,-1.96
3.139486,-0.5139,-0.6495,0.5797,4.76,1.96,1.12
3.140083,-0.5124,-0.6486,0.5758,4.41,3.15,-2.31
3.140680,-0.5139,-0.6486,0.5734,5.18,1.75,1.33
3.141277,-0.5168,-0.6471,0.5744,4.13,3.78,-3.22
3.141874,-0.5158,-0.6481,0.5773,4.90,2.24,1.40
3.142471,-0.5134,-0.6476,0.5783,3.85,3.57,-3.08
3.143068,-0.5168,-0.6471,0.5758,4.76,2.45,1.12
3.143665,-0.5173,-0.6490,0.5754,3.57,3.43,-2.94
3.144262,-0.5153,-0.6461,0.5754,4.27,3.15,0.42
3.144859,-0.5158,-0.6476,0.5778,4.34,3.43,0.56
3.145456,-0.5183,-0.6486,0.5749,3.29,3.85,-3.50
3.146053,-0.5207,-0.6495,0.5724,3.64,3.99,0.21
3.146650,-0.5192,-0.6451,0.5758,3.50,3.85,-2.52
3.147247,-0.5168,-0.6442,0.5758,3.29,3.99,-0.35
3.147844,-0.5183,-0.6476,0.5734,3.36,4.41,-3.15
3.148440,-0.5246,-0.6510,0.5724,3.29,3.92,-0.84
3.149414,-0.5256,-0.6451,0.5705,2.52,4.20,-2.80
3.150011,-0.5241,-0.6388,0.5719,3.15,3.92,-0.63
3.150608,-0.5236,-0.6398,0.5739,3.15,4.48,-3.29
3.151205,-0.5246,-0.6446,0.5724,3.08,4.06,-0.70
3.151802,-0.5241,-0.6451,0.5734,2.66,4.90,-3.01
3.152399,-0.5192,-0.6398,0.5739,2.45,4.41,-0.91
3.152996,-0.5226,-0.6373,0.5729,2.80,4.62,-3.08
3.153593,-0.5251,-0.6388,0.5710,2.17,4.90,-1.26
3.154190,-0.5246,-0.6393,0.5680,2.66,4.69,-3.22
3.154787,-0.5266,-0.6373,0.5666,1.82,5.18,-1.54
3.155384,-0.5246,-0.6398,0.5685,2.73,5.04,-3.08
3.155981,-0.5222,-0.6393,0.5671,1.68,5.25,-1.82
3.156578,-0.5241,-0.6354,0.5636,2.52,5.04,-3.08
3.157175,-0.5226,-0.6364,0.5680,1.61,5.67,-2.38
3.157772,-0.5222,-0.6368,0.5700,2.31,5.04,-2.87
3.158369,-0.5246,-0.6344,0.5719,0.98,6.02,-2.24
3.158966,-0.5231,-0.6364,0.5710,2.38,4.90,-2.73
3.159563,-0.5202,-0.6388,0.5632,0.98,5.46,-2.52
3.160160,-0.5197,-0.6383,0.5607,2.17,5.25,-2.52
3.160160,-0.5202,-0.6373,0.5627,0.91,6.30,-2.87
3.160753,-0.5217,-0.6359,0.5675,2.10,5.46,-2.73
3.161350,-0.5226,-0.6339,0.5666,1.12,6.02,-3.29
3.161947,-0.5212,-0.6324,0.5661,1.68,6.02,-2.73
3.162544,-0.5187,-0.6329,0.5627,0.77,5.74,-2.94
3.163141,-0.5202,-0.6339,0.5597,1.05,6.72,-2.87
3.163738,-0.5251,-0.6373,0.5627,0.91,5.53,-3.43
3.164335,-0.5251,-0.6398,0.5592,0.91,6.86,-2.94
3.164932,-0.5202,-0.6407,0.5578,0.63,5.88,-3.08
3.165529,-0.5192,-0.6388,0.5607,1.05,6.72,-3.43
3.166126,-0.5217,-0.6398,0.5622,0.77,6.23,-3.43
3.166723,-0.5241,-0.6427,0.5607,0.70,6.72,-3.01
3.167320,-0.5256,-0.6427,0.5563,0.56,6.30,-3.78
3.167917,-0.5226,-0.6407,0.5583,0.56,6.09,-3.85
3.168514,-0.5261,-0.6407,0.5592,0.63,6.58,-3.57
3.169111,-0.5300,-0.6407,0.5597,0.14,6.72,-4.06
3.169708,-0.5275,-0.6398,0.5578,0.63,7.21,-3.36
3.170305,-0.5266,-0.6398,0.5568,0.21,6.72,-4.62
3.170901,-0.5261,-0.6407,0.5578,0.21,7.28,-3.15
3.171875,-0.5251,-0.6403,0.5573,0.28,6.72,-4.34
3.172472,-0.5251,-0.6407,0.5549,0.07,7.14,-3.64
3.173069,-0.5266,-0.6432,0.5534,0.35,6.79,-4.69
3.173666,-0.5300,-0.6456,0.5534,-0.07,7.49,-3.22
3.174263,-0.5334,-0.6437,0.5544,0.49,6.72,-4.69
3.174860,-0.5305,-0.6393,0.5553,-0.07,7.28,-2.94
3.175457,-0.5261,-0.6407,0.5568,0.42,6.93,-5.39
3.176054,-0.5300,-0.6417,0.5588,-0.14,7.28,-3.36
3.176651,-0.5290,-0.6403,0.5578,0.21,7.35,-4.97
3.177248,-0.5261,-0.6446,0.5597,0.21,6.86,-3.29
3.177845,-0.5285,-0.6461,0.5592,-0.07,7.56,-5.39
3.178442,-0.5280,-0.6422,0.5553,0.28,7.00,-3.43
3.179039,-0.5266,-0.6442,0.5544,-0.07,7.70,-5.39
3.179636,-0.5285,-0.6456,0.5549,0.21,7.21,-3.08
3.180233,-0.5324,-0.6461,0.5563,0.14,7.49,-5.53
3.180830,-0.5339,-0.6481,0.5573,0.35,7.35,-3.50
3.181427,-0.5309,-0.6490,0.5539,-0.07,7.77,-4.83
3.182024,-0.5290,-0.6500,0.5510,0.21,7.49,-3.71
3.182620,-0.5319,-0.6505,0.5514,-0.14,7.84,-5.18
3.182620,-0.5309,-0.6510,0.5524,0.35,7.49,-3.50
3.183214,-0.5300,-0.6520,0.5534,0.00,7.49,-5.53
3.183811,-0.5314,-0.6559,0.5558,-0.14,7.91,-3.78
3.184408,-0.5309,-0.6544,0.5539,0.56,7.49,-5.32
3.185005,-0.5290,-0.6544,0.5529,-0.28,7.84,-3.64
3.185602,-0.5295,-0.6554,0.5549,0.42,7.63,-5.18
3.186199,-0.5314,-0.6568,0.5524,-0.21,7.91,-3.92
3.186796,-0.5305,-0.6573,0.5519,0.70,7.70,-5.18
3.187393,-0.5290,-0.6593,0.5534,0.00,7.77,-3.92
3.187990,-0.5270,-0.6608,0.5553,0.77,8.19,-5.46
3.188587,-0.5236,-0.6583,0.5519,-0.42,7.77,-4.06
3.189184,-0.5251,-0.6525,0.5466,0.63,8.05,-5.60
3.189781,-0.5266,-0.6495,0.5466,0.14,7.42,-3.57
3.190378,-0.5256,-0.6529,0.5510,0.77,8.26,-6.44
3.190975,-0.5266,-0.6544,0.5539,0.56,7.91,-3.71
3.191572,-0.5270,-0.6544,0.5524,0.49,7.98,-5.81
3.192169,-0.5231,-0.6554,0.5514,0.49,8.26,-3.92
3.192766,-0.5222,-0.6559,0.5534,0.56,7.98,-5.95
3.193362,-0.5222,-0.6568,0.5539,0.49,8.75,-4.06
3.193362,-0.5197,-0.6608,0.5524,0.77,7.91,-5.81
3.193956,-0.5192,-0.6603,0.5500,0.56,8.82,-4.41
3.194553,-0.5187,-0.6608,0.5510,0.98,8.12,-6.09
3.195150,-0.5173,-0.6598,0.5558,0.77,8.89,-4.41
3.195747,-0.5163,-0.6573,0.5578,0.91,8.19,-5.67
3.196344,-0.5134,-0.6559,0.5529,0.77,8.96,-4.69
3.196941,-0.5100,-0.6515,0.5505,1.05,8.40,-5.46
3.197538,-0.5119,-0.6539,0.5510,1.05,8.89,-4.69
3.198135,-0.5139,-0.6554,0.5490,1.05,8.54,-5.32
3.198732,-0.5129,-0.6510,0.5510,1.40,8.82,-4.83
3.199329,-0.5134,-0.6520,0.5563,0.77,8.96,-5.46
3.199926,-0.5119,-0.6554,0.5505,1.33,9.24,-5.11
3.200523,-0.5134,-0.6549,0.5495,1.82,9.03,-5.18
3.201120,-0.5100,-0.6534,0.5505,0.63,9.45,-5.46
3.201717,-0.5104,-0.6554,0.5514,2.24,8.82,-5.74
3.202314,-0.5104,-0.6578,0.5539,0.21,9.80,-5.32
3.202911,-0.5065,-0.6564,0.5544,2.45,8.89,-5.88
3.203507,-0.5070,-0.6534,0.5544,0.63,10.15,-5.74
3.204104,-0.5065,-0.6500,0.5519,2.24,8.82,-5.74
3.205078,-0.5041,-0.6515,0.5519,0.98,10.36,-5.32
3.205675,-0.5036,-0.6529,0.5553,2.59,8.54,-6.09
3.206272,-0.5056,-0.6534,0.5558,0.70,10.71,-5.39
3.206869,-0.5075,-0.6544,0.5553,2.31,8.89,-6.30
3.207466,-0.5080,-0.6520,0.5558,1.40,10.50,-5.32
3.208063,-0.5061,-0.6515,0.5539,2.31,9.17,-6.44
3.208660,-0.5046,-0.6544,0.5549,1.61,10.78,-5.18
3.209257,-0.5041,-0.6568,0.5553,2.17,9.52,-7.35
3.209854,-0.5085,-0.6568,0.5549,2.31,10.64,-5.11
3.210451,-0.5090,-0.6554,0.5573,1.68,10.15,-7.56
3.211048,-0.5056,-0.6568,0.5607,2.87,10.22,-5.04
3.211645,-0.5056,-0.6583,0.5549,1.75,10.29,-8.12
3.212242,-0.5051,-0.6573,0.5514,2.80,10.43,-4.27
3.212839,-0.5051,-0.6612,0.5534,1.89,10.71,-8.89
3.213436,-0.5051,-0.6627,0.5568,3.22,10.78,-4.97
3.214033,-0.5070,-0.6549,0.5602,2.10,10.43,-8.68
3.214630,-0.5061,-0.6564,0.5602,3.15,11.20,-5.04
3.215226,-0.5046,-0.6603,0.5612,2.31,10.08,-9.17
3.215823,-0.5070,-0.6583,0.5617,3.43,10.92,-5.04
3.216797,-0.5090,-0.6583,0.5588,2.52,10.29,-9.10
3.217394,-0.5104,-0.6554,0.5568,3.08,11.34,-5.11
3.217991,-0.5119,-0.6529,0.5583,2.73,10.92,-10.22
3.218588,-0.5129,-0.6481,0.5529,3.43,11.48,-5.32
3.219185,-0.5148,-0.6446,0.5495,2.94,10.92,-10.08
3.219782,-0.5187,-0.6442,0.5558,3.64,11.62,-6.02
3.220379,-0.5192,-0.6388,0.5612,2.59,11.06,-10.15
3.220976,-0.5134,-0.6398,0.5627,3.92,11.34,-6.09
3.221573,-0.5095,-0.6466,0.5607,3.01,11.13,-10.50
3.222170,-0.5070,-0.6520,0.5578,4.13,11.41,-6.44
3.222767,-0.5061,-0.6608,0.5592,2.87,11.62,-10.78
3.223364,-0.5056,-0.6715,0.5617,4.27,11.83,-7.14
3.223961,-0.5056,-0.6739,0.5583,4.34,11.90,-7.91
3.224558,-0.5046,-0.6759,0.5607,3.71,11.34,-9.73
3.225155,-0.5041,-0.6734,0.5612,4.62,12.60,-8.47
3.225752,-0.5085,-0.6710,0.5588,3.92,11.27,-9.87
3.226349,-0.5109,-0.6710,0.5558,4.48,12.60,-8.75
3.226946,-0.5095,-0.6686,0.5588,3.99,10.85,-9.73
3.227542,-0.5090,-0.6690,0.5627,4.62,13.16,-9.52
3.227542,-0.5070,-0.6681,0.5617,4.76,11.13,-9.73
3.228136,-0.5056,-0.6686,0.5612,4.48,13.02,-10.08
3.228733,-0.5095,-0.6681,0.5597,5.11,11.27,-9.73
3.229330,-0.5139,-0.6642,0.5573,4.06,13.30,-10.22
3.229927,-0.5124,-0.6612,0.5588,5.53,11.55,-10.22
3.230524,-0.5075,-0.6651,0.5622,4.62,13.30,-10.78
3.231121,-0.5090,-0.6695,0.5612,5.74,11.48,-10.36
3.231718,-0.5090,-0.6671,0.5607,4.41,13.02,-10.85
3.232315,-0.5080,-0.6690,0.5597,5.95,11.62,-10.71
3.232912,-0.5119,-0.6730,0.5583,4.83,13.51,-11.06
3.233509,-0.5139,-0.6715,0.5622,6.16,11.97,-10.85
3.234106,-0.5090,-0.6681,0.5568,5.04,13.44,-11.06
3.234703,-0.5085,-0.6686,0.5617,6.09,12.18,-11.69
3.235300,-0.5109,-0.6725,0.5656,5.95,12.67,-11.83
3.235897,-0.5109,-0.6720,0.5646,6.09,13.09,-11.76
3.236494,-0.5085,-0.6705,0.5597,5.81,13.02,-12.81
3.237091,-0.5070,-0.6710,0.5597,6.58,12.88,-11.83
3.237687,-0.5100,-0.6725,0.5612,6.02,13.37,-12.74
3.238284,-0.5104,-0.6749,0.5597,6.93,12.39,-11.97
3.239257,-0.5090,-0.6749,0.5641,5.88,13.23,-13.16
3.239854,-0.5080,-0.6744,0.5641,7.21,12.53,-12.11
3.240451,-0.5075,-0.6754,0.5627,6.09,13.30,-13.30
3.241048,-0.5056,-0.6788,0.5641,7.21,12.39,-12.60
3.241645,-0.5061,-0.6778,0.5636,6.86,13.58,-14.07
3.242242,-0.5051,-0.6744,0.5602,7.63,12.39,-12.67
3.242839,-0.5056,-0.6744,0.5607,6.93,14.00,-14.35
3.243436,-0.5090,-0.6764,0.5666,8.05,12.11,-12.81
3.244033,-0.5051,-0.6759,0.5636,7.28,14.07,-14.77
3.244630,-0.5041,-0.6744,0.5636,8.05,12.46,-13.02
3.245227,-0.5065,-0.6759,0.5675,7.42,13.93,-15.12
3.245824,-0.5085,-0.6720,0.5661,8.33,12.67,-12.74
3.246421,-0.5065,-0.6720,0.5622,7.63,13.93,-15.61
3.247018,-0.5012,-0.6720,0.5641,8.33,12.95,-13.23
3.247615,-0.4992,-0.6705,0.5680,8.19,13.37,-15.40
3.248212,-0.5051,-0.6725,0.5680,8.33,13.44,-14.00
3.248809,-0.5080,-0.6705,0.5680,8.54,13.16,-15.33
3.249406,-0.5056,-0.6715,0.5661,8.05,13.37,-14.28
3.250002,-0.5041,-0.6725,0.5612,9.17,13.02,-15.47
3.250976,-0.5061,-0.6725,0.5627,8.33,13.86,-14.42
3.251573,-0.5056,-0.6725,0.5719,8.82,12.88,-15.26
3.252170,-0.5036,-0.6734,0.5710,9.17,13.65,-15.40
3.252767,-0.5061,-0.6715,0.5656,9.17,12.88,-15.40
3.253364,-0.5056,-0.6710,0.5700,9.38,13.58,-15.54
3.253961,-0.5041,-0.6744,0.5666,9.59,12.81,-15.12
3.254558,-0.5036,-0.6744,0.5646,9.38,13.72,-15.47
3.255155,-0.5046,-0.6739,0.5690,9.17,13.02,-15.40
3.255752,-0.5046,-0.6749,0.5729,9.87,13.72,-16.03
3.256349,-0.5065,-0.6769,0.5714,9.59,13.37,-15.82
3.256946,-0.5075,-0.6730,0.5724,10.43,13.65,-15.89
3.257543,-0.5031,-0.6749,0.5710,10.85,14.00,-16.73
3.258140,-0.5065,-0.6783,0.5695,9.87,12.60,-14.98
3.258737,-0.5046,-0.6773,0.5685,10.64,14.49,-17.43
3.259334,-0.5031,-0.6730,0.5739,9.94,12.25,-14.77
3.259931,-0.5041,-0.6725,0.5744,11.13,14.42,-17.71
3.260528,-0.5065,-0.6754,0.5719,10.15,12.18,-14.63
3.261125,-0.5065,-0.6749,0.5695,11.34,14.07,-17.92
3.261721,-0.5051,-0.6730,0.5700,10.43,12.46,-14.49
3.262695,-0.5022,-0.6710,0.5773,11.41,14.21,-18.41
3.263292,-0.5007,-0.6734,0.5783,10.78,12.53,-14.56
3.263889,-0.5041,-0.6730,0.5754,12.11,13.93,-18.90
3.264486,-0.5070,-0.6739,0.5754,10.99,12.46,-14.28
3.265083,-0.5104,-0.6769,0.5758,12.04,13.58,-19.04
3.265680,-0.5100,-0.6754,0.5773,11.34,12.88,-14.28
3.266277,-0.5070,-0.6778,0.5793,12.04,13.44,-18.83
3.266874,-0.5075,-0.6773,0.5812,11.69,12.60,-14.49
3.267471,-0.5070,-0.6783,0.5827,12.11,13.30,-18.69
3.268068,-0.5051,-0.6773,0.5827,11.97,12.88,-14.63
3.268665,-0.5061,-0.6739,0.5797,11.97,13.16,-18.97
3.269262,-0.5090,-0.6739,0.5817,12.60,12.88,-14.42
3.269859,-0.5041,-0.6720,0.5836,13.02,12.88,-14.35
3.270456,-0.5036,-0.6690,0.5856,11.83,12.67,-18.97
3.271053,-0.5041,-0.6681,0.5866,13.37,13.02,-14.70
3.271650,-0.5026,-0.6700,0.5861,12.04,12.46,-18.34
3.272247,-0.4982,-0.6671,0.5851,13.37,13.30,-14.77
3.272844,-0.4948,-0.6686,0.5856,11.90,11.97,-17.85
3.273440,-0.4992,-0.6720,0.5856,13.93,13.37,-15.47
3.274414,-0.5017,-0.6671,0.5817,12.39,12.11,-17.64
3.275011,-0.4968,-0.6622,0.5802,13.79,13.02,-14.91
3.275608,-0.4958,-0.6588,0.5851,12.95,11.62,-18.06
3.276205,-0.4997,-0.6588,0.5856,13.44,13.44,-15.12
3.276802,-0.4973,-0.6593,0.5851,13.44,11.41,-17.64
3.277399,-0.4929,-0.6573,0.5880,13.51,13.09,-15.05
3.277996,-0.4968,-0.6544,0.5895,13.16,11.62,-17.22
3.278593,-0.4958,-0.6505,0.5905,13.79,12.81,-15.40
3.279190,-0.4943,-0.6500,0.5910,13.44,11.55,-17.22
3.279787,-0.4948,-0.6500,0.5861,13.79,12.88,-15.12
3.280384,-0.4919,-0.6510,0.5836,14.00,11.41,-17.36
3.280981,-0.4904,-0.6476,0.5856,13.72,12.88,-15.33
3.281578,-0.4895,-0.6456,0.5871,13.65,11.69,-17.01
3.282175,-0.4900,-0.6466,0.5885,13.86,12.67,-15.40
3.282772,-0.4904,-0.6432,0.5880,13.93,11.34,-16.73
3.283369,-0.4904,-0.6383,0.5880,13.58,12.74,-15.19
3.283966,-0.4909,-0.6378,0.5890,13.79,11.55,-16.17
3.284563,-0.4890,-0.6388,0.5885,14.14,12.39,-15.33
3.285160,-0.4875,-0.6388,0.5871,13.72,11.48,-16.10
3.285160,-0.4875,-0.6393,0.5880,14.49,12.18,-15.82
3.285753,-0.4860,-0.6378,0.5919,13.37,11.62,-15.40
3.286350,-0.4900,-0.6334,0.5895,14.84,12.11,-16.03
3.286947,-0.4929,-0.6339,0.5890,12.88,11.69,-14.77
3.287544,-0.4914,-0.6368,0.5915,14.84,11.90,-16.45
3.288141,-0.4939,-0.6344,0.5895,13.02,11.48,-14.70
3.288738,-0.4953,-0.6305,0.5880,15.12,11.55,-16.31
3.289335,-0.4963,-0.6305,0.5880,12.60,11.55,-13.86
3.289932,-0.4958,-0.6324,0.5905,15.54,11.62,-16.80
3.290529,-0.4934,-0.6310,0.5915,12.32,11.34,-13.30
3.291126,-0.4982,-0.6276,0.5915,15.05,10.85,-16.66
3.291723,-0.4997,-0.6242,0.5900,12.81,11.27,-13.58
3.292320,-0.4953,-0.6232,0.5915,14.70,10.99,-16.31
3.292917,-0.4958,-0.6232,0.5958,13.51,10.92,-14.21
3.293514,-0.5017,-0.6178,0.5934,13.79,10.64,-15.61
3.294111,-0.5061,-0.6188,0.5890,13.58,10.99,-13.65
3.294708,-0.5095,-0.6207,0.5915,13.72,11.20,-16.38
3.295305,-0.5075,-0.6183,0.5924,13.86,10.22,-13.23
3.295901,-0.5031,-0.6188,0.5910,13.65,10.71,-16.03
3.295901,-0.5036,-0.6163,0.5905,13.86,10.08,-12.95
3.296495,-0.5056,-0.6159,0.5924,13.23,10.29,-15.33
3.297092,-0.5114,-0.6178,0.5919,14.00,10.43,-13.37
3.297689,-0.5119,-0.6154,0.5924,13.02,10.29,-15.33
3.298286,-0.5104,-0.6120,0.5944,14.35,9.52,-13.16
3.298883,-0.5109,-0.6100,0.5934,13.09,10.08,-15.19
3.299480,-0.5119,-0.6105,0.5924,14.14,9.59,-13.09
3.300077,-0.5139,-0.6134,0.5968,12.74,9.94,-14.63
3.300674,-0.5158,-0.6124,0.5988,13.65,9.52,-13.44
3.301271,-0.5192,-0.6066,0.5993,12.95,9.66,-14.49
3.301868,-0.5192,-0.6046,0.5998,13.30,8.89,-13.02
3.302465,-0.5178,-0.6066,0.5939,12.88,9.38,-14.77
3.303062,-0.5187,-0.6046,0.5954,13.02,8.47,-14.49
3.303659,-0.5187,-0.6022,0.5973,12.74,8.89,-12.53
3.304256,-0.5158,-0.6012,0.6022,13.02,8.61,-14.56
3.304853,-0.5187,-0.5963,0.6027,12.39,8.68,-12.04
3.305450,-0.5241,-0.5929,0.6022,13.02,8.05,-14.70
3.306047,-0.5217,-0.5963,0.6012,12.18,8.26,-12.11
3.306643,-0.5212,-0.5998,0.6022,12.95,7.84,-14.21
3.307617,-0.5212,-0.5978,0.6012,11.83,8.47,-11.76
3.308214,-0.5207,-0.5949,0.5958,12.88,7.21,-13.86
3.308811,-0.5207,-0.5924,0.5968,11.90,8.47,-12.18
3.309408,-0.5178,-0.5919,0.6007,12.18,6.93,-13.02
3.310005,-0.5187,-0.5924,0.6037,11.69,8.05,-12.18
3.310602,-0.5231,-0.5890,0.6012,12.18,6.58,-13.09
3.311199,-0.5217,-0.5876,0.5954,11.27,8.12,-11.83
3.311796,-0.5187,-0.5871,0.5944,11.90,6.16,-12.60
3.312393,-0.5192,-0.5861,0.5924,11.13,7.70,-11.76
3.312990,-0.5207,-0.5846,0.5905,11.55,5.81,-12.53
3.313587,-0.5183,-0.5822,0.5934,11.13,7.49,-11.55
3.314184,-0.5134,-0.5832,0.5958,11.06,6.09,-12.39
3.314781,-0.5158,-0.5836,0.5963,11.48,6.51,-11.13
3.315378,-0.5187,-0.5822,0.5963,10.43,6.02,-12.04
3.315975,-0.5192,-0.5783,0.5944,11.48,5.81,-11.20
3.316572,-0.5134,-0.5763,0.5958,10.08,5.95,-11.97
3.317169,-0.5109,-0.5797,0.5973,10.99,5.67,-10.57
3.317766,-0.5124,-0.5788,0.5963,9.31,5.53,-11.62
3.318362,-0.5109,-0.5783,0.5949,10.99,5.39,-10.50
3.318362,-0.5124,-0.5807,0.5954,9.38,5.32,-11.41
3.318956,-0.5095,-0.5817,0.5954,10.43,5.46,-10.22
3.319553,-0.5041,-0.5793,0.5983,9.17,5.32,-11.13
3.320150,-0.5041,-0.5739,0.6002,10.01,4.90,-10.22
3.320747,-0.5046,-0.5744,0.5983,9.45,4.83,-11.13
3.321344,-0.5046,-0.5768,0.5988,9.38,4.83,-10.15
3.321941,-0.5075,-0.5739,0.5968,9.17,4.41,-10.64
3.322538,-0.5085,-0.5705,0.5929,9.03,4.27,-9.45
3.323135,-0.5065,-0.5714,0.5924,8.75,4.55,-10.85
3.323732,-0.5036,-0.5724,0.5944,8.61,4.13,-9.80
3.324329,-0.5036,-0.5705,0.5983,8.61,3.85,-9.87
3.324926,-0.5046,-0.5729,0.5968,8.05,4.41,-9.52
3.325523,-0.5017,-0.5714,0.5963,8.54,3.64,-10.08
3.326120,-0.5012,-0.5705,0.5958,7.84,4.06,-9.45
3.326717,-0.5002,-0.5680,0.5919,8.19,2.94,-9.80
3.327314,-0.4978,-0.5680,0.5954,7.35,4.13,-9.10
3.327911,-0.4987,-0.5695,0.5958,7.63,3.29,-10.08
3.328507,-0.4968,-0.5710,0.5939,7.42,3.64,-9.17
3.329104,-0.4939,-0.5695,0.5954,7.00,3.22,-10.01
3.330078,-0.4939,-0.5661,0.5944,7.00,3.36,-8.54
3.330675,-0.4953,-0.5661,0.5939,6.65,2.73,-9.66
3.331272,-0.4958,-0.5680,0.5929,6.72,3.36,-8.75
3.331869,-0.4953,-0.5661,0.5900,6.23,2.38,-9.31
3.332466,-0.4924,-0.5680,0.5900,6.44,3.57,-8.68
3.333063,-0.4924,-0.5685,0.5939,5.81,2.03,-9.24
3.333660,-0.4924,-0.5646,0.5968,5.81,3.43,-8.68
3.334257,-0.4958,-0.5641,0.5978,5.81,2.10,-8.96
3.334854,-0.4963,-0.5641,0.5963,5.53,3.36,-8.54
3.335451,-0.4880,-0.5685,0.5924,5.60,1.61,-8.61
3.336048,-0.4919,-0.5700,0.5939,5.25,2.80,-8.68
3.336645,-0.4968,-0.5675,0.5983,5.46,1.61,-9.52
3.337242,-0.4934,-0.5680,0.5983,4.90,2.59,-7.63
3.337839,-0.4895,-0.5666,0.5973,5.39,1.82,-8.54
3.338436,-0.4860,-0.5666,0.5973,4.69,2.31,-7.56
3.339033,-0.4851,-0.5680,0.5968,4.83,1.89,-8.26
3.339630,-0.4856,-0.5685,0.5963,4.13,2.31,-7.56
3.340227,-0.4885,-0.5710,0.5958,4.76,1.40,-8.19
3.340823,-0.4895,-0.5734,0.5973,3.99,2.24,-7.35
3.341797,-0.4865,-0.5739,0.5993,4.90,1.47,-8.05
3.342394,-0.4865,-0.5734,0.6022,3.15,2.10,-6.65
3.342991,-0.4856,-0.5729,0.6046,4.34,1.19,-7.91
3.343588,-0.4895,-0.5710,0.6007,3.08,1.61,-6.30
3.344185,-0.4924,-0.5705,0.5973,3.64,1.26,-7.42
3.344782,-0.4870,-0.5705,0.5983,2.94,1.33,-6.02
3.345379,-0.4836,-0.5700,0.6027,3.57,1.33,-7.21
3.345976,-0.4851,-0.5719,0.6022,2.59,0.70,-5.39
3.346573,-0.4851,-0.5763,0.6007,3.08,1.12,-7.07
3.347170,-0.4851,-0.5783,0.6002,2.17,1.12,-5.11
3.347767,-0.4846,-0.5778,0.6007,3.15,1.12,-6.65
3.348364,-0.4846,-0.5812,0.5998,1.96,1.12,-4.69
3.348961,-0.4826,-0.5822,0.5963,2.66,1.19,-6.02
3.349558,-0.4807,-0.5802,0.5983,2.03,0.98,-4.48
3.350155,-0.4782,-0.5812,0.5983,2.24,0.84,-6.16
3.350752,-0.4778,-0.5812,0.5998,1.96,0.91,-4.06
3.351349,-0.4778,-0.5851,0.5988,2.10,0.63,-5.60
3.351946,-0.4763,-0.5856,0.5983,1.54,1.05,-3.99
3.352542,-0.4773,-0.5832,0.6012,1.47,0.63,-5.11
3.352542,-0.4782,-0.5851,0.5983,1.40,0.70,-3.57
3.353136,-0.4792,-0.5905,0.5924,1.19,0.77,-4.48
3.353733,-0.4768,-0.5905,0.5934,1.19,0.84,-3.57
3.354330,-0.4738,-0.5895,0.5978,0.77,0.35,-4.13
3.354927,-0.4734,-0.5934,0.5978,1.19,0.56,-3.36
3.355524,-0.4753,-0.5949,0.5954,0.42,0.63,-3.36
3.356121,-0.4792,-0.5939,0.5988,1.26,0.63,-3.36
3.356718,-0.4797,-0.5978,0.6041,0.07,0.77,-3.22
3.357315,-0.4797,-0.6056,0.6022,1.47,0.42,-3.22
3.357912,-0.4821,-0.6076,0.5978,-0.28,0.70,-2.73
3.358509,-0.4817,-0.6041,0.6007,-0.42,0.84,-2.94
3.359106,-0.4812,-0.6037,0.6017,0.63,0.07,-2.10
3.359703,-0.4782,-0.6037,0.6046,-0.42,0.84,-2.80
3.360300,-0.4812,-0.6076,0.6061,0.28,0.14,-1.89
3.360897,-0.4821,-0.6061,0.6051,0.07,0.49,-2.66
3.361494,-0.4807,-0.6076,0.6051,-0.35,0.56,-1.68
3.362091,-0.4865,-0.6134,0.6002,0.28,0.42,-2.03
3.362687,-0.4865,-0.6134,0.5973,-0.42,-0.28,-1.75
3.363284,-0.4826,-0.6124,0.5963,-0.07,0.70,-1.89
3.364257,-0.4841,-0.6149,0.5973,-0.42,-0.07,-1.61
3.364854,-0.4831,-0.6129,0.6017,0.00,-0.07,-1.75
3.365451,-0.4841,-0.6124,0.6022,-0.77,0.28,-1.61
3.366048,-0.4870,-0.6212,0.6027,-0.49,0.56,-1.26
3.366645,-0.4870,-0.6266,0.6017,-0.49,-0.28,-1.40
3.367242,-0.4880,-0.6251,0.6012,-0.63,0.56,-1.54
3.367839,-0.4880,-0.6237,0.5968,-0.70,-0.56,-0.91
3.368436,-0.4860,-0.6237,0.5963,-0.42,0.35,-1.12
3.369033,-0.4885,-0.6281,0.6002,-0.91,0.07,-0.84
3.369630,-0.4914,-0.6324,0.5998,-0.63,0.14,-1.12
3.370227,-0.4924,-0.6315,0.5998,-0.77,-0.14,-1.05
3.370824,-0.4924,-0.6344,0.5939,-0.91,0.56,-0.77
3.371421,-0.4914,-0.6354,0.5939,-0.56,-0.21,-1.40
3.372018,-0.4924,-0.6339,0.5939,-1.05,0.42,0.21
3.372615,-0.4885,-0.6359,0.5998,-0.91,-0.21,-1.33
3.373212,-0.4914,-0.6388,0.6022,-0.84,-0.07,0.28
3.373809,-0.4958,-0.6417,0.5978,-0.84,-0.63,-1.96
3.374406,-0.4939,-0.6437,0.5958,-0.84,0.00,0.63
3.375002,-0.4953,-0.6432,0.5998,-0.77,-0.35,-1.75
3.375002,-0.4953,-0.6422,0.5988,-0.63,-0.14,0.84
3.375597,-0.4973,-0.6432,0.5978,-1.05,-0.35,-1.68
3.376194,-0.4978,-0.6422,0.5963,-0.49,0.00,0.77
3.376791,-0.4968,-0.6422,0.5978,-1.68,-0.28,-1.47
3.377388,-0.4992,-0.6461,0.6012,0.07,-0.77,0.42
3.377985,-0.4997,-0.6495,0.6022,-1.82,0.00,-1.05
3.378582,-0.4978,-0.6466,0.6037,-0.14,-0.63,1.05
3.379179,-0.4968,-0.6471,0.6022,-1.40,-0.28,-1.19
3.379776,-0.4973,-0.6525,0.5983,-0.21,-0.56,0.70
3.380373,-0.5002,-0.6564,0.5963,-1.47,-0.35,-0.84
3.380970,-0.5017,-0.6568,0.5998,-0.91,-0.56,-0.56
3.381567,-0.4968,-0.6573,0.6012,-0.91,0.00,-0.91
3.382164,-0.4982,-0.6544,0.6007,-1.12,-1.12,1.47
3.382761,-0.5026,-0.6554,0.6007,-0.49,0.07,-1.19
3.383358,-0.5017,-0.6583,0.6017,-0.91,-1.40,1.19
3.383955,-0.5002,-0.6593,0.6051,-0.42,-0.21,-0.77
3.384552,-0.5012,-0.6588,0.6076,-0.70,-1.61,0.98
3.385148,-0.5031,-0.6593,0.6007,-0.35,-0.28,-0.28
3.385745,-0.5026,-0.6583,0.5983,-0.70,-1.54,0.77
3.388672,-0.5017,-0.6593,0.6037,-0.14,-0.56,-0.07
3.389269,-0.5017,-0.6622,0.6007,-0.98,-0.91,0.42
3.389866,-0.5031,-0.6622,0.5988,0.35,-0.84,-0.35
3.390463,-0.5041,-0.6617,0.6022,-1.19,-1.05,0.42
3.391060,-0.5056,-0.6632,0.6012,0.70,-0.56,-0.21
3.391657,-0.5095,-0.6627,0.6007,-1.05,-1.47,0.56
3.392254,-0.5080,-0.6598,0.6017,0.49,-0.70,-0.42
3.392851,-0.5046,-0.6603,0.6012,-0.77,-0.98,0.14
3.393448,-0.5051,-0.6642,0.6012,0.35,-1.19,0.14
3.394045,-0.5051,-0.6647,0.5998,-0.42,-1.05,-0.28
3.394642,-0.5065,-0.6642,0.6012,0.14,-0.98,0.35
3.395239,-0.5046,-0.6637,0.6032,-0.42,-1.12,-0.56
3.395836,-0.4997,-0.6666,0.6002,0.42,-1.19,0.35
3.396433,-0.5026,-0.6695,0.5993,-0.14,-1.26,-0.70
3.397030,-0.5046,-0.6642,0.5973,0.00,-0.56,0.14
3.397627,-0.5002,-0.6637,0.6012,0.28,-1.40,-0.91
3.398224,-0.4978,-0.6632,0.6041,0.14,-0.56,0.00
3.398821,-0.5022,-0.6583,0.5993,0.49,-1.96,-0.91
3.399418,-0.5012,-0.6632,0.5998,-0.42,-0.42,0.35
3.399418,-0.4978,-0.6671,0.6007,0.70,-2.03,-1.05
3.400011,-0.4992,-0.6651,0.5983,0.14,-0.35,-0.21
3.400608,-0.5002,-0.6656,0.5968,0.84,-1.75,-1.82
3.401205,-0.4982,-0.6612,0.6012,0.07,-0.77,0.35
3.401802,-0.4973,-0.6578,0.6032,0.63,-1.54,-1.89
3.402399,-0.4948,-0.6622,0.5983,0.42,-1.05,0.07
3.402996,-0.4968,-0.6603,0.5968,0.56,-0.84,-0.28
3.403593,-0.4963,-0.6608,0.5983,0.00,-1.75,-0.98
3.404190,-0.4953,-0.6603,0.6027,1.05,-0.98,-0.70
3.404787,-0.4909,-0.6603,0.6012,0.00,-1.19,-1.54
3.405384,-0.4953,-0.6603,0.5988,0.84,-0.77,-0.42
3.405981,-0.4997,-0.6603,0.5988,0.28,-1.47,-1.75
3.406578,-0.5002,-0.6622,0.5998,1.05,-0.77,-0.63
3.407175,-0.5012,-0.6612,0.6012,0.56,-1.47,-1.96
3.407772,-0.4992,-0.6608,0.6012,1.05,-0.91,-0.98
3.408369,-0.4992,-0.6588,0.5988,0.56,-1.19,-2.17
3.408966,-0.4982,-0.6544,0.5963,0.91,-0.63,-0.84
3.409563,-0.4968,-0.6573,0.5973,1.05,-1.40,-2.73
3.410160,-0.4973,-0.6612,0.5993,0.63,-0.63,-0.49
3.411132,-0.4973,-0.6603,0.5988,0.98,-1.47,-2.73
3.411729,-0.4968,-0.6564,0.6012,0.77,-0.56,-0.56
3.412326,-0.4968,-0.6549,0.6012,1.33,-1.47,-3.29
3.412923,-0.4978,-0.6564,0.5978,0.77,-0.70,-0.63
3.413520,-0.5017,-0.6559,0.5963,1.26,-1.26,-3.22
3.414117,-0.5017,-0.6554,0.5973,0.63,-0.35,-0.49
3.414714,-0.5002,-0.6539,0.5968,1.47,-1.68,-3.71
3.415311,-0.5007,-0.6525,0.5963,1.12,-0.63,-1.47
3.415908,-0.5007,-0.6534,0.5983,1.05,-1.40,-2.87
3.416505,-0.4992,-0.6539,0.5988,1.33,-0.63,-1.54
3.417102,-0.4973,-0.6534,0.5988,1.33,-1.05,-3.08
3.417699,-0.4978,-0.6525,0.5973,1.05,-0.56,-1.61
3.418296,-0.5002,-0.6544,0.5968,1.54,-1.19,-3.57
3.418893,-0.5007,-0.6568,0.5934,1.12,-0.42,-1.54
3.419490,-0.4968,-0.6544,0.5954,1.82,-1.05,-4.06
3.420087,-0.5022,-0.6549,0.5998,0.98,-0.49,-1.54
3.420684,-0.5031,-0.6578,0.5983,1.75,-1.33,-3.85
3.421281,-0.4992,-0.6583,0.5963,0.77,-0.56,-1.89
3.421878,-0.5031,-0.6568,0.5973,1.26,-0.98,-4.06
3.421878,-0.5046,-0.6544,0.5973,1.19,-0.91,-1.96
3.422472,-0.5031,-0.6544,0.5944,1.40,-1.12,-4.34
3.423069,-0.5017,-0.6544,0.5954,1.54,-0.63,-2.31
3.423666,-0.5026,-0.6529,0.5958,1.19,-1.47,-4.13
3.424263,-0.5070,-0.6544,0.5988,1.68,-0.28,-2.73
3.424860,-0.5085,-0.6559,0.5998,0.84,-1.12,-4.06
3.425457,-0.5080,-0.6564,0.5978,1.82,-0.84,-2.73
3.426054,-0.5075,-0.6549,0.5973,1.26,-0.98,-4.76
3.426651,-0.5085,-0.6568,0.5973,1.89,-0.56,-2.66
3.427248,-0.5109,-0.6549,0.5968,0.84,-1.19,-4.90
3.427845,-0.5090,-0.6510,0.5983,1.89,-0.35,-3.08
3.428442,-0.5046,-0.6573,0.5993,1.19,-1.19,-4.97
3.429039,-0.5046,-0.6578,0.5963,1.68,-0.14,-3.50
3.429636,-0.5075,-0.6520,0.5929,1.54,-1.26,-5.25
3.430233,-0.5075,-0.6510,0.5934,1.61,0.07,-3.29
3.430830,-0.5036,-0.6520,0.5973,1.47,-1.47,-5.39
3.431427,-0.5007,-0.6520,0.5983,1.54,-0.28,-3.29
3.432024,-0.5007,-0.6534,0.5978,1.33,-1.40,-5.39
3.432621,-0.5031,-0.6529,0.5983,1.96,-0.49,-3.64
3.433593,-0.5051,-0.6495,0.5983,1.40,-1.19,-5.46
3.434190,-0.5031,-0.6490,0.6027,1.96,-0.56,-3.71
3.434787,-0.5002,-0.6495,0.6022,1.40,-0.91,-6.09
3.435384,-0.4992,-0.6486,0.5968,2.03,-0.70,-3.71
3.435981,-0.4987,-0.6461,0.5958,1.12,-0.77,-5.88
3.436578,-0.5002,-0.6442,0.5993,2.59,-0.70,-4.27
3.437175,-0.4968,-0.6471,0.6037,2.94,-1.12,-4.55
3.437772,-0.4973,-0.6476,0.6037,0.84,-0.91,-5.53
3.438369,-0.4973,-0.6456,0.5998,2.59,-0.63,-4.83
3.438966,-0.4982,-0.6466,0.5993,0.77,-0.70,-5.53
3.439563,-0.4987,-0.6461,0.5944,2.31,-0.28,-5.39
3.440160,-0.4939,-0.6422,0.5924,1.19,-1.19,-5.53
3.440757,-0.4939,-0.6388,0.5954,2.38,-0.35,-5.18
3.441354,-0.4929,-0.6407,0.5963,0.70,-1.19,-5.39
3.441951,-0.4904,-0.6451,0.5958,2.45,-0.35,-5.04
3.442548,-0.4919,-0.6466,0.5973,0.98,-0.91,-5.53
3.443145,-0.4904,-0.6442,0.5978,2.31,-0.42,-5.04
3.443742,-0.4929,-0.6422,0.5968,1.19,-0.42,-5.60
3.444339,-0.4904,-0.6398,0.5983,2.17,-0.28,-5.39
3.445312,-0.4900,-0.6378,0.6017,1.12,-0.49,-5.53
3.445909,-0.4943,-0.6373,0.6027,2.17,-0.56,-4.97
3.446506,-0.4958,-0.6373,0.6027,1.33,-0.07,-6.02
3.447103,-0.4968,-0.6388,0.6012,1.75,-0.56,-4.97
3.447700,-0.4948,-0.6373,0.5973,1.12,-0.07,-5.60
3.448297,-0.4914,-0.6403,0.5954,1.96,-0.70,-5.11
3.448894,-0.4914,-0.6417,0.5963,1.68,-0.56,-6.02
3.449491,-0.4939,-0.6412,0.5983,1.54,-0.56,-5.11
3.450088,-0.4948,-0.6427,0.5998,1.89,-0.56,-5.32
3.450685,-0.4953,-0.6446,0.5968,1.68,-0.63,-5.39
3.451282,-0.4953,-0.6432,0.5983,1.68,-0.35,-5.18
3.451879,-0.4909,-0.6388,0.6017,1.54,-0.56,-5.53
3.452476,-0.4900,-0.6378,0.5983,1.47,-0.28,-5.04
3.453073,-0.4939,-0.6427,0.5939,1.82,-0.98,-5.25
3.453670,-0.4934,-0.6461,0.5910,1.47,-0.14,-4.69
3.454267,-0.4953,-0.6442,0.5954,1.68,-0.49,-5.18
3.454864,-0.4997,-0.6437,0.5988,1.61,-0.28,-4.48
3.455461,-0.5007,-0.6437,0.5963,1.33,-0.28,-5.46
3.456058,-0.4987,-0.6437,0.5924,1.96,-0.70,-4.48
3.456058,-0.4982,-0.6427,0.5915,1.33,0.07,-5.39
3.456651,-0.4973,-0.6427,0.5929,2.03,-0.91,-4.62
3.457248,-0.4958,-0.6437,0.5958,1.12,0.14,-5.18
3.457845,-0.4982,-0.6461,0.5988,2.38,-0.63,-4.62
3.458442,-0.5017,-0.6451,0.6007,0.98,0.21,-5.25
3.459039,-0.5026,-0.6446,0.5958,1.89,-0.84,-3.85
3.459636,-0.4987,-0.6466,0.5958,0.98,0.35,-5.46
3.460233,-0.4987,-0.6451,0.5944,2.10,-0.70,-3.99
3.460830,-0.4978,-0.6417,0.5934,0.84,0.21,-5.18
3.461427,-0.4939,-0.6398,0.5924,2.03,-0.63,-3.85
3.462024,-0.4963,-0.6388,0.5954,1.12,-0.14,-5.53
3.462621,-0.4992,-0.6388,0.5968,1.96,-0.84,-3.78
3.463218,-0.4997,-0.6422,0.5929,0.98,-0.28,-5.11
3.463815,-0.4987,-0.6412,0.5944,1.68,-0.49,-3.50
3.464412,-0.5022,-0.6359,0.5954,1.26,-0.21,-5.25
3.465009,-0.5026,-0.6344,0.5954,1.82,-0.56,-3.15
3.465606,-0.4968,-0.6368,0.5988,1.26,-0.07,-5.11
3.466203,-0.4968,-0.6388,0.5983,1.61,-0.70,-3.08
3.466800,-0.4992,-0.6378,0.5988,1.61,-0.21,-5.11
3.466800,-0.5012,-0.6393,0.5993,1.26,-0.49,-2.80
3.467394,-0.5022,-0.6422,0.5988,1.82,-0.07,-4.62
3.467991,-0.5026,-0.6398,0.5993,0.98,-0.07,-3.08
3.468588,-0.5002,-0.6373,0.5988,2.24,-0.70,-4.76
3.469185,-0.4963,-0.6378,0.6002,1.19,0.14,-2.87
3.469782,-0.4953,-0.6373,0.5973,2.10,-0.91,-4.62
3.470379,-0.4968,-0.6373,0.6041,0.98,0.21,-2.31
3.470976,-0.5002,-0.6417,0.6017,1.19,-0.21,-2.24
3.471573,-0.4963,-0.6407,0.5963,1.19,-0.77,-4.06
3.472170,-0.4919,-0.6378,0.5988,1.33,0.00,-2.87
3.472767,-0.4939,-0.6393,0.6012,1.05,-0.63,-3.64
3.473364,-0.4963,-0.6383,0.6002,1.61,0.21,-2.73
3.473961,-0.4919,-0.6368,0.6032,0.77,-0.56,-3.29
3.474558,-0.4909,-0.6364,0.6022,1.89,-0.28,-2.24
3.475155,-0.4924,-0.6378,0.5983,0.56,-0.63,-3.43
3.475752,-0.4895,-0.6398,0.5968,1.82,-0.14,-2.17
3.476349,-0.4885,-0.6378,0.5968,0.98,-0.49,-3.08
3.476946,-0.4914,-0.6378,0.5954,1.68,-0.07,-2.38
3.477542,-0.4895,-0.6364,0.5929,0.84,-0.63,-2.80
3.478515,-0.4875,-0.6344,0.5958,1.54,0.00,-2.31
3.479112,-0.4880,-0.6368,0.5949,1.26,-0.84,-2.66
3.479709,-0.4846,-0.6368,0.5910,1.26,0.49,-2.45
3.480306,-0.4841,-0.6378,0.5905,1.05,-0.91,-1.75
3.480903,-0.4841,-0.6373,0.5905,1.19,0.28,-2.80
3.481500,-0.4807,-0.6359,0.5919,0.70,-0.70,-1.12
3.482097,-0.4792,-0.6364,0.5924,0.98,0.07,-2.59
3.482694,-0.4802,-0.6334,0.5949,1.26,-0.28,-1.82
3.483291,-0.4787,-0.6315,0.5978,0.98,0.28,-2.59
3.483888,-0.4748,-0.6359,0.5958,0.98,-0.35,-1.26
3.484485,-0.4768,-0.6373,0.5973,0.91,0.28,-2.59
3.485082,-0.4768,-0.6349,0.5954,1.47,-0.14,-1.19
3.485679,-0.4734,-0.6339,0.5939,0.98,0.21,-2.45
3.486276,-0.4729,-0.6344,0.5983,0.91,0.28,-1.19
3.486873,-0.4748,-0.6364,0.5978,1.12,0.42,-2.59
3.487470,-0.4738,-0.6339,0.5993,1.12,0.42,-1.26
3.488067,-0.4680,-0.6295,0.6002,0.98,0.35,-2.31
3.488664,-0.4695,-0.6300,0.5978,0.63,0.77,-0.84
3.489261,-0.4738,-0.6315,0.5978,1.05,0.07,-2.24
3.490234,-0.4695,-0.6310,0.5958,0.49,0.77,-0.70
3.490831,-0.4685,-0.6281,0.5929,0.91,0.21,-1.82
3.491428,-0.4729,-0.6256,0.5949,0.77,0.84,-1.05
3.492025,-0.4709,-0.6300,0.5983,0.63,-0.21,-1.40
3.492622,-0.4724,-0.6324,0.5998,0.56,1.33,-0.98
3.493219,-0.4758,-0.6266,0.6007,0.63,0.00,-1.75
3.493816,-0.4758,-0.6276,0.5978,0.91,0.21,-1.61
3.494413,-0.4768,-0.6295,0.5944,0.56,1.19,-1.05
3.495010,-0.4792,-0.6276,0.5934,0.21,0.56,-1.12
3.495607,-0.4778,-0.6266,0.5968,0.77,1.47,-0.77
3.496204,-0.4792,-0.6295,0.6022,0.07,0.42,-0.84
3.496801,-0.4826,-0.6315,0.6007,0.98,1.54,-1.05
3.497398,-0.4851,-0.6339,0.5988,0.07,0.49,-0.56
3.497995,-0.4856,-0.6320,0.6012,0.49,1.96,-1.26
3.498592,-0.4841,-0.6310,0.5988,0.28,0.49,-0.49
3.499189,-0.4841,-0.6320,0.5963,0.14,2.10,-1.26
3.499786,-0.4841,-0.6300,0.5958,0.35,0.56,-0.07
3.500383,-0.4851,-0.6276,0.5968,0.00,1.40,-0.98
3.500980,-0.4865,-0.6246,0.6002,0.56,0.84,-0.28
3.500980,-0.4885,-0.6246,0.5934,-0.14,1.54,-0.70
3.501573,-0.4885,-0.6261,0.5934,0.49,0.98,-0.42
3.502170,-0.4900,-0.6285,0.5978,-0.21,1.40,-0.77
3.502767,-0.4900,-0.6261,0.5934,-0.14,1.33,0.14
3.503364,-0.4880,-0.6251,0.5924,0.21,1.54,-0.91
3.503961,-0.4904,-0.6290,0.5949,-0.35,0.91,-0.21
3.504558,-0.4943,-0.6285,0.5949,-0.14,1.89,-0.70
3.505155,-0.4968,-0.6276,0.5939,0.07,1.05,-0.07
3.505752,-0.4958,-0.6310,0.5934,-0.35,1.68,-1.05
3.506349,-0.4939,-0.6305,0.5958,-0.07,0.91,0.00
3.506946,-0.4958,-0.6285,0.5973,-0.56,2.10,-0.70
3.507543,-0.4953,-0.6305,0.5983,-0.07,0.84,0.14
3.508140,-0.4934,-0.6295,0.5939,-0.42,1.75,-0.49
3.508737,-0.4948,-0.6266,0.5885,-0.49,1.19,-0.35
3.509334,-0.4958,-0.6281,0.5880,-0.14,1.68,-0.28
3.509931,-0.4978,-0.6281,0.5900,-0.42,1.33,-0.77
3.510528,-0.5007,-0.6290,0.5963,-0.49,1.61,0.14
3.511125,-0.5012,-0.6315,0.5958,-0.70,1.68,-1.26
3.511722,-0.4982,-0.6300,0.5924,-0.21,1.26,0.14
3.512695,-0.4929,-0.6276,0.5934,-0.98,1.82,-0.84
3.513292,-0.4929,-0.6290,0.5949,-0.28,0.63,0.21
3.513889,-0.4982,-0.6266,0.5949,-0.91,2.03,-1.61
3.514486,-0.4978,-0.6261,0.5954,-0.63,1.26,0.56
3.515083,-0.4943,-0.6276,0.5910,-0.70,1.40,-1.82
3.515680,-0.4914,-0.6251,0.5900,-1.05,1.26,0.63
3.516277,-0.4900,-0.6246,0.5895,-0.91,1.40,-2.10
3.516874,-0.4929,-0.6242,0.5880,-0.77,1.96,0.07
3.517471,-0.4953,-0.6256,0.5919,-0.84,1.26,-1.61
3.518068,-0.4963,-0.6256,0.5910,-0.98,1.47,-0.28
3.518665,-0.4963,-0.6281,0.5895,-0.77,1.61,-1.75
3.519262,-0.4963,-0.6300,0.5876,-0.91,1.47,-0.21
3.519859,-0.4958,-0.6281,0.5866,-0.84,1.47,-1.68
3.520456,-0.4987,-0.6285,0.5910,-0.84,1.33,-0.28
3.521053,-0.5012,-0.6271,0.5915,-0.91,1.40,-1.75
3.521650,-0.4997,-0.6251,0.5924,-1.19,1.40,-0.49
3.522247,-0.4992,-0.6266,0.5915,-0.63,1.54,-1.82
3.522844,-0.4968,-0.6305,0.5905,-1.54,1.40,-0.56
3.523441,-0.4978,-0.6310,0.5900,-0.42,1.40,-1.82
3.523441,-0.5007,-0.6305,0.5915,-1.47,1.33,-0.84
3.524034,-0.4992,-0.6315,0.5944,-0.91,1.33,-1.19
3.524631,-0.4968,-0.6300,0.5885,-1.47,1.33,-1.26
3.525228,-0.4997,-0.6295,0.5900,-0.91,1.12,-1.12
3.525825,-0.5012,-0.6285,0.5905,-1.19,1.40,-1.40
3.526422,-0.5046,-0.6310,0.5890,-1.12,1.19,-0.84
3.527019,-0.5085,-0.6290,0.5876,-0.98,1.47,-1.61
3.527616,-0.5070,-0.6295,0.5856,-1.19,0.70,-1.12
3.528213,-0.5022,-0.6315,0.5890,-1.33,1.89,-1.54
3.528810,-0.5022,-0.6295,0.5885,-1.19,0.84,-1.54
3.529407,-0.5041,-0.6295,0.5871,-1.40,1.75,-1.47
3.530004,-0.5041,-0.6320,0.5871,-1.12,0.77,-1.26
3.530601,-0.5051,-0.6290,0.5846,-1.40,1.47,-1.05
3.531198,-0.5061,-0.6266,0.5836,-0.98,0.70,-1.54
3.531795,-0.5031,-0.6285,0.5846,-1.75,1.54,-1.12
3.532392,-0.5022,-0.6285,0.5880,-1.26,0.77,-1.61
3.532989,-0.5046,-0.6315,0.5876,-1.19,1.40,-1.33
3.533586,-0.5061,-0.6334,0.5871,-1.61,0.98,-1.33
3.534182,-0.5017,-0.6320,0.5866,-0.91,1.12,-1.40
3.535156,-0.5012,-0.6329,0.5871,-1.82,0.98,-0.98
3.535753,-0.5022,-0.6354,0.5915,-0.70,1.12,-1.12
3.536350,-0.5007,-0.6388,0.5924,-1.75,0.98,-1.26
3.536947,-0.5002,-0.6403,0.5900,-0.70,0.91,-1.19
3.537544,-0.4963,-0.6378,0.5905,-1.89,1.26,-1.05
3.538141,-0.4958,-0.6344,0.5910,-0.77,0.77,-1.05
3.538738,-0.4997,-0.6383,0.5924,-1.96,0.91,-0.63
3.539335,-0.4997,-0.6437,0.5944,-0.84,1.12,-1.19
3.539932,-0.5002,-0.6417,0.5924,-1.68,0.84,-0.28
3.540529,-0.4982,-0.6378,0.5919,-1.12,0.84,-1.12
3.541126,-0.4992,-0.6378,0.5900,-1.47,0.42,-0.21
3.541723,-0.5007,-0.6398,0.5915,-0.91,0.84,-1.33
3.542320,-0.4968,-0.6417,0.5895,-1.33,0.77,-0.07
3.542917,-0.4973,-0.6422,0.5876,-1.26,1.05,-1.19
3.543514,-0.4968,-0.6437,0.5866,-1.12,0.49,-0.14
3.544111,-0.4973,-0.6451,0.5846,-1.54,0.84,-1.05
3.544708,-0.4963,-0.6432,0.5880,-0.35,0.35,-0.21
3.545305,-0.4943,-0.6451,0.5885,-1.75,0.70,-0.70
3.545902,-0.4982,-0.6500,0.5856,-0.49,0.49,-0.07
3.545902,-0.5017,-0.6500,0.5885,-1.61,0.63,-0.28
3.546495,-0.5022,-0.6505,0.5924,-0.49,0.84,-0.28
3.547092,-0.4997,-0.6510,0.5929,-1.33,0.28,-0.28
3.547689,-0.4953,-0.6525,0.5944,-1.05,0.77,-0.14
3.548286,-0.4900,-0.6554,0.5944,-0.91,0.49,-0.21
3.548883,-0.4904,-0.6529,0.5929,-0.84,0.84,0.14
3.549480,-0.4914,-0.6554,0.5895,-0.98,0.28,0.28
3.550077,-0.4900,-0.6603,0.5866,-0.91,1.05,-0.07
3.550674,-0.4919,-0.6578,0.5963,-0.84,0.35,0.28
3.551271,-0.4900,-0.6588,0.5900,-0.70,0.28,0.42
3.551868,-0.4904,-0.6578,0.5846,-0.70,1.05,0.14
3.552465,-0.4919,-0.6593,0.5856,-0.42,0.35,-0.14
3.553062,-0.4885,-0.6612,0.5890,-0.63,0.91,0.28
3.553659,-0.4870,-0.6608,0.5885,-0.14,0.56,0.00
3.554256,-0.4875,-0.6603,0.5890,-0.63,0.84,0.84
3.554853,-0.4885,-0.6588,0.5934,0.00,0.35,0.00
3.555450,-0.4870,-0.6578,0.5934,-0.35,0.70,0.56
3.556047,-0.4880,-0.6573,0.5949,-0.07,0.35,0.42
3.556643,-0.4870,-0.6593,0.5978,-0.35,0.77,0.70
3.557617,-0.4812,-0.6627,0.5958,0.00,0.21,0.07
3.558214,-0.4851,-0.6642,0.5958,-0.14,0.98,0.63
3.558811,-0.4890,-0.6637,0.5958,0.42,0.49,0.21
3.559408,-0.4895,-0.6642,0.5944,-0.21,1.05,0.91
3.560005,-0.4919,-0.6647,0.5954,0.42,0.35,0.21
3.560602,-0.4885,-0.6622,0.5988,-0.21,0.91,0.63
3.561199,-0.4900,-0.6603,0.5949,0.35,0.28,0.49
3.561796,-0.4914,-0.6598,0.5905,0.14,1.05,0.70
3.562393,-0.4880,-0.6583,0.5905,0.28,0.07,0.56
3.562990,-0.4860,-0.6583,0.5929,0.35,1.12,0.70
3.563587,-0.4846,-0.6598,0.5963,0.28,0.28,0.42
3.564184,-0.4841,-0.6598,0.5939,0.35,1.47,0.77
3.564781,-0.4817,-0.6593,0.5939,0.42,0.49,0.28
3.565378,-0.4826,-0.6559,0.5944,0.70,0.98,0.70
3.565975,-0.4851,-0.6564,0.5963,-0.07,0.84,0.91
3.566572,-0.4900,-0.6583,0.5963,1.05,1.12,0.70
3.567169,-0.4904,-0.6568,0.5973,0.00,0.91,0.84
3.567766,-0.4860,-0.6588,0.5973,0.98,0.98,0.77
3.568362,-0.4851,-0.6617,0.5934,0.07,0.56,0.98
3.568362,-0.4875,-0.6593,0.5944,1.12,1.47,0.35
3.568956,-0.4890,-0.6539,0.5939,0.35,0.63,1.26
3.569553,-0.4870,-0.6515,0.5919,1.19,1.68,-0.21
3.570150,-0.4885,-0.6525,0.5973,0.56,0.28,1.47
3.570747,-0.4895,-0.6554,0.6007,1.33,1.68,-0.28
3.571344,-0.4865,-0.6564,0.5978,0.70,0.35,1.61
3.571941,-0.4870,-0.6564,0.5968,1.05,1.89,-0.14
3.572538,-0.4865,-0.6564,0.5929,0.98,0.63,1.47
3.573135,-0.4831,-0.6554,0.5885,0.70,1.54,0.28
3.573732,-0.4841,-0.6554,0.5890,1.12,0.63,1.82
3.574329,-0.4841,-0.6559,0.5876,0.70,1.33,0.21
3.574926,-0.4821,-0.6578,0.5866,1.61,1.19,1.19
3.575523,-0.4851,-0.6583,0.5905,0.84,1.19,0.21
3.576120,-0.4885,-0.6603,0.5890,1.54,1.19,1.19
3.576717,-0.4875,-0.6647,0.5876,1.12,1.05,0.63
3.577314,-0.4865,-0.6637,0.5900,1.26,1.47,1.19
3.577911,-0.4870,-0.6603,0.5905,1.47,0.91,0.84
3.578508,-0.4890,-0.6608,0.5905,1.05,1.61,0.91
3.579104,-0.4890,-0.6627,0.5890,1.47,0.91,0.35
