time_s,ax_g,ay_g,az_g,gx_dps,gy_dps,gz_dps
0.000000,-0.6027,-0.6100,0.5095,2.80,7.00,1.54
0.000597,-0.6032,-0.6120,0.5085,2.59,5.67,-0.14
0.001194,-0.6027,-0.6120,0.5080,2.59,7.00,1.12
0.001791,-0.6017,-0.6129,0.5080,2.73,5.67,0.00
0.002388,-0.6071,-0.6134,0.5085,2.80,7.07,1.54
0.002985,-0.6066,-0.6134,0.5114,2.66,5.39,0.14
0.003582,-0.6012,-0.6129,0.5134,3.50,6.23,1.33
0.004179,-0.6012,-0.6129,0.5090,2.59,5.39,0.28
0.004776,-0.6032,-0.6120,0.5085,3.36,6.09,1.33
0.005373,-0.6032,-0.6110,0.5124,2.66,5.53,-0.28
0.005970,-0.6002,-0.6154,0.5124,3.64,5.74,1.47
0.006567,-0.5993,-0.6173,0.5114,2.10,5.53,-0.07
0.007164,-0.6007,-0.6139,0.5119,3.57,5.60,1.68
0.007761,-0.5958,-0.6154,0.5090,2.31,4.97,0.00
0.008358,-0.5949,-0.6183,0.5119,3.71,5.46,1.82
0.008955,-0.5958,-0.6124,0.5144,3.85,4.76,2.17
0.009552,-0.5954,-0.6129,0.5178,3.71,5.04,2.24
0.010149,-0.5944,-0.6163,0.5114,3.29,4.62,0.14
0.010746,-0.5910,-0.6173,0.5148,3.22,4.76,1.89
0.011719,-0.5915,-0.6159,0.5173,3.36,4.62,0.07
0.012316,-0.5919,-0.6168,0.5139,3.71,4.48,1.61
0.012913,-0.5924,-0.6183,0.5144,3.57,4.76,-0.07
0.013510,-0.5939,-0.6183,0.5153,3.50,4.34,1.96
0.014107,-0.5915,-0.6183,0.5119,3.43,4.76,0.07
0.014704,-0.5929,-0.6202,0.5124,3.78,3.85,1.47
0.015301,-0.5924,-0.6207,0.5139,3.50,4.90,0.21
0.015898,-0.5910,-0.6193,0.5114,3.92,3.64,1.82
0.016495,-0.5934,-0.6173,0.5119,3.29,4.76,0.56
0.017092,-0.5944,-0.6193,0.5148,4.20,3.22,1.61
0.017689,-0.5905,-0.6212,0.5178,3.29,4.55,0.56
0.018286,-0.5910,-0.6202,0.5178,4.27,3.15,1.12
0.018883,-0.5958,-0.6183,0.5158,3.64,3.92,0.77
0.019480,-0.5944,-0.6188,0.5124,3.99,3.92,0.84
0.020077,-0.5934,-0.6188,0.5134,4.13,3.64,0.63
0.020674,-0.5939,-0.6173,0.5183,3.99,3.78,1.05
0.021271,-0.5924,-0.6159,0.5183,4.27,3.29,0.63
0.021868,-0.5905,-0.6207,0.5173,3.57,3.71,1.05
0.022465,-0.5885,-0.6261,0.5158,4.34,3.22,1.12
0.023438,-0.5890,-0.6222,0.5114,4.13,3.57,0.91
0.024035,-0.5885,-0.6207,0.5109,4.27,3.29,0.84
0.024632,-0.5876,-0.6232,0.5134,4.34,3.29,1.05
0.025229,-0.5890,-0.6222,0.5148,4.27,3.29,1.12
0.025826,-0.5924,-0.6217,0.5192,4.41,3.01,0.77
0.026423,-0.5910,-0.6232,0.5192,4.34,3.01,1.05
0.027020,-0.5890,-0.6246,0.5163,4.55,3.08,0.98
0.027617,-0.5900,-0.6266,0.5183,4.27,2.80,1.12
0.028214,-0.5915,-0.6237,0.5163,4.83,3.15,1.05
0.028811,-0.5939,-0.6227,0.5173,4.20,2.66,0.91
0.029408,-0.5939,-0.6256,0.5158,4.41,3.15,0.98
0.030005,-0.5949,-0.6266,0.5153,4.62,2.17,0.91
0.030602,-0.5949,-0.6246,0.5139,4.48,2.52,1.05
0.031199,-0.5939,-0.6266,0.5148,4.55,1.89,1.68
0.031796,-0.5915,-0.6285,0.5192,4.69,2.94,0.77
0.032393,-0.5895,-0.6285,0.5183,4.83,2.24,1.54
0.032990,-0.5880,-0.6295,0.5148,4.62,2.10,1.05
0.033587,-0.5890,-0.6276,0.5158,4.97,2.31,1.26
0.034184,-0.5905,-0.6276,0.5187,4.97,2.24,1.33
0.034184,-0.5919,-0.6315,0.5207,4.97,2.03,1.05
0.034777,-0.5944,-0.6310,0.5192,5.11,2.03,1.54
0.035374,-0.5929,-0.6300,0.5158,5.18,2.24,0.84
0.035971,-0.5885,-0.6329,0.5168,4.62,2.17,2.10
0.036568,-0.5900,-0.6349,0.5187,5.46,2.10,0.00
0.037165,-0.5910,-0.6320,0.5173,4.55,2.10,2.31
0.037762,-0.5905,-0.6315,0.5153,5.81,1.68,0.21
0.038359,-0.5934,-0.6305,0.5168,4.69,2.24,2.59
0.038956,-0.5954,-0.6315,0.5173,5.88,1.68,0.35
0.039553,-0.5944,-0.6359,0.5173,4.62,2.10,2.59
0.040150,-0.5958,-0.6368,0.5163,6.37,1.61,0.07
0.040747,-0.5958,-0.6349,0.5183,4.76,1.75,2.94
0.041344,-0.5905,-0.6354,0.5192,5.18,1.96,2.87
0.041941,-0.5919,-0.6354,0.5173,6.02,0.91,0.14
0.042538,-0.5944,-0.6412,0.5148,5.32,2.31,2.87
0.043135,-0.5968,-0.6417,0.5134,5.95,0.63,0.00
0.043732,-0.5934,-0.6407,0.5183,5.46,2.45,2.73
0.044329,-0.5919,-0.6442,0.5212,5.67,0.28,0.35
0.044926,-0.5949,-0.6451,0.5192,6.23,2.17,2.73
0.045899,-0.5949,-0.6422,0.5168,5.39,0.42,0.63
0.046496,-0.5929,-0.6446,0.5168,6.51,2.24,2.80
0.047093,-0.5949,-0.6461,0.5202,5.81,0.14,0.00
0.047690,-0.5949,-0.6442,0.5207,6.93,2.31,3.36
0.048287,-0.5929,-0.6451,0.5222,5.88,-0.07,0.21
0.048884,-0.5934,-0.6471,0.5241,6.79,2.38,2.80
0.049481,-0.5944,-0.6520,0.5207,6.02,-0.21,0.07
0.050078,-0.5958,-0.6529,0.5178,6.86,2.24,2.94
0.050675,-0.5968,-0.6520,0.5163,6.09,-0.21,0.42
0.051272,-0.5954,-0.6549,0.5178,7.28,2.17,2.94
0.051869,-0.5949,-0.6554,0.5226,5.95,-0.14,0.98
0.052466,-0.5963,-0.6529,0.5256,7.42,1.47,2.73
0.053063,-0.5978,-0.6549,0.5261,6.44,0.00,0.21
0.053660,-0.6002,-0.6568,0.5231,7.35,1.68,3.15
0.054257,-0.5983,-0.6593,0.5212,6.16,0.00,0.21
0.054854,-0.5968,-0.6627,0.5251,7.84,1.40,2.73
0.055451,-0.5983,-0.6627,0.5290,6.30,-0.21,0.77
0.056048,-0.6022,-0.6666,0.5231,8.12,1.33,2.45
0.056645,-0.6056,-0.6671,0.5197,6.51,0.00,0.63
0.057618,-0.6037,-0.6632,0.5246,7.84,0.98,2.52
0.058215,-0.6007,-0.6656,0.5241,6.93,-0.28,0.56
0.058812,-0.5993,-0.6690,0.5226,8.05,1.26,2.31
0.059409,-0.5968,-0.6730,0.5251,7.49,-0.35,0.84
0.060006,-0.5973,-0.6749,0.5270,7.91,1.47,2.03
0.060603,-0.6002,-0.6759,0.5241,7.77,-0.21,0.84
0.061200,-0.6076,-0.6803,0.5241,7.98,1.05,2.10
0.061797,-0.6095,-0.6817,0.5236,8.40,-0.28,1.19
0.062394,-0.6017,-0.6812,0.5261,7.77,0.63,1.96
0.062991,-0.5973,-0.6808,0.5285,8.33,-0.14,1.05
0.063588,-0.6022,-0.6798,0.5290,8.19,0.70,1.89
0.064185,-0.5998,-0.6808,0.5290,8.40,0.21,1.05
0.064782,-0.5963,-0.6808,0.5275,8.82,0.49,1.82
0.065379,-0.6032,-0.6817,0.5280,8.89,0.21,0.63
0.065976,-0.6022,-0.6798,0.5266,8.54,0.42,1.54
0.066573,-0.5973,-0.6803,0.5256,8.75,0.21,0.84
0.067170,-0.5988,-0.6856,0.5275,8.82,0.28,1.33
0.067767,-0.6002,-0.6866,0.5300,9.10,0.70,0.56
0.068364,-0.5958,-0.6871,0.5295,9.10,-0.07,1.12
0.068364,-0.5934,-0.6900,0.5261,9.10,0.56,0.63
0.068957,-0.5973,-0.6886,0.5285,9.59,0.21,1.12
0.069554,-0.5963,-0.6876,0.5285,9.24,0.84,0.56
0.070151,-0.5919,-0.6905,0.5280,9.94,0.00,0.56
0.070748,-0.5910,-0.6891,0.5305,9.38,0.98,0.84
0.071345,-0.5919,-0.6925,0.5290,9.87,0.00,0.00
0.071942,-0.5900,-0.6925,0.5319,10.01,0.91,0.42
0.072539,-0.5885,-0.6905,0.5314,9.73,0.14,-0.35
0.073136,-0.5900,-0.6954,0.5314,10.29,1.05,0.63
0.073733,-0.5919,-0.6969,0.5363,10.22,0.35,-1.05
0.074330,-0.5910,-0.6954,0.5373,10.43,0.98,0.49
0.074927,-0.5880,-0.6949,0.5378,10.01,0.63,-1.12
0.075524,-0.5890,-0.6925,0.5378,10.78,0.70,0.91
0.076121,-0.5890,-0.6905,0.5358,10.15,1.05,-2.03
0.076718,-0.5885,-0.6930,0.5353,11.06,0.77,0.91
0.077315,-0.5885,-0.6959,0.5344,10.36,0.84,-2.52
0.077912,-0.5866,-0.6954,0.5358,11.13,1.19,0.70
0.078509,-0.5880,-0.6949,0.5373,10.57,0.77,-2.80
0.079106,-0.5885,-0.6939,0.5368,11.27,1.40,0.28
0.079106,-0.5890,-0.6900,0.5417,10.99,0.91,-3.22
0.079699,-0.5885,-0.6905,0.5417,11.41,1.47,0.14
0.080296,-0.5827,-0.6891,0.5388,11.41,0.70,-4.27
0.080893,-0.5802,-0.6861,0.5363,11.34,2.17,0.07
0.081490,-0.5797,-0.6881,0.5353,11.55,0.77,-4.62
0.082087,-0.5783,-0.6895,0.5388,11.06,2.17,-0.07
0.082684,-0.5812,-0.6915,0.5397,11.62,0.77,-4.69
0.083281,-0.5817,-0.6900,0.5383,11.20,1.89,-0.21
0.083878,-0.5807,-0.6876,0.5373,11.69,1.47,-5.25
0.084475,-0.5783,-0.6852,0.5373,11.76,1.89,-0.84
0.085072,-0.5773,-0.6842,0.5368,11.90,1.82,-5.95
0.085669,-0.5812,-0.6861,0.5344,11.48,2.10,-0.84
0.086266,-0.5793,-0.6866,0.5373,11.90,2.10,-6.30
0.086863,-0.5739,-0.6837,0.5373,12.11,2.17,-1.05
0.087460,-0.5714,-0.6788,0.5378,11.69,1.96,-6.51
0.088057,-0.5714,-0.6803,0.5402,12.18,2.31,-1.89
0.088654,-0.5705,-0.6822,0.5363,11.41,1.96,-6.72
0.089251,-0.5734,-0.6798,0.5339,12.74,2.45,-2.59
0.089848,-0.5768,-0.6749,0.5353,11.83,2.03,-7.00
0.090821,-0.5758,-0.6715,0.5383,12.46,3.01,-3.36
0.091418,-0.5719,-0.6715,0.5397,12.04,1.96,-7.14
0.092015,-0.5705,-0.6720,0.5392,12.74,3.22,-4.48
0.092612,-0.5724,-0.6730,0.5358,11.83,2.24,-6.86
0.093209,-0.5758,-0.6705,0.5339,12.74,3.78,-5.25
0.093806,-0.5749,-0.6671,0.5363,11.97,2.03,-6.93
0.094403,-0.5744,-0.6671,0.5358,12.67,4.06,-5.74
0.095000,-0.5714,-0.6666,0.5339,12.18,2.24,-7.21
0.095597,-0.5710,-0.6642,0.5314,12.53,3.78,-6.86
0.096194,-0.5754,-0.6656,0.5314,12.39,2.45,-7.14
0.096791,-0.5763,-0.6642,0.5344,12.46,3.92,-7.35
0.097388,-0.5783,-0.6608,0.5329,12.18,2.52,-7.63
0.097985,-0.5783,-0.6578,0.5314,12.32,4.55,-7.56
0.098582,-0.5763,-0.6520,0.5324,12.11,2.94,-7.84
0.099179,-0.5744,-0.6495,0.5314,12.60,4.06,-8.40
0.099776,-0.5754,-0.6515,0.5329,11.97,3.22,-7.77
0.100373,-0.5734,-0.6500,0.5319,12.46,4.13,-9.38
0.100970,-0.5710,-0.6442,0.5300,12.04,3.57,-8.33
0.101567,-0.5724,-0.6403,0.5300,12.67,4.06,-9.59
0.101567,-0.5729,-0.6407,0.5275,12.04,3.99,-8.40
0.102160,-0.5729,-0.6393,0.5261,12.18,3.71,-9.80
0.102757,-0.5719,-0.6349,0.5241,11.97,4.34,-8.75
0.103354,-0.5724,-0.6324,0.5246,11.90,4.13,-10.43
0.103951,-0.5749,-0.6324,0.5285,12.04,4.48,-9.31
0.104548,-0.5749,-0.6276,0.5290,12.11,4.13,-10.50
0.105145,-0.5710,-0.6246,0.5270,11.76,4.83,-9.17
0.105742,-0.5695,-0.6261,0.5246,11.97,4.34,-11.55
0.106339,-0.5724,-0.6261,0.5236,11.41,5.18,-9.38
0.106936,-0.5763,-0.6246,0.5212,11.90,4.55,-11.90
0.107533,-0.5768,-0.6212,0.5222,11.13,5.04,-9.59
0.108130,-0.5749,-0.6183,0.5251,11.90,4.69,-12.67
0.108727,-0.5734,-0.6178,0.5246,10.71,5.18,-9.17
0.109324,-0.5754,-0.6183,0.5236,11.90,4.97,-13.23
0.109921,-0.5812,-0.6178,0.5222,10.71,5.18,-9.59
0.110518,-0.5793,-0.6173,0.5222,11.48,4.83,-13.51
0.111115,-0.5783,-0.6129,0.5212,10.57,5.46,-9.73
0.111712,-0.5817,-0.6100,0.5226,11.06,4.76,-13.72
0.112309,-0.5851,-0.6066,0.5212,10.78,5.32,-10.29
0.112309,-0.5836,-0.6051,0.5192,10.36,5.11,-13.72
0.112902,-0.5812,-0.6046,0.5168,10.71,5.53,-10.43
0.113499,-0.5817,-0.6012,0.5153,9.94,5.32,-13.86
0.114096,-0.5846,-0.5988,0.5168,10.57,5.53,-10.29
0.114693,-0.5856,-0.5958,0.5173,9.73,5.74,-14.28
0.115290,-0.5836,-0.5973,0.5187,10.43,5.39,-10.50
0.115887,-0.5846,-0.5988,0.5158,8.75,5.67,-13.93
0.116484,-0.5861,-0.5929,0.5158,10.71,5.39,-10.64
0.117081,-0.5880,-0.5876,0.5192,8.68,5.32,-14.14
0.117678,-0.5866,-0.5890,0.5173,10.29,5.60,-11.06
0.118275,-0.5846,-0.5900,0.5129,8.61,5.18,-14.21
0.118872,-0.5827,-0.5866,0.5139,9.59,5.60,-11.41
0.119469,-0.5817,-0.5866,0.5178,8.54,5.46,-14.14
0.120066,-0.5846,-0.5876,0.5187,9.45,5.39,-11.13
0.120663,-0.5832,-0.5822,0.5178,8.05,6.02,-14.63
0.121260,-0.5817,-0.5797,0.5144,8.75,5.74,-11.27
0.121857,-0.5856,-0.5773,0.5129,8.26,6.02,-14.77
0.122454,-0.5876,-0.5734,0.5124,8.47,5.60,-11.48
0.123051,-0.5851,-0.5734,0.5114,7.77,6.16,-14.35
0.124024,-0.5793,-0.5705,0.5080,7.98,5.18,-11.62
0.124621,-0.5773,-0.5690,0.5061,7.56,5.81,-14.07
0.125218,-0.5797,-0.5680,0.5080,7.77,5.53,-12.11
0.125815,-0.5807,-0.5671,0.5031,7.14,6.44,-13.79
0.126412,-0.5788,-0.5661,0.5017,7.28,5.18,-11.90
0.127009,-0.5817,-0.5656,0.5065,6.86,6.30,-13.86
0.127606,-0.5856,-0.5627,0.5046,7.00,5.25,-12.53
0.128203,-0.5817,-0.5568,0.5046,6.02,6.86,-13.79
0.128800,-0.5812,-0.5597,0.5046,7.14,5.18,-12.60
0.129397,-0.5836,-0.5622,0.5051,5.74,6.79,-13.93
0.129994,-0.5832,-0.5627,0.5085,6.51,5.11,-12.53
0.130591,-0.5836,-0.5607,0.5070,5.18,6.16,-13.86
0.131188,-0.5812,-0.5558,0.5051,6.23,5.67,-12.46
0.131785,-0.5807,-0.5558,0.5017,4.90,6.16,-13.16
0.132382,-0.5846,-0.5568,0.5017,5.39,5.88,-12.74
0.132979,-0.5832,-0.5519,0.5026,4.90,5.74,-14.07
0.133576,-0.5807,-0.5485,0.5017,5.11,6.23,-12.53
0.134173,-0.5827,-0.5514,0.5041,4.48,5.53,-13.37
0.134770,-0.5841,-0.5495,0.5046,4.41,6.30,-12.67
0.134770,-0.5836,-0.5485,0.4997,4.83,5.46,-13.02
0.135363,-0.5832,-0.5524,0.4987,3.57,6.72,-12.88
0.135960,-0.5832,-0.5519,0.5026,4.55,5.25,-12.95
0.136557,-0.5812,-0.5519,0.5026,3.22,6.51,-13.02
0.137154,-0.5836,-0.5505,0.5031,3.99,5.74,-12.53
0.137751,-0.5822,-0.5480,0.4997,2.80,6.58,-13.09
0.138348,-0.5773,-0.5461,0.4997,3.71,5.46,-12.46
0.138945,-0.5817,-0.5466,0.4982,2.52,6.09,-13.16
0.139542,-0.5822,-0.5495,0.4997,3.22,5.67,-12.18
0.140139,-0.5827,-0.5456,0.5041,2.31,5.95,-12.88
0.140736,-0.5871,-0.5436,0.4978,2.52,6.09,-12.25
0.141333,-0.5827,-0.5427,0.4943,2.38,6.02,-13.16
0.141930,-0.5773,-0.5436,0.4968,1.82,5.95,-11.48
0.142527,-0.5793,-0.5446,0.4987,1.82,5.88,-13.16
0.143124,-0.5807,-0.5436,0.4982,1.33,6.23,-11.83
0.143721,-0.5802,-0.5446,0.4968,1.61,5.81,-12.53
0.144318,-0.5783,-0.5466,0.4934,0.98,6.37,-13.16
0.144915,-0.5822,-0.5456,0.4948,0.63,6.16,-11.13
0.145512,-0.5841,-0.5466,0.4963,0.63,6.30,-12.88
0.146485,-0.5802,-0.5475,0.4924,0.21,6.44,-10.99
0.147082,-0.5768,-0.5466,0.4890,0.07,6.09,-12.46
0.147679,-0.5754,-0.5495,0.4904,0.21,6.44,-11.27
0.148276,-0.5754,-0.5519,0.4939,-0.07,6.09,-12.04
0.148873,-0.5739,-0.5485,0.4958,-0.28,6.30,-11.06
0.149470,-0.5729,-0.5475,0.4973,-0.56,6.37,-12.74
0.150067,-0.5734,-0.5480,0.4924,-0.63,6.16,-10.85
0.150664,-0.5705,-0.5505,0.4919,-0.98,6.51,-12.53
0.151261,-0.5700,-0.5553,0.4948,-0.91,6.23,-10.50
0.151858,-0.5680,-0.5534,0.4939,-1.33,6.58,-12.60
0.152455,-0.5666,-0.5529,0.4904,-0.84,6.37,-10.57
0.153052,-0.5714,-0.5578,0.4890,-1.96,6.79,-12.39
0.153649,-0.5700,-0.5602,0.4880,-1.33,6.58,-10.57
0.154246,-0.5671,-0.5602,0.4880,-2.10,6.72,-12.04
0.154843,-0.5680,-0.5607,0.4900,-1.40,6.86,-11.06
0.155440,-0.5671,-0.5612,0.4880,-2.17,6.44,-11.76
0.156037,-0.5666,-0.5636,0.4870,-2.10,7.42,-10.85
0.156634,-0.5661,-0.5661,0.4875,-2.24,6.44,-11.48
0.157231,-0.5685,-0.5632,0.4904,-2.59,7.91,-10.71
0.157231,-0.5685,-0.5627,0.4943,-2.38,6.51,-11.27
0.157824,-0.5656,-0.5680,0.4943,-3.08,7.77,-10.15
0.158421,-0.5641,-0.5705,0.4934,-2.31,6.65,-11.27
0.159018,-0.5651,-0.5705,0.4929,-3.57,7.91,-10.29
0.159615,-0.5641,-0.5749,0.4909,-2.45,6.86,-11.27
0.160212,-0.5602,-0.5793,0.4919,-3.57,8.19,-9.94
0.160809,-0.5573,-0.5802,0.4924,-2.80,6.79,-10.85
0.161406,-0.5544,-0.5817,0.4934,-3.64,8.40,-10.08
0.162003,-0.5553,-0.5836,0.4914,-3.29,7.21,-10.85
0.162600,-0.5558,-0.5846,0.4914,-3.43,8.19,-10.29
0.163197,-0.5553,-0.5880,0.4934,-3.57,7.91,-10.43
0.163794,-0.5588,-0.5973,0.4919,-3.50,8.33,-10.01
0.164391,-0.5602,-0.5958,0.4929,-3.78,7.91,-10.29
0.164988,-0.5607,-0.5915,0.4919,-3.50,8.19,-10.01
0.165585,-0.5617,-0.5973,0.4958,-3.92,7.91,-10.50
0.166182,-0.5588,-0.6046,0.4953,-4.13,7.98,-10.22
0.166779,-0.5597,-0.6046,0.4982,-3.22,9.10,-9.59
0.167376,-0.5544,-0.6051,0.5007,-4.20,8.05,-10.36
0.167973,-0.5505,-0.6080,0.4997,-3.43,9.45,-9.80
0.168946,-0.5505,-0.6139,0.4968,-4.62,8.54,-9.80
0.169543,-0.5539,-0.6198,0.4953,-3.43,9.38,-9.03
0.170140,-0.5539,-0.6227,0.4963,-4.48,8.75,-10.15
0.170737,-0.5495,-0.6276,0.4982,-3.50,9.59,-8.96
0.171334,-0.5436,-0.6305,0.5012,-4.48,9.38,-10.64
0.171931,-0.5456,-0.6334,0.5022,-3.64,9.59,-8.54
0.172528,-0.5485,-0.6412,0.5031,-4.20,9.94,-10.71
0.173125,-0.5524,-0.6461,0.5031,-3.50,10.01,-8.33
0.173722,-0.5592,-0.6495,0.5012,-4.13,10.29,-10.57
0.174319,-0.5627,-0.6559,0.5002,-3.36,10.01,-8.96
0.174916,-0.5622,-0.6539,0.4982,-3.85,10.15,-10.78
0.175513,-0.5627,-0.6451,0.4948,-3.22,10.22,-9.03
0.176110,-0.5651,-0.6383,0.4948,-4.13,10.29,-10.29
0.176707,-0.5685,-0.6354,0.4992,-2.80,10.36,-9.38
0.177304,-0.5724,-0.6398,0.5026,-3.99,10.50,-10.78
0.177901,-0.5695,-0.6476,0.5012,-2.73,10.57,-9.73
0.178498,-0.5685,-0.6559,0.4997,-3.57,10.99,-10.99
0.179095,-0.5680,-0.6622,0.4992,-3.01,10.64,-9.66
0.179692,-0.5641,-0.6612,0.4978,-3.43,11.90,-11.06
0.179692,-0.5641,-0.6578,0.4968,-2.59,10.78,-10.78
0.180285,-0.5656,-0.6573,0.4987,-2.94,12.04,-11.27
0.180882,-0.5627,-0.6598,0.4987,-2.52,11.06,-10.92
0.181479,-0.5592,-0.6661,0.4973,-3.01,12.18,-11.41
0.182076,-0.5578,-0.6725,0.4992,-2.31,11.34,-11.62
0.182673,-0.5597,-0.6759,0.5002,-3.08,12.53,-11.34
0.183270,-0.5592,-0.6788,0.5002,-1.89,11.83,-12.04
0.183867,-0.5539,-0.6808,0.4987,-2.52,12.39,-11.62
0.184464,-0.5505,-0.6822,0.4992,-1.75,12.39,-12.60
0.185061,-0.5470,-0.6856,0.5031,-1.96,12.60,-11.76
0.185658,-0.5485,-0.6866,0.5036,-1.89,12.60,-13.09
0.186255,-0.5505,-0.6905,0.5026,-1.40,12.67,-11.76
0.186852,-0.5466,-0.6988,0.5017,-2.10,13.51,-13.37
0.187449,-0.5431,-0.6983,0.5017,-0.70,12.46,-11.69
0.188046,-0.5446,-0.6964,0.5017,-2.17,13.86,-14.14
0.188643,-0.5461,-0.6969,0.4978,-0.77,13.37,-11.69
0.189240,-0.5456,-0.6969,0.4982,-1.05,13.65,-14.98
0.189837,-0.5470,-0.6993,0.5012,-0.63,14.14,-11.76
0.190434,-0.5480,-0.7027,0.4987,-0.84,13.51,-15.33
0.191407,-0.5461,-0.7042,0.4987,0.07,14.28,-12.46
0.192004,-0.5446,-0.7032,0.4987,-0.63,13.86,-15.61
0.192601,-0.5470,-0.7042,0.5002,0.42,14.84,-12.74
0.193198,-0.5485,-0.7076,0.5007,-0.28,13.86,-15.68
0.193795,-0.5495,-0.7086,0.5012,0.70,15.12,-13.02
0.194392,-0.5529,-0.7037,0.5036,0.14,14.42,-15.75
0.194989,-0.5539,-0.6998,0.5026,0.98,15.40,-13.30
0.195586,-0.5529,-0.7032,0.4987,0.35,14.70,-16.38
0.196183,-0.5549,-0.7076,0.4973,1.68,15.68,-13.93
0.196780,-0.5578,-0.7110,0.5002,0.56,14.84,-16.87
0.197377,-0.5578,-0.7125,0.5031,1.89,15.68,-14.00
0.197974,-0.5549,-0.7139,0.5061,1.05,15.47,-16.66
0.198571,-0.5612,-0.7130,0.5041,2.45,16.03,-14.14
0.199168,-0.5661,-0.7164,0.5036,2.31,16.31,-14.28
0.199765,-0.5666,-0.7183,0.5031,2.17,15.82,-17.99
0.200362,-0.5661,-0.7208,0.5026,2.73,16.66,-14.84
0.200959,-0.5651,-0.7232,0.5036,2.52,16.17,-17.78
0.201556,-0.5671,-0.7237,0.5065,3.08,16.80,-15.40
0.202153,-0.5666,-0.7257,0.5090,2.66,16.24,-17.64
0.203125,-0.5612,-0.7261,0.5075,3.99,17.22,-16.24
0.203722,-0.5685,-0.7305,0.5075,5.11,17.85,-17.50
0.204319,-0.5695,-0.7310,0.5051,5.32,18.97,-18.62
0.204916,-0.5705,-0.7310,0.5065,4.55,16.52,-17.43
0.205513,-0.5734,-0.7315,0.5100,5.46,18.97,-18.97
0.206110,-0.5739,-0.7320,0.5104,5.04,16.73,-17.71
0.206707,-0.5695,-0.7364,0.5124,6.30,19.18,-19.53
0.207304,-0.5671,-0.7340,0.5153,5.81,16.45,-17.64
0.207901,-0.5710,-0.7354,0.5129,6.58,19.60,-20.23
0.208498,-0.5744,-0.7364,0.5100,6.30,16.66,-17.78
0.209095,-0.5724,-0.7364,0.5061,7.07,19.74,-21.07
0.209692,-0.5700,-0.7349,0.5070,7.00,19.60,-21.07
0.210289,-0.5710,-0.7369,0.5070,7.49,17.71,-18.41
0.210886,-0.5714,-0.7393,0.5075,7.42,19.53,-21.56
0.211483,-0.5710,-0.7398,0.5046,8.12,18.13,-19.11
0.212080,-0.5695,-0.7359,0.5061,7.70,19.32,-21.63
0.212677,-0.5680,-0.7364,0.5056,8.61,18.27,-19.53
0.213274,-0.5705,-0.7374,0.5031,7.84,19.67,-22.19
0.213871,-0.5714,-0.7349,0.5017,9.38,18.06,-20.02
0.216797,-0.5724,-0.7393,0.5026,8.26,20.16,-22.75
0.217394,-0.5700,-0.7447,0.5036,9.73,18.48,-20.51
0.217991,-0.5666,-0.7442,0.5070,8.61,20.23,-23.17
0.218588,-0.5680,-0.7408,0.5104,10.43,18.76,-20.93
0.219185,-0.5685,-0.7388,0.5056,8.96,20.09,-23.52
0.219782,-0.5710,-0.7408,0.5031,11.13,18.62,-21.56
0.220379,-0.5768,-0.7437,0.5051,9.31,20.30,-23.80
0.220976,-0.5744,-0.7427,0.5022,11.48,18.90,-21.63
0.221573,-0.5719,-0.7442,0.5065,11.76,19.53,-23.17
0.222170,-0.5749,-0.7427,0.5080,10.57,20.02,-23.80
0.222767,-0.5754,-0.7408,0.5046,11.62,20.23,-23.31
0.223364,-0.5754,-0.7413,0.5051,10.99,20.16,-24.01
0.223961,-0.5793,-0.7403,0.5065,12.60,20.30,-24.57
0.224558,-0.5817,-0.7408,0.5056,11.34,20.23,-24.22
0.225155,-0.5822,-0.7422,0.5065,12.53,20.23,-24.99
0.225752,-0.5812,-0.7418,0.5061,12.18,20.51,-24.71
0.226349,-0.5812,-0.7427,0.5051,13.09,20.44,-25.55
0.226946,-0.5827,-0.7466,0.5104,12.39,20.44,-24.71
0.227543,-0.5846,-0.7437,0.5139,13.23,20.30,-25.97
0.228516,-0.5846,-0.7403,0.5139,13.30,20.16,-25.13
0.229113,-0.5822,-0.7393,0.5109,13.37,20.65,-26.53
0.229710,-0.5841,-0.7403,0.5080,14.21,20.23,-26.04
0.230307,-0.5890,-0.7418,0.5114,13.51,20.44,-26.74
0.230904,-0.5924,-0.7393,0.5114,14.42,20.79,-26.46
0.231501,-0.5944,-0.7374,0.5100,14.21,20.16,-27.51
0.232098,-0.5944,-0.7374,0.5100,14.56,21.07,-26.60
0.232695,-0.5949,-0.7364,0.5080,15.33,21.00,-27.58
0.233292,-0.5939,-0.7393,0.5080,14.77,20.23,-28.21
0.233889,-0.5983,-0.7398,0.5114,15.26,21.07,-27.65
0.234486,-0.5993,-0.7398,0.5119,15.19,20.16,-28.91
0.235083,-0.5968,-0.7408,0.5085,15.75,20.72,-28.14
0.235680,-0.5993,-0.7413,0.5041,15.68,20.58,-29.96
0.236277,-0.6007,-0.7403,0.5046,16.17,20.65,-28.35
0.236874,-0.6012,-0.7418,0.5085,15.96,20.93,-30.94
0.237471,-0.6051,-0.7398,0.5114,16.31,20.44,-28.63
0.238068,-0.6090,-0.7379,0.5139,16.59,21.21,-31.50
0.238665,-0.6076,-0.7388,0.5114,16.59,20.30,-29.33
0.239262,-0.6085,-0.7422,0.5109,16.87,21.07,-32.13
0.240235,-0.6124,-0.7408,0.5144,17.22,20.09,-29.89
0.240832,-0.6124,-0.7369,0.5144,16.87,21.21,-32.27
0.241429,-0.6129,-0.7335,0.5144,17.71,20.16,-30.66
0.242026,-0.6144,-0.7320,0.5144,17.29,21.35,-33.11
0.242623,-0.6159,-0.7291,0.5109,17.71,19.67,-31.22
0.243220,-0.6168,-0.7266,0.5119,17.29,21.21,-33.46
0.243817,-0.6193,-0.7281,0.5104,18.41,19.81,-31.92
0.244414,-0.6217,-0.7257,0.5090,17.92,21.14,-33.95
0.245011,-0.6237,-0.7232,0.5119,17.92,20.02,-32.83
0.245608,-0.6251,-0.7222,0.5139,18.34,21.49,-34.44
0.246205,-0.6261,-0.7218,0.5163,18.48,19.53,-33.67
0.246802,-0.6271,-0.7115,0.5144,18.20,20.02,-34.37
0.247399,-0.6295,-0.7081,0.5163,19.18,20.79,-35.70
0.247996,-0.6290,-0.7081,0.5163,18.27,19.88,-35.49
0.248593,-0.6324,-0.7086,0.5134,18.97,20.37,-35.77
0.249190,-0.6324,-0.7091,0.5173,18.90,19.88,-36.12
0.249787,-0.6266,-0.7076,0.5212,19.32,20.79,-36.82
0.250384,-0.6281,-0.7022,0.5197,19.11,19.53,-36.89
0.250981,-0.6349,-0.6983,0.5153,19.32,20.58,-37.45
0.251954,-0.6359,-0.7008,0.5202,19.39,19.39,-37.59
0.252551,-0.6334,-0.7027,0.5226,19.11,20.30,-37.59
0.253148,-0.6305,-0.6974,0.5158,19.88,19.11,-38.50
0.253745,-0.6276,-0.6930,0.5183,19.60,20.02,-38.36
0.254342,-0.6281,-0.6910,0.5207,19.88,19.11,-39.20
0.254939,-0.6266,-0.6891,0.5197,19.67,19.81,-38.64
0.255536,-0.6251,-0.6861,0.5222,19.81,18.97,-39.83
0.256133,-0.6261,-0.6832,0.5212,19.46,20.23,-39.48
0.256730,-0.6256,-0.6808,0.5217,20.30,18.76,-40.67
0.257327,-0.6256,-0.6812,0.5202,19.74,19.95,-40.04
0.257924,-0.6242,-0.6783,0.5178,20.02,18.48,-41.02
0.258521,-0.6198,-0.6715,0.5226,20.02,20.37,-41.16
0.259118,-0.6183,-0.6695,0.5226,20.02,18.55,-41.58
0.259715,-0.6188,-0.6695,0.5197,19.81,20.02,-41.86
0.260312,-0.6178,-0.6642,0.5236,20.16,18.76,-42.00
0.260909,-0.6163,-0.6612,0.5222,19.95,19.11,-42.21
0.261506,-0.6129,-0.6622,0.5168,20.09,18.62,-42.49
0.262103,-0.6110,-0.6583,0.5197,19.46,19.25,-42.70
0.262700,-0.6139,-0.6534,0.5236,19.88,18.55,-42.91
0.262700,-0.6163,-0.6510,0.5226,20.16,18.90,-43.61
0.263293,-0.6149,-0.6490,0.5212,19.74,19.04,-43.26
0.263890,-0.6129,-0.6442,0.5251,20.30,18.69,-44.17
0.264487,-0.6115,-0.6378,0.5241,19.18,19.11,-43.26
0.265084,-0.6129,-0.6359,0.5226,20.37,18.76,-44.94
0.265681,-0.6115,-0.6305,0.5241,19.11,19.11,-44.03
0.266278,-0.6085,-0.6251,0.5290,18.62,19.18,-44.45
0.266875,-0.6085,-0.6217,0.5290,20.51,17.71,-45.57
0.267472,-0.6115,-0.6183,0.5270,18.83,19.04,-45.71
0.268069,-0.6129,-0.6149,0.5280,20.16,17.78,-45.57
0.268666,-0.6105,-0.6110,0.5319,18.55,18.90,-45.36
0.269263,-0.6071,-0.6076,0.5329,19.88,18.06,-46.69
0.269860,-0.6110,-0.6056,0.5309,18.97,18.20,-46.13
0.270457,-0.6100,-0.6022,0.5290,19.18,18.55,-46.76
0.271054,-0.6076,-0.6012,0.5300,18.69,17.92,-45.99
0.271651,-0.6090,-0.5983,0.5363,18.90,18.69,-47.25
0.272248,-0.6066,-0.5978,0.5363,18.62,17.64,-45.71
0.272845,-0.6061,-0.5944,0.5373,18.69,18.20,-47.46
0.273442,-0.6061,-0.5910,0.5412,18.34,17.78,-46.41
0.274414,-0.6056,-0.5880,0.5388,18.48,18.20,-47.60
0.275011,-0.6041,-0.5827,0.5402,18.13,17.64,-46.27
0.275608,-0.6037,-0.5812,0.5431,18.27,18.48,-47.95
0.276205,-0.6037,-0.5802,0.5412,17.85,17.50,-46.48
0.276802,-0.6051,-0.5744,0.5407,17.99,18.13,-48.44
0.277399,-0.6066,-0.5714,0.5427,17.71,17.29,-46.62
0.277996,-0.6071,-0.5744,0.5451,17.85,17.50,-48.72
0.278593,-0.6066,-0.5695,0.5490,17.01,17.92,-47.11
0.279190,-0.6076,-0.5627,0.5500,17.22,17.43,-48.44
0.279787,-0.6090,-0.5632,0.5470,16.59,17.99,-47.39
0.280384,-0.6090,-0.5641,0.5446,16.80,17.43,-48.37
0.280981,-0.6090,-0.5622,0.5461,16.24,17.43,-47.18
0.281578,-0.6100,-0.5592,0.5456,16.80,16.94,-49.00
0.282175,-0.6120,-0.5588,0.5490,15.96,17.22,-47.11
0.282772,-0.6124,-0.5549,0.5524,15.96,17.29,-49.07
0.283369,-0.6144,-0.5514,0.5466,15.82,17.08,-47.25
0.283966,-0.6178,-0.5495,0.5446,15.68,17.50,-49.35
0.284563,-0.6134,-0.5500,0.5451,15.82,16.66,-47.04
0.285160,-0.6144,-0.5470,0.5417,14.91,17.22,-49.49
0.285160,-0.6173,-0.5461,0.5456,15.40,16.52,-46.69
0.285754,-0.6149,-0.5436,0.5451,14.07,16.80,-49.14
0.286351,-0.6183,-0.5373,0.5417,15.05,16.87,-47.32
0.286948,-0.6222,-0.5392,0.5436,13.44,16.66,-48.58
0.287545,-0.6193,-0.5383,0.5441,14.98,16.80,-47.95
0.288142,-0.6159,-0.5368,0.5441,13.02,16.31,-48.37
0.288739,-0.6178,-0.5363,0.5417,14.28,16.45,-47.32
0.289336,-0.6198,-0.5339,0.5417,13.02,16.38,-49.14
0.289933,-0.6173,-0.5319,0.5461,13.51,16.17,-46.97
0.290530,-0.6154,-0.5309,0.5417,12.81,16.03,-48.51
0.291127,-0.6144,-0.5261,0.5441,12.32,15.96,-48.37
0.291724,-0.6110,-0.5285,0.5412,12.39,16.24,-47.46
0.292321,-0.6115,-0.5270,0.5378,12.18,16.03,-48.16
0.292918,-0.6149,-0.5231,0.5378,11.62,16.03,-47.46
0.293515,-0.6163,-0.5217,0.5353,11.97,15.96,-48.02
0.294112,-0.6149,-0.5202,0.5319,10.99,15.96,-46.83
0.294709,-0.6163,-0.5207,0.5339,11.41,15.89,-47.81
0.295306,-0.6207,-0.5236,0.5319,10.50,15.47,-47.18
0.295903,-0.6212,-0.5261,0.5314,10.99,15.54,-47.60
0.296875,-0.6222,-0.5280,0.5339,10.43,15.33,-47.11
0.297472,-0.6202,-0.5275,0.5309,10.50,15.47,-47.32
0.298069,-0.6212,-0.5266,0.5305,9.87,15.26,-46.48
0.298666,-0.6232,-0.5290,0.5300,10.01,15.47,-46.76
0.299263,-0.6227,-0.5314,0.5314,9.59,15.12,-46.20
0.299860,-0.6237,-0.5309,0.5314,9.24,15.61,-46.20
0.300457,-0.6276,-0.5339,0.5309,9.38,14.70,-45.92
0.301054,-0.6271,-0.5348,0.5339,9.38,14.56,-45.50
0.301651,-0.6276,-0.5373,0.5378,7.91,15.05,-45.08
0.302248,-0.6300,-0.5373,0.5378,8.89,14.91,-45.99
0.302845,-0.6290,-0.5392,0.5363,7.91,15.12,-44.24
0.303442,-0.6295,-0.5412,0.5353,8.54,14.77,-44.94
0.304039,-0.6290,-0.5407,0.5339,7.28,14.98,-43.47
0.304636,-0.6290,-0.5436,0.5358,8.12,14.77,-44.66
0.305233,-0.6329,-0.5519,0.5358,7.07,14.49,-42.77
0.305830,-0.6334,-0.5495,0.5344,7.77,14.56,-44.03
0.306427,-0.6290,-0.5500,0.5373,7.35,13.86,-42.35
0.307024,-0.6212,-0.5529,0.5363,7.07,14.91,-43.75
0.307621,-0.6188,-0.5539,0.5373,7.00,13.86,-41.65
0.308594,-0.6202,-0.5612,0.5388,6.51,14.84,-43.12
0.309191,-0.6193,-0.5627,0.5383,7.00,13.58,-41.02
0.309788,-0.6217,-0.5636,0.5392,6.09,15.12,-42.49
0.310385,-0.6193,-0.5671,0.5392,6.86,13.30,-40.25
0.310982,-0.6168,-0.5705,0.5392,5.53,15.12,-42.28
0.311579,-0.6173,-0.5739,0.5378,6.65,13.72,-39.27
0.312176,-0.6134,-0.5778,0.5402,5.18,15.26,-41.58
0.312773,-0.6115,-0.5827,0.5397,6.72,13.44,-38.78
0.313370,-0.6124,-0.5866,0.5392,5.11,15.26,-41.16
0.313967,-0.6139,-0.5910,0.5431,6.44,13.58,-38.36
0.314564,-0.6095,-0.5934,0.5456,4.83,15.05,-40.32
0.315161,-0.6061,-0.5934,0.5475,6.51,13.51,-38.01
0.315758,-0.6085,-0.5934,0.5500,4.69,14.77,-39.34
0.316355,-0.6095,-0.5954,0.5480,5.95,13.86,-37.31
0.316952,-0.6095,-0.5978,0.5485,4.83,14.56,-39.06
0.317549,-0.6071,-0.6051,0.5549,5.67,14.00,-36.82
0.318146,-0.6061,-0.6095,0.5529,5.46,14.84,-38.92
0.318743,-0.6037,-0.6085,0.5470,4.97,14.63,-36.40
0.319340,-0.6022,-0.6095,0.5495,5.67,15.05,-38.15
0.319340,-0.6037,-0.6115,0.5539,4.90,14.63,-35.84
0.319933,-0.5993,-0.6144,0.5588,5.74,14.56,-37.24
0.320530,-0.5988,-0.6183,0.5592,4.76,14.98,-35.98
0.321127,-0.5998,-0.6222,0.5583,5.46,14.84,-36.96
0.321724,-0.5929,-0.7496,0.5612,4.83,15.40,-35.77
0.322321,-0.5929,-0.6310,0.5597,5.46,15.26,-36.61
0.322918,-0.5934,-0.6364,0.5622,5.18,15.05,-35.63
0.323515,-0.5919,-0.6407,0.5656,5.32,15.96,-35.56
0.324112,-0.5900,-0.6442,0.5685,5.32,15.33,-35.70
0.324709,-0.5876,-0.6481,0.5685,5.60,15.89,-35.63
0.325306,-0.5880,-0.6525,0.5671,5.25,15.68,-35.42
0.325903,-0.5856,-0.6549,0.5690,5.60,15.89,-35.42
0.326500,-0.5802,-0.6598,0.5744,4.97,15.96,-34.93
0.327097,-0.5793,-0.6637,0.5754,5.95,16.24,-35.21
0.327694,-0.5822,-0.6686,0.5719,5.11,16.24,-34.72
0.328291,-0.5822,-0.6725,0.5749,6.65,16.87,-35.49
0.328888,-0.5778,-0.6734,0.5749,5.25,16.38,-34.23
0.329485,-0.5778,-0.6759,0.5724,6.44,16.87,-35.28
0.330082,-0.5778,-0.6788,0.5773,5.81,16.94,-34.23
0.331055,-0.5768,-0.6817,0.5802,6.37,17.15,-35.21
0.331652,-0.5802,-0.6856,0.5802,6.44,17.08,-34.44
0.332249,-0.5793,-0.6891,0.5778,6.37,17.85,-34.93
0.332846,-0.5768,-0.6920,0.5817,6.58,17.50,-34.09
0.333443,-0.5724,-0.7013,0.5866,6.51,18.55,-34.09
0.334040,-0.5734,-0.7022,0.5900,7.21,17.43,-34.51
0.334637,-0.5739,-0.7042,0.5880,7.35,19.04,-34.23
0.335234,-0.5768,-0.7071,0.5851,7.14,17.71,-34.51
0.335831,-0.5807,-0.7120,0.5880,7.77,19.74,-34.30
0.336428,-0.5832,-0.7149,0.5910,7.77,18.13,-35.00
0.337025,-0.5827,-0.7149,0.5866,8.12,20.23,-34.02
0.337622,-0.5807,-0.7169,0.5851,7.98,18.41,-35.00
0.338219,-0.5817,-0.7198,0.5851,8.40,20.37,-34.23
0.338816,-0.5812,-0.7208,0.5890,8.33,18.62,-35.21
0.339413,-0.5832,-0.7227,0.5944,8.82,20.86,-34.02
0.340010,-0.5871,-0.7252,0.5910,8.75,19.60,-35.77
0.340607,-0.5856,-0.7281,0.5929,9.17,20.72,-33.74
0.341204,-0.5866,-0.7330,0.5968,8.89,20.09,-35.77
0.341801,-0.5910,-0.7359,0.5968,10.01,21.07,-34.16
0.342774,-0.5905,-0.7383,0.5968,8.96,20.65,-36.05
0.343371,-0.5905,-0.7393,0.5973,10.57,21.42,-34.09
0.343968,-0.5910,-0.7369,0.5958,9.17,21.21,-36.47
0.344565,-0.5939,-0.7398,0.5963,10.99,21.77,-33.88
0.345162,-0.5973,-0.7447,0.5963,10.15,21.49,-36.96
0.345759,-0.6012,-0.7432,0.5949,11.20,22.40,-34.44
0.346356,-0.6051,-0.7452,0.5944,11.76,23.31,-34.51
0.346953,-0.6022,-0.7476,0.5924,11.55,21.84,-37.45
0.347550,-0.6032,-0.7471,0.5910,12.32,23.45,-35.42
0.348147,-0.6061,-0.7496,0.5939,11.55,22.12,-37.03
0.348744,-0.6090,-0.7496,0.5949,12.60,23.87,-35.84
0.349341,-0.6095,-0.7505,0.5919,12.25,22.82,-37.66
0.349938,-0.6105,-0.7520,0.5944,13.30,23.94,-36.12
0.350535,-0.6159,-0.7496,0.5988,12.53,23.31,-38.01
0.351132,-0.6154,-0.7515,0.5988,14.00,24.36,-36.68
0.351729,-0.6168,-0.7549,0.6002,13.02,23.66,-38.64
0.352326,-0.6202,-0.7564,0.6027,14.49,24.92,-37.45
0.352923,-0.6217,-0.7598,0.6007,13.37,24.22,-38.57
0.353520,-0.6237,-0.7588,0.5973,15.33,24.78,-38.22
0.354493,-0.6261,-0.7564,0.5993,14.00,24.50,-39.27
0.355090,-0.6271,-0.7564,0.5993,15.61,24.99,-38.78
0.355687,-0.6285,-0.7593,0.6002,14.56,25.13,-39.83
0.356284,-0.6295,-0.7569,0.6012,15.61,25.90,-40.67
0.356881,-0.6339,-0.7535,0.5988,16.10,25.27,-39.55
0.357478,-0.6383,-0.7554,0.5998,15.82,26.60,-41.86
0.358075,-0.6437,-0.7544,0.5983,16.73,25.20,-39.90
0.358672,-0.6432,-0.7559,0.5988,16.80,26.88,-43.12
0.359269,-0.6378,-0.7584,0.5963,17.08,25.62,-40.46
0.359866,-0.6427,-0.7544,0.5954,17.15,27.02,-43.47
0.360463,-0.6471,-0.7520,0.5998,17.57,25.41,-41.44
0.361060,-0.6476,-0.7540,0.6002,17.71,27.37,-43.75
0.361657,-0.6529,-0.7540,0.6022,18.27,26.25,-43.26
0.362254,-0.6539,-0.7530,0.6007,18.27,27.37,-44.17
0.362851,-0.6549,-0.7520,0.5978,18.97,26.60,-44.52
0.363448,-0.6593,-0.7501,0.5968,18.69,27.72,-44.10
0.364045,-0.6632,-0.7491,0.5934,19.11,26.60,-45.36
0.364642,-0.6622,-0.7481,0.5954,19.25,28.28,-44.73
0.365239,-0.6627,-0.7452,0.5983,19.95,26.74,-47.04
0.366211,-0.6695,-0.7422,0.5915,19.53,28.63,-45.22
0.366808,-0.6744,-0.7442,0.5944,20.72,26.53,-48.16
0.367405,-0.6715,-0.7437,0.5958,21.35,26.88,-49.21
0.368002,-0.6759,-0.7442,0.5939,20.37,29.05,-46.83
0.368599,-0.6822,-0.7452,0.5924,21.77,27.37,-50.47
0.369196,-0.6866,-0.7427,0.5905,21.07,28.98,-47.39
0.369793,-0.6881,-0.7408,0.5915,22.19,27.93,-51.52
0.370390,-0.6891,-0.7403,0.5900,21.28,28.77,-48.37
0.370987,-0.6910,-0.7388,0.5866,22.40,27.86,-52.36
0.371584,-0.6920,-0.7418,0.5871,21.84,28.98,-48.58
0.372181,-0.6905,-0.7408,0.5861,22.68,28.28,-53.90
0.372778,-0.6930,-0.7374,0.5846,22.96,29.05,-49.42
0.373375,-0.6983,-0.7369,0.5866,22.75,28.77,-54.67
0.373972,-0.7032,-0.7388,0.5851,23.80,28.77,-50.26
0.374569,-0.7071,-0.7379,0.5797,22.89,28.77,-55.09
0.375166,-0.7086,-0.7354,0.5822,24.43,28.91,-51.31
0.375763,-0.7096,-0.7340,0.5817,23.24,28.56,-55.93
0.376360,-0.7071,-0.7335,0.5802,24.71,29.26,-51.80
0.376957,-0.7066,-0.7325,0.5807,24.01,28.77,-57.12
0.377930,-0.7125,-0.7300,0.5817,25.06,29.26,-52.57
0.378527,-0.7169,-0.7300,0.5802,24.43,28.84,-57.54
0.379124,-0.7144,-0.7305,0.5807,24.64,29.26,-57.82
0.379721,-0.7164,-0.7242,0.5793,25.97,29.05,-54.46
0.380318,-0.7193,-0.7227,0.5754,25.13,29.40,-58.73
0.380915,-0.7237,-0.7218,0.5773,26.67,28.98,-54.88
0.381512,-0.7237,-0.7203,0.5763,25.55,29.54,-58.87
0.382109,-0.7222,-0.7159,0.5763,26.74,28.98,-55.58
0.382706,-0.7247,-0.7135,0.5773,26.46,29.33,-59.85
0.383303,-0.7281,-0.7164,0.5793,27.09,29.19,-56.28
0.383900,-0.7320,-0.7164,0.5783,26.88,29.89,-60.48
0.384497,-0.7310,-0.7149,0.5763,27.37,29.26,-56.70
0.385094,-0.7252,-0.7164,0.5768,27.58,29.54,-60.41
0.385691,-0.7286,-0.7130,0.5778,27.44,29.82,-57.05
0.386288,-0.7286,-0.7115,0.5768,27.93,29.54,-60.90
0.386885,-0.7266,-0.7110,0.5739,27.65,29.54,-57.47
0.387482,-0.7286,-0.7105,0.5729,28.21,29.40,-60.97
0.388079,-0.7286,-0.7110,0.5729,28.14,29.68,-58.10
0.388676,-0.7300,-0.7086,0.5744,28.91,29.82,-61.60
0.389649,-0.7281,-0.7032,0.5758,29.12,29.47,-58.73
0.390246,-0.7291,-0.7061,0.5768,28.98,29.26,-61.60
0.390843,-0.7325,-0.7105,0.5778,29.47,30.03,-59.71
0.391440,-0.7330,-0.7071,0.5754,29.12,29.12,-60.55
0.392037,-0.7286,-0.7017,0.5734,29.82,29.75,-59.99
0.392634,-0.7286,-0.6993,0.5793,29.47,29.54,-60.62
0.393231,-0.7310,-0.6993,0.5841,30.24,30.10,-60.34
0.393828,-0.7320,-0.6983,0.5817,29.61,29.61,-60.27
0.394425,-0.7325,-0.7003,0.5793,30.94,30.03,-60.90
0.395022,-0.7310,-0.7003,0.5807,29.89,29.89,-60.20
0.395619,-0.7310,-0.6988,0.5793,31.36,29.96,-61.32
0.396216,-0.7276,-0.6993,0.5797,30.17,29.68,-60.06
0.396813,-0.7266,-0.6998,0.5788,31.64,30.10,-61.53
0.397410,-0.7296,-0.6988,0.5797,30.59,30.17,-59.78
0.398007,-0.7315,-0.6954,0.5827,31.99,30.03,-61.39
0.398604,-0.7281,-0.6925,0.5812,31.01,29.82,-59.29
0.399201,-0.7213,-0.6969,0.5841,32.20,30.10,-61.53
0.399798,-0.7218,-0.7022,0.5905,31.57,30.03,-59.08
0.400395,-0.7218,-0.7037,0.5885,32.55,30.17,-62.16
0.400395,-0.7193,-0.6993,0.5866,32.27,30.10,-58.59
0.400988,-0.7178,-0.7032,0.5871,33.11,30.80,-58.59
0.401585,-0.7135,-0.7052,0.5871,32.48,30.24,-61.18
0.402182,-0.7091,-0.7042,0.5895,33.81,31.43,-59.08
0.402779,-0.7086,-0.7076,0.5890,32.48,30.52,-60.27
0.403376,-0.7056,-0.7115,0.5919,32.97,30.45,-60.48
0.403973,-0.7061,-0.7125,0.5934,34.79,31.43,-58.03
0.404570,-0.7086,-0.7110,0.5944,33.67,30.66,-60.55
0.405167,-0.7066,-0.7139,0.5924,35.00,31.64,-57.54
0.405764,-0.6988,-0.7164,0.5876,34.09,30.73,-60.13
0.406361,-0.6964,-0.7154,0.5890,35.42,32.41,-57.54
0.406958,-0.6964,-0.7203,0.5939,34.79,30.80,-59.99
0.407555,-0.6910,-0.7257,0.5910,35.56,32.41,-57.19
0.408152,-0.6881,-0.7232,0.5924,35.56,31.15,-59.43
0.408749,-0.6852,-0.7213,0.5944,35.56,32.83,-56.70
0.409346,-0.6842,-0.7203,0.5919,35.91,31.43,-58.94
0.409943,-0.6827,-0.7232,0.5919,35.84,33.53,-56.00
0.410540,-0.6769,-0.7252,0.5944,36.54,31.22,-58.38
0.411137,-0.6754,-0.7257,0.5934,36.12,33.46,-55.93
0.413086,-0.6749,-0.7296,0.5983,36.82,34.02,-56.28
0.413683,-0.6730,-0.7300,0.5978,37.45,31.85,-57.05
0.414280,-0.6739,-0.7291,0.5983,37.38,34.37,-55.93
0.414877,-0.6730,-0.7300,0.5978,37.87,32.90,-56.56
0.415474,-0.6686,-0.7286,0.5983,37.73,34.30,-55.86
0.416071,-0.6647,-0.7305,0.5983,38.15,33.53,-56.49
0.416668,-0.6632,-0.7349,0.5978,38.50,34.86,-55.44
0.417265,-0.6627,-0.7335,0.6022,38.64,34.16,-55.93
0.417862,-0.6578,-0.7325,0.6046,38.64,34.93,-54.74
0.418459,-0.6554,-0.7344,0.6041,38.78,34.51,-55.23
0.419056,-0.6554,-0.7320,0.6017,39.34,35.28,-54.67
0.419653,-0.6529,-0.7305,0.6027,39.69,35.21,-54.88
0.420250,-0.6525,-0.7325,0.6056,39.83,35.77,-54.25
0.420847,-0.6520,-0.7335,0.6046,40.25,35.49,-54.60
0.421444,-0.6481,-0.7300,0.6071,40.11,36.47,-54.60
0.422041,-0.6476,-0.7266,0.6071,40.81,36.19,-54.11
0.422638,-0.6461,-0.7266,0.6066,40.25,36.96,-53.69
0.423235,-0.6437,-0.7296,0.6110,41.58,36.54,-53.97
0.423832,-0.6456,-0.7291,0.6110,40.32,37.80,-53.20
0.424805,-0.6407,-0.7296,0.6154,41.72,36.89,-53.06
0.425402,-0.6334,-0.7227,0.6124,42.28,37.59,-52.92
0.425999,-0.6320,-0.7232,0.6110,41.30,38.78,-52.64
0.426596,-0.6349,-0.7276,0.6105,42.42,38.64,-52.92
0.427193,-0.6339,-0.7286,0.6149,41.93,39.06,-52.43
0.427790,-0.6324,-0.7213,0.6149,42.70,38.92,-52.50
0.428387,-0.6305,-0.7178,0.6124,42.35,39.13,-51.66
0.428984,-0.6290,-0.7203,0.6095,42.84,39.90,-52.29
0.429581,-0.6295,-0.7135,0.6124,43.05,39.90,-51.52
0.430178,-0.6281,-0.7105,0.6124,43.47,40.53,-52.08
0.430775,-0.6281,-0.7100,0.6105,43.05,40.39,-50.82
0.431372,-0.6305,-0.7091,0.6120,43.68,41.30,-52.22
0.431969,-0.6295,-0.7076,0.6105,43.40,40.81,-49.98
0.432566,-0.6271,-0.7042,0.6076,43.96,41.79,-51.87
0.433163,-0.6251,-0.7042,0.6076,43.54,41.44,-49.63
0.433760,-0.6222,-0.7027,0.6071,44.38,42.63,-51.80
0.434357,-0.6217,-0.7008,0.6061,43.89,41.93,-48.86
0.434954,-0.6237,-0.6939,0.6080,44.45,43.40,-51.94
0.435551,-0.6290,-0.6900,0.6120,44.24,42.35,-48.79
0.436524,-0.6300,-0.6905,0.6032,44.73,43.82,-51.80
0.437121,-0.6251,-0.6827,0.6080,44.66,44.66,-51.80
0.437718,-0.6290,-0.6798,0.6100,45.01,43.89,-47.81
0.438315,-0.6295,-0.6783,0.6066,44.45,45.01,-51.80
0.438912,-0.6300,-0.6730,0.6041,45.22,44.59,-47.53
0.439509,-0.6310,-0.6725,0.6051,44.87,45.43,-51.45
0.440106,-0.6290,-0.6700,0.5998,45.29,44.87,-47.25
0.440703,-0.6305,-0.6617,0.5963,44.87,46.20,-51.73
0.441300,-0.6305,-0.6525,0.5988,45.43,46.06,-47.67
0.441897,-0.6300,-0.6486,0.5963,45.01,46.55,-51.59
0.442494,-0.6329,-0.6442,0.6002,45.15,46.97,-47.04
0.443091,-0.6329,-0.6403,0.6056,45.29,46.90,-51.31
0.443688,-0.6300,-0.6403,0.6002,45.01,47.53,-46.90
0.444285,-0.6305,-0.6364,0.5988,45.22,47.53,-50.82
0.444882,-0.6305,-0.6320,0.5978,45.08,48.02,-47.18
0.445479,-0.6271,-0.6237,0.5968,45.01,48.30,-51.03
0.446076,-0.6251,-0.6159,0.6007,44.87,48.72,-47.25
0.446673,-0.6300,-0.6124,0.5988,45.22,48.58,-51.10
0.447270,-0.6339,-0.6076,0.5949,44.73,49.56,-47.25
0.447270,-0.6315,-0.6076,0.5924,44.80,49.42,-50.75
0.447863,-0.6339,-0.6046,0.5905,45.22,49.42,-47.60
0.448460,-0.6339,-0.5973,0.5876,44.24,50.12,-50.89
0.449057,-0.6368,-0.5915,0.5866,44.94,50.12,-47.25
0.449654,-0.6373,-0.5851,0.5880,44.03,50.89,-51.10
0.450251,-0.6349,-0.5797,0.5856,45.08,50.54,-47.18
0.450848,-0.6388,-0.5773,0.5846,43.54,51.45,-51.59
0.451445,-0.6373,-0.5749,0.5861,44.80,51.24,-47.25
0.452042,-0.6344,-0.5719,0.5856,42.91,52.22,-51.17
0.452639,-0.6334,-0.5675,0.5778,44.80,51.73,-47.60
0.453236,-0.6310,-0.5612,0.5714,42.77,52.57,-51.17
0.453833,-0.6320,-0.5578,0.5754,44.31,52.08,-48.02
0.454430,-0.6354,-0.5519,0.5797,42.21,53.34,-51.03
0.455027,-0.6315,-0.5475,0.5773,43.54,52.57,-48.37
0.455624,-0.6305,-0.5446,0.5739,42.07,53.27,-51.17
0.456221,-0.6320,-0.5417,0.5749,43.05,53.62,-49.28
0.456818,-0.6300,-0.5363,0.5734,41.65,54.11,-50.96
0.457415,-0.6276,-0.5309,0.5666,42.42,54.04,-49.49
0.458012,-0.6256,-0.5270,0.5646,41.93,54.88,-51.10
0.458985,-0.6266,-0.5270,0.5661,41.44,54.67,-49.77
0.459582,-0.6232,-0.5187,0.5632,41.02,55.44,-51.17
0.460179,-0.6232,-0.5212,0.5636,41.09,55.72,-50.33
0.460776,-0.6227,-0.5163,0.5636,40.25,55.93,-51.87
0.461373,-0.6227,-0.5124,0.5612,40.25,56.14,-50.19
0.461970,-0.6193,-0.5100,0.5563,39.76,56.70,-52.01
0.462567,-0.6168,-0.5075,0.5573,39.76,56.56,-50.54
0.463164,-0.6173,-0.5065,0.5578,39.20,57.40,-52.64
0.463761,-0.6188,-0.5026,0.5558,38.99,57.47,-50.26
0.464358,-0.6227,-0.4997,0.5563,38.57,57.82,-53.27
0.464955,-0.6227,-0.4963,0.5524,38.57,57.89,-50.33
0.465552,-0.6227,-0.4943,0.5480,37.80,58.38,-53.69
0.466149,-0.6237,-0.4909,0.5495,37.59,58.24,-50.75
0.466746,-0.6217,-0.4880,0.5519,37.24,59.01,-54.46
0.467343,-0.6222,-0.4895,0.5519,37.80,58.66,-50.47
0.467940,-0.6237,-0.4890,0.5480,36.33,59.57,-55.23
0.468537,-0.6202,-0.4865,0.5446,36.96,59.43,-50.68
0.469134,-0.6222,-0.4797,0.5466,35.49,59.85,-55.65
0.469731,-0.6217,-0.4758,0.5427,36.61,59.50,-51.17
0.470704,-0.6173,-0.4734,0.5402,36.33,59.99,-51.31
0.471301,-0.6198,-0.4699,0.5383,33.74,61.04,-56.63
0.471898,-0.6163,-0.4690,0.5412,34.93,60.97,-51.31
0.472495,-0.6144,-0.4685,0.5436,33.25,61.46,-57.33
0.473092,-0.6105,-0.4670,0.5451,34.51,61.32,-51.66
0.473689,-0.6100,-0.4651,0.5431,32.20,62.02,-57.33
0.474286,-0.6100,-0.4621,0.5412,33.53,62.23,-51.94
0.474883,-0.6061,-0.4607,0.5417,31.64,62.37,-57.40
0.475480,-0.6041,-0.4573,0.5397,33.04,63.07,-52.64
0.476077,-0.6027,-0.4587,0.5368,31.08,63.21,-57.75
0.476674,-0.6007,-0.4602,0.5388,32.13,63.56,-53.27
0.477271,-0.5973,-0.4592,0.5368,30.38,63.70,-57.40
0.477868,-0.5939,-0.4621,0.5358,30.73,64.19,-53.97
0.478465,-0.5934,-0.4616,0.5373,30.17,63.84,-57.33
0.479062,-0.5900,-0.4597,0.5348,29.75,64.75,-54.46
0.479659,-0.5832,-0.4621,0.5353,29.47,64.47,-58.10
0.480256,-0.5802,-0.4651,0.5378,28.84,64.96,-54.53
0.480853,-0.5778,-0.4626,0.5378,28.56,65.17,-58.52
0.481450,-0.5734,-0.4602,0.5373,28.49,65.80,-55.37
0.481450,-0.5695,-0.4573,0.5368,27.72,65.94,-58.45
0.482043,-0.5685,-0.4573,0.5353,27.86,65.73,-56.35
0.482640,-0.5656,-0.4607,0.5329,26.74,66.78,-58.66
0.483237,-0.5666,-0.4607,0.5329,26.88,66.50,-56.56
0.483834,-0.5666,-0.4636,0.5353,26.53,67.34,-58.59
0.484431,-0.5602,-0.4660,0.5329,26.04,67.27,-56.84
0.485028,-0.5583,-0.4631,0.5305,25.48,67.62,-58.52
0.485625,-0.5529,-0.4631,0.5339,25.48,68.04,-57.75
0.486222,-0.5495,-0.4641,0.5324,24.99,68.11,-58.59
0.486819,-0.5519,-0.4680,0.5314,24.64,68.88,-58.24
0.487416,-0.5470,-0.4714,0.5329,24.71,69.02,-58.59
0.488013,-0.5427,-0.4695,0.5305,23.52,69.65,-58.80
0.488610,-0.5402,-0.4680,0.5290,24.01,69.65,-58.10
0.489207,-0.5344,-0.4665,0.5261,22.89,70.00,-58.59
0.489804,-0.5314,-0.4641,0.5236,23.66,69.93,-58.31
0.490401,-0.5309,-0.4685,0.5241,22.40,70.84,-59.43
0.490998,-0.5280,-0.4763,0.5266,22.47,70.84,-58.10
0.491595,-0.5256,-0.4778,0.5251,21.91,71.33,-59.57
0.492192,-0.5231,-0.4797,0.5236,22.12,71.54,-58.17
0.493164,-0.5119,-0.4846,0.5251,21.49,72.10,-59.92
0.493761,-0.5090,-0.4865,0.5305,20.93,72.24,-60.06
0.494358,-0.5056,-0.4841,0.5266,20.44,73.01,-57.68
0.494955,-0.5017,-0.4856,0.5251,20.30,73.43,-60.06
0.495552,-0.5017,-0.4875,0.5251,20.02,74.13,-57.82
0.496149,-0.5026,-0.4919,0.5241,19.95,73.92,-60.34
0.496746,-0.5007,-0.4943,0.5241,19.25,74.76,-57.12
0.497343,-0.4953,-0.4939,0.5266,19.60,74.20,-59.99
0.497940,-0.4900,-0.4948,0.5290,18.62,75.46,-56.70
0.498537,-0.4870,-0.4973,0.5280,19.04,75.04,-59.92
0.499134,-0.4817,-0.4978,0.5290,18.48,76.30,-57.05
0.499731,-0.4821,-0.4963,0.5246,17.85,75.53,-59.78
0.500328,-0.4831,-0.4982,0.5197,18.62,77.00,-57.05
0.500925,-0.4782,-0.5002,0.5217,17.22,76.30,-59.29
0.501522,-0.4724,-0.5036,0.5285,18.27,77.77,-57.05
0.502119,-0.4714,-0.5056,0.5285,16.52,76.79,-58.03
0.502716,-0.4714,-0.5031,0.5226,18.20,78.40,-57.40
0.503313,-0.4695,-0.5046,0.5207,15.96,77.84,-57.54
0.503910,-0.4699,-0.5104,0.5197,17.71,78.82,-56.49
0.504883,-0.4680,-0.5168,0.5197,15.12,78.89,-57.26
0.505480,-0.4651,-0.5197,0.5231,17.50,78.89,-55.79
0.506077,-0.4670,-0.5231,0.5231,15.33,79.24,-57.19
0.506674,-0.4690,-0.5266,0.5217,16.52,80.01,-55.02
0.507271,-0.4651,-0.5280,0.5187,15.12,79.94,-56.56
0.507868,-0.4636,-0.5329,0.5178,16.10,80.29,-54.25
0.508465,-0.4651,-0.5348,0.5241,15.12,80.92,-56.14
0.509062,-0.4626,-0.5392,0.5285,15.68,80.92,-53.76
0.509659,-0.4597,-0.5431,0.5261,14.91,81.69,-55.65
0.510256,-0.4626,-0.5427,0.5217,15.54,81.48,-53.34
0.510853,-0.4621,-0.5446,0.5202,14.42,82.18,-54.53
0.511450,-0.4607,-0.5490,0.5192,15.19,81.90,-52.50
0.512047,-0.4612,-0.5544,0.5202,14.21,83.09,-53.69
0.512644,-0.4607,-0.5573,0.5192,14.70,83.16,-51.38
0.513241,-0.4616,-0.5578,0.5187,14.63,83.51,-53.13
0.513838,-0.4602,-0.5602,0.5212,14.70,83.09,-50.75
0.514435,-0.4602,-0.5636,0.5197,14.70,83.93,-52.15
0.515032,-0.4582,-0.5700,0.5178,13.72,84.07,-50.33
0.515629,-0.4568,-0.5744,0.5212,14.70,84.70,-50.89
0.515629,-0.4602,-0.5744,0.5187,13.93,84.00,-49.14
0.516222,-0.4616,-0.5734,0.5178,14.70,85.75,-50.82
0.516819,-0.4621,-0.5758,0.5222,13.72,84.91,-48.30
0.517416,-0.4636,-0.5817,0.5197,14.56,85.82,-49.63
0.518013,-0.4665,-0.5856,0.5197,13.65,85.47,-47.60
0.518610,-0.4685,-0.5919,0.5212,14.70,86.10,-48.44
0.519207,-0.4704,-0.5983,0.5217,13.44,85.82,-46.90
0.519804,-0.4704,-0.5988,0.5251,14.63,86.45,-47.60
0.520401,-0.4719,-0.5988,0.5256,13.37,86.31,-45.85
0.520998,-0.4734,-0.6022,0.5212,14.35,86.73,-46.48
0.521595,-0.4719,-0.6076,0.5207,14.21,86.80,-45.50
0.522192,-0.4724,-0.6168,0.5246,14.42,87.08,-45.64
0.522789,-0.4773,-0.6212,0.5251,14.49,87.22,-45.01
0.523386,-0.4836,-0.6198,0.5246,13.93,87.64,-44.24
0.523983,-0.4826,-0.6227,0.5222,14.42,87.57,-44.24
0.524580,-0.4856,-0.6285,0.5212,14.28,87.71,-43.47
0.525177,-0.4880,-0.6320,0.5226,14.35,88.20,-42.70
0.525774,-0.4900,-0.6378,0.5246,14.70,87.78,-42.07
0.526371,-0.4875,-0.6383,0.5226,14.35,88.27,-41.72
0.527344,-0.4885,-0.6403,0.5202,14.91,88.13,-41.23
0.527941,-0.4939,-0.6466,0.5222,14.77,88.41,-40.60
0.528538,-0.4973,-0.6476,0.5217,15.19,87.92,-40.88
0.529135,-0.4982,-0.6500,0.5178,15.05,88.76,-39.76
0.529732,-0.5031,-0.6559,0.5153,15.54,87.99,-39.69
0.530329,-0.5056,-0.6559,0.5202,15.47,88.69,-39.13
0.530926,-0.5051,-0.6573,0.5251,15.61,88.34,-38.78
0.531523,-0.5070,-0.6647,0.5236,15.33,89.39,-38.50
0.532120,-0.5100,-0.6695,0.5212,16.24,88.20,-38.01
0.532717,-0.5139,-0.6676,0.5183,15.40,89.04,-37.45
0.533314,-0.5139,-0.6705,0.5163,16.24,88.27,-36.96
0.533911,-0.5168,-0.6764,0.5197,15.96,88.97,-36.61
0.534508,-0.5236,-0.6739,0.5148,16.45,88.34,-36.05
0.535105,-0.5217,-0.6778,0.5119,16.31,89.18,-35.91
0.535702,-0.5192,-0.6808,0.5158,16.59,88.41,-34.86
0.536299,-0.5231,-0.6798,0.5173,17.01,88.76,-35.14
0.536896,-0.5246,-0.6866,0.5173,16.66,88.27,-33.95
0.537493,-0.5251,-0.6920,0.5168,17.64,89.11,-34.58
0.538090,-0.5309,-0.6915,0.5144,16.80,87.92,-32.90
0.538090,-0.5324,-0.6934,0.5100,17.92,88.62,-33.67
0.538683,-0.5334,-0.6954,0.5119,17.57,87.78,-32.06
0.539280,-0.5344,-0.6949,0.5178,17.92,88.83,-33.60
0.539877,-0.5383,-0.7008,0.5178,17.92,87.85,-30.94
0.540474,-0.5378,-0.7047,0.5158,18.55,88.41,-33.25
0.541071,-0.5378,-0.7032,0.5148,18.13,87.64,-29.96
0.541668,-0.5441,-0.7017,0.5129,18.55,88.06,-32.06
0.542265,-0.5441,-0.7013,0.5134,18.69,87.64,-29.54
0.542862,-0.5436,-0.7052,0.5134,18.97,87.43,-31.22
0.543459,-0.5446,-0.7110,0.5134,19.32,87.85,-29.12
0.544056,-0.5441,-0.7130,0.5129,19.18,87.22,-30.38
0.544653,-0.5461,-0.7100,0.5124,19.53,87.57,-28.28
0.545250,-0.5505,-0.7071,0.5129,19.32,86.94,-29.54
0.545847,-0.5505,-0.7105,0.5129,19.95,87.22,-28.07
0.546444,-0.5500,-0.7110,0.5114,19.74,86.94,-28.91
0.547041,-0.5534,-0.7144,0.5085,20.30,87.01,-27.16
0.547638,-0.5529,-0.7208,0.5114,20.37,86.38,-28.35
0.548235,-0.5534,-0.7213,0.5139,20.65,86.73,-26.67
0.548832,-0.5563,-0.7178,0.5104,20.58,86.45,-27.79
0.549805,-0.5573,-0.7213,0.5080,21.00,85.54,-27.37
0.550402,-0.5568,-0.7261,0.5041,21.49,86.31,-25.34
0.550999,-0.5592,-0.7266,0.5056,21.70,85.26,-26.60
0.551596,-0.5602,-0.7271,0.5046,21.98,86.38,-25.20
0.552193,-0.5612,-0.7300,0.5070,22.12,84.35,-26.25
0.552790,-0.5641,-0.7300,0.5061,22.12,85.89,-24.57
0.553387,-0.5680,-0.7300,0.5022,22.33,84.21,-25.27
0.553984,-0.5700,-0.7310,0.5056,22.61,84.98,-24.29
0.554581,-0.5685,-0.7310,0.5051,23.03,84.42,-25.34
0.555178,-0.5695,-0.7315,0.5026,23.10,84.42,-23.87
0.555775,-0.5705,-0.7325,0.5046,22.89,83.86,-25.27
0.556372,-0.5739,-0.7335,0.5046,23.45,84.14,-23.38
0.556969,-0.5793,-0.7369,0.5046,23.31,82.88,-24.78
0.557566,-0.5778,-0.7403,0.5012,23.87,83.72,-23.31
0.558163,-0.5773,-0.7432,0.4997,23.87,82.88,-24.92
0.558760,-0.5773,-0.7452,0.5036,24.29,83.37,-22.82
0.559357,-0.5778,-0.7408,0.3787,24.08,82.39,-24.15
0.559954,-0.5807,-0.7408,0.4958,24.99,82.74,-23.17
0.560551,-0.5812,-0.7471,0.4934,24.22,82.04,-23.94
0.560551,-0.5773,-0.7418,0.4978,25.13,82.46,-23.38
0.561144,-0.5768,-0.7403,0.4992,24.99,81.13,-24.08
0.561741,-0.5788,-0.7408,0.4997,25.55,82.25,-23.73
0.562338,-0.5802,-0.7383,0.4982,25.27,80.64,-23.87
0.562935,-0.5822,-0.7437,0.4992,25.97,81.34,-23.80
0.563532,-0.5788,-0.7462,0.5022,25.55,80.57,-23.73
0.564129,-0.5749,-0.7452,0.4982,26.25,80.78,-23.80
0.564726,-0.5763,-0.7427,0.4939,25.69,80.08,-23.73
0.565323,-0.5793,-0.7393,0.4948,27.02,80.29,-24.43
0.565920,-0.5841,-0.7393,0.4953,25.97,79.66,-24.01
0.566517,-0.5802,-0.7427,0.4973,27.30,80.01,-24.92
0.567114,-0.5788,-0.7447,0.4978,26.04,79.31,-24.08
0.567711,-0.5836,-0.7442,0.4948,27.72,79.45,-25.76
0.568308,-0.5832,-0.7447,0.4929,26.67,78.96,-24.22
0.568905,-0.5817,-0.7418,0.4978,28.35,78.96,-26.18
0.569502,-0.5797,-0.7418,0.4978,26.95,78.47,-24.22
0.570099,-0.5778,-0.7452,0.4948,28.14,78.40,-26.88
0.570696,-0.5749,-0.7447,0.4943,27.44,78.05,-24.85
0.571293,-0.5724,-0.7432,0.4914,28.49,77.91,-27.51
0.572266,-0.5744,-0.7462,0.4919,27.86,77.56,-25.27
0.572863,-0.5783,-0.7476,0.4939,28.63,77.28,-28.00
0.573460,-0.5763,-0.7442,0.4953,28.14,77.42,-25.90
0.574057,-0.5763,-0.7437,0.4963,28.70,76.93,-28.21
0.574654,-0.5773,-0.7442,0.4943,28.91,76.93,-26.11
0.575251,-0.5754,-0.7427,0.4943,28.98,76.23,-29.26
0.575848,-0.5749,-0.7442,0.4934,29.47,76.30,-26.74
0.576445,-0.5724,-0.7442,0.4885,28.91,76.02,-30.10
0.577042,-0.5719,-0.7457,0.4880,29.75,75.60,-27.44
0.577639,-0.5714,-0.7452,0.4904,28.91,75.39,-30.80
0.578236,-0.5758,-0.7442,0.4865,30.31,75.39,-28.49
0.578833,-0.5817,-0.7452,0.4821,29.12,74.90,-31.01
0.579430,-0.5788,-0.7471,0.4807,30.66,75.04,-29.54
0.580027,-0.5754,-0.7476,0.4797,29.40,74.13,-31.71
0.580624,-0.5739,-0.7471,0.4807,30.73,75.11,-30.87
0.581221,-0.5758,-0.7501,0.4792,29.82,73.78,-32.34
0.581818,-0.5793,-0.7486,0.4792,30.80,74.13,-31.64
0.582415,-0.5778,-0.7486,0.4821,30.52,73.50,-34.16
0.583012,-0.5749,-0.7481,0.4792,30.94,73.92,-32.20
0.583012,-0.5749,-0.7471,0.4787,30.38,73.22,-34.65
0.583605,-0.5768,-0.7525,0.4797,31.36,72.59,-33.67
0.584202,-0.5793,-0.7530,0.4748,30.80,73.22,-35.42
0.584799,-0.5773,-0.7535,0.4738,31.50,72.52,-34.51
0.585396,-0.5758,-0.7554,0.4763,31.22,73.15,-36.75
0.585993,-0.5763,-0.7554,0.4704,32.20,71.68,-35.98
0.586590,-0.5744,-0.7559,0.4685,31.29,72.73,-37.45
0.587187,-0.5749,-0.7574,0.4734,32.13,71.05,-37.24
0.587784,-0.5754,-0.7559,0.4714,31.92,72.17,-38.57
0.588381,-0.5705,-0.7554,0.4690,32.06,70.77,-38.50
0.588978,-0.5666,-0.7579,0.4719,32.27,71.82,-39.69
0.589575,-0.5661,-0.7593,0.4738,32.06,70.91,-39.69
0.590172,-0.5636,-0.7623,0.4724,33.11,71.05,-40.88
0.590769,-0.5622,-0.7637,0.4680,32.13,70.28,-40.74
0.591366,-0.5622,-0.7637,0.4670,33.39,70.70,-41.79
0.591963,-0.5578,-0.7613,0.4695,32.48,69.86,-42.28
0.592560,-0.5549,-0.7613,0.4719,33.32,70.14,-43.26
0.593157,-0.5524,-0.7603,0.4660,32.90,69.23,-43.47
0.593754,-0.5466,-0.7603,0.4660,33.95,69.86,-44.80
0.593754,-0.5431,-0.7603,0.4665,33.11,69.30,-44.80
0.594347,-0.5431,-0.7632,0.4641,34.09,69.37,-45.78
0.594944,-0.5412,-0.7657,0.4641,33.46,69.02,-46.13
0.595541,-0.5368,-0.7671,0.4670,34.16,69.16,-46.55
0.596138,-0.5348,-0.7706,0.4626,34.02,68.95,-47.74
0.596735,-0.5300,-0.7652,0.4612,34.16,68.74,-47.81
0.597332,-0.5261,-0.7623,0.4616,34.30,68.74,-49.49
0.597929,-0.5226,-0.7647,0.4616,34.30,68.25,-49.00
0.598526,-0.5183,-0.7618,0.4641,34.79,68.18,-50.68
0.599123,-0.5168,-0.7627,0.4660,34.37,67.76,-50.26
0.599720,-0.5129,-0.7681,0.4641,35.00,68.18,-51.80
0.600317,-0.5056,-0.7686,0.4602,34.51,67.55,-51.24
0.600914,-0.4987,-0.7710,0.4612,35.00,68.04,-52.78
0.601511,-0.4987,-0.7745,0.4602,35.28,67.27,-52.71
0.602108,-0.4943,-0.7769,0.4558,35.56,67.27,-54.46
0.602705,-0.4900,-0.7793,0.4558,35.28,67.41,-54.04
0.603302,-0.4865,-0.7764,0.4597,35.91,67.13,-55.09
0.603899,-0.4773,-0.7740,0.4563,35.70,67.06,-55.09
0.604496,-0.4748,-0.7769,0.4568,36.40,67.06,-56.70
0.605469,-0.4699,-0.7774,0.4568,35.56,66.78,-56.49
0.606066,-0.4651,-0.7745,0.4548,36.68,66.92,-57.61
0.606663,-0.4670,-0.7730,0.4538,36.05,66.92,-57.40
0.607260,-0.4641,-0.7754,0.4519,37.24,66.64,-58.52
0.607857,-0.4577,-0.7759,0.4553,35.98,67.13,-58.31
0.608454,-0.4538,-0.7749,0.4534,37.66,66.01,-59.78
0.609051,-0.4529,-0.7749,0.4494,35.84,67.06,-58.94
0.609648,-0.4553,-0.7701,0.4509,37.94,66.01,-60.41
0.610245,-0.4519,-0.7706,0.4509,36.68,66.57,-59.85
0.610842,-0.4465,-0.7740,0.4524,37.80,66.71,-61.25
0.611439,-0.4431,-0.7740,0.4524,37.31,66.36,-60.76
0.612036,-0.4368,-0.7701,0.4460,37.94,66.36,-62.51
0.612633,-0.4358,-0.7701,0.4455,37.80,66.15,-61.11
0.613230,-0.4348,-0.7745,0.4480,37.80,66.36,-62.93
0.613827,-0.4290,-0.7701,0.4499,38.43,65.87,-61.25
0.614424,-0.4285,-0.7652,0.4499,37.94,66.36,-63.42
0.615021,-0.4285,-0.7623,0.4509,38.64,65.59,-61.53
0.615618,-0.4270,-0.7608,0.4519,38.29,66.15,-64.33
0.616215,-0.4270,-0.7608,0.4494,39.41,65.87,-62.72
0.616215,-0.4221,-0.7569,0.4475,38.15,66.08,-64.12
0.616808,-0.4192,-0.7549,0.4509,38.43,66.22,-64.40
0.617405,-0.4177,-0.7510,0.4534,39.76,64.96,-62.44
0.618002,-0.4168,-0.7525,0.4519,38.57,65.73,-64.68
0.618599,-0.4158,-0.7544,0.4490,38.99,65.17,-64.26
0.619196,-0.4094,-0.7584,0.4446,39.90,65.66,-63.56
0.619793,-0.4094,-0.7608,0.4431,39.48,65.52,-63.91
0.620390,-0.4085,-0.7623,0.4416,39.97,65.38,-63.21
0.620987,-0.4070,-0.7603,0.4485,39.55,65.17,-63.70
0.621584,-0.4080,-0.7569,0.4490,40.11,65.38,-62.65
0.622181,-0.4041,-0.7549,0.4431,40.60,65.03,-64.12
0.622778,-0.3997,-0.7525,0.4426,39.97,65.31,-62.44
0.623375,-0.4021,-0.7540,0.4407,41.02,64.96,-63.56
0.623972,-0.4026,-0.7584,0.4426,40.18,65.31,-62.23
0.624569,-0.3997,-0.7564,0.4451,40.95,64.75,-63.07
0.625166,-0.4002,-0.7554,0.4407,40.32,64.75,-61.53
0.625763,-0.3997,-0.7554,0.4407,41.30,64.19,-62.65
0.626360,-0.4006,-0.7559,0.4416,40.53,64.89,-60.55
0.626957,-0.3987,-0.7569,0.4392,41.58,64.12,-61.88
0.628907,-0.3963,-0.7569,0.4426,40.53,64.68,-60.34
0.629504,-0.3997,-0.7579,0.4451,42.14,63.84,-61.18
0.630101,-0.4002,-0.7554,0.4431,40.95,64.96,-60.06
0.630698,-0.3982,-0.7544,0.4382,42.00,63.56,-59.85
0.631295,-0.3992,-0.7584,0.4382,41.30,64.89,-59.64
0.631892,-0.4002,-0.7593,0.4436,42.35,63.35,-59.08
0.632489,-0.3987,-0.7618,0.4416,41.51,64.82,-58.87
0.633086,-0.4002,-0.7613,0.4392,42.35,63.28,-58.24
0.633683,-0.4041,-0.7608,0.4372,41.86,64.54,-57.82
0.634280,-0.4021,-0.7627,0.4402,42.77,63.00,-57.12
0.634877,-0.4016,-0.7637,0.4431,41.79,63.98,-56.91
0.635474,-0.4070,-0.7652,0.4402,42.70,63.14,-56.07
0.636071,-0.4099,-0.7662,0.4397,42.63,63.70,-56.49
0.636668,-0.4109,-0.7637,0.4412,42.42,63.00,-54.81
0.637265,-0.4114,-0.7613,0.4436,43.26,63.21,-55.51
0.637862,-0.4114,-0.7613,0.4426,42.42,63.00,-53.55
0.638459,-0.4138,-0.7603,0.4441,43.68,62.44,-54.46
0.639056,-0.4148,-0.7623,0.4431,42.14,63.35,-52.50
0.639653,-0.4153,-0.7666,0.4392,44.24,61.81,-53.48
0.639653,-0.4226,-0.7676,0.4368,42.28,63.00,-51.80
0.640246,-0.4260,-0.7686,0.4382,44.87,61.11,-52.29
0.640843,-0.4250,-0.7671,0.4426,42.42,62.86,-50.75
0.641440,-0.4270,-0.7666,0.4397,44.66,61.32,-51.10
0.642037,-0.4304,-0.7701,0.4407,42.77,62.30,-49.42
0.642634,-0.4309,-0.7735,0.4387,45.08,60.69,-49.98
0.643231,-0.4314,-0.7764,0.4377,42.84,61.95,-48.30
0.643828,-0.4358,-0.7745,0.4426,45.36,60.69,-49.07
0.644425,-0.4372,-0.7764,0.4407,43.54,61.67,-46.97
0.645022,-0.4338,-0.7803,0.4397,45.15,60.34,-48.02
0.645619,-0.4363,-0.7764,0.4412,44.03,61.39,-45.78
0.646216,-0.4416,-0.7764,0.4431,45.64,59.92,-46.76
0.646813,-0.4455,-0.7798,0.4470,44.52,60.55,-44.66
0.647410,-0.4494,-0.7779,0.4499,45.22,59.15,-45.64
0.648007,-0.4475,-0.7818,0.4504,45.43,60.13,-43.96
0.648604,-0.4475,-0.7857,0.4475,45.15,59.15,-44.80
0.649201,-0.4519,-0.7852,0.4475,45.71,59.57,-42.00
0.649798,-0.4509,-0.7876,0.4470,45.36,59.29,-44.52
0.650395,-0.4543,-0.7876,0.4499,46.34,58.73,-40.74
0.650395,-0.4587,-0.7906,0.4534,45.50,59.08,-43.61
0.650988,-0.4573,-0.7935,0.4534,46.48,57.89,-39.20
0.651585,-0.4563,-0.7964,0.4509,45.36,58.80,-43.26
0.652182,-0.4558,-0.8008,0.4534,46.97,57.40,-37.94
0.652779,-0.4577,-0.8028,0.4548,45.71,58.52,-42.42
0.653376,-0.4597,-0.8032,0.4558,47.53,56.91,-37.03
0.653973,-0.4597,-0.8052,0.4582,45.57,58.17,-41.51
0.654570,-0.4602,-0.8096,0.4597,47.60,56.28,-35.84
0.655167,-0.4660,-0.8135,0.4607,46.27,57.61,-40.60
0.655764,-0.4714,-0.8135,0.4573,47.81,56.14,-34.58
0.656361,-0.4724,-0.8154,0.4553,46.06,56.91,-39.90
0.656958,-0.4714,-0.8198,0.4538,48.16,55.93,-34.09
0.657555,-0.4724,-0.8228,0.4548,47.18,56.28,-39.20
0.658152,-0.4753,-0.8228,0.4563,48.16,55.65,-33.39
0.658749,-0.4734,-0.8213,0.4568,47.46,55.72,-38.08
0.659346,-0.4753,-0.8228,0.4538,48.44,55.23,-33.04
0.659943,-0.4826,-0.8242,0.4485,47.60,55.16,-36.96
0.660540,-0.4860,-0.8233,0.4499,48.86,54.53,-32.83
0.661137,-0.4943,-0.8203,0.4499,48.72,53.97,-32.20
0.662110,-0.4992,-0.8218,0.4514,48.37,53.90,-35.49
0.662707,-0.5022,-0.8237,0.4514,49.07,54.11,-32.06
0.663304,-0.4982,-0.8257,0.4485,48.79,53.41,-35.28
0.663901,-0.4958,-0.8291,0.4509,48.93,53.34,-31.71
0.664498,-0.4968,-0.8340,0.4534,49.49,52.71,-34.30
0.665095,-0.4987,-0.8350,0.4538,49.49,52.78,-31.99
0.665692,-0.4973,-0.8306,0.4509,49.77,52.08,-33.25
0.666289,-0.4948,-0.8296,0.4499,49.35,52.50,-31.85
0.666886,-0.4953,-0.8296,0.4475,50.19,51.17,-32.83
0.667483,-0.4968,-0.8291,0.4475,49.49,52.22,-31.29
0.668080,-0.4982,-0.8325,0.4460,50.12,51.03,-32.34
0.668677,-0.4982,-0.8345,0.4446,50.40,51.52,-31.92
0.669274,-0.4968,-0.8355,0.4451,50.12,50.61,-31.64
0.669871,-0.4973,-0.8335,0.4490,50.68,51.10,-31.57
0.670468,-0.4973,-0.8306,0.4485,49.77,50.19,-31.22
0.671065,-0.4963,-0.8330,0.4451,51.17,50.40,-31.85
0.671662,-0.4953,-0.8359,0.4451,49.84,49.84,-30.73
0.672259,-0.4958,-0.8389,0.4455,51.80,49.63,-32.13
0.672856,-0.4978,-0.8413,0.4455,50.26,49.42,-29.68
0.673829,-0.4895,-0.8413,0.4436,51.73,49.49,-32.83
0.674426,-0.4909,-0.8389,0.4382,51.80,48.86,-32.41
0.675023,-0.4924,-0.8384,0.4412,50.82,48.86,-29.26
0.675620,-0.4904,-0.8345,0.4441,52.15,47.95,-32.48
0.676217,-0.4929,-0.8330,0.4407,51.10,48.51,-29.33
0.676814,-0.4968,-0.8379,0.4407,51.73,47.88,-32.55
0.677411,-0.4953,-0.8442,0.4441,51.80,48.23,-29.75
0.678008,-0.4958,-0.8442,0.4446,51.80,47.25,-32.55
0.678605,-0.4958,-0.8423,0.4460,52.29,47.18,-30.03
0.679202,-0.4924,-0.8447,0.4460,51.80,46.83,-32.90
0.679799,-0.4934,-0.8486,0.4465,52.57,47.04,-29.89
0.680396,-0.4978,-0.8467,0.4431,51.59,46.34,-32.76
0.680993,-0.4963,-0.8462,0.4402,52.71,46.41,-30.31
0.681590,-0.4953,-0.8506,0.4475,52.08,46.27,-33.60
0.682187,-0.4973,-0.8501,0.4451,53.27,45.85,-30.31
0.682784,-0.4939,-0.8481,0.4519,53.13,45.85,-31.08
0.683381,-0.4948,-0.8506,0.4509,52.08,45.22,-33.60
0.683978,-0.4948,-0.8516,0.4524,53.55,45.08,-32.13
0.684575,-0.4919,-0.8477,0.4538,51.94,45.08,-33.95
0.685547,-0.4939,-0.8447,0.4480,53.76,44.87,-32.55
0.686144,-0.4939,-0.8438,0.4470,52.57,44.10,-34.30
0.686741,-0.4929,-0.8447,0.4499,53.69,44.45,-33.18
0.687338,-0.4914,-0.8481,0.4504,52.36,44.10,-34.37
0.687935,-0.4880,-0.8491,0.4514,53.69,44.17,-34.09
0.688532,-0.4890,-0.8472,0.4514,52.92,43.47,-34.72
0.689129,-0.4909,-0.8472,0.4480,53.34,43.75,-34.86
0.689726,-0.4909,-0.8496,0.4451,53.27,43.19,-35.63
0.690323,-0.4885,-0.8467,0.4485,53.27,43.33,-35.56
0.690920,-0.4856,-0.8408,0.4499,53.62,42.98,-36.47
0.691517,-0.4821,-0.8423,0.4499,53.20,42.91,-36.47
0.692114,-0.4802,-0.8452,0.4480,53.90,42.63,-37.03
0.692711,-0.4782,-0.8442,0.4475,52.71,42.35,-37.45
0.693308,-0.4748,-0.8447,0.4499,54.39,42.07,-38.01
0.693905,-0.4729,-0.8442,0.4494,52.85,42.07,-38.29
0.694502,-0.4734,-0.8408,0.4475,54.11,41.86,-38.43
0.695099,-0.4724,-0.8359,0.4485,52.64,41.30,-39.20
0.695696,-0.4704,-0.8330,0.4460,54.11,42.07,-40.04
0.696293,-0.4670,-0.8320,0.4446,52.99,40.81,-39.27
0.696293,-0.4626,-0.8286,0.4436,53.90,41.86,-41.16
0.696886,-0.4597,-0.8272,0.4426,52.99,40.74,-40.53
0.697483,-0.4577,-0.8311,0.4431,53.62,41.58,-42.14
0.698080,-0.4597,-0.8272,0.4421,53.41,40.46,-41.65
0.698677,-0.4592,-0.8233,0.4416,53.41,40.95,-42.77
0.699274,-0.4563,-0.8247,0.4426,53.76,40.39,-43.47
0.699871,-0.4534,-0.8237,0.4397,53.06,40.74,-43.47
0.700468,-0.4485,-0.8242,0.4333,53.76,39.97,-44.94
0.701065,-0.4485,-0.8208,0.4353,52.78,40.32,-43.82
0.701662,-0.4514,-0.8198,0.4387,53.83,39.90,-46.13
0.702259,-0.4529,-0.8198,0.4372,52.71,40.11,-44.66
0.702856,-0.4504,-0.8174,0.4343,53.69,39.83,-47.04
0.703453,-0.4426,-0.8169,0.4329,52.57,39.83,-45.57
0.704050,-0.4426,-0.8154,0.4309,53.48,39.83,-48.58
0.704647,-0.4455,-0.8135,0.4309,52.36,39.06,-46.20
0.705244,-0.4431,-0.8106,0.4338,53.13,39.27,-49.77
0.705841,-0.4392,-0.8106,0.4338,52.64,39.06,-47.32
0.706438,-0.4392,-0.8091,0.4333,52.78,39.27,-50.89
0.707035,-0.4392,-0.8062,0.4348,52.43,38.64,-47.74
0.708008,-0.4392,-0.7989,0.4319,52.85,38.64,-51.94
0.708605,-0.4407,-0.7925,0.4290,52.43,38.71,-48.16
0.709202,-0.4363,-0.7969,0.4275,52.36,38.43,-53.27
0.709799,-0.4314,-0.7935,0.4280,51.80,38.57,-48.93
0.710396,-0.4319,-0.7886,0.4304,52.01,38.08,-54.60
0.710993,-0.4333,-0.7906,0.4285,51.87,38.57,-49.84
0.711590,-0.4324,-0.7871,0.4260,52.22,37.80,-55.37
0.712187,-0.4290,-0.7823,0.4270,51.45,38.36,-50.61
0.712784,-0.4275,-0.7813,0.4255,51.31,37.45,-55.65
0.713381,-0.4294,-0.7769,0.4226,51.38,37.80,-51.10
0.713978,-0.4324,-0.7720,0.4236,50.89,37.10,-56.56
0.714575,-0.4314,-0.7706,0.4255,51.10,37.66,-52.01
0.715172,-0.4299,-0.7701,0.4250,50.68,37.17,-57.75
0.715769,-0.4309,-0.7676,0.4231,50.96,36.96,-52.64
0.716366,-0.4290,-0.7618,0.4255,49.91,36.96,-58.10
0.716963,-0.4314,-0.7613,0.4250,49.63,36.82,-58.59
0.717560,-0.4270,-0.7613,0.4221,50.54,36.33,-54.81
0.718157,-0.4280,-0.7559,0.4260,49.00,36.75,-59.01
0.718754,-0.4275,-0.7515,0.4280,49.98,35.84,-54.74
0.719727,-0.4255,-0.7491,0.4265,48.72,36.26,-59.78
0.720324,-0.4260,-0.7462,0.4260,49.70,35.98,-56.14
0.720921,-0.4280,-0.7422,0.4280,47.95,35.91,-59.78
0.721518,-0.4290,-0.7452,0.4285,49.35,35.70,-56.49
0.722115,-0.4255,-0.7457,0.4280,48.23,35.28,-59.99
0.722712,-0.4255,-0.7408,0.4309,48.30,35.35,-56.98
0.723309,-0.4265,-0.7383,0.4280,47.67,34.65,-59.92
0.723906,-0.4231,-0.7364,0.4280,47.95,35.28,-57.54
0.724503,-0.4202,-0.7349,0.4314,47.25,34.65,-60.48
0.725100,-0.4187,-0.7359,0.4294,47.53,34.72,-58.66
0.725697,-0.4158,-0.7364,0.4270,46.69,34.65,-60.76
0.726294,-0.4158,-0.7340,0.4265,47.25,34.65,-58.87
0.726891,-0.4172,-0.7325,0.4285,46.27,33.95,-60.69
0.727488,-0.4182,-0.7300,0.4314,46.55,34.23,-59.36
0.728085,-0.4158,-0.7300,0.4280,45.85,33.25,-59.92
0.728682,-0.4187,-0.7286,0.4275,45.43,33.25,-60.76
0.729279,-0.4177,-0.7300,0.4285,45.22,33.32,-60.62
0.729876,-0.4158,-0.7330,0.4290,44.59,33.32,-60.76
0.730473,-0.4168,-0.7325,0.4270,44.80,32.76,-60.97
0.730473,-0.4192,-0.7335,0.4265,44.24,32.90,-60.48
0.731066,-0.4211,-0.7330,0.4280,44.31,32.41,-60.83
0.731663,-0.4202,-0.7340,0.4314,43.75,32.62,-61.04
0.732260,-0.4207,-0.7349,0.4309,43.40,32.06,-60.76
0.732857,-0.4231,-0.7344,0.4333,43.33,32.06,-60.48
0.733454,-0.4221,-0.7354,0.4363,42.84,31.64,-60.69
0.734051,-0.4275,-0.7369,0.4382,42.84,31.85,-60.62
0.734648,-0.4304,-0.7354,0.4358,42.49,31.57,-61.04
0.735245,-0.4314,-0.7344,0.4299,42.77,31.15,-60.90
0.735842,-0.4338,-0.7359,0.4319,41.16,31.22,-60.97
0.736439,-0.4333,-0.7340,0.4353,42.49,30.73,-60.55
0.737036,-0.4333,-0.7340,0.4377,40.60,30.80,-60.97
0.737633,-0.4314,-0.7320,0.4338,42.21,29.89,-60.69
0.738230,-0.4333,-0.7276,0.4333,39.90,30.52,-61.04
0.738827,-0.4387,-0.7276,0.4353,41.72,29.40,-60.62
0.739424,-0.4387,-0.7281,0.4353,39.55,30.03,-60.90
0.740021,-0.4368,-0.7242,0.4382,40.81,28.56,-59.92
0.740618,-0.4397,-0.7130,0.4353,40.04,27.79,-59.92
0.741215,-0.4392,-0.7120,0.4343,38.50,29.47,-61.04
0.742188,-0.4392,-0.7091,0.4343,39.34,27.16,-59.85
0.742785,-0.4387,-0.7052,0.4338,37.87,29.26,-60.48
0.743382,-0.4402,-0.7052,0.4372,38.64,26.88,-60.27
0.743979,-0.4421,-0.7022,0.4387,37.52,28.42,-60.27
0.744576,-0.4402,-0.6983,0.4333,37.80,26.74,-60.76
0.745173,-0.4412,-0.6974,0.4319,36.82,28.07,-60.20
0.745770,-0.4402,-0.6939,0.4329,37.17,26.18,-60.76
0.746367,-0.4338,-0.6895,0.4319,36.33,27.58,-59.78
0.746964,-0.4324,-0.6876,0.4338,36.19,25.41,-60.27
0.747561,-0.4372,-0.6900,0.4329,35.56,27.23,-59.43
0.748158,-0.4402,-0.6900,0.4294,35.56,24.85,-60.27
0.748755,-0.4392,-0.6852,0.4314,35.28,26.53,-59.57
0.749352,-0.4397,-0.6832,0.4309,34.79,24.08,-60.34
0.749949,-0.4421,-0.6842,0.4314,33.95,24.43,-60.48
0.750546,-0.4377,-0.6925,0.4324,34.09,24.92,-58.10
0.751143,-0.4314,-0.6910,0.4309,32.76,24.08,-60.76
0.751740,-0.4333,-0.6871,0.4285,33.39,24.15,-57.12
0.752337,-0.4368,-0.6881,0.4329,32.27,23.80,-61.18
0.752934,-0.4343,-0.6881,0.4343,32.90,23.94,-56.84
0.753907,-0.4304,-0.6866,0.4304,31.36,23.45,-60.76
0.754504,-0.4280,-0.6881,0.4309,32.34,22.68,-56.28
0.755101,-0.4285,-0.6910,0.4309,30.59,22.68,-60.41
0.755698,-0.4275,-0.6910,0.4270,31.64,22.33,-55.65
0.756295,-0.4294,-0.6915,0.4285,30.03,22.40,-59.64
0.756892,-0.4299,-0.6939,0.4285,31.08,22.12,-55.72
0.757489,-0.4236,-0.6983,0.4280,29.33,21.91,-59.29
0.758086,-0.4211,-0.7003,0.4314,30.31,21.77,-55.37
0.758683,-0.4202,-0.7008,0.4324,28.70,21.35,-58.52
0.759280,-0.4197,-0.7013,0.4294,29.40,21.14,-54.53
0.759877,-0.4216,-0.7008,0.4324,28.42,21.00,-57.96
0.760474,-0.4207,-0.7052,0.4309,28.56,20.51,-53.83
0.761071,-0.4211,-0.7037,0.4309,27.86,19.95,-52.99
0.761668,-0.4216,-0.7032,0.4314,27.30,20.37,-56.70
0.762265,-0.4197,-0.7013,0.4285,27.79,19.53,-53.34
0.762862,-0.4163,-0.7042,0.4265,26.32,19.32,-55.51
0.763459,-0.4172,-0.7061,0.4290,26.81,19.46,-52.15
0.764056,-0.4153,-0.7056,0.4314,25.76,18.41,-54.32
0.764653,-0.4133,-0.7061,0.4304,26.25,19.53,-52.08
0.765625,-0.4128,-0.7076,0.4309,25.55,17.99,-53.13
0.766222,-0.4089,-0.7096,0.4314,25.48,18.83,-51.59
0.766819,-0.4104,-0.7091,0.4275,24.85,17.50,-52.22
0.767416,-0.4109,-0.7091,0.4255,24.92,18.55,-50.82
0.768013,-0.4075,-0.7100,0.4309,24.22,16.80,-50.61
0.768610,-0.4026,-0.7110,0.4299,24.29,18.34,-50.26
0.769207,-0.3987,-0.7115,0.4290,23.80,16.24,-49.70
0.769804,-0.3997,-0.7130,0.4299,23.45,17.99,-49.56
0.770401,-0.4011,-0.7174,0.4304,23.38,15.96,-48.30
0.770998,-0.3953,-0.7178,0.4324,22.96,17.15,-48.93
0.771595,-0.3904,-0.7193,0.4363,22.89,15.61,-47.11
0.772192,-0.3943,-0.7237,0.4363,22.47,16.80,-47.81
0.772789,-0.3933,-0.7281,0.4348,22.05,15.75,-45.85
0.773386,-0.3904,-0.7305,0.4348,21.84,16.31,-46.97
0.773983,-0.3889,-0.7310,0.4319,22.05,15.33,-45.22
0.774580,-0.3875,-0.7315,0.4338,21.63,15.26,-46.48
0.775177,-0.3845,-0.7315,0.4377,21.63,15.05,-43.61
0.775774,-0.3806,-0.7364,0.4363,21.21,14.77,-45.15
0.776371,-0.3787,-0.7413,0.4324,21.21,15.12,-42.70
0.776371,-0.3743,-0.7418,0.4329,20.51,14.77,-44.31
0.776965,-0.3699,-0.7462,0.4358,20.72,14.70,-41.23
0.777562,-0.3675,-0.7520,0.4329,20.44,14.14,-43.89
0.778159,-0.3640,-0.7510,0.4265,20.16,14.63,-39.76
0.778756,-0.3577,-0.7496,0.4280,19.67,13.86,-42.77
0.779353,-0.3523,-0.7515,0.4299,19.95,14.77,-38.78
0.779950,-0.3489,-0.7540,0.4250,19.04,13.44,-41.72
0.780547,-0.3484,-0.7549,0.4265,19.46,14.35,-37.38
0.781144,-0.3475,-0.7549,0.4294,18.55,13.09,-40.74
0.781741,-0.3460,-0.7525,0.4275,19.32,14.21,-36.12
0.782338,-0.3450,-0.7515,0.4304,18.20,12.81,-40.11
0.782935,-0.3392,-0.7535,0.4304,18.76,13.93,-34.86
0.783532,-0.3338,-0.7613,0.4299,18.69,13.86,-34.16
0.784129,-0.3323,-0.7608,0.4250,17.29,12.46,-37.45
0.784726,-0.3343,-0.7637,0.4231,18.62,13.79,-33.32
0.785323,-0.3318,-0.7632,0.4275,16.73,12.39,-36.12
0.785920,-0.3294,-0.7642,0.4280,18.62,14.07,-32.34
0.786517,-0.3299,-0.7676,0.4246,16.52,11.90,-35.00
0.787114,-0.3274,-0.7715,0.4241,18.20,13.44,-31.50
0.788086,-0.3240,-0.7740,0.4231,15.96,11.62,-33.18
0.788683,-0.3182,-0.7754,0.4246,18.20,13.51,-30.94
0.789280,-0.3167,-0.7745,0.4260,15.89,11.83,-32.34
0.789877,-0.3177,-0.7691,0.4216,17.57,13.44,-30.03
0.790474,-0.3167,-0.7642,0.4207,15.61,12.04,-31.08
0.791071,-0.3148,-0.7647,0.4226,16.94,13.16,-29.68
0.791668,-0.3123,-0.7637,0.4236,16.17,11.97,-29.82
0.792265,-0.3123,-0.7632,0.4216,16.45,13.23,-28.84
0.792862,-0.3109,-0.7681,0.4207,15.75,12.11,-28.49
0.793459,-0.3109,-0.7671,0.4187,15.96,12.60,-28.00
0.794056,-0.3084,-0.7652,0.4187,16.03,11.97,-27.51
0.794653,-0.3035,-0.7627,0.4241,15.33,12.95,-27.02
0.795250,-0.3045,-0.7618,0.4216,15.96,12.04,-26.81
0.795847,-0.3035,-0.7676,0.4211,15.61,12.18,-25.69
0.796444,-0.3001,-0.7745,0.4221,14.77,12.46,-25.90
0.797041,-0.2948,-0.7779,0.4231,15.12,12.60,-25.06
0.797638,-0.2962,-0.7735,0.4197,14.49,12.67,-25.55
0.798235,-0.2967,-0.7735,0.4226,15.26,12.04,-24.15
0.798832,-0.2948,-0.7774,0.4280,14.28,12.67,-25.34
0.799805,-0.2948,-0.7769,0.4216,14.77,12.11,-23.24
0.800402,-0.2933,-0.7749,0.4177,14.21,12.46,-24.50
0.800999,-0.2918,-0.7715,0.4172,14.56,12.53,-22.89
0.801596,-0.2913,-0.7774,0.4172,14.00,12.53,-23.52
0.802193,-0.2923,-0.7823,0.4168,14.35,12.81,-22.75
0.802790,-0.2943,-0.7818,0.4143,13.72,12.18,-23.45
0.803387,-0.2948,-0.7788,0.4153,13.86,13.23,-22.33
0.803984,-0.2952,-0.7774,0.4138,13.86,12.32,-22.89
0.804581,-0.2938,-0.7837,0.4148,13.65,12.95,-22.19
0.805178,-0.2928,-0.7871,0.4163,13.65,12.53,-22.40
0.805775,-0.2928,-0.7891,0.4133,13.16,13.65,-21.84
0.806372,-0.2918,-0.7925,0.4114,13.79,12.11,-21.91
0.806969,-0.2918,-0.7920,0.4109,13.02,13.58,-21.91
0.807566,-0.2933,-0.7901,0.4128,13.30,12.60,-20.93
0.808163,-0.2948,-0.7906,0.4104,12.95,13.65,-21.00
0.808760,-0.2938,-0.7910,0.4094,13.09,12.32,-21.56
0.809357,-0.2933,-0.7925,0.4124,13.02,13.72,-20.86
0.809954,-0.2948,-0.7974,0.4094,12.32,13.37,-21.28
0.810551,-0.2967,-0.7964,0.4031,13.02,13.58,-20.44
0.811524,-0.2982,-0.7930,0.4065,12.32,13.16,-20.86
0.812121,-0.3016,-0.7950,0.4065,12.88,13.79,-19.67
0.812718,-0.3035,-0.7940,0.4060,12.11,13.44,-20.72
0.813315,-0.3050,-0.7901,0.4046,12.39,14.00,-19.81
0.813912,-0.3055,-0.7915,0.4070,11.97,13.16,-20.37
0.814509,-0.3079,-0.7910,0.4075,12.46,13.93,-19.81
0.815106,-0.3109,-0.7935,0.4021,11.62,13.65,-20.09
0.815703,-0.3128,-0.7945,0.4021,12.39,13.86,-19.81
0.816300,-0.3152,-0.7930,0.4065,11.83,13.72,-19.88
0.816897,-0.3167,-0.7945,0.4060,11.76,14.07,-19.74
0.817494,-0.3187,-0.7930,0.4011,11.69,13.79,-19.25
0.818091,-0.3206,-0.7906,0.4021,11.55,14.14,-19.39
0.818688,-0.3245,-0.7920,0.4041,11.55,14.00,-19.60
0.819285,-0.3270,-0.7915,0.4002,11.41,13.86,-19.74
0.819882,-0.3255,-0.7920,0.3972,11.41,14.00,-18.83
0.820479,-0.3245,-0.7954,0.3958,11.34,13.86,-19.88
0.821076,-0.3289,-0.7915,0.3938,10.92,14.35,-18.48
0.821673,-0.3343,-0.7886,0.3948,11.55,13.93,-20.44
0.822270,-0.3353,-0.7891,0.3933,10.78,14.77,-17.99
0.822270,-0.3401,-0.7896,0.3958,11.27,13.86,-20.65
0.822863,-0.3421,-0.7876,0.3948,10.36,14.77,-18.34
0.823460,-0.3387,-0.7857,0.3943,11.27,13.86,-20.37
0.824057,-0.3392,-0.7852,0.3963,10.08,14.98,-18.34
0.824654,-0.3426,-0.7828,0.3919,11.13,13.79,-21.00
0.825251,-0.3416,-0.7813,0.3928,9.73,14.91,-18.13
0.825848,-0.3406,-0.7881,0.3924,11.13,13.58,-20.93
0.826445,-0.3416,-0.7901,0.3938,9.52,15.05,-18.06
0.827042,-0.3401,-0.7862,0.3977,10.64,13.65,-20.79
0.827639,-0.3411,-0.7896,0.3972,9.80,14.56,-18.27
0.828236,-0.3475,-0.7847,0.3938,10.01,14.07,-20.65
0.828833,-0.3489,-0.7832,0.3928,9.38,14.21,-20.93
0.829430,-0.3475,-0.7832,0.3958,10.08,14.63,-18.48
0.830027,-0.3484,-0.7823,0.3958,8.96,14.56,-21.00
0.830624,-0.3475,-0.7862,0.3889,10.15,14.84,-18.55
0.831221,-0.3445,-0.7862,0.3884,8.89,14.28,-20.65
0.831818,-0.3470,-0.7842,0.3880,9.80,14.77,-17.92
0.832415,-0.3518,-0.7842,0.3899,8.61,13.93,-20.72
0.833012,-0.3548,-0.7837,0.3933,10.08,15.12,-18.48
0.833985,-0.3562,-0.7818,0.3914,8.40,13.86,-20.30
0.834582,-0.3567,-0.7828,0.3909,9.52,15.33,-18.69
0.835179,-0.3567,-0.7867,0.3889,8.47,13.79,-20.37
0.835776,-0.3601,-0.7881,0.3875,9.17,15.33,-18.76
0.836373,-0.3606,-0.7886,0.3909,8.68,13.86,-20.51
0.836970,-0.3636,-0.7881,0.3943,8.68,15.26,-18.69
0.837567,-0.3694,-0.7857,0.3928,8.68,13.58,-20.44
0.838164,-0.3704,-0.7847,0.3904,8.47,15.47,-19.04
0.838761,-0.3719,-0.7847,0.3919,8.61,14.14,-19.95
0.839358,-0.3728,-0.7813,0.3938,8.26,15.12,-19.32
0.839955,-0.3728,-0.7793,0.3914,8.61,13.86,-19.88
0.840552,-0.3728,-0.7788,0.3938,7.91,14.77,-19.53
0.841149,-0.3699,-0.7774,0.3967,8.40,13.93,-19.88
0.841746,-0.3684,-0.7779,0.3948,7.70,14.42,-19.32
0.842343,-0.3719,-0.7798,0.3938,8.19,14.28,-19.53
0.842940,-0.3733,-0.7798,0.3948,7.70,14.00,-19.39
0.843537,-0.3733,-0.7803,0.3972,8.19,14.28,-19.60
0.844134,-0.3728,-0.7828,0.3963,7.28,14.49,-19.81
0.844731,-0.3719,-0.7828,0.3953,8.05,14.21,-19.32
0.844731,-0.3728,-0.7828,0.3963,7.21,14.63,-20.02
0.845324,-0.3758,-0.7808,0.3943,8.19,14.00,-18.83
0.845921,-0.3758,-0.7808,0.3928,7.00,14.28,-20.16
0.846518,-0.3753,-0.7823,0.3958,7.98,14.21,-18.48
0.847115,-0.3762,-0.7823,0.3987,6.58,14.63,-20.65
0.847712,-0.3748,-0.7818,0.3992,8.12,14.00,-18.48
0.848309,-0.3738,-0.7793,0.3982,6.65,14.49,-20.86
0.848906,-0.3738,-0.7798,0.3967,7.77,13.93,-18.20
0.849503,-0.3738,-0.7823,0.3967,6.44,14.28,-20.37
0.850100,-0.3777,-0.7832,0.3953,7.49,14.00,-18.27
0.850697,-0.3743,-0.7857,0.3963,6.65,14.35,-20.16
0.851294,-0.3714,-0.7871,0.3982,7.42,13.93,-18.27
0.851891,-0.3758,-0.7881,0.3963,6.79,14.63,-20.93
0.852488,-0.3758,-0.7896,0.3977,7.07,13.79,-17.64
0.853085,-0.3777,-0.7886,0.4031,7.00,14.00,-20.86
0.853682,-0.3767,-0.7876,0.4036,6.65,14.07,-17.57
0.854279,-0.3748,-0.7842,0.4016,6.93,14.21,-20.30
0.854876,-0.3772,-0.7852,0.4046,6.51,14.28,-17.92
0.855473,-0.3782,-0.7925,0.4041,7.14,14.07,-20.58
0.856446,-0.3733,-0.7915,0.4060,6.30,13.44,-17.43
0.857043,-0.3689,-0.7910,0.4060,7.07,14.28,-20.65
0.857640,-0.3714,-0.7940,0.4050,6.37,13.58,-17.64
0.858237,-0.3738,-0.7954,0.4094,6.93,14.42,-20.16
0.858834,-0.3733,-0.7969,0.4133,6.72,13.37,-17.71
0.859431,-0.3733,-0.7935,0.4138,6.65,14.21,-19.88
0.860028,-0.3758,-0.7940,0.4109,6.72,13.37,-17.85
0.860625,-0.3772,-0.7940,0.4089,6.37,13.93,-19.60
0.861222,-0.3728,-0.7954,0.4109,6.72,13.58,-17.78
0.861819,-0.3723,-0.7974,0.4128,6.51,13.79,-18.97
0.862416,-0.3753,-0.7954,0.4168,6.65,13.65,-17.85
0.863013,-0.3767,-0.7930,0.4192,6.37,13.44,-18.41
0.863610,-0.3792,-0.7935,0.4231,7.00,13.23,-18.27
0.864207,-0.3811,-0.7935,0.4275,6.30,14.14,-18.76
0.864804,-0.3792,-0.7920,0.4285,7.28,12.81,-17.92
0.865401,-0.3787,-0.7915,0.4255,6.37,14.14,-18.41
0.865998,-0.3802,-0.7915,0.4241,6.86,12.88,-17.71
0.866595,-0.3797,-0.7881,0.4241,6.30,13.93,-17.99
0.867192,-0.3787,-0.7881,0.4241,6.93,12.74,-18.06
0.867192,-0.3811,-0.7910,0.4265,6.30,13.65,-17.92
0.867785,-0.3841,-0.7901,0.4260,6.86,12.74,-18.41
0.868382,-0.3802,-0.7901,0.4241,6.30,14.00,-17.85
0.868979,-0.3797,-0.7896,0.4270,6.93,12.88,-17.99
0.869576,-0.3806,-0.7871,0.4290,6.16,13.58,-17.71
0.870173,-0.3787,-0.7823,0.4280,6.72,12.74,-17.99
0.870770,-0.3758,-0.7808,0.4319,6.16,13.58,-16.80
0.871367,-0.3758,-0.7828,0.4324,6.79,12.25,-17.92
0.871964,-0.3782,-0.7803,0.4285,6.23,13.16,-16.66
0.872561,-0.3772,-0.7784,0.4290,6.44,12.67,-18.13
0.873158,-0.3738,-0.7813,0.4285,6.44,12.88,-16.31
0.873755,-0.3782,-0.7818,0.4246,6.58,12.53,-18.48
0.874352,-0.3821,-0.7803,0.4255,6.51,12.74,-15.47
0.874949,-0.3792,-0.7793,0.4246,6.16,12.39,-18.06
0.875546,-0.3753,-0.7784,0.4241,6.51,12.95,-15.40
0.876143,-0.3762,-0.7774,0.4280,6.23,12.18,-17.92
0.876740,-0.3762,-0.7798,0.4260,6.65,13.02,-15.54
0.877337,-0.3748,-0.7813,0.4275,5.88,12.18,-17.57
0.877934,-0.3743,-0.7813,0.4265,6.93,12.88,-15.19
0.877934,-0.3762,-0.7803,0.4211,5.60,11.90,-17.22
0.878527,-0.3777,-0.7774,0.4250,6.65,12.67,-14.63
0.879124,-0.3748,-0.7745,0.4270,5.67,11.97,-17.29
0.879721,-0.3753,-0.7730,0.4280,6.79,12.25,-14.00
0.880318,-0.3772,-0.7715,0.4250,5.88,12.18,-16.87
0.880915,-0.3772,-0.7706,0.4207,6.58,11.76,-13.86
0.881512,-0.3762,-0.7686,0.4260,6.02,11.97,-16.87
0.882109,-0.3743,-0.7666,0.4319,6.37,11.90,-13.23
0.882706,-0.3753,-0.7671,0.4338,5.81,12.11,-16.52
0.883303,-0.3806,-0.7632,0.4285,6.58,11.55,-13.37
0.883900,-0.3836,-0.7627,0.4265,5.67,11.83,-16.03
0.884497,-0.3826,-0.7657,0.4207,6.51,11.41,-12.74
0.885094,-0.3850,-0.7642,0.4255,6.30,11.06,-12.81
0.885691,-0.3831,-0.7593,0.4314,5.25,12.25,-14.77
0.886288,-0.3850,-0.7584,0.4285,6.44,10.78,-12.53
0.886885,-0.3875,-0.7613,0.4304,5.46,12.04,-14.35
0.887482,-0.3865,-0.7623,0.4348,6.23,10.29,-12.11
0.888079,-0.3875,-0.7608,0.4319,5.25,11.90,-14.00
0.888676,-0.3919,-0.7603,0.4319,6.44,10.01,-12.11
0.889649,-0.3953,-0.7579,0.4368,5.11,11.41,-13.30
0.890246,-0.3977,-0.7598,0.4358,5.25,11.41,-12.74
0.890843,-0.4006,-0.7579,0.4387,5.88,9.73,-11.76
0.891440,-0.4026,-0.7579,0.4402,5.74,10.99,-12.53
0.892037,-0.4031,-0.7608,0.4392,5.39,9.52,-11.41
0.892634,-0.4046,-0.7588,0.4368,5.60,10.71,-12.11
0.893231,-0.4021,-0.7559,0.4353,4.97,8.75,-11.20
0.893828,-0.4041,-0.7569,0.4397,5.81,10.57,-11.76
0.894425,-0.4089,-0.7579,0.4368,4.76,8.68,-10.78
0.895022,-0.4119,-0.7569,0.4387,5.67,10.43,-11.76
0.895619,-0.4099,-0.7549,0.4407,4.76,8.05,-10.43
0.896216,-0.4148,-0.7579,0.4436,4.76,8.05,-10.92
0.896813,-0.4114,-0.7569,0.4431,4.97,10.08,-10.78
0.897410,-0.4114,-0.7491,0.4455,4.76,7.84,-10.99
0.898007,-0.4182,-0.7491,0.4485,4.76,9.66,-10.36
0.898604,-0.4197,-0.7535,0.4470,4.48,7.63,-10.85
0.899201,-0.4172,-0.7530,0.4470,4.76,8.82,-10.15
0.899798,-0.4168,-0.7501,0.4455,4.48,7.56,-10.71
0.900395,-0.4177,-0.7505,0.4490,4.69,8.12,-9.87
0.901368,-0.4221,-0.7505,0.4534,4.34,7.49,-10.99
0.901965,-0.4236,-0.7457,0.4494,4.55,7.49,-9.73
0.902562,-0.4221,-0.7422,0.4494,3.92,7.56,-11.41
0.903159,-0.4236,-0.7422,0.4524,4.55,7.14,-9.24
0.903756,-0.4246,-0.7486,0.4529,3.71,7.28,-11.55
0.904353,-0.4226,-0.7510,0.4558,4.83,6.37,-9.03
0.904950,-0.4207,-0.7452,0.4563,3.43,6.86,-11.62
0.905547,-0.4241,-0.7437,0.4538,4.41,6.51,-9.17
0.906144,-0.4280,-0.7437,0.4558,3.43,6.51,-11.34
0.906741,-0.4275,-0.7418,0.4577,3.99,6.09,-8.89
0.907338,-0.4275,-0.7398,0.4499,3.43,6.09,-11.13
0.907935,-0.4333,-0.7403,0.4582,3.78,6.16,-9.52
0.908532,-0.4270,-0.7432,0.4602,3.57,5.11,-9.59
0.909129,-0.4275,-0.7374,0.4602,3.15,5.46,-11.41
0.909726,-0.4343,-0.7379,0.4582,3.43,4.90,-9.45
0.910323,-0.4368,-0.7408,0.4553,2.87,4.97,-11.69
0.910920,-0.4382,-0.7403,0.4587,2.87,4.48,-9.17
0.911517,-0.4368,-0.7398,0.4597,2.94,4.20,-11.41
0.912114,-0.4387,-0.7418,0.4568,2.87,4.55,-9.87
0.913086,-0.4421,-0.7427,0.4538,2.66,4.13,-11.48
0.913683,-0.4421,-0.7369,0.4563,2.52,4.55,-9.94
0.914280,-0.4436,-0.7344,0.4602,2.87,3.36,-11.83
0.914877,-0.4446,-0.7369,0.4553,2.24,3.78,-9.80
0.915474,-0.4441,-0.7354,0.4577,2.59,3.01,-11.76
0.916071,-0.4446,-0.7335,0.4607,2.03,3.64,-10.43
0.916668,-0.4451,-0.7335,0.4587,2.45,2.45,-11.83
0.917265,-0.4446,-0.7340,0.4597,1.40,3.15,-10.22
0.917862,-0.4431,-0.7300,0.4597,2.10,2.03,-11.62
0.918459,-0.4446,-0.7266,0.4607,1.40,2.45,-10.29
0.919056,-0.4446,-0.7266,0.4597,1.82,1.89,-12.18
0.919653,-0.4475,-0.7247,0.4626,1.33,1.68,-12.60
0.920250,-0.4460,-0.7237,0.4631,1.12,1.33,-10.22
0.920847,-0.4465,-0.7227,0.4621,0.98,1.26,-12.88
0.921444,-0.4490,-0.7208,0.4592,0.70,1.26,-10.50
0.922041,-0.4494,-0.7218,0.4592,0.70,0.98,-12.67
0.922638,-0.4514,-0.7208,0.4602,0.35,0.77,-10.50
0.923235,-0.4519,-0.7188,0.4597,0.35,0.77,-12.60
0.923832,-0.4504,-0.7198,0.4597,0.49,0.07,-10.99
0.924805,-0.4529,-0.7178,0.4607,-0.07,0.28,-12.67
0.925402,-0.4529,-0.7169,0.4597,0.28,-0.77,-10.92
0.925999,-0.4485,-0.7159,0.4597,-0.35,0.42,-13.58
0.926596,-0.4475,-0.7154,0.4626,0.00,-1.19,-11.06
0.927193,-0.4480,-0.7183,0.4641,-0.91,-0.14,-13.86
0.927790,-0.4485,-0.7178,0.4646,0.00,-1.61,-11.34
0.928387,-0.4465,-0.7149,0.4626,-1.33,-0.70,-14.07
0.928984,-0.4465,-0.7178,0.4607,0.00,-1.89,-12.04
0.929581,-0.4509,-0.7198,0.4646,-1.96,-1.26,-13.79
0.930178,-0.4480,-0.7144,0.4680,-0.42,-1.89,-12.32
0.930775,-0.4426,-0.7110,0.4670,-2.03,-1.61,-14.21
0.931372,-0.4455,-0.7139,0.4641,-0.63,-2.52,-12.60
0.931969,-0.4499,-0.7178,0.4626,-2.31,-2.10,-14.77
0.932566,-0.4480,-0.7169,0.4646,-1.12,-2.87,-12.95
0.933163,-0.4446,-0.7154,0.4641,-2.38,-2.24,-14.77
0.933760,-0.4441,-0.7164,0.4621,-1.61,-3.22,-13.16
0.934357,-0.4451,-0.7164,0.4621,-2.73,-3.01,-14.70
0.934954,-0.4436,-0.7144,0.4626,-2.24,-3.29,-13.72
0.935551,-0.4451,-0.7139,0.4641,-2.52,-3.78,-14.84
0.936524,-0.4441,-0.7144,0.4660,-2.52,-3.36,-14.07
0.937121,-0.4441,-0.7149,0.4660,-2.59,-4.41,-15.05
0.937718,-0.4402,-0.7139,0.4641,-3.22,-3.36,-14.77
0.938315,-0.4377,-0.7144,0.4631,-2.59,-4.97,-15.05
0.938912,-0.4426,-0.7159,0.4636,-3.71,-3.78,-14.91
0.939509,-0.4402,-0.7198,0.4636,-3.15,-4.83,-15.05
0.940106,-0.4392,-0.7188,0.4651,-3.85,-4.41,-15.47
0.940703,-0.4377,-0.7144,0.4680,-3.29,-5.67,-14.84
0.941300,-0.4358,-0.7139,0.4670,-4.20,-4.27,-16.17
0.941897,-0.4353,-0.7115,0.4646,-3.57,-6.02,-14.77
0.942494,-0.4333,-0.7149,0.4690,-4.41,-5.18,-16.94
0.943091,-0.4338,-0.7120,0.4743,-5.18,-4.48,-16.66
0.943688,-0.4255,-0.7120,0.4724,-3.99,-6.86,-14.91
0.944285,-0.4260,-0.7100,0.4690,-5.53,-4.90,-16.94
0.944882,-0.4290,-0.7120,0.4699,-4.34,-6.93,-14.70
0.945479,-0.4319,-0.7110,0.4714,-5.39,-5.88,-16.94
0.946076,-0.4338,-0.7125,0.4704,-5.11,-6.93,-14.77
0.946673,-0.4333,-0.7149,0.4675,-4.97,-6.37,-17.08
0.947270,-0.4324,-0.7144,0.4665,-5.53,-6.79,-14.77
0.948243,-0.4324,-0.7159,0.4695,-5.53,-6.72,-16.87
0.948840,-0.4324,-0.7159,0.4699,-5.74,-7.21,-14.56
0.949437,-0.4299,-0.7159,0.4709,-5.25,-7.14,-17.43
0.950034,-0.4290,-0.7159,0.4695,-6.16,-7.07,-14.07
0.950631,-0.4285,-0.7169,0.4695,-5.53,-7.56,-17.36
0.951228,-0.4290,-0.7164,0.4748,-6.51,-7.49,-13.86
0.951825,-0.4290,-0.7164,0.4773,-6.09,-7.77,-17.29
0.952422,-0.4290,-0.7174,0.4738,-6.58,-8.05,-13.86
0.953019,-0.4299,-0.7159,0.4734,-6.51,-8.05,-17.08
0.953616,-0.4314,-0.7164,0.4768,-6.72,-7.98,-13.58
0.954213,-0.4285,-0.7222,0.4782,-6.44,-8.19,-13.79
0.954810,-0.4294,-0.7222,0.4821,-7.28,-8.89,-16.10
0.955407,-0.4294,-0.7222,0.4802,-6.51,-7.70,-14.07
0.956004,-0.4250,-0.7247,0.4807,-7.35,-9.45,-15.96
0.956601,-0.4275,-0.7261,0.4807,-6.93,-7.77,-13.86
0.957198,-0.4309,-0.7252,0.4758,-7.28,-9.94,-15.61
0.957795,-0.4319,-0.7257,0.4768,-7.42,-8.19,-13.72
0.958392,-0.4324,-0.7257,0.4851,-7.70,-10.08,-15.26
0.958989,-0.4309,-0.7261,0.4895,-7.00,-8.40,-13.72
0.958989,-0.4294,-0.7276,0.4880,-8.05,-10.15,-14.49
0.959582,-0.4299,-0.7300,0.4860,-7.28,-8.96,-13.72
0.960179,-0.4299,-0.7320,0.4860,-8.12,-10.71,-14.63
0.960776,-0.4290,-0.7310,0.4870,-7.84,-8.68,-13.02
0.961373,-0.4304,-0.7325,0.4865,-8.19,-10.57,-14.28
0.961970,-0.4290,-0.7340,0.4865,-8.19,-8.54,-13.09
0.962567,-0.4275,-0.7374,0.4860,-8.33,-11.41,-13.79
0.963164,-0.4260,-0.7379,0.4856,-8.05,-8.96,-13.58
0.963761,-0.4241,-0.7369,0.4875,-8.26,-11.90,-13.30
0.964358,-0.4255,-0.7418,0.4851,-8.19,-11.90,-13.16
0.964955,-0.4241,-0.7388,0.4841,-8.68,-9.24,-12.95
0.965552,-0.4255,-0.7379,0.4895,-8.61,-11.55,-13.09
0.966149,-0.4265,-0.7408,0.4895,-8.68,-9.80,-12.81
0.966746,-0.4216,-0.7422,0.4890,-8.68,-11.48,-12.81
0.967343,-0.4221,-0.7427,0.4914,-8.89,-10.08,-12.74
0.967940,-0.4241,-0.7437,0.4919,-8.75,-11.48,-12.39
0.968537,-0.4207,-0.7457,0.4909,-8.75,-10.71,-12.74
0.969134,-0.4202,-0.7432,0.4875,-8.82,-11.62,-11.97
0.969731,-0.4187,-0.7447,0.4885,-8.75,-10.85,-12.53
0.970704,-0.4158,-0.7442,0.4880,-8.75,-11.69,-11.90
0.971301,-0.4168,-0.7418,0.4841,-9.17,-10.57,-12.46
0.971898,-0.4143,-0.7432,0.4841,-8.19,-12.11,-11.83
0.972495,-0.4138,-0.7437,0.4875,-9.52,-10.64,-12.04
0.973092,-0.4172,-0.7466,0.4904,-7.98,-12.04,-11.83
0.973689,-0.4158,-0.7457,0.4895,-9.87,-10.78,-11.90
0.974286,-0.4143,-0.7462,0.4885,-8.33,-12.18,-11.20
0.974883,-0.4153,-0.7476,0.4846,-9.59,-11.27,-11.90
0.975480,-0.4138,-0.7486,0.4851,-8.47,-11.62,-11.69
0.976077,-0.4128,-0.7520,0.4860,-9.66,-11.83,-11.34
0.976674,-0.4124,-0.7525,0.4812,-8.89,-11.48,-11.48
0.977271,-0.4119,-0.7520,0.4826,-9.66,-11.76,-11.20
0.977868,-0.4109,-0.7525,0.4841,-8.96,-11.69,-11.27
0.978465,-0.4114,-0.7520,0.4870,-9.59,-12.32,-10.92
0.979062,-0.4104,-0.7530,0.4851,-8.89,-11.55,-11.34
0.979659,-0.4085,-0.7520,0.4792,-9.45,-12.46,-10.43
0.980256,-0.4070,-0.7525,0.4807,-9.10,-11.41,-10.99
0.980853,-0.4041,-0.7530,0.4836,-9.17,-12.67,-10.43
0.981450,-0.4041,-0.7520,0.4831,-9.24,-11.41,-10.78
0.982422,-0.4075,-0.7559,0.4821,-9.38,-12.60,-10.22
0.983019,-0.4065,-0.7579,0.4812,-9.24,-11.41,-11.06
0.983616,-0.4046,-0.7574,0.4807,-9.52,-12.39,-10.36
0.984213,-0.4085,-0.7574,0.4812,-9.38,-11.76,-10.71
0.984810,-0.4080,-0.7574,0.4802,-9.59,-11.90,-10.43
0.985407,-0.4070,-0.7564,0.4797,-9.31,-11.83,-10.43
0.986004,-0.4041,-0.7559,0.4792,-9.66,-12.18,-10.43
0.986601,-0.4002,-0.7598,0.4792,-8.96,-12.04,-10.01
0.987198,-0.3977,-0.7637,0.4748,-9.45,-12.53,-10.43
0.987795,-0.4002,-0.7657,0.4802,-9.52,-12.74,-10.01
0.988392,-0.3967,-0.7632,0.4787,-9.31,-11.06,-10.36
0.988989,-0.3953,-0.7662,0.4792,-9.17,-12.74,-10.08
0.989586,-0.3948,-0.7691,0.4782,-9.45,-11.27,-10.29
0.990183,-0.3967,-0.7681,0.4734,-9.17,-12.18,-10.29
0.990780,-0.3987,-0.7701,0.4743,-9.24,-11.20,-10.15
0.991377,-0.3977,-0.7740,0.4768,-9.03,-12.18,-10.64
0.991974,-0.3933,-0.7745,0.4753,-9.10,-11.41,-9.73
0.992571,-0.3933,-0.7710,0.4748,-9.31,-11.97,-10.85
0.993168,-0.3933,-0.7720,0.4743,-9.17,-11.34,-9.94
0.994141,-0.3904,-0.7774,0.4738,-9.10,-11.76,-10.57
0.994738,-0.3909,-0.7779,0.4763,-8.89,-11.48,-9.94
0.995335,-0.3875,-0.7774,0.4807,-9.03,-11.41,-10.78
0.995932,-0.3855,-0.7803,0.4836,-9.03,-11.76,-10.29
0.996529,-0.3904,-0.7808,0.4778,-8.82,-11.27,-10.71
0.997126,-0.3870,-0.7793,0.4719,-9.03,-11.76,-10.29
0.997723,-0.3811,-0.7784,0.4738,-8.75,-10.99,-10.71
0.998320,-0.3806,-0.7764,0.4738,-9.17,-11.69,-10.08
0.998917,-0.3777,-0.7774,0.4699,-8.26,-10.57,-11.06
0.999514,-0.3787,-0.7793,0.4729,-9.24,-11.13,-10.01
1.000111,-0.3767,-0.7803,0.4763,-8.19,-10.57,-11.27
1.000708,-0.3733,-0.7793,0.4729,-9.45,-10.99,-10.15
1.001305,-0.3704,-0.7779,0.4763,-7.70,-10.36,-11.83
1.001902,-0.3675,-0.7793,0.4826,-9.66,-10.78,-9.87
1.002499,-0.3680,-0.7832,0.4792,-7.63,-10.01,-12.32
1.003096,-0.3689,-0.7832,0.4763,-9.24,-10.15,-9.73
1.003693,-0.3684,-0.7832,0.4782,-7.35,-10.43,-11.97
1.004290,-0.3670,-0.7876,0.4802,-8.61,-9.94,-10.08
1.004887,-0.3670,-0.7901,0.4812,-8.05,-9.87,-11.97
1.004887,-0.3611,-0.7886,0.4817,-8.40,-9.66,-10.15
1.005480,-0.3597,-0.7876,0.4836,-8.19,-9.38,-11.90
1.006077,-0.3640,-0.7871,0.4802,-7.77,-9.94,-10.50
1.006674,-0.3592,-0.7886,0.4778,-8.82,-8.96,-11.69
1.007271,-0.3562,-0.7886,0.4821,-7.42,-9.45,-10.92
1.007868,-0.3597,-0.7871,0.4802,-8.61,-8.61,-11.90
1.008465,-0.3582,-0.7891,0.4787,-6.93,-9.24,-10.71
1.009062,-0.3587,-0.7901,0.4778,-8.47,-8.26,-12.11
1.009659,-0.3582,-0.7910,0.4758,-6.93,-8.89,-10.64
1.010256,-0.3548,-0.7940,0.4778,-8.82,-7.91,-12.11
1.010853,-0.3538,-0.7959,0.4782,-7.00,-8.61,-10.85
1.011450,-0.3509,-0.7950,0.4792,-8.40,-7.84,-11.90
1.012047,-0.3514,-0.7979,0.4768,-6.65,-7.63,-11.13
1.012644,-0.3528,-0.8013,0.4773,-8.19,-8.26,-11.62
1.013241,-0.3543,-0.8018,0.4817,-6.79,-7.28,-11.41
1.013838,-0.3562,-0.7998,0.4782,-7.77,-7.91,-11.48
1.014435,-0.3592,-0.8028,0.4787,-6.86,-6.58,-11.48
1.015032,-0.3597,-0.8057,0.4812,-7.07,-7.98,-11.69
1.015629,-0.3597,-0.8057,0.4758,-7.00,-6.09,-11.69
1.015629,-0.3606,-0.8096,0.4753,-6.65,-7.77,-11.48
1.016222,-0.3572,-0.8135,0.4773,-6.86,-6.37,-11.48
1.016819,-0.3592,-0.8106,0.4782,-6.58,-6.93,-11.41
1.017416,-0.3636,-0.8081,0.4812,-6.72,-5.95,-11.62
1.018013,-0.3680,-0.8154,0.4831,-6.02,-6.58,-11.55
1.018610,-0.3694,-0.8194,0.4826,-6.44,-5.18,-11.34
1.019207,-0.3680,-0.8174,0.4817,-5.74,-6.44,-11.41
1.019804,-0.3684,-0.8179,0.4826,-6.37,-5.11,-11.76
1.020401,-0.3670,-0.8194,0.4870,-5.46,-5.81,-11.41
1.020998,-0.3699,-0.8189,0.4865,-6.09,-5.25,-11.90
1.021595,-0.3699,-0.8184,0.4856,-5.32,-5.53,-11.41
1.022192,-0.3704,-0.8198,0.4875,-5.67,-4.83,-12.39
1.022789,-0.3758,-0.8218,0.4885,-5.53,-4.90,-10.57
1.023386,-0.3772,-0.8242,0.4900,-5.39,-4.48,-12.81
1.023983,-0.3811,-0.8291,0.4875,-5.18,-4.62,-11.06
1.024580,-0.3831,-0.8276,0.4865,-4.69,-4.83,-12.67
1.025177,-0.3811,-0.8276,0.4914,-5.32,-4.41,-10.78
1.025774,-0.3836,-0.8340,0.4963,-4.41,-4.48,-13.02
1.026371,-0.3889,-0.8316,0.4978,-4.97,-4.41,-10.78
1.027344,-0.3889,-0.8311,0.4953,-4.62,-3.43,-13.09
1.027941,-0.3894,-0.8335,0.4924,-4.13,-4.62,-10.57
1.028538,-0.3919,-0.8316,0.4914,-4.34,-3.08,-13.44
1.029135,-0.3943,-0.8330,0.4924,-4.13,-4.62,-10.08
1.029732,-0.4016,-0.8355,0.4968,-3.99,-2.52,-13.86
1.030329,-0.4055,-0.8398,0.4948,-3.22,-4.76,-10.36
1.030926,-0.4065,-0.8457,0.5017,-4.13,-2.10,-13.72
1.031523,-0.4031,-0.8477,0.5046,-3.99,-2.38,-14.21
1.032120,-0.4099,-0.8496,0.5026,-2.31,-4.13,-10.43
1.032717,-0.4138,-0.8516,0.5012,-3.99,-2.10,-13.86
1.033314,-0.4128,-0.8545,0.5026,-2.10,-3.57,-10.85
1.033911,-0.4158,-0.8560,0.5022,-3.43,-2.31,-14.14
1.034508,-0.4187,-0.8550,0.5031,-1.96,-3.15,-10.57
1.035105,-0.4211,-0.8555,0.5070,-3.15,-2.38,-14.35
1.035702,-0.4246,-0.8579,0.5065,-1.54,-2.31,-10.92
1.036299,-0.4280,-0.8589,0.5065,-2.59,-2.31,-14.00
1.036896,-0.4285,-0.8608,0.5070,-1.40,-2.59,-11.55
1.037493,-0.4299,-0.8589,0.5075,-2.38,-2.52,-13.65
1.038090,-0.4324,-0.8584,0.5085,-0.84,-2.66,-11.76
1.038090,-0.4343,-0.8623,0.5075,-2.52,-2.31,-13.86
1.038683,-0.4382,-0.8642,0.5104,-0.42,-2.31,-12.04
1.039280,-0.4402,-0.8652,0.5104,-2.17,-2.17,-13.79
1.039877,-0.4402,-0.8677,0.5061,-0.56,-2.45,-12.11
1.040474,-0.4397,-0.8652,0.5070,-1.68,-1.82,-14.07
1.041071,-0.4407,-0.8628,0.5085,-0.35,-2.24,-12.46
1.041668,-0.4455,-0.8667,0.5075,-1.12,-2.17,-13.65
1.042265,-0.4480,-0.8696,0.5075,0.07,-2.24,-12.81
1.042862,-0.4465,-0.8721,0.5100,-0.70,-2.03,-14.14
1.043459,-0.4460,-0.8711,0.5095,-0.07,-1.33,-13.02
1.044056,-0.4485,-0.8667,0.5119,-0.07,-2.59,-13.72
1.044653,-0.4485,-0.8647,0.5129,0.07,-1.19,-13.23
1.045250,-0.4470,-0.8613,0.5095,0.42,-2.59,-13.79
1.045847,-0.4480,-0.8642,0.5080,0.14,-0.98,-13.16
1.046444,-0.4514,-0.8682,0.5109,0.77,-2.87,-13.93
1.047041,-0.4524,-0.8638,0.5095,0.28,-1.05,-12.95
1.047638,-0.4494,-0.8613,0.5100,1.12,-2.73,-13.72
1.048235,-0.4504,-0.8628,0.5100,0.63,-0.91,-13.51
1.048832,-0.4509,-0.8608,0.5041,1.12,-2.31,-13.65
1.049805,-0.4504,-0.8599,0.5031,1.33,-1.40,-13.65
1.050402,-0.4534,-0.8613,0.5070,1.33,-2.03,-14.07
1.050999,-0.4553,-0.8579,0.5075,1.68,-1.19,-14.00
1.051596,-0.4548,-0.8560,0.5080,1.26,-1.82,-13.65
1.052193,-0.4558,-0.8560,0.5085,2.10,-1.33,-14.14
1.052790,-0.4573,-0.8599,0.5114,1.40,-1.96,-13.65
1.053387,-0.4607,-0.8594,0.5104,2.03,-0.77,-13.58
1.053984,-0.4597,-0.8560,0.5100,1.47,-2.38,-13.51
1.054581,-0.4582,-0.8530,0.5075,2.10,-2.38,-14.00
1.055178,-0.4563,-0.8520,0.5061,2.03,-0.63,-13.86
1.055775,-0.4597,-0.8535,0.5031,2.66,-2.31,-13.72
1.056372,-0.4592,-0.8584,0.5046,2.10,-0.91,-13.79
1.056969,-0.4597,-0.8608,0.5085,2.38,-1.82,-13.30
1.057566,-0.4597,-0.8594,0.5109,2.73,-1.26,-14.21
1.058163,-0.4607,-0.8599,0.5114,2.52,-1.75,-13.09
1.058760,-0.4621,-0.8603,0.5095,3.15,-1.40,-14.42
1.059357,-0.4621,-0.8594,0.5114,2.52,-1.26,-12.88
1.059954,-0.4641,-0.8599,0.5109,3.43,-1.47,-14.42
1.060551,-0.4651,-0.8608,0.5056,2.66,-1.61,-12.74
1.061524,-0.4660,-0.8594,0.5075,3.36,-1.96,-14.35
1.062121,-0.4685,-0.8530,0.5095,2.73,-1.40,-12.25
1.062718,-0.4724,-0.8525,0.5070,3.43,-1.68,-14.63
1.063315,-0.4738,-0.8530,0.5109,2.80,-0.91,-12.39
1.063912,-0.4748,-0.8511,0.5124,3.36,-1.96,-14.77
1.064509,-0.4738,-0.8535,0.5080,3.22,-0.91,-12.53
1.065106,-0.4753,-0.8516,0.5090,3.36,-2.03,-14.63
1.065703,-0.4807,-0.8496,0.5129,3.36,-0.42,-12.81
1.066300,-0.4787,-0.8520,0.5100,3.36,-2.66,-14.35
1.066897,-0.4778,-0.8511,0.5070,3.50,-0.42,-13.02
1.067494,-0.4797,-0.8520,0.5109,3.50,-2.59,-14.42
1.068091,-0.4773,-0.8516,0.5134,3.57,-0.35,-13.16
1.068688,-0.4778,-0.8516,0.5148,3.71,-2.66,-14.14
1.069285,-0.4812,-0.8525,0.5129,3.57,-0.84,-13.58
1.069882,-0.4807,-0.8535,0.5114,3.57,-2.52,-14.00
1.070479,-0.4807,-0.8569,0.5109,4.06,-1.19,-13.37
1.071076,-0.4817,-0.8560,0.5129,3.50,-2.38,-14.00
1.071673,-0.4797,-0.8525,0.5129,3.85,-1.33,-13.16
1.072270,-0.4802,-0.8525,0.5124,3.64,-2.38,-14.07
1.072270,-0.4826,-0.8564,0.5153,3.71,-1.26,-12.88
1.072863,-0.4836,-0.8574,0.5129,4.13,-2.52,-14.21
1.073460,-0.4817,-0.8589,0.5134,3.57,-1.47,-13.16
1.074057,-0.4821,-0.8584,0.5148,4.20,-2.45,-14.14
1.074654,-0.4846,-0.8594,0.5139,3.29,-1.89,-12.67
1.075251,-0.4831,-0.8594,0.5139,4.27,-2.17,-14.35
1.075848,-0.4841,-0.8579,0.5163,3.43,-2.17,-12.67
1.076445,-0.4890,-0.8608,0.5168,4.34,-2.52,-14.07
1.077042,-0.4909,-0.8633,0.5153,3.64,-1.89,-13.09
1.077639,-0.4900,-0.8633,0.5153,4.76,-2.45,-14.00
1.078236,-0.4900,-0.8628,0.5158,3.57,-2.24,-13.44
1.078833,-0.4924,-0.8564,0.5139,4.90,-2.10,-14.14
1.079430,-0.4943,-0.8486,0.5104,3.08,-2.38,-12.60
1.080027,-0.4958,-0.8462,0.5119,4.55,-2.24,-14.21
1.080624,-0.4968,-0.8457,0.5163,3.36,-2.94,-13.09
1.081221,-0.4973,-0.8457,0.5153,4.06,-1.82,-14.21
1.081818,-0.4982,-0.8472,0.5144,3.78,-3.01,-13.65
1.082415,-0.4982,-0.8481,0.5168,3.78,-1.82,-14.07
1.083012,-0.5017,-0.8467,0.5153,3.99,-3.15,-13.58
1.083012,-0.4987,-0.8438,0.5139,3.43,-2.10,-14.14
1.083605,-0.4953,-0.8438,0.5134,4.48,-3.78,-13.79
1.084202,-0.4973,-0.8452,0.5187,3.71,-2.10,-15.05
1.084799,-0.4948,-0.8457,0.5241,3.78,-3.50,-13.51
1.085396,-0.4914,-0.8447,0.5236,3.50,-2.24,-14.84
1.085993,-0.4909,-0.8452,0.5183,4.20,-3.57,-13.86
1.086590,-0.4865,-0.8477,0.5197,3.71,-2.73,-15.05
1.087187,-0.4904,-0.8462,0.5212,3.36,-2.52,-15.47
1.087784,-0.4934,-0.8457,0.5207,3.92,-3.78,-14.14
1.088381,-0.4890,-0.8491,0.5178,3.50,-2.38,-15.96
1.088978,-0.4860,-0.8496,0.5202,3.43,-3.50,-13.72
1.089575,-0.4875,-0.8472,0.5212,3.64,-2.59,-16.38
1.090172,-0.4885,-0.8452,0.5217,3.36,-3.08,-14.14
1.090769,-0.4870,-0.8457,0.5241,3.71,-3.08,-15.96
1.091366,-0.4865,-0.8447,0.5202,3.36,-3.01,-14.35
1.091963,-0.4875,-0.8428,0.5207,3.29,-2.80,-15.82
1.092560,-0.4895,-0.8447,0.5212,3.36,-3.15,-14.35
1.093157,-0.4900,-0.8442,0.5178,3.08,-3.01,-15.82
1.093754,-0.4885,-0.8379,0.5178,3.22,-3.22,-14.56
1.094727,-0.4880,-0.8345,0.5187,2.66,-2.94,-15.96
1.095324,-0.4885,-0.8320,0.5173,3.64,-3.43,-15.19
1.095921,-0.4900,-0.8281,0.5183,2.24,-2.59,-16.17
1.096518,-0.4924,-0.8272,0.5173,3.15,-3.71,-15.19
1.097115,-0.4963,-0.8267,0.5148,2.17,-2.66,-16.52
1.097712,-0.4963,-0.8281,0.5173,3.50,-3.85,-15.47
1.098309,-0.4943,-0.8311,0.5163,1.82,-2.80,-16.45
1.098906,-0.4948,-0.8296,0.5148,3.08,-3.99,-15.75
1.099503,-0.4943,-0.8242,0.5168,2.03,-2.94,-17.29
1.100100,-0.4948,-0.8194,0.5163,2.59,-3.99,-15.33
1.100697,-0.4973,-0.8184,0.5178,1.89,-3.01,-17.50
1.101294,-0.4924,-0.8150,0.5173,1.96,-3.50,-15.54
1.101891,-0.4895,-0.8125,0.5124,1.68,-3.50,-17.78
1.102488,-0.4914,-0.8189,0.5119,1.54,-3.08,-15.82
1.103085,-0.4909,-0.8233,0.5129,1.61,-3.78,-17.85
1.103682,-0.4885,-0.8208,0.5114,1.40,-3.29,-16.31
1.104279,-0.4895,-0.8154,0.5100,1.68,-3.71,-17.64
1.104876,-0.4890,-0.8120,0.5075,0.84,-3.57,-16.38
1.105473,-0.4909,-0.8106,0.5075,1.47,-3.50,-17.92
1.106446,-0.4934,-0.8159,0.5100,0.84,-3.64,-16.66
1.107043,-0.4895,-0.8159,0.5100,1.05,-3.71,-17.71
1.107640,-0.4934,-0.8096,0.5075,0.70,-3.36,-16.87
1.108237,-0.4982,-0.8076,0.5051,0.07,-3.50,-17.64
1.108834,-0.4987,-0.8057,0.5056,0.84,-3.71,-16.87
1.109431,-0.4992,-0.8072,0.5070,-0.42,-3.57,-17.71
1.110028,-0.4973,-0.8106,0.5061,0.56,-3.71,-17.01
1.110625,-0.4987,-0.8091,0.5061,-0.77,-3.71,-16.94
1.111222,-0.4992,-0.8057,0.5065,0.70,-3.71,-17.99
1.111819,-0.4978,-0.8062,0.5051,-1.54,-3.22,-16.66
1.112416,-0.4973,-0.8008,0.5056,0.21,-3.92,-17.64
1.113013,-0.4997,-0.8018,0.5036,-1.40,-3.36,-16.87
1.113610,-0.5012,-0.8072,0.5012,-0.14,-4.13,-17.78
1.114207,-0.5007,-0.8052,0.5022,-1.40,-3.71,-16.80
1.114804,-0.5031,-0.8023,0.5007,-0.56,-3.78,-18.06
1.115401,-0.4992,-0.8023,0.5051,-1.89,-3.99,-16.59
1.115998,-0.5036,-0.8076,0.5070,-1.33,-3.71,-18.41
1.116595,-0.5095,-0.8106,0.5041,-1.47,-4.20,-16.31
1.117192,-0.5080,-0.8086,0.5046,-1.96,-3.50,-18.13
1.117192,-0.5114,-0.8042,0.3748,-1.61,-4.27,-16.24
1.117785,-0.5119,-0.8023,0.4973,-2.24,-3.99,-18.06
1.118382,-0.5080,-0.7989,0.4987,-1.47,-4.06,-16.17
1.118979,-0.5090,-0.7993,0.5007,-2.45,-4.48,-18.34
1.119576,-0.5114,-0.8062,0.4987,-2.17,-3.64,-15.89
1.120173,-0.5119,-0.8101,0.4968,-2.87,-4.20,-18.13
1.120770,-0.5129,-0.8086,0.4963,-2.45,-3.64,-16.17
1.121367,-0.5139,-0.8062,0.5002,-3.08,-4.69,-18.20
1.121964,-0.5100,-0.8081,0.4992,-3.85,-4.62,-18.06
1.122561,-0.5104,-0.8101,0.4973,-2.24,-3.92,-16.24
1.123158,-0.5100,-0.8120,0.4963,-3.64,-4.97,-18.62
1.123755,-0.5100,-0.8120,0.5012,-3.50,-3.36,-16.03
1.124352,-0.5090,-0.8150,0.5007,-3.64,-4.97,-17.92
1.124949,-0.5109,-0.8164,0.4963,-3.36,-3.15,-16.17
1.125546,-0.5124,-0.8159,0.4987,-4.06,-5.53,-17.85
1.126143,-0.5070,-0.8145,0.4992,-3.85,-3.22,-15.96
1.126740,-0.5041,-0.8125,0.4992,-4.20,-5.46,-18.27
1.127337,-0.5036,-0.8140,0.4968,-4.13,-2.80,-16.17
1.127934,-0.5031,-0.8174,0.4968,-4.62,-5.53,-17.78
1.128907,-0.5046,-0.8198,0.4997,-4.20,-2.87,-16.03
1.129504,-0.5065,-0.8174,0.5002,-4.27,-5.95,-17.85
1.130101,-0.5070,-0.8150,0.5002,-4.69,-2.59,-16.17
1.130698,-0.5041,-0.8159,0.4982,-4.69,-6.09,-17.64
1.131295,-0.5031,-0.8154,0.4968,-5.39,-2.10,-15.82
1.131892,-0.5041,-0.8135,0.5002,-4.48,-6.23,-17.64
1.132489,-0.5041,-0.8125,0.5002,-5.74,-2.24,-15.75
1.133086,-0.5022,-0.8111,0.4982,-4.62,-5.95,-17.36
1.133683,-0.5031,-0.8096,0.4924,-5.60,-2.80,-15.61
1.134280,-0.5061,-0.8125,0.4890,-4.90,-5.60,-17.50
1.134877,-0.5036,-0.8130,0.4948,-5.95,-2.73,-15.05
1.135474,-0.5041,-0.8111,0.4997,-5.39,-5.18,-17.57
1.136071,-0.5056,-0.8101,0.4978,-5.88,-2.87,-14.56
1.136668,-0.5017,-0.8101,0.4939,-5.67,-5.04,-17.22
1.137265,-0.5002,-0.8115,0.4943,-6.16,-3.01,-14.28
1.137862,-0.4997,-0.8130,0.4919,-5.67,-4.69,-17.43
1.138459,-0.4973,-0.8145,0.4900,-6.37,-3.08,-13.44
1.139056,-0.4924,-0.8150,0.4914,-5.88,-4.55,-17.29
1.139653,-0.4880,-0.8145,0.4904,-6.44,-3.15,-13.02
1.139653,-0.4900,-0.8125,0.4924,-6.37,-4.27,-17.22
1.140246,-0.4904,-0.8091,0.4909,-6.09,-3.71,-12.81
1.140843,-0.4851,-0.8169,0.4860,-6.93,-3.71,-17.01
1.141440,-0.4846,-0.8208,0.4885,-6.30,-2.94,-12.39
1.142037,-0.4851,-0.8159,0.4924,-7.35,-3.99,-17.01
1.142634,-0.4802,-0.8145,0.4890,-6.30,-2.87,-12.46
1.143231,-0.4758,-0.8154,0.4856,-7.42,-3.50,-16.10
1.143828,-0.4753,-0.8169,0.4890,-6.30,-3.22,-12.11
1.144425,-0.4758,-0.8164,0.4885,-7.91,-2.87,-16.31
1.145022,-0.4748,-0.8174,0.4870,-6.51,-2.87,-11.41
1.145619,-0.4709,-0.8203,0.4885,-8.05,-2.94,-16.10
1.146216,-0.4670,-0.8218,0.4875,-6.72,-2.80,-11.27
1.146813,-0.4631,-0.8223,0.4904,-7.70,-2.66,-15.89
1.147410,-0.4616,-0.8242,0.4904,-7.07,-2.59,-10.71
1.148007,-0.4680,-0.8262,0.4895,-8.12,-2.38,-15.19
1.148604,-0.4695,-0.8237,0.4914,-6.93,-2.17,-10.92
1.149201,-0.4660,-0.8198,0.4890,-8.26,-1.89,-14.70
1.149798,-0.4670,-0.8198,0.4885,-6.93,-2.24,-11.06
1.150395,-0.4685,-0.8198,0.4865,-8.75,-1.19,-14.14
1.150395,-0.4670,-0.8194,0.4841,-7.00,-1.89,-11.06
1.150988,-0.4670,-0.8228,0.4860,-8.96,-0.91,-13.65
1.151585,-0.4675,-0.8296,0.4865,-6.93,-2.10,-11.34
1.152182,-0.4680,-0.8325,0.4860,-9.17,-0.49,-13.16
1.152779,-0.4680,-0.8316,0.4885,-6.86,-1.89,-11.97
1.153376,-0.4704,-0.8335,0.4895,-9.24,-0.21,-12.39
1.153973,-0.4704,-0.8359,0.4870,-7.14,-1.40,-11.76
1.154570,-0.4680,-0.8369,0.4880,-9.24,0.07,-12.04
1.155167,-0.4729,-0.8374,0.4880,-8.82,0.35,-11.76
1.155764,-0.4729,-0.8408,0.4909,-7.70,-0.42,-12.11
1.156361,-0.4758,-0.8457,0.4880,-8.68,0.70,-11.62
1.156958,-0.4714,-0.8486,0.4865,-8.05,0.07,-12.32
1.157555,-0.4675,-0.8481,0.4924,-8.19,0.35,-11.83
1.158152,-0.4729,-0.8477,0.4895,-8.68,0.35,-12.18
1.158749,-0.4734,-0.8520,0.4836,-8.05,0.70,-11.34
1.159346,-0.4724,-0.8579,0.4865,-8.96,0.42,-12.46
1.159943,-0.4787,-0.8555,0.4900,-8.12,1.47,-11.69
1.160540,-0.4802,-0.8511,0.4900,-8.96,0.63,-12.25
1.161137,-0.4792,-0.8540,0.4900,-7.84,1.82,-11.55
1.162110,-0.4787,-0.8584,0.4909,-9.03,1.19,-13.02
1.162707,-0.4778,-0.8560,0.4919,-8.05,1.89,-11.48
1.163304,-0.4792,-0.8584,0.4919,-8.68,1.75,-13.16
1.163901,-0.4792,-0.8623,0.4875,-8.40,2.03,-11.76
1.164498,-0.4807,-0.8574,0.4860,-8.54,1.61,-13.44
1.165095,-0.4831,-0.8569,0.4900,-8.33,2.73,-11.83
1.165692,-0.4821,-0.8603,0.4914,-8.33,1.82,-13.72
1.166289,-0.4831,-0.8608,0.4900,-8.40,3.22,-11.41
1.166886,-0.4836,-0.8628,0.4856,-8.33,2.66,-14.07
1.167483,-0.4812,-0.8652,0.4826,-8.61,3.29,-11.48
1.168080,-0.4826,-0.8633,0.4826,-7.91,2.94,-14.63
1.168677,-0.4826,-0.8647,0.4856,-8.26,3.43,-11.90
1.169274,-0.4841,-0.8677,0.4875,-8.47,3.43,-14.56
1.169871,-0.4870,-0.8682,0.4875,-8.12,3.57,-12.18
1.170468,-0.4846,-0.8682,0.4900,-8.26,3.92,-14.84
1.171065,-0.4856,-0.8677,0.4890,-7.77,4.13,-12.81
1.171662,-0.4860,-0.8682,0.4890,-8.54,4.34,-15.47
1.172259,-0.4856,-0.8667,0.4909,-7.49,4.69,-13.23
1.172856,-0.4895,-0.8633,0.4860,-8.68,4.62,-15.47
1.173829,-0.4900,-0.8618,0.4826,-7.56,5.04,-13.23
1.174426,-0.4919,-0.8633,0.4865,-8.75,4.90,-15.89
1.175023,-0.4919,-0.8633,0.4846,-7.21,4.90,-14.21
1.175620,-0.4890,-0.8603,0.4826,-9.03,5.74,-16.10
1.176217,-0.4900,-0.8652,0.4856,-7.49,5.18,-14.70
1.176814,-0.4909,-0.8667,0.4846,-8.47,6.16,-16.87
1.177411,-0.4904,-0.8633,0.4802,-7.77,5.60,-14.84
1.178008,-0.4909,-0.8633,0.4787,-8.19,6.16,-17.57
1.178605,-0.4914,-0.8642,0.4821,-7.98,6.02,-15.40
1.179202,-0.4929,-0.8652,0.4812,-7.98,6.86,-18.13
1.179799,-0.4919,-0.8657,0.4787,-8.12,6.30,-15.68
1.180396,-0.4904,-0.8682,0.4782,-7.98,7.35,-18.20
1.180993,-0.4895,-0.8677,0.4802,-7.91,6.30,-16.24
1.181590,-0.4875,-0.8682,0.4797,-7.98,7.91,-18.69
1.182187,-0.4895,-0.8716,0.4773,-8.19,6.86,-16.17
1.182784,-0.4924,-0.8686,0.4763,-7.49,7.91,-19.18
1.183381,-0.4924,-0.8657,0.4724,-8.26,7.35,-16.59
1.183978,-0.4943,-0.8711,0.4729,-7.21,8.33,-19.53
1.184575,-0.4929,-0.8784,0.4729,-8.61,7.98,-16.80
1.184575,-0.4909,-0.8779,0.4695,-6.93,8.61,-20.16
1.185168,-0.4909,-0.8735,0.4714,-8.47,8.33,-17.08
1.185765,-0.4924,-0.8706,0.4729,-6.93,8.96,-20.58
1.186362,-0.4982,-0.8711,0.4714,-8.54,9.03,-17.15
1.186959,-0.5007,-0.8696,0.4675,-7.07,9.31,-20.79
1.187556,-0.4992,-0.8686,0.4690,-8.40,9.17,-17.36
1.188153,-0.5022,-0.8725,0.4724,-7.07,9.45,-21.00
1.188750,-0.5007,-0.8745,0.4699,-7.98,9.66,-17.64
1.189347,-0.4987,-0.8730,0.4685,-7.21,9.45,-21.56
1.189944,-0.5036,-0.8745,0.4704,-7.28,10.15,-18.20
1.190541,-0.5026,-0.8764,0.4724,-7.70,9.52,-21.21
1.191138,-0.5041,-0.8764,0.4743,-7.21,11.20,-18.90
1.191735,-0.5109,-0.8764,0.4724,-7.77,9.59,-20.72
1.192332,-0.5095,-0.8813,0.4709,-6.51,10.78,-19.81
1.192929,-0.5080,-0.8818,0.4724,-8.05,10.64,-20.79
1.193526,-0.5100,-0.8808,0.4699,-6.37,11.41,-20.02
1.194123,-0.5104,-0.8872,0.4704,-7.70,10.57,-21.07
1.194720,-0.5109,-0.8906,0.4685,-6.37,12.11,-19.60
1.195317,-0.5085,-0.8930,0.4690,-7.63,11.20,-21.49
1.195317,-0.5070,-0.8926,0.4719,-6.44,12.18,-20.30
1.195910,-0.5100,-0.8886,0.4690,-7.14,11.20,-21.70
1.196507,-0.5119,-0.8847,0.4729,-6.30,12.81,-20.79
1.197104,-0.5104,-0.8877,0.4738,-6.86,11.20,-21.77
1.197701,-0.5119,-0.8906,0.4753,-6.30,12.95,-20.93
1.198298,-0.5173,-0.8872,0.4773,-6.30,11.83,-21.77
1.198895,-0.5192,-0.8882,0.4787,-6.51,13.30,-21.14
1.199492,-0.5163,-0.8950,0.4807,-6.37,12.32,-21.63
1.200089,-0.5178,-0.8984,0.4787,-6.16,12.95,-21.77
1.200686,-0.5207,-0.8989,0.4817,-6.23,13.02,-22.05
1.201283,-0.5192,-0.8984,0.4831,-5.95,13.51,-22.05
1.201880,-0.5187,-0.8955,0.4865,-6.44,13.37,-22.33
1.202477,-0.5192,-0.8940,0.4895,-5.67,13.86,-22.26
1.203074,-0.5202,-0.8994,0.4919,-6.09,14.28,-22.26
1.203671,-0.5178,-0.9038,0.4909,-5.32,13.86,-22.54
1.204268,-0.5178,-0.9057,0.4870,-5.74,14.42,-22.26
1.204865,-0.5192,-0.9072,0.4900,-5.67,14.07,-23.38
1.205462,-0.5173,-0.9101,0.4934,-5.25,14.42,-22.54
1.206059,-0.5187,-0.9101,0.4934,-5.67,14.63,-23.80
1.207032,-0.5192,-0.9052,0.4934,-4.97,14.77,-22.19
1.207629,-0.5168,-0.9072,0.4934,-5.53,14.84,-23.80
1.208226,-0.5178,-0.9096,0.4963,-4.41,14.84,-22.54
1.208823,-0.5197,-0.9087,0.5061,-5.67,15.40,-24.15
1.209420,-0.5217,-0.9106,0.5104,-4.27,15.33,-22.68
1.210017,-0.5226,-0.9111,0.5041,-5.53,15.89,-24.15
1.210614,-0.5212,-0.9111,0.5022,-3.92,15.26,-22.40
1.211211,-0.5246,-0.9121,0.5075,-4.97,16.10,-24.36
1.211808,-0.5275,-0.9087,0.5095,-4.41,16.87,-25.13
1.212405,-0.5290,-0.9077,0.5168,-3.92,15.89,-21.91
1.213002,-0.5305,-0.9087,0.5183,-4.27,17.08,-25.41
1.213599,-0.5295,-0.9096,0.5168,-3.64,16.03,-21.91
1.214196,-0.5309,-0.9096,0.5139,-4.48,17.64,-25.48
1.214793,-0.5358,-0.9106,0.5134,-3.57,16.66,-21.49
1.215390,-0.5344,-0.9106,0.5124,-3.92,17.43,-25.13
1.215987,-0.5314,-0.9145,0.5148,-3.29,17.29,-21.98
1.216584,-0.5353,-0.9170,0.5202,-3.50,17.78,-24.71
1.217181,-0.5383,-0.9170,0.5197,-3.22,17.99,-22.33
1.217778,-0.5388,-0.9189,0.5236,-3.43,17.85,-24.22
1.218750,-0.5417,-0.9194,0.5236,-3.22,18.34,-22.19
1.219347,-0.5436,-0.9150,0.5246,-2.94,17.71,-24.22
1.219944,-0.5470,-0.9091,0.5329,-2.87,18.83,-22.12
1.220541,-0.5510,-0.9057,0.5348,-3.01,17.71,-24.01
1.221138,-0.5519,-0.9111,0.5353,-2.87,19.32,-21.56
1.221735,-0.5539,-0.9155,0.5363,-2.52,18.27,-24.22
1.222332,-0.5588,-0.9155,0.5397,-2.87,19.60,-21.56
1.222929,-0.5573,-0.9140,0.5446,-2.66,18.13,-24.08
1.223526,-0.5563,-0.9121,0.5436,-2.31,19.88,-21.77
1.224123,-0.5632,-0.9140,0.5422,-2.80,18.97,-23.38
1.224720,-0.5622,-0.9126,0.5427,-2.17,20.02,-21.35
1.225317,-0.5583,-0.9077,0.5451,-2.52,18.62,-23.66
1.225914,-0.5592,-0.9072,0.5539,-1.96,20.86,-21.21
1.226511,-0.5602,-0.9126,0.5602,-2.31,18.83,-23.52
1.227108,-0.5602,-0.9130,0.5558,-1.47,20.65,-21.07
1.227705,-0.5597,-0.9121,0.5529,-2.24,19.46,-23.66
1.228302,-0.5583,-0.9126,0.5563,-1.12,20.65,-21.49
1.228899,-0.5563,-0.9111,0.5622,-2.31,19.95,-23.38
1.229496,-0.5597,-0.9111,0.5675,-0.91,21.07,-21.07
1.229496,-0.5641,-0.9140,0.5651,-2.24,20.23,-23.38
1.230090,-0.5666,-0.9150,0.5651,-0.63,21.07,-21.07
1.230687,-0.5651,-0.9155,0.5724,-2.24,20.79,-22.96
1.231284,-0.5680,-0.9150,0.5734,-0.56,21.21,-21.49
1.231881,-0.5749,-0.9111,0.5680,-2.31,21.49,-22.82
1.232478,-0.5763,-0.9091,0.5705,-0.28,21.49,-21.14
1.233075,-0.5749,-0.9082,0.5783,-1.96,21.21,-22.96
1.233672,-0.5773,-0.9106,0.5778,-0.63,21.77,-21.63
1.234269,-0.5827,-0.9135,0.5754,-1.54,21.56,-22.68
1.234866,-0.5880,-0.9116,0.5724,-0.63,21.49,-21.98
1.235463,-0.5895,-0.9126,0.5744,-0.70,21.98,-21.77
1.236060,-0.5949,-0.9091,0.5739,-1.05,22.47,-22.75
1.236657,-0.5978,-0.9038,0.5739,-0.84,22.19,-22.33
1.237254,-0.5978,-0.8999,0.5754,-0.56,22.75,-22.54
1.237851,-0.6012,-0.8979,0.5734,-1.05,22.33,-22.61
1.238448,-0.6037,-0.9004,0.5700,-0.35,22.75,-22.40
1.239045,-0.6017,-0.8984,0.5705,-0.98,22.33,-22.96
1.239642,-0.6051,-0.8965,0.5734,-0.77,23.17,-22.82
1.240239,-0.6085,-0.8950,0.5729,-0.98,22.75,-23.52
1.241211,-0.6090,-0.8926,0.5695,-0.98,23.24,-22.75
1.241808,-0.6105,-0.8896,0.5719,-0.70,22.82,-23.94
1.242405,-0.6110,-0.8833,0.5768,-1.19,23.73,-23.03
1.243002,-0.6085,-0.8799,0.5744,-0.56,23.31,-24.64
1.243599,-0.6105,-0.8799,0.5700,-1.33,23.59,-22.96
1.244196,-0.6178,-0.8804,0.5690,-0.63,23.38,-25.13
1.244793,-0.6154,-0.8799,0.5690,-1.26,23.59,-23.03
1.245390,-0.6163,-0.8745,0.5700,-1.19,24.36,-23.94
1.245987,-0.6159,-0.8696,0.5671,-1.26,23.87,-25.27
1.246584,-0.6168,-0.8642,0.5651,-1.05,23.80,-24.29
1.247181,-0.6202,-0.8599,0.5651,-1.61,24.22,-25.83
1.247778,-0.6222,-0.8530,0.5675,-1.47,24.01,-24.64
1.248375,-0.6188,-0.8511,0.5661,-1.68,24.36,-26.04
1.248972,-0.6173,-0.8496,0.5646,-1.68,24.29,-24.85
1.249569,-0.6193,-0.8462,0.5661,-1.47,24.36,-26.81
1.250166,-0.6193,-0.8428,0.5617,-2.24,24.85,-25.27
1.250763,-0.6212,-0.8369,0.5583,-1.82,24.85,-27.30
1.251360,-0.6251,-0.8301,0.5607,-2.52,24.78,-25.76
1.251957,-0.6251,-0.8267,0.5592,-1.82,24.64,-27.72
1.252930,-0.6217,-0.8223,0.5563,-3.01,25.13,-25.69
1.253527,-0.6198,-0.8198,0.5563,-2.31,24.99,-28.63
1.254124,-0.6183,-0.8233,0.5568,-3.08,25.13,-26.60
1.254721,-0.6193,-0.8208,0.5549,-3.15,25.20,-28.84
1.255318,-0.6232,-0.8164,0.5529,-3.22,25.06,-27.02
1.255915,-0.6232,-0.8135,0.5446,-3.78,25.97,-29.26
1.256512,-0.6202,-0.8062,0.5436,-4.27,26.25,-30.31
1.257109,-0.6212,-0.7998,0.5441,-4.83,26.53,-31.08
1.257706,-0.6212,-0.7950,0.5446,-3.92,25.55,-28.21
1.258303,-0.6183,-0.7930,0.5436,-5.74,26.81,-31.64
1.258900,-0.6178,-0.7906,0.5446,-4.41,25.41,-28.49
1.259497,-0.6168,-0.7847,0.5422,-5.95,27.09,-32.27
1.260094,-0.6178,-0.7808,0.5412,-5.18,25.97,-28.84
1.260691,-0.6163,-0.7798,0.5402,-6.58,27.02,-32.97
1.261288,-0.6124,-0.7764,0.5339,-5.67,26.25,-29.54
1.261885,-0.6085,-0.7730,0.5344,-6.93,27.37,-33.67
1.262482,-0.6051,-0.7730,0.5412,-6.23,26.81,-30.17
1.263079,-0.6071,-0.7706,0.5427,-7.21,27.51,-33.95
1.263676,-0.6046,-0.7681,0.5378,-7.00,27.30,-31.08
1.264649,-0.6002,-0.7686,0.5334,-7.77,27.37,-34.51
1.265246,-0.5978,-0.7671,0.5324,-8.12,28.00,-31.15
1.265843,-0.5968,-0.7642,0.5329,-7.77,27.37,-35.42
1.266440,-0.5944,-0.7623,0.5295,-8.47,28.49,-31.57
1.267037,-0.5910,-0.7593,0.5256,-8.61,27.79,-35.49
1.267634,-0.5866,-0.7569,0.5251,-9.10,28.63,-32.06
1.268231,-0.5822,-0.7549,0.5241,-9.03,28.49,-36.40
1.268828,-0.5778,-0.7530,0.5192,-9.38,28.91,-33.39
1.269425,-0.5739,-0.7505,0.5158,-9.94,28.63,-36.19
1.270022,-0.5739,-0.7476,0.5163,-9.87,29.54,-34.23
1.270619,-0.5773,-0.7462,0.5173,-10.57,29.40,-36.68
1.271216,-0.5749,-0.7486,0.5187,-10.36,30.03,-35.28
1.271813,-0.5675,-0.7466,0.5158,-11.55,29.33,-36.89
1.272410,-0.5636,-0.7462,0.5119,-10.64,30.45,-35.77
1.273007,-0.5651,-0.7471,0.5124,-12.32,29.82,-36.96
1.273604,-0.5622,-0.7447,0.5090,-11.41,31.01,-36.82
1.274201,-0.5578,-0.7447,0.5065,-12.39,30.17,-36.89
1.274798,-0.5558,-0.7432,0.5109,-11.83,31.85,-38.01
1.275395,-0.5534,-0.7462,0.5061,-12.95,30.52,-36.96
1.275395,-0.5500,-0.7481,0.4973,-12.74,32.20,-38.36
1.275988,-0.5475,-0.7501,0.4963,-13.30,30.73,-37.31
1.276585,-0.5466,-0.7535,0.4953,-13.79,32.83,-38.71
1.277182,-0.5456,-0.7530,0.4919,-13.44,31.01,-37.45
1.277779,-0.5431,-0.7535,0.4934,-14.21,33.39,-39.34
1.278376,-0.5402,-0.7540,0.4934,-14.07,31.92,-36.89
1.278973,-0.5363,-0.7584,0.4968,-14.98,33.53,-39.90
1.279570,-0.5353,-0.7588,0.4924,-14.00,32.13,-37.24
1.280167,-0.5368,-0.7623,0.4890,-14.77,33.25,-37.45
1.280764,-0.5344,-0.7618,0.4890,-15.89,34.23,-39.83
1.281361,-0.5324,-0.7598,0.4836,-14.98,33.60,-37.73
1.281958,-0.5348,-0.7584,0.4885,-16.73,35.21,-40.11
1.282555,-0.5324,-0.7574,0.4934,-15.12,34.30,-37.17
1.283152,-0.5285,-0.7554,0.4890,-16.59,35.84,-40.18
1.283749,-0.5300,-0.7584,0.4865,-15.61,34.72,-37.31
1.284346,-0.5295,-0.7598,0.4875,-17.50,36.33,-39.83
1.284943,-0.5256,-0.7598,0.4860,-15.75,35.49,-37.38
1.285540,-0.5236,-0.7623,0.4865,-17.85,36.33,-39.76
1.286137,-0.5231,-0.7671,0.4875,-16.52,36.33,-37.24
1.287110,-0.5192,-0.7681,0.4851,-17.92,36.96,-39.34
1.287707,-0.5163,-0.7666,0.4817,-17.01,36.96,-37.03
1.288304,-0.5114,-0.7725,0.4792,-17.99,37.45,-39.55
1.288901,-0.5056,-0.7784,0.4812,-17.57,37.66,-36.68
1.289498,-0.5070,-0.7788,0.4787,-17.99,37.87,-39.20
1.290095,-0.5070,-0.7793,0.4758,-17.92,38.15,-36.68
1.290692,-0.4978,-0.7871,0.4787,-18.34,38.99,-36.33
1.291289,-0.4963,-0.7925,0.4812,-18.06,39.20,-38.64
1.291886,-0.4939,-0.7940,0.4797,-19.04,39.83,-35.84
1.292483,-0.4900,-0.7959,0.4802,-18.20,39.76,-37.94
1.293080,-0.4895,-0.7989,0.4787,-18.97,40.88,-35.77
1.293677,-0.4875,-0.8032,0.4763,-18.48,40.39,-37.17
1.294274,-0.4836,-0.8072,0.4778,-19.04,41.51,-35.56
1.294871,-0.4792,-0.8101,0.4778,-18.27,40.95,-36.89
1.295468,-0.4758,-0.8150,0.4758,-19.25,42.63,-35.14
1.296065,-0.4734,-0.8159,0.4778,-18.13,42.00,-36.12
1.296662,-0.4719,-0.8194,0.4758,-19.25,43.26,-34.58
1.297259,-0.4695,-0.8281,0.4704,-18.41,42.42,-35.63
1.297856,-0.4656,-0.8306,0.4690,-18.97,43.96,-34.37
1.298829,-0.4621,-0.8306,0.4670,-18.83,43.47,-34.79
1.299426,-0.4592,-0.8320,0.4680,-18.20,44.31,-34.23
1.300023,-0.4577,-0.8374,0.4690,-19.11,44.31,-34.23
1.300620,-0.4558,-0.8452,0.4670,-18.13,45.15,-33.53
1.301217,-0.4577,-0.8501,0.4685,-19.11,45.36,-33.88
1.301814,-0.4553,-0.8496,0.4690,-17.85,46.13,-32.83
1.302411,-0.4514,-0.8520,0.4636,-17.85,46.62,-32.83
1.303008,-0.4455,-0.8540,0.4616,-19.04,47.46,-31.71
1.303605,-0.4446,-0.8599,0.4665,-17.29,47.18,-32.90
1.304202,-0.4470,-0.8686,0.4680,-18.69,48.51,-30.66
1.304799,-0.4465,-0.8755,0.4660,-17.22,48.16,-32.55
1.305396,-0.4465,-0.8784,0.4665,-18.48,49.14,-29.82
1.305993,-0.4485,-0.8813,0.4724,-17.29,48.86,-31.71
1.306590,-0.4465,-0.8852,0.4734,-17.85,50.26,-28.98
1.307187,-0.4426,-0.8886,0.4675,-17.01,49.70,-31.22
1.307784,-0.4387,-0.8960,0.4660,-17.15,51.10,-28.00
1.308381,-0.4387,-0.9033,0.4665,-16.73,50.33,-30.73
1.308978,-0.4363,-0.9082,0.4695,-16.73,51.87,-27.44
1.309575,-0.4338,-0.9140,0.4695,-17.08,51.94,-30.31
1.310547,-0.4348,-0.9189,0.4695,-15.75,52.29,-26.67
1.311144,-0.4319,-0.9179,0.4763,-16.80,52.36,-29.54
1.311741,-0.4324,-0.9184,0.4778,-15.19,53.48,-26.18
1.312338,-0.4368,-0.9233,0.4787,-16.87,52.92,-28.84
1.312935,-0.4392,-0.9301,0.4782,-14.14,54.32,-25.97
1.313532,-0.4382,-0.9370,0.4812,-14.14,55.23,-24.64
1.314129,-0.4397,-0.9384,0.4807,-15.33,54.53,-27.44
1.314726,-0.4407,-0.9448,0.4817,-13.65,56.14,-24.57
1.315323,-0.4416,-0.9511,0.4826,-14.63,55.72,-26.60
1.315920,-0.4421,-0.9526,0.4831,-13.30,56.42,-23.73
1.316517,-0.4475,-0.9526,0.4841,-14.28,56.49,-25.48
1.317114,-0.4519,-0.9555,0.4826,-12.74,57.40,-22.82
1.317711,-0.4558,-0.9560,0.4870,-13.51,57.19,-25.41
1.318308,-0.4587,-0.9570,0.4900,-12.39,58.03,-22.82
1.318905,-0.4587,-0.9618,0.4904,-12.74,58.24,-23.94
1.319502,-0.4577,-0.9614,0.4924,-11.97,59.08,-21.98
1.320099,-0.4607,-0.9623,0.4934,-11.69,58.66,-23.45
1.320696,-0.4675,-0.9643,0.4914,-12.04,59.99,-21.21
1.321293,-0.4719,-0.9618,0.4929,-10.92,59.01,-22.75
1.322266,-0.4734,-0.9614,0.4943,-11.20,60.69,-20.93
1.322863,-0.4831,-0.9609,0.4968,-10.43,59.57,-22.05
1.323460,-0.4846,-0.9628,0.4982,-9.73,60.13,-21.63
1.324057,-0.4875,-0.9633,0.4982,-10.01,62.58,-19.74
1.324654,-0.4909,-0.9643,0.5002,-8.89,60.13,-21.35
1.325251,-0.4973,-0.9658,0.5012,-9.94,63.42,-19.18
1.325848,-0.5031,-0.9672,0.5022,-7.91,60.55,-20.79
1.326445,-0.5046,-0.9711,0.4982,-9.17,63.98,-19.04
1.327042,-0.5061,-0.9687,0.4934,-7.63,61.18,-20.23
1.327639,-0.5153,-0.9677,0.4948,-8.40,64.54,-17.99
1.328236,-0.5197,-0.9687,0.4973,-7.00,61.32,-20.09
1.328833,-0.5226,-0.9682,0.4939,-8.05,64.82,-17.64
1.329430,-0.5275,-0.9697,0.4943,-6.79,62.09,-19.95
1.330027,-0.5275,-0.9682,0.4958,-6.86,64.82,-17.50
1.330624,-0.5300,-0.9662,0.4953,-6.51,62.93,-19.46
1.331221,-0.5363,-0.9638,0.4982,-6.16,64.82,-17.43
1.331818,-0.5461,-0.9604,0.4939,-6.44,63.56,-19.11
1.332415,-0.5490,-0.9594,0.4904,-5.04,64.96,-16.94
1.333012,-0.5470,-0.9575,0.4904,-6.23,64.05,-19.39
1.333985,-0.5510,-0.9540,0.4875,-4.90,65.17,-16.59
1.334582,-0.5573,-0.9521,0.4880,-5.81,64.33,-18.83
1.335179,-0.5612,-0.9521,0.4919,-4.13,65.03,-16.87
1.335776,-0.5729,-0.9462,0.4870,-5.39,64.75,-18.83
1.336373,-0.5763,-0.9409,0.4841,-5.18,64.61,-18.97
1.336970,-0.5802,-0.9394,0.4841,-3.29,65.45,-16.31
1.337567,-0.5832,-0.9414,0.4851,-4.55,65.45,-19.67
1.338164,-0.5876,-0.9404,0.4836,-3.36,65.52,-15.47
1.338761,-0.5954,-0.9331,0.4836,-3.99,65.38,-18.97
1.339358,-0.5978,-0.9262,0.4821,-3.01,65.52,-15.82
1.339955,-0.6002,-0.9248,0.4807,-3.64,65.59,-18.76
1.340552,-0.6046,-0.9228,0.4787,-3.15,65.87,-15.75
1.341149,-0.6129,-0.9170,0.4792,-3.08,65.24,-18.55
1.341746,-0.6168,-0.9145,0.4797,-3.01,65.31,-15.96
1.342343,-0.6188,-0.9087,0.4778,-2.45,65.24,-18.48
1.342940,-0.6261,-0.8989,0.4773,-2.94,65.45,-15.47
1.343537,-0.6305,-0.8984,0.4778,-2.59,65.31,-18.27
1.344134,-0.6329,-0.8969,0.4787,-2.66,64.96,-15.54
1.344731,-0.6412,-0.8916,0.4758,-2.45,65.31,-18.34
1.345704,-0.6529,-0.8804,0.4787,-2.59,65.10,-17.50
1.346301,-0.6544,-0.8769,0.4748,-2.24,63.91,-15.68
1.346898,-0.6573,-0.8750,0.4704,-2.66,65.45,-17.71
1.347495,-0.6642,-0.8730,0.4714,-2.17,63.91,-15.40
1.348092,-0.6710,-0.8706,0.4699,-3.01,65.17,-16.87
1.348689,-0.6749,-0.8682,0.4675,-1.89,63.91,-15.68
1.349286,-0.6778,-0.8647,0.4675,-2.73,64.05,-16.38
1.349883,-0.6847,-0.8608,0.4685,-1.96,63.91,-15.96
1.350480,-0.6934,-0.8569,0.4675,-2.73,63.84,-15.75
1.351077,-0.6988,-0.8560,0.4651,-2.17,63.35,-15.89
1.351674,-0.7042,-0.8569,0.4656,-2.94,63.21,-15.12
1.352271,-0.7105,-0.8501,0.4646,-2.24,62.79,-15.82
1.352868,-0.7125,-0.8452,0.4612,-3.01,63.07,-14.35
1.353465,-0.7120,-0.8467,0.4631,-2.31,62.23,-16.24
1.354062,-0.7154,-0.8433,0.4616,-3.29,62.65,-13.86
1.354659,-0.7242,-0.8389,0.4573,-2.80,62.16,-15.89
1.355256,-0.7296,-0.8364,0.4558,-3.57,61.95,-13.23
1.355853,-0.7286,-0.8335,0.4582,-2.45,61.67,-16.17
1.356450,-0.7296,-0.8330,0.4597,-4.06,61.53,-12.67
1.357422,-0.7344,-0.8325,0.4553,-2.80,61.18,-16.17
1.358019,-0.7369,-0.8267,0.4558,-4.20,60.90,-11.69
1.358616,-0.7364,-0.8218,0.4573,-3.01,60.27,-16.66
1.359213,-0.7403,-0.8208,0.4568,-4.41,60.34,-10.99
1.359810,-0.7379,-0.8164,0.4573,-3.43,59.29,-16.24
1.360407,-0.7359,-0.8115,0.4563,-4.27,60.20,-10.29
1.361004,-0.7393,-0.8091,0.4548,-4.27,58.24,-16.31
1.361601,-0.7403,-0.8091,0.4582,-4.55,59.85,-10.01
1.362198,-0.7408,-0.8057,0.4582,-4.55,57.54,-16.03
1.362795,-0.7388,-0.7998,0.4543,-4.69,59.43,-9.24
1.363392,-0.7374,-0.7984,0.4529,-5.18,57.19,-15.82
1.363989,-0.7393,-0.7964,0.4524,-4.76,58.24,-8.89
1.364586,-0.7388,-0.7930,0.4504,-5.95,56.91,-15.61
1.365183,-0.7310,-0.7940,0.4480,-4.90,57.68,-8.54
1.365780,-0.7261,-0.7915,0.4441,-6.79,56.63,-15.05
1.366377,-0.7271,-0.7871,0.4431,-4.62,56.84,-8.12
1.366974,-0.7276,-0.7862,0.4470,-7.49,56.56,-14.84
1.367571,-0.7232,-0.7871,0.4485,-4.97,56.35,-7.91
1.368168,-0.7213,-0.7910,0.4485,-7.91,55.79,-14.49
1.368168,-0.7203,-0.7901,0.4504,-5.32,55.58,-7.28
1.368761,-0.7120,-0.7915,0.4509,-5.88,55.09,-7.14
1.369358,-0.7125,-0.7925,0.4465,-8.75,55.58,-13.23
1.369955,-0.7149,-0.7920,0.4431,-6.58,54.53,-7.00
1.370552,-0.7130,-0.7925,0.4455,-9.17,54.88,-12.46
1.371149,-0.7091,-0.7930,0.4441,-7.07,54.04,-6.79
1.371746,-0.7052,-0.7945,0.4455,-9.45,54.60,-11.69
1.372343,-0.7056,-0.7945,0.4465,-7.21,53.20,-6.79
1.372940,-0.7066,-0.7954,0.4431,-9.80,54.53,-11.13
1.373537,-0.7056,-0.7974,0.4436,-8.12,52.92,-6.44
1.374134,-0.7017,-0.7964,0.4431,-10.22,53.83,-10.64
1.374731,-0.7003,-0.7984,0.4421,-8.26,52.64,-6.51
1.375328,-0.7013,-0.7989,0.4446,-10.15,53.34,-9.59
1.375925,-0.6988,-0.8003,0.4480,-8.96,52.57,-6.23
1.376522,-0.6930,-0.8042,0.4460,-10.43,52.57,-8.40
1.377119,-0.6895,-0.8057,0.4451,-9.87,52.43,-6.37
1.377716,-0.6900,-0.8076,0.4460,-10.29,52.36,-7.42
1.378313,-0.6905,-0.8072,0.4455,-10.36,52.01,-6.65
1.378910,-0.6881,-0.8145,0.4441,-10.92,51.94,-5.88
1.380860,-0.6842,-0.8189,0.4470,-10.78,52.01,-5.18
1.381457,-0.6817,-0.8237,0.4485,-11.48,51.66,-5.39
1.382054,-0.6754,-0.8286,0.4451,-10.57,51.80,-4.62
1.382651,-0.6690,-0.8320,0.4407,-11.97,51.38,-5.04
1.383248,-0.6647,-0.8345,0.4426,-10.92,51.87,-3.71
1.383845,-0.6622,-0.8350,0.4490,-12.11,50.89,-4.90
1.384442,-0.6598,-0.8359,0.4485,-10.99,51.87,-2.80
1.385039,-0.6564,-0.8428,0.4431,-12.04,50.89,-4.90
1.385636,-0.6490,-0.8486,0.4485,-11.13,51.45,-1.68
1.386233,-0.6427,-0.8472,0.4504,-12.88,51.03,-4.27
1.386830,-0.6383,-0.8462,0.4470,-11.20,51.45,-0.84
1.387427,-0.6334,-0.8506,0.4490,-12.67,50.96,-3.99
1.388024,-0.6295,-0.8530,0.4490,-11.62,51.52,0.07
1.388621,-0.6251,-0.8545,0.4431,-12.67,50.82,-3.29
1.389218,-0.6163,-0.8569,0.4407,-12.11,51.66,0.70
1.389815,-0.6080,-0.8608,0.4407,-12.39,50.75,-2.66
1.390412,-0.6032,-0.8638,0.4426,-12.67,51.66,1.75
1.391009,-0.6002,-0.8652,0.4465,-12.18,51.17,-2.31
1.391606,-0.5963,-0.8672,0.4426,-12.81,52.15,2.52
1.391606,-0.5910,-0.8701,0.4382,-12.25,50.82,-1.82
1.392199,-0.5841,-0.8735,0.4382,-12.88,52.50,3.29
1.392796,-0.5758,-0.8779,0.4392,-12.18,51.31,-1.12
1.393393,-0.5700,-0.8755,0.4416,-12.74,52.50,4.27
1.393990,-0.5671,-0.8764,0.4416,-12.81,51.59,-0.49
1.394587,-0.5641,-0.8799,0.4426,-12.81,52.99,4.90
1.395184,-0.5583,-0.8804,0.4436,-12.60,52.01,0.28
1.395781,-0.5549,-0.8857,0.4387,-12.88,53.27,6.02
1.396378,-0.5524,-0.8838,0.4353,-12.88,51.87,1.12
1.396975,-0.5475,-0.8843,0.4382,-12.11,53.48,6.58
1.397572,-0.5431,-0.8838,0.4382,-13.02,52.71,2.03
1.398169,-0.5388,-0.8838,0.4392,-11.83,53.90,7.07
1.398766,-0.5363,-0.8872,0.4392,-13.58,53.20,3.01
1.399363,-0.5353,-0.8906,0.4392,-11.48,54.11,7.84
1.399960,-0.5344,-0.8877,0.4387,-13.58,53.76,3.99
1.400557,-0.5334,-0.8818,0.4314,-11.41,54.88,8.54
1.401154,-0.5290,-0.8857,0.4309,-13.72,53.90,5.04
1.401751,-0.5261,-0.8882,0.4309,-11.34,55.37,8.96
1.402348,-0.5256,-0.8847,0.4290,-13.65,54.53,6.44
1.403321,-0.5226,-0.8843,0.4241,-11.62,54.95,10.08
1.403918,-0.5197,-0.8828,0.4231,-11.55,55.72,10.15
1.404515,-0.5202,-0.8818,0.4265,-13.37,55.93,8.54
1.405112,-0.5236,-0.8784,0.4260,-13.09,56.14,10.01
1.405709,-0.5236,-0.8823,0.4246,-11.83,56.98,11.90
1.406306,-0.5212,-0.8779,0.4182,-13.16,57.40,11.76
1.406903,-0.5202,-0.8730,0.4163,-12.32,57.47,13.02
1.407500,-0.5192,-0.8745,0.4202,-12.46,57.89,12.67
1.408097,-0.5158,-0.8750,0.4148,-12.32,57.96,14.28
1.408694,-0.5158,-0.8740,0.4124,-12.04,58.10,14.00
1.409291,-0.5144,-0.8740,0.4172,-12.53,58.87,15.05
1.409888,-0.5134,-0.8740,0.4168,-11.83,58.66,15.61
1.410485,-0.5104,-0.8735,0.4128,-12.81,59.29,16.03
1.411082,-0.5046,-0.8706,0.4094,-11.34,58.80,17.15
1.411679,-0.5036,-0.8652,0.4085,-12.95,59.78,17.22
1.412276,-0.5065,-0.8657,0.4075,-11.27,59.78,18.90
1.412873,-0.5085,-0.8667,0.4060,-11.06,59.92,19.60
1.413470,-0.5061,-0.8652,0.4050,-13.09,61.11,20.51
1.414067,-0.5041,-0.8647,0.4011,-11.06,60.55,21.63
1.415039,-0.5065,-0.8638,0.4002,-12.74,61.39,21.84
1.415636,-0.5051,-0.8599,0.4006,-10.85,61.32,23.45
1.416233,-0.4982,-0.8579,0.4021,-12.88,61.88,22.89
1.416830,-0.4992,-0.8608,0.3987,-11.06,62.09,25.62
1.417427,-0.5026,-0.8618,0.3972,-12.60,62.37,24.08
1.418024,-0.5012,-0.8618,0.3977,-11.20,62.65,26.88
1.418621,-0.4978,-0.8589,0.3953,-12.46,63.21,25.62
1.419218,-0.4958,-0.8516,0.3938,-11.48,63.14,28.63
1.419815,-0.4978,-0.8496,0.3933,-12.18,63.35,27.44
1.420412,-0.4978,-0.8467,0.3943,-11.41,63.84,30.31
1.421009,-0.4948,-0.8496,0.3933,-11.83,63.84,29.12
1.421606,-0.4953,-0.8545,0.3928,-11.62,64.96,31.43
1.422203,-0.4943,-0.8535,0.3924,-11.55,64.40,30.87
1.422800,-0.4934,-0.8535,0.3899,-12.18,65.66,33.39
1.423397,-0.4943,-0.8491,0.3899,-11.06,64.19,32.20
1.423994,-0.4943,-0.8438,0.3938,-12.11,66.64,34.79
1.424591,-0.4939,-0.8442,0.3889,-10.85,64.82,34.09
1.425188,-0.4939,-0.8438,0.3841,-11.76,67.34,35.84
1.425785,-0.4914,-0.8413,0.3826,-10.99,65.45,35.77
1.426758,-0.4875,-0.8418,0.3782,-11.76,67.48,38.01
1.427355,-0.4904,-0.8379,0.3772,-11.48,68.18,39.41
1.427952,-0.4865,-0.8359,0.3728,-11.13,67.06,39.13
1.428549,-0.4856,-0.8340,0.3758,-11.55,68.74,40.95
1.429146,-0.4900,-0.8306,0.3772,-11.62,67.90,41.30
1.429743,-0.4880,-0.8267,0.3738,-10.85,68.95,42.63
1.430340,-0.4856,-0.8267,0.3714,-11.69,68.25,43.19
1.430937,-0.4880,-0.8252,0.3723,-11.34,69.93,44.10
1.431534,-0.4919,-0.8257,0.3704,-11.27,68.74,44.59
1.432131,-0.4904,-0.8242,0.3675,-11.13,70.42,45.43
1.432728,-0.4895,-0.8213,0.3655,-11.20,69.44,46.41
1.433325,-0.4924,-0.8198,0.3655,-11.13,70.77,47.53
1.433922,-0.4924,-0.8203,0.3670,-10.92,70.00,47.74
1.434519,-0.4953,-0.8218,0.3621,-11.34,71.47,49.49
1.435116,-0.4997,-0.8208,0.3553,-10.78,70.63,49.42
1.435713,-0.4997,-0.8198,0.3538,-11.13,71.96,50.96
1.436310,-0.4997,-0.8174,0.3577,-10.78,70.63,51.38
1.436907,-0.5012,-0.8169,0.3587,-10.99,72.52,52.01
1.437504,-0.5056,-0.8213,0.3548,-11.27,71.54,54.39
1.438477,-0.5041,-0.8242,0.3426,-10.64,73.01,52.92
1.439074,-0.5070,-0.8208,0.3426,-10.78,73.29,55.09
1.439671,-0.5090,-0.8228,0.3465,-11.06,72.45,57.61
1.440268,-0.5134,-0.8233,0.3450,-10.43,73.92,56.63
1.440865,-0.5139,-0.8203,0.3396,-10.92,73.08,59.43
1.441462,-0.5119,-0.8203,0.3372,-10.50,73.99,58.17
1.442059,-0.5129,-0.8257,0.3377,-11.06,73.64,61.25
1.442656,-0.5153,-0.8281,0.3372,-10.43,74.62,59.85
1.443253,-0.5212,-0.8276,0.3328,-10.36,73.64,62.65
1.443850,-0.5241,-0.8276,0.3338,-10.71,74.76,61.04
1.444447,-0.5241,-0.8311,0.3348,-10.15,74.62,64.47
1.445044,-0.5256,-0.8364,0.3304,-10.64,75.11,63.07
1.445641,-0.5256,-0.8384,0.3284,-9.87,74.83,65.66
1.446238,-0.5270,-0.8374,0.3289,-10.85,75.46,64.26
1.446835,-0.5329,-0.8394,0.3299,-9.80,75.18,67.83
1.447432,-0.5363,-0.8433,0.3304,-10.22,75.25,65.66
1.448029,-0.5378,-0.8433,0.3289,-9.38,76.23,68.04
1.448626,-0.5358,-0.8442,0.3314,-10.78,75.95,67.76
1.449223,-0.5353,-0.8462,0.3323,-9.10,76.09,69.51
1.450196,-0.5441,-0.8457,0.3274,-10.57,76.16,68.25
1.450793,-0.5475,-0.8477,0.3294,-8.96,76.44,71.19
1.451390,-0.5446,-0.8511,0.3357,-10.15,76.09,69.58
1.451987,-0.5441,-0.8530,0.3328,-9.03,77.00,71.96
1.452584,-0.5461,-0.8506,0.3265,-9.52,76.02,70.70
1.453181,-0.5485,-0.8491,0.3270,-8.82,77.49,72.73
1.453778,-0.5514,-0.8506,0.3289,-9.38,76.58,71.47
1.454375,-0.5529,-0.8516,0.3284,-8.61,77.84,73.50
1.454972,-0.5544,-0.8555,0.3221,-9.52,76.44,72.66
1.455569,-0.5592,-0.8579,0.3250,-8.19,78.19,74.06
1.456166,-0.5646,-0.8569,0.3314,-9.38,76.79,73.57
1.456763,-0.5641,-0.8540,0.3284,-8.33,78.19,74.83
1.457360,-0.5666,-0.8564,0.3255,-8.82,76.86,74.13
1.457957,-0.5705,-0.8613,0.3284,-8.54,78.75,75.39
1.458554,-0.5680,-0.8628,0.3299,-8.40,76.86,74.90
1.459151,-0.5724,-0.8618,0.3265,-8.19,78.75,75.95
1.459748,-0.5802,-0.8623,0.3265,-8.12,77.07,75.46
1.460345,-0.5836,-0.8667,0.3245,-8.19,79.10,76.23
1.460942,-0.5876,-0.8667,0.3255,-7.98,77.42,76.16
1.460942,-0.5871,-0.8579,0.3235,-8.19,79.31,76.02
1.461535,-0.5885,-0.8618,0.3192,-7.91,79.24,76.09
1.462132,-0.5876,-0.8603,0.3196,-7.21,77.28,76.51
1.462729,-0.5905,-0.8569,0.3182,-8.19,79.45,75.95
1.463326,-0.5944,-0.8555,0.3201,-6.72,77.28,76.58
1.463923,-0.5949,-0.8540,0.3201,-7.98,79.38,76.09
1.464520,-0.5939,-0.8555,0.3157,-6.72,77.28,76.37
1.465117,-0.5915,-0.8550,0.3123,-7.42,79.17,75.95
1.465714,-0.5939,-0.8525,0.3099,-7.00,77.91,76.79
1.466311,-0.5968,-0.8530,0.3113,-7.35,78.68,75.53
1.466908,-0.5983,-0.8560,0.3113,-7.00,78.12,76.37
1.467505,-0.5978,-0.8530,0.3084,-6.86,78.47,75.18
1.468102,-0.5958,-0.8467,0.3055,-7.21,78.33,76.30
1.468699,-0.5924,-0.8447,0.3060,-6.79,78.40,74.97
1.469296,-0.5915,-0.8423,0.3079,-7.21,78.54,75.67
1.469893,-0.5915,-0.8369,0.3021,-6.58,78.33,74.69
1.470490,-0.5919,-0.8345,0.2987,-7.07,78.40,75.32
1.471087,-0.5954,-0.8345,0.3035,-6.44,78.54,73.71
1.471684,-0.5929,-0.8355,0.3030,-7.07,78.33,74.76
1.472657,-0.5905,-0.8379,0.3011,-6.58,78.47,73.43
1.473254,-0.5929,-0.8345,0.2996,-6.93,77.98,74.41
1.473851,-0.5919,-0.8291,0.2943,-7.14,79.10,72.66
1.474448,-0.5919,-0.8291,0.2928,-6.51,77.98,73.85
1.475045,-0.5934,-0.8291,0.2928,-7.14,78.68,72.10
1.475642,-0.5910,-0.8252,0.2933,-6.51,78.19,73.15
1.476239,-0.5905,-0.8257,0.2908,-6.79,78.26,71.61
1.476836,-0.5934,-0.8272,0.2869,-7.00,78.12,72.59
1.477433,-0.5958,-0.8272,0.2894,-6.79,78.54,70.98
1.478030,-0.5949,-0.8301,0.2904,-7.07,78.26,71.40
1.478627,-0.5910,-0.8252,0.2865,-6.44,77.98,70.42
1.479224,-0.5885,-0.8208,0.2869,-7.21,78.47,71.05
1.479821,-0.5895,-0.8208,0.2913,-6.23,77.70,70.14
1.480418,-0.5910,-0.8228,0.2904,-7.70,78.47,70.42
1.481015,-0.5885,-0.8228,0.2865,-6.16,77.21,69.65
1.481612,-0.5885,-0.8213,0.2840,-7.70,78.47,69.58
1.482209,-0.5905,-0.8228,0.2806,-6.58,77.77,69.09
1.482806,-0.5895,-0.8169,0.2826,-6.65,77.70,68.88
1.483403,-0.5861,-0.8174,0.2796,-7.63,77.91,68.39
1.484375,-0.5876,-0.8194,0.2796,-6.72,77.49,68.04
1.484972,-0.5895,-0.8203,0.2821,-7.14,77.70,68.04
1.485569,-0.5900,-0.8184,0.2826,-6.58,77.35,67.55
1.486166,-0.5910,-0.8189,0.2821,-7.35,77.21,67.83
1.486763,-0.5827,-0.8213,0.2772,-6.72,77.56,66.92
1.487360,-0.5749,-0.8184,0.2762,-7.07,76.93,66.99
1.487957,-0.5788,-0.8174,0.2767,-6.86,77.77,66.99
1.488554,-0.5827,-0.8194,0.2767,-7.28,77.00,66.50
1.489151,-0.5807,-0.8194,0.2782,-7.21,77.28,66.50
1.489748,-0.5773,-0.8198,0.2777,-7.21,76.65,66.29
1.490345,-0.5729,-0.8198,0.2762,-7.42,77.07,66.15
1.490942,-0.5710,-0.8189,0.2747,-6.65,76.37,66.01
1.491539,-0.5671,-0.8194,0.2728,-7.14,76.93,65.80
1.492136,-0.5656,-0.8203,0.2757,-6.72,76.30,65.87
1.492733,-0.5636,-0.8208,0.2762,-7.35,76.93,65.66
1.493330,-0.5597,-0.8237,0.2747,-6.86,76.02,65.73
1.493927,-0.5558,-0.8237,0.2752,-7.14,76.37,65.38
1.494524,-0.5539,-0.8203,0.2747,-6.93,76.16,65.94
1.495121,-0.5524,-0.8203,0.2728,-6.93,76.37,65.52
1.495121,-0.5500,-0.8194,0.2743,-6.79,75.81,65.45
1.495715,-0.5456,-0.8189,0.2738,-7.00,76.30,65.38
1.496312,-0.5388,-0.8194,0.2728,-6.79,75.60,65.31
1.496909,-0.5373,-0.8184,0.2738,-6.79,76.65,65.59
1.497506,-0.5373,-0.8184,0.2747,-6.86,75.39,65.03
1.498103,-0.5339,-0.8164,0.2752,-6.58,75.95,66.01
1.498700,-0.5270,-0.8130,0.2782,-6.65,75.39,65.24
1.499297,-0.5207,-0.8096,0.2777,-6.51,75.67,66.57
1.499894,-0.5187,-0.8067,0.2743,-6.86,75.18,65.31
1.500491,-0.5178,-0.8062,0.2708,-6.30,75.39,66.71
1.501088,-0.5114,-0.8042,0.2713,-6.58,75.11,65.94
1.501685,-0.5056,-0.8013,0.2777,-6.02,75.74,67.41
1.502282,-0.5041,-0.8003,0.2806,-6.65,75.04,66.57
1.502879,-0.5036,-0.8013,0.2796,-5.95,75.46,67.48
1.503476,-0.5022,-0.8028,0.2757,-6.86,75.18,67.62
1.504073,-0.4992,-0.8008,0.2718,-5.60,74.97,68.46
1.504670,-0.4963,-0.7974,0.2723,-6.30,74.97,68.18
1.505267,-0.4939,-0.7989,0.2699,-5.46,74.90,68.74
1.505864,-0.4919,-0.7998,0.2645,-6.16,74.83,69.79
1.505864,-0.4929,-0.8023,0.2645,-5.32,74.55,69.58
1.506457,-0.4900,-0.8052,0.2694,-5.60,74.76,70.42
1.507054,-0.4831,-0.8052,0.2699,-5.81,74.83,71.12
1.507651,-0.4797,-0.8052,0.2674,-5.53,74.41,72.24
1.508248,-0.4797,-0.8052,0.2689,-5.60,74.76,72.24
1.508845,-0.4768,-0.8076,0.2640,-5.39,75.04,72.73
1.509442,-0.4743,-0.8125,0.2601,-5.04,74.41,73.85
1.510039,-0.4724,-0.8135,0.2630,-5.04,74.62,74.20
1.510636,-0.4695,-0.8106,0.2621,-5.11,74.62,74.90
1.511233,-0.4704,-0.8086,0.2577,-4.62,74.20,76.02
1.511830,-0.4704,-0.8091,0.2542,-4.76,74.69,76.16
1.512427,-0.4675,-0.8101,0.2557,-4.13,73.50,77.28
1.513024,-0.4626,-0.8115,0.2552,-4.55,74.55,77.28
1.513621,-0.4577,-0.8125,0.2479,-3.85,73.57,78.96
1.514218,-0.4553,-0.8111,0.2416,-4.20,74.55,78.61
1.514815,-0.4563,-0.8125,0.2416,-3.50,73.29,80.78
1.515412,-0.4558,-0.8145,0.2469,-4.20,74.34,79.87
1.516009,-0.4499,-0.8145,0.2450,-2.66,73.15,81.97
1.516606,-0.4451,-0.8115,0.2386,-3.50,74.06,81.20
1.517579,-0.4480,-0.8111,0.2362,-2.66,73.50,83.86
1.518176,-0.4363,-0.8072,0.2298,-2.38,73.85,84.91
1.518773,-0.4333,-0.8081,0.2308,-2.59,73.29,84.70
1.519370,-0.4319,-0.8072,0.2289,-1.89,74.20,86.17
1.519967,-0.4333,-0.8052,0.2259,-2.24,73.29,85.96
1.520564,-0.4299,-0.8047,0.2269,-1.40,74.41,87.92
1.521161,-0.4231,-0.8042,0.2274,-1.82,73.22,87.71
1.521758,-0.4221,-0.8067,0.2245,-0.98,74.27,89.32
1.522355,-0.4250,-0.8101,0.2245,-1.40,73.01,89.25
1.522952,-0.4211,-0.8067,0.2235,-0.14,74.20,90.09
1.523549,-0.4148,-0.8052,0.2211,-0.84,72.87,91.14
1.524146,-0.4119,-0.8091,0.2211,-0.42,74.55,91.77
1.524743,-0.4124,-0.8106,0.2176,0.00,72.59,92.26
1.525340,-0.4099,-0.8115,0.2162,0.07,74.76,92.75
1.525937,-0.4046,-0.8125,0.2152,0.49,72.73,94.01
1.526534,-0.4041,-0.8115,0.2142,0.42,74.55,94.29
1.527131,-0.4036,-0.8101,0.2113,1.54,72.24,95.27
1.527728,-0.3992,-0.8135,0.2069,0.63,75.18,95.27
1.528325,-0.3943,-0.8159,0.2113,1.96,72.59,97.23
1.539063,-0.3479,-0.8213,0.1928,7.28,75.39,107.10
1.539660,-0.3455,-0.8194,0.1874,7.91,75.53,106.54
1.540257,-0.3450,-0.8213,0.1898,7.35,76.65,108.22
1.540854,-0.3426,-0.8194,0.1913,7.98,75.67,107.87
1.541451,-0.3396,-0.8154,0.1884,8.82,76.65,108.57
1.542048,-0.3382,-0.8159,0.1884,9.45,75.25,108.50
1.542645,-0.3348,-0.8135,0.1889,8.75,77.49,109.20
1.543242,-0.3343,-0.8096,0.1830,10.01,75.32,110.11
1.543242,-0.3357,-0.8091,0.1801,9.73,77.56,109.90
1.543566,-0.3333,-0.8067,0.1835,10.78,75.95,109.76
1.544163,-0.3357,-0.8042,0.1830,10.64,78.05,110.46
1.544760,-0.3357,-0.8037,0.1820,11.27,76.23,111.09
1.545357,-0.3353,-0.8018,0.1825,11.20,78.47,111.09
1.545954,-0.3362,-0.7989,0.1801,11.69,76.37,111.65
1.546551,-0.3323,-0.7964,0.1786,12.11,78.61,111.65
1.547148,-0.3318,-0.7940,0.1815,12.39,76.44,112.07
1.547745,-0.3328,-0.7910,0.1815,12.60,79.17,112.35
1.548342,-0.3294,-0.7847,0.1806,13.23,76.58,112.49
1.548939,-0.3328,-0.7867,0.1786,13.58,77.14,113.19
1.549536,-0.3309,-0.7828,0.1825,14.07,79.73,113.47
1.550133,-0.3309,-0.7784,0.1806,14.42,77.91,113.54
1.550730,-0.3343,-0.7803,0.1752,14.56,80.01,114.10
1.551327,-0.3362,-0.7769,0.1723,14.91,78.33,114.03
1.551924,-0.3387,-0.7715,0.1728,15.40,79.94,113.89
1.552521,-0.3372,-0.7735,0.1708,15.75,78.61,114.73
1.553118,-0.3367,-0.7725,0.1654,15.68,80.43,114.59
1.553715,-0.3401,-0.7681,0.1674,16.45,78.89,114.94
1.554688,-0.3436,-0.7642,0.1674,16.45,80.43,114.80
1.555285,-0.3440,-0.7618,0.1649,17.01,79.17,115.22
1.555882,-0.3465,-0.7579,0.1640,16.94,80.64,115.08
1.556479,-0.3489,-0.7549,0.1630,17.57,79.52,116.06
1.557076,-0.3484,-0.7520,0.1630,17.36,80.71,115.22
1.557673,-0.3514,-0.7471,0.1596,18.41,79.66,116.69
1.558270,-0.3543,-0.7481,0.1557,17.92,81.55,115.15
1.558867,-0.3562,-0.7505,0.1523,18.90,79.80,117.04
1.559464,-0.3621,-0.7496,0.1518,18.20,81.27,115.50
1.560061,-0.3675,-0.7486,0.1484,19.67,80.08,117.32
1.560658,-0.3684,-0.7447,0.1479,18.76,81.62,115.15
1.561255,-0.3694,-0.7422,0.1484,20.02,80.64,117.81
1.561852,-0.3704,-0.7437,0.1454,19.25,81.41,115.08
1.562449,-0.3719,-0.7462,0.1449,20.72,80.85,117.95
1.563046,-0.3738,-0.7457,0.1449,20.09,81.55,114.87
1.563643,-0.3792,-0.7437,0.1425,21.28,81.06,118.16
1.564240,-0.3841,-0.7447,0.1425,20.44,81.48,114.73
1.564837,-0.3821,-0.7471,0.1454,21.42,81.27,118.37
1.565434,-0.3836,-0.7476,0.1430,21.35,81.62,114.24
1.566407,-0.3860,-0.7466,0.1410,22.33,81.27,118.16
1.567004,-0.3865,-0.7452,0.1401,21.49,82.11,113.89
1.567601,-0.3894,-0.7437,0.1396,23.03,81.55,117.60
1.568198,-0.3904,-0.7427,0.1420,22.05,82.18,113.89
1.568795,-0.3884,-0.7457,0.1430,23.24,82.18,117.18
1.569392,-0.3899,-0.7452,0.1396,22.89,80.99,113.19
1.569989,-0.3943,-0.7408,0.1381,24.22,82.32,116.27
1.570586,-0.3904,-0.7388,0.1401,23.31,81.69,112.14
1.571183,-0.3899,-0.7418,0.1420,24.57,82.18,115.78
1.571780,-0.3967,-0.7374,0.1430,24.71,82.67,114.59
1.572377,-0.3919,-0.7398,0.1449,24.57,81.48,111.16
1.572974,-0.3924,-0.7413,0.1440,25.06,83.16,112.84
1.573571,-0.3919,-0.7388,0.1420,25.27,81.13,110.25
1.574168,-0.3928,-0.7393,0.1435,25.48,83.30,111.30
1.574765,-0.3928,-0.7320,0.1415,25.90,81.69,109.34
1.575362,-0.3894,-0.7281,0.1410,25.90,83.30,109.55
1.575959,-0.3860,-0.7344,0.1410,26.46,81.41,107.87
1.576556,-0.3889,-0.7310,0.1401,26.67,83.65,108.15
1.577153,-0.3948,-0.7271,0.1405,26.95,81.41,106.54
1.578125,-0.3948,-0.7257,0.1420,26.46,83.51,106.47
1.578722,-0.3953,-0.7222,0.1435,27.30,81.69,105.42
1.579319,-0.3948,-0.7159,0.1391,27.16,84.07,103.88
1.579916,-0.3958,-0.7081,0.1376,27.51,81.97,104.09
1.580513,-0.3987,-0.7066,0.1376,27.79,84.00,102.27
1.581110,-0.3992,-0.7096,0.1391,28.21,81.83,101.99
1.581707,-0.3967,-0.7056,0.1435,28.42,84.14,99.89
1.582304,-0.3919,-0.6993,0.1435,28.00,82.25,100.38
1.582901,-0.3938,-0.6993,0.1391,28.98,83.79,97.79
1.583498,-0.3972,-0.6969,0.1371,28.35,82.39,98.28
1.584095,-0.3963,-0.6905,0.1425,28.77,84.42,95.69
1.584692,-0.3963,-0.6847,0.1454,28.84,82.04,96.60
1.585289,-0.3933,-0.6808,0.1415,29.26,84.28,93.24
1.585886,-0.3909,-0.6769,0.1405,29.12,82.39,94.22
1.586483,-0.3928,-0.6705,0.1381,29.89,84.00,91.21
1.587080,-0.3919,-0.6671,0.1352,29.12,82.95,92.26
1.587677,-0.3889,-0.6681,0.1337,29.96,83.93,89.60
1.588274,-0.3850,-0.6661,0.1313,29.61,82.88,89.95
1.588871,-0.3865,-0.6612,0.1313,29.54,84.14,87.71
1.588871,-0.3870,-0.6534,0.1283,29.82,83.02,87.85
1.589465,-0.3816,-0.6461,0.1274,29.96,83.44,85.47
1.590062,-0.3772,-0.6412,0.1240,30.17,83.79,85.47
1.590659,-0.3767,-0.6378,0.1210,29.75,83.23,84.21
1.591256,-0.3758,-0.6359,0.1210,30.52,84.21,83.58
1.591853,-0.3689,-0.6334,0.1186,29.82,82.88,82.46
1.592450,-0.3655,-0.6281,0.1152,30.66,84.84,81.27
1.593047,-0.3621,-0.6212,0.1147,30.03,82.74,81.20
1.593644,-0.3606,-0.6149,0.1186,30.52,84.70,79.38
1.594241,-0.3587,-0.6085,0.1161,30.03,82.81,79.73
1.594838,-0.3543,-0.5993,0.1127,30.59,85.12,77.70
1.595435,-0.3523,-0.5919,0.1122,30.24,83.44,78.54
1.596032,-0.3509,-0.5851,0.1088,30.59,84.63,76.51
1.596629,-0.3509,-0.5822,0.1078,30.52,83.44,76.79
1.597226,-0.3514,-0.5773,0.1083,30.45,84.56,75.39
1.597823,-0.3499,-0.5680,0.1044,30.73,83.16,75.95
1.598420,-0.3484,-0.5636,0.1025,30.66,84.42,74.62
1.599017,-0.3484,-0.5602,0.1020,30.52,83.16,74.90
1.599614,-0.3509,-0.5553,0.0981,30.31,84.28,74.20
1.599614,-0.3504,-0.5451,0.0952,30.94,83.51,73.71
1.600207,-0.3504,-0.5358,0.0937,30.03,84.21,74.20
1.600804,-0.3479,-0.5344,0.0927,30.80,83.93,72.66
1.601401,-0.3436,-0.5344,0.0908,30.45,84.00,73.99
1.601998,-0.3440,-0.5305,0.0864,30.80,83.86,71.96
1.602595,-0.3406,-0.5231,0.0864,30.38,83.72,73.99
1.603192,-0.3328,-0.5192,0.0839,30.38,83.58,71.68
1.603789,-0.3299,-0.5178,0.0854,30.52,84.14,74.06
1.604386,-0.3304,-0.5153,0.0869,30.45,83.37,72.17
1.604983,-0.3255,-0.5104,0.0849,30.38,84.21,73.78
1.605580,-0.3177,-0.5046,0.0834,30.17,84.35,72.10
1.606177,-0.3118,-0.5012,0.0742,30.80,83.86,74.55
1.606774,-0.3006,-0.4963,0.0732,31.15,83.37,74.90
1.607371,-0.2952,-0.4860,0.0771,30.10,84.35,72.31
1.607968,-0.2923,-0.4782,0.0805,31.15,84.28,75.04
1.608565,-0.2821,-0.4778,0.0825,30.38,84.21,73.29
1.609162,-0.2704,-0.4831,0.0800,30.87,84.49,75.95
1.609759,-0.2635,-0.4802,0.0776,30.73,84.07,73.22
1.610356,-0.2582,-0.4743,0.0781,31.15,84.77,77.00
1.611329,-0.2528,-0.4724,0.0776,30.52,84.63,73.92
1.611926,-0.2396,-0.4738,0.0722,31.22,84.70,77.70
1.612523,-0.2245,-0.4738,0.0693,30.73,84.91,73.71
1.613120,-0.2157,-0.4695,0.0722,31.15,84.98,78.89
1.613717,-0.2074,-0.4656,0.0727,31.08,85.05,74.48
1.614314,-0.1986,-0.4597,0.0737,31.57,85.40,79.52
1.614911,-0.1923,-0.4534,0.0732,31.22,85.40,75.25
1.615508,-0.1835,-0.4485,0.0678,31.78,86.03,80.29
1.616105,-0.1693,-0.4451,0.0605,31.36,85.68,76.23
1.616702,-0.1542,-0.4377,0.0600,31.99,86.31,80.85
1.617299,-0.1303,-0.4314,0.0586,32.06,87.08,81.97
1.617896,-0.1200,-0.4231,0.0527,31.99,86.66,77.98
1.618493,-0.1103,-0.4172,0.0473,32.20,87.85,82.81
1.619090,-0.1039,-0.4128,0.0415,31.64,87.64,79.66
1.619687,-0.1020,-0.4036,0.0361,33.11,88.48,83.51
1.620284,-0.0966,-0.3967,0.0356,32.20,88.13,81.55
1.620881,-0.0898,-0.3938,0.0346,33.04,89.25,84.28
1.621478,-0.0830,-0.3860,0.0293,32.55,88.48,83.23
1.622075,-0.0771,-0.3777,0.0205,33.46,90.09,85.61
1.623047,-0.0722,-0.3738,0.0107,32.76,89.25,85.19
1.623644,-0.0669,-0.3748,0.0107,33.67,90.72,87.01
1.624241,-0.0615,-0.3709,0.0083,33.32,90.23,86.80
1.624838,-0.0527,-0.3636,0.0059,33.81,91.56,88.48
1.625435,-0.0464,-0.3636,0.0010,33.88,91.07,88.83
1.626032,-0.0425,-0.3597,-0.0078,34.65,92.19,90.37
1.626629,-0.0361,-0.3548,-0.0137,34.30,92.05,90.86
1.627226,-0.0293,-0.3548,-0.0156,34.65,92.96,92.26
1.627823,-0.0244,-0.3548,-0.0185,34.86,93.10,92.75
1.628420,-0.0171,-0.3572,-0.0210,35.56,93.80,94.15
1.629017,-0.0098,-0.3567,-0.0229,34.93,94.29,95.13
1.629614,-0.0010,-0.3577,-0.0259,36.26,94.85,95.90
1.630211,0.0117,-0.3631,-0.0278,35.77,94.99,97.51
1.630808,0.0239,-0.3597,-0.0303,36.96,95.97,97.51
1.631405,0.0298,-0.3636,-0.0317,36.54,96.04,99.75
1.632002,0.0361,-0.3699,-0.0327,37.52,97.44,98.98
1.632599,0.0522,-0.3650,-0.0342,37.59,97.02,101.85
1.633196,0.0669,-0.3650,-0.0307,38.43,98.77,100.59
1.633793,0.0761,-0.3694,-0.0307,38.36,98.07,104.23
1.633793,0.0883,-0.3758,-0.0361,39.13,99.89,102.20
1.634386,0.1030,-0.3821,-0.0346,39.55,99.33,105.56
1.634983,0.1147,-0.3831,-0.0312,40.25,101.57,103.32
1.635580,0.1274,-0.3845,-0.0322,40.74,100.80,107.59
1.636177,0.1381,-0.3899,-0.0337,41.51,102.27,104.58
1.636774,0.1459,-0.3938,-0.0337,41.86,102.55,108.71
1.637371,0.1537,-0.3899,-0.0351,42.49,103.95,105.42
1.637968,0.1625,-0.3850,-0.0434,43.54,103.88,110.11
1.638565,0.1713,-0.3899,-0.0454,44.52,105.49,111.30
1.639162,0.1762,-0.3948,-0.0444,44.59,107.31,107.52
1.639759,0.1781,-0.4002,-0.0449,45.85,107.17,111.58
1.640356,0.1820,-0.4050,-0.0473,45.64,108.50,108.64
1.640953,0.1864,-0.4099,-0.0498,47.32,108.99,112.56
1.641550,0.1889,-0.4085,-0.0556,47.46,109.90,109.48
1.642147,0.1913,-0.4124,-0.0566,48.79,110.46,112.70
1.642744,0.1898,-0.4221,-0.0625,49.07,111.02,110.25
1.643341,0.1864,-0.4255,-0.0717,50.47,111.93,113.33
1.643938,0.1898,-0.4241,-0.0752,50.75,112.49,111.44
1.644535,0.1884,-0.4246,-0.0786,51.73,113.96,113.82
1.645508,0.1893,-0.4255,-0.0820,53.13,113.47,112.21
1.646105,0.1967,-0.4197,-0.0854,53.48,114.73,114.52
1.646702,0.1913,-0.4128,-0.0874,54.53,115.01,113.47
1.647299,0.1830,-0.4046,-0.0869,55.23,116.34,115.15
1.647896,0.1791,-0.3948,-0.0942,56.35,116.69,114.38
1.648493,0.1723,-0.3909,-0.0996,57.12,117.88,115.78
1.649090,0.1571,-0.3943,-0.0952,58.52,117.53,115.29
1.649687,0.1464,-0.3928,-0.0961,59.99,119.07,115.85
1.650284,0.1337,-0.3889,-0.1000,60.83,119.49,117.53
1.650881,0.1225,-0.3850,-0.1025,62.30,119.77,116.76
1.651478,0.1122,-0.3836,-0.1025,62.30,120.47,118.44
1.652075,0.1005,-0.3850,-0.0996,64.05,121.10,117.67
1.652672,0.0888,-0.3889,-0.0986,64.61,120.82,119.14
1.653269,0.0791,-0.3953,-0.1005,65.94,121.66,118.72
1.653866,0.0664,-0.4006,-0.0996,66.99,121.31,119.63
1.654463,0.0586,-0.3987,-0.1005,67.69,122.36,119.49
1.655060,0.0537,-0.3972,-0.1015,69.51,122.01,120.75
1.655657,0.0429,-0.3972,-0.1000,69.72,122.78,120.47
1.656254,0.0298,-0.3977,-0.0956,71.89,122.57,121.52
1.657227,0.0210,-0.4041,-0.0947,71.54,123.06,121.38
1.657824,0.0132,-0.4099,-0.0986,74.41,122.29,122.64
1.658421,0.0054,-0.4177,-0.0952,74.06,123.13,122.22
1.659018,-0.0049,-0.4280,-0.0927,76.93,122.71,123.62
1.659615,-0.0210,-0.4358,-0.0947,76.44,122.99,123.34
1.660212,-0.0273,-0.4436,-0.0932,79.45,121.94,124.53
1.660809,-0.0346,-0.4534,-0.0917,78.75,123.06,124.67
1.661406,-0.0459,-0.4631,-0.0903,82.18,121.45,124.88
1.662003,-0.0586,-0.4758,-0.0893,81.76,123.20,125.51
1.662600,-0.0693,-0.4924,-0.0947,84.63,120.75,126.49
1.663197,-0.0771,-0.5124,-0.0903,84.49,122.64,126.49
1.663794,-0.0874,-0.5329,-0.0844,87.57,119.91,127.47
1.664391,-0.1020,-0.5470,-0.0849,87.50,122.15,127.68
1.664988,-0.1137,-0.5636,-0.0820,90.58,119.14,128.31
1.665585,-0.1196,-0.5827,-0.0830,90.72,120.75,128.45
1.666182,-0.1279,-0.5993,-0.0805,93.80,117.81,129.29
1.666779,-0.1366,-0.6183,-0.0786,94.29,119.84,129.92
1.667376,-0.1444,-0.6364,-0.0800,96.81,116.97,130.06
1.667973,-0.1537,-0.6539,-0.0795,98.49,118.51,130.34
1.668946,-0.1635,-0.6734,-0.0742,100.03,115.85,130.20
1.669543,-0.1679,-0.6886,-0.0727,102.27,116.90,131.18
1.670140,-0.1732,-0.7066,-0.0766,103.39,114.31,130.69
1.670737,-0.1825,-0.7261,-0.0742,105.77,115.22,131.67
1.671334,-0.1903,-0.7442,-0.0669,107.31,112.49,130.97
1.671931,-0.1986,-0.7647,-0.0639,109.97,113.82,131.81
1.672528,-0.2079,-0.7852,-0.0669,111.23,111.02,131.11
1.673125,-0.2133,-0.8062,-0.0649,114.03,111.02,132.44
1.673722,-0.2152,-0.8276,-0.0595,115.43,109.62,129.57
1.674319,-0.2196,-0.8545,-0.0576,118.23,109.13,133.00
1.674916,-0.2264,-0.8799,-0.0571,119.49,107.59,128.73
1.675513,-0.2338,-0.9023,-0.0590,122.36,106.75,132.16
1.676110,-0.2377,-0.9277,-0.0615,124.39,105.42,127.89
1.676707,-0.2425,-0.9536,-0.0600,126.91,104.44,130.90
1.677304,-0.2455,-0.9799,-0.0595,129.29,102.76,126.56
1.677901,-0.2430,-1.0014,-0.0566,131.18,102.13,129.15
1.678498,-0.2420,-1.0214,-0.0537,133.77,100.38,124.39
1.679095,-0.2406,-1.0458,-0.0615,135.59,99.47,127.19
1.679692,-0.2435,-1.0677,-0.0659,138.39,97.93,121.59
1.679692,-0.2445,-1.0902,-0.0688,140.91,96.95,124.04
1.680285,-0.2401,-1.1151,-0.0688,143.08,95.41,118.30
1.680882,-0.2377,-1.1336,-0.0712,146.02,93.94,120.19
1.681479,-0.2308,-1.1492,-0.0742,147.98,93.03,114.10
1.682076,-0.2220,-1.1692,-0.0756,151.27,91.21,115.78
1.682673,-0.2133,-1.1868,-0.0795,153.23,90.16,109.48
1.683270,-0.2040,-1.2049,-0.0839,156.52,88.06,110.60
1.683867,-0.1923,-1.2215,-0.0908,157.71,87.50,104.09
1.684464,-0.1781,-1.2332,-0.0956,162.05,84.70,104.44
1.685061,-0.1615,-1.2429,-0.0986,163.03,84.70,97.86
1.685658,-0.1435,-1.2517,-0.1064,166.88,81.83,98.28
1.686255,-0.1215,-1.2620,-0.1200,168.14,81.76,91.14
1.686852,-0.0981,-1.2712,-0.1318,171.85,79.10,91.21
1.687449,-0.0747,-1.2786,-0.1405,172.97,78.61,84.14
1.688046,-0.0483,-1.2888,-0.1542,176.89,76.37,83.37
1.688643,-0.0224,-1.2966,-0.1674,178.22,75.46,76.30
1.689240,0.0054,-1.3000,-0.1767,182.14,73.36,75.46
1.689837,0.0376,-1.3034,-0.1884,183.68,72.17,68.67
1.690434,0.0722,-1.2991,-0.2035,187.18,70.35,66.92
1.690434,0.1103,-1.2995,-0.2196,188.51,69.37,59.99
1.691027,0.1493,-1.3005,-0.2342,191.94,67.48,59.43
1.691624,0.1864,-1.3020,-0.2479,193.48,66.50,52.01
1.692221,0.2220,-1.3088,-0.2630,196.70,64.61,50.89
1.692818,0.2621,-1.3088,-0.2786,198.17,63.98,43.75
1.693415,0.3070,-1.3069,-0.2894,201.81,61.81,42.77
1.694012,0.3518,-1.3064,-0.3030,202.93,61.11,35.56
1.694609,0.3933,-1.3015,-0.3177,206.50,59.43,35.00
1.695206,0.4382,-1.2961,-0.3328,207.48,58.31,27.44
1.695803,0.5344,-1.2844,-0.3636,210.70,56.98,27.02
1.696400,0.5802,-1.2805,-0.3714,215.60,54.81,18.69
1.696997,0.6266,-1.2727,-0.3821,216.58,53.48,12.60
1.697594,0.6769,-1.2668,-0.3997,219.87,52.15,11.13
1.698191,0.7261,-1.2639,-0.4128,220.64,50.96,5.88
1.698788,0.7759,-1.2634,-0.4231,224.28,49.91,3.36
1.699385,0.8257,-1.2649,-0.4304,224.77,49.07,-1.05
1.699982,0.8745,-1.2688,-0.4372,228.06,47.60,-3.43
1.700579,0.9257,-1.2771,-0.4490,228.97,47.04,-7.56
1.701176,0.9833,-1.2854,-0.4592,232.26,45.08,-10.43
1.702149,1.0399,-1.2912,-0.4670,233.17,44.87,-13.51
1.702746,1.0980,-1.2995,-0.4719,235.97,43.19,-16.17
1.703343,1.1585,-1.3103,-0.4778,237.58,43.05,-20.23
1.703940,1.2210,-1.3191,-0.4856,240.03,41.23,-22.26
1.704537,1.2883,-1.3288,-0.4914,241.85,41.09,-24.78
1.705134,1.3562,-1.3396,-0.4963,243.88,39.27,-28.00
1.705731,1.4235,-1.3474,-0.5002,245.91,39.48,-29.54
1.706328,1.4879,-1.3566,-0.4973,247.24,37.94,-32.41
1.706925,1.5514,-1.3688,-0.4963,250.18,37.80,-34.44
1.707522,1.6192,-1.3830,-0.4992,251.37,36.47,-37.17
1.708119,1.6860,-1.3986,-0.4924,254.10,36.61,-38.78
1.708716,1.7539,-1.4103,-0.4826,255.22,35.07,-41.51
1.709313,1.8246,-1.4225,-0.4763,257.95,35.35,-43.47
1.709910,1.8939,-1.4347,-0.4656,259.49,33.67,-45.99
1.710507,1.9593,-1.4450,-0.4519,261.73,34.58,-47.25
1.711104,2.0218,-1.4542,-0.4377,263.55,32.83,-49.63
1.711701,2.0877,-1.4679,-0.4211,265.37,33.88,-50.82
1.712298,2.1550,-1.4860,-0.3992,267.33,32.13,-53.48
1.712895,2.2219,-1.5001,-0.3758,269.29,32.83,-54.11
1.712895,2.2882,-1.5157,-0.3514,271.46,31.15,-56.98
1.713488,2.3512,-1.5265,-0.3216,272.79,32.20,-56.56
1.714085,2.4151,-1.5357,-0.2874,275.52,31.08,-60.97
1.714682,2.4795,-1.5499,-0.2489,276.64,31.64,-59.50
1.715279,2.5415,-1.5679,-0.2108,278.88,30.45,-64.12
1.715876,2.6108,-1.5899,-0.1708,280.28,31.15,-62.09
1.716473,2.6835,-1.6124,-0.1259,282.66,30.31,-66.99
1.717070,2.7470,-1.6343,-0.0756,284.20,30.59,-64.61
1.717667,2.8138,-1.6558,-0.0273,286.02,30.10,-69.79
1.718264,2.8851,-1.6763,0.0195,287.98,30.38,-66.36
1.718861,2.9544,-1.6895,0.0722,289.80,29.96,-72.03
1.719458,3.0285,-1.7007,0.1327,291.90,30.03,-68.39
1.720055,3.1066,-1.7119,0.1903,293.02,30.24,-74.06
1.720652,3.1783,-1.7163,0.2474,295.47,30.38,-70.07
1.721249,3.2491,-1.7207,0.3094,296.66,29.89,-75.67
1.721846,3.3213,-1.7256,0.3694,298.62,30.45,-71.61
1.722443,3.3906,-1.7295,0.4290,299.46,29.96,-76.51
1.723040,3.4594,-1.7344,0.4885,301.77,31.01,-71.75
1.723637,3.5273,-1.7407,0.5495,302.47,30.10,-77.35
1.724610,3.5966,-1.7431,0.6154,304.78,31.29,-72.31
1.725207,3.6615,-1.7436,0.6817,305.20,30.03,-77.21
1.725804,3.7205,-1.7397,0.7432,307.37,31.57,-71.75
1.726401,3.7761,-1.7241,0.8062,307.51,29.96,-76.09
1.726998,3.8245,-1.7085,0.8701,309.89,31.71,-70.91
1.727595,3.8698,-1.6899,0.9326,309.68,29.82,-74.62
1.728192,3.9118,-1.6685,0.9955,311.85,31.71,-69.02
1.728789,3.9489,-1.6509,1.0580,311.43,29.40,-71.75
1.729386,3.9772,-1.6368,1.1209,312.90,31.57,-65.87
1.729983,3.9996,-1.6187,1.1824,312.83,29.47,-69.23
1.730580,4.0192,-1.5972,1.2420,314.09,30.45,-62.09
1.731177,4.0294,-1.5714,1.3034,313.74,27.93,-64.33
1.731774,4.0289,-1.5382,1.3674,314.86,28.91,-58.10
1.732371,4.0275,-1.5026,1.4284,314.37,26.60,-58.94
1.732968,4.0231,-1.4684,1.4884,314.58,27.51,-52.64
1.733565,4.0084,-1.4347,1.5494,314.16,24.71,-52.85
1.734162,3.9884,-1.3986,1.6094,314.09,24.50,-46.76
1.734759,3.9621,-1.3693,1.6651,313.53,21.49,-46.20
1.735356,3.9382,-1.3357,1.7246,312.55,20.72,-39.48
1.735356,3.9035,-1.2873,1.7871,312.20,18.20,-38.85
1.735949,3.8508,-1.2346,1.8446,311.08,16.38,-31.71
1.736546,3.7976,-1.1658,1.9042,309.89,13.86,-31.01
1.737143,3.7410,-1.0785,1.9618,308.84,10.50,-23.24
1.737740,3.6717,-1.0058,2.0203,307.23,7.84,-22.75
1.738337,3.5853,-0.9492,2.0794,305.34,4.90,-14.49
1.738934,3.4980,-0.8940,2.1379,303.24,1.19,-13.86
1.739531,3.4199,-0.8359,2.1882,301.21,-3.22,-5.67
1.740128,3.3399,-0.7779,2.2321,298.20,-6.79,-4.27
1.740725,3.2481,-0.7232,2.2824,296.73,-12.04,3.36
1.741322,3.1452,-0.6661,2.3892,292.88,-15.89,5.18
1.741919,2.9231,-0.6100,2.4327,291.13,-22.33,12.67
1.742516,2.8812,-0.4934,2.4800,284.62,-33.25,21.42
1.743113,2.7845,-0.4480,2.5283,279.65,-38.01,23.80
1.743710,2.6903,-0.4148,2.5815,277.48,-45.71,30.66
1.744307,2.5957,-0.3826,2.6352,271.81,-50.96,33.39
1.744904,2.4961,-0.3518,2.6786,269.22,-58.80,38.71
1.745501,2.3975,-0.3274,2.7279,263.62,-64.89,42.63
1.746098,2.3068,-0.3040,2.7801,260.61,-73.29,46.97
1.747071,2.2116,-0.2796,2.9490,254.94,-80.78,51.38
1.747668,2.1208,-0.2669,2.8738,250.60,-88.76,55.23
1.748265,2.0374,-0.2747,2.9241,245.56,-96.04,59.01
1.748862,1.9613,-0.2908,2.9617,240.94,-105.84,62.30
1.749459,1.8915,-0.3099,2.9939,235.83,-113.19,66.99
1.750056,1.8241,-0.3338,3.0290,231.21,-123.20,68.88
1.750653,1.7583,-0.3748,3.0690,225.89,-130.34,74.97
1.751250,1.6973,-0.4041,3.1066,221.13,-141.61,75.67
1.751847,1.6514,-0.3933,3.1388,215.95,-148.47,81.41
1.752444,1.5928,-0.3601,3.1725,210.84,-159.74,81.97
1.753041,1.5426,-0.3353,3.2330,205.80,-166.67,86.24
1.753638,1.5060,-0.3509,3.3218,199.29,-176.96,86.59
1.754235,1.4874,-0.3758,3.4814,194.18,-185.29,91.35
1.754832,1.5148,-0.4241,3.5888,183.33,-204.61,93.31
1.755429,1.5455,-0.4851,3.7034,176.96,-212.52,89.25
1.756026,1.5387,-0.5095,3.8049,172.34,-221.97,93.73
1.756623,1.5001,-0.5007,3.8928,167.23,-231.70,92.19
1.757220,1.4396,-0.4900,4.0211,162.05,-240.38,92.47
1.757817,1.4196,-0.4846,4.1334,155.82,-250.95,86.24
1.758789,1.3430,-0.5383,4.3076,150.29,-259.14,89.53
1.759386,1.2058,-0.6481,4.3076,143.92,-269.43,80.92
1.759983,1.0741,-0.7803,4.3886,139.65,-277.13,87.15
1.760580,0.9384,-0.9043,4.4062,132.65,-291.97,73.99
1.761177,0.7715,-0.9545,4.3720,130.69,-300.23,84.70
1.761774,0.5212,-0.9838,4.3359,122.50,-311.71,67.69
1.762371,0.2201,-0.9945,4.2998,121.94,-320.04,81.97
1.762968,-0.0947,-1.0214,4.2890,111.86,-335.58,62.86
1.763565,-0.3884,-1.1034,4.2798,112.35,-344.75,79.52
1.764162,-0.6617,-1.2288,4.2885,100.80,-360.85,59.85
1.764759,-0.9004,-1.3635,4.3110,103.04,-369.88,78.54
1.765356,-1.1078,-1.4635,4.3427,92.26,-388.50,58.17
1.765953,-1.2849,-1.4884,4.3700,95.62,-398.51,79.73
1.766550,-1.4479,-1.4240,4.4037,84.56,-416.78,59.43
1.767147,-1.5987,-1.3103,4.4510,87.57,-427.14,82.46
1.767744,-1.7314,-1.1683,4.5052,75.32,-445.83,60.62
1.768341,-1.8354,-1.0638,4.5560,77.49,-456.61,84.28
1.768938,-1.9286,-1.0175,4.5999,64.82,-475.16,63.21
1.769535,-1.9984,-1.0116,4.6423,66.43,-486.36,87.57
1.769535,-2.0525,-1.0082,4.6765,54.25,-505.26,67.90
1.770129,-2.0901,-0.9784,4.6936,56.49,-516.67,91.49
1.770726,-2.1208,-0.9145,4.7097,44.59,-534.87,71.47
1.771323,-2.1409,-0.8403,4.7194,45.57,-546.56,95.27
1.771920,-2.1477,-0.7823,4.7209,33.67,-564.06,75.39
1.772517,-2.1550,-0.7623,4.7141,32.97,-575.96,97.93
1.773114,-2.1618,-0.7798,4.6955,22.54,-592.90,79.45
1.773711,-2.1662,-0.8125,4.6726,20.51,-604.94,101.64
1.774308,-2.1653,-0.8418,4.6223,11.90,-621.39,83.09
1.774905,-2.1477,-0.8467,4.6223,8.82,-634.20,104.16
1.775502,-2.1189,-0.8340,4.5950,0.56,-649.25,85.82
1.776099,-2.0813,-0.8135,4.5716,-3.29,-661.71,105.56
1.776696,-2.0423,-0.7906,4.5447,-11.13,-676.76,88.20
1.777293,-1.9988,-0.7837,4.5194,-15.96,-688.10,105.91
1.777890,-1.9486,-0.7940,4.4959,-23.17,-703.08,89.46
1.778487,-1.8988,-0.8067,4.4720,-28.28,-713.93,106.26
1.779084,-1.8515,-0.8164,4.4491,-35.14,-727.93,90.09
1.779681,-1.8012,-0.8096,4.4242,-40.53,-738.99,104.30
1.780278,-1.7495,-0.7969,4.4062,-47.32,-752.08,90.51
1.780278,-1.6992,-0.7906,4.3905,-52.36,-762.51,102.20
1.780871,-1.6553,-0.7823,4.3696,-60.06,-775.32,89.88
1.781468,-1.6148,-0.7808,4.3510,-64.54,-785.26,99.33
1.782065,-1.5821,-0.7896,4.3320,-73.01,-796.88,89.53
1.782662,-1.5562,-0.7989,4.3139,-76.79,-807.10,96.04
1.783259,-1.5309,-0.8057,4.3032,-85.19,-818.02,88.55
1.783856,-1.5138,-0.8179,4.2924,-89.25,-827.82,92.68
1.784453,-1.5016,-0.8291,4.2866,-97.23,-838.60,87.36
1.785050,-1.4918,-0.8355,4.2778,-101.15,-847.35,88.69
1.785647,-1.4908,-0.8467,4.2695,-109.13,-857.43,86.10
1.786244,-1.4957,-0.8642,4.2690,-113.61,-866.32,86.17
1.786841,-1.5011,-0.8823,4.2641,-120.82,-875.49,84.49
1.787438,-1.5094,-0.9004,4.2573,-125.65,-884.66,82.81
1.788035,-1.5191,-0.9243,4.2539,-131.81,-893.20,83.23
1.788632,-1.5299,-0.9467,4.2510,-137.55,-901.81,79.59
1.789229,-1.5372,-0.9575,4.2441,-142.94,-910.21,81.90
1.789826,-1.5377,-0.9731,4.2388,-149.03,-918.05,76.02
1.790423,-1.5362,-0.9887,4.2368,-153.44,-926.38,80.29
1.791020,-1.5304,-0.9984,4.2349,-160.44,-933.87,72.87
1.791993,-1.5162,-1.0170,4.2314,-164.01,-941.64,79.03
1.792590,-1.4933,-1.0380,4.2314,-171.64,-948.78,70.07
1.793187,-1.4562,-1.0565,4.2285,-174.44,-955.78,77.07
1.793784,-1.4050,-1.0736,4.2280,-182.42,-962.71,67.76
1.794381,-1.3405,-1.0878,4.2339,-184.45,-969.29,75.88
1.794978,-1.2571,-1.1024,4.2397,-192.64,-975.80,65.45
1.795575,-1.1639,-1.1097,4.2427,-194.60,-981.05,74.48
1.796172,-1.0638,-1.1195,4.2500,-202.93,-986.79,63.49
1.796769,-0.9550,-1.1326,4.2627,-204.33,-992.04,73.36
1.797366,-0.8379,-1.1390,4.2739,-212.80,-996.45,62.02
1.797963,-0.7125,-1.1409,4.2832,-214.41,-1000.16,72.73
1.798560,-0.5773,-1.1405,4.2964,-222.81,-1004.50,61.67
1.799157,-0.4412,-1.1429,4.3164,-223.72,-1008.14,71.68
1.799754,-0.3030,-1.1405,4.3393,-231.91,-1010.80,61.18
1.800351,-0.1557,-1.1361,4.3632,-233.59,-1013.88,72.10
1.800948,-0.0142,-1.1341,4.3876,-241.50,-1015.28,61.39
1.801545,0.1254,-1.1331,4.4135,-243.46,-1017.73,72.59
1.802142,0.2625,-1.1297,4.4428,-250.18,-1018.01,62.58
1.802739,0.3938,-1.1229,4.4789,-253.19,-1019.20,73.92
1.802739,0.5241,-1.1131,4.5218,-259.21,-1019.06,64.61
1.803332,0.6510,-1.1004,4.5613,-262.99,-1018.99,75.81
1.803929,0.7710,-1.0814,4.6038,-268.45,-1018.64,66.71
1.804526,0.8769,-1.0575,4.6506,-272.30,-1017.87,78.68
1.805123,0.9711,-1.0375,4.6994,-277.48,-1015.77,69.58
1.805720,1.0590,-1.0160,4.7443,-281.61,-1014.16,81.62
1.806317,1.1385,-0.9848,4.7853,-287.00,-1011.36,73.43
1.806914,1.2044,-0.9516,4.8283,-290.85,-1009.75,84.63
1.807511,1.2498,-0.9209,4.8737,-296.52,-1005.97,77.14
1.808108,1.2849,-0.8847,4.9473,-300.37,-1003.66,87.50
1.808705,1.3708,-0.7618,4.9908,-309.54,-997.71,90.93
1.809302,1.3859,-0.7178,5.0303,-315.77,-992.46,84.56
1.809899,1.3723,-0.6837,5.0620,-319.55,-988.68,93.80
1.810496,1.3435,-0.6549,5.0889,-325.71,-984.34,88.06
1.811093,1.3137,-0.6285,5.1094,-329.35,-980.98,95.90
1.811690,1.2732,-0.5968,5.1147,-335.65,-975.94,91.42
1.812287,1.2283,-0.5588,5.1260,-339.01,-971.39,97.09
1.812884,1.1766,-0.5226,5.1382,-345.24,-967.19,94.64
1.813481,1.1151,-0.4826,5.1382,-349.09,-962.43,99.33
1.814454,1.0521,-0.4509,5.1333,-354.69,-958.44,96.88
1.815051,0.9843,-0.4358,5.1191,-358.75,-953.12,100.03
1.815648,0.9194,-0.4353,5.1016,-364.49,-949.34,98.35
1.816245,0.8789,-0.3265,5.0610,-368.76,-944.02,101.22
1.816842,3.5614,-4.5516,1.2869,-392.35,-954.52,92.05
1.817439,2.7992,-3.3428,3.1359,-291.69,-1000.79,153.02
1.818036,0.7871,-2.5152,1.3400,-395.50,-759.99,-1.26
1.818633,0.8804,-3.9489,3.5551,-126.07,-791.14,-132.65
1.819230,-1.8193,4.2456,7.1394,-390.53,-935.90,182.56
1.819827,3.1042,3.6380,4.3944,-142.87,-966.35,-834.05
1.820424,-2.2502,6.6329,8.6083,-370.23,-993.51,1256.36
1.821021,-3.6468,9.7644,2.8011,-243.81,-554.75,-948.36
1.821618,3.0534,3.7005,5.0781,-428.75,-1105.65,991.06
1.822215,-0.1059,-0.6783,6.4401,-250.74,-697.06,-633.57
1.822812,-2.2263,-3.5414,3.5848,-525.56,-1033.41,970.20
1.823409,-1.6460,-4.9103,5.9868,-125.79,-784.14,-537.88
1.824006,-0.6671,-1.2659,4.8507,-571.97,-973.00,729.75
1.824603,-0.2084,3.1993,5.1635,-96.25,-804.51,-547.05
1.825200,0.3235,4.1978,5.4944,-598.64,-848.75,696.15
1.825200,0.1698,4.6248,5.0015,-168.63,-901.60,-493.50
1.825793,0.8335,2.5825,5.1103,-589.19,-804.16,695.73
1.826390,0.4202,0.0346,4.9552,-251.16,-928.20,-408.10
1.826987,-0.5026,-2.1843,4.6804,-514.36,-750.82,678.02
1.827584,-0.6886,-1.7017,4.9107,-321.79,-952.91,-423.01
1.828181,0.1332,-0.1020,4.8219,-427.42,-725.62,625.10
1.828778,0.0063,1.6553,4.9478,-410.97,-969.01,-389.41
1.829375,0.1479,2.7582,4.9717,-366.80,-693.21,607.60
1.829972,0.0634,2.8880,5.0674,-521.15,-973.28,-364.42
1.830569,-0.3011,0.7135,4.8200,-318.92,-680.05,591.78
1.831166,-0.4192,-0.1425,4.6780,-266.35,-672.63,572.32
1.831763,-0.6202,-0.1679,4.6858,-658.63,-964.04,-307.51
1.832360,-0.6315,0.4290,4.6633,-229.04,-674.52,538.23
1.832957,-0.6847,1.3117,4.7151,-694.05,-953.19,-279.93
1.833554,-0.6490,1.9344,4.7072,-227.99,-676.34,502.53
1.834151,-0.7178,2.0281,4.7126,-719.81,-937.86,-244.02
1.834748,-0.8194,1.6143,4.6209,-252.35,-684.53,477.75
1.835345,-0.9877,1.0146,4.5457,-722.33,-918.61,-204.33
1.835942,-1.1424,0.5519,4.4637,-283.57,-695.59,448.42
1.836914,-1.2590,0.4568,4.4252,-699.51,-900.76,-171.57
1.837511,-1.3127,0.7105,4.4022,-323.19,-711.06,415.31
1.838108,-1.3405,1.1009,4.3915,-668.92,-881.79,-138.04
1.838705,-1.3801,1.3923,4.3632,-377.44,-726.60,385.21
1.839302,-1.4347,1.4211,4.3183,-639.17,-861.42,-102.97
1.839899,-1.5016,1.2068,4.2519,-437.08,-741.30,355.53
1.840496,-1.5767,0.8760,4.1768,-606.62,-842.38,-68.04
1.841093,-1.6587,0.6041,4.1021,-490.21,-756.56,324.73
1.841690,-1.7236,0.5007,4.0387,-571.48,-825.09,-35.49
1.842287,-1.7656,0.5783,3.9987,-534.87,-772.10,293.30
1.842884,-1.7836,0.7442,3.9596,-542.22,-809.41,-2.80
1.843481,-1.7988,0.8779,3.9225,-575.82,-785.54,258.65
1.844078,-1.8246,0.8921,3.8742,-524.51,-794.99,30.52
1.844675,-1.8549,0.7745,3.8137,-609.00,-796.95,225.89
1.845272,-1.8866,0.5890,3.7513,-514.64,-782.25,63.00
1.845869,-1.9286,0.4285,3.6951,-631.26,-807.17,192.57
1.846466,-1.9652,0.3499,3.6449,-509.32,-772.31,94.29
1.847063,-1.9915,0.3694,3.6024,-642.88,-815.29,158.62
1.847660,-2.0101,0.4343,3.5653,-512.05,-764.68,124.60
1.848633,-2.0237,0.4831,3.5321,-648.13,-822.36,124.11
1.849230,-2.0447,0.4807,3.4912,-522.13,-758.03,154.91
1.849827,-2.0750,0.4119,3.4467,-648.69,-826.91,91.35
1.850424,-2.1033,0.3016,3.4038,-535.92,-753.97,183.61
1.851021,-2.1330,0.1947,3.3579,-644.35,-830.41,60.20
1.851618,-2.1662,0.1337,3.3121,-550.27,-751.66,211.19
1.852215,-2.1950,0.1269,3.2354,-636.86,-832.30,29.40
1.852812,-2.2175,0.1410,3.2047,-564.90,-750.89,236.46
1.853409,-2.2668,0.1254,3.1700,-578.90,-751.31,259.07
1.854006,-2.2916,0.0698,3.1305,-624.40,-832.37,-23.80
1.854603,-2.3175,-0.0063,3.0915,-590.66,-752.99,280.28
1.855200,-2.3375,-0.0693,3.0583,-619.85,-830.97,-46.06
1.855797,-2.3546,-0.1078,3.0241,-598.15,-756.00,297.50
1.856394,-2.3717,-0.1298,2.9895,-617.75,-829.01,-64.96
1.856991,-2.3834,-0.1381,2.9587,-602.35,-759.57,312.13
1.857588,-2.3888,-0.1484,2.9260,-618.31,-826.70,-80.22
1.858185,-2.3902,-0.1757,2.8894,-604.03,-763.77,323.89
1.858782,-2.3922,-0.2201,2.8509,-621.39,-823.90,-91.84
1.859379,-2.4014,-0.2747,2.8172,-602.70,-767.41,332.36
1.860352,-2.4024,-0.3289,2.7826,-625.73,-820.89,-100.24
1.860949,-2.3980,-0.3689,2.7401,-598.64,-771.47,337.75
1.861546,-2.3941,-0.3933,2.6991,-630.77,-817.46,-105.14
1.862143,-2.3883,-0.4133,2.6650,-593.53,-775.74,340.55
1.862740,-2.3795,-0.4304,2.6274,-636.02,-814.45,-106.40
1.863337,-2.3639,-0.4573,2.5864,-587.51,-779.10,339.85
1.863934,-2.3453,-0.5031,2.5488,-641.48,-811.09,-104.09
1.864531,-2.3209,-0.5524,2.5108,-581.42,-782.04,337.12
1.865128,-2.2907,-0.5939,2.4722,-645.26,-807.10,-98.70
1.865725,-2.2565,-0.6305,2.4371,-575.68,-784.98,331.73
1.866322,-2.2165,-0.6603,2.4014,-647.85,-804.37,-91.14
1.866919,-2.1736,-0.6905,2.3609,-570.78,-786.94,324.94
1.867516,-2.1306,-0.7242,2.3278,-648.62,-800.45,-80.92
1.868113,-2.0838,-0.7618,2.2970,-566.93,-787.71,315.56
1.868710,-2.0403,-0.8067,2.2599,-647.64,-797.16,-68.74
1.869307,-2.0042,-0.8540,2.2233,-564.69,-788.13,304.99
1.869904,-1.9740,-0.8989,2.1936,-644.14,-792.89,-54.25
1.870501,-1.9422,-0.9360,2.1711,-563.22,-787.92,292.67
1.871098,-1.9071,-0.9628,2.1482,-639.03,-788.76,-38.15
1.871098,-1.8773,-0.9882,2.1272,-563.22,-787.01,279.58
1.871691,-1.8437,-1.0282,2.1047,-632.52,-784.84,-20.44
1.872288,-1.7993,-1.0721,2.0847,-563.92,-785.33,265.79
1.872885,-1.7509,-1.1112,2.0672,-624.54,-780.85,-2.03
1.873482,-1.7012,-1.1527,2.0511,-564.90,-783.16,251.79
1.874079,-1.6504,-1.1936,2.0442,-615.86,-776.37,17.08
1.874676,-1.5538,-1.2371,2.0193,-566.30,-780.08,237.16
1.875273,-1.5479,-1.2673,2.0106,-567.56,-775.25,222.39
1.875870,-1.5435,-1.3039,1.9998,-596.47,-766.36,57.40
1.876467,-1.5167,-1.3459,1.9930,-568.47,-771.75,207.34
1.877064,-1.4762,-1.3791,1.9847,-587.09,-762.86,78.61
1.877661,-1.4572,-1.4010,1.9769,-568.47,-766.29,192.57
1.878258,-1.4606,-1.4172,1.9876,-577.57,-755.51,99.05
1.878855,-1.4464,-1.4269,1.9959,-568.26,-762.44,179.13
1.879452,-1.4035,-1.4367,1.9954,-568.89,-751.17,120.19
1.880049,-1.3586,-1.4464,1.9984,-566.86,-757.19,165.97
1.880646,-1.3093,-1.4494,2.0120,-560.63,-744.03,139.79
1.881243,-1.2449,-1.4430,2.0213,-564.90,-752.15,153.44
1.881840,-1.1810,-1.4289,2.0242,-553.35,-737.45,159.39
1.882813,-1.1146,-1.4264,2.0345,-562.31,-745.71,143.36
1.883410,-1.0414,-1.4391,2.0423,-546.77,-730.10,178.15
1.884007,-0.9687,-1.4620,2.0433,-559.30,-739.20,132.51
1.884604,-0.9111,-1.4904,2.0413,-540.68,-721.63,196.14
1.885201,-0.8735,-1.5118,2.0437,-555.94,-730.59,122.99
1.885798,-0.8584,-1.5079,2.0462,-534.17,-712.95,212.80
1.886395,-0.8486,-1.4825,2.0467,-552.23,-723.10,114.52
1.886992,-0.8301,-1.4577,2.0433,-528.36,-704.69,227.71
1.887589,-0.7984,-1.4420,2.0442,-548.10,-714.91,106.54
1.888186,-0.7769,-1.4367,2.0408,-523.11,-696.08,241.22
1.888783,-0.7686,-1.4406,2.0369,-544.32,-705.46,99.96
1.889380,-0.7481,-1.4469,2.0306,-518.07,-686.84,253.40
1.889977,-0.7242,-1.4484,2.0203,-540.19,-696.64,95.20
1.890574,-0.6905,-1.4274,2.0179,-512.61,-678.09,264.04
1.891171,-0.6456,-1.4020,2.0169,-535.64,-686.98,90.23
1.891768,-0.6051,-1.3967,2.0071,-507.50,-668.64,272.79
1.892365,-0.5661,-1.4015,1.9979,-531.86,-677.18,86.73
1.892962,-0.5183,-1.4206,1.9891,-502.88,-658.98,280.28
1.893559,-0.4860,-1.4455,1.9754,-528.29,-666.75,84.84
1.893559,-0.4631,-1.4577,1.9720,-497.49,-648.62,285.53
1.894152,-0.4431,-1.4552,1.9622,-524.02,-656.11,83.30
1.894749,-0.4260,-1.4411,1.9554,-492.24,-638.61,289.17
1.895346,-0.4089,-1.4201,1.9564,-519.96,-644.84,82.95
1.895943,-0.3919,-1.4064,1.9442,-487.55,-628.11,291.55
1.896540,-0.3806,-1.3971,1.9339,-516.25,-634.13,83.58
1.897137,-0.3723,-1.3957,1.9213,-482.93,-618.59,291.41
1.897734,-0.3523,-1.3991,1.9032,-511.84,-622.79,84.21
1.898331,-0.3362,-1.2668,1.8798,-477.75,-608.30,288.40
1.898928,-0.3001,-1.3298,1.8573,-473.83,-597.45,285.32
1.899525,-0.3152,-1.3166,1.8564,-503.30,-598.57,87.36
1.900122,-0.3250,-1.3127,1.8422,-469.77,-587.79,280.35
1.900719,-0.3260,-1.3420,1.8124,-499.52,-588.84,88.83
1.901316,-0.3333,-1.3810,1.7968,-466.41,-576.31,272.02
1.901913,-0.3616,-1.3762,1.7822,-493.15,-576.94,90.65
1.902510,-0.3762,-1.3562,1.7841,-462.84,-566.16,264.18
1.903107,-0.3904,-1.3405,1.7749,-487.97,-567.70,94.22
1.903704,-0.3821,-1.3166,1.7631,-458.99,-556.22,253.89
1.904301,-0.3787,-1.3147,1.7539,-483.21,-556.50,96.60
1.905274,-0.3704,-1.3254,1.7392,-455.91,-546.00,242.69
1.905871,-0.3631,-1.3386,1.7280,-477.89,-546.00,99.47
1.906468,-0.3626,-1.3435,1.7231,-452.55,-535.78,231.63
1.907065,-0.3553,-1.3391,1.7178,-472.22,-534.94,103.11
1.907662,-0.3362,-1.3220,1.7090,-448.28,-526.19,218.68
1.908259,-0.3104,-1.3049,1.7114,-466.48,-524.16,106.40
1.908856,-0.1376,-1.2854,1.7119,-460.74,-513.45,109.76
1.909453,-0.2191,-1.3064,1.7119,-454.65,-502.81,113.61
1.910050,-0.1923,-1.3137,1.7153,-438.90,-495.88,181.23
1.910647,-0.1684,-1.3030,1.7163,-448.63,-491.26,117.25
1.911244,-0.1449,-1.2849,1.7226,-435.68,-485.80,168.49
1.911841,-0.1283,-1.2722,1.7329,-442.33,-480.90,121.17
1.912438,-0.1118,-1.2683,1.7329,-432.04,-475.79,156.24
1.913035,-0.0961,-1.2722,1.7319,-437.15,-469.28,124.18
1.913632,-0.0795,-1.2834,1.7358,-428.47,-465.92,143.92
1.914229,-0.0654,-1.2981,1.7426,-431.41,-458.22,127.96
1.914826,-0.0498,-1.2981,1.7470,-424.48,-455.63,131.67
1.915423,-0.0346,-1.2927,1.7534,-425.18,-447.16,131.46
1.916020,-0.0215,-1.2898,1.7602,-420.49,-445.34,119.84
1.916993,-0.0098,-1.2834,1.7646,-418.95,-436.03,134.68
1.917590,-0.0005,-1.2844,1.7714,-416.92,-435.05,108.50
1.918187,0.0088,-1.2937,1.7788,-412.65,-425.18,136.85
1.918784,0.0146,-1.3010,1.7836,-413.70,-424.62,98.21
1.919381,0.0181,-1.3000,1.7851,-406.63,-414.54,138.60
1.919978,0.0205,-1.2966,1.7875,-409.43,-414.47,88.41
1.920575,0.0200,-1.2898,1.7924,-399.98,-403.83,139.02
1.921172,0.0185,-1.2800,1.7939,-405.65,-405.02,78.54
1.921769,0.0122,-1.2727,1.7919,-394.10,-393.33,139.16
1.922366,0.0059,-1.2673,1.7910,-401.17,-394.94,68.74
1.922963,-0.0029,-1.2683,1.7871,-388.50,-383.67,138.25
1.923560,-0.0151,-1.2664,1.7817,-396.62,-385.00,59.78
1.924157,-0.0244,-1.2542,1.7807,-382.83,-373.73,136.64
1.924754,-0.0342,-1.2424,1.7783,-391.86,-376.32,51.10
1.925351,-0.0425,-1.2312,1.7719,-377.37,-364.14,134.05
1.925948,-0.0561,-1.2132,1.7622,-387.03,-367.43,42.49
1.926545,-0.0752,-1.1976,1.7490,-372.12,-355.11,130.06
1.927142,-0.0903,-1.1839,1.7368,-382.34,-358.68,34.72
1.927739,-0.1030,-1.1717,1.7275,-366.94,-346.36,125.51
1.928711,-0.1196,-1.1585,1.7182,-377.65,-350.00,27.16
1.929308,-0.1425,-1.1448,1.7041,-361.48,-338.31,120.12
1.929905,-0.1664,-1.1336,1.6885,-373.03,-341.53,19.74
1.930502,-0.1825,-1.1161,1.6797,-356.30,-330.68,114.59
1.931099,-0.2011,-1.0965,1.6690,-368.34,-333.48,12.95
1.931696,-0.2279,-1.0775,1.6529,-350.98,-323.40,107.80
1.932293,-0.2503,-1.0619,1.6431,-363.93,-325.92,7.07
1.932890,-0.2708,-1.0492,1.6319,-346.71,-316.33,101.29
1.933487,-0.2948,-1.0360,1.6172,-358.89,-319.06,1.54
1.934084,-0.3201,-1.0194,1.6036,-341.88,-309.82,93.24
1.934681,-0.3455,-1.0028,1.5914,-354.27,-312.27,-3.64
1.935278,-0.3684,-0.9872,1.5792,-337.54,-303.38,85.12
1.935875,-0.3938,-0.9677,1.5665,-349.65,-306.25,-7.91
1.936472,-0.4197,-0.9516,1.5582,-333.06,-297.92,77.00
1.937069,-0.4397,-0.9360,1.5450,-344.75,-300.02,-11.41
1.937666,-0.4587,-0.9213,1.5323,-328.79,-292.88,68.18
1.938263,-0.4817,-0.9082,1.5265,-340.13,-294.28,-14.28
1.938860,-0.5070,-0.8911,1.5128,-324.52,-288.19,59.43
1.939457,-0.5261,-0.8760,1.5016,-335.44,-289.03,-16.87
1.939457,-0.5397,-0.8647,1.4962,-320.18,-283.71,49.77
1.940051,-0.5553,-0.8511,1.4869,-331.03,-284.13,-18.62
1.940648,-0.5739,-0.8355,1.4811,-315.98,-279.79,40.32
1.941245,-0.5910,-0.8247,1.4752,-326.76,-279.51,-20.23
1.941842,-0.6085,-0.8164,1.4640,-311.85,-276.50,30.73
1.942439,-0.6237,-0.8023,1.4572,-322.14,-274.82,-21.56
1.943036,-0.6329,-0.7871,1.4538,-308.42,-273.00,21.70
1.943633,-0.6403,-0.7730,1.4435,-316.75,-271.11,-23.17
1.944230,-0.6520,-0.7579,1.4357,-305.62,-269.57,12.39
1.944827,-0.6622,-0.7452,1.4318,-311.99,-267.47,-24.43
1.945424,-0.6681,-0.7349,1.4196,-301.77,-266.70,3.08
1.946021,-0.6778,-0.7232,1.4103,-307.23,-264.81,-25.20
1.946618,-0.6895,-0.7139,1.4074,-298.76,-263.62,-5.74
1.947215,-0.6978,-0.7047,1.4006,-302.40,-261.59,-26.81
1.947812,-0.6998,-0.6944,1.3937,-295.40,-261.10,-14.70
1.948409,-0.7052,-0.6832,1.3869,-297.43,-258.93,-28.56
1.949006,-0.7164,-0.6744,1.3781,-292.46,-258.79,-23.17
1.949603,-0.7276,-0.6690,1.3703,-292.67,-256.34,-29.75
1.950200,-0.7354,-0.6617,1.3635,-289.52,-256.97,-31.36
1.950200,-0.7432,-0.6554,1.3596,-288.05,-254.17,-31.50
1.950793,-0.7505,-0.6446,1.3522,-286.02,-255.43,-39.69
1.951390,-0.7593,-0.6310,1.3474,-283.57,-252.49,-33.32
1.951987,-0.7642,-0.6232,1.3386,-282.66,-253.47,-47.81
1.952584,-0.7710,-0.6183,1.3269,-279.30,-250.25,-34.79
1.953181,-0.7842,-0.6120,1.3186,-279.23,-252.00,-55.65
1.953778,-0.7910,-0.6027,1.3108,-274.82,-249.06,-37.10
1.954375,-0.7998,-0.5915,1.3000,-275.52,-251.30,-63.00
1.954972,-0.8081,-0.5773,1.2888,-270.83,-246.82,-39.48
1.955569,-0.8140,-0.5685,1.2756,-272.09,-250.74,-70.21
1.956166,-0.8213,-0.5612,1.2605,-266.84,-245.70,-41.93
1.956763,-0.8252,-0.5500,1.2546,-268.45,-249.83,-77.21
1.957360,-0.8311,-0.5383,1.2434,-262.85,-244.86,-44.38
1.957957,-0.8355,-0.5319,1.2268,-265.16,-248.92,-83.37
1.958554,-0.8398,-0.5241,1.2112,-258.51,-244.72,-47.25
1.959151,-0.8442,-0.5129,1.1990,-261.59,-248.01,-89.88
1.959748,-0.8423,-0.5065,1.1893,-254.59,-244.09,-49.84
1.960345,-0.8428,-0.4982,1.1766,-258.09,-247.38,-95.41
1.960942,-0.8457,-0.4880,1.1639,-250.74,-243.74,-52.92
1.961914,-0.8438,-0.4826,1.1502,-254.52,-247.31,-100.10
1.962511,-0.8374,-0.4753,1.1356,-246.61,-243.32,-55.93
1.963108,-0.8359,-0.4665,1.1239,-251.30,-246.75,-105.14
1.963705,-0.8340,-0.4616,1.1117,-242.62,-243.25,-58.87
1.964302,-0.8262,-0.4558,1.0956,-247.45,-246.54,-109.06
1.964899,-0.8223,-0.4490,1.0838,-238.91,-243.18,-62.44
1.965496,-0.8213,-0.4436,1.0746,-243.95,-246.75,-111.65
1.966093,-0.8130,-0.4353,1.0624,-234.99,-242.62,-66.29
1.966690,-0.8028,-0.4290,1.0463,-240.45,-245.98,-113.89
1.967287,-0.7954,-0.4265,1.0316,-231.07,-242.97,-69.65
1.967884,-0.7881,-0.4202,1.0194,-236.46,-246.05,-116.69
1.968481,-0.7813,-0.4128,1.0038,-227.57,-242.83,-73.01
1.969078,-0.7701,-0.4031,0.9916,-232.75,-245.63,-118.16
1.969675,-0.7554,-0.3919,0.9823,-224.21,-243.39,-75.88
1.970272,-0.7447,-0.3855,0.9658,-229.18,-245.63,-119.63
1.970869,-0.7296,-0.3777,0.9521,-220.57,-243.46,-79.66
1.971466,-0.7169,-0.3684,0.9384,-225.40,-245.56,-120.47
1.972063,-0.7076,-0.3611,0.9243,-217.28,-243.04,-83.09
1.972660,-0.6905,-0.3553,0.9096,-221.55,-245.42,-120.82
1.972660,-0.6754,-0.3475,0.8955,-213.78,-242.83,-86.45
1.973254,-0.6632,-0.3411,0.8857,-217.42,-245.14,-120.47
1.973851,-0.6486,-0.3328,0.8769,-210.56,-242.97,-89.74
1.974448,-0.6334,-0.3240,0.8618,-213.64,-245.14,-119.91
1.975045,-0.6198,-0.3177,0.8462,-207.20,-242.62,-93.03
1.975642,-0.6032,-0.3118,0.8237,-209.93,-244.58,-118.65
1.976239,-0.5793,-0.2996,0.8003,-206.64,-243.74,-117.46
1.976836,-0.5500,-0.2908,0.7862,-202.93,-243.11,-116.69
1.977433,-0.5397,-0.2845,0.7754,-196.84,-242.69,-99.96
1.978030,-0.5275,-0.2811,0.7627,-199.57,-241.92,-115.08
1.978627,-0.5192,-0.2782,0.7515,-193.69,-242.34,-101.71
1.979224,-0.5070,-0.2747,0.7427,-195.58,-241.15,-113.33
1.979821,-0.4890,-0.2704,0.7281,-190.68,-242.20,-103.32
1.980418,-0.4782,-0.2655,0.7125,-192.08,-240.31,-111.37
1.981015,-0.4680,-0.2591,0.7042,-187.18,-242.13,-104.65
1.981612,-0.4529,-0.2528,0.6925,-188.44,-239.54,-109.20
1.982209,-0.4397,-0.2479,0.6788,-184.38,-241.36,-105.56
1.982806,-0.4270,-0.2464,0.6661,-184.87,-238.77,-106.82
1.983403,-0.4138,-0.2411,0.6529,-180.95,-240.87,-106.33
1.984375,-0.4002,-0.2342,0.6476,-181.30,-237.79,-104.16
1.984972,-0.3870,-0.2303,0.6383,-178.01,-240.17,-106.40
1.985569,-0.3723,-0.2255,0.6237,-177.73,-236.60,-101.22
1.986166,-0.3577,-0.2191,0.6129,-175.21,-239.75,-106.05
1.986763,-0.3440,-0.2084,0.6071,-174.51,-235.20,-98.42
1.987360,-0.3284,-0.2015,0.5983,-172.34,-238.56,-105.70
1.987957,-0.3167,-0.1962,0.5856,-171.15,-234.50,-95.34
1.988554,-0.3021,-0.1903,0.5690,-169.47,-237.23,-105.21
1.989151,-0.2826,-0.1845,0.5558,-167.51,-233.24,-92.05
1.989748,-0.2669,-0.1752,0.5485,-167.23,-235.76,-104.72
1.990345,-0.2484,-0.1669,0.5368,-164.43,-232.12,-88.20
1.990942,-0.2338,-0.1659,0.5256,-164.57,-234.29,-103.81
1.991539,-0.2250,-0.1625,0.5163,-161.14,-230.93,-85.26
1.992136,-0.2108,-0.1508,0.5061,-162.05,-232.19,-102.41
1.992733,-0.1942,-0.1420,0.4963,-157.78,-230.23,-81.90
1.993330,-0.1796,-0.1381,0.4860,-159.53,-230.37,-100.38
1.993927,-0.1645,-0.1327,0.4734,-154.98,-228.41,-78.47
1.994524,-0.1474,-0.1269,0.4602,-157.01,-228.83,-98.77
1.995121,-0.1352,-0.1220,0.4494,-152.11,-226.52,-74.83
1.996094,-0.1244,-0.1127,0.4397,-154.28,-226.87,-96.88
1.996691,-0.1083,-0.1035,0.4275,-149.87,-224.91,-71.61
1.997288,-0.0927,-0.1000,0.4202,-151.69,-225.19,-94.57
1.997885,-0.0800,-0.0942,0.4153,-147.21,-222.60,-68.81
1.998482,-0.0722,-0.0864,0.3943,-149.45,-222.81,-91.42
1.999079,-0.0454,-0.0761,0.3816,-146.93,-220.71,-88.62
1.999676,-0.0337,-0.0703,0.3748,-142.38,-219.31,-62.86
2.000273,-0.0239,-0.0615,0.3621,-145.18,-217.91,-85.89
2.000870,-0.0137,-0.0595,0.3484,-140.00,-217.00,-59.99
2.001467,-0.0068,-0.0556,0.3421,-142.87,-215.88,-82.60
2.002064,0.0010,-0.0488,0.3314,-137.76,-214.83,-56.98
2.002661,0.0098,-0.0444,0.3245,-140.56,-213.57,-79.52
2.003258,0.0171,-0.0410,0.3162,-135.59,-212.31,-54.46
2.003855,0.0234,-0.0381,0.3021,-138.67,-210.70,-76.44
2.004452,0.0298,-0.0346,0.2972,-133.63,-210.42,-51.87
2.005049,0.0400,-0.0307,0.2962,-137.06,-208.11,-72.87
2.005646,0.0498,-0.0229,0.2826,-131.74,-208.11,-49.91
2.006243,0.0508,-0.0161,0.2699,-135.03,-206.08,-69.16
2.006840,0.0547,-0.0117,0.2616,-130.20,-204.75,-47.46
2.007813,0.0600,-0.0088,0.2450,-132.72,-203.98,-65.31
2.008410,0.0669,-0.0063,0.2362,-130.76,-201.60,-62.02
2.009007,0.0737,-0.0024,0.2279,-127.47,-199.43,-43.61
2.009604,0.0756,-0.0005,0.2176,-128.87,-199.36,-58.24
2.010201,0.0766,-0.0010,0.2054,-125.72,-196.98,-42.21
2.010798,0.0839,0.0029,0.1976,-124.25,-194.53,-40.67
2.011395,0.0854,0.0020,0.1903,-125.58,-193.97,-50.89
2.011992,0.0893,0.0039,0.1840,-122.78,-192.01,-39.62
2.012589,0.0908,0.0044,0.1771,-124.25,-191.24,-46.97
2.013186,0.0874,0.0088,0.1684,-121.31,-189.35,-38.57
2.013783,0.0898,0.0117,0.1645,-122.57,-188.72,-43.47
2.014380,0.0917,0.0112,0.1591,-120.19,-186.83,-36.82
2.014977,0.0932,0.0132,0.1518,-120.89,-186.13,-40.25
2.015574,0.0893,0.0156,0.1488,-118.58,-184.38,-36.05
2.016171,0.0820,0.0185,0.1396,-119.35,-183.47,-36.75
2.016768,0.0834,0.0181,0.1318,-117.46,-181.51,-35.14
2.017365,0.0888,0.0210,0.1249,-117.88,-180.88,-33.74
2.017962,0.0922,0.0234,0.1186,-116.41,-179.48,-34.09
2.018559,0.0878,0.0273,0.1176,-116.20,-178.22,-30.31
2.019532,0.0834,0.0303,0.1122,-115.43,-177.03,-32.76
2.020129,0.0830,0.0283,0.1044,-114.66,-176.05,-27.86
2.020726,0.0786,0.0327,0.0991,-114.31,-174.72,-31.99
2.021323,0.0752,0.0351,0.0961,-113.54,-173.32,-24.43
2.021920,0.0737,0.0327,0.0913,-113.19,-172.06,-31.36
2.022517,0.0717,0.0332,0.0830,-112.21,-171.08,-21.98
2.023114,0.0752,0.0332,0.0771,-112.00,-169.89,-29.89
2.023711,0.0781,0.0307,0.0717,-111.16,-168.28,-19.53
2.024308,0.0766,0.0312,0.0683,-111.02,-167.51,-28.91
2.024905,0.0752,0.0307,0.0605,-109.83,-165.69,-17.22
2.025502,0.0732,0.0268,0.0542,-110.25,-165.27,-27.30
2.026099,0.0747,0.0229,0.0468,-108.36,-163.31,-15.19
2.026696,0.0722,0.0190,0.0425,-109.55,-163.10,-25.97
2.027293,0.0669,0.0146,0.0405,-106.89,-160.65,-13.37
2.027890,0.0659,0.0112,0.0337,-108.15,-160.79,-24.92
2.028487,0.0634,0.0122,0.0288,-105.49,-158.27,-11.34
2.029084,0.0615,0.0102,0.0259,-107.59,-158.48,-23.31
2.029681,0.0595,0.0000,0.0195,-104.16,-156.03,-9.87
2.030278,0.0605,-0.0073,0.0122,-105.98,-156.59,-21.70
2.031250,0.0595,-0.0098,0.0059,-102.97,-153.37,-8.40
2.031847,0.0566,-0.0161,0.0015,-104.58,-154.70,-20.16
2.032444,0.0551,-0.0220,-0.0083,-102.13,-150.92,-7.07
2.033041,0.0571,-0.0268,-0.0083,-103.32,-152.81,-17.78
2.033638,0.0576,-0.0327,-0.0137,-101.08,-148.47,-6.23
2.034235,0.0542,-0.0395,-0.0142,-102.13,-149.80,-15.68
2.034832,0.0537,-0.0503,-0.0132,-99.61,-146.86,-5.46
2.035429,0.0547,-0.0576,-0.0185,-100.87,-147.49,-13.93
2.036026,0.0522,-0.0625,-0.0234,-98.21,-144.69,-4.48
2.036623,0.0532,-0.0708,-0.0264,-99.05,-145.60,-12.46
2.037220,0.0498,-0.0795,-0.0327,-97.37,-142.38,-3.01
2.037817,0.0434,-0.0893,-0.0332,-97.51,-143.36,-10.29
2.038414,0.0425,-0.1010,-0.0288,-96.25,-140.00,-2.45
2.039011,0.0376,-0.1108,-0.0327,-95.90,-141.33,-8.61
2.039608,0.0312,-0.1220,-0.0386,-94.71,-138.32,-0.84
2.040205,0.0268,-0.1352,-0.0415,-94.15,-139.23,-6.79
2.040802,0.0264,-0.1459,-0.0449,-93.31,-136.71,0.35
2.041399,0.0268,-0.1562,-0.0483,-92.96,-136.57,-5.25
2.041996,0.0215,-0.1654,-0.0503,-91.35,-135.24,1.33
2.041996,0.0146,-0.1762,-0.0576,-91.56,-134.61,-3.22
2.042590,0.0020,-0.2025,-0.0590,-89.32,-132.72,-1.68
2.043187,-0.0078,-0.2220,-0.0630,-87.92,-131.46,3.78
2.043784,-0.0142,-0.2357,-0.0673,-86.03,-129.78,4.27
2.044381,-0.0190,-0.2538,-0.0693,-85.82,-129.15,1.68
2.044978,-0.0239,-0.2664,-0.0688,-84.42,-127.61,4.97
2.045575,-0.0298,-0.2772,-0.0722,-83.72,-127.05,3.29
2.046172,-0.0346,-0.2865,-0.0727,-82.39,-126.35,6.02
2.046769,-0.0400,-0.3011,-0.0742,-81.62,-125.30,4.90
2.047366,-0.0473,-0.3172,-0.0776,-80.36,-124.74,6.65
2.047963,-0.0522,-0.3284,-0.0781,-79.59,-123.69,6.51
2.048560,-0.0551,-0.3392,-0.0800,-78.40,-123.20,7.77
2.049157,-0.0615,-0.3514,-0.0805,-77.42,-122.22,7.77
2.049754,-0.0693,-0.3645,-0.0825,-75.95,-121.80,8.19
2.050351,-0.0722,-0.3772,-0.0888,-75.11,-120.05,8.96
2.050948,-0.0747,-0.3894,-0.0898,-73.71,-120.75,8.89
2.051545,-0.0815,-0.4050,-0.0874,-72.73,-118.58,10.01
2.052142,-0.0883,-0.4231,-0.0883,-71.54,-119.42,9.80
2.052739,-0.0932,-0.4363,-0.0883,-70.35,-117.25,11.13
2.053711,-0.0976,-0.4460,-0.0922,-68.74,-117.95,10.50
2.054308,-0.1010,-0.4548,-0.0952,-67.90,-115.99,12.46
2.054905,-0.1025,-0.4631,-0.0942,-66.22,-116.34,10.50
2.055502,-0.1088,-0.4738,-0.0961,-65.24,-114.87,13.37
2.056099,-0.1122,-0.4860,-0.1005,-63.70,-115.15,11.48
2.056696,-0.1108,-0.4992,-0.1039,-62.58,-113.26,14.28
2.057293,-0.1152,-0.5080,-0.1049,-60.97,-113.96,11.90
2.057890,-0.1210,-0.5148,-0.1049,-59.78,-112.00,15.19
2.058487,-0.1235,-0.5222,-0.1088,-58.87,-112.42,12.53
2.059084,-0.1244,-0.5319,-0.1147,-57.26,-111.30,16.17
2.059681,-0.1332,-0.5431,-0.1127,-55.79,-111.30,12.60
2.060278,-0.1386,-0.5514,-0.1137,-54.67,-110.04,17.36
2.060875,-0.1362,-0.5617,-0.1191,-53.27,-110.25,12.88
2.061472,-0.1410,-0.5739,-0.1191,-51.45,-108.85,18.20
2.062069,-0.1449,-0.5836,-0.1225,-50.82,-109.06,12.74
2.062666,-0.1459,-0.5924,-0.1269,-48.51,-107.87,18.62
2.063263,-0.1518,-0.6007,-0.1288,-48.23,-107.87,13.65
2.063860,-0.1566,-0.6076,-0.1352,-45.36,-107.10,19.11
2.064457,-0.1630,-0.6163,-0.1444,-45.36,-106.75,14.07
2.065430,-0.1664,-0.6295,-0.1459,-42.70,-106.12,19.25
2.066027,-0.1669,-0.6354,-0.1552,-39.62,-105.21,19.53
2.066624,-0.1703,-0.6471,-0.1610,-39.69,-104.30,14.70
2.067221,-0.1728,-0.6583,-0.1620,-36.82,-103.88,19.67
2.067818,-0.1718,-0.6656,-0.1640,-36.54,-103.74,14.98
2.068415,-0.1752,-0.6734,-0.1669,-33.88,-103.32,20.02
2.069012,-0.1806,-0.6822,-0.1703,-33.74,-102.20,14.91
2.069609,-0.1835,-0.6891,-0.1757,-31.15,-102.62,20.09
2.070206,-0.1854,-0.6915,-0.1796,-30.45,-101.29,14.98
2.070803,-0.1850,-0.6974,-0.1806,-28.35,-101.78,19.95
2.071400,-0.1825,-0.7086,-0.1815,-27.30,-100.45,14.98
2.071997,-0.1835,-0.7139,-0.1850,-25.55,-100.80,19.81
2.072594,-0.1859,-0.7188,-0.1908,-24.50,-99.96,15.40
2.073191,-0.1893,-0.7242,-0.1962,-22.54,-99.68,19.39
2.073788,-0.1913,-0.7281,-0.2001,-21.28,-99.19,14.91
2.074385,-0.1923,-0.7335,-0.2015,-20.09,-98.49,19.25
2.074982,-0.1972,-0.7383,-0.2030,-18.13,-98.42,14.84
2.075579,-0.1986,-0.7408,-0.2123,-17.08,-97.93,19.04
2.076176,-0.1962,-0.7413,-0.2172,-14.84,-98.00,14.77
2.077149,-0.1976,-0.7442,-0.2191,-14.28,-96.88,18.48
2.077746,-0.2011,-0.7486,-0.2245,-11.90,-97.51,14.84
2.078343,-0.2045,-0.7549,-0.2245,-11.48,-95.34,17.43
2.078940,-0.2074,-0.7613,-0.2274,-9.17,-96.88,14.70
2.079537,-0.2118,-0.7637,-0.2333,-8.19,-95.06,16.59
2.080134,-0.2133,-0.7642,-0.2338,-6.44,-95.90,14.70
2.080731,-0.2147,-0.7637,-0.2323,-5.39,-94.57,15.82
2.081328,-0.2220,-0.7686,-0.2333,-3.57,-95.34,14.21
2.081925,-0.2259,-0.7740,-0.2372,-2.52,-94.22,15.47
2.082522,-0.2264,-0.7774,-0.2416,-0.63,-94.57,13.65
2.083119,-0.2298,-0.7803,-0.2474,0.63,-93.45,14.35
2.083716,-0.2342,-0.7779,-0.2489,2.10,-93.73,12.95
2.084313,-0.2352,-0.7808,-0.2484,3.01,-92.40,13.72
2.084910,-0.2386,-0.7837,-0.2523,5.39,-93.52,12.60
2.085507,-0.2406,-0.7828,-0.2562,6.09,-92.05,12.95
2.086104,-0.2396,-0.7857,-0.2625,7.70,-92.68,11.97
2.086701,-0.2416,-0.7857,-0.2640,8.89,-92.33,11.97
2.087298,-0.2455,-0.7896,-0.2621,10.15,-91.70,11.34
2.087895,-0.2469,-0.7930,-0.2655,11.83,-91.56,10.92
2.087895,-0.2460,-0.7906,-0.2704,12.88,-91.28,10.64
2.088488,-0.2469,-0.7901,-0.2679,14.56,-91.14,10.64
2.089085,-0.2469,-0.7910,-0.2679,15.68,-90.51,9.45
2.089682,-0.2445,-0.7886,-0.2713,17.43,-90.79,9.31
2.090279,-0.2440,-0.7886,-0.2757,18.06,-89.60,8.96
2.090876,-0.2440,-0.7915,-0.2811,19.95,-90.30,8.61
2.091473,-0.2416,-0.7954,-0.2821,20.86,-89.46,7.98
2.092070,-0.2372,-0.7993,-0.2826,22.47,-89.39,7.49
2.092667,-0.2352,-0.7998,-0.2855,23.66,-88.69,7.07
2.093264,-0.2372,-0.8013,-0.2928,24.92,-88.76,6.72
2.093861,-0.2367,-0.8042,-0.2987,26.18,-88.48,5.88
2.094458,-0.2338,-0.8057,-0.2987,27.02,-87.99,5.67
2.095055,-0.2342,-0.8062,-0.2972,28.98,-87.71,5.04
2.095652,-0.2318,-0.8052,-0.3026,29.54,-87.92,4.48
2.096249,-0.2255,-0.8062,-0.3089,31.15,-87.15,4.06
2.096846,-0.2240,-0.8091,-0.3128,32.48,-87.29,3.29
2.097443,-0.2255,-0.8135,-0.3143,33.18,-86.73,2.59
2.098040,-0.2225,-0.8154,-0.3123,34.86,-86.66,2.03
2.098637,-0.2201,-0.8154,-0.3177,35.84,-85.82,1.61
2.098637,-0.2176,-0.8135,-0.3245,37.31,-85.96,0.91
2.099230,-0.2128,-0.8115,-0.3289,38.01,-85.40,0.42
2.099827,-0.2108,-0.8169,-0.3328,39.69,-84.98,-0.98
2.100424,-0.2084,-0.8233,-0.3377,40.67,-84.91,-0.56
2.101021,-0.2074,-0.8286,-0.3523,42.91,-84.14,-2.38
2.101618,-0.2001,-0.8311,-0.3523,43.96,-83.72,-3.99
2.102215,-0.1962,-0.8291,-0.3538,45.36,-84.21,-3.36
2.102812,-0.1962,-0.8286,-0.3509,46.20,-82.67,-5.25
2.103409,-0.1932,-0.8301,-0.3518,47.39,-83.44,-4.62
2.104006,-0.1864,-0.8306,-0.3572,48.37,-81.69,-7.14
2.104603,-0.1806,-0.8325,-0.3660,49.84,-82.95,-6.16
2.105200,-0.1830,-0.8364,-0.3709,50.47,-80.43,-8.96
2.105797,-0.1825,-0.8384,-0.3723,52.15,-82.60,-7.70
2.106394,-0.1762,-0.8394,-0.3767,52.85,-79.59,-10.15
2.106991,-0.1728,-0.8408,-0.3802,54.39,-81.62,-9.10
2.107588,-0.1674,-0.8452,-0.3811,54.67,-78.82,-12.04
2.108185,-0.1630,-0.8442,-0.3841,56.42,-80.57,-10.50
2.108782,-0.1586,-0.8433,-0.3831,57.26,-78.47,-13.37
2.109379,-0.1552,-0.8442,-0.3831,58.45,-79.38,-12.04
2.110352,-0.1547,-0.8472,-0.3865,59.36,-77.84,-15.12
2.110949,-0.1503,-0.8545,-0.3904,61.81,-76.79,-17.01
2.111546,-0.1440,-0.8564,-0.3933,62.37,-77.56,-13.58
2.112143,-0.1366,-0.8579,-0.3953,63.56,-76.02,-19.18
2.112740,-0.1337,-0.8613,-0.3924,64.26,-76.30,-14.98
2.113337,-0.1298,-0.8638,-0.3933,65.45,-74.97,-20.30
2.113934,-0.1249,-0.8642,-0.3972,66.43,-75.60,-16.73
2.114531,-0.1215,-0.8638,-0.3967,67.27,-74.13,-21.70
2.115128,-0.1132,-0.8642,-0.3948,68.53,-74.55,-18.06
2.115725,-0.1064,-0.8647,-0.3943,68.95,-73.22,-22.54
2.116322,-0.1010,-0.8672,-0.3997,70.84,-72.73,-19.74
2.116919,-0.0952,-0.8677,-0.4006,70.63,-72.45,-23.66
2.117516,-0.0893,-0.8677,-0.3987,72.59,-71.54,-21.63
2.118113,-0.0825,-0.8667,-0.3963,72.73,-71.47,-24.78
2.118710,-0.0752,-0.8638,-0.3894,73.99,-70.56,-22.96
2.119307,-0.0654,-0.8647,-0.3909,74.27,-70.21,-25.83
2.119904,-0.0586,-0.8686,-0.3924,76.16,-69.30,-24.50
2.120501,-0.0527,-0.8696,-0.3904,76.02,-68.88,-27.09
2.121098,-0.0429,-0.8682,-0.3933,77.84,-67.48,-26.53
2.122071,-0.0303,-0.8706,-0.3919,77.84,-66.22,-28.77
2.122668,-0.0244,-0.8745,-0.3919,79.31,-67.06,-28.70
2.123265,-0.0190,-0.8760,-0.3938,81.06,-64.40,-29.68
2.123862,-0.0142,-0.8784,-0.3933,81.27,-65.31,-29.61
2.124459,-0.0054,-0.8804,-0.3938,83.02,-63.14,-31.64
2.125056,0.0039,-0.8813,-0.3963,82.46,-63.21,-30.94
2.125653,0.0132,-0.8862,-0.3938,84.49,-62.02,-32.83
2.126250,0.0200,-0.8891,-0.3943,84.21,-61.88,-31.64
2.126847,0.0249,-0.8886,-0.3943,85.82,-60.76,-34.44
2.127444,0.0332,-0.8877,-0.3943,85.96,-60.41,-32.48
2.128041,0.0400,-0.8896,-0.3928,87.15,-58.66,-35.70
2.128638,0.0498,-0.8950,-0.3933,87.71,-58.73,-33.46
2.129235,0.0586,-0.9004,-0.3963,88.62,-57.26,-37.38
2.129832,0.0659,-0.9043,-0.3948,89.53,-57.47,-34.09
2.130429,0.0766,-0.9077,-0.3909,89.60,-55.30,-38.22
2.131026,0.0820,-0.9121,-0.3919,90.86,-55.58,-34.79
2.131623,0.0888,-0.9135,-0.3967,91.14,-53.62,-38.85
2.132220,0.1000,-0.9135,-0.3963,92.61,-53.69,-35.70
2.132817,0.1059,-0.9145,-0.3928,92.40,-52.29,-40.18
2.133789,0.1098,-0.9170,-0.3958,94.29,-51.87,-36.47
2.134386,0.1166,-0.9189,-0.4021,93.87,-50.61,-41.16
2.134983,0.1225,-0.9199,-0.3982,95.48,-49.63,-36.89
2.135580,0.1288,-0.9233,-0.3977,95.34,-49.07,-41.79
2.136177,0.1327,-0.9277,-0.4021,96.74,-47.60,-37.10
2.136774,0.1352,-0.9321,-0.4046,96.32,-46.76,-42.00
2.137371,0.1376,-0.9340,-0.4050,98.28,-46.13,-37.87
2.137968,0.1440,-0.9365,-0.4046,97.37,-45.36,-42.28
2.138565,0.1518,-0.9384,-0.4070,99.68,-43.75,-38.71
2.139162,0.1562,-0.9399,-0.4060,98.35,-43.33,-41.79
2.139759,0.1586,-0.9443,-0.4050,101.29,-41.93,-39.55
2.140356,0.1615,-0.9467,-0.4055,99.33,-41.65,-41.37
2.140953,0.1625,-0.9482,-0.4041,102.55,-39.90,-39.69
2.141550,0.1645,-0.9492,-0.4031,101.01,-40.25,-41.30
2.142147,0.1693,-0.9487,-0.4021,103.46,-38.08,-40.11
2.142744,0.1723,-0.9487,-0.3977,102.76,-38.36,-41.09
2.143341,0.1728,-0.9516,-0.3987,104.16,-35.91,-40.53
2.143938,0.1747,-0.9516,-0.3992,104.09,-36.47,-40.74
2.144535,0.1791,-0.9511,-0.3963,105.07,-34.09,-40.53
2.144535,0.1801,-0.9550,-0.3953,105.28,-34.37,-39.83
2.145129,0.1835,-0.9609,-0.3909,106.82,-32.62,-39.76
2.145726,0.1830,-0.9609,-0.3884,106.82,-30.45,-39.55
2.146323,0.1825,-0.9614,-0.3899,107.80,-30.10,-39.27
2.146920,0.1854,-0.9633,-0.3845,107.24,-28.77,-39.06
2.147517,0.1859,-0.9599,-0.3797,109.13,-28.63,-38.78
2.148114,0.1835,-0.9584,-0.3792,107.87,-26.60,-38.43
2.148711,0.1859,-0.9618,-0.3738,110.32,-26.67,-38.22
2.149308,0.1874,-0.9638,-0.3709,108.85,-25.27,-37.94
2.149905,0.1859,-0.9672,-0.3709,110.88,-24.71,-37.10
2.150502,0.1884,-0.9692,-0.3694,110.04,-23.52,-37.52
2.151099,0.1854,-0.9687,-0.3665,111.79,-22.68,-36.33
2.151696,0.1830,-0.9701,-0.3631,111.02,-21.98,-36.68
2.152293,0.1850,-0.9697,-0.3611,111.93,-21.00,-35.14
2.152890,0.1859,-0.9706,-0.3562,112.21,-20.58,-36.40
2.153487,0.1845,-0.9750,-0.3514,112.63,-19.11,-34.30
2.154084,0.1835,-0.9775,-0.3518,113.05,-18.83,-35.28
2.154681,0.1850,-0.9716,-0.3494,112.84,-17.22,-33.25
2.155278,0.1845,-0.9662,-0.3445,114.03,-17.29,-34.79
2.157227,0.1820,-0.9711,-0.3382,113.40,-15.47,-31.50
2.157824,0.1815,-0.9736,-0.3328,114.31,-14.00,-31.57
2.158421,0.1781,-0.9736,-0.3299,114.87,-13.16,-31.92
2.159018,0.1781,-0.9755,-0.3299,115.29,-12.39,-30.03
2.159615,0.1776,-0.9731,-0.3274,115.22,-11.90,-31.36
2.160212,0.1713,-0.9692,-0.3235,115.78,-11.06,-29.12
2.160809,0.1659,-0.9672,-0.3211,115.50,-10.08,-29.89
2.161406,0.1679,-0.9701,-0.3192,116.48,-9.94,-28.35
2.162003,0.1684,-0.9711,-0.3157,115.78,-8.89,-28.63
2.162600,0.1635,-0.9697,-0.3118,116.76,-8.61,-27.23
2.163197,0.1625,-0.9682,-0.3099,116.34,-7.00,-27.79
2.163794,0.1635,-0.9682,-0.3070,116.62,-6.79,-26.46
2.164391,0.1586,-0.9692,-0.3065,116.76,-5.74,-26.18
2.164988,0.1562,-0.9716,-0.3055,116.90,-5.39,-25.62
2.165585,0.1542,-0.9755,-0.3011,117.39,-4.69,-25.13
2.166182,0.1503,-0.9755,-0.3021,116.90,-4.41,-24.36
2.166779,0.1488,-0.9711,-0.2977,117.60,-3.29,-24.15
2.167376,0.1405,-0.9697,-0.2908,117.04,-3.01,-22.68
2.167973,0.1381,-0.9658,-0.2923,117.18,-2.10,-22.54
2.168946,0.1322,-0.9643,-0.2816,117.53,-0.70,-22.12
2.169543,0.1249,-0.9638,-0.2816,117.60,-0.56,-21.56
2.170140,0.1249,-0.9599,-0.2733,117.25,0.35,-20.72
2.170737,0.1215,-0.9531,-0.2747,117.32,0.49,-20.65
2.171334,0.1137,-0.9536,-0.2767,117.46,1.19,-19.60
2.171931,0.1088,-0.9555,-0.2752,117.04,1.82,-19.81
2.172528,0.1083,-0.9506,-0.2757,117.60,1.89,-18.76
2.173125,0.1030,-0.9457,-0.2738,117.11,3.29,-19.04
2.173722,0.0952,-0.9443,-0.2704,117.46,2.80,-17.50
2.174319,0.0893,-0.9409,-0.2645,116.83,3.92,-18.06
2.174916,0.0800,-0.9350,-0.2606,117.18,3.57,-16.45
2.175513,0.0737,-0.9316,-0.2606,116.48,4.83,-17.15
2.176110,0.0703,-0.9292,-0.2567,116.97,4.62,-15.68
2.176707,0.0634,-0.9301,-0.2542,116.06,5.25,-16.45
2.177304,0.0561,-0.9277,-0.2523,116.48,5.67,-14.84
2.177901,0.0478,-0.9213,-0.2494,116.20,6.02,-15.61
2.178498,0.0410,-0.9204,-0.2489,115.99,5.88,-14.14
2.179095,0.0322,-0.9160,-0.2455,115.50,6.72,-14.14
2.179692,0.0244,-0.9096,-0.2435,115.29,6.58,-13.93
2.179692,0.0185,-0.9052,-0.2450,115.01,7.14,-13.37
2.180285,0.0083,-0.8994,-0.2420,114.80,7.00,-12.95
2.180882,0.0015,-0.8960,-0.2377,114.59,7.35,-13.16
2.181479,-0.0059,-0.8940,-0.2372,113.75,7.35,-11.97
2.182076,-0.0161,-0.8921,-0.2328,113.54,8.12,-12.25
2.182673,-0.0220,-0.8872,-0.2269,113.26,7.49,-11.62
2.183270,-0.0259,-0.8847,-0.2269,112.70,8.26,-11.34
2.183867,-0.0361,-0.8843,-0.2245,112.35,7.56,-10.64
2.184464,-0.0444,-0.8818,-0.2225,112.21,8.54,-10.15
2.185061,-0.0512,-0.8779,-0.2216,111.58,7.98,-10.43
2.185658,-0.0571,-0.8745,-0.2186,111.23,8.75,-9.94
2.186255,-0.0615,-0.8745,-0.2128,110.53,7.91,-9.80
2.186852,-0.0717,-0.8721,-0.2118,110.39,8.61,-9.03
2.187449,-0.0810,-0.8691,-0.2133,109.69,7.77,-9.24
2.188046,-0.0859,-0.8652,-0.2084,109.27,8.40,-8.33
2.188643,-0.0947,-0.8628,-0.2054,108.78,7.49,-9.03
2.189240,-0.1020,-0.8599,-0.2064,108.15,8.47,-7.35
2.189837,-0.1044,-0.8589,-0.2089,107.73,7.21,-8.47
2.190434,-0.1098,-0.8589,-0.2094,106.96,8.40,-6.51
2.190434,-0.1191,-0.8535,-0.2074,106.89,7.77,-8.75
2.191027,-0.1249,-0.8486,-0.2025,105.77,7.84,-5.81
2.191624,-0.1264,-0.8481,-0.2025,105.91,7.07,-8.82
2.192221,-0.1332,-0.8496,-0.2040,104.44,7.84,-5.25
2.192818,-0.1332,-0.8447,-0.2035,104.58,7.07,-8.19
2.193415,-0.1318,-0.8413,-0.2050,103.46,7.14,-5.18
2.194012,-0.1405,-0.8413,-0.2054,103.39,6.72,-8.05
2.194609,-0.1444,-0.8379,-0.2064,102.06,7.21,-5.39
2.195206,-0.1508,-0.8316,-0.2059,102.13,5.88,-8.05
2.195803,-0.1571,-0.8325,-0.2069,100.73,6.93,-4.48
2.196400,-0.1566,-0.8301,-0.2050,101.15,5.46,-7.91
2.196997,-0.1606,-0.8237,-0.2035,99.19,5.95,-4.55
2.197594,-0.1625,-0.8189,-0.2069,99.19,5.25,-7.91
2.198191,-0.1654,-0.8135,-0.2084,98.07,5.25,-4.69
2.198788,-0.1737,-0.8106,-0.2098,97.37,4.90,-7.84
2.199385,-0.1767,-0.8111,-0.2137,96.81,5.25,-4.48
2.199982,-0.1776,-0.8091,-0.2103,95.83,4.13,-8.19
2.200579,-0.1786,-0.8062,-0.2074,95.41,4.34,-4.62
2.201176,-0.1830,-0.8037,-0.2084,94.08,2.94,-8.40
2.202149,-0.1918,-0.7954,-0.2118,94.08,4.34,-8.61
2.202746,-0.1976,-0.7945,-0.2201,92.89,3.15,-5.81
2.203343,-0.2030,-0.7886,-0.2201,90.72,1.89,-8.96
2.203940,-0.2176,-0.7788,-0.2308,87.15,0.63,-9.52
2.204537,-0.2167,-0.7784,-0.2308,85.40,0.70,-10.15
2.205134,-0.2157,-0.7793,-0.2313,86.10,-0.35,-6.65
2.205731,-0.2191,-0.7784,-0.2313,83.86,-0.07,-10.36
2.206328,-0.2250,-0.7774,-0.2328,84.35,-1.12,-7.49
2.206925,-0.2303,-0.7779,-0.2347,82.25,-1.40,-10.22
2.207522,-0.2318,-0.7808,-0.2347,82.67,-1.61,-7.98
2.208119,-0.2318,-0.7784,-0.2411,81.20,-2.66,-10.50
2.208716,-0.2323,-0.7754,-0.2430,80.71,-2.52,-8.19
2.209313,-0.2367,-0.7754,-0.2406,79.24,-3.36,-10.08
2.209910,-0.2450,-0.7740,-0.2416,79.10,-3.57,-8.68
2.210507,-0.2474,-0.7715,-0.2440,77.77,-4.48,-10.64
2.211104,-0.2450,-0.7710,-0.2494,77.07,-4.48,-9.03
2.211701,-0.2420,-0.7720,-0.2513,76.23,-5.53,-10.15
2.212298,-0.2430,-0.7754,-0.2508,75.39,-5.32,-9.52
2.212895,-0.2479,-0.7788,-0.2499,74.76,-6.51,-9.87
2.215821,-0.2499,-0.7788,-0.2508,73.22,-5.81,-10.22
2.216418,-0.2528,-0.7749,-0.2542,73.15,-8.12,-9.66
2.217015,-0.2508,-0.7706,-0.2508,71.75,-6.65,-10.64
2.217612,-0.2479,-0.7730,-0.2528,71.26,-9.03,-9.10
2.218209,-0.2542,-0.7769,-0.2596,70.00,-7.49,-10.92
2.218806,-0.2577,-0.7793,-0.2577,69.51,-10.01,-8.61
2.219403,-0.2577,-0.7779,-0.2538,68.46,-8.68,-11.27
2.220000,-0.2606,-0.7769,-0.2572,68.18,-10.85,-8.33
2.220597,-0.2635,-0.7803,-0.2606,66.71,-9.73,-11.20
2.221194,-0.2630,-0.7798,-0.2601,66.57,-12.11,-8.12
2.221791,-0.2591,-0.7798,-0.2606,64.33,-10.71,-11.06
2.222388,-0.2582,-0.7847,-0.2577,65.10,-12.81,-7.98
2.222985,-0.2582,-0.7886,-0.2562,63.21,-12.11,-10.36
2.223582,-0.2572,-0.7910,-0.2562,63.42,-13.16,-8.19
2.224179,-0.2601,-0.7935,-0.2567,61.53,-13.44,-10.01
2.224776,-0.2635,-0.7920,-0.2542,61.74,-14.21,-7.91
2.225373,-0.2582,-0.7945,-0.2557,60.27,-14.49,-9.73
2.225971,-0.2547,-0.7998,-0.2582,59.64,-14.49,-7.14
2.226568,-0.2528,-0.8023,-0.2586,59.36,-15.89,-9.52
2.226568,-0.2499,-0.8067,-0.2591,58.03,-14.98,-6.86
2.227160,-0.2499,-0.8086,-0.2577,57.75,-17.50,-9.03
2.227757,-0.2484,-0.8096,-0.2567,56.63,-15.54,-6.86
2.228354,-0.2479,-0.8145,-0.2562,56.56,-18.62,-8.19
2.228951,-0.2474,-0.8164,-0.2552,55.23,-16.24,-6.37
2.229548,-0.2464,-0.8233,-0.2547,55.02,-19.53,-7.77
2.230145,-0.2435,-0.8272,-0.2513,53.69,-17.15,-5.81
2.230742,-0.2396,-0.8276,-0.2518,53.62,-20.37,-7.14
2.231339,-0.2347,-0.8330,-0.2508,52.57,-18.13,-5.39
2.231936,-0.2298,-0.8355,-0.2450,52.22,-20.93,-6.93
2.232533,-0.2269,-0.8423,-0.2474,51.24,-19.39,-4.48
2.233130,-0.2220,-0.8486,-0.2489,50.82,-21.70,-6.30
2.233727,-0.2186,-0.8501,-0.2435,50.12,-20.09,-3.78
2.234324,-0.2176,-0.8550,-0.2450,49.42,-22.75,-5.39
2.234921,-0.2128,-0.8574,-0.2445,49.14,-20.65,-3.22
2.235518,-0.2054,-0.8633,-0.2411,48.23,-23.24,-4.27
2.236115,-0.2020,-0.8725,-0.2416,48.37,-21.28,-2.52
2.236712,-0.1884,-0.8804,-0.2362,47.25,-21.91,-1.82
2.237310,-0.1776,-0.8950,-0.2377,46.20,-22.26,-1.19
2.239258,-0.1728,-0.9033,-0.2352,45.08,-25.62,-1.12
2.239855,-0.1674,-0.9106,-0.2338,44.80,-23.24,-0.56
2.240452,-0.1606,-0.9140,-0.2372,43.89,-25.62,-0.21
2.241049,-0.1537,-0.9170,-0.2347,43.96,-23.59,0.84
2.241646,-0.1459,-0.9238,-0.2313,43.33,-26.04,0.91
2.242243,-0.1381,-0.9335,-0.2328,43.05,-24.29,1.12
2.242840,-0.1347,-0.9394,-0.2294,42.70,-26.53,1.89
2.243437,-0.1279,-0.9453,-0.2294,42.35,-24.36,1.96
2.244034,-0.1205,-0.9501,-0.2298,41.51,-26.39,2.80
2.244631,-0.1157,-0.9560,-0.2284,41.37,-24.92,2.59
2.245228,-0.1059,-0.9638,-0.2289,41.72,-26.81,3.64
2.245825,-0.0986,-0.9692,-0.2255,40.81,-24.92,3.43
2.246422,-0.0981,-0.9726,-0.2230,40.60,-27.09,4.97
2.247019,-0.0956,-0.9775,-0.2264,40.18,-24.99,3.85
2.247616,-0.0854,-0.9950,-0.2240,39.34,-25.62,4.76
2.248213,-0.0825,-1.0014,-0.2245,39.55,-26.46,6.51
2.248810,-0.0795,-1.0043,-0.2264,38.99,-25.90,5.67
2.249408,-0.0747,-1.0097,-0.2240,38.85,-26.25,7.70
2.250005,-0.0703,-1.0131,-0.2225,38.50,-26.25,6.30
2.250977,-0.0639,-1.0224,-0.2216,38.43,-25.90,8.33
2.251574,-0.0620,-1.0277,-0.2225,38.01,-26.60,7.07
2.252171,-0.0576,-1.0272,-0.2225,38.01,-25.69,8.96
2.252768,-0.0537,-1.0341,-0.2211,37.80,-26.53,7.98
2.253365,-0.0517,-1.0394,-0.2220,38.15,-25.55,9.87
2.253962,-0.0459,-1.0404,-0.2216,37.10,-26.81,8.68
2.254559,-0.0390,-1.0448,-0.2245,37.52,-25.20,10.71
2.255156,-0.0381,-1.0487,-0.2259,37.24,-26.60,9.24
2.255753,-0.0366,-1.0477,-0.2191,37.52,-24.57,11.27
2.256350,-0.0312,-1.0487,-0.2142,36.54,-26.11,10.08
2.256947,-0.0273,-1.0531,-0.2176,37.59,-24.71,12.18
2.257544,-0.0244,-1.0551,-0.2216,36.05,-25.90,10.22
2.258141,-0.0229,-1.0560,-0.2220,37.45,-24.71,13.72
2.258738,-0.0215,-1.0575,-0.2211,35.84,-24.92,10.57
2.259335,-0.0176,-1.0575,-0.2196,36.82,-24.15,14.70
2.259932,-0.0122,-1.0590,-0.2201,35.98,-25.06,11.06
2.260530,-0.0083,-1.0599,-0.2216,36.75,-23.52,14.84
2.261127,-0.0073,-1.0594,-0.2196,35.63,-24.50,11.90
2.261724,-0.0083,-1.0604,-0.2220,36.82,-23.03,15.26
2.261724,-0.0098,-1.0624,-0.2245,35.21,-24.01,12.81
2.262316,-0.0068,-1.0648,-0.2201,36.89,-22.82,15.89
2.262913,-0.0015,-1.0648,-0.2186,34.93,-23.45,12.88
2.263510,0.0005,-1.0629,-0.2206,36.47,-22.33,16.52
2.264107,0.0000,-1.0619,-0.2216,34.93,-22.68,13.65
2.264704,0.0015,-1.0638,-0.2176,36.33,-21.84,17.08
2.265301,0.0034,-1.0677,-0.2167,34.86,-22.26,14.49
2.265898,0.0024,-1.0673,-0.2225,36.26,-21.14,17.08
2.266495,0.0005,-1.0663,-0.2264,35.07,-21.70,15.12
2.267092,0.0020,-1.0663,-0.2225,35.77,-20.58,17.29
2.267689,0.0020,-1.0668,-0.2211,35.07,-20.79,15.75
2.268286,0.0117,-1.0731,-0.2220,35.49,-19.81,17.50
2.268883,0.0093,-1.0712,-0.2196,35.07,-19.60,17.92
2.269480,0.0078,-1.0687,-0.2220,35.07,-19.60,17.08
2.270077,0.0093,-1.0707,-0.2250,35.56,-18.27,17.08
2.270674,0.0132,-1.0716,-0.2225,35.49,-19.04,17.99
2.271271,0.0151,-1.0707,-0.2196,34.93,-17.50,17.43
2.271869,0.0117,-1.0712,-0.2255,35.63,-18.55,18.06
2.272466,0.0137,-1.0726,-0.2250,34.93,-16.87,17.01
2.273438,0.0156,-1.0746,-0.2176,35.49,-17.78,18.27
2.274035,0.0161,-1.0765,-0.2206,35.28,-16.17,17.36
2.274632,0.0146,-1.0775,-0.2225,35.21,-16.73,17.99
2.275229,0.0137,-1.0775,-0.2240,34.79,-15.19,17.64
2.275826,0.0176,-1.0785,-0.2255,35.28,-16.17,18.34
2.276423,0.0195,-1.0829,-0.2220,35.21,-14.70,17.01
2.277020,0.0234,-1.0843,-0.2206,35.14,-14.98,18.20
2.277617,0.0234,-1.0829,-0.2235,35.21,-13.65,17.36
2.278214,0.0215,-1.0809,-0.2250,35.28,-14.07,18.06
2.278811,0.0200,-1.0809,-0.2240,35.49,-12.74,17.15
2.279408,0.0254,-1.0834,-0.2245,35.07,-13.44,18.13
2.280005,0.0283,-1.0868,-0.2201,36.05,-12.04,16.45
2.280602,0.0288,-1.0892,-0.2225,34.93,-12.46,17.71
2.281199,0.0288,-1.0878,-0.2250,36.33,-11.48,16.38
2.281796,0.0249,-1.0838,-0.2235,34.79,-11.48,18.06
2.282393,0.0254,-1.0878,-0.2216,36.26,-10.78,15.61
2.282991,0.0249,-1.0912,-0.2201,35.21,-10.50,17.92
2.283588,0.0244,-1.0912,-0.2245,35.91,-9.59,15.47
2.284185,0.0249,-1.0897,-0.2284,35.63,-10.01,17.50
2.284185,0.0239,-1.0868,-0.2308,35.91,-9.17,15.12
2.284777,0.0220,-1.0853,-0.2308,35.49,-8.96,17.15
2.285374,0.0210,-1.0848,-0.2308,35.98,-8.33,14.70
2.285971,0.0190,-1.0878,-0.2328,36.26,-8.05,17.08
2.286568,0.0156,-1.0858,-0.2357,35.70,-7.42,14.91
2.287165,0.0156,-1.0829,-0.2377,36.12,-6.86,15.96
2.287762,0.0166,-1.0843,-0.2391,36.19,-6.65,14.42
2.288359,0.0181,-1.0843,-0.2362,36.12,-5.88,15.54
2.288956,0.0176,-1.0858,-0.2372,36.19,-6.02,14.00
2.289553,0.0132,-1.0878,-0.2435,36.26,-5.46,15.12
2.290150,0.0098,-1.0887,-0.2503,36.19,-5.18,13.86
2.290747,0.0059,-1.0873,-0.2547,36.89,-4.55,14.42
2.291344,0.0034,-1.0873,-0.2533,36.40,-4.20,13.72
2.291941,0.0059,-1.0892,-0.2538,36.68,-3.50,14.07
2.292538,0.0088,-1.0878,-0.2552,36.40,-3.43,13.58
2.293135,0.0063,-1.0853,-0.2601,36.89,-2.87,13.58
2.293732,0.0024,-1.0853,-0.2616,36.75,-2.80,13.30
2.294330,0.0024,-1.0873,-0.2586,37.17,-2.17,13.16
2.294927,0.0000,-1.0853,-0.2611,36.68,-1.96,12.67
2.295899,-0.0020,-1.0838,-0.2640,37.59,-1.68,12.67
2.296496,-0.0068,-1.0834,-0.2635,37.03,-1.05,12.81
2.297093,-0.0098,-1.0824,-0.2669,37.52,-0.84,12.11
2.297690,-0.0127,-1.0863,-0.2713,37.31,-0.56,12.25
2.298287,-0.0161,-1.0878,-0.2733,37.38,0.00,11.62
2.298884,-0.0161,-1.0853,-0.2733,37.45,0.14,12.11
2.299481,-0.0195,-1.0829,-0.2713,37.38,0.28,10.78
2.300078,-0.0224,-1.0824,-0.2733,38.08,0.84,11.20
2.300675,-0.0254,-1.0853,-0.2738,37.52,0.84,10.78
2.301272,-0.0303,-1.0853,-0.2738,38.22,1.89,11.06
2.301869,-0.0322,-1.0814,-0.2757,37.80,1.12,10.15
2.302466,-0.0322,-1.0829,-0.2801,37.87,2.66,10.99
2.303063,-0.0356,-1.0824,-0.2806,38.22,1.68,10.08
2.303660,-0.0371,-1.0804,-0.2743,38.15,3.22,10.22
2.304257,-0.0381,-1.0838,-0.2738,38.50,2.10,10.01
2.304854,-0.0386,-1.0829,-0.2782,38.57,3.29,9.87
2.305451,-0.0381,-1.0790,-0.2811,38.85,2.87,8.96
2.306049,-0.0405,-1.0775,-0.2821,38.57,4.20,10.01
2.306646,-0.0410,-1.0756,-0.2860,38.71,3.36,8.68
2.306646,-0.0420,-1.0726,-0.2826,38.78,4.55,9.31
2.307238,-0.0429,-1.0746,-0.2796,38.78,4.13,8.75
2.307835,-0.0439,-1.0746,-0.2830,38.78,5.18,8.75
2.308432,-0.0454,-1.0721,-0.2806,39.20,4.41,7.98
2.309029,-0.0478,-1.0731,-0.2830,39.13,5.46,8.33
2.309626,-0.0512,-1.0716,-0.2869,39.34,5.04,7.98
2.310223,-0.0522,-1.0712,-0.2874,39.13,5.88,7.56
2.310820,-0.0551,-1.0707,-0.2855,39.83,5.18,7.21
2.311417,-0.0532,-1.0702,-0.2845,39.34,6.44,7.14
2.312014,-0.0532,-1.0707,-0.2850,39.97,5.74,7.42
2.312611,-0.0586,-1.0702,-0.2884,39.55,6.65,6.09
2.313208,-0.0561,-1.0682,-0.2918,39.90,6.58,7.35
2.313805,-0.0517,-1.0692,-0.2928,39.48,6.72,6.02
2.314402,-0.0542,-1.0736,-0.2908,40.60,6.65,6.86
2.314999,-0.0566,-1.0707,-0.2918,39.83,7.14,5.11
2.315596,-0.0576,-1.0692,-0.2948,40.67,7.42,6.51
2.316193,-0.0610,-1.0736,-0.2928,39.90,7.21,5.67
2.316791,-0.0615,-1.0697,-0.2933,40.74,7.84,6.30
2.317388,-0.0600,-1.0673,-0.2957,40.46,7.28,4.69
2.317388,-0.0600,-1.0682,-0.2962,40.60,8.47,5.53
2.317980,-0.0586,-1.0707,-0.2948,40.67,8.61,4.83
2.318577,-0.0566,-1.0712,-0.2943,41.23,7.84,4.76
2.319174,-0.0576,-1.0746,-0.2977,40.60,8.96,4.69
2.319771,-0.0556,-1.0760,-0.3016,41.58,8.19,4.62
2.320368,-0.0522,-1.0756,-0.3006,41.16,9.59,3.92
2.320965,-0.0542,-1.0751,-0.2972,41.16,8.89,4.62
2.321562,-0.0517,-1.0756,-0.2972,41.86,9.38,3.57
2.322159,-0.0493,-1.0760,-0.2962,41.65,9.03,4.48
2.322756,-0.0488,-1.0780,-0.2957,41.58,9.94,4.13
2.323353,-0.0434,-1.0736,-0.2991,41.65,9.31,4.06
2.323950,-0.0405,-1.0736,-0.3011,42.07,9.87,3.43
2.324547,-0.0425,-1.0795,-0.3011,42.14,9.31,4.27
2.325144,-0.0434,-1.0804,-0.2987,41.93,10.50,3.15
2.325741,-0.0395,-1.0814,-0.2982,42.42,9.66,4.06
2.326338,-0.0381,-1.0785,-0.3021,42.35,10.43,3.57
2.326935,-0.0361,-1.0785,-0.3016,42.91,10.50,3.78
2.327532,-0.0312,-1.0824,-0.3040,42.56,10.36,3.15
2.328130,-0.0264,-1.0829,-0.3016,42.70,10.99,3.57
2.329102,-0.0244,-1.0863,-0.2982,42.84,10.57,3.08
2.329699,-0.0264,-1.0868,-0.2982,42.91,11.27,3.29
2.330296,-0.0264,-1.0848,-0.3006,43.33,11.06,3.01
2.330893,-0.0224,-1.0882,-0.2972,43.12,11.97,3.29
2.331490,-0.0220,-1.0892,-0.2952,43.82,10.92,3.01
2.332087,-0.0190,-1.0882,-0.2933,42.98,12.25,3.22
2.332684,-0.0146,-1.0868,-0.2948,44.10,10.99,2.94
2.333281,-0.0117,-1.0829,-0.2987,43.26,12.81,3.57
2.333878,-0.0107,-1.0814,-0.2938,44.24,11.48,3.01
2.334475,-0.0112,-1.0838,-0.2899,43.68,12.95,3.08
2.335072,-0.0088,-1.0853,-0.2918,44.52,11.69,2.66
2.335669,-0.0054,-1.0843,-0.2923,43.89,13.44,3.64
2.336266,-0.0049,-1.0838,-0.2913,44.59,11.69,2.59
2.336863,-0.0068,-1.0843,-0.2860,44.24,14.00,3.71
2.337460,-0.0039,-1.0829,-0.2850,44.66,12.04,2.66
2.338057,-0.0005,-1.0804,-0.2884,44.66,14.00,3.71
2.338654,0.0020,-1.0799,-0.2874,44.87,12.60,2.73
2.339252,0.0024,-1.0804,-0.2855,44.80,14.49,3.57
2.339849,0.0029,-1.0804,-0.2821,45.22,12.46,3.22
2.339849,0.0054,-1.0785,-0.2791,44.87,14.98,3.92
2.340441,0.0059,-1.0775,-0.2762,45.22,12.81,3.43
2.341038,0.0063,-1.0736,-0.2743,45.01,15.19,3.71
2.341635,0.0093,-1.0716,-0.2743,45.15,13.09,3.64
2.342232,0.0142,-1.0746,-0.2767,45.50,15.19,3.85
2.342829,0.0185,-1.0731,-0.2752,44.94,13.72,3.99
2.343426,0.0185,-1.0702,-0.2694,45.99,15.33,3.92
2.344023,0.0181,-1.0702,-0.2694,45.01,14.42,4.20
2.344620,0.0224,-1.0697,-0.2718,46.27,15.19,4.20
2.345217,0.0224,-1.0677,-0.2699,44.94,14.63,4.83
2.345814,0.0220,-1.0682,-0.2718,46.55,15.61,4.27
2.346411,0.0254,-1.0682,-0.2733,44.80,15.05,5.25
2.347008,0.0264,-1.0658,-0.2669,46.62,15.47,4.48
2.347605,0.0254,-1.0648,-0.2650,45.36,15.12,5.04
2.348202,0.0239,-1.0648,-0.2621,46.62,15.82,5.74
2.348799,0.0264,-1.0643,-0.2586,46.20,16.03,5.18
2.349396,0.0283,-1.0585,-0.2572,45.50,16.24,6.30
2.349993,0.0254,-1.0575,-0.2577,46.55,15.82,5.60
2.350591,0.0278,-1.0570,-0.2562,45.64,17.15,6.37
2.351563,0.0303,-1.0555,-0.2577,46.69,15.33,5.95
2.352160,0.0234,-1.0580,-0.2572,45.99,17.29,6.72
2.352757,0.0239,-1.0551,-0.2547,46.34,16.31,6.30
2.353354,0.0293,-1.0492,-0.2528,45.92,17.71,7.14
2.353951,0.0312,-1.0463,-0.2523,46.20,15.82,6.44
2.354548,0.0298,-1.0443,-0.2513,46.34,17.50,7.56
2.355145,0.0288,-1.0463,-0.2533,46.27,16.24,6.58
2.355742,0.0264,-1.0472,-0.2552,46.34,17.57,8.05
2.356339,0.0268,-1.0404,-0.2533,45.57,16.52,6.44
2.356936,0.0298,-1.0326,-0.2542,46.27,18.27,8.33
2.357533,0.0312,-1.0326,-0.2523,45.92,16.59,6.09
2.358130,0.0337,-1.0326,-0.2489,45.92,18.34,8.82
2.358727,0.0298,-1.0287,-0.2469,45.71,16.45,6.79
2.359324,0.0288,-1.0268,-0.2425,46.48,18.62,8.12
2.359921,0.0298,-1.0282,-0.2435,45.08,16.59,7.21
2.360518,0.0303,-1.0282,-0.2416,46.13,18.62,8.26
2.361115,0.0327,-1.0224,-0.2381,45.29,16.45,7.42
2.361712,0.0312,-1.0189,-0.2401,45.92,18.41,8.40
2.362310,0.0312,-1.0194,-0.2391,45.08,17.15,7.70
2.363282,0.0273,-1.0185,-0.2396,45.99,18.27,7.84
2.363879,0.0239,-1.0141,-0.2411,45.08,17.01,8.12
2.364476,0.0234,-1.0102,-0.2411,45.57,18.55,7.70
2.365073,0.0176,-1.0077,-0.2396,45.01,17.50,8.26
2.365670,0.0181,-1.0028,-0.2372,45.15,18.48,7.42
2.366267,0.0185,-1.0014,-0.2342,44.73,17.71,8.54
2.366864,0.0176,-1.0033,-0.2328,44.80,18.48,7.07
2.367461,0.0185,-1.0033,-0.2342,44.94,17.50,8.68
2.368058,0.0171,-1.0019,-0.2323,44.38,18.20,6.72
2.368655,0.0137,-1.0004,-0.2303,44.66,17.85,8.89
2.369252,0.0098,-0.9970,-0.2313,44.38,18.13,6.30
2.369849,0.0073,-0.9955,-0.2318,44.17,17.92,8.75
2.370446,0.0054,-0.9950,-0.2313,43.89,17.64,6.79
2.371043,0.0049,-0.9921,-0.2274,43.82,18.27,8.82
2.371640,0.0010,-0.9892,-0.2264,44.03,17.71,8.05
2.372237,0.0000,-0.9897,-0.2269,42.91,17.71,6.16
2.372834,0.0000,-0.9887,-0.2279,43.96,17.64,7.63
2.373432,-0.0049,-0.9916,-0.2269,42.42,17.57,6.37
2.374029,-0.0112,-0.9902,-0.2255,43.40,17.57,6.93
2.375000,-0.0142,-0.9858,-0.2240,42.63,16.87,6.65
2.375597,-0.0171,-0.9872,-0.2240,42.77,17.78,6.30
2.376194,-0.0185,-0.9931,-0.2201,42.49,16.87,6.51
2.376791,-0.0224,-0.9960,-0.2176,42.21,17.64,6.30
2.377388,-0.0254,-0.9960,-0.2220,42.42,16.38,6.44
2.377985,-0.0249,-0.9960,-0.2216,41.86,17.43,5.53
2.378582,-0.0293,-0.9975,-0.2230,42.28,15.96,6.37
2.379179,-0.0332,-1.0009,-0.2269,41.58,17.29,5.53
2.379776,-0.0361,-1.0038,-0.2230,41.79,15.75,6.51
2.380373,-0.0395,-0.9999,-0.2206,41.23,17.29,5.32
2.380970,-0.0429,-0.9989,-0.2196,41.65,15.40,5.81
2.381567,-0.0439,-1.0033,-0.2137,40.81,16.45,5.04
2.382164,-0.0444,-1.0063,-0.2157,41.58,15.26,5.46
2.382761,-0.0454,-1.0111,-0.2147,40.81,16.52,4.27
2.383358,-0.0454,-1.0121,-0.2074,41.23,14.91,5.53
2.383955,-0.0410,-1.0116,-0.2118,40.74,15.89,3.57
2.384552,-0.0420,-1.0136,-0.2167,40.67,14.49,5.18
2.385150,-0.0459,-1.0131,-0.2152,40.18,15.68,3.01
2.385747,-0.0473,-1.0170,-0.2113,40.18,14.28,4.55
2.385747,-0.0459,-1.0155,-0.2113,40.32,14.98,1.96
2.386340,-0.0449,-1.0126,-0.2128,39.90,13.65,4.20
2.386937,-0.0464,-1.0165,-0.2084,40.32,14.77,1.26
2.387534,-0.0478,-1.0165,-0.2025,39.62,13.86,3.64
2.388131,-0.0464,-1.0160,-0.2059,40.18,14.07,0.49
2.388728,-0.0429,-1.0165,-0.2094,39.06,13.37,3.29
2.389325,-0.0425,-1.0170,-0.2103,39.76,13.65,0.07
2.389922,-0.0420,-1.0185,-0.2118,39.34,12.74,2.59
2.390519,-0.0381,-1.0219,-0.2113,39.62,13.02,-0.84
2.391116,-0.0366,-1.0243,-0.2079,39.34,12.67,1.96
2.391713,-0.0366,-1.0228,-0.2035,38.92,12.74,-1.40
2.392310,-0.0371,-1.0214,-0.2020,39.20,12.39,1.54
2.392907,-0.0395,-1.0224,-0.2040,38.78,12.39,-2.03
2.393504,-0.0381,-1.0243,-0.2035,38.99,12.25,0.91
2.394101,-0.0371,-1.0258,-0.2045,38.50,12.11,-2.80
2.394698,-0.0366,-1.0248,-0.2001,38.99,11.83,-0.14
2.395295,-0.0356,-1.0243,-0.2001,38.50,11.83,-2.80
2.395892,-0.0332,-1.0253,-0.2069,38.78,11.48,-0.63
2.396490,-0.0322,-1.0268,-0.2030,37.94,11.13,-3.43
2.396490,-0.0317,-1.0292,-0.1967,38.92,10.71,-1.12
2.397082,-0.0303,-1.0302,-0.1967,37.45,10.92,-3.99
2.397679,-0.0317,-1.0316,-0.1986,38.78,10.71,-1.68
2.398276,-0.0317,-1.0346,-0.1986,37.10,10.50,-4.13
2.398873,-0.0264,-1.0326,-0.1957,38.85,9.94,-2.38
2.399470,-0.0224,-1.0272,-0.1976,36.89,10.50,-4.69
2.400067,-0.0215,-1.0297,-0.2006,38.64,9.45,-2.52
2.400664,-0.0200,-1.0336,-0.1957,37.03,9.87,-4.69
2.401261,-0.0176,-1.0365,-0.1957,38.78,9.03,-2.94
2.401858,-0.0146,-1.0346,-0.1967,36.68,9.45,-4.69
2.402455,-0.0107,-1.0321,-0.1928,38.57,8.82,-3.29
2.403052,-0.0083,-1.0375,-0.1898,37.10,9.10,-5.11
2.403649,-0.0068,-1.0399,-0.1874,37.52,8.82,-3.36
2.404246,-0.0039,-1.0414,-0.1913,37.45,8.68,-4.97
2.404843,-0.0020,-1.0409,-0.1898,37.66,8.68,-4.13
2.405440,-0.0029,-1.0399,-0.1869,37.17,8.40,-4.62
2.406037,0.0024,-1.0429,-0.1869,37.52,8.26,-4.48
2.406634,0.0059,-1.0477,-0.1869,37.52,7.49,-5.25
2.407232,0.0034,-1.0516,-0.1840,36.89,7.84,-4.20
2.408204,0.0063,-1.0531,-0.1840,37.87,7.70,-5.32
2.408801,0.0098,-1.0531,-0.1864,36.40,7.21,-4.27
2.409398,0.0166,-1.0507,-0.1820,37.66,7.91,-5.25
2.409995,0.0195,-1.0516,-0.1767,36.47,7.14,-4.13
2.410592,0.0176,-1.0546,-0.1752,37.73,7.49,-4.97
2.411189,0.0220,-1.0541,-0.1757,36.68,6.72,-4.69
2.411786,0.0278,-1.0555,-0.1796,37.24,7.28,-4.34
2.412383,0.0273,-1.0565,-0.1825,36.75,6.79,-5.04
2.412980,0.0298,-1.0560,-0.1791,37.52,7.07,-4.41
2.413577,0.0342,-1.0560,-0.1747,37.03,6.51,-5.32
2.414174,0.0366,-1.0546,-0.1723,36.96,6.79,-4.13
2.414771,0.0376,-1.0590,-0.1713,37.24,6.23,-5.46
2.415368,0.0410,-1.0614,-0.1723,36.68,6.44,-3.57
2.415965,0.0439,-1.0594,-0.1747,37.59,6.23,-5.46
2.416562,0.0444,-1.0594,-0.1713,36.89,6.30,-3.29
2.417159,0.0512,-1.0590,-0.1713,36.82,6.16,-2.59
2.417756,0.0571,-1.0619,-0.1723,37.10,5.74,-5.18
2.418353,0.0566,-1.0624,-0.1713,36.96,6.44,-2.87
2.418951,0.0576,-1.0624,-0.1728,37.52,5.18,-4.97
2.418951,0.0644,-1.0604,-0.1732,36.89,6.23,-2.87
2.419543,0.0654,-1.0551,-0.1732,37.52,5.04,-4.69
2.420140,0.0600,-1.0536,-0.1728,37.03,6.16,-3.15
2.420737,0.0615,-1.0551,-0.1679,37.52,4.76,-3.92
2.421334,0.0634,-1.0555,-0.1645,37.17,6.23,-2.94
2.421931,0.0649,-1.0541,-0.1664,37.03,4.97,-3.43
2.422528,0.0664,-1.0521,-0.1684,37.24,5.88,-2.38
2.423125,0.0669,-1.0521,-0.1708,37.10,4.90,-3.29
2.423722,0.0717,-1.0546,-0.1732,37.38,5.67,-1.82
2.424319,0.0766,-1.0541,-0.1698,37.03,4.76,-3.15
2.424916,0.0737,-1.0507,-0.1654,37.59,5.39,-1.12
2.425513,0.0693,-1.0468,-0.1669,36.82,5.11,-2.94
2.426110,0.0722,-1.0438,-0.1684,37.52,4.83,-0.56
2.426707,0.0761,-1.0429,-0.1684,37.03,5.32,-2.24
2.427304,0.0756,-1.0414,-0.1703,37.31,4.97,-0.28
2.427901,0.0742,-1.0429,-0.1684,37.45,4.90,-1.68
2.428498,0.0732,-1.0404,-0.1645,37.10,4.69,0.14
2.429095,0.0703,-1.0385,-0.1659,37.24,5.18,-0.98
2.429693,0.0698,-1.0390,-0.1649,36.82,4.55,0.91
2.430664,0.0742,-1.0346,-0.1659,37.38,4.62,-0.28
2.431261,0.0722,-1.0341,-0.1679,36.82,4.48,1.61
2.431858,0.0703,-1.0311,-0.1679,37.38,4.83,-0.07
2.432455,0.0737,-1.0214,-0.1664,36.82,4.20,2.45
2.433052,0.0722,-1.0199,-0.1684,36.96,4.62,0.14
2.433649,0.0698,-1.0214,-0.1688,36.82,3.99,3.01
2.434246,0.0678,-1.0185,-0.1684,36.82,4.69,0.35
2.434843,0.0683,-1.0185,-0.1659,36.75,3.85,3.99
2.435440,0.0708,-1.0175,-0.1625,36.40,4.76,0.91
2.436037,0.0752,-1.0165,-0.1635,37.10,3.64,4.69
2.436634,0.0722,-1.0146,-0.1669,35.91,4.90,1.68
2.437231,0.0688,-1.0126,-0.1625,37.10,3.57,5.53
2.437828,0.0717,-1.0097,-0.1615,35.84,4.48,2.24
2.438425,0.0732,-1.0097,-0.1684,37.03,3.50,6.02
2.439022,0.0717,-1.0102,-0.1693,35.56,4.06,2.80
2.439619,0.0712,-1.0038,-0.1679,36.68,3.50,5.95
2.440216,0.0732,-1.0004,-0.1659,35.63,3.99,3.64
2.440813,0.0708,-1.0014,-0.1659,36.68,3.36,7.00
2.441411,0.0659,-1.0014,-0.1669,35.14,3.92,4.55
2.441411,0.0654,-0.9970,-0.1679,36.75,3.43,7.49
2.442004,0.0669,-0.9921,-0.1698,34.86,3.78,5.46
2.442601,0.0669,-0.9921,-0.1732,36.26,3.64,7.49
2.443198,0.0669,-0.9906,-0.1737,35.00,3.71,6.44
2.443795,0.0620,-0.9887,-0.1688,35.98,3.57,8.12
2.444392,0.0600,-0.9902,-0.1659,34.58,3.50,7.14
2.444989,0.0605,-0.9877,-0.1669,35.49,3.43,8.82
2.445586,0.0581,-0.9833,-0.1669,34.30,3.08,7.70
2.446183,0.0547,-0.9809,-0.1688,35.07,3.29,9.31
2.446780,0.0527,-0.9819,-0.1684,34.44,3.01,8.47
2.447377,0.0527,-0.9819,-0.1693,34.44,3.22,9.59
2.447974,0.0508,-0.9799,-0.1747,34.72,2.52,9.31
2.448571,0.0503,-0.9799,-0.1747,33.88,3.43,10.01
2.449168,0.0503,-0.9794,-0.1703,34.51,2.45,9.66
2.449765,0.0488,-0.9789,-0.1674,33.46,3.15,10.71
2.450362,0.0454,-0.9780,-0.1654,34.58,2.24,10.08
2.450959,0.0429,-0.9780,-0.1679,32.90,3.15,10.92
2.451556,0.0429,-0.9784,-0.1757,34.23,2.66,10.71
2.452153,0.0439,-0.9755,-0.1737,32.55,3.01,11.69
2.452153,0.0434,-0.9740,-0.1698,33.67,2.31,11.41
2.452746,0.0439,-0.9726,-0.1703,32.34,2.73,12.25
2.453343,0.0400,-0.9736,-0.1693,33.11,2.52,11.48
2.453940,0.0361,-0.9750,-0.1723,32.27,2.52,12.60
2.454537,0.0371,-0.9726,-0.1742,32.69,2.45,12.18
2.455134,0.0351,-0.9692,-0.1728,31.78,2.17,12.60
2.455731,0.0351,-0.9682,-0.1713,32.34,2.31,12.32
2.456328,0.0351,-0.9687,-0.1718,31.85,2.10,12.53
2.456925,0.0351,-0.9682,-0.1728,32.13,2.31,13.23
2.457522,0.0371,-0.9687,-0.1747,31.43,1.82,12.32
2.458119,0.0376,-0.9711,-0.1762,31.92,2.31,14.07
2.458716,0.0371,-0.9697,-0.1742,30.94,2.03,12.18
2.459313,0.0410,-0.9677,-0.1713,31.36,2.17,14.35
2.459910,0.0390,-0.9648,-0.1684,30.87,0.91,11.90
2.460507,0.0376,-0.9628,-0.1684,30.59,2.52,14.56
2.461104,0.0410,-0.9633,-0.1723,30.87,1.05,11.69
2.461701,0.0415,-0.9648,-0.1688,30.38,2.31,14.98
2.462298,0.0405,-0.9658,-0.1669,30.59,1.19,11.69
2.462895,0.0410,-0.9623,-0.1684,29.82,2.17,15.61
2.463868,0.0449,-0.9633,-0.1679,30.10,1.19,11.62
2.464465,0.0483,-0.9623,-0.1684,29.19,2.10,15.47
2.465062,0.0478,-0.9623,-0.1669,29.89,1.40,11.06
2.465659,0.0449,-0.9638,-0.1664,29.05,2.24,15.61
2.466256,0.0434,-0.9653,-0.1654,29.19,1.47,11.34
2.466853,0.0464,-0.9697,-0.1630,29.12,2.31,15.33
2.467450,0.0498,-0.9697,-0.1659,28.35,1.61,11.27
2.468047,0.0503,-0.9701,-0.1664,28.91,1.54,15.05
2.468644,0.0503,-0.9726,-0.1664,28.07,1.75,11.20
2.469241,0.0503,-0.9726,-0.1664,28.91,1.82,14.98
2.469838,0.0478,-0.9711,-0.1640,27.51,1.61,10.99
2.470435,0.0464,-0.9706,-0.1640,28.77,1.61,14.77
2.471032,0.0483,-0.9740,-0.1684,26.81,1.82,10.85
2.471629,0.0483,-0.9794,-0.1654,28.56,1.40,14.42
2.472226,0.0454,-0.9848,-0.1610,26.74,1.68,10.15
2.472823,0.0449,-0.9853,-0.1620,28.07,1.61,14.14
2.473420,0.0464,-0.9838,-0.1620,26.46,1.75,10.50
2.474017,0.0449,-0.9848,-0.1664,27.72,2.03,13.72
2.474614,0.0434,-0.9872,-0.1659,26.11,1.82,10.29
2.474614,0.0464,-0.9897,-0.1576,27.51,1.75,13.37
2.475207,0.0434,-0.9858,-0.1571,27.51,1.54,12.74
2.475804,0.0395,-0.9858,-0.1625,25.83,2.03,9.94
2.476401,0.0405,-0.9882,-0.1625,26.88,1.75,11.97
2.476998,0.0425,-0.9926,-0.1601,25.48,2.03,9.73
2.477595,0.0444,-0.9941,-0.1586,26.46,1.61,11.34
2.478192,0.0439,-0.9941,-0.1562,25.41,1.82,9.94
2.478789,0.0410,-0.9902,-0.1562,26.04,1.61,10.57
2.479386,0.0405,-0.9906,-0.1571,25.55,1.54,9.45
2.479983,0.0425,-0.9926,-0.1576,25.76,2.31,10.22
2.480580,0.0420,-0.9941,-0.1601,25.48,1.68,9.17
2.481177,0.0434,-0.9975,-0.1601,25.48,2.03,9.38
2.481774,0.0473,-0.9994,-0.1566,25.55,1.40,9.10
2.482371,0.0498,-1.0004,-0.1566,25.06,2.10,8.82
2.482968,0.0493,-1.0019,-0.1547,25.20,2.03,8.82
2.483565,0.0459,-1.0014,-0.1566,24.29,2.31,9.24
2.484162,0.0468,-0.9994,-0.1615,25.34,2.24,7.70
2.484759,0.0459,-0.9989,-0.1581,24.22,2.24,8.68
2.485356,0.0420,-0.9999,-0.1576,24.85,2.31,7.21
2.486329,0.0464,-1.0024,-0.1625,24.36,2.03,8.05
2.486926,0.0449,-1.0033,-0.1625,24.64,2.38,6.58
2.487523,0.0449,-1.0024,-0.1610,24.22,2.03,7.70
2.488120,0.0478,-1.0014,-0.1576,24.43,2.66,6.72
2.488717,0.0468,-1.0038,-0.1557,24.36,1.89,6.93
2.489314,0.0468,-1.0043,-0.1610,24.15,2.87,6.30
2.489911,0.0459,-1.0048,-0.1659,24.50,1.61,6.51
2.490508,0.0473,-1.0077,-0.1596,23.80,2.94,6.51
2.491105,0.0488,-1.0092,-0.1576,24.22,1.61,5.81
2.491702,0.0493,-1.0116,-0.1615,24.08,3.15,5.88
2.492299,0.0439,-1.0106,-0.1586,24.08,1.61,5.32
2.492896,0.0410,-1.0097,-0.1566,23.87,3.29,5.95
2.493493,0.0459,-1.0131,-0.1532,24.08,1.61,4.62
2.494090,0.0478,-1.0131,-0.1523,23.66,3.01,6.44
2.494687,0.0454,-1.0116,-0.1571,24.08,1.54,3.64
2.495284,0.0449,-1.0102,-0.1606,23.66,3.36,6.23
2.495881,0.0449,-1.0097,-0.1610,24.01,1.47,3.50
2.496478,0.0434,-1.0121,-0.1571,23.73,3.71,6.09
2.497075,0.0444,-1.0160,-0.1562,23.80,1.26,2.80
2.497075,0.0439,-1.0146,-0.1571,23.87,3.43,5.88
2.497668,0.0400,-1.0102,-0.1557,23.59,1.54,3.08
2.498265,0.0381,-1.0116,-0.1571,23.94,3.57,5.39
2.498862,0.0390,-1.0150,-0.1562,23.73,1.61,2.38
2.499459,0.0395,-1.0155,-0.1552,23.80,3.29,5.67
2.500056,0.0371,-1.0165,-0.1557,23.52,1.61,1.61
2.500653,0.0356,-1.0170,-0.1591,23.87,3.43,5.53
2.501250,0.0386,-1.0150,-0.1586,23.38,2.10,1.47
2.501847,0.0390,-1.0180,-0.1562,24.22,2.94,5.53
2.502444,0.0366,-1.0209,-0.1571,23.10,2.52,1.05
2.503041,0.0351,-1.0185,-0.1562,24.29,2.87,5.39
2.503638,0.0327,-1.0180,-0.1532,23.24,2.59,0.91
2.504235,0.0327,-1.0219,-0.1518,24.08,2.52,5.46
2.504832,0.0356,-1.0228,-0.1557,23.66,2.52,0.56
2.505429,0.0337,-1.0233,-0.1557,24.22,2.94,5.18
2.506026,0.0298,-1.0243,-0.1537,23.52,3.01,0.63
2.506623,0.0317,-1.0263,-0.1562,24.57,2.45,4.55
2.507220,0.0278,-1.0263,-0.1576,23.59,2.94,0.14
2.507817,0.0224,-1.0243,-0.1581,24.78,2.66,4.69
2.508789,0.0229,-1.0258,-0.1566,23.66,2.24,0.42
2.509386,0.0288,-1.0248,-0.1552,24.43,2.52,4.27
2.509983,0.0322,-1.0233,-0.1542,23.87,2.52,-0.14
2.510580,0.0322,-1.0228,-0.1532,24.57,2.52,4.06
2.511177,0.0322,-1.0219,-0.1532,24.29,2.17,-0.35
2.511774,0.0288,-1.0238,-0.1527,24.43,2.24,4.06
2.512371,0.0293,-1.0224,-0.1523,24.01,2.38,-0.49
2.512968,0.0312,-1.0199,-0.1513,24.78,2.24,3.64
2.513565,0.0288,-1.0238,-0.1488,24.22,2.31,-0.56
2.514162,0.0268,-1.0243,-0.1469,25.20,2.17,3.57
2.514759,0.0278,-1.0248,-0.1454,24.36,2.38,-0.91
2.515356,0.0264,-1.0258,-0.1523,25.34,2.38,3.64
2.515953,0.0254,-1.0238,-0.1537,24.36,2.45,-0.70
2.516550,0.0259,-1.0209,-0.1459,25.20,1.96,3.29
2.517147,0.0239,-1.0199,-0.1430,24.57,2.24,-0.63
2.517744,0.0210,-1.0228,-0.1464,25.55,2.45,3.64
2.518341,0.0195,-1.0214,-0.1469,24.85,1.19,-0.77
2.518938,0.0142,-1.0194,-0.1449,25.27,2.73,3.01
2.519535,0.0127,-1.0219,-0.1440,25.20,1.33,-0.35
2.519535,0.0195,-1.0228,-0.1405,25.41,2.31,2.80
2.520129,0.0176,-1.0238,-0.1391,25.27,1.19,-0.35
2.520726,0.0171,-1.0243,-0.1405,25.83,2.24,2.66
2.521323,0.0166,-1.0209,-0.1430,25.76,1.12,-0.35
2.521920,0.0137,-1.0219,-0.1405,25.76,2.24,2.38
2.522517,0.0122,-1.0214,-0.1342,26.04,1.33,-0.21
2.523114,0.0122,-1.0185,-0.1332,25.76,1.89,2.38
2.523711,0.0127,-1.0160,-0.1362,26.04,1.26,0.14
2.524308,0.0122,-1.0155,-0.1381,25.83,1.68,1.89
2.524905,0.0137,-1.0146,-0.1371,26.60,1.33,0.21
2.525502,0.0166,-1.0116,-0.1376,25.62,1.40,1.96
2.526099,0.0132,-1.0111,-0.1366,26.46,1.54,0.42
2.526696,0.0098,-1.0121,-0.1357,26.04,0.98,1.75
2.527293,0.0112,-1.0126,-0.1342,27.16,1.05,0.49
2.527890,0.0102,-1.0106,-0.1342,25.76,1.26,1.75
2.528487,0.0137,-1.0063,-0.1342,27.37,1.19,0.00
2.529084,0.0127,-1.0063,-0.1366,25.97,1.12,1.89
2.529681,0.0107,-1.0072,-0.1342,27.30,0.98,0.77
2.530278,0.0112,-1.0067,-0.1313,26.32,0.84,1.47
2.530278,0.0063,-1.0058,-0.1274,27.02,0.91,1.33
2.530871,0.0044,-1.0053,-0.1288,26.74,0.63,0.70
2.531468,0.0078,-1.0043,-0.1337,27.09,0.77,1.47
2.532065,0.0073,-1.0014,-0.1322,26.88,0.35,0.28
2.532662,0.0073,-0.9999,-0.1327,27.09,0.49,1.68
2.533259,0.0127,-1.0009,-0.1318,27.30,0.49,0.00
2.533856,0.0117,-1.0004,-0.1322,27.51,0.14,1.96
2.534453,0.0054,-0.9984,-0.1352,26.88,0.35,-0.21
2.535050,0.0054,-0.9955,-0.1362,27.44,0.14,2.38
2.535647,0.0078,-0.9965,-0.1366,27.30,0.35,-0.70
2.536244,0.0049,-0.9980,-0.1357,27.51,0.07,2.59
2.536841,0.0049,-0.9970,-0.1376,27.30,0.07,-1.26
2.537438,0.0059,-0.9955,-0.1376,28.14,-0.14,2.52
2.538035,0.0068,-0.9950,-0.1357,27.02,0.07,-1.12
2.538632,0.0073,-0.9936,-0.1332,27.86,-0.42,2.87
2.539229,0.0068,-0.9945,-0.1322,28.07,-0.56,2.59
2.539826,0.0068,-0.9936,-0.1293,27.37,-0.42,-1.26
2.540423,0.0078,-0.9867,-0.1313,28.63,-0.77,2.17
2.541020,0.0083,-0.9877,-0.1357,27.09,-0.21,-0.91
2.541993,0.0059,-0.9921,-0.1352,28.49,-1.19,1.89
2.542590,0.0054,-0.9902,-0.1352,27.44,-0.28,-0.98
2.543187,0.0073,-0.9877,-0.1293,28.91,-1.33,1.75
2.543784,0.0049,-0.9906,-0.1332,27.37,-0.28,-1.05
2.544381,-0.0005,-0.9911,-0.1362,28.70,-1.26,1.54
2.544978,0.0015,-0.9902,-0.1327,27.72,-0.63,-1.54
2.545575,0.0039,-0.9911,-0.1332,28.91,-1.96,1.68
2.546172,0.0034,-0.9911,-0.1279,28.00,-0.77,-1.89
2.546769,0.0083,-0.9902,-0.1279,28.77,-1.82,1.54
2.547366,0.0063,-0.9906,-0.1293,28.00,-1.40,-1.68
2.547963,0.0034,-0.9931,-0.1293,28.77,-1.33,1.26
2.548560,0.0059,-0.9945,-0.1313,28.56,-1.54,-1.75
2.549157,0.0059,-0.9965,-0.1279,28.56,-1.61,1.12
2.549754,0.0054,-0.9989,-0.1249,29.12,-1.61,-1.82
2.550351,0.0059,-0.9999,-0.1225,28.49,-2.17,1.40
2.550948,0.0078,-0.9965,-0.1191,29.26,-1.19,-2.66
2.551545,0.0078,-0.9960,-0.1200,28.07,-2.03,1.47
2.552142,0.0054,-1.0009,-0.1220,29.47,-1.68,-2.87
2.552739,0.0059,-1.0014,-0.1215,28.21,-2.66,1.40
2.552739,0.0083,-0.9994,-0.1225,29.68,-1.47,-3.01
2.553332,0.0083,-0.9984,-0.1230,28.56,-3.08,1.33
2.553929,0.0122,-0.9980,-0.1176,29.61,-1.05,-3.15
2.554526,0.0142,-0.9989,-0.1186,28.77,-3.15,1.26
2.555123,0.0132,-1.0019,-0.1196,29.40,-1.75,-3.29
2.555720,0.0151,-1.0009,-0.1142,29.12,-2.94,0.77
2.556317,0.0146,-1.0004,-0.1098,29.40,-1.61,-3.22
2.556914,0.0151,-1.0004,-0.1103,29.75,-2.80,0.63
2.557511,0.0166,-0.9994,-0.1152,28.98,-1.89,-3.43
2.558108,0.0151,-1.0019,-0.1147,30.24,-3.08,0.35
2.558705,0.0132,-1.0033,-0.1088,28.91,-2.31,-3.36
2.559302,0.0151,-1.0028,-0.1064,30.31,-3.08,0.28
2.559899,0.0181,-1.0058,-0.1078,28.98,-2.17,-3.78
2.560496,0.0171,-1.0087,-0.1044,30.52,-3.29,-0.14
2.561093,0.0166,-1.0077,-0.1000,30.66,-2.94,-1.05
2.561690,0.0171,-1.0038,-0.1000,29.61,-2.80,-3.15
2.562287,0.0171,-0.9994,-0.1005,30.73,-2.87,-1.54
2.562884,0.0185,-1.0014,-0.0981,29.68,-2.66,-2.94
2.563481,0.0185,-1.0014,-0.0976,30.24,-2.66,-1.96
2.564454,0.0146,-0.9980,-0.0986,30.31,-3.15,-2.94
2.565051,0.0137,-0.9965,-0.0976,30.03,-2.73,-1.89
2.565648,0.0166,-0.9950,-0.0961,30.52,-3.22,-3.29
2.566245,0.0190,-0.9916,-0.0966,30.10,-2.59,-2.31
2.566842,0.0220,-0.9950,-0.0952,30.73,-3.36,-3.50
2.567439,0.0249,-0.9980,-0.0932,30.31,-2.73,-2.87
2.568036,0.0244,-0.9965,-0.0952,30.73,-3.50,-3.43
2.568633,0.0210,-0.9970,-0.0976,30.31,-2.80,-3.08
2.569230,0.0210,-0.9999,-0.0991,30.80,-3.57,-3.36
2.569827,0.0244,-1.0009,-0.0976,30.45,-2.59,-3.78
2.570424,0.0259,-0.9965,-0.0942,30.66,-3.57,-3.22
2.571021,0.0264,-0.9945,-0.0947,30.73,-2.73,-4.48
2.571618,0.0234,-0.9984,-0.0947,30.66,-3.85,-2.94
2.572215,0.0239,-0.9994,-0.0937,31.29,-3.01,-4.97
2.572812,0.0264,-0.9941,-0.0942,30.66,-3.22,-3.29
2.573409,0.0273,-0.9945,-0.0922,31.08,-3.08,-4.48
2.574006,0.0268,-0.9970,-0.0917,30.66,-4.20,-3.22
2.574603,0.0268,-0.9970,-0.0952,31.15,-2.31,-5.04
2.575200,0.0224,-0.9984,-0.0917,31.36,-4.48,-3.43
2.576172,0.0229,-0.9980,-0.0869,30.80,-2.38,-5.67
2.576769,0.0234,-0.9984,-0.0869,31.57,-4.48,-3.08
2.577366,0.0220,-0.9999,-0.0883,30.73,-2.31,-6.02
2.577963,0.0244,-0.9999,-0.0883,31.71,-4.34,-2.94
2.578560,0.0220,-0.9984,-0.0874,31.01,-2.38,-5.88
2.579157,0.0220,-1.0004,-0.0893,32.06,-4.48,-3.29
2.579754,0.0259,-0.9994,-0.0888,31.01,-2.52,-6.09
2.580351,0.0264,-0.9975,-0.0864,31.99,-4.41,-3.29
2.580948,0.0268,-1.0004,-0.0869,30.87,-2.45,-5.95
2.581545,0.0264,-1.0014,-0.0834,32.06,-4.48,-3.22
2.582142,0.0249,-0.9999,-0.0834,31.01,-2.87,-5.88
2.582739,0.0268,-1.0009,-0.0903,32.13,-4.13,-3.43
2.583336,0.0288,-0.9999,-0.0874,31.36,-3.01,-5.74
2.583933,0.0254,-0.9950,-0.0820,31.71,-3.99,-3.29
2.584530,0.0239,-0.9926,-0.0844,31.71,-3.50,-6.30
2.585127,0.0283,-0.9926,-0.0888,31.64,-3.57,-3.08
2.585724,0.0293,-0.9931,-0.0825,32.06,-3.50,-6.44
2.586321,0.0312,-0.9931,-0.0771,31.36,-3.64,-3.15
2.586918,0.0327,-0.9945,-0.0781,32.20,-3.15,-6.37
2.586918,0.0293,-0.9931,-0.0791,31.99,-3.99,-3.43
2.587511,0.0273,-0.9906,-0.0791,31.99,-3.57,-5.81
2.588108,0.0307,-0.9902,-0.0776,32.06,-3.78,-3.92
2.588705,0.0317,-0.9911,-0.0781,31.85,-3.50,-5.88
2.589302,0.0298,-0.9906,-0.0766,32.06,-3.57,-3.99
2.589899,0.0322,-0.9882,-0.0752,31.85,-3.22,-5.67
2.590496,0.0342,-0.9882,-0.0766,32.34,-3.92,-3.92
2.591093,0.0366,-0.9877,-0.0761,31.57,-3.22,-5.53
2.591690,0.0400,-0.9838,-0.0756,32.55,-3.99,-4.13
2.592287,0.0346,-0.9828,-0.0752,31.64,-3.29,-5.60
2.592884,0.0303,-0.9858,-0.0771,32.62,-3.92,-4.34
2.593481,0.0356,-0.9887,-0.0742,31.78,-3.50,-5.32
2.594078,0.0356,-0.9819,-0.0708,32.20,-3.71,-4.27
2.594675,0.0317,-0.9770,-0.0698,32.34,-3.43,-5.46
2.595272,0.0288,-0.9823,-0.0698,32.13,-4.20,-4.48
2.595869,0.0298,-0.9828,-0.0717,32.34,-2.94,-5.46
2.596466,0.0342,-0.9765,-0.0742,31.64,-3.57,-4.06
2.597063,0.0356,-0.9755,-0.0747,31.50,-3.29,-4.62
2.597660,0.0332,-0.9726,-0.0693,32.90,-3.85,-4.76
2.598633,0.0337,-0.9736,-0.0678,31.57,-3.01,-4.83
2.599230,0.0351,-0.9726,-0.0712,32.90,-4.06,-4.69
2.599827,0.0337,-0.9682,-0.0727,31.57,-2.94,-5.04
2.600424,0.0351,-0.9658,-0.0742,32.48,-3.85,-4.20
2.601021,0.0366,-0.9672,-0.0708,31.57,-3.15,-5.04
2.601618,0.0346,-0.9677,-0.0678,32.48,-3.64,-4.48
2.602215,0.0337,-0.9648,-0.0673,31.64,-3.29,-4.83
2.602812,0.0346,-0.9633,-0.0678,32.27,-3.50,-4.48
2.603409,0.0342,-0.9604,-0.0727,32.20,-3.43,-4.90
2.604006,0.0366,-0.9575,-0.0747,31.64,-3.43,-4.20
2.604603,0.0395,-0.9550,-0.0688,32.13,-3.22,-5.39
2.605200,0.0400,-0.9521,-0.0678,31.50,-3.43,-3.50
2.605797,0.0405,-0.9506,-0.0698,31.78,-2.80,-5.32
2.606394,0.0395,-0.9516,-0.0688,31.71,-3.92,-3.50
2.606991,0.0371,-0.9492,-0.0688,31.57,-3.29,-5.11
2.607588,0.0386,-0.9526,-0.0703,31.43,-3.85,-5.11
2.608185,0.0415,-0.9492,-0.0659,31.71,-2.73,-3.57
2.608782,0.0395,-0.9511,-0.0644,31.15,-3.50,-5.32
2.609379,0.0371,-0.9516,-0.0649,31.15,-2.59,-3.36
2.610352,0.0361,-0.9501,-0.0630,31.15,-3.57,-5.46
2.610949,0.0356,-0.9516,-0.0669,30.87,-2.45,-3.08
2.611546,0.0332,-0.9506,-0.0708,31.43,-3.50,-5.67
2.612143,0.0312,-0.9487,-0.0717,30.73,-2.59,-2.80
2.612740,0.0337,-0.9467,-0.0683,31.15,-3.15,-5.32
2.613337,0.0322,-0.9472,-0.0630,30.59,-2.52,-3.08
2.613934,0.0288,-0.9477,-0.0600,31.22,-3.57,-5.25
2.614531,0.0293,-0.9457,-0.0644,30.45,-2.52,-2.66
2.615128,0.0303,-0.9482,-0.0698,30.80,-3.36,-5.46
2.615725,0.0278,-0.9506,-0.0678,30.45,-2.80,-2.45
2.616322,0.0259,-0.9482,-0.0669,30.31,-3.08,-5.67
2.616919,0.0234,-0.9462,-0.0664,30.80,-2.66,-2.59
2.617516,0.0249,-0.9496,-0.0664,29.75,-2.87,-5.46
2.618113,0.0244,-0.9506,-0.0688,30.66,-2.94,-2.10
2.618710,0.0185,-0.9501,-0.0683,29.75,-2.80,-6.09
2.619307,0.0142,-0.9511,-0.0620,30.31,-3.01,-1.82
2.619904,0.0132,-0.9506,-0.0625,29.40,-2.52,-6.23
2.620501,0.0112,-0.9501,-0.0649,30.73,-3.22,-1.82
2.621098,0.0073,-0.9521,-0.0620,29.12,-2.52,-5.95
2.621098,0.0063,-0.9550,-0.0620,30.87,-3.15,-1.75
2.621691,0.0112,-0.9560,-0.0625,28.98,-3.15,-5.95
2.622288,0.0117,-0.9589,-0.0678,30.87,-2.94,-2.38
2.622885,0.0088,-0.9618,-0.0683,28.56,-2.80,-5.32
2.623482,0.0107,-0.9633,-0.0644,30.45,-2.73,-2.38
2.624079,0.0098,-0.9618,-0.0649,28.91,-3.22,-5.18
2.624676,0.0054,-0.9628,-0.0664,30.03,-2.66,-2.59
2.625273,0.0029,-0.9672,-0.0669,28.91,-3.01,-5.04
2.625870,0.0059,-0.9672,-0.0625,29.96,-2.80,-2.87
2.626467,0.0078,-0.9667,-0.0590,29.05,-3.22,-4.62
2.627064,0.0083,-0.9687,-0.0615,29.47,-3.08,-2.94
2.627661,0.0098,-0.9701,-0.0659,29.61,-3.29,-5.11
2.628258,0.0107,-0.9711,-0.0649,29.12,-2.59,-2.59
2.628855,0.0098,-0.9755,-0.0625,29.47,-3.43,-4.62
2.629452,0.0059,-0.9745,-0.0581,29.61,-3.29,-4.62
2.630049,0.0020,-0.9784,-0.0581,28.56,-2.80,-2.52
2.630646,0.0054,-0.9799,-0.0630,29.75,-3.57,-4.97
2.631243,0.0083,-0.9809,-0.0688,28.63,-2.24,-2.38
2.631840,0.0088,-0.9828,-0.0659,29.82,-3.78,-4.83
2.632813,0.0068,-0.9828,-0.0625,28.49,-2.38,-2.59
2.633410,0.0049,-0.9794,-0.0659,29.54,-3.78,-4.41
2.634007,0.0020,-0.9775,-0.0669,28.70,-2.59,-3.08
2.634604,0.0020,-0.9833,-0.0688,29.26,-3.99,-3.99
2.635201,0.0049,-0.9887,-0.0673,28.84,-2.31,-2.87
2.635798,0.0098,-0.9902,-0.0649,29.26,-4.20,-3.92
2.636395,0.0083,-0.9921,-0.0659,28.77,-2.03,-3.29
2.636992,0.0029,-0.9931,-0.0649,28.98,-4.27,-3.15
2.637589,0.0034,-0.9916,-0.0654,29.12,-2.80,-3.57
2.638186,0.0034,-0.9926,-0.0664,28.91,-4.06,-3.43
2.638783,0.0078,-0.9931,-0.0712,29.54,-2.94,-3.71
2.639380,0.0088,-0.9945,-0.0742,28.28,-3.92,-3.22
2.639977,0.0049,-0.9960,-0.0737,29.33,-3.08,-3.36
2.640574,0.0049,-0.9926,-0.0737,28.56,-3.29,-3.78
2.641171,0.0054,-0.9941,-0.0732,29.40,-3.29,-3.15
2.641768,0.0034,-0.9994,-0.0693,28.35,-3.36,-3.57
2.642365,0.0020,-1.0014,-0.0664,30.03,-3.57,-3.99
2.642962,0.0015,-1.0053,-0.0669,28.35,-3.22,-2.94
2.643559,0.0034,-1.0092,-0.0712,29.54,-3.57,-3.64
2.643559,0.0083,-1.0028,-0.0732,28.49,-3.36,-3.15
2.644152,0.0078,-1.0033,-0.0708,29.40,-3.99,-3.64
2.644749,0.0049,-1.0092,-0.0727,28.70,-3.43,-3.29
2.645346,0.0039,-1.0067,-0.0727,29.12,-3.78,-3.50
2.645943,0.0054,-1.0067,-0.0708,29.19,-3.29,-2.94
2.646540,0.0054,-1.0111,-0.0683,28.98,-3.78,-3.71
2.647137,0.0059,-1.0136,-0.0717,29.40,-3.64,-2.80
2.647734,0.0059,-1.0141,-0.0737,28.84,-3.36,-4.27
2.648331,0.0049,-1.0136,-0.0737,29.82,-3.57,-2.80
2.648928,0.0063,-1.0131,-0.0756,28.35,-3.36,-4.13
2.649525,0.0049,-1.0136,-0.0732,30.24,-3.78,-2.80
2.650122,0.0059,-1.0141,-0.0712,28.07,-3.29,-4.20
2.650719,0.0049,-1.0165,-0.0722,30.31,-4.27,-2.94
2.651316,0.0034,-1.0180,-0.0732,27.93,-3.57,-4.20
2.651913,0.0068,-1.0170,-0.0727,30.38,-3.85,-3.36
2.652510,0.0049,-1.0160,-0.0693,28.07,-3.50,-4.06
2.653107,0.0049,-1.0175,-0.0698,30.45,-4.06,-3.71
2.653704,0.0068,-1.0185,-0.0717,28.35,-3.50,-4.76
2.654301,0.0068,-1.0209,-0.0693,30.52,-3.85,-3.57
2.655274,0.0024,-1.0258,-0.0717,28.63,-3.85,-4.48
2.655871,0.0024,-1.0268,-0.0717,30.31,-3.85,-4.13
2.656468,0.0034,-1.0258,-0.0678,28.98,-3.85,-4.62
2.657065,0.0015,-1.0277,-0.0659,30.24,-3.85,-3.92
2.657662,0.0034,-1.0321,-0.0669,29.05,-4.13,-5.11
2.658259,0.0083,-1.0331,-0.0644,29.75,-3.85,-4.27
2.658856,0.0093,-1.0346,-0.0644,29.75,-4.06,-5.04
2.659453,0.0078,-1.0375,-0.0654,29.68,-3.78,-4.55
2.660050,0.0088,-1.0394,-0.0659,30.17,-3.99,-5.18
2.660647,0.0073,-1.0375,-0.0669,29.47,-3.78,-5.25
2.661244,0.0059,-1.0375,-0.0639,29.96,-4.20,-5.18
2.661841,0.0093,-1.0385,-0.0669,29.89,-4.06,-5.60
2.662438,0.0117,-1.0390,-0.0688,30.17,-3.99,-5.18
2.663035,0.0107,-1.0390,-0.0644,29.47,-4.48,-5.32
2.663632,0.0073,-1.0346,-0.0722,30.38,-3.57,-5.60
2.664229,0.0073,-1.0302,-0.0644,30.31,-4.27,-5.67
2.664826,0.0059,-1.0341,-0.0625,30.31,-4.83,-5.60
2.665423,0.0073,-1.0419,-0.0625,30.45,-3.85,-6.37
2.666020,0.0107,-1.0424,-0.0610,29.96,-4.41,-5.88
2.666993,0.0088,-1.0390,-0.0605,30.52,-3.92,-6.44
2.667590,0.0102,-1.0355,-0.0610,30.45,-4.55,-6.44
2.668187,0.0098,-1.0370,-0.0600,30.17,-4.27,-6.51
2.668784,0.0093,-1.0350,-0.0551,30.66,-4.27,-6.16
2.669381,0.0068,-1.0336,-0.0537,30.45,-4.48,-7.00
2.669978,0.0029,-1.0346,-0.0586,30.94,-4.41,-6.79
2.670575,0.0054,-1.0355,-0.0595,30.24,-4.41,-6.86
2.671172,0.0059,-1.0375,-0.0532,31.01,-4.27,-7.35
2.671769,0.0068,-1.0360,-0.0532,30.24,-4.13,-6.72
2.672366,0.0093,-1.0355,-0.0551,31.36,-4.34,-7.84
2.672963,0.0112,-1.0365,-0.0566,30.10,-4.76,-6.65
2.673560,0.0098,-1.0419,-0.0590,31.15,-4.34,-7.84
2.674157,0.0078,-1.0438,-0.0590,30.24,-4.90,-6.93
2.674754,0.0093,-1.0385,-0.0605,31.08,-4.62,-8.19
2.675351,0.0059,-1.0370,-0.0581,30.73,-5.04,-7.98
2.675948,0.0054,-1.0390,-0.0571,30.87,-4.55,-7.35
2.676545,0.0039,-1.0370,-0.0566,30.87,-4.62,-8.54
2.677142,0.0054,-1.0350,-0.0566,31.29,-5.04,-7.56
2.677739,0.0049,-1.0307,-0.0590,30.45,-4.34,-8.47
2.678711,0.0063,-1.0287,-0.0551,31.99,-5.25,-8.05
2.679308,0.0078,-1.0326,-0.0517,30.10,-4.69,-8.33
2.679905,0.0083,-1.0331,-0.0527,31.99,-5.32,-8.54
2.680502,0.0073,-1.0297,-0.0537,30.10,-4.76,-8.12
2.681099,0.0059,-1.0268,-0.0576,31.85,-5.39,-8.40
2.681696,0.0059,-1.0287,-0.0605,30.52,-4.90,-8.40
2.682293,0.0044,-1.0272,-0.0581,31.78,-5.60,-8.26
2.682890,0.0044,-1.0209,-0.0571,30.87,-5.18,-8.61
2.683487,0.0083,-1.0199,-0.0590,31.71,-5.39,-7.91
2.684084,0.0088,-1.0224,-0.0561,30.38,-4.55,-8.47
2.684681,0.0093,-1.0209,-0.0542,31.78,-5.88,-8.40
2.685278,0.0102,-1.0180,-0.0561,30.66,-4.76,-8.75
2.685875,0.0083,-1.0165,-0.0590,31.71,-6.37,-7.98
2.686472,0.0068,-1.0170,-0.0590,30.73,-4.90,-8.96
2.687069,0.0093,-1.0175,-0.0590,31.50,-6.16,-8.40
2.687666,0.0117,-1.0131,-0.0600,30.52,-4.76,-8.47
2.688263,0.0102,-1.0111,-0.0542,31.36,-6.16,-8.12
2.688860,0.0098,-1.0106,-0.0556,30.94,-5.53,-8.54
2.689457,0.0127,-1.0102,-0.0600,30.94,-6.09,-8.12
2.689457,0.0107,-1.0126,-0.0561,30.80,-5.60,-8.19
2.690051,0.0073,-1.0102,-0.0561,30.73,-6.09,-8.05
2.690648,0.0122,-1.0043,-0.0576,31.43,-5.95,-8.54
2.691245,0.0161,-1.0009,-0.0581,30.03,-6.09,-7.84
2.691842,0.0137,-1.0024,-0.0586,31.57,-6.44,-7.98
2.692439,0.0107,-1.0043,-0.0595,29.89,-5.74,-7.98
2.693036,0.0146,-1.0009,-0.0615,31.50,-6.72,-8.05
2.693633,0.0171,-0.9965,-0.0639,29.47,-5.60,-8.12
2.694230,0.0161,-0.9960,-0.0615,31.43,-6.72,-7.77
2.694827,0.0151,-0.9941,-0.0581,29.19,-5.74,-7.77
2.695424,0.0166,-0.9921,-0.0600,31.57,-7.07,-7.35
2.696021,0.0200,-0.9950,-0.0586,29.61,-5.67,-7.63
2.696618,0.0171,-0.9975,-0.0561,31.15,-7.07,-7.63
2.697215,0.0185,-0.9970,-0.0595,29.26,-5.32,-7.56
2.697812,0.0185,-0.9941,-0.0605,31.15,-7.28,-7.49
2.698409,0.0151,-0.9921,-0.0595,29.40,-6.09,-7.35
2.699006,0.0181,-0.9902,-0.0630,30.24,-6.65,-6.86
2.699603,0.0171,-0.9897,-0.0634,29.89,-6.37,-7.00
2.700200,0.0156,-0.9911,-0.0625,29.89,-6.79,-6.65
2.700200,0.0190,-0.9906,-0.0590,30.17,-6.44,-7.21
2.700793,0.0224,-0.9892,-0.0571,29.40,-6.65,-6.44
2.701390,0.0239,-0.9877,-0.0634,30.10,-6.58,-6.79
2.701987,0.0229,-0.9897,-0.0634,29.05,-6.65,-5.88
2.702584,0.0244,-0.9902,-0.0625,30.10,-6.65,-7.14
2.703181,0.0239,-0.9897,-0.0639,28.42,-6.23,-5.39
2.703778,0.0254,-0.9916,-0.0634,30.24,-7.21,-6.86
2.704375,0.0293,-0.9862,-0.0625,28.28,-6.09,-5.39
2.704972,0.0303,-0.9833,-0.0620,30.03,-7.28,-6.37
2.705569,0.0317,-0.9838,-0.0654,28.14,-6.30,-5.11
2.706166,0.0303,-0.9838,-0.0649,29.82,-7.07,-6.58
2.706763,0.0327,-0.9833,-0.0620,27.93,-6.02,-4.27
2.707360,0.0337,-0.9838,-0.0634,29.19,-7.35,-6.09
2.707957,0.0327,-0.9833,-0.0630,28.63,-6.30,-4.62
2.708554,0.0337,-0.9823,-0.0605,28.77,-7.07,-6.09
2.709151,0.0386,-0.9794,-0.0610,28.70,-6.79,-3.99
2.709748,0.0351,-0.9789,-0.0610,27.93,-6.86,-5.81
2.710345,0.0327,-0.9809,-0.0630,29.05,-6.72,-3.99
2.710942,0.0342,-0.9794,-0.0620,27.30,-6.72,-5.25
2.711914,0.0322,-0.9819,-0.0556,29.33,-6.86,-4.06
2.712511,0.0371,-0.9843,-0.0561,26.88,-6.58,-4.55
2.713108,0.0395,-0.9828,-0.0576,29.12,-7.00,-3.85
2.713705,0.0361,-0.9804,-0.0556,26.46,-6.16,-3.85
2.714302,0.0342,-0.9838,-0.0556,28.77,-7.21,-3.92
2.714899,0.0356,-0.9858,-0.0551,26.46,-6.51,-3.64
2.715496,0.0361,-0.9853,-0.0571,28.49,-6.72,-3.43
2.716093,0.0366,-0.9877,-0.0576,26.74,-6.51,-3.29
2.716690,0.0395,-0.9892,-0.0581,28.14,-6.72,-3.01
2.717287,0.0425,-0.9911,-0.0600,27.02,-6.65,-3.36
2.717884,0.0395,-0.9921,-0.0605,27.23,-6.79,-2.66
2.718481,0.0376,-0.9936,-0.0600,27.23,-6.30,-3.01
2.719078,0.0400,-0.9936,-0.0586,26.88,-6.93,-2.66
2.719675,0.0390,-0.9945,-0.0586,27.23,-6.44,-2.03
2.720272,0.0371,-0.9945,-0.0610,26.60,-6.44,-3.22
2.720869,0.0386,-0.9950,-0.0571,27.09,-6.44,-1.75
2.721466,0.0410,-0.9965,-0.0503,26.04,-6.16,-2.73
2.722063,0.0420,-0.9994,-0.0522,27.09,-6.65,-1.40
2.722660,0.0400,-1.0038,-0.0517,25.76,-6.02,-2.80
2.722660,0.0390,-1.0033,-0.0551,27.23,-6.51,-1.40
2.723254,0.0405,-1.0043,-0.0576,25.27,-6.16,-2.45
2.723851,0.0395,-1.0048,-0.0532,27.51,-6.37,-1.54
2.724448,0.0390,-1.0043,-0.0527,25.34,-6.23,-2.24
2.725045,0.0386,-1.0082,-0.0522,27.02,-5.88,-1.40
2.725642,0.0376,-1.0087,-0.0517,24.99,-6.44,-1.82
2.726239,0.0361,-1.0058,-0.0537,26.67,-6.23,-1.19
2.726836,0.0371,-1.0014,-0.0537,25.13,-6.16,-1.82
2.727433,0.0390,-1.0004,-0.0488,26.25,-6.30,-1.33
2.728030,0.0371,-1.0024,-0.0478,25.55,-6.30,-1.54
2.728627,0.0366,-1.0028,-0.0483,25.76,-5.53,-1.54
2.729224,0.0351,-0.9994,-0.0444,25.62,-6.09,-1.47
2.729821,0.0332,-1.0028,-0.0434,25.27,-5.53,-1.05
2.730418,0.0312,-1.0009,-0.0434,25.13,-5.81,-1.40
2.731015,0.0307,-0.9970,-0.0444,25.41,-5.67,-1.33
2.731612,0.0337,-0.9994,-0.0444,24.78,-5.53,-1.12
2.732209,0.0303,-1.0024,-0.0444,25.41,-5.95,-1.68
2.732806,0.0303,-1.0014,-0.0464,24.64,-5.67,-1.26
2.733403,0.0346,-0.9994,-0.0439,25.13,-6.09,-1.40
2.734375,0.0376,-1.0028,-0.0420,24.50,-5.88,-1.75
2.734972,0.0351,-1.0082,-0.0454,25.34,-6.09,-1.61
2.735569,0.0312,-1.0087,-0.0468,24.08,-5.25,-1.96
2.736166,0.0327,-1.0077,-0.0449,25.06,-5.81,-1.05
2.736763,0.0346,-1.0087,-0.0439,24.01,-5.53,-1.75
2.737360,0.0342,-1.0102,-0.0434,25.06,-5.95,-1.40
2.737957,0.0356,-1.0097,-0.0444,23.66,-5.32,-1.54
2.738554,0.0342,-1.0097,-0.0429,24.78,-5.81,-1.26
2.739151,0.0327,-1.0092,-0.0395,23.94,-5.25,-1.75
2.739748,0.0346,-1.0111,-0.0425,24.01,-5.25,-1.05
2.740345,0.0346,-1.0126,-0.0454,24.15,-5.39,-2.24
2.740942,0.0361,-1.0092,-0.0464,23.87,-5.25,-1.19
2.741539,0.0361,-1.0077,-0.0459,24.08,-5.53,-2.31
2.742136,0.0332,-1.0043,-0.0425,23.38,-4.69,-0.84
2.742733,0.0337,-1.0033,-0.0425,24.43,-5.46,-2.66
2.743330,0.0361,-1.0082,-0.0464,22.75,-4.97,-0.63
2.743927,0.0337,-1.0092,-0.0464,24.08,-5.39,-2.59
2.744524,0.0307,-1.0111,-0.0459,22.89,-5.04,-0.77
2.745121,0.0317,-1.0126,-0.0454,23.59,-5.04,-3.22
2.745121,0.0351,-1.0102,-0.0434,23.10,-5.25,-0.49
2.745715,0.0356,-1.0087,-0.0434,23.31,-4.55,-3.29
2.746312,0.0337,-1.0092,-0.0434,23.03,-5.04,-1.26
2.746909,0.0342,-1.0102,-0.0429,22.89,-4.62,-2.73
2.747506,0.0322,-1.0102,-0.0420,23.24,-5.04,-1.40
2.748103,0.0332,-1.0092,-0.0429,22.47,-4.97,-3.08
2.748700,0.0327,-1.0121,-0.0459,23.17,-5.11,-1.54
2.749297,0.0303,-1.0141,-0.0459,21.84,-4.48,-2.87
2.749894,0.0332,-1.0150,-0.0420,23.24,-4.90,-1.96
2.750491,0.0332,-1.0165,-0.0386,21.77,-4.55,-2.80
2.751088,0.0298,-1.0146,-0.0386,22.82,-4.41,-2.38
2.751685,0.0273,-1.0160,-0.0400,22.33,-4.90,-2.80
2.752282,0.0293,-1.0180,-0.0410,22.54,-4.34,-2.66
2.752879,0.0312,-1.0204,-0.0434,22.12,-4.97,-2.52
2.753476,0.0312,-1.0194,-0.0434,22.47,-4.13,-3.22
2.754073,0.0273,-1.0160,-0.0390,21.84,-4.76,-2.59
2.754670,0.0239,-1.0175,-0.0400,22.26,-4.41,-2.66
2.755267,0.0210,-1.0219,-0.0386,22.40,-4.97,-3.15
2.755864,0.0215,-1.0272,-0.0342,22.33,-4.13,-3.08
2.755864,0.0229,-1.0302,-0.0346,22.19,-4.83,-3.57
2.756457,0.0205,-1.0297,-0.0342,21.70,-4.13,-2.94
2.757054,0.0190,-1.0287,-0.0342,22.12,-4.90,-3.78
2.757651,0.0181,-1.0292,-0.0332,21.56,-4.27,-2.80
2.758248,0.0185,-1.0316,-0.0332,22.54,-5.11,-3.92
2.758845,0.0171,-1.0336,-0.0337,21.77,-4.27,-3.22
2.759442,0.0151,-1.0321,-0.0322,22.05,-4.69,-3.92
2.760039,0.0146,-1.0326,-0.0312,21.63,-4.06,-3.22
2.760636,0.0132,-1.0350,-0.0307,21.91,-4.90,-3.92
2.761233,0.0156,-1.0355,-0.0307,21.56,-4.55,-3.57
2.761830,0.0190,-1.0336,-0.0293,22.12,-4.69,-4.06
2.762427,0.0176,-1.0355,-0.0283,21.35,-4.34,-3.36
2.763024,0.0117,-1.0390,-0.0264,21.84,-4.97,-4.34
2.763621,0.0127,-1.0380,-0.0283,21.70,-4.48,-3.15
2.764218,0.0161,-1.0350,-0.0298,21.70,-4.55,-4.76
2.764815,0.0117,-1.0390,-0.0268,21.56,-4.76,-3.29
2.765412,0.0122,-1.0438,-0.0234,21.84,-4.76,-4.76
2.766009,0.0146,-1.0394,-0.0224,21.70,-4.83,-4.83
2.766606,0.0166,-1.0390,-0.0220,21.77,-4.76,-3.50
2.767579,0.0171,-1.0419,-0.0205,21.56,-4.62,-4.76
2.768176,0.0156,-1.0409,-0.0185,22.12,-5.18,-3.22
2.768773,0.0112,-1.0399,-0.0220,21.49,-4.76,-5.18
2.769370,0.0127,-1.0419,-0.0220,22.05,-4.90,-3.15
2.769967,0.0142,-1.0448,-0.0190,21.63,-4.62,-5.32
2.770564,0.0107,-1.0438,-0.0176,21.91,-4.90,-3.08
2.771161,0.0098,-1.0463,-0.0176,21.42,-4.97,-5.32
2.771758,0.0078,-1.0472,-0.0166,22.05,-4.90,-3.50
2.772355,0.0049,-1.0482,-0.0176,21.42,-5.04,-4.62
2.772952,0.0073,-1.0497,-0.0190,22.05,-5.25,-3.64
2.773549,0.0093,-1.0492,-0.0161,21.77,-5.39,-4.69
2.774146,0.0068,-1.0482,-0.0107,21.77,-4.97,-3.50
2.774743,0.0039,-1.0472,-0.0102,21.63,-5.32,-4.48
2.775340,0.0015,-1.0497,-0.0171,21.84,-5.95,-4.34
2.775937,0.0029,-1.0482,-0.0142,21.63,-6.09,-4.27
2.776534,0.0010,-1.0482,-0.0142,22.26,-5.46,-3.64
2.777131,-0.0010,-1.0516,-0.0127,21.56,-5.95,-3.92
2.777728,-0.0020,-1.0531,-0.0088,22.05,-5.39,-3.43
2.778325,-0.0005,-1.0482,-0.0059,21.70,-6.30,-3.78
2.780274,-0.0029,-1.0443,-0.0063,22.12,-5.74,-3.43
2.780871,-0.0083,-1.0507,-0.0093,22.12,-6.65,-3.57
2.781468,-0.0122,-1.0555,-0.0093,22.12,-5.88,-3.64
2.782065,-0.0098,-1.0497,-0.0102,21.91,-6.30,-3.36
2.782662,-0.0054,-1.0482,-0.0102,22.19,-6.16,-3.29
2.783259,-0.0059,-1.0521,-0.0078,21.84,-6.30,-2.94
2.783856,-0.0093,-1.0526,-0.0078,22.26,-6.65,-3.50
2.784453,-0.0146,-1.0516,-0.0073,22.12,-6.30,-2.87
2.785050,-0.0185,-1.0492,-0.0024,22.26,-7.28,-3.22
2.785647,-0.0176,-1.0463,0.0015,21.84,-6.23,-2.87
2.786244,-0.0161,-1.0472,-0.0015,22.05,-7.21,-3.01
2.786841,-0.0156,-1.0438,-0.0083,22.12,-7.14,-2.38
2.787438,-0.0181,-1.0409,-0.0107,21.98,-7.42,-3.29
2.788035,-0.0224,-1.0453,-0.0078,22.19,-6.58,-2.24
2.788632,-0.0234,-1.0458,-0.0010,22.05,-8.33,-3.15
2.789229,-0.0234,-1.0419,-0.0005,22.40,-6.86,-2.31
2.789826,-0.0224,-1.0414,-0.0020,21.98,-8.54,-2.73
2.790423,-0.0229,-1.0399,0.0000,22.19,-6.86,-2.31
2.791020,-0.0244,-1.0370,-0.0010,21.98,-8.89,-2.94
2.791020,-0.0273,-1.0399,-0.0005,22.05,-6.86,-2.59
2.791613,-0.0254,-1.0390,0.0015,22.26,-9.59,-2.87
2.792210,-0.0288,-1.0350,0.0020,21.84,-7.21,-2.45
2.792807,-0.0371,-1.0336,-0.0015,22.47,-9.94,-2.73
2.793404,-0.0376,-1.0316,-0.0020,21.42,-7.14,-1.82
2.794001,-0.0351,-1.0302,0.0005,22.47,-10.15,-3.15
2.794598,-0.0356,-1.0297,0.0039,21.42,-7.91,-1.61
2.795195,-0.0361,-1.0292,0.0034,22.40,-9.87,-3.22
2.795792,-0.0356,-1.0248,-0.0029,21.49,-8.33,-1.75
2.796389,-0.0395,-1.0243,-0.0049,22.40,-10.57,-3.64
2.796986,-0.0415,-1.0253,-0.0034,21.42,-7.91,-1.26
2.797583,-0.0395,-1.0228,-0.0010,21.84,-10.64,-3.85
2.798180,-0.0395,-1.0228,0.0020,21.63,-8.54,-1.47
2.798777,-0.0439,-1.0219,-0.0020,21.98,-11.55,-3.85
2.799374,-0.0454,-1.0209,-0.0034,21.42,-8.68,-1.75
2.799971,-0.0425,-1.0175,-0.0024,21.42,-10.99,-3.92
2.800568,-0.0434,-1.0141,-0.0034,21.70,-9.66,-1.26
2.801165,-0.0464,-1.0136,-0.0024,21.63,-11.13,-4.62
2.801762,-0.0444,-1.0126,-0.0039,21.49,-9.80,-1.19
2.801762,-0.0429,-1.0111,-0.0024,21.07,-11.62,-4.76
2.802355,-0.0444,-1.0111,-0.0015,21.56,-10.22,-1.12
2.802952,-0.0434,-1.0092,-0.0044,21.07,-11.27,-5.46
2.803549,-0.0425,-1.0058,-0.0034,21.35,-10.85,-0.98
2.804146,-0.0420,-1.0058,-0.0020,20.44,-11.20,-5.60
2.804743,-0.0444,-1.0048,-0.0020,21.84,-11.55,-1.05
2.805340,-0.0473,-1.0014,-0.0044,19.95,-11.48,-5.32
2.805937,-0.0468,-0.9999,-0.0063,21.77,-11.83,-1.26
2.806534,-0.0444,-1.0009,-0.0034,19.53,-11.62,-5.67
2.807131,-0.0459,-0.9989,-0.0039,21.70,-11.83,-1.33
2.807728,-0.0468,-0.9980,-0.0068,19.74,-12.04,-6.02
2.808325,-0.0429,-0.9999,-0.0107,21.00,-12.32,-1.12
2.808922,-0.0400,-0.9965,-0.0102,20.65,-12.53,-1.61
2.809519,-0.0390,-0.9945,-0.0107,19.74,-12.53,-6.58
2.810116,-0.0395,-0.9950,-0.0083,20.16,-12.60,-2.10
2.810713,-0.0405,-0.9936,-0.0068,19.81,-12.88,-6.58
2.811310,-0.0386,-0.9921,-0.0063,19.53,-12.67,-2.24
2.811907,-0.0381,-0.9906,-0.0059,20.09,-13.23,-6.44
2.812504,-0.0376,-0.9916,-0.0083,19.39,-12.95,-2.24
2.813477,-0.0351,-0.9916,-0.0073,19.74,-13.51,-6.72
2.814074,-0.0356,-0.9936,-0.0063,19.04,-13.30,-1.96
2.814671,-0.0327,-0.9975,-0.0044,19.39,-13.30,-7.07
2.815268,-0.0298,-0.9921,-0.0059,18.83,-13.16,-2.38
2.815865,-0.0288,-0.9887,-0.0083,19.04,-13.65,-7.14
2.816462,-0.0293,-0.9931,-0.0073,18.97,-13.72,-2.45
2.817059,-0.0264,-0.9965,-0.0083,18.90,-13.51,-6.93
2.817656,-0.0229,-0.9950,-0.0068,19.25,-13.86,-3.15
2.818253,-0.0239,-0.9950,-0.0059,18.13,-13.79,-6.51
2.818850,-0.0254,-0.9945,-0.0078,19.04,-13.51,-3.50
2.819447,-0.0244,-0.9950,-0.0073,17.71,-14.21,-6.51
2.820044,-0.0190,-0.9984,-0.0098,19.04,-13.93,-3.64
2.820641,-0.0161,-0.9980,-0.0083,17.64,-14.35,-6.86
2.821238,-0.0171,-0.9965,-0.0073,18.55,-14.00,-4.27
2.821835,-0.0127,-0.9984,-0.0068,17.15,-14.28,-5.88
2.822432,-0.0107,-0.9975,-0.0068,18.83,-14.14,-5.11
2.823029,-0.0127,-0.9950,-0.0078,16.87,-13.86,-5.95
2.823626,-0.0098,-0.9980,-0.0068,18.69,-14.49,-5.18
2.824223,-0.0088,-0.9975,-0.0049,16.94,-14.28,-5.88
2.825196,-0.0078,-0.9960,-0.0044,18.41,-14.49,-5.46
2.825793,-0.0059,-0.9970,-0.0068,16.87,-14.35,-5.60
2.826390,-0.0054,-0.9975,-0.0078,17.99,-14.42,-6.09
2.826987,-0.0024,-0.9984,-0.0049,16.73,-14.35,-5.25
2.827584,-0.0005,-0.9984,-0.0029,17.71,-14.21,-6.51
2.828181,0.0020,-0.9960,-0.0049,16.80,-14.63,-4.69
2.828778,0.0063,-0.9950,-0.0015,17.29,-14.28,-7.28
2.829375,0.0059,-1.0009,-0.0015,17.08,-14.56,-4.34
2.829972,0.0049,-1.0033,-0.0024,16.73,-14.07,-7.56
2.830569,0.0107,-0.9994,0.0015,17.08,-14.56,-4.48
2.831166,0.0151,-0.9984,-0.0015,16.59,-14.28,-7.91
2.831763,0.0122,-0.9994,-0.0059,17.01,-14.42,-4.06
2.832360,0.0107,-0.9999,-0.0029,16.10,-14.28,-7.98
2.832957,0.0171,-0.9989,-0.0044,17.22,-13.93,-4.41
2.833554,0.0200,-0.9984,-0.0083,15.82,-14.77,-8.33
2.834151,0.0200,-0.9960,-0.0020,16.87,-13.79,-4.06
2.834748,0.0239,-0.9960,0.0024,15.82,-14.56,-8.05
2.835345,0.0224,-0.9960,0.0020,16.80,-13.58,-3.85
2.835942,0.0210,-0.9936,0.0034,15.33,-14.56,-8.26
2.835942,0.0234,-0.9936,0.0039,17.22,-13.65,-4.34
2.836535,0.0254,-0.9965,0.0005,15.19,-14.00,-8.19
2.837132,0.0293,-0.9984,0.0024,17.01,-13.44,-4.20
2.837729,0.0298,-0.9984,0.0049,15.19,-14.56,-8.33
2.838326,0.0268,-0.9989,-0.0005,16.87,-12.95,-3.92
2.838923,0.0303,-0.9989,-0.0029,15.05,-14.63,-8.68
2.839520,0.0342,-0.9955,-0.0005,16.52,-12.46,-4.06
2.840117,0.0371,-0.9960,0.0039,15.12,-14.70,-8.33
2.840714,0.0376,-1.0004,0.0044,16.10,-12.25,-4.20
2.841311,0.0351,-1.0004,0.0005,15.26,-14.70,-8.33
2.841908,0.0361,-1.0004,-0.0005,16.03,-12.04,-4.55
2.842505,0.0381,-1.0009,-0.0039,15.12,-14.49,-7.98
2.843102,0.0390,-1.0028,-0.0034,15.33,-11.76,-4.20
2.843699,0.0376,-1.0028,0.0020,15.33,-14.07,-7.56
2.844296,0.0371,-1.0028,0.0054,15.61,-11.48,-5.11
2.844893,0.0386,-1.0019,0.0049,15.05,-14.14,-7.21
2.845490,0.0415,-0.9989,0.0024,15.54,-11.20,-4.83
2.846087,0.0405,-1.0019,0.0010,14.91,-13.51,-6.72
2.846684,0.0405,-1.0053,0.0015,15.75,-11.41,-5.32
2.846684,0.0439,-1.0058,0.0054,14.91,-13.09,-6.86
2.847277,0.0420,-1.0053,0.0015,15.68,-11.55,-5.04
2.847874,0.0395,-0.9994,-0.0015,14.56,-12.60,-6.72
2.848471,0.0410,-0.9975,0.0000,15.75,-11.90,-4.97
2.849068,0.0434,-0.9975,0.0024,14.70,-12.18,-6.65
2.849665,0.0429,-0.9980,0.0020,15.75,-11.97,-5.18
2.850262,0.0405,-1.0004,0.0024,14.42,-11.62,-6.58
2.850859,0.0405,-1.0028,0.0049,15.89,-11.97,-5.39
2.851456,0.0434,-1.0053,0.0029,14.07,-11.13,-6.09
2.852053,0.0415,-1.0019,0.0034,15.75,-12.11,-5.32
2.852650,0.0390,-0.9989,0.0049,14.56,-10.71,-6.16
2.853247,0.0434,-0.9970,0.0034,15.33,-12.39,-4.97
2.853844,0.0434,-0.9960,0.0034,14.63,-10.15,-6.02
2.854441,0.0425,-0.9950,0.0039,15.26,-11.97,-5.32
2.855038,0.0429,-0.9945,0.0015,14.63,-9.87,-5.67
2.855635,0.0415,-0.9950,0.0020,14.77,-11.90,-5.39
2.856232,0.0405,-0.9965,0.0044,14.70,-9.80,-5.74
2.856829,0.0410,-0.9955,0.0073,14.91,-11.20,-5.39
2.857426,0.0429,-0.9970,0.0078,14.91,-9.87,-5.18
2.858399,0.0434,-0.9984,0.0068,14.63,-10.92,-5.53
2.858996,0.0405,-0.9955,0.0034,15.12,-9.66,-4.62
2.859593,0.0390,-0.9926,0.0059,14.42,-10.78,-6.23
2.860190,0.0376,-0.9926,0.0107,14.98,-9.45,-4.06
2.860787,0.0371,-0.9931,0.0083,14.21,-10.64,-6.23
2.861384,0.0361,-0.9936,0.0083,15.05,-8.96,-3.99
2.861981,0.0361,-0.9921,0.0102,14.56,-11.06,-6.23
2.862578,0.0356,-0.9916,0.0093,14.98,-8.75,-3.64
2.863175,0.0356,-0.9941,0.0093,14.56,-10.57,-6.16
2.863772,0.0400,-0.9965,0.0088,15.05,-9.03,-3.36
2.864369,0.0386,-0.9994,0.0093,14.21,-10.08,-6.09
2.864966,0.0356,-0.9970,0.0102,14.98,-8.75,-3.22
2.865563,0.0312,-0.9936,0.0088,14.07,-9.66,-5.88
2.866160,0.0283,-0.9945,0.0102,14.77,-8.89,-2.73
2.866757,0.0283,-0.9941,0.0107,14.35,-9.45,-6.09
2.867354,0.0307,-0.9980,0.0059,15.19,-8.61,-2.24
2.867951,0.0342,-0.9994,0.0049,14.07,-9.17,-6.44
2.868548,0.0351,-0.9955,0.0068,15.12,-8.54,-1.96
2.869145,0.0346,-0.9955,0.0073,14.35,-9.24,-6.02
2.869145,0.0288,-0.9965,0.0044,15.05,-8.54,-1.89
2.869738,0.0264,-0.9960,0.0000,14.14,-9.03,-5.67
2.870335,0.0278,-0.9945,0.0024,15.05,-7.98,-2.10
2.870932,0.0298,-0.9926,0.0078,14.21,-9.03,-5.53
2.871529,0.0278,-0.9921,0.0078,15.05,-7.84,-1.82
2.872126,0.0215,-0.9906,0.0063,14.98,-8.89,-5.39
2.872723,0.0229,-0.9906,0.0093,14.70,-7.70,-2.10
2.873320,0.0249,-0.9936,0.0107,14.91,-8.61,-5.46
2.873917,0.0205,-0.9921,0.0093,14.56,-7.49,-1.89
2.874514,0.0200,-0.9921,0.0088,14.91,-8.75,-5.53
2.875111,0.0220,-0.9960,0.0098,14.63,-7.63,-1.68
2.875708,0.0190,-0.9950,0.0093,14.84,-8.19,-5.32
2.876305,0.0195,-0.9950,0.0059,14.63,-7.63,-2.03
2.876902,0.0205,-0.9965,0.0039,14.84,-7.98,-5.11
2.877499,0.0195,-0.9950,0.0068,14.91,-7.42,-2.45
2.878096,0.0176,-0.9936,0.0044,14.56,-7.98,-4.27
2.878693,0.0122,-0.9902,0.0024,15.33,-7.42,-2.87
2.879290,0.0127,-0.9902,0.0034,14.49,-7.84,-4.34
2.879887,0.0146,-0.9921,0.0078,15.47,-7.77,-3.29
2.879887,0.0112,-0.9926,0.0098,14.35,-7.49,-4.34
2.880480,0.0073,-0.9941,0.0054,15.54,-7.91,-3.01
2.881077,0.0073,-0.9926,0.0054,14.21,-7.49,-4.55
2.881674,0.0088,-0.9936,0.0049,15.89,-7.84,-3.01
2.882271,0.0059,-0.9945,0.0044,14.00,-7.21,-4.34
2.882868,0.0010,-0.9950,0.0054,16.03,-7.84,-3.22
2.883465,0.0024,-0.9999,0.0088,14.00,-7.07,-4.69
2.884062,0.0044,-0.9989,0.0078,15.96,-7.98,-3.57
2.884659,0.0044,-0.9916,0.0039,14.56,-7.35,-4.62
2.885256,0.0049,-0.9921,0.0059,15.47,-7.70,-3.71
2.885853,0.0024,-0.9989,0.0083,15.05,-7.42,-4.41
2.886450,0.0049,-0.9994,0.0078,15.40,-7.56,-3.50
2.887047,0.0044,-0.9989,0.0063,15.05,-7.49,-4.55
2.887644,0.0029,-0.9980,0.0020,15.33,-7.77,-3.43
2.888241,0.0034,-0.9950,0.0039,15.19,-7.14,-5.39
2.888838,0.0044,-0.9950,0.0054,14.98,-7.28,-3.43
2.889435,0.0054,-0.9941,0.0029,15.68,-6.86,-5.39
2.890032,0.0034,-0.9897,0.0010,15.05,-7.84,-3.92
2.890629,-0.0005,-0.9911,0.0015,15.40,-6.93,-4.97
2.891602,-0.0005,-0.9931,-0.1215,15.05,-7.56,-3.71
2.892199,0.0024,-0.9941,-0.0005,15.89,-7.00,-5.18
2.892796,0.0039,-0.9950,-0.0020,14.98,-7.49,-4.41
2.893393,0.0039,-0.9945,0.0005,15.96,-7.35,-4.90
2.893990,0.0054,-0.9926,0.0029,14.91,-7.00,-4.34
2.894587,0.0054,-0.9911,0.0020,16.31,-7.63,-5.46
2.895184,0.0034,-0.9911,0.0010,14.70,-6.93,-4.48
2.895781,0.0034,-0.9921,0.0024,16.45,-7.07,-5.46
2.896378,0.0034,-0.9916,0.0029,14.98,-7.42,-5.04
2.896975,0.0015,-0.9906,0.0024,16.10,-7.07,-4.90
2.897572,0.0010,-0.9916,0.0044,15.12,-7.56,-4.90
2.898169,0.0039,-0.9921,0.0039,16.17,-7.49,-5.25
2.898766,0.0049,-0.9906,-0.0015,15.33,-7.21,-4.90
2.899363,0.0034,-0.9892,0.0005,16.24,-7.49,-5.18
2.899960,0.0044,-0.9921,0.0039,15.47,-7.07,-5.04
2.900557,0.0020,-0.9926,0.0005,16.31,-7.91,-6.02
2.901154,-0.0044,-0.9936,-0.0005,15.82,-6.51,-5.11
2.901751,-0.0020,-0.9941,-0.0005,16.03,-7.84,-5.39
2.902348,0.0015,-0.9926,0.0000,16.45,-6.58,-5.11
2.902348,-0.0015,-0.9936,0.0000,15.96,-7.91,-4.97
2.902941,-0.0005,-0.9926,-0.0010,16.24,-6.51,-5.46
2.903538,0.0034,-0.9945,0.0000,16.03,-7.84,-5.25
2.904135,0.0049,-0.9955,-0.0015,16.38,-6.72,-5.18
2.904732,0.0044,-0.9984,-0.0039,16.38,-7.77,-5.25
2.905329,0.0020,-0.9989,-0.0010,16.38,-6.93,-5.18
2.905926,-0.0015,-0.9941,0.0005,16.52,-7.63,-5.18
2.906523,0.0010,-0.9960,-0.0039,16.31,-6.93,-5.46
2.907120,0.0039,-0.9994,-0.0054,16.87,-7.91,-4.90
2.907717,0.0015,-1.0004,-0.0024,16.38,-6.86,-5.74
2.908314,-0.0010,-1.0014,-0.0015,17.01,-7.84,-4.48
2.908911,-0.0015,-1.0033,-0.0044,16.45,-7.21,-5.60
2.909508,0.0000,-1.0048,-0.0029,16.87,-7.56,-4.83
2.910105,0.0010,-1.0058,-0.0015,16.73,-7.49,-5.39
2.910702,0.0020,-1.0028,0.0000,17.01,-7.35,-4.76
2.911299,0.0054,-1.0019,0.0000,17.08,-7.70,-5.46
2.911896,0.0059,-1.0043,0.0005,17.43,-6.86,-6.16
2.912493,0.0044,-1.0063,0.0005,17.22,-7.63,-4.06
2.913090,0.0049,-1.0058,0.0015,17.22,-7.07,-6.16
2.914063,0.0107,-1.0072,0.0024,17.36,-7.56,-3.71
2.914660,0.0132,-1.0077,-0.0015,17.71,-7.07,-6.16
2.915257,0.0112,-1.0067,-0.0029,17.50,-7.49,-3.78
2.915854,0.0117,-1.0043,-0.0005,17.99,-7.56,-5.95
2.916451,0.0137,-1.0067,0.0005,17.57,-7.28,-3.36
2.917048,0.0122,-1.0121,0.0015,18.27,-7.63,-5.81
2.917645,0.0088,-1.0131,0.0005,17.71,-7.28,-3.29
2.918242,0.0122,-1.0165,-0.0020,17.92,-7.70,-5.39
2.918839,0.0122,-1.0175,-0.0015,18.41,-7.21,-3.01
2.919436,0.0078,-1.0160,0.0020,18.48,-8.12,-5.32
2.920033,0.0102,-1.0160,0.0015,18.76,-7.56,-3.01
2.920630,0.0127,-1.0141,-0.0024,17.99,-7.70,-4.90
2.921227,0.0127,-1.0189,0.0044,19.32,-7.49,-2.80
2.921824,0.0132,-1.0233,0.0044,18.06,-7.77,-5.11
2.922421,0.0146,-1.0209,0.0029,19.88,-7.35,-2.87
2.923018,0.0137,-1.0170,-0.0044,17.71,-7.98,-4.62
2.923615,0.0156,-1.0160,-0.0059,19.81,-7.00,-2.59
2.924212,0.0190,-1.0185,-0.0005,18.27,-8.12,-3.99
2.924809,0.0166,-1.0194,0.0015,19.74,-6.44,-2.52
2.924809,0.0156,-1.0204,0.0000,18.83,-8.40,-3.64
2.925402,0.0185,-1.0214,0.0000,19.81,-6.65,-2.10
2.925999,0.0151,-1.0204,0.0000,19.25,-8.47,-3.36
2.926596,0.0127,-1.0224,0.0000,20.02,-6.44,-1.96
2.927193,0.0156,-1.0253,0.0010,19.60,-8.61,-3.29
2.927790,0.0132,-1.0297,0.0015,19.95,-6.37,-1.40
2.928387,0.0166,-1.0297,0.0010,19.46,-8.19,-2.80
2.928984,0.0229,-1.0297,0.0020,20.16,-6.79,-1.47
2.929581,0.0229,-1.0336,0.0020,19.81,-8.33,-2.31
2.930178,0.0181,-1.0331,-0.0015,20.65,-6.86,-1.26
2.930775,0.0185,-1.0311,-0.0054,19.81,-7.56,-1.61
2.931372,0.0229,-1.0287,-0.0005,21.14,-7.07,-1.61
2.931969,0.0229,-1.0282,0.0020,20.37,-7.84,-1.54
2.932566,0.0268,-1.0277,0.0000,21.14,-6.79,-1.40
2.933163,0.0264,-1.0292,0.0029,21.14,-8.05,-1.40
2.933760,0.0288,-1.0302,0.0034,21.21,-8.12,-0.98
2.934357,0.0273,-1.0341,-0.0020,21.49,-6.72,-0.70
2.934954,0.0268,-1.0365,-0.0010,21.35,-7.63,-0.84
2.935551,0.0288,-1.0336,-0.0044,21.28,-6.72,-0.14
2.936524,0.0317,-1.0336,-0.0063,21.63,-7.91,-0.98
2.937121,0.0346,-1.0355,-0.0015,21.77,-6.79,0.14
2.937718,0.0317,-1.0350,-0.0024,21.70,-7.56,-0.98
2.938315,0.0283,-1.0321,-0.0029,22.05,-6.79,0.14
2.938912,0.0293,-1.0336,0.0029,22.26,-7.49,-0.70
2.939509,0.0307,-1.0375,0.0039,21.98,-6.72,0.35
2.940106,0.0298,-1.0399,0.0015,22.61,-7.42,-0.42
2.940703,0.0278,-1.0370,0.0024,22.12,-6.72,0.35
2.941300,0.0288,-1.0360,-0.0005,23.17,-7.21,0.42
2.941897,0.0307,-1.0414,-0.0015,22.05,-6.79,0.49
2.942494,0.0293,-1.0419,0.0005,23.38,-7.07,0.42
2.943091,0.0254,-1.0380,0.0015,22.26,-7.00,0.91
2.943688,0.0268,-1.0370,0.0029,23.66,-6.93,1.05
2.944285,0.0303,-1.0375,0.0073,22.68,-7.28,1.12
2.944882,0.0293,-1.0375,0.0078,23.87,-6.72,0.98
2.945479,0.0298,-1.0414,0.0054,22.61,-6.65,1.96
2.946076,0.0303,-1.0429,0.0054,23.66,-6.58,1.05
2.946673,0.0303,-1.0404,0.0063,23.38,-6.79,2.31
2.947270,0.0293,-1.0390,0.0083,23.94,-6.72,1.54
2.947270,0.0264,-1.0419,0.0127,23.73,-6.79,2.52
2.947863,0.0288,-1.0433,0.0151,23.80,-6.65,1.82
2.948460,0.0322,-1.0419,0.0112,24.22,-6.79,2.66
2.949057,0.0303,-1.0414,0.0102,23.73,-6.44,2.24
2.949654,0.0298,-1.0429,0.0132,24.57,-6.58,2.80
2.950251,0.0303,-1.0438,0.0161,23.73,-6.16,2.52
2.950848,0.0346,-1.0414,0.0176,24.99,-6.51,3.22
2.951445,0.0376,-1.0380,0.0181,24.15,-6.16,3.01
2.952042,0.0376,-1.0390,0.0181,24.71,-6.44,3.71
2.952639,0.0395,-1.0390,0.0195,24.29,-6.37,3.36
2.953236,0.0405,-1.0365,0.0224,24.78,-5.88,3.71
2.953833,0.0425,-1.0355,0.0215,24.71,-6.30,3.99
2.954430,0.0410,-1.0365,0.0224,24.78,-6.02,4.06
2.955027,0.0400,-1.0355,0.0254,24.85,-5.67,4.90
2.955624,0.0425,-1.0307,0.0268,25.06,-6.09,4.13
2.956221,0.0400,-1.0316,0.0264,24.99,-5.04,4.76
2.956818,0.0415,-1.0360,0.0273,25.55,-6.23,4.41
2.957415,0.0449,-1.0355,0.0303,25.27,-5.04,4.34
2.958012,0.0444,-1.0350,0.0312,24.99,-5.95,5.04
2.958985,0.0454,-1.0321,0.0312,25.62,-5.04,5.04
2.959582,0.0493,-1.0311,0.0273,24.85,-6.02,5.32
2.960179,0.0488,-1.0331,0.0268,25.69,-5.11,5.11
2.960776,0.0449,-1.0311,0.0332,24.92,-5.88,5.60
2.961373,0.0454,-1.0292,0.0327,25.41,-4.34,5.39
2.961970,0.0498,-1.0307,0.0317,25.41,-5.67,5.67
2.962567,0.0498,-1.0297,0.0312,25.69,-4.27,5.60
2.963164,0.0473,-1.0272,0.0317,25.41,-5.53,5.74
2.963761,0.0478,-1.0307,0.0356,25.76,-4.41,5.67
2.964358,0.0483,-1.0311,0.0386,25.27,-5.18,5.95
2.964955,0.0493,-1.0311,0.0410,25.83,-4.27,6.02
2.965552,0.0459,-1.0355,0.0395,25.62,-5.11,5.88
2.966149,0.0459,-1.0272,0.0346,25.90,-4.13,6.23
2.966746,0.0454,-1.0219,0.0366,25.83,-4.13,6.16
2.967343,0.0449,-1.0272,0.0405,25.27,-4.41,6.37
2.967940,0.0429,-1.0277,0.0473,25.97,-4.13,6.58
2.968537,0.0405,-1.0209,0.0459,24.92,-3.99,6.58
2.969134,0.0415,-1.0214,0.0429,26.25,-3.64,6.58
2.969731,0.0415,-1.0199,0.0420,25.20,-4.06,6.79
2.970704,0.0376,-1.0170,0.0429,26.11,-3.57,6.65
2.971301,0.0371,-1.0146,0.0439,25.20,-3.92,6.51
2.971898,0.0371,-1.0180,0.0390,25.62,-3.43,6.86
2.972495,0.0366,-1.0160,0.0400,25.41,-3.78,6.93
2.973092,0.0366,-1.0111,0.0439,25.55,-2.94,6.44
2.973689,0.0327,-1.0111,0.0459,25.34,-3.71,7.35
2.974286,0.0322,-1.0106,0.0464,25.34,-2.87,6.65
2.974883,0.0307,-1.0097,0.0483,25.48,-3.78,7.42
2.975480,0.0264,-1.0092,0.0488,25.06,-2.52,6.79
2.976077,0.0259,-1.0058,0.0468,25.41,-3.50,7.56
2.976674,0.0264,-1.0024,0.0473,24.99,-2.38,7.21
2.977271,0.0220,-1.0033,0.0498,25.20,-3.36,7.21
2.977868,0.0215,-1.0067,0.0527,25.13,-2.52,7.63
2.978465,0.0224,-1.0087,0.0503,24.92,-2.80,7.28
2.979062,0.0185,-1.0024,0.0473,24.85,-2.66,7.56
2.979659,0.0190,-0.9999,0.0532,24.64,-2.59,7.91
2.980256,0.0161,-1.0038,0.0542,24.99,-2.45,7.42
2.980853,0.0132,-1.0028,0.0512,24.64,-2.73,8.05
2.981450,0.0142,-1.0009,0.0503,24.64,-2.24,7.28
2.981450,0.0146,-1.0014,0.0508,24.64,-2.52,8.12
2.982043,0.0102,-1.0024,0.0532,24.43,-2.45,7.56
2.982640,0.0088,-1.0019,0.0561,24.43,-2.52,8.54
2.983237,0.0093,-0.9999,0.0566,23.94,-2.10,7.91
2.983834,0.0059,-1.0019,0.0561,24.43,-2.31,8.12
2.984431,0.0063,-1.0024,0.0547,23.80,-2.31,8.05
2.985028,0.0068,-0.9984,0.0537,24.29,-2.17,8.05
2.985625,0.0044,-0.9970,0.0517,23.87,-2.10,8.05
2.986222,0.0029,-0.9984,0.0517,24.01,-1.89,8.05
2.986819,0.0029,-1.0019,0.0576,23.80,-1.75,8.05
2.987416,0.0005,-1.0004,0.0566,23.59,-2.24,8.26
2.988013,0.0020,-0.9984,0.0537,23.52,-1.61,8.19
2.988610,0.0049,-0.9975,0.0547,23.38,-2.10,8.26
2.989207,0.0068,-0.9980,0.0551,23.24,-1.61,8.33
2.989804,0.0049,-0.9989,0.0542,23.03,-1.40,7.84
2.990401,0.0059,-0.9989,0.0561,23.24,-1.68,8.40
2.990998,0.0063,-0.9984,0.0581,22.54,-0.77,8.26
2.991595,0.0024,-0.9955,0.0537,22.96,-2.03,8.05
2.992192,0.0049,-0.9955,0.0517,22.40,-0.91,8.12
2.992192,0.0078,-0.9984,0.0547,22.54,-1.75,7.70
2.992785,0.0059,-0.9994,0.0586,22.68,-0.98,8.54
2.993382,0.0020,-0.9999,0.0600,22.26,-1.75,7.42
2.993979,0.0029,-1.0014,0.0571,21.98,-0.63,8.75
2.994576,0.0078,-0.9999,0.0595,21.98,-1.47,7.07
2.995173,0.0117,-0.9999,0.0600,21.98,-0.77,8.96
2.995770,0.0102,-1.0043,0.0566,21.84,-1.33,6.51
2.996367,0.0093,-1.0033,0.0586,22.05,-0.63,8.82
2.996964,0.0102,-0.9999,0.0610,21.35,-1.33,6.58
2.997561,0.0098,-0.9989,0.0610,22.05,-0.35,8.75
2.998158,0.0093,-0.9984,0.0610,20.79,-1.05,6.23
2.998755,0.0088,-0.9999,0.0630,21.70,-0.28,8.33
2.999352,0.0112,-0.9989,0.0644,20.09,-0.91,6.44
2.999949,0.0190,-1.0028,0.0673,20.02,-0.35,6.30
3.000546,0.0117,-1.0019,0.0649,21.84,-0.14,8.19
3.001143,0.0093,-1.0019,0.0664,19.53,0.07,6.23
3.001740,0.0127,-1.0004,0.0659,21.35,-0.07,7.84
3.002337,0.0132,-1.0004,0.0673,19.60,0.14,6.16
3.002934,0.0181,-0.9984,0.0693,20.65,0.00,7.84
3.003907,0.0210,-0.9960,0.0678,19.60,0.14,6.02
3.004504,0.0181,-0.9970,0.0664,20.44,0.21,7.35
3.005101,0.0205,-0.9975,0.0634,19.46,0.42,5.39
3.005698,0.0224,-0.9960,0.0634,19.67,0.35,7.35
3.006295,0.0181,-0.9955,0.0678,19.60,0.42,5.74
3.006892,0.0132,-0.9960,0.0693,19.39,0.98,6.79
3.007489,0.0132,-0.9965,0.0683,19.46,0.42,5.60
3.008086,0.0161,-0.9945,0.0688,19.11,1.05,6.23
3.008683,0.0176,-0.9955,0.0673,18.90,0.84,5.74
3.009280,0.0151,-0.9936,0.0683,19.11,1.40,5.95
3.009877,0.0151,-0.9911,0.0703,18.41,1.12,5.32
3.010474,0.0146,-0.9941,0.0722,18.62,1.12,5.88
3.011071,0.0151,-0.9955,0.0732,18.27,1.40,4.76
3.011668,0.0156,-0.9941,0.0756,18.41,1.19,5.74
3.012265,0.0122,-0.9931,0.0771,18.06,2.03,4.69
3.012862,0.0142,-0.9945,0.0722,18.20,1.33,5.18
3.013459,0.0166,-0.9941,0.0693,17.85,1.75,4.90
3.014056,0.0132,-0.9970,0.0693,17.64,1.68,4.97
3.014653,0.0112,-0.9989,0.0712,17.78,2.10,4.97
3.014653,0.0107,-0.9989,0.0717,17.15,1.75,4.69
3.015246,0.0137,-0.9980,0.0752,17.92,2.24,5.18
3.015843,0.0166,-0.9999,0.0766,16.80,1.89,4.34
3.016440,0.0156,-0.9999,0.0742,17.50,2.17,4.97
3.017037,0.0156,-0.9975,0.0717,16.66,2.03,4.20
3.017634,0.0137,-0.9970,0.0703,17.08,2.38,4.90
3.018231,0.0132,-0.9965,0.0732,16.45,2.10,4.06
3.018828,0.0151,-0.9994,0.0766,16.87,3.01,5.18
3.019425,0.0151,-1.0009,0.0781,16.31,2.31,3.99
3.020022,0.0137,-0.9984,0.0771,16.38,2.80,5.18
3.020619,0.0161,-0.9965,0.0771,16.31,2.38,4.06
3.021216,0.0176,-0.9984,0.0771,16.45,2.87,5.11
3.021813,0.0142,-1.0004,0.0791,15.75,2.66,4.27
3.022410,0.0102,-1.0033,0.0761,15.68,3.08,3.99
3.023007,0.0146,-1.0004,0.0791,16.31,2.45,5.32
3.023604,0.0205,-0.9980,0.0786,15.40,3.92,3.43
3.024201,0.0190,-1.0009,0.0722,15.75,2.87,6.23
3.024798,0.0161,-1.0024,0.0727,15.12,3.71,3.64
3.025395,0.0185,-1.0009,0.0800,15.33,3.15,5.67
3.026368,0.0156,-0.9980,0.0786,14.63,3.78,3.57
3.026965,0.0176,-0.9965,0.0771,15.12,3.29,5.95
3.027562,0.0234,-0.9989,0.0742,14.98,3.71,3.78
3.028159,0.0224,-0.9980,0.0756,14.84,3.64,6.09
3.028756,0.0215,-0.9989,0.0791,14.63,3.92,3.92
3.029353,0.0205,-0.9975,0.0742,14.70,3.71,5.74
3.029950,0.0190,-0.9999,0.0771,14.70,3.92,4.13
3.030547,0.0220,-1.0028,0.0786,14.56,3.71,5.74
3.031144,0.0215,-1.0028,0.0766,13.86,4.41,4.34
3.031741,0.0215,-1.0014,0.0795,14.49,3.64,5.74
3.032338,0.0239,-0.9975,0.0830,13.51,4.62,4.34
3.032935,0.0205,-0.9994,0.0820,14.63,4.06,6.02
3.033532,0.0215,-0.9984,0.0791,14.49,4.20,5.81
3.034129,0.0229,-0.9980,0.0771,14.00,4.41,5.46
3.034726,0.0205,-0.9980,0.0795,13.02,4.55,4.69
3.035323,0.0200,-1.0009,0.0839,13.72,4.69,5.46
3.035920,0.0220,-1.0033,0.0854,13.09,4.34,4.62
3.036517,0.0205,-1.0033,0.0800,13.58,5.32,5.18
3.037114,0.0190,-1.0043,0.0800,13.09,4.69,4.76
3.039063,0.0195,-1.0038,0.0859,13.44,5.11,4.90
3.039660,0.0181,-1.0048,0.0908,12.74,4.90,4.97
3.040257,0.0102,-1.0067,0.0898,13.23,5.25,4.48
3.040854,0.0107,-1.0063,0.0844,12.88,4.90,5.60
3.041451,0.0107,-1.0067,0.0834,12.95,5.04,4.41
3.042048,0.0059,-1.0067,0.0859,12.53,5.11,4.83
3.042645,0.0063,-1.0082,0.0834,12.81,5.25,4.76
3.043242,0.0059,-1.0063,0.0786,12.81,5.32,4.97
3.043839,0.0059,-1.0058,0.0795,12.74,4.83,4.48
3.044436,0.0063,-1.0092,0.0834,12.18,5.46,5.04
3.045033,0.0063,-1.0111,0.0839,12.67,4.69,4.97
3.045630,0.0083,-1.0111,0.0839,12.18,5.67,4.55
3.046227,0.0088,-1.0097,0.0859,12.39,4.97,5.04
3.046824,0.0049,-1.0092,0.0908,12.25,5.46,4.83
3.047421,0.0034,-1.0121,0.0869,12.18,5.18,4.97
3.048018,0.0010,-1.0136,0.0820,12.25,5.60,4.48
3.048615,-0.0020,-1.0111,0.0834,12.39,4.97,5.18
3.049212,-0.0034,-1.0126,0.0830,11.97,5.81,4.69
3.049809,-0.0024,-1.0136,0.0820,12.46,5.11,4.97
3.049809,-0.0010,-1.0116,0.0849,11.83,5.60,5.25
3.050402,-0.0029,-1.0111,0.0893,12.32,4.69,5.04
3.050999,-0.0044,-1.0111,0.0849,11.83,5.95,4.69
3.051596,-0.0063,-1.0111,0.0791,12.53,4.76,4.90
3.052193,-0.0078,-1.0102,0.0805,11.48,5.81,5.25
3.052790,-0.0054,-1.0106,0.0825,12.32,4.62,4.97
3.053387,-0.0039,-1.0141,0.0815,11.83,5.67,5.18
3.053984,-0.0073,-1.0116,0.0766,11.90,5.04,5.39
3.054581,-0.0098,-1.0058,0.0776,12.11,5.74,5.39
3.055178,-0.0063,-1.0038,0.0781,11.83,5.04,5.11
3.055775,-0.0049,-1.0077,0.0795,11.69,5.67,5.95
3.056372,-0.0107,-1.0121,0.0791,12.39,5.74,4.90
3.056969,-0.0122,-1.0116,0.0761,11.41,4.48,6.37
3.057566,-0.0107,-1.0082,0.0752,12.39,5.74,4.83
3.058163,-0.0112,-1.0102,0.0776,10.85,4.55,6.51
3.058760,-0.0117,-1.0155,0.0761,12.18,5.46,4.83
3.059357,-0.0088,-1.0155,0.0752,11.13,4.55,6.65
3.059954,-0.0088,-1.0165,0.0771,11.97,5.39,4.62
3.060551,-0.0122,-1.0150,0.0766,11.34,4.76,6.72
3.061524,-0.0161,-1.0146,0.0747,11.90,5.67,5.11
3.062121,-0.0151,-1.0180,0.0747,11.76,4.27,7.00
3.062718,-0.0146,-1.0180,0.0737,11.69,5.60,4.83
3.063315,-0.0156,-1.0155,0.0727,11.69,4.34,7.00
3.063912,-0.0166,-1.0131,0.0747,11.55,5.39,5.04
3.064509,-0.0171,-1.0116,0.0732,12.18,4.27,7.56
3.065106,-0.0127,-1.0126,0.0756,11.20,5.18,5.32
3.065703,-0.0142,-1.0126,0.0810,11.83,4.34,7.70
3.066300,-0.0161,-1.0155,0.0771,11.69,4.83,5.04
3.066897,-0.0127,-1.0180,0.0752,11.83,4.69,7.49
3.067494,-0.0132,-1.0160,0.0732,11.55,4.34,5.88
3.068091,-0.0224,-1.0155,0.0737,11.62,4.62,5.81
3.068688,-0.0166,-1.0194,0.0771,11.83,4.20,7.56
3.069285,-0.0142,-1.0243,0.0771,11.55,5.18,5.60
3.069882,-0.0185,-1.0253,0.0776,11.62,4.48,7.42
3.070479,-0.0210,-1.0224,0.0781,11.90,4.69,6.09
3.071076,-0.0205,-1.0224,0.0732,11.69,3.99,7.28
3.071673,-0.0220,-1.0248,0.0712,12.18,4.48,6.02
3.072270,-0.0239,-1.0248,0.0756,11.90,4.27,7.77
3.073243,-0.0249,-1.0248,0.0805,12.25,4.48,5.67
3.073840,-0.0215,-1.0258,0.0830,11.69,3.85,7.98
3.074437,-0.0181,-1.0268,0.0834,12.04,4.48,5.46
3.075034,-0.0200,-1.0268,0.0800,11.97,3.64,8.05
3.075631,-0.0229,-1.0253,0.0766,11.62,4.69,5.32
3.076228,-0.0166,-1.0277,0.0795,12.39,3.71,7.63
3.076825,-0.0151,-1.0297,0.0810,11.90,4.41,5.74
3.077422,-0.0195,-1.0292,0.0800,12.60,3.92,7.63
3.078019,-0.0146,-1.0302,0.0810,11.83,3.99,5.67
3.078616,-0.0107,-1.0302,0.0825,12.53,3.71,7.49
3.079213,-0.0078,-1.0316,0.0825,11.83,4.27,5.95
3.079810,-0.0098,-1.0307,0.0849,12.88,3.99,7.00
3.080407,-0.0112,-1.0282,0.0869,12.18,3.99,5.95
3.081004,-0.0117,-1.0297,0.0878,12.81,4.41,7.00
3.081601,-0.0107,-1.0326,0.0854,11.97,3.78,6.30
3.082198,-0.0068,-1.0326,0.0815,12.74,4.13,6.51
3.082795,-0.0059,-1.0326,0.0815,12.39,3.78,6.30
3.083392,-0.0049,-1.0360,0.0839,12.60,4.13,6.02
3.083989,-0.0034,-1.0336,0.0859,12.67,3.85,6.51
3.083989,-0.0029,-1.0307,0.0830,12.60,4.13,5.74
3.084582,-0.0029,-1.0307,0.0839,12.81,4.06,6.37
3.085179,0.0020,-1.0268,0.0815,12.53,4.34,5.32
3.085776,0.0073,-1.0248,0.0810,12.88,4.06,6.86
3.086373,0.0068,-1.0316,0.0854,12.88,4.41,4.76
3.086970,0.0068,-1.0350,0.0830,13.09,4.13,6.58
3.087567,0.0073,-1.0331,0.0810,13.16,4.55,4.69
3.088164,0.0102,-1.0336,0.0820,12.81,3.99,6.23
3.088761,0.0127,-1.0307,0.0815,13.16,4.27,4.20
3.089358,0.0132,-1.0292,0.0781,13.09,4.06,6.37
3.089955,0.0137,-1.0341,0.0805,12.95,4.69,6.51
3.090552,0.0146,-1.0341,0.0820,13.37,4.69,4.20
3.091149,0.0161,-1.0307,0.0869,13.51,4.34,5.74
3.091746,0.0215,-1.0287,0.0844,13.16,4.83,3.57
3.092343,0.0283,-1.0302,0.0791,13.58,4.48,5.95
3.092940,0.0259,-1.0326,0.0839,13.30,5.18,3.71
3.093537,0.0249,-1.0321,0.0839,13.93,4.62,5.60
3.094134,0.0268,-1.0350,0.0830,13.30,5.04,3.64
3.094731,0.0254,-1.0365,0.0795,14.14,4.83,5.18
3.095704,0.0244,-1.0326,0.0752,13.86,5.25,3.50
3.096301,0.0273,-1.0336,0.0756,13.65,5.04,5.11
3.096898,0.0307,-1.0307,0.0810,13.79,5.18,3.01
3.097495,0.0327,-1.0302,0.0830,13.65,5.18,5.18
3.098092,0.0356,-1.0326,0.0781,14.42,5.39,3.36
3.098689,0.0366,-1.0297,0.0786,13.65,5.60,4.55
3.099286,0.0371,-1.0302,0.0781,14.07,5.53,3.43
3.099883,0.0361,-1.0297,0.0683,13.79,5.81,4.41
3.100480,0.0342,-1.0297,0.0688,14.70,5.32,3.22
3.101077,0.0366,-1.0326,0.0776,13.58,6.09,4.41
3.101674,0.0405,-1.0321,0.0815,14.63,5.95,3.08
3.102271,0.0361,-1.0336,0.0805,14.42,6.02,3.29
3.102868,0.0366,-1.0307,0.0781,14.35,6.30,3.71
3.103465,0.0361,-1.0292,0.0781,14.28,6.51,3.29
3.104062,0.0390,-1.0287,0.0781,14.77,6.30,3.92
3.104659,0.0410,-1.0302,0.0756,14.49,6.93,3.22
3.105256,0.0390,-1.0307,0.0781,14.77,6.51,4.13
3.105853,0.0400,-1.0272,0.0781,14.98,6.79,2.73
3.106450,0.0429,-1.0272,0.0781,14.49,6.93,3.85
3.107422,0.0439,-1.0287,0.0800,14.91,6.79,2.94
3.108019,0.0434,-1.0277,0.0791,14.84,6.93,3.78
3.108616,0.0454,-1.0282,0.0805,14.98,6.86,2.80
3.109213,0.0459,-1.0287,0.0820,14.77,7.49,3.92
3.109810,0.0381,-1.0272,0.0810,15.26,7.21,3.01
3.110407,0.0366,-1.0287,0.0786,14.84,7.56,3.29
3.111004,0.0390,-1.0302,0.0834,15.89,7.28,2.94
3.111601,0.0366,-1.0253,0.0859,14.28,7.98,3.57
3.112198,0.0346,-1.0224,0.0825,15.82,7.28,2.80
3.112795,0.0356,-1.0243,0.0834,14.77,7.91,3.78
3.113392,0.0386,-1.0263,0.0844,16.03,7.77,2.45
3.113989,0.0381,-1.0228,0.0864,14.91,8.05,3.85
3.114586,0.0376,-1.0204,0.0922,15.75,7.91,2.87
3.115183,0.0410,-1.0209,0.0903,15.40,8.33,3.50
3.115780,0.0376,-1.0185,0.0834,15.96,7.84,2.94
3.116377,0.0366,-1.0175,0.0810,15.33,8.54,3.64
3.116974,0.0376,-1.0199,0.0825,15.96,7.84,2.66
3.117571,0.0371,-1.0194,0.0869,15.47,8.75,3.85
3.118168,0.0356,-1.0165,0.0917,15.68,7.91,2.45
3.118168,0.0356,-1.0165,0.0913,16.03,8.61,3.99
3.118761,0.0361,-1.0175,0.0898,15.61,8.19,2.45
3.119358,0.0351,-1.0194,0.0859,16.10,8.96,3.85
3.119955,0.0356,-1.0185,0.0839,15.05,8.54,2.31
3.120552,0.0351,-1.0160,0.0869,16.10,8.96,3.85
3.121149,0.0337,-1.0175,0.0898,14.98,8.89,2.45
3.121746,0.0327,-1.0180,0.0888,16.59,8.89,3.78
3.122343,0.0312,-1.0204,0.0844,15.33,9.17,1.89
3.122940,0.0346,-1.0155,0.0893,16.80,9.17,4.34
3.123537,0.0327,-1.0155,0.0898,16.80,9.24,3.50
3.124134,0.0317,-1.0146,0.0888,15.40,9.17,2.52
3.124731,0.0303,-1.0155,0.0898,16.80,9.52,3.78
3.125328,0.0303,-1.0146,0.0883,15.33,9.45,2.52
3.125925,0.0312,-1.0146,0.0878,16.94,9.66,3.50
3.126522,0.0307,-1.0155,0.0898,15.54,9.66,2.73
3.127119,0.0288,-1.0126,0.0898,16.80,9.45,3.43
3.127716,0.0293,-1.0116,0.0937,15.26,9.59,3.01
3.128313,0.0278,-1.0106,0.0942,16.66,9.59,3.08
3.128910,0.0234,-1.0087,0.0917,15.75,9.66,3.15
3.129883,0.0229,-1.0092,0.0893,16.80,9.80,2.73
3.130480,0.0220,-1.0102,0.0849,15.54,9.80,3.57
3.131077,0.0249,-1.0087,0.0864,16.66,9.66,2.17
3.131674,0.0254,-1.0092,0.0927,16.10,9.80,4.34
3.132271,0.0210,-1.0082,0.0888,16.31,9.87,1.82
3.132868,0.0200,-1.0053,0.0878,16.45,9.87,4.55
3.133465,0.0176,-1.0033,0.0922,16.10,10.29,1.68
3.134062,0.0181,-1.0028,0.0913,17.43,9.80,4.76
3.134659,0.0200,-1.0024,0.0917,15.68,10.50,1.47
3.135256,0.0185,-0.9989,0.0917,17.43,9.73,5.18
3.135853,0.0185,-0.9970,0.0913,15.82,10.29,0.98
3.136450,0.0171,-1.0014,0.0917,17.29,9.94,5.46
3.137047,0.0127,-1.0019,0.0883,15.40,10.92,1.19
3.137644,0.0142,-0.9970,0.0883,17.50,9.59,5.46
3.138241,0.0151,-0.9975,0.0917,15.68,10.43,1.33
3.138838,0.0137,-0.9960,0.0947,17.15,10.01,5.53
3.139435,0.0107,-0.9941,0.0961,15.54,10.01,1.33
3.140032,0.0107,-0.9960,0.0952,17.36,10.36,5.60
3.140629,0.0127,-0.9945,0.0952,15.54,10.01,1.89
3.141602,0.0112,-0.9916,0.0903,16.87,10.43,5.32
3.142199,0.0063,-0.9931,0.0917,15.96,9.87,2.31
3.142796,0.0039,-0.9931,0.0966,16.66,10.57,5.18
3.143393,0.0059,-0.9897,0.0927,16.31,9.94,2.45
3.143990,0.0039,-0.9882,0.0927,16.38,10.50,5.46
3.144587,0.0034,-0.9853,0.0976,15.96,9.80,2.45
3.145184,0.0078,-0.9862,0.1010,16.38,10.50,6.02
3.145781,0.0068,-0.9892,0.1030,16.31,9.87,2.10
3.146378,0.0020,-0.9897,0.1015,16.03,10.36,5.88
3.146975,-0.0005,-0.9877,0.1035,16.73,9.31,2.45
3.147572,-0.0034,-0.9877,0.1083,15.89,10.78,5.88
3.148169,-0.0044,-0.9887,0.1108,16.59,9.17,2.66
3.148766,-0.0039,-0.9872,0.1108,15.82,10.92,6.23
3.149363,-0.0010,-0.9853,0.1049,16.59,9.38,3.22
3.149960,0.0020,-0.9867,0.1059,15.54,10.64,5.88
3.150557,0.0015,-0.9877,0.1093,16.45,9.17,3.92
3.151154,-0.0005,-0.9848,0.1093,15.75,10.36,5.81
3.151751,0.0029,-0.9843,0.1088,16.24,9.31,3.92
3.152348,0.0029,-0.9887,0.1083,15.96,10.22,5.67
3.152348,-0.0034,-0.9911,0.1074,15.96,9.59,3.71
3.152941,-0.0034,-0.9911,0.1127,16.03,10.15,5.88
3.153538,-0.0015,-0.9911,0.1161,15.82,9.66,3.92
3.154135,0.0000,-0.9902,0.1127,16.03,10.29,6.23
3.154732,0.0005,-0.9941,0.1113,15.47,9.73,3.71
3.155329,-0.0039,-0.9950,0.1078,16.38,9.52,6.02
3.155926,-0.0039,-0.9945,0.1098,14.91,9.59,3.99
3.156523,0.0039,-0.9931,0.1132,16.10,10.15,6.44
3.157120,0.0015,-0.9906,0.1132,15.26,9.52,3.99
3.157717,0.0029,-0.9882,0.1132,15.26,10.01,4.13
3.158314,0.0024,-0.9882,0.1142,16.31,9.24,6.02
3.158911,0.0020,-0.9848,0.1152,14.70,9.66,3.85
3.159508,0.0029,-0.9838,0.1108,16.31,9.45,5.95
3.160105,0.0020,-0.9867,0.1118,14.42,9.94,4.41
3.160702,0.0015,-0.9882,0.1161,16.17,9.10,5.88
3.161299,0.0059,-0.9853,0.1152,14.49,9.52,3.92
3.161896,0.0063,-0.9809,0.1118,15.96,9.66,6.02
3.162493,0.0034,-0.9809,0.1118,14.49,9.66,4.20
3.163090,0.0034,-0.9843,0.1147,15.54,9.52,5.25
3.164063,0.0049,-0.9823,0.1191,14.77,9.17,4.27
3.164660,0.0024,-0.9770,0.1166,14.98,9.73,5.25
3.165257,0.0034,-0.9789,0.1166,14.98,9.03,4.34
3.165854,0.0054,-0.9799,0.1161,14.77,9.80,5.04
3.166451,0.0034,-0.9736,0.1113,14.70,9.10,4.41
3.167048,0.0039,-0.9706,0.1088,14.35,9.66,4.62
3.167645,0.0078,-0.9711,0.1103,15.05,8.89,4.76
3.168242,0.0068,-0.9682,0.1152,13.72,9.94,4.90
3.168839,0.0063,-0.9677,0.1142,14.98,8.68,4.97
3.169436,0.0059,-0.9706,0.1137,13.65,9.80,4.13
3.170033,0.0020,-0.9692,0.1152,14.84,8.54,4.90
3.170630,-0.0010,-0.9662,0.1157,14.49,8.47,5.32
3.171227,0.0020,-0.9672,0.1122,13.65,9.80,3.85
3.171824,0.0010,-0.9662,0.1093,14.35,8.82,5.53
3.172421,-0.0005,-0.9599,0.1103,13.58,9.73,3.50
3.173018,-0.0005,-0.9589,0.1147,13.72,8.68,5.95
3.173615,0.0005,-0.9633,0.1142,13.58,9.80,3.36
3.174212,0.0029,-0.9643,0.1122,13.58,8.96,5.81
3.174809,0.0034,-0.9653,0.1161,13.58,9.66,3.50
3.175782,0.0068,-0.9633,0.1161,13.09,8.89,6.02
3.176379,0.0063,-0.9599,0.1176,13.16,9.73,3.71
3.176976,0.0024,-0.9584,0.1147,13.16,8.82,5.46
3.177573,0.0034,-0.9604,0.1127,13.02,9.66,3.99
3.178170,0.0073,-0.9614,0.1152,13.02,8.89,5.32
3.178767,0.0068,-0.9604,0.1152,12.53,9.31,4.13
3.179364,0.0083,-0.9609,0.1161,12.81,9.24,5.53
3.179961,0.0132,-0.9618,0.1171,12.81,9.24,4.06
3.180558,0.0107,-0.9633,0.1210,12.46,8.47,5.95
3.181155,0.0039,-0.9594,0.1225,12.74,9.87,3.22
3.181752,0.0015,-0.9565,0.1225,12.04,8.75,6.23
3.182349,0.0063,-0.9560,0.1210,12.46,9.66,3.50
3.182946,0.0088,-0.9560,0.1196,11.76,8.89,6.16
3.183543,0.0093,-0.9550,0.1191,12.18,9.52,3.43
3.184140,0.0098,-0.9550,0.1191,11.83,8.96,6.02
3.184737,0.0083,-0.9594,0.1161,11.76,9.24,3.43
3.185334,0.0117,-0.9584,0.1152,11.90,8.89,5.81
3.185931,0.0127,-0.9570,0.1157,10.99,9.17,3.64
3.186528,0.0093,-0.9594,0.1147,11.90,9.24,5.74
3.186528,0.0068,-0.9594,0.1171,10.92,8.89,3.50
3.187121,0.0102,-0.9584,0.1176,11.69,9.45,5.74
3.187718,0.0117,-0.9628,0.1200,10.85,8.82,3.64
3.188315,0.0127,-0.9648,0.1200,11.13,9.38,5.74
3.188912,0.0132,-0.9594,0.1191,10.92,8.96,3.85
3.189509,0.0102,-0.9623,0.1166,11.20,9.38,4.97
3.190106,0.0073,-0.9658,0.1132,10.57,8.96,4.27
3.190703,0.0068,-0.9658,0.1142,10.92,9.38,4.83
3.191300,0.0078,-0.9658,0.1142,10.71,9.10,5.04
3.191897,0.0102,-0.9648,0.1191,10.36,9.38,3.99
3.192494,0.0127,-0.9623,0.1181,10.64,8.89,4.76
3.193091,0.0132,-0.9682,0.1176,9.87,9.03,4.20
3.193688,0.0083,-0.9736,0.1152,10.57,9.17,4.62
3.194285,0.0073,-0.9731,0.1166,9.94,9.31,3.99
3.194882,0.0107,-0.9740,0.1176,10.29,9.45,3.99
3.195479,0.0112,-0.9740,0.1137,9.59,9.03,4.27
3.196076,0.0073,-0.9780,0.1166,10.15,9.45,3.92
3.196673,0.0063,-0.9799,0.1191,9.94,8.82,4.13
3.197270,0.0083,-0.9780,0.1210,9.80,9.66,3.85
3.198243,0.0098,-0.9804,0.1200,10.08,9.03,4.62
3.198840,0.0107,-0.9809,0.1200,9.66,9.52,3.64
3.199437,0.0098,-0.9814,0.1200,9.94,9.24,4.41
3.200034,0.0117,-0.9848,0.1191,9.80,9.38,4.13
3.200631,0.0122,-0.9853,0.1191,9.66,9.31,4.27
3.201228,0.0112,-0.9809,0.1205,9.94,9.31,4.06
3.201825,0.0088,-0.9828,0.1210,9.45,8.82,4.48
3.202422,0.0059,-0.9892,0.1205,9.73,9.66,3.99
3.203019,0.0034,-0.9902,0.1249,9.66,8.89,4.41
3.203616,0.0020,-0.9906,0.1249,9.94,9.31,3.99
3.204213,0.0049,-0.9892,0.1235,9.03,9.38,4.69
3.204810,0.0068,-0.9892,0.1274,10.15,9.10,3.71
3.205407,0.0059,-0.9960,0.1264,9.17,9.38,4.76
3.206004,0.0039,-0.9965,0.1293,9.66,9.10,3.29
3.206601,0.0044,-0.9975,0.1308,9.52,9.03,4.83
3.207198,0.0039,-1.0033,0.1259,9.80,9.24,3.15
3.207795,0.0034,-1.0019,0.1249,9.66,9.03,5.11
3.208392,0.0059,-0.9984,0.1220,9.38,9.24,3.57
3.208989,0.0059,-0.9989,0.1235,9.73,8.68,5.04
3.208989,0.0054,-1.0009,0.1313,9.24,9.73,3.50
3.209582,0.0068,-1.0038,0.1327,9.94,8.40,4.97
3.210179,0.0044,-1.0038,0.1303,9.59,9.31,3.36
3.210776,0.0059,-1.0058,0.1313,9.73,8.96,5.32
3.211373,0.0088,-1.0067,0.1352,9.52,9.31,3.50
3.211970,0.0083,-1.0043,0.1366,9.59,8.61,5.32
3.212567,0.0073,-1.0077,0.1362,9.66,9.24,3.15
3.213164,0.0073,-1.0087,0.1327,9.73,8.40,5.46
3.213761,0.0127,-1.0087,0.1298,9.45,9.73,3.15
3.214358,0.0122,-1.0111,0.1337,9.87,8.40,4.90
3.214955,0.0093,-1.0121,0.1376,9.59,9.52,3.71
3.215552,0.0098,-1.0141,0.1366,10.01,8.68,5.18
3.216149,0.0102,-1.0155,0.1342,9.87,9.10,3.15
3.216746,0.0107,-1.0189,0.1322,10.15,8.61,4.76
3.217343,0.0117,-1.0189,0.1362,10.22,8.96,3.36
3.217940,0.0107,-1.0155,0.1371,9.94,9.10,4.20
3.218537,0.0049,-1.0189,0.1352,10.22,8.96,3.22
3.219134,0.0054,-1.0219,0.1371,9.94,8.68,4.55
3.219731,0.0098,-1.0199,0.1381,10.36,8.82,3.36
3.220704,0.0054,-1.0180,0.1327,10.36,8.82,4.48
3.221301,0.0044,-1.0233,0.1332,10.43,8.75,3.15
3.221898,0.0054,-1.0272,0.1357,10.08,8.96,3.99
3.222495,0.0063,-1.0248,0.1322,10.50,8.82,3.50
3.223092,0.0054,-1.0263,0.1322,10.43,8.82,3.50
3.223689,0.0044,-1.0282,0.1337,10.57,8.40,3.78
3.224286,0.0059,-1.0282,0.1357,10.64,8.96,2.87
3.224883,0.0000,-1.0253,0.1327,10.29,8.61,4.20
3.225480,0.0005,-1.0253,0.1391,10.71,8.40,3.85
3.226077,0.0020,-1.0243,0.1401,10.92,8.40,2.94
3.226674,0.0000,-1.0233,0.1391,10.78,8.89,4.13
3.227271,-0.0005,-1.0263,0.1401,10.85,8.40,2.52
3.227868,-0.0010,-1.0277,0.1396,11.06,8.68,4.13
3.228465,-0.0024,-1.0277,0.1391,11.06,8.12,2.31
3.229062,-0.0054,-1.0277,0.1381,11.41,8.61,4.48
3.229659,-0.0088,-1.0282,0.1327,10.92,8.12,1.89
3.230256,-0.0088,-1.0272,0.1322,11.69,8.61,4.41
3.230853,-0.0102,-1.0238,0.1332,10.92,7.91,1.75
3.231450,-0.0102,-1.0238,0.1362,11.97,8.61,4.27
3.232422,-0.0088,-1.0214,0.1357,10.85,7.77,1.89
3.233019,-0.0098,-1.0194,0.1357,12.25,8.33,3.78
3.233616,-0.0107,-1.0209,0.1362,11.41,7.77,1.68
3.234213,-0.0102,-1.0228,0.1347,11.97,8.54,4.13
3.234810,-0.0063,-1.0292,0.1332,11.83,7.21,1.33
3.235407,-0.0078,-1.0307,0.1337,11.83,8.61,4.06
3.236004,-0.0093,-1.0263,0.1332,12.04,7.35,1.33
3.236601,-0.0102,-1.0263,0.1342,11.97,8.47,3.78
3.237198,-0.0117,-1.0258,0.1381,12.18,7.42,1.54
3.237795,-0.0102,-1.0277,0.1401,11.76,8.47,3.43
3.238392,-0.0098,-1.0277,0.1396,12.46,7.56,1.89
3.238989,-0.0078,-1.0253,0.1371,11.62,8.33,3.50
3.239586,-0.0093,-1.0248,0.1386,12.81,7.07,1.40
3.240183,-0.0122,-1.0228,0.1396,11.76,7.70,3.50
3.240780,-0.0137,-1.0214,0.1371,12.74,7.49,1.26
3.241377,-0.0142,-1.0214,0.1391,12.32,7.70,2.80
3.241974,-0.0127,-1.0233,0.1430,12.46,7.49,1.19
3.242571,-0.0102,-1.0253,0.1410,12.67,7.42,2.66
3.243168,-0.0088,-1.0233,0.1415,12.32,7.00,1.05
3.243168,-0.0112,-1.0175,0.1410,13.09,7.49,2.80
3.243761,-0.0132,-1.0204,0.1401,12.32,6.93,1.26
3.244358,-0.0142,-1.0219,0.1415,13.23,7.42,1.89
3.244955,-0.0151,-1.0194,0.1386,12.46,7.21,1.12
3.245552,-0.0142,-1.0150,0.1386,13.02,7.35,1.82
3.246149,-0.0117,-1.0141,0.1430,12.53,6.79,1.05
3.246746,-0.0132,-1.0160,0.1435,13.09,7.42,1.26
3.247343,-0.0151,-1.0126,0.1391,12.74,6.58,1.26
3.247940,-0.0122,-1.0146,0.1386,12.81,6.93,0.84
3.248537,-0.0107,-1.0155,0.1405,12.88,6.72,0.63
3.249134,-0.0083,-1.0131,0.1430,13.16,6.79,0.14
3.249731,-0.0093,-1.0121,0.1440,13.02,7.07,1.12
3.250328,-0.0112,-1.0131,0.1401,13.02,6.65,0.14
3.250925,-0.0073,-1.0106,0.1396,13.16,7.42,0.70
3.251522,-0.0068,-1.0053,0.1425,13.23,6.16,0.21
3.252119,-0.0093,-1.0058,0.1444,13.30,7.28,0.70
3.252716,-0.0137,-1.0082,0.1464,13.02,6.02,0.21
3.253313,-0.0166,-1.0072,0.1440,13.30,7.07,0.21
3.253910,-0.0127,-1.0043,0.1430,12.88,6.23,-0.21
3.253910,-0.0137,-1.0043,0.1459,13.58,6.86,0.28
3.254504,-0.0102,-1.0028,0.1410,12.67,6.30,-0.49
3.255101,-0.0068,-1.0033,0.1366,13.58,6.65,0.07
3.255698,-0.0073,-1.0048,0.1391,12.53,6.37,-0.42
3.256295,-0.0059,-1.0024,0.1405,13.86,6.86,-0.42
3.256892,-0.0049,-1.0038,0.1454,12.46,5.88,-0.14
3.257489,-0.0059,-1.0033,0.1449,14.21,6.44,-0.70
3.258086,-0.0102,-1.0019,0.1391,12.53,6.16,-0.21
3.258683,-0.0063,-1.0048,0.1420,13.93,6.30,-1.19
3.259280,-0.0039,-1.0028,0.1415,12.53,6.16,-0.07
3.259877,-0.0088,-1.0009,0.1459,12.53,6.37,0.14
3.260474,-0.0088,-0.9989,0.1469,13.58,6.09,-1.61
3.261071,-0.0088,-0.9999,0.1444,12.67,6.65,0.00
3.261668,-0.0063,-1.0033,0.1425,13.65,5.88,-1.40
3.262265,-0.0044,-1.0014,0.1371,13.02,6.16,-0.42
3.262862,-0.0029,-0.9960,0.1386,13.02,6.09,-1.33
3.263459,-0.0029,-0.9941,0.1459,13.30,6.37,-0.49
3.264056,-0.0054,-0.9960,0.1479,12.74,5.95,-1.19
3.264653,-0.0020,-0.9945,0.1454,13.65,6.51,-1.40
3.265625,-0.0034,-0.9921,0.1430,12.60,5.81,-1.40
3.266222,-0.0054,-0.9941,0.1425,13.86,5.95,-1.26
3.266819,-0.0005,-0.9960,0.1430,12.32,5.88,-1.61
3.267416,-0.0010,-0.9945,0.1440,13.79,6.02,-1.19
3.268013,-0.0029,-0.9931,0.1449,12.39,6.09,-1.89
3.268610,0.0005,-0.9936,0.1474,13.72,5.88,-1.05
3.269207,0.0005,-0.9921,0.1469,12.46,6.23,-2.03
3.269804,0.0015,-0.9897,0.1449,13.58,5.74,-0.98
3.270401,0.0039,-0.9902,0.1440,12.67,6.02,-2.45
3.270998,0.0000,-0.9911,0.1420,13.37,5.88,-0.91
3.271595,0.0005,-0.9872,0.1410,12.74,5.88,-1.89
3.272192,0.0049,-0.9828,0.1386,13.23,5.81,-1.61
3.272789,0.0024,-0.9848,0.1410,12.67,6.30,-1.75
3.273386,0.0015,-0.9853,0.1430,12.39,5.88,-1.82
3.273983,0.0024,-0.9867,0.1401,12.88,6.16,-1.89
3.274580,0.0010,-0.9853,0.1444,12.53,6.02,-1.82
3.275177,0.0010,-0.9848,0.1479,13.02,6.16,-1.89
3.275774,0.0015,-0.9877,0.1459,11.97,5.81,-1.40
3.276371,0.0034,-0.9848,0.1454,13.02,5.88,-1.96
3.276371,0.0039,-0.9828,0.1474,11.76,5.60,-1.33
3.276965,0.0034,-0.9819,0.1474,13.02,6.37,-2.03
3.277562,0.0044,-0.9789,0.1484,12.04,5.53,-1.54
3.278159,0.0049,-0.9804,0.1484,12.53,6.58,-1.82
3.278756,0.0044,-0.9833,0.1469,12.11,5.25,-1.68
3.279353,0.0024,-0.9809,0.1440,12.32,6.72,-1.75
3.279950,0.0059,-0.9789,0.1415,12.25,5.18,-1.26
3.280547,0.0063,-0.9809,0.1405,11.69,7.00,-1.61
3.281144,0.0073,-0.9823,0.1401,12.46,5.25,-1.05
3.281741,0.0098,-0.9843,0.1386,11.48,6.72,-1.75
3.282338,0.0078,-0.9858,0.1410,12.32,5.04,-0.70
3.282935,0.0093,-0.9848,0.1435,11.34,7.07,-1.82
3.283532,0.0093,-0.9804,0.1440,12.04,5.60,-0.49
3.284129,0.0098,-0.9780,0.1459,11.41,6.16,-2.10
3.284726,0.0146,-0.9799,0.1459,11.97,6.09,-0.42
3.285323,0.0137,-0.9819,0.1449,11.62,6.30,-2.24
3.285920,0.0098,-0.9838,0.1435,11.97,5.95,-0.28
3.286517,0.0107,-0.9853,0.1444,11.06,6.37,-2.17
3.287114,0.0117,-0.9858,0.1469,11.69,6.16,0.21
3.288086,0.0107,-0.9872,0.1469,10.85,5.88,-1.54
3.288683,0.0098,-0.9872,0.1454,11.69,6.23,0.35
3.289280,0.0117,-0.9872,0.1488,10.99,6.37,-1.96
3.289877,0.0146,-0.9867,0.1513,11.69,6.30,0.56
3.290474,0.0117,-0.9867,0.1484,10.99,6.02,-1.75
3.291071,0.0107,-0.9867,0.1474,11.55,6.16,0.84
3.291668,0.0142,-0.9892,0.1474,11.06,6.16,-2.31
3.292265,0.0161,-0.9921,0.1484,11.13,6.44,0.84
3.292862,0.0137,-0.9936,0.1449,11.20,6.51,0.56
3.293459,0.0181,-0.9941,0.1435,10.92,6.65,-1.19
3.294056,0.0205,-0.9941,0.1469,10.92,6.16,0.63
3.294653,0.0195,-0.9955,0.1484,10.64,6.51,-0.70
3.295250,0.0220,-0.9950,0.1484,10.99,6.37,0.35
3.295847,0.0210,-0.9945,0.1503,10.78,6.65,-0.63
3.296444,0.0171,-0.9984,0.1488,10.78,6.44,0.42
3.297041,0.0171,-1.0004,0.1479,10.57,6.65,-0.35
3.297638,0.0176,-0.9989,0.1508,10.78,6.51,0.28
3.298235,0.0220,-0.9965,0.1537,10.78,6.93,-0.21
3.298832,0.0234,-0.9970,0.1527,10.85,6.72,0.21
3.299805,0.0185,-0.9984,0.1503,10.99,6.58,0.21
3.300402,0.0176,-0.9999,0.1484,10.71,6.44,0.56
3.300999,0.0181,-0.9999,0.1493,10.99,7.21,-0.07
3.301596,0.0185,-0.9989,0.1537,10.36,6.51,0.84
3.302193,0.0176,-1.0014,0.1566,11.06,6.93,0.07
3.302790,0.0156,-1.0058,0.1537,10.08,6.86,0.84
3.303387,0.0181,-1.0043,0.1557,10.99,6.86,0.70
3.303984,0.0195,-1.0004,0.1576,10.43,6.58,0.49
3.304581,0.0176,-1.0019,0.1537,10.71,6.79,1.68
3.305178,0.0161,-1.0028,0.1523,10.57,7.21,-0.28
3.305775,0.0151,-1.0024,0.1552,10.71,6.79,1.89
3.306372,0.0142,-1.0053,0.1591,10.08,7.07,0.07
3.306969,0.0137,-1.0092,0.1606,10.92,7.14,2.38
3.307566,0.0127,-1.0082,0.1620,9.94,7.07,0.28
3.308163,0.0156,-1.0053,0.1625,10.92,7.14,2.31
3.308760,0.0185,-1.0072,0.1591,10.15,6.86,0.21
3.309357,0.0176,-1.0063,0.1601,10.78,7.84,2.45
3.309954,0.0146,-1.0058,0.1630,9.94,6.65,0.42
3.310551,0.0122,-1.0048,0.1645,10.71,7.98,2.73
3.310551,0.0132,-1.0063,0.1610,10.08,6.58,0.63
3.311144,0.0176,-1.0087,0.1610,10.36,7.98,2.87
3.311741,0.0176,-1.0116,0.1610,10.29,6.65,0.21
3.312338,0.0176,-1.0121,0.1610,10.43,8.05,3.15
3.312935,0.0185,-1.0072,0.1610,10.43,6.72,0.77
3.313532,0.0156,-1.0077,0.1664,10.36,7.63,3.01
3.314129,0.0161,-1.0111,0.1688,10.08,7.00,1.05
3.314726,0.0171,-1.0116,0.1684,10.57,7.84,3.36
3.315323,0.0098,-1.0097,0.1664,10.36,7.77,3.15
3.315920,0.0156,-1.0141,0.1664,10.15,7.49,1.26
3.316517,0.0146,-1.0111,0.1654,10.36,7.63,3.50
3.317114,0.0112,-1.0092,0.1649,10.08,7.42,1.05
3.317711,0.0146,-1.0102,0.1674,10.36,7.77,3.78
3.318308,0.0132,-1.0102,0.1630,9.73,7.56,1.26
3.318905,0.0127,-1.0092,0.1620,10.64,7.70,3.78
3.319502,0.0156,-1.0111,0.1669,9.87,7.42,1.19
3.320099,0.0171,-1.0146,0.1698,10.36,8.05,3.78
3.320696,0.0151,-1.0136,0.1679,9.94,7.56,0.98
3.321293,0.0161,-1.0136,0.1620,10.57,7.98,4.06
3.322266,0.0166,-1.0146,0.1601,9.45,7.70,1.26
3.322863,0.0122,-1.0146,0.1581,10.71,7.56,3.92
3.323460,0.0112,-1.0136,0.1586,9.80,7.84,0.91
3.324057,0.0127,-1.0106,0.1615,10.36,7.70,4.06
3.324654,0.0142,-1.0097,0.1649,9.59,7.84,0.91
3.325251,0.0156,-1.0082,0.1669,10.43,7.63,3.64
3.325848,0.0151,-1.0092,0.1654,9.80,7.63,1.47
3.326445,0.0132,-1.0126,0.1615,10.29,8.05,3.22
3.327042,0.0146,-1.0087,0.1625,9.66,7.91,1.96
3.327639,0.0112,-1.0067,0.1669,9.45,7.77,2.03
3.328236,0.0107,-1.0077,0.1684,10.15,7.49,3.22
3.328833,0.0093,-1.0067,0.1654,9.73,7.84,2.24
3.329430,0.0068,-1.0097,0.1640,10.01,7.63,2.66
3.330027,0.0073,-1.0106,0.1654,9.87,7.84,2.17
3.330624,0.0063,-1.0072,0.1659,9.59,7.63,2.52
3.331221,0.0034,-1.0048,0.1625,10.08,7.91,2.38
3.331818,0.0015,-1.0028,0.1630,9.38,7.49,2.66
3.332415,0.0039,-1.0053,0.1654,10.01,7.84,2.17
3.333012,0.0000,-1.0067,0.1645,9.52,7.77,2.38
3.333985,-0.0044,-1.0063,0.1654,9.94,7.84,2.59
3.334582,0.0000,-1.0038,0.1640,9.38,7.49,2.52
3.335179,-0.0005,-1.0043,0.1606,9.45,8.05,2.17
3.335776,-0.0063,-1.0063,0.1640,9.73,7.21,2.45
3.336373,-0.0029,-1.0043,0.1688,9.31,8.26,2.24
3.336970,-0.0029,-1.0019,0.1708,9.66,7.00,2.59
3.337567,-0.0098,-1.0028,0.1703,9.17,8.26,1.96
3.338164,-0.0122,-1.0033,0.1669,9.59,7.35,2.24
3.338761,-0.0132,-1.0014,0.1684,9.17,7.84,2.17
3.339358,-0.0146,-1.0004,0.1703,9.38,7.14,1.96
3.339955,-0.0161,-1.0004,0.1684,9.10,7.70,2.52
3.340552,-0.0161,-1.0019,0.1708,9.38,7.28,1.47
3.341149,-0.0171,-1.0019,0.1747,9.03,7.42,2.94
3.341746,-0.0166,-1.0028,0.1713,8.82,7.14,1.40
3.342343,-0.0171,-1.0048,0.1693,8.96,7.70,2.52
3.342940,-0.0215,-1.0004,0.1698,8.68,6.72,1.75
3.343537,-0.0220,-0.9980,0.1713,9.17,7.49,2.38
3.344134,-0.0195,-1.0004,0.1723,8.68,6.79,2.10
3.344731,-0.0215,-1.0004,0.1718,9.17,7.14,2.03
3.344731,-0.0224,-1.0009,0.1718,8.40,6.72,2.17
3.345324,-0.0215,-1.0024,0.1708,9.10,7.42,1.68
3.345921,-0.0220,-0.9975,0.1723,8.68,6.37,2.17
3.346518,-0.0220,-0.9926,0.1771,8.54,7.49,1.75
3.347115,-0.0195,-0.9941,0.1762,8.61,6.23,2.17
3.347712,-0.0234,-0.9980,0.1718,8.61,7.07,1.33
3.348309,-0.0234,-0.9975,0.1693,8.75,6.44,2.17
3.348906,-0.0190,-0.9950,0.1713,8.47,6.86,1.40
3.349503,-0.0171,-0.9902,0.1732,8.12,7.14,1.05
3.350100,-0.0181,-0.9872,0.1723,8.47,5.88,2.59
3.350697,-0.0224,-0.9877,0.1732,8.12,6.72,-0.07
3.351294,-0.0234,-0.9892,0.1728,8.26,5.67,2.52
3.351891,-0.0249,-0.9911,0.1703,7.84,6.79,0.21
3.352488,-0.0244,-0.9902,0.1723,8.33,5.88,2.17
3.353085,-0.0234,-0.9916,0.1747,7.98,6.09,0.07
3.353682,-0.0278,-0.9902,0.1732,8.19,5.81,2.03
3.354279,-0.0273,-0.9887,0.1708,7.77,6.02,-0.07
3.354876,-0.0244,-0.9902,0.1728,7.84,5.95,1.96
3.355473,-0.0264,-0.9858,0.1742,7.70,5.74,-0.14
3.356446,-0.0283,-0.9843,0.1708,7.42,5.60,2.03
3.357043,-0.0259,-0.9858,0.1688,8.05,5.53,-0.28
3.357640,-0.0249,-0.9872,0.1679,7.14,6.09,1.75
3.358237,-0.0283,-0.9867,0.1659,7.91,4.97,-0.49
3.358834,-0.0307,-0.9858,0.1674,7.00,6.02,1.26
3.359431,-0.0268,-0.9853,0.1674,7.91,4.62,0.14
3.360028,-0.0259,-0.9862,0.1659,7.49,5.32,0.00
3.360625,-0.0307,-0.9853,0.1684,6.51,5.95,0.91
3.361222,-0.0342,-0.9828,0.1718,7.56,4.69,0.35
3.361819,-0.0322,-0.9828,0.1747,6.58,5.95,0.77
3.362416,-0.0332,-0.9858,0.1732,7.21,4.55,0.21
3.363013,-0.0337,-0.9877,0.1693,6.65,5.39,0.35
3.363610,-0.0298,-0.9882,0.1732,6.79,4.27,0.63
3.364207,-0.0278,-0.9833,0.1776,6.30,5.67,0.00
3.364804,-0.0288,-0.9819,0.1732,6.86,3.99,0.56
3.365401,-0.0307,-0.9843,0.1693,6.02,5.60,-0.14
3.365998,-0.0307,-0.9814,0.1728,6.72,3.57,0.56
3.366595,-0.0307,-0.9780,0.1737,6.09,5.60,-0.14
3.367192,-0.0342,-0.9770,0.1713,6.65,3.57,0.42
3.368164,-0.0298,-0.9760,0.1742,5.74,4.90,-0.21
3.368761,-0.0288,-0.9784,0.1728,6.09,4.55,-0.35
3.369358,-0.0303,-0.9745,0.1757,6.02,3.78,0.28
3.369955,-0.0293,-0.9755,0.1762,6.09,4.20,0.00
3.370552,-0.0332,-0.9760,0.1737,5.60,3.57,0.56
3.371149,-0.0322,-0.9745,0.1767,5.95,4.13,-0.28
3.371746,-0.0268,-0.9745,0.1776,5.74,3.71,0.21
3.372343,-0.0229,-0.9765,0.1757,5.60,3.92,0.07
3.372940,-0.0244,-0.9784,0.1728,5.67,3.36,0.14
3.373537,-0.0239,-0.9775,0.1708,5.60,3.99,0.00
3.374134,-0.0224,-0.9770,0.1737,5.11,3.71,0.28
3.374731,-0.0224,-0.9784,0.1762,5.81,3.64,-0.42
3.375328,-0.0215,-0.9765,0.1713,5.11,3.22,0.35
3.375925,-0.0234,-0.9775,0.1718,5.46,4.20,-0.56
3.376522,-0.0249,-0.9794,0.1703,5.11,2.73,0.42
3.377119,-0.0239,-0.9794,0.1674,5.32,3.78,-0.70
3.377716,-0.0234,-0.9799,0.1718,5.11,3.01,0.70
3.378313,-0.0249,-0.9799,0.1664,4.76,3.50,-0.35
3.378910,-0.0254,-0.9784,0.1659,5.11,3.29,0.00
3.379883,-0.0234,-0.9804,0.1664,4.97,3.01,-0.14
3.380480,-0.0229,-0.9814,0.1664,4.76,3.15,0.14
3.381077,-0.0220,-0.9814,0.1688,4.83,3.29,0.42
3.381674,-0.0205,-0.9823,0.1693,4.62,3.01,0.07
3.382271,-0.0181,-0.9823,0.1713,4.90,2.73,0.07
3.382868,-0.0181,-0.9833,0.1728,4.55,2.80,-0.14
3.383465,-0.0195,-0.9814,0.1732,4.83,2.87,-0.07
3.384062,-0.0185,-0.9789,0.1649,4.13,2.52,0.14
3.384659,-0.0161,-0.9794,0.1649,3.50,3.01,0.42
3.385256,-0.0137,-0.9784,0.1679,5.04,2.45,0.14
3.385853,-0.0137,-0.9794,0.1718,3.85,2.94,0.00
3.386450,-0.0117,-0.9858,0.1728,4.62,2.45,0.21
3.387047,-0.0117,-0.9867,0.1674,3.71,2.38,0.56
3.387644,-0.0137,-0.9794,0.1654,4.55,2.59,0.07
3.388241,-0.0127,-0.9814,0.1718,3.85,2.38,0.49
3.388838,-0.0137,-0.9862,0.1737,4.48,2.38,0.49
3.389435,-0.0146,-0.9833,0.1698,3.92,2.31,0.42
3.390032,-0.0151,-0.9833,0.1679,4.06,2.17,0.77
3.390629,-0.0220,-0.9877,0.1669,3.78,2.45,0.07
3.391602,-0.0215,-0.9882,0.1664,4.41,2.31,0.63
3.392199,-0.0117,-0.9848,0.1664,3.36,2.17,0.28
3.392796,-0.0093,-0.9833,0.1693,4.48,1.82,0.63
3.393393,-0.0142,-0.9838,0.1674,3.57,2.38,0.07
3.393990,-0.0151,-0.9858,0.1698,4.27,1.68,1.19
3.394587,-0.0137,-0.9882,0.1698,3.78,2.38,-0.07
3.395184,-0.0156,-0.9887,0.1693,4.06,1.96,1.33
3.395781,-0.0166,-0.9902,0.1664,3.71,2.45,0.07
3.396378,-0.0142,-0.9882,0.1659,3.71,2.10,1.47
3.396975,-0.0137,-0.9862,0.1684,3.36,1.75,0.49
3.397572,-0.0122,-0.9906,0.1684,3.78,2.17,1.33
3.398169,-0.0107,-0.9926,0.1713,3.71,1.12,0.63
3.398766,-0.0146,-0.9941,0.1703,3.85,1.96,1.12
3.399363,-0.0161,-0.9984,0.1664,3.85,1.26,0.91
3.399960,-0.0146,-0.9980,0.1664,3.43,2.52,1.26
3.400557,-0.0146,-0.9941,0.1698,3.85,1.05,0.77
3.401154,-0.0156,-0.9916,0.1723,3.57,1.89,1.33
3.401751,-0.0107,-0.9887,0.1708,3.50,1.33,0.98
3.402348,-0.0059,-0.9902,0.1674,3.71,1.89,1.33
3.402348,-0.0068,-0.9916,0.1703,3.71,1.54,0.56
3.402941,-0.0088,-0.9887,0.1752,3.57,2.03,1.61
3.403538,-0.0098,-0.9882,0.1747,3.71,1.40,0.21
3.404135,-0.0078,-0.9921,0.1728,3.64,1.68,2.17
3.404732,-0.0059,-0.9950,0.1713,3.36,1.40,0.63
3.405329,-0.0083,-0.9931,0.1723,3.85,1.61,1.89
3.405926,-0.0127,-0.9906,0.1635,3.50,1.54,0.56
3.406523,-0.0127,-0.9892,0.1635,3.01,1.61,2.94
3.407120,-0.0068,-0.9902,0.1688,3.71,1.40,-0.07
3.407717,-0.0059,-0.9911,0.1713,3.36,1.96,2.66
3.408314,-0.0083,-0.9921,0.1684,3.85,0.98,0.21
3.408911,-0.0068,-0.9906,0.1664,3.43,2.17,2.80
3.409508,-0.0049,-0.9906,0.1659,3.43,1.33,0.07
3.410105,-0.0068,-0.9950,0.1659,3.78,1.96,2.52
3.410702,-0.0093,-0.9965,0.1659,3.08,1.19,0.07
3.411299,-0.0039,-0.9984,0.1649,3.85,1.75,2.66
3.411896,0.0010,-0.9960,0.1645,2.87,1.33,0.35
3.412493,0.0015,-0.9960,0.1679,4.06,1.68,2.94
3.413090,-0.0005,-0.9994,0.1718,3.08,1.19,0.28
3.413090,-0.0024,-1.0009,0.1698,3.92,1.75,2.59
3.413683,-0.0029,-0.9994,0.1679,3.01,1.12,0.70
3.414280,0.0010,-0.9950,0.1698,4.06,1.82,1.75
3.414877,0.0029,-0.9980,0.1688,2.87,1.40,1.61
3.415474,0.0020,-0.9989,0.1664,4.13,1.96,2.03
3.416071,0.0039,-0.9955,0.1693,3.15,1.33,1.82
3.416668,0.0098,-1.0028,0.1708,3.85,1.89,1.89
3.417265,0.0044,-1.0024,0.1693,3.71,1.75,1.33
3.417862,0.0049,-1.0024,0.1688,4.06,2.03,0.77
3.418459,0.0054,-1.0014,0.1708,3.29,1.40,3.43
3.419056,0.0044,-1.0004,0.1713,3.85,2.03,0.49
3.419653,0.0024,-1.0014,0.1718,3.43,1.61,4.06
3.420250,0.0020,-1.0014,0.1718,3.71,2.10,0.14
3.420847,0.0039,-0.9984,0.1693,3.43,1.68,4.06
3.421444,0.0049,-0.9960,0.1698,3.92,1.96,0.21
3.422041,0.0029,-0.9980,0.1684,3.64,2.03,4.41
3.422638,0.0015,-1.0019,0.1703,3.71,1.96,0.07
3.423235,0.0029,-1.0038,0.1752,3.78,2.03,4.62
3.423832,0.0039,-1.0028,0.1737,3.64,1.68,0.14
3.425782,0.0039,-1.0028,0.1747,3.92,2.31,4.90
3.426379,0.0044,-1.0048,0.1747,3.29,1.89,0.21
3.426976,0.0049,-1.0053,0.1747,4.62,2.45,4.83
3.427573,0.0024,-1.0063,0.1718,3.15,1.89,-0.28
3.428170,0.0054,-0.8760,0.1737,4.62,2.17,5.81
3.428767,0.0005,-1.0038,0.1732,4.34,2.24,5.95
3.429364,0.0015,-1.0048,0.1718,3.08,1.82,-0.63
3.429961,0.0029,-1.0028,0.1728,4.76,2.45,5.53
3.430558,0.0034,-1.0004,0.1747,2.87,1.82,-0.42
3.431155,0.0054,-1.0009,0.1732,4.76,2.73,5.53
3.431752,0.0068,-1.0014,0.1723,3.22,1.75,-0.14
3.432349,0.0063,-0.9970,0.1674,4.55,2.87,5.32
3.432946,0.0102,-0.9984,0.1708,3.15,1.68,0.14
3.433543,0.0093,-1.0038,0.1747,4.97,2.66,5.32
3.434140,0.0059,-1.0009,0.1708,2.87,2.17,0.35
3.434737,0.0063,-0.9994,0.1703,4.62,2.87,5.04
3.435334,0.0059,-1.0004,0.1698,3.01,2.17,0.28
3.435931,0.0054,-0.9994,0.1659,5.18,2.52,4.83
3.436528,0.0034,-0.9994,0.1649,3.01,2.45,0.56
3.437500,0.0034,-1.0024,0.1679,5.18,2.73,4.48
3.438097,0.0059,-1.0043,0.1693,2.80,2.59,1.05
3.438694,0.0054,-1.0009,0.1693,5.04,2.87,4.13
3.439291,0.0068,-0.9999,0.1688,3.01,2.80,1.47
3.439888,0.0054,-1.0004,0.1693,4.90,2.94,3.29
3.440485,0.0005,-1.0014,0.1669,3.22,3.01,2.03
3.441082,-0.0010,-1.0009,0.1728,4.76,2.52,3.01
3.441679,0.0024,-0.9994,0.1752,3.43,2.94,1.89
3.442276,0.0044,-0.9999,0.1703,4.62,3.22,3.01
3.442873,0.0000,-1.0009,0.1693,3.78,2.73,2.03
3.443470,-0.0024,-1.0009,0.1708,4.27,2.87,2.80
3.444067,-0.0020,-1.0004,0.1718,4.13,3.01,2.80
3.444664,0.0020,-1.0033,0.1723,4.13,2.87,2.10
3.445261,0.0044,-1.0033,0.1732,4.48,3.15,2.94
3.445858,0.0029,-1.0043,0.1708,3.50,2.94,1.89
3.446455,0.0015,-1.0082,0.1698,4.69,3.08,3.43
3.447052,0.0024,-1.0048,0.1708,3.43,3.22,1.26
3.447649,0.0029,-1.0019,0.1728,4.83,3.15,3.71
3.448246,0.0015,-1.0033,0.1762,3.22,3.22,1.19
3.448246,-0.0005,-1.0024,0.1762,5.04,3.36,3.50
3.448840,-0.0005,-1.0004,0.1762,3.43,2.87,1.54
3.449437,-0.0044,-1.0043,0.1732,5.04,3.64,3.43
3.450034,-0.0073,-1.0063,0.1732,3.15,3.08,1.40
3.450631,-0.0063,-1.0053,0.1767,5.11,3.85,3.50
3.451228,-0.0078,-1.0043,0.1776,4.90,3.92,2.87
3.451825,-0.0034,-1.0009,0.1752,3.57,2.38,1.89
3.452422,-0.0054,-1.0009,0.1703,4.48,4.34,3.22
3.453019,-0.0098,-1.0038,0.1723,3.99,2.59,2.03
3.453616,-0.0146,-1.0019,0.1771,4.41,4.48,2.80
3.454213,-0.0142,-0.9999,0.1762,4.20,2.45,1.82
3.454810,-0.0107,-0.9984,0.1742,4.27,4.69,2.87
3.455407,-0.0102,-0.9984,0.1728,4.48,2.10,1.61
3.456004,-0.0127,-1.0024,0.1742,4.06,4.55,2.59
3.456601,-0.0146,-1.0053,0.1781,4.41,2.45,2.03
3.457198,-0.0146,-1.0004,0.1757,4.27,4.27,2.38
3.457795,-0.0176,-0.9984,0.1728,4.06,2.73,1.82
3.458392,-0.0190,-1.0019,0.1713,4.76,4.06,2.45
3.458989,-0.0200,-0.9980,0.1698,3.92,2.45,1.75
3.459961,-0.0239,-0.9999,0.1742,4.76,4.06,2.24
3.460558,-0.0234,-1.0004,0.1781,3.85,2.24,2.10
3.461155,-0.0220,-0.9970,0.1742,4.62,4.13,1.89
3.461752,-0.0239,-1.0009,0.1728,4.06,2.80,2.03
3.462349,-0.0268,-1.0033,0.1791,4.41,4.06,1.89
3.462946,-0.0283,-1.0033,0.1767,4.27,2.45,1.96
3.463543,-0.0234,-1.0004,0.1708,4.48,4.06,1.05
3.464140,-0.0200,-0.9994,0.1688,4.48,2.38,2.03
3.464737,-0.0215,-0.9999,0.1703,4.20,3.99,1.89
3.465334,-0.0220,-0.9980,0.1732,4.34,2.38,1.89
3.465931,-0.0264,-0.9999,0.1679,4.13,3.64,1.75
3.466528,-0.0268,-1.0028,0.1684,4.62,2.59,1.68
3.467125,-0.0249,-1.0024,0.1728,3.99,3.71,1.68
3.467722,-0.0239,-1.0019,0.1718,4.76,2.87,1.40
3.468319,-0.0264,-0.9994,0.1703,3.71,3.29,1.75
3.468916,-0.0283,-0.9945,0.1669,4.83,2.87,1.19
3.469513,-0.0278,-0.9945,0.1703,3.71,3.29,1.82
3.470110,-0.0307,-0.9960,0.1723,4.62,2.80,1.33
3.470707,-0.0312,-0.9950,0.1693,4.27,2.94,1.68
3.470707,-0.0303,-0.9936,0.1679,4.27,3.08,0.98
3.471301,-0.0283,-0.9902,0.1684,4.06,2.45,2.03
3.471898,-0.0278,-0.9902,0.1703,4.20,3.64,0.42
3.472495,-0.0288,-0.9921,0.1708,3.85,2.17,2.45
3.473092,-0.0288,-0.9931,0.1703,4.06,3.64,0.14
3.473689,-0.0288,-0.9945,0.1649,4.41,2.73,2.45
3.474286,-0.0288,-0.9926,0.1674,3.92,3.29,0.00
3.474883,-0.0288,-0.9911,0.1718,4.20,2.45,2.52
3.475480,-0.0298,-0.9906,0.1713,4.06,3.36,0.00
3.476077,-0.0303,-0.9902,0.1728,4.20,2.17,2.66
3.476674,-0.0288,-0.9906,0.1703,4.13,3.43,-0.28
3.477271,-0.0264,-0.9926,0.1664,4.20,2.17,2.94
3.477868,-0.0259,-0.9941,0.1669,3.99,2.66,-0.07
3.478465,-0.0303,-0.9921,0.1688,4.55,2.17,2.52
3.479062,-0.0317,-0.9941,0.1684,3.71,3.08,-0.21
3.479659,-0.0303,-0.9980,0.1664,4.27,2.10,2.66
3.480256,-0.0283,-0.9989,0.1684,3.29,3.01,-0.21
3.480853,-0.0264,-0.9955,0.1732,4.69,2.03,2.80
3.481450,-0.0283,-0.9897,0.1723,3.29,2.87,0.14
3.482422,-0.0283,-0.9916,0.1713,4.41,2.10,2.73
3.483019,-0.0268,-0.9916,0.1718,4.41,2.10,2.80
3.483616,-0.0283,-0.9902,0.1737,3.43,2.10,0.14
3.484213,-0.0288,-0.9931,0.1723,4.20,2.66,2.52
3.484810,-0.0303,-0.9931,0.1708,3.15,2.24,0.00
3.485407,-0.0264,-0.9867,0.1723,4.13,2.38,2.45
3.486004,-0.0254,-0.9897,0.1718,3.22,2.38,0.70
3.486601,-0.0283,-0.9916,0.1708,3.92,2.31,2.24
3.487198,-0.0259,-0.9872,0.1708,3.36,2.10,0.63
3.487795,-0.0224,-0.9882,0.1718,3.85,2.24,2.17
3.488392,-0.0185,-0.9877,0.1718,3.22,2.38,0.98
3.488989,-0.0171,-0.9862,0.1757,3.85,1.82,2.17
3.489586,-0.0185,-0.9887,0.1791,3.43,2.24,0.77
3.490183,-0.0200,-0.9887,0.1737,3.36,2.17,2.03
3.490780,-0.0190,-0.9882,0.1703,3.22,2.38,0.91
3.491377,-0.0137,-0.9867,0.1742,3.22,2.31,2.17
3.491974,-0.0142,-0.9833,0.1752,3.43,1.96,1.19
3.492571,-0.0146,-0.9828,0.1781,3.15,2.45,1.68
3.493168,-0.0132,-0.9853,0.1801,3.78,2.03,1.47
3.494141,-0.0132,-0.9814,0.1771,2.94,2.31,1.33
3.494738,-0.0137,-0.9819,0.1786,3.22,2.17,1.96
3.495335,-0.0112,-0.9828,0.1825,2.73,2.31,0.84
3.495932,-0.0142,-0.9853,0.1801,2.66,2.59,0.42
3.496529,-0.0117,-0.9833,0.1762,3.08,1.89,2.52
3.497126,-0.0063,-0.9823,0.1732,2.73,2.87,0.28
3.497723,-0.0093,-0.9814,0.1757,2.80,2.10,2.52
3.498320,-0.0107,-0.9804,0.1762,3.01,2.38,0.00
3.498917,-0.0093,-0.9828,0.1747,2.24,2.31,2.66
3.499514,-0.0078,-0.9862,0.1737,3.15,2.38,0.07
3.500111,-0.0083,-0.9848,0.1752,2.38,2.66,3.08
3.500708,-0.0088,-0.9794,0.1762,2.87,2.24,0.21
3.501305,-0.0102,-0.9804,0.1747,2.38,2.73,3.15
3.501902,-0.0102,-0.9862,0.1757,3.08,2.24,-0.14
3.502499,-0.0098,-0.9867,0.1776,2.24,2.87,3.15
3.503096,-0.0088,-0.9853,0.1806,2.59,2.38,0.00
3.503693,-0.0073,-0.9858,0.1781,2.52,2.59,3.01
3.504290,-0.0088,-0.9848,0.1737,2.31,2.45,-0.07
3.504887,-0.0083,-0.9838,0.1732,2.59,2.94,3.08
3.505860,-0.0093,-0.9804,0.1757,2.03,2.24,-0.07
3.506457,-0.0122,-0.9799,0.1762,2.66,2.59,3.01
3.507054,-0.0098,-0.9814,0.1737,1.89,2.45,-0.70
3.507651,-0.0088,-0.9804,0.1757,2.52,3.15,3.50
3.508248,-0.0127,-0.9823,0.1810,2.03,2.24,-0.70
3.508845,-0.0122,-0.9833,0.1771,2.24,3.01,3.36
3.509442,-0.0078,-0.9809,0.1752,1.82,2.73,-0.70
3.510039,-0.0083,-0.9794,0.1747,2.38,2.73,3.29
3.510636,-0.0098,-0.9814,0.1723,1.82,2.94,-0.63
3.511233,-0.0088,-0.9828,0.1757,2.10,2.66,3.29
3.511830,-0.0098,-0.9843,0.1762,1.54,2.73,-0.98
3.512427,-0.0083,-0.9823,0.1776,2.03,2.73,3.15
3.513024,-0.0093,-0.9794,0.1791,1.68,3.01,-1.12
3.513621,-0.0102,-0.9794,0.1815,1.54,2.66,3.08
3.514218,-0.0073,-0.9789,0.1806,1.89,3.15,-0.98
3.514815,-0.0054,-0.9799,0.1762,1.47,2.73,2.73
3.515412,-0.0078,-0.9789,0.1767,1.40,3.15,-0.77
3.516009,-0.0078,-0.9780,0.1762,1.47,2.73,2.66
3.516606,-0.0068,-0.9799,0.1742,1.61,3.57,-0.63
3.516606,-0.0078,-0.9828,0.1786,1.40,2.94,2.17
3.517199,-0.0073,-0.9814,0.1796,1.40,2.94,-0.70
3.517796,-0.0083,-0.9819,0.1791,0.91,3.43,-0.70
3.518393,-0.0083,-0.9833,0.1781,1.19,2.80,2.24
3.518990,-0.0112,-0.9823,0.1776,1.05,3.50,-0.98
3.519587,-0.0112,-0.9823,0.1747,1.33,3.22,2.17
3.520184,-0.0088,-0.9809,0.1752,0.84,3.99,-1.26
3.520781,-0.0059,-0.9828,0.1752,1.40,3.15,2.24
3.521378,-0.0024,-0.9848,0.1757,0.49,3.50,-1.19
3.521975,-0.0049,-0.9853,0.1776,1.61,3.22,2.17
3.522572,-0.0063,-0.9843,0.1781,0.14,3.78,-0.63
3.523169,-0.0073,-0.9848,0.1806,1.61,3.36,1.54
3.523766,-0.0059,-0.9867,0.1801,0.63,3.78,-0.70
3.524363,-0.0044,-0.9862,0.1752,1.19,3.78,0.98
3.524960,-0.0059,-0.9897,0.1757,0.49,3.43,-0.42
3.525557,-0.0068,-0.9867,0.1806,0.98,3.92,0.70
3.526154,-0.0049,-0.9833,0.1786,0.63,3.50,-0.56
3.526751,-0.0024,-0.9872,0.1781,0.70,4.13,0.91
3.527348,-0.0020,-0.9887,0.1810,0.49,3.50,0.00
3.528321,-0.0049,-0.9887,0.1796,0.49,4.20,0.56
3.528918,-0.0049,-0.9887,0.1796,0.56,3.50,0.21
3.529515,-0.0020,-0.9906,0.1820,0.84,4.13,-0.56
3.530112,-0.0010,-0.9921,0.1791,0.14,3.71,1.12
3.530709,-0.0034,-0.9911,0.1791,0.91,4.55,-0.91
3.531306,-0.0063,-0.9906,0.1845,0.28,3.71,0.84
3.531903,-0.0049,-0.9882,0.1859,0.56,4.41,-0.84
3.532500,-0.0039,-0.9887,0.1820,0.28,4.06,0.91
3.533097,-0.0034,-0.9902,0.1781,0.84,4.20,-1.05
3.533694,-0.0034,-0.9877,0.1825,-0.14,4.48,0.91
3.534291,-0.0059,-0.9902,0.1840,1.12,3.99,-1.05
3.534888,-0.0044,-0.9921,0.1830,-0.07,4.55,0.98
3.535485,-0.0005,-0.9892,0.1840,0.56,4.27,-1.19
3.536082,0.0000,-0.9902,0.1815,0.28,4.83,1.19
3.536679,0.0005,-0.9872,0.1786,0.42,4.69,-1.54
3.537276,0.0015,-0.9843,0.1767,0.63,4.55,1.12
3.537873,0.0005,-0.9867,0.1825,-0.07,4.62,-1.61
3.538470,-0.0005,-0.9892,0.1864,0.56,4.69,1.05
3.539067,0.0015,-0.9882,0.1859,-0.14,4.76,-1.75
3.539067,0.0034,-0.9853,0.1801,0.70,4.62,1.05
3.539660,0.0015,-0.9882,0.1830,-0.49,4.90,-1.68
3.540257,0.0059,-0.9853,0.1864,-0.42,4.69,-1.96
3.540854,0.0015,-0.9828,0.1850,0.35,5.53,1.26
3.541451,-0.0059,-0.9823,0.1864,-0.07,4.76,-2.03
3.542048,-0.0039,-0.9823,0.1864,0.14,6.02,1.33
3.542645,-0.0029,-0.9809,0.1835,-0.28,4.48,-1.75
3.543242,-0.0024,-0.9809,0.1859,0.00,5.88,1.26
3.543839,-0.0044,-0.9828,0.1854,-0.14,4.55,-2.03
3.544436,-0.0034,-0.9858,0.1850,0.00,5.88,1.12
3.545033,0.0005,-0.9858,0.1845,-0.42,5.04,-1.82
3.545630,-0.0005,-0.9843,0.1830,0.00,5.74,1.82
3.546227,0.0005,-0.9814,0.1854,-0.42,5.18,-2.45
3.546824,-0.0005,-0.9814,0.1908,0.14,5.81,1.75
3.547421,-0.0029,-0.9794,0.1908,-0.77,5.67,-2.38
3.548018,-0.0020,-0.9780,0.1898,0.42,5.74,1.54
3.548615,-0.0015,-0.9819,0.1928,-0.77,5.88,-1.89
3.549212,-0.0029,-0.9823,0.1889,0.42,5.60,1.33
3.549809,-0.0044,-0.9814,0.1845,-0.91,5.81,-2.31
3.550782,-0.0010,-0.9804,0.1830,-0.91,5.88,-1.96
3.551379,0.0034,-0.9814,0.1879,0.35,5.67,1.12
3.551976,0.0024,-0.9814,0.1918,-0.98,6.30,-1.68
3.552573,-0.0024,-0.9784,0.1893,0.21,5.67,0.56
3.553170,-0.0015,-0.9804,0.1903,-1.19,6.44,-1.40
3.553767,0.0039,-0.9833,0.1884,0.00,6.02,0.70
3.554364,0.0068,-0.9804,0.1840,-0.77,6.58,-1.26
3.554961,0.0054,-0.9750,0.1835,0.00,5.95,0.49
3.555558,0.0020,-0.9770,0.1845,-1.19,6.86,-0.84
3.556155,0.0015,-0.9819,0.1835,-0.14,5.88,-0.07
3.556752,0.0020,-0.9819,0.1806,-0.70,6.72,-0.84
3.557349,-0.0024,-0.9770,0.1781,-0.63,6.37,-0.35
3.557946,-0.0029,-0.9760,0.1810,-0.49,6.65,-0.63
3.558543,-0.0020,-0.9799,0.1859,-0.56,6.37,-0.35
3.559140,-0.0024,-0.9814,0.1850,-0.49,6.65,-0.35
3.559737,-0.0059,-0.9828,0.1879,-1.19,6.44,-0.77
3.560334,-0.0049,-0.9838,0.1879,-0.28,6.86,-0.21
3.560931,-0.0024,-0.9828,0.1859,-0.84,6.37,-1.12
3.561528,-0.0044,-0.9838,0.1815,-0.91,6.86,-0.07
3.562500,-0.0073,-0.9814,0.1786,-0.91,6.51,-0.98
3.563097,-0.0093,-0.9765,0.1840,-0.77,7.49,0.35
3.563694,-0.0107,-0.9755,0.1806,-0.77,6.65,-1.12
3.564291,-0.0122,-0.9780,0.1806,-0.98,7.56,0.49
3.564888,-0.0142,-0.9799,0.1825,-0.70,6.09,-1.96
3.565485,-0.0132,-0.9775,0.1820,-0.91,7.56,0.98
3.566082,-0.0151,-0.9740,0.1845,-0.63,5.88,-2.17
3.566679,-0.0171,-0.9740,0.1815,-1.05,7.63,1.33
3.567276,-0.0156,-0.9750,0.1776,-1.05,6.44,-2.17
3.567873,-0.0205,-0.9755,0.1810,-1.05,7.56,1.33
3.568470,-0.0244,-0.9736,0.1830,-1.05,6.37,-2.31
3.569067,-0.0239,-0.9697,0.1801,-0.77,7.42,1.19
3.569664,-0.0234,-0.9687,0.1796,-1.61,6.30,-2.52
3.570261,-0.0190,-0.9711,0.1806,-0.42,7.07,1.12
3.570858,-0.0142,-0.9755,0.1840,-1.96,6.65,-2.31
3.571455,-0.0151,-0.9858,0.1835,-0.28,6.86,1.33
3.572052,-0.0161,-0.9945,0.1762,-2.31,7.00,-2.31
3.572649,-0.0132,-1.0004,0.1767,-0.07,6.16,0.98
3.573246,-0.0098,-1.0067,0.1815,-2.31,7.28,-2.52
3.573246,-0.0127,-0.9853,0.1732,-0.07,6.37,1.75
3.573840,-0.0142,-0.9814,0.1747,0.14,6.44,1.05
3.574437,-0.0161,-0.9799,0.1757,-2.17,6.93,-2.10
3.575034,-0.0151,-0.9838,0.1732,0.07,6.51,0.91
3.575631,-0.0171,-0.9867,0.1752,-2.17,7.21,-2.03
3.576228,-0.0205,-0.9872,0.1767,-0.21,6.37,1.26
3.576825,-0.0205,-0.9887,0.1767,-1.82,7.14,-1.96
3.577422,-0.0205,-0.9862,0.1742,-0.35,6.65,1.05
3.578019,-0.0200,-0.9838,0.1708,-1.47,7.07,-1.96
3.578616,-0.0190,-0.9833,0.1762,-0.35,6.72,1.19
3.579213,-0.0224,-0.9804,0.1806,-1.89,6.93,-1.89
3.579810,-0.0239,-0.9784,0.1791,-0.56,6.72,0.84
3.580407,-0.0249,-0.9828,0.1776,-1.54,6.86,-2.10
3.581004,-0.0303,-0.9858,0.1732,-0.98,6.44,0.84
3.581601,-0.0288,-0.9838,0.1713,-1.26,6.65,-1.68
3.582198,-0.0283,-0.9828,0.1747,-1.12,6.72,0.42
3.582795,-0.0322,-0.9814,0.1757,-1.05,6.23,-1.33
3.583392,-0.0317,-0.9809,0.1747,-0.91,6.86,-0.42
3.583989,-0.0293,-0.9775,0.1742,-1.12,6.16,-0.84
3.584961,-0.0264,-0.9745,0.1757,-0.91,6.93,-1.26
3.585558,-0.0239,-0.9794,0.1747,-1.12,6.30,-0.77
3.586155,-0.0244,-0.9823,0.1737,-0.84,6.09,-1.89
3.586752,-0.0249,-0.9819,0.1723,-1.12,6.79,-0.28
3.587349,-0.0244,-0.9809,0.1713,-1.19,6.16,-1.96
3.587946,-0.0224,-0.9799,0.1742,-0.84,6.16,-0.56
3.588543,-0.0244,-0.9819,0.1747,-0.98,6.51,-0.07
3.589140,-0.0220,-0.9833,0.1757,-1.19,5.95,-2.59
3.589737,-0.0200,-0.9823,0.1757,-1.05,7.35,-0.14
3.590334,-0.0224,-0.9853,0.1742,-1.05,5.46,-2.45
3.590931,-0.0239,-0.9819,0.1737,-1.05,7.35,0.07
3.591528,-0.0220,-0.9789,0.1728,-0.84,5.25,-2.94
3.592125,-0.0190,-0.9794,0.1747,-1.05,7.21,0.42
3.592722,-0.0185,-0.9775,0.1747,-1.05,5.60,-3.43
3.593319,-0.0176,-0.9780,0.1708,-0.91,7.00,0.70
3.593916,-0.0195,-0.9789,0.1723,-1.26,5.81,-3.78
3.594513,-0.0190,-0.9814,0.1732,-0.35,6.72,0.84
3.595110,-0.0210,-0.9784,0.1698,-0.14,6.65,0.77
3.595707,-0.0176,-0.9770,0.1723,-1.75,5.39,-3.71
3.597657,-0.0200,-0.9780,0.1708,0.00,6.72,0.56
3.598254,-0.0229,-0.9804,0.1679,-2.45,5.74,-3.36
3.598851,-0.0224,-0.9804,0.1679,-0.07,6.86,0.42
3.599448,-0.0200,-0.9745,0.1698,-1.96,5.81,-3.64
3.600045,-0.0171,-0.9765,0.1698,0.07,6.72,0.42
3.600642,-0.0185,-0.9799,0.1693,-1.82,5.74,-3.71
3.601239,-0.0205,-0.9770,0.1674,0.00,6.44,0.35
3.601836,-0.0200,-0.9760,0.1684,-1.75,5.67,-3.29
3.602433,-0.0176,-0.9765,0.1703,-0.21,6.86,0.07
3.603030,-0.0181,-0.9760,0.1703,-1.40,5.32,-3.29
3.603627,-0.0190,-0.9799,0.1723,-0.91,6.51,0.21
3.604224,-0.0190,-0.9794,0.1728,-0.70,5.53,-3.29
3.604821,-0.0176,-0.9765,0.1728,-1.05,6.37,0.21
3.605418,-0.0166,-0.9765,0.1723,-0.63,5.74,-2.87
3.606015,-0.0161,-0.9784,0.1742,-0.98,6.37,0.00
3.606612,-0.0137,-0.9838,0.1737,-0.77,5.67,-2.45
3.607209,-0.0146,-0.9862,0.1718,-1.12,6.44,0.14
3.607806,-0.0156,-0.9853,0.1723,-0.63,6.09,-2.59
3.608403,-0.0142,-0.9819,0.1732,-0.98,6.37,-0.21
3.608403,-0.0166,-0.9833,0.1723,-0.77,6.30,-2.10
3.608996,-0.0132,-0.9814,0.1757,-0.35,5.88,-2.73
3.609593,-0.0127,-0.9814,0.1718,-0.84,6.30,0.07
3.610190,-0.0102,-0.9838,0.1688,-0.98,5.95,-2.52
3.610787,-0.0098,-0.9809,0.1693,0.00,6.30,-0.63
3.611384,-0.0102,-0.9799,0.1718,-0.77,5.81,-1.82
3.611981,-0.0107,-0.9794,0.1723,0.00,6.51,-0.42
3.612578,-0.0093,-0.9794,0.1723,-0.84,5.88,-1.61
3.613175,-0.0107,-0.9809,0.1737,-0.28,6.23,-0.77
3.613772,-0.0098,-0.9780,0.1732,-0.77,6.16,-1.54
3.614369,-0.0088,-0.9760,0.1703,-0.21,6.30,-0.70
3.614966,-0.0102,-0.9765,0.1703,-0.91,6.65,-1.68
3.615563,-0.0083,-0.9780,0.1713,0.07,5.81,-0.70
3.616160,-0.0093,-0.9784,0.1718,-1.12,6.58,-1.54
3.616757,-0.0112,-0.9784,0.1703,0.21,5.88,-0.84
3.617354,-0.0107,-0.9789,0.1684,-0.84,6.30,-1.26
3.617951,-0.0093,-0.9784,0.1732,0.21,5.88,-0.42
3.618548,-0.0117,-0.9760,0.1713,0.35,6.09,-1.61
3.619145,-0.0107,-0.9784,0.1728,-0.84,6.16,0.28
3.620118,-0.0073,-0.9789,0.1771,0.07,6.93,-2.31
3.620715,-0.0073,-0.9765,0.1747,-0.56,6.30,0.77
3.621312,-0.0029,-0.9760,0.1703,0.07,7.00,-2.87
3.621909,-0.0020,-0.9750,0.1684,-0.49,6.02,1.19
3.622506,-0.0063,-0.9760,0.1698,-0.14,6.93,-2.80
3.623103,-0.0078,-0.9765,0.1757,0.00,5.67,1.61
3.623700,-0.0078,-0.9750,0.1762,-0.56,7.14,-2.87
3.624297,-0.0059,-0.9721,0.1723,0.49,5.81,1.75
3.624894,-0.0044,-0.9701,0.1728,-0.49,6.93,-2.66
3.625491,-0.0054,-0.9701,0.1718,0.42,6.30,1.75
3.626088,-0.0044,-0.9721,0.1688,-0.42,6.72,-3.01
3.626685,-0.0054,-0.9765,0.1688,0.63,6.30,1.75
3.627282,-0.0068,-0.9794,0.1669,-0.14,6.65,-2.52
3.627879,-0.0093,-0.9760,0.1654,0.70,6.72,1.47
3.628476,-0.0098,-0.9711,0.1684,-0.14,6.44,-2.52
3.629073,-0.0054,-0.9711,0.1708,0.35,6.65,1.82
3.629670,-0.0044,-0.9731,0.1728,0.07,6.23,-2.38
3.630267,-0.0029,-0.9755,0.1737,0.63,6.65,1.05
3.630864,-0.0059,-0.9784,0.1723,0.21,6.44,-2.17
3.631836,-0.0112,-0.9770,0.1718,0.56,6.58,1.54
3.632433,-0.0073,-0.9750,0.1693,-0.07,7.07,-2.17
3.633030,-0.0083,-0.9755,0.1693,0.91,6.51,1.75
3.633627,-0.0122,-0.9745,0.1713,-0.28,7.28,-1.96
3.634224,-0.0112,-0.9745,0.1708,1.33,6.51,1.33
3.634821,-0.0142,-0.9770,0.1693,-0.35,7.07,-1.96
3.635418,-0.0156,-0.9775,0.1664,1.26,6.51,1.47
3.636015,-0.0137,-0.9784,0.1640,-0.14,7.28,-1.47
3.636612,-0.0142,-0.9765,0.1654,1.12,6.30,0.98
3.637209,-0.0146,-0.9750,0.1674,0.00,7.21,-1.47
3.637806,-0.0166,-0.9799,0.1708,1.61,6.30,1.19
3.638403,-0.0205,-0.9819,0.1718,0.07,6.93,-1.12
3.639000,-0.0205,-0.9740,0.1688,1.26,6.72,0.77
3.639597,-0.0190,-0.9736,0.1703,0.35,6.51,-0.84
3.640194,-0.0185,-0.9784,0.1698,0.91,6.72,0.70
3.640791,-0.0171,-0.9804,0.1693,0.98,6.30,-0.77
3.641388,-0.0181,-0.9794,0.1688,0.91,7.14,0.35
3.641985,-0.0190,-0.9784,0.1669,1.19,6.02,0.07
3.642582,-0.0210,-0.9804,0.1684,0.98,7.21,-0.42
3.642582,-0.0210,-0.9809,0.1698,1.33,6.23,0.91
3.643176,-0.0200,-0.9770,0.1693,0.70,7.07,-0.35
3.643773,-0.0195,-0.9799,0.1684,1.68,6.37,0.49
3.644370,-0.0166,-0.9823,0.1684,0.91,7.14,-0.35
3.644967,-0.0190,-0.9775,0.1674,1.68,6.16,0.49
3.645564,-0.0210,-0.9784,0.1674,0.91,6.79,-0.35
3.646161,-0.0190,-0.9770,0.1693,1.96,6.44,0.35
3.646758,-0.0200,-0.9750,0.1737,1.05,7.00,-0.84
3.647355,-0.0176,-0.9760,0.1728,2.10,6.09,0.98
3.647952,-0.0142,-0.9775,0.1728,1.12,6.79,-1.05
3.648549,-0.0137,-0.9799,0.1757,2.31,6.09,0.70
3.649146,-0.0161,-0.9804,0.1693,0.98,7.07,-1.26
3.649743,-0.0200,-0.9780,0.1649,2.66,5.95,0.77
3.650340,-0.0176,-0.9780,0.1693,1.47,6.86,-1.75
3.650937,-0.0161,-0.9789,0.1693,2.24,5.95,0.84
3.651534,-0.0142,-0.9765,0.1698,1.61,6.79,-1.89
3.652131,-0.0171,-0.9838,0.1728,2.10,6.58,-1.89
3.652728,-0.0156,-0.9853,0.1728,2.31,6.02,0.84
3.653325,-0.0151,-0.9843,0.1674,1.82,6.79,-2.10
3.654297,-0.0176,-0.9823,0.1659,2.45,6.23,0.91
3.654894,-0.0176,-0.9819,0.1728,2.31,6.37,-2.31
3.655491,-0.0224,-0.9853,0.1718,2.45,6.23,0.42
3.656088,-0.0215,-0.9853,0.1669,2.38,6.09,-1.75
3.656685,-0.0205,-0.9867,0.1640,2.31,6.58,0.35
3.657282,-0.0249,-0.9892,0.1679,2.52,5.74,-2.38
3.657879,-0.0268,-0.9921,0.1713,2.45,6.51,-0.07
3.658476,-0.0264,-0.9911,0.1698,2.87,6.02,-2.10
3.659073,-0.0264,-0.9906,0.1688,2.59,6.23,-0.07
3.659670,-0.0293,-0.9950,0.1703,3.01,5.88,-1.82
3.660267,-0.0283,-0.9921,0.1693,3.01,6.30,-0.07
3.660864,-0.0293,-0.9892,0.1698,2.94,5.81,-2.03
3.661461,-0.0312,-0.9945,0.1737,3.43,5.88,-0.35
3.662058,-0.0293,-0.9950,0.1713,2.87,5.88,-2.17
3.662655,-0.0307,-0.9887,0.1708,3.50,5.39,-0.35
3.663252,-0.0312,-0.9887,0.1693,3.01,6.02,-2.17
3.663849,-0.0307,-0.9921,0.1698,3.57,5.46,-0.42
3.664446,-0.0327,-0.9926,0.1679,2.80,6.37,-2.17
3.665043,-0.0322,-0.9916,0.1684,3.85,5.18,-0.14
3.665043,-0.0332,-0.9906,0.1723,3.36,6.23,-2.52
3.665636,-0.0346,-0.9897,0.1688,3.29,6.02,-2.59
3.666233,-0.0332,-0.9887,0.1674,4.62,4.62,-0.70
3.666830,-0.0351,-0.9843,0.1674,3.43,6.02,-2.52
3.667427,-0.0366,-0.9828,0.1688,4.41,4.90,-0.63
3.668024,-0.0356,-0.9828,0.1698,3.57,5.39,-2.66
3.668621,-0.0312,-0.9804,0.1698,4.34,4.69,-0.49
3.669218,-0.0293,-0.9794,0.1708,3.71,5.39,-2.10
3.669815,-0.0332,-0.9843,0.1708,4.34,4.41,-0.49
3.670412,-0.0361,-0.9877,0.1659,3.99,5.18,-2.10
3.671009,-0.0346,-0.9833,0.1640,4.27,4.48,-0.98
3.671606,-0.0307,-0.9833,0.1664,3.85,4.90,-2.10
3.672203,-0.0312,-0.9862,0.1640,4.62,4.27,-0.84
3.672800,-0.0351,-0.9814,0.1679,3.92,5.32,-1.96
3.673397,-0.0337,-0.9780,0.1728,5.11,4.13,-1.33
3.673994,-0.0322,-0.9823,0.1713,3.57,5.18,-1.61
3.674591,-0.0288,-0.9828,0.1669,5.32,4.41,-1.40
3.675188,-0.0278,-0.9833,0.1649,3.99,4.83,-1.61
3.675785,-0.0283,-0.9809,0.1654,5.18,4.55,-1.19
3.676758,-0.0234,-0.9784,0.1659,4.13,3.78,-1.33
3.677355,-0.0210,-0.9765,0.1659,5.11,4.76,-1.61
3.677952,-0.0200,-0.9750,0.1649,4.69,3.78,-1.12
3.678549,-0.0210,-0.9745,0.1649,4.69,4.55,-1.61
3.679146,-0.0200,-0.9750,0.1659,4.90,3.57,-0.84
3.679743,-0.0166,-0.9770,0.1679,4.90,5.11,-2.03
3.680340,-0.0151,-0.9789,0.1679,5.18,3.50,-0.42
3.680937,-0.0156,-0.9775,0.1664,4.69,4.90,-1.89
3.681534,-0.0151,-0.9740,0.1649,5.53,3.43,-0.56
3.682131,-0.0156,-0.9750,0.1693,4.34,4.48,-1.75
3.682728,-0.0151,-0.9784,0.1669,5.81,3.15,-0.07
3.683325,-0.0112,-0.9809,0.1625,4.34,4.55,-1.82
3.683922,-0.0088,-0.9794,0.1684,5.95,3.36,0.28
3.684519,-0.0132,-0.9765,0.1718,4.76,4.20,-2.45
3.685116,-0.0146,-0.9799,0.1684,6.16,3.64,0.28
3.685713,-0.0112,-0.9843,0.1674,5.04,4.20,-1.96
3.686310,-0.0112,-0.9819,0.1679,5.81,3.50,0.56
3.686907,-0.0102,-0.9789,0.1654,6.16,3.71,0.07
3.687504,-0.0107,-0.9755,0.1664,5.32,3.85,-1.61
3.688477,-0.0102,-0.9750,0.1679,5.67,3.99,-0.35
3.689074,-0.0054,-0.9750,0.1679,5.32,3.85,-0.98
3.689671,-0.0049,-0.9794,0.1684,5.81,3.85,-0.70
3.690268,-0.0068,-0.9789,0.1708,5.67,3.71,-1.05
3.690865,-0.0044,-0.9765,0.1728,5.81,3.43,-0.28
3.691462,-0.0024,-0.9804,0.1723,6.02,3.85,-1.19
3.692059,-0.0054,-0.9799,0.1693,5.67,3.29,0.07
3.692656,-0.0068,-0.9770,0.1713,5.81,4.34,-1.40
3.693253,-0.0059,-0.9784,0.1747,6.30,3.36,-0.35
3.693850,-0.0029,-0.9809,0.1737,5.60,4.55,-1.12
3.694447,-0.0010,-0.9809,0.1742,6.37,3.01,-0.14
3.695044,-0.0020,-0.9804,0.1752,5.95,4.27,-1.12
3.695641,-0.0020,-0.9804,0.1732,6.23,3.22,0.21
3.696238,-0.0024,-0.9799,0.1737,5.95,4.20,-1.26
3.696835,-0.0020,-0.9784,0.1708,6.09,3.43,0.00
3.697432,-0.0010,-0.9780,0.1684,6.16,4.06,-1.05
3.698029,-0.0054,-0.9809,0.1713,5.81,3.85,0.35
3.698626,-0.0044,-0.9780,0.1732,6.86,3.78,-1.12
3.699223,0.1235,-0.9745,0.1752,5.81,3.71,0.63
3.700196,0.0005,-0.9765,0.1786,6.23,3.36,0.91
3.700793,-0.0024,-0.9799,0.1806,6.51,4.13,-1.61
3.701390,0.0005,-0.9809,0.1747,6.30,3.43,0.49
3.701987,0.0024,-0.9770,0.1723,6.51,4.20,-1.19
3.702584,-0.0005,-0.9740,0.1728,6.37,3.50,0.28
3.703181,0.0010,-0.9726,0.1713,6.30,3.99,-1.61
3.703778,0.0039,-0.9731,0.1698,6.72,4.13,0.77
3.704375,0.0044,-0.9750,0.1698,6.30,3.78,-1.26
3.704972,0.0015,-0.9755,0.1723,6.79,4.20,0.07
3.705569,0.0024,-0.9755,0.1732,6.23,3.78,-1.05
3.706166,0.0039,-0.9745,0.1723,6.86,3.99,0.35
3.706763,0.0034,-0.9745,0.1698,6.44,3.78,-0.56
3.707360,0.0015,-0.9745,0.1679,6.79,3.85,-0.14
3.707957,0.0044,-0.9716,0.1679,6.44,3.64,-0.07
3.708554,0.0098,-0.9711,0.1708,6.93,4.34,-0.28
3.709151,0.0088,-0.9740,0.1703,6.23,3.08,0.07
3.709748,0.0088,-0.9740,0.1703,7.21,4.76,-0.49
3.710345,0.0078,-0.9716,0.1708,6.37,3.43,0.07
3.710942,0.0068,-0.9721,0.1703,6.86,4.76,0.07
3.710942,0.0078,-0.9716,0.1732,6.79,3.43,-0.21
3.711535,0.0073,-0.9701,0.1718,6.93,4.48,0.35
3.712132,0.0054,-0.9736,0.1674,6.86,3.29,-0.35
3.712729,0.0024,-0.9745,0.1679,7.14,4.34,0.00
3.713326,0.0063,-0.9721,0.1674,6.72,3.99,-0.28
3.713923,0.0132,-0.9716,0.1688,7.28,4.55,0.21
3.714520,0.0122,-0.9706,0.1688,6.37,4.13,0.14
3.715117,0.0093,-0.9697,0.1703,7.49,3.99,0.14
3.715714,0.0078,-0.9667,0.1732,6.51,4.20,0.28
3.716311,0.0078,-0.9648,0.1703,7.21,4.13,0.35
3.716908,0.0088,-0.9662,0.1669,6.65,4.20,0.07
3.717505,0.0107,-0.9682,0.1659,7.21,4.06,0.63
3.718102,0.0073,-0.9697,0.1635,6.72,4.20,0.00
3.718699,0.0044,-0.9662,0.1640,7.35,3.99,0.49
3.719296,0.0063,-0.9677,0.1708,6.51,4.27,0.42
3.719893,0.0063,-0.9662,0.1688,6.93,4.20,0.63
3.720490,0.0049,-0.9682,0.1698,7.00,4.06,0.42
3.721087,0.0054,-0.9697,0.1713,7.14,4.41,0.49
3.721684,0.0039,-0.9677,0.1674,7.07,4.27,0.98
3.722657,0.0044,-0.9682,0.1688,7.21,4.20,0.77
3.723254,0.0054,-0.9721,0.1698,6.93,4.13,0.77
3.723851,0.0015,-0.9736,0.1688,7.07,4.55,0.77
3.724448,0.0005,-0.9721,0.1713,7.14,3.92,1.05
3.725045,0.0015,-0.9716,0.1688,7.14,4.48,1.19
3.725642,0.0034,-0.9701,0.1669,6.93,4.06,0.84
3.726239,0.0049,-0.9706,0.1693,7.14,4.55,1.05
3.726836,0.0024,-0.9672,0.1718,7.28,4.27,1.47
3.727433,0.0010,-0.9653,0.1708,7.00,4.62,0.91
3.728030,-0.0020,-0.9687,0.1693,7.42,3.99,1.68
3.728627,0.0000,-0.9682,0.1708,7.00,4.48,0.91
3.729224,-0.0010,-0.9667,0.1708,7.63,3.85,1.68
3.729821,-0.0034,-0.9682,0.1708,6.58,4.69,1.40
3.730418,0.0024,-0.9672,0.1654,7.70,3.78,1.61
3.731015,0.0034,-0.9658,0.1606,6.37,4.20,1.82
3.731612,0.0015,-0.9667,0.1635,7.91,3.92,1.40
3.732209,-0.0010,-0.9677,0.1645,6.79,4.62,1.96
3.732806,-0.0039,-0.9648,0.1649,7.49,3.85,1.12
3.733403,-0.0015,-0.9648,0.1649,6.65,4.55,2.45
3.734375,-0.0020,-0.9638,0.1669,7.49,4.13,1.54
3.734972,-0.0039,-0.9594,0.1679,6.79,4.41,2.87
3.735569,-0.0024,-0.9609,0.1649,7.28,4.20,1.19
3.736166,0.0010,-0.9628,0.1669,7.21,4.13,2.80
3.736763,0.0010,-0.9658,0.1698,6.86,4.20,1.54
3.737360,-0.0020,-0.9648,0.1684,7.63,4.27,3.15
3.737957,-0.0020,-0.9628,0.1679,6.65,4.06,1.68
3.738554,0.0000,-0.9643,0.1674,7.42,4.34,3.64
3.739151,-0.0005,-0.9643,0.1645,6.79,3.78,1.82
3.739748,-0.0029,-0.9643,0.1645,7.63,4.27,3.22
3.740345,0.0000,-0.9687,0.1645,6.86,3.85,2.03
3.740942,0.0005,-0.9687,0.1635,7.14,4.55,3.29
3.741539,-0.0005,-0.9658,0.1664,6.93,3.92,2.59
3.742136,0.0000,-0.9697,0.1659,7.35,3.99,3.50
3.742733,0.0005,-0.9745,0.1640,7.21,3.57,2.73
3.743330,0.0010,-0.9736,0.1659,7.28,3.78,3.71
3.743927,-0.0020,-0.9745,0.1664,7.28,4.06,2.66
3.744524,0.0000,-0.9740,0.1679,7.35,3.71,3.99
3.745121,-0.0024,-0.9721,0.1674,7.21,4.27,2.87
3.745121,-0.0063,-0.9740,0.1659,7.35,3.85,4.13
3.745715,-0.0034,-0.9750,0.1664,7.21,4.06,3.22
3.746312,0.0010,-0.9794,0.1684,7.28,3.92,3.92
3.746909,0.0020,-0.9828,0.1708,7.00,3.85,3.57
3.747506,0.0005,-0.9809,0.1698,7.49,4.13,3.85
3.748103,-0.0005,-0.9799,0.1688,7.21,4.06,3.78
3.748700,-0.0034,-0.9799,0.1684,7.28,4.13,3.78
3.749297,-0.0054,-0.9784,0.1698,7.42,3.78,3.92
3.749894,-0.0015,-0.9784,0.1703,7.28,4.20,3.99
3.750491,0.0015,-0.9828,0.1703,7.42,3.85,4.41
3.751088,0.0020,-0.9823,0.1728,7.07,4.06,4.06
3.751685,0.0010,-0.9799,0.1708,7.21,3.92,4.27
3.752282,0.0029,-0.9799,0.1698,7.49,3.92,4.06
3.752879,0.0049,-0.9799,0.1723,7.42,4.06,4.55
3.753476,0.0044,-0.9814,0.1718,7.63,3.71,4.27
3.754073,0.0049,-0.9804,0.1732,7.28,4.13,4.48
3.754670,0.0059,-0.9814,0.1742,7.84,3.78,3.99
3.755267,0.0029,-0.9862,0.1742,7.14,4.41,4.97
3.755864,0.0005,-0.9887,0.1757,7.84,3.64,3.64
3.755864,0.0015,-0.9862,0.1762,6.93,4.76,5.46
3.756457,-0.0005,-0.9833,0.1806,7.63,3.71,3.64
3.757054,-0.0010,-0.9784,0.1820,7.42,4.62,5.25
3.757651,0.0020,-0.9780,0.1801,7.84,3.43,3.78
3.758248,0.0034,-0.9814,0.1815,7.42,4.90,5.11
3.758845,0.0000,-0.9799,0.1786,7.84,3.43,4.13
3.759442,-0.0034,-0.9789,0.1767,7.42,4.34,5.18
3.760039,-0.0044,-0.9794,0.1752,7.77,3.71,4.20
3.760636,-0.0054,-0.9780,0.1737,7.63,4.27,4.83
3.761233,-0.0034,-0.9794,0.1728,7.49,3.92,4.48
3.761830,-0.0054,-0.9848,0.1767,7.35,4.55,4.48
3.762427,-0.0059,-0.9848,0.1806,7.63,3.64,4.41
3.763024,-0.0059,-0.9794,0.1776,7.35,4.41,4.62
3.763621,-0.0073,-0.9745,0.1752,7.98,3.71,4.27
3.764218,-0.0063,-0.9760,0.1776,7.14,4.34,5.04
3.764815,-0.0049,-0.9794,0.1801,8.05,3.85,4.06
3.765412,-0.0049,-0.9819,0.1781,7.21,4.06,5.18
3.766009,-0.0059,-0.9853,0.1747,8.26,4.20,3.64
3.766606,-0.0049,-0.9887,0.1718,7.21,3.85,5.74
3.767579,-0.0039,-0.9877,0.1723,7.91,4.27,3.36
3.768176,-0.0063,-0.9862,0.1728,7.70,3.71,5.74
3.768773,-0.0093,-0.9862,0.1713,7.56,4.20,2.87
3.769370,-0.0068,-0.9862,0.1723,7.56,3.92,6.23
3.769967,-0.0088,-0.9853,0.1723,7.42,4.06,2.87
3.770564,-0.0083,-0.9828,0.1693,7.98,3.92,5.95
3.771161,-0.0073,-0.9853,0.1688,7.42,3.99,2.66
3.771758,-0.0063,-0.9858,0.1693,7.63,4.27,5.95
3.772355,-0.0024,-0.9877,0.1723,7.35,3.85,3.01
3.772952,-0.0049,-0.9892,0.1728,7.91,4.55,5.67
3.773549,-0.0073,-0.9892,0.1684,7.28,3.71,3.22
3.774146,-0.0054,-0.9887,0.1669,7.98,4.62,5.46
3.774743,-0.0054,-0.9872,0.1708,7.14,3.43,3.01
3.775340,-0.0098,-0.9902,0.1728,8.05,4.27,5.39
3.775937,-0.0093,-0.9911,0.1713,7.00,3.57,2.59
3.776534,-0.0063,-0.9916,0.1728,8.19,4.27,5.67
3.777131,-0.0054,-0.9916,0.1723,7.00,3.64,2.38
3.777728,-0.0068,-0.9911,0.1718,8.40,4.34,5.32
3.778325,-0.0083,-0.9941,0.1757,6.72,3.85,2.38
3.778325,-0.0083,-0.9941,0.1747,8.47,4.55,5.11
3.778918,-0.0107,-0.9945,0.1742,6.93,3.57,2.45
3.779515,-0.0107,-0.9975,0.1732,8.33,4.41,4.55
3.780112,-0.0098,-0.9965,0.1742,6.72,3.85,2.80
3.780709,-0.0122,-0.9945,0.1791,8.40,4.13,4.20
3.781306,-0.0146,-0.9926,0.1723,7.00,3.50,2.59
3.781903,-0.0142,-0.9926,0.1698,8.26,3.85,3.92
3.782500,-0.0142,-0.9945,0.1732,7.63,3.43,2.87
3.783097,-0.0142,-0.9950,0.1737,8.19,4.41,3.50
3.783694,-0.0137,-0.9965,0.1771,7.77,3.57,2.59
3.784291,-0.0146,-0.9984,0.1801,7.49,4.34,3.43
3.784888,-0.0142,-0.9984,0.1820,8.12,3.57,2.73
3.785485,-0.0161,-0.9980,0.1825,7.56,3.99,3.29
3.786082,-0.0171,-1.0004,0.1806,7.98,3.85,2.66
3.786679,-0.0151,-0.9994,0.1771,7.42,3.71,3.01
3.787276,-0.0166,-0.9994,0.1742,8.05,3.78,2.66
3.787873,-0.0195,-1.0019,0.1752,7.49,3.85,3.01
3.788470,-0.0195,-0.9989,0.1815,8.26,3.85,2.52
3.789067,-0.0181,-1.0004,0.1815,7.63,3.08,3.15
3.789067,-0.0176,-1.0043,0.1786,8.19,3.99,2.10
3.789660,-0.0200,-1.0024,0.1791,7.49,3.15,3.36
3.790257,-0.0215,-0.9989,0.1806,8.47,4.20,1.61
3.790854,-0.0210,-0.9984,0.1835,7.77,3.01,3.08
3.791451,-0.0205,-1.0009,0.1840,8.12,4.27,1.75
3.792048,-0.0185,-1.0063,0.1815,7.98,2.87,2.87
3.792645,-0.0200,-1.0092,0.1815,7.91,4.13,2.10
3.793242,-0.0244,-1.0058,0.1835,8.40,3.08,2.73
3.793839,-0.0234,-1.0004,0.1820,7.98,4.20,1.96
3.794436,-0.0190,-1.0019,0.1825,7.98,3.36,2.45
3.795033,-0.0220,-1.0058,0.1786,8.26,3.92,2.66
3.795630,-0.0229,-1.0087,0.1781,8.26,3.22,1.61
3.796227,-0.0185,-1.0082,0.1830,8.12,3.43,2.66
3.796824,-0.0176,-1.0048,0.1850,8.05,3.22,1.33
3.797421,-0.0171,-1.0053,0.1854,8.12,3.78,2.66
3.798018,-0.0171,-1.0067,0.1820,7.98,3.08,1.19
3.798615,-0.0181,-1.0053,0.1791,8.26,3.57,3.08
3.799212,-0.0190,-1.0063,0.1810,8.33,3.64,0.56
3.799809,-0.0195,-1.0058,0.1835,8.19,3.57,2.80
3.800782,-0.0181,-1.0038,0.1845,8.33,3.43,0.77
3.801379,-0.0171,-1.0053,0.1825,8.26,3.36,3.01
3.801976,-0.0176,-1.0038,0.1801,8.54,3.36,0.42
3.802573,-0.0166,-1.0043,0.1815,7.98,3.50,2.87
3.803170,-0.0171,-1.0082,0.1850,8.68,3.08,0.49
3.803767,-0.0181,-1.0106,0.1889,7.98,3.50,3.01
3.804364,-0.0210,-1.0087,0.1879,8.89,3.08,0.21
3.804961,-0.0224,-1.0063,0.1825,8.12,3.50,2.80
3.805558,-0.0185,-1.0082,0.1801,8.68,3.15,0.49
3.806155,-0.0171,-1.0067,0.1830,8.47,3.50,2.38
3.806752,-0.0190,-1.0053,0.1879,8.54,2.94,0.35
3.807349,-0.0190,-1.0063,0.1898,8.68,3.71,2.24
3.807946,-0.0210,-1.0092,0.1913,8.54,2.80,-0.07
3.808543,-0.0234,-1.0102,0.1845,9.03,3.64,2.31
3.809140,-0.0244,-1.0077,0.1806,8.33,2.73,0.00
3.809737,-0.0244,-1.0077,0.1869,9.38,3.64,1.96
3.810334,-0.0229,-1.0082,0.1859,8.40,2.87,-0.21
3.810931,-0.0244,-1.0082,0.1845,9.38,2.80,2.66
3.811528,-0.0283,-1.0077,0.1889,8.26,3.29,-1.05
3.811528,-0.0278,-1.0048,0.1845,9.38,2.31,2.52
3.812121,-0.0278,-1.0053,0.1854,9.73,2.80,1.96
3.812718,-0.0259,-1.0038,0.1864,8.05,3.08,-0.70
3.813315,-0.0264,-1.0043,0.1903,9.66,2.52,1.47
3.813912,-0.0293,-1.0058,0.1942,7.91,3.01,-0.56
3.814509,-0.0278,-1.0033,0.1908,9.87,2.73,1.12
3.815106,-0.0239,-1.0024,0.1893,7.91,2.80,-0.28
3.815703,-0.0298,-1.0019,0.1879,9.87,2.87,0.49
3.816300,-0.0342,-1.0019,0.1913,8.12,2.38,-0.07
3.816897,-0.0322,-1.0038,0.1962,9.38,3.08,0.14
3.817494,-0.0351,-1.0038,0.1923,8.40,2.73,-0.07
3.818091,-0.0366,-1.0014,0.1874,9.10,3.01,0.00
3.818688,-0.0327,-0.9984,0.1879,8.82,2.17,0.14
3.819285,-0.0298,-0.9989,0.1879,9.03,3.08,0.14
3.819882,-0.0307,-1.0019,0.1879,8.89,2.03,0.35
3.820479,-0.0312,-1.0004,0.1928,8.61,3.29,-0.14
3.821076,-0.0317,-0.9989,0.1918,8.82,2.10,0.35
3.821673,-0.0322,-0.9989,0.1874,8.68,2.87,-0.49
3.822270,-0.0317,-0.9960,0.1874,9.31,1.68,-0.07
3.823243,-0.0293,-0.9936,0.1913,8.26,2.87,-0.28
3.823840,-0.0312,-0.9931,0.1874,8.68,2.52,-0.63
3.824437,-0.0317,-0.9906,0.1908,8.82,2.52,0.00
3.825034,-0.0332,-0.9887,0.1928,8.54,2.52,-0.42
3.825631,-0.0312,-0.9926,0.1903,8.61,2.24,0.00
3.826228,-0.0278,-0.9984,0.1898,8.47,2.17,-0.42
3.826825,-0.0273,-0.9984,0.1898,9.03,2.45,-0.21
3.827422,-0.0283,-0.9916,0.1874,8.54,2.03,-0.56
3.828019,-0.0278,-0.9882,0.1874,8.75,2.52,-0.14
3.828616,-0.0273,-0.9887,0.1898,8.33,1.96,-0.49
3.829213,-0.0293,-0.9906,0.1889,8.75,2.38,-0.21
3.829810,-0.0312,-0.9902,0.1859,8.19,2.10,0.14
3.830407,-0.0332,-0.9867,0.1854,8.68,2.10,-0.49
3.831004,-0.0312,-0.9848,0.1889,8.47,1.96,-0.28
3.831601,-0.0288,-0.9838,0.1884,8.47,2.31,-0.28
3.832198,-0.0312,-0.9862,0.1806,8.68,1.40,-0.07
3.832795,-0.0337,-0.9862,0.1796,7.77,2.87,-0.42
3.833392,-0.0332,-0.9848,0.1830,8.96,1.40,-0.14
3.833989,-0.0346,-0.9833,0.1859,7.91,2.38,-0.28
3.834961,-0.0332,-0.9819,0.1918,8.68,1.54,-0.35
3.835558,-0.0288,-0.9789,0.1918,7.84,2.10,0.14
3.836155,-0.0283,-0.9770,0.1908,8.75,1.82,-0.42
3.836752,-0.0288,-0.9770,0.1898,7.63,1.96,0.00
3.837349,-0.0288,-0.9745,0.1845,8.61,1.96,-0.14
3.837946,-0.0317,-0.9726,0.1830,7.49,1.68,0.28
3.838543,-0.0327,-0.9750,0.1820,8.68,1.89,-0.42
3.839140,-0.0303,-0.9736,0.1791,6.93,2.03,0.35
3.839737,-0.0303,-0.9697,0.1825,8.68,1.68,-0.35
3.840334,-0.0268,-0.9706,0.1830,6.86,1.68,0.70
3.840931,-0.0278,-0.9731,0.1825,8.47,1.89,-0.35
3.841528,-0.0283,-0.9726,0.1840,7.14,2.03,0.63
3.842125,-0.0259,-0.9736,0.1835,8.12,1.82,-0.21
3.842722,-0.0288,-0.9755,0.1830,7.28,1.68,0.70
3.843319,-0.0307,-0.9697,0.1830,7.91,1.75,-0.56
3.843916,-0.0288,-0.9692,0.1845,7.21,1.40,0.91
3.844513,-0.0273,-0.9701,0.1845,7.91,1.40,-0.56
3.845110,-0.0259,-0.9672,0.1825,7.14,1.54,0.98
3.845707,-0.0234,-0.9687,0.1801,7.21,1.68,-0.42
3.845707,-0.0259,-0.9697,0.1786,7.28,1.68,0.98
3.846301,-0.0268,-0.9692,0.1781,7.07,1.26,0.21
3.846898,-0.0268,-0.9697,0.1810,7.14,2.03,0.91
3.847495,-0.0293,-0.9701,0.1810,6.93,0.84,0.07
3.848092,-0.0273,-0.9682,0.1786,7.00,2.31,0.70
3.848689,-0.0224,-0.9667,0.1801,6.58,1.05,0.70
3.849286,-0.0224,-0.9697,0.1835,7.00,2.10,0.42
3.849883,-0.0249,-0.9745,0.1820,6.44,1.12,0.91
3.850480,-0.0249,-0.9726,0.1771,6.79,2.24,0.49
3.851077,-0.0249,-0.9711,0.1781,6.58,0.98,0.70
3.851674,-0.0239,-0.9745,0.1806,6.86,2.24,0.63
3.852271,-0.0229,-0.9755,0.1776,6.30,1.05,0.91
3.852868,-0.0234,-0.9760,0.1762,6.65,1.96,0.77
3.853465,-0.0205,-0.9736,0.1762,5.95,1.68,0.98
3.854062,-0.0195,-0.9711,0.1752,6.86,1.82,0.56
3.854659,-0.0210,-0.9755,0.1781,5.88,1.40,1.12
3.855256,-0.0215,-0.9755,0.1757,6.09,1.26,0.56
3.855853,-0.0181,-0.9780,0.1747,6.02,1.61,1.40
3.856450,-0.0151,-0.9809,0.1776,6.02,1.26,0.35
3.857422,-0.0190,-0.9814,0.1762,5.74,2.10,1.19
3.858019,-0.0171,-0.9784,0.1737,5.81,1.33,0.77
3.858616,-0.0166,-0.9760,0.1752,5.95,2.24,1.05
3.859213,-0.0185,-0.9765,0.1767,5.95,1.61,0.70
3.859810,-0.0176,-0.9784,0.1757,5.95,2.52,0.70
3.860407,-0.0200,-0.9799,0.1767,5.67,1.47,1.19
3.861004,-0.0215,-0.9819,0.1791,5.74,2.45,0.84
3.861601,-0.0166,-0.9819,0.1786,5.74,1.33,0.77
3.862198,-0.0156,-0.9804,0.1776,5.95,2.10,0.91
3.862795,-0.0161,-0.9814,0.1786,5.39,1.68,0.28
3.863392,-0.0171,-0.9784,0.1786,5.95,2.45,0.98
3.863989,-0.0200,-0.9814,0.1776,5.04,1.75,0.21
3.864586,-0.0181,-0.9887,0.1776,6.09,2.31,1.33
3.865183,-0.0161,-0.9897,0.1757,4.97,1.75,-0.14
3.865780,-0.0190,-0.9862,0.1796,5.95,2.24,1.19
3.866377,-0.0176,-0.9862,0.1801,4.90,1.89,-0.21
3.866974,-0.0190,-0.9867,0.1757,6.09,2.10,0.91
3.867571,-0.0200,-0.9858,0.1713,4.69,1.96,-0.56
3.868168,-0.0171,-0.9882,0.1713,6.09,1.96,1.12
3.868168,-0.0156,-0.9877,0.1757,4.34,2.52,-0.28
3.868761,-0.0171,-0.9867,0.1767,5.88,1.82,0.63
3.869358,-0.0185,-0.9882,0.1762,4.62,2.52,-0.28
3.869955,-0.0176,-0.9902,0.1771,5.32,2.24,0.98
3.870552,-0.0181,-0.9911,0.1786,4.55,2.80,-0.70
3.871149,-0.0161,-0.9897,0.1806,5.46,2.17,0.77
3.871746,-0.0137,-0.9882,0.1801,4.97,2.73,-0.07
3.872343,-0.0146,-0.9877,0.1806,5.32,1.89,0.63
3.872940,-0.0166,-0.9872,0.1806,4.83,2.52,-0.14
3.873537,-0.0142,-0.9892,0.1786,5.18,2.31,0.35
3.874134,-0.0137,-0.9911,0.1747,4.83,2.45,0.21
3.874731,-0.0156,-0.9897,0.1752,5.18,2.52,-0.63
3.875328,-0.0161,-0.9911,0.1752,5.11,2.66,0.35
3.875925,-0.0161,-0.9911,0.1737,4.76,2.45,-0.35
3.876522,-0.0166,-0.9902,0.1747,5.25,2.73,0.56
3.877119,-0.0156,-0.9921,0.1786,4.48,2.45,-0.84
3.877716,-0.0142,-0.9931,0.1786,5.18,2.52,1.05
3.878313,-0.0112,-0.9926,0.1757,5.11,2.73,-1.75
3.878910,-0.0093,-0.9911,0.1771,4.76,2.66,1.40
3.878910,-0.0122,-0.9921,0.1796,4.76,2.52,-1.61
3.879504,-0.0146,-0.9936,0.1762,4.90,3.01,1.47
3.880101,-0.0137,-0.9921,0.1732,4.69,2.87,-2.17
3.880698,-0.0098,-0.9911,0.1708,4.90,3.22,1.47
3.881295,-0.0107,-0.9906,0.1723,4.90,2.52,-2.10
3.881892,-0.0151,-0.9902,0.1776,4.76,3.29,2.03
3.882489,-0.0117,-0.9945,0.1815,4.62,2.52,-2.38
3.883086,-0.0098,-0.9970,0.1791,5.18,3.15,2.17
3.883683,-0.0107,-0.9950,0.1737,4.69,2.94,-2.52
3.884280,-0.0102,-0.9965,0.1737,4.97,3.71,2.45
3.884877,-0.0117,-0.9965,0.1786,4.48,2.80,-2.80
3.885474,-0.0137,-1.0004,0.1796,5.11,3.78,2.52
3.886071,-0.0098,-1.0014,0.1801,4.13,2.73,-2.80
3.886668,-0.0112,-0.9965,0.1810,5.67,3.78,2.66
3.887265,-0.0166,-0.9999,0.1786,4.13,2.73,-2.73
3.887862,-0.0161,-1.0048,0.1791,5.39,3.71,2.80
3.888459,-0.0137,-1.0048,0.1791,4.06,3.15,-3.08
3.889056,-0.0137,-0.9994,0.1781,4.34,3.22,-3.15
3.889653,-0.0142,-0.9984,0.1781,5.53,3.43,2.59
3.890625,-0.0156,-1.0014,0.1781,4.06,3.57,-3.08
3.891222,-0.0190,-1.0014,0.1747,5.39,3.71,2.66
3.891819,-0.0181,-0.9989,0.1723,4.13,3.57,-3.01
3.892416,-0.0171,-0.9994,0.1786,5.32,4.06,2.73
3.893013,-0.0181,-0.9984,0.1810,4.41,3.50,-3.01
3.893610,-0.0176,-0.9960,0.1786,5.32,3.99,2.38
3.894207,-0.0190,-0.9980,0.1810,4.06,3.78,-2.45
3.894804,-0.0205,-0.9989,0.1801,5.60,3.92,1.68
3.895401,-0.0195,-1.0009,0.1781,4.20,3.78,-2.45
3.895998,-0.0195,-1.0024,0.1747,5.60,4.20,1.68
3.896595,-0.0224,-0.9989,0.1742,4.13,3.78,-2.31
3.897192,-0.0224,-0.9999,0.1757,5.67,4.20,1.19
3.897789,-0.0215,-0.9994,0.1781,4.13,3.50,-1.68
3.898386,-0.0205,-0.9999,0.1835,5.53,4.55,0.98
3.898983,-0.0229,-1.0028,0.1825,4.13,3.50,-1.33
3.899580,-0.0249,-1.0024,0.1830,5.67,4.83,0.56
3.900177,-0.0239,-1.0043,0.1830,4.41,3.57,-1.26
3.900774,-0.0268,-1.0043,0.1801,5.46,4.69,0.56
3.901371,-0.0307,-1.0014,0.1762,4.41,4.06,-1.19
3.902344,-0.0288,-1.0009,0.1776,5.53,4.48,-0.14
3.902941,-0.0268,-1.0024,0.1815,4.97,3.57,-0.70
3.903538,-0.0278,-1.0014,0.1801,5.32,4.76,-0.42
3.904135,-0.0278,-0.9994,0.1791,5.11,3.64,-0.35
3.904732,-0.0283,-0.9994,0.1801,5.32,4.48,-0.84
3.905329,-0.0322,-1.0009,0.1806,5.11,3.92,0.00
3.905926,-0.0337,-0.9999,0.1810,5.18,4.27,-0.91
3.906523,-0.0307,-0.9989,0.1825,5.25,3.99,0.35
3.907120,-0.0327,-0.9999,0.1845,5.46,4.20,-1.61
3.907717,-0.0342,-0.9994,0.1830,4.97,4.48,0.07
3.908314,-0.0346,-1.0009,0.1815,5.32,4.13,-1.40
3.908911,-0.0366,-0.9989,0.1810,4.90,4.41,0.63
3.909508,-0.0351,-0.9960,0.1801,5.39,3.92,-1.47
3.910105,-0.0356,-0.9960,0.1806,4.76,4.20,0.70
3.910702,-0.0366,-0.9950,0.1815,5.74,4.27,-2.17
3.911299,-0.0371,-0.9950,0.1801,4.97,4.27,1.19
3.911896,-0.0405,-0.9965,0.1781,5.74,4.13,-2.38
3.912493,-0.0386,-0.9960,0.1801,4.97,4.62,1.05
3.913090,-0.0386,-0.9955,0.1801,5.18,4.48,-1.75
3.913090,-0.0425,-0.9960,0.1767,5.32,4.34,0.98
3.913683,-0.0434,-0.9965,0.1767,5.18,3.71,-2.10
3.914280,-0.0464,-0.9936,0.1752,5.95,4.48,0.70
3.914877,-0.0444,-0.9911,0.1747,4.69,4.13,-2.03
3.915474,-0.0400,-0.9950,0.1737,6.30,4.20,0.63
3.916071,-0.0405,-0.9975,0.1742,4.48,3.78,-2.31
3.916668,-0.0415,-0.9931,0.1757,6.37,4.41,1.05
3.917265,-0.0415,-0.9897,0.1737,4.48,3.99,-2.31
3.917862,-0.0395,-0.9902,0.1752,6.37,4.48,0.98
3.918459,-0.0415,-0.9906,0.1776,4.48,3.71,-2.66
3.919056,-0.0434,-0.9921,0.1718,6.09,4.55,1.12
3.919653,-0.0434,-0.9916,0.1757,4.76,3.85,-2.87
3.920250,-0.0454,-0.9892,0.1791,6.09,4.34,0.91
3.920847,-0.0429,-0.9902,0.1752,4.90,3.57,-2.59
3.921444,-0.0410,-0.9906,0.1747,5.46,4.34,0.98
3.922041,-0.0420,-0.9906,0.1752,5.18,3.85,-2.66
3.922638,-0.0434,-0.9902,0.1776,5.39,4.62,0.91
3.923235,-0.0459,-0.9902,0.1757,5.60,3.57,-3.01
3.923832,-0.0473,-0.9902,0.1835,5.32,4.34,0.70
3.924805,-0.0459,-0.9887,0.1771,5.18,3.99,0.42
3.925402,-0.0425,-0.9872,0.1757,5.60,3.50,-3.15
3.925999,-0.0439,-0.9872,0.1786,5.46,4.48,0.14
3.926596,-0.0459,-0.9887,0.1767,5.53,3.36,-2.80
3.927193,-0.0454,-0.9911,0.1762,5.53,4.48,0.00
3.927790,-0.0473,-0.9906,0.1781,5.46,3.22,-2.73
3.928387,-0.0483,-0.9877,0.1791,5.53,4.41,-0.35
3.928984,-0.0464,-0.9892,0.1767,5.25,3.08,-2.73
3.929581,-0.0454,-0.9853,0.1737,5.67,4.20,-0.35
3.930178,-0.0449,-0.9848,0.1747,5.25,3.29,-2.94
3.930775,-0.0459,-0.9926,0.1762,5.74,4.13,-0.21
3.931372,-0.0488,-0.9926,0.1786,5.04,3.29,-3.01
3.931969,-0.0517,-0.9897,0.1801,5.81,4.34,0.07
3.932566,-0.0503,-0.9887,0.1781,4.83,3.08,-2.45
3.933163,-0.0483,-0.9902,0.1767,6.09,4.20,-0.28
3.933760,-0.0488,-0.9892,0.1791,4.76,3.29,-2.52
3.934357,-0.0488,-0.9892,0.1825,6.09,3.78,-0.28
3.934954,-0.0464,-0.9902,0.1791,4.97,3.29,-2.73
3.935551,-0.0508,-0.9906,0.1786,5.04,3.29,-2.59
3.936524,-0.0512,-0.9892,0.1845,6.02,2.94,-0.07
3.937121,-0.0468,-0.9872,0.1864,5.11,3.78,-2.94
3.937718,-0.0459,-0.9877,0.1840,5.74,3.22,0.14
3.938315,-0.0454,-0.9902,0.1845,5.04,3.92,-2.45
3.938912,-0.0468,-0.9887,0.1874,5.67,2.73,-0.35
3.939509,-0.0503,-0.9867,0.1864,5.39,3.78,-2.66
3.940106,-0.0522,-0.9877,0.1859,5.67,3.08,-0.07
3.940703,-0.0512,-0.9867,0.1879,5.46,3.71,-2.17
3.941300,-0.0517,-0.9877,0.1874,5.81,2.59,-0.28
3.941897,-0.0512,-0.9867,0.1854,5.53,3.99,-1.96
3.942494,-0.0498,-0.9819,0.1864,5.67,2.66,-0.98
3.943091,-0.0517,-0.9843,0.1840,5.60,3.92,-1.05
3.943688,-0.0566,-0.9867,0.1771,5.39,2.80,-0.91
3.944285,-0.0532,-0.9872,0.1796,5.74,3.64,-0.98
3.944882,-0.0483,-0.9853,0.1840,5.11,2.80,-0.91
3.945479,-0.0498,-0.9814,0.1859,6.02,3.08,-0.56
3.946076,-0.0478,-0.9784,0.1864,5.11,3.08,-1.05
3.946673,-0.0498,-0.9794,0.1893,6.09,2.80,-0.56
3.947270,-0.0542,-0.9799,0.1913,4.97,3.29,-1.05
3.947270,-0.0547,-0.9770,0.1869,5.95,3.15,-0.21
3.947863,-0.0586,-0.9745,0.1884,4.83,3.22,-1.61
3.948460,-0.0566,-0.9765,0.1879,5.81,3.22,0.14
3.949057,-0.0517,-0.9789,0.1840,5.25,2.94,-1.54
3.949654,-0.0561,-0.9755,0.1840,5.81,3.15,0.42
3.950251,-0.0551,-0.9755,0.1845,4.97,3.15,-1.47
3.950848,-0.0547,-0.9731,0.1859,5.46,3.22,1.12
3.951445,-0.0566,-0.9701,0.1830,5.39,2.66,-1.89
3.952042,-0.0542,-0.9711,0.1859,5.53,3.50,1.54
3.952639,-0.0542,-0.9701,0.1869,5.53,2.52,-1.89
3.953236,-0.0551,-0.9716,0.1845,5.25,3.29,1.68
3.953833,-0.0551,-0.9736,0.1835,5.25,2.38,-2.10
3.954430,-0.0532,-0.9687,0.1840,5.32,3.22,1.89
3.955027,-0.0527,-0.9692,0.1854,5.11,2.87,-2.24
3.955624,-0.0542,-0.9740,0.1859,5.39,3.15,2.45
3.956221,-0.0537,-0.9750,0.1859,4.90,2.59,-2.45
3.956818,-0.0571,-0.9716,0.1850,5.60,2.87,1.96
3.957415,-0.0561,-0.9692,0.1850,4.90,2.59,-2.31
3.958012,-0.0532,-0.9687,0.1820,5.74,2.87,2.10
3.958012,-0.0576,-0.9701,0.1835,4.41,2.87,-2.17
3.958605,-0.0576,-0.9677,0.1810,5.53,3.08,2.66
3.959202,-0.0512,-0.9672,0.1840,4.62,2.80,-2.52
3.959799,-0.0532,-0.9711,0.1898,5.32,2.66,2.87
3.960396,-0.0547,-0.9701,0.1889,4.48,2.80,-2.45
3.960993,-0.0537,-0.9701,0.1845,5.67,2.73,2.87
3.961590,-0.0537,-0.9706,0.1830,4.55,2.94,-2.45
3.962187,-0.0517,-0.9711,0.1874,5.53,2.80,2.66
3.962784,-0.0542,-0.9711,0.1898,4.20,2.94,-2.24
3.963381,-0.0551,-0.9716,0.1864,5.88,2.66,2.87
3.963978,-0.0527,-0.9731,0.1864,4.27,2.94,-2.38
3.964575,-0.0576,-0.9701,0.1893,5.67,2.66,3.29
3.965172,-0.0610,-0.9658,0.1903,4.34,2.94,-2.52
3.965769,-0.0576,-0.9653,0.1918,5.32,2.59,3.36
3.966366,-0.0537,-0.9667,0.1884,4.13,3.29,-2.31
3.966963,-0.0522,-0.9682,0.1889,5.46,2.24,3.15
3.967560,-0.0542,-0.9692,0.1962,4.27,3.22,-2.38
3.968157,-0.0527,-0.9667,0.1913,5.53,2.59,2.52
3.968754,-0.0522,-0.9638,0.1879,3.85,2.73,-1.40
3.969727,-0.0556,-0.9667,0.1908,5.25,3.08,-15.68
3.970324,-0.0527,-0.9662,0.1898,5.25,2.94,1.82
3.970921,-0.0527,-0.9653,0.1918,3.85,2.66,-1.05
3.971518,-0.0561,-0.9653,0.1932,5.25,3.57,1.75
3.972115,-0.0542,-0.9638,0.1957,3.78,2.73,-0.49
3.972712,-0.0532,-0.9633,0.1923,5.39,3.43,1.19
3.973309,-0.0556,-0.9643,0.1928,3.57,2.66,0.28
3.973906,-0.0561,-0.9633,0.1942,5.32,3.43,0.70
3.974503,-0.0532,-0.9648,0.1918,3.85,2.66,0.56
3.975100,-0.0483,-0.9648,0.1942,4.90,3.50,0.49
3.975697,-0.0483,-0.9643,0.1967,3.99,2.73,0.56
3.976294,-0.0508,-0.9662,0.1991,4.27,3.71,0.07
3.976891,-0.0508,-0.9653,0.1981,4.48,2.80,0.49
3.977488,-0.0537,-0.9633,0.1952,3.92,3.57,-0.07
3.978085,-0.0561,-0.9643,0.1996,4.55,3.01,1.12
3.978682,-0.0508,-0.9643,0.1986,4.34,3.57,0.56
3.979279,-0.0508,-0.9604,0.2030,3.64,2.80,0.07
3.979876,-0.0468,-0.9618,0.2059,4.27,3.85,0.35
3.980473,-0.0468,-0.9643,0.2015,3.57,2.87,0.28
3.981446,-0.0503,-0.9643,0.2001,4.55,4.06,-0.07
3.982043,-0.0517,-0.9658,0.1981,3.71,2.80,-0.07
3.982640,-0.0498,-0.9638,0.1976,4.27,4.20,-0.35
3.983237,-0.0483,-0.9599,0.1957,3.50,2.59,0.28
3.983834,-0.0483,-0.9594,0.1972,4.13,4.41,-0.63
3.984431,-0.0483,-0.9609,0.1996,3.92,2.66,-0.14
3.985028,-0.0498,-0.9594,0.2015,3.71,4.76,-0.77
3.985625,-0.0503,-0.9614,0.2020,4.06,2.66,-0.49
3.986222,-0.0483,-0.9609,0.2011,3.22,4.69,-0.49
3.986819,-0.0473,-0.9599,0.2035,3.99,2.87,-0.63
3.987416,-0.0493,-0.9599,0.2059,3.36,4.83,-0.63
3.988013,-0.0498,-0.9584,0.2050,4.13,3.08,-0.63
3.988610,-0.0478,-0.9584,0.2020,3.50,4.41,-0.84
3.989207,-0.0464,-0.9575,0.2035,3.71,3.85,-1.05
3.989804,-0.0449,-0.9555,0.2084,3.71,4.13,-1.40
3.990401,-0.0512,-0.9521,0.2089,3.57,3.92,-2.24
3.990998,-0.0483,-0.9526,0.2084,3.36,4.83,-0.14
3.991595,-0.0488,-0.9526,0.2118,3.64,4.27,-2.66
3.992192,-0.0512,-0.9521,0.2118,3.08,4.83,-0.28
3.994141,-0.0508,-0.9521,0.2079,3.15,4.20,-2.66
3.994738,-0.0459,-0.9550,0.2103,2.87,4.83,0.28
3.995335,-0.0473,-0.9550,0.2157,3.08,4.55,-3.36
3.995932,-0.0503,-0.9545,0.2142,3.08,4.76,0.28
3.996529,-0.0493,-0.9555,0.2094,3.22,4.55,-3.29
3.997126,-0.0488,-0.9516,0.2059,3.08,4.90,0.28
3.997723,-0.0503,-0.9492,0.2050,2.87,4.76,-3.43
3.998320,-0.0493,-0.9511,0.2094,3.22,4.76,0.63
3.998917,-0.0478,-0.9511,0.2142,2.17,4.97,-3.71
3.999514,-0.0488,-0.9506,0.2113,3.50,4.97,0.49
4.000111,-0.0483,-0.9511,0.2084,2.45,5.39,-4.34
4.000708,-0.0473,-0.9545,0.2094,3.57,4.76,0.77
4.001305,-0.0488,-0.9565,0.2108,1.61,5.95,-4.27
4.001902,-0.0478,-0.9526,0.2084,3.71,4.83,0.98
4.002499,-0.0473,-0.9521,0.2094,1.68,5.95,-4.13
4.003096,-0.0488,-0.9526,0.2123,3.36,4.83,1.19
4.003693,-0.0449,-0.9526,0.2113,1.68,6.16,-4.41
4.004290,-0.0468,-0.9521,0.2137,3.57,5.32,1.12
4.004887,-0.0488,-0.9482,0.2157,1.47,5.53,-3.78
4.004887,-0.0454,-0.9506,0.2137,3.43,5.46,0.98
4.005480,-0.0473,-0.9516,0.2162,1.61,5.67,-3.36
4.006077,-0.0473,-0.9496,0.2176,3.15,5.67,0.49
4.006674,-0.0468,-0.9496,0.2167,1.61,6.16,-3.43
4.007271,-0.0512,-0.9496,0.2142,2.94,5.81,0.42
4.007868,-0.0527,-0.9492,0.2123,1.33,6.30,-2.94
4.008465,-0.0512,-0.9477,0.2172,2.87,5.67,0.28
4.009062,-0.0503,-0.9501,0.2186,1.75,6.58,-3.08
4.009659,-0.0517,-0.9506,0.2201,2.66,5.81,0.56
4.010256,-0.0527,-0.9448,0.2196,1.82,6.44,-2.66
4.010853,-0.0532,-0.9428,0.2196,2.17,6.09,0.14
4.011450,-0.0542,-0.9467,0.2196,1.89,6.30,-2.10
4.012047,-0.0498,-0.9472,0.2162,2.24,6.44,-0.28
4.012644,-0.0473,-0.9467,0.2211,1.89,6.72,-1.61
4.013241,-0.0522,-0.9482,0.2211,1.96,6.65,-0.07
4.013838,-0.0517,-0.9487,0.2191,1.82,6.65,-1.54
4.014435,-0.0464,-0.9501,0.2191,1.47,6.86,-0.28
4.015032,-0.0488,-0.9506,0.2191,2.31,6.79,-1.33
4.015629,-0.0512,-0.9487,0.2191,1.40,6.93,-0.49
4.015629,-0.0532,-0.9462,0.2181,1.96,7.14,-0.70
4.016222,-0.0527,-0.9457,0.2181,1.19,6.93,-0.70
4.016819,-0.0532,-0.9487,0.2206,2.24,7.14,-1.05
4.017416,-0.0581,-0.9482,0.2245,1.26,7.42,-0.49
4.018013,-0.0571,-0.9453,0.2216,2.24,7.00,-1.19
4.018610,-0.0561,-0.9438,0.2230,1.12,7.70,-0.35
4.019207,-0.0576,-0.9428,0.2269,1.96,7.28,-0.98
4.019804,-0.0595,-0.9428,0.2250,1.40,7.28,-0.21
4.020401,-0.0634,-0.9443,0.2220,1.75,7.56,-1.05
4.020998,-0.0639,-0.9448,0.2255,1.40,7.77,-0.14
4.021595,-0.0644,-0.9448,0.2259,1.47,7.49,-0.91
4.022192,-0.0654,-0.9477,0.2240,1.61,7.77,-0.35
4.022789,-0.0639,-0.9487,0.2264,1.33,7.63,-0.91
4.023386,-0.0644,-0.9467,0.2264,1.54,7.84,-0.14
4.023983,-0.0659,-0.9472,0.2245,0.98,8.33,-0.98
4.024580,-0.0664,-0.9462,0.2255,2.03,7.49,0.07
4.025177,-0.0659,-0.9438,0.2274,0.42,8.12,-0.70
4.025774,-0.0678,-0.9443,0.2250,2.10,7.84,-0.28
4.026371,-0.0708,-0.9453,0.2250,0.49,8.61,-0.28
4.027344,-0.0678,-0.9457,0.2240,2.31,7.84,-0.77
4.027941,-0.0688,-0.9453,0.2201,0.63,8.26,-0.70
4.028538,-0.0712,-0.9423,0.2206,2.17,8.26,-0.77
4.029135,-0.0722,-0.9379,0.2240,0.42,8.26,-0.14
4.029732,-0.0747,-0.9374,0.2255,1.89,8.05,-0.98
4.030329,-0.0742,-0.9389,0.2245,0.84,8.40,-0.14
4.030926,-0.0732,-0.9404,0.2245,1.40,8.54,-0.77
4.031523,-0.0727,-0.9414,0.2259,0.84,8.19,0.00
4.032120,-0.0742,-0.9404,0.2230,1.40,8.54,-1.05
4.032717,-0.0776,-0.9409,0.2225,1.19,8.40,0.14
4.033314,-0.0805,-0.9365,0.2259,0.84,8.61,-1.40
4.033911,-0.0810,-0.9350,0.2274,1.26,8.54,0.14
4.034508,-0.0800,-0.9389,0.2255,0.70,8.96,-1.54
4.035105,-0.0810,-0.9379,0.2245,1.96,8.33,0.21
4.035702,-0.0795,-0.9370,0.2245,0.42,9.17,-1.47
4.036299,-0.0781,-0.9370,0.2264,2.17,8.75,-0.07
4.036896,-0.0825,-0.9360,0.2264,-0.35,9.31,-1.19
4.037493,-0.0859,-0.9365,0.2250,2.52,8.26,-0.07
4.038090,-0.0825,-0.9350,0.2235,-0.28,9.24,-1.19
