time_s,ax_g,ay_g,az_g,gx_dps,gy_dps,gz_dps
0.0000,0.6110,0.6676,0.3289,-3.57,2.73,0.91
0.0017,0.6124,0.6720,0.3250,-3.64,3.01,1.47
0.0034,0.6090,0.6651,0.3265,-3.85,2.10,0.56
0.0051,0.6105,0.6647,0.3265,-3.71,2.94,1.40
0.0068,0.6110,0.6676,0.3270,-4.27,2.31,0.77
0.0085,0.6115,0.6700,0.3314,-4.34,3.36,1.89
0.0102,0.6124,0.6686,0.3343,-4.48,2.94,0.91
0.0119,0.6110,0.6686,0.3309,-3.99,2.52,1.61
0.0136,0.6129,0.6695,0.3299,-4.62,2.94,1.40
0.0153,0.6154,0.6690,0.3357,-4.48,2.80,1.96
0.0170,0.6168,0.6725,0.3357,-4.90,3.29,1.61
0.0187,0.6168,0.6744,0.3328,-4.69,3.01,1.96
0.0204,0.6159,0.6730,0.3304,-5.25,3.22,2.10
0.0221,0.6183,0.6754,0.3294,-4.83,2.87,1.82
0.0238,0.6188,0.6773,0.3299,-5.39,3.43,2.45
0.0255,0.6173,0.6749,0.3309,-5.25,2.87,1.82
0.0272,0.6144,0.6734,0.3299,-5.46,3.29,2.87
0.0288,0.6149,0.6705,0.3328,-5.60,3.22,1.89
0.0305,0.6207,0.6671,0.3357,-5.53,3.36,3.08
0.0322,0.6251,0.6676,0.3284,-5.67,3.15,2.38
0.0323,0.6271,0.6695,0.3240,-5.67,3.92,3.29
0.0323,0.6246,0.6749,0.3284,-6.23,2.80,2.17
0.0324,0.6232,0.6764,0.3304,-5.53,3.99,3.64
0.0324,0.6237,0.6744,0.3314,-6.51,3.22,2.66
0.0324,0.6261,0.6749,0.3343,-6.23,3.50,3.36
0.0325,0.6271,0.6744,0.3318,-6.58,3.22,3.08
0.0325,0.6256,0.6759,0.3323,-6.23,3.50,3.43
0.0325,0.6246,0.6788,0.3382,-6.65,3.01,3.08
0.0326,0.6246,0.6793,0.3367,-6.51,3.08,3.57
0.0326,0.6251,0.6778,0.3289,-6.93,3.15,3.64
0.0326,0.6217,0.6788,0.3333,-6.51,3.36,3.57
0.0327,0.6193,0.6808,0.3372,-7.35,3.22,3.64
0.0327,0.6202,0.6793,0.3343,-6.44,3.15,3.50
0.0328,0.6193,0.6808,0.3362,-7.35,3.15,3.78
0.0328,0.6227,0.6842,0.3328,-6.86,3.15,3.85
0.0328,0.6227,0.6861,0.3314,-7.35,3.29,4.06
0.0329,0.6188,0.6866,0.3309,-7.28,3.15,3.57
0.0329,0.6198,0.6832,0.3309,-7.21,3.57,4.06
0.0329,0.6198,0.6837,0.3343,-7.14,3.22,4.06
0.0330,0.6183,0.6876,0.3338,-7.21,3.50,4.06
0.0330,0.6222,0.6881,0.3299,-7.70,3.15,4.06
0.0330,0.6202,0.6871,0.3328,-7.70,3.15,4.41
0.0331,0.6202,0.6847,0.3353,-7.21,3.22,4.62
0.0331,0.6256,0.6817,0.3314,-8.19,2.80,4.20
0.0331,0.6232,0.6827,0.3309,-7.14,3.29,4.62
0.0331,0.6227,0.6866,0.3348,-8.05,2.80,4.34
0.0332,0.6237,0.6876,0.3338,-7.49,3.08,4.69
0.0332,0.6183,0.6837,0.3333,-7.91,3.01,4.27
0.0332,0.6202,0.6847,0.3323,-7.63,2.94,4.90
0.0332,0.6232,0.6881,0.3304,-7.98,2.73,4.48
0.0333,0.6232,0.6886,0.3333,-7.70,2.94,4.90
0.0333,0.6261,0.6886,0.3357,-7.98,2.87,4.48
0.0333,0.6251,0.6900,0.3338,-7.98,2.73,5.18
0.0333,0.6246,0.6876,0.3323,-8.12,2.73,4.76
0.0334,0.6256,0.6847,0.3377,-8.12,2.66,5.18
0.0334,0.6242,0.6891,0.3377,-7.84,2.94,5.04
0.0334,0.6246,0.6944,0.3338,-8.12,2.59,5.18
0.0334,0.6256,0.6930,0.3328,-7.91,3.01,5.25
0.0335,0.6251,0.6920,0.3333,-8.12,2.66,5.18
0.0335,0.6256,0.6930,0.3343,-7.91,2.31,5.04
0.0347,0.6242,0.6920,0.3338,-8.12,2.38,5.53
0.0358,0.6237,0.6925,0.3357,-8.12,2.87,5.39
0.0370,0.6276,0.6944,0.3348,-8.19,2.45,5.39
0.0382,0.6227,0.6969,0.3348,-7.91,2.31,5.04
0.0393,0.6237,0.6974,0.3396,-8.26,2.17,5.04
0.0405,0.6227,0.6978,0.3406,-8.12,2.24,5.60
0.0417,0.6207,0.6988,0.3367,-8.19,2.31,5.39
0.0429,0.6207,0.7003,0.3362,-7.84,2.52,5.53
0.0440,0.6246,0.7008,0.3343,-8.19,2.52,5.32
0.0452,0.6251,0.7003,0.3309,-8.33,2.24,5.32
0.0464,0.6256,0.6978,0.3338,-8.05,2.10,5.46
0.0475,0.6276,0.6949,0.3333,-8.12,2.52,5.67
0.0487,0.6232,0.6988,0.3323,-7.84,2.31,5.67
0.0499,0.6198,0.6978,0.3377,-8.33,2.10,5.46
0.0510,0.6222,0.6978,0.3406,-7.56,2.10,5.74
0.0522,0.6227,0.7017,0.3411,-8.68,2.17,5.39
0.0534,0.6222,0.6998,0.3357,-7.77,2.38,6.30
0.0546,0.6222,0.6988,0.3396,-8.82,1.82,4.97
0.0557,0.6222,0.6978,0.3426,-8.54,1.82,5.18
0.0569,0.6207,0.7003,0.3426,-7.70,2.24,6.02
0.0573,0.6256,0.6998,0.3392,-8.54,2.10,5.60
0.0577,0.6256,0.6993,0.3377,-7.49,2.24,6.09
0.0581,0.6227,0.6993,0.3416,-8.54,1.96,5.25
0.0586,0.6222,0.6998,0.3406,-7.49,2.03,6.16
0.0590,0.6207,0.6998,0.3362,-8.33,1.89,5.39
0.0594,0.6202,0.6978,0.3362,-7.98,1.82,6.02
0.0598,0.6217,0.7013,0.3377,-8.12,1.82,5.39
0.0602,0.6202,0.7022,0.3392,-8.19,1.61,5.95
0.0606,0.6202,0.7008,0.3357,-7.49,1.89,5.39
0.0611,0.6217,0.6983,0.3377,-8.40,1.68,5.74
0.0615,0.6198,0.6983,0.3367,-7.56,2.10,5.88
0.0619,0.6168,0.7017,0.3333,-8.33,2.03,5.88
0.0623,0.6183,0.7047,0.3338,-7.49,1.75,5.95
0.0627,0.6168,0.7017,0.3343,-8.33,1.40,5.81
0.0631,0.6168,0.7013,0.3353,-7.63,2.03,6.09
0.0636,0.6193,0.7056,0.3382,-8.12,1.47,5.53
0.0640,0.6202,0.7032,0.3387,-7.42,2.10,6.44
0.0644,0.6188,0.6998,0.3318,-7.84,1.89,5.53
0.0648,0.6202,0.6969,0.3309,-8.26,1.89,6.16
0.0652,0.6251,0.6988,0.3353,-7.77,1.47,5.60
0.0664,0.6237,0.7037,0.3353,-7.84,1.82,6.16
0.0676,0.6217,0.7003,0.3377,-8.12,1.82,5.95
0.0688,0.6237,0.6983,0.3367,-7.70,1.61,6.09
0.0700,0.6222,0.6998,0.3333,-7.98,1.82,5.88
0.0712,0.6198,0.6983,0.3343,-7.56,1.75,6.58
0.0724,0.6212,0.6974,0.3328,-7.98,1.68,5.46
0.0736,0.6256,0.6978,0.3314,-7.77,2.10,6.65
0.0748,0.6256,0.6964,0.3309,-7.91,1.89,5.60
0.0760,0.6217,0.6974,0.3309,-7.63,1.89,6.37
0.0772,0.6202,0.6964,0.3343,-8.12,1.89,5.88
0.0784,0.6188,0.6959,0.3333,-7.56,1.96,6.30
0.0797,0.6168,0.6949,0.3328,-7.98,2.03,6.30
0.0809,0.6207,0.6934,0.3357,-7.49,1.54,5.81
0.0821,0.6261,0.6964,0.3348,-8.19,2.24,6.65
0.0833,0.4997,0.6934,0.3294,-7.77,1.54,6.09
0.0845,0.6178,0.6930,0.3382,-8.05,1.82,6.23
0.0857,0.6188,0.6915,0.3382,-7.63,1.89,6.58
0.0869,0.6163,0.6930,0.3353,-7.91,1.82,5.67
0.0881,0.6134,0.6915,0.3353,-8.12,1.96,6.93
0.0893,0.6144,0.6886,0.3343,-7.91,1.75,5.53
0.0893,0.6163,0.6891,0.3333,-7.84,2.10,6.79
0.0893,0.6163,0.6886,0.3328,-8.12,1.68,5.60
0.0894,0.6144,0.6866,0.3318,-7.70,2.59,7.21
0.0894,0.6154,0.6856,0.3362,-8.12,1.82,5.32
0.0894,0.6178,0.6881,0.3348,-8.05,2.38,6.93
0.0895,0.6173,0.6886,0.3323,-8.40,1.82,5.53
0.0895,0.6139,0.6856,0.3338,-7.77,2.10,6.79
0.0895,0.6159,0.6861,0.3343,-7.98,1.75,5.60
0.0896,0.6198,0.6861,0.3372,-7.98,2.03,6.79
0.0896,0.6217,0.6866,0.3367,-8.33,2.31,6.09
0.0896,0.6202,0.6856,0.3357,-7.98,1.75,6.51
0.0896,0.6183,0.6856,0.3304,-8.40,2.31,6.51
0.0897,0.6222,0.6852,0.3284,-8.05,2.03,6.23
0.0897,0.6227,0.6842,0.3357,-8.61,1.96,6.30
0.0897,0.6183,0.6871,0.3357,-8.05,1.54,6.16
0.0898,0.6198,0.6886,0.3333,-8.68,2.24,7.14
0.0898,0.6237,0.6905,0.3318,-8.47,1.96,6.02
0.0898,0.6237,0.6910,0.3333,-8.19,2.66,7.42
0.0899,0.6198,0.6856,0.3328,-8.75,2.10,5.88
0.0899,0.6173,0.6842,0.3304,-8.12,2.66,7.70
0.0904,0.6212,0.6842,0.3328,-8.96,1.82,5.67
0.0908,0.6217,0.6861,0.3323,-8.26,2.66,8.05
0.0913,0.6202,0.6886,0.3284,-9.24,1.96,6.09
0.0917,0.6242,0.6861,0.3284,-8.19,2.52,7.91
0.0922,0.6232,0.6876,0.3323,-9.24,2.31,6.09
0.0926,0.6222,0.6891,0.3309,-8.05,2.31,7.70
0.0931,0.6227,0.6856,0.3309,-9.52,2.59,6.30
0.0935,0.6232,0.6861,0.3299,-8.40,2.17,7.49
0.0940,0.6271,0.6871,0.3299,-9.24,2.59,6.79
0.0945,0.6242,0.6812,0.3338,-8.61,2.17,7.21
0.0949,0.6207,0.6798,0.3323,-8.89,2.59,7.07
0.0954,0.6202,0.6822,0.3333,-9.10,2.38,7.49
0.0958,0.6193,0.6837,0.3343,-9.10,2.59,7.14
0.0963,0.6217,0.6847,0.3338,-9.38,2.10,7.07
0.0967,0.6202,0.6837,0.3318,-9.03,3.08,7.98
0.0972,0.6183,0.6798,0.3289,-9.31,2.03,6.72
0.0976,0.6193,0.6808,0.3314,-8.96,3.36,8.19
0.0981,0.6202,0.6832,0.3333,-9.94,2.52,6.72
0.0986,0.6217,0.6812,0.3309,-8.68,2.80,8.40
0.0990,0.6193,0.6798,0.3309,-10.01,2.94,6.72
0.0996,0.6202,0.6793,0.3338,-8.96,2.94,8.47
0.1001,0.6232,0.6788,0.3309,-10.01,2.73,6.72
0.1007,0.6188,0.6793,0.3294,-9.10,2.66,8.12
0.1013,0.6183,0.6822,0.3309,-9.94,2.66,7.14
0.1018,0.6193,0.6817,0.3309,-9.59,2.66,8.12
0.1024,0.6173,0.6778,0.3314,-10.22,3.15,7.14
0.1030,0.6173,0.6764,0.3318,-9.52,2.66,7.91
0.1035,0.6159,0.6769,0.3333,-10.15,3.29,7.49
0.1041,0.6173,0.6788,0.3338,-9.80,2.87,7.91
0.1046,0.6212,0.6778,0.3328,-10.08,3.08,7.49
0.1052,0.6188,0.6778,0.3338,-10.01,3.08,7.98
0.1058,0.6178,0.6808,0.3333,-10.15,3.22,7.77
0.1063,0.6183,0.6788,0.3318,-9.80,3.22,7.21
0.1069,0.6183,0.6749,0.3299,-10.29,3.15,8.33
0.1075,0.6168,0.6725,0.3299,-10.50,3.08,7.00
0.1080,0.6129,0.6725,0.3333,-10.15,3.57,8.54
0.1086,0.6139,0.6773,0.3323,-10.50,2.94,6.72
0.1092,0.6202,0.6769,0.3309,-10.43,3.43,8.61
0.1097,0.6188,0.6744,0.3314,-10.78,3.08,6.93
0.1103,0.6154,0.6773,0.3357,-10.36,3.36,8.68
0.1114,0.6154,0.6822,0.3338,-10.92,3.36,7.00
0.1125,0.6115,0.6837,0.3309,-10.15,3.29,8.47
0.1137,0.6105,0.6827,0.3353,-11.41,3.71,7.35
0.1148,0.6139,0.6832,0.3357,-10.36,2.94,8.40
0.1159,0.6168,0.6832,0.3357,-11.34,3.92,7.42
0.1171,0.6124,0.6837,0.3377,-10.78,3.22,8.05
0.1182,0.6056,0.6808,0.3377,-11.27,3.92,7.77
0.1193,0.6076,0.6798,0.3357,-10.78,3.43,7.84
0.1205,0.6095,0.6837,0.3343,-11.27,3.99,8.12
0.1216,0.6115,0.6812,0.3323,-11.27,3.22,7.42
0.1227,0.6100,0.6783,0.3299,-11.55,3.22,7.49
0.1239,0.6134,0.6769,0.3314,-11.20,4.48,8.89
0.1250,0.6154,0.6739,0.3343,-11.69,3.43,7.42
0.1261,0.6159,0.6725,0.3333,-11.34,4.41,8.96
0.1273,0.6115,0.6749,0.3338,-11.90,3.43,7.42
0.1284,0.6115,0.6759,0.3314,-11.27,4.34,9.03
0.1295,0.6139,0.6744,0.3309,-12.11,3.71,7.14
0.1307,0.6144,0.6730,0.3348,-11.55,4.27,9.38
0.1318,0.6149,0.6739,0.3362,-12.32,3.92,7.42
0.1329,0.6139,0.6773,0.3328,-11.48,4.48,9.10
0.1330,0.6120,0.6783,0.3328,-12.53,4.27,7.70
0.1330,0.6105,0.6764,0.3357,-11.76,3.85,8.89
0.1330,0.6110,0.6754,0.3338,-12.25,4.55,8.33
0.1330,0.6115,0.6754,0.3343,-11.76,4.13,8.68
0.1331,0.6115,0.6764,0.3357,-12.46,4.69,8.47
0.1331,0.6110,0.6769,0.3343,-12.53,4.06,8.47
0.1331,0.6120,0.6744,0.3314,-12.39,4.97,8.96
0.1332,0.6129,0.6749,0.3318,-12.39,4.20,8.33
0.1332,0.6095,0.6754,0.3328,-12.53,5.04,8.82
0.1332,0.6085,0.6725,0.3274,-12.53,4.34,8.26
0.1333,0.6076,0.6764,0.3279,-12.88,4.76,8.47
0.1333,0.6080,0.6734,0.3318,-12.25,4.69,9.31
0.1333,0.6105,0.6671,0.3338,-12.95,5.04,8.12
0.1333,0.6129,0.6690,0.3338,-13.02,5.39,9.80
0.1334,0.6120,0.6759,0.3357,-13.16,5.04,8.19
0.1334,0.6120,0.6773,0.3362,-12.74,4.97,9.73
0.1334,0.6154,0.6739,0.3343,-13.65,5.04,8.12
0.1335,0.6144,0.6710,0.3299,-12.95,5.11,9.80
0.1335,0.6095,0.6715,0.3333,-13.58,4.90,8.19
0.1335,0.6085,0.6710,0.3357,-13.23,5.18,9.59
0.1340,0.6100,0.6681,0.3294,-13.65,5.39,8.75
0.1345,0.6120,0.6681,0.3318,-13.30,4.83,9.59
0.1351,0.6144,0.6686,0.3372,-13.79,5.46,9.10
0.1356,0.6159,0.6690,0.3328,-13.65,5.04,9.45
0.1361,0.6134,0.6690,0.3309,-13.93,5.67,9.87
0.1366,0.6159,0.6710,0.3338,-13.37,4.97,9.38
0.1371,0.6188,0.6720,0.3353,-13.86,5.53,9.80
0.1376,0.6178,0.6710,0.3377,-13.79,4.97,9.17
0.1381,0.6212,0.6730,0.3382,-14.14,5.32,9.87
0.1387,0.6217,0.6710,0.3406,-13.79,5.39,9.10
0.1392,0.6242,0.6695,0.3392,-14.21,5.46,9.03
0.1397,0.6217,0.6656,0.3396,-14.00,5.67,10.57
0.1402,0.6222,0.6656,0.3377,-14.35,5.60,9.17
0.1407,0.6232,0.6681,0.3333,-14.21,5.39,10.22
0.1412,0.6217,0.6676,0.3333,-14.77,5.53,9.80
0.1417,0.6222,0.6676,0.3309,-14.35,5.25,10.15
0.1422,0.6193,0.6705,0.3270,-15.19,5.53,9.73
0.1428,0.6193,0.6715,0.3309,-14.21,5.25,10.43
0.1433,0.6212,0.6686,0.3348,-14.91,5.60,10.01
0.1438,0.6227,0.6676,0.3343,-14.77,5.32,10.29
0.1445,0.6237,0.6710,0.3357,-14.98,5.32,9.94
0.1452,0.6242,0.6739,0.3343,-14.84,5.39,10.22
0.1458,0.6266,0.6720,0.3309,-15.05,5.60,10.50
0.1465,0.6246,0.6705,0.3323,-14.91,5.11,10.01
0.1472,0.6217,0.6715,0.3318,-15.26,5.67,10.85
0.1479,0.6251,0.6710,0.3333,-15.33,5.39,10.22
0.1486,0.6271,0.6715,0.3343,-15.05,5.25,10.71
0.1493,0.6266,0.6705,0.3299,-15.68,5.46,10.22
0.1500,0.6242,0.6656,0.3299,-15.33,5.11,10.85
0.1506,0.6222,0.6690,0.3318,-16.03,5.81,10.29
0.1513,0.6256,0.6730,0.3362,-14.91,5.32,10.78
0.1520,0.6276,0.6759,0.3377,-15.82,5.46,10.36
0.1527,0.6266,0.6778,0.3372,-15.19,5.39,11.06
0.1534,0.6285,0.6734,0.3382,-16.10,5.18,10.50
0.1541,0.6290,0.6734,0.3348,-15.33,5.39,11.20
0.1548,0.6276,0.6739,0.3328,-16.03,5.18,10.29
0.1554,0.6300,0.6739,0.3309,-15.68,5.81,11.41
0.1561,0.6324,0.6798,0.3323,-15.82,4.97,10.64
0.1568,0.6305,0.6822,0.3367,-15.75,5.18,11.41
0.1575,0.6300,0.6803,0.3392,-16.10,5.18,10.92
0.1580,0.6324,0.6793,0.3392,-15.61,5.53,11.27
0.1585,0.6295,0.6798,0.3357,-15.96,4.90,10.64
0.1589,0.6256,0.6842,0.3348,-15.82,5.18,11.41
0.1594,0.6285,0.6871,0.3333,-16.45,5.11,10.71
0.1599,0.6344,0.6871,0.3348,-15.96,5.25,11.34
0.1604,0.6349,0.6876,0.3343,-16.17,4.90,10.71
0.1609,0.6349,0.6871,0.3299,-15.96,5.04,11.27
0.1614,0.6368,0.6827,0.3304,-16.59,5.11,10.92
0.1618,0.6364,0.6832,0.3357,-15.89,4.76,11.20
0.1623,0.6388,0.6856,0.3387,-16.59,4.83,11.13
0.1628,0.6368,0.6817,0.3367,-16.03,4.83,11.27
0.1633,0.6320,0.6808,0.3338,-16.31,4.83,11.34
0.1638,0.6364,0.6827,0.3348,-16.45,4.76,10.92
0.1643,0.6403,0.6856,0.3357,-16.38,4.69,11.55
0.1647,0.6437,0.6847,0.3353,-16.59,4.41,10.64
0.1652,0.6437,0.6798,0.3377,-16.17,4.69,11.34
0.1657,0.6407,0.6788,0.3372,-16.87,4.27,10.43
0.1662,0.6417,0.6788,0.3328,-16.38,4.97,11.48
0.1667,0.6383,0.6769,0.3362,-16.87,3.92,10.22
0.1671,0.6398,0.6754,0.3372,-16.45,4.55,11.83
0.1682,0.6446,0.6783,0.3367,-17.22,3.92,10.22
0.1692,0.6437,0.6822,0.3382,-16.59,3.85,11.55
0.1702,0.6451,0.6822,0.3387,-16.94,4.13,10.43
0.1712,0.6471,0.6812,0.3416,-17.01,3.92,11.13
0.1723,0.6471,0.6788,0.3416,-16.94,4.06,10.29
0.1733,0.6466,0.6812,0.3431,-17.08,3.85,11.34
0.1743,0.6495,0.6817,0.3401,-16.87,4.34,10.43
0.1753,0.6495,0.6778,0.3377,-16.94,3.29,10.57
0.1763,0.6466,0.6803,0.3387,-17.15,4.27,11.13
0.1774,0.6461,0.6817,0.3382,-17.29,2.66,10.08
0.1784,0.6442,0.6822,0.3367,-17.29,3.85,10.78
0.1794,0.6417,0.6861,0.3377,-17.64,2.73,10.36
0.1804,0.6432,0.6837,0.3416,-17.08,3.36,10.78
0.1815,0.6471,0.6817,0.3421,-17.43,2.87,9.73
0.1825,0.6442,0.6817,0.3436,-17.43,2.94,10.85
0.1835,0.6427,0.6803,0.3440,-17.71,2.94,9.80
0.1845,0.6461,0.6798,0.3392,-17.71,3.15,10.64
0.1856,0.6451,0.6822,0.3411,-17.71,2.73,10.08
0.1866,0.6451,0.6837,0.3470,-17.64,2.52,10.57
0.1876,0.6476,0.6827,0.3440,-17.78,2.80,9.73
0.1877,0.6481,0.6817,0.3401,-17.64,2.17,10.57
0.1879,0.6510,0.6812,0.3416,-17.99,2.38,9.52
0.1880,0.6495,0.6808,0.3440,-17.64,2.24,10.50
0.1881,0.6427,0.6798,0.3440,-18.13,2.38,9.80
0.1883,0.6466,0.6783,0.3450,-18.27,2.38,10.08
0.1884,0.6481,0.6783,0.3465,-17.85,2.03,10.29
0.1886,0.6466,0.6812,0.3470,-18.20,1.82,9.87
0.1887,0.6461,0.6803,0.3475,-18.06,1.82,10.29
0.1888,0.6456,0.6788,0.3431,-18.34,1.82,9.80
0.1890,0.6446,0.6827,0.3421,-18.41,1.47,10.29
0.1891,0.6451,0.6832,0.3465,-18.27,1.40,10.08
0.1892,0.6442,0.6812,0.3499,-18.69,1.82,10.22
0.1894,0.6432,0.6803,0.3484,-18.27,1.68,10.43
0.1895,0.6456,0.6788,0.3440,-18.83,1.33,9.94
0.1896,0.6451,0.6798,0.3431,-18.34,1.33,10.71
0.1898,0.6417,0.6837,0.3445,-18.83,1.19,9.87
0.1899,0.6417,0.6832,0.3494,-18.48,1.33,10.92
0.1901,0.6403,0.6793,0.3504,-18.97,1.12,10.22
0.1902,0.6403,0.6778,0.3484,-18.41,0.98,10.71
0.1903,0.6407,0.6808,0.3494,-18.90,1.19,10.29
0.1914,0.6422,0.6808,0.3489,-18.97,0.70,10.92
0.1925,0.6403,0.6773,0.3484,-18.69,0.98,10.50
0.1936,0.6373,0.6803,0.3523,-18.90,0.84,10.85
0.1947,0.6359,0.6817,0.3562,-19.25,0.56,10.99
0.1958,0.6364,0.6788,0.3548,-18.76,0.91,10.71
0.1969,0.6383,0.6749,0.3528,-19.04,0.77,11.20
0.1979,0.6412,0.6769,0.3504,-18.97,0.84,11.06
0.1990,0.6398,0.6812,0.3533,-19.25,0.63,11.06
0.2001,0.6364,0.6808,0.3533,-18.76,0.77,11.76
0.2012,0.6359,0.6778,0.3489,-19.32,0.63,11.27
0.2023,0.6359,0.6773,0.3533,-18.76,0.49,12.11
0.2034,0.6373,0.6778,0.3577,-19.53,0.63,11.20
0.2045,0.6393,0.6769,0.3538,-18.97,0.42,12.46
0.2056,0.6388,0.6759,0.3528,-19.46,0.35,11.41
0.2066,0.6378,0.6764,0.3572,-19.04,0.14,12.46
0.2077,0.6407,0.6734,0.3587,-19.25,0.49,11.27
0.2088,0.6403,0.6715,0.3528,-19.53,0.07,13.02
0.2099,0.6403,0.6734,0.3518,-19.46,0.42,11.69
0.2110,0.6417,0.6705,0.3543,-19.53,0.28,12.95
0.2121,0.6442,0.6681,0.3572,-19.60,0.14,11.83
0.2127,0.6446,0.6739,0.3577,-19.67,0.42,12.74
0.2133,0.6486,0.6715,0.3572,-19.67,0.14,12.60
0.2139,0.6476,0.6671,0.3582,-20.09,0.35,13.23
0.2146,0.6446,0.6681,0.3572,-19.95,0.07,12.74
0.2152,0.6466,0.6671,0.3572,-20.30,0.00,13.16
0.2158,0.6451,0.6666,0.3562,-20.09,0.28,13.09
0.2164,0.6432,0.6647,0.3562,-20.44,-0.07,13.16
0.2170,0.6417,0.6647,0.3582,-20.16,-0.28,13.02
0.2176,0.6442,0.6651,0.3509,-20.72,-0.35,13.65
0.2183,0.6490,0.6651,0.3509,-20.44,0.00,13.23
0.2189,0.6461,0.6661,0.3621,-20.65,-0.35,13.51
0.2195,0.6427,0.6686,0.3626,-20.72,0.28,13.65
0.2201,0.6427,0.6690,0.3567,-20.44,-0.49,13.79
0.2207,0.6486,0.6661,0.3553,-21.00,0.00,13.72
0.2213,0.6481,0.6666,0.3592,-21.00,-0.49,14.28
0.2220,0.6446,0.6666,0.3597,-21.42,-0.14,13.58
0.2226,0.6456,0.6666,0.3577,-20.86,-0.63,14.28
0.2232,0.6427,0.6676,0.3577,-21.84,0.00,13.51
0.2238,0.6427,0.6705,0.3572,-20.93,-0.14,14.70
0.2244,0.6471,0.6715,0.3626,-21.77,-0.49,13.44
0.2249,0.6432,0.6715,0.3631,-21.14,-0.14,14.84
0.2254,0.6403,0.6690,0.3626,-21.70,0.21,15.19
0.2259,0.6407,0.6690,0.3645,-22.12,-0.63,14.28
0.2264,0.6432,0.6734,0.3665,-21.91,-0.07,14.91
0.2269,0.6437,0.6690,0.3660,-22.12,-0.63,14.14
0.2274,0.6388,0.6627,0.3631,-22.05,0.07,15.12
0.2279,0.6398,0.6651,0.3631,-22.40,-0.98,14.49
0.2284,0.6442,0.6686,0.3621,-22.12,-0.35,15.26
0.2289,0.6461,0.6661,0.3606,-22.26,-0.77,14.84
0.2294,0.6451,0.6666,0.3645,-22.61,-0.07,14.98
0.2299,0.6466,0.6661,0.3699,-22.89,-0.77,15.33
0.2304,0.6515,0.6651,0.3689,-22.75,-0.63,14.84
0.2309,0.6510,0.6651,0.3694,-22.68,-0.42,15.54
0.2314,0.6544,0.6632,0.3728,-22.89,-0.70,15.19
0.2319,0.6564,0.6647,0.3709,-22.89,-0.42,15.89
0.2324,0.6534,0.6656,0.3704,-23.31,-0.84,14.77
0.2329,0.6564,0.6656,0.3704,-23.10,-0.49,16.17
0.2334,0.6559,0.6622,0.3670,-23.45,-0.98,14.63
0.2339,0.6520,0.6608,0.3694,-23.38,-0.49,16.73
0.2344,0.6554,0.6612,0.3680,-23.31,-0.28,16.03
0.2350,0.6564,0.6666,0.3704,-23.73,-0.91,15.54
0.2355,0.6593,0.6647,0.3709,-23.87,-0.84,16.03
0.2360,0.6578,0.6647,0.3670,-23.87,-0.35,15.82
0.2366,0.6559,0.6671,0.3684,-23.94,-1.26,15.68
0.2371,0.6549,0.6632,0.3714,-24.57,-0.07,16.59
0.2377,0.6549,0.6603,0.3684,-24.22,-1.54,15.47
0.2382,0.6603,0.6612,0.3680,-24.36,-0.49,17.08
0.2387,0.6603,0.6627,0.3694,-24.36,-1.12,15.33
0.2393,0.6598,0.6637,0.3719,-24.36,-0.28,17.01
0.2398,0.6603,0.6647,0.3733,-25.27,-1.19,15.47
0.2404,0.6568,0.6651,0.3733,-24.43,-0.77,17.01
0.2409,0.6603,0.6627,0.3767,-25.41,-0.98,15.75
0.2414,0.6608,0.6612,0.3787,-24.71,-0.91,17.15
0.2420,0.6617,0.6637,0.3748,-25.83,-0.91,15.75
0.2425,0.6661,0.6642,0.3758,-24.78,-1.40,17.08
0.2431,0.6622,0.6637,0.3782,-26.11,-1.12,15.61
0.2436,0.6642,0.6627,0.3787,-25.06,-1.40,17.36
0.2441,0.6671,0.6588,0.3787,-26.46,-0.84,16.10
0.2447,0.6603,0.6539,0.3816,-25.55,-1.19,17.01
0.2452,0.6622,0.6568,0.3845,-26.18,-0.84,16.52
0.2459,0.6632,0.6593,0.3797,-25.97,-1.47,16.94
0.2465,0.6612,0.6622,0.3743,-26.04,-0.49,16.94
0.2472,0.6617,0.6622,0.3743,-26.39,-1.19,17.08
0.2478,0.6612,0.6583,0.3767,-26.11,-0.49,17.08
0.2485,0.6612,0.6539,0.3758,-26.81,-1.12,16.87
0.2491,0.6603,0.6505,0.3782,-26.39,-1.26,17.64
0.2498,0.6588,0.6529,0.3802,-27.16,-1.54,16.94
0.2504,0.6603,0.6578,0.3806,-26.60,-0.98,17.85
0.2511,0.6651,0.6583,0.3826,-27.37,-0.98,17.08
0.2517,0.6656,0.6559,0.3782,-27.02,-0.98,17.99
0.2524,0.6695,0.6588,0.3787,-27.16,-1.47,16.94
0.2530,0.6695,0.6598,0.3850,-27.16,-1.40,17.85
0.2537,0.6651,0.6564,0.3850,-27.72,-0.91,17.36
0.2543,0.6632,0.6559,0.3797,-27.65,-1.12,18.27
0.2549,0.6637,0.6593,0.3797,-27.37,-1.26,17.15
0.2556,0.6661,0.6603,0.3811,-27.72,-1.33,18.62
0.2562,0.6647,0.6583,0.3806,-28.35,-1.19,17.57
0.2569,0.6642,0.6583,0.3787,-27.79,-1.05,18.55
0.2575,0.6642,0.6554,0.3816,-28.21,-1.54,17.71
0.2582,0.6632,0.6525,0.3855,-28.14,-1.19,18.62
0.2587,0.6632,0.6534,0.3841,-28.70,-1.33,18.20
0.2592,0.6666,0.6559,0.3826,-28.28,-1.75,18.55
0.2597,0.6690,0.6554,0.3811,-28.49,-1.33,18.41
0.2602,0.6690,0.6568,0.3836,-28.56,-1.68,18.20
0.2606,0.6695,0.6588,0.3855,-28.84,-0.98,19.04
0.2611,0.6651,0.6564,0.3845,-28.63,-1.54,18.06
0.2616,0.6622,0.6549,0.3845,-28.70,-1.33,19.18
0.2621,0.6661,0.6525,0.3821,-29.05,-1.47,18.48
0.2626,0.6671,0.6529,0.3841,-29.12,-1.54,19.53
0.2631,0.6647,0.6573,0.3865,-29.54,-1.61,18.20
0.2636,0.6637,0.6578,0.3860,-29.26,-1.12,19.81
0.2641,0.6627,0.6583,0.3865,-29.75,-1.61,17.92
0.2646,0.6608,0.6583,0.3889,-29.40,-1.19,19.67
0.2651,0.6617,0.6568,0.3860,-29.54,-1.19,19.88
0.2656,0.6598,0.6573,0.3821,-29.61,-1.61,18.41
0.2661,0.6598,0.6608,0.3826,-29.61,-1.26,19.81
0.2665,0.6647,0.6608,0.3889,-30.24,-1.54,18.69
0.2670,0.6593,0.6603,0.3909,-29.68,-0.98,19.67
0.2675,0.6564,0.6622,0.3884,-30.80,-1.68,18.76
0.2680,0.6603,0.6632,0.3880,-29.61,-1.61,19.46
0.2690,0.6608,0.6603,0.3880,-30.80,-1.47,19.32
0.2701,0.6612,0.6612,0.3860,-30.38,-1.75,19.46
0.2711,0.6622,0.6632,0.3880,-30.31,-1.47,19.39
0.2721,0.6622,0.6603,0.3967,-30.59,-1.19,19.60
0.2731,0.6651,0.6583,0.3982,-30.59,-1.54,19.60
0.2742,0.6651,0.6588,0.3919,-31.08,-1.33,19.53
0.2752,0.6637,0.6603,0.3899,-30.80,-1.33,19.74
0.2762,0.6671,0.6617,0.3948,-31.29,-1.54,19.04
0.2772,0.6656,0.6612,0.3963,-30.66,-1.61,19.60
0.2783,0.6622,0.6588,0.3948,-31.08,-1.12,19.18
0.2793,0.6608,0.6568,0.3928,-31.29,-1.47,19.81
0.2803,0.6622,0.6564,0.3894,-31.29,-1.47,19.04
0.2813,0.6661,0.6564,0.3909,-31.50,-0.91,19.46
0.2824,0.6676,0.6573,0.3928,-31.50,-1.68,19.25
0.2834,0.6661,0.6539,0.3928,-31.64,-1.26,19.46
0.2844,0.6642,0.6544,0.3884,-31.78,-1.82,19.32
0.2854,0.6622,0.6505,0.3870,-31.92,-1.26,19.25
0.2865,0.6622,0.6490,0.3914,-31.85,-1.82,19.32
0.2875,0.6637,0.6529,0.3909,-31.71,-0.98,19.25
0.2885,0.6608,0.6544,0.3894,-31.99,-1.82,19.25
0.2886,0.6612,0.6529,0.3914,-31.99,-1.05,19.18
0.2886,0.6656,0.6495,0.3909,-31.92,-2.03,19.18
0.2887,0.6651,0.6495,0.3894,-32.27,-1.12,19.53
0.2888,0.6647,0.6520,0.3928,-32.27,-1.54,18.76
0.2889,0.6617,0.6500,0.3967,-32.41,-1.33,19.60
0.2889,0.6617,0.6490,0.3958,-32.27,-1.75,18.55
0.2890,0.6666,0.6520,0.3972,-32.69,-1.19,19.25
0.2891,0.6676,0.6525,0.3958,-32.34,-1.96,18.62
0.2891,0.6632,0.6529,0.3933,-33.04,-1.40,19.46
0.2892,0.6608,0.6539,0.3972,-32.55,-2.03,18.20
0.2893,0.6642,0.6534,0.3987,-32.90,-1.61,19.18
0.2893,0.6642,0.6529,0.3992,-32.90,-1.40,18.69
0.2894,0.6651,0.6520,0.3982,-32.62,-2.03,18.90
0.2895,0.6647,0.6525,0.3977,-33.04,-1.33,18.69
0.2896,0.6632,0.6549,0.3997,-32.69,-1.96,18.76
0.2896,0.6632,0.6568,0.3972,-33.25,-1.40,18.69
0.2897,0.6608,0.6554,0.3938,-32.62,-1.82,18.48
0.2898,0.6617,0.6539,0.3963,-32.97,-1.47,18.83
0.2898,0.6627,0.6539,0.3997,-33.04,-2.17,18.41
0.2899,0.6661,0.6529,0.4006,-33.11,-0.91,18.97
0.2905,0.6676,0.6534,0.3992,-32.90,-1.96,18.34
0.2911,0.6647,0.6515,0.3972,-32.90,-1.54,19.04
0.2918,0.6608,0.6520,0.4021,-33.25,-1.82,18.48
0.2924,0.6656,0.6490,0.4065,-32.90,-1.75,19.18
0.2930,0.6700,0.6456,0.4026,-33.25,-1.75,18.20
0.2936,0.6676,0.6510,0.4026,-33.04,-1.47,18.97
0.2942,0.6676,0.6564,0.4016,-33.39,-2.31,18.06
0.2949,0.6686,0.6544,0.3958,-32.83,-1.47,19.04
0.2955,0.6695,0.6525,0.3948,-33.32,-2.17,17.92
0.2961,0.6686,0.6534,0.4011,-33.11,-1.96,18.62
0.2967,0.6695,0.6539,0.4026,-33.46,-1.82,18.55
0.2973,0.6700,0.6534,0.4002,-33.18,-1.68,18.62
0.2980,0.6690,0.6534,0.3987,-33.11,-1.82,18.90
0.2986,0.6725,0.6534,0.4006,-33.18,-2.24,18.48
0.2992,0.6720,0.6529,0.4016,-33.11,-2.10,18.97
0.2998,0.6725,0.6481,0.3987,-33.11,-2.31,18.48
0.3004,0.6778,0.6476,0.4016,-33.25,-1.82,18.90
0.3011,0.6764,0.6525,0.4055,-33.04,-2.24,18.48
0.3017,0.6754,0.6505,0.4041,-32.97,-1.82,19.18
0.3023,0.6778,0.6505,0.4041,-33.04,-2.24,18.62
0.3028,0.6769,0.6505,0.4080,-32.90,-2.38,18.90
0.3033,0.6754,0.6481,0.4089,-33.39,-2.10,18.83
0.3038,0.6754,0.6461,0.4041,-32.69,-2.38,18.83
0.3043,0.6788,0.6451,0.4002,-33.53,-2.52,18.90
0.3048,0.6827,0.6500,0.4026,-32.55,-2.31,18.69
0.3053,0.6817,0.6505,0.4050,-33.18,-2.66,18.90
0.3058,0.6827,0.6495,0.4036,-32.83,-2.31,19.18
0.3063,0.6837,0.6520,0.4026,-32.90,-2.87,18.76
0.3068,0.6808,0.6534,0.4021,-32.76,-2.59,19.04
0.3073,0.6803,0.6578,0.4041,-32.62,-2.94,18.90
0.3078,0.6827,0.6539,0.4036,-32.62,-2.59,19.46
0.3083,0.6847,0.6520,0.4041,-33.18,-2.66,19.11
0.3088,0.6817,0.6539,0.4070,-32.55,-2.59,19.53
0.3093,0.6808,0.6525,0.4070,-32.62,-3.01,19.32
0.3098,0.6837,0.6520,0.4065,-32.55,-2.80,19.60
0.3103,0.6861,0.6539,0.4060,-32.55,-3.01,19.25
0.3108,0.6861,0.6529,0.4060,-32.34,-3.01,19.95
0.3113,0.6871,0.6544,0.4060,-32.48,-3.08,19.25
0.3118,0.6861,0.6573,0.4104,-32.20,-3.01,20.09
0.3123,0.6852,0.6559,0.4089,-32.20,-3.29,19.60
0.3135,0.6861,0.6578,0.4089,-32.20,-2.94,19.74
0.3147,0.6871,0.6603,0.4143,-31.99,-3.15,19.67
0.3159,0.6895,0.6608,0.4163,-32.13,-3.22,20.09
0.3171,0.6910,0.6588,0.4148,-32.27,-3.08,19.88
0.3183,0.6886,0.6544,0.4109,-31.78,-3.29,19.95
0.3195,0.6871,0.6534,0.4070,-32.06,-3.50,20.02
0.3207,0.6856,0.6559,0.4094,-31.64,-3.71,20.02
0.3219,0.6856,0.6534,0.4119,-31.57,-3.08,20.02
0.3230,0.6876,0.6564,0.4133,-31.50,-4.06,20.51
0.3242,0.6900,0.6598,0.4143,-31.43,-3.36,19.95
0.3254,0.6915,0.6578,0.4138,-31.36,-3.92,20.72
0.3266,0.6934,0.6583,0.4119,-31.36,-3.57,20.02
0.3278,0.6915,0.6539,0.4133,-31.29,-3.78,20.79
0.3290,0.6905,0.6486,0.4172,-31.08,-3.43,20.44
0.3302,0.6925,0.6544,0.4177,-30.87,-4.20,20.65
0.3314,0.6910,0.6554,0.4168,-30.73,-3.85,20.09
0.3326,0.6886,0.6525,0.4158,-30.87,-4.27,20.93
0.3338,0.6900,0.6559,0.4163,-30.80,-3.50,20.44
0.3350,0.6954,0.6588,0.4168,-30.59,-4.27,20.51
0.3362,0.6988,0.6559,0.4168,-30.80,-3.85,20.51
0.3362,0.6954,0.6529,0.4172,-30.45,-4.20,20.51
0.3362,0.6934,0.6544,0.4202,-30.59,-3.92,20.44
0.3363,0.6939,0.6534,0.4207,-30.52,-4.34,20.65
0.3363,0.6949,0.6476,0.4221,-30.52,-3.99,20.37
0.3363,0.6988,0.6437,0.4197,-30.31,-4.48,20.23
0.3364,0.7008,0.6451,0.4128,-30.38,-4.41,20.30
0.3364,0.7037,0.6451,0.4124,-30.31,-4.34,20.30
0.3364,0.7042,0.6432,0.4168,-30.31,-4.27,20.65
0.3364,0.6998,0.6422,0.4197,-30.24,-4.13,19.95
0.3365,0.6983,0.6422,0.4192,-30.10,-4.83,20.44
0.3365,0.7013,0.6388,0.4216,-30.10,-4.27,19.67
0.3365,0.7071,0.6368,0.4236,-30.24,-4.69,20.51
0.3366,0.7091,0.6393,0.4231,-29.96,-4.20,19.53
0.3366,0.7081,0.6398,0.4231,-30.03,-4.90,20.23
0.3366,0.7096,0.6368,0.4231,-29.96,-4.20,19.53
0.3367,0.7115,0.6359,0.4202,-29.68,-5.11,20.02
0.3367,0.7130,0.6359,0.4177,-29.96,-4.55,19.32
0.3367,0.7178,0.6305,0.4202,-29.40,-4.76,19.74
0.3368,0.7203,0.6281,0.4207,-30.31,-4.90,19.32
0.3368,0.7178,0.6320,0.4207,-29.33,-4.76,19.88
0.3373,0.7203,0.6305,0.4202,-30.24,-5.04,19.04
0.3378,0.7222,0.6276,0.4211,-29.26,-5.32,19.11
0.3383,0.7169,0.6334,0.4221,-29.89,-4.90,19.46
0.3387,0.7125,0.6383,0.4255,-29.40,-5.18,18.90
0.3392,0.7154,0.6349,0.4299,-29.40,-5.25,18.97
0.3397,0.7159,0.6281,0.4202,-29.75,-5.18,19.11
0.3402,0.7227,0.6295,0.4202,-29.26,-5.11,18.90
0.3407,0.7183,0.6305,0.4211,-29.12,-5.32,18.90
0.3412,0.7154,0.6266,0.4207,-29.40,-5.25,18.62
0.3417,0.7183,0.6246,0.4221,-29.26,-5.60,18.41
0.3422,0.7247,0.6266,0.4231,-29.54,-5.25,18.83
0.3426,0.7232,0.6310,0.4197,-28.98,-5.67,18.27
0.3431,0.7188,0.6324,0.4211,-29.26,-5.32,18.41
0.3436,0.7193,0.6295,0.4236,-28.77,-5.39,18.62
0.3441,0.7174,0.6256,0.4265,-29.05,-5.46,18.27
0.3446,0.7188,0.6256,0.4285,-29.05,-5.32,18.83
0.3451,0.7213,0.6295,0.4275,-28.98,-5.81,17.64
0.3456,0.7183,0.6295,0.4280,-28.77,-4.97,18.90
0.3461,0.7193,0.6276,0.4260,-28.77,-5.67,17.85
0.3465,0.7193,0.6281,0.4241,-28.56,-5.11,18.62
0.3477,0.7135,0.6315,0.4231,-28.98,-5.53,18.06
0.3488,0.7135,0.6290,0.4197,-28.56,-5.04,18.55
0.3500,0.7178,0.6281,0.4207,-28.42,-5.25,18.34
0.3511,0.7154,0.6281,0.4241,-28.14,-5.39,18.27
0.3523,0.7144,0.6285,0.4236,-28.28,-5.25,18.41
0.3534,0.7174,0.6290,0.4246,-27.79,-5.25,18.20
0.3546,0.7139,0.6261,0.4255,-28.21,-4.76,18.55
0.3558,0.7086,0.6242,0.4246,-28.14,-4.76,18.55
0.3569,0.7081,0.6266,0.4250,-28.14,-5.18,17.92
0.3581,0.7091,0.6256,0.4250,-27.93,-4.90,18.97
0.3592,0.7110,0.6251,0.4255,-27.72,-5.18,18.20
0.3604,0.7100,0.6222,0.4236,-27.93,-4.62,19.18
0.3615,0.7110,0.6163,0.4216,-27.58,-4.76,17.99
0.3627,0.7135,0.6198,0.4250,-27.65,-4.41,19.32
0.3638,0.7091,0.6212,0.4285,-27.79,-4.76,18.06
0.3650,0.7100,0.6183,0.4270,-27.65,-4.41,19.32
0.3661,0.7135,0.6163,0.4255,-27.65,-4.48,18.34
0.3673,0.7135,0.6154,0.4255,-27.30,-4.48,19.04
0.3684,0.7130,0.6120,0.4265,-27.51,-4.76,18.76
0.3696,0.7139,0.6115,0.4255,-27.16,-4.27,18.90
0.3706,0.7139,0.6085,0.4246,-27.16,-4.90,18.69
0.3716,0.7144,0.6149,0.4236,-27.09,-3.64,19.39
0.3726,0.7149,0.6149,0.4197,-27.44,-4.48,18.69
0.3736,0.7154,0.6085,0.4236,-27.02,-3.36,19.67
0.3746,0.7130,0.6066,0.4275,-26.95,-4.13,18.83
0.3756,0.7139,0.6095,0.4275,-27.02,-3.08,19.88
0.3766,0.7144,0.6095,0.4294,-27.09,-3.99,18.90
0.3776,0.7149,0.6076,0.4299,-27.02,-3.15,19.74
0.3786,0.7193,0.6120,0.4250,-26.95,-3.92,19.18
0.3796,0.7164,0.6144,0.4260,-26.67,-2.87,19.88
0.3806,0.7120,0.6134,0.4299,-26.67,-3.43,19.32
0.3816,0.7100,0.6139,0.4280,-26.74,-2.59,19.88
0.3826,0.7115,0.6159,0.4275,-26.67,-3.50,19.39
0.3836,0.7135,0.6163,0.4255,-26.53,-2.73,19.74
0.3846,0.7125,0.6139,0.4211,-26.74,-3.01,19.53
0.3856,0.7120,0.6134,0.4226,-26.11,-3.01,19.60
0.3866,0.7125,0.6144,0.4246,-26.67,-2.59,19.60
0.3876,0.7149,0.6129,0.4250,-26.32,-2.59,19.88
0.3886,0.7149,0.6129,0.4265,-26.46,-2.66,19.53
0.3896,0.7144,0.6129,0.4304,-26.11,-2.80,19.88
0.3897,0.7149,0.6134,0.4304,-26.18,-2.03,19.81
0.3898,0.7154,0.6115,0.4290,-26.11,-2.52,19.81
0.3899,0.7178,0.6105,0.4309,-26.04,-1.96,19.74
0.3900,0.7159,0.6120,0.4290,-26.18,-2.17,19.95
0.3901,0.7125,0.6149,0.4231,-25.55,-1.75,19.67
0.3902,0.7159,0.6154,0.4255,-26.11,-2.10,19.88
0.3903,0.7183,0.6139,0.4290,-25.69,-1.68,19.74
0.3904,0.7213,0.6144,0.4250,-26.11,-2.17,19.53
0.3905,0.7218,0.6090,0.4255,-25.48,-1.19,19.81
0.3906,0.7183,0.6090,0.4265,-25.83,-1.75,19.32
0.3907,0.7198,0.6144,0.4255,-25.48,-1.26,19.95
0.3908,0.7208,0.6115,0.4285,-25.90,-1.47,19.46
0.3909,0.7178,0.6085,0.4294,-25.27,-1.26,19.53
0.3910,0.7183,0.6080,0.4285,-25.90,-1.26,19.11
0.3910,0.7218,0.6080,0.4290,-25.48,-0.91,19.32
0.3911,0.7261,0.6085,0.4304,-25.76,-1.40,18.97
0.3912,0.7266,0.6090,0.4290,-25.13,-0.63,19.25
0.3913,0.7227,0.6090,0.4260,-25.48,-1.40,18.69
0.3914,0.7257,0.6076,0.4314,-24.92,-0.77,18.76
0.3915,0.7266,0.6056,0.4294,-24.85,-0.21,18.34
0.3927,0.7261,0.6027,0.4270,-25.76,-0.28,18.76
0.3939,0.7252,0.6061,0.4270,-24.92,-0.35,17.99
0.3951,0.7232,0.6076,0.4299,-25.20,-0.42,18.55
0.3963,0.7227,0.6066,0.4338,-25.06,0.14,18.13
0.3975,0.7261,0.6041,0.4309,-25.06,-0.49,17.92
0.3987,0.7276,0.6037,0.4299,-25.06,0.07,17.57
0.3999,0.7237,0.6066,0.4294,-24.99,-0.28,18.13
0.4011,0.7193,0.6071,0.4275,-24.99,0.21,17.29
0.4023,0.7237,0.6027,0.4280,-24.78,0.21,17.50
0.4035,0.7261,0.6007,0.4275,-24.92,0.56,17.29
0.4047,0.7208,0.6041,0.4299,-24.92,-0.07,16.80
0.4059,0.7174,0.6037,0.4319,-24.85,0.70,17.15
0.4071,0.7174,0.6032,0.4314,-24.85,0.42,16.52
0.4083,0.7188,0.6051,0.4319,-24.43,0.84,16.80
0.4095,0.7222,0.6071,0.4299,-24.99,0.70,16.31
0.4107,0.7242,0.6066,0.4299,-24.15,1.19,16.45
0.4119,0.7247,0.6076,0.4324,-24.85,0.70,15.89
0.4131,0.7257,0.6076,0.4319,-24.50,1.19,15.89
0.4143,0.7218,0.6051,0.4314,-24.29,0.70,15.54
0.4155,0.7227,0.6041,0.4314,-24.08,1.26,15.75
0.4160,0.7227,0.6041,0.4299,-24.36,0.63,15.05
0.4165,0.7178,0.6046,0.4319,-24.15,1.33,15.47
0.4170,0.7193,0.6076,0.4329,-24.43,1.47,14.56
0.4175,0.7203,0.6100,0.4304,-23.87,1.61,15.12
0.4180,0.7193,0.6037,0.4319,-24.43,1.75,14.42
0.4185,0.7159,0.6027,0.4299,-24.01,1.82,14.84
0.4190,0.7183,0.6061,0.4275,-24.29,1.75,13.86
0.4195,0.7213,0.6002,0.4285,-23.66,1.96,14.28
0.4200,0.7178,0.5988,0.4285,-23.94,1.96,13.65
0.4205,0.7154,0.5988,0.4290,-23.66,2.31,14.14
0.4210,0.7159,0.6012,0.4299,-23.73,2.38,13.37
0.4215,0.7218,0.6022,0.4299,-23.66,2.38,13.44
0.4220,0.7218,0.5988,0.4294,-23.52,2.38,13.44
0.4225,0.7178,0.6012,0.4299,-23.45,2.31,13.02
0.4230,0.7193,0.6007,0.4319,-23.17,2.94,13.58
0.4235,0.7213,0.5983,0.4329,-23.52,2.38,12.46
0.4239,0.7208,0.6012,0.4299,-23.10,2.66,13.23
0.4244,0.7193,0.5993,0.4285,-23.10,2.59,12.39
0.4249,0.7198,0.6002,0.4260,-22.75,3.15,13.23
0.4254,0.7232,0.6046,0.4270,-23.17,3.01,12.18
0.4255,0.7232,0.6027,0.4270,-22.19,3.15,13.16
0.4255,0.7222,0.6027,0.4255,-22.89,3.15,11.69
0.4256,0.7227,0.6017,0.4265,-22.12,3.29,12.74
0.4256,0.7208,0.5993,0.4294,-22.54,3.22,11.69
0.4257,0.7174,0.6022,0.4309,-21.98,3.57,12.46
0.4257,0.7198,0.6061,0.4304,-22.61,3.50,11.55
0.4258,0.7208,0.6041,0.4309,-22.12,3.50,12.25
0.4258,0.7183,0.6037,0.4314,-21.98,3.78,11.69
0.4258,0.7203,0.6007,0.4319,-21.84,3.85,12.11
0.4259,0.7198,0.5993,0.4338,-21.49,3.64,11.06
0.4259,0.7154,0.6041,0.4353,-21.42,3.92,11.97
0.4260,0.7178,0.6066,0.4333,-21.35,3.92,11.34
0.4260,0.7222,0.6085,0.4314,-21.28,4.48,11.55
0.4261,0.7208,0.6061,0.4314,-21.21,3.29,10.99
0.4261,0.7193,0.5988,0.4338,-21.00,4.69,11.41
0.4262,0.7198,0.5993,0.4343,-20.51,4.83,11.20
0.4262,0.7188,0.5998,0.4353,-20.51,4.34,11.13
0.4263,0.7183,0.5978,0.4333,-20.65,4.41,10.78
0.4263,0.7188,0.5988,0.4329,-20.23,4.97,11.20
0.4263,0.7218,0.5983,0.4363,-20.30,4.69,10.85
0.4269,0.7232,0.5939,0.4358,-19.74,5.25,11.06
0.4274,0.7242,0.5949,0.4353,-20.02,4.27,10.64
0.4279,0.7271,0.5949,0.4377,-20.09,5.46,11.20
0.4285,0.7271,0.5949,0.4358,-19.60,4.62,10.71
0.4290,0.7266,0.5939,0.4338,-19.95,5.32,10.92
0.4295,0.7266,0.5934,0.4343,-19.18,4.90,10.29
0.4301,0.7281,0.5973,0.4353,-19.60,5.32,10.71
0.4306,0.7281,0.5963,0.4324,-19.04,5.04,10.36
0.4311,0.7261,0.5929,0.4324,-19.18,5.60,10.99
0.4317,0.7252,0.5944,0.4348,-19.11,5.32,10.36
0.4322,0.7227,0.5944,0.4329,-18.90,5.46,10.71
0.4327,0.7237,0.5895,0.4333,-18.83,5.25,9.94
0.4333,0.7257,0.5856,0.4348,-18.48,5.46,10.22
0.4338,0.7237,0.5851,0.4333,-18.76,5.32,9.94
0.4343,0.7257,0.5880,0.4309,-18.20,5.67,10.57
0.4349,0.7310,0.5880,0.4333,-18.62,5.53,9.94
0.4354,0.7305,0.5851,0.4353,-17.78,5.53,10.15
0.4359,0.7325,0.5836,0.4324,-18.34,6.37,10.22
0.4365,0.7330,0.5832,0.4314,-17.43,5.32,9.80
0.4370,0.7320,0.5807,0.4314,-17.71,6.16,10.08
0.4376,0.7340,0.5778,0.4333,-17.36,5.32,9.80
0.4381,0.7330,0.5773,0.4304,-17.43,6.30,9.87
0.4387,0.7320,0.5807,0.4275,-17.64,5.53,9.66
0.4392,0.7310,0.5812,0.4285,-17.22,6.23,9.59
0.4398,0.7330,0.5793,0.4294,-17.29,5.46,9.59
0.4403,0.7374,0.5783,0.4324,-17.08,6.30,9.59
0.4409,0.7398,0.5783,0.4329,-16.94,5.74,9.10
0.4414,0.7383,0.5768,0.4314,-16.31,5.46,9.24
0.4420,0.7354,0.5788,0.4343,-16.73,6.09,9.24
0.4425,0.7354,0.5812,0.4338,-16.38,5.88,9.10
0.4431,0.7354,0.5802,0.4275,-16.38,6.16,9.10
0.4436,0.7379,0.5793,0.4250,-16.10,5.67,9.10
0.4442,0.7393,0.5783,0.4275,-16.45,6.23,8.75
0.4447,0.7364,0.5768,0.4304,-15.96,5.74,9.24
0.4453,0.7379,0.5749,0.4285,-16.31,6.37,8.75
0.4458,0.7369,0.5744,0.4294,-16.03,5.74,8.96
0.4464,0.7315,0.5754,0.4304,-15.61,6.30,8.61
0.4469,0.7340,0.5749,0.4290,-15.82,5.60,8.54
0.4475,0.7374,0.5749,0.4304,-15.47,6.44,8.75
0.4480,0.7369,0.5754,0.4304,-15.61,5.60,8.12
0.4486,0.7374,0.5719,0.4333,-15.19,6.44,8.82
0.4491,0.7374,0.5690,0.4363,-15.54,5.32,7.70
0.4497,0.7379,0.5705,0.4319,-14.91,6.58,8.68
0.4503,0.7374,0.5690,0.4294,-15.54,6.16,7.49
0.4508,0.7359,0.5685,0.4319,-14.56,5.81,8.68
0.4514,0.7379,0.5705,0.4329,-15.26,6.16,7.07
0.4519,0.7374,0.5680,0.4333,-14.56,6.16,8.54
0.4525,0.7374,0.5710,0.4294,-14.77,6.37,7.28
0.4530,0.7379,0.5719,0.4324,-14.49,5.95,8.12
0.4536,0.7408,0.5714,0.4314,-14.56,5.81,7.98
0.4541,0.7437,0.5729,0.4299,-14.42,5.95,6.86
0.4547,0.7422,0.5710,0.4304,-14.00,6.30,8.12
0.4553,0.7408,0.5685,0.4290,-14.49,5.88,7.07
0.4558,0.7398,0.5695,0.4275,-13.86,5.95,7.77
0.4564,0.7364,0.5690,0.4304,-14.28,6.02,6.79
0.4569,0.7388,0.5671,0.4314,-13.65,5.81,7.56
0.4575,0.7413,0.5651,0.4294,-13.86,5.88,7.00
0.4580,0.7437,0.5656,0.4290,-13.65,5.88,7.07
0.4586,0.7457,0.5685,0.4294,-13.72,6.16,7.21
0.4591,0.7437,0.5661,0.4280,-13.51,5.95,6.72
0.4607,0.7408,0.5592,0.4290,-13.51,5.88,7.14
0.4623,0.7408,0.5597,0.4265,-13.37,5.81,6.37
0.4638,0.7437,0.5627,0.4246,-13.23,6.16,7.49
0.4654,0.7447,0.5597,0.4294,-13.58,5.60,6.09
0.4669,0.7437,0.5539,0.4270,-12.95,5.95,7.49
0.4685,0.7418,0.5529,0.4246,-13.02,5.81,6.02
0.4700,0.7437,0.5578,0.4270,-12.74,5.53,7.00
0.4716,0.7403,0.5588,0.4299,-12.88,5.32,5.67
0.4732,0.7418,0.5588,0.4250,-13.02,5.53,6.58
0.4747,0.7432,0.5534,0.4231,-12.53,5.67,6.65
0.4763,0.7403,0.5519,0.4211,-12.88,5.67,6.30
0.4778,0.7408,0.5539,0.4226,-12.39,5.67,6.65
0.4794,0.7427,0.5485,0.4260,-13.02,5.81,6.02
0.4810,0.7432,0.5431,0.4285,-12.04,5.32,6.44
0.4825,0.7422,0.5456,0.4231,-12.95,5.88,6.58
0.4841,0.7393,0.5470,0.4231,-12.18,5.53,6.09
0.4856,0.7442,0.5451,0.4241,-12.67,5.95,6.09
0.4872,0.7437,0.5417,0.4202,-12.18,5.39,6.23
0.4888,0.7383,0.5397,0.4221,-12.39,5.53,5.88
0.4903,0.7383,0.5383,0.4299,-12.25,5.46,6.02
0.4904,0.7413,0.5383,0.4338,-12.39,5.81,6.23
0.4904,0.7418,0.5402,0.4265,-12.25,5.32,6.02
0.4904,0.7403,0.5392,0.4241,-11.97,5.46,6.23
0.4905,0.7413,0.5378,0.4304,-12.11,5.39,5.81
0.4905,0.7422,0.5378,0.4324,-11.83,5.60,6.09
0.4906,0.7403,0.5378,0.4285,-12.46,5.39,5.81
0.4906,0.7422,0.5290,0.4299,-11.90,5.32,6.02
0.4906,0.7447,0.5280,0.4309,-12.18,5.53,6.02
0.4907,0.7447,0.5334,0.4304,-12.25,5.25,5.81
0.4907,0.7403,0.5305,0.4265,-11.69,5.46,5.81
0.4908,0.7369,0.5285,0.4280,-12.04,5.32,5.81
0.4908,0.7359,0.5280,0.4348,-11.97,5.81,6.30
0.4908,0.7374,0.5285,0.4314,-11.90,5.18,5.81
0.4909,0.7374,0.5290,0.4290,-11.97,5.67,6.65
0.4909,0.7325,0.5285,0.4304,-11.83,5.11,5.53
0.4910,0.7340,0.5270,0.4319,-11.83,5.95,6.65
0.4910,0.7330,0.5275,0.4319,-11.97,5.25,5.67
0.4910,0.7330,0.5251,0.4280,-12.25,5.60,6.44
0.4911,0.7379,0.5251,0.4221,-11.69,5.25,5.67
0.4911,0.7364,0.5251,0.4246,-11.97,5.60,6.37
0.4912,0.7320,0.5226,0.4309,-11.83,5.74,6.16
0.4913,0.7344,0.5256,0.4309,-12.11,5.25,6.23
0.4913,0.7364,0.5222,0.4280,-11.76,5.67,6.30
0.4914,0.7325,0.5183,0.4250,-11.83,5.46,6.37
0.4915,0.7305,0.5207,0.4275,-11.97,5.81,6.37
0.4916,0.7300,0.5217,0.4294,-11.62,5.32,6.02
0.4916,0.7310,0.5231,0.4241,-12.18,5.74,6.79
0.4917,0.7325,0.5226,0.4294,-11.97,5.81,6.65
0.4918,0.7320,0.5197,0.4294,-11.90,4.83,6.30
0.4918,0.7340,0.5183,0.4241,-11.69,6.30,6.86
0.4919,0.7330,0.5187,0.4226,-12.04,4.69,6.02
0.4920,0.7281,0.5202,0.4236,-11.69,6.37,7.56
0.4920,0.7310,0.5202,0.4241,-11.97,5.04,6.30
0.4921,0.7305,0.5187,0.4246,-11.55,6.02,7.42
0.4922,0.7266,0.5192,0.4246,-11.97,5.32,6.51
0.4923,0.7286,0.5222,0.4250,-11.48,6.37,7.84
0.4923,0.7247,0.5231,0.4265,-12.11,5.46,6.79
0.4924,0.7222,0.5168,0.4270,-11.48,6.02,7.77
0.4925,0.7261,0.5163,0.4221,-11.90,5.60,7.42
0.4925,0.7261,0.5192,0.4211,-11.48,5.95,7.42
0.4943,0.7218,0.5173,0.4211,-12.11,5.81,7.42
0.4960,0.7208,0.5148,0.4211,-11.76,5.88,7.28
0.4977,0.7222,0.5129,0.4207,-11.97,5.74,7.56
0.4994,0.7208,0.5124,0.4226,-11.76,6.37,8.19
0.5011,0.7261,0.5104,0.4216,-11.83,5.81,7.28
0.5028,0.7232,0.5090,0.4197,-11.62,6.23,8.40
0.5045,0.7227,0.5124,0.4202,-12.11,5.88,7.49
0.5062,0.7208,0.5090,0.4192,-11.76,6.16,8.47
0.5079,0.7242,0.5070,0.4207,-12.18,6.16,7.77
0.5096,0.7286,0.5129,0.4231,-11.62,6.23,8.82
0.5113,0.7252,0.5148,0.4246,-12.18,6.23,7.77
0.5130,0.7266,0.5148,0.4241,-11.55,6.09,8.54
0.5147,0.7271,0.5134,0.4255,-12.25,6.30,8.19
0.5164,0.7252,0.5080,0.4260,-11.83,5.95,8.61
0.5182,0.7266,0.5104,0.4226,-12.39,6.51,8.68
0.5199,0.7300,0.5114,0.4216,-11.69,6.09,8.61
0.5216,0.7300,0.5085,0.4202,-12.32,6.44,8.75
0.5233,0.7281,0.5095,0.4197,-11.76,6.16,8.68
0.5250,0.7242,0.5124,0.4202,-11.97,6.37,8.96
0.5267,0.7198,0.5144,0.4192,-12.04,6.23,8.68
0.5267,0.7276,0.5119,0.4197,-12.11,6.02,8.68
0.5268,0.7252,0.5114,0.4221,-11.97,5.81,8.75
0.5268,0.7252,0.5090,0.4236,-12.39,6.65,8.75
0.5269,0.7237,0.5100,0.4202,-11.97,6.58,9.45
0.5269,0.7232,0.5124,0.4207,-12.18,6.30,8.54
0.5270,0.7222,0.5124,0.4231,-12.04,6.58,9.10
0.5270,0.7232,0.5124,0.4221,-12.32,6.23,8.54
0.5271,0.7222,0.5134,0.4231,-11.97,6.72,9.52
0.5271,0.7222,0.5119,0.4236,-12.32,5.95,8.47
0.5271,0.7237,0.5095,0.4226,-11.76,6.51,9.45
0.5272,0.7213,0.5109,0.4192,-12.25,6.16,8.68
0.5272,0.7193,0.5119,0.4182,-12.25,6.65,9.52
0.5273,0.7208,0.5085,0.4207,-12.25,6.02,8.89
0.5273,0.7261,0.5075,0.4187,-12.04,6.72,9.52
0.5274,0.7252,0.5100,0.4143,-12.18,6.65,8.96
0.5274,0.7242,0.5085,0.4177,-12.32,6.37,9.24
0.5275,0.7257,0.5056,0.4216,-12.04,6.65,9.17
0.5275,0.7247,0.5046,0.4192,-12.04,6.30,9.31
0.5276,0.7252,0.5036,0.4168,-12.39,6.51,9.31
0.5276,0.7247,0.5036,0.4172,-12.04,6.09,9.03
0.5277,0.7261,0.5061,0.4168,-12.67,6.58,9.38
0.5278,0.7276,0.5051,0.4168,-12.18,6.09,9.17
0.5279,0.7266,0.5026,0.4153,-12.11,6.79,9.80
0.5280,0.7271,0.5022,0.4153,-12.39,6.37,8.68
0.5280,0.7266,0.5012,0.4163,-12.18,6.86,9.94
0.5281,0.7252,0.5007,0.4148,-12.67,6.02,8.96
0.5282,0.7222,0.5012,0.4138,-12.25,7.28,10.01
0.5283,0.7218,0.5017,0.4143,-12.60,5.95,8.75
0.5284,0.7271,0.5022,0.4153,-12.04,6.86,9.80
0.5285,0.7300,0.5046,0.4158,-12.81,6.09,9.24
0.5286,0.7291,0.5065,0.4153,-12.32,6.86,9.80
0.5287,0.7310,0.5046,0.4153,-12.53,6.16,9.17
0.5288,0.7300,0.4978,0.4153,-12.18,6.37,9.38
0.5289,0.7291,0.4987,0.4128,-12.81,6.23,9.38
0.5289,0.7286,0.5031,0.4143,-12.25,6.16,9.17
0.5290,0.7276,0.5022,0.4158,-12.46,6.16,9.24
0.5291,0.7296,0.5017,0.4163,-12.46,6.30,9.38
0.5292,0.7291,0.5017,0.4163,-12.46,6.09,9.38
0.5293,0.7281,0.5012,0.4119,-12.46,6.44,9.52
0.5294,0.7281,0.4987,0.4133,-12.32,6.02,9.31
0.5304,0.7300,0.4978,0.4089,-12.46,6.23,9.66
0.5314,0.7310,0.4958,0.4109,-12.67,6.09,9.80
0.5324,0.7325,0.4934,0.4177,-12.32,6.37,9.17
0.5334,0.7310,0.4958,0.4172,-12.81,5.81,8.75
0.5344,0.7315,0.4953,0.4148,-12.04,6.23,9.66
0.5354,0.7310,0.4953,0.4177,-12.46,6.02,8.82
0.5364,0.7320,0.4958,0.4177,-12.32,5.81,9.52
0.5374,0.7335,0.4948,0.4138,-12.67,5.88,9.31
0.5385,0.7310,0.4973,0.4143,-12.18,5.67,9.03
0.5395,0.7310,0.4973,0.4138,-12.74,5.88,9.52
0.5405,0.7320,0.4953,0.4153,-12.25,5.67,8.82
0.5415,0.7315,0.4939,0.4163,-12.74,5.81,9.52
0.5425,0.7296,0.4948,0.4124,-12.11,5.39,9.03
0.5435,0.7320,0.4992,0.4124,-12.74,5.95,9.45
0.5445,0.7344,0.4982,0.4138,-12.46,5.25,8.82
0.5455,0.7310,0.4958,0.4133,-12.25,5.88,9.59
0.5465,0.7305,0.4978,0.4109,-12.11,5.60,9.73
0.5475,0.7310,0.5026,0.4124,-12.67,5.53,8.54
0.5485,0.7296,0.5007,0.4133,-12.32,5.39,9.45
0.5495,0.7296,0.5002,0.4109,-12.81,5.46,8.75
0.5500,0.7344,0.4997,0.4114,-11.90,5.04,9.66
0.5506,0.7340,0.4992,0.4124,-12.32,5.25,8.82
0.5511,0.7315,0.5002,0.4133,-12.04,5.46,9.38
0.5516,0.7315,0.5026,0.4177,-12.60,5.46,9.03
0.5522,0.7320,0.5065,0.4177,-11.97,5.04,9.31
0.5527,0.7291,0.5070,0.4138,-12.04,5.18,8.89
0.5532,0.7276,0.5061,0.4153,-12.11,4.97,9.24
0.5537,0.7291,0.5065,0.4177,-11.97,4.97,9.10
0.5543,0.7261,0.5065,0.4163,-11.97,4.97,8.89
0.5548,0.7257,0.5056,0.4158,-11.90,4.90,9.45
0.5553,0.7281,0.5056,0.4128,-11.97,4.76,9.17
0.5559,0.7247,0.5085,0.4148,-11.62,4.90,9.38
0.5564,0.7252,0.5104,0.4168,-11.69,4.76,9.10
0.5569,0.7261,0.5075,0.4168,-11.69,4.90,9.52
0.5574,0.7237,0.5041,0.4182,-11.34,4.55,8.89
0.5580,0.7237,0.5080,0.4192,-11.76,4.34,9.31
0.5585,0.7242,0.5104,0.4172,-11.20,4.62,9.45
0.5590,0.7218,0.5070,0.4133,-11.34,4.20,9.10
0.5596,0.7222,0.5056,0.4119,-11.27,4.55,9.38
0.5601,0.7218,0.5051,0.4114,-11.48,4.76,9.38
0.5607,0.7208,0.5022,0.4138,-10.99,3.92,9.03
0.5613,0.7213,0.5012,0.4172,-11.34,4.34,9.59
0.5619,0.7193,0.5036,0.4221,-11.13,3.99,9.45
0.5626,0.7198,0.5065,0.4187,-11.06,4.34,9.31
0.5632,0.7247,0.5022,0.4114,-10.99,3.85,9.66
0.5638,0.7261,0.4978,0.4143,-10.85,3.99,9.52
0.5644,0.7271,0.5002,0.4119,-11.20,3.78,9.45
0.5650,0.7242,0.5002,0.4128,-10.64,4.06,9.52
0.5657,0.7232,0.5022,0.4158,-10.99,4.13,9.59
0.5663,0.7257,0.5017,0.4143,-10.78,3.57,9.24
0.5669,0.7222,0.5026,0.4153,-10.71,3.71,9.59
0.5675,0.7208,0.5036,0.4148,-10.50,3.57,9.38
0.5681,0.7266,0.5002,0.4148,-10.78,3.85,9.52
0.5688,0.7261,0.4973,0.4124,-10.50,3.29,9.17
0.5694,0.7252,0.4982,0.4133,-10.85,3.43,9.38
0.5700,0.7261,0.5007,0.4153,-10.50,3.85,9.31
0.5706,0.7286,0.4997,0.4168,-10.08,2.59,8.89
0.5712,0.7325,0.4997,0.4197,-10.43,3.64,9.66
0.5719,0.7305,0.5007,0.4172,-10.50,2.87,8.96
0.5725,0.7320,0.5007,0.4158,-10.29,3.50,9.24
0.5734,0.7300,0.5007,0.4172,-10.64,2.80,8.96
0.5743,0.7281,0.4973,0.4182,-9.80,3.01,9.38
0.5751,0.7325,0.4968,0.4187,-10.43,2.59,8.75
0.5760,0.7349,0.4987,0.4172,-10.22,2.87,9.24
0.5769,0.7349,0.4973,0.4138,-10.29,2.66,8.96
0.5778,0.7364,0.4924,0.4133,-10.08,3.08,9.17
0.5787,0.7349,0.4914,0.4182,-10.15,2.45,8.82
0.5796,0.7340,0.4924,0.4202,-10.01,2.59,9.17
0.5805,0.7330,0.4934,0.4168,-9.94,2.31,8.75
0.5814,0.7354,0.4924,0.4182,-9.87,2.31,9.03
0.5823,0.7393,0.4880,0.4197,-10.29,2.10,8.47
0.5832,0.7383,0.4860,0.4202,-10.01,2.17,9.10
0.5841,0.7344,0.4895,0.4226,-9.94,1.61,8.19
0.5849,0.7330,0.4909,0.4197,-9.94,2.17,8.54
0.5858,0.7359,0.4904,0.4163,-9.73,1.54,8.47
0.5867,0.7335,0.4895,0.4163,-9.94,1.82,8.47
0.5876,0.7310,0.4880,0.4163,-9.73,1.47,8.54
0.5885,0.7349,0.4900,0.4192,-9.73,1.75,8.26
0.5894,0.7359,0.4904,0.4202,-9.59,1.54,8.61
0.5903,0.7349,0.4895,0.4197,-9.73,1.54,8.05
0.5905,0.7310,0.4919,0.4197,-9.38,1.19,8.33
0.5907,0.7276,0.4943,0.4202,-9.59,1.05,8.12
0.5909,0.7286,0.4934,0.4197,-9.59,1.47,8.47
0.5911,0.7281,0.4939,0.4231,-9.38,1.19,7.98
0.5913,0.7305,0.4948,0.4246,-9.59,1.12,8.61
0.5915,0.7330,0.4934,0.4246,-9.45,1.19,7.63
0.5917,0.7325,0.4900,0.4236,-9.38,1.12,8.82
0.5919,0.7286,0.4895,0.4197,-9.38,0.91,7.49
0.5921,0.7261,0.4919,0.4192,-9.10,0.84,8.68
0.5923,0.7266,0.4914,0.4172,-9.59,0.63,7.70
0.5925,0.7266,0.4880,0.4182,-8.96,0.49,8.26
0.5927,0.7281,0.4904,0.4236,-9.59,0.42,7.77
0.5929,0.7291,0.4914,0.4226,-8.47,0.91,8.33
0.5931,0.7286,0.4865,0.4211,-9.52,0.42,8.19
0.5933,0.7261,0.4914,0.4202,-8.75,0.77,8.47
0.5935,0.7232,0.4943,0.4182,-9.38,0.14,7.70
0.5937,0.7266,0.4929,0.4192,-8.82,0.84,8.40
0.5939,0.7300,0.4924,0.4202,-9.31,-0.35,7.84
0.5941,0.7315,0.4914,0.4202,-8.61,0.77,8.47
0.5943,0.7310,0.4909,0.4197,-9.24,-0.42,8.26
0.5949,0.7296,0.4919,0.4202,-8.61,0.28,8.33
0.5955,0.7296,0.4929,0.4216,-9.10,-0.49,8.19
0.5961,0.7335,0.4904,0.4207,-8.54,0.35,8.47
0.5967,0.7359,0.4909,0.4216,-8.82,-0.49,8.05
0.5972,0.7335,0.4914,0.4246,-8.61,0.35,8.96
0.5978,0.7315,0.4929,0.4270,-8.75,-0.49,8.12
0.5984,0.7310,0.4953,0.4241,-8.47,-0.28,8.47
0.5990,0.7344,0.4939,0.4207,-8.47,-0.28,8.54
0.5996,0.7403,0.4904,0.4250,-8.61,-0.07,8.54
0.6001,0.7408,0.4904,0.4290,-8.33,0.14,8.82
0.6007,0.7354,0.4900,0.4236,-8.54,-0.98,8.19
0.6013,0.7296,0.4914,0.4246,-8.54,-0.91,8.40
0.6019,0.7325,0.4875,0.4236,-7.98,0.07,8.89
0.6025,0.7369,0.4856,0.4207,-8.54,-1.47,8.26
0.6030,0.7393,0.4865,0.4231,-8.05,-0.21,8.89
0.6036,0.7393,0.4836,0.4314,-8.75,-0.98,8.54
0.6042,0.7349,0.4821,0.4363,-7.63,-0.49,9.10
0.6048,0.7335,0.4856,0.4333,-8.40,-1.40,8.54
0.6054,0.7354,0.4880,0.4319,-8.05,-0.70,8.82
0.6059,0.7340,0.4880,0.4294,-8.19,-1.40,8.54
0.6065,0.7374,0.4846,0.4250,-7.98,-1.05,9.03
0.6070,0.7383,0.4851,0.4260,-8.19,-1.05,8.75
0.6075,0.7349,0.4900,0.4270,-7.98,-1.19,8.61
0.6081,0.7340,0.4890,0.4265,-8.05,-0.91,8.82
0.6086,0.7340,0.4870,0.4294,-7.98,-1.47,8.75
0.6091,0.7383,0.4929,0.4314,-8.05,-1.40,8.82
0.6097,0.7383,0.4929,0.4329,-8.26,-1.54,8.75
0.6102,0.7388,0.4909,0.4333,-7.56,-1.12,9.03
0.6107,0.7374,0.4963,0.4324,-8.40,-1.75,8.61
0.6113,0.7330,0.4958,0.4353,-7.70,-2.17,8.68
0.6118,0.7383,0.4939,0.4309,-7.35,-1.05,9.24
0.6123,0.7437,0.4939,0.4290,-7.77,-1.75,8.54
0.6129,0.7452,0.4924,0.4324,-7.28,-1.82,8.89
0.6134,0.7427,0.4914,0.4343,-8.19,-1.82,8.75
0.6139,0.7432,0.4939,0.4329,-7.07,-2.03,9.03
0.6145,0.7447,0.4939,0.4314,-7.70,-2.10,8.19
0.6150,0.7413,0.4963,0.4329,-7.14,-1.68,9.24
0.6155,0.7413,0.4958,0.4343,-7.63,-2.31,8.12
0.6161,0.7432,0.4914,0.4338,-7.21,-2.31,9.45
0.6166,0.7413,0.4934,0.4329,-7.42,-2.31,8.33
0.6172,0.7398,0.4958,0.4324,-7.28,-2.59,8.82
0.6178,0.7422,0.4929,0.4333,-7.35,-2.38,8.89
0.6183,0.7427,0.4919,0.4338,-7.42,-2.59,8.40
0.6189,0.7432,0.4919,0.4299,-6.86,-2.38,9.17
0.6195,0.7447,0.4914,0.4314,-7.49,-2.45,8.54
0.6201,0.7422,0.4943,0.4348,-7.28,-2.31,9.03
0.6207,0.7408,0.4953,0.4368,-7.00,-2.73,8.47
0.6212,0.7413,0.4948,0.4343,-7.00,-2.73,8.89
0.6218,0.7383,0.4948,0.4358,-6.86,-2.94,8.75
0.6224,0.7398,0.4973,0.4363,-7.21,-3.08,8.33
0.6230,0.7427,0.4939,0.4397,-6.86,-2.31,9.24
0.6236,0.7432,0.4909,0.4402,-7.00,-3.29,8.47
0.6241,0.7432,0.4914,0.4402,-6.58,-2.87,9.17
0.6247,0.7432,0.4924,0.4372,-7.21,-3.08,8.19
0.6253,0.7427,0.4939,0.4343,-6.65,-3.36,9.24
0.6259,0.7437,0.4934,0.4377,-6.86,-2.87,8.40
0.6265,0.7486,0.4924,0.4372,-6.65,-3.64,8.96
0.6270,0.7476,0.4909,0.4358,-6.93,-3.15,8.82
0.6276,0.7413,0.4939,0.4387,-6.58,-3.99,8.54
0.6282,0.7422,0.4973,0.4392,-6.93,-2.87,8.61
0.6288,0.7481,0.4934,0.4377,-6.58,-3.43,8.68
0.6294,0.7481,0.4904,0.4397,-6.58,-3.43,8.68
0.6299,0.7476,0.4939,0.4412,-6.58,-3.71,8.54
0.6305,0.7505,0.4963,0.4397,-6.58,-3.43,8.75
0.6311,0.7515,0.4953,0.4363,-6.72,-3.71,8.19
0.6316,0.7496,0.4939,0.4387,-6.30,-3.43,9.38
0.6322,0.7510,0.4958,0.4421,-6.44,-4.13,7.98
0.6328,0.7510,0.4982,0.4392,-6.30,-3.50,9.87
0.6334,0.7530,0.5002,0.4402,-6.65,-3.99,7.77
0.6339,0.7525,0.5002,0.4421,-6.02,-4.06,9.31
0.6345,0.7481,0.4997,0.4397,-6.65,-3.64,8.19
0.6351,0.7457,0.4992,0.4416,-5.74,-4.06,9.10
0.6357,0.7452,0.4978,0.4451,-6.51,-4.27,7.98
0.6362,0.7452,0.4978,0.4426,-5.74,-4.48,8.89
0.6368,0.7457,0.5002,0.4387,-6.23,-3.99,8.61
0.6374,0.7491,0.5036,0.4382,-5.95,-4.76,8.61
0.6380,0.7481,0.5061,0.4402,-6.30,-4.27,8.68
0.6385,0.7481,0.5041,0.4416,-5.74,-4.83,8.47
0.6391,0.7510,0.5012,0.4421,-6.16,-3.71,8.75
0.6397,0.7496,0.5022,0.4436,-5.95,-4.41,8.12
0.6408,0.7481,0.5026,0.4446,-5.95,-3.99,9.10
0.6419,0.7476,0.4992,0.4436,-6.09,-4.90,7.84
0.6431,0.7481,0.4987,0.4421,-5.46,-4.06,9.17
0.6442,0.7496,0.4997,0.4441,-6.16,-5.04,7.91
0.6453,0.7520,0.5002,0.4412,-5.60,-4.27,9.17
0.6464,0.7540,0.5007,0.4416,-6.09,-4.97,7.84
0.6476,0.7515,0.5002,0.4416,-5.32,-4.69,8.89
0.6487,0.7540,0.5002,0.4421,-6.23,-4.90,7.70
0.6498,0.7554,0.4997,0.4421,-5.11,-4.20,9.10
0.6510,0.7496,0.5002,0.4421,-6.30,-4.97,7.56
0.6521,0.7486,0.5012,0.4407,-5.04,-4.69,9.03
0.6532,0.7501,0.5056,0.4421,-6.16,-4.76,7.84
0.6543,0.7462,0.5080,0.4455,-5.25,-4.97,8.68
0.6555,0.7437,0.5090,0.4431,-6.02,-4.90,7.84
0.6566,0.7452,0.5070,0.4451,-5.53,-5.25,8.54
0.6577,0.7466,0.5031,0.4470,-6.02,-4.41,8.54
0.6588,0.7466,0.5007,0.4441,-5.25,-5.74,7.98
0.6600,0.7462,0.5007,0.4421,-5.67,-4.27,8.61
0.6611,0.7466,0.5036,0.4407,-5.53,-5.95,7.49
0.6622,0.7496,0.4992,0.4436,-5.39,-4.34,8.75
0.6623,0.7491,0.4978,0.4446,-5.67,-5.74,7.42
0.6623,0.7457,0.4997,0.4446,-5.11,-4.90,8.68
0.6623,0.7437,0.4987,0.4460,-5.46,-5.60,7.42
0.6624,0.7442,0.4982,0.4504,-5.18,-4.62,8.82
0.6624,0.7471,0.4987,0.4490,-5.67,-5.81,7.49
0.6625,0.7481,0.4982,0.4465,-5.04,-4.83,8.75
0.6625,0.7452,0.4953,0.4455,-5.60,-5.39,7.49
0.6625,0.7491,0.4953,0.4455,-5.46,-4.97,8.54
0.6626,0.7544,0.5022,0.4470,-5.74,-4.90,7.63
0.6626,0.7505,0.5051,0.4499,-5.18,-4.90,8.61
0.6627,0.7466,0.5031,0.4524,-5.67,-5.18,7.70
0.6627,0.7457,0.4982,0.4509,-4.97,-5.46,8.19
0.6627,0.7462,0.4968,0.4499,-5.53,-4.69,7.98
0.6628,0.7505,0.4992,0.4514,-4.97,-5.88,7.98
0.6628,0.7476,0.5012,0.4499,-5.46,-4.97,7.84
0.6629,0.7452,0.5031,0.4480,-5.25,-5.46,7.91
0.6629,0.7505,0.5031,0.4470,-5.39,-4.90,8.12
0.6629,0.7501,0.5041,0.4494,-5.32,-5.53,7.84
0.6630,0.7476,0.5017,0.4543,-5.18,-5.11,8.05
0.6630,0.7442,0.5041,0.4558,-5.39,-5.11,7.91
0.6646,0.7442,0.5051,0.4524,-5.18,-4.97,8.12
0.6662,0.7447,0.5041,0.4514,-5.74,-5.67,7.70
0.6677,0.7432,0.4992,0.4504,-5.18,-5.04,8.33
0.6693,0.7452,0.6217,0.4494,-5.39,-5.46,7.63
0.6709,0.7413,0.5012,0.4436,-5.32,-4.83,8.12
0.6725,0.7393,0.4987,0.4465,-5.11,-5.53,7.77
0.6741,0.7398,0.4963,0.4524,-5.60,-4.13,8.54
0.6756,0.7408,0.5017,0.4529,-5.32,-4.97,7.98
0.6772,0.7398,0.5051,0.4558,-5.60,-4.90,8.12
0.6788,0.7413,0.5056,0.4573,-5.18,-5.04,7.91
0.6804,0.7437,0.5070,0.4529,-5.53,-4.62,8.12
0.6819,0.7442,0.5041,0.4499,-5.18,-5.39,7.84
0.6835,0.7427,0.5046,0.4524,-5.46,-4.41,8.26
0.6851,0.7403,0.5070,0.4543,-5.25,-5.04,7.98
0.6867,0.7393,0.5075,0.4509,-5.46,-4.62,8.19
0.6882,0.7427,0.5070,0.4494,-5.11,-5.25,7.98
0.6898,0.7432,0.5065,0.4548,-5.53,-4.06,8.33
0.6914,0.7418,0.5095,0.4577,-5.32,-4.90,7.98
0.6930,0.7403,0.5124,0.4568,-5.25,-4.20,8.05
0.6946,0.7364,0.5095,0.4568,-5.60,-4.41,8.54
0.6946,0.7300,0.5080,0.4597,-5.18,-4.76,7.84
0.6946,0.7310,0.5090,0.4626,-5.25,-4.41,8.33
0.6947,0.7349,0.5100,0.4587,-5.32,-4.76,8.12
0.6947,0.7330,0.5090,0.4592,-5.81,-4.20,8.40
0.6947,0.7305,0.5124,0.4631,-5.46,-4.48,7.70
0.6948,0.7291,0.5144,0.4612,-5.46,-4.13,8.47
0.6948,0.7300,0.5109,0.4592,-5.39,-4.27,7.77
0.6949,0.7305,0.5114,0.4607,-5.18,-4.41,8.19
0.6949,0.7320,0.5109,0.4636,-5.46,-3.92,8.33
0.6949,0.7344,0.5095,0.4665,-5.04,-4.34,7.77
0.6950,0.7340,0.5104,0.4631,-5.81,-4.06,8.12
0.6950,0.7349,0.5114,0.4626,-5.18,-4.20,7.91
0.6950,0.7383,0.5065,0.4670,-5.67,-4.06,8.33
0.6951,0.7413,0.5085,0.4695,-5.32,-3.78,7.98
0.6951,0.7383,0.5100,0.4699,-5.81,-3.99,8.19
0.6952,0.7364,0.5080,0.4670,-5.25,-3.85,7.91
0.6952,0.7379,0.5100,0.4675,-5.67,-3.57,8.26
0.6952,0.7364,0.5163,0.4656,-5.46,-3.57,7.70
0.6953,0.7364,0.5192,0.4651,-5.32,-3.43,8.05
0.6953,0.7374,0.5144,0.4670,-5.95,-3.08,7.91
0.6966,0.7398,0.5114,0.4660,-5.53,-3.85,7.84
0.6978,0.7388,0.5129,0.4646,-5.46,-3.08,8.19
0.6991,0.7379,0.5109,0.4675,-5.95,-3.43,7.77
0.7003,0.7374,0.5119,0.4695,-5.39,-3.43,7.63
0.7016,0.7427,0.5129,0.4690,-5.88,-3.08,7.77
0.7029,0.7457,0.5153,0.4719,-5.67,-3.43,7.63
0.7041,0.7422,0.5129,0.4719,-5.74,-3.29,7.98
0.7054,0.7422,0.5124,0.4699,-6.02,-3.15,7.28
0.7066,0.7379,0.5129,0.4699,-5.60,-3.08,7.84
0.7079,0.7383,0.5109,0.4685,-6.23,-2.94,7.42
0.7091,0.7413,0.5114,0.4665,-5.88,-3.15,7.70
0.7104,0.7398,0.5109,0.4675,-5.95,-2.73,7.77
0.7117,0.7403,0.5104,0.4695,-5.74,-3.15,7.70
0.7129,0.7422,0.5090,0.4714,-5.88,-2.66,7.70
0.7142,0.7471,0.5109,0.4695,-5.88,-2.80,7.42
0.7154,0.7491,0.5168,0.4670,-5.88,-2.87,7.49
0.7167,0.7447,0.5158,0.4685,-5.88,-2.94,7.56
0.7179,0.7413,0.5124,0.4680,-6.09,-2.45,7.28
0.7192,0.7432,0.5129,0.4695,-6.02,-2.80,7.35
0.7205,0.7403,0.5178,0.4709,-6.23,-2.73,7.35
0.7205,0.7427,0.5173,0.4709,-5.95,-2.94,7.28
0.7205,0.7466,0.5144,0.4704,-6.44,-2.66,7.42
0.7206,0.7403,0.5163,0.4709,-6.09,-2.38,7.56
0.7206,0.7408,0.5178,0.4714,-5.95,-2.24,7.28
0.7206,0.7442,0.5173,0.4734,-6.37,-2.66,6.79
0.7207,0.7471,0.5148,0.4738,-5.95,-2.31,7.56
0.7207,0.7466,0.5119,0.4714,-6.51,-2.52,7.07
0.7207,0.7427,0.5114,0.4724,-5.95,-2.10,7.56
0.7208,0.7437,0.5109,0.4699,-6.51,-2.66,6.86
0.7208,0.7471,0.5104,0.4704,-6.30,-2.45,7.35
0.7209,0.7471,0.5109,0.4738,-6.51,-2.17,6.93
0.7209,0.7452,0.5144,0.4743,-6.37,-2.66,7.07
0.7209,0.7437,0.5168,0.4748,-6.51,-2.10,7.00
0.7210,0.7447,0.5148,0.4743,-6.37,-2.52,6.93
0.7210,0.7476,0.5158,0.4734,-6.58,-2.38,6.79
0.7210,0.7486,0.5153,0.4748,-6.79,-2.31,7.14
0.7211,0.7505,0.5119,0.4753,-6.30,-1.68,6.86
0.7211,0.7510,0.5114,0.4714,-7.00,-2.87,6.65
0.7211,0.7491,0.5104,0.4685,-6.37,-1.89,6.65
0.7212,0.7510,0.5114,0.4714,-7.14,-3.01,6.16
0.7212,0.7515,0.5119,0.4748,-6.23,-2.17,7.14
0.7212,0.7540,0.5139,0.4738,-6.37,-1.54,6.93
0.7213,0.7549,0.5114,0.4734,-6.93,-2.59,5.81
0.7213,0.7559,0.5085,0.4743,-6.58,-2.10,6.79
0.7213,0.7559,0.5090,0.4748,-7.14,-2.03,6.02
0.7213,0.7549,0.5109,0.4758,-6.72,-2.31,6.72
0.7214,0.7544,0.5124,0.4719,-6.86,-2.17,5.95
0.7214,0.7549,0.5139,0.4724,-6.86,-2.31,6.51
0.7214,0.7574,0.5124,0.4758,-7.00,-2.17,6.02
0.7214,0.7632,0.5114,0.4768,-6.86,-2.52,6.37
0.7215,0.7632,0.5100,0.4753,-7.14,-2.10,6.30
0.7215,0.7608,0.5095,0.4753,-7.07,-2.87,5.95
0.7215,0.7618,0.5109,0.4797,-7.49,-2.10,6.09
0.7215,0.7618,0.5085,0.4812,-7.00,-2.66,5.67
0.7216,0.7642,0.5109,0.4802,-7.42,-2.52,6.44
0.7216,0.7647,0.5163,0.4778,-7.28,-2.73,5.46
0.7216,0.7623,0.5148,0.4763,-7.21,-2.31,6.51
0.7216,0.7652,0.5114,0.4748,-7.42,-2.66,5.25
0.7217,0.7666,0.5124,0.4734,-7.21,-2.52,6.37
0.7217,0.7662,0.5148,0.4734,-7.84,-3.50,5.11
0.7227,0.7627,0.5173,0.4748,-7.28,-2.59,5.32
0.7237,0.7652,0.5158,0.4729,-7.00,-2.94,6.51
0.7246,0.7637,0.5197,0.4768,-7.77,-3.01,5.04
0.7256,0.7598,0.5197,0.4768,-7.14,-2.73,6.09
0.7266,0.7618,0.5163,0.4778,-7.35,-2.38,5.53
0.7276,0.7593,0.5173,0.4778,-7.35,-3.08,5.81
0.7286,0.7584,0.5222,0.4734,-7.07,-3.15,5.11
0.7296,0.7559,0.5163,0.4743,-7.63,-2.59,5.39
0.7306,0.7554,0.5163,0.4748,-7.35,-2.73,5.67
0.7316,0.7569,0.5212,0.4753,-7.56,-2.45,5.39
0.7326,0.7554,0.5207,0.4773,-7.49,-3.08,6.02
0.7335,0.7618,0.5261,0.4763,-7.28,-3.15,6.09
0.7345,0.7593,0.5256,0.4748,-7.63,-2.87,4.90
0.7355,0.7554,0.5207,0.4768,-6.93,-3.15,5.81
0.7365,0.7549,0.5168,0.4768,-7.77,-3.01,5.39
0.7375,0.7564,0.5168,0.4787,-6.86,-3.22,6.02
0.7385,0.7564,0.5192,0.4807,-7.56,-2.87,5.04
0.7395,0.7564,0.5178,0.4778,-7.14,-2.80,5.95
0.7405,0.7593,0.5197,0.4773,-7.42,-3.29,5.11
0.7414,0.7603,0.5222,0.4743,-7.28,-3.15,6.02
0.7420,0.7613,0.5197,0.4729,-7.35,-3.22,5.11
0.7425,0.7608,0.5222,0.4748,-7.21,-3.15,5.67
0.7431,0.7588,0.5212,0.4758,-7.21,-2.87,5.46
0.7436,0.7559,0.5168,0.4758,-7.49,-2.87,5.46
0.7442,0.7549,0.5207,0.4748,-7.21,-3.43,5.32
0.7447,0.7593,0.5251,0.4758,-7.28,-3.15,5.46
0.7453,0.7593,0.5226,0.4753,-7.35,-3.01,5.53
0.7458,0.7574,0.5192,0.4763,-7.42,-3.01,5.39
0.7464,0.7598,0.5192,0.4782,-7.14,-3.22,5.67
0.7469,0.7608,0.5192,0.4719,-7.63,-3.50,4.90
0.7475,0.7569,0.5178,0.4719,-7.42,-2.73,6.16
0.7480,0.7579,0.5168,0.4763,-7.49,-3.50,5.18
0.7486,0.7579,0.5183,0.4748,-7.14,-3.08,5.74
0.7491,0.7569,0.5212,0.4743,-7.77,-3.57,4.83
0.7497,0.7593,0.5212,0.4729,-7.00,-3.01,6.02
0.7502,0.7613,0.5187,0.4729,-7.70,-3.71,4.76
0.7508,0.7613,0.5183,0.4748,-7.14,-3.01,6.30
0.7513,0.7632,0.5153,0.4719,-7.49,-3.29,4.90
0.7519,0.7627,0.5148,0.4665,-7.14,-3.22,6.09
0.7524,0.7588,0.5197,0.4699,-7.63,-3.22,4.97
0.7530,0.7603,0.5231,0.4743,-7.07,-3.15,5.95
0.7535,0.7593,0.5207,0.4729,-7.42,-3.15,5.32
0.7541,0.7569,0.5148,0.4719,-7.42,-3.15,6.02
0.7546,0.7554,0.5148,0.4704,-7.56,-2.80,5.53
0.7552,0.7569,0.5187,0.4719,-7.28,-3.29,5.60
0.7557,0.7569,0.5192,0.4724,-7.28,-3.08,5.53
0.7562,0.7579,0.5197,0.4695,-7.28,-2.94,5.53
0.7568,0.7579,0.5222,0.4714,-7.28,-3.01,5.60
0.7573,0.7579,0.5231,0.4743,-7.42,-3.29,5.53
0.7579,0.7588,0.5202,0.4714,-7.49,-3.15,5.74
0.7584,0.7554,0.5217,0.4714,-7.77,-3.50,5.25
0.7589,0.7549,0.5222,0.4768,-7.28,-3.36,5.60
0.7595,0.7588,0.5197,0.4734,-7.42,-3.08,5.67
0.7600,0.7579,0.5207,0.4709,-7.70,-3.15,5.60
0.7606,0.7535,0.5202,0.4753,-7.00,-2.80,5.67
0.7611,0.7525,0.5187,0.4753,-7.49,-2.94,5.67
0.7616,0.7540,0.5197,0.4719,-7.14,-3.22,5.81
0.7622,0.7540,0.5217,0.4699,-7.35,-2.80,5.53
0.7627,0.7544,0.5231,0.4690,-7.49,-3.22,5.88
0.7633,0.7579,0.5187,0.4670,-7.28,-2.66,5.53
0.7639,0.7559,0.5183,0.4675,-7.77,-2.80,6.09
0.7644,0.7510,0.5222,0.4695,-6.93,-2.80,5.53
0.7650,0.7491,0.5183,0.4704,-7.49,-2.52,6.09
0.7656,0.7486,0.5231,0.4699,-7.21,-2.59,5.25
0.7662,0.7496,0.5251,0.4729,-7.63,-2.66,6.16
0.7668,0.7540,0.5226,0.4778,-7.28,-2.66,5.53
0.7674,0.7525,0.5246,0.4753,-7.21,-2.52,6.09
0.7680,0.7476,0.5202,0.4714,-7.14,-2.73,5.32
0.7686,0.7476,0.5207,0.4729,-7.42,-2.73,5.74
0.7691,0.7510,0.5246,0.4714,-7.70,-3.43,4.90
0.7697,0.7476,0.5202,0.4719,-7.28,-1.89,6.51
0.7703,0.7496,0.5231,0.4709,-7.63,-2.94,5.04
0.7709,0.7549,0.5217,0.4699,-7.00,-1.82,6.72
0.7715,0.7569,0.5202,0.4738,-7.70,-2.59,4.97
0.7721,0.7579,0.5236,0.4743,-7.07,-2.17,7.00
0.7727,0.7584,0.5280,0.4685,-7.70,-2.45,4.90
0.7733,0.7588,0.5309,0.4665,-6.93,-2.31,6.72
0.7738,0.7588,0.5266,0.4695,-7.63,-2.59,5.04
0.7744,0.7588,0.5256,0.4709,-7.14,-2.24,6.51
0.7750,0.7584,0.5261,0.4714,-7.56,-2.24,5.18
0.7759,0.7544,0.5270,0.4743,-7.21,-2.38,6.37
0.7769,0.7544,0.5280,0.4724,-7.49,-2.24,5.39
0.7778,0.7559,0.5266,0.4695,-7.35,-2.17,6.16
0.7787,0.7520,0.5270,0.4714,-7.63,-1.82,5.67
0.7796,0.7501,0.5266,0.4695,-7.49,-2.31,5.39
0.7805,0.7515,0.5280,0.4729,-7.42,-1.61,5.81
0.7815,0.7515,0.5300,0.4792,-7.28,-2.03,5.88
0.7824,0.7505,0.5319,0.4782,-6.93,-1.75,6.16
0.7833,0.7486,0.5314,0.4748,-7.56,-2.17,5.11
0.7842,0.7501,0.5280,0.4743,-7.21,-1.54,6.16
0.7851,0.7515,0.5295,0.4753,-7.42,-1.68,4.90
0.7861,0.7476,0.5314,0.4724,-7.28,-1.54,6.16
0.7870,0.7486,0.5309,0.4709,-7.49,-1.96,4.90
0.7879,0.7471,0.5290,0.4734,-7.21,-1.82,6.16
0.7888,0.7442,0.5261,0.4792,-7.49,-1.68,4.90
0.7898,0.7447,0.5295,0.4812,-7.28,-1.40,6.16
0.7907,0.7471,0.5329,0.4812,-7.56,-1.68,4.90
0.7916,0.7491,0.5329,0.4792,-7.14,-1.75,5.67
0.7925,0.7476,0.5344,0.4743,-7.70,-1.12,4.90
0.7934,0.7466,0.5358,0.4763,-7.28,-1.54,5.60
0.7936,0.7466,0.5344,0.4802,-7.21,-1.26,5.04
0.7937,0.7457,0.5324,0.4802,-7.14,-1.40,5.74
0.7938,0.7418,0.5319,0.4807,-7.07,-0.63,5.60
0.7940,0.7398,0.5300,0.4817,-7.21,-1.33,4.97
0.7941,0.7393,0.5261,0.4773,-7.70,-0.91,5.18
0.7943,0.7413,0.5285,0.4773,-7.14,-1.40,4.69
0.7944,0.7432,0.5275,0.4763,-7.49,-0.98,5.32
0.7945,0.7432,0.5256,0.4738,-7.00,-0.84,4.69
0.7947,0.7422,0.5266,0.4734,-7.14,-0.63,6.23
0.7948,0.7418,0.5256,0.4763,-7.63,-0.77,4.27
0.7949,0.7413,0.5256,0.4787,-7.28,-0.70,5.74
0.7951,0.7383,0.5295,0.4773,-7.49,-0.49,4.41
0.7952,0.7374,0.5309,0.4738,-7.49,-0.77,5.39
0.7954,0.7408,0.5290,0.4709,-7.21,-0.56,4.20
0.7955,0.7398,0.5309,0.4758,-7.28,-0.98,5.25
0.7956,0.7393,0.5309,0.4773,-7.70,-0.07,4.76
0.7958,0.7403,0.5275,0.4719,-7.28,-1.05,4.76
0.7959,0.7403,0.5275,0.4734,-7.49,-0.28,4.41
0.7960,0.7379,0.5305,0.4753,-7.49,-0.14,4.83
0.7962,0.7340,0.5329,0.4753,-7.63,-0.14,4.62
0.7968,0.7354,0.5305,0.4743,-7.63,-0.49,4.34
0.7974,0.7379,0.5339,0.4782,-7.63,-0.28,3.85
0.7981,0.7413,0.5324,0.4768,-7.42,0.14,4.90
0.7987,0.7383,0.5295,0.4768,-7.77,-0.35,3.78
0.7993,0.7354,0.5285,0.4734,-7.42,0.21,5.25
0.8000,0.7359,0.5246,0.4724,-7.14,-0.07,4.97
0.8006,0.7369,0.5236,0.4768,-8.26,0.35,3.36
0.8012,0.7344,0.5256,0.4782,-7.14,0.49,5.04
0.8019,0.7330,0.5226,0.4758,-8.40,0.56,3.29
0.8025,0.7315,0.5207,0.4743,-7.35,0.28,5.11
0.8031,0.7335,0.5212,0.4743,-8.19,0.28,3.15
0.8037,0.7364,0.5192,0.4773,-7.28,0.42,4.90
0.8044,0.7403,0.5192,0.4778,-8.12,0.28,3.36
0.8050,0.7374,0.5202,0.4768,-7.35,0.70,4.69
0.8056,0.7344,0.5173,0.4797,-7.98,0.56,3.22
0.8063,0.7369,0.5187,0.4846,-7.63,0.56,4.27
0.8069,0.7374,0.5197,0.4860,-8.05,1.05,3.57
0.8075,0.7354,0.5187,0.4821,-7.84,0.21,3.64
0.8082,0.7330,0.5212,0.4797,-7.77,0.70,3.78
0.8088,0.7359,0.5202,0.4797,-8.19,0.91,3.71
0.8099,0.7359,0.5207,0.4826,-7.77,1.26,4.13
0.8111,0.7344,0.5226,0.4836,-7.56,0.77,4.27
0.8122,0.7354,0.5236,0.4807,-8.19,0.56,2.66
0.8133,0.7354,0.5241,0.4821,-7.98,1.05,4.34
0.8145,0.7369,0.5202,0.4846,-8.19,1.05,3.22
0.8156,0.7369,0.5207,0.4846,-7.98,0.98,3.85
0.8168,0.7359,0.5226,0.4826,-7.98,1.05,3.36
0.8179,0.7335,0.5222,0.4821,-8.12,1.26,3.85
0.8190,0.7296,0.5261,0.4841,-8.05,0.91,3.15
0.8202,0.7349,0.5285,0.4851,-8.05,1.33,3.71
0.8213,0.7379,0.5266,0.4841,-8.05,1.12,3.29
0.8225,0.7349,0.5266,0.4802,-8.12,1.40,3.64
0.8236,0.7354,0.5290,0.4846,-8.19,1.54,3.43
0.8247,0.7364,0.5300,0.4885,-8.12,1.05,3.64
0.8259,0.7364,0.5261,0.4836,-8.12,1.12,3.57
0.8270,0.7383,0.5241,0.4836,-8.33,1.33,3.64
0.8282,0.7383,0.5270,0.4851,-8.12,1.05,3.85
0.8293,0.7369,0.5266,0.4851,-7.91,1.19,3.57
0.8304,0.7388,0.5236,0.4826,-8.12,1.40,3.43
0.8316,0.7398,0.5241,0.4860,-7.77,0.98,3.43
0.8321,0.7393,0.5290,0.4846,-7.77,0.98,3.43
0.8327,0.7379,0.5300,0.4841,-8.26,1.54,3.92
0.8332,0.7379,0.5261,0.4836,-7.84,0.98,3.36
0.8337,0.7413,0.5246,0.4856,-8.05,1.82,4.34
0.8343,0.7452,0.5280,0.4870,-7.98,0.98,3.22
0.8348,0.7452,0.5290,0.4851,-8.19,1.82,4.62
0.8354,0.7418,0.5319,0.4865,-8.19,0.77,3.22
0.8359,0.7369,0.5314,0.4836,-7.56,1.47,4.27
0.8365,0.7340,0.5280,0.4826,-8.12,0.77,3.43
0.8370,0.7354,0.5295,0.4875,-7.77,1.68,4.34
0.8375,0.7374,0.5295,0.4895,-7.98,1.12,3.64
0.8381,0.7398,0.5266,0.4890,-7.63,1.40,4.20
0.8386,0.7437,0.5266,0.4831,-7.91,1.40,3.92
0.8392,0.7452,0.5290,0.4831,-7.70,2.03,4.13
0.8397,0.7437,0.5275,0.4841,-8.12,1.05,3.78
0.8402,0.7432,0.5280,0.4817,-7.84,1.33,4.27
0.8408,0.7422,0.5275,0.4812,-7.84,1.33,3.85
0.8413,0.7413,0.5241,0.4812,-7.70,1.12,4.41
0.8419,0.7437,0.5241,0.4851,-7.98,1.47,4.13
0.8424,0.7462,0.5231,0.4870,-7.98,0.91,4.13
0.8430,0.7471,0.5202,0.4865,-7.63,2.17,4.55
0.8435,0.7447,0.5178,0.4890,-8.19,0.28,3.64
0.8440,0.7452,0.5178,0.4895,-7.56,2.03,4.76
0.8446,0.7466,0.5173,0.4860,-8.47,0.91,3.64
0.8451,0.7447,0.5187,0.4865,-7.56,2.03,5.04
0.8457,0.7462,0.5197,0.4890,-8.26,0.42,3.15
0.8462,0.7447,0.5168,0.4860,-7.49,1.47,5.11
0.8467,0.7447,0.5178,0.4856,-8.26,0.56,3.43
0.8473,0.7427,0.5207,0.4900,-7.63,1.47,5.04
0.8478,0.7418,0.5187,0.4900,-8.47,0.77,3.78
0.8484,0.7447,0.5163,0.4914,-7.35,1.12,4.83
0.8489,0.7457,0.5187,0.4900,-8.26,0.98,3.57
0.8494,0.7466,0.5212,0.4846,-7.84,1.19,4.76
0.8500,0.7471,0.5222,0.4870,-8.05,1.05,4.06
0.8505,0.7481,0.5231,0.4919,-7.91,0.77,4.34
0.8511,0.7447,0.5241,0.4904,-8.05,1.12,4.20
0.8516,0.7408,0.5212,0.4948,-7.91,0.35,3.78
0.8521,0.7379,0.5212,0.4890,-8.05,0.42,3.92
0.8527,0.7369,0.5217,0.4904,-7.91,1.12,4.55
0.8532,0.7383,0.5178,0.4924,-8.05,0.63,3.99
0.8538,0.7408,0.5168,0.4890,-7.84,1.05,4.90
0.8544,0.7422,0.5183,0.4904,-8.19,0.42,3.43
0.8550,0.7374,0.5207,0.4890,-7.49,0.70,4.69
0.8555,0.7369,0.5212,0.4909,-8.40,0.63,3.71
0.8561,0.7447,0.5226,0.4924,-7.77,0.91,4.62
0.8567,0.7418,0.5241,0.4919,-8.05,0.77,3.71
0.8573,0.7374,0.5236,0.4934,-7.70,0.70,4.55
0.8579,0.7364,0.5236,0.4953,-8.19,0.42,3.64
0.8584,0.7349,0.5241,0.4963,-7.77,1.19,4.41
0.8590,0.7388,0.5246,0.4934,-8.26,0.42,3.85
0.8596,0.7427,0.5261,0.4953,-7.49,0.84,3.99
0.8602,0.7364,0.5280,0.4978,-8.26,0.77,3.92
0.8608,0.7340,0.5290,0.4973,-7.56,0.98,3.85
0.8613,0.7383,0.5290,0.4948,-8.05,0.21,3.85
0.8619,0.7374,0.5266,0.4929,-7.84,0.91,3.85
0.8625,0.7379,0.5241,0.4973,-7.70,0.28,4.20
0.8631,0.7349,0.5246,0.4958,-7.98,0.49,3.50
0.8637,0.7349,0.5251,0.4934,-7.84,0.63,3.57
0.8642,0.7325,0.5241,0.4943,-7.84,0.70,4.34
0.8648,0.7325,0.5251,0.4943,-7.98,0.77,3.43
0.8654,0.7349,0.5266,0.4953,-7.63,0.63,4.34
0.8659,0.7296,0.5246,0.4958,-7.98,0.84,3.64
0.8665,0.7300,0.5270,0.4973,-7.56,0.70,4.20
0.8671,0.7300,0.5246,0.4973,-8.40,1.12,3.71
0.8676,0.7286,0.5236,0.4934,-7.70,0.42,3.85
0.8682,0.7300,0.5251,0.4958,-7.91,1.26,3.92
0.8688,0.7330,0.5217,0.5017,-8.12,0.70,3.85
0.8693,0.7349,0.5197,0.5002,-7.56,1.05,3.71
0.8699,0.7315,0.5241,0.4987,-8.33,0.84,3.99
0.8704,0.7286,0.5261,0.4963,-7.35,0.63,3.78
0.8710,0.7261,0.5251,0.4943,-8.33,0.70,3.85
0.8716,0.7271,0.5266,0.4982,-7.56,0.56,3.71
0.8721,0.7271,0.5270,0.5036,-8.05,0.91,3.57
0.8727,0.7252,0.5295,0.5041,-7.63,0.70,3.78
0.8733,0.7213,0.5295,0.4987,-8.05,1.33,3.85
0.8738,0.7213,0.5275,0.4982,-7.70,0.77,4.27
0.8744,0.7242,0.5251,0.4973,-8.40,1.26,3.57
0.8749,0.7218,0.5251,0.4968,-7.49,0.98,3.99
0.8755,0.7218,0.5309,0.4992,-8.05,1.54,3.50
0.8761,0.7218,0.5275,0.4992,-7.84,0.63,3.99
0.8770,0.7208,0.5256,0.5017,-7.77,1.33,3.36
0.8779,0.7188,0.5305,0.5002,-7.77,1.05,3.92
0.8789,0.7174,0.5290,0.5002,-7.70,1.33,3.57
0.8798,0.7154,0.5275,0.5007,-7.77,1.05,3.78
0.8807,0.7169,0.5251,0.5012,-7.98,1.26,3.71
0.8816,0.7193,0.5241,0.4982,-7.84,1.19,3.78
0.8826,0.7144,0.5246,0.5022,-8.19,1.47,3.71
0.8835,0.7130,0.5256,0.5041,-7.84,1.40,3.57
0.8844,0.7144,0.5266,0.4987,-7.77,1.54,3.78
0.8854,0.7149,0.5270,0.4973,-8.05,1.75,3.43
0.8863,0.7169,0.5266,0.4997,-8.05,1.75,3.99
0.8872,0.7144,0.5314,0.5051,-7.98,2.17,4.06
0.8881,0.7135,0.5319,0.5051,-7.70,1.33,3.57
0.8891,0.7144,0.5261,0.5031,-7.98,1.89,3.50
0.8900,0.7125,0.5251,0.5046,-8.05,1.26,3.29
0.8909,0.7096,0.5236,0.5046,-8.05,2.66,3.85
0.8918,0.7086,0.5226,0.5026,-7.98,1.68,3.22
0.8928,0.7086,0.5266,0.5031,-7.91,2.31,3.78
0.8937,0.7076,0.5285,0.5017,-8.26,2.10,3.22
0.8946,0.7061,0.5270,0.5026,-7.98,2.31,3.50
0.8948,0.7027,0.5295,0.5075,-8.47,2.45,3.29
0.8950,0.6998,0.5300,0.5109,-8.12,2.45,3.43
0.8952,0.7013,0.5314,0.5065,-8.33,2.24,3.29
0.8954,0.7066,0.5329,0.5056,-8.05,2.59,3.08
0.8956,0.7047,0.5344,0.5051,-8.12,2.38,3.57
0.8958,0.7008,0.5348,0.5031,-8.19,2.66,2.94
0.8960,0.7042,0.5344,0.5061,-8.26,2.94,3.57
0.8962,0.7071,0.5314,0.5095,-8.19,2.52,2.80
0.8964,0.7047,0.5270,0.5129,-8.47,3.01,3.71
0.8966,0.7076,0.5300,0.5119,-8.19,3.22,3.15
0.8967,0.7135,0.5339,0.5070,-8.12,2.94,3.15
0.8969,0.7100,0.5358,0.5129,-8.40,3.43,3.08
0.8971,0.7100,0.5319,0.5134,-8.33,3.57,3.22
0.8973,0.7076,0.5344,0.5144,-8.33,3.43,2.94
0.8975,0.7110,0.5309,0.5134,-8.40,3.57,3.22
0.8977,0.7105,0.5290,0.5134,-8.33,3.43,2.59
0.8979,0.7100,0.5270,0.5109,-8.75,3.15,2.94
0.8981,0.7100,0.5270,0.5100,-8.61,3.78,2.59
0.8983,0.7076,0.5290,0.5119,-8.61,3.15,2.73
0.8985,0.7105,0.5295,0.5158,-8.54,3.64,2.66
0.8990,0.7105,0.5319,0.5178,-8.89,3.57,2.59
0.8996,0.7110,0.5300,0.5158,-8.40,3.50,2.52
0.9001,0.7135,0.5280,0.5144,-8.82,3.50,2.52
0.9007,0.7139,0.5290,0.5139,-8.61,3.99,2.24
0.9012,0.7159,0.5305,0.5144,-8.89,3.99,2.45
0.9018,0.7164,0.5280,0.5144,-9.17,4.20,2.38
0.9023,0.7130,0.5285,0.5158,-8.96,3.85,2.17
0.9028,0.7110,0.5319,0.5197,-9.38,4.13,2.03
0.9034,0.7174,0.5290,0.5187,-9.03,3.78,2.10
0.9039,0.7227,0.5251,0.5163,-9.24,4.20,1.75
0.9045,0.7213,0.5256,0.5197,-9.45,3.99,2.17
0.9050,0.7178,0.5270,0.5173,-9.17,3.99,2.31
0.9056,0.7227,0.5251,0.5197,-9.52,3.78,1.19
0.9061,0.7227,0.5261,0.5197,-9.73,4.48,2.38
0.9067,0.7237,0.5280,0.5168,-9.59,4.06,1.19
0.9072,0.7247,0.5270,0.5222,-9.73,4.34,2.03
0.9078,0.7222,0.5256,0.5246,-9.59,3.85,1.12
0.9083,0.7257,0.5285,0.5212,-9.73,4.27,1.75
0.9089,0.7291,0.5300,0.5212,-9.94,4.20,1.12
0.9094,0.7261,0.5261,0.5222,-9.80,4.13,1.26
0.9100,0.7247,0.5280,0.5256,-9.87,4.34,1.12
0.9106,0.7296,0.5314,0.5246,-10.01,3.92,0.98
0.9112,0.7344,0.5295,0.5261,-9.59,4.20,1.26
0.9117,0.7300,0.5295,0.5275,-10.36,4.20,0.98
0.9123,0.7315,0.5314,0.5256,-10.01,4.34,1.33
0.9129,0.7374,0.5290,0.5280,-10.36,4.20,0.70
0.9135,0.7388,0.5275,0.5300,-10.01,4.48,1.26
0.9141,0.7408,0.5261,0.5290,-10.71,3.92,0.35
0.9147,0.7393,0.5251,0.5275,-10.15,4.34,1.40
0.9152,0.7388,0.5226,0.5261,-10.50,4.55,0.35
0.9158,0.7408,0.5261,0.5285,-9.94,4.34,1.33
0.9164,0.7413,0.5295,0.5314,-10.71,3.99,0.42
0.9170,0.7442,0.5275,0.5324,-10.43,3.85,0.98
0.9176,0.7462,0.5324,0.5344,-11.13,3.85,0.56
0.9182,0.7496,0.5309,0.5353,-10.08,3.85,0.91
0.9187,0.7530,0.5285,0.5358,-11.20,4.13,0.42
0.9193,0.7505,0.5305,0.5363,-10.57,3.92,0.98
0.9199,0.7525,0.5300,0.5363,-11.06,3.99,0.70
0.9205,0.7554,0.5275,0.5358,-10.64,3.43,0.56
0.9211,0.7535,0.5280,0.5378,-11.06,4.06,0.98
0.9216,0.7559,0.5261,0.5388,-11.34,3.57,0.70
0.9222,0.7618,0.5222,0.5363,-11.06,3.78,0.91
0.9227,0.7647,0.5246,0.5353,-11.41,3.29,0.42
0.9233,0.7632,0.5290,0.5348,-10.99,3.64,0.77
0.9238,0.7623,0.5314,0.5363,-11.69,3.22,0.49
0.9244,0.7623,0.5285,0.5378,-10.99,3.36,1.33
0.9250,0.7632,0.5280,0.5373,-11.76,3.22,0.35
0.9255,0.7647,0.5309,0.5358,-11.48,3.29,1.47
0.9261,0.7662,0.5275,0.5353,-11.62,3.01,0.28
0.9266,0.7666,0.5270,0.5353,-11.13,3.15,1.75
0.9272,0.7652,0.5319,0.5348,-11.83,2.87,0.00
0.9277,0.7666,0.5319,0.5388,-11.20,3.01,1.54
0.9283,0.7681,0.5305,0.5412,-12.32,2.94,0.35
0.9289,0.7666,0.5309,0.5402,-11.48,3.01,1.68
0.9294,0.7696,0.5324,0.5373,-11.83,2.59,0.14
0.9300,0.7691,0.5348,0.5324,-11.90,2.45,1.47
0.9305,0.7662,0.5348,0.5373,-12.04,2.87,0.70
0.9311,0.7666,0.5324,0.5397,-12.04,2.24,1.33
0.9316,0.7676,0.5334,0.5373,-11.97,2.52,0.98
0.9322,0.7686,0.5373,0.5383,-12.11,1.89,1.05
0.9327,0.7701,0.5402,0.5431,-12.25,2.52,1.61
0.9332,0.7710,0.5417,0.5436,-12.11,1.47,0.77
0.9337,0.7725,0.5407,0.5388,-11.90,2.52,1.82
0.9342,0.7745,0.5417,0.5388,-12.53,1.82,1.05
0.9348,0.7715,0.5431,0.5358,-12.11,2.38,1.96
0.9353,0.7686,0.5427,0.5358,-12.39,1.82,1.12
0.9358,0.7720,0.5397,0.5422,-12.39,1.61,2.10
0.9363,0.7735,0.5402,0.5402,-12.32,1.61,2.24
0.9368,0.7740,0.5427,0.5368,-12.32,1.89,1.61
0.9373,0.7696,0.5466,0.5358,-12.74,1.40,2.52
0.9378,0.7701,0.5466,0.5339,-12.11,1.61,1.40
0.9384,0.7774,0.5441,0.5353,-12.74,1.26,2.10
0.9389,0.7823,0.5427,0.5363,-12.25,1.40,1.89
0.9394,0.7857,0.5407,0.5363,-12.74,1.12,1.75
0.9399,0.7828,0.5392,0.5324,-12.39,1.12,2.17
0.9404,0.7774,0.5402,0.5339,-12.88,0.91,1.75
0.9409,0.7764,0.5436,0.5392,-12.60,1.26,2.45
0.9414,0.7784,0.5441,0.5344,-12.74,0.56,1.75
0.9419,0.7798,0.5436,0.5334,-12.81,1.54,3.01
0.9425,0.7823,0.5436,0.5339,-12.67,0.63,1.40
0.9436,0.7867,0.5422,0.5314,-13.02,1.12,2.87
0.9448,0.7847,0.5422,0.5339,-12.81,0.42,1.40
0.9460,0.7818,0.5461,0.5353,-13.02,1.05,3.01
0.9472,0.7803,0.5485,0.5344,-12.81,0.70,1.47
0.9483,0.7808,0.5505,0.5334,-13.16,0.84,3.08
0.9495,0.7862,0.5490,0.5339,-13.30,0.21,1.19
0.9507,0.7876,0.5470,0.5344,-13.09,-0.21,1.26
0.9519,0.7837,0.5470,0.5334,-13.09,0.56,2.73
0.9530,0.7818,0.5519,0.5339,-13.44,0.28,2.10
0.9542,0.7798,0.5510,0.5348,-12.95,0.56,2.31
0.9554,0.7808,0.5485,0.5339,-13.65,0.56,2.31
0.9565,0.7842,0.5480,0.5329,-13.30,0.07,2.03
0.9577,0.7828,0.5514,0.5305,-13.93,0.56,2.52
0.9589,0.7798,0.5544,0.5305,-13.23,0.14,1.75
0.9601,0.7774,0.5514,0.5295,-13.86,0.14,2.59
0.9612,0.7774,0.5514,0.5295,-13.58,0.07,1.54
0.9624,0.7793,0.5563,0.5329,-13.51,0.21,2.80
0.9636,0.7788,0.5592,0.5305,-13.65,0.21,1.26
0.9648,0.7798,0.5568,0.5339,-13.58,0.35,2.73
0.9659,0.7754,0.5539,0.5392,-14.00,-0.28,1.19
0.9660,0.7759,0.5568,0.5368,-13.51,0.14,2.73
0.9660,0.7828,0.5607,0.5344,-14.28,-0.21,1.12
0.9661,0.7837,0.5607,0.5412,-13.51,0.21,2.45
0.9661,0.7798,0.5627,0.5388,-13.86,0.49,2.52
0.9662,0.7759,0.5651,0.5348,-14.28,-0.35,0.70
0.9662,0.7740,0.5632,0.5348,-13.86,0.14,1.96
0.9662,0.7774,0.5666,0.5353,-14.35,-0.28,1.26
0.9663,0.7740,0.5700,0.5319,-14.07,0.56,1.68
0.9663,0.7696,0.5719,0.5348,-14.49,-0.42,1.19
0.9664,0.7725,0.5729,0.5397,-14.28,0.56,1.40
0.9664,0.7696,0.5734,0.5397,-14.21,-0.07,1.19
0.9665,0.7666,0.5739,0.5358,-14.63,0.35,0.98
0.9665,0.7666,0.5739,0.5344,-14.35,-0.21,0.98
0.9665,0.7662,0.5754,0.5358,-14.70,0.42,0.98
0.9666,0.7691,0.5714,0.5348,-14.42,0.28,0.98
0.9666,0.7701,0.5705,0.5358,-14.70,0.35,0.49
0.9667,0.7686,0.5758,0.5358,-14.28,0.28,0.98
0.9667,0.7647,0.5763,0.5339,-14.77,0.35,0.35
0.9668,0.7627,0.5763,0.5348,-14.77,0.42,0.70
0.9668,0.7603,0.5773,0.5397,-14.91,0.56,0.21
0.9682,0.7623,0.5714,0.5353,-14.84,0.56,0.49
0.9696,0.7603,0.5700,0.5305,-14.98,0.42,-0.21
0.9710,0.7549,0.5705,0.5392,-14.77,0.98,0.70
0.9724,0.7569,0.5705,0.5388,-15.47,0.70,-0.42
0.9738,0.7574,0.5700,0.5348,-15.26,0.98,-0.28
0.9752,0.7584,0.5700,0.5348,-15.26,0.63,-0.42
0.9766,0.7569,0.5700,0.5353,-15.33,1.47,-0.21
0.9780,0.7549,0.5710,0.5344,-15.40,0.98,-0.98
0.9794,0.7554,0.5729,0.5383,-15.47,1.47,-0.42
0.9808,0.7549,0.5719,0.5383,-15.82,1.33,-1.40
0.9822,0.7544,0.5685,0.5334,-15.47,1.40,-0.70
0.9836,0.7530,0.5675,0.5329,-16.10,1.54,-1.26
0.9849,0.7515,0.5680,0.5334,-15.75,2.10,-1.05
0.9863,0.7530,0.5685,0.5363,-16.17,1.82,-1.54
0.9877,0.7540,0.5719,0.5378,-15.89,1.82,-1.33
0.9891,0.7525,0.5729,0.5339,-16.45,2.24,-1.96
0.9905,0.7491,0.5729,0.5334,-16.10,1.82,-1.75
0.9919,0.7481,0.5729,0.5353,-16.38,2.10,-2.38
0.9933,0.7476,0.5729,0.5373,-16.31,2.45,-1.68
0.9947,0.7505,0.5749,0.5353,-16.52,2.87,-2.03
0.9949,0.7496,0.5734,0.5348,-17.15,3.01,-2.10
0.9951,0.7462,0.5729,0.5314,-17.22,2.45,-3.15
0.9954,0.7447,0.5739,0.5324,-16.80,3.22,-2.59
0.9956,0.7447,0.5754,0.5324,-17.57,2.94,-2.73
0.9958,0.7422,0.5734,0.5309,-17.08,3.57,-2.73
0.9960,0.7418,0.5705,0.5314,-17.71,3.01,-3.43
0.9962,0.7422,0.5690,0.5339,-17.64,3.85,-3.08
0.9964,0.7408,0.5685,0.5314,-17.78,3.29,-3.71
0.9966,0.7398,0.5724,0.5285,-17.71,3.99,-2.94
0.9969,0.7354,0.5773,0.5309,-18.13,3.64,-4.13
0.9971,0.7340,0.5749,0.5309,-17.99,4.13,-3.29
0.9973,0.7340,0.5700,0.5314,-18.34,3.99,-4.34
0.9975,0.7335,0.5705,0.5344,-18.06,4.48,-3.78
0.9977,0.7369,0.5700,0.5329,-18.69,4.55,-4.34
0.9979,0.7354,0.5710,0.5319,-18.20,4.76,-3.64
0.9981,0.7320,0.5705,0.5305,-19.18,5.04,-4.69
0.9983,0.7305,0.5651,0.5241,-18.62,4.90,-4.41
0.9986,0.7286,0.5651,0.5256,-19.25,5.46,-4.69
0.9988,0.7266,0.5695,0.5290,-19.32,4.90,-4.83
0.9990,0.7237,0.5671,0.5261,-19.32,5.81,-4.76
0.9996,0.7208,0.5651,0.5241,-19.25,5.67,-4.55
1.0002,0.7193,0.5671,0.5270,-19.88,5.74,-5.11
1.0008,0.7203,0.5646,0.5290,-19.67,6.16,-5.18
1.0014,0.7208,0.5632,0.5300,-19.95,6.23,-5.25
1.0020,0.7174,0.5617,0.5280,-20.30,6.72,-5.18
1.0026,0.7169,0.5588,0.5300,-20.51,6.44,-5.25
1.0032,0.7174,0.5578,0.5314,-20.65,6.93,-5.88
1.0039,0.7130,0.5563,0.5266,-20.65,7.00,-5.39
1.0045,0.7081,0.5568,0.5256,-21.00,7.28,-5.46
1.0051,0.7071,0.5558,0.5256,-21.00,7.28,-5.67
1.0057,0.7052,0.5544,0.5266,-21.28,7.77,-5.67
1.0063,0.7066,0.5549,0.5251,-21.56,7.70,-5.95
1.0069,0.7091,0.5534,0.5222,-21.35,7.84,-5.88
1.0075,0.7091,0.5524,0.5241,-21.91,8.05,-6.16
1.0081,0.7061,0.5519,0.5236,-21.98,8.40,-5.95
1.0087,0.7027,0.5519,0.5202,-22.33,8.19,-6.44
1.0093,0.7037,0.5534,0.5207,-22.33,8.68,-5.74
1.0099,0.7071,0.5529,0.5251,-22.61,8.61,-6.51
1.0105,0.7013,0.5475,0.5226,-23.10,8.82,-6.30
1.0111,0.7008,0.5500,0.5217,-22.96,9.31,-6.30
1.0117,0.7017,0.5553,0.5222,-23.52,9.31,-6.23
1.0124,0.7017,0.5563,0.5241,-23.38,9.66,-6.65
1.0130,0.6988,0.5505,0.5222,-23.87,9.59,-6.37
1.0136,0.6949,0.5466,0.5212,-23.87,10.50,-6.37
1.0142,0.6988,0.5470,0.5222,-24.08,9.87,-6.51
1.0148,0.7047,0.5456,0.5212,-24.43,10.71,-6.72
1.0154,0.7027,0.5461,0.5192,-24.36,10.22,-6.72
1.0160,0.7003,0.5470,0.5202,-24.85,11.06,-6.51
1.0166,0.6988,0.5427,0.5173,-24.92,10.15,-6.93
1.0172,0.6964,0.5412,0.5153,-25.27,11.55,-6.16
1.0178,0.6969,0.5417,0.5183,-25.20,10.29,-7.35
1.0184,0.6998,0.5427,0.5187,-25.55,11.62,-6.44
1.0190,0.7008,0.5446,0.5178,-25.97,11.34,-7.07
1.0196,0.6998,0.5441,0.5202,-25.69,11.41,-6.44
1.0202,0.7003,0.5407,0.5236,-26.25,11.13,-7.00
1.0208,0.6998,0.5397,0.5226,-26.25,11.62,-6.65
1.0214,0.7013,0.5417,0.5222,-26.25,11.90,-6.79
1.0220,0.7047,0.5383,0.5207,-26.95,11.97,-6.86
1.0226,0.7037,0.5348,0.5183,-26.95,12.11,-6.72
1.0232,0.7017,0.5344,0.5173,-27.16,12.04,-6.93
1.0237,0.7013,0.5358,0.5153,-27.23,12.11,-6.72
1.0242,0.7037,0.5348,0.5153,-27.65,12.18,-6.93
1.0247,0.7052,0.5344,0.5124,-27.58,12.39,-6.65
1.0252,0.7032,0.5368,0.5168,-28.35,12.67,-6.93
1.0257,0.7037,0.5368,0.5187,-28.00,12.25,-6.72
1.0261,0.7052,0.5353,0.5173,-28.77,12.32,-7.07
1.0266,0.7042,0.5368,0.5163,-28.70,12.88,-6.51
1.0271,0.7052,0.5383,0.5134,-28.77,12.67,-7.07
1.0276,0.7052,0.5363,0.5129,-28.84,12.53,-6.86
1.0281,0.7061,0.5344,0.5144,-29.19,12.60,-6.86
1.0286,0.7076,0.5373,0.5148,-29.54,13.23,-6.51
1.0291,0.7096,0.5358,0.5163,-29.40,12.60,-6.93
1.0296,0.7105,0.5300,0.5202,-29.89,13.51,-6.72
1.0301,0.7110,0.5353,0.5139,-29.68,12.53,-6.86
1.0305,0.7100,0.5383,0.5104,-30.17,13.37,-6.44
1.0310,0.7100,0.5368,0.5144,-30.31,12.95,-6.65
1.0315,0.7120,0.5402,0.5178,-30.45,13.30,-6.37
1.0320,0.7130,0.5407,0.5217,-30.66,12.32,-7.00
1.0325,0.7154,0.5388,0.5163,-31.01,13.65,-6.09
1.0330,0.7208,0.5436,0.5139,-31.22,13.79,-5.81
1.0336,0.7188,0.5475,0.5139,-31.78,12.11,-7.56
1.0341,0.7159,0.5456,0.5134,-31.01,13.51,-5.81
1.0347,0.7159,0.5480,0.5148,-32.06,12.18,-7.63
1.0353,0.7169,0.5510,0.5183,-31.78,13.30,-5.74
1.0359,0.7198,0.5480,0.5148,-32.48,12.60,-7.28
1.0364,0.7193,0.5490,0.5104,-31.92,12.74,-5.81
1.0370,0.7193,0.5529,0.5129,-32.83,12.53,-6.79
1.0376,0.7188,0.5505,0.5168,-31.92,12.53,-6.02
1.0382,0.7164,0.5475,0.5139,-33.11,12.46,-6.86
1.0387,0.7154,0.5514,0.5100,-32.69,12.18,-6.44
1.0393,0.7193,0.5558,0.5114,-33.04,12.81,-6.44
1.0399,0.7198,0.5549,0.5139,-32.90,12.39,-6.23
1.0405,0.7164,0.5544,0.5124,-33.25,12.25,-6.79
1.0410,0.7164,0.5544,0.5080,-33.39,11.69,-6.58
1.0416,0.7183,0.5544,0.5109,-33.46,12.11,-6.09
1.0422,0.7218,0.5524,0.5139,-33.81,11.62,-6.44
1.0428,0.7164,0.5524,0.5119,-33.25,11.97,-6.51
1.0433,0.7149,0.5544,0.5090,-34.16,11.69,-6.79
1.0439,0.7174,0.5519,0.5090,-34.02,11.90,-6.30
1.0445,0.7188,0.5480,0.5134,-34.09,11.20,-7.00
1.0451,0.7218,0.5514,0.5139,-34.09,11.69,-5.95
1.0456,0.7193,0.5539,0.5104,-34.58,10.92,-6.93
1.0462,0.7154,0.5539,0.5090,-34.37,11.69,-6.16
1.0468,0.7169,0.5534,0.5129,-34.86,10.85,-7.14
1.0474,0.7188,0.5510,0.5139,-34.44,11.20,-6.23
1.0479,0.7188,0.5539,0.5109,-35.00,10.92,-7.35
1.0485,0.7198,0.5568,0.5129,-34.86,10.78,-6.44
1.0491,0.7222,0.5553,0.5119,-35.56,10.78,-7.49
1.0496,0.7198,0.5539,0.5104,-35.35,10.36,-6.51
1.0502,0.7159,0.5563,0.5114,-35.56,10.50,-7.56
1.0508,0.7188,0.5568,0.5114,-35.56,10.15,-6.72
1.0514,0.7218,0.5529,0.5119,-35.84,10.08,-7.63
1.0519,0.7188,0.5500,0.5090,-35.77,9.66,-7.21
1.0525,0.7183,0.5490,0.5100,-36.19,9.94,-7.70
1.0531,0.7169,0.5480,0.5139,-36.47,9.80,-7.56
1.0537,0.7213,0.5466,0.5153,-36.40,8.68,-7.84
1.0542,0.7193,0.5456,0.5109,-36.68,9.52,-7.56
1.0548,0.7149,0.5446,0.5056,-36.96,8.75,-8.19
1.0554,0.7149,0.5466,0.5061,-36.75,9.24,-7.63
1.0559,0.7169,0.5485,0.5085,-37.17,8.26,-8.47
1.0565,0.7169,0.5485,0.5085,-37.10,8.96,-7.49
1.0570,0.7154,0.5475,0.5114,-37.38,7.77,-9.31
1.0575,0.7120,0.5461,0.5144,-37.52,8.61,-7.35
1.0580,0.7115,0.5480,0.5134,-37.73,7.77,-9.24
1.0585,0.7130,0.5485,0.5109,-37.38,8.33,-7.77
1.0591,0.7115,0.5436,0.5065,-38.22,7.42,-9.10
1.0596,0.7115,0.5422,0.5109,-37.66,7.84,-7.91
1.0601,0.7096,0.5480,0.5104,-38.43,7.35,-9.24
1.0606,0.7056,0.5505,0.5036,-37.87,6.93,-8.40
1.0611,0.7052,0.5470,0.5056,-38.50,7.07,-8.96
1.0617,0.7052,0.5490,0.5031,-38.22,6.72,-8.40
1.0622,0.7047,0.5524,0.5041,-38.57,7.49,-8.61
1.0627,0.7066,0.5495,0.5065,-38.64,6.30,-8.75
1.0632,0.7061,0.5451,0.5046,-38.78,5.88,-8.96
1.0637,0.7047,0.5470,0.5022,-39.13,6.51,-8.33
1.0643,0.7042,0.5451,0.5022,-39.34,5.95,-9.17
1.0648,0.7022,0.5431,0.4987,-39.41,6.02,-8.40
1.0653,0.7008,0.5427,0.4982,-39.62,5.53,-9.10
1.0658,0.6988,0.5373,0.5002,-39.20,5.74,-8.26
1.0663,0.6988,0.5344,0.4987,-40.11,5.32,-9.31
1.0678,0.6974,0.5348,0.4973,-39.69,5.53,-7.84
1.0692,0.6949,0.5305,0.4973,-40.32,4.55,-9.59
1.0707,0.6974,0.5285,0.5026,-39.69,5.39,-7.63
1.0721,0.6978,0.5305,0.5022,-40.60,4.41,-9.52
1.0736,0.6934,0.5305,0.4987,-39.97,5.18,-7.28
1.0750,0.6954,0.5300,0.5017,-40.95,4.06,-9.52
1.0765,0.6974,0.5285,0.4982,-40.32,4.83,-7.21
1.0779,0.6944,0.5285,0.4978,-40.88,4.27,-9.31
1.0794,0.6959,0.5266,0.4997,-40.67,4.69,-7.07
1.0808,0.6978,0.5231,0.4978,-41.02,3.92,-8.89
1.0823,0.6930,0.5192,0.4973,-41.23,3.92,-7.07
1.0838,0.6920,0.5197,0.4943,-41.23,4.13,-8.33
1.0852,0.6944,0.5222,0.4963,-41.72,3.29,-7.70
1.0867,0.6900,0.5163,0.4982,-41.44,3.57,-7.91
1.0881,0.6866,0.5124,0.4958,-42.07,3.22,-7.70
1.0896,0.6881,0.5119,0.4934,-41.44,3.36,-7.28
1.0910,0.6861,0.5139,0.4939,-42.35,3.01,-7.91
1.0925,0.6827,0.5139,0.4929,-41.93,3.29,-6.79
1.0939,0.6852,0.5148,0.4895,-42.70,2.66,-7.98
1.0954,0.6832,0.5168,0.4895,-42.28,3.08,-6.30
1.0954,0.6769,0.5109,0.4943,-43.05,2.66,-7.77
1.0954,0.6773,0.5051,0.4978,-42.42,2.52,-6.30
1.0955,0.6812,0.5026,0.4934,-43.47,2.45,-7.77
1.0955,0.6827,0.5012,0.4885,-43.12,2.52,-6.02
1.0955,0.6788,0.4982,0.4880,-43.61,2.10,-7.70
1.0955,0.6764,0.4919,0.4860,-43.61,2.03,-5.81
1.0956,0.6793,0.4895,0.4841,-44.10,2.03,-7.42
1.0956,0.6769,0.4914,0.4880,-43.75,2.10,-5.46
1.0956,0.6739,0.4890,0.4895,-44.38,1.54,-7.42
1.0957,0.6749,0.4875,0.4851,-44.10,2.17,-5.25
1.0957,0.6754,0.4856,0.4817,-45.01,1.47,-6.86
1.0957,0.6739,0.4831,0.4846,-44.59,1.40,-5.53
1.0957,0.6739,0.4851,0.4836,-45.36,1.68,-6.37
1.0958,0.6739,0.4821,0.4831,-44.94,1.26,-5.60
1.0958,0.6730,0.4792,0.4865,-45.64,1.26,-5.67
1.0958,0.6710,0.4797,0.4846,-45.29,0.91,-5.81
1.0959,0.6730,0.4773,0.4802,-46.13,0.84,-5.32
1.0959,0.6734,0.4758,0.4792,-46.06,0.63,-5.81
1.0959,0.6700,0.4743,0.4851,-46.62,0.91,-4.90
1.0959,0.6676,0.4729,0.4841,-46.55,0.56,-6.02
1.0974,0.6681,0.4724,0.4782,-46.76,1.12,-4.27
1.0988,0.6690,0.4719,0.4778,-47.11,-0.07,-5.81
1.1003,0.6651,0.4724,0.4758,-46.90,0.07,-4.13
1.1017,0.6671,0.4738,0.4734,-47.95,-0.14,-5.53
1.1032,0.6681,0.4704,0.4738,-47.60,0.56,-3.64
1.1046,0.6686,0.4665,0.4782,-48.44,-0.28,-5.04
1.1061,0.6617,0.4636,0.4738,-47.88,-0.14,-3.64
1.1075,0.6627,0.4660,0.4743,-48.30,-0.14,-3.43
1.1089,0.6627,0.4670,0.4729,-49.35,-0.70,-4.62
1.1104,0.6598,0.4660,0.4738,-48.79,-0.56,-3.29
1.1118,0.6559,0.4656,0.4753,-49.77,-0.14,-3.85
1.1133,0.6573,0.4607,0.4748,-49.14,-0.56,-3.22
1.1147,0.6588,0.4626,0.4719,-50.12,-0.77,-3.78
1.1162,0.6564,0.4626,0.4685,-49.91,-1.26,-3.29
1.1176,0.6578,0.4597,0.4695,-50.26,-0.70,-3.15
1.1191,0.6588,0.4631,0.4743,-50.40,-1.19,-3.29
1.1205,0.6573,0.4626,0.4709,-50.89,-1.05,-2.52
1.1219,0.6559,0.4607,0.4695,-50.82,-1.54,-3.43
1.1234,0.6510,0.4607,0.4724,-51.17,-1.12,-2.52
1.1248,0.6486,0.4582,0.4709,-51.45,-1.96,-3.08
1.1249,0.6525,0.4548,0.4690,-51.17,-1.33,-1.96
1.1249,0.6520,0.4529,0.4695,-51.94,-1.89,-2.94
1.1250,0.6515,0.4558,0.4714,-51.59,-1.40,-1.75
1.1250,0.6510,0.4568,0.4714,-52.50,-1.89,-2.80
1.1250,0.6446,0.4563,0.4695,-52.15,-2.03,-1.61
1.1251,0.6427,0.4534,0.4651,-52.92,-2.10,-2.24
1.1251,0.6427,0.4504,0.4626,-52.43,-1.89,-1.12
1.1252,0.6422,0.4538,0.4641,-52.92,-2.24,-1.33
1.1252,0.6393,0.4538,0.4656,-53.76,-2.31,-1.75
1.1252,0.6364,0.4573,0.4699,-53.41,-2.10,-0.98
1.1253,0.6398,0.4558,0.4675,-54.04,-2.73,-1.47
1.1253,0.6403,0.4543,0.4646,-53.83,-2.52,-0.70
1.1254,0.6388,0.4543,0.4656,-54.04,-2.66,-1.05
1.1254,0.6407,0.4548,0.4646,-54.32,-2.52,-0.63
1.1255,0.6427,0.4524,0.4631,-54.60,-3.15,-0.91
1.1255,0.6393,0.4504,0.4602,-54.95,-2.73,-0.42
1.1255,0.6417,0.4553,0.4607,-54.67,-2.80,-0.35
1.1256,0.6422,0.4602,0.4626,-55.16,-3.01,-0.49
1.1256,0.6403,0.4607,0.4616,-55.51,-3.01,0.07
1.1257,0.6412,0.4616,0.4573,-55.51,-3.29,-0.28
1.1257,0.6393,0.4602,0.4553,-55.44,-3.01,0.42
1.1257,0.6354,0.4568,0.4534,-55.93,-3.71,-0.56
1.1257,0.6349,0.4568,0.4548,-55.93,-3.15,0.91
1.1258,0.6359,0.4563,0.4573,-56.35,-3.92,-0.35
1.1258,0.6334,0.4582,0.4587,-55.93,-3.29,1.26
1.1258,0.6305,0.4607,0.4616,-56.84,-3.99,-0.14
1.1258,0.6320,0.4607,0.4612,-56.14,-3.43,1.33
1.1259,0.6334,0.4602,0.4621,-57.19,-3.99,0.21
1.1259,0.6315,0.4543,0.4607,-56.35,-3.92,1.75
1.1259,0.6290,0.4509,0.4563,-57.61,-4.27,0.28
1.1260,0.6271,0.4494,0.4553,-56.91,-4.06,1.54
1.1260,0.6290,0.4494,0.4563,-57.61,-4.27,0.70
1.1260,0.6276,0.4538,0.4548,-57.40,-4.41,1.47
1.1260,0.6237,0.4514,0.4573,-57.96,-4.06,1.12
1.1261,0.6232,0.4480,0.4621,-57.61,-4.76,1.68
1.1261,0.6217,0.4509,0.4568,-58.52,-4.20,1.54
1.1261,0.6217,0.4514,0.4529,-58.10,-5.04,1.26
1.1261,0.6232,0.4494,0.4553,-58.52,-4.48,1.61
1.1262,0.6276,0.4470,0.4558,-58.59,-4.97,1.61
1.1262,0.6246,0.4470,0.4563,-58.31,-4.41,1.75
1.1266,0.6217,0.4475,0.4563,-58.59,-5.32,1.26
1.1270,0.6242,0.4480,0.4548,-59.01,-4.90,2.24
1.1274,0.6237,0.4485,0.4519,-59.08,-5.18,1.19
1.1278,0.6222,0.4446,0.4514,-58.87,-5.46,2.03
1.1282,0.6188,0.4407,0.4504,-59.57,-5.39,1.19
1.1286,0.6207,0.4402,0.4455,-59.08,-4.69,2.31
1.1290,0.6227,0.4416,0.4460,-59.71,-5.32,1.47
1.1294,0.6207,0.4446,0.4475,-59.92,-5.88,1.89
1.1298,0.6212,0.4436,0.4465,-59.99,-5.88,1.05
1.1302,0.6202,0.4426,0.4470,-59.92,-5.60,2.24
1.1306,0.6193,0.4460,0.4485,-60.62,-6.30,1.05
1.1310,0.6202,0.4431,0.4455,-60.41,-5.88,2.31
1.1314,0.6198,0.4377,0.4397,-60.55,-5.88,0.98
1.1318,0.6173,0.4382,0.4431,-60.62,-6.16,2.17
1.1322,0.6193,0.4382,0.4470,-61.11,-6.23,0.98
1.1326,0.6183,0.4377,0.4446,-60.83,-6.23,1.61
1.1329,0.6154,0.4372,0.4451,-61.39,-6.37,0.84
1.1333,0.6159,0.4368,0.4470,-61.25,-6.44,1.26
1.1337,0.6154,0.4358,0.4451,-61.81,-6.23,0.98
1.1341,0.6129,0.4358,0.4436,-61.39,-7.07,0.63
1.1359,0.6115,0.4353,0.4441,-61.60,-6.37,1.26
1.1376,0.6105,0.4338,0.4412,-62.09,-7.70,-0.14
1.1393,0.6076,0.4338,0.4363,-62.09,-6.79,1.26
1.1410,0.6095,0.4314,0.4412,-62.16,-7.00,-0.28
1.1427,0.6134,0.4299,0.4451,-62.09,-7.28,1.26
1.1445,0.6124,0.4304,0.4446,-63.00,-7.63,-0.98
1.1462,0.6090,0.4294,0.4451,-62.44,-7.49,0.77
1.1479,0.6080,0.4270,0.4416,-63.07,-7.56,-1.26
1.1496,0.6110,0.4250,0.4421,-62.72,-7.84,0.42
1.1513,0.6139,0.4260,0.4436,-63.56,-7.56,-0.84
1.1531,0.6139,0.4280,0.4436,-62.93,-8.26,-0.35
1.1548,0.6129,0.4270,0.4431,-63.84,-8.12,-1.33
1.1565,0.6139,0.4280,0.4451,-63.21,-8.54,-0.77
1.1582,0.6154,0.4270,0.4436,-63.98,-8.26,-1.54
1.1600,0.6124,0.4246,0.4416,-63.42,-8.68,-0.91
1.1617,0.6120,0.4270,0.4431,-64.19,-8.19,-1.75
1.1634,0.6139,0.4260,0.4402,-63.63,-9.17,-1.89
1.1651,0.6124,0.4241,0.4387,-64.12,-8.89,-1.89
1.1668,0.6134,0.4265,0.4416,-64.26,-9.17,-1.96
1.1686,0.6144,0.4270,0.4412,-64.40,-8.68,-1.96
1.1699,0.6090,0.4246,0.4368,-64.47,-9.24,-2.17
1.1712,0.6100,0.4182,0.4348,-64.26,-9.94,-2.59
1.1726,0.6124,0.4128,0.4338,-64.82,-9.17,-2.52
1.1739,0.6129,0.4158,0.4353,-65.31,-10.01,-3.01
1.1752,0.6124,0.4172,0.4358,-64.54,-10.22,-2.87
1.1766,0.6115,0.4148,0.4348,-65.17,-9.94,-3.01
1.1779,0.6105,0.4133,0.4377,-65.03,-10.64,-2.87
1.1792,0.6149,0.4138,0.4392,-65.45,-10.43,-3.43
1.1806,0.6198,0.4094,0.4358,-64.96,-10.92,-3.43
1.1819,0.6183,0.4050,0.4348,-65.59,-10.78,-3.29
1.1832,0.6149,0.4036,0.4372,-65.45,-11.13,-3.57
1.1846,0.6154,0.4026,0.4368,-65.66,-10.92,-3.57
1.1859,0.6159,0.4031,0.4363,-65.31,-11.41,-3.64
1.1872,0.6139,0.4026,0.4338,-65.94,-11.76,-3.99
1.1886,0.6120,0.4026,0.4333,-65.66,-11.83,-3.71
1.1899,0.6139,0.4002,0.4353,-66.08,-11.83,-4.13
1.1912,0.6168,0.3972,0.4338,-65.66,-12.32,-3.64
1.1926,0.6149,0.3963,0.4294,-66.29,-12.04,-4.13
1.1939,0.6124,0.3943,0.4265,-66.01,-12.74,-3.71
1.1952,0.6144,0.3953,0.4275,-66.08,-12.53,-4.34
1.1953,0.6163,0.3977,0.4304,-66.15,-12.18,-3.64
1.1953,0.6139,0.3938,0.4299,-65.94,-13.51,-4.48
1.1953,0.6124,0.3909,0.4250,-65.94,-12.53,-3.36
1.1954,0.6120,0.3909,0.4246,-66.50,-14.00,-4.76
1.1954,0.6129,0.3894,0.4260,-65.87,-12.81,-3.08
1.1954,0.6173,0.3880,0.4275,-66.50,-13.93,-4.27
1.1955,0.6163,0.3904,0.4294,-66.22,-13.79,-3.71
1.1955,0.6144,0.3904,0.4299,-66.50,-14.77,-3.99
1.1956,0.6149,0.3855,0.4275,-65.80,-13.79,-3.64
1.1956,0.6149,0.3841,0.4275,-66.64,-14.63,-3.78
1.1956,0.6168,0.3806,0.4304,-66.22,-14.42,-3.78
1.1957,0.6163,0.3797,0.4304,-66.50,-14.98,-3.50
1.1957,0.6144,0.3826,0.4290,-66.15,-15.26,-4.06
1.1957,0.6163,0.3802,0.4260,-66.43,-15.33,-3.08
1.1958,0.6149,0.3777,0.4241,-66.36,-15.89,-4.20
1.1958,0.6159,0.3772,0.4275,-66.36,-15.75,-2.80
1.1958,0.6183,0.3753,0.4290,-66.22,-16.24,-3.85
1.1959,0.6198,0.3719,0.4265,-66.22,-16.24,-2.80
1.1959,0.6217,0.3723,0.4270,-66.29,-17.08,-3.50
1.1959,0.6183,0.3743,0.4290,-66.22,-16.66,-2.52
1.1960,0.6251,0.3714,0.4246,-66.29,-17.01,-2.66
1.1960,0.6256,0.3699,0.4207,-65.87,-17.57,-2.17
1.1960,0.6256,0.3714,0.4211,-66.29,-17.71,-3.08
1.1960,0.6290,0.3694,0.4197,-66.22,-17.99,-1.75
1.1961,0.6281,0.3675,0.4211,-65.87,-18.13,-2.66
1.1961,0.6305,0.3650,0.4231,-66.22,-18.76,-1.61
1.1961,0.6295,0.3616,0.4255,-65.73,-18.76,-2.52
1.1961,0.6290,0.3626,0.4280,-65.87,-19.04,-1.12
1.1961,0.6320,0.3645,0.4265,-66.01,-19.39,-2.03
1.1962,0.6285,0.3611,0.4211,-65.73,-20.23,-1.75
1.1962,0.6266,0.3626,0.4187,-65.87,-19.74,-1.54
1.1962,0.6261,0.3631,0.4211,-65.66,-20.65,-1.33
1.1962,0.6256,0.3597,0.4226,-65.87,-20.37,-1.54
1.1963,0.6261,0.3597,0.4187,-65.45,-21.35,-1.12
1.1963,0.6305,0.3567,0.4163,-65.87,-21.07,-0.91
1.1963,0.6329,0.3538,0.4187,-65.10,-21.98,-1.33
1.1963,0.6300,0.3523,0.4231,-65.59,-21.84,-0.84
1.1963,0.6281,0.3499,0.4260,-65.03,-22.40,-1.19
1.1964,0.6315,0.3514,0.4236,-65.59,-22.33,-0.49
1.1964,0.6315,0.3475,0.4241,-65.31,-23.66,-0.70
1.1966,0.6324,0.3440,0.4192,-65.17,-23.59,-0.77
1.1969,0.6315,0.3416,0.4202,-65.03,-24.15,-0.77
1.1971,0.6324,0.3411,0.4207,-64.75,-24.36,-0.49
1.1973,0.6344,0.3392,0.4211,-65.24,-24.71,-0.84
1.1976,0.6329,0.3338,0.4221,-64.75,-25.55,-0.35
1.1978,0.6271,0.3289,0.4192,-65.24,-25.41,-0.49
1.1980,0.6281,0.3279,0.4202,-64.12,-25.69,-0.21
1.1983,0.6315,0.3294,0.4250,-65.17,-26.60,-0.42
1.1985,0.6310,0.3255,0.4236,-64.26,-26.67,-0.14
1.1988,0.6320,0.3226,0.4216,-64.82,-27.30,-0.49
1.1990,0.6354,0.3221,0.4207,-64.47,-27.30,0.28
1.1992,0.6315,0.3182,0.4192,-64.75,-28.07,-0.42
1.1995,0.6295,0.3138,0.4192,-64.33,-27.93,0.00
1.1997,0.6310,0.3172,0.4197,-64.47,-28.35,0.07
1.1999,0.6266,0.3109,0.4153,-64.05,-28.98,0.42
1.2002,0.6271,0.3109,0.4153,-64.26,-29.68,-0.42
1.2004,0.6320,0.3079,0.4197,-64.05,-29.61,0.70
1.2006,0.6295,0.3035,0.4177,-64.40,-30.59,-0.07
1.2009,0.6281,0.3001,0.4197,-63.84,-30.45,0.70
1.2011,0.6315,0.2943,0.4236,-64.19,-31.22,-0.07
1.2017,0.6295,0.2943,0.4197,-63.91,-31.15,0.98
1.2023,0.6261,0.2923,0.4168,-64.19,-31.57,0.07
1.2029,0.6242,0.2879,0.4211,-63.70,-32.20,0.77
1.2035,0.6237,0.2830,0.4221,-64.19,-32.20,0.21
1.2041,0.6242,0.2801,0.4202,-63.84,-33.04,1.19
1.2046,0.6256,0.2786,0.4202,-64.05,-32.83,0.21
1.2052,0.6251,0.2752,0.4207,-63.77,-33.39,1.47
1.2058,0.6256,0.2762,0.4172,-64.05,-33.88,0.84
1.2064,0.6271,0.2752,0.4172,-63.42,-34.16,1.61
1.2070,0.6266,0.2718,0.4197,-63.70,-34.30,1.12
1.2076,0.6266,0.2713,0.4207,-63.70,-35.00,1.61
1.2082,0.6256,0.2674,0.4192,-63.84,-35.07,1.54
1.2087,0.6232,0.2660,0.4207,-63.35,-35.35,1.89
1.2093,0.6227,0.2660,0.4197,-63.28,-35.56,2.03
1.2099,0.6232,0.2616,0.4177,-63.49,-35.84,2.45
1.2105,0.6237,0.2645,0.4168,-63.42,-37.38,2.03
1.2111,0.6251,0.2601,0.4177,-63.35,-36.89,3.08
1.2117,0.6232,0.2542,0.4211,-63.70,-38.01,2.17
1.2123,0.6222,0.2552,0.4207,-62.79,-37.66,3.43
1.2128,0.6212,0.2572,0.4202,-63.98,-38.43,2.45
1.2140,0.6202,0.2538,0.4246,-62.79,-38.50,3.92
1.2152,0.6193,0.2484,0.4236,-63.49,-39.20,2.94
1.2164,0.6198,0.2464,0.4255,-62.51,-39.34,4.55
1.2175,0.6202,0.2430,0.4285,-63.56,-39.55,3.22
1.2187,0.6188,0.2362,0.4275,-62.65,-40.25,4.76
1.2199,0.6178,0.2323,0.4260,-63.49,-40.32,3.78
1.2210,0.6202,0.2338,0.4231,-62.51,-41.09,5.04
1.2222,0.6207,0.2298,0.4275,-63.07,-40.81,4.34
1.2234,0.6173,0.2240,0.4314,-62.79,-41.23,5.46
1.2245,0.6154,0.2206,0.4309,-63.00,-41.58,4.76
1.2257,0.6149,0.2176,0.4324,-63.00,-42.14,5.60
1.2269,0.6154,0.2157,0.4309,-62.86,-42.14,5.18
1.2281,0.6149,0.2094,0.4275,-62.72,-42.42,6.51
1.2292,0.6120,0.2045,0.4275,-62.65,-42.56,6.37
1.2304,0.6120,0.2015,0.4290,-62.79,-43.61,5.95
1.2316,0.6139,0.1928,0.4294,-63.07,-43.54,6.72
1.2327,0.6129,0.1864,0.4299,-62.93,-44.10,6.30
1.2339,0.6134,0.1835,0.4309,-63.21,-44.24,6.86
1.2351,0.6163,0.1796,0.4338,-62.72,-44.94,6.72
1.2362,0.6163,0.1771,0.4324,-62.93,-45.36,6.86
1.2368,0.6159,0.1718,0.4304,-63.14,-45.22,7.42
1.2373,0.6173,0.1674,0.4333,-62.79,-45.85,7.70
1.2379,0.6163,0.1630,0.4343,-63.14,-46.06,7.56
1.2384,0.6202,0.1601,0.4299,-63.14,-46.48,8.19
1.2390,0.6202,0.1606,0.4324,-63.42,-46.55,8.26
1.2395,0.6178,0.1547,0.4329,-63.00,-47.18,8.54
1.2401,0.6188,0.1469,0.4294,-63.28,-47.25,8.61
1.2406,0.6193,0.1464,0.4294,-63.28,-47.88,9.03
1.2412,0.6246,0.1440,0.4294,-63.28,-48.02,9.31
1.2417,0.6232,0.1396,0.4299,-63.35,-48.58,9.52
1.2422,0.6212,0.1362,0.4280,-63.28,-49.14,9.59
1.2428,0.6261,0.1318,0.4285,-63.07,-49.35,10.50
1.2433,0.6266,0.1220,0.4290,-63.63,-49.35,10.29
1.2439,0.6232,0.1215,0.4275,-63.49,-49.91,10.85
1.2444,0.6266,0.1205,0.4270,-63.56,-50.26,11.13
1.2450,0.6324,0.1152,0.4241,-63.35,-50.82,11.20
1.2455,0.6354,0.1181,0.4265,-63.98,-50.96,11.69
1.2461,0.6368,0.1171,0.4285,-63.49,-51.24,12.18
1.2466,0.6373,0.1113,0.4250,-63.91,-52.01,11.83
1.2472,0.6393,0.1132,0.4255,-63.56,-52.15,13.02
1.2472,0.6417,0.1142,0.4275,-64.19,-52.71,12.81
1.2472,0.6476,0.1083,0.4260,-63.07,-52.92,13.51
1.2473,0.6495,0.1088,0.4231,-63.84,-53.48,13.44
1.2473,0.6500,0.1074,0.4216,-63.63,-53.62,14.28
1.2473,0.6549,0.1020,0.4216,-63.77,-54.53,14.28
1.2474,0.6583,0.1005,0.4226,-63.77,-54.46,14.84
1.2474,0.6632,0.1010,0.4260,-63.70,-55.51,15.05
1.2474,0.6686,0.1035,0.4304,-63.84,-55.16,15.26
1.2475,0.6700,0.1025,0.4270,-63.35,-56.28,15.75
1.2475,0.6739,0.0991,0.4290,-63.21,-57.05,16.94
1.2475,0.6793,0.0981,0.4285,-63.91,-57.40,16.10
1.2476,0.6764,0.0981,0.4275,-63.49,-58.17,17.29
1.2476,0.6744,0.0996,0.4275,-64.12,-58.10,17.29
1.2476,0.6798,0.0996,0.4294,-63.42,-58.87,18.20
1.2477,0.6822,0.0956,0.4294,-63.91,-59.29,17.64
1.2477,0.6788,0.0956,0.4314,-63.07,-60.13,18.69
1.2477,0.6793,0.0961,0.4343,-63.49,-59.99,18.41
1.2478,0.6812,0.0922,0.4372,-63.28,-61.18,18.97
1.2478,0.6852,0.0874,0.4397,-63.42,-60.83,19.18
1.2478,0.6886,0.0844,0.4397,-63.35,-61.81,19.81
1.2484,0.6891,0.0874,0.4372,-63.35,-62.09,19.81
1.2489,0.6861,0.0874,0.4382,-63.07,-63.07,19.81
1.2494,0.6817,0.0878,0.4363,-63.35,-62.86,21.07
1.2499,0.6822,0.0883,0.4368,-63.07,-63.91,20.23
1.2505,0.6832,0.0864,0.4436,-63.07,-63.77,22.12
1.2510,0.6861,0.0874,0.4421,-63.14,-64.96,20.79
1.2515,0.6871,0.0878,0.4416,-62.93,-65.03,22.61
1.2520,0.6871,0.0864,0.4455,-62.51,-65.66,21.63
1.2526,0.6900,0.0849,0.4490,-62.72,-66.08,23.17
1.2531,0.6886,0.0869,0.4514,-62.65,-66.85,22.40
1.2536,0.6861,0.0908,0.4519,-62.37,-67.27,23.66
1.2541,0.6876,0.0883,0.4470,-62.58,-67.27,23.38
1.2547,0.6852,0.0883,0.4455,-62.58,-69.09,23.24
1.2552,0.6842,0.0874,0.4485,-61.53,-69.09,24.99
1.2557,0.6871,0.0854,0.4455,-62.16,-69.16,24.78
1.2562,0.6920,0.0864,0.4421,-61.74,-70.42,25.13
1.2568,0.6915,0.0854,0.4436,-61.95,-70.28,25.48
1.2573,0.6886,0.0864,0.4421,-61.04,-71.19,25.62
1.2578,0.6891,0.0874,0.4431,-61.95,-71.05,26.32
1.2583,0.6881,0.0878,0.4436,-60.97,-72.17,25.97
1.2589,0.6842,0.0922,0.4441,-60.90,-72.38,27.30
1.2594,0.6847,0.0942,0.4480,-60.76,-73.50,26.32
1.2600,0.6871,0.0922,0.4504,-60.90,-73.08,27.93
1.2605,0.6871,0.0927,0.4485,-60.90,-74.20,26.67
1.2611,0.6876,0.0942,0.4451,-60.55,-74.34,28.42
1.2616,0.6886,0.0947,0.4460,-60.34,-75.11,27.37
1.2622,0.6886,0.0927,0.4494,-59.85,-75.53,28.56
1.2627,0.6934,0.0922,0.4499,-60.41,-75.46,28.35
1.2633,0.6949,0.0947,0.4519,-59.36,-76.44,29.05
1.2638,0.6964,0.0942,0.4543,-59.85,-76.79,28.84
1.2644,0.7013,0.0932,0.4563,-59.22,-77.56,28.77
1.2649,0.7017,0.0922,0.4568,-59.43,-77.35,29.47
1.2655,0.7008,0.0932,0.4577,-58.80,-78.61,28.98
1.2660,0.6954,0.0942,0.4568,-59.36,-78.54,30.24
1.2666,0.6944,0.0937,0.4602,-58.31,-79.59,29.12
1.2671,0.7003,0.0952,0.4641,-58.66,-79.45,30.52
1.2677,0.7027,0.0971,0.4646,-58.45,-80.57,29.47
1.2682,0.7027,0.0961,0.4660,-57.89,-80.29,30.94
1.2688,0.7017,0.0932,0.4690,-58.17,-81.83,29.75
1.2693,0.6939,0.0922,0.4729,-57.47,-81.20,31.29
1.2707,0.6949,0.0917,0.4743,-57.75,-82.60,30.17
1.2721,0.7022,0.0898,0.4773,-57.05,-82.25,31.22
1.2735,0.6993,0.0922,0.4782,-57.61,-83.16,30.66
1.2748,0.6944,0.0922,0.4792,-56.56,-83.37,31.43
1.2762,0.6964,0.0883,0.4812,-57.33,-84.14,30.38
1.2776,0.6934,0.0844,0.4797,-56.21,-84.98,31.64
1.2790,0.6895,0.0825,0.4782,-57.05,-84.63,31.22
1.2803,0.6886,0.0810,0.4831,-55.72,-84.98,31.71
1.2817,0.6886,0.0771,0.4875,-56.28,-85.61,31.92
1.2831,0.6871,0.0752,0.4851,-55.79,-86.45,31.57
1.2845,0.6832,0.0717,0.4875,-55.72,-85.75,32.27
1.2858,0.6817,0.0669,0.4958,-55.93,-86.94,31.78
1.2872,0.6759,0.0634,0.4973,-55.23,-87.22,32.34
1.2886,0.6686,0.0615,0.4929,-55.65,-87.50,32.13
1.2899,0.6647,0.0581,0.4929,-54.81,-87.43,32.90
1.2913,0.6617,0.0542,0.4973,-55.51,-87.92,32.20
1.2927,0.6583,0.0517,0.4978,-54.53,-88.34,33.25
1.2941,0.6564,0.0493,0.4982,-55.09,-88.62,32.55
1.2954,0.6520,0.0444,0.4997,-54.18,-89.04,33.74
1.2968,0.6437,0.0420,0.5022,-54.67,-89.18,33.11
1.2977,0.6378,0.0415,0.5065,-53.90,-89.04,34.23
1.2986,0.6334,0.0366,0.5075,-54.67,-89.81,33.25
1.2994,0.6295,0.0298,0.5070,-53.83,-89.53,34.79
1.3003,0.6173,0.0234,0.5158,-54.25,-89.74,33.81
1.3012,0.6115,0.0122,0.5173,-54.11,-89.88,34.93
1.3021,0.6076,0.0068,0.5187,-54.04,-90.65,34.79
1.3030,0.6061,0.0049,0.5226,-53.83,-90.30,35.56
1.3038,0.6071,-0.0024,0.5236,-54.11,-90.72,35.63
1.3047,0.6022,-0.0093,0.5266,-53.90,-90.65,36.12
1.3056,0.5963,-0.0107,0.5319,-54.04,-90.79,35.77
1.3065,0.5939,-0.0166,0.5285,-54.04,-90.30,37.38
1.3074,0.5890,-0.0264,0.5280,-54.18,-90.58,36.33
1.3082,0.5866,-0.0317,0.5334,-53.83,-90.37,38.36
1.3091,0.5861,-0.0342,0.5339,-53.90,-90.72,36.54
1.3100,0.5797,-0.0371,0.5339,-53.83,-90.37,39.20
1.3109,0.5758,-0.0425,0.5348,-54.11,-90.65,37.52
1.3118,0.5773,-0.0498,0.5402,-53.97,-90.30,40.11
1.3126,0.5749,-0.0551,0.5422,-54.18,-90.58,38.15
1.3135,0.5675,-0.0590,0.5417,-54.39,-90.16,40.53
1.3144,0.5675,-0.0630,0.5461,-54.25,-90.58,39.13
1.3144,0.5705,-0.0688,0.5461,-54.53,-90.23,41.09
1.3145,0.5661,-0.0742,0.5480,-55.02,-89.88,40.18
1.3145,0.5627,-0.0781,0.5480,-54.53,-90.30,41.58
1.3145,0.5602,-0.0834,0.5485,-55.02,-89.32,41.30
1.3146,0.5592,-0.0883,0.5495,-55.09,-90.51,41.37
1.3146,0.5558,-0.0947,0.5505,-55.23,-89.25,42.28
1.3146,0.5524,-0.1010,0.5529,-55.65,-89.95,42.14
1.3147,0.5519,-0.1088,0.5510,-55.30,-89.25,43.82
1.3147,0.5534,-0.1122,0.5500,-55.86,-89.25,42.63
1.3147,0.5510,-0.1127,0.5539,-56.07,-89.11,44.52
1.3148,0.5495,-0.1152,0.5544,-56.77,-89.11,43.33
1.3148,0.5549,-0.1235,0.5539,-56.14,-88.97,45.64
1.3148,0.5544,-0.1322,0.5549,-57.33,-88.97,43.68
1.3149,0.5558,-0.1366,0.5592,-57.05,-88.62,46.06
1.3149,0.5573,-0.1405,0.5588,-57.40,-88.69,44.45
1.3149,0.5563,-0.1444,0.5544,-57.40,-88.27,47.11
1.3150,0.5602,-0.1503,0.5563,-58.45,-88.48,45.22
1.3150,0.5627,-0.1557,0.5592,-57.82,-88.20,47.46
1.3150,0.5656,-0.1596,0.5607,-59.15,-88.27,46.20
1.3151,0.5675,-0.1664,0.5617,-58.52,-88.20,48.16
1.3151,0.5695,-0.1688,0.5583,-59.50,-88.13,46.69
1.3151,0.5744,-0.1688,0.5588,-59.22,-88.41,47.74
1.3152,0.5827,-0.1684,0.5612,-59.99,-87.29,48.16
1.3152,0.5880,-0.1684,0.5632,-60.20,-88.27,47.95
1.3152,0.5871,-0.1732,0.5656,-60.41,-87.57,49.07
1.3153,0.5890,-0.1767,0.5675,-61.11,-88.13,48.23
1.3153,0.5958,-0.1791,0.5690,-60.97,-87.50,49.91
1.3154,0.6032,-0.1767,0.5705,-61.88,-88.06,48.65
1.3154,0.6080,-0.1762,0.5695,-61.53,-87.50,50.47
1.3154,0.6100,-0.1840,0.5705,-62.65,-88.55,48.93
1.3155,0.6144,-0.1859,0.5729,-62.44,-87.85,51.31
1.3155,0.6232,-0.1884,0.5749,-63.42,-88.27,49.35
1.3156,0.6266,-0.1928,0.5788,-63.14,-88.06,51.66
1.3156,0.6295,-0.1928,0.5793,-64.12,-88.06,49.98
1.3156,0.6359,-0.1908,0.5817,-63.70,-88.34,51.87
1.3157,0.6427,-0.1937,0.5846,-65.10,-88.48,50.75
1.3157,0.6486,-0.1996,0.5836,-64.33,-88.83,52.15
1.3157,0.6510,-0.1996,0.5851,-65.66,-88.76,51.45
1.3158,0.6529,-0.1996,0.5871,-65.03,-89.04,52.43
1.3158,0.6554,-0.2015,0.5915,-66.08,-88.97,51.94
1.3169,0.6564,-0.2015,0.5958,-66.15,-89.95,52.36
1.3180,0.6656,-0.2064,0.5949,-67.06,-89.88,52.36
1.3190,0.6725,-0.2167,0.5929,-66.85,-89.81,52.85
1.3201,0.6778,-0.2201,0.5983,-67.06,-89.46,53.34
1.3212,0.6808,-0.2196,0.6032,-67.97,-90.51,53.48
1.3222,0.6788,-0.2196,0.6027,-67.83,-90.93,53.27
1.3233,0.6847,-0.2206,0.6012,-68.81,-91.07,53.13
1.3244,0.6910,-0.2255,0.6090,-68.32,-91.35,54.60
1.3254,0.7061,-0.2303,0.6115,-68.81,-91.35,55.02
1.3265,0.7081,-0.2377,0.6110,-70.00,-92.33,53.34
1.3276,0.7096,-0.2406,0.6090,-70.21,-92.54,55.79
1.3287,0.7135,-0.2416,0.6105,-71.05,-92.96,54.04
1.3297,0.7193,-0.2445,0.6124,-70.77,-92.75,56.07
1.3308,0.7242,-0.2494,0.6134,-71.82,-93.80,54.39
1.3319,0.7320,-0.2499,0.6149,-70.98,-93.73,56.42
1.3329,0.7330,-0.2484,0.6168,-72.80,-94.36,55.16
1.3340,0.7340,-0.2513,0.6227,-71.47,-94.50,56.84
1.3351,0.7418,-0.2582,0.6222,-72.87,-94.99,56.21
1.3361,0.7432,-0.2577,0.6222,-72.94,-95.90,57.12
1.3372,0.7452,-0.2523,0.6227,-73.22,-96.11,56.63
1.3378,0.7525,-0.2503,0.6256,-73.57,-96.25,57.47
1.3383,0.7549,-0.2552,0.6295,-74.48,-97.44,57.61
1.3389,0.7584,-0.2538,0.6285,-73.99,-97.65,58.66
1.3394,0.7593,-0.2499,0.6281,-75.11,-98.00,58.03
1.3400,0.7623,-0.2435,0.6276,-74.41,-99.05,59.36
1.3406,0.7706,-0.2420,0.6324,-75.60,-99.12,58.24
1.3411,0.7754,-0.2464,0.6388,-75.18,-99.61,60.06
1.3417,0.7754,-0.2494,0.6407,-76.09,-100.52,58.73
1.3422,0.7803,-0.2508,0.6417,-75.67,-100.73,60.41
1.3428,0.7857,-0.2518,0.6451,-76.72,-101.15,59.36
1.3433,0.7876,-0.2562,0.6446,-76.02,-102.20,60.55
1.3439,0.7910,-0.2625,0.6432,-76.86,-102.06,59.64
1.3445,0.7906,-0.2684,0.6456,-77.00,-103.04,60.76
1.3450,0.7901,-0.2694,0.6525,-77.00,-103.53,59.85
1.3456,0.7959,-0.2679,0.6588,-77.35,-104.16,61.04
1.3461,0.7998,-0.2738,0.6603,-77.77,-104.51,60.48
1.3467,0.8003,-0.2796,0.6642,-77.63,-105.42,60.97
1.3472,0.8028,-0.2826,0.6681,-78.19,-105.35,60.69
1.3478,0.8037,-0.2865,0.6817,-78.12,-106.12,61.32
1.3484,0.8037,-0.2933,0.6817,-79.03,-106.54,60.90
1.3489,0.8062,-0.2991,0.6886,-78.82,-107.45,61.25
1.3495,0.8042,-0.3021,0.6886,-79.10,-107.66,61.18
1.3501,0.8013,-0.3074,0.6925,-79.31,-108.43,61.53
1.3507,0.8018,-0.3138,0.6983,-79.66,-108.64,61.18
1.3512,0.8018,-0.3196,0.7042,-79.87,-109.62,61.04
1.3518,0.8008,-0.3245,0.7066,-79.80,-110.11,61.60
1.3524,0.8018,-0.3318,0.7130,-80.78,-110.53,61.25
1.3530,0.8018,-0.3416,0.7208,-80.36,-111.09,61.95
1.3535,0.7984,-0.3479,0.7193,-81.48,-111.58,60.97
1.3541,0.7989,-0.3543,0.7188,-80.85,-111.65,62.44
1.3547,0.7998,-0.3567,0.7247,-81.62,-112.56,61.60
1.3553,0.7993,-0.3592,0.7330,-81.34,-112.28,62.93
1.3558,0.7959,-0.3650,0.7369,-82.53,-113.05,61.95
1.3564,0.7969,-0.3743,0.7383,-81.76,-113.68,63.35
1.3570,0.7993,-0.3845,0.7398,-82.88,-113.89,62.44
1.3576,0.7969,-0.3894,0.7422,-82.53,-114.66,64.40
1.3582,0.7974,-0.3928,0.7457,-83.02,-114.73,63.07
1.3587,0.7993,-0.4016,0.7515,-82.95,-115.08,65.17
1.3593,0.8042,-0.4187,0.7569,-83.79,-115.85,66.01
1.3599,0.8067,-0.4236,0.7559,-84.14,-115.92,65.24
1.3604,0.8032,-0.4299,0.7588,-84.49,-116.62,66.64
1.3610,0.8018,-0.4412,0.7613,-84.63,-117.11,66.50
1.3615,0.8062,-0.4490,0.7598,-84.77,-117.60,67.55
1.3621,0.8086,-0.4529,0.7652,-85.47,-117.39,68.32
1.3626,0.8106,-0.4558,0.7652,-85.47,-118.09,68.46
1.3632,0.8125,-0.4573,0.7627,-86.03,-117.60,70.14
1.3637,0.8145,-0.4573,0.7662,-85.89,-118.79,69.51
1.3643,0.8154,-0.4651,0.7715,-86.31,-118.44,71.68
1.3648,0.8150,-0.4709,0.7706,-86.66,-119.63,70.77
1.3654,0.8145,-0.4724,0.7710,-86.73,-119.14,73.22
1.3659,0.8164,-0.4753,0.7764,-87.22,-119.98,72.17
1.3665,0.8218,-0.4768,0.7774,-87.08,-119.63,74.83
1.3670,0.8242,-0.4807,0.7793,-87.92,-120.82,73.78
1.3676,0.8257,-0.4851,0.7837,-87.57,-119.98,76.65
1.3681,0.8257,-0.4909,0.7876,-88.55,-121.24,75.11
1.3687,0.8301,-0.4973,0.7891,-87.85,-121.24,77.70
1.3692,0.8350,-0.4992,0.7945,-89.11,-121.24,77.07
1.3698,0.8345,-0.5002,0.7954,-88.20,-121.38,79.38
1.3703,0.8350,-0.5031,0.7920,-89.95,-121.87,78.75
1.3709,0.8364,-0.5114,0.7959,-88.90,-122.15,80.64
1.3721,0.8403,-0.5212,0.8032,-90.44,-122.29,80.71
1.3733,0.8447,-0.5261,0.8072,-89.46,-122.57,81.83
1.3745,0.8516,-0.5295,0.8028,-90.65,-122.71,82.25
1.3757,0.8564,-0.5363,0.7979,-90.72,-122.85,83.02
1.3768,0.8613,-0.5388,0.7979,-91.35,-123.13,83.86
1.3780,0.8682,-0.5392,0.8018,-91.07,-123.97,83.79
1.3792,0.8750,-0.5451,0.8037,-91.63,-123.48,86.03
1.3804,0.8784,-0.5456,0.8032,-92.40,-124.67,84.98
1.3816,0.8779,-0.5475,0.8047,-91.77,-124.32,87.15
1.3828,0.8818,-0.5534,0.8032,-92.75,-125.09,86.24
1.3840,0.8901,-0.5539,0.8003,-92.47,-124.67,88.62
1.3852,0.8965,-0.5544,0.7984,-93.38,-125.51,87.71
1.3864,0.8994,-0.5553,0.7993,-92.89,-125.58,89.74
1.3876,0.9023,-0.5568,0.7993,-94.08,-126.07,88.69
1.3888,0.9111,-0.5573,0.7964,-93.31,-126.77,90.58
1.3900,0.9170,-0.5568,0.7969,-94.92,-126.35,90.09
1.3912,0.9252,-0.5607,0.7998,-93.94,-127.19,91.77
1.3924,0.9374,-0.5622,0.7989,-95.34,-126.84,91.21
1.3936,0.9467,-0.5632,0.7984,-94.50,-128.45,92.33
1.3947,0.9540,-0.5661,0.7964,-95.69,-127.47,92.61
1.3953,0.9599,-0.5671,0.7920,-95.55,-128.87,93.38
1.3959,0.9697,-0.5705,0.7920,-95.69,-128.52,93.80
1.3965,0.9760,-0.5783,0.7969,-96.11,-129.15,93.87
1.3971,0.9799,-0.5832,0.8003,-96.25,-129.50,94.99
1.3977,0.9902,-0.5866,0.7984,-96.74,-130.20,94.64
1.3983,1.0019,-0.5905,0.7998,-96.39,-130.34,96.18
1.3988,1.0111,-0.5919,0.7959,-97.51,-130.62,95.20
1.3994,1.0111,-0.5919,0.7954,-96.67,-131.11,97.02
1.4000,1.0150,-0.5905,0.8008,-98.07,-131.46,95.55
1.4006,1.0219,-0.5954,0.7959,-97.51,-131.74,97.79
1.4012,1.0233,-0.5944,0.7906,-98.28,-132.30,96.25
1.4018,1.0282,-0.5895,0.7935,-97.79,-132.58,98.35
1.4024,1.0370,-0.5841,0.7945,-98.63,-133.07,97.02
1.4030,1.0394,-0.5861,0.7906,-98.84,-133.70,98.07
1.4035,1.0433,-0.5851,0.7906,-98.84,-134.96,98.91
1.4041,1.0433,-0.5851,0.7881,-99.12,-134.33,98.84
1.4047,1.0448,-0.5871,0.7828,-99.19,-135.52,99.33
1.4053,1.0502,-0.5895,0.7837,-99.33,-135.38,99.47
1.4059,1.0531,-0.5915,0.7862,-99.26,-136.15,99.96
1.4065,1.0536,-0.5890,0.7847,-99.61,-136.22,100.45
1.4069,1.0536,-0.5905,0.7788,-99.54,-137.13,100.17
1.4073,1.0541,-0.5900,0.7769,-99.47,-137.34,101.08
1.4078,1.0555,-0.5905,0.7793,-99.96,-137.76,100.87
1.4082,1.0546,-0.5915,0.7798,-99.54,-138.04,102.06
1.4086,1.0565,-0.5905,0.7745,-100.10,-138.18,101.36
1.4091,1.0565,-0.5929,0.7720,-99.68,-138.88,102.69
1.4095,1.0570,-0.5929,0.7754,-100.17,-138.95,102.13
1.4099,1.0604,-0.5954,0.7759,-99.68,-139.86,103.60
1.4104,1.0585,-0.6046,0.7764,-100.31,-139.51,103.04
1.4108,1.0604,-0.6100,0.7764,-99.75,-140.56,104.37
1.4112,1.0634,-0.6095,0.7749,-99.96,-140.21,104.09
1.4116,1.0677,-0.6139,0.7710,-100.03,-141.05,104.93
1.4121,1.0731,-0.6188,0.7710,-99.61,-141.96,105.91
1.4125,1.0785,-0.6261,0.7720,-100.10,-141.40,106.05
1.4129,1.0819,-0.6276,0.7706,-99.82,-142.45,106.75
1.4134,1.0829,-0.6290,0.7735,-99.82,-142.17,106.89
1.4138,1.0882,-0.6334,0.7784,-99.96,-143.22,107.17
1.4142,1.0965,-0.6359,0.7774,-99.68,-142.94,108.22
1.4147,1.1000,-0.6383,0.7735,-99.82,-143.99,108.01
1.4151,1.1024,-0.6417,0.7725,-99.68,-143.99,109.41
1.4151,1.1068,-0.6471,0.7735,-99.96,-144.41,108.99
1.4152,1.1112,-0.6476,0.7696,-99.26,-144.97,109.76
1.4152,1.1175,-0.6466,0.7701,-99.68,-144.55,109.97
1.4153,1.1204,-0.6476,0.7725,-99.40,-145.53,111.16
1.4153,1.1190,-0.6525,0.7706,-99.33,-145.46,111.09
1.4154,1.1195,-0.6539,0.7706,-99.12,-146.44,112.42
1.4154,1.1195,-0.6539,0.7735,-99.40,-146.16,112.21
1.4154,1.1185,-0.6637,0.7749,-98.91,-146.51,113.26
1.4155,1.1190,-0.6715,0.7774,-99.19,-146.79,113.40
1.4155,1.1170,-0.6764,0.7793,-98.84,-147.42,114.24
1.4156,1.1175,-0.6803,0.7774,-99.19,-147.63,114.73
1.4156,1.1161,-0.6861,0.7764,-98.28,-147.84,115.78
1.4157,1.1112,-0.6939,0.7784,-98.70,-148.40,116.41
1.4157,1.1131,-0.6998,0.7808,-98.00,-148.26,117.25
1.4158,1.1161,-0.7110,0.7847,-98.28,-148.47,117.95
1.4158,1.1141,-0.7208,0.7871,-98.28,-148.40,118.93
1.4158,1.1112,-0.7266,0.7852,-98.00,-149.17,119.63
1.4159,1.1112,-0.7374,0.7876,-98.21,-149.03,120.75
1.4159,1.1131,-0.7491,0.7930,-98.00,-149.38,121.94
1.4160,1.1146,-0.7554,0.7969,-97.79,-149.59,122.57
1.4166,1.1170,-0.7627,0.7964,-97.44,-150.15,123.97
1.4172,1.1165,-0.7715,0.7989,-97.86,-149.73,124.74
1.4177,1.1161,-0.7779,0.8008,-97.44,-150.29,125.86
1.4183,1.1200,-0.7886,0.8037,-97.72,-150.15,126.98
1.4189,1.1234,-0.7974,0.8042,-97.51,-150.29,128.03
1.4195,1.1258,-0.8052,0.8047,-97.23,-150.85,128.80
1.4201,1.1287,-0.8154,0.8086,-97.65,-150.64,130.34
1.4207,1.1326,-0.8213,0.8111,-97.23,-151.13,131.25
1.4213,1.1346,-0.8237,0.8154,-97.37,-151.62,132.37
1.4219,1.1331,-0.8291,0.8179,-97.37,-151.62,133.00
1.4224,1.1331,-0.8398,0.8237,-97.37,-151.27,134.12
1.4230,1.1429,-0.8442,0.8228,-97.16,-151.90,136.15
1.4236,1.1458,-0.8452,0.8179,-97.65,-152.67,136.08
1.4242,1.1429,-0.8520,0.8150,-97.02,-151.90,137.76
1.4248,1.1414,-0.8608,0.8159,-97.37,-152.88,137.76
1.4254,1.1444,-0.8638,0.8169,-97.37,-152.46,139.09
1.4260,1.1473,-0.8701,0.8198,-97.72,-153.23,138.95
1.4266,1.1448,-0.8769,0.8223,-97.37,-152.95,140.28
1.4272,1.1424,-0.8794,0.8262,-97.65,-153.30,140.28
1.4277,1.1478,-0.8769,0.8237,-97.44,-153.79,141.05
1.4282,1.1527,-0.8794,0.8208,-97.30,-153.72,141.26
1.4287,1.1551,-0.8828,0.8237,-97.37,-154.21,141.68
1.4292,1.1570,-0.8852,0.8233,-97.09,-154.28,142.10
1.4297,1.1580,-0.8921,0.8208,-97.58,-154.63,142.52
1.4302,1.1605,-0.8989,0.8208,-97.23,-154.49,142.87
1.4307,1.1639,-0.9043,0.8213,-96.95,-154.98,143.08
1.4312,1.1605,-0.9145,0.8233,-97.44,-155.26,143.01
1.4317,1.1595,-0.9209,0.8208,-97.30,-155.54,143.22
1.4322,1.1624,-0.9277,0.8237,-96.81,-156.52,142.31
1.4327,1.1619,-0.9277,0.8233,-97.16,-155.89,143.57
1.4332,1.1600,-0.9292,0.8198,-96.81,-156.94,141.68
1.4337,1.1619,-0.9331,0.8213,-96.46,-156.59,142.66
1.4342,1.1639,-0.9355,0.8233,-96.95,-157.29,141.05
1.4347,1.1649,-0.9370,0.8208,-96.18,-157.01,141.75
1.4352,1.1663,-0.9355,0.8242,-96.18,-158.06,139.37
1.4357,1.1619,-0.9365,0.8306,-95.97,-157.71,140.00
1.4362,1.1590,-0.9370,0.8286,-95.97,-158.55,137.90
1.4367,1.1619,-0.9355,0.8286,-95.48,-158.34,137.69
1.4372,1.1614,-0.9340,0.8311,-95.48,-158.90,135.17
1.4377,1.1590,-0.9287,0.8345,-94.99,-158.83,134.12
1.4383,1.1566,-0.9238,0.8364,-95.06,-158.90,132.30
1.4389,1.1546,-0.9165,0.8350,-94.22,-160.09,130.06
1.4395,1.1536,-0.9130,0.8316,-94.36,-159.39,128.52
1.4401,1.1531,-0.9150,0.8291,-93.52,-160.44,125.44
1.4407,1.1492,-0.9057,0.8281,-93.45,-159.60,123.76
1.4412,1.1409,-0.8813,0.8223,-92.68,-161.07,118.65
1.4418,1.1424,-0.8779,0.8203,-91.56,-161.21,113.96
1.4424,1.1419,-0.8721,0.8140,-90.51,-160.65,112.07
1.4430,1.1419,-0.8657,0.8067,-90.51,-160.86,107.52
1.4436,1.1419,-0.8589,0.7974,-89.11,-160.72,105.07
1.4442,1.1453,-0.8540,0.7857,-88.83,-160.79,100.80
1.4448,1.1502,-0.8516,0.7754,-87.01,-161.49,97.65
1.4454,1.1546,-0.8501,0.7657,-86.94,-160.72,93.87
1.4460,1.1580,-0.8545,0.7515,-85.19,-161.49,90.30
1.4466,1.1614,-0.8589,0.7340,-84.49,-161.00,86.45
1.4472,1.1678,-0.8647,0.7213,-83.09,-161.28,82.74
1.4478,1.1722,-0.8745,0.7081,-81.83,-160.65,79.38
1.4484,1.1800,-0.8818,0.6974,-80.78,-160.93,75.81
1.4490,1.1917,-0.8935,0.6837,-79.03,-160.16,72.24
1.4496,1.1990,-0.9087,0.6617,-77.98,-160.58,68.74
1.4501,1.2112,-0.9194,0.6422,-75.67,-160.02,65.31
1.4507,1.2263,-0.9292,0.6276,-74.83,-159.95,61.81
1.4513,1.2439,-0.9443,0.6095,-72.73,-159.39,59.15
1.4518,1.2629,-0.9599,0.5919,-71.47,-159.53,55.93
1.4524,1.2805,-0.9745,0.5812,-69.09,-158.90,53.62
1.4529,1.3020,-0.9921,0.5627,-67.83,-158.62,50.75
1.4535,1.3239,-1.0126,0.5422,-65.31,-158.20,48.51
1.4540,1.3508,-1.0346,0.5251,-63.63,-157.71,46.13
1.4546,1.3762,-1.0526,0.5065,-61.46,-157.78,44.10
1.4551,1.3971,-1.0712,0.4880,-59.36,-156.87,42.35
1.4557,1.4211,-1.0907,0.4719,-57.40,-157.29,40.74
1.4563,1.4518,-1.1170,0.4616,-54.81,-156.24,39.55
1.4568,1.4845,-1.1434,0.4465,-52.92,-156.24,38.08
1.4574,1.5143,-1.1634,0.4250,-49.84,-155.75,36.75
1.4579,1.5435,-1.1922,0.4060,-48.16,-155.26,36.33
1.4585,1.5714,-1.2220,0.3884,-45.29,-154.77,35.63
1.4590,1.6104,-1.2459,0.3675,-43.05,-154.56,34.79
1.4596,1.6514,-1.2717,0.3494,-39.76,-154.28,34.37
1.4601,1.6836,-1.3039,0.3309,-37.94,-153.65,34.79
1.4607,1.7168,-1.3337,0.3060,-34.86,-153.51,34.16
1.4633,1.7519,-1.3601,0.2826,-32.41,-153.23,34.30
1.4659,1.7861,-1.3898,0.2596,-29.61,-152.95,34.72
1.4684,1.8193,-1.4162,0.2381,-26.67,-152.46,35.28
1.4710,1.8500,-1.4372,0.2186,-24.08,-152.81,35.70
1.4736,1.8837,-1.4586,0.1937,-20.93,-151.97,36.96
1.4762,1.9169,-1.4821,0.1718,-18.69,-151.55,37.66
1.4788,1.9442,-1.5060,0.1493,-15.05,-151.41,39.20
1.4813,1.9730,-1.5274,0.1279,-12.32,-150.85,40.25
1.4839,2.0057,-1.5494,0.1122,-9.24,-151.06,41.58
1.4865,2.0384,-1.5758,0.0913,-6.23,-150.71,43.40
1.4891,2.0686,-1.5938,0.0673,-2.94,-150.78,44.94
1.4917,2.1043,-1.6104,0.0434,-0.14,-150.22,46.97
1.4942,2.1370,-1.6314,0.0234,3.64,-150.57,48.58
1.4968,2.1692,-1.6485,0.0000,6.51,-149.87,51.38
1.4994,2.2023,-1.6646,-0.0264,10.15,-150.22,53.20
1.5020,2.2326,-1.6831,-0.0444,13.72,-149.59,55.93
1.5046,2.2614,-1.7036,-0.0634,16.45,-150.15,57.96
1.5071,2.2873,-1.7212,-0.0893,20.72,-149.59,60.83
1.5097,2.3126,-1.7407,-0.1157,23.17,-149.80,63.07
1.5123,2.3375,-1.7646,-0.1376,27.30,-149.38,65.87
1.5123,2.3585,-1.7914,-0.1552,30.38,-149.59,68.60
1.5124,2.3834,-1.8144,-0.1742,34.16,-149.66,71.40
1.5124,2.4083,-1.8368,-0.2030,36.96,-149.31,73.99
1.5125,2.4288,-1.8661,-0.2313,40.81,-149.38,76.44
1.5125,2.4522,-1.8949,-0.2542,44.03,-149.17,79.73
1.5126,2.4756,-1.9203,-0.2762,47.95,-149.45,81.90
1.5126,2.5010,-1.9466,-0.2991,51.17,-148.68,84.98
1.5127,2.5234,-1.9749,-0.3245,54.46,-149.31,87.36
1.5127,2.5430,-2.0023,-0.3475,58.31,-148.61,90.16
1.5128,2.5625,-2.0291,-0.3694,60.97,-149.38,92.33
1.5128,2.5830,-2.0535,-0.3938,65.03,-148.89,95.41
1.5129,2.6045,-2.0784,-0.4231,67.83,-149.45,97.37
1.5129,2.6235,-2.1033,-0.4509,71.61,-148.89,100.66
1.5130,2.6415,-2.1257,-0.4748,74.13,-149.31,102.41
1.5130,2.6601,-2.1477,-0.5002,78.89,-149.17,105.00
1.5131,2.6728,-2.1711,-0.5324,81.13,-149.31,107.45
1.5131,2.6869,-2.1887,-0.5607,85.40,-149.38,109.48
1.5132,2.7050,-2.1984,-0.5861,87.85,-149.31,112.63
1.5132,2.7182,-2.2092,-0.6085,91.56,-149.66,114.10
1.5133,2.7318,-2.2258,-0.6310,95.27,-149.38,116.34
1.5133,2.7484,-2.2716,-0.6861,98.14,-149.31,120.54
1.5134,2.7577,-2.2980,-0.7154,105.07,-149.24,122.99
1.5134,2.7650,-2.3117,-0.7393,108.15,-149.59,124.25
1.5134,2.7709,-2.3126,-0.7618,111.58,-149.17,127.40
1.5135,2.7743,-2.3121,-0.8150,115.64,-149.17,128.24
1.5135,2.7753,-2.2956,-0.8335,122.15,-149.03,131.95
1.5136,2.7582,-2.2916,-0.8491,125.93,-149.52,134.89
1.5136,2.7396,-2.2775,-0.8677,129.78,-148.75,136.57
1.5136,2.7387,-2.2497,-0.8833,133.14,-149.31,138.25
1.5137,2.7592,-2.2287,-0.8969,137.48,-148.47,140.07
1.5137,2.7967,-2.2306,-0.9145,140.91,-149.03,140.56
1.5137,2.8465,-2.2516,-0.9418,144.90,-147.77,142.94
1.5138,2.8851,-2.2736,-0.9692,148.75,-149.24,143.71
1.5138,2.8992,-2.2755,-1.0009,152.46,-147.49,147.00
1.5139,2.8924,-2.2521,-1.0375,156.31,-148.75,147.07
1.5139,2.8797,-2.2077,-1.0746,160.72,-147.84,149.87
1.5139,2.8763,-2.1643,-1.1039,164.15,-148.05,149.59
1.5140,2.8699,-2.1394,-1.1307,168.84,-147.84,151.76
1.5140,2.8582,-2.1428,-1.1595,172.83,-147.91,152.18
1.5140,2.8450,-2.1721,-1.1746,177.52,-147.84,154.70
1.5142,2.8275,-2.2043,-1.1829,181.72,-147.35,154.91
1.5144,2.8050,-2.2189,-1.1932,185.85,-147.35,157.08
1.5146,2.7840,-2.2141,-1.2049,190.26,-146.16,157.43
1.5148,2.7665,-2.1931,-1.2161,194.04,-146.30,158.97
1.5149,2.7528,-2.1609,-1.2278,198.52,-144.97,160.37
1.5151,2.7430,-2.1340,-1.2454,203.07,-145.39,161.84
1.5153,2.7348,-2.1199,-1.2610,207.83,-143.57,163.24
1.5155,2.7289,-2.1189,-1.2717,212.17,-143.99,164.08
1.5157,2.7201,-2.1262,-1.2815,217.28,-142.17,166.11
1.5158,2.7118,-2.1267,-1.2947,221.41,-142.03,166.81
1.5160,2.7016,-2.1194,-1.3069,226.45,-140.35,169.19
1.5162,2.6860,-2.1047,-1.3205,230.58,-139.86,169.89
1.5164,2.6689,-2.0950,-1.3376,235.55,-138.46,172.34
1.5166,2.6542,-2.0882,-1.3498,240.17,-137.62,172.97
1.5168,2.6386,-2.0755,-1.3649,245.56,-135.80,175.35
1.5169,2.6196,-2.0667,-1.3815,249.97,-134.61,175.98
1.5171,2.6030,-2.0598,-1.3932,255.29,-133.00,178.57
1.5173,2.5854,-2.0520,-1.4064,259.91,-131.60,178.99
1.5175,2.5669,-2.0442,-1.4220,264.95,-130.55,181.09
1.5177,2.5498,-2.0272,-1.4357,270.27,-127.54,182.63
1.5183,2.5337,-2.0076,-1.4508,274.75,-126.63,183.89
1.5190,2.5166,-1.9969,-1.4650,280.42,-124.04,185.08
1.5196,2.5034,-1.9818,-1.4782,285.39,-122.64,185.92
1.5203,2.4917,-1.9603,-1.4918,290.57,-119.77,187.04
1.5209,2.4766,-1.9398,-1.5074,295.75,-118.51,187.46
1.5216,2.4644,-1.9139,-1.5211,300.86,-115.50,188.65
1.5222,2.4532,-1.8842,-1.5352,306.25,-114.10,188.02
1.5229,2.4434,-1.8534,-1.5504,311.78,-111.09,188.86
1.5236,2.4332,-1.8193,-1.5631,316.47,-108.99,188.09
1.5242,2.4249,-1.7807,-1.5743,322.56,-106.40,188.51
1.5249,2.4176,-1.7387,-1.5880,328.16,-103.88,187.32
1.5255,2.4054,-1.6924,-1.6006,333.41,-101.36,186.90
1.5262,2.3956,-1.6387,-1.6104,339.57,-98.77,185.78
1.5268,2.3888,-1.5865,-1.6177,344.82,-96.18,184.87
1.5275,2.3751,-1.5411,-1.6294,351.26,-93.31,183.75
1.5281,2.3614,-1.4923,-1.6387,356.65,-90.72,182.35
1.5288,2.3570,-1.4455,-1.6436,362.95,-87.64,180.74
1.5294,2.3492,-1.3986,-1.6460,368.69,-85.47,178.71
1.5301,2.3424,-1.3493,-1.6455,375.20,-80.78,178.57
1.5308,2.3390,-1.3015,-1.6485,381.71,-78.75,175.63
1.5313,2.3351,-1.2498,-1.6441,387.66,-75.53,174.93
1.5318,2.3336,-1.1961,-1.6392,394.24,-72.94,172.34
1.5323,2.3370,-1.1458,-1.6358,401.24,-69.58,171.78
1.5329,2.3375,-1.0946,-1.6275,407.40,-65.87,169.05
1.5334,2.3434,-1.0526,-1.6197,414.47,-62.86,168.28
1.5339,2.3468,-1.0116,-1.6094,420.91,-60.27,165.97
1.5345,2.3444,-0.9716,-1.6002,428.40,-56.63,164.64
1.5350,2.3487,-0.9482,-1.5865,434.63,-52.99,163.10
1.5355,2.3526,-0.9301,-1.5709,442.05,-49.70,161.91
1.5361,2.3541,-0.9096,-1.5596,448.70,-45.92,160.37
1.5366,2.3512,-0.8877,-1.5474,455.77,-42.00,158.97
1.5371,2.3492,-0.8628,-1.5377,462.70,-38.85,157.92
1.5377,2.3512,-0.8403,-1.5265,469.63,-34.72,156.24
1.5382,2.3541,-0.8286,-1.5138,476.56,-31.22,155.33
1.5387,2.3468,-0.8213,-1.5006,483.56,-27.23,153.79
1.5392,2.3385,-0.8203,-1.4864,490.63,-22.75,153.23
1.5398,2.3346,-0.8247,-1.4708,497.21,-19.04,151.34
1.5403,2.3317,-0.8233,-1.4513,504.35,-14.07,151.13
1.5408,2.3282,-0.8213,-1.4333,510.16,-10.29,148.89
1.5414,2.3175,-0.8242,-1.4201,517.65,-5.60,148.82
1.5419,2.3063,-0.8247,-1.4093,523.46,-1.19,146.93
1.5425,2.2975,-0.8233,-1.3957,530.18,3.57,146.79
1.5431,2.2873,-0.8252,-1.3747,536.34,8.19,145.04
1.5437,2.2746,-0.8252,-1.3571,543.06,13.09,144.69
1.5443,2.2638,-0.8291,-1.3459,548.80,17.85,142.73
1.5449,2.2536,-0.8335,-1.3298,555.45,23.24,142.24
1.5455,2.2394,-0.8325,-1.3103,560.77,28.42,140.21
1.5460,2.2253,-0.8355,-1.2912,567.14,33.46,139.09
1.5466,2.2141,-0.8320,-1.2747,572.46,39.06,137.48
1.5472,2.2004,-0.8242,-1.2595,578.55,44.24,136.01
1.5478,2.1823,-0.8198,-1.2454,583.87,50.19,134.19
1.5484,2.1711,-0.8037,-1.2293,589.05,55.58,131.88
1.5490,2.1584,-0.7832,-1.2117,594.51,62.02,130.48
1.5496,2.1457,-0.7671,-1.1932,599.69,67.20,127.33
1.5501,2.1389,-0.7457,-1.1800,605.15,73.92,125.72
1.5507,2.1316,-0.7213,-1.1522,610.05,79.38,122.22
1.5513,2.1238,-0.6832,-1.1395,619.50,91.98,116.55
1.5519,2.1204,-0.6734,-1.1180,624.89,97.58,114.52
1.5525,2.1199,-0.6603,-1.0946,628.74,104.44,110.53
1.5531,2.1257,-0.6525,-1.0790,633.71,110.53,108.22
1.5536,2.1267,-0.6520,-1.0575,638.05,116.83,103.95
1.5542,2.1257,-0.6510,-1.0326,642.25,122.92,101.50
1.5548,2.1301,-0.6554,-1.0077,646.24,129.85,97.23
1.5554,2.1409,-0.6705,-0.9780,650.44,135.94,93.94
1.5560,2.1389,-0.6715,-0.9477,653.87,142.87,90.65
1.5565,2.1399,-0.6773,-0.9199,657.93,149.17,87.01
1.5571,2.1433,-0.6993,-0.8862,661.36,155.54,83.02
1.5577,2.1443,-0.7227,-0.8496,664.44,162.19,78.75
1.5583,2.1487,-0.7603,-0.8184,667.87,168.98,76.30
1.5589,2.1443,-0.7998,-0.7788,670.81,175.70,72.45
1.5595,2.1462,-0.8081,-0.7447,673.19,182.56,69.86
1.5600,2.1526,-0.8028,-0.7164,675.78,188.72,64.40
1.5606,2.1633,-0.8125,-0.6837,678.72,196.42,63.14
1.5612,2.1721,-0.8262,-0.6573,680.40,202.79,57.82
1.5618,2.1775,-0.8511,-0.6295,683.20,210.21,56.98
1.5624,2.1823,-0.8882,-0.6022,684.53,217.42,51.94
1.5629,2.1887,-0.9267,-0.5768,686.91,224.07,51.03
1.5635,2.1994,-0.9604,-0.5510,688.10,231.42,46.55
1.5641,2.2087,-0.9867,-0.5256,689.92,238.70,45.78
1.5647,2.2175,-1.0048,-0.5056,690.55,245.84,41.72
1.5653,2.2292,-1.0263,-0.4870,692.09,252.56,41.23
1.5659,2.2428,-1.0555,-0.4636,692.79,259.91,37.66
1.5665,2.2555,-1.0858,-0.4451,693.98,266.84,37.24
1.5670,2.2741,-1.1136,-0.4309,693.98,274.47,34.58
1.5676,2.2985,-1.1419,-0.4177,695.31,281.26,34.09
1.5682,2.3185,-1.1629,-0.3997,694.75,288.75,32.27
1.5688,2.3375,-1.1756,-0.3777,695.38,295.40,31.50
1.5694,2.3522,-1.1907,-0.3592,695.45,302.54,30.45
1.5700,2.3639,-1.2039,-0.3445,695.17,309.33,29.82
1.5706,2.3834,-1.2141,-0.3328,694.89,316.54,29.12
1.5712,2.3766,-1.1458,-0.3826,694.54,323.19,28.49
1.5718,7.9642,-4.0177,-3.1574,694.82,331.80,28.00
1.5724,2.7840,-6.7193,-1.3196,712.53,288.54,203.35
1.5729,2.1804,-11.2313,4.8995,574.21,323.61,-205.10
1.5735,6.6675,-1.5474,2.1184,235.27,312.83,-522.20
1.5741,5.5891,10.5603,-2.7313,548.52,353.85,102.55
1.5747,4.3344,11.8413,-2.8826,407.54,330.26,24.43
1.5753,0.3289,15.7209,-3.1476,772.10,361.62,47.60
1.5759,0.9872,5.8619,-1.8905,532.14,350.35,229.18
1.5765,1.1663,-9.4321,1.2083,915.74,333.48,-479.36
1.5781,3.1696,-13.8729,1.9881,399.98,387.17,533.68
1.5797,3.9728,-9.8415,0.7637,740.04,364.35,-627.13
1.5813,3.3399,-2.7338,0.2723,443.80,413.70,886.62
1.5830,2.3224,8.0632,-1.1717,568.26,385.84,-820.89
1.5846,2.5571,10.5476,-1.8617,689.78,406.42,949.34
1.5862,2.8475,3.9016,-0.7403,517.23,389.62,-906.43
1.5878,2.7162,-2.7460,0.1118,922.81,405.93,981.33
1.5894,2.5274,-7.9017,0.7300,335.37,425.46,-829.50
1.5910,2.5171,-8.2648,1.0180,1039.29,401.94,946.54
1.5926,2.8001,-3.4843,0.4587,108.92,464.87,-713.16
1.5943,3.1291,1.5460,-0.3392,1122.17,384.09,727.23
1.5959,2.9285,3.0534,-0.6442,64.75,496.16,-464.87
1.5975,2.5722,-0.2479,-0.2342,133.91,524.44,-174.93
1.5991,2.5381,-3.6200,0.2352,1138.90,357.14,250.88
1.6007,2.7840,-4.7258,0.3875,211.96,549.57,66.15
1.6023,3.0627,-3.3623,0.1532,955.57,358.12,-20.37
1.6040,3.1764,-0.7862,-0.2045,360.50,563.57,324.03
1.6056,3.0681,1.6119,-0.5929,761.39,367.22,-223.02
1.6072,2.9031,1.9681,-0.6769,588.28,562.59,519.96
1.6088,2.8426,0.6651,-0.5456,581.07,383.53,-404.46
1.6089,2.8987,-1.1302,-0.3279,797.51,551.04,642.25
1.6089,2.9958,-2.2023,-0.1903,392.77,412.79,-511.56
1.6090,3.0705,-1.9266,-0.2050,939.05,533.19,721.07
1.6090,3.0983,-0.6115,-0.3738,247.17,449.68,-544.74
1.6091,3.1125,0.6227,-0.5388,1031.52,506.73,729.61
1.6091,3.1139,1.1287,-0.6154,192.99,486.92,-525.14
1.6092,3.0905,0.7388,-0.5622,1070.65,477.26,678.44
1.6092,3.0607,-0.1415,-0.4363,211.89,524.09,-447.51
1.6093,3.0617,-0.8603,-0.3133,1030.54,450.31,580.16
1.6093,3.0920,-0.9882,-0.2635,272.72,558.53,-327.04
1.6094,3.1359,-0.5856,-0.3479,929.88,428.89,442.05
1.6094,3.1593,0.0288,-0.3899,375.41,584.71,-176.75
1.6095,3.1193,0.3762,-0.3714,505.89,599.90,-9.24
1.6095,3.0954,-0.0063,-0.2991,687.12,409.43,108.22
1.6096,3.0998,-0.4416,-0.2250,627.83,604.94,156.03
1.6096,3.1300,-0.6578,-0.1825,569.45,414.89,-60.76
1.6097,3.1657,-0.5612,-0.1781,721.35,599.83,306.81
1.6097,3.1852,-0.2782,-0.2050,476.35,429.38,-207.20
1.6098,3.1915,-0.0249,-0.2362,787.99,584.71,429.80
1.6098,3.1949,0.0288,-0.2460,420.84,451.43,-321.16
1.6098,3.1984,-0.1230,-0.2284,824.11,561.89,509.81
1.6099,3.2076,-0.3558,-0.1996,395.57,478.80,-391.93
1.6099,3.2242,-0.5153,-0.1820,826.77,534.24,542.57
1.6100,3.2393,-0.5192,-0.1850,393.26,508.76,-412.58
1.6100,3.2476,-0.4011,-0.2094,803.67,506.10,525.14
1.6100,3.2491,-0.2689,-0.2420,410.83,537.60,-383.46
1.6101,3.2506,-0.2133,-0.2621,768.11,479.57,460.46
1.6101,3.2467,-0.2645,-0.2650,441.91,562.59,-308.42
1.6101,3.2379,-0.3753,-0.2625,724.08,456.47,354.83
1.6102,3.2340,-0.4719,-0.2577,476.00,581.56,-198.73
1.6102,3.2350,-0.5090,-0.2582,675.29,441.63,222.60
1.6103,3.2369,-0.4787,-0.2684,510.30,593.53,-65.80
1.6103,3.2359,-0.4211,-0.2840,626.99,433.86,79.03
1.6103,3.2271,-0.3826,-0.3001,543.83,595.70,71.89
1.6104,3.2213,-0.3884,-0.3070,580.93,435.82,-60.41
1.6104,3.2247,-0.4353,-0.3035,575.68,588.77,199.64
1.6104,3.2218,-0.4909,-0.3011,536.48,445.90,-181.23
1.6105,3.2101,-0.5290,-0.3006,604.45,574.84,303.87
1.6105,3.2013,-0.5275,-0.3026,494.13,462.28,-269.08
1.6106,3.1910,-0.5012,-0.3099,629.37,554.54,373.17
1.6110,3.1774,-0.4792,-0.3192,455.98,483.42,-317.59
1.6114,3.1632,-0.4734,-0.3216,649.46,530.95,403.13
1.6119,3.1505,-0.4890,-0.3172,424.76,506.73,-323.96
1.6123,3.1408,-0.5163,-0.3192,661.78,506.45,392.14
1.6128,3.1276,-0.5383,-0.3226,401.94,529.48,-289.31
1.6132,3.1149,-0.5480,-0.3196,663.60,483.42,345.31
1.6137,3.1051,-0.5378,-0.3270,391.02,549.29,-220.15
1.6141,3.0920,-0.5192,-0.3392,652.40,464.38,269.99
1.6145,3.0778,-0.5065,-0.3460,392.84,563.57,-126.70
1.6150,3.0637,-0.5046,-0.3538,627.55,451.43,177.03
1.6154,3.0490,-0.5119,-0.3601,409.01,571.41,-20.23
1.6159,3.0368,-0.5187,-0.3626,590.66,445.34,79.45
1.6163,3.0222,-0.5178,-0.3694,436.45,572.25,87.29
1.6167,3.0046,-0.5046,-0.3865,543.41,446.18,-12.53
1.6172,2.9880,-0.4851,-0.4026,471.17,565.88,184.59
1.6176,2.9748,-0.4675,-0.4153,490.98,454.02,-88.41
1.6181,2.9578,-0.4548,-0.4285,508.76,553.56,263.20
1.6185,2.9407,-0.4436,-0.4407,439.67,466.76,-140.56
1.6190,2.9275,-0.4358,-0.4514,543.41,536.69,316.61
1.6194,2.9114,-0.4255,-0.4651,394.66,483.42,-165.69
1.6200,2.8958,-0.4109,-0.4821,568.89,517.30,342.93
1.6205,2.8768,-0.3914,-0.4929,360.22,500.64,-161.77
1.6211,2.8558,-0.3675,-0.5036,582.05,497.21,341.39
1.6216,2.8387,-0.3479,-0.5197,339.78,517.44,-131.60
1.6222,2.8241,-0.3318,-0.5275,579.95,478.94,315.84
1.6227,2.8065,-0.3167,-0.5358,335.37,531.51,-79.66
1.6233,2.7860,-0.3040,-0.5514,563.43,464.03,271.11
1.6238,2.7513,-0.2684,-0.5646,534.03,454.37,214.48
1.6244,2.7328,-0.2484,-0.5700,365.26,545.02,63.91
1.6250,2.7172,-0.2298,-0.5734,495.81,449.82,152.53
1.6255,2.7035,-0.2142,-0.5817,393.33,544.32,141.54
1.6261,2.6864,-0.1976,-0.5861,452.69,450.52,92.68
1.6266,2.6694,-0.1806,-0.5910,423.22,538.09,212.73
1.6272,2.6528,-0.1635,-0.5949,410.27,455.49,41.23
1.6277,2.6323,-0.1454,-0.6056,450.66,527.45,271.53
1.6283,2.6157,-0.1244,-0.6154,372.40,464.24,3.71
1.6289,2.5996,-0.1059,-0.6232,471.38,513.59,313.81
1.6294,2.5786,-0.0883,-0.6266,342.44,475.79,-17.01
1.6300,2.5610,-0.0747,-0.6232,483.63,498.12,337.19
1.6305,2.5415,-0.0610,-0.6300,322.14,487.69,-18.76
1.6312,2.5234,-0.0410,-0.6422,485.66,482.65,340.41
1.6318,2.5069,-0.0229,-0.6490,312.27,498.82,-2.38
1.6325,2.4868,-0.0083,-0.6534,477.54,468.44,325.92
1.6332,2.4693,0.0088,-0.6612,312.20,507.64,30.24
1.6338,2.4546,0.0293,-0.6666,460.53,457.31,296.03
1.6345,2.4371,0.0468,-0.6749,319.41,513.17,75.04
1.6351,2.4176,0.0625,-0.6827,437.78,448.98,255.85
1.6358,2.4068,0.0795,-0.6827,332.15,515.48,127.19
1.6365,2.3951,0.0991,-0.6954,410.20,444.92,208.81
1.6371,2.3795,0.1152,-0.7022,347.90,513.17,182.00
1.6378,2.3673,0.1283,-0.7100,381.78,444.57,162.68
1.6384,2.3541,0.1513,-0.7159,364.07,507.71,233.38
1.6391,2.3439,0.1728,-0.7208,353.78,447.44,121.17
1.6398,2.3292,0.1932,-0.7320,378.56,498.68,276.99
1.6404,2.3131,0.2128,-0.7383,328.93,452.97,89.25
1.6411,2.3034,0.2347,-0.7418,389.41,487.41,308.77
1.6417,2.2902,0.2591,-0.7476,308.63,460.04,69.93
1.6424,2.2770,0.2801,-0.7520,395.36,475.02,326.13
1.6431,2.2619,0.3030,-0.7579,293.58,467.53,64.82
1.6437,2.2497,0.3274,-0.7671,396.48,462.84,329.21
1.6443,2.2360,0.3494,-0.7647,283.99,474.88,74.13
1.6448,2.2209,0.3728,-0.7627,391.93,451.01,318.01
1.6453,2.2087,0.3992,-0.7671,280.84,479.71,95.48
1.6459,2.1955,0.4202,-0.7706,382.34,441.35,295.54
1.6464,2.1833,0.4402,-0.7696,282.24,483.00,126.84
1.6470,2.1711,0.4660,-0.7749,368.27,434.63,264.60
1.6475,2.1423,0.5192,-0.7754,350.98,430.57,229.46
1.6480,2.1316,0.5417,-0.7710,296.94,479.92,203.00
1.6486,2.1169,0.5651,-0.7691,331.45,429.24,194.46
1.6491,2.1018,0.5885,-0.7671,307.58,474.53,239.61
1.6497,2.0901,0.6095,-0.7647,311.64,430.36,162.89
1.6502,2.0764,0.6315,-0.7671,318.36,466.27,270.83
1.6507,2.0657,0.6544,-0.7681,292.53,432.81,137.83
1.6513,2.0501,0.6749,-0.7686,327.88,456.75,293.65
1.6518,2.0359,0.6974,-0.7735,276.50,437.22,122.57
1.6524,2.0247,0.7183,-0.7759,334.60,446.11,306.11
1.6529,2.0086,0.7369,-0.7759,263.76,441.07,117.04
1.6534,1.9954,0.7569,-0.7779,337.12,435.82,307.86
1.6540,1.9842,0.7793,-0.7793,255.29,444.99,122.29
1.6545,1.9666,0.7993,-0.7808,336.00,426.30,299.53
1.6550,1.9476,0.8135,-0.7832,251.58,447.23,136.01
1.6555,1.9296,0.8286,-0.7837,330.40,417.90,282.24
1.6560,1.9120,0.8462,-0.7832,252.35,448.42,157.15
1.6565,1.8964,0.8633,-0.7803,320.46,411.32,258.65
1.6570,1.8764,0.8784,-0.7803,256.97,447.58,182.56
1.6575,1.8578,0.8916,-0.7862,307.44,407.96,232.33
1.6580,1.8407,0.9048,-0.7896,264.46,443.45,208.39
1.6585,1.8232,0.9174,-0.7881,292.67,405.93,205.45
1.6590,1.8090,0.9335,-0.7867,273.21,438.06,233.52
1.6595,1.7939,0.9516,-0.7852,277.76,405.51,180.39
1.6600,1.7783,0.9643,-0.7837,281.82,431.13,254.31
1.6605,1.7627,0.9731,-0.7842,263.20,406.42,160.16
1.6610,1.7480,0.9848,-0.7823,289.45,422.66,269.01
1.6615,1.7300,1.0009,-0.7784,250.67,408.17,146.37
1.6620,1.7134,1.0111,-0.7735,294.84,414.19,276.29
1.6625,1.6982,1.0199,-0.7715,241.29,410.62,140.00
1.6630,1.6807,1.0311,-0.7691,297.08,405.79,275.80
1.6635,1.6607,1.0424,-0.7662,235.41,412.30,140.28
1.6640,1.6407,1.0497,-0.7686,295.40,397.81,268.31
1.6645,1.6236,1.0575,-0.7671,232.89,412.79,147.21
1.6671,1.6016,1.0707,-0.7637,291.20,391.16,254.31
1.6696,1.5801,1.0780,-0.7559,233.45,412.37,159.32
1.6722,1.5479,1.0980,-0.7525,237.23,410.55,174.86
1.6748,1.5279,1.1053,-0.7525,273.63,382.48,214.55
1.6773,1.5094,1.1107,-0.7481,241.92,407.26,191.45
1.6799,1.4952,1.1180,-0.7466,263.13,380.52,193.62
1.6825,1.4777,1.1229,-0.7442,248.29,402.43,206.99
1.6850,1.4557,1.1268,-0.7432,251.86,379.68,173.74
1.6876,1.4381,1.1317,-0.7403,254.59,396.90,220.64
1.6902,1.4201,1.1346,-0.7403,241.08,379.26,156.52
1.6927,1.4020,1.1346,-0.7398,259.49,390.67,229.95
1.6953,1.3898,1.1326,-0.7359,231.91,380.38,144.27
1.6979,1.3762,1.1302,-0.7305,262.57,383.81,234.57
1.7004,1.3566,1.1292,-0.7261,224.63,380.94,137.13
1.7030,1.3400,1.1273,-0.7242,263.48,377.02,233.80
1.7056,1.3230,1.1248,-0.7208,219.94,381.57,135.24
1.7081,1.3039,1.1214,-0.7169,262.22,371.07,227.36
1.7107,1.2903,1.1175,-0.7110,217.56,381.64,138.60
1.7133,1.2776,1.1126,-0.7115,258.16,365.75,216.86
1.7158,1.2459,1.1004,-0.7071,253.33,361.90,203.14
1.7159,1.2268,1.0951,-0.7003,218.89,378.91,156.10
1.7159,1.2098,1.0902,-0.6954,244.79,358.47,186.83
1.7160,1.1961,1.0848,-0.6900,221.69,375.97,167.02
1.7160,1.1790,1.0795,-0.6852,236.25,356.65,170.66
1.7161,1.1600,1.0741,-0.6847,224.98,372.33,178.50
1.7161,1.1419,1.0653,-0.6788,227.57,355.53,155.68
1.7161,1.1248,1.0594,-0.6739,227.71,367.64,187.74
1.7162,1.1068,1.0590,-0.6730,219.59,355.18,142.66
1.7162,1.0887,1.0560,-0.6690,230.51,362.46,194.39
1.7163,1.0687,1.0512,-0.6642,211.96,355.60,133.21
1.7163,1.0551,1.0468,-0.6578,232.19,357.91,197.82
1.7164,1.0419,1.0424,-0.6559,205.45,355.88,127.75
1.7164,1.0233,1.0385,-0.6554,231.84,352.66,196.84
1.7164,1.0072,1.0302,-0.6534,200.83,356.09,125.93
1.7165,0.9945,1.0243,-0.6568,230.16,348.32,192.57
1.7165,0.9809,1.0194,-0.6539,197.61,356.16,127.82
1.7166,0.9628,1.0092,-0.6466,226.59,344.40,184.80
1.7166,0.9467,1.0038,-0.6442,196.21,354.97,132.79
1.7167,0.9335,1.0004,-0.6407,221.41,340.76,174.51
1.7167,0.9204,0.9931,-0.6339,196.14,353.71,140.14
1.7167,0.8979,0.9848,-0.6334,197.05,351.26,147.84
1.7168,0.8838,0.9784,-0.6324,208.18,336.84,151.20
1.7168,0.8682,0.9740,-0.6305,198.03,348.95,155.96
1.7168,0.8516,0.9692,-0.6266,200.13,336.14,139.93
1.7169,0.8438,0.9672,-0.6212,199.43,345.52,162.54
1.7169,0.8345,0.9653,-0.6193,193.20,336.14,130.55
1.7169,0.8194,0.9604,-0.6178,200.41,341.74,167.44
1.7170,0.8076,0.9477,-0.6139,186.69,335.72,123.41
1.7170,0.7954,0.9365,-0.6120,200.20,337.89,169.61
1.7171,0.7828,0.9326,-0.6110,181.02,335.72,118.79
1.7171,0.7706,0.9262,-0.6100,199.22,333.62,169.12
1.7171,0.7608,0.9194,-0.6095,176.12,335.93,117.81
1.7172,0.7505,0.9135,-0.6051,196.70,330.26,165.48
1.7172,0.7422,0.9121,-0.5998,172.83,335.51,118.93
1.7172,0.7330,0.9048,-0.6002,193.27,327.46,160.44
1.7173,0.7237,0.8994,-0.5968,170.31,334.11,122.01
1.7173,0.7188,0.8940,-0.5963,188.65,324.45,153.02
1.7173,0.7100,0.8872,-0.5958,168.91,332.78,126.84
1.7174,0.7013,0.8847,-0.5939,183.19,322.35,144.83
1.7174,0.6949,0.8813,-0.5978,168.77,331.24,132.51
1.7176,0.6905,0.8774,-0.5988,176.89,320.60,136.50
1.7178,0.6842,0.8740,-0.5958,168.63,328.37,137.90
1.7181,0.6783,0.8716,-0.5968,170.52,319.55,128.45
1.7183,0.6744,0.8677,-0.6012,168.56,325.22,142.38
1.7185,0.6671,0.8628,-0.5973,164.36,318.85,121.73
1.7187,0.6588,0.8584,-0.5919,168.35,322.14,145.95
1.7189,0.6515,0.8569,-0.5890,158.41,318.01,116.13
1.7191,0.6466,0.8550,-0.5885,167.58,318.71,147.91
1.7193,0.6407,0.8530,-0.5910,153.51,317.03,113.26
1.7195,0.6349,0.8530,-0.5895,166.04,315.07,147.84
1.7197,0.6290,0.8525,-0.5885,149.45,316.05,111.58
1.7199,0.6242,0.8506,-0.5846,163.31,311.71,145.81
1.7202,0.6207,0.8496,-0.5827,145.88,315.07,111.93
1.7204,0.6159,0.8516,-0.5841,160.51,309.05,142.03
1.7206,0.6090,0.8520,-0.5832,143.71,313.32,113.89
1.7208,0.6037,0.8481,-0.5846,156.17,306.11,137.13
1.7210,0.6017,0.8472,-0.5832,142.24,311.15,117.04
1.7212,0.5954,0.8520,-0.5802,151.90,303.31,131.18
1.7214,0.5885,0.8540,-0.5778,141.05,308.77,121.10
1.7216,0.5832,0.8535,-0.5749,147.21,301.00,124.81
1.7222,0.5793,0.8525,-0.5749,140.56,305.76,124.81
1.7228,0.5783,0.8520,-0.5749,141.68,299.25,118.58
1.7233,0.5729,0.8550,-0.5749,140.35,302.68,127.54
1.7239,0.5690,0.8560,-0.5793,137.27,297.36,113.68
1.7245,0.5695,0.8564,-0.5788,139.16,299.18,129.99
1.7250,0.5700,0.8618,-0.5734,133.00,295.47,109.41
1.7256,0.5651,0.8618,-0.5744,138.60,295.26,131.32
1.7262,0.5627,0.8608,-0.5778,129.15,293.86,106.68
1.7267,0.5627,0.8691,-0.5739,137.20,291.90,130.83
1.7273,0.5592,0.8735,-0.5734,125.65,291.55,105.07
1.7279,0.5583,0.8779,-0.5729,135.59,288.40,129.36
1.7284,0.5592,0.8784,-0.5719,122.99,289.59,104.79
1.7290,0.5602,0.8789,-0.5734,133.21,284.48,126.21
1.7296,0.5568,0.8828,-0.5754,121.31,287.21,105.91
1.7301,0.5505,0.8857,-0.5714,130.55,281.19,122.22
1.7307,0.5470,0.8901,-0.5724,127.47,278.11,117.95
1.7313,0.5451,0.8867,-0.5724,119.42,280.77,109.41
1.7318,0.5412,0.8867,-0.5675,123.97,275.31,113.05
1.7324,0.5373,0.8852,-0.5641,119.42,277.48,111.58
1.7330,0.5314,0.8857,-0.5685,120.33,272.30,108.64
1.7335,0.5236,0.8896,-0.5690,119.14,273.98,113.68
1.7340,0.5187,0.8921,-0.5656,116.90,269.43,104.30
1.7345,0.5119,0.8940,-0.5666,118.86,269.99,115.36
1.7351,0.5061,0.8930,-0.5671,114.17,266.56,100.38
1.7356,0.5026,0.8906,-0.5632,118.09,266.28,116.06
1.7361,0.4978,0.8896,-0.5627,111.23,264.18,97.93
1.7366,0.4943,0.8891,-0.5656,117.60,262.36,115.78
1.7371,0.4895,0.8882,-0.5607,108.99,261.52,96.32
1.7377,0.4875,0.8891,-0.5578,116.20,258.44,114.45
1.7382,0.4851,0.8911,-0.5617,107.45,258.51,95.69
1.7387,0.4758,0.8877,-0.5680,114.52,254.52,111.79
1.7392,0.4704,0.8833,-0.5651,106.05,255.71,95.76
1.7397,0.4719,0.8818,-0.5607,112.91,251.02,109.13
1.7403,0.4690,0.8823,-0.5617,110.74,247.52,105.42
1.7408,0.4651,0.8804,-0.5602,104.51,248.71,98.00
1.7413,0.4646,0.8769,-0.5583,108.71,243.88,101.36
1.7418,0.4621,0.8750,-0.5588,104.30,244.93,99.47
1.7423,0.4558,0.8735,-0.5558,105.91,240.80,97.79
1.7429,0.4563,0.8721,-0.5549,104.16,241.50,100.94
1.7434,0.4607,0.8721,-0.5553,103.60,237.44,94.22
1.7440,0.4587,0.8711,-0.5549,104.23,237.09,101.57
1.7446,0.4529,0.8677,-0.5544,101.15,233.80,91.42
1.7453,0.4519,0.8667,-0.5539,103.95,233.52,102.06
1.7459,0.4504,0.8608,-0.5500,99.05,230.93,89.25
1.7465,0.4465,0.8560,-0.5446,102.90,229.25,101.71
1.7471,0.4431,0.8545,-0.5431,97.16,227.57,87.85
1.7477,0.4412,0.8486,-0.5461,102.76,225.05,100.59
1.7484,0.4392,0.8472,-0.5485,95.76,224.42,87.15
1.7490,0.4358,0.8462,-0.5422,101.08,221.41,99.33
1.7496,0.4338,0.8394,-0.5363,94.92,220.78,86.80
1.7502,0.4319,0.8345,-0.5348,99.82,217.21,97.16
1.7509,0.4236,0.8203,-0.5344,93.94,216.86,87.22
1.7515,0.4231,0.8130,-0.5319,93.31,213.99,88.55
1.7521,0.4216,0.8091,-0.5305,96.11,209.72,92.19
1.7527,0.4197,0.8032,-0.5290,93.03,210.00,89.60
1.7534,0.4172,0.8018,-0.5275,94.29,205.80,89.32
1.7540,0.4143,0.7969,-0.5261,92.54,206.01,90.30
1.7546,0.4099,0.7881,-0.5241,92.19,202.09,86.80
1.7552,0.4050,0.7823,-0.5231,92.75,202.02,91.84
1.7559,0.4031,0.7759,-0.5231,90.23,199.08,85.05
1.7564,0.3972,0.7715,-0.5168,91.77,198.31,92.40
1.7570,0.3904,0.7701,-0.5163,88.34,195.30,83.72
1.7575,0.3880,0.7662,-0.5197,91.14,194.25,92.40
1.7581,0.3841,0.7588,-0.5197,86.66,192.22,82.74
1.7587,0.3772,0.7540,-0.5217,90.30,190.61,92.75
1.7592,0.3748,0.7481,-0.5178,85.33,189.14,82.46
1.7598,0.3694,0.7427,-0.5104,89.11,186.48,91.84
1.7604,0.3640,0.7403,-0.5114,84.28,185.78,82.95
1.7609,0.3601,0.7369,-0.5134,88.06,182.77,90.86
1.7615,0.3548,0.7330,-0.5109,82.81,182.63,83.79
1.7621,0.3494,0.7227,-0.5095,86.24,179.48,89.74
1.7626,0.3450,0.7144,-0.5109,82.32,179.41,84.84
1.7632,0.3377,0.7135,-0.5124,84.35,175.35,88.06
1.7638,0.3338,0.7105,-0.5104,81.69,175.84,86.24
1.7643,0.3348,0.7013,-0.5075,82.67,172.27,86.73
1.7649,0.3318,0.6949,-0.5061,81.13,172.06,87.71
1.7654,0.3279,0.6900,-0.5017,80.15,169.26,85.68
1.7660,0.3250,0.6852,-0.5002,80.43,168.84,88.76
1.7666,0.3216,0.6822,-0.4982,78.68,165.62,84.77
1.7671,0.3143,0.6798,-0.4953,79.87,165.20,89.95
1.7676,0.3065,0.6769,-0.4943,76.72,162.61,83.93
1.7681,0.3040,0.6700,-0.4885,79.03,161.42,90.44
1.7687,0.3021,0.6642,-0.4826,75.04,159.88,83.37
1.7692,0.2962,0.6578,-0.4841,77.98,157.78,90.72
1.7697,0.2933,0.6510,-0.4821,73.43,157.01,83.37
1.7702,0.2918,0.6476,-0.4773,76.51,154.35,90.72
1.7707,0.2869,0.6437,-0.4738,72.24,154.07,83.93
1.7712,0.2801,0.6383,-0.4724,74.62,151.13,90.51
1.7717,0.2713,0.6364,-0.4660,71.47,150.92,84.56
1.7722,0.2655,0.6271,-0.4631,70.56,148.19,86.31
1.7727,0.2635,0.6242,-0.4587,71.19,144.83,88.76
1.7732,0.2567,0.6212,-0.4548,69.58,144.97,87.43
1.7737,0.2562,0.6222,-0.4538,69.30,142.24,87.85
1.7742,0.2533,0.6198,-0.4553,68.25,141.75,88.90
1.7747,0.2450,0.6159,-0.4563,67.83,139.37,87.36
1.7752,0.2420,0.6154,-0.4519,66.92,138.53,89.67
1.7757,0.2411,0.6163,-0.4475,66.22,136.85,86.80
1.7762,0.2396,0.6168,-0.4441,66.29,135.31,90.72
1.7767,0.2352,0.6144,-0.4407,64.33,134.12,86.80
1.7772,0.2274,0.6124,-0.4412,64.96,132.44,91.42
1.7791,0.2235,0.6115,-0.4382,62.86,131.39,86.73
1.7810,0.2211,0.6076,-0.4372,64.19,129.08,91.77
1.7829,0.2162,0.6041,-0.4343,61.39,129.01,87.01
1.7848,0.2113,0.6017,-0.4290,62.79,126.35,91.98
1.7867,0.2030,0.5983,-0.4299,60.20,126.07,87.78
1.7886,0.1967,0.5963,-0.4260,61.18,123.48,91.63
1.7905,0.1932,0.5988,-0.4192,58.94,123.62,88.69
1.7924,0.1806,0.5958,-0.4168,57.61,121.10,89.46
1.7943,0.1737,0.5900,-0.4114,57.82,117.81,90.86
1.7962,0.1630,0.5871,-0.4055,57.19,119.07,90.72
1.7981,0.1562,0.5890,-0.4026,56.56,115.99,90.23
1.8000,0.1552,0.5885,-0.4016,55.79,116.13,91.35
1.8019,0.1503,0.5851,-0.4036,54.88,113.33,89.67
1.8038,0.1435,0.5846,-0.4021,54.95,113.40,92.19
1.8057,0.1332,0.5856,-0.3992,53.41,111.37,89.46
1.8076,0.1215,0.5866,-0.4002,53.55,111.09,92.54
1.8095,0.1205,0.5822,-0.3953,52.15,109.48,89.46
1.8114,0.1205,0.5773,-0.3914,52.29,108.29,92.75
1.8133,0.1181,0.5793,-0.3904,50.61,107.24,89.18
1.8152,0.1142,0.5851,-0.3850,51.45,106.33,92.75
1.8153,0.1088,0.5871,-0.3811,49.28,105.28,89.25
1.8153,0.1030,0.5856,-0.3792,50.54,103.32,92.26
1.8154,0.0976,0.5880,-0.3787,48.23,103.53,89.88
1.8154,0.0942,0.5910,-0.3792,49.00,101.50,92.12
1.8155,0.0903,0.5939,-0.3792,46.90,101.29,90.09
1.8156,0.0874,0.5968,-0.3748,47.81,98.98,91.56
1.8156,0.0825,0.5988,-0.3694,46.13,98.98,90.30
1.8157,0.0795,0.6022,-0.3694,46.34,97.58,91.42
1.8157,0.0766,0.6071,-0.3645,45.29,96.81,91.07
1.8158,0.0717,0.6076,-0.3650,44.87,95.13,90.37
1.8159,0.0683,0.6071,-0.3626,44.59,95.06,91.35
1.8159,0.0683,0.6110,-0.3572,43.89,93.31,90.16
1.8160,0.0630,0.6154,-0.3548,43.96,92.61,91.63
1.8160,0.0581,0.6163,-0.3528,42.70,91.56,90.02
1.8161,0.0566,0.6193,-0.3470,42.98,90.37,91.49
1.8161,0.0566,0.6261,-0.3450,41.44,89.88,89.67
1.8162,0.0542,0.6300,-0.3396,42.42,88.41,91.56
1.8163,0.0503,0.6290,-0.3348,40.60,87.50,89.18
1.8163,0.0532,0.6295,-0.3353,41.37,86.52,91.14
1.8164,0.0542,0.6310,-0.3343,39.97,85.61,88.90
1.8164,0.0537,0.6339,-0.3314,40.60,84.21,91.00
1.8165,0.0547,0.6349,-0.3240,39.13,83.44,88.76
1.8165,0.0561,0.6388,-0.3187,39.48,82.18,90.72
1.8165,0.0571,0.6427,-0.3196,38.78,81.62,89.11
1.8166,0.0547,0.6437,-0.3216,38.78,80.36,89.81
1.8166,0.0542,0.6476,-0.3196,38.15,79.45,88.76
1.8167,0.0542,0.6539,-0.3177,37.80,78.40,89.11
1.8167,0.0517,0.6583,-0.3157,37.80,77.49,88.97
1.8167,0.0532,0.6578,-0.3118,37.17,76.58,88.41
1.8168,0.0527,0.6617,-0.3050,37.24,75.53,88.83
1.8168,0.0488,0.6656,-0.3011,36.33,74.41,87.64
1.8168,0.0473,0.6656,-0.3035,36.82,73.08,88.27
1.8169,0.0488,0.6710,-0.3045,35.84,72.73,86.66
1.8169,0.0468,0.6754,-0.3016,35.84,71.54,87.57
1.8170,0.0439,0.6769,-0.2977,35.28,70.49,85.61
1.8170,0.0439,0.6822,-0.2952,35.84,69.02,87.29
1.8170,0.0410,0.6866,-0.2938,34.65,68.67,85.19
1.8171,0.0356,0.6910,-0.2899,35.42,66.99,86.17
1.8171,0.0337,0.6978,-0.2884,34.23,66.71,84.56
1.8171,0.0322,0.7003,-0.2884,34.86,65.03,84.84
1.8175,0.0278,0.7071,-0.2869,34.09,64.68,83.72
1.8179,0.0254,0.7183,-0.2884,34.37,62.86,83.86
1.8182,0.0259,0.7257,-0.2845,33.81,63.07,83.23
1.8186,0.0234,0.7335,-0.2796,34.30,61.04,82.46
1.8189,0.0195,0.7398,-0.2821,33.46,60.41,81.97
1.8193,0.0190,0.7452,-0.2801,33.88,59.29,81.13
1.8196,0.0166,0.7481,-0.2777,33.60,58.66,80.78
1.8200,0.0117,0.7530,-0.2772,33.74,57.19,80.15
1.8203,0.0093,0.7623,-0.2757,33.46,56.00,79.59
1.8207,0.0054,0.7710,-0.2747,33.39,55.44,78.47
1.8210,0.0024,0.7720,-0.2704,33.39,54.39,78.82
1.8214,0.0049,0.7774,-0.2694,33.39,53.34,76.65
1.8218,0.0059,0.7871,-0.2664,33.46,52.15,77.35
1.8221,-0.0010,0.7906,-0.2601,33.11,51.59,75.25
1.8225,-0.0044,0.7910,-0.2586,33.81,50.26,76.02
1.8228,-0.0020,0.7925,-0.2567,33.18,49.49,73.71
1.8232,-0.0039,0.7984,-0.2523,34.02,48.37,74.27
1.8235,-0.0098,0.8042,-0.2513,33.11,47.53,72.10
1.8239,-0.0151,0.8052,-0.2513,34.09,46.06,72.24
1.8242,-0.0107,0.8003,-0.2474,33.11,45.78,70.14
1.8247,-0.0112,0.7993,-0.2430,33.88,44.31,70.49
1.8252,-0.0146,0.8042,-0.2445,33.81,43.54,68.60
1.8257,-0.0117,0.8047,-0.2391,34.02,42.42,68.60
1.8262,-0.0151,0.7998,-0.2352,33.88,41.93,66.99
1.8267,-0.0200,0.8018,-0.2333,33.95,40.46,66.64
1.8272,-0.0200,0.8081,-0.2313,33.95,39.55,64.68
1.8276,-0.0195,0.8067,-0.2216,34.09,38.50,64.54
1.8281,-0.0205,0.8042,-0.2162,33.74,37.73,63.00
1.8286,-0.0234,0.8013,-0.2186,34.16,36.47,62.44
1.8291,-0.0249,0.8008,-0.2157,34.16,35.42,61.11
1.8296,-0.0234,0.8013,-0.2142,34.16,34.72,59.99
1.8301,-0.0249,0.8018,-0.2118,34.44,33.32,59.50
1.8306,-0.0254,0.8042,-0.2098,34.16,32.48,58.03
1.8310,-0.0264,0.8072,-0.2035,34.30,31.29,57.75
1.8315,-0.0273,0.8081,-0.2001,34.16,30.66,55.93
1.8320,-0.0268,0.8047,-0.1991,34.65,29.05,55.86
1.8325,-0.0244,0.8032,-0.2006,33.95,28.77,53.97
1.8330,-0.0220,0.8067,-0.1962,34.65,27.37,53.83
1.8335,-0.0195,0.8072,-0.1879,34.23,26.46,52.08
1.8340,-0.0166,0.8072,-0.1879,34.86,25.06,52.01
1.8351,-0.0171,0.8096,-0.1884,34.51,24.64,50.19
1.8363,-0.0185,0.8096,-0.1830,34.86,23.45,50.47
1.8374,-0.0224,0.8076,-0.1830,34.37,22.61,48.37
1.8386,-0.0268,0.8062,-0.1796,35.00,21.56,48.65
1.8397,-0.0220,0.8052,-0.1767,35.21,19.39,46.90
1.8409,-0.0220,0.8042,-0.1723,34.65,18.97,45.08
1.8420,-0.0220,0.8076,-0.1718,35.07,17.71,45.29
1.8432,-0.0244,0.8072,-0.1723,34.65,16.45,43.82
1.8444,-0.0249,0.8062,-0.1742,35.14,15.96,43.61
1.8455,-0.0273,0.8047,-0.1747,35.07,14.63,42.63
1.8467,-0.0288,0.7969,-0.1708,35.00,14.07,41.65
1.8478,-0.0288,0.7950,-0.1688,35.21,13.09,41.58
1.8490,-0.0307,0.7974,-0.1664,35.07,12.11,39.97
1.8501,-0.0327,0.7935,-0.1630,35.21,11.06,40.60
1.8513,-0.0346,0.7896,-0.1615,34.79,10.15,38.01
1.8524,-0.0312,0.7871,-0.1606,35.07,9.45,39.48
1.8536,-0.0317,0.7837,-0.1562,34.72,8.12,36.61
1.8548,-0.0327,0.7832,-0.1527,35.07,7.35,37.73
1.8559,-0.0346,0.7798,-0.1557,34.72,6.51,35.56
1.8571,-0.0371,0.7754,-0.1547,35.14,5.67,36.40
1.8576,-0.0381,0.7681,-0.1488,34.79,4.76,34.37
1.8581,-0.0425,0.7647,-0.1454,34.51,2.94,33.46
1.8587,-0.0415,0.7608,-0.1396,34.79,1.82,33.46
1.8592,-0.0400,0.7549,-0.1342,34.44,1.47,33.04
1.8598,-0.0390,0.7530,-0.1322,34.09,0.07,31.78
1.8603,-0.0381,0.7554,-0.1332,34.37,-0.35,31.64
1.8608,-0.0386,0.7525,-0.1318,34.02,-1.75,30.52
1.8614,-0.0390,0.7486,-0.1269,34.30,-2.03,31.01
1.8619,-0.0405,0.7462,-0.1235,33.46,-3.15,28.91
1.8625,-0.0386,0.7457,-0.1215,33.88,-4.13,29.96
1.8630,-0.0346,0.7432,-0.1220,33.18,-4.83,28.21
1.8635,-0.0351,0.7403,-0.1249,33.53,-5.67,29.05
1.8641,-0.0376,0.7364,-0.1235,33.04,-6.51,26.95
1.8646,-0.0405,0.7335,-0.1181,32.97,-7.56,28.21
1.8652,-0.0429,0.7320,-0.1166,32.34,-7.98,26.25
1.8657,-0.0444,0.7266,-0.1132,32.83,-8.96,27.09
1.8662,-0.0483,0.7237,-0.1083,31.78,-9.73,25.34
1.8668,-0.0488,0.7247,-0.1093,32.41,-11.06,25.97
1.8673,-0.0449,0.7261,-0.1098,31.43,-11.13,25.34
1.8679,-0.0429,0.7242,-0.1069,31.92,-12.67,25.06
1.8684,-0.0483,0.7159,-0.1015,31.08,-12.46,24.85
1.8690,-0.0498,0.7139,-0.0981,30.52,-14.07,24.36
1.8695,-0.0459,0.7115,-0.0927,30.59,-15.61,23.24
1.8700,-0.0478,0.7100,-0.0898,30.45,-15.47,24.43
1.8706,-0.0503,0.7105,-0.0903,30.03,-17.15,22.40
1.8711,-0.0508,0.7061,-0.0893,29.89,-16.73,24.64
1.8717,-0.0498,0.7017,-0.0864,29.19,-18.69,21.84
1.8722,-0.0478,0.6998,-0.0869,29.26,-18.62,24.43
1.8728,-0.0464,0.6959,-0.0878,28.21,-19.88,21.49
1.8733,-0.0420,0.6915,-0.0844,29.05,-20.37,23.87
1.8738,-0.0400,0.6905,-0.0810,27.51,-21.21,21.70
1.8744,-0.0425,0.6886,-0.0776,28.28,-21.77,23.45
1.8749,-0.0405,0.6822,-0.0791,26.88,-22.61,21.77
1.8755,-0.0400,0.6788,-0.0795,27.44,-23.10,23.10
1.8760,-0.0410,0.6778,-0.0732,26.04,-24.08,21.84
1.8766,-0.0366,0.6744,-0.0688,26.60,-24.64,22.61
1.8771,-0.0371,0.6705,-0.0717,25.27,-24.92,22.26
1.8776,-0.0386,0.6690,-0.0732,25.62,-25.90,22.33
1.8782,-0.0332,0.6666,-0.0703,25.13,-26.67,22.54
1.8787,-0.0312,0.6637,-0.0693,24.15,-27.44,21.98
1.8805,-0.0303,0.6632,-0.0712,24.08,-27.86,22.89
1.8822,-0.0249,0.6608,-0.0698,22.96,-29.05,21.70
1.8839,-0.0239,0.6593,-0.0654,23.17,-29.54,23.10
1.8857,-0.0259,0.6564,-0.0654,22.05,-30.03,21.63
1.8874,-0.0249,0.6505,-0.0654,22.19,-30.94,23.24
1.8892,-0.0229,0.6520,-0.0620,21.07,-31.57,21.77
1.8909,-0.0205,0.6515,-0.0571,21.28,-32.48,23.24
1.8926,-0.0215,0.6481,-0.0571,20.09,-32.83,21.63
1.8944,-0.0229,0.6471,-0.0576,20.30,-34.09,23.45
1.8961,-0.0156,0.6446,-0.0532,18.83,-34.44,22.05
1.8978,-0.0107,0.6417,-0.0508,19.04,-35.14,23.38
1.8996,-0.0117,0.6412,-0.0488,17.71,-35.70,22.61
1.9013,-0.0122,0.6388,-0.0454,17.64,-36.54,23.45
1.9031,-0.0098,0.6329,-0.0468,17.01,-36.96,22.96
1.9048,-0.0117,0.6373,-0.0439,16.45,-38.43,23.17
1.9065,-0.0146,0.6412,-0.0376,15.82,-38.22,23.45
1.9083,-0.0098,0.6388,-0.0386,15.26,-39.97,22.68
1.9100,-0.0063,0.6398,-0.0390,14.70,-39.48,23.87
1.9117,-0.0059,0.6388,-0.0332,13.79,-40.39,23.31
1.9135,-0.0059,0.6412,-0.0327,13.79,-41.37,24.43
1.9135,-0.0088,0.6422,-0.0337,12.46,-41.65,22.89
1.9136,-0.0078,0.6407,-0.0303,12.18,-42.77,24.85
1.9136,-0.0049,0.6432,-0.0268,11.34,-42.84,22.89
1.9136,-0.0054,0.6446,-0.0239,11.27,-44.45,24.78
1.9137,-0.0059,0.6446,-0.0215,9.94,-44.03,23.38
1.9137,-0.0020,0.6427,-0.0220,10.08,-45.92,24.85
1.9138,-0.0020,0.6446,-0.0234,8.89,-45.50,23.38
1.9138,-0.0020,0.6456,-0.0229,8.61,-47.46,24.64
1.9138,0.0039,0.6442,-0.0181,7.77,-46.62,23.38
1.9139,0.0078,0.6432,-0.0151,7.14,-48.44,24.64
1.9139,0.0127,0.6461,-0.0151,6.44,-48.51,24.22
1.9140,0.0166,0.6471,-0.0122,5.60,-50.19,24.15
1.9140,0.0205,0.6486,-0.0078,5.25,-49.91,24.36
1.9140,0.0146,0.6539,-0.0059,4.62,-51.31,24.01
1.9141,0.0117,0.6539,-0.0049,3.71,-51.52,24.15
1.9141,0.0190,0.6539,-0.0068,3.15,-52.64,23.73
1.9142,0.0239,0.6612,-0.0024,2.59,-53.90,24.64
1.9142,0.0249,0.6632,0.0024,2.17,-53.90,23.45
1.9143,0.0259,0.6656,0.0010,0.98,-55.09,24.57
1.9143,0.0268,0.6725,0.0039,0.70,-54.95,23.38
1.9143,0.0278,0.6739,0.0102,0.07,-57.05,23.87
1.9144,0.0288,0.6764,0.0112,-0.63,-56.70,23.24
1.9144,0.0303,0.6803,0.0102,-1.05,-58.24,23.94
1.9144,0.0322,0.6847,0.0146,-2.10,-58.10,22.89
1.9145,0.0351,0.6895,0.0137,-2.24,-59.85,23.52
1.9145,0.0400,0.6939,0.0137,-3.36,-59.92,22.40
1.9145,0.0429,0.6969,0.0151,-3.43,-61.18,22.96
1.9146,0.0425,0.6949,0.0176,-4.48,-61.81,21.98
1.9146,0.0429,0.6954,0.0200,-4.76,-62.72,22.33
1.9146,0.0449,0.6993,0.0234,-5.53,-63.14,21.49
1.9147,0.0464,0.7052,0.0239,-5.95,-64.12,21.63
1.9147,0.0483,0.7110,0.0220,-6.86,-65.24,20.93
1.9147,0.0517,0.7125,0.0244,-7.49,-65.38,21.14
1.9148,0.0537,0.7164,0.0244,-7.70,-66.85,20.37
1.9148,0.0537,0.7203,0.0259,-8.68,-67.27,20.30
1.9148,0.0566,0.7247,0.0293,-9.31,-68.60,19.53
1.9149,0.0630,0.7261,0.0303,-9.73,-68.95,19.18
1.9149,0.0639,0.7271,0.0307,-10.22,-70.21,18.97
1.9149,0.0630,0.7320,0.0298,-10.85,-70.42,18.55
1.9150,0.0673,0.7359,0.0332,-11.48,-71.89,17.85
1.9154,0.0693,0.7408,0.0381,-11.83,-72.24,17.36
1.9159,0.0693,0.7462,0.0376,-12.18,-73.57,17.01
1.9163,0.0712,0.7501,0.0376,-13.23,-73.50,16.59
1.9168,0.0712,0.7525,0.0395,-13.09,-75.46,15.89
1.9172,0.0727,0.7559,0.0415,-14.49,-75.53,15.40
1.9177,0.0786,0.7598,0.0429,-14.14,-76.44,14.98
1.9181,0.0830,0.7652,0.0395,-15.33,-77.49,14.21
1.9186,0.0854,0.7671,0.0395,-15.12,-78.12,14.14
1.9190,0.0864,0.7676,0.0410,-16.03,-79.66,13.16
1.9195,0.0874,0.7725,0.0415,-16.10,-80.29,12.88
1.9199,0.0913,0.7754,0.0434,-17.01,-81.06,12.18
1.9204,0.0966,0.7769,0.0439,-17.36,-81.55,11.90
1.9209,0.1000,0.7823,0.0454,-17.71,-83.09,10.85
1.9213,0.1044,0.7847,0.0415,-18.20,-83.72,10.50
1.9218,0.1088,0.7862,0.0439,-18.83,-85.19,9.87
1.9222,0.1132,0.7945,0.0459,-19.67,-86.66,8.68
1.9227,0.1171,0.7969,0.0420,-19.67,-87.08,8.19
1.9231,0.1230,0.7945,0.0464,-20.58,-88.34,8.05
1.9236,0.1293,0.7984,0.0493,-20.79,-89.46,7.07
1.9240,0.1313,0.8023,0.0473,-20.79,-90.23,6.86
1.9246,0.1313,0.8081,0.0483,-21.49,-91.35,5.95
1.9252,0.1298,0.8135,0.0517,-21.35,-91.98,5.67
1.9258,0.1357,0.8154,0.0527,-22.12,-92.96,5.18
1.9263,0.1415,0.8130,0.0508,-22.19,-93.80,4.55
1.9269,0.1430,0.8135,0.0537,-22.82,-95.06,3.99
1.9275,0.1464,0.8145,0.0547,-22.96,-95.90,3.43
1.9281,0.1527,0.8154,0.0566,-23.03,-97.02,3.22
1.9287,0.1542,0.8179,0.0600,-23.59,-97.58,2.38
1.9292,0.1537,0.8184,0.0581,-23.59,-98.91,2.24
1.9298,0.1591,0.8154,0.0600,-24.22,-99.40,1.47
1.9304,0.1649,0.8159,0.0610,-24.01,-100.73,1.40
1.9310,0.1659,0.8242,0.0586,-25.06,-101.22,0.70
1.9316,0.1703,0.8218,0.0664,-25.27,-103.25,-0.07
1.9321,0.1728,0.8228,0.0688,-25.34,-104.23,-0.70
1.9327,0.1747,0.8286,0.0639,-25.41,-105.21,-0.70
1.9333,0.1762,0.8301,0.0610,-25.83,-106.40,-1.54
1.9339,0.1801,0.8311,0.0630,-25.97,-106.89,-1.12
1.9345,0.1850,0.8340,0.0644,-26.39,-108.43,-2.73
1.9350,0.1884,0.8398,0.0644,-26.46,-109.20,-1.75
1.9356,0.1879,0.8428,0.0630,-26.53,-110.04,-3.22
1.9362,0.1889,0.8413,0.0620,-26.60,-110.88,-2.45
1.9367,0.1937,0.8433,0.0669,-27.02,-112.14,-3.85
1.9373,0.1986,0.8428,0.0659,-26.60,-112.77,-2.80
1.9379,0.2035,0.8408,0.0625,-27.44,-114.24,-4.55
1.9384,0.2050,0.8438,0.0639,-27.09,-114.66,-3.64
1.9390,0.2098,0.8462,0.0659,-27.93,-115.29,-4.69
1.9395,0.2167,0.8447,0.0669,-27.37,-116.76,-4.27
1.9401,0.2167,0.8447,0.0644,-28.00,-117.46,-5.25
1.9407,0.2176,0.8452,0.0644,-27.65,-118.37,-4.83
1.9412,0.2206,0.8477,0.0639,-28.70,-118.86,-5.32
1.9418,0.2274,0.8496,0.0732,-27.79,-120.47,-6.09
1.9423,0.2279,0.8555,0.0683,-27.93,-122.36,-6.02
1.9429,0.2318,0.8584,0.0664,-28.98,-123.13,-6.30
1.9435,0.2328,0.8550,0.0683,-28.35,-124.04,-6.86
1.9440,0.2294,0.8535,0.0678,-28.91,-124.39,-6.93
1.9446,0.2284,0.8530,0.0669,-29.12,-125.37,-7.07
1.9451,0.2269,0.8555,0.0698,-28.98,-126.56,-7.35
1.9457,0.2250,0.8594,0.0698,-29.19,-127.61,-7.70
1.9463,0.2259,0.8589,0.0712,-28.98,-128.03,-7.84
1.9468,0.2269,0.8569,0.0742,-29.47,-128.94,-8.26
1.9474,0.2264,0.8555,0.0761,-29.47,-130.06,-8.33
1.9480,0.2259,0.8550,0.0781,-29.68,-130.55,-8.47
1.9487,0.2264,0.8564,0.0747,-29.33,-131.88,-9.03
1.9493,0.2264,0.8540,0.0732,-30.10,-131.46,-9.10
1.9499,0.2284,0.8481,0.0732,-29.68,-133.07,-9.38
1.9505,0.2303,0.8491,0.0732,-30.31,-133.63,-10.22
1.9511,0.2323,0.8520,0.0766,-30.38,-134.75,-9.80
1.9517,0.2313,0.8481,0.0766,-30.59,-135.10,-10.92
1.9523,0.2298,0.8457,0.0756,-30.59,-136.01,-10.71
1.9529,0.2318,0.8462,0.0761,-30.80,-137.34,-11.90
1.9535,0.2333,0.8467,0.0776,-30.87,-137.06,-11.41
1.9541,0.2386,0.8447,0.0781,-31.15,-138.67,-12.74
1.9547,0.2411,0.8389,0.0766,-31.22,-138.53,-11.69
1.9553,0.2401,0.8355,0.0805,-31.85,-140.42,-13.72
1.9560,0.2416,0.8369,0.0820,-31.57,-140.21,-12.67
1.9566,0.2416,0.8379,0.0805,-31.99,-141.75,-14.42
1.9572,0.2420,0.8359,0.0781,-31.99,-141.47,-13.23
1.9578,0.2450,0.8350,0.0791,-32.41,-143.08,-15.33
1.9584,0.2464,0.8355,0.0825,-31.92,-143.15,-14.49
1.9590,0.2479,0.8311,0.0820,-32.90,-144.62,-16.17
1.9602,0.2528,0.8301,0.0815,-32.69,-144.34,-15.33
1.9614,0.2538,0.8369,0.0869,-33.04,-145.60,-16.87
1.9625,0.2528,0.8335,0.0869,-33.18,-146.23,-16.52
1.9637,0.2557,0.8276,0.0859,-33.74,-146.65,-17.43
1.9649,0.2596,0.8262,0.0908,-33.18,-147.56,-17.99
1.9661,0.2640,0.8223,0.0908,-34.23,-148.26,-18.27
1.9673,0.2645,0.8203,0.0932,-34.23,-148.96,-18.90
1.9684,0.2669,0.8233,0.0971,-34.37,-149.45,-19.11
1.9696,0.2708,0.8198,0.0986,-34.37,-149.87,-19.81
1.9708,0.2704,0.8184,0.1074,-34.86,-150.64,-19.60
1.9720,0.2699,0.8198,0.1118,-35.28,-151.62,-21.42
1.9732,0.2738,0.8164,0.1074,-35.07,-151.97,-20.02
1.9743,0.2801,0.8203,0.1098,-35.63,-153.30,-22.54
1.9755,0.2830,0.8242,0.1171,-35.63,-153.30,-21.14
1.9767,0.2845,0.8218,0.1235,-35.91,-154.14,-23.03
1.9779,0.2884,0.8208,0.1210,-35.91,-154.49,-21.98
1.9791,0.2933,0.8218,0.1235,-36.68,-155.47,-23.94
1.9803,0.2987,0.8233,0.1288,-36.47,-156.31,-23.38
1.9814,0.3030,0.8223,0.1249,-36.89,-156.24,-24.22
1.9826,0.3040,0.8208,0.1225,-36.89,-157.22,-24.08
1.9827,0.3079,0.8233,0.1298,-37.17,-157.99,-25.13
1.9828,0.3109,0.8252,0.1352,-37.24,-158.90,-25.06
1.9828,0.3157,0.8223,0.1401,-37.52,-159.11,-25.41
1.9829,0.3192,0.8237,0.1386,-37.87,-159.74,-26.32
1.9830,0.3196,0.8296,0.1371,-38.01,-160.65,-26.25
1.9830,0.3240,0.8311,0.1449,-38.22,-161.56,-27.09
1.9831,0.3348,0.8359,0.1459,-38.36,-161.70,-26.81
1.9832,0.3396,0.8345,0.1484,-38.50,-163.38,-27.58
1.9832,0.3450,0.8398,0.1498,-38.85,-163.80,-28.91
1.9833,0.3489,0.8428,0.1493,-38.57,-164.01,-28.00
1.9834,0.3499,0.8408,0.1474,-39.62,-164.99,-29.75
1.9835,0.3538,0.8403,0.1508,-38.78,-165.62,-29.12
1.9835,0.3567,0.8408,0.1547,-39.62,-166.18,-30.38
1.9836,0.3636,0.8418,0.1513,-38.99,-167.09,-29.61
1.9837,0.3684,0.8428,0.1503,-40.04,-167.23,-30.87
1.9837,0.3719,0.8413,0.1547,-39.34,-168.77,-30.66
1.9838,0.3777,0.8423,0.1557,-40.32,-168.49,-31.57
1.9839,0.3777,0.8433,0.1532,-39.97,-169.96,-32.06
1.9839,0.3802,0.8418,0.1552,-40.25,-169.40,-31.85
1.9840,0.3865,0.8438,0.1591,-40.04,-171.29,-33.11
1.9844,0.3933,0.8442,0.1606,-40.39,-171.08,-32.55
1.9848,0.4021,0.8418,0.1606,-40.25,-172.27,-33.95
1.9852,0.4046,0.8423,0.1610,-40.60,-172.06,-33.04
1.9856,0.4060,0.8408,0.1635,-40.74,-173.67,-35.21
1.9860,0.4114,0.8403,0.1630,-40.74,-173.53,-34.09
1.9864,0.4168,0.8394,0.1649,-41.16,-174.79,-35.98
1.9868,0.4260,0.8394,0.1654,-41.44,-175.56,-36.68
1.9873,0.4280,0.8374,0.1659,-41.09,-176.82,-36.40
1.9877,0.4304,0.8335,0.1703,-42.00,-176.82,-37.38
1.9881,0.4363,0.8355,0.1752,-41.02,-178.01,-37.73
1.9885,0.4441,0.8384,0.1771,-42.21,-177.80,-37.94
1.9889,0.4465,0.8398,0.1767,-41.37,-179.55,-38.50
1.9893,0.4509,0.8384,0.1771,-42.14,-179.97,-39.20
1.9897,0.4543,0.8359,0.1806,-41.65,-180.11,-39.34
1.9901,0.4524,0.8359,0.1845,-42.21,-181.16,-40.11
1.9905,0.4543,0.8355,0.1840,-42.07,-182.14,-40.53
1.9909,0.4631,0.8345,0.1874,-42.42,-182.07,-41.23
1.9913,0.4704,0.8345,0.1918,-42.63,-182.91,-41.09
1.9917,0.4719,0.8306,0.1884,-42.21,-183.68,-41.93
1.9921,0.4738,0.8296,0.1854,-42.49,-184.10,-42.70
1.9939,0.4758,0.8325,0.1874,-42.21,-185.01,-42.70
1.9958,0.4792,0.8311,0.1903,-42.84,-185.71,-43.82
1.9976,0.4880,0.8306,0.1923,-42.35,-185.92,-43.54
1.9994,0.4934,0.8306,0.1932,-43.40,-186.62,-45.01
2.0012,0.4939,0.8291,0.1942,-42.63,-187.60,-44.80
2.0030,0.4992,0.8306,0.1967,-43.19,-187.88,-45.85
2.0049,0.5022,0.8296,0.1991,-42.98,-188.58,-45.64
2.0067,0.5075,0.8296,0.1972,-43.19,-189.63,-47.18
2.0085,0.5090,0.8311,0.2006,-43.19,-189.84,-46.41
2.0103,0.5109,0.8311,0.2064,-43.61,-190.33,-47.60
2.0121,0.5236,0.8306,0.2098,-42.98,-191.45,-47.74
2.0140,0.5280,0.8291,0.2123,-43.68,-191.38,-48.79
2.0158,0.5280,0.8306,0.2133,-43.05,-192.43,-48.72
2.0176,0.5334,0.8311,0.2123,-43.82,-192.92,-49.91
2.0194,0.5412,0.8335,0.2142,-43.33,-193.97,-49.84
2.0212,0.5470,0.8379,0.2162,-43.82,-194.18,-50.54
2.0231,0.5490,0.8379,0.2181,-43.54,-195.02,-51.24
2.0249,0.5549,0.8359,0.2211,-43.68,-195.86,-51.45
2.0267,0.5632,0.8320,0.2230,-43.82,-195.86,-51.66
2.0285,0.5675,0.8286,0.2240,-43.68,-196.98,-52.71
2.0286,0.5690,0.8286,0.2240,-43.54,-197.68,-52.99
2.0287,0.5734,0.8291,0.2235,-43.89,-197.82,-53.48
2.0287,0.5788,0.8281,0.2255,-43.68,-198.45,-53.83
2.0288,0.5871,0.8247,0.2294,-43.68,-199.85,-54.67
2.0288,0.5915,0.8228,0.2269,-44.17,-199.71,-54.81
2.0289,0.5919,0.8194,0.2240,-43.82,-200.83,-55.65
2.0290,0.5944,0.8174,0.2294,-44.17,-201.11,-56.00
2.0290,0.5973,0.8208,0.2338,-43.82,-202.09,-56.35
2.0291,0.6066,0.8198,0.2313,-43.96,-202.72,-56.91
2.0291,0.6100,0.8130,0.2303,-44.17,-203.35,-57.19
2.0292,0.6139,0.8086,0.2308,-44.17,-203.98,-58.31
2.0292,0.6183,0.8111,0.2338,-44.03,-204.05,-57.82
2.0293,0.6173,0.8101,0.2362,-44.31,-204.75,-59.57
2.0294,0.6237,0.8052,0.2367,-44.31,-205.31,-58.94
2.0294,0.6285,0.8037,0.2430,-44.10,-205.94,-60.34
2.0295,0.6310,0.8028,0.2425,-44.38,-207.06,-60.27
2.0295,0.6388,0.8008,0.2401,-44.38,-207.20,-61.25
2.0296,0.6417,0.8003,0.2440,-44.73,-207.62,-61.32
2.0297,0.6417,0.7998,0.3719,-44.66,-208.46,-62.16
2.0297,0.6461,0.7959,0.2513,-44.45,-209.16,-62.23
2.0301,0.6495,0.7915,0.2538,-44.87,-209.09,-62.86
2.0304,0.6578,0.7901,0.2542,-44.73,-210.70,-63.77
2.0307,0.6627,0.7871,0.2577,-44.87,-211.26,-64.68
2.0311,0.6666,0.7876,0.2586,-45.22,-211.12,-65.03
2.0314,0.6715,0.7857,0.2596,-45.08,-212.52,-66.08
2.0317,0.6759,0.7847,0.2591,-45.22,-212.03,-65.66
2.0321,0.6778,0.7823,0.2567,-45.36,-213.50,-67.06
2.0324,0.6837,0.7759,0.2616,-45.57,-213.36,-66.57
2.0327,0.6886,0.7715,0.2640,-45.50,-214.69,-68.46
2.0331,0.6891,0.7715,0.2621,-45.64,-214.13,-67.13
2.0334,0.6925,0.7715,0.2586,-46.20,-215.25,-69.02
2.0337,0.6974,0.7701,0.2601,-45.57,-215.67,-68.39
2.0341,0.6988,0.7662,0.2660,-46.34,-216.02,-70.07
2.0344,0.6978,0.7618,0.2694,-45.64,-216.37,-69.30
2.0347,0.7027,0.7618,0.2679,-46.62,-217.14,-71.19
2.0351,0.7110,0.7627,0.2655,-45.85,-217.28,-69.93
2.0354,0.7096,0.7613,0.2689,-46.97,-217.84,-72.17
2.0357,0.7100,0.7588,0.2718,-45.92,-218.40,-71.05
2.0361,0.7154,0.7574,0.2733,-47.11,-218.26,-72.59
2.0364,0.7203,0.7579,0.2801,-46.41,-219.45,-72.45
2.0369,0.7218,0.7510,0.2767,-47.32,-219.31,-73.15
2.0375,0.7271,0.7471,0.2821,-47.18,-220.08,-73.64
2.0380,0.7276,0.7427,0.2840,-47.60,-221.34,-74.62
2.0385,0.7335,0.7393,0.2830,-47.46,-220.43,-74.20
2.0391,0.7393,0.7354,0.2830,-48.02,-222.11,-76.09
2.0396,0.7437,0.7271,0.2845,-48.09,-220.92,-74.55
2.0401,0.7501,0.7203,0.2879,-48.23,-222.81,-76.86
2.0406,0.7554,0.7174,0.2918,-47.88,-222.25,-75.39
2.0412,0.7627,0.7139,0.2928,-49.07,-222.74,-77.14
2.0417,0.7671,0.7091,0.2899,-48.44,-223.23,-76.37
2.0422,0.7691,0.7096,0.2879,-49.49,-223.79,-77.91
2.0428,0.7774,0.7071,0.2933,-48.72,-223.72,-76.86
2.0433,0.7847,0.6993,0.2943,-50.05,-224.07,-78.61
2.0438,0.7876,0.6974,0.2952,-49.35,-224.42,-77.42
2.0444,0.7901,0.6993,0.2991,-50.26,-224.77,-78.82
2.0449,0.7954,0.6988,0.2962,-49.98,-225.61,-78.33
2.0454,0.8003,0.6939,0.2948,-50.40,-225.19,-79.31
2.0459,0.8008,0.6920,0.2987,-50.89,-225.54,-78.68
2.0465,0.8057,0.6881,0.3021,-50.82,-226.03,-79.80
2.0470,0.8125,0.6808,0.3045,-51.24,-226.73,-79.52
2.0476,0.8154,0.6773,0.3065,-51.45,-226.38,-80.08
2.0482,0.8159,0.6793,0.3070,-51.52,-227.57,-80.29
2.0488,0.8228,0.6778,0.3079,-52.01,-227.22,-80.29
2.0494,0.8316,0.6695,0.3118,-52.36,-228.13,-80.99
2.0500,0.8320,0.6656,0.3094,-52.64,-227.50,-80.43
2.0506,0.8345,0.6612,0.3099,-53.13,-228.76,-81.62
2.0512,0.8394,0.6568,0.3192,-52.57,-227.99,-80.43
2.0518,0.8403,0.6534,0.3255,-53.48,-228.90,-81.90
2.0524,0.8403,0.6500,0.3294,-53.48,-228.83,-80.85
2.0530,0.8447,0.6486,0.3289,-53.97,-229.95,-82.88
2.0536,0.8511,0.6442,0.3318,-54.04,-229.04,-80.50
2.0542,0.8520,0.6393,0.3377,-54.88,-230.30,-83.23
2.0548,0.8540,0.6368,0.3362,-54.46,-229.81,-81.27
2.0554,0.8599,0.6334,0.3401,-55.72,-230.37,-83.23
2.0560,0.8638,0.6295,0.3460,-54.95,-231.07,-81.97
2.0566,0.8662,0.6271,0.3475,-56.35,-230.51,-83.16
2.0572,0.8711,0.6246,0.3499,-55.44,-231.56,-82.46
2.0578,0.8721,0.6246,0.3494,-57.05,-230.65,-82.95
2.0584,0.8696,0.6237,0.3484,-56.28,-232.33,-83.37
2.0590,0.8774,0.6227,0.3631,-57.12,-231.21,-82.74
2.0596,0.8862,0.6237,0.3665,-57.68,-232.05,-82.81
2.0601,0.8867,0.6188,0.3611,-57.89,-233.31,-84.14
2.0606,0.8896,0.6168,0.3582,-58.10,-232.19,-82.81
2.0612,0.8965,0.6163,0.3626,-59.08,-233.31,-84.70
2.0617,0.8994,0.6154,0.3606,-58.52,-232.89,-83.30
2.0622,0.9013,0.6168,0.3631,-59.64,-233.80,-84.84
2.0628,0.9057,0.6149,0.3675,-58.66,-233.10,-83.58
2.0633,0.9052,0.6090,0.3665,-60.27,-234.29,-85.33
2.0638,0.9062,0.6100,0.3704,-59.15,-234.22,-83.93
2.0644,0.9101,0.6080,0.3733,-61.04,-234.50,-85.40
2.0649,0.9135,0.6022,0.3738,-59.64,-234.71,-84.63
2.0654,0.9170,0.5988,0.3743,-61.39,-234.64,-85.61
2.0660,0.9228,0.5958,0.3758,-60.48,-235.41,-84.84
2.0665,0.9306,0.5944,0.3777,-61.81,-235.06,-85.61
2.0670,0.9311,0.5895,0.3797,-61.60,-235.90,-85.54
2.0676,0.9340,0.5832,0.3802,-61.95,-234.99,-85.33
2.0681,0.9404,0.5788,0.3802,-62.09,-236.46,-86.17
2.0687,0.9428,0.5797,0.3826,-62.23,-235.41,-85.47
2.0692,0.9453,0.5797,0.3845,-63.07,-236.60,-86.66
2.0697,0.9511,0.5754,0.3831,-62.79,-235.83,-85.82
2.0703,0.9570,0.5710,0.3831,-64.05,-237.58,-87.15
2.0708,0.9623,0.5656,0.3889,-63.07,-236.53,-86.31
2.0713,0.9662,0.5636,0.3938,-64.54,-237.65,-87.71
2.0719,0.9658,0.5622,0.3884,-63.70,-237.23,-86.45
2.0724,0.9692,0.5597,0.3880,-65.10,-238.07,-88.20
2.0730,0.9750,0.5612,0.3899,-64.12,-238.00,-87.29
2.0735,0.9794,0.5597,0.3889,-65.31,-238.21,-88.20
2.0741,0.9819,0.5563,0.3899,-65.03,-238.70,-87.78
2.0746,0.9838,0.5519,0.3884,-65.94,-238.49,-88.48
2.0752,0.9862,0.5485,0.3894,-65.66,-239.12,-88.34
2.0757,0.9921,0.5466,0.3943,-66.15,-238.56,-88.69
2.0762,0.9955,0.5412,0.4002,-66.36,-239.89,-89.04
2.0768,0.9975,0.5397,0.4036,-67.06,-239.75,-89.39
2.0773,1.0024,0.5402,0.4016,-66.92,-240.10,-89.95
2.0779,1.0053,0.5402,0.4002,-67.13,-239.96,-89.39
2.0784,1.0102,0.5373,0.3992,-67.76,-240.80,-90.23
2.0790,1.0146,0.5300,0.4002,-67.62,-240.59,-89.67
2.0795,1.0175,0.5266,0.4050,-68.11,-240.45,-90.44
2.0800,1.0214,0.5285,0.4070,-67.76,-241.22,-90.23
2.0806,1.0258,0.5285,0.4055,-68.46,-241.08,-91.07
2.0822,1.0326,0.5261,0.4021,-68.39,-241.92,-90.93
2.0839,1.0365,0.5270,0.4016,-68.95,-241.71,-91.35
2.0856,1.0375,0.5261,0.4050,-68.88,-242.41,-91.42
2.0872,1.0409,0.5226,0.4060,-69.16,-242.13,-91.63
2.0889,1.0463,0.5163,0.4075,-69.37,-242.62,-91.70
2.0905,1.0482,0.5129,0.4060,-69.72,-242.41,-92.26
2.0922,1.0472,0.5153,0.4060,-70.00,-242.90,-91.84
2.0938,1.0477,0.5153,0.4099,-69.65,-243.25,-92.68
2.0955,1.0521,0.5124,0.4094,-70.35,-243.53,-92.33
2.0972,1.0565,0.5104,0.4085,-70.00,-243.67,-92.82
2.0988,1.0570,0.5100,0.4080,-70.70,-243.67,-93.31
2.1005,1.0594,0.5075,0.4119,-70.35,-243.95,-93.17
2.1021,1.0629,0.5070,0.4138,-70.98,-244.30,-93.38
2.1038,1.0629,0.5080,0.4109,-70.91,-244.51,-93.59
2.1055,1.0658,0.5007,0.4153,-71.54,-245.00,-93.94
2.1071,1.0624,0.4992,0.4148,-71.33,-245.21,-94.57
2.1088,1.0673,0.5046,0.4163,-71.54,-245.21,-94.85
2.1104,1.0692,0.5017,0.4163,-71.82,-245.70,-94.64
2.1121,1.0702,0.5002,0.4158,-71.82,-245.63,-94.92
2.1137,1.0721,0.4968,0.4138,-72.17,-245.63,-94.85
2.1138,1.0731,0.4914,0.4158,-71.89,-245.77,-95.20
2.1138,1.0751,0.4919,0.4128,-72.17,-246.26,-95.34
2.1139,1.0804,0.4929,0.4138,-72.38,-246.12,-95.27
2.1139,1.0819,0.4880,0.4143,-72.38,-246.40,-95.55
2.1140,1.0795,0.4841,0.4124,-72.80,-246.19,-95.90
2.1140,1.0790,0.4817,0.4124,-72.66,-246.54,-96.04
2.1140,1.0804,0.4768,0.4119,-72.87,-246.47,-95.97
2.1141,1.0873,0.4753,0.4114,-72.87,-246.82,-96.11
2.1141,1.0926,0.4743,0.4080,-72.87,-246.82,-96.18
2.1142,1.0921,0.4724,0.4060,-73.29,-246.96,-96.18
2.1142,1.0960,0.4690,0.4080,-73.22,-247.17,-96.53
2.1142,1.1019,0.4675,0.4089,-73.15,-247.17,-96.53
2.1143,1.1034,0.4651,0.4046,-73.50,-247.17,-97.02
2.1143,1.1082,0.4602,0.4026,-73.15,-246.89,-96.11
2.1144,1.1117,0.4577,0.4060,-73.99,-247.66,-97.23
2.1144,1.1141,0.4568,0.4041,-73.71,-247.24,-96.53
2.1144,1.1180,0.4543,0.4046,-73.78,-247.52,-97.30
2.1145,1.1204,0.4485,0.4099,-73.92,-247.03,-96.53
2.1145,1.1287,0.4480,0.4094,-73.92,-247.17,-96.88
2.1146,1.1370,0.4455,0.4080,-74.06,-247.38,-97.09
2.1146,1.1385,0.4412,0.4085,-73.99,-247.94,-96.81
2.1146,1.1409,0.4416,0.4085,-74.41,-247.80,-96.95
2.1147,1.1468,0.4421,0.4099,-74.34,-247.45,-96.95
2.1147,1.1512,0.4392,0.4109,-74.62,-248.29,-97.51
2.1147,1.1551,0.4382,0.4094,-74.41,-247.17,-96.46
2.1148,1.1566,0.4392,0.4109,-74.62,-248.15,-97.23
2.1148,1.1570,0.4377,0.4124,-75.04,-247.03,-96.39
2.1148,1.1580,0.4372,0.4128,-74.55,-248.29,-97.30
2.1149,1.1590,0.4333,0.4158,-74.83,-247.52,-96.46
2.1149,1.1673,0.4314,0.4177,-74.90,-248.36,-97.02
2.1149,1.1707,0.4324,0.4158,-74.90,-247.59,-96.32
2.1150,1.1673,0.4309,0.4168,-75.25,-247.80,-96.53
2.1150,1.1683,0.4290,0.4221,-74.97,-247.45,-96.32
2.1150,1.1692,0.4290,0.4211,-75.18,-247.87,-96.67
2.1151,1.1707,0.4255,0.4158,-75.32,-247.38,-95.76
2.1151,1.1736,0.4221,0.4187,-75.74,-247.87,-96.81
2.1151,1.1756,0.4246,0.4211,-75.18,-248.01,-95.97
2.1152,1.1741,0.4246,0.4207,-75.88,-247.73,-96.53
2.1152,1.1732,0.4231,0.4207,-75.39,-248.22,-96.11
2.1152,1.1756,0.4236,0.4241,-76.16,-247.52,-96.32
2.1158,1.1741,0.4211,0.4270,-75.67,-247.87,-96.11
2.1164,1.1727,0.4202,0.4270,-75.67,-247.17,-95.90
2.1170,1.1741,0.4207,0.4231,-75.88,-247.73,-96.25
2.1176,1.1736,0.4211,0.4207,-76.37,-247.17,-96.25
2.1181,1.1741,0.4168,0.4202,-76.16,-247.45,-96.53
2.1187,1.1736,0.4119,0.4207,-76.30,-246.75,-95.97
2.1193,1.1766,0.4109,0.4221,-76.51,-247.66,-96.46
2.1199,1.1775,0.4094,0.4187,-76.37,-246.82,-96.04
2.1205,1.1780,0.4065,0.4163,-76.58,-247.73,-97.02
2.1211,1.1829,0.4055,0.4260,-76.72,-246.40,-95.90
2.1217,1.1878,0.4046,0.4250,-76.65,-246.40,-96.11
2.1222,1.1902,0.4036,0.4202,-77.21,-247.10,-97.93
2.1228,1.1936,0.3963,0.4226,-77.00,-245.49,-95.55
2.1234,1.1946,0.3899,0.4260,-77.77,-247.59,-98.56
2.1240,1.1966,0.3894,0.4231,-77.28,-245.42,-96.04
2.1246,1.1985,0.3884,0.4231,-78.12,-247.10,-99.05
2.1252,1.1990,0.3889,0.4250,-77.07,-245.91,-96.32
2.1257,1.2010,0.3865,0.4221,-78.47,-246.40,-99.19
2.1263,1.2034,0.3811,0.4211,-77.42,-245.98,-97.23
2.1269,1.2058,0.3802,0.4241,-78.96,-246.12,-99.26
2.1274,1.2063,0.3767,0.4250,-77.84,-246.05,-98.14
2.1280,1.2068,0.3719,0.4241,-78.89,-245.70,-99.19
2.1285,1.2102,0.3694,0.4226,-78.26,-246.05,-98.63
2.1291,1.2161,0.3665,0.4197,-79.03,-245.21,-99.47
2.1296,1.2205,0.3626,0.4221,-78.89,-245.84,-99.75
2.1301,1.2200,0.3636,0.4246,-79.52,-245.07,-99.47
2.1307,1.2215,0.3631,0.4250,-79.10,-245.70,-100.52
2.1312,1.2234,0.3567,0.4255,-79.45,-244.51,-99.82
2.1317,1.2229,0.3518,0.4221,-79.73,-245.70,-101.29
2.1323,1.2288,0.3499,0.4246,-80.15,-244.72,-100.10
2.1328,1.2342,0.3455,0.4221,-80.36,-244.23,-100.52
2.1333,1.2390,0.3440,0.4226,-80.36,-245.28,-102.76
2.1339,1.2410,0.3387,0.4260,-80.78,-244.09,-100.87
2.1344,1.2420,0.3353,0.4285,-80.99,-244.72,-102.90
2.1349,1.2410,0.3323,0.4270,-80.78,-243.88,-101.78
2.1355,1.2395,0.3294,0.4285,-81.41,-244.86,-103.39
2.1360,1.2429,0.3318,0.4260,-81.34,-243.81,-102.55
2.1366,1.2439,0.3279,0.4202,-81.83,-243.95,-103.95
2.1371,1.2459,0.3206,0.4250,-81.55,-243.95,-103.32
2.1376,1.2488,0.3192,0.4260,-82.46,-243.95,-103.88
2.1383,1.2454,0.3138,0.4246,-81.83,-243.74,-104.09
2.1389,1.2449,0.3099,0.4250,-82.60,-243.46,-103.88
2.1396,1.2473,0.3035,0.4255,-82.18,-243.32,-104.79
2.1403,1.2434,0.2967,0.4275,-82.88,-243.25,-104.86
2.1409,1.2429,0.2967,0.4280,-83.16,-243.46,-105.35
2.1416,1.2434,0.2982,0.4260,-83.23,-242.20,-104.93
2.1422,1.2424,0.3001,0.4265,-83.51,-243.04,-105.77
2.1429,1.2429,0.2962,0.4275,-83.51,-242.48,-105.35
2.1436,1.2410,0.2889,0.4294,-83.93,-242.62,-106.05
2.1442,1.2405,0.2894,0.4285,-83.86,-242.13,-105.77
2.1449,1.2424,0.2913,0.4265,-84.49,-241.64,-105.98
2.1455,1.2429,0.2879,0.4270,-84.35,-241.64,-106.26
2.1462,1.2410,0.2860,0.4255,-84.84,-241.57,-106.54
2.1469,1.2424,0.2840,0.4304,-84.28,-241.29,-106.82
2.1475,1.2434,0.2801,0.4333,-85.61,-241.08,-106.82
2.1482,1.2424,0.2777,0.4290,-84.91,-240.73,-107.10
2.1488,1.2459,0.2752,0.4309,-85.33,-240.80,-106.96
2.1495,1.2473,0.2752,0.4343,-85.12,-240.38,-107.24
2.1501,1.2454,0.2757,0.4314,-85.89,-240.31,-107.24
2.1508,1.2434,0.2713,0.4290,-85.61,-240.31,-107.59
2.1513,1.2468,0.2679,0.4324,-85.61,-239.68,-107.31
2.1518,1.2493,0.2669,0.4333,-86.24,-240.10,-108.01
2.1523,1.2493,0.2650,0.4309,-86.17,-239.40,-108.15
2.1528,1.2517,0.2650,0.4333,-86.73,-239.40,-108.36
2.1534,1.2493,0.2635,0.4329,-86.17,-238.56,-107.66
2.1539,1.2483,0.2577,0.4299,-87.01,-238.70,-108.71
2.1544,1.2507,0.2533,0.4275,-86.24,-238.21,-108.08
2.1549,1.2512,0.2508,0.4280,-87.22,-238.07,-108.08
2.1554,1.2532,0.2538,0.4294,-86.80,-237.93,-108.78
2.1559,1.2561,0.2538,0.4304,-87.36,-237.79,-108.22
2.1564,1.2605,0.2489,0.4294,-87.22,-237.30,-108.99
2.1569,1.2615,0.2494,0.4250,-87.64,-237.30,-108.50
2.1574,1.2600,0.2513,0.4246,-87.64,-236.88,-109.13
2.1579,1.2629,0.2508,0.4270,-87.57,-236.67,-109.06
2.1584,1.2668,0.2499,0.4270,-87.99,-236.32,-109.41
2.1590,1.2688,0.2440,0.4265,-87.99,-236.39,-108.99
2.1595,1.2668,0.2377,0.4270,-88.55,-236.04,-109.62
2.1600,1.2659,0.2352,0.4236,-87.85,-235.69,-109.34
2.1605,1.2712,0.2367,0.4231,-88.69,-235.69,-109.90
2.1610,1.2761,0.2377,0.4236,-88.06,-235.55,-109.48
2.1628,1.2771,0.2333,0.4221,-88.90,-235.20,-109.83
2.1646,1.2795,0.2298,0.4241,-88.62,-234.71,-109.69
2.1664,1.2849,0.2250,0.4250,-88.76,-234.57,-110.18
2.1682,1.2908,0.2191,0.4270,-88.83,-234.29,-110.04
2.1700,1.2927,0.2147,0.4294,-89.04,-234.43,-109.90
2.1718,1.3010,0.2050,0.4294,-89.18,-233.66,-110.04
2.1736,1.3049,0.1996,0.4299,-89.18,-233.52,-110.46
2.1753,1.3074,0.1962,0.4270,-89.46,-233.17,-109.90
2.1771,1.3074,0.1898,0.4246,-89.46,-233.03,-110.46
2.1789,1.3142,0.1874,0.4294,-89.39,-232.75,-110.04
2.1807,1.3171,0.1850,0.4294,-90.23,-232.61,-110.11
2.1825,1.3215,0.1830,0.4275,-89.74,-232.61,-110.32
2.1843,1.3288,0.1791,0.4285,-90.30,-231.84,-110.11
2.1861,1.3298,0.1713,0.4324,-90.30,-232.05,-109.90
2.1879,1.3318,0.1684,0.4319,-90.30,-231.70,-110.25
2.1897,1.3322,0.1645,0.4324,-90.58,-231.35,-109.76
2.1915,1.3376,0.1576,0.4382,-90.30,-231.21,-109.90
2.1933,1.3415,0.1542,0.4416,-90.86,-231.42,-109.62
2.1951,1.3430,0.1552,0.4416,-90.65,-230.37,-109.34
2.1969,1.3498,0.1518,0.4392,-90.93,-231.14,-109.48
2.1969,1.3518,0.1459,0.4441,-91.14,-230.58,-109.27
2.1970,1.3532,0.1440,0.4465,-91.21,-230.37,-108.64
2.1970,1.3571,0.1396,0.4504,-91.42,-229.95,-108.85
2.1971,1.3620,0.1352,0.4480,-91.49,-229.04,-107.87
2.1971,1.3659,0.1327,0.4480,-92.19,-229.95,-107.80
2.1971,1.3669,0.1342,0.4529,-91.42,-228.76,-107.59
2.1972,1.3693,0.1313,0.4543,-92.33,-229.32,-107.59
2.1972,1.3723,0.1288,0.4538,-91.98,-228.55,-106.47
2.1973,1.3713,0.1283,0.4514,-92.40,-228.76,-106.89
2.1973,1.3718,0.1269,0.4548,-91.98,-228.06,-106.26
2.1974,1.3708,0.1269,0.4558,-92.40,-228.41,-106.19
2.1974,1.3737,0.1264,0.4524,-92.33,-228.13,-105.28
2.1975,1.3766,0.1254,0.4548,-92.61,-227.92,-105.42
2.1975,1.3757,0.1244,0.4568,-92.54,-227.43,-104.44
2.1975,1.3776,0.1244,0.4592,-92.47,-227.78,-105.00
2.1976,1.3791,0.1235,0.4577,-92.61,-227.36,-103.39
2.1976,1.3791,0.1220,0.4558,-92.82,-226.73,-103.81
2.1977,1.3796,0.1205,0.4587,-92.75,-226.87,-102.41
2.1977,1.3815,0.1186,0.4568,-93.03,-226.31,-102.69
2.1978,1.3815,0.1200,0.4529,-92.68,-226.66,-101.71
2.1981,1.3845,0.1264,0.4568,-93.10,-226.31,-102.20
2.1984,1.3888,0.1215,0.4519,-92.82,-226.03,-100.94
2.1987,1.3923,0.1215,0.4524,-92.89,-225.89,-100.10
2.1990,1.3986,0.1196,0.4524,-93.31,-225.54,-99.68
2.1994,1.4015,0.1210,0.4509,-93.03,-224.91,-99.19
2.1997,1.4001,0.1269,0.4519,-93.38,-225.61,-98.56
2.2000,1.4030,0.1303,0.4534,-93.17,-225.05,-98.42
2.2003,1.4069,0.1269,0.4519,-93.24,-224.91,-97.79
2.2006,1.4118,0.1215,0.4509,-92.89,-224.21,-97.44
2.2009,1.4176,0.1205,0.4543,-93.45,-224.56,-96.81
2.2013,1.4181,0.1220,0.4548,-92.89,-224.00,-96.39
2.2016,1.4215,0.1254,0.4548,-93.31,-224.35,-96.04
2.2019,1.4211,0.1264,0.4558,-93.03,-223.65,-95.55
2.2022,1.4220,0.1249,0.4553,-93.03,-223.58,-95.20
2.2025,1.4294,0.1235,0.4538,-93.17,-223.51,-94.99
2.2028,1.4308,0.1240,0.4509,-93.24,-223.09,-94.57
2.2032,1.4362,0.1240,0.4553,-92.82,-222.95,-94.08
2.2035,1.4386,0.1235,0.4573,-93.24,-223.02,-93.66
2.2038,1.4362,0.1249,0.4582,-92.75,-222.67,-93.38
2.2041,1.4362,0.1264,0.4568,-92.75,-223.02,-92.89
2.2047,1.4376,0.1288,0.4558,-93.03,-221.97,-92.54
2.2053,1.4381,0.1283,0.4597,-93.10,-222.81,-92.75
2.2059,1.4406,0.1254,0.4602,-92.61,-221.90,-91.56
2.2065,1.4401,0.1244,0.4621,-93.31,-221.97,-92.26
2.2071,1.4396,0.1254,0.4636,-92.61,-221.69,-91.07
2.2076,1.4416,0.1264,0.4670,-92.47,-221.41,-91.84
2.2082,1.4401,0.1259,0.4690,-92.82,-221.27,-90.86
2.2088,1.4416,0.1259,0.4656,-92.75,-221.06,-91.14
2.2094,1.4430,0.1240,0.4651,-92.47,-220.78,-90.30
2.2100,1.4425,0.1230,0.4695,-92.68,-220.50,-90.79
2.2106,1.4464,0.1220,0.4719,-92.19,-220.78,-89.95
2.2112,1.4459,0.1210,0.4738,-92.61,-219.94,-90.30
2.2118,1.4450,0.1249,0.4743,-92.54,-220.43,-89.95
2.2124,1.4494,0.1264,0.4763,-92.61,-219.38,-89.81
2.2130,1.4484,0.1230,0.4802,-92.40,-220.15,-89.81
2.2136,1.4455,0.1196,0.4826,-92.33,-218.89,-89.53
2.2142,1.4474,0.1215,0.4836,-92.40,-219.38,-89.32
2.2147,1.4430,0.1244,0.4885,-92.33,-219.03,-89.67
2.2153,1.4450,0.1279,0.4929,-91.98,-218.89,-89.60
2.2159,1.4430,0.1293,0.4919,-92.12,-218.26,-89.04
2.2167,1.4376,0.1269,0.4895,-91.70,-217.42,-88.62
2.2175,1.4381,0.1264,0.4929,-91.98,-218.19,-89.11
2.2182,1.4396,0.1293,0.4973,-91.63,-217.21,-88.48
2.2190,1.4391,0.1318,0.4953,-92.05,-217.77,-89.25
2.2198,1.4381,0.1318,0.4948,-91.28,-216.51,-88.27
2.2205,1.4342,0.1342,0.4982,-91.84,-216.86,-89.32
2.2213,1.4318,0.1381,0.4987,-90.86,-216.37,-87.78
2.2221,1.4313,0.1425,0.5007,-91.70,-216.30,-89.25
2.2228,1.4289,0.1459,0.5051,-90.79,-215.60,-87.85
2.2236,1.4245,0.1464,0.5075,-91.35,-215.60,-88.97
2.2244,1.4206,0.1440,0.5104,-90.37,-215.60,-87.92
2.2251,1.4172,0.1430,0.5119,-90.86,-214.62,-88.27
2.2259,1.4142,0.1440,0.5109,-90.44,-214.83,-87.64
2.2267,1.4128,0.1440,0.5075,-90.72,-214.06,-88.20
2.2274,1.4093,0.1454,0.5070,-90.16,-214.27,-87.92
2.2282,1.4093,0.1493,0.5104,-89.88,-213.29,-88.13
2.2290,1.4128,0.1508,0.5100,-90.30,-213.92,-88.13
2.2297,1.4118,0.1503,0.5119,-89.81,-212.87,-87.78
2.2305,1.4089,0.1542,0.5144,-89.53,-212.59,-87.99
2.2313,1.4074,0.1557,0.5124,-89.46,-211.75,-87.15
2.2317,1.4074,0.1532,0.5129,-89.81,-212.03,-88.06
2.2320,1.4079,0.1547,0.5144,-89.04,-211.26,-86.87
2.2324,1.4074,0.1542,0.5139,-89.46,-210.98,-87.78
2.2328,1.4069,0.1498,0.5114,-88.83,-210.35,-87.22
2.2331,1.4084,0.1474,0.5129,-89.04,-210.70,-87.78
2.2335,1.4084,0.1469,0.5158,-88.34,-209.58,-86.80
2.2339,1.4079,0.1449,0.5114,-88.76,-209.51,-87.71
2.2342,1.4064,0.1430,0.5114,-87.85,-208.88,-86.66
2.2346,1.4054,0.1425,0.5158,-88.55,-209.16,-87.85
2.2350,1.4069,0.1425,0.5207,-87.78,-207.90,-86.38
2.2353,1.4025,0.1386,0.5207,-87.99,-207.90,-87.78
2.2357,1.3996,0.1337,0.5202,-87.43,-207.55,-86.59
2.2361,1.4015,0.1352,0.5231,-87.71,-207.13,-87.43
2.2365,1.4059,0.1347,0.5226,-87.15,-206.43,-86.45
2.2368,1.4074,0.1352,0.5236,-87.50,-206.22,-87.57
2.2372,1.4045,0.1366,0.5270,-87.15,-205.66,-86.73
2.2376,1.4050,0.1337,0.5266,-86.94,-205.66,-87.43
2.2379,1.4025,0.1298,0.5217,-87.01,-204.75,-86.80
2.2383,1.3991,0.1259,0.5270,-86.66,-204.82,-87.29
2.2387,1.3996,0.1288,0.5329,-86.52,-203.98,-86.73
2.2392,1.4001,0.1279,0.5319,-86.38,-203.91,-87.36
2.2397,1.3996,0.1225,0.5314,-86.24,-203.35,-87.08
2.2403,1.4001,0.1249,0.5373,-86.10,-202.79,-86.73
2.2408,1.3991,0.1244,0.5417,-85.96,-202.30,-87.22
2.2413,1.3952,0.1225,0.5397,-85.89,-201.88,-86.87
2.2419,1.3942,0.1235,0.5412,-85.89,-201.46,-87.29
2.2424,1.3986,0.1254,0.5451,-85.47,-200.97,-86.66
2.2429,1.3976,0.1264,0.5470,-85.68,-200.90,-87.50
2.2435,1.3918,0.1235,0.5475,-85.19,-200.13,-86.59
2.2440,1.3908,0.1200,0.5480,-85.05,-200.13,-87.43
2.2445,1.3957,0.1191,0.5475,-85.05,-199.36,-86.52
2.2451,1.3962,0.1210,0.5441,-85.05,-199.15,-87.36
2.2456,1.3923,0.1220,0.5514,-84.84,-198.52,-86.80
2.2461,1.3928,0.1244,0.5588,-84.49,-198.24,-87.36
2.2467,1.3947,0.1264,0.5549,-84.56,-197.40,-86.31
2.2472,1.3952,0.1264,0.5529,-84.35,-197.33,-87.22
2.2478,1.3942,0.1254,0.5563,-83.79,-196.14,-86.10
2.2483,1.3952,0.1269,0.5578,-84.56,-196.70,-87.43
2.2488,1.3962,0.1327,0.5578,-84.00,-195.93,-86.59
2.2494,1.3947,0.1357,0.5641,-84.00,-195.79,-86.80
2.2517,1.3962,0.1327,0.5661,-83.51,-195.09,-86.52
2.2541,1.4010,0.1352,0.5617,-83.72,-195.16,-87.01
2.2565,1.4035,0.1362,0.5607,-83.16,-194.18,-86.17
2.2588,1.4035,0.1332,0.5646,-83.37,-194.32,-86.66
2.2612,1.4040,0.1362,0.5666,-82.88,-193.55,-86.45
2.2635,1.4093,0.1381,0.5646,-82.95,-193.48,-86.52
2.2659,1.4118,0.1415,0.5641,-82.39,-193.34,-86.66
2.2683,1.4118,0.1415,0.5632,-82.81,-192.78,-86.45
2.2706,1.4147,0.1381,0.5622,-82.39,-192.01,-86.45
2.2730,1.4186,0.1381,0.5622,-82.25,-192.08,-86.24
2.2754,1.4211,0.1362,0.5617,-82.04,-191.66,-86.94
2.2777,1.4225,0.1381,0.5622,-81.90,-191.59,-86.31
2.2801,1.4225,0.1425,0.5636,-81.90,-191.10,-86.52
2.2825,1.4269,0.1401,0.5646,-81.41,-190.54,-86.24
2.2848,1.4313,0.1396,0.5612,-81.34,-190.61,-86.59
2.2872,1.4318,0.1420,0.5636,-81.20,-190.05,-86.38
2.2896,1.4357,0.1376,0.5705,-81.41,-189.91,-86.66
2.2919,1.4406,0.1327,0.5714,-80.78,-189.35,-86.17
2.2943,1.4420,0.1303,0.5724,-80.92,-189.63,-87.29
2.2967,1.4450,0.1288,0.5719,-80.43,-188.86,-86.24
2.2967,1.4494,0.1264,0.5685,-80.57,-189.35,-87.43
2.2967,1.4489,0.1225,0.5671,-80.22,-188.37,-86.73
2.2968,1.4533,0.1181,0.5710,-80.50,-188.51,-87.22
2.2968,1.4611,0.1200,0.5719,-79.87,-188.23,-86.80
2.2969,1.4620,0.1191,0.5744,-80.29,-187.67,-87.22
2.2969,1.4630,0.1147,0.5778,-79.87,-187.74,-87.15
2.2969,1.4655,0.1137,0.5758,-80.01,-187.67,-87.64
2.2970,1.4684,0.1059,0.5739,-79.73,-187.25,-87.29
2.2970,1.4713,0.1035,0.5802,-79.66,-187.25,-87.71
2.2971,1.4723,0.1030,0.5836,-79.73,-186.48,-87.85
2.2971,1.4752,0.1005,0.5822,-79.66,-186.69,-87.71
2.2971,1.4762,0.1005,0.5841,-79.52,-186.13,-87.78
2.2972,1.4786,0.0947,0.5846,-79.52,-186.69,-88.13
2.2972,1.4840,0.0917,0.5836,-79.31,-186.06,-88.13
2.2973,1.4874,0.0893,0.5846,-79.31,-184.80,-88.27
2.2973,1.4864,0.0878,0.5841,-79.52,-185.50,-87.92
2.2973,1.4860,0.0854,0.5841,-78.96,-185.08,-88.62
2.2974,1.4869,0.0864,0.5866,-79.52,-184.59,-87.92
2.2974,1.4864,0.0878,0.5871,-79.17,-185.08,-88.62
2.2975,1.4904,0.0839,0.5827,-79.17,-184.87,-88.34
2.2975,1.4908,0.0805,0.5846,-79.03,-184.03,-88.20
2.2975,1.4938,0.0791,0.5876,-79.03,-184.17,-87.92
2.2976,1.4991,0.0776,0.5871,-78.89,-184.10,-87.99
2.2976,1.4967,0.0805,0.5841,-78.82,-183.82,-88.34
2.2976,1.4991,0.0810,0.5832,-78.89,-183.75,-87.64
2.2977,1.5016,0.0752,0.5856,-78.96,-183.26,-87.64
2.2977,1.5016,0.0761,0.5846,-78.61,-183.40,-87.36
2.2977,1.5030,0.0805,0.5817,-78.75,-182.77,-87.50
2.2978,1.5006,0.0786,0.5832,-78.68,-182.77,-86.87
2.2978,1.4977,0.0752,0.5861,-78.82,-182.91,-87.36
2.2978,1.4991,0.0732,0.5841,-78.54,-182.14,-86.31
2.2978,1.5011,0.0712,0.5822,-78.68,-182.77,-87.08
2.2979,1.4977,0.0698,0.5788,-78.68,-181.30,-85.40
2.2979,1.4947,0.0712,0.5768,-78.82,-181.65,-86.03
2.2979,1.4943,0.0717,0.5807,-78.33,-181.02,-84.98
2.2980,1.4923,0.0683,0.5836,-78.40,-181.16,-85.19
2.2980,1.4918,0.0664,0.5763,-78.82,-180.67,-84.49
2.2980,1.4904,0.0683,0.5754,-77.91,-180.04,-83.79
2.2981,1.4918,0.0673,0.5797,-78.82,-179.90,-83.72
2.2981,1.4913,0.0654,0.5812,-78.05,-179.27,-82.88
2.2981,1.4884,0.0630,0.5793,-78.82,-179.13,-82.46
2.2982,1.4869,0.0600,0.5802,-78.33,-178.85,-82.46
2.2982,1.4904,0.0605,0.5797,-78.40,-178.57,-81.69
2.2982,1.4904,0.0561,0.5758,-78.40,-178.64,-81.48
2.2983,1.4864,0.0537,0.5744,-78.47,-177.73,-80.64
2.2983,1.4835,0.0551,0.5778,-78.33,-177.66,-80.85
2.2983,1.4840,0.0503,0.5758,-78.40,-177.66,-80.01
2.2984,1.4860,0.0498,0.5734,-78.75,-177.52,-79.80
2.2984,1.4840,0.0512,0.5763,-78.33,-176.89,-79.31
2.2984,1.4825,0.0493,0.5778,-78.89,-176.68,-78.75
2.2984,1.4850,0.0483,0.5817,-78.33,-176.19,-78.47
2.2985,1.4860,0.0473,0.5817,-79.03,-176.12,-77.98
2.2985,1.4860,0.0449,0.5783,-78.26,-175.21,-77.56
2.2985,1.4850,0.0468,0.5783,-79.24,-175.77,-77.21
2.2986,1.4850,0.0493,0.5768,-78.61,-173.95,-76.30
2.2986,1.4830,0.0512,0.5778,-79.24,-174.93,-76.72
2.2986,1.4791,0.0527,0.5768,-78.47,-173.46,-75.18
2.2987,1.4801,0.0478,0.5768,-79.24,-174.09,-75.74
2.2987,1.4791,0.0459,0.5773,-78.54,-173.11,-74.41
2.2987,1.4791,0.0488,0.5768,-79.10,-173.32,-74.90
2.2990,1.4782,0.0473,0.5754,-79.10,-172.20,-73.15
2.2994,1.4772,0.0478,0.5754,-78.89,-172.90,-74.27
2.2997,1.4786,0.0473,0.5822,-79.03,-171.57,-72.03
2.3000,1.4772,0.0478,0.5832,-79.52,-171.50,-73.29
2.3003,1.4757,0.0527,0.5763,-79.17,-170.94,-71.33
2.3006,1.4689,0.0527,0.5739,-79.10,-170.73,-72.31
2.3009,1.4650,0.0522,0.5749,-79.24,-170.66,-70.56
2.3013,1.4645,0.0532,0.5763,-79.52,-169.19,-70.63
2.3016,1.4616,0.0508,0.5788,-79.24,-169.75,-70.14
2.3019,1.4586,0.0537,0.5754,-79.24,-168.28,-69.58
2.3022,1.4577,0.0566,0.5754,-79.31,-168.98,-69.51
2.3025,1.4552,0.0542,0.5768,-79.38,-167.16,-68.04
2.3029,1.4513,0.0561,0.5763,-79.24,-168.77,-68.81
2.3032,1.4459,0.0595,0.5778,-79.45,-166.39,-66.64
2.3035,1.4416,0.0615,0.5802,-79.31,-167.30,-68.04
2.3038,1.4455,0.0595,0.5822,-79.52,-165.83,-65.66
2.3041,1.4445,0.0586,0.5768,-79.52,-165.90,-66.71
2.3044,1.4411,0.0605,0.5734,-79.24,-164.64,-64.61
2.3048,1.4376,0.0625,0.5768,-79.80,-165.27,-65.73
2.3051,1.4303,0.0630,0.5754,-79.45,-163.73,-63.84
2.3057,1.4303,0.0630,0.5714,-79.80,-164.01,-64.68
2.3063,1.4313,0.0630,0.5749,-79.24,-163.38,-63.00
2.3069,1.4254,0.0610,0.5768,-79.87,-162.40,-62.72
2.3075,1.4245,0.0620,0.5739,-79.38,-162.75,-62.51
2.3081,1.4259,0.0620,0.5754,-80.36,-161.14,-61.18
2.3087,1.4230,0.0639,0.5763,-79.59,-161.70,-61.74
2.3094,1.4181,0.0654,0.5739,-80.08,-159.95,-60.06
2.3100,1.4147,0.0634,0.5739,-79.59,-160.79,-60.69
2.3106,1.4123,0.0551,0.5744,-80.08,-159.53,-59.71
2.3112,1.4089,0.0547,0.5734,-80.29,-158.13,-58.31
2.3118,1.4069,0.0522,0.5729,-79.87,-158.13,-58.87
2.3124,1.4084,0.0522,0.5744,-80.22,-156.94,-57.68
2.3130,1.4079,0.0527,0.5724,-80.29,-156.80,-57.33
2.3136,1.4015,0.0512,0.5710,-80.50,-156.10,-56.91
2.3142,1.4010,0.0478,0.5705,-80.57,-155.89,-56.28
2.3149,1.4015,0.0468,0.5729,-80.29,-155.54,-56.42
2.3155,1.3957,0.0498,0.5714,-80.99,-154.84,-55.23
2.3161,1.3932,0.0493,0.5680,-80.57,-154.35,-55.93
2.3167,1.3971,0.0454,0.5700,-80.99,-153.65,-54.60
2.3173,1.3996,0.0449,0.5700,-80.43,-153.44,-54.67
2.3179,1.3942,0.0429,0.5710,-81.34,-152.46,-53.83
2.3186,1.3874,0.0381,0.5739,-80.78,-152.46,-54.25
2.3192,1.3849,0.0346,0.5714,-81.48,-151.13,-52.99
2.3199,1.3810,0.0366,0.5724,-81.48,-151.41,-53.83
2.3205,1.3791,0.0405,0.5724,-81.34,-149.87,-52.36
2.3211,1.3786,0.0395,0.5724,-81.83,-149.94,-52.99
2.3218,1.3781,0.0415,0.5700,-81.97,-148.96,-52.15
2.3224,1.3766,0.0434,0.5685,-81.27,-148.05,-51.38
2.3231,1.3727,0.0449,0.5695,-82.46,-148.26,-51.45
2.3237,1.3723,0.0459,0.5744,-81.69,-146.30,-51.17
2.3243,1.3737,0.0473,0.5734,-82.46,-147.00,-50.82
2.3250,1.3723,0.0478,0.5734,-81.69,-145.81,-50.26
2.3256,1.3732,0.0527,0.5744,-82.53,-145.53,-50.19
2.3263,1.3693,0.0576,0.5705,-81.83,-144.76,-50.33
2.3269,1.3679,0.0571,0.5690,-82.53,-144.55,-49.49
2.3275,1.3708,0.0615,0.5695,-82.18,-143.92,-49.91
2.3282,1.3693,0.0654,0.5719,-82.32,-143.22,-49.21
2.3288,1.3674,0.0673,0.5705,-82.53,-143.29,-48.93
2.3295,1.3659,0.0683,0.5666,-82.04,-142.03,-48.65
2.3301,1.3625,0.0678,0.5666,-82.81,-142.17,-48.30
2.3306,1.3615,0.0752,0.5675,-81.83,-141.54,-48.23
2.3311,1.3596,0.0830,0.5685,-82.53,-141.26,-48.23
2.3316,1.3596,0.0859,0.5680,-82.11,-140.28,-47.60
2.3321,1.3576,0.0859,0.5656,-82.39,-139.93,-47.67
2.3326,1.3513,0.0859,0.5675,-82.11,-139.09,-46.90
2.3331,1.3527,0.0917,0.5651,-82.25,-139.65,-47.81
2.3336,1.3522,0.0937,0.5632,-81.90,-137.90,-46.20
2.3341,1.3513,0.0947,0.5607,-82.32,-138.32,-47.04
2.3346,1.3542,0.0981,0.5612,-81.76,-137.41,-45.64
2.3351,1.3542,0.1000,0.5690,-81.76,-137.48,-46.83
2.3356,1.3508,0.1020,0.5656,-81.76,-136.36,-45.08
2.3361,1.3459,0.1049,0.5627,-81.55,-136.57,-46.20
2.3366,1.3469,0.1083,0.5661,-81.13,-135.52,-45.01
2.3371,1.3483,0.1132,0.5641,-81.48,-135.10,-45.78
2.3376,1.3449,0.1122,0.5597,-81.20,-135.03,-44.94
2.3381,1.3381,0.1157,0.5583,-81.27,-133.98,-44.94
2.3386,1.3391,0.1230,0.5617,-80.92,-134.12,-45.22
2.3391,1.3405,0.1220,0.5641,-80.64,-132.93,-44.52
2.3396,1.3410,0.1225,0.5597,-80.57,-133.63,-44.94
2.3401,1.3410,0.1254,0.5588,-80.43,-132.23,-44.38
2.3407,1.3400,0.1274,0.5617,-80.22,-132.44,-44.52
2.3412,1.3469,0.1279,0.5622,-80.01,-131.88,-44.45
2.3417,1.3430,0.1288,0.5632,-79.80,-131.46,-44.24
2.3423,1.3391,0.1318,0.5617,-79.94,-131.04,-44.24
2.3428,1.3420,0.1342,0.5617,-79.10,-130.48,-43.96
2.3433,1.3405,0.1386,0.5627,-79.24,-130.34,-44.03
2.3439,1.3381,0.1376,0.5617,-78.75,-129.29,-43.61
2.3444,1.3391,0.1381,0.5627,-78.89,-130.27,-44.24
2.3449,1.3400,0.1430,0.5666,-78.75,-128.87,-43.75
2.3455,1.3386,0.1430,0.5646,-78.68,-129.15,-44.24
2.3460,1.3357,0.1410,0.5597,-77.77,-128.59,-43.82
2.3465,1.3337,0.1410,0.5617,-78.05,-128.59,-44.45
2.3471,1.3337,0.1440,0.5666,-77.70,-128.10,-43.89
2.3476,1.3347,0.1444,0.5685,-77.42,-127.40,-44.31
2.3481,1.3391,0.1459,0.5680,-76.93,-127.54,-44.24
2.3487,1.3391,0.1464,0.5661,-76.86,-127.19,-44.31
2.3492,1.3347,0.1484,0.5675,-76.65,-126.77,-44.59
2.3497,1.3371,0.1527,0.5719,-76.44,-126.42,-44.31
2.3503,1.3381,0.1542,0.5710,-76.23,-126.49,-44.73
2.3508,1.3342,0.1557,0.5739,-75.60,-125.51,-44.45
2.3514,1.3357,0.1581,0.5739,-75.46,-125.65,-44.80
2.3520,1.3352,0.1610,0.5710,-75.18,-125.51,-44.73
2.3526,1.3327,0.1630,0.5695,-74.76,-124.88,-45.15
2.3532,1.3332,0.1630,0.5675,-74.34,-124.81,-44.87
2.3538,1.3293,0.1688,0.5719,-74.06,-124.11,-44.94
2.3544,1.3283,0.1718,0.5724,-73.64,-123.90,-44.73
2.3550,1.3293,0.1684,0.5700,-73.85,-123.97,-45.08
2.3556,1.3278,0.1723,0.5710,-72.87,-123.97,-45.15
2.3562,1.3249,0.1815,0.5724,-72.87,-122.99,-45.36
2.3568,1.3210,0.1840,0.5719,-72.24,-123.13,-45.29
2.3574,1.3225,0.1845,0.5719,-71.96,-122.43,-45.01
2.3580,1.3254,0.1869,0.5710,-71.54,-122.78,-45.01
2.3587,1.3239,0.1893,0.5729,-71.26,-122.29,-45.43
2.3593,1.3235,0.1923,0.5744,-70.91,-122.36,-45.36
2.3599,1.3230,0.1962,0.5705,-70.84,-121.38,-44.87
2.3605,1.3196,0.1981,0.5685,-69.86,-121.52,-45.50
2.3611,1.3181,0.2030,0.5705,-69.51,-121.38,-44.94
2.3617,1.3171,0.2089,0.5714,-69.23,-120.82,-45.29
2.3623,1.3152,0.2079,0.5700,-68.88,-120.82,-45.01
2.3629,1.3161,0.2094,0.5700,-68.25,-120.40,-45.22
2.3646,1.3132,0.2142,0.5661,-67.97,-120.54,-44.94
2.3664,1.3103,0.2142,0.5656,-67.27,-119.35,-45.08
2.3681,1.3069,0.2201,0.5661,-66.57,-118.65,-44.73
2.3699,1.3049,0.2206,0.5685,-65.87,-119.84,-45.22
2.3717,1.3015,0.2235,0.5695,-65.45,-118.09,-44.73
2.3734,1.3010,0.2235,0.5719,-65.31,-119.28,-45.01
2.3752,1.3005,0.2245,0.5710,-64.68,-117.74,-44.45
2.3769,1.2991,0.2259,0.5705,-64.47,-118.51,-45.08
2.3787,1.2956,0.2235,0.5714,-63.77,-117.39,-44.38
2.3804,1.2903,0.2259,0.5690,-63.21,-118.02,-45.43
2.3822,1.2893,0.2284,0.5666,-62.79,-116.83,-44.03
2.3840,1.2903,0.2284,0.5724,-62.65,-117.18,-45.01
2.3857,1.2932,0.2279,0.5744,-61.88,-116.90,-44.52
2.3875,1.2922,0.2269,0.5719,-61.60,-116.34,-44.45
2.3892,1.2888,0.2279,0.5724,-60.90,-116.41,-44.31
2.3910,1.2888,0.2289,0.5710,-60.76,-115.64,-44.45
2.3927,1.2849,0.2269,0.5719,-60.13,-116.20,-44.45
2.3945,1.2839,0.2274,0.5734,-59.64,-114.87,-44.31
2.3962,1.2864,0.2294,0.5719,-59.29,-115.36,-44.38
2.3980,1.2830,0.2264,0.5739,-58.80,-114.45,-44.17
2.3980,1.2800,0.2274,0.5690,-58.52,-115.29,-44.80
2.3981,1.2795,0.2264,0.5680,-57.54,-114.73,-45.15
2.3981,1.2766,0.2220,0.5739,-56.98,-112.84,-43.54
2.3982,1.2727,0.2206,0.5758,-57.12,-113.68,-44.87
2.3982,1.2703,0.2191,0.5788,-56.07,-112.42,-43.89
2.3983,1.2683,0.2176,0.5754,-56.49,-113.05,-44.73
2.3983,1.2698,0.2157,0.5705,-55.30,-111.65,-43.68
2.3984,1.2717,0.2137,0.5734,-55.72,-112.42,-44.87
2.3984,1.2737,0.2118,0.5739,-55.16,-111.30,-44.24
2.3985,1.2703,0.2074,0.5768,-55.09,-111.51,-44.80
2.3985,1.2659,0.2079,0.5768,-53.97,-110.81,-44.45
2.3986,1.2605,0.2137,0.5763,-54.25,-110.95,-44.87
2.3986,1.2532,0.2113,0.5763,-53.62,-109.83,-44.38
2.3987,1.2512,0.2079,0.5744,-53.69,-109.76,-44.94
2.3987,1.2527,0.2074,0.5793,-53.06,-109.55,-44.59
2.3988,1.2517,0.2064,0.5812,-52.99,-109.20,-45.22
2.3988,1.2473,0.2069,0.5773,-52.78,-109.13,-44.73
2.3989,1.2410,0.2015,0.5749,-52.22,-107.94,-44.80
2.3989,1.2371,0.2011,0.5768,-52.15,-108.50,-45.29
2.3990,1.2356,0.2006,0.5773,-51.73,-106.47,-44.24
2.3994,1.2312,0.1937,0.5802,-51.94,-107.80,-45.78
2.3998,1.2229,0.1908,0.5832,-51.38,-106.75,-45.64
2.4003,1.2210,0.1928,0.5861,-50.82,-105.63,-44.66
2.4007,1.2224,0.1937,0.5832,-50.96,-105.35,-45.43
2.4011,1.2190,0.1918,0.5783,-50.61,-104.93,-44.94
2.4016,1.2161,0.1908,0.5758,-50.68,-104.30,-45.15
2.4020,1.2122,0.1923,0.5807,-50.19,-103.95,-44.87
2.4024,1.2093,0.1908,0.5846,-50.26,-103.81,-45.36
2.4029,1.2098,0.1898,0.5832,-49.84,-103.11,-44.66
2.4033,1.2063,0.1893,0.5827,-49.91,-102.41,-45.22
2.4037,1.2039,0.1874,0.5841,-49.56,-102.27,-44.80
2.4042,1.2024,0.1864,0.5880,-49.49,-101.64,-45.29
2.4046,1.2000,0.1859,0.5856,-49.49,-101.29,-44.59
2.4050,1.1980,0.1859,0.5793,-49.21,-100.94,-45.43
2.4054,1.1941,0.1889,0.5802,-49.07,-100.17,-44.52
2.4059,1.1922,0.1884,0.5783,-49.14,-99.68,-44.94
2.4063,1.1922,0.1874,0.5778,-48.72,-99.19,-44.31
2.4067,1.1897,0.1864,0.5802,-48.65,-98.63,-44.73
2.4072,1.1868,0.1820,0.5783,-48.44,-98.14,-44.38
2.4076,1.1858,0.1825,0.5778,-48.58,-97.30,-44.59
2.4082,1.1858,0.1845,0.5788,-48.09,-97.72,-44.31
2.4088,1.1897,0.1815,0.5783,-48.09,-96.46,-44.03
2.4094,1.1907,0.1796,0.5754,-48.37,-96.46,-43.82
2.4100,1.1888,0.1810,0.5744,-47.81,-95.62,-43.82
2.4106,1.1844,0.1820,0.5744,-48.16,-95.69,-44.03
2.4111,1.1780,0.1796,0.5739,-47.81,-94.92,-43.26
2.4117,1.1814,0.1801,0.5695,-47.88,-94.36,-44.10
2.4123,1.1854,0.1825,0.5710,-47.53,-93.31,-42.84
2.4129,1.1800,0.1850,0.5754,-48.02,-93.52,-43.82
2.4135,1.1732,0.1874,0.5739,-47.39,-92.68,-42.42
2.4141,1.1722,0.1845,0.5714,-47.60,-92.12,-43.33
2.4147,1.1722,0.1845,0.5714,-47.25,-91.84,-41.93
2.4153,1.1727,0.1889,0.5719,-47.46,-91.49,-43.05
2.4159,1.1751,0.1879,0.5690,-47.32,-90.72,-41.58
2.4164,1.1766,0.1879,0.5690,-47.39,-90.37,-42.77
2.4170,1.1771,0.1884,0.5700,-47.11,-89.53,-41.37
2.4176,1.1751,0.1869,0.5680,-47.18,-89.11,-41.16
2.4182,1.1732,0.1835,0.5685,-47.11,-88.13,-41.65
2.4188,1.1746,0.1845,0.5666,-46.90,-88.06,-41.16
2.4194,1.1780,0.1854,0.5661,-47.32,-87.36,-41.44
2.4200,1.1790,0.1854,0.5666,-46.97,-86.87,-40.60
2.4206,1.1775,0.1869,0.5656,-47.11,-87.01,-41.30
2.4212,1.1805,0.1859,0.5641,-46.62,-85.96,-40.25
2.4218,1.1819,0.1830,0.5632,-47.18,-85.82,-40.74
2.4224,1.1746,0.1830,0.5636,-46.83,-84.84,-40.25
2.4229,1.1746,0.1850,0.5632,-47.25,-84.91,-40.11
2.4235,1.1780,0.1845,0.5612,-46.97,-84.28,-40.04
2.4241,1.1746,0.1869,0.5607,-47.04,-84.00,-39.90
2.4247,1.1761,0.1874,0.5602,-46.69,-83.65,-39.83
2.4253,1.1805,0.1850,0.5573,-46.76,-82.81,-39.27
2.4259,1.1785,0.1850,0.5553,-46.90,-82.81,-39.62
2.4265,1.1751,0.1850,0.5592,-46.76,-82.04,-38.99
2.4271,1.1741,0.1898,0.5632,-46.83,-81.62,-39.34
2.4277,1.1751,0.1923,0.5627,-46.41,-81.55,-38.57
2.4283,1.1790,0.1908,0.5592,-46.76,-81.06,-39.20
2.4289,1.1766,0.1923,0.5563,-46.76,-80.92,-38.36
2.4295,1.1746,0.1932,0.5568,-46.69,-79.66,-38.57
2.4301,1.1761,0.1972,0.5558,-46.90,-80.43,-38.50
2.4307,1.1761,0.2001,0.5563,-46.55,-78.89,-37.73
2.4313,1.1741,0.1991,0.5558,-46.76,-79.59,-38.29
2.4318,1.1741,0.2001,0.5519,-46.41,-78.54,-37.80
2.4323,1.1746,0.2045,0.5500,-46.76,-78.61,-38.15
2.4328,1.1717,0.2069,0.5495,-46.34,-77.70,-37.03
2.4333,1.1712,0.2020,0.5524,-46.69,-77.63,-37.73
2.4338,1.1688,0.2015,0.5500,-46.20,-77.14,-37.03
2.4343,1.1668,0.2035,0.5451,-46.62,-76.65,-37.24
2.4348,1.1639,0.2050,0.5466,-46.20,-76.72,-36.54
2.4353,1.1614,0.2094,0.5475,-46.34,-75.60,-37.03
2.4359,1.1600,0.2133,0.5510,-46.06,-76.02,-36.19
2.4364,1.1566,0.2152,0.5490,-46.20,-75.18,-36.96
2.4369,1.1595,0.2167,0.5422,-45.99,-75.18,-35.91
2.4374,1.1614,0.2172,0.5441,-46.13,-74.34,-36.33
2.4379,1.1561,0.2172,0.5436,-45.85,-74.48,-35.49
2.4384,1.1536,0.2176,0.5402,-45.92,-73.08,-35.63
2.4389,1.1531,0.2216,0.5373,-45.64,-73.99,-35.63
2.4394,1.1488,0.2255,0.5344,-45.92,-72.73,-35.07
2.4399,1.1478,0.2255,0.5344,-45.99,-73.15,-35.42
2.4404,1.1478,0.2255,0.5368,-45.43,-71.96,-34.51
2.4410,1.1483,0.2269,0.5383,-45.78,-72.59,-35.14
2.4415,1.1463,0.2298,0.5353,-45.15,-71.54,-34.02
2.4420,1.1448,0.2333,0.5334,-45.64,-71.82,-34.93
2.4426,1.1463,0.2338,0.5329,-44.94,-71.12,-33.60
2.4431,1.1444,0.2338,0.5309,-45.50,-70.56,-34.44
2.4437,1.1448,0.2318,0.5300,-44.94,-70.49,-33.46
2.4443,1.1424,0.2347,0.5275,-45.22,-69.93,-34.02
2.4448,1.1385,0.2367,0.5266,-44.66,-70.07,-32.97
2.4454,1.1390,0.2391,0.5275,-45.15,-69.37,-33.46
2.4460,1.1400,0.2411,0.5275,-44.38,-69.37,-32.62
2.4465,1.1400,0.2396,0.5251,-44.87,-68.81,-33.18
2.4471,1.1375,0.2416,0.5270,-44.31,-68.67,-32.41
2.4476,1.1390,0.2420,0.5300,-44.31,-68.11,-32.62
2.4482,1.1405,0.2401,0.5246,-44.10,-68.11,-31.92
2.4488,1.1390,0.2386,0.5207,-44.17,-67.62,-32.27
2.4493,1.1366,0.2391,0.5217,-44.03,-67.34,-31.50
2.4499,1.1322,0.2430,0.5222,-43.89,-66.85,-31.57
2.4505,1.1331,0.2499,0.5212,-43.61,-66.64,-31.57
2.4510,1.1361,0.2460,0.5222,-43.61,-66.78,-31.36
2.4516,1.1346,0.2445,0.5202,-43.61,-65.87,-30.94
2.4521,1.1380,0.2460,0.5148,-43.47,-66.43,-30.87
2.4527,1.1419,0.2494,0.5158,-43.05,-65.52,-30.24
2.4532,1.1419,0.2542,0.5197,-43.19,-65.59,-30.45
2.4538,1.1385,0.2542,0.5173,-42.84,-65.38,-30.59
2.4543,1.1341,0.2542,0.5148,-42.84,-64.96,-29.47
2.4548,1.1356,0.2547,0.5158,-42.70,-64.54,-30.31
2.4554,1.1366,0.2528,0.5158,-42.35,-64.26,-29.19
2.4559,1.1356,0.2538,0.5139,-42.49,-64.33,-30.03
2.4564,1.1351,0.2586,0.5134,-42.14,-63.70,-28.77
2.4570,1.1326,0.2596,0.5114,-42.35,-63.77,-29.68
2.4575,1.1283,0.2616,0.5104,-41.79,-63.35,-28.42
2.4580,1.1263,0.2655,0.5100,-42.14,-63.63,-29.40
2.4586,1.1302,0.2645,0.5061,-41.44,-62.72,-28.14
2.4591,1.1322,0.2664,0.5022,-41.79,-62.93,-28.77
2.4596,1.1273,0.2699,0.4992,-41.37,-62.09,-27.93
2.4602,1.1224,0.2752,0.5002,-40.46,-62.16,-27.93
2.4607,1.1224,0.2782,0.5031,-40.95,-61.67,-27.65
2.4612,1.1229,0.2772,0.5022,-40.46,-61.88,-27.93
2.4618,1.1258,0.2786,0.4978,-40.39,-61.18,-27.09
2.4623,1.1248,0.2782,0.4953,-40.32,-61.39,-28.00
2.4628,1.1200,0.2821,0.4934,-39.76,-60.90,-26.81
2.4634,1.1214,0.2874,0.4939,-40.25,-61.11,-27.51
2.4651,1.1204,0.2894,0.4953,-39.34,-60.34,-26.53
2.4669,1.1170,0.2943,0.4924,-39.76,-60.62,-27.16
2.4687,1.1156,0.2991,0.4885,-38.99,-59.78,-26.18
2.4704,1.1141,0.3016,0.4865,-39.69,-59.99,-27.16
2.4722,1.1126,0.3006,0.4841,-38.57,-59.15,-26.04
2.4740,1.1146,0.3011,0.4841,-39.34,-59.71,-26.81
2.4758,1.1156,0.3035,0.4851,-38.15,-58.66,-25.97
2.4775,1.1131,0.3070,0.4826,-38.50,-59.15,-26.74
2.4793,1.1082,0.3128,0.4846,-37.59,-58.66,-25.83
2.4811,1.1029,0.3143,0.4875,-38.01,-58.87,-26.74
2.4828,1.1009,0.3143,0.4807,-37.17,-58.73,-25.97
2.4846,1.1014,0.3148,0.4787,-37.24,-57.75,-26.11
2.4864,1.1000,0.3167,0.4831,-36.89,-57.61,-25.62
2.4882,1.0990,0.3206,0.4787,-36.96,-57.89,-26.46
2.4899,1.0965,0.3231,0.4758,-36.68,-57.54,-25.97
2.4917,1.0902,0.3279,0.4738,-36.47,-57.19,-26.11
2.4935,1.0912,0.3314,0.4709,-35.98,-57.33,-26.11
2.4952,1.0902,0.3309,0.4690,-36.12,-56.70,-25.76
2.4970,1.0824,0.3328,0.4670,-36.05,-56.49,-26.04
2.4988,1.0790,0.3343,0.4680,-35.35,-56.21,-25.97
2.4988,1.0765,0.3367,0.4665,-35.28,-56.35,-26.53
2.4989,1.0756,0.3411,0.4660,-35.00,-55.44,-26.11
2.4989,1.0765,0.3455,0.4680,-35.21,-55.65,-25.76
2.4990,1.0697,0.3465,0.4665,-34.51,-55.51,-26.46
2.4990,1.0658,0.3499,0.4656,-34.44,-55.23,-26.18
2.4990,1.0663,0.3543,0.4641,-34.02,-54.81,-26.39
2.4991,1.0653,0.3533,0.4607,-33.88,-55.30,-26.39
2.4991,1.0648,0.3533,0.4582,-33.81,-54.60,-26.46
2.4992,1.0673,0.3523,0.4587,-33.32,-54.18,-26.74
2.4992,1.0643,0.3528,0.4573,-33.39,-54.18,-26.53
2.4993,1.0551,0.3523,0.4597,-32.62,-53.83,-26.04
2.4993,1.0526,0.3538,0.4573,-32.48,-53.62,-27.44
2.4994,1.0521,0.3543,0.4553,-32.13,-52.99,-26.04
2.4994,1.0536,0.3572,0.4563,-31.78,-52.85,-27.44
2.4995,1.0541,0.3621,0.4582,-31.64,-53.06,-27.23
2.4995,1.0521,0.3611,0.4607,-31.50,-52.22,-27.37
2.4995,1.0507,0.3572,0.4543,-31.29,-52.22,-27.44
2.4996,1.0458,0.3577,0.4519,-31.08,-51.66,-27.02
2.4996,1.0424,0.3640,0.4529,-30.66,-51.73,-28.00
2.4997,1.0404,0.3650,0.4494,-30.52,-51.38,-27.30
2.4997,1.0360,0.3655,0.4460,-30.66,-51.10,-27.86
2.4997,1.0365,0.3689,0.4451,-29.82,-50.75,-27.58
2.4998,1.0385,0.3699,0.4470,-30.10,-50.68,-28.14
2.4998,1.0355,0.3689,0.4446,-29.47,-50.19,-27.72
2.4998,1.0336,0.3680,0.4412,-29.82,-50.40,-28.63
2.4999,1.0341,0.3689,0.4441,-29.19,-49.77,-27.72
2.4999,1.0311,0.3684,0.4436,-29.12,-49.35,-28.84
2.4999,1.0292,0.3660,0.4446,-28.56,-49.21,-27.58
2.5000,1.0297,0.3655,0.4446,-28.56,-48.65,-28.49
2.5000,1.0307,0.3645,0.4416,-28.14,-48.72,-27.93
2.5000,1.0272,0.3631,0.4451,-28.21,-47.88,-28.56
2.5001,1.0258,0.3655,0.4460,-28.14,-48.44,-28.07
2.5001,1.0263,0.3699,0.4446,-27.86,-47.81,-28.98
2.5001,1.0209,0.3728,0.4416,-27.79,-47.88,-28.56
2.5002,1.0185,0.3719,0.4382,-27.30,-46.97,-28.91
2.5002,1.0189,0.3665,0.4426,-27.37,-47.74,-28.98
2.5002,1.0199,0.3631,0.4446,-27.09,-46.20,-28.56
2.5003,1.0199,0.3636,0.4416,-26.95,-46.69,-29.19
2.5003,1.0185,0.3670,0.4416,-26.67,-46.13,-28.63
2.5003,1.0180,0.3699,0.4387,-26.39,-46.34,-29.19
2.5007,1.0170,0.3709,0.4363,-26.25,-45.15,-28.63
2.5011,1.0136,0.3719,0.4358,-25.97,-45.99,-29.54
2.5015,1.0097,0.3714,0.4329,-26.04,-44.80,-28.70
2.5019,1.0072,0.3704,0.4333,-25.69,-45.08,-29.40
2.5023,1.0058,0.3743,0.4348,-25.62,-44.45,-28.56
2.5028,1.0053,0.3748,0.4329,-25.55,-44.66,-29.47
2.5032,1.0048,0.3738,0.4270,-25.27,-44.03,-28.70
2.5036,1.0019,0.3777,0.4260,-25.06,-44.31,-30.17
2.5040,1.0004,0.3762,0.4299,-25.41,-43.61,-28.35
2.5044,0.9999,0.3753,0.4236,-24.92,-43.12,-29.89
2.5048,0.9999,0.3792,0.4207,-24.64,-42.42,-28.63
2.5052,0.9989,0.3792,0.4192,-24.78,-42.63,-29.61
2.5056,0.9950,0.3762,0.4177,-24.22,-42.70,-29.12
2.5060,0.9921,0.3753,0.4163,-24.50,-41.72,-29.40
2.5064,0.9906,0.3753,0.4128,-24.50,-42.14,-29.75
2.5068,0.9867,0.3767,0.4124,-24.01,-41.44,-29.12
2.5072,0.9838,0.3762,0.4148,-23.87,-41.51,-29.82
2.5076,0.9872,0.3743,0.4158,-23.87,-40.46,-28.77
2.5080,0.9892,0.3743,0.4163,-23.87,-41.44,-30.59
2.5084,0.9872,0.3772,0.4143,-23.38,-40.18,-28.98
2.5090,0.9823,0.3797,0.4128,-23.59,-40.81,-31.01
2.5096,0.9794,0.3816,0.4148,-23.17,-39.34,-28.77
2.5102,0.9804,0.3821,0.4119,-23.52,-40.32,-30.94
2.5107,0.9809,0.3772,0.4104,-22.82,-38.64,-28.98
2.5113,0.9794,0.3762,0.4104,-23.24,-39.34,-30.80
2.5119,0.9740,0.3723,0.4080,-22.61,-38.57,-29.61
2.5125,0.9755,0.3748,0.4080,-22.61,-37.87,-29.54
2.5130,0.9804,0.3772,0.4041,-23.24,-38.36,-31.15
2.5136,0.9794,0.3782,0.4046,-22.12,-37.45,-29.82
2.5142,0.9750,0.3758,0.4094,-23.24,-37.52,-30.87
2.5148,0.9697,0.3748,0.4046,-22.05,-36.75,-30.17
2.5153,0.9701,0.3709,0.4021,-23.10,-37.17,-30.87
2.5159,0.9740,0.3680,0.4026,-22.05,-36.75,-30.87
2.5165,0.9740,0.3704,0.4002,-22.61,-36.54,-31.01
2.5171,0.9726,0.3719,0.4011,-22.12,-35.91,-30.94
2.5177,0.9716,0.3714,0.4002,-22.40,-35.84,-31.08
2.5182,0.9736,0.3748,0.3963,-22.33,-35.84,-30.94
2.5188,0.9731,0.3767,0.3982,-21.98,-34.79,-31.08
2.5194,0.9736,0.3733,0.3992,-22.33,-35.28,-31.36
2.5200,0.9711,0.3714,0.3967,-21.77,-34.72,-30.87
2.5211,0.9682,0.3733,0.3938,-22.33,-34.30,-31.36
2.5222,0.9667,0.3748,0.3914,-21.70,-34.79,-31.50
2.5233,0.9662,0.3753,0.3919,-22.47,-33.67,-30.94
2.5244,0.9687,0.3728,0.3870,-21.77,-34.23,-31.50
2.5255,0.9701,0.3753,0.3836,-21.91,-33.32,-31.43
2.5266,0.9687,0.3738,0.3841,-21.91,-33.60,-31.57
2.5277,0.9667,0.3738,0.3826,-21.84,-32.83,-31.50
2.5288,0.9672,0.3762,0.3811,-21.77,-33.18,-31.78
2.5299,0.9692,0.3767,0.3821,-21.84,-32.34,-31.64
2.5310,0.9687,0.3738,0.3802,-21.42,-32.34,-31.36
2.5321,0.9672,0.3728,0.3787,-21.91,-31.64,-31.64
2.5332,0.9662,0.3753,0.3811,-21.35,-32.34,-31.36
2.5343,0.9658,0.3772,0.3777,-21.42,-31.71,-31.57
2.5354,0.9648,0.3772,0.3733,-21.84,-31.92,-31.71
2.5366,0.9648,0.3782,0.3714,-21.77,-31.08,-31.36
2.5377,0.9672,0.3772,0.3728,-21.49,-31.50,-31.57
2.5388,0.9692,0.3767,0.3743,-21.42,-30.73,-31.36
2.5399,0.9653,0.3772,0.3699,-21.77,-30.80,-31.22
2.5410,0.9623,0.3743,0.3689,-21.28,-30.03,-31.01
2.5421,0.9658,0.3743,0.3660,-21.77,-30.73,-31.36
2.5427,0.9677,0.3758,0.3660,-21.28,-30.03,-31.15
2.5433,0.9687,0.3777,0.3631,-21.56,-29.75,-31.15
2.5439,0.9667,0.3811,0.3621,-21.07,-29.75,-30.80
2.5445,0.9648,0.3792,0.3645,-21.28,-29.26,-30.80
2.5451,0.9643,0.3782,0.3640,-21.35,-29.89,-31.01
2.5457,0.9662,0.3792,0.3582,-21.21,-29.68,-31.01
2.5463,0.9628,0.3792,0.3577,-21.28,-28.70,-29.82
2.5469,0.9623,0.3792,0.3597,-21.28,-29.19,-30.94
2.5476,0.9638,0.3850,0.3558,-21.07,-28.63,-29.96
2.5482,0.9633,0.3880,0.3548,-21.28,-28.77,-30.31
2.5488,0.9618,0.3860,0.3553,-20.79,-28.56,-29.89
2.5494,0.9618,0.3860,0.3553,-21.07,-28.63,-29.96
2.5500,0.9614,0.3865,0.3572,-21.00,-28.28,-29.68
2.5506,0.9623,0.3870,0.3538,-21.07,-27.93,-29.47
2.5512,0.9638,0.3904,0.3509,-20.72,-28.00,-29.33
2.5518,0.9614,0.3904,0.3499,-21.07,-27.86,-29.12
2.5524,0.9584,0.3899,0.3494,-20.93,-28.00,-29.19
2.5530,0.9589,0.3919,0.3523,-20.65,-27.44,-28.84
2.5536,0.9618,0.3958,0.3504,-20.86,-27.93,-28.70
2.5542,0.9618,0.3977,0.3484,-20.30,-27.23,-28.49
2.5565,0.9589,0.3943,0.3479,-20.72,-27.72,-28.70
2.5587,0.9579,0.3914,0.3455,-20.44,-27.09,-27.93
2.5610,0.9570,0.3928,0.3455,-20.65,-27.37,-28.07
2.5632,0.9570,0.3958,0.3475,-20.37,-26.67,-27.72
2.5655,0.9594,0.3987,0.3470,-20.79,-26.88,-27.79
2.5677,0.9614,0.3997,0.3436,-20.30,-26.67,-27.44
2.5699,0.9609,0.4041,0.3440,-20.44,-26.74,-27.79
2.5722,0.9584,0.4016,0.3450,-20.09,-26.53,-27.09
2.5744,0.9594,0.4036,0.3450,-19.95,-26.67,-27.02
2.5767,0.9599,0.4104,0.3431,-19.95,-26.32,-26.46
2.5789,0.9579,0.4089,0.3387,-20.23,-26.25,-27.09
2.5811,0.9560,0.4104,0.3392,-19.74,-26.60,-26.18
2.5834,0.9560,0.4158,0.3426,-20.16,-26.18,-26.53
2.5856,0.9565,0.4211,0.3401,-19.74,-25.83,-25.62
2.5879,0.9565,0.4192,0.3348,-19.81,-26.39,-26.46
2.5901,0.9575,0.4158,0.3338,-19.53,-25.90,-25.27
2.5924,0.9545,0.4187,0.3294,-19.74,-25.97,-25.76
2.5946,0.9536,0.4207,0.3299,-19.39,-25.41,-25.20
2.5968,0.9526,0.4192,0.3338,-19.60,-25.34,-25.06
2.5991,0.9477,0.4192,0.3323,-19.25,-25.41,-24.85
2.5991,0.9448,0.4202,0.3289,-19.11,-25.83,-25.13
2.5992,0.9409,0.4280,0.3255,-19.25,-25.48,-24.22
2.5992,0.9379,0.4294,0.3226,-19.39,-25.13,-24.29
2.5993,0.9370,0.4290,0.3221,-18.97,-24.85,-23.80
2.5993,0.9374,0.4324,0.3265,-18.90,-24.71,-24.08
2.5993,0.9345,0.4314,0.3289,-18.83,-24.78,-23.24
2.5994,0.9316,0.4304,0.3299,-18.62,-24.78,-24.08
2.5994,0.9316,0.4333,0.3284,-19.04,-24.57,-22.89
2.5995,0.9301,0.4299,0.3255,-18.69,-24.22,-23.31
2.5995,0.9267,0.4250,0.3245,-18.76,-24.29,-22.68
2.5996,0.9292,0.4294,0.3226,-18.55,-24.01,-22.96
2.5996,0.9311,0.4324,0.3245,-18.69,-24.50,-22.54
2.5996,0.9287,0.4275,0.3265,-18.20,-23.94,-22.33
2.5997,0.9272,0.4255,0.3250,-18.62,-23.94,-21.98
2.5997,0.9301,0.4294,0.3216,-18.27,-23.45,-21.98
2.5998,0.9301,0.4309,0.3216,-18.55,-23.80,-21.42
2.5998,0.9282,0.4314,0.3235,-18.13,-23.87,-21.91
2.5999,0.9267,0.4319,0.3201,-18.55,-23.31,-21.14
2.5999,0.9272,0.4304,0.3167,-18.27,-23.80,-21.98
2.5999,0.9277,0.4309,0.3109,-18.13,-23.59,-20.86
2.6000,0.9306,0.4294,0.3148,-18.20,-23.59,-21.14
2.6000,0.9282,0.4309,0.3152,-18.13,-22.61,-20.93
2.6000,0.9267,0.4294,0.3109,-18.20,-22.96,-20.51
2.6001,0.9277,0.4294,0.3109,-18.27,-22.68,-20.37
2.6001,0.9267,0.4290,0.3094,-17.92,-22.54,-20.58
2.6001,0.9257,0.4275,0.3065,-18.06,-22.75,-20.02
2.6002,0.9252,0.4290,0.3055,-17.99,-22.26,-20.37
2.6002,0.9233,0.4324,0.3084,-18.34,-22.54,-19.74
2.6002,0.9213,0.4329,0.3065,-17.99,-22.19,-19.81
2.6003,0.9189,0.4319,0.3030,-18.06,-22.26,-19.60
2.6003,0.9194,0.4338,0.3045,-18.20,-21.84,-19.39
2.6003,0.9228,0.4368,0.3070,-18.13,-22.47,-19.67
2.6004,0.9218,0.4343,0.3074,-17.85,-21.84,-19.25
2.6004,0.9194,0.4319,0.3035,-17.78,-21.98,-19.46
2.6004,0.9194,0.4338,0.3026,-18.69,-22.05,-19.46
2.6005,0.9189,0.4338,0.3006,-17.36,-21.42,-19.04
2.6005,0.9179,0.4338,0.3011,-18.48,-21.91,-19.60
2.6005,0.9165,0.4372,0.3016,-17.22,-21.14,-18.69
2.6005,0.9170,0.4397,0.3026,-18.69,-21.63,-19.11
2.6006,0.9160,0.4392,0.3026,-17.85,-21.84,-19.18
2.6010,0.9140,0.4421,0.2977,-18.55,-21.21,-18.76
2.6015,0.9111,0.4451,0.2948,-18.41,-21.42,-19.18
2.6020,0.9101,0.4446,0.2899,-17.64,-20.65,-18.13
2.6024,0.9101,0.4431,0.2913,-18.13,-21.21,-18.76
2.6029,0.9087,0.4441,0.2943,-17.85,-20.65,-18.13
2.6033,0.9057,0.4470,0.2943,-17.85,-20.51,-18.55
2.6038,0.9052,0.4446,0.2943,-18.13,-21.07,-18.20
2.6043,0.9048,0.4446,0.2899,-17.92,-20.30,-18.69
2.6047,0.9062,0.4499,0.2840,-18.27,-20.79,-18.20
2.6052,0.9038,0.4519,0.2826,-17.71,-19.81,-18.06
2.6056,0.9004,0.4509,0.2826,-18.20,-21.21,-18.69
2.6061,0.9008,0.4509,0.2850,-17.36,-19.32,-17.78
2.6066,0.9018,0.4524,0.2845,-18.41,-20.65,-18.62
2.6070,0.9008,0.4558,0.2869,-17.36,-19.60,-18.20
2.6075,0.8989,0.4587,0.2850,-18.20,-20.51,-18.27
2.6080,0.8984,0.4577,0.2826,-17.57,-19.32,-17.71
2.6084,0.8974,0.4573,0.2830,-17.92,-20.09,-18.34
2.6089,0.8984,0.4592,0.2796,-17.78,-19.53,-17.64
2.6093,0.8955,0.4607,0.2767,-17.92,-20.09,-18.48
2.6098,0.8940,0.4597,0.2757,-17.64,-19.39,-17.78
2.6098,0.8911,0.4582,0.2762,-18.13,-19.32,-18.27
2.6099,0.8886,0.4587,0.2752,-17.64,-19.67,-17.78
2.6099,0.8896,0.4626,0.2743,-17.57,-19.25,-18.55
2.6100,0.8862,0.4660,0.2767,-17.64,-19.32,-17.78
2.6100,0.8862,0.4660,0.2767,-17.57,-18.83,-18.48
2.6100,0.8857,0.4651,0.2767,-17.92,-19.04,-17.71
2.6101,0.8833,0.4651,0.2747,-17.29,-18.62,-18.34
2.6101,0.8852,0.4685,0.2689,-17.29,-19.46,-18.34
2.6101,0.8852,0.4709,0.2713,-17.50,-18.34,-18.20
2.6102,0.8823,0.4699,0.2723,-17.29,-19.11,-18.34
2.6102,0.8843,0.4714,0.2704,-17.43,-18.27,-18.20
2.6103,0.8838,0.4734,0.2699,-17.36,-18.97,-18.62
2.6103,0.8833,0.4743,0.2674,-17.64,-18.13,-17.85
2.6103,0.8818,0.4743,0.2655,-17.01,-18.76,-18.83
2.6104,0.8789,0.4768,0.2684,-17.22,-18.34,-18.41
2.6104,0.8828,0.4778,0.2708,-17.01,-18.41,-18.34
2.6105,0.8843,0.4763,0.2660,-17.43,-17.78,-18.41
2.6105,0.8804,0.4802,0.2621,-16.87,-18.62,-18.83
2.6105,0.8813,0.4826,0.2660,-17.01,-17.78,-18.62
2.6106,0.8852,0.4826,0.2650,-16.94,-18.06,-18.76
2.6111,0.8818,0.4812,0.2664,-17.22,-17.64,-18.69
2.6117,0.8808,0.4787,0.2669,-16.87,-18.62,-19.25
2.6123,0.8847,0.4817,0.2635,-16.66,-17.57,-18.76
2.6128,0.8823,0.4807,0.2596,-16.80,-18.27,-19.04
2.6134,0.8818,0.4797,0.2601,-16.59,-17.15,-18.76
2.6139,0.8823,0.4851,0.2611,-16.73,-18.48,-19.25
2.6145,0.8789,0.4860,0.2586,-16.59,-17.29,-18.97
2.6150,0.8779,0.4856,0.2562,-16.52,-17.85,-19.04
2.6156,0.8779,0.4890,0.2577,-16.24,-17.29,-18.76
2.6162,0.8769,0.4880,0.2606,-16.45,-18.13,-19.46
2.6167,0.8804,0.4860,0.2572,-15.96,-16.94,-18.83
2.6173,0.8828,0.4826,0.2562,-16.66,-18.20,-19.67
2.6178,0.8789,0.4826,0.2596,-15.96,-17.22,-18.76
2.6184,0.8769,0.4870,0.2616,-16.52,-17.92,-19.88
2.6189,0.8750,0.4904,0.2650,-16.10,-17.43,-18.83
2.6195,0.8691,0.4919,0.2669,-15.96,-17.36,-19.95
2.6201,0.8638,0.4914,0.2606,-15.96,-16.94,-18.48
2.6206,0.8662,0.4914,0.2577,-15.75,-17.29,-20.09
2.6212,0.8721,0.4890,0.2572,-15.47,-16.94,-19.04
2.6217,0.8682,0.4860,0.2562,-15.96,-17.22,-19.74
2.6223,0.8633,0.4875,0.2577,-15.05,-17.29,-19.32
2.6229,0.8608,0.4885,0.2557,-15.75,-16.80,-19.88
2.6235,0.8623,0.4870,0.2572,-15.19,-17.29,-19.04
2.6241,0.8647,0.4870,0.2635,-15.68,-17.22,-19.95
2.6247,0.8638,0.4860,0.2616,-15.19,-16.94,-19.39
2.6253,0.8618,0.4851,0.2591,-15.33,-16.87,-19.67
2.6258,0.8594,0.4900,0.2582,-14.91,-16.94,-19.74
2.6264,0.8594,0.4924,0.2533,-15.26,-16.38,-19.32
2.6270,0.8623,0.4880,0.2533,-14.84,-16.73,-19.74
2.6276,0.8642,0.4846,0.2552,-15.05,-16.80,-19.81
2.6282,0.8608,0.4870,0.2542,-14.77,-16.87,-19.74
2.6288,0.8584,0.4900,0.2577,-14.91,-16.59,-19.60
2.6294,0.8584,0.4875,0.2586,-14.42,-16.52,-19.46
2.6300,0.8579,0.4841,0.2528,-14.98,-16.66,-19.60
2.6305,0.8550,0.4836,0.2474,-14.56,-16.17,-19.95
2.6311,0.8545,0.4846,0.2489,-14.42,-16.80,-19.53
2.6317,0.8545,0.4841,0.2542,-14.35,-16.03,-19.46
2.6323,0.8545,0.4865,0.2523,-14.21,-16.52,-19.67
2.6329,0.8560,0.4880,0.2533,-14.28,-16.24,-19.67
2.6335,0.8530,0.4851,0.2499,-14.07,-16.31,-19.53
2.6341,0.8530,0.4841,0.2460,-14.14,-16.10,-19.25
2.6347,0.8481,0.4807,0.2508,-13.65,-16.66,-19.60
2.6353,0.8447,0.4807,0.2503,-14.14,-15.68,-19.25
2.6360,0.8452,0.4856,0.2484,-13.79,-16.59,-19.81
2.6366,0.8452,0.4860,0.2503,-13.86,-15.68,-18.97
2.6372,0.8496,0.4885,0.2499,-13.65,-15.89,-19.60
2.6378,0.8472,0.4900,0.2503,-13.79,-15.75,-19.11
2.6384,0.8438,0.4870,0.2513,-13.86,-16.24,-19.53
2.6391,0.8457,0.4875,0.2479,-13.51,-15.40,-19.04
2.6397,0.8457,0.4880,0.2455,-13.51,-15.68,-19.39
2.6403,0.8457,0.4856,0.2469,-13.44,-15.96,-18.90
2.6409,0.8477,0.4851,0.2440,-13.09,-15.54,-18.76
2.6415,0.8472,0.4846,0.2406,-13.23,-15.54,-18.62
2.6421,0.8472,0.4831,0.2425,-12.95,-15.33,-18.90
2.6428,0.8481,0.4831,0.2435,-13.16,-15.47,-18.41
2.6434,0.8462,0.4841,0.2425,-13.16,-14.91,-18.41
2.6440,0.8467,0.4807,0.2406,-12.74,-16.17,-18.41
2.6446,0.8457,0.4778,0.2406,-12.81,-15.33,-18.20
2.6452,0.8398,0.4763,0.2401,-12.88,-15.54,-18.41
2.6459,0.8379,0.4753,0.2396,-12.81,-14.98,-18.06
2.6463,0.8408,0.4758,0.2406,-12.81,-14.84,-17.78
2.6468,0.8423,0.4734,0.2411,-12.95,-14.63,-17.78
2.6472,0.8413,0.4768,0.2401,-12.81,-14.91,-17.50
2.6477,0.8369,0.4812,0.2381,-12.25,-14.84,-17.29
2.6482,0.8384,0.4778,0.2396,-12.95,-14.77,-17.71
2.6486,0.8423,0.4748,0.2386,-12.46,-14.84,-17.29
2.6491,0.8413,0.4773,0.2381,-12.67,-14.56,-17.15
2.6495,0.8423,0.4807,0.2377,-12.46,-14.98,-17.43
2.6500,0.8428,0.4797,0.2342,-12.74,-14.77,-16.80
2.6505,0.8394,0.4768,0.2357,-12.25,-14.77,-17.01
2.6509,0.8374,0.4768,0.2391,-12.39,-15.19,-17.08
2.6514,0.8359,0.4787,0.2396,-12.32,-13.79,-16.03
2.6518,0.8335,0.4807,0.2372,-12.18,-13.72,-16.17
2.6523,0.8359,0.4812,0.2342,-12.18,-14.35,-16.03
2.6528,0.8398,0.4792,0.2328,-12.32,-14.14,-16.31
2.6532,0.8428,0.4778,0.2308,-12.04,-14.07,-15.89
2.6537,0.8403,0.4787,0.2347,-12.11,-14.00,-16.03
2.6542,0.8389,0.4773,0.2381,-12.25,-14.49,-15.75
2.6546,0.8389,0.4758,0.2362,-12.32,-13.51,-15.54
2.6551,0.8374,0.4753,0.2347,-11.69,-14.14,-15.54
2.6557,0.8398,0.4734,0.2323,-12.04,-13.51,-15.26
2.6564,0.8403,0.4763,0.2318,-12.11,-14.07,-15.19
2.6570,0.8433,0.4763,0.2318,-11.97,-13.51,-14.77
2.6576,0.8467,0.4734,0.2308,-12.11,-13.65,-15.26
2.6583,0.8452,0.4724,0.2303,-11.76,-13.23,-14.35
2.6589,0.8413,0.4724,0.2269,-12.04,-13.86,-15.26
2.6596,0.8403,0.4734,0.2230,-12.04,-13.16,-14.07
2.6602,0.8418,0.4719,0.2235,-11.97,-14.14,-15.40
2.6609,0.8389,0.4768,0.2284,-11.97,-12.67,-13.23
2.6615,0.8340,0.4792,0.2284,-11.69,-12.81,-13.23
2.6622,0.8340,0.4778,0.2255,-12.04,-13.79,-14.77
2.6628,0.8369,0.4782,0.2235,-11.41,-12.53,-13.23
2.6634,0.8374,0.4792,0.2250,-12.11,-13.37,-14.28
2.6641,0.8325,0.4797,0.2245,-11.34,-12.53,-13.51
2.6647,0.8325,0.4778,0.2216,-12.04,-13.09,-14.21
2.6654,0.8369,0.4753,0.2201,-11.48,-12.53,-13.30
2.6660,0.8345,0.4734,0.2220,-12.11,-12.53,-13.51
2.6667,0.8364,0.4758,0.2211,-11.41,-12.67,-13.16
2.6673,0.8364,0.4792,0.2147,-12.11,-12.25,-13.37
2.6679,0.8316,0.4812,0.2147,-11.27,-13.09,-13.51
2.6695,0.8311,0.4821,0.2157,-11.76,-12.04,-12.88
2.6711,0.8316,0.4817,0.2152,-11.41,-12.67,-13.37
2.6726,0.8286,0.4846,0.2206,-11.48,-11.76,-12.67
2.6742,0.8296,0.4875,0.2211,-11.76,-12.53,-13.37
2.6757,0.8316,0.4860,0.2167,-11.41,-12.18,-12.53
2.6773,0.8296,0.4875,0.2167,-11.62,-12.25,-12.95
2.6789,0.8301,0.4914,0.2137,-11.34,-11.83,-12.88
2.6804,0.8276,0.4919,0.2142,-11.13,-11.41,-12.46
2.6820,0.8286,0.4973,0.2157,-11.27,-12.18,-12.81
2.6835,0.8276,0.4982,0.2152,-11.13,-11.34,-12.67
2.6851,0.8262,0.4978,0.2108,-11.13,-12.04,-12.53
2.6867,0.8286,0.5007,0.2089,-10.85,-11.41,-12.46
2.6882,0.8281,0.5007,0.2157,-11.34,-11.76,-12.25
2.6898,0.8237,0.4982,0.2137,-10.71,-11.20,-12.18
2.6913,0.8242,0.5022,0.2118,-10.99,-11.41,-12.25
2.6929,0.8291,0.5041,0.2157,-10.99,-11.55,-12.53
2.6945,0.8301,0.5056,0.2152,-10.64,-11.48,-12.18
2.6960,0.8272,0.5056,0.2123,-10.57,-10.71,-11.97
2.6976,0.8272,0.5007,0.2108,-10.85,-11.34,-12.25
2.6991,0.8301,0.5017,0.2133,-10.71,-11.06,-12.11
2.6992,0.8281,0.5070,0.2137,-10.29,-10.92,-12.25
2.6992,0.8276,0.5065,0.2133,-10.50,-10.64,-12.11
2.6993,0.8306,0.5051,0.2103,-10.22,-10.99,-11.76
2.6993,0.8296,0.5061,0.2074,-10.36,-10.99,-12.46
2.6993,0.8286,0.5061,0.2113,-9.94,-10.85,-11.69
2.6994,0.8262,0.5075,0.2108,-10.01,-10.71,-11.97
2.6994,0.8262,0.5070,0.2098,-9.87,-10.64,-12.11
2.6995,0.8276,0.5075,0.2098,-9.94,-10.57,-11.90
2.6995,0.8267,0.5080,0.2015,-9.73,-10.43,-12.11
2.6995,0.8291,0.5056,0.2020,-9.73,-10.50,-12.18
2.6996,0.8311,0.5036,0.2094,-9.80,-10.57,-11.83
2.6996,0.8286,0.5041,0.2064,-9.66,-10.36,-12.04
2.6997,0.8257,0.5080,0.2030,-9.45,-10.71,-12.46
2.6997,0.8242,0.5095,0.2069,-9.52,-10.36,-11.83
2.6998,0.8272,0.5056,0.2074,-9.45,-10.08,-12.53
2.6998,0.8296,0.5051,0.2084,-9.03,-10.15,-11.48
2.6998,0.8262,0.5070,0.2050,-9.52,-10.50,-12.18
2.6999,0.8272,0.5080,0.2006,-8.68,-10.43,-11.69
2.6999,0.8325,0.5104,0.2020,-9.38,-10.08,-12.53
2.7000,0.8316,0.5124,0.2015,-8.47,-10.08,-11.69
2.7000,0.8237,0.5134,0.2001,-8.89,-9.94,-12.88
2.7000,0.8218,0.5114,0.1996,-8.33,-9.66,-11.48
2.7000,0.8228,0.5075,0.1991,-8.82,-9.87,-12.67
2.7001,0.8267,0.5090,0.1996,-8.19,-10.01,-12.11
2.7001,0.8296,0.5134,0.1986,-8.47,-9.94,-12.32
2.7001,0.8252,0.5158,0.1972,-8.19,-10.50,-12.32
2.7002,0.8252,0.5173,0.1972,-8.40,-9.94,-12.46
2.7002,0.8276,0.5163,0.2006,-7.70,-9.24,-12.39
2.7002,0.8252,0.5148,0.2020,-8.12,-9.87,-12.39
2.7002,0.8247,0.5168,0.1996,-7.42,-9.52,-12.18
2.7003,0.8257,0.5183,0.2001,-7.84,-9.80,-12.46
2.7003,0.8267,0.5212,0.2001,-7.49,-9.66,-12.53
2.7003,0.8272,0.5246,0.1976,-7.63,-9.38,-12.39
2.7004,0.8276,0.5236,0.1952,-7.21,-9.52,-12.04
2.7004,0.8276,0.5241,0.1923,-7.21,-9.59,-12.81
2.7004,0.8252,0.5231,0.1913,-7.21,-9.66,-12.39
2.7004,0.8223,0.5226,0.1928,-7.00,-8.89,-12.60
2.7005,0.8218,0.5236,0.1908,-6.79,-9.80,-12.32
2.7005,0.8208,0.5246,0.1947,-6.58,-9.10,-12.53
2.7005,0.8203,0.5280,0.1962,-6.44,-9.38,-12.60
2.7011,0.8247,0.5285,0.1918,-6.37,-9.10,-12.11
2.7016,0.8228,0.5290,0.1913,-6.37,-9.66,-12.88
2.7021,0.8198,0.5324,0.1913,-6.09,-9.10,-12.18
2.7026,0.8237,0.5314,0.1889,-6.02,-9.31,-12.81
2.7031,0.8272,0.5314,0.1879,-6.02,-9.24,-12.53
2.7037,0.8247,0.5314,0.1913,-5.60,-9.17,-12.67
2.7042,0.8223,0.5270,0.1884,-5.25,-9.24,-12.67
2.7047,0.8218,0.5280,0.1884,-4.90,-8.82,-12.46
2.7052,0.8228,0.5314,0.1908,-5.04,-8.96,-12.60
2.7057,0.8218,0.5324,0.1884,-5.25,-8.96,-12.60
2.7063,0.8174,0.5324,0.1884,-4.83,-9.17,-12.39
2.7068,0.8198,0.5290,0.1884,-4.55,-8.61,-12.53
2.7073,0.8218,0.5290,0.1845,-4.55,-8.82,-12.53
2.7078,0.8189,0.5319,0.1840,-4.34,-8.82,-12.67
2.7083,0.8164,0.5334,0.1835,-4.20,-8.54,-12.46
2.7089,0.8194,0.5329,0.1874,-4.13,-8.75,-12.88
2.7094,0.8208,0.5295,0.1898,-4.06,-8.89,-12.67
2.7099,0.8203,0.5319,0.1879,-4.13,-8.47,-12.74
2.7104,0.8203,0.5348,0.1854,-3.64,-8.75,-12.67
2.7109,0.8208,0.5353,0.1830,-3.92,-8.75,-12.88
2.7121,0.8194,0.5348,0.1879,-3.29,-8.54,-12.46
2.7132,0.8189,0.5334,0.1869,-3.50,-9.10,-13.23
2.7144,0.8198,0.5319,0.1835,-2.66,-8.61,-12.25
2.7155,0.8218,0.5368,0.1806,-2.45,-8.47,-11.83
2.7167,0.8257,0.5368,0.1791,-3.29,-8.54,-13.65
2.7178,0.8218,0.5368,0.1801,-2.59,-8.12,-11.83
2.7190,0.8159,0.5373,0.1776,-3.08,-8.47,-13.72
2.7201,0.8198,0.5353,0.1781,-2.24,-8.68,-12.32
2.7213,0.8257,0.5373,0.1791,-2.31,-7.98,-13.37
2.7224,0.8218,0.5373,0.1810,-1.82,-8.96,-12.95
2.7236,0.8228,0.5358,0.1806,-2.24,-7.56,-12.60
2.7247,0.8218,0.5378,0.1771,-1.47,-8.61,-13.65
2.7259,0.8218,0.5407,0.1781,-1.75,-7.84,-12.46
2.7270,0.8237,0.5431,0.1747,-1.89,-8.82,-13.93
2.7282,0.8237,0.5431,0.1723,-1.40,-7.70,-12.74
2.7293,0.8257,0.5417,0.1762,-1.89,-8.26,-13.58
2.7305,0.8262,0.5427,0.1723,-1.05,-7.84,-12.95
2.7316,0.8233,0.5431,0.1723,-1.47,-8.26,-13.79
2.7328,0.8203,0.5388,0.1796,-0.91,-8.05,-13.02
2.7339,0.8198,0.5378,0.1781,-1.26,-8.26,-13.93
2.7345,0.8311,0.5441,0.1708,-0.56,-7.91,-12.95
2.7351,0.8228,0.5436,0.1718,-0.21,-8.12,-13.37
2.7357,0.8198,0.5451,0.1718,-0.63,-8.26,-14.00
2.7363,0.8198,0.5451,0.1698,-0.28,-7.70,-13.37
2.7369,0.8184,0.5466,0.1703,-0.56,-8.19,-14.56
2.7375,0.8184,0.5466,0.1708,-0.28,-7.91,-13.72
2.7381,0.8159,0.5436,0.1679,-0.07,-7.98,-14.35
2.7387,0.8169,0.5466,0.1669,-0.07,-7.84,-13.86
2.7393,0.8159,0.5490,0.1698,0.35,-8.05,-14.49
2.7399,0.8106,0.5500,0.1664,0.42,-7.49,-13.93
2.7405,0.8101,0.5470,0.1669,0.35,-7.56,-14.98
2.7411,0.8111,0.5466,0.1693,0.35,-6.86,-13.86
2.7417,0.8115,0.5461,0.1698,0.84,-7.98,-15.26
2.7423,0.8154,0.5441,0.1684,0.70,-7.42,-14.21
2.7429,0.8174,0.5461,0.1708,0.91,-7.91,-15.47
2.7435,0.8164,0.5470,0.1708,0.91,-7.21,-14.07
2.7441,0.8159,0.5451,0.1664,1.05,-7.98,-15.96
2.7447,0.8184,0.5412,0.1674,1.05,-7.14,-14.63
2.7453,0.8140,0.5427,0.1674,0.98,-7.49,-15.61
2.7459,0.8125,0.5446,0.1679,1.54,-7.63,-14.56
2.7470,0.8174,0.5422,0.1669,1.05,-7.63,-15.96
2.7481,0.8159,0.5402,0.1664,1.68,-7.70,-15.05
2.7492,0.8179,0.5412,0.1669,0.91,-7.21,-15.40
2.7503,0.8189,0.5427,0.1679,2.03,-7.21,-15.40
2.7514,0.8154,0.5407,0.1659,1.12,-7.21,-15.54
2.7525,0.8164,0.5412,0.1640,1.89,-7.70,-15.82
2.7536,0.8169,0.5402,0.1649,1.40,-6.86,-15.75
2.7546,0.8174,0.5388,0.1635,1.82,-7.07,-15.75
2.7557,0.8184,0.5427,0.1645,1.75,-7.35,-15.54
2.7568,0.8189,0.5431,0.1679,2.10,-7.35,-16.24
2.7579,0.8184,0.5417,0.1698,1.68,-6.79,-15.54
2.7590,0.8145,0.5422,0.1659,2.10,-7.28,-16.24
2.7601,0.8140,0.5436,0.1635,2.38,-7.00,-15.54
2.7612,0.8179,0.5446,0.1664,1.89,-7.28,-16.17
2.7623,0.8135,0.5446,0.1649,2.80,-6.44,-15.47
2.7634,0.8115,0.5470,0.1615,1.61,-7.70,-16.80
2.7644,0.8145,0.5461,0.1645,2.52,-6.58,-15.19
2.7655,0.8130,0.5422,0.1654,1.75,-7.00,-16.66
2.7666,0.8101,0.5402,0.1659,2.80,-6.79,-15.54
2.7677,0.8111,0.5407,0.1659,2.24,-6.65,-16.59
2.7694,0.8159,0.5461,0.1649,2.66,-6.58,-15.40
2.7712,0.8140,0.5470,0.1654,2.03,-6.72,-16.80
2.7729,0.8111,0.5441,0.1630,2.87,-6.51,-15.54
2.7746,0.8111,0.5422,0.1606,2.31,-6.51,-16.73
2.7763,0.8115,0.5422,0.1576,2.52,-6.16,-15.54
2.7780,0.8164,0.5451,0.1586,2.38,-6.65,-16.73
2.7798,0.8154,0.5436,0.1596,2.66,-6.37,-15.75
2.7815,0.8120,0.5422,0.1606,2.73,-6.37,-16.66
2.7832,0.8145,0.5422,0.1635,2.73,-6.02,-15.96
2.7849,0.8135,0.5422,0.1596,2.66,-6.30,-16.59
2.7866,0.8154,0.5431,0.1518,2.94,-5.88,-16.03
2.7884,0.8159,0.5417,0.1513,2.38,-6.44,-16.38
2.7901,0.8111,0.5402,0.1557,3.01,-5.88,-15.96
2.7918,0.8072,0.5431,0.1537,2.80,-5.67,-16.10
2.7935,0.8047,0.5427,0.1552,2.87,-6.30,-16.31
2.7952,0.8052,0.5412,0.1562,3.15,-5.39,-16.03
2.7970,0.8081,0.5392,0.1557,2.87,-5.60,-15.96
2.7987,0.8067,0.5412,0.1552,2.66,-5.95,-16.66
2.8004,0.8076,0.5388,0.1508,3.01,-5.60,-15.82
2.8021,0.8037,0.5368,0.1527,2.52,-5.95,-16.80
2.8022,0.7974,0.5397,0.1527,3.36,-5.04,-15.47
2.8022,0.7950,0.5402,0.1527,2.66,-5.74,-16.80
2.8023,0.7974,0.5392,0.1566,3.22,-5.04,-15.40
2.8023,0.7979,0.5368,0.1537,2.66,-5.46,-16.80
2.8024,0.7979,0.5363,0.1503,3.15,-5.18,-15.47
2.8024,0.8013,0.5373,0.1503,2.80,-5.32,-16.66
2.8025,0.7984,0.5348,0.1513,3.29,-5.18,-15.82
2.8025,0.7998,0.5344,0.1498,2.38,-4.69,-16.10
2.8026,0.8023,0.5353,0.1464,3.08,-5.25,-16.17
2.8026,0.8013,0.5344,0.1459,2.87,-4.48,-15.82
2.8027,0.8013,0.5373,0.1479,3.08,-5.11,-16.10
2.8027,0.7998,0.5358,0.1464,2.59,-4.27,-15.61
2.8028,0.7998,0.5314,0.1444,2.80,-5.11,-16.52
2.8028,0.8023,0.5344,0.1454,3.15,-3.92,-15.05
2.8029,0.8028,0.5358,0.1444,2.38,-5.11,-16.66
2.8029,0.8037,0.5358,0.1435,2.94,-4.48,-15.26
2.8030,0.8032,0.5334,0.1420,2.31,-4.90,-16.66
2.8030,0.8042,0.5314,0.1405,3.22,-3.99,-15.12
2.8031,0.8072,0.5334,0.1425,2.10,-4.76,-16.59
2.8031,0.8072,0.5300,0.1435,3.29,-3.99,-14.70
2.8031,0.8062,0.5270,0.1464,2.10,-4.34,-16.10
2.8032,0.8076,0.5295,0.1454,3.29,-4.27,-14.84
2.8032,0.8091,0.5334,0.1430,2.17,-4.34,-15.61
2.8032,0.8062,0.5378,0.1454,2.94,-4.06,-14.77
2.8033,0.8081,0.5383,0.1464,2.17,-3.71,-15.19
2.8033,0.8111,0.5383,0.1435,2.59,-3.85,-15.05
2.8033,0.8106,0.5397,0.1405,2.66,-3.43,-14.77
2.8034,0.8037,0.5378,0.1435,2.66,-4.27,-15.05
2.8034,0.8032,0.5373,0.1435,2.66,-3.43,-14.77
2.8034,0.8091,0.5402,0.1410,2.66,-4.20,-14.98
2.8034,0.8096,0.5392,0.1386,2.66,-3.36,-14.35
2.8035,0.8101,0.5368,0.1371,2.45,-3.85,-14.98
2.8035,0.8091,0.5407,0.1430,2.52,-2.87,-13.58
2.8035,0.8067,0.5407,0.1454,2.24,-3.85,-15.12
2.8036,0.8091,0.5388,0.1430,2.38,-3.29,-13.58
2.8036,0.8091,0.5417,0.1420,2.38,-3.43,-14.56
2.8036,0.8057,0.5402,0.1415,2.52,-3.57,-13.58
2.8037,0.8125,0.5368,0.1381,2.38,-3.43,-14.28
2.8037,0.8179,0.5378,0.1357,2.59,-3.92,-13.51
2.8037,0.8154,0.5392,0.1386,2.31,-3.08,-14.00
2.8037,0.8135,0.5383,0.1386,2.24,-3.85,-13.30
2.8038,0.8096,0.5368,0.1332,2.52,-3.01,-13.37
2.8038,0.8145,0.5344,0.1332,2.52,-3.99,-13.51
2.8038,0.8159,0.5353,0.1352,2.17,-2.38,-12.60
2.8038,0.8115,0.5358,0.1352,2.31,-3.78,-13.30
2.8039,0.8120,0.5368,0.1347,2.38,-2.80,-12.53
2.8039,0.8164,0.5407,0.1352,2.24,-3.64,-13.09
2.8039,0.8174,0.5402,0.1386,2.24,-3.22,-12.04
2.8040,0.8135,0.5388,0.1376,1.96,-3.57,-13.02
2.8040,0.8140,0.5407,0.1371,2.31,-3.15,-11.97
2.8040,0.8135,0.5422,0.1357,2.17,-3.29,-12.53
2.8040,0.8125,0.5402,0.1332,2.31,-3.50,-11.76
2.8041,0.8140,0.5383,0.1322,2.10,-3.01,-12.18
2.8041,0.8140,0.5397,0.1308,2.45,-3.08,-11.27
2.8041,0.8145,0.5397,0.1322,1.82,-3.15,-11.76
2.8041,0.8154,0.5417,0.1313,1.75,-3.08,-11.55
2.8042,0.8150,0.5427,0.1279,2.03,-3.99,-11.27
2.8042,0.8115,0.5427,0.1259,1.82,-2.52,-10.85
2.8042,0.8115,0.5441,0.1264,2.03,-3.99,-11.48
2.8042,0.8106,0.5431,0.1308,1.89,-2.87,-10.57
2.8046,0.8115,0.5441,0.1313,2.10,-3.85,-11.20
2.8050,0.8111,0.5470,0.1318,1.82,-3.15,-10.22
2.8054,0.8096,0.5451,0.1347,1.54,-3.57,-11.06
2.8058,0.8076,0.5422,0.1337,2.17,-2.59,-9.73
2.8062,0.8052,0.5446,0.1318,1.40,-3.71,-10.85
2.8066,0.8057,0.5466,0.1293,2.10,-3.01,-9.31
2.8070,0.8072,0.5446,0.1279,1.33,-3.57,-10.71
2.8074,0.8067,0.5466,0.1264,2.17,-3.08,-9.10
2.8078,0.8086,0.5441,0.1269,1.33,-3.36,-10.36
2.8082,0.8052,0.5441,0.1308,2.24,-3.78,-9.45
2.8087,0.8047,0.5412,0.1313,1.61,-3.78,-9.24
2.8091,0.8067,0.5407,0.1313,0.91,-3.43,-9.66
2.8095,0.8042,0.5417,0.1313,1.96,-3.50,-9.17
2.8099,0.8028,0.5417,0.1303,1.05,-3.22,-9.38
2.8103,0.8023,0.5431,0.1298,1.61,-3.71,-9.03
2.8107,0.8057,0.5436,0.1293,1.12,-3.43,-9.38
2.8111,0.8067,0.5446,0.1254,1.61,-3.99,-9.31
2.8115,0.8052,0.5451,0.1244,1.40,-3.22,-9.24
2.8119,0.8076,0.5446,0.1254,1.33,-3.85,-8.82
2.8123,0.8101,0.5441,0.1240,1.47,-3.43,-8.89
2.8128,0.8111,0.5436,0.1235,0.91,-4.06,-9.10
2.8134,0.8115,0.5422,0.1293,1.40,-3.36,-8.82
2.8139,0.8115,0.5392,0.1332,0.91,-3.85,-8.75
2.8145,0.8081,0.5392,0.1288,1.19,-3.57,-8.54
2.8150,0.8047,0.5427,0.1235,0.77,-3.85,-8.82
2.8156,0.8057,0.5456,0.1196,0.77,-4.20,-8.61
2.8162,0.8047,0.5451,0.1225,0.84,-3.57,-8.61
2.8167,0.8042,0.5431,0.1240,1.05,-4.27,-8.33
2.8173,0.8072,0.5441,0.1259,0.77,-3.15,-8.40
2.8178,0.8008,0.5495,0.1235,0.98,-3.57,-8.40
2.8184,0.8008,0.5466,0.1230,0.56,-4.62,-8.47
2.8189,0.8018,0.5451,0.1244,0.84,-3.43,-8.05
2.8195,0.8028,0.5461,0.1249,0.28,-4.62,-8.40
2.8201,0.8013,0.5456,0.1264,0.91,-3.50,-7.77
2.8206,0.7969,0.5441,0.1269,0.14,-4.62,-8.40
2.8212,0.7954,0.5480,0.1264,0.70,-4.13,-7.70
2.8217,0.7974,0.5505,0.1235,0.14,-4.69,-8.26
2.8223,0.7989,0.5480,0.1200,0.77,-4.27,-7.84
2.8228,0.7989,0.5505,0.1225,-0.14,-4.41,-8.12
2.8234,0.7998,0.5524,0.1196,0.42,-4.48,-7.77
2.8240,0.7998,0.5524,0.1171,-0.07,-4.41,-8.05
2.8245,0.7993,0.5505,0.1249,0.35,-4.55,-7.91
2.8251,0.7993,0.5495,0.1283,0.07,-4.34,-7.91
2.8256,0.7989,0.5510,0.1254,0.21,-4.62,-7.77
2.8262,0.7974,0.5519,0.1200,-0.14,-4.41,-7.84
2.8267,0.7930,0.5534,0.1196,0.00,-4.48,-7.49
2.8273,0.7935,0.5519,0.1220,0.07,-4.69,-7.77
2.8278,0.7954,0.5500,0.1220,-0.14,-4.13,-7.56
2.8284,0.7959,0.5524,0.1225,0.21,-4.76,-7.49
2.8289,0.7950,0.5524,0.1210,-0.35,-4.76,-7.56
2.8295,0.7940,0.5485,0.1196,-0.35,-4.76,-7.63
2.8300,0.7945,0.5514,0.1196,-0.35,-4.62,-7.14
2.8306,0.7910,0.5549,0.1200,-0.14,-4.83,-7.49
2.8311,0.7906,0.5529,0.1181,-0.28,-4.83,-7.14
2.8317,0.7915,0.5544,0.1147,-0.28,-4.97,-7.49
2.8322,0.7867,0.5568,0.1132,-0.42,-4.48,-7.14
2.8328,0.7857,0.5558,0.1132,-0.49,-4.97,-7.07
2.8333,0.7881,0.5539,0.1147,-0.42,-4.90,-6.86
2.8339,0.7901,0.5519,0.1127,-0.28,-4.90,-7.14
2.8344,0.7881,0.5529,0.1088,-0.14,-4.83,-6.86
2.8351,0.7886,0.5588,0.1074,-0.77,-4.90,-7.00
2.8357,0.7886,0.5563,0.1074,-0.21,-4.76,-6.93
2.8363,0.7847,0.5519,0.1088,-0.77,-5.25,-6.65
2.8369,0.7818,0.5558,0.1088,-0.14,-4.76,-6.72
2.8376,0.7813,0.5563,0.1122,-1.05,-4.83,-6.79
2.8382,0.7818,0.5558,0.1152,-0.35,-5.18,-6.72
2.8388,0.7823,0.5558,0.1147,-0.91,-4.69,-6.44
2.8395,0.7813,0.5539,0.1137,-0.42,-4.83,-6.72
2.8401,0.7759,0.5519,0.1078,-0.77,-4.76,-6.30
2.8407,0.7764,0.5529,0.1025,-0.91,-4.83,-6.44
2.8414,0.7813,0.5558,0.1049,-0.35,-4.69,-6.72
2.8420,0.7798,0.5588,0.1069,-1.12,-4.90,-6.02
2.8426,0.7788,0.5588,0.1074,-0.63,-4.76,-6.51
2.8433,0.7784,0.5602,0.1078,-1.05,-4.76,-5.81
2.8439,0.7774,0.5622,0.1059,-0.77,-4.90,-6.23
2.8445,0.7813,0.5602,0.1083,-1.12,-4.62,-5.81
2.8451,0.7837,0.5597,0.1122,-0.42,-4.97,-6.65
2.8458,0.7798,0.5622,0.1118,-1.40,-4.41,-5.46
2.8464,0.7788,0.5617,0.1049,-0.84,-4.90,-6.16
2.8470,0.7818,0.5602,0.1044,-0.98,-4.76,-5.67
2.8476,0.7808,0.5636,0.1093,-0.91,-4.76,-6.16
2.8481,0.7808,0.5627,0.1113,-0.49,-5.53,-5.88
2.8486,0.7823,0.5632,0.1059,-1.05,-4.34,-5.81
2.8491,0.7842,0.5690,0.1059,-1.12,-5.25,-5.95
2.8497,0.7867,0.5685,0.1093,-0.84,-5.11,-6.02
2.8502,0.7828,0.5690,0.1069,-1.12,-4.34,-5.60
2.8507,0.7813,0.5685,0.1044,-1.12,-4.97,-5.60
2.8513,0.7847,0.5700,0.1035,-0.77,-4.83,-5.95
2.8518,0.7847,0.5705,0.1078,-0.91,-4.62,-5.39
2.8523,0.7803,0.5700,0.1098,-0.56,-5.25,-5.95
2.8528,0.7832,0.5724,0.1074,-1.05,-4.48,-5.32
2.8534,0.7837,0.5758,0.1083,-0.77,-5.32,-6.02
2.8539,0.7774,0.5754,0.1069,-0.91,-4.20,-5.18
2.8544,0.7803,0.5739,0.1059,-0.91,-4.69,-5.60
2.8550,0.7832,0.5749,0.1064,-0.77,-4.62,-5.25
2.8555,0.7813,0.5749,0.1025,-0.70,-5.18,-5.53
2.8560,0.7803,0.5749,0.1020,-0.77,-4.41,-5.25
2.8565,0.7798,0.5768,0.1044,-0.70,-4.76,-5.46
2.8571,0.7774,0.5734,0.1059,-0.42,-5.11,-5.88
2.8576,0.7793,0.5714,0.1074,-0.98,-4.62,-4.97
2.8597,0.7842,0.5749,0.1074,-0.77,-4.97,-5.88
2.8618,0.7793,0.5719,0.1078,-0.63,-4.41,-5.04
2.8639,0.7803,0.5754,0.1064,-0.49,-4.41,-4.97
2.8661,0.7847,0.5714,0.1015,-0.63,-5.32,-6.16
2.8682,0.7852,0.5710,0.1025,-0.63,-4.48,-5.18
2.8703,0.7847,0.5719,0.1059,-0.63,-5.32,-6.09
2.8724,0.7818,0.5739,0.1054,-0.56,-4.06,-4.97
2.8745,0.7837,0.5744,0.1015,-0.77,-5.60,-5.95
2.8766,0.7867,0.5700,0.1035,-0.42,-4.69,-5.18
2.8787,0.7823,0.5695,0.1078,-0.77,-5.04,-5.95
2.8809,0.7808,0.5690,0.1064,-0.21,-4.55,-5.39
2.8830,0.7828,0.5680,0.1005,-0.56,-5.25,-5.81
2.8851,0.7832,0.5705,0.0947,-0.63,-4.55,-5.32
2.8872,0.7837,0.5749,0.1000,-0.49,-4.69,-5.95
2.8893,0.7867,0.5724,0.1035,-0.14,-5.46,-5.53
2.8914,0.7867,0.5671,0.1015,-0.84,-4.69,-5.60
2.8935,0.7842,0.5690,0.1030,-0.07,-5.32,-5.88
2.8957,0.7823,0.5719,0.1020,-0.28,-4.90,-5.32
2.8978,0.7823,0.5754,0.1010,-0.49,-5.32,-6.16
2.8999,0.7823,0.5763,0.1049,0.00,-4.90,-5.46
2.8999,0.7784,0.5763,0.0976,-0.35,-5.60,-6.09
2.9000,0.7754,0.5773,0.0947,-0.63,-5.39,-6.30
2.9000,0.7784,0.5749,0.0971,0.21,-4.55,-5.18
2.9001,0.7798,0.5763,0.1025,-0.77,-5.32,-6.37
2.9001,0.7759,0.5778,0.1000,0.21,-4.69,-5.25
2.9002,0.7759,0.5763,0.0971,-0.35,-5.32,-5.95
2.9002,0.7779,0.5793,0.1020,0.00,-4.69,-5.32
2.9003,0.7779,0.5812,0.1025,-0.21,-4.69,-5.88
2.9003,0.7769,0.5797,0.1010,0.21,-5.11,-5.32
2.9004,0.7740,0.5802,0.0991,-0.21,-4.69,-5.67
2.9004,0.7735,0.5812,0.0981,0.35,-5.32,-5.53
2.9004,0.7745,0.5773,0.0981,-0.14,-4.90,-5.53
2.9005,0.7730,0.5763,0.0956,0.42,-5.74,-5.88
2.9005,0.7710,0.5793,0.0996,0.21,-4.48,-5.25
2.9006,0.7745,0.5763,0.1025,0.42,-5.46,-6.02
2.9006,0.7784,0.5744,0.0986,0.14,-4.27,-4.83
2.9007,0.7784,0.5739,0.1015,0.56,-5.67,-5.88
2.9007,0.7764,0.5719,0.1005,0.28,-4.20,-4.62
2.9008,0.7730,0.5734,0.0996,0.56,-5.25,-6.16
2.9008,0.7710,0.5754,0.0996,0.77,-5.11,-5.18
2.9009,0.7696,0.5739,0.0986,0.42,-4.62,-5.39
2.9010,0.7715,0.5768,0.0986,0.77,-5.95,-5.53
2.9011,0.7754,0.5788,0.0971,0.56,-4.55,-5.25
2.9013,0.7740,0.5754,0.0971,0.91,-5.53,-5.25
2.9014,0.7710,0.5734,0.0991,0.84,-4.62,-5.39
2.9015,0.7754,0.5719,0.1020,0.98,-5.32,-5.39
2.9016,0.7788,0.5734,0.1015,0.77,-4.83,-5.18
2.9017,0.7754,0.5763,0.0966,0.91,-5.11,-5.11
2.9018,0.7740,0.5788,0.0937,0.84,-4.76,-4.90
2.9019,0.7764,0.5763,0.0966,1.05,-5.53,-5.25
2.9020,0.7803,0.5754,0.0971,0.84,-4.48,-4.83
2.9021,0.7803,0.5788,0.0947,1.33,-5.53,-5.39
2.9023,0.7784,0.5807,0.0932,1.26,-5.25,-4.90
2.9024,0.7798,0.5802,0.0927,0.98,-5.04,-4.90
2.9025,0.7793,0.5802,0.0966,1.19,-5.04,-4.90
2.9026,0.7759,0.5812,0.0971,1.26,-5.18,-5.04
2.9027,0.7749,0.5827,0.0947,1.12,-5.46,-4.83
2.9028,0.7754,0.5827,0.0932,1.54,-5.32,-4.97
2.9029,0.7710,0.5817,0.0922,1.47,-4.97,-4.27
2.9030,0.7701,0.5817,0.0917,1.54,-5.88,-5.18
2.9036,0.7745,0.5836,0.0981,1.68,-4.83,-4.13
2.9041,0.7691,0.5846,0.0952,1.54,-5.60,-5.39
2.9046,0.7681,0.5817,0.0903,2.03,-4.83,-3.99
2.9051,0.7710,0.5807,0.0913,1.26,-5.46,-5.25
2.9057,0.7720,0.5817,0.0927,2.24,-4.90,-4.13
2.9062,0.7745,0.5846,0.0913,1.54,-5.81,-5.25
2.9067,0.7730,0.5856,0.0888,2.10,-4.90,-3.85
2.9072,0.7691,0.5841,0.0908,1.61,-5.53,-4.90
2.9077,0.7666,0.5846,0.0922,2.45,-5.39,-4.06
2.9083,0.7681,0.5861,0.0908,1.75,-5.53,-4.62
2.9088,0.7701,0.5861,0.0917,2.38,-5.32,-4.27
2.9093,0.7691,0.5832,0.0908,1.96,-5.46,-4.55
2.9098,0.7701,0.5846,0.0893,2.10,-5.11,-4.34
2.9104,0.7686,0.5895,0.0864,2.31,-5.18,-4.34
2.9109,0.7676,0.5900,0.0854,2.38,-5.60,-4.69
2.9114,0.7681,0.5910,0.0878,2.17,-5.39,-4.20
2.9119,0.7652,0.5900,0.0874,2.80,-6.09,-4.55
2.9124,0.7627,0.5836,0.0864,2.38,-4.97,-4.06
2.9130,0.7623,0.5832,0.0864,2.73,-5.81,-4.27
2.9135,0.7647,0.5885,0.0864,2.87,-5.18,-3.99
2.9141,0.7666,0.5890,0.0898,2.52,-5.81,-4.48
2.9148,0.7618,0.5856,0.0898,2.80,-5.11,-3.50
2.9154,0.7608,0.5822,0.0849,2.17,-5.95,-4.83
2.9161,0.7613,0.5797,0.0864,3.22,-4.76,-3.29
2.9167,0.7593,0.5807,0.0888,2.52,-6.02,-4.97
2.9173,0.7579,0.5856,0.0878,3.22,-5.11,-3.50
2.9180,0.7588,0.5866,0.0874,2.52,-5.60,-4.97
2.9186,0.7603,0.5836,0.0864,3.08,-5.18,-3.43
2.9193,0.7579,0.5812,0.0830,2.66,-5.74,-4.83
2.9199,0.7598,0.5807,0.0849,3.01,-5.74,-3.92
2.9206,0.7584,0.5822,0.0864,3.15,-5.60,-4.69
2.9212,0.7574,0.5827,0.0839,3.08,-5.39,-3.71
2.9218,0.7584,0.5812,0.0844,2.94,-5.81,-5.04
2.9225,0.7574,0.5827,0.0839,3.15,-5.32,-3.85
2.9231,0.7608,0.5822,0.0864,2.87,-5.39,-4.76
2.9238,0.7657,0.5822,0.0849,3.15,-5.39,-4.34
2.9244,0.7662,0.5812,0.0854,3.15,-5.81,-4.62
2.9250,0.7627,0.5817,0.0854,3.08,-5.95,-4.83
2.9257,0.7613,0.5846,0.0820,3.36,-5.46,-4.62
2.9263,0.7584,0.5836,0.0825,3.22,-5.60,-4.27
2.9269,0.7574,0.5832,0.0878,3.29,-5.74,-5.04
2.9275,0.7603,0.5861,0.0854,3.22,-5.53,-4.34
2.9281,0.7627,0.5866,0.0849,3.29,-5.88,-5.39
2.9287,0.7632,0.5817,0.0830,3.43,-5.81,-4.69
2.9293,0.7657,0.5817,0.0791,3.15,-5.74,-5.74
2.9299,0.7647,0.5822,0.0820,3.08,-5.74,-4.69
2.9305,0.7637,0.5827,0.0830,3.29,-5.88,-5.74
2.9311,0.7613,0.5866,0.0859,3.50,-5.74,-4.90
2.9317,0.7627,0.5885,0.0888,3.01,-6.09,-5.81
2.9323,0.7632,0.5885,0.0849,3.57,-6.16,-5.18
2.9329,0.7574,0.5871,0.0864,3.08,-5.74,-5.95
2.9335,0.7588,0.5895,0.0908,3.50,-6.37,-5.74
2.9341,0.7593,0.5905,0.0908,3.22,-5.81,-5.88
2.9347,0.7540,0.5900,0.0883,3.50,-6.58,-6.30
2.9353,0.7540,0.5885,0.0849,3.50,-5.81,-6.16
2.9359,0.7584,0.5851,0.0878,3.36,-6.51,-6.23
2.9365,0.7574,0.5866,0.0927,3.92,-5.18,-6.02
2.9371,0.7559,0.5861,0.0942,3.15,-6.37,-7.00
2.9377,0.7584,0.5846,0.0942,3.71,-5.81,-6.09
2.9383,0.7588,0.5866,0.0903,3.29,-6.51,-7.00
2.9388,0.7598,0.5895,0.0893,3.78,-5.67,-6.44
2.9393,0.7584,0.5910,0.0922,3.50,-6.58,-7.63
2.9399,0.7564,0.5895,0.0917,3.99,-6.16,-6.51
2.9404,0.7584,0.5885,0.0903,3.29,-6.37,-7.70
2.9409,0.7598,0.5866,0.0869,3.71,-6.09,-6.58
2.9414,0.7618,0.5861,0.0874,3.50,-5.95,-7.35
2.9419,0.7647,0.5919,0.0913,3.57,-6.37,-7.07
2.9424,0.7632,0.5954,0.0888,3.50,-6.16,-7.35
2.9429,0.7613,0.5954,0.0854,3.50,-6.72,-7.77
2.9434,0.7666,0.5988,0.0869,3.29,-5.95,-7.28
2.9439,0.7706,0.5988,0.0878,3.92,-7.00,-8.05
2.9444,0.7715,0.5973,0.0878,3.78,-5.88,-7.35
2.9450,0.7735,0.5958,0.0932,3.57,-7.07,-7.91
2.9455,0.7686,0.5983,0.0942,3.78,-7.00,-8.40
2.9460,0.7706,0.5993,0.0971,3.85,-5.88,-7.42
2.9465,0.7730,0.6002,0.0956,3.92,-7.14,-8.68
2.9470,0.7701,0.5998,0.0922,4.06,-6.16,-7.42
2.9475,0.7725,0.6027,0.0903,3.64,-7.49,-8.82
2.9480,0.7740,0.6022,0.0903,4.34,-6.72,-7.49
2.9485,0.7715,0.5954,0.0913,3.57,-6.93,-8.75
2.9490,0.7715,0.5919,0.0937,4.34,-7.56,-8.12
2.9496,0.7715,0.5944,0.0976,3.64,-7.07,-8.82
2.9501,0.7745,0.5958,0.0956,4.76,-7.28,-8.05
2.9506,0.7754,0.5934,0.0932,3.71,-7.07,-8.47
2.9512,0.7774,0.5934,0.0917,4.55,-7.21,-8.05
2.9517,0.7813,0.5954,0.0937,3.92,-6.86,-8.68
2.9522,0.7803,0.5924,0.0981,4.34,-7.70,-8.61
2.9527,0.7788,0.5890,0.0971,3.92,-6.93,-8.40
2.9533,0.7803,0.5905,0.0952,4.48,-8.05,-8.75
2.9538,0.7813,0.5871,0.0981,4.06,-7.35,-8.47
2.9543,0.7793,0.5876,0.0986,4.27,-7.91,-9.03
2.9548,0.7803,0.5876,0.0991,4.27,-7.98,-8.47
2.9554,0.7847,0.5856,0.1015,4.20,-7.70,-9.31
2.9559,0.7876,0.5856,0.1020,4.27,-7.91,-8.33
2.9564,0.7891,0.5851,0.1044,4.34,-7.84,-9.10
2.9570,0.7867,0.5851,0.1020,4.20,-8.12,-8.54
2.9575,0.7857,0.5880,0.0996,4.62,-7.70,-8.82
2.9580,0.7867,0.5890,0.1005,4.34,-8.47,-8.82
2.9585,0.7862,0.5900,0.1005,4.55,-7.84,-8.75
2.9591,0.7886,0.5915,0.1044,4.34,-8.40,-8.82
2.9596,0.7896,0.5900,0.1039,4.55,-7.84,-8.75
2.9602,0.7906,0.5890,0.1025,4.34,-9.03,-9.31
2.9608,0.7925,0.5866,0.1074,4.62,-8.12,-8.54
2.9613,0.7915,0.5885,0.1083,4.41,-8.96,-9.24
2.9619,0.7881,0.5900,0.1078,4.55,-8.33,-8.05
2.9625,0.7906,0.5895,0.1093,4.83,-9.10,-9.52
2.9631,0.7920,0.5895,0.1088,4.90,-8.47,-7.91
2.9636,0.7886,0.5846,0.1113,4.48,-8.96,-9.31
2.9642,0.7901,0.5856,0.1103,4.76,-8.89,-8.26
2.9648,0.7886,0.5880,0.1069,4.62,-8.61,-9.10
2.9653,0.7920,0.5827,0.1142,4.90,-8.26,-8.40
2.9659,0.7920,0.5866,0.1108,4.76,-8.47,-7.98
2.9665,0.7954,0.5827,0.1113,4.90,-10.29,-8.96
2.9670,0.7925,0.5856,0.1132,4.62,-8.26,-7.77
2.9676,0.7906,0.5871,0.1122,4.76,-10.15,-8.82
2.9682,0.7910,0.5836,0.1103,5.04,-8.68,-7.35
2.9688,0.7910,0.5866,0.1088,4.76,-10.22,-9.17
2.9693,0.7920,0.5905,0.1103,5.18,-9.10,-7.21
2.9699,0.7940,0.5885,0.1122,4.83,-10.15,-8.68
2.9705,0.7945,0.5905,0.1118,5.04,-9.45,-7.56
2.9721,0.7910,0.5929,0.1083,5.04,-10.15,-8.40
2.9738,0.7920,0.5890,0.1078,5.11,-10.01,-7.35
2.9754,0.7925,0.5856,0.1088,4.97,-9.87,-7.98
2.9771,0.7901,0.5832,0.1093,4.97,-9.87,-7.35
2.9787,0.7906,0.5841,0.1074,5.18,-9.73,-7.84
2.9804,0.7915,0.5856,0.1044,5.18,-10.36,-7.42
2.9820,0.7901,0.5856,0.1098,4.76,-9.87,-7.14
2.9836,0.7959,0.5827,0.1122,5.60,-10.78,-7.70
2.9853,0.8003,0.5802,0.1137,4.62,-9.94,-7.00
2.9869,0.7940,0.5846,0.1147,5.60,-10.15,-7.21
2.9886,0.7945,0.5841,0.1093,4.90,-10.50,-6.86
2.9902,0.7959,0.5822,0.1088,5.39,-10.57,-7.28
2.9919,0.7954,0.5827,0.1132,5.39,-10.22,-6.79
2.9935,0.7974,0.5836,0.1108,5.32,-10.99,-6.93
2.9952,0.7984,0.5807,0.1103,5.25,-10.78,-6.51
2.9968,0.7979,0.5797,0.1137,5.11,-10.99,-7.07
2.9985,0.7969,0.5827,0.1127,5.32,-10.85,-6.37
3.0001,0.8023,0.5827,0.1127,5.18,-10.64,-6.72
3.0018,0.8042,0.5851,0.1142,5.67,-11.13,-6.37
3.0034,0.8013,0.5890,0.1161,5.04,-11.06,-6.65
3.0035,0.8003,0.5895,0.1200,5.32,-10.99,-6.44
3.0035,0.7984,0.5895,0.1191,5.39,-11.55,-6.65
3.0036,0.7993,0.5919,0.1157,5.39,-11.06,-5.81
3.0036,0.7998,0.5944,0.1176,5.60,-11.41,-6.51
3.0037,0.7979,0.5973,0.1181,5.53,-11.06,-5.81
3.0037,0.7993,0.5963,0.1186,5.60,-11.34,-6.16
3.0038,0.7998,0.5954,0.1181,5.11,-11.69,-6.30
3.0038,0.7954,0.5958,0.1132,5.46,-11.41,-5.95
3.0039,0.7906,0.5944,0.1127,5.18,-11.48,-5.74
3.0039,0.7906,0.5944,0.1161,5.74,-11.48,-5.81
3.0040,0.7906,0.5949,0.1161,5.11,-11.97,-6.23
3.0040,0.7906,0.5958,0.1142,5.81,-11.48,-5.53
3.0041,0.7935,0.5968,0.1166,5.25,-11.97,-6.09
3.0041,0.7954,0.5963,0.1171,5.74,-11.76,-5.53
3.0042,0.7984,0.5924,0.1137,5.11,-11.76,-5.95
3.0042,0.7969,0.5890,0.1152,5.46,-11.90,-5.60
3.0043,0.7945,0.5905,0.1152,5.53,-11.97,-6.16
3.0043,0.7989,0.5876,0.1176,5.25,-12.11,-4.83
3.0044,0.8003,0.5841,0.1205,5.67,-11.83,-6.30
3.0044,0.7989,0.5856,0.1166,5.25,-12.32,-5.39
3.0044,0.7993,0.5851,0.1166,5.88,-11.97,-6.02
3.0045,0.7969,0.5861,0.1186,4.97,-12.46,-5.25
3.0045,0.7979,0.5846,0.1191,5.81,-12.04,-5.81
3.0045,0.8042,0.5802,0.1176,5.32,-12.39,-5.46
3.0046,0.8023,0.5783,0.1166,5.39,-11.62,-5.46
3.0046,0.8003,0.5817,0.1205,4.97,-12.53,-5.95
3.0047,0.7998,0.5812,0.1171,5.88,-12.46,-5.67
3.0047,0.8008,0.5822,0.1137,4.69,-11.97,-5.60
3.0047,0.8032,0.5851,0.1132,5.46,-12.11,-5.60
3.0048,0.7998,0.5827,0.1147,4.76,-12.39,-5.67
3.0048,0.7989,0.5807,0.1166,5.46,-12.18,-5.39
3.0049,0.7989,0.5827,0.1171,4.83,-12.74,-5.74
3.0049,0.7998,0.5832,0.1176,5.32,-12.25,-5.95
3.0049,0.8032,0.5846,0.1161,4.69,-12.74,-5.46
3.0050,0.8042,0.5866,0.1152,5.25,-12.53,-6.02
3.0050,0.8018,0.5846,0.1171,4.97,-12.74,-5.39
3.0050,0.8008,0.5861,0.1176,5.04,-12.46,-6.02
3.0051,0.8037,0.5876,0.1152,5.11,-12.81,-5.46
3.0051,0.8052,0.5866,0.1205,4.62,-12.81,-5.95
3.0052,0.8052,0.5846,0.1220,4.97,-12.67,-5.39
3.0056,0.8047,0.5885,0.1210,4.62,-12.46,-5.74
3.0061,0.8042,0.5929,0.1210,4.62,-13.16,-5.81
3.0066,0.8032,0.5880,0.1181,4.69,-12.46,-5.67
3.0071,0.8037,0.5851,0.1215,4.62,-12.95,-5.74
3.0076,0.8072,0.5866,0.1200,4.76,-12.39,-5.67
3.0081,0.8047,0.5866,0.1186,4.83,-12.88,-5.81
3.0086,0.7998,0.5871,0.1205,4.62,-12.67,-5.67
3.0091,0.8018,0.5890,0.1196,4.76,-13.16,-6.16
3.0096,0.8057,0.5890,0.1196,4.62,-12.88,-5.60
3.0101,0.8062,0.5895,0.1205,4.20,-13.02,-6.23
3.0106,0.8072,0.5900,0.1215,4.83,-12.95,-5.53
3.0111,0.8081,0.5876,0.1240,4.27,-12.95,-5.88
3.0116,0.8062,0.5876,0.1210,4.83,-13.23,-6.09
3.0121,0.8018,0.5856,0.1191,4.20,-12.32,-5.60
3.0126,0.8057,0.5861,0.1215,4.76,-13.44,-6.02
3.0131,0.8086,0.5880,0.1230,4.27,-12.95,-5.88
3.0136,0.8032,0.5876,0.1244,4.76,-12.88,-5.39
3.0141,0.8018,0.5880,0.1274,4.48,-13.16,-5.88
3.0146,0.7984,0.5895,0.1254,4.62,-13.02,-5.18
3.0151,0.7974,0.5910,0.1205,4.27,-12.88,-5.81
3.0157,0.8018,0.5890,0.1210,4.62,-13.16,-5.39
3.0163,0.8018,0.5876,0.1215,4.13,-13.30,-5.95
3.0169,0.7950,0.5880,0.1225,4.41,-12.95,-5.25
3.0175,0.7964,0.5900,0.1254,3.92,-13.02,-5.74
3.0181,0.8013,0.5910,0.1259,4.83,-12.81,-5.11
3.0187,0.7984,0.5895,0.1249,4.06,-12.88,-5.53
3.0193,0.7984,0.5880,0.1230,4.27,-12.74,-5.25
3.0199,0.8023,0.5876,0.1210,4.27,-13.02,-5.25
3.0205,0.8008,0.5866,0.1240,4.76,-13.23,-5.46
3.0211,0.8037,0.5846,0.1225,3.99,-12.88,-4.90
3.0217,0.8091,0.5856,0.1186,4.41,-12.88,-5.04
3.0223,0.8086,0.5851,0.1205,4.06,-13.02,-4.90
3.0229,0.8076,0.5851,0.1215,4.20,-12.95,-4.97
3.0235,0.8072,0.5861,0.1200,4.06,-13.09,-4.69
3.0240,0.8101,0.5880,0.1200,4.27,-12.88,-4.83
3.0246,0.8135,0.5895,0.1215,4.34,-12.88,-4.55
3.0252,0.8106,0.5885,0.1230,4.20,-13.16,-4.76
3.0258,0.8115,0.5895,0.1215,4.27,-12.67,-4.55
3.0264,0.8130,0.5890,0.1244,4.13,-13.02,-4.69
3.0270,0.8101,0.5880,0.1264,4.13,-12.95,-4.48
3.0282,0.8150,0.5876,0.1200,3.99,-13.30,-4.41
3.0293,0.8150,0.5861,0.1186,4.20,-12.95,-3.99
3.0305,0.8096,0.5876,0.1196,3.99,-13.16,-4.27
3.0316,0.8091,0.5915,0.1220,3.99,-13.16,-4.48
3.0328,0.8081,0.5910,0.1235,3.57,-13.37,-4.34
3.0339,0.8057,0.5900,0.1181,4.13,-12.60,-3.85
3.0351,0.8057,0.5880,0.1176,3.85,-13.44,-4.06
3.0362,0.8081,0.5900,0.1220,4.27,-12.53,-3.85
3.0374,0.8101,0.5919,0.1225,3.78,-13.30,-4.06
3.0385,0.8076,0.5900,0.1215,4.27,-12.81,-3.64
3.0397,0.8042,0.5910,0.1215,3.85,-12.88,-4.27
3.0408,0.8072,0.5924,0.1230,3.92,-12.67,-3.43
3.0420,0.8072,0.5910,0.1220,3.78,-13.09,-4.41
3.0431,0.8023,0.5880,0.1215,3.92,-12.60,-3.01
3.0443,0.8018,0.5871,0.1215,3.99,-13.02,-4.06
3.0454,0.8042,0.5841,0.1225,3.99,-13.02,-3.22
3.0466,0.8057,0.5827,0.1254,3.64,-12.67,-3.64
3.0478,0.8062,0.5861,0.1264,3.92,-12.74,-3.50
3.0489,0.8047,0.5832,0.1269,3.50,-12.39,-3.64
3.0501,0.8047,0.5817,0.1230,3.85,-13.09,-3.43
3.0506,0.8057,0.5807,0.1249,3.29,-12.39,-3.57
3.0511,0.8072,0.5817,0.1240,3.92,-12.67,-3.43
3.0516,0.8023,0.5812,0.1230,3.78,-12.81,-3.64
3.0521,0.8081,0.5841,0.1225,3.15,-12.18,-3.15
3.0526,0.8130,0.5802,0.1220,3.71,-12.39,-3.57
3.0531,0.8106,0.5754,0.1240,3.36,-12.46,-3.22
3.0536,0.8067,0.5768,0.1254,3.64,-12.53,-3.64
3.0541,0.8062,0.5768,0.1244,3.36,-12.60,-3.01
3.0546,0.8076,0.5793,0.1215,3.29,-12.18,-3.71
3.0551,0.8096,0.5793,0.1176,3.22,-12.74,-2.94
3.0556,0.8125,0.5763,0.1186,3.08,-12.11,-3.43
3.0562,0.8101,0.5783,0.1215,3.22,-12.39,-3.22
3.0567,0.8076,0.5773,0.1235,2.80,-12.11,-3.01
3.0572,0.8125,0.5768,0.1230,3.29,-12.67,-3.29
3.0577,0.8184,0.5773,0.1225,2.66,-11.62,-3.01
3.0582,0.8179,0.5749,0.1235,3.29,-12.53,-3.50
3.0587,0.8169,0.5729,0.1196,2.52,-11.76,-2.66
3.0592,0.8154,0.5739,0.1181,3.08,-12.39,-3.50
3.0597,0.8159,0.5749,0.1196,2.38,-11.83,-2.66
3.0602,0.8179,0.5783,0.1215,2.87,-12.04,-3.22
3.0608,0.8154,0.5822,0.1225,2.59,-11.62,-2.80
3.0613,0.8169,0.5832,0.1235,3.08,-12.04,-2.87
3.0618,0.8169,0.5827,0.1240,2.45,-11.90,-3.08
3.0624,0.8140,0.5788,0.1205,2.66,-11.69,-2.80
3.0629,0.8130,0.5773,0.1205,2.38,-11.97,-3.22
3.0635,0.8154,0.5812,0.1210,2.52,-11.69,-2.73
3.0640,0.8164,0.5788,0.1205,2.31,-11.69,-3.01
3.0645,0.8130,0.5734,0.1240,2.59,-11.55,-2.66
3.0651,0.8081,0.5749,0.1225,2.17,-12.18,-3.15
3.0656,0.8086,0.5783,0.1200,2.24,-11.69,-2.73
3.0661,0.8125,0.5812,0.1200,2.24,-12.04,-3.08
3.0667,0.8130,0.5807,0.1220,2.17,-11.55,-2.66
3.0672,0.8130,0.5807,0.1230,1.89,-11.48,-2.87
3.0678,0.8135,0.5797,0.1191,2.31,-11.62,-2.66
3.0683,0.8140,0.5797,0.1205,1.54,-11.48,-2.87
3.0688,0.8135,0.5827,0.1269,1.96,-11.34,-2.45
3.0694,0.8174,0.5822,0.1249,2.17,-11.41,-2.80
3.0699,0.8179,0.5807,0.1181,1.61,-11.55,-2.66
3.0705,0.8140,0.5797,0.1191,1.89,-11.20,-2.38
3.0710,0.8169,0.5768,0.1225,1.68,-11.48,-2.80
3.0726,0.8164,0.5763,0.1210,1.47,-11.20,-2.94
3.0743,0.8189,0.5788,0.1176,1.96,-11.06,-1.61
3.0759,0.8194,0.5763,0.1171,0.91,-11.20,-3.08
3.0775,0.8189,0.5758,0.1166,1.61,-10.85,-1.68
3.0791,0.8184,0.5773,0.1205,1.05,-10.64,-2.80
3.0808,0.8164,0.5763,0.1225,1.54,-11.20,-1.89
3.0824,0.8213,0.5754,0.1210,1.33,-11.13,-3.08
3.0840,0.8242,0.5773,0.1220,1.12,-10.85,-1.68
3.0856,0.8213,0.5807,0.1225,1.05,-10.50,-2.87
3.0873,0.8218,0.5793,0.1200,1.47,-11.41,-2.03
3.0889,0.8228,0.5763,0.1147,0.98,-10.29,-2.66
3.0905,0.8218,0.5778,0.1171,1.12,-10.99,-1.89
3.0922,0.8213,0.5749,0.1196,0.77,-10.71,-2.80
3.0938,0.8189,0.5714,0.1205,0.91,-10.85,-1.96
3.0954,0.8208,0.5724,0.1225,0.84,-10.43,-2.31
3.0970,0.8257,0.5749,0.1200,1.05,-10.78,-1.96
3.0987,0.8242,0.5763,0.1235,0.42,-10.71,-2.31
3.1003,0.8242,0.5754,0.1244,0.70,-10.57,-2.38
3.1019,0.8228,0.5768,0.1230,0.14,-10.71,-1.82
3.1035,0.8218,0.5778,0.1240,0.91,-9.87,-2.38
3.1036,0.8228,0.5768,0.1181,0.35,-10.43,-1.47
3.1036,0.8228,0.5739,0.1215,0.35,-10.36,-1.47
3.1037,0.8242,0.5749,0.1249,0.14,-10.08,-2.87
3.1037,0.8228,0.5744,0.1220,0.42,-10.08,-0.91
3.1038,0.8223,0.5734,0.1161,0.07,-10.15,-2.94
3.1039,0.8237,0.5714,0.1161,0.35,-9.94,-1.12
3.1039,0.8276,0.5754,0.1186,-0.42,-10.08,-2.59
3.1040,0.8247,0.5773,0.1191,0.42,-9.87,-1.40
3.1040,0.8223,0.5719,0.1186,-0.49,-9.94,-2.31
3.1041,0.8252,0.5714,0.1166,0.35,-9.94,-1.54
3.1041,0.8281,0.5739,0.1191,-0.63,-10.01,-2.45
3.1042,0.8267,0.5758,0.1230,0.00,-9.59,-1.26
3.1042,0.8291,0.5763,0.1225,-0.49,-9.73,-1.82
3.1043,0.8276,0.5778,0.1230,-0.14,-9.38,-1.54
3.1043,0.8237,0.5763,0.1240,-0.77,-9.94,-1.75
3.1044,0.8257,0.5768,0.1181,-0.42,-9.38,-1.82
3.1044,0.8252,0.5768,0.1181,-0.42,-10.29,-1.75
3.1045,0.8272,0.5739,0.1166,-0.84,-9.24,-2.17
3.1045,0.8272,0.5744,0.1205,-0.63,-9.59,-1.19
3.1046,0.8252,0.5729,0.1205,-0.77,-8.96,-1.96
3.1046,0.8233,0.5729,0.1191,-0.70,-9.73,-1.26
3.1046,0.8242,0.5729,0.1186,-0.84,-9.24,-2.17
3.1047,0.8272,0.5719,0.1200,-0.77,-9.31,-0.91
3.1047,0.8242,0.5734,0.1254,-0.77,-8.75,-1.61
3.1048,0.8208,0.5710,0.1264,-0.63,-9.45,-1.05
3.1048,0.8257,0.5739,0.1205,-1.26,-8.82,-1.68
3.1048,0.8267,0.5802,0.1181,-0.70,-9.45,-1.26
3.1049,0.8233,0.5793,0.1210,-0.91,-8.54,-1.26
3.1049,0.8233,0.5749,0.1200,-0.91,-8.61,-0.70
3.1050,0.8208,0.5763,0.1200,-1.12,-8.68,-1.61
3.1050,0.8174,0.5802,0.1181,-0.98,-8.40,-0.77
3.1051,0.8198,0.5778,0.2450,-1.47,-8.75,-1.47
3.1051,0.8237,0.5793,0.1249,-1.26,-8.40,-1.05
3.1051,0.8223,0.5812,0.1210,-1.19,-8.54,-1.05
3.1052,0.8213,0.5754,0.1186,-1.40,-8.12,-0.98
3.1052,0.8184,0.5754,0.1186,-1.19,-7.56,-0.42
3.1053,0.8140,0.5793,0.1210,-1.47,-8.89,-1.05
3.1053,0.8169,0.5812,0.1220,-1.40,-7.28,-0.56
3.1053,0.8184,0.5836,0.1186,-1.12,-8.33,-1.05
3.1054,0.8135,0.5836,0.1176,-1.61,-7.07,-0.63
3.1066,0.8130,0.5817,0.1210,-1.33,-8.19,-1.05
3.1077,0.8154,0.5827,0.1210,-1.68,-7.49,-0.63
3.1089,0.8159,0.5851,0.1196,-1.12,-7.91,-0.63
3.1101,0.8120,0.5807,0.1191,-1.61,-7.07,-0.84
3.1112,0.8106,0.5758,0.1200,-1.61,-7.42,-0.21
3.1124,0.8135,0.5783,0.1205,-1.40,-7.35,-1.05
3.1136,0.8150,0.5812,0.1215,-1.68,-7.35,0.00
3.1148,0.8154,0.5778,0.1205,-1.82,-7.21,-0.84
3.1159,0.8159,0.5763,0.1196,-1.61,-7.14,-0.35
3.1171,0.8159,0.5754,0.1210,-1.61,-6.86,-0.49
3.1183,0.8174,0.5773,0.1230,-1.54,-6.72,-0.35
3.1194,0.8198,0.5783,0.1215,-1.89,-7.07,-0.49
3.1206,0.8179,0.5754,0.1181,-2.03,-6.30,0.00
3.1218,0.8174,0.5758,0.1161,-1.54,-7.28,-0.49
3.1230,0.8198,0.5744,0.1176,-1.96,-7.49,-0.63
3.1241,0.8150,0.5763,0.1171,-1.54,-5.67,-0.21
3.1253,0.8145,0.5793,0.1152,-1.75,-6.30,0.35
3.1265,0.8159,0.5768,0.1147,-2.03,-6.37,-0.56
3.1276,0.8164,0.5744,0.1196,-1.68,-6.16,0.70
3.1288,0.8198,0.5778,0.1215,-1.68,-6.02,-0.28
3.1289,0.8184,0.5778,0.1176,-1.89,-6.37,0.28
3.1289,0.8169,0.5754,0.1186,-1.61,-6.16,-0.28
3.1289,0.8198,0.5802,0.1225,-1.61,-5.81,0.70
3.1290,0.8194,0.5817,0.1186,-2.03,-5.74,-0.35
3.1290,0.8179,0.5827,0.1166,-1.75,-5.60,0.70
3.1291,0.8203,0.5817,0.1166,-1.82,-5.53,-0.42
3.1291,0.8228,0.5783,0.1176,-2.03,-5.60,0.70
3.1292,0.8189,0.5768,0.1152,-1.75,-5.95,-0.35
3.1292,0.8174,0.5763,0.1113,-1.89,-5.32,0.77
3.1292,0.8198,0.5763,0.1127,-1.89,-5.46,0.07
3.1293,0.8218,0.5788,0.1152,-1.61,-5.11,0.56
3.1293,0.8228,0.5788,0.1176,-2.17,-5.67,0.07
3.1294,0.8213,0.5778,0.1166,-1.61,-5.46,0.42
3.1294,0.8194,0.5768,0.1142,-2.38,-5.04,0.21
3.1294,0.8159,0.5749,0.1166,-1.19,-5.11,0.35
3.1295,0.8203,0.5817,0.1166,-2.10,-4.62,0.70
3.1295,0.8208,0.5866,0.1118,-1.61,-4.97,0.14
3.1296,0.8140,0.5851,0.1098,-1.82,-4.83,0.84
3.1296,0.8145,0.5827,0.1103,-1.89,-5.11,0.07
3.1296,0.8164,0.5812,0.1132,-1.54,-4.76,0.77
3.1301,0.8140,0.5846,0.1161,-2.17,-4.97,0.21
3.1305,0.8125,0.5885,0.1127,-1.12,-5.04,0.84
3.1309,0.8154,0.5841,0.1074,-2.03,-4.69,0.14
3.1314,0.8140,0.5773,0.1108,-1.19,-4.62,0.84
3.1318,0.8101,0.5763,0.1142,-2.24,-4.13,0.07
3.1322,0.8150,0.5812,0.1113,-1.12,-4.69,0.84
3.1327,0.8174,0.5836,0.1166,-2.03,-4.41,-0.14
3.1331,0.8150,0.5817,0.1196,-1.12,-4.48,1.19
3.1335,0.8125,0.5817,0.1152,-1.68,-4.55,0.00
3.1339,0.8140,0.5793,0.1137,-1.61,-3.99,1.19
3.1344,0.8135,0.5778,0.1122,-1.47,-4.20,-0.28
3.1348,0.8106,0.5768,0.1118,-1.40,-4.41,0.84
3.1352,0.8125,0.5763,0.1152,-1.40,-3.71,0.14
3.1357,0.8159,0.5744,0.1157,-1.61,-4.62,0.42
3.1361,0.8184,0.5739,0.1137,-1.40,-4.13,0.14
3.1365,0.8189,0.5744,0.1083,-1.68,-3.78,1.05
3.1370,0.8194,0.5749,0.1083,-1.40,-4.13,0.28
3.1374,0.8218,0.5802,0.1132,-1.33,-3.78,0.14
3.1378,0.8247,0.5802,0.1103,-1.33,-3.92,0.77
3.1382,0.8237,0.5793,0.1098,-1.33,-4.06,-0.35
3.1389,0.8213,0.5822,0.1132,-1.33,-3.99,0.91
3.1396,0.8228,0.5817,0.1122,-1.54,-3.99,-0.35
3.1402,0.8242,0.5822,0.1118,-0.91,-3.92,1.12
3.1409,0.8233,0.5822,0.1122,-1.26,-3.64,-0.56
3.1416,0.8233,0.5788,0.1118,-0.91,-4.13,1.33
3.1422,0.8189,0.5802,0.1113,-1.05,-3.57,-0.70
3.1429,0.8174,0.5793,0.1127,-0.98,-3.71,0.84
3.1436,0.8218,0.5797,0.1113,-1.12,-3.92,-0.56
3.1442,0.8198,0.5827,0.1088,-0.70,-3.78,0.84
3.1449,0.8164,0.5827,0.1093,-1.54,-3.71,-0.49
3.1456,0.8184,0.5827,0.1093,-0.21,-3.85,0.70
3.1462,0.8198,0.5861,0.1069,-1.33,-3.50,-0.21
3.1469,0.8208,0.5866,0.1039,-0.49,-4.13,-0.21
3.1476,0.8218,0.5832,0.1098,-1.05,-3.29,0.14
3.1482,0.8213,0.5836,0.1074,-0.42,-3.78,-0.56
3.1489,0.8203,0.5856,0.1049,-0.98,-3.22,0.77
3.1496,0.8218,0.5856,0.1108,-0.49,-4.27,-0.91
3.1502,0.8218,0.5861,0.1108,-0.63,-3.15,0.77
3.1509,0.8203,0.5885,0.1093,-0.28,-3.99,-0.91
3.1516,0.8179,0.5885,0.1054,-0.42,-3.15,0.63
3.1526,0.8174,0.5866,0.1035,-0.49,-3.85,-0.77
3.1537,0.8228,0.5866,0.1069,0.14,-3.43,0.42
3.1548,0.8233,0.5876,0.1083,-0.49,-3.50,-0.56
3.1559,0.8208,0.5876,0.1103,0.21,-3.43,0.07
3.1570,0.8203,0.5905,0.1103,-0.56,-3.36,-0.42
3.1580,0.8203,0.5905,0.1049,0.49,-3.71,-0.42
3.1591,0.8184,0.5876,0.1015,-0.35,-3.71,-0.28
3.1602,0.8189,0.5905,0.1064,0.35,-3.99,0.00
3.1613,0.8198,0.5944,0.1088,0.00,-3.22,-0.56
3.1624,0.8145,0.5958,0.1039,0.84,-3.85,-0.28
3.1635,0.8159,0.5944,0.1005,0.35,-3.01,-0.07
3.1645,0.8203,0.5988,0.1059,0.56,-2.94,0.07
3.1656,0.8184,0.5949,0.1093,0.63,-3.99,-0.63
3.1667,0.8174,0.5924,0.1074,0.77,-2.66,0.28
3.1678,0.8198,0.5939,0.1074,0.63,-3.92,-0.91
3.1689,0.8145,0.5963,0.1108,1.12,-3.15,0.14
3.1699,0.8140,0.5963,0.1098,0.77,-3.36,-0.70
3.1710,0.8159,0.5993,0.1054,1.40,-3.50,0.00
3.1721,0.8159,0.6007,0.1044,0.98,-3.29,-0.98
3.1732,0.8164,0.5993,0.1054,1.19,-3.57,0.07
3.1732,0.8150,0.5988,0.1098,1.47,-3.15,-0.56
3.1733,0.8130,0.5998,0.1103,1.54,-3.99,-0.28
3.1733,0.8150,0.5983,0.1054,1.47,-3.01,-0.42
3.1734,0.8164,0.5988,0.1025,1.68,-3.78,-0.70
3.1734,0.8111,0.6022,0.1005,1.54,-2.94,-0.07
3.1735,0.8106,0.6027,0.0981,1.61,-3.50,-0.70
3.1735,0.8096,0.6027,0.1025,1.89,-3.29,-0.28
3.1736,0.8091,0.5993,0.1069,1.96,-3.78,-1.05
3.1736,0.8115,0.5988,0.0991,1.89,-3.08,-0.28
3.1737,0.8096,0.5988,0.0971,2.03,-3.01,-0.77
3.1738,0.8106,0.5958,0.1039,2.45,-2.87,-0.35
3.1738,0.8115,0.5968,0.1000,1.75,-3.64,-1.40
3.1739,0.8086,0.5958,0.0971,2.52,-3.08,-0.21
3.1739,0.8091,0.5934,0.1030,1.89,-3.29,-0.98
3.1740,0.8081,0.5949,0.1064,2.59,-3.29,-0.56
3.1740,0.8086,0.5973,0.1054,2.03,-3.08,-1.26
3.1741,0.8111,0.5963,0.0991,2.66,-3.36,-0.84
3.1741,0.8086,0.5934,0.0956,2.31,-2.94,-1.19
3.1742,0.8081,0.5915,0.1005,2.73,-3.29,-0.98
3.1742,0.8086,0.5944,0.1049,2.45,-2.87,-1.05
3.1756,0.8125,0.5958,0.1010,2.66,-3.43,-1.33
3.1769,0.8111,0.5954,0.1020,2.59,-2.94,-1.54
3.1783,0.8096,0.5973,0.1064,2.80,-3.36,-1.40
3.1796,0.8135,0.5934,0.1059,2.94,-2.52,-1.33
3.1809,0.8150,0.5939,0.1064,2.87,-3.15,-1.68
3.1823,0.8120,0.5958,0.1054,3.08,-3.08,-1.61
3.1836,0.8076,0.5939,0.1049,2.66,-3.50,-1.82
3.1850,0.8096,0.5944,0.1025,3.22,-3.22,-1.54
3.1863,0.8145,0.5905,0.1074,3.15,-2.45,-1.19
3.1877,0.8145,0.5924,0.0961,2.87,-3.43,-2.38
3.1890,0.8115,0.5934,0.1010,3.08,-2.59,-2.10
3.1904,0.8125,0.5885,0.1010,3.29,-3.36,-1.47
3.1917,0.8150,0.5895,0.0991,3.01,-2.94,-2.38
3.1931,0.8140,0.5915,0.0986,3.50,-3.36,-1.68
3.1944,0.8140,0.5924,0.1020,3.15,-2.66,-2.31
3.1958,0.8135,0.5978,0.1049,3.50,-3.92,-2.24
3.1971,0.8096,0.5929,0.1025,3.29,-2.73,-2.24
3.1985,0.8076,0.5895,0.0981,3.43,-3.36,-2.31
3.1998,0.8091,0.5949,0.0932,3.50,-3.01,-2.38
3.2012,0.8096,0.5949,0.0961,3.50,-3.15,-2.52
3.2014,0.8067,0.5934,0.0981,3.22,-2.80,-2.45
3.2017,0.8111,0.5905,0.0991,3.71,-2.73,-2.24
3.2019,0.8062,0.5871,0.0956,3.22,-3.36,-3.22
3.2022,0.8057,0.5846,0.0981,3.15,-2.80,-3.22
3.2025,0.8111,0.5866,0.1000,3.78,-3.29,-2.24
3.2027,0.8081,0.5895,0.1000,3.50,-2.52,-3.36
3.2030,0.8028,0.5841,0.1030,3.99,-2.87,-2.52
3.2032,0.8028,0.5832,0.1035,3.43,-2.73,-3.50
3.2035,0.8072,0.5856,0.1020,3.99,-3.01,-2.73
3.2038,0.8076,0.5836,0.1000,3.50,-2.38,-3.08
3.2040,0.8072,0.5827,0.1000,3.78,-3.08,-2.87
3.2043,0.8062,0.5812,0.1015,3.71,-2.31,-2.87
3.2045,0.8052,0.5797,0.0996,3.71,-2.73,-3.29
3.2048,0.8042,0.5812,0.1000,3.50,-2.45,-2.73
3.2050,0.8028,0.5778,0.1015,3.57,-3.29,-3.50
3.2053,0.8032,0.5734,0.1020,3.43,-2.17,-2.94
3.2056,0.8023,0.5729,0.1030,3.71,-2.80,-3.29
3.2058,0.8032,0.5705,0.0996,3.57,-2.31,-2.80
3.2061,0.8081,0.5695,0.1015,3.57,-2.73,-3.43
3.2063,0.8096,0.5714,0.1030,3.64,-2.38,-3.15
3.2069,0.8111,0.5700,0.0966,3.64,-2.38,-3.01
3.2074,0.8169,0.5671,0.0947,3.64,-2.31,-2.59
3.2080,0.8115,0.5710,0.0942,3.50,-2.52,-3.36
3.2085,0.8086,0.5719,0.0952,3.29,-2.31,-2.66
3.2090,0.8076,0.5690,0.0917,3.50,-2.94,-3.15
3.2096,0.8096,0.5675,0.0908,3.08,-2.03,-2.80
3.2101,0.8120,0.5714,0.0961,3.36,-2.94,-3.43
3.2106,0.8106,0.5719,0.0991,3.08,-2.10,-2.52
3.2112,0.8111,0.5714,0.0947,3.22,-2.45,-3.29
3.2117,0.8106,0.5729,0.0927,3.01,-2.17,-2.38
3.2122,0.8096,0.5714,0.0922,3.43,-2.52,-3.22
3.2128,0.8106,0.5714,0.0952,3.08,-1.75,-2.45
3.2133,0.8081,0.5685,0.0991,3.01,-2.45,-2.73
3.2139,0.8052,0.5675,0.0986,3.15,-2.10,-2.45
3.2144,0.8052,0.5671,0.0927,2.73,-2.03,-2.87
3.2149,0.8076,0.5685,0.0878,3.15,-2.17,-2.31
3.2155,0.8140,0.5666,0.0903,2.87,-2.24,-2.38
3.2160,0.8120,0.5622,0.0917,3.22,-2.10,-2.59
3.2165,0.8072,0.5632,0.0903,2.45,-1.82,-1.75
3.2171,0.8062,0.5656,0.0942,3.36,-2.31,-2.38
3.2177,0.8057,0.5641,0.0908,2.66,-2.10,-2.10
3.2184,0.8140,0.5671,0.0922,2.87,-1.68,-1.47
3.2190,0.8130,0.5656,0.0952,2.52,-1.96,-2.38
3.2197,0.8111,0.5656,0.0952,2.59,-1.54,-1.12
3.2203,0.8125,0.5627,0.0937,2.24,-2.10,-2.45
3.2209,0.8145,0.5651,0.0927,2.73,-1.40,-0.84
3.2216,0.8154,0.5675,0.0927,2.24,-2.17,-2.03
3.2222,0.8145,0.5671,0.0927,2.31,-1.75,-0.70
3.2229,0.8135,0.5690,0.0903,2.10,-1.96,-1.96
3.2235,0.8096,0.5666,0.0932,2.52,-1.96,-0.84
3.2242,0.8101,0.5661,0.0913,1.96,-1.33,-1.05
3.2248,0.8145,0.5690,0.0864,2.38,-1.75,-0.91
3.2255,0.8130,0.5656,0.0859,1.68,-1.33,-0.77
3.2261,0.8140,0.5651,0.0864,2.38,-2.03,-0.63
3.2267,0.8091,0.5641,0.0883,2.03,-1.40,-0.35
3.2274,0.8057,0.5656,0.0883,1.89,-1.96,-0.70
3.2280,0.8086,0.5695,0.0893,1.82,-1.61,-0.14
3.2287,0.8111,0.5690,0.0883,1.96,-1.68,-0.42
3.2293,0.8086,0.5685,0.0874,1.61,-1.75,0.07
3.2300,0.8081,0.5700,0.0874,1.89,-1.47,-0.28
3.2305,0.8135,0.5705,0.0849,1.82,-1.19,0.63
3.2311,0.8145,0.5700,0.0869,1.54,-1.68,-0.35
3.2317,0.8150,0.5700,0.0903,1.68,-1.54,0.84
3.2322,0.8115,0.5666,0.0883,1.33,-1.26,0.07
3.2328,0.8091,0.5651,0.0874,1.75,-1.47,0.77
3.2334,0.8130,0.5680,0.0869,1.26,-1.40,0.28
3.2339,0.8135,0.5690,0.0844,1.68,-1.75,1.26
3.2345,0.8111,0.5675,0.0854,1.26,-0.91,0.49
3.2351,0.8086,0.5690,0.0849,1.61,-1.75,0.84
3.2356,0.8086,0.5719,0.0825,0.98,-0.77,1.19
3.2362,0.8111,0.5710,0.0859,1.54,-1.61,1.05
3.2368,0.8101,0.5680,0.0854,1.33,-1.26,1.12
3.2373,0.8106,0.5685,0.0810,0.84,-1.40,1.12
3.2379,0.8125,0.5754,0.0839,1.47,-1.40,1.40
3.2385,0.8115,0.5739,0.0878,0.91,-1.33,0.91
3.2390,0.8120,0.5705,0.0854,1.40,-1.12,1.68
3.2396,0.8086,0.5729,0.0859,0.49,-1.33,1.12
3.2402,0.8076,0.5724,0.0854,1.54,-1.68,1.40
3.2407,0.8081,0.5739,0.0795,0.63,-1.05,1.40
3.2413,0.8072,0.5724,0.0747,1.05,-1.68,1.40
3.2418,0.8076,0.5710,0.0732,0.28,-1.05,1.40
3.2424,0.8106,0.5724,0.0776,0.84,-1.89,1.75
3.2429,0.8125,0.5744,0.0791,0.56,-0.70,1.26
3.2434,0.8101,0.5763,0.0825,0.42,-1.89,1.61
3.2439,0.8072,0.5763,0.0834,0.70,-0.63,1.54
3.2445,0.8062,0.5773,0.0830,0.35,-1.68,1.33
3.2450,0.8037,0.5773,0.0795,0.70,-1.12,1.96
3.2455,0.8052,0.5768,0.0791,0.28,-2.17,1.68
3.2461,0.8096,0.5788,0.0844,0.77,-0.70,1.68
3.2466,0.8111,0.5783,0.0834,0.35,-1.54,1.75
3.2471,0.8096,0.5768,0.0810,0.49,-0.98,1.61
3.2476,0.8062,0.5754,0.0839,-0.07,-1.54,1.75
3.2482,0.8067,0.5758,0.0820,0.14,-1.26,1.61
3.2487,0.8101,0.5797,0.0786,0.07,-1.47,1.61
3.2492,0.8130,0.5802,0.0795,0.07,-1.12,1.54
3.2497,0.8096,0.5783,0.0908,0.21,-1.33,1.61
3.2503,0.8106,0.5812,0.0878,0.63,-1.05,1.61
3.2508,0.8115,0.5832,0.0883,-0.14,-1.54,1.40
3.2513,0.8130,0.5846,0.0839,0.63,-1.33,1.82
3.2519,0.8120,0.5851,0.0800,-0.14,-1.82,1.40
3.2524,0.8115,0.5851,0.0815,0.21,-1.12,2.03
3.2529,0.8125,0.5846,0.0854,-0.21,-1.61,1.33
3.2534,0.8125,0.5861,0.0854,0.35,-1.47,1.89
3.2540,0.8101,0.5856,0.0849,-0.14,-1.40,1.40
3.2545,0.8076,0.5836,0.0849,0.21,-1.33,1.89
3.2550,0.8076,0.5846,0.0864,-0.07,-1.54,1.19
3.2555,0.8072,0.5866,0.0874,0.28,-1.05,2.24
3.2561,0.8081,0.5866,0.0849,0.21,-1.82,1.19
3.2566,0.8076,0.5876,0.0864,0.00,-1.05,2.03
3.2571,0.8081,0.5900,0.0869,-0.14,-1.68,1.26
3.2576,0.8101,0.5895,0.0864,0.14,-1.19,2.03
3.2582,0.8086,0.5915,0.0869,0.00,-1.68,1.54
3.2587,0.8101,0.5939,0.0864,-0.07,-1.68,1.61
3.2592,0.8120,0.5919,0.0815,0.42,-1.47,1.82
3.2598,0.8106,0.5919,0.0844,-0.28,-1.54,1.68
3.2603,0.8067,0.5905,0.0854,-0.28,-1.47,1.19
3.2608,0.8076,0.5900,0.0815,0.63,-1.68,2.24
3.2613,0.8091,0.5934,0.0820,-0.07,-1.61,1.33
3.2619,0.8052,0.5915,0.0844,0.49,-1.19,2.17
3.2624,0.8062,0.5890,0.0810,0.00,-1.82,1.12
3.2645,0.8072,0.5895,0.0786,0.49,-1.54,2.24
3.2666,0.8032,0.5890,0.0771,0.07,-1.82,0.70
3.2687,0.7998,0.5929,0.0810,0.42,-1.47,2.17
3.2708,0.7984,0.5929,0.0834,0.14,-1.68,0.98
3.2729,0.8037,0.5910,0.0795,-0.07,-1.68,2.38
3.2750,0.8062,0.5934,0.0756,0.28,-1.89,0.84
3.2771,0.8047,0.5944,0.0766,0.21,-1.68,2.24
3.2792,0.8042,0.5949,0.0795,0.35,-1.82,0.91
3.2813,0.8023,0.5983,0.0766,0.28,-1.75,1.82
3.2833,0.8032,0.5954,0.0771,0.21,-1.82,1.19
3.2854,0.8057,0.5924,0.0805,0.49,-1.68,1.75
3.2875,0.8052,0.5944,0.0781,0.42,-1.68,1.40
3.2896,0.8032,0.5944,0.0756,0.42,-1.96,1.05
3.2917,0.8013,0.5934,0.0766,0.91,-1.33,1.47
3.2938,0.8042,0.5944,0.0781,0.28,-1.68,1.54
3.2959,0.8057,0.5968,0.0771,0.84,-1.68,1.12
3.2980,0.8047,0.5963,0.0771,0.35,-1.82,1.05
3.3001,0.8042,0.5939,0.0776,0.84,-1.47,0.91
3.3022,0.8037,0.5919,0.0805,0.91,-1.68,1.40
3.3043,0.8032,0.5929,0.0795,0.56,-1.68,0.84
3.3044,0.8062,0.5973,0.0747,1.12,-1.75,1.26
3.3044,0.8072,0.5939,0.0776,0.49,-1.89,0.49
3.3045,0.8076,0.5934,0.0781,1.19,-1.89,1.19
3.3046,0.8052,0.5954,0.0766,0.28,-1.89,0.00
3.3046,0.8013,0.5929,0.0756,1.12,-1.68,1.47
3.3047,0.7993,0.5919,0.0752,0.56,-1.82,0.07
3.3048,0.7974,0.5895,0.0786,1.26,-1.96,1.26
3.3049,0.7974,0.5915,0.0791,0.49,-1.75,0.35
3.3049,0.8028,0.5915,0.0771,1.05,-1.89,1.19
3.3050,0.8028,0.5910,0.0766,1.05,-1.68,0.07
3.3051,0.7974,0.5929,0.0742,1.05,-1.89,1.05
3.3051,0.8013,0.5915,0.0786,0.70,-1.75,0.28
3.3052,0.8032,0.5934,0.0791,1.26,-2.24,0.77
3.3053,0.8018,0.5954,0.0776,0.70,-1.54,0.21
3.3053,0.8032,0.5934,0.0776,1.19,-1.89,0.77
3.3054,0.8052,0.5954,0.0752,1.19,-1.75,0.14
3.3055,0.8013,0.5963,0.0771,1.26,-2.24,0.42
3.3055,0.7993,0.5905,0.0810,1.33,-1.68,0.42
3.3056,0.8018,0.5890,0.0795,1.05,-2.24,0.49
3.3057,0.8003,0.5958,0.0771,1.40,-1.54,0.49
3.3057,0.7984,0.5978,0.0766,1.19,-2.10,0.35
3.3058,0.7993,0.5939,0.0776,1.40,-1.61,0.70
3.3058,0.8032,0.5939,0.0771,1.19,-1.75,0.14
3.3059,0.8047,0.5958,0.0737,1.33,-1.68,1.05
3.3059,0.8057,0.5929,0.0717,1.33,-1.89,-0.07
3.3060,0.8076,0.5924,0.0717,1.54,-2.17,0.84
3.3060,0.8037,0.5973,0.0722,1.40,-1.54,0.28
3.3061,0.8037,0.5978,0.0732,1.68,-1.82,0.49
3.3062,0.8086,0.5944,0.0737,1.54,-1.61,0.42
3.3062,0.8042,0.5919,0.0742,1.54,-2.24,0.49
3.3063,0.8023,0.5919,0.0732,1.68,-1.75,0.98
3.3063,0.8037,0.5890,0.0683,1.33,-2.17,0.00
3.3064,0.8037,0.5876,0.0659,2.03,-2.17,0.63
3.3064,0.8003,0.5890,0.0717,1.68,-1.82,0.42
3.3065,0.8003,0.5895,0.0742,1.75,-2.10,0.77
3.3065,0.8076,0.5880,0.0673,1.75,-1.89,0.91
3.3066,0.8096,0.5885,0.0639,1.89,-2.03,0.70
3.3066,0.8067,0.5885,0.0688,1.96,-1.96,0.70
3.3067,0.8062,0.5866,0.0703,1.75,-1.75,0.77
3.3068,0.8037,0.5876,0.0703,2.03,-2.24,0.84
3.3069,0.8047,0.5885,0.0717,2.03,-1.96,0.77
3.3070,0.8072,0.5876,0.0737,2.10,-1.89,0.91
3.3071,0.8067,0.5880,0.0703,1.96,-2.17,0.63
3.3072,0.8018,0.5876,0.0708,2.31,-2.24,0.70
3.3073,0.7974,0.5866,0.0722,1.96,-1.89,0.98
3.3074,0.7989,0.5910,0.0717,2.38,-2.17,0.84
3.3075,0.7989,0.5905,0.0722,2.31,-1.89,0.63
3.3076,0.7998,0.5876,0.0732,2.03,-2.10,0.91
3.3077,0.8023,0.5919,0.0732,2.52,-2.17,0.70
3.3078,0.8003,0.5895,0.0703,2.45,-2.38,0.42
3.3079,0.7993,0.5876,0.0678,2.10,-1.68,0.98
3.3080,0.8008,0.5900,0.0688,2.45,-2.52,0.49
3.3081,0.8023,0.5871,0.0698,2.24,-1.96,0.77
3.3082,0.8013,0.5876,0.0693,2.52,-2.31,0.35
3.3083,0.8003,0.5900,0.0698,2.38,-2.38,0.70
3.3084,0.8062,0.5900,0.0683,2.31,-2.38,0.56
3.3085,0.8052,0.5910,0.0649,2.73,-2.31,0.56
3.3086,0.8018,0.5910,0.0644,2.38,-2.38,0.07
3.3087,0.8023,0.5915,0.0654,2.59,-2.38,0.63
3.3088,0.8003,0.5919,0.0688,2.10,-2.45,0.35
3.3093,0.8008,0.5919,0.0712,2.94,-2.73,0.00
3.3098,0.8042,0.5929,0.0683,2.38,-2.45,0.14
3.3102,0.8047,0.5919,0.0683,2.73,-2.45,0.42
3.3107,0.8042,0.5900,0.0688,2.66,-2.66,0.21
3.3111,0.8037,0.5919,0.0678,3.01,-2.59,0.00
3.3116,0.8018,0.5924,0.0664,2.66,-2.52,0.35
3.3121,0.8018,0.5934,0.0673,2.87,-2.73,0.00
3.3125,0.8018,0.5900,0.0664,2.80,-2.66,-0.07
3.3130,0.8047,0.5876,0.0664,2.66,-2.59,0.07
3.3135,0.8072,0.5880,0.0693,2.80,-2.38,0.28
3.3139,0.8028,0.5861,0.0673,2.80,-2.87,-0.35
3.3144,0.8032,0.5846,0.0644,2.94,-2.94,0.28
3.3149,0.8052,0.5871,0.0659,2.87,-2.45,-0.21
3.3153,0.8067,0.5924,0.0664,3.01,-2.94,0.07
3.3158,0.8072,0.5905,0.0673,2.87,-2.52,-0.42
3.3163,0.8057,0.5880,0.0683,3.08,-2.59,0.07
3.3167,0.8072,0.5871,0.0673,3.01,-2.80,-0.21
3.3172,0.8052,0.5861,0.0673,3.15,-3.15,-0.21
3.3177,0.8062,0.5856,0.0673,2.66,-2.87,-0.63
3.3181,0.8076,0.5846,0.0678,3.43,-2.94,0.07
3.3187,0.8081,0.5861,0.0664,2.80,-2.94,-1.05
3.3192,0.8106,0.5885,0.0664,3.29,-3.01,0.07
3.3198,0.8096,0.5880,0.0673,2.66,-3.22,-0.84
3.3204,0.8062,0.5880,0.0683,3.50,-3.01,-0.07
3.3209,0.8067,0.5866,0.0708,2.66,-2.94,-0.56
3.3215,0.8091,0.5851,0.0673,3.36,-3.29,-0.35
3.3220,0.8091,0.5856,0.0659,2.73,-3.50,-0.91
3.3226,0.8125,0.5846,0.0683,3.15,-3.29,-0.28
3.3231,0.8164,0.5836,0.0678,3.08,-3.29,-0.91
3.3237,0.8150,0.5841,0.0688,3.36,-3.78,-0.77
3.3243,0.8106,0.5861,0.0673,3.01,-3.22,-0.28
3.3248,0.8072,0.5871,0.0688,3.36,-3.64,-0.84
3.3254,0.8091,0.5856,0.0732,2.94,-3.57,-0.84
3.3259,0.8111,0.5871,0.0727,3.29,-3.64,-0.84
3.3265,0.8106,0.5934,0.0703,3.43,-3.43,-0.56
3.3270,0.8096,0.5924,0.0688,3.29,-3.50,-0.84
3.3276,0.8111,0.5910,0.0664,3.29,-3.85,-0.70
3.3282,0.8125,0.5900,0.0664,3.43,-3.78,-0.77
3.3287,0.8096,0.5890,0.0722,3.29,-3.85,-0.77
3.3293,0.8067,0.5890,0.0737,3.50,-3.43,-0.70
3.3299,0.8062,0.5856,0.0708,3.50,-3.85,-0.77
3.3305,0.8076,0.5856,0.0717,3.50,-3.71,-0.49
3.3311,0.8086,0.5866,0.0727,3.36,-3.85,-0.63
3.3317,0.8111,0.5836,0.0693,3.57,-3.92,-0.42
3.3323,0.8125,0.5841,0.0698,3.36,-3.99,-0.56
3.3329,0.8096,0.5851,0.0717,3.08,-3.78,-0.14
3.3335,0.8115,0.5895,0.0722,3.15,-4.41,-0.98
3.3341,0.8130,0.5924,0.0683,3.36,-3.78,-0.28
3.3347,0.8135,0.5895,0.0732,3.78,-4.48,-0.56
3.3353,0.8125,0.5880,0.0752,3.43,-3.64,-0.14
3.3359,0.8120,0.5866,0.0712,3.43,-4.48,-0.70
3.3365,0.8125,0.5822,0.0688,3.36,-3.78,0.00
3.3371,0.8154,0.5832,0.0683,3.43,-4.62,-0.63
3.3377,0.8159,0.5866,0.0693,3.71,-3.78,-0.07
3.3383,0.8135,0.5851,0.0683,3.15,-4.76,-0.21
3.3389,0.8140,0.5846,0.0630,3.64,-4.34,-0.21
3.3395,0.8164,0.5861,0.0649,3.15,-4.41,-0.28
3.3401,0.8169,0.5841,0.0712,3.29,-4.20,-0.07
3.3407,0.8145,0.5861,0.0683,3.50,-4.48,-0.07
3.3413,0.8125,0.5871,0.0688,3.71,-4.41,-0.21
3.3425,0.8115,0.5851,0.0703,3.43,-4.48,0.14
3.3436,0.8115,0.5856,0.0703,3.71,-4.69,-0.35
3.3447,0.8111,0.5871,0.0693,3.43,-4.13,0.49
3.3459,0.8101,0.5880,0.0683,3.64,-4.06,-0.07
3.3470,0.8111,0.5871,0.0712,3.64,-4.34,0.91
3.3481,0.8057,0.5866,0.0712,3.57,-4.27,-0.28
3.3493,0.8008,0.5856,0.0712,3.92,-4.62,0.49
3.3504,0.8037,0.5827,0.0737,3.36,-4.13,-0.07
3.3515,0.8037,0.5841,0.0722,3.78,-4.48,0.63
3.3526,0.8028,0.5836,0.0727,3.36,-4.20,0.00
3.3538,0.8042,0.5832,0.0722,3.78,-4.41,0.63
3.3549,0.8067,0.5822,0.0756,3.36,-4.48,0.00
3.3560,0.8096,0.5793,0.0761,3.85,-4.69,0.91
3.3572,0.8111,0.5783,0.0722,3.36,-3.92,0.35
3.3583,0.8106,0.5758,0.0722,3.50,-4.62,0.56
3.3594,0.8086,0.5788,0.0717,3.43,-4.20,0.49
3.3606,0.8106,0.5827,0.0761,3.08,-4.83,0.70
3.3617,0.8111,0.5768,0.0761,3.57,-4.20,0.70
3.3628,0.8101,0.5739,0.0708,3.01,-4.69,0.91
3.3639,0.8081,0.5763,0.0717,3.50,-4.06,0.91
3.3645,0.8086,0.5754,0.0717,3.22,-4.69,0.28
3.3651,0.8086,0.5817,0.0732,3.57,-4.20,1.19
3.3656,0.8076,0.5812,0.0747,3.43,-4.90,0.56
3.3662,0.8106,0.5778,0.0747,2.87,-4.06,0.84
3.3667,0.8086,0.5802,0.0737,3.57,-4.41,1.12
3.3673,0.8047,0.5817,0.0742,2.66,-3.92,0.63
3.3679,0.8042,0.5793,0.0737,3.22,-4.34,1.33
3.3684,0.8042,0.5822,0.0722,2.80,-4.20,0.42
3.3690,0.8013,0.5836,0.0703,2.80,-4.55,1.33
3.3695,0.8018,0.5827,0.0747,3.08,-4.13,0.35
3.3701,0.8028,0.5793,0.0771,2.73,-4.69,1.33
3.3707,0.8013,0.5758,0.0727,2.52,-3.57,0.56
3.3712,0.8018,0.5749,0.0732,2.73,-4.27,1.19
3.3718,0.8003,0.5763,0.0747,2.59,-3.78,0.49
3.3723,0.7979,0.5788,0.0712,2.73,-3.85,0.91
3.3729,0.7940,0.5778,0.0688,2.52,-3.99,0.70
3.3734,0.7925,0.5739,0.0703,2.38,-3.71,0.98
3.3740,0.7954,0.5714,0.0752,2.80,-4.20,0.70
3.3746,0.7945,0.5700,0.0752,2.66,-3.50,0.77
3.3751,0.7940,0.5729,0.0717,2.24,-4.06,0.70
3.3752,0.7950,0.5744,0.0732,2.59,-3.43,0.84
3.3752,0.7901,0.5705,0.0737,2.17,-3.92,0.70
3.3753,0.7886,0.5724,0.0761,2.66,-3.50,0.42
3.3754,0.7925,0.5758,0.0742,2.03,-3.78,0.91
3.3754,0.7935,0.5739,0.0712,2.59,-3.36,0.42
3.3755,0.7935,0.5754,0.0732,1.68,-3.57,0.63
3.3756,0.7940,0.5778,0.0727,2.03,-3.01,0.49
3.3756,0.7935,0.5768,0.0708,2.03,-3.57,0.35
3.3757,0.7906,0.5758,0.0703,1.89,-2.94,0.56
3.3757,0.7915,0.5739,0.0717,1.82,-3.15,0.14
3.3758,0.7945,0.5758,0.0732,2.10,-2.73,0.49
3.3759,0.7935,0.5783,0.0742,2.10,-3.29,-0.21
3.3759,0.7915,0.5768,0.0722,1.33,-2.80,0.63
3.3760,0.7896,0.5763,0.0752,1.75,-2.87,0.14
3.3760,0.7906,0.5822,0.0737,1.54,-2.73,0.28
3.3761,0.7906,0.5836,0.0747,1.47,-3.15,-0.21
3.3762,0.7891,0.5822,0.0747,1.68,-2.73,0.56
3.3762,0.7920,0.5807,0.0712,1.68,-2.59,-0.07
3.3763,0.7950,0.5797,0.0742,1.47,-3.08,0.14
3.3763,0.7950,0.5822,0.0771,1.47,-2.45,0.14
3.3778,0.7940,0.5832,0.0703,1.82,-3.08,0.63
3.3792,0.7901,0.5827,0.0727,1.33,-2.80,-0.35
3.3806,0.7974,0.5802,0.0722,1.26,-2.31,0.07
3.3820,0.7979,0.5817,0.0732,1.19,-2.59,0.07
3.3834,0.7974,0.5812,0.0712,1.26,-2.24,0.21
3.3848,0.7984,0.5797,0.0703,1.26,-2.03,0.21
3.3862,0.8008,0.5827,0.0732,1.05,-2.38,0.14
3.3877,0.8013,0.5807,0.0756,1.33,-2.17,0.14
3.3891,0.7998,0.5797,0.0742,1.19,-2.17,0.21
3.3905,0.8003,0.5807,0.0712,1.05,-2.31,-0.14
3.3919,0.7998,0.5802,0.0708,1.33,-2.24,0.42
3.3933,0.7974,0.5793,0.0693,1.19,-2.10,-0.14
3.3947,0.8003,0.5754,0.0678,0.77,-2.10,0.42
3.3962,0.8018,0.5763,0.0693,1.19,-1.89,0.00
3.3976,0.8008,0.5802,0.0737,1.40,-2.10,0.49
3.3990,0.8042,0.5812,0.0727,0.84,-1.75,0.14
3.4004,0.8037,0.5812,0.0742,1.26,-2.10,0.28
3.4018,0.7989,0.5793,0.0761,0.98,-1.75,0.35
3.4032,0.8076,0.5832,0.0752,0.77,-1.89,0.07
3.4046,0.8042,0.5846,0.0708,0.91,-1.96,0.35
3.4048,0.8008,0.5880,0.0708,0.56,-1.75,0.28
3.4050,0.8037,0.5836,0.0727,1.40,-2.17,0.21
3.4052,0.8037,0.5802,0.0752,0.49,-1.89,0.56
3.4053,0.8032,0.5822,0.0747,1.40,-2.10,0.21
3.4055,0.8096,0.5822,0.0732,0.70,-1.96,0.56
3.4057,0.8081,0.5822,0.0756,1.05,-1.68,0.14
3.4058,0.8047,0.5827,0.0747,0.77,-2.17,0.35
3.4060,0.8047,0.5856,0.0727,1.05,-1.89,0.21
3.4062,0.8062,0.5885,0.0717,0.91,-2.03,0.42
3.4063,0.8096,0.5880,0.0703,0.91,-1.96,0.49
3.4065,0.8057,0.5866,0.0688,1.12,-2.17,0.00
3.4067,0.8067,0.5856,0.0722,0.84,-1.75,0.77
3.4068,0.8081,0.5841,0.0737,1.05,-1.96,0.07
3.4070,0.8057,0.5841,0.0708,0.63,-2.03,0.70
3.4072,0.8037,0.5871,0.0732,1.26,-2.03,0.28
3.4074,0.8003,0.5861,0.0717,0.91,-2.17,0.56
3.4075,0.8032,0.5827,0.0669,0.98,-2.17,0.28
3.4077,0.8052,0.5812,0.0698,0.98,-1.47,0.98
3.4079,0.8037,0.5793,0.0732,1.05,-2.17,0.00
3.4080,0.8042,0.5802,0.0698,1.26,-2.03,0.84
3.4086,0.8047,0.5797,0.0678,0.77,-2.24,0.42
3.4092,0.8052,0.5807,0.0708,1.26,-2.24,0.49
3.4098,0.8057,0.5797,0.0732,0.98,-2.03,0.49
3.4104,0.8076,0.5763,0.0732,1.12,-2.31,0.21
3.4110,0.8062,0.5734,0.0717,1.05,-1.96,0.84
3.4116,0.8057,0.5749,0.0693,0.98,-2.52,0.14
3.4122,0.8057,0.5807,0.0698,0.91,-1.96,0.70
3.4128,0.8057,0.5812,0.0712,0.77,-2.17,0.07
3.4134,0.8091,0.5788,0.0747,1.12,-2.31,0.84
3.4140,0.8101,0.5822,0.0752,1.19,-1.96,0.07
3.4146,0.8115,0.5856,0.0688,1.12,-2.59,0.84
3.4152,0.8106,0.5827,0.0678,1.05,-2.17,0.35
3.4158,0.8111,0.5832,0.0683,1.33,-2.80,0.56
3.4164,0.8101,0.5832,0.0717,0.91,-1.75,0.91
3.4170,0.8076,0.5807,0.0752,1.40,-2.87,0.28
3.4176,0.8101,0.5822,0.0703,1.05,-2.52,0.63
3.4182,0.8111,0.5866,0.0678,1.33,-2.87,0.28
3.4188,0.8125,0.5861,0.0693,0.77,-2.66,0.35
3.4194,0.8140,0.5822,0.0703,1.26,-2.80,0.35
3.4200,0.8135,0.5827,0.0732,0.98,-2.66,0.77
3.4206,0.8125,0.5832,0.0698,1.47,-3.01,0.42
3.4211,0.8135,0.5856,0.0678,1.05,-2.80,0.56
3.4217,0.8111,0.5866,0.0722,1.26,-2.80,0.42
3.4222,0.8115,0.5841,0.0722,1.33,-3.01,0.56
3.4228,0.8135,0.5841,0.0712,0.98,-3.08,0.63
3.4233,0.8125,0.5846,0.0727,1.47,-2.94,0.70
3.4239,0.8154,0.5841,0.0756,1.19,-3.15,0.21
3.4245,0.8140,0.5817,0.0756,1.89,-3.22,0.84
3.4250,0.8164,0.5797,0.0766,1.33,-3.15,0.49
3.4256,0.8154,0.5812,0.0742,1.75,-3.43,1.05
3.4261,0.8140,0.5832,0.0717,1.47,-3.43,0.70
3.4267,0.8150,0.5817,0.0732,1.40,-3.43,0.77
3.4272,0.8150,0.5793,0.0727,1.54,-3.36,0.98
3.4278,0.8154,0.5802,0.0717,1.47,-4.13,0.49
3.4283,0.8154,0.5827,0.0712,1.68,-3.08,0.91
3.4289,0.8194,0.5812,0.0752,1.47,-4.20,0.42
3.4294,0.8184,0.5783,0.0747,1.96,-3.57,1.19
3.4300,0.8140,0.5793,0.0712,1.54,-4.13,0.28
3.4306,0.8140,0.5822,0.0717,2.03,-3.71,1.33
3.4311,0.8194,0.5832,0.0703,1.61,-4.27,0.49
3.4318,0.8203,0.5851,0.0698,2.10,-3.78,1.19
3.4326,0.8184,0.5856,0.0703,1.47,-3.99,0.91
3.4333,0.8198,0.5836,0.0693,2.80,-4.06,1.26
3.4340,0.8218,0.5832,0.0708,1.40,-4.20,0.77
3.4347,0.8218,0.5856,0.0737,2.38,-4.06,1.19
3.4354,0.8189,0.5871,0.0722,1.82,-4.62,0.70
3.4362,0.8218,0.5836,0.0693,2.17,-4.20,0.98
3.4369,0.8247,0.5836,0.0698,1.82,-4.48,0.91
3.4376,0.8203,0.5851,0.0708,2.31,-4.97,1.05
3.4383,0.8169,0.5866,0.0698,2.03,-4.48,0.77
3.4391,0.8159,0.5890,0.0683,1.96,-5.04,0.91
3.4398,0.8150,0.5866,0.0688,2.10,-4.13,1.26
3.4405,0.8159,0.5827,0.0698,2.03,-5.46,0.28
3.4412,0.8145,0.5861,0.0669,1.89,-5.32,0.84
3.4419,0.8164,0.5832,0.0683,2.80,-4.90,1.05
3.4427,0.8179,0.5817,0.0698,1.96,-5.25,0.91
3.4434,0.8179,0.5841,0.0717,2.59,-4.62,1.33
3.4441,0.8203,0.5836,0.0693,2.17,-5.46,0.70
3.4448,0.8262,0.5812,0.0678,2.59,-4.90,1.47
3.4455,0.8237,0.5827,0.0693,2.45,-5.67,0.35
3.4460,0.8233,0.5846,0.0703,2.59,-5.11,1.61
3.4464,0.8237,0.5822,0.0717,2.31,-5.88,0.49
3.4469,0.8237,0.5836,0.0722,2.66,-5.18,1.54
3.4473,0.8252,0.5832,0.0747,2.52,-5.95,0.42
3.4478,0.8242,0.5807,0.0761,2.66,-5.46,1.54
3.4482,0.8272,0.5832,0.0766,2.45,-5.88,0.63
3.4487,0.8262,0.5827,0.0747,2.94,-5.81,1.26
3.4491,0.8267,0.5832,0.0698,2.38,-5.67,0.91
3.4495,0.8262,0.5836,0.0712,2.94,-6.37,0.98
3.4500,0.8267,0.5822,0.0722,2.38,-5.88,1.12
3.4504,0.8237,0.5841,0.0693,3.01,-6.44,0.98
3.4509,0.8262,0.5827,0.0717,2.80,-6.37,1.05
3.4513,0.8291,0.5885,0.0732,2.80,-6.23,0.84
3.4518,0.8262,0.5876,0.0688,3.15,-6.72,0.91
3.4522,0.8228,0.5822,0.0649,2.66,-6.30,0.98
3.4526,0.8223,0.5788,0.0683,2.38,-7.35,0.14
3.4531,0.8242,0.5783,0.0722,3.22,-6.30,1.05
3.4535,0.8237,0.5812,0.0727,2.24,-6.72,0.77
3.4540,0.8208,0.5822,0.0732,3.57,-6.23,0.98
3.4544,0.8198,0.5822,0.0717,2.59,-7.21,0.21
3.4550,0.8242,0.5797,0.0727,3.29,-6.30,1.26
3.4556,0.8223,0.5812,0.0722,2.66,-7.56,0.21
3.4562,0.8208,0.5822,0.0752,3.43,-6.30,1.26
3.4568,0.8218,0.5817,0.0761,2.45,-7.07,0.07
3.4574,0.8164,0.5817,0.0747,3.57,-6.37,1.05
3.4580,0.8111,0.5822,0.0737,2.45,-6.93,0.14
3.4586,0.8125,0.5876,0.0761,3.01,-6.65,1.26
3.4592,0.8150,0.5890,0.0771,3.08,-7.14,0.07
3.4598,0.8140,0.5836,0.0717,2.87,-6.72,0.98
3.4604,0.8111,0.5851,0.0693,2.94,-7.07,0.00
3.4610,0.8091,0.5856,0.0727,3.22,-7.07,0.91
3.4617,0.8091,0.5817,0.0727,3.15,-6.79,0.28
3.4623,0.8101,0.5817,0.0747,2.80,-7.14,0.42
3.4629,0.8081,0.5866,0.0756,3.22,-6.51,0.56
3.4635,0.8076,0.5885,0.0712,3.08,-7.00,0.14
3.4641,0.8111,0.5832,0.0703,3.15,-6.44,0.84
3.4647,0.8091,0.5817,0.0708,3.15,-7.35,0.00
3.4653,0.8057,0.5851,0.0717,2.94,-6.58,0.70
3.4659,0.8047,0.5861,0.0717,3.15,-7.14,0.00
3.4665,0.8086,0.5856,0.0693,3.22,-6.58,0.91
3.4670,0.8076,0.5846,0.0683,2.94,-6.93,0.14
3.4675,0.8052,0.5817,0.0737,3.22,-6.44,0.84
3.4680,0.8076,0.5802,0.0781,3.01,-6.86,-0.21
3.4685,0.8081,0.5822,0.0766,3.08,-6.44,0.70
3.4690,0.8047,0.5832,0.0761,3.01,-6.72,0.14
3.4695,0.8042,0.5827,0.0781,3.36,-6.79,0.70
3.4700,0.8081,0.5807,0.0781,3.01,-6.51,0.00
3.4705,0.8086,0.5802,0.0752,3.43,-6.65,0.77
3.4710,0.8057,0.5817,0.0737,3.01,-6.51,0.21
3.4715,0.8037,0.5817,0.0727,3.15,-7.21,-0.07
3.4720,0.8052,0.5817,0.0737,2.73,-6.16,0.77
3.4725,0.8081,0.5807,0.0752,2.94,-7.00,-0.07
3.4730,0.8052,0.5788,0.0761,3.43,-6.09,0.77
3.4735,0.8047,0.5768,0.0752,2.94,-6.72,-0.14
3.4741,0.8057,0.5763,0.0727,3.50,-5.95,0.84
3.4746,0.8042,0.5758,0.0752,2.80,-6.65,-0.28
3.4751,0.8013,0.5758,0.0776,3.36,-5.67,1.05
3.4756,0.8018,0.5793,0.0766,2.73,-6.51,-0.14
3.4761,0.8052,0.5812,0.0766,3.85,-6.09,0.56
3.4766,0.8032,0.5788,0.0761,2.73,-6.02,0.00
3.4780,0.7989,0.5778,0.0795,3.50,-5.88,0.98
3.4794,0.7979,0.5763,0.0786,2.94,-5.88,-0.21
3.4808,0.7969,0.5758,0.0761,3.29,-6.09,0.56
3.4822,0.7979,0.5793,0.0752,3.01,-5.60,0.28
3.4836,0.8032,0.5788,0.0747,2.94,-5.60,0.42
3.4850,0.8037,0.5768,0.0776,3.15,-5.67,0.14
3.4864,0.8062,0.5788,0.0786,2.94,-6.02,0.49
3.4878,0.8072,0.5783,0.0752,3.29,-5.53,0.28
3.4892,0.8047,0.5744,0.0752,2.94,-5.74,0.07
3.4907,0.8037,0.5714,0.0756,3.22,-5.25,0.70
3.4921,0.8062,0.5744,0.0771,2.38,-5.60,0.00
3.4935,0.8086,0.5773,0.0737,3.64,-4.97,0.84
3.4949,0.8091,0.5793,0.0737,2.10,-5.32,-0.49
3.4963,0.8067,0.5827,0.0766,3.29,-5.11,1.33
3.4977,0.8052,0.5807,0.0737,2.31,-5.39,-0.70
3.4991,0.8072,0.5758,0.0766,3.01,-4.69,1.47
3.5005,0.8072,0.5734,0.0795,2.52,-5.11,-0.63
3.5019,0.8081,0.5768,0.0771,2.87,-5.11,1.40
3.5033,0.8072,0.5763,0.0756,2.66,-4.83,-0.63
3.5047,0.8057,0.5729,0.0742,2.66,-4.90,1.12
3.5048,0.8081,0.5734,0.0752,2.45,-4.55,-0.49
3.5048,0.8067,0.5739,0.0781,2.94,-4.76,1.12
3.5049,0.8057,0.5734,0.0771,2.59,-4.48,0.00
3.5049,0.8072,0.5734,0.0742,2.66,-4.90,0.35
3.5050,0.8042,0.5744,0.0742,2.73,-4.48,0.35
3.5050,0.8042,0.5783,0.0742,2.52,-4.34,0.35
3.5051,0.8032,0.5793,0.0752,2.59,-4.83,0.35
3.5051,0.8057,0.5744,0.0791,2.87,-4.13,0.42
3.5052,0.8101,0.5744,0.0786,2.52,-4.41,0.63
3.5052,0.8086,0.5749,0.0747,2.38,-3.57,0.00
3.5053,0.8052,0.5739,0.0717,2.52,-4.41,0.98
3.5053,0.8062,0.5739,0.0737,2.45,-3.64,0.07
3.5054,0.8130,0.5744,0.0737,2.52,-4.13,0.77
3.5054,0.8111,0.5714,0.0688,2.80,-3.99,0.14
3.5055,0.8062,0.5690,0.0693,2.38,-4.20,0.84
3.5055,0.8086,0.5719,0.0698,2.38,-3.64,0.14
3.5056,0.8096,0.5744,0.0673,2.38,-4.34,0.84
3.5056,0.8115,0.5758,0.0669,2.24,-3.57,0.14
3.5057,0.8164,0.5763,0.0708,2.38,-3.71,1.19
3.5057,0.8169,0.5710,0.0717,2.10,-3.78,0.07
3.5066,0.8164,0.5680,0.0712,2.31,-3.78,0.84
3.5075,0.8179,0.5710,0.0698,2.45,-3.57,0.14
3.5084,0.8179,0.5729,0.0717,2.31,-3.43,0.63
3.5093,0.8159,0.5729,0.0742,2.03,-3.57,-0.07
3.5102,0.8150,0.5729,0.0737,2.52,-3.29,0.84
3.5110,0.8169,0.5729,0.0752,2.03,-3.99,-0.07
3.5119,0.8194,0.5739,0.0732,2.52,-3.36,0.49
3.5128,0.8194,0.5744,0.0815,1.89,-4.13,0.14
3.5137,0.8198,0.5700,0.0815,2.31,-2.59,0.70
3.5146,0.8213,0.5700,0.0781,2.31,-4.27,-0.07
3.5155,0.8184,0.5724,0.0747,2.38,-2.94,0.00
3.5163,0.8169,0.5714,0.0742,1.82,-3.71,0.70
3.5172,0.8164,0.5695,0.0771,2.52,-3.08,-0.14
3.5181,0.8164,0.5724,0.0761,2.03,-3.85,0.63
3.5190,0.8135,0.5749,0.0732,2.31,-3.36,0.07
3.5199,0.8150,0.5734,0.0752,1.89,-3.99,0.56
3.5208,0.8218,0.5749,0.0766,2.38,-3.29,-0.35
3.5216,0.8203,0.5778,0.0737,1.61,-3.50,0.56
3.5225,0.8189,0.5783,0.0732,2.31,-3.36,-0.07
3.5234,0.8213,0.5763,0.0786,2.03,-3.43,0.21
3.5235,0.8198,0.5744,0.0752,2.03,-3.43,-0.14
3.5235,0.8154,0.5729,0.0717,2.10,-3.50,0.14
3.5236,0.8189,0.5754,0.0737,2.10,-3.36,0.14
3.5236,0.8213,0.5758,0.0732,2.38,-2.66,0.28
3.5236,0.8203,0.5758,0.0747,1.89,-3.57,-0.07
3.5237,0.8189,0.5788,0.0742,2.31,-2.80,0.00
3.5237,0.8179,0.5817,0.0752,1.96,-4.06,-0.28
3.5238,0.8189,0.5836,0.0761,2.45,-2.87,0.00
3.5238,0.8198,0.5836,0.0791,1.75,-3.78,-0.14
3.5239,0.8194,0.5817,0.0800,2.59,-3.36,0.00
3.5239,0.8198,0.5812,0.0717,1.82,-3.36,0.21
3.5240,0.8203,0.5846,0.0688,2.38,-3.43,-0.21
3.5240,0.8159,0.5827,0.0708,2.31,-3.08,0.28
3.5240,0.8159,0.5812,0.0712,2.31,-3.36,0.00
3.5241,0.8184,0.5817,0.0752,2.38,-3.36,0.63
3.5241,0.8194,0.5851,0.0752,2.38,-3.64,-0.14
3.5242,0.8203,0.5866,0.0761,2.52,-3.15,0.49
3.5242,0.8203,0.5807,0.0747,2.17,-3.36,0.28
3.5243,0.8194,0.5812,0.0742,2.80,-3.29,0.14
3.5243,0.8198,0.5890,0.0766,2.24,-3.50,0.63
3.5247,0.8218,0.5939,0.0752,2.66,-2.94,0.21
3.5252,0.8233,0.5900,0.0722,2.59,-3.99,0.07
3.5256,0.8228,0.5890,0.0742,2.73,-3.50,0.56
3.5260,0.8198,0.5890,0.0771,2.52,-3.08,0.35
3.5265,0.8194,0.5861,0.0766,3.15,-3.50,0.77
3.5269,0.8213,0.5861,0.0776,2.94,-3.08,0.35
3.5273,0.8198,0.5866,0.0781,3.22,-3.43,0.77
3.5278,0.8198,0.5871,0.0698,2.66,-3.64,0.28
3.5282,0.8194,0.5871,0.0708,2.80,-3.29,0.77
3.5286,0.8184,0.5866,0.0742,2.80,-3.85,0.07
3.5291,0.8154,0.5851,0.0737,3.36,-3.64,0.77
3.5295,0.8154,0.5836,0.0732,3.08,-3.22,0.42
3.5299,0.8189,0.5822,0.0771,3.08,-3.71,0.77
3.5304,0.8189,0.5836,0.0786,3.15,-3.36,0.21
3.5308,0.8194,0.5876,0.0761,3.57,-3.57,0.49
3.5312,0.8184,0.5851,0.0771,3.01,-3.22,0.07
3.5317,0.8189,0.5822,0.0786,3.57,-3.99,0.42
3.5321,0.8247,0.5846,0.0771,3.15,-3.57,0.14
3.5325,0.8218,0.5876,0.0752,3.57,-3.85,0.56
3.5330,0.8194,0.5890,0.0771,3.08,-3.36,0.14
3.5335,0.8198,0.5905,0.0771,3.43,-3.85,0.28
3.5340,0.8213,0.5900,0.0766,3.36,-3.57,-0.21
3.5346,0.8179,0.5924,0.0761,3.71,-3.71,0.56
3.5351,0.8130,0.5890,0.0771,3.50,-3.43,0.14
3.5356,0.8145,0.5851,0.0795,3.99,-3.71,0.35
3.5362,0.8164,0.5885,0.0781,3.43,-3.71,0.00
3.5367,0.8169,0.5895,0.0791,3.99,-3.85,0.00
3.5372,0.8189,0.5895,0.0810,3.57,-3.50,0.28
3.5378,0.8189,0.5895,0.0786,4.13,-4.06,-0.35
3.5383,0.8174,0.5890,0.0771,3.85,-3.85,-0.21
3.5389,0.8194,0.5890,0.0752,3.99,-3.78,-0.21
3.5394,0.8174,0.5885,0.0717,3.71,-3.43,-0.14
3.5399,0.8130,0.5871,0.0756,3.99,-4.13,-0.70
3.5405,0.8154,0.5866,0.0805,4.34,-3.50,-0.07
3.5410,0.8169,0.5846,0.0810,3.85,-4.13,-0.77
3.5415,0.8135,0.5856,0.0791,4.27,-3.57,-0.28
3.5421,0.8140,0.5895,0.0791,3.78,-4.20,-0.70
3.5426,0.8174,0.5895,0.0781,4.55,-4.06,-0.42
3.5432,0.8169,0.5880,0.0766,3.57,-3.71,-0.77
3.5437,0.8164,0.5841,0.0810,4.41,-4.06,-0.42
3.5449,0.8145,0.5876,0.0849,3.71,-3.99,-1.47
3.5460,0.8125,0.5890,0.0712,4.62,-4.27,-0.49
3.5472,0.8135,0.5841,0.0712,3.78,-3.99,-1.40
3.5484,0.8145,0.5841,0.0722,4.34,-4.41,-0.63
3.5495,0.8130,0.5851,0.0732,4.20,-3.64,-1.47
3.5507,0.8086,0.5861,0.0703,4.48,-4.34,-0.63
3.5519,0.8076,0.5851,0.0766,3.92,-3.85,-1.40
3.5530,0.8081,0.5832,0.0810,4.62,-4.48,-0.84
3.5542,0.8096,0.5836,0.0786,4.13,-3.43,-1.05
3.5554,0.8106,0.5885,0.0791,4.76,-4.62,-1.26
3.5565,0.8111,0.5895,0.0771,4.34,-3.78,-1.40
3.5577,0.8120,0.5934,0.0712,4.34,-4.55,-1.33
3.5589,0.8106,0.5949,0.0703,4.41,-3.64,-0.98
3.5600,0.8081,0.5876,0.0756,4.34,-4.83,-1.68
3.5612,0.8086,0.5846,0.0732,4.48,-3.64,-0.98
3.5624,0.8091,0.5871,0.0742,4.06,-4.06,-1.89
3.5635,0.8111,0.5880,0.0766,4.69,-4.06,-0.63
3.5647,0.8111,0.5866,0.0727,4.13,-4.48,-2.38
3.5659,0.8125,0.5871,0.0761,4.69,-3.85,-0.63
3.5670,0.8140,0.5895,0.0771,4.41,-4.41,-2.45
3.5676,0.8125,0.5885,0.0722,4.76,-4.20,-0.91
3.5681,0.8130,0.5866,0.0722,4.41,-4.27,-2.38
3.5687,0.8115,0.5871,0.0752,4.41,-4.76,-0.98
3.5692,0.8106,0.5851,0.0786,4.13,-4.20,-2.87
3.5698,0.8111,0.5861,0.0786,4.76,-4.13,-0.84
3.5703,0.8096,0.5876,0.0771,4.41,-4.55,-2.80
3.5708,0.8115,0.5871,0.0810,4.76,-3.99,-0.77
3.5714,0.8145,0.5836,0.0820,4.41,-4.20,-2.52
3.5719,0.8111,0.5822,0.0795,4.62,-4.76,-1.40
3.5725,0.8111,0.5851,0.0776,4.55,-3.71,-1.82
3.5730,0.8150,0.5841,0.0752,4.69,-4.62,-1.96
3.5736,0.8120,0.5836,0.0747,4.69,-3.99,-1.68
3.5741,0.8096,0.5846,0.0776,4.41,-4.69,-2.31
3.5746,0.8125,0.5817,0.0766,4.76,-3.64,-1.26
3.5752,0.8164,0.5822,0.0752,4.41,-4.55,-2.31
3.5757,0.8140,0.5836,0.0776,4.76,-3.85,-1.12
3.5763,0.8125,0.5802,0.0791,4.48,-4.69,-2.80
3.5768,0.8120,0.5778,0.0791,4.76,-3.92,-0.91
3.5774,0.8125,0.5758,0.0756,4.48,-4.48,-3.22
3.5779,0.8130,0.5778,0.0742,5.11,-3.99,-0.84
3.5792,0.8130,0.5836,0.0742,4.34,-4.27,-1.05
3.5805,0.8091,0.5832,0.0776,4.55,-4.41,-2.24
3.5818,0.8081,0.5817,0.0791,4.69,-4.27,-1.61
3.5831,0.8106,0.5812,0.0752,4.13,-4.13,-1.75
3.5844,0.8101,0.5827,0.0747,4.83,-4.76,-2.10
3.5857,0.8067,0.5846,0.0771,4.34,-3.99,-1.61
3.5870,0.8091,0.5841,0.0795,4.62,-4.62,-2.03
3.5883,0.8076,0.5861,0.0810,4.34,-3.99,-1.47
3.5897,0.8086,0.5841,0.0766,5.04,-4.69,-2.24
3.5910,0.8106,0.5807,0.0742,4.27,-4.06,-1.47
3.5923,0.8072,0.5836,0.0776,4.90,-4.69,-2.31
3.5936,0.8057,0.5841,0.0766,4.48,-4.13,-1.40
3.5949,0.8067,0.5827,0.0717,4.90,-4.55,-2.17
3.5962,0.8081,0.5836,0.0698,4.62,-4.34,-1.47
3.5975,0.8111,0.5827,0.0708,4.41,-4.20,-2.24
3.5988,0.8076,0.5797,0.0722,4.90,-4.48,-1.40
3.6001,0.8037,0.5802,0.0766,4.55,-4.13,-1.96
3.6014,0.8062,0.5788,0.0786,4.69,-4.41,-1.47
3.6027,0.8106,0.5749,0.0791,4.20,-4.27,-1.89
3.6040,0.8115,0.5754,0.0800,4.97,-4.34,-1.26
3.6041,0.8130,0.5768,0.0732,4.13,-4.41,-2.17
3.6041,0.8091,0.5788,0.0737,4.13,-4.34,-1.54
3.6041,0.8091,0.5778,0.0747,4.97,-4.34,-2.10
3.6042,0.8125,0.5758,0.0727,4.34,-4.06,-1.26
3.6042,0.8125,0.5758,0.0727,4.55,-4.48,-1.96
3.6043,0.8125,0.5749,0.0756,4.76,-3.99,-1.05
3.6043,0.8145,0.5763,0.0747,4.34,-4.55,-2.03
3.6044,0.8159,0.5763,0.0747,4.90,-4.20,-1.05
3.6044,0.8135,0.5739,0.0752,3.92,-4.48,-1.82
3.6044,0.8125,0.5758,0.0732,4.90,-3.92,-1.05
3.6045,0.8130,0.5773,0.0688,4.13,-4.69,-2.03
3.6045,0.8111,0.5773,0.0664,4.90,-3.92,-0.84
3.6046,0.8111,0.5749,0.0683,4.06,-4.55,-1.89
3.6046,0.8125,0.5710,0.0712,4.83,-4.06,-1.19
3.6047,0.8145,0.5739,0.0742,3.64,-3.92,-1.75
3.6047,0.8159,0.5763,0.0756,5.11,-4.34,-1.40
3.6047,0.8120,0.5758,0.0786,3.99,-3.99,-1.61
3.6048,0.8115,0.5778,0.0742,4.48,-4.13,-1.19
3.6048,0.8145,0.5783,0.0673,4.55,-4.34,-1.75
3.6049,0.8145,0.5773,0.0712,4.83,-3.50,-0.84
3.6052,0.8125,0.5758,0.0752,4.27,-4.83,-2.03
3.6055,0.8096,0.5778,0.0727,4.69,-3.78,-0.84
3.6058,0.8120,0.5812,0.0712,4.34,-4.55,-1.96
3.6062,0.8130,0.5817,0.0722,4.48,-4.06,-1.33
3.6065,0.8076,0.5827,0.0742,4.20,-4.20,-1.75
3.6068,0.8086,0.5822,0.0771,4.69,-3.57,-1.05
3.6071,0.8111,0.5812,0.0766,3.99,-4.34,-2.10
3.6075,0.8106,0.5822,0.0761,4.62,-4.20,-0.91
3.6078,0.8076,0.5797,0.0776,4.13,-4.13,-1.89
3.6081,0.8111,0.5768,0.0800,4.48,-4.13,-0.98
3.6084,0.8164,0.5763,0.0776,4.48,-4.06,-1.89
3.6088,0.8159,0.5778,0.0732,4.55,-4.06,-0.77
3.6091,0.8120,0.5817,0.0712,4.62,-4.06,-1.61
3.6094,0.8135,0.5793,0.0708,4.55,-4.41,-1.12
3.6097,0.8159,0.5758,0.0737,4.55,-3.85,-1.40
3.6101,0.8198,0.5744,0.0732,4.62,-4.76,-1.54
3.6104,0.8174,0.5734,0.0737,4.55,-4.83,-1.61
3.6107,0.8145,0.5734,0.0737,4.13,-3.85,-0.77
3.6110,0.8164,0.5724,0.0717,4.55,-4.48,-2.10
3.6114,0.8174,0.5719,0.0693,4.20,-3.57,-0.42
3.6119,0.8179,0.5714,0.0688,3.92,-4.34,-2.03
3.6125,0.8164,0.5705,0.0747,4.55,-3.78,-0.49
3.6131,0.8179,0.5705,0.0756,4.34,-4.62,-1.75
3.6137,0.8169,0.5714,0.0771,4.69,-3.92,-0.49
3.6143,0.8150,0.5724,0.0761,3.85,-4.20,-1.61
3.6149,0.8184,0.5710,0.0727,4.76,-4.41,-0.56
3.6155,0.8203,0.5719,0.0781,3.78,-4.06,-1.40
3.6161,0.8194,0.5719,0.0771,4.83,-4.27,-0.56
3.6167,0.8208,0.5690,0.0727,3.85,-4.06,-1.47
3.6172,0.8223,0.5695,0.0717,4.62,-4.34,-0.56
3.6178,0.8247,0.5710,0.0708,3.78,-4.13,-1.12
3.6184,0.8233,0.5710,0.0732,4.55,-4.13,-0.35
3.6190,0.8213,0.5724,0.0786,4.20,-4.06,-0.98
3.6196,0.8223,0.5719,0.0771,4.27,-3.92,-0.49
3.6202,0.8208,0.5729,0.0732,4.34,-4.34,-1.12
3.6208,0.8223,0.5734,0.0732,4.27,-4.13,-0.35
3.6214,0.8223,0.5705,0.0742,4.34,-4.13,-0.91
3.6220,0.8218,0.5710,0.0742,4.13,-4.41,-0.56
3.6225,0.8233,0.5680,0.0722,4.55,-4.34,-0.84
3.6231,0.8213,0.5666,0.0722,3.92,-4.34,-0.49
3.6237,0.8198,0.5685,0.0693,4.62,-4.20,-0.42
3.6242,0.8208,0.5695,0.0683,3.78,-4.48,-0.63
3.6247,0.8228,0.5710,0.0708,4.41,-4.41,-0.14
3.6252,0.8257,0.5710,0.0708,4.06,-4.20,-0.91
3.6258,0.8242,0.5705,0.0708,4.48,-4.20,0.14
3.6263,0.8198,0.5719,0.0693,3.92,-4.55,-0.91
3.6268,0.8218,0.5714,0.0683,4.41,-3.92,0.63
3.6273,0.8237,0.5710,0.0698,4.13,-4.55,-0.77
3.6279,0.8223,0.5705,0.0708,4.27,-4.20,0.49
3.6284,0.8223,0.5695,0.0727,4.06,-4.41,-0.98
3.6289,0.8194,0.5675,0.0712,4.27,-4.20,0.63
3.6295,0.8174,0.5666,0.0659,3.99,-4.27,-0.98
3.6300,0.8203,0.5680,0.0703,4.20,-4.06,0.91
3.6305,0.8198,0.5680,0.0703,4.34,-4.62,-0.35
3.6310,0.8194,0.5666,0.0688,4.41,-4.06,0.77
3.6316,0.8184,0.5671,0.0659,4.06,-4.34,-0.42
3.6321,0.8189,0.5685,0.0708,4.48,-4.06,0.63
3.6326,0.8218,0.5710,0.0683,4.27,-4.55,-0.21
3.6331,0.8208,0.5729,0.0664,4.20,-4.27,0.42
3.6337,0.8194,0.5705,0.0644,4.13,-4.13,0.42
3.6342,0.8169,0.5685,0.0615,4.27,-4.34,0.28
3.6348,0.8194,0.5695,0.0673,4.20,-4.69,0.56
3.6354,0.8218,0.5680,0.0688,3.99,-4.41,0.14
3.6359,0.8198,0.5695,0.0673,4.27,-4.13,0.70
3.6365,0.8179,0.5734,0.0683,4.20,-4.62,-0.07
3.6371,0.8179,0.5719,0.0678,4.34,-3.99,1.12
3.6376,0.8189,0.5690,0.0649,3.92,-4.55,0.14
3.6382,0.8198,0.5700,0.0693,4.69,-4.41,1.12
3.6388,0.8184,0.5739,0.0712,4.13,-4.48,0.00
3.6393,0.8159,0.5724,0.0683,4.69,-4.20,1.54
3.6399,0.8179,0.5700,0.0722,4.13,-4.34,0.07
3.6405,0.8203,0.5744,0.0737,4.69,-4.41,1.54
3.6410,0.8208,0.5768,0.0722,4.06,-4.13,0.21
3.6416,0.8194,0.5778,0.0683,4.48,-4.62,1.26
3.6421,0.8164,0.5778,0.0669,3.78,-4.41,0.35
3.6427,0.8169,0.5768,0.0693,5.04,-4.20,1.54
3.6433,0.8169,0.5773,0.0712,4.20,-4.48,0.49
3.6438,0.8154,0.5744,0.0717,4.97,-4.20,1.40
3.6444,0.8150,0.5724,0.0717,4.55,-4.55,0.70
3.6450,0.8135,0.5773,0.0698,4.83,-4.41,1.12
3.6456,0.8140,0.5807,0.0712,4.41,-4.48,0.91
3.6461,0.8140,0.5778,0.0712,4.69,-4.41,0.98
3.6467,0.8145,0.5802,0.0659,4.55,-4.20,1.12
3.6473,0.8150,0.5802,0.0683,4.55,-4.48,0.49
3.6479,0.8159,0.5749,0.0688,5.04,-4.55,0.98
3.6484,0.8189,0.5744,0.0698,4.34,-4.34,0.63
3.6490,0.8203,0.5768,0.0732,4.83,-4.34,1.33
3.6496,0.8194,0.5768,0.0693,4.62,-4.69,0.21
3.6502,0.8159,0.5754,0.0664,4.83,-4.48,1.12
3.6507,0.8150,0.5778,0.0703,4.69,-4.62,0.00
3.6513,0.8140,0.5797,0.0654,4.83,-4.41,1.26
3.6519,0.8140,0.5812,0.0708,4.90,-4.62,0.84
3.6525,0.8184,0.5817,0.0708,4.62,-4.34,0.35
3.6530,0.8164,0.5812,0.0659,4.97,-4.55,0.70
3.6536,0.8125,0.5822,0.0644,4.62,-4.34,0.21
3.6542,0.8125,0.5836,0.0630,5.25,-4.27,0.28
3.6548,0.8125,0.5846,0.0659,4.76,-4.34,-0.14
3.6553,0.8135,0.5871,0.0678,5.32,-4.62,0.28
3.6559,0.8125,0.5890,0.0654,4.69,-4.48,-0.21
3.6565,0.8115,0.5895,0.0669,5.25,-4.55,-0.07
3.6570,0.8106,0.5890,0.0678,4.97,-4.34,-0.07
3.6576,0.8111,0.5885,0.0659,5.11,-4.62,-0.63
3.6581,0.8130,0.5866,0.0688,5.18,-4.48,0.07
3.6586,0.8120,0.5861,0.0698,4.90,-4.27,-0.84
3.6592,0.8106,0.5866,0.0708,5.32,-4.83,-0.35
3.6597,0.8106,0.5885,0.0727,5.04,-4.48,-0.91
3.6603,0.8096,0.5880,0.0703,5.39,-4.41,-0.35
3.6608,0.8047,0.5861,0.0673,5.25,-4.41,-1.12
3.6614,0.8018,0.5880,0.0678,5.67,-4.76,-0.77
3.6619,0.8018,0.5890,0.0678,5.25,-4.27,-0.84
3.6624,0.8062,0.5915,0.0678,5.39,-4.90,-1.26
3.6630,0.8052,0.5919,0.0678,4.97,-3.99,-1.05
3.6635,0.8023,0.5905,0.0698,5.46,-5.18,-1.68
3.6641,0.8057,0.5900,0.0722,5.32,-4.27,-1.33
3.6646,0.8081,0.5895,0.0688,5.39,-4.97,-1.68
3.6651,0.8067,0.5885,0.0649,5.60,-4.20,-1.68
3.6657,0.8037,0.5880,0.0698,5.39,-4.83,-1.96
3.6662,0.8028,0.5856,0.0683,5.95,-4.20,-1.75
3.6668,0.8042,0.5832,0.0708,5.11,-4.48,-2.17
3.6673,0.8042,0.5856,0.0717,6.02,-4.48,-1.47
3.6679,0.8052,0.5871,0.0659,5.25,-4.62,-2.73
3.6685,0.8047,0.5871,0.0688,6.16,-4.69,-2.03
3.6691,0.8032,0.5851,0.0683,5.39,-4.62,-3.15
3.6697,0.8062,0.5817,0.0659,5.88,-4.20,-2.17
3.6703,0.8047,0.5797,0.0678,5.25,-4.62,-3.01
3.6709,0.8023,0.5778,0.0698,5.60,-4.48,-2.31
3.6715,0.8028,0.5807,0.0722,5.53,-4.20,-2.94
3.6721,0.8042,0.5797,0.0727,5.74,-4.41,-2.52
3.6727,0.8076,0.5778,0.0742,5.67,-4.55,-3.22
3.6733,0.8081,0.5812,0.0712,5.60,-4.27,-2.52
3.6739,0.8091,0.5783,0.0693,5.88,-4.20,-3.01
3.6745,0.8120,0.5758,0.0717,5.88,-3.85,-2.59
3.6751,0.8101,0.5734,0.0698,5.60,-4.20,-3.08
3.6757,0.8096,0.5758,0.0669,5.95,-4.48,-3.08
3.6763,0.8106,0.5744,0.0664,5.53,-4.41,-3.22
3.6769,0.8081,0.5714,0.0698,5.74,-4.48,-3.15
3.6775,0.8106,0.5744,0.0712,5.53,-4.48,-3.64
3.6781,0.8115,0.5768,0.0717,6.09,-4.34,-2.59
3.6787,0.8096,0.5763,0.0717,5.46,-4.55,-3.57
3.6793,0.8096,0.5744,0.0688,5.88,-4.27,-2.66
3.6808,0.8096,0.5734,0.0678,5.53,-4.34,-3.15
3.6823,0.8106,0.5700,0.0688,6.16,-4.55,-3.15
3.6839,0.8091,0.5710,0.0693,5.53,-4.83,-3.01
3.6854,0.8086,0.5758,0.0683,5.95,-4.20,-3.01
3.6869,0.8120,0.5744,0.0664,5.67,-4.62,-2.80
3.6885,0.8086,0.5710,0.0688,6.09,-4.48,-3.15
3.6900,0.8076,0.5724,0.0708,5.81,-4.20,-2.31
3.6915,0.8130,0.5714,0.0703,5.67,-4.20,-3.15
3.6931,0.8062,0.5749,0.0654,5.74,-4.13,-2.94
3.6946,0.8115,0.5690,0.0639,5.74,-3.78,-2.31
3.6961,0.8086,0.5724,0.0669,5.95,-4.69,-2.94
3.6977,0.8072,0.5744,0.0712,5.74,-3.71,-2.10
3.6992,0.8057,0.5758,0.0732,5.81,-5.04,-3.22
3.7007,0.8047,0.5714,0.0698,5.81,-4.06,-1.82
3.7023,0.8081,0.5710,0.0669,5.67,-4.62,-2.94
3.7038,0.8106,0.5758,0.0708,6.02,-4.20,-2.10
3.7053,0.8130,0.5729,0.0732,5.53,-4.27,-2.59
3.7069,0.8081,0.5671,0.0678,6.09,-4.27,-2.10
3.7084,0.8013,0.5671,0.0669,5.32,-4.48,-2.38
3.7099,0.8018,0.5690,0.0678,5.74,-4.06,-1.89
3.7100,0.8057,0.5700,0.0673,5.88,-4.48,-2.52
3.7101,0.8067,0.5695,0.0639,5.88,-4.48,-1.89
3.7101,0.8052,0.5695,0.0634,5.95,-3.99,-1.89
3.7102,0.8052,0.5695,0.0673,5.88,-4.27,-1.96
3.7102,0.8086,0.5636,0.0683,5.81,-4.20,-2.10
3.7103,0.8111,0.5597,0.0620,5.95,-5.11,-2.45
3.7104,0.8072,0.5666,0.0610,5.88,-4.13,-2.03
3.7104,0.8081,0.5646,0.0639,5.88,-4.20,-1.33
3.7105,0.8086,0.5661,0.0664,5.25,-4.06,-1.89
3.7105,0.8106,0.5656,0.0698,5.74,-4.06,-1.54
3.7106,0.8125,0.5597,0.0717,5.39,-4.62,-1.96
3.7107,0.8101,0.5602,0.0683,5.74,-4.34,-1.40
3.7107,0.8067,0.5602,0.0673,5.46,-4.55,-2.03
3.7108,0.8115,0.5583,0.0669,5.67,-3.99,-1.33
3.7109,0.8150,0.5597,0.0639,5.39,-4.41,-2.24
3.7109,0.8135,0.5612,0.0625,5.60,-4.48,-1.12
3.7110,0.8150,0.5612,0.0669,5.53,-3.99,-1.96
3.7110,0.8159,0.5602,0.0737,5.74,-4.76,-1.47
3.7111,0.8120,0.5597,0.0727,5.25,-3.99,-1.82
3.7112,0.8120,0.5602,0.0698,5.67,-4.90,-2.03
3.7118,0.8154,0.5592,0.0703,5.32,-3.99,-1.26
3.7124,0.8125,0.5578,0.0693,5.25,-4.41,-1.68
3.7131,0.8125,0.5592,0.0654,5.18,-4.41,-1.47
3.7137,0.8125,0.5583,0.0649,5.60,-4.62,-1.82
3.7144,0.8111,0.5597,0.0649,4.62,-4.69,-1.47
3.7150,0.8076,0.5612,0.0664,5.39,-4.62,-1.68
3.7156,0.8101,0.5597,0.0664,4.55,-5.25,-1.75
3.7163,0.8130,0.5588,0.0634,4.97,-4.83,-1.61
3.7169,0.8111,0.5568,0.0673,5.04,-4.76,-1.40
3.7176,0.8091,0.5573,0.0712,4.48,-4.34,-1.68
3.7182,0.8067,0.5563,0.0693,5.25,-4.90,-1.54
3.7188,0.8072,0.5539,0.0693,4.62,-4.20,-1.61
3.7195,0.8096,0.5558,0.0727,4.76,-5.04,-1.54
3.7201,0.8081,0.5529,0.0747,4.90,-4.62,-1.82
3.7207,0.8076,0.5500,0.0737,4.83,-4.69,-1.33
3.7214,0.8096,0.5553,0.0708,4.69,-4.48,-1.68
3.7220,0.8096,0.5592,0.0708,4.62,-4.97,-1.75
3.7227,0.8081,0.5597,0.0693,4.62,-4.48,-1.40
3.7233,0.8081,0.5592,0.0693,4.62,-4.76,-1.96
3.7239,0.8101,0.5597,0.0722,4.69,-4.83,-1.40
3.7240,0.8115,0.5578,0.0703,4.62,-4.69,-1.61
3.7240,0.8106,0.5563,0.0722,4.76,-4.90,-1.54
3.7241,0.8076,0.5558,0.0722,4.34,-4.76,-1.54
3.7241,0.8091,0.5588,0.0673,4.69,-4.69,-1.54
3.7241,0.8101,0.5612,0.0664,4.48,-4.55,-1.61
3.7242,0.8072,0.5622,0.0703,4.34,-4.83,-1.61
3.7242,0.8096,0.5622,0.0693,4.41,-4.62,-1.47
3.7243,0.8096,0.5622,0.0664,4.20,-4.90,-1.68
3.7243,0.8106,0.5617,0.0703,4.41,-4.76,-1.26
3.7244,0.8135,0.5588,0.0693,4.27,-4.97,-1.54
3.7244,0.8120,0.5583,0.0669,4.41,-4.76,-1.26
3.7244,0.8120,0.5588,0.0703,4.34,-4.97,-1.12
3.7245,0.8130,0.5602,0.0693,3.99,-4.48,-1.19
3.7245,0.8154,0.5607,0.0659,4.06,-5.04,-1.12
3.7246,0.8130,0.5592,0.0678,4.06,-4.62,-1.33
3.7246,0.8091,0.5588,0.0664,4.41,-4.97,-1.05
3.7246,0.8096,0.5583,0.0634,3.99,-4.69,-1.05
3.7247,0.8115,0.5588,0.0664,4.27,-4.90,-1.12
3.7247,0.8115,0.5573,0.0712,3.92,-4.55,-0.84
3.7248,0.8111,0.5592,0.0688,4.41,-4.97,-1.12
3.7259,0.8115,0.5627,0.0649,4.13,-4.90,-0.63
3.7270,0.8091,0.5617,0.0678,3.99,-5.25,-1.47
3.7281,0.8106,0.5612,0.0683,3.99,-4.69,-0.35
3.7293,0.8076,0.5617,0.0712,3.85,-4.83,-1.19
3.7304,0.8037,0.5617,0.0673,3.99,-4.76,-0.35
3.7315,0.8062,0.5588,0.0698,4.20,-4.90,-0.42
3.7327,0.8067,0.5592,0.0722,3.92,-5.04,-0.91
3.7338,0.8101,0.5612,0.0698,4.13,-4.83,-0.07
3.7349,0.8106,0.5578,0.0688,3.71,-4.90,-0.98
3.7361,0.8120,0.5553,0.0727,4.34,-5.32,-0.21
3.7372,0.8120,0.5573,0.0717,3.85,-4.97,-0.42
3.7383,0.8111,0.5607,0.0669,4.06,-5.39,-0.49
3.7395,0.8101,0.5592,0.0673,4.06,-4.76,-0.21
3.7406,0.8067,0.5544,0.0712,3.57,-5.18,-0.21
3.7417,0.8062,0.5558,0.0708,4.41,-4.97,-0.07
3.7428,0.8086,0.5602,0.0673,3.64,-5.25,-0.35
3.7440,0.8091,0.5622,0.0673,4.27,-4.97,0.28
3.7451,0.8140,0.5607,0.0664,3.71,-5.32,-0.63
3.7462,0.8154,0.5583,0.0654,4.34,-5.11,0.77
3.7474,0.8096,0.5568,0.0698,3.99,-5.74,-0.70
3.7479,0.8145,0.5529,0.0678,3.99,-5.32,0.56
3.7484,0.8140,0.5549,0.0659,4.13,-5.46,0.63
3.7490,0.8145,0.5602,0.0673,3.78,-5.46,-0.14
3.7495,0.8174,0.5588,0.0683,3.99,-5.11,0.63
3.7500,0.8150,0.5588,0.0693,3.64,-5.18,0.35
3.7506,0.8120,0.5592,0.0683,4.27,-5.60,0.70
3.7511,0.8140,0.5607,0.0659,3.71,-4.97,0.42
3.7516,0.8145,0.5617,0.0649,4.20,-5.46,0.77
3.7522,0.8140,0.5602,0.0673,4.13,-5.39,0.56
3.7527,0.8159,0.5612,0.0673,3.99,-5.32,0.77
3.7532,0.8164,0.5641,0.0659,4.20,-5.32,0.77
3.7538,0.8145,0.5671,0.0654,3.99,-5.95,0.77
3.7543,0.8115,0.5671,0.0654,4.27,-5.53,0.77
3.7548,0.8111,0.5641,0.0644,3.99,-5.88,0.49
3.7554,0.8135,0.5646,0.0649,4.34,-5.60,1.40
3.7559,0.8145,0.5656,0.0678,4.13,-5.67,0.42
3.7564,0.8145,0.5661,0.0659,4.48,-5.74,1.54
3.7570,0.8120,0.5671,0.0664,4.13,-5.60,0.84
3.7575,0.8120,0.5661,0.0673,4.62,-6.02,1.05
3.7580,0.8154,0.5646,0.0664,3.92,-5.81,0.98
3.7586,0.8169,0.5719,0.0654,4.20,-6.02,0.70
3.7591,0.8150,0.5714,0.0673,4.90,-5.95,1.89
3.7596,0.8145,0.5695,0.0669,3.99,-5.60,1.33
3.7602,0.8159,0.5695,0.0693,4.83,-6.16,1.68
3.7607,0.8179,0.5680,0.0683,4.55,-6.09,1.26
3.7612,0.8189,0.5636,0.0664,4.55,-6.23,1.68
3.7618,0.8174,0.5675,0.0639,4.62,-5.74,1.89
3.7623,0.8189,0.5675,0.0630,4.83,-6.65,1.54
3.7628,0.8218,0.5641,0.0659,4.83,-6.16,1.75
3.7634,0.8247,0.5666,0.0664,4.76,-6.93,1.61
3.7639,0.8252,0.5685,0.0654,4.90,-6.16,2.17
3.7644,0.8257,0.5685,0.0659,4.90,-6.09,2.03
3.7650,0.8257,0.5671,0.0673,5.18,-6.37,1.89
3.7655,0.8237,0.5675,0.0659,4.97,-6.58,1.82
3.7660,0.8213,0.5710,0.0644,5.32,-6.79,2.24
3.7666,0.8213,0.5710,0.0634,5.25,-6.58,1.96
3.7671,0.8247,0.5690,0.0620,5.53,-6.51,2.31
3.7677,0.8281,0.5724,0.0630,5.25,-6.79,1.68
3.7682,0.8291,0.5719,0.0630,5.39,-6.72,2.73
3.7687,0.8272,0.5739,0.0634,5.11,-6.79,1.54
3.7704,0.8252,0.5749,0.0639,5.95,-7.00,2.80
3.7720,0.8247,0.5724,0.0620,5.32,-7.14,1.68
3.7737,0.8223,0.5734,0.0634,5.95,-7.07,2.52
3.7753,0.8242,0.5739,0.0634,5.25,-6.79,1.61
3.7769,0.8242,0.5734,0.0644,5.81,-6.79,2.80
3.7786,0.8179,0.5724,0.0659,5.60,-7.21,1.75
3.7802,0.8174,0.5729,0.0649,6.30,-7.28,2.17
3.7819,0.8194,0.5714,0.0649,5.67,-7.42,1.96
3.7835,0.8218,0.5724,0.0649,5.81,-7.21,2.38
3.7852,0.8252,0.5719,0.0625,5.95,-7.63,2.10
3.7868,0.8237,0.5714,0.0625,6.30,-7.77,1.96
3.7885,0.8184,0.5729,0.0630,6.02,-7.49,2.45
3.7901,0.8203,0.5724,0.0639,6.23,-7.84,1.82
3.7917,0.8223,0.5710,0.0659,6.30,-7.49,2.24
3.7934,0.8208,0.5675,0.0630,6.23,-7.91,1.96
3.7950,0.8198,0.5685,0.0644,6.44,-7.70,2.24
3.7967,0.8203,0.5675,0.0659,6.51,-7.77,2.45
3.7983,0.8194,0.5705,0.0630,6.51,-8.05,1.40
3.8000,0.8189,0.5700,0.0620,6.72,-7.91,2.24
3.8016,0.8213,0.5680,0.0630,6.44,-7.98,1.54
3.8017,0.8242,0.5680,0.0615,6.86,-8.26,2.03
3.8018,0.8208,0.5671,0.0620,6.65,-8.19,1.54
3.8019,0.8184,0.5695,0.0625,7.07,-8.40,2.10
3.8020,0.8237,0.5705,0.0644,6.51,-8.26,1.61
3.8021,0.8237,0.5680,0.0693,7.21,-8.47,2.10
3.8022,0.8213,0.5680,0.0669,6.58,-8.40,1.61
3.8023,0.8233,0.5671,0.0634,7.21,-8.54,2.03
3.8024,0.8247,0.5656,0.0669,6.93,-8.75,1.75
3.8025,0.8262,0.5671,0.0678,7.28,-8.47,1.61
3.8026,0.8252,0.5666,0.0654,7.14,-8.75,1.68
3.8027,0.8218,0.5661,0.0649,7.28,-8.68,1.68
3.8028,0.8194,0.5636,0.0678,7.28,-8.75,1.33
3.8029,0.8203,0.5622,0.0688,7.49,-8.89,1.82
3.8029,0.8198,0.5617,0.0708,7.63,-8.75,1.61
3.8030,0.8184,0.5612,0.0732,7.42,-9.10,1.47
3.8031,0.8218,0.5661,0.0688,7.70,-8.68,1.89
3.8032,0.8228,0.5656,0.0683,7.42,-8.61,1.68
3.8033,0.8179,0.5646,0.0688,7.98,-8.96,1.89
3.8034,0.8159,0.5617,0.0703,7.63,-9.24,1.40
3.8035,0.8174,0.5588,0.0698,7.77,-8.82,2.38
3.8037,0.8194,0.5632,0.0654,8.05,-9.31,1.05
3.8040,0.8198,0.5646,0.0654,7.77,-9.45,2.03
3.8042,0.8198,0.5612,0.0639,8.12,-9.45,1.12
3.8044,0.8194,0.5597,0.0693,8.05,-9.24,1.61
3.8046,0.8189,0.5617,0.0727,7.91,-9.45,1.26
3.8048,0.8159,0.5617,0.0717,7.98,-9.38,1.68
3.8050,0.8145,0.5583,0.0722,8.26,-9.38,1.54
3.8053,0.8169,0.5612,0.0683,8.05,-9.38,1.26
3.8055,0.8203,0.5632,0.0654,8.26,-9.66,1.61
3.8057,0.8154,0.5617,0.0664,8.40,-9.52,0.84
3.8059,0.8101,0.5612,0.0693,8.54,-9.38,1.82
3.8061,0.8140,0.5602,0.0703,8.26,-9.66,1.26
3.8063,0.8164,0.5597,0.0654,8.68,-9.73,1.54
3.8066,0.8169,0.5588,0.0673,8.47,-9.52,1.12
3.8068,0.8203,0.5597,0.0654,8.61,-9.45,1.26
3.8070,0.8169,0.5607,0.0649,8.40,-9.73,1.47
3.8072,0.8145,0.5612,0.0639,8.75,-10.01,1.33
3.8074,0.8150,0.5632,0.0649,8.68,-9.59,1.40
3.8076,0.8145,0.5627,0.0639,8.54,-9.87,1.12
3.8079,0.8150,0.5597,0.0630,9.03,-9.66,1.47
3.8086,0.8164,0.5612,0.0654,8.61,-9.80,1.40
3.8094,0.8159,0.5573,0.0639,9.03,-9.87,1.26
3.8102,0.8145,0.5553,0.0644,8.82,-10.15,1.33
3.8110,0.8154,0.5568,0.0664,9.17,-9.31,1.40
3.8118,0.8130,0.5563,0.0669,8.96,-9.94,1.54
3.8125,0.8091,0.5568,0.0654,8.96,-9.94,1.26
3.8133,0.8086,0.5563,0.0659,8.82,-9.94,1.61
3.8141,0.8111,0.5568,0.0708,9.24,-9.94,0.98
3.8149,0.8130,0.5583,0.0712,9.10,-9.87,1.40
3.8156,0.8106,0.5573,0.0654,9.24,-10.29,0.84
3.8164,0.8081,0.5539,0.0669,9.17,-9.94,1.61
3.8172,0.8120,0.5573,0.0683,9.24,-10.01,0.84
3.8180,0.8135,0.5622,0.0664,9.52,-9.87,1.26
3.8188,0.8145,0.5602,0.0634,9.38,-10.01,1.40
3.8195,0.8154,0.5578,0.0620,9.10,-10.15,0.98
3.8203,0.8150,0.5583,0.0654,9.52,-9.80,1.47
3.8211,0.8169,0.5607,0.0664,9.17,-9.80,1.19
3.8219,0.8164,0.5592,0.0649,9.45,-9.59,1.33
3.8227,0.8125,0.5563,0.0669,9.45,-10.15,1.26
3.8234,0.8106,0.5602,0.0683,9.52,-9.94,1.19
3.8235,0.8081,0.5612,0.0669,9.31,-9.87,1.26
3.8235,0.8086,0.5602,0.0649,9.80,-10.01,1.12
3.8235,0.8120,0.5641,0.0659,9.45,-9.73,1.40
3.8235,0.8135,0.5617,0.0683,9.73,-10.22,1.19
3.8236,0.8115,0.5622,0.0703,9.80,-9.94,1.40
3.8236,0.8096,0.5651,0.0698,9.66,-10.29,1.40
3.8236,0.8076,0.5607,0.0673,9.87,-9.94,1.05
3.8237,0.8101,0.5622,0.0678,9.73,-10.29,1.19
3.8237,0.8140,0.5641,0.0693,10.08,-9.94,1.26
3.8237,0.8125,0.5641,0.0712,9.73,-10.22,1.68
3.8238,0.8145,0.5627,0.0722,9.87,-9.87,1.19
3.8238,0.8145,0.5612,0.0703,10.15,-10.08,1.75
3.8238,0.8125,0.5588,0.0708,9.80,-9.66,1.26
3.8238,0.8130,0.5588,0.0708,10.08,-10.15,1.33
3.8239,0.8140,0.5612,0.0708,10.08,-9.66,1.26
3.8239,0.8154,0.5592,0.0708,9.94,-10.01,1.33
3.8239,0.8169,0.5583,0.0722,10.08,-10.15,1.61
3.8240,0.8140,0.5583,0.0712,10.15,-10.08,1.12
3.8240,0.8086,0.5578,0.0712,9.94,-10.08,1.61
3.8240,0.8115,0.5558,0.0761,10.01,-10.08,1.19
3.8245,0.8140,0.5534,0.0756,10.08,-9.94,1.40
3.8250,0.8125,0.5563,0.0727,10.08,-9.87,1.26
3.8256,0.8140,0.5588,0.0722,10.22,-10.57,1.05
3.8261,0.8159,0.5578,0.0742,10.01,-9.80,0.98
3.8266,0.8140,0.5568,0.0717,10.08,-10.78,1.12
3.8271,0.8130,0.5529,0.0688,10.01,-9.66,1.33
3.8276,0.8120,0.5539,0.0727,10.01,-10.22,0.70
3.8281,0.8125,0.5549,0.0747,10.15,-9.87,1.40
3.8286,0.8135,0.5563,0.0712,9.73,-10.15,0.70
3.8291,0.8130,0.5573,0.0703,10.08,-9.87,1.33
3.8297,0.8115,0.5563,0.0742,9.87,-10.43,0.35
3.8302,0.8159,0.5553,0.0693,10.29,-9.87,1.33
3.8307,0.8135,0.5553,0.0732,10.36,-9.38,1.89
3.8312,0.8159,0.5539,0.0795,10.43,-10.22,0.21
3.8317,0.8154,0.5524,0.0805,9.87,-9.87,1.05
3.8322,0.8130,0.5544,0.0771,10.22,-9.45,0.42
3.8327,0.8130,0.5524,0.0742,9.80,-10.15,0.77
3.8332,0.8154,0.5500,0.0776,10.36,-10.01,0.28
3.8338,0.8164,0.5549,0.0771,9.87,-10.22,0.63
3.8343,0.8159,0.5568,0.0732,9.80,-9.73,0.70
3.8348,0.8159,0.5544,0.0756,10.22,-10.64,0.28
3.8353,0.8140,0.5563,0.0795,9.87,-9.73,0.84
3.8358,0.8101,0.5563,0.0800,10.36,-10.71,-0.14
3.8364,0.8101,0.5544,0.0825,9.66,-9.45,0.91
3.8369,0.8135,0.5573,0.0820,10.08,-10.64,0.28
3.8374,0.8140,0.5578,0.0786,10.01,-9.66,0.84
3.8379,0.8130,0.5568,0.0742,9.94,-10.57,-0.28
3.8384,0.8159,0.5583,0.0791,9.80,-9.31,1.05
3.8390,0.8154,0.5602,0.0761,9.87,-10.78,-0.49
3.8395,0.8125,0.5617,0.0761,9.94,-9.73,1.12
3.8400,0.8140,0.5641,0.0771,10.01,-10.15,0.56
3.8405,0.8150,0.5656,0.0820,10.08,-10.08,0.49
3.8410,0.8150,0.5666,0.0854,10.29,-10.15,0.84
3.8416,0.8159,0.5690,0.0830,9.73,-9.66,0.49
3.8421,0.8164,0.5695,0.0820,10.29,-10.08,0.70
3.8426,0.8150,0.5714,0.0810,9.66,-9.87,0.91
3.8431,0.8125,0.5729,0.0810,10.64,-10.01,0.49
3.8437,0.8135,0.5695,0.0834,9.80,-9.66,1.05
3.8442,0.8159,0.5705,0.0815,10.50,-10.15,0.42
3.8447,0.8140,0.5734,0.0786,10.01,-9.73,1.40
3.8452,0.8115,0.5744,0.0800,10.57,-10.15,0.56
3.8458,0.8115,0.5758,0.0839,10.15,-9.38,1.33
3.8464,0.8154,0.5758,0.0839,10.64,-10.43,0.63
3.8469,0.8145,0.5763,0.0844,10.36,-9.59,1.47
3.8475,0.8120,0.5763,0.0893,10.64,-10.01,1.05
3.8480,0.8125,0.5739,0.0883,10.64,-10.01,1.26
3.8486,0.8130,0.5724,0.0878,10.29,-10.01,1.12
3.8491,0.8154,0.5719,0.0869,10.78,-10.08,1.19
3.8497,0.8174,0.5734,0.0883,10.50,-9.73,1.82
3.8502,0.8184,0.5734,0.0898,10.99,-10.08,1.19
3.8508,0.8194,0.5758,0.0878,10.57,-9.52,2.24
3.8514,0.8179,0.5783,0.0839,10.85,-9.87,1.26
3.8519,0.8179,0.5788,0.0825,10.50,-9.66,2.17
3.8525,0.8203,0.5802,0.0869,11.27,-9.94,1.82
3.8530,0.8184,0.5793,0.0883,10.78,-9.94,2.10
3.8536,0.8194,0.5788,0.0922,10.99,-10.15,1.82
3.8541,0.8218,0.5802,0.0942,11.06,-9.87,2.24
3.8547,0.8208,0.5812,0.0932,11.20,-10.15,1.82
3.8552,0.8194,0.5822,0.0922,10.92,-9.80,2.24
3.8558,0.8194,0.5827,0.0922,11.41,-10.15,1.89
3.8570,0.8242,0.5827,0.0937,11.27,-9.87,2.17
3.8581,0.8223,0.5832,0.0937,11.20,-10.22,2.03
3.8593,0.8223,0.5836,0.0913,11.48,-9.87,1.89
3.8604,0.8228,0.5832,0.0932,11.27,-9.87,2.03
3.8616,0.8213,0.5807,0.0942,11.41,-9.80,2.03
3.8627,0.8194,0.5807,0.0922,11.27,-10.15,1.96
3.8639,0.8164,0.5817,0.0922,11.97,-9.59,2.24
3.8650,0.8198,0.5812,0.0913,11.20,-9.87,2.03
3.8662,0.8189,0.5797,0.0932,11.97,-9.66,1.82
3.8673,0.8179,0.5812,0.0956,11.13,-10.15,1.96
3.8685,0.8154,0.5856,0.0903,11.69,-10.01,1.75
3.8696,0.8120,0.5846,0.0898,11.62,-10.29,1.47
3.8708,0.8120,0.5802,0.0956,11.62,-10.01,1.82
3.8719,0.8106,0.5793,0.0966,11.90,-10.15,1.40
3.8731,0.8086,0.5817,0.0927,11.62,-10.36,1.75
3.8742,0.8067,0.5827,0.0893,11.62,-10.01,0.98
3.8754,0.8072,0.5793,0.0942,11.69,-10.01,1.61
3.8765,0.8111,0.5797,0.0981,11.83,-9.87,1.05
3.8777,0.8130,0.5802,0.0917,11.48,-10.15,0.98
3.8788,0.8111,0.5802,0.0869,11.97,-10.15,0.77
3.8789,0.8096,0.5807,0.0927,11.76,-10.08,0.63
3.8789,0.8091,0.5768,0.1010,12.18,-10.29,0.84
3.8790,0.8086,0.5729,0.1015,11.83,-9.94,0.63
3.8791,0.8072,0.5714,0.1000,11.62,-10.08,0.63
3.8791,0.8062,0.5724,0.1030,12.11,-9.94,0.28
3.8792,0.8076,0.5773,0.1000,12.04,-10.01,-0.14
3.8792,0.8101,0.5754,0.1039,11.55,-10.22,0.00
3.8793,0.8159,0.5768,0.1069,12.25,-9.66,0.28
3.8793,0.8164,0.5754,0.1039,11.76,-10.43,-0.42
3.8794,0.8159,0.5758,0.1030,12.25,-9.59,0.00
3.8795,0.8150,0.5719,0.1039,11.62,-10.57,-0.70
3.8795,0.8154,0.5695,0.1020,11.83,-9.80,-0.35
3.8796,0.8145,0.5739,0.1020,11.62,-10.43,-1.05
3.8796,0.8154,0.5749,0.1049,11.62,-9.80,-0.35
3.8797,0.8159,0.5739,0.1074,11.69,-10.36,-1.12
3.8797,0.8150,0.5714,0.1078,11.55,-9.94,-0.49
3.8798,0.8145,0.5685,0.1054,12.18,-10.36,-1.47
3.8799,0.8145,0.5680,0.1059,11.48,-10.29,-0.98
3.8799,0.8164,0.5719,0.1083,12.32,-10.64,-1.40
3.8800,0.8159,0.5724,0.1108,11.41,-9.80,-0.84
3.8810,0.8169,0.5744,0.1088,11.97,-10.29,-1.26
3.8820,0.8189,0.5763,0.1069,11.90,-9.87,-1.19
3.8831,0.8179,0.5739,0.1093,12.04,-10.64,-1.33
3.8841,0.8145,0.5734,0.1098,11.55,-10.15,-1.26
3.8852,0.8120,0.5734,0.1103,11.83,-10.43,-1.54
3.8862,0.8125,0.5763,0.1083,11.97,-9.94,-1.33
3.8872,0.8101,0.5793,0.1044,11.90,-10.01,-1.19
3.8883,0.8052,0.5807,0.1039,11.76,-10.50,-1.75
3.8893,0.8072,0.5788,0.1083,11.83,-10.15,-1.40
3.8903,0.8115,0.5797,0.1108,11.83,-10.64,-1.75
3.8914,0.8125,0.5797,0.1088,11.90,-9.94,-1.33
3.8924,0.8096,0.5754,0.1088,11.62,-10.85,-1.96
3.8934,0.8047,0.5739,0.1118,11.90,-9.87,-1.33
3.8945,0.8067,0.5719,0.1093,11.41,-10.43,-2.24
3.8955,0.8067,0.5700,0.1064,12.25,-10.36,-1.75
3.8965,0.8091,0.5714,0.1088,11.48,-10.92,-1.68
3.8976,0.8081,0.5695,0.1088,12.04,-10.36,-1.89
3.8986,0.8057,0.5710,0.1103,11.34,-10.43,-1.68
3.8996,0.8072,0.5749,0.1108,11.76,-10.50,-1.61
3.9007,0.8091,0.5739,0.1093,11.55,-10.36,-1.82
3.9008,0.8125,0.5705,0.1127,12.11,-10.22,-1.47
3.9008,0.8091,0.5680,0.1132,11.97,-10.64,-2.17
3.9009,0.8091,0.5675,0.1122,11.83,-10.50,-1.47
3.9010,0.8115,0.5685,0.1127,11.62,-10.29,-2.03
3.9011,0.8096,0.5656,0.1078,12.04,-9.94,-1.12
3.9012,0.8135,0.5661,0.1078,11.76,-10.50,-1.96
3.9012,0.8140,0.5680,0.1113,11.83,-10.08,-1.19
3.9013,0.8115,0.5656,0.1103,11.48,-10.64,-1.82
3.9014,0.8120,0.5661,0.1113,12.18,-10.43,-1.54
3.9015,0.8125,0.5675,0.1147,11.27,-10.36,-1.47
3.9015,0.8135,0.5700,0.1122,12.25,-10.36,-1.33
3.9016,0.8140,0.5695,0.1098,11.48,-10.57,-1.68
3.9017,0.8164,0.5695,0.1093,11.76,-10.64,-1.33
3.9018,0.8179,0.5680,0.1122,11.69,-10.50,-1.54
3.9019,0.8154,0.5656,0.1157,11.83,-10.57,-1.40
3.9019,0.8130,0.5690,0.1166,11.76,-10.15,-1.19
3.9020,0.8135,0.5690,0.1166,11.83,-10.50,-1.19
3.9021,0.8125,0.5680,0.1152,11.76,-10.57,-1.19
3.9022,0.8150,0.5710,0.1152,11.83,-10.43,-1.05
3.9023,0.8164,0.5700,0.1137,11.76,-10.15,-1.26
