time_s,ax_g,ay_g,az_g,gx_dps,gy_dps,gz_dps
0.0000,0.7174,0.6427,0.2694,0.07,-1.05,-1.61
0.0006,0.7174,0.6403,0.2733,-0.42,-0.77,-1.54
0.0011,0.7188,0.6388,0.2699,-0.28,-0.91,-1.68
0.0017,0.7139,0.6393,0.2704,-0.42,-1.05,-1.68
0.0023,0.7159,0.6364,0.2728,-0.63,-0.98,-1.40
0.0028,0.7203,0.6359,0.2694,-0.42,-1.12,-1.61
0.0034,0.7174,0.6368,0.2669,-0.63,-0.77,-1.33
0.0039,0.7164,0.6354,0.2738,-0.98,-1.05,-1.47
0.0045,0.7154,0.6383,0.2743,-0.91,-0.63,-0.84
0.0051,0.7169,0.6373,0.2679,-0.98,-0.70,-1.19
0.0056,0.7193,0.6368,0.2728,-1.05,-0.49,-0.91
0.0062,0.7218,0.6364,0.2762,-1.19,-0.77,-0.70
0.0068,0.7218,0.6354,0.2718,-1.26,-0.28,-0.84
0.0073,0.7188,0.6339,0.2704,-1.54,-0.35,-0.49
0.0079,0.7174,0.6324,0.2752,-1.54,-0.56,-0.28
0.0085,0.7169,0.6324,0.2743,-1.75,-0.63,-0.49
0.0090,0.7183,0.6295,0.2684,-1.68,-0.56,0.07
0.0096,0.7198,0.6315,0.2704,-1.96,-0.35,-0.28
0.0101,0.7203,0.6315,0.2728,-1.96,-0.35,0.84
0.0107,0.7183,0.6261,0.2699,-2.17,-0.56,-0.14
0.0117,0.7174,0.6261,0.2699,-2.10,0.28,1.26
0.0128,0.7139,0.6271,0.2718,-2.52,-0.49,0.07
0.0138,0.7115,0.6285,0.2728,-2.24,0.42,1.68
0.0149,0.7159,0.6305,0.2713,-2.66,-0.42,0.14
0.0159,0.7164,0.6285,0.2708,-2.59,0.14,2.03
0.0169,0.7120,0.6290,0.2708,-2.94,-0.35,0.63
0.0180,0.7091,0.6271,0.2743,-2.87,0.49,2.03
0.0190,0.7091,0.6266,0.2762,-3.36,0.14,0.84
0.0200,0.7076,0.6281,0.2713,-3.29,0.35,2.31
0.0211,0.7096,0.6281,0.2704,-3.43,0.77,1.68
0.0221,0.7100,0.6266,0.2708,-3.71,0.21,2.31
0.0232,0.7066,0.6251,0.2699,-3.64,0.70,2.10
0.0242,0.7042,0.6266,0.2738,-3.50,0.14,2.31
0.0252,0.7052,0.6246,0.2747,-4.13,1.19,2.87
0.0263,0.7061,0.6246,0.2738,-3.85,0.21,2.66
0.0273,0.7052,0.6261,0.2777,-4.48,1.05,3.22
0.0283,0.7017,0.6251,0.2777,-3.64,0.21,2.38
0.0294,0.7022,0.6281,0.2772,-4.41,1.33,4.34
0.0304,0.7056,0.6285,0.2801,-4.48,0.49,2.10
0.0314,0.7081,0.6276,0.2786,-4.83,1.26,4.48
0.0315,0.7081,0.6256,0.2772,-4.76,0.49,2.73
0.0315,0.7061,0.6251,0.2757,-4.69,1.05,4.69
0.0315,0.7061,0.6256,0.2752,-5.11,0.84,3.08
0.0316,0.7061,0.6251,0.2757,-5.18,0.84,4.62
0.0316,0.7115,0.6271,0.2767,-5.74,1.19,3.64
0.0316,0.7159,0.6242,0.2772,-5.11,0.70,4.48
0.0317,0.7130,0.6246,0.2777,-5.81,1.68,4.48
0.0317,0.7086,0.6232,0.2801,-5.60,0.56,4.34
0.0317,0.7081,0.6198,0.2811,-6.09,1.40,4.90
0.0318,0.7076,0.6198,0.2840,-5.81,0.35,4.34
0.0318,0.7086,0.6202,0.2816,-6.44,1.96,5.53
0.0318,0.7100,0.6227,0.2772,-6.30,0.56,4.20
0.0319,0.7091,0.6242,0.2791,-6.37,1.75,6.16
0.0319,0.7086,0.6237,0.2791,-6.44,1.12,4.83
0.0319,0.7042,0.6193,0.2801,-6.86,1.19,5.67
0.0320,0.7066,0.6222,0.2821,-6.51,1.19,6.37
0.0320,0.7120,0.6242,0.2811,-7.49,1.40,4.90
0.0320,0.7139,0.6227,0.2777,-6.65,1.12,6.44
0.0321,0.7120,0.6256,0.2762,-8.12,1.54,5.11
0.0321,0.7120,0.6256,0.2757,-7.00,1.12,6.58
0.0328,0.7115,0.6242,0.2796,-8.26,1.82,5.67
0.0335,0.7086,0.6281,0.2821,-7.21,1.05,6.16
0.0341,0.7061,0.6281,0.2777,-8.33,1.61,5.95
0.0348,0.7037,0.6290,0.2811,-7.84,1.26,6.44
0.0355,0.7042,0.6305,0.2835,-8.33,1.61,6.51
0.0362,0.7066,0.6344,0.2801,-8.05,0.91,6.16
0.0369,0.7037,0.6398,0.2811,-8.40,1.82,6.93
0.0375,0.7032,0.6368,0.2840,-8.33,0.98,6.16
0.0382,0.7056,0.6339,0.2830,-8.33,1.75,7.42
0.0389,0.7032,0.6373,0.2816,-8.89,1.05,6.09
0.0396,0.7032,0.6398,0.2835,-8.19,1.68,7.70
0.0403,0.7032,0.6383,0.2835,-9.03,1.05,6.30
0.0409,0.6993,0.6403,0.2840,-8.33,1.68,7.98
0.0416,0.6954,0.6451,0.2835,-9.38,1.19,6.23
0.0423,0.6949,0.6456,0.2845,-9.45,1.68,6.86
0.0430,0.6993,0.6442,0.2845,-9.10,1.33,7.70
0.0436,0.6974,0.6446,0.2865,-9.38,1.33,7.14
0.0443,0.6974,0.6466,0.2889,-9.45,1.61,7.77
0.0450,0.7017,0.6490,0.2879,-9.59,1.68,7.49
0.0457,0.7003,0.6505,0.2835,-9.45,1.19,7.77
0.0462,0.6988,0.6510,0.2816,-9.52,1.96,7.91
0.0467,0.6998,0.6486,0.2889,-9.52,0.56,7.77
0.0473,0.7017,0.6505,0.2904,-9.73,2.03,8.33
0.0478,0.6998,0.6534,0.2840,-9.66,0.84,7.77
0.0483,0.7013,0.6534,0.2869,-9.45,1.89,8.82
0.0488,0.7027,0.6539,0.2908,-9.94,1.47,7.63
0.0494,0.7003,0.6520,0.2943,-9.45,1.82,9.17
0.0499,0.7027,0.6534,0.2948,-10.15,1.12,7.77
0.0504,0.7013,0.6534,0.2928,-9.66,1.68,9.17
0.0509,0.6998,0.6500,0.2918,-9.87,1.26,8.12
0.0515,0.7003,0.6544,0.2894,-9.80,0.98,8.82
0.0520,0.6964,0.6588,0.2933,-10.29,1.75,8.54
0.0525,0.6954,0.6564,0.2967,-9.94,0.42,8.68
0.0530,0.6988,0.6578,0.2923,-10.22,1.89,9.10
0.0536,0.6978,0.6573,0.2884,-10.08,0.70,8.75
0.0541,0.6978,0.6544,0.2928,-9.94,1.68,9.24
0.0546,0.7008,0.6549,0.2957,-10.15,0.84,8.61
0.0552,0.7013,0.6559,0.2938,-9.87,1.61,9.73
0.0557,0.7003,0.6544,0.2957,-10.36,0.77,8.47
0.0562,0.6998,0.6510,0.2948,-10.08,1.33,9.87
0.0567,0.7017,0.6515,0.2889,-10.36,0.77,8.68
0.0573,0.7037,0.6573,0.2918,-10.08,1.61,9.94
0.0578,0.7022,0.6627,0.2957,-10.36,0.84,8.61
0.0584,0.7017,0.6583,0.2938,-10.15,1.26,10.08
0.0589,0.6998,0.6549,0.2952,-10.64,1.19,9.24
0.0595,0.7008,0.6539,0.2957,-10.15,1.26,9.73
0.0600,0.7061,0.6534,0.2952,-10.57,0.98,9.52
0.0605,0.7066,0.6568,0.2952,-10.36,0.84,9.73
0.0611,0.7066,0.6539,0.2962,-10.50,1.05,9.31
0.0616,0.7061,0.6525,0.2948,-10.08,1.12,10.01
0.0622,0.7052,0.6544,0.2938,-10.64,0.49,9.59
0.0627,0.7091,0.6564,0.2933,-10.36,1.12,10.08
0.0632,0.7091,0.6559,0.2933,-10.43,0.84,9.73
0.0638,0.7047,0.6559,0.2943,-10.78,0.63,9.80
0.0643,0.7032,0.6549,0.2948,-10.43,0.63,9.73
0.0649,0.7042,0.6539,0.2972,-10.85,0.35,9.66
0.0654,0.7037,0.6559,0.2991,-10.43,0.70,10.08
0.0659,0.7047,0.6578,0.3011,-10.92,0.56,9.80
0.0665,0.7042,0.6564,0.3001,-10.36,0.35,10.08
0.0670,0.7017,0.6568,0.2996,-11.06,0.70,9.80
0.0677,0.6993,0.6627,0.3006,-10.29,0.42,9.80
0.0684,0.7008,0.6642,0.2977,-10.85,0.35,9.59
0.0691,0.7013,0.6612,0.2957,-10.43,0.35,10.43
0.0698,0.7013,0.6598,0.2948,-10.78,0.49,9.87
0.0705,0.7037,0.6588,0.2957,-10.50,-0.14,10.22
0.0712,0.7032,0.6559,0.2972,-10.78,0.84,9.80
0.0719,0.6998,0.6539,0.2962,-10.57,0.07,10.36
0.0726,0.6978,0.6544,0.2967,-11.06,0.63,9.66
0.0733,0.6988,0.6568,0.2977,-10.78,0.28,10.36
0.0740,0.6983,0.6573,0.2982,-10.85,0.28,9.66
0.0747,0.7037,0.6568,0.2967,-10.78,0.63,10.08
0.0754,0.7017,0.6534,0.2957,-10.85,-0.07,9.87
0.0761,0.7008,0.6539,0.2938,-10.71,0.91,11.13
0.0768,0.6983,0.6554,0.2943,-10.85,0.07,9.52
0.0775,0.6969,0.6549,0.3016,-10.78,0.42,10.71
0.0782,0.6993,0.6544,0.3021,-11.13,0.14,9.80
0.0789,0.6978,0.6520,0.3006,-10.64,0.28,10.36
0.0796,0.6988,0.6520,0.3026,-10.92,0.07,9.87
0.0803,0.7032,0.6539,0.3055,-10.71,0.21,10.64
0.0810,0.6998,0.6549,0.3006,-10.85,0.28,10.01
0.0814,0.6983,0.6568,0.2996,-10.85,0.14,10.71
0.0819,0.7022,0.6564,0.3021,-11.13,0.42,10.22
0.0824,0.7027,0.6520,0.2991,-11.06,-0.07,10.36
0.0829,0.7027,0.6544,0.2967,-11.20,0.35,10.36
0.0833,0.7042,0.6568,0.2952,-10.92,0.21,10.64
0.0838,0.7013,0.6544,0.2952,-11.06,0.07,10.22
0.0843,0.7003,0.6544,0.2982,-10.99,-0.07,10.22
0.0847,0.7037,0.6554,0.3035,-10.85,0.56,10.71
0.0852,0.7027,0.6544,0.3026,-10.99,-0.21,10.15
0.0857,0.7008,0.6564,0.3045,-11.06,0.00,10.71
0.0861,0.6988,0.6554,0.3021,-10.85,-0.14,10.71
0.0866,0.6988,0.6544,0.3026,-11.13,0.70,10.43
0.0871,0.6983,0.6539,0.3030,-11.20,-0.28,10.57
0.0876,0.6964,0.6554,0.3011,-11.20,1.12,10.78
0.0880,0.6949,0.6564,0.3040,-11.06,-0.14,10.43
0.0885,0.6959,0.6573,0.3050,-11.06,1.12,10.57
0.0890,0.6978,0.6525,0.3055,-11.06,-0.14,10.43
0.0894,0.6988,0.6495,0.3035,-11.13,0.91,10.85
0.0899,0.6993,0.6525,0.3011,-11.27,-0.21,10.50
0.0904,0.6969,0.6544,0.3055,-11.20,1.05,10.99
0.0909,0.6983,0.6510,0.3055,-11.06,-0.07,10.36
0.0913,0.7008,0.6515,0.3016,-11.34,0.77,11.20
0.0918,0.7013,0.6549,0.3055,-10.99,0.21,10.22
0.0923,0.7022,0.6510,0.3060,-11.34,0.91,11.20
0.0927,0.6983,0.6490,0.3026,-11.34,0.28,10.43
0.0932,0.7017,0.6490,0.3021,-11.34,0.91,11.34
0.0937,0.7037,0.6471,0.3045,-11.41,0.56,10.57
0.0941,0.7022,0.6476,0.3070,-11.55,0.56,10.99
0.0946,0.7042,0.6505,0.3045,-11.48,0.56,10.71
0.0951,0.7032,0.6490,0.3026,-11.20,0.56,10.92
0.0955,0.7017,0.6437,0.3021,-11.83,1.19,10.78
0.0960,0.7013,0.6451,0.3035,-11.20,0.14,11.13
0.0965,0.7047,0.6481,0.3030,-11.83,1.61,10.92
0.0969,0.7032,0.6466,0.3016,-11.13,0.35,11.06
0.0974,0.6993,0.6476,0.2991,-11.83,1.26,11.13
0.0979,0.7017,0.6500,0.2987,-11.69,0.56,10.71
0.0984,0.7042,0.6476,0.2996,-12.04,1.54,11.48
0.0988,0.7056,0.6461,0.2996,-11.34,0.63,10.78
0.0993,0.7071,0.6471,0.3070,-11.97,1.54,11.13
0.0998,0.7037,0.6456,0.3060,-11.48,0.91,10.99
0.1004,0.7022,0.6456,0.3001,-11.97,1.33,11.13
0.1010,0.7056,0.6471,0.3011,-11.62,0.77,10.92
0.1016,0.7076,0.6456,0.3021,-11.83,1.40,11.06
0.1023,0.7042,0.6476,0.3016,-11.90,0.91,10.92
0.1029,0.7013,0.6505,0.3011,-12.04,1.40,11.41
0.1035,0.7017,0.6437,0.3050,-11.76,1.33,10.99
0.1041,0.7037,0.6417,0.3045,-11.76,1.26,11.20
0.1047,0.7022,0.6427,0.3026,-12.39,1.12,10.78
0.1054,0.6988,0.6407,0.3035,-12.11,1.33,10.92
0.1060,0.7003,0.6407,0.3065,-12.32,1.75,11.13
0.1066,0.7047,0.6417,0.3089,-11.97,1.40,10.99
0.1072,0.7066,0.6393,0.3074,-12.25,1.47,10.85
0.1079,0.7027,0.6373,0.3084,-12.11,1.89,11.20
0.1085,0.7013,0.6364,0.3050,-12.39,1.75,11.27
0.1091,0.7052,0.6359,0.3001,-12.18,1.89,10.99
0.1097,0.7081,0.6359,0.3001,-12.39,1.89,11.27
0.1104,0.7096,0.6368,0.3026,-12.67,1.96,11.34
0.1110,0.7096,0.6383,0.3055,-12.32,1.89,11.06
0.1116,0.7052,0.6383,0.3084,-12.32,1.68,10.99
0.1122,0.7037,0.6364,0.3045,-12.67,2.59,11.48
0.1131,0.7066,0.6364,0.2996,-12.53,1.89,10.85
0.1140,0.7096,0.6368,0.3021,-12.60,2.59,11.27
0.1148,0.7081,0.6339,0.3045,-13.02,2.24,10.71
0.1157,0.7076,0.6359,0.3045,-12.53,2.52,11.27
0.1166,0.7086,0.6378,0.2996,-13.23,2.31,10.92
0.1175,0.7052,0.6373,0.2996,-12.18,2.80,10.99
0.1183,0.7047,0.6349,0.3040,-12.95,2.45,10.85
0.1192,0.7056,0.6334,0.3070,-12.60,3.08,11.06
0.1201,0.7076,0.6368,0.3045,-13.09,2.66,11.20
0.1209,0.7091,0.6359,0.3026,-12.88,2.94,11.34
0.1218,0.7081,0.6349,0.3040,-13.16,2.45,10.78
0.1227,0.7066,0.6334,0.3045,-12.60,2.73,11.20
0.1236,0.7081,0.6310,0.3050,-13.65,2.80,10.78
0.1244,0.7115,0.6349,0.3050,-12.95,3.08,11.13
0.1253,0.7110,0.6368,0.3065,-13.65,2.87,11.13
0.1262,0.7105,0.6359,0.3070,-13.30,3.29,11.41
0.1270,0.7081,0.6354,0.3060,-13.37,2.80,10.85
0.1279,0.7066,0.6329,0.3026,-13.16,3.36,11.34
0.1288,0.7110,0.6339,0.2991,-13.37,2.73,10.99
0.1297,0.7110,0.6368,0.3021,-13.23,3.64,11.55
0.1299,0.7086,0.6359,0.3026,-13.58,3.29,11.06
0.1301,0.7081,0.6364,0.3040,-13.37,3.71,11.76
0.1303,0.7066,0.6359,0.3065,-13.65,3.43,11.06
0.1305,0.7056,0.6295,0.3045,-13.37,3.78,11.83
0.1307,0.7052,0.6310,0.3070,-13.44,3.92,11.83
0.1309,0.7052,0.6305,0.3084,-13.65,3.71,11.27
0.1311,0.7076,0.6334,0.3065,-13.65,3.71,12.39
0.1313,0.7139,0.6398,0.3011,-14.00,3.85,10.92
0.1315,0.7130,0.6383,0.2987,-13.65,3.99,12.46
0.1317,0.7076,0.6373,0.3021,-13.58,3.50,11.27
0.1319,0.7096,0.6364,0.3050,-13.86,4.27,12.46
0.1321,0.7135,0.6359,0.3065,-13.58,3.92,11.34
0.1323,0.7125,0.6359,0.3055,-13.72,4.06,12.53
0.1325,0.7135,0.6315,0.3040,-13.79,3.99,11.76
0.1327,0.7149,0.6315,0.3011,-14.00,4.27,12.32
0.1329,0.7130,0.6329,0.2982,-13.86,3.71,11.90
0.1331,0.7135,0.6300,0.3001,-13.86,4.41,12.60
0.1333,0.7174,0.6295,0.3021,-14.07,3.92,12.11
0.1335,0.7208,0.6315,0.3030,-13.79,4.55,12.18
0.1337,0.7193,0.6320,0.3035,-14.35,4.20,12.53
0.1349,0.7193,0.6324,0.3040,-13.86,4.69,12.53
0.1361,0.7227,0.6251,0.3030,-14.21,4.06,12.46
0.1372,0.7237,0.6300,0.2996,-14.35,4.13,12.60
0.1384,0.7232,0.6324,0.2991,-13.79,4.69,12.74
0.1396,0.7218,0.6324,0.2991,-14.35,4.55,13.23
0.1408,0.7237,0.6383,0.2991,-14.28,4.20,12.39
0.1420,0.7261,0.6388,0.2987,-14.35,4.83,13.37
0.1432,0.7257,0.6329,0.3001,-14.42,4.55,12.67
0.1444,0.7261,0.6334,0.3011,-14.14,4.62,13.16
0.1456,0.7296,0.6324,0.2996,-14.42,4.41,12.67
0.1468,0.7325,0.6281,0.2996,-14.07,4.97,13.30
0.1480,0.7296,0.6320,0.2996,-14.98,4.76,12.81
0.1492,0.7281,0.6329,0.2987,-13.79,4.48,13.30
0.1504,0.7281,0.6315,0.2972,-14.63,4.48,12.74
0.1516,0.7271,0.6324,0.2967,-14.07,4.55,13.37
0.1527,0.7286,0.6344,0.3011,-14.70,4.62,13.09
0.1539,0.7276,0.6364,0.3040,-14.49,4.69,13.37
0.1551,0.7261,0.6334,0.3011,-14.49,4.55,13.16
0.1563,0.7296,0.6305,0.2987,-14.56,4.83,13.37
0.1575,0.7320,0.6276,0.2987,-14.70,4.69,13.30
0.1581,0.7310,0.6305,0.3001,-14.77,4.76,12.88
0.1586,0.7315,0.6310,0.3001,-14.56,4.69,13.09
0.1592,0.7281,0.6300,0.3001,-14.84,4.55,12.95
0.1597,0.7310,0.6281,0.3021,-14.49,4.76,12.81
0.1602,0.7354,0.6285,0.3016,-15.12,4.55,12.95
0.1608,0.7369,0.6305,0.2996,-14.77,4.90,13.30
0.1613,0.7359,0.6281,0.3040,-14.91,4.06,12.46
0.1619,0.7354,0.6256,0.3045,-15.12,4.90,13.30
0.1624,0.7413,0.6276,0.3045,-14.77,4.34,12.32
0.1630,0.7408,0.6266,0.3084,-15.33,4.48,13.02
0.1635,0.7388,0.6261,0.3104,-14.98,4.27,12.46
0.1641,0.7398,0.6281,0.3060,-15.05,4.41,12.60
0.1646,0.7403,0.6271,0.3060,-14.91,4.34,12.60
0.1652,0.7408,0.6261,0.3074,-15.26,4.27,12.74
0.1657,0.7422,0.6271,0.3055,-15.19,4.34,12.60
0.1662,0.7432,0.6281,0.3094,-15.54,4.20,12.11
0.1668,0.7413,0.6256,0.3099,-15.40,4.41,12.46
0.1673,0.7393,0.6246,0.3109,-15.40,4.13,12.39
0.1679,0.7403,0.6261,0.3089,-15.05,4.06,12.39
0.1684,0.7418,0.6251,0.3065,-15.54,4.34,11.97
0.1691,0.7432,0.6251,0.3128,-15.40,4.41,12.74
0.1698,0.7476,0.6285,0.3128,-15.26,3.99,12.67
0.1704,0.7481,0.6246,0.3118,-16.03,3.99,11.55
0.1711,0.7471,0.6256,0.3079,-15.33,4.20,12.53
0.1718,0.7481,0.6271,0.3055,-16.10,3.71,11.27
0.1725,0.7486,0.6290,0.3118,-15.26,3.85,12.53
0.1731,0.7501,0.6295,0.3109,-16.10,3.57,11.48
0.1738,0.7491,0.6261,0.3050,-15.54,3.71,12.25
0.1745,0.7481,0.6251,0.3060,-16.17,3.64,11.06
0.1751,0.7481,0.6256,0.3040,-15.61,3.50,12.11
0.1758,0.7476,0.6237,0.3050,-16.03,3.78,11.27
0.1765,0.7476,0.6222,0.3099,-15.89,3.43,11.90
0.1772,0.7476,0.6188,0.3118,-16.03,3.71,11.27
0.1778,0.7481,0.6173,0.3133,-15.82,2.87,11.27
0.1785,0.7486,0.6183,0.3157,-16.31,3.85,11.62
0.1792,0.7520,0.6178,0.3128,-15.96,3.08,10.99
0.1798,0.7549,0.6139,0.3128,-16.38,3.57,11.90
0.1805,0.7530,0.6149,0.3128,-16.03,3.50,12.04
0.1812,0.7510,0.6163,0.3118,-16.45,3.43,10.92
0.1819,0.7559,0.6178,0.3094,-16.31,2.94,12.11
0.1828,0.7549,0.6163,0.3079,-16.59,3.50,11.06
0.1838,0.7462,0.6134,0.3089,-16.59,2.94,11.69
0.1848,0.7481,0.6120,0.3104,-16.59,3.15,11.34
0.1858,0.7525,0.6100,0.3079,-16.59,2.87,11.90
0.1868,0.7471,0.6095,0.3094,-16.87,3.08,11.34
0.1877,0.7457,0.6100,0.3109,-16.80,2.73,11.48
0.1887,0.7515,0.6066,0.3123,-16.80,3.15,11.62
0.1897,0.7496,0.6027,0.3167,-16.94,2.66,11.48
0.1907,0.7491,0.6061,0.3133,-16.80,3.22,11.34
0.1917,0.7496,0.6071,0.3104,-16.94,2.52,11.34
0.1926,0.7476,0.6090,0.3152,-17.01,2.87,11.83
0.1936,0.7510,0.6066,0.3187,-17.01,2.73,11.48
0.1946,0.7554,0.6012,0.3182,-17.22,2.73,11.83
0.1956,0.7554,0.6022,0.3192,-17.36,2.59,11.34
0.1966,0.7452,0.6076,0.3211,-17.36,2.45,12.04
0.1975,0.7462,0.6056,0.3148,-17.50,2.38,12.32
0.1985,0.7476,0.6066,0.3157,-17.78,2.31,12.32
0.1995,0.7481,0.6041,0.3143,-17.92,2.52,11.62
0.2005,0.7520,0.6032,0.3172,-17.57,2.94,12.88
0.2015,0.7505,0.6046,0.3192,-17.92,2.45,11.55
0.2015,0.7481,0.6027,0.3143,-17.64,2.52,13.23
0.2016,0.7510,0.5993,0.3128,-17.78,2.59,12.11
0.2016,0.7515,0.6012,0.3182,-17.43,2.73,12.88
0.2017,0.7510,0.6007,0.3206,-18.27,2.73,12.53
0.2017,0.7501,0.5988,0.3172,-17.85,2.52,12.95
0.2018,0.7471,0.5998,0.3182,-18.20,2.31,12.81
0.2019,0.7466,0.5978,0.3231,-18.13,2.59,12.88
0.2019,0.7471,0.5963,0.3221,-18.55,2.38,13.44
0.2020,0.7525,0.5954,0.3216,-18.20,2.31,12.53
0.2020,0.7525,0.5978,0.3201,-18.48,2.94,14.14
0.2021,0.7505,0.6002,0.3143,-18.27,2.31,12.60
0.2022,0.7491,0.5993,0.3143,-18.34,2.80,14.56
0.2022,0.7457,0.5968,0.3201,-18.55,2.31,13.02
0.2023,0.7442,0.5939,0.3216,-17.92,2.45,14.42
0.2023,0.7437,0.5934,0.3201,-19.18,2.24,13.37
0.2024,0.7442,0.5924,0.3226,-18.34,2.73,14.77
0.2024,0.7422,0.5915,0.3240,-19.25,2.59,13.93
0.2025,0.7403,0.5929,0.3226,-18.41,2.45,14.63
0.2026,0.7418,0.5905,0.3221,-19.60,2.87,14.49
0.2026,0.7442,0.5895,0.3221,-18.13,2.31,14.77
0.2039,0.7422,0.5924,0.3201,-19.60,3.29,15.19
0.2052,0.7403,0.5924,0.3201,-18.62,2.17,14.49
0.2065,0.7413,0.5949,0.3245,-19.60,3.29,15.47
0.2078,0.7374,0.5968,0.3240,-18.90,2.59,14.77
0.2091,0.7364,0.5944,0.3226,-19.53,3.22,15.75
0.2104,0.7379,0.5924,0.3226,-19.32,2.31,15.26
0.2118,0.7349,0.5915,0.3250,-19.25,2.94,15.68
0.2131,0.7359,0.5900,0.3289,-19.67,2.87,15.82
0.2144,0.7388,0.5890,0.3235,-19.32,3.01,16.17
0.2157,0.7374,0.5905,0.3216,-19.74,2.66,15.61
0.2170,0.7349,0.5915,0.3245,-19.46,3.01,16.24
0.2183,0.7349,0.5890,0.3221,-20.09,3.29,16.38
0.2196,0.7379,0.5890,0.3216,-19.46,2.94,16.24
0.2209,0.7335,0.5905,0.3206,-19.95,3.15,16.73
0.2222,0.7335,0.5861,0.3192,-19.95,3.15,17.08
0.2235,0.7354,0.5846,0.3255,-19.88,2.94,16.38
0.2248,0.7335,0.5832,0.3245,-20.02,3.43,17.50
0.2261,0.7305,0.5861,0.3182,-20.30,3.29,16.73
0.2274,0.7325,0.5880,0.3187,-20.23,3.64,17.78
0.2287,0.7325,0.5861,0.3206,-20.23,2.87,16.94
0.2287,0.7315,0.5856,0.3206,-20.09,3.85,18.06
0.2288,0.7325,0.5880,0.3192,-20.65,3.50,17.22
0.2288,0.7325,0.5905,0.3196,-20.16,3.64,18.20
0.2288,0.7320,0.5871,0.3192,-20.72,3.64,17.57
0.2289,0.7320,0.5885,0.3192,-20.23,3.92,18.69
0.2289,0.7330,0.5890,0.3211,-20.86,3.78,17.43
0.2289,0.7310,0.5866,0.3235,-20.58,4.13,18.83
0.2290,0.7310,0.5890,0.3235,-20.51,3.43,17.92
0.2290,0.7349,0.5876,0.3235,-20.72,3.64,18.90
0.2290,0.7364,0.5841,0.3192,-20.86,4.06,18.41
0.2291,0.7349,0.5836,0.3206,-20.93,4.41,18.76
0.2291,0.7335,0.5861,0.3221,-20.86,3.85,18.69
0.2291,0.7320,0.5890,0.3221,-20.65,4.62,19.32
0.2292,0.7257,0.5895,0.3235,-21.28,3.78,18.62
0.2292,0.7296,0.5924,0.3226,-20.79,4.20,19.67
0.2292,0.7335,0.5934,0.3226,-21.21,3.50,18.13
0.2293,0.7271,0.5915,0.3250,-20.72,4.76,20.51
0.2293,0.7237,0.5939,0.3231,-21.42,3.50,17.92
0.2293,0.7266,0.5949,0.3226,-20.72,4.90,20.44
0.2293,0.7296,0.5919,0.3216,-21.56,4.20,18.41
0.2296,0.7271,0.5919,0.3196,-20.72,4.34,20.30
0.2299,0.7281,0.5944,0.3187,-21.49,3.85,18.06
0.2302,0.7261,0.5973,0.3211,-21.14,4.76,20.58
0.2305,0.7213,0.5973,0.3260,-21.63,4.34,18.48
0.2308,0.7198,0.5968,0.3226,-21.14,4.62,20.37
0.2311,0.7183,0.5973,0.3196,-21.77,4.69,18.62
0.2314,0.7188,0.5939,0.3182,-21.07,4.83,20.02
0.2317,0.7203,0.5939,0.3182,-21.70,4.90,19.32
0.2320,0.7198,0.5929,0.3201,-21.56,4.41,19.46
0.2323,0.7174,0.5944,0.3206,-21.63,4.90,19.25
0.2326,0.7188,0.5924,0.3187,-21.84,4.90,20.02
0.2329,0.7208,0.5905,0.3196,-21.91,4.97,18.83
0.2331,0.7227,0.5910,0.3231,-21.70,5.25,20.30
0.2334,0.7218,0.5880,0.3240,-21.91,4.76,18.69
0.2337,0.7218,0.5900,0.3192,-21.98,5.18,19.88
0.2340,0.7213,0.5910,0.3196,-21.98,5.18,18.55
0.2343,0.7218,0.5895,0.3255,-21.91,5.18,19.95
0.2346,0.7222,0.5905,0.3240,-22.19,5.25,18.48
0.2349,0.7232,0.5929,0.3192,-21.98,5.04,19.88
0.2352,0.7227,0.5885,0.3167,-22.26,5.39,18.27
0.2359,0.7242,0.5851,0.3201,-21.91,4.97,19.32
0.2365,0.7247,0.5841,0.3221,-22.26,5.25,18.69
0.2372,0.7193,0.5836,0.3231,-22.26,5.60,19.25
0.2379,0.7188,0.5836,0.3201,-22.47,5.46,18.48
0.2386,0.7208,0.5841,0.3192,-21.91,5.60,18.83
0.2392,0.7183,0.5866,0.3206,-22.47,5.60,18.41
0.2399,0.7154,0.5880,0.3192,-22.19,5.25,18.55
0.2406,0.7198,0.5890,0.3211,-22.75,5.39,18.48
0.2412,0.7222,0.5910,0.3274,-22.05,5.46,18.13
0.2419,0.7178,0.5851,0.3289,-22.96,5.60,18.20
0.2426,0.7213,0.5856,0.3235,-22.12,5.81,17.99
0.2433,0.7232,0.5915,0.3226,-22.47,5.46,18.13
0.2439,0.7188,0.5895,0.3231,-22.68,5.81,17.78
0.2446,0.7144,0.5919,0.3245,-22.40,5.60,18.20
0.2453,0.7130,0.5910,0.3284,-22.61,5.39,17.36
0.2459,0.7139,0.5900,0.3299,-22.68,5.88,17.92
0.2466,0.7154,0.5944,0.3240,-22.82,5.67,17.36
0.2473,0.7135,0.5924,0.3206,-22.19,5.95,18.06
0.2480,0.7120,0.5905,0.3235,-22.96,5.60,17.01
0.2486,0.7154,0.5934,0.3231,-22.12,5.88,17.99
0.2491,0.7105,0.5910,0.3240,-23.10,5.60,16.80
0.2497,0.7105,0.5910,0.3235,-22.26,6.09,17.71
0.2502,0.7144,0.5934,0.3226,-23.03,5.67,17.01
0.2507,0.7139,0.5919,0.3231,-22.54,6.02,17.01
0.2512,0.7154,0.5924,0.3226,-22.54,5.74,17.22
0.2517,0.7125,0.5929,0.3245,-22.75,5.95,16.66
0.2522,0.7125,0.5934,0.3265,-22.33,6.09,16.80
0.2527,0.7144,0.5910,0.3250,-23.03,6.23,16.66
0.2532,0.7144,0.5880,0.3235,-22.47,5.95,16.87
0.2538,0.7149,0.5871,0.3211,-22.82,6.16,16.31
0.2543,0.7125,0.5880,0.3221,-22.40,5.81,16.66
0.2548,0.7115,0.5910,0.3240,-22.96,6.44,16.59
0.2553,0.7135,0.5915,0.3260,-22.26,6.02,16.45
0.2558,0.7159,0.5900,0.3255,-23.03,6.37,16.24
0.2563,0.7139,0.5905,0.3206,-22.26,5.74,16.31
0.2568,0.7135,0.5900,0.3221,-22.61,6.44,16.38
0.2573,0.7164,0.5885,0.3240,-22.54,5.88,15.96
0.2579,0.7139,0.5905,0.3211,-22.40,6.30,16.31
0.2584,0.7110,0.5871,0.3172,-22.40,6.16,16.31
0.2589,0.7115,0.5866,0.3172,-22.40,6.44,16.10
0.2601,0.7125,0.5890,0.3196,-22.54,6.23,16.17
0.2613,0.7144,0.5841,0.3201,-22.19,5.74,15.82
0.2624,0.7144,0.5841,0.3206,-22.68,6.72,16.17
0.2636,0.7115,0.5861,0.3221,-21.98,6.09,15.82
0.2648,0.7144,0.5827,0.3235,-22.47,6.51,15.89
0.2660,0.7178,0.5807,0.3235,-22.12,5.95,15.96
0.2672,0.7159,0.5851,0.3240,-22.33,6.93,16.10
0.2684,0.7164,0.5866,0.3279,-22.26,5.95,15.40
0.2696,0.7169,0.5856,0.3240,-22.26,6.79,16.17
0.2707,0.7149,0.5866,0.3192,-22.47,6.02,15.68
0.2719,0.7169,0.5841,0.3226,-22.26,6.79,16.03
0.2731,0.7164,0.5817,0.3226,-22.12,5.74,15.47
0.2743,0.7164,0.5807,0.3226,-21.98,7.14,15.89
0.2755,0.7183,0.5788,0.3221,-22.26,5.81,15.68
0.2767,0.7164,0.5763,0.3211,-21.84,6.93,16.03
0.2779,0.7178,0.5788,0.3216,-22.12,5.67,15.54
0.2791,0.7193,0.5778,0.3255,-21.70,6.58,15.68
0.2802,0.7193,0.5758,0.3250,-22.26,6.23,15.75
0.2814,0.7203,0.5783,0.3201,-21.70,6.44,15.54
0.2826,0.7208,0.5807,0.3216,-21.91,6.44,15.68
0.2832,0.7227,0.5802,0.3206,-21.84,6.16,15.68
0.2838,0.7227,0.5773,0.3206,-21.77,6.23,15.96
0.2843,0.7178,0.5783,0.3192,-21.84,6.09,15.40
0.2849,0.7178,0.5773,0.3196,-21.63,6.44,15.61
0.2855,0.7222,0.5754,0.3235,-21.84,5.88,15.61
0.2861,0.7208,0.5744,0.3231,-21.63,6.37,15.54
0.2867,0.7193,0.5710,0.3235,-21.63,6.51,16.03
0.2872,0.7208,0.5729,0.3245,-21.42,5.95,15.47
0.2878,0.7203,0.5734,0.3192,-21.84,5.95,15.82
0.2884,0.7193,0.5690,0.3162,-21.56,6.16,15.33
0.2890,0.7232,0.5680,0.3182,-21.35,6.02,15.68
0.2896,0.7247,0.5685,0.3221,-21.21,6.30,15.47
0.2901,0.7247,0.5690,0.3265,-21.21,5.60,15.82
0.2907,0.7247,0.5690,0.3226,-21.42,6.23,15.54
0.2913,0.7261,0.5661,0.3201,-21.35,5.60,15.33
0.2919,0.7276,0.5656,0.3226,-21.07,6.44,15.89
0.2924,0.7276,0.5675,0.3240,-21.35,5.53,15.61
0.2930,0.7296,0.5666,0.3216,-20.79,5.88,15.61
0.2936,0.7291,0.5671,0.3192,-21.14,5.11,15.33
0.2942,0.7261,0.5675,0.3245,-21.14,5.81,15.54
0.2942,0.7257,0.5641,0.3289,-20.86,5.60,15.61
0.2942,0.7257,0.5597,0.3235,-21.00,5.46,15.61
0.2943,0.7252,0.5602,0.3226,-21.14,5.60,15.54
0.2943,0.7257,0.5607,0.3245,-21.35,5.60,15.40
0.2943,0.7247,0.5646,0.3226,-20.37,5.46,15.61
0.2944,0.7281,0.5622,0.3201,-20.51,5.46,15.82
0.2944,0.7281,0.5607,0.3196,-20.65,5.46,15.47
0.2944,0.7227,0.5627,0.3226,-20.37,5.60,15.96
0.2945,0.7261,0.5612,0.3231,-20.72,5.04,15.33
0.2945,0.7305,0.5612,0.3211,-20.23,5.32,15.61
0.2945,0.7305,0.5636,0.3211,-20.79,4.90,15.47
0.2946,0.7296,0.5627,0.3206,-20.16,5.25,15.61
0.2946,0.7315,0.5612,0.3187,-20.72,5.04,15.54
0.2946,0.7349,0.5597,0.3172,-20.09,4.76,15.61
0.2946,0.7330,0.5583,0.3182,-20.44,5.32,15.33
0.2947,0.7330,0.5573,0.3240,-19.81,4.76,15.61
0.2947,0.7330,0.5578,0.3245,-20.37,5.25,15.68
0.2947,0.7315,0.5558,0.3221,-20.16,4.55,15.47
0.2948,0.7325,0.5510,0.3235,-20.23,4.90,15.47
0.2948,0.7340,0.5558,0.3235,-20.09,4.41,15.33
0.2965,0.7369,0.5568,0.3216,-20.02,4.69,16.10
0.2983,0.7374,0.5529,0.3270,-19.74,3.92,15.05
0.3000,0.7359,0.5529,0.3270,-19.74,4.97,16.03
0.3017,0.7369,0.5524,0.3245,-20.30,4.55,15.19
0.3035,0.7393,0.5544,0.3240,-19.39,4.20,15.89
0.3052,0.7476,0.5514,0.3216,-20.16,4.13,15.47
0.3069,0.7481,0.5558,0.3226,-19.81,3.57,15.96
0.3087,0.7476,0.5553,0.3216,-19.18,4.13,15.82
0.3104,0.7452,0.5549,0.3221,-19.60,3.99,15.68
0.3121,0.7476,0.5553,0.3172,-19.18,3.92,16.31
0.3139,0.7515,0.5529,0.3192,-19.39,3.99,16.10
0.3156,0.7515,0.5514,0.3265,-19.04,3.71,15.96
0.3173,0.7515,0.5529,0.3250,-19.18,3.64,16.31
0.3191,0.7510,0.5514,0.3226,-19.11,3.43,15.96
0.3208,0.7520,0.5510,0.3240,-19.11,3.64,16.45
0.3225,0.7505,0.5529,0.3279,-18.97,2.87,16.03
0.3243,0.7501,0.5539,0.3270,-18.48,3.29,16.59
0.3260,0.7564,0.5568,0.3255,-19.25,2.59,16.03
0.3277,0.7623,0.5583,0.3255,-18.69,2.94,16.45
0.3295,0.7652,0.5568,0.3240,-18.90,2.80,16.45
0.3295,0.7642,0.5583,0.3245,-18.69,2.45,16.52
0.3295,0.7618,0.5558,0.3231,-18.55,2.38,16.59
0.3296,0.7642,0.5558,0.3260,-18.41,2.45,16.87
0.3296,0.7671,0.5563,0.3245,-18.55,2.31,16.45
0.3296,0.7671,0.5519,0.3221,-18.41,2.24,16.80
0.3297,0.7691,0.5510,0.3240,-18.48,1.96,16.59
0.3297,0.7691,0.5510,0.3260,-17.92,2.03,16.87
0.3297,0.7701,0.5485,0.3304,-18.41,1.82,16.87
0.3297,0.7701,0.5500,0.3314,-18.13,1.54,16.80
0.3298,0.7720,0.5495,0.3265,-17.99,1.47,16.80
0.3298,0.7740,0.5519,0.3265,-17.92,1.33,17.15
0.3298,0.7715,0.5510,0.3299,-17.78,1.26,16.45
0.3299,0.7745,0.5519,0.3318,-17.78,1.26,17.29
0.3299,0.7749,0.5539,0.3314,-17.57,1.05,16.87
0.3299,0.7715,0.5505,0.3314,-17.64,0.98,16.94
0.3300,0.7686,0.5529,0.3294,-17.78,0.84,16.94
0.3300,0.7720,0.5539,0.3289,-17.57,0.91,16.87
0.3300,0.7735,0.5568,0.3318,-17.29,0.07,17.01
0.3301,0.7730,0.5583,0.3309,-17.43,0.21,16.52
0.3301,0.7774,0.5524,0.3304,-17.08,0.49,16.94
0.3304,0.7793,0.5534,0.3279,-17.43,0.28,16.52
0.3307,0.7764,0.5549,0.3279,-16.94,-0.07,17.36
0.3310,0.7759,0.5539,0.3299,-17.22,-0.14,16.87
0.3313,0.7764,0.5563,0.3309,-17.29,-0.07,17.15
0.3316,0.7774,0.5592,0.3294,-17.29,0.00,16.80
0.3320,0.7803,0.5563,0.3289,-17.01,-0.35,17.01
0.3323,0.7798,0.5539,0.3333,-17.08,-0.77,16.52
0.3326,0.7784,0.5563,0.3353,-16.73,-0.28,17.15
0.3329,0.7769,0.5583,0.3357,-16.94,-0.98,16.38
0.3332,0.7774,0.5588,0.3338,-16.45,-0.91,16.94
0.3335,0.7784,0.5578,0.3323,-16.87,-1.12,16.73
0.3338,0.7793,0.5558,0.3328,-16.73,-0.63,16.87
0.3341,0.7798,0.5558,0.3318,-16.59,-1.26,16.73
0.3345,0.7842,0.5529,0.3323,-16.24,-1.19,16.52
0.3348,0.7842,0.5505,0.3362,-16.59,-1.19,16.87
0.3351,0.7823,0.5534,0.3367,-15.96,-1.40,16.59
0.3354,0.7798,0.5529,0.3328,-16.66,-1.89,16.66
0.3357,0.7788,0.5524,0.3318,-16.03,-1.82,16.17
0.3360,0.7813,0.5529,0.3309,-16.38,-1.82,16.73
0.3363,0.7793,0.5544,0.3323,-15.89,-1.96,16.52
0.3370,0.7808,0.5529,0.3314,-16.38,-2.24,16.24
0.3377,0.7867,0.5510,0.3314,-15.68,-2.10,16.52
0.3383,0.7842,0.5539,0.3348,-16.10,-2.03,16.10
0.3390,0.7847,0.5558,0.3382,-15.75,-2.10,16.52
0.3397,0.7906,0.5544,0.3426,-15.82,-1.96,16.24
0.3403,0.7886,0.5524,0.3416,-15.82,-2.87,16.59
0.3410,0.7852,0.5510,0.3387,-15.89,-2.24,15.96
0.3417,0.7867,0.5495,0.3387,-15.68,-2.87,16.24
0.3423,0.7847,0.5495,0.3401,-15.61,-2.38,15.96
0.3430,0.7808,0.5510,0.3401,-15.61,-3.08,16.10
0.3437,0.7847,0.5519,0.3401,-15.54,-2.73,15.82
0.3443,0.7867,0.5510,0.3401,-15.47,-3.22,16.03
0.3450,0.7852,0.5495,0.3396,-15.61,-2.94,15.75
0.3457,0.7842,0.5524,0.3372,-15.19,-3.43,15.89
0.3463,0.7837,0.5524,0.3387,-15.40,-2.94,15.89
0.3470,0.7832,0.5529,0.3401,-15.12,-3.71,15.82
0.3477,0.7832,0.5529,0.3411,-15.19,-3.36,15.96
0.3483,0.7847,0.5539,0.3406,-14.91,-3.64,15.68
0.3490,0.7876,0.5553,0.3401,-15.05,-3.01,16.03
0.3497,0.7847,0.5539,0.3426,-15.40,-3.99,15.40
0.3502,0.7793,0.5539,0.3392,-14.91,-3.78,16.03
0.3507,0.7808,0.5549,0.3372,-14.98,-3.99,15.40
0.3512,0.7837,0.5539,0.3387,-14.91,-3.43,16.24
0.3517,0.7857,0.5500,0.3387,-15.12,-3.92,14.91
0.3522,0.7852,0.5519,0.3421,-14.84,-3.36,16.10
0.3528,0.7828,0.5549,0.3431,-14.91,-4.13,15.05
0.3533,0.7847,0.5558,0.3396,-14.42,-3.57,16.10
0.3538,0.7832,0.5553,0.3367,-14.70,-4.13,14.84
0.3543,0.7813,0.5539,0.3353,-14.49,-3.99,16.17
0.3548,0.7828,0.5544,0.3362,-15.12,-3.85,14.84
0.3553,0.7847,0.5544,0.3406,-14.00,-4.06,15.89
0.3559,0.7862,0.5514,0.3387,-15.12,-4.13,14.84
0.3564,0.7852,0.5510,0.3372,-14.07,-3.99,16.10
0.3569,0.7852,0.5500,0.3392,-14.84,-3.71,14.98
0.3574,0.7842,0.5505,0.3401,-13.72,-3.99,15.54
0.3579,0.7803,0.5553,0.3396,-14.49,-4.13,14.98
0.3584,0.7818,0.5563,0.3357,-13.72,-3.71,15.89
0.3590,0.7857,0.5529,0.3372,-14.56,-3.85,15.40
0.3595,0.7828,0.5529,0.3411,-13.86,-4.13,15.54
0.3600,0.7818,0.5529,0.3440,-13.93,-4.20,15.47
0.3605,0.7837,0.5524,0.3421,-14.00,-3.92,15.75
0.3610,0.7876,0.5529,0.3421,-14.00,-4.41,15.26
0.3616,0.7871,0.5495,0.3440,-13.86,-3.92,15.75
0.3621,0.7832,0.5505,0.3445,-14.00,-4.48,15.33
0.3626,0.7852,0.5510,0.3455,-13.58,-3.50,15.61
0.3631,0.7837,0.5461,0.3421,-14.00,-4.55,14.91
0.3637,0.7818,0.5466,0.3416,-13.79,-3.57,15.82
0.3642,0.7876,0.5514,0.3436,-13.65,-4.27,15.05
0.3647,0.7886,0.5495,0.3455,-13.51,-3.64,15.82
0.3652,0.7842,0.5470,0.3470,-13.72,-4.06,15.26
0.3658,0.7852,0.5495,0.3431,-13.79,-3.64,15.61
0.3663,0.7881,0.5519,0.3406,-13.51,-3.99,15.47
0.3668,0.7896,0.5466,0.3406,-13.58,-3.99,15.12
0.3673,0.7906,0.5422,0.3426,-13.37,-3.64,16.24
0.3679,0.7896,0.5446,0.3450,-13.44,-4.34,14.63
0.3684,0.7871,0.5451,0.3421,-13.44,-4.27,14.63
0.3689,0.7891,0.5485,0.3411,-13.30,-3.01,16.45
0.3694,0.7886,0.5539,0.3406,-13.58,-3.85,14.91
0.3700,0.7891,0.5495,0.3387,-13.02,-3.50,16.03
0.3705,0.7935,0.5446,0.3426,-13.51,-3.71,15.19
0.3711,0.7881,0.5436,0.3431,-12.95,-3.43,15.89
0.3717,0.7837,0.5431,0.3436,-13.44,-3.57,15.26
0.3724,0.7871,0.5427,0.3455,-13.23,-3.64,15.89
0.3730,0.7901,0.5436,0.3426,-13.02,-3.15,15.47
0.3736,0.7950,0.5485,0.3411,-13.30,-3.43,15.68
0.3743,0.7935,0.5490,0.3401,-13.02,-3.36,15.61
0.3749,0.7876,0.5480,0.3436,-13.09,-3.15,16.10
0.3755,0.7881,0.5510,0.3455,-12.95,-3.15,15.75
0.3762,0.7930,0.5534,0.3421,-12.95,-3.50,15.40
0.3768,0.7925,0.5510,0.3445,-13.02,-3.01,15.82
0.3774,0.7940,0.5495,0.3460,-13.02,-3.43,15.19
0.3781,0.7950,0.5500,0.3426,-12.53,-2.38,16.31
0.3787,0.7945,0.5490,0.3450,-13.02,-3.50,14.84
0.3794,0.7935,0.5490,0.3445,-12.67,-2.59,16.10
0.3800,0.7915,0.5505,0.3411,-13.09,-3.08,15.33
0.3806,0.7915,0.5529,0.3426,-12.18,-2.38,16.31
0.3813,0.7930,0.5524,0.3455,-13.09,-3.15,15.40
0.3819,0.7959,0.5534,0.3475,-12.25,-2.52,15.75
0.3825,0.7940,0.5524,0.3460,-13.23,-2.24,15.75
0.3832,0.7915,0.5495,0.3479,-12.11,-2.31,15.96
0.3837,0.7950,0.5500,0.3494,-12.60,-2.03,15.54
0.3842,0.7964,0.5485,0.3494,-12.25,-2.66,16.24
0.3848,0.7945,0.5514,0.3489,-12.60,-1.61,15.47
0.3853,0.7935,0.5549,0.3509,-12.32,-2.24,16.10
0.3859,0.7925,0.5563,0.3470,-12.53,-1.54,15.89
0.3864,0.7945,0.5597,0.3436,-11.97,-2.38,16.24
0.3869,0.7993,0.5597,0.3460,-12.32,-1.47,15.61
0.3875,0.7998,0.5592,0.3494,-12.04,-2.31,16.03
0.3880,0.7964,0.5597,0.3523,-12.04,-1.47,15.68
0.3886,0.7945,0.5597,0.3509,-12.04,-1.75,16.10
0.3891,0.7925,0.5588,0.3504,-11.90,-0.91,15.75
0.3896,0.7920,0.5592,0.3523,-11.69,-1.75,16.03
0.3902,0.7940,0.5627,0.3518,-11.62,-1.33,15.61
0.3907,0.7940,0.5612,0.3479,-11.76,-1.61,16.24
0.3913,0.7925,0.5592,0.3489,-11.69,-1.19,15.96
0.3918,0.7940,0.5627,0.3528,-11.83,-1.26,15.96
0.3923,0.7959,0.5617,0.3499,-11.62,-0.70,15.54
0.3929,0.7935,0.5617,0.3514,-11.62,-0.98,15.89
0.3934,0.7935,0.5651,0.3567,-11.48,-0.49,15.89
0.3940,0.7945,0.5661,0.3577,-11.55,-0.77,15.47
0.3949,0.7940,0.5671,0.3601,-11.34,-0.63,16.17
0.3958,0.7925,0.5666,0.3616,-11.48,-0.77,15.54
0.3967,0.7915,0.5666,0.3567,-11.27,-0.07,16.10
0.3976,0.7954,0.5724,0.3514,-11.48,-0.14,15.40
0.3985,0.7969,0.5729,0.3528,-10.92,-0.35,16.24
0.3994,0.7964,0.5710,0.3514,-11.27,-0.21,15.19
0.4004,0.7940,0.5714,0.3533,-10.57,0.07,15.89
0.4013,0.7945,0.5734,0.3582,-10.99,-0.07,14.77
0.4022,0.7979,0.5768,0.3582,-10.99,0.49,15.96
0.4031,0.7940,0.5758,0.3577,-10.85,-0.07,14.84
0.4040,0.7915,0.5744,0.3567,-10.78,0.49,15.82
0.4049,0.7950,0.5739,0.3562,-10.85,0.77,14.91
0.4058,0.7935,0.5744,0.3577,-10.50,0.77,15.33
0.4067,0.7881,0.5734,0.3587,-11.20,0.91,15.12
0.4077,0.7896,0.5700,0.3567,-10.71,0.49,14.91
0.4086,0.7935,0.5690,0.3587,-10.57,0.70,14.77
0.4095,0.7915,0.5675,0.3577,-10.71,0.91,14.56
0.4104,0.7857,0.5646,0.3562,-10.57,1.47,14.84
0.4113,0.7862,0.5656,0.3577,-10.99,1.40,14.21
0.4122,0.7910,0.5656,0.3572,-10.15,1.33,14.63
0.4130,0.7906,0.5636,0.3582,-10.85,1.40,13.93
0.4137,0.7876,0.5627,0.3616,-10.08,1.54,14.56
0.4145,0.7871,0.5661,0.3606,-10.78,1.61,13.72
0.4152,0.7896,0.5685,0.3587,-10.15,1.96,14.00
0.4160,0.7920,0.5661,0.3636,-10.78,1.61,13.44
0.4167,0.7925,0.5675,0.3655,-10.01,1.82,13.72
0.4174,0.7950,0.5685,0.3621,-10.71,2.17,13.02
0.4182,0.7906,0.5636,0.3597,-10.43,2.17,13.37
0.4189,0.7910,0.5597,0.3592,-10.57,2.31,12.74
0.4197,0.7945,0.5641,0.3621,-10.57,2.17,13.23
0.4204,0.7901,0.5651,0.3645,-10.43,2.87,12.74
0.4212,0.7896,0.5607,0.3655,-10.29,2.03,12.46
0.4219,0.7896,0.5636,0.3645,-10.50,3.01,12.60
0.4227,0.7886,0.5646,0.3636,-10.43,2.31,11.20
0.4234,0.7920,0.5636,0.3650,-10.29,3.85,13.44
0.4242,0.7940,0.5646,0.3640,-10.92,2.45,10.99
0.4249,0.7945,0.5656,0.3645,-10.08,3.50,12.32
0.4257,0.7950,0.5646,0.3621,-10.92,3.22,10.92
0.4264,0.7930,0.5612,0.3587,-10.08,3.57,12.18
0.4272,0.7886,0.5607,0.3577,-10.85,3.22,10.64
0.4272,0.7871,0.5607,0.3582,-10.15,3.50,11.83
0.4272,0.7881,0.5622,0.3601,-10.64,3.50,10.08
0.4273,0.7891,0.5651,0.3587,-10.29,4.13,11.62
0.4273,0.7881,0.5646,0.3562,-10.64,3.85,9.87
0.4273,0.7862,0.5597,0.3597,-10.22,4.06,11.06
0.4274,0.7871,0.5563,0.3631,-10.92,4.27,9.94
0.4274,0.7906,0.5588,0.3611,-10.08,4.27,10.85
0.4274,0.7945,0.5578,0.3616,-10.64,4.83,9.52
0.4275,0.7901,0.5563,0.3655,-10.29,4.41,10.36
0.4275,0.7857,0.5583,0.3562,-10.85,4.69,9.45
0.4275,0.7857,0.5553,0.3597,-10.71,5.04,9.24
0.4276,0.7881,0.5578,0.3616,-10.50,5.25,9.31
0.4276,0.7886,0.5558,0.3611,-10.43,5.25,9.87
0.4276,0.7891,0.5563,0.3582,-10.99,5.39,8.40
0.4277,0.7876,0.5568,0.3597,-10.50,5.18,9.66
0.4277,0.7862,0.5553,0.3611,-10.85,5.32,8.12
0.4277,0.7862,0.5568,0.3601,-10.78,5.74,9.45
0.4278,0.7837,0.5549,0.3572,-10.92,5.95,8.05
0.4278,0.7842,0.5553,0.3601,-10.78,5.88,9.03
0.4278,0.7896,0.5558,0.3621,-11.06,5.60,7.70
0.4283,0.7886,0.5514,0.3562,-10.50,5.81,8.82
0.4289,0.7871,0.5505,0.3577,-11.13,6.23,7.77
0.4294,0.7886,0.5514,0.3572,-10.71,6.16,8.61
0.4299,0.7847,0.5505,0.3538,-11.06,6.58,7.70
0.4304,0.7867,0.5524,0.3572,-10.92,6.09,8.12
0.4309,0.7891,0.5510,0.3587,-10.85,6.72,7.98
0.4314,0.7901,0.5461,0.3562,-10.92,6.79,7.91
0.4320,0.7896,0.5461,0.3587,-10.99,6.93,7.91
0.4325,0.7862,0.5461,0.3587,-10.85,6.86,7.49
0.4330,0.7847,0.5456,0.3553,-11.55,6.72,7.63
0.4335,0.7847,0.5451,0.3538,-10.92,7.07,7.63
0.4340,0.7867,0.5422,0.3538,-11.20,6.65,7.77
0.4345,0.7886,0.5402,0.3558,-11.34,7.56,7.49
0.4351,0.7871,0.5392,0.3548,-11.20,7.63,8.05
0.4356,0.7867,0.5388,0.3523,-11.34,7.77,7.28
0.4361,0.7871,0.5383,0.3533,-10.99,7.63,7.84
0.4366,0.7896,0.5368,0.3509,-11.48,7.63,7.07
0.4371,0.7910,0.5383,0.3489,-10.92,7.56,7.84
0.4376,0.7886,0.5402,0.3523,-11.83,7.84,6.72
0.4382,0.7871,0.5378,0.3533,-11.41,8.05,8.12
0.4388,0.7891,0.5339,0.3514,-11.41,7.84,6.93
0.4394,0.7906,0.5339,0.3514,-11.27,7.98,7.84
0.4400,0.7886,0.5373,0.3533,-11.69,8.26,7.28
0.4406,0.7910,0.5373,0.3509,-11.62,8.19,7.42
0.4412,0.7935,0.5309,0.3479,-11.76,8.47,7.56
0.4418,0.7930,0.5314,0.3475,-11.90,8.19,7.35
0.4424,0.7915,0.5358,0.3499,-11.41,8.75,7.98
0.4430,0.7915,0.5344,0.3562,-11.90,8.26,7.35
0.4436,0.7915,0.5285,0.3548,-11.34,9.10,8.33
0.4442,0.7896,0.5261,0.3509,-11.76,8.68,7.14
0.4448,0.7906,0.5295,0.3509,-11.62,8.89,8.75
0.4454,0.7950,0.5309,0.3470,-12.18,8.96,7.07
0.4460,0.7969,0.5314,0.3489,-11.69,8.96,8.47
0.4466,0.7935,0.5305,0.3509,-12.04,8.89,7.35
0.4472,0.7896,0.5290,0.3479,-11.90,9.31,8.54
0.4478,0.7876,0.5305,0.3479,-12.39,8.82,7.21
0.4485,0.7896,0.5295,0.3479,-11.97,9.17,9.10
0.4491,0.7906,0.5270,0.3494,-12.46,9.10,7.56
0.4497,0.7910,0.5280,0.3489,-11.76,9.31,8.75
0.4503,0.7945,0.5270,0.3450,-12.67,9.03,7.56
0.4514,0.7954,0.5256,0.3426,-11.90,9.59,9.03
0.4526,0.7910,0.5241,0.3465,-12.60,9.66,7.77
0.4538,0.7891,0.5226,0.3470,-11.90,9.59,8.89
0.4549,0.7915,0.5236,0.3436,-12.67,9.80,8.40
0.4561,0.7935,0.5207,0.3455,-11.83,9.31,8.47
0.4573,0.7915,0.5173,0.3484,-12.67,9.45,8.54
0.4585,0.7935,0.5197,0.3470,-11.97,9.38,8.82
0.4596,0.7915,0.5202,0.3445,-12.67,9.94,8.82
0.4608,0.7891,0.5173,0.3411,-12.53,10.01,8.61
0.4620,0.7925,0.5158,0.3406,-12.53,10.15,9.31
0.4631,0.7940,0.5192,0.3436,-12.53,9.52,8.47
0.4643,0.7935,0.5197,0.3431,-12.39,10.08,9.59
0.4655,0.7891,0.5178,0.3421,-12.74,9.73,8.40
0.4666,0.7901,0.5192,0.3436,-12.67,10.29,9.87
0.4678,0.7910,0.5168,0.3440,-12.95,9.45,8.47
0.4690,0.7906,0.5134,0.3406,-12.39,10.29,10.08
0.4701,0.7915,0.5139,0.3416,-13.37,9.45,8.75
0.4713,0.7896,0.5183,0.3406,-12.25,9.80,9.94
0.4725,0.7891,0.5212,0.3357,-13.30,9.80,9.03
0.4736,0.7906,0.5197,0.3357,-12.67,10.15,9.94
0.4737,0.7945,0.5187,0.3377,-13.09,9.87,9.10
0.4737,0.7969,0.5153,0.3416,-12.32,9.87,10.15
0.4738,0.7940,0.5124,0.3436,-13.51,10.08,9.52
0.4738,0.7915,0.5129,0.3416,-12.60,9.87,9.73
0.4738,0.7915,0.5153,0.3421,-12.95,9.87,9.87
0.4739,0.7950,0.5114,0.3406,-12.95,10.08,10.36
0.4739,0.7940,0.5148,0.3387,-13.30,9.66,9.59
0.4739,0.7964,0.5139,0.3431,-13.02,10.08,10.57
0.4740,0.7940,0.5153,0.3426,-13.30,9.52,9.73
0.4740,0.7950,0.5173,0.3406,-13.02,10.22,10.71
0.4741,0.7979,0.5153,0.3392,-13.44,9.66,9.52
0.4741,0.7979,0.5148,0.3372,-12.88,9.80,10.85
0.4741,0.7989,0.5124,0.3436,-13.72,9.38,9.59
0.4742,0.7984,0.5144,0.3431,-12.88,10.36,10.71
0.4742,0.7989,0.5187,0.3411,-13.58,9.31,9.73
0.4742,0.7998,0.5139,0.3396,-13.02,9.94,11.20
0.4743,0.7969,0.5148,0.3411,-13.86,9.31,9.66
0.4743,0.7959,0.5207,0.3465,-13.02,9.45,10.92
0.4744,0.8008,0.5207,0.3475,-13.79,9.52,10.22
0.4744,0.8003,0.5173,0.3445,-13.30,9.24,10.85
0.4749,0.7979,0.5173,0.3455,-13.65,9.59,10.43
0.4754,0.7984,0.5192,0.3455,-13.37,9.17,10.78
0.4759,0.7954,0.5178,0.3406,-13.58,9.31,10.50
0.4764,0.7940,0.5212,0.3421,-13.30,9.17,10.43
0.4769,0.7969,0.5222,0.3455,-13.44,8.96,10.64
0.4774,0.7993,0.5192,0.3450,-13.58,9.03,10.15
0.4779,0.7993,0.5207,0.3445,-13.44,9.17,11.20
0.4783,0.7974,0.5236,0.3431,-13.51,8.82,10.22
0.4788,0.7954,0.5217,0.3401,-13.58,9.31,11.27
0.4793,0.7945,0.5187,0.3416,-13.30,9.24,10.71
0.4798,0.7964,0.5202,0.3431,-13.30,8.89,11.20
0.4803,0.7959,0.5212,0.3416,-13.72,8.40,10.36
0.4808,0.7925,0.5222,0.3421,-13.51,8.68,11.06
0.4813,0.7915,0.5222,0.3440,-13.30,8.68,10.64
0.4818,0.7891,0.5183,0.3411,-13.72,8.47,11.27
0.4823,0.7901,0.5183,0.3426,-13.37,8.26,10.71
0.4828,0.7945,0.5212,0.3455,-13.44,8.89,11.13
0.4833,0.7964,0.5197,0.3436,-13.30,8.68,11.27
0.4838,0.8018,0.5192,0.3426,-13.72,8.61,10.64
0.4843,0.8042,0.5212,0.3416,-13.30,8.26,11.48
0.4848,0.7984,0.5192,0.3401,-13.51,8.33,10.43
0.4853,0.7945,0.5158,0.3406,-13.37,7.84,11.27
0.4858,0.7950,0.5163,0.3421,-13.37,8.54,10.92
0.4863,0.7969,0.5187,0.3445,-13.58,7.77,11.13
0.4868,0.7974,0.5202,0.3470,-13.23,8.40,10.99
0.4873,0.7998,0.5207,0.3440,-13.58,7.70,11.06
0.4879,0.7998,0.5226,0.3470,-13.37,7.84,10.92
0.4884,0.7959,0.5246,0.3479,-13.51,7.63,11.27
0.4889,0.7979,0.5231,0.3421,-13.37,7.98,11.27
0.4894,0.7984,0.5212,0.3416,-13.44,7.63,11.13
0.4899,0.7974,0.5217,0.3406,-13.23,7.77,11.34
0.4904,0.7974,0.5231,0.3421,-13.44,7.49,10.92
0.4909,0.7984,0.5217,0.3445,-13.44,7.49,11.41
0.4915,0.7989,0.5217,0.3445,-13.09,7.35,10.71
0.4920,0.7998,0.5236,0.3465,-13.23,7.14,11.20
0.4925,0.7989,0.5236,0.3504,-13.16,7.28,10.92
0.4930,0.7950,0.5226,0.3514,-13.51,7.00,11.06
0.4935,0.7959,0.5222,0.3494,-13.16,7.35,11.06
0.4940,0.7984,0.5226,0.3509,-13.23,7.07,10.78
0.4945,0.7993,0.5202,0.3533,-12.88,7.14,11.27
0.4954,0.8008,0.5207,0.3543,-13.37,6.72,10.71
0.4963,0.8023,0.5212,0.3523,-12.95,6.93,11.27
0.4972,0.8008,0.5212,0.3489,-13.23,6.51,10.57
0.4981,0.7989,0.5231,0.3484,-12.95,7.28,11.69
0.4990,0.7964,0.5197,0.3509,-13.09,6.30,10.57
0.4999,0.7989,0.5183,0.3494,-12.81,7.14,11.20
0.5008,0.8023,0.5173,0.3484,-13.09,6.30,10.71
0.5017,0.8023,0.5153,0.3494,-12.74,6.51,10.78
0.5026,0.7993,0.5173,0.3509,-13.02,5.88,10.50
0.5035,0.7998,0.5187,0.3504,-12.60,6.51,11.20
0.5044,0.8008,0.5217,0.3470,-13.44,6.16,10.50
0.5053,0.7984,0.5202,0.3470,-12.60,6.23,10.99
0.5062,0.7979,0.5163,0.3460,-13.02,5.88,10.57
0.5070,0.7984,0.5187,0.3455,-12.67,6.02,10.64
0.5079,0.7984,0.5178,0.3455,-12.81,5.95,10.71
0.5088,0.7993,0.5173,0.3475,-12.53,6.02,10.85
0.5097,0.7993,0.5192,0.3489,-12.60,5.60,10.64
0.5106,0.7989,0.5183,0.3504,-12.74,5.53,10.36
0.5115,0.7989,0.5187,0.3504,-12.81,5.88,11.06
0.5124,0.7989,0.5197,0.3489,-12.74,5.39,10.22
0.5137,0.7984,0.5183,0.3514,-12.53,5.67,10.85
0.5151,0.7940,0.5217,0.3538,-12.74,5.32,10.50
0.5164,0.7984,0.5222,0.3514,-12.81,5.32,10.57
0.5178,0.7989,0.5192,0.3489,-12.11,5.04,10.71
0.5191,0.7969,0.5187,0.3455,-12.53,5.39,10.64
0.5204,0.7945,0.5212,0.3426,-12.32,5.04,10.71
0.5218,0.7920,0.5217,0.3436,-12.04,5.32,11.06
0.5231,0.7930,0.5207,0.3465,-12.81,4.55,10.29
0.5244,0.7974,0.5207,0.3494,-11.83,5.11,10.78
0.5258,0.8008,0.5261,0.3494,-12.74,4.48,10.36
0.5271,0.7979,0.5251,0.3494,-11.83,4.76,10.99
0.5285,0.7940,0.5197,0.3475,-12.53,4.34,10.15
0.5298,0.7950,0.5212,0.3445,-11.83,4.48,10.92
0.5311,0.7940,0.5251,0.3436,-12.53,4.20,10.29
0.5325,0.7910,0.5261,0.3445,-11.48,4.55,10.85
0.5338,0.7920,0.5231,0.3455,-11.97,4.34,9.80
0.5351,0.7940,0.5202,0.3484,-11.76,4.76,11.06
0.5365,0.7925,0.5222,0.3509,-11.97,4.20,9.73
0.5378,0.7925,0.5226,0.3489,-11.48,4.55,11.55
0.5391,0.7935,0.5192,0.3504,-11.83,3.92,9.59
0.5392,0.7910,0.5256,0.3523,-11.55,3.85,10.78
0.5392,0.7891,0.5236,0.3523,-11.20,4.13,11.13
0.5393,0.7930,0.5207,0.3518,-11.55,4.13,9.80
0.5393,0.7940,0.5217,0.3489,-11.27,3.57,10.64
0.5393,0.7891,0.5251,0.3518,-11.55,4.41,10.22
0.5394,0.7906,0.5246,0.3528,-11.20,3.64,10.01
0.5394,0.7930,0.5236,0.3479,-11.34,4.41,10.22
0.5394,0.7906,0.5236,0.3484,-11.41,3.15,9.80
0.5395,0.7876,0.5231,0.3514,-11.06,3.92,10.15
0.5395,0.7871,0.5207,0.3523,-11.27,3.15,9.52
0.5396,0.7871,0.5183,0.3475,-11.27,3.92,10.22
0.5396,0.7896,0.5207,0.3499,-11.13,2.94,8.82
0.5396,0.7891,0.5222,0.3518,-10.92,4.06,10.08
0.5397,0.7871,0.5183,0.3470,-10.99,3.29,8.96
0.5397,0.7862,0.5163,0.3504,-10.99,4.06,9.94
0.5397,0.7837,0.5144,0.3558,-10.78,3.08,8.61
0.5398,0.7837,0.5119,0.3567,-10.92,3.71,9.87
0.5398,0.7823,0.5168,0.3543,-11.06,3.36,8.61
0.5398,0.7837,0.5217,0.3538,-10.64,3.43,9.38
0.5399,0.7837,0.5217,0.3572,-11.06,3.50,8.40
0.5404,0.7813,0.5207,0.3592,-10.64,3.08,9.10
0.5410,0.7842,0.5192,0.3567,-11.41,3.08,8.40
0.5416,0.7871,0.5178,0.3601,-10.29,3.36,8.89
0.5421,0.7857,0.5187,0.3616,-10.99,3.29,8.40
0.5427,0.7818,0.5173,0.3597,-10.43,2.94,8.54
0.5433,0.7837,0.5173,0.3606,-10.78,3.15,8.33
0.5438,0.7857,0.5187,0.3611,-10.36,2.94,8.12
0.5444,0.7832,0.5168,0.3597,-10.78,3.36,8.40
0.5450,0.7837,0.5183,0.3572,-10.43,2.80,7.91
0.5455,0.7867,0.5192,0.3616,-10.71,2.87,7.91
0.5461,0.7867,0.5168,0.3636,-10.50,2.80,7.70
0.5467,0.7823,0.5158,0.3631,-10.57,3.36,8.33
0.5472,0.7808,0.5139,0.3645,-10.57,2.87,7.14
0.5478,0.7803,0.5119,0.3631,-10.08,3.36,8.19
0.5484,0.7793,0.5134,0.3616,-10.64,2.73,6.79
0.5489,0.7818,0.5168,0.3626,-10.36,3.36,7.84
0.5495,0.7823,0.5187,0.3640,-10.43,2.59,6.79
0.5500,0.7798,0.5187,0.3631,-9.87,2.80,7.42
0.5506,0.7798,0.5178,0.3626,-10.08,2.87,7.14
0.5512,0.7779,0.5192,0.3567,-10.15,2.73,7.14
0.5517,0.7774,0.5202,0.3558,-9.94,2.94,6.79
0.5522,0.7764,0.5207,0.3626,-9.87,2.38,6.72
0.5528,0.7745,0.5222,0.3611,-9.94,2.87,7.00
0.5533,0.7740,0.5217,0.3616,-9.73,2.87,6.93
0.5539,0.7715,0.5241,0.3621,-9.94,2.80,6.44
0.5544,0.7701,0.5222,0.3577,-9.45,3.29,6.79
0.5549,0.7710,0.5202,0.3606,-9.59,2.80,6.44
0.5555,0.7715,0.5207,0.3665,-9.59,2.80,6.58
0.5560,0.7740,0.5217,0.3665,-9.73,3.29,6.58
0.5565,0.7769,0.5246,0.3670,-9.45,2.87,6.16
0.5571,0.7745,0.5212,0.3665,-9.17,2.87,6.51
0.5576,0.7730,0.5183,0.3645,-9.59,2.73,6.58
0.5581,0.7725,0.5202,0.3636,-9.38,2.94,6.30
0.5587,0.7715,0.5207,0.3640,-9.52,2.66,6.16
0.5592,0.7730,0.5231,0.3650,-9.17,2.66,5.95
0.5597,0.7740,0.5207,0.3645,-9.38,2.94,5.95
0.5603,0.7749,0.5173,0.3650,-8.96,2.87,6.51
0.5608,0.7745,0.5202,0.3675,-9.38,3.22,6.02
0.5613,0.7764,0.5187,0.3684,-8.61,3.08,6.09
0.5619,0.7764,0.5178,0.3689,-9.38,2.73,6.02
0.5624,0.7745,0.5197,0.3684,-8.89,2.87,5.81
0.5629,0.7745,0.5222,0.3670,-9.17,2.66,5.74
0.5635,0.7759,0.5246,0.3655,-8.82,2.87,6.09
0.5640,0.7769,0.5246,0.3636,-9.03,2.87,5.67
0.5645,0.7754,0.5266,0.3650,-8.33,3.15,6.02
0.5650,0.7764,0.5275,0.3655,-9.10,2.66,5.53
0.5656,0.7784,0.5251,0.3660,-8.54,3.08,5.81
0.5661,0.7798,0.5256,0.3660,-8.96,2.66,5.67
0.5666,0.7798,0.5261,0.3640,-8.40,3.08,5.46
0.5672,0.7740,0.5246,0.3665,-8.75,3.22,5.46
0.5677,0.7720,0.5251,0.3675,-8.26,2.94,5.53
0.5682,0.7715,0.5236,0.3680,-8.47,3.01,5.04
0.5687,0.7706,0.5231,0.3689,-8.40,3.22,5.32
0.5693,0.7710,0.5222,0.3684,-8.33,3.43,5.46
0.5698,0.7706,0.5212,0.3694,-8.33,2.94,5.11
0.5703,0.7706,0.5212,0.3680,-8.54,3.29,4.83
0.5708,0.7666,0.5207,0.3645,-8.26,3.29,5.53
0.5714,0.7652,0.5236,0.3655,-7.91,3.43,5.11
0.5719,0.7686,0.5241,0.3670,-8.89,3.22,5.04
0.5724,0.7701,0.5241,0.3660,-7.77,3.29,4.97
0.5730,0.7696,0.5266,0.3660,-8.47,3.22,4.62
0.5736,0.7681,0.5236,0.3675,-7.91,3.22,5.11
0.5743,0.7676,0.5217,0.3655,-8.26,3.01,4.48
0.5749,0.7691,0.5226,0.3655,-7.91,3.64,5.11
0.5755,0.7720,0.5212,0.3675,-8.05,3.43,4.27
0.5761,0.7735,0.5212,0.3689,-7.70,3.43,4.90
0.5767,0.7710,0.5212,0.3733,-8.26,3.50,3.78
0.5773,0.7696,0.5173,0.3738,-7.63,3.43,5.32
0.5779,0.7701,0.5168,0.3704,-8.05,3.29,3.50
0.5785,0.7745,0.5168,0.3684,-7.77,3.50,4.83
0.5791,0.7730,0.5163,0.3680,-7.91,3.50,3.64
0.5797,0.7715,0.5197,0.3699,-7.70,3.29,4.69
0.5804,0.7725,0.5217,0.3694,-7.77,3.29,3.22
0.5810,0.7725,0.5212,0.3680,-7.70,3.78,4.55
0.5816,0.7730,0.5183,0.3694,-7.77,3.22,3.22
0.5822,0.7730,0.5163,0.3723,-7.98,3.71,4.20
0.5828,0.7725,0.5148,0.3699,-7.84,3.43,3.43
0.5834,0.7715,0.5119,0.3704,-7.98,3.50,3.64
0.5840,0.7706,0.5109,0.3714,-7.84,4.06,3.85
0.5846,0.7715,0.5134,0.3694,-8.12,3.71,2.94
0.5861,0.7720,0.5100,0.3719,-7.70,3.43,3.64
0.5876,0.7740,0.5070,0.3728,-7.98,4.06,3.08
0.5891,0.7769,0.5080,0.3728,-7.70,3.36,3.64
0.5906,0.7774,0.5080,0.3743,-7.84,4.20,2.59
0.5921,0.7788,0.5070,0.3762,-7.63,3.64,3.50
0.5936,0.7764,0.5095,0.3758,-8.05,3.64,2.45
0.5951,0.7715,0.5090,0.3748,-7.77,3.43,3.22
0.5966,0.7730,0.5046,0.3748,-7.98,3.92,2.45
0.5981,0.7740,0.5070,0.3758,-7.70,3.36,2.94
0.5996,0.7740,0.5070,0.3802,-8.05,4.34,2.38
0.6011,0.7769,0.5065,0.3792,-7.91,3.36,2.94
0.6026,0.7759,0.5085,0.3777,-7.98,3.85,2.31
0.6041,0.7749,0.5109,0.3777,-7.91,3.50,2.31
0.6056,0.7735,0.5104,0.3806,-8.12,4.55,2.66
0.6071,0.7730,0.5100,0.3826,-7.56,3.57,2.38
0.6086,0.7740,0.5061,0.3767,-8.26,4.13,2.59
0.6101,0.7779,0.5056,0.3762,-7.91,3.64,2.10
0.6116,0.7793,0.5080,0.3762,-8.19,3.78,2.31
0.6131,0.7793,0.5085,0.3753,-7.77,3.71,1.82
0.6146,0.7803,0.5070,0.3782,-8.26,3.64,2.24
0.6147,0.7803,0.5046,0.3782,-8.26,3.64,1.89
0.6147,0.7779,0.5046,0.3806,-8.19,3.57,2.03
0.6147,0.7754,0.5051,0.3850,-8.05,4.20,2.03
0.6147,0.7769,0.5070,0.3821,-8.33,3.43,1.96
0.6148,0.7759,0.5022,0.3767,-8.05,3.92,1.61
0.6148,0.7769,0.4997,0.3782,-8.40,3.43,2.03
0.6148,0.7808,0.5012,0.3802,-8.12,3.92,1.47
0.6148,0.7788,0.5017,0.3797,-8.26,3.29,2.17
0.6149,0.7813,0.5046,0.3782,-8.47,3.57,1.26
0.6149,0.7852,0.5031,0.3772,-8.12,3.15,1.54
0.6149,0.7847,0.5017,0.3772,-8.75,3.57,1.82
0.6150,0.7823,0.5026,0.3806,-8.12,3.22,1.33
0.6150,0.7823,0.4978,0.3836,-8.75,3.43,1.68
0.6150,0.7862,0.4948,0.3826,-8.26,3.57,1.33
0.6150,0.7857,0.4973,0.3792,-8.54,2.87,1.26
0.6151,0.7867,0.4997,0.3772,-8.26,3.85,1.75
0.6151,0.7906,0.4997,0.3816,-8.75,3.29,1.47
0.6151,0.7920,0.4953,0.3865,-8.47,3.64,1.33
0.6151,0.7930,0.4982,0.3826,-8.68,3.01,1.33
0.6152,0.7930,0.5007,0.3797,-8.33,3.08,1.47
0.6153,0.7906,0.4992,0.3806,-8.75,3.01,1.54
0.6155,0.7886,0.4987,0.3792,-8.40,3.22,1.47
0.6156,0.7881,0.4963,0.3777,-8.68,2.87,1.47
0.6158,0.7891,0.4948,0.3792,-8.96,3.36,1.82
0.6159,0.7886,0.4939,0.3802,-8.82,2.94,1.40
0.6161,0.7886,0.4953,0.3772,-8.89,3.36,1.61
0.6162,0.7915,0.4982,0.3787,-8.75,2.80,1.40
0.6164,0.7935,0.5002,0.3802,-8.82,3.08,1.26
0.6165,0.7910,0.5007,0.3792,-8.40,2.59,1.68
0.6166,0.7901,0.4992,0.3811,-8.96,2.87,1.26
0.6168,0.7950,0.4943,0.3826,-8.68,2.80,1.61
0.6169,0.7969,0.4973,0.3806,-8.82,2.66,1.68
0.6171,0.7945,0.5022,0.3811,-8.82,1.96,1.61
0.6172,0.7915,0.5022,0.3797,-8.82,2.66,1.61
0.6174,0.7940,0.5022,0.3762,-8.68,2.59,1.82
0.6175,0.7935,0.5031,0.3792,-8.75,2.38,1.89
0.6177,0.7896,0.5070,0.3806,-9.24,2.45,1.68
0.6178,0.7901,0.5070,0.3792,-8.89,2.17,1.82
0.6180,0.7896,0.5080,0.3806,-9.03,2.31,1.61
0.6181,0.7910,0.5080,0.3806,-9.03,2.59,1.89
0.6187,0.7925,0.5095,0.3811,-8.89,2.17,1.68
0.6192,0.7886,0.5119,0.3797,-8.89,1.75,1.82
0.6198,0.7871,0.5119,0.3826,-8.96,1.96,1.54
0.6203,0.7886,0.5124,0.3860,-9.10,1.82,1.75
0.6209,0.7891,0.5109,0.3836,-8.75,1.96,2.03
0.6215,0.7881,0.5114,0.3855,-8.82,1.40,1.82
0.6220,0.7857,0.5095,0.3870,-8.89,1.89,1.75
0.6226,0.7852,0.5109,0.3865,-8.89,1.68,2.03
0.6231,0.7886,0.5095,0.3870,-8.89,1.89,1.96
0.6237,0.7857,0.5080,0.3865,-8.75,1.54,1.82
0.6242,0.7818,0.5095,0.3865,-9.17,1.54,2.31
0.6248,0.7832,0.5075,0.3860,-8.96,1.40,2.03
0.6254,0.7837,0.5051,0.3889,-9.10,1.19,2.10
0.6259,0.7852,0.5041,0.3884,-9.10,0.91,1.96
0.6265,0.7876,0.5051,0.3875,-8.82,1.47,2.52
0.6270,0.7896,0.5070,0.3841,-9.17,0.98,2.03
0.6276,0.7910,0.5065,0.3802,-8.75,0.98,2.45
0.6281,0.7915,0.5051,0.3841,-9.03,0.98,2.17
0.6287,0.7906,0.5022,0.3894,-8.89,0.84,2.31
0.6293,0.7930,0.5031,0.3919,-8.89,1.12,2.17
0.6298,0.7954,0.5022,0.3909,-8.75,0.63,2.52
0.6304,0.7920,0.5012,0.3889,-9.03,0.91,2.31
0.6310,0.7910,0.5002,0.3880,-9.10,0.49,2.45
0.6316,0.7915,0.4992,0.3836,-9.03,0.63,2.31
0.6322,0.7886,0.5012,0.3855,-9.31,0.77,2.38
0.6328,0.7891,0.5002,0.3880,-9.24,0.21,2.38
0.6334,0.7910,0.4992,0.3894,-9.10,0.70,2.38
0.6340,0.7871,0.5002,0.3914,-9.45,-0.07,2.31
0.6345,0.7852,0.5022,0.3899,-9.10,0.49,2.52
0.6351,0.7906,0.5036,0.3889,-9.24,0.28,2.38
0.6357,0.7901,0.5046,0.3904,-9.03,0.49,2.45
0.6363,0.7852,0.5017,0.3899,-9.59,-0.14,2.24
0.6369,0.7876,0.4978,0.3884,-9.31,0.35,2.52
0.6375,0.7871,0.4982,0.3919,-9.59,0.21,2.38
0.6381,0.7828,0.5002,0.3938,-9.45,-0.14,2.45
0.6387,0.7842,0.4997,0.3953,-9.31,-0.07,2.45
0.6392,0.7852,0.4982,0.3967,-9.66,-0.14,2.17
0.6398,0.7837,0.4982,0.3953,-9.31,-0.35,2.59
0.6404,0.7832,0.4953,0.3889,-9.87,0.00,2.45
0.6410,0.7867,0.4885,0.3865,-9.24,-0.49,2.24
0.6416,0.7852,0.4895,0.3880,-9.66,-0.28,2.45
0.6422,0.7784,0.4914,0.3899,-9.80,-0.35,2.73
0.6427,0.7784,0.4895,0.3875,-9.59,-0.28,2.31
0.6433,0.7832,0.4924,0.3845,-9.66,-0.91,2.52
0.6439,0.7842,0.4924,0.3904,-9.87,-0.21,2.80
0.6445,0.7842,0.4914,0.3953,-9.66,-0.77,2.38
0.6450,0.7793,0.4900,0.3982,-9.87,-0.42,2.73
0.6456,0.7749,0.4904,0.3967,-9.94,-0.35,2.52
0.6462,0.7823,0.4919,0.3928,-9.87,-0.49,2.87
0.6468,0.7837,0.4900,0.3938,-9.94,-0.77,2.45
0.6473,0.7803,0.4885,0.3953,-10.08,-0.63,2.94
0.6479,0.7808,0.4914,0.3924,-10.01,-0.56,2.66
0.6485,0.7808,0.4948,0.3943,-9.80,-0.84,2.94
0.6491,0.7808,0.4939,0.3938,-10.36,-0.42,2.73
0.6496,0.7793,0.4934,0.3909,-10.22,-1.26,2.94
0.6502,0.7779,0.4924,0.3972,-10.22,-0.63,2.66
0.6508,0.7784,0.4890,0.3997,-10.36,-0.98,3.15
0.6514,0.7764,0.4885,0.3958,-10.36,-0.77,2.66
0.6519,0.7769,0.4890,0.3943,-10.36,-1.26,3.08
0.6525,0.7774,0.4900,0.3982,-10.50,-0.42,2.80
0.6530,0.7803,0.4919,0.3987,-10.71,-1.40,3.50
0.6536,0.7798,0.4943,0.3943,-10.57,-0.98,3.08
0.6541,0.7788,0.4973,0.3948,-10.99,-1.12,3.29
0.6546,0.7808,0.4939,0.3953,-10.78,-0.70,3.15
0.6552,0.7784,0.4914,0.3977,-10.85,-1.26,3.22
0.6557,0.7808,0.4939,0.3997,-10.71,-1.33,3.36
0.6562,0.7823,0.4968,0.4006,-10.71,-1.05,3.64
0.6567,0.7779,0.4963,0.4016,-10.99,-0.91,3.43
0.6573,0.7740,0.4997,0.3987,-11.13,-1.26,3.50
0.6578,0.7754,0.4953,0.3948,-10.64,-1.12,3.71
0.6583,0.7710,0.4948,0.3997,-10.99,-1.05,3.64
0.6589,0.7696,0.4978,0.4031,-10.92,-1.12,3.85
0.6594,0.7749,0.4948,0.3992,-11.34,-1.19,3.78
0.6599,0.7769,0.4924,0.3987,-10.92,-1.19,3.85
0.6604,0.7745,0.4943,0.3977,-10.99,-1.33,3.92
0.6610,0.7740,0.4924,0.3982,-11.13,-1.19,3.92
0.6615,0.7740,0.4939,0.3987,-10.92,-1.19,3.78
0.6620,0.7725,0.5007,0.3992,-11.20,-0.91,4.20
0.6626,0.7735,0.5012,0.4026,-11.06,-1.40,4.13
0.6631,0.7730,0.4992,0.3967,-10.99,-1.19,4.27
0.6637,0.7735,0.4992,0.3943,-11.34,-1.47,4.20
0.6643,0.7745,0.4978,0.3948,-11.06,-1.68,4.20
0.6648,0.7759,0.4997,0.3977,-11.62,-0.77,4.62
0.6654,0.7798,0.4997,0.3997,-11.34,-1.33,4.48
0.6660,0.7793,0.4987,0.3992,-11.34,-1.68,4.20
0.6666,0.7754,0.5002,0.4002,-11.48,-1.12,4.55
0.6672,0.7715,0.4982,0.3987,-11.55,-1.54,4.34
0.6678,0.7774,0.4948,0.3987,-11.20,-0.98,4.97
0.6684,0.7808,0.4968,0.3987,-11.41,-1.61,4.55
0.6690,0.7798,0.4958,0.3997,-11.41,-1.12,4.90
0.6696,0.7784,0.4948,0.3972,-11.55,-1.26,4.90
0.6701,0.7803,0.4943,0.3948,-11.55,-1.40,4.76
0.6707,0.7793,0.4934,0.4006,-11.55,-1.12,4.97
0.6713,0.7779,0.4978,0.4031,-11.69,-1.05,4.62
0.6719,0.7759,0.4992,0.4016,-11.41,-1.47,4.97
0.6725,0.7740,0.4982,0.4021,-11.55,-1.05,4.48
0.6731,0.7730,0.4978,0.4026,-11.48,-1.40,5.11
0.6737,0.7715,0.4968,0.4026,-11.76,-0.98,4.55
0.6743,0.7730,0.4982,0.4031,-11.41,-1.47,5.11
0.6748,0.7710,0.4997,0.4026,-11.55,-0.91,4.48
0.6761,0.7720,0.4978,0.4011,-11.62,-1.05,5.11
0.6773,0.7740,0.4982,0.4031,-11.90,-1.33,4.27
0.6785,0.7740,0.5031,0.4016,-11.48,-1.26,5.18
0.6797,0.7740,0.4997,0.4026,-11.90,-1.26,4.20
0.6809,0.7686,0.4963,0.4060,-11.41,-0.98,5.18
0.6821,0.7671,0.5012,0.4031,-12.04,-0.98,4.76
0.6833,0.7681,0.5022,0.4021,-11.55,-1.05,5.18
0.6845,0.7686,0.4997,0.4021,-11.97,-1.47,4.34
0.6857,0.7681,0.5012,0.3992,-11.97,-1.19,4.90
0.6870,0.7681,0.5022,0.4016,-11.76,-1.05,4.41
0.6882,0.7701,0.5007,0.4016,-12.04,-0.98,4.69
0.6894,0.7715,0.5031,0.4011,-11.90,-0.98,4.76
0.6906,0.7706,0.5056,0.4046,-11.76,-1.19,4.34
0.6918,0.7662,0.5041,0.4050,-12.18,-1.12,4.62
0.6930,0.7681,0.5065,0.4041,-11.69,-0.98,4.27
0.6942,0.7740,0.5041,0.4046,-11.76,-1.26,4.90
0.6954,0.7715,0.5017,0.4055,-11.83,-1.19,3.71
0.6966,0.7666,0.4978,0.4085,-11.76,-0.84,5.04
0.6979,0.7696,0.4963,0.4094,-12.18,-1.33,3.78
0.6991,0.7710,0.5002,0.4089,-11.41,-1.05,4.83
0.7000,0.7691,0.5026,0.4114,-12.25,-1.40,3.50
0.7008,0.7696,0.5036,0.4085,-11.41,-1.33,4.62
0.7017,0.7735,0.5031,0.4065,-12.18,-1.12,3.57
0.7026,0.7735,0.5017,0.4075,-11.55,-1.19,4.41
0.7035,0.7720,0.4992,0.4065,-11.83,-0.91,3.78
0.7044,0.7730,0.5022,0.4065,-11.83,-1.40,3.99
0.7053,0.7730,0.5031,0.4065,-11.76,-0.35,3.92
0.7062,0.7725,0.5022,0.4041,-11.97,-1.68,3.57
0.7071,0.7740,0.5026,0.4031,-11.90,-0.42,4.20
0.7079,0.7759,0.5002,0.4036,-11.97,-1.82,3.01
0.7088,0.7749,0.5031,0.4050,-11.62,-0.77,4.27
0.7097,0.7715,0.5065,0.4055,-12.18,-1.19,3.15
0.7106,0.7691,0.5061,0.4060,-11.69,-1.12,3.99
0.7115,0.7710,0.5061,0.4070,-12.04,-1.05,3.15
0.7124,0.7720,0.5095,0.4050,-11.41,-0.91,4.27
0.7133,0.7735,0.5104,0.4046,-11.97,-1.12,2.87
0.7142,0.7745,0.5085,0.4080,-11.62,-1.12,4.20
0.7150,0.7710,0.5065,0.4065,-12.04,-1.12,2.73
0.7159,0.7666,0.5080,0.4036,-11.69,-1.19,3.64
0.7168,0.7671,0.5114,0.4070,-11.90,-0.70,2.94
0.7168,0.7706,0.5114,0.4114,-11.48,-1.26,3.64
0.7169,0.7706,0.5095,0.4114,-11.62,-0.56,3.08
0.7169,0.7691,0.5095,0.4168,-11.41,-1.47,3.08
0.7169,0.7666,0.5119,0.4153,-11.97,-0.98,2.87
0.7170,0.7671,0.5124,0.4080,-11.55,-1.05,3.29
0.7170,0.7681,0.5095,0.4026,-11.41,-0.35,3.36
0.7170,0.7686,0.5085,0.4046,-11.13,-1.26,3.29
0.7171,0.7681,0.5114,0.4060,-11.76,-0.77,3.01
0.7171,0.7676,0.5104,0.4060,-11.41,-1.61,2.52
0.7171,0.7706,0.5061,0.4055,-11.48,-0.56,3.50
0.7172,0.7720,0.5075,0.4094,-11.90,-1.33,2.03
0.7172,0.7701,0.5075,0.4119,-11.13,-0.77,3.85
0.7172,0.7701,0.5026,0.4075,-11.55,-1.33,2.03
0.7173,0.7730,0.5017,0.4065,-11.13,-0.63,3.92
0.7173,0.7730,0.5046,0.4085,-11.34,-1.47,2.10
0.7173,0.7754,0.5061,0.4065,-11.27,-0.63,3.71
0.7174,0.7764,0.5056,0.4065,-11.34,-1.19,2.17
0.7174,0.7779,0.5031,0.4065,-10.92,-0.70,3.43
0.7174,0.7798,0.4987,0.4089,-11.48,-1.47,1.82
0.7175,0.7764,0.5007,0.4094,-10.71,-0.42,3.29
0.7182,0.7769,0.5065,0.4050,-11.55,-1.47,2.17
0.7189,0.7793,0.5041,0.4021,-10.71,-0.35,3.08
0.7196,0.7813,0.5012,0.4016,-11.06,-0.35,3.15
0.7203,0.7837,0.5007,0.4021,-11.48,-0.84,2.24
0.7210,0.7828,0.5012,0.4006,-10.71,-1.05,2.52
0.7218,0.7828,0.4997,0.4006,-11.27,-0.98,2.66
0.7225,0.7828,0.4973,0.4011,-10.71,-1.33,2.17
0.7232,0.7832,0.4958,0.4050,-11.06,-0.98,2.80
0.7239,0.7837,0.4958,0.4060,-10.71,-1.05,1.89
0.7246,0.7818,0.4958,0.4041,-11.20,-1.05,2.24
0.7253,0.7823,0.5007,0.4065,-10.85,-1.05,1.89
0.7260,0.7847,0.5002,0.4050,-11.20,-1.26,2.10
0.7267,0.7852,0.4924,0.4055,-10.92,-1.19,1.89
0.7275,0.7842,0.4914,0.4070,-10.78,-1.47,2.24
0.7282,0.7862,0.4953,0.4055,-10.85,-1.33,1.47
0.7289,0.7862,0.4953,0.4041,-10.57,-1.12,2.38
0.7296,0.7862,0.4939,0.4050,-11.20,-1.19,1.61
0.7303,0.7857,0.4943,0.4109,-10.50,-0.49,2.17
0.7310,0.7832,0.4953,0.4085,-11.13,-1.47,1.33
0.7317,0.7886,0.4943,0.4070,-11.06,-1.47,1.19
0.7322,0.7876,0.4934,0.4080,-10.01,-1.33,1.82
0.7327,0.7867,0.4900,0.4065,-11.27,-1.68,1.19
0.7333,0.7842,0.4900,0.4031,-10.29,-0.70,2.10
0.7338,0.7852,0.4919,0.4065,-11.34,-1.61,1.33
0.7343,0.7852,0.4934,0.4128,-10.01,-0.98,1.82
0.7348,0.7842,0.4958,0.4089,-10.99,-2.10,1.26
0.7353,0.7857,0.4963,0.4050,-10.36,-1.05,1.82
0.7358,0.7876,0.4963,0.4080,-10.71,-1.68,1.12
0.7363,0.7876,0.4958,0.4080,-10.29,-1.47,1.82
0.7368,0.7896,0.4958,0.4089,-10.64,-1.47,1.26
0.7373,0.7881,0.4958,0.4085,-10.57,-1.26,1.89
0.7378,0.7852,0.4968,0.4041,-10.29,-1.40,0.98
0.7383,0.7891,0.4982,0.4036,-10.50,-1.54,1.75
0.7388,0.7906,0.4982,0.4085,-10.36,-1.54,1.26
0.7393,0.7871,0.4973,0.4128,-10.15,-1.54,1.75
0.7398,0.7881,0.4948,0.4060,-10.22,-1.54,1.47
0.7403,0.7915,0.4953,0.4036,-10.36,-1.89,1.40
0.7409,0.7881,0.4953,0.4089,-10.15,-1.26,1.89
0.7414,0.7910,0.4973,0.4089,-10.29,-2.31,0.98
0.7419,0.7930,0.5012,0.4046,-9.80,-1.05,2.24
0.7425,0.7881,0.4973,0.4055,-10.36,-2.31,0.98
0.7431,0.7891,0.4948,0.4094,-9.73,-1.47,2.31
0.7436,0.7925,0.4968,0.4075,-10.15,-1.82,1.26
0.7442,0.7959,0.4953,0.4089,-9.31,-2.03,2.31
0.7448,0.7979,0.4929,0.4089,-10.22,-2.03,1.12
0.7454,0.7964,0.4914,0.4046,-9.52,-1.89,2.24
0.7460,0.7974,0.4900,0.4006,-10.15,-2.10,1.54
0.7466,0.7969,0.4924,0.4002,-9.52,-2.17,1.96
0.7472,0.7940,0.4939,0.4046,-9.94,-1.89,1.61
0.7478,0.7920,0.4919,0.4055,-9.59,-2.17,2.10
0.7484,0.7935,0.4914,0.4031,-9.66,-1.68,2.10
0.7490,0.7945,0.4900,0.4016,-9.52,-2.52,2.03
0.7496,0.7935,0.4900,0.4021,-9.73,-1.75,2.10
0.7502,0.7935,0.4919,0.4065,-9.52,-2.66,2.03
0.7508,0.7906,0.4924,0.4109,-9.24,-2.38,2.03
0.7514,0.7950,0.4900,0.4080,-9.38,-2.66,1.75
0.7519,0.7969,0.4890,0.4065,-9.24,-2.03,2.59
0.7525,0.7925,0.4929,0.4089,-9.45,-2.59,1.75
0.7531,0.7910,0.4929,0.4060,-9.31,-2.45,2.10
0.7537,0.7906,0.4895,0.4046,-9.31,-2.24,2.24
0.7543,0.7881,0.4900,0.4046,-8.89,-2.31,2.38
0.7549,0.7886,0.4909,0.4041,-9.31,-2.38,2.17
0.7554,0.7901,0.4900,0.4031,-8.96,-2.59,2.10
0.7560,0.7867,0.4846,0.4050,-9.52,-2.24,2.45
0.7566,0.7891,0.4826,0.4065,-8.68,-2.52,2.03
0.7571,0.7910,0.4851,0.4026,-9.38,-2.66,2.03
0.7577,0.7871,0.4851,0.4002,-8.82,-2.66,2.38
0.7583,0.7876,0.4856,0.4021,-9.45,-2.66,2.17
0.7588,0.7871,0.4880,0.4050,-8.82,-2.66,2.31
0.7594,0.7867,0.4909,0.4065,-9.17,-3.01,1.75
0.7600,0.7871,0.4870,0.4065,-9.17,-2.52,2.24
0.7605,0.7867,0.4807,0.4060,-8.96,-2.80,1.96
0.7611,0.7886,0.4856,0.4050,-8.89,-2.59,2.24
0.7617,0.7910,0.4875,0.4036,-9.10,-3.01,2.24
0.7622,0.7906,0.4831,0.4050,-8.68,-2.59,2.24
0.7628,0.7915,0.4817,0.4065,-8.75,-2.87,2.17
0.7634,0.7862,0.4812,0.4075,-9.03,-2.80,2.10
0.7639,0.7852,0.4851,0.4041,-8.82,-2.80,2.24
0.7645,0.7886,0.4860,0.4055,-8.61,-3.08,2.03
0.7651,0.7906,0.4817,0.4060,-8.61,-2.59,1.89
0.7662,0.7886,0.4807,0.4070,-8.54,-3.36,2.10
0.7674,0.7862,0.4856,0.4055,-8.89,-2.80,1.61
0.7685,0.7862,0.4841,0.4036,-8.54,-3.64,2.24
0.7696,0.7862,0.4831,0.4026,-8.54,-2.52,1.54
0.7708,0.7818,0.4831,0.4036,-8.75,-3.43,2.03
0.7719,0.7813,0.4836,0.4080,-8.26,-2.87,1.47
0.7730,0.7803,0.4841,0.4075,-8.82,-3.71,1.96
0.7742,0.7813,0.4836,0.4060,-8.40,-3.01,1.61
0.7753,0.7832,0.4865,0.4046,-8.89,-3.50,1.89
0.7764,0.7823,0.4880,0.4026,-8.33,-2.87,1.54
0.7776,0.7857,0.4851,0.4041,-8.54,-3.22,1.96
0.7787,0.7852,0.4821,0.4021,-8.19,-3.43,1.19
0.7798,0.7788,0.4831,0.4031,-8.05,-3.43,1.82
0.7810,0.7813,0.4821,0.4050,-8.40,-3.08,1.68
0.7821,0.7823,0.4826,0.4060,-8.12,-3.36,1.33
0.7832,0.7828,0.4802,0.4104,-8.19,-3.36,1.61
0.7844,0.7793,0.4792,0.4070,-8.54,-3.22,1.54
0.7855,0.7784,0.4807,0.4041,-8.33,-3.15,1.12
0.7866,0.7788,0.4817,0.4065,-7.84,-3.22,1.54
0.7878,0.7798,0.4807,0.4065,-8.19,-2.80,1.54
0.7878,0.7798,0.4753,0.4050,-8.05,-3.64,1.40
0.7878,0.7828,0.4753,0.4041,-8.12,-3.22,1.26
0.7879,0.7823,0.4807,0.4041,-8.05,-3.43,1.54
0.7879,0.7793,0.4836,0.4085,-8.26,-2.66,1.40
0.7879,0.7793,0.4821,0.4109,-8.12,-3.64,1.33
0.7879,0.7774,0.4817,0.4080,-8.05,-2.87,1.19
0.7880,0.7745,0.4851,0.4075,-7.98,-3.36,1.19
0.7880,0.7725,0.4846,0.4085,-7.98,-3.08,1.33
0.7880,0.7720,0.4797,0.4065,-7.98,-2.94,1.12
0.7881,0.7715,0.4782,0.4050,-7.91,-3.22,1.33
0.7881,0.7686,0.4797,0.4085,-7.84,-3.29,0.91
0.7881,0.7696,0.4812,0.4114,-8.19,-2.80,1.40
0.7882,0.7706,0.4807,0.4104,-7.84,-2.73,1.54
0.7882,0.7686,0.4797,0.4104,-7.56,-3.22,0.98
0.7882,0.7710,0.4787,0.4094,-7.77,-2.94,1.47
0.7883,0.7725,0.4782,0.4060,-7.56,-2.94,1.19
0.7883,0.7706,0.4782,0.4065,-7.91,-2.73,1.40
0.7883,0.7681,0.4787,0.4099,-7.42,-3.22,1.12
0.7884,0.7681,0.4792,0.4094,-7.91,-2.80,0.98
0.7884,0.7696,0.4778,0.4050,-7.56,-3.15,1.40
0.7889,0.7706,0.4797,0.4075,-7.98,-2.73,0.98
0.7894,0.7691,0.4836,0.4089,-7.49,-3.01,1.33
0.7899,0.7642,0.4826,0.4089,-7.70,-2.59,1.12
0.7904,0.7652,0.4807,0.4070,-7.56,-3.15,1.12
0.7909,0.7652,0.4782,0.4094,-7.42,-2.73,0.84
0.7914,0.7618,0.4807,0.4138,-7.42,-3.01,1.61
0.7919,0.7598,0.4846,0.4099,-7.63,-2.52,1.19
0.7924,0.7593,0.4817,0.4104,-7.35,-2.94,1.40
0.7929,0.7618,0.4846,0.4104,-7.70,-2.31,1.40
0.7934,0.7584,0.4856,0.4099,-7.49,-2.66,1.12
0.7939,0.7584,0.4807,0.4128,-7.21,-2.52,1.19
0.7944,0.7632,0.4787,0.4119,-7.56,-2.03,1.40
0.7949,0.7637,0.4748,0.4089,-7.07,-2.80,1.33
0.7954,0.7642,0.4695,0.4089,-7.07,-2.52,1.26
0.7959,0.7662,0.4709,0.4109,-7.35,-2.38,1.19
0.7964,0.7652,0.4670,0.4128,-7.00,-2.24,1.61
0.7969,0.7662,0.4607,0.4119,-7.35,-2.73,1.12
0.7974,0.7725,0.4631,0.4099,-7.35,-1.96,1.82
0.7979,0.7720,0.4646,0.4114,-7.21,-2.52,0.98
0.7984,0.7681,0.4607,0.4080,-7.14,-2.10,2.10
0.7992,0.7701,0.4612,0.4050,-7.42,-1.96,1.54
0.8000,0.7730,0.4587,0.4050,-7.14,-2.03,2.10
0.8008,0.7774,0.4568,0.4065,-7.28,-1.89,1.19
0.8016,0.7793,0.4592,0.4085,-7.00,-2.10,2.24
0.8024,0.7784,0.4597,0.4080,-7.63,-2.24,1.19
0.8033,0.7788,0.4568,0.4080,-6.86,-1.96,2.52
0.8041,0.7803,0.4563,0.4050,-7.63,-1.82,1.33
0.8049,0.7813,0.4587,0.4041,-7.00,-1.82,2.10
0.8057,0.7803,0.4582,0.4099,-7.42,-2.45,1.40
0.8065,0.7793,0.4577,0.4099,-7.14,-2.24,2.38
0.8074,0.7803,0.4612,0.4060,-7.49,-1.82,1.82
0.8082,0.7813,0.4568,0.4080,-7.35,-1.40,2.38
0.8090,0.7808,0.4553,0.4080,-7.28,-2.59,1.47
0.8098,0.7808,0.4558,0.4060,-7.21,-1.68,2.38
0.8106,0.7813,0.4553,0.4109,-7.49,-2.17,1.33
0.8115,0.7832,0.4568,0.4099,-6.93,-1.61,2.38
0.8123,0.7847,0.4563,0.4075,-7.63,-2.38,1.47
0.8131,0.7837,0.4553,0.4070,-7.28,-2.03,2.03
0.8139,0.7832,0.4548,0.4046,-7.49,-1.68,1.75
0.8147,0.7813,0.4553,0.4075,-7.14,-2.45,2.17
0.8150,0.7808,0.4553,0.4085,-7.49,-2.10,1.54
0.8153,0.7823,0.4563,0.4065,-7.14,-2.38,1.75
0.8156,0.7808,0.4587,0.4080,-7.84,-1.61,2.38
0.8159,0.7793,0.4568,0.4104,-7.35,-2.38,1.61
0.8162,0.7788,0.4573,0.4119,-7.49,-1.82,2.17
0.8165,0.7798,0.4582,0.4070,-7.28,-2.45,1.47
0.8168,0.7818,0.4563,0.4065,-7.28,-1.40,2.31
0.8171,0.7803,0.4534,0.4070,-7.35,-2.45,1.68
0.8174,0.7818,0.4534,0.4104,-7.42,-2.10,1.96
0.8177,0.7832,0.4538,0.4133,-7.35,-2.66,1.54
0.8180,0.7813,0.4529,0.4114,-7.42,-1.47,2.03
0.8183,0.7798,0.4519,0.4109,-7.14,-2.03,1.82
0.8186,0.7754,0.4504,0.4089,-7.63,-2.38,2.24
0.8189,0.7754,0.4494,0.4089,-7.07,-2.10,1.96
0.8192,0.7788,0.4534,0.4099,-7.42,-2.31,1.96
0.8195,0.7798,0.4558,0.4133,-7.35,-1.47,2.66
0.8198,0.7788,0.4524,0.4138,-7.42,-2.24,1.96
0.8201,0.7808,0.4538,0.4133,-6.86,-2.10,2.73
0.8204,0.7837,0.4582,0.4104,-7.56,-2.17,2.10
0.8207,0.7818,0.4573,0.4085,-7.07,-1.89,2.52
0.8212,0.7784,0.4534,0.4094,-7.42,-2.17,2.31
0.8218,0.7764,0.4534,0.4124,-7.00,-2.03,2.94
0.8224,0.7793,0.4534,0.4138,-7.42,-1.82,2.45
0.8230,0.7798,0.4514,0.4133,-6.72,-2.10,2.87
0.8236,0.7759,0.4538,0.4124,-7.35,-1.68,2.73
0.8242,0.7764,0.4568,0.4104,-6.79,-1.89,3.15
0.8247,0.7774,0.4568,0.4114,-7.00,-1.96,3.08
0.8253,0.7779,0.4543,0.4158,-6.79,-2.03,3.22
0.8259,0.7808,0.4563,0.4143,-6.93,-2.17,3.36
0.8265,0.7828,0.4597,0.4109,-6.65,-1.40,3.99
0.8271,0.7828,0.4573,0.4119,-6.86,-2.24,3.01
0.8277,0.7784,0.4577,0.4128,-6.86,-1.33,4.13
0.8282,0.7769,0.4597,0.4128,-6.51,-2.31,3.22
0.8288,0.7774,0.4616,0.4114,-6.37,-1.75,4.41
0.8294,0.7759,0.4587,0.4099,-6.72,-2.38,3.71
0.8300,0.7759,0.4582,0.4109,-6.44,-1.61,3.99
0.8306,0.7764,0.4597,0.4143,-6.23,-2.31,3.57
0.8312,0.7774,0.4607,0.4177,-6.37,-1.82,4.62
0.8317,0.7745,0.4646,0.4177,-6.23,-2.10,3.78
0.8323,0.7720,0.4685,0.4172,-6.16,-1.75,4.34
0.8336,0.7764,0.4665,0.4163,-6.58,-1.54,4.48
0.8348,0.7764,0.4665,0.4192,-5.95,-1.68,4.06
0.8360,0.7745,0.4709,0.4202,-6.02,-1.75,4.69
0.8372,0.7715,0.4704,0.4168,-5.81,-1.82,4.20
0.8384,0.7691,0.4680,0.4168,-5.95,-1.12,5.25
0.8397,0.7696,0.4656,0.4168,-5.88,-2.24,4.20
0.8409,0.7701,0.4646,0.4172,-5.95,-1.05,5.46
0.8421,0.7706,0.4665,0.4172,-5.88,-1.96,4.20
0.8433,0.7676,0.4699,0.4182,-5.46,-1.61,5.32
0.8446,0.7637,0.4704,0.4187,-5.81,-1.89,4.27
0.8458,0.7652,0.4685,0.4197,-5.39,-1.54,5.39
0.8470,0.7725,0.4675,0.4187,-5.46,-1.89,4.41
0.8482,0.7715,0.4670,0.4163,-5.18,-1.26,5.25
0.8494,0.7671,0.4675,0.4177,-5.53,-2.17,4.34
0.8507,0.7662,0.4695,0.4128,-5.32,-1.33,5.32
0.8519,0.7715,0.4685,0.4138,-5.39,-1.68,4.76
0.8531,0.7701,0.4680,0.4148,-5.04,-1.68,4.76
0.8543,0.7618,0.4675,0.4138,-5.11,-1.75,5.04
0.8556,0.7647,0.4646,0.4172,-4.97,-1.40,4.69
0.8568,0.7691,0.4670,0.4187,-4.83,-1.82,5.18
0.8568,0.7686,0.4699,0.4192,-4.76,-1.68,4.41
0.8569,0.7657,0.4699,0.4182,-4.76,-1.96,4.97
0.8569,0.7657,0.4704,0.4187,-4.83,-1.54,4.55
0.8569,0.7637,0.4734,0.4182,-4.41,-1.68,5.11
0.8570,0.7623,0.4738,0.4202,-4.97,-1.68,4.20
0.8570,0.7652,0.4699,0.4192,-4.20,-1.33,4.76
0.8570,0.7657,0.4699,0.4133,-4.55,-1.05,4.76
0.8571,0.7642,0.4719,0.4153,-3.92,-1.19,5.04
0.8571,0.7666,0.4704,0.4163,-4.69,-1.68,4.20
0.8572,0.7686,0.4699,0.4158,-3.85,-1.12,4.90
0.8572,0.7671,0.4724,0.4197,-4.20,-1.68,3.99
0.8572,0.7642,0.4704,0.4168,-4.06,-0.91,4.97
0.8573,0.7618,0.4685,0.4138,-3.78,-1.82,3.78
0.8573,0.7637,0.4704,0.4177,-4.06,-0.84,4.97
0.8574,0.7618,0.4680,0.4197,-3.71,-1.82,3.71
0.8574,0.7593,0.4695,0.4172,-3.64,-0.84,4.48
0.8574,0.7618,0.4695,0.4177,-3.78,-1.26,3.71
0.8575,0.7603,0.4685,0.4211,-3.50,-1.33,4.34
0.8575,0.7579,0.4709,0.4197,-3.64,-1.05,3.85
0.8575,0.7564,0.4699,0.4187,-3.36,-1.19,4.13
0.8580,0.7564,0.4670,0.4182,-3.57,-1.12,3.92
0.8584,0.7574,0.4656,0.4192,-3.29,-0.77,3.57
0.8589,0.7584,0.4685,0.4187,-3.22,-0.70,4.13
0.8593,0.7574,0.4704,0.4192,-3.22,-1.96,2.80
0.8598,0.7544,0.4675,0.4241,-3.36,-0.07,4.76
0.8602,0.7559,0.4695,0.4216,-2.87,-1.33,2.87
0.8607,0.7598,0.4709,0.4172,-3.01,-0.91,3.99
0.8611,0.7593,0.4680,0.4148,-3.15,-0.98,3.01
0.8616,0.7574,0.4695,0.4158,-2.80,-0.56,4.13
0.8620,0.7569,0.4665,0.4202,-2.52,-0.07,3.64
0.8624,0.7569,0.4602,0.4177,-2.73,-0.91,3.29
0.8629,0.7564,0.4621,0.4138,-3.08,-0.21,3.43
0.8633,0.7525,0.4646,0.4158,-2.45,-1.26,2.80
0.8638,0.7540,0.4631,0.4153,-2.80,0.07,3.15
0.8642,0.7574,0.4621,0.4168,-2.52,-0.70,3.15
0.8647,0.7569,0.4597,0.4187,-2.80,-0.35,2.87
0.8651,0.7559,0.4582,0.4211,-2.59,-0.49,2.80
0.8656,0.7564,0.4602,0.4202,-2.45,-0.28,2.73
0.8660,0.7535,0.4607,0.4163,-2.59,-0.49,2.59
0.8665,0.7476,0.4612,0.4158,-2.24,-0.07,2.73
0.8676,0.7476,0.4607,0.4168,-2.73,-0.35,2.59
0.8687,0.7530,0.4573,0.4187,-2.24,-0.49,2.24
0.8698,0.7588,0.4553,0.4153,-2.24,0.00,2.73
0.8709,0.7564,0.4529,0.4172,-2.17,-0.49,2.03
0.8721,0.7559,0.4558,0.4182,-2.10,-0.42,2.31
0.8732,0.7569,0.4504,0.4172,-2.17,0.00,2.38
0.8743,0.7549,0.4494,0.4172,-1.96,-0.14,2.73
0.8754,0.7540,0.4504,0.4177,-2.38,0.28,1.96
0.8765,0.7540,0.4509,0.4168,-1.75,-0.21,2.52
0.8777,0.7569,0.4499,0.4177,-2.17,0.21,1.82
0.8788,0.7579,0.4504,0.4177,-1.96,0.14,2.80
0.8799,0.7554,0.4514,0.4163,-1.61,-0.35,1.33
0.8810,0.7559,0.4519,0.4153,-2.10,0.28,2.87
0.8822,0.7554,0.4534,0.4153,-2.10,0.14,1.47
0.8833,0.7564,0.4514,0.4104,-1.82,0.63,2.87
0.8844,0.7574,0.4504,0.4109,-1.96,0.07,1.47
0.8855,0.7584,0.4485,0.4124,-1.68,0.49,2.87
0.8866,0.7608,0.4465,0.4099,-1.68,-0.28,1.40
0.8878,0.7593,0.4499,0.4153,-2.03,0.42,2.38
0.8889,0.7549,0.4485,0.4177,-1.89,0.42,1.75
0.8894,0.7530,0.4499,0.4104,-1.47,0.56,2.24
0.8899,0.7520,0.4504,0.4094,-1.89,0.49,1.68
0.8904,0.7525,0.4504,0.4114,-1.54,0.70,2.52
0.8909,0.7505,0.4470,0.4148,-1.82,0.56,1.82
0.8914,0.7501,0.4431,0.4138,-1.54,0.56,2.66
0.8919,0.7540,0.4451,0.4158,-1.89,0.70,1.68
0.8924,0.7549,0.4441,0.4148,-1.19,0.63,2.17
0.8929,0.7540,0.4451,0.4119,-1.68,0.98,1.75
0.8934,0.7505,0.4455,0.4124,-1.33,0.77,2.45
0.8939,0.7481,0.4451,0.4133,-1.26,0.56,1.54
0.8944,0.7505,0.4446,0.4163,-1.47,0.70,2.45
0.8949,0.7510,0.4421,0.4172,-1.68,1.26,2.24
0.8954,0.7491,0.4402,0.4172,-1.05,0.77,2.38
0.8959,0.7505,0.4412,0.4148,-1.54,1.33,2.03
0.8964,0.7510,0.4446,0.4119,-1.12,0.98,2.17
0.8969,0.7510,0.4421,0.4114,-1.96,1.40,2.31
0.8974,0.7515,0.4407,0.4124,-0.98,0.84,1.61
0.8979,0.7510,0.4431,0.4143,-1.26,1.61,2.80
0.8985,0.7530,0.4436,0.4133,-1.47,0.84,1.54
0.8990,0.7535,0.4407,0.4128,-0.98,1.40,2.45
0.8999,0.7515,0.4382,0.4124,-1.61,1.12,1.68
0.9008,0.7579,0.4353,0.4104,-1.68,0.49,1.89
0.9017,0.7608,0.4372,0.4085,-0.98,1.47,2.66
0.9026,0.7579,0.4397,0.4085,-1.68,1.12,1.61
0.9035,0.7559,0.4363,0.4085,-0.91,1.47,2.59
0.9044,0.7559,0.4309,0.4119,-2.10,1.82,1.82
0.9053,0.7564,0.4324,0.4124,-0.84,1.26,2.52
0.9062,0.7574,0.4314,0.4094,-1.89,1.33,1.82
0.9071,0.7569,0.4285,0.4085,-1.40,1.26,2.52
0.9080,0.7554,0.4314,0.4094,-1.75,1.68,1.75
0.9089,0.7549,0.4343,0.4094,-1.54,1.26,2.38
0.9098,0.7569,0.4377,0.4075,-1.26,1.75,1.96
0.9107,0.7574,0.4368,0.4089,-1.33,1.47,2.31
0.9116,0.7540,0.4363,0.4080,-1.82,1.61,2.03
0.9125,0.7549,0.4348,0.4055,-1.40,1.54,2.10
0.9134,0.7564,0.4319,0.4085,-1.54,1.96,2.59
0.9143,0.7574,0.4348,0.4075,-1.19,1.33,2.03
0.9152,0.7584,0.4348,0.4075,-1.33,1.61,2.17
0.9161,0.7569,0.4368,0.4099,-1.54,1.40,1.82
0.9170,0.7554,0.4387,0.4094,-1.82,1.47,1.96
0.9173,0.7544,0.4392,0.4065,-1.40,1.96,2.03
0.9175,0.7564,0.4368,0.4080,-1.40,1.68,2.17
0.9178,0.7598,0.4358,0.4050,-1.26,1.75,2.31
0.9181,0.7593,0.4333,0.4016,-1.75,1.68,2.24
0.9183,0.7598,0.4324,0.4006,-1.47,1.89,2.38
0.9186,0.7588,0.4358,0.4016,-1.68,1.61,2.10
0.9188,0.7574,0.4377,0.4041,-1.40,2.17,2.80
0.9191,0.7588,0.4392,0.4026,-1.47,1.40,1.96
0.9193,0.7608,0.4343,0.4055,-1.40,1.68,2.59
0.9196,0.7603,0.4304,0.4070,-1.33,1.40,1.89
0.9199,0.7627,0.4329,0.4085,-1.26,2.03,3.15
0.9201,0.7632,0.4343,0.4133,-1.26,1.40,1.96
0.9204,0.7613,0.4392,0.4104,-1.05,2.03,2.87
0.9206,0.7627,0.4402,0.4055,-1.33,1.26,2.10
0.9209,0.7618,0.4387,0.4065,-1.19,2.10,3.15
0.9211,0.7618,0.4407,0.4075,-1.26,1.33,2.10
0.9214,0.7608,0.4407,0.4041,-1.12,2.17,3.57
0.9217,0.7584,0.4402,0.4031,-1.47,1.33,2.10
0.9219,0.7613,0.4412,0.4075,-0.98,2.03,3.22
0.9222,0.7618,0.4421,0.4099,-1.61,1.19,2.45
0.9233,0.7613,0.4455,0.4128,-0.77,2.17,3.43
0.9244,0.7613,0.4455,0.4143,-1.12,1.12,2.24
0.9255,0.7613,0.4460,0.4124,-0.91,2.10,3.71
0.9267,0.7598,0.4499,0.4109,-1.19,1.40,2.45
0.9278,0.7559,0.4538,0.4094,-0.70,2.38,3.57
0.9289,0.7579,0.4543,0.4114,-1.33,1.61,2.94
0.9300,0.7603,0.4538,0.4143,-0.49,1.89,3.57
0.9312,0.7593,0.4529,0.4128,-1.19,1.54,3.08
0.9323,0.7579,0.4543,0.4080,-0.70,1.68,3.36
0.9334,0.7564,0.4568,0.4085,-0.70,1.89,3.57
0.9345,0.7544,0.4568,0.4109,-0.63,1.61,3.29
0.9356,0.7549,0.4543,0.4119,-0.49,2.03,3.57
0.9368,0.7540,0.4534,0.4148,-0.56,1.33,3.50
0.9379,0.7544,0.4529,0.4124,-0.28,2.03,4.20
0.9390,0.7569,0.4514,0.4114,-0.70,1.54,3.22
0.9401,0.7520,0.4529,0.4168,0.21,2.03,4.34
0.9413,0.7505,0.4534,0.4168,-0.21,0.91,3.15
0.9424,0.7559,0.4538,0.4163,0.07,2.24,4.41
0.9435,0.7559,0.4524,0.4168,-0.56,1.19,3.36
0.9446,0.7530,0.4524,0.4128,0.49,2.17,4.41
0.9447,0.7540,0.4519,0.4114,-0.56,1.54,3.43
0.9447,0.7564,0.4534,0.4104,0.56,1.40,4.48
0.9447,0.7554,0.4534,0.4085,-0.49,1.75,3.57
0.9448,0.7574,0.4543,0.4133,0.35,1.75,4.62
0.9448,0.7603,0.4553,0.4153,-0.21,1.40,3.85
0.9449,0.7574,0.4529,0.4109,0.42,1.54,4.55
0.9449,0.7535,0.4534,0.4099,0.07,1.61,3.99
0.9449,0.7544,0.4543,0.4104,0.28,1.54,4.55
0.9450,0.7554,0.4558,0.4104,0.21,1.75,4.13
0.9450,0.7535,0.4558,0.4094,0.56,1.26,4.20
0.9451,0.7525,0.4543,0.4109,0.49,1.68,4.34
0.9451,0.7525,0.4529,0.4109,0.42,1.26,4.06
0.9451,0.7549,0.4529,0.4085,0.70,1.82,4.69
0.9452,0.7544,0.4543,0.4089,0.28,0.91,4.06
0.9452,0.7510,0.4524,0.4070,0.84,1.68,4.34
0.9453,0.7520,0.4514,0.4046,0.35,1.33,3.85
0.9453,0.7535,0.4519,0.4075,0.84,1.82,4.34
0.9453,0.7549,0.4534,0.4124,0.49,1.75,4.41
0.9454,0.7544,0.4553,0.4153,0.63,1.68,4.41
0.9454,0.7510,0.4543,0.4148,0.70,1.33,4.13
0.9465,0.7515,0.4504,0.4153,0.70,1.47,4.76
0.9476,0.7525,0.4514,0.4158,0.91,1.19,3.50
0.9487,0.7505,0.4519,0.4138,0.98,1.61,4.76
0.9498,0.7505,0.4475,0.4099,0.84,1.40,3.57
0.9509,0.7530,0.4475,0.4109,0.84,1.89,4.83
0.9520,0.7540,0.4485,0.4119,0.91,1.05,2.94
0.9531,0.7520,0.4494,0.4089,1.05,1.33,4.62
0.9542,0.7510,0.4499,0.4119,0.70,1.40,3.01
0.9553,0.7505,0.4480,0.4133,1.05,1.33,4.76
0.9564,0.7481,0.4470,0.4119,0.77,1.33,3.08
0.9575,0.7496,0.4465,0.4143,0.98,1.54,3.92
0.9586,0.7520,0.4504,0.4143,1.19,1.33,3.36
0.9597,0.7525,0.4499,0.4114,1.05,1.54,3.85
0.9607,0.7510,0.4490,0.4109,0.56,1.47,3.22
0.9618,0.7510,0.4485,0.4124,1.40,1.26,3.36
0.9629,0.7530,0.4494,0.4133,1.19,2.03,3.85
0.9640,0.7540,0.4514,0.4153,1.33,0.77,3.01
0.9651,0.7544,0.4465,0.4124,0.98,1.68,3.92
0.9662,0.7549,0.4460,0.4109,1.05,1.19,2.80
0.9673,0.7564,0.4475,0.4153,1.26,1.68,3.85
0.9674,0.7603,0.4499,0.4172,0.84,1.40,2.87
0.9674,0.7549,0.4534,0.4172,1.33,1.19,3.64
0.9674,0.7501,0.4543,0.4124,1.26,1.40,2.73
0.9675,0.7530,0.4548,0.4094,1.54,1.26,3.36
0.9675,0.7535,0.4538,0.4128,0.77,1.54,2.80
0.9676,0.7574,0.4538,0.4168,1.33,1.19,3.78
0.9676,0.7569,0.4543,0.4187,1.05,1.75,2.73
0.9677,0.7559,0.4543,0.4114,1.61,0.98,3.22
0.9677,0.7593,0.4553,0.4080,1.05,1.54,2.80
0.9677,0.7588,0.4543,0.4099,1.40,1.19,3.15
0.9678,0.7588,0.4548,0.4109,1.05,1.40,3.01
0.9678,0.7598,0.4597,0.4197,1.61,0.77,3.01
0.9679,0.7598,0.4563,0.4148,1.47,1.19,2.94
0.9679,0.7623,0.4529,0.4128,1.40,1.05,2.87
0.9680,0.7642,0.4538,0.4143,1.47,1.26,3.15
0.9680,0.7637,0.4548,0.4158,1.54,1.12,2.80
0.9680,0.7637,0.4534,0.4172,1.33,1.54,3.08
0.9681,0.7613,0.4553,0.4172,1.47,0.91,2.80
0.9681,0.7588,0.4592,0.4143,1.47,1.33,3.08
0.9682,0.7598,0.4597,0.4168,1.47,1.12,2.87
0.9687,0.7627,0.4597,0.4231,1.54,1.54,3.15
0.9692,0.7623,0.4582,0.4231,1.75,0.77,2.59
0.9698,0.7632,0.4626,0.4187,1.68,1.47,3.29
0.9703,0.7588,0.4660,0.4182,1.82,0.07,2.10
0.9708,0.7579,0.4675,0.4192,1.33,0.91,2.38
0.9714,0.7598,0.4656,0.4221,1.89,0.98,2.87
0.9719,0.7618,0.4641,0.4192,1.75,1.26,2.80
0.9725,0.7632,0.4665,0.4202,1.82,0.84,2.52
0.9730,0.7623,0.4680,0.4241,2.03,1.61,3.43
0.9735,0.7623,0.4656,0.4236,1.54,0.42,1.89
0.9741,0.7598,0.4660,0.4231,2.03,0.98,3.08
0.9746,0.7598,0.4680,0.4226,1.82,0.49,2.03
0.9751,0.7598,0.4685,0.4216,2.03,0.63,2.66
0.9757,0.7618,0.4695,0.4211,1.75,0.00,1.82
0.9762,0.7642,0.4695,0.4202,2.17,1.12,2.73
0.9767,0.7642,0.4656,0.4221,1.54,0.63,1.89
0.9773,0.7652,0.4651,0.4250,2.24,0.56,2.52
0.9778,0.7657,0.4680,0.4236,1.82,0.84,1.82
0.9784,0.7666,0.4714,0.4231,1.89,1.19,2.45
0.9789,0.7627,0.4699,0.4226,1.89,0.35,1.96
0.9795,0.7642,0.4660,0.4207,2.10,0.98,2.03
0.9800,0.7681,0.4695,0.4250,2.10,0.63,2.24
0.9806,0.7706,0.4729,0.4275,2.03,0.35,1.61
0.9812,0.7720,0.4738,0.4221,1.89,0.91,2.38
0.9817,0.7740,0.4709,0.4250,1.89,0.70,1.82
0.9823,0.7730,0.4685,0.4294,2.38,0.42,1.82
0.9829,0.7735,0.4734,0.4265,1.89,0.70,1.68
0.9835,0.7764,0.4748,0.4250,2.38,0.49,1.54
0.9840,0.7749,0.4734,0.4226,1.82,0.84,1.54
0.9846,0.7754,0.4734,0.4236,2.66,0.91,1.96
0.9852,0.7774,0.4743,0.4290,1.82,0.42,1.12
0.9857,0.7759,0.4758,0.4294,1.96,0.63,1.96
0.9863,0.7754,0.4753,0.4280,2.03,0.49,1.12
0.9869,0.7774,0.4763,0.4319,2.45,0.56,1.33
0.9875,0.7808,0.4763,0.4333,1.75,0.49,1.12
0.9880,0.7823,0.4734,0.4338,2.45,0.49,1.33
0.9886,0.7813,0.4714,0.4333,2.10,0.35,0.98
0.9892,0.7803,0.4753,0.4319,2.45,0.42,0.98
0.9897,0.7813,0.4743,0.4333,1.96,0.35,0.77
0.9903,0.7837,0.4719,0.4358,2.52,0.42,0.84
0.9917,0.7837,0.4743,0.4368,2.03,0.28,0.42
0.9931,0.7823,0.4738,0.4358,2.52,0.56,0.77
0.9945,0.7852,0.4714,0.4392,2.10,0.21,0.49
0.9960,0.7906,0.4719,0.4402,2.17,0.56,0.56
0.9974,0.7886,0.4748,0.4368,2.17,0.63,0.63
0.9988,0.7881,0.4743,0.4358,2.03,0.14,0.28
1.0002,0.7891,0.4729,0.4372,1.89,0.07,0.00
1.0016,0.7876,0.4778,0.4407,2.45,0.28,0.56
1.0030,0.7896,0.4797,0.4412,1.89,0.35,0.35
1.0044,0.7925,0.4743,0.4387,2.59,0.07,0.14
1.0058,0.7925,0.4748,0.4412,1.68,0.35,0.42
1.0072,0.7910,0.4782,0.4416,2.24,-0.14,-0.28
1.0086,0.7915,0.4787,0.4392,1.96,0.35,0.35
1.0101,0.7925,0.4792,0.4412,1.89,0.28,-0.42
1.0115,0.7925,0.4787,0.4426,1.89,-0.07,0.00
1.0129,0.7954,0.4787,0.4421,2.03,0.21,-0.21
1.0143,0.7935,0.4792,0.4382,1.96,-0.14,0.07
1.0157,0.7886,0.4807,0.4372,1.96,-0.14,-0.63
1.0171,0.7925,0.4807,0.4368,2.10,0.07,0.00
1.0185,0.7979,0.4782,0.4392,1.75,0.14,-0.35
1.0185,0.7959,0.4792,0.4441,2.10,0.07,-0.14
1.0186,0.7920,0.4797,0.4426,1.96,0.14,-0.42
1.0186,0.7935,0.4787,0.4436,2.10,0.21,-0.28
1.0186,0.7974,0.4831,0.4436,1.68,0.14,-0.21
1.0187,0.7984,0.4782,0.4431,1.75,0.35,-0.14
1.0187,0.7998,0.4817,0.4451,1.61,-0.14,-0.49
1.0187,0.7993,0.4812,0.4446,2.03,0.14,-0.28
1.0188,0.7974,0.4753,0.4465,1.75,0.56,-0.35
1.0188,0.7979,0.4753,0.4485,2.52,0.35,0.42
1.0188,0.7984,0.4763,0.4460,1.75,-0.21,-0.49
1.0188,0.8013,0.4773,0.4494,1.89,0.42,0.28
1.0189,0.8076,0.4802,0.4538,1.61,-0.07,-0.63
1.0189,0.8052,0.4797,0.4514,1.75,0.00,0.00
1.0189,0.8013,0.4743,0.4485,1.33,0.35,-0.70
1.0190,0.8081,0.4714,0.4494,1.89,0.00,0.35
1.0190,0.8091,0.4738,0.4485,1.33,0.00,-0.77
1.0190,0.8091,0.4729,0.4475,1.68,0.07,0.56
1.0191,0.8120,0.4719,0.4504,1.19,0.14,-0.49
1.0191,0.8130,0.4729,0.4538,1.61,-0.21,0.42
1.0191,0.8184,0.4709,0.4548,1.05,-0.14,-0.42
1.0193,0.8208,0.4734,0.4538,1.47,0.35,0.70
1.0195,0.8203,0.4719,0.4529,0.91,-0.28,-0.28
1.0198,0.8184,0.4709,0.4534,1.61,0.21,0.77
1.0200,0.8169,0.4753,0.4548,1.19,-0.42,-0.07
1.0202,0.8208,0.4753,0.4558,1.05,0.49,0.98
1.0204,0.8228,0.4773,0.4573,0.98,-0.35,-0.07
1.0206,0.8247,0.4768,0.4558,0.84,-0.14,0.84
1.0208,0.8276,0.4729,0.4568,0.98,0.28,0.70
1.0210,0.8262,0.4748,0.4582,0.98,0.00,0.91
1.0212,0.8262,0.4787,0.4582,0.63,0.00,0.70
1.0214,0.8296,0.4807,0.4616,0.77,-0.42,0.84
1.0216,0.8281,0.4817,0.4616,0.77,-0.28,1.12
1.0218,0.8301,0.4817,0.4577,0.35,-0.14,0.49
1.0221,0.8355,0.4782,0.4543,0.77,0.35,1.54
1.0223,0.8364,0.4802,0.4553,0.42,-0.42,0.42
1.0225,0.8335,0.4821,0.4563,0.70,0.14,2.10
1.0227,0.8320,0.4792,0.4597,0.42,-0.42,0.56
1.0229,0.8320,0.4807,0.4612,0.42,0.00,2.03
1.0231,0.8340,0.4821,0.4621,0.21,-0.77,0.98
1.0233,0.8374,0.4821,0.4656,0.35,0.07,1.96
1.0245,0.8369,0.4802,0.4636,-0.21,-0.35,1.12
1.0257,0.8394,0.4758,0.4592,0.49,-0.07,2.17
1.0268,0.8394,0.4753,0.4621,-0.49,-0.63,1.26
1.0280,0.8359,0.4778,0.4646,0.21,-0.14,2.45
1.0292,0.8355,0.4802,0.4631,-0.56,-0.35,1.96
1.0304,0.8369,0.4831,0.4641,0.21,-0.49,2.31
1.0315,0.8413,0.4856,0.4660,-0.56,-0.42,2.24
1.0327,0.8433,0.4831,0.4670,-0.21,-0.49,2.59
1.0339,0.8423,0.4812,0.4675,-0.77,-0.28,2.24
1.0351,0.8442,0.4846,0.4709,-0.28,-0.91,2.73
1.0362,0.8452,0.4860,0.4699,-0.84,-0.42,2.59
1.0374,0.8442,0.4865,0.4704,-0.49,-1.12,2.52
1.0386,0.8472,0.4875,0.4699,-0.98,-0.63,2.66
1.0397,0.8477,0.4885,0.4695,-0.98,-1.12,2.59
1.0409,0.8481,0.4900,0.4729,-0.63,-0.63,2.87
1.0421,0.8496,0.4953,0.4734,-1.26,-1.19,2.59
1.0433,0.8481,0.4987,0.4734,-0.70,-0.63,3.29
1.0444,0.8496,0.4992,0.4724,-1.33,-1.40,2.52
1.0456,0.8520,0.4982,0.4734,-0.91,-0.49,3.08
1.0468,0.8525,0.4968,0.4738,-1.54,-1.19,2.80
1.0473,0.8501,0.4987,0.4778,-0.77,-0.42,2.10
1.0479,0.8525,0.4997,0.4807,-0.84,-0.56,3.99
1.0484,0.8545,0.4982,0.4797,-1.96,-1.61,2.38
1.0489,0.8540,0.4997,0.4812,-1.40,-0.70,3.92
1.0494,0.8560,0.5070,0.4851,-2.03,-1.68,2.24
1.0500,0.8603,0.5144,0.4826,-1.19,-0.84,4.06
1.0505,0.8613,0.5139,0.4821,-2.52,-1.61,2.24
1.0510,0.8613,0.5134,0.4880,-1.75,-1.19,4.27
1.0516,0.8657,0.5144,0.4895,-1.96,-1.82,2.38
1.0521,0.8628,0.5153,0.4860,-2.17,-1.12,3.78
1.0526,0.8613,0.5202,0.4880,-2.03,-1.68,2.66
1.0532,0.8618,0.5207,0.4924,-2.17,-1.05,3.85
1.0537,0.8638,0.5202,0.4904,-2.73,-1.54,2.66
1.0542,0.8657,0.5236,0.4851,-2.10,-1.75,3.43
1.0548,0.8647,0.5275,0.4817,-2.38,-1.26,3.22
1.0553,0.8652,0.5285,0.4807,-2.59,-2.24,2.73
1.0558,0.8652,0.5285,0.4807,-2.52,-0.98,3.50
1.0564,0.8628,0.5305,0.4826,-2.80,-1.96,2.80
1.0569,0.8623,0.5324,0.4870,-2.66,-1.61,3.22
1.0574,0.8657,0.5344,0.4909,-2.87,-1.75,2.45
1.0586,0.8682,0.5358,0.4890,-2.73,-1.82,3.43
1.0597,0.8686,0.5388,0.4875,-2.94,-2.24,2.31
1.0608,0.8662,0.5417,0.4860,-2.87,-1.75,3.22
1.0619,0.8628,0.5422,0.4836,-3.15,-1.96,1.96
1.0630,0.8628,0.5441,0.4860,-2.87,-1.68,3.29
1.0642,0.8603,0.5466,0.4890,-3.15,-2.10,2.03
1.0653,0.8569,0.5495,0.4875,-3.01,-2.10,3.08
1.0664,0.8560,0.5524,0.4851,-3.36,-1.96,1.82
1.0675,0.8579,0.5510,0.4865,-3.29,-1.89,2.73
1.0686,0.8628,0.5519,0.4851,-3.57,-1.96,1.89
1.0698,0.8633,0.5549,0.4846,-3.15,-2.24,2.38
1.0709,0.8628,0.5563,0.4865,-3.57,-1.96,1.89
1.0720,0.8603,0.5573,0.4851,-3.22,-2.10,1.89
1.0731,0.8594,0.5602,0.4870,-3.85,-1.68,1.89
1.0742,0.8647,0.5617,0.4890,-3.36,-2.17,1.19
1.0754,0.8657,0.5573,0.4870,-3.78,-1.68,2.10
1.0765,0.8647,0.5588,0.4875,-3.78,-2.24,0.84
1.0776,0.8667,0.5646,0.4870,-3.92,-1.54,1.96
1.0787,0.8677,0.5666,0.4870,-3.85,-1.19,1.89
1.0798,0.8725,0.5646,0.4846,-4.34,-2.66,-0.21
1.0799,0.8760,0.5700,0.4846,-3.85,-1.47,1.61
1.0799,0.8760,0.5773,0.4836,-4.83,-2.80,-0.42
1.0800,0.8760,0.5807,0.4807,-3.78,-1.40,1.33
1.0800,0.8760,0.5817,0.4836,-4.97,-2.59,-0.49
1.0800,0.8735,0.5778,0.4856,-3.71,-1.33,0.98
1.0801,0.8774,0.5788,0.4846,-5.18,-2.45,-1.05
1.0801,0.8838,0.5778,0.4836,-3.85,-1.40,0.77
1.0801,0.8847,0.5817,0.4826,-5.18,-2.45,-1.26
1.0802,0.8872,0.5890,0.4817,-4.13,-1.68,0.00
1.0802,0.8901,0.5885,0.4802,-5.39,-2.03,-0.84
1.0802,0.8916,0.5895,0.4802,-4.55,-2.17,-0.70
1.0803,0.8911,0.5958,0.4831,-4.97,-1.89,-0.70
1.0803,0.8901,0.6002,0.4817,-5.04,-2.59,-1.33
1.0803,0.8921,0.6007,0.4812,-5.04,-1.89,-0.56
1.0804,0.8921,0.6041,0.4807,-5.18,-2.52,-1.89
1.0804,0.8896,0.6100,0.4797,-4.76,-1.61,-0.56
1.0804,0.8896,0.6085,0.4821,-5.18,-2.80,-2.52
1.0805,0.8872,0.6071,0.4836,-4.83,-1.75,-0.49
1.0805,0.8891,0.6124,0.4836,-5.39,-2.59,-3.15
1.0806,0.8896,0.6149,0.4826,-5.11,-1.82,-0.98
1.0811,0.8843,0.6134,0.4856,-5.60,-2.59,-3.36
1.0816,0.8818,0.6149,0.4904,-5.18,-2.10,-1.75
1.0821,0.8813,0.6207,0.4900,-5.74,-1.89,-3.08
1.0826,0.8818,0.6232,0.4895,-5.11,-2.66,-2.52
1.0832,0.8838,0.6212,0.4895,-5.81,-1.89,-3.08
1.0837,0.8828,0.6207,0.4856,-5.25,-2.80,-2.94
1.0842,0.8823,0.6227,0.4895,-5.95,-1.96,-3.50
1.0847,0.8799,0.6251,0.4948,-5.60,-3.01,-3.71
1.0853,0.8789,0.6281,0.4895,-6.09,-1.75,-3.36
1.0858,0.8799,0.6256,0.4909,-5.81,-2.31,-3.99
1.0863,0.8823,0.6256,0.4934,-6.37,-1.96,-3.85
1.0868,0.8867,0.6339,0.4914,-5.88,-2.73,-4.62
1.0874,0.8867,0.6378,0.4914,-5.81,-1.89,-3.78
1.0879,0.8872,0.6398,0.4895,-6.30,-2.87,-5.11
1.0884,0.8891,0.6427,0.4880,-6.02,-1.89,-4.34
1.0889,0.8921,0.6442,0.4865,-6.51,-2.66,-5.53
1.0895,0.8916,0.6471,0.4856,-5.74,-2.52,-4.55
1.0900,0.8901,0.6476,0.4895,-7.14,-2.38,-5.74
1.0905,0.8940,0.6481,0.4924,-7.00,-2.24,-5.81
1.0910,0.8921,0.6442,0.4924,-6.44,-2.52,-5.53
1.0924,0.8916,0.6417,0.4880,-7.28,-2.45,-6.02
1.0939,0.8921,0.6427,0.4870,-6.09,-2.45,-6.37
1.0953,0.8916,0.6417,0.4880,-7.28,-2.24,-5.81
1.0967,0.8916,0.6407,0.4865,-6.51,-2.59,-6.44
1.0981,0.8911,0.6398,0.4856,-7.56,-2.52,-6.72
1.0995,0.8930,0.6388,0.4870,-6.86,-2.66,-7.00
1.1009,0.8926,0.6378,0.4846,-7.42,-2.31,-6.79
1.1023,0.8901,0.6393,0.4846,-7.42,-2.87,-7.14
1.1037,0.8911,0.6398,0.4851,-7.63,-2.80,-7.35
1.1051,0.8921,0.6378,0.4817,-7.28,-2.87,-7.07
1.1065,0.8921,0.6417,0.4807,-7.98,-2.87,-7.49
1.1079,0.8955,0.6427,0.4797,-7.84,-2.73,-7.63
1.1093,0.8950,0.6393,0.4758,-8.12,-3.01,-7.70
1.1107,0.8969,0.6329,0.4778,-8.40,-2.94,-7.63
1.1121,0.9004,0.6354,0.4807,-8.26,-2.24,-7.07
1.1135,0.8979,0.6354,0.4821,-8.47,-3.50,-8.61
1.1149,0.8979,0.6373,0.4836,-8.89,-2.80,-7.70
1.1163,0.9008,0.6354,0.4865,-9.17,-3.92,-8.89
1.1177,0.9013,0.6329,0.4831,-9.03,-3.01,-7.56
1.1191,0.9008,0.6310,0.4812,-9.52,-3.43,-8.54
1.1192,0.9008,0.6334,0.4841,-9.38,-3.29,-8.40
1.1192,0.8994,0.6383,0.4836,-9.66,-3.29,-8.61
1.1192,0.8989,0.6359,0.4841,-9.66,-3.29,-8.05
1.1193,0.8969,0.6324,0.4846,-10.36,-3.92,-8.96
1.1193,0.8969,0.6344,0.4870,-10.08,-3.57,-8.54
1.1193,0.8994,0.6368,0.4875,-10.29,-3.50,-8.68
1.1194,0.8984,0.6344,0.4909,-10.50,-4.20,-8.82
1.1194,0.8955,0.6368,0.4948,-11.27,-3.92,-8.40
1.1194,0.8979,0.6442,0.4929,-10.85,-4.20,-8.89
1.1195,0.8989,0.6432,0.4934,-11.48,-3.71,-8.33
1.1195,0.8984,0.6407,0.4934,-11.62,-4.20,-8.96
1.1195,0.8989,0.6437,0.4958,-11.34,-3.85,-8.40
1.1195,0.8994,0.6495,0.4973,-12.39,-4.41,-9.10
1.1196,0.8989,0.6481,0.4958,-11.55,-3.29,-7.84
1.1196,0.8974,0.6427,0.4963,-12.95,-5.46,-9.66
1.1196,0.8935,0.6437,0.4997,-11.97,-4.27,-7.98
1.1197,0.8886,0.6476,0.4982,-13.23,-4.76,-9.10
1.1197,0.8882,0.6466,0.4963,-12.60,-4.06,-7.84
1.1197,0.8857,0.6442,0.4939,-13.58,-4.97,-9.24
1.1198,0.8847,0.6456,0.4929,-13.16,-4.20,-7.42
1.1200,0.8857,0.6437,0.4948,-13.93,-5.04,-9.38
1.1202,0.8843,0.6417,0.4963,-14.00,-4.62,-7.28
1.1204,0.8867,0.6422,0.4963,-14.35,-4.83,-8.68
1.1206,0.8843,0.6417,0.4992,-14.14,-4.83,-7.63
1.1208,0.8804,0.6442,0.4968,-14.63,-4.76,-8.26
1.1210,0.8813,0.6481,0.4939,-14.98,-5.11,-7.49
1.1212,0.8784,0.6476,0.4953,-15.19,-4.83,-7.77
1.1214,0.8740,0.6486,0.4948,-15.33,-5.39,-7.91
1.1216,0.8735,0.6481,0.4939,-15.61,-4.62,-6.93
1.1218,0.8701,0.6437,0.4914,-16.10,-5.25,-7.77
1.1220,0.8662,0.6466,0.4934,-16.03,-4.76,-6.65
1.1222,0.8691,0.6525,0.4890,-16.45,-5.46,-7.70
1.1224,0.8647,0.6500,0.4885,-17.15,-5.46,-7.49
1.1226,0.8633,0.6486,0.4846,-16.94,-4.83,-5.60
1.1228,0.8633,0.6510,0.4846,-17.71,-5.39,-7.35
1.1230,0.8647,0.6505,0.4812,-17.43,-5.25,-5.25
1.1232,0.8638,0.6515,0.4787,-18.55,-5.04,-6.58
1.1234,0.8603,0.6549,0.4797,-18.06,-5.32,-5.39
1.1236,0.8603,0.6549,0.4787,-19.11,-4.90,-6.30
1.1238,0.8569,0.6510,0.4782,-18.69,-5.25,-4.69
1.1245,0.8555,0.6510,0.4778,-19.53,-4.97,-6.02
1.1251,0.8525,0.6476,0.4778,-19.25,-5.95,-4.62
1.1257,0.8472,0.6451,0.4753,-20.23,-4.69,-5.18
1.1263,0.8433,0.6490,0.4690,-19.74,-5.74,-4.69
1.1270,0.8433,0.6481,0.4695,-20.86,-4.55,-4.55
1.1276,0.8423,0.6442,0.4695,-20.44,-5.95,-4.69
1.1282,0.8379,0.6417,0.4690,-21.42,-4.48,-3.85
1.1288,0.8330,0.6437,0.4699,-21.28,-5.46,-4.34
1.1295,0.8286,0.6422,0.4690,-21.98,-4.69,-3.57
1.1301,0.8242,0.6422,0.4641,-22.33,-5.04,-4.06
1.1307,0.8174,0.6432,0.4621,-22.75,-4.97,-2.87
1.1313,0.8150,0.6412,0.4656,-23.10,-5.18,-3.99
1.1320,0.8150,0.6432,0.4685,-23.24,-4.69,-2.66
1.1326,0.8111,0.6446,0.4685,-24.08,-4.90,-3.36
1.1332,0.8101,0.6432,0.4641,-23.87,-4.76,-2.31
1.1338,0.8067,0.6403,0.4626,-24.78,-4.90,-3.22
1.1345,0.8013,0.6378,0.4626,-24.64,-4.48,-1.68
1.1351,0.8028,0.6398,0.4641,-25.27,-4.55,-2.38
1.1357,0.8023,0.6403,0.4646,-25.55,-4.55,-1.96
1.1364,0.7989,0.6403,0.4616,-26.32,-4.55,-2.31
1.1369,0.7959,0.6422,0.4587,-26.04,-4.13,-1.19
1.1375,0.7920,0.6442,0.4568,-27.30,-3.99,-1.82
1.1380,0.7891,0.6427,0.4597,-26.81,-4.20,-1.33
1.1386,0.7886,0.6417,0.4621,-28.14,-3.78,-1.47
1.1391,0.7867,0.6481,0.4597,-27.93,-3.99,-0.84
1.1397,0.7808,0.6520,0.4543,-28.84,-3.85,-1.33
1.1403,0.7735,0.6505,0.4519,-28.77,-3.43,-0.35
1.1408,0.7710,0.6476,0.4514,-29.75,-3.36,-0.70
1.1414,0.7701,0.6495,0.4504,-29.54,-3.36,-0.63
1.1419,0.7657,0.6525,0.4534,-30.52,-3.50,-0.14
1.1425,0.7671,0.6495,0.4553,-30.66,-2.73,-0.63
1.1430,0.7637,0.6490,0.4558,-31.15,-3.01,0.14
1.1436,0.7593,0.6510,0.4529,-31.71,-2.31,-0.21
1.1442,0.7613,0.6481,0.4494,-32.06,-2.94,0.28
1.1447,0.7584,0.6486,0.4514,-32.27,-2.31,-0.07
1.1453,0.7515,0.6490,0.4509,-32.83,-2.17,0.77
1.1458,0.7427,0.6476,0.4524,-33.32,-2.10,0.00
1.1464,0.7413,0.6476,0.4524,-33.95,-2.24,0.56
1.1469,0.7447,0.6476,0.4499,-34.23,-1.61,0.70
1.1475,0.7432,0.6471,0.4470,-34.79,-1.68,0.49
1.1480,0.7408,0.6495,0.4446,-35.07,-1.33,0.42
1.1486,0.7369,0.6495,0.4499,-35.70,-1.68,0.63
1.1491,0.7325,0.6486,0.4499,-36.12,-0.49,0.91
1.1497,0.7291,0.6495,0.4499,-36.61,-1.33,0.56
1.1502,0.7266,0.6490,0.4529,-36.89,-0.35,1.05
1.1508,0.7247,0.6495,0.4499,-37.59,-1.12,0.49
1.1513,0.7188,0.6510,0.4480,-38.22,-0.28,1.33
1.1519,0.7149,0.6549,0.4475,-38.08,-0.28,0.70
1.1524,0.7120,0.6568,0.4480,-38.99,0.49,1.12
1.1529,0.7066,0.6554,0.4470,-40.32,-0.14,0.91
1.1535,0.7013,0.6520,0.4475,-39.83,1.19,1.12
1.1540,0.6983,0.6539,0.4499,-41.16,0.00,0.98
1.1546,0.6988,0.6583,0.4490,-40.95,1.75,1.26
1.1551,0.6969,0.6578,0.4441,-41.86,0.91,0.98
1.1557,0.6920,0.6573,0.4470,-42.00,2.17,1.47
1.1562,0.6905,0.6568,0.4509,-42.70,1.12,0.28
1.1568,0.6900,0.6564,0.4494,-42.49,2.38,1.33
1.1573,0.6881,0.6568,0.4465,-43.75,2.10,0.35
1.1578,0.6852,0.6564,0.4446,-43.82,2.38,1.26
1.1584,0.6783,0.6568,0.4475,-44.38,2.59,0.70
1.1590,0.6749,0.6568,0.4514,-44.87,3.01,1.05
1.1595,0.6764,0.6578,0.4509,-45.15,2.94,0.35
1.1601,0.6793,0.6578,0.4470,-45.50,3.15,0.98
1.1606,0.6778,0.6627,0.4446,-46.13,3.64,0.42
1.1612,0.6720,0.6686,0.4455,-46.83,3.57,0.84
1.1618,0.6720,0.6661,0.4451,-46.83,4.27,0.63
1.1623,0.6686,0.6686,0.4407,-47.53,3.99,0.91
1.1629,0.6666,0.6681,0.4387,-48.65,3.99,-0.07
1.1635,0.6661,0.6681,0.4426,-48.16,5.18,1.33
1.1640,0.6661,0.6671,0.4441,-49.35,4.69,0.21
1.1646,0.6593,0.6681,0.4426,-49.42,6.09,1.47
1.1652,0.6559,0.6754,0.4402,-49.70,4.83,-0.14
1.1657,0.6578,0.6788,0.4348,-50.12,6.44,1.47
1.1663,0.6578,0.6808,0.4353,-50.82,5.95,0.14
1.1668,0.6573,0.6861,0.4353,-50.61,6.65,1.33
1.1674,0.6529,0.6886,0.4319,-51.73,6.30,0.14
1.1680,0.6510,0.6905,0.4329,-51.31,6.65,1.26
1.1685,0.6481,0.6920,0.4348,-52.15,6.86,0.21
1.1691,0.6466,0.6925,0.4343,-51.87,7.42,1.12
1.1697,0.6456,0.6939,0.4299,-52.57,7.28,0.49
1.1702,0.6442,0.6959,0.4304,-52.78,7.63,1.19
1.1708,0.6432,0.6959,0.4304,-53.27,8.12,0.70
1.1714,0.6368,0.6969,0.4260,-53.20,7.70,0.77
1.1719,0.6383,0.6988,0.4236,-53.97,8.54,1.12
1.1725,0.6403,0.6998,0.4280,-54.18,7.91,0.21
1.1730,0.6339,0.7003,0.4314,-54.39,9.10,1.33
1.1736,0.6320,0.7008,0.4294,-54.95,8.75,0.49
1.1742,0.6334,0.7017,0.4270,-54.88,9.38,1.33
1.1747,0.6349,0.7022,0.4255,-55.51,8.75,-0.21
1.1753,0.6359,0.7032,0.4260,-55.51,9.66,1.54
1.1758,0.6344,0.7047,0.4250,-55.93,9.17,-0.07
1.1764,0.6320,0.7047,0.4216,-56.00,9.94,0.77
1.1770,0.6320,0.7022,0.4216,-56.77,9.80,0.42
1.1775,0.6320,0.7047,0.4197,-56.28,10.08,0.77
1.1781,0.6334,0.7100,0.4158,-57.33,10.36,-0.14
1.1787,0.6339,0.7105,0.4216,-56.63,10.36,0.35
1.1792,0.6320,0.7081,0.4270,-57.68,10.78,-0.42
1.1798,0.6310,0.7071,0.4265,-57.19,10.50,0.00
1.1803,0.6310,0.7125,0.4255,-58.17,10.99,-0.07
1.1809,0.6315,0.7174,0.4207,-58.03,10.57,-0.49
1.1820,0.6315,0.7178,0.4187,-58.59,10.99,-0.42
1.1831,0.6251,0.7183,0.4187,-58.24,10.99,-0.70
1.1841,0.6222,0.7203,0.4148,-59.01,11.69,-0.91
1.1852,0.6261,0.7232,0.4148,-59.01,10.85,-1.54
1.1863,0.6290,0.7232,0.4168,-59.29,11.62,-0.98
1.1874,0.6256,0.7261,0.4172,-59.85,11.55,-2.17
1.1884,0.6237,0.7261,0.4168,-59.57,11.90,-1.12
1.1895,0.6242,0.7261,0.4099,-60.55,11.34,-2.73
1.1906,0.6261,0.7305,0.4046,-59.92,12.25,-1.54
1.1917,0.6276,0.7300,0.4065,-60.97,11.76,-3.22
1.1927,0.6271,0.7286,0.4133,-60.55,12.25,-2.10
1.1938,0.6290,0.7286,0.4104,-61.04,12.04,-3.57
1.1949,0.6276,0.7291,0.4050,-60.90,11.83,-2.87
1.1960,0.6246,0.7266,0.4065,-61.53,12.53,-3.85
1.1971,0.6246,0.7271,0.4085,-61.46,11.97,-3.43
1.1981,0.6232,0.7286,0.4065,-61.74,12.32,-4.27
1.1992,0.6198,0.7291,0.4006,-61.81,12.25,-4.20
1.2003,0.6183,0.7300,0.3977,-62.23,12.53,-4.48
1.2014,0.6222,0.7291,0.3992,-62.51,12.25,-4.97
1.2024,0.6251,0.7300,0.3997,-62.37,12.32,-4.97
1.2037,0.6207,0.7354,0.3982,-62.79,11.90,-5.95
1.2049,0.6232,0.7369,0.3982,-62.79,12.53,-5.53
1.2061,0.6261,0.7335,0.3938,-62.93,11.97,-6.79
1.2074,0.6246,0.7325,0.3948,-63.49,12.95,-6.86
1.2086,0.6193,0.7296,0.3933,-63.28,12.46,-7.00
1.2098,0.6202,0.7310,0.3914,-64.33,12.60,-7.84
1.2110,0.6222,0.7296,0.3914,-63.56,12.18,-7.63
1.2123,0.6222,0.7291,0.3933,-64.33,12.60,-8.40
1.2135,0.6227,0.7315,0.3914,-64.05,11.97,-8.68
1.2147,0.6232,0.7305,0.3884,-64.96,12.81,-8.82
1.2160,0.6222,0.7325,0.3894,-64.54,11.83,-9.66
1.2172,0.6188,0.7305,0.3894,-65.24,12.95,-9.31
1.2184,0.6193,0.7310,0.3865,-65.17,11.90,-10.36
1.2197,0.6202,0.7315,0.3816,-65.31,12.74,-10.50
1.2209,0.6212,0.7310,0.3802,-65.52,11.90,-10.85
1.2221,0.6222,0.7315,0.3811,-65.66,12.60,-10.71
1.2233,0.6212,0.7315,0.3841,-66.15,11.83,-11.90
1.2246,0.6202,0.7300,0.3860,-65.80,11.90,-11.76
1.2258,0.6193,0.7247,0.3841,-66.78,12.11,-12.11
1.2270,0.6217,0.7222,0.3845,-66.01,12.04,-12.39
1.2271,0.6193,0.7227,0.3821,-67.27,11.83,-13.30
1.2272,0.6154,0.7213,0.3797,-66.15,11.90,-13.09
1.2272,0.6173,0.7213,0.3811,-67.27,12.04,-13.51
1.2273,0.6139,0.7242,0.3811,-67.06,10.78,-14.35
1.2274,0.6110,0.7222,0.3772,-67.90,12.53,-13.72
1.2275,0.6120,0.7193,0.3792,-67.34,11.48,-14.98
1.2275,0.6124,0.7178,0.3831,-67.83,11.90,-14.77
1.2276,0.6129,0.7174,0.3806,-68.04,11.13,-15.82
1.2277,0.6139,0.7154,0.3777,-68.32,11.90,-14.98
1.2277,0.6139,0.7139,0.3772,-68.60,10.57,-16.66
1.2278,0.6124,0.7125,0.3772,-68.25,11.41,-15.68
1.2279,0.6139,0.7120,0.3772,-69.09,11.20,-16.87
1.2279,0.6134,0.7135,0.3777,-68.67,11.06,-16.59
1.2280,0.6124,0.7100,0.3738,-69.51,11.13,-17.15
1.2281,0.6168,0.7076,0.3723,-69.09,10.85,-17.29
1.2282,0.6198,0.7096,0.3709,-69.58,10.92,-17.57
1.2282,0.6173,0.7061,0.3689,-69.23,10.43,-17.92
1.2283,0.6188,0.6983,0.3733,-70.21,10.78,-17.85
1.2284,0.6202,0.6949,0.3743,-69.86,10.15,-17.99
1.2284,0.6168,0.6925,0.3728,-70.49,10.64,-18.62
1.2285,0.6144,0.6895,0.3723,-70.63,9.94,-18.90
1.2285,0.6168,0.6871,0.3680,-70.77,10.08,-18.83
1.2286,0.6188,0.6910,0.3640,-71.12,10.15,-18.90
1.2287,0.6168,0.6910,0.3645,-70.91,9.87,-19.25
1.2287,0.6154,0.6842,0.3650,-71.54,10.01,-19.32
1.2288,0.6202,0.6837,0.3626,-71.47,9.59,-19.53
1.2288,0.6227,0.6808,0.3601,-71.96,9.66,-19.60
1.2289,0.6193,0.6778,0.3567,-72.17,9.73,-19.39
1.2289,0.6159,0.6764,0.3553,-72.38,9.38,-20.02
1.2290,0.6149,0.6710,0.3548,-72.52,9.38,-19.81
1.2290,0.6149,0.6710,0.3538,-73.08,9.24,-20.09
1.2291,0.6144,0.6690,0.3543,-73.22,9.38,-20.16
1.2291,0.6178,0.6661,0.3597,-73.15,9.03,-20.02
1.2292,0.6202,0.6661,0.3592,-73.78,8.82,-20.23
1.2292,0.6212,0.6647,0.3538,-73.57,8.47,-20.51
1.2293,0.6193,0.6603,0.3509,-74.27,8.89,-20.51
1.2293,0.6178,0.6568,0.3475,-74.13,8.33,-20.72
1.2294,0.6202,0.6520,0.3460,-74.62,8.47,-20.16
1.2294,0.6217,0.6549,0.3494,-74.83,8.05,-20.51
1.2295,0.6217,0.6568,0.3509,-75.18,8.75,-20.51
1.2305,0.6232,0.6520,0.3455,-75.32,7.63,-20.79
1.2314,0.6202,0.6505,0.3416,-75.46,8.33,-20.79
1.2324,0.6202,0.6476,0.3436,-75.81,7.84,-20.30
1.2334,0.6237,0.6412,0.3460,-76.16,7.70,-20.51
1.2344,0.6227,0.6403,0.3455,-76.30,7.42,-20.30
1.2354,0.6242,0.6422,0.3470,-76.37,7.21,-20.86
1.2363,0.6276,0.6412,0.3445,-77.07,7.77,-20.16
1.2373,0.6290,0.6354,0.3401,-77.00,6.16,-20.86
1.2383,0.6285,0.6315,0.3362,-77.49,7.56,-19.95
1.2393,0.6329,0.6354,0.3343,-77.98,6.72,-19.95
1.2403,0.6344,0.6300,0.3372,-77.98,6.58,-20.44
1.2412,0.6339,0.6276,0.3348,-78.40,6.65,-19.81
1.2422,0.6393,0.6246,0.3299,-78.89,6.16,-20.58
1.2432,0.6398,0.6237,0.3304,-79.03,5.88,-20.09
1.2442,0.6364,0.6227,0.3318,-79.17,6.16,-20.02
1.2452,0.6388,0.6217,0.3274,-79.52,5.39,-20.37
1.2461,0.6422,0.6207,0.3299,-79.94,5.60,-19.67
1.2471,0.6407,0.6129,0.3294,-80.01,4.90,-20.51
1.2481,0.6398,0.6120,0.3279,-80.78,4.69,-20.44
1.2491,0.6364,0.6090,0.3274,-81.13,4.69,-19.39
1.2496,0.6373,0.6051,0.3255,-81.48,4.41,-20.02
1.2502,0.6422,0.6051,0.3245,-81.55,4.13,-19.60
1.2507,0.6432,0.6056,0.3265,-81.97,4.13,-19.81
1.2512,0.6417,0.6022,0.3279,-81.90,3.43,-19.95
1.2518,0.6432,0.6002,0.3260,-82.74,3.99,-19.25
1.2523,0.6417,0.6017,0.3240,-82.32,3.15,-19.67
1.2529,0.6383,0.6007,0.3226,-83.37,3.43,-18.83
1.2534,0.6412,0.5998,0.3231,-83.02,2.73,-19.95
1.2540,0.6427,0.5958,0.3216,-83.72,2.73,-19.04
1.2545,0.6437,0.5910,0.3226,-84.07,2.52,-19.60
1.2551,0.6432,0.5905,0.3270,-84.21,2.73,-18.69
1.2556,0.6432,0.5895,0.3206,-84.84,2.03,-19.53
1.2561,0.6461,0.5919,0.3148,-84.49,1.75,-18.90
1.2567,0.6451,0.5905,0.3177,-85.68,1.54,-19.46
1.2572,0.6442,0.5890,0.3182,-85.47,1.26,-18.62
1.2578,0.6437,0.5866,0.3187,-85.96,1.40,-18.76
1.2583,0.6412,0.5851,0.3231,-85.82,0.35,-18.90
1.2589,0.6422,0.5861,0.3157,-86.66,1.19,-18.27
1.2594,0.6451,0.5822,0.3157,-87.01,0.07,-19.18
1.2599,0.6471,0.5793,0.3192,-86.80,0.35,-18.20
1.2606,0.6466,0.5768,0.3211,-87.22,-0.07,-18.69
1.2612,0.6456,0.5714,0.3182,-87.78,-0.14,-18.06
1.2619,0.6476,0.5705,0.3211,-87.78,-0.56,-18.83
1.2625,0.6442,0.5710,0.3235,-88.41,-0.98,-17.99
1.2632,0.6407,0.5724,0.3187,-88.69,-1.19,-18.62
1.2638,0.6471,0.5719,0.3167,-88.48,-1.26,-17.99
1.2645,0.6525,0.5656,0.3152,-89.39,-1.47,-18.34
1.2651,0.6490,0.5636,0.3152,-89.32,-1.61,-17.78
1.2658,0.6471,0.5632,0.3167,-90.02,-1.89,-18.06
1.2664,0.6476,0.5573,0.3152,-89.74,-2.45,-17.57
1.2671,0.6461,0.5563,0.3167,-90.51,-2.66,-18.06
1.2677,0.6476,0.5588,0.3148,-90.37,-2.94,-17.50
1.2683,0.6495,0.5612,0.3118,-91.07,-3.29,-17.85
1.2690,0.6486,0.5627,0.3123,-91.21,-3.36,-17.22
1.2696,0.6486,0.5622,0.3138,-91.77,-3.15,-17.29
1.2703,0.6481,0.5612,0.3172,-91.91,-3.64,-17.01
1.2709,0.6461,0.5622,0.3206,-91.77,-3.71,-17.29
1.2716,0.6456,0.5607,0.3157,-92.40,-4.55,-17.36
1.2722,0.6461,0.5553,0.3148,-92.47,-4.41,-16.38
1.2729,0.6446,0.5544,0.3148,-92.89,-4.83,-17.29
1.2739,0.6393,0.5534,0.3123,-92.89,-5.46,-16.38
1.2750,0.6412,0.5539,0.3138,-93.73,-4.83,-16.94
1.2760,0.6466,0.5558,0.3182,-93.59,-6.37,-16.52
1.2771,0.6461,0.5563,0.3226,-94.08,-5.25,-16.31
1.2781,0.6451,0.5563,0.3192,-93.80,-6.72,-15.96
1.2792,0.6442,0.5558,0.3157,-94.57,-5.81,-16.24
1.2802,0.6412,0.5563,0.3148,-94.50,-7.00,-15.61
1.2813,0.6393,0.5592,0.3148,-94.92,-6.51,-16.03
1.2823,0.6407,0.5607,0.3187,-95.13,-7.56,-15.89
1.2834,0.6368,0.5583,0.3211,-95.27,-7.21,-15.19
1.2844,0.6300,0.5568,0.3216,-95.55,-8.05,-16.24
1.2855,0.6315,0.5622,0.3235,-95.55,-7.84,-15.33
1.2865,0.6339,0.5646,0.3216,-96.32,-8.19,-15.54
1.2876,0.6364,0.5627,0.3211,-96.04,-8.19,-14.91
1.2886,0.6383,0.5646,0.3196,-96.81,-8.96,-15.82
1.2897,0.6368,0.5636,0.3172,-96.25,-8.82,-14.56
1.2907,0.6373,0.5597,0.3196,-96.95,-9.17,-15.54
1.2918,0.6373,0.5583,0.3221,-96.25,-8.75,-13.93
1.2928,0.6349,0.5622,0.3235,-97.30,-9.66,-15.47
1.2939,0.6324,0.5622,0.3221,-96.95,-9.52,-14.21
1.2939,0.6310,0.5597,0.3201,-97.23,-9.94,-14.91
1.2939,0.6329,0.5632,0.3231,-97.37,-10.78,-14.28
1.2940,0.6368,0.5666,0.3250,-97.58,-10.43,-14.70
1.2940,0.6344,0.5646,0.3231,-98.07,-11.27,-14.21
1.2941,0.6300,0.5641,0.3250,-97.72,-10.99,-14.42
1.2941,0.6295,0.5646,0.3270,-97.93,-11.83,-14.07
1.2941,0.6290,0.5646,0.3265,-98.07,-11.27,-14.14
1.2942,0.6300,0.5641,0.3260,-98.49,-12.25,-14.49
1.2942,0.6305,0.5646,0.3284,-98.49,-11.62,-13.51
1.2943,0.6300,0.5690,0.3284,-98.56,-12.67,-14.56
1.2943,0.6276,0.5695,0.3274,-98.56,-12.60,-13.79
1.2943,0.6266,0.5695,0.3270,-98.91,-13.09,-14.56
1.2944,0.6276,0.5695,0.3284,-98.91,-12.95,-13.79
1.2944,0.6271,0.5685,0.3270,-98.77,-13.37,-14.49
1.2945,0.6266,0.5695,0.3270,-99.26,-13.37,-13.79
1.2945,0.6256,0.5700,0.3318,-99.12,-14.14,-14.84
1.2945,0.6246,0.5695,0.3318,-99.19,-14.35,-14.14
1.2946,0.6237,0.5758,0.3309,-99.54,-14.28,-14.98
1.2946,0.6227,0.5758,0.3333,-99.33,-14.98,-14.00
1.2947,0.6188,0.5729,0.3353,-99.61,-14.42,-14.63
1.2959,0.6149,0.5739,0.3372,-99.82,-15.40,-14.63
1.2972,0.6134,0.5724,0.3387,-99.75,-15.12,-14.49
1.2985,0.6149,0.5705,0.3392,-99.96,-15.61,-14.91
1.2997,0.6149,0.5680,0.3387,-99.89,-15.82,-14.91
1.3010,0.6129,0.5680,0.3392,-99.89,-16.17,-14.91
1.3023,0.6173,0.5661,0.3372,-99.89,-16.31,-14.98
1.3036,0.6207,0.5627,0.3357,-100.24,-16.52,-15.61
1.3048,0.6198,0.5627,0.3387,-100.03,-16.80,-14.84
1.3061,0.6207,0.5607,0.3406,-100.38,-16.87,-15.82
1.3074,0.6207,0.5578,0.3416,-100.45,-17.43,-15.61
1.3087,0.6183,0.5612,0.3416,-100.38,-17.85,-16.31
1.3099,0.6178,0.5617,0.3440,-100.45,-17.99,-15.75
1.3112,0.6163,0.5583,0.3475,-100.24,-17.78,-16.17
1.3125,0.6124,0.5544,0.3475,-100.59,-18.34,-16.45
1.3137,0.6095,0.5524,0.3475,-100.66,-18.27,-16.52
1.3150,0.6095,0.5558,0.3504,-100.94,-18.90,-16.87
1.3163,0.6124,0.5563,0.3518,-101.08,-18.97,-17.01
1.3176,0.6085,0.5553,0.3509,-100.87,-19.18,-17.43
1.3188,0.6061,0.5534,0.3494,-100.73,-19.53,-16.94
1.3201,0.6110,0.5505,0.3470,-100.94,-19.46,-18.20
1.3201,0.6085,0.5510,0.3523,-101.08,-20.09,-17.29
1.3202,0.6100,0.5510,0.3592,-100.87,-20.16,-18.41
1.3202,0.6120,0.5495,0.3611,-101.15,-20.86,-18.27
1.3203,0.6080,0.5456,0.3621,-101.08,-20.58,-18.27
1.3203,0.6080,0.5456,0.3606,-101.15,-20.86,-18.55
1.3203,0.6056,0.5475,0.3611,-101.64,-20.86,-19.04
1.3204,0.6046,0.5456,0.3626,-101.08,-21.70,-18.83
1.3204,0.6076,0.5431,0.3621,-101.71,-21.56,-19.04
1.3205,0.6090,0.5431,0.3650,-101.08,-21.77,-19.67
1.3205,0.6129,0.5441,0.3694,-101.78,-21.98,-19.67
1.3205,0.6144,0.5422,0.3684,-101.08,-22.12,-19.81
1.3206,0.6212,0.5427,0.3670,-102.06,-22.68,-19.88
1.3206,0.6198,0.5397,0.3640,-101.92,-23.17,-20.16
1.3207,0.6198,0.5358,0.3675,-101.50,-23.10,-20.58
1.3207,0.6202,0.5314,0.3723,-101.57,-23.66,-20.37
1.3207,0.6188,0.5300,0.3689,-101.85,-23.59,-21.00
1.3208,0.6178,0.5309,0.3694,-101.64,-23.80,-21.07
1.3208,0.6178,0.5314,0.3699,-101.99,-24.15,-20.86
1.3209,0.6154,0.5319,0.3704,-101.71,-24.57,-21.49
1.3209,0.6163,0.5339,0.3758,-102.06,-24.50,-21.49
1.3212,0.6183,0.5339,0.3787,-101.64,-24.99,-21.63
1.3215,0.6154,0.5305,0.3762,-102.13,-25.13,-21.91
1.3218,0.6163,0.5285,0.3767,-101.50,-25.83,-21.91
1.3221,0.6207,0.5280,0.3772,-102.20,-25.41,-22.05
1.3224,0.6202,0.5236,0.3758,-101.57,-25.83,-21.84
1.3227,0.6193,0.5207,0.3753,-102.20,-26.11,-22.47
1.3230,0.6173,0.5217,0.3762,-101.71,-26.25,-22.33
1.3233,0.6149,0.5222,0.3753,-101.99,-26.60,-22.75
1.3236,0.6124,0.5168,0.3762,-101.85,-27.02,-22.75
1.3238,0.6115,0.5119,0.3797,-102.27,-26.53,-22.89
1.3241,0.6139,0.5119,0.3816,-101.99,-27.86,-23.38
1.3244,0.6115,0.5095,0.3841,-101.78,-27.23,-22.89
1.3247,0.6071,0.5080,0.3845,-102.13,-27.93,-23.31
1.3250,0.6076,0.5051,0.3831,-101.50,-27.23,-23.10
1.3253,0.6115,0.5007,0.3836,-102.34,-28.77,-23.94
1.3256,0.6120,0.4973,0.3880,-101.78,-27.86,-23.03
1.3259,0.6095,0.4914,0.3875,-102.34,-28.84,-24.08
1.3262,0.6110,0.4885,0.3880,-101.64,-28.91,-23.66
1.3265,0.6144,0.4924,0.3880,-102.27,-29.12,-24.50
1.3268,0.6124,0.4934,0.3865,-101.92,-29.33,-23.66
1.3274,0.6120,0.4904,0.3880,-102.13,-29.54,-24.43
1.3280,0.6159,0.4880,0.3914,-102.13,-29.40,-24.15
1.3286,0.6173,0.4841,0.3953,-102.27,-29.89,-24.50
1.3292,0.6163,0.4787,0.3948,-102.20,-30.24,-24.50
1.3298,0.6173,0.4743,0.3963,-102.34,-29.82,-24.57
1.3304,0.6178,0.4748,0.3963,-102.06,-31.01,-25.13
1.3309,0.6139,0.4743,0.3987,-102.20,-30.45,-24.50
1.3315,0.6149,0.4699,0.4021,-102.34,-31.01,-25.06
1.3321,0.6193,0.4636,0.4026,-101.99,-30.94,-24.78
1.3327,0.6222,0.4602,0.4021,-102.55,-31.85,-25.62
1.3333,0.6251,0.4582,0.4002,-102.27,-30.94,-24.64
1.3339,0.6237,0.4543,0.3997,-102.41,-32.13,-26.18
1.3345,0.6232,0.4490,0.4016,-102.27,-31.85,-25.06
1.3351,0.6222,0.4499,0.4021,-102.90,-32.34,-26.39
1.3357,0.6251,0.4499,0.3997,-102.27,-32.41,-25.34
1.3363,0.6281,0.4441,0.4041,-102.83,-32.34,-26.18
1.3369,0.6242,0.4412,0.4085,-102.62,-32.97,-25.76
1.3375,0.6266,0.4426,0.4046,-103.18,-32.97,-26.32
1.3381,0.6295,0.4402,0.4041,-102.48,-33.60,-26.11
1.3387,0.6281,0.4368,0.4060,-102.90,-33.46,-26.53
1.3392,0.6290,0.4304,0.4070,-102.62,-33.74,-26.46
1.3397,0.6320,0.4250,0.4065,-103.04,-33.74,-26.67
1.3403,0.6359,0.4255,0.4050,-102.90,-34.51,-26.60
1.3408,0.6359,0.4216,0.4055,-103.25,-34.37,-26.95
1.3413,0.6364,0.4216,0.4065,-103.32,-34.72,-27.23
1.3419,0.6373,0.4192,0.4060,-103.18,-34.93,-27.02
1.3424,0.6427,0.4143,0.4075,-103.53,-35.42,-27.37
1.3429,0.6456,0.4133,0.4104,-103.32,-35.14,-26.81
1.3435,0.6427,0.4075,0.4138,-103.74,-35.70,-27.86
1.3440,0.6442,0.4065,0.4158,-103.18,-35.98,-27.16
1.3446,0.6451,0.4070,0.4143,-103.88,-35.91,-27.72
1.3451,0.6442,0.4050,0.4148,-103.60,-36.33,-27.51
1.3456,0.6427,0.4046,0.4143,-103.95,-36.61,-28.35
1.3462,0.6427,0.4050,0.4158,-103.60,-36.61,-27.58
1.3467,0.6422,0.4031,0.4202,-104.44,-36.68,-27.93
1.3472,0.6432,0.3967,0.4182,-103.67,-37.45,-28.00
1.3478,0.6432,0.3924,0.4168,-104.51,-36.89,-27.93
1.3483,0.6446,0.3948,0.4236,-103.95,-38.01,-28.49
1.3488,0.6471,0.3933,0.4275,-104.65,-37.52,-28.21
1.3494,0.6495,0.3884,0.4280,-104.44,-38.22,-28.49
1.3500,0.6515,0.3880,0.4280,-104.51,-38.08,-28.84
1.3505,0.6529,0.3850,0.4299,-104.44,-39.13,-28.77
1.3511,0.6554,0.3870,0.4304,-104.86,-38.43,-28.70
1.3517,0.6559,0.3875,0.4324,-104.72,-39.34,-29.40
1.3523,0.6578,0.3821,0.4368,-104.58,-39.27,-28.91
1.3529,0.6617,0.3816,0.4363,-104.93,-39.76,-29.61
1.3534,0.6632,0.3826,0.4368,-104.72,-39.55,-29.47
1.3540,0.6632,0.3860,0.4402,-104.93,-40.18,-29.54
1.3546,0.6642,0.3870,0.4387,-104.86,-40.04,-29.75
1.3552,0.6690,0.3836,0.4392,-105.21,-40.46,-30.10
1.3558,0.6715,0.3816,0.4416,-105.00,-41.23,-30.17
1.3563,0.6725,0.3816,0.4421,-104.93,-40.46,-30.03
1.3569,0.6710,0.3855,0.4436,-105.35,-42.07,-31.43
1.3575,0.6734,0.3821,0.4455,-104.93,-41.58,-30.38
1.3581,0.6754,0.3782,0.4446,-105.63,-41.65,-31.29
1.3587,0.6744,0.3782,0.4446,-104.93,-42.00,-30.59
1.3592,0.6759,0.3787,0.4465,-105.49,-42.70,-31.92
1.3598,0.6773,0.3777,0.4465,-105.00,-42.14,-31.08
1.3604,0.6734,0.3762,0.4509,-105.63,-42.98,-32.69
1.3610,0.6730,0.3733,0.4538,-105.14,-43.26,-31.50
1.3621,0.6754,0.3723,0.4534,-105.07,-43.40,-33.25
1.3633,0.6764,0.3704,0.4568,-105.28,-43.89,-32.62
1.3644,0.6783,0.3694,0.4602,-105.07,-43.33,-33.11
1.3656,0.6817,0.3699,0.4607,-105.56,-44.38,-33.53
1.3668,0.6832,0.3655,0.4582,-105.42,-43.96,-33.74
1.3679,0.6856,0.3636,0.4621,-105.49,-44.52,-34.30
1.3691,0.6866,0.3645,0.4616,-105.21,-45.08,-35.00
1.3702,0.6871,0.3626,0.4597,-105.63,-45.22,-35.07
1.3714,0.6852,0.3601,0.4621,-105.00,-45.08,-35.42
1.3725,0.6891,0.3562,0.4636,-105.77,-45.71,-36.40
1.3737,0.6915,0.3514,0.4680,-105.28,-45.92,-36.61
1.3748,0.6915,0.3509,0.4738,-105.63,-45.99,-36.61
1.3760,0.6910,0.3514,0.4734,-105.21,-46.41,-37.73
1.3772,0.6939,0.3484,0.4729,-105.35,-46.55,-37.10
1.3783,0.6959,0.3455,0.4738,-105.21,-46.69,-38.71
1.3795,0.6959,0.3445,0.4768,-105.42,-46.90,-37.94
1.3806,0.6978,0.3392,0.4792,-105.28,-47.25,-39.76
1.3818,0.6998,0.3372,0.4773,-105.21,-46.90,-39.06
1.3829,0.7017,0.3396,0.4773,-105.28,-47.67,-40.46
1.3841,0.7013,0.3406,0.4826,-104.93,-47.81,-39.83
1.3841,0.7027,0.3377,0.4865,-105.42,-47.88,-41.37
1.3842,0.7066,0.3338,0.4870,-104.51,-48.09,-40.67
1.3842,0.7056,0.3348,0.4831,-105.56,-48.37,-41.58
1.3842,0.7047,0.3333,0.4846,-104.44,-48.51,-42.28
1.3843,0.7076,0.3323,0.4885,-105.49,-48.65,-42.21
1.3843,0.7135,0.3314,0.4870,-104.16,-49.28,-43.12
1.3843,0.7164,0.3318,0.4875,-105.28,-49.07,-42.84
1.3844,0.7139,0.3338,0.4924,-104.44,-49.35,-43.47
1.3844,0.7139,0.3309,0.4973,-104.65,-49.49,-43.82
1.3844,0.7159,0.3279,0.4953,-104.37,-49.70,-44.10
1.3845,0.7144,0.3279,0.4963,-104.23,-49.56,-44.24
1.3845,0.7159,0.3274,0.4958,-104.23,-49.91,-44.66
1.3846,0.7193,0.3255,0.4934,-103.88,-50.05,-44.94
1.3846,0.7183,0.3231,0.4978,-104.37,-50.33,-45.36
1.3846,0.7183,0.3226,0.5002,-103.11,-50.05,-45.01
1.3847,0.7193,0.3216,0.4992,-104.23,-50.75,-45.78
1.3847,0.7193,0.3211,0.5012,-102.83,-50.54,-45.64
1.3847,0.7208,0.3221,0.5031,-103.81,-50.61,-45.85
1.3848,0.7271,0.3196,0.5036,-102.69,-50.75,-45.43
1.3848,0.7310,0.3148,0.5051,-103.53,-51.10,-46.48
1.3853,0.7315,0.3123,0.5061,-102.34,-50.96,-45.64
1.3858,0.7359,0.3123,0.5080,-102.97,-51.66,-47.11
1.3863,0.7383,0.3089,0.5100,-101.99,-51.17,-45.57
1.3868,0.7388,0.3026,0.5090,-102.41,-51.59,-46.76
1.3873,0.7374,0.2996,0.5080,-101.78,-51.66,-45.71
1.3878,0.7379,0.2982,0.5090,-102.13,-51.59,-46.62
1.3883,0.7442,0.2879,0.5056,-101.57,-52.29,-45.78
1.3889,0.7471,0.2835,0.5051,-101.36,-52.01,-45.64
1.3894,0.7466,0.2796,0.5090,-101.29,-51.94,-45.50
1.3899,0.7447,0.2743,0.5119,-100.87,-52.08,-45.64
1.3904,0.7462,0.2699,0.5075,-100.80,-51.94,-44.87
1.3909,0.7496,0.2611,0.5061,-100.31,-52.08,-45.78
1.3914,0.7540,0.2538,0.5041,-100.59,-52.08,-44.52
1.3919,0.7569,0.2484,0.5061,-99.96,-52.43,-45.29
1.3924,0.7574,0.2445,0.5080,-100.10,-52.29,-43.89
1.3929,0.7588,0.2386,0.5090,-100.03,-52.43,-45.01
1.3934,0.7603,0.2313,0.5065,-99.75,-52.57,-43.47
1.3939,0.7627,0.2250,0.5031,-99.89,-52.43,-44.52
1.3944,0.7696,0.2196,0.5046,-99.40,-52.36,-42.91
1.3949,0.7691,0.2191,0.5065,-99.47,-52.64,-43.54
1.3962,0.7666,0.2147,0.5075,-99.26,-52.71,-42.56
1.3975,0.7715,0.2069,0.5090,-99.33,-52.64,-43.19
1.3988,0.7740,0.2011,0.5090,-99.12,-52.99,-42.00
1.4001,0.7745,0.1967,0.5065,-98.91,-52.50,-42.14
1.4014,0.7774,0.1913,0.5065,-98.84,-53.48,-42.00
1.4027,0.7823,0.1884,0.5065,-98.91,-52.64,-41.30
1.4040,0.7837,0.1835,0.5090,-99.05,-53.34,-41.44
1.4053,0.7852,0.1762,0.5095,-98.84,-52.71,-40.60
1.4066,0.7871,0.1698,0.5090,-99.05,-53.20,-40.74
1.4079,0.7867,0.1669,0.5124,-98.56,-53.27,-39.83
1.4092,0.7828,0.1654,0.5158,-98.70,-53.48,-40.39
1.4105,0.7842,0.1606,0.5144,-98.77,-53.06,-39.13
1.4118,0.7881,0.1542,0.5109,-98.70,-53.62,-39.76
1.4131,0.7871,0.1464,0.5080,-98.70,-53.48,-38.50
1.4144,0.7871,0.1454,0.5104,-98.91,-53.20,-38.85
1.4157,0.7891,0.1435,0.5153,-98.63,-53.62,-38.22
1.4170,0.7876,0.1386,0.5153,-98.77,-53.48,-38.36
1.4183,0.7847,0.1322,0.5144,-98.70,-54.18,-37.52
1.4196,0.7886,0.1269,0.5153,-98.91,-53.27,-37.45
1.4209,0.7925,0.1235,0.5139,-98.63,-54.11,-37.03
1.4213,0.7950,0.1191,0.5163,-98.91,-53.41,-36.26
1.4216,0.7940,0.1132,0.5134,-99.26,-53.62,-35.84
1.4220,0.7998,0.1054,0.5153,-98.98,-54.04,-35.91
1.4223,0.7984,0.0996,0.5163,-99.40,-53.62,-34.93
1.4227,0.7993,0.0976,0.5153,-98.98,-54.32,-35.56
1.4230,0.7998,0.0981,0.5148,-99.61,-53.69,-34.02
1.4234,0.7998,0.0961,0.5129,-99.33,-54.11,-34.86
1.4237,0.7989,0.0888,0.5134,-99.40,-54.60,-33.67
1.4241,0.7964,0.0859,0.5178,-99.40,-53.83,-33.88
1.4245,0.7969,0.0849,0.5187,-99.82,-54.74,-33.18
1.4248,0.7940,0.0820,0.5158,-99.89,-53.97,-33.25
1.4252,0.7935,0.0810,0.5168,-100.24,-54.32,-32.13
1.4255,0.7954,0.0781,0.5192,-100.17,-53.90,-32.20
1.4259,0.7910,0.0761,0.5197,-100.24,-54.95,-31.99
1.4262,0.7886,0.0761,0.5197,-100.17,-54.18,-31.43
1.4266,0.7871,0.0703,0.5192,-100.38,-54.53,-31.36
1.4269,0.7837,0.0630,0.5226,-100.38,-53.97,-30.80
1.4273,0.7828,0.0605,0.5241,-100.73,-54.32,-30.80
1.4276,0.7823,0.0634,0.5236,-100.94,-53.90,-29.68
1.4280,0.7813,0.0659,0.5261,-101.15,-54.95,-30.73
1.4286,0.7818,0.0615,0.5236,-101.22,-54.18,-29.89
1.4292,0.7764,0.0586,0.5217,-100.94,-54.74,-28.49
1.4298,0.7745,0.0654,0.5295,-101.57,-53.83,-29.61
1.4304,0.7720,0.0781,0.5329,-101.64,-54.67,-28.28
1.4310,0.7613,0.0903,0.5324,-101.99,-53.76,-29.12
1.4316,0.7530,0.1049,0.5383,-101.78,-54.53,-28.21
1.4321,0.7496,0.1200,0.5417,-101.64,-53.97,-28.56
1.4327,0.7437,0.1313,0.5451,-101.57,-53.90,-28.28
1.4333,0.7442,0.1322,0.5485,-101.92,-53.90,-28.00
1.4339,0.7491,0.1244,0.5519,-101.85,-53.90,-28.07
1.4345,0.7481,0.1176,0.5524,-102.20,-53.55,-28.00
1.4351,0.7520,0.1137,0.5495,-101.92,-53.62,-28.14
1.4357,0.7627,0.1083,0.5446,-101.99,-53.62,-28.21
1.4363,0.7720,0.0966,0.5397,-102.27,-53.62,-28.35
1.4369,0.7774,0.0805,0.5373,-102.20,-53.69,-28.28
1.4375,0.7818,0.0649,0.5344,-102.20,-53.41,-28.77
1.4381,0.7808,0.0620,0.5324,-102.55,-53.62,-28.14
1.4387,0.7754,0.0620,0.5256,-102.48,-53.34,-28.91
1.4393,0.7774,0.0542,0.5192,-102.62,-53.76,-28.63
1.4399,0.7784,0.0381,0.5144,-102.62,-53.62,-29.26
1.4405,0.7774,0.0288,0.5119,-103.18,-53.97,-28.70
1.4410,0.7793,0.0361,0.5114,-103.04,-53.13,-29.68
1.4416,0.7803,0.0366,0.5065,-103.11,-53.90,-28.49
1.4422,0.7818,0.0210,0.5056,-103.11,-52.85,-29.68
1.4428,0.7813,0.0098,0.5026,-103.25,-53.34,-28.70
1.4433,0.7784,0.0112,0.5022,-103.81,-53.34,-29.75
1.4439,0.7754,0.0200,0.5007,-103.81,-53.34,-28.63
1.4445,0.7696,0.0288,0.4924,-103.74,-52.85,-29.61
1.4450,0.7676,0.0366,0.4934,-103.95,-53.41,-28.98
1.4456,0.7701,0.0420,0.4968,-104.02,-52.92,-29.54
1.4462,0.7696,0.0361,0.4968,-103.95,-52.99,-28.70
1.4468,0.7657,0.0346,0.4963,-104.30,-53.06,-29.54
1.4473,0.7642,0.0420,0.4943,-104.02,-53.06,-28.98
1.4479,0.7647,0.0532,0.4919,-104.44,-52.57,-29.19
1.4485,0.7671,0.0600,0.4953,-104.02,-52.99,-29.12
1.4491,0.7735,0.0517,0.4987,-104.37,-52.92,-29.19
1.4496,0.7813,0.0366,0.4978,-104.02,-52.78,-28.98
1.4502,0.7774,0.0547,0.4958,-104.23,-52.78,-28.84
1.4508,0.7774,0.0556,0.4978,-104.37,-52.92,-29.12
1.4514,0.7823,0.0464,0.4997,-104.23,-52.57,-28.70
1.4519,0.7852,0.0464,0.4992,-104.02,-52.85,-28.49
1.4524,0.7876,0.0439,0.5031,-104.37,-52.85,-28.77
1.4529,0.7925,0.0342,0.5026,-103.95,-52.85,-28.21
1.4534,0.7989,0.0293,0.4987,-104.09,-52.78,-28.98
1.4539,0.8028,0.0366,0.4958,-103.95,-52.85,-28.00
1.4545,0.8023,0.0478,0.4982,-104.23,-52.71,-29.33
1.4550,0.7989,0.0508,0.4992,-103.67,-52.85,-27.79
1.4555,0.7974,0.0478,0.4987,-104.02,-52.64,-29.19
1.4560,0.7969,0.0547,0.4992,-103.46,-52.71,-28.14
1.4565,0.7925,0.0639,0.4973,-103.88,-52.92,-29.40
1.4571,0.7945,0.0649,0.5007,-103.74,-52.99,-28.42
1.4576,0.7954,0.0683,0.5051,-103.74,-52.99,-29.33
1.4581,0.7886,0.0717,0.5056,-103.18,-52.78,-28.35
1.4586,0.7871,0.0756,0.5041,-103.32,-53.13,-29.61
1.4591,0.7896,0.0712,0.5007,-102.90,-52.99,-29.05
1.4596,0.7891,0.0625,0.4997,-102.97,-53.27,-29.68
1.4602,0.7935,0.0512,0.5022,-103.11,-52.71,-28.98
1.4607,0.7969,0.0473,0.4997,-102.76,-53.27,-29.40
1.4612,0.7974,0.0595,0.4939,-102.69,-52.92,-29.75
1.4617,0.7969,0.0747,0.4929,-102.62,-53.41,-29.75
1.4627,0.7925,0.0849,0.4914,-102.13,-52.92,-30.45
1.4636,0.7925,0.0864,0.4900,-101.99,-53.76,-30.24
1.4646,0.7915,0.0737,0.4909,-101.85,-52.99,-30.17
1.4655,0.7886,0.0517,0.4909,-101.64,-53.41,-30.59
1.4665,0.7857,0.0590,0.4934,-101.57,-53.20,-30.80
1.4674,0.7847,0.0844,0.4885,-101.43,-53.90,-31.22
1.4683,0.7867,0.0976,0.4802,-101.15,-53.69,-31.99
1.4693,0.7871,0.1010,0.4782,-100.94,-53.27,-31.57
1.4702,0.7832,0.0996,0.4826,-100.59,-53.48,-32.27
1.4712,0.7754,0.1059,0.4856,-100.24,-53.41,-32.13
1.4721,0.7632,0.1108,0.4860,-99.96,-53.69,-32.69
1.4731,0.7427,0.1191,0.4875,-99.61,-53.55,-33.25
1.4740,0.7281,0.1449,0.4841,-99.89,-53.97,-33.67
1.4750,0.7208,0.1688,0.4846,-99.40,-52.92,-34.02
1.4759,0.7266,0.1732,0.4836,-99.12,-53.90,-35.00
1.4769,0.7369,0.1601,0.4778,-97.86,-53.06,-35.00
1.4778,0.7442,0.1474,0.4768,-98.77,-53.97,-36.26
1.4788,0.7593,0.1264,0.4724,-97.44,-52.92,-36.33
1.4797,0.7803,0.1005,0.4656,-98.14,-54.60,-37.66
1.4807,0.7959,0.0947,0.4602,-96.88,-52.99,-37.24
1.4809,0.7945,0.1103,0.4577,-97.58,-54.18,-39.20
1.4811,0.7881,0.1274,0.4538,-96.60,-53.13,-38.64
1.4813,0.7862,0.1196,0.4490,-96.67,-54.11,-40.74
1.4815,0.7852,0.0961,0.4519,-96.32,-53.06,-40.25
1.4816,0.7754,0.0703,0.4568,-95.62,-54.25,-41.86
1.4818,0.7647,0.0639,0.4558,-96.11,-53.34,-42.07
1.4820,0.7652,0.0678,0.4509,-95.34,-53.76,-42.98
1.4822,0.7657,0.0595,0.4494,-95.34,-53.83,-43.68
1.4824,0.7647,0.0527,0.4524,-94.85,-53.76,-44.38
1.4826,0.7637,0.0429,0.4519,-94.57,-54.53,-45.08
1.4828,0.7608,0.0264,0.4494,-94.50,-53.55,-45.22
1.4830,0.7593,0.0161,0.4490,-94.08,-54.18,-46.55
1.4832,0.7632,0.0073,0.4485,-94.29,-53.20,-46.34
1.4834,0.7676,0.0102,0.4480,-94.01,-54.39,-47.60
1.4836,0.7584,0.0337,0.4441,-93.73,-53.48,-47.60
1.4838,0.7452,0.0464,0.4392,-93.45,-54.39,-48.65
1.4840,0.7432,0.0346,0.4387,-93.24,-53.27,-48.79
1.4842,0.7442,0.0181,0.4431,-92.89,-53.76,-49.28
1.4844,0.7359,0.0127,0.4455,-92.54,-53.48,-49.35
1.4846,0.7315,0.0181,0.4470,-92.68,-53.69,-50.12
1.4851,0.7330,0.0278,0.4441,-91.91,-53.55,-50.33
1.4857,0.7349,0.0307,0.4397,-92.12,-53.55,-50.82
1.4863,0.7349,0.0361,0.4382,-91.28,-53.20,-50.47
1.4868,0.7320,0.0439,0.4377,-91.49,-52.99,-51.59
1.4874,0.7237,0.0454,0.4372,-90.44,-53.06,-50.96
1.4880,0.7222,0.0342,0.4402,-90.65,-52.71,-52.15
1.4885,0.7330,0.0166,0.4441,-90.16,-52.85,-51.38
1.4891,0.7379,0.0146,0.4431,-90.16,-52.92,-52.85
1.4897,0.7383,0.0166,0.4397,-89.39,-52.64,-51.52
1.4902,0.7398,0.0137,0.4402,-89.11,-52.50,-53.13
1.4908,0.7462,0.0112,0.4416,-88.97,-52.78,-51.94
1.4914,0.7501,0.0068,0.4416,-88.55,-51.94,-53.06
1.4919,0.7598,-0.0054,0.4407,-88.06,-52.92,-52.78
1.4925,0.7574,0.0078,0.4382,-87.85,-52.43,-53.06
1.4931,0.7574,0.0122,0.4329,-87.22,-52.29,-53.13
1.4936,0.7652,0.0000,0.4319,-87.08,-52.22,-53.69
1.4942,0.7701,-0.0102,0.4314,-86.24,-51.66,-52.78
1.4948,0.7730,-0.0107,0.4290,-86.24,-52.01,-54.04
1.4953,0.7759,-0.0132,0.4294,-86.03,-51.87,-52.36
1.4959,0.7779,-0.0112,0.4250,-85.61,-52.01,-54.39
1.4975,0.7754,-0.0098,0.4192,-85.12,-51.73,-52.22
1.4991,0.7803,-0.0264,0.4163,-84.91,-52.08,-54.74
1.5006,0.7901,-0.0478,0.4153,-84.42,-51.45,-51.17
1.5022,0.7910,-0.0468,0.4168,-84.42,-52.01,-54.95
1.5038,0.7896,-0.0390,0.4148,-83.44,-51.10,-51.10
1.5054,0.7945,-0.0405,0.4055,-83.86,-51.73,-54.81
1.5070,0.7984,-0.0581,0.3982,-82.60,-51.03,-51.17
1.5086,0.7969,-0.0810,0.3967,-83.37,-51.73,-54.11
1.5101,0.7935,-0.0791,0.3982,-82.11,-51.52,-51.66
1.5117,0.7886,-0.0649,0.3992,-82.81,-51.31,-53.48
1.5133,0.7998,-0.0791,0.3928,-81.69,-51.45,-52.29
1.5149,0.7950,-0.0844,0.3899,-80.64,-51.10,-52.01
1.5165,0.7891,-0.0864,0.3880,-81.34,-50.68,-52.22
1.5180,0.7881,-0.0859,0.3894,-80.64,-50.61,-51.94
1.5196,0.7871,-0.0878,0.3924,-80.85,-50.47,-52.01
1.5212,0.7871,-0.0883,0.3899,-80.50,-51.31,-52.85
1.5228,0.7910,-0.0981,0.3880,-80.15,-50.26,-51.66
1.5244,0.7989,-0.1064,0.3875,-80.08,-50.68,-52.57
1.5259,0.7959,-0.0966,0.3894,-79.45,-50.61,-51.03
1.5275,0.7852,-0.0864,0.3889,-79.45,-50.75,-52.64
1.5276,0.7823,-0.0795,0.3821,-78.61,-50.12,-51.31
1.5276,0.7867,-0.0786,0.3792,-79.24,-50.54,-53.06
1.5277,0.7876,-0.0776,0.3802,-77.77,-50.05,-50.89
1.5277,0.7823,-0.0795,0.3836,-78.89,-50.12,-53.48
1.5278,0.7818,-0.0844,0.3831,-77.14,-49.91,-50.75
1.5278,0.7886,-0.0825,0.3802,-78.19,-49.77,-53.62
1.5279,0.7935,-0.0854,0.3821,-76.51,-50.19,-51.38
1.5279,0.7940,-0.0810,0.3816,-77.42,-49.28,-53.06
1.5280,0.7959,-0.0781,0.3792,-76.30,-50.12,-51.80
1.5280,0.7959,-0.0903,0.3806,-76.51,-48.93,-52.99
1.5280,0.7974,-0.1010,0.3772,-75.67,-50.68,-53.06
1.5281,0.7998,-0.1054,0.3728,-75.60,-48.16,-52.43
1.5281,0.7998,-0.1020,0.3728,-75.32,-50.47,-53.48
1.5282,0.7998,-0.0947,0.3694,-74.76,-48.23,-52.36
1.5282,0.8028,-0.0859,0.3645,-75.11,-49.70,-54.32
1.5283,0.8057,-0.0864,0.3680,-73.85,-48.30,-52.43
1.5283,0.8028,-0.0932,0.3704,-74.34,-49.49,-54.67
1.5284,0.8013,-0.0996,0.3650,-73.08,-48.09,-52.36
1.5284,0.8003,-0.1049,0.3626,-73.50,-49.63,-55.02
1.5285,0.8008,-0.1025,0.3631,-72.94,-48.51,-52.71
1.5286,0.8028,-0.1025,0.3611,-72.80,-48.79,-55.09
1.5287,0.8037,-0.1044,0.3592,-71.68,-49.00,-53.20
1.5288,0.8023,-0.1049,0.3562,-72.24,-48.09,-54.53
1.5290,0.7998,-0.1054,0.3548,-71.40,-48.58,-53.48
1.5291,0.7989,-0.1025,0.3543,-71.33,-47.95,-54.39
1.5292,0.7950,-0.0986,0.3543,-70.49,-48.58,-53.69
1.5293,0.7950,-0.1030,0.3489,-70.56,-47.18,-54.39
1.5294,0.7974,-0.1118,0.3489,-69.58,-48.23,-53.55
1.5296,0.7979,-0.1127,0.3543,-69.93,-47.32,-54.25
1.5297,0.7974,-0.1113,0.3484,-69.37,-48.51,-53.69
1.5298,0.7984,-0.1171,0.3440,-69.16,-47.04,-53.97
1.5299,0.7993,-0.1259,0.3440,-68.39,-48.30,-54.46
1.5300,0.8037,-0.1386,0.3440,-68.32,-46.90,-53.48
1.5302,0.8076,-0.1464,0.3406,-67.76,-47.67,-53.62
1.5303,0.8047,-0.1396,0.3377,-67.27,-46.90,-53.48
1.5304,0.8032,-0.1313,0.3357,-67.41,-47.25,-54.04
1.5305,0.8032,-0.1269,0.3309,-66.36,-47.32,-53.20
1.5307,0.8076,-0.1293,0.3270,-66.71,-47.18,-53.76
1.5308,0.8091,-0.1352,0.3274,-65.38,-46.69,-52.22
1.5309,0.8076,-0.1405,0.3299,-66.36,-47.25,-53.62
1.5315,0.8106,-0.1435,0.3328,-64.82,-46.90,-51.87
1.5321,0.8150,-0.1410,0.3279,-65.59,-46.69,-53.41
1.5326,0.8184,-0.1391,0.3245,-64.12,-47.04,-51.31
1.5332,0.8194,-0.1371,0.3265,-64.40,-46.76,-53.06
1.5338,0.8203,-0.1401,0.3206,-63.63,-47.32,-51.03
1.5344,0.8228,-0.1435,0.3143,-63.63,-46.90,-52.36
1.5350,0.8242,-0.1469,0.3128,-62.72,-47.46,-50.68
1.5355,0.8218,-0.1464,0.3123,-62.86,-46.55,-51.45
1.5361,0.8340,-0.1527,0.3104,-62.02,-46.34,-50.12
1.5367,0.8355,-0.1562,0.3148,-61.88,-47.88,-50.75
1.5373,0.8369,-0.1532,0.3128,-61.11,-46.41,-49.28
1.5379,0.8433,-0.1532,0.3060,-60.41,-47.18,-50.33
1.5384,0.8472,-0.1542,0.3045,-60.34,-46.48,-48.16
1.5390,0.8481,-0.1552,0.3060,-60.41,-47.53,-50.05
1.5396,0.8525,-0.1601,0.3060,-59.15,-47.04,-47.60
1.5402,0.8555,-0.1669,0.3079,-59.71,-47.32,-49.49
1.5408,0.8623,-0.1723,0.3070,-58.31,-47.32,-47.46
1.5413,0.8725,-0.1752,0.3045,-59.22,-47.53,-48.79
1.5419,0.8755,-0.1742,0.3026,-57.68,-47.53,-46.34
1.5425,0.8716,-0.1752,0.3035,-58.31,-47.74,-47.95
1.5437,0.8686,-0.1752,0.3040,-56.91,-48.09,-45.85
1.5450,0.8657,-0.1796,0.3016,-57.47,-47.60,-47.18
1.5462,0.8657,-0.1854,0.3045,-56.14,-48.44,-45.57
1.5474,0.8672,-0.1913,0.3079,-56.91,-48.09,-46.34
1.5486,0.8662,-0.1942,0.3079,-55.51,-48.65,-44.73
1.5499,0.8677,-0.1913,0.3074,-56.00,-48.37,-44.87
1.5511,0.8750,-0.1884,0.3021,-55.37,-48.23,-43.68
1.5523,0.8716,-0.1967,0.3006,-54.53,-49.28,-42.42
1.5535,0.8691,-0.2001,0.3001,-54.04,-49.42,-42.98
1.5548,0.8711,-0.2015,0.2996,-53.62,-49.00,-40.88
1.5560,0.8721,-0.2006,0.3011,-53.83,-49.63,-42.28
1.5572,0.8706,-0.1986,0.3006,-52.99,-49.42,-39.83
1.5585,0.8682,-0.1952,0.3016,-53.20,-49.70,-41.16
1.5597,0.8691,-0.1972,0.3006,-52.50,-50.05,-38.57
1.5609,0.8652,-0.2020,0.3016,-52.50,-49.98,-39.90
1.5621,0.8667,-0.2050,0.3011,-51.66,-50.12,-37.80
1.5634,0.8711,-0.2089,0.2996,-52.15,-50.33,-38.78
1.5646,0.8691,-0.2181,0.3030,-51.31,-50.33,-36.82
1.5658,0.8686,-0.2259,0.3045,-51.59,-50.33,-37.17
1.5671,0.8657,-0.2294,0.3006,-50.82,-51.03,-36.40
1.5671,0.8642,-0.2318,0.2977,-51.17,-50.54,-35.70
1.5672,0.8618,-0.2381,0.3011,-50.61,-51.52,-35.70
1.5672,0.8618,-0.2460,0.3006,-50.75,-50.82,-34.58
1.5673,0.8633,-0.2513,0.2996,-50.12,-51.87,-34.93
1.5673,0.8579,-0.2625,0.3021,-50.54,-51.66,-34.44
1.5674,0.8555,-0.2655,0.3040,-49.84,-51.87,-32.20
1.5675,0.8560,-0.2664,0.3065,-49.84,-51.94,-33.67
1.5675,0.8520,-0.2757,0.3065,-49.84,-52.01,-31.43
1.5676,0.8501,-0.2908,0.3035,-49.84,-52.36,-32.97
1.5676,0.8520,-0.2928,0.3035,-49.98,-52.43,-30.94
1.5677,0.8467,-0.2928,0.3021,-50.19,-52.36,-32.13
1.5678,0.8433,-0.2987,0.2957,-49.84,-52.85,-30.73
1.5678,0.8438,-0.3045,0.2904,-49.91,-52.15,-31.29
1.5679,0.8438,-0.3060,0.2874,-50.19,-53.27,-30.03
1.5679,0.8403,-0.3109,0.2884,-49.98,-52.71,-30.87
1.5680,0.8384,-0.3138,0.2869,-49.84,-53.62,-29.61
1.5681,0.8379,-0.3182,0.2855,-50.47,-52.78,-30.38
1.5681,0.8364,-0.3255,0.2860,-50.19,-54.04,-29.68
1.5682,0.8389,-0.3270,0.2884,-50.61,-53.06,-29.68
1.5682,0.8379,-0.3299,0.2874,-50.47,-54.11,-29.68
1.5693,0.8340,-0.3348,0.2811,-50.89,-53.55,-28.77
1.5703,0.8335,-0.3362,0.2786,-50.89,-54.67,-30.03
1.5713,0.8389,-0.3396,0.2796,-51.31,-53.76,-28.21
1.5724,0.8374,-0.3436,0.2767,-50.96,-54.74,-29.33
1.5734,0.8311,-0.3514,0.2733,-51.59,-54.88,-29.47
1.5745,0.8306,-0.3562,0.2718,-51.52,-54.32,-27.58
1.5755,0.8340,-0.3650,0.2757,-52.29,-54.81,-28.91
1.5765,0.8330,-0.3748,0.2796,-52.22,-54.95,-27.37
1.5776,0.8296,-0.3855,0.2743,-52.92,-54.88,-28.70
1.5786,0.8247,-0.3982,0.2684,-52.85,-55.51,-27.09
1.5796,0.8223,-0.4055,0.2743,-53.90,-55.37,-28.14
1.5807,0.8223,-0.4153,0.2747,-53.13,-55.72,-27.02
1.5817,0.8179,-0.4255,0.2733,-54.53,-55.37,-27.58
1.5828,0.8145,-0.4363,0.2718,-54.11,-56.14,-26.67
1.5838,0.8111,-0.4465,0.2738,-55.30,-55.16,-26.46
1.5848,0.8076,-0.4514,0.2747,-55.37,-56.42,-26.67
1.5859,0.8037,-0.4563,0.2733,-56.14,-55.79,-25.69
1.5869,0.7998,-0.4651,0.2733,-56.21,-56.98,-26.04
1.5879,0.7964,-0.4738,0.2679,-56.91,-55.93,-24.92
1.5890,0.7915,-0.4826,0.2718,-57.33,-56.84,-25.48
1.5895,0.7891,-0.4934,0.2718,-58.52,-56.84,-24.50
1.5901,0.7847,-0.5002,0.2699,-58.87,-56.63,-23.45
1.5906,0.7769,-0.5061,0.2689,-59.85,-56.77,-24.08
1.5912,0.7720,-0.5134,0.2664,-59.71,-57.05,-22.54
1.5918,0.7730,-0.5241,0.2635,-60.76,-56.91,-23.24
1.5923,0.7769,-0.5314,0.2611,-61.18,-57.54,-21.91
1.5929,0.7784,-0.5392,0.2591,-62.23,-57.40,-22.54
1.5934,0.7784,-0.5470,0.2577,-62.30,-57.26,-21.14
1.5940,0.7813,-0.5568,0.2557,-63.28,-57.61,-21.70
1.5945,0.7823,-0.5710,0.2547,-63.63,-57.89,-20.30
1.5951,0.7847,-0.5797,0.2552,-65.10,-57.96,-21.14
1.5956,0.7886,-0.5915,0.2533,-65.17,-58.10,-19.60
1.5962,0.7891,-0.6002,0.2464,-66.50,-58.24,-20.02
1.5967,0.7920,-0.6027,0.2430,-66.85,-58.73,-19.74
1.5973,0.7945,-0.6041,0.2416,-67.97,-58.73,-18.76
1.5978,0.7964,-0.6100,0.2381,-68.18,-59.08,-18.69
1.5984,0.7979,-0.6163,0.2372,-69.16,-59.64,-18.34
1.5990,0.8032,-0.6217,0.2381,-70.21,-59.50,-17.85
1.5995,0.8120,-0.6290,0.2386,-70.35,-60.27,-17.29
1.6001,0.8140,-0.6364,0.2352,-72.10,-59.71,-17.36
1.6018,0.8135,-0.6368,0.2289,-72.24,-60.27,-15.89
1.6036,0.8237,-0.6437,0.2235,-73.57,-60.97,-14.77
1.6053,0.8330,-0.6486,0.2206,-75.18,-61.53,-15.96
1.6071,0.8374,-0.6525,0.2216,-75.46,-61.32,-13.58
1.6088,0.8408,-0.6534,0.2216,-76.44,-62.51,-14.70
1.6106,0.8472,-0.6564,0.2162,-76.58,-62.37,-12.46
1.6123,0.8550,-0.6583,0.2103,-78.05,-63.21,-13.51
1.6141,0.8589,-0.6520,0.2074,-78.05,-63.28,-11.13
1.6158,0.8618,-0.6427,0.2050,-79.45,-63.91,-11.83
1.6176,0.8667,-0.6364,0.2050,-79.45,-64.68,-10.15
1.6193,0.8677,-0.6368,0.2054,-80.99,-65.10,-10.15
1.6211,0.8716,-0.6407,0.2025,-80.78,-65.38,-8.47
1.6228,0.8769,-0.6456,0.2020,-82.25,-66.15,-8.68
1.6246,0.8789,-0.6515,0.2050,-82.18,-66.43,-7.07
1.6263,0.8818,-0.6520,0.2030,-83.58,-66.57,-6.02
1.6281,0.8886,-0.6515,0.2006,-83.51,-67.97,-6.16
1.6298,0.8969,-0.6525,0.1991,-84.42,-68.18,-4.69
1.6316,0.9062,-0.6700,0.1972,-85.82,-69.16,-2.87
1.6333,0.9062,-0.6705,0.1932,-86.31,-70.00,-2.38
1.6351,0.9087,-0.6725,0.1942,-86.66,-70.42,-1.12
1.6351,0.9121,-0.6744,0.1967,-87.57,-71.33,-0.91
1.6352,0.9184,-0.6764,0.1962,-88.27,-71.89,0.56
1.6352,0.9248,-0.6744,0.1908,-88.83,-72.66,0.49
1.6353,0.9248,-0.6705,0.1859,-89.53,-73.29,1.82
1.6353,0.9228,-0.6690,0.1854,-90.16,-74.27,1.75
1.6354,0.9233,-0.6671,0.1850,-90.65,-74.69,3.29
1.6354,0.9238,-0.6651,0.1825,-91.56,-75.81,3.01
1.6355,0.9238,-0.6651,0.1801,-91.35,-76.16,4.13
1.6355,0.9243,-0.6583,0.1767,-92.75,-76.93,4.27
1.6356,0.9228,-0.6466,0.1723,-92.68,-77.63,4.97
1.6356,0.9218,-0.6383,0.1684,-93.73,-78.96,4.97
1.6357,0.9296,-0.6373,0.1698,-93.31,-79.17,5.25
1.6357,0.9331,-0.6373,0.1713,-94.71,-80.22,5.88
1.6357,0.9355,-0.6359,0.1669,-94.71,-80.85,5.60
1.6358,0.9384,-0.6349,0.1674,-95.69,-82.25,5.95
1.6358,0.9389,-0.6359,0.1703,-95.83,-82.67,6.09
1.6359,0.9399,-0.6329,0.1664,-96.53,-83.65,6.16
1.6359,0.9374,-0.6285,0.1654,-97.09,-84.49,6.02
1.6360,0.9394,-0.6256,0.1669,-97.44,-85.05,6.16
1.6360,0.9399,-0.6222,0.1684,-97.79,-86.31,5.88
1.6361,0.9384,-0.6178,0.1684,-98.07,-86.94,6.09
1.6361,0.9379,-0.6090,0.1664,-98.91,-87.92,5.39
1.6362,0.9311,-0.5954,0.1640,-98.35,-88.55,6.02
1.6362,0.9243,-0.5734,0.1576,-99.54,-89.46,5.11
1.6362,0.9199,-0.5534,0.1523,-99.19,-90.09,5.60
1.6363,0.9135,-0.5392,0.1498,-100.38,-91.14,4.34
1.6363,0.9135,-0.5334,0.1484,-99.40,-91.91,4.83
1.6363,0.9170,-0.5348,0.1474,-100.31,-93.03,3.57
1.6364,0.9170,-0.5334,0.1454,-100.10,-93.38,4.83
1.6364,0.9184,-0.5339,0.1415,-100.80,-94.64,2.87
1.6364,0.9213,-0.5392,0.1410,-100.17,-94.64,4.34
1.6365,0.9248,-0.5431,0.1362,-100.87,-96.32,2.10
1.6365,0.9321,-0.5510,0.1298,-100.52,-96.74,3.43
1.6366,0.9414,-0.5573,0.1293,-101.15,-97.58,1.54
1.6366,0.9496,-0.5578,0.1259,-100.94,-98.63,2.52
1.6366,0.9540,-0.5612,0.1191,-101.08,-99.19,1.47
1.6367,0.9618,-0.5705,0.1161,-101.22,-99.89,1.68
1.6367,0.9721,-0.5797,0.1157,-101.15,-101.15,0.77
1.6367,0.9799,-0.5978,0.1142,-101.57,-101.22,0.91
1.6368,0.9858,-0.6198,0.1152,-101.78,-102.69,0.56
1.6372,0.9936,-0.6339,0.1127,-101.36,-103.04,-0.14
1.6375,0.9994,-0.6373,0.1078,-101.85,-104.44,0.28
1.6379,0.9994,-0.6359,0.1010,-101.85,-104.58,-0.63
1.6383,1.0058,-0.6422,0.0981,-101.99,-106.19,0.42
1.6387,1.0150,-0.6539,0.0966,-101.92,-106.68,-0.98
1.6391,1.0194,-0.6739,0.0908,-102.34,-107.59,-0.14
1.6395,1.0194,-0.6983,0.0908,-102.34,-108.29,-1.26
1.6399,1.0189,-0.7213,0.0927,-102.48,-109.27,0.21
1.6403,1.0185,-0.7442,0.0917,-102.76,-109.90,-1.33
1.6406,1.0126,-0.7613,0.0922,-102.83,-110.88,0.00
1.6410,1.0077,-0.7749,0.0917,-103.46,-111.86,-0.98
1.6414,1.0063,-0.7886,0.0908,-103.60,-112.28,0.14
1.6418,0.9965,-0.8028,0.0932,-103.81,-113.26,-0.63
1.6422,0.9941,-0.8237,0.0937,-103.60,-113.82,0.77
1.6426,0.9921,-0.8472,0.0952,-104.86,-114.59,0.00
1.6430,0.9902,-0.8608,0.0937,-104.44,-115.22,0.98
1.6433,0.9970,-0.8730,0.0874,-105.42,-115.85,0.77
1.6437,1.0028,-0.8867,0.0815,-105.21,-116.41,1.96
1.6441,1.0058,-0.8969,0.0820,-105.84,-117.18,1.82
1.6445,1.0058,-0.9121,0.0800,-106.12,-118.37,1.82
1.6451,1.0121,-0.9257,0.0766,-106.75,-118.65,3.29
1.6456,1.0160,-0.9345,0.0732,-107.03,-119.63,2.52
1.6461,1.0175,-0.9428,0.0693,-107.66,-119.98,4.48
1.6467,1.0146,-0.9521,0.0649,-108.01,-121.03,3.50
1.6472,1.0146,-0.9638,0.0620,-108.36,-120.89,5.67
1.6478,1.0238,-0.9794,0.0620,-108.85,-122.08,4.69
1.6483,1.0297,-0.9980,0.0610,-109.41,-122.92,6.44
1.6489,1.0331,-1.0175,0.0522,-110.46,-123.55,6.09
1.6494,1.0336,-1.0390,0.0464,-109.83,-124.25,7.21
1.6500,1.0302,-1.0590,0.0464,-111.93,-124.81,6.93
1.6505,1.0272,-1.0765,0.0400,-111.23,-125.51,8.19
1.6511,1.0302,-1.0975,0.0356,-112.98,-126.00,8.12
1.6516,1.0307,-1.1244,0.0307,-112.63,-126.98,8.61
1.6522,1.0238,-1.1561,0.0224,-114.03,-127.12,9.24
1.6527,1.0155,-1.1868,0.0151,-114.45,-127.61,9.66
1.6533,1.0097,-1.2161,0.0146,-115.29,-128.59,10.15
1.6538,1.0063,-1.2483,0.0117,-116.34,-128.87,10.08
1.6543,1.0038,-1.2825,0.0029,-117.32,-129.64,10.85
1.6549,0.9994,-1.3156,-0.0039,-118.37,-130.48,10.22
1.6554,0.9950,-1.3493,-0.0078,-119.56,-130.76,11.34
1.6560,0.9906,-1.3884,-0.0107,-120.96,-131.32,10.64
1.6566,0.9819,-1.4274,-0.0176,-121.52,-132.44,11.83
1.6572,0.9697,-1.4616,-0.0205,-123.27,-132.02,11.13
1.6578,0.9609,-1.5026,-0.0229,-124.32,-132.72,12.32
1.6584,0.9545,-1.5426,-0.0322,-125.79,-133.28,11.34
1.6589,0.9433,-1.5811,-0.0429,-126.84,-133.70,12.60
1.6595,0.9301,-1.6241,-0.0508,-129.15,-134.12,11.69
1.6601,0.9199,-1.6665,-0.0551,-129.92,-134.54,12.39
1.6607,0.9013,-1.7100,-0.0615,-132.16,-134.68,11.90
1.6613,0.8784,-1.7553,-0.0683,-133.28,-134.89,12.46
1.6619,0.8594,-1.7993,-0.0937,-135.38,-135.45,11.83
1.6624,0.8272,-1.8749,-0.1074,-137.34,-135.73,12.11
1.6630,0.8076,-1.9159,-0.1332,-141.19,-136.08,11.55
1.6636,0.7813,-2.0042,-0.1444,-145.39,-136.22,11.62
1.6642,0.7686,-2.0511,-0.1566,-146.72,-136.50,11.97
1.6648,0.7569,-2.0969,-0.1728,-149.59,-135.87,11.13
1.6654,0.7442,-2.1501,-0.1913,-151.27,-136.92,11.48
1.6659,0.7300,-2.1960,-0.2064,-153.93,-136.29,10.85
1.6665,0.7178,-2.2448,-0.2201,-155.54,-136.92,10.92
1.6671,0.7047,-2.2956,-0.2357,-158.34,-136.15,10.01
1.6677,0.6891,-2.3390,-0.2513,-160.58,-136.64,10.43
1.6683,0.6759,-2.3814,-0.2694,-163.38,-136.08,9.24
1.6688,0.6686,-2.4219,-0.2874,-165.62,-136.36,9.80
1.6694,0.6617,-2.4551,-0.3074,-168.07,-136.15,8.54
1.6700,0.6583,-2.4829,-0.3348,-170.31,-135.80,8.75
1.6706,0.6593,-2.5098,-0.3606,-173.18,-136.01,7.42
1.6711,0.6637,-2.5356,-0.3865,-175.14,-135.87,8.19
1.6717,0.6788,-2.5537,-0.4148,-177.94,-135.73,6.44
1.6723,0.6978,-2.5688,-0.4475,-180.39,-135.52,7.28
1.6729,0.7149,-2.5918,-0.4841,-183.19,-136.01,5.32
1.6735,0.7354,-2.6147,-0.5197,-185.36,-135.52,5.88
1.6740,0.7608,-2.6367,-0.5612,-187.88,-136.36,4.34
1.6746,0.7920,-2.6630,-0.6061,-189.77,-135.73,4.34
1.6752,0.8262,-2.6962,-0.6490,-192.15,-136.99,3.36
1.6758,0.8555,-2.7343,-0.6900,-194.60,-136.15,3.01
1.6763,0.8891,-2.7723,-0.7305,-196.63,-137.34,2.03
1.6769,0.9213,-2.8084,-0.7735,-198.94,-137.20,1.05
1.6775,0.9492,-2.8436,-0.8159,-201.39,-138.11,0.42
1.6781,0.9867,-2.8690,-0.8618,-203.21,-138.25,-0.91
1.6787,1.0258,-2.8904,-0.9096,-205.73,-139.30,-1.82
1.6791,1.0570,-2.9207,-0.9531,-207.13,-140.00,-3.85
1.6796,1.0931,-2.9529,-0.9984,-209.37,-140.84,-5.18
1.6801,1.1385,-2.9846,-1.0448,-211.12,-141.40,-6.72
1.6805,1.1849,-3.0066,-1.0907,-213.15,-142.59,-8.61
1.6810,1.2361,-3.0285,-1.1419,-214.83,-143.71,-11.34
1.6815,1.2922,-3.0471,-1.1927,-216.65,-145.18,-13.09
1.6819,1.3522,-3.0515,-1.2385,-218.40,-146.02,-15.82
1.6824,1.4132,-3.0642,-1.3474,-219.52,-147.77,-17.78
1.6829,1.5631,-3.0910,-1.4079,-222.11,-150.92,-23.73
1.6833,1.6548,-3.1090,-1.4718,-223.93,-153.23,-28.00
1.6838,1.7519,-3.1452,-1.5323,-224.14,-154.49,-29.68
1.6843,1.8456,-3.1847,-1.5972,-225.68,-156.45,-33.67
1.6847,1.9413,-3.2379,-1.6582,-225.61,-159.18,-36.05
1.6852,2.0452,-3.2964,-1.7119,-226.59,-162.05,-40.04
1.6857,2.1492,-3.3477,-1.7670,-226.87,-164.71,-42.70
1.6861,2.2521,-3.3994,-1.8256,-227.36,-167.58,-45.64
1.6866,2.3585,-3.4389,-1.8881,-227.43,-170.45,-48.37
1.6870,2.4600,-3.4599,-1.9554,-227.50,-173.67,-50.54
1.6875,2.5630,-3.4858,-2.0276,-227.01,-177.17,-53.06
1.6880,2.6772,-3.5351,-2.0886,-226.45,-179.90,-54.11
1.6886,2.8001,-3.5985,-2.1462,-225.68,-184.59,-57.12
1.6892,2.9334,-3.6688,-2.2077,-224.70,-188.09,-57.12
1.6899,3.0651,-3.7434,-2.2741,-224.07,-191.94,-58.66
1.6905,3.2057,-3.8240,-2.3419,-222.60,-196.14,-58.59
1.6911,3.3530,-3.8972,-2.4014,-221.55,-200.27,-58.73
1.6918,3.5063,-3.9552,-2.4654,-219.59,-205.66,-57.89
1.6924,3.6629,-4.0070,-2.5293,-218.33,-209.93,-57.19
1.6930,3.8108,-4.0680,-2.5888,-215.88,-215.18,-55.51
1.6937,3.9591,-4.1436,-2.6498,-213.36,-220.08,-53.34
1.6943,4.1099,-4.2183,-2.7128,-211.26,-226.03,-51.45
1.6949,4.2695,-4.2983,-2.7748,-208.39,-231.28,-48.79
1.6956,4.4418,-4.3710,-2.8363,-205.52,-237.93,-45.29
1.6962,4.6214,-4.4237,-2.8992,-202.93,-243.39,-41.37
1.6968,4.8146,-4.4759,-2.9636,-198.94,-249.90,-37.80
1.6975,5.0064,-4.5374,-3.0261,-195.51,-256.27,-32.34
1.6981,5.1879,-4.6057,-3.0837,-191.45,-263.48,-28.28
1.6987,5.3700,-4.6716,-3.1388,-186.97,-269.85,-21.77
1.6994,5.5520,-4.7190,-3.1998,-182.77,-277.34,-16.45
1.7000,5.7296,-4.7521,-3.2681,-177.94,-284.76,-9.87
1.7006,5.9058,-4.7853,-3.3345,-172.97,-292.95,-3.43
1.7024,6.0824,-4.8146,-3.3965,-167.16,-301.07,3.57
1.7042,6.2576,-4.8556,-3.4580,-161.98,-309.12,11.34
1.7060,6.4265,-4.9098,-3.5170,-155.12,-317.17,19.74
1.7077,6.5909,-4.9571,-3.5790,-149.10,-325.43,27.93
1.7095,6.7500,-4.9966,-3.6488,-141.89,-334.18,37.52
1.7113,6.8964,-5.0201,-3.7898,-135.38,-343.00,46.41
1.7131,7.0321,-5.0132,-3.8615,-128.17,-352.17,55.72
1.7148,7.1751,-5.0088,-3.8615,-120.26,-360.36,66.08
1.7166,7.3010,-4.9820,-3.9304,-112.14,-370.16,77.91
1.7184,7.4244,-4.9859,-3.9967,-103.32,-378.84,87.15
1.7202,7.5376,-5.0015,-4.0602,-94.57,-388.92,99.26
1.7219,7.6567,-4.9922,-4.1285,-85.19,-396.76,108.57
1.7237,7.7714,-5.0269,-4.1866,-75.74,-407.33,123.48
1.7255,7.8490,-5.0547,-4.2393,-65.38,-415.59,133.00
1.7273,7.9388,-5.0049,-4.3090,-56.42,-426.16,148.47
1.7290,8.0349,-4.9493,-4.3837,-45.01,-434.00,157.01
1.7308,8.1320,-4.9254,-4.4520,-34.93,-444.36,172.76
1.7326,8.2218,-4.8942,-4.5228,-23.45,-452.83,182.14
1.7344,8.2892,-4.8917,-4.5892,-11.90,-462.56,197.96
1.7362,8.3414,-4.9239,-4.6467,-0.63,-470.89,207.41
1.7362,8.3858,-4.9552,-4.7038,11.41,-480.34,222.32
1.7363,8.4165,-4.9620,-4.7663,22.47,-488.60,232.47
1.7363,8.4351,-4.9742,-4.8302,35.49,-497.07,246.47
1.7364,8.4278,-4.9786,-4.8946,46.41,-505.82,257.53
1.7364,8.3990,-4.9776,-4.9595,59.78,-512.82,269.85
1.7365,8.3702,-4.9986,-5.0235,71.12,-521.57,280.28
1.7365,8.3306,-5.0376,-5.0830,84.91,-528.36,291.27
1.7366,8.2755,-5.0552,-5.1435,96.18,-535.92,302.33
1.7366,8.2047,-5.0523,-5.2070,109.90,-541.45,312.06
1.7367,8.1296,-5.0669,-5.2709,121.80,-548.45,323.47
1.7367,8.0437,-5.0781,-5.3373,134.96,-553.35,331.73
1.7368,7.9339,-5.0801,-5.4061,147.70,-559.30,341.60
1.7368,7.8085,-5.0840,-5.4788,160.58,-562.94,348.60
1.7369,7.6660,-5.0815,-5.5432,173.74,-568.12,356.44
1.7369,7.5103,-5.0542,-5.6071,186.13,-570.29,363.65
1.7370,7.3346,-5.0064,-5.6813,200.41,-574.35,371.84
1.7370,7.1468,-4.9498,-5.7467,213.01,-575.40,377.16
1.7371,6.9594,-4.8629,-5.8165,227.50,-577.29,383.88
1.7371,6.7681,-4.7673,-5.8892,240.17,-576.73,388.71
1.7372,6.5768,-4.6785,-5.9551,255.71,-577.78,394.24
1.7376,6.3791,-4.5574,-6.0200,268.87,-576.73,398.72
1.7380,6.1874,-4.4071,-6.0898,284.55,-575.82,403.83
1.7384,6.0019,-4.2680,-6.1600,299.11,-572.74,407.82
1.7388,5.8170,-4.1319,-6.2893,315.14,-570.43,411.53
1.7392,5.4456,-3.8176,-6.3518,346.78,-562.94,418.11
1.7396,5.2919,-3.6400,-6.4172,363.72,-557.55,420.63
1.7400,5.1308,-3.4663,-6.4782,380.73,-552.02,423.92
1.7404,4.9332,-3.2920,-6.5275,398.30,-545.86,425.32
1.7408,4.7482,-3.1066,-6.5802,415.38,-538.58,427.49
1.7412,4.5872,-2.9402,-6.6256,434.56,-531.65,429.31
1.7416,4.4271,-2.7772,-6.6690,452.41,-523.18,430.36
1.7420,4.2666,-2.6162,-6.7178,472.36,-515.06,432.18
1.7424,4.1124,-2.4859,-6.7608,490.84,-505.19,430.36
1.7428,3.9723,-2.3434,-6.8047,511.14,-496.44,431.97
1.7432,3.8357,-2.1809,-6.8496,530.25,-485.45,429.38
1.7436,3.7025,-2.0140,-6.8930,551.04,-475.23,430.92
1.7440,3.5892,-1.8407,-6.9330,570.85,-463.68,426.86
1.7445,3.4941,-1.6753,-6.9701,592.20,-452.69,426.44
1.7449,3.4004,-1.5152,-7.0067,612.85,-440.30,421.47
1.7453,3.3096,-1.3591,-7.0370,634.48,-428.54,419.37
1.7453,3.2296,-1.2029,-7.0560,655.62,-415.66,413.77
1.7453,3.1559,-1.0458,-7.0633,677.95,-403.76,409.92
1.7454,3.1003,-0.8862,-7.0716,699.30,-389.20,403.55
1.7454,3.0632,-0.7218,-7.0828,721.56,-377.23,397.53
1.7455,3.0310,-0.5500,-7.0936,743.82,-362.88,390.18
1.7455,3.0022,-0.3772,-7.0936,765.80,-349.65,382.76
1.7455,2.9753,-0.2201,-7.0799,789.18,-335.30,375.06
1.7456,2.9524,-0.0747,-7.0701,811.37,-322.42,365.05
1.7456,2.9387,0.0576,-7.0536,834.75,-307.23,357.98
1.7456,2.9436,0.1923,-7.0335,856.87,-293.65,345.80
1.7457,2.9553,0.3338,-7.0106,880.67,-278.88,338.10
1.7457,2.9661,0.4753,-6.9808,902.93,-264.53,325.99
1.7458,2.9753,0.6051,-6.9472,926.52,-250.04,317.17
1.7458,2.9988,0.7125,-6.9120,949.27,-235.34,304.15
1.7458,3.0388,0.8003,-6.8832,972.72,-220.85,294.56
1.7459,3.0739,0.8657,-6.8466,995.05,-205.87,281.47
1.7459,3.1037,0.9365,-6.8013,1018.22,-191.80,271.04
1.7460,3.1788,1.0180,-6.7622,1039.99,-175.77,258.65
1.7460,3.2789,1.0643,-6.7193,1063.37,-162.05,249.27
1.7460,3.3560,1.1082,-6.6675,1084.79,-146.79,235.97
1.7472,3.4433,1.1722,-6.5660,1107.68,-132.58,225.82
1.7483,3.6761,1.1922,-6.5006,1150.73,-103.39,203.00
1.7494,3.7761,1.2283,-6.3098,1170.75,-88.41,190.54
1.7506,3.8801,1.2434,-6.3660,1192.59,-74.41,181.72
1.7517,3.9879,1.2429,-6.2972,1211.98,-59.92,170.03
1.7529,4.1212,1.2376,-6.2259,1232.28,-46.06,160.72
1.7540,4.2705,1.2039,-6.1537,1251.46,-32.34,150.43
1.7551,4.4135,1.1590,-6.0776,1270.85,-18.41,141.05
1.7563,4.5604,1.1141,-6.0083,1288.63,-4.55,132.65
1.7574,4.7087,1.0594,-5.9365,1306.90,9.17,124.25
1.7585,4.8634,0.9984,-5.8589,1324.19,22.26,117.60
1.7597,5.0327,0.9311,-5.7852,1340.71,35.70,109.97
1.7608,5.2031,0.8481,-5.7106,1357.51,48.37,105.28
1.7619,5.3714,0.7540,-5.6442,1372.84,61.32,98.63
1.7631,5.5388,0.6461,-5.5842,1387.96,73.57,95.97
1.7642,5.7116,0.5300,-5.5246,1402.03,85.96,90.93
1.7654,5.8833,0.4177,-5.4705,1416.10,97.86,90.51
1.7665,6.0478,0.3001,-5.4188,1428.63,109.48,86.38
1.7676,6.2093,0.1688,-5.3675,1441.58,121.59,87.64
1.7688,6.3674,0.0454,-5.2968,1452.22,132.30,85.40
1.7693,6.6558,-0.1776,-5.2689,1473.57,154.91,87.85
1.7699,6.7998,-0.2830,-5.2499,1483.30,164.99,91.84
1.7704,6.9379,-0.4055,-5.2289,1492.40,176.33,93.38
1.7710,7.0745,-0.5383,-5.2114,1500.45,185.57,97.51
1.7716,7.2078,-0.6656,-5.2079,1507.52,196.21,101.29
1.7721,7.3259,-0.7979,-5.2099,1514.10,204.96,105.21
1.7727,7.4303,-0.9296,-5.2104,1519.98,215.32,111.02
1.7732,7.5308,-1.0365,-5.2216,1525.02,224.14,116.06
1.7738,7.6323,-1.1341,-5.2426,1529.78,233.73,122.92
1.7743,7.7392,-1.2322,-5.2650,1533.21,242.27,128.03
1.7749,7.8480,-1.3298,-5.2953,1536.99,250.67,135.66
1.7755,7.9446,-1.4386,-5.3275,1539.23,259.49,141.26
1.7760,8.0442,-1.5396,-5.3612,1541.82,267.05,149.73
1.7766,8.1320,-1.6187,-5.3983,1542.66,275.66,156.24
1.7771,8.2311,-1.6914,-5.4490,1543.92,282.52,165.62
1.7777,8.3360,-1.7729,-5.5090,1543.71,290.57,171.99
1.7783,8.4078,-1.8524,-5.5612,1544.13,296.87,180.74
1.7788,8.4736,-1.8925,-5.6203,1542.94,304.57,187.53
1.7794,8.5356,-1.9281,-5.6837,1541.96,310.80,196.49
1.7799,8.5820,-1.9588,-5.7399,1540.77,318.15,205.38
1.7805,8.6283,-1.9666,-5.7999,1538.74,323.68,213.29
1.7810,8.6786,-1.9823,-5.8633,1536.50,330.19,221.97
1.7815,8.7240,-1.9862,-5.9282,1533.21,336.21,229.60
1.7820,8.7786,-1.9774,-5.9951,1531.18,342.09,239.12
1.7825,8.8343,-1.9710,-6.0619,1527.61,347.62,246.89
1.7831,8.8728,-1.9505,-6.1268,1524.60,352.45,257.11
1.7836,8.9011,-1.9144,-6.2000,1520.89,358.26,264.60
1.7841,8.9211,-1.8905,-6.2713,1517.32,363.09,274.40
1.7846,8.9504,-1.8598,-6.3420,1513.75,367.92,281.96
1.7851,8.9855,-1.8105,-6.4221,1509.83,372.33,292.74
1.7857,9.0217,-1.7646,-6.4997,1505.91,377.79,300.65
1.7862,9.0544,-1.7109,-6.5719,1502.13,381.71,311.36
1.7867,9.0836,-1.6519,-6.6427,1498.21,386.33,318.92
1.7872,9.1158,-1.5914,-6.7168,1494.01,389.76,329.07
1.7877,9.1490,-1.5240,-6.7983,1490.16,394.24,337.26
1.7883,9.1773,-1.4567,-6.8740,1486.38,397.39,347.27
1.7888,9.1959,-1.3893,-6.9418,1481.62,401.59,355.67
1.7893,9.2090,-1.3249,-7.0052,1478.54,404.46,364.98
1.7898,9.2227,-1.2503,-7.0721,1473.85,408.45,373.52
1.7903,9.2393,-1.1629,-7.1390,1470.21,410.97,381.64
1.7909,9.2437,-1.0775,-7.1985,1466.36,414.47,390.67
1.7914,9.2456,-0.9823,-7.2585,1462.44,417.48,397.53
1.7920,9.2456,-0.8891,-7.3137,1459.01,420.56,406.21
1.7925,9.2310,-0.8096,-7.3664,1455.30,422.94,413.00
1.7930,9.2154,-0.7081,-7.4205,1451.87,426.30,421.40
1.7936,9.1993,-0.6056,-7.4732,1448.23,428.47,427.35
1.7941,9.1798,-0.5222,-7.5220,1445.15,431.27,435.05
1.7947,9.1583,-0.4216,-7.5699,1441.09,434.42,439.95
1.7952,9.1388,-0.3026,-7.6196,1438.92,436.80,446.39
1.7957,9.2779,-0.5549,-9.8151,1434.44,440.16,451.64
1.7963,11.1791,-0.4368,-11.2347,1476.93,480.13,447.79
1.7968,1.5152,-3.4799,-2.8441,1617.70,270.69,1593.34
1.7974,3.0422,-9.8810,0.7930,-819.84,1085.42,-955.50
1.7979,15.9752,-9.0773,-7.2522,676.76,210.21,172.76
1.7984,13.7226,5.3192,-13.6406,114.80,682.43,-466.06
1.7990,-0.8086,15.4237,-13.6391,1685.60,-221.76,847.77
1.7995,-8.3326,15.4237,-1.4264,1206.66,796.11,-707.28
1.8001,1.8900,14.7025,6.2093,1747.34,131.18,848.26
1.8006,15.9888,-13.0965,-1.1990,707.14,446.32,919.31
1.8011,10.7672,-11.9418,-9.2232,731.71,487.69,-1012.27
1.8029,3.2618,0.0620,-12.0014,1337.00,454.79,1123.92
1.8047,1.4699,12.0019,-11.8667,824.67,487.34,-959.70
1.8065,6.3440,11.1937,-9.1998,1518.30,460.46,979.65
1.8083,11.9189,0.3157,-6.4338,251.09,460.04,-825.37
1.8101,12.9437,-10.2407,-6.1834,1489.95,496.37,878.15
1.8119,8.8694,-10.6530,-6.8725,-320.32,545.16,-541.03
1.8137,5.3797,-5.1572,-8.7498,1433.60,425.32,589.26
1.8155,6.7105,5.7486,-8.6044,-431.13,593.53,-308.63
1.8173,9.1129,9.8971,-9.1881,1415.68,348.46,151.27
1.8191,9.4667,6.2513,-8.0471,-422.10,679.77,25.27
1.8209,7.2824,0.8062,-7.4762,1283.31,303.03,-66.85
1.8226,5.8677,-2.6118,-6.4450,-166.88,760.27,442.12
1.8244,6.4099,-1.6524,-6.2527,947.94,250.53,-419.86
1.8262,8.3189,1.1756,-6.5358,136.57,807.17,791.49
1.8280,9.1261,4.4803,-7.2448,580.16,232.68,-732.41
1.8298,8.5395,5.7686,-7.5347,567.70,824.18,1008.77
1.8316,7.4322,6.1956,-7.5132,121.59,257.81,-861.07
1.8334,6.9037,4.6521,-7.1868,987.07,792.33,1116.15
1.8352,7.3102,3.2301,-7.0379,-211.82,322.42,-1007.23
1.8370,7.7582,2.1267,-7.1155,1272.74,725.97,1098.23
1.8370,7.6626,2.9470,-7.3942,-405.58,428.61,-962.92
1.8371,7.0677,4.2671,-7.6821,1421.07,632.87,1076.53
1.8371,6.5577,5.8004,-7.8832,-462.56,558.60,-770.14
1.8372,6.4343,5.9087,-7.9363,1412.25,523.11,879.90
1.8372,6.5660,5.2153,-7.8719,-420.56,696.15,-605.08
1.8373,6.5719,3.9396,-7.6904,1343.51,418.39,626.99
1.8373,6.3894,3.4458,-7.5030,-132.16,827.61,-313.18
1.8374,6.1864,3.4951,-7.3424,1047.83,334.04,257.95
1.8374,6.1342,4.1285,-7.2507,140.35,934.29,19.60
1.8374,6.1512,4.4184,-7.1487,848.89,280.77,-108.71
1.8375,6.1151,4.4027,-6.9945,571.55,1005.48,429.31
1.8375,5.9902,3.8830,-6.7505,481.81,270.06,-430.71
1.8376,5.8589,3.3892,-6.4806,1039.92,1035.65,736.54
1.8376,5.7872,2.9534,-6.2235,319.76,304.08,-760.20
1.8377,5.7984,2.8221,-6.0361,1280.44,1023.40,918.40
1.8377,5.8248,2.7767,-5.8999,155.68,381.01,-902.23
1.8378,5.8077,2.8333,-5.8018,1550.01,974.40,998.27
1.8378,5.7174,2.7601,-5.6998,150.64,492.59,-1043.00
1.8378,5.6471,2.5981,-5.5915,1614.48,896.56,1069.04
1.8379,5.6779,2.2965,-5.4900,217.35,628.88,-1056.09
1.8379,5.7823,2.0311,-5.4319,1651.51,803.60,990.15
1.8380,5.8755,1.8266,-5.3934,383.25,775.11,-918.75
1.8380,5.9170,1.7900,-5.3817,1596.42,706.30,856.24
1.8380,5.9150,1.7978,-5.3753,562.10,918.33,-806.68
1.8380,5.9111,1.8002,-5.3607,1478.89,619.99,706.79
1.8381,5.9229,1.7334,-5.3480,788.97,1043.70,-582.19
1.8381,5.9326,1.6402,-5.3319,1338.68,555.80,306.88
1.8381,5.9326,1.5323,-5.2958,1036.56,1142.75,-156.31
1.8382,5.9331,1.4650,-5.2621,1199.31,522.83,-34.37
1.8382,5.9419,1.4191,-5.2255,1215.62,1206.24,126.42
1.8382,5.9629,1.3796,-5.1796,1070.58,526.05,-381.57
1.8383,5.9843,1.3181,-5.1338,1368.71,1230.74,507.43
1.8383,6.0068,1.2361,-5.0313,956.76,566.44,-762.86
1.8383,6.0366,1.0677,-4.9830,879.55,640.71,-882.14
1.8384,6.0502,0.9994,-4.9395,1560.23,1171.80,870.94
1.8384,6.0693,0.9438,-4.9005,810.39,741.65,-1014.51
1.8384,6.0902,0.8862,-4.8619,1602.72,1100.89,1021.09
1.8385,6.1059,0.8213,-4.8229,765.52,859.67,-1095.71
1.8385,6.1093,0.7471,-4.7907,1604.33,1016.33,934.08
1.8385,6.1244,0.6725,-4.7560,733.88,982.94,-944.37
1.8390,6.1512,0.5871,-4.7238,1584.31,928.83,807.17
1.8394,6.1708,0.5168,-4.6994,723.10,1099.00,-826.07
1.8399,6.1839,0.4675,-4.6741,1539.37,850.29,675.57
1.8403,6.2030,0.4280,-4.6521,738.22,1199.10,-549.71
1.8408,6.2220,0.3909,-4.6340,1465.66,790.51,297.15
1.8412,6.2371,0.3401,-4.6218,783.65,1271.83,-171.78
1.8417,6.2532,0.2752,-4.6116,1361.08,757.05,-27.09
1.8421,6.2620,0.2123,-4.5950,860.30,1312.57,136.15
1.8426,6.2664,0.1625,-4.5799,1226.19,753.20,-343.98
1.8430,6.2606,0.1391,-4.5770,962.08,1319.29,476.56
1.8435,6.2586,0.1103,-4.5770,1068.97,780.01,-633.71
1.8440,6.2659,0.0742,-4.5765,1079.68,1293.32,718.34
1.8444,6.2566,0.0410,-4.5760,903.35,833.00,-850.29
1.8449,6.2405,-0.0059,-4.5662,1197.07,1242.08,888.02
1.8453,6.2274,-0.0576,-4.5604,745.85,906.85,-935.27
1.8458,6.2147,-0.0976,-4.5560,1295.56,1170.61,915.39
1.8462,6.2074,-0.1235,-4.5516,615.16,991.69,-922.18
1.8467,6.1956,-0.1425,-4.5526,1358.91,1090.32,900.62
1.8471,6.1781,-0.1591,-4.5501,526.26,1077.72,-871.36
1.8476,6.1517,-0.1854,-4.5389,1375.29,1010.59,777.07
1.8481,6.1264,-0.2108,-4.5296,488.39,1156.12,-665.63
1.8486,6.1024,-0.2240,-4.5228,1338.33,940.52,559.93
1.8491,6.0732,-0.2396,-4.5140,503.23,1218.98,-427.35
1.8497,6.0424,-0.2669,-4.4998,1250.27,887.60,302.19
1.8502,6.0166,-0.2899,-4.4867,565.11,1259.09,-157.08
1.8507,5.9980,-0.2982,-4.4789,1120.14,856.94,31.85
1.8512,5.9785,-0.2850,-4.4681,660.80,1274.07,107.45
1.8517,5.9536,-0.2572,-4.4550,964.39,849.10,-221.41
1.8522,5.9287,-0.2420,-4.4403,774.41,1263.15,342.93
1.8528,5.9155,-0.2460,-4.4257,801.29,865.27,-433.58
1.8533,5.9043,-0.2508,-4.4159,886.06,1228.78,525.28
1.8538,5.8936,-0.2464,-4.4120,649.74,899.78,-584.92
1.8543,5.8819,-0.2313,-4.4086,979.30,1176.91,644.98
1.8548,5.8638,-0.2025,-4.4066,524.86,948.29,-666.82
1.8553,5.8511,-0.1684,-4.4125,1040.48,1112.30,691.46
1.8559,5.8370,-0.1347,-4.4164,436.87,1002.12,-676.13
1.8564,5.8165,-0.0937,-4.4203,1062.46,1043.49,667.17
1.8569,5.7891,-0.0547,-4.4296,391.86,1055.60,-615.51
1.8574,5.7584,-0.0181,-4.4335,1043.91,977.76,579.81
1.8579,5.7286,0.0254,-4.4398,387.66,1101.45,-496.09
1.8585,5.6901,0.0761,-4.4471,988.19,921.06,443.24
1.8591,5.6452,0.1235,-4.4559,417.76,1133.72,-333.06
1.8597,5.6032,0.1723,-4.4681,903.98,878.22,273.28
1.8602,5.5520,0.2235,-4.4750,473.55,1149.96,-143.92
1.8608,5.4920,0.2645,-4.4823,801.92,852.11,90.30
1.8614,5.4363,0.2977,-4.4857,542.92,1147.65,50.40
1.8619,5.3885,0.3231,-4.4842,693.07,842.80,-88.62
1.8625,5.3421,0.3518,-4.4891,614.39,1127.28,229.95
1.8631,5.2977,0.3924,-4.4964,588.14,850.36,-243.11
1.8637,5.2548,0.4368,-4.5033,678.37,1091.93,379.12
1.8642,5.2084,0.4709,-4.5125,496.37,868.84,-359.10
1.8648,5.1513,0.4875,-4.5218,728.49,1044.75,486.36
1.8654,5.0928,0.4948,-4.5223,423.22,896.84,-425.67
1.8659,5.0381,0.5031,-4.5267,758.31,991.34,541.66
1.8665,4.9800,0.5124,-4.5384,371.28,927.71,-440.93
1.8671,4.9181,0.5158,-4.5423,766.64,936.04,543.55
1.8677,4.8541,0.5168,-4.5438,342.44,957.53,-403.34
1.8682,4.7868,0.5212,-4.5472,752.71,883.54,494.76
1.8688,4.7190,0.5270,-4.5521,335.09,980.91,-320.11
1.8694,4.6487,0.5261,-4.5555,719.11,839.09,404.88
1.8700,4.5745,0.5270,-4.5526,346.43,994.77,-202.44
1.8706,4.5033,0.5324,-4.5472,669.27,805.28,286.02
1.8712,4.4364,0.5314,-4.5447,372.54,997.43,-63.77
1.8718,4.3686,0.5305,-4.5433,606.97,782.88,151.41
1.8724,4.2983,0.5358,-4.5335,407.75,986.93,80.22
1.8730,4.2261,0.5412,-4.5233,537.95,773.01,18.06
1.8736,4.1656,0.5427,-4.5130,448.63,964.60,214.76
1.8742,4.1177,0.5412,-4.5033,466.69,773.57,-100.59
1.8748,4.0655,0.5397,-4.4925,488.53,932.47,326.27
1.8754,4.0158,0.5383,-4.4789,398.58,782.81,-192.85
1.8760,3.9679,0.5427,-4.4657,522.20,893.13,405.30
1.8766,3.9230,0.5573,-4.4525,339.57,797.02,-248.71
1.8772,3.8830,0.5739,-4.4462,546.49,849.73,445.62
1.8778,3.8381,0.5856,-4.4364,291.55,813.82,-266.91
1.8784,3.7996,0.5954,-4.4242,557.06,805.84,445.20
1.8790,3.7664,0.6085,-4.4149,258.79,828.38,-247.03
1.8796,3.7327,0.6217,-4.4042,551.95,764.68,408.17
1.8802,3.6946,0.6344,-4.3959,242.34,838.25,-193.20
1.8808,3.6610,0.6456,-4.3881,530.95,729.05,339.78
1.8814,3.6302,0.6525,-4.3813,241.43,841.33,-114.03
1.8819,3.6034,0.6598,-4.3778,495.18,700.70,249.83
1.8825,3.5775,0.6651,-4.3769,254.38,835.24,-18.83
1.8830,3.5458,0.6681,-4.3720,446.88,681.17,149.45
1.8835,3.5170,0.6676,-4.3593,277.34,821.17,80.92
1.8841,3.4926,0.6666,-4.3500,390.95,669.76,49.35
1.8846,3.4692,0.6656,-4.3491,306.18,798.56,174.58
1.8851,3.4448,0.6578,-4.3456,331.94,665.98,-39.97
1.8857,3.3999,0.6285,-4.3295,335.86,768.95,252.56
1.8862,3.3735,0.6159,-4.3300,360.43,734.30,307.79
1.8867,3.3477,0.6134,-4.3261,223.09,672.49,-154.91
1.8873,3.3223,0.6066,-4.3178,377.65,698.95,337.75
1.8878,3.2955,0.5905,-4.3086,181.86,678.02,-172.83
1.8884,3.2696,0.5734,-4.3027,382.90,662.34,338.94
1.8889,3.2462,0.5549,-4.2968,153.16,682.29,-162.61
1.8894,3.2188,0.5383,-4.2920,375.34,628.60,314.44
1.8900,3.1901,0.5212,-4.2866,137.76,683.27,-127.05
1.8905,3.1691,0.5056,-4.2763,353.99,599.62,267.75
1.8910,3.1427,0.4919,-4.2724,134.82,679.35,-72.94
1.8916,3.1139,0.4787,-4.2676,321.37,575.82,205.94
1.8921,3.0905,0.4660,-4.2641,142.03,669.48,-6.02
1.8926,3.0651,0.4563,-4.2617,279.86,557.76,135.45
1.8931,3.0383,0.4412,-4.2558,156.45,653.24,65.80
1.8937,3.0114,0.4270,-4.2495,233.38,546.77,65.24
1.8942,2.9866,0.4143,-4.2432,174.72,631.75,135.03
1.8947,2.9695,0.3958,-4.2388,185.43,540.54,2.03
1.8952,2.9529,0.3821,-4.2383,191.45,606.13,194.60
1.8958,2.9358,0.3767,-4.2417,139.93,537.25,-48.02
1.8963,2.9085,0.3601,-4.2436,99.75,537.18,-80.43
1.8968,2.8982,0.3514,-4.2436,211.96,547.75,265.79
1.8973,2.8812,0.3411,-4.2451,67.76,537.18,-92.54
1.8979,2.8655,0.3333,-4.2436,210.35,518.49,273.00
1.8984,2.8485,0.3270,-4.2436,44.52,536.20,-84.56
1.8989,2.8314,0.3245,-4.2432,200.20,491.61,261.66
1.8994,2.8172,0.3245,-4.2417,31.22,532.14,-58.03
1.9000,2.7982,0.3221,-4.2393,180.95,468.09,234.08
1.9005,2.7811,0.3172,-4.2358,26.25,525.28,-16.45
1.9010,2.7645,0.3157,-4.2363,154.49,448.21,194.95
1.9015,2.7450,0.3143,-4.2363,28.21,513.73,34.65
1.9020,2.7284,0.3104,-4.2314,122.43,433.09,149.03
1.9026,2.7104,0.3079,-4.2222,35.14,498.54,90.51
1.9042,2.6913,0.3094,-4.2192,87.22,422.31,101.99
1.9058,2.6703,0.3089,-4.2153,44.59,479.01,144.62
1.9074,2.6445,0.3060,-4.2070,51.31,415.45,59.78
1.9090,2.6181,0.3026,-4.1973,53.97,457.45,192.92
1.9106,2.5918,0.2987,-4.1875,17.43,410.69,26.18
1.9122,2.5644,0.2943,-4.1787,60.90,433.30,229.95
1.9138,2.5366,0.2933,-4.1656,-13.30,408.10,4.76
1.9154,2.5108,0.2957,-4.1524,63.84,409.78,253.75
1.9170,2.4786,0.2957,-4.1392,-37.94,405.72,-2.59
1.9186,2.4424,0.2957,-4.1231,60.90,387.10,263.90
1.9202,2.4132,0.2923,-4.1099,-56.42,402.22,4.27
1.9218,2.3853,0.2860,-4.0948,52.29,365.96,258.79
1.9234,2.3541,0.2821,-4.0787,-68.53,396.69,24.36
1.9250,2.3190,0.2786,-4.0655,37.80,347.62,241.99
1.9266,2.2824,0.2762,-4.0494,-74.62,389.55,55.09
1.9282,2.2468,0.2786,-4.0328,17.92,333.20,215.67
1.9298,2.2097,0.2796,-4.0177,-75.11,379.33,92.89
1.9314,2.1716,0.2806,-4.0021,-6.02,321.51,184.10
1.9330,2.1374,0.2855,-3.9835,-71.68,367.01,134.05
1.9346,2.1057,0.2845,-3.9655,-32.27,313.46,150.71
1.9346,2.0711,0.2860,-3.9513,-66.50,351.75,174.79
1.9347,2.0379,0.2889,-3.9338,-59.08,307.72,119.98
1.9347,2.0081,0.2938,-3.9167,-60.48,335.72,210.84
1.9348,1.9759,0.3030,-3.9001,-85.12,304.43,95.76
1.9348,1.9461,0.3109,-3.8855,-55.93,318.36,239.61
1.9349,1.9222,0.3192,-3.8698,-107.66,302.68,80.64
1.9349,1.8978,0.3270,-3.8542,-54.39,300.72,258.09
1.9350,1.8744,0.3348,-3.8391,-126.63,300.23,74.97
1.9350,1.8510,0.3411,-3.8245,-56.00,284.48,267.12
1.9351,1.8266,0.3470,-3.8098,-140.49,297.08,79.24
1.9351,1.7978,0.3572,-3.7927,-62.09,269.78,265.58
1.9352,1.7724,0.3684,-3.7830,-149.73,293.30,94.50
1.9352,1.7534,0.3802,-3.7669,-71.89,257.04,255.29
1.9352,1.7339,0.3938,-3.7454,-153.93,287.77,117.46
1.9353,1.7114,0.4075,-3.7269,-85.54,247.03,238.63
1.9353,1.6885,0.4182,-3.7108,-153.79,280.21,146.09
1.9354,1.6704,0.4299,-3.6971,-102.27,239.33,217.42
1.9354,1.6509,0.4455,-3.6849,-150.57,270.55,177.10
1.9355,1.6275,0.4612,-3.6717,-120.19,233.38,195.37
1.9355,1.6065,0.4743,-3.6629,-145.81,260.19,208.25
1.9362,1.5914,0.4865,-3.6527,-138.46,230.09,174.79
1.9369,1.5753,0.5041,-3.6356,-140.07,248.08,236.32
1.9376,1.5577,0.5266,-3.6083,-156.03,227.50,158.34
1.9382,1.5265,0.5485,-3.5956,-171.08,225.68,147.84
1.9389,1.5143,0.5641,-3.5858,-132.09,223.86,275.03
1.9396,1.5016,0.5861,-3.5751,-182.98,224.28,144.69
1.9403,1.4855,0.6080,-3.5663,-131.39,211.89,283.01
1.9409,1.4679,0.6271,-3.5570,-192.01,222.04,148.89
1.9416,1.4538,0.6495,-3.5473,-133.77,201.11,283.08
1.9423,1.4406,0.6690,-3.5400,-196.21,218.96,160.23
1.9430,1.4245,0.6866,-3.5312,-138.39,192.43,277.55
1.9436,1.4098,0.7130,-3.5224,-197.33,214.34,176.54
1.9443,1.3962,0.7393,-3.5185,-146.37,185.01,266.28
1.9450,1.3864,0.7676,-3.5126,-194.88,208.60,196.91
1.9457,1.3732,0.7959,-3.5029,-155.96,179.27,251.09
1.9463,1.3547,0.8189,-3.4946,-190.19,201.32,219.38
1.9470,1.3420,0.8477,-3.4921,-166.46,174.86,234.99
1.9477,1.3278,0.8779,-3.4868,-184.10,193.69,241.36
1.9484,1.3127,0.9082,-3.4804,-177.10,171.99,219.17
1.9490,1.2952,0.9384,-3.4741,-177.24,184.31,260.61
1.9496,1.2693,0.9902,-3.4633,-171.01,174.44,276.08
1.9501,1.2542,1.0233,-3.4575,-194.74,167.72,196.49
1.9506,1.2400,1.0546,-3.4531,-165.83,165.90,286.65
1.9511,1.2210,1.0853,-3.4497,-200.62,166.11,192.22
1.9516,1.1971,1.1190,-3.4424,-162.26,156.45,291.06
1.9521,1.1800,1.1546,-3.4345,-204.05,164.36,192.50
1.9526,1.1634,1.1897,-3.4311,-160.65,148.40,289.87
1.9531,1.1444,1.2190,-3.4272,-203.98,161.07,197.54
1.9536,1.1239,1.2459,-3.4189,-160.72,141.33,283.29
1.9541,1.0980,1.2751,-3.4116,-201.88,157.71,206.71
1.9546,1.0751,1.3030,-3.4062,-162.47,135.66,272.30
1.9552,1.0560,1.3337,-3.3975,-196.35,152.67,218.26
1.9557,1.0346,1.3620,-3.3872,-166.32,131.11,258.93
1.9562,1.0150,1.3884,-3.3804,-190.05,147.21,231.49
1.9567,0.9931,1.4137,-3.3687,-170.73,127.75,243.67
1.9572,0.9760,1.4308,-3.3570,-182.14,140.91,244.02
1.9577,0.9594,1.4498,-3.3482,-174.79,125.09,228.76
1.9582,0.9365,1.4684,-3.3365,-174.02,133.98,254.73
1.9587,0.9160,1.4850,-3.3267,-178.99,123.13,215.95
1.9592,0.8926,1.5060,-3.3164,-166.04,126.56,262.22
1.9598,0.7505,1.5289,-3.2852,-181.79,121.73,205.10
1.9604,0.8442,1.5611,-3.2730,-182.98,119.77,197.68
1.9610,0.8247,1.5826,-3.2672,-153.30,112.77,266.49
1.9617,0.8101,1.6031,-3.2540,-182.42,118.02,193.97
1.9623,0.7969,1.6192,-3.2389,-149.10,106.68,261.80
1.9629,0.7754,1.6368,-3.2271,-179.62,115.64,193.48
1.9635,0.7530,1.6504,-3.2154,-146.44,101.01,253.82
1.9641,0.7344,1.6592,-3.2003,-174.86,112.77,196.07
1.9647,0.7149,1.6694,-3.1832,-145.18,96.60,242.55
1.9653,0.6978,1.6807,-3.1681,-168.91,108.85,200.48
1.9659,0.6783,1.6870,-3.1544,-144.90,93.17,229.39
1.9665,0.6544,1.6948,-3.1378,-161.63,104.79,206.08
1.9671,0.6349,1.7007,-3.1227,-145.67,90.58,215.32
1.9677,0.6144,1.7031,-3.1081,-153.58,99.82,211.61
1.9683,0.5939,1.7060,-3.0881,-146.79,88.48,201.39
1.9690,0.5763,1.7017,-3.0666,-145.32,95.13,216.23
1.9696,0.5578,1.6953,-3.0476,-147.70,87.29,188.86
1.9702,0.5378,1.6968,-3.0368,-137.69,89.53,219.31
1.9708,0.5163,1.6982,-3.0236,-147.56,86.10,178.08
1.9714,0.3753,1.6987,-2.9861,-131.11,84.28,220.15
1.9719,0.4582,1.6978,-2.9661,-125.02,79.59,218.33
1.9725,0.4451,1.6968,-2.9509,-144.34,83.72,164.99
1.9730,0.4294,1.6938,-2.9368,-120.82,75.67,213.92
1.9735,0.4080,1.6904,-2.9197,-140.63,82.60,163.03
1.9741,0.3914,1.6816,-2.8992,-117.11,72.03,206.78
1.9746,0.3782,1.6729,-2.8758,-136.15,80.64,163.38
1.9752,0.3645,1.6724,-2.8577,-114.73,69.37,197.75
1.9757,0.3538,1.6685,-2.8367,-130.55,78.05,165.69
1.9762,0.3421,1.6607,-2.8172,-112.91,66.92,187.32
1.9768,0.3274,1.6563,-2.8040,-124.53,75.74,169.33
1.9773,0.3152,1.6538,-2.7845,-112.14,65.38,176.75
1.9779,0.3070,1.6490,-2.7626,-117.88,72.66,173.04
1.9784,0.2982,1.6407,-2.7426,-111.72,64.26,166.39
1.9790,0.2869,1.6353,-2.7211,-111.37,68.88,176.89
1.9795,0.2801,1.6324,-2.6977,-111.02,63.35,157.36
1.9800,0.2723,1.6285,-2.6576,-104.86,65.38,179.20
1.9806,0.2630,1.6250,-2.6576,-110.04,62.93,149.73
1.9811,0.2557,1.6226,-2.6411,-98.35,61.95,180.25
1.9817,0.2513,1.6138,-2.6196,-108.85,62.93,144.41
1.9822,0.2445,1.6045,-2.6015,-92.96,58.66,179.55
1.9832,0.2352,1.6006,-2.5810,-106.61,61.53,140.98
1.9843,0.2308,1.5958,-2.5566,-88.69,55.44,176.89
1.9854,0.2298,1.5875,-2.5376,-103.60,60.41,139.65
1.9864,0.2264,1.5821,-2.5181,-85.54,53.06,172.06
1.9875,0.2181,1.5782,-2.4932,-99.40,59.01,140.49
1.9885,0.2094,1.5758,-2.4673,-83.23,50.96,166.67
1.9896,0.2015,1.5733,-2.4473,-94.71,57.12,142.38
1.9906,0.1923,1.5714,-2.4278,-81.20,49.14,159.60
1.9917,0.1810,1.5714,-2.4039,-89.67,55.30,145.46
1.9927,0.1679,1.5709,-2.3785,-79.66,47.18,152.32
1.9938,0.1557,1.5684,-2.3585,-84.28,52.85,148.40
1.9948,0.1435,1.5718,-2.3380,-78.89,46.13,144.97
1.9959,0.1283,1.5772,-2.3141,-78.33,50.61,151.34
1.9969,0.1147,1.5787,-2.2921,-78.05,45.01,138.25
1.9980,0.0986,1.5797,-2.2677,-73.15,47.88,153.30
1.9990,0.0815,1.5801,-2.2394,-76.37,44.45,132.44
2.0001,0.0698,1.5870,-2.2150,-68.04,44.80,153.37
2.0011,0.0605,1.5914,-2.1965,-74.76,44.31,128.17
2.0022,0.0532,1.5928,-2.1740,-63.28,41.93,152.25
2.0032,0.0444,1.5953,-2.1482,-72.66,43.68,124.81
2.0033,0.0327,1.5997,-2.1243,-59.85,39.34,149.38
2.0033,0.0224,1.6055,-2.1023,-69.51,42.28,121.94
2.0034,0.0142,1.6099,-2.0794,-56.49,37.10,145.25
2.0035,0.0078,1.6153,-2.0559,-66.01,41.02,120.61
2.0035,0.0005,1.6192,-2.0335,-53.90,34.93,139.65
2.0036,-0.0078,1.6241,-2.0086,-62.16,39.20,120.26
2.0037,-0.0142,1.6294,-1.9857,-51.80,32.76,132.65
2.0037,-0.0190,1.6328,-1.9622,-57.54,37.03,119.98
2.0038,-0.0234,1.6358,-1.9413,-49.84,31.43,125.16
2.0038,-0.0293,1.6407,-1.9222,-53.20,34.79,119.98
2.0039,-0.0332,1.6465,-1.8993,-48.44,29.89,117.32
2.0040,-0.0342,1.6504,-1.8705,-48.02,31.92,119.56
2.0040,-0.0337,1.6524,-1.8466,-46.69,28.70,110.18
2.0041,-0.0346,1.6538,-1.8276,-43.40,29.33,118.23
2.0042,-0.0366,1.6568,-1.8027,-45.29,26.81,103.46
2.0042,-0.0386,1.6607,-1.7685,-39.27,26.11,116.27
2.0043,-0.0410,1.6646,-1.7441,-42.84,25.76,97.44
2.0043,-0.0395,1.6670,-1.7202,-40.88,23.52,91.84
2.0044,-0.0415,1.6665,-1.6968,-31.29,20.09,109.41
2.0045,-0.0429,1.6670,-1.6758,-37.73,21.77,87.78
2.0061,-0.0410,1.6699,-1.6509,-28.28,17.15,103.95
2.0077,-0.0400,1.6743,-1.6324,-34.44,19.53,84.49
2.0093,-0.0429,1.6777,-1.6143,-25.48,14.42,98.14
2.0109,-0.0434,1.6743,-1.5904,-31.29,16.87,82.18
2.0125,-0.0444,1.6694,-1.5660,-22.96,11.34,90.51
2.0141,-0.0488,1.6709,-1.5440,-27.37,14.00,80.29
2.0157,-0.0478,1.6748,-1.5274,-21.14,8.54,83.51
2.0173,-0.0459,1.6729,-1.5065,-23.52,10.78,78.54
2.0189,-0.0483,1.6694,-1.4850,-19.25,6.65,76.23
2.0205,-0.0522,1.6724,-1.4620,-19.81,7.28,76.44
2.0221,-0.0556,1.6675,-1.4420,-17.78,4.13,69.37
2.0237,-0.0600,1.6626,-1.4250,-15.26,3.29,73.99
2.0253,-0.0610,1.6602,-1.4035,-15.82,1.61,62.51
2.0269,-0.0659,1.6524,-1.3605,-11.55,0.21,71.26
2.0285,-0.0693,1.6460,-1.3605,-13.72,-0.84,56.77
2.0301,-0.0678,1.6431,-1.3479,-8.40,-3.57,67.69
2.0317,-0.0693,1.6392,-1.3278,-12.11,-3.22,51.59
2.0333,-0.0722,1.6333,-1.3049,-5.32,-7.00,63.63
2.0349,-0.0737,1.6299,-1.2878,-9.87,-6.51,46.97
2.0365,-0.0786,1.6250,-1.2649,-2.45,-10.36,58.17
2.0365,-0.0825,1.6202,-1.2410,-7.14,-10.15,43.05
2.0366,-0.0854,1.6163,-1.2220,-0.49,-13.65,52.85
2.0366,-0.0898,1.6099,-1.2034,-4.34,-13.16,40.18
2.0367,-0.0927,1.6041,-1.1805,1.61,-16.87,46.55
2.0367,-0.0996,1.5958,-1.1585,-1.47,-16.03,38.01
2.0368,-0.1054,1.5850,-1.1405,3.15,-19.81,40.25
2.0369,-0.1035,1.5738,-1.1248,1.47,-19.95,35.49
2.0369,-0.1044,1.5650,-1.1082,4.41,-22.89,33.95
2.0370,-0.1035,1.5596,-1.0868,4.76,-23.24,33.32
2.0370,-0.1054,1.5523,-1.0677,5.95,-26.25,27.93
2.0371,-0.1113,1.5382,-1.0502,7.21,-26.67,31.22
2.0371,-0.1108,1.5260,-1.0346,7.07,-29.19,22.68
2.0372,-0.1118,1.5162,-1.0219,10.22,-30.45,28.77
2.0372,-0.1142,1.5006,-1.0033,8.12,-31.64,18.13
2.0373,-0.1152,1.4889,-0.9848,12.53,-33.95,25.62
2.0373,-0.1176,1.4752,-0.9667,9.80,-35.21,13.86
2.0374,-0.1142,1.4616,-0.9501,14.49,-37.24,22.33
2.0375,-0.1142,1.4494,-0.9350,11.13,-38.50,10.50
2.0375,-0.1122,1.4372,-0.9189,16.52,-40.95,18.97
2.0376,-0.1044,1.4259,-0.9057,12.74,-42.00,7.98
2.0376,-0.1000,1.4147,-0.8935,18.06,-44.52,15.12
2.0377,-0.1025,1.4025,-0.8784,14.07,-45.36,5.88
2.0377,-0.1025,1.3893,-0.8618,18.90,-47.88,11.20
2.0378,-0.0961,1.3776,-0.8428,16.38,-48.58,4.41
2.0378,-0.0961,1.3659,-0.8267,19.53,-51.38,7.07
2.0378,-0.0942,1.3532,-0.8101,17.64,-52.22,3.29
2.0379,-0.0893,1.3366,-0.7930,20.37,-54.88,3.92
2.0379,-0.0859,1.3235,-0.7798,19.60,-56.00,2.45
2.0380,-0.0791,1.3142,-0.7652,20.93,-58.52,0.21
2.0380,-0.0708,1.3030,-0.7540,21.42,-59.71,2.17
2.0381,-0.0625,1.2810,-0.7247,21.42,-61.88,-2.52
2.0381,-0.0547,1.2717,-0.7164,21.70,-65.87,-4.90
2.0382,-0.0425,1.2556,-0.7017,25.13,-66.85,0.91
2.0382,-0.0327,1.2351,-0.6866,22.12,-68.81,-6.86
2.0383,-0.0278,1.2210,-0.6700,25.97,-71.26,0.07
2.0383,-0.0224,1.2093,-0.6578,22.68,-72.52,-7.77
2.0384,-0.0151,1.1946,-0.6510,26.60,-74.83,-0.84
2.0384,-0.0034,1.1790,-0.6417,23.45,-76.44,-8.47
2.0385,0.0098,1.1649,-0.6251,27.09,-79.10,-1.75
2.0385,0.0156,1.1439,-0.6095,24.50,-80.22,-8.54
2.0390,0.0234,1.1268,-0.5944,27.30,-82.95,-3.01
2.0395,0.0356,1.1156,-0.5812,25.13,-84.00,-7.56
2.0400,0.0429,1.1004,-0.5685,27.44,-86.73,-3.92
2.0405,0.0468,1.0868,-0.5563,25.83,-87.64,-6.58
2.0411,0.0547,1.0760,-0.5456,27.23,-90.65,-4.69
2.0416,0.0620,1.0634,-0.5329,26.53,-91.77,-5.11
2.0421,0.0678,1.0429,-0.5226,26.81,-94.22,-5.18
2.0426,0.0747,1.0253,-0.5100,27.30,-95.62,-3.57
2.0431,0.0820,1.0141,-0.4973,26.53,-98.35,-5.11
2.0436,0.0893,1.0028,-0.4890,27.30,-99.68,-1.75
2.0441,0.0942,0.9882,-0.4734,26.25,-102.27,-5.04
2.0446,0.0956,0.9697,-0.4558,27.51,-103.11,0.21
2.0451,0.0991,0.9545,-0.4451,25.62,-105.98,-4.20
2.0456,0.1020,0.9409,-0.4338,27.65,-107.10,1.89
2.0462,0.1039,0.9257,-0.4207,25.34,-109.55,-2.66
2.0467,0.1049,0.9121,-0.4089,27.44,-111.30,3.92
2.0472,0.1069,0.8989,-0.3972,24.71,-112.91,-1.12
2.0477,0.1088,0.8847,-0.3816,26.88,-114.73,5.53
2.0482,0.1083,0.8711,-0.3650,24.64,-116.41,1.54
2.0487,0.1059,0.8584,-0.3562,25.97,-118.72,7.14
2.0493,0.1049,0.8467,-0.3440,23.94,-119.63,4.34
2.0499,0.1064,0.8374,-0.3304,25.20,-122.64,8.68
2.0505,0.1059,0.8252,-0.3245,23.38,-122.50,7.98
2.0511,0.1083,0.8096,-0.3152,24.36,-125.65,10.22
2.0517,0.1132,0.7954,-0.3040,23.17,-126.21,10.99
2.0523,0.1157,0.7871,-0.2943,22.89,-129.15,12.18
2.0530,0.1186,0.7793,-0.2860,22.33,-129.78,14.00
2.0536,0.1230,0.7691,-0.2762,21.98,-132.37,14.00
2.0542,0.1264,0.7598,-0.2640,21.21,-133.21,17.29
2.0548,0.1313,0.7535,-0.2518,20.79,-135.52,16.10
2.0554,0.1386,0.7476,-0.2435,20.58,-136.36,20.79
2.0560,0.1474,0.7403,-0.2347,19.04,-138.81,18.27
2.0566,0.1557,0.7320,-0.2250,19.53,-139.65,23.73
2.0572,0.1664,0.7218,-0.2196,17.57,-142.10,20.86
2.0578,0.1762,0.7169,-0.2137,18.62,-143.50,26.46
2.0584,0.1908,0.7120,-0.2059,15.96,-145.11,23.87
2.0590,0.2045,0.7042,-0.1991,17.15,-147.28,29.05
2.0596,0.2167,0.6964,-0.1937,14.49,-148.82,26.39
2.0602,0.2313,0.6895,-0.1864,15.89,-150.50,31.71
2.0608,0.2484,0.6847,-0.1801,13.16,-151.90,29.68
2.0614,0.2664,0.6788,-0.1708,14.07,-154.21,34.09
2.0619,0.2816,0.6686,-0.1576,11.69,-155.19,33.46
2.0625,0.2987,0.6627,-0.1503,12.53,-158.06,36.12
2.0630,0.3148,0.6539,-0.1454,10.22,-158.90,36.47
2.0635,0.3323,0.6456,-0.1362,10.15,-161.63,38.50
2.0641,0.3484,0.6398,-0.1303,9.17,-162.54,39.83
2.0646,0.3606,0.6305,-0.1244,8.19,-165.41,40.53
2.0652,0.3748,0.6251,-0.1147,7.56,-165.97,43.26
2.0657,0.3919,0.6237,-0.1088,6.37,-168.98,42.98
2.0662,0.4104,0.6159,-0.1015,6.16,-169.96,46.83
2.0668,0.4265,0.6076,-0.0908,3.64,-173.18,44.73
2.0673,0.4397,0.6071,-0.0874,4.41,-174.09,49.84
2.0679,0.4490,0.6066,-0.0834,1.68,-176.54,47.67
2.0684,0.4616,0.6051,-0.0742,2.73,-178.01,52.36
2.0689,0.4763,0.5978,-0.0649,-0.28,-180.18,50.26
2.0695,0.4870,0.5890,-0.0581,0.42,-182.28,55.09
2.0700,0.4963,0.5890,-0.0512,-2.24,-183.68,52.99
2.0706,0.5051,0.5846,-0.0434,-1.75,-186.13,57.54
2.0711,0.5163,0.5832,-0.0371,-4.41,-187.60,56.00
2.0716,0.5241,0.5876,-0.0337,-3.92,-190.33,59.57
2.0722,0.5295,0.5851,-0.0268,-6.30,-190.96,59.01
2.0728,0.5305,0.5841,-0.0161,-6.37,-193.97,61.53
2.0734,0.5314,0.5797,-0.0093,-8.40,-194.67,62.02
2.0740,0.5344,0.5768,-0.0010,-8.75,-197.40,63.42
2.0746,0.5353,0.5797,0.0063,-10.22,-198.45,64.96
2.0752,0.5353,0.5802,0.0132,-11.20,-200.97,65.45
2.0758,0.5305,0.5802,0.0332,-12.04,-202.02,67.41
2.0763,0.5290,0.5880,0.0425,-14.00,-205.24,70.28
2.0769,0.5270,0.5900,0.0478,-16.24,-207.20,68.81
2.0775,0.5173,0.5939,0.0527,-16.31,-208.81,72.45
2.0781,0.5109,0.6002,0.0605,-18.55,-210.21,70.49
2.0787,0.5075,0.6085,0.0688,-18.90,-211.82,74.55
2.0793,0.5080,0.6163,0.0717,-20.65,-213.29,72.17
2.0799,0.5065,0.6246,0.0771,-20.72,-215.25,75.88
2.0805,0.4997,0.6349,0.0844,-23.45,-216.09,74.13
2.0811,0.4948,0.6403,0.0913,-23.03,-217.77,77.14
2.0816,0.4914,0.6476,0.0961,-25.48,-218.75,75.95
2.0822,0.4885,0.6564,0.1025,-25.41,-220.71,78.05
2.0828,0.4851,0.6612,0.1108,-27.51,-221.55,77.28
2.0834,0.4841,0.6666,0.1166,-27.72,-223.16,78.96
2.0840,0.4890,0.6710,0.1259,-29.68,-224.00,78.68
2.0845,0.4909,0.6730,0.1347,-30.10,-225.26,79.10
2.0851,0.4904,0.6749,0.1405,-31.57,-226.66,79.38
2.0856,0.4909,0.6788,0.1474,-32.83,-227.64,79.80
2.0862,0.4997,0.6852,0.1688,-34.09,-229.32,80.01
2.0867,0.5026,0.6861,0.1771,-36.12,-231.49,80.57
2.0873,0.5085,0.6852,0.1845,-37.66,-232.26,78.82
2.0878,0.5144,0.6852,0.1942,-38.50,-234.08,80.50
2.0884,0.5212,0.6856,0.2045,-40.11,-234.36,78.40
2.0889,0.5226,0.6925,0.2162,-40.95,-236.60,79.66
2.0895,0.5222,0.6959,0.2274,-42.70,-237.02,77.49
2.0900,0.5241,0.6964,0.2342,-43.33,-238.98,79.10
2.0906,0.5246,0.6998,0.2391,-45.57,-239.47,76.58
2.0912,0.5256,0.6983,0.2455,-45.78,-240.94,77.21
2.0917,0.5275,0.6969,0.2552,-48.37,-241.36,75.32
2.0923,0.5275,0.6978,0.2630,-48.44,-242.83,75.74
2.0928,0.5256,0.6998,0.2664,-50.68,-243.53,74.34
2.0934,0.5275,0.6974,0.2704,-51.03,-245.21,73.43
2.0939,0.5319,0.6959,0.2782,-53.13,-245.28,72.80
2.0945,0.5290,0.6998,0.2860,-54.18,-246.89,71.40
2.0951,0.5256,0.7037,0.2884,-55.58,-247.38,70.98
2.0956,0.5246,0.7066,0.2923,-56.91,-248.71,69.23
2.0962,0.5246,0.7105,0.2962,-58.38,-249.06,69.09
2.0968,0.5266,0.7096,0.2991,-59.71,-249.97,66.71
2.0974,0.5290,0.7125,0.2977,-60.69,-251.44,66.85
2.0979,0.5329,0.7178,0.2972,-62.37,-251.51,64.96
2.0985,0.5344,0.7208,0.3035,-63.00,-252.98,64.33
2.0991,0.5363,0.7242,0.3045,-64.89,-253.19,62.51
2.0997,0.5402,0.7286,0.3030,-65.80,-254.87,62.02
2.1002,0.5456,0.7330,0.3011,-67.69,-254.24,60.83
2.1008,0.5524,0.7305,0.3035,-68.04,-256.06,59.57
2.1014,0.5612,0.7335,0.3074,-69.72,-255.85,58.17
2.1020,0.5680,0.7369,0.3055,-70.70,-257.60,57.40
2.1025,0.5734,0.7379,0.3055,-72.17,-257.46,55.86
2.1031,0.5841,0.7471,0.3045,-73.22,-258.72,54.88
2.1037,0.5929,0.7549,0.3035,-74.48,-258.93,53.90
2.1043,0.5978,0.7569,0.3060,-75.53,-259.77,52.71
2.1049,0.6012,0.7598,0.3079,-76.93,-260.47,52.01
2.1054,0.6120,0.7647,0.3118,-77.98,-260.89,50.40
2.1060,0.6222,0.7696,0.3138,-78.68,-261.66,49.98
2.1077,0.6256,0.7720,0.3113,-80.50,-262.22,48.23
2.1094,0.6305,0.7764,0.3162,-80.78,-262.92,48.23
2.1111,0.6339,0.7813,0.3216,-82.46,-263.20,46.41
2.1128,0.6393,0.7808,0.3206,-82.67,-263.90,46.76
2.1145,0.6481,0.7837,0.3250,-84.35,-264.11,45.01
2.1162,0.6529,0.7857,0.3309,-84.98,-265.09,45.15
2.1179,0.6583,0.7823,0.3338,-86.24,-265.09,43.54
2.1196,0.6647,0.7837,0.3333,-87.08,-265.79,43.54
2.1213,0.6647,0.7886,0.3343,-88.13,-265.65,42.35
2.1230,0.6627,0.7867,0.3392,-88.90,-266.63,42.35
2.1248,0.6656,0.7867,0.3416,-90.16,-266.14,41.09
2.1265,0.6642,0.7896,0.3426,-91.14,-266.91,40.95
2.1282,0.6588,0.7871,0.3479,-91.91,-266.77,40.39
2.1299,0.6564,0.7876,0.3538,-93.24,-267.40,39.55
2.1316,0.6495,0.7920,0.3567,-93.80,-266.98,39.69
2.1333,0.6373,0.7920,0.3597,-95.13,-267.47,38.36
2.1350,0.6281,0.7910,0.3650,-96.25,-267.26,38.85
2.1367,0.6227,0.7881,0.3675,-97.44,-267.05,37.45
2.1384,0.6159,0.7832,0.3753,-98.28,-267.26,37.94
2.1401,0.6056,0.7847,0.3772,-98.98,-267.05,36.33
2.1401,0.5939,0.7832,0.3850,-100.66,-266.98,36.75
2.1402,0.5827,0.7769,0.3919,-101.15,-266.35,35.42
2.1402,0.5592,0.7715,0.3928,-103.88,-265.44,34.44
2.1403,0.5485,0.7671,0.3967,-104.58,-265.65,34.09
2.1403,0.5383,0.7603,0.4036,-106.12,-264.39,33.25
2.1404,0.5236,0.7569,0.4080,-106.89,-265.16,32.20
2.1404,0.5085,0.7564,0.4138,-108.29,-263.41,31.92
2.1405,0.4963,0.7525,0.4197,-109.48,-263.62,30.52
2.1405,0.4841,0.7462,0.4236,-110.53,-262.57,29.89
2.1406,0.4695,0.7383,0.4290,-111.93,-262.50,28.49
2.1406,0.4582,0.7369,0.4309,-113.26,-261.03,28.07
2.1407,0.4524,0.7359,0.4368,-114.45,-260.68,26.25
2.1407,0.4416,0.7296,0.4509,-115.36,-259.98,25.55
2.1408,0.4255,0.7242,0.4582,-117.04,-258.86,23.66
2.1409,0.4172,0.7203,0.4656,-118.44,-258.44,22.82
2.1409,0.4133,0.7183,0.4778,-119.70,-257.46,21.07
2.1410,0.4070,0.7144,0.4865,-121.03,-257.18,19.60
2.1410,0.3992,0.7086,0.4973,-122.29,-255.64,18.13
2.1411,0.3943,0.7047,0.5090,-123.83,-255.64,16.17
2.1411,0.3884,0.7100,0.5256,-125.09,-254.03,12.39
2.1415,0.3802,0.7115,0.5329,-127.89,-252.49,11.06
2.1419,0.3782,0.7071,0.5422,-129.22,-252.00,8.47
2.1423,0.3806,0.7013,0.5544,-130.76,-250.04,7.70
2.1428,0.3792,0.7008,0.5622,-132.09,-250.11,4.83
2.1432,0.3787,0.7003,0.5690,-133.14,-248.50,3.36
2.1436,0.3802,0.6993,0.5793,-134.89,-248.43,0.70
2.1440,0.3836,0.6988,0.5890,-135.87,-247.17,-0.98
2.1444,0.3855,0.6969,0.6027,-137.97,-246.47,-3.15
2.1448,0.3894,0.6988,0.6110,-138.74,-245.42,-5.53
2.1452,0.3997,0.6964,0.6124,-140.49,-245.00,-7.98
2.1456,0.4085,0.6915,0.6168,-141.54,-244.65,-10.01
2.1461,0.4163,0.6871,0.6222,-142.94,-243.18,-12.18
2.1465,0.4250,0.6842,0.6285,-144.27,-243.04,-14.84
2.1469,0.4309,0.6842,0.6334,-145.46,-242.20,-16.66
2.1473,0.4363,0.6793,0.6378,-146.79,-242.06,-19.53
2.1477,0.4436,0.6734,0.6456,-148.12,-241.22,-21.14
2.1481,0.4548,0.6637,0.6515,-149.52,-241.22,-24.43
2.1485,0.4660,0.6583,0.6515,-150.64,-239.82,-25.62
2.1490,0.4753,0.6544,0.6539,-152.60,-239.89,-28.77
2.1494,0.4851,0.6525,0.6559,-153.16,-238.84,-30.45
2.1500,0.6188,0.6510,0.6622,-154.98,-239.19,-33.11
2.1507,0.5134,0.6364,0.6612,-157.22,-238.28,-36.82
2.1513,0.5246,0.6324,0.6642,-158.20,-237.86,-39.55
2.1520,0.5344,0.6232,0.6622,-159.74,-237.51,-40.81
2.1526,0.5422,0.6115,0.6583,-160.51,-237.44,-43.12
2.1533,0.5553,0.6046,0.6617,-161.91,-237.30,-44.80
2.1539,0.5690,0.5973,0.6617,-162.82,-237.44,-47.11
2.1546,0.5763,0.5900,0.6608,-164.01,-236.81,-48.09
2.1552,0.5822,0.5773,0.6612,-165.13,-237.16,-50.68
2.1559,0.5905,0.5656,0.6627,-166.39,-236.74,-51.45
2.1565,0.6037,0.5534,0.6642,-167.51,-237.51,-53.69
2.1572,0.6159,0.5388,0.6671,-168.70,-236.88,-54.53
2.1578,0.6251,0.5236,0.6725,-169.61,-237.37,-56.49
2.1585,0.6339,0.5095,0.6764,-170.73,-237.37,-57.54
2.1591,0.6398,0.4973,0.6783,-172.06,-238.49,-59.29
2.1598,0.6525,0.4773,0.6803,-172.62,-237.79,-60.34
2.1604,0.6651,0.4568,0.6856,-174.51,-238.28,-60.90
2.1611,0.6730,0.4412,0.6930,-175.28,-238.28,-62.58
2.1618,0.6812,0.4250,0.6998,-176.75,-239.54,-63.21
2.1624,0.6905,0.4075,0.7052,-177.59,-239.05,-64.47
2.1630,0.7032,0.3875,0.7115,-178.99,-239.61,-65.24
2.1636,0.7174,0.3670,0.7149,-179.83,-240.66,-66.29
2.1642,0.7310,0.3450,0.7213,-181.37,-241.43,-67.13
2.1648,0.7452,0.3235,0.7325,-182.28,-242.06,-68.04
2.1654,0.7623,0.3070,0.7393,-183.61,-242.06,-68.32
2.1660,0.7774,0.2908,0.7471,-184.80,-243.32,-69.09
2.1666,0.7910,0.2699,0.7544,-185.71,-243.60,-69.09
2.1672,0.8067,0.2479,0.7637,-187.32,-245.00,-69.86
2.1678,0.8228,0.2313,0.7666,-188.30,-245.21,-69.93
2.1684,0.8403,0.2133,0.7735,-189.63,-246.54,-70.70
2.1690,0.8599,0.1957,0.7852,-190.75,-247.45,-70.77
2.1696,0.8784,0.1806,0.7896,-192.29,-248.64,-71.05
2.1702,0.8989,0.1596,0.7979,-193.34,-249.13,-70.63
2.1708,0.9204,0.1459,0.8028,-194.39,-251.02,-71.19
2.1714,0.9414,0.1366,0.8047,-195.72,-251.79,-70.98
2.1720,0.9648,0.1196,0.8111,-197.05,-253.47,-70.91
2.1726,0.9902,0.1054,0.8140,-198.03,-253.96,-70.35
2.1732,1.0116,0.0947,0.8150,-199.15,-256.41,-70.07
2.1738,1.0350,0.0776,0.8213,-200.62,-256.55,-70.21
2.1744,1.0565,0.0600,0.8223,-201.53,-259.21,-69.16
2.1749,1.0712,0.0493,0.8228,-203.00,-259.91,-69.02
2.1754,1.0946,0.0381,0.8296,-203.84,-262.22,-68.04
2.1760,1.1209,0.0273,0.8335,-205.31,-263.27,-67.90
2.1765,1.1395,0.0171,0.8364,-206.57,-265.30,-66.71
2.1770,1.1590,0.0054,0.8369,-207.62,-266.63,-66.22
2.1775,1.1800,-0.0068,0.8394,-208.81,-268.59,-65.24
2.1780,1.1985,-0.0215,0.8452,-209.72,-269.92,-64.19
2.1785,1.2141,-0.0322,0.8457,-210.77,-272.30,-63.56
2.1791,1.2366,-0.0405,0.8472,-212.10,-273.91,-61.88
2.1796,1.2610,-0.0478,0.8496,-213.08,-275.45,-60.97
2.1801,1.2820,-0.0522,0.8516,-214.13,-277.55,-59.36
2.1806,1.2991,-0.0595,0.8569,-215.39,-279.72,-58.87
2.1811,1.3142,-0.0673,0.8657,-215.95,-281.40,-56.49
2.1816,1.3318,-0.0747,0.8730,-217.21,-283.92,-56.70
2.1822,1.3708,-0.0966,0.8857,-217.77,-285.25,-53.55
2.1827,1.3849,-0.1059,0.8930,-219.73,-289.03,-50.54
2.1832,1.3932,-0.1069,0.9033,-221.48,-291.55,-50.40
2.1837,1.4108,-0.1142,0.9150,-221.62,-293.30,-47.32
2.1842,1.4269,-0.1210,0.9243,-223.30,-295.89,-47.25
2.1848,1.4401,-0.1269,0.9326,-223.72,-297.36,-43.68
2.1853,1.4547,-0.1347,0.9443,-225.05,-300.09,-43.75
2.1858,1.4689,-0.1396,0.9584,-225.54,-302.05,-40.60
2.1863,1.4801,-0.1435,0.9697,-226.80,-303.94,-39.83
2.1868,1.4904,-0.1430,0.9814,-227.22,-306.04,-37.31
2.1873,1.5035,-0.1440,0.9950,-228.62,-308.21,-36.19
2.1878,1.5104,-0.1479,1.0067,-228.97,-310.24,-33.95
2.1883,1.5172,-0.1479,1.0185,-230.09,-312.62,-32.55
2.1888,1.5274,-0.1479,1.0331,-230.65,-314.72,-30.73
2.1893,1.5328,-0.1503,1.0507,-231.77,-316.40,-28.91
2.1899,1.5416,-0.1532,1.0658,-232.19,-318.78,-27.58
2.1904,1.5494,-0.1508,1.0770,-232.89,-320.39,-24.85
2.1909,1.5518,-0.1498,1.0868,-233.94,-322.77,-24.08
2.1914,1.5533,-0.1532,1.0956,-234.22,-324.66,-21.77
2.1919,1.5562,-0.1474,1.1253,-235.13,-326.90,-20.93
2.1924,1.5518,-0.1513,1.1366,-236.32,-331.03,-18.20
2.1929,1.5533,-0.1576,1.1434,-237.44,-331.73,-14.98
2.1934,1.5538,-0.1615,1.1541,-237.58,-334.18,-14.70
2.1939,1.5518,-0.1625,1.1668,-238.28,-335.58,-11.97
2.1945,1.5499,-0.1669,1.1746,-239.26,-337.89,-11.76
2.1950,1.5440,-0.1703,1.1844,-238.91,-338.94,-9.24
2.1956,1.5362,-0.1708,1.2005,-240.52,-341.11,-8.89
2.1962,1.5265,-0.1713,1.2112,-240.17,-342.44,-6.79
2.1968,1.5167,-0.1728,1.2185,-241.50,-343.70,-5.95
2.1974,1.5069,-0.1747,1.2307,-241.36,-345.38,-5.04
2.1980,1.5001,-0.1786,1.2424,-242.69,-346.50,-3.36
2.1986,1.4894,-0.1810,1.2571,-242.27,-348.25,-2.94
2.1993,1.4728,-0.1791,1.2683,-243.18,-348.74,-0.70
2.1999,1.4581,-0.1815,1.2781,-243.53,-350.63,-1.12
2.2005,1.4411,-0.1850,1.2947,-244.02,-351.12,1.40
2.2011,1.4254,-0.1898,1.3088,-244.65,-352.66,0.84
2.2017,1.4093,-0.1976,1.3186,-244.65,-353.29,3.22
2.2023,1.3869,-0.2001,1.3293,-245.63,-354.90,2.38
2.2029,1.3659,-0.1996,1.3425,-245.35,-354.90,4.48
2.2036,1.3474,-0.2020,1.3542,-246.61,-355.95,4.55
2.2042,1.3264,-0.2064,1.3708,-246.33,-356.37,5.81
2.2048,1.3054,-0.2098,1.3888,-247.45,-356.51,6.37
2.2054,1.2810,-0.2118,1.4015,-246.68,-356.79,7.07
2.2060,1.2561,-0.2152,1.4147,-248.15,-357.70,8.05
2.2066,1.2361,-0.2157,1.4274,-247.45,-357.49,8.19
2.2072,1.2171,-0.2181,1.4396,-248.64,-358.05,9.10
2.2087,1.1932,-0.2235,1.4547,-248.22,-357.63,9.17
2.2102,1.1678,-0.2235,1.4738,-249.20,-357.91,10.50
2.2117,1.1453,-0.2250,1.4894,-248.71,-357.35,10.08
2.2132,1.1224,-0.2245,1.4996,-249.62,-357.56,11.13
2.2147,1.1019,-0.2211,1.5157,-249.62,-356.58,11.20
2.2162,1.0863,-0.2172,1.5313,-249.90,-356.72,11.76
2.2177,1.0707,-0.2103,1.5416,-250.39,-355.88,12.04
2.2192,1.0507,-0.2030,1.5543,-250.11,-355.95,12.32
2.2207,1.0316,-0.2015,1.5660,-250.39,-354.48,12.39
2.2222,1.0155,-0.1976,1.5762,-250.25,-354.55,12.39
2.2237,1.0028,-0.1893,1.5865,-250.88,-353.15,13.23
2.2252,0.9872,-0.1810,1.5923,-249.97,-352.03,12.81
2.2267,0.9721,-0.1684,1.5967,-250.74,-351.05,13.09
2.2282,0.9584,-0.1571,1.6055,-250.25,-349.65,12.95
2.2297,0.9443,-0.1479,1.6167,-250.18,-349.44,12.81
2.2312,0.9301,-0.1405,1.6304,-250.18,-347.76,12.81
2.2327,0.9130,-0.1342,1.6416,-250.04,-346.99,12.53
2.2342,0.8965,-0.1254,1.6460,-250.18,-345.17,12.32
2.2357,0.8808,-0.1161,1.6592,-249.62,-344.61,11.90
2.2372,0.8691,-0.1049,1.6704,-249.55,-342.16,11.90
2.2372,0.8540,-0.0966,1.6748,-248.92,-341.39,11.06
2.2373,0.8359,-0.0932,1.6812,-248.64,-339.01,11.13
2.2373,0.8218,-0.0834,1.6890,-248.29,-338.24,9.94
2.2374,0.8072,-0.0722,1.6973,-247.94,-335.37,10.29
2.2374,0.7930,-0.0644,1.6997,-247.31,-334.53,8.68
2.2375,0.7837,-0.0542,1.7070,-246.75,-332.15,8.89
2.2375,0.7749,-0.0439,1.7119,-246.12,-330.47,7.07
2.2376,0.7662,-0.0298,1.7163,-245.42,-328.30,7.21
2.2376,0.7549,-0.0161,1.7246,-245.00,-326.76,5.81
2.2377,0.7437,0.1210,1.7280,-243.81,-324.31,4.90
2.2377,0.7271,0.0171,1.7300,-242.27,-319.48,3.15
2.2378,0.7232,0.0288,1.7295,-241.50,-317.52,1.68
2.2378,0.7164,0.0425,1.7314,-240.73,-315.49,0.49
2.2379,0.7139,0.0547,1.7363,-239.82,-313.32,-1.12
2.2380,0.7110,0.0649,1.7373,-238.91,-311.08,-2.17
2.2380,0.7042,0.0771,1.7353,-237.58,-308.70,-3.71
2.2381,0.7052,0.0878,1.7358,-236.67,-306.95,-5.39
2.2381,0.7066,0.1015,1.7339,-235.20,-303.66,-6.72
2.2382,0.7076,0.1147,1.7319,-234.29,-301.77,-8.68
2.2382,0.7071,0.1235,1.7314,-232.82,-298.90,-10.01
2.2383,0.7071,0.1401,1.7290,-231.77,-297.22,-12.04
2.2384,0.7115,0.1571,1.7265,-229.95,-294.00,-12.95
2.2385,0.7178,0.1654,1.7226,-229.04,-291.90,-15.68
2.2386,0.7252,0.1762,1.7148,-227.50,-288.89,-16.87
2.2387,0.7335,0.1932,1.7070,-226.10,-287.07,-19.46
2.2388,0.7432,0.2128,1.7017,-224.14,-284.55,-20.51
2.2389,0.7491,0.2289,1.6924,-222.53,-281.47,-22.82
2.2390,0.7554,0.2411,1.6856,-220.99,-279.58,-24.50
2.2391,0.7676,0.2513,1.6812,-219.52,-276.50,-26.74
2.2392,0.7798,0.2630,1.6714,-217.21,-275.03,-28.63
2.2393,0.7852,0.2762,1.6631,-215.88,-270.90,-30.03
2.2394,0.7945,0.2874,1.6538,-213.85,-270.27,-32.69
2.2394,0.8130,0.2991,1.6431,-211.68,-265.65,-33.88
2.2395,0.8252,0.3128,1.6368,-209.93,-265.09,-37.03
2.2396,0.8355,0.3270,1.6250,-207.55,-261.38,-37.38
2.2397,0.8516,0.3367,1.6143,-206.08,-259.63,-40.74
2.2398,0.8642,0.3489,1.6045,-203.63,-256.13,-41.37
2.2399,0.8760,0.3616,1.5948,-201.74,-254.73,-44.31
2.2400,0.8872,0.3689,1.5860,-199.08,-251.16,-44.87
2.2401,0.8950,0.3816,1.5767,-197.19,-249.48,-48.23
2.2406,0.9052,0.3943,1.5650,-194.53,-246.89,-48.23
2.2412,0.9174,0.4031,1.5557,-192.92,-244.44,-51.73
2.2417,0.9238,0.4109,1.5518,-189.98,-242.34,-52.08
2.2422,0.9350,0.4192,1.5406,-187.81,-239.26,-54.88
2.2428,0.9487,0.4255,1.5279,-185.29,-237.72,-55.72
2.2433,0.9565,0.4304,1.5172,-183.33,-234.29,-57.40
2.2438,0.9687,0.4382,1.5118,-180.53,-232.82,-59.29
2.2444,0.9804,0.4436,1.5050,-178.15,-229.32,-60.27
2.2449,0.9906,0.4441,1.4977,-175.63,-228.13,-63.14
2.2454,1.0009,0.4485,1.4908,-172.97,-224.35,-63.00
2.2459,1.0111,0.4538,1.4806,-171.36,-223.93,-66.29
2.2465,1.0233,0.4573,1.4767,-167.65,-219.59,-65.52
2.2470,1.0350,0.4582,1.4679,-166.11,-218.26,-69.02
2.2475,1.0492,0.4548,1.4542,-162.61,-215.67,-68.74
2.2481,1.0599,0.4514,1.4469,-161.00,-213.64,-71.40
2.2486,1.0677,0.4446,1.4435,-157.99,-210.77,-71.33
2.2491,1.0790,0.4397,1.4381,-155.61,-208.81,-73.78
2.2497,1.0873,0.4368,1.4313,-153.30,-206.57,-74.13
2.2502,1.0995,0.4294,1.4264,-151.13,-203.70,-75.53
2.2507,1.1126,0.4216,1.4176,-148.54,-202.51,-76.51
2.2513,1.1229,0.4124,1.4128,-146.02,-199.22,-77.91
2.2519,1.1351,0.4026,1.4128,-143.99,-198.52,-79.59
2.2525,1.1497,0.3909,1.4108,-141.47,-194.39,-79.17
2.2531,1.1614,0.3777,1.4084,-139.72,-193.69,-81.27
2.2537,1.1727,0.3684,1.4050,-136.43,-190.75,-81.48
2.2543,1.1844,0.3562,1.4001,-135.10,-189.63,-83.58
2.2549,1.1946,0.3382,1.3952,-132.30,-185.85,-82.53
2.2555,1.2049,0.3201,1.3937,-130.41,-185.15,-85.33
2.2561,1.2171,0.3035,1.3923,-128.45,-182.07,-84.49
2.2566,1.2376,0.2733,1.3908,-123.90,-178.22,-85.96
2.2572,1.2439,0.2572,1.3888,-122.78,-176.96,-88.34
2.2578,1.2542,0.2396,1.3874,-120.68,-175.07,-87.64
2.2584,1.2620,0.2240,1.3893,-119.14,-172.34,-89.32
2.2590,1.2664,0.2079,1.3884,-117.32,-170.80,-89.04
2.2596,1.2751,0.1928,1.3903,-115.92,-168.28,-90.16
2.2602,1.2849,0.1767,1.3893,-113.75,-167.44,-90.65
2.2608,1.2898,0.1620,1.3913,-112.56,-164.36,-90.37
2.2614,1.2932,0.1503,1.3981,-110.81,-163.80,-91.77
2.2620,1.2986,0.1332,1.3962,-109.20,-160.44,-91.28
2.2626,1.3064,0.1176,1.3942,-108.29,-160.23,-92.75
2.2632,1.3083,0.1020,1.3976,-106.54,-157.29,-91.63
2.2638,1.3078,0.0834,1.4010,-105.42,-156.52,-93.52
2.2644,1.3117,0.0712,1.4015,-103.81,-153.93,-92.12
2.2650,1.3166,0.0571,1.4030,-103.53,-152.46,-94.08
2.2656,1.3186,0.0425,1.4050,-101.36,-150.85,-93.17
2.2662,1.3191,0.0293,1.4040,-101.01,-149.03,-94.50
2.2669,1.3200,0.0146,1.4069,-99.54,-147.35,-93.17
2.2675,1.3215,-0.0015,1.4113,-99.19,-145.04,-94.78
2.2681,1.3220,-0.0200,1.4147,-98.00,-144.27,-93.80
2.2687,1.3181,-0.0376,1.4176,-97.79,-142.03,-94.99
2.2693,1.3215,-0.0527,1.4196,-96.46,-141.05,-94.43
2.2699,1.3230,-0.0683,1.4230,-96.32,-138.67,-95.20
2.2705,1.3191,-0.0854,1.4274,-95.27,-137.62,-94.78
2.2711,1.3186,-0.1010,1.4333,-94.85,-135.87,-95.34
2.2717,1.3171,-0.1166,1.4352,-94.29,-134.68,-95.62
2.2724,1.3196,-0.1322,1.4352,-94.22,-132.79,-95.62
2.2730,1.3205,-0.1469,1.4362,-94.01,-131.39,-96.11
2.2736,1.3196,-0.1635,1.4386,-93.31,-129.78,-95.62
2.2742,1.3186,-0.1801,1.4416,-93.45,-128.66,-96.67
2.2748,1.3166,-0.1981,1.4455,-93.17,-127.54,-95.76
2.2754,1.3181,-0.2142,1.4498,-93.17,-125.58,-96.88
2.2759,1.3215,-0.2298,1.4498,-92.75,-124.32,-95.83
2.2765,1.3220,-0.2503,1.4503,-92.89,-122.71,-96.88
2.2771,1.3220,-0.2806,1.4552,-93.03,-121.73,-95.97
2.2776,1.3230,-0.2977,1.4572,-93.24,-119.49,-96.39
2.2782,1.3293,-0.3128,1.4601,-93.59,-117.74,-96.95
2.2788,1.3318,-0.3309,1.4611,-93.87,-116.90,-96.32
2.2794,1.3332,-0.3479,1.4635,-94.57,-115.57,-97.16
2.2799,1.3352,-0.3577,1.4650,-94.36,-114.87,-96.46
2.2805,1.3386,-0.3743,1.4620,-95.48,-113.75,-96.39
2.2811,1.3479,-0.3909,1.4620,-95.55,-112.77,-96.46
2.2816,1.3522,-0.4055,1.4650,-96.18,-111.51,-96.25
2.2822,1.3537,-0.4177,1.4660,-96.81,-110.18,-96.18
2.2828,1.3596,-0.4294,1.4655,-97.30,-109.62,-95.62
2.2833,1.3679,-0.4475,1.4684,-98.14,-108.43,-95.76
2.2839,1.3757,-0.4626,1.4713,-98.49,-108.36,-95.20
2.2845,1.3815,-0.4748,1.4684,-99.61,-106.47,-94.92
2.2850,1.3864,-0.4870,1.4684,-100.10,-106.68,-94.64
2.2856,1.3923,-0.4978,1.4679,-101.29,-105.21,-94.29
2.2862,1.4030,-0.5124,1.4674,-101.50,-105.14,-93.45
2.2873,1.4108,-0.5241,1.4669,-102.76,-104.02,-93.45
2.2885,1.4196,-0.5368,1.4635,-103.18,-103.53,-91.98
2.2896,1.4425,-0.5519,1.4650,-104.93,-102.20,-91.42
2.2907,1.4562,-0.5680,1.4640,-107.31,-101.29,-89.95
2.2919,1.4660,-0.5758,1.4640,-108.15,-101.36,-89.25
2.2930,1.4723,-0.5841,1.4591,-109.27,-100.59,-88.06
2.2941,1.4801,-0.5924,1.4620,-109.97,-100.38,-87.57
2.2953,1.4884,-0.5968,1.4611,-111.30,-99.96,-86.38
2.2964,1.4938,-0.6041,1.4577,-112.28,-99.82,-85.54
2.2975,1.5001,-0.6129,1.4581,-113.47,-99.61,-84.63
2.2987,1.5074,-0.6163,1.4538,-114.24,-99.61,-83.23
2.2998,1.5157,-0.6188,1.4552,-115.71,-98.56,-82.04
2.3010,1.5201,-0.6217,1.4523,-116.13,-99.54,-81.13
2.3021,1.5250,-0.6266,1.4484,-117.74,-98.28,-79.24
2.3032,1.5289,-0.6310,1.4484,-118.23,-99.33,-78.75
2.3044,1.5289,-0.6349,1.4430,-119.70,-98.42,-77.07
2.3055,1.5338,-0.6364,1.4411,-120.54,-98.91,-76.02
2.3066,1.5382,-0.6378,1.4416,-121.73,-98.49,-74.55
2.3078,1.5401,-0.6398,1.4376,-122.71,-98.77,-72.80
2.3089,1.5435,-0.6407,1.4298,-123.62,-99.12,-71.89
2.3104,1.5470,-0.6393,1.4259,-125.86,-99.33,-69.09
2.3120,1.5470,-0.6344,1.4215,-126.70,-98.70,-66.71
2.3135,1.5523,-0.6339,1.4176,-127.82,-99.47,-66.08
2.3150,1.5538,-0.6359,1.4123,-128.59,-98.91,-63.42
2.3166,1.5533,-0.6324,1.4074,-129.64,-100.03,-63.07
2.3181,1.5528,-0.6300,1.4054,-130.41,-99.12,-60.27
2.3196,1.5538,-0.6261,1.4025,-131.81,-99.96,-59.64
2.3211,1.5567,-0.6202,1.3991,-132.51,-99.61,-57.26
2.3227,1.5587,-0.6168,1.3942,-133.91,-100.59,-56.56
2.3242,1.5557,-0.6105,1.3874,-134.12,-99.75,-53.97
2.3257,1.5543,-0.6046,1.3806,-135.38,-100.94,-53.34
2.3272,1.5572,-0.6007,1.3752,-135.94,-100.80,-51.10
2.3288,1.5587,-0.5958,1.3664,-137.20,-100.94,-50.12
2.3303,1.5557,-0.5846,1.3605,-137.41,-101.15,-47.95
2.3318,1.5533,-0.5739,1.3576,-138.74,-101.57,-47.04
2.3333,1.5528,-0.5695,1.3513,-139.23,-102.20,-45.36
2.3349,1.5494,-0.5656,1.3420,-140.35,-102.20,-43.82
2.3364,1.5479,-0.5597,1.3347,-140.49,-102.48,-42.56
2.3379,1.5460,-0.5436,1.3318,-141.40,-102.83,-40.67
2.3394,1.5406,-0.5334,1.3230,-142.38,-103.18,-39.90
2.3395,1.5352,-0.5251,1.3166,-142.66,-103.25,-38.08
2.3396,1.5299,-0.5124,1.3156,-143.57,-103.81,-37.52
2.3396,1.5235,-0.5026,1.3098,-144.13,-103.25,-35.21
2.3397,1.5148,-0.4904,1.3049,-144.55,-104.58,-35.56
2.3397,1.5030,-0.4792,1.3039,-145.25,-104.58,-33.39
2.3398,1.4962,-0.4685,1.2952,-145.60,-104.79,-32.83
2.3398,1.4918,-0.4592,1.2869,-146.02,-105.14,-31.50
2.3399,1.4821,-0.4490,1.2825,-146.72,-105.07,-30.80
2.3399,1.4713,-0.4377,1.2761,-147.14,-105.56,-29.26
2.3400,1.4620,-0.4250,1.2712,-147.63,-105.70,-29.19
2.3401,1.4498,-0.4114,1.2644,-147.49,-105.98,-27.72
2.3401,1.4357,-0.4031,1.2571,-148.40,-105.91,-27.37
2.3402,1.4289,-0.3933,1.2512,-148.40,-106.33,-26.18
2.3402,1.4220,-0.3826,1.2424,-149.17,-106.33,-26.25
2.3403,1.4108,-0.3733,1.2346,-149.10,-106.47,-25.41
2.3403,1.3986,-0.3631,1.2298,-149.31,-106.68,-24.85
2.3404,1.3771,-0.3382,1.2210,-149.31,-106.68,-24.01
2.3405,1.3649,-0.3260,1.2176,-150.15,-106.61,-23.03
2.3405,1.3508,-0.3113,1.2088,-149.94,-106.75,-22.61
2.3406,1.3430,-0.3035,1.2015,-150.01,-107.10,-22.75
2.3406,1.3332,-0.2962,1.1980,-150.43,-106.96,-21.63
2.3406,1.3225,-0.2840,1.1893,-150.29,-106.47,-21.91
2.3407,1.3122,-0.2738,1.1805,-150.22,-107.10,-21.35
2.3407,1.3000,-0.2630,1.1771,-150.22,-106.26,-20.93
2.3408,1.2893,-0.2489,1.1736,-150.08,-106.89,-20.58
2.3408,1.2776,-0.2386,1.1658,-150.22,-106.19,-20.44
2.3409,1.2703,-0.2338,1.1590,-150.01,-106.47,-19.81
2.3409,1.2659,-0.2245,1.1556,-149.87,-106.05,-19.95
2.3409,1.2571,-0.2113,1.1483,-149.80,-106.19,-19.39
2.3410,1.2464,-0.1991,1.1424,-149.52,-105.35,-19.32
2.3410,1.2322,-0.1908,1.1351,-149.24,-105.70,-18.97
2.3411,1.2205,-0.1825,1.1239,-149.17,-105.07,-18.76
2.3411,1.2141,-0.1713,1.1180,-148.75,-105.21,-18.34
2.3411,1.2093,-0.1596,1.1112,-148.89,-104.58,-18.41
2.3412,1.2039,-0.1532,1.1019,-148.05,-104.44,-17.78
2.3412,1.1971,-0.1444,1.0926,-148.33,-104.09,-17.92
2.3413,1.1858,-0.1347,1.0926,-147.63,-103.74,-17.57
2.3413,1.1780,-0.1288,1.0819,-147.70,-103.04,-17.15
2.3414,1.1741,-0.1215,1.0775,-147.14,-103.39,-17.36
2.3414,1.1653,-0.1108,1.0751,-146.65,-101.78,-16.10
2.3420,1.1570,-0.1000,1.0687,-146.16,-102.13,-16.80
2.3426,1.1546,-0.0952,1.0643,-145.18,-101.57,-16.24
2.3432,1.1478,-0.0888,1.0560,-145.67,-101.22,-16.31
2.3438,1.1385,-0.0825,1.0468,-144.90,-100.31,-15.96
2.3444,1.1331,-0.0737,1.0414,-144.41,-100.52,-16.24
2.3450,1.1263,-0.0654,1.0370,-143.71,-98.98,-15.19
2.3456,1.1180,-0.0576,1.0326,-143.92,-98.77,-15.61
2.3462,1.1097,-0.0478,1.0258,-142.66,-98.42,-15.26
2.3468,1.1009,-0.0390,1.0214,-142.66,-97.37,-15.05
2.3474,1.0936,-0.0312,1.0150,-141.54,-96.81,-14.63
2.3480,1.0873,-0.0244,1.0111,-141.40,-96.11,-15.12
2.3486,1.0785,-0.0146,1.0058,-140.77,-95.34,-14.00
2.3492,1.0653,-0.0049,0.9970,-140.28,-94.99,-14.98
2.3498,1.0521,0.0029,0.9911,-139.72,-94.08,-14.07
2.3504,1.0468,0.0093,0.9843,-138.81,-92.89,-14.49
2.3510,1.0380,0.0151,0.9745,-138.11,-91.84,-13.65
2.3515,1.0277,0.0234,0.9682,-137.62,-91.42,-14.14
2.3521,1.0199,0.0307,0.9609,-137.41,-90.79,-14.07
2.3527,1.0106,0.0400,0.9531,-136.15,-90.09,-14.42
2.3533,1.0014,0.0473,0.9496,-136.15,-88.76,-13.65
2.3539,0.9941,0.0498,0.9428,-135.24,-87.99,-14.49
2.3544,0.9848,0.0537,0.9370,-134.75,-87.50,-14.07
2.3549,0.9794,0.0576,0.9316,-134.05,-85.96,-14.42
2.3554,0.9765,0.0625,0.9262,-133.42,-85.19,-14.49
2.3560,0.9677,0.0669,0.9184,-132.86,-83.72,-14.49
2.3565,0.9609,0.0693,0.9082,-132.23,-83.23,-14.91
2.3570,0.9560,0.0756,0.9023,-131.53,-82.60,-15.19
2.3576,0.9443,0.0781,0.8965,-131.04,-80.85,-15.40
2.3581,0.9389,0.0786,0.8916,-130.76,-80.36,-15.54
2.3586,0.9394,0.0815,0.8862,-129.36,-79.17,-16.03
2.3591,0.9335,0.0869,0.8799,-129.36,-78.54,-16.38
2.3597,0.9248,0.0903,0.8716,-128.59,-76.72,-16.87
2.3602,0.9204,0.0956,0.8647,-128.38,-76.51,-16.80
2.3607,0.9204,0.1030,0.8623,-127.40,-74.97,-17.78
2.3612,0.9150,0.1054,0.8555,-126.98,-74.27,-18.06
2.3618,0.9091,0.1074,0.8452,-126.21,-73.22,-18.48
2.3623,0.9048,0.1098,0.8359,-125.79,-71.75,-18.69
2.3628,0.8989,0.1147,0.8340,-125.16,-70.98,-19.67
2.3634,0.8935,0.1171,0.8320,-124.46,-69.79,-20.09
2.3639,0.8857,0.1215,0.8233,-124.46,-68.46,-20.37
2.3645,0.8857,0.1240,0.8179,-123.62,-67.76,-21.63
2.3651,0.8838,0.1220,0.8169,-123.62,-66.92,-22.05
2.3657,0.8789,0.1240,0.8130,-122.29,-65.59,-22.82
2.3663,0.8779,0.1235,0.8067,-122.92,-64.61,-23.38
2.3669,0.8721,0.1259,0.8028,-121.31,-63.21,-24.01
2.3675,0.8706,0.1332,0.7979,-121.24,-62.51,-24.50
2.3681,0.8677,0.1342,0.7940,-120.68,-61.46,-25.48
2.3687,0.8594,0.1288,0.7886,-120.47,-60.76,-25.97
2.3694,0.8545,0.1283,0.7828,-119.77,-59.15,-26.74
2.3700,0.8560,0.1303,0.7798,-119.42,-58.52,-27.65
2.3706,0.8579,0.1288,0.7740,-118.86,-57.33,-28.49
2.3712,0.8545,0.1274,0.7710,-118.51,-56.63,-29.05
2.3718,0.8506,0.1283,0.7618,-118.44,-55.30,-29.89
2.3724,0.8472,0.1269,0.7559,-117.60,-53.13,-31.22
2.3730,0.8525,0.1249,0.7525,-116.62,-52.50,-32.48
2.3736,0.8491,0.1259,0.7491,-116.69,-51.52,-32.76
2.3742,0.8506,0.1264,0.7447,-115.99,-51.31,-34.51
2.3748,0.8540,0.1274,0.7388,-115.85,-49.42,-34.16
2.3754,0.8491,0.1254,0.7349,-115.50,-49.21,-35.63
2.3760,0.8496,0.1249,0.7369,-115.15,-47.74,-35.77
2.3766,0.8569,0.1249,0.7379,-114.80,-47.39,-36.96
2.3772,0.8594,0.1215,0.7344,-114.17,-46.27,-37.38
2.3777,0.8594,0.1205,0.7281,-114.52,-45.50,-38.36
2.3783,0.8564,0.1249,0.7208,-113.47,-44.59,-38.99
2.3789,0.8569,0.1220,0.7183,-113.89,-43.47,-39.41
2.3794,0.8603,0.1161,0.7135,-112.98,-43.75,-40.74
2.3800,0.8638,0.1142,0.7076,-112.84,-42.28,-40.46
2.3806,0.8652,0.1127,0.7022,-112.56,-42.00,-41.86
2.3811,0.8638,0.1103,0.6983,-112.42,-40.67,-41.86
2.3817,0.8662,0.1088,0.6974,-112.28,-40.67,-42.91
2.3823,0.8657,0.1074,0.6964,-111.86,-39.62,-43.19
2.3828,0.8638,0.1078,0.6930,-111.58,-39.62,-44.03
2.3834,0.8662,0.1083,0.6866,-111.44,-38.36,-44.24
2.3839,0.8740,0.1025,0.6856,-110.88,-37.38,-45.15
2.3845,0.8735,0.0986,0.6822,-110.53,-36.82,-45.99
2.3851,0.8745,0.0971,0.6739,-110.32,-36.19,-46.13
2.3856,0.8750,0.0937,0.6744,-110.53,-35.98,-46.97
2.3862,0.8735,0.0898,0.6764,-109.55,-35.35,-46.97
2.3868,0.8740,0.0917,0.6754,-110.32,-34.79,-47.60
2.3873,0.8779,0.0888,0.6730,-109.34,-34.51,-47.95
2.3879,0.8833,0.0825,0.6666,-109.76,-34.44,-48.65
2.3885,0.8857,0.0795,0.6632,-108.92,-33.74,-48.72
2.3890,0.8862,0.0810,0.6632,-109.13,-33.32,-49.14
2.3896,0.8862,0.0815,0.6637,-108.92,-33.25,-49.35
2.3902,0.8872,0.0742,0.6627,-109.13,-32.62,-49.77
2.3908,0.8930,0.0698,0.6612,-108.50,-33.11,-50.33
2.3914,0.8950,0.0693,0.6568,-108.57,-32.06,-49.98
2.3919,0.8940,0.0669,0.6529,-108.36,-31.92,-50.47
2.3925,0.8950,0.0644,0.6525,-108.22,-32.13,-51.10
2.3931,0.8999,0.0669,0.6525,-107.80,-31.29,-50.96
2.3937,0.9043,0.0654,0.6554,-107.66,-31.64,-51.87
2.3942,0.9043,0.0581,0.6554,-107.94,-31.22,-51.31
2.3948,0.9033,0.0522,0.6515,-107.80,-31.85,-52.78
2.3954,0.9072,0.0483,0.6515,-107.66,-30.66,-51.66
2.3960,0.9130,0.0473,0.6495,-107.52,-31.43,-53.34
2.3965,0.9194,0.0454,0.6466,-106.89,-30.94,-51.94
2.3971,0.9238,0.0410,0.6534,-107.52,-31.43,-53.34
2.3977,0.9218,0.0400,0.6529,-106.68,-30.94,-52.43
2.3983,0.9252,0.0425,0.6451,-107.52,-31.43,-53.90
2.3988,0.9287,0.0381,0.6442,-106.68,-31.08,-53.27
2.3993,0.9306,0.0327,0.6451,-107.24,-31.22,-53.69
2.3998,0.9326,0.0312,0.6422,-106.19,-31.85,-53.62
2.4003,0.9340,0.0268,0.6398,-106.82,-31.71,-53.69
2.4008,0.9379,0.0264,0.6393,-106.40,-31.78,-53.76
2.4013,0.9418,0.0264,0.6349,-106.82,-31.99,-54.11
2.4018,0.9462,0.0234,0.6383,-106.40,-32.55,-54.18
2.4023,0.9506,0.0244,0.6403,-106.12,-32.20,-53.41
2.4028,0.9584,0.0234,0.6324,-106.54,-32.90,-54.46
2.4033,0.9614,0.0181,0.6276,-106.12,-32.83,-53.62
2.4037,0.9594,0.0127,0.6242,-106.33,-33.53,-54.18
2.4042,0.9618,0.0073,0.6300,-105.91,-32.83,-53.34
2.4047,0.9711,0.0083,0.6324,-106.54,-34.09,-54.39
2.4052,0.9760,0.0068,0.6281,-105.84,-34.58,-53.69
2.4057,0.9775,0.0000,0.6300,-106.40,-34.93,-54.11
2.4062,0.9809,-0.0044,0.6290,-105.77,-35.21,-53.34
2.4067,0.9858,-0.0068,0.6217,-106.12,-35.84,-54.18
2.4072,0.9843,-0.0073,0.6188,-106.12,-35.84,-53.27
2.4077,0.9819,-0.0112,0.6173,-105.98,-36.89,-53.90
2.4082,0.9872,-0.0137,0.6163,-106.19,-36.89,-53.13
2.4087,0.9902,-0.0142,0.6178,-106.26,-37.24,-53.13
2.4103,0.9931,-0.0185,0.6154,-105.84,-38.08,-52.71
2.4119,0.9941,-0.0195,0.6149,-105.98,-38.85,-52.78
2.4135,0.9936,-0.0229,0.6173,-106.05,-38.50,-52.36
2.4151,0.9965,-0.0254,0.6159,-106.19,-39.97,-52.36
2.4168,1.0038,-0.0239,0.6159,-106.12,-39.97,-51.66
2.4184,1.0077,-0.0210,0.6139,-105.84,-40.95,-51.59
2.4200,1.0097,-0.0205,0.6124,-106.05,-41.58,-51.52
2.4216,1.0116,-0.0268,0.6120,-105.91,-41.86,-50.82
2.4232,1.0102,-0.0327,0.6110,-105.84,-43.26,-49.98
2.4249,1.0146,-0.0317,0.6095,-105.98,-43.96,-49.98
2.4265,1.0185,-0.0303,0.6090,-105.98,-44.45,-49.14
2.4281,1.0199,-0.0307,0.6090,-106.26,-45.29,-49.56
2.4297,1.0199,-0.0312,0.6076,-105.70,-45.85,-48.30
2.4313,1.0224,-0.0351,0.6071,-106.05,-46.83,-48.37
2.4330,1.0238,-0.0390,0.6090,-105.98,-47.32,-47.46
2.4346,1.0268,-0.0425,0.6100,-106.05,-48.30,-47.74
2.4362,1.0282,-0.0454,0.6051,-105.98,-49.07,-46.69
2.4378,1.0268,-0.0468,0.6032,-105.91,-49.49,-46.27
2.4394,1.0268,-0.0488,0.6056,-106.26,-50.40,-45.57
2.4411,1.0297,-0.0503,0.6037,-105.84,-51.10,-45.36
2.4411,1.0331,-0.0532,0.6032,-106.47,-51.52,-44.38
2.4412,1.0360,-0.0576,0.6076,-105.84,-52.78,-44.17
2.4412,1.0380,-0.0605,0.6071,-106.26,-53.34,-43.82
2.4413,1.0365,-0.0654,0.6012,-106.12,-54.18,-42.63
2.4413,1.0365,-0.0664,0.6012,-106.26,-54.74,-42.49
2.4414,1.0414,-0.0664,0.6027,-106.33,-55.72,-41.44
2.4414,1.0433,-0.0669,0.5998,-106.12,-56.77,-41.23
2.4415,1.0424,-0.0673,0.5978,-106.75,-57.61,-40.04
2.4415,1.0424,-0.0737,0.5954,-106.82,-59.01,-38.85
2.4416,1.0443,-0.0781,0.5973,-106.33,-59.71,-38.36
2.4417,1.0453,-0.0844,0.5993,-106.82,-60.20,-37.59
2.4417,1.0419,-0.0849,0.5993,-106.75,-61.04,-36.82
2.4418,1.0424,-0.0849,0.5983,-106.75,-62.09,-35.84
2.4418,1.0458,-0.0854,0.5978,-106.89,-62.58,-35.28
2.4419,1.0433,-0.0878,0.5998,-107.10,-63.42,-34.72
2.4419,1.0414,-0.0888,0.5983,-107.31,-64.19,-33.60
2.4420,1.0419,-0.0908,0.5983,-107.17,-64.89,-33.18
2.4420,1.0380,-0.0937,0.6017,-107.45,-65.73,-31.85
2.4421,1.0360,-0.0947,0.6012,-107.38,-66.50,-31.85
2.4421,1.0336,-0.0942,0.5968,-107.80,-67.20,-30.38
2.4422,1.0272,-0.0971,0.5954,-107.59,-67.41,-30.31
2.4422,1.0253,-0.1030,0.5998,-107.59,-69.02,-29.19
2.4423,1.0224,-0.1010,0.6012,-107.73,-68.88,-28.28
2.4423,1.0121,-0.0966,0.5998,-108.15,-69.93,-27.51
2.4423,1.0102,-0.0937,0.5978,-108.08,-71.47,-26.11
2.4424,1.0067,-0.0937,0.5983,-108.92,-71.40,-25.48
2.4424,1.0019,-0.0947,0.5993,-108.57,-72.24,-24.50
2.4425,0.9965,-0.0908,0.6022,-109.13,-73.22,-23.73
2.4425,0.9950,-0.0898,0.6037,-108.71,-73.15,-22.82
2.4425,0.9887,-0.0874,0.6002,-109.48,-74.13,-22.47
2.4426,0.9843,-0.0849,0.5983,-108.78,-74.55,-21.91
2.4426,0.9814,-0.0844,0.5963,-109.76,-75.18,-21.07
2.4427,0.9731,-0.0815,0.5978,-109.48,-75.11,-20.02
2.4427,0.9672,-0.0810,0.5988,-110.04,-76.44,-19.74
2.4428,0.9623,-0.0800,0.5983,-109.76,-76.51,-18.69
2.4428,0.9584,-0.0761,0.5998,-109.97,-77.14,-18.34
2.4428,0.9575,-0.0732,0.5983,-110.18,-77.21,-17.29
2.4429,0.9540,-0.0722,0.5954,-110.39,-78.19,-17.15
2.4429,0.9501,-0.0717,0.5973,-110.81,-78.05,-15.54
2.4430,0.9506,-0.0703,0.5978,-110.60,-78.61,-16.10
2.4435,0.9482,-0.0659,0.5954,-110.95,-78.89,-14.84
2.4441,0.9423,-0.0630,0.5949,-110.60,-79.24,-14.49
2.4446,0.9370,-0.0625,0.5963,-111.65,-79.45,-13.58
2.4452,0.9331,-0.0659,0.5978,-110.74,-79.38,-12.88
2.4457,0.9287,-0.0664,0.5929,-111.58,-80.43,-12.60
2.4463,0.9267,-0.0620,0.5915,-111.09,-79.80,-11.69
2.4469,0.9238,-0.0610,0.5968,-111.93,-80.85,-11.55
2.4474,0.9194,-0.0586,0.5973,-112.00,-81.06,-10.71
2.4480,0.9184,-0.0561,0.5963,-112.07,-81.76,-10.71
2.4485,0.9145,-0.0571,0.5958,-112.14,-81.27,-9.59
2.4491,0.9091,-0.0561,0.5915,-112.63,-81.90,-9.73
2.4496,0.9067,-0.0503,0.5905,-112.49,-81.90,-8.47
2.4502,0.9038,-0.0464,0.5924,-112.77,-82.46,-9.17
2.4508,0.9018,-0.0473,0.5880,-112.98,-82.18,-7.56
2.4513,0.8989,-0.0468,0.5856,-112.98,-82.95,-8.26
2.4519,0.8916,-0.0439,0.5876,-112.98,-82.25,-6.58
2.4524,0.8872,-0.0400,0.5885,-113.68,-82.60,-7.00
2.4530,0.8847,-0.0371,0.5924,-113.26,-82.67,-6.02
2.4535,0.8794,-0.0366,0.5929,-114.10,-82.74,-6.16
2.4541,0.8725,-0.0342,0.5876,-113.54,-83.37,-5.46
2.4553,0.8686,-0.0327,0.5846,-114.45,-82.60,-5.39
2.4564,0.8672,-0.0268,0.5861,-113.82,-83.58,-5.67
2.4576,0.8608,-0.0215,0.5861,-114.52,-82.53,-4.27
2.4588,0.8584,-0.0205,0.5866,-114.45,-83.65,-4.90
2.4600,0.8569,-0.0181,0.5851,-114.59,-82.46,-3.71
2.4611,0.8520,-0.0176,0.5856,-115.01,-83.44,-4.27
2.4623,0.8506,-0.0137,0.5856,-114.66,-82.60,-3.57
2.4635,0.8496,-0.0088,0.5827,-115.50,-83.02,-3.92
2.4646,0.8477,-0.0059,0.5797,-115.08,-82.53,-3.08
2.4658,0.8413,-0.0049,0.5797,-115.92,-82.88,-3.57
2.4670,0.8364,-0.0044,0.5793,-115.29,-82.88,-3.01
2.4682,0.8340,0.0005,0.5783,-115.85,-82.74,-3.64
2.4693,0.8325,0.0044,0.5773,-115.50,-82.60,-2.87
2.4705,0.8311,0.0044,0.5778,-116.20,-82.04,-3.36
2.4717,0.8301,0.0088,0.5768,-115.71,-82.67,-2.66
2.4728,0.8281,0.0112,0.5729,-116.34,-82.18,-3.29
2.4740,0.8228,0.0102,0.5729,-115.92,-82.46,-3.08
2.4752,0.8194,0.0102,0.5754,-116.69,-81.06,-2.73
2.4764,0.8189,0.0117,0.5739,-116.27,-82.18,-3.29
2.4775,0.8164,0.0161,0.5695,-116.62,-80.99,-2.87
2.4781,0.8135,0.0283,0.5671,-116.69,-81.83,-3.36
2.4786,0.8154,0.0327,0.5627,-117.04,-81.20,-3.78
2.4792,0.8145,0.0327,0.5636,-116.69,-80.85,-3.57
2.4798,0.8120,0.0337,0.5636,-117.25,-80.43,-3.78
2.4803,0.8140,0.0381,0.5622,-116.55,-80.64,-3.50
2.4809,0.8120,0.0420,0.5627,-116.76,-80.08,-4.48
2.4814,0.8081,0.0449,0.5573,-116.83,-80.36,-4.13
2.4820,0.8091,0.0483,0.5544,-117.18,-79.45,-4.83
2.4825,0.8057,0.0537,0.5553,-116.76,-80.15,-4.48
2.4831,0.8047,0.0615,0.5534,-116.90,-79.24,-5.04
2.4837,0.8076,0.0610,0.5524,-116.97,-79.73,-5.39
2.4842,0.8062,0.0615,0.5558,-116.83,-78.82,-5.60
2.4848,0.8028,0.0673,0.5524,-117.11,-78.96,-5.88
2.4853,0.8018,0.0683,0.5495,-116.69,-78.12,-6.02
2.4859,0.8013,0.0712,0.5485,-116.90,-78.68,-6.93
2.4864,0.8013,0.0766,0.5451,-116.55,-77.98,-7.07
2.4870,0.7993,0.0786,0.5417,-116.97,-77.84,-7.35
2.4876,0.7993,0.0795,0.5402,-116.62,-77.63,-7.35
2.4881,0.8032,0.0805,0.5388,-116.62,-77.42,-8.54
2.4887,0.8032,0.0810,0.5334,-116.41,-77.56,-8.61
2.4892,0.7993,0.0844,0.5402,-116.41,-76.37,-9.17
2.4896,0.8003,0.0903,0.5363,-116.34,-76.09,-10.01
2.4901,0.8023,0.0942,0.5285,-116.20,-76.79,-10.71
2.4906,0.8037,0.0981,0.5266,-115.92,-75.67,-11.27
2.4911,0.8018,0.0991,0.5270,-115.92,-75.95,-11.27
2.4916,0.7993,0.1039,0.5226,-115.50,-75.18,-12.53
2.4921,0.7989,0.1044,0.5217,-115.78,-75.60,-12.74
2.4925,0.7984,0.1064,0.5222,-115.15,-74.76,-13.44
2.4930,0.7998,0.1088,0.5212,-115.15,-75.11,-13.72
2.4935,0.8023,0.1113,0.5197,-114.80,-74.55,-14.63
2.4940,0.7979,0.1166,0.5153,-114.73,-74.34,-15.05
2.4945,0.7959,0.1157,0.5129,-114.59,-74.20,-15.61
2.4950,0.7984,0.1161,0.5129,-114.24,-73.50,-16.31
2.4954,0.7974,0.1220,0.5119,-114.24,-73.64,-16.73
2.4959,0.7969,0.1249,0.5109,-113.68,-73.15,-17.50
2.4964,0.7993,0.1259,0.5085,-113.75,-73.57,-17.99
2.4969,0.8018,0.1303,0.5031,-113.26,-72.73,-18.48
2.4974,0.7989,0.1327,0.5041,-112.98,-73.43,-19.39
2.4979,0.7998,0.1337,0.5051,-112.42,-71.89,-19.74
2.4983,0.8018,0.1352,0.5031,-112.49,-72.94,-20.58
2.4990,0.8018,0.1371,0.4953,-112.00,-71.40,-20.86
2.4997,0.8023,0.1401,0.4953,-111.79,-72.10,-21.77
2.5003,0.7969,0.1435,0.4973,-111.23,-71.40,-22.12
2.5010,0.7969,0.1488,0.4934,-111.44,-71.75,-23.24
2.5016,0.7989,0.1518,0.4900,-110.60,-70.70,-22.75
2.5023,0.8013,0.1508,0.4870,-110.60,-71.26,-24.29
2.5029,0.8018,0.1547,0.4860,-109.90,-70.28,-24.29
2.5036,0.8013,0.1566,0.4826,-109.69,-70.56,-25.06
2.5042,0.8072,0.1576,0.4787,-109.20,-70.21,-25.62
2.5049,0.8062,0.1591,0.4773,-108.85,-70.28,-26.32
2.5055,0.8018,0.1615,0.4734,-108.36,-70.00,-26.81
2.5062,0.7998,0.1645,0.4680,-107.80,-69.72,-27.51
2.5068,0.8003,0.1664,0.4665,-107.52,-69.37,-27.58
2.5075,0.8047,0.1693,0.4646,-107.03,-69.09,-28.49
2.5081,0.8086,0.1723,0.4631,-106.54,-69.30,-28.70
2.5088,0.8091,0.1747,0.4612,-106.19,-68.67,-29.33
2.5095,0.8086,0.1757,0.4577,-105.49,-68.67,-29.68
2.5101,0.8062,0.1757,0.4592,-104.93,-68.74,-30.52
2.5108,0.8067,0.1718,0.4592,-104.86,-68.04,-30.38
2.5114,0.8067,0.1698,0.4524,-104.23,-67.76,-31.22
2.5128,0.8032,0.1718,0.4485,-103.53,-67.97,-31.71
2.5143,0.8037,0.1737,0.4446,-103.11,-68.04,-31.85
2.5157,0.8111,0.1757,0.4402,-102.34,-67.48,-32.76
2.5171,0.8145,0.1762,0.4421,-102.13,-67.62,-32.83
2.5186,0.8130,0.1771,0.4412,-101.43,-67.27,-33.32
2.5200,0.8159,0.1762,0.4382,-101.01,-67.76,-33.88
2.5214,0.8135,0.1728,0.4377,-100.52,-67.13,-34.16
2.5229,0.8125,0.1728,0.4324,-99.54,-67.13,-35.14
2.5243,0.8120,0.1742,0.4319,-99.68,-66.43,-35.00
2.5257,0.8120,0.1708,0.4358,-98.84,-66.64,-35.70
2.5271,0.8145,0.1688,0.4314,-98.35,-66.50,-35.84
2.5286,0.8169,0.1679,0.4246,-97.72,-66.57,-36.68
2.5300,0.8164,0.1659,0.4236,-97.51,-66.01,-36.89
2.5314,0.8125,0.1654,0.4246,-96.53,-66.01,-37.59
2.5329,0.8135,0.1610,0.4207,-96.11,-65.80,-37.87
2.5343,0.8150,0.1620,0.4148,-95.69,-65.94,-38.08
2.5357,0.8120,0.1576,0.4172,-94.78,-65.31,-38.92
2.5371,0.8159,0.1601,0.4153,-94.43,-65.52,-39.55
2.5386,0.8135,0.1610,0.4124,-93.59,-65.31,-39.97
2.5400,0.8159,0.1571,0.4094,-93.66,-65.31,-40.81
2.5403,0.8164,0.1562,0.4104,-92.68,-65.24,-40.74
2.5405,0.8169,0.1532,0.4109,-92.12,-65.10,-41.65
2.5408,0.8203,0.1503,0.4080,-91.77,-64.54,-41.37
2.5411,0.8194,0.1493,0.4055,-91.42,-64.82,-42.49
2.5413,0.8189,0.1503,0.4021,-90.86,-64.75,-42.77
2.5416,0.8184,0.1498,0.4006,-90.16,-64.82,-43.26
2.5419,0.8179,0.1459,0.3997,-90.16,-64.68,-43.47
2.5422,0.8228,0.1454,0.3982,-89.60,-64.61,-44.03
2.5424,0.8223,0.1430,0.3958,-89.04,-64.61,-44.66
2.5427,0.8242,0.1425,0.3938,-88.69,-64.26,-44.80
2.5430,0.8276,0.1415,0.3924,-88.27,-64.05,-45.22
2.5432,0.8281,0.1342,0.3943,-87.92,-64.12,-45.50
2.5435,0.8286,0.1303,0.3953,-87.29,-64.40,-46.27
2.5438,0.8286,0.1322,0.3884,-87.01,-63.77,-45.78
2.5440,0.8272,0.1327,0.3831,-86.31,-64.47,-47.25
2.5443,0.8335,0.1298,0.3831,-85.05,-63.63,-47.11
2.5446,0.8355,0.1327,0.3802,-85.33,-64.12,-47.67
2.5448,0.8350,0.1342,0.3826,-84.70,-63.63,-48.16
2.5451,0.8369,0.1298,0.3836,-84.49,-63.98,-48.23
2.5454,0.8403,0.1318,0.3826,-84.42,-63.63,-48.37
2.5454,0.8428,0.1303,0.3792,-83.51,-63.63,-49.00
2.5455,0.8428,0.1225,0.3753,-83.30,-63.77,-48.86
2.5455,0.8413,0.1225,0.3743,-82.88,-63.28,-49.56
2.5456,0.8403,0.1235,0.3694,-83.23,-63.35,-49.56
2.5456,0.8452,0.1210,0.3675,-82.04,-63.63,-49.84
2.5456,0.8511,0.1186,0.3670,-82.11,-63.56,-50.19
2.5457,0.8525,0.1127,0.3645,-81.76,-63.21,-50.61
2.5457,0.8491,0.1083,0.3655,-81.34,-63.84,-50.96
2.5458,0.8511,0.1044,0.3665,-81.27,-62.86,-51.03
2.5458,0.8535,0.1054,0.3660,-80.71,-63.63,-51.45
2.5459,0.8520,0.1059,0.3626,-80.92,-63.42,-51.73
2.5459,0.8520,0.1000,0.3621,-80.29,-63.35,-51.73
2.5460,0.8496,0.0947,0.3601,-80.22,-63.35,-52.29
2.5460,0.8496,0.0883,0.3611,-79.52,-63.42,-52.22
2.5460,0.8550,0.0830,0.3621,-80.08,-63.35,-53.13
2.5461,0.8579,0.0781,0.3543,-79.59,-63.49,-52.99
2.5461,0.8579,0.0747,0.3538,-79.52,-63.42,-53.48
2.5462,0.8633,0.0717,0.3509,-79.03,-63.35,-53.27
2.5462,0.8652,0.0649,0.3509,-79.17,-63.91,-53.97
2.5463,0.8662,0.0586,0.3582,-79.03,-62.72,-53.55
2.5467,0.8691,0.0581,0.3562,-78.75,-63.98,-54.88
2.5471,0.8721,0.0547,0.3548,-78.75,-63.42,-54.11
2.5476,0.8740,0.0542,0.3543,-78.54,-63.63,-55.09
2.5480,0.8721,0.0532,0.3528,-78.40,-63.70,-54.88
2.5485,0.8779,0.0454,0.3509,-78.40,-63.77,-55.51
2.5489,0.8823,0.0415,0.3518,-78.12,-63.56,-55.58
2.5493,0.8828,0.0371,0.3504,-78.47,-63.70,-55.79
2.5498,0.8838,0.0332,0.3484,-78.05,-64.12,-56.14
2.5502,0.8838,0.0327,0.3509,-78.68,-63.91,-56.14
2.5506,0.8896,0.0317,0.3484,-78.12,-64.26,-56.70
2.5511,0.8960,0.0268,0.3475,-78.61,-63.98,-56.77
2.5515,0.8969,0.0210,0.3460,-78.33,-64.61,-57.26
2.5520,0.8979,0.0181,0.3431,-78.47,-64.05,-57.12
2.5524,0.8965,0.0127,0.3455,-78.19,-64.68,-57.47
2.5528,0.8984,0.0112,0.3460,-78.75,-64.47,-57.96
2.5533,0.9057,0.0107,0.3484,-78.40,-64.68,-57.47
2.5537,0.9101,0.0088,0.3494,-79.38,-64.89,-58.59
2.5541,0.9091,0.0059,0.3455,-78.75,-64.75,-57.61
2.5546,0.9067,0.0000,0.3431,-78.61,-64.96,-58.59
2.5550,0.9101,-0.0024,0.3440,-79.31,-65.03,-57.75
2.5555,0.9126,-0.0049,0.3440,-78.82,-65.52,-58.80
2.5561,0.9160,-0.0049,0.3431,-79.73,-65.45,-58.24
2.5566,0.9155,-0.0059,0.3426,-79.17,-65.24,-58.94
2.5571,0.9145,-0.0088,0.3392,-79.66,-66.08,-58.80
2.5577,0.9199,-0.0122,0.3357,-79.45,-65.52,-58.31
2.5582,0.9223,-0.0156,0.3343,-79.80,-66.15,-58.94
2.5587,0.9228,-0.0181,0.3353,-79.80,-65.59,-58.66
2.5592,0.9218,-0.0215,0.3392,-80.08,-66.43,-59.08
2.5598,0.9243,-0.0239,0.3411,-80.29,-66.01,-58.59
2.5603,0.9306,-0.0278,0.3392,-80.57,-66.36,-58.59
2.5608,0.9326,-0.0312,0.3387,-80.57,-66.50,-58.73
2.5613,0.9306,-0.0317,0.3382,-80.85,-67.41,-58.73
2.5619,0.9326,-0.0342,0.3362,-80.92,-66.57,-58.52
2.5624,0.9340,-0.0381,0.3338,-81.55,-67.69,-58.94
2.5629,0.9384,-0.0420,0.3343,-81.83,-66.71,-58.10
2.5634,0.9443,-0.0425,0.3343,-81.69,-67.90,-58.73
2.5640,0.9448,-0.0429,0.3309,-81.62,-67.27,-57.89
2.5645,0.9438,-0.0464,0.3314,-82.25,-67.97,-58.38
2.5650,0.9448,-0.0498,0.3353,-82.18,-67.83,-57.75
2.5656,0.9482,-0.0483,0.3357,-82.81,-67.97,-57.96
2.5662,0.9467,-0.0527,0.3357,-82.53,-68.32,-57.75
2.5668,0.9438,-0.0581,0.3392,-83.44,-68.32,-57.54
2.5675,0.9492,-0.0576,0.3406,-83.30,-68.18,-57.54
2.5681,0.9540,-0.0595,0.3382,-83.79,-68.74,-57.19
2.5687,0.9511,-0.0595,0.3353,-83.86,-68.67,-57.12
2.5693,0.9506,-0.0590,0.3338,-84.28,-69.44,-57.33
2.5700,0.9506,-0.0600,0.3323,-84.56,-69.02,-56.84
2.5706,0.9506,-0.0610,0.3323,-84.42,-69.44,-56.42
2.5712,0.9511,-0.0625,0.3348,-85.19,-69.16,-56.42
2.5719,0.9496,-0.0659,0.3328,-85.05,-69.65,-55.86
2.5725,0.9472,-0.0673,0.3323,-85.96,-70.14,-56.42
2.5731,0.9501,-0.0683,0.3367,-85.19,-69.79,-55.30
2.5738,0.9511,-0.0698,0.3362,-86.52,-70.07,-55.79
2.5744,0.9516,-0.0708,0.3348,-86.24,-70.35,-55.16
2.5750,0.9521,-0.0722,0.3348,-87.29,-70.35,-55.51
2.5757,0.9526,-0.0712,0.3338,-86.52,-70.35,-54.74
2.5763,0.9555,-0.0693,0.3333,-87.57,-71.12,-55.30
2.5769,0.9560,-0.0669,0.3338,-87.71,-70.91,-54.53
2.5776,0.9550,-0.0683,0.3348,-88.27,-71.47,-54.88
2.5782,0.9555,-0.0688,0.3333,-88.20,-71.12,-53.97
2.5788,0.9565,-0.0634,0.3353,-88.62,-71.82,-54.67
2.5793,0.9545,-0.0664,0.3377,-88.27,-71.96,-54.04
2.5799,0.9565,-0.0659,0.3367,-89.04,-71.54,-54.18
2.5805,0.9579,-0.0610,0.3367,-89.25,-71.96,-53.69
2.5811,0.9609,-0.0620,0.3343,-89.32,-72.24,-53.97
2.5816,0.9623,-0.0639,0.3328,-89.95,-72.38,-53.20
2.5822,0.9618,-0.0669,0.3362,-90.09,-72.52,-53.55
2.5828,0.9633,-0.0644,0.3382,-90.37,-72.87,-53.41
2.5833,0.9623,-0.0634,0.3367,-90.44,-72.45,-52.99
2.5839,0.9628,-0.0698,0.3367,-90.79,-73.85,-53.48
2.5845,0.9658,-0.0703,0.3333,-91.14,-73.15,-52.71
2.5850,0.9672,-0.0693,0.3343,-91.42,-73.50,-53.41
2.5856,0.9701,-0.0673,0.3357,-91.35,-73.57,-52.22
2.5862,0.9731,-0.0620,0.3328,-91.70,-73.78,-53.06
2.5868,0.9716,-0.0639,0.3343,-91.91,-73.64,-52.01
2.5873,0.9697,-0.0664,0.3343,-92.54,-74.06,-53.13
2.5879,0.9701,-0.0664,0.3338,-92.12,-74.55,-51.66
2.5885,0.9731,-0.0620,0.3343,-92.82,-74.83,-52.78
2.5890,0.9745,-0.0551,0.3362,-92.54,-74.90,-51.59
2.5896,0.9740,-0.0532,0.3362,-93.38,-74.97,-52.57
2.5902,0.9760,-0.0566,0.3348,-93.17,-75.25,-51.52
2.5907,0.9780,-0.0590,0.3357,-93.59,-75.60,-52.08
2.5913,0.9789,-0.0566,0.3343,-93.31,-75.46,-50.89
2.5919,0.9799,-0.0561,0.3338,-94.01,-76.02,-52.22
2.5924,0.9804,-0.0576,0.3338,-93.87,-76.44,-51.24
2.5930,0.9780,-0.0537,0.3333,-94.29,-76.02,-51.45
2.5936,0.9828,-0.0488,0.3362,-94.01,-77.14,-51.38
2.5941,0.9882,-0.0459,0.3338,-94.71,-76.44,-51.03
2.5947,0.9867,-0.0415,0.3323,-94.22,-77.49,-51.31
2.5953,0.9853,-0.0376,0.3362,-94.36,-76.79,-50.05
2.5958,0.9862,-0.0400,0.3343,-94.92,-78.05,-51.45
2.5964,0.9882,-0.0371,0.3314,-94.50,-77.49,-50.26
2.5970,0.9823,-0.0317,0.3328,-94.92,-77.98,-50.61
2.5975,0.9814,-0.0312,0.3309,-95.06,-78.40,-50.33
2.5981,0.9887,-0.0322,0.3289,-95.13,-78.05,-50.54
2.5987,0.9897,-0.0337,0.3304,-95.06,-78.82,-50.05
2.5992,0.9926,-0.0337,0.3309,-95.20,-78.89,-50.47
2.5998,0.9960,-0.0361,0.3284,-95.34,-79.45,-49.84
2.6004,0.9916,-0.0361,0.3265,-95.69,-78.82,-50.40
2.6009,0.9906,-0.0342,0.3265,-95.20,-80.01,-50.12
2.6015,0.9960,-0.0337,0.3255,-95.83,-79.52,-49.91
2.6021,0.9984,-0.0307,0.3245,-95.41,-80.43,-50.54
2.6026,0.9989,-0.0293,0.3250,-95.76,-79.59,-49.49
2.6032,0.9980,-0.0293,0.3294,-95.76,-80.92,-50.54
2.6037,0.9965,-0.0312,0.3299,-96.11,-80.08,-49.14
2.6043,0.9965,-0.0337,0.3274,-96.04,-81.06,-50.54
2.6049,0.9975,-0.0312,0.3304,-96.11,-81.06,-49.49
2.6054,0.9994,-0.0293,0.3274,-95.97,-81.48,-50.82
2.6060,0.9999,-0.0298,0.3201,-96.18,-81.62,-49.49
2.6066,0.9970,-0.0283,0.3206,-96.18,-81.41,-50.47
2.6071,0.9931,-0.0293,0.3245,-96.46,-81.48,-49.70
2.6077,0.9945,-0.0317,0.3299,-96.11,-81.90,-50.47
2.6082,0.9960,-0.0332,0.3333,-96.18,-82.53,-50.19
2.6088,0.9941,-0.0322,0.3323,-96.67,-82.32,-50.89
2.6094,0.9911,-0.0298,0.3299,-96.53,-82.88,-50.40
2.6099,0.9906,-0.0293,0.3289,-96.67,-82.67,-50.82
2.6105,0.9906,-0.0273,0.3304,-96.67,-83.02,-51.17
2.6111,0.9867,-0.0288,0.3318,-96.95,-83.02,-51.17
2.6116,0.9877,-0.0317,0.3367,-96.81,-83.58,-51.66
2.6122,0.9897,-0.0317,0.3406,-96.95,-83.23,-51.24
2.6137,0.9853,-0.0312,0.3382,-96.95,-83.58,-51.80
2.6153,0.9809,-0.0307,0.3333,-97.09,-83.79,-52.15
2.6169,0.9804,-0.0322,0.3314,-96.88,-83.93,-52.15
2.6184,0.9794,-0.0332,0.3328,-97.02,-84.21,-52.36
2.6200,0.9780,-0.0337,0.3338,-97.58,-84.07,-52.43
2.6216,0.9770,-0.0337,0.3343,-97.02,-84.28,-52.85
2.6231,0.9716,-0.0337,0.3348,-97.37,-84.28,-53.20
2.6247,0.9726,-0.0351,0.3392,-97.65,-84.21,-53.27
2.6263,0.9716,-0.0332,0.3406,-97.23,-84.63,-53.55
2.6278,0.9716,-0.0342,0.3377,-97.16,-83.93,-53.76
2.6294,0.9731,-0.0361,0.3362,-97.65,-84.91,-53.97
2.6310,0.9682,-0.0337,0.3323,-97.30,-84.56,-54.25
2.6325,0.9648,-0.0312,0.3294,-97.37,-84.98,-54.67
2.6341,0.9662,-0.0312,0.3338,-97.86,-84.14,-54.18
2.6357,0.9672,-0.0288,0.3348,-97.44,-84.98,-55.02
2.6372,0.9682,-0.0259,0.3304,-97.30,-84.28,-54.39
2.6388,0.9667,-0.0268,0.3314,-97.79,-85.05,-55.23
2.6404,0.9633,-0.0264,0.3284,-97.37,-84.14,-54.67
2.6419,0.9594,-0.0259,0.3250,-97.93,-84.42,-55.09
2.6435,0.9604,-0.0288,0.3270,-96.95,-84.35,-55.16
2.6436,0.9575,-0.0273,0.3274,-97.79,-84.42,-55.30
2.6436,0.9550,-0.0254,0.3255,-97.02,-84.35,-55.23
2.6437,0.9589,-0.0239,0.3255,-97.72,-84.35,-55.30
2.6438,0.9599,-0.0200,0.3245,-97.30,-84.63,-55.37
2.6438,0.9536,-0.0278,0.3235,-97.65,-83.79,-55.23
2.6439,0.9550,-0.0210,0.3245,-97.58,-83.58,-55.09
2.6440,0.9614,-0.0176,0.3206,-97.09,-84.35,-55.58
2.6440,0.9638,-0.0205,0.3182,-97.30,-83.23,-54.88
2.6441,0.9618,-0.0200,0.3182,-97.37,-84.28,-55.79
2.6442,0.9589,-0.0205,0.3206,-97.09,-82.81,-54.74
2.6443,0.9570,-0.0205,0.3187,-97.30,-83.79,-55.44
2.6443,0.9589,-0.0220,0.3138,-96.60,-82.53,-54.53
2.6444,0.9594,-0.0220,0.3143,-97.16,-83.51,-55.09
2.6445,0.9579,-0.0185,0.3152,-96.39,-82.81,-54.25
2.6445,0.9579,-0.0210,0.3182,-97.16,-83.44,-55.37
2.6446,0.9623,-0.0229,0.3201,-96.11,-82.25,-54.39
2.6447,0.9682,-0.0244,0.3162,-97.23,-82.53,-54.95
2.6447,0.9682,-0.0249,0.3133,-96.18,-82.53,-54.39
2.6448,0.9658,-0.0249,0.3182,-96.67,-82.46,-54.60
2.6449,0.9648,-0.0264,0.3206,-95.97,-82.25,-53.97
2.6449,0.9658,-0.0254,0.3118,-96.74,-81.76,-53.90
2.6450,0.9692,-0.0210,0.3079,-96.11,-82.74,-54.39
2.6450,0.9701,-0.0205,0.3109,-96.18,-81.27,-53.55
2.6450,0.9716,-0.0215,0.3138,-96.04,-82.46,-54.11
2.6451,0.9731,-0.0210,0.3123,-95.55,-80.43,-52.85
2.6451,0.9716,-0.0200,0.3099,-96.25,-82.11,-53.76
2.6452,0.9721,-0.0195,0.3104,-95.48,-80.57,-53.06
2.6452,0.9736,-0.0176,0.3113,-96.11,-81.97,-53.55
2.6452,0.9740,-0.0122,0.3148,-95.13,-80.22,-52.57
2.6453,0.9765,-0.0122,0.3182,-96.18,-81.48,-53.41
2.6453,0.9784,-0.0142,0.3196,-94.92,-80.43,-52.29
2.6453,0.9794,-0.0127,0.3177,-95.90,-80.92,-53.34
2.6454,0.9784,-0.0107,0.3133,-94.92,-79.94,-52.29
2.6454,0.9780,-0.0107,0.3143,-95.27,-80.36,-53.06
2.6455,0.9809,-0.0117,0.3192,-94.71,-79.94,-51.94
2.6455,0.9828,-0.0127,0.3235,-95.13,-79.87,-53.06
2.6455,0.9823,-0.0117,0.3206,-94.85,-80.01,-52.22
2.6456,0.9833,-0.0127,0.3196,-94.85,-79.31,-52.85
2.6456,0.9843,-0.0142,0.3211,-94.57,-79.45,-52.08
2.6456,0.9862,-0.0171,0.3177,-94.22,-79.87,-53.27
2.6462,0.9877,-0.0200,0.3162,-94.57,-79.38,-52.64
2.6468,0.9877,-0.0181,0.3162,-94.43,-78.89,-53.13
2.6474,0.9902,-0.0185,0.3182,-94.29,-78.89,-52.43
2.6479,0.9941,-0.0200,0.3192,-94.50,-78.89,-53.20
2.6485,0.9936,-0.0215,0.3187,-94.22,-78.47,-52.78
2.6491,0.9921,-0.0215,0.3187,-94.43,-78.05,-52.99
2.6497,0.9916,-0.0200,0.3206,-94.36,-78.61,-53.41
2.6503,0.9921,-0.0200,0.3221,-94.08,-78.68,-53.55
2.6508,0.9945,-0.0215,0.3177,-94.22,-77.84,-53.97
2.6514,0.9965,-0.0215,0.3143,-94.22,-77.70,-53.34
2.6520,0.9936,-0.0210,0.3167,-93.87,-78.12,-54.67
2.6526,0.9926,-0.0239,0.3206,-93.80,-77.28,-53.27
2.6531,0.9965,-0.0298,0.3221,-94.08,-78.12,-55.16
2.6537,0.9994,-0.0283,0.3206,-93.73,-77.14,-54.11
2.6543,0.9960,-0.0273,0.3177,-94.29,-77.14,-55.51
2.6549,0.9945,-0.0293,0.3162,-93.52,-76.86,-54.81
2.6554,0.9950,-0.0303,0.3172,-94.15,-77.42,-56.00
2.6560,0.9926,-0.0342,0.3201,-93.66,-76.23,-55.09
2.6566,0.9902,-0.0337,0.3182,-94.22,-76.51,-56.56
2.6572,0.9921,-0.0293,0.3157,-93.80,-76.51,-55.93
2.6583,0.9926,-0.0307,0.3211,-94.08,-76.37,-56.77
2.6594,0.9872,-0.0293,0.3157,-93.66,-76.23,-56.70
2.6606,0.9936,-0.0293,0.3172,-93.73,-75.81,-57.12
2.6617,0.9955,-0.0278,0.3172,-94.08,-75.39,-57.47
2.6628,0.9926,-0.0254,0.3138,-93.73,-75.32,-57.47
2.6639,0.9897,-0.0200,0.3152,-93.94,-75.04,-58.03
2.6651,0.9902,-0.0185,0.3157,-93.80,-75.11,-58.10
2.6662,0.9936,-0.0190,0.3118,-93.59,-74.48,-58.03
2.6673,0.9965,-0.0171,0.3138,-93.59,-74.69,-58.94
2.6685,1.0009,-0.0195,0.3157,-93.31,-74.41,-58.17
2.6696,1.0043,-0.0210,0.3138,-93.66,-74.48,-59.36
2.6707,1.0058,-0.0176,0.3138,-93.38,-73.92,-58.45
2.6719,1.0058,-0.0176,0.3118,-93.73,-74.13,-59.92
2.6730,1.0053,-0.0166,0.3089,-92.96,-73.50,-58.80
2.6741,1.0077,-0.0117,0.3104,-93.66,-73.29,-60.06
2.6752,1.0053,-0.0107,0.3128,-93.03,-73.22,-59.01
2.6764,1.0033,-0.0127,0.3133,-93.45,-73.36,-60.34
2.6775,1.0063,-0.0088,0.3113,-92.61,-72.73,-59.57
2.6786,1.0102,-0.0078,0.3094,-93.45,-72.80,-60.48
2.6798,1.0077,-0.0088,0.3123,-92.68,-72.10,-60.34
2.6803,1.0087,-0.0142,0.3123,-92.61,-71.75,-60.62
2.6809,1.0126,-0.0176,0.3138,-92.75,-72.45,-60.34
2.6815,1.0126,-0.0195,0.3162,-92.54,-71.12,-60.97
2.6820,1.0126,-0.0171,0.3123,-92.61,-71.68,-60.90
2.6826,1.0150,-0.0117,0.3113,-92.33,-70.70,-60.90
2.6832,1.0185,-0.0127,0.3152,-92.47,-71.54,-61.53
2.6837,1.0189,-0.0137,0.3162,-92.26,-70.77,-61.67
2.6843,1.0204,-0.0137,0.3167,-92.33,-71.05,-61.53
2.6849,1.0219,-0.0127,0.3133,-92.12,-70.28,-61.95
2.6854,1.0214,-0.0142,0.3094,-92.19,-70.63,-61.81
2.6860,1.0243,-0.0181,0.3074,-91.98,-70.35,-62.44
2.6866,1.0282,-0.0205,0.3118,-91.49,-70.07,-62.37
2.6871,1.0307,-0.0190,0.3148,-92.05,-69.79,-62.51
2.6877,1.0292,-0.0176,0.3148,-91.28,-69.37,-62.72
2.6882,1.0297,-0.0190,0.3152,-91.77,-69.93,-63.63
2.6888,1.0331,-0.0185,0.3128,-91.21,-68.81,-62.86
2.6894,1.0336,-0.0166,0.3152,-91.56,-69.51,-63.98
2.6899,1.0321,-0.0185,0.3172,-90.86,-68.53,-63.70
2.6905,1.0326,-0.0200,0.3211,-91.49,-68.95,-64.26
2.6911,1.0385,-0.0229,0.3157,-91.14,-68.67,-64.89
2.6916,1.0341,-0.0107,0.3196,-90.30,-67.83,-65.03
2.6922,1.0355,-0.0117,0.3274,-90.37,-67.83,-65.31
2.6927,1.0307,-0.0112,0.3260,-90.02,-67.41,-65.73
2.6932,1.0297,-0.0137,0.3265,-90.09,-67.48,-66.15
2.6938,1.0277,-0.0107,0.3265,-89.60,-66.99,-66.08
2.6943,1.0263,-0.0049,0.3226,-89.67,-67.27,-66.64
2.6948,1.0292,-0.0049,0.3201,-89.25,-66.43,-66.22
2.6954,1.0297,-0.0078,0.3192,-88.97,-66.78,-67.27
2.6959,1.0302,-0.0107,0.3211,-88.55,-66.22,-66.64
2.6965,1.0316,-0.0073,0.3187,-89.04,-66.36,-67.48
2.6970,1.0326,-0.0049,0.3162,-88.13,-65.94,-67.20
2.6975,1.0355,-0.0098,0.3196,-88.41,-65.87,-67.90
2.6981,1.0346,-0.0102,0.3177,-87.71,-65.52,-67.41
2.6986,1.0292,-0.0049,0.3157,-87.71,-65.31,-67.90
2.6992,1.0336,-0.0010,0.3192,-87.50,-65.31,-67.90
2.6997,1.0385,0.0005,0.3192,-87.08,-65.24,-68.18
2.7002,1.0380,-0.0029,0.3143,-86.66,-64.54,-68.04
2.7008,1.0438,-0.0029,0.3148,-86.66,-64.68,-68.11
2.7013,1.0448,0.0005,0.3148,-85.82,-64.26,-68.32
2.7018,1.0453,-0.0020,0.3133,-86.31,-64.75,-68.25
2.7025,1.0551,-0.0044,0.3143,-85.33,-63.49,-68.18
2.7031,1.0575,-0.0034,0.3157,-85.40,-64.40,-68.46
2.7037,1.0570,-0.0054,0.3148,-84.91,-63.56,-68.25
2.7043,1.0590,-0.0054,0.3143,-84.77,-63.98,-68.67
2.7049,1.0599,-0.0020,0.3167,-84.07,-63.14,-67.62
2.7055,1.0624,-0.0029,0.3143,-84.07,-63.98,-68.60
2.7061,1.0658,-0.0063,0.3104,-83.44,-62.86,-67.69
2.7067,1.0673,-0.0088,0.3113,-83.37,-63.42,-68.25
2.7073,1.0658,-0.0098,0.3128,-83.16,-62.93,-67.83
2.7079,1.0653,-0.0102,0.3128,-82.74,-62.93,-67.97
2.7085,1.0697,-0.0117,0.3113,-82.39,-62.79,-67.90
2.7091,1.0760,-0.0127,0.3074,-82.04,-62.79,-67.55
2.7097,1.0795,-0.0142,0.3109,-82.04,-62.58,-67.55
2.7103,1.0809,-0.0171,0.3109,-80.99,-62.23,-67.13
2.7109,1.0838,-0.0195,0.3138,-81.41,-63.00,-68.11
2.7115,1.0868,-0.0229,0.3138,-80.57,-62.16,-66.57
2.7121,1.0882,-0.0224,0.3094,-80.64,-62.58,-67.90
2.7127,1.0868,-0.0210,0.3094,-79.59,-61.39,-66.22
2.7133,1.0868,-0.0273,0.3094,-80.08,-62.65,-67.76
2.7139,1.0892,-0.0288,0.3118,-78.96,-61.60,-65.87
2.7156,1.0946,-0.0283,0.3128,-79.52,-62.30,-67.62
2.7172,1.1014,-0.0322,0.3079,-78.40,-61.39,-65.87
2.7188,1.0990,-0.0342,0.3099,-78.68,-61.60,-66.99
2.7205,1.0980,-0.0366,0.3157,-77.91,-61.39,-65.80
2.7221,1.1014,-0.0405,0.3152,-77.84,-61.39,-66.01
2.7238,1.1063,-0.0410,0.3123,-77.49,-61.60,-65.94
2.7254,1.1053,-0.0395,0.3128,-77.21,-61.60,-65.66
2.7270,1.1029,-0.0425,0.3128,-76.93,-61.46,-66.22
2.7287,1.1092,-0.0454,0.3128,-76.51,-61.25,-65.17
2.7303,1.1122,-0.0478,0.3128,-76.58,-61.53,-66.08
2.7319,1.1136,-0.0512,0.3152,-75.88,-60.97,-64.47
2.7336,1.1126,-0.0556,0.3192,-75.67,-61.67,-66.01
2.7352,1.1126,-0.0600,0.3157,-75.32,-60.76,-64.40
2.7368,1.1175,-0.0630,0.3167,-75.32,-61.60,-65.80
2.7385,1.1219,-0.0649,0.3123,-74.97,-61.11,-65.24
2.7401,1.1244,-0.0673,0.3128,-74.06,-61.25,-64.12
2.7418,1.1229,-0.0669,0.3104,-74.55,-61.39,-64.89
2.7434,1.1283,-0.0639,0.3094,-73.43,-60.90,-64.05
2.7450,1.1278,-0.0639,0.3089,-74.27,-60.97,-64.33
2.7467,1.1268,-0.0664,0.3109,-72.94,-61.39,-64.19
2.7467,1.1283,-0.0654,0.3109,-73.78,-60.90,-64.05
2.7468,1.1312,-0.0625,0.3065,-72.66,-61.11,-64.05
2.7468,1.1341,-0.0659,0.3079,-72.73,-60.76,-63.42
2.7469,1.1317,-0.0708,0.3094,-72.31,-61.53,-63.77
2.7470,1.1356,-0.0703,0.3074,-72.45,-61.04,-63.42
2.7470,1.1395,-0.0727,0.3035,-72.03,-61.18,-63.91
2.7471,1.1375,-0.0737,0.3021,-71.82,-60.97,-63.35
2.7471,1.1400,-0.0708,0.3045,-71.96,-60.83,-63.49
2.7472,1.1405,-0.0703,0.3050,-71.05,-61.25,-63.07
2.7473,1.1390,-0.0756,0.3035,-71.40,-61.11,-63.49
2.7473,1.1444,-0.0781,0.3035,-70.84,-60.97,-62.44
2.7474,1.1463,-0.0771,0.3050,-70.98,-61.32,-63.35
2.7474,1.1458,-0.0776,0.3055,-70.21,-61.39,-62.79
2.7475,1.1492,-0.0756,0.3035,-69.93,-61.46,-62.37
2.7476,1.1448,-0.0791,0.3060,-69.93,-61.60,-62.79
2.7476,1.1483,-0.0761,0.3109,-69.58,-61.53,-62.02
2.7477,1.1556,-0.0732,0.3113,-69.58,-61.32,-62.58
2.7477,1.1570,-0.0742,0.3099,-69.37,-61.53,-61.88
2.7478,1.1556,-0.0722,0.3074,-69.09,-61.39,-62.30
2.7479,1.1556,-0.0712,0.3060,-68.74,-61.53,-61.81
2.7479,1.1541,-0.0703,0.3094,-68.88,-61.53,-61.88
2.7480,1.1570,-0.0708,0.3123,-68.53,-61.95,-61.60
2.7480,1.1624,-0.0722,0.3094,-68.32,-61.60,-61.53
2.7481,1.1619,-0.0742,0.3089,-68.18,-61.95,-61.81
2.7481,1.1624,-0.0747,0.3079,-67.62,-61.53,-60.97
2.7482,1.1605,-0.0727,0.3055,-67.69,-61.81,-61.46
2.7482,1.1590,-0.0732,0.3060,-67.20,-61.81,-60.13
2.7483,1.1605,-0.0722,0.3104,-67.55,-61.95,-61.25
2.7483,1.1644,-0.0698,0.3128,-66.78,-61.88,-59.64
2.7484,1.1678,-0.0654,0.3109,-66.92,-62.23,-60.62
2.7484,1.1644,-0.0620,0.3084,-66.22,-61.60,-59.36
2.7484,1.1663,-0.0639,0.3089,-66.64,-62.09,-60.27
2.7485,1.1717,-0.0664,0.3079,-65.94,-61.74,-59.29
2.7485,1.1688,-0.0639,0.3070,-66.15,-62.09,-59.78
2.7486,1.1634,-0.0634,0.3109,-65.66,-62.16,-58.94
2.7486,1.1668,-0.0659,0.3133,-65.52,-62.23,-58.73
2.7487,1.1722,-0.0630,0.3118,-65.24,-62.51,-59.22
2.7487,1.1678,-0.0630,0.3109,-65.31,-62.16,-58.52
2.7488,1.1629,-0.0644,0.3099,-65.03,-62.51,-58.94
2.7488,1.1634,-0.0620,0.3089,-64.82,-62.02,-58.10
2.7493,1.1653,-0.0634,0.3109,-64.68,-62.51,-58.66
2.7497,1.1629,-0.0649,0.3128,-64.19,-62.72,-57.68
2.7501,1.1590,-0.0678,0.3211,-64.47,-62.37,-58.03
2.7505,1.1600,-0.0712,0.3250,-63.91,-62.58,-57.33
2.7509,1.1575,-0.0693,0.3182,-64.26,-62.44,-57.68
2.7514,1.1570,-0.0712,0.3206,-63.77,-63.00,-57.33
2.7518,1.1619,-0.0717,0.3250,-64.26,-62.23,-57.40
2.7522,1.1605,-0.0712,0.3250,-63.21,-62.79,-56.84
2.7526,1.1536,-0.0742,0.3260,-63.63,-62.44,-57.47
2.7530,1.1507,-0.0742,0.3245,-63.21,-62.44,-56.21
2.7535,1.1546,-0.0756,0.3265,-62.79,-62.93,-57.40
2.7539,1.1527,-0.0761,0.3284,-63.07,-62.02,-55.93
2.7543,1.1473,-0.0756,0.3299,-62.79,-62.86,-57.05
2.7547,1.1458,-0.0752,0.3338,-62.79,-62.51,-56.00
2.7552,1.1439,-0.0708,0.3343,-62.79,-62.23,-56.70
2.7556,1.1434,-0.0698,0.3348,-62.58,-62.86,-55.44
2.7560,1.1414,-0.0717,0.3348,-62.16,-62.30,-56.28
2.7564,1.1385,-0.0708,0.3338,-62.58,-62.44,-55.65
2.7568,1.1385,-0.0659,0.3323,-61.88,-62.58,-55.86
2.7573,1.1331,-0.0659,0.3343,-62.23,-62.30,-55.44
2.7578,1.1287,-0.0644,0.3323,-61.81,-61.88,-55.02
2.7584,1.1307,-0.0630,0.3314,-61.88,-62.44,-55.86
2.7590,1.1341,-0.0644,0.3362,-61.81,-61.95,-54.53
2.7595,1.1346,-0.0664,0.3353,-61.53,-62.30,-55.23
2.7601,1.1292,-0.0664,0.3343,-61.60,-61.60,-53.83
2.7606,1.1258,-0.0654,0.3348,-61.39,-62.44,-55.23
2.7612,1.1234,-0.0654,0.3348,-60.97,-61.53,-53.48
2.7618,1.1224,-0.0649,0.3333,-61.46,-62.23,-55.09
2.7623,1.1229,-0.0683,0.3357,-60.90,-61.18,-53.06
2.7629,1.1195,-0.0688,0.3392,-61.32,-62.23,-54.74
2.7635,1.1136,-0.0683,0.3377,-60.62,-61.18,-52.99
2.7640,1.1112,-0.0698,0.3372,-61.04,-62.16,-54.18
2.7646,1.1122,-0.0673,0.3382,-60.27,-60.90,-52.43
2.7651,1.1097,-0.0630,0.3401,-60.90,-61.39,-53.69
2.7657,1.1078,-0.0644,0.3416,-60.06,-61.25,-52.29
2.7663,1.1073,-0.0664,0.3421,-60.76,-60.90,-52.71
2.7668,1.1053,-0.0678,0.3392,-60.13,-60.83,-52.08
2.7674,1.1039,-0.0698,0.3406,-60.62,-60.90,-52.36
2.7680,1.0995,-0.0717,0.3411,-60.27,-60.20,-51.80
2.7685,1.0965,-0.0737,0.3416,-60.55,-60.48,-51.80
2.7691,1.0965,-0.0688,0.3440,-59.99,-60.41,-52.29
2.7697,1.0956,-0.0664,0.3421,-60.48,-59.92,-51.31
2.7703,1.0941,-0.0712,0.3450,-59.99,-60.13,-51.66
2.7710,1.0921,-0.0727,0.3475,-59.92,-59.50,-50.47
2.7716,1.0912,-0.0727,0.3431,-60.13,-59.71,-51.66
2.7722,1.0882,-0.0742,0.3421,-59.71,-59.50,-50.68
2.7728,1.0887,-0.0761,0.3465,-60.27,-59.50,-51.38
2.7734,1.0892,-0.0771,0.3465,-59.36,-59.01,-50.05
2.7740,1.0868,-0.0742,0.3460,-60.27,-59.71,-51.52
2.7746,1.0868,-0.0742,0.3445,-59.36,-58.52,-49.77
2.7752,1.0858,-0.0776,0.3445,-60.41,-59.36,-50.89
2.7758,1.0868,-0.0781,0.3431,-59.50,-58.17,-49.49
2.7765,1.0873,-0.0756,0.3484,-60.13,-58.38,-50.75
2.7771,1.0843,-0.0805,0.3465,-59.78,-57.54,-49.35
2.7777,1.0843,-0.0844,0.3445,-59.99,-58.38,-50.33
2.7783,1.0814,-0.0820,0.3484,-59.57,-57.68,-49.35
2.7789,1.0780,-0.0825,0.3489,-59.92,-58.17,-50.26
2.7795,1.0799,-0.0830,0.3499,-59.85,-57.47,-49.00
2.7801,1.0804,-0.0825,0.3548,-59.71,-57.54,-49.98
2.7807,1.0814,-0.0834,0.3533,-59.99,-56.63,-48.65
2.7813,1.0814,-0.0859,0.3509,-59.92,-57.61,-49.35
2.7818,1.0809,-0.0844,0.3548,-59.85,-56.84,-49.00
2.7824,1.0790,-0.0810,0.3572,-59.71,-56.42,-48.65
2.7829,1.0775,-0.0839,0.3567,-59.71,-56.84,-49.00
2.7835,1.0799,-0.0888,0.3577,-59.78,-56.28,-48.37
2.7840,1.0770,-0.0830,0.3606,-60.06,-56.07,-48.30
2.7846,1.0746,-0.0815,0.3592,-59.71,-55.72,-48.09
2.7851,1.0751,-0.0874,0.3592,-59.85,-55.93,-48.44
2.7857,1.0741,-0.0878,0.3621,-59.78,-55.72,-47.74
2.7862,1.0697,-0.0888,0.3606,-59.85,-56.00,-48.09
2.7868,1.0663,-0.0883,0.3587,-60.27,-55.30,-47.74
2.7873,1.0673,-0.0878,0.3562,-60.20,-55.30,-47.74
2.7879,1.0677,-0.0908,0.3567,-60.34,-54.67,-46.97
2.7884,1.0668,-0.0903,0.3626,-59.99,-54.81,-47.46
2.7890,1.0658,-0.0888,0.3655,-60.06,-54.60,-46.90
2.7895,1.0663,-0.0878,0.3650,-60.13,-54.60,-47.25
2.7901,1.0663,-0.0839,0.3640,-59.99,-54.11,-46.41
2.7907,1.0643,-0.0849,0.3650,-60.41,-53.97,-46.48
2.7912,1.0638,-0.0864,0.3636,-59.71,-54.11,-46.27
2.7918,1.0614,-0.0888,0.3655,-60.20,-53.48,-46.06
2.7944,1.0585,-0.0883,0.3650,-60.06,-53.34,-45.71
2.7971,1.0580,-0.0844,0.3640,-60.13,-53.55,-45.78
2.7998,1.0594,-0.0864,0.3665,-60.41,-53.06,-45.01
2.8024,1.0619,-0.0839,0.3650,-60.34,-52.99,-45.43
2.8051,1.0599,-0.0810,0.3665,-59.78,-52.64,-44.80
2.8078,1.0624,-0.0781,0.3670,-60.69,-52.85,-44.94
2.8104,1.0638,-0.0761,0.3689,-60.20,-52.08,-44.17
2.8131,1.0629,-0.0761,0.3723,-60.48,-53.13,-44.87
2.8158,1.0648,-0.0761,0.3723,-59.85,-51.87,-43.61
2.8185,1.0653,-0.0761,0.3723,-60.76,-51.80,-44.10
2.8211,1.0668,-0.0742,0.3694,-59.78,-51.73,-43.61
2.8238,1.0634,-0.0766,0.3675,-60.55,-51.80,-43.54
2.8265,1.0614,-0.0747,0.3714,-59.92,-51.52,-43.05
2.8291,1.0663,-0.0669,0.3714,-60.06,-51.38,-43.33
2.8318,1.0668,-0.0659,0.3680,-60.48,-51.17,-42.84
2.8345,1.0643,-0.0698,0.3680,-60.20,-51.17,-42.84
2.8372,1.0653,-0.0669,0.3684,-60.48,-50.82,-42.28
2.8398,1.0668,-0.0634,0.3684,-59.99,-50.68,-42.56
2.8425,1.0648,-0.0639,0.3660,-59.92,-50.61,-42.21
2.8452,1.0614,-0.0571,0.3680,-59.92,-50.40,-41.65
2.8452,1.0614,-0.0542,0.3728,-59.92,-50.19,-42.14
2.8453,1.0634,-0.0571,0.3719,-59.99,-50.33,-41.44
2.8453,1.0619,-0.0576,0.3728,-59.64,-50.05,-41.72
2.8454,1.0634,-0.0537,0.3723,-59.85,-49.98,-41.37
2.8454,1.0682,-0.0508,0.3719,-59.29,-49.70,-41.30
2.8455,1.0653,-0.0488,0.3621,-59.57,-49.91,-41.44
2.8455,1.0668,-0.0493,0.3650,-59.29,-49.56,-41.09
2.8456,1.0682,-0.0493,0.3670,-59.15,-49.56,-41.16
2.8456,1.0692,-0.0488,0.3694,-59.36,-49.21,-40.81
2.8457,1.0716,-0.0449,0.3699,-59.29,-49.28,-41.30
2.8457,1.0721,-0.0444,0.3670,-58.87,-49.21,-40.60
2.8458,1.0721,-0.0434,0.3675,-59.01,-49.07,-41.23
2.8458,1.0731,-0.0429,0.3709,-58.80,-48.79,-40.81
2.8459,1.0731,-0.0425,0.3709,-58.80,-48.93,-41.02
2.8459,1.0731,-0.0410,0.3684,-58.38,-48.93,-40.88
2.8460,1.0756,-0.0381,0.3699,-58.66,-48.86,-40.88
2.8460,1.0736,-0.0317,0.3699,-58.17,-48.65,-40.88
2.8461,1.0775,-0.0303,0.3670,-58.31,-48.44,-40.95
2.8461,1.0838,-0.0303,0.3670,-57.89,-48.44,-40.74
2.8462,1.0819,-0.0293,0.3670,-57.75,-48.37,-40.67
2.8462,1.0804,-0.0317,0.3660,-57.75,-48.09,-40.74
2.8463,1.0809,-0.0327,0.3660,-57.68,-48.79,-40.88
2.8463,1.0834,-0.0268,0.3660,-57.68,-48.02,-40.60
2.8464,1.0838,-0.0259,0.3650,-57.05,-48.23,-41.09
2.8464,1.0834,-0.0273,0.3670,-57.12,-48.02,-40.74
2.8464,1.0834,-0.0283,0.3699,-56.91,-47.95,-40.53
2.8465,1.0838,-0.0278,0.3699,-56.98,-48.09,-41.02
2.8465,1.0887,-0.0283,0.3650,-56.56,-48.16,-40.74
2.8466,1.0892,-0.0283,0.3621,-56.49,-47.95,-40.74
2.8466,1.0838,-0.0239,0.3650,-56.63,-48.16,-40.81
2.8467,1.0834,-0.0200,0.3680,-56.21,-47.81,-40.95
2.8467,1.0843,-0.0200,0.3689,-56.21,-47.74,-40.32
2.8468,1.0858,-0.0200,0.3694,-55.65,-47.53,-40.81
2.8468,1.0887,-0.0171,0.3709,-55.72,-47.39,-40.32
2.8468,1.0897,-0.0166,0.3709,-55.30,-47.81,-40.88
2.8469,1.0882,-0.0146,0.3689,-55.02,-47.25,-40.25
2.8469,1.0843,-0.0102,0.3684,-55.16,-47.53,-40.60
2.8470,1.0848,-0.0063,0.3689,-54.67,-47.32,-40.60
2.8470,1.0882,-0.0049,0.3699,-54.88,-47.39,-40.39
2.8471,1.0838,-0.0034,0.3704,-53.90,-47.53,-40.46
2.8471,1.0804,-0.0024,0.3704,-54.25,-47.25,-40.53
2.8471,1.0834,-0.0039,0.3733,-53.55,-47.53,-40.88
2.8472,1.0853,-0.0020,0.3709,-53.83,-47.25,-40.32
2.8472,1.0838,-0.0034,0.3680,-53.27,-47.04,-40.74
2.8472,1.0829,-0.0044,0.3694,-53.13,-46.90,-40.11
2.8473,1.0819,-0.0039,0.3699,-52.99,-46.90,-41.09
2.8473,1.0838,-0.0020,0.3684,-52.50,-46.55,-39.97
2.8474,1.0868,-0.0029,0.3675,-52.64,-46.97,-41.09
2.8474,1.0848,-0.0059,0.3670,-51.87,-46.48,-40.32
2.8474,1.0838,-0.0078,0.3665,-52.08,-46.55,-40.74
2.8475,1.0829,-0.0107,0.3694,-51.66,-46.76,-40.60
2.8475,1.0819,-0.0142,0.3714,-51.45,-46.69,-40.60
2.8475,1.0834,-0.0132,0.3699,-51.17,-46.20,-40.11
2.8476,1.0834,-0.0102,0.3709,-51.17,-46.06,-40.39
2.8476,1.0829,-0.0083,0.3753,-50.89,-46.41,-40.32
2.8477,1.0834,-0.0093,0.3748,-50.75,-45.92,-39.83
2.8477,1.0809,-0.0122,0.3743,-50.26,-46.27,-40.67
2.8477,1.0829,-0.0137,0.3762,-50.19,-45.78,-39.83
2.8478,1.0834,-0.0146,0.3767,-49.70,-45.99,-40.39
2.8478,1.0843,-0.0137,0.3762,-49.70,-45.29,-39.55
2.8478,1.0824,-0.0146,0.3758,-49.70,-45.71,-40.74
2.8479,1.0760,-0.0151,0.3758,-49.07,-45.57,-39.55
2.8479,1.0746,-0.0132,0.3792,-49.14,-45.43,-40.53
2.8480,1.0756,-0.0146,0.3787,-48.51,-45.57,-39.55
2.8480,1.0765,-0.0181,0.3821,-49.00,-44.73,-39.90
2.8480,1.0746,-0.0229,0.3870,-47.81,-44.59,-39.13
2.8481,1.0697,-0.0278,0.3797,-48.58,-44.66,-39.62
2.8481,1.0707,-0.0254,0.3772,-47.60,-45.01,-38.92
2.8481,1.0760,-0.0239,0.3787,-47.88,-44.17,-39.20
2.8482,1.0741,-0.0254,0.3777,-46.97,-44.73,-38.78
2.8482,1.0692,-0.0234,0.3758,-47.60,-43.75,-38.71
2.8482,1.0663,-0.0229,0.3792,-46.62,-44.59,-38.64
2.8483,1.0648,-0.0278,0.3841,-47.04,-43.54,-38.08
2.8483,1.0648,-0.0307,0.3860,-46.83,-44.10,-38.29
2.8483,1.0653,-0.0298,0.3865,-46.27,-43.33,-37.45
2.8484,1.0648,-0.0307,0.3821,-46.41,-43.40,-37.94
2.8484,1.0653,-0.0317,0.3806,-45.71,-43.47,-37.10
2.8484,1.0624,-0.0283,0.3806,-46.34,-42.63,-37.38
2.8485,1.0585,-0.0293,0.3821,-45.22,-42.63,-36.40
2.8485,1.0585,-0.0303,0.3811,-45.99,-42.49,-36.96
2.8496,1.0555,-0.0303,0.3816,-44.73,-42.21,-35.70
2.8507,1.0541,-0.0298,0.3758,-45.43,-42.07,-36.61
2.8518,1.0570,-0.0278,0.3758,-44.24,-41.86,-35.21
2.8529,1.0565,-0.0298,0.3792,-45.08,-41.79,-36.19
2.8540,1.0502,-0.0298,0.3806,-43.82,-40.74,-34.37
2.8551,1.0463,-0.0293,0.3767,-44.66,-41.44,-35.42
2.8562,1.0448,-0.0293,0.3758,-43.47,-40.53,-34.02
2.8573,1.0438,-0.0283,0.3792,-44.03,-40.53,-34.58
2.8584,1.0419,-0.0283,0.3811,-43.26,-40.18,-33.60
2.8595,1.0385,-0.0234,0.3787,-43.40,-39.90,-33.53
2.8606,1.0365,-0.0190,0.3748,-43.19,-39.55,-32.83
2.8617,1.0390,-0.0224,0.3762,-42.77,-39.41,-33.11
2.8629,1.0394,-0.0229,0.3797,-42.84,-39.41,-32.55
2.8640,1.0355,-0.0234,0.3792,-42.49,-38.85,-31.85
2.8651,1.0341,-0.0254,0.3777,-42.28,-38.64,-32.55
2.8662,1.0297,-0.0259,0.3772,-41.86,-38.15,-31.22
2.8673,1.0282,-0.0254,0.3762,-42.07,-38.15,-31.99
2.8684,1.0282,-0.0244,0.3782,-41.37,-37.66,-30.38
2.8695,1.0292,-0.0205,0.3792,-41.30,-37.66,-31.36
2.8706,1.0287,-0.0171,0.3772,-40.95,-37.24,-29.96
2.8712,1.0224,-0.0229,0.3738,-40.67,-36.96,-29.61
2.8719,1.0228,-0.0205,0.3743,-40.25,-35.84,-29.75
2.8725,1.0214,-0.0200,0.3758,-40.46,-36.40,-29.54
2.8731,1.0243,-0.0195,0.3738,-40.18,-35.35,-29.40
2.8738,1.0224,-0.0185,0.3709,-40.04,-35.84,-29.19
2.8744,1.0175,-0.0200,0.3743,-39.76,-35.14,-28.84
2.8751,1.0175,-0.0137,0.3748,-39.41,-35.07,-29.05
2.8757,1.0155,-0.0117,0.3714,-39.20,-34.51,-28.49
2.8763,1.0121,-0.0127,0.3719,-38.92,-34.16,-28.49
2.8770,1.0136,-0.0102,0.3709,-38.85,-34.16,-28.21
2.8776,1.0155,-0.0102,0.3719,-38.57,-33.53,-28.21
2.8783,1.0121,-0.0083,0.3719,-38.57,-33.60,-27.93
2.8789,1.0082,-0.0068,0.3699,-38.15,-33.04,-27.86
2.8796,1.0072,-0.0078,0.3733,-38.01,-33.18,-27.58
2.8802,1.0106,-0.0112,0.3738,-37.66,-32.69,-27.86
2.8808,1.0111,-0.0054,0.3699,-37.66,-32.34,-27.23
2.8815,1.0087,-0.0005,0.3704,-37.24,-32.13,-27.72
2.8821,1.0077,-0.0024,0.3689,-37.24,-32.13,-27.02
2.8828,1.0043,0.0000,0.3714,-37.03,-31.43,-27.23
2.8834,1.0043,0.0044,0.3728,-36.47,-31.85,-27.44
2.8839,1.0053,0.0054,0.3694,-36.54,-30.66,-26.67
2.8844,1.0077,0.0068,0.3709,-35.77,-30.45,-26.74
2.8849,1.0077,0.0088,0.3689,-36.12,-30.94,-27.37
2.8854,1.0063,0.0063,0.3645,-35.91,-30.17,-26.88
2.8859,1.0019,0.0078,0.3650,-35.35,-30.24,-27.58
2.8863,0.9989,0.0127,0.3665,-35.28,-29.26,-26.25
2.8868,1.0033,0.0122,0.3655,-35.14,-29.54,-27.65
2.8873,1.0038,0.0107,0.3680,-34.72,-28.98,-27.02
2.8878,0.9994,0.0146,0.3675,-34.58,-29.05,-27.58
2.8883,0.9994,0.0195,0.3665,-34.51,-28.63,-26.95
2.8888,1.0024,0.0224,0.3665,-34.30,-28.21,-27.23
2.8893,1.0019,0.0195,0.3640,-33.88,-28.63,-27.37
2.8898,1.0028,0.0171,0.3636,-33.67,-27.86,-27.30
2.8903,1.0063,0.0171,0.3645,-33.88,-28.07,-27.23
2.8908,1.0092,0.0181,0.3636,-33.11,-27.65,-27.44
2.8913,1.0043,0.0195,0.3611,-32.97,-27.58,-27.51
2.8917,1.0004,0.0215,0.3631,-33.04,-26.81,-27.02
2.8922,1.0053,0.0249,0.3675,-32.34,-27.72,-28.35
2.8927,1.0004,0.0268,0.3680,-32.48,-26.95,-27.16
2.8932,0.9970,0.0278,0.3650,-32.34,-26.67,-28.21
2.8938,1.0033,0.0249,0.3626,-31.78,-26.67,-27.30
2.8944,1.0009,0.0234,0.3616,-31.57,-26.11,-28.21
2.8949,0.9980,0.0239,0.3631,-31.29,-26.32,-27.65
2.8955,1.0014,0.0249,0.3636,-31.50,-25.62,-28.14
2.8961,0.9994,0.0273,0.3645,-30.94,-26.11,-28.14
2.8966,0.9980,0.0298,0.3680,-30.80,-25.20,-28.07
2.8972,0.9960,0.0312,0.3655,-30.24,-25.62,-28.00
2.8978,0.9950,0.0298,0.3636,-30.31,-24.71,-28.42
2.8984,0.9950,0.0278,0.3606,-30.03,-25.76,-28.56
2.8989,0.9916,0.0278,0.3631,-30.17,-24.43,-27.86
2.8995,0.9906,0.0312,0.3645,-29.26,-25.27,-28.63
2.9001,0.9902,0.0332,0.3616,-29.47,-24.15,-28.21
2.9006,0.9945,0.0332,0.3640,-28.84,-24.64,-28.70
2.9012,0.9970,0.0361,0.3640,-28.91,-23.73,-27.93
2.9018,0.9936,0.0395,0.3631,-28.91,-23.94,-28.91
2.9024,0.9926,0.0400,0.3631,-28.00,-23.59,-27.86
2.9029,0.9945,0.0386,0.3606,-28.42,-23.80,-29.05
2.9035,0.9965,0.0366,0.3597,-27.79,-23.59,-27.79
2.9041,0.9950,0.0376,0.3606,-28.00,-23.10,-28.84
2.9047,0.9936,0.0376,0.3587,-26.95,-22.96,-27.93
2.9067,0.9945,0.0390,0.3601,-27.58,-23.10,-28.84
2.9088,0.9931,0.0405,0.3611,-26.18,-23.24,-27.93
2.9109,0.9916,0.0420,0.3567,-26.81,-22.33,-28.35
2.9130,0.9916,0.0444,0.3533,-25.97,-22.61,-28.14
2.9151,0.9892,0.0444,0.3538,-26.18,-21.91,-28.28
2.9171,0.9887,0.0464,0.3558,-25.83,-21.91,-27.93
2.9192,0.9931,0.0464,0.3558,-25.34,-21.42,-28.14
2.9213,0.9906,0.0459,0.3562,-25.20,-21.63,-27.86
2.9234,0.9853,0.0493,0.3606,-24.85,-20.93,-27.79
2.9255,0.9853,0.0508,0.3582,-24.71,-21.56,-27.86
2.9275,0.9833,0.0493,0.3538,-24.43,-20.65,-27.58
2.9296,0.9853,0.0522,0.3533,-24.43,-20.72,-27.65
2.9317,0.9887,0.0547,0.3518,-23.80,-20.16,-27.02
2.9338,0.9833,0.0556,0.3509,-23.45,-20.65,-27.93
2.9359,0.9804,0.0571,0.3494,-22.89,-19.81,-26.53
2.9379,0.9823,0.0571,0.3465,-23.38,-19.95,-27.51
2.9400,0.9799,0.0576,0.3484,-22.75,-19.60,-27.30
2.9421,0.9823,0.0576,0.3509,-21.84,-19.88,-26.53
2.9442,0.9823,0.0542,0.3514,-22.05,-18.48,-26.95
2.9463,0.9765,0.0527,0.3479,-21.70,-19.32,-26.46
2.9463,0.9755,0.0547,0.3465,-21.42,-18.34,-26.81
2.9464,0.9814,0.0542,0.3465,-21.00,-18.76,-26.04
2.9464,0.9814,0.0517,0.3426,-21.07,-17.92,-26.11
2.9465,0.9804,0.0522,0.3431,-20.51,-18.13,-26.04
2.9466,0.9809,0.0537,0.3436,-20.65,-17.78,-25.76
2.9466,0.9794,0.0537,0.3445,-20.30,-18.20,-26.39
2.9467,0.9804,0.0537,0.3431,-20.09,-17.71,-25.55
2.9467,0.9838,0.0537,0.3382,-19.74,-17.36,-25.97
2.9468,0.9809,0.0537,0.3387,-19.32,-17.43,-25.41
2.9468,0.9799,0.0517,0.3387,-19.67,-16.94,-25.83
2.9469,0.9848,0.0532,0.3387,-18.90,-17.08,-25.20
2.9469,0.9853,0.0551,0.3401,-18.97,-16.52,-25.69
2.9470,0.9833,0.0571,0.3392,-18.55,-17.08,-25.27
2.9471,0.9838,0.0590,0.3382,-18.48,-15.89,-25.34
2.9471,0.9892,0.0605,0.3353,-17.92,-16.80,-25.06
2.9472,0.9921,0.0630,0.3328,-18.20,-15.61,-25.13
2.9472,0.9872,0.0615,0.3318,-17.43,-15.40,-24.85
2.9473,0.9858,0.0634,0.3314,-17.22,-16.52,-25.13
2.9473,0.9882,0.0659,0.3323,-17.01,-15.05,-24.50
2.9474,0.9892,0.0688,0.3284,-17.08,-15.82,-25.13
2.9474,0.9853,0.0688,0.3226,-16.73,-15.19,-24.50
2.9475,0.9858,0.0678,0.3270,-16.45,-15.40,-24.99
2.9475,0.9867,0.0683,0.3265,-15.89,-15.12,-24.36
2.9476,0.9877,0.0678,0.3231,-16.17,-14.77,-24.64
2.9476,0.9906,0.0659,0.3255,-15.75,-14.77,-24.36
2.9477,0.9887,0.0669,0.3216,-15.40,-14.91,-24.85
2.9477,0.9872,0.0698,0.3152,-15.26,-14.84,-24.08
2.9478,0.9877,0.0703,0.3123,-15.19,-14.28,-24.71
2.9478,0.9862,0.0693,0.3152,-15.05,-14.91,-24.57
2.9479,0.9867,0.0737,0.3177,-14.84,-14.07,-24.50
2.9479,0.9862,0.0761,0.3162,-14.56,-14.84,-24.78
2.9480,0.9843,0.0752,0.3109,-14.49,-13.86,-24.43
2.9480,0.9853,0.0761,0.3084,-14.28,-14.28,-24.78
2.9481,0.9862,0.0747,0.3123,-14.00,-13.23,-24.08
2.9481,0.9882,0.0732,0.3123,-13.93,-14.35,-24.78
2.9482,0.9877,0.0752,0.3099,-13.51,-13.58,-24.22
2.9482,0.9882,0.0761,0.3104,-13.58,-13.79,-24.92
2.9483,0.9882,0.0756,0.3065,-13.23,-13.65,-24.22
2.9483,0.9877,0.0771,0.3011,-13.16,-13.44,-25.41
2.9484,0.9936,0.0761,0.3060,-12.88,-13.58,-24.50
2.9484,0.9926,0.0737,0.3084,-12.74,-13.02,-24.71
2.9484,0.9872,0.0737,0.3074,-12.88,-13.86,-25.06
2.9485,0.9877,0.0747,0.3084,-12.60,-12.74,-24.78
2.9485,0.9867,0.0771,0.3040,-12.39,-14.07,-25.55
2.9486,0.9887,0.0717,0.3011,-12.18,-12.74,-24.92
2.9486,0.9945,0.0688,0.3016,-11.90,-13.93,-25.69
2.9486,0.9960,0.0756,0.2977,-11.90,-12.53,-24.92
2.9487,0.9941,0.0747,0.2977,-11.90,-13.86,-26.04
2.9487,0.9921,0.0717,0.2972,-11.55,-12.39,-24.92
2.9488,0.9931,0.0752,0.2967,-11.62,-13.30,-25.97
2.9488,0.9926,0.0786,0.2982,-11.62,-12.53,-25.06
2.9489,0.9931,0.0766,0.2952,-11.48,-13.30,-26.11
2.9489,0.9960,0.0747,0.2938,-11.27,-13.09,-25.62
2.9489,0.9941,0.0722,0.2938,-10.78,-12.60,-25.69
2.9490,0.9921,0.0727,0.2938,-11.27,-12.95,-25.69
2.9490,0.9926,0.0737,0.2865,-11.27,-12.88,-25.55
2.9491,0.9950,0.0693,0.2879,-10.57,-13.16,-26.18
2.9491,0.9975,0.0693,0.2874,-10.99,-12.74,-25.69
2.9492,0.9955,0.0727,0.2865,-10.57,-13.23,-26.18
2.9492,0.9945,0.0717,0.2850,-10.57,-12.74,-26.04
2.9497,0.9941,0.0708,0.2826,-10.29,-13.37,-26.39
2.9503,0.9931,0.0693,0.2845,-10.43,-12.53,-25.48
2.9508,0.9926,0.0703,0.2806,-10.15,-13.30,-26.81
2.9514,0.9950,0.0752,0.2757,-10.08,-12.39,-25.41
2.9519,0.9960,0.0722,0.2752,-10.22,-13.37,-26.95
2.9524,0.9945,0.0732,0.2772,-9.38,-12.46,-25.27
2.9530,0.9975,0.0752,0.2767,-10.01,-13.23,-26.53
2.9535,0.9980,0.0742,0.2747,-9.03,-12.88,-25.34
2.9541,0.9936,0.0756,0.2757,-10.29,-13.23,-26.46
2.9546,0.9902,0.0747,0.2757,-8.82,-13.09,-25.55
2.9551,0.9897,0.0761,0.2738,-9.94,-12.88,-26.46
2.9557,0.9902,0.0786,0.2699,-8.75,-12.95,-25.34
2.9562,0.9892,0.0795,0.2674,-9.80,-13.02,-26.11
2.9568,0.9892,0.0786,0.2660,-8.33,-12.88,-25.27
2.9573,0.9892,0.0761,0.2664,-9.52,-13.02,-25.62
2.9578,0.9892,0.0776,0.2645,-8.75,-13.23,-25.83
2.9584,0.9911,0.0830,0.2616,-8.75,-12.88,-25.06
2.9589,0.9887,0.0859,0.2640,-8.75,-13.37,-26.25
2.9595,0.9853,0.0825,0.2645,-8.19,-12.88,-24.85
2.9600,0.9853,0.0800,0.2611,-8.47,-13.16,-25.62
2.9605,0.9853,0.0820,0.2611,-8.26,-12.67,-24.29
2.9611,0.9877,0.0825,0.2630,-8.26,-13.72,-25.62
2.9616,0.9926,0.0781,0.2606,-7.70,-12.39,-23.94
2.9622,0.9941,0.0781,0.2557,-8.68,-13.65,-25.55
2.9627,0.9926,0.0795,0.2577,-7.56,-12.67,-24.01
2.9632,0.9892,0.0766,0.2582,-8.26,-13.30,-25.20
2.9638,0.9887,0.0766,0.2542,-7.28,-13.09,-23.52
2.9643,0.9887,0.0766,0.2562,-7.91,-13.30,-24.99
2.9649,0.9877,0.0756,0.2557,-7.35,-13.23,-23.45
2.9654,0.9897,0.0747,0.2577,-7.56,-13.02,-24.57
2.9659,0.9926,0.0737,0.2586,-7.49,-13.44,-23.24
2.9665,0.9902,0.0732,0.2484,-7.28,-12.67,-23.73
2.9670,0.9892,0.0703,0.2484,-7.70,-13.23,-22.96
2.9675,0.9921,0.0698,0.2499,-6.86,-13.51,-24.08
2.9681,0.9906,0.0703,0.2489,-7.63,-12.88,-23.10
2.9686,0.9897,0.0703,0.2474,-6.79,-13.44,-23.03
2.9692,0.9911,0.0732,0.2479,-7.49,-13.44,-23.10
2.9697,0.9916,0.0727,0.2479,-6.93,-12.95,-22.33
2.9702,0.9897,0.0693,0.2469,-7.00,-13.30,-22.96
2.9708,0.9853,0.0737,0.2464,-6.79,-13.58,-22.82
2.9714,0.9902,0.0781,0.2455,-6.79,-13.30,-20.86
2.9720,0.9931,0.0752,0.2445,-7.21,-13.16,-22.40
2.9726,0.9936,0.0737,0.2420,-7.00,-13.16,-20.02
2.9732,0.9989,0.0766,0.2416,-6.86,-13.30,-22.26
2.9739,0.9984,0.0791,0.2440,-6.44,-13.37,-19.95
2.9745,0.9916,0.0815,0.2469,-6.79,-13.72,-21.84
2.9751,0.9906,0.0810,0.2411,-6.51,-13.37,-19.53
2.9757,0.9916,0.0820,0.2386,-6.93,-13.72,-21.21
2.9763,0.9882,0.0859,0.2430,-6.30,-13.58,-19.67
2.9769,0.9887,0.0864,0.2420,-6.72,-13.23,-20.30
2.9775,0.9887,0.0844,0.2372,-6.16,-13.93,-19.32
2.9782,0.9887,0.0874,0.2362,-7.00,-13.30,-19.60
2.9788,0.9911,0.0903,0.2377,-5.81,-14.07,-19.60
2.9794,0.9882,0.0869,0.2362,-6.79,-13.65,-19.04
2.9800,0.9882,0.0883,0.2352,-5.81,-13.58,-19.11
2.9806,0.9882,0.0888,0.2323,-6.30,-13.58,-18.76
2.9812,0.9867,0.0864,0.2303,-6.16,-13.86,-18.97
2.9818,0.9921,0.0839,0.2318,-6.23,-13.72,-17.92
2.9825,0.9931,0.0869,0.2333,-6.37,-13.93,-18.83
2.9831,0.9902,0.0878,0.2362,-6.09,-13.93,-17.57
2.9837,0.9936,0.0825,0.2323,-6.16,-13.72,-18.34
2.9843,0.9936,0.0805,0.2269,-6.09,-13.72,-16.80
2.9849,0.9892,0.0854,0.2284,-6.16,-13.79,-18.20
2.9854,0.9950,0.0878,0.2289,-5.88,-13.72,-16.38
2.9860,0.9975,0.0849,0.2240,-6.65,-13.79,-17.92
2.9866,0.9921,0.0834,0.2298,-5.81,-14.07,-16.38
2.9872,0.9906,0.0864,0.2298,-6.58,-14.28,-17.36
2.9878,0.9931,0.0893,0.2279,-5.53,-13.93,-15.89
2.9884,0.9945,0.0874,0.2284,-6.37,-13.79,-16.52
2.9890,0.9945,0.0888,0.2294,-5.74,-14.35,-15.89
2.9896,0.9975,0.0878,0.2255,-6.79,-13.58,-16.03
2.9902,0.9941,0.0883,0.2225,-5.60,-14.21,-16.10
2.9908,0.9906,0.0878,0.2235,-6.51,-13.79,-15.12
2.9914,0.9980,0.0878,0.2230,-5.88,-14.42,-15.54
2.9920,1.0004,0.0917,0.2250,-6.44,-13.79,-14.63
2.9926,0.9945,0.0937,0.2235,-6.23,-14.14,-15.47
2.9931,0.9921,0.0917,0.2211,-5.81,-13.93,-14.42
2.9937,0.9931,0.0913,0.2191,-6.58,-14.07,-14.70
2.9943,0.9921,0.0981,0.2172,-5.88,-14.07,-14.28
2.9949,0.9941,0.0961,0.2152,-6.58,-14.35,-14.84
2.9954,0.9950,0.0908,0.2152,-5.81,-13.86,-13.51
2.9959,0.9965,0.0917,0.2181,-6.86,-14.77,-14.77
2.9964,0.9984,0.0917,0.2157,-5.74,-13.86,-13.30
2.9969,0.9970,0.0952,0.2133,-6.72,-13.86,-13.65
2.9974,1.0009,0.0991,0.2142,-5.81,-14.42,-13.09
2.9979,0.9950,0.0991,0.2147,-5.95,-14.35,-12.60
2.9984,0.9941,0.0976,0.2113,-6.44,-14.70,-13.37
2.9989,0.9955,0.1005,0.2054,-6.30,-14.28,-12.39
2.9993,0.9984,0.1035,0.2025,-6.30,-14.14,-12.67
2.9998,0.9994,0.1054,0.2015,-6.37,-14.28,-12.25
3.0003,0.9989,0.1039,0.2020,-6.51,-14.70,-12.60
3.0008,0.9960,0.1059,0.2030,-6.72,-14.28,-12.25
3.0013,0.9965,0.1103,0.2020,-6.09,-14.28,-11.83
3.0018,1.0014,0.1118,0.2030,-6.65,-14.35,-12.04
3.0023,1.0014,0.1166,0.2011,-6.09,-14.42,-11.62
3.0028,1.0043,0.1181,0.1957,-6.58,-13.93,-11.97
3.0033,1.0067,0.1157,0.1923,-6.09,-14.28,-11.13
3.0038,1.0067,0.1205,0.1932,-6.93,-14.35,-11.62
3.0043,1.0048,0.1244,0.1952,-6.23,-14.56,-11.13
3.0047,1.0024,0.1249,0.1942,-6.79,-14.28,-11.55
3.0068,1.0043,0.1259,0.1874,-6.23,-14.70,-10.85
3.0089,1.0072,0.1264,0.1923,-6.30,-14.49,-10.43
3.0110,1.0116,0.1264,0.1893,-6.37,-14.21,-10.22
3.0131,1.0106,0.1279,0.1864,-6.51,-15.33,-11.41
3.0151,1.0131,0.1313,0.1864,-6.58,-14.42,-10.08
3.0172,1.0136,0.1347,0.1850,-6.23,-15.40,-11.55
3.0193,1.0131,0.1342,0.1850,-6.51,-14.49,-10.01
3.0214,1.0136,0.1288,0.1840,-6.16,-15.40,-10.57
3.0235,1.0141,0.1327,0.1815,-6.23,-14.63,-10.15
3.0256,1.0102,0.1376,0.1806,-6.30,-15.61,-10.57
3.0276,1.0063,0.1381,0.1776,-6.37,-14.42,-10.22
3.0297,1.0063,0.1396,0.1752,-6.44,-14.91,-10.29
3.0318,1.0067,0.1430,0.1752,-6.23,-14.91,-10.08
3.0339,1.0087,0.1469,0.1776,-6.37,-14.98,-10.15
3.0360,1.0092,0.1440,0.1806,-6.16,-15.19,-10.57
3.0380,1.0087,0.1440,0.1796,-6.37,-14.77,-9.31
3.0401,1.0092,0.1484,0.1781,-5.88,-15.33,-10.85
3.0422,1.0097,0.1498,0.1781,-6.37,-15.12,-9.52
3.0443,1.0102,0.1493,0.1771,-6.16,-15.33,-10.85
3.0464,1.0087,0.1503,0.1752,-5.95,-14.77,-9.52
3.0464,1.0077,0.1532,0.1747,-6.23,-15.61,-10.78
3.0465,1.0077,0.1532,0.1791,-6.58,-15.96,-10.99
3.0465,1.0106,0.1547,0.1796,-5.67,-14.77,-9.31
3.0466,1.0116,0.1581,0.1776,-6.58,-15.26,-10.50
3.0466,1.0097,0.1566,0.1732,-5.46,-15.05,-9.80
3.0467,1.0082,0.1552,0.1708,-6.37,-15.33,-10.57
3.0467,1.0077,0.1562,0.1718,-5.74,-15.33,-9.73
3.0468,1.0087,0.1596,0.1708,-6.16,-15.26,-10.22
3.0468,1.0087,0.1630,0.1693,-5.46,-15.19,-10.36
3.0469,1.0087,0.1649,0.1723,-6.23,-15.19,-9.73
3.0469,1.0077,0.1645,0.1718,-5.32,-15.82,-10.36
3.0470,1.0072,0.1625,0.1649,-6.02,-14.77,-9.87
3.0470,1.0063,0.1596,0.1640,-5.53,-15.96,-10.78
3.0471,1.0038,0.1649,0.1669,-5.46,-14.84,-9.59
3.0471,1.0067,0.1664,0.1649,-6.02,-15.68,-11.06
3.0472,1.0102,0.1664,0.1669,-5.32,-15.12,-9.66
3.0472,1.0097,0.1664,0.1635,-5.74,-15.75,-11.27
3.0473,1.0106,0.1649,0.1586,-5.18,-14.91,-9.52
3.0473,1.0116,0.1684,0.1591,-5.67,-15.68,-11.34
3.0474,1.0092,0.1718,0.1542,-4.76,-15.61,-10.22
3.0475,1.0087,0.1708,0.1523,-5.74,-15.12,-11.06
3.0476,1.0097,0.1723,0.1542,-4.83,-15.40,-9.94
3.0477,1.0097,0.1737,0.1557,-5.81,-15.26,-11.06
3.0479,1.0097,0.1762,0.1503,-4.55,-15.26,-10.15
3.0480,1.0053,0.1786,0.1508,-5.25,-14.98,-10.50
3.0481,1.0028,0.1801,0.1557,-4.83,-15.54,-10.78
3.0482,1.0028,0.1830,0.1547,-5.11,-14.91,-10.36
3.0483,1.0033,0.1845,0.1532,-4.41,-15.61,-11.27
3.0485,1.0048,0.1889,0.1474,-4.90,-14.63,-10.08
3.0486,1.0087,0.1932,0.1449,-4.62,-15.61,-11.27
3.0487,1.0087,0.1947,0.1493,-4.55,-14.56,-10.01
3.0488,1.0063,0.1932,0.1484,-4.41,-15.82,-11.27
3.0490,1.0092,0.1957,0.1444,-3.85,-15.05,-9.87
3.0491,1.0131,0.1976,0.1493,-4.20,-15.33,-11.34
3.0492,1.0106,0.1996,0.1493,-3.57,-14.91,-10.01
3.0493,1.0072,0.2035,0.1435,-4.20,-15.26,-11.27
3.0494,1.0043,0.2059,0.1435,-3.57,-14.98,-10.08
3.0496,1.0019,0.2074,0.1454,-4.13,-15.05,-10.92
3.0497,1.0058,0.2113,0.1474,-2.94,-15.54,-10.29
3.0498,1.0102,0.2128,0.1469,-3.92,-15.12,-10.92
3.0504,1.0111,0.2118,0.1449,-2.94,-14.77,-9.87
3.0510,1.0097,0.2137,0.1449,-3.78,-15.54,-11.34
3.0516,1.0092,0.2137,0.1435,-2.59,-14.84,-9.80
3.0522,1.0077,0.2118,0.1401,-3.36,-14.91,-11.13
3.0528,1.0092,0.2172,0.1410,-2.38,-15.26,-10.15
3.0534,1.0082,0.2211,0.1444,-2.45,-14.77,-10.71
3.0540,1.0063,0.2191,0.1440,-2.66,-14.98,-10.15
3.0546,1.0072,0.2176,0.1420,-2.17,-14.70,-10.78
3.0551,1.0102,0.2186,0.1386,-2.17,-15.54,-10.78
3.0557,1.0126,0.2211,0.1357,-1.75,-14.42,-10.43
3.0563,1.0106,0.2250,0.1371,-2.24,-15.61,-11.06
3.0569,1.0102,0.2264,0.1391,-1.26,-14.35,-10.15
3.0575,1.0155,0.2255,0.1381,-2.17,-15.26,-11.13
3.0581,1.0155,0.2279,0.1386,-1.12,-14.56,-10.22
3.0587,1.0111,0.2289,0.1371,-1.47,-15.33,-11.48
3.0593,1.0106,0.2284,0.1357,-0.42,-14.49,-10.29
3.0599,1.0111,0.2357,0.1293,-1.26,-15.19,-11.55
3.0605,1.0111,0.2411,0.1318,-0.84,-14.42,-11.06
3.0611,1.0116,0.2416,0.1337,-0.07,-14.77,-11.06
3.0617,1.0111,0.2401,0.1298,-0.77,-14.35,-11.41
3.0624,1.0106,0.2377,0.2494,0.21,-14.84,-11.27
3.0630,1.0102,0.2377,0.1249,-0.14,-14.21,-11.62
3.0637,1.0067,0.2411,0.1288,0.28,-14.98,-11.41
3.0644,1.0111,0.2450,0.1318,0.56,-14.49,-11.55
3.0651,1.0160,0.2469,0.1327,0.63,-14.77,-12.04
3.0658,1.0141,0.2455,0.1327,0.70,-14.56,-11.48
3.0665,1.0126,0.2450,0.1313,1.05,-14.91,-12.25
3.0671,1.0131,0.2518,0.1293,1.61,-14.35,-11.69
3.0678,1.0136,0.2562,0.1279,1.19,-14.56,-12.46
3.0685,1.0126,0.2542,0.1264,1.61,-14.63,-11.90
3.0692,1.0116,0.2533,0.1235,1.61,-14.63,-12.74
3.0699,1.0131,0.2586,0.1240,2.10,-14.21,-12.18
3.0705,1.0146,0.2596,0.1254,1.54,-14.35,-12.67
3.0712,1.0131,0.2552,0.1274,2.59,-14.00,-12.32
3.0719,1.0111,0.2567,0.1288,2.17,-14.49,-12.95
3.0726,1.0116,0.2625,0.1269,3.08,-14.07,-12.32
3.0733,1.0111,0.2669,0.1279,2.59,-14.42,-13.30
3.0740,1.0043,0.2606,0.1240,3.01,-14.07,-13.37
3.0746,1.0067,0.2664,0.1200,3.64,-14.70,-13.58
3.0753,1.0087,0.2713,0.1215,3.29,-13.79,-13.37
3.0758,1.0097,0.2728,0.1259,3.64,-14.42,-13.86
3.0763,1.0092,0.2733,0.1274,3.64,-14.07,-13.93
3.0767,1.0067,0.2728,0.1249,3.78,-14.07,-13.93
3.0772,1.0048,0.2718,0.1230,4.20,-13.79,-14.21
3.0777,1.0053,0.2723,0.1235,3.85,-14.07,-14.28
3.0781,1.0058,0.2743,0.1244,4.83,-14.07,-14.56
3.0786,1.0028,0.2743,0.1230,4.41,-13.79,-14.28
3.0790,1.0004,0.2733,0.1230,4.97,-13.58,-14.70
3.0795,0.9970,0.2743,0.1259,4.76,-13.58,-14.70
3.0800,0.9965,0.2757,0.1269,5.11,-13.72,-14.91
3.0804,0.9989,0.2777,0.1269,5.39,-13.58,-14.98
3.0809,0.9965,0.2796,0.1264,5.39,-13.65,-15.05
3.0814,0.9975,0.2801,0.1254,5.67,-13.37,-15.33
3.0818,0.9994,0.2801,0.1288,5.74,-13.79,-15.19
3.0823,0.9955,0.2806,0.1288,6.23,-13.37,-15.68
3.0828,0.9936,0.2826,0.1235,5.88,-13.16,-15.33
3.0832,0.9950,0.2830,0.1240,6.79,-12.88,-15.54
3.0837,0.9975,0.2845,0.1259,6.37,-13.44,-15.89
3.0842,0.9970,0.2826,0.1274,6.72,-12.95,-16.03
3.0846,0.9945,0.2782,0.1259,6.44,-12.81,-15.75
3.0852,0.9950,0.2801,0.1196,6.79,-12.88,-16.24
3.0858,0.9931,0.2835,0.1166,7.21,-12.95,-16.24
3.0864,0.9887,0.2845,0.1215,7.21,-12.74,-16.31
3.0870,0.9916,0.2811,0.1235,7.42,-12.74,-16.59
3.0876,0.9950,0.2782,0.1181,7.63,-12.60,-16.87
3.0882,0.9892,0.2782,0.1181,7.77,-12.46,-16.45
3.0887,0.9853,0.2767,0.1225,7.70,-12.67,-17.08
3.0893,0.9848,0.2747,0.1225,7.70,-12.18,-16.87
3.0899,0.9848,0.2738,0.1210,7.98,-12.32,-17.22
3.0905,0.9843,0.2752,0.1205,7.98,-11.97,-16.94
3.0911,0.9858,0.2772,0.1205,8.26,-12.18,-17.22
3.0917,0.9853,0.2747,0.1225,7.98,-12.18,-17.29
3.0923,0.9799,0.2733,0.1215,8.61,-11.83,-17.43
3.0929,0.9789,0.2718,0.1191,8.19,-12.53,-17.78
3.0934,0.9809,0.2669,0.1225,8.33,-11.34,-17.57
3.0940,0.9823,0.2650,0.1225,8.33,-12.25,-18.13
3.0946,0.9809,0.2640,0.1200,8.82,-11.41,-17.64
3.0952,0.9814,0.2640,0.1137,8.75,-11.41,-18.55
3.0958,0.9828,0.2669,0.1137,9.03,-11.41,-17.43
3.0964,0.9828,0.2679,0.1152,8.75,-11.27,-18.62
3.0969,0.9823,0.2684,0.1181,8.96,-10.92,-17.78
3.0975,0.9843,0.2669,0.1176,9.03,-11.27,-18.76
3.0980,0.9858,0.2655,0.1171,9.10,-10.78,-17.92
3.0985,0.9843,0.2660,0.1196,9.17,-11.34,-19.18
3.0991,0.9862,0.2655,0.1191,9.38,-10.64,-18.62
3.0996,0.9872,0.2640,0.1171,9.10,-10.50,-19.18
3.1002,0.9838,0.2655,0.1181,9.17,-10.57,-18.41
3.1007,0.9843,0.2674,0.1191,9.52,-10.64,-19.53
3.1012,0.9848,0.2664,0.1142,9.52,-10.57,-18.41
3.1018,0.9848,0.2684,0.1108,9.38,-10.22,-19.18
3.1023,0.9877,0.2694,0.1132,9.52,-10.29,-18.83
3.1029,0.9877,0.2708,0.1157,9.52,-10.29,-19.60
3.1034,0.9853,0.2699,0.1142,9.45,-9.66,-19.32
3.1040,0.9843,0.2674,0.1113,9.52,-10.92,-19.53
3.1045,0.9843,0.2669,0.1083,9.80,-9.38,-18.83
3.1050,0.9828,0.2699,0.1098,9.66,-10.78,-20.09
3.1056,0.9858,0.2723,0.1122,9.73,-9.24,-18.83
3.1061,0.9887,0.2723,0.1103,9.52,-10.22,-20.44
3.1067,0.9872,0.2713,0.1083,9.80,-9.52,-18.83
3.1072,0.9858,0.2674,0.1083,9.80,-10.15,-20.58
3.1092,0.9877,0.2674,0.1069,10.15,-9.31,-18.83
3.1113,0.9916,0.2699,0.1064,9.80,-9.94,-20.86
3.1133,0.9916,0.2694,0.1069,10.15,-9.38,-19.04
3.1153,0.9931,0.2674,0.1064,9.59,-9.31,-20.93
3.1173,0.9926,0.2640,0.1078,9.94,-9.59,-19.46
3.1194,0.9916,0.2645,0.1083,9.66,-9.24,-20.79
3.1214,0.9877,0.2655,0.1059,9.87,-9.10,-19.53
3.1234,0.9921,0.2645,0.1044,9.73,-9.52,-21.28
3.1255,0.9994,0.2650,0.1059,10.15,-9.24,-19.95
3.1275,0.9960,0.2606,0.1064,9.52,-9.10,-20.79
3.1295,0.9945,0.2586,0.1078,10.36,-9.87,-20.86
3.1315,0.9955,0.2621,0.1093,10.01,-8.33,-20.37
3.1336,0.9955,0.2713,0.1093,9.45,-9.66,-21.56
3.1356,0.9989,0.2743,0.1030,10.15,-8.61,-20.30
3.1376,1.0038,0.2694,0.0971,9.73,-9.45,-22.12
3.1396,1.0033,0.2664,0.0991,10.15,-8.75,-20.23
3.1417,1.0028,0.2650,0.1025,9.31,-9.52,-22.12
3.1437,1.0024,0.2660,0.1030,10.22,-8.75,-20.37
3.1457,1.0048,0.2660,0.1005,9.52,-9.38,-22.47
3.1478,1.0077,0.2704,0.1020,10.43,-9.10,-20.65
3.1478,1.0058,0.2713,0.1025,9.10,-9.10,-22.26
3.1479,1.0058,0.2699,0.1000,10.43,-9.52,-21.00
3.1479,1.0077,0.2718,0.1005,9.31,-8.89,-22.19
3.1479,1.0106,0.2699,0.0991,10.29,-9.52,-21.21
3.1480,1.0141,0.2713,0.0961,9.38,-8.68,-22.40
3.1480,1.0146,0.2786,0.0986,10.01,-9.87,-21.42
3.1481,1.0116,0.2811,0.0991,9.59,-8.75,-22.19
3.1481,1.0102,0.2796,0.0991,9.87,-10.15,-21.77
3.1482,1.0106,0.2777,0.0981,9.66,-9.03,-22.05
3.1482,1.0146,0.2752,0.0932,9.94,-10.08,-22.12
3.1483,1.0194,0.2743,0.0976,10.08,-9.24,-22.12
3.1483,1.0194,0.2772,0.0971,9.38,-9.52,-21.91
3.1484,1.0170,0.2801,0.0971,10.43,-9.17,-21.84
3.1484,1.0141,0.2782,0.0971,9.52,-9.87,-22.12
3.1485,1.0150,0.2777,0.0927,9.94,-9.17,-21.84
3.1485,1.0175,0.2796,0.0908,9.73,-10.08,-22.47
3.1485,1.0194,0.2786,0.0913,10.01,-9.31,-21.35
3.1486,1.0243,0.2816,0.0874,9.66,-10.22,-22.61
3.1486,1.0248,0.2830,0.0869,10.22,-9.94,-21.77
3.1487,1.0272,0.2772,0.0898,9.59,-10.08,-22.19
3.1487,1.0277,0.2767,0.0917,10.22,-9.87,-21.56
3.1488,1.0272,0.2816,0.0913,9.87,-10.22,-22.26
3.1488,1.0287,0.2782,0.0874,10.01,-10.01,-21.21
3.1488,1.0287,0.2786,0.0844,9.94,-10.29,-22.47
3.1489,1.0307,0.2811,0.0893,10.15,-10.36,-21.00
3.1489,1.0360,0.2816,0.0927,9.94,-10.08,-22.05
3.1490,1.0365,0.2840,0.0908,10.29,-10.57,-21.00
3.1490,1.0355,0.2840,0.0883,9.87,-10.15,-21.91
3.1490,1.0360,0.2865,0.0883,9.94,-11.27,-21.07
3.1491,1.0331,0.2879,0.0903,10.15,-10.64,-21.49
3.1491,1.0341,0.2879,0.0903,10.08,-11.06,-20.86
3.1491,1.0385,0.2899,0.0927,10.22,-10.50,-20.79
3.1492,1.0399,0.2904,0.0913,9.94,-11.48,-21.35
3.1492,1.0360,0.2913,0.0869,10.15,-10.78,-20.37
3.1493,1.0346,0.2928,0.0874,10.29,-11.20,-21.28
3.1493,1.0350,0.2923,0.0854,10.29,-11.41,-20.37
3.1493,1.0380,0.2952,0.0878,10.15,-11.27,-21.00
3.1494,1.0375,0.2962,0.0878,10.29,-11.34,-20.09
3.1494,1.0331,0.2962,0.0859,10.15,-11.34,-20.72
3.1495,1.0336,0.3011,0.0854,10.50,-11.62,-19.88
3.1496,1.0365,0.3035,0.0844,10.29,-11.55,-20.37
3.1497,1.0380,0.2996,0.0864,10.64,-12.46,-20.23
3.1498,1.0360,0.3016,0.0883,10.36,-11.20,-19.67
3.1499,1.0341,0.3016,0.0874,10.50,-12.32,-20.09
3.1500,1.0326,0.3016,0.0854,10.85,-11.55,-19.60
3.1501,1.0336,0.3016,0.0834,10.36,-12.25,-19.60
3.1502,1.0385,0.3035,0.0800,10.78,-11.90,-19.46
3.1503,1.0375,0.3084,0.0795,10.71,-12.53,-19.53
3.1504,1.0380,0.3074,0.0795,10.43,-12.46,-19.25
3.1505,1.0390,0.3070,0.0815,10.92,-12.25,-19.46
3.1506,1.0380,0.3094,0.0844,10.36,-12.74,-19.32
3.1507,1.0380,0.3109,0.0844,10.92,-12.53,-19.60
3.1508,1.0350,0.3070,0.0820,10.71,-12.95,-18.83
3.1509,1.0365,0.3074,0.0805,10.99,-12.39,-18.83
3.1510,1.0385,0.3128,0.0825,10.99,-13.16,-19.04
3.1511,1.0355,0.3118,0.0825,11.06,-12.32,-18.41
3.1512,1.0331,0.3138,0.0825,10.71,-13.51,-19.32
3.1513,1.0311,0.3148,0.0815,11.13,-12.46,-17.85
3.1514,1.0268,0.3148,0.0830,10.71,-13.86,-19.32
3.1515,1.0277,0.3157,0.0854,11.13,-12.74,-17.99
3.1520,1.0292,0.3152,0.0825,10.92,-13.37,-19.11
3.1526,1.0292,0.3162,0.0805,11.20,-13.51,-17.85
3.1531,1.0292,0.3162,0.0810,11.06,-13.58,-19.25
3.1537,1.0282,0.3177,0.0830,11.20,-13.30,-17.85
3.1543,1.0292,0.3187,0.0844,10.99,-13.16,-18.62
3.1548,1.0268,0.3192,0.0795,11.20,-14.07,-18.13
3.1554,1.0204,0.3226,0.0800,10.99,-13.16,-18.20
3.1559,1.0160,0.3226,0.0805,11.27,-13.30,-18.20
3.1565,1.0214,0.3221,0.0815,11.06,-14.28,-18.13
3.1570,1.0224,0.3235,0.0844,11.34,-12.95,-18.06
3.1576,1.0160,0.3260,0.0825,10.99,-14.91,-18.97
3.1581,1.0175,0.3265,0.0761,11.34,-13.23,-17.64
3.1587,1.0214,0.3231,0.0815,10.92,-14.35,-18.90
3.1592,1.0185,0.3221,0.0859,11.62,-13.16,-17.29
3.1598,1.0165,0.3206,0.0810,10.99,-14.14,-18.97
3.1603,1.0165,0.3235,0.0805,11.41,-13.86,-17.64
3.1609,1.0155,0.3260,0.0800,11.13,-14.07,-18.97
3.1614,1.0136,0.3284,0.0766,11.34,-14.21,-17.78
3.1620,1.0102,0.3265,0.0766,10.64,-13.79,-19.04
3.1625,1.0116,0.3231,0.0761,11.55,-14.28,-17.92
3.1631,1.0155,0.3265,0.0752,10.71,-13.86,-18.62
3.1638,1.0121,0.3265,0.0742,11.27,-14.56,-18.41
3.1644,1.0097,0.3284,0.0742,10.92,-13.65,-18.55
3.1650,1.0126,0.3279,0.0766,11.06,-14.35,-18.55
3.1656,1.0126,0.3274,0.0766,11.06,-13.58,-18.62
3.1662,1.0077,0.3314,0.0766,11.13,-14.49,-18.97
3.1668,1.0048,0.3314,0.0752,10.64,-13.51,-18.41
3.1674,1.0053,0.3309,0.0742,10.71,-15.05,-19.74
3.1680,1.0048,0.3314,0.0771,10.99,-13.58,-18.34
3.1686,1.0009,0.3304,0.0776,10.36,-14.77,-20.16
3.1692,0.9989,0.3309,0.0752,10.99,-13.51,-18.13
3.1698,1.0024,0.3328,0.0747,10.22,-14.21,-20.23
3.1704,1.0033,0.3372,0.0742,11.06,-14.07,-18.34
3.1710,0.9994,0.3333,0.0747,10.01,-14.28,-20.44
3.1716,0.9975,0.3299,0.0742,10.85,-14.28,-18.90
3.1723,0.9960,0.3348,0.0732,10.08,-13.72,-20.37
3.1729,0.9911,0.3372,0.0737,10.78,-14.07,-19.11
3.1735,0.9862,0.3353,0.0781,10.01,-13.86,-20.37
3.1741,0.9838,0.3353,0.0786,10.64,-14.35,-19.67
3.1747,0.9862,0.3377,0.0786,10.01,-13.30,-20.09
3.1759,0.9867,0.3372,0.0810,10.15,-14.42,-20.23
3.1771,0.9828,0.3357,0.0786,10.22,-13.23,-20.02
3.1784,0.9794,0.3406,0.0776,10.22,-14.07,-20.58
3.1796,0.9819,0.3455,0.0786,10.15,-13.16,-20.16
3.1809,0.9804,0.3445,0.0776,9.38,-13.86,-21.07
3.1821,0.9784,0.3392,0.0771,10.50,-13.37,-19.88
3.1833,0.9794,0.3382,0.0786,9.10,-13.16,-21.00
3.1846,0.9775,0.3421,0.0766,10.29,-12.81,-19.67
3.1858,0.9745,0.3440,0.0737,9.17,-13.51,-21.28
3.1870,0.9711,0.3460,0.0766,10.29,-12.81,-19.95
3.1883,0.9726,0.3470,0.0795,9.03,-12.81,-21.00
3.1895,0.9740,0.3494,0.0771,10.01,-12.81,-20.09
3.1907,0.9731,0.3523,0.0742,8.96,-12.60,-21.14
3.1920,0.9726,0.3518,0.0737,9.87,-12.88,-19.88
3.1932,0.9701,0.3523,0.0761,9.24,-12.39,-21.35
3.1944,0.9648,0.3548,0.0795,9.45,-12.81,-20.58
3.1957,0.9648,0.3577,0.0800,9.10,-11.55,-20.65
3.1969,0.9667,0.3597,0.0756,9.45,-12.46,-20.51
3.1982,0.9648,0.3597,0.0727,8.82,-11.55,-20.72
3.1994,0.9623,0.3621,0.0737,9.24,-12.11,-20.86
3.1995,0.9614,0.3665,0.0791,8.96,-11.69,-20.58
3.1996,0.9599,0.3665,0.0737,9.24,-11.20,-20.37
3.1996,0.9594,0.3689,0.0722,8.68,-11.90,-20.93
3.1997,0.9594,0.3704,0.0771,8.89,-10.99,-20.16
3.1998,0.9584,0.3709,0.0756,8.82,-11.55,-21.63
3.1999,0.9565,0.3787,0.0786,8.68,-11.06,-20.16
3.2000,0.9584,0.3821,0.0810,8.61,-11.06,-21.14
3.2001,0.9614,0.3772,0.0766,8.75,-10.92,-20.16
3.2001,0.9594,0.3748,0.0752,8.61,-10.50,-21.00
3.2002,0.9550,0.3758,0.0791,8.89,-10.36,-20.09
3.2003,0.9550,0.3767,0.0771,8.33,-10.36,-21.21
3.2004,0.9531,0.3782,0.0712,8.89,-10.99,-20.65
3.2005,0.9516,0.3806,0.0708,8.68,-9.80,-20.86
3.2005,0.9565,0.3836,0.0747,8.75,-10.22,-20.58
3.2006,0.9584,0.3821,0.0752,8.40,-9.87,-21.21
3.2007,0.9589,0.3806,0.0722,8.54,-9.87,-20.86
3.2008,0.9565,0.3787,0.0742,8.26,-9.45,-20.86
3.2009,0.9560,0.3758,0.0747,8.33,-9.87,-21.21
3.2010,0.9570,0.3797,0.0747,8.47,-9.31,-20.79
3.2010,0.9550,0.3821,0.0766,8.26,-9.66,-21.70
3.2034,0.9526,0.3797,0.0766,8.05,-8.96,-20.65
3.2057,0.9521,0.3797,0.0766,8.12,-9.52,-21.91
3.2080,0.9521,0.3831,0.0771,8.54,-8.96,-20.86
3.2103,0.9521,0.3850,0.0747,7.63,-8.47,-21.70
3.2126,0.9443,0.3889,0.0742,7.70,-8.61,-21.98
3.2149,0.9487,0.3875,0.0752,8.61,-8.75,-21.14
3.2173,0.9506,0.3880,0.0752,7.63,-7.77,-22.12
3.2196,0.9496,0.3860,0.0761,8.26,-9.17,-21.98
3.2219,0.9501,0.3884,0.0771,7.77,-7.91,-22.12
3.2242,0.9506,0.3875,0.0752,7.70,-8.26,-21.98
3.2265,0.9521,0.3870,0.0752,7.98,-7.63,-22.26
3.2288,0.9506,0.3894,0.0752,7.28,-7.98,-22.47
3.2312,0.9482,0.3899,0.0717,8.26,-7.77,-22.47
3.2335,0.9482,0.3909,0.0712,6.93,-8.12,-23.03
3.2358,0.9467,0.3899,0.0737,8.19,-7.49,-22.40
3.2381,0.9453,0.3875,0.0747,7.14,-7.84,-23.24
3.2404,0.9443,0.3884,0.0732,7.98,-7.49,-22.47
3.2427,0.9453,0.3919,0.0708,7.14,-7.56,-23.94
3.2451,0.9438,0.3909,0.0712,7.63,-7.35,-22.61
3.2474,0.9457,0.3889,0.0712,7.07,-6.93,-23.03
3.2474,0.9506,0.3909,0.0742,7.14,-6.93,-24.08
3.2475,0.9477,0.3904,0.0737,7.14,-7.14,-23.45
3.2475,0.9443,0.3899,0.0732,6.93,-7.07,-24.50
3.2476,0.9423,0.3899,0.0717,6.86,-6.37,-23.66
3.2476,0.9433,0.3904,0.0722,7.14,-7.07,-24.57
3.2477,0.9443,0.3914,0.0742,6.79,-6.79,-23.80
3.2477,0.9399,0.3914,0.0742,6.86,-7.00,-25.06
3.2478,0.9409,0.3880,0.0698,6.93,-6.51,-24.22
3.2478,0.9457,0.3870,0.0688,6.58,-6.44,-24.64
3.2479,0.9496,0.3865,0.0698,6.79,-6.79,-24.92
3.2479,0.9467,0.3855,0.0717,6.51,-6.23,-24.78
3.2480,0.9418,0.3875,0.0698,6.58,-6.72,-25.13
3.2480,0.9448,0.3889,0.0659,6.58,-6.30,-25.06
3.2481,0.9467,0.3875,0.0683,6.23,-6.37,-25.20
3.2481,0.9482,0.3855,0.0693,6.58,-6.51,-25.27
3.2482,0.9496,0.3865,0.0717,5.88,-6.23,-25.41
3.2482,0.9482,0.3894,0.0698,6.37,-6.58,-25.41
3.2483,0.9467,0.3899,0.0669,5.88,-6.23,-25.97
3.2483,0.9462,0.3899,0.0693,6.23,-6.30,-25.34
3.2484,0.9428,0.3884,0.0712,6.02,-6.44,-26.39
3.2484,0.9453,0.3914,0.0727,6.16,-6.02,-25.20
3.2484,0.9487,0.3933,0.0727,6.02,-5.74,-26.25
3.2485,0.9487,0.3875,0.0678,6.23,-6.58,-25.62
3.2485,0.9496,0.3889,0.0644,5.81,-6.02,-26.39
3.2485,0.9453,0.3928,0.0659,5.60,-6.37,-25.76
3.2486,0.9477,0.3904,0.0693,5.74,-6.02,-26.53
3.2486,0.9501,0.3894,0.0717,5.60,-6.09,-25.62
3.2486,0.9443,0.3928,0.0678,5.67,-6.09,-26.81
3.2487,0.9448,0.3943,0.0669,5.53,-6.09,-25.76
3.2487,0.9467,0.3953,0.0664,5.53,-6.09,-26.95
3.2487,0.9467,0.3943,0.0639,5.46,-6.23,-26.04
3.2488,0.9487,0.3928,0.0649,5.53,-5.88,-26.39
3.2488,0.9501,0.3953,0.0712,5.18,-6.09,-26.25
3.2488,0.9506,0.3972,0.0708,4.97,-6.02,-26.53
3.2489,0.9511,0.3977,0.0659,5.39,-5.95,-26.46
3.2489,0.9477,0.3977,0.0678,4.76,-5.95,-26.46
3.2489,0.9453,0.3948,0.0688,4.97,-6.02,-26.95
3.2490,0.9457,0.3943,0.0644,5.04,-6.37,-26.11
3.2490,0.9453,0.3938,0.0634,4.76,-6.02,-26.81
3.2490,0.9462,0.3924,0.0678,5.11,-6.16,-25.76
3.2492,0.9492,0.3938,0.0688,4.55,-6.23,-26.81
3.2494,0.9472,0.3948,0.0683,5.04,-6.30,-25.83
3.2496,0.9453,0.3924,0.0678,4.69,-6.02,-26.95
3.2498,0.9472,0.3894,0.0693,4.83,-6.09,-25.69
3.2499,0.9448,0.3928,0.0673,4.48,-5.60,-26.81
3.2501,0.9438,0.3938,0.0693,4.62,-6.37,-25.97
3.2503,0.9453,0.3909,0.0698,4.55,-5.95,-26.81
3.2505,0.9477,0.3919,0.0630,4.48,-5.95,-25.69
3.2507,0.9492,0.3933,0.0620,4.41,-6.37,-26.95
3.2509,0.9482,0.3938,0.0620,4.48,-6.02,-25.62
3.2510,0.9462,0.3928,0.0620,4.06,-6.37,-26.88
3.2512,0.9443,0.3948,0.0639,4.48,-6.23,-25.76
3.2514,0.9443,0.3953,0.0664,4.06,-6.30,-26.67
3.2516,0.9453,0.3958,0.0669,4.34,-6.30,-25.83
3.2518,0.9448,0.3977,0.0659,3.85,-6.23,-26.39
3.2519,0.9453,0.3948,0.0673,4.27,-6.44,-25.90
3.2521,0.9462,0.3924,0.0659,3.99,-6.51,-26.04
3.2523,0.9453,0.3958,0.0639,3.99,-6.09,-25.55
3.2525,0.9472,0.3948,0.0659,4.34,-6.37,-26.11
3.2527,0.9477,0.3933,0.0683,3.50,-6.16,-25.62
3.2533,0.9477,0.3914,0.0673,3.85,-6.23,-26.25
3.2539,0.9453,0.3909,0.0630,3.92,-6.44,-25.27
3.2545,0.9472,0.3914,0.0639,3.36,-6.58,-25.90
3.2551,0.9511,0.3894,0.0673,3.64,-6.44,-25.27
3.2558,0.9496,0.3884,0.0693,3.50,-6.23,-25.83
3.2564,0.9506,0.3904,0.0698,3.57,-6.51,-24.92
3.2570,0.9506,0.3884,0.0683,3.08,-6.58,-25.55
3.2576,0.9521,0.3894,0.0654,3.29,-6.44,-25.27
3.2582,0.9555,0.3928,0.0649,3.15,-6.65,-25.27
3.2589,0.9521,0.3899,0.0678,3.29,-6.51,-24.99
3.2595,0.9511,0.3894,0.0664,2.52,-6.79,-25.41
3.2601,0.9516,0.3875,0.0669,2.94,-6.30,-24.71
3.2607,0.9487,0.3870,0.0673,2.87,-7.28,-25.20
3.2613,0.9472,0.3928,0.0664,2.59,-6.51,-24.85
3.2620,0.9487,0.3914,0.0708,2.80,-6.79,-24.71
3.2626,0.9477,0.3924,0.0703,2.73,-6.79,-24.85
3.2632,0.9467,0.3933,0.0703,2.31,-6.86,-24.64
3.2638,0.9467,0.3943,0.0678,2.66,-6.86,-24.50
3.2644,0.9448,0.3933,0.0659,2.10,-6.72,-24.57
3.2651,0.9453,0.3958,0.0654,2.10,-6.93,-24.01
3.2656,0.9472,0.3972,0.0654,1.96,-6.51,-24.50
3.2660,0.9492,0.3972,0.0664,1.82,-7.21,-24.01
3.2665,0.9501,0.3958,0.0693,2.10,-7.07,-24.36
3.2670,0.9477,0.3943,0.0698,1.68,-6.86,-23.94
3.2675,0.9457,0.3963,0.0708,1.75,-6.93,-24.01
3.2680,0.9457,0.3972,0.0752,1.47,-7.14,-24.01
3.2685,0.9477,0.4002,0.0717,1.68,-7.00,-23.73
3.2690,0.9457,0.4006,0.0673,1.12,-6.79,-23.59
3.2695,0.9418,0.3948,0.0688,1.75,-7.00,-23.73
3.2699,0.9414,0.3943,0.0683,1.05,-7.07,-23.38
3.2704,0.9438,0.3963,0.0688,1.26,-7.00,-23.52
3.2709,0.9418,0.3997,0.0717,1.05,-7.07,-23.17
3.2714,0.9409,0.4016,0.0678,0.98,-6.72,-23.31
3.2719,0.9433,0.4002,0.0688,0.91,-6.93,-22.75
3.2724,0.9394,0.3972,0.0722,0.84,-7.21,-23.38
3.2729,0.9360,0.3987,0.0712,0.56,-7.14,-23.10
3.2734,0.9399,0.4016,0.0703,0.56,-7.14,-22.61
3.2738,0.9399,0.3977,0.0708,0.28,-6.93,-22.75
3.2743,0.9365,0.3972,0.0708,0.49,-7.28,-22.82
3.2748,0.9379,0.3992,0.0712,-0.28,-7.07,-22.47
3.2754,0.9374,0.3982,0.0703,0.28,-7.00,-22.75
3.2761,0.9379,0.3972,0.0688,-0.35,-7.21,-22.54
3.2767,0.9399,0.3987,0.0712,-0.28,-7.21,-22.47
3.2773,0.9394,0.3997,0.0727,-0.35,-6.93,-22.26
3.2779,0.9389,0.3972,0.0708,-0.77,-7.07,-22.40
3.2785,0.9418,0.3943,0.0732,-0.56,-7.28,-22.19
3.2792,0.9409,0.3963,0.0737,-0.91,-6.65,-22.54
3.2798,0.9365,0.3909,0.0722,-0.63,-7.07,-22.12
3.2804,0.9409,0.3894,0.0727,-1.05,-7.28,-22.19
3.2810,0.9457,0.3943,0.0752,-1.12,-6.79,-22.26
3.2817,0.9399,0.3963,0.0747,-1.26,-7.14,-22.33
3.2823,0.9360,0.3963,0.0761,-1.47,-7.21,-21.91
3.2829,0.9350,0.3928,0.0815,-1.61,-7.49,-22.33
3.2835,0.9355,0.3884,0.0791,-1.61,-6.58,-21.70
3.2841,0.9355,0.3919,0.0766,-1.89,-6.93,-22.12
3.2848,0.9335,0.4016,0.0781,-2.17,-7.21,-22.19
3.2854,0.9335,0.4031,0.0771,-1.96,-6.58,-21.84
3.2860,0.9340,0.4065,0.0756,-2.38,-7.21,-22.19
3.2866,0.9365,0.4187,0.0761,-2.24,-6.65,-21.70
3.2873,0.9355,0.4231,0.0747,-2.66,-7.56,-22.40
3.2878,0.9340,0.4168,0.0737,-2.38,-6.65,-21.70
3.2884,0.9335,0.4075,0.0717,-2.87,-7.56,-22.47
3.2890,0.9316,0.3997,0.0722,-2.31,-6.65,-21.70
3.2896,0.9296,0.3982,0.0752,-3.22,-7.56,-22.89
3.2902,0.9277,0.3987,0.0727,-2.87,-6.58,-21.35
3.2908,0.9292,0.3987,0.0712,-3.43,-6.93,-22.75
3.2913,0.9311,0.4046,0.0727,-3.29,-6.86,-21.42
3.2919,0.9287,0.4031,0.0752,-3.71,-7.07,-22.89
3.2925,0.9287,0.3948,0.0747,-3.29,-6.86,-21.56
3.2931,0.9262,0.3938,0.0761,-3.99,-6.79,-22.61
3.2937,0.9243,0.3909,0.0776,-3.50,-6.79,-21.70
3.2943,0.9243,0.3899,0.0752,-4.48,-7.07,-22.75
3.2948,0.9262,0.3938,0.0791,-4.06,-6.58,-21.77
3.2954,0.9277,0.3948,0.0771,-4.97,-7.07,-23.03
3.2960,0.9267,0.3958,0.0722,-4.55,-6.93,-22.40
3.2966,0.9257,0.3967,0.0727,-5.11,-6.72,-22.75
3.2972,0.9252,0.3953,0.0752,-4.90,-6.72,-22.26
3.2978,0.9287,0.3938,0.0766,-5.46,-7.14,-22.68
3.2983,0.9292,0.3953,0.0761,-5.25,-6.65,-22.33
3.2989,0.9292,0.3982,0.0786,-5.60,-6.86,-22.75
3.2994,0.9301,0.3997,0.0810,-5.67,-6.79,-22.61
3.2999,0.9296,0.3958,0.0825,-5.88,-6.93,-22.54
3.3004,0.9287,0.3919,0.0815,-6.23,-7.21,-23.17
3.3009,0.9287,0.3924,0.0825,-6.37,-6.37,-22.40
3.3014,0.9267,0.3972,0.0830,-6.23,-6.93,-22.89
3.3019,0.9248,0.3972,0.0825,-6.37,-6.72,-22.75
3.3024,0.9262,0.3958,0.0859,-6.79,-6.93,-22.61
3.3029,0.9287,0.3943,0.0859,-6.65,-6.86,-22.75
3.3034,0.9257,0.3919,0.0830,-7.28,-6.79,-22.89
3.3039,0.9233,0.3958,0.0834,-6.79,-7.07,-22.40
3.3044,0.9262,0.3943,0.0805,-7.07,-6.65,-22.47
3.3049,0.9233,0.3919,0.0800,-8.19,-6.65,-22.75
3.3054,0.9218,0.3909,0.0849,-7.63,-6.72,-22.47
3.3059,0.9233,0.3958,0.0878,-7.98,-6.65,-22.47
3.3064,0.9204,0.3948,0.0830,-7.77,-6.86,-22.26
3.3069,0.9199,0.3938,0.0834,-8.54,-6.93,-22.26
3.3074,0.9174,0.3963,0.0869,-8.19,-6.86,-22.54
3.3079,0.9170,0.3938,0.0859,-8.40,-6.44,-22.12
3.3084,0.9194,0.3924,0.0854,-8.40,-6.86,-22.12
3.3088,0.9140,0.3943,0.0854,-8.82,-6.51,-21.91
3.3108,0.9179,0.3938,0.0830,-8.68,-7.07,-21.98
3.3127,0.9223,0.3943,0.0791,-8.89,-6.79,-21.84
3.3146,0.9199,0.3938,0.0815,-9.17,-6.65,-21.49
3.3165,0.9194,0.3928,0.0869,-8.96,-6.72,-21.70
3.3184,0.9179,0.3958,0.0864,-9.31,-6.51,-21.49
3.3204,0.9199,0.3948,0.0810,-9.38,-6.44,-21.14
3.3223,0.9170,0.3924,0.0800,-9.80,-6.65,-21.49
3.3242,0.9135,0.3914,0.0820,-9.31,-6.86,-20.93
3.3261,0.9174,0.3924,0.0825,-10.22,-6.44,-21.14
3.3280,0.9204,0.3938,0.0825,-9.24,-6.44,-20.65
3.3300,0.9218,0.3963,0.0834,-10.50,-6.79,-21.07
3.3319,0.9199,0.3967,0.0844,-9.80,-6.09,-20.23
3.3338,0.9179,0.3958,0.0844,-10.57,-6.93,-20.65
3.3357,0.9209,0.3987,0.0869,-9.87,-6.37,-20.09
3.3376,0.9179,0.4002,0.0864,-10.50,-6.58,-20.30
3.3396,0.9170,0.3992,0.0844,-10.15,-6.51,-20.23
3.3415,0.9170,0.3967,0.0883,-11.13,-6.44,-19.74
3.3434,0.9155,0.3948,0.0859,-10.57,-6.51,-19.81
3.3453,0.9140,0.3938,0.0839,-10.71,-6.37,-19.39
3.3472,0.9116,0.3958,0.0844,-10.85,-6.65,-19.74
3.3473,0.9106,0.4002,0.0854,-10.78,-6.37,-18.97
3.3473,0.9087,0.4016,0.0869,-11.13,-6.44,-19.32
3.3474,0.9106,0.3987,0.0854,-10.92,-6.51,-18.76
3.3475,0.9121,0.3948,0.0844,-11.06,-6.58,-19.04
3.3475,0.9101,0.3997,0.0874,-11.27,-6.44,-18.48
3.3476,0.9087,0.4026,0.0859,-11.41,-6.30,-19.04
3.3476,0.9062,0.4016,0.0854,-11.41,-6.37,-18.13
3.3477,0.9082,0.4050,0.0913,-11.62,-6.58,-18.69
3.3477,0.9101,0.4055,0.0922,-11.48,-6.58,-18.06
3.3478,0.9101,0.4031,0.0874,-11.76,-6.16,-18.13
3.3478,0.9116,0.4055,0.0834,-11.55,-6.16,-17.78
3.3479,0.9077,0.4094,0.0854,-11.83,-6.65,-17.99
3.3479,0.9062,0.4085,0.0864,-11.55,-6.09,-17.71
3.3480,0.9077,0.4099,0.0859,-11.76,-6.65,-17.78
3.3480,0.9067,0.4148,0.0825,-12.11,-6.58,-17.64
3.3481,0.9087,0.4158,0.0810,-11.76,-5.95,-17.22
3.3482,0.9082,0.4148,0.0834,-12.18,-6.86,-18.06
3.3482,0.9052,0.4187,0.0810,-11.41,-6.93,-17.01
3.3483,0.9048,0.4187,0.0791,-12.32,-6.09,-17.50
3.3483,0.9033,0.4168,0.0805,-11.55,-6.23,-17.01
3.3484,0.9023,0.4202,0.0815,-12.25,-6.51,-17.22
3.3484,0.9033,0.4236,0.0781,-11.76,-6.30,-16.80
3.3484,0.9023,0.4241,0.0820,-12.11,-6.44,-17.29
3.3485,0.9067,0.4207,0.0854,-11.69,-6.58,-16.73
3.3485,0.9091,0.4216,0.0830,-12.11,-6.16,-16.94
3.3485,0.9043,0.4275,0.0795,-11.97,-6.72,-17.01
3.3486,0.9008,0.4270,0.0786,-11.69,-6.09,-16.59
3.3486,0.9008,0.4246,0.0805,-12.32,-7.28,-17.15
3.3486,0.9018,0.4246,0.0800,-11.69,-5.81,-16.38
3.3487,0.9028,0.4255,0.0781,-12.39,-7.28,-17.29
3.3487,0.9043,0.4241,0.0766,-11.62,-6.02,-16.24
3.3487,0.9057,0.4255,0.0781,-12.04,-7.14,-17.15
3.3488,0.9062,0.4270,0.0786,-12.04,-6.16,-16.45
3.3488,0.9052,0.4250,0.0766,-11.76,-7.07,-17.01
3.3488,0.9028,0.4250,0.0747,-11.83,-5.88,-16.24
3.3489,0.8994,0.4260,0.0737,-11.97,-6.72,-17.01
3.3489,0.8989,0.4275,0.0771,-11.62,-6.37,-16.45
3.3489,0.9008,0.4285,0.0761,-11.83,-6.65,-16.87
3.3490,0.9038,0.4285,0.0742,-11.90,-6.72,-16.59
3.3490,0.9062,0.4294,0.0771,-11.97,-6.65,-16.87
3.3495,0.9077,0.4270,0.0742,-11.62,-6.93,-16.59
3.3499,0.9043,0.4246,0.0717,-12.25,-6.37,-17.36
3.3504,0.9018,0.4285,0.0698,-11.62,-7.00,-16.52
3.3509,0.9067,0.4333,0.0659,-11.76,-6.23,-16.87
3.3513,0.9048,0.4338,0.0664,-11.62,-7.07,-16.73
3.3518,0.8965,0.4309,0.0673,-11.97,-6.37,-17.29
3.3522,0.8960,0.4333,0.0644,-11.69,-6.23,-16.73
3.3527,0.8960,0.4309,0.0644,-11.76,-6.86,-17.50
3.3532,0.8926,0.4280,0.0669,-11.13,-5.67,-16.10
3.3536,0.8838,0.4290,0.0693,-11.97,-7.56,-18.34
3.3541,0.8833,0.4294,0.0683,-11.41,-6.23,-16.52
3.3545,0.8886,0.4285,0.0688,-11.90,-6.93,-18.13
3.3550,0.8877,0.4290,0.0654,-11.06,-6.44,-16.59
3.3555,0.8808,0.4270,0.0625,-11.83,-6.72,-18.06
3.3559,0.8799,0.4265,0.0644,-11.06,-6.44,-16.52
3.3564,0.8833,0.4275,0.0649,-11.83,-6.72,-18.27
3.3568,0.8828,0.4275,0.0678,-11.41,-6.79,-16.80
3.3573,0.8828,0.4236,0.0698,-11.69,-6.09,-17.85
3.3578,0.8804,0.4182,0.0664,-11.27,-6.93,-17.43
3.3582,0.8789,0.4202,0.0654,-11.34,-6.30,-17.43
3.3586,0.8789,0.4226,0.0649,-11.27,-6.93,-17.64
3.3590,0.8774,0.4211,0.0639,-11.27,-5.81,-16.94
3.3593,0.8784,0.4216,0.0673,-11.27,-6.65,-17.57
3.3597,0.8774,0.4226,0.0683,-11.27,-6.02,-17.29
3.3601,0.8764,0.4216,0.0678,-11.27,-6.44,-17.92
3.3604,0.8784,0.4177,0.0669,-10.92,-5.81,-16.73
3.3608,0.8794,0.4158,0.0634,-11.55,-5.95,-17.78
3.3612,0.8784,0.4168,0.0630,-10.71,-5.88,-16.73
3.3615,0.8779,0.4192,0.0625,-11.48,-6.16,-18.13
3.3619,0.8745,0.4211,0.0605,-10.99,-5.74,-16.45
3.3623,0.8721,0.4187,0.0634,-11.97,-5.95,-17.64
3.3627,0.8745,0.4182,0.0615,-10.64,-5.95,-17.08
3.3630,0.8764,0.4187,0.0576,-11.34,-5.88,-17.43
3.3634,0.8740,0.4148,0.0595,-10.57,-5.74,-16.66
3.3638,0.8716,0.4153,0.0605,-11.62,-5.74,-17.50
3.3641,0.8745,0.4207,0.0590,-10.92,-5.39,-16.52
3.3645,0.8725,0.4216,0.0581,-11.48,-5.67,-17.57
3.3649,0.8696,0.4182,0.0571,-10.99,-5.39,-16.59
3.3652,0.8701,0.4168,0.0600,-11.27,-5.46,-17.22
3.3656,0.8735,0.4187,0.0605,-10.99,-5.11,-16.94
3.3662,0.8721,0.4236,0.0605,-11.06,-5.74,-17.15
3.3667,0.8696,0.4241,0.0605,-10.85,-4.90,-16.66
3.3673,0.8672,0.4197,0.0571,-10.85,-5.18,-17.01
3.3679,0.8652,0.4163,0.0551,-10.92,-5.25,-16.94
3.3685,0.8677,0.4182,0.0537,-10.71,-4.90,-17.01
3.3690,0.8711,0.4216,0.0561,-10.71,-4.41,-16.38
3.3696,0.8735,0.4221,0.0610,-10.92,-5.25,-17.22
3.3702,0.8750,0.4197,0.0615,-10.64,-4.69,-16.45
3.3707,0.8745,0.4231,0.0556,-10.78,-4.55,-17.22
3.3713,0.8716,0.4231,0.0547,-10.43,-4.76,-16.31
3.3719,0.8662,0.4202,0.0590,-10.78,-4.69,-17.50
3.3725,0.8682,0.4202,0.0600,-10.64,-4.34,-16.10
3.3730,0.8740,0.4241,0.0576,-10.85,-4.20,-17.78
3.3736,0.8725,0.4250,0.0561,-10.29,-4.27,-16.31
3.3742,0.8721,0.4246,0.0581,-10.99,-3.85,-17.15
3.3747,0.8701,0.4255,0.0595,-10.50,-4.41,-16.73
3.3753,0.8691,0.4270,0.0586,-10.64,-3.92,-17.36
3.3759,0.8716,0.4265,0.0556,-10.57,-4.20,-16.87
3.3765,0.8701,0.4211,0.0551,-10.57,-3.99,-17.29
3.3770,0.8706,0.4231,0.0561,-10.15,-3.50,-16.66
3.3786,0.8696,0.4255,0.0542,-10.71,-4.06,-17.71
3.3802,0.8691,0.4260,0.0537,-10.36,-3.71,-16.94
3.3818,0.8735,0.4275,0.0537,-10.50,-4.34,-17.78
3.3834,0.8725,0.4290,0.0542,-10.36,-3.64,-17.29
3.3850,0.8652,0.4314,0.0561,-10.50,-4.06,-17.64
3.3866,0.8672,0.4319,0.0610,-10.29,-3.57,-17.29
3.3882,0.8682,0.4290,0.0576,-10.29,-3.08,-17.78
3.3898,0.8657,0.4265,0.0532,-10.15,-3.57,-17.43
3.3914,0.8667,0.4270,0.0571,-10.15,-3.22,-17.85
3.3930,0.8662,0.4294,0.0556,-9.80,-3.36,-17.71
3.3946,0.8647,0.4285,0.0571,-10.43,-2.87,-17.99
3.3962,0.8633,0.4260,0.0615,-9.80,-3.22,-17.92
3.3978,0.8672,0.4265,0.0581,-10.01,-2.73,-17.99
3.3993,0.8721,0.4280,0.0576,-9.52,-3.15,-18.06
3.4009,0.8721,0.4280,0.0590,-10.08,-2.80,-18.34
3.4025,0.8711,0.4275,0.0581,-9.94,-3.22,-18.55
3.4041,0.8735,0.4260,0.0561,-9.73,-3.01,-18.62
3.4057,0.8760,0.4265,0.0571,-9.80,-3.29,-18.13
3.4073,0.8740,0.4265,0.0586,-9.66,-3.22,-18.76
3.4089,0.8804,0.4270,0.0590,-9.66,-2.87,-18.06
3.4090,0.8813,0.4290,0.0600,-9.45,-2.87,-17.85
3.4090,0.8813,0.4324,0.0620,-9.52,-3.01,-19.32
3.4091,0.8799,0.4319,0.0595,-9.59,-2.59,-18.41
3.4092,0.8838,0.4280,0.0581,-9.31,-3.08,-19.46
3.4092,0.8896,0.4250,0.0595,-9.80,-2.94,-18.20
3.4093,0.8862,0.4246,0.0605,-8.82,-3.36,-19.60
3.4093,0.8847,0.4231,0.0634,-9.45,-2.87,-19.11
3.4094,0.8891,0.4221,0.0610,-9.17,-2.94,-19.11
3.4095,0.8872,0.4246,0.0615,-9.31,-3.15,-19.60
3.4095,0.8901,0.4255,0.0664,-9.31,-2.73,-18.83
3.4096,0.8891,0.4207,0.0664,-9.17,-3.01,-19.81
3.4096,0.8891,0.4202,0.0644,-9.24,-3.36,-18.76
3.4097,0.8945,0.4231,0.0644,-8.96,-3.43,-20.30
3.4098,0.8930,0.4260,0.0634,-9.17,-3.15,-18.76
3.4098,0.8926,0.4265,0.0605,-9.24,-2.94,-20.16
3.4099,0.8950,0.4255,0.0600,-8.89,-3.50,-19.11
3.4099,0.8974,0.4275,0.0610,-8.89,-3.15,-20.37
3.4100,0.8940,0.4285,0.0634,-8.54,-3.22,-18.83
3.4101,0.8921,0.4246,0.0639,-9.52,-3.15,-20.37
3.4101,0.8955,0.4207,0.0664,-8.40,-3.22,-19.25
3.4118,0.8921,0.4197,0.0669,-9.24,-3.15,-20.02
3.4135,0.8926,0.4250,0.0644,-8.89,-3.43,-20.30
3.4151,0.8926,0.4260,0.0600,-8.47,-3.57,-19.88
3.4168,0.8916,0.4260,0.0615,-8.68,-3.50,-19.74
3.4185,0.8882,0.4285,0.0678,-8.40,-3.64,-20.16
3.4202,0.8857,0.4304,0.0688,-8.19,-3.01,-19.18
3.4218,0.8852,0.4299,0.0669,-8.47,-3.99,-20.44
3.4235,0.8862,0.4314,0.0678,-7.91,-3.57,-19.60
3.4252,0.8896,0.4348,0.0669,-8.47,-3.50,-20.30
3.4268,0.8906,0.4314,0.0644,-7.63,-3.64,-19.67
3.4285,0.8886,0.4280,0.0639,-8.54,-3.85,-20.51
3.4302,0.8877,0.4294,0.0644,-7.28,-3.36,-19.18
3.4318,0.8896,0.4294,0.0630,-8.40,-4.06,-20.58
3.4335,0.8921,0.4299,0.0634,-7.28,-3.92,-19.67
3.4352,0.8926,0.4299,0.0654,-8.33,-3.85,-20.30
3.4369,0.8945,0.4304,0.0649,-7.00,-4.20,-19.88
3.4385,0.8969,0.4314,0.0664,-8.05,-3.92,-19.95
3.4402,0.8955,0.4275,0.0669,-7.42,-4.41,-20.37
3.4419,0.8935,0.4270,0.0673,-7.56,-3.43,-20.02
3.4435,0.8979,0.4333,0.0688,-7.70,-4.55,-20.51
3.4436,0.8979,0.4324,0.0678,-7.42,-3.78,-20.37
3.4436,0.8960,0.4285,0.0630,-7.84,-4.90,-20.86
3.4437,0.8979,0.4294,0.0625,-6.93,-3.71,-19.74
3.4438,0.8994,0.4329,0.0630,-7.77,-4.76,-21.35
3.4438,0.9004,0.4324,0.0610,-6.86,-4.06,-19.74
3.4439,0.8999,0.4285,0.0634,-7.77,-4.69,-21.35
3.4439,0.8984,0.4260,0.0659,-6.65,-4.34,-20.09
3.4440,0.8999,0.4265,0.0669,-7.56,-4.55,-21.28
3.4440,0.9004,0.4260,0.0664,-6.58,-4.41,-20.02
3.4441,0.9004,0.4270,0.0678,-7.14,-4.69,-21.63
3.4441,0.8984,0.4275,0.0698,-6.86,-4.62,-20.16
3.4442,0.8979,0.4280,0.0683,-7.07,-4.55,-22.05
3.4443,0.8994,0.4304,0.0688,-6.58,-4.62,-20.37
3.4443,0.8974,0.4294,0.0664,-7.42,-4.69,-21.98
3.4444,0.8989,0.4241,0.0654,-6.79,-5.25,-20.86
3.4444,0.8999,0.4226,0.0703,-6.79,-4.97,-22.26
3.4445,0.8984,0.4231,0.0698,-6.79,-5.53,-21.63
3.4445,0.8994,0.4207,0.0678,-7.07,-4.69,-21.91
3.4446,0.9038,0.4211,0.0678,-6.72,-5.60,-21.98
3.4446,0.8999,0.4202,0.0688,-6.65,-5.11,-22.12
3.4447,0.8930,0.4221,0.0693,-6.86,-5.39,-21.77
3.4447,0.8974,0.4236,0.0654,-6.37,-5.39,-21.98
3.4447,0.8989,0.4197,0.0625,-6.72,-5.60,-22.19
3.4448,0.8974,0.4182,0.0649,-6.51,-5.11,-21.77
3.4448,0.8969,0.4163,0.0669,-6.93,-5.81,-22.96
3.4448,0.8955,0.4187,0.0688,-6.30,-5.32,-21.42
3.4449,0.8974,0.4192,0.0664,-6.58,-5.81,-23.03
3.4449,0.9013,0.4158,0.0625,-6.16,-5.18,-21.70
3.4449,0.9008,0.4182,0.0654,-6.65,-6.02,-23.31
3.4450,0.8994,0.4211,0.0654,-6.30,-5.11,-21.49
3.4450,0.8994,0.4207,0.0639,-6.44,-6.09,-23.38
3.4450,0.8989,0.4202,0.0659,-6.09,-5.25,-21.49
3.4451,0.9023,0.4192,0.0678,-6.51,-6.02,-23.31
3.4451,0.9033,0.4187,0.0634,-6.23,-6.16,-21.77
3.4451,0.9033,0.4221,0.0605,-6.30,-5.53,-22.82
3.4452,0.9028,0.4246,0.0600,-5.74,-6.16,-22.19
3.4452,0.9033,0.4216,0.0590,-6.23,-5.53,-22.26
3.4452,0.9038,0.4211,0.0581,-6.30,-6.44,-22.61
3.4453,0.9023,0.4216,0.0571,-6.09,-5.67,-21.98
3.4453,0.9052,0.4216,0.0615,-5.81,-6.65,-22.54
3.4458,0.9067,0.4207,0.0659,-5.95,-6.02,-21.70
3.4463,0.9057,0.4211,0.0630,-5.88,-6.86,-22.89
3.4468,0.9062,0.4241,0.0600,-5.81,-5.95,-21.28
3.4473,0.9057,0.4246,0.0625,-6.23,-6.58,-22.82
3.4478,0.9023,0.4236,0.0630,-5.53,-6.23,-21.28
3.4483,0.9038,0.4211,0.0639,-6.09,-6.37,-22.40
3.4489,0.9052,0.4197,0.0669,-5.32,-6.58,-21.07
3.4494,0.9004,0.4187,0.0625,-6.16,-6.79,-22.54
3.4499,0.9004,0.4202,0.0615,-5.11,-6.58,-20.58
3.4504,0.9028,0.4211,0.0639,-6.16,-6.37,-21.84
3.4509,0.9043,0.4187,0.0664,-4.83,-7.14,-21.00
3.4514,0.9048,0.4197,0.0634,-6.37,-6.37,-21.28
3.4519,0.9028,0.4202,0.0625,-5.04,-7.00,-21.07
3.4524,0.9077,0.4177,0.0595,-5.81,-6.65,-21.00
3.4529,0.9048,0.4187,0.0605,-5.39,-6.37,-20.58
3.4534,0.9018,0.4211,0.0639,-5.46,-7.63,-21.35
3.4539,0.9013,0.4202,0.0649,-4.97,-6.51,-20.16
3.4544,0.9028,0.4182,0.0630,-5.32,-7.14,-20.86
3.4549,0.9048,0.4197,0.0630,-5.04,-6.86,-19.53
3.4554,0.9038,0.4221,0.0630,-5.67,-7.56,-21.42
3.4560,0.9062,0.4236,0.0586,-4.83,-7.07,-19.11
3.4565,0.9067,0.4192,0.0595,-5.46,-7.42,-21.21
3.4571,0.9062,0.4158,0.0644,-4.62,-7.56,-19.18
3.4576,0.9082,0.4163,0.0644,-5.18,-6.93,-20.79
3.4582,0.9087,0.4177,0.0639,-4.76,-7.63,-19.60
3.4587,0.9057,0.4177,0.0639,-5.25,-7.14,-20.37
3.4593,0.9048,0.4143,0.0639,-4.76,-7.35,-19.04
3.4598,0.9082,0.4153,0.0649,-5.46,-7.42,-19.88
3.4604,0.9067,0.4168,0.0654,-4.69,-7.91,-19.88
3.4609,0.9043,0.4163,0.0678,-5.32,-7.00,-19.39
3.4615,0.9072,0.4177,0.0678,-4.83,-7.98,-20.16
3.4620,0.9096,0.4216,0.0654,-4.90,-7.49,-19.18
3.4626,0.9057,0.4211,0.0673,-5.04,-7.98,-20.16
3.4631,0.9077,0.4172,0.0693,-4.69,-8.05,-20.37
3.4637,0.9072,0.4187,0.0669,-4.41,-7.91,-18.90
3.4642,0.9043,0.4202,0.0630,-5.11,-7.77,-20.23
3.4648,0.9023,0.4177,0.0634,-4.76,-7.98,-19.11
3.4653,0.9043,0.4158,0.0644,-4.97,-7.77,-20.30
3.4659,0.9028,0.4153,0.0664,-5.04,-8.26,-19.18
3.4664,0.9013,0.4163,0.0639,-5.25,-8.05,-20.23
3.4671,0.9077,0.4148,0.0630,-4.83,-8.40,-19.32
3.4677,0.9096,0.4133,0.0664,-5.25,-8.19,-20.44
3.4683,0.9091,0.4114,0.0669,-4.90,-8.68,-19.67
3.4689,0.9101,0.4104,0.0669,-5.04,-8.19,-20.16
3.4695,0.9096,0.4128,0.0669,-4.69,-8.19,-19.60
3.4701,0.9111,0.4148,0.0649,-5.46,-8.54,-20.16
3.4708,0.9087,0.4138,0.0649,-4.76,-8.33,-19.88
3.4714,0.9077,0.4153,0.0703,-5.11,-8.40,-19.81
3.4720,0.9082,0.4177,0.0712,-4.90,-8.47,-20.16
3.4726,0.9077,0.4114,0.0673,-5.04,-8.68,-19.81
3.4732,0.9048,0.4085,0.0712,-5.60,-8.61,-20.58
3.4738,0.9052,0.4075,0.0717,-4.69,-8.19,-19.25
3.4744,0.9096,0.4070,0.0703,-5.53,-8.61,-20.58
3.4751,0.9106,0.4099,0.0717,-5.11,-8.89,-19.53
3.4757,0.9057,0.4133,0.0708,-5.39,-8.89,-21.21
3.4763,0.9057,0.4143,0.0712,-4.90,-8.68,-19.53
3.4769,0.9106,0.4128,0.0727,-5.32,-8.82,-20.79
3.4775,0.9101,0.4124,0.0722,-5.11,-9.03,-19.60
3.4781,0.9062,0.4148,0.0712,-5.39,-8.82,-20.72
3.4788,0.9043,0.4158,0.0732,-5.32,-9.10,-19.46
3.4792,0.9048,0.4133,0.0727,-5.53,-8.96,-20.93
3.4797,0.9091,0.4104,0.0722,-5.25,-9.24,-19.46
3.4802,0.9111,0.4124,0.0766,-5.67,-9.17,-20.44
3.4807,0.9077,0.4119,0.0771,-5.32,-8.96,-19.88
3.4812,0.9096,0.4085,0.0786,-5.18,-9.03,-20.16
3.4817,0.9121,0.4089,0.0766,-5.46,-9.24,-20.02
3.4822,0.9145,0.4089,0.0752,-5.53,-9.38,-19.88
3.4827,0.9140,0.4075,0.0766,-5.32,-8.89,-19.74
3.4831,0.9096,0.4080,0.0732,-5.60,-9.24,-19.74
3.4836,0.9106,0.4085,0.0761,-5.25,-9.24,-19.88
3.4841,0.9121,0.4109,0.0800,-5.67,-9.73,-19.81
3.4846,0.9130,0.4119,0.0810,-5.18,-8.96,-19.74
3.4851,0.9145,0.4094,0.0810,-6.09,-10.29,-19.88
3.4856,0.9150,0.4119,0.0844,-5.18,-8.61,-19.53
3.4861,0.9111,0.4124,0.0854,-6.09,-10.15,-19.39
3.4865,0.9101,0.4094,0.0854,-5.25,-9.17,-19.53
3.4870,0.9121,0.4124,0.0859,-6.09,-9.66,-19.18
3.4875,0.9130,0.4133,0.0844,-5.81,-9.59,-19.32
3.4880,0.9170,0.4119,0.0849,-5.60,-10.08,-19.32
3.4885,0.9155,0.4080,0.0844,-6.16,-9.59,-18.90
3.4891,0.9145,0.4070,0.0800,-5.60,-9.80,-19.18
3.4896,0.9194,0.4085,0.0771,-6.16,-10.22,-19.25
3.4902,0.9189,0.4075,0.0786,-5.46,-9.24,-18.27
3.4908,0.9160,0.4099,0.0800,-6.37,-10.36,-19.11
3.4914,0.9130,0.4075,0.0781,-5.67,-9.31,-18.62
3.4919,0.9130,0.4075,0.0776,-6.23,-10.36,-18.76
3.4925,0.9174,0.4128,0.0805,-5.53,-9.66,-18.55
3.4931,0.9165,0.4128,0.0800,-6.30,-9.80,-18.48
3.4936,0.9121,0.4070,0.0800,-5.95,-10.36,-18.69
3.4942,0.9111,0.4080,0.0830,-5.88,-9.80,-17.99
3.4948,0.9111,0.4124,0.0849,-6.09,-9.87,-18.20
3.4954,0.9096,0.4094,0.0830,-6.23,-9.59,-17.85
3.4959,0.9091,0.4075,0.0844,-6.23,-10.22,-18.48
3.4965,0.9077,0.4065,0.0844,-5.95,-9.66,-17.64
3.4971,0.9067,0.4070,0.0825,-6.23,-10.43,-18.34
3.4977,0.9052,0.4080,0.0849,-5.88,-9.80,-17.64
3.4982,0.9062,0.4070,0.0849,-6.37,-10.22,-17.99
3.4988,0.9048,0.4099,0.0878,-6.30,-9.80,-17.43
3.4994,0.9038,0.4099,0.0869,-6.58,-10.71,-18.13
3.4999,0.9067,0.4119,0.0854,-6.16,-9.59,-17.22
3.5013,0.9028,0.4138,0.0830,-6.58,-10.50,-17.71
3.5027,0.8994,0.4148,0.0820,-6.30,-10.08,-17.22
3.5040,0.9013,0.4177,0.0854,-6.51,-10.15,-17.78
3.5054,0.8979,0.4124,0.0874,-6.58,-9.94,-17.29
3.5068,0.8955,0.4070,0.0903,-6.51,-9.87,-17.43
3.5081,0.8950,0.4065,0.0874,-6.79,-10.01,-17.01
3.5095,0.8969,0.4080,0.0883,-6.37,-10.50,-17.50
3.5108,0.8974,0.4114,0.0893,-6.86,-9.94,-17.15
3.5122,0.8969,0.4094,0.0893,-6.72,-10.01,-17.43
3.5136,0.8984,0.4109,0.0874,-6.93,-10.01,-17.43
3.5149,0.9043,0.4075,0.0844,-6.79,-9.73,-16.73
3.5163,0.8989,0.4055,0.0864,-6.93,-9.94,-17.36
3.5176,0.8999,0.4065,0.0888,-6.93,-10.08,-17.22
3.5190,0.9018,0.4065,0.0878,-6.93,-9.66,-16.94
3.5204,0.9008,0.4085,0.0888,-7.14,-9.80,-17.22
3.5217,0.9033,0.4065,0.0932,-7.00,-9.87,-17.29
3.5231,0.9038,0.4055,0.0903,-7.28,-10.01,-17.43
3.5245,0.9052,0.4050,0.0869,-7.21,-10.08,-16.87
3.5258,0.9023,0.4026,0.0888,-7.42,-10.08,-17.50
3.5272,0.8999,0.4026,0.0908,-7.70,-9.80,-16.45
3.5272,0.9013,0.4002,0.0878,-7.21,-9.94,-17.71
3.5273,0.9033,0.4031,0.0854,-7.49,-9.94,-17.22
3.5273,0.9033,0.4046,0.0888,-7.70,-9.52,-17.50
3.5274,0.9033,0.4036,0.0883,-7.77,-9.94,-17.08
3.5274,0.9013,0.4060,0.0903,-7.91,-9.94,-17.85
3.5275,0.8989,0.4041,0.0917,-7.77,-9.80,-17.36
3.5275,0.9072,0.4016,0.0893,-8.05,-10.01,-17.78
3.5276,0.9082,0.3992,0.0898,-7.49,-9.73,-17.01
3.5276,0.9008,0.3943,0.0917,-8.33,-10.15,-17.78
3.5277,0.9004,0.3938,0.0971,-7.84,-10.08,-17.15
3.5277,0.9018,0.3967,0.0947,-8.40,-9.73,-17.71
3.5278,0.9008,0.4021,0.0878,-7.70,-10.08,-17.50
3.5278,0.8984,0.4041,0.0888,-8.82,-10.08,-17.78
3.5279,0.8965,0.4036,0.0942,-7.98,-9.94,-17.50
3.5279,0.8974,0.4055,0.0966,-8.75,-9.80,-17.57
3.5280,0.9043,0.4041,0.0956,-8.47,-10.01,-17.71
3.5280,0.9038,0.4031,0.0917,-8.82,-9.45,-16.87
3.5280,0.8979,0.4055,0.0942,-8.68,-10.36,-18.06
3.5281,0.8945,0.4041,0.0971,-8.40,-9.38,-16.80
3.5281,0.8935,0.4031,0.0937,-8.89,-9.66,-17.71
3.5284,0.8965,0.4016,0.0952,-8.82,-9.52,-16.87
3.5286,0.8965,0.3992,0.0942,-8.96,-10.50,-17.71
3.5288,0.8960,0.4006,0.0903,-8.68,-9.17,-16.52
3.5290,0.8955,0.4016,0.0903,-9.38,-10.36,-17.92
3.5293,0.8940,0.3987,0.0922,-8.54,-9.38,-16.45
3.5295,0.8969,0.4002,0.0917,-9.45,-10.43,-17.64
3.5297,0.8984,0.4041,0.0913,-9.03,-9.31,-16.59
3.5299,0.8945,0.4041,0.0952,-9.52,-10.15,-17.08
3.5302,0.8945,0.3992,0.0952,-8.96,-9.52,-16.45
3.5304,0.8950,0.3972,0.0922,-9.66,-9.52,-16.59
3.5306,0.8940,0.3977,0.0927,-8.89,-9.59,-16.80
3.5308,0.8916,0.3963,0.0917,-9.59,-9.45,-16.10
3.5311,0.8911,0.3953,0.0893,-9.17,-9.59,-16.45
3.5313,0.8984,0.3933,0.0903,-9.24,-9.03,-15.75
3.5315,0.8979,0.3938,0.0922,-9.66,-9.73,-16.38
3.5317,0.8935,0.3924,0.0913,-9.59,-9.24,-15.47
3.5319,0.8930,0.3933,0.0903,-9.59,-9.52,-16.31
3.5322,0.8940,0.3972,0.0922,-9.52,-9.10,-15.12
3.5324,0.8935,0.3928,0.0937,-9.87,-9.87,-16.31
3.5326,0.8940,0.3894,0.0927,-9.66,-8.47,-14.49
3.5333,0.8955,0.3943,0.0908,-10.15,-9.80,-15.82
3.5340,0.8945,0.3958,0.0922,-9.66,-9.17,-14.56
3.5347,0.8955,0.3943,0.0932,-10.36,-9.66,-15.47
3.5353,0.8950,0.3948,0.0913,-9.66,-8.89,-14.35
3.5360,0.8911,0.3958,0.0927,-10.50,-9.03,-15.12
3.5367,0.8974,0.3967,0.0932,-10.36,-8.96,-14.28
3.5374,0.8935,0.3953,0.0937,-9.87,-9.24,-14.21
3.5381,0.8862,0.3972,0.0971,-10.36,-8.47,-13.79
3.5388,0.8872,0.3997,0.0961,-10.29,-9.10,-13.93
3.5394,0.8852,0.4026,0.0913,-10.43,-8.40,-13.51
3.5401,0.8857,0.4011,0.0893,-10.50,-9.03,-13.86
3.5408,0.8896,0.3987,0.0908,-10.22,-8.47,-13.37
3.5415,0.8886,0.4021,0.0922,-10.85,-8.89,-13.72
3.5422,0.8867,0.3992,0.0932,-10.08,-8.05,-12.95
3.5429,0.8847,0.3963,0.0952,-10.99,-8.82,-13.51
3.5435,0.8862,0.3958,0.0971,-10.15,-8.12,-12.74
3.5442,0.8867,0.3948,0.0956,-11.06,-8.47,-12.95
3.5449,0.8857,0.3982,0.0898,-10.29,-8.33,-12.53
3.5456,0.8896,0.4016,0.0903,-11.27,-8.47,-13.09
3.5463,0.8886,0.3982,0.0942,-10.78,-7.91,-12.11
3.5467,0.8857,0.3958,0.0956,-10.85,-8.05,-12.74
3.5471,0.8862,0.3977,0.0976,-10.64,-8.12,-11.76
3.5476,0.8857,0.3987,0.0976,-11.20,-8.12,-12.67
3.5480,0.8833,0.3958,0.0947,-10.78,-7.98,-11.62
3.5485,0.8867,0.3967,0.0927,-11.06,-8.26,-12.32
3.5489,0.8896,0.4006,0.0937,-10.92,-8.26,-11.83
3.5494,0.8852,0.4011,0.0966,-10.99,-7.49,-11.97
3.5498,0.8867,0.4031,0.0981,-11.55,-8.12,-11.76
3.5502,0.8852,0.4016,0.0956,-11.06,-7.91,-11.41
3.5507,0.8818,0.3963,0.0986,-11.69,-7.91,-11.90
3.5511,0.8847,0.3963,0.1030,-11.20,-7.28,-10.50
3.5516,0.8808,0.3967,0.0986,-11.55,-8.12,-12.11
3.5520,0.8789,0.3972,0.0986,-11.48,-7.35,-10.71
3.5525,0.8804,0.3977,0.1035,-11.48,-8.05,-11.76
3.5529,0.8779,0.3987,0.0976,-11.41,-6.72,-10.29
3.5533,0.8760,0.4011,0.0947,-11.83,-7.84,-11.55
3.5538,0.8779,0.3982,0.1005,-11.48,-7.21,-10.36
3.5542,0.8755,0.3997,0.0996,-11.90,-7.35,-11.41
3.5547,0.8682,0.3997,0.0996,-11.55,-6.72,-10.22
3.5551,0.8706,0.4011,0.1000,-11.90,-7.63,-11.41
3.5564,0.8735,0.4031,0.1005,-11.76,-6.58,-9.94
3.5577,0.8745,0.3987,0.1015,-11.97,-7.35,-11.48
3.5589,0.8750,0.4021,0.1030,-12.04,-7.14,-11.06
3.5602,0.8730,0.4021,0.1030,-11.90,-6.51,-9.66
3.5615,0.8706,0.4080,0.1025,-12.39,-6.72,-10.85
3.5628,0.8701,0.4104,0.1035,-11.90,-6.58,-9.80
3.5640,0.8706,0.4050,0.0996,-12.60,-6.16,-10.29
3.5653,0.8721,0.4050,0.0991,-12.18,-6.58,-10.29
3.5666,0.8745,0.4065,0.1059,-12.39,-6.37,-10.08
3.5679,0.8750,0.4055,0.1054,-12.39,-6.30,-10.36
3.5692,0.8706,0.4085,0.1025,-12.60,-5.81,-9.59
3.5704,0.8667,0.4109,0.1039,-12.04,-6.51,-10.36
3.5717,0.8682,0.4065,0.1025,-12.25,-6.16,-9.52
3.5730,0.8721,0.4055,0.1010,-12.67,-6.09,-9.80
3.5743,0.8711,0.4094,0.1030,-12.46,-5.67,-9.24
3.5755,0.8667,0.4099,0.1030,-12.95,-6.30,-10.43
3.5768,0.8667,0.4104,0.1025,-12.39,-5.25,-9.03
3.5781,0.8672,0.4114,0.1039,-12.74,-5.95,-10.01
3.5794,0.8672,0.4124,0.1039,-12.39,-4.90,-8.75
3.5806,0.8672,0.4124,0.1030,-13.09,-5.88,-10.50
3.5812,0.8657,0.4104,0.1025,-12.11,-5.11,-8.54
3.5817,0.8691,0.4109,0.1010,-11.83,-4.48,-8.40
3.5823,0.8686,0.4119,0.1030,-13.51,-6.30,-10.64
3.5828,0.8701,0.4133,0.1030,-12.11,-4.69,-8.47
3.5833,0.8735,0.4168,0.1049,-13.37,-5.53,-10.08
3.5839,0.8735,0.4192,0.1059,-12.74,-4.69,-8.75
3.5844,0.8711,0.4187,0.1074,-13.16,-5.32,-10.22
3.5850,0.8682,0.4192,0.1049,-12.60,-4.76,-8.61
3.5855,0.8716,0.4177,0.1044,-13.16,-4.90,-9.66
3.5860,0.8725,0.4177,0.1039,-12.67,-5.18,-9.24
3.5866,0.8677,0.4211,0.1069,-12.81,-4.34,-9.03
3.5871,0.8672,0.4197,0.1118,-12.95,-5.18,-9.31
3.5876,0.8677,0.4153,0.1103,-12.88,-4.55,-8.89
3.5882,0.8677,0.4172,0.1108,-13.37,-5.32,-9.59
3.5887,0.8682,0.4207,0.1113,-12.74,-4.13,-8.54
3.5893,0.8691,0.4182,0.1108,-13.44,-4.83,-9.73
3.5898,0.8725,0.4202,0.1113,-12.95,-4.34,-8.75
3.5903,0.8764,0.4202,0.1093,-13.44,-4.69,-9.66
3.5909,0.8789,0.4168,0.1078,-12.67,-4.06,-8.26
3.5914,0.8784,0.4177,0.1059,-13.44,-4.62,-9.59
3.5919,0.8823,0.4163,0.1098,-12.60,-3.92,-7.84
3.5923,0.8828,0.4143,0.1118,-12.53,-4.06,-8.05
3.5928,0.8813,0.4124,0.1147,-13.58,-4.34,-9.59
3.5932,0.8813,0.4148,0.1113,-12.88,-4.48,-8.05
3.5937,0.8833,0.4143,0.1069,-13.79,-4.27,-9.24
3.5941,0.8852,0.4172,0.1113,-12.88,-4.41,-8.40
3.5946,0.8823,0.4207,0.1118,-13.79,-4.20,-8.96
3.5950,0.8794,0.4177,0.1132,-12.88,-4.55,-8.40
3.5955,0.8818,0.4158,0.1122,-13.44,-3.78,-8.33
3.5959,0.8813,0.4182,0.1122,-12.88,-4.48,-8.82
3.5964,0.8813,0.4197,0.1171,-13.23,-3.85,-8.26
3.5968,0.8833,0.4168,0.1171,-13.23,-4.34,-8.68
3.5973,0.8828,0.4177,0.1157,-13.44,-4.06,-8.12
3.5977,0.8799,0.4207,0.1147,-13.30,-4.55,-8.82
3.5982,0.8779,0.4226,0.1186,-13.09,-3.71,-7.98
3.5986,0.8779,0.4231,0.1181,-13.51,-4.62,-8.61
3.5991,0.8774,0.4216,0.1132,-12.60,-3.57,-7.56
3.5995,0.8730,0.4231,0.1103,-13.23,-4.34,-8.47
3.6000,0.8784,0.4246,0.1152,-12.74,-3.78,-7.35
3.6004,0.8774,0.4255,0.1127,-12.53,-3.85,-7.49
3.6019,0.8784,0.4265,0.1137,-13.51,-3.92,-8.40
3.6033,0.8808,0.4260,0.1142,-12.74,-4.48,-7.91
3.6048,0.8784,0.4246,0.1147,-13.09,-3.36,-7.70
3.6062,0.8799,0.4270,0.1122,-12.88,-4.62,-8.19
3.6077,0.8799,0.4299,0.1103,-13.16,-3.08,-7.42
3.6091,0.8784,0.4260,0.1147,-12.88,-4.55,-8.26
3.6106,0.8799,0.4241,0.1171,-12.81,-3.64,-7.77
3.6120,0.8823,0.4265,0.1166,-13.16,-4.41,-8.68
3.6135,0.8857,0.4270,0.1132,-12.81,-3.22,-7.21
3.6149,0.8872,0.4290,0.1137,-12.95,-4.48,-8.47
3.6164,0.8877,0.4314,0.1157,-12.46,-3.36,-7.42
3.6178,0.8901,0.4290,0.1122,-13.09,-4.13,-8.47
3.6193,0.8896,0.4275,0.1098,-12.18,-3.85,-7.21
3.6207,0.8906,0.4280,0.1108,-13.16,-4.06,-8.89
3.6222,0.8911,0.4280,0.1118,-12.32,-3.78,-7.07
3.6236,0.8872,0.4275,0.1142,-13.16,-4.55,-9.03
3.6251,0.8926,0.4280,0.1181,-13.16,-3.36,-8.54
3.6265,0.8940,0.4280,0.1176,-12.18,-4.34,-7.14
3.6280,0.8891,0.4290,0.1137,-12.95,-3.92,-8.68
3.6294,0.8906,0.4260,0.1137,-12.60,-4.34,-7.63
3.6295,0.8926,0.4241,0.1157,-12.60,-3.92,-8.54
3.6296,0.8916,0.4246,0.1171,-12.53,-4.90,-8.12
3.6296,0.8916,0.4226,0.1171,-12.46,-3.64,-7.91
3.6297,0.8926,0.4231,0.1152,-12.60,-5.18,-8.82
3.6297,0.8955,0.4241,0.1152,-12.32,-4.06,-7.91
3.6298,0.8911,0.4270,0.1152,-12.95,-4.76,-8.68
3.6298,0.8877,0.4290,0.1166,-11.90,-3.99,-7.28
3.6299,0.8901,0.4290,0.1147,-12.67,-4.97,-9.24
3.6299,0.8906,0.4280,0.1122,-12.32,-4.20,-7.77
3.6300,0.8886,0.4285,0.1137,-12.60,-4.55,-9.03
3.6300,0.8891,0.4338,0.1142,-12.11,-4.55,-7.56
3.6301,0.8911,0.4304,0.1181,-12.67,-4.76,-9.17
3.6301,0.8930,0.4255,0.1176,-11.90,-4.69,-7.63
3.6302,0.8940,0.4280,0.1137,-12.46,-4.76,-8.89
3.6302,0.8935,0.4250,0.1186,-12.04,-4.83,-8.05
3.6303,0.8901,0.4216,0.1191,-12.39,-4.27,-8.82
3.6303,0.8901,0.4207,0.1152,-12.18,-5.18,-8.33
3.6304,0.8955,0.4207,0.1118,-12.32,-4.48,-8.61
3.6304,0.8965,0.4226,0.1108,-11.97,-4.69,-8.26
3.6305,0.8926,0.4216,0.1108,-12.04,-4.34,-8.68
3.6308,0.8916,0.4246,0.1083,-11.97,-5.32,-8.61
3.6310,0.8979,0.4285,0.1108,-12.11,-4.55,-8.33
3.6313,0.9023,0.4250,0.1113,-11.90,-5.53,-8.96
3.6316,0.8974,0.4221,0.1113,-11.90,-4.27,-8.05
3.6319,0.8965,0.4216,0.1078,-11.97,-5.32,-8.68
3.6321,0.8999,0.4241,0.1039,-11.83,-4.48,-8.19
3.6324,0.8999,0.4285,0.1059,-12.11,-5.18,-8.96
3.6327,0.8984,0.4319,0.1088,-11.34,-4.90,-7.91
3.6330,0.8969,0.4314,0.1088,-12.11,-5.46,-8.96
3.6332,0.8974,0.4275,0.1049,-11.55,-4.97,-7.91
3.6335,0.9004,0.4290,0.1054,-12.04,-5.53,-9.17
3.6338,0.9013,0.4294,0.1093,-11.34,-5.04,-7.70
3.6341,0.8999,0.4285,0.1059,-12.04,-5.25,-9.31
3.6343,0.9023,0.4299,0.1035,-10.99,-5.46,-7.70
3.6346,0.9048,0.4294,0.1069,-11.76,-5.67,-9.03
3.6349,0.9067,0.4294,0.1093,-11.48,-5.74,-8.05
3.6352,0.9038,0.4275,0.1078,-11.06,-5.18,-8.40
3.6354,0.8965,0.4270,0.1049,-11.20,-6.02,-8.40
3.6357,0.8979,0.4280,0.1083,-11.13,-5.32,-7.84
3.6360,0.8979,0.4285,0.1088,-10.99,-5.88,-8.47
3.6365,0.8989,0.4294,0.1069,-11.13,-5.67,-7.98
3.6370,0.8994,0.4309,0.1064,-11.20,-6.37,-8.68
3.6376,0.8960,0.4333,0.1049,-10.99,-5.39,-7.63
3.6381,0.8969,0.4324,0.1088,-11.06,-5.81,-8.75
3.6387,0.8965,0.4324,0.1103,-10.78,-5.95,-7.49
3.6392,0.8974,0.4290,0.1093,-10.99,-5.81,-8.47
3.6397,0.8974,0.4241,0.1078,-10.71,-6.09,-7.28
3.6403,0.8969,0.4260,0.1069,-11.13,-5.88,-8.68
3.6408,0.9008,0.4265,0.1122,-10.64,-6.02,-7.42
3.6413,0.9013,0.4260,0.1122,-10.99,-5.88,-8.61
3.6419,0.9013,0.4265,0.1098,-10.08,-6.16,-7.14
3.6424,0.9004,0.4226,0.1132,-10.92,-5.88,-8.26
3.6430,0.9008,0.4241,0.1132,-10.57,-6.44,-8.12
3.6435,0.9018,0.4231,0.1122,-10.50,-6.02,-7.35
3.6440,0.8999,0.4246,0.1113,-10.57,-6.30,-7.98
3.6446,0.8965,0.4285,0.1137,-10.01,-6.02,-7.21
3.6451,0.8989,0.4255,0.1113,-10.78,-6.23,-7.70
3.6456,0.9004,0.4197,0.1059,-10.01,-6.44,-7.77
3.6462,0.9004,0.4202,0.1088,-10.29,-6.16,-7.42
3.6467,0.9023,0.4255,0.1113,-10.36,-6.09,-7.42
3.6473,0.9048,0.4231,0.1074,-10.36,-6.23,-7.42
3.6479,0.9057,0.4211,0.1098,-10.08,-6.44,-7.49
3.6485,0.9033,0.4207,0.1127,-10.36,-6.65,-7.21
3.6491,0.9057,0.4197,0.1137,-10.08,-6.02,-7.28
3.6497,0.9067,0.4211,0.1098,-10.29,-6.65,-7.49
3.6503,0.9033,0.4241,0.1049,-9.94,-6.58,-7.21
3.6509,0.8999,0.4226,0.1088,-10.22,-6.37,-7.14
3.6515,0.9018,0.4211,0.1122,-9.80,-6.51,-7.28
3.6521,0.9048,0.4241,0.1152,-9.80,-6.44,-6.58
3.6527,0.8999,0.4246,0.1142,-10.29,-6.58,-7.84
3.6533,0.9004,0.4221,0.1108,-9.31,-6.58,-6.51
3.6539,0.9013,0.4202,0.1103,-10.71,-6.86,-7.77
3.6545,0.9004,0.4168,0.1078,-10.15,-6.23,-6.72
3.6551,0.8984,0.4177,0.1083,-9.52,-6.93,-7.00
3.6557,0.8979,0.4168,0.1093,-9.80,-6.37,-6.79
3.6563,0.9008,0.4148,0.1098,-9.80,-6.72,-6.93
3.6569,0.8979,0.4119,0.1137,-9.52,-6.16,-6.72
3.6575,0.8955,0.4109,0.1113,-9.87,-6.79,-6.93
3.6581,0.8979,0.4109,0.1088,-9.73,-6.58,-6.65
3.6587,0.8979,0.4128,0.1093,-9.94,-6.72,-6.93
3.6592,0.8974,0.4128,0.1074,-9.73,-6.65,-6.44
3.6598,0.8994,0.4133,0.1078,-10.01,-6.79,-6.51
3.6603,0.8999,0.4128,0.1069,-9.52,-6.30,-6.37
3.6608,0.8965,0.4128,0.1078,-10.08,-6.58,-6.72
3.6614,0.8926,0.4138,0.1098,-9.45,-6.23,-6.16
3.6619,0.8960,0.4094,0.1132,-9.80,-6.44,-6.51
3.6624,0.8979,0.4085,0.1161,-9.66,-6.30,-5.81
3.6630,0.8940,0.4094,0.1157,-9.94,-6.44,-6.79
3.6635,0.8906,0.4065,0.1113,-9.45,-6.16,-6.16
3.6640,0.8916,0.4080,0.1083,-9.87,-6.09,-6.58
3.6646,0.8921,0.4094,0.1113,-9.94,-6.30,-6.09
3.6651,0.8886,0.4104,0.1093,-9.66,-6.02,-6.37
3.6656,0.8862,0.4119,0.1093,-9.66,-6.02,-5.88
3.6662,0.8877,0.4099,0.1157,-9.94,-5.67,-6.09
3.6667,0.8862,0.4114,0.1166,-9.66,-5.67,-5.81
3.6672,0.8838,0.4104,0.1171,-10.15,-6.09,-6.09
3.6677,0.8838,0.4070,0.1157,-9.73,-5.60,-5.53
3.6683,0.8828,0.4075,0.1113,-9.80,-6.23,-6.09
3.6688,0.8838,0.4060,0.1166,-9.66,-5.81,-5.74
3.6693,0.8843,0.4055,0.1176,-10.08,-5.95,-5.81
3.6699,0.8843,0.4031,0.1142,-9.73,-5.67,-5.74
3.6705,0.8862,0.4011,0.1108,-9.94,-5.74,-5.67
3.6710,0.8862,0.4055,0.1122,-9.59,-5.60,-5.46
3.6716,0.8862,0.4036,0.1127,-10.15,-5.18,-5.88
3.6721,0.8862,0.4016,0.1118,-9.73,-5.60,-5.32
3.6727,0.8882,0.4046,0.1127,-10.15,-4.48,-5.39
3.6733,0.8896,0.4041,0.1152,-9.66,-5.81,-5.60
3.6738,0.8896,0.4036,0.1142,-9.94,-5.04,-5.32
3.6744,0.8891,0.4026,0.1108,-10.15,-5.46,-5.95
3.6749,0.8857,0.4011,0.1137,-9.94,-4.27,-4.55
3.6755,0.8872,0.4021,0.1118,-10.43,-5.46,-5.81
3.6760,0.8877,0.4021,0.1088,-9.66,-4.34,-4.76
3.6766,0.8852,0.4026,0.1113,-10.36,-5.04,-5.53
3.6772,0.8838,0.4011,0.1142,-9.94,-4.06,-4.41
3.6777,0.8862,0.3982,0.1147,-10.50,-4.62,-5.11
3.6783,0.8847,0.3972,0.1142,-9.87,-4.41,-4.62
3.6788,0.8823,0.3997,0.1142,-10.50,-4.20,-5.04
3.6794,0.8838,0.4021,0.1118,-9.87,-4.69,-4.76
3.6799,0.8843,0.4021,0.1132,-10.71,-3.78,-4.55
3.6805,0.8862,0.4026,0.1118,-9.94,-4.13,-4.48
3.6811,0.8867,0.4041,0.1113,-10.36,-3.78,-4.48
3.6817,0.8872,0.4055,0.1118,-10.08,-4.06,-4.34
3.6823,0.8838,0.4046,0.1118,-10.22,-3.22,-4.06
3.6829,0.8799,0.4065,0.1147,-10.43,-4.06,-4.90
3.6835,0.8799,0.4104,0.1113,-10.29,-3.43,-4.13
3.6841,0.8813,0.4055,0.1108,-10.43,-3.71,-4.69
3.6847,0.8823,0.4011,0.1113,-10.22,-3.64,-4.41
3.6853,0.8872,0.4085,0.1088,-10.57,-3.36,-3.99
3.6859,0.8833,0.4133,0.1093,-10.50,-3.43,-4.34
3.6865,0.8813,0.4119,0.1083,-10.22,-3.01,-4.06
3.6871,0.8833,0.4080,0.1088,-10.85,-3.15,-4.13
3.6877,0.8872,0.4099,0.1088,-10.57,-2.94,-3.92
3.6883,0.8877,0.4075,0.1088,-10.64,-3.08,-4.13
3.6889,0.8847,0.4026,0.1118,-10.15,-3.01,-3.92
3.6895,0.8818,0.4050,0.1147,-10.64,-2.59,-3.99
3.6901,0.8794,0.4075,0.1166,-10.50,-2.94,-3.78
3.6907,0.8799,0.4070,0.1147,-10.64,-2.17,-3.78
3.6913,0.8843,0.4080,0.1132,-10.43,-2.66,-3.85
3.6919,0.8852,0.4085,0.1142,-10.57,-2.31,-3.71
3.6925,0.8862,0.4075,0.1147,-10.64,-2.87,-3.92
3.6930,0.8857,0.4065,0.1181,-10.50,-2.03,-3.78
3.6936,0.8852,0.4080,0.1196,-10.64,-2.45,-3.78
3.6941,0.8862,0.4109,0.1171,-10.71,-2.03,-3.57
3.6947,0.8872,0.4114,0.1142,-10.64,-2.24,-3.71
3.6952,0.8862,0.4114,0.1137,-10.64,-1.89,-3.50
3.6958,0.8872,0.4104,0.1147,-10.50,-2.59,-4.06
3.6963,0.8906,0.4104,0.1137,-10.43,-2.10,-3.50
3.6968,0.8882,0.4124,0.1142,-10.50,-1.96,-3.15
3.6974,0.8906,0.4094,0.1161,-10.50,-2.03,-4.34
3.6979,0.8955,0.4104,0.1181,-10.92,-1.47,-2.87
3.6985,0.8965,0.4109,0.1157,-10.50,-1.96,-4.27
3.6990,0.8950,0.4138,0.1122,-10.22,-2.17,-3.36
3.6996,0.8935,0.4187,0.1113,-10.78,-0.98,-3.57
3.7001,0.8901,0.4192,0.1147,-10.15,-2.45,-3.78
3.7007,0.8882,0.4163,0.1161,-10.57,-1.40,-3.64
3.7012,0.8886,0.4158,0.1152,-10.64,-1.75,-3.36
3.7018,0.8882,0.4138,0.1122,-10.36,-1.19,-3.57
3.7023,0.8896,0.4133,0.1161,-10.64,-2.45,-3.85
3.7028,0.8877,0.4133,0.1196,-10.43,-0.91,-3.15
3.7034,0.8877,0.4133,0.1176,-10.57,-2.38,-4.27
3.7044,0.8921,0.4163,0.1166,-10.43,-1.26,-3.15
3.7055,0.8921,0.4148,0.1166,-10.36,-1.68,-4.13
3.7065,0.8916,0.4158,0.1166,-10.22,-1.47,-3.08
3.7076,0.8906,0.4192,0.1147,-10.15,-1.96,-4.06
3.7086,0.8896,0.4192,0.1166,-10.57,-1.61,-3.08
3.7096,0.8882,0.4172,0.1176,-10.08,-1.12,-4.20
3.7107,0.8886,0.4172,0.1181,-10.36,-1.68,-3.01
3.7117,0.8896,0.4202,0.1200,-10.08,-1.47,-4.13
3.7128,0.8872,0.4236,0.1186,-10.36,-1.82,-3.50
3.7138,0.8882,0.4236,0.1171,-10.22,-0.77,-3.64
3.7149,0.8886,0.4197,0.1191,-9.87,-1.96,-3.50
3.7159,0.8891,0.4211,0.1210,-10.08,-0.91,-3.50
3.7169,0.8930,0.4231,0.1191,-10.15,-2.10,-3.78
3.7180,0.8930,0.4216,0.1147,-9.80,-0.98,-3.43
3.7190,0.8901,0.4236,0.1142,-10.15,-1.54,-3.78
3.7201,0.8935,0.4260,0.1205,-9.87,-1.61,-3.50
3.7211,0.8969,0.4255,0.1225,-10.08,-1.26,-3.85
3.7221,0.8911,0.4231,0.1181,-9.87,-1.75,-3.15
3.7232,0.8891,0.4192,0.1152,-10.01,-1.40,-4.13
3.7242,0.8930,0.4187,0.1152,-9.66,-1.68,-2.94
3.7243,0.8930,0.4192,0.1152,-9.94,-1.40,-4.27
3.7244,0.8935,0.4197,0.1176,-9.38,-1.96,-3.08
3.7245,0.8916,0.4226,0.1191,-9.52,-1.05,-4.20
3.7245,0.8867,0.4246,0.1166,-9.45,-2.03,-3.50
3.7246,0.8862,0.4226,0.1161,-9.87,-0.98,-3.92
3.7247,0.8891,0.4207,0.1191,-9.24,-1.82,-3.36
3.7248,0.8911,0.4182,0.1200,-9.87,-0.98,-3.78
3.7248,0.8911,0.4202,0.1186,-9.17,-1.82,-3.43
3.7249,0.8862,0.4231,0.1171,-9.73,-0.91,-3.36
3.7250,0.8862,0.4192,0.1166,-8.82,-1.89,-3.64
3.7251,0.8901,0.4163,0.1181,-9.45,-1.05,-3.29
3.7251,0.8911,0.4158,0.1230,-9.03,-1.47,-3.99
3.7252,0.8906,0.4207,0.1225,-9.45,-1.05,-2.59
3.7253,0.8867,0.4226,0.1152,-8.75,-1.54,-4.34
3.7254,0.8847,0.4177,0.1176,-8.96,-1.12,-2.87
3.7254,0.8857,0.4168,0.1220,-9.17,-1.54,-4.06
3.7255,0.8862,0.4202,0.1181,-8.61,-1.40,-3.01
3.7256,0.8901,0.4197,0.1191,-9.17,-1.26,-3.57
3.7257,0.8921,0.4197,0.1235,-8.26,-1.68,-3.36
3.7257,0.8921,0.4197,0.1205,-8.96,-1.54,-3.43
3.7268,0.8930,0.4163,0.1191,-8.19,-1.68,-3.29
3.7278,0.8906,0.4197,0.1196,-8.68,-1.82,-3.36
3.7288,0.8896,0.4236,0.1196,-8.05,-1.61,-2.94
3.7298,0.8911,0.4231,0.1186,-8.89,-2.03,-3.64
3.7309,0.8921,0.4231,0.1161,-7.84,-1.26,-3.15
3.7319,0.8921,0.4216,0.1161,-8.61,-1.61,-3.50
3.7329,0.8940,0.4207,0.1166,-7.77,-1.47,-2.87
3.7340,0.8979,0.4226,0.1137,-8.47,-1.96,-3.43
3.7350,0.8965,0.4226,0.1122,-7.84,-1.54,-3.08
3.7360,0.8950,0.4207,0.1137,-8.26,-2.17,-3.50
3.7370,0.8945,0.4221,0.1113,-7.70,-1.61,-2.38
3.7381,0.8935,0.4202,0.1113,-8.12,-1.96,-3.43
3.7391,0.8945,0.4187,0.1137,-7.42,-2.17,-2.45
3.7401,0.8955,0.4192,0.1161,-7.49,-2.17,-3.29
3.7411,0.8930,0.4211,0.1171,-7.77,-2.03,-2.87
3.7422,0.8930,0.4211,0.1137,-7.49,-1.96,-2.73
3.7432,0.8989,0.4168,0.1147,-7.28,-1.96,-2.59
3.7442,0.9033,0.4177,0.1171,-7.14,-2.66,-2.94
3.7452,0.9033,0.4172,0.1186,-7.21,-2.24,-2.73
3.7463,0.9023,0.4153,0.1166,-7.28,-2.10,-2.17
3.7467,0.9008,0.4172,0.1161,-7.42,-2.38,-2.38
3.7472,0.8984,0.4187,0.1191,-6.86,-2.59,-2.66
3.7477,0.8965,0.4187,0.1191,-7.14,-2.38,-2.17
3.7482,0.8969,0.4148,0.1176,-6.93,-2.31,-2.52
3.7487,0.8984,0.4133,0.1176,-6.65,-2.52,-2.31
3.7492,0.8955,0.4172,0.1152,-6.79,-2.59,-2.03
3.7497,0.8955,0.4197,0.1142,-6.37,-2.73,-2.24
3.7502,0.8965,0.4182,0.1132,-6.51,-2.87,-2.03
3.7506,0.8965,0.4138,0.1142,-6.37,-2.59,-2.38
3.7511,0.8965,0.4153,0.1161,-6.65,-2.87,-2.17
3.7516,0.8940,0.4207,0.1166,-6.30,-2.87,-2.03
3.7521,0.8926,0.4177,0.1171,-6.44,-2.94,-1.96
3.7526,0.8916,0.4158,0.1186,-6.09,-3.29,-2.10
3.7531,0.8896,0.4202,0.1171,-6.09,-2.66,-1.89
3.7536,0.8882,0.4192,0.1152,-6.23,-3.08,-2.03
3.7540,0.8872,0.4168,0.1186,-5.88,-2.87,-1.75
3.7545,0.8857,0.4148,0.1166,-5.95,-2.87,-1.68
3.7550,0.8833,0.4109,0.1152,-5.74,-3.08,-1.89
3.7555,0.8852,0.4124,0.1200,-5.67,-3.22,-1.61
3.7560,0.8862,0.4128,0.1196,-5.60,-3.36,-2.17
3.7566,0.8857,0.4148,0.1181,-6.02,-3.29,-1.26
3.7572,0.8886,0.4143,0.1186,-5.39,-3.71,-1.26
3.7579,0.8877,0.4128,0.1191,-5.95,-3.08,-2.10
3.7585,0.8833,0.4133,0.1210,-5.46,-3.36,-1.19
3.7591,0.8843,0.4138,0.1196,-5.81,-3.15,-2.31
3.7598,0.8852,0.4148,0.1186,-5.18,-3.43,-0.91
3.7604,0.8882,0.4148,0.1196,-5.53,-3.43,-2.31
3.7610,0.8911,0.4143,0.1205,-5.18,-3.71,-1.47
3.7616,0.8872,0.4148,0.1191,-5.32,-3.29,-1.82
3.7623,0.8886,0.4133,0.1191,-5.11,-3.57,-1.61
3.7629,0.8882,0.4114,0.1244,-5.53,-3.78,-1.68
3.7635,0.8862,0.4099,0.1210,-4.90,-3.57,-1.82
3.7642,0.8862,0.4109,0.1176,-5.46,-3.57,-1.61
3.7648,0.8828,0.4148,0.1200,-4.97,-3.50,-1.82
3.7654,0.8862,0.4172,0.1215,-5.25,-3.29,-1.33
3.7661,0.8872,0.4168,0.1225,-4.76,-3.50,-1.89
3.7667,0.8833,0.4148,0.1220,-5.04,-3.50,-1.40
3.7673,0.8823,0.4158,0.1220,-4.76,-3.50,-1.89
3.7679,0.8843,0.4202,0.1200,-4.69,-4.20,-1.82
3.7686,0.8843,0.4207,0.1186,-4.90,-3.22,-1.75
3.7691,0.8818,0.4182,0.1220,-4.83,-3.71,-1.82
3.7696,0.8774,0.4202,0.1200,-4.41,-3.57,-1.68
3.7702,0.8764,0.4231,0.1200,-4.41,-3.99,-1.68
3.7707,0.8789,0.4221,0.1230,-4.48,-3.36,-1.33
3.7713,0.8769,0.4207,0.1186,-4.34,-3.85,-1.96
3.7718,0.8745,0.4226,0.1157,-4.69,-3.50,-1.33
3.7724,0.8760,0.4236,0.1215,-4.27,-3.78,-2.03
3.7729,0.8701,0.4226,0.1254,-4.34,-3.36,-1.19
3.7734,0.8662,0.4250,0.1235,-4.48,-3.57,-1.96
3.7740,0.8691,0.4246,0.1215,-3.92,-3.50,-1.26
3.7745,0.8667,0.4231,0.1220,-4.34,-3.78,-1.96
3.7751,0.8677,0.4221,0.1220,-4.20,-2.94,-1.26
3.7756,0.8706,0.4236,0.1205,-4.48,-3.43,-1.75
3.7761,0.8682,0.4246,0.1230,-3.71,-3.29,-1.40
3.7767,0.8672,0.4221,0.1240,-4.27,-3.78,-2.10
3.7772,0.8691,0.4231,0.1244,-3.64,-2.87,-1.19
3.7778,0.8706,0.4216,0.1244,-4.34,-3.43,-2.03
3.7783,0.8686,0.4202,0.1205,-3.43,-2.80,-1.47
3.7788,0.8682,0.4211,0.1166,-3.78,-2.87,-1.47
3.7794,0.8691,0.4192,0.1196,-3.71,-3.08,-1.89
3.7800,0.8682,0.4197,0.1249,-3.85,-2.52,-1.40
3.7806,0.8662,0.4216,0.1244,-3.78,-3.36,-1.96
3.7811,0.8686,0.4192,0.1225,-3.57,-3.01,-1.61
3.7817,0.8711,0.4172,0.1244,-3.78,-2.94,-1.61
3.7823,0.8691,0.4182,0.1205,-3.43,-2.87,-1.47
3.7829,0.8691,0.4182,0.1161,-3.71,-2.73,-1.75
3.7835,0.8706,0.4182,0.1205,-3.29,-2.73,-1.47
3.7841,0.8716,0.4202,0.1215,-3.78,-2.73,-2.17
3.7847,0.8701,0.4192,0.1200,-3.36,-2.94,-1.47
3.7853,0.8682,0.4158,0.1215,-3.22,-2.45,-2.17
3.7859,0.8682,0.4138,0.1225,-3.43,-2.45,-1.40
3.7865,0.8696,0.4143,0.1225,-3.29,-2.38,-2.24
3.7871,0.8682,0.4148,0.1220,-3.36,-2.45,-1.54
3.7877,0.8677,0.4163,0.1249,-3.43,-2.38,-2.31
3.7882,0.8721,0.4172,0.1283,-3.57,-2.52,-1.54
3.7888,0.8716,0.4163,0.1220,-3.43,-2.03,-2.03
3.7894,0.8711,0.4138,0.1244,-3.22,-2.10,-2.10
3.7900,0.8677,0.4143,0.1230,-3.15,-2.31,-1.96
3.7906,0.8686,0.4143,0.1254,-3.43,-1.75,-1.68
3.7912,0.8711,0.4133,0.1249,-3.15,-2.24,-2.31
3.7917,0.8691,0.4172,0.1225,-3.43,-1.54,-1.61
3.7923,0.8701,0.4163,0.1225,-3.36,-2.66,-2.66
3.7928,0.8682,0.4119,0.1225,-3.01,-1.54,-1.26
3.7933,0.8711,0.4128,0.1215,-3.29,-2.38,-2.80
3.7939,0.8735,0.4133,0.1196,-3.36,-1.40,-1.19
3.7944,0.8794,0.4119,0.1171,-3.43,-1.75,-2.80
3.7949,0.8784,0.4109,0.1196,-3.01,-1.61,-1.61
3.7955,0.8760,0.4124,0.1225,-3.50,-1.47,-2.59
3.7960,0.8789,0.4133,0.1205,-3.08,-1.68,-1.82
3.7965,0.8804,0.4133,0.1205,-3.01,-1.61,-2.24
3.7970,0.8852,0.4128,0.1220,-2.94,-1.82,-1.75
3.7976,0.8857,0.4138,0.1210,-3.57,-1.19,-2.38
3.7981,0.8828,0.4143,0.1152,-2.94,-1.75,-2.03
3.7986,0.8833,0.4138,0.1220,-3.15,-1.68,-2.10
3.7992,0.8896,0.4143,0.1166,-3.15,-1.40,-2.03
3.7997,0.8857,0.4138,0.1152,-3.08,-1.75,-2.24
3.8002,0.8799,0.4133,0.1220,-3.22,-1.68,-2.03
3.8008,0.8847,0.4153,0.1240,-2.80,-1.47,-2.38
3.8013,0.8891,0.4133,0.1176,-3.15,-1.61,-1.68
3.8018,0.8877,0.4143,0.1132,-3.08,-1.40,-2.31
3.8028,0.8882,0.4158,0.1152,-3.08,-1.89,-1.82
3.8037,0.8857,0.4168,0.1157,-2.87,-1.61,-2.31
3.8047,0.8847,0.4148,0.1152,-3.15,-2.24,-2.17
3.8056,0.8896,0.4143,0.1166,-3.22,-1.12,-2.52
3.8066,0.8877,0.4177,0.1196,-2.87,-2.10,-2.10
3.8075,0.8877,0.4158,0.1215,-3.08,-1.47,-2.17
3.8085,0.8926,0.4128,0.1176,-2.73,-1.89,-2.10
3.8094,0.8965,0.4104,0.1157,-3.36,-1.33,-1.89
3.8104,0.8955,0.4109,0.1157,-2.87,-2.31,-2.45
3.8113,0.8921,0.4109,0.1161,-3.15,-1.40,-1.96
3.8123,0.8955,0.4094,0.1171,-2.87,-1.89,-2.24
3.8132,0.8984,0.4114,0.1176,-3.08,-1.89,-2.10
3.8142,0.8974,0.4133,0.1166,-2.80,-1.68,-1.96
3.8151,0.8989,0.4148,0.1132,-3.01,-2.59,-2.38
3.8160,0.9013,0.4124,0.1157,-3.01,-2.10,-2.24
3.8170,0.9018,0.4114,0.1205,-2.94,-2.24,-2.10
3.8179,0.9018,0.4158,0.1196,-2.66,-2.17,-1.96
3.8189,0.8994,0.4163,0.1235,-2.87,-2.52,-2.10
3.8198,0.8999,0.4128,0.1249,-2.52,-1.82,-1.96
3.8208,0.9028,0.4128,0.1235,-2.73,-2.59,-2.10
