time_s,ax_g,ay_g,az_g,gx_dps,gy_dps,gz_dps
0.0000,0.7374,0.6510,0.2952,-2.24,-1.12,2.31
0.0020,0.7388,0.6539,0.2908,-2.59,-2.45,0.77
0.0040,0.7374,0.6529,0.2923,-1.89,-1.26,2.80
0.0061,0.7369,0.6515,0.2952,-2.66,-2.03,0.98
0.0081,0.7413,0.6495,0.2938,-1.75,-1.33,2.80
0.0101,0.7403,0.6500,0.2918,-2.73,-2.38,0.91
0.0121,0.7403,0.6525,0.2908,-1.96,-2.03,2.45
0.0141,0.7354,0.6525,0.2923,-2.80,-1.89,1.33
0.0161,0.7335,0.6495,0.2957,-2.03,-2.52,2.38
0.0182,0.7379,0.6500,0.2982,-2.66,-1.89,1.40
0.0202,0.7364,0.6500,0.2957,-2.03,-2.59,2.10
0.0222,0.7354,0.6442,0.2962,-2.87,-1.61,1.96
0.0242,0.7374,0.6417,0.2996,-2.38,-3.08,2.03
0.0262,0.7374,0.6427,0.2972,-2.80,-1.61,2.31
0.0282,0.7383,0.6417,0.2967,-2.59,-3.36,1.61
0.0303,0.7388,0.6442,0.2977,-2.52,-1.33,2.38
0.0323,0.7388,0.6432,0.2996,-3.36,-3.15,1.68
0.0343,0.7393,0.6378,0.2977,-2.10,-1.68,2.66
0.0363,0.7359,0.6368,0.2967,-3.50,-2.66,1.68
0.0383,0.7335,0.6373,0.3016,-2.66,-1.96,2.73
0.0384,0.7354,0.6349,0.2977,-3.43,-3.15,1.82
0.0384,0.7340,0.6339,0.2996,-3.29,-2.31,1.89
0.0384,0.7330,0.6364,0.2977,-3.36,-2.73,2.38
0.0384,0.7305,0.6373,0.3001,-3.08,-1.61,2.31
0.0385,0.7286,0.6334,0.3030,-3.64,-2.73,2.38
0.0385,0.7286,0.6315,0.2996,-3.36,-1.61,2.24
0.0385,0.7286,0.6300,0.2996,-3.92,-2.59,2.38
0.0385,0.7276,0.6310,0.3011,-3.64,-1.75,2.59
0.0386,0.7261,0.6349,0.2977,-3.99,-3.22,2.31
0.0386,0.7198,0.6368,0.2962,-3.64,-1.68,2.59
0.0386,0.7193,0.6324,0.2972,-4.27,-2.80,2.17
0.0387,0.7227,0.6305,0.3026,-3.64,-1.75,2.73
0.0387,0.7213,0.6281,0.3050,-4.48,-2.73,2.31
0.0387,0.7198,0.6242,0.3030,-3.92,-1.68,2.66
0.0387,0.7198,0.6237,0.3035,-4.90,-2.38,2.38
0.0388,0.7169,0.6251,0.2996,-4.06,-1.61,2.87
0.0388,0.7130,0.6266,0.2987,-5.04,-1.68,2.38
0.0388,0.7096,0.6271,0.3001,-4.83,-1.68,2.73
0.0388,0.7086,0.6271,0.2982,-4.97,-1.89,2.52
0.0389,0.7120,0.6246,0.2977,-5.32,-2.24,2.52
0.0391,0.7154,0.6237,0.3001,-5.11,-1.82,2.45
0.0392,0.7149,0.6251,0.2996,-5.53,-1.96,2.66
0.0394,0.7100,0.6227,0.2987,-5.39,-1.47,2.80
0.0396,0.7071,0.6212,0.2977,-5.81,-2.17,2.38
0.0398,0.7071,0.6173,0.2972,-5.32,-1.19,2.94
0.0400,0.7081,0.6163,0.3006,-6.23,-1.75,2.45
0.0402,0.7076,0.6188,0.2972,-5.88,-0.98,3.22
0.0403,0.7042,0.6173,0.2967,-6.51,-1.33,2.38
0.0405,0.7032,0.6207,0.2982,-6.09,-1.05,3.01
0.0407,0.7027,0.6183,0.2972,-6.72,-1.33,2.45
0.0409,0.7037,0.6124,0.2991,-6.09,-0.91,3.57
0.0411,0.7052,0.6149,0.2977,-6.86,-1.19,2.52
0.0412,0.7042,0.6173,0.2996,-6.79,-0.77,3.43
0.0414,0.7017,0.6193,0.3016,-6.86,-1.33,2.45
0.0416,0.7013,0.6178,0.2972,-7.14,-0.49,3.85
0.0418,0.7037,0.6168,0.2977,-7.28,-0.77,2.59
0.0420,0.7032,0.6168,0.2991,-7.56,-0.56,3.85
0.0422,0.7022,0.6129,0.2996,-7.35,-0.49,2.87
0.0423,0.7027,0.6100,0.2996,-7.84,-0.77,3.36
0.0425,0.7027,0.6120,0.2987,-7.49,0.00,3.50
0.0436,0.6998,0.6129,0.3001,-8.47,-0.91,3.15
0.0448,0.7032,0.6144,0.2982,-8.33,-0.42,3.29
0.0459,0.7066,0.6149,0.3001,-8.19,0.14,4.20
0.0470,0.7081,0.6144,0.2982,-8.75,0.00,3.36
0.0481,0.7047,0.6120,0.2991,-8.47,0.63,4.55
0.0492,0.7008,0.6129,0.2996,-9.24,0.14,3.15
0.0503,0.6998,0.6154,0.2972,-9.03,0.63,4.83
0.0514,0.6993,0.6178,0.3011,-9.38,0.35,3.36
0.0526,0.6988,0.6188,0.3060,-8.82,0.56,5.11
0.0537,0.6978,0.6129,0.3011,-9.31,0.21,3.71
0.0548,0.6939,0.6071,0.2991,-9.59,1.05,5.67
0.0559,0.6939,0.6085,0.3026,-9.73,0.70,3.71
0.0570,0.6949,0.6134,0.3011,-9.73,0.91,5.39
0.0581,0.6949,0.6139,0.3006,-9.80,0.77,4.55
0.0592,0.6949,0.6124,0.3035,-9.52,0.98,5.32
0.0603,0.6934,0.6110,0.3016,-10.71,1.05,4.90
0.0615,0.6944,0.6100,0.3001,-9.73,1.40,5.32
0.0626,0.6983,0.6115,0.2977,-10.29,1.33,5.67
0.0637,0.7008,0.6120,0.2996,-10.57,1.47,5.88
0.0648,0.6983,0.6168,0.3060,-10.71,1.47,5.32
0.0649,0.6964,0.6149,0.3045,-11.06,2.03,6.72
0.0649,0.6974,0.6129,0.3011,-10.71,1.33,5.25
0.0650,0.6998,0.6139,0.3016,-10.99,2.03,7.28
0.0650,0.7008,0.6134,0.3021,-11.27,1.40,5.25
0.0651,0.6983,0.6129,0.3026,-11.13,2.10,7.70
0.0651,0.6925,0.6144,0.3055,-11.62,1.75,5.74
0.0652,0.6925,0.6154,0.3040,-10.92,2.45,7.84
0.0652,0.6983,0.6173,0.3006,-12.04,2.17,5.95
0.0652,0.6983,0.6212,0.3011,-11.27,2.38,7.77
0.0653,0.6983,0.6217,0.3011,-12.39,2.38,6.37
0.0653,0.6998,0.6198,0.3021,-11.41,2.45,7.91
0.0654,0.6974,0.6168,0.3001,-12.46,2.17,7.14
0.0654,0.6934,0.6149,0.3016,-11.62,2.52,7.70
0.0655,0.6934,0.6159,0.3065,-12.32,2.66,7.56
0.0655,0.6988,0.6168,0.2996,-11.97,2.73,7.70
0.0656,0.7052,0.6159,0.3030,-12.18,2.31,8.05
0.0656,0.7027,0.6183,0.3074,-12.53,2.87,8.54
0.0657,0.7027,0.6163,0.3040,-12.39,2.59,7.77
0.0657,0.7008,0.6183,0.3001,-12.67,2.94,8.75
0.0658,0.7022,0.6227,0.3011,-12.74,3.08,7.91
0.0670,0.7022,0.6237,0.3035,-12.67,3.15,9.10
0.0681,0.7032,0.6217,0.3060,-13.16,2.59,7.49
0.0693,0.7013,0.6202,0.3074,-12.39,3.01,9.38
0.0705,0.6988,0.6227,0.3074,-13.37,2.87,7.56
0.0716,0.6978,0.6227,0.3060,-12.67,3.22,9.66
0.0728,0.6983,0.6222,0.3070,-13.65,2.66,7.56
0.0740,0.7008,0.6271,0.3045,-12.74,3.29,9.38
0.0751,0.6978,0.6295,0.3030,-13.86,3.08,8.05
0.0763,0.6983,0.6266,0.3079,-12.53,2.87,9.17
0.0775,0.7008,0.6295,0.3084,-14.00,3.50,8.54
0.0786,0.7022,0.6320,0.3060,-12.88,2.80,8.82
0.0798,0.7017,0.6271,0.3070,-13.58,3.43,9.03
0.0810,0.7032,0.6256,0.3089,-13.30,3.15,8.75
0.0821,0.7061,0.6276,0.3123,-13.51,3.08,8.68
0.0833,0.7027,0.6295,0.3104,-13.58,3.36,8.96
0.0845,0.7027,0.6285,0.3065,-13.23,3.43,9.03
0.0857,0.7081,0.6276,0.3079,-13.58,2.80,8.68
0.0868,0.7091,0.6276,0.3109,-13.30,3.36,9.03
0.0880,0.7100,0.6271,0.3099,-14.07,3.01,8.96
0.0892,0.7096,0.6285,0.3060,-13.30,3.43,9.03
0.0892,0.7061,0.6305,0.3094,-14.21,3.15,8.82
0.0892,0.7086,0.6295,0.3109,-12.95,2.66,9.10
0.0893,0.7105,0.6310,0.3109,-14.49,3.01,9.03
0.0893,0.7105,0.6305,0.3104,-13.30,3.15,9.31
0.0894,0.7096,0.6305,0.3074,-14.07,3.29,8.96
0.0894,0.7120,0.6310,0.3070,-13.44,2.80,9.38
0.0895,0.7096,0.6334,0.3070,-13.86,3.15,9.10
0.0895,0.7066,0.6349,0.3128,-13.79,2.59,9.31
0.0895,0.7100,0.6329,0.3167,-13.58,3.08,8.96
0.0896,0.7144,0.6368,0.3113,-14.14,2.52,9.17
0.0896,0.7188,0.6373,0.3113,-13.65,3.15,9.03
0.0897,0.7135,0.6344,0.3109,-14.07,2.73,9.03
0.0897,0.7154,0.6329,0.3118,-13.16,2.66,9.24
0.0898,0.7164,0.6329,0.3133,-13.93,3.01,8.96
0.0898,0.7105,0.6364,0.3079,-13.86,2.66,9.24
0.0899,0.7130,0.6354,0.3109,-14.14,2.80,9.03
0.0899,0.7149,0.6324,0.3143,-13.72,2.38,9.17
0.0899,0.7135,0.6349,0.3148,-14.00,2.45,9.24
0.0900,0.7130,0.6368,0.3172,-13.65,2.52,9.24
0.0900,0.7164,0.6349,0.3148,-13.93,2.52,9.24
0.0905,0.7164,0.6324,0.3143,-13.51,2.17,9.24
0.0909,0.7154,0.6373,0.3167,-13.72,2.17,8.89
0.0914,0.7149,0.6427,0.3157,-13.79,2.87,9.80
0.0918,0.7120,0.6388,0.3143,-13.58,2.17,9.10
0.0923,0.7091,0.6368,0.3167,-13.72,2.52,9.87
0.0927,0.7091,0.6373,0.3148,-13.93,1.82,9.10
0.0931,0.7066,0.6349,0.3138,-13.37,2.31,9.80
0.0936,0.7052,0.6349,0.3187,-13.65,1.82,8.75
0.0940,0.7086,0.6393,0.3192,-13.51,2.31,9.87
0.0945,0.7086,0.6407,0.3152,-13.44,1.82,9.03
0.0949,0.7081,0.6417,0.3172,-13.44,2.24,9.80
0.0954,0.7071,0.6378,0.3138,-13.09,2.38,10.36
0.0958,0.7056,0.6364,0.3192,-13.86,1.82,9.17
0.0963,0.7066,0.6412,0.3196,-13.02,2.59,10.15
0.0967,0.7071,0.6461,0.3177,-13.86,1.89,9.31
0.0972,0.7066,0.6442,0.3187,-13.09,1.96,10.01
0.0976,0.7061,0.6422,0.3148,-13.58,1.82,9.38
0.0981,0.7071,0.6427,0.3167,-13.51,2.31,10.43
0.0985,0.7096,0.6412,0.3187,-13.16,2.10,9.66
0.0990,0.7086,0.6417,0.3152,-13.30,1.61,9.94
0.0996,0.7081,0.6417,0.3167,-13.02,2.31,10.43
0.1003,0.7061,0.6378,0.3172,-13.09,1.61,9.52
0.1009,0.7052,0.6354,0.3172,-13.09,1.96,10.78
0.1016,0.7096,0.6388,0.3182,-13.37,1.54,9.03
0.1022,0.7076,0.6393,0.3152,-12.60,2.45,11.48
0.1029,0.7052,0.6373,0.3148,-13.65,1.26,9.03
0.1035,0.7100,0.6378,0.3143,-12.53,1.89,11.34
0.1042,0.7105,0.6398,0.3133,-13.23,0.84,9.24
0.1048,0.7091,0.6388,0.3148,-12.32,2.10,11.20
0.1055,0.7135,0.6354,0.3162,-13.30,1.12,9.38
0.1061,0.7110,0.6344,0.3162,-13.51,1.40,9.38
0.1068,0.7125,0.6354,0.3167,-11.97,1.82,11.34
0.1074,0.7120,0.6359,0.3187,-13.30,1.47,9.59
0.1081,0.7105,0.6354,0.3216,-12.39,1.61,10.99
0.1087,0.7135,0.6373,0.3192,-13.16,1.89,9.94
0.1094,0.7144,0.6344,0.3172,-12.53,0.91,10.57
0.1100,0.7105,0.6305,0.3177,-12.81,1.89,10.29
0.1107,0.7120,0.6305,0.3192,-12.81,1.26,10.29
0.1113,0.7154,0.6349,0.3182,-12.46,1.47,10.22
0.1120,0.7125,0.6349,0.3157,-12.95,1.05,10.08
0.1125,0.7110,0.6349,0.3187,-12.53,1.68,10.50
0.1130,0.7066,0.6373,0.3211,-12.88,0.56,9.52
0.1135,0.7037,0.6344,0.3206,-12.18,1.68,10.64
0.1140,0.7081,0.6315,0.3201,-13.02,1.12,8.96
0.1145,0.7056,0.6310,0.3206,-12.46,1.61,10.85
0.1150,0.7047,0.6354,0.3201,-12.74,1.26,8.75
0.1156,0.7027,0.6398,0.3196,-12.88,1.75,10.92
0.1161,0.7052,0.6398,0.3177,-12.53,0.70,8.68
0.1166,0.7081,0.6393,0.3211,-12.74,1.82,10.57
0.1171,0.7042,0.6388,0.3231,-12.60,1.12,9.17
0.1176,0.6998,0.6378,0.3167,-12.60,1.54,10.50
0.1181,0.6974,0.6393,0.3128,-12.88,1.47,8.61
0.1186,0.7042,0.6354,0.3128,-12.32,1.12,10.08
0.1191,0.7071,0.6329,0.3133,-12.88,1.54,9.03
0.1196,0.7022,0.6354,0.3143,-12.46,1.19,9.52
0.1201,0.7027,0.6354,0.3172,-12.81,1.82,9.31
0.1206,0.7037,0.6368,0.3167,-12.32,1.12,8.96
0.1212,0.6998,0.6417,0.3133,-12.88,1.82,9.73
0.1217,0.6969,0.6437,0.3123,-12.39,0.98,8.33
0.1222,0.6969,0.6422,0.3148,-12.74,1.96,9.94
0.1227,0.6998,0.6417,0.3172,-12.39,1.54,8.40
0.1232,0.7027,0.6417,0.3162,-12.81,1.75,9.73
0.1238,0.6983,0.6412,0.3167,-12.67,1.40,8.26
0.1243,0.6959,0.6417,0.3118,-12.39,1.89,9.73
0.1248,0.6983,0.6437,0.3109,-13.02,1.40,8.33
0.1254,0.6978,0.6451,0.3152,-12.25,1.96,9.87
0.1259,0.6993,0.6456,0.3104,-12.88,1.89,8.12
0.1264,0.6993,0.6451,0.3104,-12.39,1.68,9.52
0.1270,0.6944,0.6422,0.3099,-12.60,1.68,8.54
0.1275,0.6949,0.6417,0.3143,-12.39,1.89,9.17
0.1280,0.6983,0.6432,0.3148,-13.02,1.75,8.61
0.1286,0.6988,0.6437,0.3099,-11.90,1.82,8.96
0.1291,0.6978,0.6466,0.3094,-13.23,2.17,8.82
0.1296,0.6983,0.6486,0.3138,-12.04,1.82,8.61
0.1301,0.6974,0.6490,0.3123,-13.16,2.10,8.75
0.1307,0.6959,0.6471,0.3089,-12.04,2.10,8.54
0.1312,0.6978,0.6437,0.3104,-12.88,2.31,8.82
0.1317,0.6964,0.6442,0.3128,-12.32,2.31,8.47
0.1323,0.6944,0.6432,0.3152,-12.81,2.24,9.17
0.1328,0.6954,0.6422,0.3148,-12.32,2.24,8.26
0.1334,0.6998,0.6461,0.3128,-12.60,2.45,9.03
0.1339,0.7056,0.6446,0.3128,-13.09,2.52,8.19
0.1345,0.7027,0.6403,0.3118,-12.25,2.52,8.96
0.1351,0.6969,0.6442,0.3143,-13.44,2.45,7.77
0.1356,0.6959,0.6446,0.3157,-12.39,2.59,9.24
0.1362,0.6954,0.6432,0.3118,-13.37,2.59,7.70
0.1368,0.6944,0.6461,0.3143,-13.65,2.87,7.91
0.1373,0.6900,0.6427,0.3143,-12.39,2.17,8.54
0.1379,0.6959,0.6427,0.3152,-13.30,3.08,7.98
0.1384,0.6983,0.6427,0.3157,-12.53,2.38,8.19
0.1390,0.7003,0.6437,0.3152,-13.37,3.36,7.98
0.1396,0.7003,0.6456,0.3172,-13.09,2.52,8.12
0.1401,0.6969,0.6432,0.3172,-13.02,3.43,8.26
0.1407,0.6930,0.6393,0.3138,-13.23,2.52,7.63
0.1413,0.6939,0.6368,0.3089,-13.09,3.57,8.33
0.1418,0.6969,0.6364,0.3074,-13.23,2.87,7.35
0.1424,0.6949,0.6393,0.3109,-13.02,3.50,8.05
0.1430,0.6959,0.6407,0.3123,-13.58,2.87,7.28
0.1435,0.6993,0.6403,0.3109,-13.30,3.22,7.70
0.1441,0.6983,0.6388,0.3123,-13.79,3.43,6.93
0.1447,0.6983,0.6412,0.3152,-13.09,3.22,7.49
0.1453,0.6969,0.6393,0.3138,-14.00,3.29,7.00
0.1458,0.6974,0.6339,0.3128,-13.30,3.78,7.35
0.1464,0.7003,0.6373,0.3109,-13.72,3.36,6.86
0.1470,0.7008,0.6427,0.3157,-13.44,3.71,7.56
0.1476,0.6993,0.6427,0.3118,-13.86,3.43,6.72
0.1482,0.6983,0.6388,0.3089,-14.07,3.64,6.72
0.1488,0.6964,0.6339,0.3113,-14.00,3.43,6.65
0.1494,0.6978,0.6329,0.3094,-14.14,3.43,6.30
0.1500,0.6998,0.6359,0.3074,-14.14,3.71,6.65
0.1505,0.6998,0.6373,0.3099,-14.21,3.78,6.16
0.1511,0.6983,0.6344,0.3133,-14.14,3.85,6.09
0.1517,0.6969,0.6339,0.3138,-14.63,3.85,6.30
0.1523,0.6998,0.6329,0.3148,-14.42,4.27,6.02
0.1529,0.7037,0.6290,0.3162,-14.77,3.64,6.09
0.1535,0.7017,0.6329,0.3148,-14.77,3.92,6.02
0.1541,0.7008,0.6349,0.3177,-14.77,4.13,6.09
0.1547,0.7022,0.6315,0.3167,-14.84,4.13,6.02
0.1553,0.7008,0.6300,0.3128,-15.05,4.27,5.95
0.1558,0.6993,0.6315,0.3138,-15.12,4.20,5.81
0.1563,0.7022,0.6334,0.3113,-14.91,4.34,5.95
0.1569,0.7037,0.6324,0.3104,-15.33,4.20,5.81
0.1574,0.7052,0.6329,0.3104,-15.19,4.13,5.60
0.1579,0.7066,0.6320,0.3104,-15.54,4.06,5.74
0.1584,0.7056,0.6290,0.3123,-15.75,4.06,5.39
0.1589,0.7100,0.6261,0.3143,-15.96,4.27,5.81
0.1594,0.7120,0.6276,0.3138,-15.61,4.27,5.67
0.1599,0.7105,0.6276,0.3138,-15.96,4.48,5.67
0.1604,0.7125,0.6237,0.3148,-16.17,4.41,6.02
0.1609,0.7174,0.6261,0.3104,-15.89,4.20,5.74
0.1615,0.7188,0.6256,0.3079,-16.38,4.41,6.09
0.1620,0.7178,0.6222,0.3123,-16.10,3.99,5.67
0.1625,0.7174,0.6193,0.3152,-16.45,4.34,6.09
0.1630,0.7174,0.6173,0.3152,-16.31,4.06,5.39
0.1635,0.7188,0.6198,0.3152,-16.73,4.41,5.88
0.1640,0.7213,0.6202,0.3172,-16.45,4.06,5.81
0.1645,0.7222,0.6178,0.3157,-17.01,4.48,5.95
0.1650,0.7193,0.6183,0.3123,-16.73,4.27,5.67
0.1655,0.7198,0.6144,0.3138,-17.15,4.13,6.16
0.1660,0.7203,0.6129,0.3167,-17.15,4.27,5.81
0.1673,0.7232,0.6154,0.3143,-17.29,4.41,6.51
0.1686,0.7232,0.6149,0.3128,-17.50,3.99,5.46
0.1699,0.7222,0.6144,0.3128,-17.22,3.92,6.09
0.1712,0.7232,0.6120,0.3113,-17.99,4.20,6.30
0.1725,0.7213,0.6110,0.3167,-17.85,4.06,6.16
0.1738,0.7252,0.6090,0.3157,-17.92,4.27,6.16
0.1750,0.7291,0.6105,0.3167,-17.78,3.99,6.51
0.1763,0.7271,0.6120,0.3182,-18.20,4.13,6.23
0.1776,0.7252,0.6105,0.3148,-17.99,3.64,6.44
0.1789,0.7227,0.6115,0.3143,-18.41,4.13,6.51
0.1802,0.7257,0.6100,0.3143,-18.34,3.78,6.65
0.1815,0.7300,0.6110,0.3152,-18.34,4.20,6.86
0.1828,0.7315,0.6120,0.3152,-18.69,3.71,6.30
0.1840,0.7310,0.6115,0.3123,-18.55,4.20,7.21
0.1853,0.7315,0.6095,0.3123,-18.76,3.57,6.65
0.1866,0.7330,0.6061,0.3143,-18.83,3.78,7.28
0.1879,0.7359,0.6076,0.3138,-19.32,3.78,7.07
0.1892,0.7403,0.6124,0.3123,-19.04,3.50,7.28
0.1905,0.7413,0.6124,0.3187,-19.81,3.50,7.07
0.1918,0.7398,0.6120,0.3206,-19.04,3.71,7.70
0.1922,0.7369,0.6095,0.3133,-18.97,3.50,8.12
0.1926,0.7369,0.6090,0.3133,-19.53,3.36,7.63
0.1931,0.7388,0.6129,0.3148,-19.95,3.50,7.84
0.1935,0.7437,0.6178,0.3196,-19.81,3.57,8.12
0.1939,0.7388,0.6173,0.3143,-19.95,3.08,7.91
0.1944,0.7344,0.6163,0.3118,-19.81,3.15,8.47
0.1948,0.7340,0.6163,0.3182,-20.23,3.22,7.98
0.1952,0.7344,0.6139,0.3206,-19.95,3.08,8.68
0.1957,0.7364,0.6110,0.3206,-20.44,2.80,8.19
0.1961,0.7393,0.6115,0.3206,-20.16,2.87,8.82
0.1966,0.7393,0.6134,0.3221,-20.58,2.94,8.82
0.1970,0.7369,0.6173,0.3226,-20.37,2.38,8.89
0.1974,0.7364,0.6168,0.3201,-20.51,3.01,9.38
0.1979,0.7374,0.6139,0.3231,-20.51,2.17,8.54
0.1983,0.7398,0.6144,0.3265,-20.86,2.87,9.38
0.1987,0.7408,0.6110,0.3245,-20.58,2.24,9.17
0.1992,0.7379,0.6085,0.3216,-20.72,2.66,9.52
0.1996,0.7374,0.6090,0.3182,-21.14,2.10,9.59
0.2000,0.7408,0.6120,0.3221,-21.21,2.45,9.66
0.2005,0.7432,0.6129,0.3274,-21.14,1.89,10.22
0.2010,0.7432,0.6105,0.3279,-21.63,2.17,9.66
0.2016,0.7442,0.6115,0.3284,-21.21,2.24,10.15
0.2021,0.7403,0.6159,0.3245,-21.49,2.17,9.66
0.2027,0.7344,0.6149,0.3206,-21.56,1.61,10.36
0.2032,0.7354,0.6100,0.3187,-21.56,1.89,9.80
0.2038,0.7388,0.6134,0.3206,-21.63,1.68,10.43
0.2043,0.7408,0.6129,0.3240,-21.84,1.47,10.08
0.2049,0.7408,0.6105,0.3216,-21.56,1.75,10.50
0.2055,0.7398,0.6085,0.3235,-22.05,1.26,10.22
0.2060,0.7383,0.6066,0.3270,-21.70,1.54,10.78
0.2066,0.7393,0.6115,0.3255,-22.40,1.47,10.78
0.2071,0.7388,0.6105,0.3240,-22.05,1.33,10.92
0.2077,0.7374,0.6041,0.3260,-22.40,1.05,11.13
0.2082,0.7359,0.6066,0.3270,-22.19,0.98,10.71
0.2088,0.7364,0.6076,0.3274,-22.54,0.91,11.13
0.2093,0.7354,0.6041,0.3274,-22.26,0.98,11.13
0.2099,0.7335,0.6051,0.3279,-22.47,0.91,11.41
0.2104,0.7349,0.6046,0.3201,-22.68,0.91,11.13
0.2110,0.7388,0.6105,0.3211,-22.96,0.91,11.06
0.2115,0.7374,0.6100,0.3265,-22.47,1.05,12.39
0.2122,0.7379,0.6076,0.3265,-23.24,0.77,11.27
0.2128,0.7447,0.6037,0.3226,-22.75,0.70,12.25
0.2134,0.7432,0.6002,0.3231,-23.73,0.77,11.55
0.2140,0.7393,0.5983,0.3231,-22.89,0.28,12.18
0.2146,0.7393,0.5998,0.3250,-23.87,0.70,11.76
0.2152,0.7418,0.6007,0.3255,-23.24,0.21,12.18
0.2159,0.7418,0.6022,0.3235,-23.73,0.28,12.04
0.2165,0.7335,0.6012,0.3245,-23.59,0.07,12.04
0.2171,0.7325,0.5973,0.3250,-23.80,0.42,12.32
0.2177,0.7335,0.5978,0.3270,-23.87,0.14,12.39
0.2183,0.7349,0.5958,0.3265,-23.73,0.28,12.32
0.2189,0.7374,0.5939,0.3211,-24.29,0.21,12.67
0.2196,0.7325,0.5949,0.3201,-24.01,0.00,12.74
0.2202,0.7310,0.5973,0.3255,-24.64,-0.35,12.53
0.2208,0.7325,0.5968,0.3279,-23.94,0.42,12.95
0.2214,0.7281,0.5929,0.3284,-24.85,-0.21,12.25
0.2220,0.7252,0.5919,0.3318,-24.01,-0.07,13.16
0.2227,0.7232,0.5924,0.3289,-24.99,-0.63,12.32
0.2233,0.7222,0.5905,0.3245,-24.57,-0.07,13.44
0.2239,0.7257,0.5880,0.3245,-25.41,-0.49,12.53
0.2244,0.7257,0.5915,0.3196,-24.71,0.00,13.30
0.2248,0.7227,0.5915,0.3211,-25.13,-0.56,12.74
0.2253,0.7193,0.5900,0.3284,-25.06,0.14,13.72
0.2258,0.7203,0.5890,0.3240,-25.48,-0.14,13.02
0.2263,0.7227,0.5871,0.3226,-25.34,0.14,13.37
0.2267,0.7232,0.5871,0.3240,-25.62,-0.14,13.65
0.2272,0.7232,0.5861,0.3221,-25.62,0.00,13.44
0.2277,0.7227,0.5856,0.3231,-25.41,-0.77,13.65
0.2281,0.7198,0.5876,0.3235,-25.90,-0.07,13.93
0.2286,0.7208,0.5861,0.3211,-25.90,-0.42,13.65
0.2291,0.7232,0.5832,0.3206,-25.76,-0.21,14.28
0.2296,0.7193,0.5856,0.3221,-26.11,-0.42,13.79
0.2300,0.7213,0.5895,0.3201,-25.90,-0.35,14.07
0.2305,0.7213,0.5880,0.3231,-26.18,-0.21,14.42
0.2310,0.7198,0.5832,0.3250,-26.25,-0.63,14.21
0.2315,0.7242,0.5802,0.3235,-26.67,-0.14,14.49
0.2319,0.7227,0.5797,0.3226,-26.11,-0.56,14.07
0.2324,0.7183,0.5797,0.3226,-26.74,0.28,15.05
0.2329,0.7178,0.5822,0.3255,-26.60,-0.77,13.86
0.2333,0.7159,0.5851,0.3255,-26.25,-0.07,15.12
0.2339,0.7125,0.5832,0.3240,-27.23,-0.63,14.00
0.2345,0.7144,0.5822,0.3226,-26.60,-0.21,15.40
0.2351,0.7213,0.5871,0.3226,-27.02,-0.70,14.28
0.2357,0.7213,0.5856,0.3260,-26.74,-0.07,15.54
0.2363,0.7164,0.5812,0.3265,-27.23,-0.07,15.05
0.2369,0.7149,0.5832,0.3235,-26.60,-0.28,15.54
0.2375,0.7164,0.5827,0.3289,-27.65,0.00,15.05
0.2381,0.7154,0.5846,0.3318,-26.60,-0.49,15.82
0.2387,0.7115,0.5856,0.3289,-27.93,0.00,15.05
0.2393,0.7110,0.5836,0.3279,-26.88,-0.56,15.33
0.2399,0.7105,0.5817,0.3279,-27.65,0.00,15.61
0.2405,0.7056,0.5817,0.3260,-27.02,-0.14,15.68
0.2411,0.7032,0.5841,0.3235,-27.79,-0.28,15.82
0.2417,0.7081,0.5836,0.3255,-26.88,-0.07,15.89
0.2423,0.7052,0.5812,0.3255,-28.00,-0.14,15.75
0.2429,0.7071,0.5817,0.3270,-27.58,-0.21,15.89
0.2435,0.7061,0.5793,0.3221,-27.79,-0.63,15.68
0.2441,0.7061,0.5822,0.3231,-27.37,0.77,16.31
0.2447,0.7076,0.5846,0.3255,-27.93,-0.49,15.61
0.2453,0.7081,0.5832,0.3265,-27.65,0.70,16.52
0.2459,0.7066,0.5846,0.3289,-28.49,-0.21,15.54
0.2465,0.7037,0.5851,0.3274,-27.37,0.00,16.24
0.2471,0.7013,0.5846,0.3250,-28.21,0.00,15.89
0.2476,0.6983,0.5846,0.3265,-27.44,0.14,16.10
0.2482,0.7037,0.5856,0.3265,-28.00,0.07,16.52
0.2488,0.7042,0.5876,0.3255,-27.65,0.35,16.24
0.2494,0.7047,0.5866,0.3294,-28.07,0.28,16.38
0.2500,0.7091,0.5866,0.3250,-27.58,0.21,16.31
0.2506,0.7096,0.5905,0.3245,-28.00,0.56,16.66
0.2512,0.7071,0.5895,0.3265,-27.79,-0.14,16.10
0.2517,0.7017,0.5885,0.3240,-27.44,0.56,16.80
0.2523,0.6983,0.5939,0.3245,-27.93,0.14,15.96
0.2529,0.6949,0.5939,0.3245,-27.30,0.14,17.08
0.2535,0.6925,0.5905,0.3206,-27.93,-0.07,16.10
0.2541,0.7003,0.5954,0.3226,-27.93,0.84,16.73
0.2547,0.7022,0.5929,0.3284,-27.23,0.21,16.66
0.2553,0.7017,0.5910,0.3250,-27.72,0.42,16.38
0.2558,0.7013,0.5895,0.3226,-27.09,0.42,16.66
0.2564,0.6993,0.5915,0.3260,-27.37,0.84,16.87
0.2570,0.6964,0.5905,0.3294,-27.30,0.28,16.31
0.2575,0.6974,0.5895,0.3304,-27.30,0.70,16.80
0.2581,0.6998,0.5905,0.3294,-27.30,0.35,16.59
0.2586,0.7022,0.5880,0.3279,-27.09,0.49,16.80
0.2591,0.7056,0.5871,0.3255,-27.02,0.56,16.59
0.2597,0.7076,0.5851,0.3265,-26.88,0.49,16.87
0.2602,0.7076,0.5802,0.3260,-27.30,0.56,16.59
0.2607,0.7056,0.5778,0.3250,-26.88,0.14,16.73
0.2613,0.7047,0.5793,0.3284,-27.30,0.56,16.66
0.2618,0.7022,0.5807,0.3299,-26.81,0.21,16.87
0.2623,0.7052,0.5797,0.3274,-27.02,0.70,16.52
0.2629,0.7061,0.5817,0.3284,-26.81,0.49,16.80
0.2634,0.7052,0.5832,0.3299,-26.67,0.35,16.38
0.2639,0.7071,0.5797,0.3309,-26.74,0.00,16.87
0.2645,0.7071,0.5783,0.3279,-26.88,0.77,16.66
0.2650,0.7047,0.5822,0.3265,-26.46,0.14,16.52
0.2655,0.7052,0.5822,0.3294,-26.74,0.49,16.73
0.2661,0.7086,0.5797,0.3299,-26.46,-0.07,16.52
0.2666,0.7076,0.5841,0.3323,-26.53,0.91,17.15
0.2671,0.7091,0.5880,0.3348,-26.53,0.07,15.89
0.2676,0.7135,0.5885,0.3309,-26.25,0.70,17.29
0.2688,0.7120,0.5851,0.3270,-26.25,-0.14,15.75
0.2700,0.7096,0.5841,0.3260,-25.83,0.70,17.22
0.2712,0.7086,0.5861,0.3255,-26.53,-0.28,16.17
0.2724,0.7076,0.5846,0.3250,-25.83,0.70,17.15
0.2736,0.7105,0.5832,0.3255,-26.11,-0.21,16.03
0.2748,0.7105,0.5832,0.3274,-25.76,0.56,16.94
0.2760,0.7139,0.5846,0.3284,-26.04,-0.21,16.31
0.2772,0.7159,0.5851,0.3274,-25.76,-0.07,17.01
0.2784,0.7135,0.5876,0.3274,-25.83,-0.35,16.10
0.2796,0.7139,0.5939,0.3279,-25.41,-0.28,16.59
0.2808,0.7135,0.5900,0.3299,-25.62,0.42,16.73
0.2820,0.7154,0.5841,0.3343,-25.27,-0.49,15.96
0.2832,0.7154,0.5841,0.3348,-25.27,0.28,17.22
0.2844,0.7164,0.5836,0.3304,-25.27,-0.56,15.61
0.2856,0.7193,0.5851,0.3328,-25.27,0.28,17.29
0.2868,0.7198,0.5846,0.3416,-25.27,-0.49,15.54
0.2880,0.7193,0.5827,0.3411,-24.85,0.07,17.15
0.2892,0.7178,0.5812,0.3392,-25.20,-0.49,15.47
0.2904,0.7174,0.5807,0.3396,-24.50,-0.21,17.01
0.2916,0.7183,0.5822,0.3396,-24.99,-0.77,15.33
0.2916,0.7232,0.5812,0.3396,-24.43,-0.70,16.94
0.2916,0.7218,0.5783,0.3396,-24.71,-0.35,15.40
0.2917,0.7169,0.5793,0.3396,-23.94,-0.56,16.73
0.2917,0.7178,0.5822,0.3387,-24.71,-0.56,15.47
0.2917,0.7183,0.5812,0.3401,-24.01,-0.98,16.10
0.2918,0.7198,0.5802,0.3431,-24.43,-0.42,15.82
0.2918,0.7213,0.5822,0.3421,-23.73,-1.33,15.61
0.2918,0.7222,0.5822,0.3445,-24.22,-0.77,15.26
0.2919,0.7261,0.5846,0.3440,-23.87,-1.47,15.12
0.2919,0.7247,0.5861,0.3396,-23.73,-0.56,15.89
0.2919,0.7203,0.5817,0.3416,-23.66,-1.82,14.70
0.2920,0.7242,0.5807,0.3401,-23.45,-0.35,16.31
0.2920,0.7291,0.5807,0.3387,-23.94,-1.61,14.14
0.2921,0.7281,0.5788,0.3401,-23.03,-1.47,15.61
0.2921,0.7266,0.5758,0.3426,-23.94,-1.75,14.21
0.2921,0.7266,0.5754,0.3440,-23.17,-1.05,15.40
0.2922,0.7266,0.5768,0.3426,-23.24,-2.03,13.79
0.2922,0.7281,0.5739,0.3377,-22.96,-1.33,15.33
0.2922,0.7296,0.5754,0.3343,-23.38,-1.75,13.72
0.2923,0.7271,0.5744,0.3406,-22.47,-2.10,14.91
0.2928,0.7252,0.5695,0.3401,-23.24,-1.89,13.93
0.2932,0.7271,0.5714,0.3362,-22.33,-2.52,14.21
0.2937,0.7286,0.5724,0.3392,-22.75,-2.03,13.79
0.2942,0.7286,0.5734,0.3396,-22.12,-2.31,14.21
0.2947,0.7300,0.5754,0.3411,-22.54,-1.89,13.65
0.2952,0.7320,0.5749,0.3436,-22.40,-2.80,13.79
0.2957,0.7325,0.5739,0.3426,-22.19,-2.31,13.93
0.2961,0.7344,0.5739,0.3406,-22.12,-3.01,13.37
0.2966,0.7335,0.5724,0.3411,-22.19,-2.17,13.79
0.2971,0.7335,0.5695,0.3445,-21.70,-3.15,13.37
0.2976,0.7349,0.5695,0.3489,-21.28,-2.73,13.86
0.2981,0.7344,0.5690,0.3489,-21.70,-2.66,13.58
0.2986,0.7398,0.5675,0.3489,-21.35,-3.01,13.79
0.2990,0.7452,0.5671,0.3494,-21.91,-3.22,12.88
0.2995,0.7437,0.5695,0.3499,-20.86,-3.08,13.72
0.3000,0.7398,0.5690,0.3509,-21.49,-3.15,12.74
0.3005,0.7393,0.5661,0.3499,-21.07,-3.43,14.07
0.3010,0.7427,0.5636,0.3494,-21.21,-3.57,12.18
0.3014,0.7442,0.5607,0.3514,-20.79,-3.43,14.21
0.3019,0.7457,0.5612,0.3567,-21.07,-3.85,12.25
0.3025,0.7462,0.5602,0.3533,-20.72,-3.71,14.28
0.3030,0.7486,0.5607,0.3499,-20.72,-3.78,12.60
0.3035,0.7515,0.5607,0.3514,-20.09,-4.06,13.86
0.3040,0.7530,0.5607,0.3528,-20.86,-3.99,12.81
0.3045,0.7535,0.5641,0.3543,-20.09,-4.55,13.65
0.3051,0.7544,0.5617,0.3514,-20.44,-4.27,13.16
0.3056,0.7593,0.5588,0.3509,-20.09,-4.69,13.51
0.3061,0.7584,0.5588,0.3518,-20.23,-4.34,13.30
0.3066,0.7584,0.5563,0.3572,-19.67,-4.83,13.30
0.3071,0.7603,0.5578,0.3636,-19.88,-4.97,13.23
0.3077,0.7613,0.5558,0.3509,-19.53,-4.97,13.37
0.3082,0.7584,0.5563,0.3548,-19.67,-5.67,13.02
0.3087,0.7593,0.5544,0.3577,-19.11,-5.25,14.21
0.3092,0.7627,0.5524,0.3562,-19.32,-5.32,13.16
0.3098,0.7627,0.5549,0.3567,-19.11,-5.18,14.07
0.3103,0.7623,0.5539,0.3597,-19.81,-5.39,13.44
0.3108,0.7657,0.5524,0.3587,-18.62,-5.95,14.00
0.3113,0.7662,0.5534,0.3562,-19.25,-5.67,13.58
0.3118,0.7642,0.5485,0.3558,-18.69,-6.09,14.14
0.3124,0.7652,0.5480,0.3543,-19.39,-5.32,14.14
0.3130,0.7666,0.5505,0.3523,-18.48,-6.65,13.79
0.3136,0.7706,0.5490,0.3543,-18.90,-6.16,14.07
0.3143,0.7706,0.5475,0.3587,-18.34,-6.37,14.21
0.3149,0.7691,0.5451,0.3577,-18.76,-6.37,13.86
0.3156,0.7686,0.5446,0.3553,-18.62,-6.16,14.56
0.3162,0.7696,0.5451,0.3572,-18.13,-6.79,13.72
0.3168,0.7696,0.5441,0.3592,-18.41,-7.14,14.35
0.3175,0.7666,0.5407,0.3601,-18.48,-7.07,14.00
0.3181,0.7686,0.5383,0.3606,-18.27,-6.72,14.56
0.3188,0.7701,0.5378,0.3606,-18.76,-7.56,14.07
0.3194,0.7710,0.5402,0.3582,-17.92,-6.93,14.91
0.3201,0.7735,0.5397,0.3592,-17.78,-7.56,13.86
0.3207,0.7701,0.5368,0.3606,-18.06,-7.14,14.77
0.3213,0.7676,0.5348,0.3597,-17.99,-7.70,14.14
0.3220,0.7666,0.5339,0.3587,-18.20,-6.93,14.98
0.3226,0.7632,0.5344,0.3582,-17.71,-8.12,14.56
0.3233,0.7652,0.5309,0.3601,-18.27,-7.42,14.91
0.3239,0.7681,0.5329,0.3611,-17.29,-8.12,14.63
0.3245,0.7676,0.5344,0.3582,-18.20,-7.42,14.98
0.3252,0.7676,0.5290,0.3553,-17.50,-7.98,14.77
0.3257,0.7666,0.5261,0.3621,-17.78,-8.12,14.70
0.3262,0.7642,0.5266,0.3650,-17.64,-8.12,15.19
0.3266,0.7632,0.5246,0.3626,-17.64,-8.12,14.63
0.3271,0.7647,0.5251,0.3626,-17.57,-8.05,15.61
0.3276,0.7647,0.5280,0.3655,-17.29,-7.91,15.12
0.3281,0.7637,0.5290,0.3631,-17.85,-8.33,15.19
0.3286,0.7608,0.5305,0.3606,-17.71,-7.98,15.68
0.3291,0.7642,0.5270,0.3601,-17.64,-8.19,15.54
0.3295,0.7671,0.5266,0.3626,-17.08,-7.98,15.82
0.3300,0.7613,0.5256,0.3655,-17.50,-8.26,15.68
0.3305,0.7613,0.5222,0.3636,-17.43,-7.91,15.89
0.3310,0.7666,0.5207,0.3592,-17.01,-8.68,15.82
0.3315,0.7676,0.5197,0.3621,-17.01,-8.26,16.17
0.3320,0.7657,0.5226,0.3655,-17.29,-8.12,16.17
0.3324,0.7652,0.5251,0.3611,-17.29,-8.33,16.03
0.3329,0.7647,0.5251,0.3567,-17.50,-8.12,16.87
0.3334,0.7676,0.5261,0.3592,-17.08,-8.54,16.10
0.3339,0.7671,0.5256,0.3616,-17.29,-8.05,17.01
0.3344,0.7662,0.5256,0.3640,-17.22,-8.19,16.45
0.3349,0.7662,0.5231,0.3645,-17.36,-7.98,17.08
0.3361,0.7652,0.5197,0.3655,-17.43,-8.54,16.45
0.3372,0.7662,0.5217,0.3631,-16.80,-7.84,17.08
0.3384,0.7662,0.5226,0.3587,-17.22,-8.33,17.01
0.3396,0.7671,0.5183,0.3567,-16.80,-8.19,17.29
0.3408,0.7686,0.5148,0.3587,-17.50,-8.05,17.43
0.3420,0.7715,0.5241,0.3548,-16.94,-8.33,17.71
0.3432,0.7662,0.5217,0.3553,-17.08,-7.77,18.06
0.3444,0.7608,0.5192,0.3567,-16.73,-7.56,17.99
0.3456,0.7593,0.5178,0.3572,-17.36,-7.77,17.92
0.3468,0.7613,0.5202,0.3587,-16.45,-7.56,18.20
0.3480,0.7652,0.5241,0.3567,-17.22,-7.56,18.20
0.3491,0.7657,0.5246,0.3562,-16.66,-7.84,18.69
0.3503,0.7613,0.5246,0.3577,-16.87,-7.77,18.48
0.3515,0.7584,0.5266,0.3577,-16.45,-7.42,18.69
0.3527,0.7593,0.5275,0.3572,-17.08,-7.63,18.69
0.3539,0.7608,0.5266,0.3592,-16.66,-7.21,18.69
0.3551,0.7593,0.5251,0.3587,-16.73,-7.49,19.04
0.3563,0.7603,0.5222,0.3567,-17.01,-7.63,18.83
0.3575,0.7598,0.5226,0.3572,-16.45,-6.93,19.39
0.3587,0.7579,0.5236,0.3577,-17.08,-7.21,19.11
0.3592,0.7632,0.5217,0.3562,-16.17,-7.28,19.11
0.3598,0.7613,0.5217,0.3567,-16.24,-6.72,19.81
0.3603,0.7613,0.5197,0.3587,-17.36,-6.79,19.04
0.3609,0.7618,0.5197,0.3558,-16.24,-6.65,20.02
0.3614,0.7608,0.5183,0.3577,-16.73,-7.00,19.32
0.3620,0.7632,0.5163,0.3577,-16.52,-6.72,19.60
0.3625,0.7618,0.5148,0.3533,-16.94,-6.23,19.95
0.3631,0.7598,0.5144,0.3514,-16.38,-6.72,19.81
0.3636,0.7627,0.5129,0.3509,-16.52,-6.16,20.02
0.3642,0.7662,0.5124,0.3518,-16.73,-6.51,19.67
0.3647,0.7681,0.5153,0.3533,-16.66,-6.23,19.81
0.3653,0.7637,0.5168,0.3538,-16.52,-6.37,20.09
0.3658,0.7613,0.5144,0.3543,-16.59,-6.02,20.23
0.3664,0.7647,0.5192,0.3528,-16.66,-6.02,20.30
0.3669,0.7652,0.5217,0.3518,-16.17,-6.02,20.02
0.3675,0.7598,0.5183,0.3514,-16.94,-5.81,20.16
0.3680,0.7618,0.5222,0.3514,-16.31,-5.81,20.09
0.3686,0.7676,0.5202,0.3504,-16.94,-5.88,20.09
0.3691,0.7676,0.5178,0.3518,-16.24,-5.53,20.23
0.3697,0.7642,0.5202,0.3514,-17.01,-5.53,19.74
0.3709,0.7632,0.5207,0.3460,-16.24,-5.11,20.86
0.3721,0.7632,0.5178,0.3436,-17.01,-5.88,19.18
0.3733,0.7613,0.5173,0.3440,-16.38,-4.83,21.07
0.3745,0.7603,0.5173,0.3479,-16.80,-5.46,18.90
0.3757,0.7627,0.5158,0.3479,-16.38,-4.76,20.93
0.3768,0.7657,0.5124,0.3465,-16.59,-4.62,19.39
0.3780,0.7637,0.5100,0.3494,-16.59,-4.41,20.72
0.3792,0.7637,0.5134,0.3479,-16.59,-4.55,19.46
0.3804,0.7652,0.5144,0.3450,-16.52,-4.69,20.37
0.3816,0.7647,0.5109,0.3450,-16.38,-4.20,19.60
0.3828,0.7662,0.5109,0.3460,-16.66,-4.69,20.16
0.3840,0.7706,0.5139,0.3450,-16.87,-3.71,19.81
0.3852,0.7740,0.5119,0.3436,-16.59,-4.69,19.74
0.3864,0.7720,0.5134,0.3416,-17.01,-3.22,20.51
0.3876,0.7720,0.5144,0.3426,-16.31,-4.55,19.04
0.3888,0.7759,0.5129,0.3475,-17.01,-3.15,20.58
0.3900,0.7749,0.5144,0.3460,-16.52,-4.55,18.76
0.3912,0.7696,0.5153,0.3440,-16.73,-2.94,20.37
0.3924,0.7686,0.5178,0.3421,-16.31,-3.85,18.62
0.3936,0.7735,0.5183,0.3411,-16.59,-2.73,20.93
0.3936,0.7706,0.5183,0.3406,-16.80,-4.06,18.34
0.3936,0.7696,0.5197,0.3401,-16.24,-2.94,20.58
0.3936,0.7749,0.5168,0.3450,-17.01,-3.85,18.34
0.3937,0.7764,0.5129,0.3450,-16.31,-2.73,20.44
0.3937,0.7788,0.5153,0.3436,-16.94,-3.64,18.34
0.3937,0.7784,0.5168,0.3450,-16.38,-2.59,20.09
0.3938,0.7788,0.5153,0.3445,-17.08,-2.80,18.55
0.3938,0.7808,0.5139,0.3436,-16.03,-2.59,19.67
0.3938,0.7798,0.5109,0.3411,-16.80,-2.59,18.76
0.3939,0.7749,0.5095,0.3406,-16.24,-3.01,18.97
0.3939,0.7779,0.5129,0.3387,-16.94,-2.10,19.25
0.3939,0.7847,0.5168,0.3411,-16.17,-3.15,18.48
0.3940,0.7867,0.5163,0.3411,-16.24,-1.89,19.46
0.3940,0.7852,0.5139,0.3377,-16.52,-3.01,18.13
0.3940,0.7818,0.5144,0.3411,-16.03,-1.89,19.60
0.3941,0.7818,0.5129,0.3421,-16.73,-2.66,17.99
0.3941,0.7862,0.5139,0.3392,-16.03,-1.68,19.74
0.3941,0.7891,0.5124,0.3348,-15.61,-1.75,20.02
0.3941,0.7876,0.5144,0.3362,-16.73,-2.17,17.50
0.3942,0.7896,0.5134,0.3411,-15.61,-1.82,19.95
0.3946,0.7925,0.5114,0.3445,-16.45,-1.68,17.92
0.3951,0.7896,0.5100,0.3392,-16.03,-1.68,19.25
0.3956,0.7886,0.5114,0.3367,-16.03,-1.54,18.20
0.3960,0.7906,0.5144,0.3392,-15.82,-2.03,18.76
0.3965,0.7930,0.5124,0.3387,-16.17,-1.26,18.55
0.3970,0.7969,0.5134,0.3421,-15.89,-1.89,18.48
0.3974,0.7945,0.5153,0.3406,-15.75,-1.26,18.62
0.3979,0.7896,0.5129,0.3353,-15.68,-1.89,18.34
0.3984,0.7915,0.5134,0.3343,-15.68,-1.33,18.97
0.3988,0.7950,0.5158,0.3328,-15.82,-1.89,18.34
0.3993,0.7945,0.5148,0.3323,-15.47,-0.98,19.18
0.3998,0.7940,0.5148,0.3377,-15.89,-1.40,18.13
0.4002,0.7930,0.5178,0.3411,-15.19,-0.91,19.46
0.4007,0.7950,0.5129,0.3401,-15.54,-1.54,17.71
0.4011,0.7969,0.5148,0.3372,-14.91,-0.91,19.32
0.4016,0.7974,0.5163,0.3348,-14.49,-1.33,19.25
0.4021,0.7945,0.5148,0.3372,-15.61,-1.12,17.99
0.4025,0.7969,0.5197,0.3387,-14.49,-0.91,19.18
0.4030,0.7974,0.5207,0.3367,-15.33,-1.19,18.13
0.4035,0.8003,0.5226,0.3333,-14.28,-1.12,18.97
0.4040,0.7993,0.5226,0.3328,-15.05,-0.84,17.92
0.4045,0.7925,0.5183,0.3338,-14.14,-0.84,18.97
0.4050,0.7945,0.5187,0.3333,-14.56,-0.77,18.41
0.4055,0.7989,0.5197,0.3343,-14.35,-1.05,18.55
0.4061,0.7984,0.5226,0.3328,-14.42,-0.49,18.97
0.4066,0.7984,0.5217,0.3304,-14.00,-1.26,18.06
0.4071,0.7984,0.5197,0.3343,-13.79,-0.56,19.18
0.4076,0.8008,0.5207,0.3362,-14.14,-1.33,18.13
0.4081,0.8042,0.5222,0.3294,-13.51,-0.35,19.04
0.4087,0.8008,0.5192,0.3294,-14.00,-1.12,17.85
0.4092,0.8003,0.5187,0.3343,-13.30,-0.49,19.32
0.4097,0.8008,0.5217,0.3353,-13.79,-1.05,17.78
0.4102,0.8003,0.5207,0.3338,-13.09,-0.21,19.25
0.4107,0.8008,0.5183,0.3372,-13.51,-1.12,17.85
0.4112,0.8028,0.5187,0.3357,-13.30,-0.77,18.83
0.4118,0.8023,0.5183,0.3318,-13.16,-0.77,18.06
0.4123,0.8013,0.5183,0.3328,-13.02,-1.05,18.62
0.4128,0.8052,0.5197,0.3348,-12.74,-0.28,18.13
0.4133,0.8081,0.5192,0.3367,-12.95,-0.91,18.69
0.4138,0.8062,0.5207,0.3338,-12.53,-0.28,18.34
0.4144,0.8072,0.5212,0.3318,-12.60,-1.12,18.13
0.4150,0.8076,0.5187,0.3309,-12.32,-0.63,18.83
0.4156,0.8081,0.5183,0.3348,-12.67,-0.42,17.99
0.4162,0.8062,0.5192,0.3372,-12.11,-0.77,18.69
0.4168,0.8052,0.5163,0.3323,-12.25,-0.91,17.64
0.4174,0.8076,0.5153,0.3343,-11.90,-0.49,18.83
0.4180,0.8076,0.5178,0.3367,-11.97,-0.84,17.50
0.4186,0.8091,0.5173,0.3328,-11.34,-0.56,18.55
0.4192,0.8062,0.5158,0.3284,-11.83,-0.63,17.64
0.4198,0.8018,0.5173,0.3289,-11.41,-0.91,18.13
0.4204,0.8003,0.5192,0.3318,-11.34,-0.28,17.92
0.4210,0.8008,0.5187,0.3299,-11.06,-0.84,17.85
0.4216,0.8008,0.5153,0.3314,-11.06,-0.56,17.99
0.4222,0.8008,0.5144,0.3265,-10.85,-0.35,17.64
0.4228,0.7989,0.5144,0.3231,-10.99,-0.63,17.64
0.4234,0.7969,0.5124,0.3284,-10.99,-0.49,17.15
0.4240,0.7974,0.5119,0.3274,-10.57,-0.35,17.50
0.4246,0.7930,0.5163,0.3270,-10.85,-0.70,17.08
0.4252,0.7901,0.5168,0.3318,-10.64,-0.21,17.92
0.4258,0.7940,0.5168,0.3304,-10.36,-0.49,16.94
0.4263,0.7935,0.5187,0.3265,-10.22,-0.63,17.29
0.4268,0.7930,0.5158,0.3284,-9.94,-0.14,16.94
0.4274,0.7954,0.5129,0.3309,-10.08,-0.70,17.50
0.4279,0.7906,0.5134,0.3265,-10.22,-0.14,16.66
0.4284,0.7876,0.5148,0.3231,-10.01,-0.21,17.22
0.4290,0.7876,0.5144,0.3260,-9.73,0.07,16.45
0.4295,0.7867,0.5134,0.3279,-9.52,-0.28,17.01
0.4300,0.7867,0.5124,0.3279,-9.73,0.21,16.31
0.4305,0.7832,0.5109,0.3289,-9.17,-0.28,16.66
0.4311,0.7788,0.5124,0.3260,-9.38,0.07,16.17
0.4316,0.7759,0.5134,0.3221,-8.96,-0.07,16.38
0.4321,0.7769,0.5095,0.3265,-9.17,0.21,16.03
0.4327,0.7798,0.5075,0.3260,-9.03,0.91,16.59
0.4332,0.7745,0.5090,0.3265,-8.68,0.07,15.82
0.4337,0.7740,0.5114,0.3231,-8.61,1.33,16.80
0.4342,0.7749,0.5109,0.3201,-9.24,0.00,15.61
0.4348,0.7749,0.5085,0.3231,-7.77,1.26,16.52
0.4353,0.7720,0.5065,0.3235,-8.68,0.07,15.05
0.4358,0.7720,0.5056,0.3235,-7.98,0.91,16.31
0.4364,0.7749,0.5070,0.3255,-8.47,0.84,15.47
0.4376,0.7740,0.5065,0.3260,-7.42,0.77,15.89
0.4389,0.7730,0.5061,0.3226,-8.26,1.05,15.54
0.4402,0.7745,0.5051,0.3221,-8.05,0.84,15.82
0.4415,0.7754,0.5075,0.3206,-8.26,1.47,15.26
0.4428,0.7720,0.5061,0.3211,-7.77,1.05,15.96
0.4441,0.7720,0.5026,0.3250,-7.63,1.19,15.19
0.4454,0.7745,0.5031,0.3265,-7.77,1.26,15.68
0.4467,0.7745,0.5002,0.3250,-7.28,1.96,15.12
0.4480,0.7759,0.4987,0.3211,-7.35,1.05,15.61
0.4493,0.7774,0.4953,0.3196,-7.14,1.82,15.26
0.4506,0.7735,0.4958,0.3231,-7.28,2.03,15.40
0.4519,0.7706,0.4934,0.3235,-6.93,1.61,15.33
0.4532,0.7706,0.4953,0.3226,-6.79,2.10,15.40
0.4545,0.7730,0.4982,0.3221,-7.00,1.54,14.70
0.4558,0.7769,0.4982,0.3216,-6.65,1.75,15.61
0.4570,0.7788,0.4953,0.3196,-6.79,1.82,14.56
0.4583,0.7798,0.4909,0.3187,-6.86,2.03,15.40
0.4596,0.7808,0.4939,0.3201,-6.51,1.89,14.70
0.4609,0.7793,0.4948,0.3201,-6.65,2.17,15.19
0.4622,0.7759,0.4914,0.3226,-6.37,2.31,14.91
0.4638,0.7745,0.4934,0.3235,-6.58,2.10,15.19
0.4653,0.7720,0.4973,0.3211,-6.23,1.96,14.70
0.4669,0.7720,0.4963,0.3187,-6.16,2.52,15.12
0.4685,0.7735,0.4909,0.3172,-6.02,2.31,14.70
0.4700,0.7735,0.4895,0.3192,-5.95,2.66,14.70
0.4716,0.7740,0.4904,0.3182,-5.74,2.38,14.84
0.4731,0.7745,0.4904,0.3196,-5.74,2.38,14.70
0.4747,0.7774,0.4900,0.3206,-5.67,2.59,14.77
0.4763,0.7769,0.4890,0.3196,-5.81,2.17,14.28
0.4778,0.7735,0.4904,0.3192,-5.46,2.52,14.77
0.4794,0.7735,0.4909,0.3187,-5.67,2.45,14.42
0.4810,0.7725,0.4895,0.3221,-5.39,2.24,14.07
0.4825,0.7710,0.4890,0.3231,-5.39,3.01,14.77
0.4841,0.7710,0.4895,0.3206,-5.32,2.52,14.28
0.4856,0.7696,0.4914,0.3157,-5.11,2.94,14.21
0.4872,0.7691,0.4914,0.3133,-4.83,2.66,14.07
0.4888,0.7686,0.4870,0.3138,-4.76,2.87,14.00
0.4903,0.7662,0.4836,0.3167,-4.83,2.66,14.00
0.4919,0.7696,0.4856,0.3187,-4.83,2.66,14.07
0.4934,0.7715,0.4860,0.3182,-4.62,3.08,13.72
0.4935,0.7647,0.4856,0.3162,-4.76,2.52,14.00
0.4935,0.7652,0.4904,0.3148,-4.34,2.80,13.44
0.4935,0.7686,0.4919,0.3196,-4.55,2.80,13.86
0.4936,0.7686,0.4904,0.3216,-4.62,3.29,13.51
0.4936,0.7666,0.4914,0.3187,-4.27,3.08,13.65
0.4936,0.7676,0.4895,0.3182,-4.34,3.08,13.51
0.4937,0.7706,0.4846,0.3206,-3.85,2.87,13.23
0.4937,0.7686,0.4826,0.3192,-4.13,3.15,13.37
0.4937,0.7696,0.4831,0.3162,-3.43,2.94,12.81
0.4938,0.7686,0.4860,0.3177,-3.99,3.08,13.44
0.4938,0.7696,0.4865,0.3177,-3.78,2.94,13.23
0.4938,0.7725,0.4856,0.3148,-3.36,2.87,12.74
0.4939,0.7725,0.4851,0.3133,-3.43,3.08,13.30
0.4939,0.7730,0.4865,0.3148,-3.57,2.66,12.39
0.4940,0.7730,0.4880,0.3157,-2.94,3.08,12.95
0.4940,0.7715,0.4895,0.3148,-3.15,2.66,12.39
0.4940,0.7701,0.4895,0.3143,-2.59,3.01,12.81
0.4941,0.7676,0.4895,0.3138,-3.08,2.80,12.46
0.4941,0.7681,0.4880,0.3157,-2.24,2.52,12.11
0.4941,0.7676,0.4924,0.3148,-2.73,3.08,12.18
0.4941,0.7696,0.4948,0.3148,-2.31,2.66,12.04
0.4942,0.7730,0.4914,0.3187,-2.38,2.59,12.32
0.4942,0.7715,0.4924,0.3167,-2.17,2.80,11.69
0.4942,0.7691,0.4924,0.3148,-1.82,2.94,12.39
0.4942,0.7666,0.4939,0.3177,-2.31,2.87,11.41
0.4943,0.7696,0.4934,0.3201,-1.61,2.73,12.25
0.4943,0.7740,0.4914,0.3211,-1.82,2.73,11.34
0.4943,0.7720,0.4909,0.3206,-1.05,2.24,11.76
0.4943,0.7715,0.4934,0.3172,-1.82,2.94,11.06
0.4944,0.7720,0.4973,0.3162,-1.26,2.73,11.83
0.4944,0.7701,0.4939,0.3172,-0.98,2.17,10.71
0.4944,0.7696,0.4919,0.3201,-1.12,2.52,11.62
0.4944,0.7652,0.4914,0.3196,-0.77,2.17,10.92
0.4944,0.7666,0.4900,0.3172,-0.84,2.17,11.13
0.4945,0.7730,0.4904,0.3196,-0.49,2.24,10.92
0.4945,0.7725,0.4929,0.3216,-0.70,1.96,10.78
0.4945,0.7696,0.4924,0.3250,-0.35,2.17,10.71
0.4945,0.7735,0.4890,0.3226,-0.35,2.17,10.57
0.4946,0.7798,0.4900,0.3167,0.14,2.03,10.71
0.4946,0.7774,0.4939,0.3162,0.49,1.68,10.08
0.4946,0.7745,0.4939,0.3187,0.28,1.82,10.71
0.4946,0.7764,0.4924,0.3192,0.35,1.61,9.80
0.4946,0.7759,0.4934,0.3182,0.77,1.89,10.92
0.4947,0.7754,0.4924,0.3211,0.49,1.12,9.17
0.4947,0.7788,0.4963,0.3211,1.05,1.75,10.50
0.4947,0.7793,0.5026,0.3196,0.84,1.26,9.45
0.4947,0.7740,0.5012,0.3192,1.19,1.54,10.36
0.4947,0.7730,0.5002,0.3201,1.40,0.91,9.31
0.4948,0.7715,0.4992,0.3226,1.68,1.61,10.22
0.4948,0.7730,0.4978,0.3196,2.10,1.47,10.29
0.4948,0.7749,0.5002,0.3192,1.75,0.70,8.68
0.4948,0.7749,0.5022,0.3182,2.10,1.19,9.73
0.4948,0.7720,0.5031,0.3201,2.31,0.91,8.61
0.4949,0.7725,0.5007,0.3240,2.73,0.63,9.52
0.4949,0.7730,0.5007,0.3216,2.45,0.56,8.61
0.4949,0.7740,0.5041,0.3157,2.94,0.63,9.31
0.4949,0.7759,0.4992,0.3201,3.01,0.70,8.89
0.4949,0.7774,0.4958,0.3245,3.22,0.21,8.82
0.4949,0.7764,0.5002,0.3221,3.29,0.28,8.75
0.4950,0.7740,0.5017,0.3192,3.43,0.00,8.75
0.4954,0.7754,0.5002,0.3182,4.13,0.49,8.61
0.4959,0.7740,0.5002,0.3211,3.71,-0.07,8.12
0.4964,0.7730,0.5012,0.3201,4.27,0.14,9.03
0.4969,0.7754,0.4992,0.3201,3.99,-0.42,7.70
0.4974,0.7720,0.4963,0.3235,4.27,0.00,8.82
0.4979,0.7740,0.4968,0.3235,4.34,-0.63,7.63
0.4984,0.7788,0.4968,0.3235,4.76,0.00,8.68
0.4989,0.7764,0.4953,0.3274,4.48,-0.84,7.21
0.4993,0.7740,0.4963,0.3304,5.18,-0.21,8.54
0.4998,0.7725,0.5002,0.3270,4.69,-0.84,7.42
0.5003,0.7720,0.4992,0.3250,5.39,-0.56,7.98
0.5008,0.7725,0.4973,0.3265,5.11,-0.84,7.14
0.5013,0.7735,0.4963,0.3221,5.67,-0.63,8.05
0.5018,0.7720,0.4953,0.3211,5.67,-0.84,6.93
0.5023,0.7706,0.4963,0.3250,6.16,-0.91,7.49
0.5027,0.7676,0.4978,0.3250,5.60,-1.12,7.35
0.5032,0.7666,0.4973,0.3245,6.44,-1.33,7.14
0.5037,0.7676,0.4992,0.3240,6.23,-0.70,7.42
0.5042,0.7681,0.4953,0.3221,6.51,-1.40,6.51
0.5047,0.7676,0.4943,0.3216,6.58,-1.05,7.00
0.5052,0.7642,0.4958,0.3235,6.65,-1.68,5.95
0.5057,0.7666,0.4929,0.3250,7.14,-1.33,7.14
0.5063,0.7676,0.4948,0.3255,6.86,-2.03,5.53
0.5068,0.7671,0.4948,0.3289,6.93,-1.26,6.86
0.5073,0.7676,0.4914,0.3299,7.14,-1.75,5.81
0.5078,0.7666,0.4904,0.3274,7.14,-1.89,6.44
0.5083,0.7671,0.4929,0.3255,7.28,-1.89,5.46
0.5089,0.7676,0.4919,0.3270,7.63,-1.96,5.95
0.5094,0.7671,0.4909,0.3289,7.56,-1.96,5.60
0.5099,0.7676,0.4904,0.3270,7.91,-2.17,5.60
0.5104,0.7706,0.4904,0.3255,7.63,-1.68,5.25
0.5110,0.7681,0.4909,0.3294,8.19,-2.38,5.67
0.5115,0.7671,0.4914,0.3304,7.91,-2.03,4.97
0.5120,0.7725,0.4890,0.3289,8.54,-2.52,5.11
0.5125,0.7706,0.4904,0.3309,7.98,-2.10,5.39
0.5130,0.7686,0.4929,0.3289,8.68,-2.52,4.34
0.5136,0.7720,0.4919,0.3260,8.54,-2.24,5.25
0.5141,0.7730,0.4900,0.3294,8.54,-2.94,4.34
0.5146,0.7720,0.4875,0.3338,8.82,-2.52,5.04
0.5151,0.7725,0.4865,0.3328,8.68,-2.87,4.13
0.5163,0.7715,0.4851,0.3309,9.03,-2.66,5.04
0.5174,0.7745,0.4836,0.3304,8.75,-2.94,3.78
0.5185,0.7769,0.4831,0.3279,9.17,-2.59,4.90
0.5197,0.7784,0.4841,0.3279,9.10,-2.94,3.57
0.5208,0.7813,0.4870,0.3284,9.52,-3.08,4.27
0.5219,0.7779,0.4856,0.3260,8.89,-3.08,3.92
0.5231,0.7774,0.4812,0.3299,9.52,-3.01,4.13
0.5242,0.7798,0.4797,0.3279,9.10,-3.22,3.57
0.5253,0.7842,0.4812,0.3250,9.59,-3.22,3.78
0.5265,0.7886,0.4812,0.3274,9.52,-3.29,3.29
0.5276,0.7881,0.4758,0.3328,9.80,-3.15,3.85
0.5287,0.7828,0.4734,0.3338,9.31,-3.71,3.15
0.5299,0.7798,0.4719,0.3289,9.59,-3.36,3.71
0.5310,0.7842,0.4719,0.3289,9.80,-3.99,3.08
0.5321,0.7857,0.4724,0.3323,9.87,-3.64,3.64
0.5333,0.7871,0.4734,0.3367,9.73,-3.99,3.08
0.5344,0.7906,0.4738,0.3348,10.01,-3.78,3.43
0.5355,0.7876,0.4738,0.3309,9.73,-4.06,3.01
0.5367,0.7857,0.4714,0.3323,9.80,-3.78,3.29
0.5378,0.7881,0.4675,0.3343,9.87,-4.34,3.08
0.5378,0.7915,0.4699,0.3333,10.22,-4.34,2.87
0.5379,0.7891,0.4719,0.3348,9.94,-4.55,2.66
0.5379,0.7842,0.4714,0.3328,10.08,-3.85,3.29
0.5379,0.7901,0.4680,0.3323,10.01,-4.48,2.73
0.5380,0.7935,0.4690,0.3348,10.29,-4.48,2.94
0.5380,0.7950,0.4675,0.3333,10.01,-4.62,2.87
0.5380,0.7959,0.4670,0.3294,10.22,-4.62,3.15
0.5381,0.7915,0.4709,0.3318,10.15,-4.62,2.80
0.5381,0.7886,0.4719,0.3333,10.29,-4.83,2.73
0.5381,0.7935,0.4695,0.3304,10.29,-4.55,2.73
0.5382,0.7945,0.4680,0.3348,10.08,-5.25,2.80
0.5382,0.7871,0.4665,0.3382,10.08,-4.69,2.94
0.5382,0.7886,0.4646,0.3357,9.94,-5.18,3.29
0.5383,0.7945,0.4631,0.3328,10.64,-5.11,2.87
0.5383,0.7959,0.4616,0.3367,10.01,-5.32,2.87
0.5383,0.7915,0.4641,0.3382,10.36,-4.83,3.50
0.5384,0.7896,0.4656,0.3353,9.94,-5.46,2.38
0.5384,0.7881,0.4636,0.3357,10.71,-5.32,3.64
0.5384,0.7920,0.4631,0.3367,9.94,-5.67,2.73
0.5385,0.7940,0.4641,0.3343,10.57,-5.32,3.64
0.5397,0.7842,0.4602,0.3309,9.73,-5.81,2.73
0.5410,0.7847,0.4602,0.3343,9.94,-5.53,3.08
0.5423,0.7852,0.4626,0.3343,10.50,-5.74,3.29
0.5435,0.7842,0.4597,0.3382,10.15,-5.04,3.29
0.5448,0.7832,0.4607,0.3343,10.36,-5.46,3.71
0.5461,0.7828,0.4621,0.3348,9.94,-5.32,3.64
0.5473,0.7837,0.4626,0.3406,10.01,-5.67,3.64
0.5486,0.7862,0.4641,0.3416,10.15,-5.39,3.78
0.5498,0.7837,0.4651,0.3406,10.01,-5.53,3.99
0.5511,0.7847,0.4660,0.3392,10.22,-6.09,3.85
0.5524,0.7886,0.4675,0.3382,9.87,-5.67,3.92
0.5536,0.7862,0.4670,0.3362,10.22,-6.16,3.92
0.5549,0.7876,0.4636,0.3401,9.87,-5.60,4.27
0.5562,0.7891,0.4621,0.3421,9.94,-6.02,4.27
0.5574,0.7886,0.4621,0.3377,9.94,-5.81,4.20
0.5587,0.7881,0.4626,0.3367,9.94,-6.16,3.99
0.5600,0.7876,0.4656,0.3362,9.87,-5.53,4.34
0.5612,0.7881,0.4646,0.3421,9.94,-6.51,3.92
0.5625,0.7881,0.4607,0.3440,9.73,-6.30,4.41
0.5637,0.7886,0.4646,0.3436,9.94,-5.81,4.69
0.5642,0.7886,0.4626,0.3421,9.45,-5.60,4.83
0.5646,0.7906,0.4616,0.3401,9.94,-5.95,4.55
0.5650,0.7974,0.4646,0.3396,9.52,-5.95,5.04
0.5655,0.7959,0.4665,0.3416,9.73,-5.60,4.76
0.5659,0.7881,0.4656,0.3450,9.66,-5.95,5.11
0.5663,0.7857,0.4636,0.3455,9.59,-5.60,4.83
0.5668,0.7852,0.4656,0.3450,9.38,-5.67,5.39
0.5672,0.7876,0.4690,0.3426,9.52,-6.16,4.76
0.5676,0.7862,0.4709,0.3392,9.52,-5.67,5.32
0.5681,0.7847,0.4709,0.3387,9.52,-5.88,5.11
0.5685,0.7881,0.4714,0.3421,9.31,-5.67,5.53
0.5689,0.7832,0.4690,0.3436,9.59,-5.88,5.11
0.5694,0.7808,0.4670,0.3436,9.17,-5.74,5.60
0.5698,0.7842,0.4704,0.3450,8.82,-6.02,5.60
0.5703,0.7837,0.4719,0.3445,9.17,-5.67,5.25
0.5707,0.7832,0.4699,0.3411,9.03,-5.74,5.95
0.5711,0.7847,0.4675,0.3396,9.24,-5.60,5.53
0.5716,0.7847,0.4709,0.3406,9.03,-5.25,6.44
0.5720,0.7832,0.4743,0.3392,8.75,-5.74,4.97
0.5724,0.7798,0.4704,0.3387,9.03,-5.74,6.51
0.5735,0.7832,0.4719,0.3387,8.96,-5.60,5.18
0.5746,0.7862,0.4748,0.3440,8.82,-6.02,6.30
0.5756,0.7857,0.4758,0.3470,8.89,-5.18,5.74
0.5767,0.7867,0.4758,0.3460,8.61,-5.60,6.23
0.5778,0.7842,0.4734,0.3440,8.54,-5.04,6.23
0.5788,0.7803,0.4748,0.3411,8.54,-5.81,6.23
0.5799,0.7788,0.4763,0.3392,8.89,-4.83,6.37
0.5810,0.7779,0.4758,0.3387,8.54,-6.09,6.16
0.5821,0.7769,0.4763,0.3455,8.75,-4.62,6.65
0.5831,0.7784,0.4758,0.3479,8.19,-5.53,6.09
0.5842,0.7779,0.4738,0.3460,8.68,-4.90,6.65
0.5853,0.7793,0.4763,0.3460,8.12,-5.32,6.37
0.5863,0.7808,0.4778,0.3450,8.54,-5.25,6.58
0.5874,0.7784,0.4738,0.3460,8.12,-4.69,6.58
0.5885,0.7798,0.4748,0.3436,8.33,-5.39,6.30
0.5895,0.7735,0.4802,0.3470,8.05,-5.11,6.51
0.5906,0.7740,0.4812,0.3455,8.05,-4.48,6.44
0.5917,0.7735,0.4821,0.3450,8.12,-5.04,6.93
0.5928,0.7715,0.4846,0.3470,7.98,-4.34,6.37
0.5938,0.7686,0.4860,0.3479,7.91,-4.90,7.00
0.5939,0.7642,0.4875,0.3494,8.12,-4.34,6.30
0.5939,0.7657,0.4870,0.3533,7.98,-4.90,6.51
0.5939,0.7666,0.4875,0.3518,7.98,-4.34,6.79
0.5940,0.7642,0.4895,0.3465,7.56,-4.62,6.58
0.5940,0.7642,0.4900,0.3455,8.05,-3.92,6.72
0.5940,0.7666,0.4909,0.3470,7.77,-4.55,6.30
0.5941,0.7657,0.4909,0.3489,7.91,-4.13,6.79
0.5941,0.7623,0.4900,0.3514,7.42,-3.92,6.44
0.5942,0.7593,0.4895,0.3509,7.77,-3.78,6.79
0.5942,0.7603,0.4895,0.3489,7.49,-4.06,6.37
0.5942,0.7598,0.4904,0.3475,7.77,-3.78,7.07
0.5943,0.7588,0.4904,0.3470,7.35,-4.13,6.37
0.5943,0.7618,0.4900,0.3455,7.56,-3.43,7.00
0.5943,0.7623,0.4939,0.3489,7.56,-3.78,6.30
0.5944,0.7608,0.4963,0.3489,7.28,-3.29,7.35
0.5944,0.7613,0.4958,0.3470,7.56,-3.29,6.23
0.5945,0.7627,0.4982,0.3484,7.07,-3.08,7.14
0.5945,0.7618,0.4982,0.3479,7.56,-3.36,6.51
0.5945,0.7613,0.4934,0.3470,7.28,-3.22,7.00
0.5946,0.7613,0.4919,0.3479,7.35,-3.01,6.65
0.5952,0.7613,0.4963,0.3504,7.21,-3.22,6.79
0.5957,0.7623,0.4992,0.3504,7.21,-3.08,6.58
0.5963,0.7652,0.5007,0.3504,7.00,-2.59,6.79
0.5969,0.7642,0.4978,0.3509,7.07,-3.01,6.93
0.5975,0.7647,0.4968,0.3523,6.93,-2.38,6.72
0.5981,0.7662,0.5012,0.3509,6.93,-2.66,7.00
0.5987,0.7666,0.5036,0.3509,7.00,-2.52,6.51
0.5992,0.7696,0.5031,0.3533,6.79,-2.80,6.79
0.5998,0.7706,0.5041,0.3518,7.14,-2.52,6.58
0.6004,0.7676,0.5080,0.3523,6.79,-2.24,7.00
0.6010,0.7662,0.5090,0.3509,6.93,-2.24,6.51
0.6016,0.7652,0.5065,0.3553,6.79,-2.38,6.65
0.6022,0.7642,0.5036,0.3558,6.65,-2.31,6.44
0.6027,0.7662,0.5065,0.3567,6.72,-1.96,6.51
0.6033,0.7657,0.5090,0.3562,6.30,-2.10,6.30
0.6039,0.7608,0.5114,0.3558,7.00,-1.89,6.37
0.6045,0.7598,0.5100,0.3582,6.37,-2.10,6.23
0.6051,0.7642,0.5070,0.3592,6.51,-1.47,6.58
0.6057,0.7632,0.5065,0.3553,6.30,-1.82,5.67
0.6063,0.7623,0.5085,0.3587,6.44,-1.96,6.23
0.6070,0.7637,0.5104,0.3592,6.37,-1.54,5.88
0.6077,0.7618,0.5104,0.3548,5.88,-2.17,5.67
0.6084,0.7618,0.5056,0.3553,6.51,-1.61,5.53
0.6092,0.7623,0.5065,0.3567,6.30,-1.47,5.53
0.6099,0.7632,0.5104,0.3587,6.23,-1.05,5.74
0.6106,0.7632,0.5090,0.3558,6.23,-1.68,5.25
0.6113,0.7647,0.5095,0.3533,5.95,-0.77,5.46
0.6121,0.7632,0.5109,0.3572,6.09,-1.82,4.69
0.6128,0.7613,0.5095,0.3562,5.88,-0.91,5.11
0.6135,0.7647,0.5129,0.3543,5.95,-1.61,4.69
0.6143,0.7676,0.5144,0.3548,5.88,-0.98,5.11
0.6150,0.7696,0.5100,0.3543,5.67,-1.05,3.92
0.6157,0.7637,0.5100,0.3567,5.81,-1.05,5.11
0.6164,0.7637,0.5109,0.3567,5.46,-1.12,3.78
0.6172,0.7671,0.5124,0.3553,5.60,-0.98,4.97
0.6179,0.7627,0.5144,0.3528,5.60,-1.26,3.36
0.6186,0.7642,0.5109,0.3514,5.53,-1.26,4.34
0.6194,0.7671,0.5114,0.3499,5.60,-0.63,3.64
0.6201,0.7681,0.5168,0.3475,5.46,-1.61,3.29
0.6208,0.7657,0.5148,0.3484,5.53,-0.14,3.99
0.6213,0.7637,0.5129,0.3518,5.04,-1.61,3.01
0.6218,0.7632,0.5134,0.3567,5.53,-0.14,3.71
0.6223,0.7662,0.5173,0.3572,5.04,-1.26,2.80
0.6228,0.7662,0.5163,0.3523,5.46,-0.21,3.36
0.6233,0.7632,0.5139,0.3514,4.97,-0.91,2.31
0.6237,0.7666,0.5163,0.3533,5.46,-0.28,3.22
0.6242,0.7691,0.5148,0.3523,4.55,-1.05,2.24
0.6247,0.7706,0.5158,0.3548,5.46,-0.14,3.15
0.6252,0.7710,0.5183,0.3562,4.69,-0.63,1.82
0.6257,0.7706,0.5173,0.3533,4.90,-0.70,2.73
0.6262,0.7725,0.5163,0.3514,4.69,-0.63,3.01
0.6267,0.7740,0.5148,0.3494,4.55,-0.42,1.82
0.6272,0.7691,0.5168,0.3509,4.97,-0.77,2.45
0.6277,0.7710,0.5168,0.3514,4.41,-0.28,1.61
0.6282,0.7749,0.5163,0.3528,4.69,-0.91,2.17
0.6287,0.7740,0.5139,0.3528,4.41,-0.07,1.89
0.6291,0.7740,0.5104,0.3514,4.48,-1.33,1.54
0.6296,0.7764,0.5104,0.3484,4.41,-0.14,2.03
0.6301,0.7784,0.5090,0.3499,4.55,-0.84,1.26
0.6306,0.7793,0.5056,0.3533,4.48,-0.35,1.68
0.6316,0.7813,0.5090,0.3543,3.99,-0.98,1.26
0.6327,0.7798,0.5085,0.3533,4.06,-0.35,1.75
0.6337,0.7759,0.5056,0.3528,4.13,-0.84,1.40
0.6347,0.7764,0.5056,0.3504,4.13,-0.42,1.75
0.6358,0.7798,0.5056,0.3518,3.99,-0.77,1.05
0.6368,0.7847,0.5065,0.3514,3.99,-0.77,1.75
0.6378,0.7852,0.5041,0.3504,3.64,-0.56,1.26
0.6388,0.7832,0.5022,0.3518,4.13,-0.77,1.47
0.6399,0.7788,0.3767,0.3499,4.06,-0.84,1.82
0.6409,0.7813,0.5002,0.3528,3.92,-0.84,1.89
0.6419,0.7774,0.5002,0.3523,3.22,-0.91,0.42
0.6430,0.7798,0.5022,0.3450,3.50,-0.35,2.17
0.6440,0.7803,0.5002,0.3465,3.08,-0.84,0.35
0.6450,0.7779,0.4978,0.3572,3.36,-1.12,1.75
0.6460,0.7784,0.5026,0.3562,2.80,-0.70,0.70
0.6471,0.7803,0.5007,0.3509,2.94,-0.91,1.47
0.6481,0.7823,0.4948,0.3533,3.08,-0.98,0.77
0.6491,0.7798,0.4948,0.3533,2.66,-0.91,1.33
0.6502,0.7784,0.4929,0.3523,2.80,-1.26,1.05
0.6512,0.7798,0.4919,0.3538,2.59,-0.98,1.05
0.6512,0.7798,0.4939,0.3518,2.45,-0.91,1.33
0.6512,0.7784,0.4924,0.3470,2.45,-1.47,0.56
0.6513,0.7769,0.4939,0.3475,2.73,-0.70,1.82
0.6513,0.7798,0.4924,0.3528,2.31,-1.12,0.42
0.6513,0.7813,0.4909,0.3543,2.17,-0.91,1.75
0.6514,0.7769,0.4919,0.3494,2.10,-1.12,0.35
0.6514,0.7759,0.4895,0.3509,1.89,-1.47,1.40
0.6514,0.7745,0.4904,0.3553,1.40,-1.61,1.33
0.6514,0.7769,0.4914,0.3533,1.82,-0.56,0.70
0.6515,0.7764,0.4890,0.3504,1.54,-1.75,1.12
0.6515,0.7769,0.4865,0.3499,1.68,-0.77,1.05
0.6515,0.7779,0.4890,0.3484,1.40,-1.40,0.98
0.6516,0.7798,0.4939,0.3450,1.33,-1.26,1.54
0.6516,0.7823,0.4934,0.3426,1.12,-1.19,0.77
0.6516,0.7813,0.4885,0.3494,1.33,-1.40,1.89
0.6516,0.7808,0.4865,0.3562,1.05,-1.26,0.28
0.6517,0.7842,0.4846,0.3558,1.12,-1.47,2.17
0.6517,0.7837,0.4865,0.3518,0.70,-1.33,0.35
0.6517,0.7842,0.4900,0.3509,0.77,-1.40,2.24
0.6518,0.7857,0.4909,0.3494,0.63,-1.54,0.49
0.6523,0.7852,0.4895,0.3475,0.70,-1.68,2.17
0.6528,0.7857,0.4895,0.3470,0.42,-1.33,0.77
0.6533,0.7852,0.4909,0.3509,0.70,-1.75,2.38
0.6538,0.7832,0.4900,0.3514,0.07,-1.47,1.05
0.6543,0.7798,0.4880,0.3504,0.84,-1.96,2.03
0.6548,0.7813,0.4895,0.3518,-0.35,-1.33,1.26
0.6553,0.7808,0.4895,0.3479,0.00,-1.26,1.82
0.6558,0.7808,0.4904,0.3440,0.21,-1.96,1.96
0.6563,0.7803,0.4939,0.3499,-0.49,-1.33,2.10
0.6568,0.7823,0.4924,0.3514,-0.21,-2.24,1.54
0.6573,0.7881,0.4851,0.3489,-0.14,-1.68,2.59
0.6578,0.7896,0.4870,0.3484,-0.49,-1.96,1.75
0.6584,0.7891,0.4890,0.3475,-0.07,-1.33,2.87
0.6589,0.7901,0.4914,0.3494,-0.98,-1.96,1.61
0.6594,0.7867,0.4929,0.3518,-0.07,-1.89,2.94
0.6599,0.7876,0.4895,0.3523,-1.47,-1.75,1.75
0.6604,0.7910,0.4860,0.3528,-0.14,-1.82,3.08
0.6609,0.7886,0.4870,0.3528,-1.54,-1.54,1.96
0.6614,0.7847,0.4914,0.3538,-0.42,-2.38,3.22
0.6619,0.7871,0.4904,0.3543,-1.54,-1.33,2.17
0.6636,0.7886,0.4856,0.3499,-0.84,-2.45,3.22
0.6653,0.7881,0.4846,0.3465,-1.75,-1.82,2.10
0.6669,0.7857,0.4865,0.3455,-0.63,-1.82,3.64
0.6686,0.7837,0.4865,0.3494,-1.75,-1.68,2.38
0.6703,0.7852,0.4846,0.3489,-1.33,-1.82,3.57
0.6720,0.7832,0.4841,0.3431,-1.96,-2.10,2.38
0.6736,0.7808,0.4821,0.3470,-1.82,-1.89,3.64
0.6753,0.7837,0.4836,0.3499,-1.82,-1.75,2.87
0.6770,0.7818,0.4846,0.3489,-1.75,-1.75,3.22
0.6787,0.7793,0.4826,0.3475,-2.10,-1.89,3.22
0.6803,0.7837,0.4836,0.3499,-2.24,-1.61,3.22
0.6820,0.7808,0.4856,0.3518,-2.17,-2.10,3.50
0.6837,0.7779,0.4904,0.3445,-2.45,-1.61,3.01
0.6854,0.7759,0.4919,0.3436,-2.24,-2.10,3.85
0.6870,0.7784,0.4914,0.3470,-3.08,-1.40,3.08
0.6887,0.7764,0.4939,0.3465,-2.17,-1.96,4.13
0.6904,0.7735,0.4934,0.3440,-3.15,-1.40,3.15
0.6921,0.7740,0.4929,0.3401,-2.38,-1.89,4.41
0.6937,0.7735,0.4929,0.3436,-3.43,-1.68,3.01
0.6954,0.7725,0.4919,0.3450,-2.66,-1.54,4.76
0.6955,0.7754,0.4900,0.3489,-2.66,-1.68,4.55
0.6955,0.7803,0.4909,0.3465,-3.92,-1.75,3.43
0.6955,0.7788,0.4919,0.3460,-3.15,-1.61,4.41
0.6956,0.7788,0.4904,0.3431,-3.78,-1.19,4.06
0.6956,0.7808,0.4895,0.3421,-3.43,-1.26,4.34
0.6956,0.7818,0.4909,0.3440,-3.85,-1.47,4.34
0.6957,0.7842,0.4934,0.3470,-3.85,-0.91,4.20
0.6957,0.7823,0.4943,0.3421,-3.85,-1.12,5.18
0.6957,0.7847,0.4919,0.3411,-3.57,-1.12,3.85
0.6958,0.7906,0.4939,0.3440,-3.64,-0.91,5.60
0.6958,0.7906,0.4973,0.3401,-4.06,-1.33,3.99
0.6958,0.7901,0.4973,0.3421,-3.78,-0.63,5.67
0.6959,0.7906,0.4958,0.3436,-4.62,-1.54,4.20
0.6959,0.7935,0.4929,0.3406,-3.64,-0.84,5.88
0.6959,0.7940,0.4943,0.3401,-4.97,-1.19,4.41
0.6960,0.7964,0.4948,0.3421,-3.71,-0.84,5.88
0.6960,0.8018,0.4934,0.3387,-4.97,-0.91,4.62
0.6960,0.8037,0.4919,0.3382,-4.27,-0.77,6.23
0.6961,0.8062,0.4934,0.3396,-4.90,-1.12,4.55
0.6961,0.8032,0.4968,0.3411,-4.20,-0.77,6.30
0.6967,0.7993,0.4958,0.3421,-5.32,-1.05,4.62
0.6972,0.7998,0.4987,0.3460,-5.67,-0.84,4.97
0.6978,0.8003,0.4963,0.3445,-4.55,-0.98,5.74
0.6983,0.8032,0.4948,0.3436,-5.60,-0.56,5.74
0.6989,0.8057,0.4919,0.3455,-4.62,-0.84,5.46
0.6994,0.8072,0.4939,0.3436,-5.39,-0.77,5.60
0.7000,0.8106,0.5017,0.3436,-4.90,-1.33,5.32
0.7005,0.8111,0.5041,0.3406,-5.60,-0.28,5.74
0.7011,0.8111,0.5002,0.3387,-5.53,-1.19,5.25
0.7017,0.8096,0.4992,0.3411,-5.39,-0.56,6.09
0.7022,0.8072,0.5012,0.3475,-6.02,-0.91,5.11
0.7028,0.8120,0.5022,0.3499,-5.04,-1.05,6.23
0.7033,0.8154,0.5036,0.3465,-5.95,-0.84,5.11
0.7039,0.8174,0.5012,0.3479,-5.25,-0.77,6.16
0.7044,0.8189,0.4992,0.3465,-6.16,-0.35,5.46
0.7050,0.8179,0.5036,0.3431,-5.46,-1.05,6.09
0.7055,0.8150,0.5061,0.3431,-6.16,-0.84,5.11
0.7061,0.8140,0.5017,0.3450,-5.95,-0.98,6.23
0.7067,0.8164,0.4982,0.3455,-6.02,-0.77,5.11
0.7072,0.8184,0.5017,0.3411,-5.60,-0.91,6.16
0.7077,0.8247,0.5036,0.3455,-6.44,-0.77,5.46
0.7083,0.8233,0.5031,0.3518,-6.30,-0.77,5.74
0.7088,0.8237,0.5051,0.3484,-6.37,-0.49,6.09
0.7093,0.8228,0.5100,0.3450,-6.51,-0.70,5.67
0.7099,0.8198,0.5119,0.3440,-6.37,-0.91,5.95
0.7104,0.8198,0.5124,0.3475,-6.44,-1.05,5.46
0.7109,0.8218,0.5109,0.3509,-6.37,-1.05,5.88
0.7115,0.8237,0.5119,0.3484,-6.72,-0.98,5.53
0.7120,0.8281,0.5129,0.3465,-6.65,-1.12,5.67
0.7125,0.8306,0.5104,0.3450,-6.93,-0.91,5.88
0.7131,0.8276,0.5114,0.3406,-6.93,-0.91,5.25
0.7136,0.8267,0.5134,0.3416,-6.72,-0.84,5.81
0.7141,0.8291,0.5144,0.3465,-7.07,-1.05,5.32
0.7147,0.8281,0.5139,0.3494,-6.44,-0.77,5.95
0.7152,0.8276,0.5173,0.3484,-7.07,-0.98,5.25
0.7157,0.8291,0.5183,0.3460,-6.58,-0.91,5.81
0.7163,0.8311,0.5163,0.3465,-7.21,-0.70,5.18
0.7168,0.8301,0.5192,0.3504,-7.00,-1.05,6.16
0.7174,0.8291,0.5231,0.3504,-7.28,-0.84,4.97
0.7179,0.8242,0.5241,0.3523,-7.00,-1.26,5.88
0.7184,0.8272,0.5236,0.3509,-7.35,-0.56,4.97
0.7190,0.8306,0.5231,0.3475,-7.07,-1.68,5.39
0.7195,0.8276,0.5266,0.3479,-7.07,-0.42,5.60
0.7201,0.8281,0.5275,0.3479,-7.49,-1.61,5.32
0.7206,0.8296,0.5256,0.3528,-7.14,-0.35,5.95
0.7212,0.8320,0.5266,0.3548,-7.49,-1.33,5.04
0.7217,0.8345,0.5300,0.3528,-7.28,-0.49,6.02
0.7223,0.8350,0.5309,0.3533,-7.49,-1.47,4.62
0.7228,0.8325,0.5275,0.3538,-7.28,-0.77,6.09
0.7234,0.8330,0.5256,0.3543,-7.70,-1.12,4.76
0.7239,0.8408,0.5236,0.3528,-7.42,-1.19,5.46
0.7245,0.8452,0.5256,0.3518,-7.56,-1.19,4.90
0.7250,0.8447,0.5251,0.3518,-7.42,-0.91,5.88
0.7256,0.8403,0.5256,0.3479,-7.77,-1.05,4.69
0.7261,0.8384,0.5251,0.3528,-7.63,-0.91,5.95
0.7267,0.8452,0.5285,0.3514,-7.63,-0.91,5.81
0.7272,0.8438,0.5305,0.3509,-7.91,-0.84,4.76
0.7278,0.8413,0.5280,0.3514,-7.84,-0.98,5.67
0.7283,0.8408,0.5261,0.3533,-7.98,-0.98,4.62
0.7289,0.8423,0.5275,0.3548,-8.05,-0.98,5.39
0.7295,0.8428,0.5270,0.3543,-8.05,-1.19,4.62
0.7301,0.8384,0.5275,0.3548,-7.84,-1.61,4.69
0.7307,0.8384,0.5285,0.3533,-8.05,-1.05,4.48
0.7313,0.8428,0.5270,0.3523,-8.40,-0.84,4.76
0.7319,0.8442,0.5280,0.3548,-8.26,-1.33,4.48
0.7326,0.8423,0.5275,0.3592,-8.54,-1.05,4.62
0.7332,0.8379,0.5251,0.3611,-8.47,-1.05,4.69
0.7338,0.8403,0.5251,0.3645,-8.68,-1.05,4.13
0.7344,0.8438,0.5231,0.3675,-8.68,-1.33,4.48
0.7350,0.8418,0.5226,0.3640,-8.89,-0.77,4.06
0.7356,0.8428,0.5222,0.3592,-8.75,-1.40,4.20
0.7362,0.8442,0.5173,0.3606,-8.68,-0.63,4.41
0.7368,0.8433,0.5183,0.3645,-9.10,-1.54,3.85
0.7374,0.8413,0.5197,0.3616,-8.54,-0.91,4.06
0.7381,0.8408,0.5197,0.3631,-8.82,-1.19,3.99
0.7387,0.8389,0.5187,0.3631,-9.87,-1.12,3.57
0.7393,0.8413,0.5163,0.3670,-9.17,-0.70,4.06
0.7399,0.8379,0.5148,0.3709,-9.73,-1.47,3.22
0.7405,0.8374,0.5134,0.3694,-9.73,-0.98,3.99
0.7411,0.8423,0.5129,0.3670,-9.73,-1.12,2.94
0.7417,0.8433,0.5153,0.3670,-9.87,-0.84,3.85
0.7422,0.8408,0.5173,0.3670,-9.94,-1.47,2.80
0.7427,0.8389,0.5178,0.3684,-10.29,-0.91,3.85
0.7433,0.8438,0.5153,0.3709,-10.15,-1.05,2.73
0.7438,0.8481,0.5158,0.3704,-10.36,-0.77,3.64
0.7444,0.8486,0.5168,0.3733,-10.43,-1.26,2.73
0.7449,0.8462,0.5163,0.3728,-10.64,-0.70,3.85
0.7455,0.8477,0.5163,0.3714,-10.43,-1.33,2.73
0.7460,0.8491,0.5139,0.3748,-11.13,-0.70,3.36
0.7465,0.8491,0.5153,0.3767,-11.20,-1.19,3.01
0.7471,0.8496,0.5168,0.3743,-10.92,-0.91,2.94
0.7476,0.8477,0.5163,0.3738,-11.62,-1.12,3.15
0.7482,0.8491,0.5183,0.3728,-11.27,-1.26,2.45
0.7487,0.8520,0.5192,0.3704,-11.76,-0.70,3.64
0.7492,0.8550,0.5202,0.3738,-11.27,-1.05,2.38
0.7498,0.8520,0.5202,0.3728,-11.83,-0.63,3.92
0.7503,0.8496,0.5197,0.3743,-11.62,-0.98,2.31
0.7509,0.8569,0.5226,0.3802,-11.83,-0.56,4.06
0.7514,0.8579,0.5246,0.3802,-11.97,-1.26,2.66
0.7520,0.8550,0.5212,0.3811,-11.97,-0.56,3.85
0.7525,0.8520,0.5212,0.3855,-12.53,-0.70,3.01
0.7530,0.8501,0.5231,0.3860,-12.25,-0.84,4.20
0.7535,0.8525,0.5222,0.3811,-12.74,-0.77,3.15
0.7541,0.8560,0.5231,0.3797,-12.18,-0.98,4.20
0.7546,0.8555,0.5246,0.3831,-13.02,-0.42,3.99
0.7551,0.8525,0.5226,0.3845,-12.53,-0.63,3.99
0.7557,0.8540,0.5246,0.3860,-13.23,-0.49,4.27
0.7562,0.8569,0.5275,0.3880,-12.74,-0.91,3.99
0.7567,0.8560,0.5261,0.3889,-13.86,-0.56,4.48
0.7573,0.8569,0.5270,0.3875,-13.09,-0.49,4.06
0.7578,0.8613,0.5275,0.3836,-13.58,-0.56,5.11
0.7583,0.8564,0.5285,0.3826,-13.58,0.07,4.41
0.7589,0.8545,0.5319,0.3865,-13.65,-0.42,5.67
0.7594,0.8628,0.5309,0.3904,-13.72,-0.35,4.27
0.7599,0.8662,0.5266,0.3933,-13.79,-0.28,5.81
0.7604,0.8623,0.5280,0.3938,-14.70,-0.21,4.97
0.7610,0.8618,0.5309,0.3909,-13.86,-0.14,6.23
0.7615,0.8642,0.5300,0.3914,-14.63,-0.35,5.11
0.7620,0.8686,0.5305,0.3943,-14.14,-0.28,6.44
0.7626,0.8735,0.5329,0.3943,-15.12,-0.14,5.88
0.7631,0.8686,0.5344,0.3948,-14.14,-0.28,6.23
0.7637,0.8686,0.5319,0.3963,-15.19,-0.21,6.23
0.7643,0.8760,0.5309,0.3953,-14.56,-0.49,6.93
0.7649,0.8794,0.5339,0.3992,-15.47,0.35,6.65
0.7655,0.8799,0.5378,0.3997,-15.05,-0.21,7.07
0.7661,0.8764,0.5397,0.3963,-15.47,-0.21,7.07
0.7667,0.8755,0.5422,0.3977,-15.33,-0.49,7.07
0.7672,0.8750,0.5431,0.3977,-15.68,-0.07,7.42
0.7678,0.8750,0.5431,0.3963,-15.61,-0.28,7.56
0.7684,0.8755,0.5446,0.3997,-15.96,-0.07,7.77
0.7690,0.8760,0.5475,0.3997,-15.89,0.14,7.63
0.7696,0.8784,0.5480,0.4011,-16.24,-0.07,8.19
0.7702,0.8808,0.5500,0.3972,-16.52,-0.28,7.77
0.7708,0.8857,0.5505,0.3938,-15.96,0.35,9.31
0.7713,0.8862,0.5505,0.3982,-16.87,-0.63,7.77
0.7719,0.8838,0.5544,0.4011,-16.24,0.49,9.73
0.7725,0.8857,0.5549,0.3992,-17.01,-0.28,8.40
0.7731,0.8857,0.5544,0.3997,-16.52,0.21,9.66
0.7737,0.8838,0.5539,0.3982,-17.22,-0.14,8.68
0.7743,0.8872,0.5549,0.3963,-16.66,-0.14,9.87
0.7754,0.8916,0.5563,0.3987,-17.57,-0.14,8.89
0.7765,0.8901,0.5563,0.4002,-16.94,0.00,10.29
0.7777,0.8911,0.5617,0.3933,-17.50,0.00,9.45
0.7788,0.8950,0.5695,0.3909,-17.36,-0.07,10.08
0.7800,0.8955,0.5749,0.3924,-17.78,0.35,10.08
0.7811,0.8960,0.5773,0.3948,-17.22,-0.28,10.01
0.7822,0.8955,0.5754,0.3977,-17.85,0.00,10.22
0.7834,0.8979,0.5783,0.3899,-17.64,-0.07,10.29
0.7845,0.9018,0.5832,0.3899,-17.92,-0.21,10.64
0.7857,0.9004,0.5822,0.3953,-18.13,-0.35,10.08
0.7868,0.8984,0.5876,0.3909,-17.78,-0.14,10.92
0.7879,0.9048,0.5915,0.3909,-18.48,0.07,10.15
0.7891,0.9082,0.5890,0.3924,-18.06,-0.35,10.78
0.7902,0.9082,0.5919,0.3919,-18.62,-0.07,10.43
0.7913,0.9096,0.5963,0.3894,-18.13,-0.28,10.85
0.7925,0.9072,0.5978,0.3836,-18.76,-0.07,10.43
0.7936,0.9082,0.6007,0.3855,-18.48,-0.21,11.20
0.7948,0.9091,0.6046,0.3889,-18.90,-0.35,10.36
0.7959,0.9082,0.6051,0.3909,-18.55,-0.77,10.99
0.7970,0.9106,0.6066,0.3899,-18.90,-0.07,10.57
0.7971,0.9170,0.6105,0.3860,-18.90,-0.63,10.64
0.7971,0.9218,0.6134,0.3860,-18.97,-0.42,10.85
0.7971,0.9194,0.6134,0.3884,-19.25,-0.28,10.71
0.7972,0.9170,0.6139,0.3924,-18.97,-0.35,10.64
0.7972,0.9155,0.6193,0.3914,-19.18,-0.49,10.43
0.7972,0.9189,0.6198,0.3894,-19.18,-0.63,10.85
0.7972,0.9189,0.6212,0.3894,-19.32,-0.70,10.29
0.7973,0.9155,0.6256,0.3909,-19.53,-0.84,10.85
0.7973,0.9194,0.6290,0.3928,-19.32,-1.47,10.43
0.7973,0.9170,0.6324,0.3919,-19.88,-0.56,9.59
0.7974,0.9189,0.6349,0.3880,-19.81,-1.40,10.57
0.7974,0.9189,0.6364,0.3870,-19.81,-0.77,9.31
0.7974,0.9209,0.6359,0.3899,-19.88,-1.47,10.29
0.7974,0.9218,0.6388,0.3933,-20.02,-0.63,9.52
0.7975,0.9213,0.6412,0.3972,-20.30,-1.61,10.08
0.7975,0.9204,0.6412,0.3972,-20.30,-0.35,9.80
0.7975,0.9199,0.6437,0.3958,-20.09,-1.75,9.17
0.7976,0.9238,0.6486,0.3977,-20.37,-1.33,9.24
0.7976,0.9267,0.6534,0.3972,-20.30,-1.26,9.24
0.7976,0.9282,0.6554,0.3987,-20.51,-1.40,9.38
0.7982,0.9277,0.6588,0.3967,-20.37,-1.33,8.47
0.7987,0.9282,0.6583,0.3963,-20.37,-1.75,9.10
0.7992,0.9301,0.6598,0.4011,-20.72,-1.47,8.19
0.7998,0.9326,0.6661,0.3972,-20.72,-1.68,8.82
0.8003,0.9335,0.6700,0.3943,-20.86,-1.26,8.40
0.8008,0.9365,0.6773,0.3928,-21.00,-1.89,8.47
0.8014,0.9414,0.6798,0.3928,-21.21,-1.61,7.63
0.8019,0.9414,0.6788,0.3909,-20.86,-2.17,8.19
0.8024,0.9399,0.6812,0.3889,-21.00,-0.98,8.05
0.8030,0.9389,0.6837,0.3928,-20.72,-1.89,8.05
0.8035,0.9414,0.6861,0.3963,-21.35,-1.54,7.70
0.8041,0.9404,0.6871,0.3953,-21.14,-2.17,7.28
0.8046,0.9389,0.6876,0.3948,-21.35,-2.10,6.93
0.8051,0.9399,0.6891,0.3958,-21.42,-1.96,7.35
0.8057,0.9394,0.6905,0.3967,-21.56,-1.75,6.86
0.8062,0.9414,0.6910,0.3982,-21.42,-2.38,6.72
0.8067,0.9399,0.6934,0.3972,-21.63,-2.03,6.44
0.8073,0.9365,0.6939,0.3982,-21.49,-2.38,6.72
0.8078,0.9394,0.6949,0.4036,-21.77,-2.59,5.88
0.8083,0.9409,0.6969,0.4031,-21.77,-2.38,6.16
0.8089,0.9428,0.6934,0.3982,-22.19,-2.31,5.95
0.8095,0.9448,0.6905,0.3967,-21.77,-2.87,5.74
0.8101,0.9423,0.6900,0.3967,-22.12,-2.24,5.74
0.8106,0.9423,0.6910,0.3967,-21.98,-2.45,5.46
0.8112,0.9467,0.6910,0.3982,-22.47,-2.59,5.53
0.8118,0.9506,0.6939,0.3977,-22.12,-2.45,4.97
0.8123,0.9482,0.6983,0.4002,-22.19,-2.66,5.25
0.8129,0.9453,0.6959,0.4016,-22.40,-2.52,4.76
0.8135,0.9472,0.6954,0.4002,-22.61,-2.24,4.97
0.8140,0.9477,0.6993,0.4021,-22.33,-2.94,4.27
0.8146,0.9482,0.7037,0.4011,-22.68,-2.59,4.62
0.8152,0.9482,0.7056,0.3958,-22.82,-3.15,3.85
0.8158,0.9482,0.7066,0.3958,-22.75,-2.59,4.41
0.8163,0.9487,0.7086,0.3992,-23.10,-2.87,3.50
0.8169,0.9482,0.7061,0.4011,-22.89,-2.80,3.99
0.8175,0.9506,0.7081,0.4046,-23.38,-3.08,3.08
0.8180,0.9496,0.7120,0.4060,-23.31,-2.73,3.85
0.8186,0.9467,0.7125,0.4016,-23.66,-3.01,2.66
0.8192,0.9477,0.7149,0.3997,-23.17,-2.73,3.15
0.8197,0.9462,0.7193,0.4006,-23.94,-3.15,2.38
0.8203,0.9409,0.7174,0.4031,-23.66,-2.59,2.94
0.8208,0.9404,0.7144,0.4046,-24.08,-2.87,2.24
0.8214,0.9448,0.7169,0.4050,-23.73,-2.94,2.59
0.8219,0.9438,0.7164,0.4085,-24.29,-2.80,2.17
0.8225,0.9457,0.7144,0.4002,-24.36,-2.80,1.89
0.8230,0.9443,0.7149,0.4006,-24.71,-2.94,1.54
0.8236,0.9428,0.7135,0.4055,-24.57,-2.45,1.89
0.8241,0.9414,0.7091,0.4065,-24.92,-2.80,1.33
0.8247,0.9360,0.7071,0.4041,-24.99,-2.38,1.54
0.8252,0.9321,0.7086,0.4011,-25.41,-2.59,1.19
0.8258,0.9306,0.7091,0.4016,-25.27,-2.59,1.19
0.8263,0.9277,0.7096,0.4031,-25.48,-2.66,0.98
0.8269,0.9272,0.7096,0.4041,-25.90,-2.52,1.05
0.8274,0.9267,0.7105,0.4070,-25.97,-2.31,1.05
0.8280,0.9277,0.7110,0.4094,-26.11,-2.52,0.63
0.8285,0.9282,0.7096,0.4085,-26.74,-1.75,0.77
0.8291,0.9272,0.7100,0.4070,-26.32,-2.24,0.42
0.8296,0.9301,0.7110,0.4119,-26.81,-1.96,0.56
0.8302,0.9301,0.7081,0.4128,-27.16,-1.96,0.56
0.8307,0.9267,0.7071,0.4104,-27.16,-1.54,0.70
0.8318,0.9272,0.7056,0.4089,-27.44,-1.89,0.28
0.8330,0.9272,0.7042,0.4085,-27.65,-1.26,0.63
0.8341,0.9252,0.7032,0.4109,-28.14,-2.10,0.07
0.8352,0.9252,0.7037,0.4104,-28.14,-0.91,0.63
0.8363,0.9272,0.7047,0.4104,-28.70,-1.75,0.21
0.8375,0.9272,0.7017,0.4104,-28.77,-0.84,0.77
0.8386,0.9282,0.7003,0.4104,-29.40,-1.75,0.00
0.8397,0.9287,0.7003,0.4133,-29.40,-0.42,0.98
0.8409,0.9272,0.6993,0.4128,-29.68,-1.33,0.14
0.8420,0.9272,0.6993,0.4143,-29.40,-0.56,1.05
0.8431,0.9243,0.7013,0.4163,-30.17,-0.98,0.07
0.8442,0.9223,0.7013,0.4158,-30.31,-0.14,0.84
0.8454,0.9223,0.7032,0.4158,-31.15,-0.56,0.28
0.8465,0.9238,0.7071,0.4153,-30.94,-0.28,1.05
0.8476,0.9257,0.7066,0.4182,-31.50,-0.28,0.21
0.8487,0.9292,0.7061,0.4187,-31.29,0.07,0.98
0.8499,0.9326,0.7115,0.4133,-32.06,0.14,0.56
0.8510,0.9311,0.7144,0.4143,-32.20,0.21,0.91
0.8521,0.9306,0.7105,0.4182,-32.27,0.14,0.77
0.8533,0.9267,0.7047,0.4182,-32.62,0.21,0.84
0.8533,0.9179,0.6983,0.4182,-33.18,0.49,1.26
0.8533,0.9106,0.6949,0.4207,-33.60,0.14,0.63
0.8534,0.9077,0.6934,0.4221,-33.53,1.33,1.40
0.8534,0.9072,0.6915,0.4226,-34.23,0.42,0.63
0.8534,0.9043,0.6934,0.4226,-34.23,1.40,1.96
0.8535,0.9048,0.6939,0.4226,-35.35,0.77,0.70
0.8535,0.9057,0.6920,0.4211,-35.00,1.54,1.96
0.8535,0.9018,0.6886,0.4192,-35.98,1.19,1.05
0.8536,0.8989,0.6910,0.4226,-35.56,1.89,2.31
0.8536,0.9028,0.6974,0.4216,-36.82,1.40,1.33
0.8536,0.9033,0.7003,0.4168,-36.26,1.89,2.10
0.8537,0.8994,0.7017,0.4168,-37.52,2.03,1.82
0.8537,0.8984,0.7022,0.4211,-37.38,2.10,2.03
0.8537,0.8969,0.7027,0.4192,-37.87,2.03,2.03
0.8538,0.8950,0.7008,0.4168,-38.22,2.31,2.24
0.8538,0.8974,0.6964,0.4197,-38.57,2.59,2.38
0.8538,0.9013,0.6998,0.4192,-38.78,2.24,2.03
0.8539,0.8994,0.7017,0.4202,-39.06,2.59,3.08
0.8539,0.9004,0.6998,0.4211,-39.76,2.31,2.24
0.8539,0.9013,0.6969,0.4216,-39.76,2.80,3.22
0.8550,0.8989,0.6930,0.4216,-40.67,2.80,2.38
0.8561,0.8945,0.6939,0.4202,-40.53,2.94,3.22
0.8573,0.8891,0.6934,0.4226,-40.81,3.01,2.73
0.8584,0.8921,0.6895,0.4246,-41.44,2.80,3.22
0.8595,0.8857,0.6866,0.4246,-42.00,3.43,3.78
0.8606,0.8838,0.6856,0.4265,-42.98,3.43,2.80
0.8617,0.8891,0.6832,0.4285,-43.12,3.50,4.20
0.8628,0.8935,0.6822,0.4265,-43.61,3.29,2.66
0.8639,0.8930,0.6837,0.4250,-43.75,3.85,4.41
0.8651,0.8896,0.6861,0.4294,-44.66,3.57,3.01
0.8662,0.8877,0.6842,0.4294,-44.66,3.99,4.27
0.8673,0.8862,0.6803,0.4236,-45.36,3.36,3.08
0.8684,0.8882,0.6812,0.4226,-45.71,4.06,4.48
0.8695,0.8896,0.6866,0.4241,-45.99,4.06,3.43
0.8706,0.8891,0.6905,0.4255,-46.41,4.27,4.27
0.8717,0.8911,0.6881,0.4260,-47.25,3.99,3.78
0.8729,0.8901,0.6847,0.4290,-47.32,4.06,4.27
0.8740,0.8882,0.6847,0.4255,-47.88,3.85,4.13
0.8751,0.8852,0.6871,0.4260,-48.02,4.48,4.20
0.8762,0.8794,0.6925,0.4333,-48.93,3.78,4.06
0.8772,0.8725,0.6925,0.4304,-49.63,4.27,4.34
0.8781,0.8662,0.6920,0.4241,-49.49,4.34,3.85
0.8791,0.8555,0.6915,0.4255,-50.26,4.41,4.62
0.8801,0.8496,0.6905,0.4280,-50.61,4.48,3.64
0.8811,0.8462,0.6930,0.4275,-50.82,4.83,4.83
0.8820,0.8389,0.6959,0.4285,-51.66,4.62,3.57
0.8830,0.8325,0.6954,0.4304,-51.52,5.18,5.53
0.8840,0.8301,0.6930,0.4333,-52.43,4.55,3.15
0.8850,0.8286,0.6939,0.4343,-52.50,5.25,5.60
0.8859,0.8306,0.6993,0.4314,-53.34,4.69,3.36
0.8869,0.8301,0.7017,0.4338,-53.06,5.32,5.39
0.8879,0.8267,0.7022,0.4353,-53.83,4.97,3.85
0.8888,0.8296,0.7061,0.4314,-53.62,5.53,5.53
0.8898,0.8330,0.7042,0.4338,-54.74,5.11,4.13
0.8908,0.8340,0.7017,0.4338,-53.97,5.39,5.11
0.8918,0.8325,0.7071,0.4329,-55.51,5.46,4.48
0.8927,0.8316,0.7096,0.4358,-54.88,5.88,5.25
0.8937,0.8325,0.7091,0.4314,-56.28,5.67,4.76
0.8947,0.8316,0.7100,0.4285,-55.30,5.67,5.04
0.8956,0.8286,0.7135,0.4314,-56.84,5.32,5.25
0.8958,0.8252,0.7096,0.4329,-57.05,5.53,5.32
0.8959,0.8276,0.7144,0.4377,-57.33,5.67,4.97
0.8960,0.8252,0.7213,0.4333,-57.75,6.02,5.60
0.8961,0.8184,0.7208,0.4319,-57.96,5.67,4.90
0.8962,0.8140,0.7208,0.4358,-58.03,5.88,5.81
0.8963,0.8106,0.7222,0.4348,-58.59,5.39,4.83
0.8965,0.8106,0.7208,0.4343,-58.59,5.95,6.23
0.8966,0.8115,0.7208,0.4363,-59.50,5.67,4.76
0.8967,0.8101,0.7198,0.4343,-58.80,5.95,6.02
0.8968,0.8076,0.7169,0.4338,-59.99,5.67,4.97
0.8969,0.8028,0.7208,0.4329,-59.57,5.81,6.09
0.8970,0.8018,0.7237,0.4285,-60.62,5.53,4.83
0.8972,0.8028,0.7227,0.4280,-59.99,5.88,6.02
0.8973,0.7964,0.7232,0.4329,-61.04,5.95,5.39
0.8974,0.7925,0.7237,0.4363,-60.41,5.60,5.67
0.8975,0.7964,0.7266,0.4358,-61.67,5.88,5.11
0.8976,0.7945,0.7286,0.4329,-61.11,5.32,5.11
0.8977,0.7901,0.7286,0.4280,-62.09,5.95,5.25
0.8979,0.7896,0.7325,0.4265,-62.23,5.39,5.18
0.8980,0.7881,0.7325,0.4290,-62.09,5.46,5.11
0.8986,0.7857,0.7276,0.4304,-62.44,5.74,5.11
0.8991,0.7837,0.7320,0.4329,-62.65,5.25,4.90
0.8997,0.7798,0.7349,0.4338,-62.72,6.02,4.76
0.9003,0.7774,0.7320,0.4324,-62.65,5.46,4.83
0.9009,0.7759,0.7320,0.4324,-63.21,5.74,4.27
0.9015,0.7715,0.7335,0.4304,-62.93,5.32,4.62
0.9021,0.7686,0.7369,0.4299,-64.12,5.95,3.99
0.9027,0.7657,0.7335,0.4304,-63.28,5.32,4.55
0.9033,0.7652,0.7325,0.4309,-64.47,5.67,3.43
0.9038,0.7647,0.7340,0.4309,-63.63,5.60,4.62
0.9044,0.7623,0.7340,0.4304,-64.61,5.60,3.15
0.9050,0.7603,0.7369,0.4304,-64.26,5.81,4.27
0.9056,0.7554,0.7379,0.4275,-64.96,5.53,2.17
0.9062,0.7520,0.7354,0.4280,-64.54,5.32,3.36
0.9068,0.7505,0.7335,0.4299,-65.38,5.46,2.59
0.9074,0.7491,0.7335,0.4294,-65.10,5.67,2.87
0.9079,0.7471,0.7330,0.4260,-64.75,5.39,2.31
0.9085,0.7442,0.7330,0.4255,-65.80,5.18,2.59
0.9091,0.7418,0.7310,0.4250,-65.52,5.60,1.68
0.9097,0.7388,0.7305,0.4246,-65.80,5.18,1.68
0.9108,0.7379,0.7325,0.4270,-66.15,5.18,1.54
0.9119,0.7369,0.7286,0.4270,-66.43,5.32,0.84
0.9130,0.7320,0.7242,0.4241,-66.29,5.25,1.33
0.9141,0.7315,0.7252,0.4236,-66.64,5.11,0.14
0.9152,0.7315,0.7261,0.4255,-66.57,5.04,0.84
0.9163,0.7296,0.7266,0.4236,-66.92,4.90,-0.56
0.9175,0.7242,0.7237,0.4211,-66.85,5.11,0.35
0.9186,0.7203,0.7222,0.4216,-66.99,4.83,-0.84
0.9197,0.7188,0.7237,0.4221,-67.34,4.90,-0.14
0.9208,0.7174,0.7237,0.4202,-67.76,4.83,-1.54
0.9219,0.7144,0.7213,0.4182,-67.27,5.18,-0.70
0.9230,0.7105,0.7174,0.4177,-67.69,4.69,-1.89
0.9241,0.7081,0.7159,0.4231,-67.90,4.76,-1.26
0.9252,0.7105,0.7135,0.4255,-68.18,4.41,-2.52
0.9263,0.7110,0.7105,0.4231,-68.04,4.83,-1.89
0.9274,0.7052,0.7120,0.4231,-68.53,3.92,-3.43
0.9285,0.7042,0.7125,0.4211,-68.39,4.83,-2.03
0.9296,0.7047,0.7120,0.4207,-68.67,4.55,-3.36
0.9307,0.7056,0.7086,0.4182,-68.81,4.48,-2.73
0.9318,0.7076,0.7042,0.4177,-69.02,4.55,-4.20
0.9319,0.7056,0.7022,0.4172,-68.95,4.62,-3.22
0.9319,0.7042,0.7032,0.4153,-69.44,4.20,-4.41
0.9319,0.7042,0.7017,0.4177,-69.37,4.41,-3.64
0.9320,0.7013,0.6988,0.4172,-69.23,3.85,-4.69
0.9320,0.6974,0.6964,0.4163,-69.72,4.34,-4.41
0.9320,0.6969,0.6915,0.4133,-69.72,4.34,-4.76
0.9321,0.6974,0.6891,0.4124,-69.93,4.20,-5.11
0.9321,0.6954,0.6876,0.4163,-69.86,3.64,-4.83
0.9321,0.6925,0.6817,0.4138,-70.28,4.34,-5.46
0.9322,0.6934,0.6822,0.4148,-70.42,3.92,-4.83
0.9322,0.6891,0.6847,0.4172,-70.49,3.64,-6.30
0.9323,0.6842,0.6827,0.4143,-70.49,3.92,-5.39
0.9323,0.6847,0.6788,0.4158,-71.12,3.99,-6.51
0.9323,0.6788,0.6812,0.4158,-71.05,3.43,-6.86
0.9324,0.6744,0.6783,0.4182,-71.12,3.99,-5.81
0.9324,0.6734,0.6769,0.4182,-71.68,3.57,-6.51
0.9324,0.6749,0.6754,0.4153,-71.54,3.57,-6.44
0.9325,0.6754,0.6666,0.4138,-71.82,3.15,-6.72
0.9325,0.6744,0.6632,0.4158,-71.75,4.06,-6.93
0.9325,0.6759,0.6632,0.4143,-72.24,3.36,-7.00
0.9331,0.6754,0.6583,0.4153,-72.10,3.99,-6.65
0.9336,0.6734,0.6568,0.4172,-72.59,3.08,-7.21
0.9341,0.6744,0.6564,0.4168,-72.10,3.71,-7.42
0.9347,0.6749,0.6500,0.4182,-72.66,3.15,-7.14
0.9352,0.6739,0.6520,0.4148,-72.66,3.78,-7.49
0.9357,0.6734,0.6529,0.4109,-73.15,3.01,-7.42
0.9363,0.6734,0.6471,0.4138,-73.22,3.50,-7.77
0.9368,0.6715,0.6486,0.4143,-73.29,3.01,-7.49
0.9373,0.6734,0.6476,0.4133,-73.36,3.15,-8.05
0.9379,0.6759,0.6427,0.4143,-73.64,3.01,-7.77
0.9384,0.6730,0.6412,0.4133,-74.13,3.01,-7.91
0.9389,0.6720,0.6388,0.4128,-73.71,2.94,-7.70
0.9395,0.6734,0.6407,0.4104,-73.99,2.94,-8.54
0.9400,0.6715,0.6437,0.4085,-74.27,2.94,-8.12
0.9405,0.6705,0.6427,0.4055,-74.27,2.87,-8.26
0.9411,0.6686,0.6388,0.4070,-74.41,3.29,-8.47
0.9416,0.6705,0.6329,0.4075,-75.25,2.52,-8.40
0.9421,0.6715,0.6305,0.4021,-74.69,3.43,-8.47
0.9427,0.6700,0.6295,0.4031,-75.67,2.38,-8.61
0.9432,0.6710,0.6310,0.4046,-75.11,2.80,-9.10
0.9437,0.6690,0.6300,0.4031,-75.95,2.52,-8.82
0.9442,0.6666,0.6261,0.4050,-75.53,2.52,-9.31
0.9447,0.6671,0.6246,0.4080,-76.37,2.45,-8.61
0.9452,0.6656,0.6217,0.4075,-75.74,2.66,-9.80
0.9458,0.6642,0.6168,0.4060,-76.44,2.59,-8.89
0.9463,0.6656,0.6129,0.4055,-76.44,2.59,-10.01
0.9468,0.6608,0.6105,0.4055,-76.86,2.24,-9.10
0.9473,0.6642,0.6095,0.4070,-77.07,2.10,-10.15
0.9478,0.6676,0.6061,0.4041,-77.28,2.80,-9.31
0.9483,0.6661,0.6022,0.4026,-77.77,2.10,-10.50
0.9488,0.6647,0.5993,0.4060,-77.49,2.24,-9.52
0.9493,0.6656,0.5978,0.4046,-78.19,2.10,-10.57
0.9498,0.6661,0.5915,0.4006,-77.56,2.24,-9.87
0.9503,0.6637,0.5910,0.3992,-78.96,2.17,-10.36
0.9509,0.6637,0.5968,0.4002,-78.05,2.10,-10.36
0.9514,0.6686,0.5919,0.4031,-79.24,1.68,-10.71
0.9519,0.6720,0.5890,0.4036,-78.89,1.89,-10.71
0.9524,0.6686,0.5934,0.4006,-79.73,1.96,-10.71
0.9529,0.6666,0.5910,0.3972,-79.66,1.82,-10.78
0.9534,0.6676,0.5802,0.3963,-80.15,1.75,-10.64
0.9540,0.6695,0.5763,0.4006,-80.08,1.68,-11.34
0.9547,0.6710,0.5768,0.3992,-80.43,1.54,-10.85
0.9553,0.6705,0.5744,0.3958,-80.78,1.68,-11.06
0.9559,0.6715,0.5739,0.3972,-81.13,1.54,-10.92
0.9566,0.6700,0.5744,0.3987,-81.27,1.54,-11.34
0.9572,0.6676,0.5719,0.3977,-81.41,1.40,-11.13
0.9578,0.6642,0.5685,0.3943,-81.90,1.47,-11.55
0.9585,0.6695,0.5666,0.3914,-81.55,1.33,-11.13
0.9591,0.6715,0.5661,0.3899,-82.81,0.98,-11.83
0.9597,0.6700,0.5656,0.3884,-82.18,0.98,-11.48
0.9604,0.6730,0.5612,0.3928,-82.81,0.98,-11.69
0.9610,0.6695,0.5588,0.3948,-82.74,1.26,-11.34
0.9616,0.6686,0.5568,0.3899,-83.44,0.56,-11.90
0.9623,0.6700,0.5568,0.3865,-83.72,1.40,-10.99
0.9629,0.6705,0.5578,0.3865,-83.58,0.49,-11.83
0.9635,0.6710,0.5553,0.3880,-84.07,1.33,-10.78
0.9642,0.6700,0.5505,0.3875,-84.42,0.28,-12.11
0.9648,0.6705,0.5495,0.3904,-84.91,1.26,-11.06
0.9654,0.6705,0.5490,0.3894,-84.77,-0.21,-11.97
0.9661,0.6700,0.5451,0.3826,-85.33,1.33,-10.78
0.9666,0.6695,0.5417,0.3802,-85.75,-0.56,-11.97
0.9672,0.6686,0.5417,0.3841,-85.75,0.63,-10.85
0.9677,0.6715,0.5417,0.3836,-86.66,-0.21,-11.62
0.9683,0.6754,0.5392,0.3782,-85.96,0.35,-11.34
0.9688,0.6793,0.5392,0.3772,-87.01,-0.28,-11.41
0.9694,0.6798,0.5422,0.3758,-86.52,0.07,-10.85
0.9700,0.6764,0.5436,0.3772,-87.57,-0.35,-11.55
0.9705,0.6730,0.5407,0.3802,-86.87,-0.21,-10.99
0.9711,0.6720,0.5348,0.3802,-88.06,-0.35,-10.99
0.9716,0.6725,0.5353,0.3728,-87.57,-0.49,-11.06
0.9722,0.6739,0.5334,0.3762,-88.20,-0.42,-10.43
0.9727,0.6754,0.5309,0.3733,-88.97,0.00,-10.78
0.9733,0.6778,0.5261,0.3728,-88.83,-0.77,-10.57
0.9738,0.6783,0.5231,0.3758,-89.53,-0.98,-10.71
0.9744,0.6730,0.5187,0.3723,-89.74,-0.91,-10.71
0.9750,0.6720,0.5178,0.3709,-89.67,-0.84,-10.36
0.9755,0.6710,0.5192,0.3694,-90.23,-1.19,-10.36
0.9761,0.6734,0.5163,0.3680,-90.37,-1.05,-10.08
0.9766,0.6769,0.5134,0.3709,-90.93,-1.26,-10.22
0.9772,0.6744,0.5104,0.3684,-90.86,-1.12,-9.80
0.9782,0.6710,0.5104,0.3675,-91.49,-1.82,-10.57
0.9791,0.6710,0.5100,0.3684,-91.07,-1.47,-9.59
0.9801,0.6725,0.5080,0.3675,-92.33,-1.54,-10.22
0.9811,0.6720,0.5046,0.3660,-91.91,-1.68,-9.52
0.9821,0.6725,0.5026,0.3660,-92.61,-1.75,-9.87
0.9831,0.6749,0.5022,0.3640,-92.68,-2.24,-9.66
0.9840,0.6759,0.5012,0.3621,-92.96,-2.10,-9.66
0.9850,0.6808,0.4924,0.3636,-93.17,-2.52,-9.31
0.9860,0.6827,0.4929,0.3636,-93.94,-2.31,-9.38
0.9870,0.6822,0.4914,0.3572,-94.08,-2.80,-9.31
0.9880,0.6832,0.4895,0.3597,-95.06,-2.45,-9.10
0.9889,0.6866,0.4860,0.3582,-94.64,-2.73,-9.24
0.9899,0.6871,0.4856,0.3548,-94.85,-2.87,-8.89
0.9909,0.6837,0.4836,0.3567,-95.48,-3.36,-9.10
0.9919,0.6866,0.4826,0.3582,-95.48,-2.94,-9.10
0.9929,0.6895,0.4802,0.3606,-95.76,-4.06,-8.96
0.9938,0.6856,0.4734,0.3601,-96.11,-3.22,-8.82
0.9948,0.6856,0.4704,0.3553,-96.39,-3.78,-8.68
0.9958,0.6881,0.4719,0.3538,-96.67,-3.57,-8.75
0.9968,0.6871,0.4704,0.3543,-97.09,-4.06,-8.68
0.9969,0.6866,0.4665,0.3528,-97.09,-4.41,-9.10
0.9970,0.6871,0.4660,0.3518,-97.79,-4.97,-8.82
0.9971,0.6891,0.4665,0.3518,-97.72,-4.48,-8.82
0.9972,0.6886,0.4646,0.3528,-98.21,-4.55,-7.98
0.9973,0.6915,0.4670,0.3543,-98.07,-5.18,-8.68
0.9974,0.6925,0.4699,0.3533,-98.56,-4.90,-7.77
0.9975,0.6949,0.4675,0.3528,-98.77,-5.11,-8.54
0.9976,0.6993,0.4665,0.3489,-98.91,-4.90,-7.70
0.9977,0.6944,0.4660,0.3465,-99.75,-5.81,-8.75
0.9978,0.6939,0.4621,0.3479,-99.33,-5.11,-7.70
0.9979,0.6983,0.4592,0.3484,-100.17,-6.30,-8.61
0.9980,0.6964,0.4592,0.3475,-99.75,-5.46,-7.28
0.9981,0.6974,0.4587,0.3455,-101.01,-6.79,-8.40
0.9982,0.6978,0.4597,0.3465,-99.82,-6.23,-7.28
0.9983,0.6959,0.4602,0.3455,-101.71,-6.86,-7.98
0.9984,0.6978,0.4621,0.3411,-100.52,-6.86,-7.42
0.9985,0.7017,0.4621,0.3426,-101.71,-7.07,-7.84
0.9987,0.7042,0.4607,0.3460,-101.29,-7.07,-7.14
0.9988,0.7027,0.4582,0.3450,-101.85,-7.42,-7.42
0.9989,0.7008,0.4577,0.3455,-101.92,-7.56,-7.49
0.9995,0.7003,0.4582,0.3426,-102.20,-7.56,-7.21
1.0001,0.6969,0.4563,0.3382,-102.34,-8.12,-7.28
1.0007,0.6959,0.4597,0.3382,-102.69,-7.70,-6.72
1.0013,0.6983,0.4626,0.3367,-102.90,-7.91,-7.49
1.0019,0.6998,0.4626,0.3377,-102.69,-8.61,-6.72
1.0025,0.7027,0.4621,0.3396,-103.25,-8.82,-6.93
1.0031,0.7061,0.4616,0.3392,-103.25,-9.03,-6.86
1.0037,0.7052,0.4616,0.3406,-103.39,-9.10,-6.79
1.0043,0.7027,0.4621,0.3396,-103.39,-9.24,-6.44
1.0049,0.7037,0.4626,0.3396,-103.88,-9.66,-6.79
1.0055,0.7071,0.4616,0.3382,-103.67,-9.80,-6.58
1.0061,0.7071,0.4631,0.3343,-104.30,-9.94,-6.86
1.0067,0.7037,0.4636,0.3328,-103.95,-10.22,-6.44
1.0073,0.7037,0.4626,0.3333,-104.23,-10.01,-6.51
1.0079,0.7052,0.4656,0.3323,-103.88,-10.71,-6.65
1.0086,0.7056,0.4636,0.3348,-104.86,-10.50,-6.51
1.0092,0.7066,0.4626,0.3362,-104.51,-10.99,-6.44
1.0098,0.7047,0.4641,0.3318,-104.86,-11.06,-6.16
1.0104,0.7017,0.4612,0.3333,-104.72,-11.41,-6.44
1.0110,0.7022,0.4636,0.3328,-105.21,-11.83,-6.23
1.0116,0.7017,0.4656,0.3294,-104.79,-11.62,-6.30
1.0121,0.7032,0.4631,0.3338,-105.14,-11.90,-6.51
1.0127,0.7056,0.4621,0.3304,-104.93,-12.18,-6.02
1.0133,0.7076,0.4631,0.3255,-105.42,-12.04,-6.30
1.0139,0.7081,0.4646,0.3309,-105.21,-12.18,-6.02
1.0145,0.7022,0.4616,0.3338,-105.35,-12.88,-5.88
1.0151,0.7052,0.4646,0.3338,-105.21,-13.30,-6.65
1.0157,0.7056,0.4724,0.3299,-105.49,-13.09,-5.60
1.0162,0.7047,0.4719,0.3270,-105.70,-13.58,-6.65
1.0168,0.7037,0.4709,0.3255,-105.91,-13.44,-5.81
1.0174,0.7003,0.4675,0.3265,-105.56,-14.00,-6.65
1.0180,0.6959,0.4641,0.3279,-105.56,-13.51,-5.88
1.0186,0.6939,0.4680,0.3245,-105.56,-14.21,-6.44
1.0192,0.6959,0.4704,0.3245,-105.56,-14.35,-6.02
1.0197,0.6974,0.4685,0.3240,-105.35,-14.42,-6.23
1.0203,0.6939,0.4690,0.3231,-105.56,-14.56,-6.23
1.0209,0.6934,0.4709,0.3240,-105.49,-14.91,-5.95
1.0215,0.6954,0.4738,0.3260,-105.56,-15.05,-6.02
1.0221,0.6959,0.4743,0.3274,-105.49,-15.12,-6.09
1.0227,0.6944,0.4734,0.3279,-105.49,-15.61,-6.09
1.0232,0.6910,0.4753,0.3260,-105.28,-14.91,-5.53
1.0237,0.6925,0.4748,0.3245,-105.21,-15.61,-5.95
1.0242,0.6949,0.4714,0.3279,-104.93,-15.68,-5.60
1.0248,0.6856,0.4743,0.3309,-104.86,-16.03,-5.60
1.0253,0.6847,0.4729,0.3279,-105.14,-15.82,-5.53
1.0258,0.6847,0.4753,0.3255,-104.86,-16.45,-5.25
1.0264,0.6881,0.4782,0.3279,-104.79,-16.24,-5.67
1.0269,0.6910,0.4836,0.3284,-104.51,-16.73,-5.46
1.0274,0.6905,0.4821,0.3274,-104.79,-16.24,-5.46
1.0280,0.6895,0.4792,0.3270,-104.23,-16.87,-5.60
1.0285,0.6866,0.4758,0.3304,-104.44,-16.80,-5.18
1.0290,0.6876,0.4734,0.3353,-103.81,-17.50,-5.95
1.0295,0.6842,0.4738,0.3333,-104.16,-16.87,-5.18
1.0301,0.6837,0.4738,0.3304,-103.81,-17.78,-5.95
1.0306,0.6881,0.4729,0.3318,-104.09,-17.22,-4.83
1.0311,0.6842,0.4695,0.3367,-103.39,-17.50,-6.09
1.0317,0.6827,0.4699,0.3367,-103.81,-17.50,-4.83
1.0322,0.6856,0.4709,0.3348,-103.53,-18.27,-6.16
1.0327,0.6856,0.4734,0.3362,-103.18,-17.85,-5.11
1.0333,0.6852,0.4753,0.3353,-103.46,-18.34,-6.37
1.0344,0.6866,0.4724,0.3323,-102.83,-17.92,-5.11
1.0355,0.6871,0.4753,0.3318,-102.41,-18.76,-5.25
1.0366,0.6822,0.4743,0.3362,-101.92,-18.90,-5.88
1.0378,0.6837,0.4719,0.3367,-102.69,-18.76,-6.16
1.0389,0.6866,0.4699,0.3314,-101.99,-19.04,-6.23
1.0400,0.6861,0.4748,0.3309,-102.34,-18.76,-6.44
1.0412,0.6856,0.4743,0.3343,-101.71,-19.39,-6.65
1.0423,0.6817,0.4709,0.3353,-101.78,-19.32,-6.51
1.0434,0.6842,0.4704,0.3357,-101.57,-19.46,-6.93
1.0445,0.6832,0.4699,0.3372,-101.43,-19.53,-6.72
1.0457,0.6788,0.4675,0.3348,-101.15,-19.88,-7.63
1.0468,0.6793,0.4665,0.3299,-101.15,-19.81,-7.35
1.0479,0.6783,0.4699,0.3304,-101.01,-19.81,-7.70
1.0491,0.6798,0.4714,0.3396,-100.73,-20.02,-7.70
1.0502,0.6822,0.4690,0.3431,-100.94,-20.23,-8.26
1.0513,0.6783,0.4656,0.3396,-100.17,-20.16,-7.91
1.0524,0.6773,0.4641,0.3392,-100.80,-20.58,-8.75
1.0536,0.6783,0.4685,0.3387,-99.89,-20.72,-8.26
1.0547,0.6759,0.4695,0.3406,-100.10,-20.16,-8.82
1.0558,0.6783,0.4680,0.3392,-99.75,-20.37,-9.31
1.0564,0.6759,0.4690,0.3377,-99.12,-21.14,-9.66
1.0569,0.6764,0.4695,0.3401,-99.26,-20.44,-9.73
1.0575,0.6759,0.4680,0.3445,-98.98,-21.35,-9.80
1.0580,0.6744,0.4680,0.3465,-98.63,-20.79,-10.08
1.0586,0.6759,0.4641,0.3436,-98.63,-21.28,-10.15
1.0591,0.6734,0.4631,0.3396,-98.28,-21.14,-10.78
1.0597,0.6690,0.4646,0.3431,-98.28,-20.93,-10.15
1.0602,0.6720,0.4636,0.3465,-97.93,-21.28,-11.48
1.0607,0.6739,0.4621,0.3445,-97.79,-21.42,-11.06
1.0613,0.6700,0.4582,0.3445,-97.37,-21.28,-11.55
1.0618,0.6671,0.4563,0.3445,-97.30,-21.42,-11.41
1.0624,0.6671,0.4582,0.3426,-97.02,-21.63,-12.18
1.0629,0.6720,0.4607,0.3421,-97.23,-21.28,-11.62
1.0635,0.6720,0.4607,0.3401,-96.39,-21.70,-12.53
1.0640,0.6710,0.4553,0.3387,-97.02,-21.63,-12.53
1.0646,0.6725,0.4548,0.3436,-96.32,-21.70,-13.23
1.0651,0.6681,0.4543,0.3475,-96.04,-21.56,-13.02
1.0657,0.6637,0.4534,0.3411,-95.83,-21.70,-13.30
1.0662,0.6642,0.4524,0.3387,-95.62,-21.70,-13.51
1.0668,0.6676,0.4465,0.3450,-95.34,-21.35,-13.44
1.0673,0.6681,0.4455,0.3475,-95.34,-21.98,-14.28
1.0679,0.6705,0.4441,0.3465,-95.13,-22.12,-14.21
1.0685,0.6715,0.4446,0.3455,-94.99,-21.70,-14.77
1.0691,0.6720,0.4455,0.3465,-94.64,-21.56,-14.70
1.0697,0.6715,0.4431,0.3489,-94.71,-21.84,-14.98
1.0703,0.6720,0.4446,0.3475,-94.22,-21.56,-14.77
1.0709,0.6734,0.4470,0.3440,-93.87,-21.98,-15.75
1.0714,0.6720,0.4475,0.3436,-94.08,-22.33,-15.26
1.0720,0.6720,0.4455,0.3445,-93.73,-21.77,-16.45
1.0726,0.6734,0.4431,0.3465,-93.52,-22.12,-15.54
1.0732,0.6749,0.4402,0.3470,-93.17,-21.91,-16.94
1.0738,0.6730,0.4397,0.3479,-92.89,-22.47,-16.45
1.0744,0.6720,0.4402,0.3479,-93.24,-21.98,-17.15
1.0750,0.6725,0.4368,0.3494,-92.33,-22.33,-17.01
1.0756,0.6695,0.4363,0.3528,-92.75,-22.26,-17.78
1.0761,0.6759,0.4392,0.3558,-92.12,-22.26,-17.15
1.0767,0.6749,0.4372,0.3533,-91.35,-21.77,-17.50
1.0773,0.6744,0.4319,0.3543,-92.33,-22.68,-18.97
1.0779,0.6783,0.4280,0.3567,-91.21,-22.26,-18.27
1.0785,0.6827,0.4294,0.3577,-91.63,-22.19,-19.18
1.0795,0.6866,0.4290,0.3582,-90.79,-22.40,-19.18
1.0805,0.6895,0.4255,0.3592,-91.00,-22.54,-19.46
1.0815,0.6891,0.4265,0.3601,-90.86,-22.54,-20.23
1.0825,0.6910,0.4241,0.3606,-90.44,-22.33,-19.88
1.0835,0.6954,0.4211,0.3611,-90.51,-22.33,-20.58
1.0846,0.6974,0.4177,0.3606,-89.88,-22.75,-20.37
1.0856,0.6964,0.4138,0.3621,-90.30,-22.61,-21.35
1.0866,0.6983,0.4148,0.3670,-89.74,-22.82,-20.86
1.0876,0.7003,0.4168,0.3670,-89.81,-22.47,-21.63
1.0886,0.6969,0.4143,0.3675,-89.53,-23.10,-21.35
1.0896,0.7032,0.4119,0.3699,-89.60,-22.54,-22.26
1.0906,0.7096,0.4109,0.3670,-89.25,-23.31,-22.12
1.0916,0.7076,0.4099,0.3689,-89.46,-22.89,-22.61
1.0926,0.7081,0.4085,0.3709,-88.55,-23.03,-22.33
1.0937,0.7105,0.4089,0.3723,-89.11,-23.38,-23.66
1.0947,0.7100,0.4085,0.3748,-88.06,-23.17,-23.03
1.0957,0.7086,0.4089,0.3743,-87.92,-23.03,-23.52
1.0967,0.7086,0.4085,0.3714,-88.13,-23.45,-24.29
1.0977,0.7115,0.4060,0.3719,-87.64,-22.75,-23.87
1.0987,0.7115,0.4026,0.3767,-87.64,-23.66,-25.06
1.0988,0.7100,0.4070,0.3762,-87.50,-23.03,-24.50
1.0990,0.7086,0.4099,0.3762,-86.94,-24.01,-25.55
1.0991,0.7091,0.4075,0.3777,-87.15,-22.82,-24.29
1.0992,0.7091,0.4065,0.3806,-86.80,-24.15,-26.39
1.0994,0.7086,0.4055,0.3831,-86.31,-23.24,-25.34
1.0995,0.7081,0.4026,0.3811,-86.45,-24.01,-26.60
1.0996,0.7076,0.4016,0.3836,-86.17,-23.45,-25.69
1.0997,0.7096,0.3992,0.3831,-86.03,-23.87,-26.67
1.0999,0.7115,0.3972,0.3787,-85.82,-23.66,-26.67
1.1000,0.7115,0.3992,0.3802,-85.75,-23.94,-26.88
1.1001,0.7120,0.3977,0.3836,-85.40,-23.73,-27.23
1.1003,0.7081,0.3948,0.3875,-85.12,-23.45,-26.95
1.1004,0.7052,0.3933,0.3880,-84.63,-24.15,-27.93
1.1005,0.7047,0.3938,0.3855,-84.63,-22.96,-26.74
1.1007,0.7047,0.3953,0.3884,-84.42,-24.08,-28.63
1.1008,0.7071,0.3914,0.3904,-84.35,-23.24,-27.44
1.1009,0.7066,0.3899,0.3904,-84.21,-24.22,-28.91
1.1010,0.7056,0.3889,0.3909,-83.44,-23.73,-27.86
1.1012,0.7100,0.3850,0.3894,-83.65,-24.36,-29.26
1.1013,0.7115,0.3850,0.3904,-83.37,-23.66,-28.14
1.1019,0.7086,0.3826,0.3919,-83.44,-23.87,-29.47
1.1024,0.7100,0.3797,0.3963,-82.60,-23.87,-28.77
1.1030,0.7130,0.3792,0.3977,-83.09,-24.08,-29.75
1.1035,0.7125,0.3802,0.3977,-82.11,-24.36,-28.98
1.1041,0.7120,0.3831,0.3987,-82.60,-23.52,-29.75
1.1046,0.7135,0.3836,0.3992,-81.62,-24.15,-29.75
1.1052,0.7149,0.3802,0.3972,-82.18,-23.94,-29.89
1.1058,0.7169,0.3782,0.3953,-81.20,-24.15,-30.17
1.1063,0.7193,0.3782,0.3987,-81.69,-23.87,-30.03
1.1069,0.7222,0.3787,0.3992,-80.71,-24.50,-30.59
1.1074,0.7222,0.3753,0.3997,-80.71,-23.66,-30.03
1.1080,0.7252,0.3723,0.4011,-81.13,-24.29,-30.52
1.1085,0.7242,0.3733,0.4006,-79.87,-23.80,-30.31
1.1091,0.7227,0.3733,0.4002,-80.15,-24.36,-30.73
1.1096,0.7266,0.3714,0.4002,-79.38,-23.38,-30.52
1.1102,0.7296,0.3680,0.4006,-79.87,-23.94,-30.59
1.1108,0.7325,0.3684,0.4050,-79.31,-23.94,-30.80
1.1113,0.7305,0.3704,0.4060,-79.03,-24.29,-30.87
1.1119,0.7276,0.3689,0.4065,-78.68,-23.87,-30.73
1.1124,0.7286,0.3650,0.4109,-78.68,-24.22,-31.15
1.1130,0.7330,0.3670,0.4128,-77.91,-23.94,-30.52
1.1136,0.7359,0.3704,0.4119,-78.33,-24.57,-31.29
1.1142,0.7374,0.3680,0.4128,-77.28,-24.29,-30.80
1.1148,0.7340,0.3655,0.4138,-77.77,-24.71,-31.71
1.1153,0.7310,0.3650,0.4143,-76.72,-24.08,-30.10
1.1159,0.7354,0.3680,0.4163,-77.07,-24.64,-31.78
1.1165,0.7364,0.3670,0.4172,-76.30,-24.22,-30.45
1.1171,0.7364,0.3640,0.4163,-76.09,-24.85,-32.06
1.1177,0.7403,0.3640,0.4148,-76.09,-24.01,-30.38
1.1182,0.7413,0.3655,0.4172,-75.88,-24.78,-31.78
1.1188,0.7418,0.3684,0.4246,-75.18,-24.50,-30.87
1.1194,0.7422,0.3640,0.4202,-74.62,-24.78,-31.08
1.1200,0.7427,0.3616,0.4192,-74.20,-25.20,-31.64
1.1206,0.7427,0.3592,0.4246,-74.20,-24.43,-31.22
1.1212,0.7466,0.3523,0.4236,-73.99,-25.06,-31.57
1.1217,0.7481,0.3528,0.4197,-73.43,-24.57,-31.57
1.1223,0.7481,0.3553,0.4211,-73.36,-25.13,-31.22
1.1229,0.7510,0.3533,0.4250,-72.87,-25.20,-31.71
1.1235,0.7520,0.3509,0.4314,-72.66,-25.06,-31.36
1.1241,0.7515,0.3455,0.4299,-72.52,-24.85,-31.43
1.1246,0.7515,0.3421,0.4270,-72.45,-25.48,-31.85
1.1251,0.7544,0.3445,0.4270,-71.82,-25.62,-32.13
1.1256,0.7574,0.3460,0.4290,-71.68,-24.99,-31.15
1.1261,0.7613,0.3431,0.4309,-71.40,-25.83,-32.34
1.1267,0.7598,0.3411,0.4309,-71.26,-25.41,-31.36
1.1272,0.7579,0.3406,0.4314,-70.77,-25.62,-32.48
1.1277,0.7603,0.3377,0.4348,-70.56,-25.27,-31.78
1.1282,0.7666,0.3357,0.4372,-70.56,-26.18,-32.48
1.1287,0.7676,0.3353,0.4363,-69.72,-25.20,-32.13
1.1293,0.7696,0.3343,0.4387,-70.21,-26.60,-32.69
1.1298,0.7735,0.3309,0.4363,-69.44,-25.34,-32.20
1.1303,0.7759,0.3284,0.4338,-69.65,-26.39,-32.97
1.1308,0.7798,0.3314,0.4368,-69.09,-25.83,-32.97
1.1313,0.7798,0.3294,0.4348,-69.16,-26.81,-32.76
1.1319,0.7828,0.3245,0.4348,-68.74,-26.04,-32.76
1.1324,0.7832,0.3260,0.4397,-68.67,-26.67,-32.90
1.1329,0.7828,0.3235,0.4377,-68.32,-26.39,-33.04
1.1334,0.7862,0.3216,0.4377,-67.83,-26.88,-33.11
1.1339,0.7871,0.3231,0.4377,-68.04,-26.88,-33.11
1.1345,0.7857,0.3226,0.4412,-67.62,-27.02,-33.67
1.1350,0.7862,0.3231,0.4460,-67.55,-26.74,-32.90
1.1356,0.7896,0.3235,0.4431,-66.92,-27.37,-33.67
1.1361,0.7925,0.3235,0.4441,-66.85,-27.09,-33.04
1.1367,0.7930,0.3240,0.4470,-66.85,-27.30,-33.53
1.1372,0.7959,0.3211,0.4455,-66.36,-27.51,-33.25
1.1378,0.7950,0.3148,0.4465,-66.29,-27.86,-33.81
1.1383,0.7935,0.3162,0.4441,-66.01,-27.86,-33.11
1.1389,0.7979,0.3162,0.4460,-65.45,-27.93,-33.67
1.1395,0.8008,0.3148,0.4504,-65.80,-28.00,-33.18
1.1400,0.8032,0.3148,0.4499,-64.82,-28.00,-33.53
1.1406,0.8037,0.3128,0.4514,-65.10,-28.00,-33.18
1.1411,0.8023,0.3128,0.4553,-64.82,-28.42,-33.25
1.1417,0.8018,0.3143,0.4568,-64.75,-28.00,-33.04
1.1422,0.8018,0.3123,0.4553,-64.47,-28.28,-33.53
1.1428,0.8067,0.3113,0.4534,-63.91,-28.84,-33.18
1.1433,0.8101,0.3113,0.4514,-64.40,-28.42,-32.97
1.1439,0.8096,0.3109,0.4509,-63.63,-29.26,-33.60
1.1444,0.8115,0.3113,0.4568,-63.84,-28.70,-32.90
1.1450,0.8140,0.3084,0.4587,-63.35,-29.12,-33.32
1.1455,0.8140,0.3074,0.4577,-63.14,-29.19,-32.90
1.1461,0.8150,0.3050,0.4582,-62.86,-29.40,-33.53
1.1467,0.8179,0.3006,0.4563,-62.79,-29.19,-32.41
1.1473,0.8194,0.2982,0.4577,-62.51,-29.40,-33.25
1.1479,0.8194,0.2952,0.4602,-62.30,-29.33,-32.55
1.1484,0.8208,0.2977,0.4592,-62.30,-29.54,-32.83
1.1490,0.8198,0.2962,0.4612,-61.95,-29.89,-32.69
1.1496,0.8223,0.2908,0.4616,-61.88,-29.68,-32.90
1.1502,0.8257,0.2908,0.4621,-61.53,-29.75,-32.48
1.1507,0.8237,0.2894,0.4636,-61.46,-30.24,-32.97
1.1513,0.8281,0.2855,0.4631,-61.32,-29.89,-32.62
1.1519,0.8325,0.2821,0.4651,-61.04,-30.24,-32.69
1.1525,0.8359,0.2811,0.4656,-60.76,-30.66,-32.76
1.1530,0.8350,0.2830,0.4631,-60.62,-30.17,-32.41
1.1536,0.8320,0.2816,0.4641,-60.69,-31.01,-33.04
1.1542,0.8384,0.2772,0.4665,-60.41,-30.59,-32.20
1.1548,0.8408,0.2782,0.4685,-60.55,-31.01,-33.04
1.1553,0.8374,0.2767,0.4699,-60.48,-30.87,-32.48
1.1559,0.8355,0.2723,0.4685,-60.34,-31.36,-33.53
1.1565,0.8384,0.2723,0.4670,-59.85,-30.87,-32.48
1.1571,0.8413,0.2772,0.4699,-60.06,-31.36,-33.53
1.1576,0.8403,0.2767,0.4734,-59.78,-31.36,-32.27
1.1582,0.8394,0.2738,0.4695,-59.92,-31.92,-34.02
1.1587,0.8394,0.2738,0.4656,-59.36,-31.36,-32.27
1.1593,0.8413,0.2743,0.4675,-59.85,-31.50,-33.67
1.1598,0.8442,0.2747,0.4690,-58.94,-31.43,-32.34
1.1604,0.8433,0.2743,0.4690,-59.78,-32.27,-33.53
1.1609,0.8481,0.2713,0.4680,-58.73,-31.71,-32.69
1.1615,0.8511,0.2704,0.4704,-59.85,-32.76,-33.95
1.1620,0.8496,0.2713,0.4748,-58.45,-31.71,-32.76
1.1626,0.8501,0.2723,0.4709,-58.94,-32.20,-33.46
1.1631,0.8525,0.2728,0.4690,-58.31,-32.41,-33.32
1.1637,0.8540,0.2689,0.4699,-59.01,-32.27,-33.32
1.1642,0.8491,0.2650,0.4714,-58.31,-32.41,-33.67
1.1648,0.8496,0.2660,0.4695,-58.73,-32.41,-33.11
1.1653,0.8511,0.2684,0.4695,-58.31,-32.76,-33.60
1.1659,0.8520,0.2645,0.4758,-58.31,-32.62,-33.39
1.1664,0.8560,0.2616,0.4753,-58.17,-33.04,-33.88
1.1670,0.8564,0.2640,0.4729,-58.24,-32.69,-33.32
1.1675,0.8535,0.2625,0.4743,-58.17,-33.67,-34.30
1.1681,0.8535,0.2596,0.4753,-57.82,-32.62,-33.18
1.1686,0.8555,0.2577,0.4802,-58.17,-33.60,-34.51
1.1692,0.8564,0.2591,0.4851,-58.10,-32.97,-33.46
1.1697,0.8564,0.2577,0.4807,-57.96,-33.46,-34.86
1.1703,0.8569,0.2533,0.4768,-57.26,-33.18,-34.02
1.1709,0.8569,0.2552,0.4743,-58.31,-33.60,-34.30
1.1714,0.8599,0.2538,0.4797,-57.26,-33.53,-34.51
1.1720,0.8623,0.2542,0.4797,-57.19,-34.09,-35.00
1.1726,0.8633,0.2479,0.4831,-57.61,-33.67,-34.16
1.1731,0.8618,0.2469,0.4846,-57.26,-34.16,-35.00
1.1737,0.8603,0.2464,0.4812,-57.61,-33.67,-34.51
1.1742,0.8633,0.2474,0.4836,-57.12,-34.23,-34.72
1.1748,0.8642,0.2445,0.4836,-57.26,-34.02,-34.44
1.1754,0.8603,0.2406,0.4875,-57.33,-33.74,-34.65
1.1759,0.8633,0.2420,0.4919,-57.05,-34.58,-35.14
1.1765,0.8682,0.2401,0.4895,-57.33,-34.09,-34.79
1.1771,0.8716,0.2377,0.4885,-56.70,-34.51,-34.65
1.1776,0.8725,0.2372,0.4895,-57.40,-33.88,-34.51
1.1782,0.8691,0.2362,0.4880,-56.77,-34.65,-35.21
1.1788,0.8735,0.2357,0.4885,-57.12,-33.81,-33.88
1.1793,0.8745,0.2338,0.4948,-56.91,-34.93,-35.56
1.1804,0.8711,0.2284,0.4924,-57.12,-34.16,-34.51
1.1816,0.8721,0.2313,0.4934,-56.84,-34.30,-34.37
1.1827,0.8716,0.2294,0.4992,-56.77,-34.72,-35.00
1.1839,0.8721,0.2284,0.4963,-56.84,-34.09,-34.30
1.1850,0.8633,0.2289,0.4982,-56.84,-34.23,-34.23
1.1861,0.8657,0.2259,0.4968,-56.77,-34.51,-34.16
1.1873,0.8677,0.2235,0.4997,-56.84,-35.28,-34.65
1.1884,0.8701,0.2240,0.5002,-56.77,-34.58,-33.88
1.1895,0.8701,0.2250,0.5007,-56.70,-34.86,-34.44
1.1907,0.8672,0.2240,0.5017,-56.63,-34.72,-34.02
1.1918,0.8647,0.2220,0.5022,-56.91,-34.86,-34.37
1.1929,0.8662,0.2216,0.5051,-56.70,-34.65,-33.88
1.1941,0.8696,0.2186,0.5031,-56.91,-34.86,-34.09
1.1952,0.8730,0.2147,0.5022,-56.56,-34.72,-33.53
1.1963,0.8711,0.2142,0.5022,-57.12,-34.58,-33.53
1.1975,0.8691,0.2137,0.5026,-56.70,-34.79,-33.60
1.1986,0.8696,0.2133,0.5070,-56.98,-34.65,-32.90
1.1998,0.8706,0.2094,0.5056,-56.77,-34.72,-33.88
1.2009,0.8696,0.2040,0.5007,-56.77,-34.51,-32.69
1.2020,0.8711,0.2054,0.5036,-56.91,-35.28,-33.81
1.2026,0.8706,0.2025,0.5026,-56.91,-34.16,-32.34
1.2032,0.8706,0.2030,0.5022,-56.77,-34.23,-32.13
1.2037,0.8721,0.1996,0.5017,-56.98,-35.07,-33.25
1.2043,0.8745,0.1957,0.5012,-56.98,-34.09,-31.99
1.2049,0.8760,0.1952,0.5041,-57.33,-34.86,-32.83
1.2055,0.8740,0.1986,0.5061,-56.84,-34.02,-31.64
1.2060,0.8789,0.2020,0.5051,-57.40,-35.07,-32.69
1.2066,0.8813,0.2054,0.5070,-56.70,-34.02,-31.64
1.2072,0.8764,0.2025,0.5085,-57.40,-35.07,-32.76
1.2078,0.8730,0.1986,0.5090,-56.98,-34.30,-31.50
1.2083,0.8730,0.2040,0.5085,-57.61,-34.72,-31.85
1.2089,0.8725,0.2020,0.5061,-56.91,-34.44,-31.85
1.2095,0.8701,0.1928,0.5026,-57.47,-34.86,-31.50
1.2101,0.8711,0.1942,0.5065,-57.19,-34.58,-31.64
1.2106,0.8721,0.1967,0.5109,-57.61,-34.44,-31.08
1.2112,0.8716,0.1957,0.5075,-57.40,-34.30,-31.36
1.2118,0.8701,0.1962,0.5061,-57.33,-34.23,-30.87
1.2124,0.8701,0.1932,0.5075,-57.89,-34.09,-31.15
1.2129,0.8677,0.1889,0.5080,-57.40,-34.72,-31.29
1.2135,0.8677,0.1893,0.5065,-58.10,-34.72,-30.73
1.2140,0.8691,0.1854,0.5075,-57.40,-34.65,-30.94
1.2146,0.8696,0.1874,0.5090,-57.61,-34.16,-30.45
1.2151,0.8662,0.1884,0.5056,-58.03,-34.23,-30.59
1.2157,0.8682,0.1854,0.5031,-57.75,-34.16,-30.24
1.2162,0.8701,0.1791,0.5041,-57.82,-34.51,-30.38
1.2167,0.8657,0.1767,0.5070,-57.89,-33.46,-29.61
1.2173,0.8667,0.1791,0.5065,-58.10,-34.51,-30.24
1.2178,0.8682,0.1757,0.5065,-58.24,-33.53,-29.82
1.2183,0.8691,0.1723,0.5080,-58.59,-34.30,-29.68
1.2189,0.8696,0.1723,0.5085,-58.66,-33.67,-29.54
1.2194,0.8691,0.1728,0.5100,-58.59,-34.02,-29.54
1.2199,0.8667,0.1693,0.5070,-58.59,-33.74,-29.19
1.2205,0.8613,0.1669,0.5051,-58.45,-33.95,-29.19
1.2210,0.8613,0.1679,0.5046,-58.66,-33.88,-28.98
1.2215,0.8638,0.1684,0.5065,-58.80,-33.39,-29.19
1.2221,0.8657,0.1669,0.5056,-59.22,-33.53,-28.42
1.2226,0.8618,0.1645,0.5031,-58.73,-33.53,-28.98
1.2232,0.8603,0.1645,0.5031,-58.94,-33.11,-28.28
1.2237,0.8633,0.1635,0.5041,-59.29,-34.09,-28.21
1.2242,0.8628,0.1610,0.5051,-59.15,-32.90,-28.14
1.2248,0.8633,0.1601,0.5061,-59.36,-33.74,-27.79
1.2254,0.8633,0.1552,0.5046,-59.01,-32.83,-27.58
1.2259,0.8628,0.1537,0.5012,-59.43,-33.46,-27.79
1.2265,0.8662,0.1581,0.5007,-59.57,-32.55,-26.95
1.2271,0.8701,0.1591,0.5031,-59.57,-33.53,-27.86
1.2276,0.8677,0.1547,0.5022,-59.85,-32.41,-26.32
1.2282,0.8603,0.1513,0.4997,-59.57,-33.32,-27.44
1.2288,0.8603,0.1508,0.4963,-59.92,-32.41,-26.25
1.2293,0.8633,0.1498,0.4973,-59.78,-33.39,-27.16
1.2299,0.8633,0.1484,0.4997,-59.99,-32.20,-25.90
1.2305,0.8628,0.1479,0.4997,-60.20,-33.39,-27.09
1.2310,0.8599,0.1444,0.4963,-60.27,-32.62,-25.55
1.2316,0.8594,0.1484,0.4914,-60.27,-32.83,-26.46
1.2322,0.8638,0.1523,0.4943,-60.34,-32.55,-25.62
1.2327,0.8628,0.1513,0.4870,-60.34,-32.55,-25.97
1.2333,0.8574,0.1474,0.4900,-60.13,-33.11,-25.48
1.2338,0.8555,0.1493,0.4895,-60.27,-32.62,-24.99
1.2344,0.8550,0.1493,0.4895,-61.25,-31.71,-25.13
1.2350,0.8564,0.1488,0.4885,-60.62,-32.90,-25.48
1.2355,0.8545,0.1474,0.4885,-60.97,-31.78,-24.78
1.2361,0.8506,0.1454,0.4860,-60.55,-32.55,-25.27
1.2367,0.8535,0.1410,0.4870,-61.18,-32.06,-24.50
1.2373,0.8506,0.1371,0.4895,-60.83,-32.76,-25.13
1.2379,0.8462,0.1396,0.4851,-61.39,-32.06,-24.29
1.2384,0.8481,0.1410,0.4817,-61.11,-32.13,-24.85
1.2390,0.8481,0.1396,0.4802,-61.11,-32.06,-24.43
1.2396,0.8472,0.1415,0.4792,-61.39,-32.20,-24.85
1.2402,0.8477,0.1405,0.4802,-61.04,-32.13,-24.36
1.2408,0.8477,0.1401,0.4826,-61.81,-31.92,-24.50
1.2413,0.8462,0.1410,0.4826,-61.25,-32.06,-24.43
1.2419,0.8525,0.1405,0.4836,-61.88,-31.99,-24.57
1.2425,0.8506,0.1444,0.4860,-61.53,-31.78,-24.22
1.2431,0.8433,0.1479,0.4802,-62.02,-31.64,-24.43
1.2437,0.8442,0.1440,0.4778,-61.39,-31.92,-24.36
1.2442,0.8408,0.1449,0.4787,-61.88,-31.85,-24.01
1.2448,0.8403,0.1464,0.4743,-62.02,-31.71,-24.50
1.2454,0.8452,0.1459,0.4729,-61.67,-31.64,-24.15
1.2460,0.8447,0.1435,0.4758,-61.81,-32.13,-24.50
1.2466,0.8438,0.1420,0.4748,-61.60,-31.50,-23.94
1.2471,0.8452,0.1449,0.4695,-61.95,-31.71,-24.64
1.2477,0.8472,0.1405,0.4651,-61.67,-31.43,-23.73
1.2482,0.8481,0.1381,0.4656,-61.88,-32.06,-24.85
1.2487,0.8447,0.1391,0.4660,-61.46,-31.50,-23.94
1.2492,0.8408,0.1376,0.4665,-62.23,-31.50,-24.43
1.2497,0.8413,0.1386,0.4665,-61.74,-31.78,-24.08
1.2503,0.8447,0.1381,0.4607,-62.23,-31.92,-24.57
1.2508,0.8501,0.1327,0.4621,-61.53,-31.57,-24.01
1.2513,0.8516,0.1313,0.4656,-62.37,-31.64,-24.22
1.2518,0.8472,0.1332,0.4646,-61.88,-31.92,-24.08
1.2523,0.8442,0.1322,0.4651,-61.95,-31.50,-24.22
1.2528,0.8452,0.1293,0.4616,-62.16,-32.06,-24.29
1.2534,0.8491,0.1279,0.4621,-61.88,-31.71,-24.43
1.2539,0.8511,0.1254,0.4631,-61.95,-32.06,-24.57
1.2544,0.8520,0.1279,0.4558,-61.46,-31.99,-24.08
1.2549,0.8506,0.1342,0.4548,-62.37,-31.92,-24.43
1.2554,0.8496,0.1318,0.4568,-61.67,-31.43,-23.73
1.2559,0.8477,0.1342,0.4543,-62.09,-32.20,-24.71
1.2565,0.8452,0.1332,0.4504,-61.46,-31.78,-23.45
1.2570,0.8447,0.1313,0.4470,-62.16,-32.55,-24.71
1.2575,0.8452,0.1352,0.4519,-61.67,-31.92,-23.80
1.2581,0.8501,0.1362,0.4538,-62.02,-32.27,-24.57
1.2587,0.8516,0.1342,0.4490,-61.46,-32.13,-23.52
1.2593,0.8511,0.1313,0.4436,-61.81,-32.13,-24.29
1.2599,0.8516,0.1327,0.4402,-61.39,-32.34,-23.87
1.2604,0.8477,0.1313,0.4421,-61.81,-32.20,-24.01
1.2610,0.8452,0.1308,0.4455,-61.25,-32.55,-24.01
1.2616,0.8501,0.1318,0.4441,-61.39,-32.62,-23.94
1.2622,0.8506,0.1303,0.4407,-61.32,-32.90,-24.01
1.2628,0.8472,0.1288,0.4412,-60.90,-32.48,-23.17
1.2634,0.8472,0.1274,0.4382,-61.25,-32.97,-23.87
1.2640,0.8496,0.1283,0.4348,-60.55,-33.11,-23.17
1.2646,0.8501,0.1313,0.4392,-61.18,-33.39,-24.08
1.2652,0.8457,0.1327,0.4416,-60.55,-33.74,-23.87
1.2658,0.8462,0.1322,0.4412,-60.62,-33.53,-23.10
1.2663,0.8486,0.1293,0.4412,-60.34,-33.74,-23.52
1.2669,0.8477,0.1303,0.4426,-60.34,-33.25,-22.75
1.2675,0.8501,0.1269,0.4402,-60.13,-33.53,-23.31
1.2681,0.8535,0.1240,0.4402,-59.92,-33.74,-22.68
1.2687,0.8535,0.1205,0.4416,-60.06,-33.53,-23.31
1.2693,0.8496,0.1191,0.4392,-59.57,-34.02,-22.68
1.2699,0.8501,0.1171,0.4402,-59.64,-34.23,-23.10
1.2705,0.8564,0.1152,0.4392,-59.43,-33.95,-22.12
1.2711,0.8589,0.1152,0.4358,-59.64,-34.58,-23.03
1.2716,0.8569,0.1142,0.4333,-59.29,-34.30,-22.05
1.2722,0.8550,0.1142,0.4368,-59.08,-34.65,-22.68
1.2728,0.8560,0.1127,0.4392,-58.87,-34.51,-21.98
1.2734,0.8564,0.1108,0.4382,-58.87,-34.65,-22.12
1.2740,0.8555,0.1147,0.4377,-58.59,-34.79,-21.56
1.2746,0.8584,0.1196,0.4377,-58.73,-35.14,-21.98
1.2752,0.8603,0.1181,0.4397,-58.38,-35.35,-21.63
1.2758,0.8555,0.1166,0.4397,-58.52,-35.21,-21.35
1.2764,0.8545,0.1137,0.4377,-57.75,-35.70,-21.28
1.2769,0.8545,0.1181,0.4358,-58.10,-35.56,-21.28
1.2775,0.8530,0.1166,0.4382,-57.61,-35.84,-21.00
1.2781,0.8520,0.1142,0.4382,-57.33,-36.12,-21.14
1.2787,0.8501,0.1171,0.4353,-57.75,-35.98,-20.37
1.2793,0.8555,0.1176,0.4368,-57.26,-35.91,-20.16
1.2799,0.8599,0.1181,0.4338,-56.98,-36.33,-20.44
1.2805,0.8579,0.1196,0.4329,-56.63,-36.75,-19.95
1.2811,0.8574,0.1186,0.4358,-56.70,-36.12,-19.81
1.2820,0.8540,0.1186,0.4353,-56.49,-36.75,-19.88
1.2830,0.8530,0.1166,0.4368,-56.42,-36.96,-19.25
1.2839,0.8540,0.1157,0.4343,-56.35,-37.03,-19.53
1.2849,0.8555,0.1157,0.4309,-55.86,-37.17,-19.04
1.2858,0.8555,0.1152,0.4294,-55.65,-36.82,-18.97
1.2867,0.8555,0.1127,0.4275,-55.65,-37.66,-18.76
1.2877,0.8555,0.1108,0.4285,-55.37,-37.59,-18.83
1.2886,0.8545,0.1132,0.4314,-55.44,-37.80,-18.76
1.2896,0.8530,0.1137,0.4324,-55.09,-37.45,-18.06
1.2905,0.8530,0.1098,0.4338,-55.16,-38.15,-18.76
1.2915,0.8530,0.1064,0.4372,-54.81,-37.38,-17.57
1.2924,0.8540,0.1054,0.4333,-54.88,-38.36,-18.34
1.2934,0.8530,0.1039,0.4255,-54.39,-37.94,-17.43
1.2943,0.8511,0.1010,0.4265,-54.46,-38.71,-18.06
1.2953,0.8525,0.1015,0.4280,-54.39,-38.43,-17.15
1.2962,0.8516,0.1020,0.4260,-54.18,-38.57,-17.99
1.2972,0.8481,0.1035,0.4265,-54.04,-38.50,-16.87
1.2981,0.8467,0.1044,0.4314,-53.90,-39.13,-17.85
1.2991,0.8467,0.1000,0.4314,-53.55,-38.57,-16.73
1.3000,0.8447,0.1005,0.4304,-53.55,-39.27,-17.64
1.3002,0.8398,0.0996,0.4324,-53.41,-38.92,-16.66
1.3003,0.8369,0.0986,0.4280,-53.41,-39.48,-17.57
1.3005,0.8374,0.0986,0.4270,-53.13,-38.99,-16.66
1.3006,0.8350,0.0922,0.4294,-53.13,-39.27,-17.08
1.3007,0.8335,0.0908,0.4324,-52.64,-39.34,-16.66
1.3009,0.8330,0.0883,0.4309,-52.92,-39.48,-16.80
1.3010,0.8281,0.0859,0.4260,-52.64,-39.41,-16.73
1.3012,0.8237,0.0844,0.4275,-52.43,-39.90,-16.59
1.3013,0.8218,0.0839,0.4265,-51.94,-39.48,-16.80
1.3015,0.8247,0.0820,0.4285,-52.64,-39.48,-16.03
1.3016,0.8247,0.0786,0.4285,-51.87,-39.69,-17.01
1.3018,0.8218,0.0781,0.4260,-52.36,-39.83,-15.68
1.3019,0.8194,0.0786,0.4275,-51.80,-39.76,-16.94
1.3021,0.8179,0.0820,0.4299,-52.08,-40.18,-15.33
1.3022,0.8189,0.0830,0.4280,-51.59,-39.97,-16.80
1.3024,0.8218,0.0791,0.4226,-51.80,-40.32,-15.82
1.3025,0.8218,0.0747,0.4231,-51.94,-40.11,-16.45
1.3027,0.8218,0.0742,0.4241,-51.66,-40.18,-15.61
1.3028,0.8218,0.0737,0.4241,-51.45,-40.04,-15.68
1.3030,0.8218,0.0693,0.4246,-51.24,-40.04,-15.47
1.3036,0.8208,0.0688,0.4246,-51.59,-40.53,-15.61
1.3042,0.8237,0.0712,0.4226,-50.82,-40.11,-15.82
1.3048,0.8233,0.0703,0.4211,-51.45,-40.18,-14.77
1.3054,0.8179,0.0649,0.4216,-50.96,-40.11,-16.03
1.3060,0.8159,0.0625,0.4211,-51.17,-40.18,-14.63
1.3066,0.8145,0.0630,0.4231,-50.61,-40.25,-15.75
1.3072,0.8164,0.0620,0.4216,-51.03,-40.32,-14.28
1.3078,0.8145,0.0571,0.4182,-50.75,-40.04,-13.58
1.3084,0.8125,0.0571,0.4163,-51.03,-39.97,-15.40
1.3090,0.8052,0.0556,0.4197,-50.68,-39.76,-13.44
1.3095,0.8018,0.0547,0.4236,-51.10,-40.25,-15.33
1.3101,0.8013,0.0503,0.4197,-50.40,-40.32,-13.37
1.3107,0.7989,0.0449,0.4187,-50.96,-39.97,-14.84
1.3113,0.7969,0.0415,0.4211,-50.26,-40.11,-13.65
1.3119,0.7969,0.0381,0.4163,-50.75,-39.97,-14.35
1.3125,0.7954,0.0351,0.4133,-50.40,-39.97,-13.58
1.3131,0.7910,0.0342,0.4153,-50.82,-39.41,-13.65
1.3137,0.7886,0.0307,0.4158,-50.61,-40.04,-13.86
1.3143,0.7891,0.0244,0.4148,-50.82,-39.20,-13.30
1.3149,0.7847,0.0234,0.4138,-50.54,-39.48,-13.79
1.3155,0.7793,0.0249,0.4119,-50.89,-39.48,-13.16
1.3160,0.7803,0.0200,0.4109,-50.68,-39.55,-13.93
1.3166,0.7769,0.0146,0.4104,-50.40,-39.20,-12.60
1.3171,0.7764,0.0102,0.4114,-50.47,-39.13,-13.72
1.3176,0.7769,0.0073,0.4114,-50.68,-39.20,-12.53
1.3182,0.7749,0.0098,0.4070,-50.75,-39.06,-13.51
1.3187,0.7759,0.0083,0.4119,-50.61,-38.99,-12.53
1.3193,0.7715,-0.0029,0.4099,-50.89,-38.99,-12.67
1.3198,0.7725,-0.0054,0.4075,-50.89,-38.71,-13.16
1.3204,0.7759,-0.0059,0.4075,-50.68,-38.08,-12.18
1.3209,0.7740,-0.0088,0.4075,-51.59,-38.71,-12.81
1.3215,0.7706,-0.0063,0.4046,-50.47,-38.08,-12.25
1.3220,0.7715,-0.0039,0.4016,-51.59,-38.50,-12.67
1.3226,0.7749,-0.0078,0.4041,-50.82,-37.80,-12.11
1.3231,0.7749,-0.0117,0.4046,-51.80,-38.15,-12.18
1.3237,0.7754,-0.0132,0.4055,-50.61,-37.73,-12.32
1.3242,0.7759,-0.0146,0.4031,-51.73,-38.01,-11.97
1.3247,0.7740,-0.0137,0.4021,-50.82,-38.01,-12.25
1.3253,0.7725,-0.0117,0.4041,-51.73,-37.80,-11.76
1.3258,0.7754,-0.0132,0.3972,-51.45,-37.45,-12.04
1.3264,0.7784,-0.0117,0.3972,-51.45,-37.59,-11.97
1.3270,0.7769,-0.0112,0.3982,-51.66,-38.15,-12.39
1.3276,0.7740,-0.0122,0.3958,-51.66,-37.03,-11.48
1.3281,0.7715,-0.0093,0.3963,-52.01,-37.52,-12.18
1.3287,0.7745,-0.0059,0.3943,-51.38,-36.68,-11.48
1.3293,0.7749,-0.0078,0.3889,-51.94,-36.89,-11.41
1.3298,0.7725,-0.0054,0.3909,-52.08,-37.59,-11.76
1.3304,0.7686,-0.0063,0.3884,-51.59,-36.40,-10.99
1.3310,0.7647,-0.0068,0.3836,-52.08,-37.52,-11.90
1.3316,0.7627,-0.0083,0.3836,-51.59,-36.33,-10.85
1.3321,0.7623,-0.0112,0.3821,-52.15,-36.82,-11.55
1.3327,0.7647,-0.0117,0.3836,-51.52,-36.75,-10.92
1.3333,0.7647,-0.0146,0.3826,-52.15,-36.68,-11.20
1.3338,0.7642,-0.0142,0.3802,-52.08,-36.68,-10.99
1.3344,0.7603,-0.0142,0.3777,-51.87,-36.61,-11.41
1.3350,0.7549,-0.0156,0.3767,-51.80,-36.47,-10.71
1.3356,0.7554,-0.0181,0.3733,-51.73,-36.33,-11.27
1.3361,0.7549,-0.0220,0.3719,-52.29,-36.40,-10.78
1.3367,0.7544,-0.0229,0.3714,-51.87,-36.12,-11.20
1.3373,0.7535,-0.0249,0.3684,-52.22,-36.12,-11.06
1.3384,0.7505,-0.0264,0.3670,-51.87,-35.91,-11.20
1.3395,0.7505,-0.0239,0.3645,-52.36,-36.61,-11.34
1.3407,0.7510,-0.0268,0.3670,-51.59,-35.98,-10.92
1.3418,0.7486,-0.0337,0.3665,-52.71,-35.84,-11.41
1.3430,0.7496,-0.0371,0.3611,-52.01,-35.70,-10.71
1.3441,0.7447,-0.0386,0.3601,-52.22,-35.77,-11.55
1.3452,0.7383,-0.0415,0.3626,-52.08,-35.98,-11.20
1.3464,0.7393,-0.0439,0.3606,-52.15,-36.26,-11.90
1.3475,0.7388,-0.0473,0.3582,-52.50,-35.98,-11.34
1.3487,0.7388,-0.0493,0.3577,-52.36,-35.84,-12.04
1.3498,0.7369,-0.0508,0.3553,-52.78,-36.05,-11.69
1.3509,0.7344,-0.0556,0.3582,-52.36,-35.35,-12.18
1.3521,0.7340,-0.0590,0.3621,-52.64,-36.19,-12.25
1.3532,0.7335,-0.0615,0.3577,-52.29,-35.56,-11.90
1.3544,0.7349,-0.0639,0.3548,-52.78,-36.40,-12.81
1.3555,0.7325,-0.0703,0.3553,-52.78,-35.63,-12.18
1.3566,0.7291,-0.0771,0.3533,-53.06,-36.19,-12.81
1.3578,0.7291,-0.0771,0.3543,-52.22,-35.84,-13.16
1.3589,0.7242,-0.0795,0.3558,-53.06,-36.26,-13.16
1.3601,0.7218,-0.0854,0.3543,-53.06,-36.33,-13.23
1.3606,0.7144,-0.0937,0.3543,-53.48,-36.75,-13.44
1.3611,0.7203,-0.0986,0.3494,-53.06,-36.54,-14.21
1.3617,0.7183,-0.1064,0.3479,-53.41,-35.91,-13.58
1.3622,0.7091,-0.1093,0.3494,-53.06,-36.33,-14.35
1.3628,0.7120,-0.1122,0.3455,-53.76,-36.61,-14.21
1.3633,0.7144,-0.1161,0.3421,-53.55,-36.33,-14.49
1.3639,0.7125,-0.1181,0.3411,-53.97,-36.75,-14.35
1.3644,0.7125,-0.1230,0.3436,-53.62,-36.96,-14.91
1.3650,0.7164,-0.1293,0.3479,-54.18,-37.03,-14.91
1.3655,0.7188,-0.1332,0.3436,-53.62,-36.96,-14.91
1.3661,0.7188,-0.1352,0.3392,-54.46,-37.52,-15.33
1.3666,0.7178,-0.1381,0.3416,-54.18,-37.24,-14.91
1.3672,0.7135,-0.1381,0.3421,-54.46,-37.87,-15.75
1.3677,0.7149,-0.1425,0.3406,-54.18,-37.66,-15.47
1.3683,0.7149,-0.1469,0.3416,-54.67,-38.36,-15.89
1.3688,0.7149,-0.1503,0.3406,-54.53,-37.94,-15.12
1.3694,0.7169,-0.1557,0.3372,-54.74,-38.78,-16.17
1.3699,0.7183,-0.1566,0.3367,-54.46,-38.36,-15.33
1.3705,0.7183,-0.1601,0.3387,-54.95,-39.48,-16.52
1.3710,0.7149,-0.1659,0.3362,-54.88,-38.92,-15.40
1.3715,0.7120,-0.1732,0.3328,-55.37,-39.55,-16.87
1.3720,0.7105,-0.1835,0.3318,-55.09,-40.18,-16.17
1.3726,0.7110,-0.1928,0.3314,-55.58,-40.04,-16.80
1.3731,0.7144,-0.2011,0.3314,-55.37,-40.11,-16.38
1.3736,0.7169,-0.2069,0.3333,-55.72,-40.67,-16.66
1.3741,0.7208,-0.2089,0.3372,-55.79,-40.60,-16.45
1.3747,0.7247,-0.2128,0.3323,-55.93,-41.37,-17.08
1.3752,0.7266,-0.2152,0.3294,-56.07,-41.65,-17.08
1.3757,0.7344,-0.2157,0.3240,-56.56,-41.79,-16.73
1.3762,0.7418,-0.2201,0.3177,-56.35,-41.93,-17.01
1.3768,0.7442,-0.2264,0.3196,-56.56,-42.63,-17.01
1.3773,0.7481,-0.2303,0.3201,-56.70,-42.77,-17.36
1.3778,0.7505,-0.2328,0.3162,-56.84,-43.61,-16.66
1.3783,0.7525,-0.2396,0.3143,-57.19,-44.03,-17.50
1.3788,0.7574,-0.2484,0.3113,-57.26,-44.80,-17.01
1.3794,0.7627,-0.2533,0.3094,-57.82,-44.66,-17.15
1.3799,0.7642,-0.2552,0.3113,-57.61,-45.50,-17.22
1.3804,0.7691,-0.2586,0.3021,-58.24,-45.64,-17.01
1.3809,0.7779,-0.2625,0.3016,-57.54,-46.97,-17.43
1.3815,0.7857,-0.2708,0.2996,-58.45,-47.67,-17.29
1.3824,0.7906,-0.2752,0.3001,-58.94,-47.67,-16.73
1.3833,0.7920,-0.2835,0.2938,-59.08,-48.79,-16.24
1.3842,0.7915,-0.2894,0.2952,-59.01,-50.26,-17.08
1.3852,0.7945,-0.2928,0.2982,-59.50,-49.84,-15.89
1.3861,0.7974,-0.2928,0.2943,-60.06,-51.10,-16.59
1.3870,0.7998,-0.2913,0.2913,-59.99,-50.89,-15.68
1.3879,0.8062,-0.2943,0.2923,-60.41,-52.85,-16.73
1.3888,0.8120,-0.3001,0.2918,-59.85,-52.43,-15.33
1.3898,0.8135,-0.3016,0.2908,-60.69,-53.62,-16.17
1.3907,0.8194,-0.3040,0.2918,-60.41,-53.48,-14.98
1.3916,0.8218,-0.3094,0.2889,-61.04,-55.16,-15.68
1.3925,0.8218,-0.3128,0.2879,-60.97,-54.88,-14.84
1.3935,0.8267,-0.3148,0.2889,-61.53,-56.35,-15.33
1.3944,0.8335,-0.3177,0.2894,-61.39,-56.21,-14.14
1.3953,0.8364,-0.3206,0.2894,-62.02,-57.47,-14.70
1.3962,0.8379,-0.3192,0.2884,-62.02,-58.03,-14.21
1.3971,0.8413,-0.3201,0.2884,-62.16,-58.38,-14.21
1.3981,0.8428,-0.3206,0.2884,-62.51,-59.43,-13.72
1.3990,0.8442,-0.3206,0.2889,-62.58,-59.85,-13.30
1.3999,0.8447,-0.3216,0.2845,-62.93,-61.11,-13.79
1.4001,0.8477,-0.3240,0.2869,-63.00,-61.39,-12.88
1.4003,0.8496,-0.3309,0.2894,-63.77,-63.21,-13.09
1.4005,0.8506,-0.3348,0.2879,-63.28,-62.51,-12.04
1.4007,0.8511,-0.3343,0.2845,-64.26,-64.75,-13.09
1.4009,0.8506,-0.3338,0.2801,-64.26,-63.91,-11.06
1.4011,0.8520,-0.3392,0.2840,-64.82,-66.15,-12.60
1.4013,0.8516,-0.3450,0.2821,-64.54,-65.87,-10.78
1.4015,0.8481,-0.3514,0.2806,-65.38,-67.20,-11.90
1.4017,0.8481,-0.3592,0.2835,-65.38,-67.62,-10.64
1.4019,0.8486,-0.3704,0.2801,-66.01,-68.46,-11.06
1.4021,0.8398,-0.3821,0.2806,-66.08,-69.37,-9.94
1.4023,0.8403,-0.3889,0.2801,-66.50,-70.00,-10.36
1.4025,0.8467,-0.3977,0.2777,-67.06,-70.84,-9.94
1.4027,0.8477,-0.4016,0.2786,-67.48,-71.12,-9.59
1.4029,0.8481,-0.4055,0.2777,-68.18,-72.45,-9.94
1.4031,0.8486,-0.4119,0.2757,-68.32,-73.01,-9.03
1.4033,0.8486,-0.4124,0.2762,-69.09,-73.78,-9.59
1.4035,0.8467,-0.4207,0.2777,-69.16,-73.92,-8.12
1.4037,0.8457,-0.4285,0.2747,-70.35,-75.53,-9.87
1.4039,0.8452,-0.4319,0.2713,-70.14,-75.88,-7.91
1.4045,0.8457,-0.4343,0.2699,-71.19,-76.65,-9.31
1.4051,0.8447,-0.4382,0.2669,-71.68,-77.63,-8.19
1.4057,0.8428,-0.4455,0.2664,-72.24,-78.26,-9.10
1.4063,0.8398,-0.4455,0.2694,-72.73,-78.75,-7.91
1.4069,0.8374,-0.4480,0.2699,-73.57,-79.59,-8.68
1.4074,0.8359,-0.4529,0.2708,-73.92,-80.57,-8.33
1.4080,0.8330,-0.4577,0.2738,-75.04,-80.99,-8.75
1.4086,0.8291,-0.4636,0.2743,-75.04,-81.90,-8.26
1.4092,0.8252,-0.4685,0.2699,-76.09,-82.25,-8.33
1.4098,0.8194,-0.4724,0.2669,-76.72,-83.58,-8.61
1.4104,0.8159,-0.4763,0.2704,-77.63,-83.86,-8.54
1.4110,0.8159,-0.4856,0.2747,-78.33,-84.70,-9.10
1.4116,0.8125,-0.4987,0.2733,-78.75,-85.47,-8.33
1.4122,0.8008,-0.5187,0.2728,-79.59,-85.89,-9.17
1.4128,0.7935,-0.5319,0.2791,-81.27,-87.15,-9.45
1.4134,0.7871,-0.5353,0.2772,-82.60,-88.62,-8.89
1.4139,0.7847,-0.5451,0.2796,-83.37,-88.34,-9.52
1.4145,0.7798,-0.5558,0.2826,-84.42,-89.95,-9.31
1.4151,0.7740,-0.5607,0.2811,-85.40,-89.53,-9.73
1.4157,0.7701,-0.5685,0.2791,-85.96,-91.35,-9.80
1.4163,0.7623,-0.5773,0.2801,-87.22,-90.58,-9.45
1.4169,0.7535,-0.5885,0.2840,-87.92,-92.40,-10.43
1.4175,0.7462,-0.6027,0.2865,-89.67,-91.91,-9.73
1.4181,0.7383,-0.6134,0.2874,-90.37,-93.59,-11.06
1.4187,0.7276,-0.6251,0.2884,-91.56,-93.03,-9.45
1.4192,0.7198,-0.6403,0.2869,-92.82,-94.36,-11.27
1.4198,0.7130,-0.6525,0.2865,-93.73,-93.87,-10.08
1.4204,0.7022,-0.6686,0.2894,-95.34,-95.55,-11.83
1.4210,0.6876,-0.6871,0.2933,-96.04,-95.27,-10.64
1.4216,0.6739,-0.7022,0.2967,-98.00,-95.90,-11.83
1.4222,0.6632,-0.7213,0.2938,-98.70,-96.81,-11.69
1.4228,0.6486,-0.7432,0.2904,-100.66,-96.60,-12.04
1.4234,0.6300,-0.7662,0.2908,-101.64,-97.65,-12.04
1.4239,0.6017,-0.8179,0.2962,-104.65,-98.70,-13.09
1.4245,0.5856,-0.8452,0.2987,-106.82,-97.58,-12.53
1.4251,0.5690,-0.8745,0.3021,-108.36,-99.40,-13.23
1.4257,0.5578,-0.9018,0.3055,-109.97,-98.14,-13.09
1.4263,0.5412,-0.9292,0.3070,-112.07,-99.96,-14.28
1.4269,0.5251,-0.9618,0.3089,-113.54,-98.98,-13.51
1.4275,0.5109,-0.9936,0.3099,-115.64,-100.66,-14.77
1.4280,0.4948,-1.0185,0.3143,-117.60,-99.61,-14.00
1.4285,0.4782,-1.0438,0.3201,-119.70,-101.22,-15.47
1.4290,0.4636,-1.0756,0.3260,-121.80,-100.03,-14.91
1.4296,0.4480,-1.0956,0.3309,-124.32,-100.94,-15.96
1.4301,0.4304,-1.1185,0.3357,-125.37,-101.01,-15.47
1.4306,0.4109,-1.1502,0.3421,-128.52,-101.29,-16.66
1.4312,0.3904,-1.1761,0.3440,-130.41,-101.36,-16.31
1.4317,0.3743,-1.2049,0.3436,-132.79,-101.57,-17.50
1.4322,0.3562,-1.2371,0.3523,-135.03,-101.85,-17.78
1.4328,0.3362,-1.2634,0.3597,-137.90,-101.78,-18.13
1.4333,0.3182,-1.2873,0.3582,-139.44,-102.62,-19.25
1.4338,0.3001,-1.3122,0.3611,-142.73,-101.43,-19.11
1.4343,0.2840,-1.3371,0.3684,-145.11,-102.76,-21.14
1.4349,0.2708,-1.3610,0.3758,-147.91,-102.34,-21.00
1.4354,0.2572,-1.3810,0.3836,-150.15,-103.25,-23.38
1.4359,0.2411,-1.4025,0.3904,-153.02,-102.90,-23.66
1.4365,0.2225,-1.4215,0.3943,-155.82,-103.25,-25.55
1.4370,0.2054,-1.4376,0.3977,-158.06,-103.53,-26.32
1.4375,0.1859,-1.4557,0.4006,-161.56,-103.46,-28.63
1.4380,0.1654,-1.4752,0.4089,-163.66,-103.88,-30.31
1.4386,0.1464,-1.4913,0.4177,-167.02,-103.81,-32.34
1.4392,0.1259,-1.5089,0.4192,-168.98,-104.58,-34.72
1.4398,0.1020,-1.5304,0.4182,-172.34,-103.95,-37.24
1.4403,0.0766,-1.5509,0.4207,-174.72,-104.44,-40.04
1.4409,0.0522,-1.5670,0.4294,-177.94,-104.44,-42.91
1.4415,0.0229,-1.5792,0.4353,-180.25,-104.93,-46.20
1.4421,-0.0054,-1.5928,0.4372,-183.68,-104.72,-49.49
1.4426,-0.0342,-1.6065,0.4392,-186.06,-105.35,-53.62
1.4432,-0.0615,-1.6206,0.4368,-189.00,-104.44,-56.56
1.4438,-0.0839,-1.6328,0.4304,-191.94,-105.49,-60.90
1.4444,-0.1157,-1.6475,0.4255,-194.04,-105.14,-65.03
1.4449,-0.1454,-1.6685,0.4172,-197.47,-104.93,-69.58
1.4455,-0.1747,-1.6904,0.4055,-199.43,-104.16,-73.50
1.4461,-0.2094,-1.7158,0.3899,-202.86,-104.65,-78.68
1.4467,-0.2411,-1.7397,0.3753,-204.54,-103.74,-82.88
1.4472,-0.2664,-1.7680,0.3587,-208.32,-103.95,-88.06
1.4478,-0.2933,-1.7939,0.3377,-209.93,-102.97,-92.12
1.4484,-0.3177,-1.8178,0.3152,-213.22,-103.25,-97.72
1.4490,-0.3367,-1.8510,0.2865,-215.18,-101.99,-101.85
1.4495,-0.3484,-1.8866,0.2591,-217.84,-102.41,-107.31
1.4501,-0.3533,-1.9183,0.2264,-220.36,-101.15,-111.58
1.4506,-0.3621,-1.9544,0.1889,-222.74,-101.01,-116.55
1.4512,-0.3684,-2.0047,0.1518,-225.47,-99.61,-120.61
1.4517,-0.3689,-2.0530,0.1103,-227.36,-99.40,-125.93
1.4523,-0.3606,-2.1052,0.0703,-229.95,-98.91,-129.78
1.4528,-0.3475,-2.1711,0.0346,-232.19,-98.21,-134.75
1.4534,-0.3299,-2.2311,-0.0005,-234.78,-98.00,-138.95
1.4539,-0.3104,-2.2848,-0.0351,-236.88,-96.81,-142.31
1.4545,-0.2508,-2.3966,-0.1157,-239.40,-96.95,-146.86
1.4550,-0.2089,-2.4473,-0.1562,-243.88,-95.83,-153.79
1.4556,-0.1562,-2.5054,-0.2015,-245.42,-94.99,-155.96
1.4561,-0.0961,-2.5708,-0.2445,-248.01,-95.62,-160.23
1.4567,-0.0337,-2.6298,-0.2894,-249.34,-94.36,-161.14
1.4572,0.0386,-2.6879,-0.3343,-252.42,-95.06,-165.06
1.4578,0.1176,-2.7518,-0.3802,-253.19,-94.08,-165.27
1.4583,0.1996,-2.8153,-0.4280,-256.06,-95.13,-169.12
1.4589,0.2869,-2.8797,-0.4738,-256.97,-94.71,-168.56
1.4594,0.3797,-2.9465,-0.5192,-259.56,-95.55,-170.52
1.4600,0.4758,-3.0178,-0.5690,-260.26,-96.39,-170.45
1.4605,0.5749,-3.0895,-0.6188,-262.78,-97.51,-171.71
1.4611,0.6817,-3.1642,-0.6690,-263.34,-97.93,-171.01
1.4617,0.7979,-3.2408,-0.7193,-265.09,-99.47,-171.15
1.4623,0.9194,-3.3125,-0.7701,-266.42,-100.52,-169.96
1.4629,1.0477,-3.3882,-0.8262,-268.31,-102.62,-169.33
1.4635,1.1819,-3.4672,-0.8818,-268.73,-104.16,-167.58
1.4641,1.3254,-3.5458,-0.9360,-270.62,-106.47,-165.83
1.4647,1.4762,-3.6293,-0.9911,-270.90,-109.06,-163.87
1.4653,1.6324,-3.7161,-1.0487,-272.23,-111.93,-161.49
1.4659,1.7983,-3.8040,-1.1053,-272.79,-114.94,-158.69
1.4664,1.9652,-3.8957,-1.1634,-274.47,-117.53,-155.68
1.4670,2.1379,-3.9933,-1.2224,-274.89,-121.80,-152.81
1.4676,2.3121,-4.0890,-1.2820,-275.45,-125.37,-148.68
1.4682,2.4854,-4.1861,-1.3410,-276.36,-130.06,-145.25
1.4688,2.6674,-4.2885,-1.4025,-276.43,-134.40,-140.28
1.4694,2.8528,-4.3876,-1.4635,-277.48,-139.51,-136.57
1.4700,3.0407,-4.4828,-1.5201,-277.48,-144.41,-130.76
1.4706,3.2310,-4.5843,-1.5811,-278.25,-150.08,-126.28
1.4712,3.4253,-4.6897,-1.6460,-277.97,-155.82,-120.12
1.4718,3.6214,-4.7926,-1.7041,-278.60,-161.84,-114.45
1.4724,3.8181,-4.8990,-1.7636,-278.25,-168.98,-108.36
1.4729,4.0206,-5.0083,-1.8280,-278.39,-175.28,-101.85
1.4734,4.2227,-5.1250,-1.8856,-278.04,-182.98,-94.85
1.4739,4.4174,-5.2421,-1.9422,-278.04,-190.12,-87.29
1.4744,4.6155,-5.3558,-1.9988,-277.62,-198.38,-80.15
1.4750,4.8161,-5.4646,-2.0564,-276.92,-206.36,-71.40
1.4755,5.0147,-5.5700,-2.2424,-276.78,-215.04,-63.49
1.4760,5.2114,-5.6740,-2.1745,-275.59,-223.72,-54.04
1.4765,5.4105,-5.7735,-2.2321,-274.68,-232.47,-45.29
1.4770,5.6169,-5.8677,-2.2907,-274.19,-242.69,-35.21
1.4776,5.8238,-5.9507,-2.3439,-273.14,-251.16,-25.48
1.4781,6.0317,-6.0336,-2.3975,-271.60,-262.50,-15.05
1.4786,6.2435,-6.1190,-2.4561,-270.55,-271.53,-4.06
1.4791,6.4494,-6.2030,-2.5137,-268.87,-282.80,6.58
1.4796,6.6514,-6.2854,-2.5659,-266.91,-293.16,18.55
1.4802,6.8491,-6.3699,-2.6079,-265.02,-304.92,29.82
1.4807,7.0360,-6.4562,-2.6489,-263.41,-315.28,42.70
1.4812,7.2161,-6.5319,-2.7035,-260.61,-327.32,54.67
1.4817,7.3903,-6.6144,-2.7470,-258.58,-338.45,67.48
1.4822,7.5430,-6.6988,-2.7850,-255.99,-350.35,79.87
1.4828,7.6870,-6.7759,-2.8353,-253.54,-361.97,93.52
1.4837,7.8275,-6.8603,-2.8821,-250.60,-374.01,106.26
1.4846,7.9442,-6.9438,-2.9295,-247.45,-385.98,120.33
1.4855,8.0510,-7.0184,-2.9792,-245.14,-397.53,133.35
1.4863,8.1550,-7.0911,-3.0300,-241.29,-409.22,147.35
1.4872,8.2428,-7.1643,-3.0837,-238.98,-420.98,161.28
1.4881,8.3111,-7.2361,-3.1456,-234.50,-433.23,174.58
1.4890,8.3663,-7.3093,-3.2140,-231.98,-444.36,188.79
1.4899,8.4043,-7.3947,-3.2808,-227.78,-456.68,202.23
1.4908,8.4214,-7.4845,-3.3443,-224.42,-466.20,217.00
1.4917,8.4268,-7.5650,-3.4087,-220.29,-478.24,229.95
1.4926,8.4287,-7.6318,-3.4824,-216.79,-488.46,244.09
1.4935,8.4268,-7.6850,-3.5531,-213.01,-499.45,257.04
1.4944,8.4141,-7.7299,-3.6283,-208.39,-508.83,271.25
1.4953,8.3760,-7.7665,-3.7103,-204.26,-518.98,284.27
1.4962,8.3233,-7.7943,-3.7957,-199.64,-527.73,298.13
1.4971,8.2692,-7.8075,-3.8840,-195.37,-537.11,311.08
1.4980,8.2008,-7.7890,-3.9748,-189.98,-545.58,323.82
1.4989,8.1189,-7.7485,-4.0748,-185.29,-553.56,336.42
1.4998,8.0261,-7.6977,-4.1714,-178.92,-561.19,349.02
1.5007,7.9256,-7.6260,-4.2617,-173.81,-568.33,361.27
1.5009,7.8182,-7.5508,-4.3593,-166.46,-575.26,373.10
1.5011,7.6958,-7.4635,-4.4584,-160.86,-581.35,384.86
1.5014,7.5772,-7.3415,-4.5604,-152.81,-586.74,396.13
1.5016,7.4483,-7.1799,-4.6692,-145.53,-592.06,406.91
1.5019,7.3039,-6.9823,-4.8863,-136.78,-596.26,417.62
1.5021,7.1394,-6.7944,-4.8863,-128.03,-600.95,426.79
1.5023,6.9594,-6.6534,-4.9888,-118.16,-603.40,437.57
1.5026,6.8066,-6.5333,-5.0933,-108.08,-606.48,446.04
1.5028,6.6675,-6.3767,-5.2011,-97.79,-608.37,455.07
1.5031,6.5124,-6.1498,-5.3172,-86.52,-610.12,462.35
1.5033,6.3352,-5.8853,-5.4397,-74.62,-610.68,470.75
1.5035,6.1449,-5.6271,-5.5627,-61.53,-611.38,476.98
1.5038,5.9551,-5.3626,-5.6769,-48.16,-610.75,483.77
1.5040,5.7555,-5.1240,-5.7828,-33.11,-610.40,488.18
1.5042,5.5500,-4.9371,-5.8897,-18.27,-607.95,494.27
1.5045,5.3475,-4.7414,-5.9907,-2.38,-605.99,497.63
1.5047,5.1338,-4.5086,-6.0927,14.21,-602.84,502.11
1.5050,4.9190,-4.2524,-6.1971,30.94,-599.20,504.98
1.5052,4.7072,-3.9733,-6.2952,49.14,-595.07,507.36
1.5054,4.4867,-3.6693,-6.3967,67.97,-590.52,508.27
1.5060,4.2724,-3.3931,-6.5060,87.85,-585.06,509.25
1.5065,4.0665,-3.1447,-6.6085,108.22,-578.83,509.04
1.5070,3.8816,-2.9090,-6.7032,129.99,-571.76,508.69
1.5076,3.5517,-2.4703,-6.8828,151.34,-565.74,506.45
1.5081,3.4058,-2.2394,-6.9711,197.05,-549.85,500.92
1.5087,3.2676,-2.0062,-7.0653,221.27,-541.10,496.44
1.5092,3.1330,-1.7812,-7.1512,245.63,-531.51,492.24
1.5097,2.9988,-1.5645,-7.2346,270.83,-522.76,485.10
1.5103,2.8719,-1.3669,-7.3098,296.87,-512.54,480.06
1.5108,2.7616,-1.1985,-7.3800,322.77,-503.16,470.75
1.5113,2.6547,-1.0224,-7.4479,349.65,-491.96,464.17
1.5119,2.5640,-0.8452,-7.5084,376.46,-482.30,453.11
1.5124,2.4873,-0.6754,-7.5635,404.67,-470.47,445.41
1.5129,2.4141,-0.5095,-7.6143,431.48,-459.48,433.51
1.5135,2.3605,-0.3582,-7.6587,461.09,-447.72,423.99
1.5140,2.3112,-0.2167,-7.6948,488.74,-436.87,411.04
1.5146,2.2712,-0.0864,-7.7260,518.84,-424.34,400.26
1.5151,2.2424,0.0317,-7.7436,546.84,-412.30,386.68
1.5156,2.2160,0.1488,-7.7538,577.29,-400.33,374.57
1.5162,2.2038,0.2533,-7.7602,606.13,-387.38,360.92
1.5174,2.2019,0.3479,-7.7548,636.02,-375.20,347.69
1.5187,2.2419,0.5065,-7.7343,665.77,-362.11,334.04
1.5199,2.2755,0.5578,-7.7070,725.13,-335.93,306.32
1.5211,2.3200,0.6032,-7.6758,754.81,-324.10,290.64
1.5224,2.3692,0.6432,-7.6484,784.70,-309.61,279.02
1.5236,2.4356,0.6769,-7.6172,813.33,-297.50,262.78
1.5249,2.5103,0.7086,-7.5733,843.08,-283.43,251.58
1.5261,2.5903,0.7022,-7.5250,871.57,-270.27,236.25
1.5273,2.6757,0.6749,-7.4786,901.25,-256.83,224.84
1.5286,2.7689,0.6608,-7.4235,928.27,-243.32,210.63
1.5298,2.8714,0.6388,-7.3664,957.18,-229.18,200.76
1.5311,2.9773,0.5929,-7.2956,983.99,-216.09,187.25
1.5323,3.0964,0.5407,-7.2170,1011.64,-202.37,178.22
1.5336,3.2057,0.4826,-7.1370,1037.26,-188.51,165.97
1.5348,3.3428,0.4182,-7.0565,1064.42,-175.28,157.78
1.5360,3.4794,0.3362,-6.9755,1088.99,-160.72,147.70
1.5373,3.6044,0.2352,-6.8881,1114.47,-147.63,140.00
1.5385,3.7395,0.1352,-6.8013,1138.20,-133.42,131.53
1.5398,3.8708,0.0332,-6.7144,1162.14,-120.54,124.74
1.5410,4.0148,-0.0625,-6.6280,1184.82,-106.26,118.65
1.5416,4.3164,-0.2796,-6.4572,1206.66,-93.31,108.43
1.5421,4.4754,-0.3992,-6.3752,1248.24,-66.01,103.25
1.5427,4.6331,-0.5251,-6.2932,1268.82,-52.57,100.80
1.5432,4.8014,-0.6505,-6.2118,1286.88,-38.99,96.95
1.5438,4.9713,-0.7749,-6.1361,1305.50,-26.88,95.34
1.5443,5.1391,-0.8926,-6.0644,1322.51,-13.16,93.24
1.5449,5.3085,-1.0111,-5.9970,1339.31,-1.68,92.26
1.5454,5.4880,-1.1370,-5.9419,1354.85,11.62,91.28
1.5460,5.6759,-1.2644,-5.9004,1369.41,22.33,92.05
1.5465,5.8584,-1.3996,-5.8667,1383.48,35.77,92.19
1.5471,6.0395,-1.5338,-5.8370,1396.57,45.71,93.38
1.5476,6.2235,-1.6621,-5.8096,1409.03,58.38,94.85
1.5482,6.4001,-1.7812,-5.7848,1420.44,68.39,96.53
1.5487,6.5778,-1.8783,-5.7677,1431.22,80.22,99.68
1.5493,6.7549,-1.9662,-5.7599,1440.60,89.11,101.50
1.5498,6.9340,-2.0574,-5.7584,1449.98,100.03,105.49
1.5504,7.1067,-2.1448,-5.7530,1458.38,108.99,107.87
1.5509,7.2732,-2.2131,-5.7535,1465.94,118.79,113.19
1.5515,7.4527,-2.2672,-5.7735,1473.01,127.33,116.34
1.5520,7.6148,-2.3331,-5.7926,1479.31,136.15,121.73
1.5526,7.7670,-2.3863,-5.8092,1485.19,144.34,125.65
1.5532,7.9085,-2.4132,-5.8414,1490.37,152.18,130.83
1.5537,8.0291,-2.4390,-5.8716,1495.27,160.09,135.94
1.5543,8.1545,-2.4434,-5.8989,1498.84,167.16,141.75
1.5548,8.2750,-2.4215,-5.9302,1502.20,174.65,147.63
1.5554,8.3931,-2.4102,-5.9609,1505.91,180.60,152.88
1.5560,8.5112,-2.4024,-5.9912,1508.92,187.88,159.11
1.5565,8.6230,-2.3858,-6.0239,1510.74,193.13,164.71
1.5571,8.7303,-2.3766,-6.0605,1513.40,199.57,171.50
1.5576,8.8260,-2.3639,-6.0902,1514.10,204.54,176.96
1.5582,8.9114,-2.3370,-6.1151,1515.99,210.98,184.38
1.5588,9.0060,-2.3102,-6.1449,1516.06,214.83,189.14
1.5593,9.0997,-2.2834,-6.1805,1517.04,221.20,197.47
1.5599,9.1764,-2.2609,-6.2142,1516.34,224.07,201.32
1.5604,9.2613,-2.2414,-6.2523,1517.32,229.53,209.86
1.5610,9.3520,-2.2341,-6.2986,1515.71,232.96,213.92
1.5616,9.4286,-2.2346,-6.3386,1515.92,237.51,222.25
1.5621,9.5419,-2.1882,-6.4304,1513.47,240.66,226.38
1.5627,9.5907,-2.1457,-6.4772,1510.39,248.22,238.91
1.5633,9.6370,-2.1169,-6.5226,1508.92,250.67,246.05
1.5639,9.6766,-2.0901,-6.5704,1506.82,255.50,251.86
1.5645,9.7044,-2.0535,-6.6280,1504.44,257.46,258.02
1.5651,9.7327,-2.0028,-6.6885,1501.99,262.08,264.53
1.5658,9.7522,-1.9540,-6.7510,1498.70,263.76,269.85
1.5664,9.7610,-1.9052,-6.8056,1496.18,268.66,276.99
1.5670,9.7590,-1.8388,-6.8637,1492.47,270.06,281.40
1.5677,9.7468,-1.7563,-6.9286,1490.44,274.89,289.31
1.5683,9.7302,-1.6631,-6.9882,1486.52,276.71,293.86
1.5689,9.7132,-1.5743,-7.0438,1483.79,281.61,302.12
1.5695,9.7019,-1.5021,-7.0989,1480.36,283.43,306.11
1.5702,9.6966,-1.4357,-7.1585,1477.91,287.70,313.46
1.5708,9.6956,-1.3518,-7.2234,1473.50,290.92,317.73
1.5714,9.6995,-1.2268,-7.2839,1470.77,294.28,325.71
1.5721,9.6829,-1.0912,-7.3390,1467.06,298.06,330.19
1.5727,9.6731,-0.9736,-7.4034,1464.89,301.42,337.82
1.5733,9.6268,-0.7471,-7.5294,1461.46,305.76,342.02
1.5740,9.5799,-0.5910,-7.5874,1455.58,313.60,353.50
1.5746,9.5463,-0.4109,-7.6640,1452.57,315.77,358.54
1.5752,9.5131,-0.2699,-7.7382,1451.03,321.58,364.14
1.5758,9.4687,-0.1176,-7.8119,1447.81,324.03,367.01
1.5779,9.4301,0.0307,-7.8885,1446.34,329.70,371.28
1.5800,9.3589,0.1606,-7.9534,1443.12,332.78,373.10
1.5821,9.2915,0.3192,-8.0164,1442.70,337.96,377.79
1.5842,9.2222,0.4734,-8.0705,1439.41,341.95,377.58
1.5862,9.1324,0.6051,-8.1184,1438.99,347.48,380.87
1.5883,9.0729,0.7496,-8.1706,1435.63,351.75,378.00
1.5904,9.0143,0.8799,-8.2233,1435.98,357.35,379.40
1.5925,8.9402,0.9838,-8.2716,1432.48,362.39,375.90
1.5945,9.4872,1.5035,-9.6282,1432.27,368.34,375.97
1.5966,13.0296,0.9828,-13.4561,1428.07,439.39,340.06
1.5987,3.6751,-7.9964,-3.4082,1775.62,389.76,1362.90
1.6008,3.6751,-15.2188,0.8603,-863.73,468.51,-638.61
1.6029,13.9070,-10.1060,-11.3782,505.68,670.11,-72.52
1.6049,12.0819,4.2139,-15.6643,656.39,155.54,-326.41
1.6070,0.1098,14.6361,-11.5495,2030.35,67.41,799.89
1.6091,-7.7480,15.5335,-11.5495,1152.34,429.24,-413.07
1.6112,3.5043,12.7124,-0.7315,2034.62,235.27,778.19
1.6132,11.5353,-1.0712,3.9674,69.02,437.78,-880.88
1.6153,14.2735,-12.5109,-3.4936,1468.60,336.35,938.21
1.6174,10.6086,-6.6427,-8.1925,13.16,577.50,-857.01
1.6174,3.7215,2.3541,-11.2352,1641.85,257.67,1100.61
1.6175,2.0491,10.2695,-10.9493,116.48,650.23,-1037.19
1.6176,5.4153,10.3183,-7.5411,1690.92,212.80,1043.63
1.6176,9.9698,2.8314,-6.0473,-179.13,700.35,-1035.37
1.6177,10.4998,-5.8609,-6.9247,1560.02,233.94,1005.41
1.6177,7.4918,-7.2112,-7.0150,-370.44,777.07,-791.14
1.6178,5.3358,-2.8343,-9.0480,1482.25,199.50,855.12
1.6178,6.3874,5.8194,-8.9611,-370.65,823.62,-552.58
1.6179,7.5245,9.2359,-9.3027,1501.01,180.04,589.26
1.6179,7.6587,8.0305,-8.2394,-160.09,875.49,-166.04
1.6180,6.1732,4.2754,-8.0003,1293.32,194.18,151.27
1.6180,5.4671,0.7100,-6.9213,159.67,908.53,152.95
1.6181,6.1756,1.1605,-6.9847,1085.14,213.43,-306.60
1.6181,7.3434,3.0812,-7.1897,440.16,917.21,470.26
1.6182,7.6645,6.0585,-7.6904,794.43,258.44,-581.56
1.6182,6.9989,7.2126,-7.7206,877.59,904.12,812.56
1.6183,6.2108,7.7548,-7.6201,516.46,331.73,-777.84
1.6183,5.8501,6.2093,-7.1477,1214.57,860.44,938.21
1.6184,6.1712,5.2079,-6.9804,316.33,428.75,-920.08
1.6184,6.3840,4.2690,-6.8593,1452.64,796.60,1081.15
1.6184,6.3103,5.0298,-6.9711,151.55,551.25,-1037.19
1.6185,5.9604,5.7384,-6.9711,1623.86,720.16,1056.16
1.6185,5.7843,6.7080,-7.0311,140.56,682.71,-986.72
1.6186,5.7999,6.3826,-6.9169,1630.02,634.76,968.24
1.6186,5.9580,5.8619,-6.7730,216.79,814.87,-813.61
1.6187,5.9775,4.7985,-6.4909,1649.55,555.10,824.25
1.6187,5.9570,4.5130,-6.2854,367.71,939.89,-625.94
1.6187,5.9268,4.3720,-6.0780,1456.28,492.10,570.85
1.6188,6.0239,4.7282,-5.9741,599.55,1042.79,-260.33
1.6188,6.1171,4.6833,-5.8253,1329.09,452.97,119.21
1.6189,6.1527,4.5945,-5.6969,842.17,1118.04,63.21
1.6189,6.0898,4.0933,-5.4783,1115.45,446.11,-264.32
1.6190,6.0561,3.7766,-5.1084,1121.75,1160.18,393.47
1.6190,6.1693,3.3340,-5.0108,1400.00,1167.53,728.07
1.6190,6.2508,3.1779,-4.9044,787.64,539.35,-865.76
1.6191,6.3206,3.1154,-4.8419,1536.78,1141.00,849.66
1.6191,6.3469,2.9426,-4.7712,676.62,634.76,-990.50
1.6192,6.4011,2.7860,-4.7282,1698.34,1086.12,971.39
1.6192,6.4611,2.5322,-4.6828,664.02,754.74,-1102.85
1.6192,6.5099,2.3648,-4.6663,1748.25,1013.04,1019.55
1.6193,6.5299,2.1940,-4.6370,641.55,887.53,-1081.99
1.6193,6.5172,2.1370,-4.6336,1755.81,930.02,850.43
1.6194,6.4943,2.0608,-4.6209,701.61,1024.17,-932.75
1.6194,6.5138,1.9774,-4.6126,1704.92,851.13,756.07
1.6194,6.5587,1.8266,-4.5989,794.71,1150.52,-792.82
1.6195,6.5963,1.6753,-4.5833,1640.80,786.10,471.10
1.6195,6.6061,1.4972,-4.5428,889.63,1256.64,-466.41
1.6195,6.6148,1.3361,-4.5062,1516.48,744.10,62.79
1.6196,6.6480,1.1722,-4.4706,1020.04,1333.85,-77.77
1.6196,6.7134,1.0790,-4.4501,1358.28,731.99,-209.30
1.6196,6.7705,0.9872,-4.4340,1169.35,1376.97,184.73
1.6197,6.8271,0.8740,-4.4042,1220.52,752.57,-605.15
1.6197,6.8813,0.7125,-4.3949,1296.26,1384.46,573.02
1.6198,6.9262,0.5617,-4.3949,1053.71,804.16,-871.78
1.6198,6.9784,0.4270,-4.3944,1414.07,1357.65,729.33
1.6198,7.0223,0.3187,-4.4032,916.16,883.75,-1002.89
1.6199,7.0545,0.2377,-4.4266,1501.57,1304.31,847.77
1.6199,7.0677,0.1732,-4.4647,790.65,982.94,-1102.99
1.6199,7.0682,0.1035,-4.5013,1573.53,1231.86,907.34
1.6200,7.0721,0.0493,-4.5379,702.59,1092.35,-1049.72
1.6205,7.0643,-0.0181,-4.5760,1586.76,1150.59,830.48
1.6211,7.0604,-0.0825,-4.6145,651.98,1200.64,-925.12
1.6217,7.0604,-0.1313,-4.6565,1564.99,1071.98,685.65
1.6223,7.0594,-0.1791,-4.6980,643.23,1299.06,-725.62
1.6228,7.0638,-0.2469,-4.7351,1491.77,1005.13,455.84
1.6234,7.0687,-0.3104,-4.7795,676.48,1375.99,-402.29
1.6240,7.0711,-0.3631,-4.8219,1378.58,958.65,176.19
1.6245,7.0662,-0.3919,-4.8595,747.67,1425.83,-91.35
1.6251,7.0487,-0.4163,-4.8966,1234.59,938.56,-152.32
1.6257,7.0252,-0.4543,-4.9347,845.32,1444.24,271.25
1.6262,7.0130,-0.4885,-4.9717,1069.18,945.70,-405.37
1.6268,7.0062,-0.5119,-5.0025,957.18,1432.97,525.77
1.6274,6.9818,-0.5348,-5.0293,900.76,977.55,-613.69
1.6279,6.9520,-0.5558,-5.0445,1067.64,1394.05,768.39
1.6285,6.9252,-0.5627,-5.0596,743.54,1029.98,-746.55
1.6291,6.8959,-0.5558,-5.0698,1160.95,1335.18,919.66
1.6297,6.8730,-0.5578,-5.0723,611.52,1096.97,-768.67
1.6302,6.8335,-0.5705,-5.0713,1223.25,1262.73,954.94
1.6308,6.7769,-0.5836,-5.0625,517.79,1169.56,-704.83
1.6314,6.7412,-0.5739,-5.0586,1244.53,1186.15,916.86
1.6320,6.7105,-0.5466,-5.0581,467.39,1239.07,-560.84
1.6326,6.6671,-0.5153,-5.0532,1222.20,1113.63,795.13
1.6332,6.6134,-0.4875,-5.0513,463.33,1297.38,-353.85
1.6338,6.5524,-0.4607,-5.0459,1158.01,1053.78,619.36
1.6344,6.4904,-0.4255,-5.0415,499.24,1338.47,-107.73
1.6351,6.4074,-0.3889,-5.0318,1060.43,1011.15,414.47
1.6357,6.3157,-0.3616,-5.0113,567.35,1358.21,152.04
1.6363,6.2386,-0.3343,-5.0049,937.79,988.96,201.11
1.6369,6.1503,-0.3011,-4.9991,654.01,1356.04,402.85
1.6375,6.0658,-0.2572,-4.9888,805.35,987.91,7.77
1.6381,5.9751,-0.1986,-4.9786,745.71,1331.61,619.78
1.6388,5.8614,-0.1454,-4.9615,676.62,1005.76,-147.56
1.6394,5.6618,-0.1157,-4.9400,562.31,1037.75,-250.60
1.6400,5.5915,-0.1078,-4.9332,893.76,1234.24,885.08
1.6406,5.5149,-0.0683,-4.9283,472.78,1080.24,-294.21
1.6412,5.4285,-0.0210,-4.9249,931.42,1172.22,920.15
1.6418,5.3499,0.0098,-4.9225,413.21,1124.06,-273.42
1.6424,5.2738,0.0176,-4.9161,939.75,1109.85,890.12
1.6431,5.1967,0.0078,-4.9039,386.33,1165.01,-195.86
1.6437,5.1220,0.0049,-4.8946,916.37,1051.89,800.87
1.6443,5.0615,0.0181,-4.8863,388.15,1197.49,-72.17
1.6448,5.0093,0.0376,-4.8761,865.76,1004.29,668.08
1.6454,4.9547,0.0464,-4.8658,415.52,1216.95,82.81
1.6460,4.9029,0.0425,-4.8571,794.08,971.25,507.78
1.6465,4.8615,0.0464,-4.8556,460.32,1220.59,250.88
1.6471,4.8180,0.0595,-4.8546,708.68,952.00,338.94
1.6477,4.7751,0.0756,-4.8527,515.97,1208.13,415.87
1.6483,4.7277,0.0947,-4.8532,617.47,947.52,179.62
1.6488,4.6887,0.0981,-4.8527,572.74,1180.41,559.93
1.6494,4.6643,0.1039,-4.8468,529.34,956.27,44.59
1.6500,4.6433,0.1279,-4.8429,623.84,1141.28,670.04
1.6505,4.6277,0.1542,-4.8405,449.82,973.70,-54.18
1.6511,4.6116,0.1825,-4.8346,663.46,1093.33,738.57
1.6517,4.5974,0.2118,-4.8341,384.93,995.47,-107.38
1.6523,4.5848,0.2352,-4.8375,686.77,1041.25,757.47
1.6528,4.5750,0.2577,-4.8380,338.52,1018.43,-113.40
1.6534,4.5652,0.2899,-4.8375,690.62,989.38,729.96
1.6540,4.5491,0.3367,-4.8327,312.13,1037.82,-75.46
1.6545,4.5272,0.3914,-4.8263,675.71,941.71,661.36
1.6551,4.5013,0.4392,-4.8292,305.76,1049.16,-0.56
1.6557,4.4706,0.4743,-4.8312,642.25,901.32,559.58
1.6562,4.4457,0.5139,-4.8302,316.68,1050.98,99.82
1.6568,4.4169,0.5544,-4.8288,593.11,870.66,438.48
1.6574,4.3861,0.5856,-4.8278,341.32,1042.16,213.85
1.6579,4.3588,0.6129,-4.8297,533.19,849.94,308.49
1.6585,4.3330,0.6324,-4.8341,374.57,1021.58,327.11
1.6590,4.2598,0.6476,-4.8400,467.11,838.67,184.87
1.6596,4.2134,0.6466,-4.8361,399.70,836.15,78.33
1.6602,4.1626,0.6261,-4.8258,446.46,952.14,503.58
1.6607,4.1197,0.5929,-4.8078,336.70,839.93,-3.01
1.6613,4.0924,0.5446,-4.7907,474.25,908.39,548.59
1.6618,4.0680,0.4968,-4.7746,282.73,846.02,-52.78
1.6624,4.0445,0.4719,-4.7570,489.16,862.33,558.81
1.6629,4.0187,0.4485,-4.7375,240.66,851.83,-69.30
1.6635,3.9909,0.4187,-4.7141,490.63,817.04,534.66
1.6641,3.9640,0.3870,-4.6941,212.45,854.77,-54.95
1.6646,3.9377,0.3421,-4.6780,476.70,775.18,479.08
1.6652,3.9138,0.2904,-4.6594,199.99,852.60,-13.86
1.6657,3.8923,0.2552,-4.6404,446.74,739.62,399.98
1.6663,3.8650,0.2411,-4.6223,199.78,843.78,47.53
1.6668,3.8269,0.2479,-4.6126,403.97,710.08,304.99
1.6673,3.7888,0.2552,-4.6043,210.91,827.26,119.91
1.6678,3.7556,0.2479,-4.5994,352.87,688.94,204.75
1.6683,3.7283,0.2362,-4.5999,229.32,803.25,193.48
1.6688,3.7020,0.2201,-4.6062,296.45,674.80,108.57
1.6693,3.6751,0.2186,-4.6062,250.46,773.01,260.40
1.6698,3.6385,0.2303,-4.6184,239.47,665.91,25.83
1.6703,3.5995,0.2352,-4.6340,270.55,737.45,313.60
1.6708,3.5604,0.2381,-4.6497,186.48,661.71,-37.10
1.6713,3.5229,0.2357,-4.6633,285.18,699.44,346.92
1.6718,3.4843,0.2303,-4.6746,141.12,659.75,-75.60
1.6723,3.4419,0.2269,-4.6858,291.97,660.66,358.47
1.6728,3.3994,0.2362,-4.7004,106.05,657.65,-87.64
1.6733,3.3604,0.2528,-4.7170,288.19,623.42,348.18
1.6738,3.3223,0.2586,-4.7331,82.53,653.94,-75.18
1.6743,3.2735,0.2621,-4.7429,273.56,589.89,317.10
1.6748,3.2291,0.2621,-4.7512,71.12,646.66,-41.09
1.6753,3.1857,0.2557,-4.7580,248.71,561.19,270.48
1.6758,3.1393,0.2464,-4.7546,70.42,634.83,9.66
1.6763,3.0910,0.2362,-4.7473,215.53,537.53,213.64
1.6783,3.0437,0.2269,-4.7380,77.42,618.52,70.49
1.6803,3.0012,0.2206,-4.7287,176.40,519.82,152.81
1.6824,2.9612,0.2191,-4.7234,89.81,597.73,134.96
1.6844,2.9221,0.2133,-4.7141,134.54,507.43,94.01
1.6864,2.8797,0.2059,-4.7048,103.95,572.04,195.02
1.6885,2.8353,0.1962,-4.6897,93.59,499.38,44.10
1.6905,2.7889,0.1791,-4.6750,117.39,544.67,245.98
1.6925,2.7455,0.1674,-4.6624,55.51,495.04,8.47
1.6946,2.7050,0.1659,-4.6458,127.05,514.85,282.38
1.6966,2.6630,0.1630,-4.6326,22.96,491.19,-11.41
1.6986,2.6210,0.1630,-4.6189,130.62,485.94,302.82
1.7007,2.5786,0.1620,-4.6057,-1.82,487.62,-13.44
1.7027,2.5322,0.1581,-4.5935,126.91,458.50,306.04
1.7047,2.4864,0.1581,-4.5789,-18.62,482.72,1.68
1.7068,2.4415,0.1566,-4.5672,116.13,433.51,293.44
1.7088,2.3951,0.1576,-4.5555,-27.02,475.93,31.57
1.7108,2.3517,0.1635,-4.5374,98.21,412.23,266.91
1.7129,2.3063,0.1688,-4.5252,-28.35,465.78,72.87
1.7149,2.2604,0.1723,-4.5164,74.34,395.43,231.63
1.7169,2.2165,0.1776,-4.5013,-24.22,452.20,120.33
1.7170,2.1794,0.1869,-4.4769,46.97,382.62,191.10
1.7170,2.1082,0.2098,-4.4652,16.80,373.38,150.92
1.7171,2.0803,0.2216,-4.4520,-6.44,416.64,215.18
1.7171,2.0511,0.2425,-4.4369,-12.74,366.94,115.22
1.7172,2.0276,0.2616,-4.4257,2.66,395.57,253.12
1.7173,2.0062,0.2796,-4.4101,-40.32,363.37,87.99
1.7173,1.9837,0.2996,-4.3959,9.52,373.52,280.56
1.7174,1.9637,0.3162,-4.3876,-63.63,359.38,71.05
1.7174,1.9457,0.3362,-4.3739,12.60,352.24,295.19
1.7175,1.9271,0.3567,-4.3574,-81.41,355.53,66.29
1.7175,1.9095,0.3792,-4.3486,10.57,331.87,296.31
1.7176,1.8920,0.4016,-4.3388,-93.59,350.70,73.08
1.7176,1.8720,0.4177,-4.3242,3.57,312.83,285.25
1.7177,1.8544,0.4392,-4.3100,-99.75,344.26,90.44
1.7177,1.8334,0.4670,-4.2978,-8.33,297.01,263.76
1.7178,1.8110,0.4856,-4.2861,-100.66,335.16,115.85
1.7178,1.7905,0.5017,-4.2729,-24.50,284.34,234.71
1.7179,1.7724,0.5217,-4.2622,-97.02,323.96,145.88
1.7179,1.7548,0.5402,-4.2505,-43.75,273.84,202.09
1.7180,1.7368,0.5549,-4.2358,-90.02,310.52,177.45
1.7181,1.7178,0.5714,-4.2192,-64.19,266.35,168.91
1.7182,1.6777,0.6071,-4.2012,-81.76,294.56,206.85
1.7183,1.6543,0.6285,-4.1875,-73.78,279.02,231.70
1.7185,1.6314,0.6476,-4.1734,-103.39,256.06,114.17
1.7186,1.6075,0.6656,-4.1670,-67.20,261.66,249.20
1.7187,1.5787,0.6847,-4.1534,-119.07,252.70,98.00
1.7188,1.5509,0.7027,-4.1368,-63.28,245.35,258.02
1.7190,1.5221,0.7169,-4.1265,-130.62,248.92,90.93
1.7191,1.4943,0.7296,-4.1153,-63.07,230.51,257.39
1.7192,1.4689,0.7408,-4.1036,-137.83,244.72,92.96
1.7193,1.4401,0.7520,-4.0885,-66.22,216.79,248.43
1.7194,1.4098,0.7662,-4.0728,-140.77,239.54,103.11
1.7196,1.3747,0.7803,-4.0606,-72.80,205.24,231.49
1.7197,1.3410,0.7920,-4.0494,-139.79,233.03,120.19
1.7198,1.3093,0.8032,-4.0372,-82.67,196.49,210.28
1.7199,1.2727,0.8140,-4.0216,-135.17,225.12,141.26
1.7200,1.2385,0.8228,-4.0050,-94.22,189.21,186.20
1.7202,1.2063,0.8316,-3.9933,-128.24,215.39,164.01
1.7203,1.1751,0.8374,-3.9782,-106.96,185.15,162.19
1.7204,1.1414,0.8403,-3.9582,-120.26,204.89,185.78
1.7210,1.1039,0.8398,-3.9255,-119.56,182.14,140.56
1.7216,1.0404,0.8423,-3.9089,-131.39,179.41,123.06
1.7222,1.0048,0.8447,-3.8884,-105.56,183.54,218.54
1.7228,0.9711,0.8418,-3.8694,-140.98,178.64,111.79
1.7234,0.9404,0.8418,-3.8493,-100.66,172.97,226.24
1.7240,0.9082,0.8428,-3.8264,-147.49,177.45,106.82
1.7246,0.8804,0.8374,-3.8093,-98.63,163.31,227.29
1.7252,0.8506,0.8359,-3.7922,-151.34,175.91,108.71
1.7258,0.8198,0.8384,-3.7708,-99.05,155.33,222.18
1.7264,0.7954,0.8345,-3.7493,-152.11,173.32,116.97
1.7270,0.7710,0.8316,-3.7293,-102.13,149.03,211.82
1.7276,0.7442,0.8276,-3.7112,-150.08,169.47,128.94
1.7282,0.7227,0.8296,-3.6976,-107.38,143.85,197.47
1.7288,0.7008,0.8320,-3.6810,-145.46,165.41,145.04
1.7294,0.6739,0.8320,-3.6580,-114.66,140.63,180.81
1.7299,0.6510,0.8325,-3.6376,-139.09,159.88,161.77
1.7305,0.6300,0.8345,-3.6190,-122.78,138.39,163.80
1.7311,0.6056,0.8359,-3.6010,-132.30,153.65,178.50
1.7317,0.5841,0.8345,-3.5809,-130.48,137.27,148.40
1.7323,0.5675,0.8350,-3.5585,-125.37,147.00,192.08
1.7329,0.5339,0.8462,-3.5190,-137.83,137.27,135.52
1.7335,0.5153,0.8516,-3.5043,-143.36,136.64,127.19
1.7341,0.4963,0.8506,-3.4838,-114.45,133.49,208.60
1.7348,0.4817,0.8525,-3.4658,-146.93,136.71,123.34
1.7354,0.4704,0.8574,-3.4487,-111.65,127.40,209.93
1.7360,0.4514,0.8589,-3.4292,-148.75,135.87,123.97
1.7366,0.4372,0.8555,-3.4043,-110.53,121.80,206.50
1.7372,0.4309,0.8545,-3.3828,-148.05,134.26,128.59
1.7378,0.4202,0.8569,-3.3609,-111.58,117.74,199.08
1.7384,0.4094,0.8594,-3.3404,-145.18,131.88,137.27
1.7390,0.3943,0.8652,-3.3208,-113.75,113.54,188.44
1.7396,0.3811,0.8711,-3.3003,-141.12,128.59,147.63
1.7402,0.3694,0.8706,-3.2813,-117.46,111.30,175.77
1.7408,0.3567,0.8721,-3.2574,-135.52,124.32,159.18
1.7414,0.3509,0.8760,-3.2369,-121.73,109.13,162.89
1.7420,0.3416,0.8755,-3.2179,-129.43,119.21,170.66
1.7426,0.3338,0.8794,-3.1984,-125.79,107.31,150.57
1.7432,0.3279,0.8901,-3.1774,-123.20,113.82,180.39
1.7438,0.3211,0.8960,-3.1505,-130.13,106.47,140.77
1.7444,0.3167,0.9018,-3.1334,-117.25,108.15,187.39
1.7450,0.3109,0.9091,-3.1193,-133.00,104.93,133.28
1.7455,0.3035,0.9160,-3.0973,-112.07,101.99,191.17
1.7460,0.2991,0.9257,-3.0754,-134.33,103.88,129.71
1.7466,0.2948,0.9360,-3.0598,-108.43,96.39,191.52
1.7471,0.2904,0.9423,-3.0456,-134.33,101.71,129.36
1.7476,0.2865,0.9453,-3.0232,-106.12,91.21,188.72
1.7482,0.2816,0.9487,-3.0046,-132.72,99.33,131.81
1.7487,0.2782,0.9526,-2.9875,-105.21,86.03,182.56
1.7492,0.2782,0.9579,-2.9675,-129.15,95.76,136.85
1.7498,0.2743,0.9672,-2.9495,-105.63,81.55,174.30
1.7503,0.2679,0.9726,-2.9324,-124.46,91.77,144.20
1.7508,0.2650,0.9750,-2.9119,-106.96,77.84,164.64
1.7513,0.2630,0.9867,-2.8899,-118.79,86.80,151.62
1.7519,0.2572,0.9965,-2.8699,-108.43,74.20,154.70
1.7524,0.2513,1.0009,-2.8485,-112.91,81.27,159.25
1.7529,0.2455,1.0067,-2.8084,-110.25,71.26,145.32
1.7535,0.2416,1.0180,-2.7889,-111.51,68.67,137.62
1.7540,0.2377,1.0233,-2.7704,-101.64,68.39,169.54
1.7545,0.2342,1.0307,-2.7470,-112.14,66.29,131.95
1.7551,0.2303,1.0365,-2.7240,-96.25,62.51,171.99
1.7557,0.2259,1.0399,-2.7030,-111.44,62.65,128.17
1.7564,0.2176,1.0424,-2.6820,-92.75,55.58,171.78
1.7570,0.2157,1.0512,-2.6659,-109.83,59.29,127.19
1.7577,0.2152,1.0609,-2.6450,-89.74,49.70,168.84
1.7583,0.2084,1.0668,-2.6240,-107.73,54.95,128.31
1.7590,0.2050,1.0746,-2.6054,-87.57,43.82,164.01
1.7596,0.2020,1.0775,-2.5849,-103.60,50.89,131.25
1.7603,0.1981,1.0785,-2.5630,-86.52,38.43,157.71
1.7609,0.1957,1.0785,-2.5410,-99.26,45.57,135.80
1.7616,0.1932,1.0741,-2.5200,-86.17,33.74,150.71
1.7623,0.1923,1.0746,-2.5005,-94.43,39.69,140.56
1.7629,0.1908,1.0751,-2.4776,-86.17,29.12,143.01
1.7636,0.1874,1.0780,-2.4522,-89.25,33.18,145.39
1.7642,0.1869,1.0829,-2.4132,-86.03,25.06,136.01
1.7649,0.1913,1.0770,-2.3917,-86.03,21.56,130.62
1.7655,0.1923,1.0829,-2.3727,-79.10,19.81,152.67
1.7662,0.1952,1.0912,-2.3536,-85.89,17.08,125.72
1.7668,0.1937,1.0941,-2.3302,-74.90,13.51,154.21
1.7675,0.1908,1.0917,-2.3092,-84.98,12.18,122.92
1.7681,0.1908,1.0887,-2.2897,-70.91,6.58,153.72
1.7686,0.1942,1.0887,-2.2697,-83.58,7.91,122.22
1.7691,0.1942,1.0931,-2.2492,-68.32,0.07,151.90
1.7695,0.1942,1.0960,-2.2282,-80.92,2.94,122.99
1.7700,0.1942,1.0970,-2.2062,-66.29,-6.02,148.75
1.7705,0.1962,1.0990,-2.1828,-77.91,-2.38,125.09
1.7710,0.1957,1.1000,-2.1618,-64.96,-11.90,144.20
1.7714,0.1932,1.1039,-2.1428,-74.20,-8.12,128.38
1.7719,0.1957,1.1078,-2.1194,-64.47,-17.08,139.44
1.7724,0.1972,1.1102,-2.0979,-70.35,-13.58,132.16
1.7728,0.1937,1.1112,-2.0755,-63.63,-22.12,134.54
1.7733,0.1928,1.1092,-2.0550,-66.36,-19.95,135.52
1.7738,0.1928,1.1136,-2.0379,-63.63,-26.95,129.57
1.7743,0.1908,1.1200,-1.9915,-62.16,-26.46,138.39
1.7747,0.1840,1.1224,-1.9681,-58.38,-32.62,140.63
1.7752,0.1815,1.1224,-1.9486,-62.93,-36.05,121.87
1.7757,0.1820,1.1229,-1.9300,-55.23,-38.78,141.61
1.7761,0.1757,1.1239,-1.9115,-62.51,-40.74,119.35
1.7766,0.1659,1.1219,-1.8905,-52.64,-44.94,141.12
1.7771,0.1596,1.1195,-1.8686,-61.60,-45.64,117.88
1.7776,0.1542,1.1170,-1.8466,-50.47,-51.24,139.16
1.7797,0.1484,1.1151,-1.8241,-59.99,-50.05,117.88
1.7818,0.1420,1.1156,-1.8017,-48.93,-57.12,135.73
1.7840,0.1371,1.1136,-1.7773,-58.03,-54.67,118.51
1.7861,0.1347,1.1107,-1.7544,-48.65,-61.67,131.81
1.7882,0.1235,1.1107,-1.7339,-55.93,-59.78,119.49
1.7904,0.1147,1.1097,-1.7104,-48.51,-66.99,126.98
1.7925,0.1103,1.1082,-1.6904,-53.27,-65.17,120.26
1.7946,0.1039,1.1058,-1.6729,-49.07,-71.33,121.94
1.7968,0.0947,1.0985,-1.6480,-50.54,-69.86,121.73
1.7989,0.0854,1.0951,-1.6255,-49.63,-75.88,116.76
1.8010,0.0820,1.0980,-1.6060,-48.44,-75.18,122.36
1.8032,0.0776,1.0951,-1.5840,-50.19,-79.94,111.86
1.8053,0.0708,1.0897,-1.5636,-46.13,-80.64,121.87
1.8074,0.0664,1.0921,-1.5470,-51.03,-83.02,108.22
1.8095,0.0644,1.0902,-1.5240,-45.08,-85.75,120.61
1.8117,0.0600,1.0834,-1.4991,-50.54,-87.08,104.93
1.8138,0.0532,1.0804,-1.4801,-44.17,-90.51,118.79
1.8159,0.0434,1.0780,-1.4606,-50.68,-90.79,102.55
1.8181,0.0390,1.0746,-1.4411,-43.33,-95.13,116.13
1.8202,0.0376,1.0707,-1.4215,-50.54,-94.64,100.80
1.8203,0.0371,1.0682,-1.3996,-43.47,-99.05,112.91
1.8203,0.0332,1.0677,-1.3806,-49.77,-98.14,99.68
1.8204,0.0264,1.0648,-1.3591,-43.47,-103.25,108.64
1.8204,0.0224,1.0599,-1.3366,-48.79,-101.71,98.98
1.8205,0.0205,1.0565,-1.3205,-44.31,-106.54,104.51
1.8205,0.0166,1.0526,-1.3005,-48.09,-105.63,98.70
1.8206,0.0088,1.0502,-1.2776,-45.22,-110.25,99.68
1.8206,0.0039,1.0448,-1.2566,-46.90,-109.27,98.56
1.8206,0.0024,1.0390,-1.2337,-46.83,-113.26,95.48
1.8207,-0.0005,1.0360,-1.2146,-45.99,-112.91,98.07
1.8207,-0.0024,1.0311,-1.1927,-47.60,-116.20,90.93
1.8208,-0.0029,1.0248,-1.1732,-45.57,-116.76,97.65
1.8208,-0.0039,1.0180,-1.1580,-48.79,-118.79,87.99
1.8209,-0.0020,1.0160,-1.1405,-45.01,-120.47,96.53
1.8209,-0.0029,1.0160,-1.1224,-49.35,-121.52,85.05
1.8210,-0.0073,1.0106,-1.1004,-45.15,-123.62,94.99
1.8210,-0.0107,1.0053,-1.0809,-49.91,-124.25,82.53
1.8211,-0.0112,1.0033,-1.0658,-45.64,-126.63,92.82
1.8211,-0.0088,0.9984,-1.0512,-50.54,-126.56,81.48
1.8212,-0.0063,0.9941,-1.0326,-45.85,-130.06,90.37
1.8212,-0.0063,0.9936,-1.0175,-50.75,-129.15,80.43
1.8213,-0.0059,0.9936,-0.9984,-46.90,-132.65,87.71
1.8213,-0.0010,0.9941,-0.9804,-50.82,-131.95,80.36
1.8213,0.0010,0.9892,-0.9658,-47.95,-134.96,84.70
1.8214,-0.0034,0.9862,-0.9496,-50.68,-134.61,80.15
1.8214,-0.0010,0.9921,-0.9311,-49.07,-137.69,81.69
1.8214,0.0029,0.9926,-0.9150,-50.54,-137.27,80.64
1.8215,-0.0024,0.9926,-0.9018,-50.12,-139.51,78.89
1.8215,0.0010,0.9867,-0.8701,-50.82,-140.21,80.78
1.8215,0.0010,0.9897,-0.8530,-50.75,-142.38,81.27
1.8216,0.0000,0.9931,-0.8403,-52.64,-143.71,74.06
1.8216,0.0015,0.9936,-0.8286,-50.68,-145.11,80.78
1.8216,0.0020,0.9955,-0.8154,-53.20,-146.09,72.03
1.8217,0.0044,0.9926,-0.7954,-50.96,-147.56,80.57
1.8217,0.0083,0.9892,-0.7788,-54.32,-148.05,71.05
1.8218,0.0088,0.9882,-0.7637,-51.52,-149.66,79.24
1.8218,0.0083,0.9906,-0.7476,-54.88,-150.36,70.70
1.8218,0.0102,0.9921,-0.7335,-52.01,-152.53,77.35
1.8219,0.0132,0.9892,-0.7139,-55.65,-151.76,70.77
1.8219,0.0171,0.9906,-0.6964,-52.57,-154.56,75.46
1.8219,0.0195,0.9916,-0.6783,-56.21,-154.14,70.91
1.8220,0.0210,0.9921,-0.6598,-53.62,-156.66,73.50
1.8220,0.0264,0.9877,-0.6461,-56.14,-156.59,70.49
1.8220,0.0317,0.9853,-0.6300,-54.88,-158.20,71.47
1.8221,0.0351,0.9911,-0.6090,-56.28,-158.76,70.84
1.8221,0.0400,0.9897,-0.5939,-55.93,-160.37,69.30
1.8221,0.0439,0.9911,-0.5812,-56.49,-161.14,70.77
1.8221,0.0478,0.9965,-0.5519,-56.77,-162.75,66.99
1.8222,0.0586,0.9960,-0.5344,-58.10,-164.50,65.17
1.8222,0.0649,0.9989,-0.5173,-56.42,-165.69,69.58
1.8222,0.0698,1.0028,-0.5041,-59.15,-166.39,63.56
1.8223,0.0781,1.0043,-0.4924,-56.56,-167.93,68.53
1.8223,0.0869,1.0106,-0.4787,-59.78,-168.42,62.23
1.8223,0.0917,1.0175,-0.4675,-57.19,-170.52,67.13
1.8224,0.0947,1.0160,-0.4568,-60.13,-170.66,60.90
1.8224,0.1015,1.0141,-0.4431,-57.68,-172.76,65.24
1.8224,0.1098,1.0150,-0.4309,-60.34,-172.83,59.57
1.8224,0.1152,1.0185,-0.4197,-58.38,-174.93,63.14
1.8225,0.1215,1.0224,-0.4070,-60.55,-175.07,58.45
1.8225,0.1249,1.0199,-0.3982,-59.29,-176.89,60.83
1.8231,0.1318,1.0199,-0.3928,-60.62,-177.45,57.47
1.8236,0.1371,1.0253,-0.3821,-59.85,-179.69,58.17
1.8242,0.1401,1.0268,-0.3704,-60.48,-179.97,56.56
1.8247,0.1493,1.0287,-0.3611,-60.41,-181.93,55.30
1.8253,0.1586,1.0316,-0.3548,-60.69,-182.28,55.09
1.8258,0.1654,1.0341,-0.3460,-60.97,-184.31,52.57
1.8264,0.1732,1.0341,-0.3362,-60.69,-185.15,53.69
1.8270,0.1806,1.0360,-0.3304,-61.67,-186.69,49.77
1.8275,0.1859,1.0360,-0.3235,-60.41,-187.32,52.64
1.8281,0.1913,1.0350,-0.3148,-62.37,-189.35,47.04
1.8286,0.1991,1.0370,-0.3055,-60.27,-189.84,50.96
1.8292,0.2123,1.0350,-0.2957,-62.37,-191.52,44.66
1.8297,0.2250,1.0326,-0.2816,-60.34,-192.43,49.28
1.8303,0.2347,1.0307,-0.2679,-62.65,-193.90,42.70
1.8308,0.2445,1.0277,-0.2635,-60.48,-195.37,46.48
1.8314,0.2547,1.0287,-0.2591,-62.51,-196.28,40.60
1.8320,0.2635,1.0311,-0.2508,-60.69,-198.31,43.82
1.8325,0.2728,1.0307,-0.2430,-62.30,-198.66,39.06
1.8331,0.2835,1.0272,-0.2352,-60.97,-200.90,41.51
1.8336,0.2923,1.0253,-0.2289,-62.09,-201.74,37.59
1.8342,0.3016,1.0268,-0.2206,-60.90,-203.77,38.64
1.8349,0.3089,1.0243,-0.2103,-61.88,-204.40,36.33
1.8355,0.3167,1.0185,-0.2025,-61.11,-206.08,35.84
1.8361,0.3255,1.0155,-0.1942,-61.60,-206.78,35.07
1.8367,0.3289,1.0150,-0.1874,-60.83,-209.30,33.11
1.8373,0.3377,1.0077,-0.1810,-61.53,-209.86,33.39
1.8380,0.3475,1.0004,-0.1732,-61.18,-211.75,30.59
1.8386,0.3533,0.9936,-0.1664,-60.83,-212.94,32.13
1.8392,0.3636,0.9838,-0.1625,-61.32,-214.48,28.07
1.8398,0.3738,0.9794,-0.1552,-60.48,-215.74,30.87
1.8405,0.3826,0.9804,-0.1469,-61.39,-216.51,26.53
1.8411,0.3894,0.9745,-0.1435,-59.99,-218.61,29.19
1.8417,0.3977,0.9648,-0.1366,-61.32,-219.52,25.13
1.8423,0.4085,0.9594,-0.1322,-59.85,-221.48,27.30
1.8429,0.4177,0.9531,-0.1313,-61.18,-222.67,23.59
1.8436,0.4260,0.9462,-0.1244,-59.71,-224.77,25.97
1.8442,0.4314,0.9414,-0.1225,-60.69,-224.91,22.54
1.8448,0.4387,0.9335,-0.1171,-59.85,-227.22,24.22
1.8454,0.4504,0.9252,-0.1088,-60.41,-228.06,21.91
1.8461,0.4582,0.9218,-0.1064,-59.36,-229.88,22.68
1.8466,0.4631,0.9135,-0.0996,-60.20,-230.72,21.56
1.8472,0.4680,0.9013,-0.0966,-59.43,-232.89,21.00
1.8478,0.4768,0.8935,-0.0927,-59.78,-232.82,21.63
1.8484,0.4992,0.8740,-0.0756,-59.57,-235.83,19.46
1.8489,0.5056,0.8579,-0.0747,-59.36,-238.07,18.90
1.8495,0.5144,0.8452,-0.0698,-59.08,-238.98,20.58
1.8501,0.5226,0.8398,-0.0649,-59.64,-240.80,18.48
1.8506,0.5329,0.8335,-0.0581,-59.01,-241.64,20.30
1.8512,0.5451,0.8189,-0.0537,-59.57,-243.11,17.85
1.8518,0.5549,0.8037,-0.0512,-58.80,-244.58,20.30
1.8524,0.5607,0.7891,-0.0405,-59.50,-245.42,18.06
1.8529,0.5675,0.7774,-0.0356,-58.59,-247.45,20.37
1.8535,0.5788,0.7676,-0.0342,-59.64,-248.08,18.13
1.8541,0.5895,0.7554,-0.0278,-59.29,-249.97,20.09
1.8547,0.6002,0.7398,-0.0190,-59.85,-250.88,18.83
1.8552,0.6056,0.7276,-0.0127,-59.29,-252.70,20.30
1.8558,0.6100,0.7169,-0.0068,-59.64,-253.19,19.25
1.8564,0.6193,0.7027,0.0015,-59.29,-255.50,20.09
1.8570,0.6237,0.6939,0.0063,-59.99,-255.99,20.02
1.8575,0.6276,0.6842,0.0117,-59.71,-258.02,20.65
1.8581,0.6364,0.6695,0.0171,-60.55,-258.58,21.00
1.8587,0.6432,0.6573,0.0190,-60.34,-259.70,21.28
1.8593,0.6466,0.6461,0.0400,-60.69,-261.24,21.84
1.8600,0.6505,0.6349,0.0400,-60.97,-261.94,21.98
1.8606,0.6568,0.6261,0.0473,-61.04,-263.27,22.82
1.8612,0.6598,0.6129,0.0542,-61.46,-264.32,22.40
1.8618,0.6612,0.5983,0.0576,-61.74,-266.00,23.66
1.8624,0.6656,0.5895,0.0610,-62.30,-266.84,23.24
1.8630,0.6656,0.5827,0.0683,-62.44,-268.17,24.85
1.8636,0.6695,0.5705,0.0771,-63.07,-269.50,23.59
1.8642,0.6783,0.5583,0.0815,-63.21,-270.20,26.04
1.8648,0.6847,0.5495,0.0854,-63.91,-271.32,24.36
1.8654,0.6891,0.5407,0.0908,-63.91,-272.72,26.74
1.8660,0.6954,0.5348,0.0947,-64.61,-273.42,25.83
1.8666,0.7003,0.5270,0.1010,-64.82,-274.26,27.51
1.8672,0.7022,0.5148,0.1098,-65.94,-275.66,26.95
1.8678,0.7066,0.5095,0.1176,-66.01,-276.92,28.00
1.8684,0.7100,0.5007,0.1230,-66.85,-277.13,28.14
1.8690,0.7139,0.4870,0.1283,-66.99,-278.39,28.84
1.8696,0.7174,0.4763,0.1381,-67.69,-279.58,29.33
1.8719,0.7208,0.4699,0.1596,-68.53,-280.49,29.54
1.8742,0.7354,0.4460,0.1693,-69.72,-282.38,30.31
1.8766,0.7388,0.4397,0.1850,-70.35,-283.29,31.01
1.8789,0.7418,0.4294,0.1996,-70.91,-283.64,31.15
1.8812,0.7466,0.4177,0.2094,-72.17,-284.97,31.43
1.8836,0.7525,0.4114,0.2196,-72.52,-285.60,31.85
1.8859,0.7559,0.4065,0.2347,-73.36,-286.37,32.55
1.8882,0.7613,0.4026,0.2513,-73.99,-287.56,32.20
1.8905,0.7676,0.3972,0.2625,-75.04,-288.54,33.11
1.8929,0.7749,0.3875,0.2718,-75.81,-289.03,33.25
1.8952,0.7852,0.3787,0.2821,-76.44,-289.66,33.46
1.8975,0.7930,0.3753,0.2991,-77.28,-290.71,33.74
1.8998,0.8037,0.3709,0.3162,-78.26,-291.34,34.09
1.9022,0.8154,0.3699,0.3270,-78.82,-291.97,34.65
1.9045,0.8198,0.3665,0.3392,-79.87,-292.88,34.65
1.9068,0.8267,0.3597,0.3499,-80.78,-293.44,35.00
1.9091,0.8389,0.3587,0.3636,-81.55,-294.07,35.42
1.9115,0.8491,0.3592,0.3762,-82.18,-295.40,35.35
1.9138,0.8579,0.3553,0.3875,-83.37,-295.47,36.05
1.9161,0.8682,0.3528,0.4114,-84.28,-296.59,36.47
1.9162,0.8857,0.3562,0.4216,-85.61,-297.50,37.38
1.9162,0.8955,0.3533,0.4372,-87.08,-298.76,36.96
1.9163,0.9077,0.3523,0.4465,-87.64,-298.69,38.08
1.9163,0.9209,0.3538,0.4524,-88.90,-299.46,37.66
1.9164,0.9257,0.3514,0.4646,-89.60,-300.16,38.78
1.9164,0.9399,0.3421,0.4758,-89.11,-299.67,38.36
1.9165,0.9628,0.3401,0.4895,-91.07,-302.75,40.18
1.9165,0.9755,0.3387,0.5051,-91.70,-300.72,39.20
1.9166,0.9911,0.3367,0.5129,-92.96,-304.43,40.60
1.9166,1.0116,0.3382,0.5217,-93.94,-302.19,40.04
1.9167,1.0277,0.3323,0.5368,-95.48,-305.20,41.65
1.9167,1.0433,0.3289,0.5505,-95.27,-303.45,41.02
1.9168,1.0604,0.3260,0.5588,-97.51,-306.18,42.07
1.9168,1.0775,0.3206,0.5700,-96.67,-304.64,42.84
1.9169,1.0990,0.3201,0.5836,-100.80,-308.14,42.63
1.9169,1.1161,0.3177,0.5983,-98.21,-304.71,43.68
1.9170,1.1297,0.3148,0.6120,-102.48,-309.61,43.96
1.9170,1.1468,0.3128,0.6227,-99.82,-306.25,44.94
1.9171,1.1644,0.3104,0.6388,-104.09,-309.89,44.94
1.9171,1.1814,0.3104,0.6500,-101.50,-308.63,46.41
1.9171,1.1966,0.3104,0.6549,-105.98,-310.87,45.36
1.9172,1.2132,0.3079,0.6695,-103.53,-309.96,48.09
1.9172,1.2312,0.3035,0.6817,-107.31,-311.36,46.55
1.9172,1.2483,0.2996,0.6915,-106.12,-311.71,49.49
1.9173,1.2649,0.3001,0.7032,-108.99,-312.13,47.88
1.9173,1.2820,0.2987,0.7144,-108.71,-313.18,50.89
1.9173,1.2995,0.2952,0.7257,-110.18,-313.25,49.00
1.9174,1.3156,0.2928,0.7340,-110.88,-313.95,51.87
1.9174,1.3283,0.2889,0.7457,-111.37,-314.16,50.82
1.9174,1.3444,0.2826,0.7564,-112.77,-315.28,53.13
1.9175,1.3640,0.2791,0.7642,-113.82,-315.14,52.43
1.9175,1.3771,0.2747,0.7715,-113.75,-316.12,54.74
1.9176,1.3879,0.2713,0.7818,-116.13,-315.84,53.69
1.9176,1.4059,0.2708,0.7891,-115.50,-317.66,55.58
1.9176,1.4220,0.2640,0.7950,-118.02,-317.10,55.72
1.9177,1.4328,0.2621,0.8111,-117.32,-318.50,56.98
1.9177,1.4455,0.2635,0.8257,-119.77,-318.29,57.54
1.9177,1.4552,0.2582,0.8306,-119.00,-319.13,58.38
1.9178,1.4650,0.2567,0.8369,-121.45,-318.78,59.50
1.9178,1.4738,0.2572,0.8491,-121.52,-320.39,59.08
1.9181,1.4850,0.2557,0.8584,-122.85,-319.97,61.25
1.9184,1.4977,0.2552,0.8672,-123.41,-321.23,60.76
1.9187,1.5069,0.2528,0.8760,-124.18,-320.32,62.79
1.9190,1.5157,0.2518,0.8857,-126.14,-321.86,62.09
1.9194,1.5260,0.2552,0.8955,-125.51,-321.37,64.12
1.9197,1.5323,0.2586,0.9028,-127.75,-322.49,63.91
1.9200,1.5401,0.2586,0.9096,-127.12,-322.14,65.52
1.9203,1.5455,0.2591,0.9174,-130.06,-322.49,65.38
1.9206,1.5455,0.2616,0.9301,-128.73,-323.19,66.85
1.9209,1.5514,0.2630,0.9360,-131.67,-323.12,66.71
1.9212,1.5553,0.2596,0.9394,-130.55,-323.82,68.25
1.9215,1.5577,0.2596,0.9457,-132.93,-322.63,68.11
1.9219,1.5655,0.2640,0.9501,-132.37,-324.17,69.51
1.9222,1.5684,0.2664,0.9521,-134.12,-323.19,69.30
1.9225,1.5694,0.2645,0.9584,-134.75,-324.31,70.35
1.9228,1.5728,0.2640,0.9672,-135.38,-323.61,70.70
1.9231,1.5758,0.2669,0.9799,-136.92,-323.19,72.10
1.9234,1.5748,0.2699,0.9799,-137.83,-324.38,71.89
1.9237,1.5738,0.2747,0.9814,-138.18,-323.61,73.08
1.9240,1.5723,0.2782,0.9862,-139.51,-324.45,72.38
1.9246,1.5709,0.2796,0.9911,-139.51,-323.33,74.06
1.9251,1.5679,0.2786,0.9950,-140.70,-324.03,72.73
1.9256,1.5616,0.2806,0.9955,-141.05,-323.26,74.76
1.9261,1.5572,0.2855,0.9984,-142.31,-323.40,72.87
1.9266,1.5518,0.2869,1.0024,-142.52,-322.84,75.32
1.9271,1.5440,0.2884,1.0053,-143.64,-323.33,73.01
1.9276,1.5357,0.2884,1.0077,-143.92,-322.49,75.67
1.9281,1.5221,0.2869,1.0063,-144.90,-322.14,73.15
1.9287,1.5089,0.2860,1.0111,-145.39,-321.44,75.32
1.9292,1.4962,0.2884,1.0185,-146.37,-320.95,73.29
1.9297,1.4825,0.2928,1.0199,-146.44,-320.60,75.11
1.9302,1.4728,0.2894,1.0248,-147.49,-320.18,72.94
1.9307,1.4625,0.2913,1.0297,-147.35,-319.62,74.48
1.9312,1.4489,0.2952,1.0302,-148.75,-318.50,73.15
1.9317,1.4347,0.2962,1.0331,-148.82,-318.50,73.08
1.9323,1.4245,0.2938,1.0365,-149.52,-317.17,72.31
1.9328,1.4147,0.2928,1.0419,-150.08,-317.03,72.10
1.9333,1.4010,0.2923,1.0468,-150.50,-315.07,72.24
1.9338,1.3884,0.2899,1.0492,-151.41,-315.77,70.49
1.9343,1.3776,0.2918,1.0512,-151.34,-313.39,71.19
1.9350,1.3659,0.2962,1.0560,-152.46,-313.74,68.95
1.9356,1.3527,0.3001,1.0604,-152.11,-312.13,69.51
1.9363,1.3381,0.2987,1.0643,-153.44,-311.29,67.62
1.9369,1.3269,0.2957,1.0677,-153.44,-310.45,68.04
1.9375,1.3156,0.2972,1.0712,-154.14,-308.63,65.80
1.9382,1.3010,0.2996,1.0751,-154.14,-307.93,66.36
1.9388,1.2859,0.2991,1.0756,-154.63,-306.39,64.05
1.9395,1.2722,0.2991,1.0756,-154.98,-305.97,64.40
1.9401,1.2625,0.2996,1.0785,-155.61,-303.80,61.95
1.9408,1.2498,0.3021,1.0834,-156.03,-303.31,61.74
1.9414,1.2356,0.3045,1.0868,-156.52,-301.00,60.55
1.9421,1.2283,0.3074,1.0907,-156.80,-301.14,58.94
1.9427,1.2185,0.3065,1.0946,-156.80,-298.41,57.96
1.9434,1.2058,0.3070,1.0965,-157.36,-298.48,56.49
1.9440,1.1985,0.3118,1.0965,-156.87,-295.40,55.65
1.9447,1.1897,0.3148,1.0975,-158.13,-295.26,53.83
1.9453,1.1785,0.3157,1.0960,-157.85,-292.60,53.13
1.9460,1.1688,0.3128,1.0936,-158.27,-291.83,50.96
1.9466,1.1614,0.3113,1.0965,-157.57,-290.01,50.68
1.9473,1.1556,0.3167,1.0990,-158.83,-288.47,48.58
1.9478,1.1507,0.3206,1.0965,-158.13,-287.07,48.16
1.9483,1.1448,0.3211,1.0946,-158.55,-285.39,45.71
1.9488,1.1356,0.3245,1.0936,-158.27,-283.92,45.36
1.9494,1.1312,0.3274,1.0936,-158.76,-282.17,42.98
1.9499,1.1292,0.3284,1.0887,-158.41,-281.05,42.56
1.9504,1.1234,0.3265,1.0838,-158.83,-278.60,40.25
1.9509,1.1209,0.3245,1.0829,-158.62,-277.62,39.90
1.9514,1.1175,0.3245,1.0799,-158.48,-275.52,37.45
1.9520,1.1126,0.3235,1.0780,-158.27,-274.68,36.82
1.9525,1.1097,0.3201,1.0765,-158.20,-272.16,35.00
1.9530,1.1068,0.3162,1.0736,-158.20,-271.67,34.16
1.9535,1.1000,0.3128,1.0716,-158.06,-269.22,32.27
1.9541,1.1004,0.3001,1.0677,-158.27,-267.89,31.50
1.9546,1.0946,0.2938,1.0658,-157.50,-264.46,28.98
1.9551,1.0936,0.2908,1.0687,-157.85,-262.85,27.09
1.9556,1.0926,0.2855,1.0692,-156.94,-261.66,26.53
1.9562,1.0936,0.2738,1.0682,-157.43,-259.35,25.06
1.9567,1.0917,0.2635,1.0682,-156.80,-258.44,24.01
1.9572,1.0907,0.2552,1.0746,-157.15,-256.13,23.17
1.9577,1.0941,0.2416,1.0834,-156.38,-255.01,21.77
1.9583,1.0951,0.2298,1.0853,-156.52,-252.84,21.14
1.9589,1.0970,0.2206,1.0848,-156.03,-252.14,19.60
1.9594,1.1009,0.2059,1.0853,-155.96,-250.11,19.25
1.9600,1.1048,0.1884,1.0868,-155.89,-248.57,17.78
1.9606,1.1107,0.1767,1.0965,-155.47,-246.75,17.36
1.9611,1.1180,0.1586,1.1058,-155.75,-245.77,16.17
1.9617,1.1244,0.1449,1.1092,-154.98,-243.74,16.10
1.9622,1.1322,0.1347,1.1180,-155.61,-242.55,15.05
1.9628,1.1429,0.1191,1.1273,-154.49,-241.22,14.49
1.9634,1.1536,0.1069,1.1307,-155.54,-239.54,13.58
1.9639,1.1629,0.0903,1.1424,-154.14,-238.14,13.44
1.9645,1.1741,0.0742,1.1478,-155.40,-237.02,12.95
1.9651,1.2029,0.0478,1.1512,-154.28,-234.43,12.32
1.9656,1.2195,0.0327,1.1556,-153.51,-233.10,12.60
1.9662,1.2307,0.0190,1.1590,-154.49,-231.63,11.76
1.9668,1.2439,0.0068,1.1595,-153.93,-230.58,12.46
1.9673,1.2605,-0.0044,1.1658,-153.65,-229.46,11.97
1.9679,1.2727,-0.0181,1.1751,-153.79,-228.48,12.46
1.9684,1.2849,-0.0342,1.1795,-153.16,-227.29,12.25
1.9690,1.2971,-0.0478,1.1819,-153.79,-225.96,13.16
1.9705,1.3093,-0.0625,1.1854,-152.88,-225.12,12.60
1.9719,1.3230,-0.0708,1.1897,-153.65,-224.21,14.07
1.9734,1.3318,-0.0810,1.1902,-152.88,-222.74,13.72
1.9748,1.3435,-0.0976,1.1902,-153.30,-222.18,15.12
1.9763,1.3557,-0.1088,1.1932,-152.88,-221.06,14.98
1.9777,1.3708,-0.1181,1.1961,-153.09,-220.50,16.10
1.9792,1.3830,-0.1279,1.1956,-152.53,-219.31,16.94
1.9806,1.3971,-0.1386,1.1961,-152.32,-219.10,17.64
1.9821,1.4123,-0.1508,1.1985,-152.74,-217.77,18.76
1.9835,1.4220,-0.1630,1.1980,-152.18,-217.56,19.25
1.9850,1.4342,-0.1688,1.1990,-152.60,-216.37,20.93
1.9864,1.4464,-0.1752,1.2024,-151.90,-215.67,21.63
1.9879,1.4591,-0.1854,1.2058,-152.46,-215.11,23.45
1.9893,1.4703,-0.1932,1.2044,-151.97,-214.20,24.15
1.9908,1.4796,-0.2035,1.2039,-152.04,-213.85,25.76
1.9922,1.4933,-0.2142,1.2058,-152.32,-213.08,26.88
1.9937,1.5084,-0.2269,1.2078,-151.83,-212.73,28.56
1.9951,1.5177,-0.2386,1.2112,-152.11,-211.82,29.96
1.9966,1.5289,-0.2435,1.2107,-151.48,-211.54,31.43
1.9980,1.5411,-0.2494,1.2083,-151.69,-210.84,32.69
1.9981,1.5523,-0.2582,1.2107,-151.62,-210.63,34.79
1.9981,1.5640,-0.2679,1.2161,-151.62,-209.93,36.47
1.9982,1.5718,-0.2757,1.2185,-151.55,-210.07,37.73
1.9982,1.5787,-0.2835,1.2229,-152.18,-208.60,39.97
1.9983,1.5904,-0.2889,1.2224,-150.99,-209.16,41.02
1.9983,1.5992,-0.2894,1.2210,-151.62,-208.25,43.26
1.9984,1.6050,-0.2972,1.2259,-151.48,-208.32,44.80
1.9984,1.6148,-0.3055,1.2273,-151.48,-207.90,46.55
1.9985,1.6211,-0.3094,1.2239,-151.13,-207.48,48.51
1.9985,1.6285,-0.3128,1.2239,-151.06,-207.41,49.84
1.9985,1.6377,-0.3157,1.2268,-151.06,-206.92,52.15
1.9986,1.6431,-0.3162,1.2302,-151.20,-206.29,53.90
1.9986,1.6480,-0.3157,1.2337,-151.34,-206.08,55.58
1.9987,1.6529,-0.3182,1.2361,-150.71,-205.80,57.75
1.9987,1.6582,-0.3231,1.2322,-151.06,-205.73,59.15
1.9988,1.6665,-0.3314,1.2317,-150.64,-204.96,61.88
1.9988,1.6709,-0.3323,1.2356,-150.92,-205.31,62.93
1.9989,1.6709,-0.3304,1.2381,-150.50,-204.61,65.24
1.9989,1.6724,-0.3299,1.2361,-150.64,-204.47,66.43
1.9990,1.6773,-0.3294,1.2327,-150.36,-203.70,69.02
1.9991,1.6773,-0.3299,1.2356,-150.78,-203.84,70.56
1.9993,1.6768,-0.3284,1.2390,-150.08,-203.56,72.52
1.9995,1.6763,-0.3294,1.2395,-150.15,-202.93,74.06
1.9997,1.6724,-0.3289,1.2346,-150.15,-202.86,76.51
1.9998,1.6724,-0.3250,1.2307,-150.08,-202.30,78.12
2.0000,1.6714,-0.3270,1.2298,-149.87,-202.44,79.87
2.0002,1.6655,-0.3309,1.2254,-149.45,-201.60,82.04
2.0004,1.6602,-0.3255,1.2220,-149.87,-201.11,83.51
2.0005,1.6587,-0.3255,1.2171,-149.17,-200.69,86.94
2.0007,1.6533,-0.3201,1.2146,-149.17,-200.48,89.11
2.0009,1.6538,-0.3177,1.2063,-148.96,-199.85,90.93
2.0011,1.6499,-0.3177,1.2029,-148.75,-199.57,92.82
2.0012,1.6480,-0.3201,1.2034,-148.54,-199.01,94.43
2.0014,1.6465,-0.3177,1.1956,-148.54,-198.66,96.60
2.0016,1.6450,-0.3118,1.1907,-148.54,-197.89,98.28
2.0018,1.6455,-0.3045,1.1893,-147.70,-197.75,99.96
2.0019,1.6397,-0.3074,1.1863,-147.98,-197.19,101.78
2.0021,1.6333,-0.3070,1.1834,-147.42,-196.91,103.46
2.0023,1.6289,-0.3035,1.1756,-147.49,-196.00,105.28
2.0024,1.6285,-0.3006,1.1736,-146.86,-195.65,107.59
2.0030,1.6255,-0.2948,1.1741,-147.00,-195.23,108.78
2.0035,1.6158,-0.2918,1.1697,-146.44,-194.11,111.09
2.0040,1.6075,-0.2894,1.1722,-146.51,-193.97,112.42
2.0046,1.6021,-0.2874,1.1727,-145.60,-193.48,114.87
2.0051,1.5943,-0.2791,1.1707,-145.53,-192.78,116.06
2.0056,1.5855,-0.2723,1.1751,-144.90,-192.08,118.23
2.0061,1.5787,-0.2738,1.1790,-144.90,-191.66,119.35
2.0067,1.5650,-0.2699,1.1824,-144.48,-189.91,123.06
2.0072,1.5631,-0.2694,1.1790,-143.57,-189.56,125.16
2.0077,1.5577,-0.2669,1.1829,-143.85,-188.23,126.84
2.0083,1.5494,-0.2621,1.1897,-143.29,-187.81,128.80
2.0088,1.5470,-0.2606,1.1878,-143.08,-187.18,129.99
2.0093,1.5474,-0.2547,1.1888,-142.66,-186.48,132.09
2.0098,1.5474,-0.2513,1.1951,-142.10,-185.64,133.42
2.0104,1.5455,-0.2489,1.1990,-142.03,-185.36,135.38
2.0109,1.5416,-0.2455,1.1976,-140.98,-184.17,136.71
2.0114,1.5367,-0.2440,1.2000,-141.19,-183.68,138.25
2.0120,1.5323,-0.2391,1.2029,-140.49,-182.28,140.00
2.0125,1.5304,-0.2328,1.2015,-140.14,-182.42,140.98
2.0130,1.5279,-0.2289,1.2005,-139.51,-181.44,143.22
2.0136,1.5211,-0.2259,1.2019,-139.51,-180.53,143.78
2.0142,1.5172,-0.2240,1.2054,-138.81,-179.76,145.25
2.0149,1.5133,-0.2206,1.2063,-138.11,-178.78,146.44
2.0155,1.5045,-0.2172,1.2088,-138.18,-177.94,148.26
2.0161,1.4943,-0.2113,1.2117,-137.34,-177.31,148.26
2.0167,1.4938,-0.2064,1.2122,-137.69,-176.89,150.01
2.0173,1.4928,-0.2011,1.2102,-136.50,-175.49,150.57
2.0179,1.4806,-0.1898,1.2102,-135.45,-173.88,152.11
2.0185,1.4747,-0.1835,1.2029,-135.17,-173.11,153.16
2.0192,1.4664,-0.1767,1.1951,-134.68,-171.85,153.65
2.0198,1.4611,-0.1684,1.1922,-134.05,-171.71,154.07
2.0204,1.4552,-0.1601,1.1858,-134.12,-170.03,154.77
2.0210,1.4484,-0.1581,1.1790,-132.72,-170.10,155.05
2.0216,1.4445,-0.1518,1.1751,-132.86,-168.00,155.54
2.0222,1.4396,-0.1410,1.1683,-131.95,-168.49,155.19
2.0228,1.4342,-0.1337,1.1634,-131.60,-166.46,155.96
2.0234,1.4318,-0.1259,1.1556,-130.76,-166.32,155.40
2.0241,1.4279,-0.1191,1.1492,-130.27,-164.64,155.96
2.0247,1.4230,-0.1142,1.1463,-129.71,-164.57,155.19
2.0253,1.4172,-0.1059,1.1385,-129.08,-162.89,155.68
2.0258,1.4093,-0.0981,1.1278,-128.94,-162.89,154.70
2.0264,1.4025,-0.0917,1.1195,-127.61,-161.14,154.77
2.0269,1.3996,-0.0844,1.1126,-127.40,-160.79,154.14
2.0274,1.3928,-0.0771,1.1073,-126.63,-159.81,153.58
2.0280,1.3854,-0.0659,1.1009,-126.14,-158.90,153.30
2.0285,1.3762,-0.0571,1.0926,-125.37,-157.85,152.32
2.0290,1.3674,-0.0488,1.0848,-124.81,-156.80,152.11
2.0296,1.3571,-0.0381,1.0795,-123.97,-155.89,150.50
2.0301,1.3449,-0.0337,1.0760,-123.34,-154.49,150.99
2.0307,1.3366,-0.0288,1.0736,-122.36,-154.28,148.68
2.0312,1.3269,-0.0181,1.0741,-121.59,-152.60,149.24
2.0317,1.3181,-0.0102,1.0707,-121.24,-152.32,146.93
2.0323,1.3088,-0.0063,1.0673,-119.98,-150.85,146.86
2.0328,1.2986,0.0000,1.0638,-119.63,-149.94,144.83
2.0333,1.2893,0.0059,1.0624,-118.23,-148.61,144.55
2.0339,1.2776,0.0112,1.0619,-118.30,-147.98,142.31
2.0344,1.2683,0.0161,1.0614,-116.55,-146.79,142.10
2.0350,1.2590,0.0224,1.0629,-116.90,-146.02,139.86
2.0355,1.2517,0.0268,1.0609,-114.94,-144.55,139.51
2.0360,1.2468,0.0293,1.0619,-114.66,-143.64,137.20
2.0372,1.2366,0.0312,1.0643,-113.40,-142.73,136.50
2.0383,1.2293,0.0332,1.0673,-113.05,-141.33,134.26
2.0395,1.2073,0.0405,1.0682,-111.58,-138.95,131.81
2.0407,1.1985,0.0429,1.0697,-110.53,-138.18,129.43
2.0418,1.1902,0.0429,1.0687,-109.76,-136.36,128.80
2.0430,1.1849,0.0498,1.0668,-108.64,-136.08,126.21
2.0441,1.1780,0.0542,1.0658,-107.87,-134.33,124.95
2.0453,1.1717,0.0532,1.0648,-106.96,-133.49,123.06
2.0464,1.1653,0.0556,1.0634,-106.12,-132.23,121.94
2.0476,1.1575,0.0625,1.0638,-105.35,-131.25,119.42
2.0487,1.1517,0.0649,1.0609,-104.44,-129.78,117.88
2.0499,1.1497,0.0664,1.0614,-103.95,-128.52,115.99
2.0511,1.1478,0.0703,1.0658,-102.27,-127.68,114.10
2.0522,1.1395,0.0727,1.0575,-102.20,-126.35,111.93
2.0534,1.1331,0.0752,1.0521,-100.73,-125.23,110.04
2.0545,1.1341,0.0737,1.0546,-100.73,-123.83,107.80
2.0557,1.1292,0.0722,1.0497,-99.05,-123.27,106.05
2.0568,1.1253,0.0732,1.0424,-98.91,-121.45,103.67
2.0580,1.1268,0.0756,1.0399,-97.58,-120.54,101.71
2.0591,1.1234,0.0742,1.0360,-96.74,-119.07,99.47
2.0597,1.1156,0.0683,1.0307,-96.32,-117.53,97.51
2.0603,1.1112,0.0708,1.0282,-94.43,-115.22,93.03
2.0608,1.1097,0.0722,1.0194,-93.59,-114.73,90.65
2.0614,1.1068,0.0693,1.0141,-93.10,-112.28,88.41
2.0619,1.1068,0.0620,1.0102,-92.26,-112.28,86.17
2.0625,1.1053,0.0581,1.0058,-91.21,-109.90,83.79
2.0630,1.1024,0.0556,0.9975,-90.37,-109.69,81.55
2.0636,1.1029,0.0488,0.9906,-90.09,-107.38,79.52
2.0641,1.1000,0.0439,0.9897,-88.83,-108.01,76.44
2.0647,1.1004,0.0434,0.9838,-88.69,-105.00,75.32
2.0652,1.0980,0.0395,0.9765,-87.43,-105.35,71.75
2.0658,1.1004,0.0283,0.9716,-87.22,-102.48,70.63
2.0663,1.1009,0.0205,0.9638,-86.59,-102.34,67.20
2.0669,1.0985,0.0142,0.9609,-85.61,-100.52,65.87
2.0674,1.0975,0.0107,0.9584,-85.12,-99.40,63.21
2.0680,1.0917,0.0093,0.9545,-84.84,-98.28,60.76
2.0685,1.0912,0.0005,0.9477,-84.00,-96.81,59.08
2.0691,1.0921,-0.0083,0.9384,-83.37,-96.04,56.49
2.0696,1.0897,-0.0093,0.9335,-82.67,-94.36,54.53
2.0702,1.0853,-0.0151,0.9238,-82.53,-93.73,52.15
2.0716,1.0878,-0.0268,0.9155,-81.62,-91.49,50.61
2.0731,1.0804,-0.0390,0.9126,-80.78,-89.32,46.48
2.0745,1.0843,-0.0508,0.9067,-80.64,-89.18,43.40
2.0759,1.0892,-0.0586,0.9008,-80.01,-87.01,42.49
2.0774,1.0878,-0.0669,0.8999,-79.87,-86.52,39.27
2.0788,1.0907,-0.0766,0.8960,-79.38,-84.98,38.64
2.0803,1.0931,-0.0888,0.8935,-78.89,-83.86,35.84
2.0817,1.0960,-0.1039,0.8882,-78.61,-83.16,34.58
2.0832,1.1058,-0.1132,0.8838,-78.40,-81.62,32.41
2.0846,1.1141,-0.1249,0.8823,-77.77,-80.99,30.59
2.0861,1.1248,-0.1347,0.8808,-77.84,-79.10,29.26
2.0875,1.1346,-0.1425,0.8794,-77.35,-79.03,26.74
2.0890,1.1448,-0.1566,0.8769,-77.49,-77.28,26.11
2.0904,1.1570,-0.1679,0.8745,-77.14,-76.72,23.38
2.0919,1.1653,-0.1796,0.8735,-77.00,-75.32,23.10
2.0933,1.1727,-0.1937,0.8740,-77.21,-75.04,20.51
2.0947,1.1824,-0.2030,0.8769,-76.51,-73.71,20.16
2.0962,1.1936,-0.2113,0.8745,-77.14,-73.43,17.71
2.0976,1.2039,-0.2235,0.8735,-76.16,-71.82,17.64
2.0991,1.2151,-0.2377,0.8755,-76.93,-71.54,15.05
2.0991,1.2244,-0.2450,0.8764,-76.09,-70.49,15.05
2.0992,1.2322,-0.2513,0.8750,-77.00,-70.14,12.88
2.0992,1.2424,-0.2630,0.8750,-76.30,-68.95,12.95
2.0993,1.2512,-0.2738,0.8750,-77.14,-68.32,10.99
2.0993,1.2605,-0.2830,0.8725,-76.30,-67.76,10.85
2.0994,1.2712,-0.2899,0.8725,-77.35,-67.13,9.24
2.0994,1.2790,-0.2948,0.8711,-76.51,-66.50,8.89
2.0995,1.2864,-0.3006,0.8682,-77.49,-65.45,7.91
2.0995,1.2903,-0.3109,0.8691,-76.93,-65.17,7.35
2.0996,1.2966,-0.3192,0.8725,-77.42,-64.61,6.09
2.0996,1.3039,-0.3255,0.8706,-77.49,-63.91,6.02
2.0996,1.3049,-0.3338,0.8711,-77.63,-63.70,4.90
2.0997,1.3093,-0.3377,0.8725,-77.77,-63.42,4.76
2.0997,1.3186,-0.3450,0.8701,-77.98,-62.37,4.62
2.0998,1.3230,-0.3533,0.8696,-78.40,-62.51,3.85
2.0998,1.3225,-0.3601,0.8623,-78.33,-61.25,3.71
2.0999,1.3259,-0.3640,0.8623,-78.75,-61.32,3.22
2.0999,1.3322,-0.3694,0.8564,-78.89,-60.20,3.64
2.1000,1.3415,-0.3767,0.8555,-79.73,-60.76,2.52
2.1000,1.3508,-0.3806,0.8555,-79.17,-59.29,3.50
2.1002,1.3518,-0.3875,0.8564,-80.08,-59.99,1.82
2.1004,1.3498,-0.3904,0.8584,-79.73,-58.73,3.71
2.1006,1.3557,-0.3943,0.8530,-80.85,-59.29,1.61
2.1008,1.3640,-0.4031,0.8501,-80.36,-58.31,3.71
2.1010,1.3654,-0.4075,0.8516,-81.55,-58.52,2.03
2.1012,1.3684,-0.4109,0.8472,-81.20,-57.89,3.78
2.1013,1.3747,-0.4187,0.8438,-82.32,-57.61,2.87
2.1015,1.3786,-0.4265,0.8428,-82.04,-57.75,3.57
2.1017,1.3791,-0.4314,0.8418,-83.02,-57.05,3.92
2.1019,1.3820,-0.4333,0.8477,-83.09,-57.61,4.13
2.1021,1.3869,-0.4343,0.8452,-83.79,-56.56,4.90
2.1023,1.3884,-0.4382,0.8389,-83.93,-56.98,4.62
2.1025,1.3898,-0.4431,0.8403,-84.21,-56.07,5.67
2.1027,1.3918,-0.4465,0.8345,-84.91,-56.35,5.74
2.1029,1.3981,-0.4558,0.8350,-85.33,-56.07,7.00
2.1030,1.3952,-0.4558,0.8325,-85.82,-56.35,8.05
2.1032,1.3942,-0.4538,0.8301,-87.01,-56.14,7.98
2.1034,1.3957,-0.4563,0.8320,-86.73,-55.16,9.59
2.1036,1.3937,-0.4607,0.8325,-87.99,-55.72,9.38
2.1038,1.3937,-0.4646,0.8286,-87.71,-55.09,11.06
2.1044,1.3952,-0.4675,0.8296,-88.83,-55.58,10.71
2.1049,1.3923,-0.4695,0.8359,-88.76,-55.09,12.67
2.1055,1.3854,-0.4675,0.8350,-89.88,-54.95,12.74
2.1061,1.3806,-0.4656,0.8306,-90.09,-54.95,14.14
2.1066,1.3762,-0.4709,0.8316,-90.72,-55.09,14.63
2.1072,1.3703,-0.4709,0.8330,-91.07,-54.95,15.82
2.1077,1.3649,-0.4719,0.8340,-91.91,-54.46,16.87
2.1083,1.3630,-0.4743,0.8364,-91.84,-54.67,17.71
2.1089,1.3586,-0.4719,0.8379,-92.82,-54.32,18.83
2.1094,1.3527,-0.4680,0.8369,-93.17,-54.67,19.60
2.1100,1.3488,-0.4685,0.8359,-93.66,-54.18,21.28
2.1106,1.3483,-0.4690,0.8374,-94.08,-54.18,21.91
2.1111,1.3400,-0.4680,0.8345,-94.99,-54.25,23.17
2.1117,1.3430,-0.4641,0.8345,-96.11,-54.18,25.27
2.1122,1.3396,-0.4607,0.8359,-96.39,-53.62,26.53
2.1128,1.3337,-0.4563,0.8398,-96.81,-54.25,27.86
2.1134,1.3298,-0.4558,0.8389,-97.44,-53.62,28.56
2.1139,1.3249,-0.4499,0.8355,-97.93,-53.90,30.73
2.1145,1.3235,-0.4490,0.8350,-98.56,-53.69,30.94
2.1151,1.3264,-0.4499,0.8359,-98.91,-53.62,33.04
2.1157,1.3235,-0.4475,0.8335,-99.68,-53.83,33.60
2.1163,1.3205,-0.4455,0.8276,-99.82,-53.69,35.28
2.1170,1.3191,-0.4372,0.8242,-100.59,-53.55,36.12
2.1176,1.3132,-0.4314,0.8213,-100.80,-53.34,37.73
2.1182,1.3088,-0.4294,0.8213,-101.64,-53.69,38.64
2.1189,1.3083,-0.4246,0.8218,-101.85,-53.48,40.18
2.1195,1.3049,-0.4192,0.8169,-102.41,-53.41,41.30
2.1202,1.3005,-0.4133,0.8111,-102.90,-53.34,42.49
2.1208,1.2966,-0.4080,0.8101,-103.46,-53.55,43.89
2.1214,1.2883,-0.4055,0.8101,-103.88,-53.06,44.94
2.1221,1.2834,-0.3982,0.8047,-104.37,-53.34,46.13
2.1227,1.2834,-0.3919,0.8018,-104.79,-53.13,46.69
2.1233,1.2771,-0.3909,0.7998,-105.42,-53.62,48.79
2.1240,1.2668,-0.3894,0.7964,-105.70,-53.13,48.86
2.1246,1.2639,-0.3880,0.7940,-106.26,-53.55,50.68
2.1252,1.2605,-0.3860,0.7915,-106.54,-52.78,50.89
2.1259,1.2522,-0.3850,0.7881,-107.17,-53.41,52.92
2.1265,1.2464,-0.3826,0.7837,-107.38,-52.85,52.78
2.1272,1.2381,-0.3782,0.7793,-107.94,-53.27,54.39
2.1278,1.2298,-0.3787,0.7745,-108.36,-52.92,54.67
2.1283,1.2224,-0.3762,0.7720,-108.64,-53.20,55.72
2.1288,1.2161,-0.3753,0.7725,-109.48,-52.85,56.70
2.1293,1.2083,-0.3797,0.7691,-109.76,-52.78,57.40
2.1298,1.1980,-0.3802,0.7681,-110.39,-52.92,57.96
2.1304,1.1897,-0.3772,0.7681,-110.46,-52.57,58.87
2.1309,1.1819,-0.3782,0.7662,-111.51,-52.71,59.29
2.1314,1.1795,-0.3806,0.7627,-111.65,-52.71,59.64
2.1319,1.1756,-0.3806,0.7574,-112.35,-52.50,60.55
2.1324,1.1683,-0.3816,0.7535,-112.70,-52.78,60.69
2.1329,1.1619,-0.3816,0.7525,-113.19,-52.36,61.88
2.1334,1.1561,-0.3772,0.7510,-113.82,-52.36,61.46
2.1339,1.1497,-0.3738,0.7452,-114.38,-52.08,62.58
2.1345,1.1385,-0.3758,0.7374,-114.94,-52.29,62.09
2.1350,1.1307,-0.3767,0.7349,-115.29,-52.22,63.28
2.1355,1.1248,-0.3748,0.7364,-116.27,-52.08,62.93
2.1360,1.1165,-0.3704,0.7359,-116.27,-51.66,63.70
2.1365,1.1112,-0.3699,0.7335,-117.18,-52.01,63.49
2.1370,1.1053,-0.3680,0.7330,-117.46,-51.73,64.26
2.1375,1.1019,-0.3655,0.7266,-118.44,-51.66,64.12
2.1381,1.0960,-0.3655,0.7247,-118.44,-51.80,64.54
2.1386,1.0902,-0.3655,0.7237,-119.14,-51.38,64.47
2.1391,1.0863,-0.3592,0.7159,-119.56,-51.52,64.75
2.1396,1.0775,-0.3489,0.7105,-120.40,-51.17,64.89
2.1401,1.0726,-0.3460,0.7096,-120.40,-51.10,64.96
2.1407,1.0682,-0.3436,0.7076,-121.38,-51.45,64.61
2.1412,1.0638,-0.3382,0.7047,-121.45,-50.89,65.17
2.1417,1.0570,-0.3357,0.7032,-122.22,-51.38,64.96
2.1422,1.0521,-0.3304,0.7013,-122.50,-51.03,65.24
2.1428,1.0482,-0.3182,0.6969,-123.13,-51.31,64.75
2.1433,1.0399,-0.3133,0.6876,-123.34,-50.68,65.38
2.1438,1.0336,-0.3113,0.6803,-123.83,-50.82,64.82
2.1443,1.0316,-0.3070,0.6783,-124.11,-50.68,65.38
2.1448,1.0287,-0.3026,0.6769,-124.88,-50.19,64.89
2.1454,1.0233,-0.2962,0.6730,-125.02,-50.68,65.31
2.1459,1.0204,-0.2918,0.6661,-125.37,-50.33,64.75
2.1464,1.0146,-0.2855,0.6603,-125.79,-50.61,64.96
2.1469,1.0087,-0.2796,0.6544,-126.21,-50.40,64.47
2.1475,1.0058,-0.2786,0.6510,-126.63,-50.47,64.61
2.1480,1.0004,-0.2747,0.6466,-126.91,-50.40,64.61
2.1485,0.9936,-0.2723,0.6407,-126.91,-50.47,64.12
2.1493,0.9887,-0.2684,0.6364,-127.61,-49.98,64.33
2.1501,0.9833,-0.2635,0.6285,-127.68,-50.68,63.56
2.1509,0.9770,-0.2616,0.6217,-128.38,-49.77,64.33
2.1517,0.9706,-0.2596,0.6149,-128.52,-50.47,63.14
2.1525,0.9658,-0.2567,0.6110,-128.59,-50.12,64.26
2.1534,0.9653,-0.2533,0.6120,-129.15,-50.05,62.51
2.1542,0.9662,-0.2547,0.6076,-129.50,-50.19,63.77
2.1550,0.9604,-0.2474,0.6012,-129.99,-50.40,62.02
2.1558,0.9496,-0.2420,0.5963,-129.71,-50.12,63.21
2.1566,0.9467,-0.2435,0.5910,-130.27,-50.26,61.39
2.1574,0.9443,-0.2391,0.5856,-130.48,-50.40,62.30
2.1582,0.9306,-0.2411,0.5807,-130.76,-50.61,61.39
2.1590,0.9292,-0.2386,0.5719,-131.39,-49.77,60.83
2.1598,0.9277,-0.2372,0.5680,-131.46,-50.40,60.13
2.1607,0.9238,-0.2416,0.5690,-131.60,-49.98,60.62
2.1615,0.9179,-0.2425,0.5641,-132.44,-50.61,59.64
2.1623,0.9150,-0.2377,0.5583,-132.16,-49.91,59.85
2.1631,0.9096,-0.2357,0.5563,-132.65,-50.89,58.31
2.1639,0.9057,-0.2372,0.5534,-132.79,-49.77,59.15
2.1647,0.9004,-0.2386,0.5514,-133.07,-50.89,57.40
2.1651,0.8935,-0.2362,0.5495,-133.28,-49.91,58.38
2.1655,0.8911,-0.2352,0.5470,-133.49,-50.89,56.56
2.1659,0.8843,-0.2362,0.5451,-133.35,-50.05,57.54
2.1663,0.8794,-0.2328,0.5392,-134.61,-50.61,55.51
2.1667,0.8779,-0.2323,0.5344,-133.91,-50.12,56.56
2.1671,0.8779,-0.2308,0.5348,-134.47,-50.61,54.39
2.1675,0.8769,-0.2255,0.5363,-134.54,-51.03,55.23
2.1679,0.8711,-0.2264,0.5329,-134.96,-50.33,54.11
2.1683,0.8672,-0.2220,0.5324,-135.24,-51.59,53.69
2.1687,0.8691,-0.2176,0.5236,-135.45,-49.77,53.27
2.1691,0.8623,-0.2118,0.5236,-135.94,-50.19,52.29
2.1695,0.8628,-0.2064,0.5222,-135.38,-51.59,51.38
2.1699,0.8623,-0.2025,0.5207,-136.01,-50.12,51.59
2.1703,0.8579,-0.2006,0.5217,-135.94,-51.66,49.98
2.1707,0.8579,-0.1957,0.5178,-135.87,-50.75,50.54
2.1711,0.8560,-0.1884,0.5109,-136.43,-51.80,49.07
2.1715,0.8501,-0.1850,0.5114,-136.15,-50.82,49.49
2.1719,0.8506,-0.1840,0.5104,-136.57,-51.52,47.88
2.1723,0.8481,-0.1806,0.5061,-136.22,-50.89,48.65
2.1727,0.8452,-0.1767,0.5061,-136.50,-51.31,46.62
2.1740,0.8447,-0.1708,0.5085,-136.08,-51.24,47.95
2.1753,0.8403,-0.1659,0.5061,-136.64,-51.59,45.43
2.1767,0.8384,-0.1630,0.5031,-135.73,-51.52,46.34
2.1780,0.8355,-0.1576,0.5017,-136.71,-51.24,44.94
2.1794,0.8325,-0.1488,0.5012,-135.59,-51.45,45.22
2.1807,0.8316,-0.1449,0.5007,-136.15,-51.03,43.96
2.1820,0.8301,-0.1391,0.4953,-135.80,-51.73,43.61
2.1834,0.8286,-0.1322,0.4895,-136.08,-50.61,43.54
2.1847,0.8262,-0.1230,0.4914,-135.38,-52.36,42.35
2.1861,0.8237,-0.1157,0.4909,-135.24,-51.17,42.49
2.1874,0.8198,-0.1093,0.4860,-135.10,-51.59,41.16
2.1888,0.8179,-0.0981,0.4802,-134.82,-51.38,41.86
2.1901,0.8184,-0.0927,0.4758,-134.89,-51.80,39.90
2.1914,0.8179,-0.0888,0.4753,-134.19,-51.10,41.30
2.1928,0.8189,-0.0805,0.4714,-134.19,-51.59,38.85
2.1941,0.8174,-0.0693,0.4709,-133.42,-51.17,39.97
2.1955,0.8150,-0.0610,0.4704,-133.77,-51.45,38.01
2.1968,0.8125,-0.0561,0.4675,-132.51,-51.24,38.92
2.1981,0.8076,-0.0542,0.4695,-133.14,-51.38,36.89
2.1995,0.8067,-0.0547,0.4675,-131.67,-51.31,37.80
2.1996,0.8086,-0.0503,0.4641,-132.16,-51.24,36.19
2.1996,0.8028,-0.0468,0.4607,-130.83,-51.66,36.47
2.1997,0.7964,-0.0464,0.4597,-131.18,-50.68,35.42
2.1998,0.7950,-0.0429,0.4641,-130.34,-50.89,35.70
2.1998,0.7915,-0.0386,0.4612,-130.20,-50.75,34.65
2.1999,0.7857,-0.0381,0.4612,-129.29,-50.96,34.16
2.1999,0.7808,-0.0293,0.4626,-128.80,-50.19,34.16
2.2000,0.7754,-0.0215,0.4670,-128.52,-50.54,32.62
2.2001,0.7745,-0.0234,0.4621,-127.68,-50.61,33.46
2.2001,0.7740,-0.0195,0.4592,-127.61,-50.61,31.43
2.2002,0.7662,-0.0146,0.4660,-126.42,-50.26,32.55
2.2003,0.7569,-0.0107,0.4724,-126.70,-49.70,30.80
2.2003,0.7535,-0.0054,0.4734,-124.88,-49.63,32.20
2.2004,0.7505,-0.0044,0.4773,-125.37,-49.56,29.75
2.2005,0.7442,-0.0044,0.4787,-123.76,-49.56,31.22
2.2005,0.7393,-0.0029,0.4758,-124.32,-49.07,29.40
2.2006,0.7359,0.0005,0.4836,-122.64,-48.93,30.03
2.2007,0.7330,0.0059,0.4890,-122.92,-48.72,28.91
2.2007,0.7335,0.0010,0.4870,-121.45,-48.65,29.47
2.2008,0.7310,-0.0015,0.4890,-121.52,-48.23,28.49
2.2010,0.7247,0.0010,0.4968,-120.26,-48.16,28.42
2.2012,0.7222,-0.0010,0.4968,-120.12,-47.74,27.86
2.2015,0.7188,-0.0005,0.5051,-119.00,-47.53,27.79
2.2017,0.7193,-0.0010,0.5075,-118.51,-47.25,27.30
2.2019,0.7198,-0.0073,0.5075,-117.53,-46.48,27.37
2.2021,0.7125,-0.0068,0.5104,-117.46,-46.48,27.09
2.2024,0.7120,-0.0044,0.5153,-116.34,-45.99,26.74
2.2026,0.7144,-0.0054,0.5197,-115.71,-45.92,26.88
2.2028,0.7125,-0.0044,0.5212,-115.22,-45.50,26.18
2.2030,0.7105,-0.0068,0.5222,-114.31,-45.29,26.25
2.2032,0.7120,-0.0107,0.5256,-113.96,-44.45,25.76
2.2035,0.7139,-0.0137,0.5305,-112.77,-44.52,26.11
2.2037,0.7110,-0.0181,0.5348,-112.63,-44.03,25.41
2.2039,0.7100,-0.0200,0.5334,-111.51,-43.89,26.04
2.2041,0.7139,-0.0156,0.5344,-111.16,-43.61,24.85
2.2044,0.7144,-0.0176,0.5358,-110.04,-43.12,25.97
2.2046,0.7159,-0.0264,0.5388,-109.97,-42.91,24.71
2.2048,0.7149,-0.0283,0.5412,-108.85,-42.14,25.62
2.2050,0.7154,-0.0278,0.5392,-108.50,-42.21,24.36
2.2052,0.7218,-0.0264,0.5383,-107.52,-41.65,25.34
2.2058,0.7252,-0.0298,0.5373,-106.96,-41.72,24.22
2.2063,0.7271,-0.0327,0.5383,-106.19,-40.81,24.92
2.2068,0.7330,-0.0317,0.5446,-105.56,-40.53,24.43
2.2073,0.7369,-0.0395,0.5446,-104.93,-40.04,24.08
2.2079,0.7427,-0.0337,0.5446,-103.53,-39.55,24.22
2.2084,0.7505,-0.0312,0.5407,-103.25,-39.27,23.87
2.2089,0.7564,-0.0346,0.5383,-102.34,-39.06,23.87
2.2094,0.7618,-0.0346,0.5373,-101.99,-38.78,23.59
2.2100,0.7632,-0.0342,0.5373,-101.15,-38.78,22.96
2.2105,0.7735,-0.0356,0.5383,-100.45,-38.22,23.45
2.2110,0.7818,-0.0376,0.5373,-99.89,-38.01,22.96
2.2115,0.7842,-0.0395,0.5363,-99.26,-37.87,22.96
2.2121,0.7920,-0.0390,0.5344,-98.63,-37.38,22.33
2.2126,0.7964,-0.0420,0.5334,-98.14,-37.52,22.54
2.2131,0.7998,-0.0425,0.5305,-97.37,-37.52,21.84
2.2136,0.8018,-0.0454,0.5305,-96.81,-36.54,22.47
2.2142,0.8057,-0.0498,0.5319,-96.39,-37.03,21.00
2.2147,0.8135,-0.0508,0.5300,-95.83,-36.26,21.49
2.2152,0.8169,-0.0547,0.5329,-95.13,-36.26,20.86
2.2157,0.8203,-0.0595,0.5314,-94.43,-35.77,20.72
2.2169,0.8252,-0.0630,0.5295,-94.15,-35.91,19.67
2.2181,0.8325,-0.0620,0.5261,-93.17,-35.56,20.30
2.2193,0.8389,-0.0630,0.5261,-93.31,-36.12,19.11
2.2205,0.8403,-0.0703,0.5290,-92.40,-35.56,19.18
2.2217,0.8477,-0.0742,0.5334,-92.47,-35.56,18.76
2.2229,0.8550,-0.0776,0.5324,-91.00,-35.28,18.13
2.2241,0.8589,-0.0825,0.5324,-91.49,-35.14,17.64
2.2253,0.8652,-0.0888,0.5319,-90.30,-35.28,17.01
2.2264,0.8740,-0.0966,0.5300,-90.02,-34.58,17.29
2.2276,0.8833,-0.0996,0.5305,-89.53,-35.07,16.03
2.2288,0.8886,-0.1015,0.5300,-89.25,-34.79,16.03
2.2300,0.8935,-0.1030,0.5305,-89.04,-35.00,15.05
2.2312,0.8984,-0.1064,0.5309,-88.27,-34.79,14.84
2.2324,0.9048,-0.1088,0.5314,-88.34,-34.58,14.28
2.2336,0.9155,-0.1152,0.5270,-87.50,-34.72,13.30
2.2348,0.9243,-0.1200,0.5241,-87.43,-34.65,12.74
2.2360,0.9282,-0.1240,0.5246,-87.15,-34.58,12.67
2.2372,0.9282,-0.1274,0.5231,-86.94,-34.37,11.55
2.2383,0.9335,-0.1283,0.5231,-86.45,-35.28,11.13
2.2395,0.9409,-0.1313,0.5256,-86.31,-34.72,10.22
2.2401,0.9594,-0.1376,0.5222,-85.19,-34.51,9.17
2.2406,0.9623,-0.1410,0.5241,-84.84,-35.28,8.33
2.2411,0.9667,-0.1430,0.5212,-85.40,-35.07,7.35
2.2417,0.9706,-0.1469,0.5178,-84.84,-34.79,6.86
2.2422,0.9745,-0.1469,0.5212,-84.42,-35.28,6.09
2.2427,0.9809,-0.1464,0.5212,-84.14,-35.42,5.25
2.2432,0.9882,-0.1508,0.5192,-83.86,-35.28,4.55
2.2438,0.9926,-0.1518,0.5178,-83.65,-35.56,3.78
2.2443,0.9960,-0.1532,0.5178,-83.37,-35.91,2.73
2.2448,1.0038,-0.1571,0.5183,-83.72,-35.56,1.96
2.2454,1.0082,-0.1596,0.5144,-82.88,-35.77,1.68
2.2459,1.0082,-0.1640,0.5124,-82.74,-36.47,0.00
2.2464,1.0082,-0.1684,0.5139,-82.74,-35.91,-0.07
2.2470,1.0116,-0.1728,0.5197,-82.46,-36.54,-1.89
2.2475,1.0155,-0.1737,0.5217,-82.39,-36.54,-1.89
2.2480,1.0185,-0.1737,0.5173,-82.04,-36.61,-3.36
2.2485,1.0219,-0.1767,0.5124,-82.32,-36.75,-3.99
2.2491,1.0214,-0.1810,0.5100,-82.04,-37.03,-5.25
2.2496,1.0268,-0.1859,0.5090,-81.76,-37.45,-5.53
2.2501,1.0307,-0.1879,0.5090,-81.55,-37.03,-7.14
2.2507,1.0307,-0.1893,0.5065,-81.55,-37.45,-7.49
2.2512,1.0307,-0.1972,0.5065,-81.48,-38.01,-9.17
2.2518,1.0302,-0.2015,0.5041,-80.99,-37.80,-10.64
2.2523,1.0307,-0.2054,0.5026,-81.41,-37.80,-10.71
2.2529,1.0321,-0.2084,0.5075,-80.92,-38.01,-12.53
2.2535,1.0331,-0.2123,0.5090,-80.99,-38.57,-13.09
2.2540,1.0331,-0.2167,0.5022,-80.92,-37.87,-13.72
2.2546,1.0355,-0.2191,0.4987,-80.85,-38.78,-14.77
2.2551,1.0385,-0.2211,0.4992,-80.50,-38.36,-15.68
2.2557,1.0365,-0.2230,0.5012,-80.85,-38.78,-16.24
2.2562,1.0341,-0.2235,0.4948,-80.64,-38.57,-17.22
2.2568,1.0346,-0.2250,0.4900,-80.50,-39.13,-18.41
2.2573,1.0321,-0.2264,0.4929,-80.57,-38.57,-18.48
2.2579,1.0297,-0.2303,0.4934,-80.36,-39.41,-20.44
2.2585,1.0292,-0.2303,0.4885,-80.36,-38.64,-19.67
2.2590,1.0282,-0.2279,0.4865,-80.36,-39.13,-21.63
2.2596,1.0287,-0.2298,0.4851,-80.22,-38.78,-21.42
2.2601,1.0282,-0.2298,0.4802,-80.29,-39.62,-23.45
2.2607,1.0258,-0.2303,0.4802,-79.94,-38.50,-23.03
2.2612,1.0253,-0.2352,0.4841,-80.50,-39.13,-24.71
2.2618,1.0258,-0.2396,0.4802,-79.80,-39.13,-24.50
2.2623,1.0248,-0.2430,0.4743,-80.43,-39.34,-26.25
2.2629,1.0253,-0.2440,0.4763,-79.52,-39.20,-25.90
2.2634,1.0282,-0.2445,0.4768,-80.50,-39.55,-27.51
2.2639,1.0292,-0.2489,0.4758,-79.59,-38.99,-27.09
2.2645,1.0302,-0.2542,0.4709,-80.43,-39.48,-28.56
2.2650,1.0336,-0.2586,0.4665,-79.80,-39.13,-28.98
2.2656,1.0365,-0.2601,0.4641,-80.08,-39.20,-29.54
2.2661,1.0370,-0.2577,0.4631,-80.01,-39.13,-30.38
2.2667,1.0390,-0.2611,0.4621,-80.01,-39.13,-30.52
2.2672,1.0380,-0.2664,0.4582,-80.15,-39.06,-31.99
2.2678,1.0390,-0.2684,0.4568,-79.94,-39.20,-31.50
2.2683,1.0429,-0.2704,0.4538,-80.36,-39.06,-32.76
2.2689,1.0448,-0.2747,0.4509,-79.52,-38.50,-32.76
2.2694,1.0419,-0.2777,0.4519,-80.64,-38.85,-33.74
2.2699,1.0380,-0.2772,0.4514,-79.59,-39.13,-33.74
2.2705,1.0375,-0.2757,0.4538,-80.36,-38.92,-34.58
2.2710,1.0399,-0.2821,0.4587,-79.94,-39.06,-34.72
2.2716,1.0414,-0.2865,0.4504,-80.64,-38.57,-35.49
2.2721,1.0399,-0.2826,0.4451,-79.73,-38.92,-35.77
2.2736,1.0390,-0.2801,0.4475,-80.36,-38.22,-36.05
2.2751,1.0385,-0.2801,0.4470,-79.94,-38.71,-36.54
2.2765,1.0336,-0.2811,0.4475,-80.29,-37.94,-36.54
2.2780,1.0297,-0.2816,0.4441,-80.01,-38.36,-37.59
2.2795,1.0307,-0.2845,0.4441,-80.15,-37.31,-37.24
2.2809,1.0316,-0.2855,0.4451,-80.36,-38.15,-38.08
2.2824,1.0268,-0.2835,0.4421,-79.94,-37.17,-37.87
2.2839,1.0219,-0.2860,0.4377,-80.22,-37.73,-38.85
2.2854,1.0204,-0.2865,0.4377,-79.87,-36.89,-38.43
2.2868,1.0185,-0.2826,0.4402,-80.43,-37.31,-39.62
2.2883,1.0175,-0.2821,0.4407,-79.73,-36.19,-38.43
2.2898,1.0165,-0.2835,0.4402,-80.50,-36.61,-39.90
2.2912,1.0146,-0.2835,0.4382,-79.31,-36.19,-39.27
2.2927,1.0126,-0.2860,0.4387,-80.29,-36.26,-40.04
2.2942,1.0121,-0.2913,0.4382,-79.45,-35.35,-39.34
2.2956,1.0106,-0.2928,0.4353,-80.64,-35.63,-40.32
2.2971,1.0116,-0.2918,0.4372,-79.45,-34.93,-39.69
2.2986,1.0155,-0.2982,0.4392,-80.29,-35.07,-40.32
2.3001,1.0160,-0.3021,0.4372,-80.08,-34.16,-39.83
2.3015,1.0155,-0.3035,0.4353,-80.08,-34.02,-40.11
2.3016,1.0155,-0.3040,0.4338,-80.01,-33.74,-39.90
2.3016,1.0155,-0.3060,0.4353,-79.87,-34.02,-40.11
2.3017,1.0194,-0.3084,0.4397,-80.22,-33.18,-39.55
2.3017,1.0185,-0.3074,0.4348,-79.73,-33.25,-40.04
2.3018,1.0175,-0.3060,0.4329,-79.94,-32.34,-39.13
2.3018,1.0180,-0.3074,0.4358,-79.73,-32.41,-39.69
2.3019,1.0175,-0.3118,0.4358,-79.66,-31.57,-39.20
2.3019,1.0194,-0.3128,0.4382,-80.01,-31.78,-39.13
2.3020,1.0199,-0.3128,0.4353,-79.66,-30.80,-38.57
2.3020,1.0204,-0.3143,0.4329,-79.87,-30.87,-38.50
2.3021,1.0214,-0.3138,0.4343,-79.52,-30.17,-37.80
2.3021,1.0219,-0.3128,0.4343,-79.66,-30.10,-37.80
2.3022,1.0219,-0.3157,0.4372,-79.59,-29.40,-37.38
2.3022,1.0160,-0.3162,0.4363,-79.66,-28.98,-36.40
2.3023,1.0116,-0.3152,0.4353,-79.31,-28.70,-36.96
2.3023,1.0033,-0.3143,0.4382,-79.45,-27.16,-35.56
2.3024,1.0053,-0.3148,0.4402,-79.52,-27.58,-34.86
2.3024,1.0087,-0.3162,0.4377,-79.31,-26.53,-34.23
2.3025,1.0043,-0.3177,0.4382,-79.38,-26.74,-34.23
2.3025,0.9975,-0.3162,0.4402,-79.17,-25.41,-33.11
2.3027,0.9965,-0.3148,0.4407,-79.31,-25.90,-33.11
2.3028,0.9936,-0.3133,0.4402,-79.24,-24.71,-32.20
2.3030,0.9853,-0.3118,0.4353,-79.24,-24.15,-31.43
2.3032,0.9794,-0.3133,0.4358,-79.24,-23.66,-30.87
2.3033,0.9770,-0.3152,0.4421,-79.10,-23.03,-30.45
2.3035,0.9765,-0.3143,0.4451,-79.03,-22.68,-29.61
2.3036,0.9687,-0.3172,0.4436,-79.10,-21.63,-29.05
2.3038,0.9599,-0.3206,0.4416,-79.03,-22.05,-28.49
2.3040,0.9599,-0.3167,0.4431,-78.96,-20.09,-27.23
2.3041,0.9536,-0.3177,0.4475,-78.89,-21.14,-27.16
2.3043,0.9453,-0.3245,0.4485,-78.96,-19.53,-25.97
2.3044,0.9428,-0.3279,0.4470,-78.82,-19.04,-25.06
2.3046,0.9389,-0.3279,0.4514,-78.96,-18.48,-25.06
2.3048,0.9335,-0.3265,0.4568,-78.96,-17.92,-23.52
2.3049,0.9311,-0.3289,0.4587,-79.10,-17.29,-23.59
2.3051,0.9277,-0.3328,0.4582,-78.54,-16.03,-21.77
2.3053,0.9272,-0.3314,0.4558,-78.89,-16.80,-21.98
2.3054,0.9257,-0.3284,0.4626,-78.68,-14.56,-20.44
2.3056,0.9252,-0.3299,0.4675,-79.24,-14.84,-20.58
2.3057,0.9296,-0.3270,0.4665,-78.54,-13.86,-18.97
2.3063,0.9296,-0.3235,0.4656,-78.96,-13.93,-18.97
2.3068,0.9306,-0.3245,0.4656,-78.19,-13.02,-17.36
2.3073,0.9326,-0.3265,0.4631,-78.68,-12.46,-17.01
2.3078,0.9331,-0.3304,0.4641,-78.75,-11.34,-15.75
2.3083,0.9331,-0.3372,0.4675,-78.47,-11.06,-15.82
2.3088,0.9360,-0.3426,0.4680,-78.61,-10.85,-14.07
2.3094,0.9418,-0.3421,0.4714,-78.61,-9.73,-14.07
2.3099,0.9414,-0.3411,0.4758,-78.61,-9.52,-12.95
2.3104,0.9438,-0.3450,0.4743,-78.75,-9.03,-12.53
2.3109,0.9482,-0.3475,0.4748,-78.89,-8.47,-11.13
2.3114,0.9492,-0.3494,0.4768,-78.75,-7.35,-10.50
2.3119,0.9516,-0.3509,0.4782,-78.75,-7.84,-9.73
2.3125,0.9584,-0.3518,0.4807,-78.26,-6.65,-8.96
2.3130,0.9643,-0.3567,0.4812,-79.17,-7.07,-8.33
2.3135,0.9682,-0.3582,0.4831,-78.26,-5.18,-6.72
2.3140,0.9731,-0.3582,0.4865,-78.96,-6.23,-7.21
2.3145,0.9784,-0.3572,0.4846,-78.54,-4.41,-5.18
2.3150,0.9843,-0.3562,0.4856,-79.10,-5.53,-5.81
2.3156,0.9887,-0.3601,0.4895,-78.19,-3.50,-3.50
2.3161,0.9926,-0.3611,0.4856,-78.96,-4.34,-4.34
2.3168,0.9980,-0.3582,0.4831,-78.19,-3.36,-1.61
2.3174,1.0067,-0.3572,0.4865,-78.96,-3.85,-2.45
2.3181,1.0116,-0.3567,0.4885,-78.19,-2.52,-0.14
2.3188,1.0160,-0.3577,0.4914,-78.47,-2.87,-0.98
2.3195,1.0219,-0.3582,0.4919,-78.19,-2.38,1.47
2.3202,1.0248,-0.3567,0.4870,-78.68,-1.96,0.84
2.3208,1.0263,-0.3567,0.4880,-78.12,-2.10,2.73
2.3215,1.0316,-0.3558,0.4943,-78.19,-1.54,3.08
2.3222,1.0365,-0.3548,0.4978,-78.19,-2.17,3.85
2.3229,1.0429,-0.3533,0.4929,-78.33,-1.12,4.69
2.3236,1.0472,-0.3543,0.4885,-77.98,-1.61,5.25
2.3243,1.0468,-0.3582,0.4914,-77.98,-0.21,6.79
2.3249,1.0512,-0.3572,0.4939,-77.84,-1.75,6.37
2.3256,1.0570,-0.3558,0.4929,-77.98,-0.49,8.54
2.3263,1.0585,-0.3597,0.4900,-77.91,-1.33,7.70
2.3270,1.0614,-0.3636,0.4934,-77.49,-0.07,9.87
2.3277,1.0692,-0.3616,0.4978,-77.98,-0.91,9.52
2.3284,1.0731,-0.3626,0.4939,-77.28,-0.21,11.76
2.3290,1.0741,-0.3645,0.4909,-77.63,-0.63,11.06
2.3297,1.0760,-0.3626,0.4968,-77.49,-0.14,12.81
2.3303,1.0795,-0.3640,0.4987,-77.35,-0.49,12.67
2.3308,1.0853,-0.3675,0.4948,-77.35,-0.63,13.72
2.3313,1.0892,-0.3694,0.4943,-77.49,-0.42,14.49
2.3319,1.0878,-0.3660,0.4939,-77.14,-0.42,14.98
2.3324,1.0892,-0.3655,0.4934,-77.35,-0.35,15.82
2.3329,1.0926,-0.3650,0.4919,-77.14,-0.98,16.17
2.3335,1.0975,-0.3601,0.4924,-77.00,-0.84,16.52
2.3340,1.1014,-0.3616,0.4909,-77.07,-1.26,17.22
2.3345,1.1004,-0.3636,0.4880,-76.93,-0.56,18.13
2.3351,1.0980,-0.3592,0.4865,-76.86,-1.40,17.64
2.3356,1.0985,-0.3562,0.4900,-76.72,-1.26,19.04
2.3361,1.1014,-0.3572,0.4943,-76.93,-1.68,18.90
2.3367,1.1029,-0.3558,0.4934,-76.51,-1.54,19.74
2.3372,1.1058,-0.3562,0.4880,-76.72,-1.33,19.88
2.3377,1.1053,-0.3567,0.4836,-76.37,-1.96,20.44
2.3383,1.1058,-0.3523,0.4860,-76.65,-1.82,20.23
2.3388,1.1053,-0.3509,0.4875,-76.44,-2.45,21.14
2.3393,1.1034,-0.3494,0.4826,-76.58,-1.82,21.07
2.3399,1.1019,-0.3494,0.4812,-76.16,-3.08,21.42
2.3404,1.0995,-0.3494,0.4797,-76.44,-2.52,21.63
2.3409,1.0995,-0.3504,0.4778,-76.30,-3.71,21.42
2.3415,1.1019,-0.3523,0.4763,-76.37,-2.73,22.26
2.3420,1.1019,-0.3470,0.4763,-76.30,-4.62,21.49
2.3426,1.1014,-0.3460,0.4797,-75.95,-3.43,21.98
2.3431,1.1048,-0.3494,0.4821,-76.23,-4.62,21.84
2.3437,1.1053,-0.3479,0.4821,-75.53,-3.99,22.33
2.3442,1.1053,-0.3514,0.4812,-76.30,-5.11,21.98
2.3448,1.1073,-0.3553,0.4812,-75.53,-5.18,21.98
2.3453,1.1126,-0.3621,0.4836,-75.39,-6.65,21.49
2.3459,1.1112,-0.3675,0.4807,-76.02,-6.30,21.28
2.3464,1.1097,-0.3753,0.4856,-75.88,-6.86,21.21
2.3470,1.1097,-0.3762,0.4851,-76.09,-6.72,20.79
2.3475,1.1117,-0.3782,0.4885,-76.02,-8.05,20.51
2.3481,1.1141,-0.3806,0.4934,-75.67,-7.70,20.02
2.3486,1.1117,-0.3797,0.4914,-76.16,-8.89,19.95
2.3491,1.1087,-0.3806,0.4919,-75.95,-7.91,19.95
2.3497,1.1068,-0.3821,0.4929,-76.37,-9.66,18.55
2.3502,1.1082,-0.3845,0.4909,-75.88,-9.17,19.04
2.3508,1.1097,-0.3875,0.4909,-76.58,-10.29,18.06
2.3513,1.1053,-0.3899,0.4968,-76.02,-9.38,18.55
2.3519,1.1048,-0.3909,0.4978,-76.58,-10.99,17.08
2.3524,1.1058,-0.3855,0.4968,-75.81,-10.57,17.50
2.3530,1.1043,-0.3836,0.4997,-76.79,-11.41,16.17
2.3535,1.1063,-0.3875,0.4978,-76.23,-11.41,16.59
2.3541,1.1043,-0.3850,0.4953,-77.07,-11.76,15.68
2.3546,1.1009,-0.3845,0.4924,-76.09,-12.25,15.54
2.3552,1.1009,-0.3884,0.4914,-76.30,-12.60,14.70
2.3557,1.0965,-0.3855,0.4948,-76.72,-13.44,14.28
2.3563,1.0936,-0.3802,0.4963,-76.16,-12.53,13.86
2.3568,1.0868,-0.3733,0.4997,-76.37,-13.79,12.88
2.3574,1.0814,-0.3753,0.4968,-76.37,-14.77,12.67
2.3579,1.0790,-0.3758,0.4904,-76.44,-13.86,12.46
2.3585,1.0775,-0.3753,0.4885,-76.72,-15.47,11.76
2.3590,1.0760,-0.3738,0.4895,-76.09,-14.77,11.41
2.3596,1.0712,-0.3714,0.4870,-76.65,-16.10,10.71
2.3601,1.0692,-0.3675,0.4846,-75.67,-15.33,10.85
2.3606,1.0692,-0.3645,0.4826,-76.37,-16.45,9.80
2.3612,1.0673,-0.3675,0.4782,-75.60,-16.10,10.22
2.3617,1.0653,-0.3689,0.4748,-76.09,-16.94,8.96
2.3623,1.0653,-0.3645,0.4734,-75.60,-16.52,9.59
2.3629,1.0638,-0.3616,0.4685,-75.88,-17.15,7.91
2.3635,1.0634,-0.3597,0.4665,-75.39,-16.94,8.89
2.3640,1.0599,-0.3616,0.4651,-75.53,-17.15,7.84
2.3646,1.0570,-0.3611,0.4592,-75.39,-18.20,7.77
2.3652,1.0604,-0.3562,0.4543,-75.11,-17.43,7.49
2.3658,1.0594,-0.3582,0.4514,-75.18,-18.76,7.21
2.3664,1.0575,-0.3582,0.4494,-74.62,-18.06,7.14
2.3669,1.0580,-0.3543,0.4485,-74.83,-18.90,6.44
2.3675,1.0565,-0.3494,0.4475,-74.34,-18.55,6.79
2.3681,1.0536,-0.3455,0.4431,-74.48,-19.39,6.23
2.3687,1.0526,-0.3445,0.4407,-74.06,-18.69,6.16
2.3693,1.0521,-0.3431,0.4348,-73.92,-19.88,5.81
2.3698,1.0526,-0.3416,0.4294,-73.57,-19.11,6.09
2.3704,1.0526,-0.3387,0.4246,-73.57,-19.88,5.53
2.3710,1.0536,-0.3362,0.4216,-73.15,-19.81,6.02
2.3716,1.0555,-0.3372,0.4207,-72.73,-19.60,5.67
2.3722,1.0516,-0.3357,0.4197,-72.59,-20.23,5.95
2.3727,1.0536,-0.3318,0.4211,-72.59,-20.16,5.25
2.3733,1.0551,-0.3333,0.4168,-71.96,-20.37,6.23
2.3739,1.0536,-0.3338,0.4124,-71.40,-20.79,5.11
2.3754,1.0541,-0.3314,0.4119,-71.54,-20.37,6.02
2.3769,1.0555,-0.3314,0.4070,-70.77,-20.79,5.67
2.3785,1.0546,-0.3309,0.4011,-70.42,-20.93,6.23
2.3800,1.0546,-0.3289,0.3972,-70.56,-20.72,5.81
2.3815,1.0575,-0.3299,0.3963,-69.72,-20.93,6.58
2.3830,1.0590,-0.3304,0.3977,-69.44,-20.79,6.44
2.3845,1.0609,-0.3284,0.3987,-69.09,-21.00,6.30
2.3860,1.0580,-0.3289,0.3953,-68.53,-21.07,6.72
2.3875,1.0560,-0.3279,0.3963,-68.60,-21.28,6.30
2.3890,1.0551,-0.3231,0.3943,-68.11,-21.28,7.21
2.3906,1.0575,-0.3206,0.3904,-67.48,-21.07,7.00
2.3921,1.0580,-0.3196,0.3938,-67.20,-21.00,7.63
2.3936,1.0555,-0.3182,0.3919,-66.85,-21.35,7.35
2.3951,1.0541,-0.3177,0.3860,-66.22,-21.21,8.47
2.3966,1.0526,-0.3177,0.3875,-66.08,-21.28,8.05
2.3981,1.0551,-0.3152,0.3870,-65.10,-21.14,8.47
2.3996,1.0541,-0.3152,0.3865,-64.89,-21.14,8.75
2.4012,1.0551,-0.3157,0.3845,-64.47,-21.07,9.10
2.4027,1.0560,-0.3128,0.3821,-64.26,-20.93,9.24
2.4042,1.0536,-0.3133,0.3826,-63.28,-21.21,9.94
2.4043,1.0551,-0.3118,0.3811,-62.86,-20.72,9.87
2.4044,1.0507,-0.3079,0.3758,-61.81,-20.72,10.50
2.4045,1.0468,-0.3060,0.3777,-61.11,-20.23,11.69
2.4047,1.0458,-0.3035,0.3787,-60.48,-21.00,11.55
2.4048,1.0472,-0.2967,0.3782,-59.78,-19.88,12.60
2.4049,1.0463,-0.2952,0.3728,-59.64,-20.44,12.39
2.4050,1.0429,-0.2938,0.3738,-58.59,-20.23,13.09
2.4052,1.0360,-0.2904,0.3758,-58.59,-20.37,13.09
2.4053,1.0326,-0.2899,0.3728,-57.75,-19.53,14.14
2.4054,1.0311,-0.2865,0.3719,-57.33,-19.74,13.79
2.4055,1.0263,-0.2835,0.3684,-56.35,-19.53,14.49
2.4057,1.0224,-0.2786,0.3631,-56.21,-19.32,14.91
2.4058,1.0214,-0.2752,0.3621,-55.51,-19.11,15.47
2.4059,1.0185,-0.2733,0.3601,-54.88,-18.90,15.33
2.4060,1.0136,-0.2747,0.3631,-54.25,-18.41,16.38
2.4062,1.0131,-0.2762,0.3645,-54.04,-18.55,16.24
2.4063,1.0092,-0.2669,0.3567,-52.92,-18.34,17.15
2.4064,1.0024,-0.2645,0.3499,-52.71,-17.92,17.15
2.4065,1.0009,-0.2640,0.3509,-51.80,-17.15,17.78
2.4066,0.9970,-0.2601,0.3494,-51.45,-17.50,17.78
2.4072,0.9921,-0.2606,0.3426,-50.75,-17.15,18.55
2.4079,0.9887,-0.2567,0.3387,-49.42,-15.75,19.46
2.4085,0.9838,-0.2538,0.3392,-48.79,-16.10,19.25
2.4091,0.9789,-0.2542,0.3382,-48.23,-15.26,19.95
2.4097,0.9721,-0.2562,0.3357,-47.81,-15.61,19.81
2.4103,0.9658,-0.2542,0.3392,-46.76,-14.70,20.72
2.4109,0.9594,-0.2552,0.3372,-46.69,-14.84,20.51
2.4115,0.9545,-0.2596,0.3299,-45.50,-13.93,21.42
2.4121,0.9496,-0.2660,0.3294,-45.43,-13.79,21.14
2.4127,0.9423,-0.2684,0.3318,-44.66,-13.02,21.84
2.4133,0.9365,-0.2679,0.3309,-44.31,-12.74,21.84
2.4139,0.9316,-0.2694,0.3289,-43.40,-12.18,22.40
2.4145,0.9262,-0.2708,0.3265,-42.98,-11.97,22.26
2.4151,0.9243,-0.2747,0.3284,-42.70,-11.48,22.47
2.4157,0.9233,-0.2791,0.3265,-41.86,-10.50,22.96
2.4163,0.9213,-0.2821,0.3206,-41.58,-10.71,22.89
2.4169,0.9179,-0.2796,0.3221,-41.30,-9.73,23.59
2.4175,0.9140,-0.2801,0.3270,-40.18,-9.59,23.17
2.4181,0.9106,-0.2806,0.3260,-39.76,-8.75,23.80
2.4187,0.9082,-0.2782,0.3221,-39.34,-9.03,23.17
2.4193,0.9077,-0.2786,0.3211,-39.34,-7.70,24.71
2.4198,0.9008,-0.2757,0.3211,-38.22,-7.84,23.31
2.4203,0.8974,-0.2752,0.3216,-38.15,-6.86,24.92
2.4209,0.8969,-0.2796,0.3211,-37.52,-6.72,23.87
2.4214,0.8955,-0.2826,0.3182,-37.03,-5.95,24.85
2.4219,0.8960,-0.2840,0.3206,-36.54,-5.67,24.15
2.4225,0.8969,-0.2840,0.3216,-36.19,-4.97,24.99
2.4230,0.8921,-0.2855,0.3211,-35.56,-4.55,24.43
2.4235,0.8833,-0.2884,0.3226,-35.07,-3.99,24.71
2.4241,0.8818,-0.2884,0.3177,-34.79,-3.29,24.71
2.4246,0.8818,-0.2889,0.3182,-34.37,-2.87,24.85
2.4251,0.8794,-0.2894,0.3231,-34.23,-2.38,25.06
2.4257,0.8745,-0.2889,0.3245,-33.11,-1.96,24.36
2.4262,0.8721,-0.2938,0.3245,-33.46,-1.33,25.34
2.4267,0.8740,-0.2967,0.3231,-32.48,-0.84,24.57
2.4273,0.8711,-0.2967,0.3240,-32.76,-0.21,25.27
2.4278,0.8662,-0.3011,0.3250,-31.71,-0.14,24.43
2.4284,0.8647,-0.3021,0.3245,-31.78,0.70,25.34
2.4289,0.8667,-0.3045,0.3196,-31.29,1.33,24.22
2.4294,0.8672,-0.3099,0.3177,-30.94,1.96,25.48
2.4300,0.8642,-0.3133,0.3206,-31.08,2.24,23.94
2.4306,0.8628,-0.3133,0.3226,-30.10,2.38,25.20
2.4312,0.8667,-0.3143,0.3226,-30.66,2.80,23.87
2.4318,0.8677,-0.3162,0.3211,-29.33,3.57,24.36
2.4323,0.8647,-0.3182,0.3187,-30.10,3.99,24.15
2.4329,0.8691,-0.3216,0.3167,-28.98,4.27,23.94
2.4335,0.8711,-0.3240,0.3162,-29.33,5.32,23.94
2.4341,0.8686,-0.3260,0.3138,-28.70,5.25,23.52
2.4347,0.8706,-0.3284,0.3109,-28.98,6.09,23.87
2.4353,0.8725,-0.3318,0.3113,-27.93,6.02,22.96
2.4358,0.8716,-0.3362,0.3133,-28.56,7.00,23.59
2.4364,0.8735,-0.3396,0.3109,-27.86,6.72,22.40
2.4370,0.8774,-0.3396,0.3099,-27.72,7.21,23.03
2.4376,0.8784,-0.3396,0.3074,-27.72,7.42,22.12
2.4382,0.8784,-0.3455,0.3074,-27.37,8.26,22.82
2.4388,0.8823,-0.3455,0.3074,-27.79,8.33,21.63
2.4393,0.8867,-0.3460,0.3006,-26.67,9.03,21.84
2.4399,0.8930,-0.3523,0.3006,-26.67,9.59,21.56
2.4405,0.8965,-0.3562,0.3050,-27.44,10.01,20.65
2.4411,0.8979,-0.3587,0.3045,-26.11,10.22,21.28
2.4417,0.8979,-0.3616,0.3026,-27.16,10.43,20.02
2.4422,0.9004,-0.3636,0.3040,-26.18,10.71,20.79
2.4428,0.9033,-0.3660,0.3030,-26.81,10.71,19.46
2.4434,0.9043,-0.3699,0.3035,-26.25,11.13,20.23
2.4440,0.9087,-0.3694,0.3055,-26.67,11.13,18.97
2.4445,0.9111,-0.3680,0.3045,-26.04,11.55,19.60
2.4451,0.9140,-0.3699,0.3030,-26.67,11.76,18.41
2.4457,0.9179,-0.3748,0.3021,-26.46,11.90,18.48
2.4462,0.9204,-0.3806,0.3011,-26.39,12.04,17.64
2.4468,0.9238,-0.3826,0.2982,-26.32,12.25,18.13
2.4474,0.9277,-0.3855,0.3001,-26.53,12.32,17.36
2.4480,0.9326,-0.3880,0.3021,-26.46,12.25,17.36
2.4485,0.9345,-0.3899,0.3016,-26.74,12.60,17.29
2.4491,0.9374,-0.3933,0.3016,-26.67,12.04,16.31
2.4497,0.9428,-0.3938,0.3001,-26.74,13.44,16.87
2.4502,0.9443,-0.3972,0.3001,-26.60,11.90,15.47
2.4508,0.9501,-0.4036,0.3035,-26.74,13.16,16.52
2.4514,0.9560,-0.4114,0.3035,-27.23,12.95,15.19
2.4520,0.9584,-0.4158,0.2996,-26.53,12.53,15.96
2.4525,0.9667,-0.4211,0.2977,-27.16,12.53,14.07
2.4531,0.9765,-0.4280,0.3016,-27.37,12.74,15.40
2.4536,0.9814,-0.4319,0.3006,-27.37,12.39,14.14
2.4542,0.9862,-0.4314,0.2987,-27.30,12.60,14.42
2.4548,0.9906,-0.4324,0.3006,-27.72,12.39,13.86
2.4553,0.9970,-0.4407,0.3045,-28.07,12.46,14.07
2.4559,1.0009,-0.4494,0.3079,-28.14,12.32,13.51
2.4565,1.0043,-0.4553,0.3060,-28.42,12.04,13.37
2.4570,1.0092,-0.4538,0.3040,-28.63,12.11,13.23
2.4576,1.0121,-0.4524,0.3026,-28.77,11.83,12.95
2.4581,1.0170,-0.4543,0.3055,-28.63,11.55,12.95
2.4587,1.0214,-0.4553,0.3084,-29.33,11.48,12.67
2.4593,1.0287,-0.4577,0.3104,-29.12,10.99,12.88
2.4598,1.0331,-0.4573,0.3123,-29.47,11.27,12.18
2.4604,1.0346,-0.4563,0.3079,-29.75,11.06,12.81
2.4609,1.0380,-0.4538,0.3094,-29.82,10.57,11.90
2.4615,1.0409,-0.4538,0.3109,-30.17,10.71,13.16
2.4621,1.0438,-0.4568,0.3079,-30.59,10.22,12.04
2.4626,1.0453,-0.4573,0.3079,-30.38,10.22,12.60
2.4632,1.0487,-0.4573,0.3060,-30.94,9.45,11.55
2.4638,1.0531,-0.4602,0.3089,-30.87,9.73,13.02
2.4657,1.0536,-0.4616,0.3099,-31.08,8.75,11.83
2.4677,1.0531,-0.4582,0.3089,-31.08,8.75,12.67
2.4697,1.0521,-0.4543,0.3113,-31.78,8.47,11.76
2.4716,1.0546,-0.4494,0.3070,-31.43,8.54,13.09
2.4736,1.0604,-0.4480,0.3030,-32.13,7.91,12.04
2.4756,1.0619,-0.4509,0.3026,-31.50,7.42,13.02
2.4775,1.0585,-0.4475,0.3030,-32.48,7.56,12.39
2.4795,1.0594,-0.4446,0.3035,-31.99,7.00,13.23
2.4815,1.0648,-0.4460,0.3040,-32.41,6.58,12.74
2.4834,1.0648,-0.4426,0.3040,-32.41,6.44,13.16
2.4854,1.0624,-0.4358,0.3026,-32.55,5.81,13.23
2.4874,1.0634,-0.4324,0.3035,-32.69,5.53,13.44
2.4893,1.0648,-0.4290,0.3006,-32.83,5.32,13.93
2.4913,1.0653,-0.4246,0.2987,-33.25,5.18,13.72
2.4933,1.0663,-0.4246,0.3030,-32.90,4.20,14.70
2.4952,1.0677,-0.4197,0.3045,-33.67,4.76,14.21
2.4972,1.0682,-0.4163,0.3011,-33.32,3.85,14.77
2.4992,1.0707,-0.4119,0.2952,-33.39,3.29,14.49
2.5011,1.0692,-0.4089,0.2889,-33.25,3.01,15.40
2.5031,1.0668,-0.4099,0.2894,-33.60,2.80,15.05
2.5032,1.0697,-0.4065,0.2933,-33.32,2.38,16.03
2.5032,1.0707,-0.4055,0.2918,-33.53,1.89,15.54
2.5033,1.0726,-0.4002,0.2913,-33.18,1.96,16.87
2.5033,1.0731,-0.3948,0.2923,-33.74,1.26,16.24
2.5034,1.0721,-0.3924,0.2904,-33.60,1.26,17.71
2.5034,1.0731,-0.3894,0.2879,-33.60,0.42,17.01
2.5035,1.0736,-0.3909,0.2869,-33.60,0.28,17.85
2.5036,1.0726,-0.3870,0.2889,-33.25,-0.28,17.85
2.5036,1.0751,-0.3836,0.2889,-33.81,-0.63,18.48
2.5037,1.0790,-0.3821,0.2908,-33.60,-1.19,18.48
2.5037,1.0765,-0.3797,0.2938,-33.39,-1.54,18.90
2.5038,1.0746,-0.3767,0.2918,-33.88,-1.47,19.60
2.5038,1.0746,-0.3738,0.2835,-33.46,-2.17,19.11
2.5039,1.0746,-0.3762,0.2860,-33.46,-3.01,19.95
2.5040,1.0770,-0.3758,0.2874,-33.46,-2.66,20.93
2.5040,1.0795,-0.3758,0.2889,-33.46,-3.99,20.65
2.5041,1.0809,-0.3738,0.2938,-33.25,-3.64,21.49
2.5041,1.0809,-0.3723,0.2938,-33.46,-4.41,21.00
2.5042,1.0780,-0.3738,0.2908,-33.39,-4.76,22.40
2.5042,1.0780,-0.3738,0.2879,-33.53,-4.76,21.63
2.5043,1.0843,-0.3733,0.2889,-33.18,-5.18,23.45
2.5043,1.0843,-0.3723,0.2913,-33.53,-6.09,22.19
2.5044,1.0829,-0.3748,0.2952,-32.97,-5.88,23.94
2.5044,1.0853,-0.3753,0.2962,-33.74,-6.51,22.96
2.5045,1.0853,-0.3758,0.2957,-32.69,-6.93,24.29
2.5045,1.0873,-0.3777,0.2972,-33.39,-6.79,23.31
2.5045,1.0863,-0.3753,0.2977,-32.69,-7.84,24.92
2.5046,1.0799,-0.3714,0.2996,-33.11,-7.84,24.29
2.5046,1.0795,-0.3675,0.2977,-32.55,-8.40,25.06
2.5047,1.0775,-0.3680,0.2991,-33.11,-8.05,25.69
2.5047,1.0716,-0.3684,0.3040,-32.90,-9.24,25.48
2.5048,1.0682,-0.3680,0.3026,-32.83,-9.03,25.90
2.5048,1.0663,-0.3616,0.3001,-33.18,-9.17,26.25
2.5049,1.0604,-0.3592,0.3016,-32.62,-9.10,27.02
2.5049,1.0570,-0.3611,0.3065,-32.90,-10.29,26.60
2.5049,1.0541,-0.3538,0.3055,-32.20,-10.01,27.44
2.5050,1.0497,-0.3489,0.3001,-32.69,-10.64,27.23
2.5050,1.0477,-0.3436,0.2991,-32.06,-9.80,28.28
2.5051,1.0399,-0.3411,0.3021,-32.55,-10.92,27.51
2.5051,1.0341,-0.3392,0.3030,-32.34,-10.71,29.12
2.5053,1.0316,-0.3353,0.3016,-32.48,-11.34,28.00
2.5054,1.0253,-0.3333,0.3021,-31.85,-11.06,29.61
2.5055,1.0209,-0.3270,0.3006,-32.34,-11.76,28.77
2.5057,1.0180,-0.3196,0.3016,-31.85,-11.27,30.03
2.5058,1.0126,-0.3182,0.2991,-32.27,-11.83,29.40
2.5059,1.0106,-0.3148,0.2977,-31.57,-11.76,30.24
2.5061,1.0077,-0.3109,0.3006,-31.99,-11.90,30.10
2.5062,1.0009,-0.3118,0.3001,-31.08,-12.25,30.73
2.5063,0.9975,-0.3089,0.2987,-31.78,-11.69,30.45
2.5065,0.9945,-0.3055,0.2972,-31.29,-12.25,31.08
2.5066,0.9911,-0.3055,0.2987,-31.22,-12.46,31.08
2.5067,0.9897,-0.3040,0.2996,-31.15,-12.74,31.50
2.5069,0.9833,-0.3026,0.2996,-31.22,-12.04,31.64
2.5070,0.9804,-0.3016,0.3006,-31.15,-12.88,31.22
2.5071,0.9809,-0.2987,0.3016,-30.52,-11.34,32.69
2.5073,0.9745,-0.3001,0.3035,-31.15,-13.02,31.57
2.5074,0.9731,-0.3011,0.3006,-30.38,-11.69,32.55
2.5075,0.9750,-0.2996,0.2967,-30.73,-12.67,32.06
2.5077,0.9692,-0.2991,0.2991,-30.10,-11.69,33.04
2.5078,0.9672,-0.2996,0.2996,-30.94,-12.60,31.85
2.5084,0.9682,-0.2982,0.2996,-29.82,-12.18,33.32
2.5091,0.9658,-0.2952,0.3016,-30.73,-12.39,31.99
2.5097,0.9643,-0.2972,0.2991,-29.82,-12.11,33.25
2.5104,0.9604,-0.3006,0.3006,-30.45,-12.04,32.20
2.5110,0.9575,-0.2977,0.3001,-30.03,-12.11,32.83
2.5117,0.9579,-0.2962,0.3016,-30.45,-11.90,32.48
2.5123,0.9545,-0.2948,0.3026,-29.68,-12.39,32.62
2.5129,0.9492,-0.2948,0.2987,-30.17,-11.20,32.55
2.5136,0.9462,-0.2972,0.2957,-30.03,-12.46,32.41
2.5142,0.9443,-0.2982,0.2982,-30.10,-10.71,32.48
2.5149,0.9399,-0.3021,0.3050,-30.10,-12.04,31.78
2.5155,0.9365,-0.3040,0.3050,-29.96,-10.92,32.41
2.5162,0.9326,-0.3089,0.3030,-30.38,-11.48,31.57
2.5168,0.9272,-0.3128,0.3040,-29.96,-10.43,32.06
2.5174,0.9228,-0.3113,0.3055,-30.38,-10.99,31.36
2.5181,0.9199,-0.3123,0.3045,-29.96,-10.36,31.57
2.5187,0.9179,-0.3138,0.3060,-30.45,-10.78,30.94
2.5194,0.9096,-0.3133,0.3084,-29.89,-9.80,31.29
2.5200,0.9004,-0.3138,0.3070,-30.66,-10.08,30.66
2.5207,0.8999,-0.3162,0.3065,-30.17,-9.73,30.73
2.5212,0.8994,-0.3201,0.3079,-30.94,-9.38,30.24
2.5217,0.8960,-0.3231,0.3123,-30.52,-9.73,29.82
2.5222,0.8930,-0.3240,0.3143,-30.80,-8.82,29.89
2.5228,0.8882,-0.3240,0.3128,-30.73,-9.03,29.40
2.5233,0.8804,-0.3240,0.3128,-31.08,-8.40,29.19
2.5238,0.8808,-0.3260,0.3128,-30.87,-8.19,28.70
2.5243,0.8843,-0.3304,0.3123,-31.43,-8.05,28.63
2.5249,0.8828,-0.3367,0.3109,-31.08,-7.84,28.21
2.5254,0.8808,-0.3387,0.3104,-31.22,-7.14,27.72
2.5259,0.8779,-0.3401,0.3113,-31.22,-6.86,28.14
2.5265,0.8774,-0.3431,0.3109,-31.29,-6.93,27.30
2.5270,0.8799,-0.3455,0.3089,-31.85,-6.02,27.16
2.5275,0.8755,-0.3440,0.3099,-31.78,-6.44,26.46
2.5280,0.8740,-0.3470,0.3118,-32.20,-5.18,26.53
2.5286,0.8799,-0.3494,0.3123,-32.06,-5.74,25.76
2.5291,0.8808,-0.3479,0.3133,-32.55,-5.53,25.69
2.5296,0.8794,-0.3523,0.3094,-32.62,-4.97,25.06
2.5301,0.8818,-0.3548,0.3021,-32.69,-4.62,25.13
2.5307,0.8838,-0.3509,0.2982,-32.90,-4.62,24.50
2.5312,0.8872,-0.3489,0.2996,-33.04,-4.20,24.08
2.5318,0.8867,-0.3489,0.2996,-33.39,-3.57,24.01
2.5324,0.8833,-0.3455,0.3006,-33.32,-3.64,23.52
2.5330,0.8838,-0.3440,0.2991,-33.46,-3.29,23.24
2.5337,0.8862,-0.3392,0.2967,-33.88,-2.59,22.96
2.5343,0.8886,-0.3318,0.2987,-33.81,-2.94,22.47
2.5349,0.8901,-0.3284,0.2991,-34.02,-2.45,21.77
2.5355,0.8916,-0.3240,0.2948,-34.16,-2.38,21.98
2.5361,0.8818,-0.3030,0.2904,-34.09,-1.40,21.07
2.5367,0.8823,-0.2957,0.2913,-34.37,-1.12,20.37
2.5374,0.8857,-0.2933,0.2908,-34.44,-0.56,20.23
2.5380,0.8847,-0.2835,0.2899,-34.72,-0.56,19.39
2.5386,0.8818,-0.2728,0.2923,-34.37,-0.07,19.11
2.5392,0.8750,-0.2669,0.2923,-34.86,0.14,18.90
2.5398,0.8701,-0.2586,0.2908,-34.37,0.14,17.64
2.5404,0.8725,-0.2528,0.2884,-35.00,0.84,17.22
2.5410,0.8730,-0.2518,0.2884,-34.51,0.42,16.59
2.5417,0.8716,-0.2484,0.2899,-35.07,1.40,16.10
2.5423,0.8701,-0.2460,0.2904,-34.44,1.40,15.47
2.5429,0.8667,-0.2460,0.2899,-34.30,1.68,15.12
2.5435,0.8682,-0.2450,0.2884,-34.72,1.96,14.00
2.5440,0.8686,-0.2445,0.2869,-34.51,2.03,13.65
2.5446,0.8677,-0.2450,0.2845,-34.51,2.31,12.39
2.5451,0.8701,-0.2460,0.2860,-34.23,2.45,12.11
2.5456,0.8716,-0.2489,0.2894,-34.51,3.15,10.78
2.5462,0.8721,-0.2469,0.2889,-34.44,3.29,10.08
2.5467,0.8745,-0.2464,0.2894,-34.44,3.71,8.89
2.5473,0.8760,-0.2562,0.2918,-34.58,3.36,8.12
2.5478,0.8799,-0.2591,0.2952,-34.37,4.13,6.02
2.5483,0.8833,-0.2660,0.2962,-34.86,4.55,5.18
2.5489,0.8882,-0.2708,0.2977,-34.65,4.48,3.99
2.5494,0.8877,-0.2713,0.2987,-34.23,4.55,2.94
2.5499,0.8901,-0.2777,0.3006,-34.65,5.04,2.17
2.5505,0.8945,-0.2860,0.3006,-34.72,5.25,0.21
2.5510,0.8974,-0.2889,0.3011,-34.65,5.46,-0.14
2.5515,0.9023,-0.2889,0.3045,-34.86,5.18,-1.89
2.5521,0.9038,-0.2928,0.3079,-34.72,5.81,-2.59
2.5526,0.9048,-0.3001,0.3084,-34.93,5.67,-4.06
2.5531,0.9106,-0.3070,0.3099,-35.14,6.16,-4.69
2.5537,0.9145,-0.3099,0.3109,-35.21,5.81,-6.65
2.5542,0.9130,-0.3109,0.3099,-35.35,6.44,-7.14
2.5548,0.9140,-0.3143,0.3113,-35.28,5.88,-8.89
2.5553,0.9174,-0.3187,0.3187,-35.14,6.16,-9.87
2.5558,0.9257,-0.3221,0.3245,-35.21,6.23,-11.06
2.5564,0.9301,-0.3231,0.3240,-35.63,6.37,-12.11
2.5569,0.9311,-0.3231,0.3226,-35.49,6.65,-13.37
2.5575,0.9370,-0.3274,0.3201,-35.56,6.02,-14.63
2.5580,0.9409,-0.3294,0.3187,-35.42,6.93,-15.19
2.5586,0.9467,-0.3289,0.3211,-35.91,6.30,-16.94
2.5591,0.9506,-0.3309,0.3235,-35.49,6.93,-17.36
2.5596,0.9521,-0.3333,0.3260,-36.19,6.37,-19.32
2.5602,0.9594,-0.3318,0.3226,-35.84,7.00,-19.11
2.5607,0.9692,-0.3279,0.3192,-35.91,6.30,-21.14
2.5613,0.9731,-0.3265,0.3221,-35.84,7.00,-21.07
2.5618,0.9760,-0.3250,0.3221,-35.98,6.30,-23.03
2.5623,0.9828,-0.3201,0.3211,-35.70,6.58,-23.10
2.5629,0.9872,-0.3206,0.3201,-36.05,6.44,-24.36
2.5634,0.9931,-0.3240,0.3206,-35.70,6.09,-24.71
2.5640,1.0014,-0.3206,0.3187,-36.12,6.23,-25.69
2.5645,1.0048,-0.3196,0.3172,-35.63,6.02,-26.32
2.5651,1.0092,-0.3187,0.3152,-35.91,6.23,-26.95
2.5656,1.0126,-0.3138,0.3128,-35.56,6.09,-27.72
2.5661,1.0150,-0.3128,0.3133,-35.56,5.60,-28.21
2.5667,1.0180,-0.3133,0.3104,-35.49,5.46,-28.70
2.5672,1.0209,-0.3128,0.3070,-35.28,5.46,-29.40
2.5677,1.0248,-0.3099,0.3050,-35.42,5.81,-29.47
2.5682,1.0263,-0.3074,0.3050,-35.21,5.18,-29.40
2.5688,1.0282,-0.3040,0.3040,-35.35,5.25,-30.59
2.5693,1.0277,-0.3016,0.3021,-34.51,4.62,-30.45
2.5698,1.0292,-0.3045,0.3006,-35.56,4.83,-30.80
2.5704,1.0341,-0.3065,0.3001,-34.30,4.34,-30.87
2.5709,1.0360,-0.3050,0.2996,-34.65,4.41,-31.36
2.5714,1.0375,-0.3006,0.2943,-34.37,3.78,-30.80
2.5720,1.0409,-0.3006,0.2918,-34.16,3.92,-31.36
2.5725,1.0433,-0.2967,0.2899,-34.30,3.43,-31.22
2.5730,1.0424,-0.2923,0.2894,-33.67,3.64,-31.36
2.5735,1.0453,-0.2952,0.2899,-33.81,3.01,-31.50
2.5741,1.0482,-0.2933,0.2855,-33.39,3.01,-31.01
2.5746,1.0472,-0.2923,0.2826,-33.60,2.38,-31.29
2.5751,1.0443,-0.2948,0.2826,-33.32,2.52,-30.87
2.5757,1.0482,-0.2938,0.2826,-33.25,2.52,-30.87
2.5773,1.0497,-0.2957,0.2821,-32.69,2.31,-30.45
2.5790,1.0497,-0.2996,0.2816,-32.90,1.75,-30.45
2.5807,1.0570,-0.2996,0.2801,-32.34,1.82,-29.96
2.5824,1.0575,-0.3011,0.2816,-31.92,1.68,-28.70
2.5840,1.0585,-0.3021,0.2830,-31.99,1.05,-29.61
2.5857,1.0594,-0.3030,0.2791,-31.64,0.98,-28.21
2.5874,1.0614,-0.3065,0.2777,-31.99,0.35,-29.12
2.5890,1.0634,-0.3113,0.2777,-31.36,0.42,-27.65
2.5907,1.0673,-0.3152,0.2786,-31.36,-0.42,-28.49
2.5924,1.0712,-0.3152,0.2835,-31.15,0.14,-26.67
2.5941,1.0731,-0.3192,0.2840,-31.08,-0.84,-27.37
2.5957,1.0731,-0.3235,0.2845,-31.08,-0.84,-26.32
2.5974,1.0751,-0.3245,0.2860,-30.59,-1.05,-25.97
2.5991,1.0751,-0.3274,0.2840,-30.73,-1.40,-25.69
2.6007,1.0746,-0.3338,0.2850,-30.73,-1.61,-24.64
2.6024,1.0804,-0.3343,0.2874,-30.73,-2.24,-24.78
2.6041,1.0809,-0.3367,0.2865,-30.10,-2.03,-23.87
2.6058,1.0829,-0.3396,0.2879,-30.73,-2.31,-23.66
2.6074,1.0838,-0.3353,0.2889,-30.10,-2.59,-22.68
2.6091,1.0819,-0.3343,0.2879,-30.03,-3.01,-22.54
2.6092,1.0814,-0.3328,0.3006,-30.38,-3.92,-21.70
2.6092,1.0785,-0.3289,0.2957,-29.75,-3.92,-20.79
2.6093,1.0756,-0.3299,0.2957,-29.54,-4.06,-20.51
2.6094,1.0765,-0.3328,0.2943,-29.75,-3.43,-19.74
2.6094,1.0741,-0.3314,0.2938,-29.61,-4.69,-19.46
2.6095,1.0692,-0.3323,0.2982,-29.19,-4.48,-18.76
2.6096,1.0707,-0.3323,0.2972,-29.61,-4.97,-18.48
2.6096,1.0731,-0.3318,0.2967,-29.33,-4.62,-17.36
2.6097,1.0668,-0.3323,0.2957,-29.05,-6.02,-17.99
2.6098,1.0629,-0.3289,0.2938,-29.19,-4.97,-16.24
2.6098,1.0609,-0.3314,0.2967,-29.47,-5.95,-16.94
2.6099,1.0560,-0.3362,0.2972,-28.91,-5.53,-16.03
2.6099,1.0541,-0.3372,0.3011,-29.40,-5.88,-15.68
2.6100,1.0521,-0.3357,0.3001,-28.91,-5.81,-14.77
2.6101,1.0492,-0.3353,0.2943,-28.84,-6.30,-14.63
2.6101,1.0458,-0.3357,0.2977,-28.84,-6.09,-14.21
2.6102,1.0409,-0.3348,0.2977,-28.91,-6.58,-13.86
2.6103,1.0399,-0.3338,0.2957,-28.91,-6.86,-13.37
2.6103,1.0380,-0.3372,0.2952,-29.12,-6.72,-12.88
2.6104,1.0346,-0.3421,0.2952,-28.77,-6.93,-13.02
2.6109,1.0253,-0.3396,0.2957,-29.12,-7.14,-12.04
2.6115,1.0214,-0.3440,0.2957,-28.77,-7.35,-11.55
2.6120,1.0248,-0.3440,0.2933,-29.05,-6.93,-11.48
2.6125,1.0224,-0.3470,0.2904,-28.91,-7.49,-10.50
2.6131,1.0204,-0.3504,0.2923,-28.98,-7.28,-10.57
2.6136,1.0204,-0.3465,0.2938,-28.98,-7.56,-10.22
2.6141,1.0170,-0.3445,0.2904,-29.33,-7.07,-9.87
2.6147,1.0150,-0.3509,0.2874,-29.19,-7.77,-10.08
2.6152,1.0136,-0.3572,0.2860,-29.61,-7.56,-9.24
2.6157,1.0131,-0.3562,0.2850,-29.26,-7.84,-9.45
2.6163,1.0146,-0.3553,0.2845,-29.54,-7.77,-8.54
2.6168,1.0155,-0.3582,0.2830,-29.33,-7.77,-9.10
2.6173,1.0141,-0.3621,0.2835,-29.89,-7.49,-7.91
2.6179,1.0150,-0.3616,0.2850,-29.68,-7.56,-8.54
2.6184,1.0175,-0.3587,0.2840,-30.10,-8.12,-7.98
2.6189,1.0180,-0.3606,0.2821,-29.75,-7.70,-7.84
2.6195,1.0160,-0.3616,0.2806,-30.03,-7.98,-7.35
2.6200,1.0170,-0.3582,0.2806,-30.31,-7.70,-7.42
2.6205,1.0194,-0.3548,0.2796,-30.24,-8.19,-7.21
2.6211,1.0180,-0.3562,0.2796,-29.89,-7.63,-6.58
2.6216,1.0136,-0.3533,0.2816,-31.01,-8.12,-7.00
2.6221,1.0155,-0.3475,0.2811,-30.45,-8.05,-6.37
2.6227,1.0160,-0.3465,0.2816,-30.94,-8.12,-6.30
2.6232,1.0121,-0.3479,0.2821,-31.22,-7.91,-6.37
2.6238,1.0106,-0.3445,0.2801,-30.94,-8.26,-6.44
2.6243,1.0087,-0.3440,0.2811,-31.36,-7.91,-5.95
2.6248,1.0087,-0.3436,0.2855,-31.08,-8.68,-6.16
2.6254,1.0087,-0.3382,0.2894,-31.71,-7.91,-5.67
2.6259,1.0038,-0.3353,0.2874,-31.64,-8.05,-5.88
2.6264,0.9970,-0.3362,0.2860,-31.64,-7.70,-5.53
2.6270,0.9911,-0.3362,0.2879,-31.64,-8.47,-5.88
2.6275,0.9906,-0.3323,0.2865,-31.99,-7.63,-5.60
2.6281,0.9867,-0.3304,0.2865,-32.13,-7.84,-5.67
2.6286,0.9814,-0.3270,0.2889,-32.27,-7.63,-5.53
2.6291,0.9750,-0.3221,0.2855,-32.76,-7.91,-6.02
2.6297,0.9706,-0.3235,0.2816,-32.48,-7.28,-5.60
2.6302,0.9697,-0.3245,0.2845,-32.83,-7.49,-5.74
2.6307,0.9662,-0.3240,0.2845,-32.48,-7.56,-6.16
2.6313,0.9643,-0.3270,0.2821,-33.46,-7.35,-5.60
2.6318,0.9638,-0.3260,0.2830,-33.04,-7.49,-6.86
2.6324,0.9575,-0.3245,0.2826,-33.25,-6.72,-5.88
2.6331,0.9501,-0.3255,0.2879,-33.53,-6.93,-7.28
2.6337,0.9423,-0.3250,0.2913,-33.53,-6.44,-6.16
2.6343,0.9389,-0.3270,0.2860,-34.02,-6.86,-7.49
2.6350,0.9443,-0.3304,0.2845,-33.60,-6.23,-6.79
2.6356,0.9418,-0.3304,0.2850,-34.44,-6.44,-7.84
2.6362,0.9340,-0.3314,0.2840,-34.37,-5.95,-7.35
2.6369,0.9350,-0.3353,0.2855,-34.72,-5.81,-8.19
2.6375,0.9355,-0.3367,0.2860,-34.58,-6.02,-8.19
2.6381,0.9345,-0.3372,0.2821,-35.35,-5.60,-8.61
2.6388,0.9360,-0.3357,0.2786,-35.14,-4.76,-8.82
2.6394,0.9370,-0.3401,0.2830,-35.84,-4.97,-9.17
2.6400,0.9384,-0.3460,0.2801,-35.70,-4.83,-9.87
2.6406,0.9404,-0.3450,0.2777,-36.19,-4.62,-9.73
2.6413,0.9428,-0.3518,0.2806,-36.40,-4.90,-10.78
2.6419,0.9355,-0.3592,0.2762,-36.61,-3.99,-10.29
2.6425,0.9384,-0.3592,0.2728,-36.75,-3.78,-10.92
2.6432,0.9423,-0.3611,0.2733,-37.66,-3.92,-12.74
2.6438,0.9443,-0.3650,0.2747,-37.38,-3.29,-11.69
2.6444,0.9462,-0.3689,0.2752,-38.43,-3.71,-13.58
2.6450,0.9496,-0.3743,0.2738,-37.87,-2.94,-12.11
2.6455,0.9472,-0.3777,0.2743,-39.20,-3.29,-14.70
2.6461,0.9438,-0.3811,0.2767,-38.57,-3.15,-13.23
2.6466,0.9453,-0.3806,0.2752,-39.76,-2.38,-15.12
2.6472,0.9472,-0.3826,0.2743,-39.34,-2.59,-13.79
2.6477,0.9487,-0.3875,0.2752,-40.39,-2.45,-15.75
2.6483,0.9467,-0.3909,0.2743,-39.90,-2.17,-14.63
2.6488,0.9448,-0.3953,0.2733,-40.95,-1.75,-16.03
2.6494,0.9467,-0.3953,0.2757,-40.81,-1.89,-15.54
2.6499,0.9487,-0.3958,0.2738,-41.65,-1.33,-16.10
2.6504,0.9477,-0.3987,0.2723,-41.44,-1.89,-16.59
2.6510,0.9443,-0.3982,0.2728,-42.28,-1.26,-16.31
2.6515,0.9472,-0.3997,0.2738,-42.56,-1.19,-17.01
2.6521,0.9467,-0.3972,0.2684,-42.56,-1.05,-16.66
2.6526,0.9531,-0.3992,0.2660,-42.84,-0.63,-16.66
2.6532,0.9614,-0.3982,0.2694,-44.17,-0.49,-17.85
2.6537,0.9614,-0.3943,0.2723,-43.61,-0.14,-16.73
2.6543,0.9614,-0.3914,0.2723,-44.52,-0.28,-17.85
2.6548,0.9672,-0.3933,0.2718,-44.03,0.14,-16.45
2.6554,0.9706,-0.3938,0.2699,-45.22,-0.07,-17.64
2.6559,0.9721,-0.3909,0.2694,-44.45,0.56,-16.45
2.6564,0.9711,-0.3865,0.2704,-45.50,0.07,-17.57
2.6569,0.9711,-0.3845,0.2689,-45.29,1.05,-15.54
2.6574,0.9701,-0.3855,0.2660,-45.99,0.70,-17.57
2.6579,0.9736,-0.3831,0.2640,-45.57,1.47,-15.05
2.6584,0.9799,-0.3806,0.2655,-46.69,0.77,-16.87
2.6589,0.9819,-0.3797,0.2645,-46.06,1.40,-15.05
2.6594,0.9833,-0.3762,0.2625,-46.83,1.54,-15.68
2.6599,0.9853,-0.3719,0.2679,-46.48,1.75,-14.77
2.6604,0.9867,-0.3709,0.2699,-47.25,1.61,-14.63
2.6609,0.9872,-0.3680,0.2743,-46.90,2.10,-13.72
2.6614,0.9872,-0.3660,0.2772,-47.67,1.68,-13.72
2.6618,0.9867,-0.3689,0.2728,-47.18,2.52,-12.95
2.6623,0.9906,-0.3665,0.2689,-47.81,2.17,-12.60
2.6628,0.9902,-0.3611,0.2616,-47.67,3.08,-11.90
2.6633,0.9911,-0.3606,0.2616,-47.88,2.59,-11.13
2.6638,0.9941,-0.3543,0.2635,-48.02,2.38,-11.69
2.6643,0.9941,-0.3484,0.2684,-48.37,3.08,-9.73
2.6648,0.9921,-0.3470,0.2669,-48.44,2.45,-10.57
2.6653,0.9872,-0.3460,0.2645,-48.02,3.15,-8.54
2.6673,0.9872,-0.3489,0.2621,-48.37,2.73,-9.80
2.6692,0.9867,-0.3445,0.2596,-48.44,3.78,-7.00
2.6712,0.9882,-0.3362,0.2601,-49.21,3.01,-8.40
2.6731,0.9882,-0.3372,0.2586,-48.37,3.64,-5.74
2.6750,0.9872,-0.3377,0.2606,-49.14,3.36,-6.86
2.6770,0.9897,-0.3328,0.2616,-48.37,3.71,-4.76
2.6789,0.9887,-0.3338,0.2625,-49.42,4.06,-5.32
2.6809,0.9848,-0.3343,0.2645,-48.58,3.85,-3.99
2.6828,0.9843,-0.3294,0.2606,-49.49,4.20,-3.92
2.6847,0.9872,-0.3270,0.2582,-48.79,3.92,-2.94
2.6867,0.9867,-0.3265,0.2562,-49.21,4.20,-2.45
2.6886,0.9833,-0.3235,0.2528,-49.21,4.06,-1.82
2.6906,0.9828,-0.3201,0.2528,-49.28,4.76,-0.77
2.6925,0.9823,-0.3240,0.2508,-49.35,4.34,-0.98
2.6945,0.9799,-0.3265,0.2508,-49.21,5.25,0.63
2.6964,0.9809,-0.3235,0.2542,-49.77,4.41,-0.14
2.6983,0.9838,-0.3274,0.2542,-49.14,5.25,2.03
2.7003,0.9833,-0.3318,0.2547,-50.12,4.69,0.91
2.7022,0.9799,-0.3343,0.2533,-49.21,5.53,2.87
2.7042,0.9775,-0.3333,0.2508,-50.12,4.97,1.96
2.7042,0.9784,-0.3357,0.2508,-49.63,5.60,3.92
2.7043,0.9794,-0.3401,0.2503,-49.91,4.97,2.94
2.7043,0.9784,-0.3416,0.2523,-49.91,5.39,5.04
2.7043,0.9799,-0.3421,0.2518,-50.54,5.46,3.99
2.7044,0.9799,-0.3436,0.2508,-50.12,5.60,5.95
2.7044,0.9794,-0.3440,0.2464,-51.10,5.67,5.04
2.7045,0.9814,-0.3470,0.2460,-50.12,5.60,6.09
2.7045,0.9843,-0.3533,0.2460,-51.03,6.09,6.30
2.7046,0.9862,-0.3543,0.2445,-50.40,5.60,6.65
2.7046,0.9862,-0.3553,0.2474,-51.17,6.02,7.28
2.7047,0.9867,-0.3533,0.2455,-50.89,5.88,7.49
2.7047,0.9877,-0.3543,0.2455,-51.73,6.09,7.84
2.7048,0.9867,-0.3577,0.2455,-51.10,5.88,8.54
2.7048,0.9877,-0.3592,0.2484,-52.15,6.44,8.96
2.7049,0.9926,-0.3577,0.2464,-51.52,5.88,9.38
2.7049,0.9945,-0.3572,0.2440,-52.36,6.30,9.10
2.7050,0.9945,-0.3592,0.2464,-52.01,6.16,9.94
2.7050,0.9911,-0.3597,0.2474,-52.64,6.23,10.01
2.7051,0.9926,-0.3577,0.2460,-52.36,6.09,10.08
2.7051,0.9955,-0.3558,0.2455,-52.71,6.51,10.50
2.7051,0.9941,-0.3572,0.2430,-52.64,5.74,10.92
2.7052,0.9936,-0.3538,0.2420,-52.92,6.09,11.27
2.7052,0.9945,-0.3479,0.2440,-52.92,5.95,11.41
2.7052,0.9989,-0.3440,0.2435,-53.34,6.44,11.69
2.7053,0.9999,-0.3411,0.2440,-53.20,5.95,11.69
2.7053,0.9975,-0.3401,0.2455,-53.20,5.95,12.11
2.7053,0.9965,-0.3323,0.2474,-53.69,6.02,12.32
2.7054,0.9989,-0.3255,0.2474,-53.48,5.95,12.95
2.7054,0.9955,-0.3157,0.2425,-53.76,5.95,12.53
2.7055,0.9911,-0.3099,0.2411,-54.04,5.39,12.88
2.7055,0.9931,-0.3074,0.2440,-53.97,6.02,13.72
2.7055,0.9921,-0.3040,0.2464,-54.32,5.25,12.74
2.7056,0.9911,-0.3026,0.2435,-54.11,5.74,13.86
2.7056,0.9911,-0.3021,0.2377,-54.39,5.39,13.58
2.7056,0.9858,-0.2987,0.2411,-54.04,5.53,13.93
2.7057,0.9828,-0.2962,0.2416,-54.46,5.39,13.72
2.7057,0.9862,-0.2908,0.2416,-54.11,5.39,14.00
2.7057,0.9843,-0.2874,0.2435,-54.46,5.39,13.79
2.7058,0.9823,-0.2865,0.2411,-54.18,5.25,14.00
2.7058,0.9809,-0.2840,0.2377,-54.60,5.18,13.72
2.7061,0.9789,-0.2821,0.2401,-54.04,4.97,14.14
2.7065,0.9755,-0.2791,0.2406,-54.88,5.18,13.65
2.7069,0.9760,-0.2747,0.2406,-54.11,4.97,13.93
2.7072,0.9775,-0.2728,0.2406,-54.67,5.25,13.37
2.7076,0.9775,-0.2718,0.2367,-54.04,4.55,13.65
2.7079,0.9775,-0.2699,0.2372,-54.67,4.69,12.95
2.7083,0.9736,-0.2645,0.2372,-54.39,4.69,13.51
2.7086,0.9750,-0.2621,0.2352,-54.53,4.55,12.32
2.7090,0.9736,-0.2635,0.2352,-54.53,4.41,13.02
2.7093,0.9726,-0.2611,0.2357,-54.39,4.48,12.25
2.7097,0.9701,-0.2586,0.2342,-54.60,4.34,12.11
2.7100,0.9721,-0.2562,0.2298,-54.32,4.41,11.90
2.7104,0.9750,-0.2528,0.2284,-54.74,4.48,11.27
2.7108,0.9662,-0.2499,0.2279,-54.32,4.13,11.41
2.7111,0.9633,-0.2508,0.2245,-54.60,4.20,10.22
2.7115,0.9614,-0.2469,0.2211,-54.39,3.99,10.64
2.7118,0.9575,-0.2445,0.2225,-54.67,3.92,9.59
2.7122,0.9599,-0.2489,0.2225,-54.46,3.71,9.03
2.7125,0.9623,-0.2484,0.2181,-54.32,3.71,8.33
2.7129,0.9609,-0.2445,0.2186,-54.25,3.43,7.91
2.7133,0.9565,-0.2445,0.2191,-54.53,3.78,7.14
2.7138,0.9560,-0.2445,0.2196,-54.46,3.08,6.65
2.7142,0.9555,-0.2411,0.2186,-54.32,3.29,5.88
2.7147,0.9560,-0.2406,0.2196,-54.67,2.87,5.32
2.7152,0.9526,-0.2445,0.2181,-54.32,3.01,4.06
2.7156,0.9506,-0.2440,0.2167,-54.46,2.73,3.92
2.7161,0.9511,-0.2420,0.2142,-54.60,3.01,2.94
2.7165,0.9467,-0.2450,0.2133,-53.97,3.01,2.17
2.7170,0.9443,-0.2430,0.2186,-54.53,2.52,1.19
2.7174,0.9443,-0.2411,0.2181,-54.39,2.66,0.84
2.7179,0.9423,-0.2425,0.2133,-54.46,2.03,-0.63
2.7183,0.9399,-0.2411,0.2098,-54.39,1.89,-1.19
2.7188,0.9423,-0.2406,0.2103,-55.02,2.03,-2.59
2.7193,0.9433,-0.2411,0.2128,-54.46,2.17,-3.15
2.7197,0.9433,-0.2377,0.2157,-54.67,1.47,-4.62
2.7202,0.9414,-0.2357,0.2201,-54.32,1.68,-4.83
2.7206,0.9374,-0.2396,0.2211,-54.74,1.47,-6.51
2.7211,0.9365,-0.2425,0.2191,-54.60,1.61,-7.07
2.7215,0.9374,-0.2416,0.2191,-54.60,1.12,-8.40
2.7220,0.9379,-0.2416,0.2201,-54.67,1.05,-8.96
2.7226,0.9379,-0.2401,0.2186,-54.74,0.77,-10.57
2.7231,0.9345,-0.2372,0.2162,-54.81,1.05,-11.20
2.7237,0.9282,-0.2372,0.2167,-55.09,0.63,-12.67
2.7243,0.9252,-0.2352,0.2191,-55.02,0.56,-13.79
2.7249,0.9243,-0.2303,0.2186,-55.09,0.42,-14.56
2.7254,0.9243,-0.2318,0.2191,-55.30,0.42,-16.03
2.7260,0.9277,-0.2357,0.2172,-55.02,0.21,-18.13
2.7266,0.9248,-0.2357,0.2206,-54.74,0.21,-18.97
2.7272,0.9223,-0.2333,0.2211,-55.09,-0.21,-20.44
2.7277,0.9228,-0.2328,0.2181,-54.88,-0.42,-21.63
2.7283,0.9262,-0.2367,0.2172,-55.44,-0.28,-22.68
2.7289,0.9238,-0.2377,0.2157,-55.02,-0.35,-23.73
2.7295,0.9174,-0.2391,0.2152,-55.37,-0.56,-24.99
2.7300,0.9160,-0.2430,0.2128,-55.02,-1.19,-26.11
2.7306,0.9174,-0.2430,0.2133,-55.30,-0.91,-27.09
2.7312,0.9174,-0.2425,0.2142,-55.09,-1.19,-28.35
2.7318,0.9160,-0.2455,0.2152,-55.58,-1.12,-29.82
2.7323,0.9174,-0.2479,0.2167,-55.30,-1.40,-30.31
2.7329,0.9155,-0.2489,0.2098,-55.37,-1.26,-31.92
2.7335,0.9135,-0.2503,0.2035,-55.72,-1.61,-32.90
2.7341,0.9179,-0.2557,0.2054,-55.44,-1.40,-34.09
2.7346,0.9194,-0.2572,0.2054,-55.30,-1.68,-34.86
2.7352,0.9160,-0.2542,0.2064,-55.79,-1.54,-35.77
2.7358,0.9140,-0.2577,0.2064,-55.79,-1.96,-37.24
2.7364,0.9145,-0.2616,0.2045,-55.51,-2.03,-37.87
2.7369,0.9150,-0.2704,0.2035,-55.30,-1.96,-39.48
2.7375,0.9170,-0.2694,0.1986,-56.07,-2.73,-41.65
2.7381,0.9140,-0.2679,0.2001,-55.72,-2.03,-41.09
2.7387,0.9116,-0.2694,0.2006,-56.14,-2.38,-43.12
2.7392,0.9126,-0.2704,0.1981,-55.86,-2.45,-42.91
2.7398,0.9126,-0.2713,0.1976,-56.00,-2.73,-44.73
2.7404,0.9150,-0.2733,0.1976,-56.07,-2.59,-44.59
2.7410,0.9111,-0.2723,0.1972,-56.28,-2.80,-46.06
2.7416,0.9057,-0.2718,0.1932,-56.21,-3.01,-46.20
2.7421,0.9077,-0.2733,0.1947,-56.00,-2.87,-47.18
2.7427,0.9072,-0.2723,0.1937,-56.28,-3.29,-47.60
2.7433,0.9038,-0.2723,0.1893,-56.07,-2.80,-47.88
2.7439,0.9062,-0.2738,0.1928,-56.56,-3.43,-49.07
2.7444,0.9072,-0.2747,0.1932,-55.79,-2.94,-48.79
2.7450,0.9077,-0.2728,0.1903,-56.35,-3.64,-50.12
2.7456,0.9087,-0.2713,0.1889,-55.65,-3.01,-49.28
2.7461,0.9121,-0.2718,0.1859,-56.35,-3.92,-51.45
2.7467,0.9170,-0.2743,0.1850,-55.79,-2.87,-49.77
2.7473,0.9121,-0.2733,0.1874,-56.35,-4.20,-52.57
2.7478,0.9101,-0.2704,0.1850,-55.79,-3.08,-50.12
2.7484,0.9140,-0.2728,0.1815,-55.93,-3.85,-52.92
2.7490,0.9170,-0.2747,0.1806,-55.51,-3.43,-50.82
2.7495,0.9189,-0.2777,0.1801,-56.14,-3.78,-53.06
2.7501,0.9155,-0.2791,0.1801,-55.30,-3.71,-51.38
2.7506,0.9174,-0.2796,0.1776,-56.14,-3.85,-52.85
2.7512,0.9194,-0.2796,0.1762,-55.44,-4.06,-52.15
2.7518,0.9204,-0.2786,0.1781,-55.58,-3.36,-52.71
2.7523,0.9223,-0.2826,0.1771,-55.72,-4.06,-52.22
2.7529,0.9213,-0.2830,0.1732,-55.30,-3.50,-52.22
2.7535,0.9213,-0.2835,0.1708,-55.30,-4.06,-52.57
2.7540,0.9262,-0.2874,0.1684,-55.16,-3.57,-51.73
2.7546,0.9287,-0.2908,0.1703,-55.44,-4.55,-52.92
2.7551,0.9267,-0.2933,0.1693,-54.95,-3.22,-50.96
2.7557,0.9262,-0.2928,0.1679,-55.16,-4.55,-53.13
2.7563,0.9272,-0.2943,0.1684,-54.74,-3.57,-50.40
2.7587,0.9277,-0.2928,0.1649,-55.51,-4.27,-52.43
2.7611,0.9262,-0.2948,0.1664,-54.39,-3.99,-50.33
2.7635,0.9296,-0.2996,0.1625,-54.39,-3.92,-49.77
2.7659,0.9321,-0.3026,0.1669,-54.88,-3.78,-51.03
2.7683,0.9306,-0.3016,0.1669,-54.18,-4.06,-49.35
2.7707,0.9282,-0.3030,0.1640,-54.81,-3.78,-50.19
2.7731,0.9306,-0.3070,0.1635,-53.97,-4.34,-49.07
2.7755,0.9296,-0.3089,0.1630,-54.53,-4.06,-49.21
2.7779,0.9306,-0.3094,0.1645,-54.11,-4.20,-48.51
2.7803,0.9316,-0.3109,0.1659,-54.67,-3.43,-48.02
2.7828,0.9262,-0.3123,0.1664,-53.83,-4.27,-47.95
2.7852,0.9262,-0.3167,0.1630,-54.39,-3.64,-47.04
2.7876,0.9262,-0.3187,0.1654,-54.04,-3.99,-47.67
2.7900,0.9252,-0.3182,0.1674,-54.11,-3.22,-46.13
2.7924,0.9218,-0.3201,0.1664,-54.18,-3.92,-46.83
2.7948,0.9209,-0.3221,0.1654,-53.83,-3.99,-45.15
2.7972,0.9209,-0.3255,0.1630,-54.67,-3.15,-45.64
2.7996,0.9150,-0.3279,0.1664,-53.55,-3.99,-44.38
2.8020,0.9145,-0.3284,0.1679,-54.32,-2.87,-44.59
2.8044,0.9130,-0.3299,0.1635,-53.76,-4.06,-43.75
2.8045,0.9130,-0.3294,0.1654,-53.69,-4.13,-43.33
2.8045,0.9126,-0.3294,0.1649,-53.83,-2.52,-42.28
2.8046,0.9101,-0.3284,0.1659,-53.90,-3.01,-41.79
2.8046,0.9057,-0.3289,0.1659,-54.04,-2.45,-41.79
2.8047,0.9077,-0.3323,0.1630,-53.69,-2.73,-41.30
2.8047,0.9101,-0.3309,0.1640,-54.04,-2.59,-40.95
2.8047,0.9101,-0.3299,0.1674,-53.69,-2.52,-39.83
2.8048,0.9077,-0.3299,0.1679,-54.11,-2.80,-40.18
2.8048,0.9052,-0.3333,0.1654,-53.62,-1.68,-39.27
2.8049,0.9067,-0.3406,0.1615,-53.76,-2.31,-39.06
2.8049,0.9077,-0.3411,0.1659,-53.83,-1.61,-38.36
2.8050,0.9082,-0.3387,0.1674,-54.04,-2.38,-37.73
2.8050,0.9072,-0.3421,0.1615,-53.83,-1.75,-37.87
2.8051,0.9077,-0.3475,0.1606,-54.25,-1.82,-36.68
2.8051,0.9087,-0.3509,0.1615,-53.83,-1.19,-36.75
2.8052,0.9077,-0.3518,0.1606,-54.25,-1.40,-35.98
2.8052,0.9091,-0.3509,0.1601,-54.11,-0.77,-35.63
2.8053,0.9126,-0.3592,0.1615,-54.18,-1.47,-35.28
2.8053,0.9135,-0.3680,0.1596,-54.18,-1.05,-35.00
2.8053,0.9140,-0.3704,0.1532,-54.18,-0.35,-33.81
2.8054,0.9170,-0.3753,0.1537,-54.60,-0.84,-33.95
2.8054,0.9233,-0.3787,0.1571,-54.53,-0.70,-33.81
2.8054,0.9267,-0.3806,0.1586,-55.09,-0.56,-32.90
2.8055,0.9248,-0.3816,0.1581,-54.67,-0.42,-32.97
2.8055,0.9267,-0.3826,0.1566,-54.88,-0.28,-32.20
2.8055,0.9301,-0.3836,0.1557,-55.09,-0.14,-31.78
2.8056,0.9287,-0.3845,0.1542,-55.09,-0.14,-31.15
2.8056,0.9301,-0.3845,0.1527,-55.30,-0.07,-30.87
2.8056,0.9331,-0.3855,0.1537,-55.23,0.21,-30.45
2.8057,0.9331,-0.3860,0.1513,-55.79,-0.21,-29.82
2.8057,0.9350,-0.3865,0.1518,-55.51,0.42,-29.54
2.8057,0.9355,-0.3860,0.1562,-55.86,0.14,-29.26
2.8058,0.9394,-0.3860,0.1552,-56.00,0.56,-28.35
2.8058,0.9418,-0.3850,0.1552,-56.07,0.49,-28.28
2.8058,0.9374,-0.3811,0.1557,-56.00,0.21,-27.72
2.8059,0.9360,-0.3797,0.1547,-56.77,0.63,-27.30
2.8059,0.9414,-0.3821,0.1557,-56.56,0.98,-26.46
2.8059,0.9409,-0.3806,0.1566,-56.77,0.49,-26.60
2.8060,0.9360,-0.3777,0.1586,-56.49,0.98,-25.76
2.8060,0.9389,-0.3772,0.1586,-57.12,0.70,-25.55
2.8063,0.9433,-0.3777,0.1576,-57.19,0.70,-25.06
2.8066,0.9453,-0.3777,0.1571,-57.19,0.21,-24.50
2.8070,0.9472,-0.3738,0.1576,-57.33,1.05,-24.22
2.8073,0.9472,-0.3743,0.1591,-57.54,0.91,-23.45
2.8076,0.9467,-0.3733,0.1566,-57.68,1.19,-23.59
2.8079,0.9443,-0.3719,0.1591,-57.54,0.49,-22.75
2.8083,0.9438,-0.3680,0.1640,-58.10,1.19,-22.75
2.8086,0.9423,-0.3650,0.1649,-58.03,0.56,-22.12
2.8089,0.9433,-0.3675,0.1630,-58.17,1.12,-22.26
2.8092,0.9496,-0.3655,0.1635,-58.38,0.77,-21.42
2.8096,0.9536,-0.3631,0.1703,-58.66,1.33,-21.14
2.8099,0.9501,-0.3650,0.1718,-58.52,0.70,-20.86
2.8102,0.9487,-0.3684,0.1679,-58.80,0.91,-20.30
2.8105,0.9501,-0.3665,0.1640,-58.80,0.63,-20.16
2.8109,0.9462,-0.3631,0.1640,-59.01,0.98,-19.67
2.8112,0.9443,-0.3611,0.1684,-58.87,0.77,-19.81
2.8115,0.9487,-0.3636,0.1679,-59.57,0.77,-18.62
2.8118,0.9521,-0.3601,0.1669,-58.87,0.77,-19.39
2.8122,0.9536,-0.3553,0.1654,-59.64,0.84,-17.99
2.8125,0.9545,-0.3567,0.1664,-59.64,0.84,-18.97
2.8130,0.9521,-0.3538,0.1718,-59.71,0.35,-17.64
2.8136,0.9516,-0.3518,0.1732,-59.64,0.77,-18.55
2.8142,0.9506,-0.3548,0.1732,-59.99,0.14,-17.78
2.8147,0.9550,-0.3538,0.1703,-60.13,0.70,-17.85
2.8153,0.9609,-0.3514,0.1664,-60.13,-0.07,-17.43
2.8159,0.9594,-0.3509,0.1635,-60.27,0.56,-17.08
2.8164,0.9575,-0.3499,0.1640,-60.34,0.21,-17.15
2.8170,0.9550,-0.3489,0.1679,-60.62,0.28,-16.73
2.8176,0.9575,-0.3475,0.1684,-60.55,0.07,-17.01
2.8181,0.9618,-0.3460,0.1688,-60.62,0.00,-16.52
2.8187,0.9579,-0.3436,0.1679,-60.76,0.00,-16.66
2.8193,0.9555,-0.3392,0.1649,-61.04,0.14,-16.24
2.8198,0.9555,-0.3396,0.1620,-61.18,-0.21,-16.38
2.8204,0.9570,-0.3396,0.1571,-60.97,-0.35,-16.45
2.8209,0.9623,-0.3377,0.1581,-61.18,-0.14,-16.66
2.8215,0.9643,-0.3357,0.1601,-61.18,-0.84,-16.24
2.8221,0.9638,-0.3372,0.1615,-61.46,-0.21,-16.66
2.8226,0.9618,-0.3343,0.1635,-61.39,-1.26,-16.10
2.8232,0.9594,-0.3299,0.1601,-62.02,-0.07,-16.45
2.8238,0.9604,-0.3309,0.1571,-61.53,-0.98,-15.96
2.8244,0.9623,-0.3318,0.1552,-61.81,-1.05,-17.01
2.8251,0.9623,-0.3289,0.1581,-61.74,-1.82,-16.45
2.8257,0.9609,-0.3216,0.1635,-62.09,-0.49,-16.52
2.8264,0.9609,-0.3206,0.1635,-61.88,-1.75,-16.73
2.8270,0.9614,-0.3250,0.1581,-62.44,-1.26,-16.45
2.8276,0.9604,-0.3250,0.1586,-62.09,-1.89,-17.01
2.8283,0.9565,-0.3260,0.1615,-62.37,-1.68,-16.66
2.8289,0.9536,-0.3289,0.1620,-62.44,-2.10,-17.64
2.8296,0.9560,-0.3250,0.1620,-62.23,-1.89,-16.73
2.8302,0.9579,-0.3235,0.1581,-62.72,-2.59,-18.55
2.8309,0.9560,-0.3250,0.1576,-62.58,-2.17,-17.15
2.8315,0.9531,-0.3211,0.1601,-63.07,-2.38,-18.55
2.8322,0.9545,-0.3216,0.1615,-62.37,-2.52,-17.92
2.8328,0.9545,-0.3201,0.1606,-63.35,-2.38,-19.04
2.8335,0.9579,-0.3245,0.1596,-62.72,-3.15,-19.04
2.8341,0.9531,-0.3250,0.1591,-62.86,-2.94,-19.25
2.8348,0.9511,-0.3235,0.1566,-63.56,-2.80,-20.09
2.8354,0.9496,-0.3201,0.1566,-63.21,-2.94,-19.88
2.8361,0.9516,-0.3260,0.1596,-63.56,-3.08,-20.72
2.8367,0.9521,-0.3255,0.1620,-63.42,-3.43,-20.79
2.8372,0.9453,-0.3221,0.1625,-63.84,-3.22,-21.21
2.8376,0.9467,-0.3235,0.1620,-63.63,-3.57,-21.70
2.8381,0.9482,-0.3196,0.1591,-63.84,-3.92,-22.05
2.8386,0.9433,-0.3162,0.1620,-64.05,-3.64,-22.68
2.8390,0.9438,-0.3148,0.1649,-64.19,-3.71,-22.75
2.8395,0.9418,-0.3162,0.1625,-64.26,-4.06,-23.52
2.8400,0.9374,-0.3182,0.1620,-64.12,-3.92,-23.31
2.8404,0.9384,-0.3162,0.1586,-64.19,-4.55,-24.57
2.8409,0.9404,-0.3143,0.1586,-64.26,-3.92,-23.66
2.8414,0.9374,-0.3143,0.1640,-64.40,-4.55,-25.48
2.8418,0.9370,-0.3113,0.1635,-64.33,-4.34,-24.57
2.8423,0.9384,-0.3123,0.1606,-64.75,-5.04,-26.32
2.8428,0.9384,-0.3152,0.1635,-64.19,-4.34,-25.27
2.8432,0.9389,-0.3148,0.1606,-65.10,-5.53,-27.37
2.8437,0.9331,-0.3128,0.1581,-64.61,-4.48,-26.53
2.8442,0.9287,-0.3060,0.1557,-65.38,-5.11,-27.58
2.8446,0.9326,-0.3030,0.1547,-64.40,-5.18,-27.30
2.8451,0.9340,-0.3030,0.1576,-65.45,-4.90,-28.49
2.8456,0.9311,-0.3050,0.1547,-64.61,-5.18,-28.21
2.8460,0.9301,-0.3060,0.1523,-65.45,-4.97,-29.19
2.8466,0.9326,-0.3055,0.1547,-64.82,-5.53,-29.54
2.8472,0.9340,-0.3030,0.1576,-65.31,-5.46,-29.75
2.8477,0.9331,-0.2987,0.1537,-65.03,-5.46,-29.96
2.8483,0.9321,-0.2952,0.1542,-65.24,-5.32,-30.73
2.8489,0.9321,-0.2928,0.1537,-65.17,-5.46,-30.80
2.8495,0.9321,-0.2948,0.1518,-65.17,-5.04,-31.08
2.8500,0.9340,-0.2957,0.1542,-65.38,-5.81,-31.92
2.8506,0.9331,-0.2933,0.1513,-64.82,-5.53,-31.71
2.8512,0.9316,-0.2904,0.1503,-65.52,-5.67,-32.55
2.8517,0.9306,-0.2879,0.1474,-64.82,-5.32,-31.99
2.8523,0.9292,-0.2889,0.1474,-65.38,-5.95,-33.32
2.8529,0.9326,-0.2899,0.1484,-64.96,-5.81,-32.69
2.8535,0.9345,-0.2855,0.1464,-65.17,-6.44,-33.88
2.8540,0.9331,-0.2811,0.1479,-64.89,-5.74,-33.04
2.8546,0.9326,-0.2806,0.1444,-65.17,-6.65,-35.21
2.8552,0.9335,-0.2796,0.1444,-64.96,-5.39,-33.67
2.8558,0.9331,-0.2796,0.1474,-65.24,-6.86,-35.77
2.8563,0.9282,-0.2757,0.1454,-64.68,-5.74,-33.95
2.8569,0.9262,-0.2718,0.1454,-65.10,-6.86,-35.98
2.8575,0.9267,-0.2699,0.1464,-64.61,-6.09,-34.86
2.8580,0.9267,-0.2660,0.1488,-64.96,-6.23,-36.26
2.8586,0.9277,-0.2660,0.1513,-64.40,-6.37,-35.70
2.8591,0.9267,-0.2645,0.1503,-64.75,-6.23,-36.33
2.8596,0.9257,-0.2625,0.1493,-64.54,-6.44,-36.33
2.8602,0.9228,-0.2621,0.1454,-64.40,-6.02,-36.54
2.8607,0.9218,-0.2591,0.1459,-64.33,-6.37,-36.89
2.8613,0.9204,-0.2557,0.1459,-64.26,-6.09,-36.47
2.8618,0.9199,-0.2591,0.1459,-64.19,-6.58,-37.59
2.8624,0.9194,-0.2596,0.1484,-63.91,-6.16,-36.96
2.8629,0.9179,-0.2586,0.1493,-63.77,-6.09,-37.66
2.8634,0.9170,-0.2630,0.1493,-63.21,-6.16,-37.38
2.8640,0.9160,-0.2606,0.1449,-64.12,-6.09,-38.15
2.8645,0.9145,-0.2586,0.1425,-63.14,-6.51,-37.66
2.8651,0.9140,-0.2586,0.1459,-63.70,-5.81,-38.71
2.8656,0.9126,-0.2572,0.1474,-63.21,-6.02,-37.80
2.8662,0.9106,-0.2562,0.1459,-63.49,-5.81,-38.71
2.8667,0.9106,-0.2538,0.1435,-62.86,-6.30,-38.71
2.8672,0.9111,-0.2552,0.1449,-63.28,-5.74,-38.99
2.8678,0.9087,-0.2572,0.1435,-62.58,-5.88,-38.64
2.8683,0.9067,-0.2538,0.1405,-62.72,-5.88,-39.41
2.8703,0.9087,-0.2508,0.1420,-62.65,-5.88,-38.92
2.8724,0.9091,-0.2523,0.1391,-62.65,-5.46,-39.48
2.8744,0.9111,-0.2542,0.1405,-62.23,-5.60,-39.41
2.8764,0.9077,-0.2528,0.1425,-62.37,-5.39,-39.97
2.8784,0.9057,-0.2518,0.1425,-62.09,-5.81,-39.97
2.8805,0.9062,-0.2508,0.1440,-62.09,-5.18,-39.76
2.8825,0.9018,-0.2489,0.1396,-62.09,-5.25,-40.25
2.8845,0.9048,-0.2494,0.1342,-61.39,-5.32,-40.04
2.8865,0.9077,-0.2489,0.1327,-62.02,-5.46,-40.46
2.8886,0.9023,-0.2489,0.1322,-61.18,-4.55,-39.69
2.8906,0.9023,-0.2513,0.1342,-61.67,-5.81,-41.09
2.8926,0.9023,-0.2469,0.1337,-61.32,-5.04,-41.16
2.8946,0.9023,-0.2460,0.1376,-60.83,-4.41,-40.46
2.8967,0.9038,-0.2479,0.1386,-60.76,-4.76,-41.02
2.8987,0.9048,-0.2479,0.1371,-60.90,-4.41,-40.67
2.9007,0.9013,-0.2499,0.1357,-60.69,-4.48,-41.02
2.9028,0.8994,-0.2513,0.1366,-60.55,-4.20,-41.09
2.9048,0.9004,-0.2474,0.1352,-60.48,-3.99,-41.23
2.9068,0.9023,-0.2464,0.1327,-60.20,-4.27,-41.37
2.9088,0.9038,-0.2508,0.1337,-60.13,-3.64,-41.51
2.9089,0.9028,-0.2542,0.1327,-59.85,-3.92,-41.44
2.9089,0.9043,-0.2552,0.1308,-60.06,-3.78,-42.07
2.9090,0.9043,-0.2547,0.1298,-59.71,-3.57,-41.51
2.9090,0.9038,-0.2538,0.1279,-59.71,-3.43,-42.14
2.9091,0.9043,-0.2508,0.1269,-59.71,-3.50,-42.14
2.9091,0.9038,-0.2499,0.1279,-59.29,-3.36,-42.91
2.9092,0.9052,-0.2523,0.1259,-59.64,-3.15,-42.21
2.9092,0.9057,-0.2542,0.1259,-59.43,-2.80,-42.49
2.9092,0.9057,-0.2572,0.1259,-59.01,-3.22,-42.84
2.9093,0.9033,-0.2562,0.1283,-59.08,-2.52,-43.05
2.9093,0.9023,-0.2601,0.1274,-58.31,-2.17,-42.84
2.9094,0.8994,-0.2625,0.1225,-58.87,-2.17,-43.19
2.9094,0.8989,-0.2586,0.1225,-58.59,-2.31,-43.40
2.9095,0.8969,-0.2557,0.1220,-58.94,-1.75,-43.68
2.9095,0.8979,-0.2601,0.1254,-58.38,-1.82,-43.47
2.9096,0.8984,-0.2630,0.1249,-58.52,-1.96,-44.03
2.9096,0.8984,-0.2601,0.1215,-58.66,-1.68,-43.89
2.9097,0.9008,-0.2606,0.1230,-58.31,-1.33,-44.10
2.9097,0.8984,-0.2645,0.1240,-58.24,-1.68,-44.24
2.9098,0.8994,-0.2635,0.1244,-58.10,-0.91,-44.31
2.9098,0.8999,-0.2616,0.1235,-58.59,-1.05,-44.52
2.9098,0.8969,-0.2645,0.1249,-57.96,-0.98,-44.73
2.9099,0.8930,-0.2664,0.1244,-58.45,-0.84,-45.22
2.9099,0.8940,-0.2635,0.1230,-57.82,-0.49,-44.94
2.9100,0.8989,-0.2640,0.1254,-58.24,-0.42,-45.29
2.9100,0.9023,-0.2645,0.1254,-57.96,-0.49,-45.71
2.9100,0.9033,-0.2674,0.2489,-58.10,0.00,-45.43
2.9101,0.9013,-0.2708,0.1274,-57.82,-0.56,-45.64
2.9101,0.8999,-0.2728,0.1269,-57.75,-0.49,-46.06
2.9102,0.8999,-0.2743,0.1264,-57.89,0.77,-45.92
2.9102,0.9008,-0.2796,0.1259,-57.47,0.56,-45.85
2.9103,0.9038,-0.2830,0.1293,-58.03,0.98,-46.20
2.9103,0.9038,-0.2826,0.1308,-57.54,0.91,-46.48
2.9103,0.9077,-0.2816,0.1269,-57.96,1.12,-46.34
2.9104,0.9101,-0.2811,0.1259,-57.82,0.63,-46.83
2.9104,0.9082,-0.2786,0.1279,-57.75,1.68,-46.41
2.9105,0.9087,-0.2791,0.1279,-57.75,0.77,-47.11
2.9105,0.9126,-0.2786,0.1225,-57.89,1.82,-46.55
2.9105,0.9130,-0.2796,0.1161,-57.89,1.47,-46.97
2.9106,0.9106,-0.2826,0.1186,-57.54,1.68,-46.83
2.9108,0.9130,-0.2826,0.1181,-58.24,1.47,-47.46
2.9110,0.9174,-0.2830,0.1215,-57.47,1.89,-46.90
2.9112,0.9228,-0.2816,0.1225,-58.10,1.75,-47.39
2.9114,0.9233,-0.2850,0.1191,-57.68,2.10,-47.18
2.9117,0.9199,-0.2865,0.1200,-58.10,2.10,-47.53
2.9119,0.9233,-0.2845,0.1225,-57.61,2.52,-47.25
2.9121,0.9252,-0.2889,0.1230,-57.75,2.73,-47.04
2.9123,0.9243,-0.2918,0.1205,-57.96,2.24,-47.32
2.9125,0.9272,-0.2933,0.1196,-57.75,2.94,-47.32
2.9127,0.9292,-0.2933,0.1200,-58.17,2.31,-47.60
2.9129,0.9321,-0.2943,0.1210,-57.61,3.01,-47.60
2.9132,0.9326,-0.2967,0.1196,-58.31,2.24,-47.74
2.9134,0.9335,-0.2991,0.1244,-57.68,2.87,-47.46
2.9136,0.9345,-0.2991,0.1235,-58.24,2.52,-47.74
2.9138,0.9404,-0.2977,0.1161,-57.96,3.01,-47.53
2.9140,0.9423,-0.3035,0.1196,-58.38,3.15,-47.46
2.9142,0.9399,-0.3021,0.1215,-58.17,3.08,-47.67
2.9144,0.9457,-0.2957,0.1196,-58.31,2.45,-47.88
2.9146,0.9487,-0.2952,0.1200,-58.31,3.43,-46.97
2.9149,0.9443,-0.2952,0.1176,-58.17,2.87,-47.95
2.9154,0.9423,-0.2918,0.1171,-58.38,3.22,-47.04
2.9159,0.9467,-0.2904,0.1191,-58.24,2.80,-47.81
2.9164,0.9487,-0.2923,0.1200,-58.45,3.15,-47.04
2.9169,0.9482,-0.2967,0.1200,-58.59,3.08,-47.74
2.9174,0.9492,-0.2977,0.1205,-58.87,3.71,-46.83
2.9179,0.9453,-0.2967,0.1205,-58.52,2.52,-48.02
2.9185,0.9423,-0.2972,0.1215,-58.73,3.71,-46.83
2.9190,0.9482,-0.2948,0.1230,-58.66,3.08,-47.53
2.9195,0.9457,-0.2943,0.1200,-58.87,4.13,-46.27
2.9200,0.9448,-0.2962,0.1171,-58.73,2.94,-47.53
2.9205,0.9448,-0.2972,0.1220,-58.87,3.85,-46.20
2.9210,0.9414,-0.2972,0.1244,-59.08,3.36,-47.11
2.9215,0.9399,-0.2962,0.1210,-58.52,3.36,-46.62
2.9221,0.9374,-0.2938,0.1230,-58.94,3.85,-46.41
2.9226,0.9409,-0.2962,0.1225,-58.87,3.57,-46.34
2.9231,0.9472,-0.2972,0.1220,-59.22,4.20,-46.06
2.9236,0.9482,-0.2982,0.1244,-58.73,3.22,-46.83
2.9241,0.9453,-0.3006,0.1225,-59.15,3.99,-45.85
2.9246,0.9482,-0.2982,0.1220,-59.22,3.64,-46.48
2.9251,0.9492,-0.2972,0.1269,-59.15,3.85,-45.50
2.9257,0.9462,-0.2991,0.1269,-59.50,3.78,-46.13
2.9264,0.9472,-0.3011,0.1225,-59.15,3.71,-45.29
2.9270,0.9531,-0.3026,0.1220,-59.36,3.64,-45.71
2.9276,0.9526,-0.3006,0.1205,-59.43,4.27,-45.22
2.9282,0.9492,-0.2938,0.1191,-59.08,4.20,-45.01
2.9288,0.9579,-0.2962,0.1191,-59.15,4.13,-44.59
2.9294,0.9599,-0.2943,0.1200,-59.50,3.85,-45.08
2.9300,0.9594,-0.2928,0.1181,-59.36,4.13,-44.31
2.9306,0.9609,-0.2948,0.1196,-59.71,3.99,-44.73
2.9312,0.9599,-0.2938,0.1200,-59.43,3.92,-44.10
2.9318,0.9584,-0.2874,0.1161,-59.50,3.85,-44.38
2.9325,0.9565,-0.2850,0.1157,-59.57,4.13,-43.61
2.9331,0.9604,-0.2860,0.1186,-59.71,3.57,-44.24
2.9337,0.9614,-0.2855,0.1166,-59.71,4.13,-43.40
2.9343,0.9599,-0.2869,0.1147,-59.85,3.85,-43.47
2.9349,0.9633,-0.2860,0.1142,-59.50,3.71,-43.82
2.9355,0.9628,-0.2835,0.1166,-59.78,3.78,-43.19
2.9361,0.9589,-0.2840,0.1161,-59.57,3.85,-43.40
2.9367,0.9599,-0.2806,0.1132,-59.85,3.78,-42.42
2.9373,0.9614,-0.2796,0.1152,-59.92,3.57,-43.40
2.9385,0.9609,-0.2786,0.1152,-59.57,3.64,-42.14
2.9396,0.9614,-0.2752,0.1142,-59.78,3.29,-43.19
2.9408,0.9589,-0.2723,0.1191,-59.50,3.71,-41.79
2.9420,0.9550,-0.2733,0.1215,-59.71,3.57,-41.58
2.9431,0.9550,-0.2708,0.1200,-59.92,3.50,-42.70
2.9443,0.9560,-0.2664,0.1210,-59.71,4.06,-41.16
2.9454,0.9555,-0.2635,0.1191,-59.92,3.22,-42.42
2.9466,0.9540,-0.2621,0.1176,-59.57,3.78,-41.16
2.9477,0.9540,-0.2606,0.1161,-60.13,3.29,-42.14
2.9489,0.9555,-0.2611,0.1147,-59.64,3.71,-41.09
2.9500,0.9540,-0.2616,0.1186,-60.27,3.22,-41.79
2.9512,0.9526,-0.2616,0.1230,-59.64,3.57,-41.09
2.9523,0.9516,-0.2601,0.1244,-60.06,3.78,-41.23
2.9535,0.9506,-0.2601,0.1215,-59.78,3.22,-41.16
2.9546,0.9560,-0.2586,0.1176,-59.99,3.64,-40.81
2.9558,0.9570,-0.2572,0.1186,-59.71,3.36,-41.23
2.9569,0.9516,-0.2582,0.1235,-59.92,3.43,-40.53
2.9581,0.9516,-0.2572,0.1230,-60.06,3.08,-41.23
2.9592,0.9570,-0.2572,0.1196,-59.99,3.57,-40.18
2.9604,0.9594,-0.2611,0.1215,-60.27,2.45,-41.51
2.9609,0.9584,-0.2582,0.1166,-59.36,4.20,-39.34
2.9614,0.9565,-0.2528,0.1166,-60.48,2.17,-41.79
2.9619,0.9560,-0.2494,0.1166,-59.57,3.78,-39.62
2.9624,0.9540,-0.2523,0.1191,-60.69,2.45,-41.72
2.9629,0.9526,-0.2567,0.1230,-59.36,3.50,-39.76
2.9634,0.9550,-0.2508,0.1244,-60.90,2.87,-41.44
2.9640,0.9540,-0.2469,0.1220,-59.36,3.29,-39.97
2.9645,0.9521,-0.2494,0.1196,-60.55,2.80,-41.30
2.9650,0.9545,-0.2455,0.1240,-59.85,3.01,-40.18
2.9655,0.9536,-0.2445,0.1220,-60.48,2.73,-41.30
2.9660,0.9521,-0.2474,0.1166,-59.78,2.73,-40.46
2.9665,0.9565,-0.2430,0.1186,-60.34,2.80,-40.95
2.9670,0.9589,-0.2425,0.1181,-60.20,2.66,-40.74
2.9675,0.9540,-0.2450,0.1196,-60.27,2.94,-41.16
2.9680,0.9492,-0.2416,0.1200,-59.99,2.10,-41.16
2.9685,0.9506,-0.2391,0.1176,-60.27,2.80,-40.60
2.9690,0.9536,-0.2411,0.1200,-60.34,2.10,-41.30
2.9696,0.9521,-0.2430,0.1249,-60.06,2.87,-40.88
2.9701,0.9501,-0.2445,0.1225,-60.48,1.54,-42.21
2.9706,0.9482,-0.2460,0.1152,-60.20,2.66,-40.67
2.9723,0.9560,-0.2411,0.1191,-60.83,1.82,-42.28
2.9740,0.9570,-0.2430,0.1196,-60.83,1.89,-41.72
2.9757,0.9526,-0.2411,0.1181,-59.92,2.03,-41.58
2.9774,0.9506,-0.2386,0.1181,-61.18,2.59,-42.21
2.9791,0.9521,-0.2362,0.1210,-59.99,1.89,-41.86
2.9808,0.9521,-0.2362,0.1225,-61.11,2.52,-41.93
2.9825,0.9526,-0.2377,0.1220,-60.27,1.75,-42.00
2.9842,0.9540,-0.2347,0.1205,-60.76,2.24,-42.28
2.9859,0.9589,-0.2347,0.1181,-60.62,1.68,-42.00
2.9876,0.9628,-0.2357,0.1230,-60.41,2.03,-42.56
2.9893,0.9594,-0.2328,0.1235,-60.90,1.33,-42.21
2.9910,0.9584,-0.2318,0.1215,-60.76,2.10,-42.49
2.9927,0.9594,-0.2318,0.1254,-60.90,1.61,-42.56
2.9944,0.9560,-0.2318,0.1220,-60.27,1.61,-42.77
2.9961,0.9570,-0.2308,0.1166,-61.04,1.47,-42.77
2.9978,0.9609,-0.2323,0.1161,-60.48,1.68,-42.63
2.9995,0.9604,-0.2289,0.1200,-61.11,1.40,-42.98
3.0012,0.9628,-0.2303,0.1205,-60.97,1.40,-43.26
3.0029,0.9633,-0.2333,0.1161,-60.69,1.26,-43.19
3.0046,0.9658,-0.2294,0.1152,-60.69,1.40,-43.26
3.0047,0.9618,-0.2264,0.2455,-60.90,0.98,-43.12
3.0047,0.9560,-0.2264,0.1249,-60.76,1.19,-44.10
3.0048,0.9599,-0.2289,0.1225,-61.25,0.91,-43.54
3.0048,0.9648,-0.2313,0.1191,-60.62,1.33,-43.68
3.0048,0.9667,-0.2308,0.1157,-61.25,0.84,-43.54
3.0049,0.9653,-0.2274,0.1132,-60.76,0.98,-43.96
3.0049,0.9648,-0.2235,0.1127,-61.39,0.98,-43.68
3.0050,0.9643,-0.2220,0.1152,-60.55,0.70,-44.10
3.0050,0.9614,-0.2220,0.1152,-61.39,0.84,-43.89
3.0051,0.9638,-0.2196,0.1118,-60.76,0.56,-44.31
3.0051,0.9667,-0.2211,0.1122,-61.32,0.84,-43.96
3.0052,0.9701,-0.2225,0.1122,-61.04,0.49,-44.52
3.0052,0.9721,-0.2191,0.1088,-61.04,0.42,-44.31
3.0053,0.9682,-0.2196,0.1108,-61.25,0.42,-44.38
3.0053,0.9653,-0.2220,0.1108,-60.97,0.35,-44.87
3.0053,0.9662,-0.2240,0.1122,-61.25,0.28,-44.17
3.0054,0.9677,-0.2240,0.1074,-61.32,0.00,-44.38
3.0054,0.9701,-0.2235,0.1064,-61.04,0.07,-44.80
3.0055,0.9697,-0.2269,0.1103,-61.04,0.14,-44.80
3.0055,0.9677,-0.2284,0.1108,-61.18,-0.07,-45.22
3.0056,0.9648,-0.2264,0.1098,-61.32,-0.28,-45.01
3.0056,0.9677,-0.2250,0.1093,-60.97,0.28,-45.29
3.0056,0.9692,-0.2250,0.1088,-61.32,-0.35,-44.87
3.0057,0.9677,-0.2240,0.1069,-60.97,0.14,-45.22
3.0057,0.9672,-0.2255,0.1069,-61.32,-0.49,-45.71
3.0057,0.9658,-0.2303,0.1132,-60.97,-0.07,-45.22
3.0058,0.9682,-0.2264,0.1113,-61.39,-0.35,-45.85
3.0058,0.9682,-0.2216,0.1069,-61.32,-0.42,-45.29
3.0058,0.9667,-0.2245,0.1088,-60.97,-0.56,-45.64
3.0059,0.9667,-0.2269,0.1083,-61.67,-0.42,-45.50
3.0059,0.9677,-0.2240,0.1103,-60.90,-0.49,-46.41
3.0059,0.9682,-0.2216,0.1093,-61.46,-0.56,-45.64
3.0060,0.9697,-0.2225,0.1054,-60.90,-0.56,-46.06
3.0060,0.9701,-0.2245,0.1035,-61.39,-0.49,-45.57
3.0061,0.9706,-0.2240,0.1054,-60.83,-0.70,-46.06
3.0061,0.9721,-0.2211,0.1069,-61.46,-0.63,-45.92
3.0061,0.9701,-0.2211,0.1113,-61.74,-0.63,-46.20
3.0062,0.9697,-0.2201,0.1147,-60.90,-1.26,-46.13
3.0062,0.9716,-0.2167,0.1108,-61.81,-0.63,-46.27
3.0062,0.9677,-0.2176,0.1083,-60.90,-1.05,-46.06
3.0067,0.9648,-0.2211,0.1098,-61.74,-0.77,-46.13
3.0071,0.9667,-0.2201,0.1069,-60.62,-1.33,-46.41
3.0076,0.9677,-0.2196,0.1030,-61.53,-0.91,-45.99
3.0081,0.9672,-0.2220,0.1064,-61.32,-1.19,-46.41
3.0085,0.9662,-0.2211,0.1064,-61.39,-1.19,-46.34
3.0090,0.9677,-0.2196,0.1064,-61.04,-1.05,-46.20
3.0094,0.9667,-0.2206,0.1078,-61.18,-0.77,-45.99
3.0099,0.9643,-0.2181,0.1039,-61.18,-1.26,-46.69
3.0104,0.9614,-0.2152,0.1078,-61.18,-1.40,-46.20
3.0108,0.9589,-0.2172,0.1137,-61.25,-0.77,-46.34
3.0113,0.9594,-0.2186,0.1113,-61.25,-1.40,-45.78
3.0117,0.9628,-0.2196,0.1098,-60.83,-1.05,-46.62
3.0122,0.9604,-0.2211,0.1064,-61.18,-1.54,-46.06
3.0127,0.9570,-0.2220,0.1044,-60.90,-0.98,-46.41
3.0131,0.9604,-0.2220,0.1049,-61.46,-1.47,-46.20
3.0136,0.9638,-0.2230,0.1083,-60.83,-0.21,-45.92
3.0140,0.9623,-0.2211,0.1108,-61.32,-1.82,-45.92
3.0145,0.9609,-0.2230,0.1093,-60.97,-0.49,-46.20
3.0150,0.9599,-0.2255,0.1069,-61.60,-1.68,-46.06
3.0154,0.9599,-0.2245,0.1069,-60.76,-1.40,-46.13
3.0160,0.9594,-0.2274,0.1083,-61.25,-1.19,-45.92
3.0166,0.9589,-0.2294,0.1049,-60.90,-1.12,-45.92
3.0172,0.9614,-0.2303,0.1005,-60.97,-1.19,-45.50
3.0179,0.9609,-0.2328,0.1039,-61.04,-1.40,-46.06
3.0185,0.9618,-0.2338,0.1098,-61.04,-0.77,-45.57
3.0191,0.9643,-0.2298,0.1069,-61.04,-1.68,-45.92
3.0197,0.9682,-0.2284,0.1035,-61.04,-0.21,-45.22
3.0203,0.9658,-0.2303,0.1015,-60.90,-1.96,-45.57
3.0209,0.9638,-0.2308,0.0986,-60.97,-0.63,-45.22
3.0215,0.9662,-0.2303,0.1015,-61.11,-1.61,-45.29
3.0221,0.9633,-0.2323,0.1020,-60.90,-0.49,-44.38
3.0227,0.9614,-0.2328,0.1015,-60.55,-1.54,-45.50
3.0233,0.9643,-0.2318,0.1044,-61.11,-1.05,-44.66
3.0240,0.9682,-0.2308,0.1049,-60.97,-1.19,-44.45
3.0246,0.9682,-0.2279,0.1030,-60.76,-0.56,-44.31
3.0252,0.9638,-0.2294,0.1020,-60.97,-1.33,-44.52
3.0258,0.9609,-0.2333,0.1025,-60.97,-0.98,-44.03
3.0264,0.9609,-0.2318,0.1010,-60.48,-1.40,-44.38
3.0270,0.9614,-0.2289,0.1000,-61.11,-0.84,-43.54
3.0276,0.9594,-0.2269,0.1015,-60.69,-1.33,-43.82
3.0282,0.9584,-0.2289,0.1025,-60.90,-1.40,-43.47
3.0288,0.9623,-0.2313,0.1020,-60.69,-0.98,-43.19
3.0293,0.9638,-0.2279,0.1020,-60.48,-1.82,-43.40
3.0299,0.9638,-0.2303,0.0981,-61.04,-0.84,-42.70
3.0305,0.9643,-0.2328,0.0966,-60.62,-1.61,-42.84
3.0311,0.9628,-0.2303,0.1000,-60.55,-0.84,-42.21
3.0316,0.9614,-0.2294,0.0996,-60.62,-1.75,-42.28
3.0322,0.9604,-0.2298,0.1015,-60.55,-0.70,-41.37
3.0328,0.9604,-0.2303,0.1020,-60.55,-1.54,-42.07
3.0334,0.9594,-0.2279,0.1000,-60.27,-1.19,-41.09
3.0339,0.9589,-0.2269,0.1039,-60.48,-1.33,-42.00
3.0345,0.9638,-0.2308,0.1064,-60.34,-1.33,-40.60
3.0351,0.9653,-0.2308,0.1025,-60.48,-1.89,-41.16
3.0357,0.9633,-0.2303,0.0986,-60.34,-1.40,-40.18
3.0362,0.9628,-0.2303,0.0986,-60.83,-1.75,-40.46
3.0368,0.9677,-0.2313,0.1049,-60.06,-1.19,-39.90
3.0374,0.9716,-0.2328,0.1059,-60.83,-1.82,-39.76
3.0380,0.9701,-0.2308,0.1054,-60.06,-1.61,-39.69
3.0386,0.9697,-0.2303,0.1049,-60.34,-1.19,-39.06
3.0391,0.9736,-0.2308,0.1005,-60.41,-1.82,-39.48
3.0396,0.9780,-0.2279,0.1025,-60.20,-1.47,-38.15
3.0401,0.9799,-0.2284,0.1064,-60.27,-1.96,-38.99
3.0406,0.9780,-0.2318,0.1015,-59.64,-1.47,-37.38
3.0411,0.9760,-0.2298,0.1005,-60.13,-2.31,-38.50
3.0416,0.9760,-0.2264,0.1020,-59.85,-1.68,-36.96
3.0421,0.9789,-0.2284,0.1049,-60.20,-2.38,-38.15
3.0426,0.9809,-0.2289,0.1088,-59.71,-1.82,-36.54
3.0430,0.9814,-0.2298,0.1054,-60.20,-2.31,-37.52
3.0435,0.9809,-0.2298,0.1069,-59.78,-1.75,-36.12
3.0440,0.9765,-0.2269,0.1078,-59.99,-2.38,-36.89
3.0445,0.9765,-0.2259,0.1039,-59.64,-2.10,-36.26
3.0450,0.9745,-0.2245,0.1093,-59.71,-2.59,-36.05
3.0455,0.9770,-0.2259,0.1059,-59.78,-2.73,-35.00
3.0460,0.9760,-0.2269,0.1010,-59.71,-2.87,-35.77
3.0465,0.9745,-0.2279,0.1015,-59.43,-2.59,-34.72
3.0470,0.9760,-0.2289,0.1035,-60.13,-3.08,-35.28
3.0474,0.9789,-0.2274,0.1074,-59.36,-3.22,-34.44
3.0479,0.9784,-0.2230,0.1074,-59.71,-3.01,-34.58
3.0484,0.9814,-0.2235,0.1069,-59.36,-3.08,-33.81
3.0489,0.9838,-0.2240,0.1088,-59.57,-3.36,-34.30
3.0495,0.9814,-0.2235,0.1108,-59.15,-3.08,-33.53
3.0501,0.9804,-0.2225,0.1103,-59.64,-3.57,-33.88
3.0506,0.9794,-0.2220,0.1083,-58.80,-3.43,-33.53
3.0512,0.9794,-0.2220,0.1069,-59.36,-3.99,-33.60
3.0518,0.9799,-0.2186,0.1078,-59.08,-3.50,-32.76
3.0523,0.9809,-0.2162,0.1127,-59.64,-3.78,-33.25
3.0529,0.9809,-0.2176,0.1122,-58.80,-3.57,-32.41
3.0535,0.9819,-0.2162,0.1118,-59.43,-4.13,-32.90
3.0541,0.9823,-0.2113,0.1132,-58.87,-4.41,-32.06
3.0546,0.9804,-0.2147,0.1103,-59.22,-4.41,-32.69
3.0552,0.9828,-0.2186,0.1113,-58.87,-4.41,-31.85
3.0558,0.9838,-0.2142,0.1132,-58.80,-4.13,-31.92
3.0563,0.9809,-0.2084,0.1113,-58.80,-5.18,-31.92
3.0569,0.9843,-0.2074,0.1093,-59.01,-4.48,-31.71
3.0575,0.9843,-0.2089,0.1093,-58.73,-5.32,-31.99
3.0581,0.9838,-0.2059,0.1098,-58.38,-4.97,-31.36
3.0586,0.9814,-0.2050,0.1147,-58.80,-5.25,-31.78
3.0592,0.9799,-0.2045,0.1147,-58.31,-4.97,-30.59
3.0598,0.9858,-0.2035,0.1103,-58.73,-5.67,-31.64
3.0603,0.9877,-0.2040,0.1088,-58.17,-5.53,-30.52
3.0609,0.9882,-0.2011,0.1127,-58.38,-5.88,-31.57
3.0614,0.9906,-0.1976,0.1152,-57.89,-6.02,-30.31
3.0619,0.9941,-0.1972,0.1137,-57.96,-6.02,-31.15
3.0625,0.9950,-0.1986,0.1137,-57.89,-6.16,-30.31
3.0630,0.9911,-0.1976,0.1127,-57.96,-6.02,-30.80
3.0635,0.9906,-0.1937,0.1098,-57.54,-6.37,-30.24
3.0641,0.9970,-0.1913,0.1088,-57.68,-6.65,-30.52
3.0646,0.9960,-0.1923,0.1078,-57.61,-7.00,-30.38
3.0651,0.9936,-0.1937,0.1078,-57.68,-7.70,-30.52
3.0657,0.9980,-0.1918,0.1074,-57.68,-7.14,-30.17
3.0662,1.0024,-0.1889,0.1098,-57.19,-6.93,-29.75
3.0667,1.0019,-0.1869,0.1113,-57.61,-7.35,-30.24
3.0673,0.9980,-0.1850,0.1093,-56.77,-7.77,-30.03
3.0678,0.9980,-0.1854,0.1122,-57.19,-7.42,-29.89
3.0683,0.9980,-0.1845,0.1093,-56.77,-8.26,-29.96
3.0689,0.9994,-0.1791,0.1035,-56.84,-7.84,-29.82
3.0694,1.0019,-0.1786,0.1059,-56.63,-8.26,-29.68
3.0699,0.9989,-0.1757,0.1064,-56.42,-8.40,-29.75
3.0705,1.0009,-0.1728,0.1039,-56.77,-8.75,-29.96
3.0710,1.0009,-0.1742,0.1035,-56.07,-8.19,-29.33
3.0728,0.9994,-0.1718,0.1039,-56.56,-9.10,-30.38
3.0747,0.9975,-0.1693,0.1064,-55.86,-8.96,-29.33
3.0765,0.9975,-0.1693,0.1093,-56.28,-9.73,-30.03
3.0783,0.9965,-0.1693,0.1103,-55.51,-9.24,-29.54
3.0802,0.9970,-0.1669,0.1108,-56.00,-9.80,-30.10
3.0820,0.9965,-0.1620,0.1083,-55.09,-9.59,-29.61
3.0838,0.9936,-0.1610,0.1069,-55.44,-9.87,-29.68
3.0857,0.9965,-0.1625,0.1059,-55.23,-9.80,-29.75
3.0875,0.9945,-0.1576,0.1020,-55.44,-10.15,-30.31
3.0893,0.9941,-0.1557,0.1059,-54.53,-10.22,-29.75
3.0911,0.9931,-0.1571,0.1103,-55.44,-10.64,-30.52
3.0930,0.9887,-0.1552,0.1103,-54.11,-10.36,-29.61
3.0948,0.9882,-0.1532,0.1098,-55.09,-10.64,-30.17
3.0966,0.9897,-0.1547,0.1103,-54.04,-10.99,-29.82
3.0985,0.9882,-0.1552,0.1132,-54.60,-10.71,-30.17
3.1003,0.9848,-0.1513,0.1132,-53.62,-11.34,-29.89
3.1021,0.9848,-0.1474,0.1098,-53.83,-11.27,-30.17
3.1040,0.9872,-0.1469,0.1083,-53.55,-11.34,-29.89
3.1058,0.9902,-0.1484,0.1103,-53.13,-11.20,-30.31
3.1076,0.9882,-0.1459,0.1152,-53.62,-11.97,-30.31
3.1077,0.9828,-0.1435,0.1132,-52.92,-11.48,-30.17
3.1077,0.9843,-0.1430,0.1088,-53.34,-11.97,-30.45
3.1078,0.9892,-0.1391,0.1132,-52.43,-12.04,-30.10
3.1078,0.9877,-0.1376,0.1142,-53.06,-12.04,-30.80
3.1079,0.9838,-0.1391,0.1142,-52.08,-12.32,-30.45
3.1079,0.9853,-0.1386,0.1137,-52.78,-12.81,-31.08
3.1080,0.9902,-0.1362,0.1142,-51.66,-12.60,-30.87
3.1080,0.9843,-0.1391,0.1118,-51.52,-13.02,-30.87
3.1081,0.9819,-0.1366,0.1108,-51.73,-12.60,-31.08
3.1081,0.9853,-0.1274,0.1113,-51.24,-13.16,-31.15
3.1082,0.9882,-0.1279,0.1108,-51.45,-12.81,-31.36
3.1082,0.9887,-0.1308,0.1103,-50.82,-13.86,-31.57
3.1083,0.9892,-0.1274,0.1108,-50.96,-13.30,-31.57
3.1083,0.9916,-0.1283,0.1118,-50.68,-13.72,-31.57
3.1084,0.9902,-0.1298,0.1132,-50.75,-13.23,-31.64
3.1084,0.9892,-0.1293,0.1137,-50.47,-14.14,-31.85
3.1085,0.9936,-0.1279,0.1137,-50.12,-13.72,-32.06
3.1085,0.9975,-0.1283,0.1113,-49.91,-14.49,-32.06
3.1086,0.9984,-0.1308,0.1118,-50.19,-14.07,-32.48
3.1086,0.9965,-0.1318,0.1137,-49.70,-14.28,-32.41
3.1087,0.9931,-0.1293,0.1142,-49.42,-14.42,-32.69
3.1087,0.9950,-0.1279,0.1137,-49.42,-15.05,-32.90
3.1087,0.9994,-0.1293,0.1171,-49.07,-14.42,-32.76
3.1088,1.0004,-0.1318,0.1200,-48.93,-14.91,-33.39
3.1088,1.0028,-0.1313,0.1171,-48.37,-14.56,-32.90
3.1089,1.0028,-0.1308,0.1181,-48.79,-14.98,-33.67
3.1089,1.0028,-0.1342,0.1181,-48.09,-14.91,-33.32
3.1089,1.0014,-0.1347,0.1157,-48.30,-15.47,-34.02
3.1090,0.9984,-0.1322,0.1152,-47.88,-15.26,-33.67
3.1090,1.0038,-0.1308,0.1166,-48.09,-15.82,-34.58
3.1091,1.0053,-0.1288,0.1176,-47.53,-15.68,-34.23
3.1091,1.0058,-0.1264,0.1152,-48.09,-15.82,-34.93
3.1091,1.0067,-0.1269,0.1191,-47.11,-15.82,-34.37
3.1092,1.0028,-0.1322,0.1235,-47.39,-16.10,-35.28
3.1092,1.0028,-0.1347,0.1191,-46.97,-15.96,-35.21
3.1093,1.0019,-0.1322,0.1157,-47.39,-16.10,-35.70
3.1093,1.0019,-0.1332,0.1181,-46.34,-16.59,-35.77
3.1093,1.0014,-0.1293,0.1235,-46.76,-16.31,-35.70
3.1094,1.0004,-0.1288,0.1274,-46.48,-16.94,-36.40
3.1094,0.9989,-0.1308,0.1264,-46.48,-16.24,-36.19
3.1098,0.9984,-0.1293,0.1269,-46.27,-16.80,-36.61
3.1101,0.9989,-0.1308,0.1269,-45.78,-17.01,-36.82
3.1105,0.9970,-0.1318,0.1264,-45.99,-16.73,-37.10
3.1108,0.9989,-0.1298,0.1264,-45.57,-16.80,-37.24
3.1112,0.9999,-0.1283,0.1274,-45.71,-17.08,-37.94
3.1115,0.9975,-0.1322,0.1259,-45.22,-16.45,-37.10
3.1118,0.9980,-0.1342,0.1254,-45.22,-17.29,-38.22
3.1122,0.9945,-0.1322,0.1308,-44.87,-16.80,-37.73
3.1125,0.9945,-0.1347,0.1342,-45.08,-17.57,-38.92
3.1129,0.9965,-0.1352,0.1288,-44.59,-17.01,-38.29
3.1132,0.9950,-0.1313,0.1293,-44.52,-17.22,-39.20
3.1136,0.9897,-0.1332,0.1342,-44.17,-17.36,-39.13
3.1139,0.9892,-0.1337,0.1332,-44.66,-17.22,-39.27
3.1143,0.9897,-0.1313,0.1318,-43.54,-17.29,-40.04
3.1146,0.9887,-0.1318,0.1342,-44.38,-17.29,-39.48
3.1150,0.9931,-0.1293,0.1357,-43.61,-17.64,-40.25
3.1153,0.9926,-0.1288,0.1347,-43.68,-17.08,-39.90
3.1157,0.9882,-0.1303,0.1313,-43.33,-17.78,-41.09
3.1160,0.9882,-0.1279,0.1283,-43.33,-17.36,-40.04
3.1164,0.9882,-0.1225,0.1288,-43.26,-17.57,-41.09
3.1169,0.9882,-0.1220,0.1293,-42.77,-17.43,-41.02
3.1175,0.9882,-0.1259,0.1293,-42.70,-17.57,-41.23
3.1181,0.9867,-0.1269,0.1327,-42.42,-17.57,-41.23
3.1186,0.9823,-0.1264,0.1362,-42.21,-17.15,-41.02
3.1192,0.9819,-0.1244,0.1352,-42.56,-17.15,-41.86
3.1198,0.9877,-0.1254,0.1322,-41.58,-17.29,-41.72
3.1204,0.9902,-0.1244,0.1303,-42.14,-17.43,-42.28
3.1209,0.9882,-0.1220,0.1283,-41.58,-17.43,-42.00
3.1215,0.9872,-0.1210,0.1322,-41.51,-17.57,-42.49
3.1221,0.9858,-0.1244,0.1347,-41.37,-16.94,-42.21
3.1226,0.9838,-0.1244,0.1288,-41.02,-17.50,-42.84
3.1232,0.9843,-0.1230,0.1249,-41.09,-17.15,-42.28
3.1238,0.9838,-0.1259,0.1244,-40.60,-17.01,-42.91
3.1244,0.9823,-0.1274,0.1254,-40.88,-17.57,-42.63
3.1249,0.9828,-0.1283,0.1288,-40.39,-16.87,-42.77
3.1255,0.9848,-0.1264,0.1313,-40.60,-17.36,-43.19
3.1261,0.9858,-0.1259,0.1332,-39.76,-16.87,-42.84
3.1266,0.9862,-0.1274,0.1308,-40.25,-17.36,-43.19
3.1272,0.9892,-0.1283,0.1308,-39.62,-16.73,-42.84
3.1278,0.9887,-0.1279,0.1288,-39.90,-17.43,-43.75
3.1289,0.9882,-0.1259,0.1279,-39.41,-16.31,-42.28
3.1301,0.9931,-0.1269,0.1264,-39.41,-17.78,-44.38
3.1313,0.9955,-0.1288,0.1288,-39.06,-16.59,-42.42
3.1324,0.9906,-0.1264,0.1298,-38.78,-16.52,-42.49
3.1336,0.9887,-0.1274,0.1283,-38.99,-17.08,-44.17
3.1348,0.9887,-0.1249,0.1264,-38.50,-16.03,-42.49
3.1359,0.9897,-0.1244,0.1288,-38.50,-16.80,-44.17
3.1371,0.9916,-0.1279,0.1269,-38.15,-16.10,-42.70
3.1382,0.9926,-0.1298,0.1220,-38.22,-16.10,-43.96
3.1394,0.9911,-0.1279,0.1279,-37.66,-16.59,-43.12
3.1406,0.9921,-0.1303,0.1288,-37.87,-16.17,-43.68
3.1417,0.9916,-0.1303,0.1254,-37.59,-16.38,-43.61
3.1429,0.9950,-0.1303,0.1259,-37.80,-15.75,-43.33
3.1440,1.0019,-0.1318,0.1249,-37.45,-16.59,-43.89
3.1452,1.0019,-0.1313,0.1254,-37.17,-15.82,-43.12
3.1464,0.9999,-0.1308,0.1274,-37.10,-16.52,-44.03
3.1475,0.9980,-0.1308,0.1298,-36.89,-15.40,-42.98
3.1487,1.0004,-0.1322,0.1293,-37.03,-16.31,-43.89
3.1499,1.0038,-0.1298,0.1259,-36.61,-15.40,-43.05
3.1510,1.0019,-0.1259,0.1254,-36.68,-16.17,-43.89
3.1516,0.8745,-0.0015,0.1293,-36.05,-15.19,-43.05
3.1521,1.0004,-0.1230,0.1254,-35.49,-15.47,-42.70
3.1526,1.0043,-0.1244,0.1279,-36.54,-15.82,-44.52
3.1532,1.0043,-0.1279,0.1269,-35.21,-15.19,-42.56
3.1537,1.0048,-0.1279,0.1220,-36.26,-15.61,-44.52
3.1542,1.0058,-0.1240,0.1240,-35.07,-15.12,-42.91
3.1547,1.0043,-0.1244,0.1269,-35.77,-15.19,-44.03
3.1553,0.9994,-0.1254,0.1244,-35.07,-15.82,-43.26
3.1558,0.9994,-0.1240,0.1215,-35.70,-14.84,-43.82
3.1563,1.0009,-0.1240,0.1220,-34.72,-15.40,-43.54
3.1569,1.0019,-0.1254,0.1220,-34.93,-14.42,-43.82
3.1574,1.0053,-0.1240,0.1235,-34.79,-15.54,-43.82
3.1579,1.0048,-0.1264,0.1274,-34.30,-14.28,-43.40
3.1585,1.0033,-0.1274,0.1269,-34.72,-15.40,-43.96
3.1590,1.0043,-0.1274,0.1205,-34.37,-14.21,-43.19
3.1595,1.0024,-0.1293,0.1181,-34.44,-14.91,-44.17
3.1601,1.0033,-0.1293,0.1200,-34.16,-14.49,-42.84
3.1606,1.0072,-0.1308,0.1200,-34.09,-14.70,-44.52
3.1611,1.0067,-0.1274,0.1225,-33.88,-14.63,-42.91
3.1617,1.0058,-0.1235,0.1235,-33.95,-14.14,-43.82
3.1622,1.0063,-0.1259,0.1196,-33.74,-14.77,-43.54
3.1627,1.0063,-0.1274,0.1186,-33.39,-14.63,-43.26
3.1632,1.0082,-0.1244,0.1230,-33.60,-14.14,-43.68
3.1637,1.0028,-0.1225,0.1269,-33.11,-14.35,-43.33
3.1642,1.0038,-0.1235,0.1235,-33.25,-14.07,-43.61
3.1647,1.0082,-0.1215,0.1191,-32.90,-14.35,-43.26
3.1652,1.0072,-0.1205,0.1191,-33.04,-14.49,-43.61
3.1657,1.0082,-0.1215,0.1191,-32.97,-13.86,-43.19
3.1662,1.0077,-0.1186,0.1196,-32.83,-14.14,-44.03
3.1667,1.0058,-0.1132,0.1191,-32.69,-13.79,-42.91
3.1672,1.0072,-0.1137,0.1200,-32.83,-14.07,-43.47
3.1677,1.0111,-0.1171,0.1230,-32.34,-13.30,-42.91
3.1682,1.0102,-0.1166,0.1215,-32.41,-14.21,-43.47
3.1687,1.0087,-0.1152,0.1186,-31.85,-13.44,-42.70
3.1692,1.0092,-0.1152,0.1171,-32.55,-14.07,-42.98
3.1696,1.0106,-0.1152,0.1205,-31.71,-13.23,-42.77
3.1701,1.0126,-0.1137,0.1191,-32.20,-14.63,-43.05
3.1706,1.0131,-0.1113,0.1166,-31.64,-12.88,-42.56
3.1711,1.0116,-0.1147,0.1240,-31.78,-14.42,-42.70
3.1716,1.0106,-0.1181,0.1240,-31.64,-12.88,-42.77
3.1734,1.0102,-0.1157,0.1157,-31.57,-14.07,-42.28
3.1752,1.0121,-0.1127,0.1157,-31.43,-13.58,-43.05
3.1769,1.0136,-0.1108,0.1161,-31.43,-13.51,-41.72
3.1787,1.0141,-0.1147,0.1191,-31.64,-13.37,-42.56
3.1805,1.0150,-0.1181,0.1235,-30.87,-13.51,-42.14
3.1822,1.0146,-0.1166,0.1166,-31.08,-13.30,-42.28
3.1840,1.0116,-0.1166,0.1118,-30.73,-13.44,-41.72
3.1858,1.0141,-0.1088,0.1166,-31.22,-13.37,-42.42
3.1875,1.0165,-0.1044,0.1249,-30.66,-13.51,-41.72
3.1893,1.0141,-0.1088,0.1225,-31.01,-13.72,-42.21
3.1911,1.0141,-0.1020,0.1166,-30.59,-13.09,-41.86
3.1928,1.0136,-0.1005,0.1205,-30.73,-13.09,-41.79
3.1946,1.0126,-0.1093,0.1220,-30.24,-13.09,-41.72
3.1963,1.0102,-0.1078,0.1191,-30.66,-13.30,-41.58
3.1981,1.0106,-0.1064,0.1196,-30.10,-13.16,-41.93
3.1999,1.0136,-0.1059,0.1205,-30.45,-13.30,-41.37
3.2016,1.0146,-0.1078,0.1196,-30.03,-13.16,-41.86
3.2034,1.0136,-0.1108,0.1196,-30.17,-13.44,-41.23
3.2052,1.0150,-0.1078,0.1191,-30.10,-13.02,-41.93
3.2069,1.0116,-0.1088,0.1171,-30.03,-13.44,-41.09
3.2070,1.0087,-0.1098,0.1210,-30.17,-13.16,-42.07
3.2070,1.0126,-0.1098,0.1240,-29.61,-13.72,-40.95
3.2071,1.0116,-0.1113,0.1200,-29.96,-12.95,-41.65
3.2072,1.0106,-0.1093,0.1181,-29.68,-13.51,-41.16
3.2072,1.0141,-0.1093,0.1200,-30.10,-12.67,-41.02
3.2073,1.0136,-0.1103,0.1186,-29.33,-13.51,-41.58
3.2074,1.0121,-0.1113,0.1152,-29.89,-13.02,-41.09
3.2074,1.0131,-0.1093,0.1166,-29.54,-13.65,-41.37
3.2075,1.0136,-0.1064,0.1191,-29.96,-12.88,-40.81
3.2075,1.0126,-0.1093,0.1191,-29.47,-13.72,-41.44
3.2076,1.0170,-0.1093,0.1147,-29.61,-12.95,-40.67
3.2077,1.0204,-0.1064,0.1122,-29.05,-13.51,-41.65
3.2077,1.0165,-0.1069,0.1181,-29.47,-12.88,-40.81
3.2078,1.0150,-0.1059,0.1166,-29.40,-12.88,-40.95
3.2078,1.0146,-0.1054,0.1171,-29.12,-13.37,-40.81
3.2079,1.0126,-0.1030,0.1181,-29.33,-12.81,-40.95
3.2080,1.0131,-0.1000,0.1137,-28.98,-13.23,-40.81
3.2080,1.0180,-0.1000,0.1088,-29.05,-13.37,-41.30
3.2081,1.0185,-0.1010,0.1118,-29.12,-13.09,-40.53
3.2081,1.0209,-0.1010,0.1113,-28.63,-13.58,-41.23
3.2082,1.0199,-0.0966,0.1083,-28.98,-13.23,-40.67
3.2082,1.0185,-0.0937,0.1118,-29.05,-13.86,-41.30
3.2083,1.0160,-0.0913,0.1147,-28.49,-13.09,-40.32
3.2083,1.0136,-0.0874,0.1147,-28.98,-13.86,-41.16
3.2084,1.0160,-0.0825,0.1093,-28.35,-13.02,-40.11
3.2084,1.0175,-0.0795,0.1035,-29.19,-14.07,-41.16
3.2084,1.0160,-0.0810,0.1005,-28.07,-13.44,-40.32
3.2085,1.0155,-0.0825,0.1000,-29.12,-13.37,-40.81
3.2085,1.0160,-0.0805,0.1054,-28.00,-13.72,-40.11
3.2086,1.0189,-0.0756,0.1049,-28.91,-13.72,-40.88
3.2086,1.0194,-0.0717,0.1039,-28.07,-13.16,-40.18
3.2087,1.0199,-0.0747,0.1049,-28.56,-13.93,-40.67
3.2087,1.0209,-0.0761,0.1049,-27.93,-13.72,-40.11
3.2088,1.0189,-0.0781,0.1049,-28.28,-13.72,-40.04
3.2088,1.0170,-0.0776,0.1030,-27.72,-13.44,-40.11
3.2089,1.0185,-0.0732,0.1005,-27.86,-13.58,-39.69
3.2089,1.0180,-0.0727,0.0981,-28.14,-13.72,-40.11
3.2089,1.0160,-0.0722,0.0956,-27.86,-13.51,-39.69
3.2090,1.0175,-0.0712,0.0961,-28.07,-14.07,-40.04
3.2090,1.0150,-0.0703,0.0966,-27.58,-13.65,-39.34
3.2094,1.0131,-0.0673,0.0932,-28.00,-13.79,-40.11
3.2098,1.0136,-0.0673,0.0922,-27.23,-13.58,-38.78
3.2102,1.0116,-0.0669,0.0932,-28.00,-13.93,-39.90
3.2106,1.0121,-0.0634,0.0927,-27.37,-13.58,-38.78
3.2110,1.0121,-0.0649,0.0893,-27.65,-13.58,-39.55
3.2114,1.0092,-0.0659,0.0893,-27.16,-14.28,-38.71
3.2118,1.0072,-0.0615,0.0898,-27.65,-13.65,-39.34
3.2121,1.0087,-0.0620,0.0869,-27.09,-13.86,-38.64
3.2125,1.0106,-0.0630,0.0888,-27.23,-13.65,-38.99
3.2129,1.0106,-0.0649,0.0854,-26.95,-14.28,-38.71
3.2133,1.0097,-0.0678,0.0834,-27.44,-13.16,-38.22
3.2137,1.0102,-0.0698,0.0893,-26.95,-14.63,-38.64
3.2141,1.0102,-0.0688,0.0888,-26.95,-14.56,-38.43
3.2145,1.0053,-0.0654,0.0908,-26.53,-13.51,-37.80
3.2149,1.0067,-0.0610,0.0898,-27.23,-14.35,-38.36
3.2153,1.0087,-0.0576,0.0839,-26.46,-13.86,-37.45
3.2156,1.0067,-0.0527,0.0830,-27.02,-14.35,-38.29
3.2160,1.0131,-0.0498,0.0864,-26.32,-13.86,-37.17
3.2164,1.0155,-0.0522,0.0869,-26.88,-14.42,-38.43
3.2168,1.0160,-0.0527,0.0830,-26.25,-13.51,-36.89
3.2174,1.0160,-0.0542,0.0825,-26.60,-14.77,-38.57
3.2180,1.0136,-0.0556,0.0864,-26.39,-14.35,-36.89
3.2186,1.0150,-0.0547,0.0883,-26.81,-14.07,-38.01
3.2192,1.0165,-0.0527,0.0864,-26.32,-14.14,-36.96
3.2197,1.0194,-0.0498,0.0844,-26.32,-14.42,-37.80
3.2203,1.0180,-0.0512,0.0834,-26.39,-14.56,-37.17
3.2209,1.0126,-0.0556,0.0844,-26.39,-14.00,-37.52
3.2215,1.0067,-0.0556,0.0854,-26.25,-14.63,-37.24
3.2221,1.0072,-0.0547,0.0849,-25.97,-14.28,-36.96
3.2227,1.0082,-0.0566,0.0864,-26.11,-14.91,-37.52
3.2233,1.0087,-0.0547,0.0854,-26.18,-14.14,-36.68
3.2239,1.0126,-0.0517,0.0893,-26.11,-15.12,-37.94
3.2244,1.0097,-0.0571,0.0878,-26.67,-15.54,-38.15
3.2250,1.0111,-0.0542,0.0869,-25.69,-14.14,-36.54
3.2256,1.0116,-0.0566,0.0878,-26.46,-14.63,-37.80
3.2262,1.0028,-0.0547,0.0903,-25.83,-14.56,-36.75
3.2268,1.0014,-0.0503,0.0888,-26.60,-14.56,-37.80
3.2274,1.0077,-0.0537,0.0859,-25.90,-14.98,-36.89
3.2280,1.0087,-0.0542,0.0874,-26.81,-14.56,-37.80
3.2285,1.0048,-0.0512,0.0878,-26.11,-14.77,-37.17
3.2291,1.0038,-0.0498,0.0893,-26.32,-14.63,-37.80
3.2297,1.0063,-0.0493,0.0898,-26.04,-15.05,-37.31
3.2302,1.0058,-0.0493,0.0917,-26.18,-14.70,-37.94
3.2308,1.0043,-0.0473,0.0908,-26.39,-14.91,-37.52
3.2313,1.0038,-0.0488,0.0869,-26.11,-14.56,-37.59
3.2319,1.0024,-0.0483,0.0883,-26.39,-14.98,-37.94
3.2324,0.9994,-0.0464,0.0903,-26.25,-15.05,-37.59
3.2330,0.9999,-0.0512,0.0927,-26.39,-14.63,-38.01
3.2335,0.9960,-0.0459,0.0952,-26.39,-14.84,-38.22
3.2341,0.9955,-0.0376,0.0908,-26.25,-15.33,-37.87
3.2346,0.9950,-0.0356,0.0869,-26.53,-14.70,-38.01
3.2352,0.9945,-0.0337,0.0874,-26.32,-15.05,-38.29
3.2357,0.9960,-0.0351,0.0883,-26.32,-14.84,-38.36
3.2363,0.9975,-0.0351,0.0869,-26.32,-15.26,-38.29
3.2368,1.0009,-0.0371,0.0859,-26.53,-15.12,-38.64
3.2374,1.0019,-0.0390,0.0878,-26.39,-15.40,-38.36
3.2380,0.9960,-0.0361,0.0922,-26.18,-15.05,-38.71
3.2385,0.9941,-0.0332,0.0952,-26.39,-15.19,-38.99
3.2391,0.9926,-0.0332,0.0932,-26.74,-15.05,-38.85
3.2396,0.9916,-0.0332,0.0903,-26.53,-14.91,-39.13
3.2402,0.9897,-0.0337,0.0903,-26.95,-14.77,-38.99
3.2407,0.9848,-0.0356,0.0927,-26.18,-15.68,-39.76
3.2413,0.9853,-0.0366,0.0922,-26.74,-14.42,-38.71
3.2418,0.9862,-0.0371,0.0937,-26.53,-15.26,-39.62
3.2424,0.9853,-0.0381,0.0942,-26.53,-14.56,-39.13
3.2429,0.9823,-0.0410,0.0908,-27.09,-14.70,-39.76
3.2435,0.9789,-0.0415,0.0903,-26.60,-15.33,-39.62
3.2440,0.9750,-0.0381,0.0917,-26.74,-14.63,-39.69
3.2446,0.9745,-0.0386,0.0908,-26.74,-15.33,-39.69
3.2451,0.9755,-0.0434,0.0878,-27.16,-14.07,-39.62
3.2457,0.9765,-0.0425,0.0898,-26.67,-15.19,-39.90
3.2462,0.9760,-0.0361,0.0908,-26.88,-14.70,-39.97
3.2467,0.9711,-0.0346,0.0878,-26.88,-15.12,-40.53
3.2473,0.9706,-0.0376,0.0878,-27.16,-14.63,-39.83
3.2478,0.9736,-0.0381,0.0883,-26.81,-14.91,-40.74
3.2484,0.9726,-0.0395,0.0849,-27.16,-14.21,-39.97
3.2489,0.9687,-0.0386,0.0839,-26.95,-15.05,-40.81
3.2495,0.9667,-0.0361,0.0830,-27.44,-14.21,-40.25
3.2500,0.9677,-0.0376,0.0859,-27.30,-14.42,-40.46
3.2506,0.9667,-0.0361,0.0903,-27.37,-14.42,-40.46
3.2511,0.9677,-0.0351,0.0883,-27.44,-14.00,-40.74
3.2517,0.9701,-0.0356,0.0830,-27.58,-14.56,-41.02
3.2522,0.9687,-0.0346,0.0869,-27.51,-13.86,-40.46
3.2528,0.9682,-0.0288,0.0913,-27.37,-14.21,-40.67
3.2533,0.9667,-0.0229,0.0878,-27.65,-13.93,-40.74
3.2538,0.9677,-0.0215,0.0849,-27.58,-13.79,-40.60
3.2544,0.9706,-0.0200,0.0825,-27.44,-14.42,-40.95
3.2549,0.9672,-0.0215,0.0834,-27.44,-13.86,-40.67
3.2555,0.9653,-0.0205,0.0834,-27.79,-13.51,-40.88
3.2560,0.9633,-0.0229,0.0849,-27.51,-13.72,-40.74
3.2566,0.9609,-0.0273,0.0869,-27.79,-13.93,-40.81
3.2571,0.9589,-0.0220,0.0849,-27.72,-13.37,-40.95
3.2576,0.9609,-0.0195,0.0874,-27.86,-13.30,-40.53
3.2582,0.9638,-0.0215,0.0854,-27.65,-13.51,-40.81
3.2587,0.9575,-0.0205,0.0795,-27.79,-13.51,-40.81
3.2593,0.9536,-0.0200,0.0795,-27.58,-13.09,-40.18
3.2598,0.9540,-0.0190,0.0810,-27.72,-13.37,-40.88
3.2604,0.9516,-0.0181,0.0820,-27.79,-12.88,-40.32
3.2609,0.9501,-0.0185,0.0776,-27.72,-13.09,-40.39
3.2614,0.9496,-0.0161,0.0752,-28.00,-12.67,-40.04
3.2621,0.9492,-0.0142,0.0742,-28.00,-12.88,-40.53
3.2627,0.9467,-0.0137,0.0781,-28.14,-12.53,-39.90
3.2633,0.9482,-0.0156,0.0825,-27.93,-12.53,-40.04
3.2639,0.9511,-0.0224,0.0849,-28.00,-12.25,-39.41
3.2645,0.9472,-0.0190,0.0864,-27.93,-12.39,-39.90
3.2651,0.9467,-0.0200,0.0849,-28.07,-11.90,-39.34
3.2657,0.9477,-0.0195,0.0825,-28.56,-12.25,-39.27
3.2663,0.9477,-0.0239,0.0795,-27.79,-11.62,-39.41
3.2669,0.9501,-0.0254,0.0849,-28.42,-12.11,-39.13
3.2675,0.9521,-0.0254,0.0883,-28.28,-11.27,-38.57
3.2682,0.9536,-0.0288,0.0839,-28.35,-11.83,-38.92
3.2688,0.9545,-0.0293,0.0800,-28.28,-11.27,-38.08
3.2694,0.9521,-0.0220,0.0805,-28.42,-12.11,-39.06
3.2700,0.9550,-0.0200,0.0874,-28.49,-10.71,-37.80
3.2706,0.9565,-0.0215,0.0849,-28.28,-11.62,-38.57
3.2712,0.9555,-0.0146,0.0805,-28.42,-11.20,-37.87
3.2718,0.9570,-0.0151,0.0815,-28.70,-11.20,-37.87
3.2724,0.9604,-0.0171,0.0800,-28.49,-10.85,-37.73
3.2730,0.9618,-0.0146,0.0805,-28.84,-11.06,-37.52
3.2737,0.9643,-0.0181,0.0810,-28.56,-10.85,-37.38
3.2754,0.9658,-0.0220,0.0830,-28.63,-10.99,-37.03
3.2771,0.9623,-0.0185,0.0815,-28.70,-10.36,-36.33
3.2788,0.9623,-0.0220,0.0756,-28.56,-11.06,-37.45
3.2805,0.9628,-0.0200,0.0771,-28.56,-10.15,-35.77
3.2823,0.9599,-0.0195,0.0781,-28.98,-10.85,-36.96
3.2840,0.9604,-0.0220,0.0766,-28.63,-10.01,-35.49
3.2857,0.9628,-0.0244,0.0805,-29.26,-10.78,-36.61
3.2874,0.9662,-0.0244,0.0849,-28.84,-10.01,-35.00
3.2892,0.9687,-0.0229,0.0820,-29.12,-10.50,-36.47
3.2909,0.9706,-0.0205,0.0766,-28.91,-9.87,-34.65
3.2926,0.9721,-0.0205,0.0771,-29.26,-10.50,-35.77
3.2943,0.9697,-0.0229,0.0800,-29.05,-9.94,-34.72
3.2960,0.9658,-0.0229,0.0830,-29.33,-10.43,-35.63
3.2978,0.9682,-0.0259,0.0834,-29.12,-10.08,-34.58
3.2995,0.9736,-0.0283,0.0810,-29.61,-10.08,-34.72
3.3012,0.9760,-0.0249,0.0810,-29.26,-10.43,-34.58
3.3029,0.9765,-0.0224,0.0795,-29.47,-9.87,-34.44
3.3046,0.9755,-0.0220,0.0800,-29.33,-10.36,-34.65
3.3064,0.9740,-0.0249,0.0810,-29.61,-9.66,-33.46
3.3081,0.9760,-0.0273,0.0815,-29.75,-10.50,-34.58
3.3081,0.9775,-0.0259,0.0839,-29.33,-9.31,-33.25
3.3082,0.9711,-0.0273,0.0854,-29.89,-10.50,-34.23
3.3082,0.9736,-0.0268,0.0864,-29.26,-9.03,-32.69
3.3083,0.9770,-0.0249,0.0874,-29.96,-10.01,-33.88
3.3083,0.9770,-0.0278,0.0893,-29.47,-9.24,-32.48
3.3084,0.9814,-0.0298,0.0888,-30.38,-10.15,-33.88
3.3084,0.9794,-0.0259,0.0874,-29.61,-9.45,-32.13
3.3085,0.9775,-0.0239,0.0883,-30.31,-10.57,-33.18
3.3085,0.9784,-0.0278,0.0883,-29.47,-9.38,-32.27
3.3086,0.9814,-0.0307,0.0878,-30.52,-9.80,-32.62
3.3086,0.9819,-0.0283,0.0898,-30.17,-9.66,-32.06
3.3087,0.9809,-0.0229,0.0893,-30.17,-10.01,-32.48
3.3087,0.9823,-0.0200,0.0844,-30.24,-9.73,-31.92
3.3088,0.9848,-0.0244,0.0834,-30.24,-9.45,-31.64
3.3088,0.9843,-0.0273,0.0844,-30.17,-10.08,-32.20
3.3089,0.9804,-0.0239,0.0834,-30.24,-9.17,-30.94
3.3089,0.9804,-0.0210,0.0859,-30.45,-10.01,-31.50
3.3090,0.9823,-0.0234,0.0883,-30.38,-9.59,-30.87
3.3090,0.9828,-0.0220,0.0893,-30.59,-10.01,-31.43
3.3091,0.9828,-0.0215,0.0898,-30.31,-9.45,-30.38
3.3096,0.9819,-0.0215,0.0830,-30.87,-10.15,-30.24
3.3101,0.9809,-0.0200,0.0864,-30.80,-9.66,-30.45
3.3105,0.9814,-0.0229,0.0874,-30.45,-9.73,-29.89
3.3110,0.9794,-0.0195,0.0878,-31.29,-9.45,-29.89
3.3115,0.9819,-0.0142,0.0893,-30.59,-9.94,-29.54
3.3120,0.9843,-0.0127,0.0878,-31.08,-9.38,-29.33
3.3125,0.9848,-0.0151,0.0869,-30.66,-10.15,-29.26
3.3130,0.9867,-0.0181,0.0869,-30.59,-9.38,-28.70
3.3135,0.9892,-0.0171,0.0898,-30.87,-9.66,-28.63
3.3139,0.9892,-0.0166,0.0908,-30.80,-9.66,-28.21
3.3144,0.9867,-0.0156,0.0898,-31.15,-10.22,-28.49
3.3149,0.9921,-0.0171,0.0888,-30.59,-9.73,-27.79
3.3154,0.9955,-0.0137,0.0869,-31.01,-10.08,-27.79
3.3159,0.9887,-0.0088,0.0917,-30.17,-9.73,-27.02
3.3164,0.9872,-0.0098,0.0913,-31.22,-10.22,-27.58
3.3169,0.9916,-0.0102,0.0883,-30.52,-9.87,-26.74
3.3174,0.9931,-0.0132,0.0869,-31.15,-10.36,-26.74
3.3178,0.9945,-0.0132,0.0849,-30.52,-9.73,-25.97
3.3183,0.9941,-0.0107,0.0888,-30.73,-10.57,-26.46
3.3188,0.9931,-0.0083,0.0913,-30.87,-10.15,-25.83
3.3193,0.9950,-0.0059,0.0874,-30.45,-9.94,-24.99
3.3198,0.9970,-0.0073,0.0859,-31.01,-10.57,-25.48
3.3203,0.9984,-0.0083,0.0859,-30.73,-10.29,-24.64
3.3208,0.9975,-0.0073,0.0834,-30.66,-10.50,-24.71
3.3213,0.9984,-0.0063,0.0839,-30.59,-10.64,-24.22
3.3218,1.0009,-0.0063,0.0849,-30.87,-10.64,-24.01
3.3223,1.0009,-0.0049,0.0859,-30.45,-10.92,-23.52
3.3228,1.0053,-0.0054,0.0883,-30.87,-10.57,-23.31
3.3233,1.0092,-0.0073,0.0878,-30.24,-10.71,-22.96
3.3238,1.0072,-0.0093,0.0859,-30.59,-11.06,-22.75
3.3243,1.0048,-0.0098,0.0864,-30.59,-10.78,-22.40
3.3248,1.0063,-0.0059,0.0869,-30.66,-10.92,-22.12
3.3253,1.0063,-0.0039,0.0844,-30.59,-11.20,-21.84
3.3258,1.0111,-0.0049,0.0849,-30.73,-10.99,-21.42
3.3263,1.0141,-0.0054,0.0878,-30.59,-11.20,-21.00
3.3269,1.0106,-0.0029,0.0903,-29.96,-11.76,-20.86
3.3274,1.0121,-0.0024,0.0874,-30.94,-11.48,-20.51
3.3279,1.0131,-0.0039,0.0859,-30.03,-11.34,-20.23
3.3284,1.0141,-0.0024,0.0844,-30.31,-11.90,-19.95
3.3289,1.0121,-0.0029,0.0869,-30.17,-11.48,-18.97
3.3295,1.0185,-0.0020,0.0869,-30.10,-11.83,-18.62
3.3302,1.0165,-0.0024,0.0859,-30.59,-12.04,-18.83
3.3308,1.0170,0.0005,0.0854,-30.03,-11.69,-17.99
3.3315,1.0180,0.0029,0.0844,-30.52,-12.32,-18.27
3.3321,1.0180,-0.0010,0.0869,-29.89,-11.97,-17.29
3.3328,1.0189,-0.0044,0.0913,-30.38,-12.88,-17.85
3.3334,1.0180,-0.0024,0.0888,-29.82,-12.32,-17.01
3.3340,1.0185,-0.0034,0.0869,-30.10,-12.39,-16.94
3.3347,1.0209,-0.0024,0.0849,-29.82,-13.02,-17.01
3.3353,1.0224,0.0020,0.0834,-30.10,-12.60,-16.38
3.3360,1.0214,0.0024,0.0869,-29.89,-12.81,-16.38
3.3366,1.0199,0.0015,0.0888,-30.10,-12.81,-15.82
3.3373,1.0160,0.0039,0.0903,-29.89,-13.44,-16.45
3.3379,1.0194,0.0039,0.0937,-29.68,-13.02,-15.19
3.3386,1.0214,0.0034,0.0947,-30.17,-13.79,-15.96
3.3392,1.0141,0.0039,0.0922,-29.40,-12.95,-14.77
3.3399,1.0160,0.0044,0.0908,-29.82,-13.93,-15.61
3.3405,1.0204,0.0063,0.0956,-29.26,-12.88,-13.86
3.3412,1.0170,0.0073,0.0956,-29.05,-13.44,-13.72
3.3418,1.0116,0.0093,0.0947,-29.75,-13.86,-14.56
3.3423,1.0116,0.0127,0.0942,-29.40,-13.86,-13.58
3.3429,1.0170,0.0161,0.0942,-29.54,-14.21,-14.35
3.3434,1.0175,0.0161,0.0932,-29.26,-14.21,-13.23
3.3439,1.0160,0.0122,0.0908,-29.68,-14.28,-14.07
3.3444,1.0131,0.0142,0.0888,-28.84,-14.49,-13.16
3.3449,1.0116,0.0176,0.0888,-29.19,-14.21,-13.58
3.3454,1.0136,0.0171,0.0898,-28.98,-14.70,-13.02
3.3459,1.0136,0.0185,0.0893,-29.05,-14.63,-13.30
3.3464,1.0146,0.0220,0.0883,-29.12,-14.70,-13.02
3.3469,1.0126,0.0239,0.0874,-28.63,-14.63,-12.88
3.3474,1.0126,0.0224,0.0898,-29.12,-15.26,-13.16
3.3479,1.0146,0.0239,0.0937,-28.63,-14.56,-12.11
3.3485,1.0092,0.0259,0.0947,-28.84,-15.12,-12.88
3.3490,1.0072,0.0273,0.0966,-28.84,-15.26,-11.97
3.3495,1.0077,0.0273,0.0937,-28.42,-15.12,-12.95
3.3500,1.0087,0.0278,0.0917,-28.77,-15.68,-12.25
3.3505,1.0092,0.0307,0.0927,-28.56,-15.47,-12.60
3.3510,1.0058,0.0283,0.0961,-28.35,-15.68,-12.60
3.3515,1.0063,0.0312,0.0937,-28.21,-15.54,-11.76
3.3520,1.0048,0.0317,0.0956,-28.28,-15.40,-11.90
3.3526,1.0028,0.0322,0.0981,-28.14,-16.03,-11.76
3.3532,1.0038,0.0317,0.0986,-28.14,-15.89,-12.11
3.3537,1.0019,0.0293,0.0932,-27.86,-15.75,-12.11
3.3543,1.0014,0.0307,0.0937,-27.79,-15.82,-11.34
3.3549,1.0048,0.0322,0.0971,-27.72,-16.10,-11.83
3.3555,1.0053,0.0307,0.0966,-27.93,-15.75,-11.27
3.3561,1.0038,0.0317,0.0956,-27.44,-16.17,-12.18
3.3566,1.0033,0.0307,0.0952,-27.79,-15.68,-11.20
3.3572,1.0038,0.0268,0.0932,-27.30,-16.31,-11.62
3.3578,1.0063,0.0317,0.0956,-27.37,-15.75,-11.27
3.3584,1.0033,0.0332,0.1000,-26.95,-15.75,-11.48
3.3589,0.9975,0.0303,0.1015,-27.37,-15.89,-11.55
3.3595,0.9936,0.0303,0.0991,-27.02,-16.80,-11.62
3.3601,0.9960,0.0327,0.0961,-27.16,-16.52,-11.55
3.3607,1.0004,0.0356,0.0991,-27.02,-16.03,-10.85
3.3612,0.9970,0.0366,0.0986,-26.60,-16.52,-11.48
3.3618,0.9980,0.0386,0.0961,-26.88,-16.45,-11.27
3.3624,1.0028,0.0425,0.0966,-26.39,-16.87,-11.55
3.3630,1.0019,0.0449,0.0971,-26.81,-16.31,-11.41
3.3635,0.9994,0.0429,0.0956,-26.32,-16.94,-11.69
3.3641,0.9975,0.0444,0.0937,-26.46,-16.17,-11.20
3.3646,0.9999,0.0498,0.0966,-25.97,-17.15,-11.97
3.3652,0.9980,0.0503,0.0966,-26.53,-16.59,-10.57
3.3657,0.9945,0.0517,0.0966,-25.97,-16.87,-11.97
3.3663,0.9926,0.0517,0.0952,-26.04,-16.38,-10.85
3.3668,0.9906,0.0488,0.0927,-25.97,-17.22,-11.90
3.3674,0.9887,0.0488,0.0966,-25.48,-16.59,-10.85
3.3679,0.9877,0.0493,0.1005,-25.69,-16.94,-12.11
3.3685,0.9882,0.0503,0.1059,-25.13,-16.66,-10.99
3.3690,0.9858,0.0503,0.1035,-25.69,-16.94,-11.97
3.3696,0.9867,0.0508,0.1000,-24.85,-17.15,-11.20
3.3701,0.9814,0.0537,0.0927,-25.41,-17.22,-12.18
3.3707,0.9833,0.0566,0.0996,-24.99,-16.66,-11.83
3.3712,0.9853,0.0542,0.1010,-24.85,-17.78,-12.11
3.3718,0.9843,0.0498,0.0981,-24.71,-16.17,-11.13
3.3723,0.9858,0.0522,0.0966,-25.20,-17.43,-12.60
3.3729,0.9828,0.0556,0.0942,-24.08,-16.38,-11.06
3.3734,0.9819,0.0561,0.0927,-24.50,-17.43,-12.53
3.3740,0.9838,0.0556,0.0961,-24.29,-16.17,-11.41
3.3745,0.9823,0.0512,0.0961,-24.50,-17.92,-12.74
3.3762,0.9872,0.0493,0.0966,-23.73,-16.52,-11.27
3.3780,0.9897,0.0503,0.0971,-23.87,-17.64,-13.37
3.3797,0.9887,0.0517,0.0966,-23.31,-16.17,-11.06
3.3814,0.9911,0.0551,0.0986,-24.29,-17.50,-13.09
3.3832,0.9916,0.0586,0.1010,-22.96,-16.59,-11.48
3.3849,0.9892,0.0581,0.0996,-23.94,-17.15,-13.30
3.3866,0.9882,0.0600,0.0971,-22.61,-16.87,-11.69
3.3884,0.9872,0.0600,0.0966,-24.22,-16.94,-13.30
3.3901,0.9867,0.0542,0.0937,-22.40,-17.22,-11.97
3.3918,0.9862,0.0522,0.0952,-23.52,-16.94,-13.30
3.3936,0.9867,0.0551,0.0952,-22.12,-17.08,-12.39
3.3953,0.9877,0.0581,0.0966,-22.96,-16.38,-12.39
3.3970,0.9867,0.0576,0.0966,-22.61,-17.92,-13.58
3.3988,0.9862,0.0586,0.0952,-22.61,-16.10,-11.90
3.4005,0.9867,0.0605,0.0947,-22.19,-17.92,-14.14
3.4022,0.9887,0.0556,0.0981,-22.26,-16.24,-11.83
3.4040,0.9911,0.0498,0.0981,-22.26,-17.71,-14.28
3.4057,0.9921,0.0493,0.0952,-21.63,-16.66,-12.18
3.4074,0.9906,0.0488,0.0937,-22.47,-17.29,-14.49
3.4092,0.9892,0.0478,0.0908,-21.21,-16.80,-12.39
3.4092,0.9862,0.0483,0.0937,-22.33,-17.36,-14.70
3.4093,0.9843,0.0542,0.0932,-20.86,-17.29,-12.95
3.4094,0.9877,0.0566,0.0878,-21.84,-17.22,-14.35
3.4094,0.9877,0.0586,0.0874,-21.14,-17.50,-13.37
3.4095,0.9906,0.0620,0.0874,-21.35,-16.59,-14.28
3.4095,0.9916,0.0566,0.0893,-21.00,-17.57,-13.86
3.4096,0.9887,0.0522,0.0913,-21.21,-16.87,-13.93
3.4096,0.9897,0.0503,0.0922,-20.93,-17.57,-14.63
3.4097,0.9862,0.0498,0.0927,-20.86,-16.45,-14.00
3.4098,0.9853,0.0498,0.0937,-20.86,-17.71,-14.84
3.4098,0.9887,0.0488,0.0981,-20.51,-16.66,-14.14
3.4099,0.9887,0.0517,0.0996,-20.86,-17.22,-15.05
3.4099,0.9833,0.0547,0.0956,-20.16,-16.66,-13.79
3.4100,0.9804,0.0517,0.0966,-20.44,-17.15,-15.82
3.4100,0.9775,0.0473,0.0976,-20.09,-16.52,-14.00
3.4101,0.9794,0.0459,0.0966,-20.51,-17.43,-16.17
3.4102,0.9843,0.0468,0.0927,-19.95,-16.94,-14.00
3.4102,0.9809,0.0488,0.0922,-20.44,-16.87,-16.31
3.4103,0.9789,0.0493,0.0913,-19.74,-17.29,-14.49
3.4103,0.9819,0.0473,0.0878,-20.16,-16.87,-16.52
3.4104,0.9833,0.0473,0.0942,-19.25,-17.08,-14.49
3.4104,0.9819,0.0483,0.0932,-19.88,-16.94,-16.38
3.4104,0.9828,0.0468,0.0898,-19.25,-17.01,-14.91
3.4105,0.9804,0.0483,0.0913,-20.02,-16.59,-16.17
3.4105,0.9784,0.0498,0.0893,-19.25,-16.87,-15.40
3.4106,0.9794,0.0522,0.0874,-19.25,-16.80,-16.38
3.4106,0.9789,0.0527,0.0878,-19.11,-17.29,-15.82
3.4106,0.9789,0.0498,0.0908,-19.25,-16.87,-16.38
3.4107,0.9789,0.0508,0.0869,-19.11,-17.01,-16.24
3.4107,0.9755,0.0542,0.0859,-18.97,-16.73,-16.38
3.4107,0.9770,0.0527,0.0888,-18.97,-16.94,-16.66
3.4108,0.9804,0.0508,0.0893,-18.55,-16.38,-15.75
3.4108,0.9823,0.0512,0.0883,-19.04,-17.08,-17.36
3.4109,0.9804,0.0498,0.0898,-17.99,-16.38,-15.89
3.4109,0.9794,0.0512,0.0888,-18.83,-16.59,-17.36
3.4109,0.9809,0.0566,0.0903,-17.99,-16.52,-15.89
3.4110,0.9780,0.0537,0.0937,-18.69,-16.52,-17.78
3.4110,0.9770,0.0493,0.0874,-18.06,-16.10,-15.54
3.4110,0.9784,0.0517,0.0854,-18.27,-16.73,-17.99
3.4111,0.9809,0.0527,0.0883,-17.71,-16.17,-15.82
3.4115,0.9819,0.0542,0.0854,-18.13,-16.17,-17.99
3.4119,0.9833,0.0537,0.0859,-17.15,-16.17,-16.24
3.4124,0.9833,0.0527,0.0883,-17.78,-16.03,-17.36
3.4128,0.9814,0.0537,0.0874,-17.64,-15.68,-16.66
3.4132,0.9814,0.0532,0.0903,-17.64,-15.96,-17.57
3.4137,0.9789,0.0512,0.0903,-17.43,-16.24,-17.01
3.4141,0.9794,0.0512,0.0869,-17.15,-15.61,-17.50
3.4145,0.9838,0.0512,0.0874,-17.36,-15.68,-17.36
3.4149,0.9809,0.0512,0.0903,-17.01,-15.75,-17.57
3.4154,0.9770,0.0517,0.0922,-16.94,-15.40,-17.22
3.4158,0.9780,0.0508,0.0913,-16.52,-15.19,-17.01
3.4162,0.9770,0.0498,0.0898,-17.29,-15.61,-18.06
3.4166,0.9775,0.0522,0.0869,-16.17,-15.19,-16.87
3.4171,0.9784,0.0508,0.0859,-17.15,-15.47,-17.99
3.4175,0.9745,0.0512,0.0893,-15.96,-15.05,-17.29
3.4179,0.9745,0.0532,0.0893,-17.15,-15.26,-18.13
3.4184,0.9736,0.0498,0.0864,-15.96,-15.33,-17.15
3.4188,0.9765,0.0493,0.0878,-16.80,-15.05,-18.48
3.4192,0.9780,0.0508,0.0869,-15.61,-14.91,-17.01
3.4196,0.9760,0.0512,0.0844,-16.38,-14.63,-18.41
3.4202,0.9731,0.0522,0.0888,-15.82,-14.91,-17.43
3.4208,0.9731,0.0542,0.0937,-16.24,-14.63,-18.62
3.4214,0.9755,0.0532,0.0888,-15.75,-14.63,-17.36
3.4220,0.9736,0.0517,0.0834,-16.10,-14.49,-18.48
3.4226,0.9740,0.0503,0.0864,-15.68,-14.63,-17.78
3.4232,0.9731,0.0498,0.0893,-15.75,-14.35,-18.76
3.4238,0.9770,0.0566,0.0820,-15.26,-13.58,-17.57
3.4244,0.9794,0.0571,0.0864,-14.77,-13.65,-18.06
3.4250,0.9760,0.0551,0.0922,-15.68,-14.07,-18.69
3.4256,0.9745,0.0551,0.0937,-14.70,-13.23,-18.06
3.4262,0.9784,0.0571,0.0888,-15.61,-14.14,-18.69
3.4268,0.9765,0.0586,0.0839,-14.49,-13.58,-18.41
3.4274,0.9731,0.0590,0.0830,-15.19,-13.37,-18.55
3.4280,0.9726,0.0600,0.0834,-14.77,-13.58,-18.41
3.4286,0.9760,0.0586,0.0810,-14.77,-12.95,-18.83
3.4292,0.9780,0.0586,0.0810,-14.42,-13.30,-18.48
3.4297,0.9736,0.0576,0.0849,-14.84,-13.09,-18.83
3.4303,0.9726,0.0615,0.0844,-14.42,-13.30,-18.69
3.4309,0.9780,0.0620,0.0805,-14.63,-12.88,-18.55
3.4315,0.9789,0.0556,0.0786,-14.49,-12.88,-18.90
3.4322,0.9745,0.0595,0.0820,-13.93,-12.60,-18.62
3.4328,0.9716,0.0625,0.0888,-14.28,-12.74,-18.90
3.4334,0.9726,0.0605,0.0849,-13.86,-12.39,-18.69
3.4340,0.9736,0.0620,0.0786,-14.07,-12.60,-18.83
3.4346,0.9726,0.0664,0.0849,-13.58,-12.11,-18.69
3.4352,0.9716,0.0639,0.0834,-14.07,-12.53,-18.97
3.4359,0.9740,0.0620,0.0795,-13.37,-11.90,-18.55
3.4365,0.9780,0.0659,0.0815,-13.65,-12.04,-19.32
3.4371,0.9765,0.0659,0.0805,-13.16,-11.41,-18.48
3.4377,0.9721,0.0644,0.0834,-13.65,-11.97,-19.18
3.4383,0.9716,0.0649,0.0815,-12.88,-11.62,-18.48
3.4390,0.9736,0.0649,0.0776,-13.37,-11.76,-19.25
3.4396,0.9745,0.0688,0.0781,-12.81,-11.69,-18.69
3.4402,0.9770,0.0732,0.0795,-13.02,-11.27,-18.69
3.4408,0.9765,0.0703,0.0839,-12.95,-11.34,-18.90
3.4414,0.9765,0.0669,0.0839,-12.74,-11.06,-18.62
3.4421,0.9784,0.0693,0.0815,-12.53,-11.27,-19.04
3.4427,0.9770,0.0712,0.0839,-12.60,-11.06,-18.76
3.4433,0.9780,0.0712,0.0844,-12.60,-10.85,-18.69
3.4439,0.9804,0.0693,0.0795,-12.25,-10.64,-18.69
3.4445,0.9814,0.0683,0.0815,-12.32,-10.78,-18.97
3.4450,0.9789,0.0678,0.0854,-12.04,-10.85,-18.83
3.4455,0.9799,0.0678,0.0849,-12.18,-10.36,-18.41
3.4461,0.9833,0.0678,0.0820,-12.25,-10.85,-18.76
3.4466,0.9838,0.0678,0.0786,-11.69,-10.29,-18.48
3.4471,0.9882,0.0693,0.0830,-12.25,-10.71,-18.83
3.4477,0.9892,0.0678,0.0815,-11.41,-10.22,-18.34
3.4482,0.9926,0.0683,0.0815,-11.97,-10.99,-19.18
3.4488,0.9941,0.0708,0.0820,-11.34,-9.66,-18.13
3.4493,0.9887,0.0703,0.0820,-11.48,-10.22,-18.90
3.4498,0.9887,0.0703,0.0781,-11.20,-10.08,-18.34
3.4504,0.9931,0.0693,0.0766,-11.41,-10.01,-18.90
3.4509,0.9945,0.0669,0.0742,-10.92,-9.73,-18.41
3.4514,0.9926,0.0678,0.0752,-11.13,-9.66,-18.55
3.4520,0.9950,0.0678,0.0791,-10.78,-10.36,-19.18
3.4525,0.9965,0.0654,0.0766,-10.92,-9.24,-18.20
3.4531,0.9906,0.0659,0.0747,-11.13,-10.08,-19.18
3.4536,0.9950,0.0625,0.0761,-10.57,-9.24,-18.06
3.4541,0.9994,0.0566,0.0747,-10.92,-9.80,-19.04
3.4547,0.9955,0.0586,0.0742,-10.64,-9.24,-18.41
3.4552,0.9945,0.0644,0.0752,-10.78,-9.87,-18.83
3.4557,0.9931,0.0639,0.0737,-10.15,-8.96,-18.41
3.4562,0.9936,0.0625,0.0752,-10.99,-9.59,-18.97
3.4567,0.9955,0.0644,0.0703,-10.01,-9.10,-18.62
3.4571,0.9950,0.0649,0.0688,-10.08,-8.82,-18.76
3.4576,0.9926,0.0625,0.0766,-10.78,-9.52,-19.53
3.4581,0.9902,0.0639,0.0761,-9.73,-8.82,-18.27
3.4586,0.9902,0.0639,0.0722,-10.64,-9.03,-19.67
3.4591,0.9911,0.0600,0.0737,-9.59,-9.17,-18.90
3.4596,0.9921,0.0586,0.0752,-10.36,-9.10,-19.95
3.4601,0.9931,0.0595,0.0776,-9.73,-8.96,-18.76
3.4606,0.9926,0.0595,0.0756,-10.08,-8.82,-19.60
3.4611,0.9950,0.0590,0.0732,-9.87,-9.10,-19.25
3.4616,0.9941,0.0581,0.0727,-10.08,-8.33,-19.46
3.4621,0.9897,0.0566,0.0717,-9.94,-9.31,-19.81
3.4626,0.9936,0.0566,0.0722,-9.80,-8.40,-19.25
3.4631,0.9950,0.0561,0.0737,-10.36,-9.52,-19.81
3.4636,0.9941,0.0532,0.0732,-9.73,-8.33,-19.39
3.4641,0.9950,0.0537,0.0717,-9.94,-9.10,-20.30
3.4646,0.9955,0.0537,0.0722,-9.66,-7.98,-19.18
3.4670,0.9926,0.0527,0.0732,-9.94,-9.03,-20.72
3.4695,0.9941,0.0517,0.0722,-9.52,-7.98,-19.04
3.4719,0.9960,0.0503,0.0747,-9.17,-8.12,-18.90
3.4743,1.0009,0.0508,0.0712,-10.15,-8.75,-21.28
3.4768,0.9941,0.0537,0.0688,-9.45,-8.19,-19.11
3.4792,0.9926,0.0508,0.0727,-10.08,-8.61,-21.00
3.4817,0.9975,0.0493,0.0732,-9.24,-7.98,-19.18
3.4841,0.9980,0.0512,0.0722,-10.01,-8.40,-21.07
3.4866,0.9960,0.0512,0.0732,-9.52,-8.12,-19.39
3.4890,0.9941,0.0508,0.0776,-9.87,-8.26,-21.00
3.4914,0.9936,0.0508,0.0752,-9.52,-8.19,-19.53
3.4939,0.9941,0.0503,0.0708,-9.66,-8.05,-20.79
3.4963,0.9945,0.0512,0.0722,-9.80,-7.91,-19.95
3.4988,0.9965,0.0508,0.0722,-9.80,-7.84,-20.65
3.5012,0.9945,0.0522,0.0717,-9.52,-8.05,-20.02
3.5036,0.9926,0.0551,0.0683,-9.52,-7.56,-20.37
3.5061,0.9916,0.0532,0.0693,-9.66,-8.19,-20.51
3.5085,0.9921,0.0473,0.0717,-9.38,-7.21,-20.16
3.5110,0.9936,0.0449,0.0712,-9.80,-8.12,-20.93
3.5134,0.9892,0.0464,0.0717,-9.24,-7.70,-19.81
3.5135,0.9897,0.0464,0.0712,-9.73,-7.77,-21.07
3.5135,0.9897,0.0454,0.0742,-10.01,-7.49,-21.21
3.5135,0.9916,0.0439,0.0712,-9.17,-7.77,-19.53
3.5136,0.9911,0.0464,0.0678,-9.87,-7.07,-20.79
3.5136,0.9916,0.0464,0.0703,-9.45,-7.84,-19.67
3.5137,0.9936,0.0439,0.0703,-9.66,-7.14,-20.58
3.5137,0.9916,0.0425,0.0703,-9.38,-7.98,-19.60
3.5138,0.9911,0.0444,0.0673,-9.94,-6.72,-20.30
3.5138,0.9921,0.0454,0.0630,-9.73,-7.98,-20.16
3.5139,0.9931,0.0473,0.0673,-9.45,-6.72,-20.23
3.5139,0.9955,0.0459,0.0698,-9.59,-7.70,-19.95
3.5139,0.9945,0.0425,0.0678,-9.52,-6.79,-19.53
3.5140,0.9950,0.0449,0.0664,-9.80,-7.42,-20.09
3.5140,0.9970,0.0468,0.0659,-9.52,-7.00,-19.32
3.5141,0.9921,0.0473,0.0659,-9.66,-7.35,-20.37
3.5141,0.9882,0.0508,0.0630,-9.59,-6.72,-18.90
3.5142,0.9892,0.0512,0.0639,-9.80,-6.93,-19.95
3.5142,0.9936,0.0478,0.0664,-9.59,-7.21,-19.04
3.5143,0.9945,0.0483,0.0669,-9.73,-6.51,-19.88
3.5143,0.9906,0.0483,0.0698,-9.73,-7.77,-19.04
3.5143,0.9926,0.0503,0.0639,-9.52,-5.95,-19.46
3.5144,0.9970,0.0454,0.0644,-9.80,-6.09,-19.39
3.5144,0.9955,0.0468,0.0630,-9.45,-7.56,-18.69
3.5145,0.9945,0.0473,0.0639,-9.87,-6.09,-18.97
3.5145,0.9955,0.0468,0.0644,-9.59,-7.07,-18.69
3.5145,0.9984,0.0478,0.0630,-9.94,-6.51,-18.69
3.5146,0.9984,0.0464,0.0625,-9.38,-7.42,-18.48
3.5146,0.9960,0.0444,0.0649,-9.80,-6.02,-18.55
3.5146,0.9950,0.0459,0.0630,-9.52,-6.93,-18.69
3.5147,0.9945,0.0488,0.0600,-10.01,-6.23,-17.85
3.5147,0.9945,0.0464,0.0630,-9.59,-7.49,-18.76
3.5147,0.9931,0.0429,0.0595,-9.38,-6.30,-17.57
3.5148,0.9931,0.0425,0.0586,-9.66,-6.79,-18.55
3.5148,0.9936,0.0425,0.0615,-9.73,-7.00,-17.43
3.5149,0.9941,0.0444,0.0630,-9.80,-6.51,-18.34
3.5149,0.9955,0.0459,0.0634,-9.66,-7.07,-17.43
3.5149,0.9970,0.0454,0.0605,-9.66,-6.30,-17.78
3.5150,0.9936,0.0464,0.0620,-9.80,-7.56,-17.43
3.5150,0.9965,0.0468,0.0625,-9.80,-6.02,-17.43
3.5150,1.0004,0.0459,0.0615,-9.87,-7.28,-17.15
3.5153,0.9945,0.0454,0.0630,-9.94,-5.60,-17.36
3.5157,0.9941,0.0459,0.0630,-9.80,-7.56,-17.15
3.5160,0.9965,0.0439,0.0625,-9.80,-5.81,-16.80
3.5163,0.9960,0.0425,0.0595,-9.66,-7.49,-17.36
3.5166,0.9960,0.0434,0.0595,-9.87,-5.60,-16.24
3.5169,0.9999,0.0464,0.0620,-9.73,-7.42,-17.29
3.5172,1.0024,0.0468,0.0600,-9.59,-5.81,-15.61
3.5175,1.0043,0.0405,0.0615,-9.87,-7.42,-17.15
3.5178,1.0067,0.0395,0.0654,-9.38,-6.30,-15.47
3.5181,1.0092,0.0439,0.0625,-10.01,-7.35,-17.22
3.5184,1.0087,0.0444,0.0620,-9.59,-6.58,-15.40
3.5187,1.0063,0.0439,0.0615,-10.22,-6.65,-16.38
3.5190,1.0077,0.0439,0.0610,-9.59,-6.86,-15.54
3.5193,1.0111,0.0444,0.0610,-10.22,-6.93,-15.68
3.5197,1.0131,0.0473,0.0600,-9.73,-7.21,-15.26
3.5200,1.0116,0.0420,0.0625,-9.45,-7.42,-15.19
3.5203,1.0126,0.0444,0.0586,-10.15,-6.44,-14.49
3.5206,1.0160,0.0454,0.0600,-9.52,-7.70,-15.40
3.5209,1.0146,0.0420,0.0615,-9.66,-6.79,-14.28
3.5212,1.0141,0.0439,0.0605,-9.87,-7.35,-14.98
3.5218,1.0175,0.0459,0.0595,-9.59,-6.86,-13.86
3.5223,1.0180,0.0415,0.0561,-9.94,-7.56,-14.63
3.5229,1.0194,0.0390,0.0561,-9.94,-6.79,-13.30
3.5235,1.0180,0.0390,0.0590,-9.80,-7.91,-14.56
3.5241,1.0150,0.0400,0.0610,-9.87,-7.07,-12.88
3.5246,1.0170,0.0400,0.0556,-9.87,-7.77,-14.14
3.5252,1.0199,0.0395,0.0498,-9.59,-7.84,-12.95
3.5258,1.0194,0.0420,0.0473,-10.08,-7.42,-13.51
3.5264,1.0194,0.0439,0.0498,-9.59,-7.77,-12.46
3.5269,1.0253,0.0425,0.0537,-9.87,-7.63,-13.16
3.5275,1.0287,0.0434,0.0551,-9.80,-8.12,-12.18
3.5281,1.0248,0.0439,0.0556,-9.87,-7.84,-12.74
3.5287,1.0214,0.0434,0.0566,-9.73,-8.26,-12.46
3.5292,1.0219,0.0459,0.0556,-9.87,-7.35,-12.11
3.5298,1.0219,0.0459,0.0566,-9.87,-7.70,-11.13
3.5304,1.0224,0.0483,0.0551,-9.80,-8.68,-12.32
3.5310,1.0189,0.0483,0.0561,-8.96,-7.84,-10.92
3.5315,1.0160,0.0473,0.0551,-10.22,-8.82,-11.90
3.5321,1.0165,0.0468,0.0508,-9.24,-7.84,-10.50
3.5327,1.0170,0.0454,0.0498,-10.15,-8.82,-11.90
3.5333,1.0121,0.0449,0.0498,-9.03,-8.47,-10.22
3.5339,1.0141,0.0444,0.0517,-10.29,-9.03,-11.62
3.5345,1.0160,0.0483,0.0498,-9.03,-8.82,-10.01
3.5351,1.0131,0.0522,0.0498,-10.36,-8.75,-11.20
3.5357,1.0170,0.0478,0.0561,-9.38,-9.03,-9.87
3.5363,1.0189,0.0468,0.0571,-9.59,-9.17,-10.71
3.5369,1.0180,0.0522,0.0561,-9.52,-9.10,-9.73
3.5375,1.0209,0.0512,0.0542,-9.66,-9.24,-10.22
3.5381,1.0219,0.0522,0.0522,-9.52,-9.17,-9.66
3.5387,1.0219,0.0512,0.0576,-9.45,-9.52,-9.66
3.5393,1.0248,0.0493,0.0551,-9.10,-9.52,-9.38
3.5399,1.0258,0.0498,0.0498,-9.17,-9.45,-9.24
3.5406,1.0258,0.0512,0.0512,-9.17,-9.80,-9.31
3.5412,1.0277,0.0542,0.0576,-9.24,-9.80,-8.89
3.5418,1.0287,0.0508,0.0590,-9.38,-9.87,-9.17
3.5424,1.0277,0.0468,0.0566,-9.24,-9.45,-8.26
3.5430,1.0238,0.0478,0.0561,-9.03,-10.57,-9.45
3.5436,1.0219,0.0459,0.0571,-9.17,-9.73,-7.77
3.5442,1.0224,0.0454,0.0556,-9.45,-10.50,-9.31
3.5448,1.0185,0.0444,0.0488,-9.31,-10.01,-7.70
3.5455,1.0146,0.0464,0.0532,-9.52,-10.50,-8.96
3.5461,1.0155,0.0508,0.0556,-9.24,-10.85,-7.63
3.5468,1.0170,0.0488,0.0547,-9.52,-10.08,-8.33
3.5474,1.0170,0.0473,0.0615,-9.10,-10.50,-7.56
3.5481,1.0155,0.0483,0.0625,-9.24,-10.36,-8.26
3.5488,1.0131,0.0468,0.0556,-8.89,-10.64,-7.56
3.5494,1.0102,0.0439,0.0517,-9.17,-10.29,-8.12
3.5501,1.0111,0.0444,0.0508,-9.03,-11.13,-7.63
3.5508,1.0111,0.0444,0.0508,-9.31,-10.29,-7.84
3.5514,1.0097,0.0449,0.0522,-9.17,-10.71,-7.49
3.5521,1.0087,0.0468,0.0508,-9.24,-10.78,-7.49
3.5528,1.0072,0.0449,0.0493,-9.03,-10.99,-7.70
3.5534,1.0038,0.0410,0.0527,-9.52,-11.48,-7.63
3.5541,1.0009,0.0429,0.0542,-8.96,-10.64,-7.70
3.5548,0.9960,0.0454,0.0498,-9.31,-11.13,-7.21
3.5554,0.9950,0.0444,0.0493,-9.38,-10.50,-7.91
3.5561,0.9936,0.0459,0.0532,-8.96,-11.27,-6.93
3.5568,0.9887,0.0459,0.0532,-9.38,-10.50,-7.77
3.5574,0.9916,0.0459,0.0512,-8.89,-11.41,-7.35
3.5581,0.9980,0.0454,0.0508,-9.24,-10.64,-7.49
3.5584,0.9965,0.0444,0.0493,-9.17,-11.27,-7.42
3.5588,0.9931,0.0449,0.0493,-9.31,-10.22,-7.70
3.5592,0.9926,0.0444,0.0503,-9.17,-11.34,-7.21
3.5595,0.9916,0.0425,0.0508,-9.24,-10.50,-7.28
3.5599,0.9936,0.0429,0.0498,-9.31,-11.34,-7.56
3.5602,0.9916,0.0449,0.0468,-9.24,-10.85,-7.63
3.5606,0.9945,0.0464,0.0464,-9.31,-10.71,-7.56
3.5609,0.9970,0.0478,0.0459,-9.10,-10.64,-7.35
3.5613,0.9916,0.0464,0.0434,-9.52,-11.06,-7.63
3.5617,0.9921,0.0444,0.0468,-9.17,-10.50,-7.28
3.5620,0.9897,0.0454,0.0410,-9.45,-10.71,-7.56
3.5624,0.9902,0.0468,0.0390,-9.24,-10.36,-7.56
3.5627,0.9921,0.0478,0.0415,-9.66,-11.41,-7.91
3.5631,0.9955,0.0483,0.0434,-9.10,-10.29,-7.70
3.5634,0.9882,0.0449,0.0400,-9.17,-11.06,-7.56
3.5638,0.9814,0.0434,0.0376,-9.38,-10.08,-7.77
3.5642,0.9862,0.0459,0.0405,-8.96,-10.78,-7.91
3.5645,0.9877,0.0478,0.0429,-9.17,-10.15,-7.49
3.5649,0.9853,0.0464,0.0376,-9.38,-10.36,-7.70
3.5652,0.9823,0.0473,0.0371,-9.24,-10.36,-7.77
3.5659,0.9828,0.0478,0.0400,-9.10,-10.29,-7.56
3.5665,0.9823,0.0459,0.0390,-9.10,-10.36,-7.98
3.5671,0.9770,0.0468,0.0371,-9.03,-10.22,-7.21
3.5678,0.9765,0.0464,0.0415,-9.31,-10.15,-7.77
3.5684,0.9814,0.0473,0.0444,-8.96,-10.36,-7.35
3.5690,0.9828,0.0483,0.0400,-9.24,-10.22,-7.63
3.5697,0.9784,0.0493,0.0327,-8.89,-10.29,-7.35
3.5703,0.9760,0.0517,0.0322,-9.31,-9.73,-7.77
3.5709,0.9799,0.0551,0.0356,-8.75,-9.94,-7.49
3.5716,0.9789,0.0551,0.0371,-9.03,-9.94,-7.56
3.5722,0.9760,0.0542,0.0410,-9.17,-10.01,-7.77
3.5728,0.9736,0.0551,0.0395,-8.61,-9.45,-7.00
3.5735,0.9765,0.0542,0.0405,-8.82,-9.45,-7.21
3.5741,0.9784,0.0542,0.0410,-8.82,-9.66,-7.28
3.5747,0.9799,0.0556,0.0381,-8.61,-9.31,-7.21
3.5754,0.9794,0.0576,0.0405,-8.82,-9.45,-7.28
3.5760,0.9775,0.0551,0.0405,-8.61,-9.24,-7.00
3.5766,0.9770,0.0556,0.0425,-8.82,-9.38,-6.86
3.5773,0.9780,0.0576,0.0459,-8.40,-9.10,-6.86
3.5779,0.9760,0.0566,0.0415,-8.82,-9.38,-7.14
3.5795,0.9740,0.0590,0.0366,-8.33,-8.89,-6.58
3.5811,0.9814,0.0610,0.0342,-8.54,-9.52,-7.00
3.5827,0.9784,0.0595,0.0332,-8.40,-8.82,-6.37
3.5843,0.9755,0.0600,0.0361,-8.40,-8.89,-6.79
3.5859,0.9804,0.0595,0.0361,-8.26,-9.10,-6.30
3.5874,0.9794,0.0586,0.0361,-8.12,-8.61,-6.51
3.5890,0.9823,0.0586,0.0366,-8.26,-8.89,-6.30
3.5906,0.9843,0.0556,0.0386,-8.12,-8.75,-6.23
3.5922,0.9819,0.0615,0.0400,-7.70,-8.61,-6.23
3.5938,0.9823,0.0615,0.0376,-8.05,-8.61,-5.74
3.5954,0.9799,0.0605,0.0342,-7.77,-7.84,-5.74
3.5970,0.9809,0.0576,0.0322,-7.63,-9.10,-5.95
3.5986,0.9838,0.0561,0.0327,-7.63,-8.12,-5.67
3.6001,0.9872,0.0556,0.0327,-7.84,-8.40,-5.74
3.6017,0.9887,0.0586,0.0356,-7.14,-7.98,-5.53
3.6033,0.9926,0.0615,0.0386,-7.63,-8.61,-5.88
3.6049,0.9921,0.0571,0.0346,-7.21,-8.33,-5.32
3.6065,0.9897,0.0542,0.0322,-7.56,-8.33,-5.46
3.6081,0.9906,0.0556,0.0337,-7.35,-8.05,-5.25
3.6097,0.9926,0.0571,0.0332,-7.42,-8.68,-5.39
3.6097,0.9945,0.0571,0.0312,-7.35,-8.26,-5.18
3.6098,0.9960,0.0547,0.0346,-7.00,-8.12,-5.18
3.6099,0.9965,0.0527,0.0386,-7.07,-8.40,-5.25
3.6099,0.9950,0.0532,0.0346,-6.86,-7.70,-5.04
3.6100,0.9931,0.0537,0.0317,-7.21,-8.26,-5.04
3.6100,0.9916,0.0522,0.0322,-6.65,-7.70,-5.18
3.6101,0.9911,0.0532,0.0317,-6.72,-8.89,-5.39
3.6101,0.9921,0.0532,0.0361,-6.65,-7.42,-4.62
3.6102,0.9911,0.0522,0.0381,-7.00,-8.26,-4.90
3.6103,0.9921,0.0498,0.0337,-6.37,-8.05,-5.18
3.6103,0.9945,0.0493,0.0337,-6.65,-8.47,-5.11
3.6104,0.9936,0.0542,0.0342,-6.23,-7.63,-4.83
3.6104,0.9936,0.0566,0.0356,-6.51,-8.33,-5.25
3.6105,0.9936,0.0537,0.0381,-6.16,-7.77,-4.90
3.6106,0.9936,0.0522,0.0361,-6.51,-8.12,-5.25
3.6106,0.9941,0.0542,0.0346,-5.81,-7.70,-4.55
3.6107,0.9955,0.0542,0.0366,-6.79,-7.91,-5.60
3.6107,0.9975,0.0522,0.0351,-5.95,-7.91,-4.41
3.6108,0.9980,0.0522,0.0342,-5.95,-8.19,-5.88
3.6108,0.9941,0.0542,0.0366,-5.95,-7.91,-4.48
3.6109,0.9916,0.0581,0.0351,-6.16,-7.70,-6.02
3.6109,0.9941,0.0576,0.0322,-5.67,-7.98,-4.62
3.6110,0.9921,0.0522,0.0346,-6.02,-7.49,-5.67
3.6110,0.9882,0.0517,0.0361,-5.60,-7.70,-5.04
3.6110,0.9897,0.0512,0.0346,-5.74,-8.40,-5.95
3.6111,0.9921,0.0527,0.0381,-5.53,-7.42,-5.53
3.6111,0.9950,0.0522,0.0361,-5.25,-7.91,-4.83
3.6111,0.9984,0.0522,0.0381,-5.67,-7.70,-5.95
3.6112,0.9970,0.0542,0.0366,-5.18,-7.63,-5.04
3.6112,0.9950,0.0517,0.0361,-5.25,-7.63,-5.81
3.6112,0.9921,0.0532,0.0351,-5.32,-7.84,-5.32
3.6113,0.9911,0.0508,0.0322,-5.39,-7.77,-5.67
3.6113,0.9950,0.0459,0.0346,-5.04,-8.05,-6.23
3.6114,0.9989,0.0468,0.0342,-5.25,-7.07,-5.04
3.6114,0.9980,0.0512,0.0307,-4.83,-7.98,-6.37
3.6114,0.9950,0.0508,0.0307,-5.11,-7.63,-5.25
3.6115,0.9931,0.0498,0.0317,-5.11,-8.05,-6.44
3.6115,0.9941,0.0547,0.0317,-4.90,-7.42,-5.25
3.6115,0.9936,0.0566,0.0307,-4.76,-7.77,-6.58
3.6116,0.9960,0.0522,0.0268,-4.83,-7.70,-5.18
3.6121,0.9965,0.0522,0.0273,-4.48,-7.98,-6.44
3.6126,0.9936,0.0547,0.0298,-4.55,-7.63,-5.67
3.6131,0.9902,0.0522,0.0293,-4.69,-7.56,-6.23
3.6136,0.9897,0.0542,0.0312,-4.55,-7.56,-5.95
3.6141,0.9931,0.0542,0.0298,-4.27,-7.21,-5.74
3.6146,0.9936,0.0532,0.0298,-4.55,-8.26,-6.58
3.6150,0.9931,0.0566,0.0303,-4.13,-7.42,-5.67
3.6155,0.9926,0.0566,0.0259,-4.41,-8.12,-6.93
3.6160,0.9936,0.0532,0.0244,-3.99,-7.07,-5.67
3.6165,0.9945,0.0498,0.0288,-4.27,-7.77,-6.86
3.6170,0.9931,0.0512,0.0293,-3.78,-7.70,-5.88
3.6175,0.9902,0.0542,0.0273,-4.27,-7.84,-6.86
3.6180,0.9887,0.0571,0.0283,-3.43,-7.77,-5.81
3.6185,0.9902,0.0551,0.0288,-3.92,-7.91,-7.00
3.6190,0.9921,0.0547,0.0293,-3.71,-7.70,-5.81
3.6195,0.9941,0.0576,0.0288,-3.71,-7.21,-6.65
3.6200,0.9902,0.0571,0.0273,-3.43,-7.77,-5.95
3.6205,0.9892,0.0586,0.0259,-3.78,-7.70,-6.86
3.6210,0.9931,0.0576,0.0254,-3.36,-8.12,-6.23
3.6215,0.9911,0.0522,0.0278,-3.43,-7.35,-6.72
3.6227,0.9892,0.0522,0.0278,-3.43,-8.12,-6.65
3.6239,0.9867,0.0522,0.0264,-3.43,-7.21,-6.72
3.6251,0.9872,0.0508,0.0298,-3.22,-8.26,-6.72
3.6263,0.9906,0.0522,0.0268,-3.01,-7.42,-6.51
3.6276,0.9945,0.0503,0.0249,-2.73,-7.07,-6.44
3.6288,0.9926,0.0522,0.0220,-3.29,-8.05,-7.42
3.6300,0.9887,0.0512,0.0224,-2.73,-7.42,-6.02
3.6312,0.9867,0.0488,0.0254,-3.29,-7.91,-7.49
3.6324,0.9877,0.0464,0.0278,-2.31,-7.35,-6.09
3.6336,0.9887,0.0444,0.0288,-3.01,-8.05,-7.91
3.6348,0.9897,0.0454,0.0303,-2.52,-7.70,-5.95
3.6360,0.9892,0.0488,0.0293,-3.08,-7.63,-7.70
3.6372,0.9887,0.0488,0.0229,-2.59,-7.70,-6.09
3.6385,0.9936,0.0488,0.0249,-2.87,-7.63,-7.35
3.6397,0.9960,0.0464,0.0268,-2.52,-7.84,-6.72
3.6409,0.9936,0.0434,0.0273,-2.45,-7.56,-7.07
3.6421,0.9902,0.0434,0.0283,-2.38,-8.05,-6.86
3.6433,0.9916,0.0464,0.0268,-2.73,-7.56,-7.28
3.6445,0.9941,0.0473,0.0264,-2.10,-7.56,-6.86
3.6457,0.9931,0.0449,0.0234,-2.52,-8.05,-7.07
3.6463,0.9887,0.0434,0.0278,-2.10,-8.12,-7.21
3.6468,0.9902,0.0420,0.0298,-1.75,-7.77,-7.14
3.6474,0.9945,0.0429,0.0288,-2.52,-8.05,-6.86
3.6479,0.9936,0.0439,0.0288,-1.68,-7.56,-7.00
3.6485,0.9906,0.0415,0.0268,-2.59,-7.84,-6.79
3.6490,0.9902,0.0415,0.0249,-1.89,-7.28,-6.72
3.6496,0.9921,0.0410,0.0273,-1.82,-7.91,-6.93
3.6501,0.9926,0.0395,0.0259,-2.17,-7.70,-7.07
3.6506,0.9916,0.0366,0.0215,-1.82,-7.70,-6.65
3.6512,0.9906,0.0361,0.0210,-1.89,-7.77,-7.14
3.6517,0.9892,0.0386,0.0224,-1.33,-7.70,-6.65
3.6523,0.9862,0.0376,0.0229,-2.17,-8.05,-7.28
3.6528,0.9892,0.0366,0.0244,-1.61,-7.91,-6.16
3.6534,0.9936,0.0361,0.0254,-2.31,-7.70,-7.00
3.6539,0.9916,0.0322,0.0234,-1.12,-8.19,-6.44
3.6545,0.9916,0.0337,0.0229,-2.10,-7.84,-7.21
3.6550,0.9955,0.0366,0.0234,-1.19,-7.63,-5.95
3.6556,0.9965,0.0332,0.0205,-2.24,-7.91,-7.28
3.6561,0.9921,0.0346,0.0190,-1.05,-7.56,-6.16
3.6567,0.9926,0.0371,0.0190,-2.17,-8.47,-7.28
3.6572,0.9945,0.0332,0.0249,-0.91,-7.84,-6.09
3.6578,0.9926,0.0342,0.0205,-0.84,-7.84,-6.02
3.6584,0.9872,0.0351,0.0176,-1.82,-8.19,-6.79
3.6590,0.9877,0.0361,0.0171,-1.12,-7.77,-6.09
3.6596,0.9882,0.0381,0.0224,-1.61,-8.12,-6.51
3.6602,0.9867,0.0356,0.0249,-1.26,-7.98,-6.02
3.6608,0.9867,0.0332,0.0220,-1.19,-7.70,-6.16
3.6614,0.9887,0.0356,0.0244,-1.40,-8.26,-6.37
3.6619,0.9911,0.0356,0.0249,-0.98,-8.12,-6.23
3.6625,0.9916,0.0327,0.0229,-1.40,-8.12,-6.30
3.6631,0.9921,0.0293,0.0200,-0.98,-7.84,-5.60
3.6637,0.9936,0.0303,0.0176,-1.54,-8.26,-6.65
3.6643,0.9945,0.0356,0.0171,-0.84,-7.56,-5.04
3.6649,0.9921,0.0356,0.0185,-1.54,-8.75,-6.51
3.6655,0.9916,0.0332,0.0171,-0.77,-7.91,-5.32
3.6661,0.9887,0.0332,0.0151,-1.61,-8.19,-6.44
3.6666,0.9911,0.0312,0.0200,-0.42,-7.70,-4.62
3.6672,0.9926,0.0327,0.0146,-0.35,-7.77,-4.62
3.6678,0.9906,0.0351,0.0146,-1.40,-8.47,-6.37
3.6684,0.9916,0.0337,0.0200,-0.63,-7.84,-4.76
3.6689,0.9902,0.0346,0.0220,-1.05,-8.19,-5.74
3.6694,0.9921,0.0390,0.0195,-0.49,-8.19,-5.04
3.6699,0.9936,0.0337,0.0171,-1.05,-8.33,-5.74
3.6703,0.9916,0.0298,0.0181,-0.42,-8.40,-4.90
3.6708,0.9916,0.0376,0.0205,-1.05,-7.91,-5.04
3.6713,0.9921,0.0376,0.0210,-0.91,-8.89,-5.04
3.6718,0.9950,0.0351,0.0195,-0.35,-8.12,-4.97
3.6723,0.9980,0.0356,0.0195,-0.98,-8.61,-5.18
3.6728,0.9960,0.0342,0.0185,-0.63,-8.05,-4.55
3.6733,0.9936,0.0342,0.0161,-1.05,-8.82,-5.25
3.6737,0.9955,0.0346,0.0185,-0.28,-8.12,-4.27
3.6742,0.9980,0.0390,0.0205,-0.77,-9.10,-5.46
3.6747,0.9975,0.0400,0.0166,-0.14,-8.26,-3.78
3.6752,0.9975,0.0366,0.0122,-0.98,-9.10,-5.39
3.6757,0.9980,0.0346,0.0142,-0.14,-8.47,-3.71
3.6762,0.9931,0.0346,0.0146,-0.63,-8.82,-5.53
3.6767,0.9960,0.0386,0.0142,-0.56,-8.82,-5.18
3.6772,0.9960,0.0361,0.0146,-0.07,-8.68,-3.64
3.6776,0.9984,0.0332,0.0166,-0.56,-8.82,-5.11
3.6781,1.0009,0.0337,0.0146,0.07,-8.82,-3.78
3.6797,0.9975,0.0376,0.0122,-0.42,-9.17,-4.83
3.6812,0.9980,0.0376,0.0137,0.21,-9.24,-3.99
3.6828,0.9994,0.0346,0.0181,-0.35,-8.82,-4.41
3.6843,0.9970,0.0356,0.0210,0.14,-9.31,-4.20
3.6858,0.9965,0.0366,0.0205,-0.42,-8.82,-4.20
3.6874,0.9960,0.0327,0.0205,0.28,-9.52,-3.99
3.6889,0.9970,0.0342,0.0181,-0.28,-9.10,-4.06
3.6905,0.9975,0.0395,0.0146,0.00,-9.38,-4.34
3.6920,0.9955,0.0386,0.0132,0.07,-9.17,-3.64
3.6936,0.9980,0.0376,0.0132,-0.14,-9.80,-4.76
3.6951,1.0009,0.0405,0.0156,0.28,-9.52,-3.36
3.6967,0.9950,0.0405,0.0146,-0.14,-9.45,-4.62
3.6982,0.9936,0.0395,0.0146,0.49,-9.31,-3.36
3.6997,0.9975,0.0390,0.0151,-0.21,-9.52,-4.90
3.7013,0.9980,0.0405,0.0137,0.42,-9.94,-3.15
3.7028,0.9955,0.0420,0.0166,-0.07,-9.38,-5.04
3.7044,0.9931,0.0420,0.0176,0.63,-9.73,-2.94
3.7059,0.9906,0.0434,0.0151,0.00,-10.29,-4.97
3.7075,0.9882,0.0420,0.0146,0.49,-9.59,-3.15
3.7090,0.9872,0.0415,0.0181,0.07,-10.29,-5.25
3.7091,0.9921,0.0405,0.0171,0.84,-10.08,-3.50
3.7091,0.9955,0.0395,0.0127,0.49,-10.01,-4.90
3.7092,0.9916,0.0410,0.0142,0.42,-9.80,-3.43
3.7093,0.9897,0.0415,0.0137,0.42,-9.94,-4.76
3.7093,0.9945,0.0400,0.0137,0.42,-9.87,-3.78
3.7094,0.9965,0.0395,0.0122,0.63,-9.73,-4.20
3.7095,0.9916,0.0395,0.0093,0.56,-10.29,-4.41
3.7095,0.9926,0.0400,0.0078,0.42,-10.08,-3.85
3.7096,0.9936,0.0395,0.0088,0.84,-10.36,-4.90
3.7096,0.9931,0.0390,0.0083,0.35,-9.87,-3.57
3.7097,0.9945,0.0395,0.0073,0.63,-10.71,-5.18
3.7098,0.9945,0.0381,0.0078,0.56,-9.87,-3.29
3.7098,0.9975,0.0366,0.0093,0.77,-10.99,-5.53
3.7099,0.9999,0.0361,0.0127,0.84,-9.94,-3.64
3.7100,0.9970,0.0366,0.0127,0.49,-10.78,-5.39
3.7100,0.9941,0.0361,0.0107,1.05,-9.87,-3.64
3.7101,0.9955,0.0371,0.0112,0.42,-10.50,-5.32
3.7102,0.9970,0.0366,0.0117,1.40,-10.08,-3.92
3.7102,0.9970,0.0361,0.0102,0.28,-10.64,-5.18
3.7103,0.9965,0.0376,0.0098,1.26,-10.08,-4.41
3.7103,0.9931,0.0386,0.0142,0.28,-10.43,-5.04
3.7104,0.9902,0.0356,0.0171,1.40,-10.43,-4.55
3.7104,0.9897,0.0327,0.0117,0.70,-10.08,-4.69
3.7105,0.9906,0.0356,0.0063,1.19,-10.64,-4.90
3.7105,0.9916,0.0346,0.0102,0.70,-10.08,-4.55
3.7106,0.9902,0.0332,0.0127,0.98,-10.78,-4.97
3.7106,0.9877,0.0361,0.0117,0.98,-10.22,-4.55
3.7107,0.9858,0.0346,0.0127,0.91,-10.50,-5.32
3.7107,0.9853,0.0327,0.0117,1.33,-10.43,-4.48
3.7107,0.9867,0.0351,0.0156,0.70,-10.43,-5.53
3.7108,0.9887,0.0346,0.0176,1.33,-10.22,-4.20
3.7108,0.9882,0.0303,0.0098,0.63,-10.85,-5.95
3.7109,0.9872,0.0254,0.0083,0.77,-10.36,-5.67
3.7109,0.9858,0.0278,0.0127,1.26,-10.15,-4.34
3.7110,0.9853,0.0293,0.0137,0.77,-10.57,-5.81
3.7110,0.9902,0.0322,0.0088,1.33,-10.29,-4.48
3.7111,0.9897,0.0288,0.0073,0.70,-10.22,-5.25
3.7111,0.9853,0.0244,0.0127,1.47,-10.22,-4.97
3.7112,0.9872,0.0268,0.0122,0.63,-10.36,-5.25
3.7112,0.9892,0.0298,0.0107,1.54,-10.78,-5.18
3.7118,0.9897,0.0303,0.0142,0.70,-9.73,-4.62
3.7124,0.9926,0.0288,0.0122,1.12,-10.50,-5.11
3.7130,0.9911,0.0293,0.0112,1.19,-10.43,-4.83
3.7136,0.9916,0.0283,0.0107,1.05,-10.50,-4.97
3.7142,0.9936,0.0288,0.0093,1.05,-10.01,-4.62
3.7149,0.9945,0.0288,0.0098,0.98,-10.29,-5.11
3.7155,0.9941,0.0273,0.0107,1.19,-10.15,-4.69
3.7161,0.9936,0.0264,0.0112,1.05,-9.87,-4.97
3.7167,0.9945,0.0249,0.0078,0.91,-10.29,-4.69
3.7173,0.9941,0.0312,0.0068,1.33,-9.73,-4.76
3.7179,0.9955,0.0322,0.0083,1.12,-10.08,-4.41
3.7185,0.9970,0.0264,0.0078,1.19,-9.94,-4.83
3.7191,0.9931,0.0268,0.0073,1.40,-10.08,-3.99
3.7197,0.9906,0.0283,0.0083,1.19,-9.52,-4.69
3.7203,0.9941,0.0303,0.0083,1.33,-10.22,-4.20
3.7209,0.9911,0.0307,0.0102,1.19,-9.80,-4.48
3.7215,0.9882,0.0298,0.0137,1.26,-9.73,-3.92
3.7221,0.9882,0.0303,0.0127,1.12,-9.87,-4.69
3.7228,0.9867,0.0312,0.0122,1.33,-9.66,-3.78
3.7234,0.9887,0.0322,0.0137,1.05,-9.87,-4.62
3.7239,0.9843,0.0293,0.0151,1.26,-9.24,-3.57
3.7245,0.9814,0.0303,0.0132,1.33,-9.87,-4.55
3.7251,0.9858,0.0307,0.0122,1.61,-9.45,-3.64
3.7257,0.9867,0.0293,0.0112,1.12,-9.87,-3.92
3.7262,0.9862,0.0298,0.0112,1.68,-9.38,-3.57
3.7268,0.9867,0.0317,0.0117,1.47,-9.87,-3.71
3.7274,0.9877,0.0332,0.0083,1.40,-9.24,-3.64
3.7280,0.9911,0.0327,0.0083,1.54,-9.03,-3.22
3.7285,0.9902,0.0312,0.0122,1.54,-9.38,-3.57
3.7291,0.9872,0.0288,0.0127,1.75,-9.38,-3.22
3.7297,0.9887,0.0317,0.0112,1.54,-9.38,-3.71
3.7303,0.9911,0.0307,0.0122,1.89,-8.61,-2.66
3.7308,0.9897,0.0288,0.0146,1.33,-9.24,-3.57
3.7314,0.9872,0.0303,0.0132,2.17,-8.89,-2.80
3.7320,0.9892,0.0298,0.0093,1.33,-9.10,-3.64
3.7326,0.9931,0.0317,0.0083,2.10,-8.75,-2.31
3.7331,0.9945,0.0293,0.0137,1.33,-9.03,-3.85
3.7337,0.9926,0.0293,0.0142,2.31,-8.54,-2.03
3.7343,0.9906,0.0312,0.0127,1.12,-9.03,-3.64
3.7349,0.9882,0.0327,0.0112,2.52,-8.12,-1.75
3.7355,0.9848,0.0317,0.0122,1.19,-9.10,-3.50
3.7361,0.9848,0.0288,0.0122,2.45,-8.61,-2.10
3.7367,0.9858,0.0322,0.0112,1.40,-8.54,-3.08
3.7373,0.9833,0.0312,0.0107,2.31,-8.26,-2.45
3.7379,0.9833,0.0283,0.0098,1.75,-8.40,-2.73
3.7385,0.9848,0.0298,0.0127,2.03,-8.12,-2.17
3.7391,0.9823,0.0283,0.0127,1.89,-8.05,-2.66
3.7397,0.9784,0.0288,0.0107,2.03,-8.05,-2.45
3.7404,0.9814,0.0317,0.0098,2.03,-7.91,-1.96
3.7410,0.9858,0.0307,0.0107,1.68,-8.40,-3.22
3.7416,0.9843,0.0293,0.0122,2.24,-7.49,-1.47
3.7422,0.9843,0.0322,0.0117,1.89,-7.91,-3.01
3.7428,0.9823,0.0293,0.0107,2.03,-7.35,-1.40
3.7434,0.9823,0.0229,0.0102,1.96,-8.05,-3.08
3.7440,0.9843,0.0259,0.0098,2.10,-7.14,-1.33
3.7446,0.9828,0.0303,0.0078,1.75,-7.28,-2.73
3.7452,0.9804,0.0322,0.0063,2.31,-7.21,-1.33
3.7459,0.9799,0.0337,0.0078,1.96,-7.63,-2.94
3.7465,0.9823,0.0366,0.0068,2.38,-7.07,-1.19
3.7471,0.9853,0.0395,0.0073,1.75,-6.79,-2.45
3.7476,0.9833,0.0346,0.0078,2.38,-7.07,-1.33
3.7482,0.9828,0.0317,0.0059,2.03,-7.21,-2.59
3.7487,0.9819,0.0332,0.0088,2.10,-7.21,-1.54
3.7492,0.9819,0.0337,0.0112,2.03,-6.58,-2.31
3.7498,0.9887,0.0351,0.0083,2.38,-6.79,-1.54
3.7503,0.9916,0.0356,0.0029,2.24,-6.37,-1.75
3.7509,0.9877,0.0327,0.0020,2.66,-6.86,-2.10
3.7514,0.9872,0.0351,0.0029,2.10,-6.37,-1.54
3.7519,0.9906,0.0386,0.0020,2.38,-5.74,-0.84
3.7525,0.9950,0.0420,0.0005,2.03,-7.21,-2.94
3.7530,0.9936,0.0420,0.0000,2.52,-5.95,-0.91
3.7536,0.9931,0.0410,-0.0010,2.38,-6.30,-2.59
3.7541,0.9911,0.0390,-0.0010,2.66,-5.67,-0.84
3.7546,0.9931,0.0381,-0.0015,2.17,-6.44,-2.73
3.7552,0.9960,0.0405,0.0015,2.66,-5.60,-0.49
3.7557,0.9970,0.0405,0.0044,2.38,-6.09,-2.73
3.7563,0.9955,0.0386,0.0044,3.01,-6.23,-0.91
3.7568,0.9950,0.0425,0.0054,2.03,-5.53,-2.24
3.7573,0.9984,0.0429,0.0029,3.08,-6.02,-1.40
3.7579,0.9975,0.0425,0.0024,2.31,-5.32,-1.54
3.7587,0.9950,0.0439,0.0020,3.01,-6.30,-1.61
3.7594,0.9955,0.0439,0.0044,2.80,-5.39,-1.54
3.7602,0.9980,0.0454,0.0093,3.15,-6.16,-1.68
3.7610,0.9945,0.0464,0.0068,2.66,-5.25,-1.40
3.7618,0.9902,0.0498,0.0029,3.29,-5.88,-2.10
3.7625,0.9911,0.0493,0.0024,2.80,-5.32,-1.33
3.7633,0.9921,0.0449,0.0015,3.08,-5.81,-1.89
3.7641,0.9975,0.0459,0.0034,3.15,-5.25,-0.98
3.7649,0.9975,0.0473,0.0034,2.94,-5.25,-1.96
3.7656,0.9911,0.0493,0.0083,3.57,-5.53,-1.26
3.7664,0.9926,0.0488,0.0073,2.80,-5.04,-1.61
3.7672,0.9955,0.0483,0.0063,3.57,-5.67,-1.33
3.7680,0.9950,0.0473,0.0098,2.87,-5.53,-2.10
3.7688,0.9945,0.0498,0.0073,3.71,-5.39,-0.84
3.7695,0.9941,0.0517,0.0054,3.15,-4.90,-2.17
3.7703,0.9945,0.0503,0.0044,3.78,-5.53,-1.05
3.7711,0.9936,0.0493,0.0029,2.87,-5.04,-1.68
3.7719,0.9941,0.0503,0.0034,3.99,-5.46,-1.61
3.7726,0.9960,0.0522,0.0054,3.22,-5.18,-1.47
3.7734,0.9970,0.0483,0.0059,3.71,-5.74,-1.54
3.7737,0.9916,0.0449,0.0020,3.50,-4.76,-1.61
3.7741,0.9902,0.0468,0.0010,3.78,-5.67,-1.61
3.7744,0.9936,0.0478,0.0049,3.78,-4.90,-1.61
3.7747,0.9916,0.0459,0.0068,3.57,-5.04,-1.61
3.7750,0.9911,0.0468,0.0083,4.27,-5.11,-1.40
3.7753,0.9931,0.0508,0.0029,3.57,-5.53,-1.75
3.7757,0.9950,0.0527,-0.0024,4.13,-5.32,-1.19
3.7760,0.9945,0.0517,-0.0010,3.78,-4.41,-1.33
3.7763,0.9950,0.0517,-0.0010,4.20,-5.60,-1.54
3.7766,0.9965,0.0517,-0.0020,3.78,-4.69,-1.61
3.7769,0.9950,0.0532,-0.0010,3.92,-5.53,-1.47
3.7773,0.9941,0.0512,0.0024,3.78,-4.83,-1.82
3.7776,0.9955,0.0493,0.0029,4.13,-5.53,-1.61
3.7779,0.9945,0.0508,-0.0005,3.99,-4.62,-1.54
3.7782,0.9965,0.0498,-0.0039,4.13,-5.74,-1.75
3.7786,0.9989,0.0512,-0.0049,4.13,-4.83,-1.68
3.7789,0.9984,0.0512,-0.0029,4.48,-5.95,-1.75
3.7792,1.0004,0.0503,-0.0049,4.27,-5.04,-1.54
3.7795,0.9975,0.0498,-0.0044,4.41,-5.67,-1.96
3.7798,0.9955,0.0527,-0.0039,4.41,-5.18,-1.61
3.7813,1.0009,0.0522,-0.0034,4.55,-5.32,-1.89
3.7828,1.0014,0.0522,-0.0005,4.41,-5.53,-1.75
3.7842,0.9980,0.0547,-0.0034,4.41,-5.25,-1.82
3.7857,0.9984,0.0532,-0.0044,4.69,-5.53,-1.89
3.7872,0.9989,0.0503,-0.0015,4.48,-5.39,-1.96
3.7886,0.9980,0.0468,-0.0034,4.48,-6.16,-1.96
3.7901,0.9994,0.0478,-0.0044,4.76,-5.04,-1.82
3.7916,0.9999,0.0503,-0.0034,4.55,-5.95,-1.89
3.7930,0.9970,0.0508,-0.0029,4.83,-5.25,-2.03
3.7945,0.9994,0.0508,0.0000,4.69,-6.23,-1.89
3.7960,1.0019,0.0503,-0.0005,4.48,-5.11,-2.31
3.7974,1.0009,0.0522,0.0000,4.83,-6.09,-2.17
3.7989,1.0014,0.0542,0.0044,4.69,-5.11,-1.89
3.8004,0.9984,0.0522,0.0015,4.76,-6.23,-2.45
3.8018,0.9970,0.0493,-0.0020,4.83,-5.25,-1.96
3.8033,0.9984,0.0483,-0.0034,4.76,-6.30,-2.80
3.8048,1.0019,0.0483,-0.0034,4.97,-5.67,-2.10
3.8062,1.0058,0.0493,-0.0010,4.76,-5.88,-2.31
3.8077,1.0082,0.0488,-0.0015,5.11,-6.30,-2.45
3.8091,1.0024,0.0503,-0.0044,4.76,-5.60,-2.59
3.8092,0.9980,0.0498,-0.0044,4.69,-6.30,-2.45
3.8093,0.9989,0.0454,-0.0044,4.90,-6.30,-2.59
3.8093,0.9984,0.0454,-0.0029,4.97,-6.23,-3.22
3.8094,0.9970,0.0449,-0.0029,5.39,-6.09,-2.73
3.8094,0.9989,0.0439,-0.0024,4.55,-6.02,-3.15
3.8095,0.9970,0.0420,-0.0063,5.18,-6.58,-2.94
3.8095,0.9994,0.0400,-0.0107,5.11,-6.23,-3.29
3.8096,0.9999,0.0395,-0.0063,4.90,-6.86,-3.22
3.8096,0.9989,0.0405,-0.0034,4.83,-6.23,-3.01
3.8097,0.9994,0.0449,-0.0039,5.04,-6.65,-3.29
3.8098,0.9955,0.0468,-0.0029,4.97,-6.58,-3.08
3.8098,0.9941,0.0473,-0.0034,4.97,-6.79,-3.43
3.8099,0.9950,0.0483,-0.0034,5.04,-6.86,-2.94
3.8099,0.9960,0.0459,-0.0029,4.97,-7.07,-3.64
3.8100,0.9970,0.0468,-0.0024,5.04,-6.86,-2.87
3.8100,0.9950,0.0464,-0.0015,4.90,-6.93,-3.36
3.8101,0.9921,0.0449,-0.0044,5.04,-6.86,-3.22
3.8101,0.9926,0.0444,-0.0073,5.32,-7.14,-3.29
3.8102,0.9931,0.0444,-0.0063,5.18,-7.14,-3.43
3.8103,0.9945,0.0459,-0.0068,4.90,-7.00,-3.29
3.8110,0.9936,0.0464,-0.0068,5.04,-7.21,-3.36
3.8118,0.9970,0.0454,-0.0059,4.97,-7.63,-3.29
3.8126,0.9931,0.0434,-0.0044,4.97,-7.07,-2.94
3.8133,0.9921,0.0449,-0.0039,5.04,-7.14,-3.85
3.8141,0.9950,0.0459,-0.0093,5.04,-7.14,-2.66
3.8149,0.9950,0.0464,-0.0112,5.18,-6.93,-3.36
3.8156,0.9950,0.0444,-0.0044,5.04,-7.77,-3.01
3.8164,0.9955,0.0395,-0.0029,5.04,-7.14,-3.57
3.8171,0.9960,0.0425,-0.0078,5.11,-7.56,-2.87
3.8179,0.9950,0.0405,-0.0117,5.04,-7.42,-3.43
3.8187,0.9921,0.0371,-0.0117,4.97,-7.91,-2.87
3.8194,0.9916,0.0400,-0.0063,5.04,-7.63,-3.22
3.8202,0.9936,0.0410,-0.0049,5.11,-7.84,-3.01
3.8210,0.9936,0.0395,-0.0059,5.04,-7.56,-3.22
3.8217,0.9931,0.0366,-0.0059,4.97,-8.12,-3.01
3.8225,0.9945,0.0342,-0.0098,4.83,-7.56,-2.94
3.8233,0.9921,0.0332,-0.0078,5.04,-7.91,-3.15
3.8240,0.9882,0.0366,-0.0054,4.83,-7.84,-2.80
3.8248,0.9911,0.0361,-0.0088,4.97,-7.98,-3.43
3.8256,0.9931,0.0317,-0.0127,4.90,-7.84,-2.31
3.8261,0.9994,0.0303,-0.0098,5.11,-8.12,-3.22
3.8265,0.9984,0.0322,-0.0098,4.83,-8.19,-3.08
3.8270,0.9931,0.0332,-0.0098,4.69,-8.33,-2.66
3.8275,0.9941,0.0317,-0.0107,4.97,-7.56,-2.73
3.8280,0.9950,0.0322,-0.0088,4.55,-8.33,-2.80
3.8285,0.9892,0.0303,-0.0054,4.83,-7.77,-2.59
3.8289,0.9887,0.0293,-0.0063,4.55,-8.33,-2.87
3.8294,0.9916,0.0298,-0.0107,4.76,-7.91,-2.66
3.8299,0.9906,0.0288,-0.0078,4.62,-8.12,-2.59
3.8304,0.9887,0.0278,-0.0083,4.69,-8.26,-2.59
3.8309,0.9916,0.0293,-0.0088,4.55,-7.91,-2.66
3.8314,0.9906,0.0298,-0.0029,4.55,-8.19,-2.66
3.8318,0.9892,0.0283,-0.0029,4.55,-7.98,-2.66
3.8323,0.9916,0.0249,-0.0034,4.41,-8.61,-2.59
3.8328,0.9926,0.0239,-0.0034,4.41,-7.70,-2.24
3.8333,0.9892,0.0283,-0.0054,4.55,-8.40,-2.38
3.8338,0.9858,0.0298,-0.0024,4.34,-7.84,-2.59
3.8343,0.9853,0.0283,-0.0015,4.41,-8.19,-2.17
3.8347,0.9858,0.0283,-0.0068,4.13,-8.19,-2.59
3.8352,0.9848,0.0332,-0.0102,4.20,-8.47,-2.38
3.8359,0.9814,0.0312,-0.0102,4.27,-7.70,-2.52
3.8365,0.9823,0.0283,-0.0073,4.13,-8.61,-2.03
3.8371,0.9877,0.0303,-0.0059,4.20,-7.91,-2.59
3.8378,0.9887,0.0337,-0.0068,4.06,-8.26,-1.75
3.8384,0.9867,0.0346,-0.0073,4.34,-8.05,-2.24
3.8390,0.9853,0.0361,-0.0083,4.06,-8.26,-1.61
3.8397,0.9833,0.0371,-0.0073,4.13,-8.26,-1.96
3.8403,0.9833,0.0361,-0.0024,4.06,-8.33,-1.68
3.8409,0.9784,0.0366,-0.0039,3.99,-7.56,-1.54
3.8416,0.9775,0.0371,-0.0068,3.85,-8.54,-2.17
3.8422,0.9804,0.0381,-0.0054,4.13,-8.12,-1.33
3.8429,0.9819,0.0400,-0.0049,3.99,-7.77,-1.89
3.8435,0.9770,0.0400,-0.0073,4.13,-8.12,-1.40
3.8441,0.9750,0.0395,-0.0088,3.71,-7.91,-1.89
3.8448,0.9794,0.0429,-0.0073,3.92,-7.70,-1.05
3.8454,0.9780,0.0439,-0.0063,3.85,-7.63,-1.89
3.8460,0.9784,0.0410,-0.0068,3.85,-7.91,-0.84
3.8467,0.9789,0.0410,-0.0083,3.64,-7.77,-1.54
3.8473,0.9765,0.0434,-0.0059,3.99,-7.84,-0.77
3.8480,0.9780,0.0444,-0.0049,3.99,-7.42,-1.33
3.8486,0.9809,0.0454,-0.0068,3.99,-7.91,-0.63
3.8492,0.9799,0.0444,-0.0088,3.71,-7.49,-1.19
3.8498,0.9794,0.0439,-0.0117,4.06,-7.56,-0.49
3.8504,0.9789,0.0468,-0.0093,3.71,-7.91,-0.91
3.8510,0.9780,0.0468,-0.0078,3.99,-7.00,-0.35
3.8516,0.9750,0.0459,-0.0102,3.78,-7.70,-0.63
3.8522,0.9740,0.0459,-0.0107,4.20,-7.42,-0.14
3.8528,0.9740,0.0449,-0.0122,3.78,-7.42,-0.56
3.8534,0.9755,0.0449,-0.0132,3.64,-7.21,-0.35
3.8540,0.9745,0.0454,-0.0093,3.99,-7.28,-0.07
3.8547,0.9789,0.0468,-0.0073,3.71,-7.28,-0.56
3.8553,0.9804,0.0483,-0.0102,4.06,-7.21,0.14
3.8559,0.9750,0.0473,-0.0142,3.64,-7.28,-0.28
3.8565,0.9760,0.0473,-0.0146,4.13,-7.00,0.28
3.8571,0.9770,0.0473,-0.0107,3.64,-6.93,0.07
3.8577,0.9770,0.0454,-0.0068,4.06,-7.28,0.70
3.8583,0.9755,0.0468,-0.0073,3.85,-6.72,-0.21
3.8589,0.9770,0.0512,-0.0107,4.48,-6.65,1.19
3.8595,0.9740,0.0498,-0.0088,3.71,-6.79,0.21
3.8601,0.9716,0.0454,-0.0068,3.99,-7.07,0.98
3.8606,0.9755,0.0473,-0.0078,3.85,-6.51,0.28
3.8610,0.9775,0.0483,-0.0098,4.13,-6.86,0.98
3.8615,0.9770,0.0503,-0.0127,3.57,-6.37,0.84
3.8619,0.9750,0.0517,-0.0107,3.99,-6.72,1.19
3.8623,0.9731,0.0522,-0.0083,3.71,-6.16,0.70
3.8628,0.9711,0.0517,-0.0093,3.71,-6.65,1.19
3.8632,0.9721,0.0473,-0.0078,3.78,-6.02,0.98
3.8636,0.9736,0.0459,-0.0102,3.85,-6.30,1.33
3.8641,0.9740,0.0488,-0.0107,3.99,-6.23,1.26
3.8645,0.9765,0.0503,-0.0112,3.85,-6.44,1.40
3.8650,0.9784,0.0493,-0.0146,3.92,-5.95,1.40
3.8654,0.9799,0.0512,-0.0122,3.78,-6.44,1.26
3.8658,0.9765,0.0566,-0.0112,3.92,-6.02,1.82
3.8663,0.9775,0.0581,-0.0137,3.85,-6.09,1.82
3.8667,0.9823,0.0551,-0.0185,4.20,-5.95,1.75
3.8672,0.9789,0.0512,-0.0190,3.57,-6.23,1.82
3.8676,0.9716,0.0527,-0.0146,4.69,-5.81,2.24
3.8680,0.9740,0.0556,-0.0156,3.50,-5.74,1.89
3.8685,0.9838,0.0532,-0.0146,3.85,-5.88,2.03
3.8689,0.9828,0.0537,-0.0146,4.13,-5.81,2.45
3.8695,0.9833,0.0551,-0.0171,4.13,-5.74,1.89
3.8702,0.9848,0.0561,-0.0146,4.06,-5.74,2.52
3.8708,0.9838,0.0542,-0.0098,4.06,-5.60,2.45
3.8714,0.9848,0.0522,-0.0073,3.92,-5.95,2.66
3.8721,0.9862,0.0532,-0.0112,4.13,-5.46,2.31
3.8727,0.9867,0.0532,-0.0181,4.13,-6.09,2.31
3.8733,0.9867,0.0522,-0.0151,3.85,-5.04,2.80
3.8740,0.9867,0.0551,-0.0137,4.34,-6.16,2.45
3.8746,0.9867,0.0586,-0.0176,4.13,-5.32,3.01
3.8752,0.9867,0.0576,-0.0171,3.92,-5.95,2.59
3.8759,0.9858,0.0566,-0.0156,4.06,-5.25,2.87
3.8765,0.9892,0.0581,-0.0127,4.13,-5.81,2.66
3.8771,0.9916,0.0566,-0.0137,4.34,-5.67,2.80
3.8778,0.9892,0.0561,-0.0166,4.20,-5.67,2.52
3.8784,0.9906,0.0556,-0.0156,3.99,-5.60,2.80
3.8790,0.9921,0.0542,-0.0166,4.27,-6.30,2.73
3.8797,0.9916,0.0566,-0.0161,3.78,-5.81,2.73
3.8803,0.9931,0.0566,-0.0176,4.20,-5.39,3.15
3.8809,0.9965,0.0576,-0.0151,4.13,-5.88,2.59
3.8816,0.9960,0.0571,-0.0102,4.27,-5.18,3.50
3.8834,0.9926,0.0600,-0.0093,4.27,-5.74,2.52
3.8852,0.9921,0.0610,-0.0088,4.13,-5.53,3.57
3.8871,0.9931,0.0595,-0.0112,4.06,-5.60,2.66
3.8889,0.9936,0.0615,-0.0122,4.20,-5.74,3.22
3.8907,0.9965,0.0590,-0.0127,4.62,-5.60,2.73
3.8926,0.9989,0.0576,-0.0156,4.34,-5.60,3.29
3.8944,0.9984,0.0610,-0.0151,4.20,-5.39,2.59
3.8962,0.9950,0.0610,-0.0146,4.41,-5.95,3.29
3.8981,0.9926,0.0634,-0.0176,4.27,-5.74,2.59
3.8999,0.9945,0.0649,-0.0185,4.48,-5.88,3.29
3.9017,0.9950,0.0615,-0.0176,4.48,-5.60,2.38
3.9036,0.9921,0.0630,-0.0122,4.27,-6.16,3.36
3.9054,0.9945,0.0630,-0.0107,4.76,-5.74,2.66
3.9073,0.9989,0.0625,-0.0122,4.48,-6.02,3.08
3.9091,0.9984,0.0654,-0.0142,4.27,-5.81,2.66
3.9109,0.9960,0.0654,-0.0156,4.76,-5.95,2.94
3.9128,0.9960,0.0649,-0.0156,4.20,-6.09,2.73
3.9146,0.9975,0.0683,-0.0185,4.90,-5.74,2.94
3.9164,0.9980,0.0683,-0.0151,4.34,-6.02,2.73
3.9183,0.9984,0.0654,-0.0122,4.69,-5.74,2.73
3.9183,1.0019,0.0639,-0.0151,4.34,-6.30,2.87
3.9184,1.0024,0.0683,-0.0132,5.04,-6.09,2.80
3.9184,0.9989,0.0693,-0.0142,4.55,-5.81,3.01
3.9185,1.0028,0.0683,-0.0195,4.83,-6.02,2.87
3.9185,1.0028,0.0703,-0.0176,5.04,-6.09,2.80
3.9186,1.0004,0.0737,-0.0146,4.97,-6.58,2.45
3.9186,1.0024,0.0756,-0.0161,5.11,-6.44,3.15
3.9187,1.0019,0.0717,-0.0181,4.69,-6.37,2.52
3.9188,1.0014,0.0727,-0.0156,5.39,-6.30,3.29
3.9188,1.0019,0.0761,-0.0166,5.04,-6.37,2.45
3.9189,1.0024,0.0781,-0.0195,5.39,-6.30,2.94
3.9189,1.0009,0.0776,-0.0190,4.90,-6.30,2.31
3.9190,1.0014,0.0756,-0.0176,5.46,-6.65,2.80
3.9190,1.0043,0.0786,-0.0210,5.53,-6.37,3.01
3.9191,1.0048,0.0781,-0.0215,5.11,-6.93,2.03
3.9191,1.0038,0.0771,-0.0205,5.39,-6.37,2.94
3.9192,1.0048,0.0771,-0.0200,5.11,-7.00,1.89
3.9192,1.0072,0.0810,-0.0215,5.67,-6.37,2.87
3.9193,1.0072,0.0810,-0.0249,5.32,-6.72,2.31
3.9193,1.0072,0.0800,-0.0224,5.74,-7.35,2.31
3.9194,1.0097,0.0781,-0.0210,5.67,-6.51,2.38
3.9195,1.0082,0.0747,-0.0195,5.53,-7.49,1.82
3.9195,1.0038,0.0752,-0.0171,5.67,-6.65,2.45
3.9196,1.0048,0.0786,-0.0185,5.81,-7.49,1.75
3.9196,1.0082,0.0781,-0.0229,6.02,-6.86,2.38
3.9197,1.0111,0.0727,-0.0215,5.74,-7.70,1.54
3.9197,1.0141,0.0688,-0.0156,6.30,-6.72,2.45
3.9198,1.0131,0.0712,-0.0166,5.74,-7.84,1.19
3.9198,1.0106,0.0752,-0.0210,6.23,-7.21,1.96
3.9199,1.0097,0.0752,-0.0229,5.74,-7.70,0.91
3.9199,1.0082,0.0756,-0.0205,6.65,-7.56,2.03
3.9200,1.0082,0.0756,-0.0200,5.88,-7.42,0.98
3.9200,1.0038,0.0732,-0.0190,6.37,-7.56,0.42
3.9201,1.0038,0.0761,-0.0185,6.58,-7.77,1.61
3.9201,1.0048,0.0776,-0.0215,5.81,-7.14,0.91
3.9202,1.0067,0.0771,-0.0249,6.30,-7.91,0.91
3.9202,1.0106,0.0781,-0.0215,6.02,-7.21,1.26
3.9203,1.0092,0.0761,-0.0146,6.30,-8.47,0.28
3.9203,1.0063,0.0737,-0.0156,6.23,-7.49,1.12
3.9204,1.0077,0.0761,-0.0195,6.16,-8.61,0.00
3.9207,1.0053,0.0781,-0.0190,6.37,-7.56,1.05
3.9210,1.0048,0.0771,-0.0220,5.95,-8.61,-0.77
3.9213,1.0087,0.0771,-0.0268,7.00,-7.84,1.26
3.9216,1.0102,0.0810,-0.0259,5.95,-8.75,-0.56
3.9219,1.0063,0.0795,-0.0234,7.14,-7.91,0.98
3.9222,1.0033,0.0761,-0.0205,5.88,-8.61,-0.84
3.9225,1.0033,0.0800,-0.0200,7.00,-8.05,0.70
3.9227,1.0014,0.0825,-0.0224,6.44,-8.19,-0.70
3.9230,1.0053,0.0805,-0.0234,7.14,-8.54,-0.07
3.9233,1.0072,0.0795,-0.0244,6.37,-8.47,-0.70
3.9236,1.0053,0.0800,-0.0264,6.86,-8.89,-0.35
3.9239,1.0009,0.0786,-0.0224,7.28,-8.61,-0.56
3.9242,1.0058,0.0781,-0.0224,6.79,-8.33,-0.70
3.9245,1.0092,0.0791,-0.0234,6.86,-8.82,-0.77
3.9248,1.0063,0.0800,-0.0249,6.93,-8.12,-0.84
3.9251,1.0058,0.0781,-0.0239,6.72,-8.96,-1.19
3.9254,1.0092,0.0786,-0.0244,7.42,-8.12,-0.63
3.9257,1.0058,0.0800,-0.0244,6.79,-9.10,-1.54
3.9260,1.0048,0.0820,-0.0215,7.28,-8.47,-0.56
3.9263,1.0082,0.0805,-0.0229,6.72,-9.10,-1.68
3.9268,1.0102,0.0791,-0.0210,7.63,-8.47,-0.49
3.9274,1.0087,0.0791,-0.0229,6.79,-9.03,-2.10
3.9279,1.0058,0.0771,-0.0259,7.77,-8.61,-0.56
3.9285,1.0048,0.0805,-0.0220,6.86,-8.75,-2.10
3.9290,1.0077,0.0805,-0.0185,7.49,-9.03,-0.84
3.9296,1.0053,0.0795,-0.0200,7.00,-8.68,-2.31
3.9302,1.0028,0.0791,-0.0200,7.84,-8.89,-1.12
3.9307,1.0038,0.0791,-0.0190,7.14,-8.61,-2.03
3.9313,1.0063,0.0776,-0.0181,7.42,-9.24,-1.68
3.9318,1.0097,0.0747,-0.0205,7.49,-8.33,-1.33
3.9324,1.0087,0.0766,-0.0229,7.28,-9.73,-2.17
3.9329,1.0072,0.0766,-0.0224,7.56,-8.40,-1.47
3.9335,1.0048,0.0747,-0.0210,7.35,-9.24,-2.03
3.9340,1.0038,0.0722,-0.0190,7.91,-8.89,-1.54
3.9346,1.0063,0.0747,-0.0185,7.28,-9.52,-2.38
3.9351,1.0058,0.0781,-0.0181,7.84,-8.54,-1.05
3.9357,1.0028,0.0781,-0.0220,7.35,-9.24,-2.73
3.9363,1.0048,0.0786,-0.0234,8.12,-9.24,-1.26
3.9368,1.0087,0.0776,-0.0215,7.28,-8.89,-2.52
3.9374,1.0048,0.0761,-0.0210,7.98,-9.24,-1.26
3.9380,1.0033,0.0776,-0.0244,7.49,-8.82,-2.73
3.9386,1.0038,0.0791,-0.0259,8.05,-9.66,-1.75
3.9392,1.0009,0.0781,-0.0210,7.42,-8.54,-2.24
3.9398,0.9994,0.0761,-0.0205,8.33,-9.87,-2.10
3.9404,1.0028,0.0752,-0.0220,7.63,-8.40,-1.82
3.9410,1.0033,0.0747,-0.0239,8.19,-9.52,-2.24
3.9416,1.0009,0.0703,-0.0268,7.49,-8.47,-1.75
3.9422,1.0033,0.0698,-0.0278,8.33,-9.80,-2.59
3.9428,1.0024,0.0698,-0.0239,8.05,-8.54,-1.47
3.9435,1.0019,0.0669,-0.0229,7.84,-9.52,-2.80
3.9441,1.0024,0.0698,-0.0278,7.98,-8.68,-1.47
3.9447,0.9994,0.0722,-0.0259,8.33,-9.73,-2.94
3.9453,0.9989,0.0712,-0.0239,8.26,-8.89,-1.54
3.9459,1.0019,0.0703,-0.0239,7.84,-9.17,-2.31
3.9465,0.9980,0.0703,-0.0254,8.26,-9.10,-1.82
3.9471,0.9989,0.0693,-0.0244,7.91,-9.24,-2.59
3.9477,1.0033,0.0669,-0.0224,8.19,-9.24,-2.03
3.9483,1.0033,0.0664,-0.0220,7.77,-8.82,-2.03
3.9489,1.0019,0.0688,-0.0239,8.47,-9.38,-2.24
3.9496,0.9989,0.0708,-0.0278,7.70,-8.61,-1.96
3.9501,1.0004,0.0708,-0.0254,8.26,-9.45,-2.38
3.9506,1.0038,0.0703,-0.0239,7.98,-8.54,-1.61
3.9512,1.0043,0.0708,-0.0278,8.40,-9.24,-2.31
3.9517,1.0038,0.0708,-0.0283,7.91,-8.47,-1.68
3.9523,1.0048,0.0722,-0.0259,8.33,-9.45,-2.10
3.9528,1.0038,0.0732,-0.0264,8.12,-8.33,-1.54
3.9534,1.0024,0.0712,-0.0268,8.26,-9.31,-1.89
3.9539,1.0004,0.0703,-0.0264,8.33,-8.61,-1.26
3.9545,1.0009,0.0712,-0.0220,7.84,-8.75,-1.75
3.9550,1.0048,0.0703,-0.0229,8.40,-8.75,-1.12
3.9556,1.0058,0.0708,-0.0234,7.91,-8.68,-1.89
3.9561,1.0028,0.0717,-0.0220,8.54,-9.03,-1.40
3.9567,1.0014,0.0678,-0.0268,8.05,-9.38,-1.89
3.9572,1.0019,0.0669,-0.0278,8.33,-8.89,-1.26
3.9578,1.0019,0.0644,-0.0268,8.12,-8.26,-1.47
3.9583,1.0058,0.0664,-0.0259,8.54,-9.24,-1.12
3.9589,1.0048,0.0712,-0.0220,7.91,-8.26,-1.12
3.9594,1.0019,0.0703,-0.0195,8.40,-9.17,-1.40
3.9599,1.0014,0.0669,-0.0239,8.05,-8.54,-1.05
3.9605,1.0004,0.0683,-0.0229,8.12,-8.96,-1.33
3.9610,1.0024,0.0654,-0.0176,8.33,-8.47,-0.91
3.9615,1.0009,0.0620,-0.0220,8.12,-9.17,-1.19
3.9620,0.9980,0.0664,-0.0283,8.12,-8.33,-0.70
3.9625,0.9975,0.0673,-0.0273,8.26,-8.75,-0.91
3.9630,0.9970,0.0693,-0.0254,8.26,-8.33,-0.63
3.9635,0.9994,0.0683,-0.0268,8.12,-8.82,-1.12
3.9640,0.9989,0.0659,-0.0288,8.19,-8.75,-0.84
3.9646,0.9960,0.0678,-0.0278,7.98,-8.05,-0.56
3.9651,1.0009,0.0678,-0.0307,8.33,-8.89,-0.70
3.9656,1.0033,0.0644,-0.0317,8.05,-8.33,-0.56
3.9661,1.0033,0.0644,-0.0307,8.26,-9.03,-0.49
3.9666,1.0048,0.0683,-0.0303,8.05,-8.12,-0.35
3.9671,1.0019,0.0673,-0.0273,8.19,-8.82,-0.70
3.9676,1.0019,0.0654,-0.0244,7.84,-7.98,-0.35
3.9681,1.0014,0.0654,-0.0224,8.26,-8.89,-0.56
3.9686,0.9989,0.0659,-0.0259,7.91,-7.91,-0.07
3.9691,0.9989,0.0664,-0.0288,8.26,-8.47,-0.70
3.9696,1.0009,0.0649,-0.0317,7.98,-8.19,0.14
3.9701,1.0009,0.0654,-0.0337,8.05,-8.47,-0.42
3.9706,0.9999,0.0659,-0.0317,8.12,-8.26,0.14
3.9713,0.9999,0.0664,-0.0342,7.77,-8.05,-0.35
3.9719,1.0009,0.0664,-0.0337,8.33,-8.54,-0.14
3.9726,0.9999,0.0649,-0.0288,7.77,-7.77,0.14
3.9732,0.9975,0.0683,-0.0278,8.33,-8.54,-0.28
3.9739,0.9994,0.0712,-0.0312,7.70,-7.70,0.00
3.9745,1.0009,0.0673,-0.0356,8.05,-8.75,0.07
3.9752,0.9984,0.0634,-0.0322,7.84,-7.70,0.00
3.9758,0.9965,0.0649,-0.0259,7.84,-8.68,-0.28
3.9764,0.9999,0.0654,-0.0298,7.63,-7.56,0.28
3.9771,0.9994,0.0683,-0.0337,8.12,-8.40,0.14
3.9777,0.9999,0.0698,-0.0307,7.77,-7.63,0.07
3.9784,1.0014,0.0649,-0.0273,7.91,-7.84,0.42
3.9790,1.0024,0.0664,-0.0307,7.91,-8.12,0.07
3.9797,1.0024,0.0664,-0.0312,8.19,-7.84,0.07
3.9803,1.0009,0.0634,-0.0317,7.63,-7.98,0.42
3.9810,1.0033,0.0634,-0.0322,7.98,-7.56,0.07
3.9816,1.0058,0.0625,-0.0293,7.91,-7.98,0.35
3.9823,1.0058,0.0610,-0.0322,7.77,-7.42,0.28
3.9829,1.0019,0.0630,-0.0337,7.49,-7.63,0.77
3.9835,1.0038,0.0649,-0.0332,7.91,-7.49,0.35
3.9843,1.0092,0.0659,-0.0361,7.42,-7.98,0.63
3.9851,1.0077,0.0673,-0.0351,7.84,-7.77,0.21
3.9859,1.0053,0.0673,-0.0322,7.70,-8.12,0.77
3.9867,1.0063,0.0683,-0.0337,7.77,-7.35,0.21
3.9875,1.0077,0.0673,-0.0361,7.63,-8.05,0.70
3.9884,1.0053,0.0693,-0.0376,7.77,-7.14,0.56
3.9892,1.0019,0.0698,-0.0366,7.49,-8.05,0.42
3.9900,1.0024,0.0669,-0.0356,7.49,-7.14,0.77
3.9908,1.0038,0.0664,-0.0356,7.70,-8.05,0.49
3.9916,1.0033,0.0683,-0.0346,7.56,-7.42,0.77
3.9924,1.0033,0.0712,-0.0312,7.56,-7.70,0.42
3.9932,1.0024,0.0698,-0.0322,7.49,-7.35,0.70
3.9940,1.0033,0.0703,-0.0381,7.77,-7.77,0.42
3.9948,1.0024,0.0717,-0.0342,7.35,-7.35,1.05
3.9956,1.0033,0.0673,-0.0317,7.49,-7.28,0.56
3.9964,1.0048,0.0688,-0.0337,7.77,-7.77,0.84
3.9972,1.0028,0.0712,-0.0303,7.21,-7.07,0.56
3.9980,1.0024,0.0683,-0.0307,7.63,-7.84,1.12
3.9988,1.0014,0.0678,-0.0273,7.49,-7.21,0.42
3.9996,1.0024,0.0693,-0.0298,7.42,-7.70,1.26
3.9997,1.0033,0.0698,-0.0356,7.28,-7.21,0.63
3.9998,1.0024,0.0678,-0.0327,7.77,-7.91,1.12
3.9999,1.0019,0.0673,-0.0346,7.14,-7.21,0.91
4.0001,1.0053,0.0683,-0.0312,7.49,-7.00,1.61
4.0002,1.0067,0.0708,-0.0307,7.28,-7.63,0.49
4.0003,1.0043,0.0737,-0.0337,7.28,-6.93,1.61
4.0004,1.0092,0.0712,-0.0342,7.07,-7.84,0.70
4.0005,1.0097,0.0659,-0.0356,7.42,-7.42,1.54
4.0007,1.0082,0.0639,-0.0346,7.14,-7.77,0.77
4.0008,1.0136,0.0654,-0.0317,7.28,-6.79,1.61
4.0009,1.0160,0.0669,-0.0298,6.93,-7.42,0.84
4.0010,1.0126,0.0708,-0.0283,7.35,-7.28,1.54
4.0011,1.0102,0.0703,-0.0307,7.28,-7.35,1.05
4.0013,1.0106,0.0669,-0.0322,7.28,-7.84,1.33
4.0014,1.0087,0.0669,-0.0317,7.00,-6.86,1.47
4.0015,1.0092,0.0669,-0.0307,7.42,-8.05,0.77
4.0016,1.0102,0.0654,-0.0307,6.79,-6.93,1.75
4.0017,1.0126,0.0664,-0.0317,7.35,-7.84,0.91
4.0019,1.0106,0.0688,-0.0351,7.07,-7.00,1.75
4.0020,1.0116,0.0688,-0.0361,7.00,-7.56,1.12
4.0032,1.0111,0.0717,-0.0351,7.21,-7.07,1.82
4.0044,1.0146,0.0727,-0.0312,7.56,-7.56,1.96
4.0056,1.0150,0.0722,-0.0283,6.72,-7.07,1.19
4.0068,1.0126,0.0717,-0.0307,7.84,-7.14,2.24
4.0080,1.0121,0.0698,-0.0317,6.86,-7.63,0.91
4.0091,1.0131,0.0698,-0.0307,7.35,-7.28,2.03
4.0103,1.0146,0.0678,-0.0303,6.65,-7.56,0.91
4.0115,1.0165,0.0673,-0.0288,7.35,-7.70,2.10
4.0127,1.0214,0.0693,-0.0307,6.44,-7.56,1.33
4.0139,1.0189,0.0712,-0.0322,7.63,-7.70,1.89
4.0151,1.0136,0.0688,-0.0298,6.37,-7.56,1.26
4.0163,1.0155,0.0625,-0.0322,7.63,-7.63,1.75
4.0175,1.0146,0.0620,-0.0317,6.51,-7.42,1.61
4.0187,1.0106,0.0649,-0.0312,7.35,-7.84,1.82
4.0199,1.0116,0.0630,-0.0293,6.86,-7.42,1.54
4.0211,1.0165,0.0659,-0.0283,7.07,-7.70,1.82
4.0223,1.0165,0.0669,-0.0351,6.58,-7.28,1.75
4.0235,1.0175,0.0634,-0.0351,6.93,-7.98,1.89
4.0247,1.0204,0.0639,-0.0283,6.93,-7.63,1.54
4.0259,1.0214,0.0644,-0.0307,7.00,-7.98,1.68
4.0264,1.0155,0.0649,-0.0332,6.72,-7.77,1.61
4.0270,1.0189,0.0630,-0.0312,7.35,-7.70,1.96
4.0275,1.0175,0.0683,-0.0264,6.65,-7.91,1.61
4.0281,1.0165,0.0678,-0.0254,7.35,-7.42,2.17
4.0286,1.0199,0.0644,-0.0293,6.79,-7.84,1.61
4.0292,1.0180,0.0659,-0.0303,7.28,-7.84,2.38
4.0297,1.0185,0.0644,-0.0283,7.07,-7.77,1.47
4.0303,1.0170,0.0630,-0.0278,7.14,-8.19,2.52
4.0308,1.0141,0.0703,-0.0264,7.21,-7.77,1.12
4.0314,1.0180,0.0703,-0.0268,7.00,-7.77,2.80
4.0319,1.0214,0.0683,-0.0278,7.14,-8.12,1.26
4.0325,1.0228,0.0683,-0.0293,6.79,-7.91,2.52
4.0330,1.0248,0.0693,-0.0303,7.28,-7.77,1.54
4.0336,1.0243,0.0708,-0.0307,7.07,-8.12,2.80
4.0341,1.0214,0.0678,-0.0312,6.93,-7.77,1.47
4.0347,1.0194,0.0659,-0.0312,7.14,-7.84,2.52
4.0352,1.0160,0.0625,-0.0244,6.79,-7.77,1.75
4.0358,1.0150,0.0615,-0.0229,7.28,-8.26,2.38
4.0363,1.0189,0.0673,-0.0288,7.00,-7.84,1.75
4.0369,1.0199,0.0669,-0.0254,7.07,-8.12,2.66
