time_s,ax_g,ay_g,az_g,gx_dps,gy_dps,gz_dps
0.0000,0.8086,0.5519,0.1913,3.71,-3.08,0.84
0.0003,0.8101,0.5505,0.1898,4.20,-2.73,1.33
0.0005,0.8081,0.5529,0.1903,4.06,-2.31,1.19
0.0008,0.8052,0.5558,0.1923,3.99,-2.66,0.98
0.0011,0.8057,0.5534,0.1937,3.92,-2.03,1.33
0.0013,0.8067,0.5519,0.1972,4.06,-2.66,0.70
0.0016,0.8037,0.5519,0.1967,3.92,-2.03,1.40
0.0019,0.8062,0.5558,0.1893,4.27,-3.08,0.56
0.0021,0.8067,0.5602,0.1908,3.78,-2.17,0.98
0.0024,0.8042,0.5568,0.1967,4.13,-3.22,0.49
0.0027,0.8052,0.5549,0.1972,3.92,-1.61,1.33
0.0029,0.8081,0.5558,0.1918,3.99,-3.15,0.28
0.0032,0.8096,0.5558,0.1903,3.50,-1.54,1.05
0.0034,0.8106,0.5573,0.1928,4.13,-2.73,0.07
0.0037,0.8115,0.5607,0.1903,3.92,-2.38,0.56
0.0040,0.8125,0.5588,0.1928,3.64,-2.31,0.63
0.0042,0.8111,0.5539,0.1952,4.13,-2.66,0.00
0.0045,0.8096,0.5534,0.1932,3.92,-2.31,0.35
0.0048,0.8086,0.5558,0.1923,4.06,-2.38,-0.21
0.0050,0.8086,0.5563,0.1898,3.71,-1.96,0.63
0.0051,0.8115,0.5539,0.1918,3.92,-2.38,-0.42
0.0051,0.8140,0.5544,0.1952,3.71,-2.45,0.35
0.0051,0.8115,0.5558,0.1952,3.99,-2.31,-0.77
0.0051,0.8096,0.5544,0.1937,3.57,-2.03,0.00
0.0052,0.8115,0.5524,0.1923,4.13,-2.73,-0.63
0.0052,0.8120,0.5539,0.1937,3.36,-2.24,-0.28
0.0052,0.8115,0.5573,0.1937,4.13,-2.59,-0.77
0.0052,0.8096,0.5553,0.1928,3.50,-2.10,-0.07
0.0053,0.8086,0.5534,0.1898,3.78,-2.38,-1.05
0.0053,0.8145,0.5544,0.1854,4.13,-2.59,-0.63
0.0053,0.8174,0.5549,0.1884,3.29,-2.45,-0.77
0.0053,0.8169,0.5558,0.1903,4.06,-2.80,-1.05
0.0054,0.8223,0.5568,0.1932,3.36,-1.89,-0.56
0.0054,0.8125,0.5573,0.1932,3.22,-2.66,-0.77
0.0054,0.8150,0.5573,0.1908,3.64,-2.45,-1.54
0.0054,0.8174,0.5568,0.1893,3.64,-2.73,-0.84
0.0055,0.8169,0.5568,0.1903,3.36,-2.31,-0.98
0.0055,0.8189,0.5568,0.1923,3.36,-2.94,-1.33
0.0055,0.8218,0.5573,0.1923,3.29,-2.10,-1.05
0.0055,0.8198,0.5602,0.1932,3.71,-3.22,-1.40
0.0058,0.8179,0.5597,0.1937,3.29,-2.10,-1.12
0.0062,0.8189,0.5563,0.1942,3.71,-3.50,-1.61
0.0065,0.8184,0.5592,0.1942,3.15,-2.31,-0.91
0.0068,0.8218,0.5636,0.1947,3.57,-3.08,-1.68
0.0071,0.8267,0.5617,0.1942,3.29,-2.59,-0.63
0.0074,0.8228,0.5602,0.1908,3.43,-3.22,-1.75
0.0077,0.8213,0.5617,0.1923,3.29,-3.08,-1.12
0.0080,0.8296,0.5607,0.1937,3.64,-2.94,-1.33
0.0083,0.8311,0.5588,0.1932,3.43,-2.94,-1.05
0.0086,0.8286,0.5588,0.1928,3.22,-2.66,-1.54
0.0089,0.8301,0.5588,0.1898,3.29,-3.01,-1.47
0.0093,0.8272,0.5592,0.1884,3.36,-3.01,-1.40
0.0096,0.8267,0.5583,0.1893,3.50,-3.01,-1.26
0.0099,0.8296,0.5578,0.1928,3.08,-3.08,-1.05
0.0102,0.8306,0.5612,0.1962,3.78,-3.57,-1.19
0.0105,0.8316,0.5636,0.1991,3.22,-2.80,-0.77
0.0108,0.8311,0.5612,0.1991,3.57,-3.64,-1.19
0.0111,0.8325,0.5612,0.1947,3.29,-3.08,-1.05
0.0114,0.8325,0.5627,0.1957,3.50,-3.57,-1.26
0.0117,0.8316,0.5622,0.1942,3.36,-3.01,-0.63
0.0127,0.8320,0.5622,0.1937,3.50,-3.78,-1.19
0.0137,0.8345,0.5588,0.1942,3.50,-3.15,-0.63
0.0146,0.8330,0.5588,0.1942,3.36,-3.50,-0.77
0.0156,0.8325,0.5612,0.1932,3.29,-3.29,-0.77
0.0165,0.8355,0.5597,0.1937,3.15,-3.43,-0.35
0.0175,0.8350,0.5578,0.1981,3.22,-3.64,-0.91
0.0184,0.8374,0.5583,0.1986,3.08,-3.57,-0.14
0.0194,0.8355,0.5597,0.1986,3.43,-3.92,-0.84
0.0204,0.8320,0.5578,0.1996,3.22,-3.15,0.14
0.0213,0.8340,0.5588,0.2011,3.36,-3.57,0.00
0.0223,0.8359,0.5602,0.1991,3.01,-3.92,-0.14
0.0232,0.8345,0.5607,0.2001,3.43,-3.85,0.07
0.0242,0.8389,0.5597,0.2040,3.22,-3.78,-0.14
0.0251,0.8408,0.5592,0.1996,3.15,-3.64,0.42
0.0261,0.8389,0.5592,0.1986,3.36,-4.13,-0.35
0.0270,0.8359,0.5597,0.1996,3.29,-4.06,0.63
0.0280,0.8340,0.5602,0.1991,3.15,-3.99,0.21
0.0290,0.8340,0.5568,0.1991,3.36,-4.48,0.42
0.0299,0.8355,0.5568,0.1976,3.22,-4.20,0.35
0.0309,0.8394,0.5563,0.2025,2.94,-4.34,0.70
0.0311,0.8394,0.5544,0.2050,3.36,-4.13,0.70
0.0313,0.8364,0.5588,0.2020,3.43,-4.41,0.84
0.0314,0.8325,0.5588,0.2050,3.29,-4.41,1.05
0.0316,0.8355,0.5583,0.2084,3.22,-4.41,0.63
0.0318,0.8408,0.5612,0.2064,3.08,-4.13,1.47
0.0320,0.8389,0.5597,0.2084,3.36,-4.34,0.84
0.0322,0.8438,0.5617,0.2059,3.43,-4.06,0.98
0.0324,0.8408,0.5612,0.2059,3.15,-4.48,1.68
0.0326,0.8374,0.5607,0.2064,3.43,-4.48,1.33
0.0328,0.8423,0.5592,0.2103,3.29,-4.55,1.61
0.0330,0.8442,0.5607,0.2113,3.08,-4.62,1.47
0.0332,0.8379,0.5617,0.2118,3.22,-4.83,1.61
0.0334,0.8428,0.5622,0.2123,2.80,-4.76,1.61
0.0336,0.8477,0.5588,0.2113,2.94,-4.69,1.96
0.0337,0.8442,0.5592,0.2094,2.87,-5.11,1.82
0.0339,0.8452,0.5661,0.2084,3.50,-4.90,2.10
0.0341,0.8433,0.5680,0.2098,2.87,-5.04,2.10
0.0343,0.8433,0.5656,0.2074,3.43,-4.97,1.96
0.0345,0.8418,0.5651,0.2050,3.15,-4.97,2.24
0.0347,0.8418,0.5636,0.2074,3.29,-4.83,2.10
0.0353,0.8452,0.5627,0.2089,3.22,-5.11,2.59
0.0358,0.8462,0.5627,0.2137,3.22,-4.76,2.03
0.0363,0.8452,0.5612,0.2152,3.01,-4.97,2.94
0.0369,0.8433,0.5617,0.2147,3.01,-5.04,2.31
0.0374,0.8457,0.5651,0.2157,3.01,-5.39,2.73
0.0380,0.8481,0.5656,0.2123,2.94,-5.25,2.38
0.0385,0.8457,0.5656,0.2118,2.87,-5.25,2.87
0.0391,0.8491,0.5646,0.2133,3.08,-5.53,2.38
0.0396,0.8462,0.5661,0.2162,2.87,-5.67,3.08
0.0401,0.8447,0.5612,0.2181,3.01,-5.46,2.59
0.0407,0.8477,0.5641,0.2181,2.66,-5.67,3.43
0.0412,0.8496,0.5680,0.2172,2.94,-5.18,2.59
0.0418,0.8472,0.5646,0.2186,3.08,-5.95,3.22
0.0423,0.8452,0.5646,0.2206,2.80,-5.46,2.59
0.0429,0.8467,0.5651,0.2211,3.01,-6.02,3.22
0.0434,0.8467,0.5656,0.2176,2.59,-5.74,2.80
0.0439,0.8467,0.5700,0.2167,2.80,-5.88,3.36
0.0445,0.8477,0.5739,0.2206,2.87,-5.74,2.80
0.0450,0.8477,0.5719,0.2201,2.80,-6.02,2.94
0.0456,0.8506,0.5695,0.2167,2.59,-5.81,3.08
0.0467,0.8520,0.5700,0.2181,3.15,-5.60,3.50
0.0478,0.8506,0.5729,0.2206,2.66,-6.65,2.66
0.0489,0.8491,0.5729,0.2206,2.94,-5.53,3.29
0.0501,0.8477,0.5729,0.2196,2.59,-6.58,2.73
0.0512,0.8486,0.5729,0.2225,2.94,-6.02,3.36
0.0523,0.8477,0.5724,0.2264,2.94,-6.09,2.87
0.0534,0.8486,0.5714,0.2225,2.80,-6.44,3.08
0.0545,0.8501,0.5739,0.2191,2.87,-6.16,2.80
0.0557,0.8511,0.5710,0.2176,2.87,-6.09,3.29
0.0568,0.8462,0.5690,0.2191,2.73,-6.30,2.80
0.0579,0.8428,0.5700,0.2206,2.73,-6.09,3.01
0.0590,0.8477,0.5714,0.2201,2.45,-6.51,2.66
0.0601,0.8535,0.5719,0.2211,2.87,-5.81,3.36
0.0613,0.8520,0.5719,0.2196,2.59,-6.93,2.66
0.0624,0.8501,0.5763,0.2181,3.08,-6.30,3.08
0.0635,0.8516,0.5758,0.2211,2.45,-6.72,2.52
0.0646,0.8506,0.5739,0.2176,2.80,-6.02,3.08
0.0657,0.8496,0.5749,0.2181,2.31,-6.79,2.45
0.0669,0.8516,0.5749,0.2274,2.80,-6.23,2.87
0.0680,0.8535,0.5763,0.2245,2.31,-6.86,2.59
0.0686,0.8506,0.5754,0.2225,2.66,-6.72,2.17
0.0692,0.8560,0.5783,0.2211,2.87,-6.37,3.29
0.0698,0.8555,0.5802,0.2206,2.31,-6.44,2.17
0.0705,0.8564,0.5817,0.2225,2.59,-6.30,2.94
0.0711,0.8579,0.5832,0.2245,2.17,-6.65,2.10
0.0717,0.8594,0.5836,0.2240,2.59,-6.72,2.94
0.0723,0.8642,0.5856,0.2255,2.38,-6.51,2.17
0.0730,0.8638,0.5861,0.2245,2.24,-6.65,2.66
0.0736,0.8642,0.5841,0.2211,2.87,-6.93,2.17
0.0742,0.8652,0.5851,0.2196,2.24,-6.79,2.66
0.0748,0.8633,0.5856,0.2186,2.59,-7.07,2.03
0.0754,0.8618,0.5841,0.2211,2.38,-6.79,2.52
0.0761,0.8623,0.5822,0.2211,2.24,-6.65,2.17
0.0767,0.8647,0.5836,0.2191,2.31,-6.79,2.24
0.0773,0.8696,0.5871,0.2196,2.59,-7.07,2.17
0.0779,0.8691,0.5836,0.2181,2.52,-6.79,2.24
0.0785,0.8657,0.5812,0.2186,2.45,-7.28,1.89
0.0792,0.8682,0.5812,0.2211,2.52,-6.51,2.38
0.0798,0.8691,0.5807,0.2216,2.31,-7.21,2.03
0.0804,0.8696,0.5783,0.2230,2.52,-6.65,2.24
0.0813,0.8721,0.5754,0.2157,2.24,-7.35,2.03
0.0823,0.8735,0.5763,0.2196,2.10,-7.56,2.10
0.0832,0.8764,0.5797,0.2186,2.45,-7.35,1.61
0.0841,0.8784,0.5797,0.2186,2.38,-7.14,2.24
0.0850,0.8804,0.5783,0.2191,2.10,-7.21,1.75
0.0860,0.8808,0.5783,0.2201,2.45,-7.35,1.89
0.0869,0.8818,0.5768,0.2235,2.17,-7.63,1.40
0.0878,0.8794,0.5788,0.2259,2.03,-7.21,2.10
0.0888,0.8813,0.5783,0.2230,2.24,-7.70,1.12
0.0897,0.8867,0.5778,0.2230,2.38,-7.07,2.03
0.0906,0.8847,0.5773,0.2206,1.89,-7.42,1.12
0.0915,0.8847,0.5783,0.2201,2.10,-7.42,2.17
0.0925,0.8862,0.5812,0.2240,2.31,-7.42,1.40
0.0934,0.8872,0.5783,0.2191,2.38,-7.42,1.75
0.0943,0.8891,0.5788,0.2162,2.10,-7.63,1.19
0.0952,0.8921,0.5802,0.2206,2.38,-7.35,1.75
0.0962,0.8901,0.5783,0.2206,2.10,-7.98,1.19
0.0971,0.8999,0.5793,0.2201,2.03,-7.91,1.33
0.0980,0.8999,0.5788,0.2225,2.52,-7.28,1.40
0.0989,0.9004,0.5822,0.2206,2.31,-7.91,1.68
0.0991,0.9004,0.5861,0.2206,2.45,-7.56,0.98
0.0992,0.9023,0.5832,0.2235,2.38,-7.91,1.61
0.0994,0.9048,0.5812,0.2235,2.45,-7.91,0.91
0.0995,0.9057,0.5802,0.2206,2.17,-7.77,1.96
0.0997,0.9072,0.5768,0.2235,2.52,-8.26,0.70
0.0998,0.9106,0.5788,0.2259,2.45,-7.77,2.24
0.0999,0.9116,0.5841,0.2211,2.38,-7.98,0.63
0.1001,0.9091,0.5871,0.2196,2.52,-8.47,1.68
0.1002,0.9043,0.5880,0.2216,2.38,-8.19,0.98
0.1004,0.9052,0.5841,0.2220,2.45,-7.91,1.89
0.1005,0.9130,0.5802,0.2220,2.52,-8.54,0.77
0.1007,0.9145,0.5812,0.2240,2.73,-8.33,1.82
0.1008,0.9135,0.5812,0.2220,2.31,-8.33,1.26
0.1009,0.9140,0.5836,0.2211,2.52,-8.26,1.96
0.1011,0.9135,0.5856,0.2235,2.80,-8.33,1.68
0.1012,0.9116,0.5846,0.2235,2.52,-8.40,1.54
0.1014,0.9135,0.5871,0.2240,2.52,-8.40,2.03
0.1015,0.9189,0.5876,0.2235,2.80,-8.05,1.75
0.1017,0.9189,0.5866,0.2264,2.73,-8.05,2.31
0.1018,0.9174,0.5905,0.2279,2.45,-8.89,1.40
0.1024,0.9184,0.5924,0.2225,2.59,-8.40,2.52
0.1030,0.9204,0.5900,0.2220,2.73,-8.82,1.26
0.1036,0.9184,0.5910,0.2220,3.08,-8.40,2.66
0.1042,0.9179,0.5866,0.2230,2.38,-8.12,1.61
0.1048,0.9174,0.5817,0.2269,3.15,-8.61,2.87
0.1055,0.9174,0.5861,0.2255,2.59,-8.19,1.68
0.1061,0.9165,0.5895,0.2250,3.29,-8.68,2.87
0.1067,0.9160,0.5885,0.2294,2.87,-8.47,1.68
0.1073,0.9170,0.5890,0.2255,3.36,-8.54,3.15
0.1079,0.9165,0.5919,0.2206,2.87,-8.68,2.03
0.1085,0.9155,0.5924,0.2211,3.50,-8.40,3.29
0.1091,0.9189,0.5910,0.2211,3.01,-8.54,2.52
0.1097,0.9218,0.5929,0.2250,3.29,-8.47,3.22
0.1103,0.9199,0.5900,0.2235,2.87,-8.33,2.73
0.1109,0.9233,0.5841,0.2240,3.71,-8.40,3.29
0.1115,0.9209,0.5866,0.2294,3.43,-8.47,3.01
0.1122,0.9174,0.5890,0.2264,3.50,-8.12,3.57
0.1128,0.9199,0.5876,0.2235,3.22,-8.47,3.22
0.1134,0.9179,0.5866,0.2220,3.50,-8.19,3.57
0.1140,0.9184,0.5871,0.2191,3.29,-8.33,3.78
0.1146,0.9204,0.5900,0.2225,3.29,-7.98,3.57
0.1152,0.9213,0.5890,0.2259,3.43,-8.26,4.20
0.1159,0.9213,0.5861,0.2279,3.36,-8.26,3.36
0.1165,0.9238,0.5861,0.2279,3.71,-7.77,4.55
0.1171,0.9233,0.5841,0.2240,3.29,-7.77,3.36
0.1177,0.9184,0.5827,0.2216,3.85,-7.91,4.62
0.1183,0.9116,0.5822,0.2255,3.64,-7.98,3.43
0.1190,0.9121,0.5797,0.2279,3.71,-7.42,5.18
0.1196,0.9209,0.5822,0.2225,3.29,-8.05,3.64
0.1202,0.9223,0.5802,0.2172,4.06,-7.42,4.97
0.1208,0.9204,0.5768,0.2211,3.22,-7.98,3.71
0.1215,0.9179,0.5744,0.2259,3.71,-7.77,5.25
0.1221,0.9170,0.5768,0.2245,3.36,-7.63,4.13
0.1227,0.9170,0.5812,0.2245,3.78,-7.56,4.90
0.1233,0.9160,0.5817,0.2269,3.78,-7.49,5.11
0.1240,0.9155,0.5827,0.2259,3.08,-6.86,4.83
0.1246,0.9135,0.5807,0.2250,3.85,-7.21,4.48
0.1252,0.9126,0.5788,0.2245,3.57,-6.86,5.25
0.1258,0.9160,0.5788,0.2240,3.22,-7.21,4.27
0.1264,0.9179,0.5749,0.2259,3.64,-6.79,5.53
0.1275,0.9165,0.5768,0.2220,3.29,-7.21,3.92
0.1286,0.9165,0.5807,0.2220,3.50,-6.79,5.53
0.1296,0.9170,0.5758,0.2235,3.15,-6.86,4.13
0.1307,0.9170,0.5768,0.2245,3.64,-6.37,5.53
0.1317,0.9170,0.5802,0.2245,3.08,-6.72,4.13
0.1328,0.9106,0.5797,0.2225,3.50,-6.30,5.46
0.1338,0.9062,0.5832,0.2235,3.08,-6.51,3.71
0.1349,0.9072,0.5851,0.2294,3.43,-5.95,5.74
0.1359,0.9077,0.5802,0.2298,3.01,-6.09,3.85
0.1370,0.9077,0.5783,0.2279,3.78,-6.02,4.90
0.1380,0.9077,0.5793,0.2303,2.73,-5.88,4.20
0.1391,0.9057,0.5807,0.2274,3.50,-5.74,5.04
0.1402,0.9043,0.5832,0.2240,3.01,-6.09,3.85
0.1412,0.9052,0.5856,0.2303,3.50,-5.25,4.90
0.1423,0.9062,0.5861,0.2308,2.80,-5.60,3.99
0.1433,0.9087,0.5836,0.2225,3.29,-5.88,4.48
0.1444,0.9106,0.5836,0.2245,2.73,-5.04,4.48
0.1454,0.9082,0.5880,0.2279,2.94,-5.32,4.34
0.1465,0.9072,0.5871,0.2255,2.87,-4.83,4.48
0.1475,0.9087,0.5856,0.2245,2.59,-5.18,3.92
0.1477,0.9033,0.5876,0.2235,2.80,-4.48,4.20
0.1479,0.9028,0.5866,0.2211,2.94,-4.90,3.99
0.1481,0.9072,0.5841,0.2152,3.08,-4.13,4.48
0.1483,0.9048,0.5856,0.2147,2.31,-4.48,3.43
0.1484,0.9038,0.5851,0.2220,3.29,-4.76,3.85
0.1486,0.8994,0.5797,0.2225,2.38,-3.71,3.36
0.1488,0.8940,0.5778,0.2186,3.01,-4.41,3.78
0.1490,0.8979,0.5778,0.2191,2.10,-3.78,3.15
0.1492,0.9028,0.5793,0.2191,2.87,-3.71,3.71
0.1494,0.9038,0.5822,0.2211,2.10,-3.43,3.01
0.1495,0.9033,0.5836,0.2201,2.73,-3.50,3.15
0.1497,0.8994,0.5817,0.2186,2.03,-3.78,2.66
0.1499,0.9004,0.5807,0.2157,1.96,-2.87,2.31
0.1501,0.8994,0.5802,0.2186,2.31,-3.50,2.66
0.1503,0.8930,0.5773,0.2196,2.10,-2.52,2.66
0.1504,0.8886,0.5783,0.2186,1.96,-3.15,2.24
0.1506,0.8886,0.5832,0.2216,2.24,-2.52,2.17
0.1508,0.8896,0.5797,0.2220,2.10,-2.59,1.96
0.1510,0.8882,0.5754,0.2211,2.03,-2.31,2.03
0.1512,0.8896,0.5758,0.2157,1.82,-2.31,1.75
0.1516,0.8926,0.5763,0.2152,2.10,-2.03,1.61
0.1519,0.8906,0.5754,0.2206,1.61,-1.89,1.61
0.1523,0.8872,0.5724,0.2216,1.75,-1.89,1.40
0.1527,0.8872,0.5724,0.2191,1.47,-1.54,0.84
0.1531,0.8872,0.5734,0.2176,1.68,-1.40,1.47
0.1535,0.8862,0.5749,0.2201,1.54,-0.98,0.49
0.1538,0.8867,0.5739,0.2211,1.54,-1.33,1.33
0.1542,0.8857,0.5705,0.2196,1.47,-0.77,0.35
0.1546,0.8847,0.5729,0.2162,1.47,-1.19,0.91
0.1550,0.8862,0.5714,0.2181,1.05,-0.28,-0.07
0.1553,0.8872,0.5690,0.2259,1.12,-0.84,0.63
0.1557,0.8882,0.5695,0.2255,1.12,0.14,-0.28
0.1561,0.8867,0.5685,0.2206,1.19,0.70,-0.21
0.1565,0.8852,0.5641,0.2181,1.12,-0.21,-0.28
0.1569,0.8862,0.5685,0.2235,0.98,0.84,-0.28
0.1572,0.8896,0.5744,0.2259,0.56,0.21,-1.12
0.1576,0.8896,0.5749,0.2240,1.05,0.91,-0.84
0.1580,0.8852,0.5744,0.2230,0.42,0.56,-1.61
0.1584,0.8857,0.5739,0.2240,0.84,1.82,-0.35
0.1588,0.8852,0.5744,0.2245,0.56,0.56,-2.24
0.1593,0.8774,0.5758,0.2259,1.12,1.68,-0.70
0.1599,0.8769,0.5754,0.2225,0.56,0.77,-2.38
0.1604,0.8774,0.5739,0.2186,1.12,2.03,-1.05
0.1610,0.8760,0.5739,0.2181,0.28,1.68,-2.73
0.1615,0.8784,0.5739,0.2191,1.26,2.17,-1.26
0.1621,0.8755,0.5700,0.2191,0.49,1.96,-2.52
0.1626,0.8730,0.5729,0.2201,1.05,2.52,-1.61
0.1632,0.8716,0.5763,0.2201,0.28,2.31,-3.08
0.1637,0.8721,0.5773,0.2201,1.05,2.45,-1.75
0.1643,0.8740,0.5812,0.2211,0.63,3.01,-2.80
0.1648,0.8721,0.5822,0.2196,0.70,2.73,-2.73
0.1654,0.8701,0.5807,0.2201,0.77,3.36,-2.87
0.1659,0.8711,0.5812,0.2196,0.56,3.43,-3.08
0.1665,0.8721,0.5851,0.2191,0.56,3.57,-3.01
0.1670,0.8701,0.5846,0.2181,0.77,3.50,-3.43
0.1676,0.8706,0.5856,0.2167,0.77,4.06,-2.87
0.1681,0.8730,0.5871,0.2176,0.49,3.85,-4.06
0.1687,0.8706,0.5832,0.2196,0.91,4.41,-3.08
0.1692,0.8691,0.5836,0.2157,0.63,4.20,-3.78
0.1698,0.8711,0.5871,0.2137,1.12,4.69,-3.57
0.1712,0.8691,0.5866,0.2167,0.42,4.55,-4.13
0.1726,0.8672,0.5871,0.2186,1.26,4.83,-3.57
0.1740,0.8672,0.5910,0.2172,0.63,4.76,-4.41
0.1755,0.8657,0.5915,0.2128,1.19,5.25,-3.92
0.1769,0.8667,0.5900,0.2128,0.70,5.39,-4.55
0.1783,0.8662,0.5900,0.2181,1.82,5.53,-3.71
0.1798,0.8652,0.5929,0.2181,0.49,5.60,-4.62
0.1812,0.8618,0.5954,0.2172,1.61,5.88,-4.20
0.1826,0.8584,0.5954,0.2147,0.98,5.95,-4.55
0.1840,0.8564,0.5954,0.2147,1.61,6.37,-4.20
0.1855,0.8525,0.5939,0.2157,1.82,6.44,-4.62
0.1869,0.8560,0.5944,0.2142,1.47,6.51,-5.04
0.1883,0.8555,0.5958,0.2157,1.82,6.37,-4.90
0.1897,0.8525,0.5958,0.2186,1.61,6.79,-5.46
0.1912,0.8516,0.5954,0.2172,1.82,7.00,-5.04
0.1926,0.8535,0.5988,0.2176,1.47,7.21,-5.25
0.1940,0.8540,0.6051,0.2196,2.10,7.00,-5.46
0.1954,0.8516,0.6032,0.2201,1.75,7.70,-5.25
0.1969,0.8506,0.6007,0.2196,2.24,7.28,-5.53
0.1983,0.8506,0.6027,0.2157,2.17,7.70,-5.53
0.1983,0.8481,0.6046,0.2172,2.52,7.77,-5.81
0.1984,0.8457,0.6056,0.2196,1.96,7.98,-5.95
0.1984,0.8477,0.6012,0.2191,2.80,8.54,-5.46
0.1984,0.8511,0.5998,0.2176,2.45,8.40,-6.44
0.1985,0.8560,0.6046,0.2162,3.01,8.82,-5.67
0.1985,0.8550,0.6051,0.2118,2.52,8.61,-6.44
0.1985,0.8511,0.6046,0.2137,3.01,8.54,-6.23
0.1986,0.8530,0.6041,0.2167,2.66,8.96,-6.79
0.1986,0.8540,0.6032,0.2167,3.43,8.89,-6.51
0.1986,0.8550,0.6032,0.2172,2.73,8.82,-7.21
0.1986,0.8520,0.6041,0.2186,3.43,9.38,-6.58
0.1987,0.8496,0.6066,0.2162,3.36,9.38,-7.00
0.1987,0.8516,0.6037,0.2172,3.43,9.24,-7.28
0.1987,0.8516,0.6027,0.2172,3.57,9.38,-7.14
0.1988,0.8530,0.6051,0.2142,3.57,9.52,-7.77
0.1988,0.8535,0.6027,0.2118,3.92,9.73,-7.35
0.1988,0.8506,0.6027,0.2123,3.92,9.94,-7.70
0.1989,0.8491,0.6066,0.2147,4.20,10.01,-7.49
0.1989,0.8506,0.6061,0.2147,3.99,9.87,-8.26
0.1989,0.8477,0.6037,0.2142,4.20,10.22,-7.77
0.1999,0.8477,0.6061,0.2118,4.13,10.08,-8.54
0.2009,0.8486,0.6061,0.2118,4.62,10.08,-8.33
0.2018,0.8438,0.6080,0.2123,4.20,10.78,-8.75
0.2028,0.8433,0.6110,0.2098,4.62,10.29,-8.68
0.2037,0.8442,0.6071,0.2098,4.76,10.71,-9.17
0.2047,0.8423,0.6066,0.2128,4.83,10.29,-9.03
0.2056,0.8413,0.6041,0.2133,4.90,10.57,-9.52
0.2066,0.8413,0.5998,0.2133,4.90,10.57,-9.66
0.2076,0.8442,0.6027,0.2157,5.11,10.99,-9.52
0.2085,0.8477,0.6037,0.2133,5.25,10.71,-10.22
0.2095,0.8477,0.6012,0.2113,5.11,11.27,-9.66
0.2104,0.8467,0.5978,0.2098,5.18,10.78,-10.71
0.2114,0.8457,0.5978,0.2103,5.39,10.78,-10.01
0.2124,0.8447,0.5978,0.2128,4.97,11.13,-10.78
0.2133,0.8423,0.5919,0.2113,5.81,11.13,-10.57
0.2143,0.8418,0.5900,0.2137,5.32,11.13,-11.48
0.2152,0.8452,0.5919,0.2128,5.53,11.41,-10.64
0.2162,0.8447,0.5934,0.2108,5.32,11.20,-11.55
0.2172,0.8442,0.5919,0.2103,5.95,11.13,-11.13
0.2181,0.8452,0.5866,0.2103,5.32,11.34,-11.83
0.2185,0.8462,0.5851,0.2103,5.88,11.20,-11.13
0.2188,0.8462,0.5866,0.2084,5.88,11.34,-12.39
0.2192,0.8442,0.5836,0.2069,5.95,11.13,-12.04
0.2196,0.8477,0.5836,0.2079,5.81,11.48,-12.25
0.2199,0.8506,0.5856,0.2098,5.95,11.27,-12.39
0.2203,0.8511,0.5763,0.2118,5.74,10.99,-12.74
0.2207,0.8525,0.5754,0.2089,5.95,11.48,-12.74
0.2210,0.8540,0.5744,0.2064,6.02,11.76,-12.88
0.2214,0.8501,0.5739,0.2069,6.16,11.27,-12.95
0.2218,0.8506,0.5734,0.2089,6.30,11.13,-13.79
0.2221,0.8550,0.5710,0.2098,5.88,11.76,-13.09
0.2225,0.8564,0.5705,0.2113,5.88,11.27,-13.72
0.2229,0.8560,0.5739,0.2162,6.02,11.55,-13.58
0.2232,0.8550,0.5729,0.2167,6.16,11.13,-14.00
0.2236,0.8560,0.5680,0.2181,5.95,11.13,-13.65
0.2240,0.8520,0.5680,0.2176,6.02,11.13,-14.42
0.2243,0.8472,0.5671,0.2147,6.30,11.06,-13.86
0.2247,0.8462,0.5646,0.2162,6.09,10.99,-14.56
0.2251,0.8447,0.5656,0.2176,6.16,10.99,-14.21
0.2254,0.8467,0.5656,0.2142,5.95,10.92,-14.84
0.2254,0.8496,0.5617,0.2157,6.02,10.99,-14.35
0.2255,0.8472,0.5592,0.2191,5.95,10.71,-15.05
0.2255,0.8413,0.5578,0.2186,6.09,10.71,-14.63
0.2255,0.8374,0.5549,0.2206,6.16,11.06,-15.05
0.2256,0.8389,0.5534,0.2245,6.02,10.85,-14.63
0.2256,0.8433,0.5519,0.2245,5.74,10.36,-15.54
0.2256,0.8433,0.5519,0.2250,5.88,10.50,-15.40
0.2257,0.8398,0.5456,0.2206,5.74,9.94,-15.75
0.2257,0.8428,0.5446,0.2230,6.02,10.99,-15.19
0.2257,0.8408,0.5451,0.2225,5.39,10.22,-15.82
0.2258,0.8374,0.5470,0.2211,6.16,10.43,-15.26
0.2258,0.8364,0.5466,0.2216,5.60,10.50,-15.96
0.2258,0.8364,0.5466,0.2172,6.09,9.94,-15.33
0.2259,0.8374,0.5461,0.2137,5.32,10.22,-16.45
0.2259,0.8355,0.5441,0.2118,5.74,10.43,-15.12
0.2259,0.8330,0.5427,0.2157,5.46,10.22,-16.10
0.2260,0.8330,0.5431,0.2157,5.88,9.80,-15.33
0.2260,0.8355,0.5427,0.2133,5.39,9.94,-15.75
0.2260,0.8355,0.5397,0.2152,5.46,9.87,-15.26
0.2261,0.8345,0.5397,0.2113,5.46,9.80,-15.89
0.2273,0.8345,0.5422,0.2094,5.53,9.73,-15.47
0.2286,0.8340,0.5397,0.2123,5.32,9.66,-15.75
0.2299,0.8325,0.5383,0.2152,5.32,9.73,-15.19
0.2312,0.8316,0.5402,0.2162,5.32,9.80,-15.33
0.2325,0.8286,0.5368,0.2123,5.25,9.66,-14.77
0.2337,0.8281,0.5363,0.2118,5.11,9.45,-15.05
0.2350,0.8286,0.5397,0.2167,5.25,9.66,-15.40
0.2363,0.8242,0.5392,0.2128,5.18,9.10,-14.56
0.2376,0.8218,0.5383,0.2123,5.04,9.45,-14.91
0.2389,0.8237,0.5402,0.2147,5.04,9.24,-14.42
0.2401,0.8223,0.5402,0.2142,5.25,9.10,-14.84
0.2414,0.8184,0.5378,0.2172,4.97,9.31,-13.93
0.2427,0.8194,0.5363,0.2172,5.18,8.82,-14.35
0.2440,0.8208,0.5344,0.2157,4.97,8.89,-14.07
0.2453,0.8189,0.5353,0.2137,5.04,8.68,-14.07
0.2465,0.8198,0.5339,0.2094,4.97,8.96,-13.65
0.2478,0.8213,0.5290,0.2128,4.90,8.68,-13.79
0.2491,0.8169,0.5275,0.2191,4.90,8.96,-13.09
0.2504,0.8145,0.5305,0.2172,4.62,8.68,-13.37
0.2517,0.8174,0.5300,0.2133,4.83,8.26,-12.88
0.2521,0.8150,0.5266,0.2103,4.55,8.40,-13.16
0.2525,0.8120,0.5261,0.2167,4.55,8.26,-12.53
0.2530,0.8106,0.5261,0.2147,4.41,8.40,-12.46
0.2534,0.8096,0.5251,0.2098,4.55,8.33,-11.90
0.2538,0.8101,0.5256,0.2123,4.41,8.19,-11.97
0.2543,0.8125,0.5280,0.2137,4.13,8.12,-11.34
0.2547,0.8125,0.5285,0.2128,4.55,7.98,-11.76
0.2551,0.8111,0.5275,0.2152,4.06,8.33,-10.57
0.2556,0.8115,0.5270,0.2142,4.48,8.05,-11.48
0.2560,0.8135,0.5236,0.2128,3.99,7.91,-10.08
0.2564,0.8135,0.5226,0.2128,4.06,7.84,-11.06
0.2569,0.8106,0.5251,0.2098,3.99,8.05,-9.94
0.2573,0.8091,0.5266,0.2108,4.13,7.70,-10.22
0.2577,0.8101,0.5236,0.2123,3.78,7.70,-9.94
0.2582,0.8106,0.5246,0.2118,4.27,7.35,-9.66
0.2586,0.8076,0.5256,0.2089,3.85,7.42,-9.17
0.2590,0.8115,0.5231,0.2103,3.71,7.70,-8.89
0.2595,0.8106,0.5251,0.2162,3.85,7.28,-9.10
0.2599,0.8047,0.5261,0.2157,3.78,7.21,-8.68
0.2603,0.8057,0.5256,0.2147,3.99,7.21,-8.82
0.2608,0.8081,0.5266,0.2118,3.78,7.63,-7.77
0.2614,0.8076,0.5226,0.2103,4.06,7.14,-7.42
0.2619,0.8037,0.5256,0.2098,3.01,6.44,-8.61
0.2624,0.8062,0.5275,0.2103,3.99,7.07,-6.58
0.2629,0.8096,0.5251,0.2113,2.73,6.79,-7.77
0.2635,0.8106,0.5256,0.2108,3.71,6.58,-6.30
0.2640,0.8096,0.5270,0.2074,3.08,6.51,-7.21
0.2645,0.8101,0.5222,0.2103,3.50,6.16,-5.60
0.2650,0.8106,0.5261,0.2142,3.01,6.44,-6.44
0.2655,0.8145,0.5290,0.2137,3.43,6.30,-5.60
0.2661,0.8159,0.5226,0.2123,3.01,6.23,-5.81
0.2666,0.8140,0.5251,0.2084,3.22,5.39,-5.25
0.2671,0.8120,0.5295,0.2069,2.94,6.16,-5.18
0.2676,0.8106,0.5295,0.2089,2.94,5.60,-4.55
0.2682,0.8115,0.5275,0.2133,3.08,5.95,-4.55
0.2687,0.8130,0.5280,0.2172,3.08,5.46,-4.27
0.2692,0.8145,0.5295,0.2108,2.87,5.32,-4.20
0.2697,0.8106,0.5324,0.2133,2.94,5.18,-3.43
0.2702,0.8140,0.5363,0.2157,2.59,5.39,-3.36
0.2708,0.8145,0.5363,0.2128,3.36,4.90,-2.45
0.2722,0.8130,0.5348,0.2123,2.45,5.04,-3.43
0.2736,0.8101,0.5353,0.2113,3.22,4.90,-1.82
0.2750,0.8101,0.5373,0.2050,2.31,5.11,-2.80
0.2764,0.8106,0.5363,0.2089,3.15,4.76,-1.61
0.2778,0.8111,0.5339,0.2118,2.38,4.34,-2.80
0.2793,0.8101,0.5339,0.2098,2.87,4.34,-0.77
0.2807,0.8096,0.5407,0.2094,2.10,4.55,-2.24
0.2821,0.8154,0.5427,0.2098,2.66,4.20,-0.63
0.2835,0.8140,0.5368,0.2103,2.31,4.13,-1.33
0.2849,0.8076,0.5363,0.2089,2.52,3.78,-0.28
0.2863,0.8062,0.5402,0.2118,2.52,4.27,-0.91
0.2877,0.8057,0.5417,0.2098,2.52,3.78,0.28
0.2892,0.8042,0.5363,0.2098,2.45,3.85,-0.28
0.2906,0.8067,0.5329,0.2162,2.31,3.57,0.70
0.2920,0.8052,0.5383,0.2118,2.24,3.57,0.35
0.2934,0.7998,0.5436,0.2113,2.31,3.22,0.63
0.2948,0.7979,0.5466,0.2152,2.38,3.50,0.91
0.2962,0.7993,0.5490,0.2113,2.24,2.94,1.68
0.2976,0.8018,0.5461,0.2123,2.31,3.43,1.61
0.2991,0.7984,0.5451,0.2162,2.38,2.66,1.75
0.2991,0.7959,0.5500,0.2157,1.75,3.29,1.61
0.2991,0.7950,0.5529,0.2147,2.10,2.73,2.52
0.2992,0.7915,0.5514,0.2103,2.03,3.29,2.03
0.2992,0.7910,0.5519,0.2079,1.89,2.17,2.73
0.2992,0.7920,0.5519,0.2084,2.03,3.08,2.73
0.2993,0.7891,0.5524,0.2084,2.10,1.96,3.22
0.2993,0.7896,0.5534,0.2137,1.96,2.80,2.87
0.2994,0.7925,0.5539,0.2118,1.75,2.38,3.50
0.2994,0.7940,0.5553,0.2098,1.61,2.31,3.15
0.2994,0.7959,0.5510,0.2108,1.82,2.24,3.50
0.2995,0.7959,0.5461,0.2098,1.82,2.17,3.29
0.2995,0.7920,0.5480,0.2079,1.82,2.17,3.71
0.2995,0.7930,0.5505,0.2098,1.47,1.68,3.64
0.2996,0.7959,0.5519,0.2123,1.40,2.17,3.64
0.2996,0.7954,0.5500,0.2074,1.54,1.54,3.71
0.2996,0.7930,0.5480,0.2069,1.12,1.47,3.57
0.2997,0.7910,0.5461,0.2098,1.19,1.47,4.13
0.2997,0.7906,0.5417,0.2084,0.98,1.61,3.71
0.2998,0.7896,0.5402,0.2079,1.54,1.33,4.27
0.2998,0.7901,0.5373,0.2084,0.98,1.47,3.50
0.3000,0.7891,0.5392,0.2064,0.77,1.47,4.41
0.3003,0.7891,0.5417,0.2035,0.98,1.19,3.36
0.3005,0.7915,0.5373,0.2011,0.77,1.12,3.92
0.3007,0.7945,0.5383,0.2040,0.35,1.12,3.36
0.3010,0.7935,0.5388,0.2074,0.35,0.84,3.71
0.3012,0.7915,0.5348,0.2045,0.35,0.84,3.36
0.3014,0.7910,0.5363,0.2054,0.28,1.12,3.71
0.3017,0.7930,0.5339,0.2054,-0.14,0.63,3.08
0.3019,0.7945,0.5314,0.2074,-0.14,0.56,3.29
0.3022,0.7896,0.5334,0.2108,-0.42,0.42,2.52
0.3024,0.7871,0.5353,0.2098,-0.49,0.56,2.80
0.3026,0.7886,0.5324,0.2074,-0.56,0.49,2.52
0.3029,0.7915,0.5305,0.2054,-0.91,0.00,2.52
0.3031,0.7876,0.5329,0.2089,-0.63,0.21,2.31
0.3033,0.7823,0.5353,0.2089,-1.26,0.14,2.03
0.3036,0.7808,0.5348,0.2064,-0.98,0.35,2.17
0.3038,0.7798,0.5334,0.2084,-1.54,-0.49,1.26
0.3041,0.7769,0.5329,0.2089,-1.47,0.00,1.61
0.3043,0.7774,0.5309,0.2074,-2.10,0.00,1.12
0.3045,0.7779,0.5309,0.2089,-1.96,-0.21,1.12
0.3052,0.7740,0.5348,0.2152,-2.38,-0.56,0.70
0.3059,0.7725,0.5339,0.2162,-2.10,-0.91,0.42
0.3066,0.7715,0.5368,0.2123,-2.59,-0.21,0.28
0.3073,0.7696,0.5373,0.2162,-2.59,-0.84,0.07
0.3080,0.7662,0.5329,0.2216,-3.08,-0.35,-0.07
0.3087,0.7637,0.5358,0.2211,-2.94,-0.42,-0.35
0.3094,0.7618,0.5368,0.2206,-3.01,-0.77,-0.84
0.3101,0.7603,0.5388,0.2220,-3.36,-0.70,-0.56
0.3108,0.7598,0.5383,0.2216,-3.29,-0.91,-1.47
0.3115,0.7574,0.5363,0.2206,-3.57,-0.91,-1.40
0.3122,0.7579,0.5388,0.2220,-3.71,-0.91,-1.75
0.3129,0.7559,0.5436,0.2220,-3.92,-0.77,-2.17
0.3136,0.7554,0.5461,0.2220,-3.99,-1.05,-2.10
0.3143,0.7549,0.5431,0.2216,-4.20,-0.49,-2.10
0.3150,0.7510,0.5397,0.2250,-4.27,-1.12,-2.66
0.3157,0.7481,0.5417,0.2274,-4.27,-0.70,-2.80
0.3164,0.7437,0.5466,0.2230,-4.69,-0.91,-2.73
0.3171,0.7437,0.5490,0.2255,-4.69,-0.84,-3.36
0.3178,0.7418,0.5510,0.2289,-4.83,-0.77,-3.78
0.3185,0.7393,0.5563,0.2274,-5.18,-0.77,-3.64
0.3189,0.7379,0.5597,0.2245,-4.97,-0.84,-3.99
0.3194,0.7344,0.5578,0.2206,-5.53,-1.19,-4.55
0.3199,0.7364,0.5558,0.2220,-5.04,-0.70,-4.20
0.3203,0.7354,0.5588,0.2264,-5.60,-0.70,-4.62
0.3208,0.7320,0.5627,0.2240,-5.39,-0.42,-4.83
0.3213,0.7340,0.5612,0.2211,-5.74,-0.91,-5.25
0.3218,0.7325,0.5573,0.2196,-5.88,-0.49,-5.04
0.3222,0.7315,0.5617,0.2172,-5.67,-0.77,-5.81
0.3227,0.7330,0.5666,0.2181,-5.53,-0.42,-5.46
0.3232,0.7305,0.5636,0.2186,-6.02,-0.70,-6.65
0.3236,0.7276,0.5656,0.2186,-5.95,-0.14,-5.95
0.3241,0.7232,0.5695,0.2186,-6.51,-0.91,-6.86
0.3246,0.7237,0.5685,0.2201,-6.02,-0.77,-6.65
0.3251,0.7247,0.5661,0.2181,-6.65,-0.42,-7.14
0.3255,0.7252,0.5690,0.2172,-6.02,0.00,-6.58
0.3260,0.7261,0.5714,0.2181,-6.51,-0.21,-7.63
0.3265,0.7222,0.5719,0.2172,-6.37,-0.49,-7.35
0.3269,0.7198,0.5749,0.2147,-6.72,-0.42,-7.84
0.3274,0.7183,0.5773,0.2147,-6.58,-0.28,-7.70
0.3279,0.7169,0.5754,0.2181,-6.30,-0.35,-8.26
0.3284,0.7174,0.5714,0.2220,-6.65,0.21,-8.05
0.3290,0.7208,0.5714,0.2225,-6.30,0.28,-8.40
0.3295,0.7247,0.5749,0.2230,-6.58,-0.28,-8.82
0.3301,0.7232,0.5744,0.2201,-6.72,0.35,-8.61
0.3307,0.7188,0.5714,0.2196,-6.65,0.07,-9.03
0.3312,0.7198,0.5729,0.2225,-6.44,0.00,-9.31
0.3318,0.7193,0.5773,0.2255,-6.79,0.00,-9.73
0.3323,0.7208,0.5827,0.2289,-6.37,0.49,-9.24
0.3329,0.7198,0.5797,0.2225,-6.86,0.07,-10.29
0.3334,0.7188,0.5827,0.2186,-6.16,0.70,-9.38
0.3340,0.7159,0.5797,0.2196,-6.30,0.56,-9.66
0.3346,0.7193,0.5817,0.2220,-6.86,-0.21,-11.06
0.3351,0.7252,0.5846,0.2230,-6.30,0.91,-9.94
0.3357,0.7242,0.5832,0.2206,-6.72,0.63,-11.34
0.3362,0.7193,0.5802,0.2206,-6.58,0.84,-10.64
0.3368,0.7178,0.5822,0.2206,-6.51,0.70,-11.48
0.3373,0.7227,0.5827,0.2216,-6.72,1.26,-10.71
0.3379,0.7247,0.5797,0.2235,-6.51,0.70,-11.62
0.3385,0.7222,0.5797,0.2235,-6.16,0.70,-11.48
0.3390,0.7232,0.5802,0.2240,-6.58,0.84,-12.04
0.3397,0.7266,0.5788,0.2220,-6.23,0.91,-11.48
0.3403,0.7286,0.5822,0.2206,-6.58,0.63,-12.11
0.3410,0.7276,0.5836,0.2220,-5.95,1.26,-12.04
0.3416,0.7286,0.5817,0.2216,-6.58,0.70,-12.32
0.3423,0.7320,0.5832,0.2235,-6.09,1.40,-12.18
0.3429,0.7320,0.5871,0.2235,-6.37,0.91,-12.53
0.3436,0.7320,0.5856,0.2211,-6.23,1.47,-12.46
0.3442,0.7325,0.5822,0.2225,-5.81,0.84,-12.74
0.3449,0.7305,0.5827,0.2201,-6.16,1.19,-12.81
0.3455,0.7296,0.5861,0.2216,-5.88,1.05,-12.67
0.3462,0.7320,0.5866,0.2230,-6.16,1.05,-13.23
0.3468,0.7330,0.5832,0.2191,-5.60,1.40,-12.60
0.3475,0.7310,0.5841,0.2152,-5.95,1.12,-13.51
0.3481,0.7310,0.5846,0.2133,-5.95,1.19,-12.88
0.3488,0.7369,0.5851,0.2172,-5.74,1.12,-13.58
0.3494,0.7374,0.5856,0.2191,-5.88,1.61,-12.81
0.3501,0.7340,0.5861,0.2176,-5.74,1.19,-14.00
0.3507,0.7310,0.5861,0.2147,-5.74,1.54,-12.95
0.3514,0.7281,0.5822,0.2152,-5.53,0.91,-14.35
0.3520,0.7300,0.5827,0.2142,-5.46,1.47,-13.16
0.3525,0.7335,0.5846,0.2137,-5.53,1.26,-14.07
0.3529,0.7344,0.5827,0.2167,-5.32,1.19,-13.44
0.3534,0.7354,0.5832,0.2133,-5.32,1.40,-13.79
0.3538,0.7359,0.5851,0.2059,-4.97,0.91,-13.86
0.3543,0.7349,0.5822,0.2059,-5.25,1.40,-13.65
0.3547,0.7325,0.5802,0.2103,-4.97,1.19,-13.79
0.3551,0.7325,0.5788,0.2137,-5.18,1.33,-13.93
0.3556,0.7330,0.5788,0.2167,-4.90,0.91,-14.07
0.3560,0.7315,0.5817,0.2113,-4.97,1.40,-13.44
0.3565,0.7340,0.5832,0.2089,-4.90,1.40,-13.86
0.3569,0.7364,0.5802,0.2137,-4.48,1.47,-13.44
0.3574,0.7398,0.5768,0.2147,-5.04,0.98,-14.07
0.3578,0.7427,0.5783,0.2133,-4.55,1.40,-13.02
0.3583,0.7437,0.5724,0.2113,-5.11,0.98,-14.56
0.3587,0.7447,0.5675,0.2079,-4.48,1.12,-13.37
0.3592,0.7442,0.5680,0.2103,-5.11,1.12,-14.49
0.3596,0.7447,0.5685,0.2133,-4.41,0.84,-13.65
0.3601,0.7466,0.5714,0.2089,-5.11,1.05,-14.14
0.3605,0.7452,0.5710,0.2094,-4.55,0.84,-13.51
0.3610,0.7442,0.5690,0.2133,-5.11,1.40,-13.79
0.3615,0.7457,0.5666,0.2162,-4.27,0.56,-13.79
0.3621,0.7457,0.5632,0.2157,-4.83,1.19,-13.65
0.3626,0.7471,0.5602,0.2137,-4.69,0.42,-13.79
0.3632,0.7496,0.5612,0.2167,-4.97,1.05,-13.65
0.3637,0.7457,0.5617,0.2137,-4.48,0.42,-13.58
0.3643,0.7457,0.5597,0.2103,-4.55,1.19,-13.30
0.3648,0.7471,0.5592,0.2123,-4.69,0.70,-13.44
0.3654,0.7442,0.5583,0.2172,-4.69,0.49,-13.51
0.3659,0.7408,0.5534,0.2186,-4.76,0.77,-13.72
0.3665,0.7413,0.5524,0.2167,-4.69,0.84,-13.16
0.3670,0.7447,0.5519,0.2191,-4.69,0.42,-13.51
0.3676,0.7427,0.5500,0.2186,-4.55,0.49,-13.23
0.3681,0.7413,0.5514,0.2186,-4.83,0.63,-13.37
0.3687,0.7427,0.5514,0.2191,-4.41,0.63,-13.16
0.3692,0.7432,0.5466,0.2172,-4.76,0.35,-13.02
0.3698,0.7427,0.5456,0.2172,-4.62,0.42,-12.95
0.3703,0.7422,0.5470,0.2142,-5.18,0.84,-12.67
0.3709,0.7457,0.5451,0.2147,-4.69,0.07,-13.09
0.3714,0.7496,0.5451,0.2225,-4.83,0.56,-12.53
0.3720,0.7471,0.5412,0.2211,-4.97,0.42,-12.25
0.3735,0.7432,0.5388,0.2172,-5.04,0.49,-12.81
0.3750,0.7408,0.5446,0.2147,-5.32,-0.28,-12.53
0.3765,0.7432,0.5461,0.2167,-4.62,0.42,-12.25
0.3780,0.7447,0.5446,0.2225,-5.46,0.00,-12.25
0.3795,0.7457,0.5461,0.2220,-4.76,0.84,-11.69
0.3810,0.7481,0.5485,0.2176,-5.39,-0.56,-12.32
0.3825,0.7510,0.5485,0.2137,-4.90,0.28,-11.62
0.3840,0.7501,0.5446,0.2137,-4.83,0.21,-11.13
0.3855,0.7491,0.5446,0.2123,-5.60,-0.77,-12.25
0.3870,0.7535,0.5485,0.2147,-4.69,0.21,-10.57
0.3885,0.7535,0.5470,0.2176,-6.16,-0.42,-12.04
0.3900,0.7481,0.5368,0.2176,-4.62,-0.28,-10.43
0.3915,0.7457,0.5373,0.2137,-5.95,0.00,-11.69
0.3930,0.7481,0.5427,0.2108,-5.39,-0.35,-10.36
0.3945,0.7520,0.5383,0.2128,-5.88,-0.35,-11.13
0.3961,0.7540,0.5358,0.2079,-5.74,-0.63,-10.43
0.3976,0.7515,0.5339,0.2054,-6.02,-0.28,-11.13
0.3991,0.7520,0.5305,0.2098,-5.67,-1.61,-10.57
0.4006,0.7530,0.5305,0.2084,-5.88,-0.21,-10.36
0.4021,0.7496,0.5324,0.2040,-6.16,-1.33,-10.92
0.4021,0.7491,0.5348,0.2045,-5.95,-0.28,-9.73
0.4022,0.7530,0.5314,0.2079,-6.51,-1.40,-10.78
0.4022,0.7569,0.5285,0.2050,-6.37,-1.12,-9.80
0.4023,0.7598,0.5261,0.1986,-6.51,-1.47,-10.85
0.4023,0.7598,0.5270,0.2025,-6.51,-0.98,-9.24
0.4023,0.7598,0.5270,0.2069,-6.58,-1.19,-10.64
0.4024,0.7608,0.5261,0.2084,-6.37,-1.26,-8.68
0.4024,0.7632,0.5251,0.2064,-7.49,-2.03,-10.92
0.4025,0.7652,0.5241,0.2050,-6.51,-1.61,-8.82
0.4025,0.7657,0.5266,0.2133,-7.21,-1.61,-10.36
0.4026,0.7637,0.5241,0.2118,-6.79,-1.82,-8.75
0.4026,0.7642,0.5212,0.2079,-7.70,-1.96,-10.15
0.4026,0.7706,0.5226,0.2050,-6.93,-2.38,-9.38
0.4027,0.7720,0.5256,0.2015,-7.77,-2.17,-9.87
0.4027,0.7725,0.5246,0.2050,-7.49,-2.52,-9.03
0.4028,0.7779,0.5212,0.2050,-7.84,-2.31,-9.38
0.4028,0.7788,0.5246,0.2030,-7.56,-2.87,-9.38
0.4029,0.7784,0.5246,0.2045,-7.91,-2.59,-8.96
0.4029,0.7779,0.5187,0.2089,-8.40,-3.22,-9.52
0.4030,0.7779,0.5183,0.2113,-8.05,-2.80,-8.82
0.4031,0.7813,0.5212,0.2118,-8.40,-3.71,-10.08
0.4032,0.7832,0.5187,0.2118,-8.33,-3.15,-8.12
0.4033,0.7823,0.5163,0.2084,-8.96,-3.78,-9.87
0.4034,0.7808,0.5187,0.2079,-8.33,-3.50,-8.19
0.4035,0.7828,0.5178,0.2098,-8.82,-3.64,-9.59
0.4036,0.7871,0.5178,0.2094,-8.54,-3.78,-8.12
0.4037,0.7896,0.5163,0.2128,-9.73,-3.78,-10.01
0.4038,0.7891,0.5134,0.2137,-8.61,-4.69,-8.47
0.4039,0.7852,0.5178,0.2113,-10.29,-4.55,-9.59
0.4040,0.7847,0.5192,0.2113,-9.03,-4.69,-8.33
0.4041,0.7862,0.5187,0.2118,-10.08,-4.62,-9.45
0.4042,0.7837,0.5168,0.2152,-9.52,-5.11,-8.40
0.4044,0.7828,0.5163,0.2128,-9.73,-4.90,-9.31
0.4045,0.7876,0.5183,0.2064,-10.01,-5.60,-8.89
0.4046,0.7886,0.5197,0.2113,-10.43,-5.11,-9.03
0.4047,0.7842,0.5212,0.2152,-10.22,-5.67,-8.75
0.4048,0.7784,0.5168,0.2147,-10.29,-5.46,-8.82
0.4049,0.7779,0.5153,0.2162,-10.64,-5.88,-8.68
0.4050,0.7803,0.5173,0.2196,-10.57,-5.67,-8.61
0.4051,0.7769,0.5187,0.2176,-10.92,-6.02,-8.82
0.4058,0.7745,0.5197,0.2157,-11.13,-6.51,-8.61
0.4066,0.7735,0.5212,0.2181,-11.27,-6.16,-8.89
0.4073,0.7730,0.5202,0.2123,-11.20,-6.44,-8.05
0.4080,0.7696,0.5217,0.2118,-11.55,-6.58,-7.56
0.4087,0.7652,0.5197,0.2118,-11.48,-6.51,-9.10
0.4094,0.7618,0.5212,0.2137,-11.62,-6.65,-7.77
0.4102,0.7608,0.5212,0.2142,-11.83,-6.93,-8.96
0.4109,0.7559,0.5183,0.2157,-11.83,-6.65,-7.14
0.4116,0.7559,0.5173,0.2142,-12.04,-6.93,-8.40
0.4123,0.7584,0.5168,0.2157,-11.97,-7.14,-7.35
0.4130,0.7554,0.5168,0.2181,-12.67,-7.21,-8.61
0.4138,0.7544,0.5153,0.2181,-11.97,-6.93,-7.28
0.4145,0.7569,0.5168,0.2157,-13.02,-7.21,-7.77
0.4152,0.7510,0.5207,0.2157,-12.18,-7.28,-7.63
0.4159,0.7471,0.5173,0.2172,-13.09,-7.28,-7.07
0.4166,0.7515,0.5153,0.2118,-12.39,-7.56,-7.84
0.4174,0.7505,0.5148,0.2098,-12.95,-7.56,-6.86
0.4181,0.7486,0.5148,0.2094,-12.88,-7.35,-7.70
0.4188,0.7452,0.5192,0.2074,-13.09,-7.49,-6.65
0.4195,0.7393,0.5207,0.2128,-13.23,-7.49,-7.14
0.4206,0.7418,0.5168,0.2142,-13.09,-7.35,-6.37
0.4217,0.7452,0.5158,0.2040,-13.37,-8.12,-7.35
0.4227,0.7427,0.5168,0.2045,-13.58,-7.84,-6.79
0.4238,0.7442,0.5163,0.2015,-13.37,-7.56,-5.81
0.4249,0.7447,0.5187,0.2045,-13.93,-7.63,-6.58
0.4260,0.7466,0.5197,0.2084,-13.37,-7.00,-5.39
0.4270,0.7476,0.5183,0.2074,-14.42,-7.49,-5.95
0.4281,0.7437,0.5163,0.2045,-13.30,-7.14,-5.39
0.4292,0.7413,0.5192,0.2035,-14.56,-7.70,-5.67
0.4302,0.7422,0.5202,0.2059,-13.72,-7.28,-4.83
0.4313,0.7388,0.5192,0.2079,-14.63,-7.77,-5.46
0.4324,0.7364,0.5222,0.2059,-14.07,-7.35,-4.76
0.4334,0.7379,0.5231,0.2001,-14.49,-7.56,-5.11
0.4345,0.7403,0.5207,0.2015,-14.49,-7.21,-4.20
0.4356,0.7388,0.5173,0.2050,-14.21,-7.63,-4.69
0.4367,0.7349,0.5158,0.2050,-14.63,-7.35,-3.85
0.4377,0.7340,0.5168,0.2064,-14.63,-7.21,-3.71
0.4388,0.7340,0.5178,0.2074,-14.91,-7.35,-3.78
0.4399,0.7349,0.5187,0.2123,-14.42,-7.00,-3.36
0.4409,0.7315,0.5202,0.2147,-15.05,-7.35,-3.29
0.4415,0.7291,0.5192,0.2133,-14.42,-6.79,-3.01
0.4421,0.7276,0.5168,0.2084,-14.56,-6.86,-2.17
0.4427,0.7281,0.5192,0.2074,-15.12,-7.14,-2.80
0.4433,0.7261,0.5197,0.2084,-14.84,-6.72,-1.68
0.4439,0.7266,0.5168,0.2064,-15.19,-6.65,-2.10
0.4445,0.7266,0.5183,0.2064,-14.84,-6.79,-1.40
0.4451,0.7247,0.5197,0.2089,-15.40,-6.79,-2.03
0.4457,0.7276,0.5158,0.2103,-15.12,-6.23,-0.56
0.4462,0.7286,0.5144,0.2123,-15.47,-6.65,-1.68
0.4468,0.7296,0.5139,0.2113,-15.05,-6.58,-0.07
0.4474,0.7320,0.5163,0.2137,-15.26,-6.58,-1.19
0.4480,0.7291,0.5192,0.2162,-14.98,-6.58,0.49
0.4486,0.7261,0.5158,0.2118,-15.68,-6.72,-0.84
0.4492,0.7276,0.5158,0.2108,-15.05,-5.95,0.84
0.4498,0.7286,0.5168,0.2103,-15.61,-6.79,-0.28
0.4504,0.7261,0.5139,0.2098,-15.33,-6.37,1.05
0.4509,0.7247,0.5197,0.2094,-15.61,-6.23,0.77
0.4515,0.7232,0.5207,0.2113,-15.40,-6.23,1.05
0.4521,0.7227,0.5163,0.2152,-15.26,-5.74,1.68
0.4527,0.7242,0.5163,0.2128,-15.61,-6.23,1.26
0.4532,0.7276,0.5163,0.2103,-15.40,-5.39,2.52
0.4537,0.7330,0.5168,0.2089,-15.54,-6.79,1.33
0.4543,0.7325,0.5207,0.2084,-15.40,-5.60,3.08
0.4548,0.7310,0.5217,0.2069,-15.89,-6.79,1.68
0.4553,0.7330,0.5212,0.2069,-15.40,-5.04,4.06
0.4558,0.7354,0.5236,0.2069,-15.82,-6.65,1.82
0.4563,0.7364,0.5266,0.2054,-15.12,-5.32,4.27
0.4568,0.7379,0.5285,0.2084,-16.38,-6.30,2.52
0.4574,0.7398,0.5270,0.2103,-15.05,-5.46,4.20
0.4579,0.7422,0.5261,0.2064,-16.17,-6.30,3.22
0.4584,0.7437,0.5256,0.2050,-15.12,-5.67,4.69
0.4589,0.7476,0.5251,0.2030,-16.24,-5.95,3.43
0.4594,0.7505,0.5280,0.2006,-15.33,-5.81,4.83
0.4600,0.7525,0.5314,0.2030,-15.82,-5.95,4.34
0.4605,0.7554,0.5329,0.2015,-15.33,-5.74,4.90
0.4610,0.7584,0.5339,0.2006,-15.96,-5.95,5.11
0.4615,0.7603,0.5305,0.2045,-15.40,-6.09,4.76
0.4620,0.7637,0.5290,0.2015,-15.47,-6.16,4.76
0.4625,0.7647,0.5300,0.2030,-15.26,-5.53,6.65
0.4631,0.7701,0.5368,0.2030,-15.61,-6.51,4.69
0.4636,0.7730,0.5388,0.2030,-15.19,-5.88,6.79
0.4641,0.7745,0.5378,0.1996,-15.54,-6.58,5.32
0.4646,0.7769,0.5348,0.1972,-15.33,-5.60,7.00
0.4651,0.7774,0.5378,0.1991,-15.75,-6.65,5.74
0.4656,0.7798,0.5436,0.1991,-14.63,-6.51,6.93
0.4661,0.7823,0.5431,0.1972,-15.75,-6.72,5.95
0.4665,0.7847,0.5422,0.1947,-14.56,-6.58,7.00
0.4670,0.7881,0.5412,0.1947,-15.40,-6.58,6.51
0.4675,0.7832,0.5427,0.1947,-14.70,-7.00,6.72
0.4680,0.7813,0.5427,0.1937,-14.98,-6.72,6.86
0.4685,0.7842,0.5397,0.1937,-14.84,-7.14,6.65
0.4690,0.7896,0.5441,0.1952,-14.70,-6.79,7.00
0.4695,0.7891,0.5470,0.1893,-14.70,-7.14,6.93
0.4700,0.7891,0.5441,0.1864,-14.35,-6.93,7.42
0.4705,0.7950,0.5446,0.1913,-14.77,-7.56,6.65
0.4710,0.7964,0.5466,0.1918,-14.14,-7.14,7.56
0.4715,0.7974,0.5514,0.1918,-14.91,-8.05,6.23
0.4720,0.7959,0.5573,0.1928,-13.79,-7.14,8.05
0.4725,0.7954,0.5568,0.1908,-14.77,-7.91,6.37
0.4730,0.7974,0.5529,0.1918,-13.93,-7.56,8.05
0.4745,0.7998,0.5500,0.1947,-14.63,-7.98,6.37
0.4760,0.8052,0.5495,0.1932,-13.51,-8.12,7.42
0.4775,0.8072,0.5510,0.1893,-14.07,-7.77,6.44
0.4790,0.8052,0.5534,0.1864,-13.51,-8.33,7.21
0.4804,0.8076,0.5544,0.1840,-13.65,-8.12,6.72
0.4819,0.8135,0.5563,0.1854,-13.23,-8.75,7.00
0.4834,0.8130,0.5597,0.1913,-13.44,-8.26,7.00
0.4849,0.8111,0.5573,0.1928,-13.37,-9.17,6.86
0.4864,0.8145,0.5583,0.1903,-12.81,-8.47,6.79
0.4879,0.8125,0.5612,0.1869,-13.30,-9.24,6.58
0.4893,0.8101,0.5597,0.1850,-12.67,-8.47,7.07
0.4908,0.8150,0.5602,0.1820,-13.09,-9.31,6.44
0.4923,0.8159,0.5622,0.1796,-12.18,-8.96,7.28
0.4938,0.8130,0.5632,0.1815,-12.81,-9.87,5.81
0.4953,0.8111,0.5622,0.1859,-12.11,-8.96,7.42
0.4968,0.8106,0.5671,0.1854,-12.46,-10.22,5.67
0.4983,0.8106,0.5695,0.1840,-11.76,-9.52,7.07
0.4997,0.8081,0.5690,0.1869,-12.32,-10.29,5.39
0.5012,0.8072,0.5685,0.1879,-11.48,-9.59,6.93
0.5027,0.8096,0.5690,0.1840,-12.04,-10.22,5.11
0.5028,0.8101,0.5729,0.1854,-11.27,-9.80,7.00
0.5028,0.8076,0.5729,0.1898,-11.76,-10.22,5.11
0.5028,0.8067,0.5705,0.1879,-11.06,-10.01,6.65
0.5029,0.8057,0.5744,0.1874,-11.41,-10.01,5.25
0.5029,0.8052,0.5749,0.1884,-10.78,-10.85,6.23
0.5030,0.8037,0.5719,0.1859,-11.13,-10.01,5.39
0.5030,0.8032,0.5744,0.1854,-10.15,-10.57,5.53
0.5031,0.8008,0.5768,0.1874,-10.64,-10.29,5.39
0.5031,0.8018,0.5783,0.1869,-9.94,-10.85,5.25
0.5031,0.8032,0.5754,0.1874,-10.36,-10.15,5.74
0.5032,0.8008,0.5749,0.1884,-9.52,-11.62,4.27
0.5032,0.8008,0.5778,0.1893,-9.87,-10.43,5.67
0.5033,0.8013,0.5754,0.1898,-9.52,-10.78,4.27
0.5033,0.7984,0.5758,0.1918,-9.10,-10.92,5.39
0.5034,0.7969,0.5758,0.1937,-9.03,-10.92,4.62
0.5034,0.8008,0.5778,0.1908,-8.75,-11.27,5.53
0.5034,0.7959,0.5822,0.1884,-9.24,-10.71,4.13
0.5035,0.7940,0.5807,0.1898,-8.12,-11.20,5.18
0.5035,0.7979,0.5783,0.1889,-8.89,-10.99,3.92
0.5036,0.7935,0.5793,0.1879,-7.84,-11.55,4.90
0.5037,0.7881,0.5832,0.1884,-8.47,-10.57,4.13
0.5039,0.7876,0.5807,0.1869,-7.42,-11.48,4.69
0.5040,0.7891,0.5768,0.1898,-8.05,-10.57,4.55
0.5042,0.7920,0.5758,0.1923,-7.00,-11.48,4.27
0.5044,0.7881,0.5768,0.1918,-7.70,-10.78,4.48
0.5045,0.7818,0.5783,0.1923,-6.51,-11.41,3.64
0.5047,0.7837,0.5778,0.1898,-7.28,-10.71,4.83
0.5048,0.7867,0.5788,0.1928,-6.51,-11.27,3.85
0.5050,0.7837,0.5793,0.1947,-6.58,-10.85,4.34
0.5051,0.7847,0.5827,0.1937,-6.30,-10.99,3.78
0.5053,0.7862,0.5856,0.1967,-6.44,-10.92,4.20
0.5054,0.7837,0.5846,0.1918,-6.23,-10.78,3.71
0.5056,0.7808,0.5871,0.1898,-5.67,-10.92,3.99
0.5058,0.7779,0.5866,0.1932,-5.74,-10.64,3.71
0.5059,0.7769,0.5866,0.1947,-5.46,-10.92,4.34
0.5061,0.7735,0.5861,0.1942,-5.46,-10.43,3.50
0.5062,0.7740,0.5851,0.1937,-4.97,-10.71,3.92
0.5064,0.7740,0.5856,0.1952,-5.11,-10.36,3.29
0.5065,0.7710,0.5846,0.1962,-4.62,-11.06,3.85
0.5067,0.7696,0.5841,0.2001,-5.04,-10.29,3.15
0.5074,0.7686,0.5846,0.1991,-4.48,-10.29,3.85
0.5080,0.7701,0.5851,0.1981,-4.55,-10.29,2.87
0.5087,0.7701,0.5841,0.2001,-3.99,-10.29,3.71
0.5094,0.7681,0.5793,0.1972,-4.13,-10.08,2.73
0.5100,0.7706,0.5793,0.1947,-3.85,-9.94,3.43
0.5107,0.7745,0.5802,0.1967,-3.92,-9.80,2.94
0.5114,0.7759,0.5793,0.1981,-3.43,-9.80,2.94
0.5120,0.7769,0.5797,0.1991,-3.43,-10.15,2.66
0.5127,0.7759,0.5812,0.1967,-3.08,-9.94,2.66
0.5134,0.7769,0.5817,0.1972,-3.50,-9.59,2.52
0.5140,0.7798,0.5778,0.2020,-2.80,-9.66,2.38
0.5147,0.7813,0.5758,0.2011,-3.50,-9.73,2.38
0.5154,0.7823,0.5719,0.2006,-3.71,-9.59,2.10
0.5161,0.7837,0.5666,0.2040,-2.31,-9.38,1.75
0.5167,0.7862,0.5680,0.2050,-2.94,-9.45,2.24
0.5174,0.7862,0.5695,0.2025,-2.17,-9.45,1.47
0.5181,0.7862,0.5680,0.2001,-2.45,-9.17,2.03
0.5187,0.7842,0.5680,0.2020,-2.38,-9.03,1.26
0.5194,0.7803,0.5690,0.2084,-1.96,-9.17,1.75
0.5201,0.7832,0.5661,0.2084,-2.31,-9.17,1.40
0.5206,0.7871,0.5666,0.2025,-2.03,-9.24,1.26
0.5211,0.7881,0.5690,0.2001,-2.24,-9.17,1.26
0.5216,0.7842,0.5661,0.2050,-1.40,-8.96,0.98
0.5221,0.7837,0.5602,0.2074,-2.17,-8.89,1.05
0.5226,0.7842,0.5602,0.2064,-1.26,-8.82,0.77
0.5231,0.7818,0.5612,0.2064,-2.17,-8.89,0.49
0.5236,0.7808,0.5592,0.2054,-1.26,-8.40,0.42
0.5241,0.7759,0.5597,0.2054,-1.68,-8.68,0.49
0.5246,0.7715,0.5607,0.2054,-1.40,-8.68,-0.07
0.5251,0.7691,0.5607,0.2064,-1.40,-7.98,0.28
0.5256,0.7701,0.5573,0.2089,-1.33,-8.89,-0.70
0.5261,0.7720,0.5553,0.2118,-1.05,-8.05,0.00
0.5266,0.7701,0.5563,0.2147,-1.96,-8.26,-1.05
0.5271,0.7740,0.5558,0.2137,-1.26,-7.77,-0.21
0.5276,0.7740,0.5553,0.2113,-1.54,-8.12,-0.84
0.5281,0.7676,0.5568,0.2108,-0.84,-7.77,-0.49
0.5286,0.7676,0.5558,0.2128,-1.89,-7.70,-1.05
0.5291,0.7681,0.5544,0.2123,-0.98,-7.70,-0.91
0.5296,0.7632,0.5529,0.2123,-1.40,-7.56,-1.47
0.5301,0.7662,0.5524,0.2147,-0.84,-7.00,-0.91
0.5306,0.7720,0.5534,0.2157,-1.40,-7.42,-1.82
0.5311,0.7676,0.5534,0.2162,-0.84,-6.79,-0.98
0.5316,0.7657,0.5529,0.2191,-1.33,-7.28,-2.24
0.5321,0.7671,0.5534,0.2191,-0.98,-6.58,-1.26
0.5326,0.7652,0.5539,0.2128,-1.33,-6.86,-2.31
0.5331,0.7642,0.5519,0.2137,-1.12,-6.65,-1.68
0.5336,0.7676,0.5505,0.2162,-1.26,-6.93,-2.52
0.5341,0.7671,0.5490,0.2128,-1.26,-6.58,-1.75
0.5346,0.7686,0.5490,0.2123,-0.98,-6.58,-2.52
0.5351,0.7696,0.5539,0.2103,-1.12,-6.09,-2.31
0.5356,0.7710,0.5534,0.2108,-1.05,-6.16,-2.52
0.5361,0.7745,0.5524,0.2133,-1.05,-6.44,-2.52
0.5366,0.7725,0.5534,0.2137,-0.91,-5.74,-2.45
0.5371,0.7730,0.5558,0.2133,-0.91,-6.09,-2.52
0.5376,0.7754,0.5558,0.2123,-0.98,-5.88,-2.59
0.5381,0.7740,0.5524,0.2103,-1.26,-6.02,-3.01
0.5386,0.7696,0.5544,0.2103,-0.91,-5.53,-2.59
0.5391,0.7720,0.5563,0.2176,-1.12,-6.09,-3.22
0.5396,0.7769,0.5539,0.2157,-0.98,-5.53,-2.66
0.5401,0.7735,0.5510,0.2098,-1.19,-5.39,-2.94
0.5408,0.7710,0.5534,0.2118,-1.12,-5.60,-2.73
0.5414,0.7725,0.5553,0.2167,-1.05,-5.39,-2.87
0.5421,0.7759,0.5553,0.2196,-0.84,-5.32,-3.08
0.5428,0.7779,0.5553,0.2162,-0.98,-5.32,-3.29
0.5434,0.7769,0.5524,0.2152,-1.05,-5.11,-2.80
0.5441,0.7745,0.5519,0.2176,-0.70,-4.97,-3.22
0.5448,0.7749,0.5544,0.2196,-1.33,-5.04,-3.01
0.5454,0.7764,0.5563,0.2181,-0.70,-4.97,-3.36
0.5461,0.7774,0.5539,0.2152,-1.12,-4.97,-3.01
0.5468,0.7779,0.5549,0.2152,-0.63,-4.48,-3.08
0.5475,0.7769,0.5558,0.2147,-0.91,-4.20,-2.73
0.5481,0.7774,0.5558,0.2142,-0.63,-4.27,-2.73
0.5488,0.7774,0.5563,0.2157,-0.77,-4.90,-3.64
0.5495,0.7803,0.5578,0.2167,-0.84,-5.04,-2.80
0.5501,0.7823,0.5612,0.2128,-0.77,-4.20,-3.22
0.5508,0.7818,0.5592,0.2118,-1.05,-4.34,-2.73
0.5515,0.7808,0.5588,0.2201,-0.63,-4.06,-3.22
0.5522,0.7828,0.5588,0.2211,-0.91,-4.41,-2.87
0.5528,0.7871,0.5602,0.2157,-0.84,-3.92,-3.22
0.5535,0.7876,0.5636,0.2152,-1.26,-4.20,-2.94
0.5540,0.7886,0.5636,0.2152,-0.28,-3.78,-3.22
0.5546,0.7876,0.5597,0.2162,-1.05,-4.76,-3.08
0.5551,0.7915,0.5592,0.2186,-0.49,-3.71,-2.73
0.5556,0.7910,0.5592,0.2176,-0.98,-4.34,-3.50
0.5562,0.7881,0.5568,0.2176,-0.42,-3.78,-2.52
0.5567,0.7945,0.5588,0.2176,-0.77,-3.85,-3.29
0.5572,0.7974,0.5597,0.2181,-0.70,-3.64,-2.52
0.5577,0.8032,0.5617,0.2133,-0.28,-3.78,-3.15
0.5583,0.8013,0.5622,0.2137,0.00,-3.36,-2.59
0.5588,0.7989,0.5632,0.2142,-0.98,-4.20,-2.80
0.5593,0.8013,0.5627,0.2108,-0.07,-2.94,-2.31
0.5599,0.7989,0.5597,0.2089,-0.70,-4.41,-3.08
0.5604,0.7993,0.5632,0.2098,0.00,-2.87,-2.38
0.5609,0.8042,0.5646,0.2079,-0.35,-4.41,-3.15
0.5615,0.8072,0.5607,0.2103,0.14,-2.66,-1.61
0.5620,0.8076,0.5602,0.2089,-0.35,-4.20,-3.29
0.5625,0.7993,0.5617,0.2084,0.21,-3.08,-1.68
0.5631,0.7964,0.5636,0.2123,-0.35,-4.06,-3.43
0.5636,0.8028,0.5627,0.2074,0.21,-3.36,-1.82
0.5641,0.8032,0.5641,0.2089,-0.14,-3.57,-2.94
0.5646,0.8003,0.5666,0.2094,0.00,-3.36,-1.96
0.5651,0.8013,0.5671,0.2030,0.00,-3.43,-2.66
0.5656,0.7998,0.5680,0.2045,0.07,-3.64,-1.96
0.5661,0.7964,0.5695,0.2059,0.28,-3.22,-2.45
0.5666,0.7984,0.5724,0.2054,-0.07,-3.36,-1.75
0.5671,0.7964,0.5744,0.2069,0.35,-3.15,-2.38
0.5676,0.7954,0.5719,0.2069,0.28,-2.59,-1.61
0.5681,0.7950,0.5656,0.2064,0.35,-3.78,-2.17
0.5686,0.7950,0.5666,0.2040,0.28,-2.80,-1.75
0.5691,0.7945,0.5675,0.2054,0.56,-3.64,-2.52
0.5695,0.7950,0.5675,0.2054,0.56,-2.52,-1.33
0.5700,0.7989,0.5675,0.2054,0.70,-3.57,-2.38
0.5705,0.8018,0.5656,0.2064,0.56,-2.45,-1.12
0.5710,0.7998,0.5675,0.2045,0.98,-3.36,-2.24
0.5715,0.7979,0.5671,0.2040,0.77,-2.66,-1.05
0.5720,0.7950,0.5666,0.2045,0.91,-3.43,-2.31
0.5725,0.7915,0.5680,0.2079,1.05,-2.66,-1.19
0.5730,0.7930,0.5656,0.2079,0.98,-3.08,-2.10
0.5735,0.7959,0.5636,0.2045,1.19,-2.80,-1.05
0.5740,0.8008,0.5646,0.2069,0.91,-3.01,-1.89
0.5755,0.8008,0.5685,0.2108,1.47,-2.66,-1.12
0.5771,0.7989,0.5690,0.2084,0.70,-2.73,-1.89
0.5786,0.7993,0.5695,0.2035,1.68,-2.80,-1.26
0.5801,0.7979,0.5729,0.2006,0.84,-2.45,-1.61
0.5817,0.7969,0.5724,0.2045,1.75,-2.52,-1.05
0.5832,0.7954,0.5700,0.2089,1.33,-2.66,-1.40
0.5848,0.7984,0.5744,0.2064,1.82,-2.59,-0.84
0.5863,0.8008,0.5758,0.2059,1.40,-2.31,-1.19
0.5878,0.7974,0.5690,0.2054,1.68,-2.66,-1.40
0.5894,0.7979,0.5714,0.2084,1.61,-2.38,-0.91
0.5909,0.7989,0.5739,0.2089,1.82,-2.52,-1.05
0.5924,0.7998,0.5724,0.2084,2.10,-2.10,-0.63
0.5940,0.8003,0.5729,0.2089,1.40,-2.31,-1.47
0.5955,0.8003,0.5724,0.2059,2.24,-1.89,-0.49
0.5971,0.7989,0.5749,0.2050,1.54,-2.73,-1.33
0.5986,0.7959,0.5754,0.2040,2.38,-1.89,-0.14
0.6001,0.7945,0.5714,0.2069,1.82,-2.38,-1.61
0.6017,0.7954,0.5739,0.2098,2.73,-1.82,-0.07
0.6032,0.7950,0.5783,0.2094,1.75,-2.45,-1.68
0.6048,0.7940,0.5758,0.2103,2.73,-1.68,-0.07
0.6048,0.7935,0.5734,0.2094,1.82,-2.10,-1.61
0.6048,0.7950,0.5739,0.2108,2.94,-1.89,-0.21
0.6049,0.7979,0.5734,0.2133,2.17,-1.82,-0.98
0.6049,0.7969,0.5739,0.2137,2.38,-1.89,-0.49
0.6050,0.7969,0.5754,0.2137,2.59,-1.33,-0.56
0.6050,0.7940,0.5739,0.2098,2.38,-2.03,-0.84
0.6050,0.7930,0.5739,0.2108,2.59,-1.47,-0.63
0.6051,0.7935,0.5729,0.2103,2.80,-2.10,-0.77
0.6051,0.7940,0.5714,0.2094,2.66,-1.54,-0.63
0.6052,0.7969,0.5705,0.2118,2.52,-1.82,-0.84
0.6052,0.8023,0.5690,0.2147,3.08,-1.47,-0.07
0.6052,0.8023,0.5700,0.2147,2.52,-1.61,-0.84
0.6053,0.7984,0.5700,0.2128,2.94,-1.40,-0.07
0.6053,0.7998,0.5710,0.2113,2.38,-1.75,-1.26
0.6054,0.8003,0.5714,0.2113,3.01,-1.12,0.00
0.6054,0.8003,0.5705,0.2118,2.87,-1.61,-1.05
0.6054,0.7989,0.5700,0.2098,3.22,-1.12,0.07
0.6055,0.7969,0.5680,0.2064,2.59,-1.33,-0.84
0.6055,0.7954,0.5680,0.2084,3.36,-1.54,-0.28
0.6055,0.7950,0.5700,0.2094,2.66,-0.91,-0.98
0.6064,0.7954,0.5719,0.2103,3.08,-1.12,-0.21
0.6072,0.7979,0.5685,0.2103,3.01,-0.84,-0.63
0.6080,0.7998,0.5656,0.2069,3.15,-1.89,-0.77
0.6088,0.7984,0.5710,0.2064,3.22,-1.26,-0.28
0.6096,0.7984,0.5700,0.2084,3.29,-0.91,-0.56
0.6104,0.8013,0.5680,0.2128,2.94,-1.26,-0.84
0.6112,0.8008,0.5710,0.2108,3.50,-0.63,-0.28
0.6120,0.7993,0.5700,0.2094,3.15,-1.47,-1.40
0.6129,0.7964,0.5646,0.2103,3.57,-1.12,-0.35
0.6137,0.7940,0.5661,0.2103,3.01,-1.47,-1.40
0.6145,0.7940,0.5675,0.2108,3.71,-1.12,-0.28
0.6153,0.7964,0.5685,0.2094,3.15,-1.33,-1.40
0.6161,0.7993,0.5719,0.2098,3.57,-0.91,-0.35
0.6169,0.7993,0.5749,0.2137,3.50,-1.33,-1.47
0.6177,0.7979,0.5739,0.2157,3.71,-0.91,-0.49
0.6185,0.7950,0.5705,0.2137,3.29,-1.05,-1.26
0.6193,0.7945,0.5700,0.2103,3.85,-1.12,-0.70
0.6202,0.7940,0.5724,0.2103,3.36,-0.77,-1.05
0.6210,0.7925,0.5758,0.2098,3.78,-1.75,-1.05
0.6218,0.7935,0.5744,0.2084,3.50,-0.56,-1.12
0.6218,0.7930,0.5724,0.2103,3.78,-1.05,-0.98
0.6219,0.7940,0.5768,0.2103,3.64,-1.40,-1.47
0.6219,0.7964,0.5773,0.2103,3.99,-0.56,-0.70
0.6220,0.7974,0.5734,0.2113,3.64,-0.70,-1.19
0.6220,0.7969,0.5739,0.2103,3.85,-1.19,-0.70
0.6221,0.7940,0.5763,0.2123,3.85,-0.70,-1.40
0.6221,0.7950,0.5773,0.2123,3.99,-0.98,-0.91
0.6222,0.7925,0.5763,0.2108,4.13,-0.35,-1.12
0.6222,0.7925,0.5758,0.2142,4.06,-1.26,-1.12
0.6223,0.7910,0.5754,0.2128,4.06,-0.28,-0.70
0.6223,0.7906,0.5768,0.2098,4.06,-1.26,-1.61
0.6224,0.7959,0.5807,0.2103,3.92,-0.49,-0.49
0.6224,0.7954,0.5773,0.2147,4.20,-1.05,-1.26
0.6225,0.7950,0.5807,0.2176,4.27,-0.70,-0.63
0.6225,0.7959,0.5827,0.2113,4.41,-1.33,-1.47
0.6226,0.7979,0.5763,0.2069,4.20,-0.35,-0.28
0.6226,0.8018,0.5812,0.2098,4.48,-1.19,-1.40
0.6227,0.7993,0.5797,0.2123,4.41,-0.70,-0.63
0.6227,0.7984,0.5768,0.2113,4.48,-0.63,-0.77
0.6228,0.8003,0.5802,0.2103,4.48,-1.05,-0.77
0.6238,0.7993,0.5822,0.2123,4.69,-0.42,-0.63
0.6248,0.8008,0.5807,0.2084,4.97,-0.98,-0.84
0.6259,0.7989,0.5822,0.2103,4.62,-1.82,-1.82
0.6269,0.7959,0.5807,0.2118,4.83,-0.42,0.42
0.6280,0.8013,0.5802,0.2162,4.48,-1.68,-1.89
0.6290,0.8008,0.5846,0.2157,4.97,0.07,0.56
0.6301,0.7969,0.5871,0.2133,4.55,-1.89,-2.17
0.6311,0.7989,0.5871,0.2137,5.39,-0.49,0.84
0.6322,0.7974,0.5905,0.2157,4.41,-1.05,-1.96
0.6332,0.7954,0.5915,0.2181,5.53,-1.05,0.63
0.6343,0.7935,0.5885,0.2142,4.55,-1.12,-1.96
0.6353,0.7930,0.5885,0.2113,5.39,-1.12,0.63
0.6363,0.7915,0.5905,0.2133,5.04,-0.91,-1.19
0.6374,0.7891,0.5910,0.2137,5.32,-1.33,0.21
0.6384,0.7920,0.5900,0.2142,4.76,-0.84,-0.98
0.6395,0.7950,0.5871,0.2176,5.53,-1.68,-0.35
0.6405,0.7930,0.5866,0.2172,4.97,-0.49,-0.28
0.6416,0.7901,0.5895,0.2152,5.32,-1.47,-0.84
0.6426,0.7906,0.5919,0.2191,5.53,-0.14,0.70
0.6437,0.7935,0.5880,0.2216,5.11,-1.68,-1.40
0.6442,0.7935,0.5846,0.2167,5.53,-0.28,0.84
0.6447,0.7920,0.5861,0.2162,4.97,-1.89,-1.75
0.6452,0.7959,0.5866,0.2201,5.60,-0.35,1.40
0.6457,0.7974,0.5866,0.2181,5.04,-1.47,-1.82
0.6462,0.7920,0.5856,0.2176,5.88,-0.63,1.40
0.6467,0.7881,0.5846,0.2201,4.97,-1.61,-1.89
0.6472,0.7920,0.5861,0.2201,5.81,-1.26,1.05
0.6478,0.7945,0.5861,0.2167,4.83,-0.98,-1.26
0.6483,0.7906,0.5851,0.2142,5.67,-1.19,0.70
0.6488,0.7876,0.5851,0.2137,5.39,-0.70,-1.12
0.6493,0.7867,0.5836,0.2103,5.60,-1.40,0.35
0.6498,0.7915,0.5836,0.2094,5.39,-0.56,-0.91
0.6503,0.7935,0.5812,0.2123,5.74,-1.19,0.00
0.6508,0.7896,0.5817,0.2147,5.32,-0.63,-0.21
0.6513,0.7906,0.5866,0.2123,5.81,-1.33,-0.35
0.6518,0.7901,0.5861,0.2128,5.39,-0.91,0.14
0.6524,0.7881,0.5846,0.2142,5.74,-1.40,-0.77
0.6529,0.7915,0.5822,0.2108,5.46,-1.19,-0.07
0.6534,0.7881,0.5807,0.2113,5.53,-0.98,-0.91
0.6539,0.7828,0.5846,0.2137,5.81,-0.91,0.56
0.6545,0.7867,0.5851,0.2142,5.25,-1.12,-1.19
0.6551,0.7906,0.5812,0.2133,5.74,-1.26,0.56
0.6557,0.7925,0.5778,0.2133,4.76,-1.05,-1.47
0.6563,0.7896,0.5793,0.2157,5.88,-1.61,0.21
0.6569,0.7871,0.5836,0.2157,4.90,-0.63,-1.47
0.6575,0.7901,0.5817,0.2142,5.81,-1.40,0.35
0.6581,0.7886,0.5788,0.2147,4.69,-0.84,-1.40
0.6588,0.7852,0.5768,0.2123,5.95,-1.47,0.21
0.6594,0.7881,0.5744,0.2137,4.76,-0.70,-1.19
0.6600,0.7930,0.5763,0.2133,5.67,-1.33,-0.42
0.6606,0.7945,0.5758,0.2074,4.90,-0.84,-1.05
0.6612,0.7974,0.5724,0.2108,5.60,-1.61,-0.70
0.6618,0.7984,0.5705,0.2133,4.76,-1.26,-1.05
0.6624,0.7940,0.5768,0.2123,5.39,-1.26,-1.19
0.6630,0.7945,0.5763,0.2118,5.11,-0.98,-0.91
0.6636,0.7930,0.5797,0.2118,4.83,-1.26,-1.12
0.6642,0.7910,0.5822,0.2113,4.69,-0.91,-1.19
0.6648,0.7930,0.5827,0.2142,5.18,-1.75,-0.98
0.6654,0.7915,0.5832,0.2147,4.62,-0.98,-1.68
0.6660,0.7886,0.5793,0.2123,4.83,-1.33,-0.84
0.6666,0.7901,0.5778,0.2098,4.62,-0.98,-1.82
0.6671,0.7910,0.5817,0.2157,5.11,-1.54,-0.56
0.6676,0.7886,0.5836,0.2216,4.41,-0.91,-1.96
0.6682,0.7876,0.5778,0.2172,4.90,-1.47,-1.05
0.6687,0.7852,0.5763,0.2157,4.48,-0.98,-1.54
0.6692,0.7857,0.5812,0.2172,4.90,-1.68,-1.33
0.6698,0.7876,0.5817,0.2172,4.20,-0.91,-1.75
0.6703,0.7852,0.5778,0.2191,4.90,-1.75,-1.68
0.6708,0.7881,0.5744,0.2172,4.55,-0.77,-1.68
0.6714,0.7876,0.5744,0.2137,4.48,-1.61,-1.68
0.6719,0.7828,0.5788,0.2142,4.48,-1.19,-1.89
0.6724,0.7837,0.5763,0.2172,4.34,-1.47,-1.75
0.6729,0.7847,0.5758,0.2181,3.99,-0.91,-1.33
0.6735,0.7847,0.5793,0.2206,4.34,-1.26,-2.17
0.6740,0.7871,0.5793,0.2206,4.55,-1.33,-1.82
0.6745,0.7871,0.5807,0.2264,4.06,-1.26,-2.10
0.6751,0.7867,0.5763,0.2220,4.20,-1.12,-2.31
0.6756,0.7876,0.5763,0.2206,4.27,-1.68,-1.40
0.6761,0.7871,0.5788,0.2225,3.85,-1.12,-2.17
0.6767,0.7862,0.5773,0.2220,4.06,-1.33,-1.61
0.6780,0.7803,0.5749,0.2206,4.06,-0.84,-2.17
0.6794,0.7803,0.5754,0.2191,4.48,-1.82,-1.75
0.6807,0.7862,0.5802,0.2172,3.64,-0.77,-1.96
0.6821,0.7847,0.5822,0.2186,4.06,-1.68,-1.89
0.6834,0.7837,0.5817,0.2216,3.71,-0.70,-1.96
0.6848,0.7867,0.5822,0.2172,3.85,-0.91,-1.47
0.6861,0.7862,0.5832,0.2128,3.92,-1.12,-1.75
0.6874,0.7862,0.5836,0.2186,3.92,-1.40,-1.82
0.6888,0.7867,0.5807,0.2240,3.92,-1.19,-1.89
0.6901,0.7832,0.5793,0.2250,3.92,-1.47,-2.03
0.6915,0.7823,0.5788,0.2220,3.85,-1.26,-1.82
0.6928,0.7828,0.5797,0.2181,3.85,-1.05,-1.68
0.6942,0.7837,0.5807,0.2191,3.78,-1.47,-1.61
0.6955,0.7828,0.5822,0.2216,3.99,-0.70,-1.26
0.6969,0.7793,0.5827,0.2211,3.85,-1.26,-1.68
0.6982,0.7813,0.5841,0.2191,3.71,-0.84,-1.47
0.6996,0.7828,0.5861,0.2201,3.64,-1.82,-1.40
0.7009,0.7784,0.5836,0.2191,3.64,-0.70,-1.68
0.7023,0.7779,0.5817,0.2211,3.57,-1.68,-0.84
0.7036,0.7769,0.5802,0.2240,3.78,-0.70,-1.68
0.7037,0.7764,0.5788,0.2230,3.57,-1.33,-0.84
0.7037,0.7803,0.5812,0.2245,3.71,-0.70,-1.68
0.7037,0.7793,0.5832,0.2240,3.71,-1.19,-0.91
0.7038,0.7769,0.5851,0.2220,3.50,-0.63,-0.91
0.7038,0.7774,0.5832,0.2250,3.92,-1.19,-1.40
0.7038,0.7798,0.5754,0.2284,3.29,-0.56,-0.49
0.7039,0.7818,0.5773,0.2240,3.78,-1.05,-1.05
0.7039,0.7823,0.5807,0.2191,3.43,-0.84,-0.84
0.7039,0.7842,0.5793,0.2216,3.57,-0.98,-0.91
0.7040,0.7837,0.5807,0.2240,3.57,-0.77,-0.28
0.7040,0.7823,0.5827,0.2264,3.57,-0.77,-0.91
0.7040,0.7852,0.5832,0.2240,3.64,-0.84,-0.28
0.7041,0.7867,0.5861,0.2240,3.64,-1.26,-0.91
0.7041,0.7842,0.5856,0.2255,3.64,-0.77,-0.14
0.7042,0.7837,0.5817,0.2225,3.50,-0.70,-0.49
0.7042,0.7857,0.5832,0.2211,3.71,-0.84,0.00
0.7042,0.7832,0.5871,0.2230,3.50,-0.77,-0.42
0.7043,0.7808,0.5876,0.2240,3.64,-0.77,-0.14
0.7043,0.7842,0.5851,0.2245,3.22,-0.42,-0.14
0.7043,0.7852,0.5866,0.2250,3.92,-1.33,0.07
0.7046,0.7813,0.5895,0.2225,3.36,-0.49,-0.07
0.7048,0.7823,0.5890,0.2196,3.64,-0.98,0.07
0.7050,0.7837,0.5880,0.2206,3.71,-0.77,0.07
0.7053,0.7828,0.5880,0.2220,3.43,-0.49,0.28
0.7055,0.7842,0.5910,0.2240,3.78,-0.77,0.00
0.7058,0.7823,0.5910,0.2240,3.50,-0.63,0.56
0.7060,0.7788,0.5861,0.2220,3.36,-0.70,0.07
0.7062,0.7803,0.5895,0.2176,3.36,-0.70,0.70
0.7065,0.7808,0.5890,0.2176,3.64,-0.70,0.07
0.7067,0.7808,0.5851,0.2181,3.43,-0.91,0.70
0.7070,0.7813,0.5866,0.2240,3.57,-0.70,0.21
0.7072,0.7779,0.5905,0.2206,3.64,-0.70,0.56
0.7074,0.7784,0.5895,0.2211,3.57,-0.77,0.56
0.7077,0.7803,0.5905,0.2216,3.50,-0.56,0.91
0.7079,0.7857,0.5885,0.2201,3.50,-1.05,0.49
0.7082,0.7871,0.5885,0.2206,3.43,-0.63,0.77
0.7084,0.7867,0.5915,0.2230,3.57,-0.77,0.07
0.7086,0.7828,0.5934,0.2230,3.71,-0.70,0.98
0.7089,0.7828,0.5944,0.2211,3.50,-0.91,0.21
0.7091,0.7862,0.5934,0.2206,3.43,-0.56,0.84
0.7097,0.7876,0.5924,0.2186,3.57,-0.70,0.28
0.7103,0.7857,0.5900,0.2162,3.57,-0.98,0.84
0.7109,0.7837,0.5846,0.2157,3.36,-0.56,0.56
0.7115,0.7891,0.5861,0.2167,3.57,-0.91,0.14
0.7121,0.7891,0.5876,0.2157,3.50,-0.70,0.70
0.7127,0.7857,0.5876,0.2142,3.64,-1.05,0.21
0.7133,0.7847,0.5905,0.2147,3.36,-1.12,0.35
0.7139,0.7891,0.5866,0.2157,3.50,-0.91,0.49
0.7145,0.7881,0.5880,0.2157,3.15,-0.63,0.07
0.7151,0.7837,0.5880,0.2172,3.57,-1.26,0.42
0.7157,0.7857,0.5846,0.2206,3.36,-0.91,0.21
0.7163,0.7886,0.5841,0.2211,3.22,-1.12,0.28
0.7169,0.7867,0.5861,0.2191,3.85,-1.05,-0.07
0.7175,0.7832,0.5890,0.2220,3.29,-0.84,0.00
0.7181,0.7871,0.5880,0.2240,3.64,-0.91,-0.07
0.7187,0.7837,0.5871,0.2250,3.36,-1.05,-0.14
0.7193,0.7749,0.5861,0.2230,3.36,-0.63,0.07
0.7199,0.7730,0.5851,0.2201,3.15,-1.19,-0.42
0.7205,0.7779,0.5871,0.2240,3.50,-0.98,-0.07
0.7211,0.7779,0.5836,0.2284,3.15,-1.33,-0.91
0.7216,0.7725,0.5793,0.2259,3.43,-1.12,-0.21
0.7222,0.7740,0.5812,0.2230,3.43,-1.47,-0.91
0.7228,0.7774,0.5822,0.2264,3.01,-0.70,0.00
0.7234,0.7803,0.5841,0.2289,3.43,-1.40,-1.33
0.7239,0.7788,0.5871,0.2269,2.73,-0.91,-0.07
0.7245,0.7764,0.5841,0.2240,3.36,-1.12,-1.33
0.7251,0.7779,0.5788,0.2259,2.94,-1.40,-0.63
0.7257,0.7769,0.5812,0.2294,3.29,-0.98,-1.12
0.7262,0.7803,0.5846,0.2274,2.73,-1.61,-1.33
0.7268,0.7828,0.5802,0.2274,2.73,-1.12,-1.26
0.7274,0.7847,0.5788,0.2303,3.43,-0.84,-0.84
0.7279,0.7862,0.5812,0.2308,2.94,-1.05,-1.82
0.7285,0.7823,0.5851,0.2298,3.15,-0.70,-0.63
0.7291,0.7832,0.5836,0.2308,3.01,-1.33,-1.82
0.7297,0.7891,0.5793,0.2289,3.15,-1.54,-1.12
0.7302,0.7867,0.5802,0.2269,2.80,-1.19,-1.68
0.7308,0.7842,0.5827,0.2298,3.08,-1.12,-0.91
0.7314,0.7823,0.5802,0.2298,3.15,-1.54,-2.17
0.7320,0.7832,0.5788,0.2303,3.08,-1.68,-1.26
0.7325,0.7832,0.5822,0.2308,3.08,-1.19,-1.96
0.7331,0.7823,0.5812,0.2294,2.87,-1.33,-1.33
0.7336,0.7823,0.5807,0.2289,2.94,-1.75,-2.17
0.7342,0.7784,0.5861,0.2294,3.22,-1.54,-1.40
0.7347,0.7798,0.5895,0.2303,2.80,-1.26,-2.10
0.7353,0.7852,0.5895,0.2294,2.94,-1.61,-1.82
0.7358,0.7842,0.5866,0.2240,2.80,-1.33,-1.89
0.7364,0.7828,0.5866,0.2259,3.15,-1.82,-2.10
0.7370,0.7842,0.5895,0.2298,2.87,-1.47,-1.89
0.7375,0.7823,0.5905,0.2303,3.01,-1.40,-1.75
0.7381,0.7788,0.5895,0.2264,3.22,-1.40,-2.10
0.7386,0.7788,0.5866,0.2264,2.87,-1.89,-1.61
0.7392,0.7774,0.5836,0.2303,3.08,-1.54,-2.03
0.7397,0.7828,0.5832,0.2303,2.87,-1.75,-1.96
0.7403,0.7847,0.5846,0.2308,3.22,-1.19,-1.89
0.7408,0.7769,0.5841,0.2298,3.29,-1.89,-2.31
0.7414,0.7754,0.5832,0.2298,2.87,-1.12,-1.54
0.7419,0.7779,0.5851,0.2303,3.01,-1.47,-2.24
0.7425,0.7793,0.5861,0.2289,3.01,-1.75,-1.75
0.7430,0.7803,0.5836,0.2298,3.08,-1.54,-1.82
0.7436,0.7798,0.5812,0.2303,3.08,-1.54,-1.82
0.7442,0.7764,0.5817,0.2308,3.29,-1.89,-2.03
0.7447,0.7745,0.5846,0.2313,3.22,-1.68,-1.89
0.7453,0.7769,0.5851,0.2284,2.94,-1.12,-1.47
0.7459,0.7784,0.5861,0.2274,3.57,-1.89,-2.03
0.7465,0.7779,0.5841,0.2255,3.08,-1.33,-1.47
0.7471,0.7784,0.5812,0.2264,3.36,-1.68,-2.17
0.7476,0.7784,0.5793,0.2289,3.50,-1.26,-1.68
0.7482,0.7784,0.5793,0.2245,3.08,-1.40,-1.96
0.7488,0.7754,0.5802,0.2245,3.15,-1.12,-1.47
0.7494,0.7715,0.5754,0.2308,3.36,-1.68,-2.24
0.7499,0.7725,0.5763,0.2318,3.50,-1.40,-1.33
0.7505,0.7740,0.5817,0.2269,3.50,-1.40,-1.75
0.7511,0.7759,0.5783,0.2294,3.08,-1.33,-1.47
0.7517,0.7754,0.5719,0.2303,3.43,-1.54,-1.96
0.7523,0.7759,0.5705,0.2255,3.36,-1.40,-1.61
0.7528,0.7779,0.5714,0.2259,3.01,-0.98,-1.47
0.7534,0.7754,0.5705,0.2284,3.50,-1.89,-1.89
0.7540,0.7754,0.5661,0.2289,3.01,-1.12,-1.33
0.7546,0.7764,0.5671,0.2328,3.36,-1.54,-1.89
0.7551,0.7788,0.5695,0.2338,3.36,-0.91,-1.19
0.7557,0.7828,0.5710,0.2279,3.08,-1.33,-1.96
0.7563,0.7784,0.5734,0.2294,3.57,-1.68,-1.40
0.7568,0.7808,0.5739,0.2313,2.87,-1.05,-1.68
0.7574,0.7769,0.5719,0.2274,3.64,-1.19,-1.61
0.7579,0.7754,0.5739,0.2313,3.57,-0.98,-1.19
0.7585,0.7754,0.5710,0.2333,2.87,-1.75,-2.24
0.7590,0.7764,0.5719,0.2323,3.57,-0.84,-0.98
0.7596,0.7740,0.5739,0.2308,2.94,-1.75,-2.59
0.7601,0.7764,0.5680,0.2323,3.64,-1.12,-0.91
0.7607,0.7788,0.5690,0.2303,2.73,-1.33,-2.45
0.7612,0.7769,0.5729,0.2298,3.99,-1.05,-1.26
0.7618,0.7745,0.5729,0.2284,3.08,-1.54,-2.31
0.7624,0.7740,0.5729,0.2303,3.36,-0.91,-1.33
0.7629,0.7745,0.5719,0.2318,3.01,-1.19,-2.31
0.7635,0.7749,0.5714,0.2289,3.29,-1.40,-1.12
0.7640,0.7740,0.5724,0.2289,3.22,-1.12,-2.38
0.7646,0.7735,0.5724,0.2294,3.36,-1.33,-1.12
0.7651,0.7749,0.5719,0.2298,3.08,-0.77,-2.10
0.7657,0.7725,0.5749,0.2284,3.50,-1.47,-1.61
0.7662,0.7749,0.5778,0.2294,3.22,-1.12,-2.24
0.7682,0.7779,0.5768,0.2328,3.22,-0.98,-1.68
0.7701,0.7754,0.5749,0.2333,3.64,-1.47,-1.96
0.7721,0.7725,0.5763,0.2342,3.22,-1.05,-1.89
0.7740,0.7706,0.5763,0.2313,2.94,-1.26,-2.31
0.7760,0.7730,0.5763,0.2298,3.50,-0.77,-1.47
0.7779,0.7793,0.5744,0.2308,3.22,-1.33,-2.38
0.7799,0.7813,0.5749,0.2328,3.43,-1.12,-1.61
0.7818,0.7745,0.5734,0.2313,3.36,-1.33,-2.45
0.7838,0.7715,0.5734,0.2313,3.22,-0.91,-1.26
0.7858,0.7730,0.5744,0.2313,3.57,-1.19,-2.59
0.7877,0.7749,0.5763,0.2313,3.43,-0.98,-1.54
0.7897,0.7774,0.5773,0.2333,3.43,-1.54,-2.38
0.7916,0.7808,0.5763,0.2333,3.57,-1.54,-2.03
0.7936,0.7798,0.5783,0.2347,3.36,-0.98,-2.10
0.7955,0.7759,0.5788,0.2342,3.43,-1.33,-2.03
0.7975,0.7749,0.5797,0.2313,3.64,-1.26,-2.10
0.7994,0.7710,0.5797,0.2298,3.36,-1.12,-2.10
0.8014,0.7730,0.5754,0.2338,3.50,-1.33,-1.89
0.8033,0.7745,0.5763,0.2342,3.36,-0.98,-2.24
0.8053,0.7730,0.5802,0.2318,3.85,-0.84,-1.54
0.8053,0.7706,0.5763,0.2313,3.57,-1.47,-3.01
0.8054,0.7710,0.5754,0.2333,3.36,-1.19,-2.38
0.8054,0.7710,0.5768,0.2352,3.78,-1.19,-2.10
0.8054,0.7715,0.5754,0.2323,3.50,-0.77,-2.10
0.8055,0.7710,0.5729,0.2313,3.92,-1.19,-1.96
0.8055,0.7749,0.5754,0.2342,3.36,-1.19,-2.66
0.8056,0.7774,0.5797,0.2357,3.85,-1.61,-2.38
0.8056,0.7754,0.5802,0.2362,3.57,-1.33,-2.31
0.8056,0.7740,0.5763,0.2362,3.85,-1.33,-2.45
0.8057,0.7735,0.5758,0.2372,3.29,-1.12,-2.10
0.8057,0.7764,0.5724,0.2352,3.64,-1.40,-2.87
0.8057,0.7803,0.5695,0.2328,3.92,-1.26,-2.17
0.8058,0.7803,0.5700,0.2352,3.43,-1.26,-2.31
0.8058,0.7774,0.5685,0.2362,3.50,-1.12,-2.38
0.8059,0.7784,0.5675,0.2313,3.50,-1.47,-2.59
0.8059,0.7832,0.5612,0.2294,3.57,-1.68,-2.31
0.8059,0.7881,0.5578,0.2308,3.29,-1.12,-2.80
0.8060,0.7886,0.5617,0.2313,3.57,-1.33,-2.31
0.8060,0.7906,0.5622,0.2294,3.29,-1.61,-2.73
0.8061,0.7896,0.5578,0.2323,3.29,-1.89,-2.80
0.8063,0.7847,0.5597,0.2323,3.50,-1.19,-2.80
0.8065,0.7930,0.5612,0.2333,3.78,-1.33,-2.80
0.8068,0.7930,0.5646,0.2352,3.08,-1.96,-2.87
0.8070,0.7925,0.5666,0.2367,3.43,-1.19,-3.01
0.8073,0.7930,0.5607,0.2391,3.08,-1.89,-2.73
0.8075,0.7935,0.5588,0.2357,3.36,-1.33,-2.80
0.8078,0.7940,0.5578,0.2313,3.08,-2.03,-3.22
0.8080,0.7901,0.5568,0.2323,3.15,-1.40,-3.08
0.8083,0.7876,0.5597,0.2328,3.08,-1.89,-3.36
0.8085,0.7876,0.5583,0.2357,3.01,-1.40,-3.22
0.8087,0.7867,0.5524,0.2391,3.01,-2.17,-3.43
0.8090,0.7906,0.5490,0.2391,2.94,-1.75,-3.36
0.8092,0.7876,0.5485,0.2367,3.08,-2.31,-3.99
0.8095,0.7837,0.5524,0.2308,2.87,-1.96,-3.36
0.8097,0.7857,0.5553,0.2303,2.73,-2.10,-3.92
0.8100,0.7891,0.5524,0.2367,2.66,-2.17,-3.71
0.8102,0.7906,0.5495,0.2377,3.01,-1.89,-3.85
0.8104,0.7891,0.5490,0.2328,2.59,-2.31,-4.13
0.8107,0.7896,0.5505,0.2323,2.94,-1.82,-3.71
0.8109,0.7930,0.5524,0.2362,2.73,-2.52,-4.48
0.8115,0.7964,0.5510,0.2406,3.08,-1.82,-3.57
0.8121,0.7945,0.5495,0.2386,2.10,-2.73,-4.48
0.8127,0.7964,0.5505,0.2298,2.87,-2.03,-3.71
0.8133,0.7979,0.5524,0.2294,2.10,-2.45,-4.55
0.8138,0.7945,0.5534,0.2298,2.66,-1.82,-3.57
0.8144,0.7920,0.5539,0.2289,2.24,-2.66,-4.97
0.8150,0.7930,0.5544,0.2352,2.45,-2.31,-3.64
0.8156,0.7979,0.5519,0.2362,2.24,-2.31,-4.76
0.8162,0.7964,0.5514,0.2347,2.31,-2.38,-3.92
0.8168,0.7935,0.5519,0.2338,2.31,-2.45,-4.90
0.8173,0.7930,0.5534,0.2323,2.38,-2.59,-3.99
0.8179,0.7910,0.5534,0.2313,2.17,-1.96,-4.97
0.8185,0.7876,0.5529,0.2313,2.38,-3.01,-4.55
0.8191,0.7862,0.5539,0.2352,1.96,-2.17,-4.55
0.8197,0.7881,0.5558,0.2367,2.10,-2.73,-4.76
0.8203,0.7862,0.5558,0.2391,2.24,-2.17,-4.41
0.8208,0.7901,0.5519,0.2372,1.96,-2.59,-5.18
0.8214,0.7920,0.5534,0.2391,1.89,-3.08,-5.81
0.8220,0.7925,0.5505,0.2367,2.45,-1.96,-3.78
0.8226,0.7930,0.5485,0.2367,1.82,-2.59,-5.39
0.8232,0.7945,0.5505,0.2377,2.31,-1.82,-3.99
0.8237,0.7984,0.5475,0.2347,1.75,-2.87,-5.74
0.8243,0.8003,0.5451,0.2328,2.24,-2.10,-3.64
0.8248,0.7998,0.5466,0.2308,1.47,-2.45,-5.60
0.8254,0.7993,0.5480,0.2318,2.45,-2.31,-4.06
0.8260,0.7959,0.5470,0.2342,1.54,-2.38,-5.18
0.8265,0.7959,0.5436,0.2323,2.52,-2.38,-4.20
0.8271,0.7974,0.5427,0.2313,1.26,-2.38,-5.32
0.8276,0.7935,0.5446,0.2328,1.96,-2.87,-4.55
0.8282,0.7915,0.5475,0.2318,1.75,-1.89,-4.48
0.8288,0.7935,0.5475,0.2333,1.75,-2.94,-4.97
0.8293,0.7979,0.5461,0.2347,1.75,-2.10,-4.34
0.8299,0.7979,0.5436,0.2298,1.61,-2.94,-5.04
0.8304,0.7920,0.5441,0.2284,1.96,-2.17,-4.34
0.8310,0.7959,0.5446,0.2347,1.47,-2.59,-5.18
0.8316,0.7950,0.5441,0.2391,1.89,-2.03,-4.20
0.8321,0.7891,0.5461,0.2406,1.40,-2.66,-5.39
0.8327,0.7910,0.5475,0.2372,2.10,-2.10,-4.13
0.8332,0.7920,0.5490,0.2338,1.26,-2.94,-5.67
0.8338,0.7945,0.5485,0.2357,1.82,-2.03,-3.78
0.8343,0.7935,0.5451,0.2381,1.19,-2.87,-5.67
0.8348,0.7930,0.5402,0.2391,1.82,-2.31,-3.99
0.8354,0.7959,0.5412,0.2381,1.05,-2.24,-5.46
0.8359,0.7945,0.5436,0.2381,1.82,-2.31,-4.13
0.8364,0.7935,0.5431,0.2362,1.05,-2.38,-5.53
0.8369,0.7935,0.5422,0.2338,1.82,-2.80,-4.41
0.8375,0.7925,0.5422,0.2323,0.91,-2.17,-5.25
0.8380,0.7940,0.5451,0.2318,1.54,-2.45,-4.62
0.8385,0.8003,0.5417,0.2352,1.19,-2.17,-5.39
0.8390,0.8008,0.5402,0.2352,1.47,-2.66,-5.04
0.8395,0.7964,0.5441,0.2328,1.05,-1.82,-5.04
0.8401,0.7959,0.5446,0.2357,1.19,-2.80,-5.67
0.8406,0.7974,0.5412,0.2367,1.12,-2.10,-4.76
0.8411,0.7984,0.5397,0.2342,1.05,-2.59,-5.88
0.8416,0.7993,0.5397,0.2352,1.12,-2.31,-5.18
0.8422,0.7989,0.5383,0.2347,0.42,-1.96,-5.74
0.8427,0.7954,0.5378,0.2377,1.33,-1.82,-4.83
0.8432,0.7945,0.5353,0.2391,0.21,-2.17,-6.09
0.8437,0.7979,0.5363,0.2338,1.33,-2.03,-4.83
0.8443,0.7945,0.5407,0.2323,0.56,-2.24,-6.02
0.8449,0.7940,0.5397,0.2333,0.98,-1.82,-4.76
0.8455,0.7954,0.5368,0.2328,0.42,-2.45,-6.58
0.8461,0.7925,0.5358,0.2333,1.05,-1.82,-4.69
0.8467,0.7896,0.5368,0.2333,0.07,-2.03,-6.65
0.8473,0.7881,0.5407,0.2338,1.05,-1.89,-5.11
0.8479,0.7925,0.5451,0.2338,0.00,-1.40,-6.16
0.8485,0.7930,0.5461,0.2338,0.91,-1.96,-5.18
0.8491,0.7910,0.5451,0.2338,0.07,-1.61,-6.02
0.8497,0.7930,0.5446,0.2298,0.49,-2.10,-5.67
0.8503,0.7940,0.5456,0.2318,0.28,-1.68,-5.74
0.8509,0.7930,0.5470,0.2318,0.21,-2.10,-5.81
0.8515,0.7896,0.5422,0.2338,0.21,-1.47,-5.74
0.8521,0.7881,0.5368,0.2420,0.63,-2.17,-6.16
0.8528,0.7852,0.5363,0.2420,0.28,-1.47,-5.53
0.8534,0.7876,0.5368,0.2425,0.42,-1.19,-5.46
0.8540,0.7857,0.5353,0.2435,-0.42,-1.54,-5.67
0.8546,0.7842,0.5329,0.2430,0.56,-1.47,-5.74
0.8552,0.7837,0.5319,0.2479,-0.28,-1.40,-5.74
0.8558,0.7803,0.5314,0.2469,0.21,-1.40,-5.60
0.8564,0.7764,0.5309,0.2430,-0.07,-1.33,-5.74
0.8569,0.7774,0.5261,0.2450,0.07,-1.40,-5.32
0.8575,0.7793,0.5266,0.2469,-0.07,-1.33,-5.67
0.8580,0.7793,0.5266,0.2469,0.00,-1.47,-5.32
0.8585,0.7803,0.5231,0.2455,-0.49,-1.12,-5.67
0.8591,0.7832,0.5231,0.2460,-0.07,-0.91,-5.32
0.8596,0.7910,0.5241,0.2435,-0.56,-0.91,-5.81
0.8601,0.7979,0.5202,0.2391,-0.28,-1.26,-5.25
0.8607,0.7984,0.5153,0.2377,-0.56,-0.77,-5.67
0.8612,0.7984,0.5144,0.2406,-0.56,-1.05,-5.18
0.8617,0.7998,0.5134,0.2396,-0.70,-0.98,-5.81
0.8623,0.7998,0.5139,0.2391,-0.84,-0.70,-5.04
0.8628,0.8028,0.5134,0.2425,-0.84,-1.19,-5.74
0.8633,0.8081,0.5065,0.2450,-0.77,-0.77,-4.90
0.8639,0.8091,0.5046,0.2450,-1.47,-0.84,-5.74
0.8644,0.8106,0.5031,0.2430,-0.77,-0.56,-4.97
0.8649,0.8140,0.5026,0.2430,-1.54,-0.91,-5.88
0.8655,0.8125,0.5012,0.2411,-1.12,-0.56,-5.18
0.8660,0.8150,0.4987,0.2440,-1.47,-0.98,-5.53
0.8665,0.8228,0.5017,0.2474,-1.40,-0.77,-5.39
0.8671,0.8242,0.5012,0.2450,-1.96,-0.91,-5.25
0.8676,0.8198,0.4992,0.2445,-1.26,-0.98,-5.39
0.8682,0.8189,0.5007,0.2460,-2.10,-0.91,-5.25
0.8688,0.8179,0.5022,0.2479,-1.68,-0.98,-5.25
0.8693,0.8164,0.4997,0.2494,-1.96,-0.98,-5.04
0.8699,0.8154,0.5036,0.2513,-2.17,-0.56,-4.97
0.8705,0.8154,0.5046,0.2479,-2.17,-0.98,-4.90
0.8710,0.8198,0.5022,0.2450,-2.38,-1.26,-5.46
0.8716,0.8194,0.5080,0.2445,-2.31,-1.05,-4.55
0.8721,0.8164,0.5104,0.2416,-2.52,-0.63,-4.90
0.8727,0.8154,0.5070,0.2396,-2.24,-0.98,-4.48
0.8733,0.8150,0.5095,0.2435,-2.66,-0.56,-4.76
0.8738,0.8150,0.5114,0.2479,-2.45,-0.63,-4.13
0.8744,0.8145,0.5100,0.2513,-2.80,-0.84,-4.62
0.8750,0.8135,0.5129,0.2542,-2.24,-0.70,-3.85
0.8755,0.8125,0.5134,0.2533,-2.94,-1.26,-4.62
0.8761,0.8140,0.5139,0.2494,-2.45,-0.77,-3.64
0.8767,0.8154,0.5168,0.2508,-3.01,-0.98,-4.34
0.8772,0.8169,0.5148,0.2538,-2.73,-0.77,-3.15
0.8778,0.8164,0.5134,0.2533,-2.94,-1.26,-4.13
0.8783,0.8154,0.5168,0.2538,-2.66,-0.98,-3.22
0.8797,0.8150,0.5192,0.2557,-2.80,-0.84,-3.71
0.8810,0.8159,0.5158,0.2616,-2.80,-1.05,-3.29
0.8824,0.8179,0.5153,0.2635,-2.87,-0.63,-3.43
0.8837,0.8189,0.5173,0.2591,-2.66,-1.12,-3.29
0.8851,0.8223,0.5148,0.2572,-2.73,-0.77,-3.15
0.8864,0.8252,0.5168,0.2601,-2.80,-1.19,-3.29
0.8878,0.8252,0.5192,0.2635,-2.80,-0.28,-2.80
0.8891,0.8262,0.5222,0.2640,-2.73,-1.12,-3.36
0.8905,0.8296,0.5226,0.2625,-2.52,-0.91,-3.08
0.8919,0.8311,0.5251,0.2645,-2.73,-1.19,-3.50
0.8932,0.8335,0.5300,0.2674,-2.87,-1.12,-3.01
0.8946,0.8369,0.5275,0.2669,-2.66,-1.19,-3.71
0.8959,0.8374,0.5270,0.2674,-2.66,-1.05,-3.71
0.8973,0.8364,0.5261,0.2699,-2.52,-0.91,-3.08
0.8986,0.8374,0.5270,0.2699,-2.66,-0.91,-3.64
0.9000,0.8355,0.5285,0.2699,-2.03,-1.05,-3.15
0.9013,0.8311,0.5231,0.2718,-2.59,-0.84,-3.71
0.9027,0.8281,0.5187,0.2699,-2.38,-1.05,-3.57
0.9040,0.8296,0.5144,0.2704,-2.52,-1.05,-4.27
0.9054,0.8330,0.5119,0.2738,-2.38,-0.84,-3.85
0.9054,0.8320,0.5144,0.2708,-2.45,-1.33,-4.55
0.9054,0.8257,0.5114,0.2733,-2.17,-1.26,-4.13
0.9055,0.8208,0.5070,0.2743,-2.38,-0.84,-4.69
0.9055,0.8228,0.5007,0.2723,-2.38,-0.98,-4.83
0.9056,0.8223,0.5002,0.2733,-1.82,-1.05,-4.76
0.9056,0.8184,0.5017,0.2718,-2.10,-0.91,-5.32
0.9056,0.8164,0.4987,0.2718,-1.89,-0.63,-5.04
0.9057,0.8135,0.4958,0.2728,-2.17,-1.05,-5.88
0.9057,0.8086,0.4943,0.2718,-1.82,-0.70,-5.32
0.9058,0.8081,0.4904,0.2708,-2.45,-0.98,-6.02
0.9058,0.8115,0.4860,0.2660,-1.89,-0.28,-5.60
0.9058,0.8130,0.4880,0.2621,-2.24,-0.98,-6.58
0.9059,0.8140,0.4904,0.2616,-2.03,-0.70,-5.74
0.9059,0.8111,0.4900,0.2596,-2.24,-0.91,-6.86
0.9060,0.8096,0.4890,0.2611,-2.10,-0.28,-5.81
0.9060,0.8106,0.4914,0.2586,-2.38,-0.42,-7.21
0.9060,0.8081,0.4919,0.2572,-1.89,-0.42,-6.23
0.9061,0.8072,0.4914,0.2625,-2.24,-0.35,-7.21
0.9061,0.8072,0.4895,0.2635,-1.61,-0.42,-6.58
0.9062,0.8062,0.4870,0.2640,-2.17,-0.28,-7.21
0.9065,0.8072,0.4870,0.2679,-1.75,-0.42,-6.72
0.9068,0.8101,0.4909,0.2645,-1.96,-0.07,-7.07
0.9071,0.8115,0.4943,0.2650,-1.54,-0.42,-6.44
0.9074,0.8120,0.4904,0.2689,-1.75,0.42,-6.65
0.9077,0.8145,0.4880,0.2708,-1.61,-0.28,-6.65
0.9080,0.8184,0.4890,0.2733,-1.47,0.35,-6.30
0.9083,0.8189,0.4919,0.2728,-1.40,-0.21,-6.58
0.9086,0.8174,0.4919,0.2757,-1.19,0.91,-5.39
0.9089,0.8228,0.4880,0.2772,-1.54,0.14,-5.95
0.9093,0.8233,0.4846,0.2786,-0.91,0.21,-6.09
0.9096,0.8228,0.4870,0.2777,-1.47,0.00,-6.16
0.9099,0.8272,0.4890,0.2757,-0.70,0.63,-5.04
0.9102,0.8272,0.4836,0.2782,-1.12,0.21,-6.02
0.9105,0.8281,0.4836,0.2830,-0.28,0.98,-4.76
0.9108,0.8345,0.4831,0.2850,-1.26,0.42,-5.39
0.9111,0.8355,0.4812,0.2821,0.00,0.77,-4.06
0.9114,0.8320,0.4797,0.2816,-0.84,0.28,-5.39
0.9117,0.8369,0.4792,0.2830,0.00,0.98,-3.78
0.9120,0.8413,0.4812,0.2850,-0.49,0.56,-5.18
0.9123,0.8423,0.4763,0.2845,0.21,0.84,-3.43
0.9129,0.8457,0.4753,0.2826,-0.28,0.91,-4.62
0.9135,0.8452,0.4821,0.2840,0.84,0.49,-3.57
0.9141,0.8452,0.4870,0.2884,0.07,1.12,-3.85
0.9147,0.8477,0.4860,0.2899,1.12,0.56,-3.43
0.9153,0.8491,0.4797,0.2908,0.35,1.05,-3.50
0.9159,0.8457,0.4812,0.2860,1.12,0.77,-3.43
0.9165,0.8477,0.4792,0.2840,1.12,0.98,-3.29
0.9170,0.8438,0.4792,0.2874,1.33,0.84,-2.73
0.9176,0.8413,0.4763,0.2899,1.75,0.84,-3.43
0.9182,0.8481,0.4695,0.2913,1.47,0.77,-1.96
0.9188,0.8481,0.4641,0.2928,1.47,0.77,-3.50
0.9194,0.8462,0.4612,0.2957,1.82,0.91,-1.26
0.9200,0.8452,0.4597,0.2977,1.82,0.98,-3.36
0.9206,0.8423,0.4563,0.2972,2.38,0.98,-1.54
0.9211,0.8398,0.4504,0.2967,1.61,0.77,-2.73
0.9217,0.8428,0.4465,0.2918,2.73,0.98,-1.75
0.9223,0.8467,0.4436,0.2913,2.10,0.91,-2.52
0.9229,0.8477,0.4397,0.2972,2.87,1.05,-1.68
0.9235,0.8467,0.4329,0.2996,2.10,0.91,-2.10
0.9241,0.8462,0.4304,0.2996,3.36,0.63,-2.10
0.9246,0.8491,0.4387,0.2987,2.31,1.33,-1.89
0.9252,0.8477,0.4416,0.2972,3.43,0.77,-2.31
0.9258,0.8438,0.4402,0.2982,2.80,0.77,-1.75
0.9263,0.8462,0.4387,0.2996,3.78,0.77,-2.66
0.9269,0.8423,0.4358,0.3016,2.66,1.19,-1.47
0.9275,0.8413,0.4333,0.3026,3.50,0.77,-2.94
0.9280,0.8423,0.4299,0.3006,3.29,1.33,-1.75
0.9286,0.8403,0.4275,0.3011,3.78,0.91,-3.08
0.9292,0.8398,0.4275,0.3050,3.78,1.19,-1.96
0.9297,0.8369,0.4241,0.3084,3.64,0.63,-3.29
0.9303,0.8345,0.4207,0.3060,4.27,1.40,-2.24
0.9309,0.8316,0.4177,0.3065,3.57,0.98,-3.78
0.9314,0.8316,0.4158,0.3109,4.90,1.19,-3.01
0.9320,0.8291,0.4163,0.3084,3.57,1.19,-3.78
0.9326,0.8286,0.4114,0.3104,5.11,1.33,-3.08
0.9331,0.8306,0.4080,0.3157,3.85,1.40,-4.13
0.9337,0.8311,0.4060,0.3177,5.25,1.26,-3.43
0.9343,0.8311,0.4016,0.3192,4.48,1.19,-4.41
0.9348,0.8311,0.4002,0.3216,4.76,1.40,-4.20
0.9354,0.8320,0.3992,0.3274,4.62,1.33,-4.62
0.9359,0.8291,0.3943,0.3240,5.11,1.54,-4.55
0.9365,0.8267,0.3880,0.3201,5.11,1.12,-5.11
0.9370,0.8281,0.3865,0.3216,5.32,1.82,-4.90
0.9376,0.8320,0.3841,0.3235,5.46,1.54,-5.60
0.9381,0.8335,0.3831,0.3323,5.04,1.47,-5.81
0.9386,0.8281,0.3826,0.3338,5.67,1.68,-5.60
0.9392,0.8286,0.3802,0.3304,4.83,1.75,-6.44
0.9397,0.8311,0.3792,0.3343,6.02,1.89,-6.16
0.9403,0.8306,0.3787,0.3357,5.39,1.61,-7.28
0.9408,0.8311,0.3743,0.3362,6.16,2.17,-6.51
0.9413,0.8316,0.3704,0.3401,5.60,1.68,-7.91
0.9419,0.8281,0.3670,0.3416,6.37,2.52,-7.07
0.9424,0.8286,0.3650,0.3431,6.09,1.82,-8.54
0.9430,0.8301,0.3650,0.3460,6.23,2.10,-7.91
0.9435,0.8291,0.3650,0.3445,6.51,2.31,-8.89
0.9441,0.8286,0.3675,0.3465,6.37,2.24,-8.89
0.9446,0.8276,0.3631,0.3528,6.72,2.24,-9.38
0.9451,0.8272,0.3606,0.3538,6.79,2.45,-9.80
0.9457,0.8296,0.3621,0.3533,6.93,2.45,-10.15
0.9462,0.8281,0.3626,0.3533,7.00,2.66,-10.50
0.9468,0.8262,0.3636,0.3587,7.28,2.52,-10.92
0.9473,0.8276,0.3636,0.3587,7.63,2.38,-11.34
0.9479,0.8325,0.3660,0.3645,7.42,2.87,-11.69
0.9485,0.8286,0.3645,0.3650,8.05,2.87,-12.04
0.9490,0.8291,0.3592,0.3675,7.70,2.66,-13.79
0.9496,0.8359,0.3597,0.3655,8.61,3.15,-12.74
0.9501,0.8364,0.3611,0.3689,8.12,3.08,-14.63
0.9507,0.8325,0.3626,0.3733,8.96,3.36,-13.16
0.9513,0.8345,0.3655,0.3738,8.61,2.94,-15.75
0.9518,0.8384,0.3611,0.3689,9.31,3.43,-14.49
0.9524,0.8389,0.3621,0.3684,8.96,3.43,-16.31
0.9529,0.8408,0.3699,0.3753,9.52,3.43,-15.54
0.9535,0.8442,0.3723,0.3767,9.52,3.85,-16.94
0.9541,0.8467,0.3767,0.3738,10.08,3.43,-16.73
0.9546,0.8477,0.3802,0.3738,10.29,3.92,-17.43
0.9552,0.8516,0.3831,0.3772,10.71,3.15,-18.13
0.9557,0.8520,0.3855,0.3831,10.64,4.55,-17.92
0.9563,0.8511,0.3904,0.3821,11.27,3.36,-18.90
0.9569,0.8501,0.3963,0.3806,11.34,4.20,-19.04
0.9574,0.8486,0.4016,0.3802,11.69,3.78,-19.81
0.9586,0.8496,0.4070,0.3826,12.32,4.62,-19.81
0.9597,0.8462,0.4085,0.3826,12.81,4.13,-20.65
0.9609,0.8506,0.4124,0.3870,13.30,4.62,-21.70
0.9620,0.8481,0.4168,0.3914,14.28,4.62,-20.79
0.9632,0.8472,0.4211,0.3914,13.86,4.76,-22.82
0.9643,0.8467,0.4250,0.3884,14.84,4.76,-21.77
0.9655,0.8462,0.4265,0.3924,14.91,5.32,-23.52
0.9666,0.8481,0.4280,0.3938,16.03,5.18,-22.54
0.9678,0.8486,0.4333,0.3899,15.61,5.67,-24.15
0.9689,0.8501,0.4407,0.3919,16.94,5.25,-23.59
0.9701,0.8472,0.4421,0.3928,16.73,5.81,-24.64
0.9712,0.8438,0.4426,0.3914,17.78,5.60,-24.36
0.9723,0.8481,0.4470,0.3904,17.92,6.44,-25.13
0.9735,0.8506,0.4494,0.3943,18.83,5.95,-25.27
0.9746,0.8501,0.4514,0.3948,18.97,6.58,-25.83
0.9758,0.8491,0.4587,0.3958,19.88,6.23,-26.11
0.9769,0.8501,0.4641,0.3967,20.23,7.28,-26.04
0.9781,0.8501,0.4626,0.3938,20.93,6.51,-27.23
0.9792,0.8511,0.4680,0.3977,21.56,6.86,-26.81
0.9804,0.8516,0.4724,0.3997,21.77,7.14,-27.79
0.9817,0.8535,0.4685,0.3953,22.61,6.93,-27.51
0.9830,0.8560,0.4729,0.3997,24.29,7.49,-27.93
0.9843,0.8599,0.4738,0.3987,24.29,8.54,-28.98
0.9856,0.8638,0.4787,0.4006,25.55,8.33,-28.28
0.9869,0.8642,0.4831,0.4080,25.83,8.54,-29.54
0.9882,0.8662,0.4821,0.4085,26.60,8.40,-29.12
0.9895,0.8691,0.4807,0.4026,27.16,9.03,-30.03
0.9908,0.8686,0.4836,0.4026,27.86,8.82,-29.75
0.9921,0.8701,0.4826,0.4060,28.42,9.45,-30.66
0.9934,0.8730,0.4821,0.4085,29.33,9.45,-30.38
0.9947,0.8750,0.4831,0.4075,29.33,9.87,-30.80
0.9960,0.8750,0.4860,0.4124,30.66,9.80,-31.22
0.9973,0.8794,0.4900,0.4163,31.01,10.43,-31.22
0.9986,0.8823,0.4900,0.4143,31.85,10.08,-31.64
0.9999,0.8847,0.4880,0.4158,32.34,10.71,-31.78
1.0012,0.8911,0.4860,0.4153,33.39,10.43,-32.69
1.0024,0.8921,0.4865,0.4172,33.46,10.64,-32.06
1.0037,0.8926,0.4870,0.4231,34.51,11.13,-32.83
1.0050,0.8950,0.4875,0.4246,35.00,10.64,-32.97
1.0063,0.8969,0.4856,0.4231,35.42,11.76,-33.39
1.0064,0.8999,0.4821,0.4255,36.12,11.06,-33.11
1.0064,0.9038,0.4807,0.4309,36.89,11.90,-33.95
1.0064,0.9062,0.4802,0.4358,37.52,11.34,-33.81
1.0065,0.9101,0.4758,0.4363,38.08,12.32,-34.23
1.0065,0.9121,0.4709,0.4387,38.92,12.04,-34.44
1.0065,0.9116,0.4719,0.4421,39.55,12.60,-34.72
1.0066,0.9150,0.4714,0.4431,39.97,12.46,-34.93
1.0066,0.9155,0.4690,0.4475,40.67,13.23,-34.72
1.0066,0.9150,0.4670,0.4499,41.16,12.81,-35.63
1.0067,0.9179,0.4675,0.4519,41.86,13.02,-35.00
1.0067,0.9209,0.4631,0.4568,42.07,13.23,-36.19
1.0067,0.9248,0.4582,0.4602,42.98,13.37,-35.14
1.0068,0.9272,0.4582,0.4621,42.91,13.79,-36.26
1.0068,0.9282,0.4538,0.4646,44.10,13.72,-35.77
1.0068,0.9296,0.4524,0.4660,44.24,14.28,-36.89
1.0069,0.9311,0.4519,0.4656,45.08,14.28,-35.84
1.0069,0.9340,0.4490,0.4709,45.29,14.49,-36.96
1.0069,0.9355,0.4451,0.4709,46.27,14.49,-36.61
1.0069,0.9355,0.4397,0.4704,46.06,15.33,-36.75
1.0070,0.9360,0.4338,0.4743,46.69,14.77,-37.24
1.0073,0.9394,0.4280,0.4778,47.39,15.54,-36.89
1.0076,0.9423,0.4231,0.4773,47.53,15.47,-37.59
1.0079,0.9448,0.4177,0.4758,48.23,16.17,-36.89
1.0082,0.9467,0.4104,0.4797,48.23,15.82,-38.08
1.0085,0.9482,0.4065,0.4870,48.86,16.31,-37.17
1.0088,0.9506,0.4085,0.4870,49.00,16.03,-38.71
1.0091,0.9560,0.4070,0.4900,49.77,16.45,-37.17
1.0094,0.9599,0.3982,0.4939,49.56,16.66,-38.92
1.0097,0.9589,0.3914,0.4919,50.47,16.73,-37.87
1.0100,0.9575,0.3870,0.4948,50.12,17.15,-38.71
1.0103,0.9555,0.3850,0.4958,50.89,17.08,-37.94
1.0106,0.9589,0.3836,0.4978,50.89,17.92,-38.92
1.0109,0.9658,0.3792,0.5002,51.17,17.50,-38.57
1.0111,0.9672,0.3767,0.4992,51.31,17.71,-39.34
1.0114,0.9716,0.3728,0.5041,51.73,18.06,-38.71
1.0117,0.9755,0.3684,0.5080,51.94,18.20,-39.27
1.0120,0.9731,0.3670,0.5153,52.15,18.55,-39.20
1.0123,0.9731,0.3675,0.5153,52.01,18.27,-39.55
1.0126,0.9789,0.3694,0.5212,52.36,18.83,-39.41
1.0129,0.9848,0.3684,0.5236,52.43,18.97,-39.83
1.0141,0.9877,0.3631,0.5241,52.71,19.32,-39.90
1.0153,0.9882,0.3611,0.5261,52.85,18.97,-39.97
1.0165,0.9936,0.3597,0.5319,53.27,19.46,-40.11
1.0177,0.9965,0.3528,0.5368,53.06,19.53,-40.53
1.0189,0.9980,0.3484,0.5368,53.27,19.95,-40.18
1.0201,1.0058,0.3470,0.5378,53.34,19.74,-40.74
1.0213,1.0126,0.3440,0.5427,53.34,20.44,-40.60
1.0225,1.0194,0.3440,0.5480,53.34,20.44,-40.67
1.0237,1.0199,0.3421,0.5510,53.48,20.65,-40.74
1.0249,1.0228,0.3401,0.5524,53.41,20.30,-41.02
1.0261,1.0292,0.3416,0.5558,53.76,21.00,-40.74
1.0273,1.0331,0.3416,0.5607,53.69,20.51,-40.88
1.0285,1.0385,0.3348,0.5617,53.76,21.21,-41.30
1.0297,1.0419,0.3279,0.5641,53.55,20.93,-41.37
1.0309,1.0468,0.3270,0.5680,53.83,21.35,-40.60
1.0321,1.0512,0.3289,0.5695,53.34,21.00,-41.93
1.0333,1.0531,0.3255,0.5705,53.83,21.49,-40.74
1.0345,1.0594,0.3167,0.5763,53.41,21.91,-41.65
1.0357,1.0648,0.3157,0.5822,53.97,21.35,-40.67
1.0369,1.0677,0.3143,0.5851,53.20,21.98,-41.93
1.0369,1.0746,0.3065,0.5895,53.69,21.63,-41.02
1.0369,1.0775,0.3006,0.5919,53.69,21.70,-41.79
1.0370,1.0814,0.2996,0.5929,53.27,21.91,-40.95
1.0370,1.0858,0.2982,0.5963,53.13,22.19,-41.51
1.0370,1.0912,0.2957,0.6037,53.34,21.70,-41.30
1.0370,1.1000,0.2933,0.6090,52.99,22.33,-41.02
1.0371,1.1048,0.2850,0.6129,52.64,21.91,-41.37
1.0371,1.1112,0.2796,0.6163,52.64,22.47,-40.88
1.0371,1.1204,0.2747,0.6207,52.71,21.84,-41.58
1.0372,1.1239,0.2684,0.6276,52.57,22.33,-40.74
1.0372,1.1292,0.2660,0.6305,52.01,21.84,-41.30
1.0372,1.1370,0.2645,0.6305,52.15,22.05,-40.46
1.0373,1.1419,0.2635,0.6359,51.45,22.05,-41.23
1.0373,1.1444,0.2630,0.6427,51.59,21.98,-40.32
1.0373,1.1497,0.2586,0.6451,51.45,21.91,-41.16
1.0374,1.1575,0.2518,0.6481,51.45,21.98,-40.11
1.0374,1.1668,0.2489,0.6559,51.17,22.12,-41.02
1.0374,1.1727,0.2450,0.6612,50.68,22.05,-40.04
1.0375,1.1761,0.2430,0.6632,50.47,21.98,-40.81
1.0375,1.1844,0.2425,0.6642,50.54,22.19,-39.34
1.0380,1.1922,0.2372,0.6690,49.91,22.19,-40.81
1.0385,1.1980,0.2323,0.6764,50.19,21.84,-39.41
1.0390,1.2063,0.2294,0.6817,49.28,22.19,-39.83
1.0396,1.2112,0.2269,0.6852,49.56,21.21,-39.55
1.0401,1.2190,0.2245,0.6876,48.93,21.91,-39.13
1.0406,1.2273,0.2186,0.6934,48.65,21.56,-39.20
1.0411,1.2298,0.2157,0.6998,48.44,21.70,-38.64
1.0416,1.2371,0.2147,0.7022,48.23,21.63,-38.92
1.0421,1.2478,0.2123,0.7076,47.95,21.21,-38.43
1.0427,1.2551,0.2094,0.7125,47.53,21.14,-38.50
1.0432,1.2581,0.2035,0.7174,47.32,21.35,-37.38
1.0437,1.2610,0.2020,0.7213,46.83,21.07,-38.29
1.0442,1.2708,0.2054,0.7242,46.76,21.28,-36.61
1.0447,1.2781,0.2040,0.7296,46.34,20.65,-37.45
1.0453,1.2839,0.2006,0.7349,46.48,21.07,-35.91
1.0458,1.2908,0.1981,0.7403,45.92,20.72,-36.54
1.0463,1.3015,0.1972,0.7408,45.50,20.30,-35.84
1.0468,1.3098,0.1967,0.7486,45.29,20.51,-34.86
1.0473,1.3142,0.1957,0.7549,44.38,21.00,-34.23
1.0478,1.3225,0.1942,0.7608,44.52,20.09,-34.23
1.0484,1.3298,0.1928,0.7642,44.24,20.58,-33.25
1.0489,1.3371,0.1932,0.7666,43.89,19.95,-33.18
1.0495,1.3479,0.1947,0.7740,43.68,20.58,-32.13
1.0500,1.3591,0.1947,0.7745,43.47,20.02,-32.34
1.0505,1.3688,0.1942,0.7769,43.19,20.16,-30.87
1.0511,1.3747,0.1923,0.7837,42.77,19.74,-31.08
1.0516,1.3830,0.1884,0.7837,42.63,19.95,-29.75
1.0521,1.3981,0.1869,0.7910,42.28,19.60,-29.75
1.0527,1.4089,0.1893,0.8008,42.07,19.46,-28.91
1.0532,1.4167,0.1879,0.8067,41.65,19.25,-28.63
1.0537,1.4250,0.1864,0.8101,41.58,19.25,-28.00
1.0543,1.4308,0.1918,0.8159,41.30,19.04,-27.37
1.0548,1.4386,0.1923,0.8228,41.37,19.25,-26.81
1.0553,1.4464,0.1869,0.8291,41.30,19.18,-25.55
1.0559,1.4606,0.1864,0.8350,40.81,18.69,-24.71
1.0564,1.4674,0.1850,0.8408,40.11,18.41,-24.78
1.0569,1.4713,0.1801,0.8423,40.39,18.69,-23.31
1.0575,1.4772,0.1786,0.8408,39.76,18.76,-23.87
1.0580,1.4825,0.1796,0.8486,39.83,18.62,-22.05
1.0585,1.4904,0.1767,0.8618,39.55,18.69,-22.40
1.0591,1.5001,0.1728,0.8677,39.62,18.20,-20.93
1.0597,1.5011,0.1708,0.8721,39.13,18.06,-20.93
1.0602,1.5060,0.1679,0.8779,39.20,18.55,-19.74
1.0608,1.5113,0.1698,0.8813,38.64,18.06,-19.81
1.0614,1.5157,0.1698,0.8872,38.85,18.34,-18.48
1.0619,1.5226,0.1659,0.8950,38.36,18.20,-18.48
1.0625,1.5274,0.1654,0.9033,38.71,18.06,-17.50
1.0630,1.5343,0.1606,0.9101,38.08,18.06,-16.94
1.0636,1.5416,0.1606,0.9140,38.08,18.62,-16.17
1.0642,1.5460,0.1620,0.9218,37.66,18.27,-16.03
1.0647,1.5494,0.1596,0.9277,37.94,17.99,-14.98
1.0653,1.5528,0.1606,0.9326,37.52,18.06,-14.42
1.0659,1.5572,0.1581,0.9404,37.45,18.76,-13.44
1.0664,1.5582,0.1493,0.9418,37.45,18.27,-13.30
1.0670,1.5616,0.1410,0.9462,36.82,18.62,-12.53
1.0676,1.5709,0.1347,0.9540,36.89,18.55,-11.62
1.0681,1.5762,0.1318,0.9594,36.40,18.41,-11.97
1.0687,1.5811,0.1308,0.9672,36.82,19.18,-10.29
1.0692,1.5860,0.1249,0.9775,35.98,18.76,-10.64
1.0698,1.5948,0.1152,0.9858,36.47,18.90,-9.24
1.0704,1.6055,0.1098,0.9926,35.77,18.90,-9.59
1.0709,1.6133,0.1039,0.9999,35.98,19.18,-8.40
1.0715,1.6236,0.0961,1.0097,35.21,19.25,-8.47
1.0721,1.6324,0.0908,1.0180,35.70,19.53,-7.56
1.0726,1.6358,0.0844,1.0277,34.93,19.60,-7.63
1.0732,1.6421,0.0771,1.0350,35.21,19.32,-6.51
1.0737,1.6553,0.0693,1.0385,34.51,19.95,-6.51
1.0743,1.6655,0.0649,1.0497,34.65,19.81,-6.02
1.0749,1.6729,0.0649,1.0594,34.09,19.88,-6.02
1.0754,1.6826,0.0590,1.0643,34.09,19.88,-5.67
1.0760,1.6929,0.0522,1.0663,33.46,20.23,-4.97
1.0765,1.7036,0.0459,1.0726,33.53,20.30,-5.25
1.0771,1.7173,0.0376,1.0819,32.83,20.65,-4.41
1.0777,1.7265,0.0293,1.0912,32.76,20.51,-4.97
1.0782,1.7344,0.0220,1.1004,32.83,20.86,-3.78
1.0788,1.7422,0.0122,1.1063,32.34,20.79,-4.69
1.0793,1.7485,0.0020,1.1131,32.27,21.49,-3.64
1.0799,1.7553,-0.0034,1.1229,31.78,21.14,-4.48
1.0805,1.7651,-0.0127,1.1331,31.99,21.98,-3.08
1.0810,1.7768,-0.0185,1.1395,30.66,21.42,-4.27
1.0822,1.7832,-0.0224,1.1483,31.43,22.19,-3.08
1.0834,1.7885,-0.0303,1.1595,30.31,21.98,-4.20
1.0846,1.7963,-0.0366,1.1688,30.73,22.82,-2.80
1.0858,1.8046,-0.0425,1.1785,29.54,22.26,-3.99
1.0870,1.8163,-0.0493,1.1893,30.38,23.24,-2.87
1.0882,1.8241,-0.0556,1.1995,29.19,22.89,-3.92
1.0894,1.8280,-0.0639,1.2112,29.47,24.01,-2.87
1.0906,1.8363,-0.0727,1.2190,28.63,23.59,-3.50
1.0918,1.8442,-0.0795,1.2298,28.70,24.08,-3.36
1.0930,1.8476,-0.0883,1.2405,28.14,24.15,-3.92
1.0942,1.8505,-0.0971,1.2517,27.79,25.20,-3.22
1.0954,1.8593,-0.1059,1.2688,27.72,24.92,-4.13
1.0966,1.8695,-0.1176,1.2805,27.37,25.76,-3.64
1.0978,1.8739,-0.1293,1.2883,27.37,26.18,-3.92
1.0990,1.8812,-0.1366,1.2981,26.60,27.02,-4.13
1.1002,1.8915,-0.1440,1.3108,26.67,27.37,-4.13
1.1014,1.8969,-0.1508,1.3215,26.11,27.51,-4.34
1.1026,1.9047,-0.1620,1.3308,26.53,27.93,-4.27
1.1038,1.9105,-0.1776,1.3386,25.83,28.42,-4.76
1.1050,1.9169,-0.1884,1.3508,25.41,29.33,-4.27
1.1051,1.9256,-0.1962,1.3644,25.48,29.68,-5.25
1.1051,1.9330,-0.2059,1.3742,25.34,30.45,-4.34
1.1051,1.9403,-0.2172,1.3845,25.06,31.22,-5.18
1.1052,1.9510,-0.2259,1.3932,24.78,31.57,-4.76
1.1052,1.9632,-0.2362,1.3996,24.57,32.62,-5.04
1.1052,1.9715,-0.2494,1.4103,24.50,32.97,-5.25
1.1052,1.9818,-0.2601,1.4245,23.94,34.02,-4.76
1.1053,2.1218,-0.2713,1.4411,23.87,34.79,-5.25
1.1053,2.0203,-0.2908,1.4479,23.66,36.33,-4.97
1.1053,2.0350,-0.2991,1.4542,23.94,36.89,-4.97
1.1054,2.0467,-0.3060,1.4630,23.38,38.15,-4.48
1.1054,2.0574,-0.3113,1.4694,23.59,38.36,-4.41
1.1054,2.0691,-0.3211,1.4762,23.31,39.90,-3.85
1.1054,2.0852,-0.3270,1.4830,23.45,40.18,-4.06
1.1055,2.1013,-0.3299,1.4938,23.31,41.86,-3.15
1.1055,2.1155,-0.3314,1.5035,23.38,42.49,-2.87
1.1055,2.1296,-0.3338,1.5065,23.38,43.61,-2.38
1.1056,2.1438,-0.3411,1.5113,23.59,44.73,-1.54
1.1056,2.1604,-0.3436,1.5167,23.80,45.50,-1.40
1.1056,2.1755,-0.3489,1.5245,24.01,46.97,0.14
1.1061,2.1945,-0.3558,1.5270,24.01,47.46,0.49
1.1065,2.2126,-0.3528,1.5289,24.29,48.72,1.47
1.1070,2.2292,-0.3509,1.5338,24.64,50.12,2.52
1.1074,2.2497,-0.3543,1.5377,24.78,51.31,3.57
1.1079,2.2692,-0.3582,1.5416,25.41,52.64,4.83
1.1084,2.2877,-0.3567,1.5455,25.62,53.90,6.30
1.1088,2.3243,-0.3553,1.5474,26.60,56.00,9.10
1.1093,2.3429,-0.3548,1.5514,27.51,56.91,9.80
1.1097,2.3614,-0.3528,1.5533,27.86,59.01,12.53
1.1102,2.3785,-0.3499,1.5518,28.35,59.78,13.58
1.1107,2.3985,-0.3479,1.5470,29.26,61.39,15.61
1.1111,2.4122,-0.3436,1.5435,29.75,62.86,17.29
1.1116,2.4258,-0.3396,1.5460,30.94,63.77,19.25
1.1120,2.4449,-0.3396,1.5460,31.36,65.59,21.63
1.1125,2.4634,-0.3372,1.5396,32.69,66.85,23.24
1.1130,2.4781,-0.3328,1.5348,33.11,68.39,26.11
1.1134,2.4908,-0.3333,1.5304,34.65,69.79,27.72
1.1139,2.5034,-0.3333,1.5240,35.21,71.61,30.80
1.1143,2.5171,-0.3314,1.5211,36.40,73.08,32.69
1.1148,2.5327,-0.3328,1.5143,37.03,74.34,35.63
1.1154,2.5464,-0.3367,1.5035,38.50,76.79,37.59
1.1159,2.5576,-0.3401,1.4996,39.62,77.35,40.11
1.1165,2.5722,-0.3396,1.4947,40.74,79.87,43.12
1.1170,2.5844,-0.3367,1.4889,41.86,80.78,45.50
1.1176,2.5932,-0.3338,1.4879,42.91,82.74,47.81
1.1182,2.7357,-0.3367,1.4689,44.31,84.56,50.89
1.1187,2.6308,-0.3470,1.4655,46.55,87.92,56.07
1.1193,2.6440,-0.3499,1.4611,47.88,90.09,58.73
1.1198,2.6562,-0.3533,1.4518,48.79,92.19,61.04
1.1204,2.6689,-0.3562,1.4445,50.40,93.73,64.05
1.1210,2.6801,-0.3582,1.4372,51.52,95.69,66.50
1.1215,2.6923,-0.3597,1.4318,52.78,97.09,68.95
1.1221,2.7118,-0.3650,1.4284,54.25,99.40,71.40
1.1226,2.7240,-0.3743,1.4235,55.51,100.94,73.99
1.1232,2.7343,-0.3802,1.4196,56.63,103.53,76.16
1.1238,2.7455,-0.3836,1.4103,57.68,105.07,78.75
1.1243,2.7543,-0.3899,1.4045,59.08,107.31,80.50
1.1249,2.7674,-0.3938,1.4045,60.27,108.85,82.81
1.1254,2.7831,-0.3967,1.3962,61.74,111.23,85.05
1.1260,2.7958,-0.3967,1.3884,63.14,112.70,87.22
1.1266,2.8075,-0.3982,1.3801,63.70,115.22,88.97
1.1271,2.8172,-0.3992,1.3732,65.24,116.90,90.79
1.1277,2.8270,-0.3997,1.3718,66.78,119.00,92.47
1.1282,2.8411,-0.4060,1.3713,67.76,120.89,94.15
1.1288,2.8514,-0.4128,1.3693,68.81,122.92,95.55
1.1294,2.8577,-0.4099,1.3625,69.86,124.88,97.16
1.1299,2.8675,-0.4104,1.3571,71.61,127.05,98.49
1.1305,2.8763,-0.4143,1.3498,72.52,129.08,99.54
1.1310,2.8831,-0.4114,1.3420,74.27,131.39,101.01
1.1316,2.8899,-0.4138,1.3366,74.83,133.28,101.64
1.1322,2.8973,-0.4138,1.3298,76.72,135.24,103.11
1.1327,2.9051,-0.4099,1.3269,77.42,137.27,103.67
1.1333,2.9119,-0.4099,1.3205,79.03,139.58,104.93
1.1338,2.9173,-0.4133,1.3103,79.80,141.54,104.86
1.1344,2.9251,-0.4124,1.3059,81.20,143.57,105.77
1.1350,2.9314,-0.4104,1.3015,82.25,146.16,105.98
1.1355,2.9324,-0.4128,1.2952,83.79,147.91,106.61
1.1361,2.9387,-0.4109,1.2922,84.63,150.57,106.75
1.1366,2.9495,-0.4050,1.2830,86.03,152.04,106.61
1.1372,2.9548,-0.4075,1.2771,86.87,154.77,106.54
1.1378,2.9602,-0.4114,1.2742,88.06,156.73,106.68
1.1384,2.9666,-0.4148,1.2634,89.53,158.69,105.91
1.1390,2.9714,-0.4177,1.2634,90.37,161.42,106.33
1.1396,2.9778,-0.4168,1.2532,91.84,164.08,106.12
1.1402,2.9885,-0.4148,1.2493,93.24,166.18,105.07
1.1407,3.0022,-0.4158,1.2444,93.87,168.21,104.65
1.1413,3.0085,-0.4172,1.2351,94.92,170.45,103.81
1.1419,3.0114,-0.4109,1.2351,96.25,172.55,102.97
1.1425,3.0232,-0.4085,1.2337,97.65,175.07,102.13
1.1431,3.0354,-0.4089,1.2249,98.56,177.17,101.57
1.1437,3.0437,-0.4089,1.2166,99.68,179.34,99.61
1.1443,3.0529,-0.4085,1.2122,101.08,181.79,99.47
1.1449,3.0617,-0.4026,1.2088,102.34,183.96,97.58
1.1455,3.0646,-0.3982,1.2015,103.60,186.27,96.46
1.1461,3.0685,-0.3953,1.1946,104.30,189.00,95.48
1.1467,3.0803,-0.3899,1.1912,105.63,190.61,93.73
1.1473,3.0939,-0.3865,1.1863,106.82,193.34,92.47
1.1478,3.0993,-0.3772,1.1805,108.29,195.58,90.86
1.1484,3.1071,-0.3670,1.1780,109.20,197.89,89.53
1.1490,3.1139,-0.3636,1.1732,110.88,200.13,87.57
1.1501,3.1256,-0.3484,1.1629,111.86,202.93,86.59
1.1512,3.1291,-0.3406,1.1541,114.59,207.27,83.51
1.1523,3.1378,-0.3318,1.1488,116.27,210.14,81.48
1.1534,3.1466,-0.3255,1.1424,117.53,212.38,80.15
1.1544,3.1505,-0.3196,1.1375,119.00,214.97,78.26
1.1555,3.1603,-0.3133,1.1351,120.33,217.14,77.00
1.1566,3.1696,-0.3055,1.1297,121.80,220.08,75.18
1.1577,3.1715,-0.2952,1.1204,123.34,222.18,73.78
1.1588,3.1715,-0.2894,1.1170,124.46,224.77,71.96
1.1599,3.1793,-0.2869,1.1136,126.35,227.29,71.19
1.1609,3.1876,-0.2806,1.1068,127.75,229.74,68.67
1.1620,3.1925,-0.2699,1.1024,129.22,232.75,68.39
1.1631,3.2008,-0.2586,1.0965,130.55,235.13,66.43
1.1642,3.2071,-0.2494,1.0936,132.93,237.86,65.59
1.1653,3.2135,-0.2396,1.0882,134.05,240.73,63.91
1.1664,3.2208,-0.2338,1.0775,135.73,243.25,63.14
1.1674,3.2267,-0.2303,1.0712,137.48,245.91,61.95
1.1685,3.2320,-0.2274,1.0677,139.16,248.78,61.04
1.1696,3.2345,-0.2220,1.0599,140.91,251.44,60.06
1.1707,3.2423,-0.2142,1.0512,142.59,254.03,58.73
1.1713,3.2515,-0.2089,1.0482,144.20,256.76,58.38
1.1719,3.2564,-0.1991,1.0414,148.12,262.64,57.33
1.1725,3.2652,-0.1986,1.0360,149.45,265.51,56.07
1.1731,3.2725,-0.1932,1.0321,151.62,268.94,56.63
1.1737,3.2750,-0.1884,1.0248,153.16,271.25,55.30
1.1743,3.2789,-0.1850,1.0175,155.19,274.68,56.00
1.1748,3.2896,-0.1835,1.0131,156.80,277.20,55.09
1.1754,3.2974,-0.1801,1.0087,158.83,280.84,55.79
1.1760,3.3023,-0.1747,1.0028,160.37,282.87,55.02
1.1766,3.3091,-0.1728,0.9960,162.68,286.51,55.79
1.1772,3.3155,-0.1747,0.9911,163.87,289.24,55.23
1.1778,3.3233,-0.1708,0.9887,165.90,292.60,56.42
1.1784,3.3340,-0.1645,0.9819,167.79,295.33,56.21
1.1790,3.3423,-0.1566,0.9740,169.40,298.62,56.84
1.1796,3.3438,-0.1518,0.9643,171.29,301.49,57.26
1.1802,3.3477,-0.1523,0.9531,172.90,304.64,57.96
1.1808,3.3555,-0.1508,0.9428,174.86,307.93,59.08
1.1814,3.3638,-0.1484,0.9360,176.26,310.31,59.08
1.1820,3.3716,-0.1488,0.9321,178.64,314.23,60.41
1.1826,3.3789,-0.1474,0.9243,180.11,316.82,60.90
1.1838,3.3853,-0.1449,0.9130,182.07,320.60,62.72
1.1851,3.3896,-0.1440,0.9038,183.68,322.63,62.37
1.1864,3.3950,-0.1401,0.8916,185.36,327.11,65.03
1.1876,3.4014,-0.1347,0.8847,186.90,328.93,64.47
1.1889,3.4082,-0.1303,0.8843,188.93,333.13,67.20
1.1901,3.4136,-0.1254,0.8750,190.19,335.09,66.57
1.1914,3.4170,-0.1205,0.8633,192.08,339.29,69.37
1.1927,3.4214,-0.1132,0.8589,192.92,341.67,69.16
1.1939,3.4223,-0.1049,0.8516,195.30,345.31,71.82
1.1952,3.4189,-0.0956,0.8438,195.93,347.90,71.89
1.1965,3.4228,-0.0869,0.8340,198.38,351.54,74.20
1.1977,3.4277,-0.0800,0.8208,199.15,354.27,74.76
1.1990,3.4316,-0.0737,0.8115,201.39,357.42,76.44
1.2002,3.4350,-0.0688,0.8042,201.88,360.43,77.49
1.2015,3.4326,-0.0639,0.7901,204.12,363.58,79.03
1.2028,3.4311,-0.0595,0.7788,205.03,366.87,80.22
1.2040,3.4297,-0.0527,0.7710,206.64,369.46,81.06
1.2053,3.4316,-0.0405,0.7627,207.97,373.38,82.67
1.2065,3.4336,-0.0283,0.7525,209.09,376.04,83.58
1.2078,3.4321,-0.0215,0.7422,210.21,378.63,84.56
1.2078,3.4326,-0.0181,0.7340,211.19,382.06,85.40
1.2079,3.4248,-0.0117,0.7232,212.73,384.93,87.22
1.2079,3.4199,-0.0034,0.7149,213.78,387.87,87.71
1.2079,3.4204,0.0044,0.7047,214.55,391.44,88.97
1.2080,3.4175,0.0137,0.6978,215.81,393.89,89.39
1.2080,3.4194,0.0215,0.6861,217.00,397.25,90.65
1.2080,3.4180,0.0273,0.6734,217.42,400.05,90.86
1.2081,3.4121,0.0381,0.6627,219.03,403.06,91.84
1.2081,3.4038,0.0483,0.6505,219.31,405.86,92.05
1.2081,3.4004,0.0542,0.6398,220.29,409.08,93.17
1.2081,3.4014,0.0649,0.6276,220.85,411.18,92.54
1.2082,3.3965,0.0717,0.6144,222.04,414.68,93.73
1.2082,3.3970,0.0786,0.5998,222.53,417.06,93.03
1.2082,3.3970,0.0874,0.5832,222.67,420.42,93.80
1.2083,3.3892,0.0893,0.5724,223.79,423.08,93.52
1.2083,3.3818,0.0956,0.5553,223.79,426.09,93.73
1.2083,3.3814,0.0996,0.5412,224.56,431.20,92.96
1.2084,3.3823,0.1059,0.5256,225.26,434.35,92.47
1.2084,3.3799,0.1166,0.5095,224.98,436.80,91.56
1.2084,3.3789,0.1259,0.4914,225.61,439.81,91.28
1.2088,3.3779,0.1366,0.4734,225.54,442.26,90.23
1.2091,3.3731,0.1464,0.4534,225.40,445.06,90.02
1.2095,3.3667,0.1591,0.4348,225.40,447.51,88.41
1.2098,3.3628,0.1737,0.4216,225.61,450.24,88.48
1.2102,3.3613,0.1859,0.4006,225.68,452.48,86.73
1.2105,3.3584,0.1947,0.3782,225.33,455.56,86.59
1.2109,3.3530,0.2089,0.3606,225.33,457.66,84.00
1.2112,3.3482,0.2230,0.3445,225.40,460.18,84.28
1.2116,3.3443,0.2318,0.3265,224.91,463.40,82.04
1.2119,3.3423,0.2425,0.3030,224.77,465.29,81.76
1.2123,3.3335,0.2562,0.2840,224.42,468.16,79.59
1.2126,3.3238,0.2684,0.2660,223.86,470.05,78.82
1.2130,3.3223,0.2767,0.2469,223.65,473.27,76.93
1.2134,3.3189,0.2879,0.2186,223.44,475.09,76.02
1.2137,3.3121,0.2987,0.1976,222.46,477.82,73.99
1.2141,3.3028,0.3162,0.1762,221.62,483.28,71.47
1.2144,3.3013,0.3265,0.1562,221.27,484.40,70.07
1.2148,3.3013,0.3416,0.1391,220.64,487.76,68.53
1.2151,3.2955,0.3562,0.1215,220.43,489.30,66.99
1.2155,3.2877,0.3645,0.1049,219.59,492.17,65.52
1.2161,3.2852,0.3738,0.0883,219.03,494.20,63.91
1.2167,3.2798,0.3884,0.0673,218.68,496.58,62.72
1.2172,3.2784,0.4050,0.0503,217.56,498.75,60.55
1.2178,3.2696,0.4236,0.0332,216.93,501.41,60.20
1.2184,3.2608,0.4372,0.0185,216.16,503.58,57.61
1.2190,3.2554,0.4475,0.0034,215.67,505.26,57.12
1.2196,3.2486,0.4621,-0.0190,214.69,507.85,55.02
1.2202,3.2423,0.4714,-0.0410,213.99,509.53,53.90
1.2208,3.2384,0.4778,-0.0571,212.94,512.68,52.22
1.2214,3.2374,0.4846,-0.0683,212.45,513.73,51.38
1.2220,3.2330,0.4875,-0.0839,211.26,516.67,49.35
1.2226,3.2257,0.4929,-0.1069,210.21,518.56,48.79
1.2232,3.2188,0.5017,-0.1259,209.30,520.38,47.11
1.2238,3.2159,0.5114,-0.1430,208.53,521.85,45.36
1.2244,3.2110,0.5173,-0.1615,206.99,525.14,45.50
1.2250,3.2037,0.5231,-0.1732,206.50,526.12,43.40
1.2256,3.2018,0.5305,-0.1893,205.31,528.92,43.26
1.2261,3.2023,0.5363,-0.2084,204.54,530.46,41.23
1.2267,3.1993,0.5436,-0.2235,203.28,532.70,41.09
1.2273,3.1964,0.5480,-0.2396,202.09,534.38,39.27
1.2285,3.1969,0.5534,-0.2562,201.25,536.34,39.34
1.2297,3.1949,0.5617,-0.2767,200.06,537.95,36.82
1.2308,3.1881,0.5695,-0.2972,199.15,539.70,37.17
1.2320,3.1866,0.5783,-0.3143,197.68,541.73,35.21
1.2331,3.1852,0.5861,-0.3274,196.70,543.34,35.14
1.2343,3.1803,0.5910,-0.3445,195.02,545.79,33.88
1.2355,3.1769,0.6002,-0.3616,194.39,546.70,33.39
1.2366,3.1740,0.6080,-0.3831,192.71,548.73,32.41
1.2378,3.1740,0.6110,-0.4060,192.15,549.85,31.57
1.2389,3.1730,0.6188,-0.4202,189.77,552.02,31.43
1.2401,3.1710,0.6315,-0.4324,189.77,552.93,30.03
1.2413,3.1700,0.6442,-0.4455,187.74,555.03,30.17
1.2424,3.1681,0.6495,-0.4670,186.83,556.15,28.77
1.2436,3.1627,0.6510,-0.4914,185.29,558.18,29.47
1.2447,3.1544,0.6559,-0.5104,184.17,559.09,27.51
1.2459,3.1525,0.6598,-0.5246,183.12,560.56,28.21
1.2471,3.1539,0.6671,-0.5427,181.30,561.89,26.60
1.2482,3.1520,0.6725,-0.5622,180.67,563.50,27.51
1.2494,3.1471,0.6783,-0.5812,178.78,564.55,26.25
1.2505,3.1422,0.6930,-0.5978,178.01,565.60,26.88
1.2506,3.1339,0.7013,-0.6149,176.05,567.49,26.04
1.2506,3.1300,0.7027,-0.6354,175.49,567.77,25.97
1.2507,3.1300,0.7120,-0.6554,173.46,569.45,26.11
1.2507,3.1271,0.7232,-0.6720,172.62,569.73,25.48
1.2507,3.1232,0.7310,-0.6871,170.87,571.83,26.04
1.2508,3.1198,0.7388,-0.7096,170.03,572.25,25.27
1.2508,3.1149,0.7471,-0.7252,168.49,573.65,26.18
1.2508,3.1110,0.7574,-0.7393,167.02,574.35,25.20
1.2509,3.1100,0.7637,-0.7598,166.25,575.12,26.46
1.2509,3.1051,0.7696,-0.7779,164.29,575.75,25.90
1.2509,3.0964,0.7774,-0.8062,163.59,576.52,26.39
1.2510,3.0886,0.7896,-0.8247,160.86,578.27,27.23
1.2510,3.0837,0.7998,-0.8447,159.46,579.11,26.60
1.2511,3.0793,0.8037,-0.8579,158.41,579.46,27.37
1.2511,3.0778,0.8081,-0.8721,156.59,580.37,27.09
1.2511,3.0724,0.8154,-0.8852,156.10,580.09,27.72
1.2512,3.0681,0.8218,-0.9004,154.28,581.56,28.07
1.2512,3.0637,0.8296,-0.9165,153.23,581.00,27.86
1.2512,3.0598,0.8355,-0.9301,151.62,582.19,28.91
1.2513,3.0578,0.8408,-0.9487,150.71,582.05,28.28
1.2517,3.0549,0.8467,-0.9658,149.24,583.17,29.61
1.2522,3.0520,0.8501,-0.9804,147.77,582.47,28.77
1.2526,3.0446,0.8530,-0.9931,146.93,583.66,30.38
1.2531,3.0417,0.8520,-1.0028,145.18,582.89,28.98
1.2535,3.0437,0.8564,-1.0141,144.20,583.73,31.15
1.2539,3.0402,0.8667,-1.0297,142.38,583.24,29.54
1.2544,3.0329,0.8725,-1.0458,141.68,583.73,31.57
1.2548,3.0251,0.8779,-1.0609,139.65,583.45,29.89
1.2553,3.0227,0.8828,-1.0751,138.74,583.52,31.78
1.2557,3.0173,0.8901,-1.0897,136.99,583.17,30.80
1.2562,3.0090,0.8955,-1.0995,136.36,583.24,32.41
1.2566,3.0032,0.9004,-1.1253,134.40,583.66,31.36
1.2570,2.9939,0.9043,-1.1253,133.98,582.96,32.83
1.2575,2.9875,0.9067,-1.1356,131.53,582.89,31.85
1.2579,2.9851,0.9126,-1.1517,130.90,582.40,32.55
1.2584,2.9797,0.9257,-1.1634,129.08,582.33,32.76
1.2588,2.9709,0.9340,-1.1756,127.96,581.28,32.41
1.2593,2.9612,0.9384,-1.1883,126.70,581.49,33.32
1.2597,2.9563,0.9453,-1.1995,125.09,580.79,32.97
1.2601,2.9480,0.9472,-1.2107,124.11,580.30,33.46
1.2618,2.9392,0.9487,-1.2244,122.50,580.02,32.90
1.2634,2.9319,0.9531,-1.2395,121.59,579.25,34.23
1.2651,2.9212,0.9584,-1.2498,119.70,578.97,33.32
1.2667,2.9158,0.9677,-1.2610,118.65,578.48,34.51
1.2684,2.9080,0.9721,-1.2732,117.04,577.29,33.18
1.2700,2.8973,0.9711,-1.2883,115.99,577.08,34.72
1.2717,2.8904,0.9740,-1.3030,114.17,576.03,33.88
1.2733,2.8777,0.9740,-1.3259,113.61,575.26,35.07
1.2750,2.8558,0.9740,-1.3400,111.51,574.56,34.23
1.2766,2.8446,0.9750,-1.3518,108.71,573.51,34.37
1.2783,2.8348,0.9750,-1.3644,108.01,571.69,35.07
1.2799,2.8231,0.9697,-1.3737,105.91,572.11,35.07
1.2816,2.8119,0.9687,-1.3898,105.00,569.94,35.07
1.2832,2.7997,0.9687,-1.4059,103.32,570.08,35.63
1.2849,2.7860,0.9643,-1.4108,102.13,568.26,35.21
1.2865,2.7728,0.9604,-1.4191,100.52,567.91,35.91
1.2882,2.7601,0.9565,-1.4313,99.05,566.37,35.35
1.2898,2.7513,0.9540,-1.4411,97.65,566.09,36.19
1.2914,2.7435,0.9487,-1.4557,95.83,564.13,35.42
1.2931,2.7299,0.9472,-1.4689,94.43,563.78,37.03
1.2932,2.7186,0.9477,-1.4752,93.10,562.17,35.63
1.2932,2.7064,0.9453,-1.4904,91.70,560.98,37.10
1.2933,2.6982,0.9423,-1.5011,90.23,560.28,36.47
1.2934,2.6884,0.9370,-1.5084,88.62,558.67,37.17
1.2934,2.6713,0.9316,-1.5187,87.22,557.83,36.96
1.2935,2.6591,0.9311,-1.5255,85.68,556.22,37.38
1.2935,2.6479,0.9335,-1.5333,84.28,555.52,37.73
1.2936,2.6352,0.9316,-1.5421,82.60,554.05,37.94
1.2937,2.6225,0.9267,-1.5514,81.13,553.07,38.99
1.2937,2.6079,0.9257,-1.5582,79.38,551.39,38.22
1.2938,2.5952,0.9243,-1.5665,78.12,550.06,39.69
1.2939,2.5849,0.9228,-1.5758,76.37,548.73,39.20
1.2939,2.5659,0.9189,-1.5831,74.90,547.40,40.32
1.2940,2.5464,0.9116,-1.5889,73.43,546.28,39.97
1.2941,2.5352,0.9057,-1.5953,72.03,544.39,41.02
1.2941,2.5244,0.8999,-1.6036,70.63,543.13,40.88
1.2942,2.5098,0.8935,-1.6114,68.95,541.66,42.07
1.2942,2.4937,0.8906,-1.6187,67.20,540.54,42.07
1.2943,2.4761,0.8901,-1.6275,65.87,538.72,42.91
1.2944,2.4615,0.8847,-1.6328,64.26,537.88,43.68
1.2944,2.4459,0.8745,-1.6392,62.86,535.50,43.54
1.2944,2.4302,0.8696,-1.6494,61.04,534.80,45.15
1.2945,2.4171,0.8638,-1.6577,59.99,532.98,45.15
1.2945,2.3995,0.8560,-1.6577,58.24,531.65,46.13
1.2945,2.3834,0.8486,-1.6582,56.77,529.83,46.34
1.2946,2.3688,0.8442,-1.6651,55.02,528.57,47.95
1.2946,2.3502,0.8364,-1.6724,53.55,527.10,47.53
1.2946,2.3331,0.8286,-1.6807,52.15,525.00,49.14
1.2947,2.3185,0.8242,-1.6841,50.26,523.88,48.86
1.2947,2.3048,0.8189,-1.6826,49.21,522.34,51.03
1.2947,2.2912,0.8154,-1.6870,47.25,520.45,50.19
1.2948,2.2712,0.8091,-1.6978,46.20,519.05,52.36
1.2948,2.2502,0.8047,-1.7007,44.24,517.23,51.87
1.2948,2.2316,0.8003,-1.7017,43.05,515.62,53.83
1.2948,2.2141,0.7940,-1.7060,41.30,513.87,53.76
1.2949,2.1950,0.7906,-1.7056,39.97,512.54,55.09
1.2949,2.1755,0.7901,-1.7085,38.36,510.65,55.58
1.2949,2.1565,0.7842,-1.7100,36.89,509.25,56.56
1.2950,2.1389,0.7793,-1.7080,35.42,507.36,57.68
1.2950,2.1223,0.7759,-1.7085,33.88,505.54,58.24
1.2956,2.1047,0.7735,-1.7134,32.83,503.93,59.64
1.2961,2.0852,0.7706,-1.7192,30.87,502.11,60.06
1.2967,2.0638,0.7686,-1.7212,29.96,500.71,61.95
1.2973,2.0496,0.7686,-1.7187,28.35,498.96,61.74
1.2978,2.0320,0.7657,-1.7182,27.30,497.21,64.12
1.2984,2.0150,0.7652,-1.7236,25.55,495.39,63.98
1.2989,1.9984,0.7647,-1.7246,24.64,493.50,66.57
1.2995,1.9754,0.7598,-1.7309,22.96,492.52,66.57
1.3001,1.9608,0.7540,-1.7309,22.40,490.56,69.02
1.3006,1.9442,0.7549,-1.7280,20.58,488.67,69.09
1.3012,1.9242,0.7598,-1.7280,19.25,487.20,71.12
1.3017,1.9061,0.7588,-1.7304,18.34,484.89,71.54
1.3023,1.8871,0.7588,-1.7309,16.87,483.49,73.36
1.3029,1.8671,0.7603,-1.7319,15.82,481.53,74.20
1.3034,1.8490,0.7593,-1.7353,14.56,479.92,75.60
1.3040,1.8320,0.7564,-1.7363,13.72,477.82,77.49
1.3046,1.8124,0.7593,-1.7373,12.18,476.56,78.33
1.3051,1.7934,0.7637,-1.7363,11.62,474.32,80.08
1.3057,1.7763,0.7632,-1.7387,10.22,472.85,80.92
1.3062,1.7602,0.7662,-1.7422,9.45,470.89,83.37
1.3074,1.7363,0.7710,-1.7426,8.33,469.42,83.65
1.3086,1.7139,0.7725,-1.7412,7.77,467.18,86.52
1.3097,1.6978,0.7701,-1.7412,6.58,466.20,86.87
1.3109,1.6782,0.7745,-1.7485,5.60,463.75,89.53
1.3121,1.6563,0.7813,-1.7500,4.83,462.00,89.67
1.3132,1.6377,0.7823,-1.7505,3.78,460.25,91.91
1.3144,1.6192,0.7862,-1.7505,2.94,458.99,93.03
1.3156,1.5953,0.7906,-1.7470,2.45,456.54,94.64
1.3167,1.5733,0.7915,-1.7470,1.26,455.49,96.11
1.3179,1.5509,0.7964,-1.7500,0.91,453.11,97.58
1.3191,1.5274,0.8032,-1.7524,0.00,451.85,99.12
1.3202,1.5065,0.8067,-1.7534,-0.49,449.96,100.31
1.3214,1.4811,0.8101,-1.7553,-1.54,448.49,102.06
1.3226,1.4572,0.8154,-1.7573,-1.68,446.32,103.11
1.3237,1.4362,0.8208,-1.7568,-2.73,444.92,105.28
1.3249,1.4123,0.8218,-1.7607,-3.15,443.10,105.49
1.3261,1.3879,0.8242,-1.7636,-3.71,441.21,107.73
1.3272,1.3654,0.8286,-1.7646,-4.34,440.02,108.22
1.3284,1.3435,0.8325,-1.7661,-4.69,437.78,110.53
1.3296,1.3205,0.8364,-1.7685,-5.46,436.45,110.81
1.3301,1.2995,0.8389,-1.7753,-5.46,434.42,112.98
1.3305,1.2742,0.8413,-1.7783,-6.51,432.88,113.26
1.3310,1.2473,0.8447,-1.7802,-6.37,431.27,115.22
1.3315,1.2239,0.8486,-1.7832,-7.42,430.08,115.64
1.3320,1.2000,0.8520,-1.7866,-7.63,427.56,117.39
1.3325,1.1790,0.8555,-1.7905,-8.05,426.79,118.23
1.3330,1.1570,0.8589,-1.7934,-8.47,424.48,119.07
1.3335,1.1341,0.8642,-1.8007,-9.24,423.36,120.40
1.3340,1.1146,0.8672,-1.8061,-8.96,421.33,121.38
1.3345,1.0936,0.8711,-1.8071,-9.38,420.00,122.50
1.3349,1.0731,0.8779,-1.8090,-10.01,418.25,122.85
1.3354,1.0541,0.8823,-1.8119,-10.01,416.50,124.25
1.3359,1.0350,0.8818,-1.8183,-11.13,414.96,124.46
1.3364,1.0194,0.8823,-1.8217,-10.64,413.28,125.86
1.3369,0.9975,0.8901,-1.8256,-11.34,412.30,126.63
1.3374,0.9755,0.8930,-1.8295,-11.13,409.85,127.40
1.3379,0.9589,0.8960,-1.8359,-11.69,408.94,127.68
1.3384,0.9423,0.9008,-1.8412,-11.83,406.63,129.29
1.3389,0.9267,0.9033,-1.8466,-12.32,405.51,128.94
1.3393,0.9091,0.9072,-1.8554,-12.46,403.41,130.20
1.3394,0.8911,0.9155,-1.8573,-12.67,402.29,130.34
1.3394,0.8725,0.9218,-1.8593,-12.81,400.33,131.53
1.3395,0.8530,0.9262,-1.8656,-12.88,398.86,131.39
1.3395,0.8359,0.9301,-1.8734,-13.30,397.25,132.58
1.3395,0.8203,0.9345,-1.8798,-13.65,395.57,132.65
1.3396,0.8032,0.9394,-1.8842,-13.58,393.47,133.07
1.3396,0.7896,0.9457,-1.8900,-13.44,391.86,133.56
1.3396,0.7730,0.9531,-1.8964,-14.14,390.11,133.70
1.3397,0.7535,0.9575,-1.9052,-14.07,389.06,134.68
1.3397,0.7369,0.9623,-1.9100,-13.86,386.82,134.61
1.3397,0.7198,0.9687,-1.9154,-14.28,385.84,135.24
1.3398,0.7052,0.9726,-1.9217,-13.86,383.53,134.89
1.3398,0.6871,0.9814,-1.9247,-14.28,381.99,135.87
1.3399,0.6656,0.9911,-1.9291,-14.21,380.38,135.24
1.3399,0.6495,0.9950,-1.9364,-14.49,378.84,136.71
1.3399,0.6334,0.9970,-1.9452,-14.21,376.95,135.24
1.3400,0.6154,1.0024,-1.9525,-14.28,375.20,136.57
1.3400,0.5998,1.0087,-1.9608,-14.63,373.66,135.94
1.3400,0.5812,1.0141,-1.9671,-14.28,371.56,136.22
1.3401,0.5636,1.0170,-1.9759,-14.70,370.30,135.31
1.3406,0.5500,1.0214,-1.9837,-14.35,368.13,135.80
1.3412,0.5344,1.0277,-1.9896,-14.63,366.59,135.24
1.3417,0.5163,1.0326,-2.0018,-14.21,364.42,135.17
1.3423,0.4992,1.0380,-2.0120,-14.70,363.37,134.75
1.3428,0.4841,1.0424,-2.0203,-14.63,360.99,134.19
1.3434,0.4641,1.0492,-2.0257,-14.77,360.01,134.33
1.3439,0.4460,1.0516,-2.0306,-14.63,357.98,132.86
1.3445,0.4304,1.0541,-2.0389,-14.70,356.44,132.86
1.3450,0.4138,1.0619,-2.0486,-14.91,354.34,131.60
1.3456,0.3963,1.0673,-2.0569,-14.70,352.73,131.46
1.3461,0.3772,1.0653,-2.0642,-15.05,350.63,129.92
1.3467,0.3626,1.0648,-2.0720,-14.35,349.09,129.85
1.3472,0.3475,1.0687,-2.0760,-15.19,347.20,127.89
1.3478,0.3270,1.0721,-2.0852,-14.63,345.80,127.75
1.3483,0.3089,1.0731,-2.0925,-15.26,343.42,126.00
1.3489,0.2957,1.0765,-2.0989,-14.49,342.23,125.72
1.3495,0.2821,1.0809,-2.1072,-14.98,340.41,123.48
1.3500,0.2650,1.0853,-2.1135,-14.77,338.80,123.13
1.3506,0.2503,1.0902,-2.1194,-15.12,336.84,121.10
1.3511,0.2381,1.0887,-2.1223,-14.98,334.88,120.12
1.3532,0.2220,1.0902,-2.1252,-15.40,333.62,118.65
1.3552,0.2079,1.0965,-2.1360,-14.91,330.75,116.83
1.3573,0.1796,1.1043,-2.1413,-14.77,327.53,113.96
1.3593,0.1654,1.1082,-2.1457,-15.40,325.50,112.28
1.3614,0.1518,1.1131,-2.1443,-15.05,324.45,111.16
1.3634,0.1352,1.1175,-2.1452,-15.12,322.14,109.41
1.3655,0.1171,1.1200,-2.1506,-15.05,321.16,107.87
1.3675,0.1059,1.1209,-2.1521,-15.19,318.57,105.98
1.3696,0.0898,1.1234,-2.1531,-15.19,316.75,104.30
1.3716,0.0722,1.1268,-2.1540,-15.05,315.07,102.76
1.3737,0.0600,1.1312,-2.1560,-15.26,313.04,100.87
1.3757,0.0532,1.1385,-2.1579,-14.70,311.43,99.61
1.3778,0.0395,1.1453,-2.1574,-15.12,309.54,97.37
1.3798,0.0268,1.1478,-2.1599,-14.70,307.79,96.11
1.3819,0.0171,1.1527,-2.1623,-14.77,305.55,93.94
1.3839,0.0034,1.1595,-2.1609,-14.63,304.08,92.75
1.3859,-0.0029,1.1717,-2.1657,-14.70,301.70,90.65
1.3880,-0.0088,1.1780,-2.1667,-14.28,299.95,89.74
1.3900,-0.0181,1.1824,-2.1657,-14.49,297.78,87.36
1.3921,-0.0283,1.1927,-2.1677,-14.07,296.31,86.03
1.3921,-0.0390,1.2024,-2.1692,-14.14,294.63,84.56
1.3922,-0.0566,1.2200,-2.1740,-13.58,290.01,81.34
1.3922,-0.0644,1.2259,-2.1775,-13.58,288.40,79.73
1.3922,-0.0722,1.2278,-2.1760,-13.09,286.65,78.61
1.3923,-0.0805,1.2346,-2.1794,-12.88,284.20,76.58
1.3923,-0.0883,1.2424,-2.1828,-12.46,282.38,75.67
1.3923,-0.0981,1.2503,-2.1823,-12.39,280.00,73.50
1.3924,-0.1069,1.2600,-2.1838,-11.76,278.18,73.01
1.3924,-0.1205,1.2708,-2.1858,-11.90,276.22,71.05
1.3924,-0.1327,1.2776,-2.1906,-11.13,274.12,70.35
1.3924,-0.1391,1.2786,-2.1945,-10.78,271.46,68.32
1.3925,-0.1444,1.2830,-2.1970,-10.50,270.27,68.32
1.3925,-0.1532,1.2878,-2.2023,-9.80,267.54,65.73
1.3925,-0.1615,1.2878,-2.2155,-9.59,265.79,65.52
1.3926,-0.1693,1.2903,-2.2253,-9.45,263.41,63.98
1.3926,-0.1796,1.2937,-2.2228,-8.75,261.31,63.00
1.3926,-0.1889,1.2971,-2.2258,-8.47,259.42,61.67
1.3927,-0.1986,1.3034,-2.2341,-7.84,256.90,60.13
1.3927,-0.2113,1.3059,-2.2438,-7.42,255.64,60.48
1.3927,-0.2313,1.3059,-2.2477,-6.37,250.74,58.24
1.3930,-0.2416,1.3117,-2.2516,-6.16,248.43,55.79
1.3932,-0.2508,1.3113,-2.2580,-5.53,246.68,56.63
1.3935,-0.2621,1.3059,-2.2633,-5.25,244.02,53.83
1.3937,-0.2713,1.3034,-2.2633,-4.62,242.69,54.74
1.3939,-0.2767,1.3025,-2.2648,-4.55,239.75,51.87
1.3942,-0.2816,1.2981,-2.2707,-3.78,238.00,52.78
1.3944,-0.2894,1.2966,-2.2760,-3.78,235.13,49.77
1.3947,-0.2977,1.2937,-2.2770,-3.22,233.45,50.68
1.3949,-0.2991,1.2859,-2.2746,-3.01,230.51,47.60
1.3951,-0.3055,1.2815,-2.2741,-2.52,228.83,48.51
1.3954,-0.3133,1.2800,-2.2785,-2.66,226.10,45.99
1.3956,-0.3182,1.2732,-2.2824,-1.54,223.79,45.85
1.3959,-0.3221,1.2673,-2.2838,-1.96,221.62,44.24
1.3961,-0.3289,1.2649,-2.2877,-0.91,219.24,43.19
1.3963,-0.3318,1.2600,-2.2873,-1.33,216.72,42.56
1.3966,-0.3348,1.2566,-2.2780,-0.56,214.20,40.60
1.3968,-0.3455,1.2493,-2.2794,-0.42,209.51,38.29
1.3970,-0.3455,1.2429,-2.2790,-0.70,207.20,38.22
1.3973,-0.3440,1.2395,-2.2755,-0.07,204.33,35.91
1.3975,-0.3523,1.2371,-2.2760,-0.35,201.74,35.49
1.3980,-0.3553,1.2337,-2.2726,-0.14,199.15,33.46
1.3986,-0.3479,1.2322,-2.2726,0.00,196.56,33.46
1.3991,-0.3504,1.2273,-2.2707,-0.14,194.18,31.50
1.3996,-0.3577,1.2176,-2.2716,0.28,191.10,30.45
1.4001,-0.3528,1.2102,-2.2692,0.07,188.86,29.19
1.4007,-0.3475,1.2107,-2.2648,0.28,186.13,28.07
1.4012,-0.3528,1.2117,-2.2643,-0.07,183.82,27.16
1.4017,-0.3475,1.2078,-2.2624,0.56,180.11,25.69
1.4022,-0.3431,1.2044,-2.2580,-0.35,178.15,24.71
1.4027,-0.3455,1.2029,-2.2546,0.28,174.58,23.45
1.4033,-0.3426,1.2054,-2.2560,-0.28,172.34,22.96
1.4038,-0.3436,1.2034,-2.2575,0.28,168.91,21.21
1.4043,-0.3445,1.1980,-2.2585,-0.56,166.67,20.93
1.4048,-0.3426,1.1951,-2.2585,-0.07,163.31,19.32
1.4053,-0.3377,1.1936,-2.2526,-0.49,160.30,18.41
1.4059,-0.3289,1.1839,-2.2526,-0.56,154.70,16.66
1.4064,-0.3265,1.1834,-2.2507,-0.98,151.41,15.61
1.4069,-0.3279,1.1775,-2.2477,-0.42,148.68,15.26
1.4074,-0.3260,1.1736,-2.2463,-1.40,145.53,13.93
1.4080,-0.3245,1.1712,-2.2453,-1.05,142.59,13.79
1.4085,-0.3274,1.1692,-2.2443,-1.61,139.23,12.32
1.4091,-0.3265,1.1692,-2.2428,-1.33,136.36,12.46
1.4097,-0.3221,1.1658,-2.2438,-2.17,133.21,10.85
1.4103,-0.3231,1.1614,-2.2404,-1.82,129.85,10.78
1.4109,-0.3216,1.1536,-2.2350,-2.45,126.98,9.80
1.4115,-0.3187,1.1497,-2.2346,-2.52,123.34,9.45
1.4121,-0.3177,1.1497,-2.2375,-2.52,120.75,8.68
1.4127,-0.3152,1.1478,-2.2370,-3.01,117.11,7.98
1.4133,-0.3162,1.1434,-2.2306,-3.01,114.31,7.70
1.4139,-0.3177,1.1370,-2.2292,-3.71,110.46,6.72
1.4145,-0.3216,1.1336,-2.2311,-3.71,107.94,6.65
1.4151,-0.3226,1.1336,-2.2277,-3.85,104.16,5.53
1.4157,-0.3211,1.1356,-2.2228,-4.34,101.71,5.60
1.4163,-0.3201,1.1346,-2.2214,-4.48,97.65,4.76
1.4168,-0.3201,1.1307,-2.2180,-5.11,95.13,4.97
1.4174,-0.3245,1.1283,-2.2121,-5.18,91.14,3.99
1.4180,-0.3235,1.1244,-2.2062,-5.46,88.41,4.13
1.4186,-0.3216,1.1253,-2.2033,-5.74,84.56,3.57
1.4192,-0.3245,1.1278,-2.2023,-5.81,81.48,3.43
1.4198,-0.3274,1.1273,-2.1984,-6.72,78.33,3.15
1.4204,-0.3231,1.1268,-2.1921,-6.58,74.69,2.73
1.4209,-0.3196,1.1268,-2.1843,-7.28,71.68,2.66
1.4215,-0.3196,1.1278,-2.1765,-7.00,68.25,2.10
1.4221,-0.3182,1.1268,-2.1740,-7.77,65.17,2.52
1.4226,-0.3177,1.1239,-2.1740,-7.70,61.46,1.47
1.4232,-0.3167,1.1248,-2.1701,-8.40,58.59,2.24
1.4237,-0.3162,1.1297,-2.1609,-8.61,54.81,1.47
1.4243,-0.3157,1.1341,-2.1531,-8.54,51.59,1.89
1.4249,-0.3118,1.1356,-2.1506,-9.45,48.44,1.54
1.4254,-0.3133,1.1356,-2.1462,-9.31,44.66,2.03
1.4260,-0.3128,1.1356,-2.1350,-9.73,41.79,1.47
1.4265,-0.3089,1.1375,-2.1228,-9.94,38.08,1.68
1.4271,-0.3104,1.1370,-2.1213,-10.43,35.21,1.89
1.4277,-0.3128,1.1409,-2.1208,-10.50,31.57,2.10
1.4282,-0.3172,1.1473,-2.1101,-11.13,28.84,1.82
1.4288,-0.3148,1.1483,-2.1004,-10.78,24.64,2.31
1.4293,-0.3133,1.1522,-2.0989,-11.69,21.77,2.10
1.4299,-0.3162,1.1566,-2.0969,-11.41,18.06,2.52
1.4305,-0.3143,1.1595,-2.0891,-12.18,15.68,2.52
1.4310,-0.3138,1.1619,-2.0818,-11.97,11.62,2.80
1.4320,-0.3182,1.1653,-2.0808,-12.46,8.82,3.01
1.4330,-0.3196,1.1663,-2.0774,-12.88,4.90,2.59
1.4340,-0.3187,1.1673,-2.0667,-13.09,2.24,3.99
1.4350,-0.3211,1.1722,-2.0579,-13.51,-1.40,2.94
1.4360,-0.3274,1.1722,-2.0559,-13.51,-3.92,4.69
1.4370,-0.3314,1.1736,-2.0511,-14.14,-7.77,3.57
1.4380,-0.3333,1.1775,-2.0428,-13.58,-10.71,4.97
1.4390,-0.3362,1.1819,-2.0403,-14.84,-13.93,4.27
1.4400,-0.3377,1.1844,-2.0354,-14.35,-17.22,5.53
1.4410,-0.3426,1.1873,-2.0296,-15.12,-20.16,5.04
1.4420,-0.3460,1.1980,-2.0125,-14.63,-23.17,6.23
1.4430,-0.3509,1.2034,-2.0125,-15.75,-26.39,5.95
1.4440,-0.3572,1.2039,-2.0071,-15.33,-29.26,7.63
1.4450,-0.3558,1.2063,-2.0062,-16.10,-31.85,7.21
1.4460,-0.3587,1.2054,-2.0028,-15.82,-35.63,8.26
1.4470,-0.3616,1.2078,-1.9920,-16.45,-38.08,8.05
1.4479,-0.3640,1.2171,-1.9827,-16.52,-41.37,8.68
1.4489,-0.3704,1.2234,-1.9793,-16.52,-43.47,9.24
1.4499,-0.3723,1.2263,-1.9754,-16.94,-47.74,9.66
1.4509,-0.3743,1.2312,-1.9652,-17.15,-49.63,10.50
1.4510,-0.3758,1.2366,-1.9500,-17.43,-53.34,10.50
1.4511,-0.3748,1.2420,-1.9403,-17.64,-55.16,11.69
1.4511,-0.3748,1.2449,-1.9374,-17.50,-58.94,11.41
1.4512,-0.3738,1.2488,-1.9315,-18.13,-61.04,12.67
1.4513,-0.3733,1.2571,-1.9247,-18.34,-64.19,12.11
1.4513,-0.3758,1.2605,-1.9120,-18.13,-66.64,13.65
1.4514,-0.3772,1.2649,-1.9027,-18.62,-69.65,13.30
1.4515,-0.3743,1.2727,-1.9003,-18.62,-72.66,14.63
1.4516,-0.3719,1.2795,-1.8905,-19.25,-75.25,14.07
1.4516,-0.3758,1.2898,-1.8700,-19.04,-77.84,15.75
1.4517,-0.3777,1.2961,-1.8651,-19.74,-83.30,16.38
1.4518,-0.3714,1.3005,-1.8593,-20.02,-86.10,15.82
1.4518,-0.3650,1.3049,-1.8515,-19.67,-88.34,17.01
1.4519,-0.3675,1.3147,-1.8354,-20.65,-91.63,16.38
1.4520,-0.3650,1.3235,-1.8271,-20.86,-96.67,17.57
1.4520,-0.3640,1.3274,-1.8207,-21.21,-99.12,18.06
1.4521,-0.3616,1.3322,-1.8134,-21.21,-101.71,18.34
1.4522,-0.3592,1.3376,-1.8032,-21.56,-104.44,18.06
1.4522,-0.3577,1.3430,-1.7958,-21.84,-107.03,19.04
1.4523,-0.3582,1.3488,-1.7866,-22.26,-109.90,18.62
1.4530,-0.3572,1.3566,-1.7783,-22.26,-112.00,19.32
1.4537,-0.3518,1.3635,-1.7749,-22.61,-114.66,19.32
1.4544,-0.3479,1.3718,-1.7646,-22.47,-117.25,19.74
1.4551,-0.3450,1.3786,-1.7519,-23.10,-119.70,19.53
1.4558,-0.3411,1.3835,-1.7480,-23.03,-122.08,20.37
1.4565,-0.3377,1.3923,-1.7422,-23.52,-124.53,20.09
1.4572,-0.3382,1.3996,-1.7339,-23.80,-127.12,20.37
1.4579,-0.3382,1.4025,-1.7270,-23.66,-129.64,20.37
1.4586,-0.3289,1.4089,-1.7207,-24.29,-132.51,20.37
1.4594,-0.3216,1.4162,-1.7119,-24.36,-134.19,20.65
1.4601,-0.3221,1.4254,-1.7036,-24.78,-137.55,20.51
1.4608,-0.3216,1.4372,-1.6997,-24.36,-139.02,21.28
1.4615,-0.3201,1.4455,-1.6973,-25.06,-142.10,20.16
1.4622,-0.3196,1.4528,-1.6899,-24.78,-143.71,21.70
1.4629,-0.3143,1.4567,-1.6831,-25.69,-146.65,20.16
1.4636,-0.3104,1.4611,-1.6782,-25.48,-148.68,20.93
1.4643,-0.3162,1.4699,-1.6729,-26.11,-151.48,20.02
1.4650,-0.3133,1.4777,-1.6670,-26.04,-152.81,20.93
1.4657,-0.3030,1.4796,-1.6616,-26.32,-156.03,19.67
1.4664,-0.2967,1.4864,-1.6572,-26.67,-157.50,20.65
1.4682,-0.2904,1.4943,-1.6514,-26.53,-160.37,19.32
1.4700,-0.2904,1.4977,-1.6441,-27.02,-162.75,19.60
1.4718,-0.2923,1.5030,-1.6358,-27.23,-164.29,19.25
1.4736,-0.2865,1.5099,-1.6309,-27.72,-167.30,19.04
1.4754,-0.2816,1.5162,-1.6260,-27.72,-168.98,18.55
1.4772,-0.2772,1.5191,-1.6177,-28.49,-171.64,17.92
1.4789,-0.2747,1.5191,-1.6114,-28.00,-173.25,18.20
1.4807,-0.2704,1.5216,-1.6075,-28.42,-175.98,17.01
1.4825,-0.2655,1.5294,-1.6016,-28.98,-177.45,17.29
1.4843,-0.2596,1.5323,-1.5977,-29.12,-179.69,15.96
1.4861,-0.2518,1.5318,-1.5919,-29.19,-182.07,16.10
1.4879,-0.2469,1.5362,-1.5875,-29.89,-184.24,15.26
1.4897,-0.2440,1.5401,-1.5826,-29.75,-186.48,15.05
1.4915,-0.2401,1.5445,-1.5733,-30.59,-188.30,13.86
1.4933,-0.2342,1.5504,-1.5699,-30.52,-190.33,13.65
1.4951,-0.2294,1.5548,-1.5636,-31.29,-192.22,12.39
1.4969,-0.2250,1.5582,-1.5572,-31.22,-194.88,12.18
1.4987,-0.2235,1.5616,-1.5528,-31.57,-195.93,11.48
1.5005,-0.2230,1.5689,-1.5440,-31.99,-199.01,10.50
1.5023,-0.2211,1.5723,-1.5396,-32.13,-200.34,10.22
1.5023,-0.2176,1.5709,-1.5284,-32.90,-202.65,8.89
1.5024,-0.2113,1.5753,-1.5284,-32.62,-203.91,8.47
1.5024,-0.2069,1.5836,-1.5265,-33.39,-206.08,7.49
1.5025,-0.2025,1.5875,-1.5235,-33.53,-207.13,6.93
1.5025,-0.1962,1.5933,-1.5143,-34.23,-210.21,5.32
1.5026,-0.1962,1.6021,-1.5040,-33.95,-211.19,5.11
1.5026,-0.1952,1.6060,-1.5011,-34.72,-213.36,3.64
1.5027,-0.1913,1.6104,-1.4947,-34.79,-215.04,3.29
1.5027,-0.1893,1.6192,-1.4860,-35.42,-216.72,1.61
1.5028,-0.1874,1.6226,-1.4791,-35.84,-218.54,1.40
1.5028,-0.1874,1.6246,-1.4742,-36.26,-220.15,-0.42
1.5029,-0.1854,1.6309,-1.4708,-36.05,-222.04,-0.98
1.5030,-0.1830,1.6387,-1.4660,-36.96,-223.51,-2.73
1.5030,-0.1810,1.6450,-1.4620,-36.96,-225.26,-3.08
1.5031,-0.1762,1.6485,-1.4567,-37.17,-226.59,-5.11
1.5031,-0.1723,1.6572,-1.4489,-38.08,-228.34,-5.25
1.5032,-0.1654,1.6626,-1.4435,-37.66,-229.81,-7.42
1.5032,-0.1615,1.6616,-1.4376,-38.22,-231.63,-8.40
1.5033,-0.1581,1.6646,-1.4342,-38.29,-232.40,-9.31
1.5033,-0.1508,1.6699,-1.4308,-38.57,-234.99,-11.48
1.5034,-0.1474,1.6748,-1.4230,-39.13,-235.48,-11.62
1.5034,-0.1435,1.6787,-1.4176,-39.13,-238.35,-14.42
1.5034,-0.1362,1.6807,-1.4113,-39.48,-238.42,-13.86
1.5035,-0.1283,1.6821,-1.4040,-39.83,-241.22,-17.08
1.5035,-0.1127,1.6851,-1.3971,-39.97,-241.36,-16.59
1.5036,-0.1078,1.6885,-1.3903,-40.11,-244.37,-19.46
1.5036,-0.1020,1.6968,-1.3849,-40.88,-246.47,-22.54
1.5036,-0.0961,1.7031,-1.3854,-40.46,-247.87,-22.47
1.5037,-0.0922,1.7075,-1.3810,-41.58,-249.55,-25.13
1.5037,-0.0844,1.7085,-1.3723,-41.09,-250.74,-25.41
1.5038,-0.0703,1.7090,-1.3703,-41.86,-252.14,-28.00
1.5038,-0.0605,1.7134,-1.3674,-41.51,-253.40,-28.14
1.5038,-0.0556,1.7178,-1.3625,-41.93,-254.87,-30.80
1.5039,-0.0493,1.7187,-1.3571,-41.72,-256.76,-31.50
1.5039,-0.0405,1.7178,-1.3508,-42.35,-257.32,-33.11
1.5040,-0.0332,1.7178,-1.3488,-42.00,-259.84,-34.65
1.5040,-0.0239,1.7236,-1.3444,-42.56,-259.91,-35.35
1.5040,-0.0107,1.7280,-1.3376,-42.49,-262.71,-37.94
1.5041,-0.0024,1.7275,-1.3347,-42.63,-262.85,-37.80
1.5041,0.0054,1.7304,-1.3332,-42.56,-264.81,-40.25
1.5044,0.0151,1.7358,-1.3308,-42.42,-265.79,-40.60
1.5047,0.0229,1.7368,-1.3283,-42.63,-267.89,-43.19
1.5050,0.0332,1.7387,-1.3244,-42.77,-268.52,-43.54
1.5053,0.0429,1.7436,-1.3181,-42.91,-270.34,-45.85
1.5055,0.0537,1.7470,-1.3142,-42.63,-271.32,-45.92
1.5058,0.0688,1.7456,-1.3122,-42.49,-273.98,-48.79
1.5061,0.0791,1.7436,-1.3098,-42.98,-275.94,-51.03
1.5064,0.0883,1.7431,-1.3030,-42.49,-276.57,-51.38
1.5067,0.1025,1.7470,-1.2991,-43.19,-278.25,-53.41
1.5070,0.1142,1.7451,-1.2976,-42.35,-279.58,-53.83
1.5072,0.1210,1.7446,-1.2932,-43.05,-281.05,-56.14
1.5075,0.1322,1.7480,-1.2937,-42.35,-282.45,-56.77
1.5078,0.1401,1.7461,-1.2908,-42.98,-283.29,-58.24
1.5081,0.1493,1.7397,-1.2849,-42.28,-285.04,-59.57
1.5084,0.1659,1.7392,-1.2805,-42.77,-286.44,-60.69
1.5087,0.1771,1.7412,-1.2751,-42.21,-287.70,-62.30
1.5089,0.1898,1.7358,-1.2708,-42.35,-288.82,-63.28
1.5092,0.2011,1.7348,-1.2693,-42.21,-290.43,-65.24
1.5095,0.2098,1.7353,-1.2673,-42.49,-291.41,-65.03
1.5098,0.2255,1.7324,-1.2620,-42.07,-293.30,-67.83
1.5109,0.2435,1.7280,-1.2590,-41.93,-294.21,-68.11
1.5121,0.2572,1.7226,-1.2537,-41.37,-297.01,-70.21
1.5132,0.2752,1.7222,-1.2493,-42.35,-298.83,-72.73
1.5143,0.2835,1.7192,-1.2468,-41.37,-299.88,-72.73
1.5155,0.2948,1.7158,-1.2439,-42.35,-301.56,-75.18
1.5166,0.3148,1.7153,-1.2420,-41.23,-302.68,-74.97
1.5177,0.3328,1.7100,-1.2395,-42.14,-304.08,-77.21
1.5188,0.3440,1.7012,-1.2390,-41.09,-305.41,-77.77
1.5200,0.3543,1.6987,-1.2405,-41.72,-306.95,-79.73
1.5211,0.3680,1.6963,-1.2371,-41.30,-308.00,-79.94
1.5222,0.3787,1.6904,-1.2342,-41.23,-309.75,-81.62
1.5234,0.3870,1.6831,-1.2298,-41.44,-310.94,-82.39
1.5245,0.4041,1.6782,-1.2234,-41.23,-312.27,-83.51
1.5256,0.4241,1.6729,-1.2215,-41.23,-314.16,-84.91
1.5268,0.4343,1.6646,-1.2259,-41.09,-315.00,-85.33
1.5279,0.4431,1.6563,-1.2244,-41.37,-316.61,-87.01
1.5290,0.4573,1.6553,-1.2156,-40.74,-317.94,-87.29
1.5301,0.4724,1.6499,-1.2176,-41.44,-319.69,-89.32
1.5313,0.4870,1.6397,-1.2176,-40.95,-320.04,-89.11
1.5324,0.5022,1.6314,-1.2146,-41.16,-322.21,-91.14
1.5331,0.5261,1.6172,-1.2102,-41.44,-325.43,-93.03
1.5338,0.5388,1.6050,-1.2049,-41.16,-326.27,-92.89
1.5345,0.5524,1.6016,-1.2054,-41.58,-327.88,-94.64
1.5352,0.5627,1.5938,-1.2034,-41.23,-328.58,-94.43
1.5359,0.5758,1.5855,-1.2000,-41.51,-330.33,-96.11
1.5367,0.5915,1.5733,-1.1985,-41.51,-331.94,-96.18
1.5374,0.6061,1.5596,-1.1990,-41.65,-333.55,-97.79
1.5381,0.6202,1.5533,-1.1995,-41.93,-334.53,-98.14
1.5388,0.6364,1.5440,-1.1995,-41.93,-336.28,-99.19
1.5395,0.6500,1.5338,-1.1907,-41.93,-337.61,-99.61
1.5402,0.6642,1.5235,-1.1854,-42.21,-338.87,-100.31
1.5409,0.6812,1.5133,-1.1854,-42.77,-340.27,-101.01
1.5416,0.6934,1.5030,-1.1839,-42.49,-342.02,-101.64
1.5423,0.7096,1.4918,-1.1819,-42.84,-343.00,-102.34
1.5430,0.7257,1.4830,-1.1800,-42.98,-344.19,-102.55
1.5437,0.7388,1.4752,-1.1741,-43.05,-346.29,-104.02
1.5444,0.7520,1.4664,-1.1683,-43.26,-346.85,-103.18
1.5451,0.7618,1.4538,-1.1688,-43.75,-349.23,-105.21
1.5458,0.7740,1.4435,-1.1668,-43.89,-349.72,-104.44
1.5466,0.7935,1.4352,-1.1614,-44.38,-351.61,-105.84
1.5470,0.8096,1.4259,-1.1595,-44.24,-352.38,-105.28
1.5474,0.8184,1.4167,-1.1624,-44.94,-354.34,-106.40
1.5478,0.8325,1.4069,-1.1566,-44.94,-355.74,-106.47
1.5482,0.8447,1.3976,-1.1541,-45.29,-357.21,-107.17
1.5486,0.8569,1.3884,-1.1541,-45.78,-358.61,-107.17
1.5490,0.8672,1.3791,-1.1502,-45.92,-359.52,-107.94
1.5494,0.8784,1.3693,-1.1502,-46.55,-361.06,-107.59
1.5498,0.8940,1.3596,-1.1502,-46.76,-362.53,-108.36
1.5502,0.9043,1.3493,-1.1473,-47.46,-363.65,-108.64
1.5506,0.9170,1.3400,-1.1429,-47.46,-364.91,-108.71
1.5510,0.9301,1.3288,-1.1414,-48.02,-366.59,-109.34
1.5514,0.9448,1.3196,-1.1395,-48.51,-367.50,-108.99
1.5518,0.9560,1.3098,-1.1390,-48.72,-369.04,-109.97
1.5522,0.9638,1.3010,-1.1400,-49.21,-370.44,-109.62
1.5526,0.9780,1.2947,-1.1405,-49.77,-371.98,-110.46
1.5530,0.9911,1.2869,-1.1356,-50.75,-372.96,-110.25
1.5535,1.0067,1.2766,-1.1331,-50.75,-374.01,-111.09
1.5539,1.0214,1.2664,-1.1307,-51.31,-375.62,-110.67
1.5543,1.0448,1.2488,-1.1302,-52.64,-378.07,-110.74
1.5547,1.0565,1.2410,-1.1336,-52.71,-379.40,-112.21
1.5554,1.0673,1.2332,-1.1336,-53.27,-380.52,-111.51
1.5561,1.0795,1.2205,-1.1273,-53.90,-381.92,-112.49
1.5568,1.0936,1.2132,-1.1253,-54.53,-382.97,-111.86
1.5575,1.1058,1.2063,-1.1278,-54.95,-384.23,-112.84
1.5583,1.1185,1.1966,-1.1278,-55.72,-385.91,-112.35
1.5590,1.1341,1.1888,-1.1214,-56.21,-386.33,-112.56
1.5597,1.1468,1.1839,-1.1209,-56.70,-388.01,-112.84
1.5604,1.1556,1.1756,-1.1239,-57.12,-388.99,-112.77
1.5611,1.1697,1.1658,-1.1185,-58.03,-390.25,-113.26
1.5619,1.1810,1.1575,-1.1156,-58.38,-391.65,-113.19
1.5626,1.1912,1.1492,-1.1126,-59.22,-392.70,-113.54
1.5633,1.2063,1.1429,-1.1112,-59.57,-393.75,-113.26
1.5640,1.2205,1.1331,-1.1112,-60.41,-395.36,-114.31
1.5647,1.2322,1.1229,-1.1087,-60.83,-396.34,-113.61
1.5655,1.2410,1.1156,-1.1117,-61.60,-397.04,-114.10
1.5662,1.2546,1.1092,-1.1102,-61.60,-398.79,-113.68
1.5669,1.2688,1.0975,-1.1063,-62.79,-398.93,-114.17
1.5676,1.2810,1.0873,-1.1078,-63.28,-400.89,-113.75
1.5683,1.2917,1.0799,-1.1034,-64.19,-401.17,-114.31
1.5691,1.3034,1.0746,-1.0990,-64.33,-403.34,-113.33
1.5710,1.3166,1.0707,-1.0980,-65.24,-403.55,-114.73
1.5729,1.3264,1.0673,-1.0936,-65.59,-405.09,-113.40
1.5748,1.3357,1.0658,-1.0946,-66.50,-405.86,-114.38
1.5767,1.3459,1.0599,-1.0960,-66.99,-407.33,-113.82
1.5786,1.3581,1.0521,-1.0956,-67.69,-407.82,-113.75
1.5805,1.3703,1.0472,-1.0956,-68.18,-409.22,-114.03
1.5824,1.3791,1.0419,-1.0946,-68.74,-409.78,-113.40
1.5843,1.3888,1.0360,-1.0926,-69.51,-411.25,-113.82
1.5863,1.3991,1.0326,-1.0887,-69.86,-411.74,-113.40
1.5882,1.4093,1.0282,-1.0829,-70.63,-412.93,-113.89
1.5901,1.4181,1.0224,-1.0829,-70.77,-413.63,-112.84
1.5920,1.4254,1.0180,-1.0834,-71.96,-414.61,-113.75
1.5939,1.4337,1.0150,-1.0809,-72.03,-415.87,-112.70
1.5958,1.4445,1.0106,-1.0795,-73.01,-416.64,-113.19
1.5977,1.4542,1.0053,-1.0804,-73.01,-417.76,-112.42
1.5996,1.4630,0.9989,-1.0799,-73.78,-417.69,-112.56
1.6015,1.4762,0.9911,-1.0697,-74.20,-419.93,-112.21
1.6034,1.4938,0.9911,-1.0687,-74.83,-420.98,-111.44
1.6054,1.5045,0.9892,-1.0653,-76.09,-420.84,-111.16
1.6073,1.5182,0.9906,-1.0643,-76.16,-422.94,-111.09
1.6073,1.5250,0.9902,-1.0648,-76.86,-422.59,-110.46
1.6074,1.5328,0.9862,-1.0609,-77.21,-424.13,-110.81
1.6074,1.5411,0.9838,-1.0604,-77.84,-424.34,-109.48
1.6074,1.5518,0.9833,-1.0599,-78.19,-425.46,-110.25
1.6075,1.5655,0.9809,-1.0599,-78.68,-425.95,-108.85
1.6075,1.5704,0.9819,-1.0594,-79.03,-427.14,-109.76
1.6076,1.5782,0.9848,-1.0570,-79.38,-426.86,-107.87
1.6076,1.5894,0.9858,-1.0502,-80.01,-428.40,-109.13
1.6077,1.5948,0.9872,-1.0414,-79.80,-428.68,-107.17
1.6077,1.6016,0.9887,-1.0375,-80.85,-429.45,-107.87
1.6078,1.6089,0.9902,-1.0394,-80.36,-429.94,-106.54
1.6078,1.6167,0.9941,-1.0370,-81.83,-430.50,-107.24
1.6079,1.6236,0.9999,-1.0302,-81.06,-431.41,-105.91
1.6079,1.6285,1.0019,-1.0253,-82.39,-432.32,-106.75
1.6079,1.6382,1.0024,-1.0272,-81.55,-432.32,-104.58
1.6080,1.6470,1.0082,-1.0253,-82.95,-432.95,-105.56
1.6080,1.6548,1.0141,-1.0180,-82.11,-433.79,-104.51
1.6081,1.6616,1.0170,-1.0165,-83.02,-434.07,-104.86
1.6081,1.6670,1.0194,-1.0146,-82.95,-434.42,-104.09
1.6082,1.6777,1.0214,-1.0106,-83.23,-434.98,-104.02
1.6082,1.6875,1.0228,-1.0077,-83.30,-435.26,-103.32
1.6083,1.6929,1.0219,-1.0033,-83.51,-435.82,-103.18
1.6083,1.6997,1.0248,-0.9984,-83.72,-436.45,-103.39
1.6083,1.7046,1.0302,-0.9970,-83.86,-436.80,-102.83
1.6084,1.7104,1.0350,-0.9926,-84.00,-437.22,-102.97
1.6084,1.7231,1.0370,-0.9902,-83.79,-437.64,-102.48
1.6084,1.7339,1.0375,-0.9882,-84.63,-438.20,-102.76
1.6085,1.7378,1.0360,-0.9867,-83.79,-438.13,-102.27
1.6085,1.7466,1.0385,-0.9848,-85.05,-439.11,-103.18
1.6085,1.7573,1.0453,-0.9814,-83.79,-439.11,-101.92
1.6086,1.7636,1.0448,-0.9838,-84.98,-439.95,-103.39
1.6086,1.7714,1.0443,-0.9799,-84.28,-439.81,-102.34
1.6087,1.7768,1.0463,-0.9726,-85.26,-441.21,-103.67
1.6087,1.7851,1.0492,-0.9765,-84.35,-440.02,-102.62
1.6087,1.7924,1.0512,-0.9755,-85.26,-441.49,-103.81
1.6088,1.7988,1.0497,-0.9677,-84.28,-441.28,-103.39
1.6088,1.8046,1.0472,-0.9662,-85.05,-441.56,-104.51
1.6088,1.8134,1.0487,-0.9638,-84.63,-441.28,-104.30
1.6089,1.8261,1.0521,-0.9609,-85.05,-442.12,-105.14
1.6089,1.8295,1.0570,-0.9614,-84.84,-442.54,-105.49
1.6090,1.8344,1.0590,-0.9653,-84.56,-442.33,-105.98
1.6091,1.8393,1.0585,-0.9648,-84.84,-443.31,-107.24
1.6092,1.8427,1.0585,-0.9623,-84.49,-442.54,-107.03
1.6093,1.8490,1.0590,-0.9638,-85.19,-443.94,-108.78
1.6094,1.8534,1.0580,-0.9658,-84.35,-442.68,-108.71
1.6095,1.8564,1.0594,-0.9687,-84.91,-444.29,-110.46
1.6097,1.8637,1.0604,-0.9638,-84.14,-442.82,-110.32
1.6098,1.8700,1.0604,-0.9609,-84.63,-444.08,-112.00
1.6099,1.8729,1.0624,-0.9594,-83.79,-443.45,-112.35
1.6100,1.8754,1.0619,-0.9550,-84.70,-444.08,-113.61
1.6101,1.8768,1.0624,-0.9584,-83.72,-443.59,-114.10
1.6102,1.8808,1.0585,-0.9584,-84.49,-444.01,-115.99
1.6103,1.8832,1.0531,-0.9570,-83.72,-443.73,-115.78
1.6104,1.8832,1.0521,-0.9589,-84.07,-444.22,-118.30
1.6105,1.8871,1.0487,-0.9589,-83.44,-443.10,-117.67
1.6106,1.8930,1.0458,-0.9584,-83.44,-443.52,-119.98
1.6107,1.8959,1.0433,-0.9594,-83.09,-443.03,-119.56
1.6108,1.8964,1.0355,-0.9570,-83.51,-442.96,-121.80
1.6109,1.8973,1.0263,-0.9536,-83.02,-442.96,-122.08
1.6110,1.9042,1.0199,-0.9540,-83.09,-442.68,-122.99
1.6116,1.9091,1.0126,-0.9516,-82.60,-442.82,-123.97
1.6122,1.9125,1.0072,-0.9496,-82.39,-442.47,-124.88
1.6128,1.9208,1.0028,-0.9506,-82.81,-441.63,-125.44
1.6134,1.9227,0.9941,-0.9526,-82.04,-441.77,-126.35
1.6140,1.9252,0.9843,-0.9550,-82.39,-441.49,-127.47
1.6146,1.9320,0.9765,-0.9521,-81.76,-440.65,-127.89
1.6152,1.9354,0.9677,-0.9511,-82.04,-440.93,-129.15
1.6158,1.9359,0.9540,-0.9506,-81.48,-440.51,-129.43
1.6164,1.9418,0.9414,-0.9453,-81.97,-440.09,-130.55
1.6170,1.9515,0.9272,-0.9443,-81.55,-439.81,-130.62
1.6176,1.9574,0.9126,-0.9414,-81.62,-439.32,-132.16
1.6182,1.9642,0.9013,-0.9370,-80.92,-438.62,-131.88
1.6188,1.9740,0.8906,-0.9350,-81.76,-438.62,-133.49
1.6194,1.9808,0.8813,-0.9331,-81.48,-437.92,-133.56
1.6200,1.9866,0.8711,-0.9301,-81.41,-437.50,-134.33
1.6206,1.9935,0.8525,-0.9282,-81.27,-437.29,-134.68
1.6212,2.0032,0.8345,-0.9243,-81.48,-436.87,-135.80
1.6217,2.0130,0.8233,-0.9209,-81.55,-436.38,-136.01
1.6223,2.0179,0.8096,-0.9170,-81.90,-436.03,-136.71
1.6229,2.0257,0.7964,-0.9106,-81.48,-435.61,-137.34
1.6235,2.0350,0.7832,-0.9043,-81.97,-435.19,-137.76
1.6240,2.0413,0.7676,-0.8994,-81.55,-434.77,-138.25
1.6245,2.0467,0.7530,-0.8965,-82.04,-434.00,-138.46
1.6250,2.0520,0.7393,-0.8935,-82.11,-433.72,-139.58
1.6255,2.0633,0.7286,-0.8896,-82.25,-432.81,-139.09
1.6261,2.0725,0.7149,-0.8823,-82.67,-432.60,-140.14
1.6266,2.0833,0.7008,-0.8774,-82.67,-432.25,-140.00
1.6271,2.0955,0.6866,-0.8764,-83.02,-431.76,-141.40
1.6276,2.0960,0.6734,-0.8755,-83.23,-431.27,-140.91
1.6281,2.0979,0.6617,-0.8711,-83.65,-430.99,-142.10
1.6287,2.1106,0.6451,-0.8667,-83.79,-430.64,-142.10
1.6292,2.1218,0.6320,-0.8638,-84.00,-429.73,-142.66
1.6297,2.1301,0.6202,-0.8589,-84.21,-429.10,-142.45
1.6302,2.1413,0.6090,-0.8579,-84.70,-429.38,-143.29
1.6307,2.1516,0.5954,-0.8525,-84.91,-428.82,-143.50
1.6313,2.1550,0.5846,-0.8442,-85.33,-428.33,-143.85
1.6318,2.1623,0.5739,-0.8447,-85.68,-428.05,-144.34
1.6323,2.1721,0.5627,-0.8423,-86.03,-427.35,-144.41
1.6328,2.1804,0.5529,-0.8389,-86.52,-427.35,-144.83
1.6333,2.1877,0.5397,-0.8359,-87.08,-426.72,-144.69
1.6345,2.1950,0.5285,-0.8320,-86.87,-426.65,-145.11
1.6357,2.2067,0.5168,-0.8301,-87.85,-425.74,-145.32
1.6369,2.2170,0.5051,-0.8242,-87.92,-425.53,-145.18
1.6381,2.2248,0.4914,-0.8203,-88.34,-424.97,-145.74
1.6393,2.2311,0.4787,-0.8130,-88.83,-424.90,-145.39
1.6405,2.2399,0.4665,-0.8062,-89.32,-424.62,-145.74
1.6417,2.2526,0.4538,-0.8081,-89.74,-424.41,-145.11
1.6429,2.2609,0.4431,-0.8067,-90.09,-424.06,-145.39
1.6441,2.2712,0.4265,-0.8023,-90.58,-423.43,-145.25
1.6453,2.2834,0.4119,-0.7959,-91.35,-423.71,-145.39
1.6465,2.2921,0.4060,-0.7915,-91.35,-423.15,-144.97
1.6477,2.3014,0.3943,-0.7862,-91.63,-422.52,-144.55
1.6489,2.3117,0.3777,-0.7823,-92.54,-423.08,-145.18
1.6501,2.3219,0.3670,-0.7813,-92.89,-422.38,-144.41
1.6513,2.3346,0.3553,-0.7754,-93.38,-422.59,-144.48
1.6525,2.3444,0.3450,-0.7647,-93.80,-421.96,-143.92
1.6537,2.3546,0.3362,-0.7564,-94.36,-421.96,-144.27
1.6549,2.3702,0.3250,-0.7554,-94.43,-421.82,-142.73
1.6561,2.3829,0.3123,-0.7462,-95.48,-422.24,-143.85
1.6573,2.3927,0.2952,-0.7398,-95.55,-421.61,-142.17
1.6574,2.4029,0.2826,-0.7364,-96.53,-422.03,-143.43
1.6574,2.4127,0.2757,-0.7247,-96.46,-421.40,-141.68
1.6575,2.4229,0.2679,-0.7154,-97.65,-421.68,-141.68
1.6576,2.4312,0.2596,-0.7120,-97.37,-421.82,-141.12
1.6576,2.4415,0.2484,-0.7047,-98.28,-421.61,-140.91
1.6577,2.4590,0.2357,-0.6978,-98.77,-422.24,-140.35
1.6578,2.4698,0.2259,-0.6915,-98.91,-421.82,-139.65
1.6579,2.4781,0.2152,-0.6773,-99.82,-422.03,-139.09
1.6579,2.4883,0.2035,-0.6676,-100.10,-422.45,-138.74
1.6580,2.4981,0.1947,-0.6612,-100.59,-422.03,-137.90
1.6581,2.5137,0.1850,-0.6510,-101.01,-423.01,-137.90
1.6581,2.5269,0.1771,-0.6403,-101.78,-422.73,-136.78
1.6582,2.5366,0.1674,-0.6334,-102.34,-423.01,-136.01
1.6583,2.5449,0.1547,-0.6246,-102.62,-422.94,-135.31
1.6583,2.5532,0.1484,-0.6144,-103.04,-423.50,-134.82
1.6584,2.5635,0.1420,-0.6032,-103.32,-423.15,-133.14
1.6585,2.5781,0.1322,-0.5929,-103.95,-424.06,-133.14
1.6586,2.5913,0.1230,-0.5871,-104.09,-424.06,-131.67
1.6586,2.6040,0.1127,-0.5768,-104.93,-424.83,-131.18
1.6587,2.6196,0.1015,-0.5646,-104.86,-424.62,-129.92
1.6592,2.6298,0.0942,-0.5544,-105.63,-425.18,-129.57
1.6597,2.6435,0.0864,-0.5431,-105.91,-425.39,-128.31
1.6603,2.6606,0.0786,-0.5339,-106.47,-425.88,-127.33
1.6608,2.6733,0.0742,-0.5226,-106.82,-426.23,-126.00
1.6613,2.6869,0.0703,-0.5134,-107.31,-426.58,-124.88
1.6619,2.7030,0.0630,-0.5056,-107.59,-427.56,-123.97
1.6624,2.7226,0.0566,-0.4948,-107.73,-427.49,-122.64
1.6629,2.7411,0.0551,-0.4900,-108.08,-428.40,-121.87
1.6634,2.7562,0.0527,-0.4841,-108.43,-428.26,-120.05
1.6640,2.7714,0.0488,-0.4685,-108.85,-429.52,-119.49
1.6645,2.7855,0.0503,-0.4558,-109.20,-429.80,-117.81
1.6650,2.7992,0.0537,-0.4519,-109.20,-430.01,-116.76
1.6655,2.8119,0.0547,-0.4397,-109.76,-430.99,-115.36
1.6661,2.8250,0.0532,-0.4290,-109.90,-431.34,-113.89
1.6666,2.8387,0.0561,-0.4202,-109.76,-432.39,-113.12
1.6671,2.8494,0.0620,-0.4089,-109.97,-432.25,-111.09
1.6677,2.8650,0.0595,-0.3992,-110.25,-433.93,-110.25
1.6682,2.8846,0.0600,-0.3914,-110.04,-433.58,-108.36
1.6687,2.8987,0.0620,-0.3811,-110.46,-435.19,-107.73
1.6692,2.9085,0.0644,-0.3680,-110.18,-434.77,-105.70
1.6711,2.9192,0.0693,-0.3567,-110.25,-436.31,-105.07
1.6730,2.9309,0.0717,-0.3479,-110.46,-436.52,-103.11
1.6748,2.9402,0.0737,-0.3377,-110.18,-437.57,-102.55
1.6767,2.9470,0.0742,-0.3240,-110.25,-437.99,-100.66
1.6786,2.9558,0.0717,-0.3148,-110.25,-438.55,-99.40
1.6805,2.9646,0.0737,-0.3040,-110.18,-439.46,-98.35
1.6823,2.9705,0.0742,-0.2933,-110.25,-439.67,-97.16
1.6842,2.9753,0.0717,-0.2816,-109.90,-440.79,-96.04
1.6861,2.9773,0.0732,-0.2577,-110.04,-440.86,-94.22
1.6880,2.9841,0.0737,-0.2577,-109.41,-442.61,-93.66
1.6898,2.9924,0.0732,-0.2445,-109.62,-442.05,-91.63
1.6917,2.9949,0.0712,-0.2289,-109.41,-443.45,-91.84
1.6936,2.9939,0.0673,-0.2176,-109.41,-442.96,-89.25
1.6954,2.9978,0.0644,-0.2089,-109.06,-444.57,-89.04
1.6973,3.0041,0.0678,-0.1932,-108.85,-444.50,-87.22
1.6992,3.0056,0.0712,-0.1796,-108.92,-445.20,-86.80
1.7011,3.0061,0.0708,-0.1674,-108.50,-445.48,-85.26
1.7029,3.0032,0.0747,-0.1513,-108.43,-445.97,-84.70
1.7048,3.0041,0.0800,-0.1376,-108.15,-446.32,-83.23
1.7067,3.0066,0.0830,-0.1235,-107.59,-446.46,-82.39
1.7067,3.0022,0.0859,-0.1088,-107.59,-447.30,-81.97
1.7068,3.0032,0.0874,-0.0971,-107.24,-447.30,-80.22
1.7068,3.0056,0.0903,-0.0776,-106.89,-447.79,-79.87
1.7069,3.0007,0.0927,-0.0590,-106.54,-447.23,-77.91
1.7069,2.9939,0.0922,-0.0449,-106.40,-448.28,-77.91
1.7070,2.9910,0.0893,-0.0215,-105.56,-447.93,-76.58
1.7070,2.9870,0.0903,-0.0029,-105.91,-448.84,-76.30
1.7071,2.9827,0.0932,0.0098,-105.14,-448.14,-74.69
1.7071,2.9807,0.0932,0.0283,-104.86,-448.70,-74.62
1.7071,2.9768,0.0917,0.0473,-104.30,-448.14,-73.50
1.7072,2.9705,0.0908,0.0610,-104.51,-448.91,-72.94
1.7072,2.9651,0.0932,0.0771,-103.95,-448.07,-71.89
1.7073,2.9612,0.0932,0.0878,-103.60,-448.49,-71.61
1.7073,2.9597,0.0903,0.1000,-103.25,-448.14,-70.77
1.7074,2.9592,0.0913,0.1200,-102.83,-448.56,-70.28
1.7074,2.9583,0.0937,0.1337,-102.27,-447.86,-69.93
1.7075,2.9607,0.0922,0.1449,-102.27,-447.51,-68.95
1.7075,2.9646,0.0878,0.1586,-101.64,-447.72,-68.88
1.7076,2.9666,0.0893,0.1708,-101.22,-446.81,-67.41
1.7076,2.9675,0.0908,0.1820,-101.01,-447.09,-67.97
1.7076,2.9675,0.0869,0.1942,-100.10,-446.39,-66.85
1.7077,2.9705,0.0864,0.2069,-100.24,-446.88,-67.13
1.7077,2.9705,0.0864,0.2147,-99.33,-445.06,-65.45
1.7077,2.9705,0.0839,0.2245,-99.47,-445.69,-66.01
1.7078,2.9680,0.0810,0.2464,-98.77,-444.43,-65.24
1.7078,2.9670,0.0756,0.2577,-97.79,-443.80,-64.47
1.7078,2.9631,0.0732,0.2674,-98.00,-443.87,-65.10
1.7079,2.9592,0.0688,0.2801,-97.37,-442.19,-64.33
1.7079,2.9583,0.0644,0.2913,-96.88,-441.98,-64.12
1.7079,2.9592,0.0595,0.3035,-96.74,-441.14,-64.12
1.7080,2.9573,0.0537,0.3157,-96.04,-440.93,-64.26
1.7080,2.9534,0.0503,0.3206,-95.83,-439.46,-63.42
1.7080,2.9553,0.0459,0.3323,-95.20,-439.60,-64.26
1.7081,2.9553,0.0439,0.3504,-95.27,-438.34,-63.70
1.7081,2.9509,0.0376,0.3611,-94.50,-438.13,-64.19
1.7081,2.9485,0.0327,0.3689,-94.78,-436.31,-64.05
1.7082,2.9461,0.0293,0.3811,-94.15,-435.82,-64.12
1.7082,2.9436,0.0244,0.3928,-93.59,-434.63,-63.98
1.7082,2.9426,0.0205,0.4036,-93.45,-434.35,-64.47
1.7083,2.9382,0.0166,0.4158,-93.31,-433.09,-64.96
1.7091,2.9314,0.0127,0.4265,-92.89,-431.76,-64.96
1.7100,2.9241,0.0073,0.4377,-92.54,-431.20,-65.73
1.7108,2.9168,-0.0010,0.4499,-92.19,-429.38,-65.10
1.7117,2.9090,-0.0127,0.4690,-91.91,-428.82,-66.29
1.7125,2.8948,-0.0303,0.4924,-91.56,-426.44,-66.99
1.7134,2.8797,-0.0410,0.5012,-90.86,-423.85,-67.06
1.7142,2.8724,-0.0498,0.5100,-90.72,-422.45,-68.18
1.7151,2.8641,-0.0581,0.5202,-90.23,-420.84,-67.34
1.7159,2.8577,-0.0644,0.5329,-90.37,-419.72,-69.30
1.7168,2.8528,-0.0693,0.5427,-89.74,-418.32,-68.46
1.7176,2.8455,-0.0752,0.5553,-90.16,-417.06,-69.86
1.7185,2.8436,-0.0849,0.5632,-89.32,-415.31,-68.95
1.7193,2.8402,-0.0961,0.5734,-89.53,-413.63,-70.84
1.7202,2.8299,-0.1044,0.5871,-88.90,-411.95,-70.07
1.7210,2.8245,-0.1113,0.5939,-89.18,-410.69,-71.40
1.7219,2.8211,-0.1244,0.6022,-88.41,-409.08,-70.28
1.7227,2.8182,-0.1357,0.6100,-88.90,-406.91,-71.89
1.7236,2.8153,-0.1449,0.6193,-88.06,-405.79,-71.26
1.7244,2.8123,-0.1562,0.6295,-88.69,-402.99,-71.75
1.7253,2.8109,-0.1615,0.6354,-87.92,-402.50,-72.03
1.7257,2.8075,-0.1840,0.6510,-87.78,-399.70,-71.68
1.7262,2.8084,-0.1908,0.6617,-87.29,-396.27,-71.75
1.7267,2.8123,-0.2015,0.6656,-87.64,-394.66,-72.45
1.7271,2.8138,-0.2123,0.6730,-87.22,-392.42,-71.26
1.7276,2.8138,-0.2235,0.6812,-87.43,-390.95,-72.31
1.7281,2.8148,-0.2323,0.6876,-86.73,-388.71,-70.84
1.7285,2.8177,-0.2401,0.6993,-87.08,-386.96,-72.03
1.7290,2.8128,-0.2518,0.7056,-86.59,-384.79,-70.35
1.7295,2.8114,-0.2621,0.7071,-86.94,-382.62,-71.12
1.7299,2.8192,-0.2669,0.7149,-86.17,-380.73,-69.58
1.7304,2.8187,-0.2699,0.7232,-86.87,-378.49,-70.07
1.7309,2.8216,-0.2747,0.7344,-85.96,-376.81,-68.88
1.7313,2.8245,-0.2826,0.7432,-86.66,-373.87,-68.53
1.7318,2.8236,-0.2923,0.7427,-85.68,-373.10,-67.48
1.7323,2.8245,-0.3001,0.7481,-86.24,-369.81,-66.99
1.7327,2.8226,-0.3079,0.7579,-85.54,-368.13,-65.59
1.7332,2.8206,-0.3109,0.7632,-85.82,-365.68,-65.10
1.7337,2.8221,-0.3162,0.7710,-85.12,-363.72,-63.91
1.7341,2.8206,-0.3226,0.7779,-85.82,-361.13,-62.86
1.7346,2.8148,-0.3250,0.7823,-85.12,-359.94,-61.95
1.7352,2.8114,-0.3299,0.7993,-85.12,-356.51,-60.34
1.7359,2.8075,-0.3387,0.8028,-84.70,-352.10,-57.82
1.7365,2.7962,-0.3455,0.8086,-85.05,-350.63,-57.26
1.7371,2.7923,-0.3484,0.8140,-84.28,-347.20,-54.67
1.7378,2.7918,-0.3499,0.8189,-84.77,-346.08,-54.60
1.7384,2.7860,-0.3523,0.8267,-83.86,-342.79,-51.59
1.7390,2.7796,-0.3572,0.8306,-84.49,-341.18,-51.87
1.7397,2.7772,-0.3601,0.8330,-83.44,-337.61,-48.09
1.7403,2.7728,-0.3582,0.8394,-84.35,-336.42,-48.65
1.7409,2.7684,-0.3601,0.8486,-83.09,-333.27,-45.15
1.7416,2.7670,-0.3650,0.8574,-83.86,-331.31,-45.08
1.7422,2.7616,-0.3650,0.8579,-82.88,-328.86,-42.07
1.7429,2.7538,-0.3665,0.8584,-83.51,-325.99,-41.51
1.7435,2.7470,-0.3719,0.8652,-82.95,-323.96,-39.20
1.7441,2.7455,-0.3733,0.8672,-83.09,-321.44,-38.01
1.7448,2.7440,-0.3733,0.8716,-82.67,-318.92,-36.05
1.7454,2.7396,-0.3704,0.8862,-82.74,-314.37,-33.18
1.7460,2.7391,-0.3728,0.8916,-82.11,-311.57,-30.45
1.7467,2.7396,-0.3743,0.8935,-82.60,-309.54,-29.75
1.7473,2.7416,-0.3792,0.8965,-82.04,-306.81,-27.09
1.7485,2.7430,-0.3816,0.8960,-82.46,-304.71,-26.74
1.7497,2.7426,-0.3802,0.8965,-81.76,-302.12,-23.94
1.7509,2.7465,-0.3762,0.9018,-82.32,-299.95,-23.45
1.7521,2.7440,-0.3753,0.9023,-81.62,-297.08,-20.93
1.7533,2.7465,-0.3772,0.9048,-82.18,-295.47,-20.93
1.7545,2.7489,-0.3772,0.9111,-81.34,-292.25,-17.64
1.7556,2.7494,-0.3787,0.9130,-81.97,-290.71,-17.92
1.7568,2.7557,-0.3787,0.9096,-80.99,-288.40,-15.05
1.7580,2.7616,-0.3758,0.9082,-81.90,-286.02,-15.19
1.7592,2.7660,-0.3733,0.9126,-81.13,-283.57,-12.25
1.7604,2.7674,-0.3723,0.9130,-82.04,-281.61,-12.74
1.7616,2.7684,-0.3670,0.9140,-80.78,-279.65,-10.01
1.7628,2.7699,-0.3660,0.9150,-81.69,-277.27,-9.73
1.7640,2.7714,-0.3665,0.9145,-80.99,-275.66,-8.33
1.7652,2.7718,-0.3621,0.9155,-80.92,-273.07,-7.21
1.7664,2.7684,-0.3577,0.9165,-80.78,-268.17,-4.34
1.7676,2.7679,-0.3543,0.9209,-81.48,-267.54,-4.41
1.7688,2.7679,-0.3509,0.9218,-80.36,-264.18,-2.10
1.7700,2.7674,-0.3475,0.9238,-81.13,-263.13,-2.80
1.7712,2.7611,-0.3421,0.9301,-80.01,-260.47,0.07
1.7713,2.7533,-0.3377,0.9321,-81.06,-259.63,-0.91
1.7714,2.7474,-0.3353,0.9316,-79.73,-256.83,1.61
1.7715,2.7445,-0.3299,0.9355,-80.99,-255.29,0.84
1.7716,2.7387,-0.3216,0.9374,-79.45,-252.91,3.29
1.7717,2.7308,-0.3143,0.9365,-80.64,-251.09,2.45
1.7718,2.7279,-0.3065,0.9404,-79.66,-249.48,4.69
1.7719,2.7216,-0.3045,0.9433,-80.08,-247.24,4.27
1.7720,2.7128,-0.3021,0.9472,-79.31,-245.63,6.09
1.7721,2.7069,-0.2933,0.9487,-79.45,-243.04,5.95
1.7722,2.6957,-0.2869,0.9516,-79.10,-242.06,7.14
1.7723,2.6894,-0.2840,0.9570,-78.89,-238.98,7.35
1.7724,2.6869,-0.2835,0.9604,-79.17,-238.21,8.19
1.7725,2.6796,-0.2762,0.9604,-78.68,-234.99,9.17
1.7726,2.6713,-0.2708,0.9579,-78.47,-234.71,9.03
1.7727,2.6664,-0.2704,0.9604,-77.91,-231.35,10.64
1.7728,2.6625,-0.2655,0.9653,-78.19,-230.72,9.87
1.7729,2.6542,-0.2606,0.9736,-77.28,-227.36,12.04
1.7730,2.6474,-0.2547,0.9770,-77.77,-226.87,11.06
1.7731,2.6445,-0.2508,0.9775,-76.93,-224.28,12.60
1.7732,2.6372,-0.2494,0.9799,-77.35,-223.30,11.90
1.7755,2.6303,-0.2411,0.9770,-76.30,-220.92,13.44
1.7778,2.6235,-0.2342,0.9770,-76.65,-219.24,12.88
1.7801,2.6152,-0.2274,0.9780,-75.81,-217.21,14.84
1.7823,2.6079,-0.2186,0.9853,-76.09,-215.04,13.30
1.7846,2.6001,-0.2172,0.9911,-75.25,-214.13,15.12
1.7869,2.5927,-0.2142,0.9926,-75.53,-211.47,14.49
1.7892,2.5835,-0.2084,0.9936,-74.76,-210.63,15.40
1.7915,2.5786,-0.2011,0.9931,-74.41,-208.11,14.70
1.7937,2.5727,-0.1947,0.9960,-74.27,-207.20,15.54
1.7960,2.5600,-0.1859,0.9980,-73.78,-203.91,16.24
1.7983,2.5488,-0.1752,0.9980,-73.64,-203.70,15.40
1.8006,2.5420,-0.1728,0.9975,-73.01,-200.34,16.59
1.8029,2.5361,-0.1640,0.9999,-73.01,-200.55,15.40
1.8052,2.5239,-0.1576,0.9999,-71.96,-197.33,16.52
1.8074,2.5112,-0.1454,0.9999,-72.45,-196.28,15.54
1.8097,2.4995,-0.1401,1.0009,-71.26,-192.92,15.40
1.8120,2.4864,-0.1313,1.0009,-70.49,-190.33,17.08
1.8143,2.4771,-0.1220,0.9999,-69.93,-189.00,15.12
1.8166,2.4703,-0.1171,1.0043,-69.58,-187.18,16.87
1.8188,2.4576,-0.1127,1.0072,-69.30,-184.94,15.33
1.8189,2.4502,-0.1059,1.0087,-68.46,-184.38,16.24
1.8189,2.4459,-0.0986,1.0087,-68.46,-181.65,14.91
1.8190,2.4341,-0.0903,1.0097,-67.48,-180.67,15.40
1.8190,2.4234,-0.0825,1.0106,-67.34,-178.01,14.91
1.8190,2.4102,-0.0761,1.0131,-66.43,-177.17,14.77
1.8191,2.3985,-0.0678,1.0170,-66.08,-174.44,14.28
1.8191,2.3927,-0.0644,1.0185,-65.52,-173.46,14.07
1.8192,2.3810,-0.0600,1.0180,-65.10,-171.64,14.07
1.8192,2.3712,-0.0566,1.0175,-64.33,-169.82,13.44
1.8192,2.3644,-0.0561,1.0185,-63.84,-168.00,13.65
1.8193,2.3526,-0.0532,1.0180,-63.07,-166.53,12.46
1.8193,2.3414,-0.0444,1.0199,-62.72,-165.20,12.60
1.8194,2.3326,-0.0390,1.0228,-62.09,-162.82,11.62
1.8194,2.3243,-0.0346,1.0263,-61.46,-161.70,12.11
1.8194,2.3146,-0.0254,1.0277,-60.83,-159.18,11.13
1.8195,2.3053,-0.0220,1.0287,-60.06,-158.27,10.99
1.8195,2.2960,-0.0190,1.0292,-59.78,-155.54,10.43
1.8195,2.2863,-0.0142,1.0287,-58.73,-155.19,9.94
1.8196,2.2814,-0.0088,1.0326,-58.52,-152.53,9.87
1.8196,2.2770,-0.0034,1.0302,-57.68,-151.76,8.89
1.8197,2.2692,0.0005,1.0268,-56.84,-149.24,8.89
1.8197,2.2604,0.0063,1.0268,-56.63,-148.54,8.05
1.8197,2.2458,0.0102,1.0292,-55.79,-145.88,8.19
1.8197,2.2316,0.0122,1.0302,-55.09,-145.53,6.93
1.8198,2.2224,0.0176,1.0307,-54.39,-142.59,7.14
1.8198,2.2136,0.0249,1.0282,-53.62,-141.82,5.81
1.8198,2.2048,0.0317,1.0277,-52.99,-139.23,6.72
1.8199,2.1970,0.0356,1.0307,-52.43,-138.32,4.83
1.8199,2.1872,0.0381,1.0268,-51.45,-136.22,6.09
1.8199,2.1770,0.0420,1.0248,-51.38,-134.82,3.99
1.8199,2.1682,0.0473,1.0282,-49.77,-133.21,4.97
1.8200,2.1428,0.0561,1.0282,-48.72,-130.13,4.27
1.8200,2.1335,0.0581,1.0268,-48.30,-128.10,2.73
1.8200,2.1213,0.0630,1.0243,-47.04,-127.19,3.08
1.8201,2.1111,0.0678,1.0243,-46.69,-124.67,2.24
1.8201,2.1033,0.0747,1.0238,-45.85,-123.62,2.52
1.8201,2.0950,0.0786,1.0194,-45.15,-121.59,1.75
1.8201,2.0872,0.0795,1.0199,-44.45,-120.75,1.82
1.8202,2.0784,0.0815,1.0199,-43.47,-118.58,1.47
1.8202,2.0696,0.0854,1.0199,-42.84,-117.74,0.56
1.8202,2.0628,0.0927,1.0165,-42.28,-114.87,1.05
1.8202,2.0574,0.0971,1.0131,-41.37,-114.80,-0.14
1.8203,2.0481,0.0961,1.0146,-40.46,-112.14,0.84
1.8203,2.0379,0.0976,1.0131,-40.25,-111.58,-0.56
1.8203,2.0296,0.1015,1.0141,-39.20,-108.85,0.77
1.8203,2.0174,0.1039,1.0111,-38.22,-108.22,-1.12
1.8204,2.0052,0.1083,1.0067,-37.45,-106.12,0.63
1.8204,1.9998,0.1093,1.0063,-37.03,-104.51,-1.40
1.8204,1.9964,0.1083,1.0048,-36.12,-103.11,0.07
1.8204,1.9871,0.1098,1.0028,-35.42,-102.06,-1.47
1.8205,1.9769,0.1127,1.0004,-34.72,-100.24,-0.14
1.8205,1.9705,0.1137,1.0004,-33.88,-98.70,-1.40
1.8205,1.9608,0.1137,1.0009,-33.25,-97.44,-0.84
1.8205,1.9530,0.1161,0.9965,-32.69,-95.69,-1.54
1.8206,1.9476,0.1176,0.9950,-32.13,-94.36,-0.77
1.8206,1.9403,0.1176,0.9926,-31.36,-93.24,-1.40
1.8206,1.9344,0.1200,0.9877,-30.45,-91.42,-0.98
1.8206,1.9286,0.1254,0.9892,-30.10,-90.09,-1.33
1.8207,1.9213,0.1259,0.9897,-29.40,-88.48,-1.12
1.8207,1.9159,0.1269,0.9858,-28.35,-87.22,-0.63
1.8209,1.9091,0.1283,0.9814,-28.07,-85.96,-1.75
1.8211,1.8988,0.1288,0.9819,-27.09,-84.77,-0.42
1.8213,1.8915,0.1322,0.9809,-26.74,-82.95,-1.61
1.8215,1.8861,0.1342,0.9770,-26.11,-81.76,0.14
1.8217,1.8793,0.1337,0.9755,-25.34,-80.29,-1.40
1.8219,1.8710,0.1342,0.9721,-24.71,-79.03,0.00
1.8221,1.8676,0.1371,0.9677,-24.36,-77.77,-1.12
1.8223,1.8676,0.1391,0.9667,-23.52,-76.37,-0.07
1.8225,1.8646,0.1401,0.9643,-23.45,-75.46,-0.63
1.8227,1.8534,0.1454,0.9614,-22.26,-73.57,-0.07
1.8228,1.8417,0.1493,0.9594,-22.26,-72.87,-0.28
1.8230,1.8339,0.1518,0.9575,-21.07,-71.54,0.07
1.8232,1.8246,0.1547,0.9536,-21.14,-70.28,0.35
1.8234,1.8212,0.1552,0.9526,-20.02,-68.81,0.49
1.8236,1.8149,0.1523,0.9516,-20.23,-67.90,0.56
1.8238,1.8076,0.1527,0.9477,-18.83,-66.85,0.84
1.8240,1.8032,0.1591,0.9472,-19.11,-65.45,0.98
1.8242,1.7973,0.1649,0.9448,-17.92,-64.40,0.98
1.8244,1.7919,0.1664,0.9414,-18.06,-63.28,1.61
1.8246,1.7890,0.1664,0.9360,-17.43,-61.88,1.19
1.8252,1.7851,0.1693,0.9331,-17.15,-61.39,1.96
1.8258,1.7773,0.1728,0.9350,-16.38,-60.13,1.68
1.8264,1.7705,0.1747,0.9326,-16.03,-59.29,1.96
1.8270,1.7685,0.1728,0.9228,-15.82,-57.54,2.31
1.8276,1.7627,0.1752,0.9170,-14.98,-57.54,2.10
1.8282,1.7519,0.1815,0.9184,-14.91,-55.58,2.66
1.8288,1.7485,0.1850,0.9096,-13.86,-55.02,2.87
1.8294,1.7402,0.1932,0.9072,-13.58,-53.34,2.94
1.8300,1.7300,0.1928,0.9052,-13.16,-51.52,3.99
1.8306,1.7217,0.1928,0.9043,-12.81,-51.38,3.36
1.8311,1.7148,0.1972,0.8989,-12.60,-49.84,4.41
1.8317,1.7060,0.2015,0.8955,-12.32,-49.14,3.57
1.8323,1.7041,0.2011,0.8979,-11.83,-47.67,4.97
1.8329,1.7017,0.2006,0.8994,-11.55,-47.74,3.92
1.8335,1.6948,0.2015,0.8935,-11.20,-46.27,5.53
1.8341,1.6880,0.2030,0.8852,-11.13,-45.78,4.34
1.8347,1.6812,0.2050,0.8857,-10.43,-44.94,5.53
1.8353,1.6738,0.2045,0.8818,-10.50,-44.31,4.69
1.8359,1.6694,0.2054,0.8730,-9.94,-43.12,6.09
1.8365,1.6675,0.2074,0.8667,-10.15,-42.21,5.32
1.8371,1.6641,0.2084,0.8633,-9.52,-41.79,6.16
1.8377,1.6568,0.2084,0.8647,-9.59,-40.53,5.88
1.8383,1.6470,0.2147,0.8642,-9.24,-40.46,6.44
1.8389,1.6436,0.2176,0.8589,-9.38,-39.06,6.09
1.8396,1.6402,0.2157,0.8511,-8.82,-38.78,6.86
1.8402,1.6348,0.2191,0.8467,-9.17,-37.17,6.86
1.8408,1.6314,0.2259,0.8374,-8.47,-37.24,7.42
1.8414,1.6158,0.2264,0.8359,-8.12,-36.05,7.70
1.8420,1.6119,0.2303,0.8330,-8.54,-35.28,7.28
1.8427,1.6045,0.2328,0.8267,-8.19,-34.30,8.05
1.8433,1.5962,0.2338,0.8272,-8.47,-33.60,7.70
1.8439,1.5914,0.2342,0.8247,-7.91,-33.39,8.19
1.8445,1.5850,0.2367,0.8174,-8.12,-32.27,8.33
1.8451,1.5777,0.2386,0.8125,-7.98,-32.34,8.33
1.8457,1.5704,0.2425,0.8081,-7.63,-30.87,8.96
1.8464,1.5655,0.2440,0.8076,-8.19,-30.94,8.54
1.8470,1.5606,0.2489,0.8037,-7.70,-29.82,9.38
1.8476,1.5562,0.2523,0.7964,-8.12,-29.75,9.03
1.8482,1.5518,0.2533,0.7915,-7.21,-28.91,9.87
1.8488,1.5421,0.2567,0.7867,-8.05,-28.70,8.89
1.8493,1.5396,0.2577,0.7852,-7.56,-28.00,10.22
1.8497,1.5328,0.2582,0.7881,-8.05,-27.44,9.45
1.8502,1.5235,0.2591,0.7803,-7.56,-26.88,10.99
1.8506,1.5191,0.2596,0.7730,-7.98,-25.97,9.59
1.8511,1.5138,0.2616,0.7706,-7.70,-26.18,10.78
1.8515,1.5104,0.2645,0.7681,-8.12,-24.57,10.43
1.8520,1.5040,0.2640,0.7632,-7.84,-24.85,11.20
1.8524,1.4967,0.2655,0.7603,-8.26,-24.15,10.43
1.8529,1.4918,0.2660,0.7554,-8.26,-23.80,11.41
1.8533,1.4879,0.2640,0.7510,-8.33,-22.82,11.13
1.8538,1.4840,0.2669,0.7491,-8.61,-23.52,11.55
1.8542,1.4796,0.2689,0.7413,-8.33,-21.77,11.48
1.8547,1.4796,0.2689,0.7349,-8.96,-22.19,12.04
1.8551,1.4796,0.2728,0.7320,-8.68,-21.00,12.18
1.8556,1.4723,0.2738,0.7296,-9.38,-21.28,12.04
1.8560,1.4674,0.2713,0.7276,-9.10,-20.51,12.95
1.8565,1.4616,0.2728,0.7218,-9.31,-20.65,11.83
1.8569,1.4538,0.2743,0.7159,-9.38,-19.53,13.23
1.8574,1.4489,0.2772,0.7120,-10.08,-19.81,11.90
1.8578,1.4450,0.2811,0.7066,-9.94,-18.83,13.79
1.8602,1.4430,0.2811,0.7017,-10.22,-18.90,12.39
1.8625,1.4401,0.2801,0.7013,-10.22,-18.41,13.86
1.8649,1.4372,0.2801,0.6974,-10.64,-18.06,13.09
1.8672,1.4308,0.2791,0.6925,-10.92,-17.85,14.28
1.8696,1.4235,0.2782,0.6847,-10.92,-16.94,14.28
1.8719,1.4181,0.2830,0.6778,-11.62,-16.80,14.07
1.8743,1.4172,0.2821,0.6783,-11.76,-16.73,14.98
1.8766,1.4118,0.2850,0.6793,-12.04,-16.03,14.84
1.8790,1.4025,0.2845,0.6739,-12.25,-15.96,15.47
1.8813,1.3976,0.2830,0.6656,-12.53,-15.47,15.47
1.8837,1.3952,0.2830,0.6627,-12.81,-15.47,15.89
1.8860,1.3898,0.2835,0.6622,-13.16,-14.98,15.54
1.8884,1.3849,0.2811,0.6568,-13.44,-14.56,16.80
1.8907,1.3806,0.2845,0.6525,-13.79,-14.70,16.38
1.8931,1.3757,0.2933,0.6486,-14.00,-14.35,17.29
1.8955,1.3727,0.2918,0.6417,-14.49,-13.79,17.29
1.8978,1.3703,0.2899,0.6359,-14.63,-13.58,17.71
1.9002,1.3654,0.2957,0.6334,-15.19,-13.86,17.78
1.9025,1.3601,0.2972,0.6281,-15.26,-12.74,18.83
1.9049,1.3542,0.2928,0.6256,-15.75,-13.23,18.69
1.9049,1.3508,0.2982,0.6202,-16.03,-12.95,19.67
1.9050,1.3459,0.3016,0.6095,-16.52,-12.88,20.37
1.9050,1.3459,0.3060,0.6056,-16.80,-11.97,20.79
1.9050,1.3430,0.3094,0.6002,-17.50,-12.04,20.93
1.9051,1.3386,0.3094,0.5944,-17.57,-11.76,21.70
1.9051,1.3357,0.3118,0.5919,-18.20,-11.48,21.91
1.9052,1.3298,0.3128,0.5856,-18.20,-11.69,22.47
1.9052,1.3235,0.3148,0.5812,-18.62,-11.83,23.03
1.9053,1.3210,0.3177,0.5793,-19.25,-11.20,23.45
1.9053,1.3200,0.3187,0.5754,-19.04,-11.06,23.87
1.9054,1.3161,0.3226,0.5675,-19.88,-10.71,24.43
1.9054,1.3113,0.3255,0.5646,-20.02,-10.92,24.64
1.9054,1.3093,0.3250,0.5656,-20.37,-10.64,25.55
1.9055,1.3074,0.3279,0.5607,-20.58,-11.06,25.55
1.9055,1.3039,0.3279,0.5563,-20.93,-10.43,26.18
1.9056,1.3020,0.3279,0.5529,-21.35,-10.36,27.16
1.9056,1.3010,0.3314,0.5475,-21.77,-10.64,27.09
1.9057,1.2986,0.3333,0.5475,-21.77,-10.36,27.79
1.9057,1.2922,0.3353,0.5466,-22.47,-10.29,27.65
1.9058,1.2859,0.3372,0.5422,-22.47,-9.87,28.77
1.9058,1.2820,0.3440,0.5339,-22.96,-10.15,28.49
1.9058,1.2747,0.3445,0.5309,-23.59,-10.08,28.70
1.9059,1.2732,0.3494,0.5256,-24.29,-9.87,29.82
1.9059,1.2708,0.3523,0.5212,-24.57,-9.52,29.82
1.9060,1.2639,0.3548,0.5207,-24.71,-9.87,30.31
1.9060,1.2615,0.3597,0.5197,-25.20,-9.80,30.31
1.9061,1.2600,0.3640,0.5163,-25.48,-9.80,30.17
1.9061,1.2546,0.3645,0.5158,-25.76,-9.73,30.87
1.9062,1.2498,0.3660,0.5075,-26.11,-9.94,30.52
1.9062,1.2454,0.3694,0.5007,-26.67,-9.80,31.15
1.9062,1.2390,0.3704,0.4997,-26.60,-9.80,31.01
1.9063,1.2361,0.3694,0.4948,-27.09,-9.52,31.08
1.9063,1.2332,0.3709,0.4900,-27.44,-9.87,30.87
1.9064,1.2263,0.3753,0.4900,-27.79,-9.87,31.50
1.9064,1.2229,0.3816,0.4826,-28.21,-9.45,30.52
1.9065,1.2190,0.3850,0.4807,-28.42,-9.38,31.50
1.9065,1.2117,0.3870,0.4807,-28.98,-9.66,30.59
1.9066,1.2078,0.3928,0.4758,-28.98,-9.59,31.01
1.9066,1.2024,0.4006,0.4729,-29.26,-9.38,30.87
1.9066,1.1951,0.4031,0.4690,-29.61,-9.17,30.80
1.9071,1.1927,0.4050,0.4656,-29.96,-9.17,30.52
1.9075,1.1907,0.4109,0.4597,-30.24,-9.66,30.10
1.9079,1.1868,0.4168,0.4563,-30.80,-9.03,30.80
1.9083,1.1805,0.4207,0.4543,-30.80,-9.52,29.61
1.9088,1.1727,0.4241,0.4524,-30.87,-9.59,30.24
1.9092,1.1702,0.4270,0.4465,-31.29,-9.31,29.89
1.9096,1.1644,0.4314,0.4426,-31.22,-9.52,29.61
1.9100,1.1595,0.4392,0.4421,-31.71,-8.96,29.12
1.9105,1.1546,0.4407,0.4402,-31.78,-9.59,29.33
1.9109,1.1492,0.4412,0.4363,-31.85,-8.89,29.05
1.9113,1.1458,0.4480,0.4314,-32.06,-9.38,28.77
1.9117,1.1405,0.4504,0.4270,-32.55,-8.61,28.77
1.9121,1.1351,0.4499,0.4275,-32.48,-8.96,28.42
1.9126,1.1302,0.4519,0.4226,-32.41,-9.03,28.21
1.9130,1.1253,0.4553,0.4192,-32.90,-8.61,28.42
1.9134,1.1234,0.4558,0.4197,-32.97,-9.59,27.30
1.9138,1.1224,0.4573,0.4153,-32.97,-8.61,27.86
1.9143,1.1180,0.4607,0.4128,-33.25,-9.59,26.46
1.9147,1.1122,0.4636,0.4031,-33.32,-8.68,26.81
1.9151,1.1078,0.4699,0.4011,-33.39,-8.61,26.32
1.9156,1.1009,0.4729,0.3953,-33.53,-8.40,26.04
1.9162,1.0960,0.4753,0.3884,-33.74,-8.75,25.41
1.9167,1.0931,0.4773,0.3875,-33.74,-7.70,25.90
1.9172,1.0878,0.4773,0.3889,-33.95,-8.89,24.50
1.9178,1.0843,0.4792,0.3865,-33.81,-7.63,25.48
1.9183,1.0809,0.4807,0.3811,-33.95,-8.54,23.87
1.9189,1.0760,0.4812,0.3802,-33.67,-7.84,24.92
1.9194,1.0707,0.4870,0.3806,-33.95,-8.19,22.96
1.9199,1.0643,0.4924,0.3758,-33.53,-7.56,24.08
1.9205,1.0624,0.4929,0.3738,-34.23,-7.91,22.68
1.9210,1.0604,0.4914,0.3694,-33.46,-7.56,23.45
1.9215,1.0575,0.4924,0.3631,-33.95,-7.21,22.40
1.9221,1.0516,0.4943,0.3587,-33.60,-7.21,22.47
1.9226,1.0492,0.4934,0.3523,-33.95,-6.79,22.12
1.9231,1.0487,0.4958,0.3499,-33.46,-7.63,21.63
1.9237,1.0399,0.4992,0.3470,-33.53,-6.72,21.49
1.9242,1.0346,0.4968,0.3421,-33.74,-6.86,20.79
1.9247,1.0360,0.4982,0.3396,-33.46,-6.30,21.14
1.9253,1.0336,0.4997,0.3372,-33.46,-6.58,20.02
1.9258,1.0258,0.5026,0.3367,-33.11,-6.37,21.07
1.9264,1.0204,0.5022,0.3357,-33.46,-6.30,19.81
1.9269,1.0180,0.4987,0.3279,-32.83,-5.88,20.65
1.9275,1.0146,0.5022,0.3231,-33.39,-5.88,19.32
1.9280,1.0126,0.5051,0.3206,-32.62,-5.60,19.95
1.9286,1.0106,0.5051,0.3157,-33.11,-5.46,18.83
1.9292,1.0067,0.5056,0.3152,-32.20,-5.39,19.67
1.9297,1.0038,0.5070,0.3133,-32.62,-4.90,18.69
1.9303,1.0014,0.5065,0.3079,-32.13,-5.11,19.18
1.9308,0.9960,0.5080,0.3050,-32.06,-4.69,18.41
1.9314,0.9950,0.5061,0.3006,-31.99,-4.83,18.62
1.9320,0.9955,0.5031,0.3011,-31.57,-4.20,18.41
1.9325,0.9936,0.5061,0.2987,-31.29,-4.83,17.85
1.9331,0.9936,0.5085,0.2938,-31.50,-3.71,18.41
1.9336,0.9936,0.5061,0.2948,-31.29,-4.55,17.71
1.9342,0.9902,0.5065,0.2938,-31.01,-3.92,17.85
1.9347,0.9872,0.5124,0.2855,-30.94,-3.85,17.64
1.9353,0.9838,0.5129,0.2830,-30.80,-3.29,17.78
1.9359,0.9828,0.5095,0.2850,-30.24,-3.43,17.43
1.9364,0.9823,0.5124,0.2801,-29.96,-3.22,17.50
1.9370,0.9775,0.5148,0.2796,-30.10,-2.80,16.73
1.9376,0.9770,0.5124,0.2796,-29.61,-3.01,17.36
1.9383,0.9770,0.5095,0.2762,-29.61,-2.73,16.66
1.9389,0.9731,0.5080,0.2762,-29.05,-2.66,17.15
1.9396,0.9711,0.5080,0.2782,-29.61,-2.31,16.31
1.9402,0.9731,0.5090,0.2752,-28.49,-2.59,16.52
1.9409,0.9706,0.5100,0.2704,-28.56,-1.75,16.31
1.9415,0.9701,0.5100,0.2679,-28.28,-1.89,16.52
1.9422,0.9692,0.5065,0.2674,-28.14,-1.54,16.03
1.9428,0.9648,0.5065,0.2699,-27.65,-1.89,16.31
1.9435,0.9589,0.5070,0.2684,-27.72,-1.47,15.61
1.9441,0.9550,0.5036,0.2611,-27.51,-1.19,15.96
1.9448,0.9536,0.5022,0.2586,-27.30,-1.12,15.75
1.9454,0.9531,0.5031,0.2601,-26.60,-0.84,15.47
1.9461,0.9526,0.5046,0.2606,-26.81,-0.35,15.68
1.9468,0.9477,0.5061,0.2606,-25.97,-0.63,15.47
1.9474,0.9448,0.5075,0.2591,-25.97,0.07,15.61
1.9481,0.9433,0.5100,0.2567,-25.62,-0.07,15.40
1.9487,0.9409,0.5119,0.2523,-25.62,0.42,15.05
1.9494,0.9379,0.5090,0.2547,-25.34,0.07,14.91
1.9500,0.9340,0.5095,0.2499,-24.99,0.42,14.84
1.9511,0.9345,0.5104,0.2425,-24.78,0.42,14.70
1.9522,0.9360,0.5085,0.2435,-24.29,0.70,14.91
1.9533,0.9335,0.5100,0.2420,-24.36,0.84,14.49
1.9544,0.9296,0.5144,0.2381,-23.87,1.33,14.77
1.9554,0.9174,0.5104,0.2333,-22.68,2.10,14.91
1.9565,0.9165,0.5124,0.2323,-22.40,2.17,14.00
1.9576,0.9160,0.5095,0.2318,-22.26,2.94,14.91
1.9587,0.9155,0.5124,0.2308,-22.40,2.87,14.21
1.9598,0.9150,0.5183,0.2259,-21.42,2.52,14.28
1.9609,0.9091,0.5178,0.2230,-21.70,3.22,14.28
1.9620,0.9028,0.5178,0.2230,-20.86,2.52,14.00
1.9631,0.8999,0.5148,0.2235,-20.86,3.71,14.49
1.9641,0.8999,0.5134,0.2186,-20.30,3.15,14.21
1.9652,0.8969,0.5178,0.2167,-20.30,3.99,14.07
1.9663,0.8950,0.5207,0.2152,-19.81,3.43,13.79
1.9674,0.8945,0.5212,0.2084,-19.74,4.76,14.42
1.9685,0.8955,0.5222,0.2084,-19.39,3.57,13.58
1.9696,0.8935,0.5246,0.2094,-19.04,4.97,14.56
1.9707,0.8886,0.5275,0.2069,-18.62,4.06,13.30
1.9718,0.8852,0.5300,0.2045,-18.41,5.18,14.42
1.9718,0.8867,0.5275,0.2030,-18.20,4.69,13.44
1.9719,0.8891,0.5256,0.2025,-17.57,5.32,14.21
1.9720,0.8862,0.5270,0.2045,-17.78,4.83,13.51
1.9720,0.8818,0.5280,0.2030,-16.94,5.60,14.56
1.9721,0.8794,0.5266,0.1972,-17.22,5.39,13.16
1.9722,0.8774,0.5270,0.1976,-16.52,5.60,14.21
1.9722,0.8774,0.5290,0.1967,-16.45,6.23,13.30
1.9723,0.8804,0.5295,0.1937,-15.75,5.88,14.00
1.9724,0.8818,0.5309,0.1937,-16.10,6.79,13.44
1.9724,0.8818,0.5324,0.1928,-15.54,5.60,13.23
1.9725,0.8813,0.5324,0.1903,-15.61,7.00,13.72
1.9726,0.8833,0.5344,0.1850,-15.05,6.37,13.02
1.9726,0.8818,0.5324,0.1810,-14.70,6.72,13.58
1.9727,0.8779,0.5305,0.1854,-14.14,6.65,13.16
1.9728,0.8764,0.5305,0.1859,-14.21,7.14,13.51
1.9728,0.8735,0.5329,0.1840,-14.00,6.86,12.95
1.9729,0.8716,0.5363,0.1820,-13.44,7.42,13.44
1.9730,0.8735,0.5309,0.1791,-13.58,7.21,12.74
1.9730,0.8740,0.5324,0.1806,-12.74,7.91,13.30
1.9731,0.8706,0.5373,0.1771,-13.23,7.28,12.81
1.9752,0.8691,0.5383,0.1737,-12.53,7.91,13.51
1.9774,0.8701,0.5388,0.1742,-12.53,6.93,11.62
1.9795,0.8691,0.5378,0.1747,-11.97,8.19,13.37
1.9816,0.8657,0.5383,0.1698,-12.18,7.35,11.69
1.9837,0.8662,0.5378,0.1674,-11.69,8.12,13.02
1.9859,0.8691,0.5378,0.1708,-11.76,7.42,11.62
1.9880,0.8711,0.5373,0.1674,-11.20,8.05,13.02
1.9901,0.8682,0.5353,0.1659,-11.27,7.91,11.76
1.9922,0.8652,0.5348,0.1654,-10.71,7.84,12.53
1.9944,0.8672,0.5363,0.1591,-10.85,8.40,11.83
1.9965,0.8701,0.5368,0.1615,-10.36,7.77,12.53
1.9986,0.8623,0.5392,0.1591,-9.87,8.26,12.39
2.0007,0.8662,0.5402,0.1581,-9.94,8.33,11.69
2.0028,0.8696,0.5422,0.1610,-9.52,7.84,11.90
2.0050,0.8667,0.5431,0.1586,-9.80,8.26,11.20
2.0071,0.8652,0.5431,0.1527,-8.75,7.84,11.90
2.0092,0.8647,0.5412,0.1498,-9.38,7.98,11.41
2.0113,0.8613,0.5402,0.1484,-9.24,7.91,11.69
2.0135,0.8589,0.5441,0.1488,-8.96,7.84,10.99
2.0156,0.8618,0.5461,0.1488,-8.33,7.98,11.27
2.0156,0.8628,0.5456,0.1464,-8.96,8.12,11.41
2.0157,0.8638,0.5446,0.1454,-8.19,7.49,10.71
2.0158,0.8652,0.5446,0.1454,-8.05,7.91,11.41
2.0158,0.8633,0.5475,0.1425,-8.40,7.56,10.57
2.0159,0.8599,0.5495,0.1410,-7.63,7.63,11.41
2.0159,0.8574,0.5534,0.1420,-7.70,7.98,10.57
2.0160,0.8555,0.5563,0.1401,-7.21,7.56,11.20
2.0160,0.8545,0.5558,0.1337,-7.49,7.91,10.92
2.0161,0.8535,0.5558,0.1337,-7.28,7.70,11.20
2.0162,0.8496,0.5588,0.1347,-7.21,7.14,10.71
2.0162,0.8481,0.5612,0.1376,-6.93,7.49,11.20
2.0163,0.8496,0.5632,0.1371,-6.86,7.21,10.29
2.0163,0.8501,0.5651,0.1352,-6.44,7.14,11.48
2.0164,0.8491,0.5627,0.1362,-6.93,7.07,10.36
2.0164,0.8506,0.5632,0.1347,-6.09,7.00,11.06
2.0165,0.8540,0.5636,0.1342,-6.37,6.65,10.36
2.0166,0.8516,0.5646,0.1332,-6.30,7.00,10.85
2.0166,0.8520,0.5646,0.1308,-6.37,6.58,10.50
2.0167,0.8545,0.5627,0.1269,-5.95,6.58,10.64
2.0167,0.8496,0.5636,0.1269,-5.67,6.23,10.50
2.0168,0.8457,0.5636,0.1279,-6.02,6.30,10.22
2.0168,0.8472,0.5641,0.1235,-5.39,6.23,10.43
2.0168,0.8481,0.5651,0.1240,-5.67,6.02,10.22
2.0169,0.8491,0.5636,0.1235,-5.60,6.30,10.57
2.0169,0.8501,0.5641,0.1240,-5.67,6.23,10.15
2.0169,0.8472,0.5671,0.1240,-5.39,5.39,10.15
2.0170,0.8501,0.5671,0.1215,-5.39,5.60,9.87
2.0170,0.8545,0.5646,0.1254,-5.25,5.53,10.36
2.0170,0.8516,0.5646,0.1244,-5.25,5.74,9.59
2.0171,0.8481,0.5617,0.1215,-5.53,5.53,10.29
2.0171,0.8486,0.5627,0.1225,-5.39,4.62,9.38
2.0171,0.8506,0.5651,0.1196,-5.32,5.18,10.15
2.0172,0.8486,0.5627,0.1205,-5.46,4.83,9.52
2.0172,0.8467,0.5636,0.1235,-4.90,4.83,9.87
2.0172,0.8447,0.5666,0.1181,-5.25,4.06,9.17
2.0173,0.8438,0.5651,0.1152,-5.11,4.34,9.94
2.0173,0.8428,0.5646,0.1157,-5.46,4.20,9.10
2.0173,0.8418,0.5651,0.1137,-5.32,4.06,9.94
2.0174,0.8398,0.5641,0.1142,-5.74,4.06,9.17
2.0174,0.8398,0.5646,0.1127,-4.97,3.57,9.38
2.0179,0.8398,0.5617,0.1118,-5.60,3.71,9.10
2.0184,0.8394,0.5597,0.1127,-5.04,3.57,9.31
2.0189,0.8428,0.5607,0.1113,-5.25,3.57,9.24
2.0195,0.8418,0.5588,0.1157,-5.46,3.29,8.75
2.0200,0.8384,0.5514,0.1181,-5.39,2.87,9.03
2.0205,0.8389,0.5495,0.1171,-5.67,2.66,8.40
2.0210,0.8394,0.5544,0.1166,-5.60,3.01,9.24
2.0215,0.8413,0.5524,0.1171,-5.95,2.38,8.19
2.0220,0.8394,0.5495,0.1161,-5.46,2.45,8.82
2.0225,0.8403,0.5500,0.1118,-5.88,2.17,8.05
2.0230,0.8433,0.5519,0.1083,-5.81,2.38,8.75
2.0235,0.8379,0.5553,0.1103,-6.16,1.75,8.05
2.0240,0.8369,0.5549,0.1142,-6.02,2.03,8.47
2.0246,0.8374,0.5534,0.1152,-6.23,1.19,7.77
2.0251,0.8359,0.5524,0.1171,-6.30,1.68,8.47
2.0256,0.8403,0.5505,0.1137,-6.58,0.98,7.56
2.0261,0.8408,0.5485,0.1113,-6.37,1.12,8.12
2.0266,0.8394,0.5466,0.1147,-6.72,0.84,7.91
2.0271,0.8384,0.5451,0.1147,-6.72,0.77,8.19
2.0276,0.8320,0.5446,0.1171,-6.79,0.42,7.42
2.0277,0.8316,0.5446,0.1132,-7.00,0.56,7.84
2.0277,0.8335,0.5441,0.1122,-7.35,-0.21,7.42
2.0277,0.8301,0.5436,0.1142,-7.56,-0.07,7.63
2.0278,0.8316,0.5427,0.1147,-7.42,-0.14,7.56
2.0278,0.8272,0.5407,0.1152,-8.05,-0.21,7.63
2.0278,0.8237,0.5383,0.1152,-7.56,-0.77,7.21
2.0279,0.8272,0.5368,0.1132,-8.26,-0.49,7.42
2.0279,0.8272,0.5373,0.1103,-7.91,-1.26,6.93
2.0280,0.8247,0.5388,0.1098,-8.47,-0.70,7.70
2.0280,0.8247,0.5392,0.1122,-8.47,-1.54,6.79
2.0280,0.8233,0.5417,0.1161,-8.54,-0.77,8.05
2.0281,0.8233,0.5388,0.1142,-8.89,-1.82,6.86
2.0281,0.8233,0.5353,0.1147,-8.75,-1.75,7.77
2.0281,0.8208,0.5388,0.1142,-9.17,-1.54,7.14
2.0282,0.8198,0.5412,0.1108,-8.96,-1.96,7.70
2.0282,0.8194,0.5397,0.1088,-9.66,-1.89,6.93
2.0282,0.8184,0.5383,0.1078,-9.17,-2.03,7.63
2.0283,0.8179,0.5339,0.1132,-9.52,-2.31,7.14
2.0283,0.8159,0.5309,0.1166,-9.87,-2.38,7.42
2.0284,0.8140,0.5314,0.1152,-10.15,-2.24,7.42
2.0295,0.8145,0.5324,0.1122,-9.73,-2.45,7.07
2.0306,0.8115,0.5295,0.1074,-10.57,-2.52,7.21
2.0318,0.8111,0.5251,0.1069,-10.08,-2.17,7.56
2.0329,0.8067,0.5222,0.1137,-10.57,-2.94,7.28
2.0340,0.8067,0.5222,0.1142,-11.13,-3.01,7.21
2.0352,0.8062,0.5246,0.1113,-11.06,-3.36,7.35
2.0363,0.8047,0.5202,0.1088,-11.41,-3.01,7.63
2.0374,0.8013,0.5212,0.1103,-11.20,-3.15,7.49
2.0386,0.7998,0.5207,0.1152,-11.69,-3.36,7.84
2.0397,0.7979,0.5226,0.1137,-11.62,-3.08,7.63
2.0408,0.7989,0.5261,0.1137,-11.76,-3.36,7.56
2.0420,0.7998,0.5246,0.1176,-12.04,-3.29,7.91
2.0431,0.7959,0.5226,0.1171,-12.53,-3.15,7.77
2.0442,0.7954,0.5251,0.1171,-11.90,-3.85,7.91
2.0454,0.7964,0.5251,0.1147,-12.60,-3.43,8.12
2.0465,0.7906,0.5246,0.1176,-12.25,-3.50,8.12
2.0476,0.7862,0.5236,0.1210,-12.53,-3.57,8.05
2.0488,0.7886,0.5241,0.1210,-12.88,-3.85,8.33
2.0499,0.7891,0.5256,0.2484,-12.60,-3.57,8.19
2.0510,0.7842,0.5280,0.1220,-13.16,-3.64,8.75
2.0515,0.7837,0.5334,0.1215,-13.16,-3.29,9.10
2.0520,0.7828,0.5295,0.1205,-13.02,-4.20,8.54
2.0525,0.7759,0.5314,0.1161,-13.30,-3.36,9.31
2.0529,0.7784,0.5334,0.1152,-13.30,-3.85,9.10
2.0534,0.7803,0.5373,0.1210,-13.23,-3.43,9.45
2.0539,0.7754,0.5431,0.1225,-13.37,-3.78,9.38
2.0544,0.7686,0.5451,0.1205,-13.23,-3.36,9.80
2.0549,0.7676,0.5436,0.1220,-13.23,-3.71,9.45
2.0553,0.7720,0.5461,0.1220,-13.23,-3.50,10.43
2.0558,0.7720,0.5480,0.1191,-13.37,-3.64,9.87
2.0563,0.7754,0.5490,0.1191,-13.44,-3.43,10.43
2.0568,0.7730,0.5534,0.1205,-13.23,-3.43,10.57
2.0573,0.7662,0.5583,0.1200,-13.44,-3.50,10.43
2.0577,0.7657,0.5602,0.1205,-12.95,-3.01,10.99
2.0582,0.7637,0.5646,0.1176,-13.09,-3.64,10.57
2.0587,0.7623,0.5719,0.1152,-13.09,-3.08,11.48
2.0592,0.7608,0.5739,0.1132,-13.30,-2.94,11.06
2.0597,0.7603,0.5749,0.1098,-12.67,-3.15,11.83
2.0601,0.7598,0.5773,0.1083,-13.23,-3.01,11.20
2.0606,0.7554,0.5802,0.1098,-13.02,-2.80,12.32
2.0612,0.7574,0.5802,0.1127,-12.39,-2.80,11.76
2.0618,0.7603,0.5797,0.1137,-12.88,-3.43,12.11
2.0625,0.7588,0.5822,0.1083,-12.25,-2.59,12.53
2.0631,0.7618,0.5832,0.1074,-12.53,-3.01,12.18
2.0637,0.7613,0.5846,0.1078,-11.69,-2.38,12.81
2.0643,0.7588,0.5895,0.1044,-12.11,-2.73,12.32
2.0649,0.7564,0.5929,0.1064,-11.90,-2.24,13.09
2.0655,0.7554,0.5934,0.1093,-11.83,-2.59,12.53
2.0661,0.7544,0.5963,0.1093,-11.62,-2.03,13.30
2.0667,0.7476,0.6022,0.1088,-11.41,-2.38,12.67
2.0674,0.7466,0.6041,0.1064,-11.34,-2.03,13.44
2.0680,0.7471,0.6037,0.1044,-11.27,-2.03,12.74
2.0686,0.7491,0.6061,0.1088,-11.20,-1.96,13.58
2.0692,0.7515,0.6071,0.1132,-10.99,-1.82,13.02
2.0698,0.7515,0.6056,0.1118,-10.36,-1.82,13.16
2.0704,0.7471,0.6071,0.1059,-10.92,-1.75,13.30
2.0710,0.7427,0.6090,0.1069,-10.29,-1.82,13.23
2.0716,0.7442,0.6129,0.1069,-10.36,-1.75,13.30
2.0723,0.7466,0.6149,0.1044,-9.66,-1.82,13.02
2.0729,0.7481,0.6178,0.1049,-10.15,-1.26,13.30
2.0747,0.7457,0.6188,0.1049,-9.38,-1.68,13.09
2.0764,0.7437,0.6202,0.1025,-9.52,-0.77,13.37
2.0782,0.7457,0.6281,0.0991,-8.89,-1.26,13.09
2.0800,0.7481,0.6305,0.0976,-9.31,-1.19,13.23
2.0818,0.7476,0.6281,0.0981,-8.68,-1.33,12.60
2.0836,0.7471,0.6295,0.0986,-8.61,-0.56,13.23
2.0854,0.7466,0.6339,0.1020,-8.47,-1.19,12.46
2.0871,0.7462,0.6354,0.1000,-8.12,-0.42,13.02
2.0889,0.7457,0.6368,0.0956,-7.91,-1.12,12.60
2.0907,0.7442,0.6344,0.0956,-7.70,-0.63,12.25
2.0925,0.7413,0.6349,0.0976,-7.84,-0.84,12.67
2.0943,0.7393,0.6417,0.0976,-7.21,-0.70,12.04
2.0961,0.7398,0.6476,0.0952,-7.56,-0.07,12.46
2.0978,0.7364,0.6481,0.0913,-6.72,-0.49,11.76
2.0996,0.7305,0.6515,0.0932,-6.93,-0.14,12.32
2.1014,0.7286,0.6573,0.0937,-6.23,-0.63,11.20
2.1032,0.7286,0.6593,0.0952,-5.81,-0.28,11.34
2.1050,0.7315,0.6578,0.0956,-5.88,-0.14,11.06
2.1068,0.7291,0.6583,0.0937,-5.53,-0.35,11.27
2.1086,0.7291,0.6564,0.0932,-5.25,0.42,10.85
2.1086,0.7320,0.6554,0.0922,-5.18,-0.49,10.64
2.1087,0.7296,0.6578,0.0956,-4.62,-0.07,10.43
2.1087,0.7310,0.6583,0.0971,-4.76,0.21,10.29
2.1088,0.7296,0.6583,0.0961,-4.41,0.49,10.01
2.1088,0.7291,0.6529,0.0976,-4.41,0.28,9.80
2.1089,0.7340,0.6500,0.0927,-4.13,0.63,10.08
2.1089,0.7379,0.6525,0.0908,-3.99,0.14,9.03
2.1090,0.7379,0.6520,0.0981,-3.50,0.70,9.03
2.1090,0.7344,0.6505,0.0996,-3.43,0.28,8.68
2.1091,0.7330,0.6510,0.0991,-3.43,0.49,8.33
2.1091,0.7359,0.6525,0.0991,-3.22,0.77,8.05
2.1092,0.7383,0.6520,0.0956,-2.94,0.28,7.70
2.1092,0.7388,0.6481,0.0947,-2.45,0.84,7.28
2.1093,0.7398,0.6490,0.0927,-2.80,-0.07,7.07
2.1093,0.7383,0.6515,0.0952,-2.17,0.70,6.65
2.1094,0.7388,0.6510,0.0976,-2.31,0.14,6.09
2.1094,0.7383,0.6437,0.0976,-1.96,0.35,5.53
2.1095,0.7413,0.6495,0.0961,-1.47,0.70,4.76
2.1095,0.7447,0.6495,0.0913,-1.68,0.35,4.69
2.1096,0.7447,0.6481,0.0917,-1.40,0.42,3.99
2.1096,0.7471,0.6466,0.0917,-1.33,0.56,4.06
2.1097,0.7471,0.6471,0.0917,-1.19,0.42,3.29
2.1097,0.7447,0.6481,0.0932,-0.84,0.42,3.08
2.1097,0.7447,0.6422,0.0922,-0.98,0.63,2.52
2.1098,0.7496,0.6417,0.0917,-0.49,0.35,2.03
2.1098,0.7505,0.6451,0.0908,-0.84,0.63,2.03
2.1098,0.7501,0.6417,0.0922,-0.42,0.14,0.98
2.1099,0.7530,0.6388,0.0908,-0.70,0.49,1.40
2.1099,0.7501,0.6368,0.0922,-0.07,0.28,0.42
2.1100,0.7520,0.6354,0.0893,-0.07,0.21,0.42
2.1100,0.7579,0.6354,0.0830,-0.14,0.35,-0.42
2.1100,0.7540,0.6339,0.0849,0.21,0.14,-0.28
2.1101,0.7535,0.6334,0.0844,0.00,0.00,-0.98
2.1101,0.7564,0.6329,0.0825,0.00,-0.14,-1.05
2.1102,0.7564,0.6276,0.0820,0.14,0.00,-1.96
2.1102,0.7569,0.6261,0.0854,0.56,0.28,-1.61
2.1102,0.7588,0.6271,0.0854,0.35,-0.14,-2.66
2.1103,0.7598,0.6242,0.0859,0.77,0.00,-2.24
2.1103,0.7608,0.6242,0.0859,0.56,-0.07,-3.29
2.1103,0.7603,0.6266,0.0859,0.98,-0.21,-3.08
2.1108,0.7618,0.6237,0.0849,0.28,-0.28,-3.78
2.1112,0.7662,0.6217,0.0839,1.26,-0.35,-3.57
2.1116,0.7681,0.6227,0.0849,0.49,0.14,-3.99
2.1120,0.7706,0.6202,0.0830,1.12,-0.42,-4.27
2.1124,0.7749,0.6159,0.0825,0.84,-0.42,-4.69
2.1128,0.7764,0.6124,0.0830,0.91,-0.63,-4.62
2.1132,0.7745,0.6120,0.0849,0.98,-0.56,-4.90
2.1136,0.7793,0.6120,0.0854,1.19,-1.47,-5.46
2.1140,0.7837,0.6080,0.0834,1.12,-0.49,-5.60
2.1144,0.7823,0.6061,0.0825,1.40,-1.12,-5.53
2.1148,0.7832,0.6076,0.0834,1.19,-0.84,-6.51
2.1152,0.7867,0.6095,0.0864,1.05,-1.33,-5.74
2.1156,0.7857,0.6076,0.0883,1.33,-1.40,-7.00
2.1160,0.7852,0.6041,0.0869,1.33,-1.12,-5.60
2.1164,0.7867,0.6027,0.0859,1.12,-1.47,-7.14
2.1168,0.7852,0.6017,0.0874,1.26,-0.84,-5.81
2.1172,0.7886,0.5993,0.0888,1.40,-1.82,-7.21
2.1176,0.7935,0.6002,0.0893,1.61,-1.47,-6.37
2.1180,0.7925,0.5968,0.0888,1.26,-1.54,-7.07
2.1184,0.7906,0.5890,0.0864,1.26,-1.47,-6.37
2.1189,0.7906,0.5880,0.0878,1.40,-2.03,-7.35
2.1194,0.7945,0.5841,0.0888,1.40,-1.89,-6.72
2.1199,0.7993,0.5812,0.0888,1.12,-1.68,-7.07
2.1203,0.7984,0.5851,0.0888,1.75,-1.89,-7.21
2.1208,0.7945,0.5832,0.0878,1.12,-1.96,-7.00
2.1213,0.7954,0.5754,0.0874,1.19,-2.31,-7.35
2.1218,0.7984,0.5739,0.0898,1.33,-1.89,-7.07
2.1222,0.8003,0.5744,0.0937,1.33,-2.24,-7.28
2.1227,0.7993,0.5714,0.0888,1.12,-2.17,-7.00
2.1232,0.8028,0.5724,0.0854,1.33,-2.31,-7.14
2.1237,0.8096,0.5705,0.0820,0.98,-2.24,-6.79
2.1242,0.8052,0.5666,0.0864,0.91,-2.24,-6.51
2.1246,0.8037,0.5671,0.0834,0.77,-3.08,-7.84
2.1251,0.7993,0.5675,0.0854,0.91,-2.31,-6.37
2.1256,0.8042,0.5671,0.0869,0.56,-2.66,-7.35
2.1261,0.8101,0.5695,0.0820,0.91,-2.59,-6.37
2.1265,0.8057,0.5675,0.0800,0.14,-2.80,-7.28
2.1270,0.8067,0.5656,0.0771,0.98,-3.15,-6.72
2.1275,0.8120,0.5690,0.0781,0.28,-2.80,-6.86
2.1280,0.8101,0.5680,0.0771,0.56,-2.80,-6.65
2.1286,0.8135,0.5671,0.0717,0.28,-2.80,-6.37
2.1292,0.8194,0.5680,0.0737,0.35,-3.57,-6.86
2.1299,0.8154,0.5651,0.0776,-0.07,-3.08,-6.09
2.1305,0.8096,0.5632,0.0747,0.21,-3.22,-6.79
2.1311,0.8130,0.5666,0.0708,-0.07,-2.94,-5.60
2.1317,0.8184,0.5661,0.0703,-0.07,-3.64,-7.00
2.1323,0.8179,0.5627,0.0703,-0.07,-3.08,-5.60
2.1330,0.8208,0.5588,0.0703,-0.63,-3.29,-6.30
2.1336,0.8233,0.5578,0.0708,-0.28,-3.36,-5.32
2.1342,0.8311,0.5578,0.0693,-0.91,-3.92,-6.58
2.1348,0.8296,0.5583,0.0664,-0.98,-3.43,-5.88
2.1355,0.8286,0.5563,0.0683,-0.35,-3.50,-5.25
2.1361,0.8330,0.5563,0.0717,-1.47,-3.43,-5.53
2.1367,0.8335,0.5553,0.0727,-0.91,-3.71,-5.39
2.1373,0.8320,0.5553,0.0717,-1.54,-3.78,-5.04
2.1380,0.8345,0.5578,0.0698,-1.33,-3.92,-5.32
2.1386,0.8359,0.5558,0.0683,-1.89,-3.78,-4.83
2.1392,0.8364,0.5539,0.0717,-1.61,-3.85,-5.04
2.1398,0.8389,0.5588,0.0752,-1.68,-4.06,-4.90
2.1405,0.8379,0.5602,0.0717,-2.03,-4.06,-5.11
2.1410,0.8359,0.5558,0.0669,-2.03,-3.99,-3.99
2.1416,0.8369,0.5573,0.0683,-2.10,-4.41,-5.11
2.1421,0.8379,0.5602,0.0669,-2.10,-3.85,-4.34
2.1427,0.8379,0.5622,0.0664,-2.94,-4.41,-4.41
2.1433,0.8389,0.5612,0.0761,-2.31,-4.20,-4.06
2.1438,0.8379,0.5602,0.0756,-3.08,-4.13,-4.48
2.1444,0.8379,0.5578,0.0673,-2.59,-4.06,-3.50
2.1450,0.8374,0.5583,0.0678,-3.36,-4.90,-4.90
2.1455,0.8364,0.5636,0.0698,-2.73,-4.20,-3.15
2.1461,0.8379,0.5617,0.0673,-3.92,-3.85,-4.27
2.1466,0.8364,0.5597,0.0659,-3.01,-4.48,-2.73
2.1472,0.8355,0.5632,0.0673,-3.50,-4.13,-4.34
2.1478,0.8374,0.5622,0.0698,-3.36,-4.62,-2.94
2.1483,0.8398,0.5597,0.0708,-3.71,-3.92,-3.50
2.1489,0.8403,0.5612,0.0683,-3.85,-4.55,-3.36
2.1495,0.8398,0.5622,0.0664,-3.64,-4.06,-3.01
2.1500,0.8379,0.5627,0.0669,-4.34,-4.83,-3.29
2.1506,0.8379,0.5627,0.0664,-3.71,-3.99,-2.59
2.1511,0.8403,0.5632,0.0644,-4.55,-4.83,-3.22
2.1517,0.8403,0.5627,0.0615,-4.06,-3.92,-1.96
2.1522,0.8389,0.5646,0.0576,-4.69,-4.62,-3.36
2.1527,0.8379,0.5632,0.0566,-4.55,-4.41,-1.61
2.1531,0.8394,0.5636,0.0625,-4.97,-4.62,-3.43
2.1536,0.8384,0.5710,0.0669,-4.62,-4.62,-1.40
2.1541,0.8389,0.5705,0.0649,-5.53,-4.62,-3.29
2.1546,0.8452,0.5724,0.0634,-4.76,-4.13,-0.98
2.1551,0.8457,0.5763,0.0625,-5.46,-4.55,-3.22
2.1556,0.8438,0.5744,0.0620,-4.83,-4.69,-1.47
2.1560,0.8462,0.5749,0.0605,-5.60,-4.62,-2.73
2.1565,0.8438,0.5768,0.0625,-5.25,-4.83,-1.40
2.1570,0.8433,0.5768,0.0630,-5.67,-3.85,-1.96
2.1575,0.8438,0.5749,0.0595,-5.46,-5.04,-1.40
2.1580,0.8403,0.5758,0.0586,-5.60,-4.06,-1.68
2.1584,0.8408,0.5788,0.0576,-5.74,-5.11,-1.82
2.1589,0.8438,0.5788,0.0595,-5.81,-3.85,-1.05
2.1594,0.8447,0.5768,0.0576,-6.02,-4.69,-1.82
2.1599,0.8447,0.5778,0.0595,-5.95,-4.34,-0.56
2.1604,0.8433,0.5812,0.0649,-6.23,-4.62,-1.96
2.1608,0.8408,0.5807,0.0634,-5.74,-3.99,-0.07
2.1613,0.8384,0.5807,0.0625,-6.30,-5.39,-2.38
2.1619,0.8379,0.5802,0.0600,-6.44,-3.71,0.28
2.1626,0.8428,0.5783,0.0600,-6.44,-4.76,-1.89
2.1632,0.8472,0.5768,0.0630,-6.37,-4.55,0.35
2.1638,0.8433,0.5758,0.0644,-6.86,-4.27,-1.75
2.1644,0.8398,0.5778,0.0649,-6.44,-4.76,0.35
2.1650,0.8418,0.5788,0.0610,-7.14,-4.27,-1.26
2.1656,0.8398,0.5827,0.0610,-6.44,-4.76,0.07
2.1662,0.8413,0.5841,0.0630,-7.28,-3.92,-0.49
2.1668,0.8428,0.5827,0.0649,-6.86,-5.32,-0.42
2.1674,0.8447,0.5836,0.0634,-7.00,-3.50,-0.07
2.1681,0.8467,0.5836,0.0625,-7.00,-5.53,-0.70
2.1687,0.8423,0.5841,0.0630,-7.14,-3.43,0.77
2.1693,0.8433,0.5856,0.0649,-7.28,-4.97,-0.84
2.1699,0.8457,0.5876,0.0664,-6.93,-3.85,0.98
2.1705,0.8408,0.5885,0.0664,-7.49,-4.97,-0.49
2.1711,0.8389,0.5915,0.0659,-7.14,-3.99,1.40
2.1717,0.8394,0.5924,0.0630,-7.56,-5.25,-0.84
2.1723,0.8374,0.5851,0.0630,-7.28,-3.92,1.47
2.1730,0.8379,0.5807,0.0654,-7.91,-4.83,-0.77
2.1736,0.8355,0.5836,0.0673,-7.28,-4.27,1.54
2.1753,0.8330,0.5851,0.0625,-8.05,-4.27,-0.42
2.1771,0.8335,0.5846,0.0625,-7.28,-4.27,1.40
2.1789,0.8340,0.5871,0.0654,-8.19,-4.06,-0.07
2.1807,0.8325,0.5885,0.0659,-7.42,-4.48,1.12
2.1824,0.8340,0.5866,0.0634,-8.33,-3.57,0.00
2.1842,0.8311,0.5880,0.0615,-8.47,-4.06,0.28
2.1860,0.8325,0.5890,0.0664,-7.84,-4.13,0.70
2.1878,0.8330,0.5895,0.0708,-8.40,-4.13,0.56
2.1895,0.8311,0.5890,0.0683,-8.05,-4.13,0.42
2.1913,0.8325,0.5866,0.0693,-8.40,-4.06,0.63
2.1931,0.8286,0.5841,0.0688,-8.19,-4.20,0.00
2.1949,0.8237,0.5832,0.0669,-8.26,-3.99,0.84
2.1966,0.8237,0.5846,0.0678,-8.54,-3.92,-0.42
2.1984,0.8262,0.5841,0.0703,-8.33,-3.92,0.98
2.2002,0.8233,0.5836,0.0698,-8.61,-3.78,-0.21
2.2020,0.8228,0.5836,0.0673,-8.54,-4.13,0.77
2.2037,0.8247,0.5846,0.0669,-8.47,-4.06,-0.35
2.2055,0.8233,0.5841,0.0669,-8.54,-3.92,0.70
2.2073,0.8247,0.5817,0.0654,-9.03,-3.50,0.07
2.2091,0.8257,0.5827,0.0649,-8.54,-4.13,0.21
2.2091,0.8228,0.5861,0.0625,-9.03,-3.50,-0.28
2.2092,0.8228,0.5861,0.0654,-8.26,-3.85,0.14
2.2092,0.8237,0.5851,0.0703,-9.59,-3.71,-0.14
2.2093,0.8242,0.5846,0.0698,-8.47,-3.71,-0.14
2.2093,0.8276,0.5832,0.0727,-9.45,-3.71,0.00
2.2094,0.8267,0.5817,0.0708,-8.61,-3.43,-0.28
2.2094,0.8252,0.5812,0.0673,-9.31,-3.99,-0.35
2.2095,0.8242,0.5822,0.0688,-8.82,-3.29,-0.56
2.2095,0.8233,0.5836,0.0703,-9.38,-3.78,-0.21
2.2096,0.8252,0.5851,0.0693,-9.03,-3.29,-0.42
2.2096,0.8233,0.5876,0.0703,-9.10,-3.78,-0.42
2.2097,0.8223,0.5876,0.0712,-9.24,-3.57,-0.49
2.2097,0.8213,0.5890,0.0732,-9.10,-3.78,-0.77
2.2098,0.8233,0.5895,0.0732,-9.17,-3.15,-0.07
2.2098,0.8252,0.5890,0.0732,-9.38,-3.36,-0.70
2.2099,0.8233,0.5890,0.0742,-9.24,-3.78,-0.63
2.2099,0.8208,0.5890,0.0732,-9.10,-3.36,-0.77
2.2100,0.8203,0.5934,0.0771,-9.31,-3.64,-0.21
2.2100,0.8218,0.5968,0.0761,-8.96,-3.22,-0.63
2.2101,0.8208,0.5949,0.0732,-9.66,-4.13,-0.77
2.2101,0.8233,0.5949,0.0712,-8.89,-3.08,-0.56
2.2101,0.8233,0.5973,0.0669,-9.45,-3.99,-0.77
2.2102,0.8218,0.5968,0.0688,-8.61,-3.15,-0.14
2.2102,0.8223,0.5968,0.0712,-9.45,-4.20,-1.19
2.2102,0.8223,0.5978,0.0712,-8.89,-3.15,-0.21
2.2103,0.8223,0.5983,0.0703,-9.45,-4.48,-1.33
2.2103,0.8198,0.5973,0.0698,-8.61,-2.87,0.14
2.2104,0.8194,0.5993,0.0678,-9.24,-3.78,-0.91
2.2104,0.8203,0.6032,0.0688,-8.54,-3.08,0.28
2.2104,0.8213,0.6017,0.0737,-9.03,-3.71,-1.12
2.2105,0.8194,0.6012,0.0732,-8.40,-3.01,0.63
2.2105,0.8189,0.6002,0.0693,-8.96,-3.64,-0.98
2.2105,0.8218,0.6012,0.0678,-8.33,-3.43,0.21
2.2106,0.8198,0.6061,0.0673,-8.89,-3.50,-0.98
2.2106,0.8154,0.6051,0.0688,-8.61,-3.50,0.42
2.2106,0.8159,0.6012,0.0683,-8.61,-3.08,-0.63
2.2107,0.8179,0.5983,0.0693,-8.61,-3.57,0.14
2.2107,0.8189,0.5944,0.0688,-8.61,-3.01,-0.70
2.2108,0.8228,0.5954,0.0664,-8.19,-3.92,0.21
2.2108,0.8237,0.5973,0.0708,-8.12,-2.59,-0.14
2.2119,0.8198,0.5934,0.0712,-8.54,-3.71,-0.49
2.2129,0.8194,0.5939,0.0693,-7.98,-2.94,0.35
2.2140,0.8184,0.5958,0.0717,-7.98,-3.78,-0.63
2.2150,0.8189,0.5934,0.0712,-7.91,-2.73,0.63
2.2161,0.8208,0.5915,0.0717,-8.05,-3.78,-1.05
2.2172,0.8208,0.5919,0.0722,-7.98,-2.66,0.91
2.2182,0.8213,0.5924,0.0756,-7.98,-3.64,-0.98
2.2193,0.8203,0.5905,0.0766,-7.84,-3.22,0.56
2.2203,0.8189,0.5900,0.0737,-7.91,-3.43,-0.91
2.2214,0.8194,0.5939,0.0712,-7.56,-3.57,0.49
2.2225,0.8213,0.5963,0.0712,-8.19,-3.36,-0.77
2.2235,0.8223,0.5934,0.0717,-7.21,-3.92,0.21
2.2246,0.8228,0.5934,0.0703,-8.19,-2.87,-0.56
2.2256,0.8233,0.5919,0.0708,-7.28,-3.99,-0.21
2.2267,0.8286,0.5895,0.0742,-7.63,-3.15,-0.35
2.2278,0.8291,0.5924,0.0732,-7.14,-3.99,-0.28
2.2288,0.8242,0.5919,0.0698,-7.56,-3.50,0.00
2.2299,0.8272,0.5944,0.0722,-7.14,-4.41,-0.56
2.2309,0.8316,0.5958,0.0742,-7.21,-3.36,0.00
2.2320,0.8306,0.5944,0.0727,-7.28,-4.34,-0.63
2.2325,0.8296,0.5954,0.0683,-7.14,-4.13,-0.49
2.2330,0.8311,0.5963,0.0698,-6.72,-3.85,-0.14
2.2336,0.8291,0.5993,0.0732,-7.35,-3.57,-0.07
2.2341,0.8296,0.5998,0.0708,-6.44,-3.57,-0.35
2.2346,0.8306,0.5949,0.0698,-7.07,-4.27,-0.63
2.2351,0.8306,0.5949,0.0698,-6.23,-4.20,-0.14
2.2357,0.8320,0.5968,0.0727,-7.35,-4.34,-0.56
2.2362,0.8325,0.5998,0.0693,-6.09,-4.34,0.07
2.2367,0.8301,0.5993,0.0698,-6.93,-4.34,-0.77
2.2372,0.8306,0.5949,0.0722,-5.88,-3.85,0.49
2.2378,0.8301,0.5978,0.0693,-6.93,-4.62,-1.05
2.2383,0.8272,0.6002,0.0708,-6.02,-4.55,0.35
2.2388,0.8276,0.5983,0.0712,-6.58,-4.34,-1.19
2.2393,0.8276,0.5988,0.0698,-5.88,-4.83,0.07
2.2398,0.8286,0.6022,0.0688,-6.02,-4.55,-0.98
2.2404,0.8296,0.6037,0.0683,-5.88,-5.04,-0.28
2.2409,0.8262,0.6041,0.0683,-5.95,-4.13,-0.49
2.2414,0.8257,0.6037,0.0678,-5.60,-5.18,-0.63
2.2419,0.8276,0.6037,0.0688,-5.81,-4.27,-0.49
2.2425,0.8267,0.6027,0.0703,-5.95,-5.46,-1.12
2.2430,0.8272,0.5993,0.0698,-5.60,-4.83,-0.49
2.2435,0.8252,0.5983,0.0698,-5.53,-4.62,-0.91
2.2440,0.8218,0.5973,0.0722,-5.18,-5.11,-0.56
2.2445,0.8208,0.5944,0.0737,-5.39,-5.25,-1.26
2.2450,0.8223,0.5954,0.0722,-5.32,-5.39,-0.84
2.2455,0.8223,0.5998,0.0712,-4.97,-5.04,-1.75
2.2460,0.8267,0.6027,0.0717,-4.97,-5.11,-0.91
2.2465,0.8301,0.6012,0.0747,-4.97,-5.25,-1.82
2.2471,0.8291,0.5993,0.0737,-4.69,-5.67,-1.26
2.2476,0.8330,0.5973,0.0703,-5.39,-4.97,-1.89
2.2481,0.8330,0.5973,0.0708,-4.55,-5.53,-1.47
2.2486,0.8296,0.5968,0.0708,-5.11,-5.32,-2.17
2.2491,0.8316,0.5968,0.0693,-4.34,-5.46,-1.82
2.2496,0.8335,0.5998,0.0703,-4.90,-5.53,-2.17
2.2501,0.8325,0.6017,0.0742,-4.41,-5.81,-2.24
2.2506,0.8355,0.5998,0.0727,-4.62,-5.46,-2.31
2.2511,0.8350,0.5958,0.0698,-4.13,-5.46,-2.17
2.2517,0.8311,0.5968,0.0712,-4.55,-5.81,-2.87
2.2522,0.8316,0.5944,0.0737,-4.27,-5.67,-2.38
2.2527,0.8320,0.5939,0.0786,-4.55,-6.37,-3.15
2.2532,0.8306,0.5929,0.0732,-4.13,-5.60,-2.59
2.2538,0.8320,0.5915,0.0756,-4.41,-5.88,-3.29
2.2544,0.8296,0.5929,0.0747,-3.92,-5.81,-3.29
2.2549,0.8291,0.5929,0.0732,-4.48,-5.32,-3.43
2.2555,0.8311,0.5900,0.0756,-3.78,-6.30,-3.50
2.2560,0.8311,0.5856,0.0771,-4.20,-5.74,-3.43
2.2566,0.8286,0.5846,0.0737,-3.64,-6.30,-3.64
2.2572,0.8272,0.5885,0.0747,-4.20,-5.81,-3.99
2.2577,0.8281,0.5861,0.0781,-3.78,-6.23,-3.57
2.2583,0.8276,0.5822,0.0776,-3.85,-5.88,-4.20
2.2588,0.8267,0.5836,0.0742,-3.71,-6.23,-3.57
2.2594,0.8281,0.5817,0.0722,-3.71,-6.30,-4.48
2.2600,0.8272,0.5807,0.0776,-3.92,-5.88,-3.78
2.2605,0.8242,0.5812,0.0781,-3.50,-5.81,-4.55
2.2611,0.8247,0.5793,0.0727,-3.99,-6.16,-3.78
2.2616,0.8252,0.5758,0.0727,-3.22,-6.23,-4.90
2.2622,0.8257,0.5763,0.0756,-3.71,-6.23,-3.85
2.2628,0.8306,0.5793,0.0805,-3.22,-6.51,-4.97
2.2633,0.8306,0.5793,0.0805,-3.99,-5.95,-4.27
2.2639,0.8267,0.5773,0.0786,-3.50,-6.44,-4.90
2.2644,0.8233,0.5749,0.0805,-3.50,-5.60,-4.27
2.2650,0.8223,0.5749,0.0830,-3.50,-6.58,-5.04
2.2655,0.8262,0.5700,0.0830,-3.36,-5.67,-3.99
2.2660,0.8286,0.5671,0.0839,-3.43,-6.37,-4.76
2.2665,0.8223,0.5695,0.0854,-3.43,-5.81,-4.34
2.2671,0.8198,0.5671,0.0844,-3.64,-6.51,-4.90
2.2676,0.8203,0.5646,0.0830,-3.29,-6.09,-4.13
2.2681,0.8218,0.5651,0.0834,-3.71,-6.44,-4.90
2.2687,0.8247,0.5671,0.0854,-3.15,-5.74,-4.41
2.2692,0.8237,0.5685,0.0810,-3.71,-6.23,-4.76
2.2697,0.8233,0.5714,0.0830,-3.22,-5.74,-4.41
2.2703,0.8189,0.5719,0.0913,-3.57,-5.88,-4.41
2.2708,0.8174,0.5656,0.0932,-3.15,-5.88,-4.48
2.2713,0.8184,0.5627,0.0908,-3.50,-5.81,-4.34
2.2719,0.8164,0.5641,0.0903,-3.29,-5.67,-4.41
2.2724,0.8145,0.5666,0.0908,-3.36,-6.02,-4.48
2.2729,0.8140,0.5685,0.0908,-2.87,-6.16,-4.55
2.2735,0.8154,0.5705,0.0947,-3.36,-5.88,-4.13
2.2740,0.8174,0.5710,0.0937,-2.80,-5.60,-4.69
2.2745,0.8150,0.5705,0.0913,-3.29,-5.67,-4.06
2.2762,0.8135,0.5680,0.0898,-3.01,-5.46,-4.34
2.2778,0.8140,0.5675,0.0913,-3.36,-5.88,-4.41
2.2795,0.8111,0.5690,0.0927,-2.87,-4.90,-4.13
2.2812,0.8130,0.5705,0.0888,-3.29,-5.67,-4.62
2.2828,0.8154,0.5754,0.0898,-2.80,-5.67,-3.92
2.2845,0.8130,0.5754,0.0913,-3.08,-5.60,-4.34
2.2861,0.8101,0.5695,0.0893,-2.66,-5.39,-3.78
2.2878,0.8096,0.5719,0.0917,-2.87,-5.04,-4.20
2.2894,0.8120,0.5754,0.0956,-2.73,-5.46,-3.57
2.2911,0.8111,0.5754,0.0961,-2.59,-4.83,-4.27
2.2928,0.8145,0.5739,0.0956,-2.38,-5.60,-3.85
2.2944,0.8159,0.5739,0.0913,-2.94,-4.48,-3.71
2.2961,0.8135,0.5778,0.0878,-2.10,-4.90,-3.57
2.2977,0.8145,0.5778,0.0913,-2.73,-4.76,-3.71
2.2994,0.8125,0.5763,0.0917,-2.24,-4.62,-3.57
2.3011,0.8091,0.5788,0.0913,-2.24,-4.48,-3.78
2.3027,0.8115,0.5783,0.0913,-1.89,-4.62,-3.57
2.3044,0.8101,0.5812,0.0883,-2.10,-4.34,-3.57
2.3060,0.8076,0.5817,0.0864,-1.89,-4.27,-3.64
2.3077,0.8062,0.5822,0.0898,-2.17,-4.13,-3.43
2.3077,0.8062,0.5827,0.0917,-1.61,-4.62,-3.43
2.3078,0.8047,0.5807,0.0888,-2.17,-3.85,-3.43
2.3078,0.8086,0.5788,0.0878,-1.26,-4.34,-3.29
2.3079,0.8067,0.5793,0.0908,-1.75,-3.92,-3.64
2.3079,0.8052,0.5812,0.0883,-1.19,-3.92,-3.29
2.3080,0.8096,0.5822,0.0834,-1.61,-3.92,-3.50
2.3080,0.8091,0.5841,0.0849,-1.05,-4.06,-3.29
2.3081,0.8081,0.5856,0.0849,-1.19,-3.50,-3.43
2.3081,0.8067,0.5841,0.0830,-1.12,-3.78,-3.50
2.3081,0.8047,0.5812,0.0830,-1.12,-3.64,-3.43
2.3082,0.8037,0.5778,0.0854,-1.19,-3.57,-3.57
2.3082,0.8052,0.5797,0.0869,-0.77,-2.94,-2.94
2.3083,0.8003,0.5822,0.0849,-0.84,-3.78,-3.78
2.3083,0.7998,0.5797,0.0859,-0.63,-3.08,-3.43
2.3084,0.8047,0.5797,0.0859,-0.98,-3.57,-3.57
2.3084,0.8052,0.5807,0.0859,-0.42,-3.08,-3.43
2.3085,0.8018,0.5817,0.0917,-1.26,-3.08,-4.13
2.3085,0.8008,0.5797,0.0883,-0.28,-2.45,-3.08
2.3086,0.8023,0.5817,0.0874,-0.28,-3.22,-4.20
2.3086,0.7989,0.5851,0.0874,-0.35,-2.52,-3.08
2.3086,0.7959,0.5827,0.0830,-0.63,-2.59,-4.20
2.3087,0.7959,0.5812,0.0825,0.00,-2.66,-3.36
2.3087,0.7974,0.5807,0.0830,-0.35,-2.45,-4.13
2.3087,0.7964,0.5832,0.0854,-0.21,-2.31,-3.92
2.3088,0.7959,0.5851,0.0903,0.14,-2.38,-3.92
2.3088,0.7930,0.5817,0.0903,0.21,-2.45,-3.71
2.3089,0.7920,0.5812,0.0883,0.07,-2.03,-3.92
2.3089,0.7964,0.5807,0.0859,0.14,-2.10,-4.13
2.3089,0.8008,0.5822,0.0830,0.35,-1.61,-3.99
2.3090,0.8013,0.5807,0.0844,0.28,-1.96,-4.27
2.3090,0.8013,0.5822,0.0859,0.63,-1.68,-3.85
2.3090,0.8042,0.5851,0.0844,0.56,-1.89,-4.55
2.3091,0.8032,0.5817,0.0913,0.63,-1.61,-3.85
2.3091,0.8037,0.5822,0.0922,0.49,-1.40,-4.41
2.3092,0.8023,0.5836,0.0869,0.77,-1.61,-4.06
2.3092,0.7998,0.5832,0.0834,0.56,-1.61,-4.48
2.3092,0.8013,0.5797,0.0781,0.98,-1.47,-4.27
2.3093,0.7989,0.5812,0.0825,0.77,-1.05,-4.20
2.3093,0.7984,0.5827,0.0874,1.05,-1.19,-4.27
2.3093,0.8023,0.5783,0.0839,1.12,-1.33,-4.34
2.3099,0.8003,0.5797,0.0820,0.84,-1.54,-4.55
2.3104,0.7969,0.5807,0.0820,1.19,-0.35,-4.13
2.3109,0.7998,0.5783,0.0825,1.05,-1.47,-4.97
2.3114,0.7989,0.5783,0.0839,1.19,-0.63,-4.48
2.3119,0.7974,0.5744,0.0830,0.91,-0.98,-4.55
2.3125,0.7998,0.5690,0.0834,1.33,-0.70,-4.76
2.3130,0.7998,0.5714,0.0820,1.19,-0.98,-4.83
2.3135,0.7964,0.5749,0.0830,1.19,-0.70,-4.76
2.3140,0.7993,0.5749,0.0849,1.33,-0.56,-4.83
2.3146,0.8003,0.5729,0.0825,1.40,-0.70,-4.83
2.3151,0.7989,0.5714,0.0810,1.12,-0.63,-5.11
2.3156,0.8032,0.5719,0.0815,1.68,-0.35,-4.62
2.3161,0.8042,0.5729,0.0815,1.68,-0.70,-4.97
2.3166,0.8042,0.5700,0.0854,1.40,-0.14,-4.69
2.3172,0.8023,0.5656,0.0820,1.19,-0.14,-5.18
2.3177,0.8008,0.5661,0.0786,1.75,-0.28,-4.55
2.3182,0.8042,0.5661,0.0844,1.19,-0.28,-5.53
2.3187,0.8042,0.5646,0.0849,1.68,-0.35,-4.55
2.3192,0.8032,0.5632,0.0795,1.47,0.00,-5.25
2.3198,0.8018,0.5636,0.0781,1.61,-0.35,-5.04
2.3203,0.8057,0.5651,0.0820,1.54,-0.14,-5.18
2.3209,0.8096,0.5617,0.0830,1.54,-0.77,-5.32
2.3215,0.8062,0.5588,0.0834,1.26,0.63,-4.69
2.3220,0.8111,0.5597,0.0844,1.68,-0.63,-5.46
2.3226,0.8164,0.5617,0.0825,1.33,0.42,-4.90
2.3232,0.8130,0.5602,0.0795,1.61,-0.49,-5.18
2.3237,0.8125,0.5583,0.0786,1.61,0.49,-4.62
2.3243,0.8135,0.5558,0.0815,1.47,-0.21,-5.18
2.3249,0.8120,0.5553,0.0805,1.61,0.28,-4.62
2.3254,0.8150,0.5578,0.0776,1.40,-0.07,-5.18
2.3260,0.8145,0.5553,0.0795,1.19,-0.07,-4.83
2.3266,0.8184,0.5534,0.0781,1.54,-0.42,-4.83
2.3271,0.8164,0.5539,0.0815,1.12,0.21,-4.69
2.3277,0.8164,0.5514,0.0830,1.40,-0.07,-4.55
2.3283,0.8154,0.5505,0.0800,1.05,0.21,-4.97
2.3288,0.8140,0.5514,0.0800,1.40,-0.14,-4.55
2.3294,0.8145,0.5495,0.0825,0.91,0.14,-4.48
2.3300,0.8154,0.5490,0.0810,1.47,-0.28,-4.55
2.3305,0.8140,0.5470,0.0791,1.19,0.00,-4.48
2.3311,0.8154,0.5451,0.0834,1.26,-0.28,-4.41
2.3317,0.8174,0.5446,0.0820,1.19,0.00,-3.85
2.3323,0.8198,0.5446,0.0771,1.05,-0.28,-4.27
2.3329,0.8194,0.5456,0.0795,1.12,-0.07,-3.50
2.3335,0.8179,0.5456,0.0805,0.98,-0.49,-4.20
2.3341,0.8208,0.5470,0.0810,1.19,-0.14,-3.57
2.3346,0.8233,0.5470,0.0805,1.05,0.00,-3.64
2.3352,0.8247,0.5485,0.0781,1.12,-0.28,-3.22
2.3358,0.8237,0.5510,0.0795,0.91,-0.28,-3.36
2.3364,0.8252,0.5500,0.0761,1.12,-0.63,-3.15
2.3370,0.8223,0.5495,0.0756,0.84,-0.28,-2.73
2.3376,0.8213,0.5485,0.0747,1.26,-1.12,-3.15
2.3382,0.8262,0.5456,0.0752,1.12,-0.98,-2.80
2.3388,0.8286,0.5451,0.0752,0.84,-0.42,-2.38
2.3394,0.8272,0.5466,0.0756,0.84,-0.91,-2.45
2.3400,0.8262,0.5461,0.0761,0.91,-0.49,-1.82
2.3406,0.8237,0.5417,0.0756,0.84,-1.12,-2.66
2.3412,0.8223,0.5402,0.0766,1.26,-0.63,-1.54
2.3417,0.8223,0.5388,0.0791,0.56,-0.98,-2.24
2.3423,0.8218,0.5353,0.0795,1.05,-0.63,-0.91
2.3429,0.8247,0.5348,0.0776,0.63,-1.26,-1.96
2.3435,0.8267,0.5358,0.0756,0.91,-1.05,-0.91
2.3440,0.8252,0.5353,0.0761,0.35,-1.33,-1.75
2.3446,0.8218,0.5309,0.0761,0.98,-1.12,-0.70
2.3452,0.8228,0.5309,0.0742,0.14,-1.12,-1.68
2.3457,0.8247,0.5324,0.0722,0.77,-1.19,-0.56
2.3463,0.8272,0.5300,0.0708,0.21,-1.40,-1.05
2.3468,0.8281,0.5314,0.0703,0.63,-1.54,-0.42
2.3474,0.8267,0.5329,0.0742,0.35,-1.47,-0.63
2.3479,0.8242,0.5324,0.0791,0.35,-2.03,-0.77
2.3485,0.8223,0.5305,0.0805,0.21,-1.61,0.21
2.3491,0.8281,0.5324,0.0805,0.14,-2.17,-0.77
2.3496,0.8291,0.5319,0.0815,0.35,-1.33,0.63
2.3502,0.8286,0.5305,0.0795,-0.14,-2.38,-0.35
2.3507,0.8291,0.5334,0.0766,0.28,-1.82,0.56
2.3513,0.8242,0.5319,0.0727,0.00,-2.31,-0.42
2.3518,0.8247,0.5329,0.0747,0.21,-1.61,0.77
2.3524,0.8267,0.5348,0.0795,-0.14,-2.45,-0.21
2.3529,0.8257,0.5334,0.0795,0.07,-1.89,1.12
2.3535,0.8267,0.5324,0.0805,-0.07,-2.38,0.00
2.3541,0.8301,0.5344,0.0800,-0.14,-2.31,1.19
2.3546,0.8301,0.5353,0.0810,-0.35,-2.24,0.84
2.3552,0.8281,0.5339,0.0776,-0.14,-2.59,0.91
2.3558,0.8311,0.5324,0.0776,0.00,-2.52,1.05
2.3563,0.8325,0.5314,0.0791,-0.21,-2.66,1.05
2.3569,0.8296,0.5295,0.0752,-0.49,-2.52,1.33
2.3574,0.8286,0.5314,0.0732,-0.21,-3.08,0.91
2.3580,0.8320,0.5368,0.0761,-0.42,-2.59,1.89
2.3586,0.8316,0.5363,0.0786,-0.14,-2.73,1.33
2.3591,0.8281,0.5309,0.0761,-0.28,-2.10,2.31
2.3597,0.8267,0.5329,0.0742,-0.35,-3.15,0.91
2.3603,0.8296,0.5368,0.0756,-0.35,-2.73,2.38
2.3608,0.8325,0.5358,0.0761,-0.84,-3.08,1.40
2.3614,0.8272,0.5363,0.0752,-0.07,-3.57,2.38
2.3620,0.8228,0.5373,0.0732,-0.42,-3.01,1.68
2.3625,0.8233,0.5392,0.0708,-0.49,-2.94,2.80
2.3631,0.8237,0.5392,0.0712,-0.77,-3.29,2.03
2.3637,0.8257,0.5368,0.0727,-0.42,-3.50,2.59
2.3642,0.8247,0.5334,0.0698,-0.56,-3.15,2.52
2.3648,0.8228,0.5329,0.0683,-0.35,-3.64,2.38
2.3653,0.8233,0.5358,0.0698,-0.63,-3.36,3.01
2.3675,0.8208,0.5378,0.0722,-0.42,-3.85,2.59
2.3697,0.8198,0.5412,0.0722,-0.28,-3.64,3.01
2.3719,0.8198,0.5427,0.0727,-0.49,-3.92,3.15
2.3741,0.8169,0.5431,0.0712,-0.21,-3.08,3.36
2.3763,0.8164,0.5461,0.0683,-0.63,-4.06,2.59
2.3785,0.8189,0.5451,0.0673,-0.42,-3.57,3.78
2.3807,0.8189,0.5456,0.0712,-0.77,-4.13,2.66
2.3829,0.8154,0.5456,0.0747,-0.42,-4.06,3.50
2.3851,0.8111,0.5466,0.0727,-0.91,-3.71,3.08
2.3873,0.8101,0.5480,0.0688,0.00,-4.06,3.71
2.3895,0.8135,0.5495,0.0678,-0.42,-3.71,3.08
2.3917,0.8111,0.5529,0.0698,-0.14,-4.13,3.71
2.3939,0.8081,0.5510,0.0693,-0.63,-3.57,3.43
2.3961,0.8091,0.5495,0.0698,-0.21,-3.85,3.78
2.3983,0.8076,0.5485,0.0717,-0.28,-3.57,3.57
2.4005,0.8101,0.5446,0.0703,-0.42,-4.20,3.57
2.4027,0.8115,0.5466,0.0717,-0.49,-3.57,3.57
2.4049,0.8106,0.5456,0.0722,-0.35,-4.20,3.57
2.4071,0.8111,0.5397,0.0727,-0.35,-3.92,3.64
2.4093,0.8062,0.5417,0.0747,-0.63,-4.06,3.71
2.4093,0.8052,0.5470,0.0742,-0.21,-3.71,3.78
2.4094,0.8076,0.5495,0.0727,-0.49,-4.55,3.15
2.4094,0.8057,0.5495,0.0688,-0.14,-3.92,3.71
2.4095,0.8037,0.5490,0.0693,-0.77,-4.13,3.43
2.4095,0.8062,0.5514,0.0717,0.14,-4.27,3.85
2.4096,0.8091,0.5524,0.0712,-0.77,-4.06,3.29
2.4096,0.8106,0.5495,0.0683,0.14,-4.13,3.99
2.4097,0.8115,0.5500,0.0698,-0.63,-3.85,3.36
2.4097,0.8101,0.5505,0.0683,0.07,-4.13,3.78
2.4098,0.8067,0.5495,0.0664,-0.63,-3.92,3.15
2.4099,0.8067,0.5529,0.0693,-0.21,-4.55,3.57
2.4099,0.8111,0.5578,0.0698,-0.42,-3.85,3.78
2.4100,0.8120,0.5588,0.0693,-0.14,-4.48,3.50
2.4100,0.8062,0.5588,0.0673,-0.42,-4.06,3.78
2.4101,0.8047,0.5578,0.0664,-0.28,-3.92,3.36
2.4101,0.8067,0.5549,0.0678,-0.35,-4.20,3.64
2.4102,0.8072,0.5558,0.0664,-0.21,-4.20,3.22
2.4102,0.8072,0.5563,0.0664,-0.28,-3.99,3.57
2.4103,0.8062,0.5558,0.0688,-0.28,-4.13,2.94
2.4103,0.8086,0.5573,0.0654,-0.28,-3.78,3.85
2.4104,0.8062,0.5563,0.0634,-0.21,-4.20,2.80
2.4104,0.8042,0.5568,0.0693,-0.21,-3.85,3.64
2.4104,0.8067,0.5578,0.0698,0.07,-4.20,2.94
2.4105,0.8076,0.5602,0.0669,-0.42,-3.78,3.71
2.4105,0.8062,0.5607,0.0649,0.07,-4.62,2.59
2.4105,0.8023,0.5583,0.0644,-0.14,-3.78,3.36
2.4106,0.8023,0.5588,0.0634,-0.28,-4.20,2.94
2.4106,0.8023,0.5627,0.0634,-0.14,-4.06,3.08
2.4107,0.8008,0.5656,0.0620,-0.07,-3.78,3.15
2.4107,0.7989,0.5690,0.0630,-0.07,-3.85,2.80
2.4107,0.7979,0.5758,0.0644,-0.35,-4.20,2.80
2.4108,0.7974,0.5749,0.0610,0.21,-3.50,2.94
2.4108,0.7989,0.5744,0.0605,-0.42,-3.99,2.66
2.4109,0.7969,0.5744,0.0644,0.00,-3.71,2.73
2.4109,0.7935,0.5739,0.0644,-0.35,-3.78,2.38
2.4109,0.7945,0.5734,0.0644,0.28,-3.85,2.24
2.4110,0.7969,0.5719,0.0630,0.00,-3.92,1.96
2.4110,0.7974,0.5705,0.0625,0.14,-3.64,2.38
2.4111,0.8008,0.5690,0.0664,0.21,-3.57,1.96
2.4111,0.7979,0.5690,0.0634,0.21,-3.71,2.10
2.4111,0.7930,0.5685,0.0615,0.28,-3.64,1.75
2.4112,0.7993,0.5680,0.0644,0.14,-3.64,1.96
2.4112,0.8023,0.5680,0.0610,0.21,-3.15,2.17
2.4112,0.8023,0.5680,0.0625,-0.14,-3.85,1.05
2.4113,0.8023,0.5695,0.0649,0.56,-2.73,2.24
2.4113,0.8028,0.5695,0.0620,-0.07,-3.22,1.40
2.4113,0.8062,0.5685,0.0615,-0.07,-3.57,1.47
2.4114,0.8047,0.5700,0.0644,0.07,-3.36,0.84
2.4114,0.8052,0.5719,0.0630,0.07,-3.36,1.26
2.4114,0.8052,0.5719,0.0625,0.00,-3.08,0.98
2.4115,0.8018,0.5749,0.0673,0.14,-3.78,0.63
2.4115,0.8008,0.5778,0.0678,-0.07,-3.22,0.91
2.4116,0.8028,0.5783,0.0644,0.00,-3.50,0.63
2.4116,0.8032,0.5768,0.0639,0.14,-3.01,0.84
2.4116,0.8028,0.5754,0.0654,-0.07,-3.43,0.07
2.4117,0.8042,0.5773,0.0664,0.07,-3.22,0.84
2.4117,0.8028,0.5788,0.0639,-0.14,-3.57,-0.63
2.4117,0.7993,0.5793,0.0639,0.00,-3.22,0.70
2.4118,0.8013,0.5763,0.0673,-0.07,-3.43,-0.98
2.4118,0.8037,0.5763,0.0654,0.07,-3.08,0.07
2.4130,0.8057,0.5778,0.0673,0.00,-2.80,-0.14
2.4141,0.8047,0.5793,0.0678,-0.28,-3.57,-0.35
2.4153,0.8037,0.5749,0.0693,-0.14,-3.29,-0.42
2.4165,0.8028,0.5788,0.0708,-0.14,-2.73,-0.49
2.4176,0.8008,0.5812,0.0698,-0.07,-3.43,-0.77
2.4188,0.8037,0.5822,0.0688,-0.21,-3.01,-0.84
2.4200,0.8076,0.5812,0.0693,-0.21,-3.36,-0.98
2.4211,0.8047,0.5807,0.0698,0.14,-2.80,-0.70
2.4223,0.8067,0.5846,0.0688,0.00,-3.22,-1.54
2.4234,0.8106,0.5861,0.0688,0.07,-2.87,-0.63
2.4246,0.8120,0.5861,0.0698,-0.49,-3.22,-2.17
2.4258,0.8120,0.5876,0.0712,0.21,-3.29,-1.26
2.4269,0.8101,0.5876,0.0693,-0.35,-3.22,-2.03
2.4281,0.8125,0.5885,0.0669,-0.21,-3.50,-1.26
2.4293,0.8135,0.5880,0.0664,-0.35,-3.43,-2.24
2.4304,0.8130,0.5866,0.0673,0.00,-3.43,-1.47
2.4316,0.8140,0.5876,0.0693,-0.42,-3.36,-2.31
2.4328,0.8135,0.5910,0.0693,0.07,-3.29,-1.54
2.4339,0.8135,0.5895,0.0659,-0.35,-3.15,-2.45
2.4351,0.8159,0.5885,0.0664,-0.14,-3.71,-1.89
2.4351,0.8164,0.5861,0.0693,-0.28,-3.43,-2.66
2.4352,0.8169,0.5841,0.0669,-0.49,-3.92,-2.80
2.4353,0.8179,0.5861,0.0654,-0.21,-3.01,-2.31
2.4353,0.8164,0.5856,0.0678,-0.42,-3.78,-3.01
2.4354,0.8164,0.5832,0.0669,0.00,-3.36,-2.59
2.4355,0.8184,0.5812,0.0688,-0.42,-3.92,-3.29
2.4355,0.8198,0.5827,0.0722,-0.42,-3.29,-2.24
2.4356,0.8198,0.5793,0.0703,-0.56,-3.78,-3.50
2.4357,0.8203,0.5802,0.0673,-0.42,-3.71,-2.59
2.4357,0.8213,0.5812,0.0712,-0.63,-3.71,-3.64
2.4358,0.8228,0.5773,0.0766,-0.28,-3.85,-2.45
2.4359,0.8228,0.5758,0.0756,-0.70,-3.85,-3.99
2.4359,0.8233,0.5778,0.0742,0.07,-3.92,-2.59
2.4360,0.8242,0.5788,0.0747,-0.77,-3.57,-3.99
2.4361,0.8208,0.5763,0.0742,-0.07,-3.85,-3.22
2.4361,0.8208,0.5768,0.0742,-0.98,-3.43,-3.64
2.4362,0.8198,0.5812,0.0756,-0.28,-4.41,-3.22
2.4362,0.8218,0.5822,0.0747,-0.98,-3.64,-3.92
2.4363,0.8262,0.5817,0.0727,-0.42,-4.20,-3.85
2.4364,0.8233,0.5836,0.0742,-1.05,-3.92,-3.36
2.4374,0.8218,0.5807,0.0756,-0.21,-4.20,-3.78
2.4383,0.8237,0.5876,0.0752,-0.35,-4.20,-3.78
2.4393,0.8242,0.5880,0.0708,-1.05,-5.11,-3.92
2.4403,0.8233,0.5880,0.0737,-0.70,-4.34,-3.85
2.4413,0.8242,0.5851,0.0712,-0.84,-4.27,-3.92
2.4422,0.8203,0.5861,0.0703,-0.63,-3.99,-3.43
2.4432,0.8213,0.5836,0.0766,-1.12,-4.20,-4.27
2.4442,0.8252,0.5861,0.0795,-0.35,-4.34,-3.01
2.4452,0.8237,0.5924,0.0795,-1.05,-4.06,-4.41
2.4462,0.8223,0.5929,0.0776,-0.49,-4.20,-3.08
2.4471,0.8218,0.5939,0.0732,-1.12,-4.62,-4.48
2.4481,0.8242,0.5929,0.0688,-0.28,-4.27,-3.15
2.4491,0.8223,0.5944,0.0688,-1.26,-4.20,-4.27
2.4501,0.8218,0.5983,0.0732,-0.42,-4.62,-3.22
2.4511,0.8237,0.5978,0.0761,-1.05,-4.55,-4.48
2.4520,0.8242,0.5963,0.0737,-0.42,-4.55,-2.94
2.4530,0.8267,0.5939,0.0678,-0.63,-4.34,-3.92
2.4540,0.8218,0.5978,0.0678,-0.70,-4.69,-3.99
2.4550,0.8218,0.5978,0.0712,-0.98,-4.76,-3.29
2.4559,0.8233,0.6007,0.0742,-0.77,-4.27,-3.36
2.4564,0.8213,0.5988,0.0747,-0.77,-4.76,-3.50
2.4569,0.8247,0.5949,0.0747,-0.49,-5.04,-3.36
2.4575,0.8272,0.5954,0.0756,-0.84,-4.55,-3.50
2.4580,0.8272,0.5978,0.0742,-0.28,-4.76,-3.08
2.4585,0.8262,0.5978,0.0752,-0.56,-4.48,-3.57
2.4590,0.8223,0.6002,0.0752,-0.49,-4.34,-2.73
2.4595,0.8223,0.6012,0.0732,-0.56,-4.55,-3.64
2.4600,0.8233,0.5978,0.0761,-0.63,-4.55,-2.59
2.4605,0.8223,0.5968,0.0786,-0.63,-4.97,-3.71
2.4610,0.8208,0.5988,0.0766,-0.35,-4.83,-2.66
2.4615,0.8257,0.5968,0.0752,-0.63,-4.69,-3.57
2.4620,0.8267,0.5954,0.0756,-0.42,-4.69,-2.59
2.4625,0.8213,0.5973,0.0781,-0.56,-4.83,-3.22
2.4630,0.8228,0.5978,0.0766,-0.21,-4.76,-2.94
2.4635,0.8223,0.6012,0.0722,-0.84,-4.55,-3.01
2.4640,0.8194,0.6017,0.0752,-0.14,-4.48,-2.87
2.4645,0.8228,0.5988,0.0766,-0.77,-4.83,-3.08
2.4650,0.8198,0.5968,0.0732,-0.28,-4.20,-2.38
2.4655,0.8159,0.5939,0.0776,-0.63,-5.18,-3.15
2.4660,0.8198,0.5983,0.0795,0.00,-4.34,-2.59
2.4666,0.8213,0.6032,0.0703,-0.49,-4.97,-3.01
2.4672,0.8189,0.6027,0.0678,-0.28,-4.90,-3.22
2.4677,0.8179,0.6002,0.0722,-0.28,-4.34,-2.66
2.4683,0.8169,0.6012,0.0742,-0.42,-4.48,-3.36
2.4689,0.8150,0.6022,0.0752,-0.49,-4.69,-2.52
2.4695,0.8189,0.6012,0.0761,-0.35,-4.76,-3.22
2.4701,0.8198,0.5954,0.0742,-0.35,-4.62,-2.80
2.4706,0.8174,0.5958,0.0737,-0.35,-4.76,-3.01
2.4712,0.8184,0.5978,0.0752,-0.14,-4.48,-2.80
2.4718,0.8194,0.5954,0.0722,-0.70,-4.76,-2.94
2.4724,0.8203,0.5963,0.0683,-0.14,-4.69,-3.01
2.4730,0.8223,0.5983,0.0688,-0.70,-4.55,-2.80
2.4735,0.8233,0.5998,0.0717,-0.49,-4.62,-3.01
2.4741,0.8203,0.5924,0.0703,-0.42,-4.41,-2.45
2.4747,0.8208,0.5934,0.0678,-0.21,-4.62,-2.38
2.4753,0.8198,0.5958,0.0630,-0.70,-4.90,-3.64
2.4759,0.8189,0.5954,0.0659,-0.56,-4.13,-2.45
2.4765,0.8184,0.5944,0.0683,-0.77,-4.76,-3.85
2.4770,0.8184,0.5910,0.0688,-0.21,-4.48,-2.31
2.4776,0.8184,0.5890,0.0712,-0.77,-4.69,-3.71
2.4791,0.8194,0.5890,0.0717,-0.07,-4.48,-2.52
2.4806,0.8198,0.5890,0.0712,-0.84,-4.69,-3.36
2.4821,0.8208,0.5919,0.0717,-0.14,-4.48,-2.59
2.4836,0.8213,0.5944,0.0727,-0.77,-4.62,-3.43
2.4851,0.8179,0.5895,0.0693,-0.35,-4.48,-2.80
2.4866,0.8189,0.5890,0.0678,-0.63,-4.90,-3.43
2.4881,0.8213,0.5929,0.0693,-0.63,-4.06,-2.87
2.4896,0.8169,0.5929,0.0742,-0.77,-4.34,-2.80
2.4911,0.8164,0.5949,0.0756,-0.35,-4.55,-3.43
2.4926,0.8198,0.5954,0.0717,-0.77,-4.83,-2.66
2.4941,0.8184,0.5939,0.0708,-0.42,-4.27,-3.29
2.4956,0.8145,0.5924,0.0712,-0.56,-4.62,-2.66
2.4971,0.8159,0.5939,0.0708,-0.07,-4.48,-3.57
2.4986,0.8189,0.6002,0.0766,-0.63,-4.34,-3.01
2.5002,0.8213,0.6007,0.0795,-0.49,-4.90,-2.66
2.5017,0.8218,0.5988,0.0756,-0.56,-3.99,-3.08
2.5032,0.8213,0.5958,0.0722,-0.63,-4.62,-2.59
2.5047,0.8223,0.5963,0.0752,-0.70,-4.20,-2.59
2.5062,0.8257,0.5998,0.0766,-0.21,-4.41,-2.17
2.5077,0.8257,0.6012,0.0756,-0.77,-4.48,-2.59
2.5077,0.8242,0.5978,0.0756,-0.21,-4.20,-2.03
2.5078,0.8208,0.6007,0.0737,-0.56,-4.62,-2.38
2.5078,0.8203,0.6056,0.0737,-0.28,-4.06,-1.82
2.5079,0.8237,0.6037,0.0747,-0.56,-4.48,-2.31
2.5079,0.8208,0.6056,0.0761,-0.14,-3.85,-1.61
2.5080,0.8174,0.6085,0.0766,-0.42,-4.97,-1.82
2.5080,0.8213,0.6071,0.0717,-0.21,-3.71,-1.68
2.5081,0.8242,0.6032,0.0712,-0.35,-4.48,-1.47
2.5081,0.8208,0.6056,0.0737,-0.28,-4.06,-1.19
2.5082,0.8203,0.6085,0.0747,-0.42,-4.69,-1.19
2.5082,0.8203,0.6012,0.0747,-0.21,-4.27,-0.84
2.5083,0.8164,0.6017,0.0722,-0.07,-4.20,-0.77
2.5083,0.8125,0.6066,0.0703,-0.35,-4.34,-1.12
2.5084,0.8145,0.6051,0.0722,-0.07,-4.41,-0.35
2.5084,0.8150,0.6051,0.0737,-0.21,-4.34,-0.84
2.5085,0.8159,0.6056,0.0708,0.07,-4.20,-0.14
2.5085,0.8194,0.6032,0.0698,-0.14,-4.13,-0.63
2.5086,0.8194,0.6022,0.0732,0.28,-4.13,0.07
2.5086,0.8189,0.6041,0.0732,0.00,-4.76,-0.56
2.5087,0.8174,0.6007,0.0722,-0.21,-3.71,0.35
2.5088,0.8179,0.5973,0.0742,0.21,-4.34,-0.28
2.5090,0.8198,0.5978,0.0727,0.35,-3.99,0.42
2.5091,0.8184,0.5993,0.0747,-0.14,-4.27,-0.21
2.5093,0.8184,0.6007,0.0766,0.35,-4.06,0.28
2.5094,0.8189,0.6002,0.0727,-0.21,-3.50,0.21
2.5095,0.8198,0.5983,0.0717,0.14,-4.27,-0.21
2.5097,0.8194,0.5934,0.0717,0.14,-3.43,0.70
2.5098,0.8169,0.5934,0.0722,-0.07,-4.06,-0.14
2.5100,0.8218,0.5983,0.0756,0.35,-3.78,0.63
2.5101,0.8203,0.5973,0.0732,0.00,-4.27,-0.07
2.5102,0.8184,0.5929,0.0703,0.28,-3.50,0.56
2.5104,0.8208,0.5929,0.0708,-0.14,-3.99,0.42
2.5105,0.8154,0.5949,0.0747,0.35,-3.85,0.28
2.5107,0.8154,0.5939,0.0786,-0.21,-3.78,0.35
2.5108,0.8164,0.5963,0.0722,0.00,-4.06,0.35
2.5109,0.8125,0.5983,0.0693,-0.21,-4.27,0.21
2.5111,0.8150,0.5934,0.0732,0.49,-3.15,0.63
2.5112,0.8169,0.5934,0.0737,-0.35,-4.13,0.07
2.5114,0.8150,0.5958,0.0732,0.35,-3.50,0.28
2.5115,0.8111,0.5934,0.0737,-0.49,-3.71,0.77
2.5121,0.8115,0.5900,0.0742,0.21,-3.36,0.21
2.5126,0.8120,0.5885,0.0756,-0.14,-3.78,0.49
2.5132,0.8111,0.5905,0.0747,-0.07,-3.57,0.35
2.5138,0.8125,0.5924,0.0732,-0.28,-3.57,0.00
2.5144,0.8145,0.5910,0.0752,-0.28,-3.50,0.70
2.5150,0.8145,0.5890,0.0795,-0.14,-3.36,0.35
2.5155,0.8096,0.5890,0.0810,-0.28,-3.15,0.42
2.5161,0.8101,0.5905,0.0791,0.14,-3.36,0.21
2.5167,0.8111,0.5910,0.0747,-0.56,-3.36,0.56
2.5173,0.8091,0.5885,0.0712,-0.14,-4.13,0.07
2.5178,0.8096,0.5919,0.0722,-0.28,-3.22,-0.28
2.5184,0.8081,0.5915,0.0747,-0.21,-2.87,0.56
2.5190,0.8081,0.5861,0.0747,-0.35,-3.29,-0.07
2.5196,0.8101,0.5880,0.0732,-0.42,-3.22,0.56
2.5201,0.8125,0.5910,0.0742,-0.63,-3.22,0.07
2.5207,0.8081,0.5929,0.0747,-0.63,-3.29,0.21
2.5213,0.8052,0.5944,0.0756,-0.35,-3.36,-0.07
2.5219,0.8101,0.5910,0.0732,-0.91,-3.15,0.35
2.5225,0.8135,0.5880,0.0722,-0.56,-2.73,-0.07
2.5230,0.8140,0.5890,0.0742,-0.42,-3.08,0.63
2.5236,0.8106,0.5895,0.0732,-0.42,-2.73,0.00
2.5241,0.8081,0.5895,0.0732,-0.49,-3.01,0.35
2.5246,0.8081,0.5905,0.0776,-0.77,-2.80,0.00
2.5251,0.8072,0.5861,0.0791,-0.77,-2.52,0.28
2.5257,0.8047,0.5880,0.0795,-0.63,-2.38,0.35
2.5262,0.8037,0.5939,0.0761,-0.49,-2.80,0.00
2.5267,0.8028,0.5910,0.0732,-0.84,-2.24,0.42
2.5272,0.8057,0.5905,0.0732,-1.05,-2.80,0.00
2.5278,0.8086,0.5910,0.0737,-0.98,-2.38,0.35
2.5283,0.8057,0.5895,0.0752,-0.98,-1.96,0.70
2.5288,0.8057,0.5861,0.0747,-1.26,-2.73,-0.28
2.5293,0.8052,0.5880,0.0756,-0.91,-1.68,0.84
2.5299,0.8052,0.5910,0.0732,-1.61,-2.38,-0.42
2.5304,0.8013,0.5919,0.0737,-0.84,-1.68,0.84
2.5309,0.7993,0.5919,0.0766,-1.89,-1.82,-0.14
2.5314,0.8032,0.5915,0.0761,-0.77,-1.47,0.84
2.5320,0.8062,0.5890,0.0747,-1.54,-1.89,0.14
2.5325,0.8062,0.5890,0.0766,-0.84,-1.75,0.77
2.5330,0.8057,0.5905,0.0776,-1.89,-1.40,-0.35
2.5335,0.8072,0.5895,0.0756,-1.47,-1.68,0.56
2.5341,0.8057,0.5885,0.0737,-1.68,-1.12,0.42
2.5347,0.8013,0.5895,0.0747,-1.26,-1.89,0.00
2.5353,0.8037,0.5890,0.0781,-1.61,-1.19,0.49
2.5359,0.8067,0.5890,0.0795,-1.54,-1.61,-0.21
2.5365,0.8052,0.5885,0.0761,-1.89,-0.77,0.63
2.5371,0.8101,0.5846,0.0766,-1.47,-1.82,-0.28
2.5377,0.8086,0.5846,0.0761,-1.89,-1.47,-0.35
2.5383,0.8076,0.5846,0.0742,-1.54,-0.63,0.70
2.5389,0.8067,0.5807,0.0737,-2.10,-1.33,-0.49
2.5395,0.8076,0.5827,0.0791,-1.96,-0.70,0.70
2.5401,0.8101,0.5876,0.0805,-1.96,-1.05,0.00
2.5407,0.8072,0.5836,0.0771,-1.89,-0.77,0.35
2.5413,0.8091,0.5827,0.0786,-2.45,-0.63,0.21
2.5419,0.8120,0.5827,0.0786,-1.96,-0.49,0.28
2.5425,0.8096,0.5812,0.0766,-2.52,-0.42,-0.14
2.5431,0.8052,0.5836,0.0781,-2.03,-0.77,0.49
2.5437,0.8091,0.5836,0.0791,-2.38,-0.42,-0.07
2.5443,0.8125,0.5797,0.0761,-2.45,-0.70,0.49
2.5449,0.8096,0.5778,0.0791,-2.24,0.07,0.28
2.5455,0.8081,0.5807,0.0800,-2.87,-0.56,-0.07
2.5460,0.8072,0.5827,0.0771,-2.31,-0.21,0.28
2.5466,0.8086,0.5832,0.0791,-2.59,-0.49,0.07
2.5471,0.8106,0.5841,0.0849,-2.59,-0.63,0.35
2.5477,0.8111,0.5841,0.0849,-2.66,0.00,-0.07
2.5482,0.8096,0.5836,0.0776,-2.80,-0.63,0.14
2.5488,0.8091,0.5832,0.0795,-2.59,0.07,0.42
2.5494,0.8086,0.5822,0.0854,-3.15,-0.49,-0.14
2.5499,0.8106,0.5836,0.0864,-2.45,0.35,0.35
2.5505,0.8125,0.5822,0.0830,-3.57,-0.91,-0.21
2.5510,0.8130,0.5836,0.0815,-2.73,0.49,0.35
2.5516,0.8159,0.5832,0.0805,-3.36,-0.70,0.07
2.5521,0.8164,0.5836,0.0820,-2.73,0.21,0.35
2.5527,0.8106,0.5866,0.0830,-3.50,-0.49,-0.14
2.5532,0.8086,0.5841,0.0815,-2.87,0.21,0.21
2.5538,0.8140,0.5861,0.0820,-3.43,-0.56,-0.35
2.5543,0.8179,0.5871,0.0830,-2.94,0.28,0.49
2.5549,0.8174,0.5861,0.0820,-3.43,-0.14,0.07
2.5555,0.8150,0.5856,0.0800,-3.15,-0.42,0.21
2.5560,0.8145,0.5876,0.0776,-3.29,-0.28,-0.35
2.5566,0.8150,0.5905,0.0752,-3.36,-0.35,0.42
2.5577,0.8159,0.5876,0.0795,-3.22,-0.28,-0.49
2.5588,0.8159,0.5876,0.0786,-3.15,0.21,-0.28
2.5600,0.8145,0.5871,0.0742,-3.50,-0.70,0.42
2.5611,0.8174,0.5836,0.0761,-3.50,-0.56,0.42
2.5622,0.8159,0.5856,0.0844,-3.36,0.14,0.00
2.5634,0.8150,0.5910,0.0830,-3.57,-0.49,-0.28
2.5645,0.8125,0.5919,0.0786,-3.50,0.42,0.14
2.5656,0.8120,0.5895,0.0771,-3.57,-0.84,-0.49
2.5668,0.8150,0.5885,0.0786,-3.50,0.14,0.07
2.5679,0.8115,0.5871,0.0834,-3.50,-0.77,-0.28
2.5691,0.8115,0.5885,0.0854,-3.57,0.07,0.07
2.5702,0.8145,0.5910,0.0844,-3.64,-0.70,-0.84
2.5713,0.8135,0.5900,0.0844,-3.78,0.21,0.14
2.5725,0.8164,0.5915,0.0820,-3.64,-0.21,-0.84
2.5736,0.8164,0.5929,0.0786,-3.85,-0.21,0.28
2.5747,0.8125,0.5900,0.0771,-3.36,-0.21,-1.05
2.5759,0.8115,0.5905,0.0776,-3.85,-0.42,0.28
2.5770,0.8120,0.5900,0.0844,-3.71,-0.35,-1.26
2.5781,0.8120,0.5895,0.0839,-3.57,-0.35,0.21
2.5793,0.8101,0.5900,0.0795,-3.78,0.00,-0.70
2.5807,0.8106,0.5900,0.0820,-3.99,-0.42,-0.91
2.5822,0.8145,0.5905,0.0844,-3.57,-0.91,-0.77
2.5836,0.8120,0.5876,0.0874,-3.92,0.28,-0.77
2.5851,0.8101,0.5876,0.0888,-3.50,-0.84,-0.84
2.5865,0.8115,0.5890,0.0854,-3.85,0.35,-0.49
2.5880,0.8169,0.5876,0.0839,-3.36,-0.98,-1.12
2.5894,0.8198,0.5861,0.0854,-3.99,-0.49,-0.56
2.5909,0.8135,0.5856,0.0869,-3.43,-0.56,-1.12
2.5923,0.8135,0.5895,0.0849,-3.64,-0.84,-0.49
2.5938,0.8140,0.5885,0.0839,-3.78,-0.49,-1.61
2.5952,0.8145,0.5822,0.0825,-3.43,-0.56,-0.35
2.5967,0.8135,0.5827,0.0791,-4.27,-0.98,-1.89
2.5981,0.8096,0.5822,0.0810,-3.22,-0.63,-0.21
2.5996,0.8130,0.5793,0.0830,-4.41,-0.70,-2.03
2.6010,0.8140,0.5807,0.0839,-3.36,-0.84,-0.42
2.6025,0.8164,0.5788,0.0830,-4.20,-0.98,-1.96
2.6039,0.8179,0.5734,0.0791,-3.36,-1.12,-0.70
2.6054,0.8150,0.5724,0.0776,-4.13,-0.63,-1.75
2.6068,0.8150,0.5768,0.0805,-3.43,-1.33,-0.84
2.6083,0.8179,0.5788,0.0820,-4.27,-0.49,-1.68
2.6083,0.8198,0.5788,0.0854,-3.57,-1.26,-1.40
2.6083,0.8164,0.5714,0.0874,-3.57,-1.61,-1.75
2.6084,0.8150,0.5690,0.0864,-3.99,-0.70,-1.33
2.6084,0.8150,0.5734,0.0849,-3.85,-1.19,-1.33
2.6085,0.8164,0.5773,0.0839,-3.85,-0.70,-1.68
2.6085,0.8159,0.5778,0.0839,-3.99,-1.47,-1.89
2.6086,0.8189,0.5778,0.0830,-3.64,-1.12,-1.19
2.6086,0.8218,0.5788,0.0839,-4.27,-1.40,-1.61
2.6087,0.8218,0.5802,0.0874,-3.50,-0.91,-1.26
2.6087,0.8237,0.5807,0.0888,-3.99,-1.26,-1.54
2.6088,0.8198,0.5788,0.0888,-3.57,-1.33,-1.12
2.6088,0.8174,0.5783,0.0874,-4.06,-1.26,-1.61
2.6089,0.8164,0.5812,0.0854,-3.99,-1.33,-1.05
2.6089,0.8164,0.5812,0.0834,-3.71,-1.47,-1.82
2.6090,0.8198,0.5812,0.0864,-3.71,-1.68,-1.26
2.6090,0.8218,0.5851,0.0893,-3.99,-1.61,-1.40
2.6091,0.8194,0.5876,0.0874,-3.43,-1.61,-0.84
2.6091,0.8203,0.5832,0.0834,-3.78,-2.03,-1.96
2.6092,0.8135,0.5807,0.0815,-3.50,-1.61,-1.89
2.6092,0.8120,0.5812,0.0795,-3.22,-1.75,-0.63
2.6094,0.8164,0.5822,0.0805,-3.43,-0.98,-0.91
2.6097,0.8208,0.5841,0.0834,-3.36,-2.45,-1.12
2.6099,0.8189,0.5832,0.0844,-3.57,-1.05,-0.63
2.6102,0.8169,0.5802,0.0830,-3.01,-2.10,-0.98
2.6104,0.8159,0.5788,0.0800,-3.15,-0.77,0.14
2.6107,0.8135,0.5778,0.0815,-3.43,-2.24,-1.54
2.6109,0.8179,0.5763,0.0834,-3.01,-1.54,0.21
2.6111,0.8189,0.5778,0.0844,-3.22,-2.17,-1.26
2.6114,0.8179,0.5797,0.0839,-3.08,-1.61,0.21
2.6116,0.8228,0.5797,0.0839,-3.50,-1.89,-0.77
2.6119,0.8223,0.5812,0.0825,-2.45,-1.96,0.14
2.6121,0.8189,0.5822,0.0776,-3.43,-1.68,-0.63
2.6123,0.8218,0.5817,0.0795,-2.31,-2.24,0.07
2.6126,0.8228,0.5812,0.0786,-3.36,-1.40,-0.42
2.6128,0.8189,0.5778,0.0786,-2.59,-2.31,0.21
2.6131,0.8184,0.5788,0.0830,-2.94,-1.40,0.00
2.6133,0.8223,0.5812,0.0825,-2.73,-2.52,-0.35
2.6136,0.8228,0.5812,0.0864,-2.94,-1.47,0.56
2.6138,0.8208,0.5832,0.0859,-2.73,-1.47,0.77
2.6140,0.8179,0.5797,0.0825,-3.01,-2.73,0.07
2.6145,0.8198,0.5768,0.0815,-2.17,-1.96,0.49
2.6150,0.8213,0.5802,0.0791,-2.66,-2.52,-0.07
2.6155,0.8228,0.5822,0.0781,-2.38,-1.40,0.98
2.6160,0.8208,0.5802,0.0800,-2.73,-2.59,-0.21
2.6165,0.8237,0.5802,0.0834,-2.03,-2.03,0.98
2.6170,0.8233,0.5797,0.0864,-2.66,-2.10,0.00
2.6175,0.8184,0.5793,0.0844,-2.03,-2.38,0.98
2.6180,0.8154,0.5788,0.0834,-2.38,-2.31,0.00
2.6185,0.8164,0.5754,0.0878,-2.03,-2.45,0.77
2.6189,0.8194,0.5768,0.0859,-2.38,-1.96,0.21
2.6194,0.8154,0.5807,0.0820,-2.03,-2.31,1.12
2.6199,0.8159,0.5812,0.0825,-1.89,-2.24,0.28
2.6204,0.8164,0.5797,0.0839,-2.10,-2.73,0.63
2.6209,0.8198,0.5836,0.0834,-1.54,-1.96,0.56
2.6214,0.8198,0.5846,0.0820,-1.68,-1.96,0.56
2.6219,0.8184,0.5836,0.0849,-2.03,-2.59,0.35
2.6224,0.8145,0.5822,0.0883,-1.47,-1.89,0.56
2.6229,0.8140,0.5817,0.0874,-1.75,-2.73,0.35
2.6234,0.8154,0.5802,0.0859,-1.54,-1.82,0.91
2.6239,0.8154,0.5832,0.0864,-1.68,-3.01,0.00
2.6244,0.8159,0.5866,0.0844,-1.19,-1.75,1.26
2.6250,0.8154,0.5885,0.0820,-1.40,-2.80,-0.28
2.6255,0.8145,0.5861,0.0830,-1.33,-1.89,1.47
2.6261,0.8130,0.5836,0.0810,-1.68,-2.66,-0.28
2.6266,0.8140,0.5890,0.0805,-1.26,-2.24,1.12
2.6272,0.8111,0.5929,0.0834,-1.26,-2.17,0.07
2.6277,0.8081,0.5890,0.0849,-0.91,-2.59,1.12
2.6283,0.8150,0.5880,0.0859,-1.05,-2.24,0.21
2.6288,0.8159,0.5924,0.0874,-0.56,-2.66,1.05
2.6294,0.8135,0.5919,0.0864,-1.12,-1.75,0.84
2.6299,0.8154,0.5895,0.0800,-0.49,-2.45,0.63
2.6305,0.8130,0.5890,0.0781,-0.98,-1.89,0.77
2.6310,0.8140,0.5910,0.0820,-0.21,-2.80,0.77
2.6316,0.8125,0.5885,0.0839,-0.28,-2.59,1.12
2.6321,0.8106,0.5880,0.0815,-0.77,-1.89,0.91
2.6327,0.8120,0.5895,0.0815,-0.21,-2.17,0.84
2.6332,0.8125,0.5924,0.0815,-0.56,-1.82,0.98
2.6338,0.8145,0.5963,0.0795,0.21,-2.45,0.84
2.6343,0.8101,0.5929,0.0791,-0.07,-1.68,1.47
2.6349,0.8062,0.5895,0.0761,0.28,-3.01,0.70
2.6355,0.8106,0.5905,0.0795,0.42,-2.10,1.26
2.6360,0.8135,0.5915,0.0834,0.14,-2.31,0.56
2.6366,0.8120,0.5876,0.0834,0.21,-1.82,1.54
2.6371,0.8130,0.5885,0.0839,0.07,-2.38,0.35
2.6377,0.8140,0.5919,0.0834,0.70,-2.03,1.26
2.6382,0.8135,0.5900,0.0844,0.07,-2.10,0.84
2.6388,0.8159,0.5880,0.0800,0.91,-2.17,1.19
2.6393,0.8135,0.5880,0.0761,0.35,-1.96,0.98
2.6399,0.8130,0.5890,0.0795,0.91,-2.31,1.05
2.6405,0.8169,0.5866,0.0834,0.42,-1.82,0.98
2.6410,0.8125,0.5880,0.0869,0.91,-2.59,0.77
2.6416,0.8106,0.5905,0.0854,1.33,-1.40,1.33
2.6421,0.8115,0.5876,0.0810,0.56,-2.17,0.91
2.6427,0.8081,0.5856,0.0781,1.19,-1.54,1.05
2.6432,0.8042,0.5861,0.0756,0.70,-2.45,0.70
2.6438,0.8062,0.5861,0.0756,1.40,-1.47,1.12
2.6443,0.8047,0.5871,0.0791,0.70,-2.45,0.35
2.6449,0.8023,0.5866,0.0815,1.47,-1.75,1.12
2.6455,0.8037,0.5846,0.0800,0.98,-2.10,0.49
2.6460,0.8042,0.5841,0.0781,1.61,-2.03,0.91
2.6471,0.8037,0.5836,0.0776,1.05,-2.24,0.35
2.6482,0.8037,0.5807,0.0805,1.54,-1.82,0.56
2.6492,0.8037,0.5778,0.0825,0.98,-2.03,0.56
2.6503,0.8047,0.5783,0.0869,1.54,-1.96,0.28
2.6514,0.8062,0.5788,0.0864,1.26,-1.89,0.42
2.6525,0.8047,0.5763,0.0839,1.47,-1.96,0.56
2.6535,0.8037,0.5758,0.0854,1.47,-1.54,0.28
2.6546,0.8008,0.5773,0.0864,1.26,-2.17,0.14
2.6557,0.8023,0.5793,0.0834,1.54,-1.26,0.14
2.6568,0.8023,0.5793,0.0825,1.47,-2.17,0.28
2.6578,0.7998,0.5812,0.0834,1.68,-1.54,-0.07
2.6589,0.8013,0.5832,0.0815,1.61,-1.54,0.14
2.6600,0.8003,0.5807,0.0820,1.61,-0.56,0.49
2.6611,0.8003,0.5773,0.0800,1.61,-2.17,-0.63
2.6621,0.8018,0.5778,0.0810,1.89,-1.19,0.35
2.6632,0.8037,0.5793,0.0820,1.61,-1.68,-0.14
2.6643,0.8008,0.5758,0.0810,2.03,-1.26,0.07
2.6654,0.7979,0.5768,0.0805,1.54,-1.75,-0.28
2.6664,0.8008,0.5749,0.0805,1.89,-0.98,-0.14
2.6675,0.8081,0.5744,0.0869,1.47,-1.47,-0.63
2.6676,0.8101,0.5778,0.0917,1.89,-1.47,0.07
2.6676,0.8086,0.5739,0.0903,1.54,-1.47,-0.84
2.6677,0.8101,0.5705,0.0888,1.75,-1.33,0.35
2.6677,0.8091,0.5675,0.0859,1.68,-1.05,-0.70
2.6678,0.8125,0.5671,0.0834,1.89,-1.54,-0.14
2.6679,0.8135,0.5666,0.0830,1.75,-1.26,-1.12
2.6679,0.8081,0.5656,0.0781,1.68,-1.61,-0.35
2.6680,0.8096,0.5675,0.0825,1.40,-0.91,-0.91
2.6680,0.8111,0.5685,0.0869,1.61,-1.61,-0.35
2.6681,0.8120,0.5656,0.0859,2.10,-0.98,0.07
2.6682,0.8125,0.5680,0.0820,1.26,-1.47,-1.33
2.6682,0.8120,0.5671,0.0761,1.89,-1.54,-0.28
2.6683,0.8120,0.5641,0.0781,1.33,-0.84,-1.26
2.6683,0.8115,0.5646,0.0834,1.75,-1.47,-0.70
2.6684,0.8115,0.5651,0.0844,1.26,-0.98,-1.05
2.6684,0.8096,0.5636,0.0874,1.82,-1.89,-1.19
2.6685,0.8096,0.5617,0.0839,1.40,-0.70,-0.56
2.6686,0.8125,0.5602,0.0820,1.54,-1.75,-1.61
2.6686,0.8125,0.5583,0.0839,1.33,-0.70,-0.42
2.6687,0.8096,0.5578,0.0849,1.47,-1.89,-2.10
2.6692,0.8076,0.5583,0.0864,1.33,-0.84,-0.49
2.6698,0.8101,0.5602,0.0898,1.40,-1.68,-2.17
2.6704,0.8106,0.5632,0.0903,1.47,-0.84,-0.56
2.6709,0.8115,0.5592,0.0854,1.19,-1.40,-2.10
2.6715,0.8135,0.5558,0.0854,1.26,-1.19,-0.91
2.6720,0.8154,0.5597,0.0834,1.05,-1.40,-2.10
2.6726,0.8145,0.5602,0.0795,1.47,-1.19,-1.05
2.6732,0.8135,0.5617,0.0795,0.91,-1.26,-1.89
2.6737,0.8115,0.5617,0.0815,1.26,-1.26,-1.12
2.6743,0.8111,0.5607,0.0815,1.19,-1.40,-2.31
2.6749,0.8150,0.5622,0.0825,0.84,-0.70,-0.77
2.6754,0.8140,0.5646,0.0844,0.63,-1.61,-1.82
2.6760,0.8159,0.5656,0.0864,1.40,-1.05,-1.40
2.6765,0.8154,0.5592,0.0849,0.91,-1.40,-1.75
2.6771,0.8115,0.5578,0.0800,1.47,-1.19,-1.33
2.6777,0.8101,0.5592,0.0781,0.98,-1.26,-1.68
2.6782,0.8115,0.5588,0.0815,1.12,-0.98,-1.40
2.6788,0.8125,0.5627,0.0869,0.98,-1.40,-1.26
2.6794,0.8106,0.5641,0.0859,1.12,-1.26,-1.47
2.6799,0.8091,0.5622,0.0805,1.40,-1.12,-1.12
2.6818,0.8106,0.5632,0.0795,0.84,-1.19,-1.68
2.6836,0.8154,0.5666,0.0786,1.12,-1.05,-0.84
2.6854,0.8154,0.5656,0.0795,0.63,-1.33,-1.75
2.6873,0.8145,0.5636,0.0805,1.19,-1.33,-0.56
2.6891,0.8179,0.5632,0.0834,0.70,-1.19,-1.05
2.6910,0.8174,0.5656,0.0859,1.40,-0.84,-0.77
2.6928,0.8154,0.5695,0.0839,0.70,-1.33,-1.61
2.6946,0.8174,0.5690,0.0805,1.40,-0.91,0.00
2.6965,0.8194,0.5675,0.0810,0.42,-1.54,-1.12
2.6983,0.8184,0.5646,0.0825,1.26,-0.77,-0.35
2.7002,0.8164,0.5636,0.0830,0.49,-1.54,-1.05
2.7020,0.8140,0.5666,0.0815,1.47,-1.05,-0.07
2.7038,0.8140,0.5685,0.0810,0.63,-1.68,-1.05
2.7057,0.8150,0.5675,0.0830,1.19,-0.98,0.21
2.7075,0.8194,0.5680,0.0820,0.77,-1.54,-0.84
2.7093,0.8233,0.5700,0.0810,1.33,-0.98,-0.21
2.7112,0.8223,0.5695,0.0830,0.84,-1.82,-0.49
2.7130,0.8233,0.5690,0.0839,1.12,-1.05,0.21
2.7149,0.8242,0.5705,0.0781,1.12,-1.89,-0.28
2.7167,0.8247,0.5700,0.0805,0.91,-1.12,0.14
2.7167,0.8228,0.5685,0.0839,1.54,-1.89,-0.07
2.7168,0.8208,0.5719,0.0839,0.77,-1.40,-0.28
2.7168,0.8203,0.5700,0.0805,1.68,-1.40,0.77
2.7169,0.8203,0.5646,0.0795,0.77,-1.19,-0.49
2.7169,0.8189,0.5661,0.0825,1.61,-1.33,0.70
2.7170,0.8159,0.5700,0.0825,0.84,-1.61,-0.49
2.7170,0.8184,0.5714,0.0800,1.61,-1.26,0.84
2.7171,0.8174,0.5710,0.0815,0.98,-1.82,-0.07
2.7171,0.8164,0.5773,0.0810,1.26,-1.33,0.14
2.7172,0.8184,0.5773,0.0800,1.61,-1.89,0.28
2.7172,0.8164,0.5758,0.0830,1.47,-1.47,0.42
2.7173,0.8174,0.5788,0.0810,1.54,-1.75,0.21
2.7173,0.8194,0.5788,0.0791,1.54,-1.96,0.42
2.7174,0.8179,0.5778,0.0820,1.19,-1.40,0.42
2.7174,0.8164,0.5783,0.0830,1.47,-1.75,0.35
2.7174,0.8140,0.5788,0.0815,1.54,-1.68,-0.07
2.7175,0.8135,0.5763,0.0800,1.33,-1.96,0.42
2.7175,0.8150,0.5763,0.0820,1.96,-1.40,0.49
2.7176,0.8184,0.5802,0.0810,1.26,-1.89,0.56
2.7176,0.8159,0.5797,0.0834,1.68,-1.61,0.28
2.7177,0.8154,0.5797,0.0854,1.33,-1.89,0.42
2.7177,0.8164,0.5729,0.0839,1.47,-1.82,0.56
2.7177,0.8164,0.5714,0.0805,1.82,-1.89,0.35
2.7178,0.8198,0.5729,0.0805,1.33,-2.31,0.63
2.7178,0.8203,0.5763,0.0810,1.61,-1.61,0.21
2.7178,0.8184,0.5744,0.0795,1.54,-1.68,0.91
2.7179,0.8208,0.5734,0.0786,1.54,-1.82,0.35
2.7179,0.8184,0.5758,0.0766,1.96,-2.31,0.63
2.7179,0.8203,0.5783,0.0781,1.40,-1.68,0.35
2.7180,0.8267,0.5773,0.0776,1.82,-2.52,0.56
2.7180,0.8252,0.5768,0.0776,1.40,-1.82,0.28
2.7180,0.8198,0.5754,0.0771,1.68,-2.31,0.49
2.7181,0.8194,0.5758,0.0786,1.61,-1.75,0.49
2.7181,0.8252,0.5783,0.0800,1.82,-2.10,0.28
2.7181,0.8272,0.5768,0.0805,1.89,-1.75,0.84
2.7182,0.8237,0.5758,0.0820,1.82,-2.45,0.07
2.7182,0.8208,0.5768,0.0820,1.75,-2.10,0.91
2.7182,0.8179,0.5768,0.0839,1.82,-2.10,0.28
2.7183,0.8179,0.5754,0.0834,1.89,-1.96,0.49
2.7183,0.8179,0.5724,0.0810,1.89,-1.96,0.21
2.7186,0.8174,0.5744,0.0844,1.82,-1.89,0.63
2.7189,0.8184,0.5802,0.0844,1.68,-2.03,0.28
2.7192,0.8159,0.5797,0.0864,1.89,-2.52,0.56
2.7196,0.8174,0.5788,0.0849,1.75,-1.96,-0.07
2.7199,0.8198,0.5802,0.0864,1.61,-2.52,0.56
2.7202,0.8198,0.5773,0.0854,1.54,-2.31,0.07
2.7205,0.8194,0.5783,0.0844,2.03,-2.10,0.56
2.7208,0.8169,0.5817,0.0844,1.54,-1.75,0.21
2.7212,0.8203,0.5812,0.0810,1.82,-2.66,0.21
2.7215,0.8223,0.5797,0.0834,1.33,-1.96,0.14
2.7218,0.8194,0.5793,0.0839,1.47,-2.38,-0.14
2.7221,0.8198,0.5797,0.0854,1.61,-1.68,0.35
2.7224,0.8228,0.5783,0.0874,1.61,-2.52,-0.35
2.7228,0.8218,0.5793,0.0844,1.54,-2.03,0.35
2.7231,0.8213,0.5793,0.0820,1.82,-2.80,-0.35
2.7234,0.8213,0.5797,0.0839,1.47,-1.89,0.21
2.7237,0.8174,0.5822,0.0854,1.12,-2.31,-0.42
2.7240,0.8189,0.5802,0.0859,1.89,-2.03,0.07
2.7244,0.8208,0.5778,0.0859,1.54,-2.59,-0.49
2.7247,0.8194,0.5754,0.0830,1.47,-2.59,-0.14
2.7259,0.8189,0.5783,0.0883,1.19,-2.24,-0.42
2.7271,0.8218,0.5783,0.0834,1.54,-1.82,-0.14
2.7283,0.8208,0.5763,0.0820,1.54,-2.52,0.00
2.7295,0.8218,0.5773,0.0815,1.40,-0.91,0.14
2.7307,0.8228,0.5788,0.0810,1.26,-2.73,-0.77
2.7319,0.8198,0.5754,0.0839,1.68,-1.75,0.07
2.7331,0.8159,0.5739,0.0849,0.98,-2.87,-1.12
2.7343,0.8164,0.5729,0.0839,1.61,-1.75,0.35
2.7355,0.8184,0.5734,0.0834,0.70,-2.52,-0.98
2.7367,0.8203,0.5773,0.0834,1.68,-1.82,0.14
2.7379,0.8189,0.5773,0.0849,0.49,-2.59,-1.05
2.7391,0.8174,0.5768,0.0839,1.82,-1.75,0.00
2.7403,0.8169,0.5768,0.0830,0.63,-2.24,-0.91
2.7415,0.8150,0.5754,0.0815,1.40,-2.17,-0.14
2.7427,0.8154,0.5778,0.0810,0.63,-2.38,-0.77
2.7439,0.8184,0.5793,0.0839,1.19,-1.96,-0.35
2.7451,0.8184,0.5817,0.0825,0.98,-1.89,-0.28
2.7463,0.8150,0.5822,0.0830,1.19,-2.31,-0.77
2.7475,0.8145,0.5807,0.0854,0.77,-1.75,-0.14
2.7487,0.8159,0.5793,0.0888,0.91,-2.45,-0.70
2.7493,0.8145,0.5749,0.0883,0.42,-2.59,-1.12
2.7498,0.8135,0.5734,0.0839,1.40,-1.89,0.21
2.7504,0.8135,0.5724,0.0844,0.28,-2.52,-0.91
2.7510,0.8159,0.5749,0.0864,0.70,-1.68,0.21
2.7515,0.8189,0.5768,0.0854,0.63,-2.31,-1.19
2.7521,0.8169,0.5739,0.0864,0.98,-2.31,0.42
2.7527,0.8150,0.5729,0.0898,0.49,-1.75,-0.77
2.7532,0.8159,0.5739,0.0908,1.19,-2.24,-0.07
2.7538,0.8159,0.5744,0.0883,0.28,-1.33,-0.56
2.7544,0.8130,0.5724,0.0888,0.91,-2.52,-0.28
2.7549,0.8125,0.5734,0.0888,0.49,-1.61,-0.42
2.7555,0.8154,0.5797,0.0898,0.49,-2.10,-0.14
2.7561,0.8159,0.5788,0.0927,0.56,-1.54,-0.14
2.7567,0.8130,0.5763,0.0908,0.63,-2.59,-0.35
2.7572,0.8150,0.5754,0.0864,0.56,-1.61,0.07
2.7578,0.8174,0.5783,0.0834,-0.07,-2.24,-0.14
2.7584,0.8174,0.5822,0.0908,0.42,-1.47,0.21
2.7589,0.8159,0.5807,0.0956,0.21,-1.82,-0.28
2.7595,0.8120,0.5822,0.0898,0.21,-2.10,0.28
2.7601,0.8101,0.5827,0.0878,0.14,-1.89,-0.21
2.7606,0.8091,0.5797,0.0898,0.35,-1.54,0.42
2.7612,0.8130,0.5793,0.0898,-0.07,-1.75,0.07
2.7617,0.8140,0.5797,0.0903,0.21,-1.75,0.35
2.7622,0.8130,0.5778,0.0913,-0.14,-1.54,0.00
2.7628,0.8106,0.5797,0.0927,0.00,-1.89,0.70
2.7633,0.8091,0.5827,0.0913,-0.14,-1.61,0.07
2.7639,0.8130,0.5836,0.0869,0.21,-1.61,1.12
2.7644,0.8154,0.5827,0.0869,0.07,-1.68,-0.35
2.7650,0.8135,0.5773,0.0898,0.07,-1.40,1.26
2.7655,0.8106,0.5739,0.0922,-0.28,-1.54,-0.07
2.7661,0.8101,0.5754,0.0927,0.14,-1.61,1.19
2.7666,0.8096,0.5778,0.0874,-0.28,-0.91,0.21
2.7672,0.8101,0.5768,0.0849,-0.07,-1.54,1.26
2.7677,0.8130,0.5793,0.0849,-0.28,-1.12,0.14
2.7683,0.8140,0.5793,0.0849,-0.42,-1.54,0.84
2.7688,0.8120,0.5788,0.0854,-0.28,-1.40,0.98
2.7693,0.8072,0.5778,0.0830,-0.35,-1.68,0.07
2.7699,0.8076,0.5797,0.0844,-0.63,-1.47,0.56
2.7704,0.8086,0.5763,0.0869,-0.56,-1.26,1.05
2.7710,0.8106,0.5797,0.0839,-0.49,-1.12,0.42
2.7715,0.8135,0.5812,0.0844,-0.84,-1.33,1.33
2.7720,0.8140,0.5788,0.0839,-0.56,-0.98,0.91
2.7725,0.8106,0.5754,0.0810,-0.77,-1.05,1.12
2.7731,0.8086,0.5768,0.0825,-0.70,-1.05,0.98
2.7736,0.8091,0.5832,0.0844,-0.91,-0.98,1.40
2.7741,0.8081,0.5846,0.0874,-0.84,-0.91,1.05
2.7746,0.8062,0.5807,0.0917,-0.84,-0.98,0.91
2.7751,0.8072,0.5797,0.0903,-0.98,-0.70,0.98
2.7757,0.8111,0.5841,0.0908,-0.84,-0.84,1.47
2.7762,0.8072,0.5861,0.0898,-0.91,-1.19,0.91
2.7767,0.8062,0.5817,0.0849,-1.05,-0.35,1.33
2.7772,0.8106,0.5768,0.0849,-0.91,-1.05,0.91
2.7778,0.8106,0.5778,0.0903,-0.91,-0.70,1.26
2.7783,0.8106,0.5802,0.0903,-1.47,-1.12,0.84
2.7788,0.8145,0.5817,0.0839,-0.98,-0.42,1.40
2.7793,0.8072,0.5783,0.0864,-1.26,-0.28,1.82
2.7798,0.8072,0.5778,0.0874,-1.54,-1.26,0.42
2.7804,0.8076,0.5788,0.0849,-1.54,0.07,1.61
2.7809,0.8115,0.5802,0.0849,-1.33,-1.12,0.42
2.7814,0.8145,0.5851,0.0849,-1.40,-0.14,1.47
2.7829,0.8130,0.5880,0.0849,-1.68,-0.98,0.84
2.7844,0.8130,0.5856,0.0849,-1.47,-0.07,1.54
2.7858,0.8145,0.5851,0.0859,-1.75,-0.91,0.70
2.7873,0.8120,0.5841,0.0893,-1.40,0.00,1.54
2.7888,0.8091,0.5841,0.0917,-2.03,-0.70,0.84
2.7903,0.8096,0.5851,0.0893,-1.26,-0.21,1.19
2.7918,0.8111,0.5851,0.0878,-1.89,-0.49,1.26
2.7933,0.8135,0.5876,0.0878,-1.68,-0.49,1.26
2.7948,0.8101,0.5861,0.0874,-1.82,-0.42,1.19
2.7962,0.8057,0.5856,0.0878,-1.40,-0.35,1.19
2.7977,0.8091,0.5861,0.0859,-2.03,-0.07,1.61
2.7992,0.8125,0.5812,0.0869,-1.61,-0.49,0.91
2.8007,0.8140,0.5822,0.0869,-1.96,-0.35,1.61
2.8022,0.8120,0.5832,0.0874,-1.82,-0.35,0.98
2.8037,0.8140,0.5871,0.0864,-1.54,0.00,1.89
2.8052,0.8189,0.5929,0.0815,-2.31,-0.21,1.12
2.8066,0.8169,0.5915,0.0820,-1.54,0.00,1.54
2.8081,0.8145,0.5905,0.0810,-1.96,-0.42,1.12
2.8096,0.8130,0.5910,0.0849,-1.75,-0.14,1.40
2.8111,0.8164,0.5900,0.0864,-2.03,-0.35,0.91
2.8111,0.8189,0.5880,0.0830,-1.82,-0.14,1.33
2.8112,0.8169,0.5880,0.0849,-1.96,0.14,1.05
2.8112,0.8154,0.5915,0.0825,-1.82,-0.49,1.05
2.8113,0.8140,0.5949,0.0791,-2.17,0.42,1.47
2.8113,0.8174,0.5963,0.0844,-1.75,-0.28,1.12
2.8114,0.8189,0.5939,0.0864,-1.96,0.07,1.26
2.8114,0.8159,0.5915,0.0800,-2.31,-0.28,1.12
2.8115,0.8174,0.5929,0.0800,-1.82,-0.07,1.05
2.8115,0.8174,0.5944,0.0839,-2.17,-0.28,1.19
2.8116,0.8169,0.5915,0.0844,-1.89,0.07,1.40
2.8116,0.8164,0.5949,0.0825,-2.52,-0.07,1.33
2.8117,0.8140,0.5983,0.0810,-1.89,-0.07,0.98
2.8117,0.8179,0.5919,0.0776,-2.17,-0.28,1.33
2.8118,0.8194,0.5919,0.0791,-2.03,-0.70,0.91
2.8118,0.8174,0.5934,0.0849,-2.17,-0.14,1.19
2.8119,0.8203,0.5900,0.0844,-2.31,0.00,1.26
2.8119,0.8203,0.5915,0.0805,-2.10,-0.28,1.05
2.8120,0.8164,0.5919,0.0786,-2.24,-0.21,1.26
2.8121,0.8135,0.5934,0.0776,-2.03,-0.07,1.05
2.8121,0.8135,0.5954,0.0786,-2.17,-0.49,1.05
2.8122,0.8130,0.5929,0.0800,-1.96,-0.21,0.84
2.8123,0.8150,0.5919,0.0800,-2.10,-0.42,1.40
2.8124,0.8154,0.5924,0.0795,-1.89,-0.14,0.77
2.8126,0.8115,0.5958,0.0791,-2.45,-0.07,1.12
2.8127,0.8145,0.5978,0.0766,-1.89,-0.21,0.63
2.8128,0.8159,0.5949,0.0756,-2.38,-0.21,1.05
2.8129,0.8169,0.5919,0.0791,-2.24,-0.28,0.35
2.8130,0.8203,0.5885,0.0795,-2.17,-0.07,1.05
2.8131,0.8169,0.5885,0.0752,-2.24,-0.28,0.49
2.8132,0.8159,0.5876,0.0756,-2.24,-0.21,0.98
2.8133,0.8194,0.5876,0.0825,-2.31,-0.14,1.05
2.8135,0.8198,0.5895,0.0771,-1.75,-0.35,0.49
2.8136,0.8125,0.5880,0.0791,-1.82,-0.07,0.84
2.8137,0.8081,0.5910,0.0844,-2.59,-0.70,0.63
2.8138,0.8115,0.5900,0.0834,-1.89,0.21,0.56
2.8139,0.8140,0.5915,0.0776,-2.24,-0.35,0.35
2.8140,0.8130,0.5929,0.0810,-2.31,-0.07,0.70
2.8141,0.8135,0.5900,0.0830,-2.31,-0.42,0.07
2.8143,0.8135,0.5876,0.0839,-2.31,0.07,0.84
2.8144,0.8145,0.5895,0.0854,-2.10,-0.35,0.07
2.8150,0.8135,0.5919,0.0834,-2.38,-0.35,0.42
2.8156,0.8115,0.5900,0.0810,-2.03,-0.35,0.49
2.8162,0.8130,0.5890,0.0795,-2.45,0.07,0.63
2.8168,0.8111,0.5890,0.0839,-2.10,-0.28,0.00
2.8174,0.8101,0.5895,0.0854,-2.17,-0.07,0.56
2.8180,0.8101,0.5900,0.0805,-2.03,-0.21,0.07
2.8186,0.8111,0.5900,0.0800,-2.24,-0.49,0.21
2.8193,0.8111,0.5876,0.0820,-1.89,-0.14,0.21
2.8199,0.8086,0.5871,0.0834,-2.24,-0.14,0.14
2.8205,0.8076,0.5876,0.0815,-2.45,-0.21,0.14
2.8211,0.8125,0.5905,0.0820,-2.31,0.21,0.35
2.8217,0.8072,0.5861,0.0839,-2.10,0.35,0.77
2.8223,0.8062,0.5866,0.0834,-2.10,-0.49,-0.42
2.8229,0.8047,0.5827,0.0849,-2.10,0.14,0.63
2.8235,0.8057,0.5822,0.0854,-2.38,-0.49,-0.63
2.8241,0.8062,0.5876,0.0830,-1.96,0.35,0.91
2.8248,0.8037,0.5885,0.0795,-2.38,-0.42,-0.21
2.8254,0.8028,0.5846,0.0776,-1.82,0.21,0.70
2.8260,0.8067,0.5836,0.0805,-2.45,-0.07,-0.35
2.8266,0.8062,0.5841,0.0820,-1.75,0.14,0.77
2.8272,0.8067,0.5812,0.0820,-2.45,-0.14,-0.42
2.8278,0.8081,0.5812,0.0825,-1.89,-0.21,0.63
2.8284,0.8067,0.5822,0.0844,-2.17,0.07,-0.14
2.8290,0.8067,0.5836,0.0878,-1.68,-0.07,0.35
2.8296,0.8037,0.5861,0.0854,-2.38,-0.07,0.07
2.8302,0.8037,0.5841,0.0825,-1.61,-0.07,0.07
2.8308,0.8037,0.5846,0.0854,-2.31,0.35,0.35
2.8314,0.8037,0.5861,0.0834,-1.96,0.07,0.07
2.8320,0.8062,0.5876,0.0830,-1.96,0.00,0.49
2.8326,0.8047,0.5890,0.0859,-2.45,0.14,0.07
2.8332,0.8018,0.5866,0.0825,-1.82,0.35,0.42
2.8338,0.8037,0.5851,0.0800,-2.73,0.00,-0.14
2.8344,0.8028,0.5856,0.0825,-1.75,0.49,0.70
2.8350,0.7993,0.5851,0.0849,-2.24,0.07,0.07
2.8356,0.8003,0.5846,0.0825,-1.82,0.07,0.63
2.8362,0.8032,0.5827,0.0800,-2.31,0.21,0.00
2.8368,0.8052,0.5807,0.0800,-2.10,0.21,0.56
2.8374,0.8037,0.5841,0.0815,-2.17,0.35,0.00
2.8380,0.7998,0.5846,0.0844,-2.10,0.28,0.70
2.8386,0.7984,0.5812,0.0820,-2.17,0.28,0.07
2.8390,0.8003,0.5807,0.0795,-2.17,0.42,0.63
2.8395,0.8018,0.5773,0.0795,-1.89,0.07,0.00
2.8399,0.8008,0.5773,0.0786,-2.38,0.28,0.56
2.8403,0.8037,0.5817,0.0800,-1.96,0.28,0.21
2.8408,0.8028,0.5846,0.0810,-2.10,0.56,0.91
2.8412,0.8003,0.5841,0.0791,-2.03,0.07,0.28
2.8417,0.8037,0.5788,0.0771,-2.03,0.28,0.21
2.8421,0.8037,0.5749,0.0786,-2.17,0.00,0.28
2.8426,0.8013,0.5763,0.0810,-1.96,0.77,0.63
2.8430,0.8013,0.5788,0.0791,-1.96,-0.14,0.35
2.8435,0.8028,0.5812,0.0786,-2.03,0.63,0.35
2.8439,0.8018,0.5851,0.0771,-2.17,-0.28,0.07
2.8443,0.8013,0.5841,0.0742,-1.89,0.42,0.35
2.8448,0.8028,0.5836,0.0766,-2.38,-0.21,0.07
2.8452,0.8037,0.5836,0.0815,-1.96,0.63,0.56
2.8457,0.8028,0.5812,0.0839,-1.89,-0.21,0.14
2.8461,0.8013,0.5797,0.0839,-1.82,0.28,-0.14
2.8466,0.8076,0.5793,0.0800,-2.24,0.14,-0.07
2.8470,0.8115,0.5793,0.0742,-1.75,0.21,0.07
2.8475,0.8062,0.5793,0.0756,-2.10,0.28,0.42
2.8481,0.8032,0.5827,0.0766,-2.10,0.21,-0.07
2.8487,0.8047,0.5880,0.0771,-1.89,0.14,0.28
2.8494,0.8032,0.5876,0.0761,-1.68,-0.14,0.14
2.8500,0.8023,0.5827,0.0722,-1.61,0.42,0.07
2.8506,0.8028,0.5812,0.0717,-2.31,-0.07,0.14
2.8513,0.8028,0.5827,0.0742,-1.47,0.14,0.14
2.8519,0.8028,0.5783,0.0761,-1.26,0.84,0.14
2.8525,0.8086,0.5773,0.0771,-2.17,-0.28,-0.07
2.8532,0.8086,0.5812,0.0727,-1.82,0.00,0.14
2.8538,0.8067,0.5817,0.0756,-1.89,-0.07,-0.28
2.8544,0.8067,0.5797,0.0747,-1.68,-0.28,0.35
2.8551,0.8076,0.5783,0.0727,-1.82,0.14,0.07
2.8557,0.8047,0.5788,0.0732,-1.68,-0.35,0.00
2.8563,0.8047,0.5793,0.0727,-1.47,0.00,-0.07
2.8569,0.8067,0.5778,0.0761,-1.75,-0.49,0.07
2.8576,0.8062,0.5812,0.0771,-1.40,0.07,0.07
2.8582,0.8028,0.5846,0.0752,-1.82,-0.56,-0.28
2.8588,0.8032,0.5861,0.0742,-1.26,0.07,0.49
2.8595,0.8052,0.5846,0.0732,-1.82,-0.56,-0.28
2.8601,0.8028,0.5793,0.0737,-0.98,-0.42,0.14
2.8607,0.8013,0.5783,0.0771,-2.03,-0.49,-0.21
2.8612,0.8013,0.5812,0.0766,-1.12,-0.63,0.56
2.8617,0.8028,0.5822,0.0766,-1.54,-0.49,-0.07
2.8623,0.8047,0.5793,0.0732,-1.33,-0.49,0.21
2.8628,0.8023,0.5822,0.0732,-1.33,-0.91,0.84
2.8634,0.8032,0.5802,0.0752,-1.68,-0.56,-0.21
2.8639,0.8096,0.5778,0.0795,-0.84,-0.84,0.63
2.8645,0.8135,0.5797,0.0771,-1.40,-0.91,-0.42
2.8650,0.8096,0.5817,0.0766,-1.05,-0.56,0.98
2.8656,0.8120,0.5841,0.0781,-1.26,-0.91,0.00
2.8661,0.8150,0.5817,0.0742,-0.70,-1.05,0.42
2.8666,0.8125,0.5778,0.0742,-1.33,-0.91,0.07
2.8672,0.8125,0.5793,0.0737,-0.84,-1.19,0.49
2.8677,0.8125,0.5817,0.0732,-0.98,-1.05,0.28
2.8683,0.8130,0.5817,0.0737,-0.77,-1.19,0.49
2.8688,0.8106,0.5778,0.0732,-0.91,-1.33,0.56
2.8694,0.8076,0.5773,0.0752,-0.91,-1.12,0.42
2.8699,0.8067,0.5812,0.0756,-0.77,-1.26,0.42
2.8705,0.8115,0.5783,0.0742,-0.70,-1.47,0.28
2.8710,0.8130,0.5749,0.0766,-0.91,-1.40,0.56
2.8731,0.8081,0.5754,0.0781,-0.98,-1.61,0.21
2.8753,0.8076,0.5763,0.0747,-0.56,-1.68,0.49
2.8774,0.8037,0.5797,0.0781,-0.84,-1.33,0.28
2.8795,0.8042,0.5783,0.0776,-0.77,-1.82,0.07
2.8817,0.8072,0.5797,0.0752,-0.42,-1.89,0.70
2.8838,0.8091,0.5763,0.0786,-0.91,-1.68,0.21
2.8859,0.8057,0.5739,0.0776,-0.56,-1.89,0.77
2.8881,0.8062,0.5749,0.0776,-0.84,-1.54,0.21
2.8902,0.8096,0.5758,0.0771,-0.42,-2.17,0.70
2.8923,0.8106,0.5763,0.0756,-0.35,-1.82,0.42
2.8945,0.8067,0.5768,0.0781,-0.70,-2.45,0.70
2.8966,0.8076,0.5773,0.0771,-0.21,-1.68,0.42
2.8987,0.8115,0.5773,0.0771,-0.28,-2.80,0.35
2.9009,0.8115,0.5758,0.0791,-0.35,-2.03,0.77
2.9030,0.8091,0.5758,0.0776,-0.56,-2.24,0.63
2.9051,0.8072,0.5758,0.0712,-0.21,-2.24,0.42
2.9073,0.8076,0.5739,0.0654,-0.35,-2.31,0.56
2.9094,0.8081,0.5783,0.0708,0.14,-2.52,0.42
2.9115,0.8101,0.5812,0.0756,-0.28,-2.66,0.70
2.9137,0.8101,0.5783,0.0732,0.00,-2.73,0.14
2.9137,0.8067,0.5778,0.0766,-0.28,-2.59,0.49
2.9138,0.8067,0.5783,0.0781,0.14,-2.52,0.42
2.9138,0.8067,0.5783,0.0810,0.14,-3.08,0.28
2.9139,0.8028,0.5783,0.0781,0.00,-2.45,0.70
2.9139,0.8028,0.5783,0.0771,0.07,-2.80,0.42
2.9140,0.8018,0.5788,0.0771,0.35,-2.66,0.42
2.9141,0.7993,0.5793,0.0752,0.00,-2.94,0.42
2.9141,0.8037,0.5807,0.0761,0.42,-2.59,0.42
2.9142,0.8076,0.5812,0.0771,-0.07,-2.80,0.70
2.9142,0.8062,0.5788,0.0805,0.56,-3.15,0.56
2.9143,0.8028,0.5812,0.0786,0.28,-3.01,0.42
2.9144,0.8023,0.5832,0.0800,0.70,-3.29,0.63
2.9144,0.8028,0.5832,0.0820,0.42,-2.66,0.56
2.9145,0.8008,0.5836,0.0776,0.49,-3.01,0.63
2.9145,0.7993,0.5827,0.0766,0.70,-2.73,0.77
2.9146,0.7989,0.5827,0.0776,0.84,-3.43,0.70
2.9146,0.7998,0.5817,0.0776,0.42,-2.73,0.91
2.9147,0.8008,0.5822,0.0771,0.91,-3.22,0.56
2.9148,0.8037,0.5807,0.0771,0.56,-2.94,0.91
2.9148,0.8032,0.5773,0.0786,0.70,-3.22,0.84
2.9149,0.8032,0.5778,0.0742,0.84,-3.64,0.28
2.9150,0.8013,0.5778,0.0761,0.84,-3.71,0.28
2.9151,0.8013,0.5778,0.0786,0.91,-2.73,1.33
2.9152,0.8013,0.5763,0.0771,1.05,-3.78,0.28
2.9153,0.7989,0.5788,0.0766,1.05,-3.08,1.54
2.9154,0.7979,0.5793,0.0786,0.84,-3.50,0.70
2.9155,0.8028,0.5763,0.0766,0.91,-3.01,1.19
2.9155,0.8067,0.5754,0.0786,0.91,-3.36,0.63
2.9156,0.8008,0.5788,0.0830,1.12,-2.94,1.54
2.9157,0.7935,0.5832,0.0825,0.91,-3.64,0.70
2.9158,0.7969,0.5836,0.0815,1.47,-3.08,1.33
2.9159,0.7998,0.5836,0.0805,0.70,-3.57,0.63
2.9160,0.7979,0.5817,0.0810,1.54,-3.43,1.33
2.9161,0.7979,0.5763,0.0834,0.98,-3.01,0.98
2.9162,0.7984,0.5773,0.0830,1.68,-3.22,1.40
2.9163,0.7974,0.5827,0.0795,0.84,-2.87,1.26
2.9164,0.7969,0.5822,0.0805,1.47,-3.36,0.84
2.9165,0.7959,0.5812,0.0805,1.40,-3.15,1.12
2.9166,0.7945,0.5802,0.0820,1.33,-2.94,0.98
2.9166,0.7954,0.5788,0.0825,1.33,-3.15,0.98
2.9172,0.7989,0.5802,0.0839,1.33,-2.87,0.84
2.9177,0.7989,0.5822,0.0874,1.68,-3.71,0.77
2.9183,0.7964,0.5807,0.0844,1.33,-2.87,0.98
2.9188,0.7950,0.5817,0.0805,1.40,-3.08,0.70
2.9194,0.7954,0.5807,0.0820,1.26,-2.80,1.40
2.9199,0.7969,0.5754,0.0839,1.75,-3.22,0.77
2.9204,0.7964,0.5739,0.0864,1.75,-2.87,1.05
2.9210,0.7954,0.5763,0.0854,1.61,-3.36,0.63
2.9215,0.7959,0.5773,0.0825,1.47,-2.66,0.84
2.9221,0.7959,0.5773,0.0849,1.68,-3.01,0.77
2.9226,0.7964,0.5754,0.0805,1.68,-2.94,0.84
2.9231,0.7993,0.5754,0.0834,1.26,-2.73,1.05
2.9237,0.8037,0.5744,0.0869,1.61,-3.08,0.56
2.9242,0.8067,0.5724,0.0805,1.33,-2.87,0.98
2.9248,0.8086,0.5734,0.0820,1.75,-2.87,0.49
2.9253,0.8076,0.5729,0.0815,1.33,-3.01,0.84
2.9258,0.8076,0.5739,0.0791,1.75,-2.87,0.49
2.9264,0.8072,0.5724,0.0795,1.54,-2.45,0.84
2.9269,0.8081,0.5739,0.0776,1.75,-3.08,0.63
2.9275,0.8130,0.5744,0.0771,2.03,-2.59,0.63
2.9280,0.8086,0.5729,0.0825,1.19,-3.15,0.77
2.9286,0.8067,0.5714,0.0825,1.75,-2.94,0.07
2.9292,0.8101,0.5724,0.0815,1.26,-3.01,0.35
2.9298,0.8081,0.5739,0.0805,1.68,-2.66,0.35
2.9304,0.8072,0.5714,0.0815,1.26,-3.08,0.35
2.9310,0.8106,0.5690,0.0825,1.82,-3.01,0.07
2.9316,0.8115,0.5656,0.0825,1.47,-2.94,0.42
2.9321,0.8076,0.5705,0.0834,1.33,-3.22,0.28
2.9327,0.8081,0.5744,0.0815,1.47,-2.80,0.14
2.9333,0.8111,0.5675,0.0786,1.26,-3.15,-0.21
2.9339,0.8086,0.5622,0.0791,1.26,-2.87,0.35
2.9345,0.8081,0.5627,0.0830,1.26,-3.15,0.07
2.9351,0.8101,0.5632,0.0844,1.33,-2.80,0.07
2.9357,0.8106,0.5646,0.0854,1.19,-3.22,-0.14
2.9362,0.8081,0.5627,0.0854,1.61,-2.80,0.21
2.9368,0.8067,0.5602,0.0854,0.70,-3.22,-0.35
2.9374,0.8081,0.5592,0.0854,1.47,-2.87,0.28
2.9380,0.8096,0.5592,0.0795,1.05,-2.38,-0.07
2.9386,0.8101,0.5651,0.0776,1.40,-2.80,0.35
2.9392,0.8101,0.5671,0.0771,0.84,-2.94,-0.35
2.9397,0.8125,0.5661,0.0786,1.12,-3.01,0.14
2.9403,0.8150,0.5651,0.0834,1.40,-3.43,-0.70
2.9408,0.8174,0.5641,0.0815,1.19,-3.08,0.21
2.9414,0.8194,0.5671,0.0786,1.12,-3.36,-0.42
2.9420,0.8169,0.5685,0.0786,0.98,-2.94,0.35
2.9425,0.8164,0.5666,0.0795,0.98,-3.15,-0.70
2.9431,0.8154,0.5651,0.0800,1.05,-3.22,0.42
2.9436,0.8145,0.5661,0.0810,0.98,-3.15,-0.49
2.9442,0.8150,0.5666,0.0786,1.26,-3.43,0.07
2.9447,0.8150,0.5661,0.0786,0.91,-2.73,-0.21
2.9453,0.8169,0.5671,0.0795,0.91,-3.43,-0.28
2.9458,0.8164,0.5685,0.0805,0.91,-3.01,-0.14
2.9464,0.8154,0.5651,0.0795,1.19,-3.57,-0.35
2.9470,0.8145,0.5671,0.0737,0.63,-3.15,0.21
2.9475,0.8154,0.5734,0.0747,1.26,-3.43,-0.49
2.9481,0.8164,0.5734,0.0766,0.98,-3.43,0.14
2.9486,0.8159,0.5729,0.0781,1.12,-3.57,-0.56
2.9492,0.8130,0.5739,0.0781,0.70,-3.29,0.42
2.9497,0.8096,0.5768,0.0771,1.12,-3.22,-0.14
2.9503,0.8091,0.5812,0.0805,1.05,-3.57,0.21
2.9509,0.8076,0.5817,0.0810,1.12,-3.15,0.35
2.9515,0.8101,0.5807,0.0795,0.98,-3.22,0.28
2.9521,0.8096,0.5812,0.0795,1.05,-3.08,0.35
2.9526,0.8096,0.5812,0.0786,0.91,-3.57,-0.14
2.9532,0.8135,0.5827,0.0776,0.98,-3.01,0.63
2.9538,0.8115,0.5846,0.0776,1.26,-3.71,-0.14
2.9544,0.8076,0.5817,0.0742,1.19,-2.80,0.91
2.9550,0.8057,0.5832,0.0761,1.19,-3.71,-0.28
2.9556,0.8042,0.5871,0.0781,0.91,-3.08,0.84
2.9562,0.8086,0.5861,0.0781,1.54,-3.22,0.00
2.9568,0.8106,0.5856,0.0752,0.98,-3.29,0.77
2.9573,0.8081,0.5871,0.0722,1.61,-3.50,0.07
2.9579,0.8111,0.5895,0.0747,1.19,-3.78,0.42
2.9585,0.8101,0.5866,0.0756,1.40,-3.08,0.42
2.9591,0.8091,0.5856,0.0756,1.61,-3.78,0.21
2.9597,0.8135,0.5871,0.0752,1.40,-2.87,0.56
2.9603,0.8130,0.5866,0.0747,1.12,-3.85,-0.07
2.9609,0.8081,0.5890,0.0727,1.61,-2.87,0.77
2.9615,0.8086,0.5895,0.0698,1.54,-4.34,-0.21
2.9621,0.8076,0.5846,0.0727,1.54,-2.66,1.05
2.9626,0.8037,0.5836,0.0742,1.40,-3.57,-0.28
2.9631,0.8037,0.5871,0.0737,1.89,-3.29,0.77
2.9636,0.8081,0.5880,0.0766,1.26,-3.36,0.00
2.9641,0.8101,0.5871,0.0791,1.82,-3.08,0.98
2.9646,0.8072,0.5871,0.0756,1.47,-4.20,-0.28
2.9651,0.8086,0.5885,0.0712,2.03,-3.22,1.05
2.9656,0.8115,0.5919,0.0732,1.40,-3.50,-0.07
2.9661,0.8096,0.5910,0.0752,2.03,-3.57,0.49
2.9666,0.8072,0.5885,0.0761,1.40,-3.57,0.00
2.9671,0.8091,0.5876,0.0781,2.03,-3.64,0.49
2.9676,0.8106,0.5871,0.0771,1.12,-3.71,-0.28
2.9681,0.8091,0.5876,0.0761,2.10,-3.57,0.21
2.9686,0.8101,0.5890,0.0747,1.68,-3.15,0.00
2.9691,0.8115,0.5905,0.0756,1.89,-3.92,0.07
2.9696,0.8091,0.5876,0.0752,1.54,-2.80,0.42
2.9701,0.8057,0.5856,0.0756,1.75,-4.69,-0.84
2.9707,0.8086,0.5880,0.0771,1.68,-3.15,0.14
2.9712,0.8125,0.5866,0.0742,1.61,-3.78,-0.84
2.9717,0.8125,0.5846,0.0747,1.68,-3.43,0.35
2.9722,0.8091,0.5841,0.0747,1.61,-4.13,-0.98
2.9727,0.8047,0.5827,0.0737,1.96,-3.57,0.00
2.9733,0.8032,0.5861,0.0752,1.40,-3.78,-0.77
2.9739,0.8057,0.5885,0.0795,2.10,-3.78,-0.35
2.9745,0.8091,0.5841,0.0795,1.40,-3.57,-1.05
2.9751,0.8076,0.5812,0.0776,1.89,-3.71,-0.28
2.9756,0.8062,0.5802,0.0756,1.33,-3.36,-1.54
2.9762,0.8057,0.5783,0.0742,1.61,-3.57,-0.21
2.9768,0.8052,0.5797,0.0737,1.40,-3.57,-1.12
2.9774,0.8037,0.5754,0.0752,1.54,-4.34,-1.33
2.9779,0.8052,0.5705,0.0805,1.26,-3.71,-1.12
2.9785,0.8081,0.5700,0.0849,1.19,-3.92,-1.40
2.9791,0.8096,0.5675,0.0854,1.61,-3.64,-1.12
2.9797,0.8111,0.5636,0.0834,0.91,-4.20,-1.61
2.9803,0.8101,0.5622,0.0791,1.47,-3.36,-0.91
2.9808,0.8164,0.5675,0.0815,1.54,-3.15,-0.91
2.9814,0.8194,0.5700,0.0761,0.42,-4.27,-2.17
2.9820,0.8174,0.5675,0.0786,1.33,-3.50,-0.63
2.9826,0.8184,0.5651,0.0830,0.63,-4.55,-2.31
2.9831,0.8237,0.5636,0.0810,1.05,-3.71,-0.63
2.9837,0.8247,0.5622,0.0795,0.84,-4.20,-2.38
2.9852,0.8223,0.5588,0.0800,0.70,-4.20,-0.91
2.9868,0.8208,0.5578,0.0786,0.42,-4.06,-2.24
2.9883,0.8208,0.5563,0.0761,0.63,-4.20,-0.91
2.9898,0.8257,0.5563,0.0781,0.49,-3.71,-1.89
2.9913,0.8276,0.5573,0.0800,0.28,-4.62,-1.54
2.9929,0.8252,0.5558,0.0786,0.35,-3.64,-1.26
2.9944,0.8242,0.5549,0.0771,0.07,-4.76,-1.75
2.9959,0.8252,0.5544,0.0820,0.42,-3.71,-1.33
2.9974,0.8281,0.5544,0.0834,0.07,-4.90,-1.68
2.9989,0.8257,0.5529,0.0810,0.07,-3.99,-1.19
3.0005,0.8223,0.5514,0.0800,-0.07,-4.62,-1.82
3.0020,0.8242,0.5519,0.0791,-0.28,-4.20,-0.63
3.0035,0.8242,0.5529,0.0825,-0.07,-4.76,-1.82
3.0050,0.8257,0.5519,0.0815,-0.21,-3.85,-0.14
3.0066,0.8242,0.5510,0.0800,-0.42,-5.04,-2.03
3.0081,0.8228,0.5490,0.0849,-0.49,-4.62,-0.14
3.0096,0.8247,0.5505,0.0874,-0.42,-4.20,-1.26
3.0111,0.8223,0.5519,0.0849,-0.42,-4.62,-0.21
3.0126,0.8247,0.5475,0.0810,-0.63,-4.41,-1.19
3.0142,0.8252,0.5480,0.0830,-0.70,-4.83,0.00
3.0142,0.8272,0.5514,0.0864,-0.98,-4.62,-0.70
3.0143,0.8276,0.5495,0.0834,-0.49,-5.39,-0.35
3.0143,0.8252,0.5490,0.0766,-1.19,-4.06,0.14
3.0144,0.8262,0.5475,0.0776,-0.98,-5.39,-0.35
3.0144,0.8301,0.5436,0.0791,-1.33,-4.48,0.84
3.0145,0.8306,0.5466,0.0805,-0.91,-5.11,-0.07
3.0145,0.8296,0.5490,0.0810,-1.33,-4.55,1.19
3.0146,0.8296,0.5456,0.0795,-1.26,-5.32,-0.07
3.0146,0.8281,0.5441,0.0805,-1.19,-4.41,1.54
3.0147,0.8296,0.5436,0.0766,-1.47,-5.25,0.77
3.0147,0.8301,0.5436,0.0766,-1.40,-5.39,1.40
3.0148,0.8311,0.5451,0.0805,-1.75,-4.76,1.54
3.0148,0.8291,0.5461,0.0849,-1.40,-5.39,1.75
3.0149,0.8262,0.5480,0.0810,-1.68,-4.90,1.96
3.0150,0.8272,0.5475,0.0849,-1.40,-5.04,2.31
3.0150,0.8262,0.5485,0.0864,-2.10,-4.69,2.73
3.0151,0.8281,0.5485,0.0830,-1.26,-5.04,2.66
3.0151,0.8272,0.5475,0.0800,-1.96,-4.83,3.43
3.0152,0.8252,0.5480,0.0805,-1.54,-5.18,2.80
3.0152,0.8281,0.5485,0.0815,-2.17,-5.25,3.64
3.0153,0.8320,0.5495,0.0810,-1.82,-5.25,3.64
3.0155,0.8316,0.5514,0.0825,-1.89,-5.04,4.27
3.0156,0.8291,0.5524,0.0830,-1.82,-5.11,4.55
3.0157,0.8291,0.5529,0.0815,-2.17,-4.69,4.27
3.0158,0.8272,0.5524,0.0815,-1.75,-5.39,4.83
3.0159,0.8301,0.5534,0.0815,-1.89,-4.90,4.83
3.0161,0.8320,0.5558,0.0791,-2.17,-5.25,5.39
3.0162,0.8330,0.5539,0.0805,-1.75,-4.97,5.18
3.0163,0.8345,0.5544,0.0815,-2.31,-5.39,5.46
3.0164,0.8306,0.5558,0.0815,-2.31,-5.11,6.23
3.0166,0.8301,0.5549,0.0795,-2.45,-5.32,6.37
3.0167,0.8296,0.5553,0.0795,-2.31,-4.90,6.72
3.0168,0.8311,0.5578,0.0825,-2.45,-5.18,6.65
3.0169,0.8296,0.5602,0.0795,-2.10,-4.90,6.93
3.0170,0.8291,0.5612,0.0776,-2.38,-5.25,7.00
3.0172,0.8252,0.5622,0.0795,-2.17,-4.90,7.70
3.0173,0.8233,0.5632,0.0800,-2.52,-5.11,7.21
3.0174,0.8252,0.5641,0.0830,-2.52,-5.04,7.84
3.0175,0.8281,0.5666,0.0854,-2.45,-5.04,7.35
3.0176,0.8252,0.5675,0.0830,-2.31,-5.18,8.12
3.0182,0.8252,0.5661,0.0825,-2.24,-5.11,7.63
3.0188,0.8276,0.5646,0.0825,-2.17,-5.32,8.26
3.0194,0.8233,0.5671,0.0839,-2.45,-4.97,7.77
3.0199,0.8233,0.5739,0.0859,-2.03,-5.25,8.61
3.0205,0.8247,0.5729,0.0820,-2.38,-4.97,7.91
3.0211,0.8213,0.5729,0.0791,-2.10,-4.97,8.61
3.0216,0.8223,0.5739,0.0864,-2.38,-4.62,8.47
3.0222,0.8208,0.5754,0.0859,-2.31,-4.97,8.75
3.0228,0.8223,0.5744,0.0859,-2.17,-4.83,8.82
3.0233,0.8252,0.5719,0.0864,-2.24,-5.04,8.89
3.0239,0.8223,0.5783,0.0874,-2.03,-4.69,8.68
3.0245,0.8184,0.5822,0.0903,-2.52,-4.83,8.89
3.0251,0.8179,0.5802,0.0893,-1.89,-5.04,8.40
3.0256,0.8203,0.5807,0.0878,-2.52,-4.83,8.96
3.0262,0.8223,0.5817,0.0854,-2.10,-4.76,8.68
3.0268,0.8218,0.5822,0.0815,-2.31,-4.97,8.68
3.0273,0.8203,0.5763,0.0815,-2.24,-4.62,8.68
3.0279,0.8184,0.5768,0.0874,-2.03,-4.90,8.82
3.0285,0.8174,0.5827,0.0883,-2.10,-4.83,8.68
3.0290,0.8189,0.5861,0.0878,-1.96,-4.34,9.03
3.0302,0.8174,0.5856,0.0893,-2.10,-4.97,8.19
3.0313,0.8164,0.5827,0.0834,-2.10,-4.62,8.82
3.0324,0.8189,0.5861,0.0825,-2.24,-4.90,8.26
3.0335,0.8203,0.5871,0.0859,-1.89,-4.34,8.82
3.0347,0.8174,0.5866,0.0820,-2.24,-4.83,8.12
3.0358,0.8150,0.5861,0.0810,-1.89,-4.48,8.82
3.0369,0.8194,0.5866,0.0839,-2.31,-4.62,7.77
3.0380,0.8169,0.5880,0.0839,-1.26,-4.13,9.10
3.0392,0.8120,0.5861,0.0849,-2.45,-4.83,7.42
3.0403,0.8130,0.5851,0.0825,-1.68,-3.99,8.61
3.0414,0.8145,0.5861,0.0820,-2.17,-4.83,7.21
3.0425,0.8130,0.5861,0.0830,-1.47,-4.62,8.47
3.0437,0.8130,0.5876,0.0864,-2.10,-4.27,7.56
3.0448,0.8111,0.5890,0.0893,-1.54,-4.27,8.33
3.0459,0.8115,0.5841,0.0839,-1.82,-4.97,7.21
3.0470,0.8150,0.5836,0.0810,-1.96,-4.48,8.12
3.0482,0.8140,0.5871,0.0834,-1.61,-4.34,6.93
3.0493,0.8145,0.5876,0.0849,-1.75,-4.06,7.49
3.0504,0.8135,0.5876,0.0849,-1.75,-4.27,7.35
3.0515,0.8106,0.5871,0.0864,-1.61,-4.27,7.35
3.0521,0.8106,0.5885,0.0849,-1.89,-4.27,7.07
3.0527,0.8125,0.5866,0.0844,-1.40,-4.41,6.58
3.0533,0.8130,0.5890,0.0869,-1.47,-4.41,7.00
3.0539,0.8120,0.5934,0.0864,-1.40,-4.06,6.44
3.0544,0.8115,0.5949,0.0854,-1.68,-4.34,6.79
3.0550,0.8101,0.5905,0.0878,-1.19,-3.99,6.30
3.0556,0.8130,0.5861,0.0898,-1.75,-4.41,6.44
3.0562,0.8150,0.5885,0.0908,-1.33,-3.43,6.23
3.0568,0.8145,0.5890,0.0883,-1.61,-4.34,6.16
3.0574,0.8130,0.5871,0.0874,-1.40,-3.50,6.37
3.0579,0.8140,0.5905,0.0869,-1.19,-3.99,5.95
3.0585,0.8154,0.5900,0.0869,-1.33,-3.85,5.95
3.0591,0.8101,0.5876,0.0898,-1.47,-3.64,5.67
3.0597,0.8086,0.5885,0.0922,-1.40,-3.71,5.60
3.0603,0.8111,0.5866,0.0883,-1.33,-3.43,5.46
3.0609,0.8115,0.5895,0.0893,-1.05,-4.13,5.53
3.0614,0.8115,0.5934,0.0917,-1.33,-3.15,5.18
3.0620,0.8096,0.5934,0.0898,-1.40,-3.78,5.25
3.0626,0.8086,0.5885,0.0927,-1.12,-3.29,4.62
3.0632,0.8101,0.5861,0.0947,-1.26,-3.64,5.18
3.0639,0.8106,0.5880,0.0922,-1.12,-3.57,4.13
3.0646,0.8081,0.5905,0.0903,-0.98,-3.22,5.32
3.0654,0.8076,0.5924,0.0913,-1.40,-3.57,4.27
3.0661,0.8091,0.5929,0.0893,-0.98,-3.08,4.55
3.0668,0.8086,0.5890,0.0942,-0.91,-3.22,4.48
3.0675,0.8111,0.5846,0.0898,-1.26,-3.15,3.92
3.0682,0.8076,0.5856,0.0893,-0.63,-3.15,4.06
3.0690,0.8101,0.5856,0.0903,-1.33,-3.08,3.71
3.0697,0.8130,0.5861,0.0922,-0.91,-2.73,3.99
3.0704,0.8106,0.5876,0.0903,-1.26,-2.94,3.43
3.0711,0.8062,0.5851,0.0869,-0.42,-2.94,3.85
3.0718,0.8081,0.5836,0.0903,-1.12,-3.08,3.43
3.0725,0.8140,0.5822,0.0888,-0.49,-2.94,3.36
3.0733,0.8115,0.5841,0.0844,-0.84,-3.15,3.01
3.0740,0.8115,0.5871,0.0844,-0.77,-2.52,3.57
3.0747,0.8135,0.5856,0.0888,-0.56,-2.66,3.01
3.0754,0.8145,0.5836,0.0864,-0.77,-2.73,3.15
3.0761,0.8159,0.5827,0.0849,-1.05,-2.45,2.73
3.0769,0.8145,0.5817,0.0859,-0.70,-2.80,2.80
3.0776,0.8164,0.5802,0.0859,-0.70,-2.24,3.01
3.0795,0.8164,0.5802,0.0810,-0.91,-2.73,2.45
3.0814,0.8223,0.5841,0.0854,-0.63,-2.52,2.52
3.0833,0.8174,0.5846,0.0844,-0.14,-2.17,2.31
3.0852,0.8169,0.5841,0.0820,-0.70,-2.38,2.45
3.0871,0.8169,0.5836,0.0849,-0.35,-2.31,1.89
3.0890,0.8169,0.5846,0.0844,-0.56,-2.59,2.31
3.0909,0.8198,0.5871,0.0830,-0.42,-2.03,1.89
3.0928,0.8198,0.5812,0.0834,-0.56,-2.24,2.24
3.0947,0.8174,0.5788,0.0781,-0.28,-2.03,1.96
3.0966,0.8184,0.5797,0.0795,-0.49,-2.17,1.61
3.0985,0.8228,0.5797,0.0878,-0.35,-1.82,2.10
3.1005,0.8203,0.5773,0.0883,-0.42,-1.89,1.47
3.1024,0.8164,0.5768,0.0830,-0.14,-2.10,2.17
3.1043,0.8198,0.5793,0.0820,-0.35,-1.96,0.91
3.1062,0.8218,0.5812,0.0815,0.07,-1.96,1.82
3.1081,0.8194,0.5851,0.0761,-0.49,-2.10,1.12
3.1100,0.8198,0.5812,0.0766,-0.07,-1.61,2.03
3.1119,0.8233,0.5768,0.0830,-0.35,-1.68,0.84
3.1138,0.8223,0.5768,0.0849,-0.14,-1.96,1.75
3.1157,0.8233,0.5807,0.0810,-0.35,-1.82,0.84
3.1158,0.8291,0.5793,0.0844,-0.14,-2.24,1.54
3.1159,0.8262,0.5783,0.0859,-0.14,-2.10,1.47
3.1159,0.8257,0.5783,0.0869,-0.07,-1.40,0.98
3.1160,0.8276,0.5793,0.0839,0.00,-2.24,0.98
3.1161,0.8301,0.5812,0.0810,0.14,-1.47,1.12
3.1162,0.8296,0.5783,0.0844,-0.07,-2.24,0.77
3.1162,0.8291,0.5749,0.0883,0.56,-1.26,1.40
3.1163,0.8345,0.5768,0.0878,-0.21,-1.96,0.56
3.1164,0.8359,0.5802,0.0791,0.21,-1.61,1.19
3.1165,0.8340,0.5812,0.0781,0.07,-2.03,0.35
3.1166,0.8359,0.5793,0.0839,0.84,-1.54,1.05
3.1166,0.8325,0.5783,0.0834,0.14,-1.61,0.49
3.1167,0.8316,0.5783,0.0830,0.35,-1.82,1.19
3.1168,0.8311,0.5768,0.0820,0.28,-1.75,0.35
3.1169,0.8320,0.5758,0.0776,0.28,-1.61,1.05
3.1170,0.8355,0.5749,0.0776,0.21,-1.82,0.42
3.1170,0.8325,0.5768,0.0771,0.56,-1.75,0.56
3.1171,0.8311,0.5778,0.0786,0.56,-1.26,0.63
3.1172,0.8330,0.5758,0.0810,0.28,-2.45,-0.14
3.1173,0.8340,0.5763,0.0791,0.63,-1.26,0.98
3.1174,0.8306,0.5778,0.0800,0.28,-2.45,-0.14
3.1175,0.8311,0.5788,0.0771,0.98,-1.33,1.05
3.1176,0.8355,0.5802,0.0747,0.49,-1.96,0.21
3.1177,0.8330,0.5797,0.0791,0.91,-1.47,0.98
3.1179,0.8291,0.5793,0.0805,0.70,-2.24,0.00
3.1180,0.8276,0.5807,0.0766,1.12,-1.54,1.19
3.1181,0.8281,0.5817,0.0786,0.70,-2.10,0.35
3.1182,0.8272,0.5793,0.0781,1.19,-1.40,1.40
3.1184,0.8272,0.5797,0.0771,0.98,-2.10,-0.14
3.1185,0.8306,0.5851,0.0800,1.40,-1.61,1.19
3.1186,0.8316,0.5851,0.0815,0.91,-1.82,0.35
3.1187,0.8306,0.5822,0.0805,1.47,-1.54,1.05
3.1188,0.8301,0.5797,0.0771,0.70,-1.61,0.49
3.1190,0.8301,0.5788,0.0752,1.82,-1.68,1.19
3.1191,0.8330,0.5763,0.0742,1.19,-1.89,0.21
3.1192,0.8350,0.5763,0.0747,1.40,-1.75,1.19
3.1193,0.8335,0.5793,0.0761,1.40,-1.75,0.63
3.1194,0.8345,0.5793,0.0722,1.75,-1.54,1.12
3.1196,0.8350,0.5793,0.0752,1.47,-1.96,0.35
3.1197,0.8355,0.5802,0.0791,1.61,-1.12,1.47
3.1197,0.8335,0.5802,0.0800,1.61,-1.82,0.21
3.1198,0.8320,0.5802,0.0781,2.10,-1.82,1.19
3.1198,0.8335,0.5793,0.0791,1.54,-1.61,0.49
3.1199,0.8355,0.5783,0.0786,1.82,-1.68,1.54
3.1199,0.8364,0.5758,0.0727,1.89,-1.89,0.35
3.1200,0.8379,0.5778,0.0737,1.75,-1.75,1.26
3.1200,0.8389,0.5812,0.0761,2.03,-1.82,0.56
3.1201,0.8379,0.5788,0.0766,2.17,-2.17,0.56
3.1201,0.8379,0.5788,0.0752,1.89,-1.19,0.77
3.1202,0.8394,0.5783,0.0737,2.17,-2.31,0.98
3.1202,0.8359,0.5783,0.0742,2.24,-1.82,0.49
3.1203,0.8301,0.5778,0.0761,1.96,-1.89,0.49
3.1203,0.8291,0.5744,0.0786,2.38,-1.89,0.91
3.1204,0.8325,0.5714,0.0766,2.31,-1.61,0.56
3.1204,0.8355,0.5719,0.0737,2.10,-1.75,1.05
3.1205,0.8384,0.5724,0.0756,2.38,-2.10,0.28
3.1205,0.8379,0.5729,0.0781,2.45,-1.96,0.91
3.1206,0.8369,0.5763,0.0815,2.38,-1.54,0.07
3.1206,0.8374,0.5783,0.0805,2.45,-2.03,1.05
3.1207,0.8359,0.5778,0.0761,2.59,-1.82,0.07
3.1211,0.8311,0.5768,0.0786,2.59,-1.89,0.70
3.1216,0.8306,0.5802,0.0800,2.59,-2.17,0.00
3.1221,0.8369,0.5768,0.0786,2.66,-1.33,0.91
3.1225,0.8369,0.5719,0.0795,2.73,-2.10,-0.21
3.1230,0.8340,0.5744,0.0791,2.59,-1.54,0.70
3.1235,0.8325,0.5749,0.0781,2.66,-2.31,-0.21
3.1239,0.8335,0.5773,0.0776,2.94,-1.47,0.70
3.1244,0.8384,0.5797,0.0786,2.52,-2.31,-0.28
3.1249,0.8335,0.5773,0.0800,2.87,-1.75,0.70
3.1253,0.8306,0.5778,0.0815,2.87,-2.03,0.07
3.1258,0.8345,0.5768,0.0815,2.94,-1.61,0.28
3.1263,0.8345,0.5734,0.0795,2.94,-2.17,-0.07
3.1267,0.8316,0.5758,0.0781,3.01,-1.61,0.14
3.1272,0.8301,0.5763,0.0781,3.01,-1.96,-17.85
3.1277,0.8247,0.5802,0.0761,3.01,-2.10,0.21
3.1282,0.8223,0.5797,0.0771,3.22,-1.40,-0.35
3.1286,0.8257,0.5797,0.0810,3.22,-1.54,0.42
3.1291,0.8291,0.5773,0.0839,2.73,-1.75,-0.63
3.1296,0.8237,0.5768,0.0800,3.57,-1.12,0.63
3.1300,0.8223,0.5768,0.0791,3.08,-2.17,-0.63
3.1306,0.8257,0.5778,0.0805,3.50,-1.40,0.56
3.1312,0.8252,0.5827,0.0815,3.15,-2.10,-0.98
3.1318,0.8237,0.5817,0.0830,3.78,-1.47,0.77
3.1324,0.8184,0.5807,0.0791,3.01,-2.03,-0.98
3.1331,0.8174,0.5802,0.0781,3.99,-1.26,0.84
3.1337,0.8208,0.5802,0.0825,3.15,-1.68,-0.77
3.1343,0.8233,0.5817,0.0825,4.27,-1.40,0.28
3.1349,0.8252,0.5817,0.0786,3.22,-1.75,-0.63
3.1355,0.8228,0.5802,0.0800,4.06,-1.26,0.35
3.1361,0.8218,0.5773,0.0805,3.71,-1.33,-0.28
3.1367,0.8242,0.5788,0.0810,3.92,-1.33,-0.14
3.1373,0.8213,0.5817,0.0844,3.92,-1.54,0.07
3.1379,0.8208,0.5797,0.0834,3.85,-1.33,-0.42
3.1385,0.8223,0.5768,0.0776,3.85,-1.89,0.49
3.1391,0.8228,0.5749,0.0781,3.99,-1.47,-0.84
3.1397,0.8237,0.5797,0.0815,4.41,-1.47,0.42
3.1403,0.8203,0.5817,0.0800,3.99,-1.47,-0.70
3.1409,0.8203,0.5778,0.0834,4.13,-1.40,0.21
3.1415,0.8267,0.5754,0.0859,3.99,-1.33,-0.42
3.1421,0.8252,0.5744,0.0786,4.41,-1.54,0.00
3.1426,0.8213,0.5768,0.0761,3.92,-1.05,-0.49
3.1431,0.8228,0.5788,0.0786,4.83,-1.68,-0.07
3.1436,0.8242,0.5778,0.0805,4.20,-0.63,-0.14
3.1440,0.8228,0.5788,0.0849,4.76,-1.33,-0.35
3.1445,0.8213,0.5797,0.0844,4.62,-0.49,0.14
3.1450,0.8242,0.5802,0.0830,4.69,-1.47,-0.35
3.1454,0.8218,0.5822,0.0825,4.55,-1.05,0.00
3.1459,0.8203,0.5807,0.0800,4.69,-0.91,-0.14
3.1464,0.8218,0.5783,0.0834,4.55,-1.12,0.07
3.1469,0.8223,0.5793,0.0839,4.90,-0.91,-0.63
3.1473,0.8223,0.5817,0.0825,4.55,-0.91,0.00
3.1478,0.8247,0.5812,0.0810,4.97,-0.63,-0.35
3.1483,0.8242,0.5817,0.0800,5.11,-1.61,-0.07
3.1488,0.8208,0.5822,0.0834,5.18,-0.21,0.42
3.1492,0.8247,0.5822,0.0864,4.90,-1.61,-0.63
3.1497,0.8252,0.5832,0.0849,5.18,0.07,0.49
3.1502,0.8242,0.5827,0.0869,5.04,-1.19,-0.49
3.1506,0.8252,0.5851,0.0864,5.39,-0.28,0.35
3.1511,0.8233,0.5866,0.0830,5.18,-1.12,-0.56
3.1516,0.8213,0.5880,0.0869,5.39,-0.21,0.56
3.1522,0.8218,0.5880,0.0854,5.60,-1.12,-0.70
3.1528,0.8228,0.5861,0.0844,5.39,-0.07,0.49
3.1534,0.8194,0.5866,0.0849,5.60,-1.19,-0.63
3.1540,0.8208,0.5890,0.0820,5.60,-0.28,0.35
3.1546,0.8233,0.5885,0.0839,5.53,-0.35,-0.14
3.1552,0.8223,0.5851,0.0878,5.88,-0.70,-0.28
3.1558,0.8213,0.5846,0.0830,5.67,-0.14,0.21
3.1564,0.8179,0.5866,0.0825,6.09,-0.84,-0.35
3.1570,0.8213,0.5856,0.0844,5.88,-0.28,0.14
3.1576,0.8237,0.5856,0.0820,6.23,-0.49,-0.70
3.1582,0.8164,0.5856,0.0849,6.02,-0.35,0.21
3.1588,0.8150,0.5871,0.0854,6.30,-0.07,0.63
3.1594,0.8189,0.5846,0.0815,6.02,-0.70,-1.12
3.1600,0.8189,0.5817,0.0786,6.37,0.63,0.84
3.1606,0.8208,0.5822,0.0844,6.30,-0.56,-1.05
3.1612,0.8223,0.5846,0.0825,6.58,0.35,0.35
3.1618,0.8203,0.5861,0.0849,6.30,-0.21,-0.91
3.1624,0.8174,0.5876,0.0878,6.72,0.07,-0.07
3.1630,0.8154,0.5885,0.0820,6.51,-0.21,-0.70
3.1636,0.8130,0.5900,0.0781,6.93,0.28,-0.14
3.1642,0.8096,0.5929,0.0771,6.51,-0.07,-0.70
3.1647,0.8101,0.5934,0.0810,6.93,-0.28,-0.49
3.1653,0.8130,0.5905,0.0820,6.65,0.63,-0.56
3.1658,0.8125,0.5905,0.0830,6.79,-0.07,-0.98
3.1664,0.8101,0.5919,0.0849,6.86,0.63,-0.21
3.1669,0.8101,0.5915,0.0830,7.07,0.00,-1.26
3.1675,0.8115,0.5939,0.0825,7.14,0.63,-0.28
3.1680,0.8091,0.5949,0.0834,6.72,0.21,-1.68
3.1685,0.8067,0.5929,0.0893,7.70,0.70,-0.14
3.1691,0.8086,0.5934,0.0825,6.86,-0.14,-1.96
3.1696,0.8081,0.5949,0.0820,7.07,0.70,-1.89
3.1702,0.8072,0.5934,0.0874,7.84,0.70,-0.28
3.1707,0.8067,0.5973,0.0883,7.21,0.56,-1.54
3.1713,0.8081,0.5954,0.0849,7.98,0.63,-0.91
3.1718,0.8042,0.5958,0.0878,7.49,0.70,-1.82
3.1723,0.8032,0.5988,0.0908,7.98,0.84,-1.19
3.1729,0.8081,0.5949,0.0913,7.28,0.63,-1.96
3.1734,0.8067,0.5958,0.0883,8.12,0.63,-1.33
3.1740,0.8052,0.5973,0.0854,7.56,0.70,-1.96
3.1745,0.8042,0.5968,0.0844,8.05,0.70,-1.82
3.1751,0.8047,0.5963,0.0893,7.77,1.26,-1.75
3.1757,0.8032,0.5988,0.0908,7.91,0.42,-2.38
3.1763,0.8028,0.6012,0.0874,8.40,1.05,-1.68
3.1768,0.8047,0.6022,0.0864,7.84,0.42,-2.73
3.1774,0.8037,0.6066,0.0844,8.47,1.61,-1.47
3.1780,0.8032,0.6056,0.0869,7.70,0.56,-3.01
3.1786,0.8047,0.6051,0.0888,8.68,1.26,-1.96
3.1791,0.8062,0.6061,0.0874,8.05,0.70,-3.08
3.1797,0.8052,0.6051,0.0810,8.61,1.26,-2.45
3.1803,0.8032,0.6032,0.0752,8.26,1.26,-2.87
3.1809,0.8042,0.6022,0.0732,8.82,1.33,-2.73
3.1815,0.8062,0.6032,0.0800,8.33,1.26,-2.87
3.1820,0.8032,0.6041,0.0830,8.75,1.05,-3.08
3.1826,0.8023,0.6012,0.0800,8.40,1.47,-2.94
3.1832,0.8042,0.6002,0.0820,8.68,0.98,-3.43
3.1838,0.8032,0.5993,0.0781,8.82,1.75,-2.80
3.1843,0.8013,0.6007,0.0800,8.75,1.33,-3.71
3.1849,0.8037,0.6012,0.0844,8.89,1.47,-2.87
3.1855,0.8042,0.5958,0.0815,8.75,1.26,-3.99
3.1861,0.8028,0.5954,0.0820,9.03,1.40,-2.94
3.1877,0.8008,0.5998,0.0825,8.82,1.47,-4.06
3.1894,0.8013,0.5988,0.0830,9.10,1.82,-3.01
3.1910,0.8037,0.5939,0.0820,8.75,1.68,-3.99
3.1927,0.8023,0.5944,0.0756,9.24,1.54,-3.50
3.1943,0.8018,0.5939,0.0786,8.61,1.89,-4.06
3.1960,0.8008,0.5905,0.0834,9.10,1.12,-3.57
3.1976,0.7998,0.5905,0.0839,8.75,1.54,-4.55
3.1993,0.8003,0.5910,0.0839,8.96,1.33,-3.99
3.2009,0.8013,0.5919,0.0805,8.54,1.47,-4.41
3.2025,0.8023,0.5885,0.0825,8.68,1.47,-4.27
3.2042,0.8028,0.5851,0.0849,8.75,1.61,-4.41
3.2058,0.8052,0.5861,0.0869,8.89,1.47,-4.34
3.2075,0.8032,0.5846,0.0883,9.03,1.75,-4.27
3.2091,0.8003,0.5851,0.0844,8.61,1.75,-4.62
3.2108,0.8047,0.5846,0.0839,8.89,2.03,-4.48
3.2124,0.8042,0.5851,0.0849,8.82,2.10,-4.69
3.2141,0.8023,0.5841,0.0844,8.75,1.40,-4.27
3.2157,0.8037,0.5778,0.0893,8.61,1.96,-4.83
3.2174,0.8032,0.5754,0.0903,9.10,1.26,-4.76
3.2190,0.8076,0.5754,0.0869,8.47,2.17,-4.34
3.2191,0.8096,0.5749,0.0859,8.61,1.47,-4.76
3.2191,0.8076,0.5729,0.0849,8.54,2.17,-4.69
3.2192,0.8076,0.5700,0.0908,8.33,1.33,-4.62
3.2193,0.8067,0.5714,0.0908,8.47,1.96,-4.90
3.2193,0.8076,0.5754,0.0898,8.40,1.33,-4.55
3.2194,0.8101,0.5700,0.0893,8.47,2.17,-4.90
3.2195,0.8106,0.5656,0.0888,8.40,1.40,-4.69
3.2195,0.8076,0.5641,0.0898,8.61,2.17,-4.48
3.2196,0.8076,0.5627,0.0952,7.77,1.40,-5.04
3.2196,0.8086,0.5622,0.0952,8.54,1.75,-4.48
3.2197,0.8076,0.5597,0.0903,7.63,1.54,-5.25
3.2198,0.8081,0.5602,0.0898,7.91,1.89,-4.34
3.2198,0.8042,0.5573,0.0908,7.63,1.19,-5.04
3.2199,0.8028,0.5549,0.0869,7.84,1.68,-4.34
3.2199,0.8047,0.5539,0.0849,7.70,1.61,-5.04
3.2200,0.8057,0.5534,0.0913,7.21,1.40,-4.34
3.2201,0.8062,0.5529,0.0913,7.28,1.82,-4.83
3.2201,0.8047,0.5495,0.0893,7.49,1.19,-4.27
3.2202,0.8047,0.5500,0.0883,7.21,1.89,-4.83
3.2202,0.8028,0.5480,0.0883,7.21,1.40,-4.06
3.2203,0.8018,0.5446,0.0888,6.86,1.89,-4.34
3.2204,0.8062,0.5446,0.0913,6.86,1.12,-4.13
3.2204,0.8081,0.5431,0.0917,7.00,1.61,-4.13
3.2205,0.8086,0.5417,0.0878,6.72,1.05,-3.99
3.2205,0.8067,0.5417,0.0864,6.23,1.33,-4.27
3.2206,0.8081,0.5392,0.0874,6.51,0.91,-3.92
3.2206,0.8125,0.5358,0.0869,5.95,1.40,-4.20
3.2207,0.8125,0.5378,0.0844,6.16,1.54,-3.36
3.2207,0.8130,0.5427,0.0859,6.23,1.12,-3.64
3.2208,0.8120,0.5417,0.0854,5.88,0.98,-3.36
3.2208,0.8101,0.5417,0.0849,5.39,1.40,-3.43
3.2209,0.8111,0.5397,0.0874,5.88,0.77,-3.29
3.2209,0.8115,0.5383,0.0893,5.11,0.91,-3.29
3.2210,0.8106,0.5397,0.0898,5.67,1.19,-3.08
3.2210,0.8091,0.5378,0.0878,5.39,0.98,-3.43
3.2211,0.8076,0.5348,0.0898,4.97,0.98,-2.80
3.2211,0.8057,0.5348,0.0932,4.90,0.98,-2.87
3.2212,0.8052,0.5383,0.0932,4.90,0.84,-2.80
3.2212,0.8091,0.5407,0.0927,4.90,0.77,-2.38
3.2213,0.8081,0.5388,0.0898,4.62,0.91,-2.73
3.2217,0.8072,0.5339,0.0893,4.62,0.70,-2.17
3.2222,0.8145,0.5348,0.0888,4.34,0.63,-2.66
3.2227,0.8154,0.5344,0.0903,4.13,0.91,-1.68
3.2231,0.8076,0.5290,0.0893,3.92,0.70,-2.52
3.2236,0.8072,0.5300,0.0849,4.27,0.63,-1.61
3.2240,0.8086,0.5344,0.0849,3.64,0.56,-2.24
3.2245,0.8091,0.5334,0.0859,4.06,0.70,-1.12
3.2250,0.8125,0.5300,0.0874,3.57,0.49,-1.75
3.2254,0.8101,0.5295,0.0859,3.43,0.35,-1.54
3.2259,0.8086,0.5319,0.0854,3.22,0.70,-1.26
3.2263,0.8120,0.5358,0.0854,3.36,0.35,-1.47
3.2268,0.8111,0.5363,0.0908,3.01,0.63,-0.98
3.2273,0.8101,0.5339,0.0937,2.73,0.42,-1.26
3.2277,0.8115,0.5324,0.0913,3.01,0.42,-0.91
3.2282,0.8091,0.5324,0.0888,2.66,0.49,-0.77
3.2286,0.8062,0.5363,0.0854,2.66,0.00,-0.70
3.2291,0.8091,0.5378,0.0854,2.17,0.21,-0.84
3.2296,0.8135,0.5348,0.0869,2.45,0.07,-0.56
3.2300,0.8096,0.5344,0.0903,2.31,0.63,-0.28
3.2305,0.8047,0.5348,0.0883,2.17,-0.42,-0.42
3.2311,0.8037,0.5309,0.0874,2.31,0.21,0.21
3.2317,0.8052,0.5300,0.0908,1.82,-0.63,-0.49
3.2322,0.8067,0.5329,0.0878,1.82,0.07,0.49
3.2328,0.8081,0.5329,0.0849,1.54,-0.35,-0.14
3.2334,0.8115,0.5309,0.0859,1.82,0.00,0.56
3.2340,0.8135,0.5309,0.0849,1.68,-0.21,0.28
3.2346,0.8111,0.5305,0.0825,1.05,-0.49,0.21
3.2352,0.8081,0.5309,0.0849,1.61,0.07,0.98
3.2358,0.8091,0.5290,0.0878,1.05,-0.63,0.35
3.2364,0.8101,0.5290,0.0874,1.40,0.07,1.26
3.2369,0.8120,0.5300,0.0844,0.91,-0.84,0.63
3.2375,0.8125,0.5275,0.0874,1.12,-0.07,1.75
3.2381,0.8111,0.5295,0.0883,0.70,-0.56,0.70
3.2387,0.8111,0.5295,0.0844,0.70,-0.28,2.10
3.2393,0.8130,0.5319,0.0844,0.77,-0.70,0.98
3.2399,0.8130,0.5344,0.0859,0.84,-0.56,2.10
3.2405,0.8115,0.5353,0.0839,0.49,-0.77,1.47
3.2410,0.8130,0.5353,0.0820,0.91,-0.49,2.24
3.2416,0.8101,0.5383,0.0869,0.42,-0.63,1.61
3.2422,0.8032,0.5431,0.0839,0.70,-0.63,2.45
3.2428,0.8032,0.5412,0.0771,0.14,-0.84,1.82
3.2434,0.8072,0.5422,0.0805,0.98,-1.05,2.38
3.2440,0.8072,0.5441,0.0854,0.00,-0.84,2.24
3.2446,0.8023,0.5436,0.0854,0.70,-0.49,2.87
3.2452,0.7998,0.5456,0.0854,0.35,-0.49,2.38
3.2457,0.8008,0.5446,0.0859,0.42,-0.77,2.66
3.2463,0.8008,0.5427,0.0825,0.21,-0.70,3.15
3.2469,0.8013,0.5446,0.0766,0.35,-0.98,2.87
3.2475,0.8023,0.5451,0.0791,0.21,-0.98,3.29
3.2481,0.8032,0.5451,0.0839,0.42,-1.26,2.45
3.2487,0.8047,0.5480,0.0839,-0.07,-0.63,3.99
3.2493,0.8032,0.5514,0.0800,0.42,-1.05,3.01
3.2499,0.8013,0.5490,0.0795,0.21,-1.19,3.78
3.2505,0.8028,0.5485,0.0815,0.42,-1.05,2.94
3.2510,0.8037,0.5480,0.0820,0.14,-0.91,3.85
3.2516,0.8008,0.5480,0.0815,0.07,-1.40,3.50
3.2522,0.7998,0.5505,0.0815,0.42,-1.05,4.20
3.2528,0.7984,0.5495,0.0810,0.14,-1.40,3.29
3.2534,0.7974,0.5500,0.0791,0.28,-1.26,4.20
3.2540,0.8028,0.5495,0.0776,-0.14,-1.12,3.99
3.2545,0.8081,0.5485,0.0800,0.28,-1.12,3.92
3.2551,0.8067,0.5505,0.0805,-0.14,-1.61,3.99
3.2556,0.8037,0.5529,0.0800,0.49,-1.40,4.06
3.2561,0.8023,0.5529,0.0820,-0.14,-1.82,4.41
3.2567,0.8037,0.5514,0.0834,0.28,-1.26,4.06
3.2572,0.8042,0.5544,0.0791,-0.21,-1.89,4.27
3.2578,0.8023,0.5539,0.0786,0.56,-1.68,4.34
3.2583,0.8042,0.5524,0.0820,-0.14,-2.03,4.27
3.2588,0.8037,0.5534,0.0810,0.49,-1.54,4.41
3.2594,0.8023,0.5519,0.0815,0.14,-1.82,4.27
3.2599,0.8023,0.5490,0.0844,0.56,-1.40,4.55
3.2605,0.8003,0.5490,0.0839,0.14,-1.96,4.20
3.2610,0.7989,0.5514,0.0825,0.14,-1.68,4.76
3.2616,0.7998,0.5514,0.0815,0.21,-2.17,4.13
3.2621,0.8047,0.5510,0.0810,0.49,-1.82,4.48
3.2626,0.8062,0.5544,0.0786,0.07,-1.96,4.27
3.2632,0.8057,0.5568,0.0800,0.28,-1.89,4.76
3.2637,0.8076,0.5563,0.0800,0.56,-2.10,4.27
3.2643,0.8096,0.5539,0.0791,0.49,-1.75,4.83
3.2648,0.8052,0.5480,0.0859,0.56,-2.38,3.99
3.2674,0.8028,0.5461,0.0849,0.42,-2.03,4.83
3.2700,0.8076,0.5490,0.0844,0.56,-2.87,3.78
3.2727,0.8101,0.5514,0.0839,0.70,-1.82,5.04
3.2753,0.8086,0.5510,0.0786,0.21,-2.45,3.71
3.2779,0.8072,0.5514,0.0795,0.84,-2.17,4.97
3.2805,0.8086,0.5524,0.0795,0.77,-2.59,3.85
3.2832,0.8125,0.5514,0.0776,1.05,-2.52,4.76
3.2858,0.8140,0.5524,0.0810,0.63,-2.52,3.92
3.2884,0.8130,0.5534,0.0815,0.84,-2.87,4.27
3.2910,0.8106,0.5553,0.0805,0.70,-2.59,4.13
3.2937,0.8081,0.5568,0.0834,0.98,-2.94,4.34
3.2963,0.8091,0.5588,0.0839,0.77,-2.45,4.48
3.2989,0.8096,0.5588,0.0825,1.33,-3.22,3.92
3.3016,0.8096,0.5573,0.0786,0.91,-2.59,4.62
3.3042,0.8106,0.5583,0.0761,1.26,-2.80,3.85
3.3068,0.8072,0.5563,0.0786,1.05,-2.73,4.41
3.3094,0.8032,0.5573,0.0810,1.40,-3.22,3.85
3.3121,0.8052,0.5588,0.0781,1.33,-3.29,4.55
3.3147,0.8091,0.5602,0.0766,1.26,-3.29,3.57
3.3173,0.8072,0.5646,0.0795,1.82,-2.73,4.83
3.3174,0.8111,0.5602,0.0815,1.47,-3.57,4.34
3.3174,0.8091,0.5656,0.0781,1.68,-3.57,3.92
3.3174,0.8076,0.5680,0.0771,2.17,-3.29,4.13
3.3175,0.8086,0.5656,0.0781,1.40,-3.50,3.78
3.3175,0.8047,0.5656,0.0791,2.31,-3.43,4.13
3.3176,0.8047,0.5641,0.0810,1.61,-3.57,3.78
3.3176,0.8037,0.5636,0.0830,2.24,-3.64,4.13
3.3177,0.8042,0.5666,0.0786,1.68,-3.36,3.85
3.3177,0.8072,0.5695,0.0771,2.52,-4.06,3.99
3.3178,0.8076,0.5719,0.0791,2.24,-3.43,4.13
3.3178,0.8091,0.5719,0.0795,2.31,-3.92,3.64
3.3179,0.8091,0.5719,0.0781,2.52,-3.78,4.06
3.3179,0.8062,0.5754,0.0771,2.59,-4.20,3.50
3.3180,0.8042,0.5744,0.0752,2.73,-3.57,3.85
3.3180,0.8062,0.5719,0.0761,2.73,-3.78,3.43
3.3181,0.8057,0.5719,0.0800,2.87,-3.99,3.64
3.3181,0.8052,0.5705,0.0800,2.80,-4.27,3.15
3.3182,0.8047,0.5710,0.0795,2.94,-4.06,3.64
3.3182,0.8003,0.5695,0.0805,2.94,-3.85,3.29
3.3183,0.8008,0.5675,0.0820,3.36,-4.62,3.29
3.3183,0.8037,0.5700,0.0805,2.87,-3.92,3.22
3.3183,0.8018,0.5700,0.0761,3.43,-4.20,3.36
3.3184,0.7993,0.5705,0.0786,3.36,-4.62,2.59
3.3184,0.7979,0.5714,0.0830,3.36,-4.41,3.36
3.3184,0.8003,0.5714,0.0800,3.57,-4.34,1.96
3.3185,0.8028,0.5714,0.0820,3.50,-4.27,3.15
3.3185,0.8003,0.5680,0.0854,3.78,-4.34,2.10
3.3186,0.7964,0.5705,0.0825,3.50,-4.48,2.87
3.3186,0.7989,0.5729,0.0805,3.85,-4.20,1.75
3.3186,0.8013,0.5700,0.0791,3.71,-4.41,2.59
3.3187,0.8032,0.5685,0.0800,3.85,-4.41,1.82
3.3187,0.8047,0.5695,0.0805,3.85,-4.20,2.59
3.3188,0.8008,0.5661,0.0815,4.13,-4.48,1.89
3.3188,0.8008,0.5597,0.0800,4.13,-4.69,1.75
3.3188,0.8028,0.5597,0.0800,3.99,-4.20,1.89
3.3189,0.8028,0.5592,0.0854,4.55,-4.83,1.54
3.3189,0.8047,0.5563,0.0834,4.13,-4.55,1.75
3.3190,0.8052,0.5563,0.0810,4.34,-4.76,1.54
3.3190,0.8067,0.5602,0.0815,4.06,-4.55,1.75
3.3190,0.8086,0.5617,0.0830,4.48,-4.76,1.54
3.3192,0.8072,0.5583,0.0825,4.41,-4.34,1.47
3.3193,0.8062,0.5563,0.0805,4.20,-5.04,1.40
3.3195,0.8130,0.5544,0.0776,4.41,-5.25,0.98
3.3196,0.8115,0.5607,0.0771,4.34,-5.11,0.84
3.3197,0.8145,0.5573,0.0791,4.41,-4.83,1.54
3.3199,0.8120,0.5553,0.0800,3.99,-4.97,0.91
3.3200,0.8130,0.5549,0.0781,4.41,-4.83,1.61
3.3202,0.8130,0.5544,0.0771,4.13,-5.18,1.05
3.3203,0.8111,0.5563,0.0756,4.20,-5.18,1.54
3.3204,0.8120,0.5544,0.0737,4.27,-4.97,1.05
3.3206,0.8125,0.5519,0.0727,4.69,-5.67,1.26
3.3207,0.8120,0.5505,0.0727,4.13,-4.76,1.33
3.3209,0.8111,0.5510,0.0737,4.27,-5.46,1.33
3.3210,0.8111,0.5524,0.0732,4.27,-5.32,0.91
3.3211,0.8111,0.5529,0.0698,4.27,-5.67,1.54
3.3213,0.8125,0.5505,0.0703,4.20,-5.18,0.98
3.3214,0.8145,0.5466,0.0761,4.41,-5.46,1.68
3.3216,0.8150,0.5456,0.0815,4.27,-5.60,1.05
3.3217,0.8135,0.5470,0.0771,4.41,-5.46,1.40
3.3218,0.8150,0.5490,0.0737,4.13,-5.53,1.26
3.3223,0.8150,0.5466,0.0688,4.20,-5.74,1.40
3.3228,0.8154,0.5431,0.0688,4.20,-5.53,1.61
3.3233,0.8179,0.5431,0.0747,4.34,-5.95,1.47
3.3238,0.8169,0.5456,0.0756,4.20,-5.32,1.75
3.3243,0.8140,0.5436,0.0722,4.13,-5.60,1.47
3.3248,0.8135,0.5388,0.0756,4.13,-5.60,1.61
3.3254,0.8150,0.5373,0.0727,3.92,-5.53,1.33
3.3259,0.8135,0.5353,0.0688,4.13,-5.60,1.96
3.3264,0.8140,0.5319,0.0747,3.85,-5.39,1.12
3.3269,0.8174,0.5334,0.0747,4.20,-5.74,2.17
3.3274,0.8179,0.5334,0.0722,3.71,-5.67,1.33
3.3279,0.8154,0.5309,0.0717,4.41,-5.74,2.24
3.3284,0.8154,0.5295,0.0742,3.43,-6.02,1.47
3.3289,0.8169,0.5256,0.0732,3.92,-5.95,2.03
3.3294,0.8169,0.5266,0.0727,3.50,-6.02,1.40
3.3299,0.8154,0.5236,0.0752,3.78,-5.81,2.52
3.3304,0.8169,0.5222,0.0752,3.22,-5.88,1.54
3.3309,0.8189,0.5246,0.0737,3.71,-6.23,2.17
3.3314,0.8233,0.5241,0.0732,3.43,-5.88,1.96
3.3319,0.8237,0.5226,0.0712,3.50,-5.95,2.24
3.3325,0.8184,0.5197,0.0669,3.22,-5.81,2.31
3.3332,0.8179,0.5222,0.0693,2.94,-6.23,2.17
3.3338,0.8218,0.5222,0.0732,3.36,-5.67,2.52
3.3344,0.8257,0.5197,0.0698,2.87,-6.09,2.17
3.3351,0.8262,0.5217,0.0683,3.22,-5.74,3.01
3.3357,0.8262,0.5197,0.0688,2.45,-6.02,2.17
3.3364,0.8272,0.5187,0.0659,3.22,-6.02,2.87
3.3370,0.8267,0.5217,0.0669,2.59,-6.44,2.38
3.3376,0.8267,0.5207,0.0708,2.94,-6.30,3.36
3.3383,0.8272,0.5168,0.0698,2.24,-6.09,2.59
3.3389,0.8252,0.5144,0.0664,2.73,-6.30,3.22
3.3396,0.8252,0.5129,0.0669,1.75,-6.02,3.08
3.3402,0.8228,0.5139,0.0678,2.52,-6.23,3.57
3.3408,0.8247,0.5129,0.0669,2.31,-6.23,3.29
3.3415,0.8311,0.5104,0.0678,2.10,-6.16,4.13
3.3421,0.8281,0.5109,0.0703,1.75,-6.09,3.50
3.3428,0.8272,0.5129,0.0698,2.31,-6.72,3.78
3.3434,0.8296,0.5119,0.0688,1.47,-6.23,4.06
3.3440,0.8281,0.5124,0.0688,1.82,-6.37,4.62
3.3447,0.8257,0.5139,0.0673,1.68,-6.58,4.06
3.3452,0.8223,0.5148,0.0693,1.75,-6.51,4.69
3.3457,0.8247,0.5148,0.0703,1.19,-6.51,4.48
3.3462,0.8296,0.5144,0.0698,1.40,-6.79,4.69
3.3468,0.8301,0.5163,0.0678,1.05,-6.44,4.76
3.3473,0.8296,0.5148,0.0683,1.54,-6.65,4.90
3.3478,0.8267,0.5129,0.0673,0.98,-6.37,5.39
3.3483,0.8262,0.5158,0.0639,1.12,-6.58,5.11
3.3489,0.8252,0.5197,0.0654,1.12,-6.51,5.67
3.3494,0.8242,0.5212,0.0659,0.91,-6.16,5.53
3.3499,0.8272,0.5207,0.0669,1.40,-6.93,5.39
3.3504,0.8252,0.5183,0.0678,0.77,-6.16,6.23
3.3510,0.8208,0.5187,0.0644,0.70,-6.30,6.16
3.3515,0.8213,0.5231,0.0590,1.05,-6.23,6.30
3.3520,0.8218,0.5246,0.0615,0.84,-6.30,6.02
3.3525,0.8252,0.5236,0.0639,0.77,-6.30,6.86
3.3530,0.8257,0.5202,0.0644,0.56,-6.58,6.51
3.3536,0.8213,0.5192,0.0625,0.56,-6.30,6.72
3.3541,0.8218,0.5226,0.0600,0.49,-6.44,6.51
3.3546,0.8203,0.5266,0.0634,0.77,-6.30,7.07
3.3551,0.8189,0.5309,0.0630,0.35,-6.44,6.79
3.3563,0.8189,0.5295,0.0620,0.77,-6.23,7.35
3.3575,0.8189,0.5305,0.0620,0.14,-6.58,6.72
3.3587,0.8164,0.5363,0.0625,0.63,-6.37,7.21
3.3598,0.8159,0.5368,0.0644,-0.07,-6.44,7.14
3.3610,0.8179,0.5314,0.0610,0.70,-6.37,7.49
3.3622,0.8174,0.5295,0.0590,-0.07,-6.30,7.14
3.3634,0.8169,0.5348,0.0571,0.63,-6.16,7.77
3.3645,0.8169,0.5368,0.0561,0.07,-6.86,6.93
3.3657,0.8194,0.5368,0.0586,0.35,-6.37,7.63
3.3669,0.8237,0.5368,0.0581,0.00,-6.02,7.63
3.3681,0.8228,0.5373,0.0595,0.21,-6.58,7.63
3.3692,0.8237,0.5388,0.0605,0.00,-6.51,7.49
3.3704,0.8223,0.5407,0.0590,0.28,-5.88,7.98
3.3716,0.8223,0.5427,0.0551,-0.14,-6.86,7.14
3.3727,0.8233,0.5446,0.0576,0.49,-6.02,7.91
3.3739,0.8228,0.5417,0.0586,-0.14,-6.72,7.49
3.3751,0.8237,0.5412,0.0590,0.35,-6.30,8.05
3.3763,0.8228,0.5436,0.0590,-0.07,-6.37,7.42
3.3774,0.8203,0.5436,0.0595,0.49,-5.95,8.12
3.3786,0.8218,0.5461,0.0610,-0.14,-6.51,7.07
3.3787,0.8257,0.5480,0.0639,0.35,-5.95,7.91
3.3787,0.8281,0.5500,0.0639,-0.28,-6.65,7.07
3.3788,0.8286,0.5524,0.0556,0.49,-6.16,8.05
3.3788,0.8286,0.5568,0.0576,-0.07,-6.51,7.14
3.3789,0.8233,0.5588,0.0634,0.35,-6.30,7.91
3.3790,0.8218,0.5607,0.0600,-0.07,-6.23,7.28
3.3790,0.8237,0.5651,0.0561,0.42,-6.09,8.05
3.3791,0.8228,0.5636,0.0532,-0.21,-6.51,7.14
3.3791,0.8233,0.5622,0.0532,0.49,-6.37,7.84
3.3792,0.8223,0.5651,0.0566,0.14,-6.51,7.14
3.3792,0.8203,0.5666,0.0571,0.49,-6.44,7.28
3.3793,0.8218,0.5705,0.0576,0.14,-6.09,7.70
3.3794,0.8242,0.5710,0.0586,0.49,-6.72,6.72
3.3794,0.8213,0.5705,0.0551,0.42,-6.09,7.84
3.3795,0.8198,0.5729,0.0512,0.49,-6.44,6.93
3.3795,0.8213,0.5734,0.0508,0.91,-5.88,7.42
3.3796,0.8184,0.5788,0.0532,0.42,-6.44,6.86
3.3796,0.8164,0.5793,0.0556,0.84,-6.23,7.49
3.3797,0.8174,0.5783,0.0566,0.56,-6.23,6.79
3.3798,0.8194,0.5832,0.0537,1.12,-6.37,7.42
3.3817,0.8213,0.5817,0.0527,0.63,-6.37,6.65
3.3837,0.8213,0.5793,0.0527,1.19,-6.23,7.28
3.3856,0.8208,0.5793,0.0527,1.19,-6.30,6.65
3.3876,0.8223,0.5768,0.0547,1.19,-6.09,6.79
3.3896,0.8198,0.5778,0.0537,0.84,-6.37,6.72
3.3915,0.8208,0.5807,0.0522,1.33,-5.88,6.44
3.3935,0.8203,0.5827,0.0493,1.40,-6.16,6.37
3.3954,0.8184,0.5876,0.0522,1.33,-6.02,6.30
3.3974,0.8189,0.5871,0.0532,1.47,-6.30,6.44
3.3993,0.8159,0.5812,0.0512,1.61,-5.95,6.16
3.4013,0.8164,0.5778,0.0503,1.12,-6.09,6.51
3.4033,0.8135,0.5768,0.0488,2.03,-5.67,5.95
3.4052,0.8154,0.5768,0.0512,1.47,-6.23,5.88
3.4072,0.8135,0.5788,0.0512,1.68,-5.81,5.67
3.4091,0.8091,0.5788,0.0503,1.40,-6.37,5.18
3.4111,0.8101,0.5768,0.0512,2.31,-5.67,5.74
3.4130,0.8076,0.5754,0.0478,1.61,-6.16,4.62
3.4150,0.8062,0.5734,0.0473,2.24,-5.60,5.74
3.4170,0.8032,0.5714,0.0498,1.40,-6.02,4.69
3.4189,0.8072,0.5724,0.0527,2.52,-5.67,5.11
3.4190,0.8076,0.5724,0.0508,1.33,-5.60,4.55
3.4190,0.8042,0.5695,0.0478,2.17,-5.53,4.48
3.4191,0.8081,0.5675,0.0498,1.68,-5.53,4.13
3.4191,0.8062,0.5671,0.0503,2.45,-6.02,4.34
3.4192,0.8013,0.5661,0.0478,1.75,-5.18,4.20
3.4193,0.8003,0.5675,0.0473,2.24,-6.09,3.64
3.4193,0.8042,0.5656,0.0517,1.89,-5.11,3.78
3.4194,0.8067,0.5597,0.0517,2.24,-5.53,3.57
3.4194,0.8072,0.5568,0.0512,2.10,-5.60,3.64
3.4195,0.8062,0.5583,0.0517,1.75,-5.04,2.87
3.4196,0.8023,0.5583,0.0517,2.31,-5.11,3.64
3.4196,0.8037,0.5539,0.0493,1.68,-5.32,2.66
3.4197,0.8047,0.5529,0.0459,1.89,-4.97,2.94
3.4197,0.8037,0.5519,0.0503,1.68,-4.76,2.94
3.4198,0.8042,0.5500,0.0532,2.03,-5.46,2.59
3.4198,0.8057,0.5514,0.0508,1.96,-4.48,2.87
3.4199,0.8042,0.5519,0.0498,1.68,-5.46,2.03
3.4200,0.8047,0.5510,0.0537,1.82,-4.55,2.73
3.4200,0.8057,0.5495,0.0556,1.75,-4.97,1.61
3.4201,0.8032,0.5461,0.0537,1.68,-4.83,2.17
3.4201,0.8067,0.5470,0.0512,1.61,-4.76,1.61
3.4202,0.8076,0.5470,0.0537,1.96,-4.90,2.03
3.4202,0.8062,0.5441,0.0542,1.33,-4.62,1.40
3.4203,0.8047,0.5407,0.0478,1.82,-4.69,1.75
3.4203,0.8037,0.5417,0.0444,1.40,-4.20,1.61
3.4204,0.8013,0.5451,0.0464,1.75,-4.69,1.40
3.4204,0.8067,0.5368,0.0464,1.75,-4.69,1.12
3.4205,0.8023,0.5358,0.0468,1.19,-3.99,1.40
3.4205,0.8032,0.5397,0.0420,1.47,-4.34,1.47
3.4206,0.8037,0.5383,0.0429,1.05,-4.06,0.70
3.4206,0.8052,0.5368,0.0468,1.33,-4.62,1.12
3.4207,0.8072,0.5348,0.0473,0.91,-4.13,0.63
3.4207,0.8091,0.5300,0.0493,0.98,-4.34,0.84
3.4208,0.8111,0.5285,0.0464,0.91,-4.06,0.70
3.4208,0.8091,0.5285,0.0410,0.84,-4.34,0.91
3.4209,0.8091,0.5290,0.0410,1.05,-4.13,0.63
3.4209,0.8106,0.5246,0.0439,0.77,-4.13,0.63
3.4210,0.8135,0.5222,0.0459,0.84,-3.71,1.19
3.4210,0.8145,0.5226,0.0454,0.49,-4.41,0.42
3.4211,0.8154,0.5202,0.0429,0.70,-3.85,1.05
3.4211,0.8164,0.5202,0.0390,0.63,-4.13,0.49
3.4211,0.8179,0.5212,0.0390,0.56,-3.92,0.91
3.4212,0.8218,0.5197,0.0361,0.49,-4.13,0.56
3.4212,0.8198,0.5183,0.0439,0.49,-4.20,0.91
3.4213,0.8208,0.5173,0.0434,-0.21,-3.64,0.91
3.4213,0.8203,0.5173,0.0410,0.84,-4.48,0.63
3.4214,0.8189,0.5183,0.0429,0.35,-4.13,0.84
3.4214,0.8203,0.5192,0.0405,-0.35,-3.85,1.61
3.4215,0.8208,0.5197,0.0420,0.56,-3.99,1.26
3.4215,0.8218,0.5222,0.0429,-0.21,-4.06,1.47
3.4216,0.8233,0.5241,0.0420,0.07,-3.92,1.82
3.4216,0.8233,0.5241,0.0434,-0.14,-4.48,1.54
3.4217,0.8247,0.5236,0.0429,-0.21,-3.71,2.31
3.4217,0.8252,0.5231,0.0425,-0.21,-4.06,1.61
3.4217,0.8237,0.5197,0.0410,-0.21,-3.78,2.52
3.4218,0.8286,0.5192,0.0390,-0.35,-4.27,1.89
3.4218,0.8311,0.5192,0.0454,-0.56,-3.57,2.87
3.4219,0.8262,0.5212,0.0478,-0.14,-4.34,1.61
3.4219,0.8252,0.5217,0.0439,-0.42,-4.06,3.08
3.4220,0.8262,0.5187,0.0415,-0.42,-4.27,2.52
3.4232,0.8281,0.5168,0.0425,-0.77,-4.13,3.43
3.4244,0.8325,0.5178,0.0429,-0.28,-4.48,2.66
3.4256,0.8335,0.5202,0.0381,-0.63,-4.41,3.08
3.4269,0.8301,0.5202,0.0376,-0.91,-4.20,3.36
3.4281,0.8296,0.5207,0.0420,-0.84,-4.55,3.01
3.4293,0.8306,0.5197,0.0429,-0.63,-4.41,3.57
3.4305,0.8286,0.5139,0.0468,-0.70,-4.62,3.50
3.4317,0.8291,0.5114,0.0468,-0.98,-4.55,4.20
3.4330,0.8320,0.5139,0.0386,-0.77,-4.69,3.29
3.4342,0.8379,0.5129,0.0356,-0.84,-4.62,4.62
3.4354,0.8418,0.5124,0.0386,-1.12,-4.48,3.99
3.4366,0.8398,0.5119,0.0405,-0.77,-4.97,4.55
3.4379,0.8364,0.5109,0.0400,-1.05,-4.97,3.99
3.4391,0.8379,0.5124,0.0420,-0.91,-5.32,4.76
3.4403,0.8330,0.5129,0.0464,-1.19,-4.83,4.13
3.4415,0.8306,0.5104,0.0493,-1.47,-5.11,5.25
3.4427,0.8355,0.5095,0.0483,-1.19,-5.04,4.34
3.4440,0.8359,0.5129,0.0464,-1.26,-5.11,5.53
3.4452,0.8359,0.5158,0.0454,-1.40,-5.32,4.41
3.4464,0.8330,0.5153,0.0454,-1.19,-5.18,5.53
3.4469,0.8306,0.5139,0.0439,-1.54,-4.62,5.74
3.4474,0.8291,0.5192,0.0478,-1.68,-6.02,5.11
3.4479,0.8311,0.5197,0.0508,-0.98,-5.39,5.60
3.4484,0.8281,0.5187,0.0473,-1.96,-5.46,5.67
3.4489,0.8291,0.5207,0.0498,-1.12,-5.39,5.88
3.4494,0.8345,0.5251,0.0498,-1.68,-5.67,5.81
3.4499,0.8325,0.5280,0.0449,-1.54,-5.74,6.09
3.4504,0.8281,0.5300,0.0449,-1.75,-5.39,6.09
3.4509,0.8301,0.5280,0.0478,-1.68,-6.02,6.23
3.4514,0.8325,0.5285,0.0459,-1.68,-5.53,6.44
3.4519,0.8316,0.5319,0.0444,-1.61,-6.37,6.09
3.4524,0.8286,0.5314,0.0459,-1.33,-5.39,6.86
3.4529,0.8262,0.5305,0.0464,-1.82,-6.65,6.23
3.4534,0.8267,0.5324,0.0429,-1.12,-5.95,7.14
3.4539,0.8286,0.5344,0.0405,-1.75,-6.51,6.16
3.4544,0.8281,0.5334,0.0439,-1.05,-6.09,7.42
3.4549,0.8262,0.5358,0.0454,-1.96,-6.30,6.65
3.4554,0.8291,0.5422,0.0439,-0.98,-6.23,7.63
3.4559,0.8276,0.5431,0.0439,-1.96,-6.58,6.86
3.4564,0.8281,0.5392,0.0454,-0.91,-6.79,7.63
3.4569,0.8252,0.5427,0.0493,-1.61,-6.51,6.86
3.4575,0.8267,0.5436,0.0473,-1.40,-6.58,7.70
3.4580,0.8247,0.5431,0.0454,-0.84,-6.72,7.56
3.4586,0.8228,0.5441,0.0464,-1.40,-6.16,8.40
3.4592,0.8252,0.5427,0.0464,-1.26,-6.93,7.56
3.4597,0.8281,0.5422,0.0478,-1.26,-6.16,8.54
3.4603,0.8301,0.5466,0.0473,-1.54,-7.28,7.84
3.4608,0.8306,0.5466,0.0483,-1.05,-6.44,8.61
3.4614,0.8286,0.5485,0.0532,-1.33,-7.00,8.19
3.4620,0.8242,0.5519,0.0503,-0.91,-6.58,8.89
3.4625,0.8272,0.5485,0.0449,-1.19,-7.00,7.91
3.4631,0.8272,0.5490,0.0473,-0.56,-6.44,9.03
3.4636,0.8228,0.5524,0.0488,-1.19,-7.00,8.12
3.4642,0.8242,0.5524,0.0508,-0.49,-6.72,9.24
3.4648,0.8252,0.5510,0.0498,-1.26,-7.28,8.40
3.4653,0.8228,0.5480,0.0473,-0.49,-7.07,8.96
3.4659,0.8242,0.5490,0.0498,-1.05,-7.14,8.54
3.4665,0.8262,0.5495,0.0512,-0.56,-7.42,9.52
3.4670,0.8267,0.5490,0.0434,-1.12,-7.14,8.33
3.4676,0.8257,0.5500,0.0444,-0.56,-7.84,9.10
3.4682,0.8247,0.5466,0.0483,-0.77,-6.86,9.17
3.4688,0.8296,0.5451,0.0483,-0.35,-6.79,9.24
3.4693,0.8286,0.5466,0.0473,-0.77,-7.84,8.54
3.4699,0.8281,0.5490,0.0444,-0.63,-6.37,10.08
3.4705,0.8296,0.5500,0.0439,-0.77,-7.49,8.61
3.4711,0.8306,0.5480,0.0488,-0.42,-6.86,9.38
3.4717,0.8301,0.5441,0.0493,-0.63,-8.19,8.75
3.4723,0.8311,0.5422,0.0512,-0.56,-7.21,9.59
3.4729,0.8316,0.5451,0.0512,-0.63,-7.84,8.54
3.4735,0.8316,0.5495,0.0503,-0.49,-7.63,9.73
3.4741,0.8301,0.5500,0.0473,-0.77,-7.70,8.47
3.4747,0.8301,0.5519,0.0468,-0.21,-7.63,9.24
3.4753,0.8301,0.5539,0.0498,-0.77,-7.14,8.82
3.4759,0.8291,0.5519,0.0483,-0.28,-8.26,9.17
3.4765,0.8316,0.5500,0.0503,-0.77,-7.42,8.82
3.4770,0.8316,0.5514,0.0537,0.07,-8.26,8.96
3.4776,0.8276,0.5549,0.0527,-0.56,-7.14,8.82
3.4782,0.8281,0.5558,0.0488,0.00,-8.26,9.17
3.4788,0.8296,0.5583,0.0517,-0.77,-7.84,8.26
3.4794,0.8272,0.5592,0.0556,-0.14,-8.40,9.10
3.4814,0.8276,0.5558,0.0542,-0.49,-7.91,8.47
3.4835,0.8281,0.5539,0.0561,-0.28,-8.68,8.75
3.4855,0.8281,0.5549,0.0581,-0.42,-8.05,8.61
3.4875,0.8296,0.5607,0.0561,-0.14,-8.33,8.61
3.4896,0.8281,0.5641,0.0547,-0.14,-7.63,8.96
3.4916,0.8276,0.5612,0.0561,-0.28,-8.89,8.33
3.4936,0.8316,0.5607,0.0547,0.14,-7.98,8.89
3.4957,0.8330,0.5632,0.0527,-0.21,-8.47,8.05
3.4977,0.8301,0.5666,0.0556,0.28,-7.91,9.03
3.4997,0.8281,0.5646,0.0551,-0.07,-8.33,7.63
3.5018,0.8306,0.5661,0.0556,0.35,-8.12,9.31
3.5038,0.8320,0.5685,0.0547,-0.07,-8.68,7.63
3.5058,0.8306,0.5685,0.0508,0.42,-8.19,8.96
3.5079,0.8325,0.5700,0.0551,-0.21,-8.68,7.42
3.5099,0.8311,0.5685,0.0571,0.77,-8.40,9.17
3.5119,0.8296,0.5671,0.0527,-0.07,-8.26,7.35
3.5139,0.8286,0.5695,0.0527,0.70,-8.82,8.89
3.5160,0.8252,0.5695,0.0576,0.14,-7.77,7.35
3.5180,0.8291,0.5710,0.0600,0.56,-8.89,8.54
3.5200,0.8296,0.5700,0.0571,0.56,-8.12,7.56
3.5201,0.8262,0.5671,0.0542,0.49,-8.89,8.05
3.5201,0.8306,0.5661,0.0547,0.56,-8.26,7.70
3.5202,0.8291,0.5651,0.0576,0.56,-8.82,7.77
3.5202,0.8291,0.5632,0.0581,0.70,-7.98,7.91
3.5203,0.8306,0.5622,0.0566,0.70,-9.03,7.42
3.5203,0.8272,0.5632,0.0566,1.05,-8.26,7.98
3.5204,0.8257,0.5641,0.0547,0.70,-8.82,6.86
3.5204,0.8247,0.5627,0.0581,0.84,-8.33,7.70
3.5205,0.8257,0.5612,0.0605,0.28,-8.47,6.79
3.5205,0.8276,0.5641,0.0576,1.26,-8.19,7.84
3.5206,0.8257,0.5632,0.0566,0.63,-8.82,6.30
3.5206,0.8272,0.5627,0.0566,1.05,-8.33,7.98
3.5207,0.8286,0.5671,0.0571,0.63,-8.47,6.37
3.5207,0.8301,0.5675,0.0576,0.98,-8.68,7.49
3.5208,0.8325,0.5675,0.0581,0.63,-8.68,6.30
3.5208,0.8316,0.5656,0.0551,0.98,-8.89,7.21
3.5209,0.8325,0.5646,0.0586,0.84,-9.03,5.81
3.5209,0.8291,0.5675,0.0610,0.63,-8.33,6.02
3.5210,0.8262,0.5661,0.0649,1.19,-9.10,6.58
3.5210,0.8242,0.5680,0.0630,0.91,-8.40,5.95
3.5211,0.8233,0.5651,0.0610,1.05,-9.10,6.37
3.5211,0.8247,0.5661,0.0615,1.33,-8.19,6.09
3.5211,0.8233,0.5734,0.0625,1.26,-8.89,6.02
3.5212,0.8203,0.5719,0.0625,0.98,-8.33,6.09
3.5212,0.8203,0.5739,0.0600,1.12,-8.40,5.74
3.5213,0.8198,0.5763,0.0644,1.26,-8.68,6.09
3.5213,0.8198,0.5754,0.0673,1.19,-8.19,5.46
3.5214,0.8189,0.5763,0.0644,1.54,-8.54,5.88
3.5214,0.8164,0.5749,0.0644,1.12,-8.12,5.67
3.5214,0.8169,0.5754,0.0634,1.54,-8.68,6.02
3.5215,0.8174,0.5734,0.0625,1.26,-8.26,4.97
3.5215,0.8174,0.5714,0.0659,1.40,-8.12,6.02
3.5216,0.8164,0.5724,0.0659,1.47,-8.75,4.97
3.5216,0.8135,0.5719,0.0644,1.61,-8.47,5.53
3.5216,0.8150,0.5705,0.0664,1.68,-8.40,5.39
3.5217,0.8135,0.5734,0.0673,1.75,-8.05,4.90
3.5217,0.8150,0.5739,0.0669,1.75,-7.98,5.39
3.5218,0.8169,0.5710,0.0673,1.61,-8.12,4.76
3.5218,0.8169,0.5690,0.0639,1.61,-7.84,5.39
3.5219,0.8159,0.5685,0.0644,1.40,-8.05,4.90
3.5220,0.8169,0.5734,0.0669,1.89,-7.56,5.11
3.5221,0.8130,0.5734,0.0634,1.61,-8.26,4.69
3.5222,0.8111,0.5705,0.0634,2.10,-7.21,5.25
3.5223,0.8169,0.5739,0.0654,1.75,-8.19,4.55
3.5224,0.8179,0.5729,0.0649,2.03,-7.63,5.11
3.5225,0.8130,0.5744,0.0673,1.89,-8.05,4.20
3.5226,0.8120,0.5768,0.0693,1.96,-7.42,4.83
3.5227,0.8125,0.5758,0.0693,1.89,-7.70,4.55
3.5228,0.8101,0.5788,0.0673,2.10,-7.21,4.41
3.5229,0.8106,0.5812,0.0659,2.03,-7.70,4.76
3.5230,0.8106,0.5836,0.0659,2.31,-7.35,4.48
3.5231,0.8130,0.5822,0.0659,2.10,-7.07,4.41
3.5232,0.8125,0.5846,0.0649,2.31,-7.14,4.20
3.5233,0.8096,0.5856,0.0659,2.10,-7.28,4.27
3.5234,0.8086,0.5846,0.0688,2.45,-6.65,4.41
3.5235,0.8115,0.5866,0.0688,2.45,-7.77,3.71
3.5236,0.8135,0.5880,0.0683,2.52,-6.16,4.62
3.5237,0.8120,0.5871,0.0693,2.38,-7.70,3.43
3.5238,0.8145,0.5871,0.0683,2.73,-6.44,4.69
3.5239,0.8150,0.5856,0.0664,2.31,-7.56,3.08
3.5244,0.8135,0.5841,0.0644,2.94,-6.65,4.62
3.5250,0.8145,0.5856,0.0644,2.10,-7.28,2.94
3.5255,0.8145,0.5846,0.0649,3.15,-6.37,4.90
3.5260,0.8140,0.5856,0.0644,2.24,-6.93,3.15
3.5265,0.8150,0.5905,0.0620,3.08,-6.58,4.27
3.5271,0.8174,0.5900,0.0625,2.45,-7.07,2.87
3.5276,0.8159,0.5915,0.0654,3.01,-6.44,4.27
3.5281,0.8150,0.5949,0.0649,2.59,-6.79,3.22
3.5287,0.8169,0.5919,0.0630,3.22,-7.00,3.64
3.5292,0.8164,0.5900,0.0634,2.73,-6.23,3.50
3.5297,0.8154,0.5905,0.0620,2.87,-6.86,3.22
3.5302,0.8164,0.5890,0.0600,3.08,-5.88,4.06
3.5308,0.8198,0.5876,0.0605,3.01,-7.00,2.87
3.5313,0.8247,0.5861,0.0620,3.01,-6.37,3.78
3.5318,0.8233,0.5841,0.0649,2.52,-7.35,2.52
3.5323,0.8242,0.5861,0.0615,3.29,-6.37,3.50
3.5329,0.8286,0.5880,0.0610,2.73,-7.21,1.96
3.5334,0.8272,0.5856,0.0654,3.22,-6.65,3.43
3.5339,0.8262,0.5841,0.0659,2.94,-6.93,2.17
3.5345,0.8233,0.5817,0.0659,3.22,-6.51,3.22
3.5351,0.8203,0.5827,0.0644,2.59,-6.72,2.03
3.5358,0.8237,0.5817,0.0644,3.15,-6.65,2.87
3.5365,0.8281,0.5754,0.0649,2.59,-6.72,2.31
3.5371,0.8281,0.5739,0.0634,3.15,-6.65,1.89
3.5378,0.8286,0.5739,0.0649,2.66,-6.72,2.03
3.5385,0.8316,0.5739,0.0659,3.08,-6.79,1.75
3.5392,0.8320,0.5719,0.0664,2.17,-6.86,2.17
3.5398,0.8296,0.5705,0.0678,3.15,-6.93,1.19
3.5405,0.8291,0.5719,0.0654,2.45,-7.35,1.75
3.5412,0.8296,0.5690,0.0664,2.87,-6.93,1.26
3.5419,0.8340,0.5636,0.0688,2.52,-7.00,1.54
3.5425,0.8340,0.5632,0.0683,2.52,-6.79,0.98
3.5432,0.8320,0.5632,0.0678,2.66,-7.42,1.05
3.5439,0.8364,0.5597,0.0688,1.96,-6.79,1.19
3.5446,0.8403,0.5549,0.0669,2.52,-7.21,0.70
3.5452,0.8423,0.5573,0.0659,2.10,-7.21,0.70
3.5459,0.8433,0.5568,0.0693,2.24,-7.14,0.77
3.5466,0.8433,0.5534,0.0698,1.82,-7.56,0.56
3.5472,0.8428,0.5563,0.0678,2.10,-7.35,0.63
3.5479,0.8423,0.5549,0.0703,1.89,-7.42,0.42
3.5484,0.8457,0.5495,0.0693,1.82,-7.21,0.49
3.5489,0.8491,0.5485,0.0688,1.82,-7.77,0.07
3.5495,0.8506,0.5510,0.0669,1.54,-7.49,0.35
3.5500,0.8491,0.5490,0.0634,1.82,-8.12,-0.21
3.5505,0.8486,0.5510,0.0678,1.54,-7.28,0.49
3.5510,0.8491,0.5519,0.0712,1.40,-7.77,0.21
3.5515,0.8545,0.5475,0.0722,1.33,-7.91,-0.14
3.5520,0.8525,0.5510,0.0698,1.05,-7.84,-0.28
3.5525,0.8516,0.5475,0.0688,1.40,-8.33,0.35
3.5530,0.8555,0.5446,0.0703,0.77,-8.26,-0.14
3.5536,0.8579,0.5466,0.0688,1.26,-8.40,0.28
3.5541,0.8584,0.5505,0.0698,0.56,-8.12,-0.42
3.5546,0.8560,0.5490,0.0708,1.19,-8.40,0.35
3.5551,0.8540,0.5446,0.0732,0.49,-8.47,0.00
3.5556,0.8555,0.5446,0.0776,0.63,-8.54,0.35
3.5561,0.8540,0.5456,0.0752,0.42,-8.47,0.00
3.5566,0.8540,0.5461,0.0732,0.28,-8.75,0.63
3.5572,0.8555,0.5470,0.0732,0.56,-8.89,0.21
3.5577,0.8569,0.5461,0.0717,-0.07,-8.96,0.70
3.5582,0.8579,0.5446,0.0708,0.49,-8.82,0.42
3.5587,0.8550,0.5446,0.0712,-0.21,-8.68,0.98
3.5593,0.8560,0.5456,0.0683,0.63,-8.89,0.91
3.5598,0.8584,0.5427,0.0693,0.00,-8.89,1.05
3.5604,0.8569,0.5427,0.0737,-0.14,-9.45,0.91
3.5609,0.8574,0.5417,0.0698,0.00,-8.89,1.68
3.5615,0.8579,0.5407,0.0727,-0.42,-9.59,1.12
3.5620,0.8574,0.5422,0.0717,-0.56,-9.52,1.68
3.5626,0.8608,0.5412,0.0717,-0.77,-9.80,1.68
3.5631,0.8564,0.5392,0.0742,-0.42,-9.45,2.10
3.5637,0.8540,0.5407,0.0708,-0.56,-9.52,2.17
3.5642,0.8550,0.5383,0.0703,-0.42,-9.73,2.52
3.5648,0.8564,0.5353,0.0732,-1.05,-9.45,2.52
3.5653,0.8594,0.5358,0.0708,-0.56,-9.73,2.52
3.5659,0.8638,0.5383,0.0669,-0.77,-9.52,2.87
3.5664,0.8613,0.5363,0.0698,-0.70,-10.08,2.73
3.5670,0.8569,0.5353,0.0698,-1.05,-9.73,3.01
3.5675,0.8589,0.5378,0.0688,-0.84,-9.80,3.36
3.5681,0.8564,0.5378,0.0722,-1.12,-9.80,3.71
3.5686,0.8545,0.5353,0.0712,-1.05,-10.22,3.22
3.5692,0.8569,0.5329,0.0693,-1.40,-9.80,4.13
3.5697,0.8564,0.5358,0.0669,-1.19,-10.36,3.43
3.5703,0.8535,0.5373,0.0669,-1.54,-10.29,4.27
3.5708,0.8516,0.5363,0.0683,-1.26,-9.52,4.62
3.5714,0.8535,0.5348,0.0673,-1.33,-10.22,4.06
3.5719,0.8550,0.5358,0.0669,-1.26,-9.45,5.11
3.5725,0.8540,0.5373,0.0683,-1.33,-10.64,3.99
3.5731,0.8535,0.5358,0.0693,-1.40,-9.45,5.39
3.5736,0.8516,0.5373,0.0708,-1.75,-10.78,4.13
3.5742,0.8506,0.5383,0.0708,-1.40,-9.59,5.88
3.5747,0.8472,0.5388,0.0698,-1.89,-10.57,4.41
3.5753,0.8457,0.5388,0.0708,-1.54,-10.08,6.09
3.5759,0.8501,0.5388,0.0727,-2.31,-10.64,4.76
3.5764,0.8506,0.5378,0.0712,-1.47,-10.08,5.81
3.5770,0.8501,0.5383,0.0688,-2.10,-10.50,5.18
3.5775,0.8496,0.5436,0.0708,-1.68,-10.36,5.95
3.5781,0.8491,0.5470,0.0717,-2.24,-10.15,5.60
3.5787,0.8452,0.5475,0.0683,-2.10,-10.43,6.09
3.5792,0.8447,0.5470,0.0693,-2.24,-10.22,6.16
3.5798,0.8501,0.5475,0.0693,-2.10,-10.85,6.02
3.5803,0.8491,0.5461,0.0703,-1.82,-10.22,6.65
3.5824,0.8477,0.5480,0.0732,-2.31,-10.71,5.95
3.5844,0.8452,0.5524,0.0732,-1.89,-9.87,7.21
3.5864,0.8438,0.5549,0.0717,-2.31,-10.92,5.95
3.5885,0.8433,0.5549,0.0698,-1.54,-9.73,7.35
3.5905,0.8418,0.5568,0.0737,-2.66,-10.78,6.44
3.5926,0.8418,0.5573,0.0708,-1.68,-9.52,7.77
3.5946,0.8413,0.5578,0.0678,-2.24,-11.20,6.23
3.5966,0.8403,0.5602,0.0732,-1.68,-9.66,7.70
3.5987,0.8389,0.5597,0.0712,-2.17,-10.50,6.86
3.6007,0.8369,0.5597,0.0673,-1.82,-10.01,7.84
3.6028,0.8374,0.5612,0.0693,-2.24,-10.36,7.07
3.6048,0.8384,0.5632,0.0722,-1.68,-9.87,8.12
3.6068,0.8359,0.5646,0.0693,-2.03,-10.78,6.86
3.6089,0.8359,0.5622,0.0683,-2.10,-10.22,8.12
3.6109,0.8359,0.5646,0.0712,-2.17,-10.15,7.56
3.6129,0.8374,0.5666,0.0703,-1.89,-10.15,7.84
3.6150,0.8340,0.5685,0.0708,-1.89,-10.01,7.77
3.6170,0.8311,0.5714,0.0717,-1.89,-10.22,7.70
3.6191,0.8350,0.5675,0.0678,-1.96,-9.73,7.77
3.6211,0.8364,0.5671,0.0673,-1.75,-10.22,7.49
3.6211,0.8355,0.5680,0.0659,-2.03,-9.45,8.26
3.6212,0.8330,0.5719,0.0659,-1.61,-10.43,7.28
3.6212,0.8335,0.5758,0.0693,-2.10,-9.80,7.49
3.6213,0.8345,0.5754,0.0693,-1.40,-9.73,8.19
3.6213,0.8340,0.5714,0.0703,-1.54,-9.87,7.00
3.6214,0.8311,0.5710,0.0703,-1.68,-9.66,8.19
3.6214,0.8311,0.5714,0.0717,-1.75,-9.31,7.07
3.6215,0.8291,0.5719,0.0717,-1.33,-9.80,7.98
3.6215,0.8257,0.5714,0.0683,-1.54,-9.31,7.49
3.6215,0.8267,0.5710,0.0669,-1.05,-9.73,7.63
3.6216,0.8311,0.5729,0.0673,-1.96,-9.17,7.28
3.6216,0.8311,0.5719,0.0688,-1.26,-9.73,7.28
3.6217,0.8272,0.5710,0.0698,-1.68,-9.03,7.14
3.6217,0.8237,0.5714,0.0678,-1.12,-9.52,7.14
3.6218,0.8223,0.5719,0.0683,-1.61,-9.03,6.86
3.6218,0.8291,0.5690,0.0703,-1.33,-9.38,6.65
3.6219,0.8330,0.5671,0.0688,-1.19,-9.17,6.79
3.6219,0.8306,0.5661,0.0678,-1.40,-9.31,6.16
3.6220,0.8301,0.5671,0.0688,-1.12,-9.17,6.72
3.6220,0.8335,0.5705,0.0703,-1.40,-8.82,5.95
3.6222,0.8330,0.5685,0.0688,-1.19,-9.38,6.09
3.6224,0.8325,0.5690,0.0673,-1.33,-9.45,5.81
3.6226,0.8325,0.5671,0.0693,-1.26,-8.47,5.53
3.6227,0.8301,0.5671,0.0693,-1.47,-9.03,5.74
3.6229,0.8316,0.5675,0.0664,-1.40,-8.61,5.46
3.6231,0.8369,0.5671,0.0688,-1.26,-9.03,4.97
3.6233,0.8389,0.5666,0.0717,-1.19,-8.47,5.11
3.6235,0.8379,0.5675,0.0659,-1.40,-9.03,4.83
3.6237,0.8350,0.5661,0.0678,-1.12,-8.19,4.69
3.6239,0.8325,0.5685,0.0703,-1.19,-9.24,4.41
3.6241,0.8340,0.5734,0.0659,-1.26,-7.91,4.48
3.6242,0.8335,0.5685,0.0664,-1.19,-9.10,3.99
3.6244,0.8345,0.5641,0.0693,-1.05,-8.05,3.92
3.6246,0.8379,0.5636,0.0708,-1.33,-8.82,3.78
3.6248,0.8408,0.5641,0.0717,-1.05,-8.26,3.85
3.6250,0.8403,0.5636,0.0732,-1.26,-8.26,3.43
3.6252,0.8325,0.5641,0.0717,-0.84,-8.40,3.64
3.6254,0.8306,0.5607,0.0703,-1.40,-8.12,3.08
3.6256,0.8335,0.5583,0.0708,-0.77,-8.47,3.15
3.6257,0.8345,0.5651,0.0708,-0.98,-7.84,3.29
3.6262,0.8325,0.5651,0.0742,-1.05,-8.54,2.45
3.6267,0.8306,0.5612,0.0712,-0.84,-7.98,2.80
3.6272,0.8306,0.5627,0.0683,-0.91,-8.47,2.52
3.6277,0.8330,0.5617,0.0727,-1.12,-8.12,2.52
3.6282,0.8350,0.5592,0.0727,-0.91,-8.40,2.31
3.6287,0.8359,0.5563,0.0752,-0.77,-7.70,2.45
3.6292,0.8330,0.5573,0.0756,-0.91,-8.33,2.17
3.6297,0.8345,0.5602,0.0688,-0.70,-7.91,2.10
3.6302,0.8408,0.5573,0.0664,-1.05,-8.19,2.24
3.6307,0.8389,0.5563,0.0693,-0.91,-7.98,1.61
3.6312,0.8374,0.5553,0.0693,-0.91,-7.98,2.10
3.6317,0.8374,0.5529,0.0693,-0.56,-7.77,1.68
3.6322,0.8359,0.5524,0.0708,-0.98,-7.70,1.89
3.6327,0.8340,0.5563,0.0703,-0.84,-7.70,1.54
3.6332,0.8359,0.5607,0.0717,-0.98,-7.84,1.68
3.6337,0.8394,0.5553,0.0732,-0.63,-7.56,1.82
3.6342,0.8423,0.5534,0.0752,-1.05,-7.91,1.40
3.6347,0.8418,0.5519,0.0747,-0.42,-7.56,1.68
3.6352,0.8408,0.5524,0.0712,-0.91,-7.84,1.19
3.6357,0.8413,0.5514,0.0698,-0.49,-7.49,1.89
3.6369,0.8447,0.5466,0.0693,-0.77,-7.63,1.19
3.6380,0.8462,0.5475,0.0693,-0.35,-7.98,1.54
3.6391,0.8423,0.5505,0.0688,-0.84,-7.28,1.33
3.6403,0.8442,0.5490,0.0683,-0.56,-7.63,1.61
3.6414,0.8472,0.5485,0.0683,-1.19,-7.70,1.12
3.6426,0.8457,0.5495,0.0708,-0.56,-7.63,1.75
3.6437,0.8452,0.5475,0.0727,-0.77,-7.49,1.12
3.6448,0.8481,0.5475,0.0737,-0.49,-7.70,1.89
3.6460,0.8486,0.5485,0.0742,-0.42,-7.84,0.91
3.6471,0.8428,0.5480,0.0732,-0.77,-7.49,1.75
3.6482,0.8433,0.5475,0.0722,-0.21,-7.84,0.77
3.6494,0.8486,0.5485,0.0742,-0.70,-7.42,1.96
3.6505,0.8472,0.5505,0.0732,-0.28,-7.42,0.84
3.6517,0.8452,0.5519,0.0698,-0.35,-7.28,1.61
3.6528,0.8472,0.5480,0.0722,-0.21,-7.98,1.26
3.6539,0.8452,0.5470,0.0727,-0.42,-7.07,1.19
3.6551,0.8452,0.5505,0.0756,-0.14,-7.49,1.54
3.6562,0.8418,0.5524,0.0761,-0.42,-7.42,2.03
3.6574,0.8438,0.5558,0.0771,0.00,-7.70,0.77
3.6585,0.8442,0.5534,0.0722,-0.07,-7.56,1.61
3.6585,0.8472,0.5510,0.0708,-0.21,-7.56,0.84
3.6586,0.8491,0.5524,0.0732,0.35,-7.28,1.96
3.6587,0.8491,0.5534,0.0742,-0.21,-7.70,0.77
3.6587,0.8496,0.5514,0.0766,0.63,-7.07,1.75
3.6588,0.8462,0.5505,0.0761,-0.07,-7.07,1.19
3.6588,0.8447,0.5539,0.0727,0.49,-7.28,1.54
3.6589,0.8452,0.5597,0.0712,0.28,-7.42,1.12
3.6589,0.8428,0.5612,0.0752,0.56,-7.21,1.61
3.6590,0.8428,0.5578,0.0805,0.28,-7.49,1.19
3.6590,0.8462,0.5568,0.0766,0.70,-7.07,1.61
3.6591,0.8477,0.5612,0.0722,0.42,-6.86,1.40
3.6591,0.8452,0.5636,0.0752,0.91,-7.70,1.33
3.6592,0.8462,0.5607,0.0771,0.77,-7.07,1.61
3.6592,0.8472,0.5583,0.0752,0.98,-7.07,1.40
3.6593,0.8438,0.5607,0.0747,0.70,-6.79,1.68
3.6593,0.8486,0.5666,0.0776,0.91,-7.63,1.12
3.6594,0.8462,0.5646,0.0781,0.91,-7.21,1.12
3.6594,0.8481,0.5675,0.0771,1.40,-7.28,1.96
3.6595,0.8491,0.5695,0.0737,0.98,-7.35,1.05
3.6595,0.8472,0.5714,0.0727,1.68,-7.21,1.96
3.6601,0.8467,0.5710,0.0737,1.12,-7.00,1.19
3.6607,0.8438,0.5700,0.0732,1.75,-7.21,2.03
3.6613,0.8452,0.5724,0.0708,1.33,-7.28,1.26
3.6619,0.8442,0.5724,0.0708,1.89,-7.14,1.96
3.6625,0.8418,0.5710,0.0761,1.47,-7.00,1.19
3.6631,0.8477,0.5734,0.0766,2.10,-7.21,2.10
3.6637,0.8472,0.5719,0.0756,1.89,-7.14,1.40
3.6643,0.8433,0.5700,0.0766,2.03,-7.42,1.12
3.6649,0.8457,0.5734,0.0727,2.24,-7.35,1.61
3.6655,0.8467,0.5763,0.0722,1.96,-7.21,1.26
3.6661,0.8486,0.5768,0.0732,2.59,-6.93,1.40
3.6667,0.8501,0.5744,0.0708,1.96,-7.42,1.19
3.6673,0.8496,0.5729,0.0703,2.73,-6.93,1.47
3.6679,0.8481,0.5714,0.0737,2.03,-7.49,0.77
3.6685,0.8472,0.5710,0.0727,3.08,-6.58,1.89
3.6691,0.8472,0.5719,0.0756,2.03,-7.49,0.42
3.6697,0.8516,0.5690,0.0756,3.22,-6.93,1.96
3.6703,0.8560,0.5651,0.0756,2.03,-7.35,0.07
3.6709,0.8569,0.5661,0.0732,3.15,-6.37,1.82
3.6715,0.8540,0.5710,0.0722,2.38,-7.56,0.00
3.6739,0.8501,0.5724,0.0712,3.29,-7.14,1.26
3.6764,0.8535,0.5705,0.0722,2.59,-7.35,-0.14
3.6789,0.8525,0.5690,0.0693,2.87,-7.14,1.26
3.6813,0.8516,0.5705,0.0708,2.66,-7.35,-0.49
3.6838,0.8574,0.5690,0.0747,2.94,-7.49,0.98
3.6863,0.8564,0.5641,0.0742,3.15,-7.21,-0.56
3.6887,0.8540,0.5636,0.0732,3.08,-7.63,0.42
3.6912,0.8564,0.5651,0.0737,3.08,-6.86,-0.21
3.6937,0.8599,0.5641,0.0747,3.22,-7.84,-0.21
3.6961,0.8603,0.5632,0.0717,2.94,-6.72,-0.28
3.6986,0.8569,0.5636,0.0703,3.22,-7.91,-0.77
3.7011,0.8540,0.5641,0.0717,3.22,-6.86,-0.21
3.7035,0.8564,0.5612,0.0722,2.80,-7.56,-1.12
3.7060,0.8594,0.5553,0.0742,3.50,-6.86,-0.42
3.7085,0.8603,0.5568,0.0747,3.01,-7.35,-1.33
3.7109,0.8589,0.5597,0.0732,3.36,-6.93,0.00
3.7134,0.8584,0.5583,0.0756,2.87,-7.63,-2.10
3.7159,0.8584,0.5544,0.0722,3.71,-7.70,-0.21
3.7183,0.8564,0.5514,0.0678,2.66,-7.21,-1.96
3.7208,0.8555,0.5524,0.0712,3.36,-7.63,-0.56
3.7208,0.8589,0.5524,0.0708,2.73,-7.28,-1.82
3.7209,0.8613,0.5510,0.0683,3.57,-7.77,-0.98
3.7209,0.8623,0.5466,0.0693,2.94,-7.28,-1.96
3.7210,0.8642,0.5431,0.0742,3.08,-7.70,-1.19
3.7210,0.8633,0.5441,0.0781,3.08,-7.14,-1.96
3.7211,0.8584,0.5470,0.0737,3.01,-8.05,-1.54
3.7211,0.8560,0.5475,0.0698,3.22,-7.21,-1.96
3.7212,0.8603,0.5436,0.0717,3.22,-7.77,-1.82
3.7212,0.8628,0.5422,0.0756,3.22,-7.49,-1.82
3.7213,0.8599,0.5431,0.0761,3.22,-7.84,-2.03
3.7213,0.8613,0.5451,0.0747,2.66,-7.21,-1.54
3.7213,0.8638,0.5441,0.0752,2.66,-7.56,-1.89
3.7214,0.8657,0.5431,0.0717,2.94,-8.05,-2.17
3.7214,0.8667,0.5451,0.0678,2.31,-7.56,-2.17
3.7215,0.8638,0.5422,0.0693,3.08,-7.35,-1.68
3.7215,0.8652,0.5407,0.0717,2.38,-7.63,-1.89
3.7216,0.8667,0.5412,0.0717,3.15,-7.42,-1.54
3.7216,0.8647,0.5402,0.0703,2.38,-7.70,-2.10
3.7217,0.8628,0.5412,0.0732,3.15,-7.35,-1.19
3.7217,0.8613,0.5388,0.0766,2.17,-7.49,-2.45
3.7218,0.8642,0.5353,0.0742,3.08,-7.42,-0.84
3.7218,0.8647,0.5344,0.0737,2.31,-7.84,-2.45
3.7218,0.8652,0.5383,0.0747,3.08,-7.21,-0.49
3.7218,0.8633,0.5402,0.0732,2.17,-7.70,-2.80
3.7219,0.8599,0.5358,0.0742,2.94,-7.35,-0.35
3.7219,0.8584,0.5329,0.0771,2.10,-7.63,-2.45
3.7219,0.8603,0.5348,0.0737,2.80,-7.49,-0.49
3.7220,0.8638,0.5324,0.0708,2.10,-7.63,-2.24
3.7220,0.8652,0.5280,0.0737,2.52,-7.21,-0.63
3.7220,0.8662,0.5275,0.0781,1.96,-7.07,-1.75
3.7221,0.8652,0.5231,0.0791,2.66,-7.77,-0.70
3.7221,0.8647,0.5222,0.0761,1.68,-7.28,-1.54
3.7221,0.8628,0.5236,0.0776,2.24,-7.21,-0.91
3.7222,0.8623,0.5241,0.0791,2.10,-7.42,-0.84
3.7222,0.8652,0.5231,0.0752,1.82,-7.56,-1.05
3.7222,0.8667,0.5226,0.0727,1.89,-6.65,-0.49
3.7223,0.8652,0.5275,0.0737,1.96,-7.49,-0.98
3.7223,0.8662,0.5275,0.0781,1.61,-6.86,-0.49
3.7223,0.8652,0.5236,0.0756,1.54,-6.86,-0.84
3.7224,0.8647,0.5222,0.0722,1.96,-7.14,-0.07
3.7224,0.8662,0.5212,0.0752,1.19,-6.93,-1.26
3.7224,0.8628,0.5202,0.0766,1.68,-6.93,0.21
3.7225,0.8608,0.5153,0.0747,1.26,-6.93,-1.26
3.7225,0.8628,0.5129,0.0742,1.54,-7.00,0.28
3.7225,0.8628,0.5178,0.0791,0.91,-6.93,-0.84
3.7226,0.8647,0.5207,0.0786,1.40,-6.86,0.21
3.7226,0.8672,0.5202,0.0737,0.63,-6.72,-0.91
3.7226,0.8652,0.5197,0.0761,1.47,-6.79,0.77
3.7227,0.8638,0.5183,0.0781,0.84,-6.72,-0.84
3.7227,0.8633,0.5202,0.0756,1.19,-6.44,0.49
3.7227,0.8628,0.5207,0.0766,0.84,-6.79,-0.63
3.7228,0.8613,0.5212,0.0771,0.98,-6.58,0.77
3.7228,0.8603,0.5231,0.0742,0.77,-6.58,-0.35
3.7229,0.8613,0.5261,0.0756,0.63,-6.51,0.35
3.7229,0.8584,0.5280,0.0786,0.70,-6.37,-0.14
3.7229,0.8594,0.5261,0.0786,0.63,-5.95,0.35
3.7230,0.8613,0.5270,0.0805,0.70,-6.30,0.42
3.7230,0.8613,0.5251,0.0766,0.56,-6.23,0.21
3.7230,0.8599,0.5226,0.0752,0.63,-6.16,0.63
3.7231,0.8574,0.5285,0.0742,0.35,-6.37,0.28
3.7232,0.8569,0.5319,0.0752,0.63,-5.81,0.98
3.7234,0.8628,0.5309,0.0786,0.14,-6.16,0.28
3.7236,0.8633,0.5324,0.0776,0.63,-5.81,1.05
3.7237,0.8633,0.5344,0.0795,-0.07,-6.16,0.28
3.7239,0.8657,0.5358,0.0805,0.77,-5.74,0.84
3.7240,0.8623,0.5368,0.0771,0.21,-6.09,0.28
3.7242,0.8638,0.5392,0.0727,0.56,-5.25,1.40
3.7244,0.8594,0.5392,0.0747,0.35,-5.81,0.35
3.7245,0.8613,0.5383,0.0776,0.42,-5.39,1.54
3.7247,0.8691,0.5388,0.0766,0.14,-5.60,0.84
3.7248,0.8682,0.5397,0.0771,0.63,-5.39,1.26
3.7250,0.8623,0.5392,0.0712,0.21,-5.25,1.05
3.7252,0.8623,0.5392,0.0712,0.42,-5.11,1.68
3.7253,0.8667,0.5422,0.0727,0.14,-5.46,0.98
3.7255,0.8667,0.5441,0.0737,0.21,-5.39,1.26
3.7257,0.8667,0.5475,0.0737,0.35,-5.39,1.47
3.7258,0.8638,0.5475,0.0756,0.42,-5.32,1.26
3.7260,0.8633,0.5446,0.0776,0.28,-5.25,1.47
3.7261,0.8657,0.5446,0.0766,0.42,-5.04,1.54
3.7263,0.8638,0.5446,0.0766,0.14,-5.46,1.68
3.7269,0.8638,0.5451,0.0761,0.42,-5.11,1.12
3.7275,0.8633,0.5436,0.0737,0.00,-5.11,1.96
3.7281,0.8662,0.5446,0.0771,0.42,-4.83,1.68
3.7287,0.8647,0.5470,0.0795,0.28,-5.25,1.75
3.7293,0.8613,0.5495,0.0800,0.35,-5.11,1.40
3.7299,0.8623,0.5500,0.0776,0.14,-4.55,1.82
3.7305,0.8657,0.5490,0.0747,0.35,-4.90,1.40
3.7311,0.8682,0.5495,0.0761,0.49,-5.18,1.89
3.7317,0.8647,0.5500,0.0727,0.42,-4.55,1.54
3.7323,0.8662,0.5514,0.0722,0.07,-5.11,1.68
3.7329,0.8662,0.5519,0.0712,0.49,-4.48,2.17
3.7335,0.8662,0.5519,0.0664,0.49,-4.41,1.68
3.7341,0.8667,0.5529,0.0678,0.35,-4.20,1.89
3.7347,0.8657,0.5514,0.0703,0.56,-4.48,1.33
3.7353,0.8618,0.5500,0.0717,0.14,-4.13,2.10
3.7359,0.8618,0.5505,0.0727,0.42,-4.13,1.61
3.7366,0.8662,0.5514,0.0732,0.21,-4.27,1.82
3.7372,0.8667,0.5534,0.0742,0.35,-4.48,1.26
3.7378,0.8667,0.5495,0.0722,0.35,-4.34,2.03
3.7384,0.8672,0.5524,0.0708,0.28,-4.13,1.26
3.7389,0.8652,0.5549,0.0732,0.49,-4.34,1.68
3.7394,0.8662,0.5524,0.0747,0.42,-4.06,1.40
3.7399,0.8667,0.5534,0.0708,0.35,-3.78,1.75
3.7405,0.8662,0.5524,0.0712,0.14,-4.20,1.05
3.7410,0.8686,0.5524,0.0722,0.56,-4.27,1.68
3.7415,0.8706,0.5519,0.0708,0.35,-4.20,0.77
3.7420,0.8662,0.5529,0.0752,0.42,-3.99,1.89
3.7425,0.8677,0.5510,0.0727,0.07,-3.71,0.70
3.7431,0.8657,0.5505,0.0737,0.28,-3.71,0.91
3.7436,0.8638,0.5510,0.0732,0.28,-4.27,0.84
3.7441,0.8633,0.5490,0.0722,0.07,-3.50,0.98
3.7446,0.8662,0.5475,0.0698,0.14,-3.99,0.42
3.7452,0.8682,0.5519,0.0742,0.28,-3.78,0.98
3.7457,0.8711,0.5529,0.0781,0.21,-3.92,0.35
3.7462,0.8706,0.5505,0.0732,0.21,-3.64,0.63
3.7467,0.8696,0.5475,0.0752,-0.07,-3.78,0.07
3.7472,0.8721,0.5475,0.0756,0.35,-3.71,0.63
3.7478,0.8716,0.5510,0.0712,0.00,-3.78,0.21
3.7483,0.8716,0.5510,0.0727,0.14,-3.71,0.63
3.7488,0.8730,0.5505,0.0752,-0.28,-3.71,-0.56
3.7493,0.8716,0.5495,0.0742,0.14,-3.57,0.42
3.7499,0.8682,0.5451,0.0717,-0.07,-3.92,-0.70
3.7504,0.8686,0.5431,0.0747,0.14,-3.29,0.35
3.7509,0.8706,0.5456,0.0747,-0.56,-3.50,-0.84
3.7514,0.8696,0.5475,0.0732,0.35,-4.06,0.00
3.7519,0.8711,0.5485,0.0766,-0.35,-3.08,-0.49
3.7525,0.8721,0.5461,0.0791,0.00,-3.92,-0.28
3.7530,0.8711,0.5456,0.0791,-0.28,-3.15,-0.21
3.7535,0.8667,0.5485,0.0742,-0.14,-4.41,-0.77
3.7540,0.8647,0.5466,0.0722,-0.42,-3.43,-0.63
3.7546,0.8667,0.5422,0.0747,-0.63,-4.20,-1.47
3.7551,0.8691,0.5417,0.0761,-0.35,-3.08,-0.49
3.7556,0.8701,0.5417,0.0766,-0.49,-3.71,-1.54
3.7561,0.8701,0.5373,0.0761,-0.35,-3.36,-0.42
3.7566,0.8706,0.5363,0.0766,-0.63,-3.92,-1.75
3.7572,0.8716,0.5353,0.0766,-0.56,-2.80,0.00
3.7577,0.8735,0.5324,0.0756,-0.98,-3.36,-1.68
3.7582,0.8706,0.5344,0.0791,-0.56,-3.43,-0.28
3.7587,0.8691,0.5344,0.0815,-1.19,-3.29,-1.47
3.7592,0.8691,0.5290,0.0786,-0.63,-3.78,-0.42
3.7598,0.8725,0.5246,0.0776,-1.05,-3.50,-1.75
3.7604,0.8769,0.5256,0.0786,-0.84,-3.57,-0.77
3.7610,0.8774,0.5256,0.0747,-1.26,-3.57,-1.68
3.7616,0.8784,0.5236,0.0752,-1.19,-3.85,-1.26
3.7622,0.8779,0.5217,0.0766,-1.33,-3.15,-1.26
3.7628,0.8784,0.5222,0.0756,-1.26,-3.85,-1.26
3.7634,0.8808,0.5226,0.0727,-1.33,-3.08,-1.05
3.7640,0.8818,0.5207,0.0752,-1.82,-3.22,-0.91
3.7645,0.8789,0.5212,0.0781,-1.40,-2.94,-0.98
3.7651,0.8779,0.5212,0.0771,-1.82,-3.43,-0.98
3.7657,0.8799,0.5236,0.0761,-1.54,-3.36,-0.84
3.7663,0.8804,0.5212,0.0742,-2.17,-3.57,-0.98
3.7669,0.8804,0.5158,0.0752,-1.61,-3.01,-0.63
3.7675,0.8813,0.5173,0.0761,-2.10,-3.36,-1.05
3.7681,0.8794,0.5183,0.0786,-1.82,-3.36,-0.42
3.7687,0.8789,0.5212,0.0776,-2.31,-3.15,-0.84
3.7693,0.8784,0.5217,0.0727,-1.96,-3.22,-0.21
3.7698,0.8740,0.5207,0.0756,-2.38,-3.57,-0.91
3.7704,0.8701,0.5173,0.0756,-2.31,-2.87,-0.21
3.7710,0.8716,0.5134,0.0727,-2.52,-2.87,-0.35
3.7715,0.8760,0.5153,0.0737,-2.24,-3.50,0.00
3.7721,0.8769,0.5168,0.0742,-2.45,-3.22,-0.49
3.7726,0.8745,0.5129,0.0771,-2.31,-3.36,-0.21
3.7731,0.8755,0.5104,0.0781,-2.59,-3.01,0.00
3.7736,0.8764,0.5124,0.0791,-3.01,-3.29,0.14
3.7741,0.8735,0.5119,0.0776,-2.66,-3.08,0.21
3.7746,0.8764,0.5109,0.0747,-3.01,-3.08,0.42
3.7751,0.8735,0.5114,0.0747,-2.45,-2.52,0.63
3.7756,0.8706,0.5114,0.0756,-3.29,-3.01,0.28
3.7762,0.8701,0.5100,0.0747,-2.73,-3.15,0.98
3.7767,0.8686,0.5095,0.0761,-3.36,-2.66,0.49
3.7772,0.8740,0.5085,0.0795,-3.22,-2.94,1.19
3.7777,0.8764,0.5104,0.0776,-3.36,-2.80,0.70
3.7782,0.8706,0.5134,0.0752,-3.36,-2.94,1.40
3.7787,0.8701,0.5104,0.0752,-3.43,-2.59,0.98
3.7792,0.8740,0.5051,0.0766,-3.92,-3.01,1.47
3.7797,0.8716,0.5046,0.0781,-3.50,-2.31,1.33
3.7803,0.8672,0.5041,0.0756,-3.92,-2.87,1.19
3.7808,0.8696,0.5041,0.0771,-3.71,-2.31,1.68
3.7813,0.8760,0.5070,0.0781,-4.06,-2.87,1.47
3.7832,0.8750,0.5065,0.0766,-3.57,-2.24,1.75
3.7850,0.8701,0.5070,0.0776,-4.62,-2.87,1.40
3.7869,0.8696,0.5090,0.0791,-3.71,-2.31,1.82
3.7888,0.8701,0.5061,0.0771,-4.48,-2.66,1.61
3.7907,0.8721,0.5017,0.0781,-4.06,-2.52,1.89
3.7925,0.8711,0.5070,0.0781,-4.41,-2.52,1.19
3.7944,0.8647,0.5090,0.0727,-4.62,-2.73,1.96
3.7963,0.8662,0.5080,0.0737,-4.76,-2.17,1.54
3.7982,0.8711,0.5109,0.0737,-4.34,-2.31,2.31
3.8000,0.8701,0.5119,0.0771,-4.55,-1.96,1.82
3.8019,0.8706,0.5100,0.0791,-4.69,-2.10,2.31
3.8038,0.8745,0.5119,0.0708,-4.41,-1.68,2.52
3.8057,0.8711,0.5178,0.0703,-4.76,-2.24,1.96
3.8075,0.8657,0.5163,0.0756,-4.48,-1.89,2.24
3.8094,0.8657,0.5134,0.0727,-5.04,-1.75,2.59
3.8113,0.8657,0.5163,0.0678,-4.62,-1.89,2.59
3.8132,0.8701,0.5173,0.0683,-4.97,-1.47,2.73
3.8150,0.8711,0.5178,0.0708,-4.76,-1.61,2.59
3.8169,0.8647,0.5212,0.0712,-5.04,-1.33,2.66
3.8188,0.8647,0.5241,0.0683,-4.83,-1.61,3.08
3.8188,0.8686,0.5236,0.0683,-4.62,-1.33,2.87
3.8189,0.8672,0.5290,0.0634,-4.69,-0.98,3.29
3.8189,0.8647,0.5309,0.0747,-4.69,-1.68,2.94
3.8190,0.8633,0.5285,0.0664,-4.55,-0.84,3.43
3.8190,0.8647,0.5314,0.0620,-4.62,-0.84,3.43
3.8191,0.8647,0.5353,0.0610,-4.97,-1.54,3.50
3.8191,0.8633,0.5383,0.0644,-4.76,-0.56,3.50
3.8192,0.8657,0.5378,0.0669,-4.97,-1.05,3.57
3.8193,0.8662,0.5339,0.0649,-4.48,-0.56,3.78
3.8193,0.8623,0.5334,0.0664,-5.04,-0.77,3.50
3.8194,0.8633,0.5348,0.0664,-4.55,-0.42,3.99
3.8194,0.8647,0.5368,0.0678,-4.76,-0.77,3.92
3.8195,0.8633,0.5348,0.0683,-4.41,-0.84,3.71
3.8195,0.8638,0.5329,0.0639,-4.48,0.00,3.78
3.8196,0.8638,0.5348,0.0630,-4.62,-0.77,3.99
3.8196,0.8618,0.5397,0.0639,-4.55,-0.07,3.99
3.8197,0.8642,0.5417,0.0649,-4.27,-0.77,4.13
3.8197,0.8642,0.5436,0.0664,-4.41,-0.07,3.99
3.8198,0.8623,0.5446,0.0659,-4.34,-0.49,4.06
3.8198,0.8618,0.5431,0.0659,-4.34,0.00,3.99
3.8202,0.8628,0.5427,0.0634,-4.06,-0.14,4.06
3.8207,0.8696,0.5446,0.0610,-3.92,-0.49,3.85
3.8211,0.8716,0.5470,0.0600,-3.99,0.28,3.57
3.8215,0.8686,0.5490,0.0625,-3.99,0.00,3.78
3.8219,0.8642,0.5505,0.0659,-3.99,-0.07,3.78
3.8223,0.8623,0.5510,0.0639,-3.78,0.14,3.78
3.8227,0.8647,0.5475,0.0615,-3.99,-0.07,3.29
3.8232,0.8623,0.5456,0.0595,-3.71,0.49,3.50
3.8236,0.8599,0.5466,0.0634,-3.85,0.00,3.29
3.8240,0.8613,0.5466,0.0630,-3.36,0.70,3.57
3.8244,0.8628,0.5461,0.0615,-3.92,-0.21,2.87
3.8248,0.8647,0.5466,0.0630,-3.43,0.63,3.43
3.8252,0.8677,0.5485,0.0630,-3.71,-0.21,2.80
3.8257,0.8672,0.5505,0.0615,-3.36,1.12,3.43
3.8261,0.8647,0.5495,0.0600,-3.43,-0.21,2.45
3.8265,0.8623,0.5451,0.0600,-3.15,0.91,3.01
3.8269,0.8618,0.5441,0.0620,-3.36,0.28,2.45
3.8273,0.8633,0.5470,0.0600,-3.29,0.84,2.73
3.8277,0.8638,0.5510,0.0590,-3.29,0.00,1.96
3.8282,0.8652,0.5524,0.0581,-3.15,0.49,2.31
3.8287,0.8642,0.5490,0.0551,-3.50,0.56,1.89
3.8293,0.8623,0.5480,0.0576,-2.38,0.56,2.45
3.8298,0.8628,0.5500,0.0576,-3.36,0.56,1.47
3.8304,0.8618,0.5490,0.0537,-2.94,1.12,2.10
3.8309,0.8613,0.5500,0.0556,-2.94,0.49,1.61
3.8315,0.8652,0.5524,0.0576,-2.38,0.56,1.40
3.8320,0.8667,0.5490,0.0571,-3.22,1.12,1.47
3.8326,0.8691,0.5451,0.0571,-2.24,0.21,1.19
3.8331,0.8725,0.5456,0.0542,-2.80,0.98,1.19
3.8337,0.8691,0.5451,0.0561,-2.59,0.21,0.84
3.8342,0.8672,0.5427,0.0595,-2.87,1.05,1.19
3.8348,0.8662,0.5412,0.0576,-2.59,0.21,0.28
3.8353,0.8657,0.5392,0.0522,-2.66,1.26,1.12
3.8359,0.8682,0.5402,0.0512,-2.52,0.49,-0.07
3.8364,0.8696,0.5397,0.0512,-2.17,1.19,0.63
3.8370,0.8701,0.5353,0.0517,-2.38,0.56,-0.14
3.8375,0.8711,0.5363,0.0547,-2.31,1.19,0.70
3.8381,0.8711,0.5363,0.0542,-2.52,0.35,-0.70
3.8386,0.8716,0.5353,0.0542,-2.10,0.77,0.21
3.8392,0.8716,0.5339,0.0551,-2.73,0.84,-0.98
3.8398,0.8706,0.5334,0.0576,-1.75,0.70,0.28
3.8404,0.8706,0.5358,0.0576,-2.31,0.35,-0.91
3.8410,0.8667,0.5319,0.0561,-1.96,0.77,-0.07
3.8417,0.8672,0.5300,0.0527,-2.73,0.70,-0.91
3.8423,0.8740,0.5295,0.0527,-2.03,0.91,-0.63
3.8429,0.8725,0.5241,0.0551,-2.31,0.84,-0.98
3.8435,0.8716,0.5202,0.0576,-1.96,0.63,-0.63
3.8441,0.8716,0.5173,0.0600,-2.17,0.98,-0.98
3.8448,0.8677,0.5178,0.0610,-2.10,0.63,-1.47
3.8454,0.8706,0.5183,0.0605,-2.03,1.19,-0.63
3.8460,0.8745,0.5168,0.0590,-2.03,0.42,-1.89
3.8466,0.8745,0.5163,0.0551,-1.89,1.05,-0.70
3.8473,0.8735,0.5129,0.0551,-2.52,0.70,-1.96
3.8479,0.8706,0.5134,0.0571,-2.03,1.05,-0.91
3.8485,0.8716,0.5183,0.0590,-2.10,0.49,-1.82
3.8491,0.8740,0.5187,0.0590,-1.96,0.91,-1.05
3.8498,0.8716,0.5114,0.0639,-2.31,0.84,-1.61
3.8504,0.8716,0.5139,0.0595,-2.24,1.05,-1.54
3.8510,0.8725,0.5109,0.0561,-1.89,0.49,-1.33
3.8516,0.8691,0.5065,0.0547,-1.96,1.40,-1.05
3.8521,0.8672,0.5061,0.0532,-2.17,0.56,-1.75
3.8526,0.8701,0.5080,0.0542,-1.89,0.91,-0.98
3.8531,0.8745,0.5095,0.0561,-2.17,0.21,-1.68
3.8536,0.8730,0.5109,0.0586,-1.75,1.19,-0.77
3.8541,0.8706,0.5085,0.0576,-2.31,0.77,-1.68
3.8546,0.8701,0.5051,0.0547,-1.47,1.05,-0.28
3.8551,0.8682,0.5061,0.0532,-2.03,0.42,-1.61
3.8556,0.8667,0.5056,0.0556,-1.61,1.12,-0.56
3.8560,0.8691,0.5065,0.0620,-2.17,0.49,-1.47
3.8565,0.8730,0.5065,0.0605,-1.89,1.05,-0.21
3.8570,0.8711,0.5046,0.0566,-1.96,0.70,-1.12
3.8575,0.8716,0.5061,0.0581,-1.89,1.05,0.14
3.8580,0.8701,0.5046,0.0576,-1.75,0.91,-1.26
3.8585,0.8662,0.5046,0.0581,-2.03,0.70,-0.21
3.8590,0.8662,0.5080,0.0605,-1.75,1.05,-0.63
3.8595,0.8667,0.5065,0.0576,-1.61,1.54,0.00
3.8600,0.8677,0.5051,0.0556,-1.82,0.28,-0.42
3.8605,0.8662,0.5080,0.0566,-1.40,1.75,0.49
3.8610,0.8638,0.5085,0.0590,-1.89,0.42,-0.28
3.8614,0.8618,0.5061,0.0620,-1.54,1.26,0.35
3.8634,0.8618,0.5085,0.0595,-1.89,0.77,0.07
3.8654,0.8608,0.5134,0.0600,-1.26,1.19,0.77
3.8674,0.8608,0.5144,0.0615,-1.75,0.77,0.21
3.8693,0.8613,0.5134,0.0600,-1.40,0.91,0.63
3.8713,0.8608,0.5158,0.0590,-1.40,0.84,0.07
3.8733,0.8584,0.5187,0.0576,-1.61,1.19,1.12
3.8753,0.8589,0.5168,0.0595,-1.40,1.26,0.14
3.8772,0.8594,0.5134,0.0600,-1.33,1.26,1.26
3.8792,0.8589,0.5134,0.0600,-1.40,1.33,0.49
3.8812,0.8579,0.5158,0.0625,-1.40,0.84,1.05
3.8831,0.8550,0.5153,0.0639,-1.33,1.33,0.77
3.8851,0.8545,0.5139,0.0600,-1.33,1.12,1.40
3.8871,0.8530,0.5144,0.0605,-1.12,1.54,0.91
3.8891,0.8525,0.5207,0.0649,-1.12,1.26,1.19
3.8910,0.8525,0.5246,0.0620,-1.05,1.47,1.19
3.8930,0.8540,0.5241,0.0620,-0.91,1.61,1.40
3.8950,0.8511,0.5251,0.0620,-0.84,1.61,1.54
3.8970,0.8491,0.5305,0.0595,-0.77,1.40,1.26
3.8989,0.8525,0.5319,0.0605,-1.05,1.68,1.61
3.9009,0.8525,0.5305,0.0610,-0.91,1.54,1.19
3.9009,0.8496,0.5309,0.0590,-0.28,1.68,1.68
3.9010,0.8481,0.5324,0.0615,-0.63,1.61,1.26
3.9010,0.8481,0.5319,0.0576,-0.56,2.03,2.10
3.9011,0.8481,0.5280,0.0551,-0.63,2.24,1.12
3.9011,0.8462,0.5314,0.0561,-0.14,1.68,1.96
3.9012,0.8442,0.5344,0.0551,-0.77,2.31,1.12
3.9012,0.8477,0.5319,0.0571,0.00,1.47,1.75
3.9013,0.8511,0.5314,0.0590,-0.21,2.31,1.40
3.9013,0.8501,0.5348,0.0590,0.14,1.26,1.82
3.9014,0.8481,0.5339,0.0576,-0.07,2.66,1.33
3.9014,0.8462,0.5314,0.0537,0.21,1.40,1.47
3.9014,0.8447,0.5329,0.0498,-0.14,2.66,1.75
3.9015,0.8447,0.5334,0.0527,0.42,2.03,1.05
3.9015,0.8452,0.5329,0.0556,-0.14,1.82,1.54
3.9016,0.8438,0.5324,0.0571,0.14,2.45,0.63
3.9016,0.8438,0.5388,0.0576,0.28,2.24,1.82
3.9017,0.8423,0.5427,0.0537,0.42,2.52,0.49
3.9017,0.8408,0.5412,0.0532,0.56,2.03,1.61
3.9018,0.8438,0.5388,0.0566,0.49,2.66,0.63
3.9018,0.8452,0.5402,0.0561,0.63,2.52,1.19
3.9020,0.8462,0.5388,0.0527,0.56,2.80,0.49
3.9022,0.8467,0.5383,0.0522,0.91,1.75,0.77
3.9023,0.8428,0.5422,0.0542,0.56,3.29,0.42
3.9025,0.8433,0.5392,0.0556,0.98,2.03,0.49
3.9027,0.8467,0.5373,0.0566,0.77,3.01,0.56
3.9029,0.8462,0.5402,0.0566,1.05,2.31,-0.07
3.9030,0.8462,0.5407,0.0595,0.84,3.15,0.63
3.9032,0.8467,0.5363,0.0590,1.26,1.89,-0.63
3.9034,0.8472,0.5363,0.0556,0.91,3.22,0.49
3.9036,0.8472,0.5378,0.0527,1.05,2.45,-0.77
3.9037,0.8472,0.5397,0.0512,1.26,3.29,0.42
3.9039,0.8477,0.5383,0.0547,1.12,2.17,-1.12
3.9041,0.8501,0.5388,0.0556,1.54,2.87,-0.35
3.9043,0.8496,0.5402,0.0551,1.12,2.66,-1.19
3.9045,0.8467,0.5319,0.0532,1.12,2.45,-1.47
3.9046,0.8535,0.5373,0.0586,0.98,2.94,-1.12
3.9048,0.8525,0.5368,0.0595,2.10,2.66,-1.47
3.9050,0.8472,0.5363,0.0561,1.26,2.80,-1.61
3.9052,0.8506,0.5358,0.0522,1.82,2.31,-1.47
3.9053,0.8579,0.5348,0.0517,1.26,3.08,-1.26
3.9054,0.8579,0.5329,0.0517,1.89,2.66,-1.89
3.9054,0.8535,0.5348,0.0522,1.54,2.87,-1.54
3.9055,0.8530,0.5344,0.0522,1.82,2.59,-2.17
3.9055,0.8569,0.5309,0.0547,1.61,2.87,-1.68
3.9056,0.8574,0.5309,0.0556,1.75,2.45,-2.45
3.9056,0.8584,0.5305,0.0547,1.96,2.66,-1.61
3.9057,0.8584,0.5300,0.0571,1.61,2.59,-2.38
3.9057,0.8579,0.5295,0.0571,2.24,2.38,-2.10
3.9058,0.8555,0.5300,0.0576,1.54,2.52,-2.52
3.9058,0.8545,0.5353,0.0566,2.52,2.45,-1.82
3.9059,0.8555,0.5348,0.0537,1.68,2.66,-2.73
3.9059,0.8599,0.5275,0.0527,2.45,2.45,-2.10
3.9060,0.8628,0.5261,0.0547,1.61,2.94,-2.59
3.9060,0.8618,0.5251,0.0556,2.24,1.82,-2.38
3.9061,0.8603,0.5246,0.0517,1.68,2.87,-2.73
3.9061,0.8623,0.5231,0.0542,2.03,2.24,-2.17
3.9062,0.8667,0.5226,0.0551,2.10,2.52,-3.01
3.9062,0.8628,0.5261,0.0527,1.82,2.10,-2.45
3.9063,0.8647,0.5256,0.0542,2.52,2.17,-2.73
3.9063,0.8706,0.5231,0.0508,2.10,1.89,-2.66
3.9069,0.8667,0.5212,0.0488,2.24,2.31,-2.73
3.9074,0.8633,0.5217,0.0503,1.89,1.89,-3.08
3.9080,0.8638,0.5192,0.0522,2.03,1.96,-2.66
3.9085,0.8628,0.5168,0.0508,2.31,2.10,-2.52
3.9091,0.8638,0.5192,0.0493,1.89,1.82,-2.73
3.9097,0.8652,0.5187,0.0522,2.17,2.45,-2.66
3.9102,0.8652,0.5144,0.0527,2.24,1.68,-2.52
3.9108,0.8647,0.5134,0.0483,2.24,2.31,-2.73
3.9113,0.8647,0.5183,0.0478,2.38,1.61,-2.52
3.9119,0.8623,0.5168,0.0556,1.89,2.45,-2.87
3.9124,0.8608,0.5144,0.0503,2.66,1.54,-2.45
3.9130,0.8628,0.5134,0.0503,2.03,1.05,-2.59
3.9136,0.8628,0.5114,0.0542,2.31,1.96,-2.94
3.9141,0.8594,0.5100,0.0571,1.89,1.75,-2.52
3.9147,0.8564,0.5124,0.0547,2.66,1.54,-2.94
3.9152,0.8613,0.5119,0.0512,2.03,1.40,-2.94
3.9158,0.8657,0.5085,0.0488,2.38,1.75,-2.73
3.9164,0.8638,0.5046,0.0488,1.96,1.47,-2.66
3.9169,0.8618,0.5070,0.0493,2.59,1.26,-2.59
3.9175,0.8599,0.5085,0.0522,1.89,1.75,-2.59
3.9181,0.8623,0.5070,0.0537,2.52,1.61,-1.96
3.9186,0.8642,0.5065,0.0522,2.17,1.33,-2.94
3.9192,0.8633,0.5046,0.0503,2.17,1.47,-1.89
3.9198,0.8652,0.5061,0.0498,2.45,1.40,-2.31
3.9204,0.8603,0.5065,0.0508,2.38,1.33,-2.10
3.9210,0.8574,0.5065,0.0527,2.38,1.05,-2.73
3.9215,0.8589,0.5090,0.0522,2.10,1.33,-1.54
3.9221,0.8603,0.5085,0.0498,2.17,1.26,-2.66
3.9227,0.8638,0.5104,0.0503,2.03,1.05,-1.54
3.9233,0.8633,0.5114,0.0498,2.31,1.12,-2.52
3.9239,0.8594,0.5119,0.0473,2.31,1.05,-1.89
3.9244,0.8594,0.5119,0.0493,2.10,1.12,-1.82
3.9250,0.8574,0.5104,0.0537,2.66,0.91,-1.89
3.9256,0.8550,0.5100,0.0537,2.17,1.47,-1.40
3.9262,0.8579,0.5100,0.0522,2.45,0.91,-1.82
3.9268,0.8584,0.5134,0.0508,2.17,1.12,-1.19
3.9273,0.8569,0.5153,0.0527,2.38,0.98,-1.96
3.9279,0.8545,0.5153,0.0556,2.10,1.12,-0.63
3.9285,0.8540,0.5139,0.0566,2.59,0.84,-1.47
3.9291,0.8530,0.5114,0.0556,2.31,1.12,-0.77
3.9296,0.8525,0.5134,0.0537,2.66,0.77,-1.75
3.9301,0.8540,0.5144,0.0542,2.59,1.12,-0.35
3.9306,0.8560,0.5144,0.0561,2.38,1.12,-1.12
3.9311,0.8569,0.5153,0.0537,2.52,1.05,-0.14
3.9316,0.8569,0.5100,0.0595,2.31,0.98,-0.98
3.9321,0.8560,0.5075,0.0581,2.94,1.33,-0.28
3.9326,0.8506,0.5153,0.0581,3.08,1.12,0.42
3.9331,0.8457,0.5168,0.0551,2.31,0.49,-1.05
3.9336,0.8496,0.5153,0.0537,3.15,1.61,0.21
3.9341,0.8545,0.5178,0.0551,2.31,0.91,-0.63
3.9346,0.8555,0.5187,0.0508,3.08,1.05,0.42
3.9351,0.8555,0.5197,0.0493,2.38,1.19,-0.42
3.9355,0.8545,0.5222,0.0508,3.01,1.12,0.28
3.9360,0.8545,0.5251,0.0503,2.66,1.33,0.07
3.9365,0.8516,0.5256,0.0522,3.08,0.91,-0.14
3.9370,0.8525,0.5236,0.0532,2.66,1.40,0.77
3.9375,0.8550,0.5231,0.0512,2.94,1.12,-0.21
3.9380,0.8511,0.5231,0.0517,2.87,1.33,0.91
3.9385,0.8496,0.5285,0.0508,2.80,1.12,-0.35
3.9390,0.8530,0.5300,0.0517,3.36,1.26,0.98
3.9404,0.8481,0.5275,0.0547,2.59,1.33,0.14
3.9417,0.8452,0.5305,0.0517,3.85,0.98,0.84
3.9431,0.8506,0.5324,0.0473,2.73,1.40,0.28
3.9444,0.8467,0.5348,0.0498,3.50,1.26,0.77
3.9458,0.8467,0.5344,0.0512,3.71,1.75,1.47
3.9471,0.8472,0.5363,0.0517,3.08,1.40,0.35
3.9484,0.8467,0.5397,0.0488,3.71,1.82,1.12
3.9498,0.8462,0.5363,0.0488,3.50,1.19,0.21
3.9511,0.8472,0.5358,0.0517,3.64,1.47,0.91
3.9525,0.8452,0.5368,0.0532,3.43,1.40,0.14
3.9538,0.8428,0.5378,0.0537,3.85,1.61,0.70
3.9552,0.8394,0.5407,0.0459,4.13,1.19,0.63
3.9565,0.8403,0.5446,0.0468,3.57,1.47,0.42
3.9579,0.8418,0.5490,0.0478,3.64,1.75,0.28
3.9592,0.8438,0.5490,0.0483,3.99,1.75,0.35
3.9605,0.8477,0.5461,0.0517,4.27,1.26,0.00
3.9619,0.8467,0.5441,0.0512,3.99,1.82,0.49
3.9632,0.8457,0.5436,0.0478,4.34,1.26,-0.35
3.9646,0.8467,0.5461,0.0434,3.99,1.75,0.56
3.9659,0.8457,0.5456,0.0512,4.20,1.19,-0.84
3.9681,0.8403,0.5475,0.0498,4.41,1.75,0.35
3.9703,0.8413,0.5456,0.0478,4.62,1.96,0.14
3.9725,0.8418,0.5441,0.0483,3.99,1.40,-1.12
3.9747,0.8442,0.5436,0.0493,4.55,2.24,-0.07
3.9769,0.8438,0.5417,0.0522,4.27,1.68,-1.19
3.9790,0.8433,0.5402,0.0542,4.69,1.47,-0.84
3.9812,0.8442,0.5456,0.0527,4.34,1.82,-1.12
3.9834,0.8428,0.5441,0.0522,4.55,1.89,-0.84
3.9856,0.8413,0.5427,0.0542,4.48,1.68,-1.47
3.9878,0.8438,0.5461,0.0537,4.62,1.61,-1.47
3.9900,0.8477,0.5461,0.0503,4.76,1.75,-1.61
3.9922,0.8452,0.5446,0.0512,4.55,1.82,-1.96
3.9943,0.8433,0.5436,0.0532,4.76,1.61,-1.68
3.9965,0.8467,0.5456,0.0532,4.62,1.75,-2.17
3.9987,0.8438,0.5451,0.0517,4.41,2.03,-2.17
4.0009,0.8408,0.5407,0.0512,4.83,1.68,-2.73
4.0031,0.8423,0.5373,0.0517,4.55,1.75,-2.45
4.0053,0.8428,0.5363,0.0512,4.27,1.68,-2.45
4.0075,0.8442,0.5378,0.0517,4.83,1.47,-2.80
4.0096,0.8438,0.5368,0.0566,4.34,1.47,-2.80
4.0097,0.8428,0.5348,0.0576,4.76,2.17,-2.38
4.0098,0.8467,0.5339,0.0512,4.06,1.68,-3.36
4.0099,0.8481,0.5348,0.0498,4.69,1.82,-2.59
4.0100,0.8472,0.5363,0.0527,4.62,1.68,-3.78
4.0101,0.8511,0.5339,0.0542,4.48,1.89,-3.22
4.0102,0.8501,0.5344,0.0517,4.76,1.75,-3.36
4.0103,0.8486,0.5363,0.0493,4.48,1.89,-3.78
4.0104,0.8516,0.5334,0.0517,4.76,2.17,-3.43
4.0105,0.8545,0.5344,0.0527,4.20,1.47,-4.20
4.0106,0.8506,0.5339,0.0542,4.69,1.96,-3.43
4.0107,0.8491,0.5309,0.0537,4.34,1.82,-4.20
4.0108,0.8491,0.5324,0.0503,4.69,1.96,-3.36
4.0109,0.8477,0.5324,0.0527,4.27,1.68,-4.55
4.0110,0.8496,0.5309,0.0537,4.55,2.03,-3.78
4.0111,0.8481,0.5314,0.0551,4.27,1.75,-4.41
4.0112,0.8457,0.5305,0.0556,4.55,1.89,-3.92
4.0113,0.8477,0.5309,0.0532,4.27,1.68,-4.27
4.0114,0.8491,0.5314,0.0532,4.41,1.96,-4.20
4.0115,0.8477,0.5334,0.0473,4.20,1.47,-4.27
4.0116,0.8481,0.5348,0.0449,4.27,1.68,-4.13
4.0119,0.8438,0.5334,0.0478,4.20,2.10,-4.20
4.0121,0.8418,0.5348,0.0483,4.34,1.47,-4.34
4.0123,0.8428,0.5353,0.0488,4.20,2.03,-3.92
4.0126,0.8457,0.5339,0.0483,4.34,1.89,-4.41
4.0128,0.8462,0.5348,0.0532,4.27,2.24,-3.71
4.0130,0.8428,0.5319,0.0571,3.99,1.47,-4.62
4.0133,0.8457,0.5305,0.0512,4.27,2.31,-3.57
4.0135,0.8457,0.5344,0.0478,4.13,1.61,-4.48
4.0137,0.8442,0.5339,0.0488,4.13,1.89,-3.50
4.0140,0.8433,0.5305,0.0503,3.99,2.24,-4.62
4.0142,0.8442,0.5305,0.0503,4.13,1.89,-3.50
4.0144,0.8467,0.5305,0.0508,4.48,1.82,-4.41
4.0147,0.8438,0.5319,0.0503,4.41,2.03,-3.57
4.0149,0.8418,0.5309,0.0468,4.13,1.82,-3.99
4.0152,0.8433,0.5309,0.0503,4.27,1.75,-3.92
4.0154,0.8472,0.5314,0.0517,4.13,2.17,-3.57
4.0156,0.8452,0.5285,0.0517,3.92,2.66,-2.87
4.0159,0.8438,0.5305,0.0527,3.92,1.40,-4.90
4.0161,0.8438,0.5309,0.0512,3.99,2.45,-2.66
4.0163,0.8423,0.5300,0.0508,4.06,1.68,-4.69
4.0164,0.8403,0.5319,0.0498,4.27,2.66,-2.38
4.0164,0.8408,0.5344,0.0488,4.06,1.82,-4.41
4.0164,0.8413,0.5348,0.0478,4.48,2.52,-2.87
4.0165,0.8403,0.5334,0.0483,3.78,2.17,-4.13
4.0165,0.8398,0.5309,0.0478,4.41,2.38,-3.29
4.0165,0.8398,0.5334,0.0493,3.85,2.31,-3.71
4.0166,0.8374,0.5383,0.0537,4.06,2.03,-3.22
4.0166,0.8374,0.5339,0.0512,3.85,2.66,-3.43
4.0166,0.8384,0.5305,0.0512,4.13,2.10,-3.50
4.0166,0.8398,0.5314,0.0512,3.92,2.52,-2.94
4.0167,0.8369,0.5309,0.0498,3.99,2.03,-3.99
4.0167,0.8345,0.5353,0.0532,3.92,2.31,-2.80
4.0167,0.8355,0.5378,0.0542,3.92,1.96,-4.34
4.0168,0.8340,0.5373,0.0537,4.20,2.94,-2.17
4.0168,0.8320,0.5378,0.0547,3.99,2.10,-4.34
4.0168,0.8311,0.5353,0.0527,4.20,3.22,-2.31
4.0169,0.8364,0.5373,0.0493,4.48,3.22,-2.10
4.0169,0.8379,0.5334,0.0483,3.36,2.17,-4.34
4.0169,0.8325,0.5314,0.0512,4.55,3.15,-2.17
4.0170,0.8350,0.5368,0.0527,3.43,2.45,-4.27
4.0170,0.8359,0.5368,0.0522,4.34,2.80,-2.38
4.0170,0.8330,0.5314,0.0517,3.43,2.31,-4.06
4.0170,0.8330,0.5314,0.0547,4.55,2.59,-2.66
4.0170,0.8330,0.5319,0.0547,3.50,2.66,-3.57
4.0171,0.8359,0.5314,0.0532,4.13,2.80,-3.15
4.0171,0.8355,0.5329,0.0508,3.50,3.22,-3.15
4.0171,0.8325,0.5309,0.0512,3.99,2.38,-3.29
4.0171,0.8335,0.5305,0.0532,3.71,3.01,-3.01
4.0172,0.8355,0.5314,0.0512,3.78,2.73,-3.78
4.0172,0.8384,0.5329,0.0512,4.06,2.80,-2.80
4.0172,0.8364,0.5353,0.0512,3.64,2.66,-3.50
4.0172,0.8301,0.5358,0.0493,4.20,2.94,-2.66
4.0172,0.8272,0.5358,0.0493,3.78,2.10,-4.20
4.0173,0.8296,0.5324,0.0488,3.99,2.94,-2.59
4.0173,0.8316,0.5290,0.0488,3.50,2.73,-4.13
4.0173,0.8311,0.5295,0.0527,4.27,3.22,-2.24
4.0173,0.8291,0.5319,0.0576,3.50,2.38,-4.27
4.0173,0.8306,0.5305,0.0600,3.99,2.87,-2.87
4.0174,0.8335,0.5309,0.0586,3.36,2.73,-3.85
4.0174,0.8335,0.5319,0.0537,3.92,2.59,-2.80
4.0179,0.8325,0.5309,0.0547,3.36,2.80,-4.13
4.0185,0.8281,0.5295,0.0547,3.78,2.87,-3.22
4.0190,0.8267,0.5300,0.0478,3.50,3.01,-3.64
4.0196,0.8311,0.5290,0.0478,3.64,2.66,-3.50
4.0201,0.8316,0.5280,0.0522,3.43,3.15,-3.22
4.0206,0.8257,0.5295,0.0527,3.85,2.52,-3.71
4.0212,0.8262,0.5290,0.0537,3.43,3.29,-2.94
4.0217,0.8335,0.5295,0.0532,3.78,2.52,-3.99
4.0223,0.8359,0.5319,0.0508,3.78,3.01,-2.87
4.0228,0.8330,0.5334,0.0537,3.36,3.15,-3.71
4.0233,0.8325,0.5314,0.0547,3.78,2.87,-3.08
4.0239,0.8320,0.5324,0.0532,3.57,3.01,-3.78
4.0244,0.8320,0.5363,0.0512,3.85,2.52,-2.94
4.0250,0.8320,0.5339,0.0493,3.22,3.64,-3.71
4.0255,0.8330,0.5319,0.0508,3.99,2.73,-2.80
4.0260,0.8335,0.5319,0.0493,2.80,3.08,-3.57
4.0266,0.8335,0.5324,0.0493,4.06,2.38,-2.87
4.0271,0.8350,0.5339,0.0517,3.01,3.15,-3.71
4.0277,0.8345,0.5319,0.0556,3.78,2.52,-2.80
4.0282,0.8330,0.5295,0.0566,3.01,2.87,-3.50
4.0288,0.8325,0.5300,0.0503,3.64,2.80,-3.08
4.0294,0.8359,0.5256,0.0503,3.50,2.94,-3.15
4.0300,0.8374,0.5266,0.0522,3.36,3.01,-2.94
4.0306,0.8335,0.5334,0.0503,3.43,3.08,-3.29
4.0312,0.8316,0.5319,0.0483,3.22,2.73,-2.87
4.0318,0.8330,0.5290,0.0517,3.29,2.73,-3.15
4.0324,0.8330,0.5290,0.0512,3.15,2.94,-3.29
4.0330,0.8340,0.5300,0.0493,3.50,2.80,-3.01
4.0336,0.8350,0.5309,0.0473,3.15,2.94,-3.22
4.0342,0.8345,0.5295,0.0498,3.50,2.73,-2.52
4.0348,0.8330,0.5261,0.0498,2.94,3.01,-3.50
4.0354,0.8311,0.5295,0.0449,3.08,3.29,-2.73
4.0360,0.8320,0.5300,0.0468,3.15,2.73,-2.80
4.0366,0.8316,0.5290,0.0517,3.36,2.73,-2.87
4.0372,0.8320,0.5280,0.0508,3.08,3.08,-2.45
4.0378,0.8325,0.5290,0.0473,3.36,2.73,-3.08
4.0384,0.8350,0.5246,0.0488,2.80,2.59,-2.45
4.0390,0.8364,0.5192,0.0493,3.29,2.80,-3.01
4.0396,0.8364,0.5217,0.0468,3.15,2.52,-2.59
4.0402,0.8330,0.5270,0.0503,3.15,3.08,-2.38
4.0407,0.8306,0.5241,0.0547,2.80,2.73,-2.73
4.0413,0.8340,0.5212,0.0537,3.29,2.52,-2.59
4.0418,0.8369,0.5261,0.0508,3.01,2.59,-2.24
4.0424,0.8330,0.5275,0.0517,2.94,2.80,-2.87
4.0429,0.8316,0.5256,0.0517,2.80,2.73,-2.24
4.0435,0.8345,0.5256,0.0508,3.01,2.66,-2.59
4.0440,0.8359,0.5231,0.0522,2.87,2.66,-2.31
4.0445,0.8384,0.5212,0.0512,2.94,2.59,-2.87
4.0451,0.8389,0.5236,0.0532,3.01,2.45,-2.03
4.0456,0.8374,0.5261,0.0527,3.08,2.45,-2.66
4.0462,0.8355,0.5241,0.0473,3.29,2.59,-1.96
4.0467,0.8364,0.5270,0.0488,2.52,2.66,-2.80
4.0473,0.8389,0.5319,0.0508,3.50,2.24,-2.38
4.0478,0.8394,0.5266,0.0503,2.45,2.38,-2.45
4.0484,0.8398,0.5226,0.0517,3.01,2.10,-2.17
4.0489,0.8384,0.5261,0.0527,2.73,2.66,-2.38
4.0495,0.8384,0.5285,0.0537,2.80,1.75,-2.24
4.0500,0.8389,0.5275,0.0532,2.59,2.59,-1.96
4.0506,0.8398,0.5295,0.0532,2.87,1.75,-2.38
4.0511,0.8408,0.5295,0.0522,2.73,2.17,-2.38
4.0516,0.8359,0.5280,0.0537,2.52,1.82,-2.17
4.0521,0.8340,0.5270,0.0566,2.73,2.03,-2.17
4.0526,0.8394,0.5266,0.0547,2.59,2.03,-2.17
4.0532,0.8418,0.5280,0.0527,2.87,2.17,-1.82
4.0537,0.8379,0.5275,0.0508,2.52,1.89,-1.96
4.0542,0.8364,0.5266,0.0532,2.73,1.75,-1.82
4.0547,0.8374,0.5251,0.0532,2.38,1.75,-2.17
4.0552,0.8364,0.5246,0.0512,2.73,1.89,-1.82
4.0557,0.8345,0.5256,0.0537,2.45,1.75,-1.96
4.0562,0.8345,0.5270,0.0503,2.24,1.54,-1.96
4.0567,0.8359,0.5280,0.0464,2.66,1.82,-1.82
4.0572,0.8374,0.5231,0.0522,2.24,1.26,-2.03
4.0577,0.8418,0.5207,0.0571,2.59,1.82,-1.96
4.0582,0.8438,0.5241,0.0542,2.31,1.47,-1.68
4.0588,0.8418,0.5226,0.0517,2.80,1.61,-2.10
4.0593,0.8447,0.5231,0.0551,2.52,1.47,-1.61
4.0598,0.8442,0.5256,0.0542,2.38,1.40,-1.61
4.0603,0.8418,0.5251,0.0512,2.24,1.40,-1.68
4.0608,0.8442,0.5222,0.0517,2.66,1.26,-1.89
4.0613,0.8438,0.5222,0.0522,2.24,1.05,-1.61
4.0619,0.8428,0.5236,0.0532,2.52,1.19,-1.47
4.0625,0.8442,0.5231,0.0527,2.59,0.98,-1.75
4.0631,0.8481,0.5231,0.0532,2.10,1.47,-0.84
4.0637,0.8496,0.5251,0.0542,2.66,0.91,-1.96
4.0643,0.8491,0.5251,0.0508,2.03,1.33,-1.12
4.0649,0.8472,0.5241,0.0508,2.59,0.63,-1.96
4.0655,0.8428,0.5261,0.0547,2.17,1.12,-1.05
4.0661,0.8398,0.5305,0.0561,2.24,0.98,-1.75
4.0667,0.8374,0.5300,0.0547,2.38,0.56,-1.12
4.0673,0.8398,0.5231,0.0537,2.17,1.05,-1.96
4.0680,0.8403,0.5236,0.0586,2.31,0.49,-1.33
4.0686,0.8374,0.5256,0.0600,2.17,1.12,-1.61
4.0692,0.8355,0.5251,0.0556,2.31,0.56,-0.91
4.0698,0.8359,0.5256,0.0503,2.45,0.70,-1.54
4.0704,0.8394,0.5266,0.0503,1.96,0.49,-1.54
4.0710,0.8428,0.5256,0.0532,2.52,1.05,-1.19
4.0716,0.8413,0.5212,0.0517,2.31,-0.14,-1.68
4.0722,0.8384,0.5256,0.0512,2.10,1.12,-0.77
4.0728,0.8384,0.5275,0.0537,2.24,-0.14,-1.68
4.0734,0.8379,0.5241,0.0532,2.38,0.98,-0.77
4.0744,0.8379,0.5270,0.0527,1.89,-0.28,-1.82
4.0754,0.8389,0.5300,0.0542,2.38,0.84,-0.35
4.0764,0.8384,0.5251,0.0542,1.82,-0.21,-1.61
4.0773,0.8403,0.5202,0.0547,2.38,0.56,-0.56
4.0783,0.8428,0.5226,0.0571,1.75,0.00,-1.47
4.0793,0.8418,0.5270,0.0581,2.52,0.42,-0.56
4.0803,0.8384,0.5261,0.0537,1.82,0.07,-1.61
4.0813,0.8394,0.5266,0.0556,1.75,0.56,-0.77
4.0823,0.8403,0.5246,0.0547,2.38,-0.35,-1.26
4.0833,0.8398,0.5251,0.0547,1.68,0.28,-0.35
4.0843,0.8403,0.5275,0.0508,2.31,0.07,-0.98
4.0852,0.8379,0.5280,0.0488,1.61,0.35,-0.28
4.0862,0.8345,0.5290,0.0542,2.59,-0.21,-0.70
4.0872,0.8355,0.5339,0.0576,1.75,0.42,-0.14
4.0882,0.8384,0.5324,0.0551,2.24,-0.56,-0.77
4.0892,0.8403,0.5251,0.0532,2.03,0.14,0.00
4.0902,0.8379,0.5266,0.0537,1.82,0.00,-0.42
4.0912,0.8359,0.5275,0.0532,2.38,0.35,0.21
4.0922,0.8359,0.5261,0.0508,1.89,-0.07,-0.42
4.0931,0.8394,0.5295,0.0493,2.17,-0.28,0.00
4.0933,0.8374,0.5300,0.0547,1.68,0.21,0.00
4.0934,0.8320,0.5285,0.0556,2.24,-0.63,0.49
4.0935,0.8335,0.5270,0.0551,2.17,-0.14,-0.35
4.0936,0.8306,0.5270,0.0566,2.17,-0.28,0.63
4.0937,0.8311,0.5285,0.0532,1.96,0.35,0.07
4.0939,0.8374,0.5270,0.0527,2.17,-0.21,0.56
4.0940,0.8384,0.5251,0.0542,2.38,0.56,0.70
4.0941,0.8369,0.5251,0.0556,2.38,0.49,0.77
4.0942,0.8428,0.5266,0.0522,2.03,-0.35,0.56
4.0944,0.8398,0.5300,0.0517,1.89,0.84,1.19
4.0945,0.8364,0.5295,0.0551,1.96,-0.14,0.07
4.0946,0.8384,0.5324,0.0566,2.24,0.49,1.40
4.0947,0.8418,0.5280,0.0551,1.96,-0.14,0.42
4.0948,0.8359,0.5256,0.0537,2.24,0.28,1.75
4.0950,0.8330,0.5309,0.0537,1.82,0.07,0.14
4.0951,0.8394,0.5295,0.0537,2.10,0.56,2.10
4.0952,0.8413,0.5305,0.0527,2.10,0.00,0.14
4.0953,0.8359,0.5280,0.0508,2.10,0.21,1.96
4.0954,0.8369,0.5251,0.0493,1.82,0.21,0.63
4.0956,0.8408,0.5275,0.0503,2.03,0.28,1.68
