time_s,ax_g,ay_g,az_g,gx_dps,gy_dps,gz_dps
0.0011,-0.2811,0.9784,0.0527,-0.14,-5.25,0.63
0.0021,-0.2816,0.9780,0.0537,-0.07,-6.02,0.21
0.0032,-0.2816,0.9755,0.0547,-0.14,-5.11,0.91
0.0042,-0.2821,0.9765,0.0517,0.07,-5.25,0.77
0.0053,-0.2821,0.9780,0.0522,-0.28,-5.81,0.21
0.0063,-0.2826,0.9784,0.0571,0.14,-4.90,1.19
0.0074,-0.2840,0.9780,0.0556,-0.14,-5.88,-0.28
0.0084,-0.2821,0.9784,0.0547,0.35,-5.25,0.84
0.0095,-0.2821,0.9794,0.0551,-0.14,-5.39,0.07
0.0106,-0.2835,0.9814,0.0532,0.14,-5.04,0.98
0.0116,-0.2821,0.9833,0.0547,0.07,-5.67,-0.35
0.0127,-0.2806,0.9828,0.0571,0.21,-4.90,0.84
0.0137,-0.2821,0.9804,0.0527,0.21,-5.18,0.14
0.0148,-0.2860,0.9780,0.0493,0.42,-5.32,0.28
0.0158,-0.2879,0.9784,0.0517,0.00,-5.11,0.35
0.0169,-0.2869,0.9780,0.0542,0.21,-5.25,0.07
0.0179,-0.2865,0.9765,0.0547,0.35,-5.25,0.70
0.0190,-0.2845,0.9755,0.0556,0.28,-5.25,-0.35
0.0200,-0.2821,0.9750,0.0600,0.56,-4.62,0.77
0.0211,-0.2811,0.9745,0.0595,0.07,-5.46,-0.28
0.0215,-0.2796,0.9755,0.0508,0.77,-4.90,0.63
0.0219,-0.2806,0.9731,0.0517,1.19,-4.76,1.05
0.0222,-0.2806,0.9750,0.0527,0.28,-5.04,-0.42
0.0226,-0.2806,0.9794,0.0551,0.84,-4.62,1.26
0.0230,-0.2830,0.9794,0.0551,0.42,-4.76,-0.56
0.0234,-0.2816,0.9794,0.0571,0.70,-4.83,1.05
0.0238,-0.2777,0.9833,0.0571,0.63,-4.83,-0.21
0.0241,-0.2796,0.9804,0.0532,0.98,-4.83,0.98
0.0245,-0.2791,0.9736,0.0522,0.70,-4.90,0.21
0.0249,-0.2728,0.9736,0.0532,0.56,-4.83,0.63
0.0253,-0.2713,0.9731,0.0508,0.98,-4.34,0.91
0.0256,-0.2708,0.9740,0.0532,0.84,-5.04,0.35
0.0260,-0.2752,0.9770,0.0586,1.05,-4.06,1.33
0.0264,-0.2796,0.9760,0.0605,0.70,-4.69,0.21
0.0268,-0.2767,0.9731,0.0576,1.26,-4.06,1.61
0.0272,-0.2772,0.9726,0.0537,0.70,-4.62,0.35
0.0275,-0.2786,0.9750,0.0581,1.33,-4.27,2.10
0.0279,-0.2796,0.9765,0.0615,0.49,-4.55,0.35
0.0283,-0.2826,0.9780,0.0581,1.19,-4.55,2.24
0.0287,-0.2782,0.9760,0.0547,0.77,-4.27,0.56
0.0293,-0.2708,0.9736,0.0522,1.47,-4.55,2.17
0.0299,-0.2728,0.9765,0.0551,0.98,-4.34,0.28
0.0305,-0.2752,0.9784,0.0571,1.47,-4.34,2.80
0.0311,-0.2767,0.9765,0.0537,1.05,-4.13,0.70
0.0318,-0.2772,0.9731,0.0542,1.47,-4.27,2.66
0.0324,-0.2752,0.9716,0.0566,1.33,-4.20,1.19
0.0330,-0.2713,0.9706,0.0547,1.40,-4.62,2.73
0.0336,-0.2689,0.9687,0.0522,1.33,-3.78,1.61
0.0342,-0.2699,0.9692,0.0517,1.47,-4.83,2.31
0.0349,-0.2684,0.9667,0.0532,1.12,-3.99,2.38
0.0355,-0.2684,0.9623,0.0532,1.61,-4.20,2.31
0.0361,-0.2704,0.9648,0.0537,1.33,-4.20,2.87
0.0367,-0.2684,0.9692,0.0561,1.68,-4.97,2.03
0.0373,-0.2669,0.9706,0.0571,1.54,-3.99,3.57
0.0379,-0.2635,0.9701,0.0551,1.75,-4.48,2.17
0.0386,-0.2635,0.9667,0.0527,1.61,-4.13,3.57
0.0392,-0.2684,0.9672,0.0542,1.40,-4.41,2.24
0.0398,-0.2611,0.9648,0.0551,1.68,-4.34,2.66
0.0404,-0.2611,0.9662,0.0566,1.89,-4.62,3.78
0.0410,-0.2601,0.9721,0.0615,1.40,-4.13,2.94
0.0416,-0.2625,0.9750,0.0600,1.89,-4.48,3.99
0.0421,-0.2606,0.9740,0.0551,1.33,-4.48,3.36
0.0426,-0.2621,0.9731,0.0556,2.10,-4.69,3.99
0.0432,-0.2625,0.9731,0.0566,1.47,-4.27,3.92
0.0437,-0.2586,0.9706,0.0551,2.31,-4.41,4.20
0.0443,-0.2591,0.9706,0.0488,1.54,-4.34,4.34
0.0448,-0.2640,0.9711,0.0464,2.45,-4.48,4.34
0.0453,-0.2621,0.9692,0.0517,1.68,-4.76,4.62
0.0459,-0.2596,0.9697,0.0512,2.24,-4.69,4.34
0.0464,-0.2596,0.9701,0.0517,1.89,-4.69,5.11
0.0469,-0.2582,0.9706,0.0542,2.17,-4.69,4.55
0.0475,-0.2577,0.9687,0.0532,2.31,-4.69,5.11
0.0480,-0.2606,0.9667,0.0537,1.82,-4.69,4.76
0.0486,-0.2621,0.9682,0.0488,2.52,-4.76,5.32
0.0491,-0.2621,0.9682,0.0444,1.61,-4.90,4.83
0.0496,-0.2645,0.9648,0.0503,2.66,-4.62,5.46
0.0502,-0.2616,0.9643,0.0483,2.17,-5.04,5.25
0.0507,-0.2557,0.9648,0.0483,2.38,-5.11,5.32
0.0512,-0.2557,0.9618,0.0498,2.10,-4.97,5.32
0.0518,-0.2557,0.9623,0.0493,2.45,-5.25,5.53
0.0523,-0.2542,0.9682,0.0493,1.89,-4.83,5.81
0.0529,-0.2567,0.9716,0.0498,2.31,-5.04,5.60
0.0534,-0.2572,0.9692,0.0483,2.31,-5.11,5.88
0.0539,-0.2596,0.9658,0.0532,2.17,-5.11,5.53
0.0545,-0.2601,0.9618,0.0542,2.38,-5.11,6.23
0.0550,-0.2596,0.9584,0.0498,2.52,-5.39,5.46
0.0556,-0.2606,0.9599,0.0459,2.31,-5.32,6.16
0.0561,-0.2606,0.9609,0.0459,2.31,-5.11,5.46
0.0566,-0.2591,0.9609,0.0429,2.45,-5.25,6.30
0.0572,-0.2586,0.9614,0.0459,2.17,-5.18,5.74
0.0577,-0.2611,0.9628,0.0527,2.73,-5.39,6.23
0.0583,-0.2582,0.9643,0.0488,2.10,-5.39,5.46
0.0588,-0.2567,0.9623,0.0473,2.66,-5.25,6.02
0.0593,-0.2582,0.9609,0.0517,2.17,-5.53,5.67
0.0599,-0.2596,0.9594,0.0542,2.87,-5.04,6.16
0.0604,-0.2630,0.9604,0.0478,2.45,-5.67,5.67
0.0610,-0.2601,0.9614,0.0454,2.80,-5.25,5.95
0.0615,-0.2630,0.9609,0.0468,2.80,-5.60,5.74
0.0620,-0.2635,0.9589,0.0478,2.45,-5.25,6.02
0.0626,-0.2635,0.9575,0.0503,2.38,-5.74,5.67
0.0638,-0.2611,0.9560,0.0522,2.66,-5.04,5.74
0.0649,-0.2606,0.9555,0.0493,2.73,-5.95,5.04
0.0661,-0.2625,0.9570,0.0498,2.52,-5.04,5.74
0.0673,-0.2645,0.9555,0.0503,2.45,-5.11,5.18
0.0685,-0.2611,0.9550,0.0473,2.31,-4.90,5.74
0.0697,-0.2596,0.9570,0.0503,2.66,-5.53,5.11
0.0708,-0.2640,0.9531,0.0522,2.38,-5.39,5.67
0.0720,-0.2635,0.9506,0.0483,2.73,-5.60,4.76
0.0732,-0.2650,0.9545,0.0493,2.31,-5.53,5.25
0.0744,-0.2669,0.9570,0.0551,2.66,-5.32,4.83
0.0756,-0.2660,0.9584,0.0512,2.80,-5.39,4.97
0.0768,-0.2655,0.9614,0.0488,2.24,-5.25,4.83
0.0779,-0.2650,0.9614,0.0522,2.59,-5.46,4.83
0.0791,-0.2674,0.9609,0.0517,2.52,-5.88,4.27
0.0803,-0.2713,0.9614,0.0551,2.66,-4.90,4.83
0.0815,-0.2704,0.9550,0.0522,2.80,-5.32,4.06
0.0827,-0.2708,0.9545,0.0547,2.52,-5.18,4.27
0.0838,-0.2708,0.9555,0.0571,2.38,-4.76,4.34
0.0850,-0.2704,0.9560,0.0547,2.38,-5.74,3.85
0.0862,-0.2699,0.9555,0.0551,2.52,-5.04,4.06
0.0862,-0.2708,0.9565,0.0551,2.24,-5.46,3.92
0.0863,-0.2699,0.9550,0.0532,2.45,-5.25,3.50
0.0863,-0.2704,0.9540,0.0542,2.24,-5.32,3.64
0.0863,-0.2743,0.9555,0.0561,2.73,-5.25,3.29
0.0864,-0.2733,0.9560,0.0576,2.17,-4.62,3.57
0.0864,-0.2713,0.9589,0.0503,2.66,-5.46,3.22
0.0864,-0.2704,0.9550,0.0434,2.24,-4.62,3.36
0.0865,-0.2708,0.9501,0.0468,2.45,-5.60,2.31
0.0865,-0.2728,0.9516,0.0498,2.52,-4.55,3.01
0.0865,-0.2752,0.9545,0.0512,2.31,-5.11,2.52
0.0866,-0.2747,0.9540,0.0547,2.17,-4.48,3.01
0.0866,-0.2767,0.9545,0.0571,2.52,-5.46,1.89
0.0866,-0.2786,0.9526,0.0595,2.31,-4.41,2.87
0.0867,-0.2728,0.9448,0.0547,1.96,-5.04,2.10
0.0867,-0.2708,0.9443,0.0478,2.45,-4.55,2.10
0.0868,-0.2747,0.9462,0.0488,1.89,-4.83,1.96
0.0868,-0.2762,0.9472,0.0527,2.31,-4.06,2.52
0.0868,-0.2743,0.9457,0.0532,2.03,-4.83,1.82
0.0869,-0.2723,0.9457,0.0522,2.38,-4.20,2.52
0.0869,-0.2747,0.9457,0.0527,1.68,-4.69,1.68
0.0873,-0.2772,0.9467,0.0508,2.52,-3.99,2.31
0.0877,-0.2747,0.9487,0.0449,1.75,-4.97,1.89
0.0881,-0.2738,0.9457,0.0459,2.24,-3.78,2.73
0.0885,-0.2738,0.9438,0.0498,2.10,-4.69,1.54
0.0889,-0.2723,0.9423,0.0527,1.96,-3.85,2.59
0.0893,-0.2674,0.9414,0.0561,1.68,-4.48,1.40
0.0897,-0.2650,0.9428,0.0527,2.17,-3.71,2.73
0.0900,-0.2669,0.9472,0.0493,1.61,-4.48,1.19
0.0904,-0.2679,0.9492,0.0537,1.75,-4.20,2.17
0.0908,-0.2650,0.9448,0.0586,1.75,-3.71,2.24
0.0912,-0.2630,0.9418,0.0571,2.10,-4.41,1.68
0.0916,-0.2621,0.9467,0.0542,1.75,-3.57,2.24
0.0920,-0.2635,0.9492,0.0547,1.54,-4.34,1.33
0.0924,-0.2650,0.9492,0.0551,1.68,-4.27,1.61
0.0928,-0.2655,0.9506,0.0527,1.47,-3.64,1.82
0.0932,-0.2640,0.9521,0.0517,1.68,-3.99,1.54
0.0936,-0.2640,0.9521,0.0498,1.33,-3.50,1.61
0.0940,-0.2660,0.9516,0.0493,1.68,-3.85,1.33
0.0944,-0.2669,0.9506,0.0493,1.19,-3.71,1.12
0.0948,-0.2684,0.9516,0.0503,1.54,-3.99,1.54
0.0954,-0.2655,0.9550,0.0527,1.12,-3.22,1.12
0.0961,-0.2645,0.9536,0.0503,1.47,-4.20,1.12
0.0967,-0.2704,0.9516,0.0434,1.26,-3.22,1.05
0.0974,-0.2718,0.9492,0.0420,1.05,-3.71,1.05
0.0980,-0.2708,0.9477,0.0439,1.33,-2.94,0.98
0.0987,-0.2694,0.9511,0.0434,1.26,-4.06,0.63
0.0993,-0.2684,0.9531,0.0425,1.05,-3.08,0.77
0.1000,-0.2684,0.9511,0.0429,1.05,-3.78,0.49
0.1006,-0.2655,0.9511,0.0459,0.98,-3.29,1.40
0.1013,-0.2650,0.9492,0.0425,1.26,-3.78,0.28
0.1019,-0.2645,0.9506,0.0439,0.77,-3.29,0.14
0.1026,-0.2684,0.9477,0.0459,1.19,-2.87,1.19
0.1032,-0.2689,0.9472,0.0473,0.56,-3.22,0.49
0.1039,-0.2660,0.9482,0.0512,1.05,-3.36,0.77
0.1045,-0.2645,0.9457,0.0488,0.49,-2.80,0.56
0.1052,-0.2679,0.9462,0.0478,1.19,-3.64,0.63
0.1058,-0.2699,0.9482,0.0464,0.07,-2.87,0.77
0.1065,-0.2684,0.9521,0.0449,0.84,-3.36,0.21
0.1071,-0.2664,0.9526,0.0434,0.35,-2.66,1.12
0.1077,-0.2655,0.9536,0.0395,0.84,-3.36,0.07
0.1083,-0.2655,0.9536,0.0444,0.28,-2.59,0.98
0.1088,-0.2664,0.9536,0.0468,0.77,-3.22,0.35
0.1094,-0.2694,0.9570,0.0444,0.49,-3.22,0.98
0.1099,-0.2704,0.9560,0.0439,0.28,-2.87,0.21
0.1104,-0.2694,0.9565,0.0444,0.42,-2.94,1.05
0.1110,-0.2723,0.9570,0.0473,0.35,-3.01,0.49
0.1115,-0.2718,0.9575,0.0488,0.56,-2.52,1.33
0.1120,-0.2689,0.9604,0.0459,0.21,-3.15,0.21
0.1126,-0.2694,0.9609,0.0454,0.77,-2.94,0.91
0.1131,-0.2699,0.9609,0.0488,0.07,-2.73,0.07
0.1137,-0.2733,0.9623,0.0483,0.77,-2.10,1.40
0.1142,-0.2708,0.9628,0.0464,0.14,-2.87,0.07
0.1147,-0.2655,0.9643,0.0473,1.12,-2.80,0.84
0.1153,-0.2650,0.9682,0.0478,-0.07,-2.52,0.42
0.1158,-0.2640,0.9677,0.0439,0.56,-2.73,0.63
0.1163,-0.2655,0.9687,0.0425,0.07,-2.45,0.49
0.1169,-0.2669,0.9658,0.0444,0.35,-2.66,0.77
0.1174,-0.2674,0.9618,0.0444,0.63,-2.17,0.70
0.1180,-0.2689,0.9682,0.0449,0.49,-3.01,0.56
0.1185,-0.2684,0.9692,0.0459,0.49,-2.45,0.77
0.1190,-0.2713,0.9682,0.0464,0.35,-2.59,0.70
0.1196,-0.2723,0.9701,0.0468,0.56,-2.52,1.05
0.1201,-0.2699,0.9697,0.0444,0.42,-2.80,0.35
0.1207,-0.2699,0.9687,0.0449,0.84,-2.31,1.19
0.1212,-0.2689,0.9692,0.0459,0.28,-2.24,0.70
0.1218,-0.2674,0.9711,0.0425,0.84,-2.38,1.12
0.1223,-0.2674,0.9701,0.0434,0.21,-2.59,0.28
0.1229,-0.2669,0.9706,0.0439,0.84,-2.38,1.54
0.1234,-0.2674,0.9726,0.0415,0.14,-2.45,0.28
0.1240,-0.2689,0.9697,0.0410,0.91,-2.38,1.61
0.1245,-0.2694,0.9687,0.0405,0.28,-2.38,0.42
0.1250,-0.2669,0.9677,0.0405,1.12,-2.45,1.96
0.1256,-0.2621,0.9697,0.0429,0.42,-2.17,0.28
0.1261,-0.2635,0.9740,0.0454,0.91,-2.52,1.47
0.1267,-0.2689,0.9701,0.0449,0.98,-2.24,0.42
0.1272,-0.2679,0.9692,0.0439,0.84,-2.45,1.54
0.1278,-0.2694,0.9726,0.0483,0.56,-1.75,0.84
0.1283,-0.2699,0.9745,0.0488,1.05,-2.59,1.47
0.1289,-0.2684,0.9726,0.0439,0.98,-2.10,1.05
0.1294,-0.2674,0.9711,0.0454,0.70,-2.80,1.05
0.1300,-0.2704,0.9716,0.0444,0.77,-1.75,1.47
0.1307,-0.2699,0.9706,0.0381,0.91,-3.01,0.56
0.1313,-0.2679,0.9687,0.0390,0.98,-1.54,1.96
0.1319,-0.2689,0.9697,0.0439,1.12,-2.80,0.28
0.1325,-0.2669,0.9726,0.0434,1.33,-1.68,2.17
0.1332,-0.2650,0.9731,0.0444,0.84,-2.66,0.63
0.1338,-0.2689,0.9736,0.0454,0.70,-2.24,1.05
0.1344,-0.2708,0.9736,0.0429,1.26,-2.52,1.68
0.1350,-0.2708,0.9745,0.0444,1.05,-2.10,0.98
0.1357,-0.2694,0.9721,0.0449,1.33,-2.17,1.68
0.1363,-0.2718,0.9736,0.0449,0.98,-2.10,1.19
0.1369,-0.2733,0.9775,0.0444,1.33,-2.24,1.82
0.1376,-0.2699,0.9765,0.0473,1.33,-1.89,1.40
0.1382,-0.2694,0.9770,0.0493,1.54,-2.52,1.61
0.1388,-0.2704,0.9740,0.0498,1.54,-1.68,1.61
0.1394,-0.2723,0.9726,0.0483,1.47,-2.38,1.82
0.1401,-0.2704,0.9765,0.0468,1.47,-1.96,1.40
0.1407,-0.2689,0.9740,0.0434,1.40,-2.24,1.75
0.1413,-0.2699,0.9711,0.0420,1.54,-1.47,1.89
0.1419,-0.2694,0.9736,0.0449,1.19,-2.24,1.47
0.1424,-0.2704,0.9745,0.0459,1.75,-2.03,2.31
0.1429,-0.2684,0.9721,0.0468,1.33,-2.52,1.26
0.1434,-0.2660,0.9706,0.0473,1.68,-1.61,2.31
0.1440,-0.2625,0.9731,0.0464,1.33,-2.38,1.40
0.1445,-0.2655,0.9731,0.0503,1.82,-2.31,1.54
0.1450,-0.2660,0.9711,0.0478,1.54,-1.82,2.45
0.1455,-0.2694,0.9701,0.0454,1.89,-1.96,1.54
0.1460,-0.2699,0.9711,0.0454,1.82,-2.17,2.24
0.1465,-0.2694,0.9701,0.0478,1.61,-1.96,1.96
0.1470,-0.2684,0.9687,0.0459,1.89,-2.03,2.10
0.1475,-0.2655,0.9711,0.0425,1.40,-1.61,2.03
0.1480,-0.2674,0.9745,0.0454,1.82,-2.03,2.24
0.1485,-0.2674,0.9716,0.0488,1.68,-1.96,2.17
0.1490,-0.2640,0.9697,0.0468,1.96,-2.17,2.03
0.1495,-0.2664,0.9692,0.0454,1.40,-1.61,2.45
0.1500,-0.2689,0.9682,0.0517,2.17,-2.24,2.10
0.1505,-0.2684,0.9692,0.0512,1.68,-1.68,2.31
0.1510,-0.2674,0.9706,0.0464,1.82,-2.10,2.17
0.1515,-0.2655,0.9721,0.0464,1.89,-1.68,2.52
0.1520,-0.2664,0.9721,0.0478,2.10,-1.82,1.82
0.1526,-0.2660,0.9721,0.0508,1.89,-1.89,2.59
0.1531,-0.2650,0.9697,0.0508,1.61,-1.96,2.10
0.1537,-0.2664,0.9682,0.0493,2.31,-1.75,2.66
0.1543,-0.2684,0.9672,0.0468,1.89,-1.89,2.24
0.1548,-0.2708,0.9618,0.0444,2.10,-1.96,2.73
0.1554,-0.2718,0.9584,0.0464,2.03,-1.47,2.45
0.1560,-0.2738,0.9575,0.0478,2.03,-2.31,2.73
0.1565,-0.2782,0.9584,0.0473,1.68,-1.96,2.31
0.1571,-0.2767,0.9638,0.0454,1.89,-1.68,3.01
0.1577,-0.2718,0.9638,0.0464,1.54,-2.03,2.52
0.1582,-0.2689,0.9614,0.0439,1.82,-1.68,2.73
0.1588,-0.2669,0.9623,0.0410,1.68,-1.54,3.15
0.1594,-0.2689,0.9584,0.0444,2.03,-1.89,2.66
0.1599,-0.2669,0.9604,0.0512,1.68,-2.03,3.36
0.1605,-0.2669,0.9658,0.0537,2.10,-1.96,2.59
0.1611,-0.2684,0.9677,0.0512,1.82,-1.68,3.50
0.1616,-0.2650,0.9697,0.0522,1.89,-1.82,2.80
0.1622,-0.2645,0.9658,0.0532,1.75,-1.96,3.36
0.1627,-0.2669,0.9672,0.0512,1.54,-1.75,2.94
0.1633,-0.2674,0.9677,0.0522,1.82,-1.61,3.50
0.1645,-0.2699,0.9638,0.0571,1.61,-1.75,2.87
0.1657,-0.2733,0.9701,0.0571,1.54,-2.03,3.36
0.1668,-0.2699,0.9755,0.0566,1.47,-1.75,3.29
0.1680,-0.2713,0.9755,0.0571,1.75,-1.54,3.01
0.1692,-0.2752,0.9750,0.0547,1.54,-1.47,3.43
0.1703,-0.2743,0.9731,0.0551,1.54,-1.54,2.94
0.1715,-0.2762,0.9736,0.0508,1.33,-1.54,3.22
0.1727,-0.2772,0.9716,0.0503,1.75,-1.40,2.94
0.1738,-0.2767,0.9736,0.0508,1.40,-1.40,3.64
0.1750,-0.2791,0.9740,0.0508,1.68,-1.54,2.94
0.1762,-0.2811,0.9736,0.0527,1.33,-1.40,3.57
0.1773,-0.2816,0.9740,0.0532,1.61,-1.82,2.66
0.1785,-0.2786,0.9706,0.0532,1.61,-1.26,3.57
0.1797,-0.2743,0.9721,0.0527,1.40,-1.33,2.73
0.1809,-0.2767,0.9701,0.0508,1.47,-1.12,3.71
0.1820,-0.2816,0.9711,0.0498,1.47,-1.47,2.80
0.1832,-0.2801,0.9740,0.0498,1.54,-1.47,3.71
0.1844,-0.2786,0.9701,0.0517,1.54,-1.05,3.15
0.1855,-0.2801,0.9692,0.0551,1.89,-1.33,3.64
0.1867,-0.2791,0.9701,0.0527,1.19,-1.26,3.43
0.1873,-0.2796,0.9662,0.0483,1.33,-1.12,3.36
0.1878,-0.2801,0.9672,0.0498,1.68,-1.54,3.57
0.1884,-0.2757,0.9687,0.0493,1.33,-0.42,4.13
0.1890,-0.2757,0.9667,0.0503,1.54,-0.56,3.71
0.1895,-0.2816,0.9623,0.0483,1.19,-0.98,4.06
0.1901,-0.2855,0.9653,0.0483,1.12,-0.56,3.85
0.1907,-0.2865,0.9760,0.0517,1.19,-1.12,4.06
0.1912,-0.2816,0.9770,0.0498,1.12,-0.56,4.20
0.1918,-0.2767,0.9750,0.0498,1.40,-1.12,4.41
0.1924,-0.2723,0.9736,0.0522,1.19,-0.42,3.99
0.1929,-0.2699,0.9706,0.0590,1.05,-1.12,4.55
0.1935,-0.2718,0.9697,0.0615,1.26,-0.21,4.41
0.1941,-0.2713,0.9677,0.0566,0.91,-1.05,4.48
0.1946,-0.2684,0.9687,0.0551,1.33,-0.42,4.69
0.1952,-0.2650,0.9721,0.0556,1.12,-0.98,4.13
0.1958,-0.2655,0.9706,0.0595,0.91,0.07,5.04
0.1963,-0.2640,0.9706,0.0610,1.26,-0.98,4.06
0.1969,-0.2630,0.9716,0.0595,0.70,-0.21,4.83
0.1975,-0.2664,0.9721,0.0595,1.12,-0.35,4.55
0.1980,-0.2655,0.9750,0.0605,0.91,-0.28,4.55
0.1985,-0.2655,0.9740,0.0605,1.12,-0.35,4.62
0.1991,-0.2704,0.9731,0.0620,1.12,0.00,4.62
0.1996,-0.2713,0.9677,0.0625,0.42,-0.63,4.27
0.2001,-0.2728,0.9667,0.0586,0.70,-0.28,4.20
0.2006,-0.2738,0.9701,0.0595,0.35,-0.49,4.13
0.2011,-0.2723,0.9697,0.0630,0.70,-0.35,4.34
0.2016,-0.2738,0.9706,0.0639,0.56,-0.98,3.57
0.2021,-0.2772,0.9711,0.0615,0.42,0.00,4.34
0.2026,-0.2816,0.9697,0.0605,0.49,-0.49,3.78
0.2031,-0.2801,0.9687,0.0615,0.14,-0.14,4.41
0.2037,-0.2767,0.9682,0.0639,0.56,-0.28,3.71
0.2042,-0.2743,0.9667,0.0659,0.00,0.28,4.48
0.2047,-0.2762,0.9638,0.0654,0.42,-0.14,3.50
0.2052,-0.2796,0.9633,0.0683,-0.14,-0.07,4.41
0.2057,-0.2796,0.9638,0.0678,0.21,0.07,3.99
0.2062,-0.2796,0.9648,0.0669,0.07,0.00,3.85
0.2067,-0.2782,0.9614,0.0703,-0.07,0.07,3.71
0.2072,-0.2757,0.9628,0.0693,0.00,0.00,3.78
0.2078,-0.2762,0.9648,0.0673,0.21,0.42,4.20
0.2083,-0.2762,0.9667,0.0673,-0.28,0.42,4.27
0.2088,-0.2777,0.9672,0.0698,-0.49,-0.35,3.15
0.2094,-0.2752,0.9633,0.0756,-0.56,0.63,4.20
0.2100,-0.2757,0.9618,0.0761,-0.35,-0.14,3.15
0.2105,-0.2747,0.9643,0.0712,-0.77,0.70,4.20
0.2111,-0.2743,0.9662,0.0732,-0.84,0.42,3.43
0.2117,-0.2743,0.9648,0.0756,-0.56,0.70,3.85
0.2123,-0.2718,0.9648,0.0722,-1.12,0.77,3.57
0.2128,-0.2718,0.9628,0.0717,-0.63,-0.07,3.43
0.2134,-0.2723,0.9594,0.0761,-1.19,0.63,3.43
0.2140,-0.2733,0.9628,0.0781,-0.63,0.42,3.22
0.2145,-0.2708,0.9677,0.0800,-1.19,0.91,3.57
0.2151,-0.2674,0.9721,0.0800,-0.98,0.35,3.08
0.2157,-0.2704,0.9726,0.0791,-1.47,0.91,3.43
0.2162,-0.2752,0.9731,0.0810,-1.26,0.77,2.94
0.2168,-0.2738,0.9716,0.0810,-1.12,0.91,3.08
0.2174,-0.2743,0.9682,0.0810,-1.54,0.14,2.73
0.2180,-0.2723,0.9697,0.0830,-1.68,0.77,2.66
0.2185,-0.2704,0.9692,0.0810,-2.10,1.12,2.80
0.2191,-0.2762,0.9667,0.0810,-1.19,0.63,2.59
0.2197,-0.2777,0.9662,0.0849,-1.68,0.63,2.24
0.2202,-0.2762,0.9653,0.0825,-1.68,1.12,2.52
0.2208,-0.2767,0.9648,0.0805,-2.10,0.56,2.17
0.2214,-0.2786,0.9677,0.0810,-1.68,1.05,2.24
0.2220,-0.2801,0.9692,0.0800,-2.03,0.98,1.82
0.2225,-0.2782,0.9677,0.0830,-1.82,1.12,1.82
0.2231,-0.2752,0.9697,0.0815,-2.31,1.05,1.40
0.2237,-0.2782,0.9677,0.0820,-1.96,1.40,1.82
0.2243,-0.2811,0.9648,0.0844,-2.66,1.19,0.84
0.2248,-0.2772,0.9638,0.0859,-2.31,1.12,1.75
0.2254,-0.2728,0.9648,0.0888,-2.38,1.05,0.63
0.2260,-0.2733,0.9662,0.0864,-2.52,1.26,1.54
0.2266,-0.2752,0.9643,0.0854,-2.59,0.98,0.49
0.2271,-0.2767,0.9628,0.0859,-2.59,1.82,1.54
0.2277,-0.2791,0.9599,0.0869,-2.94,1.47,0.07
0.2283,-0.2791,0.9618,0.0878,-2.87,1.40,0.98
0.2289,-0.2777,0.9658,0.0878,-2.87,0.77,-0.21
0.2294,-0.2801,0.9614,0.0913,-2.94,1.47,0.63
0.2300,-0.2816,0.9570,0.0956,-3.50,1.19,-0.49
0.2306,-0.2786,0.9594,0.0952,-3.15,1.54,0.28
0.2312,-0.2801,0.9604,0.0903,-3.43,1.12,-0.49
0.2317,-0.2826,0.9609,0.0893,-3.43,1.47,-0.35
0.2323,-0.2811,0.9628,0.0903,-3.57,1.12,-0.70
0.2329,-0.2816,0.9604,0.0913,-3.43,1.61,-0.49
0.2334,-0.2786,0.9599,0.0922,-3.78,1.75,-0.35
0.2340,-0.2743,0.9623,0.0947,-3.78,1.47,-0.98
0.2346,-0.2743,0.9589,0.0961,-3.92,1.68,-0.56
0.2351,-0.2757,0.9599,0.0942,-4.27,1.47,-1.26
0.2357,-0.2786,0.9643,0.0952,-3.64,1.68,-0.98
0.2363,-0.2806,0.9638,0.0942,-4.20,1.61,-1.54
0.2368,-0.2806,0.9614,0.0956,-4.13,1.89,-1.05
0.2374,-0.2816,0.9633,0.0961,-4.55,1.40,-2.17
0.2380,-0.2801,0.9667,0.0917,-3.92,1.82,-1.19
0.2385,-0.2811,0.9638,0.0913,-4.62,1.54,-2.24
0.2391,-0.2801,0.9599,0.0942,-4.90,1.68,-2.17
0.2397,-0.2786,0.9579,0.0922,-4.62,2.31,-1.47
0.2402,-0.2791,0.9594,0.0937,-5.11,1.61,-2.59
0.2408,-0.2791,0.9648,0.0981,-4.76,1.89,-1.96
0.2414,-0.2806,0.9643,0.0981,-4.97,1.96,-2.94
0.2419,-0.2782,0.9643,0.0952,-4.83,2.24,-1.68
0.2425,-0.2743,0.9638,0.0932,-5.11,1.96,-2.59
0.2430,-0.2704,0.9609,0.0913,-4.97,1.75,-2.10
0.2436,-0.2718,0.9599,0.0932,-5.32,1.89,-2.52
0.2442,-0.2738,0.9609,0.0986,-5.32,1.89,-2.52
0.2447,-0.2679,0.9594,0.1039,-5.60,2.10,-2.52
0.2453,-0.2674,0.9609,0.1030,-5.67,1.96,-2.80
0.2458,-0.2704,0.9599,0.0961,-5.39,1.82,-2.24
0.2464,-0.2684,0.9555,0.0966,-5.81,1.82,-3.01
0.2469,-0.2640,0.9540,0.1005,-5.46,1.82,-2.66
0.2475,-0.2660,0.9545,0.1035,-5.81,2.03,-3.22
0.2480,-0.2689,0.9560,0.1044,-5.81,1.68,-2.38
0.2486,-0.2679,0.9594,0.0971,-6.16,1.96,-3.29
0.2491,-0.2679,0.9609,0.0932,-5.88,1.54,-2.73
0.2497,-0.2674,0.9599,0.0966,-5.95,1.61,-3.29
0.2502,-0.2660,0.9560,0.0947,-6.30,1.82,-3.01
0.2508,-0.2694,0.9531,0.0942,-6.51,1.47,-2.94
0.2513,-0.2733,0.9540,0.0937,-6.23,1.89,-2.87
0.2519,-0.2743,0.9594,0.0917,-6.37,1.47,-2.94
0.2524,-0.2704,0.9575,0.0942,-6.58,2.17,-2.52
0.2530,-0.2708,0.9506,0.0986,-6.44,1.33,-3.15
0.2535,-0.2718,0.9521,0.0956,-6.65,1.75,-2.38
0.2542,-0.2684,0.9531,0.0922,-6.72,1.82,-2.87
0.2548,-0.2669,0.9526,0.0927,-6.44,1.05,-2.52
0.2554,-0.2684,0.9526,0.0922,-6.86,1.96,-2.73
0.2561,-0.2635,0.9477,0.0927,-7.00,1.68,-2.10
0.2567,-0.2635,0.9457,0.0927,-7.07,1.47,-2.52
0.2573,-0.2655,0.9448,0.0922,-6.86,1.19,-2.38
0.2580,-0.2635,0.9448,0.0932,-7.07,1.68,-2.03
0.2586,-0.2645,0.9457,0.0922,-7.14,1.05,-2.03
0.2592,-0.2645,0.9433,0.0908,-7.00,1.54,-1.89
0.2598,-0.2684,0.9418,0.0932,-7.28,0.91,-1.75
0.2605,-0.2660,0.9423,0.0927,-7.07,1.54,-1.82
0.2611,-0.2635,0.9418,0.0913,-7.49,0.49,-1.68
0.2617,-0.2679,0.9394,0.0942,-7.14,1.75,-0.98
0.2624,-0.2645,0.9404,0.0942,-7.42,1.12,-1.19
0.2630,-0.2645,0.9404,0.0966,-7.49,1.05,-1.05
0.2636,-0.2621,0.9370,0.0956,-7.21,0.77,-1.12
0.2643,-0.2547,0.9355,0.0942,-7.77,1.05,-0.56
0.2649,-0.2557,0.9379,0.0927,-7.63,0.91,-0.70
0.2655,-0.2542,0.9379,0.0922,-7.56,1.05,-0.21
0.2661,-0.2484,0.9374,0.0966,-7.77,0.49,-0.77
0.2672,-0.2499,0.9370,0.0996,-7.56,0.63,0.14
0.2683,-0.2499,0.9350,0.0976,-8.05,0.21,-0.63
0.2694,-0.2503,0.9335,0.0952,-7.91,0.49,0.42
0.2705,-0.2523,0.9301,0.0986,-8.47,0.35,-0.21
0.2716,-0.2513,0.9243,0.0981,-7.56,0.21,0.70
0.2727,-0.2489,0.9223,0.0952,-8.68,0.21,-0.14
0.2738,-0.2469,0.9233,0.0976,-7.98,-0.07,1.19
0.2749,-0.2503,0.9223,0.0981,-8.61,0.42,0.00
0.2760,-0.2508,0.9184,0.0976,-8.05,-0.07,0.84
0.2771,-0.2494,0.9121,0.0956,-8.40,0.28,0.84
0.2782,-0.2523,0.9072,0.0956,-8.54,-0.70,0.77
0.2793,-0.2533,0.9038,0.0937,-8.68,-0.07,0.91
0.2803,-0.2499,0.9013,0.0917,-8.89,-0.63,0.84
0.2814,-0.2474,0.8945,0.0942,-8.54,-0.35,1.26
0.2825,-0.2460,0.8901,0.0913,-8.96,-0.84,1.05
0.2836,-0.2445,0.8852,0.0913,-9.03,-0.07,1.75
0.2847,-0.2411,0.8774,0.0932,-8.96,-0.77,1.33
0.2858,-0.2386,0.8740,0.0947,-9.03,-0.42,2.03
0.2869,-0.2406,0.8696,0.0961,-9.52,-1.19,1.54
0.2880,-0.2391,0.8657,0.0981,-9.17,-0.56,2.52
0.2880,-0.2386,0.8594,0.0986,-9.59,-1.33,1.68
0.2881,-0.2401,0.8555,0.0976,-9.73,-1.26,2.73
0.2881,-0.2401,0.8535,0.0976,-9.94,-1.05,2.10
0.2881,-0.2406,0.8486,0.0947,-9.80,-1.68,2.94
0.2882,-0.2367,0.8418,0.0966,-10.22,-1.40,2.24
0.2882,-0.2333,0.8350,0.0996,-10.36,-1.47,3.08
0.2883,-0.2372,0.8335,0.0996,-10.50,-1.54,2.24
0.2883,-0.2391,0.8335,0.1000,-10.57,-1.96,3.64
0.2883,-0.2386,0.8237,0.1083,-10.50,-1.68,2.52
0.2884,-0.2352,0.8184,0.1025,-11.13,-1.61,3.36
0.2884,-0.2328,0.8154,0.1035,-11.41,-2.24,3.08
0.2884,-0.2347,0.8130,0.1059,-11.48,-1.68,3.78
0.2885,-0.2396,0.8115,0.1064,-11.41,-2.31,2.94
0.2885,-0.2391,0.8052,0.1074,-11.76,-1.26,3.92
0.2886,-0.2372,0.8013,0.1054,-12.04,-2.52,2.87
0.2886,-0.2362,0.8003,0.1035,-11.83,-1.61,4.34
0.2886,-0.2377,0.7964,0.1030,-12.39,-2.38,2.73
0.2887,-0.2406,0.7935,0.1035,-12.11,-2.10,4.27
0.2887,-0.2386,0.7867,0.1054,-12.88,-2.80,2.66
0.2887,-0.2386,0.7837,0.1103,-12.67,-1.82,4.27
0.2892,-0.2381,0.7818,0.1059,-13.09,-2.73,2.94
0.2896,-0.2386,0.7754,0.1044,-12.95,-2.59,3.57
0.2901,-0.2406,0.7749,0.1083,-13.51,-2.24,3.43
0.2906,-0.2391,0.7710,0.1093,-13.16,-2.80,3.71
0.2910,-0.2377,0.7662,0.1093,-13.93,-2.94,3.15
0.2915,-0.2372,0.7637,0.1083,-14.00,-3.01,3.29
0.2919,-0.2347,0.7598,0.1074,-14.14,-2.17,3.71
0.2924,-0.2372,0.7574,0.1064,-14.42,-3.01,2.87
0.2928,-0.2381,0.7559,0.1064,-14.14,-2.24,4.27
0.2933,-0.2372,0.7559,0.1059,-14.98,-3.29,2.38
0.2937,-0.2352,0.7510,0.1064,-14.35,-2.59,4.13
0.2942,-0.2318,0.7505,0.1064,-15.19,-3.36,2.17
0.2947,-0.2347,0.7481,0.1078,-14.77,-2.52,4.20
0.2951,-0.2338,0.7442,0.1108,-15.61,-3.01,2.45
0.2956,-0.2284,0.7432,0.1108,-14.98,-2.87,3.85
0.2960,-0.2269,0.7427,0.1088,-16.03,-3.22,2.59
0.2965,-0.2294,0.7418,0.1103,-15.54,-3.15,3.71
0.2969,-0.2323,0.7393,0.1108,-16.24,-2.94,2.66
0.2974,-0.2313,0.7403,0.1083,-15.68,-3.43,3.22
0.2978,-0.2289,0.7403,0.1059,-16.66,-2.94,2.87
0.2984,-0.2250,0.7398,0.1039,-15.61,-3.50,3.08
0.2990,-0.2230,0.7379,0.1030,-16.66,-3.15,3.15
0.2996,-0.2216,0.7379,0.1005,-16.17,-3.43,2.94
0.3002,-0.2220,0.7383,0.1000,-16.87,-3.22,2.87
0.3008,-0.2216,0.7383,0.1005,-16.66,-3.43,2.94
0.3014,-0.2191,0.7393,0.0971,-16.38,-3.43,2.80
0.3020,-0.2206,0.7349,0.0917,-16.66,-3.36,2.94
0.3026,-0.2201,0.7364,0.0888,-16.87,-3.92,2.03
0.3032,-0.2196,0.7408,0.0878,-16.80,-2.31,3.99
0.3038,-0.2176,0.7403,0.0869,-17.36,-4.41,1.54
0.3044,-0.2108,0.7427,0.0854,-16.31,-3.29,3.43
0.3050,-0.2089,0.7466,0.0874,-17.71,-4.27,1.54
0.3055,-0.2108,0.7481,0.0854,-16.31,-3.43,2.94
0.3061,-0.2128,0.7505,0.0805,-17.43,-4.27,1.47
0.3067,-0.2108,0.7496,0.0830,-16.24,-3.99,2.59
0.3073,-0.2050,0.7486,0.0810,-17.22,-4.06,1.61
0.3079,-0.2020,0.7530,0.0800,-16.45,-4.41,2.31
0.3085,-0.2020,0.7564,0.0776,-17.22,-3.99,1.61
0.3091,-0.2035,0.7554,0.0722,-16.66,-4.97,2.17
0.3097,-0.2035,0.7549,0.0712,-16.52,-3.71,1.61
0.3102,-0.1986,0.7569,0.0683,-16.10,-5.39,1.61
0.3108,-0.1986,0.7603,0.0698,-16.10,-4.48,1.33
0.3113,-0.1996,0.7637,0.0708,-16.31,-5.11,1.75
0.3118,-0.1986,0.7676,0.0659,-16.10,-4.90,1.19
0.3123,-0.1972,0.7720,0.0620,-15.61,-5.18,1.33
0.3129,-0.1942,0.7725,0.0586,-15.75,-5.39,0.84
0.3134,-0.1932,0.7720,0.0551,-15.47,-4.97,1.33
0.3139,-0.1913,0.7745,0.0527,-15.12,-5.39,1.05
0.3145,-0.1859,0.7774,0.0493,-15.05,-4.97,1.19
0.3150,-0.1864,0.7730,0.0454,-15.05,-5.81,1.40
0.3155,-0.1859,0.7720,0.0473,-14.56,-5.60,1.26
0.3160,-0.1810,0.7769,0.0498,-14.21,-5.53,1.68
0.3166,-0.1815,0.7808,0.0429,-13.79,-5.95,1.19
0.3171,-0.1854,0.7823,0.0381,-13.79,-6.09,2.03
0.3176,-0.1874,0.7828,0.0371,-13.51,-5.88,1.54
0.3182,-0.1854,0.7881,0.0381,-12.74,-5.95,2.31
0.3187,-0.1830,0.7906,0.0386,-12.60,-5.95,1.68
0.3192,-0.1810,0.7867,0.0376,-12.18,-6.37,2.87
0.3197,-0.1830,0.7867,0.0390,-11.76,-6.30,2.31
0.3203,-0.1840,0.7901,0.0366,-11.41,-6.37,3.29
0.3214,-0.1825,0.7891,0.0322,-10.99,-6.37,3.22
0.3226,-0.1806,0.7906,0.0293,-9.80,-6.86,4.27
0.3238,-0.1786,0.7930,0.0244,-9.52,-6.72,4.69
0.3249,-0.1767,0.7896,0.0215,-8.19,-7.00,5.53
0.3261,-0.1762,0.7881,0.0195,-8.05,-6.93,6.72
0.3273,-0.1820,0.7935,0.0200,-7.84,-7.07,6.65
0.3284,-0.1830,0.7993,0.0200,-6.58,-7.00,7.98
0.3296,-0.1806,0.7979,0.0146,-6.65,-6.58,8.05
0.3308,-0.1820,0.8003,0.0102,-5.46,-6.79,9.66
0.3319,-0.1859,0.8013,0.0068,-5.25,-7.07,9.73
0.3331,-0.1859,0.7998,0.0049,-4.27,-6.86,11.27
0.3343,-0.1850,0.7993,0.0049,-3.64,-6.72,11.27
0.3354,-0.1889,0.7959,0.0020,-3.01,-6.93,12.95
0.3366,-0.1889,0.7954,-0.0039,-2.59,-6.93,13.16
0.3378,-0.1840,0.7989,-0.0039,-1.33,-6.86,14.77
0.3389,-0.1815,0.8013,-0.0029,-1.40,-6.79,15.26
0.3401,-0.1840,0.7989,-0.0049,-0.07,-7.07,16.17
0.3413,-0.1874,0.8023,-0.0093,0.35,-6.86,17.57
0.3424,-0.1859,0.8057,-0.0146,1.33,-7.42,17.92
0.3436,-0.1864,0.8028,-0.0161,2.03,-6.51,19.67
0.3442,-0.1815,0.8052,-0.0210,4.13,-6.16,22.05
0.3447,-0.1786,0.8057,-0.0244,4.69,-6.44,22.68
0.3453,-0.1840,0.8072,-0.0224,5.32,-5.95,24.01
0.3458,-0.1801,0.8086,-0.0224,6.09,-6.09,24.99
0.3464,-0.1786,0.8101,-0.0273,7.35,-6.16,26.04
0.3469,-0.1806,0.8115,-0.0307,7.98,-6.16,26.95
0.3475,-0.1781,0.8115,-0.0322,9.31,-6.30,28.35
0.3480,-0.1781,0.8096,-0.0361,9.73,-5.95,28.98
0.3486,-0.1737,0.8101,-0.0371,10.71,-6.30,31.01
0.3491,-0.1771,0.8159,-0.0371,11.83,-5.88,30.94
0.3497,-0.1791,0.8174,-0.0454,12.88,-5.81,33.32
0.3502,-0.1718,0.8150,-0.0459,13.72,-5.95,33.25
0.3508,-0.1728,0.8169,-0.0420,14.91,-5.88,35.35
0.3513,-0.1742,0.8174,-0.0468,15.75,-5.81,35.14
0.3519,-0.1732,0.8135,-0.0483,16.52,-5.46,37.80
0.3524,-0.1713,0.8135,-0.0483,17.99,-4.97,37.80
0.3530,-0.1698,0.8159,-0.0522,18.69,-5.46,38.99
0.3535,-0.1723,0.8159,-0.0595,19.95,-5.04,40.32
0.3541,-0.1747,0.8140,-0.0615,20.65,-5.11,41.51
0.3546,-0.1737,0.8115,-0.0595,22.05,-5.11,42.56
0.3552,-0.1762,0.8130,-0.0610,22.89,-4.83,43.47
0.3557,-0.1723,0.8111,-0.0669,25.34,-4.83,45.29
0.3563,-0.1708,0.8062,-0.0683,26.11,-4.62,46.97
0.3568,-0.1659,0.8028,-0.0678,27.37,-4.48,47.04
0.3574,-0.1649,0.8032,-0.0727,28.21,-4.41,49.00
0.3579,-0.1693,0.8023,-0.0766,29.61,-4.34,49.28
0.3584,-0.1713,0.7964,-0.0776,30.38,-4.55,50.75
0.3590,-0.1718,0.7950,-0.0756,31.64,-4.41,51.10
0.3595,-0.1732,0.7930,-0.0761,32.83,-3.99,52.92
0.3601,-0.1737,0.7867,-0.0810,34.02,-3.99,53.13
0.3606,-0.1737,0.7862,-0.0839,34.72,-3.57,54.60
0.3612,-0.1767,0.7832,-0.0834,36.05,-3.43,55.37
0.3617,-0.1732,0.7793,-0.0844,37.31,-3.50,56.35
0.3622,-0.1723,0.7749,-0.0864,38.36,-3.08,57.12
0.3628,-0.1747,0.7657,-0.0878,39.69,-3.57,57.75
0.3633,-0.1723,0.7608,-0.0869,40.39,-3.08,59.01
0.3639,-0.1713,0.7588,-0.0878,41.93,-3.01,59.29
0.3644,-0.1708,0.7574,-0.0883,42.49,-2.80,60.55
0.3649,-0.1728,0.7584,-0.0878,43.96,-3.08,60.27
0.3655,-0.1732,0.7559,-0.0917,44.80,-2.52,62.30
0.3667,-0.1737,0.7510,-0.0917,46.13,-1.82,62.16
0.3679,-0.1737,0.7471,-0.0927,46.76,-2.66,62.93
0.3691,-0.1698,0.7413,-0.0961,47.95,-2.10,63.00
0.3703,-0.1703,0.7364,-0.0913,49.07,-2.10,63.84
0.3714,-0.1708,0.7344,-0.0908,49.77,-1.47,64.26
0.3726,-0.1708,0.7296,-0.0986,51.38,-1.89,64.89
0.3738,-0.1728,0.7266,-0.1000,51.73,-0.91,65.24
0.3750,-0.1688,0.7232,-0.0986,53.20,-1.61,65.59
0.3762,-0.1703,0.7130,-0.1010,53.90,-1.05,66.22
0.3774,-0.1747,0.7076,-0.1030,55.23,-1.19,66.50
0.3786,-0.1752,0.7066,-0.1049,55.79,-0.91,66.78
0.3798,-0.1791,0.6988,-0.1074,57.12,-0.63,66.71
0.3810,-0.1791,0.6905,-0.1054,57.96,-0.56,67.27
0.3822,-0.1747,0.6861,-0.1064,58.87,-0.63,67.34
0.3834,-0.1737,0.6739,-0.1098,59.99,-0.35,67.83
0.3846,-0.1718,0.6661,-0.1078,60.83,0.35,67.97
0.3857,-0.1713,0.6627,-0.1078,61.95,-0.35,68.04
0.3869,-0.1752,0.6578,-0.1118,62.51,0.42,68.25
0.3881,-0.1747,0.6564,-0.1132,63.91,0.07,68.04
0.3893,-0.1713,0.6515,-0.1127,64.40,0.77,68.46
0.3894,-0.1698,0.6442,-0.1132,65.52,0.70,67.97
0.3894,-0.1698,0.6383,-0.1142,66.29,0.70,68.32
0.3894,-0.1723,0.6305,-0.1166,67.41,1.19,68.25
0.3895,-0.1684,0.6207,-0.1166,67.69,0.98,68.04
0.3895,-0.1659,0.6149,-0.1166,68.95,1.68,68.25
0.3895,-0.1674,0.6085,-0.1181,69.37,1.26,67.48
0.3896,-0.1654,0.6012,-0.1137,70.35,1.75,67.90
0.3896,-0.1635,0.5978,-0.1127,71.12,1.82,67.34
0.3897,-0.1571,0.5929,-0.1191,71.61,1.96,67.20
0.3897,-0.1508,0.5871,-0.1215,72.66,2.24,67.13
0.3897,-0.1498,0.5807,-0.1215,73.50,2.38,66.64
0.3898,-0.1537,0.5778,-0.1210,73.99,2.45,66.43
0.3898,-0.1601,0.5744,-0.1210,74.83,2.24,65.59
0.3899,-0.1615,0.5632,-0.1225,75.53,2.87,65.59
0.3899,-0.1610,0.5549,-0.1264,76.37,2.94,64.96
0.3899,-0.1615,0.5495,-0.1308,76.93,2.52,64.33
0.3900,-0.1615,0.5451,-0.1288,77.56,2.94,63.91
0.3900,-0.1620,0.5383,-0.1347,78.40,2.94,63.70
0.3900,-0.1718,0.5217,-0.1366,79.59,3.29,62.37
0.3901,-0.1698,0.5124,-0.1347,80.01,3.50,61.39
0.3906,-0.1625,0.5036,-0.1347,80.57,4.27,61.32
0.3910,-0.1581,0.4958,-0.1347,81.13,3.29,59.50
0.3915,-0.1591,0.4914,-0.1396,81.69,4.62,59.92
0.3920,-0.1610,0.4890,-0.1440,82.11,3.85,58.17
0.3925,-0.1630,0.4787,-0.1420,82.88,4.90,58.38
0.3929,-0.1615,0.4670,-0.1464,83.02,3.99,56.21
0.3934,-0.1562,0.4602,-0.1493,84.07,4.97,56.42
0.3939,-0.1542,0.4553,-0.1479,83.44,4.20,54.32
0.3943,-0.1566,0.4514,-0.1503,84.91,4.90,54.67
0.3948,-0.1547,0.4465,-0.1523,84.56,4.76,52.71
0.3953,-0.1527,0.4421,-0.1488,85.47,4.90,52.22
0.3958,-0.1523,0.4368,-0.1454,85.19,5.11,51.10
0.3962,-0.1518,0.4294,-0.1459,86.52,4.76,49.49
0.3967,-0.1498,0.4207,-0.1469,86.10,5.81,48.93
0.3972,-0.1488,0.4138,-0.1440,86.66,5.11,46.97
0.3977,-0.1484,0.4099,-0.1454,86.94,6.16,46.76
0.3981,-0.1493,0.4060,-0.1513,87.29,5.32,44.45
0.3986,-0.1474,0.4021,-0.1537,87.85,6.16,44.38
0.3991,-0.1440,0.3938,-0.1532,87.29,5.88,41.79
0.3995,-0.1430,0.3836,-0.1562,88.27,6.16,41.30
0.4001,-0.1391,0.3802,-0.1571,87.85,6.16,38.99
0.4007,-0.1347,0.3782,-0.1537,88.97,6.30,38.64
0.4012,-0.1298,0.3748,-0.1527,88.55,6.23,36.12
0.4018,-0.1279,0.3723,-0.1581,89.11,6.23,35.84
0.4024,-0.1259,0.3680,-0.1615,89.04,6.51,33.39
0.4029,-0.1288,0.3640,-0.1576,89.46,6.44,32.20
0.4035,-0.1318,0.3597,-0.1601,88.97,6.65,30.38
0.4041,-0.1313,0.3533,-0.1601,89.88,6.58,29.47
0.4047,-0.1313,0.3523,-0.1591,89.60,6.65,27.23
0.4052,-0.1288,0.3504,-0.1640,90.09,6.79,25.90
0.4058,-0.1274,0.3470,-0.1659,89.60,6.93,23.94
0.4064,-0.1274,0.3455,-0.1684,90.30,6.93,22.96
0.4069,-0.1298,0.3436,-0.1718,90.09,7.14,20.79
0.4075,-0.1308,0.3411,-0.1737,90.30,7.00,19.11
0.4081,-0.1303,0.3387,-0.1757,90.44,7.00,17.43
0.4086,-0.1313,0.3372,-0.1757,90.37,7.70,15.75
0.4092,-0.1318,0.3348,-0.1767,90.30,7.35,14.21
0.4098,-0.1303,0.3353,-0.1830,90.30,6.93,11.69
0.4103,-0.1288,0.3367,-0.1840,90.58,7.56,10.71
0.4109,-0.1303,0.3387,-0.1840,90.51,7.14,7.91
0.4115,-0.1322,0.3416,-0.1928,90.86,7.42,7.28
0.4121,-0.1313,0.3396,-0.1928,90.65,7.14,4.48
0.4127,-0.1298,0.3411,-0.1937,91.07,7.77,3.50
0.4134,-0.1264,0.3426,-0.1942,90.51,7.35,0.63
0.4140,-0.1254,0.3416,-0.2011,91.35,7.63,-0.21
0.4146,-0.1264,0.3436,-0.2025,90.72,7.49,-2.45
0.4152,-0.1254,0.3426,-0.2040,91.28,7.91,-4.34
0.4158,-0.1244,0.3426,-0.2079,91.07,7.42,-6.16
0.4164,-0.1205,0.3455,-0.2098,91.35,7.49,-8.40
0.4170,-0.1191,0.3499,-0.2133,90.93,7.28,-9.59
0.4176,-0.1161,0.3572,-0.2137,91.56,7.91,-11.76
0.4182,-0.1157,0.3621,-0.2181,91.42,7.49,-13.37
0.4189,-0.1157,0.3606,-0.2279,91.77,7.63,-15.54
0.4195,-0.1137,0.3621,-0.2318,91.21,7.14,-17.08
0.4201,-0.1122,0.3665,-0.2308,92.47,7.49,-19.32
0.4207,-0.1098,0.3709,-0.2303,91.63,7.63,-20.16
0.4213,-0.1093,0.3777,-0.2338,92.33,7.42,-22.89
0.4219,-0.1103,0.3811,-0.2411,92.26,7.35,-24.08
0.4225,-0.1044,0.3855,-0.2450,92.12,7.63,-26.32
0.4231,-0.1000,0.3899,-0.2474,92.68,7.49,-27.65
0.4236,-0.0996,0.3958,-0.2479,92.61,7.35,-29.33
0.4241,-0.0971,0.4046,-0.2538,92.82,7.42,-31.22
0.4246,-0.0956,0.4128,-0.2591,92.89,7.35,-32.90
0.4250,-0.0932,0.4143,-0.2582,93.17,7.14,-34.58
0.4255,-0.0937,0.4187,-0.2625,93.38,7.21,-35.91
0.4260,-0.0956,0.4319,-0.2684,93.73,7.00,-38.01
0.4265,-0.0966,0.4402,-0.2718,94.15,7.21,-38.92
0.4269,-0.0942,0.4446,-0.2752,94.29,6.79,-41.37
0.4274,-0.0942,0.4534,-0.2772,94.57,6.72,-42.21
0.4279,-0.0956,0.4602,-0.2840,94.64,6.79,-44.38
0.4284,-0.0932,0.4621,-0.2865,95.27,6.58,-45.22
0.4288,-0.0874,0.4724,-0.2948,95.20,6.72,-47.67
0.4293,-0.0830,0.4953,-0.3021,96.11,6.79,-50.05
0.4298,-0.0805,0.5046,-0.3065,96.25,6.02,-51.31
0.4302,-0.0805,0.5168,-0.3089,96.67,6.65,-52.71
0.4307,-0.0805,0.5300,-0.3099,97.51,5.81,-54.39
0.4312,-0.0854,0.5402,-0.3128,97.72,6.58,-55.23
0.4317,-0.0874,0.5505,-0.3162,98.35,5.32,-57.40
0.4321,-0.0864,0.5602,-0.3206,98.70,6.23,-57.61
0.4326,-0.0922,0.5690,-0.3279,99.40,5.46,-59.92
0.4332,-0.0971,0.5807,-0.3348,99.75,6.16,-59.99
0.4338,-0.1025,0.5973,-0.3396,100.24,5.25,-62.09
0.4344,-0.1074,0.6115,-0.3411,101.08,5.67,-62.37
0.4351,-0.1098,0.6232,-0.3431,101.15,5.74,-64.26
0.4357,-0.1083,0.6359,-0.3479,102.41,5.25,-64.54
0.4363,-0.1078,0.6456,-0.3528,102.62,5.60,-66.50
0.4369,-0.1132,0.6598,-0.3558,103.81,5.32,-66.50
0.4375,-0.1152,0.6764,-0.3587,103.95,4.97,-68.46
0.4381,-0.1186,0.6925,-0.3631,105.35,5.46,-68.67
0.4387,-0.1205,0.7076,-0.3684,105.49,4.90,-70.00
0.4393,-0.1200,0.7218,-0.3748,107.17,5.32,-70.63
0.4399,-0.1205,0.7383,-0.3748,107.17,5.25,-71.68
0.4405,-0.1220,0.7559,-0.3797,108.71,4.48,-72.59
0.4412,-0.1235,0.7706,-0.3850,108.78,5.67,-72.94
0.4418,-0.1244,0.7876,-0.3865,110.53,4.83,-74.27
0.4424,-0.1259,0.8067,-0.3904,111.02,4.76,-74.62
0.4430,-0.1313,0.8247,-0.3972,112.00,5.04,-76.02
0.4436,-0.1332,0.8433,-0.3997,113.12,5.11,-76.16
0.4442,-0.1318,0.8613,-0.4031,113.89,4.83,-77.63
0.4448,-0.1352,0.8784,-0.4094,115.29,4.69,-77.49
0.4454,-0.1391,0.8945,-0.4124,115.99,4.76,-78.82
0.4460,-0.1366,0.9082,-0.4133,117.67,4.13,-78.75
0.4465,-0.1357,0.9209,-0.4207,117.88,5.04,-79.73
0.4471,-0.1401,0.9409,-0.4260,119.91,4.20,-80.50
0.4477,-0.1425,0.9579,-0.4250,120.40,4.90,-80.99
0.4483,-0.1469,0.9711,-0.4319,122.08,4.20,-80.99
0.4488,-0.1513,0.9882,-0.4377,122.71,4.69,-81.69
0.4494,-0.1518,1.0028,-0.4382,124.67,4.06,-81.90
0.4500,-0.1581,1.0165,-0.4392,125.44,4.55,-82.53
0.4506,-0.1620,1.0311,-0.4436,126.63,4.20,-82.81
0.4512,-0.1601,1.0458,-0.4509,128.10,4.13,-83.09
0.4517,-0.1625,1.0580,-0.4538,129.15,4.48,-83.09
0.4523,-0.1654,1.0682,-0.4577,131.11,3.85,-83.65
0.4529,-0.1693,1.0838,-0.4631,131.74,4.41,-83.65
0.4535,-0.1708,1.1019,-0.4675,133.77,3.99,-83.93
0.4540,-0.1688,1.1146,-0.4685,134.26,4.41,-83.30
0.4546,-0.1669,1.1248,-0.4690,136.50,3.71,-84.07
0.4552,-0.1703,1.1356,-0.4709,137.83,4.27,-83.30
0.4558,-0.1767,1.1497,-0.4763,139.02,3.71,-83.86
0.4563,-0.1801,1.1614,-0.4787,140.63,4.06,-83.37
0.4568,-0.1830,1.1683,-0.4787,141.68,3.71,-83.09
0.4573,-0.1854,1.1805,-0.4821,143.50,4.06,-82.95
0.4579,-0.1879,1.1907,-0.4836,144.90,3.50,-82.74
0.4584,-0.1918,1.1985,-0.4846,146.44,4.06,-81.76
0.4589,-0.1918,1.2058,-0.4841,148.05,3.85,-81.48
0.4594,-0.1952,1.2132,-0.4817,149.45,3.92,-81.20
0.4599,-0.2006,1.2273,-0.4865,150.64,3.92,-80.50
0.4604,-0.2035,1.2356,-0.4924,152.81,3.92,-80.43
0.4609,-0.2089,1.2376,-0.4948,153.93,4.34,-79.03
0.4614,-0.2128,1.2444,-0.4958,155.68,3.64,-79.03
0.4619,-0.2147,1.2517,-0.4943,156.80,4.55,-77.84
0.4624,-0.2186,1.2576,-0.4943,158.55,3.78,-77.42
0.4629,-0.2255,1.2600,-0.4924,159.74,4.48,-76.23
0.4634,-0.2298,1.2634,-0.4900,161.56,4.27,-75.53
0.4639,-0.2323,1.2708,-0.4904,162.96,4.76,-74.48
0.4644,-0.2357,1.2732,-0.4929,164.08,4.06,-73.85
0.4649,-0.2357,1.2747,-0.4948,165.90,5.18,-72.17
0.4654,-0.2377,1.2766,-0.4948,167.51,4.27,-71.89
0.4659,-0.2420,1.2810,-0.4968,168.91,5.39,-70.00
0.4664,-0.2479,1.2830,-0.4982,169.89,4.41,-69.79
0.4676,-0.2499,1.2834,-0.4982,171.43,5.60,-67.76
0.4688,-0.2494,1.2834,-0.4973,172.76,4.76,-67.27
0.4701,-0.2552,1.2810,-0.4943,174.30,5.60,-65.59
0.4713,-0.2582,1.2830,-0.4909,175.35,5.11,-64.82
0.4725,-0.2635,1.2844,-0.4924,176.96,5.88,-63.21
0.4737,-0.2728,1.2864,-0.4968,178.22,5.67,-61.74
0.4750,-0.2757,1.2898,-0.4968,179.20,5.81,-60.76
0.4762,-0.2782,1.2912,-0.4919,180.67,6.09,-59.43
0.4774,-0.2889,1.2995,-0.4914,183.26,6.79,-56.28
0.4786,-0.2928,1.2981,-0.4929,183.75,5.74,-56.49
0.4799,-0.2996,1.3000,-0.4929,185.64,7.63,-53.34
0.4811,-0.3074,1.3025,-0.4904,186.69,6.23,-53.83
0.4823,-0.3109,1.3039,-0.4900,187.81,7.91,-50.19
0.4835,-0.3177,1.3049,-0.4890,188.44,6.58,-51.24
0.4848,-0.3260,1.3078,-0.4860,189.98,8.12,-47.53
0.4860,-0.3318,1.3093,-0.4846,190.96,7.14,-48.30
0.4872,-0.3353,1.3078,-0.4792,192.08,8.40,-45.50
0.4884,-0.3406,1.3049,-0.4734,192.64,7.77,-45.22
0.4897,-0.3484,1.3049,-0.4724,194.25,8.75,-42.63
0.4909,-0.3553,1.3049,-0.4724,194.60,8.54,-42.63
0.4909,-0.3582,1.3049,-0.4763,196.00,9.03,-40.67
0.4910,-0.3601,1.3064,-0.4778,196.21,9.24,-39.55
0.4910,-0.3660,1.3059,-0.4773,197.61,9.52,-38.22
0.4910,-0.3665,1.3049,-0.4758,198.17,9.87,-36.61
0.4911,-0.3694,1.3034,-0.4660,198.80,9.94,-35.56
0.4911,-0.3777,1.3034,-0.4612,199.85,10.71,-33.81
0.4911,-0.3811,1.3025,-0.4597,200.62,10.08,-33.32
0.4912,-0.3816,1.2981,-0.4568,201.60,11.90,-30.45
0.4912,-0.3797,1.2956,-0.4568,201.74,10.71,-31.22
0.4913,-0.3816,1.2917,-0.4577,202.93,12.04,-27.86
0.4913,-0.3870,1.2873,-0.4563,202.86,11.76,-28.77
0.4913,-0.3914,1.2878,-0.4514,204.12,12.67,-25.20
0.4914,-0.3938,1.2839,-0.4485,203.49,11.90,-26.32
0.4914,-0.3958,1.2786,-0.4514,205.24,13.23,-22.82
0.4914,-0.4011,1.2751,-0.4529,204.61,12.95,-23.31
0.4915,-0.4026,1.2678,-0.4470,206.29,13.37,-20.30
0.4915,-0.4060,1.2586,-0.4416,205.52,13.58,-20.72
0.4915,-0.4124,1.2537,-0.4407,206.50,14.14,-17.71
0.4916,-0.4138,1.2517,-0.4402,206.50,14.14,-17.85
0.4916,-0.4168,1.2483,-0.4431,206.85,14.84,-15.05
0.4921,-0.4187,1.2434,-0.4441,207.13,15.19,-15.12
0.4925,-0.4202,1.2381,-0.4407,207.48,15.19,-13.09
0.4930,-0.4260,1.2317,-0.4363,207.62,16.03,-11.76
0.4934,-0.4290,1.2229,-0.4348,207.62,15.89,-10.64
0.4939,-0.4387,1.2093,-0.4329,207.97,16.73,-8.82
0.4943,-0.4353,1.2039,-0.4358,207.97,17.15,-6.16
0.4948,-0.4407,1.1976,-0.4299,208.11,17.85,-3.08
0.4953,-0.4436,1.1932,-0.4275,207.55,17.85,-3.22
0.4957,-0.4416,1.1893,-0.4299,207.62,18.76,-0.56
0.4962,-0.4358,1.1844,-0.4275,207.34,18.90,-0.49
0.4966,-0.4392,1.1800,-0.4236,207.69,19.18,1.68
0.4971,-0.4421,1.1780,-0.4260,206.50,19.46,2.03
0.4975,-0.4416,1.1741,-0.4275,207.06,19.88,4.20
0.4980,-0.4421,1.1697,-0.4260,206.22,20.30,4.97
0.4984,-0.4416,1.1668,-0.4241,206.64,20.23,6.23
0.4989,-0.4397,1.1653,-0.4231,205.38,20.93,7.63
0.4994,-0.4382,1.1634,-0.4207,206.01,20.93,8.47
0.4998,-0.4407,1.1634,-0.4192,205.17,21.14,9.73
0.5003,-0.4421,1.1605,-0.4216,204.54,21.70,10.85
0.5007,-0.4421,1.1614,-0.4236,204.26,21.98,12.04
0.5016,-0.4441,1.1649,-0.4216,203.98,22.05,12.95
0.5025,-0.4490,1.1614,-0.4236,203.28,22.40,14.21
0.5034,-0.4553,1.1531,-0.4280,202.58,22.54,15.05
0.5043,-0.4656,1.1409,-0.4270,202.44,22.68,16.17
0.5052,-0.4641,1.1361,-0.4265,201.46,23.31,17.29
0.5061,-0.4548,1.1375,-0.4265,201.18,23.80,18.76
0.5070,-0.4538,1.1351,-0.4329,200.13,23.31,18.41
0.5079,-0.4465,1.1370,-0.4368,200.06,24.29,20.37
0.5087,-0.4382,1.1385,-0.4363,198.94,24.22,20.58
0.5096,-0.4363,1.1361,-0.4333,198.52,24.57,22.05
0.5105,-0.4329,1.1356,-0.4338,197.68,24.36,22.47
0.5114,-0.4265,1.1356,-0.4348,196.77,24.99,23.59
0.5123,-0.4226,1.1356,-0.4348,196.00,24.78,23.87
0.5132,-0.4187,1.1380,-0.4407,195.02,24.64,25.13
0.5141,-0.4177,1.1395,-0.4397,194.81,25.13,25.69
0.5150,-0.4202,1.1370,-0.4358,193.76,24.78,25.83
0.5159,-0.4202,1.1351,-0.4416,192.64,25.69,27.23
0.5168,-0.4211,1.1380,-0.4465,191.94,25.13,27.09
0.5177,-0.4231,1.1424,-0.4465,190.96,25.76,28.21
0.5185,-0.4221,1.1458,-0.4426,190.12,24.99,28.00
0.5194,-0.4197,1.1453,-0.4416,189.28,25.83,29.47
0.5202,-0.4221,1.1405,-0.4499,188.51,24.50,28.35
0.5210,-0.4280,1.1361,-0.4499,187.60,25.97,30.45
0.5219,-0.4314,1.1292,-0.4548,186.27,25.34,29.40
0.5227,-0.4309,1.1190,-0.4553,185.29,25.90,30.94
0.5235,-0.4333,1.1141,-0.4524,183.75,25.55,30.03
0.5244,-0.4329,1.1151,-0.4558,183.47,25.83,31.43
0.5252,-0.4226,1.1136,-0.4602,181.79,25.97,30.94
0.5260,-0.4133,1.1141,-0.4573,181.16,25.27,31.22
0.5269,-0.4075,1.1122,-0.4548,179.76,25.76,31.50
0.5277,-0.4011,1.1063,-0.4577,179.13,25.20,31.57
0.5285,-0.3977,1.1029,-0.4568,177.17,26.11,31.64
0.5294,-0.3987,1.1000,-0.4548,176.19,25.27,31.43
0.5302,-0.4006,1.1004,-0.4548,175.00,25.83,31.85
0.5310,-0.3997,1.1053,-0.4504,174.02,25.20,31.50
0.5319,-0.3967,1.1082,-0.4514,172.48,25.76,31.92
0.5327,-0.3919,1.1078,-0.4558,171.01,25.27,31.36
0.5335,-0.3904,1.1053,-0.4524,170.31,25.13,31.71
0.5344,-0.3914,1.1024,-0.4499,168.63,24.71,30.87
0.5352,-0.3914,1.1024,-0.4534,167.79,25.20,31.64
0.5357,-0.3972,1.1058,-0.4529,165.83,25.06,30.66
0.5363,-0.3943,1.1053,-0.4519,163.24,25.34,30.45
0.5368,-0.3938,1.1073,-0.4514,162.40,24.36,29.68
0.5374,-0.3972,1.1053,-0.4485,160.44,25.27,29.75
0.5379,-0.3982,1.1068,-0.4524,159.81,24.01,28.77
0.5384,-0.3987,1.1136,-0.4563,157.57,24.78,28.98
0.5390,-0.4041,1.1209,-0.4514,156.87,23.94,27.86
0.5395,-0.4094,1.1200,-0.4519,155.19,24.50,27.86
0.5401,-0.4138,1.1092,-0.4514,154.14,23.52,26.32
0.5406,-0.4158,1.0990,-0.4519,152.46,24.08,27.02
0.5411,-0.4168,1.0951,-0.4538,150.71,23.31,24.99
0.5417,-0.4153,1.0936,-0.4538,149.59,23.31,25.34
0.5422,-0.4060,1.0956,-0.4558,147.84,23.10,23.87
0.5428,-0.3987,1.1004,-0.4563,146.44,23.03,23.66
0.5433,-0.3924,1.1053,-0.4534,144.76,22.68,21.84
0.5438,-0.3860,1.1058,-0.4504,143.50,22.75,22.05
0.5444,-0.3826,1.1043,-0.4499,141.68,22.61,20.30
0.5449,-0.3811,1.1087,-0.4485,140.49,22.26,20.02
0.5455,-0.3748,1.1156,-0.4441,138.81,22.19,18.97
0.5460,-0.3699,1.1209,-0.4441,137.34,21.49,17.64
0.5466,-0.3665,1.1287,-0.4455,135.66,21.56,17.22
0.5472,-0.3577,1.1380,-0.4455,133.00,20.93,14.70
0.5478,-0.3543,1.1405,-0.4431,130.69,20.09,12.95
0.5483,-0.3562,1.1424,-0.4412,129.78,20.37,12.60
0.5489,-0.3558,1.1453,-0.4426,127.96,19.53,10.50
0.5495,-0.3553,1.1468,-0.4436,126.70,19.67,9.80
0.5501,-0.3592,1.1512,-0.4407,124.74,18.97,8.12
0.5507,-0.3577,1.1566,-0.4387,123.69,19.04,7.35
0.5513,-0.3533,1.1561,-0.4353,121.66,18.20,5.18
0.5519,-0.3514,1.1551,-0.4343,120.40,17.92,4.55
0.5524,-0.3528,1.1566,-0.4358,118.51,17.78,2.94
0.5530,-0.3548,1.1619,-0.4348,117.53,17.36,1.40
0.5536,-0.3528,1.1697,-0.4314,115.64,17.36,0.70
0.5542,-0.3504,1.1751,-0.4319,113.89,16.31,-1.61
0.5548,-0.3553,1.1800,-0.4309,112.63,16.66,-1.96
0.5554,-0.3621,1.1854,-0.4265,111.23,15.61,-4.34
0.5560,-0.3670,1.1888,-0.4275,109.55,15.75,-5.04
0.5565,-0.3753,1.1902,-0.4280,108.01,14.77,-6.93
0.5571,-0.3811,1.1863,-0.4250,106.96,14.77,-7.70
0.5577,-0.3845,1.1814,-0.4236,104.51,14.98,-9.45
0.5582,-0.3870,1.1824,-0.4236,103.25,14.56,-10.15
0.5588,-0.3870,1.1844,-0.4207,101.71,13.79,-12.39
0.5593,-0.3855,1.1858,-0.4163,99.96,13.72,-12.95
0.5598,-0.3797,1.1980,-0.4138,98.70,13.23,-14.70
0.5603,-0.3738,1.2093,-0.4094,97.30,13.09,-15.61
0.5609,-0.3670,1.2132,-0.4026,95.41,12.88,-16.94
0.5614,-0.3650,1.2200,-0.3977,94.01,12.25,-18.06
0.5619,-0.3660,1.2268,-0.3933,92.54,12.18,-19.04
0.5624,-0.3645,1.2366,-0.3884,91.21,11.06,-20.93
0.5630,-0.3640,1.2532,-0.3914,89.53,11.69,-21.42
0.5635,-0.3636,1.2654,-0.3919,87.92,10.64,-23.38
0.5640,-0.3655,1.2717,-0.3841,86.94,10.78,-23.52
0.5646,-0.3689,1.2790,-0.3806,85.05,9.80,-25.62
0.5651,-0.3680,1.2893,-0.3787,84.07,9.94,-25.97
0.5656,-0.3670,1.3010,-0.3748,82.53,9.24,-27.86
0.5661,-0.3709,1.3093,-0.3743,81.34,9.38,-28.14
0.5667,-0.3767,1.3186,-0.3782,79.66,8.82,-30.31
0.5672,-0.3782,1.3274,-0.3758,78.47,8.05,-30.66
0.5677,-0.3782,1.3366,-0.3719,77.00,8.33,-31.99
0.5682,-0.3811,1.3532,-0.3743,75.60,7.56,-32.76
0.5694,-0.3802,1.3679,-0.3748,74.62,7.35,-34.16
0.5706,-0.3772,1.3747,-0.3733,73.15,6.51,-35.00
0.5717,-0.3758,1.3840,-0.3733,72.17,7.14,-35.70
0.5729,-0.3806,1.3967,-0.3704,70.84,5.81,-37.10
0.5741,-0.3850,1.4098,-0.3719,69.58,6.23,-37.38
0.5752,-0.3875,1.4230,-0.3719,68.67,5.46,-39.13
0.5764,-0.3914,1.4362,-0.3743,67.55,5.53,-38.92
0.5776,-0.3953,1.4503,-0.3811,66.01,4.76,-40.88
0.5787,-0.4006,1.4586,-0.3831,65.24,4.55,-40.60
0.5799,-0.4036,1.4650,-0.3855,64.40,3.92,-42.63
0.5811,-0.4070,1.4699,-0.3811,63.42,3.99,-42.42
0.5822,-0.4075,1.4752,-0.3806,61.88,3.29,-43.75
0.5834,-0.4055,1.4874,-0.3845,61.32,2.73,-44.17
0.5846,-0.4041,1.5055,-0.3850,59.99,2.80,-45.71
0.5857,-0.3987,1.5206,-0.3875,59.36,2.31,-45.15
0.5869,-0.3889,1.5328,-0.3772,57.75,2.17,-46.83
0.5881,-0.3831,1.5518,-0.3772,56.42,1.19,-47.67
0.5892,-0.3841,1.5611,-0.3787,55.37,0.42,-48.16
0.5904,-0.3821,1.5728,-0.3802,54.46,0.63,-48.72
0.5916,-0.3811,1.5845,-0.3792,53.41,0.49,-49.14
0.5916,-0.3850,1.5977,-0.3758,52.85,-0.63,-49.63
0.5917,-0.3850,1.6084,-0.3723,52.22,-1.33,-50.47
0.5917,-0.3875,1.6128,-0.3680,51.10,-0.84,-49.91
0.5918,-0.3904,1.6167,-0.3709,50.54,-1.82,-51.10
0.5918,-0.3884,1.6236,-0.3709,49.56,-2.03,-50.61
0.5918,-0.3924,1.6289,-0.3645,48.93,-2.80,-51.94
0.5919,-0.3997,1.6368,-0.3650,48.09,-2.94,-51.17
0.5919,-0.4021,1.6499,-0.3684,47.53,-3.43,-52.01
0.5920,-0.4055,1.6621,-0.3704,46.48,-3.64,-51.80
0.5920,-0.4065,1.6699,-0.3680,45.85,-4.41,-52.15
0.5921,-0.4060,1.6773,-0.3689,45.15,-4.55,-51.87
0.5921,-0.4109,1.6846,-0.3655,44.52,-4.62,-51.94
0.5922,-0.4158,1.6895,-0.3655,43.96,-5.39,-52.01
0.5922,-0.4226,1.6934,-0.3719,43.12,-5.53,-51.80
0.5923,-0.4260,1.6997,-0.3592,42.63,-6.16,-51.66
0.5923,-0.4324,1.7104,-0.3577,41.86,-5.95,-51.45
0.5923,-0.4436,1.7270,-0.3601,40.46,-6.72,-51.10
0.5924,-0.4480,1.7334,-0.3597,40.18,-7.14,-50.33
0.5924,-0.4509,1.7407,-0.3587,39.13,-7.28,-50.47
0.5925,-0.4548,1.7446,-0.3582,39.27,-7.42,-49.21
0.5930,-0.4592,1.7490,-0.3567,38.22,-8.19,-49.00
0.5934,-0.4592,1.7553,-0.3562,37.87,-8.54,-48.51
0.5939,-0.4592,1.7612,-0.3504,37.31,-8.19,-47.04
0.5944,-0.4646,1.7690,-0.3484,36.54,-8.68,-46.62
0.5949,-0.4699,1.7744,-0.3450,35.91,-8.96,-46.20
0.5954,-0.4787,1.7749,-0.3367,35.49,-8.96,-44.45
0.5959,-0.4856,1.7710,-0.3299,35.14,-9.38,-44.10
0.5964,-0.4890,1.7685,-0.3270,34.44,-8.89,-42.42
0.5968,-0.4919,1.7705,-0.3265,33.81,-9.59,-41.65
0.5973,-0.4939,1.7768,-0.3221,33.39,-8.89,-39.83
0.5978,-0.4914,1.7871,-0.3172,32.69,-9.87,-39.41
0.5983,-0.4880,1.8007,-0.3084,32.34,-9.66,-37.80
0.5988,-0.4890,1.8076,-0.3021,31.78,-9.87,-36.47
0.5993,-0.4934,1.8183,-0.2977,31.01,-10.15,-33.39
0.5998,-0.4929,1.8266,-0.2913,30.45,-9.80,-31.78
0.6002,-0.4934,1.8334,-0.2913,29.89,-9.52,-30.31
0.6007,-0.4973,1.8432,-0.2899,29.19,-10.36,-29.05
0.6012,-0.5026,1.8544,-0.2816,29.05,-9.66,-26.53
0.6017,-0.5124,1.8642,-0.2757,28.28,-10.36,-26.11
0.6022,-0.5183,1.8715,-0.2757,28.28,-9.66,-23.17
0.6039,-0.5246,1.8764,-0.2796,27.37,-10.29,-23.10
0.6056,-0.5324,1.8788,-0.2772,27.30,-9.24,-19.67
0.6073,-0.5392,1.8837,-0.2747,26.95,-10.36,-19.60
0.6090,-0.5461,1.8954,-0.2738,26.53,-9.52,-16.17
0.6108,-0.5524,1.9076,-0.2723,26.18,-9.80,-15.82
0.6125,-0.5597,1.9198,-0.2772,25.97,-9.45,-12.67
0.6142,-0.5641,1.9315,-0.2757,25.20,-9.94,-12.39
0.6159,-0.5675,1.9408,-0.2708,25.20,-9.17,-9.24
0.6176,-0.5729,1.9476,-0.2728,24.57,-9.31,-8.89
0.6193,-0.5797,1.9583,-0.2762,24.71,-8.96,-5.67
0.6210,-0.5851,1.9720,-0.2757,24.01,-8.96,-5.25
0.6228,-0.5885,1.9871,-0.2762,23.59,-8.82,-2.52
0.6245,-0.5924,2.0023,-0.2801,23.52,-8.47,-1.40
0.6262,-0.5929,2.0164,-0.2811,23.24,-8.40,0.91
0.6279,-0.5983,2.0306,-0.2801,23.10,-7.84,2.45
0.6296,-0.6071,2.0467,-0.2811,22.82,-8.12,3.85
0.6313,-0.6076,2.0633,-0.2806,22.47,-7.14,5.95
0.6330,-0.6080,2.0760,-0.2801,22.47,-8.19,6.51
0.6348,-0.6124,2.0921,-0.2835,22.12,-6.72,9.38
0.6365,-0.6163,2.1067,-0.2869,21.91,-7.49,9.45
0.6365,-0.6198,2.1243,-0.2869,22.05,-6.23,12.46
0.6365,-0.6251,2.1467,-0.2826,21.49,-7.07,12.11
0.6366,-0.6339,2.1633,-0.2855,22.12,-6.02,15.61
0.6366,-0.6393,2.1745,-0.2908,20.86,-6.51,14.56
0.6367,-0.6398,2.1789,-0.2899,21.63,-5.81,17.78
0.6367,-0.6442,2.1897,-0.2908,20.72,-5.81,17.36
0.6367,-0.6417,2.2077,-0.2948,21.14,-5.67,19.60
0.6368,-0.6315,2.2267,-0.2982,20.44,-4.97,19.67
0.6368,-0.6222,2.2492,-0.3001,20.65,-5.18,21.70
0.6369,-0.6149,2.2687,-0.3016,20.51,-4.97,21.70
0.6369,-0.6076,2.2916,-0.3045,20.37,-4.34,23.94
0.6369,-0.6056,2.3058,-0.3099,19.74,-5.39,23.94
0.6370,-0.6007,2.3258,-0.3172,19.95,-3.85,25.69
0.6370,-0.6012,2.3434,-0.3231,19.74,-4.83,25.06
0.6370,-0.6046,2.3575,-0.3265,19.74,-3.50,27.44
0.6371,-0.6095,2.3736,-0.3289,19.39,-4.48,26.04
0.6371,-0.6105,2.3922,-0.3309,19.60,-3.57,28.42
0.6372,-0.6051,2.4097,-0.3338,19.11,-4.27,27.09
0.6372,-0.6046,2.4224,-0.3357,19.46,-3.85,28.84
0.6372,-0.6129,2.4293,-0.3440,18.34,-3.99,28.00
0.6373,-0.6198,2.4302,-0.3514,19.25,-3.99,29.82
0.6373,-0.6217,2.4278,-0.3518,18.06,-3.85,28.49
0.6373,-0.6188,2.4288,-0.3509,18.62,-3.71,30.66
0.6373,-0.6105,2.4366,-0.3558,17.36,-3.43,29.26
0.6374,-0.6051,2.4473,-0.3616,18.20,-3.57,31.01
0.6374,-0.5993,2.4561,-0.3645,16.73,-3.57,30.17
0.6374,-0.5905,2.4590,-0.3621,17.15,-3.99,31.92
0.6375,-0.5846,2.4600,-0.3606,16.17,-3.43,30.87
0.6375,-0.5812,2.4624,-0.3592,16.59,-3.71,32.27
0.6375,-0.5793,2.4634,-0.3562,15.47,-3.43,32.27
0.6375,-0.5763,2.4722,-0.3562,15.05,-3.85,32.55
0.6376,-0.5788,2.4805,-0.3533,14.49,-3.78,33.25
0.6376,-0.5797,2.4834,-0.3518,14.14,-3.36,33.53
0.6376,-0.5749,2.4864,-0.3504,13.58,-3.85,34.51
0.6377,-0.5680,2.4893,-0.3514,12.67,-3.43,34.23
0.6377,-0.5592,2.4927,-0.3548,12.32,-4.06,35.77
0.6377,-0.5514,2.5000,-0.3518,11.34,-3.50,35.07
0.6377,-0.5436,2.5054,-0.3523,11.06,-4.27,36.26
0.6378,-0.5348,2.5073,-0.3548,10.08,-3.71,35.84
0.6378,-0.5270,2.5147,-0.3626,9.17,-4.48,37.03
0.6382,-0.5202,2.5234,-0.3650,7.91,-3.64,36.75
0.6387,-0.5124,2.5293,-0.3640,7.70,-4.90,37.45
0.6391,-0.5061,2.5322,-0.3694,6.51,-4.34,37.24
0.6396,-0.4978,2.5356,-0.3733,5.60,-5.32,37.59
0.6400,-0.4860,2.5410,-0.3767,3.78,-4.55,37.59
0.6405,-0.4748,2.5459,-0.3831,3.36,-5.88,37.38
0.6409,-0.4651,2.5561,-0.3943,1.89,-5.32,37.73
0.6413,-0.4592,2.5713,-0.3992,1.19,-6.44,37.52
0.6418,-0.4548,2.5766,-0.4046,-0.77,-6.37,37.38
0.6422,-0.4534,2.5781,-0.4099,-1.68,-6.72,36.96
0.6427,-0.4485,2.5830,-0.4163,-2.87,-7.14,36.75
0.6431,-0.4436,2.5849,-0.4270,-4.34,-7.07,36.40
0.6435,-0.4382,2.5927,-0.4372,-6.02,-8.12,35.84
0.6440,-0.4265,2.6054,-0.4499,-7.63,-8.75,35.14
0.6444,-0.4172,2.6108,-0.4587,-9.10,-9.24,35.14
0.6449,-0.4089,2.6220,-0.4641,-10.78,-10.08,34.09
0.6453,-0.4006,2.6289,-0.4695,-12.32,-10.29,34.16
0.6458,-0.3904,2.6298,-0.4758,-14.00,-10.71,33.32
0.6462,-0.3826,2.6332,-0.4826,-15.40,-11.76,33.32
0.6466,-0.3753,2.6342,-0.4875,-17.50,-11.90,32.41
0.6472,-0.3660,2.6396,-0.4968,-19.18,-12.95,32.55
0.6478,-0.3616,2.6542,-0.5061,-21.35,-13.23,31.71
0.6484,-0.3626,2.6679,-0.5080,-22.61,-14.42,32.55
0.6490,-0.3636,2.6733,-0.5104,-25.27,-14.63,31.29
0.6496,-0.3680,2.6845,-0.5144,-26.53,-15.82,31.99
0.6501,-0.3714,2.6982,-0.5178,-28.84,-15.82,30.73
0.6507,-0.3670,2.7025,-0.5261,-30.52,-17.22,31.92
0.6513,-0.3655,2.7069,-0.5353,-32.69,-17.57,30.94
0.6519,-0.3675,2.7118,-0.5383,-34.86,-18.27,32.06
0.6525,-0.3684,2.7240,-0.5431,-36.89,-18.48,31.29
0.6531,-0.3689,2.7382,-0.5485,-38.85,-19.74,32.20
0.6536,-0.3675,2.7484,-0.5539,-40.88,-20.30,32.13
0.6542,-0.3665,2.7538,-0.5627,-43.40,-21.28,32.55
0.6548,-0.3660,2.7509,-0.5671,-45.43,-21.63,33.25
0.6554,-0.3675,2.7596,-0.5705,-47.95,-22.40,33.46
0.6560,-0.3699,2.7753,-0.5778,-49.77,-22.96,34.44
0.6566,-0.3709,2.7836,-0.5836,-52.57,-23.87,34.58
0.6571,-0.3675,2.7953,-0.5880,-54.60,-24.99,35.56
0.6577,-0.3611,2.8070,-0.5954,-56.91,-25.34,35.98
0.6583,-0.3640,2.8153,-0.6017,-59.22,-26.32,37.45
0.6589,-0.3640,2.8211,-0.6080,-61.74,-27.16,37.38
0.6594,-0.3621,2.8265,-0.6183,-64.05,-27.72,39.48
0.6599,-0.3611,2.8338,-0.6227,-66.71,-28.77,39.48
0.6605,-0.3582,2.8387,-0.6246,-69.09,-29.26,41.44
0.6610,-0.3558,2.8416,-0.6285,-71.89,-29.96,42.14
0.6616,-0.3518,2.8450,-0.6295,-73.64,-31.08,43.89
0.6621,-0.3558,2.8509,-0.6320,-76.86,-31.71,44.80
0.6627,-0.3626,2.8582,-0.6349,-78.82,-32.62,46.97
0.6632,-0.3640,2.8660,-0.6359,-82.32,-33.04,47.95
0.6637,-0.3675,2.8724,-0.6383,-83.93,-34.58,50.12
0.6643,-0.3762,2.8753,-0.6383,-87.36,-34.16,51.94
0.6648,-0.3850,2.8743,-0.6378,-89.46,-35.70,53.76
0.6654,-0.3948,2.8782,-0.6359,-92.47,-35.77,56.14
0.6659,-0.4099,2.8816,-0.6305,-94.57,-36.89,58.03
0.6665,-0.4216,2.8812,-0.6256,-97.79,-37.03,60.90
0.6670,-0.4333,2.8792,-0.6227,-100.31,-38.08,62.86
0.6676,-0.4475,2.8763,-0.6188,-103.46,-38.15,66.43
0.6681,-0.4577,2.8768,-0.6129,-105.84,-38.64,68.95
0.6686,-0.4714,2.8738,-0.6056,-108.29,-38.78,71.96
0.6692,-0.4904,2.8709,-0.5998,-111.93,-39.34,74.90
0.6704,-0.5070,2.8709,-0.5866,-114.03,-39.55,78.54
0.6717,-0.5217,2.8690,-0.5866,-117.60,-39.83,81.41
0.6730,-0.5397,2.8660,-0.5846,-119.49,-39.69,86.03
0.6742,-0.5602,2.8616,-0.5783,-123.41,-39.97,88.90
0.6755,-0.5944,2.8450,-0.5641,-125.44,-40.11,93.73
0.6767,-0.6100,2.8387,-0.5563,-130.97,-39.83,101.92
0.6780,-0.6315,2.8343,-0.5519,-134.82,-39.76,104.93
0.6793,-0.6486,2.8289,-0.5490,-137.27,-39.48,110.53
0.6805,-0.6622,2.8255,-0.5475,-140.77,-38.64,114.31
0.6818,-0.6803,2.8206,-0.5466,-143.22,-39.20,119.35
0.6830,-0.6969,2.8075,-0.5417,-146.37,-38.08,123.90
0.6843,-0.7159,2.8016,-0.5383,-149.31,-38.08,128.80
0.6855,-0.7340,2.7958,-0.5324,-152.25,-37.31,133.49
0.6868,-0.7471,2.7918,-0.5236,-155.19,-36.61,138.60
0.6881,-0.7603,2.7845,-0.5217,-158.13,-36.26,143.43
0.6893,-0.7725,2.7762,-0.5226,-160.93,-35.77,149.10
0.6906,-0.7876,2.7684,-0.5187,-164.08,-34.65,153.93
0.6918,-0.7993,2.7572,-0.5134,-167.02,-34.02,158.83
0.6931,-0.8081,2.7470,-0.5124,-169.54,-33.18,164.43
0.6944,-0.8247,2.7357,-0.5109,-173.04,-31.92,169.19
0.6944,-0.8403,2.7274,-0.5109,-175.70,-30.73,174.79
0.6944,-0.8530,2.7211,-0.5104,-178.64,-30.24,179.41
0.6945,-0.8652,2.7157,-0.5051,-181.44,-29.12,185.22
0.6945,-0.8774,2.7084,-0.5080,-184.24,-27.37,189.56
0.6945,-0.8867,2.6986,-0.5158,-187.04,-26.53,195.44
0.6946,-0.9048,2.6811,-0.5187,-192.71,-24.15,205.17
0.6946,-0.9160,2.6777,-0.5207,-195.79,-23.45,208.60
0.6946,-0.9267,2.6708,-0.5251,-198.31,-21.77,214.27
0.6947,-0.9374,2.6669,-0.5305,-201.53,-20.44,218.12
0.6947,-0.9418,2.6679,-0.5358,-203.77,-19.11,223.16
0.6947,-0.9443,2.6625,-0.5407,-206.78,-18.13,226.17
0.6948,-0.9545,2.6552,-0.5500,-209.23,-16.45,231.28
0.6948,-0.9677,2.6479,-0.5544,-212.31,-15.33,233.94
0.6948,-0.9721,2.6430,-0.5588,-214.06,-13.51,238.42
0.6949,-0.9740,2.6372,-0.5680,-217.21,-12.53,241.57
0.6949,-0.9780,2.6245,-0.5758,-219.45,-10.78,244.86
0.6949,-0.9784,2.6157,-0.5851,-222.39,-9.80,247.73
0.6950,-0.9780,2.6030,-0.5890,-224.98,-8.26,250.74
0.6950,-0.9833,2.5874,-0.5963,-227.71,-6.86,253.40
0.6950,-0.9882,2.5683,-0.6037,-229.67,-5.11,255.85
0.6961,-0.9892,2.5361,-0.6139,-232.40,-4.34,257.74
0.6971,-0.9911,2.5210,-0.6159,-237.44,-1.61,261.73
0.6981,-0.9902,2.5025,-0.6178,-239.75,0.07,262.29
0.6991,-0.9916,2.4776,-0.6237,-242.20,2.17,264.74
0.7002,-0.9970,2.4556,-0.6227,-244.72,2.38,264.25
0.7012,-0.9980,2.4298,-0.6202,-246.61,5.25,266.77
0.7022,-0.9965,2.3990,-0.6212,-249.69,5.53,265.72
0.7032,-0.9916,2.3707,-0.6237,-251.79,7.56,267.61
0.7043,-0.9892,2.3365,-0.6227,-254.80,7.98,266.00
0.7053,-0.9902,2.2999,-0.6159,-256.62,10.29,267.61
0.7063,-0.9838,2.2643,-0.6095,-259.98,10.78,265.79
0.7073,-0.9784,2.2214,-0.6007,-262.08,12.88,266.91
0.7084,-0.9726,2.1750,-0.5993,-265.16,13.79,265.09
0.7094,-0.9672,2.1311,-0.5988,-267.12,14.98,265.30
0.7104,-0.9628,2.0828,-0.5890,-270.20,16.24,263.41
0.7114,-0.9536,2.0306,-0.5788,-273.00,17.92,263.55
0.7124,-0.9448,1.9823,-0.5705,-275.80,18.69,261.59
0.7135,-0.9370,1.9320,-0.5641,-278.32,20.23,260.96
0.7145,-0.9282,1.8739,-0.5563,-281.54,21.56,259.21
0.7155,-0.9048,1.7558,-0.5358,-284.27,21.98,257.53
0.7160,-0.8950,1.6968,-0.5266,-290.43,24.43,254.24
0.7166,-0.8813,1.6377,-0.5168,-293.79,26.46,252.77
0.7171,-0.8628,1.5767,-0.5090,-296.87,27.30,250.60
0.7176,-0.8442,1.5230,-0.4968,-300.09,28.49,249.20
0.7182,-0.8291,1.4699,-0.4797,-303.66,29.05,246.26
0.7187,-0.8081,1.4162,-0.4724,-306.46,30.45,244.86
0.7192,-0.7901,1.3644,-0.4636,-310.31,30.80,241.78
0.7198,-0.7788,1.3059,-0.4504,-313.74,32.41,240.17
0.7203,-0.7593,1.2512,-0.4407,-317.45,32.97,237.02
0.7208,-0.7427,1.1966,-0.4265,-320.67,33.95,234.85
0.7214,-0.7281,1.1400,-0.4138,-324.66,35.00,231.98
0.7219,-0.7120,1.0863,-0.4065,-328.16,35.14,229.39
0.7224,-0.6993,1.0297,-0.3943,-331.94,36.26,226.24
0.7230,-0.6832,0.9711,-0.3821,-335.51,36.89,223.58
0.7235,-0.6671,0.9170,-0.3709,-339.64,37.52,220.29
0.7240,-0.6534,0.8603,-0.3636,-343.49,38.15,216.93
0.7246,-0.6422,0.7969,-0.3562,-347.62,38.43,214.06
0.7251,-0.6276,0.7315,-0.3455,-350.91,39.06,210.42
0.7256,-0.6090,0.6647,-0.3353,-355.39,39.41,207.27
0.7261,-0.5924,0.6007,-0.3231,-359.31,40.25,203.91
0.7267,-0.5729,0.5397,-0.3094,-363.86,40.46,200.34
0.7272,-0.5549,0.4826,-0.2977,-367.71,40.81,196.70
0.7278,-0.5392,0.4226,-0.2904,-372.26,41.09,193.41
0.7283,-0.5226,0.3518,-0.2821,-376.04,41.30,189.28
0.7288,-0.5036,0.2821,-0.2669,-380.59,41.58,185.92
0.7294,-0.4821,0.2167,-0.2489,-385.28,41.72,181.93
0.7299,-0.4646,0.1513,-0.2352,-389.62,41.44,178.08
0.7304,-0.4509,0.0883,-0.2196,-394.03,41.86,174.44
0.7310,-0.4368,0.0264,-0.2011,-398.58,41.79,170.10
0.7315,-0.4202,-0.0371,-0.1864,-403.13,42.07,166.60
0.7321,-0.4011,-0.0981,-0.1728,-407.40,41.51,162.12
0.7326,-0.3870,-0.1581,-0.1571,-412.37,41.44,158.41
0.7331,-0.3733,-0.2211,-0.1376,-416.85,41.44,153.93
0.7337,-0.3470,-0.2743,-0.1205,-421.75,41.16,149.94
0.7342,-0.3211,-0.3187,-0.1059,-426.02,40.95,145.46
0.7347,-0.3001,-0.3694,-0.0898,-430.85,40.39,141.89
0.7353,-0.2704,-0.4753,-0.0590,-435.54,40.39,136.71
0.7358,-0.2523,-0.5309,-0.0425,-444.50,39.13,128.10
0.7364,-0.2313,-0.5807,-0.0229,-449.47,38.92,124.39
0.7369,-0.2133,-0.6251,-0.0039,-454.16,38.08,119.77
0.7375,-0.1962,-0.6651,0.0122,-458.78,37.73,115.50
0.7381,-0.1991,-1.1761,-0.0098,-463.26,36.75,111.16
0.7387,-1.4908,3.4302,1.8900,-468.72,35.63,108.01
0.7393,2.5230,0.7666,-1.1307,-520.24,10.36,91.84
0.7399,-2.8753,4.4964,-3.5429,-203.28,94.08,116.69
0.7405,-2.7348,0.2142,-2.0662,-838.18,-78.12,-149.52
0.7411,2.2331,-5.8516,3.2857,697.06,253.75,307.65
0.7417,0.1464,-0.8013,-0.6090,-1048.04,-203.28,-260.54
0.7423,2.0935,-9.9298,0.2425,571.20,297.01,489.86
0.7429,-0.2450,-7.2273,4.3242,-991.34,-207.97,-394.94
0.7435,-0.7330,2.2141,-0.2128,-75.53,241.08,623.98
0.7441,-1.0189,3.0827,-0.8760,-618.45,-167.65,-612.15
0.7447,-0.1074,-0.0434,0.7910,-378.49,219.10,775.04
0.7453,0.0649,1.8334,-0.3050,-369.74,-129.92,-712.39
0.7459,0.5500,-3.6990,-0.5329,-532.21,171.57,823.76
0.7465,1.1590,-6.6549,1.7339,-224.42,-69.16,-687.61
0.7471,0.4860,-3.0910,0.2538,-724.78,89.18,759.36
0.7477,0.3123,-3.1774,0.6198,-237.51,-4.69,-561.26
0.7483,0.0264,-1.0931,0.5919,-649.25,27.86,592.90
0.7489,-0.2167,0.7954,0.0766,-422.24,45.78,-344.61
0.7494,-0.0669,-0.6495,-0.2250,-414.82,-17.50,334.32
0.7500,0.4016,-2.3722,0.6339,-616.98,87.36,-93.52
0.7505,0.3377,-2.0535,0.0742,-247.38,-55.30,66.29
0.7511,0.3909,-3.2398,0.4529,-794.15,110.04,168.70
0.7516,0.3006,-2.5137,0.5080,-131.32,-71.61,-174.58
0.7522,0.0171,-1.3635,0.2948,-918.47,108.64,386.12
0.7527,-0.0400,-1.1927,0.1484,-87.92,-67.76,-368.41
0.7532,0.0537,-1.2932,0.3616,-903.21,93.66,515.48
0.7538,0.0893,-1.2517,0.1357,-167.79,-51.45,-476.70
0.7543,0.2211,-2.0940,0.2757,-777.91,67.41,561.68
0.7549,0.3094,-2.2560,0.3636,-337.68,-24.64,-493.99
0.7554,0.2542,-2.0691,0.2884,-608.16,30.10,524.58
0.7559,0.2225,-1.9832,0.2928,-545.79,5.11,-438.06
0.7565,0.2025,-1.7329,0.3128,-416.36,-6.93,416.57
0.7570,0.1698,-1.4991,0.2303,-743.26,33.46,-327.74
0.7576,0.2128,-1.7148,0.2586,-249.41,-38.85,266.63
0.7581,0.2708,-1.8437,0.3216,-880.60,55.30,-190.96
0.7586,0.2899,-1.9169,0.3026,-163.59,-63.14,105.28
0.7592,0.3133,-2.0023,0.3523,-934.29,66.99,-53.90
0.7597,0.3104,-1.8876,0.3694,-166.95,-76.93,-45.01
0.7603,0.2772,-1.6992,0.3514,-899.71,67.27,63.14
0.7608,0.2699,-1.6421,0.3538,-250.04,-78.96,-167.30
0.7614,0.2738,-1.5836,0.3767,-788.20,56.84,145.88
0.7619,0.2738,-1.5699,0.3611,-391.93,-71.68,-252.63
0.7625,0.2904,-1.6177,0.3875,-632.38,38.15,189.28
0.7630,0.2977,-1.5875,0.4011,-557.34,-56.70,-298.48
0.7635,0.2884,-1.5084,0.3977,-473.27,13.30,197.75
0.7641,0.2777,-1.4308,0.3924,-707.00,-37.94,-311.22
0.7646,0.2684,-1.3283,0.3875,-342.30,-14.00,177.66
0.7652,0.2582,-1.2498,0.3738,-811.86,-18.34,-299.32
0.7657,0.2567,-1.2102,0.3699,-263.06,-39.55,137.62
0.7663,0.2557,-1.1624,0.3655,-854.56,-1.19,-271.25
0.7668,0.2499,-1.1122,0.3528,-246.75,-61.88,87.08
0.7674,0.2420,-1.0565,0.3192,-833.28,11.13,-234.99
0.7679,0.2196,-0.9008,0.2928,-759.36,17.29,-193.97
0.7685,0.2123,-0.8457,0.2723,-368.55,-87.85,-22.33
0.7690,0.2020,-0.7886,0.2499,-653.52,16.80,-152.60
0.7695,0.1923,-0.7432,0.2294,-467.04,-89.53,-76.16
0.7701,0.1850,-0.7144,0.2059,-540.47,9.59,-111.09
0.7706,0.1767,-0.6793,0.1786,-558.67,-86.17,-127.26
0.7717,0.1742,-0.6398,0.1469,-441.63,-3.08,-70.70
0.7728,0.1732,-0.6080,0.1142,-625.73,-76.72,-173.88
0.7739,0.1674,-0.5802,0.0859,-370.86,-19.04,-31.85
0.7750,0.1640,-0.5534,0.0561,-658.14,-65.10,-216.23
0.7761,0.1669,-0.5212,0.0322,-335.44,-36.89,2.24
0.7772,0.1669,-0.4895,0.0010,-654.01,-51.73,-249.90
0.7783,0.1630,-0.4597,-0.0376,-331.45,-54.46,29.05
0.7794,0.1688,-0.4280,-0.0673,-619.08,-39.13,-272.16
0.7805,0.1791,-0.3836,-0.0966,-351.82,-70.28,44.10
0.7816,0.1503,-0.3475,-0.1205,-565.18,-28.77,-279.02
0.7827,0.1244,-0.3157,-0.1415,-382.55,-82.60,44.17
0.7839,0.1147,-0.1381,-0.1932,-504.35,-21.91,-268.94
0.7850,0.0854,-0.1942,-0.2308,-447.16,-18.20,-241.78
0.7861,0.0615,-0.1078,-0.2533,-400.96,-19.67,-199.50
0.7872,0.0561,-0.0742,-0.2708,-439.81,-93.24,-47.11
0.7883,0.0449,-0.0273,-0.2850,-368.97,-24.15,-145.81
0.7894,0.0283,0.0151,-0.2982,-430.92,-87.99,-98.28
0.7905,0.0151,0.0449,-0.3113,-348.25,-31.78,-88.06
0.7916,0.0063,0.0776,-0.3284,-411.53,-79.94,-150.29
0.7927,-0.0063,0.1044,-0.3440,-334.81,-41.51,-33.53
0.7927,-0.0200,0.1288,-0.3504,-386.26,-69.30,-195.44
0.7927,-0.0303,0.1576,-0.3636,-323.75,-52.78,11.06
0.7928,-0.0390,0.1771,-0.3816,-359.80,-57.96,-227.22
0.7928,-0.0498,0.1908,-0.3938,-310.38,-63.00,40.88
0.7928,-0.0590,0.2059,-0.4016,-336.63,-47.46,-242.69
0.7929,-0.0620,0.2172,-0.4128,-292.25,-71.75,52.36
0.7929,-0.0747,0.2284,-0.4231,-318.43,-37.66,-239.05
0.7929,-0.0874,0.2391,-0.4343,-268.73,-78.26,45.78
0.7930,-0.0942,0.2435,-0.4494,-303.80,-31.08,-217.63
0.7930,-0.1025,0.2425,-0.4734,-242.27,-81.90,22.54
0.7930,-0.1088,0.2430,-0.4807,-290.29,-26.53,-182.00
0.7931,-0.1181,0.2377,-0.4900,-274.47,-25.34,-137.06
0.7931,-0.1210,0.2294,-0.5017,-194.25,-78.61,-52.36
0.7931,-0.1176,0.2152,-0.5114,-253.75,-26.60,-89.25
0.7932,-0.1161,0.1972,-0.5226,-178.50,-72.80,-93.03
0.7932,-0.1186,0.1781,-0.5339,-226.38,-31.15,-43.96
0.7932,-0.1137,0.1552,-0.5441,-169.26,-64.26,-127.26
0.7933,-0.1054,0.1313,-0.5519,-193.20,-36.19,-6.02
0.7933,-0.0966,0.1152,-0.5568,-165.55,-55.16,-153.16
0.7933,-0.0898,0.0908,-0.5592,-155.96,-42.49,21.42
0.7939,-0.0844,0.0625,-0.5675,-165.27,-45.29,-166.46
0.7945,-0.0805,0.0381,-0.5788,-117.81,-49.14,35.63
0.7951,-0.0820,0.0107,-0.5812,-164.57,-35.49,-166.95
0.7956,-0.0791,-0.0195,-0.5856,-82.81,-54.04,37.94
0.7962,-0.0722,-0.0493,-0.5929,-160.09,-28.14,-156.31
0.7968,-0.0673,-0.0830,-0.5973,-54.32,-57.19,30.10
0.7973,-0.0605,-0.1122,-0.6032,-148.61,-22.33,-135.73
0.7979,-0.0512,-0.1410,-0.6056,-34.16,-58.73,13.23
0.7985,-0.0454,-0.1732,-0.6115,-130.20,-18.55,-108.50
0.7990,-0.0371,-0.2059,-0.6124,-22.12,-57.61,-8.40
0.7996,-0.0288,-0.2411,-0.6085,-104.23,-17.43,-77.98
0.8002,-0.0224,-0.2718,-0.6100,-17.99,-54.88,-32.13
0.8008,-0.0127,-0.3079,-0.6090,-72.73,-17.92,-47.04
0.8013,-0.0088,-0.3406,-0.6090,-19.32,-49.98,-54.46
0.8019,-0.0054,-0.3650,-0.6095,-39.34,-20.44,-18.83
0.8025,-0.0015,-0.3963,-0.6085,-22.61,-44.24,-74.13
0.8030,0.0054,-0.4309,-0.6037,-5.53,-23.94,5.11
0.8036,0.0112,-0.4675,-0.6046,-25.97,-37.66,-88.27
0.8042,0.0142,-0.5065,-0.6061,24.29,-28.14,22.47
0.8048,0.0200,-0.5417,-0.6012,-24.99,-30.94,-96.32
0.8053,0.0254,-0.5714,-0.5958,48.30,-32.55,33.04
0.8059,0.0278,-0.6007,-0.5895,-20.02,-24.78,-98.00
0.8065,0.0317,-0.6339,-0.5885,66.08,-36.12,36.68
0.8071,0.0371,-0.6690,-0.5846,-9.52,-19.53,-92.82
0.8077,0.0439,-0.7047,-0.5758,77.14,-38.64,33.67
0.8083,0.0483,-0.7398,-0.5724,6.16,-15.68,-81.97
0.8089,0.0488,-0.7740,-0.5700,82.11,-40.04,24.43
0.8095,0.0488,-0.8047,-0.5661,24.78,-13.93,-66.99
0.8100,0.0488,-0.8345,-0.5622,82.95,-39.62,10.85
0.8106,0.0512,-0.8667,-0.5597,45.22,-13.16,-48.72
0.8112,0.0512,-0.9038,-0.5558,81.48,-38.85,-6.09
0.8118,0.0532,-0.9374,-0.5529,66.15,-13.79,-28.77
0.8124,0.0590,-0.9662,-0.5519,79.52,-36.47,-23.80
0.8130,0.0595,-0.9941,-0.5490,85.12,-15.75,-9.73
0.8136,0.0610,-1.0238,-0.5422,78.05,-33.25,-40.46
0.8142,0.0615,-1.0516,-0.5368,101.50,-18.48,6.44
0.8148,0.0620,-1.0751,-0.5363,77.98,-29.54,-55.09
0.8153,0.0664,-1.0975,-0.5275,114.45,-21.70,18.90
0.8159,0.0708,-1.1190,-0.5222,80.22,-25.62,-65.80
0.8165,0.0717,-1.1444,-0.5158,124.04,-25.34,26.04
0.8171,0.0737,-1.1678,-0.5114,83.72,-22.05,-72.17
0.8176,0.0781,-1.1878,-0.5144,130.55,-28.35,27.65
0.8182,0.0766,-1.2068,-0.5104,89.74,-19.25,-72.94
0.8187,0.0776,-1.2229,-0.5036,133.98,-31.22,22.47
0.8193,0.0805,-1.2381,-0.4987,96.46,-17.01,-69.37
0.8198,0.0791,-1.2532,-0.4982,135.38,-33.18,12.74
0.8203,0.0776,-1.2600,-0.4987,135.45,-34.02,-1.19
0.8209,0.0732,-1.2673,-0.4943,111.65,-15.68,-51.59
0.8214,0.0727,-1.2732,-0.4900,134.40,-34.44,-18.20
0.8220,0.0722,-1.2786,-0.4924,119.98,-17.36,-40.11
0.8225,0.0712,-1.2795,-0.4948,132.09,-33.67,-36.05
0.8231,0.0698,-1.2800,-0.4973,127.19,-19.39,-29.12
0.8236,0.0688,-1.2830,-0.5007,129.50,-32.62,-53.41
0.8242,0.0678,-1.2839,-0.5022,134.61,-21.70,-20.30
0.8247,0.0664,-1.2859,-0.5012,126.63,-30.66,-68.32
0.8253,0.0722,-1.2849,-0.4997,140.63,-24.85,-14.63
0.8258,0.0722,-1.2839,-0.5022,123.90,-28.70,-79.66
0.8264,0.0693,-1.2790,-0.5109,146.02,-27.93,-12.60
0.8269,0.0708,-1.2693,-0.5144,122.22,-27.16,-87.29
0.8274,0.0708,-1.2639,-0.5129,149.45,-30.94,-14.63
0.8280,0.0683,-1.2629,-0.5148,120.89,-25.55,-90.02
0.8286,0.0649,-1.2595,-0.5168,151.55,-33.88,-21.14
0.8292,0.0630,-1.2556,-0.5187,121.45,-24.64,-89.04
0.8297,0.0634,-1.2532,-0.5256,151.41,-35.98,-30.66
0.8303,0.0625,-1.2488,-0.5280,123.20,-24.29,-84.77
0.8309,0.0605,-1.2420,-0.5324,149.80,-37.52,-42.91
0.8314,0.0464,-1.2283,-0.5407,146.65,-38.29,-56.21
0.8320,0.0420,-1.2180,-0.5441,129.29,-25.76,-70.77
0.8326,0.0356,-1.2058,-0.5480,142.24,-38.01,-69.58
0.8332,0.0259,-1.1946,-0.5510,133.28,-27.37,-63.35
0.8337,0.0166,-1.1883,-0.5558,137.13,-37.94,-82.18
0.8343,0.0102,-1.1766,-0.5617,138.04,-29.33,-57.05
0.8349,0.0005,-1.1590,-0.5612,132.02,-36.96,-92.33
0.8355,-0.0117,-1.1483,-0.5651,141.47,-31.43,-52.71
0.8360,-0.0224,-1.1366,-0.5729,126.91,-35.49,-99.61
0.8366,-0.0312,-1.1229,-0.5729,144.69,-34.30,-51.03
0.8372,-0.0395,-1.1058,-0.5729,123.69,-34.02,-104.44
0.8377,-0.0464,-1.0863,-0.5793,145.95,-36.12,-51.94
0.8383,-0.0556,-1.0707,-0.5856,121.17,-32.76,-105.98
0.8389,-0.0683,-1.0526,-0.5885,145.32,-38.29,-56.63
0.8400,-0.0752,-1.0302,-0.5880,120.54,-31.78,-104.23
0.8411,-0.0854,-1.0111,-0.5841,143.85,-39.55,-62.72
0.8422,-0.0976,-0.9916,-0.5822,120.54,-31.01,-100.94
0.8433,-0.1098,-0.9677,-0.5856,140.84,-40.46,-71.19
0.8445,-0.1220,-0.9477,-0.5841,122.36,-30.03,-96.25
0.8456,-0.1362,-0.9287,-0.5817,136.64,-40.67,-80.01
0.8467,-0.1474,-0.9116,-0.5851,124.67,-30.45,-90.65
0.8478,-0.1596,-0.8935,-0.5856,132.09,-40.25,-89.81
0.8489,-0.1703,-0.8721,-0.5778,127.19,-30.80,-85.61
0.8500,-0.1791,-0.8520,-0.5754,127.19,-39.20,-98.63
0.8511,-0.1942,-0.8291,-0.5734,129.92,-31.36,-81.41
0.8523,-0.2074,-0.8042,-0.5685,122.64,-37.45,-106.05
0.8534,-0.2176,-0.7808,-0.5675,131.88,-32.69,-78.96
0.8545,-0.2264,-0.7584,-0.5646,119.00,-35.42,-112.07
0.8556,-0.2372,-0.7388,-0.5607,132.51,-33.53,-77.84
0.8567,-0.2484,-0.7203,-0.5588,116.13,-33.53,-116.13
0.8578,-0.2582,-0.7027,-0.5558,132.16,-34.44,-79.45
0.8589,-0.2650,-0.6822,-0.5539,114.52,-31.08,-118.09
0.8601,-0.2723,-0.6642,-0.5466,131.46,-34.93,-83.23
0.8612,-0.2860,-0.6446,-0.5392,113.54,-29.68,-118.16
0.8617,-0.2991,-0.6295,-0.5358,129.22,-35.07,-88.41
0.8623,-0.3060,-0.6144,-0.5285,113.47,-28.21,-116.90
0.8628,-0.3148,-0.5954,-0.5285,126.77,-34.79,-94.50
0.8634,-0.3245,-0.5817,-0.5226,114.17,-26.32,-113.89
0.8639,-0.3357,-0.5714,-0.5217,123.55,-33.53,-101.92
0.8645,-0.3470,-0.5573,-0.5168,114.87,-26.11,-111.09
0.8650,-0.3548,-0.5412,-0.5085,120.12,-31.85,-109.20
0.8656,-0.3616,-0.5251,-0.5031,116.27,-25.41,-108.01
0.8661,-0.3675,-0.5075,-0.4963,116.34,-29.82,-115.99
0.8667,-0.3753,-0.4895,-0.4895,117.53,-24.64,-105.56
0.8673,-0.3821,-0.4724,-0.4792,112.70,-27.37,-122.08
0.8678,-0.3899,-0.4529,-0.4714,118.16,-24.57,-103.88
0.8684,-0.3933,-0.4353,-0.4675,109.69,-25.13,-127.05
0.8689,-0.3963,-0.4197,-0.4597,118.51,-23.59,-103.04
0.8695,-0.4041,-0.3997,-0.4504,107.45,-22.96,-130.62
0.8700,-0.4109,-0.3831,-0.4436,117.88,-23.17,-103.60
0.8706,-0.4163,-0.3640,-0.4412,105.70,-20.72,-132.44
0.8711,-0.4221,-0.3421,-0.4338,117.11,-22.05,-105.98
0.8717,-0.4285,-0.3221,-0.4236,104.44,-18.27,-132.44
0.8722,-0.4299,-0.3011,-0.4202,116.13,-21.21,-109.83
0.8733,-0.4338,-0.2826,-0.4148,103.95,-16.24,-131.11
0.8744,-0.4416,-0.2674,-0.4148,114.17,-19.88,-114.59
0.8754,-0.4475,-0.2445,-0.4075,104.37,-13.79,-128.73
0.8765,-0.4499,-0.2211,-0.4031,111.65,-18.34,-119.35
0.8776,-0.4494,-0.2030,-0.3972,105.00,-12.32,-126.14
0.8786,-0.4538,-0.1806,-0.3919,109.27,-16.59,-124.60
0.8797,-0.4616,-0.1566,-0.3870,105.77,-11.06,-123.27
0.8808,-0.4675,-0.1322,-0.3845,106.47,-14.28,-129.50
0.8818,-0.4724,-0.1078,-0.3797,106.89,-9.66,-120.89
0.8829,-0.4748,-0.0859,-0.3782,104.09,-12.04,-133.42
0.8840,-0.4758,-0.0654,-0.3762,107.94,-8.54,-119.28
0.8850,-0.4748,-0.0498,-0.3738,102.69,-9.52,-136.01
0.8861,-0.4758,-0.0337,-0.3728,108.43,-7.63,-118.16
0.8872,-0.4807,-0.0078,-0.3723,101.29,-7.35,-137.97
0.8882,-0.4841,0.0156,-0.3748,108.71,-6.51,-118.30
0.8893,-0.4841,0.0395,-0.3704,100.24,-4.48,-138.53
0.8904,-0.4875,0.0698,-0.3650,109.06,-5.88,-119.14
0.8914,-0.4890,0.0952,-0.3689,100.10,-2.45,-137.83
0.8925,-0.4890,0.1225,-0.3709,109.06,-4.41,-121.10
0.8936,-0.4934,0.1474,-0.3699,100.59,-0.42,-136.01
0.8936,-0.4895,0.1688,-0.3709,108.36,-2.80,-123.83
0.8936,-0.4900,0.2240,-0.3738,107.59,-1.19,-126.28
0.8937,-0.4870,0.2484,-0.3767,102.97,2.59,-130.62
0.8937,-0.4846,0.2772,-0.3762,106.96,0.07,-129.43
0.8937,-0.4851,0.3089,-0.3758,104.65,3.85,-127.75
0.8938,-0.4826,0.3382,-0.3684,106.40,1.96,-132.02
0.8938,-0.4826,0.3665,-0.3611,107.03,4.90,-125.30
0.8938,-0.4812,0.3928,-0.3636,105.77,3.36,-134.12
0.8939,-0.4778,0.4172,-0.3684,109.13,5.67,-123.06
0.8939,-0.4734,0.4455,-0.3704,105.70,5.39,-135.31
0.8939,-0.4685,0.4768,-0.3670,111.09,6.44,-121.87
0.8940,-0.4695,0.5031,-0.3636,105.91,6.93,-135.87
0.8940,-0.4695,0.5300,-0.3655,112.84,7.42,-121.59
0.8940,-0.4621,0.5588,-0.3670,106.96,8.75,-135.24
0.8941,-0.4582,0.5832,-0.3650,114.38,7.77,-121.59
0.8941,-0.4582,0.6051,-0.3631,108.43,9.87,-134.05
0.8941,-0.4592,0.6271,-0.3626,116.13,8.19,-121.87
0.8942,-0.4558,0.6490,-0.3650,110.25,11.06,-132.30
0.8942,-0.4494,0.6695,-0.3655,117.11,9.24,-122.92
0.8942,-0.4436,0.6910,-0.3636,113.05,11.76,-129.64
0.8949,-0.4402,0.7139,-0.3675,118.23,10.57,-123.55
0.8955,-0.4377,0.7374,-0.3655,115.78,12.74,-126.63
0.8961,-0.4358,0.7603,-0.3606,119.49,10.85,-124.74
0.8967,-0.4319,0.7798,-0.3572,119.14,13.16,-123.41
0.8973,-0.4275,0.7979,-0.3567,120.47,11.97,-125.30
0.8979,-0.4231,0.8135,-0.3533,122.22,13.44,-120.33
0.8985,-0.4177,0.8345,-0.3509,121.87,12.67,-125.44
0.8991,-0.4148,0.8560,-0.3523,125.58,14.14,-117.32
0.8998,-0.4089,0.8691,-0.3514,123.62,13.79,-124.81
0.9004,-0.4089,0.8872,-0.3479,128.31,13.86,-114.80
0.9010,-0.4089,0.9057,-0.3445,125.65,14.56,-123.62
0.9016,-0.4021,0.9189,-0.3426,131.11,14.28,-112.70
0.9022,-0.3953,0.9331,-0.3392,127.96,15.47,-121.66
0.9028,-0.3914,0.9511,-0.3338,134.26,14.14,-110.81
0.9034,-0.3924,0.9697,-0.3294,130.62,15.89,-119.21
0.9040,-0.3899,0.9853,-0.3299,136.50,14.56,-109.55
0.9047,-0.3875,0.9955,-0.3314,133.56,15.75,-116.41
0.9053,-0.3841,1.0043,-0.3304,138.88,14.98,-108.22
0.9059,-0.3826,1.0214,-0.3309,136.85,15.75,-113.05
0.9065,-0.3821,1.0346,-0.3260,141.12,14.91,-107.66
0.9071,-0.3787,1.0482,-0.3216,140.00,16.73,-108.71
0.9078,-0.3802,1.0634,-0.3216,143.36,15.05,-107.10
0.9084,-0.3811,1.0726,-0.3182,143.57,16.73,-104.51
0.9090,-0.3797,1.0824,-0.3201,145.74,15.68,-105.91
0.9096,-0.3782,1.0960,-0.3211,147.49,16.38,-100.73
0.9103,-0.3753,1.1043,-0.3167,147.77,15.68,-104.58
0.9109,-0.3743,1.1097,-0.3152,150.78,16.45,-97.44
0.9115,-0.3748,1.1190,-0.3109,150.29,16.03,-102.97
0.9122,-0.3762,1.1297,-0.3094,154.07,15.75,-94.43
0.9128,-0.3743,1.1419,-0.3123,152.32,16.38,-100.73
0.9134,-0.3719,1.1512,-0.3055,157.57,15.75,-91.91
0.9141,-0.3723,1.1556,-0.2982,155.26,16.59,-97.86
0.9147,-0.3670,1.1575,-0.2996,160.44,15.61,-89.53
0.9153,-0.3611,1.1595,-0.3001,158.27,16.31,-95.27
0.9159,-0.3558,1.1629,-0.3001,162.89,15.40,-87.71
0.9166,-0.3562,1.1663,-0.3030,161.14,15.82,-92.33
0.9172,-0.3572,1.1702,-0.2982,165.34,15.26,-86.24
0.9178,-0.3504,1.1780,-0.2982,164.22,15.82,-89.18
0.9185,-0.3509,1.1844,-0.2967,167.79,15.40,-85.19
0.9191,-0.3518,1.1854,-0.2913,167.02,15.40,-86.31
0.9196,-0.3499,1.1868,-0.2879,169.96,14.84,-84.07
0.9200,-0.3470,1.1829,-0.2894,170.52,15.05,-83.37
0.9205,-0.3450,1.1829,-0.2850,172.27,14.35,-82.81
0.9210,-0.3460,1.1893,-0.2835,173.18,14.35,-80.71
0.9215,-0.3450,1.1907,-0.2860,173.81,14.56,-81.97
0.9219,-0.3445,1.1868,-0.2850,176.26,14.14,-78.26
0.9224,-0.3396,1.1844,-0.2850,175.98,14.14,-80.78
0.9229,-0.3406,1.1824,-0.2845,178.64,13.58,-75.81
0.9234,-0.3421,1.1771,-0.2816,177.80,13.44,-79.45
0.9238,-0.3372,1.1771,-0.2806,180.95,12.67,-74.55
0.9243,-0.3416,1.1775,-0.2777,179.76,13.16,-78.19
0.9248,-0.3426,1.1746,-0.2757,183.12,12.32,-73.08
0.9253,-0.3421,1.1732,-0.2743,181.65,12.32,-77.14
0.9257,-0.3460,1.1702,-0.2699,184.66,12.25,-71.75
0.9262,-0.3465,1.1649,-0.2713,183.75,11.76,-75.39
0.9267,-0.3465,1.1600,-0.2699,186.27,11.62,-70.63
0.9272,-0.3445,1.1566,-0.2650,185.85,11.20,-74.06
0.9276,-0.3436,1.1517,-0.2616,187.95,11.13,-70.28
0.9281,-0.3406,1.1448,-0.2616,187.11,10.85,-72.38
0.9286,-0.3357,1.1375,-0.2625,189.21,9.80,-70.00
0.9292,-0.3338,1.1302,-0.2611,188.65,10.08,-70.84
0.9297,-0.3333,1.1253,-0.2562,190.12,8.96,-70.07
0.9303,-0.3333,1.1209,-0.2533,189.70,9.52,-69.02
0.9309,-0.3353,1.1175,-0.2518,191.03,8.61,-70.07
0.9315,-0.3367,1.1122,-0.2489,191.59,9.10,-67.34
0.9321,-0.3353,1.1034,-0.2484,191.52,7.70,-69.93
0.9326,-0.3294,1.0921,-0.2460,192.64,8.12,-66.71
0.9332,-0.3265,1.0858,-0.2425,192.15,7.56,-69.23
0.9338,-0.3265,1.0785,-0.2411,193.34,7.56,-65.45
0.9344,-0.3240,1.0687,-0.2357,192.71,6.58,-68.88
0.9350,-0.3250,1.0668,-0.2352,194.04,6.58,-64.75
0.9355,-0.3270,1.0614,-0.2367,193.13,6.23,-68.18
0.9361,-0.3304,1.0560,-0.2313,194.39,5.60,-64.26
0.9367,-0.3299,1.0531,-0.2279,193.13,5.32,-67.69
0.9373,-0.3299,1.0482,-0.2259,194.95,4.97,-64.05
0.9378,-0.3328,1.0424,-0.2240,195.16,4.34,-63.63
0.9384,-0.3333,1.0394,-0.2269,193.97,4.83,-65.17
0.9390,-0.3367,1.0365,-0.2255,194.88,3.36,-63.98
0.9396,-0.3372,1.0350,-0.2269,194.11,3.85,-64.26
0.9402,-0.3377,1.0326,-0.2284,194.32,2.73,-64.05
0.9407,-0.3426,1.0341,-0.2230,194.11,2.52,-63.63
0.9412,-0.3450,1.0326,-0.2255,193.83,2.10,-63.84
0.9417,-0.3518,1.0307,-0.2284,193.97,2.24,-62.02
0.9423,-0.3538,1.0350,-0.2284,193.13,1.33,-64.33
0.9428,-0.3523,1.0375,-0.2284,194.18,1.54,-60.90
0.9433,-0.3533,1.0370,-0.2294,192.78,0.63,-63.91
0.9439,-0.3543,1.0355,-0.2298,193.83,0.84,-60.48
0.9444,-0.3592,1.0331,-0.2279,192.36,0.07,-63.77
0.9449,-0.3650,1.0336,-0.2328,193.41,0.07,-60.06
0.9454,-0.3665,1.0390,-0.2391,191.87,-0.21,-62.93
0.9460,-0.3680,1.0390,-0.2386,192.99,-0.84,-59.99
0.9465,-0.3684,1.0370,-0.2377,191.24,-0.63,-62.02
0.9470,-0.3675,1.0380,-0.2377,192.43,-1.68,-59.57
0.9476,-0.3670,1.0404,-0.2377,190.75,-1.47,-61.25
0.9481,-0.3694,1.0419,-0.2425,191.38,-2.52,-59.71
0.9486,-0.3743,1.0429,-0.2469,190.05,-1.68,-60.20
0.9491,-0.3797,1.0399,-0.2464,190.89,-3.29,-59.29
0.9497,-0.3831,1.0380,-0.2469,189.91,-2.52,-59.57
0.9502,-0.3831,1.0399,-0.2484,189.70,-3.57,-59.29
0.9507,-0.3855,1.0370,-0.2469,189.07,-3.15,-58.94
0.9513,-0.3914,1.0321,-0.2435,188.44,-3.92,-59.08
0.9518,-0.3919,1.0297,-0.2425,188.51,-3.78,-58.10
0.9524,-0.3948,1.0258,-0.2455,187.46,-3.99,-59.08
0.9529,-0.3992,1.0233,-0.2464,187.67,-4.27,-57.26
0.9535,-0.4002,1.0204,-0.2450,186.41,-4.62,-58.66
0.9540,-0.4050,1.0121,-0.2425,186.62,-4.97,-56.70
0.9546,-0.4085,1.0092,-0.2416,185.29,-5.04,-58.38
0.9551,-0.4089,1.0053,-0.2420,185.71,-5.60,-56.00
0.9557,-0.4099,1.0009,-0.2420,183.89,-5.39,-57.61
0.9562,-0.4133,0.9965,-0.2381,184.17,-6.09,-55.44
0.9567,-0.4182,0.9936,-0.2357,183.05,-5.60,-57.05
0.9573,-0.4202,0.9911,-0.2381,182.98,-6.23,-54.95
0.9578,-0.4187,0.9872,-0.2362,181.58,-5.88,-56.42
0.9584,-0.4182,0.9838,-0.2313,181.37,-6.93,-54.95
0.9589,-0.4250,0.9765,-0.2279,180.25,-5.88,-54.81
0.9595,-0.4299,0.9687,-0.2279,179.55,-7.14,-54.53
0.9600,-0.4290,0.9628,-0.2255,178.85,-6.16,-54.67
0.9606,-0.4329,0.9594,-0.2211,178.08,-7.56,-54.04
0.9611,-0.4387,0.9555,-0.2201,177.45,-6.37,-53.69
0.9617,-0.4402,0.9477,-0.2191,176.33,-7.70,-53.90
0.9623,-0.4436,0.9404,-0.2191,175.42,-6.86,-52.78
0.9629,-0.4465,0.9384,-0.2201,174.44,-7.28,-53.90
0.9635,-0.4480,0.9350,-0.2181,173.81,-7.35,-52.43
0.9641,-0.4524,0.9311,-0.2137,172.55,-7.42,-53.55
0.9647,-0.4577,0.9296,-0.2128,172.13,-7.56,-52.15
0.9653,-0.4612,0.9257,-0.2079,170.45,-7.00,-52.92
0.9659,-0.4656,0.9179,-0.2040,169.82,-7.77,-52.15
0.9665,-0.4719,0.9140,-0.2059,168.63,-7.00,-53.20
0.9671,-0.4743,0.9126,-0.2089,167.79,-7.70,-51.87
0.9677,-0.4778,0.9077,-0.2074,166.32,-6.72,-52.78
0.9683,-0.4821,0.9043,-0.2035,165.83,-7.63,-52.22
0.9689,-0.4919,0.9018,-0.2001,164.29,-7.07,-52.64
0.9695,-0.4963,0.8965,-0.1996,161.98,-6.72,-52.43
0.9701,-0.4968,0.8921,-0.1986,161.56,-8.40,-53.13
0.9707,-0.5022,0.8906,-0.2001,160.02,-6.16,-51.94
0.9713,-0.5085,0.8896,-0.1991,159.18,-7.42,-53.97
0.9719,-0.5090,0.8857,-0.1986,157.99,-6.44,-52.01
0.9725,-0.5119,0.8838,-0.1962,156.66,-7.00,-53.76
0.9731,-0.5173,0.8882,-0.1957,155.61,-6.44,-52.57
0.9737,-0.5197,0.8955,-0.2006,154.49,-6.37,-54.04
0.9748,-0.5251,0.8989,-0.2074,153.44,-6.30,-52.71
0.9758,-0.5339,0.8965,-0.2118,152.32,-6.09,-54.04
0.9769,-0.5407,0.8979,-0.2118,151.34,-5.95,-53.27
0.9779,-0.5446,0.9033,-0.2137,149.66,-5.60,-54.53
0.9790,-0.5500,0.9062,-0.2152,149.38,-5.67,-53.90
0.9800,-0.5549,0.9106,-0.2201,147.42,-5.32,-54.53
0.9811,-0.5558,0.9223,-0.2245,147.49,-5.04,-54.32
0.9821,-0.5578,0.9331,-0.2230,145.32,-4.41,-54.60
0.9832,-0.5602,0.9394,-0.2259,145.32,-4.97,-54.67
0.9843,-0.5602,0.9462,-0.2298,143.57,-4.13,-54.95
0.9853,-0.5602,0.9594,-0.2377,143.01,-4.55,-55.23
0.9864,-0.5656,0.9770,-0.2406,141.19,-4.06,-55.51
0.9874,-0.5612,0.9843,-0.2416,140.28,-3.15,-55.72
0.9885,-0.5636,0.9950,-0.2474,139.30,-3.71,-56.14
0.9895,-0.5671,1.0106,-0.2518,139.02,-3.15,-56.35
0.9906,-0.5690,1.0243,-0.2547,137.83,-2.94,-56.70
0.9917,-0.5744,1.0326,-0.2601,137.55,-2.24,-56.49
0.9927,-0.5802,1.0394,-0.2635,136.15,-2.52,-57.19
0.9938,-0.5822,1.0477,-0.2694,136.22,-2.10,-56.98
0.9948,-0.5836,1.0614,-0.2767,134.96,-1.68,-57.47
0.9949,-0.5846,1.0731,-0.2762,134.89,-1.54,-57.89
0.9949,-0.5802,1.0809,-0.2801,133.42,-1.33,-57.82
0.9949,-0.5802,1.0858,-0.2860,134.05,-1.26,-58.31
0.9950,-0.5861,1.0902,-0.2826,132.72,-0.63,-58.31
0.9950,-0.5861,1.0956,-0.2845,132.30,-0.63,-58.45
0.9950,-0.5836,1.0995,-0.2855,131.67,0.14,-58.59
0.9951,-0.5783,1.1048,-0.2860,131.60,-0.49,-58.94
0.9951,-0.5763,1.1131,-0.2874,130.83,0.28,-58.94
0.9952,-0.5778,1.1151,-0.2928,130.34,-0.21,-59.36
0.9952,-0.5739,1.1200,-0.2982,129.99,0.77,-59.08
0.9952,-0.5719,1.1287,-0.2948,129.64,0.49,-59.71
0.9953,-0.5705,1.1292,-0.2918,129.08,1.33,-59.36
0.9953,-0.5656,1.1341,-0.2952,128.59,0.91,-59.99
0.9953,-0.5578,1.1346,-0.2962,128.52,1.40,-59.57
0.9954,-0.5505,1.1400,-0.2928,127.75,0.91,-60.06
0.9954,-0.5475,1.1512,-0.2952,127.96,1.54,-60.13
0.9954,-0.5456,1.1512,-0.2991,127.33,1.75,-60.13
0.9955,-0.5417,1.1502,-0.2996,127.68,1.96,-59.99
0.9955,-0.5353,1.1492,-0.3016,126.70,1.75,-60.27
0.9956,-0.5290,1.1492,-0.3021,126.84,1.54,-59.99
0.9961,-0.5261,1.1507,-0.3035,126.14,1.82,-60.55
0.9967,-0.5261,1.1561,-0.3094,126.07,1.40,-59.92
0.9973,-0.5266,1.1614,-0.3133,126.07,1.82,-60.41
0.9979,-0.5280,1.1634,-0.3162,125.37,1.89,-60.06
0.9985,-0.5256,1.1649,-0.3172,125.72,1.96,-59.71
0.9991,-0.5187,1.1658,-0.3177,125.16,1.26,-60.41
0.9997,-0.5148,1.1629,-0.3216,125.30,1.96,-59.64
1.0003,-0.5119,1.1595,-0.3235,124.53,0.98,-60.13
1.0009,-0.5134,1.1590,-0.3255,125.02,1.26,-59.64
1.0015,-0.5148,1.1595,-0.3270,124.25,1.26,-59.99
1.0021,-0.5109,1.1595,-0.3309,124.18,1.26,-59.43
1.0026,-0.5051,1.1566,-0.3348,124.25,0.91,-59.64
1.0032,-0.5031,1.1556,-0.3343,124.32,1.19,-59.22
1.0038,-0.5007,1.1566,-0.3392,123.90,0.35,-59.57
1.0044,-0.4929,1.1546,-0.3387,124.04,0.91,-59.43
1.0050,-0.4856,1.1531,-0.3382,124.11,0.35,-59.08
1.0056,-0.4797,1.1536,-0.3396,123.34,0.70,-58.66
1.0062,-0.4758,1.1517,-0.3440,123.62,-0.42,-59.29
1.0068,-0.4680,1.1556,-0.3489,123.41,0.28,-58.66
1.0074,-0.4602,1.1570,-0.3479,123.41,-0.91,-58.66
1.0079,-0.4577,1.1522,-0.3518,123.27,-0.98,-58.87
1.0085,-0.4529,1.1522,-0.3533,122.99,-1.40,-58.66
1.0091,-0.4470,1.1546,-0.3548,122.85,-1.47,-58.94
1.0097,-0.4407,1.1536,-0.3601,122.92,-2.10,-58.45
1.0103,-0.4338,1.1575,-0.3631,122.99,-2.17,-59.01
1.0108,-0.4309,1.1634,-0.3636,122.78,-3.36,-58.94
1.0114,-0.4343,1.1610,-0.3631,122.50,-2.80,-58.66
1.0120,-0.4353,1.1527,-0.3616,122.50,-3.99,-58.66
1.0126,-0.4333,1.1483,-0.3636,122.22,-4.69,-59.36
1.0132,-0.4299,1.1453,-0.3670,122.78,-4.76,-59.08
1.0137,-0.4280,1.1448,-0.3714,122.43,-5.60,-59.43
1.0143,-0.4231,1.1453,-0.3733,122.64,-5.74,-59.36
1.0149,-0.4246,1.1473,-0.3748,121.94,-6.86,-59.64
1.0155,-0.4260,1.1492,-0.3772,122.57,-6.93,-59.78
1.0161,-0.4275,1.1492,-0.3733,122.15,-7.84,-59.99
1.0166,-0.4285,1.1448,-0.3738,122.43,-7.49,-59.78
1.0172,-0.4241,1.1483,-0.3758,122.36,-9.03,-59.99
1.0178,-0.4211,1.1527,-0.3787,122.64,-8.82,-59.92
1.0184,-0.4236,1.1575,-0.3845,122.01,-9.87,-60.06
1.0190,-0.4290,1.1614,-0.3860,122.50,-10.22,-60.20
1.0195,-0.4348,1.1605,-0.3884,122.22,-10.78,-60.13
1.0201,-0.4377,1.1585,-0.3884,122.64,-11.20,-60.27
1.0207,-0.4407,1.1590,-0.3884,122.50,-11.97,-60.06
1.0212,-0.4402,1.1610,-0.3938,122.64,-12.25,-60.48
1.0218,-0.4382,1.1663,-0.3972,122.57,-12.95,-60.06
1.0224,-0.4421,1.1697,-0.4070,122.85,-12.95,-60.41
1.0229,-0.4455,1.1707,-0.4114,123.20,-13.65,-59.71
1.0235,-0.4446,1.1751,-0.4089,123.69,-14.70,-60.06
1.0241,-0.4402,1.1800,-0.4099,123.20,-15.40,-60.13
1.0247,-0.4387,1.1863,-0.4158,123.76,-15.68,-59.85
1.0252,-0.4377,1.1951,-0.4192,123.62,-16.52,-59.64
1.0258,-0.4363,1.2083,-0.4265,124.39,-16.87,-59.50
1.0264,-0.4382,1.2220,-0.4294,124.46,-17.92,-59.78
1.0269,-0.4412,1.2307,-0.4319,124.74,-17.92,-59.15
1.0275,-0.4451,1.2322,-0.4353,125.37,-18.90,-59.78
1.0281,-0.4480,1.2400,-0.4348,125.30,-19.32,-58.87
1.0286,-0.4538,1.2483,-0.4431,126.07,-19.95,-59.43
1.0292,-0.4587,1.2527,-0.4494,126.00,-20.44,-58.59
1.0298,-0.4587,1.2586,-0.4538,126.49,-20.93,-58.73
1.0304,-0.4616,1.2639,-0.4587,126.70,-21.77,-59.08
1.0309,-0.4665,1.2683,-0.4651,127.61,-21.98,-58.17
1.0315,-0.4680,1.2693,-0.4719,127.82,-23.17,-59.08
1.0320,-0.4651,1.2776,-0.4753,128.31,-22.75,-57.61
1.0326,-0.4616,1.2878,-0.4856,128.66,-24.08,-58.52
1.0331,-0.4621,1.2917,-0.4919,129.36,-23.94,-57.47
1.0337,-0.4670,1.3000,-0.4939,129.64,-24.71,-57.89
1.0342,-0.4738,1.3064,-0.4992,130.69,-24.43,-56.63
1.0348,-0.4778,1.3098,-0.5036,130.90,-26.67,-58.03
1.0353,-0.4792,1.3137,-0.5114,131.39,-25.41,-56.49
1.0359,-0.4817,1.3205,-0.5187,131.81,-27.65,-57.47
1.0364,-0.4826,1.3259,-0.5222,132.86,-27.23,-56.35
1.0370,-0.4856,1.3288,-0.5231,132.93,-28.28,-56.84
1.0375,-0.4948,1.3318,-0.5261,133.91,-27.93,-55.72
1.0381,-0.5002,1.3278,-0.5309,133.84,-29.33,-56.21
1.0386,-0.5031,1.3259,-0.5324,135.17,-29.12,-55.51
1.0392,-0.5080,1.3313,-0.5402,135.52,-30.10,-55.72
1.0397,-0.5090,1.3303,-0.5456,136.36,-30.03,-55.16
1.0403,-0.5144,1.3278,-0.5466,136.64,-31.08,-55.09
1.0408,-0.5202,1.3244,-0.5500,137.41,-31.15,-54.32
1.0414,-0.5192,1.3200,-0.5519,138.18,-31.71,-54.18
1.0419,-0.5148,1.3196,-0.5519,138.67,-32.20,-53.69
1.0425,-0.5139,1.3166,-0.5534,139.16,-32.48,-52.99
1.0430,-0.5231,1.3152,-0.5529,139.58,-33.25,-53.41
1.0436,-0.5280,1.3137,-0.5534,140.14,-33.74,-52.78
1.0441,-0.5261,1.3088,-0.5549,140.77,-34.09,-52.36
1.0447,-0.5275,1.3054,-0.5519,141.47,-33.88,-51.73
1.0452,-0.5329,1.3005,-0.5519,141.82,-35.07,-51.59
1.0458,-0.5392,1.2922,-0.5539,142.52,-34.79,-50.89
1.0464,-0.5427,1.2869,-0.5524,142.94,-35.77,-50.82
1.0469,-0.5456,1.2844,-0.5495,143.36,-35.56,-49.91
1.0475,-0.5505,1.2805,-0.5485,143.92,-36.26,-49.98
1.0480,-0.5524,1.2742,-0.5505,144.76,-36.40,-48.93
1.0486,-0.5514,1.2644,-0.5510,144.90,-36.96,-49.14
1.0491,-0.5519,1.2610,-0.5495,145.39,-36.89,-47.88
1.0497,-0.5568,1.2571,-0.5475,145.60,-37.52,-48.16
1.0502,-0.5632,1.2459,-0.5451,146.02,-37.38,-47.11
1.0508,-0.5651,1.2405,-0.5451,146.72,-38.08,-47.04
1.0513,-0.5646,1.2356,-0.5456,146.79,-37.73,-46.06
1.0519,-0.5675,1.2293,-0.5397,147.21,-38.57,-45.71
1.0525,-0.5729,1.2210,-0.5344,147.63,-38.64,-45.36
1.0536,-0.5768,1.2137,-0.5344,148.05,-38.64,-44.45
1.0547,-0.5797,1.2063,-0.5383,147.77,-39.20,-44.38
1.0559,-0.5807,1.1888,-0.5412,148.61,-39.06,-42.77
1.0570,-0.5802,1.1902,-0.5388,148.75,-39.97,-42.84
1.0582,-0.5856,1.1873,-0.5305,148.96,-39.41,-41.58
1.0593,-0.5929,1.1819,-0.5290,149.10,-40.04,-41.37
1.0605,-0.6017,1.1741,-0.5334,149.52,-40.11,-40.39
1.0616,-0.6115,1.1610,-0.5363,149.38,-40.11,-40.11
1.0627,-0.6159,1.1527,-0.5334,149.73,-40.32,-39.55
1.0639,-0.6198,1.1473,-0.5319,149.66,-40.11,-39.06
1.0650,-0.6207,1.1429,-0.5319,149.73,-40.74,-38.71
1.0662,-0.6212,1.1380,-0.5363,150.01,-40.67,-38.15
1.0673,-0.6266,1.1326,-0.5397,149.94,-40.81,-37.10
1.0684,-0.6324,1.1268,-0.5397,150.01,-40.60,-36.96
1.0696,-0.6378,1.1200,-0.5383,149.87,-40.25,-35.70
1.0707,-0.6373,1.1146,-0.5334,149.94,-40.88,-36.05
1.0719,-0.6349,1.1092,-0.5358,149.94,-40.74,-34.72
1.0730,-0.6364,1.1068,-0.5388,149.80,-40.53,-34.58
1.0742,-0.6368,1.1043,-0.5392,149.80,-40.74,-33.81
1.0753,-0.6368,1.0985,-0.5407,149.59,-40.46,-33.53
1.0763,-0.6412,1.0892,-0.5397,150.01,-40.67,-32.41
1.0774,-0.6368,1.0838,-0.5422,149.59,-40.46,-31.29
1.0784,-0.6422,1.0819,-0.5422,149.38,-41.65,-31.85
1.0794,-0.6466,1.0804,-0.5436,149.03,-40.18,-29.96
1.0805,-0.6451,1.0760,-0.5417,148.96,-41.23,-30.52
1.0815,-0.6466,1.0716,-0.5407,148.75,-40.04,-28.98
1.0825,-0.6476,1.0663,-0.5407,148.61,-41.23,-29.61
1.0836,-0.6442,1.0619,-0.5412,148.75,-39.97,-28.21
1.0846,-0.6442,1.0565,-0.5441,148.33,-41.30,-28.42
1.0857,-0.6476,1.0492,-0.5436,148.05,-39.97,-27.58
1.0867,-0.6500,1.0438,-0.5441,147.70,-41.02,-27.51
1.0877,-0.6525,1.0429,-0.5441,147.42,-40.18,-26.39
1.0888,-0.6525,1.0394,-0.5412,147.14,-40.88,-26.81
1.0898,-0.6539,1.0316,-0.5402,147.07,-39.83,-25.76
1.0908,-0.6544,1.0277,-0.5383,146.44,-40.39,-25.55
1.0919,-0.6539,1.0263,-0.5417,146.58,-40.04,-25.62
1.0929,-0.6529,1.0219,-0.5436,145.81,-39.83,-24.50
1.0939,-0.6549,1.0146,-0.5397,145.74,-40.11,-24.92
1.0950,-0.6588,1.0082,-0.5373,145.32,-39.97,-24.08
1.0960,-0.6568,1.0019,-0.5392,144.76,-39.69,-24.64
1.0960,-0.6539,0.9941,-0.5417,144.55,-39.20,-22.96
1.0961,-0.6573,0.9862,-0.5383,144.34,-39.76,-23.94
1.0961,-0.6603,0.9804,-0.5358,143.78,-39.06,-22.40
1.0962,-0.6598,0.9745,-0.5368,142.94,-39.55,-23.52
1.0962,-0.6608,0.9667,-0.5363,143.08,-38.57,-21.70
1.0962,-0.6656,0.9648,-0.5339,141.82,-39.62,-22.75
1.0963,-0.6695,0.9599,-0.5334,142.10,-38.57,-21.91
1.0963,-0.6676,0.9506,-0.5339,140.63,-39.06,-22.33
1.0964,-0.6671,0.9453,-0.5363,141.19,-38.64,-21.70
1.0964,-0.6695,0.9389,-0.5392,139.93,-38.50,-21.63
1.0964,-0.6744,0.9316,-0.5407,140.14,-38.50,-21.56
1.0965,-0.6734,0.9272,-0.5402,138.81,-38.36,-20.79
1.0965,-0.6715,0.9248,-0.5407,139.09,-38.15,-21.28
1.0965,-0.6705,0.9218,-0.5392,137.69,-38.15,-20.58
1.0966,-0.6671,0.9174,-0.5412,137.41,-37.73,-20.86
1.0966,-0.6705,0.9121,-0.5436,137.13,-37.31,-19.88
1.0967,-0.6730,0.9057,-0.5431,135.73,-37.45,-20.58
1.0967,-0.6754,0.8984,-0.5446,135.59,-37.24,-19.74
1.0967,-0.6759,0.8945,-0.5441,134.47,-37.80,-20.72
1.0968,-0.6730,0.8935,-0.5451,134.68,-37.03,-19.53
1.0974,-0.6749,0.8896,-0.5461,133.07,-37.03,-20.30
1.0979,-0.6759,0.8838,-0.5461,133.35,-36.82,-19.60
1.0985,-0.6749,0.8784,-0.5495,131.81,-36.47,-19.74
1.0991,-0.6739,0.8730,-0.5495,131.88,-36.68,-19.53
1.0997,-0.6744,0.8706,-0.5461,130.55,-36.33,-19.53
1.1002,-0.6715,0.8701,-0.5490,130.48,-36.05,-19.39
1.1008,-0.6681,0.8682,-0.5510,129.50,-35.91,-19.53
1.1014,-0.6681,0.8638,-0.5475,129.01,-35.98,-19.53
1.1020,-0.6690,0.8589,-0.5500,128.03,-35.70,-19.18
1.1025,-0.6715,0.8511,-0.5505,127.47,-36.05,-19.88
1.1031,-0.6730,0.8447,-0.5500,126.84,-35.07,-19.18
1.1037,-0.6651,0.8394,-0.5480,126.00,-35.35,-19.67
1.1043,-0.6578,0.8355,-0.5485,125.30,-35.35,-19.67
1.1048,-0.6588,0.8330,-0.5519,124.18,-35.14,-19.46
1.1054,-0.6554,0.8252,-0.5485,123.97,-35.07,-19.67
1.1060,-0.6495,0.8203,-0.5510,122.71,-35.07,-19.95
1.1066,-0.6446,0.8159,-0.5568,122.71,-35.14,-19.88
1.1071,-0.6427,0.8101,-0.5544,120.96,-35.35,-20.23
1.1077,-0.6412,0.8057,-0.5539,121.52,-34.72,-19.88
1.1083,-0.6383,0.8008,-0.5568,119.28,-35.14,-20.58
1.1089,-0.6339,0.7989,-0.5573,120.05,-35.35,-20.30
1.1094,-0.6320,0.7974,-0.5597,118.09,-35.35,-21.07
1.1100,-0.6290,0.7925,-0.5622,118.02,-34.72,-19.67
1.1106,-0.6242,0.7847,-0.5656,116.97,-35.49,-21.70
1.1111,-0.6178,0.7832,-0.5685,116.55,-35.07,-20.09
1.1117,-0.6134,0.7813,-0.5710,115.36,-35.70,-22.05
1.1123,-0.6095,0.7745,-0.5729,114.94,-35.07,-20.72
1.1129,-0.6051,0.7681,-0.5714,113.89,-35.35,-22.26
1.1134,-0.6071,0.7632,-0.5719,113.54,-35.77,-21.35
1.1140,-0.6027,0.7593,-0.5768,112.35,-35.35,-22.26
1.1146,-0.6002,0.7559,-0.5778,111.93,-36.19,-22.26
1.1151,-0.5998,0.7525,-0.5773,111.30,-35.56,-22.47
1.1157,-0.5954,0.7418,-0.5793,110.39,-36.19,-23.03
1.1163,-0.5910,0.7369,-0.5832,109.34,-36.33,-22.82
1.1168,-0.5885,0.7383,-0.5895,108.85,-36.47,-23.94
1.1174,-0.5856,0.7218,-0.5890,108.01,-36.26,-23.45
1.1180,-0.5807,0.7218,-0.5885,106.82,-36.61,-23.80
1.1186,-0.5719,0.7237,-0.5880,105.70,-37.17,-25.69
1.1191,-0.5612,0.7266,-0.5876,105.28,-37.10,-24.57
1.1197,-0.5578,0.7252,-0.5885,104.23,-37.73,-26.67
1.1203,-0.5578,0.7222,-0.5910,103.60,-37.52,-25.34
1.1209,-0.5573,0.7203,-0.5832,102.62,-38.43,-27.51
1.1214,-0.5592,0.7135,-0.5797,102.48,-38.08,-26.32
1.1220,-0.5602,0.7052,-0.5861,101.01,-38.57,-28.14
1.1226,-0.5627,0.7008,-0.5876,101.08,-38.92,-28.14
1.1232,-0.5651,0.6993,-0.5885,99.40,-39.34,-29.05
1.1237,-0.5651,0.6974,-0.5919,100.03,-39.69,-29.12
1.1243,-0.5641,0.6939,-0.5890,98.00,-39.83,-30.17
1.1249,-0.5627,0.6891,-0.5871,98.35,-40.25,-30.31
1.1255,-0.5592,0.6852,-0.5876,96.95,-40.46,-31.43
1.1261,-0.5573,0.6803,-0.5885,96.67,-40.67,-31.92
1.1266,-0.5529,0.6778,-0.5871,95.48,-41.09,-32.55
1.1272,-0.5431,0.6734,-0.5802,95.20,-41.44,-33.67
1.1278,-0.5436,0.6705,-0.5802,94.50,-41.51,-33.60
1.1284,-0.5417,0.6671,-0.5768,93.73,-42.28,-35.07
1.1290,-0.5441,0.6612,-0.5700,92.54,-42.63,-36.33
1.1295,-0.5407,0.6632,-0.5661,91.63,-42.63,-36.33
1.1301,-0.5392,0.6622,-0.5705,91.07,-43.75,-37.73
1.1307,-0.5368,0.6568,-0.5685,90.58,-43.54,-37.94
1.1313,-0.5314,0.6554,-0.5656,89.53,-44.03,-39.13
1.1319,-0.5285,0.6520,-0.5661,89.18,-44.73,-39.97
1.1326,-0.5256,0.6520,-0.5612,88.27,-44.73,-40.95
1.1332,-0.5251,0.6510,-0.5583,87.85,-45.57,-41.72
1.1338,-0.5226,0.6466,-0.5568,86.80,-45.43,-42.42
1.1345,-0.5212,0.6388,-0.5549,86.87,-46.69,-43.40
1.1351,-0.5187,0.6329,-0.5524,85.54,-46.20,-44.03
1.1358,-0.5124,0.6403,-0.5514,85.33,-47.04,-45.22
1.1364,-0.5065,0.6446,-0.5485,84.42,-47.25,-45.78
1.1370,-0.5046,0.6417,-0.5446,84.28,-48.30,-47.04
1.1377,-0.5095,0.6373,-0.5451,83.02,-47.95,-47.53
1.1383,-0.5163,0.6310,-0.5388,83.16,-48.72,-48.58
1.1389,-0.5231,0.6266,-0.5363,81.97,-49.07,-49.70
1.1396,-0.5266,0.6227,-0.5412,81.55,-49.63,-50.54
1.1402,-0.5285,0.6188,-0.5397,80.57,-49.84,-51.73
1.1409,-0.5314,0.6139,-0.5397,80.57,-50.33,-52.36
1.1415,-0.5300,0.6120,-0.5431,79.87,-50.96,-53.69
1.1421,-0.5256,0.6139,-0.5427,79.10,-51.10,-54.32
1.1428,-0.5261,0.6085,-0.5402,78.75,-51.31,-55.37
1.1434,-0.5261,0.6017,-0.5358,78.12,-52.01,-56.28
1.1441,-0.5246,0.5988,-0.5329,77.28,-52.29,-57.33
1.1445,-0.5207,0.5954,-0.5329,77.00,-52.92,-58.24
1.1450,-0.5197,0.5915,-0.5334,76.72,-53.62,-59.71
1.1454,-0.5212,0.5924,-0.5300,75.53,-53.69,-59.64
1.1459,-0.5197,0.5949,-0.5280,75.18,-53.97,-61.46
1.1464,-0.5139,0.5929,-0.5295,74.76,-54.25,-61.67
1.1468,-0.5124,0.5924,-0.5275,74.34,-54.81,-63.42
1.1473,-0.5139,0.5993,-0.5231,73.71,-55.09,-63.49
1.1478,-0.5119,0.6041,-0.5173,73.36,-55.86,-65.24
1.1482,-0.5124,0.6061,-0.5148,73.01,-56.35,-65.73
1.1487,-0.5080,0.6124,-0.5187,72.17,-56.70,-66.57
1.1491,-0.5056,0.6178,-0.5207,72.38,-56.91,-67.76
1.1496,-0.5090,0.6217,-0.5158,71.54,-57.89,-68.67
1.1501,-0.5100,0.6246,-0.5104,71.40,-58.03,-69.30
1.1505,-0.5061,0.6261,-0.5095,70.98,-58.10,-69.72
1.1510,-0.5070,0.6285,-0.5134,70.56,-59.22,-71.47
1.1514,-0.5144,0.6359,-0.5153,70.35,-59.22,-71.47
1.1519,-0.5197,0.6471,-0.5139,70.07,-59.57,-72.80
1.1524,-0.5217,0.6593,-0.5178,69.65,-59.92,-73.29
1.1528,-0.5256,0.6734,-0.5226,69.72,-60.62,-74.55
1.1533,-0.5339,0.6842,-0.5217,69.51,-60.41,-74.48
1.1539,-0.5441,0.6891,-0.5241,69.37,-61.39,-76.09
1.1544,-0.5480,0.6954,-0.5256,69.09,-61.60,-76.09
1.1550,-0.5446,0.7105,-0.5241,69.16,-62.16,-77.42
1.1556,-0.5427,0.7330,-0.5246,69.09,-61.95,-76.93
1.1562,-0.5427,0.7476,-0.5300,69.09,-62.65,-78.47
1.1567,-0.5480,0.7608,-0.5344,69.37,-62.93,-78.05
1.1573,-0.5573,0.7735,-0.5319,69.65,-63.42,-79.38
1.1579,-0.5651,0.7813,-0.5324,69.79,-63.63,-78.89
1.1584,-0.5714,0.7945,-0.5363,69.44,-64.05,-79.94
1.1590,-0.5773,0.8120,-0.5378,70.63,-63.91,-79.66
1.1596,-0.5846,0.8311,-0.5456,70.42,-64.61,-80.64
1.1602,-0.5895,0.8618,-0.5495,71.68,-64.61,-80.43
1.1607,-0.5910,0.8764,-0.5490,71.68,-65.10,-80.22
1.1613,-0.5944,0.8930,-0.5495,72.03,-65.38,-80.43
1.1619,-0.5978,0.9116,-0.5549,72.66,-65.80,-80.57
1.1624,-0.5993,0.9292,-0.5597,73.50,-65.73,-80.29
1.1630,-0.6037,0.9501,-0.5597,73.43,-65.94,-80.57
1.1636,-0.6051,0.9706,-0.5597,75.04,-66.22,-79.80
1.1642,-0.6041,0.9897,-0.5632,75.25,-66.43,-79.73
1.1647,-0.6085,1.0053,-0.5641,76.37,-66.50,-79.24
1.1653,-0.6139,1.0146,-0.5627,77.00,-66.64,-79.17
1.1659,-0.6207,1.0243,-0.5651,78.33,-67.06,-78.82
1.1665,-0.6281,1.0350,-0.5675,78.89,-66.92,-78.12
1.1670,-0.6364,1.0512,-0.5734,79.45,-66.99,-77.63
1.1676,-0.6456,1.0668,-0.5793,80.85,-67.13,-77.42
1.1682,-0.6534,1.0858,-0.5788,81.69,-67.13,-76.37
1.1688,-0.6637,1.1004,-0.5827,82.95,-67.34,-76.23
1.1694,-0.6705,1.1073,-0.5866,84.07,-67.20,-75.18
1.1699,-0.6749,1.1161,-0.5876,85.33,-67.41,-74.90
1.1705,-0.6827,1.1248,-0.5885,86.45,-67.13,-73.08
1.1711,-0.6900,1.1341,-0.5885,87.71,-67.41,-72.94
1.1717,-0.6934,1.1409,-0.5919,88.62,-66.71,-71.19
1.1722,-0.6969,1.1483,-0.5949,89.95,-66.92,-70.98
1.1728,-0.6993,1.1551,-0.5949,91.14,-66.92,-69.02
1.1734,-0.7017,1.1590,-0.5924,92.26,-66.64,-68.95
1.1740,-0.7086,1.1629,-0.5876,94.01,-66.92,-66.71
1.1746,-0.7144,1.1668,-0.5836,94.78,-66.71,-66.57
1.1751,-0.7169,1.1732,-0.5807,96.60,-66.57,-64.47
1.1757,-0.7213,1.1771,-0.5778,97.30,-66.15,-63.49
1.1763,-0.7227,1.1771,-0.5749,99.12,-66.29,-62.09
1.1773,-0.7222,1.1766,-0.5744,100.24,-65.80,-60.83
1.1783,-0.7276,1.1771,-0.5714,101.78,-65.66,-59.29
1.1793,-0.7335,1.1775,-0.5714,102.83,-65.31,-57.40
1.1803,-0.7344,1.1805,-0.5714,104.23,-65.03,-56.56
1.1812,-0.7335,1.1790,-0.5632,105.28,-65.10,-54.53
1.1822,-0.7349,1.1751,-0.5578,106.96,-64.68,-53.55
1.1832,-0.7398,1.1727,-0.5568,108.15,-64.12,-51.03
1.1842,-0.7427,1.1692,-0.5500,109.34,-64.54,-50.54
1.1852,-0.7466,1.1727,-0.5500,110.81,-64.12,-47.95
1.1862,-0.7496,1.1756,-0.5505,111.65,-63.77,-47.11
1.1872,-0.7515,1.1697,-0.5500,113.12,-63.07,-44.73
1.1882,-0.7574,1.1663,-0.5451,114.45,-63.07,-43.47
1.1892,-0.7632,1.1619,-0.5451,115.64,-62.86,-41.37
1.1902,-0.7623,1.1570,-0.5466,116.83,-62.16,-39.97
1.1912,-0.7593,1.1570,-0.5412,118.16,-62.23,-38.29
1.1921,-0.7603,1.1551,-0.5348,119.28,-62.16,-36.54
1.1931,-0.7579,1.1531,-0.5339,120.33,-61.81,-34.86
1.1941,-0.7564,1.1448,-0.5329,121.38,-61.04,-32.97
1.1951,-0.7588,1.1380,-0.5256,122.71,-60.76,-31.15
1.1961,-0.7618,1.1366,-0.5202,123.69,-61.04,-29.61
1.1962,-0.7627,1.1346,-0.5202,124.32,-59.99,-27.65
1.1963,-0.7637,1.1283,-0.5217,125.86,-60.34,-26.60
1.1964,-0.7642,1.1219,-0.5202,126.91,-59.22,-24.43
1.1965,-0.7593,1.1219,-0.5163,127.75,-59.71,-22.89
1.1966,-0.7593,1.1200,-0.5114,128.59,-58.31,-21.00
1.1967,-0.7613,1.1161,-0.5100,129.64,-59.36,-20.02
1.1968,-0.7632,1.1107,-0.5109,130.69,-58.17,-18.20
1.1969,-0.7657,1.1024,-0.5090,131.25,-58.38,-16.59
1.1970,-0.7632,1.0965,-0.5090,132.30,-58.24,-15.19
1.1971,-0.7593,1.0941,-0.5119,133.21,-57.89,-13.44
1.1972,-0.7593,1.0912,-0.5100,133.98,-57.05,-11.83
1.1973,-0.7598,1.0848,-0.5070,134.96,-56.63,-10.43
1.1974,-0.7574,1.0770,-0.5075,135.38,-56.77,-9.24
1.1975,-0.7549,1.0702,-0.5080,136.29,-56.49,-7.70
1.1976,-0.7525,1.0629,-0.5065,136.92,-56.70,-6.51
1.1977,-0.7486,1.0551,-0.5046,137.48,-55.86,-4.83
1.1978,-0.7447,1.0482,-0.5056,138.39,-56.28,-4.13
1.1979,-0.7447,1.0409,-0.5070,138.88,-55.51,-2.10
1.1980,-0.7447,1.0321,-0.5051,139.23,-56.07,-1.96
1.1981,-0.7403,1.0243,-0.4973,139.72,-54.60,0.63
1.1986,-0.7359,1.0155,-0.4968,140.28,-55.72,0.49
1.1992,-0.7359,0.9994,-0.4973,140.63,-54.74,2.80
1.1998,-0.7315,0.9843,-0.4973,141.19,-55.16,3.15
1.2004,-0.7247,0.9789,-0.4992,141.54,-54.46,5.32
1.2010,-0.7222,0.9697,-0.4963,141.47,-54.74,5.32
1.2016,-0.7227,0.9604,-0.4943,142.17,-54.46,7.42
1.2022,-0.7198,0.9501,-0.4924,142.24,-54.18,7.63
1.2028,-0.7159,0.9389,-0.4929,142.94,-54.46,8.82
1.2034,-0.7110,0.9292,-0.4914,142.73,-53.83,10.22
1.2040,-0.7052,0.9170,-0.4929,142.73,-54.11,10.43
1.2046,-0.7013,0.9052,-0.4939,142.94,-53.62,12.46
1.2052,-0.7008,0.8950,-0.4909,142.80,-54.32,12.18
1.2058,-0.6993,0.8852,-0.4875,143.22,-53.55,14.07
1.2064,-0.6900,0.8725,-0.4817,142.87,-54.25,13.86
1.2069,-0.6847,0.8594,-0.4817,142.87,-53.06,16.17
1.2075,-0.6817,0.8491,-0.4836,142.59,-54.25,15.33
1.2081,-0.6798,0.8374,-0.4807,142.59,-53.27,17.85
1.2087,-0.6730,0.8257,-0.4797,142.10,-54.25,16.87
1.2093,-0.6666,0.8164,-0.4817,142.59,-53.55,19.11
1.2099,-0.6656,0.8057,-0.4802,141.54,-53.76,18.34
1.2105,-0.6593,0.7930,-0.4812,141.89,-53.27,20.23
1.2111,-0.6549,0.7832,-0.4763,141.05,-54.11,20.23
1.2116,-0.6510,0.7749,-0.4734,141.05,-53.83,20.86
1.2122,-0.6481,0.7627,-0.4699,140.21,-54.25,21.63
1.2128,-0.6437,0.7544,-0.4675,140.07,-53.83,22.47
1.2134,-0.6354,0.7457,-0.4695,139.58,-54.25,22.68
1.2140,-0.6290,0.7349,-0.4685,139.30,-53.69,23.10
1.2145,-0.6217,0.7222,-0.4685,138.53,-54.32,24.22
1.2151,-0.6115,0.7008,-0.4680,137.69,-54.88,24.85
1.2157,-0.6100,0.6920,-0.4709,136.50,-54.60,23.94
1.2163,-0.6017,0.6817,-0.4714,136.15,-54.88,25.83
1.2169,-0.5963,0.6734,-0.4719,134.96,-54.88,24.36
1.2174,-0.5924,0.6622,-0.4695,134.61,-55.65,26.04
1.2180,-0.5851,0.6564,-0.4724,133.28,-55.37,24.92
1.2186,-0.5788,0.6505,-0.4758,133.00,-55.86,26.25
1.2192,-0.5734,0.6427,-0.4704,131.67,-56.00,25.06
1.2198,-0.5671,0.6359,-0.4680,131.18,-56.21,26.25
1.2203,-0.5592,0.6256,-0.4685,130.06,-56.49,25.34
1.2209,-0.5573,0.6183,-0.4704,129.15,-56.77,25.69
1.2215,-0.5553,0.6110,-0.4709,128.52,-56.98,25.20
1.2221,-0.5495,0.5998,-0.4709,127.19,-57.82,25.27
1.2226,-0.5422,0.5949,-0.4704,126.42,-57.61,25.34
1.2232,-0.5373,0.5890,-0.4695,125.02,-58.10,24.78
1.2237,-0.5339,0.5797,-0.4743,124.32,-57.89,24.92
1.2243,-0.5339,0.5754,-0.4738,123.06,-59.01,23.52
1.2248,-0.5305,0.5661,-0.4738,122.22,-59.22,24.29
1.2254,-0.5236,0.5617,-0.4758,120.26,-59.50,22.68
1.2259,-0.5187,0.5622,-0.4743,119.84,-59.71,23.52
1.2265,-0.5139,0.5558,-0.4743,118.65,-60.41,21.49
1.2270,-0.5080,0.5500,-0.4768,117.25,-60.13,23.10
1.2276,-0.5061,0.5441,-0.4763,115.71,-61.25,20.09
1.2281,-0.5065,0.5378,-0.4690,115.36,-61.39,21.84
1.2287,-0.4992,0.5348,-0.4704,113.40,-61.39,19.39
1.2292,-0.4978,0.5290,-0.4758,113.12,-62.44,20.16
1.2298,-0.4973,0.5202,-0.4748,110.81,-62.09,17.85
1.2303,-0.4924,0.5163,-0.4670,110.32,-63.49,18.55
1.2309,-0.4904,0.5139,-0.4626,108.43,-62.93,16.45
1.2315,-0.4895,0.5114,-0.4670,107.66,-63.98,17.01
1.2320,-0.4900,0.5109,-0.4704,105.91,-63.49,15.12
1.2326,-0.4870,0.5085,-0.4656,105.28,-64.82,15.47
1.2331,-0.4807,0.5051,-0.4621,103.18,-64.26,13.65
1.2337,-0.4782,0.5026,-0.4636,102.48,-65.80,13.51
1.2342,-0.4792,0.4978,-0.4626,100.80,-65.24,12.46
1.2348,-0.4758,0.4987,-0.4616,99.82,-66.43,10.92
1.2353,-0.4724,0.5031,-0.4607,98.00,-66.22,10.85
1.2359,-0.4729,0.5026,-0.4563,97.02,-66.99,9.10
1.2364,-0.4729,0.5017,-0.4519,95.62,-67.13,9.66
1.2370,-0.4695,0.5041,-0.4504,94.43,-67.48,7.42
1.2376,-0.4656,0.5002,-0.4485,92.89,-67.48,7.77
1.2381,-0.4656,0.4948,-0.4490,91.77,-68.11,5.25
1.2387,-0.4646,0.4987,-0.4494,90.93,-68.53,5.81
1.2392,-0.4616,0.5056,-0.4460,88.90,-68.88,3.64
1.2398,-0.4602,0.5134,-0.4446,88.41,-69.23,4.06
1.2403,-0.4612,0.5139,-0.4446,86.38,-69.16,1.96
1.2409,-0.4597,0.5163,-0.4451,85.96,-69.86,2.31
1.2414,-0.4573,0.5236,-0.4470,84.14,-69.86,0.63
1.2420,-0.4568,0.5256,-0.4470,83.23,-70.63,0.28
1.2426,-0.4548,0.5295,-0.4451,81.90,-70.35,-0.84
1.2431,-0.4524,0.5383,-0.4455,80.92,-71.05,-1.47
1.2437,-0.4538,0.5480,-0.4470,79.73,-70.70,-2.17
1.2442,-0.4529,0.5529,-0.4455,78.75,-71.61,-3.36
1.2448,-0.4504,0.5602,-0.4441,77.63,-71.82,-3.43
1.2453,-0.4514,0.5719,-0.4455,76.44,-71.96,-4.90
1.2459,-0.4534,0.5817,-0.4455,75.32,-72.38,-4.83
1.2464,-0.4553,0.5905,-0.4475,74.69,-71.96,-5.74
1.2470,-0.4558,0.5993,-0.4524,73.29,-73.15,-6.51
1.2475,-0.4548,0.6090,-0.4509,72.80,-72.94,-7.21
1.2481,-0.4568,0.6227,-0.4514,71.96,-73.64,-7.56
1.2486,-0.4607,0.6368,-0.4558,71.26,-73.29,-8.26
1.2491,-0.4573,0.6476,-0.4553,70.28,-73.64,-8.47
1.2497,-0.4563,0.6632,-0.4558,69.65,-73.50,-9.38
1.2502,-0.4592,0.6773,-0.4582,69.02,-74.41,-9.94
1.2508,-0.4553,0.6895,-0.4577,67.90,-73.92,-10.22
1.2513,-0.4529,0.7042,-0.4577,67.62,-74.69,-10.71
1.2519,-0.4563,0.7169,-0.4602,66.99,-74.34,-10.92
1.2524,-0.4577,0.7310,-0.4656,66.43,-74.83,-11.41
1.2530,-0.4587,0.7432,-0.4709,65.94,-74.90,-11.62
1.2535,-0.4592,0.7564,-0.4690,65.24,-74.90,-11.90
1.2541,-0.4582,0.7745,-0.4695,65.17,-75.11,-12.32
1.2546,-0.4612,0.7901,-0.4734,64.05,-75.11,-12.39
1.2558,-0.4641,0.8023,-0.4753,64.47,-75.60,-12.60
1.2569,-0.4626,0.8296,-0.4748,63.70,-75.32,-12.88
1.2581,-0.4656,0.8438,-0.4797,63.07,-75.32,-12.88
1.2593,-0.4675,0.8584,-0.4817,63.42,-75.11,-12.67
1.2604,-0.4685,0.8701,-0.4797,63.07,-75.39,-13.16
1.2616,-0.4714,0.8872,-0.4817,63.00,-75.88,-13.37
1.2627,-0.4729,0.9028,-0.4851,62.93,-75.74,-13.37
1.2639,-0.4719,0.9140,-0.4831,62.79,-76.09,-13.16
1.2650,-0.4695,0.9243,-0.4841,62.79,-76.09,-13.65
1.2662,-0.4758,0.9355,-0.4875,62.72,-75.95,-12.74
1.2673,-0.4831,0.9467,-0.4900,62.72,-76.23,-13.58
1.2685,-0.4807,0.9570,-0.4924,63.00,-75.74,-12.39
1.2697,-0.4802,0.9687,-0.4924,62.93,-76.16,-13.23
1.2708,-0.4831,0.9828,-0.4934,63.07,-75.88,-12.32
1.2720,-0.4851,0.9975,-0.4924,63.35,-76.30,-13.02
1.2731,-0.4875,1.0072,-0.4895,63.70,-75.39,-11.83
1.2743,-0.4909,1.0160,-0.4895,63.35,-76.72,-12.95
1.2754,-0.4890,1.0248,-0.4939,64.19,-75.67,-11.69
1.2766,-0.4870,1.0321,-0.4948,63.91,-76.23,-11.90
1.2777,-0.4939,1.0429,-0.4914,64.68,-75.53,-11.41
1.2787,-0.4997,1.0482,-0.4900,65.24,-76.23,-10.78
1.2796,-0.5036,1.0594,-0.4870,65.10,-76.16,-10.43
1.2806,-0.5041,1.0673,-0.4880,65.80,-76.02,-10.29
1.2815,-0.5031,1.0726,-0.4909,66.01,-75.53,-9.80
1.2825,-0.5080,1.0780,-0.4929,66.43,-75.53,-9.73
1.2834,-0.5090,1.0814,-0.4929,67.20,-75.46,-9.17
1.2843,-0.5095,1.0853,-0.4939,67.41,-75.53,-8.89
1.2853,-0.5139,1.0902,-0.4934,67.62,-75.04,-7.91
1.2862,-0.5173,1.0965,-0.4943,67.90,-75.39,-8.12
1.2872,-0.5168,1.1039,-0.4973,68.46,-75.04,-7.07
1.2881,-0.5207,1.1053,-0.4934,68.67,-75.11,-7.21
1.2891,-0.5266,1.1024,-0.4909,69.51,-75.25,-6.23
1.2900,-0.5266,1.0990,-0.4890,69.44,-74.55,-6.02
1.2910,-0.5280,1.1000,-0.4841,70.35,-74.97,-5.39
1.2919,-0.5256,1.1039,-0.4826,70.00,-74.27,-5.18
1.2928,-0.5226,1.1014,-0.4802,70.98,-74.69,-4.41
1.2938,-0.5231,1.1000,-0.4773,70.42,-73.85,-3.43
1.2947,-0.5222,1.0975,-0.4782,71.75,-74.69,-3.71
1.2957,-0.5183,1.0970,-0.4753,71.33,-73.85,-2.66
1.2966,-0.5192,1.0960,-0.4709,72.24,-74.34,-2.52
1.2968,-0.5212,1.0941,-0.4660,72.38,-73.50,-1.68
1.2970,-0.5178,1.0946,-0.4631,72.45,-74.06,-1.33
1.2971,-0.5158,1.0936,-0.4660,72.73,-73.43,-0.56
1.2973,-0.5148,1.0936,-0.4646,73.29,-73.92,-0.56
1.2975,-0.5163,1.0917,-0.4626,73.36,-73.15,0.70
1.2976,-0.5158,1.0873,-0.4646,73.50,-73.78,0.21
1.2978,-0.5129,1.0795,-0.4592,73.92,-73.29,1.40
1.2980,-0.5090,1.0775,-0.4558,73.57,-73.29,1.12
1.2982,-0.5075,1.0780,-0.4577,73.99,-73.43,2.17
1.2983,-0.5109,1.0760,-0.4563,73.99,-73.22,1.68
1.2985,-0.5153,1.0702,-0.4568,74.27,-73.29,3.22
1.2987,-0.5158,1.0629,-0.4602,74.27,-72.73,2.59
1.2988,-0.5129,1.0580,-0.4626,74.34,-73.43,3.50
1.2990,-0.5100,1.0487,-0.4651,74.13,-72.80,3.43
1.2992,-0.5090,1.0429,-0.4626,74.62,-73.01,4.20
1.2994,-0.5109,1.0360,-0.4577,74.13,-72.52,4.76
1.2995,-0.5100,1.0248,-0.4558,74.48,-72.87,4.48
1.2997,-0.5080,1.0165,-0.4548,74.34,-72.38,5.60
1.2999,-0.5075,1.0092,-0.4563,73.99,-72.87,5.18
1.3000,-0.5056,0.9999,-0.4558,73.85,-72.59,6.44
1.3006,-0.5031,0.9897,-0.4524,73.50,-72.73,5.81
1.3012,-0.5002,0.9823,-0.4519,73.78,-72.59,7.00
1.3017,-0.4953,0.9687,-0.4548,73.15,-73.01,6.72
1.3023,-0.4924,0.9565,-0.4543,73.01,-72.66,7.77
1.3028,-0.4895,0.9511,-0.4509,72.52,-72.45,7.28
1.3034,-0.4870,0.9457,-0.4470,72.31,-73.15,8.40
1.3040,-0.4856,0.9404,-0.4421,71.68,-72.66,7.91
1.3045,-0.4841,0.9292,-0.4392,71.47,-73.15,8.89
1.3051,-0.4821,0.9179,-0.4382,70.91,-72.66,8.61
1.3056,-0.4782,0.9135,-0.4377,70.21,-73.36,9.10
1.3062,-0.4773,0.9048,-0.4382,70.00,-73.08,9.17
1.3068,-0.4753,0.8916,-0.4377,69.44,-73.50,9.87
1.3073,-0.4738,0.8843,-0.4348,68.46,-73.08,10.08
1.3079,-0.4714,0.8774,-0.4343,68.46,-73.50,10.15
1.3084,-0.4675,0.8667,-0.4333,67.41,-73.64,10.57
1.3090,-0.4719,0.8545,-0.4294,66.64,-73.71,10.43
1.3096,-0.4734,0.8462,-0.4304,66.08,-73.64,10.92
1.3101,-0.4646,0.8325,-0.4294,64.61,-73.71,11.76
1.3107,-0.4612,0.8252,-0.4285,63.28,-74.48,10.99
1.3112,-0.4612,0.8174,-0.4236,62.93,-73.99,11.97
1.3118,-0.4592,0.8115,-0.4241,61.95,-74.90,10.78
1.3124,-0.4568,0.8037,-0.4260,61.25,-74.34,12.60
1.3130,-0.4514,0.7925,-0.4246,59.99,-75.25,11.27
1.3136,-0.4455,0.7828,-0.4241,59.50,-75.11,12.39
1.3142,-0.4436,0.7779,-0.4250,57.89,-75.32,11.69
1.3148,-0.4426,0.7769,-0.4275,57.54,-75.25,12.39
1.3154,-0.4387,0.7691,-0.4294,55.93,-75.60,12.25
1.3160,-0.4363,0.7598,-0.4260,55.44,-75.95,12.46
1.3166,-0.4368,0.7530,-0.4236,53.76,-75.81,12.18
1.3172,-0.4319,0.7432,-0.4226,53.41,-76.37,12.18
1.3177,-0.4285,0.7344,-0.4231,51.59,-76.58,12.46
1.3183,-0.4265,0.7261,-0.4226,50.89,-76.58,12.11
1.3189,-0.4275,0.7198,-0.4221,49.35,-77.00,12.18
1.3195,-0.4236,0.7154,-0.4221,48.72,-77.42,12.11
1.3201,-0.4231,0.7032,-0.4192,47.04,-77.42,11.97
1.3207,-0.4202,0.7013,-0.4231,44.94,-78.26,11.48
1.3213,-0.4182,0.6930,-0.4236,43.47,-78.12,11.34
1.3219,-0.4197,0.6881,-0.4216,42.77,-78.89,11.41
1.3225,-0.4192,0.6861,-0.4241,40.74,-78.68,10.50
1.3231,-0.4211,0.6808,-0.4260,39.62,-79.10,11.13
1.3236,-0.4207,0.6734,-0.4260,38.08,-79.45,9.87
1.3242,-0.4187,0.6671,-0.4255,37.31,-80.15,10.36
1.3247,-0.4202,0.6666,-0.4285,35.14,-79.80,9.38
1.3253,-0.4168,0.6627,-0.4333,34.37,-80.50,9.45
1.3258,-0.4148,0.6598,-0.4338,32.83,-80.50,8.89
1.3264,-0.4143,0.6583,-0.4348,31.43,-81.34,8.61
1.3269,-0.4143,0.6529,-0.4333,29.89,-81.13,8.05
1.3274,-0.4187,0.6490,-0.4329,28.70,-82.04,7.84
1.3280,-0.4187,0.6422,-0.4358,27.44,-81.83,7.70
1.3285,-0.4153,0.6373,-0.4358,25.69,-82.32,6.65
1.3291,-0.4119,0.6334,-0.4348,24.57,-82.39,6.65
1.3296,-0.4089,0.6324,-0.4358,23.10,-83.09,5.81
1.3302,-0.4060,0.6290,-0.4402,21.42,-83.02,6.16
1.3307,-0.4055,0.6227,-0.4397,20.16,-84.00,4.62
1.3313,-0.4026,0.6237,-0.4387,18.62,-84.14,5.18
1.3318,-0.3997,0.6242,-0.4407,17.43,-83.93,3.78
1.3324,-0.3997,0.6237,-0.4387,15.96,-84.70,4.55
1.3329,-0.3972,0.6251,-0.4412,14.14,-85.19,2.59
1.3335,-0.3982,0.6246,-0.4460,13.44,-85.47,3.71
1.3340,-0.3967,0.6271,-0.4446,11.06,-85.47,1.89
1.3346,-0.3933,0.6368,-0.4455,10.57,-86.10,2.73
1.3351,-0.3928,0.6398,-0.4465,8.61,-86.24,0.98
1.3357,-0.3914,0.6393,-0.4480,7.91,-86.94,1.61
1.3362,-0.3870,0.6388,-0.4514,5.53,-86.87,0.42
1.3368,-0.3865,0.6398,-0.4499,4.97,-87.71,0.56
1.3374,-0.3860,0.6461,-0.4490,2.87,-87.36,-0.42
1.3379,-0.3816,0.6490,-0.4519,2.24,-87.78,-0.63
1.3385,-0.3797,0.6554,-0.4519,0.77,-88.41,-1.40
1.3390,-0.3797,0.6632,-0.4509,-0.35,-89.04,-1.61
1.3396,-0.3806,0.6695,-0.4548,-1.68,-89.46,-2.03
1.3401,-0.3782,0.6759,-0.4621,-2.94,-89.25,-2.59
1.3407,-0.3733,0.6842,-0.4616,-4.20,-90.23,-2.73
1.3413,-0.3719,0.6939,-0.4621,-5.25,-89.74,-3.43
1.3418,-0.3748,0.6993,-0.4685,-6.23,-90.93,-3.57
1.3424,-0.3748,0.7066,-0.4685,-8.12,-90.65,-4.41
1.3429,-0.3704,0.7208,-0.4685,-8.68,-91.42,-4.13
1.3435,-0.3650,0.7291,-0.4685,-9.73,-91.56,-5.53
1.3441,-0.3689,0.7374,-0.4738,-10.71,-91.63,-4.69
1.3446,-0.3733,0.7471,-0.4812,-11.76,-92.33,-6.44
1.3452,-0.3723,0.7584,-0.4821,-12.39,-92.54,-5.60
1.3457,-0.3743,0.7706,-0.4836,-13.86,-93.10,-7.28
1.3463,-0.3753,0.7784,-0.4807,-14.21,-92.68,-6.51
1.3469,-0.3762,0.7857,-0.4807,-15.40,-94.29,-7.98
1.3474,-0.3787,0.7969,-0.4831,-15.96,-93.10,-7.00
1.3480,-0.3782,0.8052,-0.4860,-16.94,-94.57,-8.19
1.3485,-0.3792,0.8086,-0.4890,-17.57,-94.15,-7.98
1.3491,-0.3841,0.8164,-0.4895,-18.41,-94.99,-8.40
1.3496,-0.3831,0.8257,-0.4846,-19.11,-94.71,-8.54
1.3502,-0.3816,0.8311,-0.4856,-19.74,-95.41,-8.75
1.3508,-0.3831,0.8364,-0.4953,-19.88,-94.92,-8.54
1.3513,-0.3855,0.8447,-0.5012,-20.79,-96.18,-8.96
1.3519,-0.3880,0.8535,-0.4963,-21.35,-96.04,-9.24
1.3524,-0.3865,0.8735,-0.4958,-22.19,-96.18,-9.24
1.3530,-0.3899,0.8784,-0.4982,-23.10,-96.67,-9.17
1.3535,-0.3948,0.8804,-0.4973,-23.31,-96.67,-9.10
1.3541,-0.3972,0.8852,-0.4953,-23.73,-96.60,-8.89
1.3547,-0.3933,0.8916,-0.5002,-24.01,-97.23,-9.31
1.3552,-0.3938,0.8984,-0.5070,-24.50,-96.46,-8.26
1.3558,-0.3992,0.9057,-0.5085,-24.50,-97.51,-9.31
1.3563,-0.3987,0.9150,-0.5085,-24.71,-97.30,-7.77
1.3569,-0.3938,0.9243,-0.5104,-24.99,-97.86,-9.17
1.3574,-0.3933,0.9331,-0.5080,-25.20,-97.65,-7.49
1.3580,-0.3953,0.9409,-0.5065,-25.62,-97.58,-8.26
1.3586,-0.3909,0.9462,-0.5080,-25.27,-97.51,-7.42
1.3591,-0.3855,0.9536,-0.5139,-25.90,-98.00,-7.42
1.3597,-0.3845,0.9623,-0.5202,-25.27,-97.72,-7.07
1.3602,-0.3875,0.9731,-0.5192,-25.55,-97.79,-7.00
1.3608,-0.3855,0.9848,-0.5178,-25.41,-98.28,-6.65
1.3614,-0.3806,0.9965,-0.5183,-25.55,-97.37,-5.95
1.3619,-0.3816,1.0053,-0.5197,-25.41,-98.98,-6.51
1.3625,-0.3841,1.0131,-0.5173,-24.99,-97.30,-5.11
1.3630,-0.3850,1.0189,-0.5187,-25.13,-98.91,-6.02
1.3636,-0.3875,1.0238,-0.5187,-24.57,-97.30,-4.48
1.3642,-0.3865,1.0360,-0.5261,-25.06,-98.98,-5.46
1.3647,-0.3880,1.0482,-0.5275,-24.01,-97.44,-3.50
1.3653,-0.3909,1.0560,-0.5270,-24.15,-98.91,-5.18
1.3658,-0.3899,1.0648,-0.5275,-23.38,-97.65,-3.43
1.3664,-0.3909,1.0741,-0.5256,-23.80,-98.77,-4.27
1.3670,-0.3914,1.0795,-0.5231,-22.54,-97.93,-2.87
1.3675,-0.3904,1.0843,-0.5222,-22.96,-98.42,-3.43
1.3691,-0.3889,1.0951,-0.5241,-21.77,-98.14,-2.80
1.3706,-0.3919,1.1043,-0.5275,-21.77,-98.07,-2.73
1.3721,-0.3904,1.1097,-0.5275,-20.86,-98.00,-2.24
1.3736,-0.3865,1.1161,-0.5251,-20.51,-97.79,-2.17
1.3752,-0.3914,1.1219,-0.5256,-19.53,-98.00,-1.89
1.3767,-0.3909,1.1302,-0.5290,-19.11,-97.51,-1.05
1.3782,-0.3914,1.1375,-0.5305,-18.76,-97.79,-1.47
1.3798,-0.3928,1.1434,-0.5275,-17.85,-97.09,-0.35
1.3813,-0.3953,1.1507,-0.5256,-17.92,-97.72,-0.77
1.3828,-0.3982,1.1629,-0.5270,-16.38,-97.65,-0.07
1.3844,-0.3982,1.1663,-0.5270,-14.91,-96.18,1.05
1.3859,-0.4006,1.1717,-0.5246,-14.77,-97.02,0.70
1.3874,-0.4002,1.1732,-0.5231,-13.44,-96.18,1.61
1.3890,-0.3977,1.1785,-0.5236,-13.23,-96.95,1.05
1.3905,-0.3977,1.1873,-0.5305,-12.11,-95.69,2.52
1.3920,-0.3982,1.1927,-0.5324,-11.34,-96.04,2.10
1.3936,-0.3967,1.2019,-0.5290,-10.29,-95.55,3.08
1.3951,-0.3992,1.2054,-0.5266,-9.45,-95.55,2.80
1.3966,-0.4002,1.2073,-0.5231,-8.89,-95.27,3.57
1.3982,-0.4036,1.2132,-0.5212,-7.56,-94.71,4.20
1.3982,-0.4109,1.2215,-0.5241,-6.72,-95.20,4.27
1.3982,-0.4143,1.2268,-0.5236,-5.67,-94.36,5.25
1.3983,-0.4187,1.2288,-0.5236,-4.90,-94.36,5.11
1.3983,-0.4226,1.2351,-0.5266,-3.57,-93.10,6.02
1.3984,-0.4265,1.2361,-0.5290,-3.01,-93.94,6.02
1.3984,-0.4255,1.2337,-0.5275,-1.33,-92.61,7.42
1.3984,-0.4241,1.2400,-0.5251,-1.05,-93.10,6.93
1.3985,-0.4319,1.2420,-0.5290,0.84,-92.12,8.61
1.3985,-0.4368,1.2395,-0.5353,0.91,-92.26,8.40
1.3986,-0.4363,1.2381,-0.5329,3.22,-91.21,9.45
1.3986,-0.4397,1.2381,-0.5270,3.29,-91.49,9.10
1.3986,-0.4416,1.2449,-0.5270,4.97,-90.58,10.36
1.3987,-0.4402,1.2493,-0.5309,5.53,-90.44,9.87
1.3987,-0.4416,1.2468,-0.5290,7.28,-89.81,11.41
1.3988,-0.4416,1.2503,-0.5251,7.98,-89.32,11.34
1.3988,-0.4441,1.2566,-0.5275,9.38,-89.18,12.18
1.3988,-0.4529,1.2556,-0.5314,10.15,-88.34,12.32
1.3989,-0.4568,1.2551,-0.5314,11.69,-88.20,13.16
1.3989,-0.4548,1.2571,-0.5270,12.39,-87.43,13.16
1.3990,-0.4602,1.2571,-0.5275,13.65,-87.01,14.21
1.3990,-0.4641,1.2615,-0.5275,14.91,-86.52,14.35
1.3991,-0.4665,1.2644,-0.5280,15.96,-86.45,14.84
1.3991,-0.4719,1.2644,-0.5285,17.15,-84.77,15.82
1.3992,-0.4729,1.2659,-0.5241,18.41,-85.54,14.98
1.3993,-0.4729,1.2673,-0.5256,18.97,-83.93,17.01
1.3993,-0.4729,1.2688,-0.5251,20.93,-84.49,16.03
1.3994,-0.4758,1.2639,-0.5236,21.84,-82.67,17.64
1.3994,-0.4826,1.2590,-0.5231,22.89,-83.58,16.59
1.3995,-0.4860,1.2634,-0.5187,24.22,-81.34,19.32
1.3996,-0.4904,1.2639,-0.5173,25.27,-81.83,17.36
1.3996,-0.4909,1.2615,-0.5168,26.46,-80.36,20.02
1.3997,-0.4914,1.2605,-0.5153,27.65,-80.43,18.41
1.3997,-0.4929,1.2625,-0.5129,28.91,-79.80,20.37
1.3998,-0.4943,1.2644,-0.5124,29.47,-78.96,19.53
1.3999,-0.4978,1.2605,-0.5119,31.29,-78.61,20.93
1.3999,-0.5022,1.2546,-0.5114,31.64,-77.84,20.02
1.4000,-0.5046,1.2522,-0.5085,33.39,-77.63,21.28
1.4000,-0.5046,1.2542,-0.5065,34.16,-76.16,21.49
1.4001,-0.5090,1.2546,-0.5056,35.49,-76.02,21.91
1.4002,-0.5168,1.2493,-0.5026,36.61,-74.90,22.05
1.4007,-0.5187,1.2468,-0.4992,37.59,-74.97,22.33
1.4013,-0.5134,1.2478,-0.4968,38.71,-73.43,22.96
1.4019,-0.5148,1.2434,-0.4958,39.97,-73.71,22.68
1.4025,-0.5168,1.2366,-0.4919,40.81,-72.17,23.94
1.4031,-0.5173,1.2351,-0.4900,41.93,-72.31,22.89
1.4037,-0.5251,1.2312,-0.4890,42.91,-70.63,24.71
1.4042,-0.5275,1.2259,-0.4895,44.87,-69.37,24.99
1.4048,-0.5236,1.2239,-0.4890,45.92,-69.16,23.73
1.4054,-0.5226,1.2185,-0.4856,47.32,-68.11,25.27
1.4060,-0.5241,1.2112,-0.4821,47.88,-67.62,24.43
1.4066,-0.5285,1.2034,-0.4812,49.35,-66.99,25.76
1.4071,-0.5314,1.1971,-0.4812,49.49,-65.73,24.99
1.4077,-0.5324,1.1946,-0.4797,50.89,-65.66,25.55
1.4083,-0.5324,1.1907,-0.4763,51.52,-64.47,25.55
1.4089,-0.5290,1.1844,-0.4763,52.85,-64.40,25.90
1.4095,-0.5270,1.1771,-0.4778,52.92,-62.72,26.39
1.4101,-0.5285,1.1732,-0.4743,54.46,-62.93,26.32
1.4106,-0.5280,1.1658,-0.4704,54.67,-61.46,26.81
1.4112,-0.5275,1.1575,-0.4690,56.14,-61.46,26.60
1.4118,-0.5329,1.1536,-0.4699,56.35,-60.41,27.23
1.4124,-0.5339,1.1473,-0.4665,57.61,-59.99,27.02
1.4130,-0.5319,1.1429,-0.4641,58.24,-59.01,27.72
1.4136,-0.5300,1.1370,-0.4641,58.87,-58.38,27.72
1.4142,-0.5295,1.1278,-0.4592,59.78,-57.19,28.28
1.4148,-0.5261,1.1136,-0.4587,60.20,-57.12,28.07
1.4154,-0.5295,1.1092,-0.4577,61.25,-55.79,28.21
1.4160,-0.5300,1.1034,-0.4534,62.37,-54.25,29.47
1.4166,-0.5270,1.0960,-0.4509,62.65,-54.18,28.77
1.4172,-0.5241,1.0848,-0.4509,63.70,-53.48,29.19
1.4178,-0.5207,1.0785,-0.4499,63.70,-52.43,29.05
1.4184,-0.5231,1.0785,-0.4465,64.89,-52.50,29.61
1.4190,-0.5226,1.0716,-0.4421,64.61,-51.10,29.61
1.4196,-0.5197,1.0629,-0.4441,65.59,-50.96,29.68
1.4202,-0.5212,1.0575,-0.4407,66.08,-49.49,30.10
1.4208,-0.5217,1.0516,-0.4377,66.57,-49.49,29.82
1.4214,-0.5207,1.0448,-0.4377,67.13,-48.65,30.10
1.4220,-0.5168,1.0370,-0.4353,67.06,-48.16,29.89
1.4226,-0.5148,1.0297,-0.4333,67.90,-47.39,30.10
1.4232,-0.5134,1.0253,-0.4348,68.11,-46.69,30.10
1.4238,-0.5119,1.0185,-0.4358,68.74,-46.55,30.10
1.4249,-0.5153,1.0106,-0.4309,68.60,-45.57,30.03
1.4260,-0.5153,1.0048,-0.4250,69.02,-45.43,30.03
1.4272,-0.5100,0.9980,-0.4250,68.95,-44.66,29.96
1.4283,-0.5070,0.9892,-0.4241,69.37,-44.38,30.17
1.4294,-0.5022,0.9819,-0.4260,69.51,-42.91,30.03
1.4305,-0.4968,0.9726,-0.4329,69.86,-43.47,29.89
1.4317,-0.4963,0.9633,-0.4299,69.72,-42.14,29.68
1.4328,-0.4943,0.9575,-0.4255,70.21,-42.77,29.68
1.4339,-0.4831,0.9492,-0.4260,70.00,-41.44,29.68
1.4350,-0.4729,0.9409,-0.4216,70.21,-41.51,29.54
1.4362,-0.4670,0.9379,-0.4207,70.07,-40.46,29.40
1.4373,-0.4646,0.9335,-0.4260,69.93,-40.88,28.98
1.4384,-0.4607,0.9243,-0.4285,70.28,-40.11,29.19
1.4396,-0.4548,0.9204,-0.4260,69.65,-39.76,29.40
1.4407,-0.4529,0.9145,-0.4207,70.35,-39.55,28.84
1.4418,-0.4465,0.9082,-0.4236,69.79,-39.34,28.98
1.4429,-0.4416,0.9028,-0.4285,69.79,-39.34,28.70
1.4441,-0.4407,0.8955,-0.4280,69.72,-38.29,28.63
1.4452,-0.4353,0.8901,-0.4299,69.58,-38.50,28.28
1.4463,-0.4324,0.8847,-0.4309,69.72,-38.15,28.21
1.4475,-0.4319,0.8813,-0.4270,68.88,-38.29,28.00
1.4488,-0.4294,0.8755,-0.4260,68.95,-37.59,27.86
1.4500,-0.4280,0.8613,-0.4285,68.60,-37.03,27.86
1.4512,-0.4221,0.8594,-0.4285,67.76,-38.08,26.67
1.4524,-0.4182,0.8540,-0.4314,68.25,-36.61,27.58
1.4536,-0.4182,0.8511,-0.4353,66.85,-37.52,25.69
1.4549,-0.4202,0.8467,-0.4309,67.27,-36.68,27.09
1.4561,-0.4211,0.8355,-0.4314,66.22,-37.45,25.55
1.4573,-0.4168,0.8276,-0.4319,66.71,-36.82,26.39
1.4585,-0.4133,0.8228,-0.4324,65.45,-36.96,25.06
1.4598,-0.4158,0.8184,-0.4368,65.38,-36.47,25.83
1.4610,-0.4177,0.8135,-0.4382,64.75,-36.68,24.92
1.4622,-0.4177,0.8028,-0.4392,64.33,-36.89,25.13
1.4634,-0.4148,0.7945,-0.4397,63.77,-36.47,24.57
1.4646,-0.4143,0.7896,-0.4392,62.79,-36.75,24.36
1.4659,-0.4197,0.7828,-0.4377,62.51,-36.19,24.15
1.4671,-0.4246,0.7774,-0.4416,61.81,-36.82,23.66
1.4683,-0.4270,0.7715,-0.4460,61.39,-36.54,23.66
1.4695,-0.4309,0.7686,-0.4441,60.55,-36.89,22.96
1.4708,-0.4343,0.7618,-0.4397,59.99,-36.19,23.17
1.4708,-0.4348,0.7549,-0.4372,59.08,-36.96,22.26
1.4709,-0.4348,0.7530,-0.4421,58.80,-36.19,22.82
1.4710,-0.4372,0.7452,-0.4451,57.19,-36.54,21.49
1.4710,-0.4402,0.7388,-0.4382,57.33,-36.19,22.54
1.4711,-0.4490,0.7340,-0.4343,56.00,-37.10,20.93
1.4712,-0.4514,0.7291,-0.4353,55.79,-36.47,21.98
1.4712,-0.4494,0.7247,-0.4372,54.18,-36.68,20.44
1.4713,-0.4543,0.7193,-0.4372,53.97,-36.33,21.21
1.4714,-0.4587,0.7144,-0.4324,52.57,-36.75,19.88
1.4714,-0.4631,0.7135,-0.4255,52.36,-36.40,20.93
1.4715,-0.4660,0.7149,-0.4246,50.96,-36.54,19.46
1.4716,-0.4660,0.7130,-0.4294,50.40,-36.68,20.09
1.4716,-0.4660,0.7115,-0.4285,49.21,-36.54,19.39
1.4717,-0.4690,0.7120,-0.4290,48.51,-36.75,19.04
1.4718,-0.4695,0.7130,-0.4314,47.25,-36.54,19.04
1.4718,-0.4670,0.7139,-0.4285,46.69,-36.75,18.55
1.4719,-0.4670,0.7120,-0.4207,45.22,-36.19,18.34
1.4720,-0.4699,0.7096,-0.4187,44.59,-36.61,17.71
1.4720,-0.4704,0.7091,-0.4236,43.61,-36.40,17.85
1.4721,-0.4690,0.7052,-0.4236,42.70,-37.17,17.01
1.4726,-0.4685,0.7027,-0.4207,41.58,-36.12,17.64
1.4732,-0.4704,0.7047,-0.4177,40.74,-36.96,15.82
1.4737,-0.4734,0.7066,-0.4133,39.97,-36.19,17.15
1.4742,-0.4782,0.7052,-0.4089,38.36,-37.03,15.26
1.4747,-0.4763,0.7066,-0.4099,38.01,-36.82,16.03
1.4752,-0.4748,0.7105,-0.4128,36.61,-36.96,14.49
1.4758,-0.4787,0.7096,-0.4133,35.91,-37.03,15.19
1.4763,-0.4792,0.7081,-0.4143,34.58,-36.89,13.86
1.4768,-0.4773,0.7115,-0.4143,33.95,-36.82,14.35
1.4773,-0.4743,0.7159,-0.4124,32.27,-36.89,13.44
1.4778,-0.4743,0.7144,-0.4138,31.57,-37.38,12.95
1.4784,-0.4743,0.7115,-0.4114,30.66,-36.89,12.39
1.4789,-0.4734,0.7120,-0.4070,29.68,-37.38,11.83
1.4794,-0.4734,0.7159,-0.4075,28.77,-37.24,11.97
1.4799,-0.4743,0.7174,-0.4089,27.16,-37.80,10.85
1.4805,-0.4734,0.7164,-0.4094,26.95,-37.17,10.78
1.4810,-0.4763,0.7178,-0.4094,25.41,-37.45,10.15
1.4815,-0.4792,0.7203,-0.4128,24.78,-37.38,9.66
1.4820,-0.4778,0.7257,-0.4094,23.31,-37.73,8.75
1.4825,-0.4758,0.7276,-0.4114,21.35,-37.73,7.63
1.4841,-0.4743,0.7281,-0.4104,20.86,-37.87,7.98
1.4856,-0.4807,0.7364,-0.4089,18.48,-38.36,7.07
1.4871,-0.4792,0.7369,-0.4099,17.64,-38.43,5.25
1.4886,-0.4782,0.7369,-0.4085,16.59,-38.78,6.02
1.4901,-0.4802,0.7383,-0.4070,15.61,-38.64,4.48
1.4916,-0.4831,0.7413,-0.4085,14.63,-38.85,5.18
1.4932,-0.4812,0.7481,-0.4094,13.79,-38.71,3.50
1.4947,-0.4797,0.7525,-0.4075,12.81,-39.20,3.71
1.4962,-0.4787,0.7535,-0.4036,11.83,-38.99,2.66
1.4977,-0.4787,0.7549,-0.3997,11.20,-39.41,2.38
1.4992,-0.4787,0.7549,-0.3992,9.94,-39.27,2.17
1.5007,-0.4778,0.7603,-0.4031,9.31,-39.34,1.12
1.5023,-0.4841,0.7652,-0.4060,8.19,-39.41,1.54
1.5038,-0.4880,0.7666,-0.4011,7.77,-39.76,0.56
1.5053,-0.4865,0.7676,-0.3953,6.79,-39.76,0.77
1.5068,-0.4846,0.7720,-0.3948,6.16,-39.90,-0.42
1.5083,-0.4860,0.7779,-0.3977,4.90,-40.11,-0.21
1.5098,-0.4875,0.7803,-0.3987,4.62,-39.83,-0.91
1.5114,-0.4885,0.7862,-0.3948,3.36,-40.46,-0.98
1.5129,-0.4914,0.7925,-0.3914,2.94,-39.83,-1.26
1.5129,-0.4895,0.7954,-0.3924,2.10,-40.25,-1.40
1.5130,-0.4909,0.8013,-0.3914,1.40,-40.04,-1.82
1.5131,-0.4958,0.8057,-0.3884,0.98,-40.53,-1.61
1.5131,-0.4939,0.8101,-0.3875,-0.07,-39.97,-2.24
1.5132,-0.4943,0.8164,-0.3884,-0.56,-40.74,-2.45
1.5133,-0.4982,0.8194,-0.3889,-1.19,-39.83,-2.03
1.5133,-0.5026,0.8237,-0.3860,-1.89,-40.88,-3.15
1.5134,-0.5090,0.8281,-0.3831,-2.45,-39.97,-2.38
1.5134,-0.5119,0.8325,-0.3836,-3.08,-40.88,-3.43
1.5135,-0.5178,0.8374,-0.3826,-3.57,-40.32,-2.45
1.5136,-0.5192,0.8413,-0.3826,-4.27,-40.81,-3.71
1.5136,-0.5192,0.8428,-0.3792,-4.48,-40.39,-3.08
1.5137,-0.5226,0.8428,-0.3762,-5.67,-40.46,-3.71
1.5138,-0.5222,0.8447,-0.3762,-5.39,-40.46,-3.36
1.5138,-0.5202,0.8481,-0.3758,-6.51,-40.32,-3.92
1.5139,-0.5158,0.8652,-0.3762,-7.35,-39.83,-3.36
1.5140,-0.5158,0.8696,-0.3767,-7.28,-40.88,-3.99
1.5140,-0.5129,0.8750,-0.3767,-8.12,-39.13,-3.29
1.5141,-0.5104,0.8808,-0.3733,-8.26,-40.53,-4.06
1.5141,-0.5183,0.8852,-0.3704,-8.89,-39.55,-3.43
1.5143,-0.5217,0.8921,-0.3694,-9.45,-40.46,-3.92
1.5144,-0.5197,0.8969,-0.3684,-9.45,-39.13,-3.22
1.5145,-0.5197,0.9008,-0.3699,-9.87,-40.11,-3.92
1.5146,-0.5192,0.9087,-0.3621,-9.87,-39.34,-3.36
1.5147,-0.5241,0.9130,-0.3597,-10.85,-39.69,-3.57
1.5148,-0.5280,0.9150,-0.3626,-10.22,-39.62,-3.29
1.5149,-0.5261,0.9204,-0.3636,-11.13,-39.76,-3.71
1.5150,-0.5285,0.9238,-0.3640,-10.78,-39.06,-3.22
1.5152,-0.5280,0.9277,-0.3621,-11.48,-39.06,-3.36
1.5153,-0.5300,0.9306,-0.3592,-11.13,-39.13,-2.87
1.5154,-0.5319,0.9345,-0.3616,-11.90,-38.85,-3.22
1.5155,-0.5314,0.9399,-0.3631,-11.62,-38.50,-2.73
1.5156,-0.5358,0.9394,-0.3592,-11.69,-38.64,-2.66
1.5157,-0.5373,0.9414,-0.3582,-11.90,-38.22,-2.45
1.5158,-0.5383,0.9477,-0.3558,-12.04,-38.15,-2.52
1.5159,-0.5407,0.9540,-0.3558,-12.46,-37.52,-1.96
1.5161,-0.5456,0.9575,-0.3528,-12.18,-37.66,-2.17
1.5162,-0.5475,0.9653,-0.3518,-12.46,-37.10,-1.54
1.5163,-0.5436,0.9701,-0.3533,-12.39,-37.45,-1.82
1.5164,-0.5412,0.9687,-0.3523,-12.25,-36.82,-0.91
1.5169,-0.5417,0.9672,-0.3484,-12.88,-36.68,-1.47
1.5174,-0.5436,0.9750,-0.3460,-12.04,-36.54,-0.77
1.5179,-0.5461,0.9823,-0.3431,-12.95,-36.47,-0.63
1.5184,-0.5436,0.9867,-0.3431,-11.83,-34.65,-0.28
1.5189,-0.5451,0.9921,-0.3431,-11.83,-37.10,-0.63
1.5194,-0.5485,0.9955,-0.3377,-12.67,-33.95,-0.21
1.5199,-0.5475,1.0024,-0.3338,-12.11,-36.61,-0.21
1.5204,-0.5490,1.0033,-0.3338,-11.83,-32.90,0.14
1.5209,-0.5490,1.0082,-0.3367,-12.53,-36.61,0.21
1.5214,-0.5505,1.0146,-0.3382,-11.55,-32.69,-0.14
1.5219,-0.5529,1.0170,-0.3318,-12.46,-35.77,0.35
1.5224,-0.5529,1.0238,-0.3294,-10.50,-31.85,0.28
1.5229,-0.5607,1.0233,-0.3289,-10.36,-31.29,0.70
1.5234,-0.5592,1.0282,-0.3289,-11.76,-34.16,0.98
1.5239,-0.5558,1.0336,-0.3279,-9.73,-31.29,0.98
1.5244,-0.5607,1.0346,-0.3245,-11.90,-32.97,0.91
1.5249,-0.5666,1.0350,-0.3216,-9.73,-30.87,1.68
1.5254,-0.5680,1.0375,-0.3172,-10.92,-31.71,0.91
1.5259,-0.5690,1.0360,-0.3152,-9.38,-30.38,2.45
1.5264,-0.5710,1.0360,-0.3152,-10.29,-30.80,1.12
1.5270,-0.5773,1.0380,-0.3123,-9.38,-30.10,3.08
1.5276,-0.5797,1.0350,-0.3109,-9.10,-29.68,1.40
1.5281,-0.5793,1.0297,-0.3113,-8.89,-29.82,3.64
1.5287,-0.5802,1.0258,-0.3109,-8.33,-28.21,1.96
1.5293,-0.5788,1.0297,-0.3094,-8.89,-29.82,3.64
1.5299,-0.5836,1.0360,-0.3113,-7.63,-26.81,2.94
1.5304,-0.5895,1.0419,-0.3113,-8.40,-28.49,4.48
1.5310,-0.5895,1.0438,-0.3094,-7.28,-26.39,3.57
1.5316,-0.5895,1.0385,-0.3050,-7.35,-27.02,5.04
1.5321,-0.5890,1.0350,-0.3006,-6.65,-25.90,4.48
1.5327,-0.5885,1.0365,-0.2977,-6.72,-26.18,5.25
1.5333,-0.5866,1.0355,-0.2904,-6.44,-24.99,5.11
1.5338,-0.5841,1.0370,-0.2869,-5.81,-24.92,5.81
1.5344,-0.5841,1.0443,-0.2850,-5.18,-23.66,6.23
1.5350,-0.5817,1.0448,-0.2845,-5.11,-23.73,6.93
1.5355,-0.5807,1.0443,-0.2840,-4.27,-22.54,6.16
1.5361,-0.5797,1.0404,-0.2801,-4.62,-22.40,7.98
1.5367,-0.5832,1.0390,-0.2816,-3.71,-21.63,6.58
1.5372,-0.5836,1.0399,-0.2865,-3.64,-21.14,8.68
1.5378,-0.5817,1.0419,-0.2850,-3.15,-20.79,6.72
1.5384,-0.5851,1.0472,-0.2791,-3.08,-20.09,9.03
1.5390,-0.5846,1.0482,-0.2826,-2.94,-19.53,7.35
1.5396,-0.5836,1.0438,-0.2826,-1.68,-19.67,9.10
1.5402,-0.5871,1.0424,-0.2826,-2.45,-18.13,7.84
1.5408,-0.5910,1.0419,-0.2840,-0.98,-18.20,9.38
1.5414,-0.5915,1.0424,-0.2801,-1.89,-17.64,8.26
1.5420,-0.5905,1.0409,-0.2816,-0.35,-17.78,9.45
1.5426,-0.5929,1.0433,-0.2830,-1.12,-16.24,8.96
1.5432,-0.5919,1.0443,-0.2806,0.28,-16.17,9.66
1.5438,-0.5910,1.0399,-0.2791,0.14,-15.54,9.24
1.5444,-0.5924,1.0385,-0.2801,0.56,-15.05,10.08
1.5450,-0.5929,1.0346,-0.2821,0.77,-14.70,9.38
1.5456,-0.5915,1.0326,-0.2796,1.47,-13.79,10.15
1.5462,-0.5915,1.0336,-0.2796,1.40,-13.37,10.01
1.5468,-0.5915,1.0336,-0.2826,2.03,-12.74,10.22
1.5474,-0.5944,1.0297,-0.2821,2.38,-12.74,10.43
1.5480,-0.5968,1.0258,-0.2826,2.59,-11.69,10.50
1.5486,-0.5934,1.0238,-0.2801,3.22,-11.55,11.13
1.5492,-0.5958,1.0224,-0.2796,2.87,-10.85,10.43
1.5498,-0.5978,1.0224,-0.2830,3.64,-10.50,11.13
1.5504,-0.5968,1.0219,-0.2826,3.85,-9.94,10.71
1.5510,-0.5963,1.0204,-0.2821,4.62,-9.59,11.83
1.5515,-0.5929,1.0189,-0.2811,4.27,-8.33,11.06
1.5521,-0.5919,1.0170,-0.2772,5.04,-8.40,11.83
1.5527,-0.5895,1.0087,-0.2772,5.53,-7.84,10.85
1.5532,-0.5910,1.0077,-0.2806,5.53,-7.21,12.25
1.5538,-0.5934,1.0102,-0.2772,6.16,-6.86,11.27
1.5544,-0.5876,1.0067,-0.2762,5.95,-6.09,12.04
1.5549,-0.5836,1.0111,-0.2733,7.42,-4.83,12.32
1.5555,-0.5841,1.0131,-0.2704,6.65,-4.90,11.20
1.5561,-0.5856,1.0121,-0.2704,7.84,-3.85,11.69
1.5566,-0.5832,1.0111,-0.2694,7.28,-4.41,11.34
1.5572,-0.5841,1.0082,-0.2684,8.61,-2.94,11.41
1.5578,-0.5827,1.0087,-0.2713,7.70,-3.22,11.20
1.5584,-0.5822,1.0082,-0.2738,9.10,-2.03,11.41
1.5589,-0.5841,1.0058,-0.2733,8.68,-2.31,10.57
1.5595,-0.5880,1.0014,-0.2728,9.17,-1.26,11.27
1.5601,-0.5924,0.9970,-0.2713,9.38,-1.47,10.15
1.5606,-0.5929,0.9945,-0.2694,9.52,-0.49,10.57
1.5612,-0.5885,0.9950,-0.2679,9.87,-0.14,10.29
1.5617,-0.5885,0.9941,-0.2660,10.08,0.00,10.01
1.5622,-0.5929,0.9921,-0.2660,10.22,0.91,9.94
1.5627,-0.5919,0.9911,-0.2664,10.22,0.70,9.38
1.5631,-0.5900,0.9862,-0.2650,10.85,1.68,9.66
1.5636,-0.5919,0.9848,-0.2650,10.85,2.03,9.45
1.5641,-0.5954,0.9838,-0.2616,11.34,2.10,9.03
1.5646,-0.5958,0.9804,-0.2567,11.06,2.38,8.89
1.5651,-0.5929,0.9794,-0.2567,11.76,4.06,8.40
1.5656,-0.5929,0.9770,-0.2591,12.39,4.20,8.54
1.5660,-0.5949,0.9706,-0.2586,11.76,4.62,7.56
1.5665,-0.5944,0.9658,-0.2606,12.32,4.69,8.05
1.5670,-0.5958,0.9618,-0.2567,12.46,5.32,7.14
1.5675,-0.5958,0.9584,-0.2538,12.46,5.25,7.63
1.5680,-0.5949,0.9555,-0.2533,12.46,6.09,6.30
1.5685,-0.5915,0.9536,-0.2533,12.39,6.16,7.00
1.5690,-0.5900,0.9496,-0.2542,12.95,6.65,5.95
1.5694,-0.5919,0.9462,-0.2508,13.02,6.93,6.37
1.5699,-0.5934,0.9472,-0.2523,13.02,7.56,5.81
1.5704,-0.5924,0.9453,-0.2547,13.30,7.28,5.46
1.5709,-0.5885,0.9453,-0.2518,13.30,8.54,5.18
1.5728,-0.5866,0.9443,-0.2479,13.30,8.26,4.97
1.5748,-0.5851,0.9384,-0.2489,13.44,8.61,4.41
1.5767,-0.5851,0.9374,-0.2518,13.16,8.89,4.34
1.5786,-0.5841,0.9350,-0.2528,13.58,9.45,3.92
1.5806,-0.5832,0.9331,-0.2479,13.09,9.45,3.50
1.5825,-0.5812,0.9389,-0.2460,13.58,9.87,2.80
1.5844,-0.5832,0.9394,-0.2489,13.44,10.36,2.73
1.5864,-0.5866,0.9321,-0.2513,13.37,10.08,2.24
1.5883,-0.5827,0.9311,-0.2479,13.79,10.71,1.96
1.5902,-0.5802,0.9355,-0.2435,13.44,10.57,1.61
1.5922,-0.5832,0.9331,-0.2425,13.72,11.34,0.91
1.5941,-0.5817,0.9326,-0.2411,13.58,10.78,0.77
1.5960,-0.5797,0.9335,-0.2416,13.58,11.83,0.07
1.5979,-0.5817,0.9321,-0.2420,13.58,11.41,-0.07
1.5999,-0.5832,0.9345,-0.2425,13.44,11.97,-0.77
1.6018,-0.5817,0.9355,-0.2450,13.65,11.69,-1.19
1.6037,-0.5822,0.9355,-0.2440,13.65,12.18,-1.75
1.6057,-0.5788,0.9345,-0.2416,13.30,12.32,-1.89
1.6076,-0.5744,0.9301,-0.2416,13.86,12.46,-2.94
1.6095,-0.5758,0.9306,-0.2416,13.30,12.25,-2.94
1.6096,-0.5802,0.9345,-0.2396,13.51,12.67,-3.71
1.6096,-0.5778,0.9389,-0.2411,13.16,12.53,-4.34
1.6097,-0.5729,0.9379,-0.2425,13.51,13.02,-4.62
1.6097,-0.5705,0.9365,-0.2435,13.23,12.74,-5.46
1.6098,-0.5636,0.9394,-0.2460,13.16,12.74,-6.02
1.6098,-0.5583,0.9374,-0.2460,13.16,13.02,-6.23
1.6099,-0.5588,0.9345,-0.2455,12.95,12.39,-7.07
1.6099,-0.5549,0.9370,-0.2450,13.23,12.67,-7.42
1.6100,-0.5514,0.9394,-0.2469,12.81,12.39,-8.26
1.6100,-0.5510,0.9389,-0.2479,13.23,13.30,-8.40
1.6101,-0.5475,0.9399,-0.2484,12.81,12.32,-9.31
1.6101,-0.5456,0.9414,-0.2469,12.74,12.67,-9.73
1.6102,-0.5441,0.9418,-0.2503,12.74,12.39,-10.64
1.6102,-0.5392,0.9433,-0.2513,12.67,12.67,-10.99
1.6103,-0.5344,0.9462,-0.2455,12.32,12.04,-11.55
1.6103,-0.5339,0.9457,-0.2460,12.53,12.39,-11.76
1.6104,-0.5344,0.9438,-0.2494,12.39,11.97,-12.67
1.6104,-0.5280,0.9423,-0.2503,12.53,11.83,-12.95
1.6105,-0.5202,0.9423,-0.2523,12.25,11.48,-14.07
1.6105,-0.5222,0.9433,-0.2523,12.53,11.69,-14.00
1.6108,-0.5241,0.9448,-0.2518,12.04,10.71,-14.77
1.6112,-0.5197,0.9453,-0.2523,12.11,10.64,-15.47
1.6115,-0.5178,0.9453,-0.2547,12.04,10.57,-15.61
1.6118,-0.5178,0.9457,-0.2577,11.76,10.50,-15.96
1.6121,-0.5178,0.9462,-0.2562,11.69,10.78,-16.31
1.6125,-0.5124,0.9472,-0.2572,11.69,9.59,-17.57
1.6128,-0.5119,0.9477,-0.2586,11.48,8.75,-17.92
1.6131,-0.5153,0.9482,-0.2616,11.34,9.66,-17.99
1.6134,-0.5168,0.9462,-0.2621,11.34,8.19,-18.97
1.6137,-0.5139,0.9433,-0.2630,11.41,8.96,-18.83
1.6141,-0.5124,0.9443,-0.2625,11.34,7.98,-19.25
1.6144,-0.5114,0.9443,-0.2577,11.27,7.77,-19.74
1.6147,-0.5104,0.9404,-0.2562,10.99,7.07,-20.02
1.6150,-0.5144,0.9418,-0.2567,10.99,7.21,-20.16
1.6153,-0.5163,0.9443,-0.2601,10.92,7.00,-20.23
1.6157,-0.5192,0.9399,-0.2596,10.85,6.16,-20.72
1.6160,-0.5173,0.9389,-0.2567,10.85,6.44,-20.79
1.6163,-0.5124,0.9404,-0.2572,10.50,5.88,-20.86
1.6166,-0.5095,0.9370,-0.2611,10.43,5.53,-21.35
1.6170,-0.5114,0.9414,-0.2635,10.29,5.11,-20.93
1.6175,-0.5124,0.9423,-0.2562,10.36,4.83,-21.91
1.6181,-0.5158,0.9414,-0.2557,10.29,4.13,-21.42
1.6187,-0.5153,0.9414,-0.2538,9.80,3.64,-21.63
1.6193,-0.5173,0.9418,-0.2513,9.94,4.06,-21.28
1.6198,-0.5207,0.9404,-0.2528,9.73,2.87,-21.98
1.6204,-0.5202,0.9370,-0.2552,9.45,3.08,-21.28
1.6210,-0.5202,0.9394,-0.2503,9.59,2.24,-21.63
1.6216,-0.5275,0.9394,-0.2460,9.66,1.96,-21.42
1.6222,-0.5256,0.9370,-0.2489,9.24,1.68,-21.42
1.6227,-0.5222,0.9394,-0.2489,9.10,1.47,-21.21
1.6233,-0.5231,0.9389,-0.2464,9.45,1.40,-21.00
1.6239,-0.5275,0.9414,-0.2508,9.03,0.77,-20.93
1.6245,-0.5319,0.9399,-0.2542,9.17,0.42,-20.86
1.6251,-0.5324,0.9355,-0.2513,8.75,0.07,-20.58
1.6256,-0.5373,0.9370,-0.2474,9.10,-0.35,-20.79
1.6262,-0.5368,0.9404,-0.2503,8.54,-0.49,-20.30
1.6268,-0.5373,0.9418,-0.2557,8.61,-0.98,-20.44
1.6274,-0.5407,0.9374,-0.2513,8.47,-0.77,-19.46
1.6280,-0.5412,0.9394,-0.2460,8.54,-1.47,-19.88
1.6285,-0.5441,0.9433,-0.2464,8.33,-1.54,-19.32
1.6291,-0.5490,0.9438,-0.2494,8.26,-2.31,-19.04
1.6296,-0.5470,0.9428,-0.2518,8.26,-2.03,-19.04
1.6302,-0.5485,0.9423,-0.2523,8.12,-2.38,-18.34
1.6307,-0.5524,0.9428,-0.2513,8.12,-3.08,-18.62
1.6312,-0.5500,0.9423,-0.2489,7.98,-3.08,-17.71
1.6318,-0.5529,0.9409,-0.2484,8.12,-3.71,-18.20
1.6323,-0.5568,0.9418,-0.2464,7.77,-3.57,-16.87
1.6328,-0.5578,0.9448,-0.2489,7.84,-4.06,-17.78
1.6334,-0.5597,0.9482,-0.2523,8.12,-4.34,-16.45
1.6339,-0.5602,0.9492,-0.2479,7.56,-4.41,-16.80
1.6344,-0.5607,0.9477,-0.2420,7.91,-4.83,-16.10
1.6350,-0.5641,0.9496,-0.2445,7.21,-4.62,-15.75
1.6355,-0.5656,0.9501,-0.2499,7.91,-5.25,-15.40
1.6361,-0.5666,0.9462,-0.2499,7.28,-5.18,-14.98
1.6366,-0.5710,0.9487,-0.2518,7.70,-5.81,-15.05
1.6371,-0.5734,0.9521,-0.2523,7.21,-5.81,-14.21
1.6377,-0.5729,0.9487,-0.2484,7.42,-5.88,-14.21
1.6382,-0.5758,0.9443,-0.2494,7.14,-6.16,-13.65
1.6387,-0.5817,0.9433,-0.2513,7.56,-6.65,-13.37
1.6393,-0.5841,0.9428,-0.2513,7.07,-6.86,-13.02
1.6405,-0.5841,0.9409,-0.2484,7.07,-6.58,-12.39
1.6417,-0.5861,0.9423,-0.2474,7.07,-7.14,-12.60
1.6429,-0.5910,0.9418,-0.2503,6.86,-6.51,-11.41
1.6441,-0.5954,0.9394,-0.2513,7.00,-7.63,-11.62
1.6453,-0.5963,0.9399,-0.2494,6.72,-7.14,-10.71
1.6465,-0.5978,0.9404,-0.2499,6.79,-7.77,-10.71
1.6477,-0.5988,0.9370,-0.2489,6.79,-7.21,-10.08
1.6489,-0.6027,0.9350,-0.2503,7.00,-7.91,-9.80
1.6501,-0.6066,0.9350,-0.2503,6.44,-7.42,-8.89
1.6513,-0.6085,0.9360,-0.2499,6.86,-8.40,-9.17
1.6525,-0.6110,0.9355,-0.2523,6.44,-7.63,-7.91
1.6537,-0.6129,0.9321,-0.2508,6.58,-8.40,-8.40
1.6549,-0.6144,0.9326,-0.2508,6.51,-7.98,-7.42
1.6561,-0.6178,0.9326,-0.2513,6.23,-8.05,-7.14
1.6573,-0.6237,0.9257,-0.2528,6.51,-8.26,-6.51
1.6585,-0.6237,0.9252,-0.2508,6.30,-8.40,-6.02
1.6597,-0.6266,0.9248,-0.2503,6.58,-8.12,-5.81
1.6610,-0.6310,0.9213,-0.2489,6.09,-8.40,-5.11
1.6622,-0.6300,0.9179,-0.2494,5.67,-8.47,-3.99
1.6634,-0.6334,0.9155,-0.2494,6.23,-8.75,-4.48
1.6638,-0.6383,0.9126,-0.2499,5.88,-8.47,-3.01
1.6642,-0.6393,0.9111,-0.2489,6.23,-8.40,-3.29
1.6646,-0.6412,0.9111,-0.2484,5.67,-7.91,-2.17
1.6651,-0.6427,0.9087,-0.2464,5.60,-8.47,-2.59
1.6655,-0.6427,0.9052,-0.2425,5.60,-7.98,-0.77
1.6659,-0.6451,0.9072,-0.2435,5.53,-8.40,-1.89
1.6663,-0.6500,0.9048,-0.2440,5.39,-7.98,-0.28
1.6668,-0.6529,0.9013,-0.2430,5.11,-7.98,-0.77
1.6672,-0.6510,0.9023,-0.2450,5.46,-7.63,0.35
1.6676,-0.6544,0.9023,-0.2469,4.83,-7.91,0.49
1.6680,-0.6598,0.8994,-0.2469,5.25,-7.42,1.33
1.6685,-0.6603,0.8979,-0.2455,4.69,-7.70,1.33
1.6689,-0.6603,0.8969,-0.2464,4.97,-7.35,1.96
1.6693,-0.6637,0.8916,-0.2460,4.13,-7.91,2.03
1.6697,-0.6661,0.8882,-0.2435,4.97,-6.72,2.94
1.6702,-0.6651,0.8877,-0.2445,3.78,-7.63,2.80
1.6706,-0.6661,0.8882,-0.2479,4.83,-6.51,3.85
1.6710,-0.6730,0.8847,-0.2435,4.13,-6.23,4.34
1.6714,-0.6754,0.8769,-0.2435,3.85,-7.00,4.90
1.6719,-0.6744,0.8725,-0.2435,3.99,-6.37,4.55
1.6719,-0.6734,0.8721,-0.2416,3.29,-6.30,5.60
1.6720,-0.6744,0.8716,-0.2425,3.64,-6.02,5.74
1.6721,-0.6783,0.8696,-0.2450,3.22,-5.46,6.37
1.6721,-0.6793,0.8672,-0.2430,3.01,-6.02,6.16
1.6722,-0.6812,0.8628,-0.2420,2.94,-4.97,7.14
1.6723,-0.6822,0.8628,-0.2435,2.59,-5.60,6.65
1.6723,-0.6798,0.8657,-0.2411,3.08,-4.41,8.05
1.6724,-0.6798,0.8628,-0.2406,1.96,-5.32,7.35
1.6725,-0.6769,0.8579,-0.2381,2.66,-4.34,8.75
1.6725,-0.6739,0.8564,-0.2396,1.68,-4.83,8.12
1.6726,-0.6764,0.8550,-0.2435,2.17,-4.06,9.03
1.6727,-0.6773,0.8501,-0.2425,1.26,-4.20,8.82
1.6727,-0.6773,0.8501,-0.2435,1.96,-3.57,9.52
1.6728,-0.6764,0.8486,-0.2435,1.19,-3.71,9.31
1.6729,-0.6730,0.8423,-0.2396,1.26,-3.22,9.94
1.6729,-0.6749,0.8408,-0.2386,1.05,-3.29,9.94
1.6730,-0.6778,0.8379,-0.2406,0.77,-2.80,10.29
1.6731,-0.6769,0.8350,-0.2420,0.56,-3.01,10.57
1.6731,-0.6754,0.8340,-0.2440,0.42,-2.10,11.20
1.6732,-0.6730,0.8325,-0.2425,0.21,-2.73,10.57
1.6737,-0.6725,0.8320,-0.2372,0.00,-1.82,11.55
1.6743,-0.6734,0.8281,-0.2381,0.00,-1.75,11.48
1.6748,-0.6730,0.8286,-0.2411,-0.49,-1.19,12.25
1.6753,-0.6705,0.8301,-0.2411,-0.70,-1.19,11.90
1.6759,-0.6671,0.8272,-0.2440,-0.98,-0.70,12.53
1.6764,-0.6681,0.8267,-0.2460,-0.91,-0.77,12.39
1.6769,-0.6710,0.8233,-0.2425,-1.33,-1.12,12.32
1.6775,-0.6725,0.8174,-0.2401,-1.33,0.07,12.88
1.6780,-0.6690,0.8135,-0.2391,-1.89,-0.28,12.74
1.6785,-0.6676,0.8159,-0.2381,-1.68,0.49,13.23
1.6791,-0.6700,0.8174,-0.2352,-2.31,0.35,12.88
1.6796,-0.6695,0.8130,-0.2352,-2.38,1.26,13.58
1.6801,-0.6715,0.8091,-0.2391,-2.73,0.77,13.16
1.6806,-0.6705,0.8076,-0.2396,-2.73,1.82,13.93
1.6812,-0.6676,0.8072,-0.2367,-3.29,0.91,13.16
1.6817,-0.6690,0.8076,-0.2357,-3.29,2.45,14.21
1.6822,-0.6730,0.8067,-0.2347,-3.85,1.40,13.37
1.6828,-0.6730,0.8042,-0.2308,-3.92,2.73,14.77
1.6833,-0.6690,0.7998,-0.2333,-3.99,2.38,13.23
1.6838,-0.6720,0.7974,-0.2352,-4.13,3.36,14.91
1.6852,-0.6705,0.7998,-0.2328,-4.69,3.15,13.86
1.6865,-0.6661,0.8018,-0.2303,-5.04,3.71,14.77
1.6878,-0.6681,0.7984,-0.2308,-5.18,3.50,13.79
1.6892,-0.6681,0.7930,-0.2318,-5.18,3.99,14.77
1.6905,-0.6671,0.7920,-0.2303,-5.67,4.48,14.14
1.6918,-0.6661,0.7930,-0.2308,-5.88,4.83,14.98
1.6931,-0.6642,0.7910,-0.2328,-6.23,4.83,14.28
1.6945,-0.6603,0.7896,-0.2338,-6.23,4.90,14.98
1.6958,-0.6583,0.7901,-0.2298,-6.65,5.39,14.42
1.6971,-0.6564,0.7867,-0.2308,-7.07,5.60,14.49
1.6985,-0.6539,0.7857,-0.2313,-7.00,6.16,14.63
1.6998,-0.6539,0.7867,-0.2289,-7.56,5.88,14.28
1.7011,-0.6529,0.7842,-0.2294,-7.56,6.93,15.19
1.7024,-0.6525,0.7832,-0.2284,-7.91,6.02,13.93
1.7038,-0.6534,0.7828,-0.2269,-7.70,7.91,15.68
1.7051,-0.6515,0.7832,-0.2294,-8.61,6.37,13.65
1.7064,-0.6495,0.7837,-0.2308,-8.47,7.98,15.19
1.7078,-0.6495,0.7808,-0.2274,-9.10,7.21,13.72
1.7091,-0.6481,0.7842,-0.2279,-8.75,8.26,15.12
1.7104,-0.6442,0.7881,-0.2284,-9.66,7.77,13.72
1.7105,-0.6407,0.7867,-0.2255,-9.45,8.68,15.40
1.7105,-0.6368,0.7832,-0.2274,-10.29,8.05,13.58
1.7106,-0.6344,0.7788,-0.2269,-9.59,8.54,14.98
1.7106,-0.6305,0.7813,-0.2269,-11.06,8.96,13.72
1.7107,-0.6295,0.7813,-0.2318,-10.29,9.31,14.70
1.7107,-0.6334,0.7798,-0.2289,-11.34,9.31,13.30
1.7108,-0.6295,0.7803,-0.2274,-10.85,10.01,14.42
1.7108,-0.6266,0.7808,-0.2269,-11.55,9.73,13.58
1.7109,-0.6237,0.7803,-0.2289,-11.41,9.80,13.93
1.7109,-0.6217,0.7764,-0.2347,-12.25,10.57,13.51
1.7109,-0.6227,0.7808,-0.2318,-12.04,10.22,13.44
1.7110,-0.6193,0.7779,-0.2347,-12.39,10.71,13.65
1.7110,-0.6188,0.7759,-0.2313,-12.74,10.92,13.16
1.7111,-0.6115,0.7735,-0.2274,-13.37,11.06,12.53
1.7111,-0.6105,0.7759,-0.2318,-13.02,11.13,13.30
1.7112,-0.6134,0.7798,-0.2328,-13.79,11.55,11.97
1.7112,-0.6120,0.7788,-0.2264,-13.86,11.69,13.09
1.7113,-0.6100,0.7803,-0.2289,-14.14,11.34,11.69
1.7113,-0.6100,0.7793,-0.2303,-14.07,11.90,12.60
1.7114,-0.6090,0.7759,-0.2308,-14.56,11.90,11.62
1.7116,-0.6095,0.7725,-0.2328,-14.42,12.46,12.60
1.7119,-0.6080,0.7706,-0.2294,-14.84,12.04,11.06
1.7121,-0.5998,0.7686,-0.2289,-15.05,12.74,12.25
1.7124,-0.5978,0.7657,-0.2318,-15.40,12.53,10.99
1.7126,-0.5939,0.7632,-0.2308,-15.82,12.95,11.69
1.7129,-0.5880,0.7613,-0.2259,-16.24,12.81,10.99
1.7131,-0.5885,0.7584,-0.2264,-15.89,12.95,10.99
1.7133,-0.5866,0.7559,-0.2264,-16.73,13.30,10.99
1.7136,-0.5812,0.7593,-0.2235,-16.59,13.23,10.57
1.7138,-0.5797,0.7544,-0.2294,-17.01,13.58,10.78
1.7141,-0.5827,0.7466,-0.2245,-17.15,13.02,9.73
1.7143,-0.5812,0.7447,-0.2230,-17.99,14.00,9.73
1.7146,-0.5734,0.7437,-0.2225,-17.78,13.58,10.64
1.7148,-0.5724,0.7442,-0.2235,-18.41,14.14,9.45
1.7151,-0.5714,0.7369,-0.2225,-18.48,14.00,10.22
1.7153,-0.5666,0.7320,-0.2196,-18.97,14.14,9.31
1.7156,-0.5661,0.7330,-0.2167,-19.11,14.28,10.22
1.7158,-0.5646,0.7305,-0.2176,-19.53,14.21,9.38
1.7160,-0.5602,0.7257,-0.2191,-19.74,14.49,10.15
1.7163,-0.5592,0.7232,-0.2176,-19.95,14.49,9.17
1.7169,-0.5588,0.7242,-0.2216,-20.30,14.77,10.22
1.7175,-0.5544,0.7227,-0.2225,-20.86,14.49,8.89
1.7182,-0.5578,0.7203,-0.2167,-20.44,14.77,9.66
1.7188,-0.5568,0.7183,-0.2123,-21.49,14.98,9.24
1.7194,-0.5519,0.7154,-0.2128,-21.49,14.84,9.45
1.7201,-0.5500,0.7154,-0.2128,-22.12,15.26,9.10
1.7207,-0.5480,0.7164,-0.2098,-21.77,15.26,9.31
1.7213,-0.5480,0.7139,-0.2084,-22.40,15.40,9.52
1.7220,-0.5461,0.7110,-0.2074,-22.54,15.05,8.96
1.7226,-0.5427,0.7125,-0.2059,-23.17,15.61,9.38
1.7232,-0.5407,0.7144,-0.2045,-23.17,15.47,8.82
1.7239,-0.5373,0.7135,-0.2001,-23.73,15.75,9.38
1.7245,-0.5363,0.7135,-0.1981,-23.94,15.54,8.54
1.7251,-0.5378,0.7149,-0.2011,-23.87,16.10,9.80
1.7258,-0.5348,0.7135,-0.2030,-24.57,15.75,8.19
1.7264,-0.5348,0.7130,-0.2011,-24.50,16.17,9.87
1.7270,-0.5305,0.7100,-0.1957,-25.13,16.10,8.26
1.7276,-0.5261,0.7100,-0.1942,-24.64,16.38,9.45
1.7283,-0.5246,0.7130,-0.1952,-25.76,16.66,8.40
1.7289,-0.5251,0.7130,-0.1962,-25.41,16.66,9.17
1.7294,-0.5261,0.7120,-0.1942,-26.32,16.87,8.47
1.7299,-0.5266,0.7081,-0.1918,-25.76,16.38,8.89
1.7304,-0.5261,0.7056,-0.1913,-26.88,17.22,8.61
1.7310,-0.5241,0.7100,-0.1898,-26.46,16.66,8.47
1.7315,-0.5231,0.7130,-0.1893,-26.88,17.29,8.05
1.7320,-0.5222,0.7159,-0.1854,-27.23,17.01,8.68
1.7325,-0.5226,0.7144,-0.1825,-27.72,17.85,8.40
1.7330,-0.5207,0.7096,-0.1874,-27.72,17.15,7.98
1.7335,-0.5187,0.7120,-0.1903,-27.86,17.43,8.12
1.7340,-0.5153,0.7159,-0.1893,-28.42,17.57,7.91
1.7345,-0.5139,0.7110,-0.1830,-28.77,17.71,8.19
1.7350,-0.5168,0.7100,-0.1820,-28.91,17.71,7.77
1.7356,-0.5153,0.7149,-0.1850,-29.12,18.20,7.63
1.7361,-0.5124,0.7130,-0.1854,-29.26,18.41,7.91
1.7366,-0.5104,0.7125,-0.1825,-29.40,18.06,7.56
1.7371,-0.5124,0.7135,-0.1796,-29.68,18.06,7.49
1.7376,-0.5178,0.7115,-0.1801,-29.89,18.48,7.84
1.7381,-0.5187,0.7130,-0.1815,-29.82,18.69,7.07
1.7386,-0.5163,0.7154,-0.1840,-29.96,18.90,7.49
1.7391,-0.5148,0.7178,-0.1845,-30.59,18.90,6.86
1.7397,-0.5144,0.7178,-0.1825,-30.31,18.90,6.86
1.7403,-0.5163,0.7169,-0.1815,-30.87,18.90,6.79
1.7408,-0.5183,0.7149,-0.1786,-30.94,19.53,6.72
1.7414,-0.5197,0.7135,-0.1742,-31.50,19.53,6.86
1.7419,-0.5173,0.7139,-0.1757,-31.43,19.67,6.51
1.7425,-0.5187,0.7154,-0.1732,-31.57,19.60,6.30
1.7431,-0.5183,0.7144,-0.1688,-31.57,20.23,6.30
1.7436,-0.5192,0.7144,-0.1698,-31.99,20.58,6.02
1.7442,-0.5187,0.7159,-0.1703,-32.41,20.44,5.25
1.7448,-0.5197,0.7154,-0.1708,-32.20,20.86,6.16
1.7453,-0.5192,0.7178,-0.1688,-32.76,20.58,5.25
1.7459,-0.5192,0.7183,-0.1625,-32.69,21.28,5.74
1.7464,-0.5207,0.7183,-0.1615,-33.18,20.93,4.48
1.7470,-0.5202,0.7208,-0.1635,-32.83,21.98,5.39
1.7476,-0.5222,0.7203,-0.1581,-33.39,21.77,4.41
1.7481,-0.5226,0.7198,-0.1537,-33.18,22.05,5.11
1.7487,-0.5217,0.7198,-0.1523,-33.88,22.33,4.55
1.7493,-0.5236,0.7198,-0.1484,-33.39,22.26,4.06
1.7498,-0.5246,0.7213,-0.1488,-33.74,22.89,4.34
1.7504,-0.5256,0.7174,-0.1479,-33.74,22.54,3.71
1.7510,-0.5256,0.7135,-0.1454,-33.95,23.17,4.13
1.7515,-0.5236,0.7159,-0.1464,-34.16,23.03,3.29
1.7521,-0.5261,0.7203,-0.1420,-33.88,23.73,3.99
1.7527,-0.5261,0.7222,-0.1396,-34.51,23.80,2.87
1.7532,-0.5270,0.7193,-0.1391,-34.44,23.94,3.43
1.7538,-0.5295,0.7159,-0.1366,-34.86,24.57,2.80
1.7544,-0.5275,0.7208,-0.1362,-34.65,24.64,2.73
1.7549,-0.5275,0.7213,-0.1371,-35.00,24.36,2.17
1.7555,-0.5275,0.7227,-0.1322,-34.51,25.34,2.94
1.7561,-0.5305,0.7266,-0.1259,-34.93,25.27,2.10
1.7566,-0.5344,0.7261,-0.1264,-34.93,25.48,2.38
1.7572,-0.5383,0.7266,-0.1269,-35.35,25.90,2.03
1.7578,-0.5378,0.7232,-0.1210,-35.14,25.90,1.75
1.7584,-0.5368,0.7232,-0.1181,-35.49,26.46,1.47
1.7589,-0.5388,0.7222,-0.1215,-35.42,26.53,1.40
1.7595,-0.5358,0.7213,-0.1240,-35.42,27.23,1.68
1.7601,-0.5363,0.7232,-0.1244,-35.49,26.74,0.84
1.7606,-0.5388,0.7237,-0.1215,-35.63,28.14,1.68
1.7612,-0.5407,0.7257,-0.1166,-35.98,27.58,0.49
1.7618,-0.5427,0.7271,-0.1166,-35.28,28.49,1.40
1.7623,-0.5427,0.7271,-0.1181,-36.19,28.42,0.42
1.7628,-0.5427,0.7257,-0.1127,-35.77,28.77,0.98
1.7634,-0.5392,0.7242,-0.1098,-36.05,29.47,0.35
1.7639,-0.5407,0.7261,-0.1093,-35.56,29.47,0.42
1.7644,-0.5431,0.7310,-0.1108,-36.05,29.61,0.07
1.7650,-0.5417,0.7315,-0.1108,-35.70,29.40,0.00
1.7655,-0.5368,0.7310,-0.1132,-36.33,30.73,0.14
1.7661,-0.5344,0.7310,-0.1127,-35.56,29.96,-0.14
1.7666,-0.5348,0.7335,-0.1049,-36.05,31.01,-0.07
1.7671,-0.5334,0.7374,-0.1035,-35.91,30.73,-0.49
1.7677,-0.5319,0.7359,-0.1054,-35.84,31.57,-0.35
1.7682,-0.5334,0.7369,-0.1054,-36.33,31.29,-0.63
1.7687,-0.5344,0.7393,-0.1020,-35.84,32.48,-0.70
1.7693,-0.5324,0.7398,-0.1035,-36.19,32.06,-0.70
1.7698,-0.5344,0.7422,-0.1083,-35.77,32.55,-1.05
1.7703,-0.5344,0.7432,-0.1035,-36.26,32.41,-1.19
1.7709,-0.5324,0.7437,-0.0996,-35.84,33.25,-1.05
1.7714,-0.5334,0.7457,-0.1015,-36.12,33.18,-1.47
1.7720,-0.5344,0.7471,-0.1000,-35.70,33.67,-1.33
1.7725,-0.5305,0.7496,-0.1005,-36.19,34.02,-1.47
1.7730,-0.5280,0.7457,-0.1015,-35.77,33.81,-1.40
1.7736,-0.5334,0.7442,-0.1035,-35.91,34.09,-2.31
1.7741,-0.5363,0.7452,-0.1005,-35.77,34.72,-1.61
1.7746,-0.5373,0.7437,-0.0961,-35.98,34.72,-2.31
1.7752,-0.5402,0.7466,-0.0947,-35.56,34.86,-2.03
1.7757,-0.5397,0.7466,-0.0947,-35.63,35.49,-2.24
1.7762,-0.5373,0.7466,-0.0956,-35.56,35.00,-2.80
1.7768,-0.5392,0.7452,-0.0913,-35.49,35.98,-2.17
1.7773,-0.5422,0.7437,-0.0922,-35.63,35.77,-2.94
1.7779,-0.5412,0.7462,-0.0952,-35.63,36.61,-2.17
1.7784,-0.5397,0.7476,-0.0947,-35.42,36.47,-3.29
1.7789,-0.5378,0.7510,-0.0956,-35.28,37.24,-2.24
1.7795,-0.5348,0.7515,-0.0947,-35.42,36.96,-3.78
1.7800,-0.5334,0.7496,-0.0981,-35.14,37.31,-2.24
1.7805,-0.5309,0.7501,-0.0991,-35.21,37.59,-3.64
1.7811,-0.5285,0.7491,-0.0966,-35.00,37.87,-2.45
1.7816,-0.5280,0.7462,-0.0956,-35.00,38.08,-4.20
1.7821,-0.5275,0.7505,-0.0932,-35.28,38.22,-2.59
1.7827,-0.5256,0.7510,-0.0922,-35.07,38.64,-3.99
1.7832,-0.5241,0.7437,-0.0932,-34.72,38.64,-3.08
1.7844,-0.5236,0.7418,-0.0952,-35.07,39.06,-3.78
1.7855,-0.5217,0.7422,-0.0952,-34.93,39.13,-3.29
1.7867,-0.5202,0.7422,-0.0908,-35.00,39.76,-3.78
1.7879,-0.5222,0.7437,-0.0937,-35.21,40.32,-2.87
1.7890,-0.5231,0.7427,-0.0927,-34.23,39.48,-4.27
1.7902,-0.5197,0.7408,-0.0908,-34.44,40.88,-2.73
1.7914,-0.5178,0.7418,-0.0922,-34.79,39.55,-4.97
1.7925,-0.5158,0.7388,-0.0956,-34.37,40.74,-2.73
1.7937,-0.5139,0.7335,-0.0932,-34.44,40.60,-4.69
1.7948,-0.5124,0.7335,-0.0878,-34.16,40.81,-3.15
1.7960,-0.5095,0.7300,-0.0878,-34.58,40.88,-4.20
1.7972,-0.5085,0.7286,-0.0893,-33.67,40.60,-3.92
1.7983,-0.5090,0.7291,-0.0893,-34.44,41.23,-3.64
1.7995,-0.5104,0.7320,-0.0893,-33.81,40.60,-3.99
1.8006,-0.5114,0.7320,-0.0893,-34.30,42.14,-3.50
1.8018,-0.5095,0.7300,-0.0908,-33.60,40.53,-4.48
1.8030,-0.5056,0.7296,-0.0927,-34.30,42.49,-3.15
1.8041,-0.4997,0.7281,-0.0917,-33.81,40.95,-4.76
1.8053,-0.4958,0.7276,-0.0874,-34.02,42.42,-3.08
1.8065,-0.4943,0.7300,-0.0883,-33.74,41.16,-4.62
1.8070,-0.4968,0.7271,-0.0893,-33.46,41.44,-4.62
1.8075,-0.4934,0.7242,-0.0898,-33.39,42.21,-2.59
1.8080,-0.4885,0.7247,-0.0893,-33.81,42.56,-4.62
1.8085,-0.4880,0.7257,-0.0883,-33.46,42.07,-3.08
1.8090,-0.4865,0.7237,-0.0888,-33.67,42.70,-4.20
1.8095,-0.4831,0.7203,-0.0942,-32.97,42.28,-2.80
1.8100,-0.4836,0.7242,-0.0956,-33.67,42.77,-3.92
1.8106,-0.4812,0.7261,-0.0966,-32.69,42.35,-3.08
1.8111,-0.4797,0.7252,-0.0932,-33.46,43.12,-3.71
1.8116,-0.4807,0.7261,-0.0913,-33.11,42.07,-3.36
1.8121,-0.4787,0.7266,-0.0956,-33.32,42.84,-3.43
1.8126,-0.4768,0.7286,-0.0952,-32.83,42.21,-3.71
1.8131,-0.4763,0.7296,-0.0956,-33.04,43.12,-3.08
1.8136,-0.4778,0.7286,-0.1000,-32.69,42.14,-4.06
1.8141,-0.4724,0.7291,-0.1049,-32.76,42.91,-2.87
1.8147,-0.4685,0.7364,-0.1039,-32.55,42.28,-4.06
1.8152,-0.4714,0.7374,-0.1015,-32.41,42.70,-3.15
1.8157,-0.4680,0.7364,-0.1030,-32.90,42.28,-3.99
1.8162,-0.4631,0.7413,-0.1039,-32.13,42.63,-3.01
1.8167,-0.4621,0.7418,-0.1039,-32.62,42.00,-3.99
1.8175,-0.4582,0.7418,-0.1078,-31.99,42.21,-2.94
1.8183,-0.4548,0.7408,-0.1098,-31.22,42.42,-2.52
1.8191,-0.4514,0.7408,-0.1093,-32.27,41.79,-4.34
1.8199,-0.4514,0.7437,-0.1108,-31.43,42.28,-2.80
1.8207,-0.4529,0.7457,-0.1108,-32.06,42.28,-4.34
1.8215,-0.4529,0.7447,-0.1113,-31.01,42.00,-3.22
1.8223,-0.4494,0.7447,-0.1142,-31.85,41.51,-3.99
1.8231,-0.4460,0.7447,-0.1157,-30.94,41.23,-3.92
1.8239,-0.4431,0.7457,-0.1181,-31.08,41.65,-3.85
1.8247,-0.4431,0.7501,-0.1186,-30.94,41.37,-3.57
1.8255,-0.4421,0.7540,-0.1186,-30.80,41.44,-3.78
1.8263,-0.4358,0.7549,-0.1186,-30.52,40.81,-4.27
1.8271,-0.4329,0.7564,-0.1191,-30.59,41.16,-3.78
1.8279,-0.4324,0.7564,-0.1171,-30.59,40.46,-4.62
1.8287,-0.4324,0.7544,-0.1161,-30.31,41.16,-3.64
1.8295,-0.4324,0.7554,-0.1196,-30.17,40.04,-4.90
1.8303,-0.4285,0.7554,-0.1235,-29.68,40.60,-3.78
1.8311,-0.4270,0.7584,-0.1244,-29.89,39.83,-5.25
1.8319,-0.4290,0.7637,-0.1249,-29.61,39.76,-4.06
1.8327,-0.4304,0.7671,-0.1240,-29.33,39.62,-5.60
1.8330,-0.4290,0.7691,-0.1240,-29.12,39.48,-3.99
1.8334,-0.4246,0.7686,-0.1288,-29.47,39.41,-5.04
1.8337,-0.4216,0.7676,-0.1303,-28.56,39.06,-4.76
1.8340,-0.4216,0.7676,-0.1308,-28.91,39.13,-5.32
1.8344,-0.4202,0.7676,-0.1318,-28.35,38.92,-4.76
1.8347,-0.4172,0.7691,-0.1357,-28.49,38.71,-5.25
1.8351,-0.4163,0.7686,-0.1381,-28.21,38.29,-5.74
1.8354,-0.4172,0.7657,-0.1376,-28.14,38.43,-5.39
1.8357,-0.4168,0.7681,-0.1371,-28.21,37.66,-5.81
1.8361,-0.4148,0.7740,-0.1381,-27.86,38.22,-5.39
1.8364,-0.4163,0.7720,-0.1440,-27.51,36.82,-6.37
1.8368,-0.4177,0.7706,-0.1469,-27.37,37.59,-5.25
1.8371,-0.4172,0.7730,-0.1469,-27.51,36.82,-6.44
1.8374,-0.4153,0.7701,-0.1469,-26.74,36.82,-5.67
1.8378,-0.4128,0.7706,-0.1474,-27.02,36.19,-6.65
1.8381,-0.4133,0.7725,-0.1488,-26.32,36.75,-5.60
1.8385,-0.4158,0.7730,-0.1532,-26.81,35.91,-6.86
1.8388,-0.4177,0.7779,-0.1547,-25.62,35.70,-6.16
1.8391,-0.4187,0.7784,-0.1571,-26.46,35.63,-6.65
1.8395,-0.4172,0.7759,-0.1610,-25.69,34.72,-7.14
1.8401,-0.4187,0.7774,-0.1591,-26.04,35.14,-6.58
1.8407,-0.4182,0.7779,-0.1591,-24.99,34.23,-7.56
1.8413,-0.4172,0.7828,-0.1620,-25.48,34.86,-6.65
1.8418,-0.4182,0.7852,-0.1620,-24.85,33.81,-7.63
1.8424,-0.4163,0.7828,-0.1620,-24.92,34.58,-6.86
1.8430,-0.4187,0.7828,-0.1674,-24.43,33.25,-7.70
1.8436,-0.4168,0.7857,-0.1718,-24.50,33.74,-7.28
1.8442,-0.4182,0.7867,-0.1713,-24.43,33.32,-7.63
1.8448,-0.4246,0.7901,-0.1684,-23.80,32.83,-7.70
1.8454,-0.4280,0.7950,-0.1703,-24.15,32.55,-7.77
1.8460,-0.4299,0.7945,-0.1771,-23.24,32.48,-8.12
1.8466,-0.4255,0.7969,-0.1786,-23.38,31.85,-8.19
1.8472,-0.4246,0.7989,-0.1776,-22.96,31.99,-8.26
1.8478,-0.4299,0.7984,-0.1791,-22.89,31.50,-8.54
1.8484,-0.4319,0.7993,-0.1830,-22.12,31.01,-8.54
1.8489,-0.4348,0.8072,-0.1908,-22.54,31.22,-8.40
1.8495,-0.4343,0.8101,-0.1903,-21.84,31.01,-8.47
1.8501,-0.4358,0.8081,-0.1928,-21.49,29.75,-9.24
1.8507,-0.4377,0.8086,-0.1991,-21.07,30.31,-8.82
1.8513,-0.4397,0.8145,-0.2045,-21.14,29.33,-9.66
1.8519,-0.4377,0.8174,-0.2074,-20.72,29.96,-8.68
1.8524,-0.4392,0.8159,-0.2089,-20.72,28.70,-9.73
1.8530,-0.4372,0.8145,-0.2074,-19.95,29.75,-8.75
1.8536,-0.4343,0.8174,-0.2079,-20.30,28.07,-10.50
1.8541,-0.4358,0.8262,-0.2108,-19.39,28.77,-8.68
1.8547,-0.4358,0.8311,-0.2108,-19.95,28.07,-10.64
1.8552,-0.4368,0.8316,-0.2103,-18.62,28.21,-9.03
1.8558,-0.4431,0.8364,-0.2172,-19.25,27.30,-10.64
1.8564,-0.4490,0.8457,-0.2211,-17.99,27.65,-9.38
1.8569,-0.4558,0.8506,-0.2250,-18.69,27.30,-10.50
1.8575,-0.4651,0.8496,-0.2303,-17.71,26.81,-9.66
1.8580,-0.4709,0.8501,-0.2313,-17.92,27.23,-10.29
1.8586,-0.4768,0.8491,-0.2333,-17.01,26.11,-9.94
1.8592,-0.4924,0.8511,-0.2386,-17.01,26.39,-10.15
1.8597,-0.4934,0.8560,-0.2411,-16.17,25.97,-10.15
1.8603,-0.4987,0.8589,-0.2425,-15.96,25.83,-10.22
1.8609,-0.5012,0.8574,-0.2489,-15.54,25.83,-10.22
1.8614,-0.5026,0.8613,-0.2538,-15.26,25.62,-10.57
1.8620,-0.5070,0.8647,-0.2577,-14.91,25.41,-9.94
1.8625,-0.5114,0.8662,-0.2591,-14.63,25.27,-10.78
1.8631,-0.5139,0.8696,-0.2591,-14.07,25.13,-9.66
1.8636,-0.5153,0.8740,-0.2625,-14.00,24.64,-10.78
1.8642,-0.5178,0.8740,-0.2655,-13.23,25.34,-9.38
1.8647,-0.5207,0.8745,-0.2640,-13.30,24.57,-10.64
1.8653,-0.5226,0.8760,-0.2625,-12.53,24.71,-9.38
1.8658,-0.5246,0.8769,-0.2689,-12.67,24.22,-10.50
1.8663,-0.5314,0.8755,-0.2679,-11.76,24.29,-9.59
1.8669,-0.5402,0.8745,-0.2635,-11.97,24.43,-10.01
1.8674,-0.5427,0.8784,-0.2635,-11.20,24.01,-9.52
1.8680,-0.5422,0.8808,-0.2635,-11.13,24.15,-9.59
1.8685,-0.5456,0.8799,-0.2669,-10.43,23.94,-9.59
1.8691,-0.5500,0.8804,-0.2640,-10.43,24.29,-8.82
1.8696,-0.5514,0.8769,-0.2621,-9.94,23.87,-9.52
1.8702,-0.5519,0.8764,-0.2635,-9.80,23.73,-8.26
1.8707,-0.5544,0.8784,-0.2660,-9.10,23.45,-8.96
1.8712,-0.5553,0.8764,-0.2713,-9.10,23.59,-7.91
1.8718,-0.5612,0.8760,-0.2694,-8.54,23.87,-8.54
1.8723,-0.5685,0.8804,-0.2679,-8.47,23.17,-7.84
1.8729,-0.5685,0.8843,-0.2713,-7.84,24.08,-7.56
1.8734,-0.5705,0.8794,-0.2704,-7.56,23.38,-7.49
1.8753,-0.5763,0.8784,-0.2699,-7.42,23.87,-7.14
1.8772,-0.5802,0.8808,-0.2708,-6.86,23.10,-6.72
1.8791,-0.5851,0.8804,-0.2679,-6.65,24.08,-5.88
1.8810,-0.5856,0.8789,-0.2674,-6.16,23.66,-6.23
1.8828,-0.5876,0.8755,-0.2694,-6.16,23.73,-5.39
1.8847,-0.5929,0.8755,-0.2713,-5.53,23.52,-5.74
1.8866,-0.5929,0.8750,-0.2743,-5.53,24.15,-4.48
1.8885,-0.5988,0.8706,-0.2777,-5.04,23.66,-4.69
1.8904,-0.6046,0.8721,-0.2811,-5.04,23.80,-3.71
1.8922,-0.6056,0.8725,-0.2806,-4.06,23.87,-3.57
1.8941,-0.6095,0.8701,-0.2791,-4.27,24.15,-3.01
1.8960,-0.6217,0.8667,-0.2840,-3.08,23.87,-1.40
1.8979,-0.6285,0.8667,-0.2894,-2.66,24.50,-0.28
1.8998,-0.6349,0.8691,-0.2928,-2.59,24.85,0.28
1.9017,-0.6290,0.8662,-0.2913,-2.52,25.06,0.91
1.9035,-0.6324,0.8633,-0.2899,-2.10,24.78,0.98
1.9054,-0.6403,0.8652,-0.2918,-1.82,24.85,2.17
1.9073,-0.6403,0.8657,-0.2928,-1.33,25.06,1.89
1.9092,-0.6373,0.8613,-0.2938,-1.54,25.13,3.01
1.9111,-0.6398,0.8613,-0.2948,-0.98,25.13,3.29
1.9111,-0.6451,0.8638,-0.2948,-0.84,25.27,4.27
1.9112,-0.6456,0.8633,-0.3001,-0.77,25.27,4.20
1.9112,-0.6461,0.8633,-0.3040,-0.35,25.62,5.60
1.9113,-0.6495,0.8628,-0.3026,-0.21,25.76,5.39
1.9114,-0.6534,0.8628,-0.3050,-0.07,25.76,6.51
1.9114,-0.6525,0.8613,-0.3084,0.14,25.69,6.44
1.9115,-0.6520,0.8618,-0.3079,0.28,26.25,7.84
1.9115,-0.6564,0.8618,-0.3089,0.63,26.18,7.56
1.9116,-0.6559,0.8594,-0.3099,1.05,26.53,8.89
1.9116,-0.6559,0.8564,-0.3133,0.77,26.81,9.24
1.9117,-0.6608,0.8520,-0.3187,1.19,26.39,9.87
1.9118,-0.6661,0.8535,-0.3187,1.05,26.74,10.57
1.9118,-0.6666,0.8535,-0.3196,1.19,27.02,10.92
1.9119,-0.6632,0.8501,-0.3201,1.54,27.16,11.76
1.9119,-0.6588,0.8496,-0.3231,1.40,27.30,12.04
1.9120,-0.6593,0.8472,-0.3265,1.96,27.51,12.46
1.9120,-0.6617,0.8428,-0.3240,1.68,27.86,13.44
1.9121,-0.6642,0.8369,-0.3216,2.03,27.72,14.21
1.9122,-0.6671,0.8379,-0.3231,2.03,27.79,14.14
1.9122,-0.6681,0.8379,-0.3265,2.17,27.86,15.26
1.9123,-0.6690,0.8350,-0.3294,2.10,28.21,15.61
1.9123,-0.6676,0.8320,-0.3289,2.45,28.00,15.96
1.9124,-0.6651,0.8296,-0.3294,2.52,28.77,17.01
1.9124,-0.6671,0.8262,-0.3289,2.38,28.00,16.94
1.9125,-0.6705,0.8198,-0.3274,2.31,28.91,18.20
1.9125,-0.6695,0.8189,-0.3279,2.52,28.21,17.99
1.9126,-0.6700,0.8145,-0.3250,2.31,29.26,19.18
1.9126,-0.6690,0.8111,-0.3294,2.45,29.33,20.58
1.9127,-0.6715,0.8081,-0.3309,2.24,29.33,20.23
1.9127,-0.6725,0.8062,-0.3274,2.73,29.26,21.56
1.9128,-0.6715,0.8028,-0.3221,2.17,29.40,21.28
1.9128,-0.6695,0.8018,-0.3226,2.59,29.54,22.61
1.9129,-0.6651,0.7950,-0.3216,1.68,29.75,22.12
1.9129,-0.6690,0.7852,-0.3206,2.24,29.82,23.73
1.9130,-0.6749,0.7871,-0.3255,2.03,30.59,23.38
1.9130,-0.6700,0.7891,-0.3260,1.96,29.47,24.29
1.9131,-0.6661,0.7862,-0.3235,2.03,30.80,24.57
1.9131,-0.6666,0.7803,-0.3240,1.68,29.75,25.13
1.9132,-0.6651,0.7764,-0.3274,1.61,30.80,25.69
1.9132,-0.6642,0.7759,-0.3255,1.26,30.10,25.83
1.9135,-0.6642,0.7749,-0.3279,1.19,31.29,27.02
1.9138,-0.6617,0.7735,-0.3284,0.98,30.24,26.60
1.9140,-0.6642,0.7701,-0.3270,0.84,31.50,27.51
1.9143,-0.6671,0.7657,-0.3328,0.49,31.15,27.58
1.9146,-0.6637,0.7632,-0.3323,0.42,30.87,28.56
1.9148,-0.6666,0.7593,-0.3333,0.14,31.08,28.49
1.9151,-0.6661,0.7559,-0.3343,-0.21,31.92,29.82
1.9154,-0.6666,0.7515,-0.3318,-0.56,31.08,29.75
1.9156,-0.6617,0.7491,-0.3289,-0.84,31.92,30.17
1.9159,-0.6588,0.7501,-0.3314,-0.91,31.22,30.52
1.9162,-0.6622,0.7515,-0.3328,-1.33,32.34,31.08
1.9164,-0.6622,0.7462,-0.3353,-1.68,31.78,31.08
1.9167,-0.6603,0.7432,-0.3357,-1.54,32.34,31.78
1.9170,-0.6617,0.7422,-0.3348,-2.38,31.43,31.57
1.9173,-0.6603,0.7364,-0.3357,-2.17,32.34,32.34
1.9175,-0.6554,0.7349,-0.3387,-2.59,31.71,32.27
1.9178,-0.6534,0.7393,-0.3421,-3.15,32.48,32.76
1.9181,-0.6559,0.7374,-0.3387,-3.29,32.34,32.83
1.9183,-0.6549,0.7320,-0.3392,-3.50,32.06,33.53
1.9186,-0.6534,0.7315,-0.3455,-4.06,32.62,33.32
1.9192,-0.6549,0.7320,-0.3465,-4.13,32.41,33.67
1.9197,-0.6549,0.7335,-0.3475,-4.48,32.69,33.67
1.9203,-0.6539,0.7349,-0.3436,-5.18,32.20,34.51
1.9208,-0.6486,0.7310,-0.3396,-5.25,32.83,34.09
1.9214,-0.6451,0.7271,-0.3421,-5.53,32.06,34.44
1.9220,-0.6451,0.7300,-0.3396,-5.74,33.25,34.86
1.9225,-0.6451,0.7330,-0.3426,-6.79,31.50,34.51
1.9231,-0.6407,0.7335,-0.3479,-6.23,33.53,35.56
1.9237,-0.6359,0.7310,-0.3509,-7.14,31.78,34.79
1.9242,-0.6354,0.7325,-0.3504,-7.07,33.11,36.19
1.9248,-0.6324,0.7310,-0.3499,-7.77,32.13,35.28
1.9253,-0.6315,0.7286,-0.3504,-7.49,33.04,36.89
1.9259,-0.6305,0.7340,-0.3494,-8.26,32.41,35.63
1.9265,-0.6290,0.7379,-0.3514,-8.26,32.69,36.89
1.9270,-0.6295,0.7388,-0.3523,-9.10,32.62,36.26
1.9276,-0.6300,0.7422,-0.3489,-8.89,32.55,37.03
1.9282,-0.6271,0.7457,-0.3523,-9.59,32.76,36.47
1.9287,-0.6261,0.7447,-0.3572,-9.45,32.83,37.52
1.9293,-0.6295,0.7442,-0.3553,-10.08,32.62,37.10
1.9298,-0.6295,0.7462,-0.3582,-10.01,32.27,37.52
1.9310,-0.6276,0.7491,-0.3626,-10.85,33.11,37.66
1.9322,-0.6266,0.7501,-0.3626,-10.78,32.27,37.94
1.9333,-0.6242,0.7525,-0.3611,-11.20,32.69,37.80
1.9345,-0.6266,0.7520,-0.3660,-11.69,33.32,38.85
1.9357,-0.6246,0.7554,-0.3699,-11.97,31.99,37.52
1.9368,-0.6295,0.7574,-0.3689,-11.76,32.69,38.64
1.9380,-0.6251,0.7608,-0.3655,-12.88,32.06,37.94
1.9392,-0.6212,0.7618,-0.3660,-12.39,33.11,38.85
1.9404,-0.6232,0.7584,-0.3680,-13.30,32.20,38.08
1.9415,-0.6256,0.7593,-0.3704,-12.95,32.55,38.99
1.9427,-0.6290,0.7613,-0.3738,-13.51,32.06,37.94
1.9439,-0.6295,0.7618,-0.3782,-13.51,32.55,38.64
1.9450,-0.6324,0.7627,-0.3797,-14.00,32.34,37.94
1.9462,-0.6354,0.7632,-0.3762,-14.21,31.92,38.43
1.9474,-0.6329,0.7652,-0.3777,-14.21,32.48,38.15
1.9485,-0.6315,0.7701,-0.3802,-14.70,31.92,37.94
1.9497,-0.6290,0.7730,-0.3811,-14.56,32.41,38.01
1.9509,-0.6305,0.7676,-0.3845,-15.05,31.78,37.87
1.9520,-0.6324,0.7666,-0.3836,-15.33,32.69,37.80
1.9532,-0.6339,0.7696,-0.3836,-15.68,31.92,37.73
1.9538,-0.6329,0.7666,-0.3875,-16.17,31.92,37.10
1.9544,-0.6359,0.7701,-0.3899,-15.96,31.99,37.52
1.9550,-0.6368,0.7725,-0.3928,-16.66,32.06,36.89
1.9556,-0.6349,0.7740,-0.3967,-16.59,31.99,37.03
1.9562,-0.6368,0.7764,-0.3982,-17.01,32.06,36.26
1.9568,-0.6378,0.7725,-0.3982,-17.36,32.13,37.10
1.9574,-0.6368,0.7701,-0.3977,-17.15,32.06,35.77
1.9580,-0.6378,0.7730,-0.4011,-17.50,32.27,36.19
1.9586,-0.6388,0.7725,-0.4021,-17.71,32.20,35.70
1.9592,-0.6422,0.7730,-0.4031,-18.06,31.64,35.77
1.9598,-0.6407,0.7745,-0.4080,-18.06,31.85,35.00
1.9604,-0.6388,0.7730,-0.4089,-18.48,31.92,35.35
1.9610,-0.6407,0.7715,-0.4114,-18.48,31.85,34.86
1.9616,-0.6407,0.7764,-0.4109,-18.48,31.85,34.37
1.9622,-0.6417,0.7779,-0.4192,-19.18,31.85,34.37
1.9628,-0.6407,0.7725,-0.4255,-19.18,31.92,33.88
1.9634,-0.6407,0.7720,-0.4246,-19.53,31.78,34.09
1.9640,-0.6427,0.7735,-0.4250,-19.32,31.85,33.25
1.9646,-0.6417,0.7749,-0.4246,-19.95,31.92,33.32
1.9652,-0.6427,0.7754,-0.4294,-19.60,31.71,32.90
1.9658,-0.6446,0.7745,-0.4329,-20.72,31.15,32.69
1.9664,-0.6432,0.7715,-0.4358,-20.02,30.94,31.57
1.9670,-0.6403,0.7725,-0.4397,-20.58,31.29,31.08
1.9676,-0.6412,0.7769,-0.4397,-20.79,31.64,31.50
1.9682,-0.6437,0.7759,-0.4387,-21.00,31.57,30.45
1.9687,-0.6398,0.7779,-0.4451,-21.21,31.71,30.73
1.9693,-0.6393,0.7793,-0.4519,-21.63,31.78,29.75
1.9699,-0.6427,0.7793,-0.4514,-21.56,31.36,30.03
1.9705,-0.6481,0.7779,-0.4524,-22.05,31.57,29.19
1.9711,-0.6554,0.7725,-0.4573,-21.98,31.22,29.12
1.9717,-0.6642,0.7710,-0.4577,-22.40,31.92,28.84
1.9723,-0.6661,0.7686,-0.4573,-22.40,31.08,28.21
1.9729,-0.6686,0.7637,-0.4607,-23.03,31.78,28.14
1.9735,-0.6720,0.7603,-0.4631,-22.75,31.01,27.23
1.9741,-0.6700,0.7579,-0.4651,-23.10,31.36,27.30
1.9747,-0.6769,0.7574,-0.4690,-23.24,31.01,26.67
1.9753,-0.6793,0.7525,-0.4743,-23.94,31.64,26.67
1.9758,-0.6769,0.7491,-0.4787,-23.73,31.50,25.90
1.9764,-0.6783,0.7496,-0.4807,-24.50,31.64,26.25
1.9770,-0.6778,0.7486,-0.4817,-23.94,31.50,25.20
1.9788,-0.6793,0.7466,-0.4817,-24.43,31.22,25.13
1.9806,-0.6817,0.7403,-0.4836,-24.78,31.85,24.92
1.9823,-0.6798,0.7335,-0.4865,-24.85,31.43,24.71
1.9841,-0.6817,0.7344,-0.4880,-25.06,31.85,24.08
1.9859,-0.6837,0.7364,-0.4890,-25.27,31.36,24.22
1.9876,-0.6837,0.7320,-0.4885,-25.69,31.99,23.66
1.9894,-0.6871,0.7276,-0.4890,-25.69,31.85,23.80
1.9912,-0.6891,0.7237,-0.4924,-26.32,32.13,22.82
1.9929,-0.6934,0.7237,-0.4934,-26.04,31.92,23.17
1.9947,-0.6934,0.7271,-0.4939,-26.81,32.13,22.75
1.9964,-0.6925,0.7252,-0.4978,-26.74,32.34,22.12
1.9982,-0.6993,0.7183,-0.4997,-27.16,32.20,22.54
2.0000,-0.6978,0.7183,-0.5051,-27.23,32.27,21.70
2.0017,-0.6959,0.7193,-0.5085,-27.72,32.62,21.91
2.0035,-0.7027,0.7213,-0.5051,-27.72,32.48,21.42
2.0053,-0.7037,0.7222,-0.5075,-27.72,32.62,21.42
2.0070,-0.7042,0.7208,-0.5065,-28.28,32.62,20.79
2.0088,-0.7091,0.7188,-0.5090,-28.14,33.04,20.65
2.0106,-0.7110,0.7149,-0.5148,-28.70,32.97,20.51
2.0123,-0.7091,0.7183,-0.5192,-28.84,32.90,19.88
2.0124,-0.7144,0.7188,-0.5217,-29.05,33.18,20.23
2.0124,-0.7227,0.7178,-0.5236,-29.26,33.04,19.11
2.0125,-0.7188,0.7203,-0.5280,-29.26,33.39,19.88
2.0125,-0.7159,0.7222,-0.5285,-29.61,33.11,18.62
2.0126,-0.7213,0.7252,-0.5275,-29.75,33.95,19.11
2.0127,-0.7227,0.7266,-0.5309,-30.17,33.25,17.85
2.0127,-0.7242,0.7276,-0.5383,-30.17,34.09,18.55
2.0128,-0.7257,0.7266,-0.5427,-30.59,33.95,17.15
2.0128,-0.7266,0.7276,-0.5461,-30.17,33.53,17.43
2.0129,-0.7296,0.7340,-0.5485,-30.94,34.51,16.94
2.0129,-0.7310,0.7369,-0.5495,-30.45,33.95,16.52
2.0130,-0.7300,0.7393,-0.5519,-31.36,34.51,16.10
2.0130,-0.7291,0.7422,-0.5563,-30.94,33.95,15.40
2.0131,-0.7310,0.7432,-0.5602,-31.43,34.44,15.54
2.0131,-0.7315,0.7471,-0.5632,-31.22,34.09,14.49
2.0132,-0.7325,0.7535,-0.5651,-31.71,34.58,14.49
2.0132,-0.7300,0.7574,-0.5710,-31.57,34.51,13.79
2.0133,-0.7349,0.7613,-0.5739,-31.57,35.07,12.74
2.0133,-0.7364,0.7686,-0.5744,-31.99,35.21,12.81
2.0134,-0.7349,0.7706,-0.5758,-32.13,35.07,11.83
2.0134,-0.7359,0.7686,-0.5827,-32.06,35.14,11.27
2.0135,-0.7344,0.7696,-0.5905,-32.13,35.00,10.99
2.0135,-0.7379,0.7720,-0.5915,-32.13,35.35,10.22
2.0136,-0.7349,0.7764,-0.5924,-32.41,35.28,9.73
2.0136,-0.7310,0.7803,-0.5968,-32.13,35.35,9.17
2.0137,-0.7320,0.7857,-0.6027,-32.41,35.28,8.82
2.0137,-0.7325,0.7901,-0.6027,-32.34,35.00,8.05
2.0137,-0.7325,0.7871,-0.6032,-32.62,35.56,7.49
2.0138,-0.7300,0.7876,-0.6032,-32.41,35.49,7.21
2.0138,-0.7257,0.7910,-0.6027,-32.69,35.28,6.65
2.0139,-0.7286,0.7950,-0.6051,-32.34,35.35,5.67
2.0139,-0.7286,0.7979,-0.6090,-32.69,35.91,5.88
2.0140,-0.7276,0.8003,-0.6134,-32.34,35.70,4.69
2.0140,-0.7247,0.8032,-0.6173,-32.27,35.77,4.20
2.0141,-0.7203,0.8042,-0.6217,-32.20,35.21,3.99
2.0141,-0.7227,0.8096,-0.6251,-32.34,35.84,2.87
2.0141,-0.7247,0.8145,-0.6251,-32.27,35.84,3.01
2.0142,-0.7257,0.8169,-0.6266,-32.06,35.77,2.38
2.0142,-0.7213,0.8184,-0.6281,-32.20,35.77,1.47
2.0143,-0.7208,0.8223,-0.6256,-31.85,35.63,0.98
2.0146,-0.7232,0.8281,-0.6266,-31.78,35.42,0.70
2.0148,-0.7232,0.8291,-0.6310,-31.85,35.70,0.00
2.0151,-0.7227,0.8330,-0.6368,-31.43,35.49,-0.56
2.0154,-0.7218,0.8403,-0.6388,-31.78,35.63,-0.77
2.0157,-0.7213,0.8433,-0.6388,-31.08,35.42,-1.40
2.0159,-0.7208,0.8447,-0.6398,-31.57,35.63,-1.89
2.0162,-0.7164,0.8447,-0.6378,-31.01,35.49,-2.59
2.0165,-0.7130,0.8457,-0.6378,-30.87,35.42,-3.43
2.0168,-0.7120,0.8506,-0.6427,-31.08,35.63,-3.08
2.0171,-0.7105,0.8550,-0.6432,-30.52,35.14,-4.48
2.0173,-0.7125,0.8584,-0.6442,-30.52,35.49,-4.34
2.0176,-0.7120,0.8628,-0.6446,-30.24,35.42,-5.46
2.0179,-0.7120,0.8696,-0.6407,-29.89,35.56,-5.25
2.0182,-0.7125,0.8764,-0.6393,-30.10,35.07,-6.37
2.0185,-0.7105,0.8818,-0.6437,-29.26,35.00,-6.65
2.0187,-0.7091,0.8852,-0.6471,-29.75,35.14,-7.35
2.0190,-0.7066,0.8882,-0.6456,-29.05,35.35,-7.42
2.0193,-0.7042,0.8906,-0.6456,-29.19,35.14,-7.84
2.0196,-0.6998,0.8921,-0.6476,-28.56,34.72,-8.68
2.0198,-0.7013,0.8950,-0.6481,-28.77,34.93,-8.75
2.0205,-0.7003,0.8974,-0.6466,-28.00,35.07,-9.59
2.0211,-0.6964,0.8994,-0.6490,-28.14,34.65,-9.59
2.0217,-0.6974,0.9023,-0.6539,-27.44,34.86,-10.43
2.0223,-0.6954,0.9052,-0.6544,-27.51,34.58,-10.50
2.0229,-0.6905,0.9106,-0.6544,-27.09,35.00,-11.13
2.0235,-0.6876,0.9160,-0.6534,-26.88,34.23,-11.69
2.0241,-0.6861,0.9179,-0.6505,-26.60,34.72,-11.83
2.0247,-0.6812,0.9204,-0.6515,-26.32,34.09,-12.04
2.0253,-0.6837,0.9218,-0.6534,-26.11,34.02,-12.67
2.0259,-0.6852,0.9243,-0.6529,-25.62,33.95,-13.02
2.0265,-0.6817,0.9306,-0.6573,-25.41,33.95,-13.44
2.0272,-0.6798,0.9335,-0.6603,-24.85,34.09,-13.79
2.0278,-0.6764,0.9355,-0.6617,-24.92,33.60,-14.28
2.0284,-0.6725,0.9360,-0.6676,-24.29,33.04,-14.70
2.0290,-0.6730,0.9370,-0.6686,-24.08,33.95,-14.56
2.0296,-0.6734,0.9394,-0.6622,-23.73,32.97,-15.19
2.0302,-0.6700,0.9423,-0.6603,-23.45,33.46,-15.33
2.0308,-0.6686,0.9414,-0.6622,-23.17,32.55,-15.89
2.0314,-0.6642,0.9414,-0.6622,-22.75,33.18,-15.89
2.0320,-0.6598,0.9443,-0.6612,-22.26,32.48,-16.17
2.0327,-0.6642,0.9453,-0.6608,-21.91,32.76,-16.52
2.0333,-0.6603,0.9472,-0.6612,-21.98,32.34,-16.45
2.0340,-0.6583,0.9487,-0.6651,-21.07,32.69,-16.87
2.0346,-0.6578,0.9501,-0.6681,-21.07,31.85,-17.01
2.0353,-0.6529,0.9511,-0.6671,-20.79,32.06,-16.87
2.0359,-0.6525,0.9511,-0.6695,-20.65,31.57,-17.50
2.0365,-0.6500,0.9526,-0.6690,-19.46,31.71,-17.29
2.0372,-0.6471,0.9521,-0.6686,-19.67,31.57,-17.78
2.0378,-0.6422,0.9521,-0.6710,-19.18,31.36,-17.71
2.0385,-0.6412,0.9555,-0.6725,-19.04,31.22,-17.78
2.0391,-0.6446,0.9545,-0.6725,-18.55,30.66,-17.71
2.0398,-0.6446,0.9526,-0.6676,-18.06,30.80,-17.85
2.0404,-0.6329,0.9472,-0.6676,-17.43,31.08,-17.22
2.0410,-0.6339,0.9501,-0.6690,-17.08,30.03,-18.06
2.0417,-0.6329,0.9526,-0.6666,-16.45,30.38,-17.43
2.0423,-0.6315,0.9492,-0.6642,-16.66,29.61,-17.78
2.0430,-0.6315,0.9457,-0.6642,-16.03,30.66,-16.87
2.0436,-0.6300,0.9443,-0.6647,-15.82,29.05,-17.85
2.0443,-0.6339,0.9467,-0.6617,-15.26,29.89,-16.59
2.0449,-0.6354,0.9487,-0.6632,-15.26,28.98,-17.43
2.0454,-0.6359,0.9496,-0.6651,-14.56,29.68,-16.38
2.0459,-0.6388,0.9496,-0.6651,-14.84,28.63,-16.87
2.0464,-0.6349,0.9457,-0.6637,-14.14,29.47,-16.10
2.0470,-0.6364,0.9409,-0.6598,-13.93,28.70,-16.31
2.0475,-0.6403,0.9389,-0.6583,-13.72,28.84,-15.54
2.0480,-0.6373,0.9404,-0.6588,-13.44,28.49,-15.82
2.0485,-0.6383,0.9399,-0.6617,-13.09,28.42,-14.98
2.0490,-0.6393,0.9389,-0.6617,-12.88,28.42,-15.12
2.0495,-0.6403,0.9365,-0.6612,-12.46,28.49,-14.14
2.0500,-0.6442,0.9331,-0.6637,-12.39,28.00,-14.42
2.0506,-0.6466,0.9316,-0.6622,-11.76,27.93,-13.93
2.0511,-0.6456,0.9321,-0.6568,-11.55,28.28,-13.65
2.0516,-0.6481,0.9267,-0.6525,-11.20,27.86,-13.09
2.0521,-0.6481,0.9209,-0.6486,-11.41,28.28,-12.25
2.0526,-0.6490,0.9238,-0.6466,-10.99,27.30,-13.09
2.0531,-0.6554,0.9223,-0.6486,-10.99,28.28,-11.13
2.0536,-0.6598,0.9170,-0.6515,-10.64,27.23,-11.90
2.0542,-0.6612,0.9150,-0.6461,-10.22,28.21,-10.50
2.0547,-0.6603,0.9150,-0.6417,-10.22,27.51,-11.34
2.0552,-0.6622,0.9116,-0.6466,-10.15,27.86,-9.45
2.0557,-0.6642,0.9057,-0.6466,-9.94,27.51,-10.43
2.0562,-0.6686,0.9008,-0.6442,-9.59,28.00,-8.54
2.0567,-0.6710,0.8950,-0.6417,-9.52,27.79,-8.82
2.0572,-0.6671,0.8916,-0.6368,-9.24,28.00,-7.63
2.0577,-0.6681,0.8916,-0.6339,-9.38,27.86,-7.70
2.0582,-0.6720,0.8828,-0.6329,-8.75,27.16,-7.28
2.0587,-0.6695,0.8745,-0.6295,-9.10,27.86,-6.65
2.0593,-0.6676,0.8730,-0.6227,-8.68,27.86,-5.74
2.0598,-0.6681,0.8677,-0.6271,-9.10,27.79,-5.67
2.0603,-0.6690,0.8638,-0.6285,-8.47,27.93,-4.76
2.0608,-0.6666,0.8594,-0.6232,-8.89,27.44,-4.55
2.0613,-0.6651,0.8545,-0.6202,-8.61,28.00,-3.57
2.0618,-0.6666,0.8408,-0.6202,-8.47,28.07,-2.38
2.0623,-0.6676,0.8394,-0.6168,-8.68,28.00,-1.89
2.0628,-0.6666,0.8379,-0.6144,-8.54,28.14,-1.47
2.0633,-0.6681,0.8325,-0.6129,-8.33,28.49,-0.77
2.0638,-0.6734,0.8281,-0.6134,-8.82,28.42,-0.21
2.0643,-0.6769,0.8242,-0.6129,-8.61,28.70,0.14
2.0648,-0.6783,0.8194,-0.6110,-8.89,28.63,0.98
2.0654,-0.6783,0.8130,-0.6105,-8.75,28.84,1.75
2.0660,-0.6769,0.8067,-0.6115,-8.68,28.63,1.89
2.0666,-0.6754,0.8037,-0.6085,-8.82,28.70,2.80
2.0672,-0.6783,0.7979,-0.6022,-9.31,29.05,3.01
2.0678,-0.6822,0.7906,-0.6022,-8.89,29.05,3.85
2.0684,-0.6822,0.7876,-0.5983,-9.45,29.12,4.20
2.0690,-0.6827,0.7803,-0.5949,-9.24,29.40,4.97
2.0696,-0.6842,0.7759,-0.5939,-9.94,29.26,5.11
2.0702,-0.6852,0.7715,-0.5954,-9.59,29.75,5.88
2.0708,-0.6803,0.7642,-0.5919,-9.94,29.19,6.16
2.0714,-0.6773,0.7593,-0.5851,-10.01,29.82,7.14
2.0720,-0.6759,0.7501,-0.5817,-10.64,29.68,7.07
2.0726,-0.6710,0.7413,-0.5797,-10.36,29.96,8.54
2.0732,-0.6725,0.7349,-0.5763,-10.78,30.03,8.12
2.0738,-0.6764,0.7276,-0.5749,-11.06,30.52,9.59
2.0744,-0.6773,0.7257,-0.5797,-11.41,30.24,9.17
2.0750,-0.6793,0.7281,-0.5807,-11.48,30.66,10.43
2.0756,-0.6793,0.7252,-0.5783,-11.97,30.80,10.15
2.0762,-0.6798,0.7218,-0.5797,-11.83,30.87,11.27
2.0768,-0.6852,0.7174,-0.5807,-12.67,31.01,10.99
2.0774,-0.6822,0.7115,-0.5807,-12.60,30.87,11.97
2.0793,-0.6788,0.7047,-0.5793,-13.16,31.57,12.25
2.0812,-0.6822,0.6964,-0.5749,-13.23,30.66,12.53
2.0830,-0.6817,0.6944,-0.5768,-14.00,31.99,13.23
2.0849,-0.6788,0.6910,-0.5788,-14.00,31.29,13.44
2.0868,-0.6734,0.6817,-0.5739,-14.49,31.99,14.28
2.0887,-0.6695,0.6754,-0.5690,-14.98,31.64,13.79
2.0906,-0.6671,0.6715,-0.5685,-15.26,32.20,15.05
2.0925,-0.6651,0.6681,-0.5685,-15.33,32.06,14.77
2.0944,-0.6622,0.6622,-0.5685,-15.89,32.90,16.17
2.0963,-0.6549,0.6608,-0.5661,-16.59,32.34,15.26
2.0982,-0.6534,0.6608,-0.5622,-16.52,33.11,17.01
2.1001,-0.6515,0.6583,-0.5602,-17.57,32.20,16.17
2.1020,-0.6461,0.6539,-0.5617,-17.36,32.69,17.64
2.1039,-0.6432,0.6515,-0.5632,-18.20,32.62,16.52
2.1058,-0.6388,0.6525,-0.5597,-18.20,32.97,17.64
2.1077,-0.6354,0.6525,-0.5592,-19.32,32.90,17.43
2.1096,-0.6324,0.6510,-0.5612,-19.25,33.18,18.13
2.1115,-0.6276,0.6505,-0.5592,-19.81,33.11,17.85
2.1134,-0.6237,0.6505,-0.5534,-19.74,33.11,18.48
2.1153,-0.6217,0.6486,-0.5524,-20.58,33.39,18.27
2.1153,-0.6217,0.6471,-0.5519,-20.79,32.76,18.41
2.1154,-0.6207,0.6476,-0.5510,-21.42,33.32,18.97
2.1155,-0.6198,0.6486,-0.5514,-21.84,32.97,18.34
2.1155,-0.6198,0.6486,-0.5500,-21.84,33.39,19.18
2.1156,-0.6154,0.6456,-0.5490,-22.96,33.04,18.06
2.1156,-0.6095,0.6412,-0.5480,-22.61,33.53,19.53
2.1157,-0.6076,0.6407,-0.5480,-23.17,33.53,19.46
2.1158,-0.6061,0.6388,-0.5461,-24.50,33.04,18.27
2.1158,-0.6046,0.6349,-0.5461,-24.15,33.81,19.60
2.1159,-0.6037,0.6378,-0.5461,-25.34,32.97,17.92
2.1160,-0.6007,0.6373,-0.5461,-25.27,33.46,19.60
2.1160,-0.5978,0.6378,-0.5461,-25.97,33.18,17.57
2.1161,-0.5978,0.6383,-0.5495,-26.18,33.32,19.25
2.1162,-0.5934,0.6373,-0.5500,-26.88,33.18,17.57
2.1162,-0.5895,0.6407,-0.5475,-26.88,33.32,19.11
2.1163,-0.5876,0.6388,-0.5480,-27.65,33.04,17.50
2.1164,-0.5846,0.6339,-0.5475,-27.58,32.69,18.83
2.1164,-0.5866,0.6354,-0.5451,-28.21,33.25,17.50
2.1165,-0.5841,0.6349,-0.5475,-28.49,32.55,18.34
2.1165,-0.5788,0.6324,-0.5495,-28.98,33.11,17.50
2.1166,-0.5758,0.6324,-0.5514,-28.98,32.55,17.78
2.1166,-0.5729,0.6334,-0.5514,-29.47,32.83,17.78
2.1167,-0.5695,0.6364,-0.5510,-29.47,32.48,17.22
2.1167,-0.5651,0.6368,-0.5529,-30.38,32.83,17.50
2.1168,-0.5573,0.6329,-0.5490,-31.08,32.41,17.50
2.1168,-0.5578,0.6339,-0.5490,-30.87,31.99,16.31
2.1168,-0.5549,0.6329,-0.5446,-31.57,32.55,17.71
2.1169,-0.5514,0.6359,-0.5441,-31.78,31.92,16.03
2.1169,-0.5514,0.6383,-0.5431,-31.99,32.20,17.29
2.1170,-0.5466,0.6383,-0.5422,-32.48,31.57,15.75
2.1170,-0.5427,0.6388,-0.5417,-32.48,31.92,17.01
2.1171,-0.5417,0.6398,-0.5392,-32.76,31.29,15.40
2.1171,-0.5378,0.6388,-0.5422,-32.90,31.57,16.66
2.1171,-0.5314,0.6398,-0.5431,-33.53,31.08,15.26
2.1172,-0.5295,0.6388,-0.5392,-33.25,31.08,15.75
2.1172,-0.5280,0.6364,-0.5368,-34.30,31.08,15.40
2.1173,-0.5222,0.6383,-0.5373,-33.74,30.66,15.05
2.1173,-0.5207,0.6442,-0.5353,-34.58,30.59,15.26
2.1174,-0.5212,0.6471,-0.5309,-34.37,30.66,14.70
2.1174,-0.5173,0.6451,-0.5344,-35.00,30.03,14.70
2.1177,-0.5134,0.6417,-0.5353,-34.51,30.31,14.49
2.1180,-0.5129,0.6407,-0.5353,-35.35,30.24,14.21
2.1183,-0.5144,0.6437,-0.5334,-35.07,29.61,13.93
2.1186,-0.5148,0.6456,-0.5295,-36.12,29.61,13.86
2.1189,-0.5119,0.6461,-0.5319,-35.63,29.12,12.95
2.1192,-0.5061,0.6456,-0.5358,-36.33,29.40,13.58
2.1195,-0.5041,0.6446,-0.5314,-36.26,28.98,12.74
2.1198,-0.5012,0.6471,-0.5300,-36.33,28.91,13.23
2.1201,-0.4982,0.6510,-0.5290,-36.82,28.63,12.18
2.1204,-0.5022,0.6525,-0.5270,-36.54,28.84,12.67
2.1206,-0.5022,0.6520,-0.5236,-37.10,28.14,11.55
2.1209,-0.4968,0.6510,-0.5226,-36.33,28.14,12.04
2.1212,-0.4948,0.6529,-0.5207,-37.59,28.00,11.20
2.1215,-0.4914,0.6559,-0.5217,-36.96,27.72,11.34
2.1218,-0.4895,0.6564,-0.5226,-37.80,27.30,10.78
2.1221,-0.4900,0.6617,-0.5226,-37.17,27.30,10.71
2.1224,-0.4860,0.6651,-0.5251,-37.87,27.23,10.15
2.1227,-0.4856,0.6608,-0.5266,-37.66,26.67,10.08
2.1230,-0.4870,0.6612,-0.5251,-37.94,26.74,9.73
2.1233,-0.4846,0.6637,-0.5222,-37.52,26.39,9.66
2.1245,-0.4821,0.6632,-0.5226,-38.08,26.39,9.31
2.1256,-0.4797,0.6642,-0.5241,-38.22,25.76,9.17
2.1268,-0.4778,0.6637,-0.5231,-37.73,26.11,9.17
2.1280,-0.4738,0.6647,-0.5222,-38.29,25.55,8.54
2.1291,-0.4709,0.6671,-0.5236,-38.22,25.48,8.75
2.1303,-0.4729,0.6695,-0.5246,-38.15,24.99,8.12
2.1314,-0.4690,0.6773,-0.5246,-38.43,24.78,8.19
2.1326,-0.4646,0.6749,-0.5246,-38.43,24.92,7.84
2.1338,-0.4680,0.6695,-0.5222,-38.50,24.29,7.77
2.1349,-0.4690,0.6739,-0.5222,-38.29,24.50,7.28
2.1361,-0.4680,0.6759,-0.5246,-38.57,23.94,7.42
2.1373,-0.4646,0.6769,-0.5251,-38.29,23.80,7.07
2.1384,-0.4587,0.6803,-0.5226,-38.50,23.66,7.07
2.1396,-0.4607,0.6812,-0.5192,-38.36,23.31,6.72
2.1408,-0.4646,0.6812,-0.5192,-38.43,23.24,6.58
2.1419,-0.4616,0.6856,-0.5226,-38.08,22.82,6.09
2.1431,-0.4587,0.6827,-0.5251,-38.57,22.75,6.37
2.1443,-0.4568,0.6783,-0.5231,-38.36,22.33,6.02
2.1454,-0.4529,0.6812,-0.5231,-38.15,22.19,5.53
2.1466,-0.4534,0.6817,-0.5275,-38.50,21.77,5.95
2.1472,-0.4504,0.6871,-0.5256,-38.29,21.63,5.81
2.1477,-0.4538,0.6861,-0.5241,-38.15,21.07,5.39
2.1483,-0.4548,0.6827,-0.5266,-38.01,21.49,5.18
2.1489,-0.4509,0.6842,-0.5261,-38.36,21.14,5.11
2.1494,-0.4490,0.6881,-0.5236,-38.15,21.42,5.04
2.1500,-0.4509,0.6881,-0.5256,-37.87,20.09,4.55
2.1506,-0.4470,0.6856,-0.5261,-38.08,20.23,4.97
2.1511,-0.4436,0.6822,-0.5246,-37.87,19.95,4.27
2.1517,-0.4460,0.6822,-0.5241,-37.80,19.95,4.97
2.1523,-0.4475,0.6822,-0.5241,-37.80,19.60,4.20
2.1528,-0.4509,0.6842,-0.5256,-37.52,19.39,4.48
2.1534,-0.4534,0.6866,-0.5280,-37.59,19.46,4.27
2.1540,-0.4475,0.6886,-0.5266,-37.17,18.62,4.41
2.1545,-0.4460,0.6866,-0.5226,-37.38,18.76,3.99
2.1551,-0.4494,0.6847,-0.5231,-37.17,18.90,4.55
2.1557,-0.4529,0.6856,-0.5231,-37.24,18.76,3.99
2.1562,-0.4543,0.6856,-0.5212,-37.17,18.20,3.99
2.1568,-0.4519,0.6847,-0.5178,-37.17,18.06,4.13
2.1574,-0.4534,0.6832,-0.5158,-36.96,17.85,3.99
2.1579,-0.4514,0.6817,-0.5192,-36.82,17.64,3.92
2.1590,-0.4499,0.6808,-0.5168,-36.96,17.29,3.99
2.1602,-0.4529,0.6778,-0.5114,-36.89,17.08,4.20
2.1613,-0.4499,0.6788,-0.5134,-36.33,17.36,4.13
2.1624,-0.4499,0.6734,-0.5139,-36.82,16.87,4.34
2.1635,-0.4519,0.6676,-0.5124,-36.26,16.94,4.34
2.1646,-0.4490,0.6720,-0.5090,-36.68,16.73,4.69
2.1657,-0.4490,0.6710,-0.5075,-36.12,16.45,4.41
2.1668,-0.4475,0.6661,-0.5075,-36.19,16.45,4.90
2.1679,-0.4470,0.6676,-0.5080,-36.33,16.38,4.62
2.1690,-0.4475,0.6695,-0.5109,-35.98,16.38,4.97
2.1701,-0.4475,0.6690,-0.5095,-36.12,15.61,4.76
2.1712,-0.4499,0.6661,-0.5061,-35.77,16.03,5.04
2.1723,-0.4480,0.6617,-0.5017,-35.77,15.75,5.39
2.1734,-0.4509,0.6568,-0.4982,-35.91,15.68,5.18
2.1745,-0.4524,0.6564,-0.5017,-35.42,15.68,5.67
2.1756,-0.4490,0.6559,-0.5051,-35.63,15.47,5.46
2.1768,-0.4455,0.6534,-0.5051,-35.28,15.26,6.23
2.1779,-0.4465,0.6525,-0.5041,-35.77,15.47,5.60
2.1790,-0.4499,0.6515,-0.5012,-35.42,15.26,6.58
2.1801,-0.4465,0.6500,-0.4973,-35.56,15.12,6.23
2.1801,-0.4455,0.6505,-0.4973,-35.28,14.70,6.58
2.1802,-0.4451,0.6495,-0.4987,-35.35,14.84,6.51
2.1803,-0.4451,0.6490,-0.4997,-35.21,14.70,7.14
2.1803,-0.4446,0.6490,-0.5026,-35.42,14.91,7.07
2.1804,-0.4465,0.6446,-0.5017,-35.00,14.42,7.21
2.1805,-0.4499,0.6442,-0.5007,-35.42,14.77,7.42
2.1805,-0.4455,0.6466,-0.5002,-35.21,14.49,7.49
2.1806,-0.4426,0.6437,-0.4987,-35.07,14.70,8.19
2.1807,-0.4407,0.6359,-0.4992,-35.21,14.14,7.91
2.1807,-0.4377,0.6334,-0.4982,-34.93,14.35,8.54
2.1808,-0.4368,0.6373,-0.4973,-35.00,14.14,8.19
2.1808,-0.4392,0.6368,-0.4973,-34.86,14.28,8.75
2.1809,-0.4392,0.6359,-0.4982,-35.07,13.58,8.26
2.1810,-0.4397,0.6354,-0.5002,-35.00,14.35,9.66
2.1810,-0.4392,0.6329,-0.4997,-34.79,13.72,8.89
2.1811,-0.4397,0.6324,-0.4982,-34.93,13.93,9.87
2.1812,-0.4416,0.6344,-0.4997,-34.93,13.79,9.52
2.1812,-0.4377,0.6354,-0.5002,-34.65,13.86,10.22
2.1813,-0.4412,0.6329,-0.4992,-34.79,13.93,10.43
2.1814,-0.4407,0.6305,-0.4973,-34.79,12.95,10.22
2.1828,-0.4363,0.6295,-0.4963,-34.79,13.79,10.85
2.1842,-0.4372,0.6310,-0.4953,-34.86,13.09,10.15
2.1857,-0.4392,0.6310,-0.4978,-34.72,13.65,11.48
2.1871,-0.4392,0.6290,-0.4973,-34.65,13.30,10.92
2.1886,-0.4368,0.6256,-0.4953,-34.58,13.37,11.62
2.1900,-0.4358,0.6246,-0.4943,-34.72,13.09,11.83
2.1915,-0.4377,0.6232,-0.4943,-34.44,13.23,12.25
2.1929,-0.4363,0.6217,-0.4958,-34.79,13.30,12.25
2.1943,-0.4329,0.6242,-0.4978,-34.23,13.16,12.74
2.1958,-0.4348,0.6227,-0.4987,-34.93,12.95,12.46
2.1972,-0.4333,0.6227,-0.4973,-34.23,12.81,13.09
2.1987,-0.4294,0.6217,-0.4973,-34.51,13.30,13.30
2.2001,-0.4285,0.6183,-0.4939,-34.44,12.53,13.65
2.2016,-0.4260,0.6178,-0.4948,-34.51,12.53,13.72
2.2030,-0.4216,0.6168,-0.4963,-34.51,12.46,14.21
2.2044,-0.4182,0.6168,-0.4924,-34.30,12.60,14.07
2.2059,-0.4197,0.6139,-0.4953,-34.30,12.18,14.56
2.2073,-0.4168,0.6120,-0.4943,-34.58,12.46,14.91
2.2088,-0.4128,0.6149,-0.4924,-34.02,12.74,15.54
2.2102,-0.4153,0.6178,-0.4909,-34.23,11.62,15.12
2.2103,-0.4192,0.6183,-0.4919,-34.30,12.39,15.61
2.2103,-0.4163,0.6178,-0.4924,-34.37,11.97,15.54
2.2104,-0.4099,0.6154,-0.4939,-34.09,11.83,16.10
2.2104,-0.4109,0.6207,-0.4929,-34.37,12.04,16.10
2.2105,-0.4128,0.6246,-0.4895,-33.95,11.76,16.38
2.2105,-0.4094,0.6237,-0.4929,-34.23,11.90,16.38
2.2106,-0.4070,0.6251,-0.4963,-33.81,11.41,16.59
2.2106,-0.4041,0.6227,-0.4973,-34.23,11.76,16.73
2.2107,-0.4070,0.6222,-0.4973,-33.81,11.41,17.36
2.2108,-0.4055,0.6266,-0.4968,-33.88,11.41,16.59
2.2108,-0.4016,0.6310,-0.4958,-33.88,11.55,17.71
2.2109,-0.4050,0.6324,-0.4982,-33.67,11.06,16.94
2.2109,-0.4060,0.6310,-0.4987,-33.60,11.34,17.99
2.2110,-0.4031,0.6344,-0.4997,-33.46,11.13,17.08
2.2110,-0.3992,0.6383,-0.5041,-33.39,10.64,17.71
2.2111,-0.3972,0.6383,-0.3767,-33.32,10.78,17.57
2.2111,-0.3972,0.6412,-0.4997,-33.32,10.78,18.13
2.2112,-0.3928,0.6442,-0.5065,-33.32,10.71,17.71
2.2112,-0.3880,0.6495,-0.5104,-33.25,10.57,18.13
2.2113,-0.3889,0.6573,-0.5051,-32.83,10.92,17.85
2.2113,-0.3875,0.6603,-0.5041,-32.83,9.94,18.20
2.2114,-0.3831,0.6608,-0.5080,-32.90,10.43,18.34
2.2114,-0.3792,0.6647,-0.5075,-32.41,9.87,17.71
2.2115,-0.3777,0.6690,-0.5080,-32.62,10.01,18.34
2.2115,-0.3792,0.6734,-0.5085,-32.41,9.80,18.13
2.2115,-0.3797,0.6754,-0.5124,-32.27,9.87,18.62
2.2116,-0.3753,0.6734,-0.5183,-31.85,9.03,17.57
2.2116,-0.3733,0.6778,-0.5158,-32.06,9.73,18.55
2.2117,-0.3723,0.6827,-0.5114,-31.71,8.89,17.36
2.2117,-0.3723,0.6866,-0.5168,-31.50,9.45,18.69
2.2118,-0.3743,0.6915,-0.5217,-31.29,8.68,17.50
2.2118,-0.3733,0.6930,-0.5202,-31.08,9.10,18.55
2.2118,-0.3723,0.6959,-0.5251,-31.01,8.33,17.57
2.2119,-0.3719,0.6954,-0.5266,-30.52,8.61,18.27
2.2119,-0.3660,0.7032,-0.5314,-29.96,8.19,18.20
2.2120,-0.3650,0.7066,-0.5329,-30.45,7.49,17.15
2.2120,-0.3665,0.7100,-0.5285,-29.40,7.63,17.57
2.2120,-0.3655,0.7096,-0.5295,-30.03,7.98,17.64
2.2121,-0.3616,0.7169,-0.5324,-28.49,7.35,17.50
2.2121,-0.3572,0.7198,-0.5353,-29.19,7.07,16.94
2.2128,-0.3543,0.7169,-0.5344,-28.21,6.93,17.01
2.2134,-0.3562,0.7183,-0.5339,-28.70,6.30,16.80
2.2140,-0.3587,0.7218,-0.5373,-28.07,6.51,16.87
2.2147,-0.3543,0.7266,-0.5378,-27.93,6.44,16.31
2.2153,-0.3523,0.7291,-0.5397,-27.58,5.60,16.10
2.2159,-0.3518,0.7340,-0.5397,-27.44,6.16,16.17
2.2166,-0.3494,0.7344,-0.5412,-27.23,5.18,15.54
2.2172,-0.3440,0.7320,-0.5466,-26.88,5.53,15.96
2.2178,-0.3460,0.7340,-0.5451,-26.95,4.83,14.77
2.2185,-0.3470,0.7369,-0.5431,-26.18,5.18,15.68
2.2191,-0.3401,0.7374,-0.5446,-26.53,4.34,14.35
2.2197,-0.3392,0.7388,-0.5466,-25.62,4.48,15.05
2.2204,-0.3450,0.7413,-0.5470,-25.97,3.64,13.79
2.2210,-0.3431,0.7427,-0.5485,-24.78,4.34,14.84
2.2216,-0.3328,0.7432,-0.5480,-24.78,3.57,13.93
2.2223,-0.3314,0.7462,-0.5475,-24.36,2.59,13.02
2.2229,-0.3304,0.7496,-0.5466,-24.15,3.15,13.72
2.2235,-0.3294,0.7481,-0.5480,-24.29,2.10,12.67
2.2242,-0.3314,0.7486,-0.5510,-23.66,2.80,12.95
2.2248,-0.3328,0.7505,-0.5510,-23.94,1.75,12.39
2.2253,-0.3304,0.7505,-0.5495,-23.03,2.03,12.60
2.2258,-0.3279,0.7457,-0.5451,-23.24,1.12,11.97
2.2263,-0.3279,0.7471,-0.5456,-22.40,1.12,12.18
2.2268,-0.3240,0.7486,-0.5505,-22.75,0.98,11.69
2.2272,-0.3182,0.7452,-0.5524,-21.98,0.77,11.62
2.2277,-0.3192,0.7466,-0.5514,-21.84,0.77,11.48
2.2282,-0.3196,0.7452,-0.5490,-21.84,-0.07,10.71
2.2287,-0.3196,0.7457,-0.5495,-21.35,-0.14,11.27
2.2292,-0.3231,0.7452,-0.5485,-21.42,-0.91,10.43
2.2297,-0.3255,0.7457,-0.5485,-21.07,-0.49,11.34
2.2302,-0.3206,0.7481,-0.5510,-21.00,-1.26,9.80
2.2307,-0.3182,0.7442,-0.5519,-20.37,-0.63,11.55
2.2311,-0.3192,0.7413,-0.5544,-20.72,-1.61,9.38
2.2316,-0.3167,0.7427,-0.5553,-19.88,-1.33,10.99
2.2321,-0.3167,0.7437,-0.5529,-20.37,-2.10,9.10
2.2326,-0.3148,0.7403,-0.5514,-19.60,-2.31,10.43
2.2331,-0.3133,0.7359,-0.5539,-20.16,-2.38,8.82
2.2336,-0.3128,0.7340,-0.5573,-19.18,-2.80,10.29
2.2341,-0.3113,0.7359,-0.5544,-19.53,-2.80,8.89
2.2346,-0.3104,0.7383,-0.5539,-18.97,-3.43,9.66
2.2351,-0.3079,0.7393,-0.5534,-19.25,-3.01,8.47
2.2356,-0.3045,0.7388,-0.5534,-18.69,-4.13,9.31
2.2361,-0.3026,0.7383,-0.5558,-18.76,-3.99,8.89
2.2367,-0.3050,0.7403,-0.5553,-18.41,-4.55,8.68
2.2372,-0.3065,0.7413,-0.5514,-18.34,-4.41,8.75
2.2377,-0.3050,0.7379,-0.5524,-18.34,-5.18,8.05
2.2382,-0.3040,0.7374,-0.5573,-18.62,-4.97,8.82
2.2388,-0.3040,0.7369,-0.5573,-18.06,-5.32,7.63
2.2393,-0.3045,0.7349,-0.5578,-17.92,-5.67,8.26
2.2398,-0.3055,0.7340,-0.5592,-18.13,-5.60,7.56
2.2403,-0.3060,0.7335,-0.5602,-17.50,-6.23,8.12
2.2409,-0.3070,0.7296,-0.5646,-17.71,-6.02,7.49
2.2414,-0.3065,0.7261,-0.5646,-17.78,-6.93,7.98
2.2419,-0.3084,0.7252,-0.5588,-17.43,-6.86,6.72
2.2424,-0.3079,0.7227,-0.5602,-17.57,-7.42,7.35
2.2430,-0.3079,0.7203,-0.5617,-17.57,-7.07,6.72
2.2435,-0.3079,0.7208,-0.5617,-17.29,-7.84,7.14
2.2440,-0.3099,0.7178,-0.5588,-17.71,-7.28,6.44
2.2445,-0.3123,0.7159,-0.5549,-17.36,-8.26,6.65
2.2451,-0.3104,0.7159,-0.5588,-17.71,-7.63,6.44
2.2457,-0.3128,0.7183,-0.5597,-17.22,-8.54,6.30
2.2464,-0.3123,0.7169,-0.5602,-17.78,-8.47,6.16
2.2471,-0.3133,0.7100,-0.5617,-17.22,-9.31,5.95
2.2477,-0.3143,0.7052,-0.5622,-17.50,-8.47,5.95
2.2484,-0.3157,0.7027,-0.5617,-17.78,-9.38,5.67
2.2490,-0.3187,0.6993,-0.5597,-17.50,-9.31,5.46
2.2497,-0.3128,0.6954,-0.5539,-17.92,-9.45,5.46
2.2504,-0.3138,0.6949,-0.5524,-17.71,-9.73,5.46
2.2510,-0.3172,0.6969,-0.5500,-17.92,-9.80,5.04
2.2517,-0.3226,0.6905,-0.5519,-17.85,-9.73,5.04
2.2524,-0.3235,0.6895,-0.5519,-18.34,-10.43,5.11
2.2530,-0.3255,0.6861,-0.5500,-18.41,-9.87,4.48
2.2537,-0.3201,0.6817,-0.5495,-18.48,-10.57,5.18
2.2543,-0.3255,0.6837,-0.5495,-18.48,-10.43,4.27
2.2550,-0.3314,0.6842,-0.5475,-18.76,-10.36,5.18
2.2557,-0.3309,0.6812,-0.5451,-18.97,-10.57,4.20
2.2563,-0.3309,0.6730,-0.5466,-18.69,-10.64,5.11
2.2570,-0.3289,0.6700,-0.5480,-19.53,-11.13,4.13
2.2577,-0.3289,0.6739,-0.5446,-19.04,-10.85,4.76
2.2583,-0.3265,0.6744,-0.5427,-19.95,-11.06,4.06
2.2590,-0.3260,0.6710,-0.5475,-19.74,-10.99,4.83
2.2596,-0.3289,0.6676,-0.5466,-20.09,-11.34,3.78
2.2603,-0.3289,0.6656,-0.5451,-19.81,-10.85,4.76
2.2609,-0.3314,0.6656,-0.5456,-20.72,-11.41,4.20
2.2615,-0.3343,0.6651,-0.5436,-20.23,-10.64,4.62
2.2622,-0.3377,0.6632,-0.5436,-21.35,-11.41,4.34
2.2628,-0.3387,0.6647,-0.5412,-20.86,-10.99,4.27
2.2635,-0.3353,0.6656,-0.5402,-21.35,-11.62,4.41
2.2641,-0.3382,0.6637,-0.5436,-21.70,-10.64,4.41
2.2648,-0.3396,0.6627,-0.5436,-22.12,-11.34,4.55
2.2654,-0.3396,0.6637,-0.5407,-21.98,-10.85,4.41
2.2661,-0.3421,0.6637,-0.5412,-22.33,-11.27,4.55
2.2667,-0.3431,0.6651,-0.5412,-22.68,-10.43,4.76
2.2673,-0.3465,0.6671,-0.5397,-22.82,-10.99,4.83
2.2680,-0.3494,0.6661,-0.5402,-23.03,-10.64,4.69
2.2686,-0.3494,0.6651,-0.5456,-23.03,-10.99,4.90
2.2693,-0.3509,0.6681,-0.5456,-23.59,-10.22,5.25
2.2699,-0.3504,0.6705,-0.5417,-23.52,-10.92,5.18
2.2706,-0.3514,0.6676,-0.5456,-24.15,-10.15,5.25
2.2712,-0.3514,0.6695,-0.5485,-24.29,-10.43,5.46
2.2717,-0.3514,0.6734,-0.5461,-24.50,-10.43,5.25
2.2721,-0.3567,0.6730,-0.5422,-24.92,-10.15,5.74
2.2726,-0.3582,0.6695,-0.5422,-25.06,-10.29,5.67
2.2731,-0.3562,0.6700,-0.5441,-25.55,-10.08,5.67
2.2735,-0.3601,0.6734,-0.5431,-25.83,-9.80,5.88
2.2740,-0.3611,0.6764,-0.5475,-26.11,-9.66,6.09
2.2745,-0.3582,0.6798,-0.5490,-26.11,-9.80,6.23
2.2749,-0.3611,0.6798,-0.5475,-26.25,-9.10,6.58
2.2754,-0.3631,0.6803,-0.5490,-26.95,-8.82,6.72
2.2759,-0.3626,0.6812,-0.5466,-26.81,-9.10,6.65
2.2763,-0.3645,0.6803,-0.5466,-27.02,-8.82,7.21
2.2768,-0.3680,0.6812,-0.5466,-27.30,-8.40,7.14
2.2773,-0.3680,0.6803,-0.5456,-27.72,-8.33,7.49
2.2777,-0.3680,0.6803,-0.5446,-28.28,-8.33,7.56
2.2782,-0.3670,0.6827,-0.5436,-27.93,-7.77,8.12
2.2787,-0.3694,0.6847,-0.5485,-28.77,-8.26,7.49
2.2791,-0.3704,0.6847,-0.5505,-28.42,-7.28,8.61
2.2796,-0.3675,0.6861,-0.5470,-29.05,-7.91,8.05
2.2801,-0.3670,0.6886,-0.5466,-29.12,-6.86,9.17
2.2805,-0.3675,0.6915,-0.5470,-29.61,-7.28,8.19
2.2824,-0.3684,0.6925,-0.5461,-29.54,-6.44,9.45
2.2842,-0.3684,0.6915,-0.5495,-30.03,-7.21,8.96
2.2861,-0.3699,0.6934,-0.5510,-29.68,-5.81,10.01
2.2879,-0.3694,0.6930,-0.5510,-30.66,-6.37,9.24
2.2898,-0.3719,0.6944,-0.5510,-30.38,-5.60,10.01
2.2916,-0.3748,0.6969,-0.5505,-30.87,-5.46,10.29
2.2935,-0.3728,0.6969,-0.5534,-31.43,-5.74,10.15
2.2953,-0.3689,0.6988,-0.5529,-31.29,-4.06,10.78
2.2972,-0.3709,0.7003,-0.5505,-31.99,-4.62,10.50
2.2990,-0.3709,0.7003,-0.5490,-31.85,-4.41,10.92
2.3009,-0.3723,0.6998,-0.5475,-32.27,-4.06,11.27
2.3027,-0.3748,0.7008,-0.5461,-32.27,-3.78,11.27
2.3046,-0.3728,0.7037,-0.5475,-32.62,-3.29,11.55
2.3064,-0.3709,0.7037,-0.5470,-32.62,-3.43,11.48
2.3083,-0.3723,0.7056,-0.5475,-33.46,-2.59,11.90
2.3101,-0.3719,0.7091,-0.5534,-33.04,-3.08,11.41
2.3120,-0.3689,0.7066,-0.5514,-33.60,-2.10,12.25
2.3138,-0.3714,0.7066,-0.5470,-33.53,-2.38,11.55
2.3157,-0.3738,0.7100,-0.5461,-33.81,-1.40,12.32
2.3175,-0.3758,0.7130,-0.5451,-34.23,-1.89,11.90
2.3179,-0.3743,0.7159,-0.5480,-34.23,-0.91,12.46
2.3183,-0.3723,0.7144,-0.5514,-34.79,-0.98,12.11
2.3186,-0.3709,0.7130,-0.5475,-34.51,0.00,12.95
2.3190,-0.3694,0.7144,-0.5514,-34.93,-1.05,11.90
2.3194,-0.3704,0.7120,-0.5495,-35.49,0.28,12.39
2.3198,-0.3699,0.7164,-0.5519,-35.56,0.84,13.09
2.3201,-0.3723,0.7139,-0.5519,-36.12,0.84,12.95
2.3205,-0.3709,0.7144,-0.5519,-35.49,1.12,13.23
2.3209,-0.3660,0.7169,-0.5524,-36.54,1.47,12.88
2.3213,-0.3650,0.7149,-0.5544,-36.26,1.82,13.16
2.3217,-0.3660,0.7135,-0.5529,-36.82,1.82,12.88
2.3220,-0.3650,0.7139,-0.5514,-36.61,2.10,13.37
2.3224,-0.3626,0.7183,-0.5514,-37.10,2.87,13.58
2.3228,-0.3626,0.7193,-0.5505,-37.10,2.52,12.95
2.3232,-0.3611,0.7183,-0.5529,-37.52,3.57,13.93
2.3235,-0.3587,0.7198,-0.5578,-37.59,3.08,13.16
2.3239,-0.3543,0.7188,-0.5563,-37.59,4.06,13.79
2.3243,-0.3509,0.7188,-0.5524,-37.80,3.92,13.23
2.3247,-0.3533,0.7208,-0.5568,-38.01,4.27,13.86
2.3250,-0.3514,0.7232,-0.5563,-38.15,4.48,13.51
2.3251,-0.3504,0.7247,-0.5568,-38.50,4.69,13.86
2.3251,-0.3509,0.7266,-0.5578,-38.85,5.11,13.72
2.3252,-0.3494,0.7296,-0.5583,-38.71,5.81,13.72
2.3253,-0.3479,0.7320,-0.5588,-39.13,5.53,13.44
2.3253,-0.3489,0.7310,-0.5602,-39.20,6.37,13.79
2.3254,-0.3499,0.7300,-0.5617,-39.20,6.16,13.30
2.3254,-0.3475,0.7315,-0.5607,-39.41,7.07,14.07
2.3255,-0.3445,0.7374,-0.5592,-39.41,6.79,13.23
2.3256,-0.3465,0.7369,-0.5568,-39.90,7.35,13.58
2.3256,-0.3450,0.7335,-0.5568,-39.97,7.56,13.23
2.3257,-0.3421,0.7349,-0.5568,-39.97,7.84,13.44
2.3257,-0.3411,0.7383,-0.5583,-40.25,8.12,13.02
2.3258,-0.3411,0.7418,-0.5627,-40.32,7.77,13.37
2.3259,-0.3401,0.7403,-0.5632,-40.53,8.33,12.67
2.3259,-0.3401,0.7398,-0.5671,-40.81,8.40,13.37
2.3260,-0.3377,0.7408,-0.5695,-40.67,8.89,12.74
2.3260,-0.3323,0.7393,-0.5641,-40.74,8.75,13.09
2.3261,-0.3304,0.7364,-0.5627,-41.02,9.45,12.67
2.3261,-0.3255,0.7379,-0.5675,-41.16,9.31,12.74
2.3262,-0.3226,0.7418,-0.5646,-41.51,9.73,12.60
2.3262,-0.3245,0.7418,-0.5641,-41.23,9.59,12.39
2.3263,-0.3240,0.7398,-0.5656,-41.72,10.08,12.39
2.3263,-0.3226,0.7422,-0.5651,-41.79,9.87,12.32
2.3264,-0.3206,0.7427,-0.5666,-41.79,10.36,11.97
2.3264,-0.3211,0.7413,-0.5671,-42.00,10.43,11.90
2.3264,-0.3172,0.7427,-0.5641,-42.14,10.92,12.11
2.3265,-0.3128,0.7418,-0.5656,-42.07,10.57,11.48
2.3265,-0.3123,0.7413,-0.5690,-42.21,11.06,11.41
2.3266,-0.3118,0.7418,-0.5685,-42.21,10.50,11.34
2.3266,-0.3113,0.7408,-0.5729,-42.56,11.48,11.20
2.3266,-0.3084,0.7403,-0.5695,-42.49,10.85,10.92
2.3267,-0.3045,0.7403,-0.5671,-42.84,11.76,10.92
2.3267,-0.3055,0.7422,-0.5714,-42.77,11.27,10.22
2.3268,-0.3045,0.7452,-0.5729,-42.98,12.04,10.64
2.3268,-0.2996,0.7437,-0.5724,-43.19,11.41,10.36
2.3268,-0.2977,0.7369,-0.5695,-43.05,12.25,10.22
2.3269,-0.2962,0.7369,-0.5724,-43.12,11.62,9.87
2.3269,-0.2904,0.7403,-0.5758,-43.47,12.46,9.66
2.3270,-0.2889,0.7398,-0.5754,-43.54,11.83,9.52
2.3270,-0.2908,0.7359,-0.5768,-43.26,12.25,9.17
2.3281,-0.2865,0.7335,-0.5783,-43.68,12.32,9.31
2.3293,-0.2830,0.7354,-0.5807,-43.82,12.11,8.33
2.3304,-0.2782,0.7359,-0.5778,-44.24,12.32,7.84
2.3315,-0.2767,0.7340,-0.5793,-44.52,12.39,7.91
2.3327,-0.2723,0.7305,-0.5793,-44.10,12.95,7.91
2.3338,-0.2694,0.7271,-0.5807,-44.59,12.32,7.42
2.3349,-0.2679,0.7276,-0.5827,-44.45,12.88,7.49
2.3361,-0.2674,0.7296,-0.5797,-44.73,12.53,7.00
2.3372,-0.2650,0.7281,-0.5807,-44.59,12.88,7.35
2.3383,-0.2621,0.7291,-0.5812,-45.29,12.39,6.23
2.3395,-0.2601,0.7291,-0.5841,-44.80,12.88,6.79
2.3406,-0.2616,0.7266,-0.5836,-45.22,12.04,6.02
2.3418,-0.2616,0.7252,-0.5788,-45.36,13.23,6.44
2.3429,-0.2606,0.7266,-0.5793,-45.43,12.04,5.53
2.3440,-0.2606,0.7296,-0.5836,-45.50,13.16,6.16
2.3452,-0.2572,0.7266,-0.5876,-45.43,12.67,5.25
2.3463,-0.2557,0.7266,-0.5876,-45.50,12.11,4.97
2.3474,-0.2528,0.7296,-0.5827,-45.85,12.95,5.25
2.3486,-0.2533,0.7300,-0.5846,-45.92,12.81,4.97
2.3497,-0.2538,0.7286,-0.5910,-45.85,12.53,4.97
2.3502,-0.2479,0.7271,-0.5929,-45.99,12.95,4.83
2.3508,-0.2455,0.7276,-0.5934,-45.99,12.39,4.13
2.3513,-0.2460,0.7296,-0.5954,-45.99,12.81,4.69
2.3519,-0.2420,0.7291,-0.5939,-46.27,12.60,4.27
2.3524,-0.2416,0.7266,-0.5934,-46.06,13.02,4.55
2.3529,-0.2401,0.7237,-0.5954,-46.34,12.25,4.06
2.3535,-0.2352,0.7213,-0.5978,-46.27,12.53,3.99
2.3540,-0.2313,0.7188,-0.5998,-46.55,12.46,4.06
2.3546,-0.2308,0.7149,-0.5993,-46.48,12.60,4.06
2.3551,-0.2294,0.7159,-0.6017,-46.62,11.97,3.85
2.3556,-0.2284,0.7208,-0.6027,-46.55,12.81,3.92
2.3562,-0.2279,0.7232,-0.6007,-46.62,12.39,3.99
2.3567,-0.2245,0.7242,-0.6007,-46.76,12.32,3.78
2.3573,-0.2225,0.7247,-0.6051,-47.04,12.46,4.06
2.3578,-0.2201,0.7208,-0.6076,-46.62,11.90,3.15
2.3583,-0.2162,0.7193,-0.6100,-46.83,11.97,3.99
2.3589,-0.2137,0.7218,-0.6090,-46.97,12.18,3.71
2.3594,-0.2152,0.7208,-0.6095,-46.55,11.90,3.85
2.3600,-0.2113,0.7139,-0.6129,-46.76,12.11,3.78
2.3605,-0.2084,0.7091,-0.6144,-46.62,12.18,4.27
2.3610,-0.2084,0.7125,-0.6144,-46.69,12.04,3.92
2.3615,-0.2069,0.7159,-0.6159,-46.55,11.69,4.34
2.3620,-0.2059,0.7178,-0.6188,-46.90,11.97,4.06
2.3625,-0.2059,0.7149,-0.6198,-46.97,11.83,4.55
2.3630,-0.2011,0.7120,-0.6202,-46.41,11.83,4.27
2.3635,-0.1962,0.7081,-0.6242,-46.76,11.69,4.83
2.3641,-0.1981,0.7076,-0.6285,-46.48,11.20,4.62
2.3646,-0.2006,0.7130,-0.6276,-46.62,11.69,5.04
2.3651,-0.2015,0.7130,-0.6310,-46.48,11.41,4.76
2.3656,-0.1991,0.7086,-0.6305,-46.69,11.55,5.39
2.3661,-0.1918,0.7076,-0.6271,-46.34,11.27,5.39
2.3666,-0.1889,0.7100,-0.6290,-46.41,11.41,5.67
2.3671,-0.1913,0.7096,-0.6295,-46.62,11.20,6.02
2.3676,-0.1898,0.7061,-0.6285,-46.41,11.48,5.81
2.3681,-0.1864,0.7091,-0.6359,-46.41,10.78,6.09
2.3686,-0.1840,0.7115,-0.6403,-46.13,11.41,6.79
2.3691,-0.1850,0.7071,-0.6393,-46.41,9.94,6.23
2.3696,-0.1815,0.7056,-0.6403,-46.20,10.99,6.65
2.3701,-0.1801,0.7047,-0.6388,-45.99,10.92,7.28
2.3706,-0.1791,0.7037,-0.6432,-45.71,10.99,7.21
2.3712,-0.1742,0.7027,-0.6446,-46.06,10.85,7.42
2.3717,-0.1752,0.6964,-0.6461,-45.57,10.78,7.70
2.3723,-0.1747,0.6993,-0.6490,-45.71,10.57,7.91
2.3729,-0.1752,0.7032,-0.6456,-45.57,10.71,7.98
2.3734,-0.1747,0.7022,-0.6505,-45.43,10.78,8.40
2.3740,-0.1723,0.7052,-0.6568,-45.22,10.71,8.26
2.3745,-0.1732,0.7042,-0.6598,-45.36,10.85,9.03
2.3751,-0.1708,0.7013,-0.6632,-45.15,10.36,8.82
2.3756,-0.1713,0.7017,-0.6661,-44.80,10.85,9.52
2.3762,-0.1698,0.7022,-0.6695,-44.87,10.29,9.24
2.3767,-0.1649,0.6983,-0.6681,-44.45,10.43,9.73
2.3773,-0.1654,0.6974,-0.6651,-44.66,10.15,9.24
2.3779,-0.1679,0.6993,-0.6715,-44.31,10.85,10.57
2.3784,-0.1649,0.7008,-0.6715,-44.03,9.94,9.94
2.3790,-0.1562,0.7003,-0.6739,-43.61,10.57,10.78
2.3795,-0.1566,0.6993,-0.6749,-44.17,10.71,10.22
2.3801,-0.1610,0.7008,-0.6793,-43.26,10.50,10.78
2.3806,-0.1581,0.6993,-0.6798,-43.82,10.08,10.71
2.3812,-0.1557,0.6954,-0.6783,-42.91,10.78,11.27
2.3817,-0.1562,0.6930,-0.6832,-43.61,10.50,11.20
2.3835,-0.1537,0.6934,-0.6861,-42.42,9.80,11.06
2.3852,-0.1513,0.6954,-0.6822,-42.91,10.36,11.69
2.3869,-0.1527,0.6954,-0.6812,-42.28,10.22,11.34
2.3887,-0.1503,0.6934,-0.6842,-42.35,10.36,11.97
2.3904,-0.1498,0.6939,-0.6856,-42.49,10.15,11.97
2.3921,-0.1532,0.6954,-0.6822,-41.58,10.64,12.04
2.3938,-0.1518,0.6920,-0.6852,-42.00,10.08,12.04
2.3956,-0.1508,0.6934,-0.6837,-41.02,10.85,12.32
2.3973,-0.1532,0.6949,-0.6812,-41.79,10.36,11.90
2.3990,-0.1527,0.6900,-0.6866,-40.60,11.06,13.09
2.4007,-0.1508,0.6871,-0.6837,-40.95,9.87,12.11
2.4025,-0.1444,0.6847,-0.6847,-40.25,10.78,12.95
2.4042,-0.1444,0.6827,-0.6876,-39.97,10.85,13.16
2.4059,-0.1444,0.6803,-0.6842,-39.97,10.71,12.53
2.4077,-0.1430,0.6773,-0.6803,-39.27,11.06,13.79
2.4094,-0.1425,0.6778,-0.6827,-39.69,10.78,12.53
2.4111,-0.1454,0.6778,-0.6783,-39.06,11.41,14.21
2.4128,-0.1425,0.6783,-0.6754,-39.13,10.71,12.32
2.4146,-0.1386,0.6783,-0.6778,-38.50,11.34,14.63
2.4163,-0.1376,0.6759,-0.6783,-38.57,11.90,13.09
2.4164,-0.1386,0.6725,-0.6827,-38.15,11.48,14.35
2.4164,-0.1381,0.6705,-0.6822,-37.66,11.76,13.23
2.4165,-0.1357,0.6686,-0.6783,-37.73,11.62,14.63
2.4165,-0.1371,0.6661,-0.6798,-37.59,12.25,13.72
2.4166,-0.1357,0.6608,-0.6798,-37.17,11.62,14.84
2.4166,-0.1357,0.6593,-0.6769,-37.24,12.32,14.49
2.4167,-0.1366,0.6564,-0.6739,-36.54,11.97,14.70
2.4168,-0.1347,0.6529,-0.6739,-36.54,12.60,14.98
2.4168,-0.1308,0.6520,-0.6759,-36.33,12.46,14.77
2.4169,-0.1269,0.6437,-0.6749,-35.77,12.67,15.05
2.4169,-0.1196,0.6422,-0.6730,-35.56,12.95,15.54
2.4170,-0.1161,0.6417,-0.6730,-35.49,13.09,15.26
2.4171,-0.1215,0.6456,-0.6769,-34.79,13.37,16.10
2.4171,-0.1235,0.6461,-0.6783,-35.14,13.65,15.05
2.4172,-0.1230,0.6407,-0.6749,-34.58,13.79,16.45
2.4172,-0.1259,0.6403,-0.6744,-34.16,13.79,15.33
2.4173,-0.1298,0.6427,-0.6749,-34.16,14.00,16.38
2.4173,-0.1357,0.6388,-0.6749,-33.74,14.35,15.75
2.4174,-0.1415,0.6339,-0.6734,-33.39,14.49,16.66
2.4175,-0.1444,0.6305,-0.6710,-33.32,14.91,16.17
2.4175,-0.1454,0.6290,-0.6686,-33.11,15.12,16.80
2.4175,-0.1479,0.6256,-0.6656,-32.90,15.26,16.52
2.4176,-0.1508,0.6202,-0.6686,-32.48,15.68,17.08
2.4176,-0.1532,0.6168,-0.6725,-32.97,16.10,16.73
2.4177,-0.1566,0.6154,-0.6710,-31.78,15.96,17.22
2.4177,-0.1596,0.6129,-0.6695,-31.99,16.45,17.15
2.4178,-0.1591,0.6090,-0.6690,-31.29,17.01,17.29
2.4178,-0.1596,0.6061,-0.6676,-31.99,17.43,17.57
2.4178,-0.1649,0.6022,-0.6676,-30.80,17.43,17.36
2.4179,-0.1635,0.6012,-0.6676,-31.36,17.71,17.64
2.4179,-0.1635,0.6017,-0.6676,-30.31,18.34,17.99
2.4180,-0.1664,0.5963,-0.6642,-30.80,18.34,17.78
2.4180,-0.1684,0.5905,-0.6583,-29.89,19.60,18.27
2.4180,-0.1674,0.5861,-0.6598,-30.10,19.11,18.27
2.4181,-0.1610,0.5832,-0.6583,-30.03,20.16,18.69
2.4181,-0.1615,0.5846,-0.6554,-29.47,19.95,18.55
2.4182,-0.1679,0.5841,-0.6564,-29.68,21.00,18.97
2.4182,-0.1713,0.5797,-0.6564,-29.19,21.07,18.97
2.4183,-0.1674,0.5773,-0.6554,-28.98,21.70,18.97
2.4183,-0.1610,0.5783,-0.6539,-28.84,21.91,18.97
2.4187,-0.1571,0.5758,-0.6495,-28.49,22.47,19.11
2.4190,-0.1542,0.5729,-0.6486,-28.42,22.68,19.11
2.4194,-0.1503,0.5724,-0.6476,-27.93,23.45,19.18
2.4197,-0.1488,0.5705,-0.6432,-27.79,24.01,19.32
2.4201,-0.1469,0.5690,-0.6417,-27.86,24.08,19.67
2.4204,-0.1415,0.5714,-0.6359,-27.51,24.71,19.11
2.4208,-0.1430,0.5773,-0.6320,-27.37,24.85,19.74
2.4212,-0.1469,0.5817,-0.6300,-27.02,25.20,19.39
2.4215,-0.1508,0.5841,-0.6300,-26.60,25.90,19.67
2.4219,-0.1581,0.5851,-0.6315,-26.25,26.53,19.74
2.4222,-0.1664,0.5832,-0.6276,-26.04,26.67,19.74
2.4226,-0.1796,0.5734,-0.6271,-25.83,27.72,20.09
2.4229,-0.1923,0.5690,-0.6285,-25.69,27.72,19.53
2.4233,-0.2001,0.5685,-0.6295,-25.13,28.98,20.02
2.4237,-0.2094,0.5661,-0.6315,-25.13,28.49,19.67
2.4240,-0.2181,0.5651,-0.6295,-24.92,30.03,19.95
2.4244,-0.2206,0.5617,-0.6295,-24.78,29.54,19.53
2.4247,-0.2196,0.5573,-0.6315,-24.22,30.94,19.81
2.4251,-0.2206,0.5524,-0.6315,-24.15,31.08,19.32
2.4254,-0.2211,0.5490,-0.6295,-23.87,32.20,19.81
2.4261,-0.2172,0.5510,-0.6246,-23.52,32.69,19.32
2.4267,-0.2181,0.5519,-0.6242,-23.24,32.97,19.60
2.4273,-0.2206,0.5500,-0.6285,-23.17,34.16,19.53
2.4279,-0.2196,0.5505,-0.6276,-22.68,34.16,19.18
2.4285,-0.2201,0.5495,-0.6246,-22.40,35.28,19.32
2.4291,-0.2216,0.5495,-0.6276,-22.40,35.42,18.69
2.4297,-0.2167,0.5480,-0.6188,-22.05,36.82,19.11
2.4304,-0.2133,0.5500,-0.6163,-21.63,37.80,19.04
2.4310,-0.2118,0.5485,-0.6193,-21.21,38.29,18.27
2.4316,-0.2152,0.5485,-0.6217,-20.79,39.06,18.90
2.4322,-0.2133,0.5495,-0.6193,-20.72,39.06,17.43
2.4328,-0.2128,0.5475,-0.6202,-20.16,40.25,18.48
2.4334,-0.2162,0.5470,-0.6202,-20.44,40.46,16.87
2.4340,-0.2137,0.5456,-0.6129,-19.67,41.72,18.20
2.4346,-0.2045,0.5441,-0.6115,-19.88,41.65,16.45
2.4353,-0.2050,0.5461,-0.6090,-18.97,42.56,17.36
2.4359,-0.2084,0.5456,-0.6076,-19.46,42.84,15.82
2.4365,-0.2054,0.5431,-0.6110,-18.34,43.47,16.59
2.4371,-0.2064,0.5422,-0.6105,-18.76,44.31,15.40
2.4377,-0.2079,0.5422,-0.6061,-17.92,44.80,15.96
2.4383,-0.2069,0.5436,-0.6051,-17.92,45.64,15.12
2.4389,-0.2054,0.5446,-0.6071,-17.29,45.71,14.70
2.4395,-0.2054,0.5456,-0.6071,-17.50,47.04,14.35
2.4401,-0.2069,0.5461,-0.6061,-16.66,46.90,13.79
2.4407,-0.2103,0.5470,-0.5993,-16.80,48.44,14.28
2.4413,-0.2113,0.5456,-0.5998,-15.82,49.70,13.30
2.4419,-0.2152,0.5431,-0.5983,-15.61,49.49,11.90
2.4425,-0.2191,0.5461,-0.5963,-15.61,51.10,12.53
2.4431,-0.2137,0.5466,-0.5968,-15.26,50.54,10.99
2.4437,-0.2142,0.5431,-0.5983,-14.35,52.01,11.55
2.4443,-0.2157,0.5451,-0.6051,-14.56,51.87,10.01
2.4449,-0.2103,0.5500,-0.6037,-13.72,53.27,10.64
2.4455,-0.2103,0.5553,-0.5983,-14.07,53.41,9.24
2.4462,-0.2113,0.5583,-0.5949,-12.95,54.39,9.17
2.4468,-0.2137,0.5568,-0.5915,-13.51,54.60,8.61
2.4474,-0.2225,0.5568,-0.5890,-12.25,55.44,7.98
2.4480,-0.2269,0.5602,-0.5832,-12.74,56.07,7.35
2.4486,-0.2264,0.5617,-0.5846,-11.76,56.28,6.58
2.4492,-0.2294,0.5617,-0.5880,-11.97,57.05,6.37
2.4498,-0.2279,0.5612,-0.5915,-11.27,57.40,5.39
2.4503,-0.2279,0.5685,-0.5915,-10.92,58.59,5.74
2.4509,-0.2372,0.5758,-0.5846,-10.29,58.52,3.99
2.4514,-0.2464,0.5768,-0.5841,-9.73,59.78,4.76
2.4520,-0.2562,0.5744,-0.5851,-9.80,59.71,2.87
2.4525,-0.2660,0.5719,-0.5817,-8.82,60.76,3.01
2.4530,-0.2762,0.5729,-0.5793,-9.10,61.32,2.17
2.4536,-0.2869,0.5778,-0.5763,-8.19,62.37,1.82
2.4541,-0.2899,0.5841,-0.5744,-7.91,63.00,1.19
2.4547,-0.2952,0.5836,-0.5710,-7.49,63.77,0.70
2.4552,-0.2996,0.5807,-0.5700,-7.07,64.47,0.00
2.4558,-0.3006,0.5797,-0.5700,-6.51,64.89,-0.70
2.4563,-0.3026,0.5788,-0.5690,-6.16,66.01,-0.91
2.4569,-0.3030,0.5793,-0.5675,-5.67,66.15,-1.68
2.4574,-0.3030,0.5841,-0.5627,-5.46,67.41,-1.75
2.4580,-0.3045,0.5919,-0.5607,-4.55,67.83,-2.94
2.4585,-0.3026,0.5939,-0.5578,-4.48,68.88,-2.73
2.4591,-0.2991,0.5958,-0.5549,-3.78,69.02,-3.78
2.4596,-0.2928,0.5993,-0.5514,-3.15,70.00,-4.06
2.4602,-0.2816,0.6056,-0.5475,-2.94,70.49,-4.76
2.4607,-0.2757,0.6207,-0.5470,-2.10,71.26,-5.11
2.4613,-0.2743,0.6295,-0.5378,-1.96,71.54,-5.39
2.4618,-0.2752,0.6364,-0.5378,-1.12,73.01,-5.60
2.4624,-0.2796,0.6412,-0.5363,-0.91,73.08,-6.37
2.4630,-0.2865,0.6417,-0.5334,0.42,74.20,-6.79
2.4635,-0.2904,0.6446,-0.5314,0.21,74.34,-7.14
2.4641,-0.2943,0.6466,-0.5329,0.91,75.25,-7.56
2.4646,-0.2972,0.6490,-0.5324,1.26,75.60,-8.33
2.4652,-0.2977,0.6534,-0.5300,2.45,76.37,-8.54
2.4658,-0.2957,0.6593,-0.5300,2.73,76.86,-8.89
2.4663,-0.2933,0.6593,-0.5285,3.78,77.56,-9.10
2.4669,-0.2908,0.6549,-0.5266,3.78,77.98,-9.80
2.4675,-0.2879,0.6554,-0.5266,4.62,78.89,-9.73
2.4680,-0.2830,0.6603,-0.5241,4.97,79.03,-10.29
2.4686,-0.2801,0.6617,-0.5222,5.60,80.08,-10.43
2.4691,-0.2791,0.6617,-0.5217,6.72,80.15,-10.85
2.4697,-0.2747,0.6676,-0.5222,6.79,80.92,-11.27
2.4703,-0.2723,0.6730,-0.5212,7.42,81.27,-11.76
2.4708,-0.2674,0.6744,-0.5202,8.05,82.11,-11.48
2.4714,-0.2621,0.6754,-0.5207,8.96,81.97,-12.46
2.4720,-0.2625,0.6812,-0.5241,9.10,82.67,-12.18
2.4741,-0.2635,0.6871,-0.5251,10.01,83.30,-12.74
2.4762,-0.2586,0.6910,-0.5183,10.50,83.16,-13.44
2.4783,-0.2557,0.6969,-0.5212,11.76,84.28,-13.58
2.4805,-0.2542,0.6993,-0.5202,12.60,84.70,-13.58
2.4826,-0.2547,0.7008,-0.5202,13.23,85.54,-13.58
2.4847,-0.2538,0.7042,-0.5212,13.58,85.61,-14.07
2.4869,-0.2518,0.7086,-0.5212,14.42,86.03,-14.28
2.4890,-0.2484,0.7100,-0.5173,14.84,86.03,-13.86
2.4911,-0.2489,0.7144,-0.5163,15.61,86.52,-14.77
2.4933,-0.2494,0.7198,-0.5178,16.24,87.15,-14.28
2.4954,-0.2474,0.7237,-0.5158,16.87,86.73,-15.33
2.4975,-0.2474,0.7247,-0.5178,17.64,87.29,-14.77
2.4997,-0.2474,0.7271,-0.5202,17.99,87.57,-14.98
2.5018,-0.2435,0.7315,-0.5173,18.90,87.99,-14.91
2.5039,-0.2440,0.7325,-0.5153,19.11,88.41,-14.77
2.5061,-0.2460,0.7379,-0.5119,20.44,88.34,-14.91
2.5082,-0.2435,0.7437,-0.5080,20.72,88.41,-15.33
2.5103,-0.2479,0.7447,-0.5090,21.70,88.55,-15.40
2.5125,-0.2518,0.7462,-0.5114,22.26,89.04,-15.05
2.5146,-0.2503,0.7496,-0.5100,22.54,89.67,-14.84
2.5153,-0.2499,0.7520,-0.5080,23.45,89.11,-14.77
2.5160,-0.2508,0.7540,-0.5085,24.29,89.53,-15.05
2.5167,-0.2518,0.7584,-0.5026,24.78,89.88,-14.77
2.5175,-0.2489,0.7637,-0.5012,25.06,90.23,-14.84
2.5182,-0.2494,0.7637,-0.5036,26.39,89.95,-14.42
2.5189,-0.2533,0.7618,-0.5017,26.53,90.23,-14.42
2.5196,-0.2547,0.7681,-0.5012,27.44,90.23,-14.14
2.5203,-0.2577,0.7740,-0.5022,28.21,90.51,-14.35
2.5210,-0.2572,0.7730,-0.4973,28.84,90.79,-13.51
2.5217,-0.2562,0.7720,-0.4929,29.33,91.00,-13.79
2.5225,-0.2572,0.7749,-0.4924,30.03,91.07,-13.30
2.5232,-0.2582,0.7793,-0.4870,30.59,91.00,-13.09
2.5239,-0.2616,0.7803,-0.4821,31.36,91.63,-13.02
2.5246,-0.2650,0.7818,-0.4856,31.99,91.35,-12.67
2.5253,-0.2650,0.7886,-0.4856,32.48,91.84,-12.53
2.5260,-0.2655,0.7896,-0.4802,33.32,91.77,-11.83
2.5267,-0.2679,0.7920,-0.4797,33.60,91.70,-12.32
2.5275,-0.2699,0.7964,-0.4758,34.58,91.70,-11.13
2.5282,-0.2728,0.7984,-0.4753,35.07,91.98,-11.55
2.5289,-0.2757,0.8008,-0.4768,35.63,92.19,-10.43
2.5293,-0.2801,0.7989,-0.4729,36.33,91.77,-11.06
2.5298,-0.2806,0.8062,-0.4680,37.52,91.70,-10.50
2.5302,-0.2850,0.8096,-0.4675,38.50,93.03,-9.10
2.5307,-0.2904,0.8140,-0.4646,38.71,92.47,-9.45
2.5311,-0.2918,0.8174,-0.4568,39.55,93.03,-8.61
2.5316,-0.2933,0.8223,-0.4592,40.18,92.89,-8.12
2.5320,-0.2948,0.8267,-0.4602,41.02,92.61,-8.19
2.5325,-0.2943,0.8320,-0.4577,41.30,93.24,-7.35
2.5329,-0.2967,0.8325,-0.4582,41.72,93.03,-7.63
2.5334,-0.3021,0.8330,-0.4568,42.63,93.10,-6.79
2.5338,-0.3055,0.8364,-0.4538,43.12,93.03,-6.65
2.5343,-0.3060,0.8408,-0.4504,43.96,93.59,-5.74
2.5347,-0.3070,0.8462,-0.4475,44.24,92.82,-6.02
2.5352,-0.3089,0.8491,-0.4465,45.08,93.59,-4.97
2.5356,-0.3123,0.8560,-0.4455,45.71,93.38,-5.18
2.5361,-0.3187,0.8579,-0.4455,46.48,93.45,-4.20
2.5365,-0.3240,0.8569,-0.4436,46.62,93.45,-4.41
2.5370,-0.3274,0.8594,-0.4407,47.95,93.66,-3.64
2.5374,-0.3338,0.8633,-0.4377,47.81,93.52,-3.71
2.5379,-0.3377,0.8662,-0.4368,49.00,94.15,-2.80
2.5379,-0.3357,0.8686,-0.4372,48.93,93.94,-3.01
2.5380,-0.3392,0.8716,-0.4392,50.19,94.15,-1.75
2.5381,-0.3460,0.8725,-0.4363,50.26,94.01,-2.10
2.5381,-0.3514,0.8721,-0.4333,51.03,94.08,-0.98
2.5382,-0.3548,0.8755,-0.4363,51.66,94.50,-1.26
2.5383,-0.3572,0.8769,-0.4329,51.94,94.08,-0.14
2.5383,-0.3587,0.8774,-0.4309,52.71,94.43,-0.70
2.5384,-0.3626,0.8843,-0.4290,53.20,94.57,0.63
2.5385,-0.3680,0.8867,-0.4304,53.69,94.57,0.28
2.5385,-0.3719,0.8872,-0.4353,54.04,94.50,1.19
2.5386,-0.3758,0.8862,-0.4329,55.02,94.85,1.33
2.5387,-0.3762,0.8882,-0.4250,55.23,94.50,1.82
2.5387,-0.3782,0.8926,-0.4202,55.79,94.57,2.03
2.5388,-0.3831,0.8979,-0.4192,56.49,94.78,2.52
2.5389,-0.3865,0.9004,-0.4192,56.98,95.13,2.80
2.5389,-0.3938,0.8989,-0.4172,57.54,94.85,3.15
2.5390,-0.3987,0.9023,-0.4114,57.96,94.85,3.43
2.5391,-0.3977,0.9018,-0.4104,58.66,95.41,3.99
2.5391,-0.4011,0.8979,-0.4109,58.87,94.85,4.34
2.5392,-0.4036,0.9018,-0.4094,59.29,94.92,3.78
2.5393,-0.4075,0.9077,-0.4114,60.06,95.34,5.11
2.5393,-0.4119,0.9077,-0.4085,59.99,95.27,4.97
2.5394,-0.4138,0.9077,-0.4016,60.62,95.06,5.67
2.5394,-0.4197,0.9087,-0.3997,61.04,95.55,5.25
2.5395,-0.4255,0.9130,-0.3948,61.74,95.69,6.44
2.5395,-0.4285,0.9150,-0.3904,62.09,95.83,6.02
2.5396,-0.4333,0.9087,-0.3899,62.44,95.62,7.07
2.5396,-0.4392,0.9096,-0.3870,62.58,96.18,6.79
2.5397,-0.4431,0.9121,-0.3841,63.28,95.76,7.42
2.5397,-0.4446,0.9091,-0.3845,63.56,95.97,7.35
2.5398,-0.4470,0.9087,-0.3831,64.05,95.90,7.63
2.5399,-0.4494,0.9091,-0.3762,64.12,96.39,8.12
2.5399,-0.4514,0.9096,-0.3733,64.89,96.46,8.26
2.5400,-0.4563,0.9106,-0.3694,64.82,96.25,8.82
2.5400,-0.4616,0.9062,-0.3689,65.38,96.60,8.54
2.5401,-0.4665,0.9023,-0.3728,65.38,96.46,9.17
2.5401,-0.4690,0.9013,-0.3694,66.01,96.39,8.75
2.5402,-0.4704,0.9038,-0.3660,66.01,96.67,9.73
2.5402,-0.4734,0.9072,-0.3616,66.92,97.16,9.52
2.5403,-0.4753,0.9072,-0.3592,66.85,96.67,10.22
2.5408,-0.4856,0.9067,-0.3592,66.78,96.67,9.66
2.5414,-0.4865,0.9038,-0.3499,67.62,97.16,10.22
2.5419,-0.4900,0.9013,-0.3475,67.48,97.30,11.41
2.5425,-0.4953,0.9004,-0.3489,67.90,97.16,10.64
2.5430,-0.4978,0.9018,-0.3489,67.76,97.30,12.11
2.5436,-0.4958,0.9062,-0.3445,68.11,97.44,11.13
2.5441,-0.5007,0.9067,-0.3411,68.46,97.23,11.90
2.5447,-0.5056,0.9043,-0.3382,68.25,97.65,12.04
2.5452,-0.5056,0.9077,-0.3328,68.88,97.65,12.67
2.5457,-0.5065,0.9111,-0.3328,68.32,97.58,12.53
2.5463,-0.5119,0.9106,-0.3328,69.23,97.79,13.02
2.5468,-0.5168,0.9082,-0.3318,68.74,98.14,13.58
2.5474,-0.5187,0.9057,-0.3294,69.58,97.72,13.02
2.5479,-0.5217,0.9043,-0.3250,68.81,98.49,14.00
2.5485,-0.5226,0.9033,-0.3221,69.37,97.58,13.79
2.5490,-0.5280,0.9062,-0.3192,69.16,98.42,14.63
2.5496,-0.5305,0.9126,-0.3177,69.37,97.65,14.07
2.5501,-0.5309,0.9145,-0.3172,69.65,98.70,15.47
2.5507,-0.5344,0.9150,-0.3172,69.44,98.49,14.70
2.5512,-0.5339,0.9209,-0.3143,69.30,98.91,15.61
2.5517,-0.5358,0.9243,-0.3133,70.07,98.98,16.45
2.5522,-0.5383,0.9243,-0.3065,69.72,98.70,16.17
2.5527,-0.5348,0.9218,-0.3040,70.07,98.84,17.08
2.5532,-0.5348,0.9174,-0.3084,69.79,99.05,16.87
2.5537,-0.5373,0.9199,-0.3079,70.07,99.12,17.64
2.5543,-0.5368,0.9252,-0.3065,69.86,98.77,17.43
2.5548,-0.5344,0.9277,-0.3050,70.07,99.33,18.48
2.5553,-0.5329,0.9335,-0.3055,70.07,98.84,18.20
2.5558,-0.5348,0.9379,-0.3050,70.21,98.98,18.83
2.5563,-0.5329,0.9394,-0.3001,70.00,99.26,18.90
2.5568,-0.5290,0.9389,-0.2977,70.00,98.70,19.32
2.5573,-0.5305,0.9428,-0.3026,69.93,99.33,19.74
2.5578,-0.5314,0.9477,-0.3021,70.00,98.56,19.60
2.5583,-0.5363,0.9501,-0.3021,70.07,99.12,20.23
2.5588,-0.5397,0.9540,-0.3070,70.21,99.12,20.58
2.5593,-0.5397,0.9614,-0.3070,69.86,99.12,20.65
2.5598,-0.5441,0.9648,-0.3040,70.21,98.84,20.44
2.5604,-0.5456,0.9614,-0.3035,70.14,98.56,20.93
2.5609,-0.5427,0.9638,-0.3021,70.00,98.77,20.86
2.5614,-0.5412,0.9697,-0.3045,69.79,98.28,21.49
2.5619,-0.5397,0.9716,-0.3055,69.79,98.77,21.21
2.5625,-0.5397,0.9711,-0.3045,70.21,97.79,21.35
2.5630,-0.5402,0.9745,-0.3045,69.93,98.49,21.77
2.5635,-0.5378,0.9789,-0.3070,69.65,97.79,21.63
2.5641,-0.5353,0.9794,-0.3104,69.72,98.56,21.98
2.5646,-0.5324,0.9799,-0.3084,69.93,97.30,21.56
2.5652,-0.5261,0.9823,-0.3065,69.72,98.00,22.54
2.5657,-0.5197,0.9828,-0.3050,69.51,97.23,21.77
2.5662,-0.5148,0.9843,-0.3045,69.93,97.30,22.54
2.5668,-0.5129,0.9926,-0.3055,69.44,96.53,21.70
2.5673,-0.5100,0.9980,-0.3079,69.51,97.09,22.96
2.5679,-0.5065,0.9970,-0.3089,69.65,96.18,22.12
2.5684,-0.5036,0.9994,-0.3065,69.72,96.53,23.17
2.5689,-0.5017,1.0028,-0.3074,69.44,95.83,22.33
2.5695,-0.4997,1.0063,-0.3089,69.58,95.69,22.68
2.5700,-0.4982,1.0136,-0.3074,69.44,95.34,22.33
2.5706,-0.4943,1.0185,-0.3074,69.23,94.57,22.75
2.5711,-0.4836,1.0199,-0.3099,69.09,94.57,22.75
2.5716,-0.4807,1.0233,-0.3089,69.23,93.66,22.26
2.5722,-0.4821,1.0268,-0.3074,68.81,93.80,22.68
2.5735,-0.4753,1.0297,-0.3089,69.23,92.89,22.12
2.5749,-0.4719,1.0297,-0.3118,69.02,92.75,22.40
2.5763,-0.4699,1.0331,-0.3152,68.53,91.98,21.77
2.5776,-0.4646,1.0414,-0.3167,68.95,91.98,21.77
2.5790,-0.4602,1.0438,-0.3187,68.53,90.93,21.42
2.5804,-0.4534,1.0458,-0.3201,68.67,90.37,21.28
2.5818,-0.4451,1.0492,-0.3211,68.39,89.95,21.00
2.5831,-0.4451,1.0512,-0.3211,68.53,89.18,20.58
2.5845,-0.4446,1.0541,-0.3221,67.83,88.97,20.37
2.5859,-0.4372,1.0555,-0.3265,68.39,87.85,19.67
2.5872,-0.4304,1.0624,-0.3270,67.76,87.29,19.53
2.5886,-0.4280,1.0663,-0.3260,67.69,86.24,18.90
2.5900,-0.4226,1.0712,-0.3304,67.83,85.12,17.78
2.5913,-0.4163,1.0790,-0.3343,67.55,84.70,18.27
2.5927,-0.4070,1.0804,-0.3367,67.34,83.16,16.80
2.5941,-0.3992,1.0819,-0.3401,67.41,83.30,17.57
2.5954,-0.3963,1.0853,-0.3460,66.92,81.83,15.61
2.5968,-0.3904,1.0863,-0.3436,67.20,81.48,16.66
2.5982,-0.3860,1.0897,-0.3416,66.57,79.73,14.49
2.5995,-0.3836,1.0941,-0.3406,66.85,79.73,15.54
2.5996,-0.3767,1.0941,-0.3431,66.29,78.40,13.58
2.5997,-0.3719,1.0941,-0.3514,66.43,77.56,14.42
2.5997,-0.3704,1.0985,-0.3533,66.01,76.44,12.95
2.5998,-0.3670,1.1024,-0.3553,66.29,75.67,13.02
2.5999,-0.3640,1.1024,-0.3582,65.45,74.83,12.04
2.6000,-0.3626,1.1043,-0.3582,66.22,73.78,11.76
2.6000,-0.3577,1.1097,-0.3597,65.31,73.50,11.41
2.6001,-0.3543,1.1131,-0.3587,65.52,71.54,10.22
2.6002,-0.3518,1.1136,-0.3601,65.17,71.33,10.36
2.6002,-0.3499,1.1175,-0.3626,65.03,69.44,9.31
2.6003,-0.3484,1.1239,-0.3611,64.82,69.02,9.31
2.6004,-0.3455,1.1283,-0.3640,64.68,67.06,7.63
2.6004,-0.3431,1.1297,-0.3670,64.33,66.85,8.33
2.6005,-0.3445,1.1322,-0.3655,63.98,65.03,6.44
2.6006,-0.3421,1.1370,-0.3645,64.68,64.61,7.28
2.6006,-0.3411,1.1405,-0.3694,63.49,63.21,5.32
2.6007,-0.3392,1.1409,-0.3748,64.40,62.58,6.37
2.6008,-0.3353,1.1444,-0.3762,63.42,60.83,4.13
2.6009,-0.3333,1.1531,-0.3782,63.91,60.69,4.90
2.6009,-0.3357,1.1575,-0.3748,62.65,58.80,3.36
2.6012,-0.3416,1.1590,-0.3719,63.49,58.17,3.71
2.6014,-0.3387,1.1624,-0.3792,62.72,56.70,2.45
2.6017,-0.3357,1.1702,-0.3841,63.07,56.07,2.59
2.6019,-0.3343,1.1741,-0.3836,62.23,55.02,1.68
2.6022,-0.3314,1.1746,-0.3816,62.93,53.62,1.12
2.6024,-0.3318,1.1766,-0.3836,62.16,52.85,1.05
2.6027,-0.3353,1.1795,-0.3831,62.16,51.38,0.07
2.6029,-0.3367,1.1834,-0.3811,61.74,50.61,0.00
2.6032,-0.3387,1.1893,-0.3875,61.74,49.28,-1.05
2.6035,-0.3377,1.1941,-0.3919,61.46,48.09,-1.12
2.6037,-0.3357,1.1941,-0.3928,61.46,47.11,-1.54
2.6040,-0.3382,1.1961,-0.3938,61.25,45.78,-2.17
2.6042,-0.3426,1.2044,-0.3972,61.25,45.22,-2.45
2.6045,-0.3450,1.2083,-0.3977,61.18,43.96,-2.73
2.6047,-0.3475,1.2117,-0.3967,60.90,42.91,-3.22
2.6050,-0.3523,1.2185,-0.3982,60.83,42.00,-3.43
2.6052,-0.3553,1.2254,-0.4006,60.13,40.74,-4.34
2.6055,-0.3538,1.2293,-0.4050,60.76,39.97,-4.27
2.6057,-0.3562,1.2327,-0.4046,59.99,38.78,-4.83
2.6060,-0.3587,1.2390,-0.4050,60.69,37.52,-5.25
2.6066,-0.3606,1.2424,-0.4031,59.50,36.89,-5.60
2.6072,-0.3650,1.2454,-0.4011,60.41,35.49,-6.09
2.6079,-0.3680,1.2512,-0.4046,59.43,34.86,-5.81
2.6085,-0.3684,1.2571,-0.4070,59.99,33.88,-6.93
2.6091,-0.3675,1.2595,-0.4065,59.43,32.76,-6.79
2.6098,-0.3689,1.2629,-0.4041,59.50,31.71,-7.49
2.6104,-0.3704,1.2693,-0.4055,59.64,30.87,-7.42
2.6110,-0.3733,1.2742,-0.4080,59.29,30.03,-7.91
2.6117,-0.3767,1.2722,-0.4089,59.43,29.33,-8.33
2.6123,-0.3811,1.2756,-0.4128,58.87,28.42,-7.98
2.6129,-0.3836,1.2805,-0.4124,58.94,27.02,-9.24
2.6136,-0.3860,1.2834,-0.4080,59.01,26.60,-8.19
2.6142,-0.3909,1.2844,-0.4065,58.80,25.34,-9.45
2.6148,-0.3967,1.2844,-0.4060,58.66,24.99,-8.89
2.6155,-0.4016,1.2903,-0.4050,58.59,23.94,-9.45
2.6161,-0.4041,1.2942,-0.4060,58.38,23.31,-9.24
2.6167,-0.4104,1.2976,-0.4080,58.66,22.05,-9.66
2.6173,-0.4177,1.2976,-0.4050,58.03,21.77,-9.45
2.6180,-0.4231,1.2952,-0.4036,58.10,20.72,-9.66
2.6186,-0.4280,1.2952,-0.4036,57.96,20.44,-9.38
2.6191,-0.4290,1.2981,-0.4055,57.96,19.74,-9.38
2.6196,-0.4343,1.3010,-0.4055,57.61,19.11,-9.45
2.6201,-0.4441,1.2991,-0.4031,57.82,18.48,-8.89
2.6206,-0.4514,1.2986,-0.4026,57.40,17.64,-9.24
2.6211,-0.4558,1.2961,-0.4016,57.61,17.43,-8.40
2.6217,-0.4607,1.2903,-0.4011,57.26,16.38,-9.03
2.6222,-0.4646,1.2888,-0.3982,57.33,16.45,-7.63
2.6227,-0.4846,1.2903,-0.3982,57.12,15.68,-7.14
2.6232,-0.4909,1.2849,-0.3997,56.70,14.42,-8.05
2.6237,-0.4958,1.2810,-0.3977,57.12,15.40,-6.02
2.6242,-0.5031,1.2781,-0.3958,56.21,13.37,-7.35
2.6247,-0.5100,1.2732,-0.3928,56.42,14.56,-5.18
2.6252,-0.5119,1.2698,-0.3899,55.93,12.67,-6.23
2.6257,-0.5104,1.2693,-0.3889,56.07,13.79,-4.06
2.6262,-0.5100,1.2717,-0.3924,55.44,11.90,-5.18
2.6267,-0.5119,1.2727,-0.3894,56.00,13.16,-3.50
2.6272,-0.5163,1.2737,-0.3782,55.09,11.69,-3.78
2.6277,-0.5217,1.2742,-0.3762,55.44,12.25,-2.59
2.6283,-0.5241,1.2717,-0.3767,54.32,11.97,-2.59
2.6288,-0.5256,1.2727,-0.3738,54.81,11.76,-1.33
2.6294,-0.5309,1.2781,-0.3709,54.39,11.62,-1.33
2.6300,-0.5368,1.2790,-0.3704,54.32,11.13,-0.42
2.6306,-0.5407,1.2776,-0.3704,53.97,11.41,0.42
2.6312,-0.5470,1.2776,-0.3675,53.55,10.64,0.56
2.6318,-0.5534,1.2751,-0.3645,53.83,11.55,2.17
2.6324,-0.5607,1.2722,-0.3631,53.41,10.15,1.61
2.6330,-0.5690,1.2693,-0.3606,53.13,11.97,3.64
2.6336,-0.5719,1.2673,-0.3606,52.43,10.50,3.15
2.6342,-0.5739,1.2659,-0.3606,52.64,11.13,4.83
2.6348,-0.5812,1.2600,-0.3562,51.94,10.57,4.55
2.6354,-0.5866,1.2571,-0.3528,51.80,11.34,6.23
2.6360,-0.5910,1.2586,-0.3543,51.45,10.78,6.16
2.6366,-0.6032,1.2605,-0.3538,51.45,11.20,7.42
2.6373,-0.6134,1.2561,-0.3528,50.61,11.55,7.70
2.6379,-0.6198,1.2507,-0.3538,50.96,11.55,8.75
2.6385,-0.6251,1.2468,-0.3518,49.98,11.83,9.17
2.6391,-0.6310,1.2454,-0.3470,49.91,11.76,9.94
2.6397,-0.6388,1.2473,-0.3460,49.14,12.18,10.57
2.6403,-0.6427,1.2444,-0.3470,49.00,12.04,11.48
2.6409,-0.6490,1.2385,-0.3436,48.51,13.09,12.39
2.6415,-0.6564,1.2327,-0.3421,48.16,12.39,12.67
2.6421,-0.6603,1.2312,-0.3440,47.95,13.44,13.93
2.6428,-0.6656,1.2312,-0.3426,46.97,13.02,14.14
2.6434,-0.6725,1.2302,-0.3382,47.18,13.79,15.33
2.6440,-0.6808,1.2239,-0.3338,46.13,13.86,15.47
2.6447,-0.6847,1.2166,-0.3333,46.06,14.49,16.73
2.6453,-0.6866,1.2141,-0.3367,45.22,15.05,17.08
2.6459,-0.6895,1.2127,-0.3318,44.80,15.12,18.48
2.6466,-0.6905,1.2093,-0.3270,44.31,15.82,18.76
2.6472,-0.6920,1.2024,-0.3270,44.10,15.68,19.53
2.6478,-0.6969,1.2000,-0.3299,43.54,16.59,20.16
2.6484,-0.7008,1.1990,-0.3318,42.77,16.66,21.00
2.6491,-0.7022,1.1917,-0.3265,42.14,17.78,21.98
2.6497,-0.7032,1.1854,-0.3226,41.72,17.64,22.19
2.6503,-0.7022,1.1839,-0.3206,40.88,18.34,23.24
2.6510,-0.7056,1.1814,-0.3192,40.53,18.55,23.66
2.6516,-0.7115,1.1780,-0.3162,40.04,19.39,24.50
2.6522,-0.7130,1.1761,-0.3196,39.34,19.39,24.99
2.6528,-0.7120,1.1746,-0.3231,38.57,20.09,26.04
2.6535,-0.7159,1.1756,-0.3216,37.73,20.44,26.32
2.6541,-0.7188,1.1712,-0.3172,37.59,21.28,27.65
2.6548,-0.7208,1.1634,-0.3143,36.54,21.28,27.58
2.6554,-0.7222,1.1600,-0.3143,36.05,22.40,28.77
2.6560,-0.7237,1.1585,-0.3133,35.28,22.19,28.77
2.6567,-0.7237,1.1541,-0.3143,34.51,23.17,29.96
2.6573,-0.7208,1.1483,-0.3138,33.67,23.38,30.38
2.6579,-0.7208,1.1439,-0.3143,32.69,24.43,31.29
2.6586,-0.7193,1.1424,-0.3162,32.62,24.15,31.29
2.6592,-0.7174,1.1414,-0.3177,31.36,25.06,32.13
2.6599,-0.7135,1.1366,-0.3152,30.80,25.69,32.76
2.6605,-0.7096,1.1341,-0.3123,30.10,25.97,33.04
2.6611,-0.7056,1.1336,-0.3138,29.19,26.46,33.60
2.6618,-0.6998,1.1312,-0.3162,28.35,26.81,34.02
2.6624,-0.6949,1.1287,-0.3152,27.37,27.37,34.79
2.6630,-0.6915,1.1331,-0.3148,26.88,27.72,35.07
2.6637,-0.6930,1.1346,-0.3162,25.41,28.28,35.98
2.6643,-0.6891,1.1287,-0.3187,25.41,28.42,35.84
2.6650,-0.6847,1.1268,-0.3206,24.01,28.91,36.75
2.6656,-0.6827,1.1263,-0.3231,23.38,29.26,36.68
2.6662,-0.6793,1.1209,-0.3250,22.26,29.54,37.10
2.6681,-0.6764,1.1195,-0.3279,21.98,29.61,37.59
2.6699,-0.6705,1.1204,-0.3314,20.51,30.10,37.87
2.6718,-0.6637,1.1156,-0.3299,19.88,30.73,38.22
2.6736,-0.6583,1.1141,-0.3309,19.18,30.31,38.64
2.6755,-0.6534,1.1126,-0.3372,18.13,30.87,38.92
2.6773,-0.6505,1.1136,-0.3406,17.57,31.22,38.85
2.6792,-0.6456,1.1175,-0.3426,15.82,31.36,39.55
2.6810,-0.6437,1.1146,-0.3465,15.54,31.78,39.62
2.6829,-0.6437,1.1117,-0.3514,14.14,31.50,39.62
2.6847,-0.6383,1.1107,-0.3518,13.30,32.34,39.97
2.6866,-0.6339,1.1097,-0.3538,12.25,31.92,40.11
2.6884,-0.6290,1.1097,-0.3611,11.76,32.41,40.25
2.6903,-0.6266,1.1087,-0.3636,10.36,32.27,40.88
2.6921,-0.6246,1.1078,-0.3636,9.87,32.48,40.46
2.6940,-0.6173,1.1117,-0.3631,8.54,32.55,40.67
2.6958,-0.6159,1.1141,-0.3699,7.49,32.62,41.23
2.6977,-0.6129,1.1146,-0.3772,6.86,32.34,41.02
2.6995,-0.6085,1.1180,-0.3753,5.53,32.62,41.02
2.7014,-0.6100,1.1190,-0.3758,4.90,32.55,41.16
2.7032,-0.6066,1.1165,-0.3762,3.71,32.76,41.30
2.7033,-0.5983,1.1161,-0.3792,3.22,32.76,40.88
2.7034,-0.5880,1.1190,-0.3865,1.61,32.62,41.09
2.7034,-0.5817,1.1190,-0.3870,-0.56,32.48,40.81
2.7035,-0.5744,1.1190,-0.3904,-0.77,32.83,41.02
2.7035,-0.5714,1.1219,-0.3953,-1.75,32.34,41.09
2.7036,-0.5680,1.1263,-0.3982,-2.94,32.27,40.46
2.7036,-0.5632,1.1307,-0.3987,-3.85,32.27,41.16
2.7037,-0.5563,1.1278,-0.4046,-4.97,31.64,39.97
2.7037,-0.5475,1.1278,-0.4089,-5.53,31.64,40.60
2.7038,-0.5412,1.1312,-0.4041,-7.07,31.57,39.90
2.7039,-0.5329,1.1307,-0.4041,-7.35,31.29,40.18
2.7039,-0.5251,1.1326,-0.4133,-8.82,30.94,39.41
2.7040,-0.5212,1.1385,-0.4177,-9.66,30.66,39.48
2.7040,-0.5144,1.1409,-0.4158,-10.43,30.17,39.13
2.7041,-0.5090,1.1434,-0.4202,-11.48,29.96,38.78
2.7041,-0.5056,1.1463,-0.4250,-12.46,29.54,38.22
2.7042,-0.4963,1.1444,-0.4260,-13.23,29.26,37.94
2.7043,-0.4885,1.1458,-0.4314,-14.14,28.70,37.31
2.7043,-0.4856,1.1522,-0.4338,-15.33,28.49,37.10
2.7044,-0.4797,1.1522,-0.4387,-16.24,27.72,36.75
2.7045,-0.4690,1.1497,-0.4485,-17.50,27.30,35.91
2.7046,-0.4695,1.1527,-0.4509,-19.60,26.67,34.65
2.7048,-0.4631,1.1527,-0.4534,-19.88,25.90,34.72
2.7049,-0.4543,1.1522,-0.4563,-21.35,25.55,33.53
2.7050,-0.4490,1.1566,-0.4548,-21.84,25.13,33.74
2.7052,-0.4485,1.1614,-0.4568,-23.10,24.64,32.41
2.7053,-0.4480,1.1600,-0.4646,-23.59,23.66,32.41
2.7054,-0.4441,1.1605,-0.4680,-24.78,23.45,31.01
2.7056,-0.4407,1.1610,-0.4719,-25.83,22.47,31.01
2.7057,-0.4407,1.1624,-0.4802,-26.60,21.98,29.89
2.7058,-0.4387,1.1658,-0.4856,-27.72,21.21,29.33
2.7060,-0.4343,1.1692,-0.4841,-28.49,20.86,28.56
2.7061,-0.4333,1.1722,-0.4851,-29.47,19.88,27.93
2.7062,-0.4358,1.1756,-0.4895,-30.59,19.60,27.16
2.7064,-0.4348,1.1756,-0.4885,-31.01,18.76,26.32
2.7065,-0.4290,1.1785,-0.4934,-32.20,18.27,25.76
2.7066,-0.4260,1.1834,-0.4973,-33.11,17.29,24.78
2.7068,-0.4226,1.1824,-0.4943,-33.95,17.15,24.29
2.7069,-0.4216,1.1829,-0.4982,-35.00,15.61,23.10
2.7070,-0.4236,1.1849,-0.4973,-35.77,15.33,22.61
2.7077,-0.4207,1.1868,-0.4948,-36.96,14.70,21.42
2.7083,-0.4192,1.1902,-0.4968,-37.80,14.00,20.79
2.7089,-0.4172,1.1946,-0.4963,-38.43,13.23,20.23
2.7095,-0.4099,1.1946,-0.4968,-39.69,12.60,19.18
2.7102,-0.4070,1.1951,-0.4982,-40.25,11.83,18.48
2.7108,-0.4104,1.1985,-0.4992,-41.16,10.85,17.57
2.7114,-0.4133,1.1995,-0.4973,-42.28,10.57,16.73
2.7120,-0.4094,1.2024,-0.4987,-43.19,9.59,16.24
2.7127,-0.4085,1.2063,-0.4982,-43.89,9.17,15.47
2.7133,-0.4119,1.2054,-0.4968,-44.59,8.05,14.28
2.7139,-0.4153,1.2063,-0.4973,-45.78,7.21,13.72
2.7145,-0.4138,1.2078,-0.4963,-46.34,6.44,12.95
2.7152,-0.4119,1.2078,-0.4924,-47.46,6.23,12.32
2.7158,-0.4128,1.2122,-0.4885,-47.95,5.39,11.69
2.7164,-0.4163,1.2132,-0.4865,-49.28,4.62,10.85
2.7171,-0.4226,1.2146,-0.4870,-49.77,3.85,10.29
2.7177,-0.4226,1.2195,-0.4870,-50.89,3.36,9.73
2.7183,-0.4221,1.2195,-0.4851,-51.66,2.17,9.03
2.7189,-0.4236,1.2166,-0.4846,-52.08,2.10,8.54
2.7196,-0.4275,1.2180,-0.4821,-53.34,1.12,8.05
2.7201,-0.4333,1.2195,-0.4817,-54.18,1.19,7.63
2.7207,-0.4329,1.2190,-0.4797,-54.74,0.07,6.93
2.7213,-0.4348,1.2210,-0.4768,-55.44,-0.07,6.79
2.7219,-0.4382,1.2205,-0.4763,-56.70,-0.98,6.02
2.7225,-0.4377,1.2205,-0.4748,-56.91,-1.05,5.95
2.7231,-0.4377,1.2220,-0.4699,-57.89,-2.10,5.04
2.7236,-0.4397,1.2278,-0.4636,-58.59,-2.59,5.39
2.7242,-0.4387,1.2317,-0.4612,-59.85,-3.22,4.20
2.7248,-0.4392,1.2312,-0.4582,-59.99,-3.64,5.04
2.7254,-0.4455,1.2327,-0.4587,-61.04,-3.50,4.06
2.7260,-0.4494,1.2351,-0.4582,-61.46,-4.48,4.34
2.7266,-0.4475,1.2395,-0.4568,-62.37,-4.97,3.71
2.7272,-0.4451,1.2429,-0.4558,-62.65,-5.39,4.27
2.7277,-0.4509,1.2449,-0.4529,-63.77,-5.81,3.08
2.7283,-0.4553,1.2512,-0.4490,-64.75,-6.23,3.92
2.7289,-0.4568,1.2586,-0.4480,-64.89,-6.51,3.57
2.7295,-0.4592,1.2620,-0.4441,-65.52,-7.35,3.64
2.7301,-0.4612,1.2712,-0.4372,-67.27,-7.35,3.92
2.7307,-0.4714,1.2747,-0.4372,-68.18,-8.54,3.99
2.7312,-0.4738,1.2834,-0.4372,-68.60,-8.54,3.36
2.7318,-0.4768,1.2942,-0.4338,-69.16,-8.54,4.13
2.7324,-0.4860,1.2986,-0.4299,-69.65,-9.52,3.57
2.7330,-0.4924,1.2991,-0.4280,-70.14,-8.82,4.55
2.7336,-0.4963,1.3049,-0.4285,-70.63,-9.45,3.71
2.7342,-0.5026,1.3137,-0.4294,-71.40,-9.45,4.55
2.7348,-0.5051,1.3215,-0.4304,-71.75,-9.45,4.55
2.7354,-0.5114,1.3283,-0.4294,-72.24,-9.73,4.69
2.7360,-0.5197,1.3357,-0.4255,-72.52,-9.87,5.53
2.7366,-0.5241,1.3400,-0.4236,-73.01,-10.22,4.55
2.7372,-0.5290,1.3425,-0.4182,-73.78,-10.08,5.74
2.7377,-0.5358,1.3527,-0.4133,-74.06,-9.73,5.18
2.7383,-0.5422,1.3601,-0.4124,-74.20,-10.29,6.16
2.7389,-0.5529,1.3669,-0.4119,-74.76,-10.36,5.39
2.7395,-0.5617,1.3762,-0.4109,-74.69,-10.22,6.72
2.7401,-0.5646,1.3830,-0.4080,-75.53,-10.36,6.02
2.7407,-0.5710,1.3893,-0.4031,-75.81,-9.94,7.28
2.7413,-0.5797,1.3967,-0.3987,-76.58,-9.87,6.79
2.7419,-0.5851,1.4064,-0.3953,-76.16,-9.94,7.63
2.7425,-0.5890,1.4152,-0.3909,-76.72,-9.24,7.35
2.7431,-0.5949,1.4254,-0.3870,-77.14,-9.52,8.19
2.7436,-0.6037,1.4372,-0.3845,-77.28,-8.89,7.91
2.7441,-0.6100,1.4489,-0.3811,-77.42,-9.38,8.54
2.7446,-0.6149,1.4640,-0.3753,-78.05,-8.05,9.03
2.7451,-0.6207,1.4757,-0.3699,-77.70,-8.61,8.96
2.7456,-0.6276,1.4835,-0.3670,-78.19,-7.63,9.52
2.7461,-0.6329,1.4967,-0.3626,-78.12,-8.05,9.38
2.7466,-0.6393,1.5133,-0.3567,-78.47,-6.93,10.50
2.7471,-0.6500,1.5265,-0.3518,-78.47,-7.56,9.73
2.7477,-0.6568,1.5377,-0.3455,-78.61,-6.51,11.13
2.7482,-0.6656,1.5533,-0.3426,-78.75,-6.37,10.50
2.7487,-0.6749,1.5665,-0.3406,-78.47,-5.60,12.04
2.7492,-0.6822,1.5777,-0.3348,-78.96,-5.46,11.20
2.7497,-0.6920,1.5928,-0.3362,-78.40,-4.90,12.46
2.7502,-0.6998,1.6104,-0.3323,-78.89,-4.62,11.83
2.7507,-0.7105,1.6221,-0.3270,-78.47,-3.99,12.81
2.7512,-0.7188,1.6353,-0.3250,-78.40,-3.43,13.44
2.7517,-0.7286,1.6499,-0.3221,-78.19,-2.87,13.72
2.7523,-0.7393,1.6626,-0.3231,-78.33,-2.24,14.14
2.7528,-0.7437,1.6816,-0.3250,-77.77,-1.40,14.49
2.7533,-0.7525,1.7036,-0.3289,-78.12,-0.98,14.91
2.7539,-0.7666,1.7275,-0.3318,-77.35,-0.49,14.98
2.7544,-0.7788,1.7485,-0.3333,-77.49,0.07,16.03
2.7550,-0.7915,1.7651,-0.3382,-77.28,0.91,15.75
2.7556,-0.8037,1.7822,-0.3396,-76.72,1.19,16.45
2.7562,-0.8145,1.8017,-0.3367,-76.86,2.66,16.94
2.7568,-0.8237,1.8246,-0.3392,-76.23,2.66,17.22
2.7574,-0.8330,1.8481,-0.3450,-75.67,4.27,17.22
2.7579,-0.8428,1.8725,-0.3518,-75.39,4.34,17.78
2.7585,-0.8525,1.8934,-0.3582,-75.04,5.32,17.78
2.7591,-0.8564,1.9120,-0.3621,-74.27,5.74,17.85
2.7597,-0.8618,1.9339,-0.3660,-74.20,6.44,18.20
2.7603,-0.8764,1.9564,-0.3719,-73.29,7.21,18.55
2.7608,-0.8877,1.9803,-0.3797,-73.08,8.12,18.34
2.7614,-0.8911,2.0052,-0.3826,-71.89,9.03,19.18
2.7620,-0.8989,2.0296,-0.3841,-72.17,9.94,18.83
2.7626,-0.9091,2.0530,-0.3899,-71.19,10.64,18.90
2.7632,-0.9189,2.0789,-0.3933,-70.63,11.06,18.97
2.7637,-0.9257,2.1038,-0.3958,-70.49,12.04,19.11
2.7643,-0.9365,2.1228,-0.3977,-69.58,12.53,18.90
2.7649,-0.9501,2.1345,-0.4046,-68.74,13.23,18.83
2.7667,-0.9584,2.1433,-0.4089,-68.32,13.93,18.41
2.7686,-0.9614,2.1555,-0.4050,-67.41,14.42,18.62
2.7704,-0.9584,2.1775,-0.4104,-67.13,15.54,18.48
2.7722,-0.9584,2.2038,-0.4182,-66.29,16.03,18.20
2.7740,-0.9579,2.2263,-0.4226,-65.59,16.94,18.06
2.7758,-0.9584,2.2492,-0.4250,-64.89,17.29,17.85
2.7777,-0.9604,2.2697,-0.4241,-64.12,18.13,17.57
2.7795,-0.9628,2.2858,-0.4216,-63.63,18.41,17.50
2.7813,-0.9662,2.3053,-0.4260,-63.14,19.11,17.08
2.7831,-0.9721,2.3263,-0.4338,-62.37,19.81,16.94
2.7849,-0.9809,2.3439,-0.4377,-61.74,20.16,16.59
2.7868,-0.9862,2.3605,-0.4426,-61.32,20.37,16.10
2.7886,-0.9931,2.3892,-0.4485,-59.92,21.42,15.82
2.7904,-0.9892,2.4063,-0.4568,-58.87,21.77,15.05
2.7922,-0.9916,2.4239,-0.4636,-58.80,22.40,14.98
2.7940,-0.9950,2.4371,-0.4656,-57.96,22.12,14.21
2.7959,-0.9999,2.4454,-0.4704,-57.89,23.03,14.35
2.7977,-1.0038,2.4546,-0.4802,-56.91,22.75,12.95
2.7995,-0.9999,2.4693,-0.4875,-56.70,23.24,13.37
2.8013,-0.9892,2.4825,-0.5007,-56.28,22.54,11.83
2.8014,-0.9814,2.4961,-0.5080,-55.86,23.38,12.32
2.8015,-0.9736,2.5161,-0.5139,-55.23,22.26,10.85
2.8015,-0.9638,2.5332,-0.5280,-55.09,23.10,11.34
2.8016,-0.9614,2.5405,-0.5436,-54.81,22.40,9.73
2.8017,-0.9521,2.5459,-0.5539,-54.11,22.54,9.87
2.8018,-0.9340,2.5522,-0.5632,-54.04,21.63,8.75
2.8018,-0.9213,2.5552,-0.5734,-53.62,21.42,8.54
2.8019,-0.9048,2.5581,-0.5797,-53.62,20.72,8.05
2.8020,-0.8867,2.5644,-0.5924,-53.48,20.51,7.07
2.8021,-0.8682,2.5722,-0.6085,-53.55,19.74,6.51
2.8021,-0.8457,2.5791,-0.6202,-53.34,18.76,5.88
2.8022,-0.8281,2.5854,-0.6281,-53.27,18.06,5.53
2.8023,-0.8135,2.5893,-0.6359,-53.06,16.66,4.34
2.8023,-0.7925,2.5937,-0.6505,-53.76,15.82,4.62
2.8024,-0.7666,2.5991,-0.6661,-53.97,13.44,2.73
2.8025,-0.7452,2.5996,-0.6793,-53.76,13.02,3.22
2.8026,-0.7257,2.6025,-0.6934,-54.60,11.13,1.26
2.8026,-0.7056,2.6093,-0.7096,-54.67,10.29,1.75
2.8027,-0.6817,2.6103,-0.7218,-55.30,7.98,0.35
2.8028,-0.6573,2.6084,-0.7291,-55.58,6.72,0.00
2.8028,-0.6422,2.6162,-0.8652,-56.63,4.27,-0.84
2.8029,-0.6246,2.6220,-0.7505,-56.49,2.87,-1.40
2.8029,-0.6051,2.6215,-0.7642,-57.54,0.42,-1.82
2.8030,-0.5900,2.6240,-0.7740,-58.03,-1.26,-2.59
2.8030,-0.5739,2.6269,-0.7779,-58.94,-4.13,-3.08
2.8030,-0.5558,2.6264,-0.7852,-59.50,-5.88,-3.36
2.8031,-0.5397,2.6210,-0.7964,-60.76,-9.03,-4.13
2.8031,-0.5241,2.6186,-0.8032,-61.53,-10.78,-4.13
2.8032,-0.5046,2.6191,-0.8086,-63.14,-13.79,-4.34
2.8032,-0.4865,2.6191,-0.8130,-63.77,-16.38,-4.76
2.8033,-0.4529,2.6225,-0.8194,-66.01,-21.84,-4.83
2.8033,-0.4338,2.6210,-0.8228,-67.34,-25.06,-5.11
2.8034,-0.4236,2.6230,-0.8252,-68.88,-27.16,-4.06
2.8034,-0.4114,2.6225,-0.8306,-69.93,-30.87,-4.41
2.8034,-0.3972,2.6215,-0.8330,-71.33,-33.32,-3.43
2.8035,-0.3884,2.6210,-0.8389,-73.01,-36.61,-3.15
2.8035,-0.3816,2.6157,-0.8398,-74.48,-39.97,-2.24
2.8036,-0.3743,2.6088,-0.8384,-76.09,-42.49,-1.33
2.8036,-0.3694,2.6025,-0.8394,-77.77,-46.27,-0.49
2.8037,-0.3675,2.5913,-0.8369,-79.59,-48.72,1.19
2.8039,-0.3699,2.5840,-0.8301,-81.06,-52.50,1.75
2.8041,-0.3758,2.5796,-0.8262,-83.02,-55.30,4.06
2.8044,-0.3806,2.5742,-0.8257,-84.84,-58.59,4.97
2.8046,-0.3841,2.5640,-0.8233,-86.94,-61.18,7.21
2.8048,-0.3836,2.5444,-0.8174,-88.55,-64.89,8.68
2.8051,-0.3860,2.5278,-0.8140,-90.65,-67.69,11.20
2.8053,-0.3924,2.5088,-0.8120,-92.89,-70.77,13.37
2.8056,-0.3953,2.4873,-0.8062,-95.13,-73.78,15.96
2.8058,-0.3982,2.4737,-0.7969,-97.44,-76.79,17.92
2.8060,-0.4011,2.4707,-0.7867,-99.47,-79.59,21.07
2.8063,-0.4046,2.4668,-0.7793,-102.34,-82.74,23.17
2.8065,-0.4065,2.4595,-0.7701,-104.02,-85.33,27.02
2.8067,-0.4104,2.4537,-0.7642,-107.03,-88.20,29.33
2.8070,-0.4226,2.4463,-0.7608,-108.92,-91.21,33.32
2.8072,-0.4343,2.4288,-0.7515,-111.51,-93.66,36.33
2.8074,-0.4416,2.4151,-0.7471,-114.03,-96.53,39.76
2.8077,-0.4504,2.4088,-0.7388,-116.83,-98.70,43.54
2.8079,-0.4597,2.4019,-0.7261,-119.21,-101.85,47.32
2.8082,-0.4714,2.3961,-0.7227,-121.80,-103.81,51.10
2.8084,-0.4875,2.3941,-0.7203,-124.46,-106.47,54.74
2.8090,-0.5017,2.3917,-0.7135,-127.12,-108.36,59.01
2.8096,-0.5168,2.3785,-0.7052,-129.99,-111.44,62.65
2.8102,-0.5334,2.3614,-0.6993,-132.09,-112.42,67.62
2.8108,-0.5524,2.3473,-0.6881,-135.31,-115.36,71.47
2.8114,-0.5710,2.3351,-0.6808,-137.69,-116.69,75.81
2.8120,-0.5900,2.3185,-0.6759,-141.19,-119.42,79.73
2.8126,-0.6071,2.3068,-0.6715,-143.57,-120.47,85.12
2.8132,-0.6188,2.2941,-0.6715,-146.37,-122.64,88.34
2.8139,-0.6359,2.2726,-0.6681,-149.10,-123.90,94.08
2.8145,-0.6554,2.2477,-0.6617,-152.67,-126.00,97.30
2.8151,-0.6749,2.2209,-0.6559,-154.49,-126.14,102.90
2.8157,-0.6944,2.1975,-0.6520,-158.55,-128.31,106.54
2.8163,-0.7096,2.1818,-0.6490,-160.65,-129.15,111.72
2.8169,-0.7261,2.1692,-0.6456,-164.43,-130.41,115.36
2.8175,-0.7462,2.1511,-0.6417,-166.95,-131.60,120.05
2.8181,-0.7647,2.1350,-0.6349,-170.31,-132.23,123.83
2.8187,-0.7823,2.1204,-0.6295,-173.11,-132.93,128.38
2.8193,-0.7998,2.1033,-0.6271,-176.61,-133.70,132.23
2.8199,-0.8135,2.0877,-0.6212,-179.34,-134.82,135.52
2.8205,-0.8296,2.0711,-0.6163,-182.70,-134.68,139.72
2.8211,-0.8438,2.0550,-0.6110,-186.06,-135.94,142.66
2.8216,-0.8506,2.0413,-0.5958,-189.07,-135.66,146.30
2.8222,-0.8579,2.0276,-0.5856,-192.43,-136.08,149.17
2.8227,-0.8677,2.0154,-0.5783,-195.72,-136.08,152.32
2.8233,-0.8740,2.0018,-0.5685,-199.15,-136.71,154.84
2.8238,-0.8823,1.9886,-0.5592,-202.37,-135.80,158.13
2.8244,-0.8969,1.9788,-0.5490,-205.87,-136.64,159.46
2.8249,-0.9096,1.9671,-0.5412,-208.67,-135.73,162.61
2.8255,-0.9218,1.9544,-0.5329,-212.52,-135.66,164.22
2.8260,-0.9296,1.9437,-0.5226,-215.32,-135.31,166.32
2.8265,-0.9350,1.9339,-0.5124,-219.17,-135.03,167.37
2.8271,-0.9438,1.9213,-0.5080,-222.46,-134.54,169.26
2.8276,-0.9501,1.9115,-0.5007,-225.54,-133.56,170.45
2.8282,-0.9501,1.9022,-0.4919,-228.83,-133.42,171.71
2.8287,-0.9482,1.8925,-0.4885,-232.33,-132.16,172.48
2.8293,-0.9467,1.8822,-0.4817,-235.69,-131.88,173.74
2.8298,-0.9457,1.8686,-0.4778,-238.42,-130.41,174.72
2.8304,-0.9443,1.8529,-0.4782,-242.13,-130.06,174.44
2.8309,-0.9374,1.8456,-0.4724,-244.86,-128.38,175.84
2.8315,-0.9252,1.8442,-0.4660,-248.64,-127.75,175.42
2.8320,-0.9179,1.8354,-0.4621,-251.37,-126.49,176.54
2.8326,-0.9116,1.8227,-0.4592,-254.80,-125.72,175.63
2.8332,-0.8999,1.8115,-0.4548,-257.67,-123.76,176.82
2.8337,-0.8901,1.7993,-0.4504,-261.10,-123.34,175.21
2.8343,-0.8769,1.7866,-0.4475,-263.69,-121.59,176.54
2.8349,-0.8667,1.7724,-0.4421,-267.33,-120.47,174.51
2.8354,-0.8555,1.7553,-0.4377,-269.57,-118.93,175.70
2.8360,-0.8389,1.7417,-0.4377,-273.42,-117.39,174.09
2.8366,-0.8262,1.7256,-0.4329,-275.66,-116.62,174.30
2.8371,-0.8154,1.7065,-0.4329,-279.23,-114.31,172.55
2.8377,-0.8106,1.6856,-0.4324,-281.68,-113.40,172.76
2.8383,-0.8120,1.6602,-0.4280,-284.48,-111.79,170.66
2.8388,-0.7945,1.6358,-0.4290,-287.70,-110.46,170.17
2.8394,-0.7730,1.6099,-0.4260,-290.43,-108.43,168.56
2.8400,-0.7613,1.5904,-0.4241,-293.37,-107.38,166.88
2.8405,-0.7437,1.5728,-0.4260,-296.38,-105.56,165.55
2.8411,-0.7305,1.5509,-0.4236,-299.25,-104.23,163.45
2.8417,-0.7193,1.5265,-0.4182,-301.63,-102.27,161.98
2.8422,-0.7091,1.4991,-0.4168,-305.06,-100.80,159.11
2.8428,-0.7056,1.4762,-0.4177,-307.65,-98.91,158.06
2.8434,-0.7008,1.4538,-0.4148,-310.52,-97.44,154.49
2.8440,-0.6944,1.4323,-0.4046,-312.90,-95.69,153.23
2.8446,-0.6891,1.4186,-0.4006,-316.19,-93.73,149.80
2.8451,-0.6861,1.4054,-0.3977,-318.85,-92.12,148.40
2.8457,-0.6827,1.3903,-0.3919,-321.37,-90.44,144.20
2.8463,-0.6744,1.3825,-0.3899,-324.03,-88.55,142.59
2.8469,-0.6671,1.3747,-0.3884,-327.04,-86.38,139.02
2.8475,-0.6598,1.3654,-0.3845,-329.07,-85.19,136.43
2.8481,-0.6544,1.3557,-0.3777,-332.29,-82.32,133.49
2.8486,-0.6486,1.3449,-0.3728,-334.18,-80.99,130.69
2.8492,-0.6417,1.3396,-0.3748,-336.77,-78.54,127.68
2.8498,-0.6349,1.3327,-0.3777,-339.01,-76.86,125.09
2.8504,-0.6290,1.3186,-0.3772,-341.60,-74.76,122.22
2.8510,-0.6251,1.3030,-0.3797,-343.56,-72.94,119.42
2.8516,-0.6193,1.2888,-0.3841,-345.73,-70.56,117.04
2.8521,-0.6168,1.2751,-0.3909,-347.48,-68.88,114.38
2.8527,-0.6183,1.2590,-0.3958,-349.93,-66.92,111.86
2.8533,-0.6198,1.2405,-0.3943,-351.61,-64.40,109.76
2.8539,-0.6227,1.2200,-0.3972,-353.78,-62.37,107.87
2.8545,-0.6232,1.2005,-0.4021,-355.25,-59.92,106.12
2.8550,-0.6534,-0.0493,2.1165,-357.00,-58.17,104.02
2.8556,-3.5888,4.3495,2.0130,-359.87,-52.57,106.61
2.8561,-0.8843,4.0504,2.1955,-393.05,-86.31,60.69
2.8567,-2.4654,3.5683,-3.9938,-202.58,26.46,189.98
2.8573,-0.7871,-3.4819,-1.9701,-275.45,-167.86,-314.23
2.8578,0.9716,-5.7252,2.6674,197.33,222.25,651.00
2.8584,-1.6870,-2.2355,-1.9583,-263.69,-270.55,-551.04
2.8589,2.5644,-12.4347,1.3644,-178.78,203.63,744.03
2.8595,-0.5773,-4.7634,3.2984,-128.38,-232.54,-590.73
2.8600,-2.3824,8.0925,-1.6231,-750.68,117.81,808.85
2.8606,-1.1834,4.9317,-2.0847,309.89,-154.21,-705.46
2.8611,-1.1278,4.0094,0.4880,-882.91,99.82,878.22
2.8617,-0.5602,3.8088,-1.8720,291.97,-113.47,-674.94
2.8623,0.6320,-4.9825,-0.0654,-647.22,76.65,773.08
2.8628,0.5793,-5.3529,1.2873,5.11,-69.09,-453.18
2.8634,-0.1562,-1.7441,-0.7286,-494.13,17.22,550.97
2.8639,-0.2552,-1.5157,0.2269,-284.97,-12.11,-169.05
2.8645,-0.6700,2.0916,-0.4070,-209.44,-22.96,275.87
2.8650,-0.9126,3.6932,-1.0170,-608.44,26.39,129.22
2.8656,-0.4836,0.9145,-0.8296,150.64,-36.68,-8.33
2.8675,-0.2464,-0.0654,-0.6959,-846.65,52.15,388.99
2.8694,-0.4055,-0.8965,-0.1098,-920.92,64.47,575.82
2.8714,-0.6964,0.2562,-0.3274,-859.60,59.71,661.71
2.8733,-0.6686,0.2850,-0.3743,102.41,-19.95,-358.33
2.8752,-0.6442,0.7013,-0.3421,-659.82,46.48,638.89
2.8772,-0.6339,0.3636,-0.5929,-143.43,6.37,-294.21
2.8791,-0.4997,-0.5661,-0.3128,-382.90,31.15,538.30
2.8810,-0.4846,-0.7149,-0.3328,-428.61,33.53,-162.75
2.8830,-0.5309,-0.8174,-0.3723,-136.50,12.25,393.19
2.8849,-0.5222,-0.8511,-0.3177,-664.02,59.43,-7.49
2.8868,-0.5368,-0.4719,-0.3758,30.80,-2.66,229.60
2.8888,-0.5368,-0.3089,-0.4924,-801.29,79.10,143.50
2.8907,-0.4714,-0.4412,-0.4577,101.64,-9.31,82.46
2.8926,-0.4348,-0.4656,-0.4787,-821.31,90.37,265.23
2.8946,-0.3982,-0.6749,-0.4900,53.27,-8.68,-27.30
2.8965,-0.3504,-0.8628,-0.4290,-731.57,93.52,341.74
2.8984,-0.3382,-0.8511,-0.4270,-94.15,-1.12,-90.44
2.9004,-0.3343,-0.8106,-0.4397,-569.87,88.62,370.72
2.9023,-0.3196,-0.7662,-0.4265,-290.50,12.53,-110.18
2.9042,-0.3192,-0.6573,-0.4402,-380.73,77.70,358.05
2.9043,-0.2933,-0.6978,-0.4333,-489.02,30.80,-95.76
2.9043,-0.2865,-0.7218,-0.4275,-646.31,50.33,-60.48
2.9044,-0.2796,-0.7652,-0.4133,-94.01,49.49,259.42
2.9044,-0.2708,-0.7803,-0.3938,-733.81,68.32,-17.92
2.9045,-0.2757,-0.7471,-0.3928,-57.68,37.45,202.02
2.9045,-0.2821,-0.7276,-0.3855,-741.51,82.74,20.58
2.9046,-0.2796,-0.7100,-0.3684,-95.76,28.49,150.36
2.9046,-0.2811,-0.6974,-0.3665,-679.07,93.10,50.26
2.9047,-0.2835,-0.7081,-0.3601,-192.01,24.71,109.20
2.9047,-0.2830,-0.7198,-0.3465,-569.80,97.86,70.70
2.9048,-0.2791,-0.7237,-0.3367,-319.20,25.55,76.65
2.9048,-0.2752,-0.7330,-0.3274,-444.71,97.51,84.63
2.9049,-0.2801,-0.7330,-0.3182,-445.90,31.01,50.26
2.9049,-0.2835,-0.7291,-0.3177,-333.48,93.31,95.90
2.9050,-0.2869,-0.7349,-0.3148,-546.07,39.83,25.76
2.9050,-0.2918,-0.7447,-0.3089,-256.41,85.54,108.01
2.9051,-0.2879,-0.7598,-0.3123,-602.98,51.10,1.47
2.9051,-0.2845,-0.7788,-0.3172,-224.98,76.30,122.71
2.9052,-0.2821,-0.7974,-0.3182,-612.99,62.16,-23.59
2.9052,-0.2777,-0.8096,-0.3231,-237.86,66.71,139.02
2.9055,-0.2694,-0.8374,-0.3431,-582.61,73.50,-46.20
2.9058,-0.2645,-0.8486,-0.3533,-525.98,82.46,-61.74
2.9061,-0.2625,-0.8589,-0.3616,-344.82,50.82,160.86
2.9063,-0.2577,-0.8662,-0.3719,-460.95,89.74,-66.71
2.9066,-0.2523,-0.8711,-0.3845,-405.16,45.64,158.06
2.9069,-0.2440,-0.8706,-0.3992,-402.71,93.80,-57.12
2.9072,-0.2347,-0.8652,-0.4163,-451.57,43.19,142.59
2.9074,-0.2352,-0.8608,-0.4304,-362.04,94.78,-32.83
2.9077,-0.2259,-0.8560,-0.4455,-475.51,43.61,114.17
2.9080,-0.2103,-0.8428,-0.4651,-343.63,93.03,4.55
2.9083,-0.2001,-0.8242,-0.4826,-476.63,46.34,76.86
2.9085,-0.1918,-0.8125,-0.5022,-344.89,88.41,50.75
2.9088,-0.1791,-0.8057,-0.5275,-459.48,50.68,34.72
2.9091,-0.1654,-0.7945,-0.5485,-358.82,81.62,98.42
2.9094,-0.1518,-0.7842,-0.5666,-432.32,56.91,-4.06
2.9096,-0.1371,-0.7696,-0.5890,-376.81,73.43,141.61
2.9099,-0.1196,-0.7476,-0.6212,-404.25,63.49,-34.02
2.9102,-0.0981,-0.7315,-0.6500,-390.53,64.26,173.88
2.9105,-0.0849,-0.7198,-0.6739,-381.78,69.79,-49.63
2.9107,-0.0659,-0.7066,-0.6988,-394.94,55.44,191.24
2.9113,-0.0361,-0.6939,-0.8501,-369.25,74.55,-49.42
2.9118,-0.0073,-0.6822,-0.7598,-387.10,47.25,191.66
2.9124,0.0185,-0.6666,-0.7910,-366.38,77.42,-31.99
2.9129,0.0508,-0.6529,-0.8150,-370.30,41.09,177.52
2.9135,0.0776,-0.6407,-0.8413,-370.09,77.98,-0.63
2.9141,0.0991,-0.6242,-0.8725,-347.69,35.91,151.62
2.9146,0.1283,-0.6085,-0.9038,-374.85,75.67,39.41
2.9152,0.1571,-0.5963,-0.9277,-325.71,33.53,119.35
2.9157,0.1874,-0.5890,-0.9511,-376.25,70.91,83.09
2.9163,0.2172,-0.5793,-0.9745,-308.21,32.97,86.17
2.9168,0.2445,-0.5636,-0.9936,-369.04,63.49,124.81
2.9174,0.2694,-0.5519,-1.0136,-299.46,33.18,57.26
2.9179,0.2972,-0.5427,-1.0302,-352.31,54.18,158.97
2.9185,0.3216,-0.5329,-1.0463,-298.27,35.07,36.89
2.9191,0.3377,-0.5246,-1.0638,-327.88,43.89,182.91
2.9196,0.3528,-0.5163,-1.0843,-303.38,36.89,26.88
2.9202,0.3904,-0.5031,-1.0970,-311.50,38.50,28.14
2.9207,0.4036,-0.4982,-1.1063,-266.77,23.17,196.14
2.9213,0.4119,-0.4939,-1.1122,-317.17,38.43,38.15
2.9218,0.4211,-0.4929,-1.1200,-239.68,13.93,187.88
2.9224,0.4309,-0.4919,-1.1283,-317.10,37.31,55.58
2.9230,0.4358,-0.4885,-1.1366,-218.61,5.60,171.50
2.9236,0.4397,-0.4880,-1.1429,-308.91,34.30,78.26
2.9242,0.4441,-0.4909,-1.1468,-206.22,0.28,151.55
2.9248,0.4460,-0.4943,-1.1507,-291.90,29.47,101.85
2.9254,0.4490,-0.4939,-1.1546,-202.51,-4.13,130.55
2.9260,0.4490,-0.4929,-1.1595,-266.84,22.61,124.25
2.9266,0.4455,-0.4973,-1.1658,-204.96,-6.86,110.74
2.9272,0.4421,-0.5056,-1.1702,-236.81,14.07,142.66
2.9278,0.4426,-0.5163,-1.1692,-210.98,-8.05,93.80
2.9284,0.4436,-0.5339,-1.1732,-205.94,5.11,156.66
2.9290,0.4407,-0.5427,-1.1780,-216.16,-8.54,80.36
2.9296,0.4392,-0.5495,-1.1829,-176.96,-4.20,165.27
2.9302,0.4319,-0.5617,-1.1897,-218.12,-8.68,72.03
2.9308,0.4250,-0.5729,-1.1878,-152.81,-13.58,168.14
2.9314,0.4221,-0.5900,-1.1936,-214.27,-9.24,68.18
2.9320,0.4197,-0.6403,-1.1946,-204.47,-10.99,68.32
2.9326,0.4153,-0.6661,-1.2029,-123.90,-29.33,159.32
2.9332,0.4085,-0.6900,-1.2068,-189.14,-12.95,72.38
2.9338,0.4050,-0.7130,-1.2044,-118.72,-35.35,148.33
2.9343,0.4036,-0.7335,-1.2063,-169.19,-16.24,79.31
2.9349,0.4016,-0.7613,-1.2054,-117.25,-40.53,134.33
2.9354,0.3982,-0.7906,-1.2107,-147.28,-20.65,88.90
2.9360,0.3943,-0.8189,-1.2132,-117.60,-44.10,119.14
2.9365,0.3904,-0.8530,-1.2112,-125.23,-26.32,99.12
2.9370,0.3870,-0.8882,-1.2093,-117.53,-45.92,103.18
2.9376,0.3875,-0.9218,-1.2078,-105.14,-32.55,109.55
2.9381,0.3884,-0.9579,-1.2078,-115.99,-47.39,87.71
2.9387,0.3865,-1.0009,-1.2058,-88.06,-39.13,119.07
2.9392,0.3806,-1.0458,-1.2044,-111.72,-48.23,74.20
2.9398,0.3714,-1.0873,-1.1990,-74.83,-45.78,126.35
2.9403,0.3694,-1.1322,-1.1936,-105.42,-49.14,63.63
2.9408,0.3689,-1.1771,-1.1917,-64.40,-52.36,130.20
2.9414,0.3616,-1.2244,-1.1907,-96.88,-49.77,57.12
2.9419,0.3543,-1.2703,-1.1868,-57.26,-58.24,131.25
2.9425,0.3499,-1.3122,-1.1824,-87.15,-51.31,54.39
2.9430,0.3431,-1.3591,-1.1790,-52.36,-63.00,127.89
2.9436,0.3357,-1.4093,-1.1727,-76.93,-52.36,56.35
2.9441,0.3328,-1.4591,-1.1649,-48.44,-67.13,121.10
2.9446,0.3265,-1.5055,-1.1600,-66.85,-54.18,61.32
2.9452,0.3177,-1.5460,-1.1561,-45.71,-70.07,111.16
2.9458,0.3070,-1.5826,-1.1527,-57.26,-57.19,69.37
2.9464,0.2972,-1.6158,-1.1444,-43.33,-72.17,98.77
2.9469,0.2855,-1.6490,-1.1380,-48.72,-60.06,78.89
2.9475,0.2713,-1.6856,-1.1317,-41.09,-73.36,85.47
2.9481,0.2625,-1.7187,-1.1214,-40.88,-63.28,87.92
2.9487,0.2552,-1.7475,-1.1146,-39.41,-74.34,72.03
2.9493,0.2464,-1.7724,-1.1058,-33.95,-66.57,96.04
2.9498,0.2352,-1.7919,-1.0985,-38.22,-74.41,59.85
2.9504,0.2240,-1.8061,-1.0921,-27.30,-70.35,100.87
2.9510,0.2137,-1.8222,-1.0848,-37.03,-73.71,49.70
2.9516,0.2035,-1.8383,-1.0780,-21.98,-73.50,102.34
2.9521,0.1932,-1.8490,-1.0707,-35.77,-73.22,42.35
2.9527,0.1810,-1.8598,-1.0643,-16.94,-76.93,99.47
2.9533,0.1669,-1.8695,-1.0594,-34.86,-72.24,37.87
2.9539,0.1508,-1.8686,-1.0536,-13.58,-79.80,92.47
2.9544,0.1405,-1.8710,-1.0468,-33.32,-72.03,35.91
2.9550,0.1318,-1.8778,-1.0399,-11.06,-81.06,82.25
2.9556,0.1215,-1.8793,-1.0394,-31.22,-71.96,35.56
2.9562,0.1122,-1.8827,-1.0375,-10.22,-82.53,68.67
2.9567,0.1030,-1.8856,-1.0331,-28.14,-72.17,37.59
2.9572,0.0883,-1.8886,-1.0268,-10.50,-82.88,53.27
2.9578,0.0752,-1.8900,-1.0258,-24.36,-72.45,39.13
2.9583,0.0664,-1.8900,-1.0258,-12.32,-82.81,37.52
2.9588,0.0571,-1.8910,-1.0228,-20.23,-73.71,40.53
2.9594,0.0517,-1.8895,-1.0204,-14.91,-81.97,22.12
2.9599,0.0449,-1.8886,-1.0155,-15.89,-75.11,39.83
2.9605,0.0376,-1.8837,-1.0116,-18.06,-80.43,8.54
2.9610,0.0312,-1.8808,-1.0087,-11.34,-76.79,37.31
2.9615,0.0249,-1.8744,-1.0058,-21.00,-78.96,-3.08
2.9621,0.0176,-1.8676,-0.9989,-8.26,-78.05,32.20
2.9626,0.0020,-1.8539,-0.9950,-5.67,-79.10,25.69
2.9631,-0.0005,-1.8481,-0.9911,-24.64,-74.97,-19.53
2.9637,-0.0078,-1.8417,-0.9843,-4.48,-79.80,16.45
2.9642,-0.0156,-1.8320,-0.9784,-25.06,-73.71,-24.29
2.9647,-0.0200,-1.8198,-0.9726,-4.97,-79.59,5.74
2.9653,-0.0244,-1.8110,-0.9682,-24.22,-72.17,-26.88
2.9658,-0.0273,-1.8017,-0.9648,-6.51,-79.66,-6.51
2.9663,-0.0327,-1.7861,-0.9584,-22.40,-71.26,-28.49
2.9669,-0.0381,-1.7700,-0.9472,-8.75,-78.54,-18.83
2.9689,-0.0459,-1.7544,-0.9384,-19.60,-70.56,-29.75
2.9709,-0.0566,-1.7436,-0.9345,-12.25,-77.21,-31.50
2.9729,-0.0639,-1.7300,-0.9292,-16.45,-69.44,-30.52
2.9749,-0.0712,-1.7148,-0.9243,-15.82,-74.90,-43.12
2.9769,-0.0747,-1.7017,-0.9199,-13.79,-69.44,-31.99
2.9789,-0.0805,-1.6836,-0.9091,-18.90,-72.73,-53.41
2.9809,-0.0834,-1.6655,-0.8960,-11.27,-69.16,-34.79
2.9829,-0.0888,-1.6470,-0.8857,-21.70,-69.79,-61.95
2.9849,-0.0991,-1.6270,-0.8784,-9.52,-68.46,-38.36
2.9869,-0.1098,-1.6060,-0.8628,-23.24,-67.27,-69.58
2.9890,-0.1220,-1.5831,-0.8628,-8.89,-68.04,-43.61
2.9910,-0.1279,-1.5596,-0.8511,-23.52,-63.77,-74.69
2.9930,-0.1342,-1.5382,-0.8413,-8.96,-66.78,-49.70
2.9950,-0.1440,-1.5157,-0.8345,-23.45,-61.32,-78.61
2.9970,-0.1537,-1.4928,-0.8242,-10.01,-65.52,-57.61
2.9990,-0.1581,-1.4684,-0.8189,-22.54,-59.08,-81.34
3.0010,-0.1664,-1.4406,-0.8111,-11.76,-63.49,-66.08
3.0030,-0.1747,-1.4089,-0.7945,-20.79,-56.98,-82.95
3.0050,-0.1820,-1.3781,-0.7842,-13.30,-60.83,-75.11
3.0070,-0.1932,-1.3503,-0.7754,-18.83,-54.88,-84.77
3.0071,-0.2001,-1.3205,-0.7681,-15.40,-58.10,-84.21
3.0071,-0.2064,-1.2864,-0.7598,-16.66,-52.85,-85.96
3.0071,-0.2147,-1.2512,-0.7525,-16.80,-55.16,-93.59
3.0072,-0.2186,-1.2180,-0.7447,-14.56,-51.03,-87.57
3.0072,-0.2196,-1.1810,-0.7325,-18.27,-51.80,-101.92
3.0073,-0.2255,-1.1453,-0.7242,-12.25,-48.79,-89.67
3.0073,-0.2328,-1.1107,-0.7139,-18.97,-48.37,-109.69
3.0074,-0.2469,-1.0414,-0.7027,-11.06,-47.39,-93.45
3.0074,-0.2542,-1.0053,-0.6925,-9.66,-45.22,-98.00
3.0075,-0.2660,-0.9677,-0.6866,-18.48,-41.37,-122.08
3.0075,-0.2772,-0.9326,-0.6769,-8.96,-42.98,-104.16
3.0076,-0.2874,-0.8984,-0.6686,-17.08,-37.87,-126.28
3.0076,-0.2943,-0.8633,-0.6642,-8.33,-40.53,-110.81
3.0076,-0.3011,-0.8316,-0.6593,-15.26,-34.30,-129.64
3.0077,-0.3109,-0.7935,-0.6515,-7.42,-37.52,-118.65
3.0077,-0.3221,-0.7569,-0.6373,-13.16,-31.08,-132.16
3.0078,-0.3289,-0.7276,-0.6266,-6.93,-34.30,-127.19
3.0078,-0.3362,-0.6954,-0.6237,-10.85,-28.14,-134.40
3.0079,-0.3455,-0.6603,-0.6178,-6.58,-30.52,-135.31
3.0079,-0.3533,-0.6217,-0.6061,-8.05,-25.41,-136.85
3.0079,-0.3587,-0.5827,-0.5958,-6.09,-26.74,-143.50
3.0080,-0.3631,-0.5485,-0.5924,-4.90,-22.68,-139.09
3.0080,-0.3709,-0.5139,-0.5827,-5.53,-22.54,-150.71
3.0080,-0.3792,-0.4792,-0.5749,-2.24,-20.30,-142.10
3.0081,-0.3836,-0.4504,-0.5690,-4.69,-18.48,-157.15
3.0081,-0.3870,-0.4192,-0.5602,0.84,-17.29,-145.32
3.0082,-0.3889,-0.3855,-0.5475,-3.29,-14.56,-163.10
3.0082,-0.3953,-0.3504,-0.5348,3.99,-14.14,-149.52
3.0082,-0.4036,-0.3192,-0.5305,-1.33,-10.15,-166.46
3.0083,-0.4104,-0.2933,-0.5236,6.51,-11.20,-154.42
3.0083,-0.4168,-0.2586,-0.5158,1.40,-6.44,-169.47
3.0083,-0.4231,-0.2245,-0.5100,8.82,-7.70,-159.25
3.0084,-0.4270,-0.1991,-0.5056,3.85,-2.52,-171.43
3.0084,-0.4324,-0.1737,-0.4968,11.13,-4.48,-164.57
3.0084,-0.4353,-0.1484,-0.4846,7.49,0.98,-172.69
3.0085,-0.4377,-0.1215,-0.4763,12.81,-0.21,-169.19
3.0085,-0.4446,-0.0937,-0.4670,11.13,4.27,-173.60
3.0085,-0.4494,-0.0654,-0.4568,14.91,3.43,-174.30
3.0086,-0.4499,-0.0395,-0.4509,14.77,7.91,-173.81
3.0086,-0.4504,-0.0137,-0.4455,16.80,7.77,-178.36
3.0088,-0.4524,0.0073,-0.4412,18.69,10.85,-174.51
3.0089,-0.4568,0.0220,-0.4363,19.18,11.90,-182.07
3.0090,-0.4612,0.0332,-0.4290,22.33,14.42,-174.51
3.0092,-0.4636,0.0478,-0.4207,21.14,15.89,-184.52
3.0093,-0.4656,0.0693,-0.4153,26.18,17.29,-175.35
3.0095,-0.4743,0.0893,-0.4153,23.59,20.23,-185.92
3.0096,-0.4841,0.1113,-0.4089,30.24,21.07,-175.84
3.0098,-0.4875,0.1327,-0.4016,26.53,24.71,-186.27
3.0099,-0.4943,0.1493,-0.3972,32.97,24.43,-176.75
3.0101,-0.4987,0.1610,-0.3914,29.96,28.35,-186.34
3.0102,-0.4997,0.1762,-0.3850,36.33,27.58,-178.08
3.0103,-0.4978,0.1869,-0.3772,33.25,31.92,-185.15
3.0105,-0.5017,0.1986,-0.3675,38.71,31.43,-178.99
3.0106,-0.5080,0.2196,-0.3597,37.10,35.35,-183.82
3.0108,-0.5041,0.2357,-0.3543,41.16,35.56,-179.48
3.0109,-0.5031,0.2499,-0.3499,40.88,38.71,-182.14
3.0111,-0.5061,0.2660,-0.3440,43.68,39.13,-180.25
3.0112,-0.5070,0.2811,-0.3328,44.66,42.00,-180.11
3.0114,-0.5051,0.2972,-0.3240,46.13,43.12,-180.81
3.0115,-0.5051,0.3143,-0.3148,48.09,45.08,-177.94
3.0121,-0.5041,0.3289,-0.3074,48.86,46.41,-181.30
3.0126,-0.5017,0.3426,-0.2996,51.66,48.37,-175.91
3.0132,-0.5012,0.3582,-0.2913,51.45,50.19,-181.09
3.0138,-0.5007,0.3733,-0.2855,55.23,51.66,-174.09
3.0143,-0.4997,0.3889,-0.2782,54.11,53.48,-180.18
3.0149,-0.4992,0.4021,-0.2704,58.59,54.25,-172.97
3.0155,-0.5012,0.4172,-0.2645,56.98,57.12,-178.71
3.0160,-0.5002,0.4319,-0.2606,61.74,57.54,-171.57
3.0166,-0.4982,0.4416,-0.2542,60.20,59.85,-177.45
3.0172,-0.4968,0.4519,-0.2440,64.40,60.13,-170.52
3.0177,-0.4943,0.4592,-0.2396,63.00,63.00,-175.35
3.0183,-0.4914,0.4695,-0.2362,67.27,62.93,-170.24
3.0189,-0.4900,0.4821,-0.2250,66.08,65.80,-172.83
3.0194,-0.4914,0.4914,-0.2152,69.86,65.52,-169.82
3.0200,-0.4909,0.4987,-0.2103,69.30,68.81,-170.31
3.0206,-0.4870,0.5070,-0.1996,72.24,68.32,-169.05
3.0211,-0.4831,0.5119,-0.1923,72.73,71.05,-167.86
3.0217,-0.4831,0.5168,-0.1889,74.41,71.33,-168.49
3.0223,-0.4846,0.5241,-0.1840,75.53,73.29,-165.62
3.0228,-0.4817,0.5270,-0.1796,76.72,73.99,-167.30
3.0235,-0.4797,0.5334,-0.1684,78.68,75.25,-163.59
3.0241,-0.4792,0.5417,-0.1615,79.03,76.37,-166.25
3.0247,-0.4773,0.5505,-0.1571,81.41,77.42,-161.28
3.0253,-0.4768,0.5578,-0.1474,81.13,79.10,-164.85
3.0259,-0.4753,0.5651,-0.1322,84.35,79.03,-159.46
3.0265,-0.4748,0.5700,-0.1254,86.80,81.41,-157.78
3.0271,-0.4719,0.5773,-0.1205,85.40,83.51,-162.05
3.0278,-0.4690,0.5832,-0.1142,89.25,83.44,-156.38
3.0284,-0.4641,0.5895,-0.1054,87.85,85.68,-159.53
3.0290,-0.4626,0.5934,-0.0971,90.93,85.19,-155.47
3.0296,-0.4612,0.5998,-0.0898,90.30,87.15,-157.43
3.0302,-0.4573,0.6100,-0.0849,93.03,87.08,-154.49
3.0308,-0.4529,0.6144,-0.0791,92.68,88.69,-155.61
3.0315,-0.4460,0.6159,-0.0727,94.64,88.69,-153.51
3.0321,-0.4470,0.6227,-0.0722,95.20,90.23,-153.44
3.0327,-0.4490,0.6295,-0.0693,96.32,90.51,-152.88
3.0333,-0.4441,0.6349,-0.0600,97.23,91.63,-151.55
3.0339,-0.4407,0.6398,-0.0522,97.86,92.19,-152.39
3.0345,-0.4309,0.6437,-0.0527,99.47,92.61,-149.80
3.0351,-0.4231,0.6466,-0.0464,99.26,93.66,-151.48
3.0357,-0.4246,0.6520,-0.0371,101.15,93.52,-148.33
3.0362,-0.4192,0.6583,-0.0351,100.73,94.57,-150.71
3.0368,-0.4163,0.6612,-0.0307,103.18,94.85,-146.72
3.0373,-0.4128,0.6666,-0.0268,102.20,95.83,-149.87
3.0378,-0.4050,0.6676,-0.0239,104.86,95.34,-145.53
3.0384,-0.3987,0.6642,-0.0156,103.95,96.60,-148.82
3.0389,-0.3899,0.6632,-0.0078,105.98,96.32,-144.69
3.0394,-0.3821,0.6725,-0.0078,105.56,97.72,-147.42
3.0400,-0.3743,0.6847,-0.0088,107.45,96.95,-143.92
3.0405,-0.3689,0.6876,-0.0073,107.52,98.21,-145.95
3.0410,-0.3684,0.6871,-0.0039,108.50,97.72,-143.50
3.0416,-0.3680,0.6861,0.0034,108.71,98.98,-144.41
3.0421,-0.3665,0.6827,0.0083,109.55,98.28,-143.15
3.0427,-0.3680,0.6827,0.0102,110.18,99.19,-142.80
3.0432,-0.3670,0.6837,0.0122,110.46,98.84,-142.73
3.0437,-0.3616,0.6803,0.0166,111.65,99.26,-141.26
3.0443,-0.3582,0.6788,0.0224,111.58,99.61,-142.10
3.0448,-0.3558,0.6773,0.0303,112.70,99.26,-140.07
3.0453,-0.3475,0.6754,0.0322,112.56,99.82,-141.54
3.0459,-0.3353,0.6744,0.0327,113.75,99.47,-138.46
3.0470,-0.3323,0.6739,0.0400,112.98,100.31,-140.91
3.0482,-0.3274,0.6764,0.0454,114.66,99.61,-137.20
3.0493,-0.3162,0.6744,0.0454,115.15,99.33,-136.22
3.0504,-0.3118,0.6754,0.0498,114.59,100.03,-138.81
3.0516,-0.3045,0.6773,0.0581,115.92,99.40,-135.24
3.0527,-0.2948,0.6808,0.0620,115.36,99.96,-137.76
3.0539,-0.2928,0.6822,0.0654,116.55,99.19,-134.33
3.0550,-0.2918,0.6822,0.0712,115.85,99.54,-136.43
3.0562,-0.2874,0.6837,0.0742,117.18,98.98,-133.84
3.0573,-0.2821,0.6861,0.0771,116.69,99.19,-135.31
3.0584,-0.2767,0.6871,0.0805,117.95,98.77,-133.56
3.0596,-0.2669,0.6895,0.0864,117.04,98.84,-133.77
3.0607,-0.2596,0.6954,0.0913,118.37,98.14,-133.14
3.0619,-0.2577,0.7056,0.0932,117.32,98.56,-132.44
3.0630,-0.2538,0.7144,0.0908,118.23,98.21,-132.44
3.0641,-0.2538,0.7193,0.0903,118.02,97.58,-131.39
3.0653,-0.2577,0.7193,0.0966,118.65,97.30,-132.23
3.0664,-0.2621,0.7159,0.1000,118.72,97.30,-129.99
3.0676,-0.2655,0.7208,0.0996,119.00,96.95,-131.53
3.0687,-0.2699,0.7286,0.1005,119.28,96.74,-129.36
3.0705,-0.2650,0.7344,0.1000,119.84,95.69,-128.66
3.0724,-0.2621,0.7340,0.1000,119.42,95.97,-130.34
3.0742,-0.2606,0.7310,0.1025,120.19,95.20,-127.75
3.0760,-0.2567,0.7320,0.1030,119.28,94.85,-129.85
3.0779,-0.2523,0.7354,0.1005,120.40,94.57,-127.61
3.0797,-0.2547,0.7432,0.1010,119.49,94.50,-128.87
3.0815,-0.2538,0.7496,0.0996,120.96,93.52,-127.33
3.0834,-0.2489,0.7491,0.0986,119.77,93.73,-127.82
3.0852,-0.2479,0.7457,0.0971,121.03,92.89,-127.26
3.0870,-0.2469,0.7442,0.0956,119.98,92.61,-127.26
3.0889,-0.2455,0.7466,0.0956,121.17,91.84,-126.77
3.0907,-0.2479,0.7525,0.0903,120.05,91.70,-126.63
3.0925,-0.2440,0.7540,0.0888,121.24,91.35,-126.56
3.0943,-0.2440,0.7530,0.0898,120.54,90.79,-126.00
3.0962,-0.2484,0.7559,0.0874,121.38,90.30,-126.07
3.0980,-0.2508,0.7598,0.0898,120.89,89.74,-125.72
3.0998,-0.2499,0.7588,0.0922,120.96,89.32,-126.07
3.1017,-0.2450,0.7574,0.0932,120.96,88.83,-125.51
3.1035,-0.2450,0.7569,0.0903,120.75,87.92,-125.72
3.1053,-0.2469,0.7559,0.0864,121.17,87.92,-125.16
3.1054,-0.2455,0.7584,0.0874,120.89,87.71,-125.65
3.1055,-0.2420,0.7588,0.0878,120.54,86.59,-125.16
3.1056,-0.2455,0.7588,0.0854,121.24,85.40,-125.51
3.1056,-0.2440,0.7584,0.0844,120.89,85.54,-124.88
3.1057,-0.2420,0.7564,0.0869,121.03,84.28,-125.30
3.1058,-0.2435,0.7569,0.0878,120.54,84.35,-125.02
3.1058,-0.2425,0.7647,0.0839,120.61,83.65,-125.37
3.1059,-0.2464,0.7696,0.0830,120.61,83.30,-125.23
3.1060,-0.2513,0.7686,0.0825,120.54,82.18,-125.23
3.1061,-0.2582,0.7662,0.0830,120.54,81.62,-125.37
3.1061,-0.2660,0.7618,0.0834,120.40,81.34,-125.51
3.1062,-0.2718,0.7584,0.0820,120.47,80.78,-125.58
3.1063,-0.2747,0.7549,0.0849,120.12,80.64,-125.37
3.1064,-0.2777,0.7559,0.0839,120.05,79.73,-125.93
3.1064,-0.2835,0.7559,0.0791,120.05,79.52,-125.72
3.1065,-0.2850,0.7525,0.0791,119.56,78.54,-126.00
3.1066,-0.2904,0.7501,0.0771,119.42,78.61,-126.07
3.1066,-0.2962,0.7501,0.0717,119.42,77.00,-126.70
3.1067,-0.2952,0.7505,0.0722,119.35,78.68,-125.58
3.1068,-0.2991,0.7510,0.0766,118.86,76.09,-127.33
3.1068,-0.3035,0.7515,0.0820,118.65,76.65,-126.77
3.1069,-0.3074,0.7549,0.0776,118.72,75.25,-127.68
3.1070,-0.3123,0.7569,0.0698,118.23,76.09,-126.91
3.1070,-0.3123,0.7593,0.0756,118.02,74.48,-128.24
3.1071,-0.3157,0.7603,0.0786,118.02,75.46,-127.54
3.1071,-0.3250,0.7569,0.0737,117.60,73.57,-128.59
3.1072,-0.3333,0.7588,0.0737,117.32,73.99,-128.31
3.1072,-0.3357,0.7603,0.0742,116.90,73.15,-129.01
3.1073,-0.3348,0.7632,0.0712,117.32,72.66,-129.15
3.1073,-0.3392,0.7671,0.0712,116.41,71.82,-129.85
3.1074,-0.3470,0.7681,0.0708,116.48,72.17,-129.43
3.1074,-0.3538,0.7710,0.0659,115.99,71.47,-130.34
3.1075,-0.3562,0.7735,0.0630,115.78,71.19,-130.27
3.1075,-0.3572,0.7730,0.0620,115.57,70.77,-131.18
3.1076,-0.3650,0.7715,0.0620,115.43,70.42,-131.11
3.1077,-0.3733,0.7720,0.0556,115.22,69.72,-131.60
3.1077,-0.3782,0.7720,0.0454,114.73,69.65,-132.16
3.1078,-0.3855,0.7764,0.0468,114.45,69.58,-131.74
3.1078,-0.3928,0.7867,0.0488,113.89,68.60,-133.49
3.1079,-0.3972,0.7906,0.0444,114.45,68.95,-132.09
3.1082,-0.4055,0.7940,0.0351,113.33,68.18,-133.98
3.1085,-0.4138,0.7979,0.0303,114.24,67.55,-133.14
3.1088,-0.4197,0.7945,0.0264,112.98,67.55,-134.47
3.1091,-0.4246,0.7964,0.0234,113.19,67.48,-134.40
3.1094,-0.4314,0.7989,0.0244,112.49,67.27,-134.75
3.1097,-0.4387,0.7993,0.0220,112.70,66.92,-134.75
3.1100,-0.4392,0.8003,0.0190,112.49,66.43,-135.87
3.1103,-0.4446,0.7993,0.0151,111.72,66.71,-135.52
3.1106,-0.4538,0.8008,0.0078,112.00,66.08,-136.29
3.1110,-0.4592,0.8003,0.0068,111.23,65.94,-136.29
3.1113,-0.4665,0.8042,0.0054,111.51,65.59,-137.20
3.1116,-0.4743,0.8081,0.0029,110.74,65.73,-136.99
3.1119,-0.4753,0.8076,0.0068,110.74,65.38,-137.62
3.1122,-0.4758,0.8130,0.0078,110.32,65.45,-138.32
3.1125,-0.4797,0.8130,-0.0015,110.18,65.10,-138.60
3.1128,-0.4831,0.8106,-0.0015,110.04,65.03,-138.95
3.1131,-0.4875,0.8145,-0.0020,109.55,64.82,-139.44
3.1134,-0.4958,0.8179,-0.0020,109.34,64.96,-140.14
3.1137,-0.5012,0.8179,0.0024,109.20,64.54,-140.56
3.1140,-0.5017,0.8208,0.0024,108.78,64.40,-141.26
3.1152,-0.5041,0.8228,-0.0020,108.29,64.19,-141.12
3.1164,-0.5080,0.8252,-0.0029,108.22,64.05,-142.24
3.1176,-0.5153,0.8316,-0.0020,107.87,63.91,-142.59
3.1188,-0.5236,0.8359,-0.0029,107.73,64.19,-143.22
3.1200,-0.5266,0.8355,-0.0044,107.31,63.84,-143.43
3.1212,-0.5270,0.8359,-0.0049,107.10,63.70,-144.69
3.1224,-0.5305,0.8398,-0.0068,106.96,63.98,-144.62
3.1235,-0.5402,0.8413,-0.0078,106.19,63.70,-145.53
3.1247,-0.5466,0.8491,-0.0068,106.33,63.77,-145.74
3.1259,-0.5466,0.8555,-0.0068,105.63,63.14,-147.28
3.1271,-0.5514,0.8618,-0.0107,105.84,64.12,-146.72
3.1283,-0.5592,0.8691,-0.0142,105.49,63.00,-148.26
3.1295,-0.5729,0.8755,-0.0156,105.42,64.05,-148.19
3.1307,-0.5812,0.8799,-0.0171,105.00,62.86,-149.31
3.1319,-0.5871,0.8833,-0.0185,104.58,63.63,-149.66
3.1330,-0.5929,0.8843,-0.0200,104.72,62.65,-150.57
3.1342,-0.6012,0.8852,-0.0259,103.53,62.58,-151.06
3.1354,-0.6105,0.8891,-0.0224,104.79,64.89,-151.27
3.1366,-0.6159,0.8935,-0.0224,103.18,62.72,-152.25
3.1378,-0.6222,0.8994,-0.0298,104.93,64.75,-152.32
3.1379,-0.6261,0.9048,-0.0342,102.69,62.58,-153.16
3.1380,-0.6290,0.9091,-0.0366,104.37,65.31,-153.44
3.1381,-0.6315,0.9116,-0.0390,102.20,62.72,-154.07
3.1382,-0.6339,0.9184,-0.0439,104.02,65.03,-154.21
3.1383,-0.6393,0.9287,-0.0410,102.13,63.28,-154.98
3.1384,-0.6456,0.9370,-0.0425,103.53,65.24,-155.19
3.1385,-0.6510,0.9414,-0.0488,102.27,63.84,-156.03
3.1386,-0.6564,0.9443,-0.0493,104.02,65.24,-156.03
3.1387,-0.6588,0.9462,-0.0488,102.13,64.33,-156.66
3.1387,-0.6593,0.9516,-0.0512,102.97,65.17,-157.01
3.1388,-0.6627,0.9584,-0.0527,102.48,65.31,-157.71
3.1389,-0.6720,0.9653,-0.0586,102.20,64.96,-157.36
3.1390,-0.6754,0.9794,-0.0600,102.83,65.94,-158.27
3.1391,-0.6759,0.9931,-0.0605,102.20,64.47,-158.41
3.1392,-0.6769,1.0033,-0.0683,102.69,66.50,-158.76
3.1393,-0.6778,1.0175,-0.0703,102.41,64.96,-158.83
3.1394,-0.6808,1.0258,-0.0708,103.04,66.85,-159.04
3.1395,-0.6891,1.0336,-0.0752,102.41,65.45,-159.04
3.1396,-0.7013,1.0443,-0.0781,103.53,66.85,-159.46
3.1397,-0.7100,1.0516,-0.0805,102.69,65.66,-159.53
3.1400,-0.7149,1.0609,-0.0825,103.53,67.69,-159.04
3.1404,-0.7208,1.0692,-0.0800,103.11,66.01,-159.60
3.1407,-0.7242,1.0760,-0.0786,103.81,67.90,-159.39
3.1410,-0.7222,1.0873,-0.0839,103.60,66.85,-159.95
3.1413,-0.7222,1.1029,-0.0874,104.51,68.11,-158.69
3.1417,-0.7266,1.1068,-0.0898,104.02,67.34,-160.02
3.1420,-0.7296,1.1082,-0.0903,105.14,68.46,-158.41
3.1423,-0.7257,1.1165,-0.0913,104.65,68.25,-160.02
3.1427,-0.7266,1.1234,-0.0961,105.49,68.74,-157.85
3.1430,-0.7276,1.1307,-0.0971,105.56,68.95,-159.81
3.1433,-0.7261,1.1409,-0.0966,106.40,68.74,-157.78
3.1437,-0.7286,1.1512,-0.0961,106.26,69.58,-158.83
3.1440,-0.7340,1.1590,-0.0966,107.38,68.95,-157.64
3.1443,-0.7349,1.1722,-0.1044,107.17,70.84,-157.64
3.1447,-0.7325,1.1834,-0.1025,108.08,69.02,-157.57
3.1450,-0.7379,1.1995,-0.1044,108.78,69.79,-156.80
3.1453,-0.7379,1.2073,-0.1083,109.69,71.47,-155.82
3.1456,-0.7403,1.2156,-0.1113,110.11,70.28,-156.38
3.1460,-0.7383,1.2205,-0.1103,110.39,71.75,-154.77
3.1463,-0.7374,1.2234,-0.1093,110.67,70.49,-155.47
3.1469,-0.7364,1.2278,-0.1083,111.72,72.31,-153.79
3.1474,-0.7359,1.2356,-0.1064,112.28,70.98,-154.91
3.1480,-0.7340,1.2395,-0.1044,113.05,72.38,-152.46
3.1486,-0.7349,1.2405,-0.1020,112.98,71.68,-153.93
3.1491,-0.7369,1.2395,-0.1020,114.24,72.73,-151.41
3.1497,-0.7315,1.2366,-0.1020,114.31,72.24,-152.32
3.1503,-0.7271,1.2390,-0.1035,115.50,72.45,-150.50
3.1508,-0.7247,1.2488,-0.1010,115.57,72.73,-151.20
3.1514,-0.7237,1.2576,-0.0996,116.48,72.45,-149.80
3.1519,-0.7296,1.2673,-0.1010,116.76,73.43,-149.45
3.1525,-0.7379,1.2786,-0.1030,118.02,72.45,-148.82
3.1531,-0.7427,1.2849,-0.1074,118.44,74.13,-147.70
3.1536,-0.7491,1.2834,-0.1049,119.14,72.73,-147.42
3.1542,-0.7496,1.2795,-0.1015,119.63,73.64,-146.86
3.1548,-0.7501,1.2810,-0.1044,120.61,73.15,-146.58
3.1553,-0.7510,1.2800,-0.1064,120.89,74.20,-144.83
3.1559,-0.7486,1.2747,-0.1093,121.94,73.22,-145.25
3.1564,-0.7491,1.2781,-0.1093,122.50,74.34,-143.43
3.1570,-0.7447,1.2834,-0.1122,123.13,73.50,-143.50
3.1576,-0.7422,1.2844,-0.1157,123.97,74.20,-141.89
3.1582,-0.7413,1.2830,-0.1118,124.53,74.13,-141.96
3.1589,-0.7354,1.2830,-0.1122,125.16,73.99,-140.56
3.1595,-0.7335,1.2839,-0.1127,126.00,74.27,-140.49
3.1602,-0.7276,1.2893,-0.1142,126.77,74.06,-138.88
3.1609,-0.7188,1.2927,-0.1142,127.19,74.83,-138.25
3.1615,-0.7154,1.2922,-0.1191,128.24,73.71,-137.48
3.1622,-0.7100,1.2927,-0.1249,128.73,74.48,-136.64
3.1628,-0.7056,1.2942,-0.1274,129.71,73.92,-135.66
3.1635,-0.6983,1.3044,-0.1283,130.13,74.55,-134.61
3.1641,-0.6837,1.3313,-0.1230,131.18,73.85,-134.19
3.1648,-0.6852,1.3371,-0.1235,132.37,73.57,-131.88
3.1654,-0.6900,1.3415,-0.1249,133.63,73.85,-131.18
3.1661,-0.6915,1.3435,-0.1205,134.26,73.57,-129.71
3.1668,-0.6920,1.3459,-0.1171,135.10,73.43,-129.08
3.1674,-0.6939,1.3576,-0.1191,135.66,73.36,-128.17
3.1681,-0.6934,1.3664,-0.1244,136.99,72.94,-127.05
3.1687,-0.6876,1.3698,-0.1269,137.41,73.22,-125.72
3.1694,-0.6798,1.3742,-0.1254,138.25,72.03,-124.88
3.1700,-0.6773,1.3771,-0.1298,139.23,72.31,-123.20
3.1707,-0.6720,1.3854,-0.1313,140.14,71.96,-122.71
3.1725,-0.6642,1.3967,-0.1298,141.19,71.82,-120.96
3.1744,-0.6593,1.3996,-0.1342,142.10,70.84,-120.61
3.1763,-0.6549,1.4054,-0.1366,143.08,71.54,-118.44
3.1781,-0.6525,1.4162,-0.1381,143.85,70.35,-117.88
3.1800,-0.6486,1.4250,-0.1415,145.04,70.28,-116.34
3.1818,-0.6427,1.4352,-0.1484,145.53,69.72,-114.80
3.1837,-0.6388,1.4450,-0.1547,147.42,69.37,-113.68
3.1855,-0.6364,1.4508,-0.1523,147.84,68.53,-112.21
3.1874,-0.6349,1.4601,-0.1527,149.31,68.46,-111.23
3.1893,-0.6285,1.4689,-0.1557,149.87,67.41,-109.13
3.1911,-0.6188,1.4777,-0.1596,151.83,67.48,-108.22
3.1930,-0.6134,1.4879,-0.1649,152.18,66.85,-105.77
3.1948,-0.6056,1.4957,-0.1703,153.65,66.01,-105.35
3.1967,-0.5934,1.5030,-0.1762,154.70,65.52,-102.83
3.1985,-0.5841,1.5152,-0.1771,156.10,64.54,-102.27
3.2004,-0.5768,1.5294,-0.1762,157.43,63.91,-99.26
3.2022,-0.5758,1.5382,-0.1801,158.62,63.28,-98.91
3.2041,-0.5763,1.5426,-0.1825,160.37,62.65,-96.04
3.2060,-0.5729,1.5484,-0.1845,161.14,61.74,-95.48
3.2078,-0.5710,1.5572,-0.1884,162.82,61.18,-92.40
3.2079,-0.5700,1.5650,-0.1918,163.59,60.55,-91.35
3.2079,-0.5661,1.5738,-0.1967,165.83,59.36,-88.97
3.2080,-0.5627,1.5792,-0.2011,166.25,58.52,-87.92
3.2080,-0.5583,1.5850,-0.2011,168.63,57.68,-85.68
3.2081,-0.5529,1.5928,-0.2050,169.33,57.05,-83.72
3.2081,-0.5534,1.5948,-0.2064,171.01,55.65,-81.90
3.2082,-0.5519,1.5987,-0.2079,172.20,55.16,-79.87
3.2082,-0.5475,1.6075,-0.2137,173.67,53.83,-78.33
3.2083,-0.5470,1.6167,-0.2167,175.42,52.57,-75.88
3.2083,-0.5446,1.6231,-0.2181,176.54,52.50,-73.92
3.2084,-0.5358,1.6265,-0.2157,178.01,50.54,-72.31
3.2084,-0.5334,1.6280,-0.2206,179.41,50.26,-70.14
3.2085,-0.5314,1.6314,-0.2259,181.37,48.51,-67.90
3.2085,-0.5300,1.6353,-0.2284,182.49,48.09,-66.08
3.2086,-0.5295,1.6377,-0.2313,184.31,46.20,-63.98
3.2086,-0.5305,1.6407,-0.2308,185.43,45.71,-61.88
3.2087,-0.5290,1.6470,-0.2303,187.39,44.38,-59.57
3.2087,-0.5226,1.6504,-0.2342,188.23,43.40,-57.89
3.2088,-0.5236,1.6509,-0.2406,190.40,42.07,-55.72
3.2088,-0.5280,1.6504,-0.2425,191.45,41.16,-53.48
3.2089,-0.5256,1.6490,-0.2455,193.27,39.90,-51.24
3.2089,-0.5212,1.6499,-0.2479,194.67,38.22,-49.84
3.2089,-0.5202,1.6533,-0.2484,196.28,37.87,-46.90
3.2090,-0.5197,1.6572,-0.2538,197.68,35.84,-45.64
3.2090,-0.5187,1.6543,-0.2567,199.15,35.21,-43.19
3.2091,-0.5187,1.6538,-0.2582,200.34,33.53,-41.44
3.2091,-0.5153,1.6587,-0.2591,202.23,32.69,-39.41
3.2091,-0.5148,1.6626,-0.2601,203.63,30.59,-37.73
3.2092,-0.5178,1.6641,-0.2582,205.24,30.38,-34.86
3.2092,-0.5178,1.6646,-0.2562,206.15,28.49,-33.95
3.2093,-0.5173,1.6626,-0.2611,208.18,27.37,-31.57
3.2093,-0.5178,1.6694,-0.2586,208.95,26.25,-29.96
3.2094,-0.5202,1.6773,-0.2586,211.26,24.57,-28.21
3.2094,-0.5222,1.6807,-0.2591,211.96,23.59,-26.11
3.2094,-0.5251,1.6865,-0.2577,213.92,21.77,-25.13
3.2095,-0.5285,1.6880,-0.2586,214.69,21.35,-22.40
3.2095,-0.5353,1.6885,-0.2611,216.58,18.48,-22.19
3.2096,-0.5388,1.6880,-0.2616,217.77,18.55,-19.25
3.2096,-0.5412,1.6875,-0.2572,219.24,16.38,-19.11
3.2097,-0.5466,1.6904,-0.2523,220.64,16.24,-16.03
3.2105,-0.5505,1.6909,-0.2547,221.69,13.44,-16.17
3.2113,-0.5544,1.6885,-0.2552,223.51,13.44,-13.44
3.2121,-0.5568,1.6870,-0.2547,224.00,11.20,-13.37
3.2130,-0.5597,1.6860,-0.2567,225.96,10.08,-10.92
3.2138,-0.5646,1.6899,-0.2528,226.38,8.68,-10.78
3.2146,-0.5685,1.6865,-0.2503,228.69,7.98,-8.47
3.2155,-0.5763,1.6685,-0.2503,230.79,5.04,-6.09
3.2163,-0.5807,1.6597,-0.2518,231.35,4.34,-5.88
3.2171,-0.5846,1.6475,-0.2538,232.54,2.59,-4.06
3.2179,-0.5890,1.6392,-0.2523,233.45,1.26,-3.85
3.2188,-0.5929,1.6294,-0.2499,234.29,0.35,-2.31
3.2196,-0.5973,1.6206,-0.2479,235.69,-0.98,-1.82
3.2204,-0.6012,1.6124,-0.2484,236.39,-2.24,-0.28
3.2212,-0.6032,1.5987,-0.2503,237.51,-3.71,0.56
3.2221,-0.6100,1.5860,-0.2460,238.21,-4.83,1.12
3.2229,-0.6144,1.5758,-0.2460,238.98,-6.16,2.10
3.2237,-0.6163,1.5636,-0.2469,239.54,-7.07,2.73
3.2246,-0.6198,1.5523,-0.2450,240.66,-8.33,4.13
3.2254,-0.6242,1.5377,-0.2430,240.94,-9.31,4.55
3.2262,-0.6320,1.5250,-0.2406,241.71,-10.50,5.60
3.2263,-0.6388,1.5138,-0.2420,242.06,-11.90,5.81
3.2263,-0.6403,1.4933,-0.2430,243.18,-12.74,6.93
3.2264,-0.6427,1.4767,-0.2372,242.83,-13.79,7.35
3.2264,-0.6466,1.4669,-0.2381,243.60,-14.84,8.12
3.2265,-0.6520,1.4538,-0.2381,243.81,-16.03,8.40
3.2266,-0.6598,1.4362,-0.2401,244.16,-16.87,9.38
3.2266,-0.6637,1.4206,-0.2367,244.58,-18.13,9.17
3.2267,-0.6671,1.4050,-0.2377,244.30,-18.62,10.15
3.2267,-0.6730,1.3903,-0.2367,244.44,-20.23,10.08
3.2268,-0.6773,1.3766,-0.2377,244.65,-20.93,10.99
3.2268,-0.6812,1.3596,-0.2357,244.44,-21.63,10.71
3.2269,-0.6886,1.3415,-0.2294,244.58,-22.68,11.27
3.2270,-0.6944,1.3230,-0.2289,244.30,-23.59,11.69
3.2270,-0.6944,1.3078,-0.2274,244.16,-24.57,11.41
3.2271,-0.6974,1.2956,-0.2303,243.88,-25.13,12.39
3.2271,-0.7076,1.2786,-0.2328,243.39,-26.25,11.55
3.2272,-0.7218,1.2600,-0.2289,243.18,-27.30,12.32
3.2273,-0.7271,1.2464,-0.2279,242.62,-27.65,11.41
3.2273,-0.7281,1.2263,-0.2274,242.06,-28.56,12.11
3.2274,-0.7330,1.2068,-0.2250,241.29,-29.47,11.41
3.2280,-0.7354,1.1858,-0.2269,241.01,-30.31,11.34
3.2286,-0.7403,1.1624,-0.2313,239.89,-30.80,10.99
3.2293,-0.7457,1.1434,-0.2259,239.19,-31.50,10.57
3.2299,-0.7447,1.1239,-0.2269,238.00,-32.55,10.29
3.2305,-0.7496,1.0843,-0.2255,236.11,-33.53,9.59
3.2312,-0.7535,1.0726,-0.2259,235.34,-35.21,8.12
3.2318,-0.7574,1.0560,-0.2259,234.22,-34.51,8.47
3.2324,-0.7584,1.0385,-0.2211,233.10,-35.56,7.28
3.2330,-0.7623,1.0233,-0.2201,231.56,-35.84,7.00
3.2337,-0.7652,1.0067,-0.2230,230.51,-36.82,5.95
3.2343,-0.7671,0.9897,-0.2230,228.83,-36.96,5.32
3.2349,-0.7706,0.9745,-0.2186,227.92,-37.94,3.99
3.2356,-0.7696,0.9589,-0.2181,225.75,-38.43,2.94
3.2362,-0.7681,0.9428,-0.2186,224.70,-39.06,2.31
3.2368,-0.7701,0.9267,-0.2181,222.95,-39.83,0.98
3.2375,-0.7769,0.9121,-0.2186,221.06,-40.11,-0.42
3.2381,-0.7857,0.8974,-0.2186,219.38,-40.67,-1.47
3.2387,-0.7910,0.8745,-0.2123,217.70,-41.02,-2.52
3.2393,-0.7871,0.8511,-0.2098,215.67,-41.65,-4.13
3.2400,-0.7896,0.8340,-0.2152,213.64,-41.86,-5.32
3.2409,-0.7915,0.8164,-0.2167,211.47,-42.28,-7.00
3.2419,-0.7886,0.7954,-0.2128,209.93,-42.07,-7.70
3.2428,-0.7925,0.7759,-0.2079,207.83,-43.26,-9.94
3.2438,-0.7925,0.7564,-0.2108,205.45,-43.40,-10.64
3.2447,-0.7925,0.7364,-0.2118,203.42,-43.82,-12.88
3.2457,-0.7891,0.7178,-0.2079,200.97,-44.45,-13.58
3.2466,-0.7876,0.7052,-0.2059,198.59,-44.45,-15.68
3.2476,-0.7901,0.6949,-0.2054,196.49,-44.73,-16.59
3.2485,-0.7930,0.6861,-0.2050,193.62,-44.94,-18.41
3.2495,-0.7989,0.6812,-0.2020,191.38,-45.43,-19.67
3.2504,-0.8042,0.6744,-0.2025,188.93,-45.50,-21.35
3.2514,-0.8037,0.6637,-0.2025,186.83,-45.78,-22.89
3.2523,-0.8057,0.6486,-0.1972,183.96,-45.78,-23.94
3.2533,-0.8086,0.6315,-0.1952,181.72,-46.34,-25.83
3.2542,-0.8096,0.6217,-0.1972,179.13,-46.34,-27.16
3.2552,-0.8125,0.6207,-0.1986,176.68,-46.62,-28.70
3.2561,-0.8194,0.6178,-0.1986,173.74,-46.48,-29.68
3.2571,-0.8247,0.6110,-0.2001,171.43,-47.04,-32.34
3.2580,-0.8242,0.6041,-0.1986,168.42,-46.48,-32.27
3.2590,-0.8281,0.5978,-0.1991,166.18,-46.97,-35.00
3.2596,-0.8408,0.5915,-0.1957,160.58,-46.90,-37.52
3.2602,-0.8452,0.5890,-0.2006,158.41,-47.25,-38.43
3.2608,-0.8491,0.5861,-0.2006,154.77,-46.27,-40.32
3.2615,-0.8569,0.5915,-0.2054,152.88,-46.48,-41.16
3.2621,-0.8613,0.5958,-0.2108,149.80,-46.41,-42.98
3.2627,-0.8623,0.5944,-0.2074,147.98,-46.27,-43.40
3.2633,-0.8608,0.5963,-0.2089,144.20,-46.41,-45.36
3.2639,-0.8628,0.6046,-0.2157,142.45,-46.13,-45.92
3.2646,-0.8701,0.6095,-0.2220,139.37,-46.34,-47.81
3.2652,-0.8721,0.6144,-0.2245,136.85,-45.50,-48.23
3.2658,-0.8725,0.6232,-0.2289,134.61,-46.06,-49.77
3.2664,-0.8764,0.6324,-0.2328,132.02,-45.50,-50.47
3.2670,-0.8794,0.6417,-0.2362,129.50,-45.43,-51.45
3.2676,-0.8828,0.6500,-0.2430,126.63,-44.87,-52.15
3.2683,-0.8838,0.6578,-0.2469,124.53,-44.94,-53.27
3.2689,-0.8862,0.6700,-0.2479,121.94,-44.80,-54.39
3.2695,-0.8882,0.6842,-0.2513,119.98,-44.31,-55.02
3.2701,-0.8872,0.6983,-0.2601,117.25,-44.03,-55.51
3.2707,-0.8911,0.7110,-0.2660,114.59,-43.82,-56.28
3.2713,-0.8965,0.7208,-0.2694,112.98,-43.82,-57.40
3.2730,-0.8935,0.7471,-0.2689,110.32,-43.54,-57.54
3.2747,-0.8945,0.7603,-0.2738,106.33,-42.70,-58.80
3.2764,-0.8989,0.7769,-0.2811,104.51,-41.58,-59.43
3.2782,-0.9018,0.7935,-0.2840,101.92,-41.65,-59.71
3.2799,-0.8984,0.8081,-0.2860,100.45,-41.30,-60.06
3.2816,-0.8979,0.8223,-0.2899,98.07,-41.16,-60.41
3.2833,-0.8989,0.8335,-0.2928,96.39,-40.53,-60.69
3.2850,-0.9008,0.8496,-0.2948,94.57,-39.97,-61.11
3.2867,-0.9013,0.8652,-0.3011,92.68,-39.76,-61.11
3.2884,-0.9057,0.8789,-0.3065,91.14,-39.48,-61.88
3.2901,-0.9043,0.8935,-0.3089,89.11,-38.99,-61.53
3.2918,-0.8950,0.9091,-0.3109,87.92,-38.57,-61.81
3.2935,-0.8945,0.9233,-0.3138,86.03,-38.50,-61.67
3.2952,-0.8960,0.9365,-0.3162,84.70,-37.52,-61.88
3.2969,-0.8979,0.9501,-0.3187,82.74,-37.10,-61.25
3.2986,-0.8984,0.9633,-0.3235,82.04,-36.89,-61.81
3.3003,-0.8979,0.9770,-0.3279,80.01,-36.61,-61.11
3.3020,-0.8950,1.0067,-0.3279,77.07,-35.49,-60.76
3.3037,-0.8994,1.0189,-0.3328,76.65,-35.42,-61.46
3.3054,-0.8965,1.0433,-0.3357,73.78,-33.88,-60.27
3.3055,-0.8930,1.0516,-0.3333,73.01,-33.32,-59.57
3.3055,-0.8935,1.0624,-0.3343,71.54,-33.18,-59.01
3.3056,-0.8945,1.0741,-0.3367,70.91,-32.83,-58.52
3.3056,-0.8896,1.0868,-0.3382,69.58,-31.71,-57.61
3.3057,-0.8877,1.0946,-0.3362,68.95,-31.85,-57.89
3.3058,-0.8852,1.1048,-0.3382,67.76,-30.87,-55.93
3.3058,-0.8818,1.1141,-0.3377,67.27,-31.01,-56.63
3.3059,-0.8804,1.1229,-0.3367,66.01,-29.96,-54.67
3.3059,-0.8789,1.1385,-0.3396,66.01,-29.54,-54.74
3.3060,-0.8764,1.1453,-0.3406,64.47,-28.98,-52.78
3.3061,-0.8735,1.1522,-0.3431,64.05,-28.77,-53.20
3.3061,-0.8721,1.1624,-0.3450,63.63,-28.35,-51.52
3.3062,-0.8696,1.1688,-0.3470,62.30,-27.79,-51.03
3.3063,-0.8652,1.1771,-0.3455,62.72,-27.02,-49.28
3.3063,-0.8623,1.1873,-0.3411,61.25,-26.95,-49.07
3.3064,-0.8594,1.1941,-0.3377,61.53,-26.11,-47.04
3.3064,-0.8540,1.2005,-0.3401,60.27,-25.69,-46.83
3.3065,-0.8525,1.2063,-0.3431,60.76,-24.99,-44.94
3.3066,-0.8496,1.2117,-0.3436,59.50,-25.13,-44.31
3.3066,-0.8428,1.2205,-0.3421,59.71,-23.94,-42.84
3.3066,-0.8369,1.2288,-0.3377,58.87,-24.01,-41.65
3.3067,-0.8340,1.2361,-0.3406,59.43,-23.52,-40.39
3.3067,-0.8320,1.2444,-0.3455,58.24,-23.10,-39.13
3.3068,-0.8291,1.2517,-0.3431,58.45,-22.33,-38.15
3.3068,-0.8262,1.2620,-0.3416,58.10,-21.84,-36.33
3.3068,-0.8213,1.2693,-0.3411,58.10,-21.63,-35.77
3.3069,-0.8164,1.2781,-0.3401,58.03,-21.14,-33.46
3.3069,-0.8111,1.2864,-0.3411,57.54,-20.79,-33.11
3.3070,-0.8067,1.2932,-0.3436,58.10,-20.23,-30.73
3.3070,-0.8057,1.3025,-0.3426,57.40,-20.30,-30.31
3.3070,-0.8003,1.3113,-0.3445,58.10,-19.46,-27.79
3.3071,-0.7915,1.3205,-0.3470,57.26,-19.53,-27.79
3.3071,-0.7906,1.3303,-0.3465,58.17,-18.48,-24.71
3.3072,-0.7896,1.3371,-0.3489,57.54,-18.48,-25.20
3.3072,-0.7857,1.3430,-0.3538,58.24,-17.50,-21.98
3.3072,-0.7842,1.3474,-0.3509,57.68,-17.85,-22.33
3.3073,-0.7779,1.3537,-0.3484,58.52,-17.50,-19.74
3.3073,-0.7696,1.3601,-0.3489,58.38,-17.36,-19.74
3.3073,-0.7652,1.3659,-0.3479,58.66,-16.94,-17.15
3.3074,-0.7618,1.3713,-0.3528,58.66,-16.59,-16.73
3.3084,-0.7530,1.3747,-0.3567,59.15,-16.38,-14.84
3.3095,-0.7471,1.3810,-0.3567,59.22,-15.89,-13.93
3.3105,-0.7447,1.3854,-0.3533,59.50,-16.17,-12.67
3.3115,-0.7393,1.3903,-0.3518,59.99,-15.33,-10.71
3.3126,-0.7325,1.3971,-0.3514,60.27,-15.54,-10.08
3.3136,-0.7218,1.3947,-0.3504,60.41,-15.26,-8.33
3.3146,-0.7193,1.3937,-0.3518,61.18,-15.40,-7.84
3.3157,-0.7218,1.3991,-0.3543,61.32,-14.77,-5.81
3.3167,-0.7135,1.3996,-0.3509,61.53,-14.77,-5.53
3.3177,-0.7061,1.3996,-0.3470,61.95,-14.49,-3.57
3.3188,-0.7027,1.3991,-0.3533,62.30,-14.42,-3.15
3.3198,-0.6998,1.3996,-0.3553,62.58,-14.84,-1.33
3.3208,-0.6949,1.3991,-0.3558,63.35,-14.28,-1.12
3.3219,-0.6842,1.3986,-0.3582,63.56,-14.35,1.33
3.3229,-0.6832,1.3893,-0.3548,64.61,-13.93,3.50
3.3239,-0.6793,1.3869,-0.3523,64.89,-13.93,3.78
3.3250,-0.6720,1.3854,-0.3553,65.45,-14.21,5.11
3.3260,-0.6705,1.3830,-0.3533,65.24,-14.21,5.95
3.3270,-0.6647,1.3820,-0.3567,66.36,-14.00,7.56
3.3281,-0.6608,1.3776,-0.3562,66.43,-14.14,7.91
3.3281,-0.6593,1.3732,-0.3514,66.99,-13.86,9.52
3.3282,-0.6520,1.3674,-0.3494,67.41,-14.49,9.94
3.3283,-0.6495,1.3654,-0.3470,67.83,-13.79,11.62
3.3283,-0.6490,1.3601,-0.3470,68.04,-14.42,11.97
3.3284,-0.6456,1.3527,-0.3484,68.67,-13.93,13.72
3.3285,-0.6407,1.3508,-0.3475,68.74,-14.42,13.86
3.3285,-0.6373,1.3464,-0.3450,69.16,-14.00,15.82
3.3286,-0.6320,1.3430,-0.3416,69.79,-14.77,16.10
3.3287,-0.6320,1.3396,-0.3396,69.93,-13.86,17.43
3.3287,-0.6359,1.3371,-0.3406,70.56,-14.91,18.13
3.3288,-0.6359,1.3361,-0.3382,70.84,-14.28,18.97
3.3289,-0.6320,1.3303,-0.3328,71.05,-15.19,19.88
3.3289,-0.6276,1.3225,-0.3323,71.40,-14.49,20.44
3.3290,-0.6276,1.3196,-0.3353,71.75,-14.84,21.84
3.3291,-0.6276,1.3176,-0.3348,72.17,-14.84,22.26
3.3291,-0.6276,1.3122,-0.3343,72.17,-15.12,23.73
3.3292,-0.6256,1.3093,-0.3328,72.87,-14.70,23.80
3.3293,-0.6246,1.3054,-0.3323,72.87,-15.05,25.27
3.3293,-0.6246,1.3030,-0.3309,73.43,-15.47,25.27
3.3294,-0.6246,1.3005,-0.3294,73.64,-15.33,26.53
3.3300,-0.6256,1.2971,-0.3338,74.13,-15.96,26.95
3.3306,-0.6222,1.2942,-0.3367,74.41,-15.68,28.00
3.3312,-0.6207,1.2893,-0.3328,74.62,-15.82,28.00
3.3318,-0.6212,1.2878,-0.3284,75.11,-16.10,28.70
3.3325,-0.6202,1.2849,-0.3289,74.90,-15.96,29.40
3.3331,-0.6217,1.2790,-0.3284,75.60,-16.03,29.96
3.3337,-0.6193,1.2698,-0.3240,75.60,-16.73,30.31
3.3343,-0.6159,1.2629,-0.3245,75.88,-16.87,31.01
3.3349,-0.6159,1.2610,-0.3270,76.09,-16.52,31.57
3.3355,-0.6183,1.2576,-0.3274,76.02,-17.15,31.71
3.3361,-0.6188,1.2532,-0.3250,76.51,-17.01,32.20
3.3368,-0.6149,1.2468,-0.3206,76.72,-17.78,32.06
3.3374,-0.6144,1.2395,-0.3240,76.72,-16.87,33.25
3.3380,-0.6149,1.2307,-0.3265,77.07,-18.62,32.34
3.3386,-0.6139,1.2254,-0.3231,77.21,-17.43,34.09
3.3392,-0.6139,1.2176,-0.3216,77.07,-17.92,33.46
3.3398,-0.6163,1.2083,-0.3201,77.42,-18.06,34.02
3.3404,-0.6159,1.2024,-0.3177,77.28,-18.69,33.95
3.3411,-0.6080,1.1932,-0.3182,77.49,-18.34,34.23
3.3417,-0.6100,1.1844,-0.3172,77.42,-19.18,34.58
3.3420,-0.6105,1.1800,-0.3133,77.84,-19.04,34.65
3.3424,-0.6012,1.1727,-0.3133,77.28,-19.67,34.58
3.3428,-0.6002,1.1663,-0.3152,77.77,-19.11,34.79
3.3431,-0.6017,1.1590,-0.3113,77.35,-20.44,34.65
3.3435,-0.6002,1.1488,-0.3070,77.28,-20.09,34.58
3.3439,-0.5993,1.1400,-0.3065,77.07,-20.16,34.86
3.3442,-0.5988,1.1302,-0.3070,77.28,-20.51,35.00
3.3446,-0.5998,1.1234,-0.3055,77.00,-20.58,35.00
3.3449,-0.5998,1.1156,-0.3040,76.79,-20.93,34.72
3.3453,-0.5968,1.1029,-0.3030,76.93,-20.65,35.07
3.3457,-0.5949,1.0965,-0.2982,76.58,-21.56,34.30
3.3460,-0.5919,1.0917,-0.2962,76.44,-21.49,35.35
3.3464,-0.5890,1.0814,-0.2962,75.74,-22.12,33.95
3.3468,-0.5900,1.0731,-0.2943,76.51,-21.77,34.86
3.3471,-0.5939,1.0658,-0.2908,75.04,-22.19,34.09
3.3475,-0.5973,1.0590,-0.2860,75.81,-22.47,34.58
3.3479,-0.5968,1.0516,-0.2889,74.55,-22.89,33.74
3.3482,-0.5958,1.0443,-0.2879,75.04,-22.68,34.30
3.3486,-0.5978,1.0385,-0.2811,73.85,-22.75,33.74
3.3490,-0.5983,1.0292,-0.2796,74.13,-23.31,33.88
3.3495,-0.6022,1.0219,-0.2806,73.50,-23.45,33.53
3.3500,-0.6027,1.0160,-0.2786,73.43,-24.08,33.46
3.3505,-0.6012,1.0082,-0.2738,72.80,-23.45,33.39
3.3510,-0.6022,1.0024,-0.2684,72.38,-24.22,32.97
3.3515,-0.6041,0.9950,-0.2674,72.03,-24.15,33.46
3.3521,-0.6071,0.9838,-0.2674,71.19,-24.50,32.13
3.3526,-0.6105,0.9750,-0.2635,70.91,-24.43,32.90
3.3531,-0.6154,0.9697,-0.2616,70.07,-24.92,32.20
3.3536,-0.6168,0.9614,-0.2547,70.21,-24.64,32.69
3.3541,-0.6139,0.9531,-0.2533,69.23,-24.78,32.62
3.3546,-0.6188,0.9467,-0.2518,67.83,-25.62,31.50
3.3552,-0.6183,0.9379,-0.2518,68.32,-25.06,32.41
3.3557,-0.6173,0.9340,-0.2460,66.71,-25.41,30.87
3.3562,-0.6188,0.9311,-0.2450,66.92,-25.76,31.85
3.3567,-0.6198,0.9277,-0.2479,65.80,-25.90,30.52
3.3572,-0.6168,0.9262,-0.2445,65.38,-25.69,31.57
3.3578,-0.6193,0.9194,-0.2450,64.68,-26.04,29.82
3.3583,-0.6232,0.9121,-0.2416,64.40,-25.83,31.01
3.3588,-0.6232,0.9077,-0.2386,63.35,-25.90,29.68
3.3593,-0.6237,0.9057,-0.2386,62.86,-26.39,30.38
3.3599,-0.6285,0.9023,-0.2416,62.16,-26.18,29.82
3.3606,-0.6315,0.8955,-0.2416,61.32,-26.60,29.75
3.3612,-0.6276,0.8911,-0.2377,60.90,-26.32,29.75
3.3619,-0.6281,0.8911,-0.2367,59.99,-26.88,28.98
3.3625,-0.6315,0.8896,-0.2328,59.71,-26.18,29.40
3.3631,-0.6334,0.8823,-0.2308,58.73,-27.02,28.35
3.3638,-0.6305,0.8779,-0.2318,58.31,-26.32,28.84
3.3644,-0.6261,0.8750,-0.2347,57.12,-27.30,27.93
3.3650,-0.6285,0.8760,-0.2352,56.84,-26.74,28.21
3.3657,-0.6295,0.8711,-0.2338,56.00,-27.09,27.65
3.3663,-0.6320,0.8613,-0.2323,55.23,-27.02,27.72
3.3669,-0.6339,0.8608,-0.2333,54.39,-27.02,26.74
3.3676,-0.6329,0.8608,-0.2328,53.97,-27.09,27.09
3.3682,-0.6344,0.8560,-0.2362,53.20,-27.16,26.81
3.3689,-0.6320,0.8535,-0.2362,52.50,-27.02,26.25
3.3695,-0.6300,0.8477,-0.2284,51.59,-27.23,26.11
3.3701,-0.6290,0.8467,-0.2264,50.75,-27.09,26.32
3.3708,-0.6285,0.8511,-0.2284,50.05,-27.51,25.69
3.3714,-0.6281,0.8584,-0.2313,49.35,-27.09,25.69
3.3720,-0.6310,0.8682,-0.2298,48.72,-27.58,25.34
3.3739,-0.6344,0.8721,-0.2250,47.95,-27.02,25.06
3.3758,-0.6339,0.8682,-0.2250,47.60,-27.44,25.34
3.3776,-0.6310,0.8642,-0.2250,46.90,-27.30,25.06
3.3795,-0.6295,0.8608,-0.2255,46.20,-27.30,24.57
3.3813,-0.6324,0.8667,-0.2255,45.36,-27.09,24.43
3.3832,-0.6334,0.8789,-0.2235,44.59,-27.86,24.15
3.3850,-0.6344,0.8794,-0.2264,44.10,-27.37,23.87
3.3869,-0.6329,0.8789,-0.2240,43.26,-27.58,23.38
3.3887,-0.6310,0.8813,-0.2303,42.70,-27.44,23.24
3.3906,-0.6349,0.8882,-0.2289,41.51,-27.51,22.75
3.3924,-0.6359,0.8926,-0.2279,40.95,-27.30,21.84
3.3943,-0.6349,0.8969,-0.2294,40.18,-27.51,22.40
3.3961,-0.6364,0.9013,-0.2313,39.69,-27.58,21.21
3.3980,-0.6344,0.9052,-0.2328,39.34,-27.65,21.91
3.3999,-0.6339,0.9072,-0.2342,38.50,-27.23,20.37
3.4017,-0.6359,0.9077,-0.2367,38.01,-27.65,20.65
3.4036,-0.6359,0.9072,-0.2347,37.45,-27.58,19.95
3.4054,-0.6373,0.9101,-0.2313,36.96,-27.79,19.88
3.4073,-0.6368,0.9126,-0.2347,36.33,-27.23,19.18
3.4091,-0.6359,0.9135,-0.2377,35.63,-27.58,19.11
3.4092,-0.6383,0.9135,-0.2377,34.93,-26.95,18.55
3.4092,-0.6393,0.9101,-0.2396,34.86,-28.00,17.92
3.4093,-0.6354,0.9106,-0.2425,34.09,-27.30,17.99
3.4094,-0.6354,0.9111,-0.2435,33.74,-27.37,17.50
3.4094,-0.6354,0.9091,-0.2420,33.25,-27.16,17.71
3.4095,-0.6364,0.9101,-0.2377,32.69,-27.37,16.59
3.4095,-0.6383,0.9101,-0.2416,31.99,-27.09,16.80
3.4096,-0.6407,0.9121,-0.2445,31.36,-26.88,15.96
3.4096,-0.6407,0.9126,-0.2401,31.08,-27.65,15.82
3.4097,-0.6354,0.9116,-0.2401,30.45,-26.67,15.40
3.4098,-0.6354,0.9106,-0.2391,30.38,-27.51,15.19
3.4098,-0.6373,0.9087,-0.2377,29.26,-26.39,15.12
3.4099,-0.6368,0.9101,-0.2396,29.19,-27.58,14.28
3.4099,-0.6344,0.9077,-0.2381,28.56,-26.46,14.84
3.4100,-0.6334,0.9082,-0.2391,28.07,-27.44,13.51
3.4100,-0.6349,0.9111,-0.2381,27.51,-26.74,14.21
3.4101,-0.6344,0.9126,-0.2367,26.88,-27.09,12.67
3.4102,-0.6320,0.9126,-0.2386,26.67,-26.46,13.72
3.4102,-0.6305,0.9135,-0.2386,25.97,-27.16,12.18
3.4103,-0.6329,0.9106,-0.2391,25.55,-26.67,13.02
3.4106,-0.6339,0.9062,-0.2347,24.78,-27.02,11.62
3.4110,-0.6290,0.9135,-0.2367,23.80,-26.81,11.06
3.4114,-0.6261,0.9160,-0.2338,23.73,-26.95,11.06
3.4117,-0.6251,0.9130,-0.2338,22.75,-26.32,10.71
3.4121,-0.6276,0.9077,-0.2342,22.68,-26.81,10.29
3.4125,-0.6271,0.9106,-0.2333,22.05,-25.76,9.66
3.4128,-0.6237,0.9130,-0.2318,21.70,-27.09,9.38
3.4132,-0.6212,0.9106,-0.2328,21.00,-26.04,8.82
3.4136,-0.6222,0.9140,-0.2381,20.79,-26.88,8.89
3.4139,-0.6217,0.9155,-0.2416,20.09,-26.32,8.05
3.4143,-0.6207,0.9145,-0.2420,19.67,-26.95,7.84
3.4147,-0.6207,0.9135,-0.2430,19.18,-26.25,7.63
3.4150,-0.6261,0.9126,-0.2401,18.97,-26.81,7.21
3.4154,-0.6251,0.9184,-0.2396,18.27,-26.67,6.79
3.4158,-0.6178,0.9179,-0.2401,17.92,-26.11,6.72
3.4162,-0.6173,0.9170,-0.2377,17.29,-26.67,5.81
3.4165,-0.6202,0.9179,-0.2401,16.73,-26.25,6.58
3.4169,-0.6202,0.9150,-0.2396,16.66,-26.74,5.11
3.4173,-0.6202,0.9135,-0.2357,16.31,-26.04,5.67
3.4176,-0.6178,0.9140,-0.2406,16.10,-26.46,5.11
3.4177,-0.6134,0.9199,-0.2489,15.40,-25.90,4.97
3.4177,-0.6124,0.9243,-0.2513,15.26,-26.81,4.41
3.4178,-0.6149,0.9209,-0.2523,14.70,-26.39,4.06
3.4178,-0.6163,0.9204,-0.2508,14.49,-26.53,4.06
3.4178,-0.6105,0.9243,-0.2499,14.07,-26.18,3.50
3.4179,-0.6110,0.9238,-0.2518,13.44,-26.74,3.92
3.4179,-0.6100,0.9218,-0.2542,13.51,-26.32,3.01
3.4180,-0.6090,0.9257,-0.2572,12.67,-26.67,3.43
3.4180,-0.6110,0.9326,-0.2557,12.32,-26.11,2.80
3.4181,-0.6071,0.9355,-0.2547,12.11,-26.74,2.80
3.4181,-0.6071,0.9326,-0.2577,11.90,-26.74,2.17
3.4181,-0.6056,0.9345,-0.2621,11.55,-26.67,2.38
3.4182,-0.6032,0.9370,-0.2601,11.13,-26.67,2.03
3.4182,-0.6056,0.9374,-0.2586,11.13,-27.02,1.89
3.4183,-0.6022,0.9409,-0.2679,10.15,-26.95,1.68
3.4183,-0.6022,0.9423,-0.2704,10.36,-26.60,1.61
3.4184,-0.6061,0.9414,-0.2674,9.73,-26.60,1.33
3.4184,-0.6017,0.9428,-0.2689,9.66,-26.81,1.12
3.4184,-0.5973,0.9457,-0.2694,9.31,-27.09,1.05
3.4185,-0.5983,0.9472,-0.2694,9.45,-26.74,0.70
3.4196,-0.5978,0.9506,-0.2728,8.75,-27.16,0.91
3.4208,-0.5978,0.9516,-0.2743,8.05,-27.93,0.21
3.4219,-0.5978,0.9521,-0.2733,8.26,-27.37,0.00
3.4231,-0.5949,0.9501,-0.2723,7.77,-27.86,0.00
3.4242,-0.5944,0.9575,-0.2747,7.63,-27.65,-0.42
3.4254,-0.5905,0.9623,-0.2772,7.21,-27.58,-0.14
3.4265,-0.5876,0.9594,-0.2762,7.28,-28.00,-0.70
3.4277,-0.5919,0.9628,-0.2791,7.21,-27.79,-0.63
3.4288,-0.5929,0.9667,-0.2767,6.51,-28.49,-1.19
3.4300,-0.5905,0.9692,-0.2747,6.58,-28.28,-1.26
3.4311,-0.5895,0.9721,-0.2821,6.09,-28.21,-1.12
3.4323,-0.5924,0.9731,-0.2835,6.16,-28.28,-1.61
3.4334,-0.5954,0.9716,-0.2777,5.74,-28.70,-1.61
3.4346,-0.5934,0.9716,-0.2777,5.88,-28.63,-1.82
3.4357,-0.5919,0.9736,-0.2796,5.32,-28.84,-1.61
3.4368,-0.5944,0.9701,-0.2826,5.39,-29.19,-2.10
3.4380,-0.5944,0.9701,-0.2835,4.90,-29.26,-2.24
3.4391,-0.5983,0.9726,-0.2830,5.18,-29.54,-2.73
3.4403,-0.6002,0.9701,-0.2835,4.83,-29.26,-2.59
3.4414,-0.5978,0.9672,-0.2855,4.83,-29.68,-2.59
3.4419,-0.6027,0.9716,-0.2884,4.41,-29.19,-2.80
3.4424,-0.5978,0.9672,-0.2855,3.99,-29.75,-3.43
3.4428,-0.5993,0.9628,-0.2869,4.13,-30.38,-3.22
3.4433,-0.6041,0.9658,-0.2874,3.92,-29.96,-3.50
3.4438,-0.6027,0.9658,-0.2889,3.22,-30.66,-3.43
3.4442,-0.6022,0.9638,-0.2889,3.71,-29.82,-3.57
3.4447,-0.6051,0.9648,-0.2845,3.15,-30.52,-3.85
3.4452,-0.6124,0.9638,-0.2869,3.43,-30.17,-3.64
3.4456,-0.6110,0.9609,-0.2869,2.66,-31.15,-4.34
3.4461,-0.6085,0.9618,-0.2894,3.22,-30.38,-3.57
3.4466,-0.6095,0.9594,-0.2889,2.31,-31.29,-4.48
3.4470,-0.6071,0.9540,-0.2869,2.80,-30.94,-4.27
3.4475,-0.6080,0.9511,-0.2899,1.82,-31.29,-4.48
3.4480,-0.6105,0.9501,-0.2869,2.80,-31.29,-4.34
3.4484,-0.6095,0.9540,-0.2816,1.82,-30.87,-4.97
3.4489,-0.6071,0.9555,-0.2850,1.82,-31.92,-4.34
3.4494,-0.6027,0.9526,-0.2879,1.96,-31.50,-5.18
3.4498,-0.5993,0.9536,-0.2855,1.61,-31.99,-4.62
3.4503,-0.6002,0.9550,-0.2874,1.68,-31.29,-4.97
3.4508,-0.6002,0.9545,-0.2865,0.91,-32.69,-5.11
3.4513,-0.5983,0.9594,-0.2830,1.61,-31.08,-4.76
3.4518,-0.6012,0.9604,-0.2855,0.70,-33.39,-5.74
3.4523,-0.6056,0.9575,-0.2874,1.40,-31.50,-4.62
3.4528,-0.6076,0.9604,-0.2908,0.42,-33.18,-6.23
3.4534,-0.6085,0.9623,-0.2894,0.91,-32.34,-5.18
3.4539,-0.6110,0.9604,-0.2865,0.07,-33.25,-6.23
3.4544,-0.6168,0.9614,-0.2923,0.70,-32.62,-5.39
3.4549,-0.6217,0.9599,-0.2904,0.21,-33.11,-6.30
3.4554,-0.6271,0.9599,-0.2899,0.21,-32.69,-5.53
3.4559,-0.6334,0.9628,-0.2913,0.28,-33.53,-6.65
3.4565,-0.6407,0.9643,-0.2865,0.21,-33.32,-5.67
3.4570,-0.6451,0.9638,-0.2865,-0.21,-33.32,-6.58
3.4575,-0.6476,0.9609,-0.2918,-0.28,-33.67,-6.30
3.4580,-0.6505,0.9609,-0.2913,-0.28,-33.04,-6.37
3.4585,-0.6510,0.9618,-0.2899,-0.35,-33.60,-6.16
3.4591,-0.6559,0.9604,-0.2904,-0.42,-33.11,-6.02
3.4596,-0.6622,0.9609,-0.2879,-0.70,-33.53,-6.72
3.4601,-0.6647,0.9594,-0.2865,-0.98,-33.81,-6.44
3.4606,-0.6676,0.9594,-0.2869,-0.70,-33.04,-6.30
3.4611,-0.6710,0.9589,-0.2874,-1.19,-33.39,-6.44
3.4617,-0.6783,0.9584,-0.2889,-1.05,-33.39,-6.58
3.4623,-0.6817,0.9526,-0.2869,-1.19,-33.74,-6.37
3.4629,-0.6822,0.9487,-0.2879,-1.12,-33.11,-6.09
3.4635,-0.6861,0.9487,-0.2894,-1.54,-33.53,-6.16
3.4641,-0.6842,0.9477,-0.2869,-1.19,-33.11,-5.81
3.4647,-0.6827,0.9496,-0.2845,-1.61,-33.32,-5.88
3.4653,-0.6822,0.9482,-0.2830,-1.61,-33.18,-5.39
3.4660,-0.6827,0.9448,-0.2786,-2.03,-33.25,-5.60
3.4666,-0.6852,0.9433,-0.2743,-1.75,-32.83,-4.90
3.4672,-0.6871,0.9457,-0.2733,-1.89,-32.90,-5.32
3.4678,-0.6876,0.9448,-0.2689,-2.03,-32.62,-4.06
3.4684,-0.6891,0.9414,-0.2664,-1.82,-32.83,-4.90
3.4690,-0.6925,0.9404,-0.2664,-2.10,-32.34,-3.78
3.4696,-0.6925,0.9389,-0.2650,-1.96,-32.34,-3.92
3.4702,-0.6900,0.9384,-0.2645,-2.31,-32.27,-3.15
3.4708,-0.6944,0.9331,-0.2572,-2.24,-32.69,-3.64
3.4714,-0.6993,0.9350,-0.2533,-2.80,-31.71,-2.24
3.4720,-0.7013,0.9335,-0.2533,-2.38,-32.13,-2.59
3.4726,-0.7052,0.9277,-0.2513,-3.01,-31.29,-0.98
3.4732,-0.7047,0.9238,-0.2518,-2.94,-31.57,-1.54
3.4750,-0.7037,0.9228,-0.1264,-3.08,-31.08,-0.35
3.4767,-0.7052,0.9194,-0.2430,-3.15,-31.15,-0.63
3.4785,-0.7125,0.9126,-0.2425,-3.36,-30.80,1.05
3.4803,-0.7178,0.9067,-0.2445,-3.50,-30.80,0.14
3.4820,-0.7149,0.9033,-0.2425,-3.36,-30.45,1.89
3.4838,-0.7139,0.9033,-0.2411,-3.43,-30.31,1.40
3.4856,-0.7149,0.9004,-0.2416,-3.85,-30.24,2.94
3.4874,-0.7154,0.8984,-0.2435,-3.99,-29.82,2.52
3.4891,-0.7154,0.8960,-0.2416,-3.85,-29.75,3.99
3.4909,-0.7169,0.8960,-0.2391,-4.62,-29.82,3.99
3.4927,-0.7203,0.8911,-0.2338,-3.71,-29.40,4.76
3.4944,-0.7213,0.8838,-0.2362,-5.11,-28.98,5.25
3.4962,-0.7227,0.8862,-0.2386,-4.13,-28.70,6.16
3.4980,-0.7252,0.8857,-0.2347,-5.32,-28.77,6.65
3.4997,-0.7247,0.8804,-0.2338,-4.27,-28.35,7.14
3.5015,-0.7198,0.8760,-0.2308,-5.60,-28.42,8.05
3.5033,-0.7174,0.8750,-0.2298,-5.25,-27.44,8.40
3.5050,-0.7193,0.8750,-0.2313,-5.25,-27.79,9.59
3.5068,-0.7174,0.8769,-0.2328,-5.53,-27.37,9.03
3.5086,-0.7154,0.8740,-0.2342,-5.74,-27.37,11.20
3.5086,-0.7213,0.8721,-0.2338,-6.16,-26.60,10.50
3.5087,-0.7218,0.8721,-0.2303,-6.30,-27.09,12.04
3.5088,-0.7159,0.8667,-0.2284,-6.65,-26.39,12.25
3.5088,-0.7193,0.8672,-0.2298,-6.58,-25.90,13.51
3.5089,-0.7218,0.8682,-0.2289,-7.42,-25.90,13.58
3.5089,-0.7213,0.8667,-0.2274,-6.79,-25.62,14.70
3.5090,-0.7218,0.8647,-0.2274,-7.56,-25.48,14.91
3.5091,-0.7227,0.8657,-0.2284,-7.14,-25.06,15.61
3.5091,-0.7213,0.8667,-0.2284,-8.12,-24.85,16.73
3.5092,-0.7213,0.8652,-0.2274,-7.56,-24.99,17.01
3.5092,-0.7193,0.8657,-0.2245,-8.33,-24.71,17.71
3.5093,-0.7183,0.8657,-0.2245,-8.19,-24.08,18.48
3.5094,-0.7169,0.8623,-0.2274,-8.61,-24.08,19.53
3.5094,-0.7130,0.8594,-0.2240,-8.40,-23.31,19.60
3.5095,-0.7169,0.8618,-0.2186,-8.54,-23.45,21.07
3.5095,-0.7154,0.8633,-0.2181,-9.10,-23.10,20.93
3.5096,-0.7135,0.8633,-0.2167,-8.89,-22.96,22.26
3.5097,-0.7135,0.8589,-0.2181,-9.59,-22.82,22.33
3.5097,-0.7091,0.8555,-0.2191,-9.17,-22.75,23.59
3.5098,-0.7066,0.8594,-0.2186,-10.08,-21.91,24.15
3.5102,-0.7032,0.8584,-0.2172,-9.52,-22.54,24.71
3.5106,-0.7022,0.8545,-0.2191,-10.29,-21.42,25.62
3.5110,-0.7047,0.8564,-0.2206,-10.01,-21.91,26.39
3.5114,-0.7052,0.8560,-0.2157,-10.64,-21.00,27.16
3.5118,-0.7022,0.8540,-0.2142,-10.29,-21.14,27.86
3.5121,-0.7003,0.8520,-0.2113,-11.06,-20.86,28.42
3.5125,-0.6974,0.8477,-0.2123,-10.92,-20.72,29.68
3.5129,-0.6959,0.8433,-0.2133,-11.20,-20.37,29.61
3.5133,-0.6964,0.8374,-0.2079,-11.20,-20.23,31.01
3.5137,-0.6915,0.8364,-0.2074,-11.34,-20.37,31.36
3.5141,-0.6930,0.8408,-0.2089,-11.48,-19.74,32.55
3.5145,-0.6891,0.8496,-0.2113,-12.18,-19.60,32.76
3.5149,-0.6905,0.8491,-0.2108,-12.25,-19.60,34.30
3.5153,-0.6891,0.8452,-0.2074,-12.18,-18.76,35.98
3.5157,-0.6822,0.8398,-0.2074,-12.60,-18.90,36.47
3.5161,-0.6808,0.8389,-0.2123,-12.32,-18.55,37.59
3.5165,-0.6812,0.8442,-0.2123,-12.88,-18.34,37.59
3.5169,-0.6788,0.8496,-0.2089,-12.74,-18.20,38.99
3.5173,-0.6803,0.8530,-0.2074,-12.95,-17.71,39.62
3.5177,-0.6827,0.8501,-0.2103,-13.02,-17.43,40.67
3.5177,-0.6803,0.8481,-0.2103,-13.16,-17.78,41.02
3.5178,-0.6744,0.8486,-0.2074,-13.44,-17.36,41.79
3.5178,-0.6710,0.8481,-0.2050,-13.65,-17.22,42.63
3.5178,-0.6720,0.8496,-0.2040,-13.58,-16.80,42.77
3.5179,-0.6739,0.8486,-0.2025,-13.86,-17.01,44.03
3.5179,-0.6710,0.8516,-0.2045,-14.21,-16.45,44.03
3.5180,-0.6671,0.8550,-0.2064,-13.86,-16.80,44.94
3.5180,-0.6681,0.8530,-0.2079,-14.14,-16.52,44.94
3.5181,-0.6666,0.8540,-0.2094,-14.00,-16.45,46.06
3.5181,-0.6666,0.8530,-0.2069,-14.70,-15.82,46.06
3.5181,-0.6676,0.8525,-0.2103,-14.49,-16.17,46.83
3.5182,-0.6651,0.8589,-0.2133,-14.84,-16.03,46.76
3.5182,-0.6656,0.8642,-0.2152,-14.70,-15.68,47.74
3.5183,-0.6656,0.8633,-0.2167,-15.26,-15.54,47.39
3.5183,-0.6651,0.8638,-0.2133,-14.70,-15.47,48.58
3.5184,-0.6632,0.8638,-0.2142,-15.40,-15.05,48.44
3.5184,-0.6627,0.8603,-0.2157,-14.98,-15.33,49.42
3.5184,-0.6651,0.8603,-0.2162,-15.33,-15.12,48.93
3.5185,-0.6632,0.8564,-0.2162,-15.68,-14.91,49.98
3.5185,-0.6617,0.8574,-0.2167,-15.33,-14.98,49.70
3.5190,-0.6608,0.8599,-0.2181,-15.68,-15.05,49.91
3.5195,-0.6598,0.8569,-0.2206,-15.82,-14.70,50.40
3.5200,-0.6564,0.8545,-0.2240,-15.75,-14.63,50.47
3.5205,-0.6549,0.8560,-0.2235,-15.54,-14.84,50.82
3.5210,-0.6564,0.8564,-0.2264,-16.38,-13.93,50.96
3.5215,-0.6529,0.8530,-0.2274,-15.75,-14.35,51.52
3.5220,-0.6505,0.8535,-0.2245,-15.89,-14.14,50.89
3.5225,-0.6495,0.8569,-0.2235,-15.96,-14.21,51.94
3.5230,-0.6456,0.8564,-0.2225,-16.45,-14.00,51.24
3.5235,-0.6456,0.8555,-0.2211,-16.03,-14.07,52.08
3.5240,-0.6456,0.8545,-0.2225,-16.52,-14.28,51.31
3.5245,-0.6427,0.8516,-0.2259,-16.10,-13.58,52.29
3.5250,-0.6427,0.8520,-0.2259,-16.38,-14.21,51.94
3.5255,-0.6451,0.8535,-0.2284,-16.24,-13.58,52.22
3.5260,-0.6461,0.8516,-0.2259,-16.24,-13.44,52.22
3.5265,-0.6417,0.8506,-0.2225,-16.38,-13.44,52.01
3.5270,-0.6403,0.8530,-0.2186,-16.31,-13.93,52.36
3.5275,-0.6403,0.8545,-0.2201,-16.38,-13.44,51.59
3.5279,-0.6378,0.8525,-0.2269,-16.38,-13.37,52.43
3.5284,-0.6349,0.8520,-0.2255,-16.73,-13.44,51.73
3.5291,-0.6349,0.8496,-0.2240,-16.45,-13.37,52.64
3.5298,-0.6373,0.8462,-0.2259,-16.45,-13.58,51.38
3.5305,-0.6373,0.8481,-0.2206,-16.38,-13.30,52.29
3.5311,-0.6349,0.8447,-0.2147,-16.87,-13.02,50.96
3.5318,-0.6373,0.8398,-0.2176,-16.38,-13.30,52.22
3.5325,-0.6378,0.8408,-0.2220,-16.87,-13.09,50.40
3.5331,-0.6344,0.8413,-0.2196,-16.38,-13.30,51.45
3.5338,-0.6339,0.8389,-0.2216,-17.01,-13.02,50.33
3.5345,-0.6320,0.8364,-0.2206,-16.59,-12.88,51.10
3.5351,-0.6300,0.8340,-0.2157,-16.80,-12.67,50.33
3.5358,-0.6285,0.8345,-0.2123,-16.45,-12.39,50.82
3.5365,-0.6266,0.8330,-0.2137,-16.38,-13.37,49.42
3.5372,-0.6271,0.8306,-0.2108,-17.15,-13.23,49.07
3.5378,-0.6266,0.8316,-0.2108,-16.87,-12.88,48.65
3.5385,-0.6271,0.8296,-0.2147,-17.15,-12.81,48.51
3.5392,-0.6261,0.8272,-0.2147,-16.87,-13.23,47.60
3.5398,-0.6256,0.8267,-0.2142,-17.29,-12.74,48.16
3.5405,-0.6246,0.8301,-0.2152,-17.57,-13.37,46.69
3.5412,-0.6217,0.8252,-0.2152,-17.22,-12.95,47.32
3.5418,-0.6227,0.8218,-0.2157,-17.43,-13.51,45.78
3.5424,-0.6227,0.8213,-0.2181,-17.22,-12.74,46.83
3.5429,-0.6217,0.8164,-0.2176,-17.57,-13.65,44.94
3.5434,-0.6193,0.8130,-0.2162,-16.94,-12.81,46.20
3.5439,-0.6188,0.8135,-0.2176,-17.78,-13.16,44.17
3.5444,-0.6207,0.8115,-0.2157,-17.01,-12.53,45.01
3.5449,-0.6188,0.8052,-0.2103,-17.85,-13.51,43.68
3.5454,-0.6188,0.8003,-0.2069,-17.08,-13.09,43.96
3.5460,-0.6173,0.8013,-0.2079,-17.92,-13.86,42.98
3.5465,-0.6173,0.8067,-0.2089,-17.29,-12.88,43.33
3.5470,-0.6173,0.8057,-0.2059,-17.78,-13.09,42.35
3.5475,-0.6154,0.8013,-0.2040,-17.43,-13.37,42.00
3.5480,-0.6085,0.7940,-0.2054,-17.78,-13.23,41.93
3.5485,-0.6056,0.7925,-0.2069,-17.78,-13.58,41.23
3.5490,-0.6051,0.7920,-0.2050,-17.36,-13.16,40.88
3.5495,-0.6002,0.7871,-0.2015,-18.27,-13.09,40.39
3.5501,-0.6027,0.7886,-0.2015,-17.43,-13.44,40.25
3.5506,-0.6032,0.7896,-0.2069,-18.34,-13.51,39.13
3.5511,-0.6002,0.7906,-0.2035,-17.57,-13.72,38.99
3.5516,-0.6017,0.7901,-0.1962,-18.13,-13.72,38.01
3.5521,-0.5993,0.7852,-0.1967,-18.20,-13.86,38.71
3.5526,-0.5924,0.7823,-0.2001,-18.13,-13.65,36.89
3.5532,-0.5895,0.7818,-0.1996,-17.99,-13.86,37.24
3.5537,-0.5905,0.7852,-0.1957,-18.76,-13.51,36.05
3.5542,-0.5910,0.7852,-0.1962,-18.06,-13.86,35.84
3.5547,-0.5905,0.7837,-0.1991,-18.69,-13.72,35.21
3.5552,-0.5915,0.7871,-0.2030,-18.06,-14.14,34.30
3.5558,-0.5905,0.7852,-0.1991,-18.62,-13.93,33.60
3.5563,-0.5905,0.7813,-0.1928,-18.27,-14.35,33.25
3.5568,-0.5895,0.7828,-0.1947,-18.34,-14.07,32.83
3.5573,-0.5895,0.7818,-0.1962,-18.34,-14.28,31.85
3.5578,-0.5910,0.7798,-0.2015,-18.76,-14.14,31.50
3.5584,-0.5910,0.7793,-0.2045,-18.83,-14.35,30.73
3.5589,-0.5900,0.7779,-0.1986,-18.55,-14.49,30.38
3.5594,-0.5871,0.7749,-0.2006,-18.69,-14.63,29.26
3.5599,-0.5885,0.7686,-0.2025,-18.69,-14.49,29.40
3.5605,-0.5905,0.7676,-0.1962,-18.69,-14.49,28.21
3.5610,-0.5900,0.7662,-0.1932,-18.62,-14.63,28.14
3.5615,-0.5910,0.7603,-0.1947,-18.97,-14.70,27.09
3.5620,-0.5915,0.7603,-0.1932,-18.69,-15.12,26.67
3.5625,-0.5905,0.7618,-0.1918,-19.11,-14.56,25.97
3.5631,-0.5876,0.7584,-0.1893,-18.83,-15.33,25.48
3.5637,-0.5861,0.7579,-0.1854,-19.11,-15.19,24.64
3.5643,-0.5885,0.7569,-0.1874,-18.97,-15.12,24.29
3.5649,-0.5934,0.7559,-0.1903,-19.32,-14.63,23.59
3.5654,-0.5885,0.7579,-0.1884,-18.97,-15.12,22.75
3.5660,-0.5939,0.7588,-0.1874,-19.11,-15.54,21.49
3.5666,-0.5910,0.7554,-0.1850,-19.46,-15.33,21.07
3.5672,-0.5910,0.7496,-0.1869,-19.67,-15.47,20.65
3.5677,-0.5944,0.7481,-0.1854,-19.11,-14.98,19.74
3.5683,-0.5880,0.7471,-0.1786,-19.60,-15.26,19.18
3.5689,-0.5861,0.7481,-0.1815,-19.39,-14.70,18.76
3.5695,-0.5876,0.7510,-0.1850,-19.67,-15.26,18.20
3.5701,-0.5885,0.7505,-0.1820,-19.32,-15.12,17.57
3.5706,-0.5871,0.7501,-0.1786,-19.39,-15.19,16.94
3.5712,-0.5836,0.7520,-0.1791,-19.32,-15.40,16.10
3.5718,-0.5851,0.7515,-0.1801,-19.74,-15.05,15.96
3.5724,-0.5876,0.7486,-0.1771,-19.39,-15.61,15.12
3.5730,-0.5876,0.7481,-0.1742,-19.39,-15.40,14.49
3.5735,-0.5890,0.7496,-0.1781,-19.74,-15.40,14.00
3.5741,-0.5876,0.7496,-0.1801,-19.39,-15.47,13.23
3.5758,-0.5871,0.7491,-0.1747,-19.46,-15.19,13.02
3.5775,-0.5885,0.7462,-0.1728,-19.25,-15.68,12.25
3.5792,-0.5910,0.7442,-0.1742,-19.81,-15.05,12.04
3.5809,-0.5905,0.7466,-0.1742,-19.32,-15.61,10.99
3.5827,-0.5890,0.7427,-0.1708,-19.39,-15.12,11.27
3.5844,-0.5880,0.7388,-0.1737,-19.60,-15.96,9.80
3.5861,-0.5885,0.7418,-0.1723,-19.67,-15.12,10.08
3.5878,-0.5871,0.7447,-0.1693,-19.53,-15.61,8.96
3.5895,-0.5880,0.7413,-0.1718,-19.67,-14.91,8.89
3.5912,-0.5890,0.7383,-0.1708,-19.67,-16.03,7.98
3.5929,-0.5866,0.7408,-0.1684,-19.39,-15.54,7.70
3.5946,-0.5890,0.7403,-0.1674,-19.74,-15.54,7.14
3.5963,-0.5880,0.7374,-0.1693,-19.53,-15.33,6.72
3.5980,-0.5851,0.7369,-0.1654,-19.39,-15.26,6.72
3.5997,-0.5876,0.7379,-0.1606,-19.25,-15.33,5.74
3.6014,-0.5880,0.7388,-0.1645,-19.53,-15.19,5.39
3.6031,-0.5846,0.7432,-0.1698,-19.18,-15.19,4.76
3.6048,-0.5802,0.7476,-0.1669,-19.67,-15.12,4.06
3.6065,-0.5856,0.7471,-0.1659,-19.25,-15.26,3.99
3.6083,-0.5919,0.7476,-0.1659,-19.18,-15.54,3.57
3.6083,-0.5890,0.7471,-0.1620,-19.04,-15.40,3.01
3.6084,-0.5895,0.7452,-0.1654,-19.39,-14.98,2.45
3.6084,-0.5929,0.7481,-0.1679,-18.62,-15.47,2.10
3.6085,-0.5983,0.7486,-0.1684,-18.90,-14.63,1.89
3.6086,-0.6007,0.7462,-0.1728,-18.76,-15.26,1.47
3.6086,-0.5973,0.7501,-0.1718,-18.97,-14.42,0.70
3.6087,-0.5978,0.7540,-0.1747,-18.48,-15.47,0.35
3.6087,-0.6017,0.7535,-0.1791,-18.55,-14.91,0.00
3.6088,-0.5978,0.7554,-0.1757,-18.62,-15.05,-0.21
3.6089,-0.5988,0.7603,-0.1762,-18.27,-14.98,-1.33
3.6089,-0.5983,0.7618,-0.1796,-18.83,-15.05,-1.33
3.6090,-0.5919,0.7671,-0.1825,-18.06,-14.70,-1.75
3.6090,-0.5866,0.7725,-0.1845,-18.20,-15.12,-2.31
3.6091,-0.5851,0.7715,-0.1859,-17.71,-14.70,-2.38
3.6091,-0.5861,0.7730,-0.1874,-17.92,-14.98,-3.36
3.6092,-0.5836,0.7745,-0.1879,-17.57,-14.77,-3.50
3.6093,-0.5822,0.7788,-0.1884,-17.78,-14.84,-4.48
3.6093,-0.5822,0.7818,-0.1908,-17.36,-15.19,-4.06
3.6094,-0.5817,0.7813,-0.1942,-17.08,-14.84,-5.46
3.6094,-0.5817,0.7876,-0.1937,-17.08,-15.26,-4.83
3.6099,-0.5817,0.7920,-0.1981,-16.59,-14.70,-5.95
3.6104,-0.5768,0.7915,-0.2050,-16.94,-15.33,-5.95
3.6109,-0.5778,0.7950,-0.2074,-16.80,-15.26,-6.58
3.6113,-0.5778,0.7993,-0.2059,-16.03,-14.98,-8.12
3.6118,-0.5773,0.8018,-0.2059,-16.10,-15.26,-7.63
3.6123,-0.5729,0.7984,-0.2059,-15.54,-14.91,-8.54
3.6128,-0.5695,0.7984,-0.2103,-15.75,-15.47,-8.33
3.6132,-0.5734,0.8018,-0.2128,-15.33,-15.40,-9.31
3.6137,-0.5739,0.8023,-0.2094,-15.33,-15.33,-9.45
3.6142,-0.5705,0.8003,-0.2118,-14.98,-15.33,-9.66
3.6147,-0.5705,0.7964,-0.2157,-14.84,-15.40,-10.43
3.6151,-0.5700,0.7940,-0.2167,-14.70,-15.54,-10.15
3.6156,-0.5656,0.7959,-0.2142,-14.00,-15.54,-11.13
3.6161,-0.5666,0.7959,-0.2162,-14.42,-15.40,-10.50
3.6166,-0.5700,0.7945,-0.2181,-13.93,-15.89,-11.83
3.6170,-0.5690,0.7906,-0.2133,-14.14,-15.75,-10.78
3.6175,-0.5651,0.7857,-0.2113,-13.65,-15.61,-12.11
3.6180,-0.5651,0.7842,-0.2113,-13.51,-16.17,-11.62
3.6185,-0.5685,0.7842,-0.2152,-13.37,-16.10,-12.46
3.6189,-0.5685,0.7832,-0.2216,-13.02,-15.68,-11.83
3.6195,-0.5690,0.7764,-0.2172,-13.23,-16.45,-12.95
3.6201,-0.5719,0.7759,-0.2191,-13.16,-16.24,-13.09
3.6206,-0.5680,0.7720,-0.2211,-12.25,-16.03,-12.32
3.6212,-0.5641,0.7666,-0.2211,-12.53,-16.03,-12.67
3.6218,-0.5675,0.7632,-0.2220,-12.18,-16.10,-13.23
3.6223,-0.5675,0.7662,-0.2230,-12.46,-16.24,-12.53
3.6229,-0.5646,0.7662,-0.2172,-12.11,-15.96,-13.51
3.6235,-0.5636,0.7598,-0.2196,-11.48,-16.59,-11.90
3.6241,-0.5617,0.7544,-0.2240,-11.97,-16.03,-13.44
3.6246,-0.5627,0.7535,-0.2225,-11.97,-16.94,-11.69
3.6252,-0.5622,0.7544,-0.2230,-11.06,-15.54,-13.37
3.6258,-0.5592,0.7525,-0.2230,-12.18,-17.15,-11.55
3.6263,-0.5592,0.7515,-0.2235,-11.13,-15.05,-13.09
3.6269,-0.5612,0.7481,-0.2259,-11.69,-17.57,-11.27
3.6275,-0.5602,0.7432,-0.2274,-10.85,-15.40,-12.11
3.6280,-0.5592,0.7437,-0.2220,-11.20,-16.80,-11.27
3.6286,-0.5583,0.7476,-0.2201,-10.64,-15.68,-11.83
3.6292,-0.5583,0.7486,-0.2235,-11.34,-16.52,-10.78
3.6297,-0.5588,0.7432,-0.2274,-10.92,-15.89,-11.34
3.6303,-0.5622,0.7418,-0.2303,-10.50,-16.59,-10.78
3.6309,-0.5607,0.7418,-0.2264,-11.34,-16.24,-10.64
3.6316,-0.5583,0.7398,-0.2255,-10.22,-16.38,-10.50
3.6322,-0.5622,0.7393,-0.2274,-11.27,-15.96,-10.29
3.6329,-0.5641,0.7393,-0.2279,-9.73,-16.38,-10.15
3.6335,-0.5641,0.7374,-0.2289,-10.92,-16.17,-9.24
3.6341,-0.5641,0.7354,-0.2269,-10.29,-16.24,-10.01
3.6348,-0.5661,0.7359,-0.2274,-10.71,-16.17,-8.68
3.6354,-0.5646,0.7335,-0.2289,-10.08,-15.68,-9.66
3.6361,-0.5612,0.7320,-0.2284,-10.36,-16.03,-8.33
3.6367,-0.5627,0.7305,-0.2279,-10.71,-16.03,-9.24
3.6373,-0.5666,0.7291,-0.2323,-10.08,-16.03,-8.05
3.6380,-0.5661,0.7300,-0.2391,-10.85,-15.96,-8.75
3.6386,-0.5675,0.7300,-0.2411,-9.59,-15.61,-7.49
3.6393,-0.5690,0.7291,-0.2381,-11.06,-15.68,-8.19
3.6399,-0.5685,0.7296,-0.2416,-8.96,-16.03,-7.07
3.6406,-0.5695,0.7300,-0.2406,-11.27,-15.12,-7.21
3.6412,-0.5656,0.7281,-0.2401,-9.10,-15.89,-7.00
3.6418,-0.5641,0.7286,-0.2445,-10.71,-15.26,-6.86
3.6425,-0.5685,0.7266,-0.2464,-9.45,-16.17,-6.58
3.6431,-0.5671,0.7276,-0.2474,-10.36,-14.63,-6.02
3.6436,-0.5666,0.7330,-0.2445,-10.01,-15.96,-6.72
3.6442,-0.5680,0.7330,-0.2450,-9.66,-15.12,-5.74
3.6447,-0.5656,0.7330,-0.2499,-10.43,-15.68,-5.95
3.6452,-0.5632,0.7359,-0.2538,-9.59,-14.70,-5.11
3.6458,-0.5602,0.7388,-0.2513,-10.43,-15.54,-6.02
3.6463,-0.5583,0.7388,-0.2513,-9.10,-14.56,-4.90
3.6468,-0.5573,0.7388,-0.2552,-10.43,-15.12,-5.46
3.6474,-0.5597,0.7413,-0.2562,-9.03,-15.12,-4.48
3.6479,-0.5602,0.7388,-0.2542,-10.64,-14.77,-5.04
3.6484,-0.5592,0.7393,-0.2557,-8.82,-15.12,-4.55
3.6489,-0.5588,0.7418,-0.2611,-10.15,-14.35,-4.83
3.6495,-0.5588,0.7413,-0.2645,-9.03,-15.54,-4.06
3.6500,-0.5597,0.7432,-0.2684,-9.52,-14.14,-4.48
3.6505,-0.5563,0.7466,-0.2679,-9.24,-15.05,-3.57
3.6511,-0.5563,0.7505,-0.2674,-9.66,-13.65,-4.55
3.6516,-0.5558,0.7530,-0.2704,-9.38,-14.98,-3.71
3.6521,-0.5534,0.7540,-0.2728,-8.82,-13.51,-3.85
3.6527,-0.5627,0.7598,-0.2743,-8.26,-13.51,-3.50
3.6532,-0.5636,0.7593,-0.2713,-9.24,-14.70,-3.43
3.6537,-0.5578,0.7642,-0.2718,-8.26,-13.65,-3.15
3.6542,-0.5549,0.7681,-0.2728,-8.89,-14.70,-3.92
3.6547,-0.5592,0.7681,-0.2738,-7.84,-13.51,-2.66
3.6552,-0.5612,0.7691,-0.2791,-8.47,-14.21,-3.71
3.6557,-0.5612,0.7720,-0.2845,-8.12,-13.93,-2.80
3.6562,-0.5646,0.7749,-0.2840,-7.91,-14.14,-4.13
3.6567,-0.5622,0.7754,-0.2850,-7.70,-13.65,-2.38
3.6572,-0.5607,0.7779,-0.2908,-7.63,-13.72,-3.85
3.6577,-0.5627,0.7828,-0.2967,-7.42,-13.72,-2.73
3.6583,-0.5622,0.7876,-0.2962,-7.35,-13.44,-3.78
3.6588,-0.5622,0.7910,-0.2972,-6.86,-13.37,-3.29
3.6593,-0.5632,0.7910,-0.3006,-7.07,-13.86,-3.71
3.6598,-0.5607,0.7920,-0.3030,-6.58,-12.95,-3.85
3.6603,-0.5573,0.7979,-0.3016,-6.58,-13.37,-3.71
3.6608,-0.5602,0.8028,-0.2972,-5.74,-13.30,-3.99
3.6613,-0.5641,0.8052,-0.3026,-6.86,-13.72,-3.92
3.6618,-0.5636,0.8091,-0.3123,-5.18,-12.95,-4.34
3.6623,-0.5617,0.8130,-0.3065,-6.30,-13.72,-4.62
3.6628,-0.5675,0.8159,-0.3065,-5.18,-13.30,-4.83
3.6633,-0.5651,0.8174,-0.3084,-4.76,-12.60,-4.83
3.6638,-0.5641,0.8194,-0.3104,-4.48,-12.81,-5.11
3.6643,-0.5666,0.8203,-0.3133,-4.13,-12.95,-5.60
3.6649,-0.5646,0.8228,-0.3157,-3.71,-12.46,-5.74
3.6655,-0.5602,0.8291,-0.3167,-3.71,-13.37,-6.23
3.6660,-0.5602,0.8316,-0.3231,-3.50,-11.69,-6.02
3.6666,-0.5651,0.8325,-0.3250,-3.08,-13.16,-6.65
3.6672,-0.5636,0.8316,-0.3274,-2.59,-11.90,-6.79
3.6677,-0.5641,0.8345,-0.3299,-2.52,-13.16,-7.28
3.6683,-0.5651,0.8394,-0.3299,-2.03,-11.83,-7.63
3.6688,-0.5617,0.8418,-0.3323,-1.96,-13.23,-7.84
3.6694,-0.5617,0.8428,-0.3314,-1.12,-12.18,-8.33
3.6700,-0.5602,0.8452,-0.3304,-1.54,-13.02,-8.75
3.6705,-0.5583,0.8511,-0.3333,-0.77,-11.83,-9.24
3.6711,-0.5583,0.8599,-0.3372,-0.84,-12.60,-9.66
3.6716,-0.5588,0.8623,-0.3367,0.14,-12.18,-10.08
3.6722,-0.5549,0.8599,-0.3392,0.00,-12.88,-10.57
3.6728,-0.5529,0.8638,-0.3445,0.91,-11.97,-10.71
3.6733,-0.5539,0.8677,-0.3475,0.56,-12.67,-12.04
3.6739,-0.5549,0.8730,-0.3499,1.68,-11.97,-11.34
3.6744,-0.5544,0.8804,-0.3494,1.75,-12.32,-12.88
3.6750,-0.5514,0.8833,-0.3499,1.96,-11.83,-12.32
3.6767,-0.5529,0.8857,-0.3558,2.45,-12.39,-14.14
3.6783,-0.5578,0.8906,-0.3548,3.15,-12.25,-13.58
3.6800,-0.5602,0.8916,-0.3479,3.36,-11.76,-14.21
3.6816,-0.5612,0.8935,-0.3518,3.78,-12.11,-14.98
3.6833,-0.5607,0.8960,-0.3636,4.20,-11.83,-15.68
3.6849,-0.5617,0.8955,-0.3645,4.27,-12.18,-15.75
3.6866,-0.5627,0.8999,-0.3577,5.25,-11.41,-16.45
3.6883,-0.5632,0.9023,-0.3558,4.97,-12.18,-17.01
3.6899,-0.5646,0.9028,-0.3582,6.23,-11.55,-17.29
3.6916,-0.5671,0.9057,-0.3645,6.02,-11.83,-17.71
3.6932,-0.5700,0.9067,-0.3684,6.79,-11.55,-18.41
3.6949,-0.5724,0.9121,-0.3699,6.86,-11.83,-18.90
3.6965,-0.5714,0.9165,-0.3709,7.98,-11.90,-19.53
3.6982,-0.5729,0.9155,-0.3675,8.12,-11.06,-20.23
3.6998,-0.5778,0.9135,-0.3626,8.54,-11.69,-20.37
3.7015,-0.5802,0.9135,-0.3587,9.10,-11.34,-21.63
3.7032,-0.5788,0.9150,-0.3636,9.59,-11.34,-21.00
3.7048,-0.5783,0.9218,-0.3680,10.15,-10.78,-22.40
3.7065,-0.5793,0.9243,-0.3699,10.50,-10.99,-22.05
3.7081,-0.5802,0.9267,-0.3738,11.20,-10.99,-23.52
3.7082,-0.5807,0.9311,-0.3733,11.34,-11.06,-23.10
3.7082,-0.5841,0.9321,-0.3738,11.90,-10.99,-24.36
3.7083,-0.5861,0.9355,-0.3767,12.46,-10.85,-23.94
3.7084,-0.5866,0.9365,-0.3772,13.02,-10.85,-25.41
3.7084,-0.5890,0.9394,-0.3758,13.37,-10.71,-24.99
3.7085,-0.5915,0.9414,-0.3787,14.00,-10.29,-26.25
3.7085,-0.5968,0.9379,-0.3845,14.35,-10.08,-25.97
3.7086,-0.5968,0.9394,-0.3850,14.77,-10.64,-27.23
3.7087,-0.5939,0.9414,-0.3850,15.75,-10.22,-26.95
3.7087,-0.5939,0.9418,-0.3860,15.68,-10.36,-27.86
3.7088,-0.5968,0.9443,-0.3860,16.45,-9.80,-28.00
3.7088,-0.5958,0.9448,-0.3845,16.94,-10.22,-29.05
3.7089,-0.5954,0.9448,-0.3850,17.71,-9.59,-29.05
3.7090,-0.5944,0.9457,-0.3909,17.85,-9.52,-29.12
3.7090,-0.5900,0.9462,-0.3914,18.69,-9.31,-30.17
3.7091,-0.5919,0.9487,-0.3909,18.90,-9.87,-29.75
3.7091,-0.5963,0.9487,-0.3953,19.32,-8.96,-30.87
3.7092,-0.5968,0.9506,-0.3948,20.02,-9.59,-30.59
3.7092,-0.5963,0.9555,-0.3963,20.65,-9.38,-31.85
3.7093,-0.5954,0.9565,-0.3982,20.79,-9.24,-31.50
3.7094,-0.5983,0.9623,-0.4021,21.42,-8.75,-32.27
3.7094,-0.6022,0.9662,-0.4011,21.98,-8.82,-32.20
3.7095,-0.6022,0.9667,-0.4006,22.61,-8.68,-32.83
3.7095,-0.6027,0.9648,-0.4075,23.24,-8.82,-33.39
3.7096,-0.6037,0.9667,-0.4070,23.17,-8.54,-33.18
3.7096,-0.6061,0.9726,-0.4046,24.29,-8.61,-33.67
3.7097,-0.6041,0.9750,-0.4060,24.15,-8.19,-33.60
3.7097,-0.6071,0.9765,-0.4070,25.27,-8.33,-34.37
3.7098,-0.6115,0.9765,-0.4114,25.27,-8.12,-34.23
3.7098,-0.6110,0.9760,-0.4143,26.04,-7.98,-34.86
3.7099,-0.6120,0.9823,-0.4172,26.88,-7.91,-34.51
3.7099,-0.6124,0.9877,-0.4168,27.72,-7.49,-34.65
3.7100,-0.6149,0.9862,-0.4143,28.14,-7.77,-35.91
3.7100,-0.6188,0.9872,-0.4148,28.84,-7.28,-35.28
3.7101,-0.6193,0.9936,-0.4192,28.84,-7.56,-36.05
3.7101,-0.6217,0.9945,-0.4231,30.03,-7.00,-35.56
3.7102,-0.6222,0.9926,-0.4246,29.61,-7.14,-36.19
3.7103,-0.6217,0.9916,-0.4211,30.80,-7.21,-36.05
3.7103,-0.6227,0.9941,-0.4182,30.59,-7.21,-36.54
3.7104,-0.6246,0.9970,-0.4236,31.92,-6.51,-35.77
3.7109,-0.6251,0.9960,-0.4280,31.64,-7.00,-36.75
3.7114,-0.6271,0.9950,-0.4250,33.18,-6.79,-36.19
3.7119,-0.6276,0.9970,-0.4241,32.76,-6.51,-36.33
3.7124,-0.6271,0.9984,-0.4260,33.74,-6.23,-36.26
3.7129,-0.6251,1.0004,-0.4294,33.81,-6.16,-36.47
3.7134,-0.6227,0.9999,-0.4333,34.58,-6.02,-36.05
3.7139,-0.6276,1.0014,-0.4309,35.14,-6.09,-36.33
3.7144,-0.6256,1.0038,-0.4309,35.56,-5.88,-35.91
3.7149,-0.6183,1.0072,-0.4377,36.26,-5.81,-36.05
3.7153,-0.6217,1.0038,-0.4397,37.10,-6.16,-35.98
3.7158,-0.6242,1.0038,-0.4397,37.31,-5.46,-35.84
3.7163,-0.6261,1.0053,-0.4377,38.01,-5.81,-35.70
3.7168,-0.6207,1.0063,-0.4416,38.29,-4.90,-35.21
3.7173,-0.6202,1.0038,-0.4441,38.92,-5.67,-35.07
3.7178,-0.6217,1.0004,-0.4436,39.27,-5.25,-35.14
3.7183,-0.6222,1.0024,-0.4455,39.41,-4.90,-34.30
3.7188,-0.6246,0.9994,-0.4494,39.97,-5.04,-34.79
3.7193,-0.6251,0.9965,-0.4534,40.60,-5.39,-34.23
3.7198,-0.6246,0.9984,-0.4538,40.53,-4.97,-34.16
3.7203,-0.6242,0.9960,-0.4524,41.65,-4.90,-33.74
3.7209,-0.6227,0.9960,-0.4480,41.44,-4.97,-33.74
3.7215,-0.6281,0.9955,-0.4475,42.21,-4.83,-33.60
3.7220,-0.6334,0.9931,-0.4480,42.28,-4.48,-33.04
3.7226,-0.6334,0.9931,-0.4519,42.84,-4.13,-32.83
3.7231,-0.6339,0.9902,-0.4548,42.98,-4.55,-32.13
3.7237,-0.6339,0.9858,-0.4529,43.68,-4.06,-32.34
3.7242,-0.6344,0.9809,-0.4573,43.82,-4.69,-31.64
3.7248,-0.6349,0.9809,-0.4616,44.17,-3.57,-31.92
3.7253,-0.6329,0.9828,-0.4607,44.73,-4.69,-31.15
3.7259,-0.6315,0.9819,-0.4577,44.45,-3.43,-30.80
3.7264,-0.6320,0.9784,-0.4577,45.08,-4.55,-30.87
3.7270,-0.6344,0.9745,-0.4563,45.36,-3.64,-29.96
3.7276,-0.6368,0.9731,-0.4558,45.78,-4.06,-30.17
3.7281,-0.6320,0.9682,-0.4553,46.06,-3.50,-29.54
3.7287,-0.6334,0.9648,-0.4543,46.13,-3.71,-29.19
3.7292,-0.6339,0.9638,-0.4558,46.34,-3.78,-28.70
3.7298,-0.6300,0.9609,-0.4568,46.55,-3.22,-28.28
3.7303,-0.6315,0.9594,-0.4582,46.76,-3.78,-28.00
3.7309,-0.6339,0.9594,-0.4582,47.18,-3.08,-27.16
3.7314,-0.6359,0.9570,-0.4553,47.04,-3.64,-27.23
3.7321,-0.6334,0.9570,-0.4543,47.60,-2.73,-26.60
3.7327,-0.6324,0.9521,-0.4538,47.60,-3.85,-26.60
3.7333,-0.6359,0.9496,-0.4519,47.60,-2.80,-25.83
3.7339,-0.6349,0.9526,-0.4514,48.02,-3.43,-25.69
3.7345,-0.6339,0.9477,-0.4538,47.88,-2.80,-25.27
3.7352,-0.6344,0.9418,-0.4543,48.23,-3.15,-24.57
3.7358,-0.6344,0.9414,-0.4519,48.16,-3.15,-24.71
3.7364,-0.6320,0.9404,-0.4514,48.37,-2.38,-23.66
3.7370,-0.6281,0.9365,-0.4494,48.09,-2.87,-23.66
3.7376,-0.6290,0.9350,-0.4490,48.65,-2.24,-22.96
3.7382,-0.6310,0.9335,-0.4504,48.44,-3.01,-23.31
3.7389,-0.6300,0.9326,-0.4538,48.51,-2.59,-22.26
3.7395,-0.6290,0.9272,-0.4534,48.51,-2.52,-21.98
3.7401,-0.6305,0.9243,-0.4490,48.65,-2.38,-21.28
3.7407,-0.6373,0.9238,-0.4441,48.37,-2.80,-21.56
3.7413,-0.6412,0.9199,-0.4460,48.58,-2.31,-20.51
3.7420,-0.6349,0.9174,-0.4480,48.23,-2.03,-20.30
3.7426,-0.6334,0.9150,-0.4460,48.72,-2.03,-19.95
3.7432,-0.6378,0.9145,-0.4480,48.44,-2.17,-19.60
3.7438,-0.6393,0.9111,-0.4475,48.23,-2.03,-19.11
3.7444,-0.6364,0.9043,-0.4460,48.65,-1.89,-18.83
3.7449,-0.6349,0.9048,-0.4426,47.95,-2.24,-18.34
3.7454,-0.6383,0.9062,-0.4441,48.44,-1.82,-17.64
3.7460,-0.6354,0.8994,-0.4485,48.09,-2.17,-17.78
3.7465,-0.6300,0.8945,-0.4431,48.37,-1.40,-16.87
3.7470,-0.6271,0.8843,-0.4499,47.74,-1.89,-17.01
3.7476,-0.6251,0.8828,-0.4470,47.46,-1.75,-16.17
3.7481,-0.6242,0.8818,-0.4451,47.60,-1.40,-15.33
3.7487,-0.6222,0.8755,-0.4421,47.39,-1.75,-15.47
3.7492,-0.6207,0.8779,-0.4431,46.97,-1.54,-14.63
3.7497,-0.6237,0.8750,-0.4446,46.76,-1.33,-15.05
3.7503,-0.6237,0.8662,-0.4397,46.76,-1.12,-13.72
3.7508,-0.6183,0.8652,-0.4387,46.83,-0.84,-13.58
3.7513,-0.6144,0.8584,-0.4382,46.13,-1.47,-13.51
3.7519,-0.6149,0.8569,-0.4368,46.13,-0.70,-12.95
3.7524,-0.6154,0.8589,-0.4377,45.78,-1.54,-13.09
3.7530,-0.6159,0.8535,-0.4416,45.71,-0.77,-12.32
3.7535,-0.6149,0.8535,-0.4397,44.94,-1.40,-12.67
3.7540,-0.6120,0.8520,-0.4348,45.36,-0.56,-11.55
3.7546,-0.6144,0.8472,-0.4324,44.45,-0.91,-12.39
3.7555,-0.6178,0.8442,-0.4304,44.66,-0.42,-11.20
3.7565,-0.6163,0.8428,-0.4290,43.82,-1.26,-11.90
3.7574,-0.6163,0.8374,-0.4314,44.10,-0.28,-10.57
3.7584,-0.6222,0.8262,-0.4265,42.63,-0.77,-11.55
3.7593,-0.6198,0.8223,-0.4255,42.42,-0.28,-10.78
3.7603,-0.6154,0.8184,-0.4221,42.63,-0.21,-10.22
3.7612,-0.6159,0.8135,-0.4246,41.44,-0.49,-10.43
3.7622,-0.6149,0.8106,-0.4211,41.86,-0.49,-10.15
3.7631,-0.6154,0.8057,-0.4168,40.67,0.14,-9.87
3.7641,-0.6159,0.8008,-0.4197,40.74,-0.21,-9.87
3.7650,-0.6159,0.7964,-0.4163,40.39,-0.14,-9.94
3.7660,-0.6188,0.7915,-0.4124,39.69,-0.14,-9.38
3.7669,-0.6149,0.7891,-0.4085,39.34,0.21,-9.66
3.7679,-0.6105,0.7862,-0.4031,38.57,-0.21,-9.59
3.7688,-0.6129,0.7803,-0.4094,38.71,0.70,-9.24
3.7698,-0.6139,0.7754,-0.4085,37.38,0.28,-9.31
3.7707,-0.6100,0.7725,-0.4050,37.73,0.42,-9.03
3.7717,-0.6090,0.7676,-0.4065,36.40,0.63,-9.17
3.7726,-0.6032,0.7623,-0.4065,36.61,0.49,-9.31
3.7736,-0.6002,0.7554,-0.4041,35.42,0.56,-8.96
3.7737,-0.6037,0.7510,-0.4002,35.42,0.42,-9.24
3.7738,-0.5993,0.7510,-0.3987,34.58,1.12,-9.03
3.7739,-0.5968,0.7471,-0.3982,34.44,0.91,-8.82
3.7740,-0.5993,0.7418,-0.3967,33.46,1.19,-9.03
3.7741,-0.5968,0.7379,-0.3938,33.18,1.40,-8.61
3.7742,-0.5939,0.7330,-0.3943,32.13,1.12,-9.52
3.7743,-0.5939,0.7286,-0.3933,32.20,1.54,-8.26
3.7744,-0.5924,0.7232,-0.3977,31.15,1.40,-9.24
3.7745,-0.5929,0.7218,-0.4016,30.59,1.47,-8.75
3.7746,-0.5924,0.7183,-0.3967,29.96,1.54,-9.52
3.7747,-0.5905,0.7149,-0.3938,29.40,1.82,-8.68
3.7748,-0.5885,0.7144,-0.3933,28.56,1.68,-9.03
3.7749,-0.5856,0.7076,-0.3933,28.07,1.40,-9.38
3.7750,-0.5832,0.7032,-0.3938,27.23,1.89,-9.52
3.7751,-0.5832,0.7032,-0.3928,26.81,1.68,-9.73
3.7752,-0.5797,0.7013,-0.3953,25.90,2.03,-9.59
3.7753,-0.5773,0.6993,-0.3958,25.62,1.68,-10.01
3.7754,-0.5802,0.6969,-0.3899,24.85,2.31,-9.45
3.7755,-0.5763,0.6910,-0.3909,24.08,1.68,-10.43
3.7756,-0.5739,0.6920,-0.3948,23.94,2.03,-10.22
3.7772,-0.5700,0.6920,-0.3924,22.75,2.31,-10.36
3.7788,-0.5705,0.6891,-0.3904,22.26,2.17,-10.36
3.7804,-0.5719,0.6891,-0.3894,21.56,2.94,-10.50
3.7820,-0.5671,0.6856,-0.3889,20.86,2.52,-11.06
3.7835,-0.5627,0.6847,-0.3948,20.09,3.08,-10.92
3.7851,-0.5612,0.6793,-0.3933,19.81,1.75,-11.76
3.7867,-0.5607,0.6734,-0.3884,18.83,3.01,-11.34
3.7883,-0.5592,0.6759,-0.3880,18.41,2.59,-12.11
3.7899,-0.5588,0.6739,-0.3899,17.57,2.94,-11.76
3.7914,-0.5563,0.6734,-0.3899,16.87,2.45,-12.53
3.7930,-0.5568,0.6759,-0.3870,16.31,3.22,-12.60
3.7946,-0.5558,0.6720,-0.3855,15.61,2.52,-13.23
3.7962,-0.5514,0.6690,-0.3850,15.05,3.50,-12.95
3.7978,-0.5529,0.6681,-0.3841,14.14,2.73,-14.00
3.7994,-0.5524,0.6676,-0.3831,13.86,3.57,-13.65
3.8009,-0.5519,0.6681,-0.3845,12.53,3.22,-14.56
3.8025,-0.5524,0.6666,-0.3870,12.46,3.43,-14.63
3.8041,-0.5485,0.6681,-0.3845,11.69,3.36,-15.05
3.8057,-0.5480,0.6661,-0.3821,10.99,3.43,-15.12
3.8073,-0.5514,0.6651,-0.3841,10.57,3.29,-15.82
3.8074,-0.5500,0.6588,-0.3821,9.24,3.22,-16.52
3.8075,-0.5485,0.6603,-0.3831,8.33,3.36,-17.15
3.8077,-0.5461,0.6583,-0.3826,7.91,3.99,-16.94
3.8078,-0.5475,0.6549,-0.3831,7.00,3.64,-18.13
3.8080,-0.5495,0.6564,-0.3797,6.86,3.71,-18.06
3.8081,-0.5490,0.6568,-0.3782,5.74,4.06,-18.69
3.8083,-0.5470,0.6568,-0.3792,5.81,3.85,-19.04
3.8084,-0.5466,0.6554,-0.3782,4.48,3.99,-19.81
3.8085,-0.5446,0.6554,-0.3787,4.34,4.27,-20.02
3.8087,-0.5451,0.6612,-0.3797,3.15,4.41,-20.51
3.8088,-0.5470,0.6617,-0.3782,3.22,4.13,-20.86
3.8090,-0.5436,0.6598,-0.3777,2.31,3.78,-21.63
3.8091,-0.5422,0.6593,-0.3758,1.89,4.48,-21.77
3.8093,-0.5427,0.6583,-0.3738,1.47,4.13,-22.26
3.8094,-0.5417,0.6578,-0.3797,0.63,4.55,-22.96
3.8096,-0.5392,0.6608,-0.3797,0.21,4.83,-22.96
3.8097,-0.5383,0.6647,-0.3748,-0.49,4.83,-24.01
3.8098,-0.5392,0.6686,-0.3738,-0.70,4.83,-23.59
3.8100,-0.5363,0.6715,-0.3733,-1.40,4.83,-24.92
3.8101,-0.5290,0.6681,-0.3748,-1.75,4.62,-24.85
3.8107,-0.5319,0.6686,-0.3762,-2.73,4.83,-26.25
3.8113,-0.5378,0.6754,-0.3758,-2.59,4.97,-25.76
3.8118,-0.5348,0.6793,-0.3787,-3.36,5.25,-26.88
3.8124,-0.5309,0.6754,-0.3816,-3.92,5.04,-26.95
3.8129,-0.5295,0.6769,-0.3811,-3.99,5.18,-27.51
3.8135,-0.5290,0.6822,-0.3811,-4.90,5.60,-27.86
3.8141,-0.5290,0.6847,-0.3772,-4.69,5.60,-28.56
3.8146,-0.5270,0.6900,-0.3767,-5.46,5.53,-28.77
3.8152,-0.5251,0.6983,-0.3772,-5.25,5.25,-29.75
3.8158,-0.5314,0.7008,-0.3743,-6.30,6.09,-29.47
3.8163,-0.5358,0.7017,-0.3767,-6.44,5.46,-30.73
3.8169,-0.5300,0.7086,-0.3816,-6.65,5.74,-30.59
3.8174,-0.5246,0.7091,-0.3836,-7.00,5.88,-31.92
3.8180,-0.5280,0.7086,-0.3816,-7.84,6.23,-31.50
3.8186,-0.5266,0.7130,-0.3811,-7.35,5.53,-32.83
3.8191,-0.5241,0.7203,-0.3831,-8.26,6.30,-33.04
3.8197,-0.5266,0.7271,-0.3860,-7.84,5.81,-33.53
3.8203,-0.5295,0.7276,-0.3855,-8.61,5.74,-34.02
3.8208,-0.5300,0.7281,-0.3870,-8.61,6.09,-34.44
3.8214,-0.5251,0.7437,-0.3870,-9.31,6.30,-35.00
3.8219,-0.5226,0.7515,-0.3884,-9.03,5.88,-36.61
3.8225,-0.5251,0.7579,-0.3933,-9.59,6.30,-35.84
3.8230,-0.5270,0.7652,-0.3928,-9.52,6.51,-37.45
3.8235,-0.5280,0.7681,-0.3924,-9.73,6.23,-37.10
3.8241,-0.5290,0.7720,-0.3967,-9.80,7.14,-38.15
3.8246,-0.5290,0.7779,-0.3987,-9.73,6.02,-38.36
3.8252,-0.5256,0.7803,-0.3958,-10.15,7.00,-38.71
3.8257,-0.5256,0.7847,-0.3933,-9.87,6.44,-38.99
3.8262,-0.5280,0.7964,-0.3953,-9.80,7.00,-39.90
3.8268,-0.5251,0.7998,-0.3967,-9.73,6.51,-40.04
3.8273,-0.5217,0.7998,-0.3987,-9.87,7.14,-40.46
3.8279,-0.5212,0.8096,-0.3977,-9.52,6.37,-41.79
3.8284,-0.5197,0.8159,-0.3963,-10.22,7.28,-40.74
3.8289,-0.5212,0.8189,-0.3992,-9.38,6.37,-42.63
3.8295,-0.5207,0.8262,-0.4006,-9.45,7.42,-41.44
3.8300,-0.5212,0.8306,-0.4002,-9.31,6.65,-43.40
3.8305,-0.5222,0.8330,-0.3977,-9.31,7.63,-42.49
3.8311,-0.5178,0.8379,-0.3967,-9.24,6.86,-44.24
3.8316,-0.5148,0.8413,-0.3987,-8.68,7.14,-43.40
3.8322,-0.5139,0.8433,-0.3987,-9.03,7.42,-44.80
3.8329,-0.5104,0.8447,-0.3972,-8.12,6.72,-44.31
3.8335,-0.5114,0.8516,-0.3967,-8.89,7.42,-45.36
3.8342,-0.5124,0.8599,-0.3977,-7.91,7.07,-45.01
3.8349,-0.5090,0.8638,-0.3967,-8.12,7.56,-45.85
3.8356,-0.5065,0.8642,-0.3943,-7.56,6.79,-45.71
3.8363,-0.5075,0.8696,-0.3977,-7.98,7.84,-46.48
3.8370,-0.5075,0.8779,-0.3982,-6.86,6.79,-46.48
3.8377,-0.5051,0.8794,-0.3933,-7.07,7.42,-46.69
3.8384,-0.5017,0.8789,-0.3953,-6.51,7.00,-47.18
3.8391,-0.5007,0.8838,-0.3992,-6.44,7.56,-46.97
3.8398,-0.5012,0.8877,-0.3987,-5.95,7.28,-47.32
3.8404,-0.4953,0.8916,-0.3963,-5.81,7.70,-47.25
3.8411,-0.4909,0.8974,-0.3943,-5.32,7.28,-48.30
3.8418,-0.4904,0.8994,-0.3904,-4.90,7.28,-47.18
3.8425,-0.4934,0.8979,-0.3943,-4.55,7.21,-48.30
3.8432,-0.4885,0.8979,-0.3963,-3.99,7.42,-47.60
3.8439,-0.4826,0.8999,-0.3919,-3.71,7.00,-48.37
3.8446,-0.4802,0.9121,-0.3943,-2.94,7.56,-48.72
3.8453,-0.4768,0.9116,-0.3972,-2.45,7.35,-47.95
3.8460,-0.4787,0.9150,-0.3958,-2.03,7.14,-48.58
3.8465,-0.4792,0.9170,-0.3958,-1.47,7.28,-47.81
3.8470,-0.4787,0.9130,-0.3914,-1.33,7.42,-48.65
3.8475,-0.4738,0.9116,-0.3924,-0.56,7.21,-48.23
3.8480,-0.4665,0.9140,-0.3914,-0.49,7.21,-48.23
3.8485,-0.4616,0.9204,-0.3855,0.49,7.56,-47.88
3.8491,-0.4582,0.9218,-0.3850,0.42,6.93,-48.23
3.8496,-0.4543,0.9228,-0.3875,1.33,7.35,-47.95
3.8501,-0.4553,0.9252,-0.3889,1.47,6.86,-47.74
3.8506,-0.4587,0.9277,-0.3880,2.10,7.35,-47.88
3.8511,-0.4553,0.9311,-0.3889,2.52,6.93,-47.67
3.8517,-0.4509,0.9335,-0.3884,3.01,7.07,-47.53
3.8522,-0.4509,0.9335,-0.3875,3.99,6.93,-47.11
3.8527,-0.4494,0.9335,-0.3904,4.06,6.93,-47.25
3.8532,-0.4509,0.9389,-0.3845,4.90,6.30,-47.04
3.8537,-0.4455,0.9389,-0.3811,6.23,6.86,-45.99
3.8542,-0.4465,0.9374,-0.3787,6.02,6.79,-46.27
3.8548,-0.4504,0.9414,-0.3782,7.07,6.51,-45.64
3.8553,-0.4524,0.9414,-0.3792,7.21,6.72,-45.71
3.8558,-0.4504,0.9394,-0.3811,8.05,6.86,-45.29
3.8563,-0.4475,0.9404,-0.3826,8.26,6.79,-45.15
3.8568,-0.4470,0.9399,-0.3816,9.03,6.86,-44.59
3.8574,-0.4436,0.9394,-0.3811,9.38,6.09,-44.66
3.8579,-0.4431,0.9399,-0.3811,10.08,6.51,-43.96
3.8584,-0.4412,0.9404,-0.3802,10.71,6.30,-43.75
3.8589,-0.4392,0.9389,-0.3816,11.20,6.44,-43.33
3.8595,-0.4402,0.9379,-0.3797,11.83,6.37,-43.26
3.8600,-0.4382,0.9404,-0.3738,12.11,6.16,-42.42
3.8605,-0.4338,0.9428,-0.3738,12.60,6.44,-42.42
3.8610,-0.4294,0.9409,-0.3753,13.72,6.09,-41.72
3.8615,-0.4270,0.9394,-0.3738,13.58,5.81,-41.79
3.8621,-0.4250,0.9399,-0.3762,14.49,6.58,-41.09
3.8626,-0.4231,0.9374,-0.3758,14.84,5.74,-40.46
3.8631,-0.4177,0.9389,-0.3694,15.54,5.60,-40.67
3.8636,-0.4119,0.9389,-0.3704,15.61,5.74,-39.62
3.8642,-0.4119,0.9374,-0.3719,16.94,5.39,-39.06
3.8647,-0.4109,0.9370,-0.3704,17.50,6.02,-38.71
3.8652,-0.4041,0.9311,-0.3655,17.92,5.46,-38.08
3.8657,-0.4036,0.9326,-0.3660,18.76,5.25,-37.94
3.8663,-0.4026,0.9316,-0.3709,19.11,5.39,-37.31
3.8668,-0.3963,0.9292,-0.3660,19.39,4.97,-37.24
3.8674,-0.3958,0.9321,-0.3655,20.30,5.46,-36.82
3.8679,-0.3972,0.9311,-0.3640,20.44,4.41,-36.68
3.8685,-0.3992,0.9321,-0.3592,20.86,5.53,-35.42
3.8691,-0.3958,0.9301,-0.3592,21.35,4.62,-35.98
3.8697,-0.3909,0.9238,-0.3601,22.19,5.25,-34.86
3.8703,-0.3909,0.9238,-0.3616,22.05,4.34,-35.14
3.8709,-0.3953,0.9213,-0.3636,22.82,4.97,-33.95
3.8715,-0.3963,0.9174,-0.3592,22.96,4.20,-34.23
3.8720,-0.3953,0.9160,-0.3538,23.80,4.83,-33.46
3.8726,-0.3972,0.9130,-0.3558,24.08,4.27,-33.25
3.8732,-0.3977,0.9111,-0.3543,24.71,4.76,-32.48
3.8738,-0.4002,0.9087,-0.3533,24.99,4.13,-32.55
3.8744,-0.4011,0.9072,-0.3518,25.48,4.55,-31.92
3.8750,-0.4011,0.9052,-0.3518,25.76,3.57,-31.92
3.8756,-0.4021,0.9013,-0.3484,26.53,4.34,-31.15
3.8761,-0.4011,0.9018,-0.3455,25.97,3.99,-30.59
3.8767,-0.4060,0.8999,-0.3465,27.23,3.99,-30.73
3.8773,-0.4109,0.8935,-0.3445,26.95,4.13,-29.96
3.8779,-0.4089,0.8882,-0.3445,27.86,3.43,-30.17
3.8785,-0.4080,0.8847,-0.3460,27.79,4.20,-28.98
3.8801,-0.4085,0.8872,-0.3470,28.21,3.50,-29.26
3.8817,-0.4094,0.8833,-0.3416,28.84,3.85,-28.42
3.8833,-0.4104,0.8784,-0.3372,28.70,3.36,-28.35
3.8850,-0.4070,0.8745,-0.3372,29.68,4.27,-27.65
3.8866,-0.4070,0.8721,-0.3377,29.05,3.29,-27.72
3.8882,-0.4089,0.8686,-0.3372,30.03,3.85,-27.44
3.8898,-0.4099,0.8628,-0.3343,29.61,3.36,-27.30
3.8914,-0.4094,0.8520,-0.3304,31.36,2.80,-25.55
3.8930,-0.4104,0.8516,-0.3255,31.15,3.78,-24.92
3.8947,-0.4114,0.8481,-0.3260,31.01,4.06,-25.13
3.8963,-0.4143,0.8403,-0.3240,31.01,3.92,-24.15
3.8979,-0.4138,0.8325,-0.3201,31.57,3.50,-24.50
3.8995,-0.4138,0.8301,-0.3162,31.29,3.50,-23.87
3.9011,-0.4133,0.8320,-0.3143,32.20,3.85,-23.31
3.9028,-0.4148,0.8286,-0.3167,31.92,3.29,-23.59
3.9044,-0.4158,0.8267,-0.3182,32.27,3.92,-22.33
3.9060,-0.4158,0.8252,-0.3167,31.78,3.22,-23.03
3.9076,-0.4163,0.8233,-0.3133,32.41,4.06,-21.56
3.9092,-0.4163,0.8184,-0.3099,31.99,3.22,-22.47
3.9108,-0.4158,0.8115,-0.3079,32.76,4.27,-20.86
3.9109,-0.4182,0.8086,-0.3113,32.41,3.50,-21.91
3.9110,-0.4182,0.8047,-0.3099,32.55,3.57,-19.95
3.9110,-0.4133,0.8013,-0.3070,32.41,3.92,-21.00
3.9111,-0.4133,0.7993,-0.3050,33.04,3.64,-19.11
3.9111,-0.4216,0.7964,-0.3050,32.41,4.06,-20.37
3.9112,-0.4153,0.7828,-0.3084,32.83,3.29,-19.11
3.9112,-0.4172,0.7808,-0.3070,32.90,3.71,-18.34
3.9113,-0.4211,0.7784,-0.3026,32.48,4.20,-18.55
3.9113,-0.4216,0.7798,-0.3011,32.62,3.99,-17.85
3.9114,-0.4202,0.7735,-0.3006,32.48,4.13,-17.64
3.9114,-0.4211,0.7662,-0.3040,32.27,4.27,-17.57
3.9115,-0.4202,0.7657,-0.3030,32.34,4.41,-17.08
3.9115,-0.4211,0.7652,-0.2972,32.27,4.20,-16.87
3.9116,-0.4192,0.7657,-0.2977,31.78,4.13,-15.75
3.9116,-0.4163,0.7637,-0.2962,32.27,4.20,-16.73
3.9117,-0.4182,0.7579,-0.2962,32.20,4.62,-15.54
3.9118,-0.4172,0.7540,-0.2943,31.85,4.13,-16.03
3.9118,-0.4168,0.7515,-0.2943,31.43,4.69,-14.91
3.9119,-0.4148,0.7486,-0.2972,31.78,4.55,-15.54
3.9119,-0.4124,0.7501,-0.2938,31.43,4.97,-13.86
3.9120,-0.4124,0.7476,-0.2928,31.01,4.41,-14.98
3.9120,-0.4099,0.7471,-0.2904,31.29,4.69,-13.58
3.9120,-0.4085,0.7481,-0.2889,30.52,4.48,-14.21
3.9121,-0.4085,0.7437,-0.2879,31.15,4.76,-12.95
3.9121,-0.4036,0.7379,-0.2826,30.24,4.55,-13.58
3.9122,-0.4026,0.7296,-0.2791,30.38,5.11,-12.60
3.9122,-0.4070,0.7252,-0.2816,30.10,4.62,-13.09
3.9123,-0.4041,0.7218,-0.2869,30.03,4.62,-12.46
3.9123,-0.4046,0.7222,-0.2850,29.54,4.76,-12.32
3.9123,-0.4153,0.7257,-0.2801,29.68,4.97,-11.97
3.9124,-0.4197,0.7271,-0.2821,29.05,5.46,-11.55
3.9124,-0.4168,0.7281,-0.2899,29.19,4.97,-11.76
3.9125,-0.4216,0.7252,-0.2904,28.77,5.81,-10.78
3.9125,-0.4241,0.7193,-0.2908,28.77,5.11,-11.97
3.9126,-0.4197,0.7120,-0.2943,28.42,5.53,-10.50
3.9126,-0.4221,0.7091,-0.2904,28.07,5.39,-11.41
3.9126,-0.4236,0.7052,-0.2835,28.14,5.53,-10.22
3.9127,-0.4197,0.7003,-0.2826,27.51,5.46,-10.99
3.9127,-0.4216,0.7037,-0.2835,27.30,5.67,-9.80
3.9128,-0.4187,0.7008,-0.2796,26.95,5.81,-10.43
3.9132,-0.4148,0.6949,-0.2811,27.23,5.81,-9.45
3.9137,-0.4119,0.6920,-0.2811,26.18,5.74,-10.36
3.9142,-0.4094,0.6934,-0.2782,26.25,6.16,-9.38
3.9147,-0.4133,0.6934,-0.2747,25.48,6.02,-9.80
3.9152,-0.4158,0.6905,-0.2694,26.11,6.02,-9.45
3.9156,-0.4128,0.6876,-0.2708,24.92,6.65,-9.17
3.9161,-0.4094,0.6842,-0.2738,25.13,6.09,-9.17
3.9166,-0.4099,0.6827,-0.2723,24.29,6.37,-8.61
3.9171,-0.4060,0.6793,-0.2704,24.36,6.44,-9.10
3.9175,-0.4065,0.6793,-0.2713,23.73,6.65,-8.40
3.9180,-0.4089,0.6749,-0.2684,23.66,6.51,-8.89
3.9185,-0.4070,0.6749,-0.2645,22.89,6.79,-7.98
3.9190,-0.4046,0.6764,-0.2635,22.82,6.58,-9.03
3.9195,-0.4041,0.6725,-0.2577,22.33,6.58,-7.98
3.9199,-0.4016,0.6705,-0.2557,21.91,7.00,-8.61
3.9204,-0.4002,0.6686,-0.2591,21.63,6.58,-8.12
3.9209,-0.4036,0.6695,-0.2582,21.07,7.49,-8.33
3.9214,-0.4055,0.6647,-0.2586,21.14,7.00,-8.05
3.9218,-0.4026,0.6647,-0.2601,20.16,6.93,-8.19
3.9223,-0.4016,0.6647,-0.2557,20.79,7.07,-8.05
3.9229,-0.4041,0.6632,-0.2547,19.53,7.28,-8.05
3.9235,-0.4036,0.6666,-0.2547,19.60,7.14,-8.40
3.9241,-0.4026,0.6661,-0.2489,18.90,7.14,-7.77
3.9247,-0.4041,0.6642,-0.2518,18.55,7.49,-8.12
3.9253,-0.4046,0.6578,-0.2528,18.20,7.42,-7.70
3.9259,-0.4046,0.6588,-0.2499,17.92,7.70,-8.26
3.9265,-0.4041,0.6583,-0.2508,17.57,7.35,-8.26
3.9271,-0.4026,0.6539,-0.2503,17.01,7.28,-8.33
3.9277,-0.4036,0.6578,-0.2503,17.01,7.63,-8.19
3.9283,-0.4036,0.6593,-0.2469,15.96,7.56,-8.47
3.9289,-0.4021,0.6622,-0.2499,16.31,7.70,-8.12
3.9295,-0.4006,0.6612,-0.2523,14.98,7.98,-8.75
3.9301,-0.3992,0.6608,-0.2513,15.54,7.91,-8.05
3.9307,-0.4011,0.6617,-0.2513,14.28,8.05,-8.75
3.9313,-0.4050,0.6603,-0.2499,14.63,7.91,-8.26
3.9319,-0.4085,0.6593,-0.2479,13.72,8.12,-8.89
3.9325,-0.4070,0.6598,-0.2484,13.72,8.05,-8.61
3.9331,-0.4050,0.6612,-0.2499,12.67,8.19,-9.31
3.9337,-0.4041,0.6608,-0.2479,12.81,7.98,-8.68
3.9342,-0.4036,0.6608,-0.2464,12.32,8.61,-9.24
3.9354,-0.4016,0.6554,-0.2489,12.11,8.26,-9.17
3.9366,-0.3987,0.6608,-0.2469,11.62,8.54,-9.24
3.9378,-0.4041,0.6647,-0.2469,10.71,8.89,-9.17
3.9389,-0.4026,0.6671,-0.2450,10.50,8.75,-10.08
3.9401,-0.4046,0.6676,-0.2450,10.71,9.66,-8.54
3.9413,-0.4055,0.6676,-0.2440,9.24,8.19,-11.13
3.9425,-0.4021,0.6676,-0.2430,9.45,9.24,-8.89
3.9436,-0.3987,0.6686,-0.2430,8.75,8.40,-11.55
3.9448,-0.3997,0.6686,-0.2416,8.89,9.31,-9.38
3.9460,-0.4021,0.6690,-0.2411,7.91,8.61,-11.34
3.9472,-0.4011,0.6700,-0.2430,8.05,8.61,-10.29
3.9483,-0.4031,0.6676,-0.2445,7.42,9.24,-11.48
3.9495,-0.4085,0.6676,-0.2425,7.14,8.75,-10.64
3.9507,-0.4075,0.6686,-0.2396,6.44,9.03,-11.69
3.9519,-0.4065,0.6651,-0.2386,6.37,8.82,-11.20
3.9530,-0.4065,0.6617,-0.2381,5.53,9.66,-11.69
3.9542,-0.4055,0.6612,-0.2352,6.02,9.24,-11.48
3.9554,-0.4099,0.6598,-0.2352,4.76,9.10,-12.11
3.9566,-0.4133,0.6559,-0.2362,5.18,9.17,-12.25
3.9577,-0.4114,0.6554,-0.2401,3.92,9.38,-11.90
3.9582,-0.4099,0.6583,-0.2347,4.13,8.96,-12.53
3.9587,-0.4104,0.6564,-0.2347,3.15,9.38,-12.95
3.9592,-0.4089,0.6554,-0.2347,3.36,9.24,-12.53
3.9598,-0.4109,0.6564,-0.2401,2.80,9.73,-12.46
3.9603,-0.4133,0.6564,-0.2396,2.24,9.59,-12.95
3.9608,-0.4148,0.6559,-0.2357,2.45,9.80,-12.67
3.9613,-0.4172,0.6525,-0.2381,1.33,9.87,-13.23
3.9618,-0.4172,0.6520,-0.2372,1.82,9.80,-12.81
3.9623,-0.4163,0.6520,-0.2362,0.49,9.38,-13.30
3.9628,-0.4158,0.6525,-0.2377,0.98,9.52,-13.16
3.9633,-0.4192,0.6510,-0.2440,-0.14,10.08,-13.30
3.9638,-0.4231,0.6515,-0.2430,0.35,9.59,-13.37
3.9643,-0.4231,0.6510,-0.2391,-1.05,10.01,-13.16
3.9648,-0.4216,0.6486,-0.2406,-0.63,9.87,-13.44
3.9653,-0.4202,0.6476,-0.2381,-1.68,9.94,-13.23
3.9658,-0.4197,0.6481,-0.2372,-1.82,9.45,-13.72
3.9663,-0.4187,0.6525,-0.2425,-2.38,10.22,-12.95
3.9668,-0.4148,0.6539,-0.2411,-2.59,9.73,-13.72
3.9673,-0.4128,0.6534,-0.2347,-2.59,10.08,-13.44
3.9678,-0.4182,0.6564,-0.2347,-3.29,10.08,-13.44
3.9684,-0.4265,0.6559,-0.2391,-3.08,10.22,-13.86
3.9690,-0.4265,0.6564,-0.2450,-4.20,9.87,-13.65
3.9696,-0.4221,0.6568,-0.2430,-4.69,10.22,-13.37
3.9701,-0.4207,0.6559,-0.2411,-4.69,10.08,-13.65
3.9707,-0.4207,0.6549,-0.2430,-5.60,9.94,-13.51
3.9713,-0.4246,0.6549,-0.2416,-5.25,10.01,-13.72
3.9719,-0.4270,0.6549,-0.2411,-6.16,9.87,-13.72
3.9724,-0.4299,0.6559,-0.2381,-6.02,10.29,-13.58
3.9730,-0.4314,0.6573,-0.2367,-6.58,9.87,-13.65
3.9736,-0.4299,0.6549,-0.2396,-6.93,10.22,-13.44
3.9742,-0.4343,0.6539,-0.2396,-7.28,10.29,-13.93
3.9748,-0.4421,0.6568,-0.2401,-7.49,10.36,-13.23
3.9753,-0.4455,0.6593,-0.2455,-7.91,9.73,-14.07
3.9759,-0.4407,0.6608,-0.2464,-8.33,10.43,-13.37
3.9765,-0.4387,0.6647,-0.2464,-8.54,10.01,-13.86
3.9771,-0.4416,0.6666,-0.2464,-8.89,10.50,-13.23
3.9776,-0.4431,0.6661,-0.2469,-9.17,10.22,-13.79
3.9782,-0.4465,0.6681,-0.2484,-9.31,10.22,-13.23
3.9788,-0.4490,0.6671,-0.2455,-9.80,10.43,-13.37
3.9794,-0.4509,0.6666,-0.2479,-10.08,10.22,-13.30
3.9809,-0.4509,0.6705,-0.2484,-10.50,10.43,-13.51
3.9825,-0.4509,0.6720,-0.2445,-10.43,10.01,-13.23
3.9840,-0.4553,0.6695,-0.2460,-10.85,10.08,-13.44
3.9856,-0.4534,0.6715,-0.2528,-11.27,10.15,-13.23
3.9872,-0.4548,0.6725,-0.2542,-11.48,10.36,-13.02
3.9887,-0.4612,0.6710,-0.2499,-11.69,10.08,-13.16
3.9903,-0.4587,0.6730,-0.2508,-11.83,10.15,-12.32
3.9918,-0.4568,0.6734,-0.2528,-11.90,9.73,-13.30
3.9934,-0.4563,0.6705,-0.2503,-12.32,10.85,-12.18
3.9950,-0.4568,0.6681,-0.2523,-12.60,9.80,-12.95
3.9965,-0.4577,0.6725,-0.2518,-12.95,10.43,-12.25
3.9981,-0.4568,0.6778,-0.2508,-13.16,9.87,-12.60
3.9997,-0.4568,0.6798,-0.2533,-13.30,10.57,-11.69
4.0012,-0.4582,0.6754,-0.2533,-13.65,9.94,-12.32
4.0028,-0.4553,0.6686,-0.2557,-14.00,9.94,-11.48
4.0043,-0.4475,0.6583,-0.2591,-14.00,10.01,-11.97
4.0059,-0.4426,0.6593,-0.2562,-14.56,9.94,-11.62
4.0075,-0.4324,0.6769,-0.2523,-14.35,9.52,-11.62
4.0090,-0.4216,0.6900,-0.2567,-14.84,10.08,-10.99
4.0106,-0.4211,0.7003,-0.2621,-14.84,10.15,-10.64
4.0106,-0.4246,0.7081,-0.2611,-15.19,9.24,-10.78
4.0107,-0.4343,0.7091,-0.2596,-14.98,9.24,-10.36
4.0107,-0.4490,0.7042,-0.2582,-15.68,9.52,-10.43
4.0108,-0.4612,0.7013,-0.2567,-15.33,9.38,-10.01
4.0108,-0.4709,0.6969,-0.2635,-15.96,9.24,-10.22
4.0109,-0.4802,0.6939,-0.2728,-15.61,8.75,-9.66
4.0109,-0.4836,0.6949,-0.2762,-15.89,9.17,-9.45
4.0110,-0.4890,0.6920,-0.2791,-15.96,8.40,-9.31
4.0110,-0.4924,0.6891,-0.2796,-16.31,9.03,-8.89
4.0111,-0.4875,0.6900,-0.2811,-16.17,8.61,-8.82
4.0111,-0.4870,0.6881,-0.2811,-16.24,8.82,-8.82
4.0112,-0.4875,0.6866,-0.2806,-16.73,8.54,-8.19
4.0112,-0.4846,0.6891,-0.2840,-16.73,8.96,-7.91
4.0113,-0.4841,0.6974,-0.2869,-16.73,8.54,-7.63
4.0113,-0.4831,0.7017,-0.2869,-16.66,8.47,-7.49
4.0114,-0.4792,0.6998,-0.2899,-17.08,8.54,-7.00
4.0114,-0.4797,0.7061,-0.2908,-17.22,8.26,-6.02
4.0115,-0.4797,0.7105,-0.2894,-17.15,7.98,-6.23
4.0115,-0.4768,0.7135,-0.2904,-16.94,8.19,-5.46
4.0116,-0.4753,0.7154,-0.2889,-17.29,7.91,-5.32
4.0116,-0.4714,0.7164,-0.2899,-17.15,8.05,-4.83
4.0117,-0.4695,0.7174,-0.2952,-17.15,7.56,-4.76
4.0117,-0.4690,0.7183,-0.2952,-16.80,7.70,-3.92
4.0117,-0.4636,0.7193,-0.2928,-17.50,7.56,-3.99
4.0118,-0.4651,0.7247,-0.2996,-17.15,7.56,-3.36
4.0118,-0.4660,0.7266,-0.2996,-17.22,7.00,-3.01
4.0119,-0.4631,0.7261,-0.2982,-17.22,6.51,-3.01
4.0119,-0.4646,0.7291,-0.2987,-17.22,7.21,-1.89
4.0120,-0.4670,0.7296,-0.2996,-17.08,6.51,-2.38
4.0120,-0.4641,0.7315,-0.3011,-17.08,6.86,-1.26
4.0121,-0.4626,0.7349,-0.3016,-17.08,5.88,-1.54
4.0121,-0.4660,0.7379,-0.3084,-17.01,6.37,-0.42
4.0121,-0.4695,0.7393,-0.3118,-16.94,5.95,-0.63
4.0122,-0.4724,0.7398,-0.3123,-16.66,5.95,0.28
4.0122,-0.4699,0.7408,-0.3113,-16.38,5.11,1.12
4.0123,-0.4690,0.7457,-0.3148,-16.80,5.11,0.63
4.0123,-0.4704,0.7452,-0.3216,-16.17,4.83,1.47
4.0124,-0.4704,0.7457,-0.3240,-16.73,4.97,1.54
4.0124,-0.4680,0.7462,-0.3245,-15.68,4.62,2.31
4.0124,-0.4704,0.7491,-0.3279,-16.10,4.27,2.24
4.0130,-0.4729,0.7559,-0.3309,-15.89,3.92,3.50
4.0135,-0.4734,0.7530,-0.3372,-15.89,3.99,3.01
4.0140,-0.4719,0.7520,-0.3416,-15.47,3.92,3.85
4.0146,-0.4704,0.7559,-0.3406,-15.47,3.43,3.92
4.0151,-0.4738,0.7579,-0.3411,-15.33,3.50,4.41
4.0156,-0.4773,0.7554,-0.3426,-15.12,3.22,4.90
4.0162,-0.4748,0.7535,-0.3411,-15.05,3.01,5.39
4.0167,-0.4758,0.7559,-0.3421,-14.70,2.59,5.53
4.0172,-0.4758,0.7559,-0.3465,-14.84,2.45,5.88
4.0177,-0.4743,0.7554,-0.3509,-14.35,2.10,6.02
4.0183,-0.4748,0.7549,-0.3514,-14.14,2.03,6.51
4.0188,-0.4758,0.7505,-0.3494,-14.14,1.75,6.86
4.0193,-0.4738,0.7510,-0.3514,-14.00,1.47,7.07
4.0199,-0.4680,0.7559,-0.3518,-13.58,1.33,7.70
4.0204,-0.4695,0.7598,-0.3523,-13.65,0.98,7.63
4.0209,-0.4690,0.7588,-0.3553,-13.30,0.56,8.47
4.0215,-0.4660,0.7520,-0.3597,-13.16,0.49,8.40
4.0220,-0.4675,0.7491,-0.3631,-12.88,0.35,9.38
4.0225,-0.4695,0.7491,-0.3636,-12.74,-0.28,9.17
4.0230,-0.4699,0.7491,-0.3660,-12.18,-0.42,10.01
4.0237,-0.4675,0.7510,-0.3665,-12.53,-0.63,10.22
4.0243,-0.4665,0.7520,-0.3655,-11.97,-1.33,10.50
4.0249,-0.4670,0.7496,-0.3704,-12.11,-1.47,11.20
4.0256,-0.4660,0.7501,-0.3714,-11.62,-1.61,11.34
4.0262,-0.4631,0.7520,-0.3680,-11.48,-1.96,11.76
4.0268,-0.4616,0.7515,-0.3689,-11.34,-2.10,12.32
4.0274,-0.4607,0.7510,-0.3762,-10.92,-2.38,12.60
4.0281,-0.4641,0.7540,-0.3762,-10.64,-2.59,12.88
4.0287,-0.4675,0.7544,-0.3758,-10.64,-2.94,13.51
4.0293,-0.4665,0.7549,-0.3797,-10.15,-3.36,13.58
4.0300,-0.4660,0.7584,-0.3797,-10.15,-3.78,14.07
4.0306,-0.4675,0.7593,-0.3797,-9.66,-3.85,14.42
4.0312,-0.4690,0.7569,-0.3816,-9.59,-4.62,15.05
4.0319,-0.4660,0.7579,-0.3845,-9.31,-4.55,14.98
4.0325,-0.4656,0.7608,-0.3865,-9.03,-4.55,15.89
4.0331,-0.4670,0.7613,-0.3924,-8.89,-5.11,15.96
4.0337,-0.4675,0.7613,-0.3953,-8.61,-5.88,16.31
4.0344,-0.4704,0.7598,-0.3938,-8.05,-5.67,16.73
4.0350,-0.4699,0.7588,-0.3938,-8.19,-6.16,17.01
4.0356,-0.4690,0.7608,-0.3928,-7.77,-6.30,17.50
4.0362,-0.4704,0.7637,-0.3958,-7.21,-7.07,17.71
4.0368,-0.4685,0.7632,-0.3987,-7.00,-7.35,18.13
4.0373,-0.4714,0.7632,-0.3982,-6.79,-7.35,18.27
4.0379,-0.4719,0.7623,-0.3972,-6.30,-7.63,18.76
4.0385,-0.4685,0.7618,-0.3992,-6.16,-7.49,19.39
4.0391,-0.4704,0.7662,-0.4046,-6.02,-8.26,19.32
4.0396,-0.4753,0.7662,-0.4070,-5.67,-8.54,19.53
4.0402,-0.4787,0.7627,-0.4080,-5.46,-9.03,20.16
4.0408,-0.4792,0.7623,-0.4094,-5.04,-9.45,20.02
4.0413,-0.4778,0.7637,-0.4109,-4.55,-9.17,21.14
4.0419,-0.4753,0.7623,-0.4138,-4.55,-10.43,20.58
4.0425,-0.4743,0.7584,-0.4138,-3.99,-10.15,21.28
4.0431,-0.4763,0.7569,-0.4163,-3.78,-10.71,21.63
4.0436,-0.4724,0.7584,-0.4192,-3.57,-10.22,22.26
4.0442,-0.4690,0.7569,-0.4246,-3.22,-11.62,22.12
4.0448,-0.4690,0.7530,-0.4236,-2.73,-10.92,22.54
4.0453,-0.4704,0.7549,-0.4221,-2.80,-11.83,22.82
4.0459,-0.4714,0.7569,-0.4255,-2.24,-12.04,23.17
4.0465,-0.4675,0.7574,-0.4290,-2.10,-12.46,23.45
4.0471,-0.4660,0.7569,-0.4314,-1.61,-12.60,23.52
4.0476,-0.4695,0.7549,-0.4319,-1.12,-13.16,24.29
4.0481,-0.4680,0.7540,-0.4329,-0.91,-13.79,23.73
4.0486,-0.4660,0.7574,-0.4329,-0.56,-13.51,25.13
4.0491,-0.4695,0.7574,-0.4333,-0.56,-14.21,24.36
4.0496,-0.4690,0.7510,-0.4363,0.14,-14.14,25.55
4.0501,-0.4690,0.7476,-0.4382,0.14,-15.19,24.71
4.0506,-0.4699,0.7501,-0.4416,0.84,-14.98,25.97
4.0511,-0.4738,0.7496,-0.4412,0.56,-15.61,25.27
4.0517,-0.4753,0.7476,-0.4392,1.47,-16.03,26.32
4.0522,-0.4709,0.7481,-0.4402,1.26,-15.89,26.18
4.0527,-0.4709,0.7457,-0.4407,1.75,-16.73,26.53
4.0532,-0.4738,0.7457,-0.4436,1.82,-16.66,26.67
4.0537,-0.4680,0.7418,-0.4451,2.52,-17.08,27.09
4.0542,-0.4699,0.7364,-0.4407,2.94,-17.78,27.72
4.0547,-0.4675,0.7344,-0.4407,3.15,-17.71,27.72
4.0552,-0.4646,0.7300,-0.4421,3.78,-18.83,27.58
4.0557,-0.4641,0.7281,-0.4402,3.64,-17.71,28.56
4.0562,-0.4577,0.7325,-0.4372,4.06,-19.04,28.07
4.0568,-0.4499,0.7369,-0.4392,4.48,-19.11,28.70
4.0573,-0.4494,0.7403,-0.4436,4.41,-20.02,28.35
4.0578,-0.4543,0.7432,-0.4441,5.32,-19.53,29.19
4.0584,-0.4597,0.7476,-0.4470,5.11,-20.51,28.49
4.0590,-0.4665,0.7447,-0.4485,6.09,-20.44,29.68
4.0596,-0.4724,0.7403,-0.4480,5.67,-21.21,28.91
4.0602,-0.4753,0.7383,-0.4490,6.44,-20.93,30.17
4.0608,-0.4792,0.7335,-0.4494,6.51,-21.91,28.98
4.0614,-0.4792,0.7330,-0.4490,7.00,-21.91,29.96
4.0619,-0.4797,0.7320,-0.4519,7.14,-22.40,29.33
4.0625,-0.4817,0.7310,-0.4573,7.63,-22.61,30.17
4.0631,-0.4826,0.7325,-0.4602,7.77,-22.54,29.54
4.0637,-0.4831,0.7315,-0.4548,8.26,-22.54,30.73
4.0643,-0.4836,0.7286,-0.4553,8.12,-23.38,29.40
4.0649,-0.4807,0.7300,-0.4651,8.75,-23.66,30.24
4.0655,-0.4763,0.7354,-0.4680,8.82,-24.15,29.89
4.0661,-0.4782,0.7379,-0.4651,8.96,-24.29,30.10
4.0666,-0.4773,0.7374,-0.4626,9.59,-24.50,30.31
4.0672,-0.4748,0.7335,-0.4621,9.94,-24.99,29.96
4.0678,-0.4734,0.7325,-0.4631,10.08,-25.06,30.31
4.0684,-0.4709,0.7359,-0.4670,10.71,-25.62,29.75
4.0690,-0.4714,0.7379,-0.4680,10.71,-25.69,30.52
4.0696,-0.4719,0.7403,-0.4660,11.06,-26.39,29.40
4.0702,-0.4724,0.7398,-0.4680,11.55,-26.11,30.73
4.0708,-0.4714,0.7413,-0.4714,11.76,-26.81,29.47
4.0714,-0.4738,0.7457,-0.4729,12.25,-26.95,30.31
4.0720,-0.4748,0.7462,-0.4690,12.25,-27.65,29.47
4.0726,-0.4695,0.7462,-0.4685,12.60,-27.51,30.17
4.0732,-0.4680,0.7462,-0.4738,12.53,-27.79,29.19
4.0738,-0.4690,0.7432,-0.4724,13.30,-28.07,30.03
4.0744,-0.4695,0.7442,-0.4719,13.65,-28.56,29.26
4.0750,-0.4685,0.7462,-0.4743,14.07,-28.56,29.68
4.0756,-0.4704,0.7437,-0.4753,14.21,-28.63,29.33
4.0762,-0.4734,0.7427,-0.4782,14.84,-29.89,29.33
4.0768,-0.4734,0.7442,-0.4782,14.63,-29.61,28.77
4.0774,-0.4763,0.7457,-0.4778,15.61,-30.52,28.98
4.0780,-0.4768,0.7476,-0.4782,15.40,-30.03,28.70
4.0786,-0.4753,0.7496,-0.4792,16.03,-31.08,28.35
4.0792,-0.4782,0.7540,-0.4797,15.89,-30.45,28.63
4.0798,-0.4836,0.7520,-0.4787,16.52,-31.15,28.21
4.0804,-0.4860,0.7505,-0.4807,16.87,-30.94,28.56
4.0810,-0.4841,0.7549,-0.4826,17.01,-32.20,27.37
4.0826,-0.4846,0.7559,-0.4826,17.64,-31.57,28.70
4.0843,-0.4885,0.7544,-0.4812,17.57,-32.34,27.30
4.0860,-0.4939,0.7549,-0.4821,18.55,-32.27,28.42
4.0877,-0.4968,0.7579,-0.4821,18.48,-33.11,26.88
4.0894,-0.4997,0.7559,-0.4807,19.46,-32.62,28.28
4.0911,-0.5022,0.7540,-0.4836,18.97,-32.83,27.16
4.0928,-0.5036,0.7544,-0.4865,19.60,-33.25,28.07
4.0945,-0.5075,0.7515,-0.4846,20.23,-33.25,28.14
4.0962,-0.5129,0.7491,-0.4841,20.51,-33.60,26.95
4.0979,-0.5168,0.7496,-0.4856,21.00,-34.09,27.58
4.0996,-0.5168,0.7481,-0.4846,21.14,-34.09,26.95
4.1013,-0.5163,0.7452,-0.4880,21.84,-34.37,27.23
4.1029,-0.5168,0.7437,-0.4875,21.91,-34.23,27.09
4.1046,-0.5197,0.7462,-0.4821,22.26,-34.86,27.23
4.1063,-0.5226,0.7471,-0.4826,22.61,-34.37,27.65
4.1080,-0.5207,0.7442,-0.4831,23.17,-35.28,26.95
4.1097,-0.5231,0.7437,-0.4807,23.38,-34.93,27.86
4.1114,-0.5275,0.7442,-0.4778,23.45,-35.49,26.95
4.1131,-0.5270,0.7398,-0.4792,24.01,-35.21,28.07
4.1148,-0.5295,0.7354,-0.4797,24.22,-35.35,27.02
4.1148,-0.5319,0.7398,-0.4807,24.92,-35.56,28.28
4.1149,-0.5344,0.7403,-0.4802,24.92,-35.49,27.37
4.1150,-0.5353,0.7369,-0.4802,25.34,-35.70,28.91
4.1150,-0.5407,0.7398,-0.4841,25.55,-35.63,27.58
4.1151,-0.5480,0.7413,-0.4846,26.18,-35.42,28.98
4.1152,-0.5470,0.7408,-0.4841,26.11,-36.12,28.07
4.1152,-0.5461,0.7388,-0.4870,27.23,-36.75,28.56
4.1153,-0.5461,0.7383,-0.4875,27.58,-35.77,29.40
4.1153,-0.5485,0.7383,-0.4841,27.44,-36.05,28.98
4.1154,-0.5495,0.7374,-0.4860,28.42,-35.98,29.40
4.1155,-0.5480,0.7408,-0.4929,27.93,-35.91,29.54
4.1155,-0.5534,0.7442,-0.4953,29.12,-35.98,29.75
4.1156,-0.5588,0.7418,-0.4914,28.70,-36.26,29.68
4.1156,-0.5612,0.7422,-0.4870,29.61,-36.26,29.82
4.1157,-0.5636,0.7457,-0.4856,29.61,-36.26,30.38
4.1158,-0.5607,0.7476,-0.4875,29.96,-36.40,29.68
4.1158,-0.5588,0.7471,-0.4904,30.52,-36.54,30.73
4.1159,-0.5627,0.7491,-0.4924,30.45,-36.12,30.38
4.1160,-0.5656,0.7505,-0.4914,31.36,-36.40,30.94
4.1160,-0.5651,0.7525,-0.4904,31.08,-35.98,30.31
4.1161,-0.5671,0.7540,-0.4929,31.92,-36.75,30.94
4.1161,-0.5680,0.7554,-0.4958,32.13,-36.05,30.45
4.1162,-0.5651,0.7584,-0.4987,32.48,-36.68,31.15
4.1162,-0.5675,0.7564,-0.4987,32.69,-36.40,30.66
4.1162,-0.5705,0.7569,-0.5012,32.97,-37.03,31.08
4.1163,-0.5719,0.7574,-0.5012,33.32,-36.33,30.80
4.1163,-0.5724,0.7574,-0.4978,33.67,-37.03,31.22
4.1164,-0.5714,0.7579,-0.4992,33.88,-36.82,30.87
4.1164,-0.5729,0.7579,-0.5041,34.23,-36.47,31.78
4.1165,-0.5714,0.7613,-0.5031,34.51,-36.82,30.94
4.1165,-0.5754,0.7618,-0.5026,35.07,-36.68,31.64
4.1166,-0.5802,0.7623,-0.5046,35.21,-36.75,31.08
4.1166,-0.5768,0.7618,-0.5041,35.56,-36.75,31.71
4.1166,-0.5739,0.7598,-0.5046,35.91,-37.17,31.01
4.1167,-0.5729,0.7569,-0.5065,35.98,-36.54,31.64
4.1167,-0.5783,0.7588,-0.5119,36.47,-36.82,31.29
4.1168,-0.5793,0.7593,-0.5134,36.61,-36.54,31.92
4.1168,-0.5749,0.7540,-0.5144,36.96,-37.24,31.36
4.1169,-0.5744,0.7544,-0.5153,37.45,-36.75,31.29
4.1169,-0.5758,0.7559,-0.5183,37.38,-37.38,31.57
4.1173,-0.5773,0.7564,-0.5231,37.59,-36.75,31.29
4.1177,-0.5778,0.7559,-0.5222,38.22,-37.38,31.64
4.1181,-0.5768,0.7544,-0.5212,38.36,-36.89,31.29
4.1185,-0.5768,0.7569,-0.5236,38.85,-37.10,32.13
4.1189,-0.5778,0.7588,-0.5270,38.99,-37.10,31.08
4.1193,-0.5778,0.7593,-0.5241,39.06,-37.10,31.99
4.1196,-0.5797,0.7584,-0.5241,39.20,-37.31,31.08
4.1200,-0.5817,0.7564,-0.5261,39.90,-37.45,31.78
4.1204,-0.5807,0.7496,-0.5241,39.69,-37.45,30.87
4.1208,-0.5817,0.7476,-0.5246,40.25,-37.45,31.92
4.1212,-0.5807,0.7471,-0.5285,40.04,-37.80,30.66
4.1216,-0.5768,0.7452,-0.5285,40.60,-37.45,31.71
4.1220,-0.5788,0.7476,-0.5241,40.46,-37.94,30.73
4.1224,-0.5827,0.7481,-0.5241,41.16,-37.38,31.71
4.1228,-0.5807,0.7476,-0.5270,40.74,-37.94,30.59
4.1232,-0.5778,0.7476,-0.5275,41.93,-37.66,31.57
4.1235,-0.5763,0.7471,-0.5285,41.23,-38.08,30.66
4.1239,-0.5778,0.7437,-0.5295,42.00,-38.15,31.01
4.1243,-0.5822,0.7462,-0.5290,41.72,-38.01,30.66
4.1247,-0.5788,0.7466,-0.5305,41.86,-38.01,30.87
4.1259,-0.5754,0.7427,-0.5290,42.07,-37.94,30.87
4.1270,-0.5793,0.7413,-0.5295,42.21,-38.57,30.31
4.1282,-0.5754,0.7349,-0.5251,42.35,-38.50,30.24
4.1293,-0.5768,0.7315,-0.5236,42.70,-38.50,30.52
4.1305,-0.5768,0.7330,-0.5241,42.63,-38.01,30.10
4.1316,-0.5763,0.7335,-0.5236,43.19,-38.29,30.38
4.1328,-0.5793,0.7315,-0.5261,42.84,-38.64,30.31
4.1339,-0.5797,0.7291,-0.5251,42.98,-38.29,30.31
4.1351,-0.5788,0.7310,-0.5251,43.05,-38.71,30.52
4.1363,-0.5768,0.7310,-0.5285,43.33,-38.78,30.31
4.1374,-0.5758,0.7257,-0.5261,43.12,-38.43,30.10
4.1386,-0.5763,0.7257,-0.5231,43.47,-38.71,30.24
4.1397,-0.5754,0.7247,-0.5217,43.12,-38.92,30.03
4.1409,-0.5783,0.7208,-0.5202,43.47,-38.99,30.10
4.1420,-0.5788,0.7208,-0.5246,43.05,-38.78,30.03
4.1432,-0.5783,0.7198,-0.5270,43.89,-38.99,30.38
4.1443,-0.5778,0.7178,-0.5256,43.26,-38.99,29.89
4.1455,-0.5793,0.7183,-0.5222,43.75,-39.06,30.38
4.1466,-0.5827,0.7188,-0.5246,43.40,-38.85,30.24
4.1478,-0.5836,0.7154,-0.5236,43.54,-39.41,30.03
4.1484,-0.5827,0.7164,-0.5241,43.61,-39.20,30.17
4.1490,-0.5793,0.7174,-0.5246,43.75,-38.92,30.66
4.1496,-0.5788,0.7139,-0.5246,43.33,-39.55,30.31
4.1502,-0.5778,0.7139,-0.5241,43.82,-39.20,30.73
4.1508,-0.5802,0.7178,-0.5231,43.33,-39.27,30.24
4.1514,-0.5822,0.7154,-0.5207,43.68,-39.13,31.08
4.1520,-0.5827,0.7174,-0.5241,43.40,-39.27,30.17
4.1526,-0.5827,0.7208,-0.5285,43.75,-39.34,31.36
4.1532,-0.5807,0.7169,-0.5266,43.61,-39.34,30.24
4.1538,-0.5846,0.7139,-0.5236,43.47,-39.20,31.50
4.1544,-0.5856,0.7159,-0.5207,43.40,-39.62,30.87
4.1550,-0.5836,0.7178,-0.5236,43.61,-39.48,31.57
4.1556,-0.5851,0.7144,-0.5256,43.26,-39.76,30.66
4.1562,-0.5832,0.7149,-0.5266,43.40,-39.62,31.71
4.1568,-0.5807,0.7169,-0.5280,43.12,-39.13,31.36
4.1574,-0.5817,0.7144,-0.5270,43.61,-39.69,31.50
4.1580,-0.5851,0.7154,-0.5246,42.77,-39.62,31.92
4.1586,-0.5827,0.7149,-0.5226,43.19,-39.83,31.92
4.1592,-0.5768,0.7130,-0.5241,42.91,-39.69,32.27
4.1598,-0.5768,0.7130,-0.5222,42.77,-39.83,31.99
4.1603,-0.5744,0.7125,-0.5222,42.70,-39.55,32.76
4.1608,-0.5749,0.7125,-0.5251,42.56,-40.04,31.99
4.1613,-0.5793,0.7125,-0.5217,43.26,-39.83,33.39
4.1619,-0.5788,0.7110,-0.5173,42.21,-39.55,32.34
4.1624,-0.5783,0.7066,-0.5173,42.91,-39.69,33.67
4.1629,-0.5778,0.7066,-0.5148,42.35,-39.34,33.11
4.1634,-0.5778,0.7115,-0.5144,42.70,-40.04,33.67
4.1640,-0.5749,0.7105,-0.5163,42.07,-39.48,33.81
4.1645,-0.5714,0.7071,-0.5153,42.49,-39.62,34.23
4.1650,-0.5744,0.7076,-0.5168,41.93,-39.62,34.09
4.1655,-0.5724,0.7047,-0.5153,42.42,-40.04,34.72
4.1660,-0.5705,0.7027,-0.5139,41.65,-40.04,34.65
4.1666,-0.5739,0.7032,-0.5129,41.86,-39.48,35.21
4.1671,-0.5734,0.7022,-0.5104,41.37,-39.62,35.70
4.1676,-0.5739,0.7042,-0.5085,41.58,-39.90,35.42
4.1681,-0.5705,0.7032,-0.5075,41.37,-39.97,36.12
4.1687,-0.5685,0.7022,-0.5065,41.23,-39.34,36.33
4.1692,-0.5719,0.7013,-0.5065,41.16,-40.11,36.68
4.1697,-0.5734,0.6969,-0.5051,41.37,-39.27,37.10
4.1702,-0.5749,0.6949,-0.5061,40.74,-39.90,37.66
4.1708,-0.5773,0.6930,-0.5065,40.88,-39.27,37.38
4.1714,-0.5744,0.6934,-0.5041,40.81,-40.04,38.43
4.1720,-0.5729,0.6939,-0.5022,40.60,-39.41,38.43
4.1726,-0.5749,0.6939,-0.5017,40.18,-40.11,38.99
4.1732,-0.5739,0.6969,-0.4997,40.25,-39.27,39.13
4.1738,-0.5768,0.6959,-0.4963,39.83,-39.97,39.83
4.1744,-0.5822,0.6915,-0.4987,39.97,-39.34,39.90
4.1750,-0.5807,0.6920,-0.5002,39.69,-39.97,40.39
4.1756,-0.5793,0.6915,-0.5017,39.83,-39.13,41.23
4.1762,-0.5817,0.6905,-0.5036,39.34,-39.90,41.02
4.1768,-0.5807,0.6900,-0.5002,39.13,-39.20,42.14
4.1774,-0.5793,0.6871,-0.4978,39.34,-39.55,42.07
4.1780,-0.5817,0.6891,-0.4968,39.06,-39.27,42.98
4.1785,-0.5836,0.6920,-0.4968,38.71,-39.34,42.84
4.1791,-0.5793,0.6915,-0.4987,38.78,-39.55,43.68
4.1797,-0.5773,0.6881,-0.5031,38.50,-38.92,43.82
4.1803,-0.5797,0.6866,-0.5036,38.36,-39.41,44.73
4.1809,-0.5822,0.6891,-0.5012,38.71,-38.85,44.38
4.1815,-0.5885,0.6900,-0.5051,38.22,-39.27,45.85
4.1821,-0.5900,0.6915,-0.5056,38.22,-38.50,45.57
4.1836,-0.5861,0.6915,-0.5017,37.38,-38.99,46.34
4.1852,-0.5885,0.6900,-0.5031,38.22,-38.78,46.34
4.1867,-0.5919,0.6930,-0.5061,37.38,-38.85,47.60
4.1882,-0.5915,0.6959,-0.5085,37.80,-38.50,47.25
4.1897,-0.5919,0.6944,-0.5119,37.31,-38.50,48.37
4.1913,-0.5905,0.6939,-0.5134,37.17,-38.43,48.16
4.1928,-0.5890,0.6959,-0.5134,36.96,-38.57,49.42
4.1943,-0.5900,0.6944,-0.5158,36.96,-38.22,49.28
4.1959,-0.5939,0.6930,-0.5197,36.75,-38.22,49.84
4.1974,-0.5944,0.6920,-0.5212,36.68,-38.43,50.61
4.1989,-0.5890,0.6900,-0.5202,36.82,-37.94,50.61
4.2004,-0.5905,0.6910,-0.5212,36.12,-38.15,51.31
4.2020,-0.5919,0.6910,-0.5222,36.75,-38.22,51.38
4.2035,-0.5871,0.6895,-0.5197,36.12,-38.22,52.50
4.2050,-0.5851,0.6905,-0.5207,36.47,-37.52,52.43
4.2065,-0.5851,0.6959,-0.5300,35.91,-38.08,53.27
4.2081,-0.5880,0.6964,-0.5344,36.33,-37.80,52.92
4.2096,-0.5915,0.6949,-0.5344,35.84,-37.73,54.18
4.2111,-0.5934,0.6959,-0.5344,36.19,-37.59,53.97
4.2126,-0.5910,0.6939,-0.5373,35.70,-37.52,55.09
4.2127,-0.5861,0.6891,-0.5412,35.84,-37.24,54.95
4.2128,-0.5880,0.6891,-0.5427,35.63,-37.66,55.58
4.2129,-0.5890,0.6876,-0.5446,35.56,-37.17,56.00
4.2129,-0.5890,0.6866,-0.5446,35.49,-37.45,56.35
4.2130,-0.5895,0.6886,-0.5441,35.28,-37.03,56.91
4.2131,-0.5900,0.6881,-0.5480,35.49,-37.31,56.63
4.2131,-0.5915,0.6856,-0.5480,35.56,-37.17,57.68
4.2132,-0.5919,0.6856,-0.5466,35.28,-36.89,57.40
4.2133,-0.5910,0.6842,-0.5470,35.14,-36.89,58.38
4.2133,-0.5934,0.6842,-0.5495,35.14,-36.40,57.96
4.2134,-0.5944,0.6852,-0.5529,35.14,-36.82,58.73
4.2135,-0.5954,0.6847,-0.5510,35.07,-36.12,58.73
4.2135,-0.5983,0.6847,-0.5495,35.42,-36.75,59.50
4.2136,-0.5993,0.6812,-0.5519,35.00,-36.12,59.29
4.2137,-0.6012,0.6827,-0.5519,35.28,-36.68,59.78
4.2138,-0.5998,0.6866,-0.5534,34.86,-35.98,59.85
4.2138,-0.6002,0.6891,-0.5534,34.93,-36.61,60.20
4.2139,-0.6012,0.6930,-0.5519,34.93,-35.63,60.62
4.2140,-0.5993,0.6905,-0.5553,35.21,-36.19,60.06
4.2140,-0.5988,0.6886,-0.5529,35.14,-35.35,61.32
4.2141,-0.5968,0.6939,-0.5500,35.21,-36.19,60.20
4.2142,-0.5973,0.6988,-0.5510,35.21,-35.56,61.53
4.2143,-0.5978,0.7017,-0.5500,35.35,-35.21,60.76
4.2144,-0.5993,0.6993,-0.5495,34.93,-35.28,61.32
4.2145,-0.5993,0.6974,-0.5461,35.28,-34.86,61.18
4.2146,-0.5949,0.6978,-0.5441,35.14,-35.14,61.60
4.2147,-0.5929,0.6998,-0.5441,35.07,-34.65,61.60
4.2148,-0.5939,0.7022,-0.5407,35.14,-34.93,61.60
4.2149,-0.5963,0.7022,-0.5392,35.49,-34.16,61.95
4.2150,-0.5949,0.7032,-0.5373,35.35,-34.93,61.81
4.2151,-0.5910,0.7047,-0.5397,35.49,-34.16,62.16
4.2152,-0.5895,0.7027,-0.5431,35.77,-34.44,61.67
4.2153,-0.5885,0.7003,-0.5407,35.49,-33.60,62.37
4.2154,-0.5880,0.7032,-0.5397,35.56,-34.02,61.60
4.2155,-0.5841,0.7032,-0.5373,35.77,-33.88,62.09
4.2156,-0.5827,0.7013,-0.5353,35.91,-33.53,61.95
4.2157,-0.5851,0.7042,-0.5348,35.70,-33.53,62.30
4.2158,-0.5856,0.7076,-0.5344,35.63,-33.81,61.18
4.2159,-0.5856,0.7056,-0.5319,36.33,-33.04,62.30
4.2160,-0.5832,0.7037,-0.5309,36.19,-33.25,61.25
4.2165,-0.5778,0.7066,-0.5280,36.47,-32.76,61.81
4.2171,-0.5797,0.7086,-0.5285,36.05,-32.83,61.67
4.2176,-0.5793,0.7105,-0.5300,36.89,-32.97,61.67
4.2181,-0.5763,0.7139,-0.5305,36.05,-31.92,61.46
4.2186,-0.5783,0.7178,-0.5275,37.24,-32.62,61.32
4.2191,-0.5788,0.7198,-0.5256,36.47,-31.78,61.18
4.2197,-0.5749,0.7188,-0.5270,37.31,-32.48,60.76
4.2202,-0.5714,0.7208,-0.5270,37.03,-31.57,60.90
4.2207,-0.5710,0.7247,-0.5266,37.24,-32.34,60.20
4.2212,-0.5695,0.7291,-0.5241,37.59,-31.43,60.83
4.2218,-0.5700,0.7300,-0.5256,37.31,-31.85,59.99
4.2223,-0.5690,0.7266,-0.5266,37.87,-31.15,60.27
4.2228,-0.5656,0.7291,-0.5226,37.87,-31.57,59.36
4.2233,-0.5656,0.7335,-0.5192,38.08,-30.80,59.92
4.2239,-0.5641,0.7354,-0.5246,38.08,-31.01,59.36
4.2244,-0.5627,0.7393,-0.5270,38.50,-30.94,59.22
4.2249,-0.5636,0.7408,-0.5241,38.57,-30.66,58.45
4.2254,-0.5617,0.7403,-0.5217,38.85,-30.94,58.73
4.2260,-0.5597,0.7413,-0.5217,38.78,-30.73,58.03
4.2265,-0.5622,0.7447,-0.5231,39.27,-31.08,58.24
4.2276,-0.5636,0.7442,-0.5222,39.20,-30.03,57.47
4.2288,-0.5592,0.7505,-0.5251,39.41,-30.87,57.47
4.2300,-0.5544,0.7588,-0.5251,39.62,-30.03,57.40
4.2311,-0.5549,0.7579,-0.5266,40.04,-30.73,56.70
4.2323,-0.5573,0.7593,-0.5270,40.32,-30.24,57.05
4.2334,-0.5563,0.7662,-0.5236,40.39,-30.52,56.00
4.2346,-0.5573,0.7715,-0.5212,40.81,-29.75,56.70
4.2358,-0.5549,0.7725,-0.5187,40.81,-30.45,55.86
4.2369,-0.5495,0.7784,-0.5144,41.16,-29.68,56.07
4.2381,-0.5510,0.7876,-0.5153,41.23,-30.10,54.95
4.2393,-0.5544,0.7915,-0.5158,41.65,-29.89,55.51
4.2404,-0.5563,0.7945,-0.5163,41.86,-29.75,54.74
4.2416,-0.5578,0.8023,-0.5192,42.63,-29.82,54.74
4.2427,-0.5627,0.8135,-0.5222,43.40,-29.61,54.25
4.2439,-0.5700,0.8208,-0.5212,43.12,-29.05,53.76
4.2451,-0.5754,0.8272,-0.5187,43.47,-29.40,53.41
4.2462,-0.5768,0.8345,-0.5139,44.24,-29.19,52.64
4.2474,-0.5817,0.8413,-0.5148,44.38,-29.05,52.64
4.2485,-0.5876,0.8477,-0.5212,44.45,-29.26,52.01
4.2497,-0.5910,0.8545,-0.5202,44.94,-29.05,51.66
4.2498,-0.5919,0.8599,-0.5134,45.57,-28.84,51.03
4.2498,-0.5939,0.8623,-0.5129,45.99,-28.49,50.61
4.2499,-0.5988,0.8638,-0.5144,46.20,-28.56,50.54
4.2500,-0.5988,0.8721,-0.5129,46.83,-28.28,49.14
4.2501,-0.5983,0.8813,-0.5070,47.04,-28.21,49.63
4.2501,-0.5983,0.8828,-0.5046,47.60,-27.93,48.16
4.2502,-0.5973,0.8823,-0.5031,48.16,-28.14,48.79
4.2503,-0.5978,0.8847,-0.5036,48.30,-27.72,47.25
4.2503,-0.6007,0.8896,-0.5022,48.93,-27.79,47.74
4.2504,-0.6027,0.8979,-0.4963,49.00,-27.44,46.34
4.2505,-0.6041,0.9028,-0.4934,49.98,-27.23,46.83
4.2506,-0.6046,0.9052,-0.4846,49.84,-27.72,44.80
4.2506,-0.6076,0.9170,-0.4768,50.68,-26.81,44.38
4.2507,-0.6105,0.9223,-0.4778,51.87,-26.67,44.17
4.2508,-0.6120,0.9306,-0.4773,51.87,-26.32,43.68
4.2508,-0.6168,0.9331,-0.4704,52.43,-25.97,43.33
4.2509,-0.6193,0.9321,-0.4699,52.64,-26.25,42.77
4.2510,-0.6178,0.9331,-0.4685,53.62,-25.62,42.00
4.2511,-0.6227,0.9404,-0.4660,54.04,-25.55,41.86
4.2511,-0.6261,0.9433,-0.4607,54.67,-25.55,41.23
4.2516,-0.6256,0.9414,-0.4582,54.95,-25.41,40.95
4.2521,-0.6320,0.9438,-0.4558,55.44,-24.57,40.53
4.2526,-0.6310,0.9457,-0.4504,56.35,-25.20,40.32
4.2531,-0.6329,0.9467,-0.4499,56.14,-23.94,39.76
4.2536,-0.6407,0.9477,-0.4475,57.05,-24.50,39.55
4.2541,-0.6427,0.9501,-0.4436,57.54,-23.66,38.85
4.2547,-0.6437,0.9540,-0.4436,58.24,-24.15,38.71
4.2552,-0.6437,0.9555,-0.4431,58.03,-23.17,38.29
4.2557,-0.6442,0.9565,-0.4412,59.15,-23.17,37.87
4.2562,-0.6500,0.9589,-0.4392,59.22,-23.10,37.31
4.2567,-0.6525,0.9594,-0.4377,59.92,-22.54,37.73
4.2572,-0.6534,0.9599,-0.4372,60.34,-22.54,37.03
4.2577,-0.6534,0.9604,-0.4343,60.76,-22.47,36.47
4.2582,-0.6554,0.9609,-0.4290,61.32,-22.05,36.26
4.2587,-0.6573,0.9628,-0.4270,62.09,-21.21,36.33
4.2592,-0.6534,0.9706,-0.4265,61.95,-21.84,35.28
4.2597,-0.6525,0.9745,-0.4241,63.07,-20.93,35.63
4.2602,-0.6510,0.9682,-0.4226,62.93,-20.93,35.07
4.2607,-0.6486,0.9662,-0.4236,63.70,-20.58,34.93
4.2612,-0.6481,0.9687,-0.4236,63.70,-20.44,34.72
4.2617,-0.6471,0.9706,-0.4246,64.68,-20.02,34.16
4.2622,-0.6446,0.9682,-0.4241,64.75,-20.09,34.30
4.2628,-0.6417,0.9711,-0.4211,65.10,-19.53,34.02
4.2633,-0.6403,0.9731,-0.4192,65.52,-19.74,33.32
4.2638,-0.6378,0.9682,-0.4192,65.87,-19.39,33.46
4.2644,-0.6339,0.9677,-0.4197,66.15,-19.18,33.32
4.2649,-0.6295,0.9648,-0.4192,66.50,-18.97,33.11
4.2655,-0.6295,0.9594,-0.4187,67.20,-18.76,32.90
4.2660,-0.6310,0.9531,-0.4182,67.27,-18.76,33.04
4.2665,-0.6305,0.9487,-0.4168,67.69,-18.20,32.62
4.2671,-0.6261,0.9457,-0.4124,68.04,-18.41,32.76
4.2676,-0.6232,0.9448,-0.4104,68.11,-17.43,32.55
4.2681,-0.6251,0.9423,-0.4109,68.46,-18.34,32.27
4.2687,-0.6271,0.9389,-0.4124,68.81,-17.50,32.76
4.2692,-0.6237,0.9350,-0.4099,68.53,-17.99,32.41
4.2697,-0.6168,0.9306,-0.4089,69.23,-16.94,32.41
4.2703,-0.6100,0.9248,-0.4133,69.16,-17.57,32.76
4.2708,-0.6085,0.9160,-0.4124,69.79,-16.80,32.83
4.2713,-0.6090,0.9096,-0.4099,69.79,-17.29,32.41
4.2719,-0.6066,0.9048,-0.4070,70.21,-17.01,32.83
4.2724,-0.6080,0.8994,-0.4099,69.72,-16.94,33.04
4.2729,-0.6110,0.8965,-0.4153,70.07,-16.73,33.18
4.2735,-0.6076,0.8891,-0.4153,69.93,-16.52,33.18
4.2740,-0.6056,0.8823,-0.4119,70.28,-16.52,33.67
4.2746,-0.6056,0.8774,-0.4075,70.00,-16.59,33.95
4.2751,-0.6051,0.8721,-0.4089,70.70,-16.24,34.16
4.2756,-0.6027,0.8652,-0.4163,70.07,-16.31,33.88
4.2762,-0.6012,0.8535,-0.4153,70.42,-16.03,35.07
4.2767,-0.5993,0.8457,-0.4148,70.35,-15.89,35.70
4.2772,-0.5968,0.8384,-0.4172,70.35,-15.61,35.42
4.2778,-0.5983,0.8325,-0.4172,69.93,-15.89,36.68
4.2783,-0.5949,0.8272,-0.4202,70.07,-15.68,35.91
4.2789,-0.5915,0.8208,-0.4207,69.51,-15.54,37.24
4.2794,-0.5934,0.8120,-0.4241,70.07,-15.47,37.10
4.2799,-0.5915,0.8052,-0.4275,69.23,-15.89,37.66
4.2805,-0.5876,0.8013,-0.4270,69.30,-15.26,38.29
4.2810,-0.5885,0.7950,-0.4270,68.81,-15.61,38.78
4.2816,-0.5895,0.7896,-0.4255,69.02,-15.19,39.13
4.2821,-0.5827,0.7847,-0.4294,68.53,-15.61,39.62
4.2826,-0.5812,0.7749,-0.4324,68.74,-15.61,40.25
4.2841,-0.5846,0.7686,-0.4329,68.11,-15.19,40.46
4.2855,-0.5827,0.7657,-0.4304,68.11,-15.54,40.95
4.2869,-0.5836,0.7579,-0.4280,67.34,-15.54,41.37
4.2883,-0.5827,0.7515,-0.4319,67.48,-15.26,41.86
4.2897,-0.5797,0.7457,-0.4343,66.92,-15.12,42.21
4.2912,-0.5856,0.7374,-0.4358,66.36,-15.19,43.05
4.2926,-0.5885,0.7344,-0.4397,65.80,-14.98,44.24
4.2940,-0.5861,0.7286,-0.4402,65.59,-15.19,43.68
4.2954,-0.5841,0.7208,-0.4372,64.54,-15.26,44.80
4.2968,-0.5876,0.7178,-0.4387,64.54,-15.33,44.59
4.2982,-0.5880,0.7183,-0.4436,63.98,-14.49,46.13
4.2997,-0.5895,0.7139,-0.4426,63.56,-15.54,45.36
4.3011,-0.5944,0.7091,-0.4441,63.07,-14.98,46.41
4.3025,-0.5958,0.7052,-0.4509,62.30,-15.33,46.06
4.3039,-0.5919,0.6998,-0.4573,62.23,-15.19,47.11
4.3053,-0.5934,0.6974,-0.4587,61.39,-15.19,46.76
4.3068,-0.6002,0.6949,-0.4568,61.18,-15.26,47.88
4.3082,-0.6032,0.6939,-0.4534,60.55,-14.91,47.88
4.3096,-0.6022,0.6900,-0.4558,60.13,-15.12,48.30
4.3110,-0.6041,0.6856,-0.4607,59.50,-14.70,48.79
4.3111,-0.6090,0.6842,-0.4626,58.94,-15.12,48.09
4.3111,-0.6100,0.6773,-0.4656,58.45,-14.70,49.28
4.3111,-0.6100,0.6720,-0.4685,58.03,-14.63,49.07
4.3112,-0.6129,0.6700,-0.4714,57.33,-15.19,49.63
4.3112,-0.6168,0.6681,-0.4724,56.70,-15.05,49.21
4.3113,-0.6168,0.6695,-0.4812,56.07,-14.84,50.12
4.3113,-0.6202,0.6656,-0.4826,54.88,-14.63,50.54
4.3114,-0.6261,0.6627,-0.4821,54.67,-14.77,49.84
4.3114,-0.6271,0.6598,-0.4865,53.76,-14.35,51.03
4.3114,-0.6276,0.6564,-0.4924,53.13,-14.21,50.40
4.3115,-0.6324,0.6544,-0.4934,52.85,-14.07,51.45
4.3115,-0.6359,0.6593,-0.4943,51.87,-14.63,50.26
4.3116,-0.6334,0.6564,-0.4992,51.73,-13.86,51.73
4.3116,-0.6378,0.6500,-0.4997,50.61,-14.00,50.33
4.3116,-0.6422,0.6515,-0.4978,50.40,-13.72,51.73
4.3117,-0.6427,0.6500,-0.5012,49.35,-14.14,50.40
4.3117,-0.6486,0.6495,-0.5036,49.14,-13.30,51.66
4.3118,-0.6525,0.6505,-0.5065,48.30,-13.58,50.89
4.3118,-0.6525,0.6476,-0.5104,48.02,-13.51,51.17
4.3119,-0.6559,0.6461,-0.5109,47.11,-13.16,50.89
4.3120,-0.6627,0.6481,-0.5144,46.48,-13.16,51.10
4.3121,-0.6642,0.6481,-0.5178,45.99,-13.16,50.61
4.3122,-0.6661,0.6486,-0.5158,45.36,-12.67,50.96
4.3123,-0.6695,0.6461,-0.5178,45.08,-12.25,50.82
4.3125,-0.6710,0.6461,-0.5207,43.96,-12.25,50.40
4.3126,-0.6769,0.6466,-0.5236,43.54,-11.83,50.61
4.3127,-0.6803,0.6471,-0.5261,43.12,-12.39,49.98
4.3128,-0.6847,0.6481,-0.5266,42.42,-11.34,49.98
4.3130,-0.6891,0.6456,-0.5319,42.00,-11.90,49.21
4.3131,-0.6905,0.6442,-0.5319,41.09,-10.57,49.49
4.3132,-0.6939,0.6456,-0.5290,40.67,-11.27,48.65
4.3133,-0.6983,0.6432,-0.5329,40.25,-10.50,48.86
4.3135,-0.7017,0.6398,-0.5363,39.41,-10.57,48.30
4.3136,-0.7042,0.6398,-0.5383,39.06,-10.50,48.09
4.3137,-0.7061,0.6407,-0.5378,38.29,-10.15,47.11
4.3138,-0.7086,0.6446,-0.5412,37.94,-9.73,47.53
4.3140,-0.7130,0.6446,-0.5441,37.17,-10.15,46.48
4.3141,-0.7115,0.6442,-0.5456,36.75,-9.17,46.55
4.3142,-0.7091,0.6442,-0.5510,35.84,-9.10,45.50
4.3143,-0.7159,0.6398,-0.5519,35.56,-8.61,45.64
4.3156,-0.7208,0.6383,-0.5549,34.72,-8.26,44.66
4.3169,-0.7183,0.6398,-0.5549,34.51,-8.12,44.45
4.3182,-0.7218,0.6403,-0.5529,33.53,-7.77,44.17
4.3195,-0.7291,0.6422,-0.5568,33.11,-7.91,43.12
4.3208,-0.7291,0.6378,-0.5592,32.83,-6.86,42.91
4.3220,-0.7300,0.6359,-0.5592,32.41,-7.28,42.63
4.3233,-0.7359,0.6373,-0.5622,31.57,-6.02,41.86
4.3246,-0.7413,0.6373,-0.5671,30.80,-6.72,41.23
4.3259,-0.7418,0.6359,-0.5729,30.66,-5.60,40.39
4.3272,-0.7403,0.6339,-0.5758,29.75,-5.95,39.83
4.3285,-0.7413,0.6320,-0.5749,29.47,-4.83,39.34
4.3297,-0.7422,0.6320,-0.5773,28.70,-5.46,38.15
4.3310,-0.7476,0.6329,-0.5807,28.14,-4.13,38.50
4.3323,-0.7501,0.6334,-0.5817,27.51,-4.55,36.96
4.3336,-0.7525,0.6354,-0.5841,27.23,-3.85,37.03
4.3349,-0.7588,0.6329,-0.5885,26.67,-3.78,35.98
4.3362,-0.7569,0.6320,-0.5934,26.18,-3.22,35.21
4.3374,-0.7549,0.6329,-0.5968,25.62,-2.45,34.72
4.3387,-0.7574,0.6324,-0.5963,25.27,-2.80,33.88
4.3400,-0.7642,0.6324,-0.5968,24.36,-2.03,33.39
4.3406,-0.7710,0.6310,-0.6037,24.22,-1.47,32.48
4.3411,-0.7691,0.6329,-0.6027,23.17,-1.19,31.01
4.3417,-0.7710,0.6383,-0.6061,22.89,-0.35,30.52
4.3423,-0.7774,0.6437,-0.6120,21.77,-0.14,29.54
4.3428,-0.7832,0.6417,-0.6134,21.77,0.56,29.19
4.3434,-0.7832,0.6446,-0.6163,21.14,0.49,28.28
4.3440,-0.7842,0.6495,-0.6188,20.93,1.40,27.65
4.3445,-0.7871,0.6495,-0.6188,20.16,1.61,26.46
4.3451,-0.7910,0.6549,-0.6222,20.02,2.10,26.53
4.3456,-0.7925,0.6598,-0.6242,19.25,2.80,25.06
4.3462,-0.7920,0.6622,-0.6266,19.39,2.87,24.99
4.3468,-0.7998,0.6671,-0.6305,18.20,3.71,23.66
4.3473,-0.8047,0.6705,-0.6305,18.76,3.71,23.24
4.3479,-0.8062,0.6739,-0.6339,17.92,4.69,22.19
4.3485,-0.8062,0.6778,-0.6398,18.13,4.83,21.56
4.3490,-0.8067,0.6817,-0.6407,17.22,5.32,20.72
4.3496,-0.8120,0.6886,-0.6427,17.08,5.81,19.88
4.3501,-0.8169,0.6969,-0.6456,16.73,6.23,18.90
4.3507,-0.8154,0.7013,-0.6520,16.10,7.28,18.62
4.3513,-0.8164,0.7037,-0.6534,15.61,7.56,16.59
4.3518,-0.8208,0.7066,-0.6583,15.33,8.12,15.75
4.3523,-0.8257,0.7081,-0.6583,15.12,8.89,15.40
4.3528,-0.8257,0.7096,-0.6632,14.63,9.31,14.28
4.3533,-0.8281,0.7144,-0.6627,14.49,10.08,13.30
4.3538,-0.8296,0.7174,-0.6637,14.42,10.50,12.60
4.3543,-0.8311,0.7183,-0.6720,14.49,10.78,11.69
4.3548,-0.8320,0.7232,-0.6739,13.51,11.62,11.06
4.3554,-0.8311,0.7271,-0.6739,14.00,11.97,10.15
4.3559,-0.8350,0.7305,-0.6783,13.23,12.53,9.10
4.3564,-0.8330,0.7320,-0.6812,13.51,12.81,8.54
4.3569,-0.8335,0.7374,-0.6812,12.95,13.86,7.56
4.3574,-0.8340,0.7393,-0.6817,13.02,14.00,7.21
4.3579,-0.8316,0.7418,-0.6876,12.81,14.56,6.09
4.3584,-0.8311,0.7466,-0.6910,12.67,14.98,5.32
4.3589,-0.8316,0.7452,-0.6920,12.25,15.75,4.62
4.3594,-0.8301,0.7496,-0.6939,12.18,15.89,3.50
4.3599,-0.8276,0.7496,-0.6974,12.32,16.66,3.01
4.3605,-0.8262,0.7476,-0.7017,11.90,16.94,2.31
4.3610,-0.8340,0.7491,-0.7008,11.90,17.92,1.89
4.3615,-0.8389,0.7496,-0.7017,11.48,18.13,0.84
4.3621,-0.8355,0.7520,-0.7042,11.69,19.04,0.42
4.3626,-0.8398,0.7496,-0.7042,11.62,19.18,-0.56
4.3632,-0.8384,0.7505,-0.7056,11.13,19.53,-0.98
4.3638,-0.8384,0.7549,-0.7056,11.41,20.44,-1.47
4.3644,-0.8389,0.7564,-0.7076,11.20,21.00,-1.89
4.3650,-0.8413,0.7588,-0.7086,10.64,21.21,-2.87
4.3656,-0.8462,0.7627,-0.7076,10.92,22.12,-3.01
4.3661,-0.8477,0.7598,-0.7115,10.85,22.40,-4.13
4.3667,-0.8472,0.7569,-0.7130,10.78,23.24,-3.99
4.3673,-0.8442,0.7584,-0.7135,10.64,23.66,-5.25
4.3679,-0.8457,0.7608,-0.7169,10.50,24.43,-4.97
4.3685,-0.8472,0.7608,-0.7178,10.29,24.57,-6.58
4.3690,-0.8472,0.7559,-0.7188,10.29,25.34,-5.88
4.3696,-0.8481,0.7544,-0.7213,10.15,25.90,-7.42
4.3702,-0.8477,0.7549,-0.7232,9.87,26.53,-7.00
4.3708,-0.8457,0.7559,-0.7242,9.87,27.23,-7.91
4.3714,-0.8457,0.7559,-0.7247,10.22,27.37,-8.33
4.3720,-0.8452,0.7569,-0.7232,9.59,28.70,-8.47
4.3725,-0.8423,0.7588,-0.7218,9.52,28.91,-9.17
4.3731,-0.8374,0.7579,-0.7203,9.59,29.82,-8.82
4.3737,-0.8355,0.7579,-0.7178,9.52,30.10,-10.57
4.3743,-0.8350,0.7627,-0.7183,9.10,30.17,-9.80
4.3748,-0.8364,0.7637,-0.7188,8.96,31.29,-11.06
4.3754,-0.8379,0.7637,-0.7178,9.10,31.71,-10.71
4.3760,-0.8374,0.7647,-0.7164,8.89,32.06,-11.76
4.3765,-0.8345,0.7666,-0.7149,8.75,32.55,-11.55
4.3771,-0.8301,0.7652,-0.7174,8.47,33.95,-12.46
4.3777,-0.8330,0.7647,-0.7178,8.96,33.53,-12.74
4.3783,-0.8335,0.7696,-0.7149,8.26,34.44,-13.65
4.3788,-0.8311,0.7647,-0.7135,8.26,34.86,-13.30
4.3794,-0.8276,0.7593,-0.7115,7.84,35.49,-14.21
4.3800,-0.8267,0.7618,-0.7096,7.91,36.12,-14.00
4.3805,-0.8316,0.7637,-0.7100,7.84,36.61,-14.70
4.3811,-0.8296,0.7608,-0.7096,8.05,37.38,-15.05
4.3817,-0.8272,0.7579,-0.7061,7.56,37.45,-15.26
4.3822,-0.8276,0.7564,-0.7022,7.42,38.15,-15.96
4.3828,-0.8276,0.7554,-0.7061,7.28,38.57,-16.17
4.3834,-0.8242,0.7554,-0.7076,7.00,39.41,-16.80
4.3840,-0.8179,0.7535,-0.7042,7.07,40.11,-16.17
4.3845,-0.8174,0.7501,-0.7027,6.58,40.60,-17.43
4.3860,-0.8174,0.7510,-0.7017,6.37,40.74,-17.22
4.3874,-0.8145,0.7510,-0.7027,6.16,41.30,-18.34
4.3888,-0.8120,0.7471,-0.7056,5.81,42.00,-17.64
4.3903,-0.8091,0.7452,-0.7037,5.88,42.35,-18.90
4.3917,-0.8042,0.7447,-0.7022,5.60,42.91,-18.41
4.3932,-0.8042,0.7462,-0.7037,5.11,43.40,-19.25
4.3946,-0.8052,0.7413,-0.7022,5.32,43.82,-19.18
4.3960,-0.8013,0.7354,-0.6974,4.69,44.66,-20.16
4.3975,-0.8003,0.7354,-0.6964,4.83,44.73,-19.60
4.3989,-0.7969,0.7320,-0.6988,4.27,45.29,-20.72
4.4003,-0.7935,0.7330,-0.6969,4.13,46.06,-20.30
4.4018,-0.7901,0.7340,-0.6949,3.85,46.34,-20.93
4.4032,-0.7832,0.7300,-0.6925,3.57,46.62,-21.14
4.4047,-0.7813,0.7300,-0.6939,3.22,47.25,-21.00
4.4061,-0.7788,0.7222,-0.6910,3.22,47.53,-21.98
4.4075,-0.7788,0.7213,-0.6915,2.45,48.37,-22.75
4.4090,-0.7740,0.7198,-0.6905,2.10,48.30,-21.28
4.4104,-0.7681,0.7193,-0.6876,1.68,49.07,-23.10
4.4119,-0.7647,0.7154,-0.6856,1.68,49.35,-22.26
4.4133,-0.7618,0.7144,-0.6886,1.05,50.26,-23.17
4.4133,-0.7584,0.7144,-0.6910,0.63,50.05,-22.68
4.4134,-0.7574,0.7120,-0.6871,0.21,50.75,-23.73
4.4134,-0.7574,0.7100,-0.6837,0.28,50.96,-23.31
4.4135,-0.7540,0.7100,-0.6832,-0.70,51.87,-23.94
4.4135,-0.7505,0.7086,-0.6822,-0.35,51.66,-24.22
4.4136,-0.7486,0.7076,-0.6817,-1.19,52.43,-24.36
4.4136,-0.7437,0.7076,-0.6783,-1.40,52.29,-24.92
4.4137,-0.7393,0.7076,-0.6730,-2.17,53.13,-24.50
4.4137,-0.7379,0.7081,-0.6730,-1.89,52.99,-25.27
4.4138,-0.7320,0.7071,-0.6744,-2.59,53.69,-24.92
4.4139,-0.7291,0.7086,-0.6744,-2.87,53.69,-25.55
4.4139,-0.7286,0.7086,-0.6695,-3.08,54.32,-25.55
4.4140,-0.7252,0.7066,-0.6656,-3.85,54.32,-26.04
4.4140,-0.7227,0.7042,-0.6666,-3.57,54.81,-25.83
4.4141,-0.7232,0.7047,-0.6671,-4.55,55.16,-26.81
4.4141,-0.7213,0.7081,-0.6666,-4.34,55.58,-25.97
4.4142,-0.7183,0.7110,-0.6637,-5.39,55.65,-27.23
4.4142,-0.7125,0.7105,-0.6627,-5.18,56.00,-26.67
4.4143,-0.7086,0.7086,-0.6612,-6.16,55.51,-27.65
4.4143,-0.7061,0.7100,-0.6603,-6.02,56.49,-27.16
4.4151,-0.7022,0.7105,-0.6588,-7.07,56.63,-28.07
4.4158,-0.7022,0.7115,-0.6573,-6.79,56.77,-27.86
4.4166,-0.6983,0.7135,-0.6568,-7.63,57.68,-28.21
4.4173,-0.6925,0.7154,-0.6554,-7.70,57.33,-28.77
4.4180,-0.6920,0.7159,-0.6573,-8.12,57.54,-28.84
4.4188,-0.6886,0.7183,-0.6564,-8.47,57.61,-29.40
4.4195,-0.6837,0.7222,-0.6515,-9.03,58.31,-28.98
4.4203,-0.6837,0.7247,-0.6544,-9.45,58.24,-29.89
4.4210,-0.6812,0.7252,-0.6544,-9.52,58.59,-29.40
4.4218,-0.6783,0.7252,-0.6510,-10.36,58.24,-30.73
4.4225,-0.6759,0.7247,-0.6515,-10.57,59.22,-29.96
4.4233,-0.6705,0.7252,-0.6505,-11.06,58.52,-31.29
4.4240,-0.6686,0.7271,-0.6471,-10.99,59.29,-30.52
4.4248,-0.6666,0.7261,-0.6432,-11.76,59.15,-31.64
4.4255,-0.6642,0.7276,-0.6432,-11.76,59.71,-31.01
4.4263,-0.6681,0.7315,-0.6442,-12.60,59.85,-31.92
4.4270,-0.6686,0.7374,-0.6442,-12.60,59.71,-31.85
4.4278,-0.6603,0.7398,-0.6422,-13.44,59.71,-32.62
4.4285,-0.6578,0.7359,-0.6364,-13.30,60.06,-32.41
4.4293,-0.6622,0.7310,-0.6334,-14.14,60.20,-33.32
4.4293,-0.6612,0.7330,-0.6354,-13.93,59.99,-33.04
4.4294,-0.6603,0.7349,-0.6349,-14.70,60.41,-33.74
4.4294,-0.6564,0.7388,-0.6334,-14.91,60.55,-33.81
4.4295,-0.6529,0.7442,-0.6334,-15.05,60.90,-33.95
4.4295,-0.6534,0.7452,-0.6349,-15.47,60.48,-34.58
4.4296,-0.6515,0.7471,-0.6324,-15.96,61.04,-34.93
4.4296,-0.6486,0.7471,-0.6315,-16.45,60.90,-35.21
4.4296,-0.6451,0.7505,-0.6305,-16.52,61.39,-34.93
4.4297,-0.6417,0.7501,-0.6285,-17.08,60.97,-35.91
4.4297,-0.6388,0.7447,-0.6271,-17.08,61.32,-35.49
4.4298,-0.6383,0.7476,-0.6295,-17.92,61.18,-36.82
4.4298,-0.6364,0.7520,-0.5056,-17.92,61.46,-35.63
4.4299,-0.6324,0.7535,-0.6232,-18.41,60.97,-37.87
4.4299,-0.6344,0.7584,-0.6227,-18.55,61.95,-35.84
4.4300,-0.6359,0.7613,-0.6227,-18.83,61.81,-37.94
4.4300,-0.6324,0.7613,-0.6188,-19.04,62.09,-36.96
4.4301,-0.6276,0.7662,-0.6173,-19.39,61.81,-38.22
4.4301,-0.6271,0.7671,-0.6154,-19.88,62.51,-37.24
4.4302,-0.6256,0.7681,-0.6134,-20.02,61.88,-38.92
4.4302,-0.6232,0.7725,-0.6144,-20.23,62.44,-37.87
4.4307,-0.6212,0.7725,-0.6129,-20.79,61.88,-39.13
4.4312,-0.6217,0.7740,-0.6095,-20.30,62.58,-38.43
4.4317,-0.6217,0.7784,-0.6066,-21.63,62.23,-39.55
4.4322,-0.6168,0.7759,-0.6027,-20.93,62.65,-39.27
4.4327,-0.6154,0.7764,-0.6037,-22.26,62.51,-39.41
4.4332,-0.6178,0.7788,-0.6046,-21.49,62.30,-40.25
4.4337,-0.6173,0.7818,-0.6046,-22.54,62.65,-39.62
4.4342,-0.6129,0.7867,-0.6046,-22.33,62.65,-40.74
4.4347,-0.6100,0.7847,-0.6037,-23.17,63.00,-39.97
4.4352,-0.6129,0.7852,-0.6022,-22.75,62.79,-41.16
4.4357,-0.6124,0.7881,-0.6022,-23.73,62.58,-40.46
4.4362,-0.6095,0.7915,-0.6022,-23.59,62.37,-41.93
4.4367,-0.6105,0.7906,-0.6002,-23.94,62.72,-40.95
4.4372,-0.6090,0.7925,-0.6012,-23.87,63.21,-41.79
4.4377,-0.6076,0.7984,-0.6022,-23.87,62.79,-41.44
4.4382,-0.6085,0.7998,-0.5983,-25.06,63.56,-42.00
4.4387,-0.6129,0.8018,-0.5973,-25.48,63.49,-42.00
4.4392,-0.6110,0.8018,-0.5993,-24.92,62.79,-42.84
4.4397,-0.6115,0.8023,-0.5968,-25.55,63.77,-41.86
4.4402,-0.6080,0.8037,-0.5954,-25.13,62.58,-43.54
4.4408,-0.6041,0.8081,-0.5958,-26.04,64.05,-42.21
4.4415,-0.6056,0.8091,-0.5919,-25.69,62.93,-43.61
4.4421,-0.6046,0.8057,-0.5871,-26.25,64.12,-42.21
4.4427,-0.6066,0.8032,-0.5890,-26.60,63.42,-44.17
4.4434,-0.6105,0.8062,-0.5890,-26.25,63.77,-42.49
4.4440,-0.6110,0.8081,-0.5866,-27.02,63.28,-44.38
4.4446,-0.6090,0.8072,-0.5832,-26.53,63.98,-43.12
4.4453,-0.6061,0.8096,-0.5836,-27.93,63.84,-44.31
4.4459,-0.6061,0.8101,-0.5866,-26.81,63.91,-43.47
4.4466,-0.6085,0.8101,-0.5851,-28.00,63.98,-44.10
4.4472,-0.6095,0.8115,-0.5797,-27.37,63.77,-44.45
4.4478,-0.6076,0.8106,-0.5812,-27.72,63.63,-44.66
4.4485,-0.6061,0.8150,-0.5812,-28.84,64.54,-43.82
4.4491,-0.6056,0.8150,-0.5783,-28.49,64.05,-44.52
4.4497,-0.6061,0.8125,-0.5773,-28.77,64.47,-43.82
4.4504,-0.6066,0.8106,-0.5768,-28.91,64.26,-44.66
4.4510,-0.6061,0.8086,-0.5744,-29.19,64.61,-43.96
4.4517,-0.6056,0.8106,-0.5758,-29.61,64.33,-44.87
4.4523,-0.6080,0.8120,-0.5729,-29.33,64.61,-44.31
4.4529,-0.6090,0.8096,-0.5671,-30.38,64.68,-44.73
4.4535,-0.6046,0.8081,-0.5671,-29.68,64.82,-44.24
4.4540,-0.6017,0.8101,-0.5651,-30.66,64.89,-44.66
4.4546,-0.6046,0.8091,-0.5685,-30.03,64.82,-44.38
4.4551,-0.6056,0.8086,-0.5656,-31.29,65.03,-44.52
4.4556,-0.6066,0.8081,-0.5617,-30.66,64.75,-44.10
4.4562,-0.6076,0.8091,-0.5641,-31.29,65.10,-44.87
4.4567,-0.6056,0.8120,-0.5651,-31.29,65.03,-44.24
4.4573,-0.6061,0.8120,-0.5641,-31.57,65.45,-44.38
4.4578,-0.6051,0.8106,-0.5612,-31.50,65.59,-43.89
4.4583,-0.6002,0.8067,-0.5583,-32.13,65.24,-44.10
4.4589,-0.6017,0.8042,-0.5549,-32.27,65.59,-44.10
4.4594,-0.6017,0.8052,-0.5534,-32.48,65.45,-43.75
4.4599,-0.6017,0.8057,-0.5500,-32.76,65.80,-43.82
4.4605,-0.6051,0.8042,-0.5534,-32.34,65.80,-43.82
4.4610,-0.6076,0.8037,-0.5583,-33.53,66.22,-43.61
4.4616,-0.6076,0.8052,-0.5563,-33.18,65.80,-43.61
4.4621,-0.6085,0.8028,-0.5544,-33.95,66.50,-43.19
4.4626,-0.6056,0.8003,-0.5539,-33.67,66.15,-43.54
4.4632,-0.6002,0.7989,-0.5514,-34.16,66.36,-43.12
4.4637,-0.5993,0.8013,-0.5456,-34.16,66.43,-42.84
4.4643,-0.6027,0.8003,-0.5475,-34.58,66.71,-42.91
4.4648,-0.6027,0.7954,-0.5505,-34.72,66.71,-42.63
4.4654,-0.5963,0.7945,-0.5480,-35.14,66.92,-42.63
4.4659,-0.5958,0.7940,-0.5475,-35.21,66.50,-42.56
4.4665,-0.5993,0.7925,-0.5500,-35.35,67.34,-42.21
4.4670,-0.6002,0.7876,-0.5485,-35.98,66.85,-42.14
4.4675,-0.5983,0.7857,-0.5470,-36.19,67.69,-42.00
4.4681,-0.5939,0.7857,-0.5475,-36.54,66.92,-41.72
4.4686,-0.5915,0.7862,-0.5475,-36.82,67.90,-41.09
4.4692,-0.5919,0.7871,-0.5456,-36.89,67.34,-42.00
4.4697,-0.5900,0.7837,-0.5397,-37.10,68.04,-40.18
4.4703,-0.5910,0.7828,-0.5392,-37.80,67.34,-41.65
4.4708,-0.5890,0.7837,-0.5388,-37.87,67.97,-39.97
4.4714,-0.5851,0.7774,-0.5358,-38.64,67.83,-41.23
4.4719,-0.5846,0.7769,-0.5383,-38.57,68.25,-39.69
4.4725,-0.5822,0.7793,-0.5392,-38.99,67.90,-41.23
4.4730,-0.5836,0.7784,-0.5358,-39.06,68.18,-39.62
4.4736,-0.5851,0.7784,-0.5363,-39.55,68.46,-40.04
4.4741,-0.5832,0.7769,-0.5358,-39.69,68.11,-39.76
4.4747,-0.5827,0.7740,-0.5314,-40.39,68.67,-39.55
4.4752,-0.5812,0.7701,-0.5319,-40.39,68.04,-39.62
4.4758,-0.5827,0.7691,-0.5314,-40.67,68.88,-38.71
4.4763,-0.5832,0.7701,-0.5275,-40.95,68.11,-39.69
4.4768,-0.5817,0.7642,-0.5266,-41.51,69.58,-38.29
4.4774,-0.5807,0.7608,-0.5236,-41.72,68.67,-39.41
4.4779,-0.5822,0.7613,-0.5251,-42.14,69.44,-38.01
4.4785,-0.5827,0.7569,-0.5261,-42.84,69.72,-37.24
4.4790,-0.5797,0.7554,-0.5275,-43.40,69.09,-38.50
4.4796,-0.5768,0.7535,-0.5241,-43.82,69.72,-37.31
4.4801,-0.5797,0.7510,-0.5158,-44.31,69.30,-38.50
4.4807,-0.5817,0.7540,-0.5124,-44.52,69.72,-37.03
4.4812,-0.5788,0.7510,-0.5158,-45.29,69.72,-38.22
4.4817,-0.5729,0.7437,-0.5148,-45.29,70.14,-36.96
4.4823,-0.5729,0.7393,-0.5104,-46.27,69.93,-37.52
4.4828,-0.5749,0.7364,-0.5100,-45.78,70.28,-36.75
4.4834,-0.5695,0.7335,-0.5090,-47.25,70.28,-37.24
4.4839,-0.5646,0.7300,-0.5075,-46.62,70.28,-36.61
4.4845,-0.5641,0.7266,-0.5075,-48.02,70.56,-36.96
4.4850,-0.5661,0.7242,-0.5080,-48.09,70.70,-36.61
4.4856,-0.5661,0.7213,-0.5085,-48.79,70.70,-36.75
4.4871,-0.5666,0.7144,-0.5075,-49.07,70.70,-36.89
4.4886,-0.5632,0.7130,-0.5056,-49.63,71.40,-36.12
4.4902,-0.5568,0.7139,-0.5041,-50.19,70.84,-36.54
4.4917,-0.5544,0.7110,-0.5061,-50.96,71.40,-36.05
4.4932,-0.5563,0.7052,-0.5041,-51.31,71.05,-36.61
4.4948,-0.5563,0.7008,-0.5022,-51.94,71.19,-36.40
4.4963,-0.5524,0.7027,-0.5022,-52.36,70.98,-36.82
4.4979,-0.5514,0.6993,-0.4997,-52.85,71.54,-36.05
4.4994,-0.5495,0.6959,-0.4978,-53.62,71.47,-37.10
4.5009,-0.5456,0.6949,-0.4939,-54.04,72.24,-35.63
4.5025,-0.5436,0.6934,-0.4900,-54.60,71.26,-37.31
4.5040,-0.5446,0.6939,-0.4890,-55.30,71.96,-36.12
4.5056,-0.5422,0.6949,-0.4929,-55.72,71.40,-37.52
4.5071,-0.5373,0.6944,-0.4943,-56.42,72.59,-35.98
4.5086,-0.5378,0.6895,-0.4909,-57.26,71.61,-37.94
4.5102,-0.5397,0.6871,-0.4895,-57.61,72.73,-36.26
4.5117,-0.5363,0.6866,-0.4856,-58.52,72.03,-37.87
4.5133,-0.5363,0.6827,-0.4865,-58.73,72.52,-36.96
4.5148,-0.5378,0.6788,-0.4919,-59.99,72.10,-38.08
4.5163,-0.5339,0.6788,-0.4914,-60.06,72.52,-37.52
4.5164,-0.5270,0.6769,-0.4890,-60.97,72.66,-38.29
4.5165,-0.5241,0.6710,-0.4846,-61.39,72.38,-38.22
4.5165,-0.5246,0.6710,-0.4802,-62.30,72.66,-38.01
4.5166,-0.5241,0.6720,-0.4802,-62.72,72.66,-38.71
4.5167,-0.5192,0.6705,-0.4836,-63.21,73.01,-38.29
4.5167,-0.5129,0.6676,-0.4841,-64.47,72.45,-39.34
4.5168,-0.5144,0.6656,-0.4807,-64.54,73.43,-38.92
4.5169,-0.5124,0.6632,-0.4841,-65.45,72.31,-39.97
4.5169,-0.5090,0.6608,-0.4846,-66.29,73.22,-39.27
4.5170,-0.5061,0.6608,-0.4826,-67.20,72.59,-40.53
4.5171,-0.5017,0.6568,-0.4841,-67.62,73.29,-39.55
4.5171,-0.5017,0.6529,-0.4792,-68.39,72.52,-41.58
4.5172,-0.4982,0.6544,-0.4768,-68.95,73.50,-40.11
4.5173,-0.4939,0.6554,-0.4782,-69.93,72.52,-42.00
4.5173,-0.4953,0.6564,-0.4768,-70.21,73.15,-40.81
4.5174,-0.4968,0.6564,-0.4724,-71.47,72.52,-42.35
4.5174,-0.4953,0.6534,-0.4753,-71.75,73.29,-41.58
4.5175,-0.4924,0.6525,-0.4782,-72.87,72.66,-42.77
4.5176,-0.4929,0.6529,-0.4729,-73.15,72.73,-42.49
4.5176,-0.4963,0.6500,-0.4699,-74.34,72.73,-43.26
4.5183,-0.4968,0.6490,-0.4704,-74.55,73.01,-43.47
4.5189,-0.4934,0.6500,-0.4680,-75.32,72.80,-43.82
4.5196,-0.4939,0.6505,-0.4665,-76.23,72.87,-43.82
4.5202,-0.4929,0.6515,-0.4685,-76.93,73.36,-43.89
4.5208,-0.4880,0.6505,-0.4665,-77.49,73.22,-44.73
4.5215,-0.4943,0.6525,-0.4621,-78.19,73.43,-44.87
4.5221,-0.4939,0.6559,-0.4592,-79.17,72.59,-45.64
4.5227,-0.4890,0.6549,-0.4597,-79.52,73.15,-45.36
4.5234,-0.4865,0.6520,-0.4587,-80.78,73.08,-46.06
4.5240,-0.4817,0.6525,-0.4568,-80.71,73.64,-46.06
4.5246,-0.4831,0.6554,-0.4582,-81.97,72.38,-47.04
4.5253,-0.4846,0.6583,-0.4607,-81.97,73.36,-45.99
4.5259,-0.4826,0.6564,-0.4553,-83.44,72.94,-47.60
4.5265,-0.4787,0.6564,-0.4490,-83.44,73.36,-47.11
4.5272,-0.4802,0.6617,-0.4504,-84.70,72.94,-47.88
4.5278,-0.4817,0.6671,-0.4548,-84.84,72.94,-47.60
4.5284,-0.4782,0.6734,-0.4573,-86.10,73.22,-48.30
4.5291,-0.4738,0.6769,-0.4524,-86.31,72.87,-48.44
4.5297,-0.4729,0.6764,-0.4494,-87.36,73.36,-48.79
4.5303,-0.4773,0.6773,-0.4460,-87.64,72.87,-48.79
4.5309,-0.4743,0.6827,-0.4441,-88.55,73.01,-49.07
4.5314,-0.4685,0.6866,-0.4431,-88.62,73.01,-49.70
4.5320,-0.4621,0.6949,-0.4397,-89.95,73.22,-49.70
4.5325,-0.4597,0.6954,-0.4407,-90.37,73.36,-49.91
4.5331,-0.4616,0.6974,-0.4451,-91.35,73.36,-50.26
4.5336,-0.4656,0.6993,-0.4475,-91.56,73.15,-50.61
4.5342,-0.4616,0.7003,-0.4480,-92.47,73.01,-51.10
4.5347,-0.4602,0.7056,-0.4451,-92.54,73.01,-50.68
4.5353,-0.4636,0.7100,-0.4446,-93.45,73.22,-51.17
4.5358,-0.4621,0.7130,-0.4480,-93.66,72.94,-51.03
4.5364,-0.4602,0.7135,-0.4534,-94.71,72.73,-51.94
4.5369,-0.4597,0.7149,-0.4553,-94.50,73.15,-51.45
4.5375,-0.4563,0.7222,-0.4524,-95.48,73.08,-52.43
4.5380,-0.4534,0.7276,-0.4519,-95.48,72.73,-51.59
4.5386,-0.4494,0.7291,-0.4524,-96.53,73.01,-52.57
4.5391,-0.4470,0.7291,-0.4534,-96.60,73.22,-52.22
4.5396,-0.4480,0.7271,-0.4514,-97.44,72.87,-52.85
4.5402,-0.4451,0.7296,-0.4485,-97.58,72.45,-52.78
4.5407,-0.4441,0.7330,-0.4504,-98.28,72.66,-52.85
4.5413,-0.4446,0.7320,-0.4514,-98.35,72.80,-52.92
4.5419,-0.4416,0.7383,-0.4480,-99.40,72.31,-53.20
4.5425,-0.4412,0.7447,-0.4485,-99.26,72.66,-53.27
4.5431,-0.4397,0.7398,-0.4504,-99.96,72.59,-53.41
4.5437,-0.4382,0.7340,-0.4490,-100.38,72.31,-53.48
4.5443,-0.4397,0.7354,-0.4480,-100.80,72.45,-53.27
4.5449,-0.4392,0.7383,-0.4465,-101.29,72.45,-54.04
4.5455,-0.4387,0.7354,-0.4475,-101.22,72.31,-53.20
4.5461,-0.4358,0.7369,-0.4494,-102.34,72.52,-54.11
4.5467,-0.4363,0.7388,-0.4470,-102.34,72.52,-53.55
4.5473,-0.4377,0.7364,-0.4455,-103.25,72.45,-54.32
4.5479,-0.4348,0.7374,-0.4460,-102.90,72.31,-53.55
4.5485,-0.4353,0.7403,-0.4441,-104.16,72.17,-54.32
4.5491,-0.4358,0.7388,-0.4421,-103.95,72.10,-53.55
4.5497,-0.4363,0.7374,-0.4465,-104.51,71.82,-54.32
4.5503,-0.4372,0.7364,-0.4475,-105.14,72.10,-53.76
4.5509,-0.4348,0.7349,-0.4426,-105.28,72.10,-53.83
4.5515,-0.4324,0.7388,-0.4402,-105.70,72.17,-53.83
4.5521,-0.4299,0.7422,-0.4421,-106.19,71.75,-53.69
4.5527,-0.4294,0.7432,-0.4436,-106.33,72.24,-53.41
4.5533,-0.4319,0.7422,-0.4392,-106.89,71.54,-53.69
4.5539,-0.4314,0.7452,-0.4392,-107.45,71.68,-53.41
4.5545,-0.4314,0.7457,-0.4363,-108.01,71.68,-53.76
4.5551,-0.4270,0.7452,-0.4299,-108.50,72.10,-52.64
4.5557,-0.4314,0.7491,-0.4304,-108.85,72.10,-53.41
4.5563,-0.4338,0.7496,-0.4338,-108.99,71.26,-52.71
4.5568,-0.4319,0.7496,-0.4348,-109.62,72.10,-52.78
4.5574,-0.4329,0.7525,-0.4319,-110.18,71.54,-52.50
4.5580,-0.4358,0.7525,-0.4270,-110.04,72.03,-52.43
4.5586,-0.4343,0.7505,-0.4280,-110.18,71.54,-52.29
4.5592,-0.4338,0.7496,-0.4285,-111.09,72.17,-51.73
4.5598,-0.4338,0.7510,-0.4246,-110.88,71.75,-52.15
4.5604,-0.4338,0.7520,-0.4250,-111.37,71.96,-51.59
4.5610,-0.4348,0.7510,-0.4285,-111.72,71.75,-51.59
4.5616,-0.4343,0.7540,-0.4265,-112.21,72.03,-51.03
4.5622,-0.4372,0.7540,-0.4255,-112.63,71.75,-51.59
4.5628,-0.4392,0.7535,-0.4265,-112.70,71.96,-50.82
4.5633,-0.4368,0.7525,-0.4250,-113.05,71.96,-50.89
4.5639,-0.4368,0.7496,-0.4275,-113.75,72.31,-50.26
4.5645,-0.4397,0.7486,-0.4250,-113.89,72.03,-50.33
4.5651,-0.4363,0.7476,-0.4216,-114.10,71.82,-50.19
4.5656,-0.4338,0.7540,-0.4250,-114.31,72.38,-49.56
4.5661,-0.4309,0.7525,-0.4236,-115.36,72.31,-49.77
4.5666,-0.4309,0.7491,-0.4177,-115.36,72.38,-49.28
4.5671,-0.4304,0.7452,-0.4143,-116.34,72.59,-49.42
4.5676,-0.4290,0.7452,-0.4153,-115.85,72.31,-48.72
4.5681,-0.4309,0.7447,-0.4153,-116.69,72.73,-48.86
4.5686,-0.4304,0.7432,-0.4172,-116.69,72.24,-48.93
4.5691,-0.4309,0.7403,-0.4202,-117.39,72.87,-48.51
4.5696,-0.4329,0.7403,-0.4163,-117.60,72.45,-48.51
4.5701,-0.4348,0.7408,-0.4163,-117.95,72.94,-47.95
4.5706,-0.4294,0.7398,-0.4192,-118.44,72.45,-48.16
4.5711,-0.4275,0.7403,-0.4231,-118.65,73.15,-47.60
4.5716,-0.4343,0.7374,-0.4211,-119.21,72.52,-47.88
4.5721,-0.4338,0.7335,-0.4172,-119.42,73.15,-46.97
4.5726,-0.4299,0.7315,-0.4172,-119.84,72.73,-47.67
4.5731,-0.4275,0.7271,-0.4148,-119.98,72.73,-46.83
4.5736,-0.4285,0.7227,-0.4148,-120.96,72.73,-47.39
4.5741,-0.4290,0.7232,-0.4153,-120.96,73.01,-46.27
4.5746,-0.4280,0.7232,-0.4143,-121.52,73.29,-46.90
4.5751,-0.4270,0.7183,-0.4148,-121.66,73.29,-46.06
4.5757,-0.4270,0.7149,-0.4128,-122.50,73.43,-46.69
4.5762,-0.4255,0.7115,-0.4128,-122.57,73.78,-45.64
4.5768,-0.4221,0.7061,-0.4109,-123.20,73.36,-45.85
4.5773,-0.4231,0.7022,-0.4099,-123.48,73.50,-45.50
4.5779,-0.4250,0.7027,-0.4119,-124.32,73.85,-45.43
4.5784,-0.4260,0.7013,-0.4099,-124.46,73.71,-45.15
4.5789,-0.4265,0.6959,-0.4089,-125.16,73.99,-45.01
4.5795,-0.4265,0.6895,-0.4050,-125.30,74.06,-44.66
4.5800,-0.4255,0.6817,-0.4011,-126.28,74.27,-44.80
4.5806,-0.4285,0.6803,-0.3987,-126.42,73.85,-44.38
4.5811,-0.4270,0.6783,-0.3987,-127.05,74.48,-43.82
4.5817,-0.4236,0.6715,-0.4016,-127.61,74.41,-43.75
4.5822,-0.4260,0.6651,-0.3972,-127.54,74.76,-42.98
4.5827,-0.4290,0.6622,-0.3919,-128.73,74.27,-43.54
4.5833,-0.4343,0.6588,-0.3909,-128.94,75.39,-42.21
4.5838,-0.4338,0.6534,-0.3884,-129.92,75.39,-41.51
4.5844,-0.4309,0.6520,-0.3899,-131.32,74.97,-42.56
4.5849,-0.4324,0.6461,-0.3875,-131.18,76.09,-41.02
4.5854,-0.4368,0.6339,-0.3855,-132.23,75.39,-41.72
4.5860,-0.4392,0.6285,-0.3855,-132.30,76.16,-40.11
4.5874,-0.4372,0.6290,-0.3845,-133.42,75.88,-41.02
4.5888,-0.4343,0.6256,-0.3816,-133.77,76.30,-39.97
4.5902,-0.4343,0.6202,-0.3831,-134.82,76.51,-40.04
4.5916,-0.4372,0.6168,-0.3855,-134.96,76.86,-39.27
4.5930,-0.4358,0.6129,-0.3811,-136.01,76.79,-39.41
4.5943,-0.4348,0.6095,-0.3767,-136.22,77.00,-38.50
4.5957,-0.4363,0.6056,-0.3738,-137.06,77.56,-38.64
4.5971,-0.4343,0.6012,-0.3753,-137.83,77.56,-38.15
4.5985,-0.4338,0.5983,-0.3748,-138.53,77.63,-38.15
4.5999,-0.4343,0.5983,-0.3733,-139.16,77.77,-37.73
4.6013,-0.4358,0.5978,-0.3743,-139.93,78.61,-37.10
4.6027,-0.4377,0.5924,-0.3719,-140.35,78.82,-36.82
4.6041,-0.4358,0.5876,-0.3743,-141.33,79.03,-36.40
4.6055,-0.4333,0.5836,-0.3694,-141.61,78.96,-18.55
4.6069,-0.4285,0.5802,-0.3665,-142.94,79.73,-35.56
4.6083,-0.4280,0.5739,-0.3665,-144.62,79.80,-35.28
4.6097,-0.4314,0.5724,-0.3650,-145.18,80.29,-35.21
4.6110,-0.4294,0.5744,-0.3684,-145.74,80.43,-34.44
4.6124,-0.4280,0.5710,-0.3616,-146.65,80.92,-34.58
4.6138,-0.4294,0.5597,-0.3553,-147.14,80.85,-33.74
4.6139,-0.4280,0.5563,-0.3597,-148.12,81.62,-33.74
4.6139,-0.4270,0.5583,-0.3626,-148.54,81.41,-33.53
4.6140,-0.4265,0.5573,-0.3567,-149.59,82.18,-33.25
4.6140,-0.4255,0.5563,-0.3518,-150.29,81.90,-32.97
4.6141,-0.4265,0.5519,-0.3523,-151.41,82.53,-32.90
4.6141,-0.4280,0.5461,-0.3514,-151.69,82.39,-32.90
4.6142,-0.4285,0.5422,-0.3523,-153.30,83.23,-32.13
4.6143,-0.4270,0.5417,-0.3494,-153.44,83.16,-32.41
4.6143,-0.4270,0.5392,-0.3445,-154.56,83.86,-31.01
4.6144,-0.4294,0.5353,-0.3450,-154.98,83.79,-32.13
4.6144,-0.4280,0.5339,-0.3426,-156.17,84.14,-31.08
4.6145,-0.4260,0.5280,-0.3411,-156.94,84.63,-31.36
4.6145,-0.4226,0.5231,-0.3445,-157.50,85.12,-30.24
4.6146,-0.4231,0.5202,-0.3460,-158.97,85.47,-31.22
4.6146,-0.4255,0.5163,-0.3436,-159.25,85.33,-30.31
4.6147,-0.4236,0.5139,-0.3387,-160.58,86.10,-30.52
4.6147,-0.4221,0.5124,-0.3348,-161.14,85.89,-29.82
4.6148,-0.4187,0.5100,-0.3387,-162.40,86.66,-30.31
4.6148,-0.4158,0.5095,-0.3357,-162.68,86.73,-29.47
4.6149,-0.4148,0.5095,-0.3299,-164.29,87.36,-29.61
4.6152,-0.4124,0.5075,-0.3328,-164.22,87.29,-29.12
4.6154,-0.4124,0.5041,-0.3304,-165.83,87.99,-29.12
4.6157,-0.4133,0.5007,-0.3279,-166.25,88.06,-28.77
4.6160,-0.4163,0.5002,-0.3294,-167.51,88.20,-28.84
4.6163,-0.4192,0.4982,-0.3338,-168.56,88.83,-28.49
4.6166,-0.4202,0.4948,-0.3318,-169.19,89.60,-28.21
4.6168,-0.4168,0.4919,-0.3196,-170.38,89.46,-28.56
4.6171,-0.4080,0.4826,-0.3133,-170.94,89.95,-27.79
4.6174,-0.4050,0.4743,-0.3152,-172.27,89.81,-28.56
4.6177,-0.4021,0.4748,-0.3143,-172.76,90.86,-27.09
4.6179,-0.3977,0.4787,-0.3094,-174.16,90.51,-28.00
4.6182,-0.3953,0.4817,-0.3070,-174.44,91.35,-27.30
4.6185,-0.3963,0.4870,-0.3050,-176.26,91.98,-27.79
4.6188,-0.3953,0.4865,-0.3074,-176.26,92.33,-27.16
4.6190,-0.3860,0.4802,-0.3055,-177.94,92.19,-27.51
4.6193,-0.3880,0.4768,-0.2991,-178.15,92.47,-27.51
4.6196,-0.3948,0.4729,-0.2982,-179.34,92.82,-27.23
4.6199,-0.3963,0.4729,-0.2962,-180.11,93.10,-27.79
4.6202,-0.3982,0.4748,-0.2933,-181.44,93.94,-27.37
4.6204,-0.3953,0.4714,-0.2933,-181.93,94.08,-27.51
4.6210,-0.3899,0.4699,-0.2908,-183.26,94.50,-27.37
4.6216,-0.3870,0.4704,-0.2874,-183.89,94.22,-27.86
4.6221,-0.3870,0.4695,-0.2894,-184.73,94.99,-27.44
4.6227,-0.3855,0.4685,-0.2879,-185.92,95.41,-27.93
4.6232,-0.3850,0.4660,-0.2821,-186.55,95.69,-27.79
4.6238,-0.3860,0.4646,-0.2811,-187.95,95.97,-28.42
4.6243,-0.3845,0.4641,-0.2811,-188.30,96.39,-28.14
4.6249,-0.3875,0.4641,-0.2816,-190.05,96.88,-28.35
4.6255,-0.3865,0.4621,-0.2782,-190.12,97.30,-28.07
4.6260,-0.3821,0.4582,-0.2684,-192.15,97.58,-28.49
4.6266,-0.3845,0.4626,-0.2674,-193.97,98.49,-28.98
4.6271,-0.3816,0.4631,-0.2640,-195.16,98.98,-29.47
4.6277,-0.3831,0.4621,-0.2621,-195.86,99.54,-29.47
4.6283,-0.3845,0.4616,-0.2630,-196.91,99.47,-30.10
4.6288,-0.3802,0.4651,-0.2591,-197.96,100.24,-30.17
4.6294,-0.3762,0.4631,-0.2562,-198.45,100.17,-30.45
4.6299,-0.3738,0.4607,-0.2577,-199.64,100.66,-30.66
4.6305,-0.3719,0.4631,-0.2601,-200.27,101.01,-30.94
4.6311,-0.3714,0.4660,-0.2577,-201.18,101.22,-31.36
4.6316,-0.3665,0.4690,-0.2528,-202.23,101.64,-31.50
4.6322,-0.3606,0.4695,-0.2542,-203.00,102.13,-32.34
4.6328,-0.3572,0.4695,-0.2508,-203.77,102.34,-32.27
4.6333,-0.3587,0.4724,-0.2464,-204.40,102.76,-33.18
4.6339,-0.3592,0.4758,-0.2464,-205.31,103.04,-32.83
4.6345,-0.3548,0.4748,-0.2455,-206.29,103.46,-33.88
4.6350,-0.3558,0.4758,-0.2396,-206.99,103.32,-33.74
4.6356,-0.3553,0.4797,-0.2352,-208.04,104.30,-34.37
4.6362,-0.3548,0.4826,-0.2357,-208.46,104.02,-34.37
4.6367,-0.3538,0.4860,-0.2303,-209.58,104.65,-35.70
4.6373,-0.3553,0.4831,-0.2279,-211.33,105.77,-36.33
4.6379,-0.3538,0.4802,-0.2279,-211.33,105.35,-35.70
4.6384,-0.3528,0.4792,-0.2250,-212.52,106.05,-37.24
4.6390,-0.3504,0.4817,-0.2220,-212.87,105.56,-36.96
4.6396,-0.3489,0.4865,-0.2225,-213.99,107.03,-37.59
4.6401,-0.3445,0.4875,-0.2201,-214.41,106.82,-37.66
4.6407,-0.3392,0.4870,-0.2172,-215.32,107.17,-38.57
4.6413,-0.3401,0.4860,-0.2137,-215.81,107.24,-38.43
4.6418,-0.3382,0.4856,-0.2113,-216.65,108.15,-39.27
4.6424,-0.3309,0.4860,-0.2128,-217.21,108.22,-39.27
4.6430,-0.3294,0.4880,-0.2123,-217.84,108.22,-39.97
4.6435,-0.3328,0.4914,-0.2113,-218.54,108.92,-40.18
4.6441,-0.3362,0.4885,-0.2084,-219.17,108.78,-40.53
4.6446,-0.3338,0.4880,-0.2069,-219.66,109.55,-41.02
4.6452,-0.3299,0.4900,-0.2040,-220.71,109.20,-41.44
4.6457,-0.3318,0.4860,-0.2015,-220.92,110.11,-42.00
4.6463,-0.3323,0.4860,-0.2001,-221.90,110.11,-42.35
4.6468,-0.3274,0.4943,-0.1972,-222.25,110.39,-42.77
4.6474,-0.3323,0.5090,-0.1981,-223.09,110.60,-43.40
4.6479,-0.3343,0.5226,-0.1972,-223.93,111.09,-43.75
4.6485,-0.3294,0.5309,-0.1937,-224.21,111.02,-44.31
4.6491,-0.3299,0.5392,-0.1932,-224.49,111.79,-45.01
4.6496,-0.3289,0.5466,-0.1918,-224.77,111.86,-45.22
4.6502,-0.3270,0.5475,-0.1918,-225.47,112.00,-45.99
4.6507,-0.3240,0.5422,-0.1918,-225.82,112.28,-45.99
4.6513,-0.3143,0.5431,-0.1913,-226.38,112.42,-47.11
4.6518,-0.3060,0.5470,-0.1918,-226.66,112.63,-47.25
4.6524,-0.3065,0.5451,-0.1932,-227.57,113.26,-48.23
4.6529,-0.3079,0.5427,-0.1923,-227.36,113.40,-48.16
4.6535,-0.3045,0.5412,-0.1918,-228.27,113.68,-49.21
4.6540,-0.2996,0.5402,-0.1889,-228.27,113.75,-49.56
4.6546,-0.2967,0.5368,-0.1869,-229.32,114.03,-50.19
4.6553,-0.2977,0.5388,-0.1835,-229.32,114.03,-50.75
4.6559,-0.2977,0.5446,-0.1776,-229.60,114.45,-51.03
4.6565,-0.2913,0.5475,-0.1737,-229.81,114.52,-51.94
4.6571,-0.2899,0.5495,-0.1713,-230.72,115.08,-51.45
4.6578,-0.2928,0.5524,-0.1698,-230.30,115.22,-52.92
4.6584,-0.2899,0.5578,-0.1684,-231.28,115.08,-52.92
4.6590,-0.2816,0.5597,-0.1698,-231.35,115.71,-53.76
4.6596,-0.2801,0.5588,-0.1679,-231.28,115.64,-53.55
4.6602,-0.2835,0.5592,-0.1635,-231.91,115.99,-54.81
4.6609,-0.2869,0.5632,-0.1625,-232.12,115.85,-54.39
4.6615,-0.2889,0.5651,-0.1610,-232.40,116.62,-55.09
4.6621,-0.2821,0.5671,-0.1571,-232.68,116.06,-55.51
4.6627,-0.2791,0.5680,-0.1566,-232.61,117.18,-55.86
4.6634,-0.2835,0.5714,-0.1542,-233.10,116.69,-56.28
4.6640,-0.2835,0.5793,-0.1532,-232.82,117.46,-56.07
4.6646,-0.2801,0.5876,-0.1537,-233.52,117.04,-57.05
4.6652,-0.2816,0.5900,-0.1532,-233.24,117.53,-56.91
4.6658,-0.2816,0.5880,-0.1508,-233.73,117.81,-57.26
4.6665,-0.2816,0.5910,-0.1464,-233.52,118.09,-57.19
4.6676,-0.2850,0.5939,-0.1405,-234.01,118.44,-58.24
4.6687,-0.2850,0.6071,-0.1479,-233.73,118.58,-58.52
4.6699,-0.2850,0.6124,-0.1493,-233.52,118.86,-58.59
4.6710,-0.2845,0.6227,-0.1469,-233.52,119.63,-59.01
4.6721,-0.2845,0.6212,-0.1459,-234.15,119.98,-59.99
4.6733,-0.2835,0.6207,-0.1479,-233.59,119.63,-59.64
4.6744,-0.2777,0.6251,-0.1435,-233.87,120.61,-60.55
4.6756,-0.2747,0.6295,-0.1401,-233.94,120.12,-60.48
4.6767,-0.2767,0.6329,-0.1401,-233.59,120.47,-61.18
4.6778,-0.2786,0.6383,-0.1430,-233.94,120.47,-61.32
4.6790,-0.2757,0.6486,-0.1401,-233.17,121.24,-61.46
4.6801,-0.2713,0.6559,-0.1376,-233.66,121.10,-62.02
4.6812,-0.2684,0.6598,-0.1415,-233.17,121.66,-62.02
4.6824,-0.2684,0.6627,-0.1410,-233.38,121.45,-62.86
4.6835,-0.2728,0.6627,-0.1420,-233.03,122.08,-62.16
4.6847,-0.2738,0.6651,-0.1391,-233.10,121.94,-63.91
4.6858,-0.2704,0.6676,-0.1376,-232.47,122.43,-62.93
4.6869,-0.2645,0.6676,-0.1425,-232.47,122.29,-64.19
4.6881,-0.2596,0.6700,-0.1396,-232.12,122.71,-63.77
4.6892,-0.2572,0.6725,-0.1332,-232.33,123.20,-64.33
4.6906,-0.2650,0.6739,-0.1362,-231.56,122.85,-65.17
4.6921,-0.2621,0.6730,-0.1352,-231.21,123.41,-65.17
4.6935,-0.2567,0.6759,-0.1342,-231.28,123.97,-65.03
4.6950,-0.2538,0.6778,-0.1376,-230.86,124.11,-65.80
4.6964,-0.2528,0.6788,-0.1357,-230.86,124.04,-66.01
4.6978,-0.2533,0.6842,-0.1347,-230.37,124.53,-66.01
4.6993,-0.2547,0.6895,-0.1342,-230.16,124.25,-66.50
4.7007,-0.2582,0.6949,-0.1318,-229.81,125.16,-66.22
4.7021,-0.2591,0.6969,-0.1332,-229.67,124.67,-66.99
4.7036,-0.2567,0.6964,-0.1347,-229.18,125.09,-66.92
4.7050,-0.2577,0.6978,-0.1352,-229.04,125.30,-67.34
4.7064,-0.2596,0.7022,-0.1366,-228.76,125.65,-67.34
4.7079,-0.2645,0.7071,-0.1391,-228.13,125.44,-67.83
4.7093,-0.2655,0.7071,-0.1381,-227.99,126.14,-68.18
4.7108,-0.2664,0.7061,-0.1381,-227.78,126.07,-68.25
4.7122,-0.2655,0.7086,-0.1366,-227.36,126.42,-68.60
4.7136,-0.2635,0.7149,-0.1342,-226.80,126.63,-68.74
4.7151,-0.2674,0.7178,-0.1366,-226.66,126.84,-69.09
4.7165,-0.2718,0.7237,-0.1405,-226.17,127.05,-69.09
4.7179,-0.2738,0.7305,-0.1396,-225.54,127.47,-69.44
4.7180,-0.2738,0.7300,-0.1420,-225.12,127.54,-69.72
4.7181,-0.2743,0.7291,-0.1459,-224.28,128.03,-70.35
4.7181,-0.2772,0.7320,-0.1459,-224.14,127.96,-70.56
4.7182,-0.2767,0.7354,-0.1440,-223.72,128.87,-70.14
4.7183,-0.2782,0.7344,-0.1444,-223.44,128.59,-71.40
4.7183,-0.2786,0.7379,-0.1484,-222.95,129.08,-70.84
4.7184,-0.2796,0.7422,-0.1469,-222.39,129.15,-71.75
4.7185,-0.2850,0.7427,-0.1440,-222.04,129.78,-71.12
4.7185,-0.2840,0.7432,-0.1488,-221.48,129.36,-72.17
4.7186,-0.2850,0.7457,-0.1484,-221.20,130.34,-71.75
4.7186,-0.2865,0.7496,-0.1479,-220.64,129.85,-72.73
4.7187,-0.2830,0.7530,-0.1513,-220.22,130.62,-72.24
4.7188,-0.2816,0.7525,-0.1518,-219.80,130.13,-73.57
4.7188,-0.2840,0.7496,-0.1532,-219.10,131.18,-72.66
4.7189,-0.2840,0.7447,-0.1532,-219.31,130.62,-73.64
4.7190,-0.2826,0.7403,-0.1464,-218.26,131.60,-73.22
4.7190,-0.2835,0.7418,-0.1440,-218.19,131.67,-73.92
4.7191,-0.2816,0.7408,-0.1469,-217.63,131.88,-74.20
4.7192,-0.2806,0.7379,-0.1474,-216.86,132.58,-73.92
4.7192,-0.2816,0.7383,-0.1484,-217.14,132.93,-74.20
4.7194,-0.2782,0.7354,-0.1508,-216.02,133.14,-74.34
4.7196,-0.2767,0.7320,-0.1508,-216.02,132.72,-75.18
4.7197,-0.2738,0.7266,-0.1503,-215.60,133.56,-74.55
4.7199,-0.2713,0.7208,-0.1464,-215.53,133.49,-75.74
4.7200,-0.2708,0.7208,-0.1464,-214.62,133.49,-75.18
4.7202,-0.2708,0.7174,-0.1479,-214.62,133.84,-76.09
4.7204,-0.2704,0.7130,-0.1459,-214.27,134.40,-75.46
4.7205,-0.2708,0.7115,-0.1425,-214.06,134.19,-76.23
4.7207,-0.2718,0.7081,-0.1415,-213.36,134.68,-75.88
4.7209,-0.2708,0.7061,-0.1425,-213.22,134.75,-76.86
4.7210,-0.2664,0.7032,-0.1469,-212.87,135.31,-76.09
4.7212,-0.2669,0.6959,-0.1444,-212.66,134.82,-77.14
4.7214,-0.2694,0.6915,-0.1391,-212.38,135.17,-77.00
4.7215,-0.2689,0.6891,-0.1420,-212.24,135.87,-77.42
4.7217,-0.2684,0.6891,-0.1425,-211.75,136.08,-77.56
4.7219,-0.2684,0.6871,-0.1415,-211.89,136.01,-77.42
4.7220,-0.2679,0.6812,-0.1391,-211.54,136.36,-78.12
4.7222,-0.2679,0.6764,-0.1376,-211.19,135.87,-78.33
4.7224,-0.2669,0.6734,-0.1430,-210.91,136.71,-77.91
4.7225,-0.2669,0.6734,-0.1464,-210.77,136.99,-78.40
4.7231,-0.2664,0.6705,-0.1415,-210.49,137.41,-78.40
4.7236,-0.2645,0.6676,-0.1405,-210.35,136.71,-79.03
4.7241,-0.2660,0.6632,-0.1444,-210.49,138.11,-78.68
4.7247,-0.2704,0.6598,-0.1493,-209.86,137.20,-79.66
4.7252,-0.2689,0.6573,-0.1498,-210.00,138.32,-79.03
4.7257,-0.2655,0.6573,-0.1469,-209.93,137.90,-80.01
4.7263,-0.2674,0.6588,-0.1508,-209.37,138.60,-79.52
4.7268,-0.2704,0.6559,-0.1537,-209.72,138.04,-79.94
4.7273,-0.2713,0.6490,-0.1571,-209.30,138.60,-80.50
4.7279,-0.2733,0.6422,-0.1571,-209.30,139.02,-80.36
4.7284,-0.2762,0.6417,-0.1562,-209.37,139.02,-80.71
4.7289,-0.2743,0.6398,-0.1596,-209.30,139.44,-80.57
4.7295,-0.2762,0.6373,-0.1620,-209.02,139.65,-81.27
4.7300,-0.2782,0.6378,-0.1620,-209.09,139.86,-80.85
4.7305,-0.2791,0.6334,-0.1606,-209.09,139.93,-81.90
4.7311,-0.2830,0.6305,-0.1630,-208.74,140.07,-81.69
4.7316,-0.2826,0.6281,-0.1679,-208.88,140.56,-81.90
4.7321,-0.2840,0.6246,-0.1684,-209.16,140.21,-83.16
4.7327,-0.2884,0.6256,-0.1684,-208.67,141.19,-82.25
4.7332,-0.2899,0.6276,-0.1728,-208.81,140.84,-83.37
4.7337,-0.2904,0.6232,-0.1737,-208.88,141.54,-82.81
4.7343,-0.2923,0.6202,-0.1732,-208.81,141.05,-83.72
4.7348,-0.2967,0.6202,-0.1747,-208.95,141.96,-83.30
4.7354,-0.2967,0.6232,-0.1767,-208.81,141.82,-84.14
4.7360,-0.2948,0.6232,-0.1801,-208.88,142.24,-84.14
4.7365,-0.2962,0.6202,-0.1801,-208.88,142.38,-84.56
4.7371,-0.2991,0.6222,-0.1767,-208.95,142.80,-84.63
4.7376,-0.3045,0.6232,-0.1810,-209.16,142.66,-85.05
4.7382,-0.3021,0.6202,-0.1835,-209.23,143.08,-85.12
4.7387,-0.3001,0.6202,-0.1810,-209.09,143.01,-85.33
4.7393,-0.3045,0.6242,-0.1830,-209.51,143.71,-85.61
4.7398,-0.3055,0.6271,-0.1840,-209.09,143.71,-86.03
4.7404,-0.3060,0.6315,-0.1810,-209.51,143.64,-86.73
4.7409,-0.3099,0.6320,-0.1810,-209.09,143.99,-86.38
4.7415,-0.3133,0.6320,-0.1854,-209.65,143.78,-87.57
4.7420,-0.3113,0.6383,-0.1854,-209.23,144.90,-86.66
4.7426,-0.3094,0.6398,-0.1884,-209.86,144.41,-87.92
4.7431,-0.3118,0.6329,-0.1903,-209.72,144.62,-87.57
4.7437,-0.3118,0.6393,-0.1898,-209.65,144.97,-88.41
4.7442,-0.3089,0.6486,-0.1903,-209.37,145.04,-88.34
4.7448,-0.3128,0.6481,-0.1898,-209.86,145.67,-88.83
4.7454,-0.3152,0.6520,-0.1898,-209.65,145.53,-89.11
4.7460,-0.3123,0.6559,-0.1898,-209.72,145.81,-89.67
4.7466,-0.3143,0.6583,-0.1923,-209.86,146.02,-89.60
4.7471,-0.3123,0.6603,-0.1962,-209.86,146.37,-89.81
4.7477,-0.3104,0.6603,-0.2001,-209.72,146.30,-90.44
4.7483,-0.3128,0.6622,-0.1981,-209.79,146.72,-90.86
4.7489,-0.3118,0.6700,-0.1962,-209.65,146.23,-90.86
4.7495,-0.3104,0.6734,-0.2020,-210.14,147.00,-91.35
4.7501,-0.3074,0.6769,-0.2045,-209.79,146.93,-91.56
4.7507,-0.3104,0.6822,-0.2045,-209.93,147.07,-91.84
4.7512,-0.3172,0.6847,-0.2054,-209.79,147.07,-92.61
4.7518,-0.3157,0.6866,-0.2098,-210.00,147.91,-92.68
4.7524,-0.3128,0.6881,-0.2137,-209.86,147.49,-92.96
4.7530,-0.3143,0.6915,-0.2137,-209.23,148.19,-93.03
4.7536,-0.3162,0.6949,-0.2118,-209.93,147.70,-94.15
4.7542,-0.3172,0.7017,-0.2142,-209.30,148.54,-93.59
4.7547,-0.3216,0.7061,-0.2201,-209.72,147.84,-94.78
4.7553,-0.3245,0.7091,-0.2181,-209.44,149.03,-94.22
4.7559,-0.3265,0.7130,-0.2162,-209.65,147.98,-95.55
4.7565,-0.3279,0.7135,-0.2162,-209.23,149.03,-95.20
4.7570,-0.3284,0.7178,-0.2167,-209.65,148.26,-96.25
4.7576,-0.3279,0.7232,-0.2220,-209.02,149.17,-95.83
4.7581,-0.3265,0.7296,-0.2235,-209.23,149.03,-96.81
4.7587,-0.3318,0.7344,-0.2181,-209.30,149.94,-96.32
4.7593,-0.3357,0.7398,-0.2176,-208.74,149.38,-97.72
4.7598,-0.3362,0.7442,-0.2220,-208.88,149.52,-97.44
4.7604,-0.3377,0.7466,-0.2284,-208.81,149.73,-98.07
4.7609,-0.3387,0.7515,-0.2318,-208.60,150.01,-98.21
4.7615,-0.3377,0.7564,-0.2318,-208.60,150.29,-98.56
4.7620,-0.3372,0.7618,-0.2352,-208.39,150.15,-98.91
4.7626,-0.3367,0.7666,-0.2406,-208.39,150.43,-99.19
4.7632,-0.3436,0.7740,-0.2411,-207.69,150.36,-100.24
4.7637,-0.3479,0.7779,-0.2391,-208.11,150.43,-100.10
4.7643,-0.3445,0.7832,-0.2411,-207.55,150.71,-100.87
4.7648,-0.3440,0.7901,-0.2450,-207.41,151.27,-100.45
4.7654,-0.3440,0.7940,-0.2489,-206.99,150.85,-101.78
4.7660,-0.3450,0.8028,-0.2494,-206.78,151.34,-101.29
4.7665,-0.3455,0.8091,-0.2528,-206.85,151.13,-102.06
4.7671,-0.3475,0.8106,-0.2562,-206.29,151.48,-102.34
4.7686,-0.3494,0.8179,-0.2586,-206.50,151.62,-102.83
4.7701,-0.3479,0.8247,-0.2621,-205.66,151.34,-103.25
4.7716,-0.3484,0.8301,-0.2640,-205.66,151.90,-103.67
4.7731,-0.3528,0.8389,-0.2674,-205.03,151.69,-104.09
4.7746,-0.3553,0.8472,-0.2684,-204.82,152.60,-103.88
4.7761,-0.3582,0.8540,-0.2684,-204.47,151.90,-105.07
4.7776,-0.3611,0.8574,-0.2723,-204.54,152.39,-104.86
4.7792,-0.3636,0.8618,-0.2762,-203.84,152.39,-105.77
4.7807,-0.3626,0.8721,-0.2777,-203.70,152.60,-105.35
4.7822,-0.3616,0.8769,-0.2806,-202.86,152.46,-106.61
4.7837,-0.3640,0.8769,-0.2830,-202.65,152.95,-105.91
4.7852,-0.3689,0.8891,-0.2772,-202.58,152.46,-107.66
4.7867,-0.3689,0.8984,-0.2855,-201.81,153.09,-108.43
4.7882,-0.3694,0.9033,-0.2874,-200.76,153.09,-107.52
4.7897,-0.3709,0.9101,-0.2869,-200.97,153.30,-108.57
4.7913,-0.3709,0.9160,-0.2918,-199.43,153.23,-108.71
4.7928,-0.3714,0.9204,-0.2928,-200.20,153.72,-109.55
4.7943,-0.3719,0.9209,-0.2967,-198.87,153.51,-109.34
4.7958,-0.3758,0.9209,-0.3001,-199.08,153.93,-109.48
4.7973,-0.3792,0.9306,-0.3026,-198.03,153.09,-110.60
4.7974,-0.3777,0.9433,-0.3016,-197.96,154.00,-110.25
4.7974,-0.3802,0.9506,-0.3016,-196.98,153.23,-111.23
4.7975,-0.3850,0.9589,-0.3035,-196.91,154.63,-110.39
4.7976,-0.3875,0.9672,-0.3030,-196.14,153.86,-111.86
4.7976,-0.3875,0.9760,-0.3055,-195.37,154.49,-111.09
4.7977,-0.3836,0.9819,-0.3089,-194.95,154.00,-112.14
4.7977,-0.3841,0.9882,-0.3128,-194.18,154.56,-111.65
4.7978,-0.3860,0.9965,-0.3109,-193.69,154.42,-112.84
4.7979,-0.3889,1.0009,-0.3104,-192.85,154.77,-111.93
4.7979,-0.3909,1.0111,-0.3118,-192.71,154.91,-112.77
4.7980,-0.3880,1.0233,-0.3177,-191.24,154.49,-112.84
4.7981,-0.3855,1.0302,-0.3177,-191.52,154.77,-112.98
4.7981,-0.3933,1.0360,-0.3152,-189.98,154.77,-113.61
4.7982,-0.3914,1.0458,-0.3187,-188.51,155.12,-113.54
4.7982,-0.3875,1.0555,-0.3221,-188.37,155.33,-113.54
4.7983,-0.3924,1.0663,-0.3192,-187.25,154.98,-113.89
4.7984,-0.3948,1.0756,-0.3221,-186.76,155.75,-113.61
4.7984,-0.3933,1.0799,-0.3284,-185.92,155.40,-114.03
4.7985,-0.3914,1.0897,-0.3299,-184.87,155.75,-113.61
4.7986,-0.3919,1.1004,-0.3304,-184.31,155.19,-114.59
4.7987,-0.3928,1.1087,-0.3323,-182.98,155.68,-113.96
4.7988,-0.3899,1.1195,-0.3318,-182.98,155.82,-114.45
4.7989,-0.3938,1.1307,-0.3323,-181.02,155.68,-113.89
4.7991,-0.3977,1.1400,-0.3348,-181.23,155.89,-114.80
4.7992,-0.3997,1.1497,-0.3387,-179.13,155.89,-114.24
4.7993,-0.4041,1.1629,-0.3440,-179.27,155.82,-114.80
4.7995,-0.4075,1.1766,-0.3475,-177.59,155.54,-114.45
4.7996,-0.4119,1.1902,-0.3489,-177.31,156.17,-114.52
4.7997,-0.4187,1.2015,-0.3460,-175.49,156.03,-114.87
4.7998,-0.4221,1.2122,-0.3494,-174.79,156.87,-114.10
4.8000,-0.4260,1.2244,-0.3514,-173.81,156.45,-114.87
4.8001,-0.4319,1.2356,-0.3489,-172.90,156.66,-114.73
4.8002,-0.4343,1.2429,-0.3514,-171.71,156.24,-114.94
4.8003,-0.4377,1.2512,-0.3538,-170.66,157.08,-114.45
4.8005,-0.4412,1.2620,-0.3558,-169.47,156.94,-114.87
4.8006,-0.4431,1.2698,-0.3553,-168.21,157.29,-114.52
4.8007,-0.4509,1.2815,-0.3523,-167.65,157.15,-115.22
4.8009,-0.4553,1.2912,-0.3543,-165.76,157.29,-114.45
4.8010,-0.4577,1.2952,-0.3611,-165.20,157.15,-115.29
4.8011,-0.4597,1.2986,-0.3626,-163.45,157.85,-114.38
4.8016,-0.4602,1.3083,-0.3626,-162.68,157.71,-114.94
4.8021,-0.4636,1.3186,-0.3621,-160.86,157.64,-114.38
4.8026,-0.4656,1.3230,-0.3601,-160.30,158.20,-114.80
4.8032,-0.4660,1.3303,-0.3640,-158.83,158.34,-114.38
4.8037,-0.4714,1.3366,-0.3631,-158.06,158.69,-114.73
4.8042,-0.4743,1.3440,-0.3616,-156.59,158.34,-114.52
4.8047,-0.4734,1.3522,-0.3684,-155.47,159.11,-114.38
4.8052,-0.4782,1.3586,-0.3704,-154.14,158.90,-114.17
4.8057,-0.4836,1.3654,-0.3665,-152.60,159.46,-113.89
4.8062,-0.4885,1.3718,-0.3650,-151.69,159.67,-113.89
4.8067,-0.4900,1.3806,-0.3655,-150.29,160.37,-113.47
4.8072,-0.4914,1.3884,-0.3660,-148.89,159.46,-113.96
4.8077,-0.4948,1.3923,-0.3665,-147.70,160.16,-113.26
4.8083,-0.4963,1.3981,-0.3645,-146.79,160.51,-113.75
4.8088,-0.4948,1.4050,-0.3616,-145.04,160.51,-112.77
4.8093,-0.4963,1.4128,-0.3631,-144.34,160.37,-113.33
4.8098,-0.5002,1.4142,-0.3611,-142.45,161.00,-112.42
4.8103,-0.5022,1.4181,-0.3611,-141.96,161.56,-112.77
4.8108,-0.5085,1.4289,-0.3660,-139.51,160.93,-112.14
4.8113,-0.5095,1.4328,-0.3694,-139.30,161.70,-112.42
4.8119,-0.5061,1.4372,-0.3714,-137.41,161.84,-111.72
4.8125,-0.5129,1.4420,-0.3719,-136.64,162.33,-111.93
4.8131,-0.5144,1.4416,-0.3723,-134.61,162.40,-111.30
4.8137,-0.5119,1.4469,-0.3699,-133.91,162.61,-111.37
4.8143,-0.5183,1.4567,-0.3665,-132.30,162.82,-110.95
4.8149,-0.5212,1.4606,-0.3689,-131.25,163.24,-110.95
4.8154,-0.5212,1.4655,-0.3670,-129.85,163.24,-110.39
4.8160,-0.5231,1.4728,-0.3689,-127.33,164.01,-109.76
4.8166,-0.5275,1.4816,-0.3748,-125.86,164.01,-109.27
4.8172,-0.5319,1.4874,-0.3767,-125.16,164.64,-109.69
4.8178,-0.5314,1.4894,-0.3777,-123.20,164.08,-108.92
4.8184,-0.5358,1.4938,-0.3782,-122.50,165.06,-108.92
4.8190,-0.5427,1.4996,-0.3802,-120.89,164.71,-108.50
4.8196,-0.5407,1.5065,-0.3826,-120.05,165.20,-108.64
4.8202,-0.5436,1.5104,-0.3802,-118.51,165.27,-107.73
4.8208,-0.5490,1.5143,-0.3802,-116.83,165.62,-107.94
4.8213,-0.5485,1.5255,-0.3841,-116.41,166.18,-106.89
4.8219,-0.5490,1.5318,-0.3850,-114.38,165.83,-107.59
4.8225,-0.5500,1.5367,-0.3870,-113.26,166.32,-106.47
4.8231,-0.5519,1.5392,-0.3894,-112.07,166.32,-106.96
4.8237,-0.5539,1.5396,-0.3880,-110.88,166.74,-106.40
4.8243,-0.5558,1.5440,-0.3831,-110.11,167.09,-106.05
4.8249,-0.5592,1.5514,-0.3870,-108.43,166.74,-106.12
4.8255,-0.5573,1.5562,-0.3909,-107.52,167.65,-105.42
4.8261,-0.5568,1.5572,-0.3904,-106.05,167.58,-105.70
4.8267,-0.5563,1.5587,-0.3909,-105.00,167.44,-105.14
4.8272,-0.5544,1.5704,-0.3933,-103.04,167.44,-104.65
4.8278,-0.5583,1.5709,-0.3928,-101.64,168.14,-105.56
4.8284,-0.5588,1.5699,-0.3933,-100.17,168.14,-103.95
4.8290,-0.5549,1.5714,-0.3943,-99.47,168.63,-105.28
4.8296,-0.5549,1.5753,-0.3967,-97.86,168.21,-103.95
4.8302,-0.5573,1.5782,-0.4002,-97.30,168.91,-104.93
4.8308,-0.5573,1.5831,-0.3992,-95.34,168.21,-104.30
4.8314,-0.5573,1.5826,-0.3987,-95.20,169.19,-104.79
4.8320,-0.5539,1.5797,-0.3982,-93.45,168.21,-104.16
4.8326,-0.5480,1.5811,-0.3977,-93.03,169.12,-104.23
4.8332,-0.5436,1.5821,-0.3992,-91.28,168.56,-104.02
4.8337,-0.5402,1.5816,-0.4016,-91.14,169.12,-104.02
4.8343,-0.5397,1.5821,-0.4075,-89.46,168.56,-103.95
4.8349,-0.5383,1.5787,-0.4104,-89.11,169.05,-103.81
4.8356,-0.5348,1.5743,-0.4085,-87.57,168.35,-104.16
4.8362,-0.5344,1.5738,-0.4104,-86.80,168.56,-103.81
4.8369,-0.5305,1.5694,-0.4114,-86.17,168.56,-103.88
4.8375,-0.5309,1.5640,-0.4104,-85.05,168.35,-103.67
4.8382,-0.5295,1.5587,-0.4168,-84.28,168.84,-103.74
4.8388,-0.5295,1.5523,-0.4168,-82.53,168.21,-103.67
4.8395,-0.5300,1.5514,-0.4211,-81.48,167.23,-103.60
4.8401,-0.5266,1.5514,-0.4270,-81.48,168.63,-103.18
4.8408,-0.5202,1.5504,-0.4294,-80.22,166.88,-103.39
4.8414,-0.5158,1.5440,-0.4290,-79.80,167.93,-102.83
4.8421,-0.5114,1.5357,-0.4304,-78.96,166.32,-103.04
4.8427,-0.5080,1.5279,-0.4299,-78.61,167.37,-102.34
4.8434,-0.5017,1.5201,-0.4294,-77.49,165.90,-103.04
4.8440,-0.4968,1.5162,-0.4353,-77.28,167.16,-101.85
4.8447,-0.4934,1.5079,-0.4377,-76.51,165.62,-102.13
4.8453,-0.4900,1.5035,-0.4348,-76.02,166.25,-101.36
4.8460,-0.4870,1.4986,-0.4363,-75.53,164.92,-101.85
4.8466,-0.4836,1.4889,-0.4368,-74.97,165.13,-101.01
4.8473,-0.4768,1.4825,-0.4358,-74.48,164.71,-101.08
4.8479,-0.4743,1.4747,-0.4377,-74.34,164.22,-100.10
4.8491,-0.4729,1.4664,-0.4421,-73.64,164.36,-100.38
4.8503,-0.4685,1.4542,-0.4431,-73.50,162.82,-99.75
4.8515,-0.4636,1.4469,-0.4455,-72.59,161.98,-98.98
4.8526,-0.4577,1.4386,-0.4451,-73.01,163.10,-98.49
4.8538,-0.4519,1.4250,-0.4470,-71.89,161.35,-98.14
4.8550,-0.4431,1.4176,-0.4499,-72.38,162.12,-97.23
4.8562,-0.4353,1.4123,-0.4485,-71.75,160.09,-97.65
4.8574,-0.4280,1.4045,-0.4519,-71.75,160.44,-96.53
4.8586,-0.4202,1.3908,-0.4548,-71.75,158.90,-96.60
4.8597,-0.4109,1.3796,-0.4568,-71.54,159.46,-95.48
4.8609,-0.4021,1.3786,-0.4597,-71.82,157.92,-95.41
4.8621,-0.3977,1.3713,-0.4612,-71.54,157.99,-94.22
4.8633,-0.3924,1.3640,-0.4602,-71.89,156.66,-94.50
4.8645,-0.3850,1.3571,-0.4568,-71.54,156.80,-93.52
4.8657,-0.3821,1.3474,-0.4558,-71.82,155.40,-93.45
4.8668,-0.3806,1.3391,-0.4592,-71.68,154.77,-92.40
4.8680,-0.3792,1.3327,-0.4621,-72.31,154.35,-92.12
4.8692,-0.3806,1.3220,-0.4626,-72.10,153.51,-91.35
4.8704,-0.3777,1.3093,-0.4670,-72.66,152.95,-91.14
4.8716,-0.3743,1.2878,-0.4646,-72.52,151.76,-90.51
4.8721,-0.3748,1.2830,-0.4641,-73.36,150.08,-89.18
4.8726,-0.3748,1.2727,-0.4641,-74.13,150.08,-88.34
4.8732,-0.3728,1.2644,-0.4656,-74.13,148.61,-87.85
4.8737,-0.3714,1.2595,-0.4656,-74.83,148.33,-87.36
4.8742,-0.3684,1.2498,-0.4690,-75.18,147.63,-85.89
4.8748,-0.3675,1.2356,-0.4738,-75.46,146.72,-85.96
4.8753,-0.3699,1.2200,-0.4709,-75.95,145.74,-84.70
4.8758,-0.3694,1.2044,-0.4675,-76.37,145.11,-84.21
4.8763,-0.3675,1.1883,-0.4636,-77.56,144.20,-82.88
4.8769,-0.3660,1.1756,-0.4621,-77.42,143.57,-82.25
4.8774,-0.3660,1.1653,-0.4626,-78.89,142.38,-81.13
4.8779,-0.3626,1.1610,-0.4621,-78.89,141.61,-80.15
4.8784,-0.3631,1.1556,-0.4631,-80.15,140.77,-79.59
4.8790,-0.3655,1.1414,-0.4616,-80.43,139.93,-78.40
4.8795,-0.3611,1.1283,-0.4587,-81.34,139.09,-78.05
4.8800,-0.3577,1.1151,-0.4563,-82.11,138.81,-75.67
4.8806,-0.3558,1.1043,-0.4563,-82.74,137.83,-75.81
4.8811,-0.3562,1.1009,-0.4568,-83.79,137.06,-73.99
4.8816,-0.3553,1.0917,-0.4534,-84.35,135.73,-74.13
4.8821,-0.3523,1.0819,-0.4519,-85.96,135.45,-72.10
4.8826,-0.3479,1.0770,-0.4509,-86.31,134.05,-71.61
4.8830,-0.3440,1.0721,-0.4475,-87.15,133.35,-70.28
4.8835,-0.3440,1.0634,-0.4490,-88.34,132.51,-69.23
4.8839,-0.3436,1.0516,-0.4494,-89.25,132.09,-67.90
4.8843,-0.3426,1.0443,-0.4470,-90.16,131.18,-67.06
4.8848,-0.3396,1.0409,-0.4446,-91.21,130.41,-65.87
4.8852,-0.3396,1.0390,-0.4455,-92.33,129.22,-64.96
4.8856,-0.3436,1.0316,-0.4480,-93.10,128.73,-63.49
4.8861,-0.3436,1.0248,-0.4412,-94.36,127.75,-62.44
4.8865,-0.3396,1.0175,-0.4338,-95.20,127.05,-61.95
4.8869,-0.3387,1.0097,-0.4353,-96.39,125.93,-60.34
4.8874,-0.3406,1.0058,-0.4348,-97.30,125.65,-59.78
4.8878,-0.3401,1.0033,-0.4343,-98.56,124.18,-58.03
4.8883,-0.3431,0.9945,-0.4319,-99.68,123.62,-58.03
4.8887,-0.3489,0.9902,-0.4299,-100.66,123.06,-55.72
4.8891,-0.3470,0.9921,-0.4285,-101.64,122.22,-55.79
4.8896,-0.3479,0.9867,-0.4246,-102.90,121.73,-53.55
4.8900,-0.3518,0.9799,-0.4260,-104.09,120.40,-54.18
4.8904,-0.3538,0.9760,-0.4270,-104.86,119.84,-51.73
4.8909,-0.3636,0.9794,-0.4246,-107.24,118.23,-50.40
4.8924,-0.3665,0.9784,-0.4231,-108.71,117.60,-49.56
4.8938,-0.3723,0.9745,-0.4182,-109.55,117.18,-48.58
4.8953,-0.3772,0.9701,-0.4172,-111.09,116.41,-47.67
4.8968,-0.3811,0.9682,-0.4187,-112.00,115.50,-46.83
4.8983,-0.3850,0.9692,-0.4124,-113.05,115.08,-45.57
4.8998,-0.3870,0.9726,-0.4070,-113.82,114.59,-44.87
4.9013,-0.3889,0.9721,-0.4070,-115.08,113.68,-44.10
4.9027,-0.3909,0.9711,-0.4036,-116.27,113.26,-43.40
4.9042,-0.3953,0.9701,-0.4036,-117.32,112.35,-42.70
4.9057,-0.3982,0.9682,-0.4041,-118.44,112.35,-41.72
4.9072,-0.4031,0.9692,-0.3982,-119.14,111.23,-40.53
4.9087,-0.4109,0.9682,-0.3948,-120.61,111.16,-40.53
4.9102,-0.4109,0.9697,-0.3914,-121.45,110.04,-39.20
4.9116,-0.4094,0.9711,-0.3909,-122.57,109.83,-38.85
4.9131,-0.4119,0.9682,-0.3899,-123.62,109.76,-37.73
4.9146,-0.4143,0.9697,-0.3889,-124.60,108.78,-37.24
4.9161,-0.4182,0.9731,-0.3860,-125.16,109.06,-35.91
4.9176,-0.4192,0.9760,-0.3743,-126.35,107.52,-36.40
4.9191,-0.4221,0.9789,-0.3743,-127.19,108.15,-34.23
4.9205,-0.4250,0.9770,-0.3733,-128.59,106.68,-35.07
4.9206,-0.4226,0.9755,-0.3719,-128.94,107.03,-33.25
4.9207,-0.4246,0.9770,-0.3689,-130.34,105.98,-33.88
4.9207,-0.4285,0.9789,-0.3631,-130.55,105.91,-32.06
4.9208,-0.4324,0.9804,-0.3592,-132.02,105.70,-32.76
4.9209,-0.4329,0.9814,-0.3587,-132.16,105.35,-30.80
4.9209,-0.4299,0.9799,-0.3509,-133.70,104.79,-31.36
4.9210,-0.4314,0.9784,-0.3445,-134.40,104.37,-30.10
4.9211,-0.4372,0.9819,-0.3440,-135.03,104.30,-30.10
4.9211,-0.4368,0.9848,-0.3421,-136.15,103.67,-29.47
4.9212,-0.4372,0.9867,-0.3416,-136.78,103.39,-29.12
4.9212,-0.4387,0.9867,-0.3401,-137.27,103.32,-28.84
4.9213,-0.4407,0.9858,-0.3338,-138.18,103.11,-27.72
4.9214,-0.4431,0.9867,-0.3284,-139.09,102.48,-28.35
4.9214,-0.4392,0.9892,-0.3279,-139.51,102.76,-26.95
4.9215,-0.4358,0.9882,-0.3245,-140.14,101.64,-27.79
4.9216,-0.4372,0.9887,-0.3206,-140.91,102.13,-25.69
4.9216,-0.4402,0.9916,-0.3201,-141.54,101.50,-26.95
4.9217,-0.4407,0.9877,-0.3172,-141.82,102.20,-24.85
4.9218,-0.4436,0.9867,-0.3143,-143.15,101.22,-26.60
4.9218,-0.4460,0.9902,-0.3089,-143.22,101.29,-24.64
4.9220,-0.4451,0.9906,-0.3065,-144.27,100.73,-25.97
4.9221,-0.4416,0.9897,-0.3035,-144.48,100.73,-23.87
4.9223,-0.4455,0.9882,-0.3011,-145.18,100.73,-25.13
4.9224,-0.4480,0.9902,-0.3030,-145.32,100.45,-23.73
4.9226,-0.4436,0.9897,-0.2991,-146.72,100.31,-24.29
4.9227,-0.4426,0.9877,-0.2972,-146.37,100.10,-23.73
4.9229,-0.4441,0.9843,-0.2938,-147.42,100.31,-23.80
4.9231,-0.4485,0.9814,-0.2889,-147.35,99.82,-23.24
4.9232,-0.4480,0.9789,-0.2874,-148.12,100.24,-23.10
4.9234,-0.4451,0.9809,-0.2796,-148.47,99.75,-23.17
4.9235,-0.4426,0.9799,-0.2777,-149.10,100.10,-22.12
4.9237,-0.4421,0.9755,-0.2767,-149.38,99.40,-22.89
4.9238,-0.4451,0.9784,-0.2723,-149.80,100.24,-21.63
4.9240,-0.4416,0.9775,-0.2684,-150.36,99.40,-22.89
4.9241,-0.4397,0.9745,-0.2635,-151.27,98.91,-22.19
4.9243,-0.4372,0.9716,-0.2621,-150.85,99.68,-21.21
4.9244,-0.4358,0.9731,-0.2601,-151.90,99.40,-21.77
4.9246,-0.4353,0.9745,-0.2577,-151.55,99.75,-20.79
4.9248,-0.4353,0.9740,-0.2542,-152.11,99.61,-21.35
4.9249,-0.4329,0.9755,-0.2503,-152.18,99.26,-20.65
4.9254,-0.4309,0.9726,-0.2469,-152.74,99.68,-20.72
4.9260,-0.4324,0.9677,-0.2450,-152.53,98.63,-20.58
4.9265,-0.4329,0.9648,-0.2460,-153.44,99.82,-20.02
4.9271,-0.4299,0.9638,-0.2425,-153.23,98.77,-20.23
4.9276,-0.4270,0.9614,-0.2406,-153.72,100.10,-19.67
4.9281,-0.4290,0.9589,-0.2396,-153.58,98.84,-20.02
4.9287,-0.4260,0.9589,-0.2347,-153.58,100.03,-19.39
4.9292,-0.4216,0.9565,-0.2303,-154.07,99.19,-19.53
4.9297,-0.4207,0.9536,-0.2284,-154.35,99.68,-18.97
4.9303,-0.4187,0.9536,-0.2298,-154.28,99.33,-19.25
4.9308,-0.4187,0.9506,-0.2245,-154.35,99.40,-18.76
4.9313,-0.4187,0.9443,-0.2181,-154.28,99.68,-18.90
4.9319,-0.4182,0.9399,-0.2147,-154.63,100.24,-18.06
4.9324,-0.4138,0.9384,-0.2098,-154.63,99.61,-17.71
4.9329,-0.4094,0.9379,-0.2089,-154.77,100.31,-17.78
4.9335,-0.4060,0.9365,-0.2079,-154.98,99.40,-18.06
4.9340,-0.4060,0.9365,-0.2040,-155.12,100.73,-17.15
4.9346,-0.4026,0.9316,-0.1981,-154.84,99.54,-17.99
4.9351,-0.3987,0.9277,-0.1967,-154.70,100.52,-16.66
4.9356,-0.3992,0.9277,-0.1962,-155.05,99.61,-17.43
4.9362,-0.3972,0.9233,-0.1947,-154.91,100.87,-15.89
4.9368,-0.3953,0.9184,-0.1908,-154.98,99.40,-17.29
4.9373,-0.3938,0.9184,-0.1884,-154.56,100.80,-15.68
4.9379,-0.3894,0.9189,-0.1898,-155.12,100.17,-16.59
4.9385,-0.3875,0.9150,-0.1864,-154.84,100.87,-15.54
4.9391,-0.3904,0.9126,-0.1820,-154.98,100.59,-16.31
4.9396,-0.3870,0.9091,-0.1791,-154.42,100.73,-15.26
4.9402,-0.3797,0.9072,-0.1767,-155.12,100.87,-15.47
4.9408,-0.3723,0.9067,-0.1747,-154.49,100.52,-15.26
4.9414,-0.3680,0.9028,-0.1737,-154.84,101.15,-14.98
4.9419,-0.3689,0.8999,-0.1737,-154.42,100.66,-15.12
4.9425,-0.3680,0.8950,-0.1693,-154.35,101.43,-14.21
4.9431,-0.3645,0.8896,-0.1635,-154.42,100.66,-14.91
4.9437,-0.3611,0.8891,-0.1630,-154.07,102.06,-13.79
4.9442,-0.3572,0.8911,-0.1610,-154.14,100.66,-14.84
4.9448,-0.3548,0.8901,-0.1596,-153.72,101.64,-13.37
4.9454,-0.3548,0.8877,-0.1581,-154.21,100.80,-14.77
4.9460,-0.3533,0.8852,-0.1566,-153.30,101.78,-13.02
4.9465,-0.3518,0.8804,-0.1562,-154.14,100.87,-14.21
4.9471,-0.3494,0.8794,-0.1537,-152.88,101.99,-12.67
4.9477,-0.3484,0.8808,-0.1562,-153.86,101.36,-13.86
4.9483,-0.3475,0.8818,-0.1532,-152.11,101.71,-12.46
4.9489,-0.3450,0.8799,-0.1537,-153.37,101.99,-13.37
4.9494,-0.3455,0.8755,-0.1562,-152.25,101.50,-12.74
4.9500,-0.3431,0.8745,-0.1518,-152.74,101.92,-13.30
4.9506,-0.3416,0.8745,-0.1513,-152.32,101.71,-12.39
4.9512,-0.3416,0.8725,-0.1498,-152.25,102.34,-12.32
4.9518,-0.3392,0.8711,-0.1474,-151.55,101.85,-12.67
4.9523,-0.3372,0.8735,-0.1459,-151.62,102.69,-11.90
4.9529,-0.3367,0.8721,-0.1449,-151.69,102.06,-12.53
4.9535,-0.3382,0.8682,-0.1415,-150.57,102.41,-12.11
4.9541,-0.3392,0.8638,-0.1415,-151.41,101.99,-12.32
4.9547,-0.3372,0.8628,-0.1435,-149.94,102.55,-11.62
4.9552,-0.3333,0.8652,-0.1410,-150.71,102.20,-12.25
4.9558,-0.3333,0.8638,-0.1381,-149.73,102.48,-11.41
4.9564,-0.3328,0.8608,-0.1415,-150.01,102.41,-12.32
4.9570,-0.3289,0.8599,-0.1381,-149.31,102.41,-11.34
4.9576,-0.3289,0.8589,-0.1362,-149.80,102.55,-12.39
4.9582,-0.3309,0.8589,-0.1371,-148.82,102.20,-11.20
4.9587,-0.3314,0.8564,-0.1366,-148.89,102.97,-11.90
4.9608,-0.3279,0.8511,-0.1371,-148.40,102.13,-11.55
4.9629,-0.3265,0.8472,-0.1352,-148.47,102.90,-11.97
4.9650,-0.3245,0.8496,-0.1337,-147.63,101.92,-11.76
4.9671,-0.3201,0.8501,-0.1313,-147.49,103.18,-11.83
4.9692,-0.3221,0.8447,-0.1327,-147.42,102.20,-11.69
4.9713,-0.3206,0.8433,-0.1342,-147.07,103.18,-11.69
4.9734,-0.3177,0.8428,-0.1303,-146.51,102.13,-12.39
4.9755,-0.3196,0.8384,-0.1269,-146.44,103.25,-11.27
4.9776,-0.3143,0.8350,-0.1244,-146.30,102.48,-12.46
4.9797,-0.3148,0.8291,-0.1259,-145.25,102.48,-12.60
4.9818,-0.3133,0.8281,-0.1269,-145.60,102.13,-12.39
4.9839,-0.3089,0.8262,-0.1249,-144.90,102.76,-12.32
4.9860,-0.3070,0.8252,-0.1215,-145.04,102.34,-12.39
4.9881,-0.3079,0.8237,-0.1244,-144.41,103.18,-12.60
4.9902,-0.3099,0.8189,-0.1249,-144.27,102.27,-12.67
4.9923,-0.3065,0.8159,-0.1210,-143.71,102.83,-13.02
4.9944,-0.3035,0.8159,-0.1215,-143.57,102.20,-12.81
4.9965,-0.3006,0.8135,-0.1205,-143.22,103.25,-12.88
4.9986,-0.2962,0.8057,-0.1196,-142.87,101.99,-13.23
5.0007,-0.2957,0.8008,-0.1171,-142.87,103.04,-13.30
