time_s,ax_g,ay_g,az_g,gx_dps,gy_dps,gz_dps
0.000000,-0.5553,-0.8896,-0.0542,-7.98,4.76,8.40
0.000597,-0.5627,-0.8882,-0.0556,-7.42,4.48,11.41
0.001194,-0.5651,-0.8877,-0.0586,-8.26,4.41,9.66
0.001791,-0.5656,-0.8872,-0.0625,-7.70,4.48,12.39
0.002389,-0.5734,-0.8838,-0.0664,-7.70,4.06,10.57
0.002986,-0.5793,-0.8847,-0.0673,-7.98,3.99,14.00
0.003583,-0.5846,-0.8843,-0.0673,-7.42,3.85,10.85
0.004180,-0.5890,-0.8774,-0.0688,-8.33,4.06,15.26
0.004777,-0.5910,-0.8706,-0.0683,-7.00,3.08,11.97
0.005374,-0.5919,-0.8633,-0.0654,-8.47,3.78,16.45
0.005972,-0.5963,-0.8511,-0.0659,-7.21,2.80,12.60
0.006569,-0.6012,-0.8452,-0.0732,-8.68,2.80,17.57
0.007166,-0.6012,-0.8423,-0.0766,-7.21,2.31,13.16
0.007763,-0.6002,-0.8384,-0.0747,-8.47,2.52,17.99
0.008360,-0.5998,-0.8408,-0.0776,-7.70,2.24,14.00
0.008957,-0.5998,-0.8359,-0.0810,-7.98,2.17,18.55
0.009554,-0.5998,-0.8306,-0.0781,-8.33,2.03,14.70
0.010152,-0.5949,-0.8340,-0.0795,-7.63,1.54,19.04
0.010749,-0.5929,-0.8330,-0.0815,-8.68,1.40,15.54
0.010749,-0.5905,-0.8286,-0.0825,-7.56,0.77,19.46
0.011339,-0.5885,-0.8296,-0.0834,-8.68,1.12,16.52
0.011936,-0.5900,-0.8340,-0.0864,-7.56,0.84,19.46
0.012533,-0.5929,-0.8389,-0.0883,-9.10,0.91,17.64
0.013131,-0.5919,-0.8389,-0.0888,-7.28,0.07,19.74
0.013728,-0.5871,-0.8316,-0.0874,-9.10,0.07,18.27
0.014325,-0.5871,-0.8242,-0.0864,-7.77,0.56,19.60
0.014922,-0.5915,-0.8257,-0.0898,-8.82,-0.56,19.18
0.015519,-0.5924,-0.8320,-0.0874,-8.05,0.35,19.81
0.016116,-0.5939,-0.8394,-0.0849,-8.82,-0.98,19.67
0.016714,-0.5978,-0.8511,-0.0864,-8.19,-0.07,20.86
0.017311,-0.5993,-0.8652,-0.0869,-8.68,-1.47,19.81
0.017908,-0.6012,-0.8686,-0.0869,-8.26,-0.42,21.49
0.018505,-0.6022,-0.8686,-0.0917,-8.33,-1.82,20.58
0.019102,-0.6017,-0.8755,-0.0961,-8.19,-0.84,21.98
0.019699,-0.6037,-0.8750,-0.0947,-8.47,-1.82,21.14
0.020296,-0.6046,-0.8823,-0.0913,-8.26,-1.47,22.40
0.020894,-0.6066,-0.8955,-0.0917,-8.47,-2.10,21.98
0.021491,-0.6100,-0.8930,-0.0937,-7.49,-2.10,22.96
0.022461,-0.6193,-0.8940,-0.0932,-8.54,-2.45,22.96
0.023058,-0.6202,-0.8867,-0.0903,-8.05,-3.15,23.38
0.023655,-0.6207,-0.8843,-0.0932,-7.70,-3.15,24.15
0.024252,-0.7481,-0.8872,-0.0903,-7.84,-3.50,24.08
0.024850,-0.6246,-0.8857,-0.0903,-7.63,-3.64,25.06
0.025447,-0.6266,-0.8818,-0.0922,-7.07,-4.13,25.48
0.026044,-0.6295,-0.8779,-0.0956,-7.56,-3.99,25.76
0.026641,-0.6305,-0.8721,-0.0942,-6.72,-5.04,25.97
0.027238,-0.6281,-0.8642,-0.0986,-7.35,-4.76,26.81
0.027835,-0.6261,-0.8574,-0.1000,-6.79,-5.32,26.46
0.028433,-0.6246,-0.8594,-0.0991,-7.42,-4.83,27.51
0.029030,-0.6271,-0.8647,-0.1000,-6.44,-5.74,27.16
0.029627,-0.6305,-0.8657,-0.1010,-6.93,-5.32,27.86
0.030224,-0.6295,-0.8657,-0.1088,-6.72,-5.95,27.93
0.030821,-0.6285,-0.8642,-0.1113,-6.86,-5.95,28.63
0.031418,-0.6276,-0.8628,-0.1078,-6.65,-6.16,28.49
0.032015,-0.6276,-0.8584,-0.1093,-6.09,-6.86,28.84
0.032613,-0.6300,-0.8589,-0.1093,-6.65,-6.51,28.98
0.033210,-0.6320,-0.8638,-0.1122,-6.23,-7.07,29.40
0.034180,-0.6339,-0.8608,-0.1161,-6.58,-6.93,29.82
0.034777,-0.6383,-0.8613,-0.1137,-5.95,-8.12,29.68
0.035374,-0.6388,-0.8618,-0.1142,-6.37,-7.14,29.47
0.035971,-0.6403,-0.8564,-0.1157,-6.16,-8.19,30.52
0.036569,-0.6461,-0.8516,-0.1186,-6.16,-8.33,30.31
0.037166,-0.6471,-0.8511,-0.1205,-6.30,-8.26,30.24
0.037763,-0.6495,-0.8501,-0.1240,-5.74,-8.33,30.94
0.038360,-0.6598,-0.8472,-0.1249,-6.44,-8.68,30.24
0.038957,-0.6642,-0.8477,-0.1259,-5.39,-9.24,31.01
0.039554,-0.6632,-0.8506,-0.1269,-6.58,-8.89,30.94
0.040152,-0.6647,-0.8525,-0.1269,-5.39,-9.66,31.36
0.040749,-0.6671,-0.8535,-0.1332,-6.51,-9.66,31.08
0.041346,-0.6681,-0.8550,-0.1386,-5.25,-10.15,30.94
0.041943,-0.6715,-0.8540,-0.1410,-6.30,-10.50,31.43
0.042540,-0.6744,-0.8501,-0.1405,-5.32,-10.22,30.80
0.043137,-0.6764,-0.8452,-0.1386,-5.67,-11.27,31.50
0.043734,-0.6783,-0.8418,-0.1371,-5.39,-10.71,31.15
0.044332,-0.6778,-0.8398,-0.1371,-5.88,-11.69,31.64
0.044929,-0.6773,-0.8408,-0.1396,-5.46,-10.99,31.01
0.044929,-0.6764,-0.8413,-0.1386,-5.11,-12.32,31.29
0.045519,-0.6754,-0.8398,-0.1410,-5.74,-11.55,31.43
0.046116,-0.6754,-0.8330,-0.1435,-4.97,-12.95,30.94
0.046713,-0.6769,-0.8257,-0.1430,-5.74,-11.69,30.80
0.047311,-0.6788,-0.8203,-0.1459,-5.18,-13.09,31.64
0.047908,-0.6773,-0.8174,-0.1469,-5.81,-12.11,30.73
0.048505,-0.6725,-0.8150,-0.1464,-5.04,-13.93,31.15
0.049102,-0.6720,-0.8106,-0.1435,-5.67,-12.32,30.66
0.049699,-0.6720,-0.8067,-0.1401,-5.32,-14.42,31.36
0.050296,-0.6690,-0.8023,-0.1415,-5.67,-12.39,30.24
0.050894,-0.6647,-0.7974,-0.1425,-5.46,-14.70,31.15
0.051491,-0.6554,-0.7945,-0.1415,-6.02,-13.09,30.52
0.052088,-0.6466,-0.7910,-0.1449,-5.81,-14.70,30.80
0.052685,-0.6481,-0.7935,-0.1464,-5.88,-13.86,30.24
0.053282,-0.6510,-0.7964,-0.1464,-5.81,-14.63,30.59
0.053879,-0.6451,-0.7930,-0.1503,-5.67,-14.21,29.89
0.054476,-0.6407,-0.7920,-0.1518,-6.09,-15.12,30.59
0.055074,-0.6422,-0.7891,-0.1518,-5.74,-14.70,29.68
0.055671,-0.6398,-0.7828,-0.1498,-6.72,-14.84,30.80
0.056640,-0.6388,-0.7803,-0.1459,-5.60,-15.05,29.12
0.057237,-0.6407,-0.7793,-0.1454,-6.72,-15.33,30.87
0.057834,-0.6412,-0.7803,-0.1449,-6.02,-15.47,29.12
0.058431,-0.6427,-0.7852,-0.1518,-6.23,-15.26,29.05
0.059029,-0.6412,-0.7852,-0.1581,-7.07,-15.75,30.80
0.059626,-0.6417,-0.7842,-0.1557,-6.51,-15.19,28.77
0.060223,-0.6412,-0.7852,-0.1542,-7.42,-15.96,31.43
0.060820,-0.6393,-0.7847,-0.1552,-6.65,-15.40,28.42
0.061417,-0.6378,-0.7813,-0.1542,-7.42,-16.38,31.85
0.062014,-0.6359,-0.7769,-0.1518,-7.21,-15.61,28.42
0.062612,-0.6339,-0.7749,-0.1493,-7.14,-16.45,31.85
0.063209,-0.6324,-0.7735,-0.1527,-8.19,-15.61,28.56
0.063806,-0.6305,-0.7710,-0.1537,-7.56,-16.73,32.13
0.064403,-0.6266,-0.7676,-0.1537,-8.54,-16.17,29.12
0.065000,-0.6242,-0.7637,-0.1566,-7.70,-16.80,32.27
0.065597,-0.6242,-0.7632,-0.1571,-9.10,-16.31,29.61
0.066194,-0.6237,-0.7623,-0.1586,-8.12,-16.38,32.41
0.066792,-0.6212,-0.7549,-0.1576,-9.59,-16.87,30.17
0.067389,-0.6168,-0.7554,-0.1562,-8.40,-16.52,32.55
0.068359,-0.6159,-0.7462,-0.1635,-9.59,-17.29,30.52
0.068956,-0.6149,-0.7427,-0.1630,-10.22,-17.78,30.73
0.069553,-0.6085,-0.7432,-0.1664,-9.94,-16.10,33.46
0.070150,-0.6066,-0.7403,-0.1664,-10.43,-17.78,30.94
0.070748,-0.6037,-0.7383,-0.1654,-10.50,-16.24,33.74
0.071345,-0.6027,-0.7364,-0.1669,-10.85,-17.99,31.43
0.071942,-0.6037,-0.7320,-0.1698,-11.13,-16.10,33.95
0.072539,-0.6027,-0.7296,-0.1742,-11.13,-18.20,31.85
0.073136,-0.6032,-0.7281,-0.1732,-11.83,-16.24,34.02
0.073733,-0.6027,-0.7281,-0.1732,-11.97,-17.71,32.69
0.074331,-0.6002,-0.7300,-0.1767,-12.88,-16.73,34.37
0.074928,-0.5998,-0.7291,-0.1806,-12.39,-17.64,33.18
0.075525,-0.6007,-0.7266,-0.1830,-12.88,-16.94,34.51
0.076122,-0.5998,-0.7281,-0.1854,-13.44,-17.43,33.88
0.076719,-0.5983,-0.7305,-0.1864,-13.51,-17.01,34.86
0.077316,-0.5983,-0.7310,-0.1884,-14.35,-17.08,34.30
0.077913,-0.5998,-0.7305,-0.1918,-13.86,-17.71,34.79
0.078511,-0.5998,-0.7281,-0.1972,-15.54,-17.15,35.28
0.079108,-0.6002,-0.7271,-0.2015,-14.63,-17.50,35.14
0.080078,-0.6051,-0.7242,-0.2064,-16.10,-17.92,35.77
0.080675,-0.6041,-0.7203,-0.2074,-16.94,-17.08,36.33
0.081272,-0.6080,-0.7218,-0.2103,-16.45,-17.85,36.47
0.081869,-0.6129,-0.7188,-0.2128,-17.36,-17.22,36.89
0.082467,-0.6163,-0.7164,-0.2147,-17.15,-18.34,36.68
0.083064,-0.6139,-0.7164,-0.2206,-18.34,-17.01,37.87
0.083661,-0.6124,-0.7130,-0.2230,-18.13,-18.13,36.96
0.084258,-0.6120,-0.7135,-0.2230,-18.97,-17.57,38.01
0.084855,-0.6105,-0.7139,-0.2279,-19.39,-18.48,37.66
0.085452,-0.6090,-0.7120,-0.2308,-19.53,-17.78,38.85
0.086050,-0.6051,-0.7139,-0.2342,-20.79,-17.92,37.87
0.086647,-0.6051,-0.7149,-0.2411,-20.30,-18.13,39.20
0.087244,-0.6085,-0.7144,-0.2455,-21.70,-17.85,38.01
0.087841,-0.6066,-0.7174,-0.2450,-20.86,-18.48,39.69
0.088438,-0.6022,-0.7198,-0.2469,-23.03,-18.06,38.50
0.089035,-0.6017,-0.7203,-0.2484,-21.63,-18.06,40.25
0.089632,-0.6017,-0.7198,-0.2499,-23.87,-18.06,38.99
0.090230,-0.5983,-0.7203,-0.2562,-22.96,-18.20,40.11
0.090827,-0.5939,-0.7193,-0.2586,-24.71,-18.41,39.27
0.090827,-0.5939,-0.7218,-0.2591,-24.22,-17.99,41.02
0.091417,-0.5924,-0.7252,-0.2616,-25.34,-17.92,39.27
0.092014,-0.5876,-0.7232,-0.2616,-25.69,-18.20,40.67
0.092611,-0.5900,-0.7247,-0.2645,-26.32,-18.06,40.11
0.093209,-0.5949,-0.7276,-0.2699,-26.46,-18.76,40.53
0.093806,-0.5939,-0.7237,-0.2689,-27.37,-17.57,40.11
0.094403,-0.5900,-0.7237,-0.2699,-27.72,-18.83,40.60
0.095000,-0.5876,-0.7276,-0.2738,-28.14,-17.92,39.83
0.095597,-0.5851,-0.7300,-0.2782,-29.33,-18.55,40.81
0.096194,-0.5851,-0.7325,-0.2782,-28.84,-17.99,39.97
0.096792,-0.5866,-0.7349,-0.2752,-30.38,-18.20,40.67
0.097389,-0.5851,-0.7408,-0.2791,-29.96,-17.99,39.55
0.097986,-0.5851,-0.7447,-0.2860,-31.57,-18.20,40.25
0.098583,-0.5876,-0.7452,-0.2889,-30.66,-17.57,39.55
0.099180,-0.5885,-0.7462,-0.2904,-32.34,-18.34,40.11
0.099777,-0.5905,-0.7535,-0.2928,-31.92,-17.50,39.41
0.100374,-0.5949,-0.7569,-0.2928,-33.53,-18.62,40.18
0.100972,-0.5934,-0.7598,-0.2918,-33.25,-17.43,39.20
0.101569,-0.5958,-0.7662,-0.2928,-34.02,-18.69,39.27
0.102539,-0.5998,-0.7686,-0.2918,-34.58,-17.22,38.71
0.103136,-0.6007,-0.7749,-0.2923,-35.49,-18.41,39.27
0.103733,-0.6051,-0.7837,-0.3045,-35.35,-17.36,37.66
0.104330,-0.6115,-0.7906,-0.3045,-36.12,-18.69,39.34
0.104928,-0.6129,-0.7969,-0.3035,-36.40,-17.29,36.54
0.105525,-0.6095,-0.8008,-0.3079,-36.82,-18.69,38.85
0.106122,-0.6227,-0.8179,-0.3050,-38.22,-18.34,38.71
0.106719,-0.6246,-0.8242,-0.3055,-38.36,-18.06,35.35
0.107316,-0.6256,-0.8316,-0.3138,-38.71,-18.13,37.80
0.107913,-0.6290,-0.8374,-0.3133,-39.62,-18.13,34.79
0.108511,-0.6378,-0.8433,-0.3089,-39.13,-18.27,36.54
0.109108,-0.6432,-0.8496,-0.3104,-41.02,-18.06,34.09
0.109705,-0.6461,-0.8560,-0.3123,-39.83,-18.34,35.49
0.110302,-0.6486,-0.8608,-0.3152,-41.79,-18.48,33.74
0.110899,-0.6481,-0.8608,-0.3148,-40.67,-18.48,34.23
0.111496,-0.6534,-0.8677,-0.3118,-42.56,-18.83,32.90
0.112093,-0.6573,-0.8755,-0.3143,-41.65,-18.76,32.62
0.112691,-0.6544,-0.8794,-0.3182,-43.33,-18.83,31.99
0.113288,-0.6529,-0.8891,-0.3167,-42.49,-18.83,31.50
0.114258,-0.6515,-0.8965,-0.3206,-43.54,-19.32,29.75
0.114855,-0.6525,-0.9023,-0.3245,-44.80,-19.39,30.24
0.115452,-0.6476,-0.9033,-0.3240,-44.17,-19.18,28.35
0.116049,-0.6407,-0.9062,-0.3245,-45.36,-19.60,29.47
0.116647,-0.6407,-0.9091,-0.3279,-45.15,-19.32,27.16
0.117244,-0.6412,-0.9072,-0.3279,-46.06,-19.67,28.14
0.117841,-0.6422,-0.9067,-0.3304,-46.34,-19.60,25.55
0.118438,-0.6403,-0.9116,-0.3348,-46.41,-20.30,26.67
0.119035,-0.6339,-0.9174,-0.3382,-47.46,-19.53,24.36
0.119632,-0.6320,-0.9194,-0.3377,-46.90,-20.44,25.13
0.120230,-0.6295,-0.9170,-0.3431,-48.72,-19.88,23.10
0.120827,-0.6271,-0.9165,-0.3489,-47.39,-20.44,23.73
0.121424,-0.6251,-0.9204,-0.3504,-49.98,-20.16,21.98
0.122021,-0.6232,-0.9213,-0.3523,-48.30,-20.72,22.47
0.122618,-0.6202,-0.9174,-0.3514,-50.54,-20.79,20.58
0.123215,-0.6159,-0.9179,-0.3538,-49.14,-20.51,20.79
0.123812,-0.6154,-0.9228,-0.3592,-51.31,-20.72,19.74
0.124410,-0.6124,-0.9238,-0.3645,-50.33,-20.65,19.25
0.125007,-0.6163,-0.9228,-0.3728,-52.01,-21.28,18.62
0.125976,-0.6237,-0.9213,-0.3753,-51.45,-20.93,17.64
0.126573,-0.6232,-0.9277,-0.3806,-52.57,-20.93,16.38
0.127170,-0.6281,-0.9282,-0.3870,-53.27,-21.56,16.31
0.127767,-0.6295,-0.9287,-0.3938,-53.90,-21.14,15.54
0.128365,-0.6290,-0.9306,-0.3943,-54.11,-21.91,14.98
0.128962,-0.6276,-0.9306,-0.3943,-55.16,-21.49,14.21
0.129559,-0.6246,-0.9311,-0.4006,-54.95,-22.26,13.86
0.130156,-0.6251,-0.9340,-0.4021,-55.93,-21.91,12.81
0.130753,-0.6281,-0.9340,-0.4046,-56.00,-22.68,13.09
0.131350,-0.6295,-0.9394,-0.4075,-57.54,-22.05,11.97
0.131948,-0.6266,-0.9433,-0.4114,-56.91,-23.10,11.97
0.132545,-0.6237,-0.9414,-0.4148,-58.73,-22.47,11.06
0.133142,-0.6251,-0.9423,-0.4172,-57.82,-23.45,11.41
0.133739,-0.6266,-0.9428,-0.4236,-59.29,-23.10,10.01
0.134336,-0.6295,-0.9409,-0.4236,-59.29,-23.52,10.57
0.134933,-0.6329,-0.9438,-0.4221,-60.55,-23.45,9.52
0.135530,-0.6339,-0.9521,-0.4246,-60.55,-23.45,9.66
0.136128,-0.6290,-0.9570,-0.4255,-60.97,-24.36,8.68
0.136725,-0.6251,-0.9575,-0.4319,-62.02,-23.73,8.26
0.137695,-0.6349,-0.9653,-0.4333,-61.95,-25.13,8.82
0.138292,-0.6349,-0.9770,-0.4377,-63.42,-25.20,7.63
0.138889,-0.6354,-0.9838,-0.4387,-64.26,-24.50,6.72
0.139486,-0.6456,-0.9936,-0.4436,-65.10,-25.34,5.53
0.140084,-0.6481,-0.9994,-0.4460,-65.73,-26.25,7.14
0.140681,-0.6510,-1.0033,-0.4504,-66.71,-25.41,4.97
0.141278,-0.6529,-1.0038,-0.4490,-67.13,-26.81,6.72
0.141875,-0.6568,-1.0067,-0.4494,-67.90,-26.18,4.34
0.142472,-0.6583,-1.0136,-0.4563,-68.39,-27.44,5.95
0.143069,-0.6573,-1.0189,-0.4563,-69.02,-26.67,3.50
0.143667,-0.6617,-1.0204,-0.4568,-69.86,-28.35,5.60
0.144264,-0.6676,-1.0214,-0.4587,-70.28,-27.30,2.59
0.144861,-0.6700,-1.0282,-0.4563,-70.56,-28.63,4.48
0.145458,-0.6710,-1.0311,-0.4587,-72.03,-28.00,2.45
0.146055,-0.6725,-1.0253,-0.4670,-71.75,-29.61,4.13
0.146652,-0.6793,-1.0287,-0.4699,-73.36,-28.84,1.26
0.147249,-0.6773,-1.0292,-0.4704,-74.90,-29.47,0.21
0.147847,-0.6798,-1.0321,-0.4675,-74.48,-31.01,3.29
0.148444,-0.6852,-1.0326,-0.4709,-76.58,-30.24,-0.84
0.150390,-0.6876,-1.0292,-0.4738,-75.95,-31.71,2.66
0.150987,-0.6891,-1.0263,-0.4729,-78.19,-31.57,-1.26
0.151584,-0.6930,-1.0258,-0.4719,-77.77,-32.20,1.33
0.152181,-0.6964,-1.0272,-0.4753,-79.66,-32.41,-1.54
0.152779,-0.7003,-1.0263,-0.4753,-79.45,-33.25,0.49
0.153376,-0.7017,-1.0228,-0.4714,-81.69,-33.18,-2.10
0.153973,-0.6993,-1.0185,-0.4782,-80.78,-34.16,-0.77
0.154570,-0.6964,-1.0175,-0.4831,-83.65,-34.58,-2.59
0.155167,-0.6959,-1.0155,-0.4821,-82.74,-35.00,-1.82
0.155764,-0.6988,-1.0102,-0.4821,-85.47,-35.35,-3.22
0.156362,-0.6964,-1.0043,-0.4797,-84.70,-35.63,-3.29
0.156959,-0.6920,-0.9999,-0.4782,-87.36,-36.40,-3.85
0.157556,-0.6934,-0.9960,-0.4778,-86.73,-36.82,-4.13
0.158153,-0.6959,-0.9916,-0.4792,-89.39,-37.24,-4.41
0.158750,-0.6949,-0.9892,-0.4812,-88.55,-37.66,-5.53
0.159347,-0.6934,-0.9853,-0.4797,-91.49,-38.36,-5.25
0.159944,-0.6925,-0.9789,-0.4782,-90.86,-38.99,-7.21
0.160542,-0.6988,-0.9697,-0.4802,-93.24,-39.76,-8.54
0.161139,-0.7013,-0.9633,-0.4865,-95.48,-40.46,-6.58
0.161139,-0.7013,-0.9633,-0.4851,-96.32,-40.88,-9.80
0.161730,-0.6993,-0.9604,-0.4817,-97.86,-41.37,-7.28
0.162327,-0.6993,-0.9540,-0.4860,-98.42,-42.07,-11.55
0.162924,-0.7017,-0.9579,-0.4890,-100.24,-42.28,-7.70
0.163522,-0.7032,-0.9599,-0.4914,-101.43,-43.47,-12.53
0.164119,-0.7066,-0.9545,-0.4919,-102.76,-43.26,-8.19
0.164716,-0.7091,-0.9555,-0.4895,-104.02,-44.59,-13.58
0.165313,-0.7066,-0.9604,-0.4914,-104.65,-44.87,-9.24
0.165910,-0.7100,-0.9604,-0.4973,-106.89,-45.78,-14.63
0.166507,-0.7149,-0.9633,-0.4987,-107.03,-45.92,-9.80
0.167105,-0.7120,-0.9648,-0.4992,-109.83,-46.83,-16.03
0.167702,-0.7144,-0.9653,-0.5017,-109.34,-47.53,-10.50
0.168299,-0.7115,-0.9687,-0.5031,-112.63,-47.53,-16.87
0.168896,-0.7081,-0.9697,-0.5026,-111.79,-48.86,-11.69
0.169493,-0.7096,-0.9716,-0.5002,-115.22,-49.28,-17.85
0.170090,-0.7100,-0.9755,-0.5031,-114.45,-50.40,-12.46
0.170687,-0.7115,-0.9804,-0.5085,-118.09,-50.54,-18.69
0.171285,-0.7135,-0.9887,-0.5109,-120.54,-51.38,-19.18
0.171882,-0.7120,-0.9926,-0.5129,-119.98,-52.85,-14.42
0.172851,-0.7149,-0.9936,-0.5153,-122.92,-52.92,-20.37
0.173448,-0.7149,-0.9960,-0.5148,-122.78,-54.39,-15.05
0.174045,-0.7164,-1.0024,-0.5163,-125.86,-54.25,-21.21
0.174642,-0.7213,-1.0053,-0.5192,-125.37,-55.65,-15.68
0.175240,-0.7198,-1.0072,-0.5187,-128.38,-55.58,-22.33
0.175837,-0.7183,-1.0087,-0.5197,-128.17,-57.26,-16.59
0.176434,-0.7169,-1.0067,-0.5222,-131.11,-56.98,-22.75
0.177031,-0.7174,-1.0053,-0.5212,-131.11,-58.24,-17.64
0.177628,-0.7144,-1.0019,-0.5202,-133.42,-58.87,-23.52
0.178225,-0.7144,-0.9984,-0.5212,-134.12,-59.57,-18.69
0.178823,-0.7193,-1.0024,-0.5202,-135.80,-60.20,-24.43
0.179420,-0.7188,-1.0053,-0.5231,-137.06,-60.69,-20.02
0.180017,-0.7159,-1.0028,-0.5290,-138.53,-61.74,-25.48
0.180614,-0.7159,-1.0024,-0.5324,-139.72,-62.09,-20.79
0.181211,-0.7125,-0.9999,-0.5339,-140.84,-63.91,-25.90
0.181808,-0.7076,-0.9950,-0.5329,-143.08,-63.07,-22.19
0.182405,-0.7071,-0.9970,-0.5344,-143.64,-65.24,-26.74
0.183003,-0.7066,-1.0019,-0.5388,-145.46,-64.61,-23.66
0.183600,-0.7008,-1.0063,-0.5417,-146.65,-66.78,-27.37
0.184570,-0.6964,-1.0082,-0.5412,-148.12,-66.22,-24.78
0.185167,-0.6983,-1.0106,-0.5422,-149.80,-68.04,-27.72
0.185764,-0.6959,-1.0116,-0.5436,-150.43,-67.62,-26.95
0.186361,-0.6915,-1.0126,-0.5446,-152.81,-69.37,-27.79
0.186959,-0.6915,-1.0155,-0.5490,-152.95,-69.02,-28.70
0.187556,-0.6910,-1.0185,-0.5524,-155.68,-70.70,-28.28
0.188153,-0.6881,-1.0209,-0.5553,-155.26,-70.63,-29.89
0.188750,-0.6842,-1.0292,-0.5597,-158.83,-71.75,-28.70
0.189347,-0.6817,-1.0370,-0.5602,-157.78,-72.03,-31.57
0.189944,-0.6812,-1.0390,-0.5578,-161.35,-73.22,-29.26
0.190542,-0.6769,-1.0443,-0.5622,-160.51,-73.36,-32.55
0.191139,-0.6734,-1.0477,-0.5695,-163.73,-74.55,-29.68
0.191736,-0.6700,-1.0482,-0.5714,-163.31,-75.04,-34.02
0.192333,-0.6651,-1.0492,-0.5734,-166.11,-75.81,-30.03
0.192930,-0.6627,-1.0546,-0.5778,-166.25,-76.23,-34.65
0.193527,-0.6612,-1.0585,-0.5773,-168.21,-77.14,-30.59
0.194124,-0.6539,-1.0624,-0.5812,-170.73,-78.19,-30.24
0.194722,-0.6490,-1.0609,-0.5871,-171.43,-78.96,-36.61
0.195319,-0.6476,-1.0638,-0.5890,-172.69,-79.66,-31.01
0.196289,-0.6500,-1.0697,-0.5905,-174.23,-80.29,-36.75
0.196886,-0.6505,-1.0687,-0.5885,-174.86,-80.92,-31.22
0.197483,-0.6510,-1.0716,-0.5880,-176.82,-81.34,-38.01
0.198080,-0.6456,-1.0770,-0.5924,-177.10,-81.90,-30.94
0.198678,-0.6412,-1.0775,-0.5944,-179.48,-82.53,-38.08
0.199275,-0.6388,-1.0760,-0.5983,-178.71,-83.58,-31.50
0.199872,-0.6364,-1.0770,-0.5978,-182.21,-83.72,-38.08
0.200469,-0.6364,-1.0824,-0.5968,-181.02,-84.14,-31.71
0.201066,-0.6334,-1.0873,-0.6017,-184.73,-85.26,-38.22
0.201663,-0.6305,-1.0912,-0.6032,-183.19,-85.54,-31.99
0.202261,-0.6285,-1.1004,-0.5978,-186.90,-86.94,-38.43
0.202858,-0.6261,-1.1078,-0.5929,-185.57,-86.24,-32.41
0.203455,-0.6261,-1.1131,-0.5998,-188.93,-88.27,-38.15
0.204052,-0.6256,-1.1175,-0.6027,-187.74,-87.36,-32.90
0.204649,-0.6227,-1.1248,-0.5983,-190.82,-89.11,-38.64
0.205246,-0.6242,-1.1458,-0.5973,-192.85,-90.30,-38.57
0.205843,-0.6242,-1.1522,-0.5978,-192.22,-90.09,-34.09
0.206441,-0.6232,-1.1585,-0.6012,-194.67,-91.21,-38.99
0.207038,-0.6193,-1.1653,-0.6012,-194.53,-91.14,-34.44
0.208008,-0.6134,-1.1649,-0.6056,-196.21,-92.40,-39.62
0.208605,-0.6110,-1.1649,-0.6056,-197.12,-92.47,-34.65
0.209202,-0.6115,-1.1692,-0.6071,-197.68,-93.38,-40.46
0.209799,-0.6090,-1.1727,-0.6051,-199.22,-93.38,-35.21
0.210397,-0.6071,-1.1780,-0.6080,-199.85,-94.71,-40.25
0.210994,-0.6076,-1.1829,-0.6120,-200.83,-94.78,-36.47
0.211591,-0.6056,-1.1824,-0.6134,-201.39,-95.97,-40.46
0.212188,-0.6007,-1.1814,-0.6159,-203.21,-95.69,-36.96
0.212785,-0.5983,-1.1790,-0.6183,-202.93,-97.09,-40.32
0.213382,-0.5988,-1.1751,-0.6198,-204.33,-97.09,-38.08
0.213980,-0.5978,-1.1741,-0.6212,-205.38,-97.79,-40.53
0.214577,-0.5968,-1.1702,-0.6217,-206.22,-97.93,-38.78
0.215174,-0.5954,-1.1673,-0.6251,-207.34,-98.98,-40.39
0.215771,-0.5954,-1.1692,-0.6305,-207.76,-99.96,-39.62
0.216368,-0.5954,-1.1707,-0.6305,-209.44,-99.40,-40.53
0.216965,-0.5900,-1.1712,-0.6295,-209.02,-101.01,-40.53
0.217563,-0.5885,-1.1707,-0.6320,-211.33,-100.87,-40.25
0.218160,-0.5827,-1.1775,-0.6383,-211.05,-101.78,-41.02
0.218757,-0.5754,-1.1854,-0.6403,-212.80,-102.41,-40.67
0.218757,-0.5729,-1.1936,-0.6446,-213.29,-102.90,-41.23
0.219347,-0.5680,-1.1976,-0.6510,-214.41,-103.39,-40.67
0.219944,-0.5641,-1.1995,-0.6544,-215.04,-104.09,-41.93
0.220541,-0.5617,-1.2073,-0.6578,-215.88,-104.16,-40.60
0.221139,-0.5617,-1.2102,-0.6578,-216.65,-105.49,-41.93
0.221736,-0.5632,-1.2107,-0.6573,-217.42,-104.93,-40.95
0.222333,-0.5622,-1.2176,-0.6627,-217.91,-106.96,-42.21
0.222930,-0.5617,-1.2220,-0.6671,-218.89,-106.47,-40.53
0.223527,-0.5592,-1.2268,-0.6686,-219.52,-107.73,-42.56
0.224124,-0.5544,-1.2327,-0.6705,-220.22,-107.87,-40.11
0.224722,-0.5534,-1.2322,-0.6700,-221.06,-108.78,-43.61
0.225319,-0.5539,-1.2322,-0.6681,-221.06,-108.85,-40.32
0.225916,-0.5592,-1.2390,-0.6730,-222.60,-110.04,-43.89
0.226513,-0.5612,-1.2439,-0.6715,-224.00,-110.95,-44.73
0.227110,-0.5583,-1.2473,-0.6715,-223.72,-111.23,-39.83
0.227707,-0.5583,-1.2483,-0.6710,-225.47,-112.14,-44.87
0.228304,-0.5612,-1.2493,-0.6739,-225.12,-112.28,-40.60
0.228902,-0.5622,-1.2512,-0.6778,-226.59,-113.75,-45.15
0.229499,-0.5617,-1.2527,-0.6793,-226.24,-113.68,-40.88
0.230469,-0.5592,-1.2590,-0.6798,-227.71,-114.80,-46.06
0.231066,-0.5641,-1.2654,-0.6798,-227.57,-114.52,-41.16
0.231663,-0.5675,-1.2683,-0.6749,-228.55,-116.13,-46.83
0.232260,-0.5636,-1.2708,-0.6720,-228.76,-115.29,-41.65
0.232858,-0.5636,-1.2727,-0.6739,-229.46,-117.46,-47.88
0.233455,-0.5612,-1.2844,-0.6739,-229.67,-116.27,-42.07
0.234052,-0.5563,-1.2908,-0.6715,-230.30,-118.79,-48.65
0.234649,-0.5505,-1.2912,-0.6725,-230.72,-117.46,-42.77
0.235246,-0.5480,-1.2986,-0.6773,-230.93,-120.05,-49.21
0.235843,-0.5417,-1.3074,-0.6773,-231.63,-118.51,-43.47
0.236441,-0.5344,-1.3156,-0.6778,-231.84,-121.38,-50.12
0.237038,-0.5339,-1.3244,-0.6827,-232.26,-119.98,-44.80
0.237635,-0.5324,-1.3298,-0.6847,-232.89,-121.80,-50.89
0.238232,-0.5319,-1.3371,-0.6842,-232.26,-121.17,-46.13
0.238829,-0.5275,-1.3479,-0.6852,-233.87,-122.71,-52.08
0.239426,-0.5197,-1.3566,-0.6881,-234.15,-123.62,-52.92
0.240023,-0.5178,-1.3620,-0.6861,-232.75,-123.62,-49.28
0.240621,-0.5173,-1.3669,-0.6852,-235.13,-124.25,-55.02
0.241218,-0.5144,-1.3713,-0.6876,-233.38,-124.53,-50.33
0.242187,-0.5124,-1.3727,-0.6871,-235.20,-124.95,-56.28
0.242784,-0.5114,-1.3766,-0.6891,-233.52,-125.79,-52.22
0.243381,-0.5104,-1.3835,-0.6920,-235.48,-125.72,-57.96
0.243978,-0.5070,-1.3879,-0.6939,-234.08,-126.91,-54.11
0.244576,-0.5036,-1.3942,-0.6934,-235.97,-126.21,-59.71
0.245173,-0.5002,-1.3986,-0.6900,-234.01,-128.03,-56.28
0.245770,-0.4978,-1.3981,-0.6891,-236.18,-126.91,-61.74
0.246367,-0.4963,-1.4020,-0.6861,-233.80,-129.15,-58.59
0.246964,-0.4885,-1.4098,-0.6866,-236.18,-127.47,-63.84
0.247561,-0.4826,-1.4108,-0.6832,-234.50,-129.43,-60.48
0.248159,-0.4773,-1.4113,-0.6788,-235.97,-128.59,-65.80
0.248756,-0.4724,-1.4176,-0.6778,-234.64,-129.71,-63.28
0.249353,-0.4670,-1.4220,-0.6730,-235.76,-129.50,-67.90
0.249950,-0.4582,-1.4298,-0.6695,-234.50,-130.76,-66.01
0.250547,-0.4480,-1.4367,-0.6681,-235.55,-130.27,-70.42
0.251144,-0.4421,-1.4367,-0.6666,-234.78,-130.97,-68.46
0.251742,-0.4431,-1.4342,-0.6627,-235.13,-130.97,-71.96
0.252339,-0.4407,-1.4289,-0.6544,-234.85,-131.32,-71.26
0.252936,-0.4338,-1.4230,-0.6505,-234.92,-131.53,-74.06
0.252936,-0.4260,-1.4142,-0.6417,-234.71,-132.02,-74.69
0.253527,-0.4187,-1.4142,-0.6339,-234.57,-132.58,-76.37
0.254124,-0.4172,-1.4176,-0.6295,-234.92,-131.81,-77.21
0.254721,-0.4119,-1.4123,-0.6227,-234.15,-133.00,-78.33
0.255319,-0.4065,-1.4098,-0.6217,-234.57,-132.44,-79.94
0.255916,-0.4055,-1.4035,-0.6202,-233.94,-133.63,-80.36
0.256513,-0.4041,-1.3952,-0.6139,-234.50,-132.58,-82.39
0.257110,-0.3997,-1.3923,-0.6066,-233.80,-134.26,-81.69
0.257707,-0.3943,-1.3898,-0.6066,-234.01,-133.56,-84.56
0.258304,-0.3914,-1.3869,-0.6080,-233.66,-134.33,-83.23
0.258902,-0.3914,-1.3830,-0.6071,-233.73,-134.05,-86.80
0.259499,-0.3899,-1.3888,-0.6090,-233.38,-134.89,-84.70
0.260096,-0.3826,-1.4035,-0.6217,-233.38,-134.96,-88.20
0.260693,-0.3748,-1.4250,-0.6266,-232.61,-135.80,-89.39
0.261290,-0.3714,-1.4401,-0.6295,-232.75,-135.17,-87.71
0.261887,-0.3694,-1.4508,-0.6339,-232.19,-135.87,-90.65
0.262484,-0.3670,-1.4523,-0.6388,-231.98,-135.87,-89.25
0.263082,-0.3601,-1.4591,-0.6373,-231.35,-136.01,-92.26
0.263679,-0.3558,-1.4606,-0.6364,-231.21,-136.64,-90.23
0.264648,-0.3528,-1.4625,-0.6368,-230.79,-136.29,-93.87
0.265245,-0.3509,-1.4669,-0.6359,-230.51,-137.34,-91.21
0.265842,-0.3479,-1.4664,-0.6368,-230.09,-136.50,-95.48
0.266439,-0.3440,-1.4655,-0.6310,-229.81,-137.55,-92.54
0.267037,-0.3416,-1.4640,-0.6290,-229.11,-136.99,-96.60
0.267634,-0.3411,-1.4586,-0.6285,-228.83,-138.11,-93.80
0.268231,-0.3401,-1.4547,-0.6202,-228.48,-137.41,-97.79
0.268828,-0.3377,-1.4489,-0.6159,-227.71,-137.97,-95.69
0.269425,-0.3353,-1.4435,-0.6144,-227.57,-137.83,-99.40
0.270022,-0.3304,-1.4391,-0.6105,-227.50,-137.90,-97.30
0.270620,-0.3279,-1.4347,-0.6041,-226.59,-138.60,-101.01
0.271217,-0.3294,-1.4313,-0.5983,-226.59,-137.97,-99.05
0.271814,-0.3294,-1.4225,-0.5949,-225.61,-139.16,-102.83
0.272411,-0.3231,-1.4157,-0.5915,-226.10,-137.62,-101.57
0.273008,-0.3143,-1.4113,-0.5880,-224.63,-139.51,-103.81
0.273605,-0.3109,-1.4040,-0.5827,-225.12,-137.76,-103.32
0.274202,-0.3060,-1.3967,-0.5773,-223.93,-139.86,-105.42
0.274800,-0.2962,-1.3864,-0.5729,-224.28,-137.62,-105.42
0.275397,-0.2904,-1.3766,-0.5695,-223.16,-140.00,-107.31
0.275397,-0.2840,-1.3688,-0.5641,-223.51,-137.69,-107.17
0.275987,-0.2777,-1.3586,-0.5592,-222.39,-140.42,-108.78
0.276584,-0.2752,-1.3483,-0.5558,-222.39,-137.76,-109.55
0.277181,-0.2699,-1.3410,-0.5514,-221.97,-140.42,-110.39
0.277779,-0.2611,-1.3342,-0.5436,-221.48,-137.97,-111.09
0.278376,-0.2547,-1.3225,-0.5427,-221.41,-140.21,-111.65
0.278973,-0.2503,-1.3122,-0.5446,-220.64,-138.18,-112.98
0.279570,-0.2440,-1.3025,-0.5397,-220.78,-140.35,-113.05
0.280167,-0.2386,-1.2922,-0.5353,-219.66,-138.74,-114.17
0.280764,-0.2372,-1.2815,-0.5285,-220.71,-140.07,-113.96
0.281362,-0.2333,-1.2703,-0.5202,-218.68,-138.74,-115.92
0.281959,-0.2298,-1.2620,-0.5222,-220.36,-139.44,-115.01
0.282556,-0.2303,-1.2512,-0.5246,-218.26,-139.30,-116.06
0.283153,-0.2308,-1.2424,-0.5217,-219.45,-140.07,-116.76
0.283750,-0.2298,-1.2332,-0.5178,-218.12,-138.95,-117.11
0.284347,-0.2255,-1.2205,-0.5139,-219.03,-140.56,-117.18
0.284944,-0.2206,-1.2073,-0.5075,-217.77,-138.67,-117.53
0.285542,-0.2181,-1.1956,-0.5036,-218.40,-140.42,-117.53
0.286139,-0.2191,-1.1873,-0.5041,-217.21,-139.16,-117.95
0.287109,-0.2191,-1.1824,-0.5026,-217.98,-140.70,-117.60
0.287706,-0.2181,-1.1834,-0.4968,-217.42,-139.30,-118.02
0.288303,-0.2133,-1.1810,-0.4939,-217.28,-140.77,-118.23
0.288900,-0.2074,-1.1707,-0.4943,-217.07,-139.23,-117.67
0.289498,-0.2108,-1.1590,-0.4919,-216.79,-141.05,-117.53
0.290095,-0.2152,-1.1483,-0.4890,-216.86,-139.65,-117.60
0.290692,-0.2128,-1.1405,-0.4880,-216.44,-141.26,-117.46
0.291289,-0.2142,-1.1366,-0.4885,-216.72,-140.14,-116.62
0.291886,-0.2137,-1.1351,-0.4870,-215.60,-141.47,-116.83
0.292483,-0.2084,-1.1326,-0.4812,-216.65,-140.63,-115.71
0.293081,-0.2113,-1.1239,-0.4734,-215.46,-141.54,-115.99
0.293678,-0.2128,-1.1136,-0.4714,-215.95,-141.40,-114.73
0.294275,-0.2098,-1.1082,-0.4704,-215.32,-141.47,-114.94
0.294872,-0.2118,-1.1019,-0.4646,-215.74,-142.17,-113.89
0.295469,-0.2123,-1.0980,-0.4587,-215.39,-141.26,-114.03
0.296066,-0.2054,-1.0980,-0.4543,-215.18,-142.80,-112.56
0.296663,-0.2074,-1.0936,-0.4475,-215.25,-141.75,-113.19
0.297261,-0.2162,-1.0902,-0.4416,-214.83,-143.08,-111.58
0.297858,-0.2162,-1.0873,-0.4372,-214.90,-142.73,-112.21
0.297858,-0.2137,-1.0804,-0.4265,-214.27,-143.99,-110.32
0.298448,-0.2123,-1.0721,-0.4265,-214.48,-142.80,-111.09
0.299045,-0.2103,-1.0682,-0.4211,-214.34,-144.27,-108.99
0.299642,-0.2084,-1.0702,-0.4182,-214.76,-143.36,-109.55
0.300240,-0.2050,-1.0663,-0.4124,-213.64,-144.97,-108.15
0.300837,-0.2050,-1.0590,-0.4046,-214.62,-143.64,-108.29
0.301434,-0.2030,-1.0551,-0.3982,-213.29,-145.67,-107.03
0.302031,-0.2025,-1.0516,-0.3924,-214.34,-144.41,-107.24
0.302628,-0.2025,-1.0463,-0.3870,-212.52,-146.30,-105.91
0.303225,-0.1967,-1.0433,-0.3802,-214.27,-145.11,-105.49
0.303823,-0.1972,-1.0399,-0.3753,-212.31,-146.51,-104.58
0.304420,-0.2001,-1.0350,-0.3728,-213.99,-145.88,-104.58
0.305017,-0.2001,-1.0341,-0.3733,-212.17,-147.00,-103.11
0.305614,-0.2025,-1.0268,-0.3709,-213.43,-146.79,-103.11
0.306211,-0.2045,-1.0199,-0.3640,-212.03,-147.70,-101.99
0.306808,-0.2035,-1.0180,-0.3611,-213.01,-147.35,-101.71
0.307405,-0.2030,-1.0150,-0.3577,-212.03,-148.68,-100.66
0.308003,-0.2098,-1.0126,-0.3567,-212.73,-147.70,-100.59
0.308600,-0.2147,-1.0067,-0.3514,-211.75,-149.38,-99.47
0.308600,-0.2152,-1.0014,-0.3479,-212.31,-149.03,-99.12
0.309191,-0.2167,-0.9999,-0.3479,-212.03,-149.94,-98.00
0.309788,-0.2172,-0.9984,-0.3440,-211.54,-149.94,-98.07
0.310385,-0.2196,-0.9941,-0.3426,-211.68,-150.64,-96.60
0.310983,-0.2259,-0.9882,-0.3431,-211.12,-150.92,-96.74
0.311580,-0.2274,-0.9823,-0.3426,-211.47,-151.41,-95.97
0.312177,-0.2259,-0.9799,-0.3387,-210.07,-151.76,-95.62
0.312774,-0.2255,-0.9794,-0.3362,-211.61,-151.76,-94.71
0.313371,-0.2298,-0.9775,-0.3314,-209.72,-153.44,-93.87
0.313968,-0.2338,-0.9784,-0.3260,-211.40,-152.88,-93.38
0.314566,-0.2362,-0.9765,-0.3260,-209.37,-154.21,-92.68
0.315163,-0.2377,-0.9731,-0.3274,-210.63,-153.65,-92.61
0.315760,-0.2377,-0.9682,-0.3245,-209.30,-155.47,-91.14
0.316357,-0.2391,-0.9711,-0.3216,-208.46,-156.66,-90.23
0.316954,-0.2435,-0.9745,-0.3143,-209.37,-155.61,-90.72
0.317551,-0.2484,-0.9760,-0.3094,-208.60,-157.22,-88.90
0.318148,-0.2513,-0.9789,-0.3045,-208.39,-157.50,-89.95
0.318746,-0.2533,-0.9799,-0.3006,-208.32,-157.99,-87.71
0.319343,-0.2547,-0.9794,-0.2977,-207.69,-158.69,-88.90
0.320312,-0.2572,-0.9770,-0.2948,-207.76,-159.53,-86.38
0.320909,-0.2572,-0.9799,-0.2913,-207.06,-159.67,-88.34
0.321506,-0.2572,-0.9838,-0.2855,-207.13,-160.16,-85.96
0.322103,-0.2577,-0.9794,-0.2801,-206.29,-161.35,-87.64
0.322701,-0.2582,-0.9770,-0.2772,-206.57,-161.35,-84.98
0.323298,-0.2582,-0.9794,-0.2738,-205.73,-162.82,-86.94
0.323895,-0.2586,-0.9784,-0.2684,-205.87,-161.98,-84.35
0.324492,-0.2586,-0.9775,-0.2655,-204.89,-164.29,-86.66
0.325089,-0.2596,-0.9755,-0.2655,-205.17,-162.89,-83.79
0.325686,-0.2596,-0.9701,-0.2591,-204.12,-165.55,-86.03
0.326284,-0.2577,-0.9677,-0.2518,-204.40,-164.22,-83.09
0.326881,-0.2577,-0.9643,-0.2474,-203.49,-166.81,-85.47
0.327478,-0.2567,-0.9614,-0.2474,-203.49,-165.69,-82.60
0.328075,-0.2523,-0.9570,-0.2411,-202.93,-167.72,-86.03
0.328672,-0.2499,-0.9565,-0.2352,-202.51,-166.81,-81.41
0.329269,-0.2523,-0.9575,-0.2352,-202.30,-168.84,-85.47
0.329866,-0.2528,-0.9550,-0.2367,-201.32,-168.00,-81.55
0.330464,-0.2474,-0.9516,-0.2323,-201.53,-169.96,-85.05
0.331061,-0.2450,-0.9506,-0.2294,-200.20,-169.26,-81.34
0.331061,-0.2499,-0.9511,-0.2289,-200.69,-171.36,-84.21
0.331652,-0.2499,-0.9496,-0.2240,-199.15,-170.66,-81.41
0.332249,-0.2479,-0.9472,-0.2220,-200.27,-172.27,-84.07
0.332846,-0.2464,-0.9404,-0.2225,-198.59,-171.92,-80.85
0.333444,-0.2435,-0.9340,-0.2201,-199.15,-173.67,-83.65
0.334041,-0.2440,-0.9301,-0.2176,-197.75,-173.11,-80.71
0.334638,-0.2450,-0.9292,-0.2147,-197.89,-174.86,-83.16
0.335235,-0.2469,-0.9262,-0.2133,-196.91,-174.16,-80.50
0.335832,-0.2464,-0.9213,-0.2147,-196.91,-176.05,-82.67
0.336429,-0.2445,-0.9170,-0.2157,-196.07,-175.42,-80.08
0.337027,-0.2430,-0.9126,-0.2118,-195.79,-177.10,-81.90
0.337624,-0.2411,-0.9072,-0.2069,-195.30,-176.40,-79.94
0.338221,-0.2411,-0.9028,-0.2040,-194.60,-178.64,-80.92
0.338818,-0.2411,-0.9038,-0.2064,-194.53,-177.52,-79.31
0.339415,-0.2435,-0.9033,-0.2025,-193.62,-179.34,-81.13
0.340012,-0.2416,-0.8994,-0.1996,-193.62,-179.27,-78.61
0.340609,-0.2362,-0.8955,-0.2001,-192.71,-180.11,-79.87
0.341207,-0.2391,-0.8911,-0.1957,-192.92,-180.81,-78.05
0.341804,-0.2406,-0.8852,-0.1908,-191.38,-181.30,-79.17
0.342773,-0.2377,-0.8867,-0.1893,-191.87,-181.79,-77.63
0.343370,-0.2333,-0.8896,-0.1893,-190.47,-182.00,-78.26
0.343967,-0.2318,-0.8877,-0.1869,-190.47,-183.40,-76.93
0.344564,-0.2298,-0.8857,-0.1806,-189.70,-183.05,-77.00
0.345162,-0.2250,-0.8857,-0.1786,-189.21,-184.24,-76.51
0.345759,-0.2196,-0.8838,-0.1767,-189.00,-184.03,-75.88
0.346356,-0.2157,-0.8857,-0.1742,-188.09,-185.36,-75.88
0.346953,-0.2137,-0.8882,-0.1708,-187.67,-185.22,-75.11
0.347550,-0.2113,-0.8877,-0.1688,-186.97,-186.34,-75.46
0.348147,-0.2069,-0.8862,-0.1703,-186.34,-186.06,-74.41
0.348745,-0.2040,-0.8852,-0.1674,-186.06,-186.97,-75.04
0.349342,-0.2040,-0.8852,-0.1606,-184.80,-186.97,-73.50
0.349939,-0.2098,-0.8833,-0.1503,-184.66,-188.02,-74.20
0.350536,-0.2113,-0.8808,-0.1435,-183.68,-187.95,-72.73
0.351133,-0.2089,-0.8779,-0.1425,-183.33,-188.93,-73.99
0.351730,-0.2069,-0.8711,-0.1425,-182.56,-188.79,-71.96
0.352327,-0.2011,-0.8638,-0.1376,-181.86,-189.56,-73.78
0.352925,-0.1976,-0.8618,-0.1318,-181.16,-189.77,-70.91
0.353522,-0.1957,-0.8633,-0.1313,-180.46,-190.47,-73.43
0.353522,-0.1928,-0.8647,-0.1293,-180.18,-189.77,-70.14
0.354112,-0.1884,-0.8642,-0.1279,-179.55,-191.38,-72.52
0.354709,-0.1884,-0.8652,-0.1293,-178.57,-190.40,-70.07
0.355306,-0.1889,-0.8672,-0.1259,-178.15,-192.01,-71.96
0.355904,-0.1859,-0.8677,-0.1264,-176.96,-190.75,-69.65
0.356501,-0.1830,-0.8672,-0.1244,-176.89,-193.06,-71.05
0.357098,-0.1815,-0.8642,-0.1186,-175.21,-191.87,-69.23
0.357695,-0.1845,-0.8628,-0.1200,-175.98,-193.34,-70.21
0.358292,-0.1884,-0.8638,-0.1200,-173.67,-192.64,-68.88
0.358889,-0.1874,-0.8618,-0.1235,-174.58,-193.62,-69.79
0.359487,-0.1840,-0.8579,-0.1210,-171.71,-193.76,-68.25
0.360084,-0.1845,-0.8560,-0.1186,-173.11,-194.04,-69.30
0.360681,-0.1864,-0.8530,-0.1205,-170.17,-194.25,-67.69
0.361278,-0.1864,-0.8477,-0.1210,-171.57,-194.25,-68.67
0.361875,-0.1869,-0.8452,-0.1078,-168.63,-195.37,-67.06
0.362472,-0.1835,-0.8316,-0.1044,-167.23,-195.58,-67.34
0.363069,-0.1796,-0.8242,-0.1035,-168.70,-194.88,-67.20
0.363667,-0.1864,-0.8174,-0.1015,-165.83,-195.79,-66.99
0.364264,-0.1840,-0.8101,-0.1030,-166.39,-195.65,-66.50
0.365234,-0.1786,-0.7998,-0.1015,-164.78,-195.79,-67.06
0.365831,-0.1713,-0.7896,-0.0976,-164.78,-196.42,-65.38
0.366428,-0.1688,-0.7857,-0.0961,-163.45,-196.07,-66.99
0.367025,-0.1669,-0.7813,-0.0966,-162.82,-196.98,-64.40
0.367623,-0.1615,-0.7818,-0.0966,-162.68,-196.07,-66.43
0.368220,-0.1640,-0.7891,-0.0952,-161.07,-197.54,-63.70
0.368817,-0.1576,-0.7910,-0.0991,-161.28,-196.28,-65.45
0.369414,-0.1537,-0.7906,-0.1054,-159.32,-197.89,-62.65
0.370011,-0.1562,-0.7876,-0.1020,-159.88,-196.84,-64.68
0.370608,-0.1493,-0.7832,-0.1000,-158.06,-197.54,-61.67
0.371206,-0.1415,-0.7823,-0.1025,-157.85,-197.12,-63.91
0.371803,-0.1435,-0.7813,-0.1025,-156.45,-197.68,-60.27
0.372400,-0.1435,-0.7779,-0.1020,-156.66,-196.91,-63.28
0.372997,-0.1376,-0.7735,-0.1030,-154.49,-198.66,-59.01
0.373594,-0.1386,-0.7676,-0.1025,-155.05,-196.63,-62.37
0.374191,-0.1386,-0.7613,-0.1000,-153.30,-198.31,-57.47
0.374788,-0.1322,-0.7564,-0.0966,-153.51,-196.84,-60.55
0.375386,-0.1293,-0.7505,-0.0947,-151.55,-198.24,-56.91
0.375983,-0.1293,-0.7427,-0.0952,-151.76,-197.12,-59.29
0.375983,-0.1274,-0.7374,-0.0917,-150.22,-197.54,-56.07
0.376573,-0.1230,-0.7374,-0.0874,-149.94,-197.61,-58.24
0.377170,-0.1181,-0.7340,-0.0834,-149.17,-197.40,-55.09
0.377767,-0.1181,-0.7232,-0.0805,-148.19,-197.26,-56.63
0.378365,-0.1176,-0.7164,-0.0805,-147.63,-197.33,-53.97
0.378962,-0.1137,-0.7120,-0.0800,-146.79,-197.12,-54.88
0.379559,-0.1064,-0.7017,-0.0781,-146.37,-196.98,-52.43
0.380156,-0.0981,-0.6983,-0.0781,-145.04,-196.63,-54.32
0.380753,-0.0961,-0.6983,-0.0795,-144.83,-196.98,-51.31
0.381350,-0.0932,-0.6974,-0.0825,-143.99,-196.21,-52.57
0.381948,-0.0844,-0.7003,-0.0825,-143.15,-196.49,-50.12
0.382545,-0.0791,-0.6993,-0.0795,-142.73,-195.51,-51.10
0.383142,-0.0693,-0.6920,-0.0834,-141.54,-196.49,-48.72
0.383739,-0.0664,-0.6900,-0.0839,-139.93,-195.16,-47.95
0.384336,-0.0639,-0.6866,-0.0830,-140.07,-194.53,-47.04
0.384933,-0.0590,-0.6847,-0.0810,-138.32,-194.46,-47.25
0.385530,-0.0547,-0.6856,-0.0781,-138.53,-193.69,-45.50
0.386128,-0.0478,-0.6871,-0.0742,-136.92,-193.48,-45.85
0.386725,-0.0454,-0.6852,-0.0708,-136.78,-193.06,-43.75
0.387695,-0.0434,-0.6817,-0.0742,-135.24,-192.92,-44.66
0.388292,-0.0444,-0.6798,-0.0732,-134.96,-192.50,-42.28
0.388889,-0.0420,-0.6749,-0.0703,-134.47,-191.80,-43.40
0.389486,-0.0351,-0.6720,-0.0683,-133.28,-191.45,-40.39
0.390084,-0.0342,-0.6690,-0.0693,-133.00,-191.10,-42.42
0.390681,-0.0312,-0.6700,-0.0712,-131.60,-190.82,-38.85
0.391278,-0.0264,-0.6764,-0.0693,-131.53,-190.05,-41.37
0.391875,-0.0239,-0.6798,-0.0654,-130.13,-190.12,-37.38
0.392472,-0.0239,-0.6812,-0.0600,-130.27,-188.65,-40.25
0.393069,-0.0239,-0.6793,-0.0625,-128.24,-189.00,-36.26
0.393667,-0.0254,-0.6793,-0.0708,-128.80,-187.88,-38.71
0.394264,-0.0283,-0.6793,-0.0717,-126.28,-187.81,-35.42
0.394861,-0.0283,-0.6803,-0.0688,-127.54,-187.04,-36.82
0.395458,-0.0293,-0.6847,-0.0595,-124.81,-186.97,-34.37
0.396055,-0.0317,-0.6866,-0.0595,-125.65,-185.36,-36.05
0.396652,-0.0293,-0.6876,-0.0595,-123.20,-186.41,-33.25
0.397249,-0.0268,-0.6910,-0.0600,-124.18,-183.82,-34.37
0.397847,-0.0317,-0.6959,-0.0586,-121.17,-185.29,-32.48
0.398444,-0.0376,-0.6993,-0.0561,-122.64,-182.35,-33.11
0.398444,-0.0386,-0.7027,-0.0556,-119.91,-184.45,-31.43
0.399034,-0.0390,-0.7066,-0.0508,-120.75,-181.23,-32.06
0.399631,-0.0381,-0.7091,-0.0473,-118.51,-183.12,-30.31
0.400228,-0.0356,-0.7110,-0.0468,-118.51,-180.04,-31.64
0.400826,-0.0361,-0.7164,-0.0434,-117.11,-181.72,-29.12
0.401423,-0.0400,-0.7213,-0.0420,-116.41,-179.06,-30.80
0.402020,-0.0429,-0.7218,-0.0429,-115.43,-180.39,-28.49
0.402617,-0.0439,-0.7188,-0.0371,-114.38,-178.64,-29.68
0.403214,-0.0464,-0.7218,-0.0356,-113.61,-179.13,-27.51
0.403811,-0.0488,-0.7296,-0.0356,-112.63,-177.03,-29.47
0.404409,-0.0478,-0.7359,-0.0293,-111.93,-178.22,-27.30
0.405006,-0.0464,-0.7398,-0.0254,-110.74,-175.70,-28.84
0.405603,-0.0503,-0.7408,-0.0244,-110.04,-176.61,-27.30
0.406200,-0.0512,-0.7432,-0.0278,-108.78,-174.72,-28.21
0.406797,-0.0547,-0.7442,-0.0288,-108.15,-174.93,-27.30
0.407394,-0.0605,-0.7466,-0.0234,-107.17,-173.88,-27.37
0.407991,-0.0615,-0.7510,-0.0161,-106.12,-173.53,-27.51
0.408589,-0.0649,-0.7515,-0.0127,-105.35,-172.97,-27.37
0.409186,-0.0688,-0.7520,-0.0117,-103.95,-171.99,-27.58
0.410156,-0.0747,-0.7535,-0.0093,-103.11,-171.92,-27.16
0.410753,-0.0781,-0.7574,-0.0073,-102.13,-171.01,-27.30
0.411350,-0.0771,-0.7613,-0.0073,-100.87,-170.59,-27.65
0.411947,-0.0805,-0.7637,-0.0078,-100.31,-169.96,-27.23
0.412545,-0.0810,-0.7642,-0.0049,-99.12,-169.40,-27.93
0.413142,-0.0854,-0.7608,-0.0020,-98.14,-168.77,-27.58
0.413739,-0.0922,-0.7588,-0.0015,-97.16,-168.14,-28.35
0.414336,-0.0927,-0.7593,0.0000,-95.97,-167.65,-28.42
0.414933,-0.0947,-0.7569,0.0010,-95.48,-166.74,-28.70
0.415530,-0.0986,-0.7530,0.0034,-93.66,-166.67,-29.05
0.416128,-0.1020,-0.7525,0.0024,-93.87,-166.18,-28.42
0.416725,-0.1054,-0.7535,0.0005,-91.49,-165.13,-30.03
0.417322,-0.1137,-0.7515,0.0034,-91.56,-164.92,-28.98
0.417919,-0.1108,-0.7520,0.0063,-89.53,-163.80,-29.61
0.418516,-0.1118,-0.7540,0.0063,-88.13,-163.45,-31.36
0.419113,-0.1147,-0.7501,0.0098,-86.94,-162.54,-31.08
0.419710,-0.1171,-0.7457,0.0122,-86.59,-161.84,-31.36
0.420308,-0.1181,-0.7471,0.0142,-85.19,-161.77,-31.78
0.420905,-0.1196,-0.7476,0.0132,-84.70,-160.51,-31.99
0.421875,-0.1181,-0.7427,0.0156,-83.30,-160.65,-32.27
0.422472,-0.1220,-0.7393,0.0181,-82.74,-159.25,-32.76
0.423069,-0.1274,-0.7403,0.0181,-80.85,-159.88,-33.25
0.423666,-0.1303,-0.7398,0.0181,-81.27,-158.13,-33.53
0.424264,-0.1332,-0.7393,0.0185,-79.03,-158.83,-33.81
0.424861,-0.1357,-0.7359,0.0229,-79.24,-157.08,-34.16
0.425458,-0.1391,-0.7305,0.0264,-77.70,-157.92,-34.79
0.426055,-0.1415,-0.7261,0.0259,-77.35,-156.24,-34.86
0.426652,-0.1435,-0.7222,0.0254,-75.81,-156.73,-35.14
0.427249,-0.1493,-0.7198,0.0268,-74.97,-155.33,-36.12
0.427847,-0.1503,-0.7183,0.0288,-74.48,-155.40,-35.49
0.428444,-0.1488,-0.7144,0.0303,-72.87,-154.28,-36.89
0.429041,-0.1518,-0.7066,0.0361,-73.29,-154.21,-36.12
0.429638,-0.1542,-0.7003,0.0405,-71.54,-153.16,-36.68
0.430235,-0.1518,-0.6974,0.0371,-69.44,-152.39,-38.15
0.430832,-0.1523,-0.6974,0.0381,-69.79,-152.18,-37.80
0.431429,-0.1557,-0.6944,0.0454,-67.76,-150.92,-38.92
0.432027,-0.1532,-0.6881,0.0464,-68.25,-151.55,-37.80
0.432624,-0.1493,-0.6886,0.0483,-66.01,-150.01,-39.41
0.433594,-0.1527,-0.6876,0.0488,-66.64,-150.36,-38.64
0.434191,-0.1542,-0.6822,0.0454,-64.40,-149.03,-39.97
0.434788,-0.1552,-0.6793,0.0478,-64.96,-149.17,-39.34
0.435385,-0.1571,-0.6744,0.0537,-63.28,-147.42,-40.39
0.435983,-0.1571,-0.6686,0.0532,-63.28,-148.33,-39.69
0.436580,-0.1566,-0.6642,0.0517,-61.81,-146.51,-40.60
0.437177,-0.1571,-0.6603,0.0503,-62.02,-147.07,-40.18
0.437774,-0.1610,-0.6539,0.0488,-60.41,-145.46,-41.09
0.438371,-0.1581,-0.6490,0.0508,-60.97,-145.74,-40.53
0.438968,-0.1562,-0.6461,0.0527,-58.80,-144.76,-41.51
0.439566,-0.1610,-0.6422,0.0547,-59.57,-144.41,-41.30
0.440163,-0.1625,-0.6393,0.0542,-57.89,-143.36,-41.30
0.440760,-0.1571,-0.6310,0.0542,-57.89,-143.22,-41.30
0.441357,-0.1523,-0.6266,0.0595,-56.70,-141.89,-41.65
0.441954,-0.1532,-0.6251,0.0600,-56.77,-142.45,-41.37
0.442551,-0.1518,-0.6212,0.0556,-55.65,-140.35,-42.21
0.443148,-0.1469,-0.6154,0.0576,-54.95,-139.23,-41.72
0.443746,-0.1459,-0.6168,0.0561,-53.97,-140.21,-42.07
0.444343,-0.1454,-0.6159,0.0561,-54.04,-137.62,-42.35
0.445312,-0.1474,-0.6129,0.0561,-52.78,-138.67,-41.65
0.445909,-0.1503,-0.6105,0.0537,-52.78,-136.99,-42.28
0.446506,-0.1513,-0.6066,0.0522,-51.66,-137.34,-41.86
0.447103,-0.1493,-0.6017,0.0517,-52.15,-135.24,-42.00
0.447701,-0.1537,-0.6022,0.0512,-50.82,-135.66,-42.00
0.448298,-0.1547,-0.6046,0.0512,-50.82,-134.40,-42.07
0.448895,-0.1518,-0.6017,0.0512,-49.91,-134.05,-41.93
0.449492,-0.1566,-0.5998,0.0503,-49.42,-133.35,-41.93
0.450089,-0.1591,-0.5968,0.0512,-49.28,-132.44,-41.58
0.450686,-0.1591,-0.5949,0.0508,-48.30,-132.16,-41.79
0.451284,-0.1566,-0.5910,0.0517,-48.44,-130.76,-40.88
0.451881,-0.1571,-0.5895,0.0512,-47.25,-130.55,-41.09
0.452478,-0.1606,-0.5934,0.0454,-47.18,-129.15,-40.95
0.453075,-0.1649,-0.5929,0.0425,-46.83,-127.82,-40.11
0.453672,-0.1649,-0.5905,0.0434,-45.08,-128.45,-40.53
0.454269,-0.1640,-0.5915,0.0444,-45.85,-126.21,-39.48
0.454866,-0.1679,-0.5939,0.0381,-44.52,-126.84,-39.41
0.455464,-0.1674,-0.5915,0.0337,-44.66,-125.37,-38.50
0.456061,-0.1664,-0.5905,0.0337,-43.82,-124.67,-39.20
0.456061,-0.1659,-0.5924,0.0361,-43.54,-124.18,-37.94
0.456652,-0.1679,-0.5934,0.0371,-43.12,-123.13,-37.59
0.457249,-0.1669,-0.5949,0.0386,-42.63,-122.64,-37.31
0.457846,-0.1688,-0.5978,0.0386,-42.49,-121.24,-36.40
0.458444,-0.1742,-0.6002,0.0346,-41.58,-121.59,-37.24
0.459041,-0.1771,-0.5993,0.0327,-41.79,-119.84,-35.00
0.459638,-0.1806,-0.5998,0.0317,-40.60,-119.77,-35.98
0.460235,-0.1791,-0.6061,0.0298,-40.60,-118.72,-34.58
0.460832,-0.1762,-0.6115,0.0288,-39.69,-117.81,-35.35
0.461429,-0.1767,-0.6120,0.0268,-39.76,-117.11,-33.18
0.462027,-0.1786,-0.6120,0.0273,-38.71,-116.34,-34.37
0.462624,-0.1791,-0.6144,0.0303,-38.85,-115.64,-32.06
0.463221,-0.1859,-0.6202,0.0273,-37.94,-114.66,-33.67
0.463818,-0.1845,-0.6217,0.0239,-37.73,-114.03,-31.15
0.464415,-0.1796,-0.6251,0.0264,-37.38,-113.26,-32.83
0.465012,-0.1825,-0.6315,0.0278,-36.54,-112.49,-30.38
0.465609,-0.1835,-0.6334,0.0239,-36.61,-111.44,-32.06
0.466207,-0.1850,-0.6383,0.0220,-35.49,-110.88,-29.47
0.466804,-0.1850,-0.6432,0.0249,-35.77,-109.69,-31.36
0.467773,-0.1854,-0.6427,0.0259,-34.44,-109.27,-28.42
0.468370,-0.1874,-0.6461,0.0234,-34.58,-108.57,-30.66
0.468967,-0.1869,-0.6520,0.0190,-33.60,-107.10,-28.42
0.469564,-0.1879,-0.6544,0.0151,-33.53,-106.82,-29.89
0.470162,-0.1918,-0.6588,0.0195,-32.90,-105.35,-28.14
0.470759,-0.1937,-0.6661,0.0224,-32.48,-104.86,-28.98
0.471356,-0.1903,-0.6695,0.0166,-31.85,-104.02,-27.44
0.471953,-0.1918,-0.6739,0.0127,-31.15,-103.11,-28.70
0.472550,-0.1967,-0.6812,0.0146,-31.22,-102.13,-26.95
0.473147,-0.1947,-0.6876,0.0146,-29.68,-101.78,-28.63
0.473745,-0.1967,-0.6949,0.0137,-30.31,-100.24,-26.32
0.474342,-0.2006,-0.7022,0.0093,-28.63,-100.10,-28.49
0.474939,-0.2045,-0.7056,0.0059,-29.26,-98.21,-26.46
0.475536,-0.2059,-0.7091,0.0073,-27.09,-98.42,-28.28
0.476133,-0.2094,-0.7169,0.0059,-28.07,-96.74,-25.90
0.476730,-0.2108,-0.7218,0.0029,-26.53,-96.81,-28.28
0.477327,-0.2123,-0.7232,0.0044,-26.39,-94.78,-25.55
0.477925,-0.2157,-0.7330,0.0044,-25.20,-94.99,-28.21
0.478522,-0.2142,-0.7383,0.0024,-25.41,-93.31,-25.48
0.478522,-0.2176,-0.7408,0.0024,-23.94,-93.31,-27.79
0.479112,-0.2206,-0.7501,-0.0020,-24.08,-92.19,-24.99
0.479709,-0.2206,-0.7544,-0.0088,-23.73,-91.14,-27.86
0.480306,-0.2259,-0.7584,-0.0078,-22.40,-90.09,-25.13
0.480904,-0.2318,-0.7637,-0.0078,-22.40,-90.02,-28.00
0.481501,-0.2377,-0.7676,-0.0102,-21.14,-88.55,-24.50
0.482098,-0.2401,-0.7735,-0.0093,-21.21,-87.92,-27.86
0.482695,-0.2367,-0.7828,-0.0107,-19.53,-86.80,-24.99
0.483292,-0.2401,-0.7901,-0.0137,-20.44,-86.10,-27.93
0.483889,-0.2425,-0.7915,-0.0127,-17.71,-85.82,-24.99
0.484487,-0.2425,-0.7940,-0.0127,-19.46,-84.42,-27.58
0.485084,-0.2489,-0.7989,-0.0181,-18.06,-82.95,-27.79
0.485681,-0.2503,-0.8028,-0.0185,-14.98,-82.46,-25.13
0.486278,-0.2518,-0.8023,-0.0166,-16.94,-80.92,-27.93
0.486875,-0.2533,-0.8047,-0.0156,-13.72,-80.99,-25.55
0.487472,-0.2582,-0.8096,-0.0190,-15.61,-79.80,-27.09
0.488069,-0.2616,-0.8111,-0.0195,-12.88,-79.45,-25.76
0.488667,-0.2625,-0.8184,-0.0200,-14.07,-78.19,-27.58
0.489264,-0.2650,-0.8237,-0.0234,-12.04,-77.21,-25.55
0.490234,-0.2728,-0.8213,-0.0229,-12.25,-77.21,-27.44
0.490831,-0.2791,-0.8194,-0.0273,-10.92,-75.60,-25.83
0.491428,-0.2811,-0.8194,-0.0307,-10.57,-75.46,-27.93
0.492025,-0.2879,-0.8184,-0.0298,-10.22,-73.92,-25.76
0.492623,-0.2933,-0.8208,-0.0298,-9.31,-74.06,-27.86
0.493220,-0.2943,-0.8233,-0.0307,-9.38,-72.31,-25.97
0.493817,-0.2913,-0.8223,-0.0371,-7.84,-72.80,-28.00
0.494414,-0.2933,-0.8233,-0.0366,-8.40,-70.91,-26.04
0.495011,-0.2991,-0.8247,-0.0342,-7.00,-71.12,-28.00
0.495608,-0.3035,-0.8267,-0.0356,-7.21,-69.44,-26.32
0.496206,-0.3084,-0.8276,-0.0346,-5.81,-69.72,-28.00
0.496803,-0.3113,-0.8276,-0.0337,-5.88,-68.04,-26.95
0.497400,-0.3109,-0.8267,-0.0322,-5.32,-68.11,-27.86
0.497997,-0.3133,-0.8272,-0.0322,-4.27,-67.06,-27.51
0.498594,-0.3148,-0.8262,-0.0337,-4.48,-66.29,-28.07
0.499191,-0.3157,-0.8262,-0.0361,-3.57,-65.66,-27.58
0.499788,-0.3201,-0.8262,-0.0371,-3.50,-65.10,-27.93
0.500386,-0.3265,-0.8267,-0.0356,-2.52,-63.98,-28.35
0.500983,-0.3309,-0.8276,-0.0386,-3.22,-63.49,-27.72
0.500983,-0.3314,-0.8272,-0.0444,-1.19,-62.93,-28.91
0.501573,-0.3387,-0.8233,-0.0425,-2.52,-62.23,-27.51
0.502170,-0.3455,-0.8198,-0.0415,-0.70,-61.88,-29.54
0.502767,-0.3514,-0.8223,-0.0444,-1.47,-60.55,-27.51
0.503365,-0.3587,-0.8213,-0.0449,0.07,-60.83,-29.96
0.503962,-0.3582,-0.8164,-0.0464,-0.63,-59.01,-27.93
0.504559,-0.3582,-0.8120,-0.0434,0.63,-59.50,-30.66
0.505156,-0.3616,-0.8115,-0.0420,-0.07,-57.61,-28.42
0.505753,-0.3650,-0.8101,-0.0454,1.40,-58.45,-30.73
0.506350,-0.3694,-0.8076,-0.0464,0.77,-56.28,-28.63
0.506948,-0.3704,-0.8037,-0.0464,1.75,-56.84,-31.08
0.507545,-0.3714,-0.8018,-0.0464,1.82,-55.86,-28.84
0.508142,-0.3782,-0.8013,-0.0488,1.61,-55.30,-31.85
0.508739,-0.3821,-0.8003,-0.0542,2.10,-54.46,-28.42
0.509336,-0.3792,-0.8028,-0.0576,1.96,-54.11,-32.55
0.509933,-0.3777,-0.8072,-0.0669,2.87,-53.62,-28.91
0.510530,-0.3758,-0.8032,-0.0805,1.96,-52.78,-33.46
0.511128,-0.3655,-0.7769,-0.0888,3.64,-52.50,-29.19
0.511725,-0.3499,-0.7276,-0.0893,2.24,-51.87,-33.39
0.512695,-0.3396,-0.6983,-0.0732,3.71,-50.82,-30.03
0.513292,-0.3762,-0.7213,-0.0634,1.68,-50.33,-33.39
0.513889,-0.4231,-0.7515,-0.0634,3.92,-48.44,-30.94
0.514486,-0.4392,-0.7632,-0.0561,2.10,-50.19,-33.11
0.515084,-0.4480,-0.7598,-0.0517,3.71,-48.09,-31.01
0.515681,-0.4597,-0.7320,-0.0429,2.87,-48.58,-33.46
0.516278,-0.4719,-0.7120,-0.0312,3.08,-46.48,-32.06
0.516875,-0.4714,-0.7232,-0.0288,2.73,-48.09,-34.09
0.517472,-0.4577,-0.7491,-0.0283,2.52,-46.06,-32.55
0.518069,-0.4475,-0.7871,-0.0264,2.31,-47.39,-33.53
0.518667,-0.4499,-0.8198,-0.0264,2.94,-44.80,-32.55
0.519264,-0.4480,-0.8296,-0.0234,2.87,-46.55,-34.30
0.519861,-0.4416,-0.8306,-0.0254,3.01,-44.24,-33.11
0.520458,-0.4368,-0.8281,-0.0293,3.01,-44.66,-34.72
0.521055,-0.4348,-0.8237,-0.0303,3.36,-43.40,-33.67
0.521652,-0.4309,-0.8311,-0.0307,3.22,-43.61,-35.07
0.522249,-0.4299,-0.8413,-0.0346,3.22,-42.07,-33.88
0.522847,-0.4265,-0.8496,-0.0386,3.78,-42.56,-35.56
0.523444,-0.4236,-0.8564,-0.0425,3.22,-41.30,-34.23
0.523444,-0.4226,-0.8579,-0.0454,4.20,-41.16,-36.19
0.524034,-0.4153,-0.8569,-0.0468,3.57,-40.67,-34.51
0.524631,-0.4138,-0.8589,-0.0503,4.27,-39.90,-36.82
0.525228,-0.4187,-0.8618,-0.0586,3.43,-39.69,-34.44
0.525826,-0.4192,-0.8662,-0.0673,4.48,-38.71,-36.82
0.526423,-0.4226,-0.8730,-0.0708,3.71,-38.57,-34.72
0.527020,-0.4304,-0.8769,-0.0752,4.69,-38.08,-37.03
0.527617,-0.4392,-0.8764,-0.0800,4.20,-37.73,-35.07
0.528214,-0.4485,-0.8750,-0.0854,4.48,-36.54,-37.45
0.528811,-0.4597,-0.8740,-0.0859,4.62,-37.03,-35.42
0.529409,-0.4714,-0.8735,-0.0888,4.34,-35.77,-37.52
0.530006,-0.4826,-0.8750,-0.0947,4.69,-36.40,-35.28
0.530603,-0.4924,-0.8760,-0.0966,4.55,-34.72,-37.59
0.531200,-0.5036,-0.8769,-0.1020,5.25,-35.91,-35.28
0.531797,-0.5168,-0.8740,-0.1118,4.13,-33.60,-37.94
0.532394,-0.5353,-0.8740,-0.1161,5.81,-34.79,-35.98
0.532991,-0.5431,-0.8686,-0.1196,5.39,-34.58,-36.19
0.533589,-0.5495,-0.8745,-0.1230,4.55,-32.83,-38.50
0.534186,-0.5544,-0.8784,-0.1274,5.53,-34.16,-37.24
0.535156,-0.5617,-0.8755,-0.1318,4.76,-32.76,-38.99
0.535753,-0.5661,-0.8701,-0.1342,5.32,-34.02,-37.59
0.536350,-0.5690,-0.8677,-0.1396,4.41,-32.20,-39.20
0.536947,-0.5729,-0.8721,-0.1488,5.32,-33.74,-38.15
0.537545,-0.5714,-0.8740,-0.1523,4.76,-32.34,-39.69
0.538142,-0.5675,-0.8701,-0.1537,5.18,-33.18,-38.71
0.538739,-0.5675,-0.8696,-0.1542,4.76,-31.85,-40.11
0.539336,-0.5685,-0.8730,-0.1562,4.90,-32.55,-39.55
0.539933,-0.5671,-0.8725,-0.1601,4.69,-31.57,-39.97
0.540530,-0.5661,-0.8701,-0.1596,4.83,-32.20,-40.32
0.541128,-0.5680,-0.8711,-0.1625,4.76,-31.78,-40.53
0.541725,-0.5646,-0.8716,-0.1669,4.48,-31.57,-41.09
0.542322,-0.5612,-0.8711,-0.1674,4.90,-31.08,-40.74
0.542919,-0.5602,-0.8691,-0.1708,4.20,-30.87,-41.23
0.543516,-0.5622,-0.8667,-0.1728,4.97,-31.22,-40.95
0.544113,-0.5597,-0.8677,-0.1723,3.78,-30.31,-41.58
0.544710,-0.5568,-0.8677,-0.1723,4.97,-30.73,-41.58
0.545308,-0.5592,-0.8672,-0.1698,3.57,-29.47,-41.72
0.545905,-0.5592,-0.8686,-0.1718,4.83,-30.10,-41.58
0.545905,-0.5612,-0.8716,-0.1786,3.64,-29.40,-41.79
0.546495,-0.5632,-0.8750,-0.1840,4.62,-30.38,-41.44
0.547092,-0.5632,-0.8764,-0.1825,3.71,-29.19,-42.56
0.547689,-0.5661,-0.8764,-0.1825,4.27,-29.54,-40.81
0.548287,-0.5705,-0.8779,-0.1854,3.78,-28.28,-42.28
0.548884,-0.5729,-0.8833,-0.1845,3.92,-29.68,-40.81
0.549481,-0.5778,-0.8867,-0.1815,3.57,-28.28,-42.07
0.550078,-0.5832,-0.8843,-0.1815,3.71,-29.05,-40.46
0.550675,-0.5885,-0.8857,-0.1859,3.57,-27.79,-41.86
0.551272,-0.5900,-0.8891,-0.1869,3.08,-28.49,-40.11
0.551870,-0.5915,-0.8901,-0.1850,3.99,-27.65,-41.86
0.552467,-0.5958,-0.8901,-0.1840,3.01,-28.42,-38.99
0.553064,-0.6017,-0.8955,-0.1918,3.92,-27.23,-41.58
0.553661,-0.6041,-0.8960,-0.1947,3.85,-26.95,-41.23
0.554258,-0.5998,-0.8945,-0.1928,2.59,-28.28,-38.50
0.554855,-0.6017,-0.8916,-0.1932,3.43,-26.67,-40.88
0.555452,-0.6071,-0.8891,-0.1942,2.59,-27.72,-37.87
0.556050,-0.6100,-0.8901,-0.1962,3.64,-26.39,-40.60
0.556647,-0.6129,-0.8882,-0.2015,2.24,-27.09,-37.52
0.557617,-0.6173,-0.8872,-0.2059,3.64,-26.39,-39.97
0.558214,-0.6168,-0.8867,-0.2084,2.03,-27.23,-36.96
0.558811,-0.6168,-0.8808,-0.2113,3.15,-26.11,-39.62
0.559408,-0.6183,-0.8794,-0.2133,1.89,-26.95,-36.19
0.560006,-0.6207,-0.8833,-0.2142,2.94,-25.76,-39.27
0.560603,-0.6261,-0.8804,-0.2147,2.24,-26.74,-35.63
0.561200,-0.6281,-0.8725,-0.2206,2.45,-25.34,-38.78
0.561797,-0.6285,-0.8711,-0.2264,2.03,-26.46,-35.21
0.562394,-0.6310,-0.8706,-0.2298,1.75,-25.83,-37.94
0.562991,-0.6334,-0.8662,-0.2303,2.24,-25.76,-34.58
0.563589,-0.6329,-0.8618,-0.2303,1.40,-25.90,-36.82
0.564186,-0.6349,-0.8555,-0.2328,2.10,-25.90,-34.09
0.564783,-0.6378,-0.8530,-0.2377,1.26,-25.55,-36.54
0.565380,-0.6373,-0.8545,-0.2425,2.03,-25.69,-33.32
0.565977,-0.6373,-0.8525,-0.2455,0.42,-25.20,-34.86
0.566574,-0.6417,-0.8520,-0.2508,1.68,-25.20,-32.76
0.567171,-0.6446,-0.8511,-0.2533,0.21,-25.34,-33.88
0.567769,-0.6451,-0.8457,-0.2528,1.33,-24.71,-32.34
0.568366,-0.6446,-0.8442,-0.2523,0.49,-25.41,-32.90
0.568366,-0.6466,-0.8452,-0.2533,0.77,-24.29,-31.15
0.568956,-0.6495,-0.8447,-0.2577,0.28,-25.41,-31.64
0.569553,-0.6471,-0.8438,-0.2557,0.49,-24.22,-30.52
0.570150,-0.6490,-0.8413,-0.2547,-0.42,-25.13,-30.24
0.570748,-0.6544,-0.8413,-0.2528,0.14,-24.15,-29.68
0.571345,-0.6573,-0.8423,-0.2538,-0.56,-25.13,-29.19
0.571942,-0.6573,-0.8398,-0.2586,-0.42,-24.01,-28.35
0.572539,-0.6598,-0.8364,-0.2552,-0.63,-24.71,-28.42
0.573136,-0.6608,-0.8350,-0.2538,-0.84,-23.94,-27.09
0.573733,-0.6603,-0.8330,-0.2557,-0.91,-24.29,-27.30
0.574331,-0.6632,-0.8272,-0.2577,-1.05,-23.66,-26.39
0.574928,-0.6666,-0.8247,-0.2572,-1.61,-24.01,-25.34
0.575525,-0.6700,-0.8242,-0.2586,-0.98,-23.03,-26.32
0.576122,-0.6690,-0.8237,-0.2616,-1.75,-23.87,-24.43
0.576719,-0.6705,-0.8237,-0.2606,-1.47,-23.03,-24.78
0.577316,-0.6764,-0.8228,-0.2606,-2.03,-24.29,-23.66
0.577913,-0.6754,-0.8218,-0.2621,-1.89,-22.68,-23.73
0.578511,-0.6749,-0.8174,-0.2577,-2.52,-23.73,-22.68
0.579108,-0.6817,-0.8164,-0.2586,-2.24,-22.47,-22.96
0.580078,-0.6817,-0.8169,-0.2601,-2.94,-23.38,-21.21
0.580675,-0.6808,-0.8140,-0.2596,-2.45,-22.47,-21.70
0.581272,-0.6847,-0.8125,-0.2640,-2.94,-23.52,-20.51
0.581869,-0.6817,-0.8135,-0.2669,-3.29,-22.05,-20.72
0.582467,-0.6822,-0.8125,-0.2674,-3.22,-23.52,-19.46
0.583064,-0.6847,-0.8086,-0.2679,-3.08,-21.35,-19.88
0.583661,-0.6832,-0.8076,-0.2704,-3.50,-23.59,-18.13
0.584258,-0.6822,-0.8106,-0.2723,-3.43,-21.42,-19.46
0.584855,-0.6827,-0.8101,-0.2762,-3.71,-22.96,-16.73
0.585452,-0.6837,-0.8091,-0.2806,-3.50,-21.21,-18.76
0.586050,-0.6832,-0.8067,-0.2806,-4.13,-22.47,-15.40
0.586647,-0.6827,-0.8052,-0.2816,-3.99,-21.70,-18.13
0.587244,-0.6842,-0.8057,-0.2879,-4.27,-21.56,-14.35
0.587841,-0.6817,-0.8023,-0.2908,-4.76,-21.14,-13.72
0.588438,-0.6842,-0.7993,-0.2894,-3.92,-21.63,-15.96
0.589035,-0.6832,-0.7964,-0.2913,-5.04,-20.65,-12.95
0.589632,-0.6832,-0.7950,-0.2908,-4.76,-21.28,-14.63
0.590230,-0.6861,-0.7969,-0.2918,-4.97,-20.09,-11.97
0.590827,-0.6876,-0.7974,-0.2977,-5.04,-21.14,-13.44
0.591797,-0.6852,-0.7945,-0.2982,-5.11,-19.60,-11.27
0.592394,-0.6866,-0.7920,-0.2991,-5.53,-21.28,-12.25
0.592991,-0.6891,-0.7920,-0.3011,-5.32,-18.83,-10.99
0.593588,-0.6861,-0.7881,-0.3001,-5.39,-21.28,-11.13
0.594186,-0.6856,-0.7862,-0.2996,-5.53,-18.83,-10.15
0.594783,-0.6891,-0.7896,-0.3006,-5.67,-20.65,-10.08
0.595380,-0.6895,-0.7896,-0.2967,-5.88,-18.13,-9.66
0.595977,-0.6856,-0.7891,-0.2962,-5.32,-20.58,-9.59
0.596574,-0.6847,-0.7915,-0.2991,-6.16,-18.34,-8.68
0.597171,-0.6881,-0.7925,-0.3006,-5.67,-19.95,-8.61
0.597769,-0.6876,-0.7930,-0.3011,-6.23,-18.06,-7.63
0.598366,-0.6866,-0.7930,-0.2982,-5.67,-19.74,-8.33
0.598963,-0.6856,-0.7945,-0.2991,-6.30,-17.43,-7.07
0.599560,-0.6861,-0.7974,-0.3016,-6.16,-17.36,-6.86
0.600157,-0.6847,-0.8008,-0.2982,-6.23,-18.62,-6.65
0.600754,-0.6861,-0.7940,-0.2967,-6.09,-16.66,-6.16
0.601351,-0.6881,-0.7915,-0.2977,-6.16,-18.20,-5.74
0.601949,-0.6822,-0.7964,-0.2991,-6.23,-16.24,-5.60
0.602546,-0.6798,-0.7945,-0.3055,-6.02,-17.64,-5.32
0.602546,-0.6837,-0.7891,-0.3060,-6.09,-16.03,-5.18
0.603136,-0.6866,-0.7881,-0.3055,-6.09,-17.43,-4.69
0.603733,-0.6881,-0.7920,-0.3050,-6.58,-15.89,-4.97
0.604330,-0.6895,-0.7950,-0.3016,-5.88,-16.94,-4.41
0.604928,-0.6852,-0.7940,-0.3045,-6.51,-14.98,-4.27
0.605525,-0.6842,-0.7930,-0.3079,-5.39,-16.59,-3.85
0.606122,-0.6886,-0.7920,-0.3089,-6.58,-15.05,-3.78
0.606719,-0.6861,-0.7920,-0.3104,-5.25,-15.40,-3.50
0.607316,-0.6822,-0.7901,-0.3118,-6.44,-14.70,-3.15
0.607913,-0.6822,-0.7901,-0.3133,-5.88,-14.98,-3.36
0.608511,-0.6842,-0.7935,-0.3152,-5.60,-14.21,-3.43
0.609108,-0.6808,-0.7950,-0.3133,-6.16,-14.42,-1.96
0.609705,-0.6783,-0.7935,-0.3113,-6.09,-13.51,-2.87
0.610302,-0.6812,-0.7906,-0.3118,-5.39,-14.28,-1.40
0.610899,-0.6788,-0.7871,-0.3148,-6.09,-12.39,-2.66
0.611496,-0.6754,-0.7886,-0.3157,-5.39,-14.00,-0.63
0.612093,-0.6749,-0.7954,-0.3123,-6.16,-11.83,-2.66
0.612691,-0.6715,-0.7950,-0.3148,-4.90,-13.65,-0.35
0.613288,-0.6695,-0.7920,-0.3201,-6.02,-11.55,-1.96
0.614258,-0.6730,-0.7945,-0.3172,-4.48,-13.37,-0.14
0.614855,-0.6710,-0.7920,-0.3143,-6.16,-11.06,-1.19
0.615452,-0.6676,-0.7857,-0.3143,-4.34,-12.39,-0.21
0.616049,-0.6676,-0.7852,-0.3162,-5.95,-10.85,-0.21
0.616647,-0.6681,-0.7886,-0.3201,-4.13,-11.83,-0.14
0.617244,-0.6666,-0.7852,-0.3138,-5.88,-10.36,0.35
0.617841,-0.6671,-0.7788,-0.3079,-4.41,-10.85,0.21
0.618438,-0.6700,-0.7779,-0.3079,-5.11,-10.29,0.77
0.619035,-0.6710,-0.7803,-0.3109,-4.55,-10.43,0.49
0.619632,-0.6695,-0.7808,-0.3113,-4.62,-9.66,0.91
0.620230,-0.6651,-0.7808,-0.3045,-4.48,-10.15,0.91
0.620827,-0.6666,-0.7745,-0.3016,-4.83,-9.80,1.89
0.621424,-0.6671,-0.7749,-0.3026,-3.85,-8.47,0.63
0.622021,-0.6676,-0.7745,-0.3026,-4.83,-8.89,1.61
0.622618,-0.6661,-0.7735,-0.2991,-3.85,-7.84,0.91
0.623215,-0.6676,-0.7745,-0.2967,-4.90,-8.68,1.68
0.623812,-0.6632,-0.7754,-0.2948,-3.50,-7.77,1.12
0.624410,-0.6603,-0.7764,-0.2913,-4.41,-8.05,1.96
0.625007,-0.6598,-0.7754,-0.2933,-3.43,-7.21,1.12
0.625976,-0.6593,-0.7745,-0.2948,-4.20,-7.56,1.75
0.626573,-0.6578,-0.7759,-0.2948,-3.64,-6.65,1.96
0.627170,-0.6583,-0.7769,-0.2928,-3.99,-6.86,1.12
0.627767,-0.6632,-0.7759,-0.2928,-3.78,-6.30,2.17
0.628365,-0.6671,-0.7720,-0.2933,-3.78,-6.51,0.56
0.628962,-0.6637,-0.7671,-0.2904,-3.29,-5.88,2.38
0.629559,-0.6608,-0.7623,-0.2874,-3.64,-5.95,0.35
0.630156,-0.6593,-0.7598,-0.2913,-3.29,-5.67,2.94
0.630753,-0.6632,-0.7579,-0.2948,-3.64,-5.74,-0.28
0.631350,-0.6686,-0.7554,-0.2918,-3.22,-5.39,3.22
0.631948,-0.6656,-0.7515,-0.2923,-3.64,-4.76,-0.70
0.632545,-0.6651,-0.7471,-0.2952,-2.73,-4.90,2.80
0.633142,-0.6656,-0.7447,-0.2972,-3.78,-4.69,-0.56
0.633739,-0.6632,-0.7447,-0.2928,-2.59,-4.69,3.08
0.634336,-0.6603,-0.7408,-0.2884,-3.85,-4.48,-0.28
0.634933,-0.6608,-0.7374,-0.2894,-2.87,-3.85,2.66
0.635530,-0.6612,-0.7344,-0.2904,-3.64,-4.62,-0.14
0.636128,-0.6593,-0.7320,-0.2908,-2.94,-3.01,2.52
0.636725,-0.6588,-0.7315,-0.2874,-3.36,-4.55,0.14
0.637695,-0.6593,-0.7281,-0.2835,-2.73,-2.73,2.59
0.638292,-0.6598,-0.7242,-0.2850,-3.43,-4.34,0.28
0.638889,-0.6598,-0.7227,-0.2874,-2.66,-2.45,2.73
0.639486,-0.6568,-0.7208,-0.2860,-3.43,-3.99,1.05
0.640084,-0.6525,-0.7198,-0.2869,-2.80,-2.24,2.73
0.640681,-0.6505,-0.7174,-0.2894,-3.92,-3.22,1.89
0.641278,-0.6490,-0.7154,-0.2874,-2.59,-1.82,2.38
0.641875,-0.6466,-0.7144,-0.2855,-3.57,-3.43,1.96
0.642472,-0.6442,-0.7100,-0.2821,-2.52,-1.33,2.73
0.643069,-0.6398,-0.7076,-0.2811,-3.71,-2.94,2.66
0.643667,-0.6378,-0.7100,-0.2791,-2.59,-0.98,3.08
0.644264,-0.6373,-0.7076,-0.2796,-3.71,-2.24,2.94
0.644861,-0.6329,-0.7056,-0.2826,-2.66,-0.63,3.43
0.645458,-0.6295,-0.7066,-0.2791,-3.78,-2.31,3.50
0.646055,-0.6276,-0.7052,-0.2728,-2.80,-0.42,3.92
0.646652,-0.6271,-0.7037,-0.2684,-3.57,-2.10,3.99
0.647249,-0.6251,-0.7017,-0.2689,-2.52,-0.35,4.48
0.647847,-0.6227,-0.7022,-0.2694,-3.78,-1.47,5.25
0.648444,-0.6237,-0.7013,-0.2708,-2.52,-0.21,4.20
0.648444,-0.6237,-0.7027,-0.2689,-3.92,-1.19,6.09
0.649034,-0.6217,-0.7081,-0.2660,-2.66,0.42,4.76
0.649631,-0.6198,-0.7071,-0.2684,-3.92,-0.56,6.44
0.650228,-0.6222,-0.7047,-0.2679,-2.66,0.49,5.53
0.650826,-0.6232,-0.7047,-0.2645,-3.64,-0.14,7.21
0.651423,-0.6217,-0.7061,-0.2640,-2.59,0.49,6.09
0.652020,-0.6207,-0.7086,-0.2591,-4.13,0.21,8.19
0.652617,-0.6207,-0.7100,-0.2567,-2.38,0.56,6.16
0.653214,-0.6232,-0.7091,-0.2562,-3.85,0.42,9.10
0.653811,-0.6217,-0.7042,-0.2562,-2.45,1.33,6.37
0.654409,-0.6232,-0.7042,-0.2577,-3.57,0.56,9.94
0.655006,-0.6271,-0.7076,-0.2523,-2.66,1.75,7.21
0.655603,-0.6281,-0.7081,-0.2513,-3.36,0.63,10.43
0.656200,-0.6256,-0.7056,-0.2533,-2.80,1.89,7.35
0.656797,-0.6251,-0.7061,-0.2562,-2.80,1.05,11.34
0.657394,-0.6290,-0.7037,-0.2577,-2.94,1.61,7.70
0.657991,-0.6290,-0.6974,-0.2562,-2.10,1.33,11.41
0.658589,-0.6300,-0.6978,-0.2547,-3.22,1.96,8.26
0.659186,-0.6285,-0.6959,-0.2523,-2.03,1.68,11.69
0.659186,-0.6271,-0.6920,-0.2547,-3.50,1.75,8.96
0.659777,-0.6300,-0.6910,-0.2582,-1.82,1.47,12.18
0.660374,-0.6300,-0.6900,-0.2582,-3.64,1.96,9.24
0.660971,-0.6324,-0.6915,-0.2625,-1.26,1.82,12.74
0.661569,-0.6334,-0.6891,-0.2645,-3.64,1.89,9.66
0.662166,-0.6324,-0.6856,-0.2621,-1.26,2.03,13.51
0.662763,-0.6324,-0.6842,-0.2635,-3.71,1.75,10.22
0.663360,-0.6320,-0.6822,-0.2630,-1.19,2.10,13.16
0.663957,-0.6324,-0.6803,-0.2621,-3.15,1.68,11.20
0.664554,-0.6305,-0.6783,-0.2621,-1.54,2.59,13.37
0.665152,-0.6281,-0.6788,-0.2591,-3.08,1.75,11.97
0.665749,-0.6246,-0.6773,-0.2591,-1.68,2.52,13.79
0.666346,-0.6232,-0.6773,-0.2655,-3.01,2.10,12.60
0.666943,-0.6222,-0.6783,-0.2704,-1.54,2.24,13.93
0.667540,-0.6217,-0.6754,-0.2650,-2.73,1.82,13.58
0.668137,-0.6217,-0.6734,-0.2582,-1.75,2.17,13.79
0.668734,-0.6193,-0.6734,-0.2586,-2.24,1.61,14.56
0.669332,-0.6149,-0.6759,-0.2572,-1.82,2.66,13.93
0.669929,-0.6129,-0.6730,-0.2572,-1.89,1.61,15.12
0.670898,-0.6129,-0.6734,-0.2552,-2.24,2.80,14.63
0.671495,-0.6085,-0.6778,-0.2528,-1.68,1.54,16.03
0.672092,-0.6061,-0.6778,-0.2513,-2.38,2.94,14.91
0.672689,-0.6056,-0.6817,-0.2484,-1.05,1.61,16.66
0.673287,-0.6056,-0.6847,-0.2489,-2.45,3.15,15.19
0.673884,-0.6037,-0.6871,-0.2474,-0.63,1.68,17.57
0.674481,-0.6032,-0.6900,-0.2411,-2.24,3.01,15.26
0.675078,-0.6022,-0.6930,-0.2357,-0.70,1.75,18.48
0.675675,-0.5983,-0.6993,-0.2357,-2.10,3.08,15.54
0.676272,-0.5968,-0.7022,-0.2377,-0.35,1.68,19.46
0.676870,-0.5963,-0.7022,-0.2406,-1.89,3.22,16.03
0.677467,-0.5954,-0.7042,-0.2377,-0.42,1.75,19.18
0.678064,-0.5924,-0.7086,-0.2328,-1.26,2.87,16.45
0.678661,-0.5919,-0.7115,-0.2289,-0.49,1.82,20.09
0.679258,-0.5851,-0.7213,-0.2284,-0.70,2.80,16.52
0.679855,-0.5836,-0.7198,-0.2206,-0.84,3.22,16.87
0.680452,-0.5861,-0.7242,-0.2206,0.35,1.68,20.37
0.681050,-0.5827,-0.7286,-0.2220,-0.28,2.80,17.01
0.681647,-0.5856,-0.7291,-0.2201,0.35,2.10,20.51
0.682617,-0.5876,-0.7330,-0.2191,0.28,2.94,17.50
0.683214,-0.5871,-0.7340,-0.2201,0.42,2.66,20.23
0.683811,-0.5876,-0.7340,-0.2206,0.84,2.59,17.43
0.684408,-0.5817,-0.7388,-0.2191,0.84,2.66,20.16
0.685006,-0.5793,-0.7408,-0.2230,0.91,2.45,17.36
0.685603,-0.5797,-0.7403,-0.2216,1.33,2.59,20.02
0.686200,-0.5778,-0.7422,-0.2201,1.47,1.75,17.85
0.686797,-0.5744,-0.7462,-0.2230,1.33,3.01,19.67
0.687394,-0.5695,-0.7427,-0.2176,2.03,1.89,17.43
0.687991,-0.5685,-0.7418,-0.2235,1.89,2.59,19.81
0.688589,-0.5705,-0.7462,-0.2255,2.52,2.24,18.97
0.689186,-0.5646,-0.7476,-0.2264,2.52,2.38,17.29
0.689783,-0.5656,-0.7471,-0.2250,2.80,1.96,18.34
0.690380,-0.5666,-0.7520,-0.2216,3.01,2.17,17.29
0.690977,-0.5636,-0.7549,-0.2220,3.01,2.31,18.41
0.691574,-0.5651,-0.7559,-0.2220,3.50,2.24,16.45
0.692171,-0.5675,-0.7559,-0.2201,3.50,2.24,17.92
0.692769,-0.5700,-0.7544,-0.2235,3.71,2.24,16.24
0.693366,-0.5685,-0.7559,-0.2259,4.06,2.17,17.43
0.693366,-0.5661,-0.7559,-0.2235,4.20,2.17,16.03
0.693956,-0.5646,-0.7554,-0.2250,4.48,1.89,17.50
0.694553,-0.5636,-0.7554,-0.2284,4.55,2.10,15.68
0.695150,-0.5636,-0.7549,-0.2264,4.90,1.68,17.15
0.695748,-0.5632,-0.7540,-0.2245,5.11,1.68,15.12
0.696345,-0.5636,-0.7549,-0.2264,4.83,1.75,16.52
0.696942,-0.5627,-0.7579,-0.2269,5.46,1.89,14.70
0.697539,-0.5622,-0.7569,-0.2284,5.53,1.61,15.96
0.698136,-0.5641,-0.7535,-0.2303,5.81,1.54,14.35
0.698733,-0.5617,-0.7549,-0.2279,5.88,1.61,15.61
0.699331,-0.5597,-0.7530,-0.2235,5.81,1.54,14.00
0.699928,-0.5583,-0.7491,-0.2220,6.44,1.26,14.84
0.700525,-0.5495,-0.7481,-0.2181,6.51,1.33,14.07
0.701122,-0.5470,-0.7452,-0.2152,6.09,1.33,14.07
0.701719,-0.5529,-0.7442,-0.2162,6.86,0.98,13.65
0.702316,-0.5544,-0.7481,-0.2157,6.93,0.70,13.58
0.702913,-0.5514,-0.7481,-0.2162,7.07,1.19,13.02
0.703511,-0.5485,-0.7437,-0.2176,7.21,0.56,13.16
0.704108,-0.5441,-0.7452,-0.2186,7.07,0.98,12.53
0.705078,-0.5431,-0.7457,-0.2152,7.77,0.28,12.32
0.705675,-0.5461,-0.7442,-0.2123,7.28,0.56,12.46
0.706272,-0.5451,-0.7413,-0.2108,8.12,0.42,11.69
0.706869,-0.5441,-0.7393,-0.2098,7.63,0.49,12.25
0.707467,-0.5446,-0.7398,-0.2113,7.98,0.77,10.85
0.708064,-0.5431,-0.7393,-0.2094,7.84,-0.14,11.97
0.708661,-0.5427,-0.7379,-0.2045,8.12,0.14,9.94
0.709258,-0.5456,-0.7359,-0.2040,8.40,-0.49,11.69
0.709855,-0.5480,-0.7354,-0.2030,8.05,0.28,9.66
0.710452,-0.5451,-0.7354,-0.2030,8.68,-0.77,10.57
0.711050,-0.5427,-0.7325,-0.2054,8.26,0.07,9.10
0.711647,-0.5417,-0.7320,-0.2054,8.75,-1.12,10.43
0.712244,-0.5397,-0.7286,-0.2069,8.68,-0.07,8.26
0.712841,-0.5402,-0.7286,-0.2064,8.54,-1.19,10.22
0.713438,-0.5407,-0.7296,-0.2015,8.40,-0.35,7.98
0.714035,-0.5402,-0.7261,-0.2030,9.03,-1.68,10.22
0.714632,-0.5388,-0.7252,-0.2040,8.47,-0.77,7.84
0.715230,-0.5353,-0.7242,-0.2040,9.10,-1.96,9.73
0.715827,-0.5344,-0.7222,-0.2040,8.61,-0.63,7.42
0.715827,-0.5378,-0.7242,-0.2020,9.31,-2.52,9.73
0.716417,-0.5383,-0.7257,-0.2025,8.61,-1.12,7.42
0.717014,-0.5383,-0.7227,-0.2040,9.38,-2.31,9.24
0.717611,-0.5392,-0.7227,-0.2035,8.33,-1.68,7.42
0.718209,-0.5358,-0.7208,-0.2025,9.66,-2.66,8.82
0.718806,-0.5334,-0.7203,-0.2011,8.40,-2.59,7.70
0.719403,-0.5358,-0.7208,-0.2011,9.17,-2.87,8.47
0.720000,-0.5353,-0.7174,-0.2006,8.82,-2.66,7.84
0.720597,-0.5324,-0.7139,-0.1996,9.10,-2.87,8.12
0.721194,-0.5329,-0.7120,-0.2006,8.82,-3.64,8.05
0.721792,-0.5344,-0.7130,-0.2054,8.82,-3.29,7.91
0.722389,-0.5339,-0.7071,-0.2035,8.61,-3.29,7.07
0.722986,-0.5339,-0.7096,-0.2020,9.17,-4.48,9.38
0.723583,-0.5344,-0.7115,-0.1981,8.54,-4.20,6.86
0.724180,-0.5319,-0.7110,-0.1957,8.89,-4.76,9.73
0.724777,-0.5285,-0.7076,-0.1976,8.19,-4.48,6.51
0.725374,-0.5305,-0.7061,-0.1996,9.24,-5.39,10.71
0.725972,-0.5339,-0.7076,-0.2011,7.98,-5.04,6.51
0.726569,-0.5329,-0.7086,-0.1986,9.45,-5.60,11.06
0.727539,-0.5314,-0.7047,-0.2006,7.77,-5.88,6.65
0.728136,-0.5300,-0.7027,-0.2006,9.59,-6.16,10.85
0.728733,-0.5300,-0.7052,-0.2006,7.84,-6.37,7.00
0.729330,-0.5300,-0.7081,-0.1996,9.03,-6.23,11.83
0.729928,-0.5251,-0.7105,-0.1981,7.70,-7.14,7.42
0.730525,-0.5217,-0.7096,-0.1976,9.10,-6.44,11.48
0.731122,-0.5261,-0.7125,-0.1942,7.49,-7.84,7.98
0.731719,-0.5295,-0.7208,-0.1962,8.75,-6.65,11.69
0.732316,-0.5285,-0.7242,-0.1972,8.19,-8.47,8.82
0.732913,-0.5319,-0.7232,-0.1972,8.40,-7.49,12.04
0.733511,-0.5344,-0.7222,-0.1981,8.05,-8.68,9.52
0.734108,-0.5305,-0.7213,-0.1942,8.40,-8.05,12.04
0.734705,-0.5290,-0.7213,-0.1923,8.05,-9.17,9.52
0.735302,-0.5314,-0.7227,-0.1972,8.19,-8.47,12.60
0.735899,-0.5314,-0.7261,-0.1972,8.33,-9.94,10.15
0.736496,-0.5285,-0.7247,-0.1952,8.26,-8.96,12.81
0.737093,-0.5275,-0.7242,-0.1942,8.12,-10.15,10.92
0.737691,-0.5305,-0.7281,-0.1928,8.12,-9.73,12.53
0.738288,-0.5314,-0.7330,-0.1913,7.91,-10.43,11.41
0.738288,-0.5285,-0.7369,-0.1986,8.47,-10.29,12.81
0.738878,-0.5275,-0.7340,-0.2001,8.05,-11.06,11.83
0.739475,-0.5324,-0.7310,-0.1952,8.75,-11.06,12.60
0.740072,-0.5329,-0.7344,-0.1981,7.56,-11.48,12.53
0.740670,-0.5275,-0.7418,-0.2006,8.61,-11.69,12.39
0.741267,-0.5270,-0.7437,-0.2006,7.70,-12.39,12.81
0.741864,-0.5309,-0.7432,-0.2025,8.54,-12.18,12.60
0.742461,-0.5353,-0.7447,-0.1996,8.05,-12.81,13.30
0.743058,-0.5373,-0.7457,-0.1972,8.47,-13.23,12.32
0.743655,-0.5363,-0.7447,-0.1986,7.77,-13.44,14.28
0.744253,-0.5314,-0.7442,-0.2015,8.47,-13.23,11.41
0.744850,-0.5290,-0.7442,-0.2035,7.98,-13.51,14.42
0.745447,-0.5339,-0.7466,-0.2011,8.75,-14.42,11.76
0.746044,-0.5334,-0.7466,-0.2040,8.33,-14.56,14.56
0.746641,-0.5280,-0.7437,-0.2103,8.26,-14.70,11.62
0.747238,-0.5305,-0.7447,-0.2113,8.54,-15.12,15.19
0.747835,-0.5314,-0.7462,-0.2118,8.26,-15.40,11.34
0.748433,-0.5270,-0.7476,-0.2123,8.54,-15.82,15.47
0.749030,-0.5280,-0.7447,-0.2133,7.98,-16.03,11.55
0.750000,-0.5290,-0.7442,-0.2128,8.82,-15.89,15.40
0.750597,-0.5261,-0.7471,-0.2147,8.05,-16.94,11.83
0.751194,-0.5280,-0.7476,-0.2196,8.82,-16.17,15.54
0.751791,-0.5290,-0.7447,-0.2191,7.98,-17.78,12.11
0.752389,-0.5261,-0.7422,-0.2147,8.89,-16.52,15.19
0.752986,-0.5261,-0.7422,-0.2152,8.12,-18.34,12.53
0.753583,-0.5266,-0.7403,-0.2191,8.82,-17.01,15.47
0.754180,-0.5236,-0.7418,-0.2186,8.33,-19.04,12.81
0.754777,-0.5226,-0.7413,-0.2176,8.96,-17.64,15.26
0.755374,-0.5212,-0.7427,-0.2152,8.19,-19.67,13.44
0.755972,-0.5178,-0.7427,-0.2162,9.17,-18.27,15.26
0.756569,-0.5192,-0.7403,-0.2201,8.40,-20.65,13.44
0.757166,-0.5207,-0.7413,-0.2220,8.54,-18.27,15.19
0.757763,-0.5192,-0.7418,-0.2196,8.61,-20.72,14.21
0.758360,-0.5178,-0.7408,-0.2201,8.47,-18.41,15.47
0.758957,-0.5114,-0.7447,-0.2235,8.89,-21.21,14.00
0.759554,-0.5075,-0.7471,-0.2245,8.26,-19.11,15.82
0.760152,-0.5109,-0.7442,-0.2279,8.82,-21.49,14.21
0.760749,-0.5119,-0.7452,-0.2279,8.26,-19.60,15.89
0.760749,-0.5090,-0.7442,-0.2279,8.96,-21.98,14.63
0.761339,-0.5095,-0.7437,-0.2279,8.75,-20.23,16.24
0.761936,-0.5080,-0.7471,-0.2274,8.75,-22.19,14.63
0.762533,-0.5061,-0.7496,-0.2259,8.75,-20.93,16.45
0.763131,-0.5056,-0.7520,-0.2264,8.89,-22.26,14.98
0.763728,-0.5036,-0.7530,-0.2298,9.10,-21.21,15.89
0.764325,-0.5022,-0.7549,-0.2313,8.47,-22.47,15.26
0.764922,-0.5041,-0.7574,-0.2289,9.31,-21.70,16.31
0.765519,-0.5007,-0.7549,-0.2284,8.82,-23.03,15.47
0.766116,-0.4934,-0.7559,-0.2294,9.03,-21.98,16.10
0.766714,-0.4924,-0.7613,-0.2274,8.89,-22.96,15.96
0.767311,-0.4958,-0.7574,-0.2274,9.17,-22.40,16.24
0.767908,-0.4943,-0.7554,-0.2289,9.24,-23.10,16.10
0.768505,-0.4914,-0.7632,-0.2323,9.31,-22.61,16.45
0.769102,-0.4924,-0.7623,-0.2362,9.38,-23.59,16.45
0.769699,-0.4909,-0.7608,-0.2342,9.31,-22.75,16.38
0.770296,-0.4900,-0.7637,-0.2308,9.10,-24.01,17.15
0.770894,-0.4900,-0.7652,-0.2338,9.59,-23.31,16.59
0.771491,-0.4939,-0.7710,-0.2396,8.96,-23.94,17.01
0.771491,-0.4958,-0.7706,-0.2425,9.73,-23.45,16.80
0.772081,-0.4924,-0.7701,-0.2435,9.52,-23.94,17.43
0.772678,-0.4919,-0.7720,-0.2406,9.87,-23.94,16.31
0.773275,-0.4914,-0.7725,-0.2372,9.45,-23.80,17.99
0.773873,-0.4943,-0.7710,-0.2425,9.94,-24.15,16.31
0.774470,-0.4943,-0.7720,-0.2499,9.52,-23.73,17.92
0.775067,-0.4914,-0.7715,-0.2489,10.36,-24.64,16.52
0.775664,-0.4968,-0.7662,-0.2479,9.66,-24.01,18.41
0.776261,-0.4958,-0.7657,-0.2503,10.71,-24.57,16.38
0.776858,-0.4948,-0.7666,-0.2552,9.45,-24.08,18.76
0.777456,-0.4909,-0.7681,-0.2557,10.99,-25.13,16.31
0.778053,-0.4880,-0.7632,-0.2606,10.01,-23.94,18.41
0.778650,-0.4890,-0.7637,-0.2630,10.36,-23.87,18.20
0.779247,-0.4836,-0.7632,-0.2669,10.64,-25.48,16.87
0.779844,-0.4860,-0.7603,-0.2650,10.29,-23.73,18.55
0.780441,-0.4900,-0.7588,-0.2655,10.57,-25.97,16.73
0.781038,-0.4860,-0.7574,-0.2699,11.13,-24.01,18.06
0.781636,-0.4831,-0.7588,-0.2723,10.43,-25.90,17.22
0.782233,-0.4836,-0.7598,-0.2708,11.48,-24.43,18.27
0.783203,-0.4831,-0.7564,-0.2704,10.50,-25.69,16.87
0.783800,-0.4821,-0.7584,-0.2718,11.20,-24.15,18.34
0.784397,-0.4812,-0.7574,-0.2718,10.57,-25.90,16.73
0.784994,-0.4797,-0.7520,-0.2767,11.76,-24.78,18.41
0.785592,-0.4802,-0.7510,-0.2762,10.15,-25.13,16.94
0.786189,-0.4817,-0.7510,-0.2694,12.18,-25.13,18.27
0.786786,-0.4817,-0.7535,-0.2689,10.36,-24.85,16.24
0.787383,-0.4812,-0.7564,-0.2723,12.11,-25.48,18.13
0.787980,-0.4787,-0.7544,-0.2640,10.50,-24.50,16.24
0.788577,-0.4778,-0.7530,-0.2689,10.71,-24.50,15.89
0.789175,-0.4763,-0.7525,-0.2689,12.11,-25.48,18.20
0.789772,-0.4734,-0.7554,-0.2689,10.85,-24.15,15.89
0.790369,-0.4773,-0.7588,-0.2679,12.32,-25.34,17.78
0.790966,-0.4787,-0.7559,-0.2689,10.99,-24.15,15.75
0.791563,-0.4768,-0.7564,-0.2728,12.25,-25.55,17.22
0.792160,-0.4768,-0.7593,-0.2694,11.13,-24.22,15.96
0.792757,-0.4753,-0.7588,-0.2689,12.25,-25.34,16.73
0.793355,-0.4738,-0.7569,-0.2708,11.48,-24.50,15.54
0.793952,-0.4734,-0.7584,-0.2723,12.04,-24.50,15.96
0.794922,-0.4778,-0.7613,-0.2704,11.90,-24.92,15.75
0.795519,-0.4826,-0.7603,-0.2689,11.97,-24.78,15.61
0.796116,-0.4802,-0.7598,-0.2743,12.25,-24.78,14.98
0.796713,-0.4768,-0.7632,-0.2782,11.83,-24.36,15.47
0.797311,-0.4792,-0.7627,-0.2772,12.60,-25.20,14.56
0.797908,-0.4787,-0.7593,-0.2738,11.55,-24.36,14.98
0.798505,-0.4797,-0.7632,-0.2762,12.60,-25.27,14.35
0.799102,-0.4807,-0.7623,-0.2796,11.62,-24.08,14.28
0.799699,-0.4792,-0.7608,-0.2791,12.74,-25.41,13.93
0.800296,-0.4792,-0.7637,-0.2796,11.90,-23.66,13.93
0.800894,-0.4782,-0.7706,-0.2821,13.02,-25.34,13.86
0.801491,-0.4812,-0.7720,-0.2860,12.81,-24.78,13.37
0.802088,-0.4836,-0.7696,-0.2894,12.53,-24.36,13.16
0.802685,-0.4807,-0.7715,-0.2923,12.95,-24.71,12.60
0.803282,-0.4763,-0.7720,-0.2948,12.25,-24.22,13.37
0.803879,-0.4778,-0.7706,-0.2923,12.95,-24.78,12.04
0.804476,-0.4826,-0.7725,-0.2908,12.39,-23.66,13.30
0.805074,-0.4860,-0.7735,-0.2943,12.95,-24.36,11.41
0.805671,-0.4846,-0.7725,-0.2977,12.88,-23.73,12.74
0.806640,-0.4802,-0.7710,-0.2967,13.16,-24.08,10.99
0.807237,-0.4787,-0.7725,-0.2991,12.81,-24.15,12.39
0.807834,-0.4826,-0.7745,-0.3016,13.58,-24.29,10.43
0.808431,-0.4812,-0.7735,-0.3040,12.95,-23.87,12.18
0.809029,-0.4812,-0.7745,-0.3050,13.51,-24.01,10.36
0.809626,-0.4851,-0.7759,-0.3021,12.95,-24.15,11.90
0.810223,-0.4841,-0.7749,-0.3011,13.72,-23.66,9.80
0.810820,-0.4807,-0.7769,-0.3006,13.58,-24.01,11.90
0.811417,-0.4787,-0.7784,-0.2962,13.37,-23.94,9.45
0.812014,-0.4797,-0.7784,-0.3021,13.72,-23.59,11.20
0.812612,-0.4802,-0.7769,-0.3016,14.21,-23.38,10.36
0.813209,-0.4812,-0.7784,-0.2996,13.58,-24.08,9.45
0.813806,-0.4841,-0.7779,-0.3016,14.42,-23.03,10.01
0.814403,-0.4812,-0.7774,-0.3011,13.44,-23.03,9.17
0.815000,-0.4817,-0.7764,-0.2987,14.56,-23.38,9.66
0.815597,-0.4782,-0.7745,-0.2957,13.93,-23.03,8.75
0.816194,-0.4734,-0.7759,-0.2938,14.70,-23.24,9.38
0.816792,-0.4743,-0.7784,-0.2943,14.00,-22.89,8.47
0.817389,-0.4753,-0.7808,-0.2908,14.84,-22.96,9.03
0.818359,-0.4768,-0.7881,-0.2894,14.35,-22.61,8.26
0.818956,-0.4773,-0.7891,-0.2918,14.77,-23.03,8.54
0.819553,-0.4773,-0.7925,-0.2962,15.19,-22.47,7.56
0.820150,-0.4792,-0.7954,-0.2962,14.63,-22.40,8.96
0.820748,-0.4802,-0.7945,-0.2938,15.54,-22.33,7.49
0.821345,-0.4807,-0.7984,-0.2943,14.49,-22.40,8.33
0.821942,-0.4817,-0.7989,-0.2904,16.17,-22.19,7.00
0.822539,-0.4817,-0.7984,-0.2908,16.52,-22.33,6.23
0.823136,-0.4831,-0.7964,-0.2923,14.70,-22.26,8.12
0.823733,-0.4860,-0.7964,-0.2952,16.45,-21.56,5.67
0.824331,-0.4909,-0.7954,-0.2913,14.63,-22.05,7.98
0.824928,-0.4890,-0.7969,-0.2894,16.52,-21.28,5.74
0.825525,-0.4885,-0.7993,-0.2928,15.40,-21.98,7.49
0.826122,-0.4904,-0.7979,-0.2938,16.24,-20.93,5.32
0.826719,-0.4929,-0.7930,-0.2952,15.54,-21.91,7.00
0.827316,-0.4968,-0.7896,-0.2933,16.10,-21.07,5.32
0.827913,-0.4968,-0.7857,-0.2913,16.10,-21.63,6.44
0.828511,-0.4968,-0.7837,-0.2948,15.96,-20.65,5.46
0.829108,-0.5002,-0.7837,-0.2962,16.59,-21.56,6.16
0.830078,-0.4992,-0.7857,-0.2938,16.03,-21.07,5.46
0.830675,-0.4968,-0.7881,-0.2913,16.80,-21.49,5.60
0.831272,-0.5017,-0.7871,-0.2952,15.96,-20.51,5.04
0.831869,-0.5026,-0.7788,-0.2991,16.80,-21.00,5.53
0.832467,-0.4992,-0.7779,-0.3016,15.75,-20.44,5.11
0.833064,-0.4997,-0.7788,-0.3050,17.01,-21.28,5.39
0.833661,-0.5026,-0.7745,-0.3040,15.75,-20.09,4.83
0.834258,-0.5051,-0.7754,-0.3035,17.08,-21.49,5.11
0.834855,-0.5065,-0.7720,-0.2996,16.10,-19.67,4.48
0.835452,-0.5085,-0.7686,-0.3016,16.52,-21.42,5.81
0.836050,-0.5095,-0.7691,-0.3050,16.45,-19.46,4.20
0.836647,-0.5100,-0.7686,-0.3070,16.38,-21.28,5.53
0.837244,-0.5104,-0.7701,-0.3065,15.89,-19.18,4.76
0.837841,-0.5129,-0.7696,-0.3045,16.59,-20.93,5.39
0.838438,-0.5144,-0.7657,-0.3070,15.96,-19.04,5.25
0.839035,-0.5119,-0.7623,-0.3065,16.45,-20.72,5.39
0.839632,-0.5080,-0.7593,-0.3040,15.75,-19.18,5.67
0.840230,-0.5100,-0.7559,-0.3050,16.03,-20.51,5.46
0.840827,-0.5129,-0.7554,-0.3055,15.89,-19.46,6.16
0.840827,-0.5114,-0.7564,-0.3040,15.96,-19.81,5.32
0.841417,-0.5100,-0.7564,-0.3026,15.82,-19.32,6.93
0.842014,-0.5158,-0.7554,-0.3001,15.82,-19.32,4.97
0.842611,-0.5148,-0.7544,-0.2977,15.68,-18.90,7.14
0.843209,-0.5104,-0.7549,-0.2962,15.68,-19.32,5.67
0.843806,-0.5080,-0.7535,-0.2987,15.54,-18.83,7.56
0.844403,-0.5051,-0.7520,-0.3006,15.40,-19.39,6.09
0.845000,-0.5075,-0.7486,-0.2972,15.75,-18.76,7.70
0.845597,-0.5075,-0.7427,-0.2948,15.19,-18.90,6.09
0.846194,-0.5065,-0.7383,-0.2933,15.75,-18.06,8.61
0.846792,-0.5046,-0.7383,-0.2943,14.91,-19.18,6.23
0.847389,-0.5036,-0.7427,-0.2996,15.75,-17.43,8.33
0.847986,-0.5026,-0.7427,-0.2991,14.35,-19.11,7.21
0.848583,-0.5065,-0.7398,-0.2962,15.19,-16.80,8.47
0.849180,-0.5065,-0.7418,-0.2948,14.49,-18.62,7.35
0.849777,-0.5031,-0.7437,-0.2977,14.91,-16.66,8.68
0.850374,-0.5065,-0.7427,-0.3030,14.21,-18.69,8.05
0.850972,-0.5075,-0.7427,-0.3030,14.63,-16.45,9.03
0.851569,-0.5100,-0.7432,-0.3006,13.79,-17.92,8.61
0.851569,-0.5148,-0.7452,-0.3001,14.70,-16.52,9.10
0.852159,-0.5134,-0.7457,-0.3026,13.51,-17.36,9.31
0.852756,-0.5104,-0.7457,-0.3030,14.42,-16.10,9.03
0.853353,-0.5109,-0.7481,-0.2996,13.37,-17.01,9.87
0.853951,-0.5114,-0.7476,-0.3026,14.07,-15.89,9.03
0.854548,-0.5139,-0.7491,-0.3045,12.81,-16.52,10.08
0.855145,-0.5192,-0.7530,-0.3055,14.35,-15.75,9.24
0.855742,-0.5178,-0.7515,-0.3065,12.53,-15.68,10.50
0.856339,-0.5197,-0.7491,-0.3055,12.46,-15.19,10.43
0.856936,-0.5226,-0.7491,-0.3055,13.72,-15.61,10.01
0.857534,-0.5261,-0.7501,-0.3074,12.32,-14.84,10.29
0.858131,-0.5236,-0.7540,-0.3104,12.95,-15.05,9.80
0.858728,-0.5202,-0.7574,-0.3094,12.67,-15.05,10.15
0.859325,-0.5212,-0.7579,-0.3045,12.53,-14.14,9.94
0.859922,-0.5290,-0.7549,-0.3026,12.46,-15.05,10.08
0.860519,-0.5324,-0.7515,-0.3065,12.25,-13.79,9.66
0.861116,-0.5309,-0.7471,-0.3055,12.46,-14.84,10.15
0.861714,-0.5319,-0.7501,-0.3050,11.83,-13.79,9.66
0.862311,-0.5358,-0.7564,-0.3084,12.25,-14.28,10.22
0.863281,-0.5363,-0.7559,-0.3138,11.69,-13.44,9.31
0.863878,-0.5358,-0.7530,-0.3143,12.53,-14.21,9.73
0.864475,-0.5373,-0.7535,-0.3094,11.34,-12.53,8.75
0.865072,-0.5348,-0.7608,-0.3118,11.83,-14.14,10.29
0.865670,-0.5388,-0.7647,-0.3143,11.13,-12.18,8.40
0.866267,-0.5422,-0.7632,-0.3148,11.62,-13.93,9.80
0.866864,-0.5407,-0.7642,-0.3109,10.85,-11.90,8.33
0.867461,-0.5407,-0.7657,-0.3104,11.55,-13.72,9.52
0.868058,-0.5412,-0.7657,-0.3109,10.85,-11.41,7.98
0.868655,-0.5431,-0.7671,-0.3099,11.76,-14.00,9.31
0.869253,-0.5417,-0.7676,-0.3109,10.57,-10.99,7.98
0.869850,-0.5402,-0.7691,-0.3113,11.27,-13.23,8.68
0.870447,-0.5422,-0.7730,-0.3109,10.92,-11.13,7.35
0.871044,-0.5427,-0.7754,-0.3089,10.78,-12.67,8.68
0.871641,-0.5427,-0.7754,-0.3094,10.99,-11.06,7.63
0.872238,-0.5431,-0.7749,-0.3079,10.78,-12.39,8.05
0.872835,-0.5412,-0.7798,-0.3094,10.85,-10.99,7.35
0.873433,-0.5412,-0.7803,-0.3065,10.29,-11.48,7.91
0.874030,-0.5412,-0.7754,-0.3016,10.99,-11.06,7.28
0.875000,-0.5402,-0.7769,-0.3016,9.94,-11.27,7.28
0.875597,-0.5417,-0.7818,-0.3045,11.13,-10.85,7.14
0.876194,-0.5422,-0.7837,-0.3045,10.01,-10.85,6.93
0.876791,-0.5397,-0.7837,-0.3021,10.78,-10.71,7.14
0.877389,-0.5383,-0.7813,-0.3006,9.80,-10.57,6.58
0.877986,-0.5417,-0.7828,-0.3001,10.71,-10.29,6.58
0.878583,-0.5451,-0.7832,-0.3011,9.80,-10.15,6.44
0.879180,-0.5446,-0.7852,-0.2948,10.50,-10.15,6.23
0.879777,-0.5466,-0.7901,-0.2884,10.08,-9.87,6.09
0.880374,-0.5514,-0.7901,-0.2889,10.22,-10.01,5.60
0.880972,-0.5514,-0.7881,-0.2894,10.15,-9.45,5.81
0.881569,-0.5510,-0.7886,-0.2923,10.29,-10.50,5.04
0.882166,-0.5524,-0.7910,-0.2938,9.80,-9.03,5.32
0.882763,-0.5558,-0.7920,-0.2957,10.43,-10.08,4.90
0.883360,-0.5597,-0.7920,-0.2948,10.22,-8.75,4.48
0.883957,-0.5641,-0.7945,-0.2923,10.01,-10.22,4.76
0.884554,-0.5680,-0.7974,-0.2938,10.08,-8.54,4.13
0.885152,-0.5671,-0.8003,-0.2908,9.94,-9.66,4.13
0.885749,-0.5666,-0.8013,-0.2904,10.64,-8.82,3.64
0.885749,-0.5661,-0.8003,-0.2952,9.66,-9.31,3.15
0.886339,-0.5671,-0.8008,-0.2948,10.78,-8.89,3.29
0.886936,-0.5685,-0.8003,-0.2918,9.45,-9.10,2.66
0.887533,-0.5695,-0.8018,-0.2952,10.71,-8.47,3.01
0.888131,-0.5705,-0.8042,-0.2977,9.73,-9.45,1.96
0.888728,-0.5710,-0.8072,-0.2991,10.64,-8.19,2.10
0.889325,-0.5719,-0.8047,-0.3011,10.22,-9.24,1.61
0.889922,-0.5744,-0.7989,-0.3016,10.08,-7.63,1.54
0.890519,-0.5754,-0.8013,-0.3035,10.29,-9.24,0.98
0.891116,-0.5729,-0.7998,-0.3035,10.01,-7.70,0.77
0.891714,-0.5734,-0.7974,-0.3050,10.43,-9.73,0.91
0.892311,-0.5778,-0.7964,-0.3079,9.87,-7.49,-0.42
0.892908,-0.5744,-0.7930,-0.3050,10.43,-9.52,0.42
0.893505,-0.5763,-0.7925,-0.3045,10.36,-9.17,-0.14
0.894102,-0.5754,-0.7935,-0.3045,10.29,-8.12,-1.75
0.894699,-0.5754,-0.7940,-0.3065,10.15,-8.47,-0.70
0.895296,-0.5749,-0.7910,-0.3089,9.80,-8.19,-2.17
0.895894,-0.5754,-0.7857,-0.3065,10.78,-8.75,-1.19
0.896491,-0.5773,-0.7828,-0.3045,9.94,-8.26,-3.08
0.897461,-0.5783,-0.7852,-0.3079,10.64,-8.75,-1.89
0.898058,-0.5802,-0.7862,-0.3099,9.52,-7.91,-3.08
0.898655,-0.5817,-0.7832,-0.3099,11.06,-8.61,-2.66
0.899252,-0.5817,-0.7793,-0.3113,9.17,-8.05,-3.29
0.899850,-0.5832,-0.7798,-0.3074,10.85,-8.75,-3.01
0.900447,-0.5822,-0.7798,-0.3035,9.59,-8.47,-3.78
0.901044,-0.5817,-0.7784,-0.3065,10.64,-8.40,-2.94
0.901641,-0.5832,-0.7788,-0.3070,9.45,-8.54,-4.06
0.902238,-0.5802,-0.7793,-0.3099,10.36,-8.12,-3.43
0.902835,-0.5768,-0.7803,-0.3123,9.52,-7.98,-3.36
0.903433,-0.5778,-0.7769,-0.3094,10.57,-8.40,-3.71
0.904030,-0.5768,-0.7749,-0.3065,9.24,-8.54,-3.64
0.904627,-0.5749,-0.7745,-0.3070,10.01,-8.54,-3.71
0.905224,-0.5758,-0.7740,-0.3094,10.01,-8.40,-3.99
0.905821,-0.5739,-0.7769,-0.3065,9.59,-8.05,-3.36
0.906418,-0.5719,-0.7764,-0.3021,10.36,-8.33,-4.06
0.907015,-0.5714,-0.7735,-0.3030,9.45,-7.84,-3.15
0.907613,-0.5695,-0.7764,-0.3030,10.29,-8.61,-3.99
0.908210,-0.5666,-0.7779,-0.3040,9.10,-8.05,-2.52
0.908210,-0.5671,-0.7754,-0.3123,10.64,-8.61,-4.06
0.908800,-0.5695,-0.7749,-0.3133,9.03,-7.77,-2.31
0.909397,-0.5690,-0.7784,-0.3079,10.50,-8.68,-3.92
0.909994,-0.5675,-0.7803,-0.3070,9.03,-7.28,-2.24
0.910592,-0.5656,-0.7784,-0.3094,10.50,-8.89,-3.08
0.911189,-0.5675,-0.7793,-0.3079,9.73,-7.56,-2.45
0.911786,-0.5651,-0.7828,-0.3109,10.08,-8.68,-2.52
0.912383,-0.5710,-0.7857,-0.3123,9.80,-8.19,-2.45
0.912980,-0.5724,-0.7832,-0.3143,10.01,-8.05,-1.40
0.913577,-0.5710,-0.7847,-0.3162,9.59,-7.84,-2.17
0.914175,-0.5714,-0.7867,-0.3167,10.29,-8.12,-1.12
0.914772,-0.5705,-0.7871,-0.3157,9.38,-8.05,-1.12
0.915369,-0.5710,-0.7886,-0.3157,10.29,-8.12,-1.26
0.915966,-0.5768,-0.7896,-0.3177,9.31,-7.98,-0.63
0.916563,-0.5763,-0.7915,-0.3187,10.43,-7.84,-1.26
0.917160,-0.5758,-0.7906,-0.3216,9.59,-8.12,-0.28
0.917757,-0.5802,-0.7901,-0.3235,10.36,-7.77,-0.56
0.918355,-0.5832,-0.7896,-0.3226,10.08,-7.91,0.42
0.918952,-0.5827,-0.7862,-0.3279,10.36,-8.19,-0.07
0.919922,-0.5817,-0.7857,-0.3323,9.87,-7.63,0.14
0.920519,-0.5797,-0.7881,-0.3309,10.71,-8.54,0.56
0.921116,-0.5812,-0.7881,-0.3314,9.94,-7.42,0.21
0.921713,-0.5866,-0.7906,-0.3362,10.36,-8.33,1.19
0.922311,-0.5871,-0.7935,-0.3382,10.15,-7.42,0.91
0.922908,-0.5832,-0.7920,-0.3382,10.71,-8.61,1.68
0.923505,-0.5812,-0.7906,-0.3372,10.08,-7.70,1.54
0.924102,-0.5851,-0.7876,-0.3348,10.92,-9.10,1.61
0.924699,-0.5910,-0.7862,-0.3353,10.01,-7.77,1.96
0.925296,-0.5885,-0.7857,-0.3357,10.78,-8.75,1.61
0.925894,-0.5827,-0.7842,-0.3348,10.50,-7.77,2.66
0.926491,-0.5861,-0.7823,-0.3314,10.64,-8.54,2.03
0.927088,-0.5871,-0.7828,-0.3314,10.71,-7.91,3.08
0.927685,-0.5836,-0.7852,-0.3299,10.85,-8.47,2.59
0.928282,-0.5871,-0.7862,-0.3309,10.78,-7.91,3.71
0.928879,-0.5890,-0.7881,-0.3328,10.92,-8.40,2.66
0.929476,-0.5880,-0.7857,-0.3294,10.85,-8.12,4.34
0.930074,-0.5856,-0.7813,-0.3279,10.99,-8.54,3.08
0.930671,-0.5851,-0.7857,-0.3279,11.06,-8.26,4.41
0.931640,-0.5846,-0.7881,-0.3304,10.92,-8.61,3.43
0.932237,-0.5880,-0.7896,-0.3304,10.99,-8.26,4.97
0.932834,-0.5866,-0.7915,-0.3279,11.13,-8.68,3.64
0.933431,-0.5827,-0.7891,-0.3309,10.85,-8.12,5.39
0.934029,-0.5876,-0.7935,-0.3338,11.62,-8.68,4.27
0.934626,-0.5915,-0.7935,-0.3304,10.92,-8.05,5.74
0.935223,-0.5905,-0.7862,-0.3284,11.20,-8.61,4.41
0.935820,-0.5900,-0.7876,-0.3245,11.27,-8.19,5.81
0.936417,-0.5934,-0.7906,-0.3235,11.34,-8.68,4.83
0.937014,-0.5963,-0.7930,-0.3279,11.13,-8.61,6.02
0.937612,-0.5988,-0.7964,-0.3279,10.78,-8.68,5.46
0.938209,-0.5983,-0.7964,-0.3279,11.34,-8.82,6.79
0.938806,-0.5993,-0.7940,-0.3250,10.92,-8.12,5.25
0.939403,-0.5998,-0.7930,-0.3226,11.34,-9.03,7.14
0.940000,-0.5968,-0.7940,-0.3255,11.34,-8.47,5.60
0.940597,-0.6012,-0.7959,-0.3250,11.76,-8.82,7.21
0.941194,-0.6041,-0.7959,-0.3235,11.13,-8.40,6.02
0.941792,-0.6061,-0.7959,-0.3201,11.83,-9.10,7.14
0.942389,-0.6071,-0.7979,-0.3221,11.20,-8.75,6.37
0.942389,-0.6061,-0.7993,-0.3260,11.69,-9.31,7.21
0.942980,-0.6090,-0.8003,-0.3240,11.55,-8.96,6.93
0.943577,-0.6110,-0.8018,-0.3206,11.48,-8.89,7.28
0.944174,-0.6085,-0.8042,-0.3192,11.69,-9.10,7.49
0.944772,-0.6105,-0.8047,-0.3187,11.48,-8.96,7.63
0.945369,-0.6144,-0.8028,-0.3226,11.69,-9.17,7.35
0.945966,-0.6144,-0.8028,-0.3270,11.55,-9.03,7.63
0.946563,-0.6129,-0.8052,-0.3255,11.97,-9.73,7.28
0.947160,-0.6159,-0.8047,-0.3265,11.62,-8.89,7.42
0.947757,-0.6198,-0.8072,-0.3309,12.25,-10.15,7.91
0.948355,-0.6188,-0.8111,-0.3318,11.41,-9.24,7.70
0.948952,-0.6173,-0.8091,-0.3323,11.90,-9.87,7.84
0.949549,-0.6188,-0.8106,-0.3289,11.55,-9.52,7.84
0.950146,-0.6227,-0.8140,-0.3304,12.25,-10.01,7.70
0.950743,-0.6246,-0.8106,-0.3318,11.34,-9.87,7.77
0.951340,-0.6251,-0.8101,-0.3270,12.39,-10.43,7.77
0.951937,-0.6266,-0.8101,-0.3235,11.41,-10.43,8.05
0.952535,-0.6300,-0.8086,-0.3235,12.60,-10.36,7.70
0.953132,-0.6315,-0.8106,-0.3299,11.55,-10.78,8.40
0.953132,-0.6310,-0.8106,-0.3279,11.97,-10.43,7.28
0.953722,-0.6329,-0.8130,-0.3221,11.83,-10.92,8.61
0.954319,-0.6300,-0.8154,-0.3250,11.83,-10.71,7.28
0.954916,-0.6285,-0.8120,-0.3279,11.97,-11.27,8.89
0.955514,-0.6354,-0.8076,-0.3314,11.83,-10.57,7.42
0.956111,-0.6393,-0.8106,-0.3333,12.67,-12.18,8.75
0.956708,-0.6417,-0.8174,-0.3284,10.99,-10.57,7.42
0.957305,-0.6427,-0.8150,-0.3284,12.46,-12.60,8.68
0.957902,-0.6403,-0.8096,-0.3245,11.34,-10.85,7.21
0.958499,-0.6412,-0.8076,-0.3216,12.32,-12.46,8.96
0.959097,-0.6456,-0.8067,-0.3187,11.34,-11.62,7.77
0.959694,-0.6461,-0.8062,-0.3216,12.39,-12.95,8.19
0.960291,-0.6456,-0.8037,-0.3226,11.20,-11.48,7.63
0.960888,-0.6505,-0.8072,-0.3167,11.83,-12.95,8.05
0.961485,-0.6510,-0.8057,-0.3192,11.62,-12.32,7.56
0.962082,-0.6520,-0.8013,-0.3265,11.48,-13.72,8.12
0.962679,-0.6564,-0.8042,-0.3260,11.62,-12.39,7.63
0.963277,-0.6539,-0.8023,-0.3231,11.13,-13.93,7.98
0.963874,-0.6564,-0.7998,-0.3216,11.76,-12.74,7.00
0.963874,-0.6617,-0.8018,-0.3216,11.06,-14.28,8.12
0.964464,-0.6627,-0.8028,-0.3192,11.34,-13.44,7.28
0.965061,-0.6651,-0.8032,-0.3177,11.13,-14.49,7.77
0.965658,-0.6710,-0.8057,-0.3245,11.20,-14.14,7.14
0.966256,-0.6734,-0.8067,-0.3279,10.99,-14.70,7.35
0.966853,-0.6715,-0.8096,-0.3274,10.92,-14.70,7.63
0.967450,-0.6705,-0.8076,-0.3260,11.13,-14.98,6.65
0.968047,-0.6705,-0.8052,-0.3265,11.13,-14.98,7.42
0.968644,-0.6715,-0.8111,-0.3284,10.71,-15.89,6.79
0.969241,-0.6783,-0.8120,-0.3294,10.78,-15.19,7.00
0.969839,-0.6783,-0.8096,-0.3299,10.64,-16.17,7.14
0.970436,-0.6778,-0.8125,-0.3270,10.64,-16.03,6.93
0.971033,-0.6837,-0.8145,-0.3255,10.36,-16.66,7.07
0.971630,-0.6852,-0.8091,-0.3255,10.57,-16.59,6.65
0.972227,-0.6861,-0.8086,-0.3260,10.22,-17.15,7.00
0.972824,-0.6827,-0.8091,-0.3284,10.01,-17.22,6.72
0.973421,-0.6798,-0.8062,-0.3304,10.36,-17.64,6.93
0.974019,-0.6847,-0.8076,-0.3304,10.29,-17.92,6.79
0.974616,-0.6861,-0.8106,-0.3299,9.94,-17.85,6.58
0.975586,-0.6847,-0.8081,-0.3343,10.01,-18.55,6.65
0.976183,-0.6876,-0.8057,-0.3367,9.38,-18.76,7.00
0.976780,-0.6866,-0.8062,-0.3328,10.01,-18.55,6.65
0.977377,-0.6842,-0.8057,-0.3323,8.89,-18.83,6.93
0.977975,-0.6861,-0.8023,-0.3372,9.66,-19.53,6.93
0.978572,-0.6842,-0.8023,-0.3348,8.61,-19.60,7.21
0.979169,-0.6847,-0.8013,-0.3357,9.59,-19.81,6.86
0.979766,-0.6866,-0.7974,-0.3392,8.47,-20.30,7.00
0.980363,-0.6847,-0.8008,-0.3362,9.03,-20.51,6.86
0.980960,-0.6856,-0.8023,-0.3387,8.19,-20.72,7.56
0.981558,-0.6866,-0.8018,-0.3401,8.40,-20.72,6.79
0.982155,-0.6886,-0.8008,-0.3421,8.12,-21.21,8.12
0.982752,-0.6934,-0.7954,-0.3426,7.84,-21.07,6.23
0.983349,-0.6959,-0.7945,-0.3421,7.84,-21.63,8.40
0.983946,-0.6964,-0.7974,-0.3426,7.56,-22.26,6.37
0.984543,-0.6993,-0.7979,-0.3431,7.42,-21.98,8.40
0.985140,-0.7003,-0.7954,-0.3426,7.49,-23.24,6.44
0.985738,-0.7027,-0.7969,-0.3401,7.35,-22.40,9.17
0.986335,-0.7071,-0.7979,-0.3387,6.65,-23.73,6.30
0.986335,-0.7100,-0.7950,-0.3396,6.51,-22.82,9.10
0.986925,-0.7105,-0.7901,-0.3421,6.37,-24.85,7.07
0.987522,-0.7091,-0.7857,-0.3460,6.16,-23.24,8.89
0.988119,-0.7110,-0.7881,-0.3470,6.30,-25.62,7.35
0.988717,-0.7188,-0.7886,-0.3450,5.32,-23.73,9.31
0.989314,-0.7237,-0.7891,-0.3494,5.81,-25.97,7.77
0.989911,-0.7252,-0.7842,-0.3489,4.62,-24.15,9.66
0.990508,-0.7261,-0.7803,-0.3445,5.11,-26.81,8.19
0.991105,-0.7291,-0.7832,-0.3465,4.55,-25.13,9.59
0.991702,-0.7300,-0.7842,-0.3465,4.62,-27.23,8.33
0.992299,-0.7300,-0.7867,-0.3421,4.20,-25.69,9.80
0.992897,-0.7369,-0.7901,-0.3431,3.50,-28.07,8.96
0.993494,-0.7408,-0.7901,-0.3479,3.99,-26.81,9.52
0.994091,-0.7422,-0.7896,-0.3470,2.73,-28.42,9.31
0.994688,-0.7501,-0.7925,-0.3455,3.36,-28.00,9.80
0.995285,-0.7549,-0.7940,-0.3465,1.96,-29.05,9.94
0.995882,-0.7569,-0.7950,-0.3494,3.22,-29.12,9.87
0.996480,-0.7627,-0.7979,-0.3494,1.61,-29.75,10.15
0.997077,-0.7710,-0.7984,-0.3445,2.45,-29.61,9.52
0.997077,-0.7735,-0.7974,-0.3440,1.33,-30.66,10.29
0.997667,-0.7759,-0.7993,-0.3518,1.75,-30.10,9.80
0.998264,-0.7813,-0.7984,-0.3538,0.91,-31.85,10.36
0.998861,-0.7857,-0.7974,-0.3475,0.70,-31.29,10.01
0.999459,-0.7886,-0.7984,-0.3465,0.56,-32.41,10.57
1.000056,-0.7910,-0.7954,-0.3494,-0.07,-32.48,9.45
1.000653,-0.7945,-0.7945,-0.3514,0.49,-33.32,10.50
1.001250,-0.7959,-0.7940,-0.3475,-0.84,-33.39,9.52
1.001847,-0.7984,-0.7935,-0.3411,-0.28,-34.02,10.08
1.002444,-0.8023,-0.7969,-0.3440,-1.47,-34.44,9.17
1.003041,-0.8042,-0.7979,-0.3475,-1.05,-34.72,9.87
1.003639,-0.8067,-0.7993,-0.3455,-1.68,-35.14,8.89
1.004236,-0.8076,-0.7954,-0.3465,-1.75,-36.12,9.52
1.004833,-0.8159,-0.7906,-0.3455,-2.59,-36.12,8.40
1.005430,-0.8198,-0.7940,-0.3421,-2.03,-36.96,8.68
1.006027,-0.8194,-0.7984,-0.3431,-3.57,-37.17,7.98
1.006624,-0.8242,-0.7969,-0.3421,-2.66,-38.08,9.03
1.007222,-0.8281,-0.7940,-0.3426,-3.99,-38.29,7.00
1.007819,-0.8320,-0.7935,-0.3455,-3.71,-39.34,7.84
1.008789,-0.8374,-0.7945,-0.3450,-4.13,-39.83,6.79
1.009386,-0.8433,-0.7959,-0.3426,-4.62,-39.48,7.00
1.009983,-0.8481,-0.7954,-0.3401,-4.55,-41.09,5.60
1.010580,-0.8540,-0.7915,-0.3357,-5.74,-40.88,6.51
1.011178,-0.8579,-0.7871,-0.3372,-4.97,-42.49,5.32
1.011775,-0.8599,-0.7837,-0.3387,-6.58,-41.65,5.95
1.012372,-0.8652,-0.7832,-0.3372,-5.67,-43.82,4.27
1.012969,-0.8706,-0.7852,-0.3396,-7.14,-43.12,4.97
1.013566,-0.8750,-0.7837,-0.3396,-6.30,-45.01,3.57
1.014163,-0.8774,-0.7837,-0.3357,-7.98,-44.24,4.48
1.014760,-0.8804,-0.7803,-0.3353,-7.07,-46.06,2.80
1.015358,-0.8847,-0.7764,-0.3353,-8.26,-45.71,3.29
1.015955,-0.8862,-0.7793,-0.3323,-8.12,-47.04,2.45
1.016552,-0.8906,-0.7828,-0.3323,-8.82,-47.18,2.80
1.017149,-0.8960,-0.7832,-0.3338,-8.54,-48.37,1.68
1.017746,-0.9023,-0.7857,-0.3314,-9.59,-48.16,1.89
1.018343,-0.9072,-0.7896,-0.3299,-9.10,-49.84,0.98
1.018941,-0.9087,-0.7920,-0.3255,-10.29,-49.70,1.47
1.019538,-0.9126,-0.7930,-0.3231,-9.94,-51.24,0.56
1.019538,-0.9213,-0.7945,-0.3235,-10.85,-51.59,0.35
1.020128,-0.9272,-0.7998,-0.3240,-10.64,-52.50,0.07
1.020725,-0.9316,-0.8037,-0.3265,-11.41,-52.64,-0.49
1.021322,-0.9389,-0.8057,-0.3235,-11.34,-53.97,-0.63
1.021920,-0.9472,-0.8091,-0.3157,-11.62,-54.46,-1.61
1.022517,-0.9550,-0.8111,-0.3109,-12.39,-54.95,-1.05
1.023114,-0.9604,-0.8135,-0.3138,-11.62,-56.28,-3.01
1.023711,-0.9653,-0.8140,-0.3148,-13.30,-56.56,-1.40
1.024308,-0.9740,-0.8125,-0.3133,-12.04,-57.61,-3.71
1.024905,-0.9843,-0.8159,-0.3148,-13.58,-57.89,-2.24
1.025502,-0.9916,-0.8213,-0.3113,-12.11,-59.64,-4.62
1.026100,-0.9960,-0.8218,-0.3070,-14.14,-59.85,-3.29
1.026697,-1.0033,-0.8242,-0.3079,-12.74,-60.76,-5.81
1.027294,-1.0121,-0.8276,-0.3079,-14.07,-61.53,-4.06
1.027891,-1.0219,-0.8262,-0.3065,-13.09,-63.07,-7.14
1.028488,-1.0316,-0.8281,-0.3040,-14.77,-62.86,-5.04
1.029085,-1.0390,-0.8291,-0.3016,-13.93,-64.68,-7.84
1.029683,-1.0487,-0.8272,-0.2982,-14.84,-65.10,-6.30
1.030280,-1.0594,-0.8296,-0.2996,-14.84,-66.57,-8.54
1.030280,-1.0677,-0.8291,-0.3021,-14.56,-66.85,-7.91
1.030870,-1.0785,-0.8296,-0.3026,-15.61,-68.25,-9.52
1.031467,-1.0887,-0.8276,-0.2991,-14.35,-69.09,-9.31
1.032064,-1.0956,-0.8237,-0.2933,-16.24,-70.14,-10.78
1.032662,-1.1024,-0.8252,-0.2928,-14.63,-71.12,-10.71
1.033259,-1.1102,-0.8252,-0.2933,-16.80,-71.68,-11.76
1.033856,-1.1170,-0.8242,-0.2928,-14.49,-73.57,-12.46
1.034453,-1.1273,-0.8223,-0.2899,-17.01,-73.85,-12.74
1.035050,-1.1370,-0.8223,-0.2899,-14.77,-75.60,-13.65
1.035647,-1.1458,-0.8237,-0.2933,-17.15,-75.88,-14.28
1.036244,-1.1536,-0.8247,-0.2904,-15.47,-77.77,-14.63
1.036842,-1.1590,-0.8233,-0.2933,-17.29,-77.91,-15.68
1.037439,-1.1761,-0.8189,-0.2913,-17.22,-79.73,-16.38
1.038036,-1.1800,-0.8242,-0.2908,-16.03,-82.39,-17.15
1.038633,-1.1873,-0.8276,-0.2899,-17.43,-82.18,-18.27
1.039230,-1.1966,-0.8247,-0.2913,-16.73,-84.35,-18.27
1.039827,-1.2024,-0.8198,-0.2938,-17.36,-85.05,-19.32
1.040425,-1.2102,-0.8179,-0.2913,-17.22,-86.24,-19.95
1.041022,-1.2156,-0.8208,-0.2889,-17.08,-87.78,-20.23
1.041992,-1.2254,-0.8242,-0.2904,-17.78,-88.48,-20.72
1.042589,-1.2371,-0.8296,-0.2933,-17.15,-90.37,-20.79
1.043186,-1.2439,-0.8355,-0.2943,-18.13,-90.44,-22.05
1.043783,-1.2493,-0.8408,-0.2952,-17.22,-93.03,-21.70
1.044381,-1.2571,-0.8452,-0.2948,-18.20,-92.47,-22.89
1.044978,-1.2649,-0.8501,-0.2972,-17.01,-95.90,-22.40
1.045575,-1.2747,-0.8520,-0.2991,-17.99,-94.71,-24.29
1.046172,-1.2873,-0.8540,-0.2982,-16.73,-98.42,-23.10
1.046769,-1.3034,-0.8594,-0.2991,-18.06,-97.23,-24.92
1.047366,-1.3152,-0.8618,-0.2987,-17.78,-99.33,-25.97
1.047963,-1.3269,-0.8638,-0.2962,-16.59,-104.16,-23.45
1.048561,-1.3376,-0.8682,-0.2948,-17.57,-102.69,-26.88
1.049158,-1.3483,-0.8701,-0.2967,-16.87,-106.12,-23.45
1.049755,-1.3581,-0.8711,-0.2957,-17.29,-105.63,-27.44
1.050352,-1.3684,-0.8725,-0.2967,-16.80,-108.50,-23.73
1.050949,-1.3825,-0.8760,-0.3006,-17.01,-108.57,-27.79
1.051546,-1.3976,-0.8750,-0.2977,-16.10,-111.37,-23.94
1.052144,-1.4103,-0.8721,-0.2913,-16.80,-111.58,-28.49
1.052741,-1.4230,-0.8760,-0.2938,-16.17,-113.89,-24.08
1.053711,-1.4376,-0.8813,-0.2987,-16.24,-114.10,-28.63
1.054308,-1.4533,-0.8896,-0.2972,-15.75,-116.48,-24.29
1.054905,-1.4679,-0.8930,-0.2967,-16.17,-117.67,-28.49
1.055502,-1.4830,-0.8930,-0.2943,-15.26,-119.42,-24.29
1.056100,-1.5001,-0.8969,-0.2923,-16.10,-120.54,-28.56
1.056697,-1.5167,-0.9004,-0.2904,-14.70,-122.50,-24.15
1.057294,-1.5304,-0.9048,-0.2874,-15.96,-123.83,-28.14
1.057891,-1.5426,-0.9106,-0.2869,-14.07,-125.44,-24.64
1.058488,-1.5592,-0.9140,-0.2860,-15.89,-127.12,-27.58
1.059085,-1.5733,-0.9140,-0.2884,-13.65,-128.59,-25.27
1.059682,-1.5894,-0.9199,-0.2899,-14.98,-130.13,-27.58
1.060280,-1.6041,-0.9282,-0.2869,-13.02,-131.67,-24.64
1.060877,-1.6172,-0.9292,-0.2894,-14.56,-133.63,-27.16
1.061474,-1.6338,-0.9272,-0.2938,-12.74,-134.96,-24.50
1.062071,-1.6450,-0.9248,-0.2889,-13.44,-136.85,-26.74
1.062668,-1.6587,-0.9233,-0.2811,-12.74,-137.90,-24.01
1.063265,-1.6768,-0.9262,-0.2835,-12.74,-140.98,-25.69
1.063863,-1.6909,-0.9233,-0.2850,-12.11,-141.68,-24.36
1.064460,-1.7031,-0.9194,-0.2840,-12.25,-144.27,-25.34
1.064460,-1.7153,-0.9160,-0.2840,-11.90,-145.04,-23.52
1.065050,-1.7329,-0.9130,-0.2850,-11.55,-147.14,-24.50
1.065647,-1.7524,-0.9091,-0.2855,-11.48,-148.75,-23.03
1.066244,-1.7627,-0.9067,-0.2894,-11.20,-150.92,-23.59
1.066842,-1.7739,-0.9052,-0.2894,-10.64,-152.88,-22.75
1.067439,-1.7856,-0.9111,-0.2845,-10.43,-154.42,-22.82
1.068036,-1.7978,-0.9199,-0.2879,-10.15,-156.38,-22.12
1.068633,-1.8129,-0.9213,-0.2913,-10.22,-158.13,-21.63
1.069230,-1.8193,-0.9243,-0.2889,-9.80,-159.95,-21.56
1.069827,-1.8412,-0.9301,-0.2918,-9.38,-163.80,-21.21
1.070424,-1.8520,-0.9321,-0.2908,-8.68,-165.13,-20.02
1.071022,-1.8671,-0.9331,-0.2948,-8.96,-167.58,-20.09
1.071619,-1.8827,-0.9292,-0.2977,-8.19,-168.21,-19.04
1.072216,-1.8964,-0.9331,-0.2952,-8.54,-171.78,-18.76
1.072813,-1.9091,-0.9399,-0.2952,-7.77,-171.71,-17.85
1.073410,-1.9193,-0.9394,-0.2962,-7.91,-175.70,-18.13
1.074007,-1.9315,-0.9399,-0.2982,-7.28,-175.63,-16.31
1.074605,-1.9486,-0.9453,-0.2957,-7.35,-178.92,-17.29
1.075202,-1.9632,-0.9477,-0.2948,-6.79,-179.90,-15.26
1.076172,-1.9710,-0.9462,-0.2987,-7.07,-182.63,-15.61
1.076769,-1.9823,-0.9443,-0.3016,-6.23,-183.68,-14.07
1.077366,-2.0018,-0.9443,-0.2996,-6.58,-186.13,-14.70
1.077963,-2.0198,-0.9428,-0.2987,-5.67,-187.81,-12.53
1.078561,-2.0350,-0.9365,-0.2952,-6.72,-189.28,-13.02
1.079158,-2.0481,-0.9335,-0.2928,-5.11,-191.80,-11.27
1.079755,-2.0618,-0.9301,-0.2933,-6.16,-193.27,-11.20
1.080352,-2.0750,-0.9233,-0.2952,-4.90,-196.00,-9.94
1.080949,-2.0857,-0.9223,-0.2933,-5.81,-197.05,-9.45
1.081546,-2.0999,-0.9204,-0.2904,-4.55,-199.92,-8.12
1.082143,-2.1277,-0.9150,-0.2913,-4.62,-203.70,-5.67
1.082741,-2.1389,-0.9140,-0.2957,-5.32,-204.54,-5.81
1.083338,-2.1535,-0.9106,-0.2962,-4.41,-207.41,-3.92
1.083935,-2.1638,-0.9052,-0.2952,-5.25,-208.18,-3.50
1.084532,-2.1736,-0.9008,-0.2982,-4.27,-211.33,-2.24
1.085129,-2.1867,-0.8994,-0.2987,-5.39,-212.10,-0.70
1.085726,-2.2009,-0.8926,-0.2987,-4.48,-215.25,-0.14
1.086324,-2.2145,-0.8823,-0.2996,-5.04,-215.88,1.26
1.086921,-2.2263,-0.8804,-0.2996,-4.69,-218.89,2.03
1.087890,-2.2360,-0.8760,-0.2996,-5.32,-219.73,3.71
1.088487,-2.2453,-0.8716,-0.3016,-5.18,-222.18,3.50
1.089084,-2.2541,-0.8696,-0.3045,-5.18,-223.44,5.67
1.089681,-2.2599,-0.8686,-0.3030,-5.88,-225.96,6.30
1.090279,-2.2687,-0.8716,-0.3065,-5.11,-227.01,7.42
1.090876,-2.2804,-0.8740,-0.3104,-6.16,-229.11,8.61
1.091473,-2.2882,-0.8721,-0.3065,-5.04,-230.93,9.73
1.092070,-2.2965,-0.8686,-0.3070,-6.79,-232.68,10.36
1.092667,-2.3092,-0.8706,-0.3099,-5.60,-234.43,12.04
1.093264,-2.3224,-0.8789,-0.3084,-7.00,-235.62,11.76
1.093861,-2.3356,-0.8852,-0.3118,-6.23,-237.93,14.07
1.094459,-2.3497,-0.8901,-0.3148,-7.49,-239.33,13.93
1.095056,-2.3629,-0.8955,-0.3089,-6.93,-240.80,15.68
1.095653,-2.3756,-0.8974,-0.3040,-7.63,-242.55,15.54
1.096250,-2.3863,-0.8969,-0.3099,-7.56,-244.09,17.15
1.096847,-2.3951,-0.8989,-0.3104,-7.98,-246.26,17.43
1.097444,-2.4112,-0.9052,-0.3079,-8.61,-246.96,19.11
1.098042,-2.4249,-0.9126,-0.3094,-8.54,-249.34,19.11
1.098639,-2.4317,-0.9209,-0.3074,-8.89,-249.83,19.67
1.099609,-2.4415,-0.9272,-0.3079,-9.24,-252.28,20.58
1.100206,-2.4527,-0.9331,-0.3099,-9.38,-252.98,21.14
1.100803,-2.4703,-0.9384,-0.3123,-10.15,-255.29,21.56
1.101400,-2.4864,-0.9438,-0.3138,-9.87,-255.71,21.91
1.101998,-2.4981,-0.9443,-0.3128,-10.71,-258.37,22.68
1.102595,-2.5117,-0.9443,-0.3128,-10.92,-258.65,22.82
1.103192,-2.5259,-0.9501,-0.3104,-11.27,-261.03,23.94
1.103789,-2.5342,-0.9579,-0.3118,-11.55,-261.17,23.38
1.104386,-2.5449,-0.9594,-0.3118,-12.11,-263.41,25.48
1.104983,-2.5600,-0.9570,-0.3104,-12.32,-263.62,23.59
1.105580,-2.5683,-0.9560,-0.3070,-13.23,-266.21,26.88
1.106178,-2.5805,-0.9531,-0.3055,-13.16,-266.14,24.22
1.106775,-2.5898,-0.9516,-0.3040,-14.21,-268.24,28.00
1.107372,-2.6015,-0.9550,-0.3026,-13.86,-268.73,24.85
1.107969,-2.6201,-0.9618,-0.2977,-15.12,-270.27,29.19
1.108566,-2.6337,-0.9658,-0.3006,-15.05,-270.90,26.04
1.109163,-2.6459,-0.9648,-0.3035,-15.61,-272.44,30.10
1.109761,-2.6630,-0.9643,-0.2996,-16.38,-272.86,27.23
1.110358,-2.6811,-0.9628,-0.2948,-16.73,-274.19,31.50
1.110358,-2.6967,-0.9589,-0.2928,-17.43,-274.33,28.14
1.110948,-2.7099,-0.9565,-0.2899,-17.43,-276.50,32.62
1.111545,-2.7269,-0.9599,-0.2845,-18.76,-275.73,29.68
1.112142,-2.7455,-0.9614,-0.2801,-18.34,-277.76,33.46
1.112740,-2.7562,-0.9609,-0.2713,-19.95,-277.27,30.87
1.113337,-2.7660,-0.9618,-0.2650,-19.18,-279.09,35.00
1.113934,-2.7811,-0.9618,-0.2577,-21.49,-278.81,32.76
1.114531,-2.8001,-0.9653,-0.2494,-20.09,-280.21,36.26
1.115128,-2.8192,-0.9697,-0.2435,-22.54,-279.93,34.30
1.115725,-2.8392,-0.9731,-0.2338,-21.56,-280.84,37.31
1.116322,-2.8787,-0.9780,-0.2225,-22.68,-281.75,38.36
1.116920,-2.9016,-0.9819,-0.2103,-24.29,-282.31,37.94
1.117517,-2.9275,-0.9882,-0.2015,-24.01,-282.66,39.41
1.118114,-2.9514,-0.9926,-0.1932,-25.06,-282.87,39.55
1.118711,-2.9807,-0.9941,-0.1850,-25.48,-283.15,40.67
1.119308,-3.0149,-1.0014,-0.1752,-26.39,-283.85,41.37
1.119905,-3.0461,-1.0126,-0.1630,-26.67,-283.43,41.86
1.120503,-3.0749,-1.0194,-0.1513,-26.81,-284.27,43.05
1.121100,-3.1022,-1.0243,-0.1425,-27.30,-284.20,42.63
1.122070,-3.1295,-1.0263,-0.1313,-27.72,-284.55,44.52
1.122667,-3.1603,-1.0311,-0.1176,-28.42,-284.55,44.24
1.123264,-3.1876,-1.0394,-0.1049,-28.70,-285.04,46.34
1.123861,-3.2174,-1.0404,-0.0947,-29.33,-284.62,45.36
1.124459,-3.2491,-1.0468,-0.0830,-29.26,-285.32,47.88
1.125056,-3.2706,-1.0516,-0.0703,-30.38,-284.62,46.69
1.125653,-3.2940,-1.0472,-0.0600,-29.75,-285.39,49.63
1.126250,-3.3189,-1.0443,-0.0512,-31.01,-284.90,48.51
1.126847,-3.3394,-1.0404,-0.0439,-30.59,-285.18,51.52
1.127444,-3.3565,-1.0336,-0.0366,-31.57,-284.69,49.98
1.128041,-3.3721,-1.0248,-0.0327,-31.08,-284.69,53.90
1.128639,-3.3896,-1.0160,-0.0259,-32.06,-284.55,52.01
1.129236,-3.4038,-1.0067,-0.0146,-31.92,-284.48,55.79
1.129833,-3.4170,-0.9970,-0.0117,-32.69,-283.92,54.60
1.130430,-3.4306,-0.9867,-0.0102,-32.41,-283.64,58.31
1.131027,-3.4433,-0.9775,-0.0068,-33.32,-282.87,57.12
1.131624,-3.4570,-0.9711,-0.0049,-32.83,-282.73,61.04
1.132222,-3.4692,-0.9614,-0.0029,-33.88,-281.47,59.92
1.132819,-3.4809,-0.9570,-0.0015,-33.32,-281.75,64.19
1.132819,-3.4872,-0.9531,-0.0039,-34.51,-280.21,63.21
1.133409,-3.4912,-0.9453,-0.0020,-33.67,-280.42,67.55
1.134006,-3.4994,-0.9389,-0.0020,-34.72,-278.74,66.71
1.134603,-3.5043,-0.9355,-0.0044,-33.88,-278.18,71.26
1.135201,-3.5068,-0.9326,-0.0039,-35.21,-276.57,70.91
1.135798,-3.5107,-0.9257,-0.0044,-33.88,-276.29,75.04
1.136395,-3.5048,-0.9209,-0.0059,-34.72,-274.19,74.97
1.136992,-3.4994,-0.9179,-0.0098,-34.09,-273.63,79.80
1.137589,-3.5004,-0.9170,-0.0117,-34.65,-271.60,79.87
1.138186,-3.4951,-0.9184,-0.0137,-34.16,-270.27,84.00
1.138783,-3.4892,-0.9213,-0.0102,-34.09,-269.01,84.42
1.139381,-3.4819,-0.9311,-0.0142,-33.67,-264.74,89.46
1.139978,-3.4785,-0.9409,-0.0190,-33.32,-263.69,93.87
1.140575,-3.4702,-0.9501,-0.0210,-32.55,-261.10,94.78
1.141172,-3.4672,-0.9638,-0.0185,-32.41,-259.56,98.91
1.141769,-3.4672,-0.9823,-0.0229,-31.64,-256.97,100.03
1.142366,-3.4594,-0.9975,-0.0268,-31.22,-254.87,103.95
1.142964,-3.4516,-1.0106,-0.0239,-30.03,-252.84,105.63
1.143561,-3.4511,-1.0302,-0.0244,-29.61,-249.83,108.99
1.144531,-3.4467,-1.0502,-0.0215,-28.14,-247.87,111.09
1.145128,-3.4424,-1.0643,-0.0176,-27.72,-245.07,114.45
1.145725,-3.4414,-1.0946,-0.0210,-25.90,-242.69,116.55
1.146322,-3.4409,-1.1136,-0.0166,-25.41,-239.33,119.21
1.146920,-3.4277,-1.1317,-0.0102,-22.89,-237.09,121.66
1.147517,-3.4140,-1.1590,-0.0093,-22.89,-234.01,124.32
1.148114,-3.4121,-1.1775,0.1171,-19.81,-231.35,127.05
1.148711,-3.4087,-1.1922,0.0015,-19.67,-227.50,129.43
1.149308,-3.4018,-1.2122,0.0039,-16.94,-224.84,132.23
1.149905,-3.3984,-1.2415,0.0054,-15.47,-221.83,133.70
1.150502,-3.3965,-1.2634,0.0181,-13.72,-217.63,136.57
1.151100,-3.3921,-1.2986,0.0220,-11.27,-215.18,138.18
1.151697,-3.3862,-1.3176,0.0254,-9.73,-210.49,140.49
1.152294,-3.3789,-1.3327,0.0332,-6.51,-208.53,142.24
1.152891,-3.3721,-1.3605,0.0449,-5.18,-203.70,144.69
1.153488,-3.3657,-1.3815,0.0527,-1.75,-201.04,146.02
1.154085,-3.3560,-1.4040,0.0610,-0.42,-196.21,148.96
1.154683,-3.3452,-1.4313,0.0664,3.36,-193.34,148.89
1.155280,-3.3394,-1.4425,0.0732,5.11,-187.95,152.32
1.155280,-3.3316,-1.4450,0.0864,8.75,-185.43,151.76
1.155870,-3.3243,-1.4523,0.0947,10.85,-180.53,155.82
1.156467,-3.3164,-1.4547,0.1083,14.14,-177.17,154.70
1.157064,-3.3077,-1.4664,0.1215,17.08,-172.55,158.97
1.157662,-3.2950,-1.4821,0.1264,19.74,-168.35,157.15
1.158259,-3.2803,-1.4918,0.1347,23.45,-163.80,161.42
1.158856,-3.2706,-1.5011,0.1444,25.48,-159.67,159.60
1.159453,-3.2676,-1.5060,0.1537,30.17,-155.47,163.73
1.160050,-3.2608,-1.5035,0.1649,31.50,-150.92,162.19
1.160647,-3.2520,-1.5035,0.1771,36.75,-146.02,165.62
1.161244,-3.2452,-1.5079,0.1884,38.15,-141.75,164.29
1.161842,-3.2369,-1.5138,0.1991,43.05,-136.36,167.86
1.162439,-3.2242,-1.5138,0.2094,44.45,-132.51,166.46
1.163036,-3.2110,-1.5094,0.2181,49.98,-127.19,169.61
1.163633,-3.2003,-1.4977,0.2269,50.96,-122.57,168.35
1.164230,-3.1803,-1.4664,0.2401,56.84,-117.32,170.52
1.164827,-3.1637,-1.4279,0.2489,57.68,-113.12,170.52
1.165425,-3.1505,-1.3967,0.2533,63.21,-107.31,172.55
1.166022,-3.1471,-1.3762,0.2689,64.26,-102.69,173.39
1.166992,-3.1456,-1.3698,0.2830,69.23,-97.02,173.88
1.167589,-3.1295,-1.3688,0.2874,70.63,-93.45,175.42
1.168186,-3.1066,-1.3566,0.2962,75.11,-86.66,174.93
1.168783,-3.0866,-1.3308,0.3065,77.63,-82.95,178.01
1.169381,-3.0759,-1.2976,0.3162,81.20,-75.53,177.17
1.169978,-3.0700,-1.2586,0.3270,84.14,-72.10,181.02
1.170575,-3.0607,-1.2273,0.3401,86.73,-65.66,178.92
1.171172,-3.0466,-1.2073,0.3611,90.30,-61.25,183.47
1.171769,-3.0197,-1.1736,0.3733,96.11,-49.84,185.85
1.172366,-3.0046,-1.1580,0.3855,98.00,-44.87,185.57
1.172963,-2.9919,-1.1326,0.3933,101.71,-38.57,188.72
1.173561,-2.9827,-1.1019,0.4075,103.53,-34.02,189.35
1.174158,-2.9695,-1.0731,0.4216,107.10,-27.23,191.94
1.174755,-2.9558,-1.0507,0.4299,108.71,-23.10,192.71
1.175352,-2.9392,-1.0326,0.4421,111.93,-15.75,195.93
1.175949,-2.9251,-1.0126,0.4509,113.82,-11.97,196.84
1.176546,-2.9163,-0.9945,0.4582,116.62,-5.11,200.76
1.177144,-2.9056,-0.9745,0.4699,118.79,-0.49,201.39
1.177741,-2.8904,-0.9487,0.4778,121.38,6.23,205.24
1.178711,-2.8772,-0.9199,0.4831,123.34,11.20,206.15
1.179308,-2.8631,-0.8935,0.4865,125.86,17.36,210.70
1.179905,-2.8460,-0.8677,0.4885,127.54,22.61,210.98
1.180502,-2.8299,-0.8457,0.4943,130.34,28.70,216.23
1.181100,-2.8114,-0.8272,0.5012,131.04,34.02,216.58
1.181697,-2.7977,-0.8067,0.5065,134.40,39.90,221.76
1.182294,-2.7831,-0.7906,0.5119,135.03,45.78,222.18
1.182891,-2.7665,-0.7720,0.5119,138.18,51.59,227.57
1.183488,-2.7401,-0.7403,0.5070,141.54,62.86,233.52
1.184085,-2.7274,-0.7300,0.5031,142.10,68.88,234.01
1.184682,-2.7167,-0.7218,0.4992,144.55,74.97,239.68
1.185280,-2.7055,-0.7227,0.4978,145.81,80.15,240.24
1.185877,-2.6918,-0.7208,0.4948,147.35,86.59,245.49
1.186474,-2.6796,-0.7174,0.4919,149.17,91.56,246.68
1.187071,-2.6708,-0.7125,0.4904,150.08,98.21,251.23
1.187668,-2.6601,-0.7110,0.4856,152.32,102.90,252.91
1.188265,-2.6474,-0.7110,0.4826,153.16,109.69,256.97
1.188863,-2.6357,-0.7100,0.4773,155.19,114.38,259.14
1.189460,-2.6269,-0.7159,0.4695,155.89,120.96,262.99
1.191406,-2.5893,-0.7383,0.4577,161.91,142.94,274.47
1.192003,-2.5810,-0.7388,0.4548,163.31,148.61,276.43
1.192600,-2.5747,-0.7383,0.4529,164.50,155.33,280.28
1.193197,-2.5640,-0.7462,0.4529,165.90,159.46,282.24
1.193795,-2.5552,-0.7540,0.4529,167.72,166.04,284.97
1.194392,-2.5464,-0.7593,0.4509,169.05,170.87,286.65
1.194989,-2.5352,-0.7666,0.4568,170.31,176.75,290.22
1.195586,-2.5254,-0.7759,0.4553,171.15,181.65,291.48
1.196183,-2.5176,-0.7867,0.4499,173.32,187.46,294.42
1.196780,-2.5059,-0.7915,0.4519,173.88,192.78,295.75
1.197378,-2.4898,-0.7964,0.4538,176.05,198.52,298.97
1.197975,-2.4717,-0.8032,0.4553,176.26,203.28,299.67
1.198572,-2.4581,-0.8091,0.4563,178.43,209.23,302.54
1.199169,-2.4459,-0.8111,0.4538,178.71,214.27,303.45
1.199766,-2.4273,-0.8140,0.4524,181.23,220.15,306.32
1.200363,-2.4073,-0.8189,0.4514,181.02,224.91,307.02
1.200960,-2.3853,-0.8213,0.4455,183.75,230.44,309.40
1.201558,-2.3609,-0.8237,0.4416,183.47,235.76,310.87
1.202155,-2.3365,-0.8296,0.4382,186.13,241.64,312.69
1.203125,-2.3097,-0.8359,0.4304,185.92,246.54,314.16
1.203722,-2.2648,-0.8467,0.4207,188.58,257.39,317.73
1.204319,-2.2389,-0.8555,0.4099,189.70,262.92,319.76
1.204916,-2.1887,-0.8677,0.4016,191.59,273.84,323.12
1.205514,-2.1667,-0.8730,0.3933,193.06,279.30,324.59
1.206111,-2.1413,-0.8804,0.3826,193.48,284.34,326.90
1.206708,-2.1121,-0.8852,0.3728,194.95,290.57,328.79
1.207305,-2.0862,-0.8896,0.3660,195.51,295.19,330.47
1.207902,-2.0657,-0.8940,0.3592,197.26,301.42,332.71
1.208499,-2.0437,-0.9023,0.3479,197.33,306.25,333.83
1.209097,-2.0213,-0.9057,0.3392,198.94,311.99,337.05
1.209694,-1.9998,-0.9087,0.3338,198.80,316.96,338.10
1.210291,-1.9798,-0.9145,0.3240,200.90,322.84,341.04
1.210888,-1.9603,-0.9155,0.3152,200.55,327.88,342.30
1.211485,-1.9418,-0.9228,0.3079,202.51,333.55,344.75
1.212082,-1.9232,-0.9335,0.2991,202.37,338.17,346.36
1.212679,-1.9056,-0.9374,0.2899,203.91,344.61,348.39
1.213277,-1.8856,-0.9423,0.2826,203.98,348.81,350.14
1.213874,-1.8617,-0.9506,0.2826,205.38,355.04,351.96
1.214844,-1.8446,-0.9565,0.2640,205.59,359.31,353.78
1.215441,-1.8115,-0.9555,0.2582,206.64,365.12,357.00
1.216038,-1.7905,-0.9628,0.2508,207.90,375.20,358.75
1.216635,-1.7714,-0.9711,0.2411,209.16,380.03,359.94
1.217233,-1.7524,-0.9784,0.2357,208.95,385.91,362.18
1.217830,-1.7314,-0.9882,0.2255,210.07,390.18,362.88
1.218427,-1.7139,-0.9975,0.2142,210.56,395.64,364.98
1.219024,-1.6909,-1.0043,0.2079,210.77,400.40,366.03
1.219621,-1.6670,-1.0072,0.2025,211.75,405.86,367.64
1.220218,-1.6475,-1.0097,0.1957,211.96,410.41,368.69
1.220816,-1.6241,-1.0155,0.1918,212.73,415.66,370.65
1.221413,-1.6094,-1.0194,0.1879,212.80,420.56,371.14
1.222010,-1.5909,-1.0150,0.1801,214.06,425.25,373.03
1.222607,-1.5679,-1.0136,0.1752,213.50,430.15,373.80
1.223204,-1.5499,-1.0209,0.1684,214.55,435.19,375.34
1.223801,-1.5245,-1.0272,0.1615,214.27,439.46,376.25
1.224398,-1.5016,-1.0282,0.1552,215.18,444.99,377.44
1.224996,-1.4816,-1.0321,0.1454,214.97,449.12,379.12
1.225593,-1.4635,-1.0385,0.1420,215.74,454.58,379.33
1.226562,-1.4459,-1.0438,0.1376,215.60,458.43,381.64
1.227159,-1.4215,-1.0453,0.1293,215.67,463.33,382.06
1.227756,-1.3971,-1.0458,0.1230,216.16,468.23,383.46
1.228353,-1.3757,-1.0453,0.1200,216.23,472.36,384.79
1.228951,-1.3552,-1.0463,0.1166,216.86,476.49,385.14
1.229548,-1.3332,-1.0502,0.1161,215.74,481.81,387.59
1.230145,-1.3108,-1.0512,0.1171,217.00,485.80,388.01
1.230742,-1.2820,-1.0551,0.1152,215.81,491.19,389.90
1.231339,-1.2586,-1.0580,0.1122,216.65,495.04,390.32
1.231936,-1.2385,-1.0599,0.1181,215.81,500.22,392.21
1.232534,-1.2195,-1.0624,0.1200,216.58,503.79,392.70
1.233131,-1.2029,-1.0707,0.1196,215.88,509.18,394.52
1.233728,-1.1814,-1.0824,0.1293,216.16,513.10,394.59
1.234325,-1.1600,-1.0902,0.1342,215.67,517.72,396.34
1.234922,-1.1405,-1.0980,0.1391,215.25,521.92,396.27
1.235519,-1.1185,-1.1126,0.1444,215.46,526.54,398.09
1.236116,-1.0951,-1.1302,0.1498,214.69,531.16,397.53
1.236714,-1.0746,-1.1409,0.1576,215.32,534.94,399.21
1.237311,-1.0555,-1.1546,0.1601,214.13,539.63,398.65
1.237311,-1.0360,-1.1722,0.1684,214.62,543.27,399.91
1.237902,-0.9862,-1.2112,0.1723,214.20,551.74,400.26
1.238499,-0.9623,-1.2293,0.1776,212.45,557.06,399.49
1.239096,-0.9453,-1.2459,0.1830,213.50,560.21,399.70
1.239694,-0.9287,-1.2683,0.1879,211.61,565.11,399.07
1.240291,-0.9135,-1.2854,0.1893,212.73,568.26,398.93
1.240888,-0.8921,-1.2976,0.1898,210.70,573.51,398.02
1.241485,-0.8730,-1.3161,0.1898,211.47,576.31,398.23
1.242082,-0.8628,-1.3361,0.1889,209.86,581.21,397.04
1.242679,-0.8477,-1.3503,0.1893,210.42,583.94,396.97
1.243277,-0.8291,-1.3620,0.1845,208.81,588.35,395.92
1.243874,-0.8179,-1.3766,0.1815,209.02,591.57,395.36
1.244471,-0.8081,-1.3864,0.1815,208.18,595.77,394.80
1.245068,-0.7930,-1.3908,0.1786,207.41,599.41,393.26
1.245665,-0.7740,-1.3947,0.1767,206.85,603.05,393.26
1.246262,-0.7535,-1.3937,0.1791,205.66,606.27,391.86
1.246859,-0.7330,-1.3874,0.1830,205.73,609.91,391.23
1.247457,-0.7130,-1.3815,0.1835,203.35,613.13,390.25
1.248054,-0.6934,-1.3781,0.1845,204.26,617.05,389.76
1.249023,-0.6690,-1.3713,0.1864,201.88,619.78,389.06
1.249620,-0.6183,-1.3562,0.1879,199.57,627.27,386.47
1.250217,-0.5973,-1.3513,0.1908,198.87,629.86,387.52
1.250814,-0.5783,-1.3469,0.1923,197.19,634.13,384.93
1.251412,-0.5558,-1.3361,0.2001,196.21,636.51,386.61
1.252009,-0.5305,-1.3274,0.2030,194.18,640.64,383.46
1.252606,-0.5124,-1.3166,0.2001,193.41,642.74,385.35
1.253203,-0.4919,-1.3054,0.2011,191.24,647.36,382.55
1.253800,-0.4680,-1.3000,0.2040,190.12,649.46,384.09
1.254397,-0.4441,-1.2912,0.2079,187.88,653.52,381.99
1.254995,-0.4163,-1.2839,0.2118,186.62,655.90,383.53
1.255592,-0.3850,-1.2839,0.2133,184.31,659.47,380.80
1.256189,-0.3543,-1.2795,0.2142,183.12,662.41,382.62
1.256786,-0.3265,-1.2683,0.2142,180.25,666.19,381.08
1.257383,-0.2991,-1.2586,0.2128,178.92,669.06,381.50
1.257980,-0.2718,-1.2522,0.2133,176.40,672.14,380.80
1.258577,-0.2435,-1.2439,0.2128,174.51,675.85,380.80
1.259175,-0.2157,-1.2390,0.2098,172.20,678.72,380.59
1.259772,-0.1898,-1.2356,0.2147,170.45,682.50,380.17
1.260742,-0.1362,-1.2229,0.2172,167.72,689.15,379.75
1.261339,-0.1152,-1.2254,0.2235,163.73,691.81,380.59
1.261936,-0.0976,-1.2278,0.2264,160.93,695.45,378.84
1.262533,-0.0766,-1.2278,0.2284,158.55,698.81,379.89
1.263131,-0.0547,-1.2332,0.2342,155.89,702.03,378.14
1.263728,-0.0342,-1.2385,0.2445,154.21,705.25,378.91
1.264325,-0.0137,-1.2415,0.2523,150.85,708.75,377.16
1.264922,0.0049,-1.2444,0.2630,149.52,712.18,377.65
1.265519,0.0195,-1.2503,0.2708,145.60,715.26,375.34
1.266116,0.0337,-1.2595,0.2738,144.34,718.83,376.18
1.266714,0.0512,-1.2712,0.2782,140.77,721.91,373.17
1.267311,0.0669,-1.2844,0.2845,139.23,725.62,373.80
1.267908,0.0732,-1.2961,0.2913,135.52,728.42,370.44
1.268505,0.0771,-1.3083,0.2982,134.33,731.92,370.30
1.269102,0.0869,-1.3200,0.3026,130.69,734.65,367.29
1.269699,0.0952,-1.3293,0.3079,128.66,738.50,366.94
1.270296,0.0981,-1.3357,0.3128,125.86,740.67,363.02
1.270894,0.1059,-1.3376,0.3138,123.34,744.73,362.11
1.271491,0.1196,-1.3449,0.3152,120.82,746.48,358.82
1.272461,0.1269,-1.3562,0.3167,118.09,751.03,356.93
1.273058,0.1225,-1.3576,0.3172,112.77,756.84,350.98
1.273655,0.1147,-1.3615,0.3192,110.53,758.45,347.27
1.274252,0.1044,-1.3615,0.3255,107.17,763.07,343.98
1.274850,0.0922,-1.3635,0.3377,105.28,763.98,340.48
1.275447,0.0791,-1.3674,0.3504,101.85,768.74,336.56
1.276044,0.0620,-1.3771,0.3665,100.24,769.44,331.94
1.276641,0.0478,-1.3937,0.3865,95.97,774.13,328.37
1.277238,0.0332,-1.4098,0.4104,95.20,775.25,323.19
1.277835,0.0176,-1.4303,0.4358,91.00,778.75,319.06
1.278433,0.0034,-1.4562,0.4616,89.11,780.50,312.62
1.279030,-0.0132,-1.4830,0.4948,85.54,783.58,308.77
1.279627,-0.0327,-1.5138,0.5280,83.44,786.03,301.42
1.280224,-0.0488,-1.5455,0.5607,80.85,787.92,297.22
1.280821,-0.0566,-1.5787,0.5915,77.98,790.37,289.38
1.281418,-0.0688,-1.6133,0.6188,75.88,792.12,284.83
1.282015,-0.0791,-1.6490,0.6534,72.87,794.57,276.08
1.282613,-0.0913,-1.6929,0.6866,71.05,796.32,271.32
1.283210,-0.1074,-1.7378,0.7188,67.90,798.35,262.57
1.284180,-0.1220,-1.7841,0.7496,66.01,800.03,256.41
1.284777,-0.1347,-1.9598,0.8130,62.93,801.71,248.08
1.285374,-0.1601,-1.9247,0.8413,58.31,805.00,232.26
1.285971,-0.1771,-1.9666,0.8638,56.49,805.63,225.75
1.286569,-0.1957,-2.0062,0.8886,54.04,808.15,215.32
1.287166,-0.2162,-2.0418,0.9126,52.08,808.36,209.72
1.287763,-0.2372,-2.0701,0.9345,50.61,809.55,197.96
1.288360,-0.2635,-2.0921,0.9536,47.53,809.97,192.92
1.288957,-0.2928,-2.1160,0.9706,45.99,810.67,180.81
1.289554,-0.3211,-2.1418,0.9872,43.19,811.09,175.35
1.290152,-0.3470,-2.1648,1.0014,41.65,811.44,163.87
1.290749,-0.3748,-2.1784,1.0097,38.71,810.81,158.20
1.291346,-0.4065,-2.1843,1.0185,37.45,811.16,146.65
1.291943,-0.4368,-2.1838,1.0282,34.44,810.25,141.19
1.292540,-0.4631,-2.1843,1.0355,32.90,810.67,129.85
1.293137,-0.4860,-2.1877,1.0453,30.24,809.13,124.39
1.293734,-0.5119,-2.1833,1.0507,28.21,808.78,113.89
1.294332,-0.5334,-2.1745,1.0541,26.11,807.73,108.43
1.294929,-0.5553,-2.1648,1.0570,23.17,806.54,98.98
1.295898,-0.5758,-2.1511,1.0585,21.77,804.93,93.66
1.296495,-0.5963,-2.1389,1.0687,18.48,803.60,84.49
1.297092,-0.6163,-2.1282,1.0829,17.01,801.92,79.80
1.297689,-0.6281,-2.1130,1.0926,13.86,799.89,71.82
1.298287,-0.6432,-2.0974,1.1004,12.32,798.35,66.71
1.298884,-0.6539,-2.0823,1.1107,8.47,796.11,60.69
1.299481,-0.6617,-2.0642,1.1229,7.84,793.80,55.44
1.300078,-0.6720,-2.0437,1.1380,3.71,790.86,50.75
1.300675,-0.6769,-2.0257,1.1536,3.15,789.25,45.78
1.301272,-0.6847,-2.0081,1.1717,-1.26,786.24,41.86
1.301870,-0.6934,-1.9876,1.1941,-1.89,784.14,37.52
1.302467,-0.6978,-1.9735,1.2176,-5.81,780.64,34.79
1.303064,-0.6993,-1.9632,1.2415,-7.14,778.68,30.66
1.303661,-0.6998,-1.9510,1.2654,-10.36,774.41,28.63
1.304258,-0.7037,-1.9354,1.2917,-12.53,772.87,25.55
1.304855,-0.7096,-1.9208,1.3186,-14.77,768.39,24.57
1.305452,-0.7144,-1.9076,1.3479,-17.22,766.22,21.70
1.306050,-0.7232,-1.8871,1.4069,-19.25,761.88,21.14
1.306647,-0.7276,-1.8817,1.4337,-23.66,755.37,18.41
1.307617,-0.7344,-1.8759,1.4645,-26.67,751.87,17.36
1.308214,-0.7393,-1.8646,1.4904,-28.00,748.16,16.52
1.308811,-0.7383,-1.8495,1.5118,-30.94,744.52,16.45
1.309408,-0.7403,-1.8373,1.5372,-31.99,740.25,16.31
1.310006,-0.7427,-1.8276,1.5601,-35.14,736.75,16.10
1.310603,-0.7466,-1.8173,1.5855,-35.70,732.34,16.03
1.311200,-0.7491,-1.8066,1.6075,-39.34,728.77,16.03
1.311797,-0.7491,-1.7983,1.6260,-39.90,724.01,16.31
1.312394,-0.7466,-1.7875,1.6446,-42.77,720.30,16.87
1.312991,-0.7442,-1.7700,1.6533,-43.75,715.40,16.87
1.313589,-0.7398,-1.7485,1.6670,-46.20,711.41,17.36
1.314186,-0.7379,-1.7280,1.6773,-47.39,706.72,17.50
1.314783,-0.7310,-1.7075,1.6802,-49.70,702.66,18.41
1.315380,-0.7188,-1.6870,1.6899,-51.66,697.97,18.34
1.315977,-0.7091,-1.6665,1.6929,-52.50,693.28,19.88
1.316574,-0.6983,-1.6504,1.6953,-55.09,688.80,20.16
1.317171,-0.6895,-1.6328,1.7017,-55.79,683.76,21.35
1.317769,-0.6788,-1.6099,1.7017,-58.10,679.63,21.91
1.318366,-0.6681,-1.5865,1.7124,-58.52,674.17,23.73
1.318366,-0.6437,-1.5450,1.7158,-61.18,670.39,23.31
1.318956,-0.6237,-1.5274,1.7178,-64.26,660.87,25.83
1.319553,-0.6041,-1.5099,1.7202,-64.47,654.01,28.84
1.320150,-0.5880,-1.4899,1.7207,-67.48,651.42,28.84
1.320748,-0.5671,-1.4689,1.7222,-67.27,644.91,31.50
1.321345,-0.5388,-1.4533,1.7319,-69.93,641.27,32.76
1.321942,-0.5090,-1.4406,1.7373,-70.00,635.53,35.00
1.322539,-0.4778,-1.4225,1.7383,-72.10,631.54,36.33
1.323136,-0.4475,-1.4079,1.7407,-72.59,626.01,38.71
1.323733,-0.4138,-1.3952,1.7461,-73.99,621.39,40.53
1.324331,-0.3772,-1.3830,1.7500,-74.97,616.84,42.70
1.324928,-0.3372,-1.3688,1.7495,-75.81,611.87,45.15
1.325525,-0.3001,-1.3581,1.7568,-77.35,607.74,47.04
1.326122,-0.2718,-1.3474,1.7641,-77.91,603.12,48.93
1.326719,-0.2430,-1.3376,1.7710,-79.17,598.01,51.17
1.327316,-0.2054,-1.3332,1.7778,-79.73,594.37,53.76
1.327913,-0.1669,-1.3269,1.7792,-80.85,589.54,55.37
1.328511,-0.1352,-1.3186,1.7817,-81.27,585.20,58.10
1.329108,-0.1025,-1.3142,1.7905,-82.11,581.00,59.85
1.330078,-0.0688,-1.3088,1.8027,-82.60,577.08,61.74
1.330675,-0.0376,-1.2986,1.8090,-83.23,572.11,63.42
1.331272,-0.0098,-1.2912,1.8134,-83.79,568.26,65.17
1.331869,0.0190,-1.2873,1.8207,-84.28,564.34,66.50
1.332467,0.0508,-1.2776,1.8251,-84.84,560.21,68.11
1.333064,0.0752,-1.2659,1.8305,-85.12,556.29,68.81
1.333661,0.0956,-1.2590,1.8402,-85.26,552.23,70.00
1.334258,0.1215,-1.2493,1.8466,-85.82,548.59,70.49
1.334855,0.1474,-1.2429,1.8495,-86.10,544.53,71.05
1.335452,0.1645,-1.2346,1.8593,-86.03,540.54,71.40
1.336050,0.1815,-1.2268,1.8661,-86.80,536.90,71.40
1.336647,0.2001,-1.2215,1.8686,-86.59,532.98,70.98
1.337244,0.2167,-1.2127,1.8710,-87.15,528.99,70.98
1.337841,0.2342,-1.2063,1.8764,-86.66,525.91,69.58
1.338438,0.2518,-1.1927,1.8768,-87.36,521.15,69.37
1.339035,0.2669,-1.1800,1.8710,-87.01,518.00,67.06
1.339632,0.2811,-1.1717,1.8729,-87.43,513.59,67.20
1.340230,0.2987,-1.1600,1.8754,-87.15,510.16,64.05
1.340827,0.3182,-1.1463,1.8710,-87.43,506.17,63.49
1.340827,0.3328,-1.1346,1.8632,-87.01,502.60,60.27
1.341417,0.3460,-1.1263,1.8573,-87.43,498.54,59.43
1.342014,0.3621,-1.1126,1.8539,-86.66,494.69,55.51
1.342611,0.3787,-1.0975,1.8466,-87.29,491.26,54.81
1.343209,0.3924,-1.0868,1.8388,-86.59,486.78,50.61
1.343806,0.4075,-1.0726,1.8329,-86.94,483.91,50.26
1.344403,0.4197,-1.0619,1.8256,-86.10,478.87,45.57
1.345000,0.4236,-1.0526,1.8217,-86.38,475.93,45.36
1.345597,0.4333,-1.0336,1.8198,-86.10,471.10,40.18
1.346194,0.4441,-1.0160,1.8178,-85.61,468.09,41.09
1.346792,0.4460,-1.0028,1.8183,-85.82,463.40,34.93
1.347389,0.4475,-0.9887,1.8163,-84.84,460.18,36.33
1.347986,0.4494,-0.9784,1.8163,-85.47,455.56,30.17
1.348583,0.4475,-0.9697,1.8227,-83.93,452.06,31.57
1.349180,0.4460,-0.9599,1.8320,-85.12,447.16,25.76
1.349777,0.4470,-0.9540,1.8373,-83.09,443.66,27.30
1.350374,0.4470,-0.9492,1.8437,-84.14,439.04,22.05
1.350972,0.4451,-0.9404,1.8651,-81.90,435.40,22.54
1.351569,0.4470,-0.9331,1.8764,-80.99,426.93,18.83
1.352539,0.4446,-0.9223,1.9022,-81.55,421.96,14.14
1.353136,0.4421,-0.9101,1.9022,-79.94,418.04,14.35
1.353733,0.4392,-0.8974,1.9169,-80.29,413.42,10.22
1.354330,0.4368,-0.8867,1.9256,-78.54,409.01,10.57
1.354928,0.4353,-0.8794,1.9300,-78.61,404.18,6.51
1.355525,0.4372,-0.8721,1.9403,-77.63,399.70,6.65
1.356122,0.4387,-0.8686,1.9481,-76.72,395.22,2.80
1.356719,0.4377,-0.8701,1.9549,-75.95,390.25,2.73
1.357316,0.4368,-0.8672,1.9613,-74.76,385.98,-1.40
1.357913,0.4382,-0.8642,1.9652,-74.27,380.87,-1.47
1.358511,0.4368,-0.8560,1.9735,-72.45,376.60,-5.60
1.359108,0.4348,-0.8379,1.9769,-72.52,371.42,-5.95
1.359705,0.4314,-0.8247,1.9788,-70.28,366.87,-9.94
1.360302,0.4250,-0.8150,1.9818,-69.86,361.62,-11.13
1.360899,0.4231,-0.8008,1.9901,-68.32,356.86,-14.14
1.361496,0.4182,-0.7876,1.9969,-67.83,351.75,-16.10
1.362093,0.4085,-0.7740,1.9979,-66.29,346.64,-19.11
1.362691,0.4036,-0.7584,2.0047,-65.45,341.60,-21.00
1.363288,0.3982,-0.7432,2.0062,-64.05,336.63,-24.01
1.365234,0.3782,-0.7032,2.0164,-60.20,319.27,-31.64
1.365831,0.3699,-0.6837,2.0247,-59.15,314.65,-34.58
1.366428,0.3636,-0.6617,2.0276,-58.45,309.40,-36.26
1.367025,0.3562,-0.6403,2.0232,-56.70,303.31,-38.43
1.367623,0.3460,-0.6173,2.0203,-55.72,298.41,-42.14
1.368220,0.3421,-0.5968,2.0232,-54.81,291.97,-41.93
1.368817,0.3372,-0.5788,2.0301,-53.06,286.02,-46.34
1.369414,0.3279,-0.5568,2.0286,-51.94,280.56,-46.90
1.370011,0.3196,-0.5378,2.0296,-50.75,274.47,-49.91
1.370608,0.3123,-0.5187,2.0369,-49.14,268.59,-50.40
1.371206,0.3011,-0.4948,2.0437,-47.95,261.94,-53.13
1.371803,0.2913,-0.4714,2.0506,-46.34,256.20,-53.20
1.372400,0.2840,-0.4514,2.0540,-45.71,249.90,-56.00
1.372997,0.2743,-0.4250,2.0569,-43.89,243.81,-55.51
1.373594,0.2547,-0.3753,2.0686,-43.12,231.00,-56.77
1.374191,0.2474,-0.3572,2.0774,-40.67,224.35,-58.94
1.374788,0.2396,-0.3392,2.0842,-38.85,218.12,-57.05
1.375386,0.2289,-0.3221,2.0911,-38.08,211.26,-59.15
1.375983,0.2211,-0.3035,2.1004,-36.54,205.10,-56.91
1.376953,0.2147,-0.2840,2.1130,-35.49,197.54,-58.45
1.377550,0.2040,-0.2713,2.1213,-33.81,191.73,-55.37
1.378147,0.1976,-0.2567,2.1296,-32.48,184.38,-57.61
1.378744,0.1869,-0.2435,2.1418,-31.22,178.29,-53.13
1.379342,0.1732,-0.2318,2.1492,-29.82,170.24,-55.37
1.379939,0.1601,-0.2186,2.1565,-28.42,164.57,-50.75
1.380536,0.1464,-0.2064,2.1662,-27.30,156.24,-52.01
1.381133,0.1376,-0.1918,2.1736,-25.55,150.01,-48.09
1.381730,0.1283,-0.1732,2.1789,-25.27,142.38,-48.37
1.382327,0.1157,-0.1576,2.1877,-22.54,136.08,-44.73
1.382925,0.1025,-0.1469,2.1950,-22.47,127.96,-45.08
1.383522,0.0888,-0.1376,2.1989,-19.32,121.45,-40.81
1.384119,0.0727,-0.1200,2.2038,-19.95,113.96,-40.46
1.384716,0.0610,-0.0996,2.2097,-16.80,107.17,-36.82
1.385313,0.0483,-0.0888,2.2087,-17.01,98.63,-36.05
1.385910,0.0303,-0.0756,2.2014,-14.00,92.19,-32.48
1.386508,0.0156,-0.0595,2.1960,-14.28,83.79,-30.94
1.387105,0.0020,-0.0425,2.1940,-11.27,76.93,-28.42
1.387702,-0.0176,-0.0215,2.1926,-11.41,68.81,-26.53
1.387702,-0.0337,-0.0044,2.1887,-8.61,61.81,-23.38
1.388292,-0.0473,0.0107,2.1828,-8.40,53.97,-21.63
1.388889,-0.0634,0.0322,2.1736,-6.37,46.48,-19.11
1.389486,-0.0800,0.0498,2.1662,-6.16,38.92,-16.17
1.390084,-0.0971,0.0664,2.1579,-4.20,30.80,-14.28
1.390681,-0.1074,0.0810,2.1443,-3.15,23.45,-11.55
1.391278,-0.1152,0.0908,2.1350,-1.75,14.70,-9.24
1.391875,-0.1269,0.1064,2.1282,-0.56,7.49,-6.23
1.392472,-0.1405,0.1293,2.1204,0.42,-0.77,-4.06
1.393069,-0.1537,0.1464,2.1096,2.03,-8.12,-0.98
1.393667,-0.1645,0.1606,2.0969,2.17,-16.17,0.70
1.394264,-0.1728,0.1781,2.0847,4.41,-24.08,4.83
1.394861,-0.1810,0.1903,2.0750,4.20,-32.27,6.30
1.395458,-0.1864,0.2040,2.0657,6.86,-39.76,10.08
1.396055,-0.1889,0.2196,2.0530,5.88,-48.09,12.11
1.396652,-0.1957,0.2323,2.0423,9.17,-55.65,15.33
1.397249,-0.2006,0.2406,2.0320,7.91,-63.98,17.78
1.397847,-0.2035,0.2503,2.0228,11.13,-71.47,21.35
1.398444,-0.2025,0.2621,2.0140,9.59,-79.66,23.94
1.398444,-0.2020,0.2674,2.0003,12.81,-87.15,27.09
1.399034,-0.2054,0.2762,1.9886,12.18,-95.55,29.82
1.399631,-0.2050,0.2860,1.9779,13.93,-101.99,33.46
1.400228,-0.2006,0.2874,1.9652,14.07,-111.37,36.26
1.400826,-0.1947,0.2928,1.9559,15.61,-117.46,39.27
1.401423,-0.1874,0.2948,1.9447,16.10,-126.84,43.05
1.402020,-0.1830,0.2962,1.9320,16.94,-132.58,45.29
1.402617,-0.1771,0.3011,1.9217,18.06,-142.24,50.12
1.403214,-0.1684,0.2987,1.9110,18.13,-147.56,52.08
1.403811,-0.1610,0.2938,1.8954,19.95,-157.29,56.21
1.404409,-0.1518,0.2943,1.8837,19.11,-162.33,59.22
1.405006,-0.1444,0.2943,1.8778,21.77,-172.13,63.14
1.405603,-0.1352,0.2894,1.8686,20.44,-177.17,65.87
1.406200,-0.1215,0.2835,1.8544,23.38,-186.27,69.51
1.406797,-0.1010,0.2640,1.8241,22.26,-191.45,72.24
1.407394,-0.0825,0.2547,1.8119,23.80,-205.10,78.68
1.407991,-0.0664,0.2503,1.7997,25.97,-214.20,82.11
1.408589,-0.0498,0.2484,1.7856,25.41,-219.52,84.91
1.409186,-0.0317,0.2494,1.7719,26.95,-227.08,88.34
1.410156,-0.0142,0.2513,1.7548,27.16,-232.82,91.00
1.410753,0.0044,0.2494,1.7397,28.00,-239.33,93.59
1.411350,0.0210,0.2406,1.7275,28.35,-245.77,96.39
1.411947,0.0415,0.2298,1.7100,29.12,-252.21,99.40
1.412545,0.0600,0.2167,1.6890,29.82,-258.30,102.06
1.413142,0.0756,0.2030,1.6685,30.38,-264.39,104.30
1.413739,0.0947,0.1957,1.6533,31.22,-270.13,107.03
1.414336,0.1108,0.1879,1.6343,31.64,-276.08,109.48
1.414933,0.1220,0.1767,1.6124,32.41,-281.82,111.79
1.415530,0.1347,0.1718,1.5967,33.04,-287.35,113.68
1.416128,0.1493,0.1659,1.5792,33.88,-293.02,115.92
1.416725,0.1645,0.1547,1.5572,33.74,-297.85,118.44
1.417322,0.1801,0.1430,1.5392,35.63,-303.66,119.70
1.417919,0.1962,0.1308,1.5255,35.00,-308.91,122.36
1.418516,0.2094,0.1181,1.5118,36.75,-313.95,123.83
1.419113,0.2186,0.1069,1.4918,36.47,-318.99,125.30
1.419710,0.2298,0.0956,1.4689,38.36,-323.54,126.70
1.420308,0.2469,0.0815,1.4503,37.80,-329.28,129.08
1.420905,0.2621,0.0639,1.4303,39.69,-333.13,129.43
1.421875,0.2728,0.0464,1.3932,39.06,-338.38,132.44
1.422472,0.2850,0.0273,1.3932,40.74,-342.51,132.23
1.423069,0.3016,0.0049,1.3752,40.46,-347.34,134.54
1.423666,0.3152,-0.0176,1.3522,41.93,-351.40,134.68
1.424264,0.3279,-0.0390,1.3376,42.35,-356.02,136.64
1.424861,0.3382,-0.0610,1.3205,43.33,-359.80,136.92
1.425458,0.3509,-0.0898,1.3010,44.10,-364.21,138.39
1.426055,0.3680,-0.1186,1.2849,44.80,-367.43,138.39
1.426652,0.3811,-0.1469,1.2703,46.13,-372.05,139.65
1.427249,0.3977,-0.1757,1.2561,46.20,-374.99,139.72
1.427847,0.4168,-0.2015,1.2444,48.37,-379.54,140.63
1.428444,0.4397,-0.2303,1.2307,47.88,-382.13,140.98
1.429041,0.4656,-0.2596,1.2171,50.05,-386.61,141.40
1.429638,0.4846,-0.2879,1.2122,49.63,-388.85,141.26
1.430235,0.5041,-0.3138,1.2044,51.94,-393.12,141.82
1.430832,0.5314,-0.3357,1.1956,51.59,-395.08,140.77
1.431429,0.5617,-0.3567,1.1839,54.25,-398.51,140.63
1.432027,0.5929,-0.3772,1.1697,53.83,-401.17,140.84
1.432624,0.6227,-0.3982,1.1570,55.93,-403.62,139.93
1.432624,0.6539,-0.4187,1.1458,55.65,-406.35,139.65
1.433214,0.6925,-0.4353,1.1370,57.89,-408.59,137.90
1.433811,0.7315,-0.4563,1.1253,58.52,-410.90,137.97
1.434408,0.7696,-0.4778,1.1122,59.64,-412.79,136.01
1.435006,0.8067,-0.4992,1.0990,60.76,-414.75,135.66
1.435603,0.8355,-0.5236,1.0878,61.32,-416.29,133.56
1.436200,0.8677,-0.5466,1.0770,63.21,-418.25,132.93
1.436797,0.8989,-0.5666,1.0668,63.35,-419.44,129.99
1.437394,0.9248,-0.5871,1.0580,65.73,-421.19,129.99
1.437991,0.9540,-0.6071,1.0502,65.31,-422.31,126.70
1.438589,0.9838,-0.6242,1.0424,67.83,-423.43,126.28
1.439186,1.0116,-0.6456,1.0326,67.48,-424.48,122.43
1.439783,1.0336,-0.6681,1.0219,69.72,-425.46,122.08
1.440380,1.0541,-0.6856,1.0097,70.21,-426.37,118.02
1.440977,1.0780,-0.7032,1.0004,71.96,-427.35,117.67
1.441574,1.1185,-0.7422,0.9877,72.31,-427.35,113.33
1.442171,1.1336,-0.7574,0.9770,74.55,-428.75,108.50
1.442769,1.1517,-0.7730,0.9692,76.44,-429.17,107.52
1.443366,1.1673,-0.7920,0.9658,77.00,-429.31,102.48
1.444336,1.1790,-0.8130,0.9599,78.47,-430.29,102.06
1.444933,1.1863,-0.8320,0.9516,79.03,-429.80,96.95
1.445530,1.1936,-0.8520,0.9433,80.71,-430.71,96.32
1.446127,1.2015,-0.8691,0.9379,81.34,-429.80,91.07
1.446725,1.2088,-0.8852,0.9257,83.23,-430.78,89.95
1.447322,1.2180,-0.9033,0.9140,83.65,-430.01,84.84
1.447919,1.2244,-0.9189,0.9130,85.33,-430.50,84.00
1.448516,1.2317,-0.9355,0.9067,86.38,-430.15,78.61
1.449113,1.2376,-0.9531,0.8984,87.43,-430.08,77.28
1.449710,1.2366,-0.9692,0.8960,89.25,-429.66,72.03
1.450308,1.2381,-0.9862,0.8877,89.74,-429.73,70.70
1.450905,1.2395,-1.0038,0.8818,91.35,-428.96,65.59
1.451502,1.2400,-1.0194,0.8784,91.98,-429.59,63.84
1.452099,1.2405,-1.0365,0.8769,93.45,-428.47,58.73
1.452696,1.2395,-1.0512,0.8725,93.80,-428.40,56.91
1.453293,1.2424,-1.0648,0.8618,95.83,-427.91,52.15
1.453890,1.2424,-1.0814,0.8638,96.53,-427.70,49.91
1.454488,1.2405,-1.0985,0.8633,97.79,-426.86,45.50
1.455085,1.2390,-1.1180,0.8603,98.84,-427.35,43.05
1.455085,1.2385,-1.1341,0.8584,100.10,-425.81,38.22
1.455675,1.2390,-1.1478,0.8569,101.22,-426.30,36.05
1.456272,1.2395,-1.1639,0.8594,102.06,-424.69,31.15
1.456869,1.2371,-1.1839,0.8603,103.74,-425.11,29.12
1.457467,1.2351,-1.2024,0.8613,103.95,-423.57,23.66
1.458064,1.2317,-1.2166,0.8623,105.91,-424.06,22.26
1.458661,1.2278,-1.2342,0.8642,105.98,-422.03,16.80
1.459258,1.2283,-1.2459,0.8677,108.22,-422.87,14.77
1.459855,1.2302,-1.2576,0.8691,107.66,-421.05,9.17
1.460452,1.2278,-1.2732,0.8701,110.18,-421.26,7.63
1.461050,1.2224,-1.2854,0.8755,109.83,-420.00,1.96
1.461647,1.2171,-1.2981,0.8833,112.07,-419.86,-0.21
1.462244,1.2137,-1.3093,0.8916,111.65,-418.39,-5.11
1.462841,1.2098,-1.3196,0.9004,113.82,-418.32,-8.12
1.463438,1.2078,-1.3327,0.9052,113.68,-417.20,-12.88
1.464035,1.2093,-1.3454,0.9101,115.08,-416.64,-16.03
1.464632,1.2063,-1.3532,0.9150,115.64,-415.73,-20.93
1.465230,1.2034,-1.3610,0.9218,116.27,-415.03,-23.80
1.465827,1.2015,-1.3688,0.9311,116.90,-414.47,-28.91
1.465827,1.1966,-1.3757,0.9331,117.46,-413.70,-32.69
1.466417,1.1927,-1.3849,0.9379,118.58,-412.72,-37.45
1.467014,1.1897,-1.3923,0.9448,118.86,-412.30,-42.28
1.467611,1.1839,-1.3971,0.9457,119.84,-411.11,-45.71
1.468209,1.1775,-1.3991,0.9477,119.91,-410.76,-51.17
1.468806,1.1732,-1.4059,0.9531,120.61,-409.64,-54.88
1.469403,1.1678,-1.4093,0.9550,120.68,-409.08,-59.85
1.470000,1.1624,-1.4025,0.9506,121.59,-408.52,-63.77
1.470597,1.1546,-1.4064,0.9545,121.31,-407.33,-69.86
1.471194,1.1439,-1.4132,0.9550,122.22,-406.84,-73.15
1.471792,1.1361,-1.4108,0.9536,121.94,-405.65,-79.87
1.472389,1.1287,-1.4089,0.9589,122.99,-405.58,-82.53
1.472986,1.1161,-1.4113,0.9575,122.29,-404.53,-89.32
1.473583,1.1009,-1.4132,0.9555,123.20,-404.18,-91.77
1.474180,1.0907,-1.4123,0.9584,122.64,-403.20,-99.05
1.474777,1.0814,-1.4191,0.9594,123.06,-402.78,-101.78
1.475374,1.0663,-1.4284,0.9579,122.50,-401.66,-108.71
1.475972,1.0541,-1.4323,0.9584,123.20,-401.73,-111.23
1.476569,1.0487,-1.4381,0.9594,122.78,-400.68,-118.30
1.477539,1.0209,-1.4479,0.9526,122.85,-401.03,-128.17
1.478136,1.0092,-1.4547,0.9555,122.71,-399.77,-130.34
1.478733,0.9999,-1.4601,0.9609,122.50,-398.44,-137.41
1.479330,0.9882,-1.4606,0.9628,122.29,-398.37,-139.58
1.479928,0.9736,-1.4664,0.9609,122.29,-397.88,-146.58
1.480525,0.9614,-1.4713,0.9618,121.38,-397.53,-148.68
1.481122,0.9521,-1.4718,0.9638,121.73,-396.97,-155.54
1.481719,0.9462,-1.4723,0.9701,121.03,-396.76,-158.34
1.482316,0.9335,-1.4757,0.9740,120.89,-396.34,-164.43
1.482913,0.9170,-1.4762,0.9760,120.82,-395.99,-167.79
1.483511,0.9018,-1.4762,0.9819,120.05,-395.29,-173.53
1.484108,0.8891,-1.4752,0.9892,120.12,-395.29,-176.61
1.484705,0.8764,-1.4703,0.9926,119.28,-395.15,-182.42
1.485302,0.8594,-1.4664,0.9931,119.14,-394.52,-185.57
1.485899,0.8418,-1.4616,0.9984,118.44,-394.59,-191.17
1.486496,0.8252,-1.4577,1.0019,117.95,-394.73,-194.39
1.487093,0.8067,-1.4538,1.0063,117.18,-393.96,-199.99
1.487691,0.7901,-1.4503,1.0150,116.55,-394.17,-202.86
1.488288,0.7745,-1.4430,1.0185,116.41,-394.17,-208.88
1.489258,0.7554,-1.4376,1.0199,115.92,-394.24,-211.47
1.489855,0.7364,-1.4333,1.0228,114.80,-394.45,-217.00
1.490452,0.7174,-1.4254,1.0321,114.31,-394.38,-220.36
1.491049,0.6974,-1.4176,1.0370,113.68,-394.52,-225.12
1.491647,0.6769,-1.4064,1.0380,112.98,-394.66,-228.41
1.492244,0.6598,-1.3981,1.0409,112.14,-395.15,-233.03
1.492841,0.6373,-1.3898,1.0438,111.23,-395.08,-236.04
1.493438,0.6090,-1.3830,1.0438,110.67,-395.64,-241.50
1.494035,0.5846,-1.3732,1.0448,109.27,-395.71,-243.60
1.494632,0.5632,-1.3620,1.0512,108.99,-396.55,-248.36
1.495230,0.5383,-1.3562,1.0516,107.66,-397.18,-251.02
1.495827,0.5085,-1.3430,1.0482,107.38,-397.81,-255.50
1.496424,0.4831,-1.3283,1.0516,105.91,-398.23,-257.60
1.497021,0.4577,-1.3196,1.0531,105.84,-399.00,-262.15
1.497618,0.4285,-1.3088,1.0565,103.88,-399.63,-263.48
1.498215,0.4026,-1.2922,1.0565,103.95,-401.24,-268.59
1.498812,0.3777,-1.2761,1.0536,102.13,-401.52,-269.64
1.499410,0.3523,-1.2600,1.0565,101.78,-403.13,-274.33
1.500007,0.3309,-1.2449,1.0551,100.17,-403.48,-274.61
1.500007,0.3021,-1.2366,1.0580,99.75,-405.51,-279.37
1.500597,0.2713,-1.2249,1.0609,98.42,-406.00,-279.30
1.501194,0.2460,-1.2127,1.0536,97.58,-407.82,-284.27
1.501791,0.2225,-1.2073,1.0502,96.25,-408.66,-283.57
1.502389,0.1976,-1.2010,1.0507,94.92,-410.20,-288.05
1.502986,0.1728,-1.1936,1.0497,94.92,-411.81,-288.19
1.503583,0.1488,-1.1824,1.0463,92.47,-413.07,-291.20
1.504180,0.1220,-1.1727,1.0438,93.17,-414.82,-291.90
1.504777,0.0981,-1.1683,1.0429,90.44,-416.08,-294.35
1.505374,0.0781,-1.1590,1.0370,90.93,-417.76,-294.91
1.505972,0.0620,-1.1492,1.0350,88.34,-419.65,-296.94
1.506569,0.0449,-1.1414,1.0355,88.76,-421.12,-297.57
1.507166,0.0278,-1.1302,1.0263,86.31,-423.29,-299.53
1.507763,0.0137,-1.1141,1.0194,87.08,-424.27,-300.44
1.508360,-0.0005,-1.0995,1.0185,84.28,-426.93,-301.84
1.508957,-0.0137,-1.0897,1.0150,84.98,-427.98,-303.24
1.509554,-0.0273,-1.0824,1.0106,82.46,-430.22,-303.52
1.510152,-0.0400,-1.0756,1.0053,82.88,-431.90,-305.69
1.510749,-0.0508,-1.0677,1.0004,80.50,-434.07,-305.48
1.510749,-0.0815,-1.0604,0.9882,80.50,-434.70,-308.28
1.511339,-0.0942,-1.0575,0.9862,78.68,-438.41,-310.59
1.511936,-0.1030,-1.0590,0.9780,77.07,-441.63,-307.79
1.512533,-0.1122,-1.0599,0.9667,76.51,-442.47,-312.20
1.513131,-0.1259,-1.0624,0.9618,75.60,-444.36,-309.40
1.513728,-0.1371,-1.0648,0.9511,75.11,-446.67,-314.02
1.514325,-0.1464,-1.0687,0.9355,74.34,-448.14,-310.80
1.514922,-0.1586,-1.0736,0.9262,73.43,-450.24,-314.86
1.515519,-0.1732,-1.0814,0.9155,72.73,-451.71,-311.78
1.516116,-0.1825,-1.0892,0.9013,72.03,-453.81,-315.91
1.516714,-0.1884,-1.0917,0.8862,72.10,-455.07,-313.04
1.517311,-0.2011,-1.0975,0.8730,70.70,-457.31,-316.75
1.517908,-0.2113,-1.1063,0.8603,70.98,-458.50,-313.88
1.518505,-0.2147,-1.1141,0.8452,69.79,-461.16,-317.24
1.519102,-0.2167,-1.1287,0.8335,70.35,-462.35,-315.00
1.519699,-0.2235,-1.1448,0.8208,68.74,-464.73,-317.73
1.520296,-0.2313,-1.1570,0.8013,70.14,-465.71,-315.00
1.520894,-0.2352,-1.1644,0.7818,68.11,-468.65,-317.59
1.521491,-0.2396,-1.1756,0.7652,69.51,-468.86,-315.07
1.522461,-0.2474,-1.1917,0.7496,68.04,-471.59,-317.03
1.523058,-0.2547,-1.2073,0.7335,69.37,-472.01,-314.65
1.523655,-0.2635,-1.2244,0.7164,67.83,-474.88,-316.47
1.524252,-0.2738,-1.2346,0.7013,68.95,-474.81,-314.37
1.524850,-0.2816,-1.2449,0.6866,68.18,-478.38,-316.05
1.525447,-0.2894,-1.2615,0.6695,68.88,-478.45,-313.04
1.526044,-0.2928,-1.2727,0.6500,68.39,-481.67,-315.14
1.526641,-0.3026,-1.2849,0.6310,69.09,-481.53,-311.99
1.527238,-0.3182,-1.2966,0.6120,68.67,-483.98,-313.95
1.527835,-0.3304,-1.3030,0.5939,69.44,-484.82,-310.17
1.528433,-0.3387,-1.3078,0.5754,69.16,-487.13,-311.99
1.529030,-0.3475,-1.3132,0.5573,70.14,-487.62,-308.56
1.529627,-0.3577,-1.3181,0.5422,69.79,-490.35,-309.96
1.530224,-0.3670,-1.3186,0.5261,70.56,-490.56,-306.81
1.530821,-0.3797,-1.3230,0.4914,70.35,-492.87,-307.44
1.531418,-0.3943,-1.3230,0.4773,71.05,-494.76,-305.06
1.532015,-0.4036,-1.3161,0.4670,71.61,-496.79,-301.42
1.532613,-0.4104,-1.3117,0.4480,71.68,-497.35,-303.38
1.533210,-0.4172,-1.3034,0.4270,71.68,-499.17,-298.48
1.534180,-0.4280,-1.2956,0.4153,72.31,-499.73,-300.30
1.534777,-0.4421,-1.2834,0.4021,71.96,-501.69,-295.33
1.535374,-0.4519,-1.2732,0.3870,72.80,-502.18,-298.20
1.535971,-0.4597,-1.2693,0.3699,72.24,-503.72,-292.67
1.536569,-0.4685,-1.2634,0.3577,73.08,-504.56,-295.47
1.537166,-0.4768,-1.2581,0.3465,72.38,-505.89,-289.80
1.537763,-0.4895,-1.2507,0.3279,72.94,-506.94,-293.09
1.538360,-0.5026,-1.2395,0.3148,72.94,-508.41,-287.63
1.538957,-0.5144,-1.2283,0.3060,72.45,-508.13,-290.78
1.539554,-0.5295,-1.2224,0.2972,73.29,-510.23,-285.25
1.540152,-0.5456,-1.2180,0.2845,72.24,-510.44,-288.26
1.540749,-0.5592,-1.2122,0.2679,73.29,-511.84,-282.87
1.541346,-0.5729,-1.2054,0.2557,71.47,-512.54,-285.81
1.541943,-0.5866,-1.1966,0.2347,73.29,-513.59,-280.91
1.542540,-0.6183,-1.1741,0.2196,72.66,-515.13,-279.23
1.543137,-0.6544,-1.1639,0.2108,72.10,-516.74,-277.48
1.543734,-0.6671,-1.1502,0.1976,70.21,-518.21,-277.83
1.544332,-0.6769,-1.1409,0.1825,71.19,-518.21,-275.94
1.544929,-0.6925,-1.1326,0.1728,69.30,-519.68,-274.96
1.546875,-0.7081,-1.1200,0.1649,70.14,-520.03,-273.77
1.547472,-0.7164,-1.1073,0.1566,68.74,-520.87,-272.23
1.548069,-0.7261,-1.0941,0.1435,69.16,-521.50,-271.81
1.548666,-0.7408,-1.0809,0.1352,67.41,-522.27,-269.36
1.549264,-0.7496,-1.0716,0.1288,67.27,-522.34,-269.22
1.549861,-0.7603,-1.0634,0.1166,66.29,-523.67,-266.35
1.550458,-0.7759,-1.0580,0.1108,66.08,-523.74,-266.14
1.551055,-0.7896,-1.0536,0.1054,64.82,-524.93,-263.06
1.551652,-0.8008,-1.0468,0.0966,63.98,-524.86,-263.48
1.552249,-0.8120,-1.0433,0.0922,63.63,-526.12,-259.77
1.552847,-0.8291,-1.0409,0.0888,62.44,-525.84,-260.96
1.553444,-0.8457,-1.0424,0.0820,62.02,-527.45,-256.06
1.554041,-0.8638,-1.0448,0.0708,59.92,-526.96,-257.60
1.554638,-0.8852,-1.0433,0.0625,60.20,-528.08,-251.79
1.555235,-0.9033,-1.0424,0.0610,58.03,-527.73,-254.59
1.555832,-0.9257,-1.0433,0.0630,58.03,-528.50,-248.36
1.556430,-0.9506,-1.0429,0.0595,55.58,-529.06,-250.60
1.557027,-0.9726,-1.0429,0.0522,56.07,-529.06,-244.79
1.557624,-0.9984,-1.0443,0.0537,53.76,-530.60,-246.89
1.557624,-1.0238,-1.0453,0.0537,53.55,-529.90,-240.59
1.558214,-1.0492,-1.0463,0.0498,51.38,-532.07,-242.76
1.558811,-1.0760,-1.0487,0.0512,51.17,-530.74,-237.02
1.559408,-1.1014,-1.0541,0.0468,48.93,-532.91,-238.35
1.560006,-1.1297,-1.0585,0.0400,48.72,-531.93,-233.03
1.560603,-1.1600,-1.0702,0.0386,46.27,-534.17,-234.36
1.561200,-1.1902,-1.0887,0.0351,46.83,-532.84,-229.11
1.561797,-1.2205,-1.1024,0.0322,43.75,-535.43,-229.88
1.562394,-1.2522,-1.1107,0.0312,44.10,-533.96,-225.40
1.562991,-1.2854,-1.1195,0.0244,41.09,-536.83,-225.75
1.563589,-1.3186,-1.1258,0.0161,41.51,-535.01,-220.92
1.564186,-1.3532,-1.1297,0.0107,38.43,-538.37,-221.62
1.564783,-1.3879,-1.1307,-0.0112,38.85,-536.97,-216.86
1.565380,-1.4479,-1.1224,-0.0161,36.05,-539.00,-213.22
1.565977,-1.4816,-1.1180,-0.0176,33.46,-540.82,-213.78
1.566574,-1.5152,-1.1131,-0.0268,32.97,-540.61,-209.37
1.567171,-1.5426,-1.1048,-0.0342,30.87,-542.78,-209.93
1.567769,-1.5709,-1.0960,-0.0405,29.54,-542.36,-205.87
1.568366,-1.6006,-1.0946,-0.0449,27.93,-544.39,-207.27
1.569336,-1.6255,-1.0956,-0.0488,26.32,-544.04,-202.65
1.569933,-1.6524,-1.0921,-0.0581,25.06,-546.21,-204.05
1.570530,-1.6797,-1.0882,-0.0639,22.61,-545.79,-200.13
1.571127,-1.7070,-1.0878,-0.0688,22.12,-548.31,-201.46
1.571725,-1.7407,-1.0882,-0.0722,19.25,-547.40,-197.96
1.572322,-1.7680,-1.0931,-0.0742,18.90,-549.92,-199.22
1.572919,-1.7988,-1.0951,-0.0810,15.89,-549.29,-195.79
1.573516,-1.8300,-1.0985,-0.0859,15.61,-551.39,-197.40
1.574113,-1.8598,-1.1097,-0.0864,12.11,-550.76,-193.34
1.574710,-1.8930,-1.1204,-0.0834,12.18,-553.49,-195.65
1.575308,-1.9247,-1.1302,-0.0849,9.31,-553.14,-192.22
1.575905,-1.9593,-1.1429,-0.0903,8.47,-554.96,-193.55
1.576502,-2.1223,-1.1566,-0.0927,6.02,-554.96,-190.82
1.577099,-2.0677,-1.1775,-0.0932,2.94,-557.27,-190.19
1.577696,-2.1038,-1.1878,-0.0908,1.40,-559.02,-190.05
1.578293,-2.1448,-1.2005,-0.0874,-0.35,-559.09,-189.14
1.578890,-2.1814,-1.2156,-0.0859,-1.89,-561.05,-188.30
1.579488,-2.2189,-1.2302,-0.0869,-3.64,-560.70,-188.23
1.580085,-2.2585,-1.2405,-0.0869,-5.46,-563.78,-186.55
1.581055,-2.2936,-1.2473,-0.0844,-6.65,-563.15,-187.11
1.581652,-2.3317,-1.2551,-0.0795,-8.61,-565.88,-184.87
1.582249,-2.3668,-1.2595,-0.0839,-10.15,-564.90,-185.71
1.582846,-2.3995,-1.2625,-0.0913,-11.76,-568.54,-183.61
1.583444,-2.4332,-1.2673,-0.0893,-13.30,-567.14,-184.73
1.584041,-2.4634,-1.2644,-0.0893,-15.26,-570.92,-182.14
1.584638,-2.4927,-1.2610,-0.0908,-16.87,-569.80,-183.19
1.585235,-2.5210,-1.2576,-0.0927,-18.55,-572.81,-180.53
1.585832,-2.5439,-1.2478,-0.0956,-20.16,-572.46,-182.42
1.586429,-2.5635,-1.2376,-0.0981,-22.19,-574.91,-179.06
1.587027,-2.5820,-1.2224,-0.1005,-23.52,-574.49,-181.51
1.587624,-2.5942,-1.2049,-0.0986,-26.11,-577.22,-177.10
1.588221,-2.6064,-1.1888,-0.0996,-27.44,-576.38,-180.46
1.588818,-2.6230,-1.1702,-0.1078,-29.75,-579.74,-175.77
1.589415,-2.6332,-1.1566,-0.1078,-31.64,-577.85,-179.48
1.590012,-2.6459,-1.1468,-0.1064,-33.88,-581.42,-174.16
1.590610,-2.6484,-1.1346,-0.1035,-35.84,-579.74,-178.36
1.591207,-2.6411,-1.1195,-0.1059,-37.59,-582.47,-173.81
1.591804,-2.6401,-1.1024,-0.1088,-40.53,-581.00,-177.73
1.591804,-2.6391,-1.0878,-0.1098,-41.79,-583.73,-173.11
1.592394,-2.6411,-1.0716,-0.1098,-45.08,-582.05,-176.82
1.592991,-2.6425,-1.0555,-0.1103,-46.06,-584.22,-173.11
1.593588,-2.6391,-1.0385,-0.1078,-49.56,-583.03,-176.47
1.594186,-2.6352,-1.0238,-0.1054,-51.10,-584.22,-172.69
1.594783,-2.6362,-1.0092,-0.1030,-54.32,-583.80,-176.47
1.595380,-2.6401,-0.9960,-0.1020,-56.00,-584.01,-173.11
1.595977,-2.6376,-0.9887,-0.1039,-59.15,-584.50,-176.61
1.596574,-2.6323,-0.9775,-0.1015,-61.18,-582.96,-173.46
1.597171,-2.6274,-0.9653,-0.0942,-63.77,-584.50,-176.82
1.597769,-2.6225,-0.9516,-0.0874,-66.01,-582.61,-174.23
1.598366,-2.6157,-0.9370,-0.0839,-69.16,-583.52,-177.24
1.598963,-2.6030,-0.9179,-0.0830,-73.99,-582.68,-178.57
1.599560,-2.6001,-0.9043,-0.0795,-76.44,-580.58,-175.42
1.600157,-2.6001,-0.9004,-0.0791,-79.24,-581.21,-179.13
1.600754,-2.6040,-0.8984,-0.0771,-81.62,-578.48,-175.91
1.601351,-2.6069,-0.8950,-0.0693,-84.35,-579.74,-179.76
1.601949,-2.6049,-0.8930,-0.0639,-86.73,-576.59,-176.75
1.602546,-2.6030,-0.8886,-0.0595,-89.39,-577.50,-179.83
1.603515,-2.6030,-0.8852,-0.0600,-92.05,-574.42,-177.45
1.604112,-2.6045,-0.8843,-0.0595,-94.36,-575.26,-179.69
1.604709,-2.6030,-0.8862,-0.0571,-96.88,-571.90,-178.29
1.605306,-2.5991,-0.8862,-0.0586,-99.61,-572.60,-179.62
1.605904,-2.5952,-0.8847,-0.0551,-102.06,-568.89,-178.85
1.606501,-2.5913,-0.8862,-0.0517,-104.72,-569.38,-179.34
1.607098,-2.5879,-0.8872,-0.0517,-106.96,-566.16,-179.34
1.607695,-2.5801,-0.8862,-0.0522,-109.90,-565.67,-178.64
1.608292,-2.5722,-0.8818,-0.0547,-111.51,-562.52,-179.55
1.608889,-2.5615,-0.8779,-0.0595,-115.08,-562.31,-178.08
1.609487,-2.5264,-0.8628,-0.0620,-116.13,-558.60,-179.41
1.610084,-2.5073,-0.8589,-0.0664,-121.03,-555.31,-179.41
1.610681,-2.4961,-0.8520,-0.0712,-124.25,-553.21,-177.24
1.611278,-2.4839,-0.8467,-0.0781,-125.93,-549.78,-179.20
1.611875,-2.4712,-0.8398,-0.0878,-129.08,-548.31,-176.33
1.612472,-2.4634,-0.8359,-0.0976,-130.90,-544.67,-178.99
1.613070,-2.4429,-0.8350,-0.1059,-133.56,-543.06,-176.05
1.613667,-2.4224,-0.8267,-0.1118,-135.66,-538.65,-179.13
1.614264,-2.4039,-0.8174,-0.1181,-137.62,-537.32,-175.91
1.615234,-2.3736,-0.8101,-0.1254,-140.42,-532.56,-178.99
1.615831,-2.3473,-0.8057,-0.1303,-141.96,-530.88,-175.70
1.616428,-2.3224,-0.8096,-0.1362,-145.11,-525.84,-179.13
1.617025,-2.2887,-0.8135,-0.1532,-146.09,-524.09,-175.56
1.617623,-2.2609,-0.8106,-0.1620,-149.17,-519.19,-179.41
1.618220,-2.2321,-0.8130,-0.1596,-150.64,-516.25,-175.28
1.618817,-2.1955,-0.8198,-0.1645,-152.88,-511.42,-179.55
1.619414,-2.1677,-0.8223,-0.1669,-154.49,-508.06,-175.49
1.620011,-2.1394,-0.8252,-0.1723,-156.94,-503.44,-179.76
1.620608,-2.1057,-0.8311,-0.1835,-158.27,-499.10,-175.98
1.621206,-2.0755,-0.8374,-0.1874,-160.09,-494.83,-179.97
1.621803,-2.0462,-0.8516,-0.1874,-161.63,-490.21,-176.61
1.622400,-2.0159,-0.8672,-0.1884,-163.73,-485.66,-180.46
1.622997,-1.9813,-0.8818,-0.1893,-164.99,-480.62,-177.45
1.623594,-1.9476,-0.8999,-0.1928,-166.39,-476.63,-181.23
1.624191,-1.9149,-0.9170,-0.1928,-167.86,-470.75,-178.50
1.624789,-1.8842,-0.9345,-0.1923,-169.40,-465.64,-182.42
1.625386,-1.8544,-0.9555,-0.1981,-169.96,-460.88,-179.41
1.625983,-1.8261,-0.9775,-0.2035,-171.99,-455.35,-182.77
1.625983,-1.8119,-0.9984,-0.1962,-171.92,-450.03,-180.32
1.626573,-1.7993,-1.0180,-0.1903,-173.88,-444.08,-183.47
1.627170,-1.7778,-1.0438,-0.1937,-173.25,-439.18,-181.93
1.627767,-1.7558,-1.0682,-0.1937,-175.70,-432.74,-184.38
1.628365,-1.7368,-1.0882,-0.1893,-174.86,-427.49,-182.98
1.628962,-1.7217,-1.1131,-0.1859,-176.47,-421.47,-185.64
1.629559,-1.7070,-1.1361,-0.1815,-176.12,-415.66,-184.31
1.630156,-1.6934,-1.1600,-0.1776,-176.82,-409.92,-186.48
1.630753,-1.6812,-1.1849,-0.1747,-176.96,-403.62,-185.29
1.631350,-1.6670,-1.2083,-0.1698,-176.75,-397.81,-188.09
1.631948,-1.6533,-1.2293,-0.1625,-177.52,-391.23,-186.27
1.632545,-1.6372,-1.2493,-0.1557,-176.47,-385.91,-188.72
1.633142,-1.6255,-1.2678,-0.1508,-177.45,-378.49,-187.81
1.633739,-1.6172,-1.2849,-0.1425,-175.98,-373.03,-189.49
1.634336,-1.6050,-1.3074,-0.1332,-177.10,-366.03,-189.07
1.634933,-1.5933,-1.3308,-0.1303,-175.28,-361.13,-190.12
1.635530,-1.5816,-1.3508,-0.1249,-176.40,-352.94,-189.98
1.636128,-1.5767,-1.3776,-0.1186,-174.02,-347.97,-191.03
1.636725,-1.5728,-1.4010,-0.1118,-175.14,-340.20,-191.59
1.637695,-1.5636,-1.4220,-0.1069,-172.55,-334.95,-191.73
1.638292,-1.5567,-1.4430,-0.1049,-173.11,-327.39,-192.08
1.638889,-1.5528,-1.4606,-0.1020,-170.80,-321.51,-192.99
1.639486,-1.5518,-1.4767,-0.1015,-171.08,-314.51,-193.20
1.640084,-1.5484,-1.4928,-0.0986,-169.05,-308.35,-194.18
1.640681,-1.5450,-1.5123,-0.0917,-168.98,-300.86,-194.39
1.641278,-1.5435,-1.5309,-0.0854,-166.81,-295.26,-195.23
1.641875,-1.5431,-1.5440,-0.0786,-166.18,-287.77,-196.14
1.642472,-1.5411,-1.5509,-0.0703,-164.43,-282.03,-196.63
1.643069,-1.5392,-1.5601,-0.0664,-163.31,-274.61,-197.89
1.643667,-1.5382,-1.5709,-0.0649,-161.84,-268.80,-198.03
1.644264,-1.5411,-1.5801,-0.0517,-160.16,-261.73,-199.57
1.644861,-1.5421,-1.5875,-0.0434,-157.08,-248.36,-201.11
1.645458,-1.5445,-1.5982,-0.0346,-156.38,-243.18,-201.18
1.646055,-1.5411,-1.6075,-0.0307,-153.72,-234.99,-203.35
1.646652,-1.5396,-1.6099,-0.0268,-153.16,-230.16,-203.07
1.647250,-1.5406,-1.6128,-0.0185,-150.36,-222.11,-205.80
1.647847,-1.5396,-1.6182,-0.0132,-149.73,-217.35,-204.68
1.648444,-1.5450,-1.6192,-0.0078,-146.86,-209.02,-207.90
1.648444,-1.5470,-1.6236,0.0005,-145.95,-204.61,-207.13
1.649034,-1.5440,-1.6285,0.0078,-143.99,-196.28,-209.51
1.649631,-1.5455,-1.6353,0.0142,-142.31,-192.08,-209.37
1.650228,-1.5484,-1.6426,0.0166,-140.21,-184.10,-211.61
1.650826,-1.5528,-1.6465,0.0215,-138.67,-179.13,-211.47
1.651423,-1.5577,-1.6533,0.0273,-136.50,-171.78,-213.01
1.652020,-1.5636,-1.6607,0.0346,-134.89,-166.46,-213.22
1.652617,-1.5709,-1.6675,0.0429,-132.86,-159.74,-214.41
1.653214,-1.5787,-1.6763,0.0473,-131.04,-154.35,-215.18
1.653811,-1.5894,-1.6856,0.0551,-129.43,-147.35,-215.46
1.654409,-1.6045,-1.6943,0.0620,-127.33,-142.45,-216.65
1.655006,-1.6163,-1.6997,0.0673,-125.72,-136.01,-216.72
1.655603,-1.6265,-1.7056,0.0766,-123.41,-130.27,-218.12
1.656200,-1.6392,-1.7158,0.0859,-122.01,-124.04,-217.84
1.656797,-1.6533,-1.7246,0.0956,-119.49,-119.49,-219.31
1.657394,-1.6670,-1.7295,0.1054,-118.09,-112.70,-218.47
1.657991,-1.6816,-1.7309,0.1147,-115.57,-108.78,-219.45
1.658589,-1.7012,-1.7339,0.1279,-114.17,-101.64,-219.24
1.659186,-1.7173,-1.7397,0.1386,-112.07,-97.86,-219.73
1.660156,-1.7285,-1.7402,0.1508,-110.46,-91.07,-219.38
1.660753,-1.7431,-1.7373,0.1615,-108.29,-87.29,-219.73
1.661350,-1.7602,-1.7348,0.1752,-106.89,-80.64,-219.73
1.661947,-1.7783,-1.7368,0.1918,-104.79,-77.00,-219.73
1.662545,-1.7944,-1.7373,0.2025,-103.32,-70.35,-219.52
1.663142,-1.8085,-1.7339,0.2157,-101.36,-67.41,-219.17
1.663739,-1.8246,-1.7363,0.2264,-99.61,-61.25,-219.24
1.664336,-1.8402,-1.7392,0.2372,-98.42,-57.75,-218.75
1.664933,-1.8564,-1.7373,0.2513,-96.25,-51.31,-218.89
1.665530,-1.8705,-1.7309,0.2684,-95.20,-48.23,-218.61
1.666128,-1.8832,-1.7246,0.2845,-93.24,-42.35,-218.40
1.666725,-1.8964,-1.7187,0.3099,-92.61,-39.20,-218.40
1.667322,-1.9081,-1.7134,0.3226,-89.74,-34.23,-218.54
1.667919,-1.9296,-1.6978,0.3299,-87.22,-25.41,-218.19
1.668516,-1.9432,-1.6816,0.3426,-87.08,-22.33,-218.33
1.669113,-1.9540,-1.6675,0.3558,-85.19,-17.22,-218.19
1.669710,-1.9637,-1.6529,0.3650,-84.70,-13.79,-217.84
1.670308,-1.9725,-1.6368,0.3767,-82.95,-9.59,-218.54
1.670905,-1.9788,-1.6211,0.3870,-82.60,-6.16,-218.47
1.671875,-1.9925,-1.6016,0.3948,-80.64,-1.89,-219.31
1.672472,-2.0018,-1.5845,0.4026,-80.99,1.05,-218.68
1.673069,-2.0047,-1.5728,0.4119,-79.03,5.18,-220.36
1.673666,-2.0154,-1.5582,0.4231,-79.17,8.68,-219.52
1.674264,-2.0232,-1.5445,0.4314,-77.63,12.11,-221.20
1.674861,-2.0301,-1.5318,0.4382,-77.98,15.75,-220.57
1.675458,-2.0369,-1.5187,0.4480,-77.00,18.76,-221.62
1.676055,-2.0394,-1.5133,0.4529,-76.58,22.33,-221.55
1.676652,-2.0452,-1.5108,0.4582,-75.88,25.13,-222.81
1.677249,-2.0520,-1.5099,0.4778,-75.67,28.84,-222.74
1.677847,-2.0647,-1.5006,0.4865,-74.76,35.28,-223.37
1.678444,-2.0730,-1.4996,0.4948,-74.90,36.61,-224.98
1.679041,-2.0852,-1.4967,0.4973,-73.85,40.88,-224.49
1.679638,-2.0950,-1.4977,0.5061,-74.69,42.21,-225.75
1.680235,-2.0979,-1.4977,0.5183,-73.57,46.90,-225.33
1.680832,-2.1067,-1.4947,0.5266,-74.48,47.04,-226.59
1.681430,-2.1208,-1.4913,0.5334,-72.73,51.59,-226.03
1.682027,-2.1257,-1.4879,0.5446,-74.27,52.15,-227.50
1.682624,-2.1326,-1.4889,0.5534,-72.73,56.14,-226.31
1.683594,-2.1413,-1.4913,0.5553,-74.20,56.98,-228.48
1.684191,-2.1457,-1.4913,0.5592,-72.59,60.48,-226.31
1.684788,-2.1496,-1.4884,0.5719,-74.41,61.95,-228.90
1.685385,-2.1482,-1.4840,0.5793,-72.38,64.33,-226.59
1.685983,-2.1526,-1.4835,0.5778,-74.48,66.29,-229.04
1.686580,-2.1623,-1.4830,0.5841,-72.87,68.11,-226.31
1.687177,-2.1628,-1.4786,0.5910,-74.41,69.93,-229.11
1.687774,-2.1648,-1.4738,0.5949,-73.29,71.68,-226.03
1.688371,-2.1711,-1.4689,0.6041,-74.83,73.08,-229.18
1.688968,-2.1736,-1.4655,0.6139,-73.78,75.32,-226.24
1.689566,-2.1750,-1.4620,0.6202,-75.25,77.00,-228.76
1.690163,-2.1726,-1.4591,0.6237,-74.13,78.40,-226.03
1.690760,-2.1750,-1.4562,0.6232,-75.67,79.80,-228.34
1.691357,-2.1779,-1.4508,0.6266,-74.76,81.62,-226.45
1.691954,-2.1760,-1.4474,0.6364,-76.37,82.81,-227.57
1.692551,-2.1789,-1.4450,0.6403,-75.46,83.93,-226.10
1.693149,-2.1814,-1.4386,0.6466,-76.93,85.47,-227.15
1.693746,-2.1828,-1.4318,0.6539,-76.30,86.52,-225.96
1.694343,-2.1858,-1.4274,0.6534,-77.49,88.27,-226.73
1.694343,-2.1897,-1.4220,0.6539,-77.28,88.83,-225.40
1.694933,-2.1882,-1.4167,0.6559,-78.26,90.02,-226.45
1.695530,-2.1862,-1.4142,0.6559,-78.19,91.35,-225.33
1.696127,-2.1862,-1.4108,0.6617,-79.59,92.75,-225.47
1.696725,-2.1887,-1.4069,0.6642,-78.89,92.96,-225.26
1.697322,-2.1858,-1.4074,0.6603,-80.01,93.94,-224.63
1.697919,-2.1814,-1.4020,0.6593,-80.36,94.85,-224.98
1.698516,-2.1804,-1.3918,0.6588,-81.55,95.41,-223.72
1.699113,-2.1784,-1.3869,0.6603,-81.27,96.39,-224.98
1.699710,-2.1750,-1.3864,0.6583,-82.04,96.95,-222.53
1.700308,-2.1726,-1.3835,0.6578,-82.39,98.21,-224.21
1.700905,-2.1657,-1.3742,0.6529,-82.46,98.56,-222.32
1.701502,-2.1574,-1.3674,0.6442,-83.65,99.05,-223.30
1.702099,-2.1521,-1.3640,0.6393,-83.65,99.82,-220.57
1.702696,-2.1394,-1.3596,0.6364,-84.91,100.17,-222.67
1.703293,-2.1296,-1.3552,0.6310,-84.42,101.08,-219.24
1.703891,-2.1218,-1.3488,0.6246,-85.96,101.36,-221.41
1.704488,-2.1135,-1.3454,0.6222,-85.12,101.78,-217.91
1.705085,-2.1062,-1.3454,0.6173,-87.29,102.34,-220.22
1.705085,-2.0999,-1.3430,0.6085,-85.96,102.69,-216.16
1.705675,-2.0882,-1.3400,0.6032,-88.20,102.83,-218.54
1.706272,-2.0803,-1.3415,0.5978,-86.94,103.53,-214.20
1.706869,-2.0764,-1.3400,0.5929,-89.25,103.53,-216.30
1.707467,-2.0628,-1.3386,0.5895,-87.50,104.30,-212.45
1.708064,-2.0501,-1.3391,0.5836,-90.23,103.95,-213.78
1.708661,-2.0418,-1.3415,0.5783,-88.41,104.79,-209.79
1.709258,-2.0320,-1.3391,0.5719,-90.30,104.37,-211.33
1.709855,-2.0189,-1.3371,0.5651,-89.46,105.84,-207.20
1.710452,-2.0096,-1.3400,0.5573,-90.65,104.65,-208.39
1.711050,-2.0003,-1.3396,0.5505,-90.86,106.12,-204.40
1.711647,-1.9891,-1.3415,0.5446,-90.65,105.00,-205.17
1.712244,-1.9784,-1.3459,0.5392,-91.35,106.26,-200.90
1.712841,-1.9705,-1.3493,0.5324,-91.28,105.21,-201.53
1.713438,-1.9642,-1.3522,0.5251,-92.05,106.40,-197.54
1.714035,-1.9510,-1.3562,0.5192,-91.42,105.70,-197.82
1.714632,-1.9403,-1.3562,0.5095,-92.33,106.54,-193.62
1.715230,-1.9320,-1.3542,0.5026,-91.63,106.12,-193.76
1.715827,-1.9203,-1.3547,0.4958,-92.19,106.54,-189.84
1.716797,-1.9042,-1.3581,0.4870,-92.19,106.19,-189.00
1.717394,-1.8925,-1.3625,0.4807,-92.12,106.33,-184.94
1.717991,-1.8812,-1.3654,0.4738,-91.98,106.40,-185.22
1.718588,-1.8690,-1.3649,0.4670,-91.98,106.33,-180.25
1.719186,-1.8568,-1.3674,0.4607,-91.91,106.82,-180.32
1.719783,-1.8437,-1.3688,0.4548,-91.56,106.26,-175.56
1.720380,-1.8320,-1.3693,0.4475,-91.28,106.47,-175.21
1.720977,-1.8173,-1.3723,0.4372,-91.63,106.68,-170.66
1.721574,-1.8076,-1.3732,0.4270,-90.79,106.19,-170.10
1.722171,-1.7978,-1.3737,0.4192,-91.07,106.61,-166.04
1.722769,-1.7832,-1.3747,0.4128,-90.51,106.33,-164.57
1.723366,-1.7724,-1.3757,0.4050,-90.65,106.47,-160.86
1.723963,-1.7627,-1.3781,0.3967,-89.67,106.40,-159.74
1.724560,-1.7544,-1.3786,0.3914,-90.02,106.54,-155.40
1.725157,-1.7461,-1.3830,0.3875,-89.18,106.12,-154.21
1.725754,-1.7368,-1.3888,0.3797,-88.97,106.47,-149.94
1.726351,-1.7265,-1.3932,0.3699,-88.20,106.26,-148.61
1.726949,-1.7173,-1.3986,0.3626,-88.06,105.77,-145.11
1.727546,-1.7124,-1.4069,0.3553,-87.43,106.47,-143.08
1.727546,-1.7036,-1.4118,0.3475,-86.73,105.63,-139.65
1.728136,-1.6938,-1.4108,0.3421,-86.31,106.26,-137.27
1.728733,-1.6865,-1.4172,0.3348,-85.61,105.42,-134.40
1.729330,-1.6787,-1.4269,0.3274,-85.26,106.12,-131.88
1.729928,-1.6704,-1.4342,0.3235,-84.00,105.14,-129.01
1.730525,-1.6597,-1.4391,0.3177,-84.00,105.91,-125.79
1.731122,-1.6485,-1.4459,0.3113,-82.32,104.65,-123.83
1.731719,-1.6387,-1.4538,0.3099,-82.53,105.42,-120.33
1.732316,-1.6324,-1.4606,0.3050,-80.78,104.65,-119.00
1.732913,-1.6270,-1.4684,0.3021,-80.64,105.21,-114.87
1.733511,-1.6187,-1.4718,0.2982,-79.24,104.44,-113.19
1.734108,-1.6084,-1.4718,0.2884,-78.47,104.72,-109.90
1.734705,-1.5972,-1.4777,0.2835,-77.49,104.23,-108.29
1.735302,-1.5884,-1.4845,0.2816,-76.86,104.16,-104.30
1.735899,-1.5831,-1.4879,0.2782,-75.74,104.30,-103.81
1.736496,-1.5728,-1.4894,0.2728,-74.41,103.81,-99.33
1.737093,-1.5616,-1.4938,0.2694,-73.64,103.46,-98.91
1.737691,-1.5518,-1.4991,0.2679,-72.52,103.53,-94.15
1.738288,-1.5372,-1.5006,0.2635,-71.54,103.04,-94.22
1.738288,-1.5255,-1.5040,0.2572,-70.14,103.32,-89.53
1.738878,-1.5123,-1.5065,0.2508,-69.58,102.06,-89.39
1.739475,-1.4996,-1.5099,0.2474,-67.83,103.18,-84.98
1.740072,-1.4908,-1.5157,0.2455,-67.41,101.57,-84.77
1.740670,-1.4782,-1.5255,0.2435,-65.59,103.18,-80.36
1.741267,-1.4674,-1.5284,0.2401,-64.82,101.36,-80.43
1.741864,-1.4577,-1.5309,0.2333,-62.93,102.83,-76.30
1.742461,-1.4474,-1.5406,0.2284,-62.51,100.87,-76.02
1.743058,-1.4406,-1.5470,0.2250,-60.27,102.48,-72.24
1.743655,-1.4328,-1.5567,0.2230,-60.20,100.66,-71.75
1.744253,-1.4245,-1.5650,0.2216,-57.26,101.57,-67.83
1.744850,-1.4176,-1.5714,0.2191,-57.75,100.17,-67.34
1.745447,-1.4137,-1.5762,0.2157,-54.46,100.66,-64.40
1.746044,-1.4128,-1.5782,0.2137,-55.30,100.10,-63.35
1.746641,-1.4098,-1.5860,0.2181,-51.80,99.61,-59.92
1.747238,-1.4040,-1.5928,0.2196,-52.36,100.24,-60.27
1.747835,-1.3996,-1.5987,0.2157,-49.14,99.12,-56.14
1.748433,-1.3971,-1.6041,0.2176,-49.21,99.75,-56.35
1.749030,-1.3884,-1.6041,0.2196,-46.34,98.42,-52.36
1.750000,-1.3840,-1.6041,0.2176,-46.34,98.98,-52.71
1.750597,-1.3845,-1.6026,0.2191,-44.10,98.07,-49.14
1.751194,-1.3806,-1.5982,0.2176,-43.12,98.14,-49.56
1.751791,-1.3776,-1.5962,0.2206,-41.58,97.37,-46.13
1.752389,-1.3703,-1.5923,0.2259,-40.32,97.86,-46.55
1.752986,-1.3674,-1.5850,0.2235,-39.06,96.67,-43.12
1.753583,-1.3620,-1.5836,0.2225,-37.31,96.60,-43.61
1.754180,-1.3513,-1.5792,0.2211,-36.61,96.04,-40.46
1.754777,-1.3440,-1.5723,0.2235,-34.51,96.11,-40.81
1.755374,-1.3376,-1.5694,0.2259,-34.02,95.34,-38.78
1.755972,-1.3366,-1.5650,0.2269,-31.92,95.55,-38.57
1.756569,-1.3327,-1.5587,0.2279,-31.36,94.22,-36.26
1.757166,-1.3235,-1.5518,0.2235,-29.33,94.64,-36.40
1.757763,-1.3147,-1.5460,0.2201,-28.77,93.87,-34.79
1.758360,-1.3088,-1.5377,0.2240,-26.95,93.66,-34.09
1.758957,-1.3044,-1.5279,0.2255,-26.95,93.31,-32.90
1.759554,-1.2995,-1.5182,0.2264,-24.36,92.89,-32.34
1.760152,-1.2947,-1.5152,0.2289,-24.64,93.17,-31.43
1.760749,-1.2898,-1.5089,0.2289,-22.33,91.91,-30.94
1.760749,-1.2859,-1.4986,0.2303,-22.68,92.54,-29.96
1.761339,-1.2786,-1.4923,0.2338,-20.30,91.07,-29.33
1.761936,-1.2727,-1.4816,0.2357,-20.16,91.56,-29.26
1.762533,-1.2673,-1.4713,0.2372,-18.83,90.65,-27.72
1.763131,-1.2639,-1.4630,0.2401,-18.20,90.86,-28.21
1.763728,-1.2610,-1.4562,0.2411,-16.87,89.39,-26.81
1.764325,-1.2551,-1.4494,0.2425,-16.24,89.95,-26.95
1.764922,-1.2512,-1.4386,0.2411,-14.98,89.04,-26.04
1.765519,-1.2478,-1.4230,0.2411,-14.35,88.97,-26.18
1.766116,-1.2405,-1.4108,0.2450,-14.14,88.13,-25.41
1.766714,-1.2385,-1.4025,0.2567,-12.60,88.41,-25.48
1.767311,-1.2239,-1.3766,0.2586,-12.46,87.43,-24.92
1.767908,-1.2210,-1.3649,0.2616,-11.41,86.45,-24.50
1.768505,-1.2161,-1.3483,0.2664,-9.59,87.22,-24.08
1.769102,-1.2112,-1.3327,0.2723,-10.08,85.26,-23.94
1.769699,-1.2083,-1.3161,0.2718,-8.82,86.73,-23.80
1.770296,-1.2044,-1.2991,0.2713,-9.45,84.35,-23.59
1.770894,-1.2000,-1.2820,0.2762,-7.84,85.96,-23.45
1.771491,-1.1971,-1.2659,0.2796,-8.19,83.16,-23.17
1.772461,-1.1893,-1.2503,0.2826,-7.21,85.47,-23.17
1.773058,-1.1810,-1.2400,0.2850,-7.63,82.32,-22.82
1.773655,-1.1790,-1.2283,0.2904,-6.51,84.77,-22.96
1.774252,-1.1756,-1.2132,0.2918,-7.42,81.90,-22.26
1.774850,-1.1707,-1.1995,0.2948,-6.09,83.37,-22.68
1.775447,-1.1688,-1.1844,0.2972,-6.79,80.64,-22.05
1.776044,-1.1663,-1.1722,0.2962,-5.88,82.95,-22.33
1.776641,-1.1619,-1.1629,0.2977,-6.58,79.94,-21.84
1.777238,-1.1580,-1.1517,0.2987,-5.88,81.55,-22.54
1.777835,-1.1522,-1.1390,0.2982,-6.23,79.24,-21.35
1.778433,-1.1478,-1.1273,0.2982,-5.95,80.85,-22.47
1.779030,-1.1419,-1.1151,0.3016,-6.16,78.19,-20.65
1.779627,-1.1356,-1.1000,0.3060,-6.37,79.66,-22.12
1.780224,-1.1317,-1.0868,0.3074,-6.09,77.77,-20.65
1.780821,-1.1297,-1.0770,0.3060,-6.65,78.54,-22.26
1.781418,-1.1302,-1.0682,0.3084,-6.44,76.72,-20.65
1.782015,-1.1278,-1.0570,0.3089,-7.07,77.70,-22.19
1.782613,-1.1253,-1.0472,0.3055,-6.79,75.39,-20.65
1.783210,-1.1224,-1.0399,0.3084,-7.84,77.00,-22.19
1.783210,-1.1141,-1.0253,0.3123,-7.21,74.34,-20.44
1.783800,-1.1082,-1.0146,0.3123,-8.26,75.39,-21.84
1.784397,-1.1087,-1.0082,0.3138,-7.56,73.92,-20.72
1.784994,-1.1053,-1.0004,0.3123,-8.68,74.48,-21.70
1.785592,-1.1014,-0.9950,0.3079,-8.19,73.08,-21.07
1.786189,-1.1009,-0.9858,0.3104,-9.59,73.08,-21.28
1.786786,-1.0975,-0.9765,0.3094,-9.10,71.68,-20.79
1.787383,-1.0970,-0.9721,0.3079,-10.29,71.96,-20.93
1.787980,-1.0946,-0.9648,0.3060,-9.94,71.05,-20.93
1.788577,-1.0892,-0.9555,0.3026,-10.92,70.49,-21.07
1.789175,-1.0868,-0.9506,0.2996,-11.20,70.07,-20.86
1.789772,-1.0829,-0.9448,0.2982,-11.41,69.37,-20.79
1.790369,-1.0765,-0.9414,0.2962,-12.46,69.09,-20.37
1.790966,-1.0741,-0.9404,0.2889,-12.32,68.04,-20.93
1.791563,-1.0721,-0.9331,0.2894,-13.72,68.25,-19.88
1.792160,-1.0707,-0.9282,0.2913,-12.88,66.64,-21.00
1.792757,-1.0697,-0.9248,0.2865,-14.42,66.71,-19.88
1.793355,-1.0638,-0.9184,0.2850,-13.93,65.31,-20.44
1.793952,-1.0575,-0.9155,0.2821,-15.26,65.94,-19.88
1.793952,-1.0575,-0.9106,0.2728,-15.12,64.33,-20.09
1.794542,-1.0570,-0.9082,0.2708,-16.10,63.98,-19.25
1.795139,-1.0482,-0.9072,0.2728,-15.96,63.28,-20.09
1.795736,-1.0424,-0.9038,0.2708,-17.01,63.35,-18.83
1.796334,-1.0399,-0.9023,0.2655,-17.08,61.74,-19.60
1.796931,-1.0375,-0.9033,0.2606,-17.85,62.65,-18.76
1.797528,-1.0350,-0.9004,0.2591,-17.85,60.34,-18.97
1.798125,-1.0292,-0.8974,0.2586,-18.97,61.46,-18.06
1.798722,-1.0248,-0.9013,0.2557,-18.41,59.15,-18.48
1.799319,-1.0189,-0.8984,0.2528,-19.74,59.99,-17.50
1.799917,-1.0131,-0.8965,0.2503,-19.67,57.89,-17.92
1.800514,-1.0009,-0.9023,0.2416,-20.65,58.87,-16.66
1.801111,-0.9887,-0.9038,0.2377,-21.07,57.47,-16.31
1.801708,-0.9833,-0.9038,0.2357,-21.56,55.58,-16.03
1.802305,-0.9775,-0.9033,0.2333,-21.42,56.84,-15.75
1.802902,-0.9721,-0.9062,0.2269,-22.05,54.67,-15.33
1.803499,-0.9677,-0.9121,0.2250,-22.33,55.93,-14.63
1.804097,-0.9618,-0.9174,0.2269,-22.82,53.48,-14.91
1.804694,-0.9555,-0.9209,0.2235,-22.96,54.60,-13.58
1.805664,-0.9511,-0.9228,0.2152,-22.96,52.50,-13.86
1.806261,-0.9433,-0.9204,0.2118,-23.38,53.83,-12.32
1.806858,-0.9350,-0.9238,0.2103,-23.31,51.66,-13.44
1.807455,-0.9267,-0.9331,0.2035,-23.87,52.57,-11.20
1.808053,-0.9213,-0.9345,0.1991,-23.66,50.68,-12.11
1.808650,-0.9170,-0.9365,0.1923,-23.94,51.52,-10.15
1.809247,-0.9111,-0.9457,0.1864,-23.94,50.12,-11.62
1.809844,-0.9033,-0.9550,0.1854,-24.08,50.19,-8.75
1.810441,-0.9004,-0.9609,0.1810,-24.43,49.63,-10.64
1.811038,-0.8969,-0.9653,0.1742,-23.87,49.42,-7.91
1.811636,-0.8901,-0.9697,0.1684,-24.78,48.72,-9.52
1.812233,-0.8891,-0.9760,0.1596,-23.38,48.37,-6.44
1.812830,-0.8838,-0.9804,0.1557,-24.99,48.16,-8.89
1.813427,-0.8804,-0.9858,0.1557,-23.52,48.02,-5.11
1.814024,-0.8779,-0.9941,0.1513,-24.64,47.18,-7.84
1.814621,-0.8647,-1.0043,0.1401,-23.03,47.18,-4.69
1.815218,-0.8628,-1.0087,0.1366,-23.38,46.55,-2.94
1.815816,-0.8569,-1.0126,0.1303,-23.31,44.66,-6.23
1.816413,-0.8491,-1.0136,0.1254,-23.10,46.41,-2.31
1.817383,-0.8394,-1.0194,0.1210,-23.17,44.17,-5.25
1.817980,-0.8340,-1.0287,0.1191,-22.75,45.36,-1.40
1.818577,-0.8320,-1.0341,0.1152,-22.19,43.61,-4.69
1.819174,-0.8276,-1.0404,0.1078,-22.26,45.08,-0.56
1.819772,-0.8242,-1.0453,0.1025,-21.77,42.91,-3.85
1.820369,-0.8203,-1.0492,0.0966,-21.56,44.80,-0.21
1.820966,-0.8169,-1.0541,0.0932,-20.79,42.56,-3.01
1.821563,-0.8120,-1.0619,0.0874,-20.79,43.68,0.21
1.822160,-0.8037,-1.0668,0.0815,-20.30,41.93,-1.82
1.822757,-0.7959,-1.0741,0.0820,-19.60,43.05,0.56
1.823355,-0.7910,-1.0824,0.0815,-19.39,41.58,-1.54
1.823952,-0.7857,-1.0848,0.0771,-18.76,42.49,1.61
1.824549,-0.7769,-1.0921,0.0722,-18.34,41.51,-1.96
1.825146,-0.7745,-1.0990,0.0693,-17.57,41.93,2.10
1.825743,-0.7730,-1.1043,0.0654,-17.43,40.95,-1.05
1.826340,-0.7671,-1.1102,0.0605,-16.24,41.16,1.89
1.826937,-0.7627,-1.1126,0.0576,-16.59,41.02,-0.35
1.827535,-0.7579,-1.1141,0.0571,-15.19,40.88,2.24
1.828132,-0.7540,-1.1195,0.0542,-15.40,40.18,-0.21
1.828132,-0.7462,-1.1229,0.0478,-13.65,40.46,2.03
1.828722,-0.7393,-1.1253,0.0464,-14.07,40.39,0.21
1.829319,-0.7349,-1.1239,0.0483,-12.53,40.11,2.17
1.829916,-0.7296,-1.1219,0.0473,-12.95,40.53,0.35
1.830514,-0.7247,-1.1253,0.0449,-10.78,39.69,2.17
1.831111,-0.7188,-1.1278,0.0420,-11.83,40.25,1.05
1.831708,-0.7135,-1.1248,0.0376,-9.31,39.34,1.47
1.832305,-0.7052,-1.1224,0.0298,-10.50,39.97,1.89
1.832902,-0.7013,-1.1219,0.0264,-8.54,39.34,1.54
1.833499,-0.6959,-1.1185,0.0283,-8.68,39.76,1.75
1.834097,-0.6895,-1.1195,0.0264,-7.49,39.48,1.33
1.834694,-0.6837,-1.1170,0.0268,-6.09,39.20,1.12
1.835291,-0.6759,-1.1161,0.0244,-5.60,38.92,2.94
1.835888,-0.6734,-1.1156,0.0205,-5.32,39.90,0.56
1.836485,-0.6734,-1.1097,0.0210,-4.34,38.85,4.20
1.837082,-0.6681,-1.1063,0.0185,-3.99,39.97,0.07
1.837679,-0.6661,-1.1048,0.0151,-2.87,38.92,5.25
1.838277,-0.6647,-1.1053,0.0137,-2.94,39.62,0.00
1.838874,-0.6578,-1.1019,0.0117,-1.12,38.71,5.39
1.839844,-0.6520,-1.0931,0.0166,-2.03,39.62,0.28
1.840441,-0.6471,-1.0897,0.0195,-0.07,39.20,5.74
1.841038,-0.6451,-1.0868,0.0166,-1.05,39.83,0.07
1.841635,-0.6403,-1.0838,0.0166,1.40,39.06,6.51
1.842233,-0.6359,-1.0799,0.0127,-0.28,39.97,0.28
1.842830,-0.6354,-1.0746,0.0083,3.01,39.34,6.93
1.843427,-0.6285,-1.0726,0.0102,1.12,39.69,0.70
1.844024,-0.6232,-1.0702,0.0102,3.71,39.69,7.63
1.844621,-0.6232,-1.0663,0.0093,2.24,39.69,1.12
1.845218,-0.6198,-1.0609,0.0098,4.97,39.97,7.63
1.845816,-0.6159,-1.0531,0.0122,3.08,39.48,1.89
1.846413,-0.6139,-1.0472,0.0088,5.81,39.97,8.19
1.847010,-0.6100,-1.0414,0.0063,4.34,39.48,2.03
1.847607,-0.6090,-1.0365,0.0088,6.37,40.39,8.47
1.848204,-0.6090,-1.0326,0.0044,5.46,39.55,2.94
1.848801,-0.6046,-1.0238,0.0024,6.93,40.46,9.10
1.849398,-0.6022,-1.0170,-0.0010,6.51,39.55,3.36
1.849996,-0.6002,-1.0126,0.0015,7.35,40.74,9.38
1.850593,-0.5993,-1.0067,0.0054,7.70,39.55,4.06
1.851562,-0.6002,-1.0019,0.0063,7.77,40.81,9.80
1.852159,-0.5973,-0.9931,0.0068,8.40,39.83,4.90
1.852756,-0.5934,-0.9902,0.0044,8.47,41.09,9.80
1.853353,-0.5934,-0.9853,0.0039,8.75,40.18,5.81
1.853951,-0.5934,-0.9770,0.0034,8.68,41.02,10.01
1.854548,-0.5895,-0.9726,0.0024,9.45,40.60,6.30
1.855145,-0.5880,-0.9677,0.0020,9.45,41.23,10.43
1.855742,-0.5871,-0.9638,0.0073,9.87,41.09,7.28
1.856339,-0.5861,-0.9579,0.0049,10.08,41.02,10.99
1.856936,-0.5885,-0.9536,0.0034,9.94,41.23,7.77
1.857534,-0.5895,-0.9487,0.0054,10.78,41.02,11.27
1.858131,-0.5866,-0.9418,0.0010,10.22,40.95,8.33
1.858728,-0.5832,-0.9370,0.0020,10.99,40.95,11.27
1.859325,-0.5812,-0.9345,0.0049,10.64,41.37,9.17
1.859922,-0.5797,-0.9340,0.0020,10.71,41.51,11.55
1.860519,-0.5778,-0.9301,0.0034,11.13,41.30,9.87
1.861116,-0.5768,-0.9257,0.0044,10.99,41.51,11.62
1.861714,-0.5739,-0.9248,0.0073,11.34,41.51,11.34
1.862311,-0.5719,-0.9209,0.0088,11.20,41.23,11.55
1.862311,-0.5700,-0.9179,0.0068,10.92,42.07,11.76
1.862902,-0.5680,-0.9218,0.0068,11.62,41.02,12.18
1.863499,-0.5695,-0.9199,0.0054,10.85,41.86,12.60
1.864096,-0.5714,-0.9194,0.0054,11.55,41.44,12.53
1.864694,-0.5685,-0.9213,0.0073,10.99,42.14,12.88
1.865291,-0.5656,-0.9204,0.0088,11.83,41.44,13.02
1.865888,-0.5661,-0.9238,0.0107,10.92,42.14,13.02
1.866485,-0.5656,-0.9272,0.0127,11.83,41.58,13.23
1.867082,-0.5656,-0.9287,0.0122,10.85,42.14,13.79
1.867679,-0.5636,-0.9350,0.0088,11.97,41.30,13.79
1.868277,-0.5627,-0.9409,0.0107,10.99,42.42,14.00
1.868874,-0.5627,-0.9379,0.0142,11.13,42.28,14.28
1.869471,-0.5641,-0.9418,0.0117,11.76,41.44,14.42
1.870068,-0.5656,-0.9433,0.0132,11.27,42.35,14.42
1.870665,-0.5661,-0.9443,0.0181,11.34,41.44,14.49
1.871262,-0.5671,-0.9457,0.0171,11.27,42.00,14.77
1.871859,-0.5710,-0.9482,0.0190,11.48,41.30,14.21
1.872457,-0.5739,-0.9496,0.0185,11.62,42.07,15.05
1.873054,-0.5729,-0.9501,0.0127,11.48,41.44,14.07
1.874023,-0.5758,-0.9511,0.0102,11.41,42.21,14.63
1.874620,-0.5817,-0.9540,0.0142,11.55,41.23,14.07
1.875217,-0.5783,-0.9589,0.0156,11.62,41.93,14.00
1.875814,-0.5758,-0.9584,0.0176,11.55,41.09,14.00
1.876412,-0.5783,-0.9575,0.0185,11.62,41.65,13.51
1.877009,-0.5783,-0.9618,0.0151,11.27,41.16,13.86
1.877606,-0.5802,-0.9662,0.0142,11.55,41.37,13.58
1.878203,-0.5846,-0.9667,0.0142,11.41,41.30,13.30
1.878800,-0.5846,-0.9667,0.0151,11.34,40.81,13.02
1.879397,-0.5861,-0.9667,0.0132,11.34,40.95,12.67
1.879995,-0.5910,-0.9682,0.0112,11.55,40.39,13.09
1.880592,-0.5934,-0.9677,0.0122,11.55,40.81,12.32
1.881189,-0.5915,-0.9653,0.0083,11.55,40.53,11.97
1.881786,-0.5890,-0.9638,0.0044,11.13,40.32,11.76
1.882383,-0.5871,-0.9643,0.0039,11.55,40.67,11.48
1.882980,-0.5851,-0.9653,0.0039,11.13,40.04,11.34
1.883577,-0.5836,-0.9623,0.0029,11.62,39.90,11.13
1.884175,-0.5822,-0.9594,0.0015,10.71,39.27,10.92
1.884772,-0.5807,-0.9618,0.0024,11.48,39.76,10.99
1.884772,-0.5802,-0.9648,-0.0015,10.85,38.78,10.01
1.885362,-0.5802,-0.9653,-0.0029,10.85,39.69,10.64
1.885959,-0.5783,-0.9648,-0.0010,10.92,38.85,9.52
1.886556,-0.5783,-0.9609,-0.0029,10.99,39.20,10.08
1.887154,-0.5793,-0.9614,-0.0039,11.06,38.43,9.03
1.887751,-0.5754,-0.9599,-0.0024,10.71,38.85,9.59
1.888348,-0.5714,-0.9565,-0.0020,10.78,38.15,8.40
1.888945,-0.5763,-0.9565,-0.0024,10.36,38.22,9.52
1.889542,-0.5793,-0.9550,-0.0073,10.92,37.80,7.98
1.890139,-0.5754,-0.9570,-0.0102,9.87,38.15,8.96
1.890737,-0.5719,-0.9575,-0.0083,10.78,36.89,7.91
1.891334,-0.5729,-0.9545,-0.0107,9.87,38.15,8.54
1.891931,-0.5773,-0.9550,-0.0112,10.64,36.82,7.77
1.892528,-0.5783,-0.9536,-0.0093,9.73,36.96,8.75
1.893125,-0.5734,-0.9496,-0.0117,10.01,37.03,7.49
1.893722,-0.5690,-0.9472,-0.0127,10.01,36.40,8.33
1.894319,-0.5671,-0.9477,-0.0102,10.01,36.54,6.93
1.894917,-0.5685,-0.9467,-0.0117,9.52,35.98,8.40
1.895514,-0.5710,-0.9453,-0.0107,9.45,36.33,6.23
1.896484,-0.5690,-0.9467,-0.0083,9.73,35.35,8.47
1.897081,-0.5636,-0.9453,-0.0083,9.17,35.77,6.72
1.897678,-0.5612,-0.9443,-0.0093,9.45,35.35,7.98
1.898275,-0.5641,-0.9433,-0.0088,8.75,35.21,6.37
1.898873,-0.5661,-0.9443,-0.0102,9.80,34.51,7.49
1.899470,-0.5646,-0.9428,-0.0142,8.19,34.86,6.65
1.900067,-0.5607,-0.9414,-0.0142,9.31,34.23,7.42
1.900664,-0.5597,-0.9448,-0.0137,8.12,34.58,6.44
1.901261,-0.5612,-0.9414,-0.0117,8.82,33.88,7.21
1.901858,-0.5602,-0.9389,-0.0127,8.05,33.95,6.58
1.902456,-0.5641,-0.9409,-0.0156,8.40,33.25,7.56
1.903053,-0.5651,-0.9418,-0.0127,7.70,33.81,6.58
1.903650,-0.5612,-0.9409,-0.0137,8.05,32.62,8.19
1.904247,-0.5597,-0.9389,-0.0185,7.70,33.60,5.88
1.904844,-0.5592,-0.9389,-0.0210,7.56,32.20,7.91
1.905441,-0.5578,-0.9374,-0.0215,7.63,32.83,5.81
1.906038,-0.5568,-0.9355,-0.0200,7.49,31.57,7.98
1.906636,-0.5592,-0.9331,-0.0229,7.14,32.48,6.30
1.907233,-0.5612,-0.9355,-0.0293,7.21,31.22,8.05
1.907233,-0.5592,-0.9389,-0.0288,7.07,31.78,6.51
1.907823,-0.5583,-0.9374,-0.0278,6.93,31.01,8.40
1.908420,-0.5592,-0.9365,-0.0327,7.07,31.36,6.02
1.909017,-0.5558,-0.9374,-0.0337,6.23,30.87,8.89
1.909615,-0.5539,-0.9355,-0.0351,6.93,30.45,6.37
1.910212,-0.5612,-0.9345,-0.0366,6.09,30.24,8.96
1.910809,-0.5617,-0.9355,-0.0371,6.86,30.03,6.44
1.911406,-0.5558,-0.9345,-0.0381,5.95,29.89,9.52
1.912003,-0.5529,-0.9355,-0.0366,6.79,29.47,7.35
1.912600,-0.5568,-0.9404,-0.0386,5.39,29.40,9.73
1.913198,-0.5583,-0.9418,-0.0473,6.79,28.77,7.98
1.913795,-0.5553,-0.9404,-0.0478,5.11,29.12,10.01
1.914392,-0.5553,-0.9404,-0.0439,6.51,28.21,8.47
1.914989,-0.5549,-0.9418,-0.0459,5.04,28.56,10.15
1.915586,-0.5558,-0.9423,-0.0459,6.02,27.51,9.24
1.916183,-0.5558,-0.9423,-0.0459,5.18,27.86,10.50
1.916780,-0.5573,-0.9443,-0.0464,5.60,27.23,9.66
1.917378,-0.5578,-0.9438,-0.0464,5.32,27.23,10.78
1.917975,-0.5553,-0.9428,-0.0498,5.18,26.39,10.43
1.917975,-0.5568,-0.9418,-0.0488,5.25,26.74,11.06
1.918566,-0.5607,-0.9394,-0.0468,5.25,25.83,11.13
1.919163,-0.5592,-0.9379,-0.0473,4.90,26.60,10.85
1.919760,-0.5563,-0.9331,-0.0508,4.97,24.99,12.11
1.920358,-0.5578,-0.9272,-0.0512,5.11,25.90,10.78
1.920955,-0.5544,-0.9301,-0.0483,4.97,24.71,12.88
1.921552,-0.5490,-0.9355,-0.0508,4.48,25.62,11.06
1.922149,-0.5505,-0.9365,-0.0512,4.76,24.15,13.37
1.922746,-0.5505,-0.9326,-0.0512,4.20,24.64,11.69
1.923343,-0.5510,-0.9292,-0.0512,4.76,23.38,13.65
1.923941,-0.5485,-0.9326,-0.0522,4.06,24.29,11.83
1.924538,-0.5451,-0.9345,-0.0566,4.62,23.45,13.79
1.925135,-0.5451,-0.9335,-0.0600,3.85,23.24,12.74
1.925732,-0.5427,-0.9331,-0.0600,4.34,23.10,13.72
1.926329,-0.5427,-0.9321,-0.0566,3.50,22.96,13.51
1.926926,-0.5422,-0.9311,-0.0556,4.41,22.54,14.28
1.927523,-0.5431,-0.9301,-0.0586,3.36,22.40,14.07
1.928121,-0.5451,-0.9326,-0.0605,4.48,21.98,14.70
1.928718,-0.5441,-0.9365,-0.0634,3.36,21.56,13.93
1.928718,-0.5407,-0.9365,-0.0678,4.06,21.56,14.70
1.929308,-0.5397,-0.9360,-0.0683,3.43,20.79,14.84
1.929905,-0.5407,-0.9399,-0.0669,4.06,21.63,14.56
1.930502,-0.5407,-0.9428,-0.0669,3.43,20.16,15.75
1.931100,-0.5388,-0.9418,-0.0688,3.78,21.35,14.35
1.931697,-0.5392,-0.9414,-0.0698,3.92,19.53,16.10
1.932294,-0.5388,-0.9423,-0.0678,3.22,21.07,15.19
1.932891,-0.5339,-0.9443,-0.0688,3.99,19.11,16.52
1.933488,-0.5344,-0.9477,-0.0698,2.87,20.09,15.47
1.934085,-0.5295,-0.9511,-0.0722,4.34,18.69,16.38
1.934683,-0.5266,-0.9526,-0.0756,3.01,19.81,16.59
1.935280,-0.5270,-0.9531,-0.0786,4.34,18.83,16.52
1.935877,-0.5241,-0.9555,-0.0781,3.22,19.18,17.01
1.936474,-0.5217,-0.9609,-0.0717,4.20,18.90,16.66
1.937071,-0.5212,-0.9609,-0.0717,3.71,18.06,17.15
1.937668,-0.5236,-0.9604,-0.0727,3.78,18.41,17.08
1.938265,-0.5226,-0.9623,-0.0722,3.57,18.06,17.43
1.938863,-0.5197,-0.9618,-0.0742,4.13,17.85,17.50
1.939460,-0.5168,-0.9614,-0.0786,3.78,18.13,17.36
1.940430,-0.5124,-0.9648,-0.0844,4.13,17.64,17.71
1.941027,-0.5144,-0.9648,-0.0844,3.99,17.22,17.78
1.941624,-0.5144,-0.9633,-0.0839,4.62,17.36,17.92
1.942221,-0.5134,-0.9667,-0.0815,3.92,17.01,18.34
1.942819,-0.5148,-0.9677,-0.0844,4.76,16.87,17.85
1.943416,-0.5090,-0.9677,-0.0893,3.71,16.73,18.97
1.944013,-0.5056,-0.9701,-0.0922,5.11,16.45,17.92
1.944610,-0.5056,-0.9740,-0.0976,3.85,16.45,18.97
1.945207,-0.5026,-0.9740,-0.0976,5.11,16.73,18.20
1.945804,-0.5031,-0.9731,-0.0961,4.27,16.38,18.90
1.946402,-0.5012,-0.9721,-0.1000,4.97,16.17,18.48
1.946999,-0.4973,-0.9736,-0.1015,4.69,15.68,19.04
1.947596,-0.4953,-0.9765,-0.1064,4.83,15.89,19.32
1.948193,-0.4978,-0.9770,-0.1025,4.90,15.47,19.25
1.948790,-0.4943,-0.9755,-0.1025,5.46,15.75,19.04
1.949387,-0.4914,-0.9706,-0.1103,4.97,15.12,19.74
1.949984,-0.4914,-0.9716,-0.1157,6.09,15.40,19.53
1.950582,-0.4885,-0.9755,-0.1147,5.04,15.33,19.53
1.951179,-0.4841,-0.9721,-0.1147,6.09,15.12,19.88
1.952148,-0.4826,-0.9711,-0.1157,5.74,14.63,19.74
1.952745,-0.4787,-0.9716,-0.1157,6.16,15.05,20.09
1.953342,-0.4763,-0.9692,-0.1166,5.60,14.91,19.67
1.953939,-0.4787,-0.9692,-0.1166,6.37,14.70,20.23
1.954537,-0.4773,-0.9711,-0.1161,5.95,15.12,19.88
1.955134,-0.4773,-0.9711,-0.1161,6.65,14.63,20.30
1.955731,-0.4719,-0.9687,-0.1176,5.95,14.91,20.16
1.956328,-0.4670,-0.9662,-0.1176,6.79,14.14,20.93
1.956925,-0.4665,-0.9677,-0.1186,6.30,14.91,20.30
1.957522,-0.4636,-0.9677,-0.1176,6.65,14.28,21.42
1.958120,-0.4616,-0.9643,-0.1161,7.00,14.70,20.02
1.958717,-0.4563,-0.9628,-0.1176,6.65,14.07,21.84
1.959314,-0.4548,-0.9614,-0.1220,7.07,14.84,19.95
1.959911,-0.4519,-0.9575,-0.1225,6.93,13.72,21.56
1.960508,-0.4509,-0.9579,-0.1215,7.70,15.05,19.67
1.961105,-0.4509,-0.9584,-0.1215,6.51,14.14,22.12
1.961702,-0.4455,-0.9536,-0.1220,8.05,14.63,20.09
1.962300,-0.4407,-0.9511,-0.1235,6.93,14.56,21.70
1.962897,-0.4460,-0.9467,-0.1200,7.91,14.77,20.58
1.962897,-0.4460,-0.9457,-0.1220,7.07,14.56,21.42
1.963487,-0.4402,-0.9472,-0.1264,7.91,14.63,20.93
1.964084,-0.4446,-0.9448,-0.1274,7.21,14.84,20.79
1.964681,-0.4441,-0.9414,-0.1274,8.12,14.63,21.07
1.965279,-0.4412,-0.9428,-0.1259,7.21,15.40,21.00
1.965876,-0.4412,-0.9409,-0.1244,7.84,14.49,21.35
1.966473,-0.4402,-0.9404,-0.1235,7.77,15.47,20.72
1.967070,-0.4338,-0.9404,-0.1225,7.77,14.84,21.63
1.967667,-0.4280,-0.9360,-0.1249,8.19,15.40,20.02
1.968264,-0.4275,-0.9345,-0.1303,7.77,14.98,21.49
1.968862,-0.4270,-0.9316,-0.1318,8.26,15.68,20.02
1.969459,-0.4285,-0.9335,-0.1313,7.42,15.19,21.49
1.970056,-0.4294,-0.9335,-0.1303,8.54,14.91,19.95
1.970653,-0.4236,-0.9326,-0.1269,7.49,15.54,21.00
1.971250,-0.4216,-0.9331,-0.1264,8.82,15.05,20.23
1.971847,-0.4221,-0.9306,-0.1283,7.70,15.47,20.72
1.972444,-0.4221,-0.9301,-0.1288,8.54,15.96,20.09
1.973042,-0.4250,-0.9306,-0.1313,7.77,15.19,20.65
1.973639,-0.4202,-0.9316,-0.1298,8.19,16.38,19.88
1.973639,-0.4153,-0.9331,-0.1279,7.98,15.47,20.79
1.974230,-0.4172,-0.9301,-0.1269,8.33,16.52,19.60
1.974827,-0.4168,-0.9301,-0.1298,7.91,15.96,20.30
1.975424,-0.4172,-0.9287,-0.1327,8.33,16.45,19.53
1.976022,-0.4172,-0.9252,-0.1274,8.12,15.82,19.88
1.976619,-0.4148,-0.9243,-0.1244,7.98,16.87,19.60
1.977216,-0.4148,-0.9252,-0.1264,8.40,16.17,19.53
1.977813,-0.4114,-0.9262,-0.1303,8.33,16.94,19.60
1.978410,-0.4070,-0.9262,-0.1322,8.26,16.38,19.46
1.979007,-0.4046,-0.9252,-0.1313,8.05,17.57,19.46
1.979605,-0.4011,-0.9223,-0.1288,8.12,16.38,19.25
1.980202,-0.3992,-0.9233,-0.1288,8.40,17.57,18.97
1.980799,-0.4006,-0.9209,-0.1274,8.05,17.08,19.04
1.981396,-0.4021,-0.9179,-0.1259,7.77,17.71,18.83
1.981993,-0.4050,-0.9189,-0.1264,8.54,17.08,18.41
1.982590,-0.4060,-0.9170,-0.1288,7.84,18.06,18.34
1.983187,-0.4031,-0.9170,-0.1298,8.40,17.43,18.27
1.983785,-0.4041,-0.9155,-0.1288,8.05,17.99,18.55
1.984382,-0.4026,-0.9150,-0.1259,8.26,17.64,17.64
1.985351,-0.4036,-0.9150,-0.1244,7.91,18.20,18.13
1.985948,-0.4046,-0.9135,-0.1254,8.61,17.64,17.50
1.986545,-0.4046,-0.9135,-0.1249,7.56,18.62,17.85
1.987142,-0.4060,-0.9121,-0.1240,8.54,17.85,17.43
1.987740,-0.4046,-0.9087,-0.1269,7.56,18.76,16.66
1.988337,-0.4036,-0.9087,-0.1240,8.19,18.27,17.78
1.988934,-0.4060,-0.9140,-0.1210,7.49,18.76,16.59
1.989531,-0.4085,-0.9121,-0.1225,8.26,18.34,17.85
1.990128,-0.4075,-0.9043,-0.1220,7.07,18.90,16.31
1.990725,-0.4085,-0.9008,-0.1210,8.47,18.48,17.36
1.991323,-0.4089,-0.9004,-0.1205,7.07,19.25,16.03
1.991920,-0.4085,-0.9038,-0.1191,8.12,18.69,16.94
1.992517,-0.4128,-0.9023,-0.1191,6.93,19.18,15.96
1.993114,-0.4133,-0.8994,-0.1191,7.98,18.34,16.87
1.993711,-0.4138,-0.8999,-0.1176,7.56,19.04,15.47
1.994308,-0.4104,-0.9057,-0.1225,7.07,19.32,16.73
1.994905,-0.4109,-0.9013,-0.1196,7.00,19.32,16.38
1.995503,-0.4109,-0.8984,-0.1191,7.49,18.97,15.54
1.996100,-0.4133,-0.8965,-0.1171,6.79,19.60,15.82
1.997070,-0.4080,-0.8999,-0.1166,7.21,19.32,14.84
1.997667,-0.4075,-0.9018,-0.1157,6.79,18.90,15.82
1.998264,-0.4138,-0.8999,-0.1181,7.14,19.53,14.00
1.998861,-0.4153,-0.9004,-0.1220,6.86,18.76,16.31
1.999459,-0.4153,-0.8989,-0.1215,6.58,19.81,14.28
2.000056,-0.4158,-0.9013,-0.1142,6.86,18.76,15.40
2.000653,-0.4138,-0.9018,-0.1118,6.23,20.02,14.00
2.001250,-0.4133,-0.9008,-0.1137,6.79,19.11,15.40
2.001847,-0.4158,-0.8989,-0.1132,6.30,19.46,13.44
2.002444,-0.4143,-0.8960,-0.1132,6.79,18.69,15.61
2.003042,-0.4138,-0.8979,-0.1074,5.67,20.09,13.44
2.003639,-0.4163,-0.8969,-0.1049,6.86,18.34,14.91
2.004236,-0.4143,-0.9033,-0.1035,6.72,18.97,15.19
2.004833,-0.4138,-0.9004,-0.1025,5.67,19.53,12.46
2.005430,-0.4128,-0.8984,-0.1049,6.23,18.97,14.21
2.006027,-0.4182,-0.8974,-0.1069,6.02,19.18,12.67
2.006624,-0.4211,-0.8994,-0.1025,5.95,19.04,14.14
2.007222,-0.4211,-0.8989,-0.1015,5.95,19.32,11.97
2.007819,-0.4202,-0.8960,-0.1030,5.95,19.18,13.72
2.008789,-0.4177,-0.8940,-0.1054,5.74,18.83,11.62
2.009386,-0.4163,-0.8945,-0.1039,6.02,18.83,13.58
2.009983,-0.4153,-0.8930,-0.1005,5.53,18.62,11.55
2.010580,-0.4143,-0.8930,-0.1020,6.09,19.04,13.09
2.011178,-0.4182,-0.8950,-0.1039,5.39,18.27,11.20
2.011775,-0.4221,-0.8950,-0.0966,5.74,18.97,13.02
2.012372,-0.4177,-0.8950,-0.0966,5.25,18.20,10.78
2.012969,-0.4133,-0.8921,-0.1000,5.81,19.39,12.25
2.013566,-0.4148,-0.8896,-0.0966,5.11,18.41,10.50
2.014163,-0.4182,-0.8857,-0.0961,5.60,19.18,11.76
2.014761,-0.4187,-0.8847,-0.0966,5.04,18.41,9.94
2.015358,-0.4168,-0.8891,-0.0942,5.18,19.04,12.04
2.015955,-0.4172,-0.8882,-0.0937,5.53,17.99,9.38
2.016552,-0.4148,-0.8843,-0.0971,4.83,18.76,11.69
2.017149,-0.4085,-0.8833,-0.0966,5.53,17.71,9.17
2.017746,-0.4109,-0.8862,-0.0956,4.90,18.90,10.99
2.018343,-0.4128,-0.8862,-0.0947,5.18,17.64,9.24
2.018941,-0.4104,-0.8852,-0.0947,4.62,18.55,10.92
2.019538,-0.4124,-0.8867,-0.0952,5.32,17.43,8.96
2.019538,-0.4114,-0.8838,-0.0922,4.83,18.62,10.15
2.020128,-0.4094,-0.8838,-0.0922,5.11,17.78,9.10
2.020725,-0.4119,-0.8847,-0.1000,5.39,18.06,9.59
2.021322,-0.4109,-0.8813,-0.1035,4.34,17.99,9.45
2.021920,-0.4085,-0.8823,-0.0976,5.32,17.92,8.82
2.022517,-0.4080,-0.8847,-0.0947,4.34,17.43,9.38
2.023114,-0.4089,-0.8852,-0.0956,5.32,17.50,8.96
2.023711,-0.4085,-0.8838,-0.0996,3.92,17.57,9.66
2.024308,-0.4070,-0.8847,-0.1025,5.32,17.29,9.10
2.024905,-0.4080,-0.8852,-0.1005,4.48,17.22,9.24
2.025503,-0.4085,-0.8838,-0.0976,4.90,17.08,8.89
2.026100,-0.4085,-0.8833,-0.0932,4.41,17.43,9.45
2.026697,-0.4075,-0.8828,-0.0966,4.69,16.59,8.61
2.027294,-0.4055,-0.8813,-0.0986,4.55,17.50,9.59
2.027891,-0.4070,-0.8799,-0.0942,4.76,16.87,8.47
2.028488,-0.4085,-0.8799,-0.0991,4.76,16.80,9.94
2.029085,-0.4080,-0.8828,-0.1020,4.20,17.08,8.61
2.029683,-0.4055,-0.8847,-0.1020,5.04,16.59,9.73
2.030280,-0.4021,-0.8813,-0.1015,4.06,17.01,9.03
2.031250,-0.4011,-0.8833,-0.0991,4.90,15.89,10.01
2.031847,-0.3997,-0.8833,-0.0991,4.13,16.87,9.10
2.032444,-0.4016,-0.8823,-0.0986,4.90,16.10,9.73
2.033041,-0.4031,-0.8804,-0.0986,4.27,16.45,9.73
2.033639,-0.3987,-0.8808,-0.1010,5.25,16.31,9.66
2.034236,-0.3963,-0.8833,-0.1010,3.99,15.96,9.80
2.034833,-0.3967,-0.8799,-0.1000,4.90,16.52,9.66
2.035430,-0.3948,-0.8764,-0.1000,4.48,15.61,10.15
2.036027,-0.3909,-0.8774,-0.0991,4.62,16.10,9.94
2.036624,-0.3919,-0.8755,-0.0996,4.20,15.82,10.64
2.037222,-0.3933,-0.8691,-0.1000,4.55,15.68,10.01
2.037819,-0.3894,-0.8711,-0.0981,4.69,15.68,9.52
2.038416,-0.3899,-0.8701,-0.1005,4.27,15.68,10.01
2.039013,-0.3884,-0.8711,-0.0996,4.69,15.47,10.71
2.039610,-0.3889,-0.8682,-0.0947,4.34,16.03,10.08
2.040207,-0.3904,-0.8686,-0.0952,4.20,15.12,10.92
2.040804,-0.3870,-0.8721,-0.0966,4.41,15.40,9.94
2.041402,-0.3845,-0.8691,-0.0947,4.55,14.63,11.13
2.041999,-0.3845,-0.8667,-0.0961,4.41,16.03,9.80
2.042969,-0.3841,-0.8691,-0.0971,4.55,14.49,10.99
2.043566,-0.3889,-0.8691,-0.0942,4.27,15.82,9.80
2.044163,-0.3933,-0.8667,-0.0947,4.69,14.63,11.27
2.044760,-0.3899,-0.8682,-0.0937,4.06,15.61,9.87
2.045358,-0.3884,-0.8730,-0.0937,5.25,14.28,10.57
2.045955,-0.3914,-0.8745,-0.0942,3.99,15.47,10.43
2.046552,-0.3919,-0.8735,-0.0922,4.90,14.42,11.06
2.047149,-0.3894,-0.8740,-0.0908,4.20,15.05,10.36
2.047746,-0.3904,-0.8721,-0.0942,5.18,14.56,11.06
2.048343,-0.3865,-0.8740,-0.0976,4.34,14.77,10.85
2.048941,-0.3860,-0.8750,-0.0956,4.97,14.28,11.06
2.049538,-0.3889,-0.8779,-0.0913,4.55,14.70,10.64
2.050135,-0.3865,-0.8789,-0.0937,4.69,13.79,11.41
2.050732,-0.3870,-0.8804,-0.0961,4.69,14.63,10.50
2.051329,-0.3884,-0.8789,-0.0956,4.62,14.49,12.04
2.051926,-0.3870,-0.8774,-0.0922,5.39,14.42,10.50
2.052523,-0.3884,-0.8808,-0.0942,4.20,14.07,12.53
2.053121,-0.3909,-0.8838,-0.0971,5.46,14.56,10.43
2.053718,-0.3924,-0.8891,-0.0971,4.34,13.58,13.16
2.054687,-0.3928,-0.8911,-0.0952,5.53,14.07,10.85
2.055284,-0.3884,-0.8901,-0.0947,4.48,13.30,13.16
2.055881,-0.3860,-0.8891,-0.0991,5.81,14.42,10.99
2.056478,-0.3841,-0.8867,-0.1010,4.41,13.37,13.44
2.057076,-0.3855,-0.8862,-0.1010,5.95,14.21,11.34
2.057673,-0.3865,-0.8886,-0.0991,4.97,12.95,13.30
2.058270,-0.3845,-0.8901,-0.0991,5.81,14.07,11.34
2.058867,-0.3850,-0.8891,-0.1020,4.76,13.09,13.93
2.059464,-0.3865,-0.8896,-0.1000,5.88,13.72,11.20
2.060061,-0.3826,-0.8896,-0.0952,4.76,13.23,14.56
2.060659,-0.3826,-0.8862,-0.0947,5.81,13.23,12.11
2.061256,-0.3870,-0.8886,-0.0991,5.46,13.23,14.00
2.061853,-0.3880,-0.8930,-0.1005,6.02,12.67,12.53
2.062450,-0.3865,-0.8901,-0.0996,5.46,13.86,13.79
2.063047,-0.3845,-0.8877,-0.1020,5.88,12.39,13.16
2.063644,-0.3816,-0.8886,-0.1030,5.74,13.58,13.93
2.064241,-0.3762,-0.8852,-0.1015,5.67,11.97,13.72
2.064839,-0.3767,-0.8877,-0.1015,6.02,13.58,13.72
2.065436,-0.3797,-0.8896,-0.1015,5.46,12.46,13.72
2.065436,-0.3782,-0.8882,-0.1015,5.95,13.44,14.14
2.066027,-0.3772,-0.8886,-0.1005,5.53,11.83,14.07
2.066624,-0.3762,-0.8872,-0.0991,6.30,13.44,13.09
2.067221,-0.3782,-0.8833,-0.0986,5.04,12.11,14.77
2.067819,-0.3806,-0.8833,-0.0976,6.65,13.23,13.44
2.068416,-0.3792,-0.8828,-0.0971,5.32,11.69,14.91
2.069013,-0.3792,-0.8813,-0.0961,6.65,13.02,13.09
2.069610,-0.3782,-0.8843,-0.0947,5.39,12.11,15.19
2.070207,-0.3748,-0.8847,-0.0961,6.93,12.74,12.25
2.070804,-0.3753,-0.8843,-0.0976,5.18,12.04,15.40
2.071402,-0.3806,-0.8862,-0.0961,7.00,12.67,12.32
2.071999,-0.3782,-0.8804,-0.0937,7.14,12.67,11.90
2.072596,-0.3772,-0.8808,-0.0932,5.67,11.76,15.54
2.073193,-0.3767,-0.8828,-0.0966,6.79,12.88,11.48
2.073790,-0.3787,-0.8789,-0.0986,5.74,11.90,15.61
2.074387,-0.3777,-0.8769,-0.0927,6.58,12.74,11.69
2.074984,-0.3782,-0.8804,-0.0922,6.09,12.04,15.26
2.075582,-0.3758,-0.8828,-0.0947,6.58,12.04,11.62
2.076179,-0.3699,-0.8847,-0.0917,6.37,12.67,14.91
2.077148,-0.3704,-0.8838,-0.0952,6.09,11.76,11.83
2.077745,-0.3704,-0.8823,-0.0952,6.51,12.46,14.63
2.078342,-0.3694,-0.8823,-0.0917,5.81,11.69,11.76
2.078939,-0.3699,-0.8838,-0.0898,6.51,12.74,14.49
2.079537,-0.3655,-0.8847,-0.0903,6.16,11.48,11.62
2.080134,-0.3606,-0.8823,-0.0922,6.23,12.88,14.21
2.080731,-0.3611,-0.8838,-0.0937,6.16,11.13,11.90
2.081328,-0.3636,-0.8857,-0.0917,6.23,13.16,13.72
2.081925,-0.3694,-0.8872,-0.0903,6.37,10.92,11.62
2.082522,-0.3709,-0.8906,-0.0893,6.30,12.88,13.79
2.083120,-0.3680,-0.8886,-0.0859,6.02,11.06,11.62
2.083717,-0.3680,-0.8877,-0.0859,6.58,12.95,13.58
2.084314,-0.3689,-0.8877,-0.0854,5.95,11.34,11.34
2.084911,-0.3670,-0.8882,-0.0844,6.51,12.74,12.95
2.085508,-0.3665,-0.8891,-0.0839,5.60,11.48,11.69
2.086105,-0.3728,-0.8901,-0.0820,6.44,12.95,12.32
2.086702,-0.3748,-0.8921,-0.0859,5.74,11.62,11.48
2.087300,-0.3723,-0.8940,-0.0878,6.93,12.74,11.97
2.087897,-0.3758,-0.8911,-0.0849,5.53,11.76,11.41
2.087897,-0.3772,-0.8906,-0.0844,7.07,12.46,11.69
2.088487,-0.3797,-0.8935,-0.0825,5.60,11.62,11.34
2.089084,-0.3806,-0.8921,-0.0830,6.93,12.46,10.71
2.089681,-0.3811,-0.8930,-0.0869,5.74,11.69,10.85
2.090279,-0.3850,-0.8921,-0.0854,6.93,12.11,10.57
2.090876,-0.3855,-0.8872,-0.0830,5.46,11.76,10.57
2.091473,-0.3826,-0.8877,-0.0825,6.65,11.97,10.15
2.092070,-0.3841,-0.8896,-0.0810,5.88,12.04,10.08
2.092667,-0.3880,-0.8872,-0.0830,6.58,11.83,9.38
2.093264,-0.3850,-0.8877,-0.0849,5.74,12.04,9.94
2.093862,-0.3860,-0.8872,-0.0815,6.37,11.55,9.10
2.094459,-0.3909,-0.8847,-0.0844,6.23,11.83,9.38
2.095056,-0.3909,-0.8838,-0.0844,5.81,11.55,8.68
2.095653,-0.3860,-0.8838,-0.0869,6.23,11.76,9.24
2.096250,-0.3855,-0.8833,-0.0839,5.67,11.41,8.26
2.096847,-0.3899,-0.8769,-0.0825,6.30,11.27,8.96
2.097444,-0.3924,-0.8760,-0.0825,5.11,12.11,8.05
2.098042,-0.3933,-0.8769,-0.0839,6.51,10.78,8.68
2.098639,-0.3894,-0.8784,-0.0834,5.18,11.83,6.72
2.098639,-0.3860,-0.8784,-0.0820,6.72,10.78,8.61
2.099230,-0.3860,-0.8745,-0.0854,4.69,12.04,6.44
2.099827,-0.3875,-0.8755,-0.0834,6.30,11.06,8.12
2.100424,-0.3880,-0.8735,-0.0820,5.04,11.69,5.88
2.101022,-0.3899,-0.8725,-0.0844,6.16,10.92,7.84
2.101619,-0.3943,-0.8760,-0.0849,4.62,11.83,6.02
2.102216,-0.3943,-0.8745,-0.0874,6.09,10.64,7.63
2.102813,-0.3938,-0.8740,-0.0874,4.55,11.20,5.60
2.103410,-0.3933,-0.8760,-0.0830,5.74,10.92,7.14
2.104007,-0.3884,-0.8725,-0.0810,4.55,11.13,5.53
2.104605,-0.3870,-0.8730,-0.0810,4.90,11.48,4.83
2.105202,-0.3860,-0.8740,-0.0825,5.11,10.50,6.86
2.105799,-0.3865,-0.8760,-0.0825,4.97,11.48,4.62
2.106396,-0.3884,-0.8735,-0.0805,4.69,11.06,6.23
2.106993,-0.3914,-0.8696,-0.0815,4.97,11.27,3.92
2.107590,-0.3904,-0.8711,-0.0815,4.41,10.85,6.72
2.108187,-0.3899,-0.8696,-0.0830,4.90,11.06,3.92
2.108785,-0.3880,-0.8677,-0.0815,4.13,10.64,6.30
2.109382,-0.3884,-0.8677,-0.0791,4.55,11.34,3.50
2.110351,-0.3924,-0.8696,-0.0732,3.99,10.92,5.81
2.110948,-0.3919,-0.8672,-0.0732,4.69,10.92,3.08
2.111545,-0.3928,-0.8691,-0.0756,4.06,11.06,5.95
2.112142,-0.3943,-0.8725,-0.0800,4.06,11.06,2.73
2.112740,-0.3963,-0.8701,-0.0815,4.48,10.64,4.90
2.113337,-0.3972,-0.8682,-0.0825,3.57,11.34,2.87
2.113934,-0.3982,-0.8647,-0.0815,4.41,10.50,4.62
2.114531,-0.3977,-0.8638,-0.0786,3.57,10.78,2.52
2.115128,-0.3933,-0.8618,-0.0786,4.34,10.85,4.48
2.115725,-0.3948,-0.8603,-0.0815,2.80,11.20,2.59
2.116323,-0.4021,-0.8638,-0.0834,4.34,10.71,4.13
2.116920,-0.4006,-0.8638,-0.0830,2.94,11.55,1.75
2.117517,-0.3972,-0.8628,-0.0825,4.27,10.22,3.50
2.118114,-0.4006,-0.8647,-0.0820,2.73,11.34,1.75
2.118711,-0.4011,-0.8682,-0.0825,4.13,10.29,3.36
2.119308,-0.4021,-0.8657,-0.0839,2.73,11.27,1.54
2.119905,-0.4036,-0.8638,-0.0854,3.71,10.43,3.08
2.120503,-0.4011,-0.8667,-0.0903,2.73,11.27,1.19
2.121100,-0.4055,-0.8711,-0.0932,3.43,10.64,2.80
2.122070,-0.4070,-0.8716,-0.0888,2.59,11.27,0.91
2.122667,-0.4046,-0.8701,-0.0903,3.36,10.57,2.59
2.123264,-0.4075,-0.8721,-0.0908,2.80,11.20,0.49
2.123861,-0.4109,-0.8725,-0.0834,2.80,11.13,2.31
2.124459,-0.4109,-0.8696,-0.0825,3.22,10.85,0.00
2.125056,-0.4089,-0.8682,-0.0844,2.38,11.06,1.96
2.125653,-0.4075,-0.8701,-0.0869,3.29,10.78,0.42
2.126250,-0.4055,-0.8735,-0.0888,2.31,10.92,1.68
2.126847,-0.4075,-0.8750,-0.0893,3.36,10.57,0.14
2.127444,-0.4070,-0.8721,-0.0883,2.24,11.13,1.40
2.128042,-0.4050,-0.8711,-0.0908,3.15,10.50,0.35
2.128639,-0.4060,-0.8706,-0.0859,2.66,11.20,0.77
2.129236,-0.4124,-0.8721,-0.0859,3.08,11.13,0.70
2.129833,-0.4124,-0.8735,-0.0834,2.80,10.57,0.14
2.130430,-0.4109,-0.8740,-0.0800,2.59,11.83,0.56
2.131027,-0.4109,-0.8711,-0.0815,2.38,10.57,0.63
2.131624,-0.4124,-0.8730,-0.0849,2.52,11.48,0.07
2.132222,-0.4119,-0.8701,-0.0878,2.59,10.64,0.63
2.132819,-0.4158,-0.8725,-0.0869,2.94,11.55,-0.70
2.133789,-0.4143,-0.8755,-0.0854,2.17,10.78,0.77
2.134386,-0.4119,-0.8711,-0.0864,3.08,11.90,-0.70
2.134983,-0.4133,-0.8735,-0.0878,2.03,10.36,1.05
2.135580,-0.4158,-0.8745,-0.0893,3.15,11.90,-1.54
2.136178,-0.4197,-0.8716,-0.0893,2.03,10.43,1.19
2.136775,-0.4163,-0.8725,-0.0913,2.66,11.62,-1.54
2.137372,-0.4128,-0.8711,-0.0908,2.31,10.36,0.91
2.137969,-0.4119,-0.8686,-0.0913,2.73,11.62,-1.54
2.138566,-0.4138,-0.8730,-0.0932,2.59,10.64,0.77
2.139163,-0.4187,-0.8750,-0.0947,2.66,11.76,-0.91
2.139761,-0.4211,-0.8691,-0.1000,2.24,10.78,0.56
2.140358,-0.4216,-0.8696,-0.0996,2.31,10.71,0.77
2.140955,-0.4182,-0.8691,-0.0952,2.87,11.55,-0.98
2.141552,-0.4143,-0.8686,-0.0932,2.45,11.13,0.56
2.142149,-0.4168,-0.8725,-0.0996,2.80,11.90,-0.63
2.142746,-0.4168,-0.8735,-0.1039,2.52,10.99,0.14
2.143343,-0.4172,-0.8725,-0.1054,2.45,12.04,-0.49
2.143941,-0.4177,-0.8711,-0.1015,2.73,10.99,0.49
2.144538,-0.4177,-0.8696,-0.1005,2.31,12.39,-0.42
2.144538,-0.4211,-0.8706,-0.1035,2.87,11.06,0.49
2.145128,-0.4207,-0.8721,-0.0991,2.03,12.39,-0.14
2.145725,-0.4216,-0.8721,-0.0981,3.08,11.34,0.91
2.146322,-0.4187,-0.8711,-0.0981,2.17,12.18,-0.35
2.146920,-0.4163,-0.8721,-0.0991,3.08,11.20,1.26
2.147517,-0.4177,-0.8735,-0.1015,1.96,12.04,0.07
2.148114,-0.4187,-0.8721,-0.1025,2.94,11.55,0.98
2.148711,-0.4207,-0.8721,-0.1044,2.45,11.97,0.63
2.149308,-0.4207,-0.8755,-0.0981,2.73,12.32,1.05
2.149905,-0.4207,-0.8774,-0.0956,2.59,12.04,1.05
2.150503,-0.4216,-0.8755,-0.0991,2.66,11.90,1.12
2.151100,-0.4236,-0.8755,-0.1000,2.87,12.88,1.26
2.151697,-0.4211,-0.8725,-0.1039,2.73,11.83,1.40
2.152294,-0.4187,-0.8691,-0.1039,2.80,12.60,1.40
2.152891,-0.4221,-0.8730,-0.0976,2.66,12.18,0.98
2.153488,-0.4231,-0.8730,-0.0986,3.01,12.53,1.75
2.154085,-0.4197,-0.8711,-0.1025,2.45,12.53,1.26
2.154683,-0.4177,-0.8740,-0.1044,3.22,12.53,2.24
2.155280,-0.4192,-0.8769,-0.1039,2.24,12.60,1.19
2.156250,-0.4211,-0.8764,-0.0991,3.29,12.67,2.73
2.156847,-0.4168,-0.8769,-0.1010,2.45,12.46,1.82
2.157444,-0.4182,-0.8755,-0.1035,3.85,12.74,2.10
2.158041,-0.4221,-0.8755,-0.1069,2.31,12.95,2.38
2.158639,-0.4168,-0.8769,-0.1088,3.36,13.30,2.52
2.159236,-0.4197,-0.8784,-0.1078,2.73,12.74,2.45
2.159833,-0.4255,-0.8789,-0.1069,3.36,13.65,3.29
2.160430,-0.4216,-0.8750,-0.1083,2.73,12.88,2.52
2.161027,-0.4197,-0.8755,-0.1142,3.50,13.86,3.71
2.161624,-0.4221,-0.8808,-0.1098,2.87,12.74,3.01
2.162222,-0.4260,-0.8847,-0.1142,3.29,13.23,2.87
2.162819,-0.4285,-0.8838,-0.1103,2.94,14.14,4.76
2.163416,-0.4304,-0.8843,-0.1044,3.71,13.16,2.59
2.164013,-0.4329,-0.8843,-0.1069,2.80,14.00,5.04
2.164610,-0.4309,-0.8804,-0.1088,4.06,13.65,2.59
2.165207,-0.4304,-0.8789,-0.1098,2.87,13.93,5.11
2.165804,-0.4294,-0.8828,-0.1108,4.34,13.44,2.59
2.166402,-0.4270,-0.8843,-0.1113,2.52,13.93,5.60
2.166999,-0.4294,-0.8843,-0.1142,4.34,13.37,2.73
2.167969,-0.4343,-0.8828,-0.1122,2.73,14.14,6.30
2.168566,-0.4353,-0.8833,-0.1103,4.41,13.44,2.45
2.169163,-0.4343,-0.8847,-0.1147,3.43,14.00,5.81
2.169760,-0.4368,-0.8847,-0.1157,4.34,14.14,2.94
2.170358,-0.4392,-0.8862,-0.1147,3.43,13.79,6.09
2.170955,-0.4397,-0.8896,-0.1147,4.13,13.93,2.80
2.171552,-0.4382,-0.8926,-0.1118,3.85,13.79,6.30
2.172149,-0.4431,-0.8896,-0.1118,3.85,14.42,2.73
2.172746,-0.4446,-0.8886,-0.1147,3.57,14.35,2.87
2.173343,-0.4451,-0.8896,-0.1171,4.69,13.65,6.72
2.173941,-0.4451,-0.8891,-0.1161,3.43,14.56,3.15
2.174538,-0.4416,-0.8872,-0.1152,4.97,13.93,6.37
2.175135,-0.4421,-0.8872,-0.1166,3.64,14.07,3.43
2.175732,-0.4431,-0.8901,-0.1157,4.97,14.21,5.74
2.176329,-0.4455,-0.8891,-0.1152,3.92,13.93,3.92
2.176926,-0.4436,-0.8867,-0.1157,4.76,14.49,5.53
2.177523,-0.4441,-0.8847,-0.1186,4.06,13.79,4.20
2.178121,-0.4455,-0.8843,-0.1186,4.48,14.70,5.53
2.178718,-0.4412,-0.8852,-0.1161,4.20,13.86,4.62
2.179687,-0.4431,-0.8862,-0.1181,4.41,14.14,5.88
2.180284,-0.4470,-0.8862,-0.1181,4.41,13.93,4.41
2.180881,-0.4451,-0.8828,-0.1137,4.55,14.56,5.53
2.181478,-0.4421,-0.8843,-0.1137,4.13,14.07,4.90
2.182076,-0.4431,-0.8852,-0.1152,4.83,14.28,5.81
2.182673,-0.4441,-0.8843,-0.1103,4.27,14.07,4.41
2.183270,-0.4446,-0.8843,-0.1093,4.97,13.93,5.95
2.183867,-0.4436,-0.8823,-0.1098,4.69,14.49,4.27
2.184464,-0.4441,-0.8799,-0.1127,5.04,13.51,6.65
2.185061,-0.4441,-0.8804,-0.1132,4.76,14.77,4.41
2.185659,-0.4416,-0.8794,-0.1118,4.90,13.79,7.07
2.186256,-0.4451,-0.8769,-0.1093,4.55,14.42,5.25
2.186853,-0.4475,-0.8774,-0.1103,4.97,13.79,6.65
2.187450,-0.4455,-0.8789,-0.1142,4.34,14.35,5.25
2.188047,-0.4490,-0.8764,-0.1122,4.69,14.35,6.37
2.188644,-0.4504,-0.8779,-0.1108,5.18,13.79,5.60
2.189241,-0.4504,-0.8828,-0.1088,4.41,14.14,6.79
2.189839,-0.4509,-0.8828,-0.1069,4.97,13.86,6.30
2.190436,-0.4514,-0.8804,-0.1083,4.62,14.00,6.93
2.190436,-0.4553,-0.8764,-0.1078,4.69,14.14,5.95
2.191027,-0.4543,-0.8769,-0.1025,4.69,13.93,7.21
2.191624,-0.4494,-0.8794,-0.1025,4.76,13.93,6.02
2.192221,-0.4504,-0.8789,-0.1030,4.83,14.00,7.49
2.192819,-0.4504,-0.8808,-0.1039,4.55,13.86,6.72
2.193416,-0.4524,-0.8838,-0.1020,4.90,13.72,7.35
2.194013,-0.4519,-0.8818,-0.0986,4.62,14.14,6.51
2.194610,-0.4509,-0.8813,-0.1025,5.04,13.51,7.77
2.195207,-0.4563,-0.8838,-0.1044,4.55,13.86,6.93
2.195804,-0.4568,-0.8852,-0.1015,5.11,13.72,7.49
2.196402,-0.4563,-0.8896,-0.1015,4.41,13.30,7.35
2.196999,-0.4563,-0.8906,-0.1039,5.25,13.58,6.93
2.197596,-0.4573,-0.8857,-0.1015,4.06,13.79,8.12
2.198193,-0.4636,-0.8847,-0.0961,5.18,13.44,7.14
2.198790,-0.4670,-0.8857,-0.0932,4.27,13.86,8.40
2.199387,-0.4631,-0.8862,-0.0971,5.04,13.58,6.72
2.199984,-0.4607,-0.8857,-0.1025,4.62,13.58,8.61
2.200582,-0.4631,-0.8877,-0.1039,4.97,13.23,6.93
2.201179,-0.4660,-0.8882,-0.1010,4.83,13.72,8.54
2.201179,-0.4665,-0.8882,-0.0961,5.11,13.02,7.07
2.201769,-0.4636,-0.8896,-0.0961,4.83,13.16,8.75
2.202366,-0.4660,-0.8916,-0.0952,4.90,13.16,7.14
2.202963,-0.4690,-0.8945,-0.0922,4.97,13.16,9.24
2.203561,-0.4695,-0.8926,-0.0932,4.97,12.74,7.00
2.204158,-0.4714,-0.8930,-0.0976,4.97,12.88,9.45
2.204755,-0.4738,-0.8960,-0.0981,5.11,12.53,6.44
2.205352,-0.4729,-0.8950,-0.0966,5.25,12.53,9.59
2.205949,-0.4719,-0.8969,-0.0991,4.76,12.39,7.00
2.206546,-0.4738,-0.8994,-0.1005,5.46,12.53,9.45
2.207144,-0.4738,-0.8994,-0.0996,4.41,12.46,7.28
2.207741,-0.4734,-0.9043,-0.0976,6.09,12.60,8.96
2.208338,-0.4709,-0.9048,-0.0937,4.55,12.18,7.42
2.208935,-0.4675,-0.9023,-0.0947,6.02,11.90,9.24
2.209532,-0.4675,-0.9018,-0.1000,4.27,12.53,7.28
2.210129,-0.4690,-0.8999,-0.1015,6.23,12.25,9.52
2.210726,-0.4719,-0.9013,-0.1020,4.48,12.11,7.21
2.211324,-0.4734,-0.9038,-0.0971,5.95,12.11,10.15
2.211921,-0.4748,-0.9008,-0.0927,4.34,11.55,7.49
2.212890,-0.4758,-0.9028,-0.0937,6.30,12.25,9.45
2.213487,-0.4763,-0.9072,-0.0956,4.55,11.41,7.63
2.214084,-0.4778,-0.9067,-0.0932,6.02,12.46,9.24
2.214681,-0.4758,-0.9091,-0.0913,5.04,11.34,8.12
2.215279,-0.4734,-0.9126,-0.0922,5.81,12.18,8.96
2.215876,-0.4709,-0.9101,-0.0932,5.53,10.99,8.12
2.216473,-0.4748,-0.9096,-0.0917,5.81,11.90,9.59
2.217070,-0.4787,-0.9121,-0.0913,5.18,11.27,8.47
2.217667,-0.4748,-0.9091,-0.0893,5.53,11.41,9.38
2.218264,-0.4729,-0.9077,-0.0878,5.74,10.78,8.33
2.218862,-0.4743,-0.9077,-0.0864,5.25,11.83,9.24
2.219459,-0.4748,-0.9062,-0.0834,6.37,10.15,8.61
2.220056,-0.4738,-0.9057,-0.0903,4.76,12.04,9.17
2.220653,-0.4738,-0.9057,-0.0937,6.51,10.43,8.26
2.221250,-0.4724,-0.9052,-0.0903,4.34,12.18,9.73
2.221847,-0.4685,-0.9052,-0.0922,6.65,10.22,8.54
2.222444,-0.4680,-0.9077,-0.0922,4.55,11.62,9.66
2.223042,-0.4685,-0.9062,-0.0883,6.30,10.22,8.75
2.223639,-0.4675,-0.9033,-0.0898,4.90,11.06,9.59
2.223639,-0.4675,-0.9043,-0.0898,6.37,10.50,8.96
2.224230,-0.4695,-0.9091,-0.0859,4.97,11.06,9.38
2.224827,-0.4704,-0.9116,-0.0854,6.30,10.50,8.61
2.225424,-0.4699,-0.9101,-0.0893,5.25,10.78,9.94
2.226022,-0.4675,-0.9052,-0.0874,5.95,10.85,8.19
2.226619,-0.4636,-0.9013,-0.0849,5.39,10.36,10.08
2.227216,-0.4607,-0.8989,-0.0874,5.25,11.20,8.05
2.227813,-0.4621,-0.8994,-0.0883,6.09,10.15,10.22
2.228410,-0.4631,-0.8984,-0.0913,4.62,11.27,8.19
2.229007,-0.4607,-0.8979,-0.0893,6.09,10.43,10.36
2.229605,-0.4612,-0.9023,-0.0859,4.83,10.99,7.77
2.230202,-0.4621,-0.9043,-0.0869,6.02,10.36,10.22
2.230799,-0.4602,-0.9062,-0.0859,4.48,10.92,8.12
2.231396,-0.4577,-0.9033,-0.0864,5.95,10.43,10.71
2.231993,-0.4582,-0.9023,-0.0869,4.62,10.99,8.26
2.232590,-0.4563,-0.9082,-0.0874,5.74,10.36,10.78
2.233187,-0.4563,-0.9106,-0.0888,4.83,11.13,8.54
2.233785,-0.4602,-0.9072,-0.0917,5.53,10.57,10.64
2.234382,-0.4587,-0.9052,-0.0888,4.27,11.27,8.61
2.234382,-0.4573,-0.9038,-0.0898,5.60,10.71,10.64
2.234972,-0.4573,-0.9008,-0.0961,4.48,11.06,8.89
2.235569,-0.4538,-0.8999,-0.0961,5.46,10.99,10.71
2.236166,-0.4543,-0.8994,-0.0942,4.20,10.71,9.24
2.236764,-0.4573,-0.8999,-0.0922,5.32,11.13,10.43
2.237361,-0.4558,-0.9013,-0.0966,4.20,10.78,9.66
2.237958,-0.4529,-0.9033,-0.0976,5.39,11.20,10.08
2.238555,-0.4499,-0.9018,-0.0922,3.71,11.06,10.01
2.239152,-0.4490,-0.9004,-0.0898,5.32,10.71,11.20
2.239749,-0.4499,-0.8989,-0.0961,3.36,11.48,9.94
2.240346,-0.4436,-0.9008,-0.0942,3.85,11.55,9.87
2.240944,-0.4446,-0.8989,-0.0952,4.62,10.99,11.48
2.241541,-0.4475,-0.8974,-0.0956,3.78,11.34,9.45
2.242138,-0.4470,-0.9018,-0.0956,4.34,10.92,11.62
2.242735,-0.4441,-0.9008,-0.0961,3.92,11.97,9.03
2.243332,-0.4465,-0.8979,-0.0976,4.34,10.92,11.76
2.243929,-0.4460,-0.9028,-0.0986,3.22,12.53,9.59
2.244527,-0.4416,-0.9048,-0.0981,4.13,10.99,11.83
2.245124,-0.4446,-0.9028,-0.0932,3.50,11.83,9.45
2.246094,-0.4431,-0.9043,-0.0961,3.57,11.90,12.04
2.246691,-0.4377,-0.9082,-0.1005,3.64,11.76,9.59
2.247288,-0.4387,-0.9111,-0.0966,3.85,12.18,11.69
2.247885,-0.4412,-0.9126,-0.0927,3.36,12.04,9.73
2.248483,-0.4382,-0.9145,-0.0956,3.50,12.04,11.48
2.249080,-0.4382,-0.9140,-0.0976,3.43,11.97,9.87
2.249677,-0.4402,-0.9126,-0.0927,3.57,12.32,10.92
2.250274,-0.4387,-0.9082,-0.0932,3.29,11.90,10.36
2.250871,-0.4368,-0.9096,-0.0956,3.36,12.60,10.22
2.251468,-0.4353,-0.9135,-0.0961,3.15,12.18,10.64
2.252066,-0.4382,-0.9130,-0.0961,3.15,13.02,10.08
2.252663,-0.4382,-0.9145,-0.0952,3.22,12.60,10.71
2.253260,-0.4382,-0.9160,-0.0971,2.66,12.88,10.01
2.253857,-0.4382,-0.9174,-0.0966,3.29,12.60,10.85
2.254454,-0.4333,-0.9170,-0.0947,2.45,13.09,9.87
2.255051,-0.4314,-0.9135,-0.0961,3.22,12.81,10.22
2.255648,-0.4275,-0.9130,-0.0991,2.66,13.37,9.45
2.256246,-0.4270,-0.9145,-0.0942,2.87,13.02,10.36
2.256843,-0.4314,-0.9121,-0.0903,2.94,13.30,9.38
2.257812,-0.4314,-0.9126,-0.0913,2.73,13.09,10.57
2.258409,-0.4329,-0.9179,-0.0913,2.66,13.65,8.68
2.259006,-0.4329,-0.9194,-0.0947,2.73,13.72,10.50
2.259603,-0.4275,-0.9209,-0.0898,2.66,13.65,8.61
2.260201,-0.4260,-0.9204,-0.0908,2.45,13.93,10.15
2.260798,-0.4299,-0.9155,-0.0971,2.52,13.79,8.19
2.261395,-0.4319,-0.9199,-0.0932,2.80,14.42,10.36
2.261992,-0.4309,-0.9257,-0.0869,2.24,13.93,7.91
2.262589,-0.4309,-0.9213,-0.0937,2.66,14.21,10.36
2.263186,-0.4280,-0.9228,-0.0903,2.94,14.56,9.24
2.263784,-0.4294,-0.9257,-0.0898,1.61,14.77,8.61
2.264381,-0.4309,-0.9238,-0.0927,3.15,14.70,9.03
2.264978,-0.4275,-0.9238,-0.0913,1.54,14.56,7.98
2.265575,-0.4285,-0.9233,-0.0893,2.94,15.19,8.75
2.266172,-0.4343,-0.9213,-0.0883,1.68,14.84,7.70
2.266769,-0.4309,-0.9204,-0.0913,2.66,15.40,8.68
2.267366,-0.4255,-0.9218,-0.0932,2.17,14.84,7.56
2.267964,-0.4241,-0.9223,-0.0932,2.45,15.40,7.84
2.268561,-0.4250,-0.9204,-0.0917,1.96,15.12,7.63
2.268561,-0.4270,-0.9209,-0.0893,2.03,15.96,7.14
2.269152,-0.4275,-0.9204,-0.0932,2.52,14.91,7.63
2.269749,-0.4280,-0.9174,-0.0937,1.89,16.38,6.65
2.270346,-0.4275,-0.9170,-0.0937,2.52,15.12,7.42
2.270944,-0.4290,-0.9170,-0.0932,1.54,16.52,6.37
2.271541,-0.4304,-0.9160,-0.0932,2.59,15.26,7.21
2.272138,-0.4265,-0.9135,-0.0932,1.33,16.38,5.95
2.272735,-0.4226,-0.9101,-0.0908,2.73,15.75,6.72
2.273332,-0.4231,-0.9096,-0.0937,0.98,16.59,6.30
2.273929,-0.4216,-0.9087,-0.0942,2.87,16.10,6.16
2.274526,-0.4192,-0.9096,-0.0956,1.12,17.01,5.74
2.275124,-0.4221,-0.9130,-0.0947,2.45,16.66,6.72
2.275721,-0.4241,-0.9130,-0.0922,1.68,16.94,5.04
2.276318,-0.4207,-0.9101,-0.0981,1.75,16.73,6.65
2.276915,-0.4168,-0.9091,-0.1035,1.89,16.94,4.83
2.277512,-0.4153,-0.9052,-0.1064,1.40,17.01,6.65
2.278109,-0.4172,-0.9033,-0.1035,1.82,17.36,4.69
2.278707,-0.4172,-0.9013,-0.1005,1.40,17.01,6.58
2.279304,-0.4192,-0.9008,-0.0986,1.82,17.36,4.48
2.280273,-0.4202,-0.9018,-0.0956,1.26,17.36,6.30
2.280870,-0.4211,-0.9008,-0.0952,1.82,17.50,4.69
2.281467,-0.4216,-0.9004,-0.0971,1.19,17.78,5.95
2.282064,-0.4187,-0.8999,-0.0981,1.68,17.64,4.76
2.282662,-0.4207,-0.9013,-0.0986,1.12,17.85,5.74
2.283259,-0.4192,-0.9008,-0.0981,1.12,18.13,4.97
2.283856,-0.4172,-0.8960,-0.0932,1.26,17.85,5.46
2.284453,-0.4192,-0.8960,-0.0952,1.05,18.48,4.90
2.285050,-0.4207,-0.9004,-0.0981,1.33,18.55,5.39
2.285647,-0.4182,-0.9004,-0.0932,0.42,18.13,5.18
2.286245,-0.4148,-0.9004,-0.0947,1.61,18.76,4.48
2.286842,-0.4168,-0.8984,-0.0986,0.63,17.92,5.32
2.287439,-0.4197,-0.8955,-0.0952,1.33,19.39,4.41
2.288036,-0.4197,-0.8955,-0.0932,0.70,18.34,5.04
2.288633,-0.4202,-0.8935,-0.0927,0.91,19.67,3.99
2.289230,-0.4211,-0.8921,-0.0913,0.35,18.90,5.32
2.289827,-0.4250,-0.8901,-0.0927,0.84,19.67,4.20
2.290425,-0.4270,-0.8886,-0.0893,0.07,19.32,5.32
2.291022,-0.4216,-0.8896,-0.0874,0.84,19.53,3.92
2.291022,-0.4226,-0.8877,-0.0937,0.28,19.18,5.32
2.291612,-0.4231,-0.8882,-0.0932,0.21,19.74,3.85
2.292209,-0.4231,-0.8852,-0.0927,0.70,19.88,5.18
2.292806,-0.4246,-0.8799,-0.0942,-0.07,19.81,3.78
2.293404,-0.4250,-0.8823,-0.0917,0.49,20.16,5.60
2.294001,-0.4246,-0.8857,-0.0917,-0.28,20.02,3.01
2.294598,-0.4221,-0.8813,-0.0947,0.63,20.30,5.46
2.295195,-0.4255,-0.8779,-0.0942,-0.63,20.23,3.15
2.295792,-0.4270,-0.8794,-0.0922,0.49,20.30,5.46
2.296389,-0.4265,-0.8755,-0.0903,-0.91,20.23,2.94
2.296986,-0.4280,-0.8701,-0.0913,0.56,20.16,5.18
2.297584,-0.4343,-0.8725,-0.0922,0.49,20.86,5.46
2.298181,-0.4324,-0.8711,-0.0927,-1.26,20.30,3.29
2.298778,-0.4338,-0.8716,-0.0942,0.00,21.07,5.25
2.299375,-0.4338,-0.8725,-0.0961,-1.33,20.65,3.22
2.299972,-0.4338,-0.8691,-0.0961,-0.35,21.21,4.90
2.300569,-0.4338,-0.8642,-0.0961,-1.26,20.79,3.43
2.301167,-0.4358,-0.8657,-0.0971,-0.35,21.21,4.83
2.301764,-0.4324,-0.8662,-0.0917,-1.75,20.86,3.57
2.302734,-0.4319,-0.8642,-0.0903,-0.98,21.49,4.62
2.303331,-0.4372,-0.8613,-0.0917,-1.61,20.72,3.99
2.303928,-0.4392,-0.8599,-0.0917,-0.84,21.21,4.13
2.304525,-0.4382,-0.8618,-0.0908,-1.96,21.07,4.55
2.305123,-0.4397,-0.8594,-0.0893,-1.40,21.28,3.92
2.305720,-0.4416,-0.8545,-0.0898,-1.82,21.42,4.55
2.306317,-0.4387,-0.8555,-0.0888,-1.54,21.35,3.71
2.306914,-0.4397,-0.8579,-0.0859,-2.10,21.56,4.62
2.307511,-0.4416,-0.8579,-0.0859,-2.03,21.21,3.78
2.308108,-0.4460,-0.8540,-0.0869,-2.52,21.56,4.48
2.308706,-0.4499,-0.8501,-0.0800,-1.82,20.86,3.78
2.309303,-0.4499,-0.8520,-0.0800,-2.17,21.49,4.90
2.309900,-0.4490,-0.8550,-0.0815,-2.45,21.56,3.36
2.310497,-0.4504,-0.8491,-0.0859,-2.59,21.56,4.90
2.311094,-0.4534,-0.8457,-0.0883,-2.87,21.21,3.57
2.311691,-0.4529,-0.8486,-0.0874,-2.52,21.70,4.83
2.312288,-0.4509,-0.8457,-0.0864,-3.22,21.28,3.92
2.312886,-0.4494,-0.8398,-0.0854,-2.73,21.84,4.83
2.313483,-0.4514,-0.8408,-0.0791,-3.15,21.07,3.92
2.313483,-0.4519,-0.8472,-0.0771,-2.94,21.84,4.69
2.314073,-0.4524,-0.8467,-0.0820,-3.29,20.93,3.92
2.314670,-0.4577,-0.8408,-0.0815,-2.80,21.91,4.20
2.315267,-0.4582,-0.8408,-0.0810,-3.64,20.93,4.41
2.315865,-0.4558,-0.8442,-0.0805,-3.29,21.70,4.34
2.316462,-0.4563,-0.8433,-0.0795,-4.06,21.00,4.76
2.317059,-0.4573,-0.8403,-0.0834,-3.43,21.56,4.41
2.317656,-0.4607,-0.8394,-0.0834,-3.85,20.58,4.55
2.318253,-0.4612,-0.8389,-0.0795,-3.85,21.63,4.48
2.318850,-0.4612,-0.8389,-0.0815,-3.78,20.37,4.76
2.319447,-0.4621,-0.8384,-0.0800,-4.06,21.63,3.99
2.320045,-0.4597,-0.8350,-0.0800,-3.99,20.58,4.69
2.320642,-0.4616,-0.8369,-0.0800,-4.69,21.77,4.34
2.321239,-0.4665,-0.8398,-0.0776,-3.85,20.44,5.04
2.321836,-0.4660,-0.8369,-0.0786,-4.69,21.42,4.55
2.322433,-0.4695,-0.8330,-0.0795,-4.13,20.44,5.04
2.323030,-0.4753,-0.8325,-0.0800,-4.97,21.35,4.76
2.323628,-0.4763,-0.8374,-0.0761,-3.85,20.44,5.11
2.324225,-0.4724,-0.8403,-0.0722,-5.18,20.44,4.90
2.325195,-0.4719,-0.8359,-0.0742,-4.55,20.79,4.83
2.325792,-0.4734,-0.8330,-0.0747,-5.04,20.51,5.18
2.326389,-0.4763,-0.8320,-0.0708,-4.90,21.00,4.34
2.326986,-0.4812,-0.8355,-0.0683,-5.04,19.74,5.46
2.327584,-0.4821,-0.8384,-0.0727,-5.18,21.28,4.55
2.328181,-0.4846,-0.8355,-0.0742,-5.11,19.11,5.32
2.328778,-0.4851,-0.8369,-0.0678,-5.46,20.86,4.69
2.329375,-0.4797,-0.8359,-0.0683,-4.62,19.32,4.97
2.329972,-0.4773,-0.8350,-0.0727,-5.95,20.86,4.83
2.330569,-0.4787,-0.8350,-0.0698,-4.62,18.55,4.69
2.331166,-0.4807,-0.8330,-0.0649,-6.02,21.00,4.48
2.331764,-0.4807,-0.8369,-0.0664,-4.76,18.34,5.18
2.332361,-0.4797,-0.8384,-0.0698,-6.51,20.65,4.83
2.332958,-0.4831,-0.8384,-0.0712,-4.97,18.62,4.97
2.333555,-0.4890,-0.8369,-0.0722,-6.37,20.30,4.90
2.334152,-0.4909,-0.8350,-0.0688,-4.90,18.13,4.48
2.334749,-0.4885,-0.8364,-0.0669,-6.16,20.37,4.62
2.335347,-0.4909,-0.8374,-0.0688,-5.11,17.92,4.27
2.335944,-0.4924,-0.8364,-0.0717,-6.30,19.74,4.83
2.335944,-0.4924,-0.8355,-0.0752,-5.39,17.78,4.48
2.336534,-0.4953,-0.8340,-0.0766,-6.23,19.04,4.83
2.337131,-0.4934,-0.8311,-0.0776,-5.67,18.06,3.85
2.337728,-0.4924,-0.8316,-0.0791,-6.09,18.69,4.97
2.338326,-0.4982,-0.8296,-0.0786,-5.95,17.71,3.78
2.338923,-0.4987,-0.8262,-0.0747,-6.23,18.34,5.18
2.339520,-0.4963,-0.8306,-0.0756,-6.37,17.71,3.36
2.340117,-0.4958,-0.8335,-0.0805,-5.88,17.78,5.39
2.340714,-0.4909,-0.8286,-0.0766,-6.44,17.43,3.29
2.341311,-0.4948,-0.8296,-0.0766,-6.86,16.80,3.29
2.341908,-0.4943,-0.8301,-0.0830,-5.67,16.73,5.32
2.342506,-0.4929,-0.8311,-0.0844,-6.93,17.22,2.52
2.343103,-0.4934,-0.8316,-0.0820,-5.81,16.38,6.16
2.343700,-0.4919,-0.8320,-0.0800,-7.07,17.50,2.38
2.344297,-0.4909,-0.8306,-0.0839,-5.39,16.10,6.02
2.344894,-0.4880,-0.8262,-0.0874,-7.28,17.50,1.89
2.345491,-0.4851,-0.8257,-0.0849,-5.74,15.89,5.74
2.346089,-0.4885,-0.8252,-0.0844,-6.93,16.94,2.17
2.346686,-0.4890,-0.8237,-0.0883,-5.67,15.54,5.67
2.347656,-0.4885,-0.8242,-0.0874,-7.21,16.73,2.52
2.348253,-0.4890,-0.8228,-0.0839,-5.53,15.19,5.46
2.348850,-0.4841,-0.8218,-0.0859,-7.28,16.80,2.31
2.349447,-0.4797,-0.8198,-0.0864,-5.81,15.33,5.46
2.350045,-0.4802,-0.8159,-0.0859,-6.93,16.38,2.59
2.350642,-0.4778,-0.8154,-0.0859,-6.44,15.33,5.11
2.351239,-0.4768,-0.8159,-0.0893,-6.58,15.61,2.66
2.351836,-0.4768,-0.8145,-0.0874,-6.65,15.26,5.25
2.352433,-0.4782,-0.8125,-0.0839,-6.37,15.47,2.52
2.353030,-0.4753,-0.8115,-0.0849,-6.72,14.70,5.39
2.353627,-0.4699,-0.8120,-0.0854,-6.30,15.75,2.38
2.354225,-0.4704,-0.8120,-0.0854,-7.07,15.12,5.11
2.354822,-0.4704,-0.8125,-0.0883,-6.23,15.05,2.66
2.355419,-0.4709,-0.8081,-0.0898,-7.00,14.91,4.69
2.356016,-0.4699,-0.8067,-0.0893,-6.09,14.70,2.94
2.356613,-0.4680,-0.8086,-0.0903,-7.07,14.84,4.76
2.357210,-0.4656,-0.8081,-0.0922,-6.37,14.77,2.87
2.357808,-0.4616,-0.8076,-0.0913,-7.07,14.49,4.76
2.358405,-0.4607,-0.8047,-0.0913,-6.37,14.77,2.66
2.358405,-0.4602,-0.8052,-0.0961,-6.58,14.63,4.76
2.358995,-0.4587,-0.8052,-0.0961,-6.72,14.77,2.94
2.359592,-0.4612,-0.8037,-0.0971,-6.09,14.56,4.69
2.360189,-0.4616,-0.8062,-0.1015,-7.00,14.70,3.71
2.360787,-0.4626,-0.8072,-0.1000,-5.88,14.07,4.20
2.361384,-0.4616,-0.8091,-0.0952,-7.56,15.05,3.57
2.361981,-0.4607,-0.8111,-0.0981,-5.53,14.00,4.48
2.362578,-0.4636,-0.8101,-0.0996,-7.28,14.70,3.78
2.363175,-0.4656,-0.8120,-0.1025,-5.53,13.93,4.76
2.363772,-0.4631,-0.8120,-0.1054,-5.53,14.28,4.83
2.364369,-0.4597,-0.8140,-0.1044,-7.14,14.28,4.48
2.364967,-0.4616,-0.8101,-0.1088,-5.46,14.35,4.97
2.365564,-0.4656,-0.8062,-0.1118,-7.21,14.35,4.76
2.366161,-0.4636,-0.8072,-0.1078,-5.04,13.72,5.25
2.366758,-0.4641,-0.8115,-0.1078,-7.21,14.00,5.04
2.367355,-0.4670,-0.8145,-0.1152,-4.76,13.79,5.32
2.367952,-0.4699,-0.8145,-0.1171,-7.00,13.86,5.81
2.368550,-0.4670,-0.8154,-0.1137,-5.25,13.65,5.74
2.369147,-0.4641,-0.8164,-0.1147,-6.16,13.79,6.16
2.370117,-0.4660,-0.8159,-0.1166,-5.39,13.79,6.02
2.370714,-0.4665,-0.8179,-0.1161,-5.53,13.72,6.37
2.371311,-0.4656,-0.8189,-0.1200,-5.67,14.00,6.02
2.371908,-0.4670,-0.8179,-0.1225,-4.90,13.58,7.14
2.372506,-0.4665,-0.8198,-0.1225,-5.81,14.14,6.58
2.373103,-0.4660,-0.8218,-0.1205,-4.48,13.37,7.77
2.373700,-0.4646,-0.8223,-0.1186,-6.02,13.72,6.79
2.374297,-0.4621,-0.8194,-0.1225,-4.20,13.79,8.47
2.374894,-0.4631,-0.8213,-0.1210,-5.95,13.79,7.42
2.375491,-0.4641,-0.8223,-0.1166,-3.85,13.72,9.03
2.376088,-0.4651,-0.8223,-0.1137,-5.32,13.58,7.49
2.376686,-0.4641,-0.8242,-0.1137,-3.85,13.23,9.66
2.377283,-0.4616,-0.8252,-0.1122,-5.18,13.93,7.49
2.377880,-0.4626,-0.8252,-0.1191,-3.57,13.16,10.15
2.378477,-0.4621,-0.8228,-0.1215,-4.83,13.93,8.12
2.379074,-0.4646,-0.8242,-0.1171,-3.71,13.16,10.71
2.379671,-0.4641,-0.8296,-0.1157,-4.55,13.72,8.47
2.380269,-0.4602,-0.8306,-0.1157,-3.64,12.74,11.55
2.380866,-0.4626,-0.8311,-0.1176,-3.85,13.72,9.03
2.380866,-0.4636,-0.8325,-0.1225,-3.50,13.23,11.62
2.381456,-0.4631,-0.8359,-0.1254,-3.15,13.23,9.31
2.382053,-0.4631,-0.8369,-0.1235,-3.50,13.44,11.69
2.382650,-0.4592,-0.8355,-0.1235,-2.80,13.72,10.22
2.383248,-0.4612,-0.8384,-0.1215,-3.43,13.30,11.83
2.383845,-0.4656,-0.8394,-0.1191,-2.59,13.30,10.71
2.384442,-0.4602,-0.8389,-0.1240,-3.22,13.44,12.11
2.385039,-0.4563,-0.8403,-0.1264,-1.96,13.16,11.27
2.385636,-0.4577,-0.8433,-0.1240,-3.36,13.79,12.53
2.386233,-0.4563,-0.8433,-0.1235,-1.82,12.88,11.76
2.386830,-0.4587,-0.8438,-0.1283,-2.73,13.79,12.67
2.387428,-0.4582,-0.8433,-0.1283,-1.89,12.88,12.32
2.388025,-0.4563,-0.8433,-0.1279,-2.38,13.93,13.23
2.388622,-0.4592,-0.8462,-0.1298,-1.68,13.09,12.88
2.389219,-0.4538,-0.8501,-0.1332,-1.26,13.44,12.81
2.389816,-0.4548,-0.8535,-0.1303,-1.89,13.30,13.30
2.390413,-0.4616,-0.8491,-0.1264,-0.98,13.86,13.16
2.391011,-0.4582,-0.8467,-0.1293,-1.68,13.23,13.79
2.391608,-0.4553,-0.8516,-0.1332,-0.49,13.65,13.51
2.392578,-0.4587,-0.8535,-0.1337,-1.68,13.16,14.21
2.393175,-0.4582,-0.8535,-0.1332,-0.28,13.44,13.79
2.393772,-0.4553,-0.8530,-0.1347,-1.68,13.65,13.93
2.394369,-0.4558,-0.8550,-0.1347,0.21,13.37,14.21
2.394967,-0.4577,-0.8520,-0.1352,-1.05,13.79,13.58
2.395564,-0.4573,-0.8472,-0.1347,0.56,13.51,14.28
2.396161,-0.4587,-0.8491,-0.1308,-0.63,14.07,13.58
2.396758,-0.4616,-0.8506,-0.1308,0.35,13.02,14.56
2.397355,-0.4626,-0.8520,-0.1342,-0.63,14.07,14.21
2.397952,-0.4646,-0.8506,-0.1362,0.35,13.23,15.05
2.398549,-0.4626,-0.8496,-0.1391,0.00,14.42,13.79
2.399147,-0.4597,-0.8467,-0.1391,0.70,12.74,14.63
2.399744,-0.4597,-0.8442,-0.1362,0.14,14.63,13.93
2.400341,-0.4616,-0.8496,-0.1332,0.77,13.30,14.14
2.400938,-0.4602,-0.8491,-0.1366,1.05,14.42,14.07
2.401535,-0.4612,-0.8433,-0.1381,0.77,13.30,13.86
2.402132,-0.4631,-0.8452,-0.1337,1.26,14.56,13.93
2.402730,-0.4612,-0.8452,-0.1342,0.63,13.44,14.07
2.403327,-0.4636,-0.8418,-0.1401,1.61,14.63,13.93
2.403327,-0.4631,-0.8428,-0.1391,0.70,13.44,13.58
2.403917,-0.4612,-0.8413,-0.1357,1.54,14.84,14.14
2.404514,-0.4621,-0.8408,-0.1366,0.98,13.51,13.51
2.405111,-0.4646,-0.8384,-0.1386,1.47,14.84,13.93
2.405709,-0.4621,-0.8359,-0.1337,1.33,13.86,12.95
2.406306,-0.4587,-0.8355,-0.1298,1.40,14.91,13.93
2.406903,-0.4607,-0.8355,-0.1357,1.61,13.93,12.67
2.407500,-0.4641,-0.8389,-0.1376,1.40,14.77,14.14
2.408097,-0.4656,-0.8374,-0.1362,1.82,14.00,12.53
2.408694,-0.4646,-0.8325,-0.1366,1.40,15.12,13.72
2.409291,-0.4641,-0.8316,-0.1371,1.96,14.00,12.53
2.409889,-0.4641,-0.8335,-0.1283,1.05,15.12,13.30
2.410486,-0.4641,-0.8325,-0.1283,1.82,14.42,12.25
2.411083,-0.4660,-0.8291,-0.1274,1.54,14.91,13.37
2.411680,-0.4680,-0.8276,-0.1288,1.96,14.56,12.11
2.412277,-0.4704,-0.8272,-0.1327,1.54,15.05,13.44
2.412874,-0.4729,-0.8262,-0.1298,1.61,14.56,11.55
2.413472,-0.4738,-0.8247,-0.1259,1.75,14.84,13.51
2.414069,-0.4753,-0.8252,-0.1293,1.54,14.84,11.62
2.414069,-0.4768,-0.8272,-0.1283,1.96,15.12,13.51
2.414659,-0.4748,-0.8262,-0.1279,1.40,14.63,11.48
2.415256,-0.4758,-0.8252,-0.1279,1.96,15.47,12.67
2.415853,-0.4812,-0.8291,-0.1269,1.40,14.63,11.69
2.416451,-0.4802,-0.8306,-0.1274,1.54,15.68,12.53
2.417048,-0.4787,-0.8247,-0.1264,1.12,14.70,11.13
2.417645,-0.4797,-0.8213,-0.1264,1.61,15.47,12.74
2.418242,-0.4797,-0.8267,-0.1249,1.26,14.70,11.27
2.418839,-0.4812,-0.8281,-0.1249,1.40,15.54,12.25
2.419436,-0.4846,-0.8228,-0.0010,1.33,14.70,11.41
2.420033,-0.4860,-0.8198,-0.1225,1.26,15.47,12.04
2.420631,-0.4846,-0.8198,-0.1186,1.12,15.26,11.41
2.421228,-0.4860,-0.8208,-0.1210,1.40,14.98,11.34
2.421825,-0.4904,-0.8198,-0.1244,0.70,15.40,11.62
2.422422,-0.4890,-0.8184,-0.1259,1.33,14.91,11.76
2.423019,-0.4846,-0.8194,-0.1264,0.98,15.26,11.41
2.423616,-0.4856,-0.8179,-0.1230,1.33,15.05,11.41
2.424214,-0.4909,-0.8189,-0.1200,0.63,15.68,11.41
2.424811,-0.4914,-0.8233,-0.1200,0.84,14.91,11.20
2.425781,-0.4895,-0.8213,-0.1205,0.84,15.40,11.13
2.426378,-0.4919,-0.8174,-0.1205,0.28,15.26,11.34
2.426975,-0.4978,-0.8169,-0.1186,0.98,15.54,10.71
2.427572,-0.4987,-0.8184,-0.1186,0.00,15.05,11.34
2.428170,-0.4963,-0.8169,-0.1200,0.70,15.47,10.99
2.428767,-0.4963,-0.8150,-0.1191,0.21,15.26,11.27
2.429364,-0.4992,-0.8150,-0.1205,0.14,15.26,11.20
2.429961,-0.5007,-0.8174,-0.1186,0.28,14.84,11.41
2.430558,-0.4992,-0.8145,-0.1191,0.35,15.40,10.57
2.431155,-0.5061,-0.8130,-0.1210,-0.42,15.26,11.48
2.431752,-0.5046,-0.8125,-0.1176,-0.70,15.40,11.13
2.432350,-0.5017,-0.8135,-0.1166,0.14,14.77,10.64
2.432947,-0.5017,-0.8130,-0.1152,-0.77,15.40,10.92
2.433544,-0.5056,-0.8096,-0.1132,-0.63,14.91,10.71
2.434141,-0.5061,-0.8120,-0.1108,-0.98,15.33,10.85
2.434738,-0.5075,-0.8150,-0.1137,-0.70,14.91,10.99
2.435335,-0.5104,-0.8120,-0.1176,-1.19,14.98,10.92
2.435933,-0.5100,-0.8115,-0.1161,-1.19,14.63,10.99
2.436530,-0.5075,-0.8140,-0.1166,-0.98,15.05,10.78
2.437500,-0.5100,-0.8130,-0.1147,-1.40,14.70,11.20
2.438097,-0.5119,-0.8130,-0.1147,-1.12,14.77,10.43
2.438694,-0.5129,-0.8159,-0.1152,-1.68,14.98,10.92
2.439291,-0.5158,-0.8174,-0.1132,-1.54,14.98,11.13
2.439889,-0.5144,-0.8184,-0.1142,-1.26,14.28,11.06
2.440486,-0.5144,-0.8198,-0.1196,-1.89,14.77,10.99
2.441083,-0.5134,-0.8208,-0.1176,-1.68,14.35,11.48
2.441680,-0.5109,-0.8179,-0.1142,-2.17,15.12,11.06
2.442277,-0.5109,-0.8169,-0.1152,-1.89,14.14,11.41
2.442874,-0.5114,-0.8233,-0.1137,-2.38,14.63,11.13
2.443471,-0.5119,-0.8272,-0.1166,-1.96,14.21,11.48
2.444069,-0.5109,-0.8223,-0.1215,-2.17,14.77,10.71
2.444666,-0.5100,-0.8194,-0.1215,-2.31,13.79,11.69
2.445263,-0.5124,-0.8237,-0.1191,-2.66,14.84,10.78
2.445860,-0.5100,-0.8272,-0.1176,-2.66,14.00,11.83
2.446457,-0.5065,-0.8257,-0.1215,-2.52,14.28,10.71
2.447054,-0.5095,-0.8218,-0.1230,-2.80,13.93,12.11
2.447652,-0.5114,-0.8218,-0.1205,-2.73,14.21,10.78
2.448249,-0.5109,-0.8242,-0.1210,-2.94,14.07,12.11
2.448249,-0.5085,-0.8272,-0.1205,-2.66,14.14,10.36
2.448839,-0.5085,-0.8286,-0.1230,-2.80,13.58,11.97
2.449436,-0.5075,-0.8286,-0.1249,-3.15,14.35,10.22
2.450033,-0.5036,-0.8306,-0.1230,-3.22,13.58,12.67
2.450631,-0.5036,-0.8296,-0.1220,-3.15,14.56,9.52
2.451228,-0.5036,-0.8252,-0.1200,-3.15,13.58,12.60
2.451825,-0.5007,-0.8276,-0.1196,-3.50,14.35,9.52
2.452422,-0.4997,-0.8325,-0.1205,-2.80,13.65,12.88
2.453019,-0.5012,-0.8306,-0.1240,-3.92,14.42,9.45
2.453616,-0.4973,-0.8276,-0.1313,-3.15,13.23,13.16
2.454213,-0.4968,-0.8316,-0.1298,-3.22,14.35,12.32
2.454811,-0.4953,-0.8320,-0.1235,-3.71,13.44,9.87
2.455408,-0.4934,-0.8316,-0.1249,-3.43,14.49,11.34
2.456005,-0.4943,-0.8306,-0.1288,-4.06,13.16,10.08
2.456602,-0.4958,-0.8330,-0.1269,-3.71,14.77,11.41
2.457199,-0.4953,-0.8379,-0.1283,-4.27,13.44,9.94
2.457796,-0.4909,-0.8389,-0.1293,-3.36,14.14,11.27
2.458394,-0.4865,-0.8379,-0.1308,-4.48,13.09,10.01
2.458991,-0.4885,-0.8394,-0.1332,-3.50,14.56,10.71
2.459961,-0.4870,-0.8408,-0.1332,-4.13,13.23,10.01
2.460558,-0.4860,-0.8452,-0.1352,-3.57,14.98,10.57
2.461155,-0.4875,-0.8491,-0.1362,-3.92,13.37,10.01
2.461752,-0.4851,-0.8477,-0.1352,-3.99,15.05,10.50
2.462350,-0.4817,-0.8486,-0.1352,-3.99,13.72,9.80
2.462947,-0.4812,-0.8501,-0.1347,-3.71,14.91,10.15
2.463544,-0.4817,-0.8491,-0.1366,-3.57,13.30,10.01
2.464141,-0.4831,-0.8516,-0.1381,-3.99,14.98,10.36
2.464738,-0.4846,-0.8560,-0.1366,-3.29,13.72,9.80
2.465335,-0.4836,-0.8545,-0.1391,-3.99,15.26,10.22
2.465932,-0.4836,-0.8555,-0.1357,-3.36,13.72,9.87
2.466530,-0.4797,-0.8550,-0.1376,-3.78,13.86,10.22
2.467127,-0.4778,-0.8550,-0.1376,-3.57,15.40,9.52
2.467724,-0.4792,-0.8545,-0.1401,-3.78,14.42,10.36
2.468321,-0.4773,-0.8594,-0.1405,-3.22,15.68,9.38
2.468918,-0.4748,-0.8584,-0.1405,-3.50,14.56,9.73
2.469515,-0.4753,-0.8540,-0.1440,-3.50,15.68,9.38
2.470113,-0.4782,-0.8525,-0.1425,-3.50,14.42,9.87
2.470710,-0.4773,-0.8520,-0.1444,-3.57,15.68,9.24
2.471680,-0.4729,-0.8516,-0.1449,-3.43,14.70,9.94
2.472277,-0.4748,-0.8501,-0.1440,-3.43,15.68,9.03
2.472874,-0.4763,-0.8477,-0.1440,-3.22,15.47,9.52
2.473471,-0.4768,-0.8477,-0.1425,-3.36,15.68,8.96
2.474069,-0.4758,-0.8506,-0.1415,-3.36,15.54,9.38
2.474666,-0.4734,-0.8516,-0.1425,-3.08,15.54,8.89
2.475263,-0.4763,-0.8511,-0.1459,-3.22,16.03,8.82
2.475860,-0.4797,-0.8486,-0.1498,-3.08,15.68,9.17
2.476457,-0.4797,-0.8477,-0.1537,-3.08,16.17,8.82
2.477054,-0.4773,-0.8467,-0.1571,-2.73,16.17,9.31
2.477651,-0.4758,-0.8477,-0.1581,-2.80,16.10,7.84
2.478249,-0.4768,-0.8496,-0.1571,-2.87,16.87,9.66
2.478846,-0.4778,-0.8516,-0.1552,-2.59,16.03,7.70
2.479443,-0.4812,-0.8525,-0.1576,-2.59,16.52,9.17
2.480040,-0.4802,-0.8486,-0.1625,-2.80,16.38,7.21
2.480637,-0.4778,-0.8457,-0.1596,-2.24,17.15,9.10
2.481234,-0.4812,-0.8472,-0.1566,-3.08,16.59,6.93
2.481832,-0.4856,-0.8462,-0.1606,-1.75,16.94,9.03
2.482429,-0.4817,-0.8423,-0.1630,-3.01,16.80,6.93
2.482429,-0.4743,-0.8442,-0.1669,-1.68,17.08,8.82
2.483019,-0.4768,-0.8447,-0.1688,-2.66,16.52,7.07
2.483616,-0.4817,-0.8452,-0.1684,-1.89,17.71,8.75
2.484213,-0.4807,-0.8462,-0.1674,-2.52,16.66,6.93
2.484811,-0.4821,-0.8467,-0.1630,-2.03,18.20,8.75
2.485408,-0.4851,-0.8472,-0.1649,-2.31,16.87,7.14
2.486005,-0.4860,-0.8462,-0.1693,-1.75,18.20,8.26
2.486602,-0.4870,-0.8481,-0.1645,-2.10,16.80,7.35
2.487199,-0.4875,-0.8496,-0.1679,-1.75,18.20,8.40
2.487796,-0.4860,-0.8477,-0.1684,-1.33,17.85,8.12
2.488393,-0.4846,-0.8530,-0.1693,-1.68,17.78,7.07
2.488991,-0.4846,-0.8560,-0.1674,-1.61,18.48,8.82
2.489588,-0.4846,-0.8530,-0.1693,-1.54,17.64,7.28
2.490185,-0.4909,-0.8501,-0.1723,-1.61,18.41,8.82
2.490782,-0.4914,-0.8486,-0.1718,-1.40,17.78,7.63
2.491379,-0.4865,-0.8506,-0.1742,-1.33,18.27,8.96
2.491976,-0.4890,-0.8481,-0.1747,-1.19,18.34,7.77
2.492574,-0.4900,-0.8486,-0.1708,-1.26,17.85,9.17
2.493171,-0.4900,-0.8520,-0.1684,-1.05,18.62,7.56
2.494140,-0.4900,-0.8545,-0.1693,-1.19,18.06,9.80
2.494737,-0.4929,-0.8555,-0.1718,-0.70,18.69,7.42
2.495334,-0.4919,-0.8550,-0.1728,-0.63,17.92,10.22
2.495931,-0.4904,-0.8599,-0.1708,-0.91,19.11,7.84
2.496529,-0.4948,-0.8584,-0.1703,-0.56,18.27,10.29
2.497126,-0.4943,-0.8560,-0.1693,-1.05,19.11,8.40
2.497723,-0.4895,-0.8569,-0.1664,-0.28,18.62,10.01
2.498320,-0.4875,-0.8560,-0.1649,-0.98,19.04,8.89
2.498917,-0.4880,-0.8555,-0.1620,-0.21,18.76,10.15
2.499514,-0.4904,-0.8525,-0.1606,0.28,18.27,10.36
2.500111,-0.4900,-0.8530,-0.1625,-0.63,19.81,10.08
2.500709,-0.4895,-0.8535,-0.1630,0.42,18.34,10.08
2.501306,-0.4890,-0.8540,-0.1625,-0.63,20.02,10.29
2.501903,-0.4875,-0.8540,-0.1625,0.07,18.69,10.85
2.502500,-0.4885,-0.8545,-0.1640,-0.14,19.74,10.43
2.503097,-0.4865,-0.8550,-0.1620,0.14,19.11,11.27
2.503694,-0.4841,-0.8545,-0.1601,0.07,19.81,10.85
2.504292,-0.4856,-0.8579,-0.1591,0.35,19.11,11.27
2.504889,-0.4895,-0.8599,-0.1547,0.28,20.23,11.20
2.505859,-0.4880,-0.8560,-0.1542,0.21,19.46,11.34
2.506456,-0.4870,-0.8540,-0.1518,0.84,20.02,11.55
2.507053,-0.4914,-0.8540,-0.1523,-0.21,19.88,11.48
2.507650,-0.4919,-0.8589,-0.1571,0.77,19.81,12.11
2.508248,-0.4904,-0.8599,-0.1523,0.14,20.02,11.76
2.508845,-0.4924,-0.8589,-0.1484,1.19,19.95,12.53
2.509442,-0.4958,-0.8618,-0.1498,-0.21,20.37,11.97
2.510039,-0.4948,-0.8603,-0.1518,1.05,19.67,13.02
2.510636,-0.4948,-0.8613,-0.1493,0.21,20.23,11.83
2.511233,-0.4948,-0.8633,-0.1484,1.40,19.60,13.30
2.511830,-0.4943,-0.8623,-0.1493,0.21,20.72,12.18
2.512428,-0.4953,-0.8613,-0.1454,1.47,19.46,13.58
2.513025,-0.4963,-0.8628,-0.1444,0.35,21.07,12.32
2.513622,-0.4958,-0.8642,-0.1449,1.33,19.67,14.00
2.514219,-0.4958,-0.8608,-0.1410,0.77,20.72,12.25
2.514816,-0.4978,-0.8584,-0.1415,1.47,19.67,14.07
2.515413,-0.4992,-0.8603,-0.1454,0.56,20.58,12.18
2.516011,-0.5012,-0.8594,-0.1459,1.05,19.88,14.14
2.516608,-0.4997,-0.8569,-0.1410,0.91,20.51,12.18
2.516608,-0.4973,-0.8584,-0.1366,0.98,20.09,13.51
2.517198,-0.4992,-0.8589,-0.1352,1.12,20.30,12.25
2.517795,-0.4997,-0.8579,-0.1347,0.91,20.44,13.37
2.518392,-0.5007,-0.8550,-0.1337,1.19,20.16,12.32
2.518990,-0.5031,-0.8550,-0.1337,0.63,20.30,13.58
2.519587,-0.5031,-0.8545,-0.1371,1.40,20.09,12.18
2.520184,-0.5022,-0.8511,-0.1366,0.70,20.58,12.95
2.520781,-0.5046,-0.8501,-0.1347,1.33,19.95,12.39
2.521378,-0.5007,-0.8496,-0.1342,0.35,20.93,12.53
2.521975,-0.5031,-0.8496,-0.1327,1.54,19.53,12.39
2.522572,-0.5070,-0.8447,-0.1342,0.84,20.65,12.18
2.523170,-0.5080,-0.8462,-0.1303,0.63,20.58,11.27
2.523767,-0.5041,-0.8452,-0.1322,1.33,19.39,12.04
2.524364,-0.5017,-0.8477,-0.1357,0.28,21.28,11.13
2.524961,-0.5046,-0.8462,-0.1332,1.12,18.83,12.04
2.525558,-0.5075,-0.8428,-0.1322,0.28,21.21,10.85
2.526155,-0.5090,-0.8413,-0.1322,0.98,19.18,11.20
2.526753,-0.5095,-0.8389,-0.1288,0.63,20.79,10.50
2.527350,-0.5090,-0.8428,-0.1274,0.28,19.88,10.78
2.528320,-0.5109,-0.8438,-0.1283,0.91,20.16,10.08
2.528917,-0.5104,-0.8413,-0.1283,0.28,19.60,10.64
2.529514,-0.5095,-0.8389,-0.1352,0.77,19.95,9.38
2.530111,-0.5085,-0.8394,-0.1391,0.00,20.37,10.01
2.530709,-0.5051,-0.8408,-0.1337,0.63,19.74,8.82
2.531306,-0.5046,-0.8359,-0.1288,0.07,19.88,9.52
2.531903,-0.5075,-0.8316,-0.1269,0.49,19.60,8.26
2.532500,-0.5036,-0.8335,-0.1269,0.07,19.60,9.17
2.533097,-0.5022,-0.8369,-0.1288,0.00,19.74,7.77
2.533694,-0.5051,-0.8359,-0.1303,0.28,19.74,8.47
2.534291,-0.5026,-0.8345,-0.1303,-0.35,19.46,7.28
2.534889,-0.5046,-0.8355,-0.1298,0.42,20.09,7.77
2.535486,-0.5065,-0.8355,-0.1264,-0.49,19.11,6.58
2.536083,-0.5022,-0.8311,-0.1249,0.21,20.02,6.79
2.536680,-0.5017,-0.8262,-0.1274,-0.56,19.25,5.60
2.537277,-0.5026,-0.8257,-0.1279,0.00,20.23,6.86
2.537874,-0.4992,-0.8213,-0.1279,-0.98,19.11,4.83
2.538472,-0.5002,-0.8164,-0.1288,-0.07,20.16,5.53
2.539069,-0.5007,-0.8145,-0.1308,-1.68,18.76,4.55
2.539069,-0.4997,-0.8111,-0.1318,0.07,20.23,5.04
2.539659,-0.4987,-0.8057,-0.1288,-1.68,18.97,4.34
2.540256,-0.4943,-0.8067,-0.1288,0.07,19.95,3.50
2.540853,-0.4924,-0.8067,-0.1303,-2.10,19.11,3.99
2.541451,-0.4934,-0.8013,-0.1279,-0.56,20.16,3.36
2.542048,-0.4924,-0.8008,-0.1293,-1.75,18.76,2.87
2.542645,-0.4924,-0.8018,-0.1293,-1.26,19.88,2.59
2.543242,-0.4924,-0.7993,-0.1279,-1.96,18.90,2.24
2.543839,-0.4953,-0.7984,-0.1288,-1.47,19.88,1.68
2.544436,-0.4953,-0.7979,-0.1293,-2.10,18.69,1.89
2.545033,-0.4939,-0.8008,-0.1283,-1.89,19.67,0.56
2.545631,-0.4924,-0.8028,-0.1322,-2.24,19.11,1.75
2.546228,-0.4904,-0.8003,-0.1342,-2.38,19.67,-0.14
2.546825,-0.4934,-0.7989,-0.1288,-2.38,19.39,1.05
2.547422,-0.4924,-0.7950,-0.1283,-3.01,19.74,-0.63
2.548019,-0.4909,-0.7915,-0.1303,-2.10,19.32,0.07
2.548616,-0.4875,-0.7940,-0.1283,-3.36,19.53,-0.98
2.549214,-0.4851,-0.7959,-0.1269,-2.24,19.46,-0.21
2.549811,-0.4895,-0.7950,-0.1259,-3.92,19.67,-1.54
2.550781,-0.4909,-0.7935,-0.1269,-2.17,19.95,-0.84
2.551378,-0.4890,-0.7945,-0.1318,-4.27,19.18,-1.68
2.551975,-0.4895,-0.7959,-0.1332,-2.17,20.02,-1.75
2.552572,-0.4885,-0.7950,-0.1322,-4.20,18.90,-1.68
2.553170,-0.4900,-0.7940,-0.1337,-2.87,20.44,-2.24
2.553767,-0.4934,-0.7959,-0.1322,-4.13,18.55,-2.17
2.554364,-0.4914,-0.7950,-0.1322,-3.36,20.58,-2.31
2.554961,-0.4865,-0.7959,-0.1327,-4.27,18.83,-2.31
2.555558,-0.4831,-0.7979,-0.1313,-3.71,19.18,-3.43
2.556155,-0.4836,-0.7998,-0.1288,-4.34,19.53,-2.17
2.556752,-0.4807,-0.8013,-0.1327,-3.57,19.53,-4.06
2.557350,-0.4797,-0.8042,-0.1386,-4.90,19.81,-1.75
2.557947,-0.4846,-0.8072,-0.1357,-3.71,19.67,-4.41
2.558544,-0.4870,-0.8057,-0.1337,-4.90,20.09,-2.03
2.559141,-0.4860,-0.8062,-0.1396,-3.50,19.46,-4.48
2.559738,-0.4846,-0.8091,-0.1410,-5.25,20.09,-2.03
2.560335,-0.4846,-0.8072,-0.1396,-3.71,19.25,-4.76
2.560933,-0.4880,-0.8076,-0.1425,-5.25,19.88,-2.03
2.561530,-0.4904,-0.8096,-0.1444,-3.85,19.53,-4.90
2.562500,-0.4880,-0.8111,-0.1444,-5.04,19.60,-1.75
2.563097,-0.4895,-0.8135,-0.1449,-4.13,19.46,-4.97
2.563694,-0.4895,-0.8154,-0.1469,-4.83,19.95,-1.96
2.564291,-0.4890,-0.8179,-0.1474,-4.55,19.67,-4.69
2.564889,-0.4919,-0.8164,-0.1493,-4.34,20.02,-1.75
2.565486,-0.4909,-0.8189,-0.1527,-5.04,19.88,-4.76
2.566083,-0.4895,-0.8242,-0.1518,-3.85,19.60,-1.75
2.566680,-0.4900,-0.8223,-0.1527,-5.39,19.88,-4.69
2.567277,-0.4895,-0.8233,-0.1537,-3.29,19.46,-1.89
2.567874,-0.4919,-0.8233,-0.1552,-5.60,20.37,-4.41
2.568471,-0.4939,-0.8223,-0.1566,-3.50,19.53,-0.84
2.569069,-0.4948,-0.8247,-0.1562,-5.39,20.23,-4.55
2.569666,-0.4973,-0.8252,-0.1562,-3.29,19.74,-1.61
2.570263,-0.4973,-0.8355,-0.1562,-3.08,19.18,-1.33
2.570860,-0.5026,-0.8335,-0.1552,-5.04,19.95,-3.36
2.571457,-0.5012,-0.8330,-0.1552,-3.01,19.74,-1.54
2.572054,-0.4997,-0.8359,-0.1547,-5.11,19.95,-2.45
2.572652,-0.5022,-0.8340,-0.1562,-2.73,19.53,-1.75
2.573249,-0.5026,-0.8350,-0.1566,-4.69,19.74,-2.10
2.573249,-0.5007,-0.8394,-0.1562,-2.66,19.60,-2.31
2.573839,-0.4987,-0.8403,-0.1586,-4.27,19.25,-0.91
2.574436,-0.5012,-0.8369,-0.1581,-2.66,19.67,-2.59
2.575033,-0.5036,-0.8355,-0.1566,-3.92,19.32,-0.42
2.575631,-0.5046,-0.8384,-0.1591,-2.87,19.39,-1.96
2.576228,-0.5056,-0.8438,-0.1606,-3.22,19.74,0.14
2.576825,-0.5046,-0.8467,-0.1576,-2.94,18.90,-1.89
2.577422,-0.5026,-0.8486,-0.1523,-2.80,19.67,1.19
2.578019,-0.5026,-0.8442,-0.1493,-2.94,19.32,-2.10
2.578616,-0.5046,-0.8418,-0.1498,-2.24,19.53,1.47
2.579213,-0.5022,-0.8447,-0.1523,-2.80,19.11,-1.89
2.579811,-0.5007,-0.8433,-0.1498,-2.24,19.46,1.82
2.580408,-0.5041,-0.8438,-0.1527,-2.87,19.04,-1.54
2.581005,-0.5041,-0.8452,-0.1566,-1.33,19.46,2.45
2.581602,-0.5051,-0.8442,-0.1562,-2.80,19.18,-1.40
2.582199,-0.5046,-0.8442,-0.1537,-1.05,19.11,2.87
2.582796,-0.5012,-0.8462,-0.1498,-2.52,18.90,-0.84
2.583394,-0.5046,-0.8472,-0.1469,-0.77,19.46,3.08
2.583991,-0.5070,-0.8472,-0.1469,-2.45,18.34,-0.14
2.584961,-0.5046,-0.8403,-0.1474,-0.28,19.39,3.43
2.585558,-0.5031,-0.8394,-0.1464,-2.10,18.06,0.28
2.586155,-0.5026,-0.8442,-0.1474,-0.14,19.53,3.29
2.586752,-0.5012,-0.8447,-0.1479,-1.54,17.85,0.84
2.587350,-0.5031,-0.8447,-0.1469,-0.70,19.74,3.64
2.587947,-0.5056,-0.8433,-0.1474,-1.05,17.99,1.54
2.588544,-0.5036,-0.8447,-0.1484,-0.56,19.46,3.78
2.589141,-0.5036,-0.8433,-0.1479,-0.35,17.71,1.47
2.589738,-0.5036,-0.8398,-0.1479,-0.77,19.81,4.41
2.590335,-0.5026,-0.8413,-0.1469,0.14,17.22,1.12
2.590932,-0.5041,-0.8442,-0.1464,-0.63,19.60,4.41
2.591530,-0.5046,-0.8442,-0.1449,0.56,17.08,2.10
2.592127,-0.5070,-0.8433,-0.1405,-0.42,19.46,4.06
2.592724,-0.5085,-0.8428,-0.1401,0.77,17.36,2.59
2.593321,-0.5065,-0.8379,-0.1440,-0.42,19.67,3.92
2.593918,-0.5036,-0.8330,-0.1430,1.19,16.94,2.87
2.594515,-0.5022,-0.8359,-0.1440,-0.28,19.39,4.20
2.595113,-0.5036,-0.8359,-0.1430,1.47,17.15,2.80
2.595710,-0.5046,-0.8350,-0.1401,0.00,19.04,4.27
2.595710,-0.5041,-0.8340,-0.1435,1.40,17.22,2.66
2.596300,-0.5036,-0.8320,-0.1401,0.42,18.83,4.69
2.596897,-0.5056,-0.8301,-0.1386,1.33,17.50,2.31
2.597494,-0.5041,-0.8276,-0.1405,0.91,18.41,5.04
2.598092,-0.5022,-0.8296,-0.1401,1.26,17.85,2.17
2.598689,-0.5036,-0.8296,-0.1405,1.33,17.78,4.90
2.599286,-0.5046,-0.8301,-0.1391,1.05,18.13,1.82
2.599883,-0.5070,-0.8296,-0.1386,1.61,17.78,5.32
2.600480,-0.5061,-0.8272,-0.1357,0.91,18.48,1.33
2.601077,-0.5007,-0.8237,-0.1357,1.12,18.13,1.47
2.601674,-0.5017,-0.8252,-0.1342,2.03,17.22,5.25
2.602272,-0.5007,-0.8262,-0.1371,1.12,18.20,1.19
2.602869,-0.4992,-0.8257,-0.1352,2.24,17.29,5.67
2.603466,-0.5002,-0.8233,-0.1313,1.26,18.27,0.77
2.604063,-0.5012,-0.8194,-0.1322,2.45,17.01,5.46
2.604660,-0.5017,-0.8208,-0.1347,1.47,17.85,0.77
2.605257,-0.5036,-0.8208,-0.1347,2.38,17.15,5.11
2.605855,-0.5041,-0.8208,-0.1327,1.33,17.71,1.33
2.606452,-0.5026,-0.8203,-0.1357,2.31,16.73,4.90
2.607422,-0.5036,-0.8198,-0.1347,1.54,17.50,0.91
2.608019,-0.5022,-0.8184,-0.1322,2.24,16.87,5.04
2.608616,-0.4968,-0.8164,-0.1318,2.03,17.15,0.56
2.609213,-0.4982,-0.8174,-0.1327,2.24,16.66,5.39
2.609811,-0.5041,-0.8154,-0.1366,2.10,17.57,0.14
2.610408,-0.5046,-0.8174,-0.1337,2.10,16.45,5.53
2.611005,-0.5041,-0.8174,-0.1327,2.31,17.22,0.00
2.611602,-0.5051,-0.8140,-0.1327,2.17,16.66,5.39
2.612199,-0.5022,-0.8145,-0.1327,2.03,17.08,0.70
2.612796,-0.5026,-0.8135,-0.1347,2.38,16.38,5.04
2.613393,-0.5109,-0.8081,-0.1366,2.03,16.59,0.21
2.613991,-0.5109,-0.8081,-0.1366,2.80,16.73,5.18
2.614588,-0.5061,-0.8091,-0.1381,1.75,16.31,0.56
2.615185,-0.5065,-0.8111,-0.1366,2.94,16.73,5.04
2.615782,-0.5080,-0.8125,-0.1332,1.89,15.75,0.91
2.616379,-0.5036,-0.8101,-0.1327,2.73,16.94,4.48
2.616976,-0.5002,-0.8076,-0.1362,1.89,15.47,1.26
2.617574,-0.5017,-0.8072,-0.1376,2.94,16.87,4.13
2.618171,-0.5041,-0.8076,-0.1371,1.68,15.54,1.54
2.618171,-0.5061,-0.8072,-0.1371,2.87,16.66,4.34
2.618761,-0.5090,-0.8052,-0.1347,1.40,15.54,1.89
2.619358,-0.5065,-0.8042,-0.1371,3.08,16.73,4.06
2.619955,-0.5022,-0.8052,-0.1366,1.26,15.19,2.38
2.620553,-0.5041,-0.8037,-0.1396,3.08,16.38,3.64
2.621150,-0.5051,-0.8032,-0.1435,1.54,15.33,2.31
2.621747,-0.5031,-0.8042,-0.1376,3.22,16.10,3.99
2.622344,-0.5002,-0.8042,-0.1352,1.40,15.40,2.66
2.622941,-0.5036,-0.8067,-0.1386,2.73,16.03,3.78
2.623538,-0.5065,-0.8096,-0.1430,1.75,15.26,2.94
2.624135,-0.5036,-0.8076,-0.1435,2.38,15.61,3.78
2.624733,-0.5017,-0.8057,-0.1425,1.96,14.98,2.94
2.625330,-0.5007,-0.8042,-0.1454,2.17,15.89,3.71
2.625927,-0.4992,-0.8076,-0.1420,1.82,14.91,3.64
2.626524,-0.4982,-0.8135,-0.1430,2.45,15.33,3.36
2.627121,-0.4968,-0.8130,-0.1459,1.89,15.33,4.06
2.627718,-0.4987,-0.8130,-0.1454,1.96,15.05,3.08
2.628315,-0.4958,-0.8140,-0.1469,2.17,15.61,3.92
2.628913,-0.4919,-0.8111,-0.1444,2.38,14.98,3.36
2.629883,-0.4958,-0.8120,-0.1444,2.10,15.47,3.99
2.630480,-0.4963,-0.8154,-0.1469,1.96,14.63,3.29
2.631077,-0.4958,-0.8154,-0.1488,2.10,15.75,4.34
2.631674,-0.4982,-0.8159,-0.1493,2.10,14.35,3.78
2.632272,-0.4982,-0.8159,-0.1469,1.68,15.82,4.55
2.632869,-0.4968,-0.8194,-0.1488,2.03,14.28,4.06
2.633466,-0.4953,-0.8218,-0.1508,2.03,15.75,4.76
2.634063,-0.4973,-0.8189,-0.1488,2.38,13.86,3.99
2.634660,-0.4997,-0.8184,-0.1493,1.96,15.89,4.97
2.635257,-0.4973,-0.8213,-0.1508,2.45,13.58,3.99
2.635854,-0.4948,-0.8218,-0.1493,2.03,16.03,5.04
2.636452,-0.4963,-0.8296,-0.1513,2.17,13.72,4.69
2.637049,-0.4973,-0.8369,-0.1542,2.38,15.33,5.39
2.637646,-0.5002,-0.8350,-0.1557,2.24,14.28,3.43
2.638243,-0.5002,-0.8325,-0.1596,1.96,14.35,3.64
2.638840,-0.4968,-0.8345,-0.1571,2.59,14.56,6.72
2.639437,-0.4948,-0.8369,-0.1591,1.82,14.70,4.20
2.640035,-0.4973,-0.8369,-0.1596,2.73,14.70,7.21
2.640632,-0.4973,-0.8379,-0.1518,1.89,14.84,3.99
2.641601,-0.4943,-0.8408,-0.1576,3.08,14.70,7.42
2.642198,-0.4948,-0.8418,-0.1606,2.24,14.49,4.48
2.642795,-0.4958,-0.8403,-0.1581,2.80,14.56,7.56
2.643392,-0.4934,-0.8389,-0.1625,2.31,14.56,5.04
2.643990,-0.4914,-0.8428,-0.1630,3.01,14.56,7.49
2.644587,-0.4900,-0.8428,-0.1610,2.31,14.63,5.39
2.645184,-0.4904,-0.8408,-0.1610,3.01,14.63,7.91
2.645781,-0.4904,-0.8438,-0.1620,2.52,14.21,5.95
2.646378,-0.4885,-0.8452,-0.1620,3.22,14.98,7.77
2.646975,-0.4885,-0.8467,-0.1640,2.52,14.56,6.37
2.647572,-0.4900,-0.8516,-0.1659,3.15,14.28,8.05
2.648170,-0.4890,-0.8520,-0.1654,2.31,14.77,6.30
2.648767,-0.4885,-0.8516,-0.1615,3.57,14.63,8.33
2.649364,-0.4909,-0.8550,-0.1596,2.45,14.70,6.51
2.649961,-0.4885,-0.8579,-0.1625,3.85,14.14,8.61
2.650558,-0.4865,-0.8584,-0.1625,2.45,14.56,7.14
2.651155,-0.4851,-0.8574,-0.1606,3.71,14.63,8.75
2.651753,-0.4890,-0.8613,-0.1596,2.59,14.77,7.77
2.652350,-0.4934,-0.8608,-0.1596,3.85,14.77,8.40
2.652350,-0.4890,-0.8579,-0.1625,2.87,14.84,8.12
2.652941,-0.4865,-0.8628,-0.1640,3.78,14.84,8.68
2.653538,-0.4880,-0.8672,-0.1610,3.22,14.63,8.40
2.654135,-0.4904,-0.8672,-0.1591,3.64,14.91,8.54
2.654733,-0.4934,-0.8677,-0.1581,3.43,14.49,9.03
2.655330,-0.4929,-0.8691,-0.1606,3.71,15.19,8.61
2.655927,-0.4895,-0.8735,-0.1606,3.64,14.49,9.52
2.656524,-0.4924,-0.8745,-0.1635,3.78,14.77,9.59
2.657121,-0.4948,-0.8760,-0.1635,4.06,14.63,8.33
2.657718,-0.4953,-0.8794,-0.1625,3.78,15.12,9.66
2.658315,-0.4973,-0.8808,-0.1591,3.99,15.12,8.68
2.658913,-0.4963,-0.8804,-0.1606,4.20,15.05,9.87
2.659510,-0.4948,-0.8813,-0.1625,4.27,14.91,8.47
2.660107,-0.4914,-0.8813,-0.1640,4.20,15.05,10.29
2.660704,-0.4919,-0.8813,-0.1640,4.48,15.33,8.89
2.661301,-0.4943,-0.8804,-0.1645,4.48,14.91,9.80
2.661898,-0.4929,-0.8789,-0.1649,4.48,15.33,8.61
2.662496,-0.4943,-0.8823,-0.1620,4.97,15.40,9.73
2.663093,-0.4939,-0.8823,-0.1645,4.20,15.40,8.96
2.664062,-0.4934,-0.8818,-0.1659,5.32,15.19,10.15
2.664659,-0.4900,-0.8857,-0.1630,4.13,15.54,8.82
2.665256,-0.4904,-0.8857,-0.1635,5.18,15.19,10.01
2.665853,-0.4939,-0.8808,-0.1654,4.27,15.40,8.68
2.666451,-0.4914,-0.8755,-0.1649,5.25,15.75,10.29
2.667048,-0.4904,-0.8750,-0.1625,4.62,15.47,8.33
2.667645,-0.4875,-0.8769,-0.1640,5.39,15.33,10.08
2.668242,-0.4865,-0.8769,-0.1625,4.55,15.47,8.26
2.668839,-0.4851,-0.8779,-0.1571,5.18,15.61,10.22
2.669436,-0.4860,-0.8779,-0.1566,5.11,15.61,7.84
2.670033,-0.4880,-0.8784,-0.1596,5.04,15.68,10.36
2.670631,-0.4895,-0.8769,-0.1630,5.04,15.89,8.05
2.671228,-0.4904,-0.8764,-0.1606,5.11,15.68,10.43
2.671825,-0.4890,-0.8764,-0.1581,4.97,15.96,7.35
2.672422,-0.4865,-0.8760,-0.1552,5.11,15.96,10.36
2.673019,-0.4831,-0.8774,-0.1523,4.76,16.45,7.28
2.673616,-0.4831,-0.8769,-0.1527,5.25,16.17,9.94
2.674214,-0.4807,-0.8750,-0.1542,4.83,16.38,7.35
2.674811,-0.4797,-0.8760,-0.1547,5.25,16.17,10.01
2.674811,-0.4787,-0.8750,-0.1557,4.41,16.10,7.07
2.675402,-0.4787,-0.8725,-0.1532,5.46,16.24,9.73
2.675999,-0.4821,-0.8730,-0.1493,4.41,16.38,6.93
2.676596,-0.4851,-0.8725,-0.1484,5.11,16.10,9.59
2.677194,-0.4826,-0.8725,-0.1459,4.48,16.73,7.00
2.677791,-0.4792,-0.8730,-0.1474,5.18,16.03,9.24
2.678388,-0.4782,-0.8721,-0.1469,4.41,17.15,6.30
2.678985,-0.4782,-0.8696,-0.1459,5.11,15.82,9.03
2.679582,-0.4826,-0.8677,-0.1469,4.20,17.85,6.16
2.680179,-0.4807,-0.8662,-0.1469,4.69,16.24,9.17
2.680776,-0.4802,-0.8647,-0.1454,4.27,17.85,5.88
2.681374,-0.4836,-0.8667,-0.1459,4.34,16.80,8.96
2.681971,-0.4817,-0.8677,-0.1469,4.48,17.22,5.81
2.682568,-0.4787,-0.8657,-0.1474,4.27,17.36,8.47
2.683165,-0.4763,-0.8642,-0.1493,4.34,17.22,5.88
2.683762,-0.4773,-0.8623,-0.1444,4.20,17.78,8.05
2.684359,-0.4792,-0.8599,-0.1454,4.13,17.01,6.02
2.684956,-0.4807,-0.8623,-0.1479,4.13,17.85,7.63
2.685554,-0.4758,-0.8618,-0.1425,3.99,17.64,6.16
2.685554,-0.4719,-0.8599,-0.1410,3.85,17.92,6.79
2.686144,-0.4709,-0.8613,-0.1435,3.43,17.36,6.37
2.686741,-0.4719,-0.8594,-0.1410,3.92,18.27,5.74
2.687338,-0.4753,-0.8589,-0.1425,2.73,17.22,6.44
2.687936,-0.4792,-0.8584,-0.1435,3.64,18.55,5.39
2.688533,-0.4841,-0.8579,-0.1444,2.45,17.78,6.16
2.689130,-0.4836,-0.8574,-0.1449,3.64,18.06,5.60
2.689727,-0.4763,-0.8516,-0.1440,2.31,17.85,6.16
2.690324,-0.4743,-0.8506,-0.1488,3.50,18.13,5.18
2.690921,-0.4787,-0.8540,-0.1493,2.24,18.55,6.09
2.691518,-0.4768,-0.8569,-0.1459,3.01,18.41,4.97
2.692116,-0.4763,-0.8574,-0.1444,2.17,18.55,5.32
2.692713,-0.4782,-0.8525,-0.1444,2.59,18.34,4.97
2.693310,-0.4778,-0.8530,-0.1425,1.82,18.41,4.62
2.693907,-0.4778,-0.8525,-0.1444,2.03,18.76,4.62
2.694504,-0.4782,-0.8525,-0.1449,1.89,18.55,4.34
2.695101,-0.4778,-0.8540,-0.1444,1.54,18.90,4.41
2.695698,-0.4782,-0.8535,-0.1469,2.10,18.41,3.78
2.696296,-0.4826,-0.8540,-0.1410,1.12,19.11,4.06
2.697265,-0.4831,-0.8540,-0.1415,1.54,18.55,3.64
2.697862,-0.4812,-0.8550,-0.1410,0.84,19.11,3.85
2.698459,-0.4797,-0.8569,-0.1405,1.75,18.69,2.73
2.699056,-0.4738,-0.8589,-0.1396,0.63,19.11,3.43
2.699654,-0.4724,-0.8569,-0.1371,1.05,19.53,2.59
2.700251,-0.4773,-0.8550,-0.1415,0.91,18.48,2.87
2.700848,-0.4792,-0.8550,-0.1435,0.56,19.67,2.17
2.701445,-0.4763,-0.8540,-0.1401,0.70,18.62,3.01
2.702042,-0.4797,-0.8589,-0.1401,0.42,18.41,2.52
2.702639,-0.4792,-0.8594,-0.1410,-0.07,20.16,1.12
2.703236,-0.4782,-0.8599,-0.1391,0.28,18.90,2.45
2.703834,-0.4758,-0.8642,-0.1391,-0.56,19.88,0.42
2.704431,-0.4753,-0.8672,-0.1366,0.14,19.04,1.96
2.705028,-0.4782,-0.8691,-0.1352,-0.63,20.09,0.00
2.705625,-0.4773,-0.8706,-0.1366,0.14,19.25,1.26
2.706222,-0.4807,-0.8696,-0.1347,-0.84,20.23,0.21
2.706819,-0.4812,-0.8711,-0.1352,-0.21,19.32,0.84
2.707416,-0.4768,-0.8740,-0.1357,-0.63,19.81,-0.14
2.708014,-0.4792,-0.8745,-0.1357,-0.91,19.60,0.35
2.708984,-0.4792,-0.8745,-0.1391,-0.77,19.95,-0.35
2.709581,-0.4802,-0.8764,-0.1381,-0.77,19.11,-0.49
2.710178,-0.4831,-0.8769,-0.1386,-1.26,20.93,-0.42
2.710775,-0.4865,-0.8755,-0.1401,-0.70,19.11,-0.42
2.711373,-0.4890,-0.8784,-0.1362,-1.47,20.58,-1.26
2.711970,-0.4890,-0.8823,-0.1371,-0.77,18.90,-0.63
2.712567,-0.4890,-0.8838,-0.1401,-1.12,20.93,-1.89
2.713164,-0.4875,-0.8847,-0.1420,-1.40,19.39,-0.77
2.713761,-0.4865,-0.8862,-0.1444,-1.47,20.72,-1.68
2.714358,-0.4904,-0.8877,-0.1454,-1.26,19.60,-0.98
2.714955,-0.4939,-0.8882,-0.1420,-1.61,20.16,-2.10
2.715553,-0.4875,-0.8877,-0.1401,-1.26,19.74,-1.68
2.716150,-0.4865,-0.8862,-0.1371,-1.82,20.23,-2.10
2.716747,-0.4900,-0.8862,-0.1386,-1.12,19.88,-2.59
2.717344,-0.4895,-0.8896,-0.1430,-2.03,20.02,-2.24
2.717941,-0.4909,-0.8891,-0.1444,-1.47,20.37,-2.94
2.718538,-0.4909,-0.8862,-0.1464,-2.17,19.88,-2.52
2.719135,-0.4948,-0.8891,-0.1444,-1.40,20.02,-3.22
2.719733,-0.4958,-0.8911,-0.1488,-2.17,19.60,-3.36
2.719733,-0.4904,-0.8911,-0.1498,-1.61,20.16,-4.06
2.720323,-0.4904,-0.8901,-0.1474,-2.31,19.39,-3.43
2.720920,-0.4885,-0.8896,-0.1454,-1.82,20.23,-4.83
2.721517,-0.4904,-0.8906,-0.1459,-2.03,19.25,-3.57
2.722115,-0.4973,-0.8867,-0.1488,-2.10,20.30,-5.60
2.722712,-0.4982,-0.8862,-0.1464,-1.89,19.39,-3.71
2.723309,-0.4924,-0.8857,-0.1474,-2.45,20.65,-6.16
2.723906,-0.4939,-0.8867,-0.1493,-2.45,20.44,-6.86
2.724503,-0.4904,-0.8877,-0.1523,-1.82,18.83,-4.55
2.725100,-0.4939,-0.8852,-0.1518,-2.52,20.44,-7.28
2.725697,-0.4943,-0.8843,-0.1527,-1.96,18.69,-4.97
2.726295,-0.4943,-0.8833,-0.1513,-2.59,20.23,-7.77
2.726892,-0.4948,-0.8828,-0.1508,-1.96,18.76,-5.46
2.727489,-0.4943,-0.8847,-0.1513,-2.31,20.02,-8.12
2.728086,-0.4939,-0.8847,-0.1503,-2.03,18.62,-6.16
2.728683,-0.4934,-0.8847,-0.1542,-2.45,20.09,-8.75
2.729280,-0.4958,-0.8823,-0.1523,-2.03,18.83,-6.51
2.729877,-0.4982,-0.8828,-0.1523,-2.66,20.02,-9.03
2.730475,-0.4958,-0.8891,-0.1557,-1.82,18.48,-7.35
2.731445,-0.4953,-0.8867,-0.1552,-3.22,19.81,-9.03
2.732042,-0.4968,-0.8847,-0.1566,-1.96,18.41,-7.56
2.732639,-0.4943,-0.8847,-0.1537,-3.01,19.88,-9.59
2.733236,-0.4939,-0.8828,-0.1527,-2.24,18.55,-8.05
2.733834,-0.4948,-0.8813,-0.1586,-2.87,19.81,-10.22
2.734431,-0.4943,-0.8799,-0.1566,-2.31,18.55,-8.05
2.735028,-0.4943,-0.8799,-0.1503,-2.45,19.18,-10.64
2.735625,-0.4934,-0.8794,-0.1508,-2.59,18.55,-8.33
2.736222,-0.4919,-0.8794,-0.1557,-2.17,18.62,-11.13
2.736819,-0.4929,-0.8804,-0.1566,-2.80,18.69,-8.89
2.737416,-0.4919,-0.8833,-0.1566,-1.96,18.62,-11.27
2.738014,-0.4909,-0.8843,-0.1601,-3.15,19.04,-9.31
2.738611,-0.4953,-0.8818,-0.1547,-1.75,18.34,-11.34
2.739208,-0.4963,-0.8779,-0.1527,-3.50,19.18,-9.80
2.739805,-0.4934,-0.8779,-0.1547,-2.10,18.27,-10.99
2.740402,-0.4914,-0.8799,-0.1532,-3.36,18.41,-10.29
2.740999,-0.4929,-0.8794,-0.1532,-2.17,18.20,-11.13
2.741596,-0.4958,-0.8764,-0.1552,-3.15,18.69,-10.36
2.742194,-0.4943,-0.8745,-0.1591,-2.38,18.34,-11.55
2.742194,-0.4914,-0.8745,-0.1615,-2.73,18.20,-10.57
2.742784,-0.4914,-0.8706,-0.1615,-3.01,18.20,-10.92
2.743381,-0.4934,-0.8701,-0.1562,-2.59,18.34,-11.20
2.743978,-0.4963,-0.8730,-0.1566,-2.87,17.99,-11.06
2.744576,-0.4982,-0.8725,-0.1586,-2.80,18.13,-11.20
2.745173,-0.4953,-0.8696,-0.1576,-3.29,18.13,-10.92
2.745770,-0.4934,-0.8647,-0.1596,-2.31,17.43,-11.62
2.746367,-0.4958,-0.8628,-0.1625,-3.50,18.06,-10.64
2.746964,-0.4978,-0.8623,-0.1606,-2.17,17.57,-12.32
2.747561,-0.4958,-0.8599,-0.1591,-3.85,17.99,-10.50
2.748158,-0.4968,-0.8608,-0.1625,-2.38,17.43,-12.39
2.748756,-0.4968,-0.8633,-0.1645,-3.71,17.22,-10.36
2.749353,-0.4934,-0.8623,-0.1645,-2.45,17.43,-12.67
2.749950,-0.4929,-0.8608,-0.1620,-3.78,17.22,-10.29
2.750547,-0.4968,-0.8569,-0.1630,-2.52,17.22,-12.88
2.751144,-0.5012,-0.8540,-0.1649,-3.64,17.36,-10.22
2.751741,-0.5026,-0.8555,-0.1664,-2.38,16.94,-12.74
2.752338,-0.4997,-0.8560,-0.1659,-3.64,17.01,-9.87
2.752936,-0.4978,-0.8560,-0.1674,-2.59,16.94,-12.53
2.752936,-0.4987,-0.8535,-0.1688,-3.78,16.87,-10.08
2.753527,-0.4973,-0.8501,-0.1679,-3.22,16.38,-12.18
2.754124,-0.4982,-0.8506,-0.1713,-3.15,16.45,-10.50
2.754721,-0.5007,-0.8530,-0.1728,-3.71,16.45,-12.11
2.755319,-0.4992,-0.8530,-0.1679,-3.08,16.80,-10.22
2.755916,-0.4973,-0.8520,-0.1649,-3.78,15.96,-12.11
2.756513,-0.5036,-0.8481,-0.1693,-2.80,16.94,-10.29
2.757110,-0.5031,-0.8472,-0.1688,-2.87,16.80,-9.87
2.757707,-0.5051,-0.8486,-0.1688,-3.71,15.12,-11.90
2.758304,-0.5031,-0.8491,-0.1708,-3.29,16.66,-9.66
2.758901,-0.5022,-0.8520,-0.1737,-3.92,15.26,-11.55
2.759499,-0.4997,-0.8530,-0.1728,-3.15,16.17,-9.17
2.760096,-0.4973,-0.8496,-0.1728,-3.85,15.05,-11.34
2.760693,-0.5002,-0.8496,-0.1752,-3.08,15.68,-9.31
2.761290,-0.5017,-0.8545,-0.1752,-3.99,14.91,-11.13
2.761887,-0.5017,-0.8574,-0.1737,-3.01,15.33,-9.10
2.762484,-0.5031,-0.8560,-0.1747,-3.92,15.19,-11.13
2.763081,-0.5022,-0.8589,-0.1742,-2.94,14.77,-8.75
2.763679,-0.5026,-0.8613,-0.1771,-3.85,14.63,-10.57
2.764648,-0.5046,-0.8608,-0.1786,-2.94,14.63,-8.75
2.765245,-0.5046,-0.8628,-0.1742,-4.13,14.56,-9.73
2.765842,-0.5065,-0.8608,-0.1752,-2.80,14.49,-8.96
2.766439,-0.5085,-0.8608,-0.1767,-3.99,14.14,-9.24
2.767037,-0.5095,-0.8628,-0.1728,-2.87,14.42,-9.24
2.767634,-0.5075,-0.8633,-0.1703,-3.43,13.51,-8.40
2.768231,-0.5070,-0.8628,-0.1737,-3.29,14.07,-9.10
2.768828,-0.5085,-0.8584,-0.1757,-2.94,13.16,-8.19
2.769425,-0.5075,-0.8603,-0.1781,-3.71,14.00,-8.75
2.770022,-0.5051,-0.8672,-0.1781,-2.73,13.30,-7.70
2.770619,-0.5041,-0.8686,-0.1737,-3.71,13.37,-8.89
2.771217,-0.5051,-0.8686,-0.1752,-2.66,13.51,-7.07
2.771814,-0.5070,-0.8682,-0.1796,-3.43,12.53,-8.54
2.772411,-0.5065,-0.8696,-0.1830,-2.87,13.58,-6.30
2.773008,-0.5075,-0.8672,-0.1830,-3.50,12.39,-8.19
2.773605,-0.5104,-0.8696,-0.1820,-2.31,13.02,-6.09
2.774202,-0.5114,-0.8730,-0.1810,-3.36,11.97,-8.19
2.774799,-0.5114,-0.8745,-0.1840,-2.03,12.53,-5.60
2.775397,-0.5090,-0.8774,-0.1820,-3.43,11.76,-8.61
2.776367,-0.5065,-0.8769,-0.1771,-1.68,12.74,-5.39
2.776964,-0.5090,-0.8779,-0.1776,-3.57,11.48,-7.28
2.777561,-0.5109,-0.8769,-0.1806,-1.12,12.53,-5.60
2.778158,-0.5095,-0.8799,-0.1835,-3.92,11.13,-6.86
2.778756,-0.5100,-0.8843,-0.1810,-1.12,12.04,-5.67
2.779353,-0.5075,-0.8828,-0.1781,-3.36,10.64,-6.30
2.779950,-0.5051,-0.8818,-0.1786,-1.26,11.76,-5.18
2.780547,-0.5080,-0.8794,-0.1820,-3.01,10.50,-6.30
2.781144,-0.5090,-0.8764,-0.1850,-1.19,11.27,-5.04
2.781741,-0.5090,-0.8784,-0.1815,-2.52,10.08,-6.37
2.782338,-0.5104,-0.8804,-0.1810,-1.68,11.34,-4.48
2.782936,-0.5085,-0.8808,-0.1786,-2.10,10.01,-5.81
2.783533,-0.5075,-0.8818,-0.1786,-1.75,11.13,-4.69
2.784130,-0.5100,-0.8808,-0.1850,-1.12,9.38,-5.67
2.784727,-0.5114,-0.8813,-0.1859,-2.38,11.13,-4.20
2.785324,-0.5114,-0.8823,-0.1859,-0.91,9.03,-5.39
2.785921,-0.5134,-0.8823,-0.1830,-2.38,10.29,-3.78
2.786518,-0.5158,-0.8843,-0.1830,-0.70,8.75,-5.25
2.787116,-0.5134,-0.8847,-0.1825,-2.24,9.66,-3.92
2.787116,-0.5100,-0.8847,-0.1830,-0.56,8.82,-5.18
2.787706,-0.5080,-0.8886,-0.1854,-1.82,9.31,-3.36
2.788303,-0.5124,-0.8882,-0.1840,-0.84,8.61,-5.25
2.788900,-0.5139,-0.8843,-0.1879,-1.47,8.47,-3.01
2.789498,-0.5109,-0.8857,-0.1903,-0.77,9.03,-4.90
2.790095,-0.5148,-0.8891,-0.1864,-0.98,8.12,-2.87
2.790692,-0.5134,-0.8896,-0.1859,-0.98,8.68,-5.25
2.791289,-0.5124,-0.8867,-0.1874,-0.70,7.98,-2.45
2.791886,-0.5139,-0.8823,-0.1884,-0.70,8.12,-5.18
2.792483,-0.5080,-0.8813,-0.1864,-0.21,7.84,-2.03
2.793080,-0.5070,-0.8828,-0.1859,-0.84,7.56,-4.48
2.793678,-0.5119,-0.8808,-0.1884,0.00,8.12,-2.45
2.794275,-0.5109,-0.8794,-0.1874,-0.63,6.65,-3.57
2.794872,-0.5119,-0.8794,-0.1874,0.07,7.98,-2.94
2.795469,-0.5144,-0.8784,-0.1874,-0.63,6.37,-3.71
2.796066,-0.5124,-0.8764,-0.1840,0.21,7.98,-2.87
2.796663,-0.5104,-0.8784,-0.1840,-0.42,6.37,-3.36
2.797260,-0.5090,-0.8799,-0.1840,0.21,7.49,-2.73
2.797858,-0.5051,-0.8760,-0.1786,-0.07,5.60,-3.22
2.797858,-0.5051,-0.8774,-0.1776,0.00,7.21,-2.45
2.798448,-0.5056,-0.8799,-0.1762,-0.21,5.39,-2.52
2.799045,-0.5036,-0.8808,-0.1737,0.49,6.86,-2.59
2.799642,-0.5036,-0.8808,-0.1771,0.07,5.32,-2.59
2.800240,-0.5031,-0.8789,-0.1786,0.28,6.44,-2.45
2.800837,-0.5026,-0.8769,-0.1791,0.21,5.39,-2.31
2.801434,-0.5036,-0.8769,-0.1776,0.70,6.02,-2.59
2.802031,-0.5041,-0.8789,-0.1781,1.12,4.97,-2.66
2.802628,-0.5026,-0.8745,-0.1762,-0.14,5.39,-2.10
2.803225,-0.5026,-0.8735,-0.1771,1.05,5.32,-2.94
2.803822,-0.5017,-0.8779,-0.1810,0.14,4.83,-1.61
2.804420,-0.4982,-0.8774,-0.1830,0.98,5.18,-2.94
2.805017,-0.4958,-0.8750,-0.1845,0.07,4.62,-1.61
2.805614,-0.4968,-0.8730,-0.1830,0.91,4.69,-2.87
2.806211,-0.4963,-0.8701,-0.1820,0.42,3.99,-1.19
2.806808,-0.4973,-0.8711,-0.1796,0.98,4.27,-3.01
2.807405,-0.4982,-0.8721,-0.1771,0.56,4.48,-1.26
2.808002,-0.4987,-0.8691,-0.1830,1.05,3.92,-3.08
2.808600,-0.5017,-0.8657,-0.1815,0.42,4.13,-0.98
2.809570,-0.5012,-0.8662,-0.1840,1.12,3.50,-2.52
2.810167,-0.4987,-0.8706,-0.1840,0.77,4.20,-0.91
2.810764,-0.4987,-0.8721,-0.1806,1.05,3.22,-2.80
2.811361,-0.4982,-0.8672,-0.1767,0.56,4.20,-0.70
2.811959,-0.4963,-0.8638,-0.1786,1.26,2.80,-3.29
2.812556,-0.4943,-0.8647,-0.1815,0.56,4.13,-0.35
2.813153,-0.4904,-0.8633,-0.1820,0.98,2.66,-2.73
2.813750,-0.4890,-0.8642,-0.1840,0.49,3.71,-0.07
2.814347,-0.4885,-0.8672,-0.1815,1.33,2.38,-3.15
2.814944,-0.4900,-0.8686,-0.1786,0.63,4.13,0.56
2.815541,-0.4934,-0.8701,-0.1781,1.26,2.31,-3.22
2.816139,-0.4895,-0.8711,-0.1801,0.70,3.57,0.56
2.816736,-0.4900,-0.8721,-0.1825,0.98,2.38,-2.80
2.817333,-0.4890,-0.8716,-0.1835,1.33,2.87,0.28
2.817930,-0.4865,-0.8696,-0.1840,0.42,2.24,-3.08
2.818527,-0.4865,-0.8696,-0.1859,1.54,2.66,0.49
2.819124,-0.4836,-0.8725,-0.1825,0.21,2.31,-3.08
2.819721,-0.4870,-0.8735,-0.1806,1.75,2.52,0.49
2.820319,-0.4875,-0.8716,-0.1791,-0.07,2.24,-2.80
2.821289,-0.4870,-0.8735,-0.1786,1.96,2.24,0.56
2.821886,-0.4856,-0.8784,-0.1815,-0.07,1.89,-2.52
2.822483,-0.4821,-0.8769,-0.1820,1.96,2.38,0.35
2.823080,-0.4807,-0.8740,-0.1820,0.28,1.89,-2.52
2.823678,-0.4778,-0.8750,-0.1791,1.54,2.24,0.49
2.824275,-0.4778,-0.8740,-0.1815,0.35,2.24,-2.31
2.824872,-0.4792,-0.8711,-0.1810,1.61,1.82,0.07
2.825469,-0.4782,-0.8725,-0.1786,0.70,2.17,-2.17
2.826066,-0.4729,-0.8769,-0.1801,1.19,1.89,0.42
2.826663,-0.4778,-0.8769,-0.1791,0.63,1.89,-1.89
2.827260,-0.4812,-0.8725,-0.1830,1.26,1.82,0.28
2.827858,-0.4758,-0.8745,-0.1874,0.70,1.82,-1.75
2.828455,-0.4734,-0.8769,-0.1850,1.47,1.61,-0.21
2.829052,-0.4738,-0.8760,-0.1810,0.77,1.82,-1.96
2.829649,-0.4748,-0.8760,-0.1825,1.26,1.40,0.00
2.830246,-0.4724,-0.8755,-0.1815,0.91,1.89,-1.40
2.830843,-0.4709,-0.8794,-0.1840,1.33,1.26,-0.35
2.831440,-0.4699,-0.8794,-0.1874,1.05,1.96,-1.68
2.832038,-0.4724,-0.8740,-0.1874,0.91,1.33,-0.35
2.832038,-0.4738,-0.8760,-0.1879,1.26,2.17,-1.40
2.832628,-0.4719,-0.8799,-0.1884,0.70,1.05,-0.49
2.833225,-0.4690,-0.8804,-0.1908,1.61,1.96,-1.68
2.833822,-0.4670,-0.8818,-0.1908,0.42,1.54,-0.63
2.834420,-0.4675,-0.8857,-0.1893,1.96,1.33,-1.68
2.835017,-0.4651,-0.8867,-0.1903,0.42,1.61,-0.28
2.835614,-0.4656,-0.8833,-0.1918,2.10,1.12,-1.19
2.836211,-0.4690,-0.8828,-0.1923,0.21,1.82,-0.70
2.836808,-0.4729,-0.8838,-0.1898,2.10,1.54,-1.12
2.837405,-0.4729,-0.8813,-0.1874,0.49,1.68,-1.12
2.838002,-0.4704,-0.8833,-0.1898,1.82,1.54,-0.63
2.838600,-0.4699,-0.8867,-0.1903,1.05,0.91,-0.84
2.839197,-0.4709,-0.8872,-0.1879,1.54,1.82,-1.40
2.839794,-0.4699,-0.8862,-0.1884,1.40,0.91,-1.05
2.840391,-0.4680,-0.8872,-0.1908,1.26,1.96,-1.12
2.840988,-0.4690,-0.8886,-0.1903,1.47,0.91,-1.26
2.841585,-0.4699,-0.8916,-0.1952,0.98,2.24,-0.56
2.842182,-0.4699,-0.8921,-0.1976,1.68,0.84,-1.26
2.842780,-0.4690,-0.8911,-0.1952,1.05,1.68,-0.07
2.842780,-0.4665,-0.8935,-0.1962,2.03,0.84,-2.03
2.843370,-0.4646,-0.8935,-0.1991,0.91,1.54,0.14
2.843967,-0.4665,-0.8945,-0.1986,2.17,1.26,-2.66
2.844564,-0.4651,-0.8974,-0.1967,1.54,1.47,0.35
2.845162,-0.4621,-0.8989,-0.1967,1.68,1.61,-2.66
2.845759,-0.4670,-0.8999,-0.1957,1.54,1.26,0.70
2.846356,-0.4704,-0.9023,-0.1947,1.89,1.05,-2.52
2.846953,-0.4685,-0.9033,-0.1962,2.10,1.26,0.63
2.847550,-0.4665,-0.9013,-0.2001,1.47,1.26,-2.31
2.848147,-0.4680,-0.9018,-0.1967,2.52,1.05,0.49
2.848744,-0.4695,-0.9033,-0.1903,1.47,2.17,-2.66
2.849342,-0.4685,-0.9087,-0.1928,2.38,1.75,0.91
2.849939,-0.4675,-0.9082,-0.1928,1.96,1.33,-3.08
2.850536,-0.4651,-0.9091,-0.1976,2.31,2.17,0.91
2.851133,-0.4675,-0.9116,-0.1967,2.03,1.05,-2.94
2.851730,-0.4695,-0.9087,-0.1928,2.52,1.96,0.98
2.852327,-0.4651,-0.9126,-0.1947,1.96,1.12,-2.87
2.852924,-0.4621,-0.9170,-0.1903,2.52,2.10,0.56
2.853522,-0.4656,-0.9140,-0.1903,2.31,1.05,-2.45
2.854492,-0.4665,-0.9126,-0.1928,2.87,2.03,0.21
2.855089,-0.4656,-0.9145,-0.1898,2.38,0.98,-2.80
2.855686,-0.4656,-0.9116,-0.1835,3.08,2.17,0.00
2.856283,-0.4616,-0.9145,-0.1869,2.45,1.05,-2.24
2.856881,-0.4621,-0.9170,-0.1908,3.43,2.17,0.00
2.857478,-0.4665,-0.9160,-0.1884,2.59,0.70,-2.31
2.858075,-0.4695,-0.9160,-0.1923,3.57,1.82,-0.35
2.858672,-0.4656,-0.9126,-0.1991,2.73,0.98,-1.89
2.859269,-0.4602,-0.9096,-0.1996,3.36,2.24,-0.42
2.859866,-0.4626,-0.9121,-0.1967,2.73,0.84,-2.38
2.860463,-0.4656,-0.9135,-0.1972,3.85,2.52,-0.91
2.861061,-0.4665,-0.9130,-0.1937,3.01,1.19,-2.03
2.861658,-0.4685,-0.9121,-0.1908,3.78,2.38,-0.77
2.862255,-0.4690,-0.9082,-0.1923,3.08,1.12,-2.24
2.862852,-0.4695,-0.9091,-0.1962,3.85,2.10,-0.91
2.863449,-0.4729,-0.9106,-0.2001,3.43,1.26,-2.24
2.864046,-0.4748,-0.9062,-0.1976,3.71,2.24,-0.77
2.864643,-0.4729,-0.9072,-0.1942,3.57,1.40,-2.31
2.865241,-0.4709,-0.9077,-0.1937,3.99,1.61,-0.91
2.865241,-0.4729,-0.9072,-0.1952,3.36,1.68,-2.31
2.865831,-0.4690,-0.9087,-0.1981,4.13,1.33,-0.77
2.866428,-0.4651,-0.9087,-0.1981,3.50,2.17,-2.59
2.867025,-0.4699,-0.9072,-0.1957,4.41,1.26,-0.98
2.867623,-0.4724,-0.9067,-0.1981,3.64,2.17,-2.45
2.868220,-0.4763,-0.9082,-0.1996,4.62,1.12,-1.05
2.868817,-0.4748,-0.9077,-0.1952,3.36,1.82,-1.89
2.869414,-0.4695,-0.9048,-0.1947,4.69,1.33,-1.26
2.870011,-0.4699,-0.9062,-0.1952,3.43,1.68,-1.82
2.870608,-0.4719,-0.9101,-0.1942,4.76,1.26,-1.26
2.871205,-0.4714,-0.9106,-0.1957,3.71,2.10,-1.75
2.871803,-0.4724,-0.9101,-0.1942,4.69,1.19,-1.54
2.872400,-0.4714,-0.9087,-0.1942,3.85,2.24,-1.47
2.872997,-0.4695,-0.9111,-0.1957,4.41,0.98,-1.68
2.873594,-0.4724,-0.9116,-0.1962,4.34,2.10,-0.91
2.874191,-0.4734,-0.9091,-0.1991,4.06,0.98,-1.47
2.874788,-0.4748,-0.9106,-0.1962,4.48,2.24,-0.56
2.875385,-0.4782,-0.9116,-0.1937,4.13,0.77,-2.24
2.875983,-0.4768,-0.9135,-0.1928,4.55,2.38,-0.63
2.875983,-0.4729,-0.9116,-0.1918,4.20,0.84,-1.82
2.876573,-0.4709,-0.9126,-0.1932,4.69,2.45,-1.12
2.877170,-0.4714,-0.9150,-0.1962,4.27,0.77,-1.40
2.877767,-0.4709,-0.9140,-0.1942,4.69,2.66,-0.77
2.878365,-0.4714,-0.9126,-0.1913,4.41,0.91,-1.47
2.878962,-0.4704,-0.9121,-0.1903,4.55,2.38,-0.07
2.879559,-0.4714,-0.9116,-0.1864,4.76,1.12,-2.31
2.880156,-0.4738,-0.9106,-0.1893,4.48,2.10,0.56
2.880753,-0.4709,-0.9135,-0.1879,4.83,1.47,-2.38
2.881350,-0.4719,-0.9160,-0.1918,4.62,1.68,-2.24
2.881947,-0.4709,-0.9170,-0.1879,4.83,1.40,0.84
2.882545,-0.4690,-0.9150,-0.1864,4.62,1.54,-2.66
2.883142,-0.4699,-0.9135,-0.1913,4.69,1.40,1.47
2.883739,-0.4719,-0.9121,-0.1908,4.55,1.61,-2.73
2.884336,-0.4695,-0.9082,-0.1869,5.11,1.89,0.77
2.884933,-0.4675,-0.9121,-0.1854,4.55,1.40,-2.80
2.885530,-0.4699,-0.9165,-0.1889,5.04,1.89,0.56
2.886127,-0.4734,-0.9150,-0.1908,4.41,1.40,-2.38
2.886725,-0.4704,-0.9179,-0.1884,4.90,1.89,0.42
2.887695,-0.4714,-0.9199,-0.1864,4.48,1.68,-2.45
2.888292,-0.4734,-0.9174,-0.1908,4.97,1.89,0.28
2.888889,-0.4729,-0.9155,-0.1928,4.27,1.54,-2.59
2.889486,-0.4729,-0.9160,-0.1918,4.90,1.89,0.56
2.890084,-0.4738,-0.9165,-0.1923,4.41,1.68,-2.94
2.890681,-0.4782,-0.9150,-0.1893,5.11,1.68,0.28
2.891278,-0.4738,-0.9170,-0.1893,3.71,1.54,-2.80
2.891875,-0.4729,-0.9170,-0.1918,5.32,1.33,0.00
2.892472,-0.4768,-0.9116,-0.1903,4.06,1.33,-2.87
2.893069,-0.4778,-0.9116,-0.1903,5.74,1.68,-1.19
2.893666,-0.4787,-0.9150,-0.1942,3.92,1.33,-2.52
2.894264,-0.4753,-0.9140,-0.1932,5.32,1.68,-0.77
2.894861,-0.4714,-0.9126,-0.1908,3.92,1.40,-2.31
2.895458,-0.4753,-0.9087,-0.1908,3.57,0.98,-2.17
2.896055,-0.4729,-0.9057,-0.1923,5.32,1.75,-1.33
2.896652,-0.4753,-0.9082,-0.1928,3.78,1.26,-2.24
2.897249,-0.4778,-0.9077,-0.1923,4.90,2.10,-1.05
2.897846,-0.4763,-0.9087,-0.1913,3.85,0.70,-2.52
2.898444,-0.4729,-0.9067,-0.1889,4.48,2.10,-1.54
2.899414,-0.4724,-0.9057,-0.1893,4.06,0.70,-2.66
2.900011,-0.4748,-0.9043,-0.1884,4.48,2.17,-1.61
2.900608,-0.4773,-0.9048,-0.1908,4.27,0.98,-2.94
2.901205,-0.4768,-0.9067,-0.1908,4.06,2.17,-1.26
2.901803,-0.4748,-0.9057,-0.1918,4.06,0.56,-2.66
2.902400,-0.4763,-0.9028,-0.1942,3.57,1.89,-1.61
2.902997,-0.4758,-0.9008,-0.1898,4.13,0.84,-2.73
2.903594,-0.4768,-0.9023,-0.1908,3.50,2.03,-1.75
2.904191,-0.4773,-0.9008,-0.1908,4.06,0.56,-2.80
2.904788,-0.4729,-0.9008,-0.1918,3.57,2.17,-2.31
2.905385,-0.4758,-0.9004,-0.1874,3.57,1.61,-2.38
2.905983,-0.4743,-0.9043,-0.1864,3.22,0.63,-2.24
2.906580,-0.4709,-0.9057,-0.1889,3.50,1.75,-2.66
2.907177,-0.4748,-0.9043,-0.1889,3.15,0.35,-1.89
2.907774,-0.4763,-0.9033,-0.1840,3.29,1.75,-2.94
2.908371,-0.4714,-0.9023,-0.1840,2.80,0.28,-1.89
2.908968,-0.4680,-0.9018,-0.1869,3.50,1.75,-3.43
2.909565,-0.4665,-0.9033,-0.1879,2.80,0.28,-1.47
2.910163,-0.4675,-0.9033,-0.1884,3.29,1.89,-3.50
2.911133,-0.4699,-0.9004,-0.1879,2.94,0.07,-1.61
2.911730,-0.4699,-0.9004,-0.1889,2.73,1.19,-3.36
2.912327,-0.4675,-0.9008,-0.1937,3.01,0.35,-2.24
2.912924,-0.4690,-0.8999,-0.1923,2.66,1.05,-2.94
2.913522,-0.4690,-0.9033,-0.1903,2.52,0.98,-2.10
2.914119,-0.4656,-0.9077,-0.1908,2.52,0.49,-2.80
2.914716,-0.4656,-0.9052,-0.1893,2.31,1.12,-2.38
2.915313,-0.4675,-0.9057,-0.1908,2.59,1.12,-2.87
2.915910,-0.4680,-0.9043,-0.1937,2.03,0.91,-2.66
2.916507,-0.4699,-0.9028,-0.1928,2.45,1.05,-3.01
2.917104,-0.4709,-0.9067,-0.1932,2.10,0.35,-2.94
2.917702,-0.4704,-0.9091,-0.1937,1.96,1.19,-2.59
2.918299,-0.4685,-0.9057,-0.1923,1.96,0.42,-3.01
2.918896,-0.4665,-0.9028,-0.1913,1.82,0.56,-2.45
2.919493,-0.4680,-0.9013,-0.1903,1.96,0.63,-3.29
2.920090,-0.4714,-0.9048,-0.1913,1.68,0.70,-2.80
2.920687,-0.4724,-0.9057,-0.1957,1.75,0.56,-3.64
2.921284,-0.4685,-0.9038,-0.1967,1.68,0.49,-2.03
2.921882,-0.4651,-0.9077,-0.1947,1.82,0.21,-3.99
2.922851,-0.4685,-0.9067,-0.1962,1.75,0.77,-1.82
2.923448,-0.4724,-0.9057,-0.1996,1.47,0.28,-4.27
2.924045,-0.4704,-0.9087,-0.1996,1.75,0.49,-2.45
2.924642,-0.4719,-0.9121,-0.2001,1.12,0.21,-3.99
2.925240,-0.4724,-0.9116,-0.2011,1.61,0.91,-2.59
2.925837,-0.4680,-0.9111,-0.1981,1.12,0.14,-4.34
2.926434,-0.4665,-0.9111,-0.1952,1.61,0.28,-2.87
2.927031,-0.4670,-0.9121,-0.1952,1.05,-0.14,-3.78
2.927628,-0.4670,-0.9165,-0.1967,1.47,-0.35,-3.08
2.928225,-0.4699,-0.9174,-0.2001,1.05,0.35,-4.41
2.928822,-0.4719,-0.9174,-0.1996,1.40,-0.07,-2.59
2.929420,-0.4690,-0.9199,-0.1972,1.12,0.07,-4.55
2.930017,-0.4695,-0.9228,-0.2001,1.12,0.14,-2.73
2.930614,-0.4724,-0.9218,-0.2035,1.26,0.00,-4.97
2.931211,-0.4709,-0.9199,-0.2015,1.19,0.14,-2.80
2.931808,-0.4675,-0.9213,-0.2006,1.19,-0.21,-4.55
2.932405,-0.4670,-0.9228,-0.2030,1.26,0.00,-3.22
2.933002,-0.4675,-0.9238,-0.1991,1.33,-0.56,-4.55
2.933600,-0.4675,-0.9252,-0.2015,0.70,0.28,-2.94
2.933600,-0.4690,-0.9223,-0.2045,1.26,-0.56,-5.11
2.934191,-0.4699,-0.9213,-0.2020,0.77,-0.14,-2.59
2.934788,-0.4704,-0.9262,-0.2020,1.26,-0.56,-5.32
2.935385,-0.4704,-0.9257,-0.2006,0.77,-0.07,-2.31
2.935983,-0.4680,-0.9262,-0.2025,1.26,-0.70,-5.32
2.936580,-0.4656,-0.9267,-0.2069,0.98,-0.07,-3.01
2.937177,-0.4690,-0.9282,-0.2045,0.77,-0.77,-4.76
2.937774,-0.4699,-0.9287,-0.2025,1.26,-0.14,-3.22
2.938371,-0.4675,-0.9257,-0.2059,0.84,-0.70,-4.83
2.938968,-0.4651,-0.9292,-0.2094,1.26,-0.28,-3.15
2.939565,-0.4646,-0.9301,-0.2084,1.05,-0.77,-4.97
2.940163,-0.4665,-0.9287,-0.2089,1.26,-0.98,-3.57
2.940760,-0.4621,-0.9272,-0.2118,0.84,-0.56,-4.90
2.941357,-0.4612,-0.9262,-0.2108,1.40,-0.84,-3.36
2.941954,-0.4680,-0.9272,-0.2103,0.84,-0.42,-5.18
2.942551,-0.4695,-0.9277,-0.2108,1.68,-0.91,-3.43
2.943148,-0.4695,-0.9296,-0.2108,0.42,-0.35,-4.69
2.943745,-0.4699,-0.9301,-0.2142,1.96,-1.12,-3.71
2.944343,-0.4665,-0.9257,-0.2133,0.28,-0.70,-4.97
2.945312,-0.4641,-0.9243,-0.2098,1.82,-1.12,-3.43
2.945909,-0.4641,-0.9252,-0.2084,0.49,-1.05,-4.90
2.946506,-0.4646,-0.9257,-0.2079,1.96,-1.19,-3.92
2.947103,-0.4656,-0.9228,-0.2103,0.42,-1.19,-4.27
2.947701,-0.4685,-0.9213,-0.2137,1.61,-1.26,-4.20
2.948298,-0.4680,-0.9218,-0.2147,0.77,-0.98,-4.48
2.948895,-0.4685,-0.9194,-0.2128,1.40,-1.26,-4.06
2.949492,-0.4660,-0.9189,-0.2152,0.84,-1.05,-4.13
2.950089,-0.4621,-0.9194,-0.2167,1.40,-1.12,-4.48
2.950686,-0.4602,-0.9209,-0.2113,1.26,-1.33,-3.36
2.951283,-0.4621,-0.9160,-0.2098,1.12,-0.91,-4.69
2.951881,-0.4636,-0.9126,-0.2118,1.54,-1.61,-3.78
2.952478,-0.4597,-0.9145,-0.2123,0.84,-1.05,-4.62
2.953075,-0.4582,-0.9145,-0.2123,1.82,-1.47,-3.85
2.953672,-0.4592,-0.9155,-0.2118,0.70,-1.26,-4.55
2.954269,-0.4602,-0.9174,-0.2123,1.96,-1.61,-3.15
2.954866,-0.4587,-0.9165,-0.2113,0.70,-1.61,-4.83
2.955463,-0.4612,-0.9121,-0.2103,1.82,-1.33,-3.29
2.956061,-0.4626,-0.9101,-0.2079,0.70,-1.82,-4.48
2.956061,-0.4592,-0.9121,-0.2050,1.47,-0.98,-3.57
2.956652,-0.4587,-0.9121,-0.2040,1.05,-2.45,-4.20
2.957249,-0.4592,-0.9111,-0.2020,1.54,-0.56,-3.57
2.957846,-0.4616,-0.9140,-0.2064,0.84,-2.45,-3.92
2.958444,-0.4626,-0.9135,-0.2074,1.05,-0.49,-3.85
2.959041,-0.4636,-0.9111,-0.2074,1.05,-2.38,-3.64
2.959638,-0.4660,-0.9150,-0.2084,0.98,-0.70,-3.29
2.960235,-0.4641,-0.9170,-0.2084,1.61,-2.73,-3.57
2.960832,-0.4612,-0.9091,-0.2094,1.19,-3.01,-3.22
2.961429,-0.4592,-0.9121,-0.2050,0.91,-0.98,-3.01
2.962026,-0.4597,-0.9111,-0.2015,1.33,-2.87,-3.43
2.962624,-0.4626,-0.9082,-0.2011,0.70,-0.70,-2.59
2.963221,-0.4626,-0.9091,-0.2020,1.75,-3.15,-3.57
2.963818,-0.4573,-0.9135,-0.2035,0.91,-0.84,-2.87
2.964415,-0.4573,-0.9121,-0.2035,1.26,-3.01,-3.08
2.965012,-0.4612,-0.9106,-0.2040,0.77,-1.05,-2.10
2.965609,-0.4621,-0.9126,-0.2045,1.40,-2.87,-3.29
2.966206,-0.4641,-0.9126,-0.2020,1.05,-1.33,-1.61
2.966804,-0.4636,-0.9126,-0.2040,0.91,-2.52,-3.36
2.967773,-0.4602,-0.9106,-0.2079,1.47,-1.82,-1.96
2.968370,-0.4587,-0.9106,-0.2069,0.49,-2.31,-2.24
2.968967,-0.4592,-0.9155,-0.2064,1.75,-2.03,-2.31
2.969564,-0.4582,-0.9155,-0.2035,0.35,-2.24,-1.89
2.970162,-0.4553,-0.9130,-0.2025,1.61,-1.82,-2.38
2.970759,-0.4582,-0.9130,-0.2020,0.28,-2.17,-1.40
2.971356,-0.4602,-0.9126,-0.2025,1.89,-2.59,-2.66
2.971953,-0.4597,-0.9135,-0.2050,-0.07,-1.75,-0.70
2.972550,-0.4607,-0.9106,-0.2050,2.03,-2.38,-2.73
2.973147,-0.4602,-0.9091,-0.2045,-0.21,-2.10,-0.49
2.973744,-0.4597,-0.9091,-0.2030,2.10,-2.52,-2.80
2.974342,-0.4651,-0.9101,-0.2006,0.14,-2.17,-0.35
2.974939,-0.4656,-0.9101,-0.2001,1.96,-3.01,-3.01
2.975536,-0.4660,-0.9111,-0.2015,-0.14,-1.96,-0.28
2.976133,-0.4665,-0.9121,-0.2045,1.68,-2.59,-2.45
2.976730,-0.4656,-0.9106,-0.2045,0.56,-2.17,-0.56
2.977327,-0.4670,-0.9101,-0.2015,1.05,-2.73,-2.24
2.977924,-0.4636,-0.9082,-0.1976,0.63,-2.17,-0.28
2.978522,-0.4631,-0.9091,-0.1952,0.91,-2.24,-2.87
2.978522,-0.4670,-0.9116,-0.1972,1.19,-2.59,-0.28
2.979112,-0.4670,-0.9091,-0.1972,0.56,-2.73,-2.10
2.979709,-0.4651,-0.9077,-0.2011,1.82,-2.45,-1.19
2.980306,-0.4641,-0.9077,-0.1991,-0.21,-2.38,-1.68
2.980904,-0.4636,-0.9077,-0.1962,1.89,-2.80,-0.91
2.981501,-0.4616,-0.9096,-0.1967,-0.49,-2.73,-1.68
2.982098,-0.4616,-0.9126,-0.1962,1.89,-2.73,-1.05
2.982695,-0.4616,-0.9101,-0.1937,-0.56,-2.38,-1.40
2.983292,-0.4592,-0.9082,-0.1972,1.89,-3.01,-1.89
2.983889,-0.4602,-0.9091,-0.2006,0.21,-2.66,-1.33
2.984486,-0.4592,-0.9082,-0.1991,1.54,-2.73,-1.82
2.985084,-0.4573,-0.9121,-0.2001,0.42,-2.31,-1.26
2.985681,-0.4582,-0.9116,-0.1976,1.26,-3.01,-1.82
2.986278,-0.4577,-0.9091,-0.1957,0.42,-2.52,-1.40
2.986875,-0.4553,-0.9140,-0.2006,1.26,-2.80,-1.96
2.987472,-0.4543,-0.9135,-0.1991,0.28,-2.38,-1.05
2.988069,-0.4548,-0.9135,-0.1986,0.91,-2.73,-2.59
2.988666,-0.4558,-0.9116,-0.1996,0.77,-2.80,-0.91
2.989264,-0.4543,-0.9082,-0.1972,0.49,-2.45,-2.87
2.989264,-0.4548,-0.9140,-0.1962,1.40,-2.73,-1.19
2.989855,-0.4573,-0.9155,-0.1972,-0.14,-2.59,-2.66
2.990452,-0.4568,-0.9135,-0.1996,1.89,-2.45,-1.12
2.991049,-0.4582,-0.9145,-0.1986,-0.35,-2.45,-2.66
2.991647,-0.4597,-0.9135,-0.1952,1.96,-2.73,-1.19
2.992244,-0.4548,-0.9145,-0.1947,-0.21,-2.38,-2.94
2.992841,-0.4519,-0.9130,-0.1932,1.68,-2.59,-0.91
2.993438,-0.4543,-0.9116,-0.1962,1.47,-2.17,-1.26
2.994035,-0.4582,-0.9116,-0.2006,0.49,-3.01,-3.15
2.994632,-0.4587,-0.9121,-0.1972,0.91,-2.10,-1.54
2.995229,-0.4597,-0.9101,-0.1923,0.84,-3.08,-3.08
2.995827,-0.4587,-0.9126,-0.1942,0.98,-2.17,-1.68
2.996424,-0.4548,-0.9121,-0.1932,0.77,-2.94,-3.08
2.997021,-0.4568,-0.9106,-0.1913,0.56,-1.82,-1.96
2.997618,-0.4582,-0.9101,-0.1932,1.40,-3.01,-3.01
2.998215,-0.4573,-0.9057,-0.1972,0.14,-1.54,-2.45
2.998812,-0.4563,-0.9052,-0.1981,1.40,-3.08,-3.57
2.999409,-0.4558,-0.9091,-0.1967,0.00,-1.75,-2.66
3.000007,-0.4534,-0.9116,-0.1976,1.54,-3.15,-3.01
3.000976,-0.4553,-0.9111,-0.1957,-0.21,-2.03,-2.45
3.001573,-0.4602,-0.9116,-0.1947,1.89,-3.29,-3.22
3.002170,-0.4592,-0.9096,-0.1928,-0.21,-1.61,-2.80
3.002767,-0.4573,-0.9101,-0.1913,1.61,-3.36,-2.87
3.003365,-0.4587,-0.9091,-0.1942,0.00,-1.61,-2.94
3.003962,-0.4587,-0.9052,-0.1942,1.47,-3.01,-3.29
3.004559,-0.4563,-0.9062,-0.1937,0.42,-1.89,-3.36
3.005156,-0.4558,-0.9082,-0.1981,0.98,-3.15,-3.08
3.005753,-0.4563,-0.9038,-0.2025,0.77,-1.96,-3.92
3.006350,-0.4534,-0.8999,-0.2040,0.77,-2.87,-3.43
3.006947,-0.4529,-0.9028,-0.2030,0.91,-2.31,-4.06
3.007545,-0.4538,-0.9033,-0.1996,0.49,-2.59,-2.94
3.008142,-0.4514,-0.8994,-0.1957,0.70,-1.89,-4.06
3.008739,-0.4499,-0.8969,-0.1972,0.49,-2.66,-3.01
3.009336,-0.4553,-0.8955,-0.1986,1.26,-2.31,-4.62
3.009933,-0.4538,-0.8965,-0.1972,-0.07,-1.68,-2.87
3.010530,-0.4494,-0.8960,-0.1976,1.47,-2.24,-4.55
3.011127,-0.4524,-0.8955,-0.1972,-0.35,-2.10,-2.73
3.011725,-0.4499,-0.8979,-0.1976,1.40,-2.24,-4.27
3.012695,-0.4490,-0.8965,-0.1967,0.00,-1.89,-2.87
3.013292,-0.4504,-0.8935,-0.1913,1.26,-2.17,-4.69
3.013889,-0.4509,-0.8960,-0.1918,0.14,-1.75,-3.64
3.014486,-0.4534,-0.8945,-0.1937,0.84,-2.24,-4.13
3.015084,-0.4519,-0.8916,-0.1942,0.35,-2.03,-3.78
3.015681,-0.4485,-0.8882,-0.1967,0.35,-2.10,-4.34
3.016278,-0.4485,-0.8886,-0.1947,0.35,-2.10,-3.43
3.016875,-0.4480,-0.8921,-0.1918,0.07,-2.10,-4.69
3.017472,-0.4441,-0.8891,-0.2006,0.70,-2.03,-3.64
3.018069,-0.4446,-0.8872,-0.1981,-0.14,-1.75,-4.06
3.018666,-0.4426,-0.8867,-0.1918,-0.14,-1.61,-4.62
3.019264,-0.4387,-0.8872,-0.1874,0.91,-2.38,-3.43
3.019861,-0.4368,-0.8823,-0.1923,-0.49,-1.19,-4.97
3.020458,-0.4372,-0.8828,-0.1932,0.84,-1.75,-3.43
3.021055,-0.4412,-0.8906,-0.1918,-0.49,-1.26,-4.48
3.021652,-0.4392,-0.8916,-0.1986,0.49,-1.75,-3.29
3.022249,-0.4353,-0.8882,-0.2025,-0.21,-1.82,-4.41
3.022846,-0.4382,-0.8911,-0.2006,0.35,-1.75,-3.64
3.023444,-0.4470,-0.8955,-0.2001,-0.28,-1.05,-4.69
3.024414,-0.4563,-0.8960,-0.2001,0.42,-1.89,-3.22
3.025011,-0.4607,-0.8945,-0.2001,-0.56,-1.26,-5.04
3.025608,-0.4631,-0.8935,-0.1972,0.77,-1.61,-3.78
3.026205,-0.4690,-0.8926,-0.1932,-0.77,-1.47,-4.06
3.026803,-0.4704,-0.8916,-0.1913,0.63,-1.47,-4.13
3.027400,-0.4660,-0.8882,-0.1913,-0.63,-0.98,-4.34
3.027997,-0.4631,-0.8828,-0.1869,0.35,-1.89,-3.71
3.028594,-0.4651,-0.8862,-0.1864,-0.14,-1.33,-4.48
3.029191,-0.4631,-0.8852,-0.1864,-0.63,-1.40,-3.99
3.029788,-0.4626,-0.8794,-0.1859,0.07,-1.19,-4.83
3.030385,-0.4636,-0.8804,-0.1874,-0.98,-1.89,-3.92
3.030983,-0.4616,-0.8818,-0.1879,-0.07,-1.19,-4.90
3.031580,-0.4631,-0.8808,-0.1864,-0.42,-2.31,-4.27
3.032177,-0.4597,-0.8784,-0.1835,-0.35,-0.70,-5.18
3.032774,-0.4553,-0.8813,-0.1879,-0.14,-2.52,-4.13
3.033371,-0.4543,-0.8833,-0.1942,-0.63,-0.84,-5.04
3.033968,-0.4519,-0.8838,-0.1932,-0.21,-2.38,-4.06
3.034565,-0.4553,-0.8838,-0.1908,-1.19,-0.91,-5.46
3.035163,-0.4558,-0.8838,-0.1869,-0.07,-1.89,-4.06
3.035163,-0.4519,-0.8872,-0.1913,-1.05,-0.98,-5.60
3.035753,-0.4543,-0.8901,-0.1972,-0.35,-1.68,-3.99
3.036350,-0.4573,-0.8930,-0.1932,-0.70,-1.19,-5.74
3.036947,-0.4563,-0.8950,-0.1898,-0.42,-1.68,-4.06
3.037545,-0.4543,-0.8955,-0.1889,-1.05,-0.98,-5.60
3.038142,-0.4563,-0.8960,-0.1918,-0.21,-1.96,-4.27
3.038739,-0.4592,-0.8955,-0.1918,-0.98,-1.19,-5.53
3.039336,-0.4587,-0.8916,-0.1918,-0.56,-2.03,-4.69
3.039933,-0.4636,-0.8886,-0.1972,-0.49,-1.05,-5.60
3.040530,-0.4646,-0.8906,-0.1937,-1.12,-1.68,-3.99
3.041127,-0.4573,-0.8921,-0.1884,-0.56,-1.54,-5.74
3.041725,-0.4558,-0.8930,-0.1869,-1.12,-1.19,-4.13
3.042322,-0.4573,-0.8906,-0.1825,-0.28,-1.61,-5.81
3.042919,-0.4563,-0.8882,-0.1835,-0.98,-1.47,-4.27
3.043516,-0.4597,-0.8882,-0.1879,-0.28,-1.61,-5.95
3.044113,-0.4656,-0.8872,-0.1884,-0.91,-1.47,-4.41
3.044710,-0.4631,-0.8877,-0.1893,-0.28,-1.82,-6.16
3.045307,-0.4577,-0.8867,-0.1918,-1.05,-1.40,-4.62
3.045905,-0.4582,-0.8877,-0.1903,-0.21,-2.03,-5.74
3.046875,-0.4607,-0.8901,-0.1879,-1.05,-1.68,-4.34
3.047472,-0.4616,-0.8901,-0.1874,0.00,-2.03,-5.67
3.048069,-0.4602,-0.8911,-0.1898,-1.05,-1.33,-4.83
3.048666,-0.4607,-0.8945,-0.1908,-0.63,-2.38,-5.60
3.049264,-0.4636,-0.8945,-0.1903,-0.84,-1.47,-4.20
3.049861,-0.4660,-0.8930,-0.1869,-0.70,-2.17,-5.53
3.050458,-0.4651,-0.8896,-0.1859,-0.84,-2.03,-5.81
3.051055,-0.4636,-0.8916,-0.1889,-0.35,-1.89,-4.13
3.051652,-0.4641,-0.8906,-0.1923,-0.49,-2.03,-5.88
3.052249,-0.4651,-0.8896,-0.1918,-0.56,-1.75,-3.64
3.052846,-0.4665,-0.8926,-0.1908,-0.63,-2.31,-6.02
3.053444,-0.4675,-0.8882,-0.1918,-0.21,-2.45,-3.85
3.054041,-0.4685,-0.8828,-0.1908,-0.77,-2.24,-6.02
3.054638,-0.4690,-0.8843,-0.1893,-0.35,-2.24,-3.85
3.055235,-0.4651,-0.8857,-0.1889,-0.84,-2.10,-5.81
3.055832,-0.4646,-0.8843,-0.1879,0.14,-2.52,-3.57
3.056429,-0.4651,-0.8877,-0.1869,-1.05,-2.31,-5.46
3.057026,-0.4665,-0.8901,-0.1898,0.07,-2.38,-4.06
3.057624,-0.4690,-0.8872,-0.1903,-1.12,-2.59,-5.18
3.058594,-0.4690,-0.8872,-0.1874,0.42,-2.66,-4.27
3.059191,-0.4685,-0.8857,-0.1898,-0.98,-2.87,-4.41
3.059788,-0.4709,-0.8843,-0.1928,0.14,-2.80,-4.41
3.060385,-0.4724,-0.8838,-0.1908,-0.70,-2.73,-4.76
3.060983,-0.4699,-0.8872,-0.1913,-0.07,-2.59,-3.99
3.061580,-0.4670,-0.8882,-0.1923,-0.28,-2.45,-4.13
3.062177,-0.4636,-0.8857,-0.1937,-0.28,-3.15,-3.92
3.062774,-0.4626,-0.8891,-0.1869,-0.77,-2.38,-3.85
3.063371,-0.4641,-0.8916,-0.1854,0.00,-3.43,-4.06
3.063968,-0.4631,-0.8896,-0.1884,-0.84,-2.52,-3.29
3.064565,-0.4651,-0.8847,-0.1869,0.49,-3.50,-4.34
3.065163,-0.4675,-0.8818,-0.1864,-1.05,-2.59,-3.01
3.065760,-0.4660,-0.8847,-0.1854,0.49,-3.64,-3.99
3.066357,-0.4660,-0.8872,-0.1845,-0.98,-3.01,-2.87
3.066954,-0.4656,-0.8877,-0.1874,0.56,-3.71,-3.85
3.067551,-0.4612,-0.8857,-0.1913,-0.84,-3.08,-2.31
3.068148,-0.4592,-0.8833,-0.1932,0.42,-3.15,-3.78
3.068745,-0.4612,-0.8833,-0.1889,-0.28,-3.36,-2.10
3.069343,-0.4651,-0.8847,-0.1874,0.07,-3.43,-2.94
3.070312,-0.4641,-0.8823,-0.1859,0.07,-3.71,-2.03
3.070909,-0.4631,-0.8774,-0.1850,-0.14,-3.78,-2.94
3.071506,-0.4636,-0.8779,-0.1884,0.35,-3.50,-2.10
3.072103,-0.4636,-0.8779,-0.1908,-0.28,-3.43,-2.38
3.072701,-0.4626,-0.8789,-0.1913,0.56,-3.99,-1.96
3.073298,-0.4621,-0.8794,-0.1893,-0.63,-3.15,-1.68
3.073895,-0.4626,-0.8779,-0.1889,0.77,-3.99,-1.89
3.074492,-0.4646,-0.8769,-0.1913,-0.42,-3.43,-1.33
3.075089,-0.4675,-0.8725,-0.1893,0.42,-4.06,-1.33
3.075686,-0.4660,-0.8745,-0.1845,-0.07,-3.50,-1.54
3.076283,-0.4621,-0.8774,-0.1835,-0.07,-3.22,-1.05
3.076881,-0.4592,-0.8794,-0.1815,0.28,-3.50,-1.40
3.077478,-0.4612,-0.8804,-0.1840,-0.21,-3.78,-0.63
3.078075,-0.4621,-0.8735,-0.1884,0.42,-3.92,-1.05
3.078672,-0.4597,-0.8730,-0.1869,0.07,-4.20,-0.84
3.079269,-0.4597,-0.8774,-0.1835,0.28,-3.78,-0.70
3.079866,-0.4646,-0.8808,-0.1869,0.42,-4.34,-0.63
3.080463,-0.4670,-0.8813,-0.1884,0.35,-3.64,-0.49
3.081061,-0.4670,-0.8808,-0.1825,0.35,-4.55,-0.35
3.081061,-0.4665,-0.8799,-0.1835,-0.07,-3.78,-0.14
3.081652,-0.4641,-0.8774,-0.1835,0.42,-4.34,-0.21
3.082249,-0.4641,-0.8760,-0.1820,0.21,-3.50,0.07
3.082846,-0.4651,-0.8764,-0.1825,0.35,-4.06,-0.07
3.083444,-0.4592,-0.8799,-0.1820,0.35,-3.71,0.28
3.084041,-0.4577,-0.8843,-0.1810,0.35,-4.41,0.49
3.084638,-0.4636,-0.8843,-0.1796,0.91,-3.43,0.07
3.085235,-0.4685,-0.8852,-0.1776,0.49,-4.41,0.56
3.085832,-0.4675,-0.8857,-0.1801,0.77,-3.78,0.28
3.086429,-0.4626,-0.8833,-0.1820,0.98,-4.41,0.00
3.087026,-0.4631,-0.8833,-0.1815,0.56,-3.78,1.05
3.087624,-0.4636,-0.8872,-0.1825,0.77,-4.48,0.42
3.088221,-0.4626,-0.8896,-0.1835,0.56,-4.06,1.12
3.088818,-0.4641,-0.8857,-0.1810,0.63,-3.85,0.21
3.089415,-0.4641,-0.8833,-0.1825,1.05,-4.34,1.54
3.090012,-0.4641,-0.8882,-0.1835,0.35,-3.64,0.35
3.090609,-0.4690,-0.8901,-0.1825,1.47,-4.69,1.61
3.091206,-0.4699,-0.8886,-0.1815,0.70,-4.41,0.63
3.091804,-0.4626,-0.8872,-0.1806,1.26,-4.48,1.61
3.091804,-0.4631,-0.8886,-0.1825,0.84,-4.34,1.12
3.092394,-0.4660,-0.8872,-0.1840,1.19,-4.20,1.40
3.092991,-0.4651,-0.8872,-0.1810,0.91,-4.55,1.26
3.093588,-0.4616,-0.8911,-0.1791,1.47,-4.55,1.26
3.094186,-0.4607,-0.8886,-0.1835,0.98,-4.27,1.68
3.094783,-0.4631,-0.8891,-0.1864,1.40,-4.69,1.40
3.095380,-0.4641,-0.8916,-0.1864,1.40,-4.13,1.61
3.095977,-0.4665,-0.8940,-0.1840,1.40,-5.11,1.75
3.096574,-0.4631,-0.8862,-0.1854,1.26,-5.32,2.80
3.097171,-0.4641,-0.8886,-0.1845,1.54,-4.20,0.42
3.097768,-0.4616,-0.8872,-0.1830,1.33,-4.55,2.66
3.098366,-0.4646,-0.8857,-0.1825,1.96,-3.99,0.63
3.098963,-0.4641,-0.8843,-0.1806,1.33,-4.62,2.87
3.099560,-0.4675,-0.8852,-0.1796,1.47,-4.55,0.91
3.100157,-0.4660,-0.8862,-0.1810,1.75,-4.62,2.87
3.100754,-0.4607,-0.8891,-0.1820,1.26,-4.62,1.19
3.101351,-0.4631,-0.8916,-0.1830,2.17,-4.27,2.31
3.101948,-0.4631,-0.8882,-0.1815,1.40,-4.62,1.47
3.102546,-0.4602,-0.8852,-0.1815,2.03,-4.20,2.03
3.103515,-0.4573,-0.8877,-0.1825,1.75,-4.90,1.47
3.104112,-0.4592,-0.8877,-0.1820,1.82,-4.34,2.52
3.104709,-0.4621,-0.8867,-0.1815,2.17,-5.11,1.19
3.105306,-0.4631,-0.8886,-0.1801,1.96,-4.06,2.66
3.105904,-0.4597,-0.8921,-0.1796,2.24,-5.39,0.91
3.106501,-0.4573,-0.8901,-0.1810,2.03,-3.78,2.24
3.107098,-0.4577,-0.8891,-0.1840,2.17,-5.18,1.26
3.107695,-0.4597,-0.8882,-0.1854,2.17,-4.48,2.24
3.108292,-0.4616,-0.8847,-0.1845,1.89,-5.04,1.89
3.108889,-0.4612,-0.8833,-0.1820,2.17,-3.99,2.17
3.109486,-0.4582,-0.8843,-0.1810,2.10,-4.83,1.61
3.110084,-0.4602,-0.8857,-0.1791,1.89,-4.06,1.89
3.110681,-0.4616,-0.8862,-0.1791,2.73,-4.83,1.75
3.111278,-0.4587,-0.8882,-0.1825,1.89,-3.99,1.89
3.111875,-0.4577,-0.8901,-0.1864,2.73,-4.69,1.75
3.112472,-0.4563,-0.8882,-0.1859,1.61,-4.34,2.03
3.113069,-0.4592,-0.8891,-0.1825,3.15,-4.76,1.33
3.113666,-0.4616,-0.8916,-0.1810,1.47,-4.34,2.31
3.114264,-0.4597,-0.8877,-0.1845,2.94,-4.20,1.40
3.114264,-0.4592,-0.8833,-0.1869,2.10,-4.48,2.03
3.114855,-0.4558,-0.8838,-0.1825,2.45,-3.78,1.54
3.115452,-0.4534,-0.8867,-0.1830,2.59,-4.76,1.96
3.116049,-0.4553,-0.8843,-0.1835,2.38,-3.78,1.26
3.116647,-0.4538,-0.8862,-0.1840,2.45,-4.48,2.31
3.117244,-0.4538,-0.8818,-0.1806,2.73,-4.41,2.38
3.117841,-0.4553,-0.8774,-0.1801,2.52,-3.78,0.77
3.118438,-0.4543,-0.8779,-0.1830,2.94,-4.20,1.96
3.119035,-0.4519,-0.8828,-0.1854,2.38,-3.99,1.33
3.119632,-0.4534,-0.8843,-0.1845,2.87,-3.50,1.68
3.120229,-0.4529,-0.8828,-0.1806,2.38,-3.99,1.40
3.120827,-0.4494,-0.8804,-0.1825,2.66,-3.57,1.68
3.121424,-0.4485,-0.8799,-0.1850,2.45,-4.27,1.47
3.122021,-0.4470,-0.8760,-0.1845,2.59,-3.71,1.68
3.122618,-0.4475,-0.8721,-0.1840,2.45,-3.71,1.33
3.123215,-0.4514,-0.8750,-0.1820,2.45,-3.43,1.33
3.123812,-0.4514,-0.8789,-0.1879,2.52,-3.92,1.33
3.124409,-0.4514,-0.8794,-0.1864,2.73,-3.50,0.91
3.125007,-0.4524,-0.8725,-0.1854,2.38,-3.57,1.75
3.125976,-0.4504,-0.8750,-0.1903,3.01,-3.50,0.70
3.126573,-0.4490,-0.8789,-0.1908,2.03,-3.08,1.82
3.127170,-0.4480,-0.8750,-0.1884,2.73,-3.50,0.63
3.127767,-0.4519,-0.8730,-0.1835,1.96,-3.15,2.31
3.128365,-0.4548,-0.8779,-0.1840,3.29,-3.64,0.07
3.128962,-0.4553,-0.8750,-0.1864,2.03,-2.66,2.10
3.129559,-0.4548,-0.8725,-0.1825,2.80,-3.15,0.07
3.130156,-0.4514,-0.8740,-0.1854,2.80,-2.80,-0.56
3.130753,-0.4494,-0.8721,-0.1869,2.31,-3.22,2.66
3.131350,-0.4504,-0.8745,-0.1840,2.17,-2.59,-0.42
3.131947,-0.4465,-0.8740,-0.1815,2.52,-3.01,2.73
3.132545,-0.4451,-0.8755,-0.1825,2.17,-2.80,-0.77
3.133142,-0.4504,-0.8769,-0.1879,2.45,-2.80,3.01
3.133739,-0.4519,-0.8794,-0.1898,1.89,-2.73,-0.56
3.134336,-0.4494,-0.8808,-0.1874,2.80,-2.59,2.66
3.134933,-0.4494,-0.8784,-0.1869,1.89,-2.59,-0.28
3.135530,-0.4514,-0.8794,-0.1810,2.66,-2.59,2.10
3.136127,-0.4504,-0.8789,-0.1825,1.47,-2.38,0.07
3.136725,-0.4480,-0.8769,-0.1854,3.15,-2.80,1.96
3.137695,-0.4480,-0.8799,-0.1825,1.40,-1.82,-0.28
3.138292,-0.4494,-0.8808,-0.1781,3.01,-2.87,2.24
3.138889,-0.4485,-0.8774,-0.1820,1.82,-2.10,-0.84
3.139486,-0.4441,-0.8794,-0.1889,2.80,-2.38,2.17
3.140084,-0.4446,-0.8799,-0.1830,1.40,-2.10,-0.07
3.140681,-0.4490,-0.8789,-0.1830,3.01,-1.82,0.70
3.141278,-0.4529,-0.8808,-0.1864,1.33,-1.82,0.70
3.141875,-0.4543,-0.8799,-0.1820,2.59,-1.96,0.77
3.142472,-0.4494,-0.8779,-0.1830,1.82,-1.61,0.42
3.143069,-0.4460,-0.8789,-0.1864,2.24,-1.68,0.77
3.143666,-0.4494,-0.8799,-0.1854,2.24,-1.75,0.07
3.144264,-0.4509,-0.8804,-0.1840,1.89,-1.68,0.56
3.144861,-0.4490,-0.8813,-0.1850,2.45,-1.33,0.35
3.145458,-0.4509,-0.8818,-0.1879,1.61,-1.54,0.14
3.146055,-0.4509,-0.8789,-0.1889,2.17,-1.12,0.70
3.146652,-0.4470,-0.8789,-0.1884,1.61,-1.75,-0.21
3.147249,-0.4485,-0.8804,-0.1889,2.38,-0.77,0.49
3.147846,-0.4524,-0.8804,-0.1850,1.40,-1.89,-0.07
3.148444,-0.4509,-0.8808,-0.1845,2.10,-0.14,0.35
3.149414,-0.4534,-0.8784,-0.1845,1.61,-1.82,-0.35
3.150011,-0.4524,-0.8784,-0.1864,1.89,-2.10,-0.98
3.150608,-0.4509,-0.8760,-0.1879,1.89,-0.14,0.84
3.151205,-0.4519,-0.8769,-0.1874,1.54,-1.47,-0.91
3.151803,-0.4558,-0.8784,-0.1869,1.96,-0.42,1.05
3.152400,-0.4504,-0.8769,-0.1869,1.54,-1.33,-1.19
3.152997,-0.4543,-0.8755,-0.1859,1.96,-0.35,1.40
3.153594,-0.4612,-0.8764,-0.1859,1.47,-0.91,-1.40
3.154191,-0.4568,-0.8760,-0.1874,1.96,-0.56,1.40
3.154788,-0.4538,-0.8784,-0.1898,1.40,-0.63,-1.89
3.155385,-0.4568,-0.8799,-0.1859,1.75,-0.70,1.54
3.155983,-0.4563,-0.8764,-0.1859,1.47,0.00,-2.10
3.156580,-0.4538,-0.8735,-0.1879,1.89,-1.19,1.68
3.157177,-0.4519,-0.8721,-0.1854,0.84,0.21,-2.52
3.157774,-0.4524,-0.8745,-0.1825,2.17,-1.12,2.10
3.158371,-0.4519,-0.8764,-0.1806,0.70,0.28,-2.52
3.158968,-0.4485,-0.8769,-0.1825,2.17,-1.19,1.82
3.159565,-0.4499,-0.8779,-0.1835,0.70,0.07,-2.24
3.160163,-0.4504,-0.8769,-0.1835,2.17,-0.70,1.82
3.160163,-0.4485,-0.8750,-0.1869,0.56,0.14,-2.52
3.160753,-0.4485,-0.8799,-0.1864,1.82,-0.35,1.75
3.161350,-0.4475,-0.8813,-0.1840,0.98,0.07,-2.52
3.161947,-0.4490,-0.8779,-0.1830,1.40,-0.21,1.89
3.162545,-0.4519,-0.8774,-0.1815,1.05,0.28,-2.31
3.163142,-0.4504,-0.8774,-0.1791,1.40,0.14,1.75
3.163739,-0.4494,-0.8799,-0.1840,0.77,0.21,-1.68
3.164336,-0.4509,-0.8818,-0.1820,1.54,-0.21,1.33
3.164933,-0.4538,-0.8794,-0.1757,0.77,0.63,-1.40
3.165530,-0.4485,-0.8784,-0.1776,1.54,-0.35,0.70
3.166127,-0.4451,-0.8794,-0.1806,0.70,0.70,-0.77
3.166725,-0.4514,-0.8779,-0.1815,1.68,-0.07,0.35
3.167322,-0.4529,-0.8745,-0.1825,0.56,0.56,-0.35
3.167919,-0.4514,-0.8745,-0.1825,1.47,0.07,0.35
3.168516,-0.4490,-0.8760,-0.1771,0.49,0.56,-0.42
3.169113,-0.4480,-0.8755,-0.1752,1.33,0.28,0.21
3.169710,-0.4490,-0.8779,-0.1762,0.84,0.35,0.14
3.170307,-0.4494,-0.8779,-0.1776,0.91,0.49,-0.42
3.170905,-0.4499,-0.8769,-0.1757,0.91,0.49,0.00
3.171875,-0.4480,-0.8760,-0.1776,0.77,0.84,-0.49
3.172472,-0.4494,-0.8745,-0.1825,1.33,0.42,0.49
3.173069,-0.4504,-0.8735,-0.1762,0.56,1.05,-0.91
3.173666,-0.4475,-0.8755,-0.1747,1.05,0.56,0.77
3.174264,-0.4490,-0.8764,-0.1786,0.35,0.91,-1.19
3.174861,-0.4504,-0.8725,-0.1801,1.19,0.63,1.26
3.175458,-0.4519,-0.8721,-0.1776,0.14,1.40,-1.19
3.176055,-0.4529,-0.8725,-0.1728,1.33,0.70,0.91
3.176652,-0.4499,-0.8730,-0.1737,0.00,1.26,-1.40
3.177249,-0.4519,-0.8740,-0.1757,1.33,1.12,1.54
3.177846,-0.4519,-0.8735,-0.1752,-0.28,0.63,-1.40
3.178444,-0.4485,-0.8725,-0.1776,1.12,1.26,1.33
3.179041,-0.4465,-0.8711,-0.1791,-0.42,0.98,-1.47
3.179638,-0.4455,-0.8706,-0.1732,0.98,1.61,1.75
3.180235,-0.4509,-0.8701,-0.1688,-0.21,0.56,-1.89
3.180832,-0.4538,-0.8725,-0.1718,0.84,1.61,1.75
3.181429,-0.4519,-0.8735,-0.1776,0.21,0.63,-2.31
3.182026,-0.4519,-0.8735,-0.1786,0.42,1.82,2.31
3.182624,-0.4504,-0.8686,-0.1757,0.21,0.84,-2.10
3.182624,-0.4504,-0.8686,-0.1796,0.14,1.68,2.17
3.183214,-0.4529,-0.8755,-0.1757,0.21,2.17,1.47
3.183811,-0.4524,-0.8760,-0.1781,0.00,0.49,-1.68
3.184408,-0.4490,-0.8706,-0.1752,0.28,0.35,-2.31
3.185006,-0.4504,-0.8769,-0.1742,-0.07,0.77,-2.10
3.185603,-0.4475,-0.8725,-0.1747,-0.07,2.45,2.03
3.186200,-0.4470,-0.8706,-0.1776,0.21,0.98,-2.66
3.186797,-0.4490,-0.8764,-0.1767,-0.14,2.59,1.96
3.187394,-0.4509,-0.8764,-0.1723,0.07,1.05,-2.38
3.187991,-0.4534,-0.8750,-0.1718,-0.28,2.45,2.10
3.188588,-0.4509,-0.8745,-0.1737,0.07,0.70,-2.31
3.189186,-0.4460,-0.8716,-0.1698,-0.28,1.12,-2.38
3.189783,-0.4480,-0.8706,-0.1703,0.07,2.66,1.40
3.190380,-0.4514,-0.8716,-0.1732,-1.05,2.31,-1.89
3.190977,-0.4514,-0.8735,-0.1737,0.49,2.24,0.77
3.191574,-0.4529,-0.8740,-0.1713,-1.12,2.10,-1.89
3.192171,-0.4519,-0.8735,-0.1723,0.49,2.03,0.84
3.192768,-0.4485,-0.8755,-0.1757,-1.33,2.24,-1.54
3.196289,-0.4455,-0.8764,-0.1718,0.63,2.45,0.14
3.196886,-0.4470,-0.8750,-0.1713,0.63,2.10,-0.28
3.197483,-0.4465,-0.8779,-0.1742,-1.40,2.66,-0.98
3.198080,-0.4451,-0.8764,-0.1728,0.28,1.96,-0.91
3.198678,-0.4426,-0.8721,-0.1698,-1.40,2.94,-0.98
3.199275,-0.4455,-0.8730,-0.1723,0.14,1.96,-0.98
3.199872,-0.4460,-0.8755,-0.1781,-1.12,2.66,-0.56
3.200469,-0.4441,-0.8750,-0.1737,-0.21,2.10,-1.61
3.201066,-0.4412,-0.8750,-0.1732,-0.91,2.80,-0.49
3.201663,-0.4426,-0.8760,-0.1776,-0.56,2.31,-1.82
3.202260,-0.4446,-0.8745,-0.1776,-0.84,3.01,-0.42
3.202858,-0.4455,-0.8725,-0.1771,-0.42,2.52,-2.17
3.203455,-0.4480,-0.8721,-0.1781,-0.70,3.36,-0.21
3.204052,-0.4451,-0.8730,-0.1776,-0.49,2.31,-2.24
3.204649,-0.4387,-0.8735,-0.1757,-0.70,3.50,-0.07
3.205246,-0.4402,-0.8760,-0.1752,-0.70,2.17,-2.80
3.205843,-0.4426,-0.8784,-0.1747,-0.77,3.50,0.14
3.206441,-0.4421,-0.8735,-0.1747,-0.63,2.24,-3.15
3.207038,-0.4441,-0.8682,-0.1742,-0.98,3.50,0.63
3.208008,-0.4451,-0.8677,-0.1737,-0.35,2.59,-4.13
3.208605,-0.4465,-0.8701,-0.1762,-0.56,3.08,0.07
3.209202,-0.4455,-0.8750,-0.1752,-0.84,2.73,-3.64
3.209799,-0.4416,-0.8740,-0.1728,-0.77,3.57,0.14
3.210397,-0.4412,-0.8730,-0.1762,-0.84,3.01,-3.85
3.210994,-0.4426,-0.8745,-0.1781,-0.56,3.50,0.42
3.211591,-0.4431,-0.8740,-0.1737,-1.26,3.01,-4.27
3.212188,-0.4460,-0.8755,-0.1723,-0.56,3.50,0.49
3.212785,-0.4460,-0.8769,-0.1771,-1.05,2.94,-4.13
3.213382,-0.4441,-0.8774,-0.1810,-0.56,3.43,0.00
3.213979,-0.4441,-0.8764,-0.1815,-1.33,3.22,-3.92
3.214577,-0.4407,-0.8769,-0.1791,-0.28,3.57,-0.35
3.215174,-0.4372,-0.8769,-0.1771,-1.19,3.29,-3.92
3.215771,-0.4382,-0.8745,-0.1786,-0.49,3.92,-0.77
3.216368,-0.4402,-0.8750,-0.1786,-0.84,3.15,-3.99
3.216965,-0.4431,-0.8784,-0.1762,-0.56,3.57,-0.91
3.217562,-0.4455,-0.8779,-0.1752,-0.98,3.43,-4.13
3.218160,-0.4372,-0.8794,-0.1747,-0.28,3.71,-3.64
3.218757,-0.4368,-0.8828,-0.1767,-0.28,4.55,-1.26
3.219726,-0.4416,-0.8823,-0.1747,-1.05,3.08,-3.64
3.220323,-0.4446,-0.8784,-0.1747,-0.21,4.20,-1.96
3.220920,-0.4436,-0.8784,-0.1781,-1.19,2.87,-3.43
3.221517,-0.4431,-0.8789,-0.1771,-0.56,4.62,-1.96
3.222115,-0.4421,-0.8813,-0.1728,-0.42,3.08,-3.71
3.222712,-0.4431,-0.8823,-0.1762,-0.63,4.83,-2.03
3.223309,-0.4416,-0.8794,-0.1806,-0.70,3.22,-3.43
3.223906,-0.4412,-0.8789,-0.1786,-0.84,4.62,-2.24
3.224503,-0.4436,-0.8789,-0.1728,-0.35,3.29,-3.15
3.225100,-0.4426,-0.8794,-0.1728,-0.98,4.62,-2.59
3.225697,-0.4392,-0.8779,-0.1757,-0.07,3.36,-3.22
3.226295,-0.4397,-0.8755,-0.1776,-0.91,4.41,-2.73
3.226892,-0.4402,-0.8774,-0.1762,-0.42,3.85,-3.08
3.227489,-0.4372,-0.8808,-0.1786,-0.28,3.99,-3.36
3.228086,-0.4421,-0.8818,-0.1835,-0.77,4.20,-3.01
3.228683,-0.4465,-0.8813,-0.1830,0.00,4.06,-3.64
3.229280,-0.4451,-0.8784,-0.1781,-0.98,4.27,-2.59
3.229878,-0.4446,-0.8764,-0.1771,0.21,3.99,-4.06
3.230475,-0.4465,-0.8789,-0.1806,-0.84,4.34,-2.94
3.231445,-0.4475,-0.8779,-0.1810,0.28,3.99,-3.85
3.232042,-0.4465,-0.8789,-0.1806,-0.70,3.99,-3.01
3.232639,-0.4455,-0.8804,-0.1786,0.00,4.27,-4.27
3.233236,-0.4451,-0.8799,-0.1767,-0.49,3.92,-2.38
3.233834,-0.4460,-0.8804,-0.1796,0.35,4.13,-4.76
3.234431,-0.4455,-0.8779,-0.1786,-0.77,3.99,-2.31
3.235028,-0.4436,-0.8760,-0.1742,0.21,4.48,-4.90
3.235625,-0.4451,-0.8760,-0.1771,-0.63,3.92,-2.24
3.236222,-0.4480,-0.8764,-0.1776,0.49,3.99,-5.11
3.236819,-0.4490,-0.8750,-0.1752,-0.91,4.13,-2.45
3.237416,-0.4470,-0.8721,-0.1767,0.84,4.06,-5.46
3.238014,-0.4460,-0.8730,-0.1781,-0.70,4.20,-1.75
3.238611,-0.4446,-0.8721,-0.1767,0.77,4.20,-5.95
3.239208,-0.4455,-0.8725,-0.1752,-0.91,4.06,-1.54
3.239805,-0.4499,-0.8755,-0.1801,0.84,4.06,-6.09
3.240402,-0.4490,-0.8721,-0.1825,-0.63,4.13,-1.47
3.240999,-0.4480,-0.8672,-0.1801,0.63,4.06,-6.16
3.241597,-0.4490,-0.8682,-0.1786,-0.56,3.99,-0.98
3.242194,-0.4475,-0.8706,-0.1791,0.35,3.43,-5.95
3.242194,-0.4446,-0.8682,-0.1776,0.00,3.01,-4.83
3.242784,-0.4494,-0.8686,-0.1757,0.56,4.13,-2.73
3.243381,-0.4490,-0.8672,-0.1757,-0.63,3.64,-4.55
3.243978,-0.4475,-0.8686,-0.1742,0.49,4.20,-2.31
3.244576,-0.4475,-0.8677,-0.1767,-0.70,3.64,-4.41
3.245173,-0.4494,-0.8652,-0.1781,0.84,3.78,-2.45
3.245770,-0.4470,-0.8647,-0.1728,-0.84,3.92,-4.41
3.246367,-0.4431,-0.8633,-0.1708,0.63,3.64,-2.03
3.246964,-0.4436,-0.8652,-0.1708,-0.70,4.06,-3.78
3.247561,-0.4446,-0.8682,-0.1723,0.56,3.22,-2.52
3.248158,-0.4465,-0.8657,-0.1757,-0.35,3.99,-3.43
3.248756,-0.4475,-0.8647,-0.1723,-0.07,3.71,-2.38
3.249353,-0.4470,-0.8682,-0.1708,-0.21,3.64,-3.15
3.249950,-0.4460,-0.8691,-0.1728,0.21,3.22,-2.38
3.250547,-0.4451,-0.8682,-0.1732,-0.42,3.71,-2.73
3.251144,-0.4460,-0.8682,-0.1752,-0.14,3.36,-2.24
3.251741,-0.4431,-0.8740,-0.1708,-0.28,3.57,-2.38
3.252339,-0.4426,-0.8760,-0.1679,0.14,3.57,-2.59
3.252936,-0.4416,-0.8764,-0.1688,-0.14,2.87,-1.61
3.253906,-0.4431,-0.8725,-0.1703,0.35,4.06,-2.73
3.254503,-0.4475,-0.8657,-0.1742,-0.70,2.94,-0.63
3.255100,-0.4470,-0.8691,-0.1742,0.63,3.92,-2.87
3.255697,-0.4441,-0.8716,-0.1688,-0.91,3.15,-0.35
3.256295,-0.4446,-0.8657,-0.1659,0.70,3.43,-2.31
3.256892,-0.4436,-0.8652,-0.1654,-0.56,2.87,-0.91
3.257489,-0.4441,-0.8696,-0.1664,0.21,3.92,-1.68
3.258086,-0.4460,-0.8725,-0.1684,-0.28,2.66,-0.98
3.258683,-0.4494,-0.8706,-0.1693,0.42,3.36,-1.26
3.259280,-0.4499,-0.8711,-0.1703,-0.14,2.45,-0.63
3.259877,-0.4494,-0.8755,-0.1693,0.07,3.64,-1.12
3.260475,-0.4485,-0.8799,-0.1684,0.35,2.24,-0.56
3.261072,-0.4494,-0.8779,-0.1698,-0.14,3.92,-1.26
3.261669,-0.4509,-0.8740,-0.1708,0.63,2.38,-0.35
3.262266,-0.4475,-0.8769,-0.1737,-0.35,3.71,-0.42
3.262863,-0.4455,-0.8818,-0.1747,1.12,2.17,-0.42
3.263460,-0.4509,-0.8818,-0.1732,-1.19,3.92,0.28
3.264058,-0.4553,-0.8789,-0.1723,1.40,1.40,0.00
3.264655,-0.4499,-0.8799,-0.1723,-1.26,4.20,0.00
3.265625,-0.4465,-0.8799,-0.1723,1.26,1.47,0.56
3.266222,-0.4543,-0.8794,-0.1718,-1.05,3.92,0.56
3.266819,-0.4568,-0.8828,-0.1708,1.40,1.68,-0.14
3.267416,-0.4485,-0.8862,-0.1723,-0.70,3.36,1.12
3.268014,-0.4485,-0.8862,-0.1752,1.19,2.10,0.42
3.268611,-0.4514,-0.8823,-0.1718,-0.21,3.01,1.12
3.269208,-0.4514,-0.8818,-0.1703,0.98,2.24,0.63
3.269805,-0.4543,-0.8828,-0.1742,0.14,2.52,1.47
3.270402,-0.4568,-0.8828,-0.1742,0.70,2.45,0.91
3.270999,-0.4563,-0.8823,-0.1728,0.63,2.03,2.17
3.271596,-0.4538,-0.8852,-0.1723,0.63,2.59,0.70
3.272194,-0.4524,-0.8877,-0.1693,1.12,1.82,2.45
3.272791,-0.4553,-0.8882,-0.1674,0.42,2.52,0.91
3.273388,-0.4602,-0.8896,-0.1674,1.12,1.75,2.59
3.273985,-0.4577,-0.8906,-0.1703,0.56,2.38,0.98
3.274582,-0.4582,-0.8916,-0.1723,1.19,1.61,3.29
3.275179,-0.4597,-0.8911,-0.1703,0.70,2.38,0.70
3.275777,-0.4582,-0.8921,-0.1713,1.12,1.47,3.22
3.276374,-0.4573,-0.8901,-0.1723,0.84,2.52,1.19
3.276374,-0.4548,-0.8891,-0.1679,1.54,1.61,2.94
3.276964,-0.4573,-0.8901,-0.1654,1.05,1.82,1.47
3.277561,-0.4602,-0.8935,-0.1664,1.68,1.47,3.08
3.278158,-0.4582,-0.8979,-0.1669,1.05,2.10,1.40
3.278756,-0.4563,-0.8969,-0.1654,1.89,1.54,3.29
3.279353,-0.4563,-0.8945,-0.1645,1.12,1.40,1.61
3.279950,-0.4558,-0.8940,-0.1630,1.75,1.61,3.50
3.280547,-0.4534,-0.8940,-0.1625,1.33,1.54,1.19
3.281144,-0.4573,-0.8965,-0.1620,1.82,1.47,3.36
3.281741,-0.4577,-0.8984,-0.1645,1.89,0.84,1.40
3.282338,-0.4538,-0.8979,-0.1630,1.75,1.54,3.50
3.282936,-0.4558,-0.8984,-0.1596,2.17,1.19,1.33
3.283533,-0.4573,-0.8999,-0.1635,1.75,1.54,3.99
3.284130,-0.4573,-0.9004,-0.1654,2.38,1.26,1.12
3.284727,-0.4582,-0.9033,-0.1635,2.10,0.91,4.06
3.285324,-0.4597,-0.9048,-0.1610,2.31,1.26,0.91
3.285921,-0.4592,-0.9048,-0.1601,2.31,0.98,3.99
3.286519,-0.4553,-0.9033,-0.1562,2.03,1.05,1.33
3.287116,-0.4568,-0.9018,-0.1552,2.66,0.84,3.99
3.287116,-0.4597,-0.9038,-0.1464,2.24,1.12,0.56
3.287706,-0.4597,-0.9057,-0.1493,2.45,1.12,0.28
3.288303,-0.4592,-0.9033,-0.1537,2.80,0.91,4.48
3.288900,-0.4607,-0.9048,-0.1547,2.45,0.84,0.63
3.289498,-0.4631,-0.9067,-0.1576,3.08,0.77,4.34
3.290095,-0.4651,-0.9091,-0.1571,2.87,0.56,0.35
3.290692,-0.4607,-0.9106,-0.1542,3.01,1.05,4.55
3.291289,-0.4577,-0.9116,-0.1498,3.01,0.35,-0.07
3.291886,-0.4616,-0.9091,-0.1503,3.50,0.91,4.13
3.292483,-0.4641,-0.9077,-0.1532,3.36,0.14,0.07
3.293080,-0.4616,-0.9111,-0.1537,3.29,0.91,4.48
3.293678,-0.4626,-0.9121,-0.1566,3.22,-0.35,0.14
3.294275,-0.4690,-0.9087,-0.1591,3.15,0.77,4.27
3.294872,-0.4699,-0.9043,-0.1562,3.43,-0.14,0.21
3.295469,-0.4626,-0.9057,-0.1532,3.92,0.42,3.78
3.296066,-0.4597,-0.9043,-0.1518,3.15,-0.21,0.63
3.296663,-0.4641,-0.9038,-0.1547,4.06,0.35,3.64
3.297261,-0.4670,-0.9082,-0.1542,3.22,-0.07,0.28
3.297858,-0.4665,-0.9077,-0.1479,4.83,0.00,3.78
3.298828,-0.4690,-0.9052,-0.1474,2.94,0.21,0.91
3.299425,-0.4680,-0.9057,-0.1479,4.76,-0.49,3.85
3.300022,-0.4656,-0.9077,-0.1508,3.36,0.07,0.56
3.300619,-0.4646,-0.9082,-0.1498,4.76,-0.49,3.78
3.301217,-0.4641,-0.9057,-0.1518,3.57,0.14,0.63
3.301814,-0.4660,-0.9038,-0.1547,4.41,-0.35,3.43
3.302411,-0.4690,-0.9028,-0.1518,3.85,-0.21,1.19
3.303008,-0.4685,-0.9062,-0.1508,4.34,-0.56,3.43
3.303605,-0.4665,-0.9057,-0.1493,4.69,-0.28,1.12
3.304202,-0.4685,-0.9033,-0.1498,4.13,-0.56,3.43
3.304799,-0.4685,-0.9028,-0.1498,4.41,-0.35,1.82
3.305397,-0.4695,-0.8999,-0.1488,4.41,-0.63,2.94
3.305994,-0.4695,-0.8965,-0.1498,4.34,-0.21,2.03
3.306591,-0.4656,-0.8969,-0.1503,4.76,-0.98,2.66
3.307188,-0.4646,-0.8989,-0.1484,4.13,-0.21,2.38
3.307785,-0.4656,-0.8994,-0.1454,5.04,-0.70,2.24
3.308382,-0.4665,-0.8989,-0.1474,4.20,-0.77,2.94
3.308980,-0.4685,-0.8979,-0.1459,4.90,-1.19,2.66
3.309577,-0.4704,-0.8950,-0.1401,4.48,-0.56,2.45
3.310547,-0.4699,-0.8940,-0.1425,4.90,-1.05,2.66
3.311144,-0.4675,-0.8984,-0.1444,4.55,-0.91,3.01
3.311741,-0.4675,-0.8984,-0.1454,4.76,-0.98,2.17
3.312338,-0.4695,-0.8969,-0.1430,4.69,-0.70,3.43
3.312936,-0.4695,-0.8989,-0.1405,4.69,-0.84,2.10
3.313533,-0.4665,-0.8984,-0.1425,4.90,-1.12,3.71
3.314130,-0.4656,-0.8999,-0.1376,4.62,-0.77,2.10
3.314727,-0.4660,-0.8979,-0.1352,4.97,-1.19,3.85
3.315324,-0.4680,-0.8969,-0.1396,4.48,-1.19,2.10
3.315921,-0.4685,-0.8999,-0.1430,5.32,-1.05,4.20
3.316518,-0.4680,-0.8994,-0.1386,4.69,-1.75,1.75
3.317116,-0.4651,-0.8999,-0.1366,4.62,-0.70,4.20
3.317713,-0.4646,-0.8999,-0.1376,4.83,-1.68,2.17
3.318310,-0.4675,-0.9004,-0.1342,4.90,-0.49,4.48
3.318907,-0.4651,-0.9008,-0.1332,4.90,-2.10,2.10
3.319504,-0.4646,-0.9008,-0.1357,4.90,-0.70,4.83
3.320101,-0.4641,-0.9018,-0.1362,4.62,-1.26,2.31
3.320699,-0.4607,-0.9004,-0.1366,5.18,-1.12,5.11
3.321296,-0.4621,-0.9004,-0.1381,4.69,-1.19,2.66
