time_s,ax_g,ay_g,az_g,gx_dps,gy_dps,gz_dps
0.000000,-0.6647,0.7574,-0.0903,-6.16,-0.91,-2.24
0.000597,-0.6622,0.7574,-0.0917,-5.46,-1.47,0.56
0.001194,-0.6686,0.7584,-0.0952,-6.37,-0.84,-2.38
0.001791,-0.6700,0.7554,-0.0952,-5.67,-0.98,0.77
0.002388,-0.6661,0.7598,-0.0932,-6.23,-0.84,-3.22
0.002984,-0.6661,0.7613,-0.0996,-5.46,-0.84,1.19
0.003581,-0.6647,0.7569,-0.1005,-6.09,-1.26,-3.15
0.004178,-0.6637,0.7569,-0.0971,-5.46,-0.56,0.91
0.004775,-0.6642,0.7569,-0.0986,-5.95,-1.12,-3.29
0.005372,-0.6603,0.7579,-0.0986,-5.74,-0.42,1.54
0.005969,-0.6608,0.7608,-0.0981,-5.95,-1.33,-2.94
0.006566,-0.6666,0.7588,-0.0976,-5.60,-0.14,0.84
0.007163,-0.6666,0.7579,-0.0976,-5.60,-1.33,-3.01
0.007759,-0.6647,0.7569,-0.0986,-5.53,-0.14,0.77
0.008356,-0.6642,0.7554,-0.1000,-5.95,-1.05,-2.87
0.008953,-0.6661,0.7593,-0.1015,-5.39,-0.14,0.14
0.009550,-0.6681,0.7613,-0.1010,-5.88,-1.33,-2.38
0.010147,-0.6671,0.7598,-0.0991,-5.60,0.28,0.28
0.010744,-0.6666,0.7618,-0.1005,-5.53,-1.05,-2.45
0.011719,-0.6700,0.7647,-0.0981,-5.60,0.21,0.35
0.012316,-0.6695,0.7642,-0.0981,-5.67,-1.33,-2.24
0.012913,-0.6681,0.7632,-0.0961,-5.46,0.14,-0.14
0.013510,-0.6700,0.7657,-0.1000,-5.88,-0.49,-1.68
0.014107,-0.6695,0.7671,-0.0986,-4.97,-0.28,0.00
0.014703,-0.6720,0.7632,-0.0996,-5.81,-0.21,-2.03
0.015300,-0.6764,0.7598,-0.1005,-5.04,-0.35,0.28
0.015897,-0.6759,0.7623,-0.0996,-6.02,-0.28,-1.61
0.016494,-0.6764,0.7652,-0.0991,-4.41,-0.07,-0.84
0.017091,-0.6773,0.7642,-0.1000,-6.30,0.28,-0.84
0.017688,-0.6783,0.7598,-0.0996,-4.48,-0.28,-1.05
0.018285,-0.6793,0.7598,-0.0996,-6.37,0.14,-0.56
0.018882,-0.6783,0.7593,-0.0986,-4.27,-0.14,-1.05
0.019478,-0.6788,0.7593,-0.0971,-6.37,0.00,0.00
0.020075,-0.6778,0.7574,-0.0976,-4.48,-0.42,-0.84
0.020672,-0.6759,0.7574,-0.1000,-5.88,-0.07,0.00
0.021269,-0.6778,0.7613,-0.0986,-4.48,0.07,-1.12
0.021866,-0.6783,0.7613,-0.0976,-5.74,-0.14,0.21
0.022463,-0.6759,0.7623,-0.0986,-4.48,0.63,-1.33
0.022463,-0.6739,0.7603,-0.0991,-5.25,-0.42,0.28
0.023058,-0.6725,0.7579,-0.1010,-4.97,0.56,-1.19
0.023655,-0.6700,0.7584,-0.1010,-4.69,-0.42,0.35
0.024252,-0.6710,0.7579,-0.0996,-5.53,0.49,-0.84
0.024849,-0.6744,0.7574,-0.0996,-4.48,-0.21,0.21
0.025445,-0.6720,0.7554,-0.0981,-5.32,0.49,-0.84
0.026042,-0.6725,0.7569,-0.0966,-3.85,-0.28,0.35
0.026639,-0.6754,0.7593,-0.0976,-5.46,0.84,-0.98
0.027236,-0.6764,0.7603,-0.1039,-3.85,0.07,0.14
0.027833,-0.6734,0.7608,-0.1039,-5.39,0.77,-1.12
0.028430,-0.6725,0.7588,-0.0991,-3.99,0.21,0.63
0.029027,-0.6725,0.7569,-0.1010,-5.04,0.70,-1.12
0.029624,-0.6725,0.7579,-0.0981,-3.57,0.21,0.42
0.030220,-0.6759,0.7574,-0.0942,-5.32,1.12,-1.40
0.030817,-0.6764,0.7579,-0.1015,-3.64,0.35,0.56
0.031414,-0.6749,0.7608,-0.1020,-4.90,0.98,-1.40
0.032011,-0.6715,0.7593,-0.0996,-3.92,0.35,0.77
0.032608,-0.6730,0.7588,-0.1000,-4.97,0.70,-1.33
0.033205,-0.6749,0.7632,-0.0986,-3.64,0.77,1.19
0.033205,-0.6754,0.7652,-0.0991,-4.41,0.91,-1.89
0.033800,-0.6778,0.7632,-0.0996,-3.85,0.77,1.05
0.034397,-0.6749,0.7618,-0.0996,-4.20,0.77,-1.61
0.034994,-0.6734,0.7623,-0.0986,-4.06,1.19,1.26
0.035590,-0.6720,0.7613,-0.0961,-3.92,0.84,-1.96
0.036187,-0.6700,0.7647,-0.0966,-4.27,1.12,1.05
0.036784,-0.6720,0.7701,-0.0976,-3.36,0.91,-1.82
0.037381,-0.6705,0.7696,-0.0986,-4.55,1.19,1.19
0.037978,-0.6695,0.7691,-0.0981,-3.36,0.91,-2.10
0.038575,-0.6686,0.7710,-0.1005,-4.34,1.96,1.26
0.039172,-0.6695,0.7686,-0.1005,-3.15,1.19,-2.38
0.039769,-0.6715,0.7647,-0.0947,-4.06,1.40,0.98
0.040365,-0.6681,0.7642,-0.0981,-3.29,1.33,-1.89
0.040962,-0.6666,0.7671,-0.1010,-3.92,1.26,0.56
0.041559,-0.6686,0.7696,-0.0991,-3.29,1.75,-2.59
0.042156,-0.6730,0.7691,-0.1005,-3.78,1.40,0.42
0.042753,-0.6705,0.7671,-0.1000,-3.71,2.10,-2.17
0.043350,-0.6686,0.7652,-0.0937,-3.36,1.19,0.63
0.043947,-0.6681,0.7681,-0.0942,-3.57,2.52,-2.73
0.044922,-0.6647,0.7681,-0.0961,-2.87,1.05,0.49
0.045519,-0.6681,0.7666,-0.0947,-4.06,2.73,-2.59
0.046116,-0.6710,0.7686,-0.0966,-2.31,0.91,0.14
0.046713,-0.6700,0.7681,-0.0976,-4.13,2.73,-2.24
0.047310,-0.6710,0.7666,-0.0942,-2.24,1.12,-0.56
0.047906,-0.6720,0.7681,-0.0922,-4.27,3.01,-2.10
0.048503,-0.6734,0.7701,-0.0908,-2.24,1.54,-0.63
0.049100,-0.6754,0.7706,-0.0893,-3.99,2.73,-1.96
0.049697,-0.6744,0.7706,-0.0908,-1.96,1.68,-1.47
0.050294,-0.6715,0.7706,-0.0922,-4.13,3.22,-1.33
0.050891,-0.6705,0.7662,-0.0917,-1.75,1.54,-1.96
0.051488,-0.6730,0.7642,-0.0937,-3.85,3.29,-1.33
0.052085,-0.6754,0.7681,-0.0932,-1.82,1.47,-1.68
0.052681,-0.6788,0.7691,-0.0898,-3.50,3.71,-1.26
0.053278,-0.6793,0.7691,-0.0874,-2.10,1.33,-2.17
0.053875,-0.6773,0.7686,-0.0864,-3.36,3.78,-1.05
0.054472,-0.6744,0.7671,-0.0927,-2.24,1.96,-2.10
0.055069,-0.6769,0.7618,-0.0913,-2.73,3.71,-0.77
0.055666,-0.6788,0.7608,-0.0883,-2.45,2.10,-2.10
0.055666,-0.6734,0.7632,-0.0913,-2.10,3.50,-1.19
0.056261,-0.6744,0.7632,-0.0893,-2.94,2.45,-1.89
0.056858,-0.6773,0.7657,-0.0937,-1.54,3.29,-1.33
0.057455,-0.6783,0.7647,-0.0937,-2.87,2.66,-2.31
0.058051,-0.6769,0.7613,-0.0903,-1.33,3.50,-1.33
0.058648,-0.6730,0.7579,-0.0883,-3.01,2.66,-1.82
0.059245,-0.6725,0.7569,-0.0903,-0.84,3.57,-1.61
0.059842,-0.6788,0.7593,-0.0908,-3.22,3.29,-1.96
0.060439,-0.6764,0.7588,-0.0937,-2.59,2.87,-2.87
0.061036,-0.6739,0.7618,-0.0952,-0.98,3.50,-0.84
0.061633,-0.6734,0.7623,-0.0898,-2.52,3.08,-3.29
0.062230,-0.6769,0.7584,-0.0908,-0.91,3.15,-1.05
0.062826,-0.6778,0.7549,-0.0947,-2.24,3.57,-3.01
0.063423,-0.6764,0.7584,-0.0961,-0.91,3.43,-0.91
0.064020,-0.6783,0.7598,-0.0952,-2.03,3.50,-2.94
0.064617,-0.6808,0.7608,-0.0932,-1.05,3.50,-0.91
0.065214,-0.6812,0.7608,-0.0942,-1.61,3.01,-2.87
0.065811,-0.6812,0.7608,-0.0927,-1.12,3.57,-1.12
0.066408,-0.6803,0.7588,-0.0917,-1.12,3.15,-2.94
0.067383,-0.6803,0.7544,-0.0966,-1.26,3.85,-1.47
0.067980,-0.6822,0.7530,-0.1015,-0.56,2.80,-2.87
0.068577,-0.6856,0.7535,-0.1010,-1.47,4.27,-1.61
0.069174,-0.6871,0.7544,-0.0976,-0.07,2.80,-2.80
0.069770,-0.6856,0.7544,-0.0976,-1.40,4.34,-2.17
0.070367,-0.6856,0.7544,-0.0966,-0.07,3.29,-2.73
0.070964,-0.6861,0.7544,-0.0961,-1.12,3.99,-1.61
0.071561,-0.6886,0.7525,-0.0966,-0.28,2.80,-3.01
0.072158,-0.6915,0.7505,-0.0991,-0.84,3.78,-1.68
0.072755,-0.6876,0.7544,-0.1020,0.14,3.43,-3.50
0.073352,-0.6905,0.7574,-0.1039,-0.56,3.22,-1.47
0.073949,-0.6964,0.7554,-0.1074,-0.14,3.57,-3.22
0.074545,-0.6905,0.7515,-0.1074,-0.49,3.64,-2.10
0.075142,-0.6891,0.7501,-0.1035,-0.07,3.50,-3.22
0.075739,-0.6910,0.7520,-0.0991,-0.14,3.15,-1.96
0.076336,-0.6891,0.7520,-0.1039,0.35,3.43,-3.15
0.076933,-0.6930,0.7501,-0.1108,0.21,3.22,-2.24
0.077530,-0.6983,0.7481,-0.1108,0.14,3.99,-3.71
0.078127,-0.7013,0.7476,-0.1093,1.12,3.08,-2.66
0.078127,-0.7008,0.7466,-0.1064,-0.28,3.64,-3.22
0.078722,-0.6964,0.7462,-0.1025,1.19,3.01,-2.59
0.079319,-0.6954,0.7481,-0.1049,-0.07,3.92,-3.64
0.079916,-0.6949,0.7491,-0.1083,1.54,2.80,-2.80
0.080512,-0.6939,0.7457,-0.1069,-0.14,3.57,-3.50
0.081109,-0.6934,0.7418,-0.1044,1.75,2.66,-2.66
0.081706,-0.6891,0.7442,-0.1039,0.42,3.92,-3.78
0.082303,-0.6891,0.7452,-0.1069,1.40,2.66,-2.73
0.082900,-0.6881,0.7403,-0.1088,0.98,3.43,-3.78
0.083497,-0.6852,0.7379,-0.1083,1.33,3.08,-3.43
0.084094,-0.6852,0.7388,-0.1064,1.19,3.29,-3.71
0.084691,-0.6842,0.7398,-0.1035,1.54,3.22,-3.99
0.085287,-0.6837,0.7403,-0.1035,1.54,3.29,-3.78
0.085884,-0.6827,0.7383,-0.1020,1.61,3.15,-4.41
0.086481,-0.6827,0.7383,-0.1025,1.82,3.36,-3.71
0.087078,-0.6827,0.7403,-0.1088,1.82,3.08,-4.34
0.087675,-0.6812,0.7393,-0.1074,2.31,3.36,-4.06
0.088272,-0.6812,0.7398,-0.1064,1.75,2.94,-4.76
0.088869,-0.6832,0.7418,-0.1074,2.17,3.50,-4.06
0.088869,-0.6856,0.7408,-0.1025,2.52,3.01,-5.25
0.089464,-0.6842,0.7364,-0.1035,2.24,3.57,-3.92
0.090061,-0.6832,0.7344,-0.1083,2.73,3.01,-5.81
0.090658,-0.6827,0.7349,-0.1083,2.45,3.57,-3.92
0.091254,-0.6812,0.7344,-0.1078,3.15,2.87,-6.09
0.091851,-0.6812,0.7310,-0.1074,2.66,3.92,-4.62
0.092448,-0.6837,0.7296,-0.1015,3.43,3.08,-6.02
0.093045,-0.6832,0.7315,-0.1059,3.01,3.43,-4.55
0.093642,-0.6788,0.7325,-0.1083,3.71,3.36,-6.51
0.094239,-0.6817,0.7305,-0.1035,3.43,3.64,-4.83
0.094836,-0.6793,0.7261,-0.1054,3.64,3.29,-4.90
0.095433,-0.6798,0.7232,-0.1083,3.99,3.15,-7.63
0.096029,-0.6769,0.7286,-0.1122,3.92,3.50,-5.11
0.096626,-0.6759,0.7296,-0.1137,3.78,3.36,-7.56
0.097223,-0.6759,0.7232,-0.1103,4.90,3.36,-5.60
0.097820,-0.6788,0.7203,-0.1098,3.99,3.50,-7.84
0.098417,-0.6759,0.7208,-0.1118,5.18,3.29,-6.51
0.099014,-0.6720,0.7237,-0.1122,4.27,3.57,-8.19
0.099611,-0.6749,0.7252,-0.1108,5.60,3.85,-6.51
0.100586,-0.6773,0.7242,-0.1078,4.55,3.50,-8.26
0.101183,-0.6749,0.7237,-0.1088,5.60,3.50,-6.72
0.101780,-0.6730,0.7227,-0.1122,4.83,3.50,-8.68
0.102377,-0.6744,0.7237,-0.1108,5.95,3.57,-7.42
0.102973,-0.6744,0.7222,-0.1108,5.46,3.29,-8.75
0.103570,-0.6686,0.7174,-0.1127,6.02,3.50,-7.98
0.104167,-0.6710,0.7203,-0.1132,6.02,3.36,-8.61
0.104764,-0.6759,0.7237,-0.1132,6.23,3.85,-8.54
0.105361,-0.6710,0.7213,-0.1137,6.30,3.92,-8.82
0.105958,-0.6690,0.7183,-0.1122,6.44,3.29,-9.10
0.106555,-0.6715,0.7164,-0.1122,6.79,4.41,-8.82
0.107152,-0.6676,0.7193,-0.1157,6.79,3.29,-9.45
0.107748,-0.6647,0.7208,-0.1161,7.14,4.13,-9.17
0.108345,-0.6681,0.7159,-0.1191,6.86,3.43,-10.22
0.108942,-0.6666,0.7178,-0.1186,7.77,3.71,-9.24
0.109539,-0.6647,0.7203,-0.1127,6.58,4.20,-10.78
0.110136,-0.6686,0.7183,-0.1147,8.68,3.92,-9.52
0.110733,-0.6695,0.7178,-0.1171,7.14,3.99,-11.20
0.111330,-0.6676,0.7159,-0.1137,8.75,3.71,-9.38
0.112305,-0.6690,0.7159,-0.1108,7.21,3.78,-11.76
0.112902,-0.6671,0.7169,-0.1108,9.10,4.13,-9.66
0.113499,-0.6656,0.7125,-0.1142,7.56,3.78,-12.11
0.114096,-0.6686,0.7115,-0.1157,9.17,3.92,-9.87
0.114692,-0.6710,0.7130,-0.1157,8.40,3.78,-12.11
0.115289,-0.6710,0.7135,-0.1137,8.89,4.48,-10.36
0.115886,-0.6725,0.7144,-0.1142,9.10,3.92,-12.81
0.116483,-0.6744,0.7149,-0.1127,9.24,4.06,-10.36
0.117080,-0.6754,0.7174,-0.1137,9.73,3.64,-10.64
0.117677,-0.6788,0.7188,-0.1186,9.80,4.41,-13.65
0.118274,-0.6783,0.7174,-0.1205,9.45,3.92,-10.71
0.118871,-0.6778,0.7159,-0.1186,10.22,4.13,-13.79
0.119467,-0.6798,0.7183,-0.1181,9.80,4.13,-10.85
0.120064,-0.6788,0.7213,-0.1176,10.78,3.99,-13.86
0.120661,-0.6812,0.7227,-0.1171,10.15,3.71,-10.71
0.121258,-0.6817,0.7218,-0.1152,10.99,3.99,-14.28
0.121855,-0.6832,0.7237,-0.1137,10.36,3.57,-10.99
0.122452,-0.6822,0.7271,-0.1108,11.20,3.99,-14.56
0.123049,-0.6798,0.7232,-0.1108,11.13,3.50,-11.48
0.123049,-0.6798,0.7252,-0.1127,11.06,4.13,-14.98
0.123644,-0.6778,0.7315,-0.1127,11.69,3.22,-11.06
0.124241,-0.6759,0.7261,-0.1147,11.13,3.99,-15.05
0.124838,-0.6769,0.7227,-0.1152,11.62,3.71,-11.06
0.125434,-0.6773,0.7266,-0.1142,11.41,3.92,-14.77
0.126031,-0.6754,0.7252,-0.1122,11.83,3.85,-11.76
0.126628,-0.6764,0.7286,-0.1108,11.41,3.64,-14.63
0.127225,-0.6759,0.7310,-0.1122,12.32,4.06,-12.11
0.127822,-0.6778,0.7281,-0.1132,11.76,3.29,-14.77
0.128419,-0.6744,0.7291,-0.1161,12.25,3.29,-15.05
0.129016,-0.6798,0.7310,-0.1171,12.46,2.73,-14.70
0.129613,-0.6803,0.7354,-0.1127,12.46,4.20,-12.32
0.130209,-0.6822,0.7340,-0.1122,12.88,2.87,-15.05
0.130806,-0.6817,0.7305,-0.1137,12.53,3.99,-12.25
0.131403,-0.6817,0.7300,-0.1132,13.16,2.80,-14.91
0.132000,-0.6822,0.7305,-0.1113,13.02,3.50,-12.39
0.132597,-0.6822,0.7335,-0.1103,13.09,3.01,-14.56
0.133194,-0.6832,0.7330,-0.1108,13.16,3.15,-12.53
0.133791,-0.6798,0.7340,-0.1108,13.02,3.43,-15.12
0.135742,-0.6827,0.7354,-0.1127,13.79,2.66,-12.81
0.136339,-0.6852,0.7359,-0.1127,12.81,3.01,-14.28
0.136936,-0.6817,0.7383,-0.1127,13.93,2.66,-13.30
0.137533,-0.6827,0.7413,-0.1113,13.23,2.80,-14.35
0.138130,-0.6822,0.7442,-0.1093,14.00,2.73,-13.30
0.138726,-0.6856,0.7442,-0.1161,12.88,2.52,-14.14
0.139323,-0.6866,0.7437,-0.1171,14.28,2.38,-13.44
0.139920,-0.6852,0.7442,-0.1142,13.30,2.66,-14.14
0.140517,-0.6856,0.7476,-0.1113,13.86,2.31,-13.51
0.141114,-0.6871,0.7471,-0.1078,13.93,2.24,-13.93
0.141711,-0.6891,0.7452,-0.1098,13.65,2.59,-13.93
0.142308,-0.6861,0.7481,-0.1132,14.14,2.10,-13.93
0.142905,-0.6842,0.7510,-0.1113,13.58,2.31,-14.14
0.143501,-0.6832,0.7520,-0.1074,14.14,1.89,-12.81
0.144098,-0.6876,0.7520,-0.1093,13.30,2.17,-14.56
0.144695,-0.6910,0.7510,-0.1113,14.42,1.89,-12.67
0.145292,-0.6886,0.7496,-0.1078,13.86,2.03,-14.56
0.145889,-0.6891,0.7491,-0.1025,14.21,2.17,-12.67
0.146486,-0.6925,0.7505,-0.1059,13.79,1.61,-14.70
0.146486,-0.6934,0.7515,-0.1069,14.21,1.82,-12.46
0.147082,-0.6895,0.7525,-0.1078,13.79,1.33,-14.77
0.147679,-0.6920,0.7510,-0.1093,14.21,1.96,-12.46
0.148276,-0.6954,0.7540,-0.1074,14.21,1.26,-14.84
0.148872,-0.6939,0.7574,-0.1064,14.00,1.54,-12.46
0.149469,-0.6934,0.7579,-0.1015,14.42,0.98,-14.70
0.150066,-0.6939,0.7598,-0.1010,14.49,0.70,-15.12
0.150663,-0.6988,0.7593,-0.0991,14.14,1.47,-11.69
0.151260,-0.6964,0.7608,-0.0961,14.00,1.26,-15.47
0.151857,-0.6949,0.7623,-0.0996,14.35,0.84,-11.69
0.152454,-0.6939,0.7623,-0.1015,14.00,0.77,-14.84
0.153051,-0.6944,0.7627,-0.0976,14.63,0.70,-11.90
0.153647,-0.6920,0.7618,-0.0986,13.65,0.56,-14.28
0.154244,-0.6900,0.7613,-0.0981,14.63,0.49,-11.62
0.154841,-0.6925,0.7657,-0.0966,13.37,0.28,-14.56
0.155438,-0.6954,0.7696,-0.0976,14.56,0.56,-11.55
0.156035,-0.6969,0.7696,-0.0996,13.65,0.00,-14.77
0.156632,-0.6978,0.7652,-0.1015,14.14,0.91,-11.62
0.157229,-0.6998,0.7637,-0.0976,13.79,-0.21,-14.28
0.158203,-0.7013,0.7627,-0.0966,14.07,0.49,-11.55
0.158800,-0.7027,0.7627,-0.0956,13.58,-0.42,-14.00
0.159397,-0.7013,0.7647,-0.0961,14.14,0.42,-11.69
0.159994,-0.7047,0.7637,-0.0966,13.72,-0.98,-13.79
0.160590,-0.7096,0.7657,-0.0976,13.72,0.70,-11.83
0.161187,-0.7071,0.7666,-0.0996,14.28,-1.68,-13.16
0.161784,-0.7056,0.7632,-0.0991,13.44,0.98,-12.11
0.162381,-0.7086,0.7618,-0.0996,13.86,-1.54,-12.74
0.162978,-0.7091,0.7652,-0.1010,13.30,0.49,-11.97
0.163575,-0.7091,0.7671,-0.1005,13.86,-1.47,-12.32
0.164172,-0.7081,0.7623,-0.0996,13.37,0.00,-11.62
0.164769,-0.7056,0.7627,-0.0981,13.86,-1.47,-12.11
0.165365,-0.7032,0.7627,-0.1000,13.37,-0.28,-11.34
0.165962,-0.7056,0.7584,-0.1039,13.79,-1.61,-11.83
0.166559,-0.7066,0.7564,-0.1044,13.44,-0.77,-11.48
0.167156,-0.7032,0.7588,-0.1005,13.93,-1.26,-11.69
0.167753,-0.7032,0.7564,-0.1010,13.23,-0.42,-11.48
0.168350,-0.7022,0.7501,-0.1054,13.86,-1.40,-11.41
0.168947,-0.7047,0.7530,-0.1035,13.09,-0.84,-11.48
0.169922,-0.7042,0.7540,-0.1025,13.79,-1.47,-10.92
0.170519,-0.7027,0.7535,-0.1025,13.30,-1.40,-11.27
0.171116,-0.7056,0.7554,-0.1010,13.79,-1.26,-11.13
0.171713,-0.7032,0.7525,-0.1030,13.44,-1.54,-10.99
0.172310,-0.7052,0.7496,-0.1069,13.44,-1.26,-10.78
0.172906,-0.7091,0.7491,-0.1088,13.44,-1.54,-10.99
0.173503,-0.7061,0.7510,-0.1044,13.79,-1.68,-10.78
0.174100,-0.7076,0.7515,-0.1035,13.44,-1.33,-10.92
0.174697,-0.7105,0.7505,-0.1054,13.58,-2.10,-10.85
0.175294,-0.7096,0.7525,-0.1015,13.44,-1.05,-10.43
0.175891,-0.7115,0.7569,-0.1005,13.37,-1.96,-10.50
0.176488,-0.7135,0.7535,-0.1030,13.37,-1.12,-10.08
0.177085,-0.7135,0.7471,-0.1005,13.37,-2.10,-10.50
0.177681,-0.7154,0.7476,-0.0971,13.58,-1.40,-10.64
0.178278,-0.7178,0.7466,-0.0986,13.37,-1.96,-10.36
0.178875,-0.7164,0.7452,-0.1025,13.93,-1.68,-10.50
0.179472,-0.7130,0.7447,-0.1044,12.88,-1.75,-10.22
0.180069,-0.7149,0.7437,-0.1010,14.21,-1.96,-10.71
0.180666,-0.7193,0.7442,-0.0991,13.23,-1.82,-9.66
0.180666,-0.7178,0.7418,-0.1025,14.00,-1.75,-10.85
0.181261,-0.7164,0.7442,-0.1030,13.37,-2.17,-9.66
0.181858,-0.7139,0.7432,-0.1035,14.00,-1.47,-11.06
0.182455,-0.7135,0.7383,-0.1035,13.65,-2.52,-9.87
0.183051,-0.7139,0.7359,-0.0991,13.72,-1.26,-11.55
0.183648,-0.7110,0.7340,-0.0991,13.65,-2.17,-9.31
0.184245,-0.7130,0.7344,-0.0981,13.93,-2.03,-11.55
0.184842,-0.7135,0.7330,-0.0952,13.86,-1.68,-9.59
0.185439,-0.7100,0.7300,-0.0991,13.58,-1.68,-11.06
0.186036,-0.7096,0.7247,-0.1010,14.42,-1.68,-10.01
0.186633,-0.7100,0.7232,-0.1035,13.79,-2.10,-11.13
0.187230,-0.7086,0.7252,-0.1020,14.28,-1.26,-10.08
0.187826,-0.7100,0.7261,-0.0996,14.28,-1.89,-11.48
0.188423,-0.7135,0.7247,-0.1020,14.35,-1.33,-10.22
0.189020,-0.7130,0.7232,-0.1064,14.42,-1.96,-11.41
0.189617,-0.7120,0.7237,-0.1064,14.14,-1.40,-10.01
0.190214,-0.7125,0.7227,-0.1035,14.56,-1.89,-11.06
0.190811,-0.7149,0.7198,-0.1064,14.63,-1.33,-10.01
0.191408,-0.7154,0.7144,-0.1074,14.91,-1.19,-11.76
0.191408,-0.7154,0.7110,-0.1054,14.77,-1.54,-9.94
0.192003,-0.7183,0.7130,-0.1039,14.77,-1.68,-11.48
0.192600,-0.7169,0.7135,-0.1039,15.19,-1.33,-10.50
0.193197,-0.7154,0.7120,-0.1049,14.70,-1.12,-11.41
0.193793,-0.7144,0.7086,-0.1069,15.33,-0.98,-10.78
0.194390,-0.7139,0.7071,-0.1127,14.91,-1.12,-11.55
0.194987,-0.7135,0.7100,-0.1064,15.68,-1.26,-10.78
0.195584,-0.7115,0.7105,-0.1064,15.96,-0.98,-10.78
0.196181,-0.7130,0.7056,-0.1118,15.40,-1.12,-11.62
0.196778,-0.7149,0.7013,-0.1132,16.03,-0.49,-11.41
0.197375,-0.7135,0.7017,-0.1098,16.10,-1.12,-11.41
0.197972,-0.7139,0.7022,-0.1108,15.82,-0.70,-11.06
0.198568,-0.7130,0.7027,-0.1098,16.66,-0.98,-11.55
0.199165,-0.7125,0.6983,-0.1054,16.38,-0.77,-11.76
0.199762,-0.7154,0.6939,-0.1088,16.45,-0.84,-11.55
0.200359,-0.7149,0.6993,-0.1147,16.45,-0.14,-12.39
0.200956,-0.7110,0.7013,-0.1127,17.29,-0.56,-11.34
0.201553,-0.7120,0.7003,-0.1098,16.73,-0.14,-12.25
0.202150,-0.7159,0.6974,-0.1093,17.29,-0.42,-11.13
0.203125,-0.7144,0.6939,-0.1074,17.15,0.00,-12.81
0.203722,-0.7154,0.6934,-0.1074,17.57,0.14,-11.41
0.204319,-0.7135,0.6930,-0.1113,17.50,-0.07,-13.23
0.204916,-0.7110,0.6925,-0.1147,17.99,0.21,-11.62
0.205512,-0.7149,0.6910,-0.1142,17.50,0.35,-12.74
0.206109,-0.7144,0.6895,-0.1093,18.34,-0.07,-12.11
0.206706,-0.7105,0.6895,-0.1118,17.78,0.56,-12.46
0.207303,-0.7086,0.6900,-0.1166,18.55,0.91,-12.74
0.207900,-0.7071,0.6876,-0.1152,17.99,0.77,-12.74
0.208497,-0.7115,0.6847,-0.1142,18.69,0.63,-12.67
0.209094,-0.7144,0.6847,-0.1171,18.83,0.77,-12.74
0.209691,-0.7125,0.6837,-0.1157,18.55,1.26,-13.23
0.210287,-0.7135,0.6856,-0.1157,19.53,0.56,-13.09
0.210884,-0.7120,0.6905,-0.1176,18.90,1.40,-13.23
0.211481,-0.7154,0.6939,-0.1137,19.67,1.19,-13.16
0.212078,-0.7193,0.6964,-0.1118,19.32,1.40,-13.58
0.212675,-0.7169,0.6944,-0.1098,19.95,1.40,-13.16
0.213272,-0.7169,0.6939,-0.1113,19.04,1.68,-13.79
0.213869,-0.7159,0.6925,-0.1147,20.16,1.61,-13.65
0.213869,-0.7198,0.6905,-0.1157,19.67,1.89,-14.14
0.214464,-0.7222,0.6891,-0.1147,20.37,1.89,-13.30
0.215061,-0.7169,0.6920,-0.1127,20.23,1.89,-14.56
0.215658,-0.7169,0.6925,-0.1137,20.30,2.38,-13.51
0.216254,-0.7198,0.6915,-0.1186,20.65,2.03,-14.98
0.216851,-0.7193,0.6983,-0.1176,20.44,2.66,-13.79
0.217448,-0.7213,0.7008,-0.1181,20.72,2.31,-14.98
0.218045,-0.7193,0.7027,-0.1205,21.07,2.38,-13.93
0.218642,-0.7183,0.7017,-0.1200,21.21,2.38,-15.96
0.219239,-0.7203,0.6998,-0.1210,20.93,2.87,-14.07
0.219836,-0.7208,0.6998,-0.1191,21.14,2.24,-15.05
0.220433,-0.7193,0.7008,-0.1196,21.42,3.22,-14.63
0.221029,-0.7178,0.7032,-0.1220,21.49,2.31,-15.26
0.221626,-0.7198,0.7047,-0.1200,21.49,3.78,-15.33
0.222223,-0.7232,0.7052,-0.1220,21.49,2.17,-15.19
0.222820,-0.7227,0.7042,-0.1259,21.42,4.06,-15.61
0.223417,-0.7198,0.7037,-0.1215,21.63,2.31,-15.12
0.224014,-0.7198,0.7052,-0.1230,21.84,3.71,-15.47
0.224611,-0.7218,0.7071,-0.1259,21.84,2.80,-15.54
0.225586,-0.7242,0.7061,-0.1318,21.70,3.78,-15.82
0.226183,-0.7237,0.7052,-0.1318,21.91,3.01,-15.68
0.226780,-0.7266,0.7042,-0.1332,22.47,3.71,-15.75
0.227377,-0.7257,0.7047,-0.1298,21.84,3.43,-15.82
0.227973,-0.7237,0.7076,-0.1240,22.82,3.43,-15.82
0.228570,-0.7242,0.7076,-0.1293,21.77,4.13,-15.89
0.229167,-0.7213,0.7066,-0.1293,22.82,3.29,-15.54
0.229764,-0.7208,0.7042,-0.1322,21.70,4.55,-16.45
0.230361,-0.7193,0.7071,-0.1322,22.75,3.57,-15.47
0.230958,-0.7183,0.7091,-0.1337,22.12,4.55,-16.17
0.231555,-0.7208,0.7071,-0.1322,23.17,3.57,-16.31
0.232152,-0.7183,0.7091,-0.1337,22.12,4.69,-16.38
0.232748,-0.7144,0.7120,-0.1371,22.96,3.78,-15.75
0.233345,-0.7188,0.7096,-0.1376,22.19,4.90,-16.59
0.233942,-0.7247,0.7081,-0.1337,23.10,3.78,-16.52
0.234539,-0.7237,0.7120,-0.1303,22.40,4.69,-16.45
0.235136,-0.7218,0.7100,-0.1322,23.10,3.85,-16.31
0.235733,-0.7227,0.7081,-0.1347,22.61,4.62,-16.52
0.236330,-0.7232,0.7110,-0.1308,22.89,4.34,-16.80
0.236330,-0.7213,0.7105,-0.1293,23.17,4.69,-16.45
0.236925,-0.7178,0.7091,-0.1308,22.40,4.41,-16.38
0.237522,-0.7213,0.7130,-0.1342,23.31,5.46,-16.87
0.238119,-0.7271,0.7135,-0.1357,22.54,4.20,-16.10
0.238715,-0.7227,0.7120,-0.1347,23.31,4.90,-17.08
0.239312,-0.7198,0.7120,-0.1342,22.40,4.62,-16.10
0.239909,-0.7222,0.7139,-0.1352,23.59,4.83,-16.80
0.240506,-0.7261,0.7154,-0.1357,22.40,4.90,-16.52
0.241103,-0.7242,0.7135,-0.1322,23.73,4.76,-17.01
0.241700,-0.7193,0.7154,-0.1293,22.75,5.60,-16.24
0.242297,-0.7193,0.7198,-0.1352,23.45,4.55,-16.59
0.242894,-0.7193,0.7183,-0.1381,22.75,5.60,-16.38
0.243490,-0.7174,0.7164,-0.1337,23.52,4.41,-16.38
0.244087,-0.7178,0.7178,-0.1337,22.82,5.32,-16.66
0.244684,-0.7178,0.7188,-0.1347,23.31,4.62,-16.24
0.245281,-0.7188,0.7183,-0.1318,23.10,5.88,-16.73
0.245878,-0.7222,0.7178,-0.1274,23.31,4.62,-16.38
0.246475,-0.7213,0.7164,-0.1298,22.61,5.53,-16.52
0.247072,-0.7198,0.7178,-0.1347,23.38,4.69,-16.10
0.247072,-0.7193,0.7183,-0.1318,22.75,5.25,-16.52
0.247668,-0.7183,0.7174,-0.1318,23.38,5.18,-15.82
0.248265,-0.7178,0.7149,-0.1332,22.89,5.67,-16.52
0.248862,-0.7174,0.7130,-0.1322,23.03,4.90,-15.47
0.249458,-0.7183,0.7149,-0.1342,22.75,5.18,-16.24
0.250055,-0.7193,0.7193,-0.1318,23.03,5.46,-15.61
0.250652,-0.7208,0.7203,-0.1279,22.61,5.04,-15.61
0.251249,-0.7213,0.7183,-0.1293,22.89,5.04,-15.05
0.251846,-0.7227,0.7213,-0.1283,22.96,5.60,-16.31
0.252443,-0.7242,0.7203,-0.1283,22.40,5.25,-14.49
0.253040,-0.7237,0.7164,-0.1283,23.31,5.81,-15.54
0.253637,-0.7208,0.7164,-0.1254,22.54,4.90,-14.14
0.254233,-0.7193,0.7169,-0.1259,23.45,6.02,-15.68
0.254830,-0.7252,0.7164,-0.1269,21.84,5.18,-14.07
0.255427,-0.7291,0.7174,-0.1293,23.66,5.81,-15.19
0.256024,-0.7291,0.7178,-0.1288,21.63,5.11,-13.79
0.256621,-0.7300,0.7174,-0.1288,23.24,5.67,-14.84
0.257218,-0.7286,0.7203,-0.1298,21.63,5.11,-13.44
0.257815,-0.7257,0.7208,-0.1264,23.24,5.74,-14.42
0.258789,-0.7257,0.7218,-0.1269,21.77,4.90,-13.37
0.259386,-0.7213,0.7252,-0.1269,22.68,6.02,-14.35
0.259983,-0.7159,0.7247,-0.1264,22.12,5.18,-13.09
0.260580,-0.7213,0.7218,-0.1298,22.26,6.09,-13.65
0.261176,-0.7237,0.7183,-0.1298,22.19,5.04,-12.81
0.261773,-0.7178,0.7193,-0.1279,21.98,5.95,-13.65
0.262370,-0.7154,0.7227,-0.1274,22.40,5.04,-12.53
0.262967,-0.7135,0.7203,-0.1283,21.28,6.09,-12.95
0.263564,-0.7144,0.7198,-0.1357,22.68,5.04,-11.90
0.264161,-0.7061,0.7203,-0.1371,22.12,5.25,-11.27
0.264758,-0.7037,0.7208,-0.1352,20.86,5.95,-12.81
0.265355,-0.7042,0.7203,-0.1308,22.05,5.60,-11.48
0.265951,-0.7027,0.7188,-0.1288,20.72,6.02,-11.90
0.266548,-0.7047,0.7227,-0.1308,21.63,5.95,-10.99
0.267145,-0.7032,0.7257,-0.1347,20.58,5.74,-11.55
0.267742,-0.6978,0.7252,-0.1327,21.42,5.95,-10.78
0.268339,-0.6978,0.7237,-0.1298,20.30,6.02,-11.13
0.268936,-0.6998,0.7222,-0.1288,21.42,6.30,-10.78
0.269533,-0.7013,0.7261,-0.1288,20.23,6.16,-10.57
0.270508,-0.6983,0.7296,-0.1313,21.28,6.30,-10.64
0.271105,-0.6959,0.7252,-0.1313,19.88,6.16,-10.01
0.271702,-0.6930,0.7266,-0.1288,21.07,6.44,-10.78
0.272299,-0.6900,0.7296,-0.1279,19.74,6.65,-9.38
0.272895,-0.6910,0.7315,-0.1274,21.07,6.51,-10.50
0.273492,-0.6930,0.7315,-0.1249,19.60,6.79,-9.10
0.274089,-0.6905,0.7291,-0.1259,20.44,6.72,-9.80
0.274686,-0.6876,0.7300,-0.1249,19.53,6.23,-8.96
0.275283,-0.6881,0.7296,-0.1264,20.16,7.14,-9.80
0.275880,-0.6866,0.7291,-0.1283,19.39,6.65,-8.47
0.276477,-0.6876,0.7296,-0.1269,19.46,7.28,-8.96
0.277074,-0.6871,0.7296,-0.1274,19.32,7.00,-8.54
0.277670,-0.6842,0.7310,-0.1264,19.25,7.21,-8.89
0.278267,-0.6832,0.7315,-0.1240,19.25,7.70,-7.98
0.278864,-0.6808,0.7296,-0.1244,19.11,7.07,-8.68
0.279461,-0.6788,0.7281,-0.1244,18.76,7.70,-7.49
0.280058,-0.6778,0.7286,-0.1240,18.83,7.35,-8.33
0.280655,-0.6788,0.7291,-0.1235,18.69,7.70,-7.35
0.281252,-0.6827,0.7300,-0.1269,18.13,8.12,-7.77
0.281252,-0.6852,0.7296,-0.1288,18.48,8.05,-7.07
0.281847,-0.6817,0.7271,-0.1288,17.85,7.98,-7.00
0.282444,-0.6788,0.7266,-0.1254,18.90,7.98,-6.51
0.283041,-0.6812,0.7266,-0.1196,17.22,8.26,-6.86
0.283637,-0.6827,0.7266,-0.1225,18.90,8.05,-6.51
0.284234,-0.6778,0.7300,-0.1274,16.73,8.61,-6.51
0.284831,-0.6842,0.7310,-0.1225,18.48,7.91,-6.02
0.285428,-0.6832,0.7305,-0.1249,17.99,8.61,-5.67
0.286025,-0.6773,0.7305,-0.1288,16.31,8.61,-5.67
0.286622,-0.6749,0.7305,-0.1279,17.15,9.17,-5.53
0.287219,-0.6764,0.7296,-0.1240,16.24,9.17,-4.90
0.287816,-0.6778,0.7315,-0.1230,16.87,9.38,-4.69
0.288412,-0.6788,0.7330,-0.1259,16.38,9.45,-4.69
0.289009,-0.6783,0.7349,-0.1264,16.03,9.52,-3.85
0.289606,-0.6788,0.7349,-0.1254,16.03,9.24,-4.34
0.290203,-0.6798,0.7354,-0.1259,16.03,9.59,-3.92
0.290800,-0.6783,0.7364,-0.1254,15.68,10.01,-3.92
0.291397,-0.6798,0.7364,-0.1244,16.10,9.52,-3.57
0.291994,-0.6793,0.7335,-0.1269,15.40,10.22,-3.57
0.292969,-0.6783,0.7335,-0.1269,15.12,10.08,-2.87
0.293566,-0.6812,0.7364,-0.1235,14.84,10.36,-2.73
0.294163,-0.6812,0.7340,-0.1186,15.12,10.36,-3.01
0.294760,-0.6783,0.7354,-0.1157,14.77,10.36,-2.59
0.295356,-0.6773,0.7383,-0.1176,14.63,10.64,-2.38
0.295953,-0.6798,0.7364,-0.1210,14.56,10.36,-1.89
0.296550,-0.6808,0.7349,-0.1235,14.21,10.50,-2.66
0.297147,-0.6812,0.7320,-0.1191,13.86,11.13,-1.82
0.297744,-0.6866,0.7335,-0.1254,13.09,11.13,-0.91
0.298341,-0.6866,0.7344,-0.1254,14.07,10.57,-0.98
0.298938,-0.6861,0.7344,-0.1205,12.74,11.48,-0.91
0.299535,-0.6866,0.7320,-0.1215,13.30,11.34,-0.28
0.300131,-0.6866,0.7300,-0.1235,12.46,11.76,-0.28
0.300728,-0.6876,0.7300,-0.1196,12.95,10.78,-0.28
0.301325,-0.6876,0.7320,-0.1186,12.39,11.97,0.21
0.301922,-0.6847,0.7325,-0.1191,12.53,10.78,0.35
0.302519,-0.6842,0.7291,-0.1210,12.25,12.18,0.00
0.303116,-0.6876,0.7281,-0.1240,11.97,10.99,0.84
0.303713,-0.6881,0.7281,-0.1264,11.90,12.53,0.28
0.304688,-0.6876,0.7271,-0.1269,11.48,11.27,1.26
0.305285,-0.6886,0.7271,-0.1210,11.69,12.39,1.05
0.305882,-0.6876,0.7237,-0.1186,11.13,11.41,1.33
0.306479,-0.6900,0.7218,-0.1171,11.20,12.32,1.61
0.307075,-0.6944,0.7222,-0.1181,10.78,11.27,1.33
0.307672,-0.6974,0.7237,-0.1210,10.92,12.32,2.03
0.308269,-0.6969,0.7218,-0.1225,10.78,12.25,0.84
0.308866,-0.6954,0.7208,-0.1225,10.57,11.90,2.73
0.309463,-0.6944,0.7222,-0.1225,9.80,12.32,1.33
0.310060,-0.6978,0.7213,-0.1244,10.57,12.18,2.66
0.310657,-0.6998,0.7227,-0.1225,9.38,12.60,1.54
0.311254,-0.7047,0.7247,-0.1225,10.29,11.97,2.94
0.311850,-0.7061,0.7222,-0.1220,9.17,12.53,1.82
0.312447,-0.7037,0.7208,-0.1235,9.80,12.18,3.22
0.313044,-0.7105,0.7213,-0.1259,8.75,12.67,1.68
0.313641,-0.7130,0.7193,-0.1254,9.59,12.04,3.43
0.314238,-0.7081,0.7169,-0.1249,8.33,12.81,1.61
0.314835,-0.7052,0.7159,-0.1210,9.17,11.90,3.64
0.315432,-0.7081,0.7139,-0.1205,8.19,12.67,1.89
0.316406,-0.7115,0.7135,-0.1210,8.82,11.83,3.43
0.317003,-0.7100,0.7125,-0.1200,8.47,12.60,2.03
0.317600,-0.7056,0.7120,-0.1220,8.12,12.18,3.15
0.318197,-0.7081,0.7100,-0.1235,8.05,12.74,2.24
0.318793,-0.7100,0.7081,-0.1259,8.05,11.69,3.57
0.319390,-0.7110,0.7008,-0.1298,7.70,11.90,2.73
0.319987,-0.7115,0.6969,-0.1308,7.21,11.90,2.94
0.320584,-0.7110,0.6969,-0.1244,7.28,12.53,3.22
0.321181,-0.7096,0.6959,-0.1225,6.79,11.97,2.73
0.321778,-0.7105,0.6939,-0.1205,6.86,12.53,3.71
0.322375,-0.7130,0.6915,-0.1220,6.86,11.69,2.17
0.322972,-0.7139,0.6876,-0.1230,6.65,12.60,3.71
0.323568,-0.7159,0.6871,-0.1205,6.86,11.76,2.45
0.324165,-0.7149,0.6886,-0.1215,6.44,12.39,3.43
0.324762,-0.7164,0.6881,-0.1240,6.51,11.69,2.31
0.325359,-0.7208,0.6861,-0.1240,6.16,12.74,3.57
0.325956,-0.7193,0.6837,-0.1210,6.30,11.69,2.03
0.326553,-0.7213,0.6856,-0.1196,6.23,12.04,3.99
0.327150,-0.7257,0.6871,-0.1210,5.95,11.76,2.03
0.328125,-0.7271,0.6881,-0.1230,6.16,12.11,4.06
0.328722,-0.7296,0.6871,-0.1244,5.46,11.69,2.17
0.329319,-0.7291,0.6861,-0.1220,6.02,12.18,3.50
0.329916,-0.7300,0.6856,-0.1196,4.97,11.69,2.38
0.330512,-0.7305,0.6817,-0.1186,5.95,11.69,3.99
0.331109,-0.7300,0.6817,-0.1200,4.90,11.41,2.03
0.331706,-0.7305,0.6832,-0.1225,5.81,11.90,3.01
0.332303,-0.7300,0.6798,-0.1230,4.90,11.06,2.59
0.332900,-0.7276,0.6812,-0.1244,5.46,11.83,3.43
0.333497,-0.7257,0.6852,-0.1230,4.90,11.41,2.17
0.334094,-0.7286,0.6856,-0.1215,5.46,11.41,3.22
0.334691,-0.7296,0.6881,-0.1235,4.34,11.41,1.89
0.335287,-0.7291,0.6881,-0.1220,5.11,10.85,3.50
0.335884,-0.7320,0.6866,-0.1186,4.27,11.48,1.12
0.336481,-0.7354,0.6861,-0.1220,4.97,10.92,3.43
0.337078,-0.7379,0.6861,-0.1249,3.85,11.34,1.61
0.337675,-0.7359,0.6905,-0.1235,4.90,10.50,3.57
0.338272,-0.7340,0.6910,-0.1220,3.78,10.99,1.40
0.338869,-0.7344,0.6895,-0.1235,4.76,10.29,3.29
0.338869,-0.7335,0.6895,-0.1235,3.57,10.92,0.98
0.339464,-0.7320,0.6895,-0.1181,4.34,10.08,2.87
0.340061,-0.7379,0.6930,-0.1196,3.85,10.92,0.98
0.340658,-0.7403,0.6920,-0.1191,3.64,9.94,3.08
0.341254,-0.7359,0.6895,-0.1196,3.71,10.92,0.35
0.341851,-0.7344,0.6920,-0.1210,3.29,10.15,3.22
0.342448,-0.7374,0.6910,-0.1181,3.92,10.64,0.21
0.343045,-0.7388,0.6900,-0.1205,3.22,9.59,3.15
0.343642,-0.7374,0.6915,-0.1230,3.57,10.22,0.28
0.344239,-0.7374,0.6910,-0.1264,3.08,9.66,2.87
0.344836,-0.7408,0.6944,-0.1240,3.50,9.87,-0.42
0.345433,-0.7432,0.6934,-0.1196,2.87,9.59,2.38
0.346029,-0.7403,0.6900,-0.1244,3.43,9.87,-0.14
0.346626,-0.7422,0.6900,-0.1259,2.59,9.17,1.89
0.347223,-0.7442,0.6871,-0.1235,3.15,9.80,0.35
0.347820,-0.7432,0.6861,-0.1249,2.45,8.89,1.47
0.348417,-0.7403,0.6861,-0.1279,2.80,9.24,-0.35
0.349014,-0.7418,0.6827,-0.1249,2.80,8.75,1.26
0.349611,-0.7403,0.6852,-0.1259,2.45,9.73,-0.63
0.350586,-0.7408,0.6871,-0.1283,2.94,8.33,1.33
0.351183,-0.7442,0.6847,-0.1283,2.03,9.59,-0.14
0.351780,-0.7457,0.6847,-0.1342,2.94,8.19,0.00
0.352377,-0.7457,0.6832,-0.1318,1.89,9.31,0.14
0.352973,-0.7437,0.6861,-0.1308,1.68,8.68,0.42
0.353570,-0.7442,0.6832,-0.1322,2.87,8.40,-0.70
0.354167,-0.7452,0.6827,-0.1357,1.40,8.33,0.35
0.354764,-0.7442,0.6852,-0.1357,2.24,8.26,-1.05
0.355361,-0.7403,0.6827,-0.1376,1.40,8.19,0.49
0.355958,-0.7374,0.6842,-0.1405,2.03,8.05,-1.26
0.356555,-0.7354,0.6871,-0.1420,1.75,7.98,0.70
0.357152,-0.7349,0.6856,-0.1410,1.89,7.56,-1.68
0.357748,-0.7408,0.6852,-0.1405,1.96,7.98,0.28
0.358345,-0.7403,0.6847,-0.1376,2.03,7.35,-1.54
0.358942,-0.7354,0.6812,-0.1376,1.82,8.05,0.21
0.359539,-0.7379,0.6812,-0.1401,1.82,6.86,-1.75
0.360136,-0.7403,0.6812,-0.1425,1.82,7.91,0.00
0.360733,-0.7374,0.6778,-0.1420,1.47,6.51,-2.03
0.361330,-0.7354,0.6764,-0.1405,1.47,7.77,0.14
0.362305,-0.7369,0.6798,-0.1420,1.54,6.65,-1.82
0.362902,-0.7403,0.6803,-0.1401,1.40,7.07,-0.35
0.363499,-0.7413,0.6788,-0.1362,1.33,6.44,-2.03
0.364096,-0.7403,0.6803,-0.1352,1.61,6.86,-0.14
0.364692,-0.7408,0.6808,-0.1357,0.98,7.07,-2.24
0.365289,-0.7418,0.6788,-0.1376,2.17,5.95,-0.63
0.365886,-0.7388,0.6759,-0.1396,0.49,7.14,-2.10
0.366483,-0.7359,0.6783,-0.1391,2.31,5.88,-0.49
0.367080,-0.7349,0.6793,-0.1396,0.70,6.93,-2.66
0.367677,-0.7369,0.6773,-0.1386,2.31,5.60,-0.35
0.368274,-0.7388,0.6754,-0.1376,0.49,7.00,-3.01
0.368871,-0.7388,0.6734,-0.1391,2.59,5.11,-0.49
0.369467,-0.7379,0.6720,-0.1401,0.35,6.23,-2.73
0.370064,-0.7383,0.6705,-0.1391,2.10,5.60,-0.63
0.370661,-0.7374,0.6730,-0.1371,0.70,5.95,-2.73
0.371258,-0.7305,0.6730,-0.1371,2.17,5.60,-0.98
0.371855,-0.7335,0.6710,-0.1401,0.77,5.88,-2.73
0.372452,-0.7359,0.6695,-0.1405,1.75,5.32,-1.26
0.373049,-0.7310,0.6690,-0.1420,1.05,5.74,-2.59
0.373049,-0.7281,0.6705,-0.1405,1.40,5.18,-1.19
0.373644,-0.7261,0.6681,-0.1332,1.40,5.11,-2.24
0.374241,-0.7257,0.6681,-0.1332,1.47,5.32,-2.03
0.374838,-0.7237,0.6671,-0.1386,1.75,5.39,-2.17
0.375434,-0.7247,0.6647,-0.1391,0.98,5.53,-1.54
0.376031,-0.7247,0.6681,-0.1342,1.82,5.60,-2.66
0.376628,-0.7252,0.6647,-0.1371,1.54,5.11,-2.17
0.377225,-0.7222,0.6656,-0.1371,1.47,4.97,-2.59
0.377822,-0.7218,0.6681,-0.1386,2.17,4.76,-2.17
0.378419,-0.7193,0.6690,-0.1371,1.26,5.11,-2.80
0.379016,-0.7193,0.6637,-0.1357,2.31,4.48,-1.89
0.379613,-0.7213,0.6617,-0.1357,1.40,5.25,-3.29
0.380209,-0.7227,0.6627,-0.1386,2.31,4.20,-2.10
0.380806,-0.7242,0.6617,-0.1366,1.12,5.67,-3.78
0.381403,-0.7252,0.6622,-0.1362,2.73,4.13,-2.10
0.382000,-0.7261,0.6608,-0.1362,1.61,5.39,-4.06
0.382597,-0.7296,0.6573,-0.1332,2.66,3.99,-1.82
0.383194,-0.7315,0.6588,-0.1322,1.47,5.04,-4.06
0.383791,-0.7325,0.6573,-0.1318,2.80,4.27,-2.31
0.384766,-0.7354,0.6544,-0.1347,1.96,4.62,-4.34
0.385363,-0.7349,0.6529,-0.1357,2.52,3.99,-2.17
0.385960,-0.7359,0.6549,-0.1332,2.24,4.55,-5.04
0.386557,-0.7388,0.6549,-0.1337,2.38,4.76,-5.18
0.387153,-0.7393,0.6515,-0.1337,2.80,3.57,-2.59
0.387750,-0.7374,0.6495,-0.1332,2.59,5.11,-5.18
0.388347,-0.7364,0.6529,-0.1327,2.94,3.57,-3.01
0.388944,-0.7349,0.6573,-0.1318,3.15,4.20,-4.90
0.389541,-0.7340,0.6554,-0.1313,2.66,3.50,-3.50
0.390138,-0.7364,0.6529,-0.1318,3.29,4.20,-5.11
0.390735,-0.7344,0.6539,-0.1357,3.08,3.64,-4.34
0.391332,-0.7330,0.6544,-0.1342,3.57,3.78,-5.39
0.391928,-0.7354,0.6544,-0.1327,2.80,3.64,-4.34
0.392525,-0.7354,0.6510,-0.1318,3.92,3.57,-5.60
0.393122,-0.7383,0.6510,-0.1303,3.08,3.71,-4.27
0.393719,-0.7393,0.6529,-0.1293,4.34,3.29,-5.74
0.394316,-0.7349,0.6525,-0.1318,3.15,3.64,-5.25
0.394913,-0.7330,0.6549,-0.1318,4.34,3.43,-5.60
0.395510,-0.7340,0.6539,-0.1269,3.64,3.29,-5.60
0.396485,-0.7344,0.6549,-0.1293,4.20,3.64,-5.67
0.397082,-0.7354,0.6564,-0.1318,4.13,2.80,-5.67
0.397679,-0.7354,0.6588,-0.1298,3.92,3.57,-6.44
0.398276,-0.7364,0.6608,-0.1332,4.69,2.59,-5.88
0.398873,-0.7393,0.6564,-0.1313,3.92,3.78,-6.79
0.399469,-0.7403,0.6583,-0.1274,4.97,2.59,-6.44
0.400066,-0.7398,0.6583,-0.1308,3.92,3.64,-6.93
0.400663,-0.7383,0.6529,-0.1313,5.11,2.73,-6.93
0.401260,-0.7369,0.6554,-0.1298,4.13,3.36,-6.72
0.401857,-0.7359,0.6583,-0.1308,5.60,2.52,-7.21
0.402454,-0.7364,0.6583,-0.1288,4.55,3.29,-6.65
0.403051,-0.7393,0.6578,-0.1259,5.32,2.59,-7.56
0.403648,-0.7369,0.6627,-0.1293,4.48,2.87,-7.21
0.404244,-0.7344,0.6681,-0.1318,5.25,2.80,-7.91
0.404841,-0.7374,0.6651,-0.1337,5.32,2.66,-7.63
0.405438,-0.7393,0.6632,-0.1332,5.18,2.24,-7.84
0.406035,-0.7422,0.6637,-0.1293,5.18,2.73,-7.84
0.406632,-0.7418,0.6647,-0.1342,5.39,1.89,-8.26
0.407229,-0.7388,0.6647,-0.1366,5.32,2.80,-7.98
0.407229,-0.7418,0.6690,-0.1332,5.74,1.82,-8.19
0.407824,-0.7432,0.6725,-0.1352,5.46,2.10,-8.89
0.408421,-0.7383,0.6705,-0.1362,5.74,1.82,-8.40
0.409018,-0.7369,0.6715,-0.1362,5.25,2.38,-8.61
0.409614,-0.7335,0.6730,-0.1376,6.23,1.61,-9.24
0.410211,-0.7354,0.6744,-0.1396,5.74,1.82,-8.89
0.410808,-0.7408,0.6773,-0.1410,5.60,2.31,-8.96
0.411405,-0.7413,0.6754,-0.1420,6.09,1.26,-9.03
0.412002,-0.7427,0.6739,-0.1444,5.74,2.03,-9.59
0.412599,-0.7422,0.6769,-0.1449,5.95,1.40,-8.82
0.413196,-0.7422,0.6769,-0.1415,5.81,1.96,-9.59
0.413793,-0.7447,0.6744,-0.1391,6.23,1.54,-9.10
0.414389,-0.7413,0.6734,-0.1405,5.67,1.68,-9.59
0.414986,-0.7403,0.6764,-0.1405,6.44,1.26,-8.96
0.415583,-0.7447,0.6827,-0.1381,6.09,1.40,-10.08
0.416180,-0.7432,0.6817,-0.1391,6.23,1.33,-9.38
0.416777,-0.7427,0.6817,-0.1396,6.37,1.12,-10.50
0.417374,-0.7442,0.6852,-0.1376,6.16,1.12,-9.38
0.417971,-0.7447,0.6861,-0.1386,6.23,1.12,-10.36
0.417971,-0.7447,0.6886,-0.1405,6.23,0.91,-9.24
0.418566,-0.7452,0.6861,-0.1371,6.58,0.77,-10.43
0.419163,-0.7447,0.6832,-0.1371,6.23,1.19,-9.66
0.419760,-0.7447,0.6852,-0.1420,6.23,0.42,-10.36
0.420356,-0.7457,0.6891,-0.1444,6.51,0.91,-10.50
0.420953,-0.7466,0.6915,-0.1435,6.30,0.42,-10.15
0.421550,-0.7491,0.6886,-0.1391,6.72,0.91,-10.64
0.422147,-0.7476,0.6866,-0.1396,6.23,0.21,-10.08
0.422744,-0.7471,0.6910,-0.1401,6.58,0.84,-10.78
0.423341,-0.7491,0.6925,-0.1449,6.65,0.21,-10.08
0.423938,-0.7486,0.6891,-0.1454,6.16,0.84,-10.85
0.424535,-0.7496,0.6905,-0.1420,7.28,-0.21,-10.78
0.425131,-0.7496,0.6920,-0.1420,5.74,0.56,-10.50
0.425728,-0.7486,0.6915,-0.1405,7.00,0.00,-10.64
0.426325,-0.7515,0.6934,-0.1401,6.09,0.07,-10.85
0.426922,-0.7486,0.6925,-0.1425,7.07,-0.07,-10.50
0.427519,-0.7447,0.6871,-0.1484,6.16,-0.07,-10.99
0.428116,-0.7457,0.6852,-0.1459,6.72,0.07,-10.57
0.428713,-0.7427,0.6920,-0.1440,6.51,-0.28,-11.06
0.429688,-0.7413,0.6954,-0.1415,6.65,-0.07,-10.99
0.430285,-0.7374,0.6900,-0.1386,6.72,-0.77,-11.13
0.430882,-0.7359,0.6891,-0.1420,6.30,0.00,-10.78
0.431479,-0.7393,0.6920,-0.1430,7.07,-1.12,-10.85
0.432075,-0.7393,0.6944,-0.1420,6.16,0.07,-11.06
0.432672,-0.7344,0.6915,-0.1396,6.79,-0.70,-10.99
0.433269,-0.7310,0.6852,-0.1391,6.09,-0.07,-10.71
0.433866,-0.7325,0.6856,-0.1420,7.00,-0.84,-10.99
0.434463,-0.7330,0.6895,-0.1454,6.44,0.07,-11.34
0.435060,-0.7325,0.6910,-0.1454,7.35,-1.12,-11.13
0.435657,-0.7330,0.6910,-0.1440,5.74,0.28,-10.99
0.436254,-0.7364,0.6895,-0.1484,7.63,-1.33,-11.41
0.436850,-0.7383,0.6886,-0.1493,5.67,0.14,-10.50
0.437447,-0.7398,0.6895,-0.1479,7.35,-1.33,-11.62
0.438044,-0.7427,0.6939,-0.1459,6.09,-0.28,-10.71
0.438641,-0.7418,0.6959,-0.1444,7.28,-1.33,-11.55
0.439238,-0.7418,0.6944,-0.1459,6.72,-0.70,-10.57
0.439835,-0.7403,0.6964,-0.1430,6.65,-0.98,-11.97
0.440432,-0.7403,0.7008,-0.1425,6.65,-0.77,-10.64
0.440432,-0.7413,0.6988,-0.1493,6.51,-0.77,-11.90
0.441027,-0.7418,0.6964,-0.1479,6.72,-1.12,-10.01
0.441624,-0.7437,0.7003,-0.1484,5.95,-0.56,-12.46
0.442221,-0.7427,0.7027,-0.1493,6.93,-0.91,-9.94
0.442817,-0.7437,0.7042,-0.1474,5.88,-1.12,-11.90
0.443414,-0.7437,0.7047,-0.1454,7.21,-1.05,-10.85
0.444011,-0.7442,0.7037,-0.1410,5.67,-1.33,-11.13
0.444608,-0.7432,0.7037,-0.1401,6.79,-1.12,-10.50
0.445205,-0.7422,0.7081,-0.1405,6.09,-1.33,-11.27
0.445802,-0.7422,0.7115,-0.1425,6.51,-0.98,-10.78
0.446399,-0.7393,0.7081,-0.1454,6.16,-1.82,-11.62
0.446996,-0.7388,0.7110,-0.1440,6.16,-0.91,-10.85
0.447592,-0.7379,0.7154,-0.1449,6.30,-1.82,-11.13
0.448189,-0.7340,0.7149,-0.1479,6.16,-1.05,-11.13
0.448786,-0.7305,0.7149,-0.1449,6.16,-1.89,-10.85
0.449383,-0.7315,0.7130,-0.1425,5.88,-1.40,-10.99
0.449980,-0.7320,0.7135,-0.1420,6.09,-1.19,-10.99
0.450577,-0.7310,0.7164,-0.1459,5.88,-1.89,-10.92
0.451174,-0.7325,0.7188,-0.1440,5.67,-0.91,-11.27
0.451174,-0.7344,0.7198,-0.1474,5.53,-2.03,-10.85
0.451769,-0.7310,0.7198,-0.1479,5.60,-2.17,-11.27
0.452366,-0.7335,0.7198,-0.1459,5.46,-1.05,-10.71
0.452963,-0.7359,0.7198,-0.1420,5.67,-2.03,-11.55
0.453559,-0.7344,0.7222,-0.1430,4.97,-1.05,-10.15
0.454156,-0.7330,0.7232,-0.1459,5.32,-1.89,-12.04
0.454753,-0.7354,0.7213,-0.1454,4.97,-1.61,-9.94
0.455350,-0.7369,0.7247,-0.1459,5.32,-1.75,-12.25
0.455947,-0.7330,0.7281,-0.1474,4.62,-1.54,-9.80
0.456544,-0.7315,0.7252,-0.1479,4.55,-1.82,-11.97
0.457141,-0.7344,0.7271,-0.1474,4.69,-1.61,-10.22
0.457738,-0.7325,0.7310,-0.1464,4.20,-1.96,-11.69
0.458334,-0.7296,0.7300,-0.1425,4.41,-1.61,-10.08
0.458931,-0.7340,0.7286,-0.1444,4.55,-2.03,-12.32
0.459528,-0.7379,0.7271,-0.1498,4.13,-1.47,-9.80
0.460125,-0.7379,0.7261,-0.1513,4.34,-1.82,-12.32
0.460722,-0.7354,0.7276,-0.1508,3.57,-1.47,-9.80
0.461319,-0.7354,0.7271,-0.1518,4.20,-1.89,-12.39
0.461916,-0.7364,0.7276,-0.1518,3.43,-2.03,-9.66
0.462891,-0.7374,0.7286,-0.1498,3.64,-1.61,-12.11
0.463488,-0.7335,0.7261,-0.1498,3.64,-2.24,-9.45
0.464085,-0.7335,0.7271,-0.1503,3.36,-1.47,-12.67
0.464682,-0.7388,0.7291,-0.1537,3.22,-2.17,-9.38
0.465278,-0.7359,0.7296,-0.1557,2.94,-1.19,-12.81
0.465875,-0.7340,0.7296,-0.1508,3.64,-2.24,-9.66
0.466472,-0.7364,0.7305,-0.1498,2.66,-1.40,-12.18
0.467069,-0.7359,0.7281,-0.1498,3.36,-2.24,-10.08
0.467666,-0.7330,0.7281,-0.1498,2.38,-1.54,-12.11
0.468263,-0.7359,0.7296,-0.1562,3.99,-2.17,-10.22
0.468860,-0.7374,0.7257,-0.1557,1.68,-1.68,-11.55
0.469457,-0.7349,0.7257,-0.1527,3.22,-2.31,-10.22
0.470053,-0.7359,0.7286,-0.1557,1.89,-1.96,-11.13
0.470650,-0.7393,0.7266,-0.1562,2.59,-2.03,-10.64
0.471247,-0.7403,0.7252,-0.1547,1.96,-2.24,-11.41
0.471844,-0.7388,0.7247,-0.1566,2.31,-1.96,-10.71
0.472441,-0.7398,0.7286,-0.1576,1.96,-2.38,-11.06
0.473038,-0.7383,0.7310,-0.1566,1.61,-1.61,-10.50
0.473635,-0.7354,0.7286,-0.1552,1.89,-2.17,-10.71
0.474610,-0.7335,0.7286,-0.1537,1.54,-2.03,-10.92
0.475207,-0.7335,0.7296,-0.1513,1.89,-2.52,-10.64
0.475804,-0.7286,0.7305,-0.1527,1.33,-2.17,-11.06
0.476401,-0.7296,0.7305,-0.1571,1.33,-2.17,-10.01
0.476997,-0.7325,0.7296,-0.1566,1.19,-1.96,-11.06
0.477594,-0.7305,0.7266,-0.1571,1.33,-2.03,-10.08
0.478191,-0.7276,0.7286,-0.1562,0.84,-2.17,-10.99
0.478788,-0.7330,0.7315,-0.1576,0.63,-2.87,-10.50
0.479385,-0.7320,0.7305,-0.1571,0.77,-2.03,-9.80
0.479982,-0.7315,0.7300,-0.1552,0.42,-2.45,-10.92
0.480579,-0.7305,0.7315,-0.1542,0.98,-2.03,-9.31
0.481176,-0.7296,0.7335,-0.1557,0.42,-2.10,-10.78
0.481772,-0.7276,0.7335,-0.1581,0.42,-2.24,-8.96
0.482369,-0.7291,0.7344,-0.1566,-0.14,-2.45,-10.71
0.482966,-0.7310,0.7320,-0.1571,0.42,-2.17,-8.68
0.483563,-0.7296,0.7286,-0.1586,-0.14,-2.45,-10.29
0.484160,-0.7286,0.7335,-0.1606,0.14,-1.75,-8.82
0.484757,-0.7266,0.7354,-0.1610,-0.28,-2.59,-9.87
0.485354,-0.7237,0.7340,-0.1620,-0.28,-1.89,-8.82
0.486328,-0.7218,0.7354,-0.1620,-0.28,-2.73,-9.45
0.486925,-0.7213,0.7276,-0.1654,-0.56,-2.31,-9.52
0.487522,-0.7198,0.7315,-0.1640,-0.91,-1.96,-7.56
0.488119,-0.7174,0.7291,-0.1562,-0.42,-1.96,-10.08
0.488715,-0.7169,0.7271,-0.1601,-1.05,-2.31,-7.35
0.489312,-0.7178,0.7257,-0.1645,-0.70,-1.75,-9.66
0.489909,-0.7203,0.7271,-0.1610,-1.47,-2.24,-6.65
0.490506,-0.7198,0.7291,-0.1606,-0.91,-1.68,-9.66
0.491103,-0.7198,0.7242,-0.1601,-1.40,-2.31,-6.44
0.491700,-0.7169,0.7232,-0.1571,-1.19,-1.61,-9.38
0.492297,-0.7135,0.7261,-0.1591,-1.19,-2.24,-6.09
0.492894,-0.7135,0.7257,-0.1625,-1.61,-1.12,-9.17
0.493490,-0.7149,0.7237,-0.1586,-1.19,-2.17,-6.02
0.494087,-0.7174,0.7208,-0.1532,-1.96,-1.12,-8.75
0.494684,-0.7144,0.7213,-0.1537,-1.19,-2.10,-5.60
0.495281,-0.7096,0.7237,-0.1566,-2.24,-1.12,-8.82
0.495878,-0.7105,0.7257,-0.1562,-1.19,-2.17,-5.11
0.496475,-0.7130,0.7266,-0.1518,-2.38,-1.12,-7.98
0.497072,-0.7105,0.7232,-0.1513,-1.54,-1.89,-5.18
0.497072,-0.7076,0.7198,-0.1542,-2.17,-1.19,-7.91
0.497668,-0.7076,0.7183,-0.1586,-1.75,-1.82,-4.97
0.498265,-0.7056,0.7169,-0.1625,-2.24,-0.84,-7.63
0.498862,-0.7017,0.7208,-0.1615,-2.10,-1.33,-4.20
0.499458,-0.7008,0.7218,-0.1615,-1.89,-0.77,-7.84
0.500055,-0.7003,0.7198,-0.1606,-2.66,-0.84,-3.71
0.500652,-0.7013,0.7232,-0.1606,-1.96,-0.77,-7.84
0.501249,-0.7032,0.7237,-0.1630,-2.80,-0.98,-3.36
0.501846,-0.7013,0.7208,-0.1606,-2.24,-0.77,-7.84
0.502443,-0.7008,0.7227,-0.1576,-2.73,-0.56,-2.94
0.503040,-0.7017,0.7261,-0.1610,-2.52,-0.35,-7.35
0.503637,-0.7022,0.7252,-0.1601,-2.73,-0.63,-3.29
0.504233,-0.6998,0.7247,-0.1581,-2.73,0.28,-7.14
0.504830,-0.6978,0.7247,-0.1610,-2.52,-0.63,-3.08
0.505427,-0.7008,0.7237,-0.1645,-3.08,0.42,-7.00
0.506024,-0.7017,0.7271,-0.1645,-2.38,-0.70,-3.08
0.506621,-0.6998,0.7271,-0.1630,-3.50,0.35,-6.16
0.507218,-0.6993,0.7237,-0.1649,-2.38,-0.14,-3.50
0.507815,-0.7008,0.7257,-0.1635,-3.43,0.35,-5.67
0.508789,-0.6998,0.7261,-0.1591,-2.52,-0.07,-3.71
0.509386,-0.6978,0.7300,-0.1610,-3.71,0.42,-5.46
0.509983,-0.6969,0.7330,-0.1659,-2.94,0.49,-3.78
0.510580,-0.7013,0.7291,-0.1649,-2.87,0.77,-3.99
0.511176,-0.6974,0.7286,-0.1669,-3.64,0.49,-4.27
0.511773,-0.6954,0.7276,-0.1669,-3.57,0.91,-4.41
0.512370,-0.6964,0.7310,-0.1635,-3.71,0.84,-4.27
0.512967,-0.6964,0.7359,-0.1606,-3.71,0.91,-4.34
0.513564,-0.6944,0.7354,-0.1606,-3.78,1.40,-3.99
0.514161,-0.6954,0.7315,-0.1615,-3.99,0.63,-4.20
0.514758,-0.6998,0.7325,-0.1654,-3.78,1.68,-3.92
0.515355,-0.6974,0.7354,-0.1654,-4.20,0.98,-4.34
0.515951,-0.6934,0.7335,-0.1640,-3.78,1.75,-3.50
0.516548,-0.6925,0.7330,-0.1635,-4.27,1.12,-4.62
0.517145,-0.6939,0.7325,-0.1645,-3.92,1.82,-3.43
0.517742,-0.6939,0.7310,-0.1684,-4.83,1.61,-3.92
0.518339,-0.6905,0.7359,-0.1669,-3.57,2.17,-3.57
0.518936,-0.6876,0.7379,-0.1654,-5.18,1.82,-4.06
0.519533,-0.6915,0.7364,-0.1654,-3.78,2.38,-2.80
0.520508,-0.6925,0.7354,-0.1669,-5.39,1.61,-4.20
0.521105,-0.6886,0.7359,-0.1679,-3.78,2.24,-2.87
0.521702,-0.6842,0.7340,-0.1674,-5.18,2.03,-4.34
0.522299,-0.6881,0.7344,-0.1684,-5.25,2.52,-3.71
0.522895,-0.6798,0.7340,-0.1688,-4.48,2.03,-3.08
0.523492,-0.6812,0.7320,-0.1698,-5.11,3.43,-3.85
0.524089,-0.6861,0.7315,-0.1742,-5.18,2.38,-2.45
0.524686,-0.6842,0.7364,-0.1747,-4.97,3.08,-3.99
0.525283,-0.6842,0.7330,-0.1708,-5.25,2.31,-2.03
0.525880,-0.6871,0.7300,-0.1723,-4.90,3.50,-3.92
0.526477,-0.6920,0.7310,-0.1728,-5.32,2.31,-1.40
0.527074,-0.6920,0.7320,-0.1703,-4.83,4.06,-4.13
0.527670,-0.6915,0.7340,-0.1713,-5.39,2.38,-1.47
0.528267,-0.6944,0.7320,-0.1771,-5.11,4.27,-4.13
0.528864,-0.6920,0.7305,-0.1776,-5.39,2.24,-1.12
0.529461,-0.6915,0.7305,-0.1757,-5.53,4.20,-3.64
0.530058,-0.6944,0.7296,-0.1762,-5.32,2.59,-1.26
0.530655,-0.6915,0.7291,-0.1742,-5.53,3.85,-3.08
0.531252,-0.6920,0.7335,-0.1728,-5.32,3.08,-1.54
0.532227,-0.6949,0.7364,-0.1693,-5.67,4.06,-2.31
0.532824,-0.6905,0.7286,-0.1688,-5.46,3.92,-2.38
0.533421,-0.6930,0.7281,-0.1718,-5.88,3.78,-1.33
0.534018,-0.6969,0.7296,-0.1723,-5.53,3.71,-1.68
0.534614,-0.6974,0.7286,-0.1708,-5.81,4.27,-1.19
0.535211,-0.6954,0.7305,-0.1713,-5.95,3.92,-1.47
0.535808,-0.6949,0.7286,-0.1684,-5.88,4.13,-1.05
0.536405,-0.6954,0.7305,-0.1693,-5.81,3.64,-1.05
0.537002,-0.6949,0.7315,-0.1771,-6.09,4.34,-0.49
0.537599,-0.6964,0.7296,-0.1757,-5.95,3.92,-0.70
0.538196,-0.6969,0.7315,-0.1728,-5.88,4.34,-0.28
0.538793,-0.6954,0.7300,-0.1693,-6.30,4.34,-0.42
0.539389,-0.6964,0.7286,-0.1674,-5.88,4.34,-0.07
0.539986,-0.6920,0.7281,-0.1688,-6.16,4.55,0.07
0.540583,-0.6900,0.7286,-0.1728,-5.88,4.41,0.35
0.541180,-0.6920,0.7291,-0.1752,-6.37,4.62,0.28
0.541777,-0.6915,0.7291,-0.1723,-5.53,4.20,0.49
0.542374,-0.6895,0.7300,-0.1703,-6.65,5.18,0.42
0.542971,-0.6871,0.7300,-0.1708,-5.88,4.34,0.63
0.543946,-0.6822,0.7310,-0.1742,-6.30,3.92,1.12
0.544543,-0.6866,0.7315,-0.1708,-6.02,5.18,-0.07
0.545140,-0.6886,0.7300,-0.1679,-6.51,4.69,1.82
0.545737,-0.6847,0.7315,-0.1654,-6.09,5.25,0.63
0.546334,-0.6852,0.7276,-0.1635,-6.37,4.62,1.75
0.546930,-0.6881,0.7218,-0.1654,-5.88,5.39,1.33
0.547527,-0.6891,0.7252,-0.1659,-6.58,4.90,2.17
0.548124,-0.6895,0.7252,-0.1654,-6.02,5.39,1.40
0.548721,-0.6891,0.7242,-0.1649,-6.58,4.48,2.10
0.549318,-0.6871,0.7257,-0.1645,-5.95,5.39,1.68
0.549915,-0.6856,0.7286,-0.1669,-6.65,5.11,2.66
0.550512,-0.6866,0.7261,-0.1625,-6.09,5.39,1.68
0.551109,-0.6891,0.7188,-0.1625,-6.23,5.11,2.66
0.551705,-0.6900,0.7174,-0.1635,-6.23,5.74,2.31
0.552302,-0.6886,0.7159,-0.1625,-6.02,5.46,2.45
0.552899,-0.6900,0.7144,-0.1674,-6.09,5.67,2.94
0.553496,-0.6900,0.7130,-0.1664,-6.09,5.18,2.73
0.554093,-0.6910,0.7086,-0.1610,-6.09,5.39,3.08
0.554690,-0.6930,0.7100,-0.1645,-6.16,5.81,2.66
0.555664,-0.6925,0.7120,-0.1615,-5.95,5.11,4.06
0.556261,-0.6920,0.7110,-0.1615,-6.02,6.02,4.06
0.556858,-0.6910,0.7110,-0.1601,-6.02,5.60,2.87
0.557455,-0.6930,0.7066,-0.1630,-5.74,5.60,4.34
0.558052,-0.6944,0.7052,-0.1664,-6.16,6.02,2.59
0.558648,-0.6930,0.7086,-0.1654,-5.53,5.53,4.55
0.559245,-0.6925,0.7086,-0.1630,-6.37,6.02,2.73
0.559842,-0.6939,0.7066,-0.1625,-5.11,5.46,4.83
0.560439,-0.6974,0.7056,-0.1596,-6.37,5.74,3.01
0.561036,-0.6983,0.7056,-0.1615,-5.18,5.74,4.76
0.561633,-0.6993,0.7076,-0.1645,-6.30,5.74,2.87
0.562230,-0.7022,0.7096,-0.1615,-4.97,5.81,4.69
0.562827,-0.7042,0.7071,-0.1601,-6.44,5.88,3.01
0.563423,-0.7061,0.7027,-0.1571,-4.83,5.88,4.55
0.564020,-0.7027,0.7037,-0.1552,-6.58,5.67,3.57
0.564617,-0.7003,0.7061,-0.1571,-4.62,5.67,4.48
0.565214,-0.7017,0.7037,-0.1596,-6.09,5.81,3.57
0.565811,-0.6998,0.7027,-0.1610,-4.55,5.67,4.41
0.566408,-0.6978,0.6978,-0.1542,-5.95,5.60,4.20
0.567383,-0.7017,0.7022,-0.1537,-5.88,5.67,3.99
0.567980,-0.6993,0.7037,-0.1527,-4.76,5.53,4.13
0.568577,-0.6993,0.7052,-0.1518,-5.39,6.16,3.92
0.569174,-0.6993,0.6998,-0.1523,-5.11,5.81,4.13
0.569771,-0.7042,0.6993,-0.1552,-5.25,6.02,3.99
0.570367,-0.7071,0.7013,-0.1591,-5.18,5.67,4.20
0.570964,-0.7042,0.7003,-0.1537,-4.62,5.60,3.99
0.571561,-0.7061,0.6998,-0.1532,-4.97,5.60,4.13
0.572158,-0.7052,0.7017,-0.1508,-4.76,5.81,3.92
0.572755,-0.7047,0.7013,-0.1484,-5.04,5.32,4.48
0.573352,-0.7071,0.6983,-0.1479,-4.55,6.09,3.64
0.573949,-0.7076,0.6998,-0.1444,-4.90,5.53,4.13
0.574546,-0.7105,0.7013,-0.1444,-4.48,5.74,3.64
0.575142,-0.7154,0.6983,-0.1469,-5.04,5.46,3.85
0.575739,-0.7149,0.6954,-0.1484,-4.48,6.02,3.64
0.576336,-0.7125,0.6978,-0.1479,-4.48,4.76,4.06
0.576933,-0.7154,0.6988,-0.1444,-4.90,6.23,3.22
0.577530,-0.7198,0.7003,-0.1469,-4.55,4.62,3.99
0.578127,-0.7188,0.6988,-0.1488,-4.62,6.30,3.29
0.578127,-0.7183,0.6959,-0.1401,-4.20,4.34,4.06
0.578722,-0.7222,0.6974,-0.1415,-4.13,4.13,3.85
0.579319,-0.7257,0.6988,-0.1430,-4.48,6.23,2.73
0.579916,-0.7232,0.6983,-0.1357,-3.99,4.20,3.15
0.580513,-0.7252,0.6988,-0.1357,-4.34,5.88,2.94
0.581109,-0.7281,0.7022,-0.1391,-4.13,4.20,3.29
0.581706,-0.7281,0.7052,-0.1425,-4.41,5.60,2.45
0.582303,-0.7276,0.7047,-0.1444,-3.92,3.78,3.08
0.582900,-0.7300,0.7047,-0.1425,-4.27,5.53,2.59
0.583497,-0.7340,0.7066,-0.1435,-3.85,3.92,2.52
0.584094,-0.7305,0.7056,-0.1444,-4.34,5.11,2.45
0.584691,-0.7281,0.7052,-0.1444,-3.64,3.71,2.10
0.585288,-0.7281,0.7071,-0.1449,-4.41,4.83,2.59
0.585884,-0.7276,0.7066,-0.1444,-3.64,3.92,2.03
0.586481,-0.7310,0.7056,-0.1464,-4.13,4.41,2.80
0.587078,-0.7340,0.7076,-0.1440,-3.92,3.92,1.47
0.587675,-0.7344,0.7110,-0.1381,-3.99,3.78,2.45
0.588272,-0.7379,0.7110,-0.1405,-4.34,3.99,1.33
0.588869,-0.7427,0.7100,-0.1386,-4.06,3.57,1.26
0.590821,-0.7422,0.7100,-0.1381,-3.64,3.36,2.45
0.591418,-0.7466,0.7066,-0.1391,-4.62,3.64,0.70
0.592015,-0.7457,0.7076,-0.1396,-3.15,3.15,1.61
0.592612,-0.7452,0.7100,-0.1415,-4.41,3.15,1.05
0.593209,-0.7510,0.7100,-0.1410,-3.71,2.80,1.54
0.593805,-0.7535,0.7096,-0.1405,-4.48,2.80,0.56
0.594402,-0.7515,0.7120,-0.1420,-3.78,2.31,1.82
0.594999,-0.7491,0.7139,-0.1420,-4.20,2.94,0.07
0.595596,-0.7501,0.7130,-0.1430,-3.57,1.96,1.47
0.596193,-0.7530,0.7100,-0.1444,-4.48,2.45,0.21
0.596790,-0.7540,0.7100,-0.1430,-3.36,1.89,1.26
0.597387,-0.7505,0.7120,-0.1440,-4.62,2.38,0.14
0.597984,-0.7481,0.7110,-0.1425,-3.01,0.84,0.91
0.598580,-0.7466,0.7100,-0.1415,-4.69,1.89,0.07
0.599177,-0.7505,0.7105,-0.1454,-3.15,0.91,0.70
0.599774,-0.7520,0.7076,-0.1474,-4.48,1.54,0.14
0.600371,-0.7491,0.7042,-0.1454,-3.43,0.77,0.35
0.600968,-0.7471,0.7081,-0.1420,-4.27,1.19,0.42
0.601565,-0.7462,0.7081,-0.1396,-3.78,0.63,0.28
0.601565,-0.7462,0.7056,-0.1401,-3.99,0.91,0.14
0.602160,-0.7476,0.7066,-0.1435,-3.50,-0.49,0.07
0.602757,-0.7476,0.7076,-0.1435,-3.85,1.05,0.00
0.603354,-0.7476,0.7071,-0.1391,-3.78,-0.98,-0.14
0.603951,-0.7515,0.7042,-0.1425,-3.64,1.05,-0.07
0.604547,-0.7535,0.7037,-0.1440,-3.57,-1.26,-0.42
0.605144,-0.7501,0.7047,-0.1405,-3.50,0.63,0.28
0.605741,-0.7481,0.7056,-0.1405,-3.92,-1.40,-0.63
0.606338,-0.7491,0.7037,-0.1415,-3.08,0.07,0.14
0.606935,-0.7476,0.6998,-0.1459,-4.06,-1.82,-0.35
0.607532,-0.7476,0.7017,-0.1464,-2.87,-0.63,0.07
0.608129,-0.7481,0.7047,-0.1410,-4.06,-1.54,-0.35
0.608726,-0.7505,0.7022,-0.1425,-2.87,-0.56,0.07
0.609322,-0.7510,0.7017,-0.1449,-4.34,-2.03,-0.42
0.609919,-0.7481,0.7047,-0.1405,-2.31,-1.47,0.28
0.610516,-0.7481,0.7052,-0.1386,-4.27,-2.03,-0.98
0.611113,-0.7457,0.7047,-0.1381,-2.80,-1.82,0.28
0.611710,-0.7505,0.7042,-0.1386,-2.52,-1.96,-0.28
0.612307,-0.7476,0.7027,-0.1386,-3.43,-2.80,-0.63
0.613281,-0.7418,0.7032,-0.1371,-2.66,-2.17,0.21
0.613878,-0.7379,0.7003,-0.1371,-3.57,-2.66,-0.84
0.614475,-0.7364,0.6988,-0.1376,-2.59,-2.59,0.00
0.615072,-0.7388,0.6978,-0.1381,-3.50,-2.87,-0.70
0.615669,-0.7432,0.6969,-0.1381,-2.24,-3.01,-0.28
0.616265,-0.7408,0.6993,-0.1352,-3.36,-2.87,-0.70
0.616862,-0.7330,0.7003,-0.1337,-2.24,-3.50,-0.49
0.617459,-0.7300,0.7022,-0.1357,-3.36,-2.66,-1.19
0.618056,-0.7330,0.7037,-0.1332,-1.96,-3.99,-0.28
0.618653,-0.7383,0.7017,-0.1298,-3.29,-2.87,-1.12
0.619250,-0.7364,0.7008,-0.1298,-1.96,-4.13,-0.49
0.619847,-0.7300,0.6993,-0.1298,-2.73,-3.64,-1.19
0.620444,-0.7305,0.6978,-0.1327,-2.45,-4.06,-0.70
0.621040,-0.7315,0.6964,-0.1322,-2.10,-3.57,-1.61
0.621637,-0.7300,0.6930,-0.1293,-2.66,-3.92,-0.49
0.622234,-0.7242,0.6905,-0.1357,-1.75,-4.27,-2.10
0.622831,-0.7218,0.6925,-0.1371,-1.61,-4.34,-1.89
0.623428,-0.7222,0.6920,-0.1357,-2.52,-4.13,-0.70
0.624025,-0.7232,0.6905,-0.1362,-2.03,-3.99,-1.89
0.625000,-0.7261,0.6915,-0.1396,-1.96,-4.55,-0.84
0.625597,-0.7257,0.6891,-0.1396,-1.61,-3.71,-2.24
0.626194,-0.7213,0.6871,-0.1420,-1.68,-5.04,-1.61
0.626791,-0.7237,0.6881,-0.1381,-1.96,-3.99,-2.10
0.627388,-0.7242,0.6876,-0.1401,-1.40,-5.04,-1.82
0.627984,-0.7178,0.6856,-0.1440,-1.82,-4.13,-2.10
0.628581,-0.7154,0.6847,-0.1410,-1.05,-5.18,-1.96
0.629178,-0.7159,0.6856,-0.1415,-1.40,-3.71,-2.94
0.629775,-0.7164,0.6832,-0.1425,-0.56,-5.60,-2.45
0.630372,-0.7144,0.6842,-0.1391,-1.61,-4.27,-2.59
0.630969,-0.7135,0.6832,-0.1425,-0.14,-5.67,-2.73
0.631566,-0.7164,0.6803,-0.1391,-0.98,-4.41,-2.73
0.632163,-0.7169,0.6803,-0.1318,-0.21,-5.39,-3.01
0.632759,-0.7159,0.6803,-0.1376,-0.84,-4.69,-3.29
0.633356,-0.7159,0.6822,-0.1376,-0.49,-4.97,-2.87
0.633953,-0.7144,0.6827,-0.1347,-0.28,-4.76,-3.29
0.634550,-0.7130,0.6847,-0.1366,-0.35,-4.83,-3.29
0.635147,-0.7149,0.6871,-0.1371,0.14,-4.97,-3.36
0.635744,-0.7125,0.6847,-0.1386,-0.07,-5.46,-4.06
0.635744,-0.7096,0.6832,-0.1303,0.35,-4.83,-3.92
0.636339,-0.7139,0.6847,-0.1337,0.84,-4.34,-4.90
0.636936,-0.7125,0.6847,-0.1322,0.14,-5.32,-3.36
0.637533,-0.7096,0.6832,-0.1337,0.91,-4.62,-4.62
0.638130,-0.7110,0.6817,-0.1318,0.28,-5.67,-3.36
0.638726,-0.7110,0.6832,-0.1264,0.91,-4.97,-4.55
0.639323,-0.7086,0.6812,-0.1249,0.84,-4.97,-4.13
0.639920,-0.7086,0.6798,-0.1259,1.12,-4.69,-4.41
0.640517,-0.7100,0.6788,-0.1254,1.19,-4.62,-4.62
0.641114,-0.7071,0.6808,-0.1259,1.61,-5.18,-4.62
0.641711,-0.7037,0.6842,-0.1298,1.19,-4.06,-4.69
0.642308,-0.7017,0.6822,-0.1313,1.89,-5.25,-4.76
0.642905,-0.7003,0.6842,-0.1283,1.47,-4.48,-4.69
0.643501,-0.7013,0.6876,-0.1279,1.96,-5.11,-5.18
0.644098,-0.7013,0.6861,-0.1308,1.89,-4.41,-4.83
0.644695,-0.6978,0.6891,-0.1274,2.10,-5.11,-5.18
0.645292,-0.6964,0.6900,-0.1230,2.10,-4.48,-5.39
0.645889,-0.6978,0.6876,-0.1259,1.96,-5.04,-4.90
0.646486,-0.6974,0.6905,-0.1259,2.66,-4.06,-6.09
0.647461,-0.6993,0.6910,-0.1259,2.17,-4.90,-4.69
0.648058,-0.7032,0.6886,-0.1235,2.87,-4.55,-5.81
0.648655,-0.7037,0.6900,-0.1210,2.52,-4.48,-5.11
0.649252,-0.7032,0.6934,-0.1225,3.22,-4.34,-5.67
0.649849,-0.7047,0.6939,-0.1235,2.73,-4.90,-4.83
0.650445,-0.7056,0.6934,-0.1230,3.29,-4.41,-5.67
0.651042,-0.7076,0.6944,-0.1225,2.80,-4.48,-5.11
0.651639,-0.7120,0.6959,-0.1244,3.78,-4.55,-6.23
0.652236,-0.7125,0.6944,-0.1235,2.59,-4.27,-5.11
0.652833,-0.7115,0.6934,-0.1215,3.78,-4.48,-5.81
0.653430,-0.7115,0.6925,-0.1215,3.29,-4.48,-4.69
0.654027,-0.7115,0.6905,-0.1254,3.85,-4.69,-6.16
0.654624,-0.7130,0.6895,-0.1274,3.50,-4.55,-4.55
0.655220,-0.7144,0.6910,-0.1264,3.71,-4.41,-6.51
0.655817,-0.7154,0.6920,-0.0005,3.78,-4.20,-4.34
0.656414,-0.7149,0.6930,-0.1240,3.78,-4.90,-5.67
0.657011,-0.7198,0.6944,-0.1230,3.78,-4.76,-5.53
0.657608,-0.7178,0.6930,-0.1210,4.76,-4.83,-4.62
0.658205,-0.7188,0.6939,-0.1230,3.64,-4.27,-5.46
0.659180,-0.7247,0.6949,-0.1259,4.69,-4.76,-4.20
0.659777,-0.7286,0.6934,-0.1259,3.78,-4.41,-5.46
0.660374,-0.7261,0.6905,-0.1274,5.32,-4.97,-4.34
0.660971,-0.7232,0.6891,-0.1313,3.64,-4.34,-5.11
0.661568,-0.7271,0.6930,-0.1279,5.39,-5.11,-4.20
0.662164,-0.7291,0.6969,-0.1288,3.57,-4.27,-4.62
0.662761,-0.7266,0.7003,-0.1303,5.74,-5.32,-4.55
0.663358,-0.7281,0.6978,-0.1259,3.78,-4.27,-4.76
0.663955,-0.7330,0.6934,-0.1274,5.81,-5.53,-4.20
0.664552,-0.7315,0.6964,-0.1308,3.78,-4.20,-4.69
0.665149,-0.7286,0.6954,-0.1332,6.02,-5.95,-4.06
0.665746,-0.7330,0.6949,-0.1293,3.92,-4.76,-4.06
0.666343,-0.7379,0.6964,-0.1230,5.60,-5.60,-4.06
0.666939,-0.7383,0.6934,-0.1283,4.41,-4.90,-3.57
0.667536,-0.7408,0.6925,-0.1347,5.46,-5.53,-4.06
0.668133,-0.7437,0.6959,-0.1318,4.83,-5.60,-3.08
0.668730,-0.7422,0.6959,-0.1313,4.76,-5.46,-4.20
0.669327,-0.7393,0.6978,-0.1337,5.46,-5.60,-2.87
0.669924,-0.7393,0.6993,-0.1293,4.55,-5.81,-4.41
0.669924,-0.7427,0.6983,-0.1283,5.60,-5.53,-3.08
0.670519,-0.7418,0.6978,-0.1337,4.48,-6.37,-3.99
0.671116,-0.7413,0.6988,-0.1366,5.67,-5.18,-2.94
0.671713,-0.7432,0.7003,-0.1332,4.55,-6.44,-3.92
0.672310,-0.7422,0.6993,-0.1288,5.88,-4.83,-2.80
0.672906,-0.7403,0.7013,-0.1308,4.48,-7.28,-3.78
0.673503,-0.7413,0.7013,-0.1322,5.53,-5.04,-2.38
0.674100,-0.7427,0.6998,-0.1327,4.90,-7.21,-4.27
0.674697,-0.7432,0.7047,-0.1337,5.32,-4.97,-2.17
0.675294,-0.7447,0.7056,-0.1313,4.97,-7.56,-4.41
0.675891,-0.7481,0.7066,-0.1298,5.32,-5.11,-1.96
0.676488,-0.7457,0.7076,-0.1298,4.76,-7.77,-4.34
0.677085,-0.7413,0.7120,-0.1279,5.53,-6.02,-1.82
0.677681,-0.7413,0.7188,-0.1293,4.55,-7.42,-4.69
0.678278,-0.7427,0.7174,-0.1264,5.32,-6.23,-1.47
0.678875,-0.7486,0.7213,-0.1274,5.32,-5.95,-1.82
0.679472,-0.7481,0.7193,-0.1313,4.34,-7.56,-4.20
0.680069,-0.7447,0.7203,-0.1322,5.32,-6.30,-2.24
0.680666,-0.7496,0.7213,-0.1318,4.34,-8.05,-4.13
0.681641,-0.7481,0.7222,-0.1293,5.04,-6.23,-2.31
0.682238,-0.7422,0.7232,-0.1279,4.41,-8.19,-4.27
0.682835,-0.7418,0.7242,-0.1283,4.76,-6.44,-2.59
0.683432,-0.7447,0.7242,-0.1259,4.48,-8.40,-3.99
0.684029,-0.7432,0.7242,-0.1249,4.20,-6.37,-2.66
0.684625,-0.7383,0.7242,-0.1293,4.62,-8.89,-4.27
0.685222,-0.7344,0.7237,-0.1279,3.99,-6.93,-2.66
0.685819,-0.7359,0.7257,-0.1230,4.55,-8.26,-4.34
0.686416,-0.7364,0.7266,-0.1240,3.99,-7.35,-2.10
0.687013,-0.7315,0.7276,-0.1259,4.48,-7.98,-4.48
0.687610,-0.7281,0.7266,-0.1259,3.92,-7.63,-2.52
0.688207,-0.7276,0.7257,-0.1235,3.78,-7.98,-4.34
0.688804,-0.7291,0.7281,-0.1235,3.99,-7.91,-2.59
0.689400,-0.7315,0.7300,-0.1283,3.50,-7.70,-4.34
0.689997,-0.7252,0.7261,-0.1342,3.36,-7.49,-4.06
0.690594,-0.7261,0.7232,-0.1332,3.08,-7.35,-4.41
0.691191,-0.7291,0.7252,-0.1327,3.57,-8.89,-2.31
0.691788,-0.7315,0.7227,-0.1342,3.01,-7.07,-4.48
0.692385,-0.7281,0.7188,-0.1303,3.71,-8.89,-2.31
0.694336,-0.7227,0.7208,-0.1308,2.66,-7.21,-3.85
0.694933,-0.7266,0.7218,-0.1337,3.22,-9.17,-2.17
0.695530,-0.7310,0.7213,-0.1327,2.80,-7.21,-4.20
0.696127,-0.7310,0.7242,-0.1318,3.08,-9.59,-1.89
0.696724,-0.7320,0.7237,-0.1318,2.45,-7.28,-3.99
0.697320,-0.7281,0.7252,-0.1313,3.29,-9.38,-2.24
0.697917,-0.7310,0.7252,-0.1327,2.10,-7.07,-4.13
0.698514,-0.7369,0.7227,-0.1332,3.36,-9.73,-2.24
0.699111,-0.7335,0.7257,-0.1303,1.75,-7.21,-3.64
0.699708,-0.7330,0.7266,-0.1322,3.08,-9.45,-1.89
0.700305,-0.7340,0.7247,-0.1362,1.89,-7.70,-3.57
0.700902,-0.7354,0.7257,-0.1318,2.59,-9.59,-1.89
0.701499,-0.7354,0.7261,-0.1303,1.61,-7.49,-3.22
0.702096,-0.7364,0.7222,-0.1357,2.10,-9.03,-1.82
0.702692,-0.7364,0.7218,-0.1337,1.54,-7.91,-2.59
0.703289,-0.7300,0.7222,-0.1332,1.33,-7.98,-2.31
0.703886,-0.7305,0.7193,-0.1313,1.89,-9.66,-2.17
0.704483,-0.7291,0.7178,-0.1308,1.40,-8.05,-2.17
0.705080,-0.7296,0.7203,-0.1274,1.40,-8.96,-2.10
0.706055,-0.7266,0.7218,-0.1279,1.54,-8.19,-1.96
0.706652,-0.7257,0.7198,-0.1322,1.12,-9.24,-1.75
0.707249,-0.7276,0.7208,-0.1308,1.54,-8.54,-2.10
0.707846,-0.7266,0.7242,-0.1259,0.35,-8.68,-1.47
0.708443,-0.7261,0.7237,-0.1303,1.68,-8.96,-2.38
0.709039,-0.7257,0.7232,-0.1318,0.42,-8.82,-1.40
0.709636,-0.7242,0.7257,-0.1313,1.54,-8.82,-1.75
0.710233,-0.7237,0.7252,-0.1293,0.35,-8.68,-1.12
0.710830,-0.7237,0.7247,-0.1249,1.19,-8.96,-1.26
0.711427,-0.7242,0.7252,-0.1274,-0.07,-8.68,-1.12
0.712024,-0.7227,0.7261,-0.1274,1.05,-9.03,-1.68
0.712621,-0.7208,0.7261,-0.1279,0.21,-8.96,-1.19
0.713218,-0.7188,0.7305,-0.1293,0.35,-8.68,-1.61
0.713815,-0.7193,0.7310,-0.1264,-0.07,-8.68,-0.28
0.714411,-0.7154,0.7320,-0.1298,0.28,-8.89,-1.89
0.715008,-0.7120,0.7325,-0.1327,-0.77,-8.47,0.49
0.715605,-0.7135,0.7325,-0.1313,0.35,-8.82,-1.96
0.716202,-0.7120,0.7340,-0.1293,-1.19,-8.68,1.12
0.716799,-0.7096,0.7335,-0.1293,0.14,-8.89,-2.10
0.717774,-0.7091,0.7330,-0.1303,-1.33,-8.68,1.68
0.718371,-0.7105,0.7335,-0.1293,0.14,-8.96,-2.31
0.718968,-0.7076,0.7330,-0.1293,-1.47,-8.47,2.10
0.719565,-0.7052,0.7315,-0.1298,-0.63,-8.68,-2.03
0.720162,-0.7071,0.7286,-0.1274,-1.47,-8.47,2.24
0.720758,-0.7091,0.7271,-0.1279,-1.26,-8.54,-2.10
0.721355,-0.7086,0.7300,-0.1352,-1.05,-8.40,2.45
0.721952,-0.7066,0.7310,-0.1293,-1.82,-8.26,-1.68
0.722549,-0.7056,0.7330,-0.1244,-0.56,-8.68,2.59
0.723146,-0.7071,0.7330,-0.1269,-2.24,-8.05,-1.47
0.723743,-0.7061,0.7291,-0.1293,-0.56,-8.82,2.59
0.724340,-0.7047,0.7276,-0.1293,-2.66,-7.70,-0.70
0.724937,-0.7037,0.7266,-0.1249,-0.77,-8.75,2.87
0.725534,-0.7008,0.7252,-0.1254,-1.40,-8.26,3.71
0.726131,-0.6993,0.7276,-0.1274,-2.73,-8.19,-0.49
0.726727,-0.6959,0.7296,-0.1230,-1.54,-7.84,3.64
0.727324,-0.6939,0.7281,-0.1230,-2.80,-8.26,-0.07
0.727921,-0.6934,0.7257,-0.1235,-2.03,-7.84,3.64
0.728518,-0.6895,0.7271,-0.1210,-3.01,-7.98,0.91
0.728518,-0.6876,0.7300,-0.1215,-1.75,-7.91,3.64
0.729113,-0.6842,0.7315,-0.1254,-3.43,-7.77,1.33
0.729710,-0.6803,0.7315,-0.1274,-2.10,-7.70,3.64
0.730307,-0.6788,0.7315,-0.1240,-3.50,-7.70,1.82
0.730904,-0.6778,0.7310,-0.1240,-1.96,-7.70,3.85
0.731500,-0.6769,0.7325,-0.1283,-3.78,-7.56,2.52
0.732097,-0.6769,0.7325,-0.1308,-2.52,-7.42,3.78
0.732694,-0.6754,0.7296,-0.1313,-4.27,-7.14,3.50
0.733291,-0.6734,0.7291,-0.1308,-2.45,-7.70,3.78
0.733888,-0.6720,0.7335,-0.1318,-3.92,-7.28,3.99
0.734485,-0.6720,0.7364,-0.1293,-3.01,-7.49,3.78
0.735082,-0.6730,0.7330,-0.1293,-4.06,-7.21,4.83
0.735679,-0.6700,0.7340,-0.1308,-3.36,-7.49,3.50
0.736276,-0.6715,0.7374,-0.1313,-3.64,-6.72,5.18
0.736872,-0.6715,0.7393,-0.1322,-4.27,-6.65,4.69
0.737469,-0.6695,0.7393,-0.1308,-3.43,-7.28,5.32
0.738066,-0.6700,0.7427,-0.1327,-4.90,-6.58,4.90
0.738663,-0.6681,0.7442,-0.1322,-3.85,-6.86,5.88
0.739260,-0.6642,0.7422,-0.1313,-5.25,-6.30,5.88
0.740235,-0.6666,0.7432,-0.1308,-4.13,-6.79,6.23
0.740832,-0.6690,0.7413,-0.1327,-5.25,-6.51,6.16
0.741429,-0.6661,0.7374,-0.1337,-4.13,-6.72,6.16
0.742026,-0.6632,0.7359,-0.1303,-5.53,-6.37,7.00
0.742623,-0.6617,0.7364,-0.1308,-4.55,-6.37,6.58
0.743219,-0.6608,0.7383,-0.1337,-6.02,-6.44,7.49
0.743816,-0.6612,0.7398,-0.1322,-4.97,-6.16,6.72
0.744413,-0.6622,0.7374,-0.1318,-5.81,-6.58,7.70
0.745010,-0.6622,0.7359,-0.1342,-5.53,-5.74,7.28
0.745607,-0.6656,0.7354,-0.1357,-5.67,-6.02,8.54
0.746204,-0.6666,0.7374,-0.1376,-5.88,-6.02,7.70
0.746801,-0.6647,0.7383,-0.1362,-5.53,-6.23,8.61
0.747398,-0.6656,0.7315,-0.1362,-6.51,-5.95,9.17
0.747995,-0.6642,0.7300,-0.1371,-5.39,-5.95,8.68
0.748591,-0.6583,0.7354,-0.1322,-7.00,-5.81,9.38
0.749188,-0.6608,0.7349,-0.1303,-5.39,-5.88,8.82
0.749785,-0.6647,0.7305,-0.1303,-7.28,-6.02,10.15
0.750382,-0.6642,0.7305,-0.1322,-5.74,-5.46,9.52
0.750979,-0.6666,0.7330,-0.1332,-7.42,-6.30,10.64
0.750979,-0.6671,0.7335,-0.1318,-6.09,-5.46,9.80
0.751574,-0.6671,0.7335,-0.1352,-7.63,-6.02,11.69
0.752171,-0.6671,0.7354,-0.1366,-6.16,-5.18,9.80
0.752768,-0.6627,0.7344,-0.1371,-7.77,-6.23,12.88
0.753365,-0.6632,0.7296,-0.1337,-6.58,-4.62,10.08
0.753961,-0.6690,0.7271,-0.1332,-7.56,-6.37,13.51
0.754558,-0.6700,0.7291,-0.1362,-7.00,-4.97,10.64
0.755155,-0.6661,0.7296,-0.1293,-7.63,-6.44,14.42
0.755752,-0.6656,0.7266,-0.1279,-7.28,-4.83,10.99
0.756349,-0.6661,0.7271,-0.1318,-7.28,-6.65,14.63
0.756946,-0.6686,0.7266,-0.1322,-7.98,-4.27,11.69
0.757543,-0.6681,0.7247,-0.1274,-7.00,-6.86,15.33
0.758140,-0.6622,0.7222,-0.1283,-8.40,-4.55,11.48
0.758737,-0.6695,0.7222,-0.1308,-8.75,-4.69,12.32
0.759333,-0.6715,0.7213,-0.1337,-7.07,-5.95,16.59
0.759930,-0.6700,0.7218,-0.1318,-8.82,-5.04,12.81
0.760527,-0.6700,0.7218,-0.1322,-7.14,-5.60,17.22
0.761124,-0.6720,0.7252,-0.1342,-9.10,-5.18,13.51
0.761721,-0.6681,0.7213,-0.1313,-7.42,-5.11,17.71
0.762696,-0.6647,0.7144,-0.1313,-8.89,-5.74,14.35
0.763293,-0.6661,0.7144,-0.1298,-7.63,-4.97,18.20
0.763890,-0.6656,0.7105,-0.1269,-9.17,-5.39,14.70
0.764487,-0.6651,0.7086,-0.1283,-7.42,-5.32,18.97
0.765084,-0.6686,0.7096,-0.1298,-9.52,-5.39,14.84
0.765680,-0.6666,0.7091,-0.1322,-7.70,-5.11,19.46
0.766277,-0.6627,0.7091,-0.1308,-9.45,-5.32,15.61
0.766874,-0.6632,0.7096,-0.1298,-7.70,-5.18,19.74
0.767471,-0.6651,0.7066,-0.1332,-9.52,-5.11,16.45
0.768068,-0.6617,0.7047,-0.1337,-7.98,-5.25,19.88
0.768665,-0.6583,0.7047,-0.1332,-9.31,-5.18,17.29
0.769262,-0.6598,0.6988,-0.1337,-7.91,-5.18,19.95
0.769859,-0.6632,0.6983,-0.1352,-9.45,-5.11,17.71
0.770456,-0.6647,0.7017,-0.1381,-8.40,-4.97,20.93
0.771052,-0.6612,0.6993,-0.1376,-9.10,-5.46,17.92
0.771649,-0.6622,0.6925,-0.1381,-8.61,-4.62,21.07
0.772246,-0.6661,0.6881,-0.1396,-8.96,-5.32,18.48
0.772843,-0.6695,0.6876,-0.1371,-9.31,-4.34,21.35
0.773440,-0.6739,0.6856,-0.1352,-8.33,-5.67,18.97
0.773440,-0.6769,0.6876,-0.1396,-9.24,-4.06,21.07
0.774035,-0.6769,0.6866,-0.1444,-8.47,-5.60,20.09
0.774632,-0.6759,0.6822,-0.1396,-8.96,-3.85,20.93
0.775229,-0.6759,0.6876,-0.1401,-8.40,-5.88,20.37
0.775826,-0.6734,0.6861,-0.1435,-9.03,-3.71,21.00
0.776422,-0.6749,0.6788,-0.1449,-8.19,-5.95,20.93
0.777019,-0.6769,0.6769,-0.1386,-9.17,-3.99,21.35
0.777616,-0.6778,0.6744,-0.1410,-8.26,-5.32,21.21
0.778213,-0.6803,0.6705,-0.1469,-8.75,-4.20,21.56
0.778810,-0.6871,0.6686,-0.1396,-8.33,-5.18,21.21
0.779407,-0.6881,0.6681,-0.1401,-8.61,-3.99,21.77
0.780004,-0.6866,0.6676,-0.1410,-8.54,-5.53,21.84
0.780601,-0.6910,0.6661,-0.1386,-8.05,-3.85,21.14
0.781198,-0.6905,0.6622,-0.1410,-8.68,-5.18,22.54
0.781794,-0.6934,0.6593,-0.1449,-7.84,-4.13,21.28
0.782391,-0.7008,0.6554,-0.1464,-8.54,-5.04,22.68
0.782988,-0.7047,0.6554,-0.1449,-7.56,-4.48,21.28
0.783585,-0.7076,0.6529,-0.1410,-8.47,-5.04,23.10
0.784182,-0.7086,0.6500,-0.1396,-7.70,-4.34,21.49
0.785156,-0.7125,0.6534,-0.1405,-7.84,-4.90,23.17
0.785753,-0.7149,0.6554,-0.1386,-7.70,-4.69,21.35
0.786350,-0.7159,0.6529,-0.1391,-7.49,-4.34,22.89
0.786947,-0.7193,0.6490,-0.1381,-7.77,-5.04,21.63
0.787544,-0.7213,0.6520,-0.1376,-7.42,-4.20,22.89
0.788140,-0.7227,0.6486,-0.1371,-7.42,-5.25,21.56
0.788737,-0.7261,0.6437,-0.1332,-6.72,-4.48,22.82
0.789334,-0.7266,0.6446,-0.1342,-7.77,-5.25,21.56
0.789931,-0.7296,0.6437,-0.1337,-6.30,-4.27,22.82
0.790528,-0.7335,0.6451,-0.1327,-7.70,-5.18,21.49
0.791125,-0.7369,0.6466,-0.1327,-6.23,-4.06,22.47
0.791722,-0.7388,0.6437,-0.1318,-7.56,-5.53,21.70
0.792319,-0.7383,0.6422,-0.1352,-5.88,-4.48,22.40
0.792916,-0.7393,0.6432,-0.1352,-7.42,-5.18,21.84
0.793512,-0.7393,0.6407,-0.1342,-5.74,-4.55,22.47
0.794109,-0.7398,0.6373,-0.1347,-6.86,-5.32,21.21
0.794706,-0.7393,0.6388,-0.1313,-5.53,-4.62,22.26
0.795303,-0.7398,0.6378,-0.1332,-6.58,-5.74,21.35
0.795900,-0.7422,0.6359,-0.1362,-5.32,-4.55,21.84
0.795900,-0.7452,0.6388,-0.1362,-6.16,-5.46,20.86
0.796496,-0.7476,0.6364,-0.1376,-5.46,-4.90,22.40
0.797093,-0.7486,0.6334,-0.1381,-5.67,-5.95,20.02
0.797690,-0.7501,0.6339,-0.1401,-5.74,-4.41,22.26
0.798287,-0.7515,0.6315,-0.1391,-5.18,-5.81,19.67
0.798883,-0.7520,0.6315,-0.1386,-5.74,-4.62,22.12
0.799480,-0.7564,0.6329,-0.1435,-5.04,-5.88,19.39
0.800077,-0.7574,0.6339,-0.1435,-5.11,-4.97,21.77
0.800674,-0.7584,0.6344,-0.1430,-5.04,-5.88,19.32
0.801271,-0.7642,0.6315,-0.1488,-4.76,-5.25,21.28
0.801868,-0.7642,0.6324,-0.1527,-4.97,-5.88,18.97
0.802465,-0.7657,0.6329,-0.1527,-4.69,-5.32,21.21
0.803062,-0.7676,0.6324,-0.1527,-4.83,-6.23,18.69
0.803659,-0.7710,0.6349,-0.1571,-4.13,-5.53,20.44
0.804255,-0.7764,0.6354,-0.1601,-4.69,-6.16,18.83
0.804852,-0.7803,0.6344,-0.1566,-4.06,-5.67,19.88
0.805449,-0.7847,0.6344,-0.1552,-3.71,-5.74,19.46
0.806046,-0.7891,0.6339,-0.1591,-4.41,-7.14,18.62
0.806643,-0.7950,0.6349,-0.1586,-3.29,-6.09,18.83
0.807617,-0.8008,0.6344,-0.1591,-4.62,-6.93,18.62
0.808214,-0.8052,0.6359,-0.1620,-3.08,-6.37,18.41
0.808811,-0.8189,0.6329,-0.1664,-2.31,-7.07,17.50
0.809408,-0.8198,0.6324,-0.1635,-2.73,-6.86,17.01
0.810005,-0.8189,0.6310,-0.1620,-4.27,-7.63,19.18
0.810601,-0.8189,0.6315,-0.1635,-2.59,-7.49,16.38
0.811198,-0.8174,0.6324,-0.1659,-3.71,-8.19,18.83
0.811795,-0.8184,0.6300,-0.1659,-3.08,-7.49,16.45
0.812392,-0.8194,0.6281,-0.1654,-3.22,-8.68,18.76
0.812989,-0.8228,0.6285,-0.1649,-3.15,-7.49,16.31
0.813586,-0.8242,0.6290,-0.1664,-2.73,-9.24,18.34
0.814183,-0.8252,0.6256,-0.1645,-3.64,-7.77,16.17
0.814780,-0.8257,0.6266,-0.1664,-2.38,-9.59,18.62
0.815377,-0.8218,0.6261,-0.1674,-3.71,-8.19,16.03
0.815973,-0.8218,0.6271,-0.1688,-2.10,-10.01,18.20
0.816570,-0.8237,0.6339,-0.1718,-3.71,-8.40,16.38
0.817167,-0.8242,0.6310,-0.1713,-2.03,-10.08,18.06
0.817764,-0.8237,0.6276,-0.1688,-3.57,-8.75,16.03
0.818361,-0.8252,0.6300,-0.1674,-1.89,-10.01,17.85
0.821289,-0.8237,0.6310,-0.1815,-3.36,-9.38,15.82
0.821886,-0.8233,0.6315,-0.1815,-2.10,-10.36,17.57
0.822483,-0.8252,0.6300,-0.1840,-3.29,-9.66,15.89
0.823080,-0.8262,0.6285,-0.1835,-2.52,-10.22,17.85
0.823677,-0.8242,0.6261,-0.1850,-2.80,-10.36,15.61
0.824273,-0.8267,0.6242,-0.1840,-2.73,-10.29,17.71
0.824870,-0.8281,0.6227,-0.1850,-2.59,-10.78,15.96
0.825467,-0.8252,0.6217,-0.1869,-2.87,-10.22,17.29
0.826064,-0.8233,0.6232,-0.1893,-2.52,-11.13,15.68
0.826661,-0.8237,0.6256,-0.1918,-3.08,-10.43,16.94
0.827258,-0.8281,0.6242,-0.1947,-2.52,-11.41,16.45
0.827855,-0.8286,0.6198,-0.1981,-2.80,-10.85,16.24
0.828452,-0.8330,0.6207,-0.2011,-2.45,-11.62,16.17
0.829049,-0.8359,0.6188,-0.2015,-3.08,-11.06,16.10
0.829646,-0.8350,0.6159,-0.2030,-2.73,-11.83,15.68
0.830242,-0.8403,0.6129,-0.2079,-2.80,-11.90,15.82
0.830839,-0.8423,0.6129,-0.2108,-3.01,-11.62,15.61
0.831436,-0.8457,0.6124,-0.2108,-2.59,-12.39,15.40
0.832033,-0.8486,0.6139,-0.2133,-2.94,-11.83,16.03
0.832033,-0.8486,0.6168,-0.2142,-2.52,-12.74,14.98
0.832628,-0.8491,0.6159,-0.2152,-3.08,-12.53,15.82
0.833225,-0.8486,0.6115,-0.2201,-2.52,-12.60,14.07
0.833822,-0.8511,0.6076,-0.2206,-3.22,-12.60,15.54
0.834419,-0.8530,0.6085,-0.2186,-2.52,-13.16,13.58
0.835015,-0.8550,0.6037,-0.2206,-2.87,-13.51,15.33
0.835612,-0.8564,0.5993,-0.2235,-2.80,-13.09,13.16
0.836209,-0.8618,0.6007,-0.2250,-2.66,-13.58,14.98
0.836806,-0.8633,0.6012,-0.2269,-2.87,-13.44,12.88
0.837403,-0.8618,0.5998,-0.2264,-2.38,-13.65,14.28
0.838000,-0.8638,0.5963,-0.2255,-2.80,-13.93,12.46
0.838597,-0.8647,0.5939,-0.2303,-1.96,-14.14,14.00
0.839194,-0.8682,0.5958,-0.2289,-3.22,-14.21,11.62
0.839791,-0.8701,0.5968,-0.2284,-1.89,-14.35,13.79
0.840388,-0.8691,0.5963,-0.2313,-3.43,-14.63,10.85
0.840984,-0.8696,0.5973,-0.2318,-1.68,-14.70,12.95
0.841581,-0.8672,0.5988,-0.2328,-3.57,-14.70,10.29
0.842178,-0.8652,0.5998,-0.2352,-1.82,-14.91,12.74
0.842775,-0.8667,0.5958,-0.2367,-3.36,-14.91,9.45
0.842775,-0.8642,0.5958,-0.2362,-1.61,-15.26,11.83
0.843371,-0.8618,0.5963,-0.2381,-3.08,-15.68,9.03
0.843968,-0.8608,0.5919,-0.2391,-1.54,-15.40,11.34
0.844565,-0.8599,0.5890,-0.2420,-3.22,-15.75,8.61
0.845162,-0.8599,0.5861,-0.2430,-1.96,-15.40,10.36
0.845758,-0.8589,0.5841,-0.2411,-2.94,-16.10,8.19
0.846355,-0.8560,0.5802,-0.2381,-1.96,-15.40,9.38
0.846952,-0.8555,0.5749,-0.2386,-2.38,-16.38,7.91
0.847549,-0.8579,0.5744,-0.2420,-2.38,-16.31,9.10
0.848146,-0.8618,0.5724,-0.2479,-2.59,-16.24,8.19
0.848743,-0.8599,0.5680,-0.2479,-1.89,-16.03,6.93
0.849340,-0.8584,0.5661,-0.2464,-2.38,-16.80,7.14
0.849937,-0.8603,0.5680,-0.2494,-1.47,-15.96,6.16
0.850534,-0.8657,0.5695,-0.2523,-2.10,-17.22,6.37
0.851131,-0.8647,0.5690,-0.2513,-1.26,-16.03,6.09
0.851727,-0.8603,0.5666,-0.2547,-2.03,-17.15,5.67
0.852324,-0.8618,0.5612,-0.2557,-1.33,-16.38,5.32
0.852921,-0.8618,0.5612,-0.2513,-1.89,-17.15,4.62
0.853518,-0.8628,0.5612,-0.2538,-0.63,-16.66,4.62
0.854492,-0.8642,0.5622,-0.2547,-1.75,-17.36,3.85
0.855089,-0.8642,0.5607,-0.2567,-0.63,-16.66,4.90
0.855686,-0.8642,0.5583,-0.2577,-1.75,-17.71,2.94
0.856283,-0.8667,0.5607,-0.2572,-0.56,-16.73,4.48
0.856880,-0.8706,0.5632,-0.2586,-1.19,-18.20,2.45
0.857476,-0.8662,0.5632,-0.2577,-0.28,-16.59,3.64
0.858073,-0.8628,0.5602,-0.2577,-1.05,-17.99,2.17
0.858670,-0.8686,0.5578,-0.2630,-0.42,-16.73,3.43
0.859267,-0.8711,0.5583,-0.2669,-0.70,-17.99,1.47
0.859864,-0.8721,0.5573,-0.2660,-0.49,-16.59,2.80
0.860461,-0.8755,0.5553,-0.2655,-0.21,-18.27,1.12
0.861058,-0.8794,0.5558,-0.2679,-0.28,-16.52,1.96
0.861655,-0.8779,0.5573,-0.2684,0.07,-18.06,0.77
0.862252,-0.8774,0.5549,-0.2708,-0.14,-16.66,1.75
0.862849,-0.8833,0.5534,-0.2738,0.35,-18.48,0.21
0.863445,-0.8818,0.5578,-0.2733,-0.07,-16.45,1.26
0.864042,-0.8813,0.5568,-0.2762,0.28,-18.41,0.00
0.864639,-0.8847,0.5602,-0.2791,0.56,-16.87,0.70
0.865236,-0.8857,0.5597,-0.2845,0.49,-18.06,0.21
0.865236,-0.8862,0.5573,-0.2850,0.91,-17.08,0.00
0.865832,-0.8867,0.5617,-0.2791,0.77,-18.06,-0.49
0.866429,-0.8882,0.5627,-0.2826,0.98,-17.15,-0.28
0.867026,-0.8916,0.5583,-0.2889,0.42,-17.92,-0.14
0.867623,-0.8935,0.5568,-0.2894,1.61,-17.15,-0.91
0.868219,-0.8901,0.5617,-0.2908,0.35,-17.78,-0.21
0.868816,-0.8867,0.5607,-0.2889,2.24,-17.50,-1.12
0.869413,-0.8872,0.5588,-0.2894,0.35,-17.78,0.28
0.870010,-0.8867,0.5636,-0.2933,2.10,-17.22,-1.61
0.870607,-0.8799,0.5632,-0.2938,0.98,-17.15,0.21
0.871204,-0.8750,0.5568,-0.2923,2.31,-17.92,-1.89
0.871801,-0.8721,0.5563,-0.2913,1.12,-17.01,0.35
0.872398,-0.8667,0.5568,-0.2943,2.17,-17.50,-2.10
0.872995,-0.8638,0.5539,-0.2948,1.54,-16.94,0.70
0.873592,-0.8657,0.5529,-0.2982,2.03,-17.22,-2.10
0.874188,-0.8638,0.5519,-0.3001,2.03,-16.73,0.91
0.874785,-0.8564,0.5495,-0.3001,1.75,-16.38,-1.96
0.875382,-0.8520,0.5451,-0.3011,2.66,-16.59,0.98
0.875979,-0.8516,0.5451,-0.3026,1.75,-16.03,-2.03
0.876953,-0.8540,0.5441,-0.3065,3.36,-16.10,1.12
0.877550,-0.8550,0.5417,-0.3089,1.54,-16.03,-1.26
0.878147,-0.8486,0.5451,-0.3109,3.64,-15.82,1.26
0.878744,-0.8433,0.5475,-0.3070,1.12,-15.33,-0.56
0.879341,-0.8462,0.5427,-0.3045,3.85,-14.98,1.40
0.879937,-0.8491,0.5427,-0.3050,1.54,-15.05,-0.35
0.880534,-0.8496,0.5470,-0.3070,3.99,-14.91,1.54
0.881131,-0.8491,0.5402,-0.3162,3.92,-14.35,1.61
0.881728,-0.8472,0.5436,-0.3216,2.24,-14.35,0.91
0.882325,-0.8516,0.5431,-0.3201,3.78,-13.65,1.82
0.882922,-0.8560,0.5397,-0.3157,2.87,-13.86,1.54
0.883519,-0.8608,0.5373,-0.3148,3.64,-13.37,2.03
0.884116,-0.8579,0.5353,-0.3172,2.94,-12.88,2.24
0.884713,-0.8584,0.5358,-0.3201,3.64,-12.88,2.31
0.885310,-0.8613,0.5383,-0.3226,3.50,-12.39,3.01
0.885906,-0.8569,0.5412,-0.3255,3.43,-11.97,2.73
0.886503,-0.8560,0.5422,-0.3260,4.06,-11.83,3.36
0.887100,-0.8535,0.5383,-0.3235,3.15,-11.76,3.22
0.887697,-0.8530,0.5353,-0.3260,4.34,-10.99,4.06
0.888672,-0.8569,0.5329,-0.3289,3.08,-10.92,3.29
0.889269,-0.8555,0.5329,-0.3323,4.55,-10.57,4.62
0.889866,-0.8550,0.5353,-0.3318,3.08,-10.29,3.50
0.890463,-0.8603,0.5319,-0.3338,4.62,-9.59,5.04
0.891060,-0.8623,0.5285,-0.3377,3.15,-9.80,4.13
0.891656,-0.8647,0.5295,-0.3348,4.83,-8.82,5.74
0.892253,-0.8647,0.5290,-0.3338,3.36,-9.10,4.13
0.892850,-0.8677,0.5270,-0.3382,4.62,-8.54,6.02
0.893447,-0.8750,0.5290,-0.3416,3.78,-8.61,4.13
0.894044,-0.8745,0.5300,-0.3416,4.41,-7.35,6.44
0.894641,-0.8764,0.5319,-0.3387,4.06,-7.91,4.27
0.895238,-0.8769,0.5368,-0.3396,4.13,-6.44,6.79
0.895835,-0.8784,0.5412,-0.3450,4.20,-7.21,4.76
0.896432,-0.8833,0.5412,-0.3484,4.13,-5.88,6.93
0.897029,-0.8847,0.5397,-0.3489,4.48,-6.93,5.11
0.897625,-0.8862,0.5412,-0.3470,3.85,-5.25,7.49
0.898222,-0.8901,0.5461,-0.3475,4.55,-5.95,4.83
0.898819,-0.8911,0.5475,-0.3465,3.85,-4.69,7.84
0.899416,-0.8926,0.5475,-0.3494,4.27,-4.90,5.18
0.899416,-0.8950,0.5500,-0.3543,4.06,-4.55,8.47
0.900011,-0.8950,0.5500,-0.3582,3.78,-4.48,5.32
0.900608,-0.9004,0.5529,-0.3587,3.92,-3.36,8.61
0.901205,-0.9023,0.5544,-0.3553,3.36,-3.43,5.67
0.901802,-0.9008,0.5505,-0.3592,3.78,-3.08,8.96
0.902398,-0.9057,0.5514,-0.3631,3.08,-3.15,6.30
0.902995,-0.9082,0.5563,-0.3665,3.78,-2.03,8.89
0.903592,-0.9043,0.5588,-0.3689,2.45,-2.52,7.28
0.904189,-0.9043,0.5568,-0.3714,3.57,-1.47,9.24
0.904786,-0.9096,0.5529,-0.3753,2.52,-1.54,7.35
0.905383,-0.9106,0.5553,-0.3772,2.94,-0.49,9.73
0.905980,-0.9082,0.5588,-0.3753,2.38,-0.91,8.12
0.906577,-0.9052,0.5558,-0.3772,2.80,0.14,9.87
0.907174,-0.9087,0.5558,-0.3836,2.10,-0.49,8.89
0.907771,-0.9087,0.5558,-0.3860,2.24,0.91,10.01
0.908367,-0.9062,0.5549,-0.3889,1.89,0.63,9.31
0.908964,-0.9096,0.5568,-0.3914,1.82,1.47,10.64
0.909561,-0.9121,0.5592,-0.3928,1.47,1.33,10.15
0.910158,-0.9096,0.5651,-0.3928,1.47,2.10,10.78
0.910158,-0.9101,0.5636,-0.3948,0.91,2.38,11.48
0.910753,-0.9121,0.5617,-0.3938,0.98,2.66,10.92
0.911350,-0.9121,0.5651,-0.3928,0.35,3.43,11.76
0.911947,-0.9111,0.5671,-0.3992,1.05,3.22,11.55
0.912544,-0.9111,0.5705,-0.4021,-0.28,4.27,12.25
0.913140,-0.9121,0.5710,-0.4031,0.35,4.20,12.67
0.913737,-0.9135,0.5685,-0.4016,-0.91,5.18,13.37
0.914334,-0.9155,0.5690,-0.4002,-0.28,4.76,13.16
0.914931,-0.9150,0.5700,-0.4021,-1.61,5.74,14.35
0.915528,-0.9174,0.5695,-0.4046,-0.63,5.46,13.44
0.916125,-0.9179,0.5675,-0.4075,-2.10,7.00,14.91
0.916722,-0.9174,0.5710,-0.4119,-1.33,5.88,14.00
0.917319,-0.9170,0.5758,-0.4138,-2.38,7.77,16.10
0.917916,-0.9184,0.5739,-0.4124,-2.38,7.00,15.05
0.918512,-0.9209,0.5719,-0.4148,-2.80,8.05,16.80
0.919109,-0.9233,0.5724,-0.4158,-2.66,7.49,15.68
0.919706,-0.9252,0.5714,-0.4182,-3.64,9.10,17.36
0.920303,-0.9252,0.5695,-0.4221,-3.99,8.75,16.73
0.920900,-0.9277,0.5705,-0.4270,-4.41,10.01,17.64
0.921875,-0.9296,0.5680,-0.4280,-4.06,9.31,17.50
0.922472,-0.9374,0.5671,-0.4309,-4.97,10.43,18.48
0.923069,-0.9453,0.5695,-0.4372,-4.90,10.29,18.06
0.923666,-0.9453,0.5685,-0.4382,-5.88,11.41,19.60
0.924263,-0.9482,0.5695,-0.4387,-5.46,10.78,18.76
0.924859,-0.9550,0.5739,-0.4402,-6.65,11.90,20.09
0.925456,-0.9565,0.5705,-0.4416,-6.51,11.83,19.74
0.926053,-0.9579,0.5661,-0.4460,-7.63,12.81,20.65
0.926650,-0.9648,0.5671,-0.4499,-7.21,12.18,20.02
0.927247,-0.9687,0.5700,-0.4524,-8.05,13.30,21.70
0.927844,-0.9726,0.5680,-0.4553,-8.19,13.02,21.07
0.928441,-0.9780,0.5656,-0.4558,-8.89,14.28,22.19
0.929038,-0.9843,0.5666,-0.4587,-9.10,13.44,21.63
0.929635,-0.9906,0.5680,-0.4626,-9.45,14.91,22.54
0.930231,-0.9931,0.5675,-0.4660,-9.87,14.21,22.47
0.930828,-0.9975,0.5675,-0.4699,-9.94,15.33,23.17
0.931425,-1.0019,0.5685,-0.4734,-10.85,14.56,22.96
0.932022,-1.0019,0.5656,-0.4773,-11.06,16.24,23.52
0.932619,-1.0053,0.5607,-0.4797,-11.76,15.26,23.38
0.932619,-1.0126,0.5583,-0.4792,-11.55,16.73,24.22
0.933214,-1.0189,0.5573,-0.4841,-12.74,15.68,23.38
0.933811,-1.0214,0.5553,-0.4865,-12.39,17.29,24.64
0.934408,-1.0248,0.5510,-0.4880,-13.51,16.31,24.01
0.935005,-1.0307,0.5514,-0.4890,-13.23,18.27,25.13
0.935601,-1.0336,0.5519,-0.4909,-14.42,16.45,23.87
0.936198,-1.0365,0.5495,-0.4973,-13.86,18.76,25.41
0.936795,-1.0404,0.5485,-0.4958,-15.33,17.15,24.29
0.937392,-1.0448,0.5490,-0.4992,-14.77,18.76,25.90
0.937989,-1.0458,0.5480,-0.5046,-15.82,17.92,24.43
0.938586,-1.0472,0.5412,-0.5046,-15.82,19.60,26.04
0.939183,-1.0541,0.5353,-0.5095,-16.94,18.83,24.50
0.939780,-1.0555,0.5383,-0.5114,-16.10,20.23,25.97
0.940377,-1.0536,0.5407,-0.5070,-17.57,19.39,24.64
0.940973,-1.0585,0.5348,-0.5075,-17.08,20.58,25.83
0.941570,-1.0609,0.5334,-0.5104,-18.55,20.37,24.99
0.942167,-1.0624,0.5309,-0.5119,-17.50,20.79,25.62
0.942764,-1.0634,0.5280,-0.5153,-19.32,20.86,25.27
0.943361,-1.0634,0.5261,-0.5168,-18.27,21.35,25.90
0.943361,-1.0624,0.5187,-0.5178,-19.95,21.63,25.06
0.943957,-1.0609,0.5134,-0.5183,-19.32,21.63,25.62
0.944554,-1.0634,0.5104,-0.5207,-20.72,22.61,24.85
0.945151,-1.0682,0.5026,-0.5202,-20.09,22.19,25.90
0.945748,-1.0687,0.4958,-0.5217,-21.63,23.45,24.36
0.946344,-1.0658,0.4963,-0.5266,-20.86,22.61,25.20
0.946941,-1.0653,0.4963,-0.5270,-21.77,24.29,24.22
0.947538,-1.0648,0.4909,-0.5270,-21.56,23.10,25.13
0.948135,-1.0643,0.4826,-0.5290,-22.26,24.71,24.22
0.948732,-1.0648,0.4792,-0.5309,-22.47,24.43,24.50
0.949329,-1.0668,0.4773,-0.5353,-22.47,25.48,24.36
0.949926,-1.0726,0.4699,-0.5378,-23.17,25.13,23.80
0.950523,-1.0770,0.4636,-0.5392,-22.82,26.11,24.22
0.951120,-1.0756,0.4656,-0.5412,-23.94,25.76,23.03
0.951716,-1.0780,0.4680,-0.5436,-23.17,27.09,23.66
0.952313,-1.0824,0.4626,-0.5461,-24.15,26.32,22.82
0.952910,-1.0848,0.4568,-0.5490,-23.66,27.72,22.89
0.953507,-1.0882,0.4519,-0.5558,-24.57,27.30,21.98
0.954104,-1.0858,0.4475,-0.5583,-24.22,28.49,22.40
0.955078,-1.0858,0.4485,-0.5597,-24.92,27.93,21.00
0.955675,-1.0917,0.4480,-0.5622,-24.43,28.91,22.12
0.956272,-1.0956,0.4460,-0.5671,-25.13,28.56,20.16
0.956869,-1.0990,0.4470,-0.5734,-25.34,29.75,21.70
0.957466,-1.1029,0.4436,-0.5763,-25.34,29.61,19.39
0.958062,-1.1068,0.4416,-0.5763,-25.83,30.45,21.35
0.958659,-1.1097,0.4407,-0.5788,-25.55,30.38,18.69
0.959256,-1.1126,0.4397,-0.5856,-26.04,30.66,21.14
0.959853,-1.1131,0.4387,-0.5890,-26.18,31.43,17.85
0.960450,-1.1131,0.4333,-0.5905,-26.11,31.36,20.51
0.961047,-1.1131,0.4319,-0.5890,-26.25,32.27,16.87
0.961644,-1.1136,0.4338,-0.5890,-26.46,32.62,19.81
0.962241,-1.1195,0.4333,-0.5924,-27.16,32.90,16.73
0.962838,-1.1253,0.4285,-0.5978,-26.25,32.97,19.11
0.963434,-1.1229,0.4221,-0.6027,-27.44,33.53,15.82
0.964031,-1.1214,0.4221,-0.6066,-26.67,33.60,18.55
0.964628,-1.1229,0.4226,-0.6105,-27.93,34.30,15.54
0.965225,-1.1263,0.4202,-0.6124,-26.53,34.65,17.99
0.965822,-1.1258,0.4197,-0.6124,-28.21,35.21,14.77
0.965822,-1.1239,0.4158,-0.6198,-27.02,35.63,17.29
0.966418,-1.1258,0.4148,-0.6261,-28.14,35.70,14.77
0.967015,-1.1258,0.4143,-0.6232,-27.51,36.26,16.52
0.967612,-1.1268,0.4085,-0.6212,-28.07,36.19,14.28
0.968209,-1.1268,0.4080,-0.6212,-27.79,37.31,15.96
0.968805,-1.1278,0.4094,-0.6256,-28.35,37.24,14.07
0.969402,-1.1273,0.4055,-0.6276,-27.65,37.94,15.19
0.969999,-1.1273,0.4006,-0.6290,-28.70,37.87,13.51
0.970596,-1.1292,0.3977,-0.6310,-27.86,38.78,14.63
0.971193,-1.1307,0.3943,-0.6290,-28.70,38.99,13.02
0.971790,-1.1297,0.3948,-0.6324,-28.14,39.34,14.49
0.972387,-1.1307,0.3953,-0.6359,-28.49,39.97,11.76
0.972984,-1.1287,0.3909,-0.6349,-28.42,40.60,14.14
0.973581,-1.1248,0.3938,-0.6349,-28.84,40.88,12.18
0.974177,-1.1258,0.3963,-0.6378,-28.42,41.16,13.09
0.974774,-1.1297,0.3909,-0.6407,-28.77,41.79,11.62
0.975371,-1.1317,0.3899,-0.6398,-28.21,41.93,12.81
0.975968,-1.1326,0.3924,-0.6437,-28.70,42.49,10.92
0.976565,-1.1336,0.3899,-0.6490,-28.91,42.91,12.32
0.976565,-1.1331,0.3865,-0.6495,-28.21,43.61,10.50
0.977160,-1.1326,0.3875,-0.6515,-29.12,43.75,12.32
0.977757,-1.1341,0.3889,-0.6534,-28.14,44.31,10.22
0.978354,-1.1356,0.3875,-0.6603,-29.54,44.87,11.90
0.978951,-1.1370,0.3860,-0.6617,-28.28,45.57,10.08
0.979547,-1.1405,0.3821,-0.6642,-29.40,45.22,11.55
0.980144,-1.1429,0.3826,-0.6715,-28.00,45.99,9.73
0.980741,-1.1458,0.3836,-0.6720,-29.19,46.06,11.69
0.981338,-1.1497,0.3841,-0.6715,-28.07,46.69,8.89
0.981935,-1.1551,0.3855,-0.6778,-29.19,47.25,11.62
0.982532,-1.1590,0.3870,-0.6832,-28.56,47.11,9.59
0.983129,-1.1624,0.3889,-0.6876,-29.12,48.16,10.99
0.983726,-1.1663,0.3875,-0.6891,-28.49,47.81,9.31
0.984322,-1.1653,0.3865,-0.6939,-28.77,49.14,10.78
0.984919,-1.1697,0.3875,-0.7042,-28.84,48.72,9.94
0.985516,-1.1771,0.3909,-0.7076,-28.56,49.98,10.99
0.986113,-1.1795,0.3914,-0.7120,-29.19,49.28,9.73
0.986710,-1.1785,0.3909,-0.7203,-28.00,50.33,10.99
0.987307,-1.1819,0.3933,-0.7247,-29.40,50.12,10.50
0.988281,-1.1888,0.3963,-0.7247,-28.14,51.45,11.06
0.988878,-1.1893,0.3972,-0.7261,-29.54,50.82,11.27
0.989475,-1.1902,0.3997,-0.7305,-28.14,52.29,11.06
0.990072,-1.1951,0.4050,-0.7364,-29.33,51.24,11.90
0.990669,-1.1976,0.4065,-0.7398,-28.49,52.92,11.13
0.991265,-1.2034,0.4075,-0.7413,-29.05,51.94,12.60
0.991862,-1.2102,0.4094,-0.7437,-29.12,53.76,11.97
0.992459,-1.2132,0.4094,-0.7501,-29.47,52.78,13.79
0.993056,-1.2137,0.4124,-0.7579,-29.19,53.83,12.81
0.993653,-1.2151,0.4168,-0.7588,-29.19,53.48,14.49
0.994250,-1.2180,0.4202,-0.7588,-29.33,54.60,13.65
0.994847,-1.2190,0.4255,-0.7627,-29.68,54.04,15.68
0.995444,-1.2195,0.4280,-0.7681,-29.68,55.37,14.42
0.996041,-1.2185,0.4304,-0.7710,-29.61,54.95,17.01
0.996637,-1.2215,0.4338,-0.7754,-29.82,55.93,15.54
0.997234,-1.2215,0.4348,-0.7793,-30.24,56.07,18.69
0.997831,-1.2180,0.4358,-0.7818,-30.17,56.63,16.87
0.998428,-1.2210,0.4372,-0.7842,-30.24,56.49,20.02
0.999025,-1.2215,0.4397,-0.7852,-30.17,57.19,17.99
0.999025,-1.2205,0.4416,-0.7886,-30.59,57.82,21.84
0.999621,-1.2244,0.4412,-0.7945,-30.87,57.89,19.60
1.000218,-1.2249,0.4407,-0.8003,-31.01,58.17,23.17
1.000815,-1.2210,0.4407,-0.8018,-31.36,58.80,21.70
1.001412,-1.2205,0.4421,-0.8018,-31.08,59.29,25.06
1.002008,-1.2229,0.4407,-0.8028,-31.99,59.78,23.24
1.002605,-1.2259,0.4387,-0.8057,-31.22,59.99,27.44
1.003202,-1.2249,0.4382,-0.8115,-32.83,60.62,25.06
1.003799,-1.2273,0.4416,-0.8135,-31.43,60.83,29.05
1.004396,-1.2298,0.4451,-0.8135,-33.11,61.53,26.74
1.004993,-1.2293,0.4436,-0.8208,-32.27,61.81,31.43
1.005590,-1.2332,0.4387,-0.8262,-32.27,63.35,32.83
1.006187,-1.2385,0.4392,-0.8335,-33.95,63.42,31.57
1.006783,-1.2439,0.4387,-0.8364,-33.18,64.12,34.58
1.007380,-1.2444,0.4382,-0.8340,-34.37,64.26,34.02
1.007977,-1.2503,0.4382,-0.8359,-33.32,65.38,36.12
1.008574,-1.2615,0.4358,-0.8418,-35.00,65.17,36.40
1.009171,-1.2610,0.4304,-0.8477,-34.23,66.43,38.01
1.009768,-1.2625,0.4285,-0.8501,-35.21,66.29,38.01
1.010742,-1.2727,0.4304,-0.8540,-35.14,67.55,39.97
1.011339,-1.2786,0.4309,-0.8584,-35.28,67.34,40.04
1.011936,-1.2805,0.4280,-0.8579,-35.77,69.16,41.51
1.012533,-1.2844,0.4260,-0.8652,-35.77,68.39,42.21
1.013130,-1.2917,0.4250,-0.8716,-36.54,70.42,43.12
1.013726,-1.3030,0.4246,-0.8735,-35.84,69.23,44.17
1.014323,-1.3113,0.4211,-0.8823,-37.38,71.12,44.59
1.014920,-1.3156,0.4138,-0.8877,-36.47,70.91,45.85
1.015517,-1.3200,0.4104,-0.8911,-37.73,71.96,46.20
1.016114,-1.3230,0.4055,-0.8974,-37.38,72.38,46.83
1.016711,-1.3313,0.4002,-0.9033,-37.87,73.22,47.32
1.017308,-1.3376,0.3953,-0.9150,-37.80,73.50,48.16
1.017905,-1.3493,0.3777,-0.9189,-38.36,74.55,49.70
1.018501,-1.3586,0.3684,-0.9204,-38.50,76.02,49.21
1.019098,-1.3703,0.3621,-0.9296,-38.99,75.88,50.47
1.019695,-1.3796,0.3538,-0.9360,-38.85,77.07,50.05
1.020292,-1.3849,0.3445,-0.9384,-39.55,77.42,50.96
1.020889,-1.3908,0.3367,-0.9433,-39.13,78.05,50.54
1.021486,-1.3967,0.3231,-0.9482,-39.55,78.54,51.45
1.022461,-1.4015,0.3133,-0.9531,-39.69,79.80,51.17
1.023058,-1.4050,0.3060,-0.9555,-39.55,79.52,51.80
1.023655,-1.4093,0.2933,-0.9555,-39.69,81.13,50.96
1.024252,-1.4132,0.2811,-0.9599,-39.97,81.20,51.94
1.024849,-1.4176,0.2694,-0.9662,-39.69,82.46,51.10
1.025445,-1.4269,0.2533,-0.9687,-39.97,82.60,51.59
1.026042,-1.4357,0.2420,-0.9736,-39.55,83.51,50.75
1.026639,-1.4401,0.2342,-0.9780,-40.04,84.28,50.96
1.027236,-1.4430,0.2240,-0.9843,-39.41,84.98,50.33
1.027833,-1.4479,0.2176,-0.9916,-40.11,86.10,50.33
1.028430,-1.4547,0.2040,-0.9921,-39.13,86.24,49.91
1.029027,-1.4596,0.1957,-1.1185,-39.97,87.57,49.00
1.029624,-1.4611,0.1908,-1.0014,-38.85,87.71,49.14
1.030221,-1.4703,0.1776,-1.0092,-39.55,89.04,47.46
1.030817,-1.4801,0.1688,-1.0131,-38.43,88.76,48.09
1.031414,-1.4830,0.1562,-1.0180,-39.62,90.44,46.34
1.032011,-1.4874,0.1420,-1.0214,-38.01,90.86,46.55
1.032608,-1.4952,0.1376,-1.0238,-39.27,91.98,45.29
1.033205,-1.5006,0.1283,-1.0331,-37.52,92.12,44.94
1.033205,-1.5060,0.1166,-1.0409,-38.85,93.24,44.17
1.033800,-1.5162,0.1098,-1.0443,-37.17,93.31,43.19
1.034397,-1.5255,0.1015,-1.0531,-38.29,94.64,42.28
1.034994,-1.5323,0.0874,-1.0599,-36.89,94.92,41.51
1.035591,-1.5392,0.0747,-1.0658,-37.31,95.97,40.25
1.036187,-1.5474,0.0639,-1.0746,-36.47,96.60,39.55
1.036784,-1.5557,0.0576,-1.0814,-36.68,97.23,38.36
1.037381,-1.5636,0.0512,-1.0873,-35.77,97.72,38.29
1.037978,-1.5767,0.0390,-1.0956,-35.91,98.77,35.98
1.038575,-1.5904,0.0264,-1.1009,-35.28,99.40,36.12
1.039172,-1.6021,0.0151,-1.1053,-34.58,99.68,34.30
1.039769,-1.6109,0.0049,-1.1146,-34.23,100.80,33.39
1.040366,-1.6216,-0.0020,-1.1200,-34.02,101.64,32.06
1.040962,-1.6353,-0.0122,-1.1248,-33.74,101.78,31.15
1.041559,-1.6455,-0.0249,-1.1307,-33.46,102.48,30.10
1.042156,-1.6553,-0.0307,-1.1331,-32.55,102.62,28.70
1.042753,-1.6660,-0.0405,-1.1356,-32.20,103.88,27.58
1.043350,-1.6797,-0.0532,-1.1414,-31.71,104.02,25.83
1.043947,-1.6885,-0.0625,-1.1502,-31.08,104.58,25.48
1.043947,-1.6968,-0.0717,-1.1566,-30.94,105.21,23.10
1.044543,-1.7090,-0.0766,-1.1605,-29.82,105.63,23.24
1.045140,-1.7163,-0.0795,-1.1639,-30.03,106.33,20.30
1.045737,-1.7256,-0.0883,-1.1673,-28.42,106.61,20.79
1.046334,-1.7339,-0.0966,-1.1727,-28.98,107.45,17.29
1.046930,-1.7387,-0.1025,-1.1785,-27.09,107.52,18.48
1.047527,-1.7466,-0.1088,-1.1854,-28.14,108.01,14.84
1.048124,-1.7583,-0.1122,-1.1912,-25.69,108.43,16.03
1.048721,-1.7680,-0.1171,-1.1961,-27.02,108.85,12.32
1.049318,-1.7812,-0.1181,-1.2029,-24.36,108.85,13.16
1.049915,-1.7944,-0.1161,-1.2088,-26.11,110.18,9.45
1.050512,-1.8036,-0.1186,-1.2146,-23.52,109.62,11.06
1.051109,-1.8100,-0.1210,-1.2259,-24.57,111.02,6.79
1.051705,-1.8144,-0.1220,-1.2337,-22.68,110.32,8.33
1.052302,-1.8276,-0.1196,-1.2366,-23.45,111.44,4.48
1.052899,-1.8412,-0.1215,-1.2405,-21.63,110.95,5.74
1.053496,-1.8524,-0.1249,-1.2488,-22.26,112.14,2.10
1.054093,-1.8676,-0.1215,-1.2586,-20.51,111.79,3.78
1.054690,-1.8764,-0.1205,-1.2668,-21.14,112.14,-0.14
1.055664,-1.8842,-0.1196,-1.2756,-19.81,112.42,1.75
1.056261,-1.9017,-0.1161,-1.2820,-19.81,112.56,-2.52
1.056858,-1.9144,-0.1161,-1.2878,-18.90,113.12,-0.14
1.057455,-1.9217,-0.1210,-1.2922,-19.18,112.91,-3.99
1.058052,-1.9374,-0.1274,-1.2995,-17.92,113.33,-2.66
1.058648,-1.9500,-0.1308,-1.3088,-17.85,113.12,-5.88
1.059245,-1.9603,-0.1332,-1.3181,-17.29,113.96,-4.69
1.059842,-1.9744,-0.1357,-1.3230,-16.59,113.05,-7.35
1.060439,-1.9891,-0.1396,-1.3254,-16.66,114.03,-6.30
1.061036,-2.0037,-0.1425,-1.3293,-15.96,113.61,-8.96
1.061633,-2.0223,-0.1464,-1.3371,-15.89,114.38,-7.49
1.062230,-2.0384,-0.1513,-1.3454,-14.91,113.89,-10.64
1.062827,-2.0516,-0.1566,-1.3488,-15.12,114.80,-9.24
1.063423,-2.0662,-0.1591,-1.3566,-14.14,113.89,-11.34
1.064020,-2.0852,-0.1601,-1.3615,-14.00,114.73,-10.99
1.064617,-2.1043,-0.1625,-1.3625,-13.58,113.68,-12.46
1.065214,-2.1189,-0.1659,-1.3688,-13.30,114.38,-12.39
1.065811,-2.1350,-0.1693,-1.3776,-13.23,114.10,-13.65
1.066408,-2.1496,-0.1718,-1.3806,-12.32,114.31,-13.86
1.066408,-2.1657,-0.1698,-1.3840,-12.60,114.24,-14.70
1.067003,-2.1833,-0.1693,-1.3874,-11.48,113.82,-15.05
1.067600,-2.1984,-0.1703,-1.3918,-12.25,114.38,-15.96
1.068197,-2.2136,-0.1659,-1.4025,-10.85,113.54,-16.52
1.068794,-2.2311,-0.1640,-1.4079,-12.04,114.59,-17.43
1.069390,-2.2477,-0.1649,-1.4108,-10.29,113.33,-17.50
1.069987,-2.2614,-0.1606,-1.4162,-11.55,114.31,-18.55
1.070584,-2.2785,-0.1566,-1.4230,-10.01,112.77,-19.25
1.071181,-2.2936,-0.1537,-1.4298,-11.20,114.24,-19.32
1.071778,-2.3043,-0.1498,-1.4367,-9.87,113.19,-21.00
1.072375,-2.3195,-0.1493,-1.4528,-10.36,114.03,-20.16
1.072972,-2.3434,-0.1362,-1.4577,-9.87,114.10,-21.91
1.073569,-2.3575,-0.1322,-1.4645,-10.15,113.26,-23.24
1.074165,-2.3702,-0.1269,-1.4718,-9.73,114.17,-23.03
1.074762,-2.3829,-0.1191,-1.4821,-10.50,113.05,-24.64
1.075359,-2.3971,-0.1122,-1.4884,-9.45,114.03,-24.36
1.075956,-2.4093,-0.1078,-1.4933,-10.99,113.54,-25.48
1.076553,-2.4171,-0.1010,-1.4982,-9.59,114.31,-25.20
1.077150,-2.4263,-0.0981,-1.4996,-11.48,113.61,-26.81
1.078125,-2.4400,-0.0996,-1.5045,-10.08,114.73,-26.53
1.078722,-2.4546,-0.0986,-1.5133,-11.90,113.89,-28.07
1.079319,-2.4698,-0.0913,-1.5201,-10.43,114.94,-27.72
1.079916,-2.4790,-0.0834,-1.5265,-12.04,114.59,-29.40
1.080513,-2.4942,-0.0825,-1.5323,-11.48,115.92,-28.77
1.081109,-2.5137,-0.0752,-1.5357,-12.25,114.94,-31.15
1.081706,-2.5283,-0.0659,-1.5367,-12.60,116.55,-30.24
1.082303,-2.5376,-0.0625,-1.5406,-12.88,115.36,-32.76
1.082900,-2.5488,-0.0649,-1.5435,-13.51,117.32,-31.85
1.083497,-2.5596,-0.0669,-1.5406,-13.30,116.34,-34.65
1.084094,-2.5757,-0.0615,-1.5528,-14.77,118.51,-33.25
1.084691,-2.6088,-0.0586,-1.5553,-15.33,118.93,-35.35
1.085288,-2.6259,-0.0590,-1.5582,-15.40,118.58,-38.71
1.085884,-2.6440,-0.0620,-1.5567,-15.89,120.12,-38.01
1.086481,-2.6591,-0.0654,-1.5572,-16.52,120.12,-41.02
1.087078,-2.6752,-0.0654,-1.5636,-16.66,121.03,-40.53
1.087675,-2.6918,-0.0688,-1.5709,-17.71,122.08,-43.96
1.088272,-2.7074,-0.0712,-1.5709,-17.43,122.57,-43.68
1.088869,-2.7260,-0.0698,-1.5665,-19.11,124.04,-47.04
1.089844,-2.7465,-0.0703,-1.5728,-18.20,123.90,-47.11
1.090441,-2.7601,-0.0722,-1.5840,-20.44,125.51,-50.05
1.091038,-2.7767,-0.0742,-1.5894,-19.18,125.79,-50.82
1.091635,-2.7967,-0.0766,-1.5938,-21.56,127.68,-53.69
1.092232,-2.8177,-0.0825,-1.5967,-20.37,127.68,-54.67
1.092828,-2.8436,-0.0864,-1.6045,-22.61,129.29,-57.75
1.093425,-2.8641,-0.0883,-1.6153,-21.63,129.71,-59.08
1.094022,-2.8841,-0.0927,-1.6260,-23.38,131.11,-61.95
1.094619,-2.9085,-0.0971,-1.6363,-22.96,132.09,-63.63
1.095216,-2.9334,-0.0991,-1.6392,-24.01,133.35,-66.43
1.095813,-2.9592,-0.1020,-1.6426,-24.43,133.77,-67.90
1.096410,-2.9875,-0.1025,-1.6577,-24.92,135.38,-71.54
1.097007,-3.0193,-0.1049,-1.6577,-25.41,136.22,-73.22
1.097603,-3.0529,-0.1098,-1.6665,-26.11,138.25,-75.32
1.098200,-3.0881,-0.1113,-1.6782,-26.60,138.53,-78.33
1.098797,-3.1237,-0.1161,-1.6831,-26.74,140.42,-80.36
1.099394,-3.1598,-0.1181,-1.6860,-27.72,140.98,-83.65
1.099991,-3.1944,-0.1181,-1.6865,-27.93,142.80,-85.33
1.100588,-3.2335,-0.1200,-1.6934,-28.91,143.22,-88.83
1.100588,-3.2745,-0.1210,-1.7065,-28.91,145.25,-90.30
1.101183,-3.3116,-0.1205,-1.7065,-30.24,145.88,-93.87
1.101780,-3.3506,-0.1166,-1.7051,-29.54,147.42,-95.90
1.102377,-3.3887,-0.1196,-1.7056,-31.22,148.26,-99.26
1.102974,-3.4243,-0.1225,-1.7100,-30.59,149.94,-100.80
1.103570,-3.4594,-0.1240,-1.7129,-32.41,150.64,-104.37
1.104167,-3.4980,-0.1244,-1.7153,-31.36,152.39,-105.70
1.104764,-3.5351,-0.1220,-1.7163,-33.53,153.16,-109.62
1.105361,-3.5707,-0.1230,-1.7134,-32.76,155.33,-111.02
1.105958,-3.6107,-0.1205,-1.7124,-34.23,155.68,-114.87
1.106555,-3.6434,-0.1215,-1.7134,-34.16,157.36,-115.99
1.107152,-3.6785,-0.1279,-1.7114,-35.14,158.41,-119.42
1.107749,-3.7156,-0.1327,-1.7104,-34.86,160.51,-121.03
1.108345,-3.7459,-0.1347,-1.7124,-35.91,160.65,-125.23
1.108942,-3.7752,-0.1352,-1.7114,-36.54,163.17,-125.58
1.109539,-3.8084,-0.1391,-1.7090,-36.47,163.03,-130.27
1.110136,-3.8420,-0.1444,-1.7090,-37.45,165.83,-130.34
1.110733,-3.8762,-0.1508,-1.7041,-37.52,165.97,-134.96
1.111330,-3.9103,-0.1566,-1.6982,-38.36,168.56,-135.10
1.111330,-3.9440,-0.1630,-1.6982,-38.50,169.54,-140.49
1.111925,-3.9757,-0.1698,-1.6943,-39.41,171.43,-139.86
1.112522,-4.0040,-0.1747,-1.6875,-39.27,172.76,-145.81
1.113119,-4.0328,-0.1776,-1.6812,-40.04,174.30,-144.41
1.113716,-4.0631,-0.1786,-1.6724,-40.39,176.12,-150.57
1.114312,-4.0948,-0.1825,-1.6660,-40.74,177.17,-149.45
1.114909,-4.1260,-0.1869,-1.6655,-41.44,179.34,-154.91
1.115506,-4.1587,-0.1903,-1.6607,-41.23,180.39,-153.58
1.116103,-4.1914,-0.1928,-1.6519,-42.21,182.56,-159.81
1.116700,-4.2251,-0.1908,-1.6436,-42.21,183.89,-158.48
1.117297,-4.2573,-0.1845,-1.6328,-43.12,186.06,-164.78
1.117894,-4.2910,-0.1757,-1.6182,-42.63,187.25,-163.87
1.118491,-4.3539,-0.1659,-1.6060,-43.68,190.61,-169.26
1.119087,-4.3832,-0.1606,-1.5923,-45.22,194.04,-173.74
1.119684,-4.4125,-0.1557,-1.5797,-44.80,194.74,-174.30
1.120281,-4.4393,-0.1498,-1.5709,-46.20,198.45,-178.22
1.120878,-4.4652,-0.1435,-1.5626,-45.85,198.87,-179.55
1.121475,-4.4896,-0.1318,-1.5533,-47.11,202.37,-183.19
1.122072,-4.5179,-0.1244,-1.5401,-46.97,203.00,-184.66
1.123047,-4.5428,-0.1191,-1.5274,-48.44,206.64,-187.74
1.123644,-4.5608,-0.1074,-1.5177,-48.23,207.55,-189.98
1.124241,-4.5882,-0.1010,-1.5065,-49.84,210.91,-192.85
1.124838,-4.6199,-0.0913,-1.4938,-49.42,211.89,-195.02
1.125435,-4.6443,-0.0756,-1.4821,-51.10,215.81,-197.89
1.126031,-4.6667,-0.0649,-1.4757,-51.17,217.14,-200.41
1.126628,-4.6941,-0.0556,-1.4640,-52.50,220.36,-202.51
1.127225,-4.7224,-0.0434,-1.4494,-53.06,222.11,-206.08
1.127822,-4.7468,-0.0298,-1.4367,-53.69,225.19,-207.90
1.128419,-4.7678,-0.0185,-1.4220,-54.95,227.15,-210.98
1.129016,-4.7868,-0.0059,-1.4089,-55.30,229.95,-212.87
1.129613,-4.8058,0.0083,-1.3766,-56.77,232.89,-216.65
1.130210,-4.8410,0.0381,-1.3654,-58.80,238.42,-222.25
1.130806,-4.8546,0.0566,-1.3513,-59.08,241.22,-222.46
1.131403,-4.8698,0.0737,-1.3371,-61.04,244.72,-227.50
1.132000,-4.8854,0.0869,-1.3215,-61.32,247.17,-227.43
1.132597,-4.8951,0.1015,-1.3074,-63.49,250.46,-232.68
1.133194,-4.9010,0.1186,-1.2961,-63.63,253.26,-232.54
1.133791,-4.9078,0.1376,-1.2825,-65.87,256.41,-238.00
1.134766,-4.9103,0.1571,-1.2683,-66.22,259.63,-237.44
1.135363,-4.9117,0.1752,-1.2532,-68.74,263.27,-243.11
1.135960,-4.9112,0.1942,-1.2415,-68.95,266.21,-242.48
1.136557,-4.9064,0.2133,-1.2288,-71.61,270.27,-247.73
1.137154,-4.9054,0.2318,-1.2166,-71.47,273.07,-247.80
1.137750,-4.9073,0.2435,-1.2039,-75.25,277.83,-252.07
1.138347,-4.9088,0.2523,-1.1868,-74.83,280.84,-252.21
1.138944,-4.9044,0.2684,-1.1732,-77.77,284.69,-256.90
1.139541,-4.9024,0.2874,-1.1370,-78.12,288.54,-256.34
1.140138,-4.8990,0.3274,-1.1200,-81.76,296.52,-261.66
1.140735,-4.8927,0.3436,-1.1078,-84.56,300.37,-264.46
1.141332,-4.8859,0.3587,-1.0882,-85.40,304.78,-265.58
1.141929,-4.8795,0.3719,-1.0702,-88.27,308.84,-267.61
1.142525,-4.8780,0.3836,-1.0575,-89.39,313.67,-269.71
1.143122,-4.8746,0.3992,-1.0443,-91.56,317.31,-270.97
1.143719,-4.8644,0.4148,-1.0277,-93.80,322.28,-273.07
1.144316,-4.8532,0.4299,-1.0043,-95.13,326.20,-273.42
1.144913,-4.8497,0.4475,-0.9814,-97.72,331.45,-276.01
1.145510,-4.8410,0.4592,-0.9638,-99.12,335.23,-275.87
1.146485,-4.8307,0.4695,-0.9306,-102.27,340.69,-278.11
1.147082,-4.8249,0.4802,-0.9306,-103.25,344.89,-277.62
1.147679,-4.8224,0.4875,-0.9165,-106.47,350.14,-280.00
1.148276,-4.8200,0.4929,-0.8950,-107.66,354.62,-278.67
1.148873,-4.8156,0.5007,-0.8755,-110.60,359.80,-281.05
1.149469,-4.8224,0.5124,-0.8613,-112.00,364.63,-279.86
1.150066,-4.8283,0.5256,-0.8428,-114.38,369.46,-281.96
1.150663,-4.8341,0.5324,-0.8067,-116.34,374.57,-280.56
1.151260,-4.8473,0.5407,-0.7930,-118.51,378.77,-281.47
1.151857,-4.8649,0.5563,-0.7691,-122.57,388.71,-281.61
1.152454,-4.8688,0.5656,-0.7471,-125.51,394.45,-279.86
1.153051,-4.8771,0.5778,-0.7296,-126.98,399.28,-281.47
1.153648,-4.8932,0.5890,-0.7105,-129.85,404.95,-278.74
1.154244,-4.9005,0.5978,-0.6944,-131.39,409.08,-280.70
1.154841,-4.9073,0.6085,-0.6822,-134.05,414.05,-277.55
1.155438,-4.9132,0.6227,-0.6632,-135.38,419.16,-279.58
1.156035,-4.9156,0.6359,-0.6427,-138.25,423.85,-275.94
1.156632,-4.9244,0.6466,-0.6256,-140.14,429.38,-278.53
1.157229,-4.9327,0.6559,-0.6085,-142.52,433.79,-274.26
1.158203,-4.9361,0.6651,-0.5929,-144.55,439.39,-276.64
1.158800,-4.9381,0.6730,-0.5754,-146.37,443.17,-272.51
1.159397,-4.9425,0.6827,-0.5539,-149.24,449.54,-274.89
1.159994,-4.9483,0.6978,-0.5363,-150.78,453.11,-270.20
1.160591,-4.9503,0.7125,-0.5192,-153.44,458.92,-273.14
1.161187,-4.9556,0.7271,-0.5041,-155.05,463.05,-267.82
1.161784,-4.9591,0.7374,-0.4880,-157.92,469.00,-270.69
1.162381,-4.9552,0.7457,-0.4665,-159.32,472.85,-265.79
1.162978,-4.9581,0.7554,-0.4529,-162.26,478.52,-268.24
1.163575,-4.9634,0.7715,-0.4382,-163.38,482.72,-263.76
1.164172,-4.9698,0.7818,-0.4221,-166.25,488.46,-266.00
1.164769,-4.9766,0.7862,-0.4099,-167.58,492.31,-262.08
1.165366,-4.9791,0.7950,-0.3894,-170.38,497.70,-263.27
1.165962,-4.9781,0.8047,-0.3709,-171.99,501.69,-259.63
1.166559,-4.9805,0.8115,-0.3572,-174.37,506.80,-260.47
1.167156,-4.9859,0.8189,-0.3396,-176.12,511.42,-257.18
1.167753,-4.9918,0.8257,-0.3211,-177.80,515.90,-257.81
1.168350,-4.9971,0.8296,-0.3001,-180.18,520.87,-255.01
1.168947,-4.9986,0.8355,-0.2835,-181.44,525.21,-254.80
1.168947,-5.0059,0.8467,-0.2674,-184.03,529.76,-252.49
1.169543,-5.0142,0.8535,-0.2474,-185.29,534.03,-251.65
1.170140,-5.0225,0.8555,-0.2328,-187.46,538.86,-249.97
1.170737,-5.0269,0.8657,-0.2167,-188.93,542.85,-248.57
1.171334,-5.0293,0.8745,-0.1962,-190.89,547.54,-247.31
1.171930,-5.0401,0.8799,-0.1781,-192.50,551.60,-245.49
1.172527,-5.0454,0.8862,-0.1601,-194.32,556.15,-245.07
1.173124,-5.0474,0.8901,-0.1371,-196.21,559.93,-242.06
1.173721,-5.0528,0.8984,-0.1181,-197.54,564.83,-241.99
1.174318,-5.0601,0.9087,-0.1000,-199.57,567.98,-239.40
1.174915,-5.0689,0.9145,-0.0859,-200.97,572.88,-238.91
1.175512,-5.0747,0.9174,-0.0712,-202.65,576.45,-236.32
1.176109,-5.0791,0.9218,-0.0561,-203.70,580.79,-236.39
1.176705,-5.0845,0.9252,-0.0405,-205.94,584.57,-232.33
1.177302,-5.0854,0.9257,-0.0181,-206.43,588.07,-233.45
1.177899,-5.0913,0.9301,0.0010,-208.81,591.92,-229.04
1.178496,-5.0996,0.9326,0.0156,-209.30,595.56,-230.02
1.179093,-5.1055,0.9350,0.0332,-211.12,599.13,-225.54
1.179690,-5.1142,0.9428,0.0498,-212.24,602.91,-227.15
1.180664,-5.1225,0.9477,0.0669,-213.64,606.55,-222.32
1.181261,-5.1245,0.9472,0.0878,-214.90,609.77,-223.72
1.181858,-5.1220,0.9453,0.1035,-215.53,613.55,-219.73
1.182455,-5.1245,0.9448,0.1132,-217.56,617.05,-220.71
1.183052,-5.1289,0.9453,0.1269,-217.28,619.78,-216.16
1.183648,-5.1299,0.9487,0.1484,-219.52,624.05,-217.49
1.184245,-5.1328,0.9540,0.1688,-218.82,626.01,-213.50
1.184842,-5.1382,0.9618,0.2020,-221.76,630.42,-214.41
1.185439,-5.1377,0.9711,0.2206,-222.88,636.30,-212.10
1.186036,-5.1406,0.9736,0.2377,-222.88,639.03,-207.06
1.186633,-5.1445,0.9750,0.2572,-224.63,642.53,-208.95
1.187230,-5.1460,0.9770,0.2767,-224.28,644.63,-204.89
1.187827,-5.1479,0.9789,0.2962,-225.96,648.48,-206.36
1.188423,-5.1479,0.9833,0.3187,-225.75,650.72,-202.30
1.189020,-5.1430,0.9897,0.3348,-226.52,654.01,-203.84
1.189617,-5.1406,0.9892,0.3528,-227.01,655.90,-199.92
1.190214,-5.1425,0.9882,0.3758,-227.29,659.61,-201.11
1.190811,-5.1464,0.9887,0.3992,-228.41,661.36,-197.19
1.191408,-5.1494,0.9872,0.4148,-228.13,664.86,-199.15
1.192383,-5.1445,0.9882,0.4363,-228.69,666.40,-195.58
1.192980,-5.1425,0.9921,0.4626,-228.41,669.90,-196.28
1.193577,-5.1425,0.9902,0.4856,-229.25,671.86,-194.04
1.194174,-5.1406,0.9892,0.5056,-229.32,675.01,-194.25
1.194771,-5.1411,0.9892,0.5212,-229.04,676.13,-192.01
1.195367,-5.1411,0.9853,0.5388,-229.67,679.63,-192.01
1.195964,-5.1396,0.9809,0.5592,-229.46,680.54,-190.19
1.196561,-5.1396,0.9745,0.5812,-229.60,683.62,-190.12
1.197158,-5.1460,0.9682,0.6032,-229.18,685.09,-188.30
1.197755,-5.1494,0.9648,0.6251,-229.39,688.24,-188.65
1.198352,-5.1474,0.9643,0.6461,-228.97,689.78,-186.27
1.198949,-5.1489,0.9609,0.6612,-228.69,692.44,-186.62
1.199546,-5.1518,0.9545,0.6788,-228.34,693.63,-185.15
1.200143,-5.1518,0.9521,0.6983,-227.99,696.01,-184.59
1.200739,-5.1513,0.9555,0.7183,-227.78,697.55,-183.19
1.201336,-5.1469,0.9555,0.7403,-226.94,699.65,-182.91
1.201933,-5.1391,0.9487,0.7588,-226.52,701.19,-181.72
1.202530,-5.1377,0.9423,0.7793,-226.38,703.29,-180.88
1.203127,-5.1313,0.9409,0.7993,-225.61,704.62,-179.90
1.203127,-5.1220,0.9394,0.8203,-225.19,706.44,-179.55
1.203722,-5.1191,0.9384,0.8394,-223.86,707.49,-178.36
1.204319,-5.1152,0.9414,0.8560,-223.72,710.22,-177.31
1.204916,-5.1103,0.9428,0.8779,-222.39,710.85,-176.54
1.205513,-5.1006,0.9409,0.9004,-222.32,713.44,-175.77
1.206109,-5.0923,0.9365,0.9233,-220.36,713.72,-174.72
1.206706,-5.0820,0.9321,0.9496,-220.50,716.24,-174.02
1.207303,-5.0703,0.9292,0.9701,-219.03,716.87,-172.76
1.207900,-5.0615,0.9306,1.1117,-218.40,718.62,-172.20
1.208497,-5.0508,0.9374,1.0087,-217.21,719.39,-170.87
1.209094,-5.0401,0.9379,1.0331,-216.09,721.35,-170.73
1.209691,-5.0269,0.9370,1.0560,-215.39,722.82,-169.40
1.210288,-5.0103,0.9389,1.0765,-213.99,723.45,-169.05
1.210884,-4.9971,0.9414,1.0990,-212.52,725.62,-168.00
1.211481,-4.9815,0.9487,1.1219,-212.10,726.39,-167.02
1.212078,-4.9664,0.9526,1.1429,-210.21,728.00,-166.25
1.212675,-4.9537,0.9545,1.1653,-209.65,728.77,-165.34
1.213272,-4.9347,0.9550,1.1868,-207.55,730.80,-164.85
1.213869,-4.9156,0.9609,1.2063,-207.48,731.08,-163.59
1.213869,-4.8942,0.9682,1.2244,-205.03,733.18,-163.31
1.214464,-4.8751,0.9692,1.2415,-204.82,733.18,-161.77
1.215061,-4.8619,0.9731,1.2615,-202.16,735.56,-162.40
1.215658,-4.8454,0.9814,1.2805,-202.16,735.42,-160.23
1.216255,-4.8234,0.9926,1.2937,-199.92,737.94,-160.58
1.216851,-4.7990,1.0024,1.3122,-199.57,737.52,-158.06
1.217448,-4.7804,1.0067,1.3337,-197.12,740.04,-158.83
1.218045,-4.7595,1.0087,1.3605,-196.77,740.11,-156.80
1.218642,-4.7234,1.0204,1.3757,-193.62,742.07,-155.40
1.219239,-4.7048,1.0272,1.3879,-192.01,743.89,-155.61
1.219836,-4.6882,1.0336,1.4025,-190.68,744.10,-153.93
1.220433,-4.6755,1.0375,1.4220,-189.28,746.06,-153.58
1.221030,-4.6570,1.0463,1.4323,-187.88,745.64,-152.18
1.221626,-4.6321,1.0512,1.4459,-186.13,747.88,-152.32
1.222223,-4.6145,1.0531,1.4601,-185.15,747.60,-150.50
1.222820,-4.5970,1.0629,1.4713,-182.91,749.56,-150.71
1.223417,-4.5804,1.0702,1.4889,-182.42,749.49,-149.17
1.224014,-4.5594,1.0765,1.5016,-179.76,751.10,-148.89
1.224611,-4.5399,1.0863,1.5148,-179.34,750.89,-147.07
1.225586,-4.5228,1.0936,1.5289,-176.96,752.64,-146.86
1.226183,-4.5062,1.0990,1.5392,-176.40,751.87,-144.55
1.226780,-4.4896,1.1082,1.5533,-173.88,753.90,-145.60
1.227377,-4.4706,1.1180,1.5709,-173.46,753.69,-142.52
1.227974,-4.4564,1.1253,1.5840,-170.80,755.02,-143.57
1.228570,-4.4359,1.1390,1.5953,-170.45,754.67,-140.63
1.229167,-4.4120,1.1536,1.6084,-167.93,756.07,-141.82
1.229764,-4.3925,1.1644,1.6250,-167.44,756.21,-138.46
1.230361,-4.3710,1.1727,1.6470,-164.99,756.70,-140.14
1.230958,-4.3447,1.1775,1.6577,-164.15,757.33,-136.64
1.231555,-4.3232,1.1849,1.6660,-162.12,757.47,-137.62
1.232152,-4.3061,1.1946,1.6826,-160.79,758.52,-134.89
1.232749,-4.2822,1.2024,1.6992,-159.53,758.38,-135.59
1.233345,-4.2602,1.2078,1.7134,-157.85,759.36,-132.65
1.233942,-4.2427,1.2127,1.7217,-156.38,758.94,-133.70
1.234539,-4.2236,1.2185,1.7290,-154.70,759.99,-130.13
1.235136,-4.2012,1.2244,1.7383,-153.65,759.43,-131.53
1.235733,-4.1802,1.2302,1.7509,-151.27,760.20,-128.45
1.236330,-4.1656,1.2371,1.7627,-150.92,760.48,-129.57
1.237305,-4.1504,1.2424,1.7734,-147.84,760.55,-126.84
1.237902,-4.1358,1.2478,1.7788,-147.77,760.34,-127.26
1.238499,-4.1173,1.2527,1.7812,-144.62,760.97,-124.67
1.239096,-4.0987,1.2546,1.7895,-145.04,760.69,-125.16
1.239693,-4.0802,1.2507,1.7910,-141.26,760.55,-122.92
1.240289,-4.0611,1.2488,1.7949,-142.03,760.41,-122.36
1.240886,-4.0480,1.2478,1.8061,-138.04,760.55,-121.17
1.241483,-4.0192,1.2566,1.8129,-138.67,759.85,-120.40
1.242080,-4.0060,1.2629,1.8183,-135.03,759.85,-119.14
1.242677,-3.9879,1.2649,1.8251,-132.02,758.38,-116.48
1.243274,-3.9694,1.2664,1.8310,-131.39,759.43,-116.83
1.243871,-3.9572,1.2620,1.8339,-129.43,758.24,-113.96
1.244468,-3.9435,1.2605,1.8378,-127.61,758.24,-115.15
1.245064,-3.9294,1.2620,1.8388,-126.21,757.61,-111.93
1.245661,-3.9147,1.2605,1.8427,-124.32,757.05,-112.77
1.246258,-3.8991,1.2595,1.8481,-122.92,756.42,-109.97
1.246855,-3.8869,1.2595,1.8554,-120.61,755.93,-110.74
1.247452,-3.8742,1.2610,1.8607,-119.49,754.95,-107.87
1.248049,-3.8606,1.2620,1.8617,-117.25,754.67,-108.85
1.248049,-3.8479,1.2625,1.8646,-115.29,753.13,-105.98
1.248644,-3.8303,1.2595,1.8705,-113.82,752.43,-106.89
1.249241,-3.8137,1.2576,1.8778,-111.86,751.80,-104.30
1.249838,-3.8001,1.2561,1.8856,-110.39,750.75,-104.37
1.250435,-3.7815,1.2586,1.8934,-107.94,749.56,-102.97
1.251031,-3.7659,1.2590,1.9003,-107.03,748.93,-102.34
1.251628,-3.7498,1.2532,1.9027,-104.16,747.39,-101.29
1.252225,-3.7337,1.2493,1.9061,-103.67,746.76,-99.61
1.252822,-3.7171,1.2473,1.9213,-99.96,744.66,-99.89
1.253419,-3.7010,1.2449,1.9213,-99.75,744.87,-98.00
1.254016,-3.6854,1.2415,1.9193,-96.18,742.56,-97.79
1.254613,-3.6702,1.2351,1.9222,-95.90,742.49,-95.62
1.255210,-3.6571,1.2322,1.9261,-92.40,739.27,-95.90
1.255806,-3.6415,1.2288,1.9305,-92.40,740.32,-93.94
1.256403,-3.6268,1.2220,1.9354,-88.62,736.68,-94.08
1.257000,-3.6151,1.2166,1.9408,-88.27,737.52,-91.91
1.257597,-3.6029,1.2083,1.9403,-84.84,733.11,-92.54
1.258194,-3.5848,1.2024,1.9393,-84.21,734.37,-90.09
1.258791,-3.5663,1.2000,1.9388,-80.64,730.17,-90.72
1.259766,-3.5546,1.1936,1.9403,-80.22,730.59,-87.78
1.260363,-3.5419,1.1858,1.9447,-77.21,726.95,-89.39
1.260960,-3.5263,1.1810,1.9427,-75.81,727.44,-86.03
1.261557,-3.5107,1.1712,1.9408,-73.08,723.66,-88.48
1.262154,-3.4951,1.1649,1.9427,-71.26,723.59,-84.35
1.262750,-3.4775,1.1663,1.9413,-69.16,720.44,-86.66
1.263347,-3.4614,1.1619,1.9418,-66.64,720.02,-83.23
1.263944,-3.4467,1.1527,1.9442,-65.80,717.08,-85.12
1.264541,-3.4306,1.1458,1.9422,-62.16,715.61,-81.41
1.265138,-3.4145,1.1409,1.9398,-61.25,713.44,-84.98
1.265735,-3.3955,1.1336,1.9422,-57.96,712.18,-80.08
1.266332,-3.3770,1.1297,1.9466,-57.05,709.66,-84.14
1.266929,-3.3609,1.1297,1.9442,-53.34,707.98,-79.45
1.267525,-3.3452,1.1278,1.9447,-53.06,705.88,-82.95
1.268122,-3.3326,1.1239,1.9525,-48.93,703.78,-78.54
1.268719,-3.3169,1.1170,1.9535,-48.72,701.54,-82.53
1.269316,-3.3033,1.1092,1.9544,-44.73,699.65,-77.91
1.269913,-3.2886,1.1034,1.9622,-44.17,697.69,-81.90
1.270510,-3.2720,1.0965,1.9652,-40.67,695.73,-78.19
1.270510,-3.2608,1.0902,1.9686,-39.76,693.14,-81.48
1.271105,-3.2491,1.0897,1.9735,-36.61,691.04,-78.05
1.271702,-3.2374,1.0878,1.9754,-35.56,688.87,-81.69
1.272299,-3.2237,1.0882,1.9798,-32.48,687.05,-78.47
1.272896,-3.2115,1.0878,1.9871,-30.80,684.04,-82.39
1.273492,-3.1993,1.0829,1.9930,-28.91,682.22,-78.61
1.274089,-3.1891,1.0795,1.9969,-26.53,679.98,-82.95
1.274686,-3.1705,1.0702,2.0086,-25.06,677.74,-79.03
1.275283,-3.1637,1.0707,2.0120,-20.79,672.56,-80.50
1.275880,-3.1603,1.0716,2.0189,-18.62,670.39,-83.93
1.276477,-3.1564,1.0751,2.0247,-16.38,668.22,-82.18
1.277074,-3.1437,1.0741,2.0315,-15.12,665.42,-84.28
1.277671,-3.1310,1.0712,2.0374,-12.04,662.83,-84.28
1.278267,-3.1266,1.0692,2.0428,-11.27,660.87,-85.40
1.278864,-3.1232,1.0673,2.0462,-7.98,657.51,-86.17
1.279461,-3.1149,1.0697,2.0476,-7.63,655.69,-86.87
1.280058,-3.1037,1.0707,2.0540,-4.34,652.40,-88.06
1.280655,-3.0929,1.0702,2.0594,-3.85,650.02,-88.48
1.281252,-3.0851,1.0726,2.0598,-1.19,647.22,-90.16
1.282227,-3.0768,1.0756,2.0628,-0.35,644.49,-90.23
1.282824,-3.0617,1.0741,2.0672,2.45,641.83,-92.61
1.283421,-3.0480,1.0702,2.0720,3.01,639.10,-92.75
1.284018,-3.0383,1.0692,2.0760,5.67,636.44,-94.71
1.284615,-3.0256,1.0668,2.0784,6.65,633.50,-94.71
1.285211,-3.0085,1.0658,2.0794,8.54,631.05,-97.72
1.285808,-2.9958,1.0692,2.0803,9.94,627.90,-96.60
1.286405,-2.9856,1.0712,2.0862,11.55,624.96,-100.31
1.287002,-2.9700,1.0707,2.0911,13.09,622.30,-99.05
1.287599,-2.9519,1.0702,2.0921,14.42,619.57,-103.39
1.288196,-2.9324,1.0697,2.0964,16.38,616.98,-101.64
1.288793,-2.9168,1.0712,2.1018,16.87,613.83,-106.33
1.289390,-2.9007,1.0731,2.1067,19.25,611.52,-104.09
1.289986,-2.8875,1.0731,2.1145,19.74,607.74,-109.06
1.290583,-2.8738,1.0721,2.1223,21.77,606.48,-107.10
1.291180,-2.8572,1.0731,2.1243,22.40,601.79,-111.93
1.291777,-2.8406,1.0756,2.1282,24.01,600.95,-109.90
1.292374,-2.8236,1.0780,2.1409,24.71,596.54,-114.73
1.292971,-2.8084,1.0878,2.1535,26.25,595.07,-112.77
1.292971,-2.7909,1.0975,2.1594,27.02,590.66,-117.11
1.293566,-2.7762,1.1048,2.1672,28.21,589.33,-116.34
1.294163,-2.7567,1.1126,2.1809,29.12,585.27,-120.26
1.294760,-2.7391,1.1209,2.1945,30.45,583.87,-118.93
1.295357,-2.7216,1.1317,2.2067,30.94,579.46,-123.06
1.295953,-2.6986,1.1429,2.2184,31.99,578.62,-122.57
1.296550,-2.6781,1.1556,2.2331,32.90,573.93,-126.00
1.297147,-2.6591,1.1673,2.2477,33.46,572.95,-125.86
1.297744,-2.6401,1.1795,2.2624,34.02,568.47,-128.80
1.298341,-2.6186,1.1951,2.2716,34.79,567.35,-129.57
1.298938,-2.5986,1.2083,2.2819,35.35,563.78,-131.67
1.299535,-2.5801,1.2210,2.2999,35.70,561.68,-133.00
1.300132,-2.5605,1.2312,2.3165,36.33,558.18,-134.82
1.300728,-2.5386,1.2400,2.3312,36.61,555.94,-136.36
1.301325,-2.5186,1.2546,2.3444,37.10,553.14,-137.97
1.301922,-2.5005,1.2649,2.3546,37.38,550.97,-139.58
1.302519,-2.4771,1.2732,2.3653,38.01,547.68,-140.70
1.303116,-2.4590,1.2864,2.3746,37.80,545.37,-142.66
1.303713,-2.4390,1.3010,2.3839,37.94,542.71,-143.22
1.304688,-2.4141,1.3152,2.3975,37.73,539.56,-144.90
1.305285,-2.3912,1.3283,2.4078,38.71,537.39,-146.23
1.305882,-2.3644,1.3391,2.4180,37.94,534.59,-148.12
1.306479,-2.3414,1.3449,2.4273,38.29,532.00,-148.47
1.307076,-2.3219,1.3493,2.4376,37.73,528.92,-150.57
1.307672,-2.2980,1.3581,2.4459,38.08,527.38,-150.99
1.308269,-2.2736,1.3644,2.4507,37.87,524.23,-152.60
1.308866,-2.2482,1.3723,2.4595,37.52,522.13,-153.09
1.309463,-2.2272,1.3859,2.4664,37.66,518.56,-154.49
1.310060,-2.2038,1.3918,2.4766,37.24,517.23,-154.63
1.310657,-2.1770,1.3942,2.4859,37.17,513.66,-156.10
1.311254,-2.1550,1.4006,2.4878,36.75,511.98,-155.89
1.311851,-2.1287,1.4064,2.4951,36.05,509.39,-157.36
1.312447,-2.0750,1.4137,2.5010,35.70,504.42,-158.41
1.313044,-2.0506,1.4186,2.5103,35.21,501.62,-157.15
1.313641,-2.0232,1.4259,2.5205,34.65,499.73,-158.76
1.314238,-1.9969,1.4323,2.5278,34.30,496.37,-157.29
1.314835,-1.9671,1.4376,2.5366,34.09,494.55,-159.32
1.315432,-1.9383,1.4406,2.5459,33.04,491.82,-157.08
1.315432,-1.9125,1.4396,2.5527,33.39,489.58,-159.39
1.316027,-1.8832,1.4411,2.5615,32.20,487.27,-156.59
1.316624,-1.8554,1.4445,2.5742,31.99,484.89,-158.97
1.317221,-1.8232,1.4513,2.5864,31.22,482.65,-156.10
1.317818,-1.7934,1.4547,2.6010,31.29,480.48,-157.64
1.318414,-1.7675,1.4586,2.6157,30.10,478.45,-154.70
1.319011,-1.7392,1.4640,2.6225,30.38,475.51,-156.45
1.319608,-1.7085,1.4650,2.6352,28.77,473.83,-153.51
1.320205,-1.6782,1.4684,2.6533,28.98,471.03,-154.84
1.320802,-1.6529,1.4689,2.6659,27.58,469.63,-151.90
1.321399,-1.6241,1.4703,2.6786,27.79,467.18,-152.67
1.321996,-1.5948,1.4747,2.6952,26.74,465.43,-149.87
1.322593,-1.5665,1.4786,2.7143,26.46,462.63,-150.85
1.323189,-1.5392,1.4767,2.7318,25.48,461.30,-147.70
1.323786,-1.5089,1.4811,2.7479,25.20,458.43,-148.68
1.324383,-1.4762,1.4913,2.7626,24.99,457.10,-145.39
1.324980,-1.4459,1.4913,2.7728,23.59,454.72,-146.23
1.325577,-1.4162,1.4889,2.7870,23.87,453.04,-142.80
1.326174,-1.3864,1.4913,2.8050,22.26,450.59,-143.08
1.327149,-1.3576,1.4918,2.8187,22.68,449.12,-140.28
1.327746,-1.3303,1.4889,2.8289,21.28,446.25,-140.28
1.328343,-1.3030,1.4860,2.8387,21.70,445.27,-137.41
1.328940,-1.2732,1.4835,2.8480,20.02,442.82,-136.15
1.329537,-1.2449,1.4845,2.8568,20.30,441.63,-135.03
1.330133,-1.2185,1.4835,2.8690,19.18,439.11,-132.58
1.330730,-1.1922,1.4786,2.8816,19.32,437.78,-131.81
1.331327,-1.1688,1.4767,2.8894,17.99,435.40,-129.29
1.331924,-1.1473,1.4772,2.8968,17.78,433.58,-127.82
1.332521,-1.1263,1.4762,2.9036,17.71,432.04,-125.58
1.333118,-1.1048,1.4747,2.9119,17.01,429.80,-124.39
1.333715,-1.0843,1.4703,2.9202,16.87,428.12,-121.87
1.334312,-1.0638,1.4684,2.9241,16.17,426.02,-120.54
1.334908,-1.0468,1.4645,2.9290,15.96,424.69,-117.74
1.335505,-1.0321,1.4601,2.9339,14.98,422.52,-116.20
1.336102,-1.0155,1.4577,2.9368,14.91,421.12,-113.61
1.336699,-0.9945,1.4538,2.9397,14.63,418.46,-112.49
1.337296,-0.9765,1.4489,2.9407,14.28,417.13,-109.13
1.337893,-0.9628,1.4469,2.9422,13.93,414.61,-108.57
1.337893,-0.9477,1.4479,2.9446,13.86,413.21,-104.58
1.338488,-0.9311,1.4459,2.9495,12.74,410.97,-104.58
1.339085,-0.9130,1.4411,2.9539,13.72,409.15,-100.66
1.339682,-0.8979,1.4347,2.9548,12.18,407.19,-99.82
1.340279,-0.8828,1.4269,2.9563,12.95,405.30,-95.55
1.340875,-0.8691,1.4196,2.9578,11.83,403.41,-95.13
1.341472,-0.8550,1.4128,2.9583,13.23,400.89,-91.42
1.342069,-0.8223,1.3976,2.9631,11.06,399.14,-90.44
1.342666,-0.8096,1.3923,2.9622,11.06,395.22,-85.96
1.343263,-0.7984,1.3849,2.9646,12.88,392.28,-81.76
1.343860,-0.7842,1.3762,2.9695,10.64,391.58,-81.48
1.344457,-0.7691,1.3684,2.9680,12.60,388.15,-77.28
1.345054,-0.7564,1.3635,2.9680,10.57,387.45,-76.09
1.345650,-0.7422,1.3557,2.9670,12.60,383.46,-72.24
1.346247,-0.7286,1.3449,2.9670,10.78,382.83,-70.98
1.346844,-0.7193,1.3322,2.9695,12.81,379.68,-67.83
1.347441,-0.7091,1.3215,2.9695,11.20,378.35,-65.73
1.348038,-0.6959,1.3142,2.9695,12.53,375.55,-63.21
1.348635,-0.6856,1.3039,2.9690,11.97,373.66,-60.76
1.349610,-0.6759,1.2927,2.9666,12.53,371.28,-58.66
1.350207,-0.6715,1.2854,2.9636,12.32,369.11,-55.09
1.350804,-0.6666,1.2737,2.9607,12.88,366.52,-54.11
1.351401,-0.6529,1.2620,2.9607,13.23,364.07,-50.12
1.351998,-0.6378,1.2527,2.9592,12.95,362.04,-48.72
1.352594,-0.6300,1.2434,2.9548,13.79,359.45,-45.08
1.353191,-0.6242,1.2371,2.9519,13.37,357.00,-43.82
1.353788,-0.6173,1.2317,2.9500,14.70,354.83,-40.60
1.354385,-0.6115,1.2283,2.9397,14.00,352.38,-39.48
1.354982,-0.6076,1.2185,2.9319,15.26,350.28,-35.56
1.355579,-0.5988,1.2034,2.9290,15.26,346.99,-34.51
1.356176,-0.5910,1.1932,2.9256,15.82,345.45,-31.64
1.356773,-0.5919,1.1897,2.9236,15.68,342.72,-29.54
1.357369,-0.5846,1.1829,2.9182,16.80,339.92,-27.09
1.357966,-0.5749,1.1707,2.9104,16.66,337.33,-25.48
1.358563,-0.5695,1.1649,2.9026,17.71,334.46,-22.82
1.359160,-0.5646,1.1590,2.8934,17.57,332.08,-21.14
1.359757,-0.5578,1.1502,2.8855,18.48,329.21,-19.74
1.360354,-0.5524,1.1409,2.8797,18.76,326.90,-17.01
1.360354,-0.5500,1.1351,2.8729,19.25,324.03,-16.10
1.360949,-0.5446,1.1287,2.8650,20.09,320.95,-13.58
1.361546,-0.5407,1.1229,2.8568,20.09,318.99,-12.95
1.362143,-0.5339,1.1209,2.8519,21.14,315.42,-10.01
1.362739,-0.5270,1.1131,2.8470,21.07,313.04,-9.87
1.363336,-0.5266,1.1053,2.8372,22.33,309.82,-7.42
1.363933,-0.5231,1.1039,2.8299,21.77,307.58,-6.86
1.364530,-0.5187,1.1009,2.8275,23.59,304.01,-4.83
1.365127,-0.5153,1.0960,2.8255,23.24,301.49,-4.41
1.365724,-0.5104,1.0926,2.8192,24.57,298.69,-3.01
1.366321,-0.5075,1.0868,2.8123,24.08,295.68,-1.75
1.366918,-0.5046,1.0785,2.8109,25.97,292.81,-1.26
1.367514,-0.5012,1.0751,2.8070,24.99,290.57,0.28
1.368111,-0.4997,1.0716,2.8016,26.81,286.44,0.14
1.368708,-0.4973,1.0634,2.7962,26.39,284.34,1.82
1.369305,-0.4904,1.0565,2.7894,27.58,280.28,1.82
1.369902,-0.4851,1.0526,2.7865,27.93,278.32,3.57
1.370499,-0.4797,1.0458,2.7889,28.28,274.26,2.73
1.371096,-0.4758,1.0448,2.7879,28.91,272.09,4.41
1.372071,-0.4699,1.0414,2.7811,29.47,268.10,3.01
1.372668,-0.4626,1.0287,2.7767,30.03,266.07,5.39
1.373265,-0.4534,1.0248,2.7718,30.38,262.01,3.50
1.373862,-0.4446,1.0248,2.7665,30.94,259.98,5.88
1.374459,-0.4412,1.0175,2.7616,31.43,255.92,3.50
1.375055,-0.4333,1.0150,2.7621,32.06,253.68,5.95
1.375652,-0.4255,1.0136,2.7592,32.20,249.62,4.13
1.376249,-0.4231,1.0053,2.7533,33.18,247.52,5.74
1.376846,-0.4197,0.9989,2.7460,32.83,243.04,4.20
1.377443,-0.4177,0.9970,2.7406,34.58,240.73,4.90
1.378040,-0.4143,0.9862,2.7367,35.00,234.36,5.04
1.378637,-0.4089,0.9784,2.7348,35.07,231.07,3.01
1.379234,-0.4046,0.9692,2.7308,35.77,227.99,4.06
1.379830,-0.4026,0.9623,2.7279,35.91,224.14,2.94
1.380427,-0.4011,0.9599,2.7235,36.75,221.48,2.80
1.381024,-0.3963,0.9550,2.7157,37.10,217.28,1.96
1.381621,-0.3850,0.9496,2.7133,37.66,215.18,1.19
1.382218,-0.3753,0.9457,2.7074,37.80,210.84,0.84
1.382815,-0.3728,0.9409,2.6991,38.22,208.32,0.56
1.383789,-0.3748,0.9374,2.6938,38.78,204.47,-0.28
1.384386,-0.3758,0.9370,2.6889,39.06,201.25,-0.63
1.384983,-0.3723,0.9379,2.6816,39.55,198.03,-2.24
1.385580,-0.3723,0.9389,2.6718,39.97,194.39,-1.82
1.386177,-0.3714,0.9409,2.6645,39.97,191.73,-4.27
1.386773,-0.3650,0.9379,2.6635,41.02,187.74,-3.50
1.387370,-0.3611,0.9335,2.6508,40.74,185.15,-6.30
1.387967,-0.3621,0.9248,2.6445,41.23,178.01,-8.26
1.388564,-0.3572,0.9267,2.6420,42.28,173.32,-7.14
1.389161,-0.3553,0.9296,2.6337,42.07,171.01,-10.29
1.389758,-0.3597,0.9331,2.6303,42.91,167.23,-9.10
1.390355,-0.3587,0.9301,2.6293,42.70,164.29,-12.53
1.390952,-0.3523,0.9282,2.6181,43.33,160.02,-10.92
1.391548,-0.3518,0.9277,2.6123,43.12,157.01,-14.21
1.392145,-0.3509,0.9287,2.6113,43.82,153.09,-13.65
1.392742,-0.3504,0.9262,2.6015,43.47,150.36,-15.89
1.393339,-0.3475,0.9233,2.5981,44.66,145.88,-15.68
1.393936,-0.3411,0.9311,2.5962,43.68,143.08,-17.78
1.394533,-0.3338,0.9311,2.5898,45.15,138.67,-18.13
1.395508,-0.3284,0.9257,2.5844,44.17,135.87,-19.74
1.396105,-0.3235,0.9243,2.5796,45.78,131.60,-20.58
1.396702,-0.3182,0.9189,2.5762,44.24,129.01,-21.28
1.397299,-0.3162,0.9189,2.5718,46.06,124.88,-22.40
1.397896,-0.3162,0.9228,2.5654,45.01,121.17,-23.66
1.398492,-0.3060,0.9233,2.5552,46.20,118.02,-24.92
1.399089,-0.2996,0.9243,2.5513,45.15,113.82,-24.57
1.399686,-0.2987,0.9272,2.5474,46.41,111.37,-26.74
1.400283,-0.2908,0.9267,2.5444,45.64,106.96,-26.18
1.400880,-0.2865,0.9209,2.5400,46.34,104.51,-28.77
1.401477,-0.2835,0.9194,2.5327,46.20,99.61,-28.07
1.402074,-0.2811,0.9238,2.5313,46.20,97.65,-30.87
1.402671,-0.2757,0.9248,2.5293,46.69,92.40,-29.61
1.403267,-0.2699,0.9238,2.5220,46.27,90.23,-32.48
1.403864,-0.2635,0.9233,2.5152,47.25,85.40,-31.36
1.404461,-0.2611,0.9199,2.5078,46.13,83.30,-33.88
1.405058,-0.2582,0.9213,2.5073,47.39,78.82,-33.18
1.405655,-0.2484,0.9228,2.5064,46.62,75.95,-35.63
1.406252,-0.2401,0.9204,2.5005,47.25,72.03,-35.07
1.406252,-0.2308,0.9213,2.4971,46.55,69.02,-36.96
1.406847,-0.2245,0.9223,2.4947,47.39,65.45,-36.40
1.407444,-0.2157,0.9238,2.4927,46.76,61.81,-38.92
1.408041,-0.2030,0.9243,2.4883,47.39,59.15,-37.59
1.408638,-0.1893,0.9243,2.4859,47.11,54.95,-40.53
1.409234,-0.1786,0.9277,2.4829,46.97,52.22,-39.34
1.409831,-0.1674,0.9296,2.4781,47.18,48.51,-41.86
1.410428,-0.1542,0.9282,2.4761,47.32,45.85,-41.02
1.411025,-0.1440,0.9301,2.4732,46.90,42.28,-43.54
1.411622,-0.1337,0.9360,2.4707,47.25,39.20,-42.42
1.412219,-0.1196,0.9394,2.4717,46.97,36.05,-44.94
1.412816,-0.1044,0.9399,2.4683,47.60,33.11,-43.89
1.413413,-0.0917,0.9414,2.4629,47.04,29.61,-46.48
1.414009,-0.0761,0.9453,2.4581,47.53,26.67,-45.78
1.414606,-0.0615,0.9487,2.4527,47.04,23.45,-48.23
1.415203,-0.0454,0.9526,2.4449,47.39,20.72,-47.67
1.415800,-0.0288,0.9599,2.4405,46.62,17.85,-48.65
1.416397,-0.0142,0.9662,2.4400,47.53,14.63,-49.56
1.416994,0.0024,0.9692,2.4302,46.76,11.76,-50.61
1.416994,0.0161,0.9740,2.4210,47.53,9.66,-51.59
1.417589,0.0288,0.9789,2.4166,46.62,6.16,-52.29
1.418186,0.0444,0.9872,2.4112,47.25,3.99,-53.48
1.418783,0.0571,0.9921,2.4054,46.06,1.12,-53.97
1.419379,0.0756,0.9975,2.3956,47.39,-1.19,-55.44
1.419976,0.0976,1.0048,2.3858,45.78,-4.13,-54.95
1.420573,0.1171,1.0126,2.3810,47.25,-6.58,-57.33
1.421170,0.1342,1.0150,2.3697,45.50,-9.17,-56.70
1.421767,0.1488,1.0165,2.3658,46.97,-11.55,-59.43
1.422364,0.1645,1.0277,2.3487,45.57,-13.65,-57.47
1.422961,0.1962,1.0438,2.3400,45.50,-18.27,-58.94
1.423558,0.2098,1.0531,2.3326,46.06,-21.42,-62.65
1.424154,0.2303,1.0585,2.3263,45.36,-22.75,-60.83
1.424751,0.2494,1.0619,2.3131,45.57,-26.11,-64.05
1.425348,0.2616,1.0692,2.3068,45.22,-27.16,-61.81
1.425945,0.2747,1.0790,2.3024,44.94,-30.38,-65.24
1.426542,0.2884,1.0897,2.2916,45.43,-31.71,-63.07
1.427139,0.3016,1.0965,2.2838,44.17,-34.51,-66.43
1.427736,0.3113,1.1048,2.2760,45.15,-35.77,-64.05
1.428711,0.3167,1.1161,2.2648,43.54,-38.43,-67.69
1.429308,0.3289,1.1219,2.2555,45.01,-39.97,-64.47
1.429905,0.3445,1.1326,2.2448,42.98,-42.70,-68.25
1.430502,0.3538,1.1434,2.2365,44.59,-43.75,-64.54
1.431099,0.3601,1.1497,2.2272,42.49,-46.48,-69.23
1.431695,0.3699,1.1619,2.2155,44.24,-47.74,-65.17
1.432292,0.3762,1.1766,2.2116,41.51,-50.19,-68.95
1.432889,0.3831,1.1849,2.2058,43.54,-51.24,-64.96
1.433486,0.3914,1.1961,2.1897,41.09,-53.83,-69.16
1.434083,0.4006,1.2083,2.1765,42.77,-55.23,-64.75
1.434680,0.4065,1.2190,2.1696,40.46,-57.89,-68.60
1.435277,0.4065,1.2312,2.1614,41.93,-58.66,-64.26
1.435874,0.4099,1.2420,2.1516,40.46,-61.74,-68.46
1.436470,0.4119,1.2468,2.1355,40.60,-62.16,-63.21
1.437067,0.4128,1.2566,2.1257,40.11,-65.45,-67.27
1.437664,0.4197,1.2693,2.1208,39.41,-65.94,-62.51
1.438261,0.4250,1.2766,2.1052,39.06,-68.74,-66.15
1.438858,0.4250,1.2883,2.0935,38.57,-69.72,-60.97
1.439455,0.4241,1.2991,2.0857,38.50,-72.87,-64.68
1.439455,0.4246,1.3020,2.0745,37.80,-73.50,-59.22
1.440050,0.4211,1.3127,2.0677,37.45,-76.30,-62.65
1.440647,0.4202,1.3249,2.0589,37.03,-77.49,-57.54
1.441244,0.4250,1.3308,2.0437,36.05,-79.80,-60.48
1.441840,0.4250,1.3410,2.0320,36.26,-80.99,-55.44
1.442437,0.4226,1.3513,2.0267,35.42,-83.58,-58.52
1.443034,0.4250,1.3605,2.0076,35.07,-84.21,-53.20
1.443631,0.4197,1.3806,1.9974,34.09,-87.71,-51.10
1.444228,0.4182,1.3957,1.9896,33.04,-91.07,-52.78
1.444825,0.4182,1.4098,1.9832,32.83,-91.35,-48.23
1.445422,0.4163,1.4172,1.9720,31.57,-94.99,-49.35
1.446019,0.4128,1.4289,1.9652,31.78,-95.06,-45.78
1.446615,0.4094,1.4435,1.9618,30.59,-98.70,-46.20
1.447212,0.4089,1.4528,1.9505,30.17,-98.77,-42.98
1.447809,0.4036,1.4616,1.9398,29.54,-102.34,-42.56
1.448406,0.3982,1.4679,1.9330,28.91,-103.11,-39.41
1.449003,0.3997,1.4762,1.9276,27.44,-106.05,-38.71
1.449600,0.3992,1.4874,1.9174,27.79,-106.96,-36.19
1.450197,0.3933,1.4977,1.9061,26.11,-109.48,-34.79
1.451172,0.3884,1.5074,1.8983,26.25,-110.88,-32.34
1.451769,0.3855,1.5148,1.8915,24.71,-113.05,-30.94
1.452366,0.3845,1.5201,1.8822,24.71,-115.01,-27.93
1.452963,0.3797,1.5260,1.8705,23.03,-116.69,-26.74
1.453560,0.3733,1.5343,1.8617,23.24,-119.00,-24.15
1.454156,0.3670,1.5406,1.8515,21.63,-120.82,-22.61
1.454753,0.3631,1.5479,1.8393,21.14,-122.78,-19.95
1.455350,0.3616,1.5616,1.8300,20.09,-124.88,-17.71
1.455947,0.3562,1.5718,1.8207,19.32,-126.84,-16.03
1.456544,0.3382,1.5836,1.8071,17.22,-130.83,-11.41
1.457141,0.3260,1.5943,1.7983,17.08,-132.16,-9.17
1.457738,0.3201,1.6016,1.7919,15.26,-134.12,-7.07
1.458335,0.3113,1.6104,1.7846,14.77,-136.15,-4.41
1.458931,0.2962,1.6231,1.7792,13.37,-138.39,-2.45
1.459528,0.2835,1.6328,1.7729,13.23,-140.56,0.21
1.460125,0.2738,1.6368,1.7636,11.48,-142.38,1.54
1.460722,0.2611,1.6450,1.7573,11.41,-144.90,4.69
1.461319,0.2464,1.6553,1.7480,9.17,-146.09,5.81
1.461916,0.2347,1.6621,1.7402,9.17,-148.89,9.03
1.462891,0.2216,1.6709,1.7383,7.14,-150.29,10.01
1.463488,0.2094,1.6768,1.7344,7.00,-153.16,13.93
1.464085,0.1967,1.6807,1.7290,5.11,-154.56,13.93
1.464682,0.1879,1.6831,1.7231,5.04,-157.71,18.41
1.465279,0.1747,1.6816,1.7192,2.66,-158.34,18.06
1.465875,0.1610,1.6890,1.7080,2.45,-161.84,22.47
1.466472,0.1493,1.6992,1.7080,0.70,-162.75,21.35
1.467069,0.1410,1.7041,1.7065,0.35,-166.32,26.46
1.467666,0.1308,1.7085,1.7002,-1.68,-167.23,25.48
1.468263,0.1161,1.7080,1.6953,-2.10,-170.59,30.24
1.468860,0.1098,1.7090,1.6909,-3.85,-171.71,29.33
1.469457,0.1030,1.7153,1.6846,-4.69,-174.30,33.74
1.470054,0.0942,1.7168,1.6777,-6.02,-176.75,32.90
1.470650,0.0844,1.7153,1.6714,-7.21,-178.64,37.10
1.471247,0.0717,1.7163,1.6651,-8.05,-181.09,36.12
1.471844,0.0639,1.7178,1.6592,-9.73,-182.98,40.11
1.472441,0.0556,1.7182,1.6568,-10.36,-185.50,39.41
1.473038,0.0439,1.7197,1.6524,-11.69,-187.11,43.19
1.473635,0.0376,1.7187,1.6436,-13.09,-189.63,42.63
1.473635,0.0312,1.7168,1.6392,-13.72,-191.38,45.43
1.474230,0.0249,1.7163,1.6363,-15.47,-193.90,45.57
1.474827,0.0166,1.7134,1.6299,-16.03,-195.58,47.60
1.475424,0.0034,1.7095,1.6221,-17.99,-198.87,48.58
1.476020,-0.0059,1.7085,1.6167,-17.99,-199.78,49.91
1.476617,-0.0146,1.7075,1.6124,-20.30,-203.07,51.59
1.477214,-0.0254,1.7060,1.6060,-20.02,-204.54,52.08
1.477811,-0.0327,1.7046,1.5899,-22.47,-207.62,53.83
1.478408,-0.0532,1.6987,1.5860,-24.85,-211.96,56.07
1.479005,-0.0634,1.6953,1.5816,-24.64,-213.01,56.35
1.479602,-0.0732,1.6929,1.5777,-26.81,-216.16,57.89
1.480199,-0.0825,1.6899,1.5743,-27.09,-217.28,58.38
1.480795,-0.0888,1.6870,1.5694,-28.56,-220.50,59.64
1.481392,-0.0991,1.6841,1.5626,-29.19,-221.76,60.13
1.481989,-0.1093,1.6802,1.5567,-30.24,-225.12,61.81
1.482586,-0.1191,1.6777,1.5562,-31.50,-226.17,62.51
1.483183,-0.1283,1.6734,1.5548,-32.13,-229.46,63.63
1.483780,-0.1401,1.6704,1.5494,-33.60,-230.44,64.12
1.484377,-0.1508,1.6631,1.5465,-34.16,-233.31,65.17
1.485352,-0.1606,1.6572,1.5431,-35.07,-235.41,65.73
1.485949,-0.1693,1.6538,1.5377,-35.84,-237.51,66.92
1.486546,-0.1786,1.6460,1.5343,-36.89,-239.40,67.13
1.487143,-0.1869,1.6431,1.5352,-38.08,-241.85,68.67
1.487740,-0.1918,1.6402,1.5343,-38.43,-243.88,68.95
1.488336,-0.1991,1.6309,1.5309,-39.13,-246.05,69.72
1.488933,-0.2113,1.6211,1.5309,-39.83,-248.64,70.49
1.489530,-0.2245,1.6153,1.5274,-40.74,-250.11,70.91
1.490127,-0.2440,1.6011,1.5284,-42.28,-254.17,71.82
1.490724,-0.2547,1.5919,1.5235,-42.84,-256.97,73.78
1.491321,-0.2630,1.5826,1.5245,-43.54,-258.37,73.08
1.491918,-0.2718,1.5748,1.5270,-43.89,-261.38,74.83
1.492515,-0.2811,1.5699,1.5240,-44.73,-262.78,74.13
1.493111,-0.2928,1.5626,1.5216,-45.50,-265.23,76.09
1.493708,-0.3021,1.5514,1.5187,-45.85,-266.77,75.67
1.494305,-0.3123,1.5406,1.5157,-46.27,-269.36,77.21
1.494902,-0.3255,1.5294,1.5167,-46.69,-270.97,76.58
1.495499,-0.3362,1.5216,1.5148,-47.32,-273.77,77.91
1.496096,-0.3440,1.5177,1.5113,-47.60,-275.31,77.77
1.497071,-0.3562,1.5060,1.5104,-47.81,-277.83,78.68
1.497668,-0.3709,1.4938,1.5069,-48.65,-279.23,78.61
1.498265,-0.3821,1.4835,1.5065,-47.95,-282.03,79.17
1.498862,-0.3943,1.4694,1.5094,-49.42,-283.22,79.80
1.499459,-0.4046,1.4611,1.4996,-48.72,-286.44,80.29
1.500055,-0.4148,1.4552,1.4996,-50.12,-287.49,80.71
1.500652,-0.4285,1.4391,1.4991,-48.58,-290.29,79.80
1.501249,-0.4377,1.4274,1.5006,-50.26,-291.76,81.34
1.501846,-0.4504,1.4240,1.4982,-49.14,-294.42,80.78
1.502443,-0.4685,1.4137,1.4967,-50.40,-295.82,81.90
1.503040,-0.4831,1.3991,1.4962,-49.07,-298.48,80.57
1.503637,-0.4934,1.3874,1.4918,-50.19,-299.81,82.60
1.504234,-0.5065,1.3781,1.4923,-49.42,-302.33,80.57
1.504830,-0.5207,1.3679,1.4962,-49.63,-304.36,82.81
1.505427,-0.5348,1.3586,1.4923,-49.56,-306.39,81.06
1.506024,-0.5495,1.3513,1.4889,-49.14,-308.63,83.37
1.506621,-0.5632,1.3410,1.4884,-49.56,-310.66,80.78
1.507218,-0.5807,1.3303,1.4874,-48.65,-312.83,83.72
1.507815,-0.5949,1.3205,1.4869,-49.35,-314.86,80.92
1.508789,-0.6100,1.3152,1.4845,-47.95,-316.89,83.86
1.509386,-0.6251,1.3093,1.4821,-48.37,-319.13,80.43
1.509983,-0.6373,1.2991,1.4806,-47.46,-320.74,84.14
1.510580,-0.6515,1.2908,1.4811,-47.88,-323.33,81.06
1.511177,-0.6666,1.2815,1.4747,-46.83,-325.50,84.07
1.511773,-0.6793,1.2742,1.4767,-47.18,-327.60,80.92
1.512370,-0.7042,1.2595,1.4713,-46.20,-331.59,80.50
1.512967,-0.7183,1.2566,1.4699,-45.08,-334.25,84.35
1.513564,-0.7340,1.2546,1.4689,-45.78,-335.37,80.22
1.514161,-0.7481,1.2473,1.4679,-43.89,-338.73,84.56
1.514758,-0.7647,1.2449,1.4660,-44.87,-339.71,80.15
1.515355,-0.7779,1.2415,1.4620,-42.84,-343.14,84.42
1.515952,-0.7886,1.2327,1.4669,-43.96,-343.98,80.64
1.516548,-0.8018,1.2283,1.4645,-41.86,-347.48,83.93
1.517145,-0.8184,1.2268,1.4591,-42.84,-348.60,80.57
1.517742,-0.8340,1.2244,1.4567,-40.81,-351.68,83.65
1.518339,-0.8472,1.2185,1.4547,-41.79,-353.01,81.13
1.518936,-0.8608,1.2137,1.4562,-39.90,-355.67,83.30
1.519533,-0.8740,1.2102,1.4542,-40.25,-357.49,80.71
1.520508,-0.8877,1.2088,1.4567,-38.57,-359.94,83.02
1.521105,-0.9038,1.2058,1.4542,-39.13,-362.04,81.06
1.521702,-0.9160,1.2034,1.4518,-37.87,-363.93,82.81
1.522299,-0.9282,1.2010,1.4518,-37.66,-367.15,81.20
1.522896,-0.9418,1.1951,1.4518,-37.03,-368.27,82.39
1.523492,-0.9531,1.1932,1.4542,-36.47,-371.00,81.83
1.524089,-0.9648,1.1927,1.4542,-36.12,-372.40,82.11
1.524686,-0.9765,1.1912,1.4508,-35.00,-375.06,81.55
1.525283,-0.9887,1.1863,1.4484,-34.72,-377.37,82.25
1.525880,-1.0087,1.1829,1.4503,-33.95,-379.54,81.48
1.526477,-1.0263,1.1824,1.4474,-33.46,-381.78,82.18
1.527074,-1.0355,1.1814,1.4459,-32.76,-383.81,81.34
1.527671,-1.0487,1.1829,1.4445,-32.41,-386.26,82.04
1.528267,-1.0638,1.1883,1.4420,-31.64,-388.57,81.62
1.528864,-1.0770,1.1912,1.4406,-30.87,-390.81,81.97
1.529461,-1.0936,1.1932,1.4391,-30.94,-392.56,81.55
1.530058,-1.1078,1.1956,1.4386,-29.96,-395.64,81.76
1.530655,-1.1214,1.2000,1.4328,-29.96,-396.97,81.55
1.531252,-1.1361,1.2044,1.4298,-28.91,-400.05,81.55
1.531252,-1.1497,1.2107,1.4196,-29.33,-401.59,82.04
1.531847,-1.1639,1.2205,1.4196,-27.79,-404.18,81.34
1.532444,-1.1766,1.2273,1.4172,-28.35,-406.49,81.90
1.533041,-1.1897,1.2346,1.4118,-27.37,-408.80,81.69
1.533638,-1.2049,1.2420,1.4103,-26.95,-410.55,81.83
1.534234,-1.2156,1.2517,1.4103,-27.02,-413.14,81.34
1.534831,-1.2288,1.2654,1.4064,-25.69,-415.24,81.48
1.535428,-1.2488,1.2781,1.4001,-26.60,-417.55,81.97
1.536025,-1.2595,1.2864,1.3967,-25.48,-419.86,81.97
1.536622,-1.2708,1.2961,1.3918,-26.32,-422.10,81.48
1.537219,-1.2854,1.3059,1.3869,-24.71,-424.34,82.18
1.537816,-1.3000,1.3152,1.3840,-25.76,-426.93,80.99
1.538413,-1.3176,1.3249,1.3752,-24.36,-428.61,82.32
1.539009,-1.3293,1.3327,1.3693,-25.83,-431.13,80.64
1.539606,-1.3391,1.3459,1.3649,-24.08,-433.30,82.32
1.540203,-1.3513,1.3596,1.3591,-25.34,-435.54,80.71
1.540800,-1.3654,1.3693,1.3537,-24.08,-438.06,82.74
1.541397,-1.3820,1.3776,1.3498,-25.48,-440.09,80.85
1.541994,-1.3942,1.3854,1.3440,-23.94,-442.05,82.46
1.541994,-1.4064,1.3976,1.3430,-25.20,-444.43,81.13
1.542589,-1.4245,1.4064,1.3430,-24.29,-446.60,82.81
1.543186,-1.4391,1.4132,1.3371,-25.13,-449.19,81.41
1.543783,-1.4533,1.4206,1.3298,-24.78,-450.87,83.16
1.544380,-1.4684,1.4240,1.3230,-25.06,-453.81,82.11
1.544976,-1.4938,1.4376,1.3186,-24.92,-457.45,81.83
1.545573,-1.5201,1.4469,1.3161,-25.62,-461.86,82.46
1.546170,-1.5343,1.4479,1.3078,-26.11,-464.59,85.61
1.546767,-1.5494,1.4474,1.3025,-25.76,-466.06,82.46
1.547364,-1.5640,1.4479,1.3015,-26.53,-468.86,86.87
1.547961,-1.5777,1.4513,1.2976,-26.04,-470.47,83.51
1.548558,-1.5923,1.4567,1.2952,-27.16,-473.34,87.71
1.549155,-1.6104,1.4577,1.2932,-26.53,-474.81,84.98
1.549751,-1.6265,1.4523,1.2903,-27.51,-477.82,88.83
1.550348,-1.6387,1.4523,1.2878,-27.09,-478.73,86.17
1.550945,-1.6529,1.4528,1.2825,-27.44,-482.02,90.23
1.551542,-1.6699,1.4494,1.2771,-27.86,-482.65,87.36
1.552139,-1.6846,1.4489,1.2761,-27.37,-486.22,91.56
1.552736,-1.6978,1.4474,1.2732,-28.77,-486.71,89.39
1.554688,-1.7104,1.4435,1.2678,-27.65,-490.70,92.82
1.555285,-1.7236,1.4396,1.2644,-29.40,-490.98,91.35
1.555882,-1.7392,1.4367,1.2610,-28.00,-494.27,94.08
1.556479,-1.7548,1.4347,1.2542,-29.75,-494.97,93.66
1.557076,-1.7700,1.4298,1.2454,-28.21,-498.40,95.97
1.557672,-1.7832,1.4245,1.2405,-29.96,-499.03,94.99
1.558269,-1.7958,1.4211,1.2381,-29.19,-501.83,98.07
1.558866,-1.8124,1.4157,1.2366,-30.03,-503.37,97.93
1.559463,-1.8266,1.4118,1.2302,-29.68,-505.40,99.82
1.560060,-1.8378,1.4084,1.2244,-30.24,-507.50,100.24
1.560657,-1.8505,1.4025,1.2215,-30.10,-509.46,101.50
1.561254,-1.8642,1.3942,1.2166,-30.24,-511.28,102.83
1.561851,-1.8778,1.3845,1.2127,-30.80,-513.03,103.95
1.562447,-1.8876,1.3771,1.2068,-30.66,-514.71,105.35
1.563044,-1.8973,1.3737,1.1990,-30.87,-516.81,105.77
1.563641,-1.9086,1.3674,1.1936,-30.94,-518.35,108.01
1.564238,-1.9222,1.3591,1.1907,-30.94,-519.89,107.94
1.564835,-1.9374,1.3542,1.1819,-31.22,-521.50,110.81
1.565432,-1.9481,1.3435,1.1766,-31.15,-523.67,110.32
1.565432,-1.9554,1.3342,1.1649,-31.01,-525.14,113.12
1.566027,-1.9788,1.3239,1.1634,-31.29,-528.57,114.80
1.566624,-2.0008,1.3088,1.1580,-31.43,-530.32,116.06
1.567221,-2.0135,1.3020,1.1488,-31.78,-533.26,118.51
1.567818,-2.0276,1.2961,1.1429,-30.87,-534.73,120.47
1.568414,-2.0408,1.2898,1.1414,-31.43,-535.85,120.26
1.569011,-2.0525,1.2849,1.1351,-30.87,-538.16,123.34
1.569608,-2.0647,1.2737,1.1302,-31.85,-538.72,122.92
1.570205,-2.0740,1.2673,1.1278,-30.59,-540.75,125.16
1.570802,-2.0842,1.2634,1.1248,-31.85,-541.45,125.23
1.571399,-2.0960,1.2512,1.1248,-30.31,-543.62,127.68
1.571996,-2.1067,1.2385,1.1214,-31.78,-544.18,127.89
1.572593,-2.1169,1.2288,1.1151,-30.03,-546.14,130.41
1.573189,-2.1262,1.2176,1.1131,-31.43,-546.91,130.76
1.573786,-2.1360,1.2088,1.1141,-29.68,-548.59,132.37
1.574383,-2.1423,1.2044,1.1131,-31.01,-549.50,133.28
1.574980,-2.1545,1.1985,1.1122,-30.03,-550.27,134.82
1.575577,-2.1672,1.1873,1.1097,-30.17,-552.23,135.73
1.576174,-2.1711,1.1751,1.1058,-30.03,-551.95,137.06
1.578125,-2.1814,1.1624,1.1039,-29.68,-554.68,138.32
1.578722,-2.1940,1.1492,1.0995,-29.54,-554.54,139.44
1.579319,-2.2019,1.1390,1.0970,-28.91,-556.57,140.49
1.579916,-2.2131,1.1292,1.0946,-29.12,-556.50,141.47
1.580513,-2.2199,1.1170,1.0946,-28.77,-557.69,143.50
1.581109,-2.2297,1.1048,1.0912,-28.91,-558.04,144.27
1.581706,-2.2526,1.0838,1.0936,-28.42,-560.07,147.14
1.582303,-2.2643,1.0795,1.0951,-27.23,-560.91,147.07
1.582900,-2.2785,1.0721,1.0858,-27.65,-561.40,149.24
1.583497,-2.2926,1.0668,1.0824,-26.60,-562.87,149.24
1.584094,-2.3019,1.0614,1.0829,-27.02,-562.87,151.20
1.584691,-2.3068,1.0619,1.0795,-26.18,-563.71,151.55
1.585288,-2.3170,1.0658,1.0726,-26.11,-564.13,153.09
1.585885,-2.3302,1.0624,1.0682,-26.18,-564.76,153.93
1.586481,-2.3400,1.0580,1.0648,-25.20,-565.11,155.19
1.587078,-2.3483,1.0619,1.0594,-25.48,-566.16,155.54
1.587675,-2.3605,1.0692,1.0570,-24.43,-566.30,156.38
1.588272,-2.3731,1.0731,1.0536,-25.06,-566.93,157.57
1.588869,-2.3824,1.0790,1.0468,-24.08,-567.14,157.71
1.588869,-2.3966,1.0882,1.0448,-24.78,-567.91,159.04
1.589464,-2.4132,1.0936,1.0311,-23.66,-567.70,158.97
1.590061,-2.4478,1.1000,1.0253,-23.59,-567.98,160.09
1.590658,-2.4620,1.0995,1.0199,-23.45,-569.45,161.35
1.591255,-2.4786,1.1063,1.0189,-23.31,-568.61,160.79
1.591851,-2.4942,1.1131,1.0146,-23.10,-570.15,162.47
1.592448,-2.5122,1.1126,1.0097,-23.17,-569.31,161.49
1.593045,-2.5327,1.1117,1.0019,-22.82,-570.78,163.10
1.593642,-2.5537,1.1136,0.9960,-23.24,-569.52,161.77
1.594239,-2.5732,1.1117,0.9906,-22.19,-571.48,163.80
1.594836,-2.5884,1.1122,0.9882,-23.31,-569.87,162.47
1.595433,-2.6074,1.1117,0.9897,-22.19,-571.97,163.94
1.596030,-2.6284,1.1078,0.9819,-22.82,-570.43,163.10
1.596626,-2.6464,1.1073,0.9740,-22.12,-571.83,164.43
1.597223,-2.6674,1.1068,0.9687,-22.40,-571.48,163.52
1.597820,-2.6840,1.1004,0.9633,-22.19,-571.90,164.15
1.598417,-2.7006,1.0951,0.9589,-22.26,-572.60,163.59
1.599014,-2.7186,1.0970,0.9545,-22.19,-572.39,164.57
1.599611,-2.7357,1.0941,0.9516,-22.05,-573.02,164.08
1.601563,-2.7718,1.0834,0.9414,-22.26,-572.81,165.06
1.602160,-2.7884,1.0838,0.9374,-22.12,-572.60,165.20
1.602757,-2.8001,1.0814,0.9365,-21.14,-574.21,164.36
1.603354,-2.8138,1.0790,0.9340,-21.77,-573.02,164.50
1.603951,-2.8289,1.0770,0.9272,-21.42,-574.77,164.85
1.604547,-2.8411,1.0760,0.9233,-21.56,-573.44,164.71
1.605144,-2.8509,1.0726,0.9209,-21.07,-575.61,164.85
1.605741,-2.8670,1.0697,0.9209,-21.63,-573.93,164.85
1.606338,-2.8777,1.0702,0.9155,-21.14,-575.61,164.85
1.606935,-2.8860,1.0716,0.9111,-20.93,-574.63,165.20
1.607532,-2.8987,1.0677,0.9101,-21.07,-576.03,164.85
1.608129,-2.9075,1.0619,0.9043,-20.79,-575.05,165.20
1.608726,-2.9153,1.0585,0.9008,-21.14,-576.03,164.71
1.609323,-2.9207,1.0526,0.9038,-20.16,-575.61,165.27
1.609919,-2.9256,1.0458,0.9067,-20.72,-576.03,164.64
1.610516,-2.9329,1.0404,0.9048,-19.95,-575.75,165.55
1.611113,-2.9382,1.0350,0.9023,-20.79,-576.24,165.13
1.611710,-2.9441,1.0287,0.9043,-19.60,-576.52,165.83
1.612307,-2.9519,1.0189,0.9028,-20.58,-576.10,165.41
1.613281,-2.9734,1.0028,0.8999,-19.25,-576.52,165.13
1.613878,-2.9783,0.9936,0.8965,-19.04,-576.59,166.53
1.614475,-2.9846,0.9877,0.8950,-19.60,-576.31,165.76
1.615072,-3.0027,0.9819,0.8886,-18.48,-577.01,166.95
1.615669,-3.0202,0.9736,0.8916,-17.78,-577.43,167.02
1.616265,-3.0315,0.9662,0.8940,-18.69,-576.24,167.23
1.616862,-3.0446,0.9560,0.8945,-17.78,-576.94,166.88
1.617459,-3.0563,0.9492,0.8896,-17.85,-576.17,168.35
1.618056,-3.0651,0.9433,0.8867,-17.15,-577.22,167.30
1.618653,-3.0759,0.9374,0.8906,-17.36,-576.31,169.40
1.619250,-3.0871,0.9306,0.8921,-16.52,-577.15,167.86
1.619847,-3.0988,0.9252,0.8911,-16.66,-576.45,170.45
1.620444,-3.1144,0.9174,0.8886,-16.24,-577.08,168.21
1.621041,-3.1281,0.9062,0.8872,-15.40,-576.80,171.29
1.621637,-3.1359,0.8984,0.8862,-15.96,-576.59,169.05
1.622234,-3.1476,0.8950,0.8833,-14.56,-576.59,172.55
1.622831,-3.1618,0.8921,0.8818,-15.47,-576.80,169.89
1.623428,-3.1774,0.8818,0.8794,-13.65,-576.80,173.81
1.624025,-3.1847,0.8696,0.8764,-13.09,-576.66,174.93
1.625000,-3.1925,0.8657,0.8725,-14.21,-576.45,172.48
1.625597,-3.1964,0.8608,0.8716,-12.18,-576.80,176.26
1.626194,-3.2032,0.8525,0.8721,-13.37,-576.03,173.39
1.626791,-3.2120,0.8516,0.8686,-11.48,-576.31,178.15
1.627388,-3.2135,0.8472,0.8672,-12.74,-575.68,174.58
1.627984,-3.2145,0.8345,0.8657,-10.71,-576.52,179.62
1.628581,-3.2169,0.8233,0.8623,-11.55,-575.47,176.26
1.629178,-3.2179,0.8159,0.8584,-10.08,-575.96,181.02
1.629775,-3.2223,0.8086,0.8594,-10.78,-574.91,177.87
1.630372,-3.2237,0.7974,0.8599,-9.03,-575.12,182.21
1.630969,-3.2281,0.7876,0.8535,-10.08,-574.56,179.62
1.631566,-3.2335,0.7803,0.8530,-8.47,-574.42,183.75
1.632163,-3.2389,0.7730,0.8511,-9.03,-574.21,181.51
1.632760,-3.2393,0.7637,0.8433,-7.70,-573.51,184.73
1.633356,-3.2389,0.7525,0.8389,-7.91,-573.79,183.12
1.633953,-3.2428,0.7447,0.8398,-7.14,-572.60,185.78
1.634550,-3.2452,0.7344,0.8384,-6.72,-573.02,184.59
1.635147,-3.2491,0.7252,0.8316,-6.65,-571.62,187.18
1.635744,-3.2511,0.7208,0.8291,-5.67,-572.25,186.06
1.636719,-3.2559,0.7120,0.8276,-5.67,-570.57,188.09
1.637316,-3.2598,0.7008,0.8237,-4.83,-571.69,187.81
1.637913,-3.2623,0.6876,0.8184,-5.18,-569.73,189.14
1.638510,-3.2667,0.6764,0.8111,-3.85,-570.57,189.42
1.639107,-3.2720,0.6725,0.8047,-4.41,-568.75,189.84
1.639703,-3.2818,0.6656,0.8042,-3.08,-569.73,190.47
1.640300,-3.2930,0.6539,0.7945,-3.15,-568.19,190.26
1.640897,-3.3038,0.6437,0.7828,-2.24,-568.33,191.10
1.641494,-3.3145,0.6368,0.7754,-2.24,-567.49,190.96
1.642091,-3.3223,0.6281,0.7662,-1.89,-567.21,191.24
1.642688,-3.3291,0.6188,0.7593,-1.05,-566.58,191.52
1.643285,-3.3389,0.6071,0.7491,-0.98,-566.44,192.22
1.643882,-3.3526,0.5949,0.7374,-0.35,-565.74,191.52
1.644479,-3.3643,0.5846,0.7247,-0.14,-565.67,192.22
1.645076,-3.3794,0.5724,0.7115,0.91,-564.83,190.54
1.645672,-3.3979,0.5685,0.6988,1.12,-564.97,191.94
1.646269,-3.4111,0.5651,0.6812,1.47,-563.85,189.63
1.646866,-3.4375,0.5417,0.6690,2.38,-563.15,188.37
1.647463,-3.4497,0.5334,0.6534,3.01,-563.99,190.89
1.648438,-3.4648,0.5246,0.6412,3.29,-562.52,186.55
1.649035,-3.4838,0.5163,0.6290,3.78,-563.29,189.21
1.649632,-3.5029,0.5065,0.6198,4.27,-562.17,184.38
1.650229,-3.5160,0.4939,0.6056,5.11,-562.66,186.69
1.650826,-3.5263,0.4865,0.5915,4.90,-561.33,182.21
1.651422,-3.5448,0.4782,0.5802,6.30,-562.38,184.24
1.652019,-3.5619,0.4665,0.5685,5.95,-561.19,179.41
1.652616,-3.5726,0.4558,0.5578,7.28,-562.17,180.67
1.653213,-3.5829,0.4480,0.5470,7.70,-561.75,175.77
1.653810,-3.5956,0.4372,0.5358,8.33,-561.26,176.68
1.654407,-3.6112,0.4280,0.5251,8.96,-561.40,172.13
1.655004,-3.6283,0.4231,0.5134,9.31,-561.12,172.27
1.655601,-3.6429,0.4163,0.4982,9.94,-561.54,167.93
1.656198,-3.6585,0.4138,0.4895,10.71,-561.40,167.86
1.656795,-3.6746,0.4075,0.4821,11.27,-561.26,162.96
1.657391,-3.6893,0.4002,0.4699,11.55,-561.33,163.17
1.657988,-3.7054,0.3938,0.4573,13.02,-561.33,157.50
1.658585,-3.7220,0.3875,0.4397,12.95,-561.26,157.99
1.659182,-3.7337,0.3836,0.4246,14.14,-561.47,151.83
1.659182,-3.7454,0.3782,0.4153,14.77,-561.05,152.53
1.659777,-3.7635,0.3704,0.4006,16.17,-562.52,145.88
1.660374,-3.7791,0.3611,0.3880,16.03,-561.54,146.09
1.660971,-3.7918,0.3509,0.3777,17.01,-562.80,140.70
1.661568,-3.8084,0.3421,0.3670,17.85,-562.24,140.00
1.662164,-3.8225,0.3323,0.3528,18.48,-563.22,134.68
1.662761,-3.8352,0.3192,0.3357,19.60,-562.66,133.70
1.663358,-3.8484,0.3050,0.3250,20.30,-563.50,128.66
1.663955,-3.8547,0.2918,0.3123,21.28,-563.64,127.68
1.664552,-3.8620,0.2782,0.2948,21.91,-564.41,122.92
1.665149,-3.8718,0.2640,0.2796,23.24,-564.13,121.17
1.665746,-3.8820,0.2528,0.2645,24.22,-565.11,116.69
1.666343,-3.8918,0.2430,0.2528,25.06,-564.97,115.36
1.666940,-3.9006,0.2323,0.2391,26.32,-565.81,111.37
1.667537,-3.9118,0.2240,0.2220,27.37,-565.67,109.20
1.668133,-3.9191,0.2162,0.2059,28.49,-566.93,106.19
1.668730,-3.9426,0.2059,0.1684,29.33,-566.93,103.88
1.669327,-3.9518,0.1845,0.1518,31.50,-567.56,97.93
1.669924,-3.9577,0.1791,0.1313,32.97,-568.75,96.39
1.670899,-3.9606,0.1718,0.1132,33.81,-568.75,92.75
1.671496,-3.9621,0.1664,0.0991,35.14,-569.66,91.91
1.672093,-3.9670,0.1664,0.0834,36.26,-569.17,87.08
1.672690,-3.9733,0.1596,0.0634,37.31,-570.71,87.71
1.673287,-3.9762,0.1479,0.0483,38.85,-570.57,82.32
1.673883,-3.9743,0.1435,0.0298,39.62,-571.55,83.02
1.674480,-3.9752,0.1415,0.0112,41.37,-571.62,78.05
1.675077,-3.9772,0.1347,-0.0034,41.72,-572.46,79.24
1.675674,-3.9782,0.1279,-0.0210,43.82,-572.53,73.85
1.676271,-3.9752,0.1259,-0.0400,44.17,-573.51,75.74
1.676868,-3.9728,0.1274,-0.0537,46.13,-573.79,69.72
1.677465,-3.9728,0.1240,-0.0659,46.76,-574.28,72.31
1.678062,-3.9772,0.1225,-0.0795,48.30,-574.77,65.73
1.678659,-3.9840,0.1283,-0.0947,49.07,-574.98,69.16
1.679256,-3.9850,0.1274,-0.1069,50.33,-575.26,62.37
1.679852,-3.9855,0.1240,-0.1210,51.73,-575.82,65.73
1.680449,-3.9865,0.1269,-0.1371,52.22,-575.82,58.80
1.681046,-3.9914,0.1327,-0.1493,54.39,-576.87,63.14
1.681643,-3.9948,0.1357,-0.1581,54.39,-576.10,55.72
1.681643,-3.9953,0.1347,-0.1674,56.49,-577.29,60.06
1.682238,-3.9987,0.1371,-0.1815,56.21,-577.01,53.27
1.682835,-4.0050,0.1420,-0.1913,59.08,-577.78,56.35
1.683432,-4.0123,0.1464,-0.2001,58.31,-577.50,51.24
1.684029,-4.0158,0.1518,-0.2147,60.90,-577.99,53.34
1.684625,-4.0201,0.1562,-0.2225,60.55,-578.34,48.86
1.685222,-4.0240,0.1625,-0.2279,62.51,-578.27,51.03
1.685819,-4.0250,0.1688,-0.2401,62.51,-578.62,46.69
1.686416,-4.0255,0.1728,-0.2562,64.05,-578.83,48.65
1.687013,-4.0265,0.1801,-0.2684,64.26,-578.97,44.66
1.687610,-4.0289,0.1903,-0.2782,65.59,-578.97,46.62
1.688207,-4.0265,0.1976,-0.2840,66.43,-578.83,42.70
1.688804,-4.0226,0.2030,-0.2918,67.27,-578.97,44.87
1.689401,-4.0236,0.2069,-0.3035,67.62,-578.69,41.30
1.689997,-4.0192,0.2128,-0.3152,68.81,-578.83,43.26
1.690594,-4.0118,0.2230,-0.3250,68.95,-578.34,39.34
1.691191,-4.0084,0.2264,-0.3328,70.28,-578.69,41.72
1.691788,-4.0021,0.2284,-0.3450,70.35,-578.13,37.87
1.692385,-3.9957,0.2372,-0.3592,71.19,-578.41,40.04
1.692385,-3.9894,0.2469,-0.3694,71.47,-577.92,36.61
1.692980,-3.9796,0.2557,-0.3762,72.10,-577.57,39.20
1.693577,-3.9650,0.2601,-0.3845,72.31,-577.22,35.07
1.694174,-3.9523,0.2704,-0.3924,73.15,-576.87,38.01
1.694771,-3.9391,0.2801,-0.4006,73.01,-576.24,34.51
1.695367,-3.9284,0.2845,-0.4104,73.64,-575.05,36.61
1.695964,-3.9157,0.2904,-0.4250,73.99,-575.54,33.39
1.696561,-3.8986,0.2943,-0.4333,74.34,-573.86,35.56
1.697158,-3.8884,0.3021,-0.4412,74.27,-573.86,32.41
1.697755,-3.8767,0.3118,-0.4534,74.41,-572.67,34.09
1.698352,-3.8596,0.3187,-0.4616,74.90,-572.39,31.71
1.698949,-3.8406,0.3240,-0.4690,74.69,-570.78,33.04
1.699546,-3.8288,0.3353,-0.4763,75.25,-570.57,31.29
1.700143,-3.8147,0.3445,-0.4856,74.83,-568.96,31.85
1.700739,-3.7971,0.3504,-0.4982,75.67,-568.68,30.66
1.701336,-3.7844,0.3528,-0.5134,74.90,-566.51,30.73
1.701933,-3.7713,0.3572,-0.5275,75.67,-566.37,29.96
1.702530,-3.7571,0.3694,-0.5275,74.83,-564.27,29.96
1.703127,-3.7439,0.3762,-0.5524,75.25,-563.78,28.91
1.704102,-3.7195,0.3880,-0.5661,74.83,-562.38,29.12
1.704699,-3.7083,0.3933,-0.5758,74.48,-559.16,28.42
1.705296,-3.6971,0.3982,-0.5856,74.76,-558.11,28.07
1.705893,-3.6864,0.4021,-0.5988,73.99,-555.66,27.51
1.706490,-3.6756,0.4036,-0.6110,74.20,-555.03,27.37
1.707086,-3.6644,0.4075,-0.6207,73.78,-552.65,26.67
1.707683,-3.6512,0.4128,-0.6281,73.57,-551.60,26.60
1.708280,-3.6395,0.4168,-0.6393,73.36,-549.71,26.60
1.708877,-3.6288,0.4221,-0.6495,72.94,-548.03,26.04
1.709474,-3.6166,0.4216,-0.6598,72.59,-545.93,25.55
1.710071,-3.6053,0.4202,-0.6700,72.17,-544.04,25.69
1.710668,-3.5966,0.4260,-0.6773,71.82,-541.80,25.41
1.711265,-3.5892,0.4294,-0.6817,71.82,-540.40,25.34
1.711862,-3.5790,0.4353,-0.6876,71.05,-537.81,24.78
1.712458,-3.5692,0.4348,-0.6934,71.12,-536.27,25.34
1.713055,-3.5580,0.4314,-0.7105,70.00,-533.47,24.71
1.713652,-3.5385,0.4363,-0.7178,69.30,-529.13,23.80
1.714249,-3.5273,0.4368,-0.7178,69.37,-527.66,25.27
1.714846,-3.5141,0.4368,-0.7242,68.53,-524.72,23.66
1.715821,-3.5014,0.4392,-0.7300,68.11,-522.41,25.27
1.716418,-3.4877,0.4387,-0.7340,67.83,-520.10,23.80
1.717015,-3.4721,0.4402,-0.7388,67.34,-517.23,24.92
1.717612,-3.4580,0.4470,-0.7462,66.64,-515.34,24.29
1.718209,-3.4433,0.4485,-0.7535,66.15,-512.05,24.92
1.718805,-3.4272,0.4529,-0.7554,66.01,-510.44,24.57
1.719402,-3.4053,0.4568,-0.7564,64.96,-506.38,25.06
1.719999,-3.3867,0.4607,-0.7632,64.82,-505.19,25.20
1.720596,-3.3716,0.4670,-0.7696,64.33,-501.06,25.69
1.721193,-3.3487,0.4680,-0.7779,63.42,-499.87,25.55
1.721790,-3.3286,0.4719,-0.7852,63.28,-495.53,25.97
1.722387,-3.3135,0.4758,-0.7906,62.44,-493.99,26.32
1.722984,-3.2950,0.4782,-0.7979,62.02,-489.72,26.53
1.723581,-3.2779,0.4846,-0.8018,61.39,-488.18,26.67
1.724178,-3.2598,0.4924,-0.8101,60.34,-483.91,27.44
1.724774,-3.2403,0.4939,-0.8169,60.06,-482.44,27.37
1.725371,-3.2232,0.4939,-0.8189,59.43,-478.10,28.07
1.725968,-3.2062,0.4968,-0.8281,58.80,-475.93,28.21
1.726565,-3.1920,0.4968,-0.8364,58.10,-472.36,28.56
1.727539,-3.1779,0.4973,-0.8403,57.12,-469.63,29.26
1.728136,-3.1647,0.4973,-0.8452,57.12,-466.55,29.89
1.728733,-3.1559,0.4953,-0.8550,55.93,-463.05,29.96
1.729330,-3.1486,0.4929,-0.8618,55.65,-460.46,31.43
1.729927,-3.1413,0.4890,-0.8642,54.60,-457.17,31.43
1.730523,-3.1369,0.4870,-0.8686,54.46,-454.44,32.83
1.731120,-3.1334,0.4826,-0.8779,53.20,-450.87,32.83
1.731717,-3.1320,0.4802,-0.8867,53.41,-448.49,34.02
1.732314,-3.1344,0.4787,-0.8901,52.01,-444.92,34.44
1.732911,-3.1378,0.4685,-0.8901,51.59,-442.75,35.77
1.733508,-3.1398,0.4616,-0.8955,51.03,-439.04,35.98
1.734105,-3.1466,0.4538,-0.9057,50.33,-436.59,37.17
1.734702,-3.1564,0.4460,-0.9155,49.84,-433.37,38.08
1.735299,-3.1627,0.4407,-0.9233,48.72,-430.57,39.55
1.735896,-3.1696,0.4299,-0.9252,49.28,-428.40,39.76
1.736492,-3.1749,0.4153,-0.9272,47.25,-425.18,41.51
1.737089,-3.1808,0.4060,-0.9326,48.30,-422.94,42.42
1.737686,-3.1866,0.4016,-0.9428,46.34,-419.72,43.47
1.738283,-3.1969,0.3928,-0.9428,47.32,-417.27,44.24
1.738283,-3.2032,0.3831,-0.9614,45.64,-414.82,45.36
1.738878,-3.2052,0.3699,-0.9614,45.92,-412.23,46.62
1.739475,-3.2154,0.3582,-0.9618,45.01,-410.20,47.74
1.740072,-3.2242,0.3484,-0.9672,45.01,-406.91,48.79
1.740669,-3.2291,0.3377,-0.9750,44.10,-405.37,49.77
1.741265,-3.2345,0.3284,-0.9775,44.38,-401.87,50.47
1.741862,-3.2389,0.3206,-0.9848,43.68,-400.75,51.80
1.742459,-3.2442,0.3099,-0.9936,43.33,-396.97,52.01
1.743056,-3.2428,0.2996,-0.9975,43.12,-396.48,53.27
1.743653,-3.2447,0.2904,-1.0004,42.56,-392.63,54.04
1.744250,-3.2486,0.2816,-1.0048,42.70,-392.14,54.60
1.744847,-3.2462,0.2713,-1.0106,41.86,-388.15,55.58
1.745444,-3.2457,0.2606,-1.0146,42.35,-387.38,55.93
1.746041,-3.2447,0.2533,-1.0189,41.51,-383.88,56.77
1.746637,-3.2432,0.2445,-1.0224,41.65,-382.76,56.77
1.747234,-3.2432,0.2240,-1.0350,41.23,-380.10,57.61
1.747831,-3.2413,0.2176,-1.0385,41.44,-376.32,58.03
1.748428,-3.2389,0.2069,-1.0404,41.02,-373.66,57.47
1.749025,-3.2408,0.1976,-1.0380,41.16,-372.47,58.10
1.750000,-3.2408,0.1952,-1.0385,40.74,-369.74,57.61
1.750597,-3.2384,0.1884,-1.0424,41.51,-368.48,57.82
1.751194,-3.2423,0.1762,-1.0472,40.74,-365.82,56.63
1.751791,-3.2432,0.1640,-1.0546,41.44,-364.70,57.54
1.752388,-3.2408,0.1542,-1.0590,40.88,-361.97,55.86
1.752984,-3.2432,0.1464,-1.0624,41.44,-361.06,56.84
1.753581,-3.2472,0.1337,-1.0692,40.74,-358.26,54.74
1.754178,-3.2496,0.1240,-1.0746,41.72,-357.70,55.51
1.754775,-3.2506,0.1147,-1.0770,41.09,-354.83,53.41
1.755372,-3.2501,0.1025,-1.0824,42.00,-353.85,53.76
1.755969,-3.2520,0.0908,-1.0873,42.07,-351.40,51.66
1.756566,-3.2511,0.0805,-1.0902,41.93,-350.77,52.50
1.757163,-3.2472,0.0698,-1.1004,42.91,-347.83,49.70
1.757760,-3.2491,0.0605,-1.1063,42.56,-347.55,50.54
1.758357,-3.2511,0.0537,-1.1034,43.47,-344.61,47.60
1.758953,-3.2496,0.0459,-1.1175,42.98,-344.33,48.30
1.759550,-3.2496,0.0371,-1.1175,44.24,-341.53,45.29
1.760147,-3.2476,0.0293,-1.1234,43.89,-341.39,45.78
1.760744,-3.2457,0.0205,-1.1326,44.80,-338.66,42.98
1.760744,-3.2496,0.0137,-1.1361,44.73,-338.66,43.40
1.761339,-3.2530,0.0073,-1.1390,45.71,-336.00,40.53
1.761936,-3.2545,0.0000,-1.1439,45.64,-335.86,40.18
1.762533,-3.2535,-0.0078,-1.1527,46.13,-333.06,38.15
1.763130,-3.2511,-0.0132,-1.1605,47.04,-333.20,37.31
1.763726,-3.2501,-0.0151,-1.1639,46.83,-330.89,35.84
1.764323,-3.2467,-0.0210,-1.1668,48.16,-330.54,34.23
1.764920,-3.2437,-0.0278,-1.1732,47.95,-328.79,32.83
1.765517,-3.2428,-0.0322,-1.1790,49.14,-327.67,31.43
1.766114,-3.2428,-0.0356,-1.1863,49.56,-326.76,29.33
1.766711,-3.2393,-0.0346,-1.1976,50.05,-325.22,28.42
1.767308,-3.2345,-0.0361,-1.2024,50.47,-324.38,26.46
1.767905,-3.2306,-0.0366,-1.2068,50.89,-323.12,25.06
1.768502,-3.2276,-0.0346,-1.2166,51.87,-322.21,23.45
1.769098,-3.2267,-0.0366,-1.2234,51.73,-320.81,22.05
1.769695,-3.2228,-0.0361,-1.2322,53.41,-320.46,20.30
1.770292,-3.2174,-0.0337,-1.2400,52.71,-318.43,19.11
1.770889,-3.2110,-0.0307,-1.2434,54.18,-318.50,17.08
1.771486,-3.2047,-0.0298,-1.2434,54.18,-316.47,15.89
1.772461,-3.1988,-0.0293,-1.2586,55.23,-316.40,13.93
1.773058,-3.1798,-0.0210,-1.2620,56.42,-314.16,10.57
1.773655,-3.1696,-0.0146,-1.2678,56.00,-312.62,9.03
1.774252,-3.1583,-0.0078,-1.2732,57.68,-311.99,7.35
1.774849,-3.1486,-0.0059,-1.2747,56.98,-310.45,6.37
1.775445,-3.1417,-0.0015,-1.2786,58.31,-310.10,4.13
1.776042,-3.1339,0.0059,-1.2805,58.17,-308.56,2.80
1.776639,-3.1256,0.0102,-1.2810,59.71,-307.79,0.91
1.777236,-3.1130,0.0137,-1.2815,58.94,-306.67,0.21
1.777833,-3.1008,0.0156,-1.2815,60.62,-305.83,-2.24
1.778430,-3.0905,0.0200,-1.2844,59.99,-304.36,-2.59
1.779027,-3.0778,0.0268,-1.2859,61.46,-303.45,-5.32
1.779624,-3.0666,0.0307,-1.2888,61.39,-302.12,-5.25
1.780221,-3.0554,0.0327,-1.2888,61.88,-301.21,-8.26
1.780818,-3.0446,0.0420,-1.2830,62.37,-300.09,-7.84
1.781414,-3.0344,0.0483,-1.2810,62.30,-298.69,-10.57
1.782011,-3.0188,0.0517,-1.2825,63.70,-297.92,-10.50
1.782608,-3.0046,0.0605,-1.2854,63.28,-296.31,-13.02
1.783205,-2.9905,0.0678,-1.2849,64.19,-295.26,-12.60
1.783205,-2.9768,0.0717,-1.2790,63.70,-294.14,-15.26
1.783800,-2.9636,0.0761,-1.2786,64.96,-292.67,-14.63
1.784397,-2.9514,0.0834,-1.2795,64.54,-291.55,-17.50
1.784994,-2.9373,0.0903,-1.2781,65.66,-289.94,-16.31
1.785591,-2.9153,0.0956,-1.2786,64.89,-289.10,-18.90
1.786187,-2.8958,0.1044,-1.2790,66.15,-287.35,-18.41
1.786784,-2.8782,0.1142,-1.2761,65.94,-286.37,-20.44
1.787381,-2.8587,0.1191,-1.2747,66.15,-284.41,-19.88
1.787978,-2.8421,0.1269,-1.2766,66.36,-283.36,-21.35
1.788575,-2.8226,0.1357,-1.2781,66.64,-281.12,-21.28
1.789172,-2.8026,0.1444,-1.2776,66.78,-280.98,-22.47
1.789769,-2.7860,0.1518,-1.2727,66.43,-277.62,-22.54
1.790366,-2.7699,0.1586,-1.2693,67.27,-277.48,-22.96
1.790963,-2.7518,0.1713,-1.2712,66.64,-275.03,-23.38
1.791559,-2.7279,0.1796,-1.2751,67.06,-274.33,-24.15
1.792156,-2.7045,0.1840,-1.2776,66.99,-271.53,-24.57
1.792753,-2.6850,0.1957,-1.2766,67.20,-271.11,-24.08
1.793350,-2.6659,0.2069,-1.2766,66.92,-267.61,-25.34
1.793947,-2.6464,0.2172,-1.2747,67.06,-267.82,-24.57
1.794922,-2.6284,0.2269,-1.2737,66.64,-264.04,-26.04
1.795519,-2.6074,0.2342,-1.2776,66.85,-264.32,-24.99
1.796116,-2.5869,0.2445,-1.2776,66.50,-260.19,-26.60
1.796713,-2.5722,0.2552,-1.2751,66.50,-260.82,-25.34
1.797310,-2.5537,0.2611,-1.2703,66.36,-256.41,-26.74
1.797906,-2.5366,0.2664,-1.2664,66.22,-257.11,-25.83
1.798503,-2.5234,0.2767,-1.2678,65.73,-252.84,-26.88
1.799100,-2.5044,0.2855,-1.2688,65.59,-253.05,-25.48
1.799697,-2.4825,0.2928,-1.2703,65.24,-249.20,-27.09
1.800294,-2.4688,0.3040,-1.2678,64.47,-248.85,-25.20
1.800891,-2.4576,0.3089,-1.2654,65.03,-245.21,-27.09
1.801488,-2.4410,0.3123,-1.2634,63.56,-244.51,-24.85
1.802085,-2.4254,0.3216,-1.2581,64.68,-241.22,-27.30
1.802682,-2.4132,0.3323,-1.2615,63.21,-240.45,-24.43
1.803278,-2.4024,0.3396,-1.2664,63.63,-237.37,-26.67
1.803875,-2.3868,0.3455,-1.2595,62.30,-236.04,-24.36
1.804472,-2.3697,0.3504,-1.2498,62.72,-233.52,-26.25
1.805069,-2.3580,0.3572,-1.2483,61.81,-232.12,-24.01
1.805666,-2.3458,0.3655,-1.2503,61.53,-229.25,-25.69
1.805666,-2.3180,0.3797,-1.2483,60.97,-228.06,-24.36
1.806261,-2.3029,0.3821,-1.2464,60.27,-223.58,-23.94
1.806858,-2.2882,0.3860,-1.2488,58.59,-220.92,-23.87
1.807455,-2.2736,0.3919,-1.2424,59.29,-218.82,-23.45
1.808052,-2.2580,0.3992,-1.2395,57.54,-216.72,-22.61
1.808648,-2.2424,0.4046,-1.2410,58.31,-214.62,-22.82
1.809245,-2.2316,0.4070,-1.2361,56.35,-212.31,-21.70
1.809842,-2.2170,0.4109,-1.2278,56.70,-210.07,-22.68
1.810439,-2.2023,0.4138,-1.2259,55.37,-208.46,-20.37
1.811036,-2.1950,0.4182,-1.2278,55.65,-205.59,-22.05
1.811633,-2.1838,0.4211,-1.2200,54.04,-204.19,-19.53
1.812230,-2.1706,0.4231,-1.2146,54.18,-200.55,-21.14
1.812827,-2.1633,0.4255,-1.2093,53.55,-200.27,-18.76
1.813424,-2.1521,0.4319,-1.2039,52.36,-196.35,-20.23
1.814020,-2.1404,0.4368,-1.2034,52.43,-195.37,-18.06
1.814617,-2.1301,0.4348,-1.1976,50.89,-192.01,-19.04
1.815214,-2.1233,0.4353,-1.1858,50.96,-191.31,-17.36
1.815811,-2.1043,0.4397,-1.1814,49.70,-186.83,-16.03
1.816408,-2.0955,0.4421,-1.1722,48.09,-183.05,-17.22
1.818360,-2.0906,0.4382,-1.1688,48.51,-182.42,-15.05
1.818957,-2.0808,0.4353,-1.1663,47.04,-178.85,-15.82
1.819554,-2.0677,0.4372,-1.1614,46.90,-177.59,-14.63
1.820151,-2.0608,0.4412,-1.1546,45.57,-174.44,-14.42
1.820748,-2.0530,0.4407,-1.1444,45.36,-173.32,-14.42
1.821344,-2.0442,0.4377,-1.1409,44.10,-170.10,-13.37
1.821941,-2.0408,0.4382,-1.1429,44.17,-169.19,-13.16
1.822538,-2.0354,0.4392,-1.1405,42.63,-165.90,-12.67
1.823135,-2.0276,0.4368,-1.1322,43.40,-165.34,-13.30
1.823732,-2.0179,0.4377,-1.1258,41.23,-161.49,-11.27
1.824329,-2.0091,0.4363,-1.1204,41.86,-160.86,-12.53
1.824926,-2.0037,0.4304,-1.1151,40.46,-157.50,-10.50
1.825523,-1.9920,0.4314,-1.1151,40.60,-156.73,-11.41
1.826120,-1.9847,0.4299,-1.1136,39.06,-153.30,-9.87
1.826717,-1.9818,0.4246,-1.1097,39.13,-152.88,-10.50
1.827313,-1.9749,0.4207,-1.0990,38.43,-149.73,-9.66
1.827910,-1.9740,0.4177,-1.0941,37.38,-148.40,-10.15
1.828507,-1.9637,0.4187,-1.0917,36.19,-144.34,-10.43
1.829104,-1.9618,0.4148,-1.0873,36.19,-142.10,-7.56
1.829104,-1.9574,0.4133,-1.0834,34.65,-140.28,-9.52
1.829699,-1.9540,0.4128,-1.0731,35.49,-138.88,-7.07
1.830296,-1.9515,0.4114,-1.0692,33.53,-136.36,-9.52
1.830893,-1.9559,0.4089,-1.0702,34.44,-135.38,-6.30
1.831490,-1.9540,0.4119,-1.0629,32.41,-132.93,-8.82
1.832086,-1.9466,0.4094,-1.0575,33.46,-131.88,-6.23
1.832683,-1.9457,0.4026,-1.0541,31.36,-129.64,-8.33
1.833280,-1.9442,0.4070,-1.0502,32.34,-128.24,-5.88
1.833877,-1.9393,0.4070,-1.0492,30.59,-126.21,-8.33
1.834474,-1.9369,0.4026,-1.0458,30.87,-124.74,-5.67
1.835071,-1.9369,0.4011,-1.0438,30.10,-122.85,-8.19
1.835668,-1.9364,0.3987,-1.0463,29.82,-121.87,-5.46
1.836265,-1.9349,0.3992,-1.0433,29.33,-119.98,-7.56
1.836862,-1.9320,0.4002,-1.0390,28.91,-118.72,-5.60
1.837458,-1.9291,0.4006,-1.0365,28.77,-117.32,-7.70
1.838055,-1.9256,0.4002,-1.0297,27.93,-115.57,-5.67
1.838652,-1.9217,0.4006,-1.0263,27.09,-112.91,-5.95
1.839249,-1.9183,0.4021,-1.0214,26.60,-111.09,-6.93
1.839846,-1.9115,0.4041,-1.0228,26.74,-110.32,-6.37
1.840821,-1.9091,0.4046,-1.0150,25.41,-108.29,-6.79
1.841418,-1.9095,0.4050,-1.0106,25.41,-107.24,-6.58
1.842015,-1.9091,0.4036,-1.0121,25.06,-105.77,-7.00
1.842612,-1.9047,0.4041,-1.0028,24.71,-104.51,-6.86
1.843209,-1.8988,0.4060,-0.9999,23.73,-102.90,-7.21
1.843805,-1.8964,0.4060,-0.9984,24.36,-102.34,-7.07
1.844402,-1.8925,0.4031,-0.9950,23.17,-100.38,-7.21
1.844999,-1.8890,0.4046,-0.9862,23.52,-99.61,-7.42
1.845596,-1.8837,0.4065,-0.9794,22.61,-98.70,-7.28
1.846193,-1.8764,0.4055,-0.9760,22.54,-97.30,-7.91
1.846790,-1.8729,0.4070,-0.9706,22.05,-96.60,-7.42
1.847387,-1.8681,0.4099,-0.9672,21.49,-94.29,-8.61
1.847984,-1.8622,0.4109,-0.9623,21.91,-94.36,-7.49
1.848581,-1.8573,0.4099,-0.9594,20.65,-92.12,-8.75
1.849178,-1.8544,0.4099,-0.9462,21.14,-92.54,-7.42
1.849774,-1.8383,0.4089,-0.9438,20.72,-90.37,-7.70
1.850371,-1.8295,0.4089,-0.9394,19.60,-87.50,-9.80
1.850968,-1.8217,0.4085,-0.9335,20.09,-87.85,-8.33
1.851565,-1.8232,0.4128,-0.9306,18.97,-86.17,-9.80
1.852539,-1.8173,0.4124,-0.9238,19.46,-85.40,-8.89
1.853136,-1.8071,0.4104,-0.9179,18.69,-84.56,-10.36
1.853733,-1.8017,0.4128,-0.9150,18.83,-82.81,-9.10
1.854330,-1.7983,0.4148,-0.9096,18.27,-82.67,-10.50
1.854927,-1.7924,0.4163,-0.9013,18.34,-80.92,-9.38
1.855523,-1.7817,0.4168,-0.8955,18.13,-81.06,-10.99
1.856120,-1.7724,0.4163,-0.8935,17.71,-79.03,-9.52
1.856717,-1.7636,0.4168,-0.8896,18.06,-79.17,-11.13
1.857314,-1.7544,0.4192,-0.8847,17.22,-77.63,-9.94
1.857911,-1.7505,0.4202,-0.8784,17.36,-77.35,-11.20
1.858508,-1.7417,0.4216,-0.8750,17.08,-75.67,-10.08
1.859105,-1.7314,0.4246,-0.8725,16.87,-75.53,-12.04
1.859702,-1.7226,0.4216,-0.8667,16.73,-73.92,-10.57
1.860299,-1.7153,0.4168,-0.8638,16.52,-73.99,-11.83
1.860896,-1.7075,0.4187,-0.8633,16.94,-72.31,-11.20
1.861492,-1.6992,0.4226,-0.8594,15.89,-72.03,-12.32
1.862089,-1.6948,0.4192,-0.8550,16.66,-70.00,-11.69
1.862686,-1.6880,0.4168,-0.8530,15.40,-70.63,-12.60
1.863283,-1.6816,0.4192,-0.8477,16.52,-68.74,-11.83
1.864258,-1.6782,0.4216,-0.8418,15.12,-69.02,-12.46
1.864855,-1.6734,0.4231,-0.8423,16.17,-67.20,-12.18
1.865452,-1.6646,0.4197,-0.8394,15.05,-67.06,-13.23
1.866049,-1.6602,0.4187,-0.8335,16.03,-65.94,-12.53
1.866646,-1.6592,0.4197,-0.8286,14.56,-65.59,-13.44
1.867242,-1.6524,0.4226,-0.8286,16.45,-64.75,-12.81
1.867839,-1.6441,0.4231,-0.8316,14.00,-63.84,-13.79
1.868436,-1.6411,0.4241,-0.8286,16.24,-63.56,-13.16
1.869033,-1.6368,0.4270,-0.8262,14.14,-62.37,-14.49
1.869630,-1.6314,0.4265,-0.8213,15.75,-62.16,-13.65
1.870227,-1.6275,0.4285,-0.8184,14.07,-60.90,-14.28
1.870824,-1.6187,0.4314,-0.8135,15.54,-60.69,-13.93
1.871421,-1.6109,0.4304,-0.8062,14.07,-59.99,-14.63
1.872018,-1.6045,0.4324,-0.8028,15.12,-59.57,-14.56
1.872615,-1.5967,0.4343,-0.8037,14.35,-58.73,-14.70
1.873211,-1.5923,0.4324,-0.8008,14.70,-58.45,-15.12
1.873808,-1.5875,0.4353,-0.7979,14.42,-57.26,-15.47
1.874405,-1.5792,0.4377,-0.7954,14.49,-56.91,-15.82
1.875002,-1.5718,0.4387,-0.7881,14.56,-56.35,-15.89
1.875002,-1.5650,0.4392,-0.7852,14.42,-56.00,-16.10
1.875597,-1.5577,0.4412,-0.7823,14.49,-55.37,-16.17
1.876194,-1.5479,0.4470,-0.7779,14.21,-55.02,-16.80
1.876791,-1.5411,0.4460,-0.7749,14.28,-54.11,-16.59
1.877388,-1.5377,0.4465,-0.7657,14.00,-53.62,-17.92
1.877984,-1.5333,0.4519,-0.7559,14.49,-52.71,-17.08
1.878581,-1.5279,0.4558,-0.7549,13.86,-52.57,-18.69
1.879178,-1.5201,0.4577,-0.7530,14.21,-51.80,-17.50
1.879775,-1.5118,0.4597,-0.7491,13.93,-51.73,-19.74
1.880372,-1.5050,0.4656,-0.7432,14.14,-50.75,-17.78
1.880969,-1.4967,0.4709,-0.7374,13.72,-51.03,-20.58
1.881566,-1.4913,0.4748,-0.7315,14.21,-49.70,-18.41
1.882163,-1.4899,0.4792,-0.7193,13.51,-49.77,-21.49
1.882760,-1.4708,0.4885,-0.7159,13.86,-48.58,-22.82
1.883357,-1.4650,0.4943,-0.7115,13.51,-47.88,-19.18
1.883953,-1.4601,0.4973,-0.7047,13.44,-47.46,-23.66
1.884550,-1.4552,0.5017,-0.7003,13.58,-46.90,-20.30
1.885147,-1.4440,0.5036,-0.6905,13.37,-46.97,-24.36
1.885744,-1.4337,0.5070,-0.6812,13.44,-46.27,-20.65
1.886719,-1.4269,0.5139,-0.6769,13.65,-46.06,-25.76
1.887316,-1.4172,0.5192,-0.6690,13.65,-45.29,-26.81
1.887913,-1.4108,0.5222,-0.6647,12.81,-44.24,-22.19
1.888510,-1.4045,0.5275,-0.6642,13.09,-44.10,-27.79
1.889107,-1.3957,0.5339,-0.6617,12.81,-43.33,-22.96
1.889703,-1.3879,0.5368,-0.6544,12.81,-43.68,-27.93
1.890300,-1.3806,0.5422,-0.6495,13.09,-42.21,-24.15
1.890897,-1.3771,0.5470,-0.6486,12.25,-42.91,-28.42
1.891494,-1.3723,0.5490,-0.6442,13.16,-41.16,-25.27
1.892091,-1.3630,0.5485,-0.6383,11.90,-42.07,-28.70
1.892688,-1.3547,0.5500,-0.6359,12.74,-40.25,-26.53
1.893285,-1.3469,0.5563,-0.6320,11.83,-41.58,-29.19
1.893882,-1.3381,0.5622,-0.6290,12.81,-39.62,-26.95
1.894479,-1.3293,0.5617,-0.6256,11.69,-40.53,-30.17
1.895076,-1.3244,0.5622,-0.6188,12.46,-38.43,-27.09
1.895672,-1.3205,0.5680,-0.6178,11.69,-40.04,-30.38
1.896269,-1.3132,0.5714,-0.6173,12.11,-38.08,-27.65
1.896866,-1.3083,0.5714,-0.6144,11.62,-39.27,-30.87
1.897463,-1.3020,0.5749,-0.6124,11.69,-37.17,-28.00
1.898438,-1.2952,0.5807,-0.6090,11.83,-38.57,-31.50
1.899035,-1.2888,0.5846,-0.6071,11.62,-36.47,-28.07
1.899632,-1.2810,0.5866,-0.6041,11.55,-37.80,-31.57
1.900229,-1.2727,0.5905,-0.5998,11.48,-36.40,-28.70
1.900826,-1.2659,0.5924,-0.5963,11.27,-36.75,-31.50
1.901422,-1.2610,0.5924,-0.5919,10.99,-35.42,-29.40
1.902019,-1.2546,0.5983,-0.5880,11.55,-36.33,-31.43
1.902616,-1.2537,0.6022,-0.5851,10.85,-35.07,-29.19
1.903213,-1.2483,0.6027,-0.5822,10.92,-35.56,-31.36
1.903810,-1.2385,0.6037,-0.5793,11.13,-34.86,-29.54
1.904407,-1.2312,0.6051,-0.5788,10.78,-34.09,-31.01
1.905004,-1.2268,0.6095,-0.5729,10.99,-34.44,-29.54
1.905601,-1.2220,0.6124,-0.5617,10.15,-33.81,-30.94
1.906198,-1.2137,0.6115,-0.5602,11.13,-33.67,-29.82
1.906795,-1.2102,0.6124,-0.5602,9.73,-33.39,-30.45
1.907391,-1.2054,0.6120,-0.5544,11.06,-33.11,-29.89
1.907988,-1.1995,0.6110,-0.5514,9.38,-32.55,-30.52
1.908585,-1.1936,0.6159,-0.5505,11.20,-32.90,-29.82
1.909182,-1.1868,0.6178,-0.5485,9.24,-31.92,-29.89
1.909182,-1.1775,0.6178,-0.5431,11.06,-32.13,-29.40
1.909777,-1.1697,0.6188,-0.5353,9.10,-31.85,-29.26
1.910374,-1.1727,0.6163,-0.5353,10.92,-31.22,-30.03
1.910971,-1.1741,0.6159,-0.5339,8.89,-30.66,-28.49
1.911568,-1.1658,0.6163,-0.5285,10.92,-31.43,-30.03
1.912164,-1.1536,0.6168,-0.5241,9.38,-30.45,-27.93
1.912761,-1.1502,0.6173,-0.5222,10.43,-30.87,-29.75
1.913358,-1.1478,0.6173,-0.5222,9.73,-30.10,-27.58
1.913955,-1.1385,0.6178,-0.5178,9.66,-30.10,-29.47
1.914552,-1.1287,0.6193,-0.5183,10.43,-29.26,-27.30
1.915149,-1.1200,0.6212,-0.5178,9.52,-29.68,-29.05
1.915746,-1.1161,0.6207,-0.5104,10.15,-28.42,-26.88
1.916343,-1.1117,0.6198,-0.5075,9.45,-29.12,-28.56
1.916940,-1.1063,0.6183,-0.5056,10.85,-28.07,-26.46
1.917537,-1.1024,0.6178,-0.5041,9.73,-28.42,-28.63
1.918133,-1.0946,0.6193,-0.5012,10.57,-27.65,-26.25
1.918730,-1.0897,0.6212,-0.4987,9.73,-27.93,-28.00
1.919327,-1.0838,0.6222,-0.4973,10.50,-27.44,-25.90
1.919924,-1.0712,0.6237,-0.4909,9.87,-27.44,-27.86
1.919924,-1.0624,0.6222,-0.4865,10.43,-26.67,-25.13
1.920519,-1.0594,0.6159,-0.4836,10.43,-27.02,-27.72
1.921116,-1.0541,0.6100,-0.4753,10.43,-26.11,-25.20
1.921713,-1.0468,0.6076,-0.4695,10.57,-26.39,-26.88
1.922310,-1.0433,0.6129,-0.4665,10.57,-25.20,-24.64
1.922906,-1.0409,0.6149,-0.4616,11.20,-25.76,-27.16
1.923503,-1.0365,0.6144,-0.4612,10.50,-24.29,-24.36
1.924100,-1.0311,0.6163,-0.4607,11.48,-24.78,-26.95
1.924697,-1.0233,0.6115,-0.4558,10.50,-23.87,-23.87
1.925294,-1.0189,0.6105,-0.4509,11.97,-24.15,-26.88
1.925891,-1.0175,0.6134,-0.4455,10.99,-23.73,-23.45
1.926488,-1.0141,0.6139,-0.4372,12.25,-23.66,-27.16
1.927085,-1.0063,0.6183,-0.4270,11.06,-22.68,-23.10
1.927682,-0.9999,0.6198,-0.4250,12.67,-23.10,-26.60
1.928279,-0.9984,0.6183,-0.4246,11.55,-21.98,-23.45
1.928875,-0.9965,0.6144,-0.4202,12.88,-22.40,-26.60
1.929472,-0.9911,0.6139,-0.4158,12.11,-21.21,-22.82
1.930069,-0.9867,0.6173,-0.4128,13.02,-22.05,-26.67
1.930666,-0.9823,0.6217,-0.4085,12.53,-20.16,-22.75
1.931641,-0.9814,0.6217,-0.4011,13.02,-21.56,-26.25
1.932238,-0.9799,0.6163,-0.3953,13.51,-19.95,-22.82
1.932835,-0.9750,0.6149,-0.3933,13.16,-20.93,-26.25
1.933432,-0.9721,0.6207,-0.3938,13.93,-19.32,-22.19
1.934029,-0.9677,0.6246,-0.3909,13.16,-19.74,-26.39
1.934625,-0.9687,0.6251,-0.3855,14.70,-18.76,-22.47
1.935222,-0.9638,0.6315,-0.3811,13.09,-18.97,-26.04
1.935819,-0.9575,0.6344,-0.3806,15.40,-18.13,-22.89
1.936416,-0.9536,0.6310,-0.3792,13.30,-18.62,-25.55
1.937013,-0.9477,0.6305,-0.3743,15.68,-17.36,-22.47
1.937610,-0.9487,0.6368,-0.3719,13.51,-18.20,-25.13
1.938207,-0.9496,0.6393,-0.3733,16.73,-17.15,-22.82
1.938804,-0.9453,0.6412,-0.3699,13.58,-17.01,-24.43
1.939401,-0.9423,0.6407,-0.3665,17.08,-16.80,-23.10
1.939998,-0.9443,0.6407,-0.3645,14.00,-15.96,-24.71
1.940594,-0.9418,0.6442,-0.3601,17.01,-16.17,-22.68
1.941191,-0.9389,0.6446,-0.3616,15.12,-16.10,-24.22
1.941788,-0.9384,0.6451,-0.3601,17.08,-15.19,-22.82
1.942385,-0.9350,0.6456,-0.3528,15.61,-15.75,-23.45
1.942385,-0.9331,0.6476,-0.3489,17.08,-14.84,-22.40
1.942980,-0.9355,0.6534,-0.3489,16.10,-15.47,-22.54
1.943577,-0.9340,0.6573,-0.3489,17.08,-14.07,-22.68
1.944174,-0.9287,0.6568,-0.3436,16.80,-15.26,-22.05
1.944771,-0.9238,0.6564,-0.3396,16.94,-13.58,-22.19
1.945367,-0.9238,0.6568,-0.3396,17.22,-14.56,-21.49
1.945964,-0.9252,0.6588,-0.3382,17.08,-13.09,-21.98
1.946561,-0.9282,0.6617,-0.3338,17.99,-14.28,-20.72
1.947158,-0.9233,0.6637,-0.3309,17.22,-12.60,-21.98
1.947755,-0.9170,0.6642,-0.3240,18.41,-13.93,-20.02
1.948352,-0.9174,0.6671,-0.3162,17.15,-12.39,-21.07
1.948949,-0.9130,0.6730,-0.3152,18.69,-13.16,-19.46
1.949546,-0.9106,0.6749,-0.3143,17.50,-11.97,-20.51
1.950143,-0.9140,0.6773,-0.3104,18.69,-12.81,-19.18
1.950739,-0.9160,0.6759,-0.3109,17.71,-11.83,-20.23
1.951336,-0.9135,0.6764,-0.3099,18.90,-12.25,-18.27
1.951933,-0.9135,0.6832,-0.3011,18.41,-11.76,-19.46
1.952530,-0.9091,0.6866,-0.2943,18.97,-11.69,-17.92
1.953127,-0.9004,0.6871,-0.2908,18.48,-11.69,-18.13
1.953127,-0.9008,0.6891,-0.2884,18.69,-11.27,-17.15
1.953722,-0.9048,0.6905,-0.2894,18.90,-11.48,-17.57
1.954319,-0.9023,0.6925,-0.2845,18.41,-10.43,-16.73
1.954916,-0.8979,0.6949,-0.2752,18.83,-11.34,-16.59
1.955513,-0.8974,0.6944,-0.2713,18.62,-10.29,-16.45
1.956109,-0.8945,0.6939,-0.2713,19.32,-10.99,-15.82
1.956706,-0.8926,0.6983,-0.2704,18.41,-9.73,-15.82
1.957303,-0.8930,0.7066,-0.2708,19.39,-10.78,-15.05
1.957900,-0.8911,0.7110,-0.2650,18.06,-9.59,-15.33
1.958497,-0.8886,0.7159,-0.2577,19.53,-10.71,-14.35
1.959094,-0.8882,0.7213,-0.2552,17.57,-9.52,-14.49
1.959691,-0.8882,0.7193,-0.2518,19.46,-10.15,-13.65
1.960288,-0.8862,0.7237,-0.2518,17.99,-9.31,-14.07
1.960885,-0.8862,0.7340,-0.2518,18.90,-9.94,-13.09
1.961481,-0.8838,0.7403,-0.2513,18.06,-9.45,-13.37
1.962078,-0.8838,0.7432,-0.2494,18.55,-9.31,-12.95
1.962675,-0.8857,0.7452,-0.2469,17.85,-9.03,-12.60
1.963272,-0.8843,0.7466,-0.2469,18.06,-9.03,-12.39
1.963869,-0.8828,0.7491,-0.2464,18.13,-9.17,-12.46
1.964844,-0.8852,0.7564,-0.2450,17.50,-8.75,-11.55
1.965441,-0.8862,0.7588,-0.2455,18.27,-9.52,-11.62
1.966038,-0.8843,0.7637,-0.2420,16.94,-8.33,-11.27
1.966635,-0.8818,0.7696,-0.2362,17.71,-9.31,-11.06
1.967232,-0.8808,0.7696,-0.2377,16.31,-8.40,-10.85
1.967828,-0.8799,0.7720,-0.2338,16.94,-8.82,-10.64
1.968425,-0.8764,0.7749,-0.2294,16.59,-8.47,-10.85
1.969022,-0.8779,0.7793,-0.2289,16.38,-8.40,-9.73
1.969619,-0.8799,0.7803,-0.2235,16.17,-8.40,-10.43
1.970216,-0.8760,0.7818,-0.2211,15.96,-8.05,-9.24
1.970813,-0.8745,0.7867,-0.2201,15.75,-8.19,-9.87
1.971410,-0.8745,0.7876,-0.2162,14.98,-8.12,-8.89
1.972007,-0.8701,0.7871,-0.2128,15.19,-8.26,-9.73
1.972604,-0.8682,0.7930,-0.2079,14.84,-8.26,-8.75
1.973200,-0.8652,0.7964,-0.2128,14.28,-7.98,-8.68
1.973797,-0.8662,0.7945,-0.2084,13.58,-7.98,-8.40
1.974394,-0.8677,0.7998,-0.2020,13.72,-8.68,-7.70
1.974991,-0.8672,0.8052,-0.1991,12.95,-7.21,-8.68
1.975588,-0.8686,0.8057,-0.1967,12.95,-8.61,-6.72
1.976563,-0.8628,0.8047,-0.1952,12.32,-6.72,-8.26
1.977160,-0.8603,0.8062,-0.1923,12.39,-8.61,-6.23
1.977757,-0.8647,0.8072,-0.1864,11.55,-7.00,-8.26
1.978354,-0.8647,0.8081,-0.1791,11.41,-7.91,-6.02
1.978951,-0.8613,0.8120,-0.1737,10.99,-7.07,-7.56
1.979547,-0.8579,0.8115,-0.1737,10.36,-7.98,-5.74
1.980144,-0.8579,0.8115,-0.1703,10.36,-7.21,-7.21
1.980741,-0.8594,0.8120,-0.1649,10.01,-8.12,-5.39
1.981338,-0.8545,0.8120,-0.1630,9.17,-7.07,-6.65
1.981935,-0.8491,0.8120,-0.1640,9.10,-7.84,-4.97
1.982532,-0.8520,0.8135,-0.1649,8.19,-7.14,-6.23
1.983129,-0.8550,0.8150,-0.1606,8.61,-7.70,-4.76
1.983726,-0.8530,0.8140,-0.1576,7.35,-6.86,-5.88
1.984323,-0.8481,0.8169,-0.1576,7.91,-7.70,-4.27
1.984919,-0.8477,0.8174,-0.1537,6.65,-7.56,-5.88
1.985516,-0.8491,0.8164,-0.1503,6.72,-6.86,-3.92
1.986113,-0.8491,0.8159,-0.1518,5.74,-7.70,-5.32
1.986710,-0.8516,0.8154,-0.1498,5.60,-6.86,-3.78
1.987307,-0.8491,0.8150,-0.1449,5.18,-7.42,-4.76
1.987307,-0.8462,0.8150,-0.1420,4.69,-6.86,-3.78
1.987902,-0.8491,0.8150,-0.1435,4.27,-7.63,-4.41
1.988499,-0.8481,0.8145,-0.1454,4.13,-6.58,-4.41
1.989096,-0.8438,0.8130,-0.1420,3.50,-7.77,-3.92
1.989693,-0.8438,0.8125,-0.1435,2.94,-6.51,-3.78
1.990289,-0.8423,0.8125,-0.1440,3.22,-7.63,-3.92
1.990886,-0.8418,0.8086,-0.1396,1.82,-6.30,-3.64
1.991483,-0.8442,0.8072,-0.1401,2.52,-7.77,-3.50
1.992080,-0.8457,0.8042,-0.1410,0.91,-6.65,-3.29
1.992677,-0.8457,0.8028,-0.1371,1.26,-7.14,-3.08
1.993274,-0.8438,0.8067,-0.1337,0.42,-7.14,-3.36
1.993871,-0.8423,0.8072,-0.1347,0.56,-6.93,-3.43
1.994468,-0.8433,0.8032,-0.1371,-0.35,-7.35,-3.36
1.995065,-0.8457,0.8003,-0.1308,-0.35,-7.07,-2.94
1.995661,-0.8457,0.7974,-0.1308,-0.70,-7.56,-3.22
1.996258,-0.8452,0.7930,-0.1240,-1.19,-6.72,-3.29
1.996855,-0.8433,0.7950,-0.1176,-1.61,-6.86,-2.73
1.997452,-0.8398,0.7959,-0.1171,-2.10,-6.58,-2.52
1.998049,-0.8433,0.7940,-0.1157,-2.03,-7.56,-2.80
1.998049,-0.8452,0.7920,-0.1157,-2.87,-6.72,-2.24
1.998644,-0.8447,0.7881,-0.1152,-2.59,-7.49,-2.94
1.999241,-0.8447,0.7881,-0.1152,-3.57,-5.88,-2.59
1.999838,-0.8423,0.7891,-0.1157,-3.15,-7.77,-2.66
2.000435,-0.8403,0.7852,-0.1108,-4.06,-6.30,-2.59
2.001031,-0.8384,0.7818,-0.1083,-3.92,-7.77,-2.24
2.001628,-0.8345,0.7813,-0.1088,-4.69,-6.30,-1.82
2.002225,-0.8330,0.7793,-0.1054,-4.55,-7.42,-2.31
2.002822,-0.8330,0.7749,-0.1005,-4.83,-6.30,-1.68
2.003419,-0.8291,0.7759,-0.0956,-5.53,-7.21,-1.96
2.004016,-0.8296,0.7788,-0.0952,-5.46,-6.23,-2.03
2.004613,-0.8316,0.7793,-0.0952,-6.37,-7.35,-1.54
2.005210,-0.8272,0.7779,-0.0971,-5.88,-6.58,-1.68
2.005807,-0.8203,0.7706,-0.0903,-6.93,-7.35,-1.47
2.006403,-0.8179,0.7715,-0.0878,-7.21,-6.86,-1.82
2.007000,-0.8140,0.7730,-0.0883,-7.07,-6.79,-0.56
2.007597,-0.8125,0.7701,-0.0942,-7.70,-6.37,-1.68
2.008194,-0.8081,0.7701,-0.0903,-7.70,-6.79,-0.42
2.008791,-0.8018,0.7730,-0.0849,-8.26,-5.95,-1.33
2.009766,-0.7998,0.7730,-0.0830,-7.98,-6.51,-0.07
2.010363,-0.8013,0.7715,-0.0766,-8.82,-6.02,-1.19
2.010960,-0.7969,0.7706,-0.0756,-8.47,-6.02,-0.21
2.011557,-0.7906,0.7715,-0.0766,-8.96,-5.60,-0.63
2.012154,-0.7915,0.7730,-0.0781,-9.38,-5.95,0.21
2.012750,-0.7910,0.7730,-0.0805,-9.31,-5.46,-0.49
2.013347,-0.7906,0.7720,-0.0756,-10.01,-5.95,0.28
2.013944,-0.7901,0.7691,-0.0747,-9.10,-5.53,-0.42
2.014541,-0.7876,0.7676,-0.0722,-10.85,-5.11,0.84
2.015138,-0.7857,0.7632,-0.0693,-9.31,-5.04,-0.63
2.015735,-0.7857,0.7579,-0.0717,-10.99,-5.04,1.33
2.016332,-0.7886,0.7598,-0.0722,-9.73,-4.76,-0.14
2.016929,-0.7886,0.7618,-0.0712,-11.20,-5.18,1.47
2.017526,-0.7847,0.7579,-0.0693,-10.08,-4.06,-0.07
2.018122,-0.7813,0.7530,-0.0644,-11.55,-4.90,2.24
2.018719,-0.7788,0.7520,-0.0654,-10.36,-3.99,-0.42
2.019316,-0.7774,0.7549,-0.0678,-11.76,-4.48,2.52
2.019913,-0.7740,0.7535,-0.0678,-10.71,-3.64,-0.21
2.020510,-0.7754,0.7510,-0.0673,-11.69,-3.99,2.66
2.020510,-0.7784,0.7515,-0.0644,-11.48,-3.78,0.14
2.021105,-0.7788,0.7496,-0.0673,-11.55,-3.64,3.08
2.021702,-0.7788,0.7476,-0.0688,-11.90,-3.64,0.00
2.022299,-0.7793,0.7457,-0.0669,-11.55,-3.57,3.22
2.022896,-0.7759,0.7462,-0.0649,-12.25,-3.29,0.49
2.023492,-0.7754,0.7452,-0.0595,-11.20,-3.08,2.94
2.024089,-0.7793,0.7442,-0.0571,-12.67,-2.80,1.05
2.024686,-0.7788,0.7452,-0.0551,-11.34,-2.59,3.15
2.025283,-0.7793,0.7437,-0.0547,-12.74,-2.87,1.26
2.025880,-0.7808,0.7413,-0.0556,-11.41,-2.52,3.08
2.026477,-0.7823,0.7422,-0.0532,-12.95,-2.59,2.03
2.027074,-0.7818,0.7418,-0.0512,-11.13,-2.17,3.08
2.027671,-0.7818,0.7374,-0.0527,-13.30,-2.17,2.73
2.028268,-0.7852,0.7344,-0.0459,-11.27,-2.10,2.94
2.028864,-0.7823,0.7325,-0.0454,-10.99,-1.61,2.17
2.029461,-0.7793,0.7364,-0.0429,-13.30,-1.82,4.34
2.030058,-0.7798,0.7354,-0.0395,-11.55,-1.05,2.59
2.030655,-0.7808,0.7310,-0.0425,-12.81,-1.82,4.41
2.031252,-0.7818,0.7296,-0.0415,-11.90,-0.77,2.59
2.032227,-0.7803,0.7261,-0.0410,-12.46,-1.19,4.83
2.032824,-0.7784,0.7271,-0.0429,-11.76,-0.98,2.87
2.033421,-0.7784,0.7281,-0.0405,-12.39,-0.56,4.83
2.034018,-0.7784,0.7266,-0.0376,-11.97,-1.05,3.22
2.034615,-0.7779,0.7330,-0.0327,-12.32,-0.49,5.04
2.035211,-0.7754,0.7330,-0.0332,-12.11,-0.98,3.29
2.035808,-0.7730,0.7276,-0.0376,-12.18,0.49,5.74
2.036405,-0.7735,0.7305,-0.0366,-12.11,-0.98,3.57
2.037002,-0.7745,0.7335,-0.0312,-11.55,0.91,5.67
2.037599,-0.7735,0.7330,-0.0283,-12.25,-0.84,3.99
2.038196,-0.7715,0.7320,-0.0278,-11.27,0.98,5.81
2.038793,-0.7749,0.7340,-0.0303,-12.74,-0.28,4.41
2.039390,-0.7769,0.7364,-0.0322,-10.92,1.33,6.09
2.039987,-0.7764,0.7359,-0.0244,-12.81,-0.14,4.62
2.040583,-0.7837,0.7349,-0.0210,-12.81,0.84,4.76
2.041180,-0.7803,0.7349,-0.0171,-10.29,1.61,6.30
2.041777,-0.7823,0.7354,-0.0185,-12.88,0.63,5.18
2.042374,-0.7857,0.7369,-0.0195,-10.08,1.82,6.65
2.042971,-0.7837,0.7344,-0.0161,-12.32,0.77,5.32
2.043946,-0.7832,0.7344,-0.0171,-10.57,1.96,6.79
2.044543,-0.7842,0.7379,-0.0171,-11.97,0.42,5.60
2.045140,-0.7852,0.7388,-0.0166,-10.50,2.24,6.72
2.045737,-0.7852,0.7388,-0.0161,-11.48,0.70,6.37
2.046334,-0.7847,0.7388,-0.0142,-11.06,2.80,6.65
2.046930,-0.7876,0.7383,-0.0112,-11.27,0.91,6.86
2.047527,-0.7886,0.7379,-0.0107,-10.92,2.73,6.79
2.048124,-0.7857,0.7374,-0.0088,-10.50,1.12,6.93
2.048721,-0.7847,0.7393,-0.0088,-11.13,2.87,7.42
2.049318,-0.7862,0.7418,-0.0073,-10.50,1.75,6.72
2.049915,-0.7871,0.7403,-0.0039,-10.57,2.52,7.84
2.050512,-0.7871,0.7393,-0.0049,-10.43,2.10,7.14
2.051109,-0.7886,0.7398,-0.0059,-10.64,2.45,7.84
2.051706,-0.7920,0.7398,-0.0054,-10.36,2.03,7.28
2.052302,-0.7891,0.7403,-0.0073,-10.36,2.38,7.98
2.052899,-0.7896,0.7427,-0.0098,-10.43,2.31,7.70
2.053496,-0.7964,0.7462,-0.0049,-10.22,2.38,8.33
2.054093,-0.7974,0.7486,-0.0044,-10.50,2.80,8.19
2.054690,-0.7984,0.7462,-0.0093,-10.29,2.17,8.47
2.055664,-0.7998,0.7422,-0.0088,-10.22,2.94,8.40
2.056261,-0.8028,0.7462,-0.0078,-9.66,2.10,8.82
2.056858,-0.8062,0.7501,-0.0044,-10.08,3.08,8.26
2.057455,-0.8032,0.7505,0.0020,-9.52,2.03,9.24
2.058052,-0.8057,0.7501,0.0015,-10.15,3.50,8.54
2.058648,-0.8130,0.7491,-0.0024,-9.31,2.03,8.96
2.059245,-0.8135,0.7486,0.0039,-9.59,3.57,8.75
2.059842,-0.8120,0.7491,0.0068,-9.52,1.96,8.54
2.060439,-0.8145,0.7476,0.0029,-9.24,3.64,9.31
2.061036,-0.8184,0.7476,0.0034,-9.52,2.24,8.82
2.061633,-0.8169,0.7510,0.0039,-8.96,2.80,9.66
2.062230,-0.8125,0.7520,0.0073,-9.52,2.31,8.82
2.062827,-0.8130,0.7505,0.0107,-8.82,3.50,10.29
2.063424,-0.8174,0.7491,0.0098,-8.96,2.31,8.40
2.064020,-0.8145,0.7442,0.0059,-8.40,3.43,10.01
2.064617,-0.8145,0.7432,0.0166,-8.26,3.22,10.22
2.065214,-0.8228,0.7442,0.0142,-8.19,2.94,10.22
2.065811,-0.8203,0.7413,0.0107,-8.47,2.38,9.59
2.066408,-0.8233,0.7379,0.0137,-7.77,3.08,10.15
2.067383,-0.8276,0.7369,0.0151,-8.40,2.45,9.73
2.067980,-0.8281,0.7325,0.0117,-7.84,2.80,10.78
2.068577,-0.8257,0.7296,0.0127,-7.98,2.87,9.66
2.069174,-0.8262,0.7291,0.0146,-7.35,2.66,10.85
2.069771,-0.8306,0.7271,0.0176,-7.63,2.52,9.66
2.070367,-0.8330,0.7232,0.0244,-7.28,2.73,11.06
2.070964,-0.8296,0.7174,0.0220,-7.00,2.38,9.66
2.071561,-0.8272,0.7174,0.0205,-7.21,2.73,11.06
2.072158,-0.8306,0.7154,0.0229,-6.09,1.96,9.87
2.072755,-0.8325,0.7110,0.0239,-6.79,3.15,10.50
2.073352,-0.8335,0.7100,0.0229,-5.81,1.75,10.71
2.073949,-0.8350,0.7052,0.0229,-6.44,2.80,10.78
2.074546,-0.8335,0.7013,0.0244,-5.39,1.96,10.43
2.075143,-0.8355,0.6978,0.0210,-4.90,1.68,10.43
2.075740,-0.8355,0.6939,0.0224,-5.74,2.87,10.92
2.076336,-0.8369,0.6910,0.0259,-4.34,2.10,10.29
2.076933,-0.8379,0.6910,0.0273,-5.25,2.66,11.27
2.077530,-0.8389,0.6891,0.0259,-3.92,1.89,9.87
2.078127,-0.8418,0.6886,0.0249,-4.41,2.52,11.20
2.079102,-0.8433,0.6881,0.0224,-3.99,1.89,9.66
2.079699,-0.8442,0.6881,0.0190,-3.78,1.89,11.06
2.080296,-0.8438,0.6895,0.0234,-3.43,2.31,8.89
2.080893,-0.8438,0.6900,0.0259,-3.15,1.89,11.41
2.081490,-0.8389,0.6861,0.0254,-3.36,2.31,8.82
2.082086,-0.8364,0.6827,0.0268,-2.03,1.47,11.06
2.082683,-0.8364,0.6832,0.0293,-3.08,2.52,8.68
2.083280,-0.8364,0.6808,0.0283,-1.12,1.33,10.29
2.083877,-0.8394,0.6798,0.0244,-2.94,2.10,8.96
2.084474,-0.8408,0.6769,0.0215,-0.56,1.47,9.66
2.085071,-0.8413,0.6744,0.0298,-2.38,2.03,8.75
2.085668,-0.8423,0.6754,0.0298,-0.07,1.47,8.96
2.086265,-0.8442,0.6749,0.0254,-1.47,2.31,7.84
2.086862,-0.8467,0.6739,0.0224,0.21,1.54,8.68
2.087459,-0.8491,0.6730,0.0273,-0.98,2.24,7.70
2.088055,-0.8467,0.6744,0.0293,0.63,1.82,7.35
2.088652,-0.8477,0.6730,0.0303,-0.07,1.82,7.42
2.089249,-0.8520,0.6695,0.0327,0.84,1.75,6.86
2.089846,-0.8535,0.6690,0.0312,0.70,1.61,7.21
2.089846,-0.8520,0.6725,0.0307,1.19,1.47,6.30
2.090441,-0.8530,0.6739,0.0322,1.54,1.75,6.51
2.091038,-0.8540,0.6730,0.0337,1.54,1.68,5.46
2.091635,-0.8520,0.6744,0.0332,1.96,1.54,6.02
2.092232,-0.8525,0.6744,0.0346,1.96,1.47,4.62
2.092828,-0.8530,0.6725,0.0351,2.45,1.47,5.39
2.093425,-0.8525,0.6705,0.0356,2.87,1.47,3.71
2.094022,-0.8501,0.6725,0.0366,2.87,1.40,4.69
2.094619,-0.8467,0.6749,0.0351,3.08,1.68,3.15
2.095216,-0.8496,0.6769,0.0327,3.50,1.61,3.78
2.095813,-0.8506,0.6754,0.0327,3.57,1.54,2.80
2.096410,-0.8491,0.6715,0.0381,3.92,1.12,3.36
2.097007,-0.8477,0.6715,0.0386,3.99,1.40,1.68
2.097604,-0.8481,0.6739,0.0390,4.06,1.54,2.73
2.098200,-0.8496,0.6754,0.0381,4.48,1.26,1.40
2.098797,-0.8447,0.6730,0.0395,4.90,1.33,0.77
2.099394,-0.8477,0.6690,0.0405,5.18,0.98,1.05
2.099991,-0.8467,0.6700,0.0400,5.67,1.61,-0.63
2.100588,-0.8452,0.6705,0.0425,5.53,0.77,0.56
2.101563,-0.8418,0.6661,0.0434,6.09,1.82,-0.98
2.102160,-0.8359,0.6656,0.0425,6.09,0.70,0.49
2.102757,-0.8340,0.6695,0.0439,6.86,1.54,-1.96
2.103354,-0.8340,0.6690,0.0429,6.58,0.91,0.14
2.103951,-0.8335,0.6690,0.0434,6.93,1.61,-2.31
2.104547,-0.8306,0.6681,0.0468,6.86,0.63,-0.14
2.105144,-0.8267,0.6622,0.0468,7.70,1.40,-2.94
2.105741,-0.8281,0.6627,0.0449,7.56,0.84,-0.21
2.106338,-0.8276,0.6681,0.0429,7.98,1.54,-3.43
2.106935,-0.8267,0.6710,0.0425,7.84,0.56,-1.05
2.107532,-0.8301,0.6681,0.0434,8.33,1.61,-3.78
2.108129,-0.8281,0.6676,0.0429,8.05,1.19,-1.40
2.108726,-0.8247,0.6725,0.0415,9.10,1.33,-3.78
2.109323,-0.8242,0.6725,0.0405,8.89,0.91,-2.10
2.109920,-0.8252,0.6744,0.0429,9.31,1.47,-4.20
2.110516,-0.8194,0.6773,0.0444,9.03,1.12,-1.96
2.111113,-0.8179,0.6764,0.0454,9.45,1.68,-4.55
2.111710,-0.8242,0.6783,0.0444,9.73,0.98,-2.03
2.112307,-0.8203,0.6778,0.0434,9.31,1.05,-4.48
2.113281,-0.8150,0.6793,0.0468,10.36,1.19,-2.66
2.113878,-0.8106,0.6837,0.0473,9.73,1.47,-4.83
2.114475,-0.8096,0.6852,0.0434,10.85,1.26,-3.22
2.115072,-0.8115,0.6822,0.0454,9.66,1.40,-4.97
2.115669,-0.8125,0.6842,0.0464,11.76,1.47,-3.57
2.116265,-0.8101,0.6886,0.0468,9.59,1.75,-4.90
2.116862,-0.8047,0.6861,0.0473,12.11,1.33,-3.78
2.117459,-0.8052,0.6876,0.0444,10.01,1.61,-4.90
2.118056,-0.8081,0.6920,0.0468,12.25,1.75,-4.41
2.118653,-0.8106,0.6939,0.0488,10.15,1.40,-4.34
2.119250,-0.8125,0.6939,0.0488,12.04,1.68,-4.76
2.119847,-0.8115,0.6949,0.0493,10.78,1.40,-4.34
2.120444,-0.8062,0.6993,0.0508,12.25,1.75,-5.60
2.121041,-0.8062,0.7003,0.0498,10.78,1.96,-3.85
2.121638,-0.8081,0.7027,0.0454,12.39,1.75,-5.88
2.122234,-0.8047,0.7037,0.0478,11.13,1.54,-4.06
2.122831,-0.8028,0.7061,0.0522,12.25,1.54,-5.88
2.123428,-0.8047,0.7110,0.0508,11.55,1.47,-3.71
2.124025,-0.8062,0.7076,0.0488,11.97,2.10,-6.23
2.124025,-0.8047,0.7066,0.0503,12.25,1.40,-3.85
2.124621,-0.8028,0.7110,0.0532,11.76,2.17,-6.58
2.125218,-0.8023,0.7130,0.0532,12.46,2.03,-3.78
2.125815,-0.8013,0.7120,0.0561,11.48,1.75,-6.51
2.126412,-0.8028,0.7115,0.0542,12.74,1.82,-3.78
2.127008,-0.8023,0.7139,0.0503,11.06,2.03,-6.72
2.127605,-0.7974,0.7130,0.0512,12.74,2.03,-3.08
2.128202,-0.7979,0.7139,0.0527,11.34,1.82,-6.79
2.128799,-0.7974,0.7164,0.0522,12.60,2.17,-3.22
2.129396,-0.7964,0.7159,0.0527,11.41,2.17,-6.93
2.129993,-0.7964,0.7208,0.0542,12.53,2.45,-3.08
2.130590,-0.7930,0.7208,0.0532,11.34,1.89,-7.00
2.131187,-0.7910,0.7242,0.0586,12.67,2.73,-3.22
2.131784,-0.7881,0.7271,0.0581,12.60,3.22,-3.92
2.132381,-0.7876,0.7325,0.0542,11.06,1.12,-5.67
2.132977,-0.7881,0.7320,0.0556,12.53,3.29,-3.99
2.133574,-0.7871,0.7300,0.0576,11.13,1.47,-5.60
2.134171,-0.7867,0.7300,0.0571,11.97,3.57,-4.06
2.134768,-0.7862,0.7305,0.0566,11.27,1.68,-5.39
2.135742,-0.7857,0.7340,0.0537,11.48,3.57,-3.92
2.136339,-0.7852,0.7325,0.0556,11.27,1.47,-4.90
2.136936,-0.7891,0.7315,0.0595,10.92,3.71,-4.27
2.137533,-0.7896,0.7344,0.0576,11.48,1.82,-4.62
2.138130,-0.7847,0.7364,0.0542,10.78,3.50,-4.27
2.138726,-0.7832,0.7393,0.0517,11.20,1.96,-4.06
2.139323,-0.7857,0.7447,0.0542,10.50,3.43,-3.78
2.139920,-0.7867,0.7442,0.0551,10.71,2.17,-3.99
2.140517,-0.7896,0.7403,0.0512,10.78,3.22,-3.64
2.141114,-0.7881,0.7403,0.0517,10.29,2.38,-3.57
2.141711,-0.7842,0.7422,0.0527,10.29,3.22,-3.57
2.142308,-0.7852,0.7447,0.0542,10.36,2.31,-3.57
2.142905,-0.7832,0.7442,0.0493,9.52,2.80,-3.01
2.143502,-0.7837,0.7466,0.0459,10.01,3.15,-3.29
2.144099,-0.7828,0.7501,0.0468,9.31,2.87,-3.22
2.144695,-0.7808,0.7525,0.0503,9.66,3.22,-2.73
2.145292,-0.7808,0.7530,0.0537,8.82,2.87,-2.73
2.145889,-0.7823,0.7564,0.0517,9.45,3.08,-2.80
2.146486,-0.7823,0.7554,0.0464,8.75,3.08,-2.17
2.147461,-0.7793,0.7520,0.0454,8.89,3.22,-2.59
2.148058,-0.7779,0.7530,0.0483,8.54,3.29,-2.24
2.148655,-0.7788,0.7530,0.0483,8.33,3.50,-2.45
2.149252,-0.7813,0.7544,0.0473,8.26,3.43,-2.10
2.149849,-0.7828,0.7535,0.0483,7.77,3.43,-1.96
2.150445,-0.7818,0.7510,0.0459,7.91,3.36,-1.54
2.151042,-0.7808,0.7510,0.0444,7.77,3.29,-1.68
2.151639,-0.7808,0.7530,0.0464,7.77,3.22,-1.54
2.152236,-0.7793,0.7510,0.0493,7.14,3.08,-1.33
2.152833,-0.7788,0.7466,0.0503,7.42,3.78,-1.61
2.153430,-0.7779,0.7496,0.0493,7.14,2.87,-0.56
2.154027,-0.7764,0.7486,0.0483,6.93,4.06,-1.40
2.154624,-0.7735,0.7462,0.0508,6.51,4.34,-1.19
2.155221,-0.7730,0.7466,0.0478,6.44,3.22,-0.14
2.155818,-0.7740,0.7432,0.0473,6.16,4.55,-1.19
2.156414,-0.7710,0.7413,0.0473,6.37,3.29,0.49
2.157011,-0.7686,0.7413,0.0464,5.88,4.48,-1.05
2.157608,-0.7691,0.7442,0.0449,5.88,3.43,0.84
2.158205,-0.7681,0.7437,0.0468,5.39,4.20,-0.56
2.159180,-0.7676,0.7413,0.0444,6.16,3.71,0.84
2.159777,-0.7691,0.7413,0.0420,5.11,4.27,-0.14
2.160374,-0.7662,0.7388,0.0464,5.74,4.06,0.84
2.160971,-0.7662,0.7379,0.0488,4.48,3.92,0.63
2.161568,-0.7696,0.7383,0.0459,5.53,4.62,0.84
2.162164,-0.7740,0.7403,0.0468,4.41,4.06,1.26
2.162761,-0.7754,0.7374,0.0464,4.69,4.55,1.19
2.163358,-0.7701,0.7340,0.0464,4.55,4.27,1.19
2.163955,-0.7691,0.7359,0.0537,4.41,4.69,2.17
2.164552,-0.7715,0.7349,0.0522,4.06,4.69,2.17
2.165149,-0.7686,0.7325,0.0527,4.06,4.34,2.24
2.165746,-0.7725,0.7315,0.0537,3.92,5.11,2.17
2.166343,-0.7754,0.7310,0.0551,3.64,4.27,3.01
2.166940,-0.7715,0.7325,0.0527,3.64,5.25,2.52
2.167537,-0.7706,0.7330,0.0503,3.50,4.13,3.22
2.168133,-0.7691,0.7286,0.0556,3.36,5.32,3.08
2.168730,-0.7662,0.7261,0.0620,3.64,4.48,3.78
2.169327,-0.7652,0.7296,0.0595,3.15,5.53,3.22
2.169924,-0.7666,0.7315,0.0566,2.80,5.11,4.27
2.169924,-0.7686,0.7291,0.0581,3.29,5.32,3.15
2.170519,-0.7686,0.7247,0.0576,2.10,4.97,4.97
2.171116,-0.7662,0.7247,0.0576,3.36,5.46,3.43
2.171713,-0.7627,0.7242,0.0595,2.31,5.04,5.18
2.172310,-0.7652,0.7227,0.0610,3.01,5.74,4.13
2.172906,-0.7666,0.7222,0.0576,1.75,5.32,5.88
2.173503,-0.7657,0.7174,0.0547,2.94,5.81,4.41
2.174100,-0.7652,0.7154,0.0556,1.54,5.60,6.44
2.174697,-0.7637,0.7144,0.0595,2.80,5.74,4.69
2.175294,-0.7637,0.7110,0.0610,1.89,5.67,6.30
2.175891,-0.7579,0.7096,0.0561,1.89,5.67,6.72
2.176488,-0.7608,0.7091,0.0537,2.10,6.02,5.60
2.177085,-0.7623,0.7076,0.0498,1.82,5.95,6.79
2.177682,-0.7588,0.7052,0.0483,1.68,6.23,6.23
2.178279,-0.7579,0.7042,0.0508,1.82,5.81,7.63
2.178875,-0.7569,0.7047,0.0488,1.40,6.37,6.58
2.179472,-0.7544,0.7066,0.0483,2.10,6.44,7.84
2.180069,-0.7525,0.7037,0.0493,1.61,6.02,6.72
2.180666,-0.7535,0.7032,0.0517,1.54,6.79,8.19
2.181641,-0.7569,0.7037,0.0503,1.54,6.23,7.35
2.182238,-0.7574,0.6964,0.0508,1.54,6.37,8.54
2.182835,-0.7544,0.6993,0.0522,1.47,6.44,6.72
2.183432,-0.7520,0.7013,0.0459,1.47,6.72,9.59
2.184029,-0.7549,0.6959,0.0439,1.40,6.65,7.14
2.184625,-0.7569,0.6978,0.0439,1.75,6.58,9.10
2.185222,-0.7579,0.6949,0.0478,0.98,6.86,7.77
2.185819,-0.7574,0.6900,0.0498,1.89,6.65,9.59
2.186416,-0.7579,0.6905,0.0454,1.12,6.51,7.84
2.187013,-0.7535,0.6920,0.0468,1.75,7.28,9.66
2.187610,-0.7525,0.6925,0.0473,0.49,6.79,8.82
2.188207,-0.7579,0.6886,0.0439,1.75,7.42,9.31
2.188804,-0.7574,0.6900,0.0434,0.70,6.93,8.82
2.189401,-0.7544,0.6881,0.0449,1.61,7.35,10.08
2.189998,-0.7544,0.6847,0.0429,0.77,7.28,8.89
2.190594,-0.7549,0.6915,0.0439,1.54,7.49,9.80
2.191191,-0.7535,0.6925,0.0478,0.84,7.35,8.96
2.191788,-0.7530,0.6895,0.0483,1.19,7.63,9.73
2.192385,-0.7559,0.6886,0.0449,1.33,7.28,9.10
2.193360,-0.7554,0.6920,0.0415,1.19,7.63,10.01
2.193957,-0.7530,0.6925,0.0454,1.26,7.21,9.31
2.194554,-0.7540,0.6900,0.0498,1.12,8.05,9.66
2.195151,-0.7530,0.6915,0.0508,1.19,7.70,9.45
2.195748,-0.7496,0.6934,0.0498,1.19,7.84,9.59
2.196344,-0.7501,0.6934,0.0517,1.40,7.77,9.52
2.196941,-0.7520,0.6915,0.0512,0.98,8.05,9.59
2.197538,-0.7496,0.6944,0.0483,1.12,7.70,9.59
2.198135,-0.7481,0.6949,0.0483,0.98,7.91,9.45
2.198732,-0.7505,0.6920,0.0503,1.26,8.05,9.17
2.199329,-0.7515,0.6905,0.0503,0.91,8.47,9.73
2.199926,-0.7510,0.6876,0.0468,1.61,7.70,8.89
2.200523,-0.7544,0.6895,0.0532,0.84,9.17,9.59
2.201120,-0.7554,0.6891,0.0620,1.26,7.91,9.31
2.201717,-0.7510,0.6900,0.0581,0.91,8.82,9.38
2.202313,-0.7471,0.6949,0.0527,1.05,7.84,9.17
2.202910,-0.7476,0.6939,0.0532,0.98,8.96,9.45
2.203507,-0.7471,0.6954,0.0532,0.91,7.91,8.68
2.204104,-0.7447,0.6988,0.0537,1.26,9.31,9.17
2.204104,-0.7457,0.6983,0.0537,0.42,8.33,8.68
2.204699,-0.7452,0.6978,0.0522,1.26,9.17,9.24
2.205296,-0.7422,0.6959,0.0561,0.63,8.12,7.98
2.205893,-0.7432,0.6983,0.0610,1.19,9.45,9.10
2.206490,-0.7457,0.6998,0.0610,0.77,8.26,7.84
2.207086,-0.7452,0.6978,0.0595,1.19,9.66,9.17
2.207683,-0.7437,0.6988,0.0576,0.77,8.12,8.05
2.208280,-0.7427,0.7013,0.0576,1.05,9.87,9.10
2.208877,-0.7413,0.6988,0.0566,0.91,8.05,7.91
2.209474,-0.7457,0.6954,0.0537,0.56,9.59,9.03
2.210071,-0.7481,0.6964,0.0527,1.05,8.54,7.63
2.210668,-0.7447,0.6978,0.0517,0.63,9.66,9.31
2.211265,-0.7471,0.7003,0.0532,0.77,8.54,7.42
2.211862,-0.7491,0.6993,0.0561,0.70,9.94,9.17
2.212459,-0.7496,0.6969,0.0576,0.91,8.61,7.14
2.213055,-0.7496,0.6974,0.0571,0.56,9.59,9.24
2.213652,-0.7520,0.6988,0.0571,0.91,8.89,7.00
2.214249,-0.7540,0.6983,0.0561,0.77,9.66,9.17
2.214846,-0.7476,0.6969,0.0517,0.07,9.03,7.21
2.214846,-0.7442,0.6974,0.0532,1.12,9.59,8.82
2.215441,-0.7476,0.6954,0.0547,0.21,9.10,7.21
2.216038,-0.7496,0.6939,0.0508,1.05,9.10,9.10
2.216635,-0.7452,0.6949,0.0503,0.00,9.66,6.93
2.217232,-0.7466,0.6944,0.0493,0.91,9.17,9.45
2.217828,-0.7496,0.6949,0.0503,0.14,9.52,7.07
2.218425,-0.7418,0.6944,0.0503,0.91,9.38,9.73
2.219022,-0.7403,0.6949,0.0498,0.14,9.03,6.93
2.219619,-0.7466,0.6959,0.0503,0.98,9.03,9.66
2.220216,-0.7432,0.6905,0.0468,-0.14,9.38,7.70
2.220813,-0.7408,0.6881,0.0503,1.05,8.61,9.17
2.221410,-0.7437,0.6934,0.0522,0.21,9.31,7.91
2.222007,-0.7422,0.6954,0.0508,0.56,8.89,9.03
2.222604,-0.7393,0.6939,0.0512,0.28,9.24,7.98
2.223201,-0.7422,0.6930,0.0498,0.35,9.17,9.24
2.223797,-0.7462,0.6895,0.0512,0.49,9.45,8.26
2.224394,-0.7476,0.6856,0.0498,0.42,9.10,9.17
2.224991,-0.7491,0.6886,0.0498,0.84,8.96,8.47
2.225588,-0.7491,0.6905,0.0522,0.42,8.82,9.52
2.226563,-0.7496,0.6895,0.0512,0.77,8.75,8.54
2.227160,-0.7510,0.6861,0.0527,0.28,8.96,9.94
2.227757,-0.7530,0.6856,0.0537,0.77,8.96,7.98
2.228354,-0.7525,0.6881,0.0512,0.14,8.89,10.64
2.228951,-0.7510,0.6871,0.0503,0.91,8.54,8.26
2.229547,-0.7535,0.6856,0.0517,0.35,8.96,10.29
2.230144,-0.7554,0.6852,0.0537,0.77,8.54,8.54
2.230741,-0.7598,0.6852,0.0517,0.49,8.89,10.43
2.231338,-0.7613,0.6842,0.0551,0.49,8.19,8.68
2.231935,-0.7613,0.6837,0.0512,0.56,8.05,8.75
2.232532,-0.7588,0.6798,0.0532,0.28,8.75,10.64
2.233129,-0.7579,0.6783,0.0537,0.49,7.56,8.68
2.233726,-0.7569,0.6808,0.0551,0.42,8.89,10.64
2.234323,-0.7544,0.6793,0.0561,0.70,7.14,8.33
2.234920,-0.7549,0.6798,0.0527,0.56,8.68,10.99
2.235516,-0.7579,0.6803,0.0493,0.98,7.35,8.47
2.236113,-0.7588,0.6798,0.0483,0.49,8.26,11.06
2.236710,-0.7598,0.6803,0.0512,0.42,7.42,7.91
2.237307,-0.7593,0.6778,0.0522,0.91,8.12,11.62
2.238281,-0.7588,0.6764,0.0532,0.49,7.28,8.19
2.238878,-0.7569,0.6764,0.0512,1.05,7.63,11.13
2.239475,-0.7515,0.6759,0.0483,0.14,7.49,7.70
2.240072,-0.7549,0.6749,0.0512,0.98,7.21,11.55
2.240669,-0.7593,0.6739,0.0488,-0.14,7.42,7.77
2.241265,-0.7579,0.6749,0.0473,1.33,7.00,11.48
2.241862,-0.7544,0.6754,0.0478,0.00,7.49,7.56
2.242459,-0.7574,0.6759,0.0508,0.84,6.72,11.83
2.243056,-0.7627,0.6769,0.0527,0.28,6.93,7.28
2.243653,-0.7613,0.6739,0.0498,0.91,6.93,11.20
2.244250,-0.7598,0.6749,0.0478,0.21,6.72,7.70
2.244847,-0.7584,0.6744,0.0508,0.63,6.51,10.71
2.245444,-0.7584,0.6720,0.0503,0.35,6.51,7.91
2.246041,-0.7579,0.6734,0.0483,0.49,6.30,10.29
2.246638,-0.7564,0.6754,0.0483,0.49,6.30,7.70
2.247234,-0.7584,0.6739,0.0503,0.42,6.09,10.08
2.247831,-0.7618,0.6759,0.0508,0.70,5.95,7.56
2.248428,-0.7608,0.6759,0.0483,0.28,6.02,9.45
2.249025,-0.7598,0.6715,0.0512,0.63,5.67,7.35
2.249025,-0.7579,0.6739,0.0542,0.28,6.16,9.24
2.249621,-0.7564,0.6749,0.0551,0.98,5.25,7.70
2.250218,-0.7588,0.6725,0.0537,0.21,5.95,8.47
2.250815,-0.7574,0.6715,0.0512,0.63,5.04,7.77
2.251412,-0.7554,0.6720,0.0547,0.42,5.67,7.77
2.252008,-0.7549,0.6725,0.0547,0.63,4.76,8.05
2.252605,-0.7525,0.6749,0.0488,0.35,5.60,7.42
2.253202,-0.7496,0.6773,0.0473,0.98,4.76,7.49
2.253799,-0.7496,0.6808,0.0498,0.00,5.39,7.63
2.254396,-0.7510,0.6778,0.0537,0.63,4.97,7.42
2.254993,-0.7525,0.6759,0.0547,0.28,5.18,6.93
2.255590,-0.7462,0.6754,0.0537,0.21,4.97,6.16
2.256187,-0.7466,0.6812,0.0532,0.07,5.11,5.74
2.256784,-0.7403,0.6788,0.0527,0.28,4.20,7.91
2.257381,-0.7447,0.6783,0.0532,0.42,5.04,5.32
2.257977,-0.7466,0.6764,0.0551,0.28,3.50,7.63
2.258574,-0.7437,0.6788,0.0542,0.35,5.39,4.69
2.259171,-0.7437,0.6778,0.0547,-0.07,3.50,8.12
2.259768,-0.7418,0.6754,0.0571,0.14,4.83,4.34
2.260742,-0.7432,0.6764,0.0556,-0.14,3.64,8.05
2.261339,-0.7422,0.6764,0.0532,0.35,4.83,3.85
2.261936,-0.7359,0.6778,0.0551,0.00,3.78,7.56
2.262533,-0.7354,0.6793,0.0586,0.28,4.55,4.20
2.263130,-0.7369,0.6788,0.0542,-0.49,4.06,7.91
2.263726,-0.7383,0.6798,0.0532,0.49,4.34,3.78
2.264323,-0.7330,0.6734,0.0556,-0.63,3.71,8.19
2.264920,-0.7300,0.6744,0.0586,-0.28,3.64,7.91
2.265517,-0.7310,0.6769,0.0605,0.07,4.55,3.29
2.266114,-0.7305,0.6812,0.0561,-0.07,3.78,7.63
2.266711,-0.7296,0.6803,0.0561,-0.28,4.06,3.50
2.267308,-0.7281,0.6808,0.0586,0.28,3.92,7.42
2.267905,-0.7257,0.6822,0.0615,-0.91,3.92,3.29
2.268502,-0.7237,0.6793,0.0634,0.63,3.57,6.93
2.269099,-0.7257,0.6769,0.0639,-0.77,3.92,3.71
2.269695,-0.7261,0.6754,0.0649,0.21,4.55,6.86
2.270292,-0.7188,0.6798,0.0639,-0.91,3.22,3.92
2.270889,-0.7183,0.6817,0.0669,0.21,4.76,6.37
2.271486,-0.7247,0.6803,0.0688,-0.63,3.29,4.13
2.272461,-0.7218,0.6808,0.0673,-0.07,4.48,6.16
2.273058,-0.7222,0.6773,0.0698,-0.35,3.36,4.34
2.273655,-0.7257,0.6759,0.0722,-0.07,4.55,5.74
2.274252,-0.7242,0.6798,0.0708,-0.63,3.29,4.62
2.274849,-0.7227,0.6827,0.0717,-0.42,4.13,5.32
2.275445,-0.7227,0.6808,0.0727,-0.49,3.57,4.55
2.276042,-0.7218,0.6812,0.0708,-0.42,4.90,5.25
2.276639,-0.7242,0.6852,0.0703,-0.63,3.22,4.97
2.277236,-0.7261,0.6852,0.0649,-0.35,4.76,4.83
2.277833,-0.7227,0.6842,0.0649,-0.63,3.57,5.25
2.278430,-0.7203,0.6861,0.0644,-0.42,4.69,4.48
2.279027,-0.7213,0.6847,0.0654,-0.91,3.57,5.32
2.279624,-0.7237,0.6847,0.0654,-0.42,4.48,4.69
2.280221,-0.7227,0.6891,0.0673,-0.91,3.85,5.11
2.280818,-0.7208,0.6930,0.0722,-0.49,4.13,4.55
2.281414,-0.7208,0.6925,0.0717,-1.40,3.78,5.39
2.282011,-0.7198,0.6920,0.0669,-0.21,4.20,4.27
2.282608,-0.7198,0.6900,0.0649,-1.54,3.64,5.18
2.283205,-0.7237,0.6925,0.0683,-0.28,4.20,4.13
2.284180,-0.7237,0.6954,0.0669,-1.40,3.78,5.25
2.284777,-0.7188,0.6944,0.0644,-0.07,4.13,4.27
2.285374,-0.7169,0.6964,0.0634,-1.75,3.85,4.97
2.285971,-0.7193,0.6934,0.0630,-0.21,3.99,4.06
2.286568,-0.7203,0.6920,0.0649,-1.89,3.85,5.32
2.287164,-0.7198,0.6954,0.0659,-0.42,3.99,3.85
2.287761,-0.7188,0.6969,0.0649,-1.68,3.71,5.46
2.288358,-0.7174,0.7017,0.0630,-0.63,4.06,3.15
2.288955,-0.7203,0.7032,0.0595,-1.54,3.78,5.95
2.289552,-0.7232,0.6988,0.0595,-0.98,3.71,3.01
2.290149,-0.7242,0.6959,0.0586,-1.82,4.06,6.09
2.290746,-0.7222,0.6978,0.0605,-1.05,3.43,3.15
2.291343,-0.7203,0.7017,0.0649,-1.54,4.20,6.09
2.291940,-0.7203,0.6988,0.0649,-1.47,3.22,3.15
2.292537,-0.7208,0.6983,0.0610,-1.47,4.13,6.09
2.293133,-0.7218,0.7013,0.0625,-1.96,3.22,3.64
2.293730,-0.7227,0.6998,0.0605,-0.98,4.13,6.09
2.294327,-0.7213,0.6969,0.0561,-2.03,3.22,3.50
2.294924,-0.7203,0.7003,0.0571,-1.19,3.99,6.02
2.294924,-0.7242,0.7042,0.0547,-2.45,3.01,3.36
2.295519,-0.7266,0.7022,0.0571,-1.26,3.99,6.79
2.296116,-0.7305,0.7017,0.0625,-2.66,3.08,3.43
2.296713,-0.7325,0.7008,0.0630,-1.33,3.57,6.58
2.297310,-0.7286,0.6993,0.0625,-3.01,3.29,3.99
2.297906,-0.7271,0.6998,0.0605,-1.26,3.50,6.51
2.298503,-0.7261,0.6998,0.0605,-2.73,2.52,3.71
2.299100,-0.7237,0.6998,0.0610,-1.89,3.36,6.44
2.299697,-0.7237,0.6983,0.0610,-2.73,2.94,4.34
2.300294,-0.7252,0.6998,0.0590,-1.47,3.15,6.16
2.300891,-0.7247,0.7003,0.0566,-2.80,2.45,4.97
2.301488,-0.7237,0.7003,0.0586,-1.89,3.43,6.58
2.302085,-0.7237,0.7008,0.0630,-2.87,2.45,4.97
2.302682,-0.7227,0.7022,0.0654,-2.17,3.22,6.79
2.303279,-0.7188,0.7047,0.0590,-3.01,2.73,5.25
2.303875,-0.7178,0.7071,0.0581,-2.03,2.45,6.72
2.304472,-0.7203,0.7086,0.0625,-3.22,3.01,5.53
2.305069,-0.7222,0.7061,0.0600,-2.10,2.17,6.79
2.305666,-0.7227,0.7022,0.0600,-3.08,2.87,6.23
2.305666,-0.7232,0.7037,0.0615,-2.38,2.10,6.51
2.306261,-0.7198,0.7032,0.0586,-3.01,2.52,6.65
2.306858,-0.7149,0.7008,0.0576,-2.66,2.45,6.44
2.307455,-0.7169,0.7042,0.0620,-3.29,2.17,7.07
2.308052,-0.7218,0.7061,0.0654,-2.66,2.38,6.44
2.308648,-0.7237,0.7032,0.0664,-3.08,2.31,7.21
2.309245,-0.7232,0.6988,0.0659,-3.01,1.75,6.65
2.309842,-0.7237,0.6969,0.0634,-3.15,2.45,7.35
2.310439,-0.7252,0.6993,0.0620,-3.08,1.75,6.44
2.311036,-0.7252,0.7027,0.0625,-3.08,2.45,8.12
2.311633,-0.7257,0.6983,0.0644,-3.36,1.26,6.51
2.312230,-0.7261,0.6988,0.0678,-2.87,2.38,7.91
2.312827,-0.7276,0.7022,0.0708,-3.50,1.40,6.65
2.313424,-0.7261,0.6993,0.0683,-2.59,1.96,7.77
2.314021,-0.7266,0.6988,0.0664,-4.20,1.33,7.00
2.314617,-0.7261,0.6988,0.0644,-2.66,1.96,8.05
2.315214,-0.7242,0.7003,0.0605,-3.64,0.98,7.14
2.315811,-0.7247,0.6998,0.0576,-2.59,1.75,7.91
2.316408,-0.7247,0.6964,0.0581,-3.99,1.19,7.77
2.317383,-0.7271,0.6964,0.0581,-2.94,1.40,7.70
2.317980,-0.7271,0.6988,0.0581,-3.78,0.28,7.56
2.318577,-0.7242,0.6969,0.0566,-3.36,1.61,7.91
2.319174,-0.7247,0.6978,0.0561,-3.78,0.56,7.91
2.319771,-0.7252,0.7047,0.0556,-3.36,1.40,7.35
2.320367,-0.7218,0.7013,0.0517,-3.50,0.21,7.84
2.320964,-0.7203,0.6934,0.0522,-3.64,1.19,6.86
2.321561,-0.7242,0.6944,0.0571,-3.36,0.14,8.33
2.322158,-0.7266,0.6954,0.0556,-4.06,0.56,7.28
2.322755,-0.7242,0.6925,0.0527,-3.29,0.77,7.28
2.323352,-0.7232,0.6925,0.0537,-4.20,0.07,7.70
2.323949,-0.7242,0.6934,0.0527,-3.29,0.98,7.35
2.324546,-0.7281,0.6934,0.0517,-4.34,-0.42,7.77
2.325143,-0.7305,0.6934,0.0503,-3.15,1.26,7.00
2.325740,-0.7291,0.6930,0.0498,-3.99,-0.77,7.91
2.326336,-0.7291,0.6910,0.0498,-3.36,1.05,6.58
2.326933,-0.7281,0.6891,0.0537,-3.85,-1.05,7.84
2.327530,-0.7281,0.6895,0.0566,-3.36,0.84,6.79
2.328127,-0.7300,0.6895,0.0547,-4.13,-0.98,7.91
2.328127,-0.7296,0.6910,0.0527,-3.15,0.35,6.44
2.328722,-0.7286,0.6934,0.0537,-3.78,-0.77,7.56
2.329319,-0.7281,0.6934,0.0551,-3.50,0.28,6.93
2.329916,-0.7286,0.6895,0.0566,-3.92,-0.77,7.63
2.330513,-0.7252,0.6861,0.0566,-3.57,0.00,6.16
2.331109,-0.7247,0.6871,0.0547,-4.13,-1.26,7.91
2.331706,-0.7218,0.6900,0.0576,-3.43,-0.28,5.81
2.332303,-0.7169,0.6905,0.0590,-3.71,-1.40,7.77
2.332900,-0.7222,0.6900,0.0551,-3.85,-0.42,5.88
2.333497,-0.7193,0.6905,0.0561,-4.13,-0.70,5.81
2.334094,-0.7174,0.6886,0.0547,-3.50,-1.33,7.49
2.334691,-0.7174,0.6876,0.0556,-4.13,-0.56,5.18
2.335288,-0.7218,0.6876,0.0571,-3.57,-1.33,7.49
2.335885,-0.7222,0.6886,0.0571,-4.06,-0.84,5.32
2.336481,-0.7183,0.6905,0.0576,-3.15,-1.47,7.35
2.337078,-0.7188,0.6930,0.0532,-4.06,-1.40,5.11
2.337675,-0.7198,0.6876,0.0551,-3.29,-1.40,7.21
2.338272,-0.7213,0.6856,0.0547,-3.64,-1.75,4.90
2.338869,-0.7232,0.6891,0.0483,-3.57,-1.26,7.00
2.339844,-0.7252,0.6871,0.0517,-3.57,-1.89,4.76
2.340441,-0.7247,0.6881,0.0512,-3.15,-1.26,6.79
2.341038,-0.7227,0.6881,0.0473,-3.50,-1.96,4.55
2.341635,-0.7222,0.6876,0.0508,-3.57,-1.26,6.93
2.342232,-0.7183,0.6886,0.0512,-3.22,-1.96,4.13
2.342828,-0.7174,0.6852,0.0468,-3.85,-1.19,7.28
2.343425,-0.7213,0.6856,0.0478,-2.73,-2.52,3.99
2.344022,-0.7203,0.6866,0.0483,-3.99,-0.77,6.93
2.344619,-0.7174,0.6861,0.0464,-2.73,-2.45,4.06
2.345216,-0.7183,0.6847,0.0468,-3.43,-1.19,6.44
2.345813,-0.7188,0.6852,0.0493,-2.80,-2.52,4.41
2.346410,-0.7198,0.6837,0.0522,-3.50,-1.47,6.51
2.347007,-0.7198,0.6822,0.0488,-2.94,-2.31,3.64
2.347604,-0.7188,0.6842,0.0454,-3.15,-1.54,6.37
2.348201,-0.7198,0.6871,0.0488,-3.29,-2.10,3.92
2.348797,-0.7159,0.6886,0.0493,-2.80,-1.96,6.51
2.349394,-0.7164,0.6847,0.0488,-3.15,-2.38,4.06
2.349991,-0.7227,0.6817,0.0522,-2.94,-1.61,6.02
2.350588,-0.7198,0.6847,0.0532,-3.01,-2.31,4.20
2.350588,-0.7125,0.6842,0.0532,-2.52,-1.82,5.32
2.351183,-0.7125,0.6817,0.0517,-2.66,-2.31,4.90
2.351780,-0.7144,0.6842,0.0503,-2.73,-1.61,4.62
2.352377,-0.7135,0.6837,0.0517,-2.94,-2.31,4.97
2.352974,-0.7110,0.6861,0.0508,-2.31,-1.26,4.41
2.353570,-0.7066,0.6856,0.0468,-2.59,-2.59,5.18
2.354167,-0.7042,0.6832,0.0473,-2.59,-1.05,4.13
2.354764,-0.7052,0.6817,0.0517,-2.45,-2.52,5.18
2.355361,-0.7115,0.6793,0.0527,-2.17,-1.47,4.13
2.355958,-0.7135,0.6798,0.0581,-2.38,-2.10,4.76
2.356555,-0.7091,0.6793,0.0595,-2.17,-1.40,4.48
2.357152,-0.7086,0.6827,0.0532,-2.17,-1.89,4.62
2.357749,-0.7066,0.6856,0.0537,-2.24,-1.61,4.55
2.358346,-0.7022,0.6822,0.0556,-1.82,-2.17,4.34
2.358942,-0.7042,0.6837,0.0547,-2.17,-1.75,4.69
2.359539,-0.7076,0.6876,0.0537,-1.96,-1.54,3.71
2.360136,-0.7071,0.6861,0.0532,-1.33,-2.10,4.34
2.360733,-0.7056,0.6856,0.0542,-1.96,-1.19,3.43
2.361330,-0.7096,0.6881,0.0547,-1.05,-2.17,4.27
2.362305,-0.7091,0.6920,0.0556,-2.10,-1.19,3.64
2.362902,-0.7047,0.6905,0.0556,-1.26,-2.10,4.13
2.363499,-0.7086,0.6861,0.0542,-1.75,-1.33,3.29
2.364096,-0.7115,0.6852,0.0576,-1.47,-1.75,3.92
2.364693,-0.7105,0.6876,0.0590,-1.47,-1.47,3.22
2.365289,-0.7115,0.6900,0.0561,-1.05,-1.33,3.57
2.365886,-0.7120,0.6900,0.0522,-1.61,-1.19,3.64
2.366483,-0.7100,0.6881,0.0503,-0.98,-1.82,3.22
2.367080,-0.7125,0.6856,0.0508,-1.05,-1.19,3.15
2.367677,-0.7154,0.6832,0.0532,-1.19,-1.19,3.22
2.368274,-0.7105,0.6793,0.0532,-0.84,-1.68,3.29
2.368871,-0.7096,0.6808,0.0512,-0.98,-1.05,2.94
2.369468,-0.7139,0.6852,0.0527,-0.63,-1.54,2.87
2.370065,-0.7139,0.6847,0.0527,-0.84,-1.26,2.80
2.370662,-0.7105,0.6827,0.0512,-0.77,-1.61,3.08
2.371258,-0.7120,0.6827,0.0493,-0.49,-1.19,2.66
2.371855,-0.7149,0.6842,0.0522,-0.49,-1.61,2.94
2.372452,-0.7120,0.6852,0.0556,-0.49,-0.70,2.73
2.373049,-0.7135,0.6861,0.0542,-0.42,-1.40,2.52
2.373049,-0.7159,0.6856,0.0542,0.14,-0.98,2.31
2.373644,-0.7144,0.6842,0.0527,-0.63,-1.19,2.66
2.374241,-0.7130,0.6856,0.0512,0.42,-0.98,1.75
2.374838,-0.7115,0.6905,0.0527,-0.91,-0.84,2.87
2.375435,-0.7120,0.6905,0.0517,0.91,-1.26,1.61
2.376031,-0.7135,0.6895,0.0473,-0.91,-0.77,2.80
2.376628,-0.7159,0.6876,0.0478,0.98,-1.19,1.54
2.377225,-0.7183,0.6866,0.0527,-0.49,-0.84,2.80
2.377822,-0.7188,0.6871,0.0517,1.12,-1.33,1.40
2.378419,-0.7178,0.6895,0.0488,-0.56,-0.77,2.94
2.379016,-0.7183,0.6905,0.0517,1.26,-1.12,1.26
2.379613,-0.7203,0.6886,0.0532,-0.07,-0.91,2.73
2.380210,-0.7203,0.6905,0.0547,0.91,-1.12,0.49
2.380807,-0.7188,0.6930,0.0527,0.00,-0.91,3.29
2.381403,-0.7183,0.6959,0.0508,0.56,-0.98,0.63
2.382000,-0.7188,0.6974,0.0517,0.84,-1.26,3.01
2.382597,-0.7208,0.6978,0.0522,0.35,-0.84,0.49
2.383194,-0.7227,0.6964,0.0537,1.05,-1.05,2.94
2.383791,-0.7218,0.7017,0.0532,0.35,-0.98,0.21
2.383791,-0.7213,0.7022,0.0537,1.12,-1.12,2.66
2.384386,-0.7213,0.6954,0.0527,0.63,-1.05,0.35
2.384983,-0.7247,0.6988,0.0537,1.19,-1.19,2.38
2.385580,-0.7242,0.7008,0.0571,0.77,-1.05,0.49
2.386177,-0.7198,0.6993,0.0571,1.12,-1.19,2.80
2.386773,-0.7213,0.6969,0.0566,0.28,-0.77,0.42
2.387370,-0.7227,0.7008,0.0556,1.54,-1.40,2.59
2.387967,-0.7237,0.7066,0.0542,0.56,-0.91,0.42
2.388564,-0.7261,0.7096,0.0581,1.19,-1.47,3.08
2.389161,-0.7276,0.7076,0.0586,0.49,-1.26,0.70
2.389758,-0.7276,0.7061,0.0551,1.40,-1.19,2.45
2.390355,-0.7271,0.7061,0.0522,0.70,-1.12,0.77
2.390952,-0.7291,0.7047,0.0498,1.54,-1.40,2.38
2.391549,-0.7291,0.7061,0.0508,0.77,-1.54,1.12
2.392145,-0.7296,0.7091,0.0537,1.40,-1.26,2.52
2.392742,-0.7315,0.7100,0.0561,0.91,-1.68,1.05
2.393339,-0.7300,0.7061,0.0586,1.26,-1.19,2.73
2.393936,-0.7296,0.7047,0.0576,1.33,-1.54,1.19
2.394533,-0.7305,0.7081,0.0590,1.33,-1.75,2.59
2.394533,-0.7315,0.7081,0.0664,1.05,-1.19,1.40
2.395128,-0.7305,0.7061,0.0659,1.33,-1.82,2.38
2.395725,-0.7305,0.7091,0.0605,1.19,-1.12,1.61
2.396322,-0.7305,0.7071,0.0610,1.75,-2.03,2.66
2.396919,-0.7300,0.7052,0.0654,0.56,-1.47,1.82
2.397515,-0.7305,0.7066,0.0625,2.10,-1.96,2.80
2.398112,-0.7296,0.7047,0.0576,0.77,-1.54,2.31
2.398709,-0.7286,0.7061,0.0590,1.68,-1.61,2.45
2.399306,-0.7261,0.7096,0.0654,0.98,-1.61,2.45
2.399903,-0.7271,0.7100,0.0659,1.68,-2.31,3.15
2.400500,-0.7281,0.7139,0.0615,1.40,-1.68,3.01
2.401097,-0.7310,0.7086,0.0630,1.61,-1.47,2.59
2.401694,-0.7291,0.7091,0.0630,1.05,-1.96,3.36
2.402291,-0.7271,0.7139,0.0625,1.61,-1.61,3.01
2.402887,-0.7300,0.7164,0.0669,1.40,-2.03,3.29
2.403484,-0.7320,0.7135,0.0698,1.40,-1.40,3.08
2.404081,-0.7296,0.7135,0.0683,1.19,-2.31,3.36
2.404678,-0.7281,0.7159,0.0712,1.40,-1.40,3.43
2.405275,-0.7315,0.7174,0.0742,1.26,-2.10,3.36
2.406250,-0.7300,0.7183,0.0678,1.47,-1.89,3.99
2.406847,-0.7286,0.7198,0.0678,1.12,-2.03,3.08
2.407444,-0.7300,0.7213,0.0654,1.61,-2.17,3.99
2.408041,-0.7271,0.7232,0.0664,0.70,-1.96,3.43
2.408638,-0.7276,0.7227,0.0693,1.47,-1.82,3.92
2.409234,-0.7271,0.7261,0.0722,0.91,-1.89,3.29
2.409831,-0.7281,0.7296,0.0732,1.54,-2.24,4.13
2.410428,-0.7320,0.7257,0.0688,0.42,-1.33,3.29
2.411025,-0.7271,0.7261,0.0698,1.82,-2.59,4.48
2.411622,-0.7257,0.7286,0.0712,0.35,-1.54,3.01
2.412219,-0.7281,0.7291,0.0669,1.68,-2.31,4.76
2.412816,-0.7291,0.7281,0.0664,0.49,-2.03,3.15
2.413413,-0.7296,0.7291,0.0669,1.12,-2.10,5.32
2.414010,-0.7296,0.7315,0.0649,0.35,-2.10,3.64
2.414606,-0.7291,0.7291,0.0669,0.98,-1.82,5.04
2.415203,-0.7286,0.7305,0.0639,0.70,-2.31,3.22
2.415800,-0.7276,0.7320,0.0625,0.42,-1.54,5.18
2.416397,-0.7296,0.7335,0.0644,0.70,-2.17,3.22
2.416994,-0.7300,0.7374,0.0639,0.49,-1.75,5.04
2.417969,-0.7232,0.7344,0.0673,0.84,-2.31,3.29
2.418566,-0.7227,0.7335,0.0678,0.00,-1.82,5.74
2.419163,-0.7222,0.7344,0.0683,0.70,-2.31,3.01
2.419760,-0.7208,0.7369,0.0673,0.07,-1.47,5.74
2.420357,-0.7208,0.7383,0.0634,0.49,-2.31,3.15
2.420953,-0.7193,0.7335,0.0634,-0.14,-1.61,6.02
2.421550,-0.7208,0.7305,0.0649,0.35,-2.24,3.08
2.422147,-0.7198,0.7335,0.0664,-0.35,-1.40,6.16
2.422744,-0.7188,0.7359,0.0693,-0.14,-2.10,3.29
2.423341,-0.7213,0.7374,0.0688,0.07,-1.68,6.09
2.423938,-0.7213,0.7359,0.0669,-0.35,-1.89,2.59
2.424535,-0.7227,0.7335,0.0683,0.07,-1.75,6.65
2.425132,-0.7213,0.7330,0.0722,-0.84,-1.19,3.29
2.425729,-0.7174,0.7335,0.0722,0.21,-1.89,6.58
2.426325,-0.7203,0.7364,0.0683,-0.84,-1.26,3.36
2.426922,-0.7198,0.7354,0.0683,-0.35,-1.61,7.35
2.427519,-0.7178,0.7354,0.0678,-0.84,-1.61,3.36
2.428116,-0.7149,0.7340,0.0688,-0.28,-1.19,7.14
2.428713,-0.7125,0.7320,0.0693,-0.84,-1.61,3.29
2.428713,-0.7149,0.7354,0.0673,-0.42,-1.26,7.28
2.429308,-0.7135,0.7354,0.0688,-1.12,-1.47,3.85
2.429905,-0.7130,0.7349,0.0712,-0.77,-0.84,7.07
2.430502,-0.7139,0.7335,0.0712,-1.40,-1.33,4.13
2.431099,-0.7110,0.7296,0.0732,-0.63,-0.70,7.21
2.431695,-0.7139,0.7291,0.0732,-1.47,-1.40,4.48
2.432292,-0.7174,0.7310,0.0717,-1.19,-0.49,7.14
2.432889,-0.7120,0.7335,0.0698,-1.61,-1.61,4.62
2.433486,-0.7110,0.7349,0.0664,-1.19,0.07,7.07
2.434083,-0.7144,0.7300,0.0693,-1.61,-1.68,5.18
2.434680,-0.7169,0.7242,0.0712,-1.33,0.21,7.14
2.435277,-0.7169,0.7257,0.0683,-1.54,-1.40,5.39
2.435874,-0.7144,0.7266,0.0708,-1.47,0.00,6.86
2.436471,-0.7130,0.7247,0.0781,-1.89,-0.77,5.95
2.437067,-0.7164,0.7271,0.0756,-1.12,-0.28,6.72
2.437664,-0.7154,0.7305,0.0698,-2.10,-0.56,5.88
2.438261,-0.7139,0.7281,0.0688,-1.33,0.00,6.72
2.438858,-0.7154,0.7252,0.0649,-2.24,-0.56,6.44
2.439455,-0.7144,0.7266,0.0673,-1.47,-0.14,6.65
2.439455,-0.7159,0.7247,0.0678,-2.31,-0.42,7.00
2.440050,-0.7178,0.7232,0.0649,-1.47,-0.21,6.65
2.440647,-0.7188,0.7218,0.0644,-2.31,-0.14,7.07
2.441244,-0.7208,0.7188,0.0625,-1.89,-0.21,6.65
2.441841,-0.7208,0.7188,0.0639,-1.96,0.07,7.35
2.442437,-0.7222,0.7198,0.0659,-2.31,0.14,6.58
2.443034,-0.7271,0.7203,0.0659,-1.82,0.42,7.56
2.443631,-0.7242,0.7203,0.0644,-2.52,0.07,6.51
2.444228,-0.7183,0.7222,0.0615,-1.68,-0.35,7.49
2.444825,-0.7183,0.7227,0.0649,-2.66,0.21,6.37
2.445422,-0.7203,0.7227,0.0634,-1.40,0.07,8.05
2.446019,-0.7237,0.7188,0.0615,-2.73,0.28,5.88
2.446616,-0.7222,0.7144,0.0693,-1.82,0.42,8.19
2.447212,-0.7188,0.7144,0.0669,-2.59,0.00,5.81
2.447809,-0.7198,0.7164,0.0610,-2.24,0.56,8.61
2.448406,-0.7188,0.7183,0.0600,-2.52,-0.07,5.88
2.449003,-0.7164,0.7144,0.0610,-2.17,0.84,8.68
2.449600,-0.7169,0.7139,0.0644,-2.80,0.07,6.09
2.450197,-0.7159,0.7130,0.0673,-1.82,0.98,8.19
2.451172,-0.7169,0.7130,0.0634,-2.87,0.07,5.88
2.451769,-0.7164,0.7135,0.0615,-1.82,0.56,8.61
2.452366,-0.7178,0.7130,0.0644,-2.87,0.56,5.60
2.452963,-0.7218,0.7125,0.0644,-1.96,0.77,9.24
2.453560,-0.7164,0.7076,0.0625,-3.22,0.63,5.32
2.454156,-0.7139,0.7066,0.0634,-1.82,0.49,8.96
2.454753,-0.7149,0.7066,0.0683,-3.29,0.63,5.39
2.455350,-0.7154,0.7076,0.0698,-1.68,0.42,9.10
2.455947,-0.7139,0.7076,0.0673,-3.22,0.91,5.67
2.456544,-0.7105,0.7066,0.0717,-1.89,0.91,8.96
2.457141,-0.7115,0.7081,0.0717,-2.59,0.42,5.74
2.457738,-0.7144,0.7086,0.0727,-1.89,1.19,8.33
2.458335,-0.7159,0.7066,0.0693,-3.29,1.12,6.09
2.458932,-0.7164,0.7056,0.0688,-1.82,0.56,8.68
2.459528,-0.7149,0.7027,0.0717,-3.22,1.05,6.16
2.460125,-0.7135,0.6993,0.0742,-2.17,1.05,8.61
2.460722,-0.7159,0.6988,0.0727,-2.80,1.33,6.02
2.461319,-0.7159,0.7017,0.0673,-1.96,0.63,8.61
2.461916,-0.7144,0.7032,0.0708,-2.80,1.82,5.95
2.461916,-0.7164,0.7022,0.0737,-1.96,0.63,8.96
2.462511,-0.7154,0.7017,0.0737,-2.66,1.47,5.88
2.463108,-0.7115,0.6978,0.0732,-2.17,0.98,8.40
2.463705,-0.7100,0.6988,0.0717,-2.45,1.61,6.51
2.464302,-0.7120,0.6983,0.0756,-2.17,0.98,7.70
2.464898,-0.7100,0.6993,0.0771,-2.38,1.40,6.93
2.465495,-0.7115,0.7042,0.0742,-2.45,1.26,7.49
2.466092,-0.7164,0.7022,0.0717,-2.03,1.75,7.07
2.466689,-0.7139,0.7037,0.0727,-2.45,1.54,7.00
2.467286,-0.7139,0.7056,0.0737,-2.17,1.54,7.77
2.467883,-0.7144,0.7017,0.0766,-2.45,1.68,6.79
2.468480,-0.7149,0.6983,0.0766,-2.31,1.75,6.16
2.469077,-0.7110,0.7042,0.0747,-1.82,1.47,8.26
2.469673,-0.7110,0.7008,0.0766,-2.31,1.96,5.53
2.470270,-0.7130,0.6998,0.0776,-1.82,1.68,8.54
2.470867,-0.7149,0.7008,0.0786,-2.38,1.82,5.39
2.471464,-0.7154,0.6978,0.0795,-1.75,1.68,8.68
2.472061,-0.7149,0.6993,0.0805,-2.31,1.82,5.18
2.472658,-0.7149,0.7017,0.0791,-1.40,1.89,8.68
2.473633,-0.7120,0.7047,0.0781,-1.96,1.82,4.76
2.474230,-0.7130,0.7047,0.0795,-1.75,1.96,8.68
2.474827,-0.7178,0.7037,0.0761,-1.89,1.54,4.90
2.475424,-0.7183,0.7013,0.0752,-2.17,2.45,8.33
2.476021,-0.7149,0.6998,0.0805,-1.40,1.82,4.55
2.476617,-0.7174,0.7017,0.0820,-2.38,2.59,8.61
2.477214,-0.7203,0.7008,0.0800,-1.19,1.47,4.34
2.477811,-0.7208,0.7003,0.0756,-2.31,2.52,8.40
2.478408,-0.7213,0.7052,0.0752,-1.54,1.61,4.27
2.479005,-0.7232,0.7061,0.0776,-2.03,2.38,8.19
2.479602,-0.7222,0.7042,0.0781,-1.47,2.03,4.06
2.480199,-0.7203,0.7027,0.0810,-1.54,2.03,7.49
2.480796,-0.7213,0.7017,0.0771,-1.54,2.52,4.13
2.481392,-0.7208,0.7027,0.0752,-1.54,1.96,8.19
2.481989,-0.7237,0.7081,0.0776,-1.82,2.73,3.99
2.482586,-0.7257,0.7071,0.0761,-1.19,1.96,7.77
2.483183,-0.7257,0.7013,0.0742,-1.75,2.10,3.99
2.483780,-0.7242,0.7013,0.0786,-1.05,2.17,7.42
2.484377,-0.7222,0.7022,0.0810,-1.96,2.31,3.92
2.484377,-0.7222,0.6993,0.0761,-0.63,1.82,7.00
2.484972,-0.7232,0.6988,0.0771,-2.03,2.73,3.99
2.485569,-0.7252,0.7022,0.0742,-0.49,2.38,6.58
2.486166,-0.7247,0.6998,0.0732,-1.82,2.52,4.06
2.486763,-0.7213,0.6988,0.0776,-0.63,2.31,6.58
2.487359,-0.7193,0.7052,0.0795,-1.61,2.24,4.20
2.487956,-0.7227,0.7052,0.0781,-0.63,2.17,6.44
2.488553,-0.7218,0.7022,0.0752,-1.54,2.31,4.06
2.489150,-0.7203,0.7047,0.0795,-0.70,2.38,5.95
2.489747,-0.7218,0.7017,0.0752,-0.98,2.03,4.41
2.490344,-0.7198,0.6993,0.0708,-0.84,2.59,5.53
2.490941,-0.7193,0.7008,0.0737,-1.40,2.59,3.99
2.491538,-0.7208,0.7013,0.0747,-1.05,2.59,3.15
2.492134,-0.7237,0.6993,0.0742,-0.77,1.96,6.72
2.492731,-0.7266,0.7008,0.0756,-0.84,2.73,3.01
2.493328,-0.7266,0.7013,0.0737,-0.56,2.10,6.58
2.493925,-0.7237,0.6969,0.0708,-0.70,2.73,2.73
2.494522,-0.7208,0.6949,0.0737,-0.35,2.24,6.58
2.495119,-0.7237,0.6954,0.0761,-0.91,2.73,2.59
2.496094,-0.7222,0.6978,0.0771,0.07,2.31,5.95
2.496691,-0.7213,0.7003,0.0766,-0.91,2.17,3.22
2.497288,-0.7252,0.7022,0.0756,0.28,2.31,5.46
2.497885,-0.7261,0.7027,0.0766,-1.19,2.52,3.57
2.498482,-0.7237,0.6983,0.0791,0.35,2.38,5.11
2.499078,-0.7203,0.6988,0.0795,-0.77,2.24,3.43
2.499675,-0.7193,0.7017,0.0761,0.28,2.24,5.18
2.500272,-0.7218,0.7008,0.0737,-0.63,1.82,3.85
2.500869,-0.7242,0.7003,0.0781,0.28,2.45,4.76
2.501466,-0.7237,0.7013,0.0786,0.00,2.80,4.27
2.502063,-0.7208,0.7042,0.0781,-0.14,2.87,4.48
2.502660,-0.7227,0.7032,0.0805,-0.07,1.82,4.13
2.503257,-0.7261,0.7022,0.0825,0.07,2.45,3.64
2.503853,-0.7213,0.7022,0.0805,0.07,1.82,4.41
2.504450,-0.7198,0.7008,0.0776,0.07,2.17,3.57
2.505047,-0.7242,0.7017,0.0771,0.14,1.82,5.18
2.505644,-0.7242,0.7047,0.0776,0.07,2.10,2.87
2.506241,-0.7237,0.7066,0.0800,0.49,1.96,5.11
2.506838,-0.7271,0.7047,0.0791,-0.21,2.24,2.66
2.508789,-0.7266,0.7022,0.0766,0.70,1.75,5.25
2.509386,-0.7242,0.7003,0.0791,-0.35,1.96,2.66
2.509983,-0.7257,0.7052,0.0800,0.77,1.96,5.39
2.510580,-0.7237,0.7066,0.0795,-0.21,1.96,2.66
2.511177,-0.7222,0.7032,0.0766,0.98,2.03,5.11
2.511773,-0.7266,0.7047,0.0722,-0.35,1.61,2.52
2.512370,-0.7271,0.7017,0.0708,0.91,2.10,4.90
2.512967,-0.7252,0.6988,0.0732,-0.28,1.33,2.59
2.513564,-0.7261,0.7003,0.0732,0.63,1.96,5.11
2.514161,-0.7261,0.7027,0.0698,-0.07,1.05,2.52
2.514758,-0.7266,0.7047,0.0678,0.63,2.24,4.90
2.515355,-0.7276,0.7052,0.0703,0.28,1.33,2.38
2.515952,-0.7218,0.7027,0.0712,0.28,1.96,4.62
2.516549,-0.7198,0.7032,0.0703,0.21,1.33,2.73
2.517145,-0.7247,0.7066,0.0737,0.42,1.82,4.62
2.517742,-0.7257,0.7061,0.0771,0.14,1.47,2.45
2.518339,-0.7222,0.7066,0.0761,0.70,1.40,4.55
2.518936,-0.7227,0.7081,0.0742,0.00,1.54,2.17
2.519533,-0.7227,0.7066,0.0742,0.63,1.19,4.76
2.519533,-0.7188,0.7096,0.0698,0.28,1.26,2.24
2.520128,-0.7178,0.7100,0.0659,0.42,0.91,4.76
2.520725,-0.7193,0.7096,0.0673,-0.07,1.54,1.82
2.521322,-0.7164,0.7125,0.0717,0.56,0.98,4.97
2.521919,-0.7154,0.7139,0.0703,0.00,1.19,1.68
2.522515,-0.7169,0.7115,0.0683,0.21,1.05,5.39
2.523112,-0.7159,0.7125,0.0659,0.07,1.33,1.26
2.523709,-0.7154,0.7120,0.0659,0.07,0.84,5.18
2.524306,-0.7139,0.7105,0.0678,0.42,1.19,0.77
2.524903,-0.7130,0.7110,0.0693,-0.07,0.49,4.97
2.525500,-0.7135,0.7115,0.0712,0.35,0.91,1.12
2.526097,-0.7139,0.7130,0.0708,-0.14,0.42,5.04
2.526694,-0.7135,0.7105,0.0712,0.35,0.70,1.47
2.527291,-0.7130,0.7100,0.0698,-0.28,0.77,4.55
2.527887,-0.7120,0.7100,0.0693,0.56,0.77,1.54
2.528484,-0.7139,0.7091,0.0703,-0.49,1.12,4.48
2.529081,-0.7149,0.7115,0.0669,0.14,0.42,1.82
2.529678,-0.7183,0.7144,0.0673,-0.63,1.26,3.99
2.530275,-0.7237,0.7096,0.0688,0.35,0.28,2.31
2.530275,-0.7237,0.7096,0.0683,-0.49,0.70,3.99
2.530871,-0.7188,0.7139,0.0717,-0.07,-0.07,2.52
2.531468,-0.7174,0.7135,0.0722,-0.35,0.70,3.57
2.532065,-0.7174,0.7120,0.0683,-0.56,0.14,2.80
2.532662,-0.7149,0.7115,0.0673,-0.14,0.49,3.64
2.533258,-0.7188,0.7096,0.0693,-0.56,0.21,3.22
2.533855,-0.7218,0.7096,0.0688,0.00,0.21,3.57
2.534452,-0.7178,0.7135,0.0688,-0.77,0.28,3.29
2.535049,-0.7169,0.7125,0.0678,0.00,-0.21,3.57
2.535646,-0.7144,0.7096,0.0732,-0.28,0.00,3.71
2.536243,-0.7154,0.7091,0.0712,-1.33,-0.07,3.71
2.536840,-0.7130,0.7105,0.0669,-0.35,-0.35,3.78
2.537437,-0.7144,0.7115,0.0654,-1.54,-0.07,4.27
2.538033,-0.7159,0.7105,0.0678,-0.56,-0.28,3.99
2.538630,-0.7144,0.7076,0.0683,-0.98,-0.63,4.20
2.539227,-0.7139,0.7066,0.0683,-0.70,-0.07,3.71
2.539824,-0.7139,0.7115,0.0698,-0.91,-0.49,4.69
2.540421,-0.7105,0.7135,0.0717,-0.91,-0.21,3.92
2.541018,-0.7056,0.7139,0.0722,-1.05,-0.63,4.83
2.541992,-0.7042,0.7164,0.0688,-0.98,-0.35,4.41
2.542589,-0.7081,0.7159,0.0688,-1.12,-0.28,5.04
2.543186,-0.7115,0.7139,0.0722,-1.12,-0.28,4.27
2.543783,-0.7125,0.7120,0.0673,-1.26,-0.56,5.11
2.544380,-0.7100,0.7159,0.0620,-1.05,-0.70,4.48
2.544976,-0.7061,0.7178,0.0654,-1.75,-0.14,5.25
2.545573,-0.7061,0.7178,0.0678,-0.91,-0.91,4.27
2.546170,-0.7027,0.7178,0.0673,-1.82,-0.28,5.39
2.546767,-0.7003,0.7159,0.0678,-1.05,-1.05,4.41
2.547364,-0.7066,0.7183,0.0678,-2.31,0.49,5.46
2.547961,-0.7091,0.7198,0.0712,-1.05,-1.33,5.60
2.548558,-0.7081,0.7193,0.0678,-2.38,0.21,4.83
2.549155,-0.7052,0.7193,0.0678,-1.33,-1.19,4.97
2.549752,-0.7047,0.7193,0.0669,-2.52,-0.07,5.74
2.550348,-0.7071,0.7203,0.0678,-1.89,-1.26,4.55
2.550945,-0.7076,0.7203,0.0688,-2.10,-0.42,5.74
2.551542,-0.7066,0.7222,0.0664,-2.31,-1.05,4.69
2.552139,-0.7052,0.7232,0.0639,-2.24,-0.84,6.16
2.552736,-0.7066,0.7252,0.0678,-2.10,-1.12,4.76
2.552736,-0.7056,0.7237,0.0664,-2.66,-0.70,6.51
2.553332,-0.7027,0.7208,0.0630,-2.10,-1.05,4.34
2.553929,-0.7052,0.7198,0.0634,-2.66,-0.49,6.65
2.554526,-0.7076,0.7203,0.0639,-2.38,-0.91,4.62
2.555123,-0.7061,0.7237,0.0649,-3.15,-0.49,6.72
2.555719,-0.7032,0.7208,0.0649,-2.38,-1.33,4.55
2.556316,-0.7013,0.7188,0.0620,-3.36,-0.28,6.02
2.556913,-0.7061,0.7208,0.0605,-2.52,-1.40,4.97
2.557510,-0.7047,0.7193,0.0625,-2.52,-0.91,4.20
2.558107,-0.7052,0.7198,0.0630,-3.71,-0.63,7.42
2.558704,-0.7056,0.7203,0.0615,-2.87,-0.77,3.92
2.559301,-0.7047,0.7232,0.0586,-3.71,-0.84,7.49
2.559898,-0.7027,0.7237,0.0566,-3.64,-0.35,3.92
2.560494,-0.7013,0.7232,0.0561,-3.01,-1.33,7.49
2.561091,-0.7066,0.7218,0.0595,-3.92,-0.35,4.13
2.561688,-0.7071,0.7188,0.0630,-3.15,-1.40,7.56
2.562285,-0.7013,0.7203,0.0634,-3.92,-0.56,4.27
2.562882,-0.7047,0.7227,0.0639,-3.64,-1.19,7.91
2.563479,-0.7081,0.7208,0.0615,-4.13,-0.77,4.34
2.564453,-0.7091,0.7193,0.0581,-3.92,-0.56,7.63
2.565050,-0.7086,0.7193,0.0590,-4.20,-0.91,4.48
2.565647,-0.7052,0.7169,0.0615,-3.99,-0.91,7.42
2.566244,-0.7037,0.7154,0.0610,-4.55,-0.63,4.90
2.566841,-0.7037,0.7188,0.0600,-4.06,-0.49,7.56
2.567437,-0.7032,0.7208,0.0630,-4.76,-0.49,5.11
2.568034,-0.6998,0.7208,0.0644,-4.27,-0.70,7.49
2.568631,-0.6978,0.7222,0.0634,-4.13,-0.84,7.63
2.569228,-0.7017,0.7222,0.0654,-5.25,-0.35,5.60
2.569825,-0.7047,0.7208,0.0698,-4.83,-0.42,8.26
2.570422,-0.7017,0.7222,0.0712,-5.11,-0.21,5.53
2.571019,-0.6978,0.7247,0.0693,-4.83,-0.70,8.26
2.571616,-0.6974,0.7252,0.0693,-5.39,0.00,5.60
2.572212,-0.6974,0.7218,0.0708,-4.83,-0.77,8.19
2.572809,-0.6974,0.7222,0.0722,-5.53,-0.14,5.81
2.573406,-0.6978,0.7227,0.0747,-5.04,-0.49,8.47
2.574003,-0.6974,0.7222,0.0756,-5.88,0.21,5.95
2.574600,-0.6974,0.7242,0.0756,-5.32,-0.28,8.68
2.575197,-0.7003,0.7257,0.0737,-6.02,0.21,5.74
2.576172,-0.7037,0.7276,0.0712,-5.25,-0.28,8.61
2.576769,-0.6998,0.7305,0.0712,-6.16,0.07,6.58
2.577366,-0.6974,0.7359,0.0732,-5.39,0.21,8.26
2.577963,-0.7013,0.7364,0.0752,-6.51,0.35,6.79
2.578560,-0.7017,0.7354,0.0771,-5.67,0.07,8.33
2.579156,-0.7027,0.7359,0.0756,-6.58,0.35,6.86
2.579753,-0.7081,0.7369,0.0727,-5.81,0.28,8.61
2.580350,-0.7071,0.7374,0.0752,-6.58,0.63,7.49
2.580947,-0.7032,0.7364,0.0791,-6.09,0.14,8.05
2.581544,-0.7091,0.7379,0.0820,-6.44,0.84,8.05
2.582141,-0.7047,0.7437,0.0791,-6.93,0.28,7.49
2.582738,-0.6998,0.7442,0.0786,-6.72,0.91,7.84
2.583335,-0.7042,0.7422,0.0761,-7.28,0.42,8.40
2.583932,-0.7091,0.7437,0.0766,-6.79,0.77,7.70
2.584528,-0.7052,0.7442,0.0786,-7.70,0.63,8.40
2.585125,-0.6998,0.7452,0.0786,-7.14,0.91,7.77
2.585722,-0.7032,0.7452,0.0776,-7.49,0.42,8.54
2.586319,-0.7061,0.7447,0.0771,-7.70,1.33,7.84
2.586916,-0.7066,0.7471,0.0776,-8.05,0.49,8.68
2.587891,-0.7066,0.7491,0.0737,-7.63,1.54,7.77
2.588488,-0.7027,0.7471,0.0722,-8.05,0.56,9.38
2.589085,-0.7022,0.7476,0.0791,-8.05,1.68,7.14
2.589682,-0.7047,0.7471,0.0805,-8.33,0.98,9.73
2.590279,-0.7052,0.7476,0.0747,-8.12,1.75,6.86
2.590875,-0.7047,0.7501,0.0732,-8.61,0.98,10.08
2.591472,-0.7052,0.7525,0.0717,-8.61,1.19,7.07
2.592069,-0.7061,0.7535,0.0708,-8.68,1.47,9.73
2.592666,-0.7100,0.7510,0.0737,-9.24,1.61,7.14
2.593263,-0.7110,0.7525,0.0712,-8.82,1.54,10.22
2.593860,-0.7100,0.7515,0.0673,-9.52,1.33,7.42
2.594457,-0.7105,0.7501,0.0664,-8.96,1.61,10.08
2.595054,-0.7115,0.7530,0.0654,-9.87,1.75,7.77
2.595651,-0.7135,0.7564,0.0683,-9.10,1.75,10.29
2.596247,-0.7139,0.7579,0.0678,-10.22,1.19,7.70
2.596844,-0.7139,0.7574,0.0673,-9.17,1.75,10.64
2.597441,-0.7149,0.7554,0.0688,-10.50,1.40,7.63
2.598038,-0.7139,0.7569,0.0644,-9.31,1.68,10.71
2.598635,-0.7159,0.7613,0.0644,-10.92,1.82,7.91
2.598635,-0.7188,0.7598,0.0673,-9.45,1.68,10.92
2.599230,-0.7188,0.7574,0.0683,-11.41,1.33,7.77
2.599827,-0.7213,0.7549,0.0683,-9.52,1.68,10.85
2.600424,-0.7232,0.7574,0.0673,-11.55,1.47,8.61
2.601021,-0.7213,0.7603,0.0654,-9.94,1.82,10.36
2.601617,-0.7208,0.7588,0.0595,-11.55,1.33,9.03
2.602214,-0.7188,0.7627,0.0610,-10.43,1.89,10.78
2.602811,-0.7164,0.7652,0.0630,-11.76,1.54,9.03
2.603408,-0.7252,0.7637,0.0625,-12.04,1.82,9.73
2.604005,-0.7247,0.7662,0.0644,-10.92,1.33,10.50
2.604602,-0.7227,0.7662,0.0615,-12.18,2.17,9.66
2.605199,-0.7222,0.7657,0.0625,-11.69,1.26,11.06
2.605796,-0.7232,0.7662,0.0664,-12.11,2.03,9.80
2.606393,-0.7232,0.7666,0.0664,-12.04,1.61,11.34
2.606989,-0.7218,0.7671,0.0664,-12.04,2.03,10.01
2.607586,-0.7218,0.7681,0.0678,-12.88,1.26,10.92
2.608183,-0.7257,0.7671,0.0698,-12.25,1.82,10.57
2.608780,-0.7281,0.7662,0.0698,-13.09,1.40,11.06
2.609377,-0.7252,0.7681,0.0669,-12.46,2.10,10.43
2.610352,-0.7242,0.7701,0.0659,-13.65,1.54,11.20
2.610949,-0.7281,0.7671,0.0683,-12.60,1.61,11.20
2.611546,-0.7276,0.7671,0.0683,-14.07,1.47,11.48
2.612143,-0.7237,0.7681,0.0703,-12.46,1.47,11.20
2.612740,-0.7237,0.7681,0.0678,-14.00,2.17,11.55
2.613336,-0.7242,0.7691,0.0644,-12.74,1.12,11.48
2.613933,-0.7252,0.7666,0.0649,-14.07,1.68,11.55
2.614530,-0.7247,0.7647,0.0630,-13.16,1.33,11.34
2.615127,-0.7271,0.7632,0.0654,-14.00,1.89,12.04
2.615724,-0.7276,0.7618,0.0664,-13.79,1.19,11.69
2.616321,-0.7281,0.7603,0.0639,-13.86,2.03,11.76
2.616918,-0.7296,0.7603,0.0649,-13.93,0.98,12.04
2.617515,-0.7281,0.7613,0.0620,-14.21,1.68,11.76
2.618112,-0.7281,0.7623,0.0600,-14.28,1.19,12.32
2.618708,-0.7252,0.7598,0.0644,-14.14,1.47,12.11
2.619305,-0.7261,0.7579,0.0634,-14.91,1.33,12.25
2.619902,-0.7286,0.7584,0.0586,-14.14,1.54,12.18
2.620499,-0.7266,0.7574,0.0590,-15.33,1.47,12.39
2.621096,-0.7247,0.7593,0.0595,-13.86,0.84,12.81
2.622071,-0.7242,0.7584,0.0581,-15.40,1.61,12.81
2.622668,-0.7266,0.7579,0.0566,-13.79,0.63,12.74
2.623265,-0.7213,0.7647,0.0566,-15.75,1.82,12.46
2.623862,-0.7213,0.7676,0.0551,-14.00,0.56,13.16
2.624459,-0.7218,0.7613,0.0547,-15.75,1.82,12.67
2.625055,-0.7159,0.7598,0.0547,-14.07,0.63,13.44
2.625652,-0.7159,0.7593,0.0527,-15.96,1.19,13.16
2.626249,-0.7169,0.7588,0.0517,-14.28,0.70,12.81
2.626846,-0.7178,0.7618,0.0517,-15.96,1.26,13.51
2.627443,-0.7149,0.7598,0.0493,-14.70,0.77,13.16
2.628040,-0.7120,0.7579,0.0488,-15.61,1.19,13.72
2.628637,-0.7135,0.7579,0.0503,-14.98,0.77,13.02
2.629234,-0.7115,0.7564,0.0522,-15.89,1.19,13.79
2.629831,-0.7110,0.7540,0.0551,-14.84,0.91,13.23
2.630427,-0.7125,0.7515,0.0547,-15.89,1.26,14.07
2.631024,-0.7135,0.7520,0.0517,-14.91,0.70,12.95
2.631621,-0.7159,0.7525,0.0498,-16.17,0.91,14.56
2.632218,-0.7169,0.7525,0.0488,-15.26,0.91,13.16
2.632815,-0.7188,0.7544,0.0508,-15.68,0.49,14.70
2.632815,-0.7169,0.7535,0.0493,-15.61,1.12,13.02
2.633410,-0.7115,0.7520,0.0473,-15.47,0.35,15.12
2.634007,-0.7120,0.7496,0.0512,-15.96,1.05,12.53
2.634604,-0.7130,0.7457,0.0512,-15.33,0.42,15.54
2.635201,-0.7125,0.7432,0.0468,-16.03,1.47,12.46
2.635797,-0.7115,0.7383,0.0473,-15.05,-0.14,15.68
2.636394,-0.7120,0.7388,0.0483,-16.38,1.26,12.25
2.636991,-0.7100,0.7413,0.0503,-14.70,0.14,16.17
2.637588,-0.7056,0.7359,0.0488,-14.49,0.35,16.24
2.638185,-0.7037,0.7335,0.0483,-16.38,0.98,11.97
2.638782,-0.7071,0.7335,0.0444,-14.28,0.49,16.24
2.639379,-0.7086,0.7344,0.0464,-16.38,1.12,12.74
2.639976,-0.7013,0.7349,0.0508,-14.42,0.84,16.03
2.640573,-0.6978,0.7349,0.0512,-15.96,0.98,12.39
2.641169,-0.6998,0.7344,0.0512,-14.70,0.84,16.03
2.641766,-0.6969,0.7330,0.0503,-15.68,0.70,12.95
2.642363,-0.6944,0.7305,0.0483,-14.77,1.05,15.82
2.642960,-0.6925,0.7257,0.0468,-15.54,0.42,13.16
2.643557,-0.6930,0.7257,0.0493,-14.42,1.12,15.33
2.644531,-0.6910,0.7315,0.0503,-15.33,0.56,13.16
2.645128,-0.6915,0.7286,0.0488,-14.14,1.19,15.40
2.645725,-0.6930,0.7237,0.0488,-15.54,0.91,12.81
2.646322,-0.6876,0.7237,0.0473,-14.35,1.26,15.54
2.646919,-0.6881,0.7213,0.0493,-15.33,1.26,13.23
2.647515,-0.6900,0.7198,0.0503,-14.14,1.12,15.26
2.648112,-0.6895,0.7237,0.0483,-14.98,1.12,13.30
2.648709,-0.6886,0.7237,0.0503,-13.79,0.91,14.70
2.649306,-0.6852,0.7183,0.0488,-14.49,0.70,13.02
2.649903,-0.6847,0.7169,0.0454,-13.79,1.68,14.63
2.650500,-0.6910,0.7164,0.0459,-14.35,0.77,13.51
2.651097,-0.6934,0.7130,0.0454,-13.30,1.82,14.35
2.651694,-0.6881,0.7086,0.0464,-14.14,0.77,13.30
2.652291,-0.6827,0.7091,0.0459,-13.44,1.89,14.28
2.652887,-0.6827,0.7135,0.0473,-13.86,1.12,13.37
2.653484,-0.6861,0.7125,0.0454,-13.30,1.75,14.07
2.654081,-0.6842,0.7091,0.0400,-13.72,1.12,13.23
2.654678,-0.6798,0.7076,0.0439,-12.88,1.89,13.72
2.655275,-0.6817,0.7052,0.0444,-13.65,1.05,12.88
2.655275,-0.6827,0.7047,0.0410,-12.25,2.17,13.44
2.655871,-0.6773,0.7052,0.0395,-13.30,0.91,12.95
2.656468,-0.6764,0.7061,0.0395,-12.11,2.17,12.81
2.657065,-0.6783,0.7071,0.0390,-12.95,1.12,13.23
2.657662,-0.6764,0.7027,0.0381,-11.69,2.17,12.18
2.658258,-0.6783,0.6983,0.0420,-12.67,1.61,13.09
2.658855,-0.6808,0.6993,0.0464,-11.62,1.75,12.04
2.659452,-0.6803,0.6974,0.0464,-11.83,1.61,12.74
2.660049,-0.6808,0.6944,0.0434,-11.27,1.89,11.55
2.660646,-0.6788,0.6920,0.0449,-11.83,2.03,12.88
2.661243,-0.6778,0.6939,0.0449,-11.13,1.96,11.34
2.661840,-0.6832,0.6969,0.0483,-11.41,2.73,12.88
2.662437,-0.6852,0.6949,0.0483,-10.36,1.61,10.78
2.663034,-0.6847,0.6944,0.0483,-10.92,2.73,12.53
2.663630,-0.6866,0.6930,0.0508,-10.15,1.61,10.29
2.664227,-0.6866,0.6905,0.0503,-10.57,2.66,12.60
2.664824,-0.6842,0.6925,0.0483,-10.22,1.82,10.08
2.665421,-0.6832,0.6920,0.0444,-9.80,2.73,11.97
2.666018,-0.6832,0.6866,0.0444,-9.87,2.03,9.45
2.666018,-0.6812,0.6891,0.0512,-9.17,3.08,11.97
2.666613,-0.6817,0.6939,0.0556,-9.73,1.96,9.31
2.667210,-0.6822,0.6930,0.0586,-8.68,2.80,11.69
2.667807,-0.6793,0.6891,0.0566,-9.38,2.03,9.24
2.668404,-0.6812,0.6871,0.0527,-8.54,3.43,11.34
2.669000,-0.6852,0.6856,0.0537,-8.82,1.68,8.54
2.669597,-0.6842,0.6871,0.0581,-8.26,3.92,11.13
2.670194,-0.6852,0.6886,0.0615,-8.12,1.47,8.47
2.670791,-0.6871,0.6876,0.0586,-7.84,4.20,10.64
2.671388,-0.6866,0.6891,0.0615,-7.91,1.40,8.26
2.671985,-0.6837,0.6871,0.0659,-7.14,4.20,10.08
2.672582,-0.6866,0.6866,0.0664,-7.63,1.61,8.19
2.673179,-0.6891,0.6881,0.0620,-6.58,3.78,10.15
2.673775,-0.6852,0.6871,0.0586,-6.93,1.82,7.91
2.674372,-0.6847,0.6861,0.0630,-6.65,3.99,9.80
2.674969,-0.6876,0.6881,0.0634,-6.30,1.75,7.07
2.675566,-0.6900,0.6920,0.0625,-6.30,3.92,9.66
2.676163,-0.6895,0.6944,0.0654,-6.09,1.96,7.21
2.676760,-0.6905,0.6900,0.0649,-5.67,4.20,9.24
2.677735,-0.6934,0.6900,0.0664,-5.32,1.68,6.65
2.678332,-0.6949,0.6954,0.0693,-5.74,4.34,8.75
2.678929,-0.6983,0.6925,0.0664,-4.62,1.89,6.02
2.679526,-0.7008,0.6930,0.0639,-5.32,4.27,8.68
2.680123,-0.6998,0.6949,0.0639,-4.34,2.03,6.30
2.680719,-0.7017,0.6949,0.0678,-4.90,3.92,8.05
2.681316,-0.7037,0.6939,0.0688,-3.99,2.38,6.23
2.681913,-0.7032,0.6939,0.0649,-4.62,3.71,8.54
2.682510,-0.7022,0.7008,0.0639,-3.50,2.45,5.11
2.683107,-0.7027,0.7022,0.0688,-4.34,3.85,8.26
2.683704,-0.7017,0.6993,0.0732,-3.22,2.10,4.69
2.684301,-0.7017,0.7027,0.0737,-3.57,3.43,7.98
2.684898,-0.7056,0.7066,0.0722,-3.43,2.38,4.48
2.685494,-0.7081,0.7066,0.0708,-2.87,3.43,7.49
2.686091,-0.7096,0.7056,0.0722,-3.22,2.59,4.13
2.686688,-0.7105,0.7071,0.0737,-2.10,3.15,7.28
2.687285,-0.7100,0.7096,0.0732,-3.29,2.87,3.78
2.687882,-0.7096,0.7100,0.0722,-1.61,3.01,6.93
2.688479,-0.7096,0.7125,0.0727,-3.15,2.80,3.85
2.688479,-0.7154,0.7188,0.0737,-1.19,2.52,6.51
2.689074,-0.7174,0.7203,0.0732,-2.80,2.66,3.71
2.689671,-0.7125,0.7193,0.0737,-0.56,2.59,6.09
2.690268,-0.7125,0.7222,0.0752,-2.59,2.52,3.50
2.690865,-0.7120,0.7237,0.0737,-0.42,2.38,5.46
2.691461,-0.7144,0.7252,0.0747,-1.96,2.38,3.29
2.692058,-0.7174,0.7281,0.0786,-0.70,2.45,5.25
2.692655,-0.7183,0.7257,0.0791,-1.54,2.24,3.08
2.693252,-0.7164,0.7266,0.0781,-0.56,2.38,5.18
2.693849,-0.7139,0.7310,0.0752,-1.40,2.03,3.08
2.694446,-0.7159,0.7315,0.0761,-0.49,2.52,4.20
2.695043,-0.7208,0.7325,0.0756,-0.84,1.82,3.01
2.695640,-0.7208,0.7325,0.0732,-0.35,2.24,3.57
2.696236,-0.7183,0.7349,0.0761,-0.70,1.75,3.01
2.696833,-0.7188,0.7403,0.0776,-0.42,2.10,3.08
2.697430,-0.7198,0.7422,0.0761,0.00,1.26,3.22
2.698027,-0.7178,0.7432,0.0712,-0.49,2.10,2.94
2.698624,-0.7188,0.7457,0.0698,0.35,1.26,2.87
2.699221,-0.7213,0.7447,0.0727,-0.56,1.75,2.66
2.700196,-0.7174,0.7442,0.0732,0.42,1.19,2.73
2.700793,-0.7164,0.7462,0.0698,-0.14,1.19,2.38
2.701390,-0.7193,0.7466,0.0688,0.77,1.19,2.03
2.701987,-0.7154,0.7486,0.0712,-0.28,1.54,2.66
2.702584,-0.7135,0.7515,0.0659,0.77,0.91,1.89
2.703180,-0.7164,0.7525,0.0644,0.14,1.12,2.24
2.703777,-0.7169,0.7544,0.0708,0.77,0.77,2.10
2.704374,-0.7159,0.7559,0.0737,0.42,0.84,1.75
2.704971,-0.7154,0.7549,0.0717,0.56,0.77,2.10
2.705568,-0.7135,0.7569,0.0698,0.56,1.12,1.54
2.706165,-0.7120,0.7598,0.0669,0.49,0.14,2.38
2.706762,-0.7120,0.7603,0.0620,0.77,0.77,0.70
2.707359,-0.7086,0.7608,0.0610,0.35,0.07,2.45
2.707955,-0.7056,0.7603,0.0634,1.19,0.56,0.70
2.708552,-0.7052,0.7642,0.0654,0.28,-0.14,2.45
2.709149,-0.7091,0.7701,0.0644,1.19,0.21,0.56
2.709746,-0.7105,0.7686,0.0625,0.63,-0.07,2.45
2.710343,-0.7071,0.7676,0.0600,1.12,0.07,0.07
2.710940,-0.7061,0.7710,0.0590,0.98,-0.42,2.10
2.710940,-0.7100,0.7715,0.0615,1.12,0.00,-0.14
2.711535,-0.7096,0.7686,0.0625,1.19,-0.56,2.52
2.712132,-0.7071,0.7701,0.0610,0.91,-0.14,-0.63
2.712729,-0.7081,0.7691,0.0620,1.05,-0.63,3.01
2.713326,-0.7056,0.7696,0.0634,0.91,-0.35,-0.98
2.713922,-0.7037,0.7735,0.0590,1.54,-1.12,2.94
2.714519,-0.7022,0.7710,0.0571,0.49,-0.56,-0.77
2.715116,-0.7013,0.7696,0.0620,1.40,-0.91,3.08
2.715713,-0.7027,0.7686,0.0659,0.28,-0.91,-0.49
2.716310,-0.7047,0.7666,0.0659,1.75,-1.05,2.31
2.716907,-0.7042,0.7671,0.0634,0.07,-0.70,-0.28
2.717504,-0.7052,0.7710,0.0634,1.96,-1.05,2.17
2.718101,-0.7047,0.7715,0.0595,0.28,-1.33,-0.14
2.718697,-0.7003,0.7696,0.0576,1.96,-1.26,2.31
2.719294,-0.6974,0.7696,0.0590,0.21,-1.05,0.07
2.719891,-0.6944,0.7691,0.0586,1.75,-1.40,2.17
2.720488,-0.6949,0.7676,0.0600,0.56,-1.47,0.07
2.721085,-0.6944,0.7681,0.0586,1.40,-1.54,1.96
2.721682,-0.6915,0.7691,0.0590,0.98,-2.03,0.21
2.721682,-0.6905,0.7671,0.0610,0.91,-1.61,1.82
2.722277,-0.6915,0.7681,0.0610,1.05,-2.31,0.70
2.722874,-0.6910,0.7686,0.0600,1.05,-1.82,1.75
2.723471,-0.6915,0.7657,0.0620,0.98,-1.82,1.19
2.724068,-0.6905,0.7652,0.0625,0.77,-1.68,1.26
2.724664,-0.6876,0.7657,0.0610,1.40,-2.31,1.47
2.725261,-0.6861,0.7642,0.0581,0.42,-1.89,1.54
2.725858,-0.6832,0.7657,0.0649,1.68,-2.31,0.91
2.726455,-0.6827,0.7686,0.0673,1.47,-2.38,0.63
2.727052,-0.6847,0.7676,0.0644,1.05,-2.45,1.75
2.727649,-0.6842,0.7623,0.0610,0.98,-1.61,1.26
2.728246,-0.6822,0.7632,0.0615,1.05,-3.01,1.75
2.728843,-0.6798,0.7623,0.0620,0.98,-1.54,1.05
2.729439,-0.6773,0.7588,0.0615,1.40,-3.01,1.75
2.730036,-0.6788,0.7584,0.0610,0.98,-1.54,0.91
2.730633,-0.6759,0.7593,0.0644,1.47,-2.94,2.03
2.731230,-0.6759,0.7608,0.0654,0.77,-1.68,1.33
2.731827,-0.6793,0.7613,0.0595,1.82,-3.29,1.75
2.732424,-0.6778,0.7598,0.0561,0.63,-1.75,1.75
2.733399,-0.6778,0.7544,0.0571,1.75,-3.36,1.54
2.733996,-0.6759,0.7501,0.0600,0.77,-2.17,1.89
2.734593,-0.6715,0.7530,0.0581,1.82,-3.29,1.19
2.735190,-0.6700,0.7554,0.0542,0.63,-2.10,2.94
2.735787,-0.6730,0.7505,0.0566,1.68,-3.08,0.70
2.736383,-0.6749,0.7481,0.0625,1.19,-2.59,2.31
2.736980,-0.6710,0.7457,0.0644,1.33,-3.08,1.05
2.737577,-0.6676,0.7432,0.0620,1.61,-2.59,2.45
2.738174,-0.6734,0.7447,0.0581,1.33,-3.08,1.47
2.738771,-0.6739,0.7427,0.0542,1.96,-2.31,2.17
2.739368,-0.6690,0.7413,0.0508,1.05,-3.50,1.40
2.739965,-0.6700,0.7418,0.0517,2.17,-2.52,2.24
2.740562,-0.6695,0.7383,0.0556,1.05,-3.71,1.40
2.741158,-0.6661,0.7359,0.0581,2.03,-2.66,2.59
2.741755,-0.6637,0.7344,0.0586,1.33,-3.29,1.33
2.742352,-0.6661,0.7349,0.0600,2.03,-2.59,2.45
2.742949,-0.6681,0.7379,0.0566,1.12,-3.22,1.26
2.743546,-0.6686,0.7374,0.0498,2.17,-3.01,2.80
2.744143,-0.6720,0.7364,0.0498,1.19,-3.15,0.70
2.744143,-0.6710,0.7359,0.0532,2.59,-3.15,3.01
2.744738,-0.6661,0.7364,0.0551,1.40,-3.50,0.91
2.745335,-0.6686,0.7383,0.0527,2.24,-3.22,3.08
2.745932,-0.6730,0.7379,0.0522,1.26,-3.50,0.70
2.746529,-0.6739,0.7349,0.0542,2.38,-2.94,3.22
2.747125,-0.6734,0.7315,0.0517,1.68,-3.43,0.49
2.747722,-0.6710,0.7310,0.0527,2.10,-3.01,3.43
2.748319,-0.6700,0.7330,0.0566,2.03,-3.71,0.21
2.748916,-0.6710,0.7354,0.0561,2.24,-3.57,3.85
2.749513,-0.6749,0.7349,0.0566,2.24,-3.57,-0.70
2.750110,-0.6764,0.7335,0.0571,2.52,-3.36,3.71
2.750707,-0.6773,0.7330,0.0576,2.10,-3.85,-0.07
2.751304,-0.6788,0.7330,0.0595,2.59,-3.43,2.94
2.751900,-0.6778,0.7349,0.0586,2.17,-4.20,0.49
2.752497,-0.6773,0.7300,0.0595,2.59,-3.22,2.66
2.753094,-0.6798,0.7271,0.0595,2.45,-4.34,0.07
2.753691,-0.6803,0.7281,0.0634,2.24,-3.22,2.52
2.754288,-0.6773,0.7257,0.0669,2.87,-4.55,0.00
2.754885,-0.6769,0.7276,0.0654,2.31,-3.50,2.45
2.755860,-0.6759,0.7300,0.0625,3.22,-4.69,-0.07
2.756457,-0.6773,0.7300,0.0630,2.03,-3.08,2.52
2.757054,-0.6832,0.7296,0.0639,3.01,-5.11,-0.49
2.757651,-0.6842,0.7296,0.0673,2.31,-3.29,2.17
2.758248,-0.6803,0.7335,0.0717,3.01,-5.18,-0.49
2.758844,-0.6817,0.7349,0.0712,2.31,-3.43,1.96
2.759441,-0.6808,0.7310,0.0703,3.08,-5.74,-0.63
2.760038,-0.6788,0.7300,0.0630,2.10,-3.57,1.61
2.760635,-0.6793,0.7383,0.0605,2.31,-3.50,1.68
2.761232,-0.6837,0.7335,0.0615,2.87,-5.74,-0.63
2.761829,-0.6847,0.7325,0.0600,2.80,-3.43,0.77
2.762426,-0.6827,0.7379,0.0581,2.52,-5.74,-0.49
2.763023,-0.6803,0.7374,0.0615,3.15,-3.85,0.63
2.763619,-0.6788,0.7354,0.0634,2.31,-5.67,-0.49
2.764216,-0.6788,0.7379,0.0630,3.01,-4.34,0.21
2.764813,-0.6783,0.7393,0.0615,2.24,-5.60,-0.70
2.765410,-0.6778,0.7383,0.0615,3.29,-3.99,-0.21
2.766007,-0.6817,0.7408,0.0605,2.24,-6.02,-0.84
2.766604,-0.6827,0.7413,0.0590,3.01,-4.06,-0.35
2.767578,-0.6788,0.7413,0.0634,2.24,-6.02,-1.05
2.768175,-0.6803,0.7432,0.0634,2.59,-4.55,-0.28
2.768772,-0.6817,0.7447,0.0595,2.52,-6.02,-1.19
2.769369,-0.6798,0.7398,0.0610,2.45,-5.04,-0.56
2.769966,-0.6764,0.7393,0.0571,2.38,-5.67,-1.75
2.770562,-0.6778,0.7403,0.0566,2.73,-5.32,-0.28
2.771159,-0.6798,0.7418,0.0639,2.31,-5.95,-1.68
2.771756,-0.6842,0.7452,0.0620,2.59,-5.32,-0.98
2.772353,-0.6832,0.7413,0.0595,2.17,-5.53,-0.42
2.772950,-0.6822,0.7476,0.0576,2.17,-5.88,-2.59
2.773547,-0.6812,0.7510,0.0556,2.24,-5.46,-0.56
2.774144,-0.6803,0.7476,0.0556,2.17,-6.30,-2.73
2.774741,-0.6803,0.7486,0.0600,2.24,-5.53,-1.26
2.775337,-0.6832,0.7501,0.0595,1.89,-6.37,-2.38
2.775934,-0.6891,0.7515,0.0581,2.31,-5.88,-0.84
2.776531,-0.6891,0.7515,0.0625,1.61,-6.51,-2.45
2.777128,-0.6837,0.7476,0.0639,2.03,-6.16,-0.84
2.777725,-0.6842,0.7481,0.0605,1.33,-6.51,-2.94
2.778322,-0.6832,0.7520,0.0581,2.38,-6.23,-0.98
2.779297,-0.6808,0.7549,0.0600,0.63,-6.51,-2.87
2.779894,-0.6852,0.7559,0.0634,2.59,-6.86,-0.84
2.780491,-0.6910,0.7574,0.0649,0.84,-6.86,-3.01
2.781088,-0.6886,0.7569,0.0649,2.38,-6.72,-0.56
2.781685,-0.6861,0.7569,0.0649,0.56,-6.58,-3.50
2.782281,-0.6900,0.7569,0.0610,2.17,-7.07,-0.63
2.782878,-0.6895,0.7608,0.0556,0.49,-6.86,-3.15
2.783475,-0.6876,0.7647,0.0556,1.89,-7.28,-0.56
2.784072,-0.6900,0.7637,0.0571,0.70,-6.86,-3.50
2.784669,-0.6939,0.7642,0.0547,1.05,-7.70,-0.14
2.785266,-0.6930,0.7652,0.0561,0.49,-6.65,-3.01
2.785863,-0.6910,0.7647,0.0590,0.77,-7.98,-0.42
2.786460,-0.6939,0.7647,0.0576,0.56,-7.00,-3.15
2.787056,-0.6900,0.7666,0.0576,0.70,-8.19,-0.28
2.787653,-0.6832,0.7696,0.0615,0.21,-6.79,-3.29
2.788250,-0.6827,0.7681,0.0615,0.35,-8.40,-0.28
2.788847,-0.6837,0.7666,0.0610,0.07,-7.28,-3.08
2.789444,-0.6871,0.7710,0.0620,0.28,-8.33,-0.21
2.790041,-0.6876,0.7725,0.0605,-0.14,-7.56,-2.38
2.790041,-0.6866,0.7720,0.0586,-0.28,-7.91,-0.63
2.790636,-0.6837,0.7720,0.0561,-0.14,-7.98,-1.89
2.791233,-0.6798,0.7706,0.0542,-0.70,-7.70,-1.19
2.791830,-0.6817,0.7701,0.0532,-0.49,-8.40,-0.84
2.792427,-0.6866,0.7725,0.0551,-1.05,-7.77,-1.26
2.793023,-0.6866,0.7740,0.0547,-0.35,-8.33,-0.70
2.793620,-0.6866,0.7735,0.0522,-1.26,-8.19,-1.47
2.794217,-0.6895,0.7725,0.0561,-0.70,-8.19,-0.14
2.794814,-0.6881,0.7749,0.0556,-1.05,-8.54,-1.54
2.795411,-0.6847,0.7759,0.0542,-1.40,-8.75,-1.33
2.796008,-0.6861,0.7769,0.0571,-1.54,-7.98,0.14
2.796605,-0.6837,0.7798,0.0595,-1.61,-9.03,-1.61
2.797202,-0.6827,0.7769,0.0551,-2.03,-8.19,0.84
2.797798,-0.6812,0.7764,0.0498,-2.10,-8.96,-1.47
2.798395,-0.6832,0.7764,0.0503,-1.89,-7.91,0.91
2.798992,-0.6827,0.7769,0.0512,-2.45,-8.75,-1.47
2.799589,-0.6812,0.7803,0.0493,-1.96,-8.26,1.12
2.800186,-0.6837,0.7823,0.0542,-2.80,-8.54,-1.54
2.800783,-0.6856,0.7813,0.0542,-1.89,-8.82,1.54
2.801758,-0.6866,0.7837,0.0508,-3.08,-8.61,-1.75
2.802355,-0.6866,0.7862,0.0547,-2.45,-8.89,2.10
2.802952,-0.6891,0.7857,0.0547,-3.22,-8.40,-1.68
2.803549,-0.6900,0.7842,0.0503,-2.52,-8.96,2.17
2.804146,-0.6871,0.7823,0.0537,-3.36,-8.68,-1.40
2.804742,-0.6886,0.7862,0.0547,-3.08,-8.96,1.89
2.805339,-0.6891,0.7862,0.0527,-3.92,-8.33,-0.84
2.805936,-0.6895,0.7828,0.0556,-3.50,-9.17,2.03
2.806533,-0.6915,0.7803,0.0561,-3.64,-8.33,-1.40
2.807130,-0.6925,0.7818,0.0547,-3.78,-9.59,2.52
2.807727,-0.6964,0.7852,0.0527,-4.27,-7.98,-1.26
2.808324,-0.6920,0.7828,0.0498,-3.64,-9.31,2.66
2.808921,-0.6856,0.7818,0.0522,-4.41,-8.12,-1.33
2.809517,-0.6856,0.7832,0.0542,-4.20,-9.73,2.66
2.810114,-0.6925,0.7857,0.0532,-4.13,-9.87,2.38
2.810711,-0.6895,0.7852,0.0488,-4.20,-8.89,2.24
2.811308,-0.6861,0.7823,0.0498,-6.16,-8.61,0.77
2.811905,-0.6866,0.7832,0.0512,-4.34,-8.96,2.03
2.812502,-0.6886,0.7852,0.0556,-6.30,-9.31,1.05
2.814453,-0.6866,0.7828,0.0566,-5.04,-8.33,1.54
2.815050,-0.6886,0.7813,0.0551,-6.02,-9.59,1.54
2.815647,-0.6910,0.7788,0.0522,-5.46,-8.61,1.61
2.816244,-0.6881,0.7764,0.0488,-6.65,-9.03,2.17
2.816841,-0.6861,0.7784,0.0512,-5.32,-8.89,1.82
2.817437,-0.6842,0.7823,0.0537,-6.44,-8.82,1.96
2.818034,-0.6837,0.7798,0.0478,-5.67,-8.96,2.24
2.818631,-0.6900,0.7754,0.0478,-6.51,-9.17,1.89
2.819228,-0.6920,0.7779,0.0498,-6.09,-8.89,2.45
2.819825,-0.6934,0.7784,0.0508,-6.58,-9.24,2.10
2.820422,-0.6944,0.7754,0.0493,-6.44,-8.82,2.73
2.821019,-0.6925,0.7749,0.0488,-6.93,-9.38,2.38
2.821616,-0.6915,0.7798,0.0498,-6.51,-8.68,2.80
2.822213,-0.6920,0.7813,0.0483,-6.72,-9.03,2.24
2.822809,-0.6920,0.7769,0.0478,-6.58,-9.03,2.94
2.823406,-0.6886,0.7774,0.0493,-7.07,-8.75,2.66
2.824003,-0.6871,0.7759,0.0508,-6.44,-8.96,2.94
2.824600,-0.6905,0.7745,0.0498,-7.49,-8.75,2.80
2.825197,-0.6939,0.7784,0.0478,-6.79,-8.96,3.43
2.826172,-0.6930,0.7754,0.0503,-7.42,-8.82,2.73
2.826769,-0.6915,0.7725,0.0517,-6.65,-8.89,3.57
2.827366,-0.6900,0.7740,0.0498,-7.28,-9.24,3.08
2.827963,-0.6939,0.7764,0.0508,-7.42,-8.89,3.36
2.828560,-0.6959,0.7749,0.0508,-7.49,-8.61,3.85
2.829156,-0.6959,0.7740,0.0512,-7.42,-8.96,3.15
2.829753,-0.6993,0.7749,0.0517,-7.98,-8.54,3.85
2.830350,-0.7008,0.7764,0.0498,-7.21,-9.31,3.99
2.830947,-0.6974,0.7764,0.0483,-8.12,-8.33,3.57
2.831544,-0.7013,0.7706,0.0522,-7.07,-9.17,4.27
2.832141,-0.7061,0.7696,0.0503,-7.98,-8.54,3.71
2.832738,-0.7056,0.7691,0.0473,-7.49,-9.10,4.90
2.833335,-0.7056,0.7676,0.0483,-7.98,-8.75,3.71
2.833932,-0.7096,0.7710,0.0483,-7.70,-9.17,5.04
2.834528,-0.7100,0.7710,0.0488,-8.19,-8.61,3.92
2.835125,-0.7076,0.7681,0.0503,-7.70,-9.03,5.39
2.835722,-0.7076,0.7671,0.0478,-7.84,-8.47,3.29
2.836319,-0.7091,0.7691,0.0493,-8.05,-9.17,5.81
2.836916,-0.7096,0.7681,0.0473,-7.70,-8.68,3.43
2.837891,-0.7120,0.7686,0.0434,-8.12,-8.96,6.09
2.838488,-0.7169,0.7681,0.0459,-7.84,-8.82,3.71
2.839085,-0.7149,0.7632,0.0478,-8.33,-8.54,6.58
2.839682,-0.7139,0.7632,0.0522,-7.42,-9.31,3.50
2.840279,-0.7164,0.7623,0.0508,-8.12,-8.54,6.37
2.840875,-0.7144,0.7652,0.0512,-7.77,-8.47,6.44
2.841472,-0.7164,0.7627,0.0522,-8.12,-9.38,5.04
2.842069,-0.7159,0.7608,0.0503,-7.70,-7.98,6.09
2.842666,-0.7125,0.7569,0.0493,-8.40,-9.87,5.32
2.843263,-0.7120,0.7579,0.0522,-7.84,-7.98,6.09
2.843860,-0.7086,0.7608,0.0532,-8.05,-9.87,5.67
2.844457,-0.7066,0.7588,0.0532,-8.12,-7.70,6.09
2.845054,-0.7091,0.7579,0.0556,-8.12,-9.80,5.81
2.845651,-0.7096,0.7569,0.0547,-8.12,-8.05,6.09
2.846247,-0.7081,0.7579,0.0532,-8.12,-9.45,5.74
2.846844,-0.7047,0.7574,0.0532,-8.05,-7.98,6.37
2.847441,-0.7096,0.7544,0.0517,-8.12,-9.45,6.02
2.848038,-0.7115,0.7544,0.0517,-7.91,-8.47,6.51
2.848635,-0.7105,0.7559,0.0483,-8.05,-9.03,6.02
2.849610,-0.7100,0.7569,0.0483,-7.56,-8.12,6.86
2.850207,-0.7110,0.7554,0.0503,-8.12,-8.96,5.81
2.850804,-0.7120,0.7530,0.0503,-7.56,-8.26,7.21
2.851401,-0.7110,0.7525,0.0498,-8.05,-8.82,5.74
2.851998,-0.7091,0.7515,0.0522,-7.42,-7.84,7.35
2.852594,-0.7061,0.7491,0.0542,-8.12,-9.03,5.95
2.853191,-0.7052,0.7471,0.0522,-7.49,-7.77,7.00
2.853788,-0.7022,0.7481,0.0498,-8.05,-9.10,6.44
2.854385,-0.7066,0.7476,0.0498,-7.28,-8.05,6.86
2.854982,-0.7096,0.7466,0.0503,-7.84,-8.96,6.23
2.855579,-0.7081,0.7447,0.0508,-7.28,-8.12,7.00
2.856176,-0.7096,0.7418,0.0503,-7.56,-8.33,6.16
2.856773,-0.7076,0.7437,0.0503,-7.70,-7.98,7.49
2.857370,-0.7066,0.7466,0.0527,-7.14,-8.47,5.81
2.857966,-0.7071,0.7471,0.0547,-7.35,-7.91,7.42
2.858563,-0.7061,0.7491,0.0556,-7.14,-8.05,5.67
2.859160,-0.7056,0.7486,0.0527,-7.21,-8.26,7.63
2.859757,-0.7008,0.7466,0.0483,-7.21,-7.70,5.46
2.860354,-0.6983,0.7466,0.0459,-7.07,-8.40,7.63
2.860354,-0.7008,0.7476,0.0478,-7.07,-7.63,4.97
2.860949,-0.6983,0.7447,0.0522,-7.07,-7.98,8.12
2.861546,-0.6993,0.7422,0.0488,-6.86,-7.56,4.83
2.862143,-0.7027,0.7427,0.0493,-7.00,-8.12,7.91
2.862740,-0.7027,0.7457,0.0493,-6.72,-8.05,8.19
2.863336,-0.7003,0.7427,0.0503,-6.79,-7.28,4.41
2.863933,-0.7022,0.7442,0.0527,-6.65,-7.84,7.84
2.864530,-0.7022,0.7418,0.0561,-6.72,-7.07,4.62
2.865127,-0.7052,0.7432,0.0547,-6.51,-7.42,7.14
2.865724,-0.7076,0.7466,0.0522,-6.72,-7.00,5.11
2.866321,-0.7056,0.7447,0.0512,-6.16,-7.63,6.86
2.866918,-0.7071,0.7457,0.0488,-6.86,-6.65,5.18
2.867515,-0.7096,0.7432,0.0473,-6.09,-7.42,6.72
2.868112,-0.7086,0.7418,0.0478,-6.23,-7.00,5.11
2.868708,-0.7081,0.7403,0.0503,-6.02,-6.86,6.16
2.869305,-0.7130,0.7403,0.0498,-6.23,-6.93,5.18
2.869902,-0.7125,0.7398,0.0483,-5.95,-6.65,5.95
2.870499,-0.7110,0.7354,0.0542,-5.74,-6.86,4.97
2.871096,-0.7091,0.7340,0.0561,-5.81,-6.37,5.88
2.872071,-0.7100,0.7374,0.0551,-5.67,-7.00,5.32
2.872668,-0.7149,0.7354,0.0566,-5.32,-7.07,5.25
2.873265,-0.7154,0.7354,0.0542,-5.67,-6.44,5.11
2.873862,-0.7125,0.7354,0.0488,-5.25,-6.93,4.90
2.874459,-0.7105,0.7335,0.0512,-5.60,-5.88,5.18
2.875055,-0.7096,0.7330,0.0561,-4.97,-6.72,5.04
2.875652,-0.7096,0.7344,0.0566,-5.25,-6.23,4.97
2.876249,-0.7135,0.7330,0.0566,-4.83,-6.09,4.76
2.876846,-0.7135,0.7305,0.0566,-5.32,-6.37,4.83
2.877443,-0.7105,0.7315,0.0595,-4.55,-5.95,4.83
2.878040,-0.7091,0.7335,0.0576,-4.90,-6.44,4.62
2.878637,-0.7125,0.7364,0.0581,-4.69,-6.09,4.90
2.879234,-0.7139,0.7359,0.0581,-4.69,-6.02,4.62
2.879831,-0.7100,0.7330,0.0561,-4.34,-5.81,4.55
2.880427,-0.7105,0.7354,0.0561,-4.62,-5.88,4.48
2.881024,-0.7096,0.7354,0.0581,-3.85,-6.16,4.41
2.881621,-0.7100,0.7305,0.0600,-4.69,-5.25,4.20
2.882218,-0.7130,0.7310,0.0610,-3.64,-6.02,4.55
2.882815,-0.7135,0.7320,0.0595,-4.20,-5.46,3.71
2.883789,-0.7125,0.7330,0.0551,-3.22,-5.60,3.43
2.884386,-0.7120,0.7330,0.0566,-3.15,-5.60,4.27
2.884983,-0.7135,0.7325,0.0590,-3.92,-5.32,3.29
2.885580,-0.7125,0.7320,0.0561,-3.22,-5.25,4.41
2.886177,-0.7135,0.7315,0.0551,-3.99,-4.97,3.50
2.886773,-0.7125,0.7286,0.0561,-2.73,-5.46,4.20
2.887370,-0.7115,0.7320,0.0581,-3.92,-4.76,3.29
2.887967,-0.7120,0.7349,0.0595,-2.38,-5.60,3.92
2.888564,-0.7154,0.7330,0.0610,-3.29,-5.11,2.94
2.889161,-0.7159,0.7340,0.0600,-2.73,-5.32,4.13
2.889758,-0.7183,0.7325,0.0556,-3.15,-4.83,2.45
2.890355,-0.7222,0.7320,0.0566,-2.38,-5.46,3.85
2.890952,-0.7232,0.7340,0.0551,-2.80,-5.04,2.73
2.891549,-0.7208,0.7335,0.0547,-2.59,-5.32,3.43
2.892145,-0.7164,0.7320,0.0571,-2.10,-4.90,2.52
2.892742,-0.7169,0.7340,0.0590,-2.80,-5.18,3.64
2.893339,-0.7169,0.7369,0.0595,-2.03,-4.69,2.45
2.893936,-0.7198,0.7364,0.0551,-2.80,-5.18,3.64
2.894533,-0.7227,0.7359,0.0561,-1.75,-4.83,2.17
2.895508,-0.7198,0.7349,0.0522,-2.59,-5.25,3.57
2.896105,-0.7193,0.7335,0.0512,-1.47,-4.55,1.75
2.896702,-0.7227,0.7349,0.0527,-1.61,-4.69,1.96
2.897299,-0.7227,0.7340,0.0586,-2.24,-4.69,3.15
2.897896,-0.7237,0.7364,0.0590,-1.26,-4.69,1.75
2.898492,-0.7237,0.7383,0.0566,-1.96,-4.55,2.94
2.899089,-0.7218,0.7374,0.0566,-1.26,-4.83,1.75
2.899686,-0.7208,0.7349,0.0571,-1.54,-4.27,2.66
2.900283,-0.7193,0.7364,0.0542,-1.33,-4.76,1.96
2.900880,-0.7213,0.7388,0.0532,-1.26,-4.20,2.24
2.901477,-0.7232,0.7383,0.0561,-1.05,-4.83,2.10
2.902074,-0.7237,0.7359,0.0581,-1.40,-4.55,2.24
2.902671,-0.7218,0.7359,0.0571,-1.19,-4.90,1.61
2.903268,-0.7222,0.7388,0.0571,-0.91,-4.27,2.10
2.903865,-0.7266,0.7413,0.0566,-1.12,-4.76,1.40
2.904461,-0.7271,0.7413,0.0556,-0.77,-4.48,2.17
2.905058,-0.7286,0.7403,0.0561,-1.05,-4.62,1.33
2.905655,-0.7291,0.7383,0.0571,-0.42,-4.62,1.96
2.906252,-0.7281,0.7388,0.0625,-0.98,-4.48,1.19
2.907227,-0.7296,0.7422,0.0625,0.14,-4.69,1.96
2.907824,-0.7266,0.7413,0.0586,-1.19,-4.48,1.05
2.908421,-0.7237,0.7403,0.0615,0.07,-4.34,1.61
2.909018,-0.7227,0.7393,0.0644,-0.98,-4.34,1.19
2.909615,-0.7213,0.7383,0.0649,0.28,-4.20,1.26
2.910211,-0.7208,0.7393,0.0649,-0.77,-4.90,1.33
2.910808,-0.7188,0.7408,0.0620,0.49,-4.06,1.05
2.911405,-0.7198,0.7388,0.0600,-0.28,-5.11,1.40
2.912002,-0.7208,0.7388,0.0605,0.28,-3.85,0.98
2.912599,-0.7183,0.7379,0.0586,0.07,-4.97,1.33
2.913196,-0.7198,0.7349,0.0586,0.49,-3.78,0.63
2.913793,-0.7237,0.7369,0.0620,0.21,-4.97,1.33
2.914390,-0.7237,0.7374,0.0634,0.63,-3.78,0.14
2.914987,-0.7232,0.7359,0.0639,0.14,-4.48,1.75
2.915584,-0.7252,0.7374,0.0644,0.91,-3.64,0.00
2.916180,-0.7242,0.7374,0.0654,0.00,-4.20,1.75
2.916777,-0.7252,0.7349,0.0669,1.19,-3.85,0.21
2.917374,-0.7247,0.7320,0.0649,0.63,-4.41,1.40
2.917971,-0.7222,0.7340,0.0610,0.56,-3.78,0.42
2.917971,-0.7218,0.7325,0.0610,0.98,-4.69,1.61
2.918566,-0.7213,0.7364,0.0649,1.05,-4.20,1.68
2.919163,-0.7227,0.7340,0.0610,1.19,-4.34,1.68
2.919760,-0.7237,0.7296,0.0664,1.05,-3.85,0.49
2.920357,-0.7276,0.7286,0.0693,1.68,-3.92,0.70
2.920953,-0.7281,0.7349,0.0673,0.84,-3.57,0.56
2.921550,-0.7271,0.7325,0.0683,2.31,-4.13,0.56
2.922147,-0.7271,0.7276,0.0703,0.63,-3.50,0.56
2.922744,-0.7261,0.7310,0.0712,2.31,-4.48,0.42
2.923341,-0.7281,0.7335,0.0688,1.05,-4.06,0.49
2.923938,-0.7257,0.7344,0.0678,2.38,-4.27,0.21
2.924535,-0.7242,0.7349,0.0693,1.47,-3.99,0.63
2.925132,-0.7247,0.7320,0.0712,2.31,-3.50,-0.49
2.925729,-0.7257,0.7325,0.0698,1.75,-3.99,1.05
2.926326,-0.7252,0.7320,0.0678,2.52,-3.92,-0.63
2.926922,-0.7252,0.7286,0.0673,1.96,-4.20,0.84
2.927519,-0.7208,0.7359,0.0659,2.10,-3.85,-0.35
2.928116,-0.7159,0.7344,0.0639,1.82,-3.78,0.00
2.928713,-0.7183,0.7310,0.0605,2.73,-4.13,-0.14
2.930664,-0.7193,0.7335,0.0630,1.96,-3.85,-0.14
2.931261,-0.7154,0.7374,0.0634,2.94,-4.13,-0.21
2.931858,-0.7178,0.7374,0.0590,2.45,-3.78,-0.63
2.932455,-0.7188,0.7349,0.0620,2.73,-3.64,-0.07
2.933052,-0.7188,0.7330,0.0659,2.59,-3.85,-0.63
2.933648,-0.7193,0.7354,0.0634,2.87,-3.64,-0.63
2.934245,-0.7178,0.7393,0.0634,2.38,-3.64,-0.42
2.934842,-0.7208,0.7379,0.0615,3.29,-3.50,-0.91
2.935439,-0.7242,0.7344,0.0595,2.45,-3.71,-0.84
2.936036,-0.7227,0.7374,0.0634,3.08,-3.85,-0.70
2.936633,-0.7237,0.7393,0.0649,2.80,-3.64,-1.05
2.937230,-0.7257,0.7383,0.0654,3.15,-3.71,-0.49
2.937827,-0.7242,0.7398,0.0625,2.80,-3.71,-1.33
2.938424,-0.7203,0.7379,0.0610,3.15,-3.64,-0.63
2.939021,-0.7213,0.7364,0.0669,2.73,-3.36,-1.54
2.939617,-0.7227,0.7379,0.0634,4.06,-4.20,-0.70
2.940214,-0.7227,0.7393,0.0605,2.31,-3.15,-1.89
2.940811,-0.7266,0.7383,0.0625,3.99,-4.06,-0.14
2.941408,-0.7266,0.7388,0.0634,2.24,-3.01,-1.96
2.941408,-0.7261,0.7398,0.0634,3.85,-3.92,-0.84
2.942003,-0.7237,0.7388,0.0634,2.73,-3.36,-2.17
2.942600,-0.7242,0.7398,0.0664,3.85,-3.92,-0.98
2.943197,-0.7271,0.7427,0.0639,3.22,-3.50,-2.38
2.943794,-0.7271,0.7403,0.0654,3.64,-3.78,-0.63
2.944390,-0.7252,0.7379,0.0698,3.15,-3.43,-2.52
2.944987,-0.7227,0.7349,0.0708,4.06,-3.99,-1.05
2.945584,-0.7232,0.7369,0.0742,3.15,-2.94,-3.01
2.946181,-0.7227,0.7413,0.0727,3.85,-3.92,-0.98
2.946778,-0.7188,0.7408,0.0717,3.36,-3.29,-3.08
2.947375,-0.7164,0.7432,0.0712,3.64,-3.99,-0.84
2.947972,-0.7203,0.7422,0.0659,3.43,-3.50,-2.73
2.948569,-0.7198,0.7413,0.0698,3.64,-3.78,-1.05
2.949166,-0.7203,0.7418,0.0756,3.50,-3.43,-2.87
2.949763,-0.7242,0.7432,0.0712,3.64,-3.78,-1.26
2.950359,-0.7242,0.7442,0.0708,3.85,-3.36,-2.87
2.950956,-0.7222,0.7422,0.0712,3.36,-3.36,-1.33
2.951553,-0.7222,0.7408,0.0688,4.06,-3.71,-2.80
2.952150,-0.7247,0.7422,0.0693,3.22,-3.15,-1.61
2.953125,-0.7232,0.7442,0.0688,3.99,-4.20,-2.10
2.953722,-0.7208,0.7442,0.0688,3.22,-3.01,-2.03
2.954319,-0.7222,0.7476,0.0703,4.13,-4.20,-2.24
2.954916,-0.7213,0.7466,0.0683,3.29,-2.66,-2.38
2.955513,-0.7193,0.7462,0.0664,3.99,-4.34,-2.45
2.956109,-0.7203,0.7462,0.0639,3.78,-3.15,-1.89
2.956706,-0.7178,0.7418,0.0630,4.06,-4.34,-2.17
2.957303,-0.7169,0.7408,0.0669,3.78,-2.94,-2.24
2.957900,-0.7203,0.7432,0.0669,3.78,-4.13,-2.45
2.958497,-0.7208,0.7457,0.0644,4.06,-2.80,-2.80
2.959094,-0.7203,0.7501,0.0659,3.43,-3.71,-1.89
2.959691,-0.7222,0.7510,0.0693,4.20,-2.94,-2.94
2.960288,-0.7227,0.7466,0.0683,3.01,-4.06,-1.33
2.960885,-0.7208,0.7432,0.0639,4.55,-3.43,-2.73
2.961482,-0.7188,0.7432,0.0630,3.29,-3.64,-1.61
2.962078,-0.7218,0.7447,0.0654,4.06,-3.01,-3.43
2.962675,-0.7237,0.7447,0.0659,3.43,-3.57,-1.26
2.963272,-0.7227,0.7452,0.0673,4.06,-3.78,-3.29
2.963869,-0.7193,0.7462,0.0654,3.92,-3.85,-3.22
2.964844,-0.7169,0.7432,0.0654,3.43,-3.15,-1.19
2.965441,-0.7164,0.7452,0.0659,3.99,-4.13,-3.64
2.966038,-0.7174,0.7457,0.0639,3.78,-3.01,-1.33
2.966635,-0.7154,0.7471,0.0649,3.43,-3.85,-3.36
2.967232,-0.7135,0.7471,0.0659,4.27,-2.94,-1.68
2.967829,-0.7125,0.7486,0.0683,3.15,-4.13,-3.01
2.968425,-0.7120,0.7496,0.0673,4.20,-2.80,-1.89
2.969022,-0.7086,0.7486,0.0664,3.08,-3.92,-3.43
2.969619,-0.7071,0.7457,0.0649,4.06,-2.45,-1.82
2.970216,-0.7091,0.7442,0.0654,3.36,-3.92,-3.08
2.970813,-0.7086,0.7447,0.0693,3.78,-2.45,-2.24
2.971410,-0.7066,0.7481,0.0693,3.22,-3.99,-3.01
2.972007,-0.7047,0.7462,0.0678,3.99,-2.80,-2.24
2.972604,-0.7066,0.7403,0.0673,3.08,-3.78,-3.08
2.973201,-0.7076,0.7452,0.0654,4.06,-3.01,-2.24
2.973798,-0.7056,0.7442,0.0625,2.45,-3.43,-2.87
2.974394,-0.7042,0.7388,0.0639,4.34,-2.59,-2.17
2.974991,-0.7037,0.7408,0.0678,2.73,-3.22,-2.59
2.975588,-0.7042,0.7442,0.0669,4.06,-2.80,-2.45
2.975588,-0.6998,0.7491,0.0625,2.80,-3.50,-2.59
2.976183,-0.7003,0.7452,0.0654,2.80,-3.08,-3.01
2.976780,-0.7022,0.7427,0.0703,4.20,-2.80,-2.38
2.977377,-0.6998,0.7427,0.0717,2.52,-2.66,-2.59
2.977974,-0.6988,0.7452,0.0678,4.48,-3.01,-2.80
2.978570,-0.7013,0.7466,0.0669,2.66,-2.31,-2.45
2.979167,-0.6998,0.7481,0.0703,4.06,-3.08,-2.45
2.979764,-0.6988,0.7481,0.0708,2.80,-2.73,-2.31
2.980361,-0.7027,0.7471,0.0678,3.92,-2.87,-2.45
2.980958,-0.7017,0.7452,0.0673,3.01,-2.59,-1.89
2.981555,-0.6983,0.7422,0.0678,3.50,-2.52,-2.87
2.982152,-0.6993,0.7413,0.0688,3.36,-2.52,-1.89
2.982749,-0.6959,0.7403,0.0712,3.01,-2.52,-3.01
2.983346,-0.6925,0.7408,0.0678,3.50,-2.66,-1.82
2.983943,-0.6939,0.7408,0.0698,2.80,-2.10,-3.36
2.984539,-0.6954,0.7374,0.0732,3.85,-2.87,-1.12
2.985136,-0.6939,0.7359,0.0717,2.73,-2.24,-3.08
2.985733,-0.6930,0.7383,0.0708,3.71,-2.24,-0.98
2.986330,-0.7003,0.7408,0.0693,3.71,-2.03,-1.26
2.988281,-0.6959,0.7403,0.0737,3.85,-1.89,-0.91
2.988878,-0.6954,0.7379,0.0756,2.87,-2.45,-2.87
2.989475,-0.6949,0.7330,0.0737,3.36,-1.75,-0.77
2.990072,-0.6969,0.7320,0.0727,3.01,-2.45,-2.52
2.990669,-0.6988,0.7359,0.0703,3.01,-1.33,-0.98
2.991266,-0.6978,0.7374,0.0717,3.36,-2.73,-2.80
2.991862,-0.6964,0.7340,0.0752,3.01,-1.33,-0.70
2.992459,-0.6974,0.7340,0.0756,3.57,-2.80,-2.59
2.993056,-0.6969,0.7359,0.0727,2.73,-1.33,-0.28
2.993653,-0.6959,0.7354,0.0727,3.57,-2.59,-2.52
2.994250,-0.6988,0.7340,0.0761,2.73,-1.33,-0.07
2.994847,-0.6954,0.7320,0.0747,3.29,-2.24,-2.24
2.995444,-0.6934,0.7340,0.0717,2.87,-1.33,0.07
2.996041,-0.6964,0.7340,0.0737,3.08,-2.17,-2.38
2.996638,-0.6954,0.7320,0.0766,3.01,-1.33,0.28
2.997235,-0.6954,0.7310,0.0776,3.01,-2.10,-2.45
2.997831,-0.6969,0.7315,0.0742,3.78,-1.19,0.00
2.998428,-0.7013,0.7315,0.0703,2.66,-2.17,-2.38
2.999025,-0.6998,0.7310,0.0756,3.50,-0.98,0.35
2.999025,-0.6934,0.7305,0.0781,2.52,-2.17,-2.24
2.999621,-0.6964,0.7310,0.0761,3.50,-0.77,0.35
3.000218,-0.6988,0.7325,0.0747,2.73,-2.10,-2.31
3.000815,-0.6988,0.7320,0.0737,3.36,-0.70,0.49
3.001412,-0.6974,0.7320,0.0752,3.08,-2.03,-2.38
3.002009,-0.6954,0.7320,0.0766,3.57,-0.84,0.49
3.002605,-0.6939,0.7315,0.0805,2.80,-2.24,-2.17
3.003202,-0.6949,0.7310,0.0820,3.36,-0.49,0.42
3.003799,-0.6983,0.7310,0.0795,2.80,-2.17,-2.38
3.004396,-0.6978,0.7310,0.0761,3.57,-0.49,0.98
3.004993,-0.6964,0.7286,0.0737,2.66,-1.96,-1.89
3.005590,-0.6949,0.7261,0.0737,3.43,-0.35,1.05
3.006187,-0.6934,0.7261,0.0771,2.52,-1.54,-2.31
3.006784,-0.6954,0.7237,0.0756,3.50,-0.56,0.91
3.007381,-0.6983,0.7232,0.0737,2.31,-1.75,-2.17
3.007978,-0.7003,0.7242,0.0747,3.71,-0.91,0.56
3.008574,-0.7003,0.7252,0.0756,2.17,-0.98,-2.10
3.009171,-0.6954,0.7271,0.0776,3.78,-0.98,0.70
3.009768,-0.6954,0.7237,0.0795,2.17,-0.84,-2.31
3.010742,-0.6983,0.7213,0.0815,3.71,-1.19,0.91
3.011339,-0.6993,0.7218,0.0810,2.24,-0.98,-1.54
3.011936,-0.6993,0.7261,0.0795,3.71,-1.26,0.42
3.012533,-0.7022,0.7261,0.0791,2.10,-0.56,-1.68
3.013130,-0.7052,0.7247,0.0771,3.71,-1.12,0.35
3.013727,-0.7037,0.7271,0.0766,2.10,-0.63,-1.75
3.014323,-0.7022,0.7242,0.0771,3.78,-1.05,0.56
3.014920,-0.6993,0.7213,0.0752,2.52,-1.05,-1.75
3.015517,-0.6988,0.7183,0.0722,3.78,-0.98,0.42
3.016114,-0.6998,0.7169,0.0732,2.80,-0.42,-1.54
3.016711,-0.6988,0.7183,0.0752,3.15,-1.12,0.00
3.017308,-0.6983,0.7178,0.0761,2.87,-0.63,-1.54
3.017905,-0.6978,0.7183,0.0752,2.59,-0.70,0.49
3.018502,-0.6993,0.7203,0.0747,3.36,-0.98,-1.68
3.019099,-0.7027,0.7227,0.0800,2.52,-0.84,-0.07
3.019696,-0.7061,0.7218,0.0810,3.08,-0.77,-0.91
3.020292,-0.7042,0.7218,0.0771,2.80,-0.77,-1.05
3.020889,-0.7008,0.7227,0.0761,3.08,-0.77,-0.14
3.021486,-0.7017,0.7213,0.0771,2.24,-0.98,-0.91
3.021486,-0.7047,0.7188,0.0795,3.43,-1.05,-0.56
3.022082,-0.7027,0.7178,0.0805,2.24,-0.84,-0.70
3.022679,-0.7008,0.7193,0.0800,3.22,-0.84,-0.77
3.023276,-0.7017,0.7203,0.0805,2.31,-0.70,-1.12
3.023873,-0.7047,0.7218,0.0810,2.87,-0.63,-0.49
3.024469,-0.7066,0.7232,0.0781,2.59,-1.05,-0.98
3.025066,-0.7052,0.7271,0.0727,2.73,-0.91,-0.70
3.025663,-0.7042,0.7247,0.0747,2.66,-0.98,-1.12
3.026260,-0.7047,0.7193,0.0776,2.52,-0.35,-0.63
3.026857,-0.7071,0.7213,0.0742,2.94,-1.33,-1.47
3.027454,-0.7071,0.7232,0.0747,2.10,-0.35,-0.70
3.028051,-0.7066,0.7237,0.0810,3.22,-1.54,-1.75
3.028648,-0.7081,0.7291,0.0844,1.89,-0.84,-0.28
3.029245,-0.7076,0.7296,0.0830,2.87,-1.12,-2.17
3.029842,-0.7071,0.7242,0.0737,1.96,-0.84,-0.35
3.030438,-0.7056,0.7232,0.0756,2.59,-1.26,-1.89
3.031035,-0.7042,0.7208,0.0800,2.31,-1.05,-2.17
3.031632,-0.7047,0.7218,0.0800,2.24,-0.91,-0.28
3.032229,-0.7013,0.7232,0.0795,2.17,-0.98,-2.17
3.033203,-0.7008,0.7247,0.0791,2.52,-0.98,-0.07
3.033800,-0.7022,0.7242,0.0805,1.96,-1.19,-2.73
3.034397,-0.7032,0.7266,0.0820,2.24,-0.70,-0.07
3.034994,-0.7013,0.7276,0.0786,1.89,-1.26,-2.87
3.035591,-0.7013,0.7242,0.0761,2.24,-0.42,0.07
3.036188,-0.7042,0.7247,0.0786,1.68,-1.54,-3.15
3.036784,-0.7047,0.7252,0.0800,2.24,-0.56,-0.14
3.037381,-0.7042,0.7232,0.0800,2.03,-2.10,-3.15
3.037978,-0.7032,0.7232,0.0747,2.03,-0.21,-0.14
3.038575,-0.7052,0.7247,0.0747,1.47,-1.68,-3.01
3.039172,-0.7032,0.7271,0.0781,1.82,-0.70,0.07
3.039769,-0.7003,0.7266,0.0781,1.33,-1.96,-2.80
3.040366,-0.7056,0.7242,0.0791,1.82,-0.49,0.28
3.040963,-0.7091,0.7213,0.0791,1.33,-1.75,-3.15
3.041560,-0.7081,0.7252,0.0781,1.96,-0.35,0.14
3.042157,-0.7052,0.7276,0.0766,0.77,-2.17,-2.59
3.042753,-0.7022,0.7276,0.0800,1.96,-0.07,-0.49
3.043350,-0.7071,0.7266,0.0834,0.49,-1.96,-2.73
3.043947,-0.7100,0.7261,0.0805,2.10,-0.42,-0.56
3.043947,-0.7061,0.7305,0.0815,0.70,-2.10,-2.52
3.044543,-0.7027,0.7286,0.0815,1.54,-0.21,-0.56
3.045140,-0.7032,0.7281,0.0781,0.91,-2.03,-2.73
3.045737,-0.7061,0.7349,0.0752,1.40,-0.63,-0.49
3.046334,-0.7037,0.7340,0.0766,0.56,-2.03,-2.80
3.046930,-0.7042,0.7291,0.0800,1.05,-0.28,-0.91
3.047527,-0.7076,0.7296,0.0810,0.70,-2.10,-2.38
3.048124,-0.7047,0.7335,0.0791,0.63,-0.84,-0.91
3.048721,-0.7008,0.7379,0.0791,0.77,-1.82,-2.38
3.049318,-0.7013,0.7388,0.0776,0.42,-0.77,-0.98
3.049915,-0.7042,0.7388,0.0781,0.70,-1.96,-2.03
3.050512,-0.7056,0.7364,0.0805,0.21,-1.26,-0.56
3.051109,-0.7056,0.7379,0.0771,0.42,-1.96,-1.89
3.051706,-0.7052,0.7364,0.0771,0.42,-1.05,-0.70
3.052303,-0.7042,0.7315,0.0830,0.14,-1.54,-2.03
3.052899,-0.7047,0.7335,0.0834,0.07,-1.12,-0.56
3.053496,-0.7022,0.7349,0.0786,0.07,-1.89,-1.82
3.054093,-0.7037,0.7330,0.0747,0.21,-1.05,-0.98
3.054690,-0.7061,0.7325,0.0766,-0.14,-1.75,-1.68
3.054690,-0.7056,0.7340,0.0834,0.00,-1.19,-0.98
3.055285,-0.7061,0.7369,0.0839,-0.21,-1.75,-1.12
3.055882,-0.7047,0.7359,0.0810,-0.21,-1.40,-0.91
3.056479,-0.7052,0.7364,0.0820,-0.49,-2.03,-0.84
3.057076,-0.7052,0.7344,0.0825,-0.63,-1.33,-1.05
3.057672,-0.7047,0.7315,0.0810,-0.56,-2.31,-0.49
3.058269,-0.7056,0.7335,0.0791,-0.56,-1.26,-1.47
3.058866,-0.7022,0.7359,0.0781,-0.49,-2.10,-0.42
3.059463,-0.7017,0.7364,0.0781,-0.84,-1.33,-1.54
3.060060,-0.7042,0.7359,0.0800,-0.56,-2.24,-0.28
3.060657,-0.6988,0.7359,0.0786,-1.12,-1.61,-1.19
3.061254,-0.7032,0.7335,0.0771,-0.42,-1.89,-0.07
3.061851,-0.7071,0.7320,0.0795,-1.19,-1.96,-0.98
3.062448,-0.7037,0.7335,0.0810,-0.77,-1.89,-0.28
3.063045,-0.7022,0.7330,0.0761,-1.26,-2.31,-0.70
3.063641,-0.7022,0.7315,0.0737,-1.19,-1.68,0.00
3.064238,-0.7037,0.7330,0.0766,-1.05,-1.68,-0.77
3.064835,-0.7052,0.7354,0.0776,-1.61,-1.82,0.56
3.065432,-0.7032,0.7369,0.0756,-0.91,-1.54,-0.84
3.066406,-0.6998,0.7340,0.0766,-1.89,-2.24,0.77
3.067003,-0.7027,0.7310,0.0771,-1.33,-1.96,-0.49
3.067600,-0.7013,0.7330,0.0761,-1.61,-1.96,0.14
3.068197,-0.6969,0.7359,0.0756,-1.61,-1.75,0.07
3.068794,-0.7003,0.7335,0.0805,-1.61,-2.24,0.35
3.069390,-0.7037,0.7286,0.0805,-1.82,-2.03,0.21
3.069987,-0.7037,0.7276,0.0752,-1.96,-1.82,0.35
3.070584,-0.7037,0.7305,0.0781,-1.75,-2.24,0.28
3.071181,-0.7056,0.7305,0.0810,-2.17,-1.82,0.49
3.071778,-0.7071,0.7310,0.0771,-1.54,-2.52,0.21
3.072375,-0.7047,0.7300,0.0756,-2.52,-1.54,0.77
3.072972,-0.7052,0.7281,0.0752,-1.26,-2.52,0.14
3.073569,-0.7076,0.7310,0.0791,-2.73,-1.61,0.77
3.074166,-0.7081,0.7330,0.0800,-1.61,-2.10,0.42
3.074763,-0.7100,0.7315,0.0776,-2.94,-1.68,1.33
3.075359,-0.7086,0.7315,0.0791,-1.61,-2.38,0.14
3.075956,-0.7071,0.7310,0.0761,-2.80,-1.61,1.47
3.076553,-0.7076,0.7315,0.0747,-1.89,-2.66,0.00
3.077150,-0.7042,0.7320,0.0766,-2.87,-2.03,1.68
3.078125,-0.7076,0.7257,0.0771,-2.73,-1.75,2.03
3.078722,-0.7052,0.7286,0.0810,-2.38,-2.66,-0.14
3.079319,-0.7047,0.7296,0.0815,-2.66,-1.61,1.96
3.079916,-0.7037,0.7300,0.0786,-2.94,-2.38,0.63
3.080513,-0.7076,0.7335,0.0766,-2.52,-1.54,1.54
3.081109,-0.7066,0.7305,0.0771,-3.15,-2.45,0.70
3.081706,-0.7003,0.7300,0.0781,-2.52,-1.54,1.54
3.082303,-0.6978,0.7291,0.0766,-3.15,-2.52,0.77
3.082900,-0.6974,0.7276,0.0766,-2.31,-1.89,1.47
3.083497,-0.6983,0.7281,0.0766,-3.57,-2.24,1.26
3.084094,-0.6969,0.7291,0.0752,-2.10,-1.68,1.33
3.084691,-0.6993,0.7281,0.0781,-3.71,-2.10,1.19
3.085288,-0.7022,0.7300,0.0800,-1.96,-1.96,0.70
3.085885,-0.6978,0.7315,0.0761,-4.13,-1.68,1.12
3.086482,-0.6944,0.7305,0.0761,-2.17,-2.17,1.19
3.087078,-0.6969,0.7320,0.0791,-4.62,-1.47,1.19
3.087675,-0.7003,0.7325,0.0805,-1.89,-1.89,0.63
3.088272,-0.7022,0.7325,0.0834,-4.41,-1.68,1.26
3.088869,-0.7013,0.7315,0.0830,-2.10,-2.10,0.77
3.088869,-0.7017,0.7330,0.0800,-4.41,-1.54,1.40
3.089464,-0.7032,0.7344,0.0830,-2.45,-1.96,0.28
3.090061,-0.7022,0.7359,0.0854,-4.20,-1.47,1.40
3.090658,-0.7008,0.7344,0.0834,-2.73,-1.89,0.21
3.091255,-0.7008,0.7335,0.0820,-4.13,-1.54,1.12
3.091851,-0.7042,0.7335,0.0830,-3.15,-1.89,0.42
3.092448,-0.7032,0.7305,0.0820,-4.20,-1.40,1.19
3.093045,-0.7047,0.7310,0.0820,-3.50,-1.89,0.14
3.093642,-0.7071,0.7335,0.0800,-3.92,-1.68,1.40
3.094239,-0.7081,0.7310,0.0781,-3.71,-1.47,-0.35
3.094836,-0.7105,0.7291,0.0805,-3.64,-1.75,1.47
3.095433,-0.7115,0.7286,0.0786,-4.27,-1.47,-0.56
3.096030,-0.7110,0.7310,0.0776,-3.36,-2.03,1.40
3.096627,-0.7125,0.7320,0.0791,-4.62,-1.26,-0.91
3.097224,-0.7135,0.7310,0.0810,-3.22,-2.17,1.33
3.097820,-0.7081,0.7305,0.0795,-4.83,-0.91,-1.26
3.098417,-0.7086,0.7320,0.0781,-3.43,-2.38,1.54
3.099014,-0.7120,0.7325,0.0791,-4.55,-1.54,-1.68
3.099611,-0.7105,0.7315,0.0825,-3.15,-1.82,0.77
3.099611,-0.7086,0.7344,0.0834,-5.18,-1.33,-0.42
3.100207,-0.7096,0.7340,0.0830,-3.43,-1.75,0.63
3.100804,-0.7115,0.7315,0.0795,-4.83,-1.26,-1.05
3.101401,-0.7135,0.7310,0.0781,-3.71,-1.82,0.70
3.101998,-0.7144,0.7296,0.0844,-4.69,-1.19,-1.05
3.102594,-0.7115,0.7320,0.0830,-4.41,-1.82,0.77
3.103191,-0.7100,0.7310,0.0815,-3.92,-1.47,-1.54
3.103788,-0.7091,0.7281,0.0795,-4.83,-1.40,0.56
3.104385,-0.7105,0.7325,0.0781,-3.99,-1.40,-0.98
3.104982,-0.7139,0.7335,0.0810,-4.62,-1.40,0.42
3.105579,-0.7144,0.7330,0.0791,-4.27,-1.40,-1.05
3.106176,-0.7125,0.7340,0.0786,-4.76,-1.54,0.63
3.106773,-0.7110,0.7315,0.0791,-4.13,-1.54,-1.26
3.107370,-0.7135,0.7286,0.0795,-4.69,-1.68,0.63
3.107967,-0.7144,0.7276,0.0825,-4.41,-1.05,-1.61
3.108563,-0.7139,0.7276,0.0825,-5.25,-1.19,0.70
3.109160,-0.7110,0.7320,0.0839,-4.20,-1.75,-1.61
3.109757,-0.7056,0.7320,0.0810,-4.76,-1.40,0.63
3.110354,-0.7091,0.7286,0.0800,-4.76,-1.33,-1.75
3.111328,-0.7130,0.7271,0.0810,-4.48,-1.68,0.91
3.111925,-0.7100,0.7271,0.0810,-5.04,-0.77,-1.54
3.112522,-0.7100,0.7300,0.0820,-4.20,-1.61,0.56
3.113119,-0.7149,0.7300,0.0795,-5.18,-1.33,-1.47
3.113716,-0.7120,0.7296,0.0766,-4.34,-0.98,0.42
3.114312,-0.7105,0.7310,0.0727,-5.11,-1.61,-1.26
3.114909,-0.7154,0.7276,0.0756,-4.34,-0.98,0.42
3.115506,-0.7154,0.7266,0.0805,-5.32,-1.82,-0.91
3.116103,-0.7135,0.7276,0.0776,-4.41,-0.98,0.42
3.116700,-0.7120,0.7266,0.0761,-5.18,-1.82,-1.19
3.117297,-0.7091,0.7296,0.0771,-4.06,-0.70,0.28
3.117894,-0.7120,0.7291,0.0795,-5.53,-1.75,-0.77
3.118491,-0.7154,0.7276,0.0810,-3.78,-1.05,-0.14
3.119088,-0.7149,0.7296,0.0810,-5.81,-1.26,-0.07
3.119685,-0.7159,0.7296,0.0800,-3.85,-1.05,0.07
3.120281,-0.7071,0.7296,0.0795,-6.02,-0.91,-0.07
3.120878,-0.7056,0.7271,0.0795,-5.81,-0.84,-0.56
3.121475,-0.7052,0.7266,0.0830,-4.13,-1.68,0.42
3.122072,-0.7052,0.7286,0.0815,-5.81,-0.42,-0.70
3.123047,-0.7047,0.7286,0.0781,-4.13,-1.96,0.42
3.123644,-0.7042,0.7271,0.0805,-5.46,-0.28,-0.28
3.124241,-0.7081,0.7237,0.0830,-3.99,-1.68,0.00
3.124838,-0.7056,0.7203,0.0830,-5.46,-0.14,0.28
3.125435,-0.7032,0.7218,0.0864,-4.69,-1.54,0.14
3.126031,-0.7037,0.7232,0.0839,-5.11,-0.49,0.84
3.126628,-0.6988,0.7198,0.0810,-4.76,-1.19,-0.28
3.127225,-0.6969,0.7193,0.0791,-4.97,-0.49,1.12
3.127822,-0.6993,0.7174,0.0815,-5.04,-1.05,-0.21
3.128419,-0.6993,0.7120,0.0834,-4.27,-0.70,1.19
3.129016,-0.7013,0.7125,0.0781,-5.53,-0.63,0.00
3.129613,-0.7013,0.7149,0.0834,-3.85,-0.63,0.98
3.130210,-0.6998,0.7159,0.0839,-5.39,-0.56,-0.21
3.130807,-0.6988,0.7174,0.0795,-3.99,-0.42,1.05
3.131404,-0.6988,0.7169,0.0830,-5.53,-0.35,0.07
3.132000,-0.6978,0.7105,0.0781,-3.64,-0.70,1.40
3.132597,-0.6969,0.7130,0.0761,-5.25,-0.21,-0.07
3.133194,-0.6969,0.7169,0.0776,-3.99,-0.70,1.68
3.133791,-0.6983,0.7164,0.0766,-5.18,-0.42,0.42
3.133791,-0.6988,0.7169,0.0771,-3.71,0.00,1.12
3.134386,-0.6988,0.7144,0.0771,-4.83,-0.56,0.35
3.134983,-0.7003,0.7120,0.0805,-4.13,-0.42,1.19
3.135580,-0.6969,0.7135,0.0800,-4.13,-0.28,0.49
3.136177,-0.6974,0.7139,0.0761,-4.41,0.00,1.47
3.136773,-0.7008,0.7081,0.0776,-3.78,-0.63,0.63
3.137370,-0.7027,0.7076,0.0752,-4.41,0.14,1.68
3.137967,-0.7061,0.7130,0.0722,-3.71,-0.42,0.49
3.138564,-0.7052,0.7135,0.0747,-4.41,-0.14,1.96
3.139161,-0.7052,0.7100,0.0752,-3.71,0.07,-0.07
3.139758,-0.7071,0.7086,0.0752,-4.20,0.14,2.03
3.140355,-0.7081,0.7110,0.0727,-3.78,0.21,-0.28
3.140952,-0.7081,0.7120,0.0732,-3.85,-0.07,2.17
3.141549,-0.7061,0.7115,0.0752,-3.78,0.21,-0.14
3.142146,-0.7091,0.7100,0.0732,-3.78,0.07,2.73
3.142742,-0.7091,0.7086,0.0727,-3.92,0.14,-0.35
3.143339,-0.7071,0.7105,0.0752,-3.64,-0.35,2.73
3.143936,-0.7061,0.7125,0.0756,-3.43,0.63,-0.84
3.144533,-0.7047,0.7105,0.0766,-3.29,-0.07,2.94
3.144533,-0.7052,0.7076,0.0776,-3.50,0.35,-0.98
3.145128,-0.7066,0.7096,0.0766,-3.36,-0.28,3.15
3.145725,-0.7081,0.7096,0.0737,-3.50,0.56,-1.75
3.146322,-0.7076,0.7081,0.0708,-2.94,0.14,3.29
3.146919,-0.7086,0.7100,0.0756,-3.78,0.42,-1.40
3.147515,-0.7081,0.7105,0.0756,-2.52,0.21,2.80
3.148112,-0.7081,0.7096,0.0722,-3.78,0.14,-1.26
3.148709,-0.7056,0.7096,0.0766,-2.03,0.42,2.45
3.149306,-0.7047,0.7091,0.0781,-3.85,0.28,-1.19
3.149903,-0.7096,0.7100,0.0786,-2.10,0.84,2.38
3.150500,-0.7091,0.7125,0.0781,-3.64,0.35,-1.12
3.151097,-0.7061,0.7125,0.0752,-1.96,0.28,2.24
3.151694,-0.7081,0.7135,0.0742,-3.57,0.21,-0.98
3.152291,-0.7100,0.7159,0.0742,-1.96,0.91,1.68
3.152887,-0.7081,0.7139,0.0776,-3.50,0.35,-0.98
3.153484,-0.7100,0.7154,0.0839,-1.68,0.77,1.40
3.154081,-0.7076,0.7154,0.0805,-1.82,0.91,1.54
3.154678,-0.7066,0.7149,0.0766,-3.15,0.98,-1.05
3.155275,-0.7091,0.7149,0.0776,-1.89,0.56,0.70
3.156250,-0.7125,0.7164,0.0820,-2.87,0.98,-0.49
3.156847,-0.7115,0.7208,0.0820,-1.89,0.70,0.00
3.157444,-0.7110,0.7183,0.0859,-2.31,0.91,-0.42
3.158041,-0.7125,0.7135,0.0883,-2.03,0.70,0.14
3.158638,-0.7096,0.7130,0.0864,-1.96,1.26,-0.14
3.159234,-0.7115,0.7139,0.0874,-2.10,0.91,-0.35
3.159831,-0.7105,0.7164,0.0878,-1.89,1.26,-0.42
3.160428,-0.7086,0.7164,0.0927,-2.31,1.05,-0.91
3.161025,-0.7096,0.7169,0.0927,-1.33,0.98,-0.35
3.161622,-0.7076,0.7183,0.0878,-2.52,1.33,-1.05
3.162219,-0.7076,0.7188,0.0913,-0.77,0.77,-0.28
3.162816,-0.7105,0.7144,0.0898,-2.45,1.40,-1.26
3.163413,-0.7135,0.7130,0.0908,-0.98,1.05,0.00
3.164010,-0.7096,0.7149,0.0913,-1.89,1.12,-1.89
3.164607,-0.7091,0.7149,0.0878,-1.33,1.26,0.00
3.165203,-0.7100,0.7149,0.0898,-1.89,1.19,-1.82
3.165800,-0.7086,0.7120,0.0903,-1.26,1.05,0.28
3.166397,-0.7115,0.7144,0.0908,-1.40,1.68,-2.03
3.166994,-0.7159,0.7169,0.0922,-1.47,1.05,0.56
3.166994,-0.7169,0.7154,0.0908,-1.26,1.54,-2.94
3.167589,-0.7164,0.7164,0.0893,-1.26,1.40,0.91
3.168186,-0.7139,0.7178,0.0878,-0.77,1.47,-3.22
3.168783,-0.7130,0.7218,0.0859,-1.47,1.61,1.05
3.169380,-0.7144,0.7198,0.0878,-0.98,1.47,-3.57
3.169976,-0.7130,0.7149,0.0888,-1.26,1.33,1.12
3.170573,-0.7139,0.7149,0.0874,-1.12,1.47,-3.78
3.171170,-0.7183,0.7144,0.0898,-0.98,1.61,1.26
3.171767,-0.7169,0.7164,0.0878,-0.91,1.40,-4.34
3.172364,-0.7169,0.7193,0.0888,-0.49,1.40,1.12
3.172961,-0.7174,0.7227,0.0961,-1.68,1.82,-3.71
3.173558,-0.7169,0.7247,0.0932,0.07,0.98,0.56
3.174155,-0.7174,0.7222,0.0883,-1.47,1.54,-3.64
3.174752,-0.7193,0.7237,0.0883,0.14,1.40,0.56
3.175348,-0.7222,0.7252,0.0888,-1.40,1.19,-3.50
3.175945,-0.7232,0.7261,0.0878,-0.28,1.82,0.35
3.176542,-0.7227,0.7296,0.0888,-1.12,1.33,-3.43
3.177139,-0.7213,0.7296,0.0898,-0.28,1.47,-0.14
3.177736,-0.7198,0.7252,0.0917,-0.98,1.68,-3.15
3.178711,-0.7183,0.7247,0.0913,-0.07,1.61,-0.14
3.179308,-0.7178,0.7296,0.0874,-1.12,1.47,-2.80
3.179905,-0.7164,0.7300,0.0859,0.35,1.47,-1.05
3.180502,-0.7149,0.7281,0.0898,-1.05,1.68,-2.52
3.181099,-0.7174,0.7291,0.0903,0.00,1.47,-0.91
3.181695,-0.7198,0.7325,0.0859,-0.49,1.26,-2.66
3.182292,-0.7159,0.7315,0.0893,0.07,1.40,-1.19
3.182889,-0.7159,0.7310,0.0913,-0.35,1.47,-2.94
3.183486,-0.7208,0.7315,0.0878,-0.42,1.89,-1.47
3.184083,-0.7174,0.7281,0.0864,-0.56,1.40,-2.59
3.184680,-0.7164,0.7300,0.0888,-0.42,1.47,-1.96
3.185277,-0.7159,0.7320,0.0888,-0.07,1.47,-2.24
3.185874,-0.7130,0.7305,0.0908,-0.77,1.75,-1.89
3.186471,-0.7159,0.7320,0.0913,0.42,0.98,-2.52
3.187067,-0.7178,0.7320,0.0883,-0.70,1.26,-2.45
3.187664,-0.7227,0.7305,0.0917,0.21,1.40,-2.10
3.188261,-0.7203,0.7300,0.0883,-0.28,1.96,-2.45
3.188858,-0.7213,0.7310,0.0854,0.00,0.70,-2.52
3.189455,-0.7227,0.7310,0.0913,-0.28,1.75,-2.31
3.190430,-0.7247,0.7330,0.0942,-0.28,0.77,-2.80
3.191027,-0.7257,0.7335,0.0874,-0.14,1.40,-1.82
3.191624,-0.7281,0.7286,0.0878,-0.21,0.98,-3.43
3.192221,-0.7257,0.7310,0.0878,-0.63,1.26,-1.47
3.192818,-0.7222,0.7340,0.0874,-0.14,1.05,-3.57
3.193414,-0.7252,0.7325,0.0917,0.00,1.26,-1.54
3.194011,-0.7261,0.7310,0.0908,-0.56,0.91,-3.50
3.194608,-0.7227,0.7315,0.0888,-0.14,1.33,-1.75
3.195205,-0.7198,0.7286,0.0913,-0.28,0.84,-3.22
3.195802,-0.7208,0.7242,0.0908,-0.14,1.19,-1.75
3.196399,-0.7227,0.7271,0.0883,0.00,0.49,-3.36
3.196996,-0.7247,0.7296,0.0883,-0.42,1.54,-1.75
3.197593,-0.7232,0.7296,0.0903,0.07,0.42,-3.64
3.198190,-0.7198,0.7291,0.0942,-0.49,1.40,-1.82
3.198787,-0.7218,0.7276,0.0976,0.49,0.00,-3.64
3.199383,-0.7242,0.7286,0.0976,-0.56,1.54,-1.47
3.199980,-0.7198,0.7325,0.0942,0.07,-0.14,-3.36
3.200577,-0.7183,0.7330,0.0913,-0.63,1.47,-1.54
3.201174,-0.7213,0.7325,0.0927,0.42,-0.21,-2.87
3.201174,-0.7198,0.7315,0.0937,-0.49,1.54,-2.17
3.201769,-0.7193,0.7310,0.0937,0.28,0.07,-2.73
3.202366,-0.7188,0.7340,0.0937,-0.28,1.40,-1.89
3.202963,-0.7193,0.7335,0.0922,-0.07,-0.14,-2.80
3.203560,-0.7208,0.7335,0.0888,-0.07,1.05,-1.54
3.204156,-0.7213,0.7320,0.0908,0.00,0.21,-3.22
3.204753,-0.7193,0.7310,0.0947,0.49,0.63,-1.61
3.205350,-0.7169,0.7325,0.0908,-0.56,0.56,-3.43
3.205947,-0.7149,0.7340,0.0903,0.63,0.70,-1.68
3.206544,-0.7144,0.7315,0.0976,-0.49,0.42,-3.15
3.207141,-0.7174,0.7335,0.0966,0.70,0.14,-1.47
3.207738,-0.7164,0.7364,0.0917,-0.70,0.70,-2.94
3.208335,-0.7144,0.7344,0.0922,0.42,0.35,-1.40
3.208932,-0.7169,0.7340,0.0927,-0.56,0.21,-3.15
3.209528,-0.7203,0.7340,0.0898,0.70,0.35,-1.61
3.210125,-0.7198,0.7310,0.0883,-0.42,0.42,-2.87
3.210722,-0.7139,0.7296,0.0883,0.49,-0.28,-1.40
3.211319,-0.7125,0.7310,0.0893,-0.77,0.63,-2.87
3.211916,-0.7144,0.7340,0.0927,0.21,0.07,-1.82
3.211916,-0.7144,0.7291,0.0913,-0.49,0.63,-2.94
3.212511,-0.7115,0.7232,0.0854,0.00,0.21,-2.10
3.213108,-0.7096,0.7281,0.0864,-0.21,0.84,-2.66
3.213705,-0.7105,0.7291,0.0927,0.00,-0.49,-2.17
3.214302,-0.7091,0.7281,0.0913,-0.21,0.91,-2.31
3.214898,-0.7086,0.7286,0.0898,0.00,-0.84,-2.24
3.215495,-0.7105,0.7296,0.0883,-0.28,1.05,-2.73
3.216092,-0.7091,0.7330,0.0864,0.28,-0.49,-2.38
3.216689,-0.7066,0.7315,0.0874,-0.14,0.98,-2.59
3.217286,-0.7056,0.7286,0.0883,0.28,-0.70,-2.45
3.217883,-0.7091,0.7286,0.0888,-0.28,1.12,-2.66
3.218480,-0.7125,0.7291,0.0888,0.28,-0.77,-2.59
3.219077,-0.7096,0.7330,0.0888,-0.14,0.91,-2.17
3.219674,-0.7076,0.7315,0.0913,0.21,-0.56,-2.66
3.220270,-0.7061,0.7286,0.0922,0.07,0.98,-2.24
3.220867,-0.7042,0.7315,0.0859,-0.07,0.00,-3.29
3.221464,-0.7047,0.7325,0.0893,-0.21,-0.21,-3.78
3.222061,-0.7047,0.7315,0.0932,0.56,0.49,-1.96
3.222658,-0.7061,0.7344,0.0922,-0.35,0.21,-3.85
3.223633,-0.7100,0.7374,0.0932,0.63,0.00,-1.89
3.224230,-0.7091,0.7364,0.0898,-0.63,0.21,-3.99
3.224827,-0.7047,0.7369,0.0922,0.63,0.00,-2.66
3.225424,-0.7042,0.7388,0.0971,-0.63,0.56,-3.99
3.226021,-0.7042,0.7383,0.0922,0.98,-0.07,-2.73
3.226617,-0.7061,0.7388,0.0927,-0.98,0.84,-3.78
3.227214,-0.7061,0.7388,0.0952,0.70,0.00,-2.87
3.227811,-0.7022,0.7388,0.0971,-0.77,0.49,-4.06
3.228408,-0.7042,0.7408,0.0986,0.35,-0.21,-2.66
3.229005,-0.7052,0.7413,0.0956,-0.35,0.70,-4.41
3.229602,-0.7027,0.7388,0.0947,0.21,0.00,-2.66
3.230199,-0.7013,0.7393,0.0956,-0.28,0.28,-4.41
3.230796,-0.7003,0.7393,0.0996,0.00,0.56,-3.50
3.231393,-0.7013,0.7403,0.1000,0.14,0.00,-4.76
3.231989,-0.6993,0.7422,0.0986,-0.70,0.70,-3.36
3.232586,-0.6988,0.7457,0.1010,0.35,0.14,-4.69
3.233183,-0.7022,0.7471,0.1000,-0.70,0.84,-3.78
3.233780,-0.7008,0.7437,0.1030,0.49,-0.14,-4.55
3.234377,-0.6983,0.7442,0.0976,-0.63,0.42,-3.64
3.235352,-0.6959,0.7452,0.0971,0.63,0.14,-5.11
3.235949,-0.6974,0.7418,0.0956,0.21,0.28,-4.97
3.236546,-0.6969,0.7398,0.0932,-0.77,0.35,-3.43
3.237143,-0.6974,0.7413,0.0937,0.07,0.63,-5.60
3.237740,-0.7003,0.7413,0.0942,-0.56,0.49,-2.94
3.238336,-0.6993,0.7418,0.0947,-0.07,0.63,-5.74
3.238933,-0.7008,0.7418,0.0976,-0.49,0.77,-3.01
3.239530,-0.7042,0.7462,0.0981,-0.07,0.28,-5.88
3.240127,-0.7052,0.7462,0.0942,-0.42,0.77,-2.52
3.240724,-0.7037,0.7422,0.0898,-0.63,0.35,-6.16
3.241321,-0.7042,0.7457,0.0888,-0.21,0.56,-2.66
3.241918,-0.7047,0.7471,0.0947,-0.77,0.42,-6.02
3.242515,-0.7042,0.7452,0.0942,0.00,0.56,-2.66
3.243112,-0.7013,0.7422,0.0874,-0.98,0.49,-6.37
3.243708,-0.7003,0.7422,0.0898,0.21,0.63,-2.45
3.244305,-0.7008,0.7457,0.0966,-0.98,0.21,-6.37
3.244902,-0.6959,0.7457,0.0956,0.28,0.56,-2.66
3.245499,-0.7008,0.7486,0.0932,0.28,0.35,-2.31
3.246096,-0.7013,0.7462,0.0922,-1.26,0.56,-6.30
3.247071,-0.6969,0.7471,0.0956,0.28,0.56,-2.73
3.247668,-0.6974,0.7510,0.0917,-1.12,0.42,-5.67
3.248265,-0.6978,0.7486,0.0874,-0.07,1.05,-3.01
3.248862,-0.6978,0.7457,0.0888,-0.77,0.07,-5.32
3.249459,-0.6993,0.7466,0.0922,-0.07,1.19,-3.36
3.250055,-0.6983,0.7491,0.0956,-0.91,-0.14,-5.11
3.250652,-0.6954,0.7505,0.0961,-0.49,1.19,-3.01
3.251249,-0.6944,0.7491,0.0927,-0.77,0.35,-5.04
3.251846,-0.6939,0.7466,0.0898,-0.42,0.84,-3.08
3.252443,-0.6939,0.7481,0.0927,-0.77,0.07,-4.83
3.253040,-0.6993,0.7501,0.0927,-0.70,1.33,-3.15
3.253637,-0.6969,0.7491,0.0903,-0.91,0.35,-4.62
3.254234,-0.6920,0.7486,0.0888,-0.07,1.33,-3.29
3.254831,-0.6959,0.7462,0.0927,-1.33,0.42,-4.20
3.255428,-0.6959,0.7462,0.0956,-0.42,0.91,-2.87
3.256024,-0.6939,0.7462,0.0966,-1.12,0.49,-4.83
3.256621,-0.6983,0.7447,0.0966,-0.42,1.26,-2.45
3.257218,-0.6993,0.7471,0.0956,-0.91,0.56,-4.41
3.257815,-0.6959,0.7466,0.0947,-0.56,1.40,-2.59
3.257815,-0.6954,0.7447,0.0927,-1.12,0.77,-3.85
3.258410,-0.6915,0.7452,0.0942,-0.98,0.91,-2.24
3.259007,-0.6905,0.7481,0.0971,-0.98,0.63,-3.85
3.259604,-0.6949,0.7452,0.0986,-0.91,1.12,-2.45
3.260201,-0.6988,0.7471,0.0991,-0.70,0.70,-3.78
3.260797,-0.6993,0.7476,0.0966,-1.12,1.12,-2.17
3.261394,-0.6959,0.7432,0.0937,-0.49,0.63,-3.78
3.261991,-0.6959,0.7442,0.0991,-1.05,1.19,-2.38
3.262588,-0.6964,0.7437,0.0996,-0.49,0.77,-3.50
3.263185,-0.6988,0.7422,0.0971,-0.98,1.47,-2.31
3.263782,-0.6974,0.7442,0.0991,-0.70,0.70,-2.94
3.264379,-0.6944,0.7457,0.0991,-1.12,1.05,-2.10
3.264976,-0.6954,0.7442,0.0991,-0.70,1.05,-3.01
3.265573,-0.6974,0.7457,0.0966,-0.63,0.77,-1.89
3.266169,-0.6969,0.7486,0.0976,-0.91,0.84,-3.22
3.266766,-0.6939,0.7486,0.0976,-0.84,0.63,-1.40
3.267363,-0.6915,0.7442,0.0942,-0.91,1.61,-3.50
3.267960,-0.6944,0.7418,0.0966,-0.49,0.77,-0.98
3.268557,-0.6959,0.7418,0.0966,-0.91,1.75,-4.06
3.269531,-0.6925,0.7422,0.0917,-0.49,1.05,-0.98
3.270128,-0.6925,0.7427,0.0908,-1.19,1.40,-3.36
3.270725,-0.6930,0.7413,0.0956,-0.21,0.84,-1.54
3.271322,-0.6886,0.7437,0.0976,-1.26,1.19,-2.73
3.271919,-0.6871,0.7466,0.0956,-0.21,1.12,-1.75
3.272515,-0.6886,0.7442,0.0927,-1.61,1.05,-2.52
3.273112,-0.6886,0.7418,0.0917,0.00,1.12,-1.61
3.273709,-0.6910,0.7422,0.0903,-1.89,1.12,-2.24
3.274306,-0.6920,0.7422,0.0883,0.00,1.47,-2.03
3.274903,-0.6895,0.7422,0.0937,-1.33,1.33,-2.17
3.275500,-0.6891,0.7403,0.0961,-0.21,1.96,-2.24
3.276097,-0.6861,0.7383,0.0961,-1.19,1.12,-1.82
3.276694,-0.6856,0.7398,0.0976,-0.63,1.61,-2.31
3.277291,-0.6891,0.7427,0.0942,-0.98,1.26,-1.61
3.277888,-0.6881,0.7432,0.0913,-0.77,1.61,-2.52
3.278484,-0.6881,0.7432,0.0942,-1.05,0.70,-1.54
3.279081,-0.6866,0.7466,0.0952,-0.63,1.68,-2.59
3.279678,-0.6808,0.7452,0.0952,-1.12,1.82,-1.12
3.280275,-0.6817,0.7408,0.0932,-0.84,1.26,-2.94
3.280275,-0.6856,0.7383,0.0932,-0.91,1.96,-1.26
3.280871,-0.6822,0.7379,0.0961,-0.63,0.91,-3.15
3.281468,-0.6793,0.7398,0.0971,-1.05,2.38,-1.05
3.282065,-0.6832,0.7379,0.0956,-0.77,0.70,-3.01
3.282662,-0.6842,0.7364,0.0966,-0.77,2.52,-1.54
3.283258,-0.6808,0.7379,0.1000,-0.91,0.91,-2.73
3.283855,-0.6842,0.7403,0.0961,-0.56,2.24,-1.54
3.284452,-0.6842,0.7408,0.0956,-1.12,1.12,-2.52
3.285049,-0.6847,0.7388,0.0947,-0.63,2.45,-1.61
3.285646,-0.6905,0.7403,0.0927,-1.26,1.12,-2.66
3.286243,-0.6866,0.7422,0.0971,-0.28,2.59,-1.61
3.286840,-0.6837,0.7413,0.0976,-1.40,1.40,-2.52
3.287437,-0.6856,0.7427,0.0956,-0.07,2.10,-2.24
3.288034,-0.6852,0.7432,0.1000,-1.75,1.47,-2.38
3.288630,-0.6856,0.7432,0.1020,0.28,2.17,-2.03
3.289227,-0.6886,0.7422,0.0971,-1.61,1.68,-2.66
3.289824,-0.6905,0.7408,0.0947,0.21,2.10,-1.68
3.290421,-0.6900,0.7422,0.0971,-1.82,2.10,-2.66
3.291018,-0.6871,0.7447,0.0966,0.00,1.75,-1.89
3.291018,-0.6861,0.7452,0.0976,-1.61,2.31,-2.38
3.291613,-0.6871,0.7462,0.1000,0.07,1.47,-1.89
3.292210,-0.6871,0.7466,0.0952,-1.47,2.31,-2.94
3.292807,-0.6866,0.7462,0.0942,-0.21,1.82,-1.61
3.293404,-0.6852,0.7457,0.0971,-1.33,2.24,-2.73
3.294000,-0.6822,0.7418,0.0981,-0.63,2.03,-1.40
3.294597,-0.6842,0.7432,0.1005,-0.98,2.10,-3.22
3.295194,-0.6832,0.7462,0.1049,-0.56,1.82,-1.47
3.295791,-0.6856,0.7447,0.1025,-0.98,2.17,-3.08
3.296388,-0.6866,0.7457,0.0971,-0.56,1.61,-1.68
3.296985,-0.6847,0.7447,0.0966,-0.98,1.82,-2.66
3.297582,-0.6871,0.7413,0.0981,-0.63,1.68,-1.26
3.298179,-0.6856,0.7398,0.0996,-0.77,2.10,-2.87
3.298776,-0.6861,0.7398,0.1010,-0.91,2.45,-1.54
3.299372,-0.6886,0.7379,0.0971,-0.35,1.54,-2.66
3.299969,-0.6866,0.7369,0.0986,-1.19,2.38,-1.40
3.300566,-0.6876,0.7369,0.1000,-0.63,1.82,-2.45
3.301163,-0.6891,0.7408,0.0996,-0.63,1.75,-1.82
3.301760,-0.6886,0.7422,0.1030,-0.91,2.17,-1.96
3.302735,-0.6876,0.7403,0.0991,-0.63,1.54,-1.68
3.303332,-0.6920,0.7408,0.0981,-0.84,2.31,-1.89
3.303929,-0.6939,0.7432,0.0971,-0.70,1.33,-2.10
3.304526,-0.6934,0.7442,0.0976,-0.84,2.24,-1.40
3.305123,-0.6964,0.7432,0.0991,-0.35,1.40,-2.38
3.305719,-0.6974,0.7427,0.1005,-1.19,2.73,-0.70
3.306316,-0.6969,0.7442,0.1030,-0.42,0.91,-2.45
3.306913,-0.6944,0.7447,0.1025,-0.98,2.31,-0.35
3.307510,-0.6959,0.7432,0.1020,0.00,0.70,-2.17
3.308107,-0.6983,0.7442,0.0991,-1.19,2.24,-0.28
3.308704,-0.6949,0.7447,0.0956,-0.49,1.12,-2.52
3.309301,-0.6934,0.7408,0.0981,-0.63,1.75,0.28
3.309898,-0.6974,0.7408,0.0996,-0.84,1.05,-2.94
3.310495,-0.6983,0.7427,0.1000,-0.35,1.47,0.42
3.311091,-0.6993,0.7442,0.1005,-1.12,1.40,-2.94
3.311688,-0.6998,0.7462,0.0966,-0.14,1.19,0.84
3.312285,-0.6964,0.7466,0.0932,-1.12,0.98,-2.87
3.312882,-0.6939,0.7466,0.0942,-0.28,1.61,0.70
3.313479,-0.6969,0.7427,0.0976,-1.19,0.84,-2.24
3.313479,-0.7008,0.7432,0.0981,-0.28,1.40,0.77
3.314074,-0.7022,0.7418,0.0956,-1.05,0.98,-2.45
3.314671,-0.7013,0.7437,0.0976,0.00,1.33,0.21
3.315268,-0.6993,0.7462,0.0971,-1.33,0.84,-1.96
3.315865,-0.6983,0.7398,0.0947,0.42,0.84,0.42
3.316461,-0.6988,0.7383,0.0961,-1.68,0.91,-1.89
3.317058,-0.7013,0.7422,0.0971,0.07,0.49,0.49
3.317655,-0.7027,0.7427,0.0981,-1.26,0.35,-1.89
3.318252,-0.7022,0.7393,0.0966,-0.21,0.63,-0.07
3.318849,-0.6998,0.7413,0.0971,-1.19,0.63,-1.40
3.319446,-0.7022,0.7452,0.1005,-0.35,0.70,-0.14
3.320043,-0.7042,0.7452,0.1020,-0.84,0.14,-1.33
3.320640,-0.7027,0.7452,0.1020,-0.70,0.70,-0.21
3.321237,-0.7037,0.7447,0.0971,-0.56,0.00,-1.26
3.321833,-0.7042,0.7432,0.0961,-0.84,0.77,-0.21
3.322430,-0.7022,0.7408,0.0991,-0.70,0.07,-0.84
3.323027,-0.6993,0.7408,0.1035,-1.05,0.14,-0.84
3.323624,-0.6993,0.7447,0.1000,-0.49,0.35,-0.84
3.324221,-0.7027,0.7471,0.1000,-0.84,-0.07,-0.70
3.324221,-0.7056,0.7466,0.0996,-0.56,0.21,-0.70
3.324816,-0.7042,0.7491,0.0996,-1.12,-0.42,-0.35
3.325413,-0.6983,0.7476,0.1039,-0.63,0.35,-0.91
3.326010,-0.6964,0.7408,0.1069,-1.05,-1.12,-0.70
3.326607,-0.6964,0.7418,0.1020,-0.63,0.63,-0.56
3.327203,-0.6954,0.7447,0.1000,-1.33,-1.19,-1.26
3.327800,-0.6983,0.7447,0.1030,-0.35,0.35,-0.77
3.328397,-0.6974,0.7432,0.1005,-1.12,-0.84,-1.26
3.328994,-0.6930,0.7413,0.0981,-0.21,-0.28,-0.77
3.329591,-0.6954,0.7393,0.0966,-1.26,-0.98,-1.40
3.330188,-0.6988,0.7403,0.0942,-0.56,-0.28,-0.91
3.330785,-0.6978,0.7413,0.0952,-0.84,-0.84,-1.75
3.331382,-0.6969,0.7432,0.1000,-0.56,-0.35,-1.12
3.331978,-0.6983,0.7437,0.1005,-1.05,-0.84,-1.26
3.332575,-0.7003,0.7422,0.0986,-0.49,-0.84,-1.12
3.333172,-0.7013,0.7418,0.0981,-0.70,-1.19,-1.61
3.333769,-0.7027,0.7393,0.1005,-0.77,-0.91,-1.05
3.334366,-0.7052,0.7388,0.1035,-0.42,-0.98,-1.40
3.334963,-0.7052,0.7374,0.1005,-0.77,-0.98,-1.61
3.334963,-0.7066,0.7364,0.0971,-0.49,-0.63,-1.75
3.335558,-0.7076,0.7383,0.0986,-1.05,-1.33,-1.40
3.336155,-0.7056,0.7393,0.0981,-0.21,-1.12,-2.10
3.336752,-0.7052,0.7369,0.0971,-1.12,-1.19,-1.26
3.337349,-0.7066,0.7349,0.0971,-0.28,-1.19,-2.17
3.337945,-0.7086,0.7379,0.0952,-1.12,-1.05,-1.47
3.338542,-0.7105,0.7398,0.0966,-0.28,-1.47,-2.24
3.339139,-0.7076,0.7344,0.0942,-0.91,-1.40,-1.40
3.339736,-0.7086,0.7330,0.0942,-0.21,-1.61,-2.31
3.340333,-0.7139,0.7374,0.0952,-0.63,-1.89,-1.33
3.340930,-0.7096,0.7374,0.0966,-0.56,-1.33,-2.87
3.341527,-0.7066,0.7335,0.0986,-0.21,-1.96,-1.40
3.342124,-0.7071,0.7305,0.0942,-0.70,-1.40,-2.87
3.342720,-0.7052,0.7335,0.0952,-0.21,-2.38,-1.47
3.343317,-0.7081,0.7340,0.0932,-0.70,-1.54,-2.87
3.343914,-0.7081,0.7320,0.0927,-0.14,-2.52,-1.33
3.344511,-0.7037,0.7330,0.0947,-0.42,-1.89,-3.22
3.345108,-0.7047,0.7344,0.0937,-0.21,-2.80,-1.82
3.345705,-0.7061,0.7349,0.0942,-0.56,-1.61,-3.22
3.346680,-0.7066,0.7315,0.0966,0.00,-2.73,-1.82
3.347277,-0.7071,0.7305,0.0937,-0.49,-1.54,-2.87
3.347874,-0.7091,0.7286,0.0903,0.14,-2.87,-2.31
3.348471,-0.7071,0.7291,0.0937,-0.63,-1.89,-2.80
3.349068,-0.7071,0.7320,0.0932,0.28,-2.73,-2.80
3.349664,-0.7086,0.7300,0.0952,-0.28,-2.24,-2.73
3.350261,-0.7066,0.7310,0.0966,0.00,-2.73,-2.94
3.350858,-0.7086,0.7296,0.0942,0.07,-2.45,-3.50
3.351455,-0.7110,0.7257,0.0971,-0.21,-2.87,-2.94
3.352052,-0.7130,0.7266,0.0961,0.35,-2.17,-3.71
3.352649,-0.7120,0.7271,0.0937,-0.14,-2.80,-3.08
3.353246,-0.7091,0.7286,0.0971,0.91,-2.52,-3.71
3.353843,-0.7125,0.7276,0.0966,-0.42,-2.66,-3.08
3.354439,-0.7120,0.7261,0.0961,0.91,-2.87,-3.99
3.355036,-0.7105,0.7266,0.0971,-0.21,-2.94,-3.22
3.355633,-0.7130,0.7222,0.0952,0.77,-2.87,-4.41
3.356230,-0.7159,0.7193,0.0952,-0.07,-2.94,-3.22
3.356827,-0.7154,0.7203,0.0991,0.84,-3.71,-4.76
3.357424,-0.7139,0.7242,0.0971,0.28,-2.87,-3.57
3.358399,-0.7139,0.7227,0.0981,0.84,-3.15,-3.64
3.358996,-0.7144,0.7247,0.0986,0.77,-3.71,-4.97
3.359593,-0.7135,0.7252,0.0991,0.49,-2.80,-4.27
3.360190,-0.7120,0.7271,0.0986,0.98,-3.57,-5.04
3.360787,-0.7100,0.7276,0.0937,0.84,-3.08,-4.55
3.361383,-0.7130,0.7271,0.0937,0.21,-3.29,-4.97
3.361980,-0.7135,0.7276,0.0996,1.05,-3.22,-5.11
3.362577,-0.7086,0.7271,0.1015,0.42,-3.57,-4.69
3.363174,-0.7100,0.7257,0.0981,1.12,-3.43,-5.25
3.363771,-0.7125,0.7261,0.0961,1.05,-3.99,-5.11
3.364368,-0.7120,0.7271,0.0961,1.12,-3.22,-5.60
3.364965,-0.7120,0.7276,0.0956,1.26,-4.34,-5.39
3.365562,-0.7081,0.7291,0.0952,1.12,-2.94,-5.81
3.366159,-0.7061,0.7315,0.0937,1.33,-4.13,-5.46
3.366755,-0.7100,0.7325,0.0952,1.26,-3.50,-6.09
3.367352,-0.7091,0.7291,0.0971,1.33,-4.13,-5.46
3.367949,-0.7061,0.7286,0.0981,1.19,-3.36,-6.16
3.368546,-0.7076,0.7305,0.0981,1.47,-4.06,-6.23
3.369143,-0.7066,0.7320,0.0952,1.19,-3.57,-6.23
3.369143,-0.7081,0.7320,0.0976,1.82,-4.34,-6.37
3.369738,-0.7100,0.7300,0.0986,1.12,-3.36,-5.88
3.370335,-0.7096,0.7291,0.0932,1.82,-4.55,-6.72
3.370932,-0.7096,0.7315,0.0937,1.26,-3.57,-5.81
3.371529,-0.7052,0.7325,0.0956,2.10,-4.55,-7.35
3.372125,-0.7061,0.7344,0.0937,1.05,-3.29,-5.67
3.372722,-0.7091,0.7364,0.0947,1.96,-4.41,-7.56
3.373319,-0.7100,0.7408,0.0927,1.68,-3.36,-5.74
3.373916,-0.7100,0.7427,0.0917,1.75,-4.55,-7.77
3.374513,-0.7071,0.7388,0.0947,1.75,-3.92,-5.81
3.375110,-0.7081,0.7398,0.0932,1.61,-4.06,-8.05
3.375707,-0.7091,0.7413,0.0903,1.89,-4.20,-5.46
3.376304,-0.7066,0.7422,0.0937,1.47,-3.78,-8.54
3.376900,-0.7037,0.7432,0.0956,2.17,-4.48,-5.60
3.377497,-0.7017,0.7418,0.0952,1.26,-3.71,-8.40
3.378094,-0.7042,0.7398,0.0952,2.59,-4.55,-6.30
3.378691,-0.7061,0.7418,0.0917,0.98,-3.92,-8.26
3.379288,-0.7003,0.7437,0.0903,2.80,-4.97,-5.67
3.379885,-0.6974,0.7437,0.0908,1.12,-3.64,-9.10
3.379885,-0.6998,0.7452,0.0869,2.52,-4.55,-5.60
3.380480,-0.7022,0.7447,0.0869,1.19,-3.36,-8.89
3.381077,-0.7027,0.7418,0.0874,2.52,-4.55,-5.95
3.381674,-0.7017,0.7408,0.0937,0.70,-3.36,-8.68
3.382271,-0.7013,0.7427,0.0971,2.59,-4.90,-5.88
3.382867,-0.7022,0.7462,0.0952,0.84,-3.01,-8.33
3.383464,-0.7022,0.7457,0.0908,2.80,-4.90,-6.16
3.384061,-0.7056,0.7466,0.0864,0.98,-3.43,-8.54
3.384658,-0.7096,0.7491,0.0864,2.59,-4.48,-5.74
3.385255,-0.7042,0.7462,0.0888,1.12,-3.71,-8.33
3.385852,-0.7052,0.7481,0.0893,2.66,-4.90,-6.37
3.386449,-0.7096,0.7476,0.0898,0.91,-3.64,-8.05
3.387046,-0.7091,0.7471,0.0893,2.73,-5.04,-6.51
3.387642,-0.7086,0.7510,0.0874,1.26,-3.64,-7.91
3.388239,-0.7061,0.7501,0.0893,2.24,-4.83,-6.30
3.388836,-0.7052,0.7491,0.0922,1.61,-4.06,-7.84
3.389433,-0.7061,0.7520,0.0874,1.47,-4.20,-6.09
3.390030,-0.7061,0.7530,0.0932,1.75,-4.55,-6.65
3.390627,-0.7042,0.7496,0.0961,2.03,-4.41,-6.72
3.391602,-0.7056,0.7481,0.0942,1.82,-4.20,-7.35
3.392199,-0.7047,0.7466,0.0917,2.17,-4.27,-6.37
3.392796,-0.7037,0.7471,0.0888,1.47,-4.13,-7.70
3.393393,-0.7022,0.7520,0.0908,2.52,-4.27,-5.95
3.393990,-0.6988,0.7525,0.0917,1.33,-3.85,-7.28
3.394586,-0.6998,0.7510,0.0908,2.38,-4.41,-6.09
3.395183,-0.7022,0.7496,0.0947,0.84,-3.71,-7.07
3.395780,-0.7027,0.7476,0.0917,2.73,-4.34,-5.95
3.396377,-0.7032,0.7481,0.0932,0.70,-4.06,-6.72
3.396974,-0.7022,0.7471,0.0966,2.66,-4.48,-5.81
3.397571,-0.6993,0.7486,0.0932,1.05,-3.78,-6.51
3.398168,-0.6993,0.7520,0.0927,2.66,-4.34,-5.67
3.398765,-0.6954,0.7501,0.0937,1.26,-4.06,-6.37
3.399361,-0.6920,0.7466,0.0961,2.52,-4.20,-5.81
3.399958,-0.6944,0.7462,0.0932,1.33,-3.64,-6.23
3.400555,-0.6954,0.7486,0.0913,2.10,-4.34,-5.67
3.401152,-0.6978,0.7515,0.0937,1.26,-3.64,-5.81
3.401749,-0.6969,0.7510,0.0874,1.89,-4.48,-5.04
3.402346,-0.6964,0.7501,0.0825,1.61,-3.57,-6.09
3.403321,-0.6954,0.7496,0.0830,1.61,-4.41,-4.90
3.403918,-0.6934,0.7510,0.0849,1.96,-3.71,-5.60
3.404515,-0.6959,0.7540,0.0874,1.26,-3.85,-5.11
3.405112,-0.6944,0.7554,0.0864,2.10,-3.85,-5.46
3.405709,-0.6944,0.7554,0.0859,1.40,-3.78,-4.90
3.406305,-0.6969,0.7535,0.0878,2.24,-3.92,-4.97
3.406902,-0.6964,0.7510,0.0913,1.33,-3.71,-4.83
3.407499,-0.6964,0.7535,0.0878,2.17,-4.13,-4.34
3.408096,-0.6944,0.7559,0.0844,0.84,-3.36,-5.32
3.408693,-0.6939,0.7564,0.0883,2.45,-4.55,-4.62
3.409290,-0.6920,0.7579,0.0898,0.91,-2.80,-4.97
3.409887,-0.6934,0.7584,0.0864,2.24,-4.06,-4.27
3.410484,-0.6954,0.7593,0.0869,0.98,-2.87,-4.97
3.411080,-0.6905,0.7544,0.0913,2.03,-4.48,-3.99
3.411677,-0.6905,0.7505,0.0917,1.12,-2.87,-4.48
3.412274,-0.6910,0.7544,0.0898,2.17,-4.27,-3.99
3.412871,-0.6920,0.7574,0.0898,1.12,-2.80,-4.34
3.413468,-0.6949,0.7549,0.0898,1.89,-4.27,-3.36
3.414065,-0.6934,0.7540,0.0888,0.98,-2.59,-4.76
3.414065,-0.6910,0.7549,0.0883,1.47,-3.71,-2.59
3.414660,-0.6900,0.7549,0.0864,1.40,-2.31,-4.69
3.415257,-0.6900,0.7549,0.0883,1.05,-4.06,-2.66
3.415854,-0.6900,0.7540,0.0927,1.68,-2.38,-4.69
3.416451,-0.6895,0.7535,0.0903,1.26,-3.85,-2.80
3.417047,-0.6856,0.7496,0.0849,1.54,-2.66,-3.99
3.417644,-0.6852,0.7515,0.0854,1.19,-3.43,-2.31
3.418241,-0.6871,0.7535,0.0888,1.33,-2.52,-3.71
3.418838,-0.6876,0.7520,0.0878,0.98,-3.01,-2.52
3.419435,-0.6842,0.7520,0.0878,1.75,-3.08,-3.64
3.420032,-0.6837,0.7515,0.0908,0.91,-2.52,-2.38
3.420629,-0.6881,0.7520,0.0869,1.75,-2.94,-3.71
3.421226,-0.6881,0.7486,0.0859,0.49,-2.03,-1.96
3.421822,-0.6900,0.7491,0.0903,2.24,-3.01,-3.64
3.422419,-0.6900,0.7530,0.0883,0.14,-2.03,-1.19
3.423016,-0.6895,0.7520,0.0893,2.03,-2.59,-3.50
3.423613,-0.6934,0.7540,0.0932,0.77,-2.31,-1.61
3.424210,-0.6920,0.7491,0.0893,1.33,-2.45,-3.22
3.424807,-0.6915,0.7496,0.0922,1.40,-2.52,-2.87
3.425781,-0.6939,0.7501,0.0903,0.98,-1.89,-1.33
3.426378,-0.6949,0.7510,0.0874,1.19,-2.31,-3.08
3.426975,-0.6949,0.7515,0.0913,1.33,-1.47,-1.68
3.427572,-0.6939,0.7515,0.0922,1.12,-2.52,-2.94
3.428169,-0.6920,0.7486,0.0917,1.40,-0.98,-1.61
3.428765,-0.6949,0.7481,0.0903,0.84,-2.73,-2.17
3.429362,-0.6988,0.7515,0.0898,1.33,-1.19,-1.54
3.429959,-0.6974,0.7540,0.0937,1.05,-2.80,-1.96
3.430556,-0.6978,0.7574,0.0932,1.40,-1.12,-1.47
3.431153,-0.6988,0.7569,0.0913,0.70,-2.45,-1.75
3.431750,-0.6998,0.7530,0.0888,1.40,-1.40,-1.47
3.432347,-0.7022,0.7510,0.0883,0.49,-2.10,-1.96
3.432944,-0.7008,0.7525,0.0844,1.68,-0.77,-1.47
3.433540,-0.6954,0.7544,0.0854,0.21,-2.17,-1.33
3.434137,-0.6969,0.7544,0.0878,1.89,-1.12,-1.96
3.434734,-0.7003,0.7544,0.0834,-0.07,-1.75,-0.98
3.435331,-0.7017,0.7544,0.0805,2.31,-1.33,-1.89
3.435928,-0.7013,0.7505,0.0834,-0.35,-1.61,-0.70
3.436525,-0.6998,0.7486,0.0859,1.82,-1.33,-2.24
3.436525,-0.7008,0.7496,0.0854,0.00,-1.26,-0.49
3.437121,-0.7008,0.7471,0.0908,1.68,-2.17,-2.10
3.437718,-0.6983,0.7481,0.0937,0.14,-1.12,-0.49
3.438315,-0.7003,0.7496,0.0893,1.61,-1.89,-1.96
3.438912,-0.7017,0.7505,0.0849,0.21,-0.70,-0.77
3.439508,-0.7013,0.7496,0.0830,1.61,-2.24,-1.75
3.440105,-0.7037,0.7496,0.0834,0.07,-0.42,-0.21
3.440702,-0.7027,0.7476,0.0864,1.12,-2.38,-1.26
3.441299,-0.7027,0.7457,0.0854,0.56,-0.77,-0.14
3.441896,-0.7008,0.7501,0.0864,0.77,-2.24,-1.33
3.442493,-0.7017,0.7510,0.0849,0.77,-0.56,-0.14
3.443090,-0.7052,0.7491,0.0791,0.49,-2.31,-1.40
3.443687,-0.7056,0.7476,0.0800,1.40,-0.70,-0.35
3.444283,-0.7052,0.7457,0.0805,0.07,-1.96,-0.91
3.444880,-0.7052,0.7466,0.0805,1.40,-0.49,-0.14
3.445477,-0.7052,0.7476,0.0810,0.00,-2.03,-0.91
3.446074,-0.7066,0.7447,0.0830,1.54,-0.56,-0.21
3.446671,-0.7047,0.7422,0.0834,1.61,-0.21,-0.91
3.447268,-0.7022,0.7393,0.0800,-0.07,-2.10,0.14
3.448242,-0.7047,0.7442,0.0771,1.19,-0.49,-0.84
3.448839,-0.7066,0.7437,0.0795,-0.07,-2.03,0.56
3.449436,-0.7071,0.7418,0.0844,1.54,-0.77,-0.77
3.450033,-0.7032,0.7452,0.0874,-0.14,-1.68,0.35
3.450630,-0.7013,0.7447,0.0859,1.47,-0.91,-0.77
3.451226,-0.7047,0.7422,0.0859,0.00,-1.47,0.35
3.451823,-0.7091,0.7422,0.0839,1.05,-0.91,-0.35
3.452420,-0.7096,0.7437,0.0810,0.49,-1.68,0.70
3.453017,-0.7042,0.7418,0.0864,0.63,-1.12,-0.07
3.453614,-0.7032,0.7452,0.0854,0.70,-1.40,0.28
3.454211,-0.7037,0.7481,0.0830,0.56,-1.26,-0.07
3.454808,-0.7022,0.7457,0.0834,0.77,-1.19,0.42
3.455405,-0.7003,0.7457,0.0869,0.21,-1.12,0.00
3.456001,-0.7052,0.7476,0.0874,1.05,-1.40,0.84
3.456598,-0.7071,0.7471,0.0869,-0.07,-1.19,0.49
3.457195,-0.7047,0.7452,0.0893,1.05,-1.33,0.35
3.457792,-0.7042,0.7442,0.0869,0.21,-1.54,0.77
3.458389,-0.7056,0.7476,0.0864,0.14,-1.75,0.77
3.458986,-0.7061,0.7462,0.0869,1.05,-0.63,-0.07
3.459961,-0.7086,0.7466,0.0859,0.00,-1.68,0.91
3.460558,-0.7066,0.7471,0.0908,0.70,-0.98,0.56
3.461155,-0.7052,0.7481,0.0947,0.21,-1.26,0.56
3.461752,-0.7052,0.7457,0.0971,0.42,-1.40,0.98
3.462349,-0.7032,0.7427,0.0986,0.35,-1.05,0.14
3.462945,-0.7076,0.7447,0.0961,0.00,-1.26,1.19
3.463542,-0.7105,0.7452,0.0947,0.56,-1.05,-0.21
3.464139,-0.7096,0.7413,0.0942,0.07,-1.47,1.33
3.464736,-0.7096,0.7398,0.0937,0.63,-0.84,-0.42
3.465333,-0.7042,0.7452,0.0981,0.21,-1.68,1.47
3.465930,-0.7027,0.7481,0.0991,0.49,-0.84,-0.77
3.466527,-0.7056,0.7457,0.0956,0.00,-1.68,1.33
3.467124,-0.7056,0.7437,0.0976,0.35,-0.56,-0.42
3.467720,-0.7091,0.7462,0.0986,0.07,-1.54,1.61
3.468317,-0.7100,0.7471,0.0961,0.42,-1.12,-0.49
3.468914,-0.7100,0.7452,0.0952,-0.07,-1.54,1.68
3.469511,-0.7115,0.7476,0.0952,0.35,-1.47,-0.70
3.470108,-0.7096,0.7486,0.0956,0.00,-1.54,1.54
3.470705,-0.7096,0.7442,0.0966,0.21,-1.47,-0.49
3.470705,-0.7135,0.7432,0.0956,0.28,-1.26,1.12
3.471300,-0.7159,0.7452,0.0947,0.14,-1.54,0.07
3.471897,-0.7154,0.7471,0.0927,0.21,-1.33,0.77
3.472494,-0.7139,0.7466,0.0927,-0.07,-1.68,0.14
3.473091,-0.7139,0.7471,0.0961,0.35,-1.12,0.98
3.473687,-0.7154,0.7462,0.0966,-0.14,-1.47,-0.07
3.474284,-0.7164,0.7432,0.0927,0.35,-1.12,0.77
3.474881,-0.7178,0.7408,0.0888,-0.42,-1.68,0.07
3.475478,-0.7144,0.7403,0.0917,0.14,-1.19,0.91
3.476075,-0.7139,0.7418,0.0956,-0.49,-1.33,-0.14
3.476672,-0.7135,0.7408,0.0956,0.14,-1.61,0.63
3.477269,-0.7081,0.7422,0.0913,-0.28,-1.40,-0.14
3.477866,-0.7120,0.7452,0.0878,0.21,-2.10,0.42
3.478462,-0.7169,0.7442,0.0898,-0.42,-1.26,-0.07
3.479059,-0.7139,0.7403,0.0888,0.21,-1.89,0.77
3.479656,-0.7125,0.7374,0.0898,-0.35,-1.47,0.14
3.480253,-0.7125,0.7369,0.0908,0.28,-2.17,0.21
3.480850,-0.7115,0.7364,0.0908,-0.21,-1.40,-0.42
3.481447,-0.7115,0.7374,0.0942,-0.07,-2.52,1.05
3.482422,-0.7110,0.7383,0.0883,0.07,-1.68,-0.49
3.483019,-0.7144,0.7408,0.0854,0.00,-1.75,-0.28
3.483616,-0.7100,0.7388,0.0864,-0.42,-1.89,0.42
3.484213,-0.7081,0.7408,0.0888,0.28,-1.75,-1.19
3.484810,-0.7100,0.7413,0.0869,-0.28,-2.17,0.91
3.485406,-0.7115,0.7388,0.0849,0.21,-1.75,-1.05
3.486003,-0.7100,0.7398,0.0839,-0.28,-2.66,0.77
3.486600,-0.7135,0.7388,0.0805,-0.07,-1.96,-0.91
3.487197,-0.7178,0.7379,0.0800,-0.07,-2.45,0.35
3.487794,-0.7169,0.7369,0.0849,-0.14,-2.10,-1.05
3.488391,-0.7169,0.7349,0.0854,-0.14,-2.38,0.14
3.488988,-0.7169,0.7354,0.0839,-0.21,-2.31,-0.63
3.489585,-0.7169,0.7354,0.0869,0.00,-2.10,-0.28
3.490181,-0.7183,0.7349,0.0844,0.14,-2.73,-0.35
3.490778,-0.7193,0.7354,0.0839,-0.49,-2.17,-0.35
3.491375,-0.7178,0.7369,0.0859,0.07,-2.73,-0.07
3.491972,-0.7193,0.7398,0.0874,-0.21,-2.10,-1.05
3.492569,-0.7174,0.7349,0.0883,-0.77,-2.17,-0.91
3.493166,-0.7159,0.7349,0.0844,0.35,-3.08,-0.14
3.494141,-0.7139,0.7359,0.0844,-0.49,-2.24,-1.47
3.494738,-0.7144,0.7369,0.0810,0.28,-2.80,-0.21
3.495335,-0.7164,0.7383,0.0771,-0.14,-2.10,-1.68
3.495932,-0.7164,0.7359,0.0805,0.00,-2.87,0.07
3.496529,-0.7135,0.7344,0.0825,0.00,-2.73,-2.10
3.497125,-0.7144,0.7325,0.0815,-0.14,-2.73,-0.28
3.497722,-0.7144,0.7330,0.0830,0.35,-3.22,-2.10
3.498319,-0.7115,0.7359,0.0825,-0.42,-2.80,0.28
3.498916,-0.7115,0.7340,0.0815,0.28,-3.08,-2.45
3.499513,-0.7081,0.7305,0.0834,-0.14,-2.59,0.56
3.500110,-0.7076,0.7315,0.0834,0.07,-3.43,-2.87
3.500707,-0.7110,0.7305,0.0839,0.14,-2.59,0.70
3.501304,-0.7100,0.7300,0.0810,0.21,-3.01,-3.29
3.501900,-0.7125,0.7315,0.0810,0.28,-2.87,0.84
3.502497,-0.7139,0.7340,0.0820,-0.07,-2.94,-3.36
3.503094,-0.7086,0.7344,0.0825,0.56,-3.01,1.19
3.503691,-0.7086,0.7330,0.0839,0.14,-3.22,-4.27
3.504288,-0.7105,0.7349,0.0830,0.56,-2.73,1.75
3.504885,-0.7076,0.7349,0.0800,-0.14,-3.08,-4.20
3.505860,-0.7076,0.7359,0.0771,0.77,-3.43,1.61
3.506457,-0.7105,0.7354,0.0771,-0.07,-3.01,-4.48
3.507054,-0.7086,0.7296,0.0737,1.12,-3.50,1.61
3.507651,-0.7071,0.7310,0.0771,-0.63,-2.87,-4.34
3.508248,-0.7110,0.7325,0.0800,1.33,-3.15,1.40
3.508844,-0.7115,0.7300,0.0791,-0.84,-3.22,-4.20
3.509441,-0.7086,0.7291,0.0791,1.61,-3.43,1.26
3.510038,-0.7052,0.7300,0.0786,-0.63,-3.08,-4.06
3.510635,-0.7071,0.7320,0.0786,1.61,-3.36,1.26
3.511232,-0.7086,0.7315,0.0810,-0.14,-3.29,-3.99
3.511829,-0.7081,0.7320,0.0791,1.12,-3.08,1.33
3.512426,-0.7076,0.7330,0.0776,0.42,-4.13,-4.20
3.513023,-0.7052,0.7325,0.0781,1.33,-3.08,1.19
3.513620,-0.7027,0.7325,0.0752,0.21,-3.64,-3.78
3.514216,-0.7052,0.7320,0.0771,0.98,-3.22,0.91
3.514813,-0.7061,0.7296,0.0795,0.35,-3.64,-3.57
3.515410,-0.7042,0.7320,0.0761,1.12,-3.22,0.07
3.516007,-0.7056,0.7359,0.0737,0.84,-3.29,-3.36
3.516604,-0.7017,0.7354,0.0727,0.98,-3.36,-0.56
3.516604,-0.6983,0.7354,0.0737,0.91,-3.57,-2.66
3.517199,-0.6969,0.7359,0.0761,1.12,-3.50,-0.63
3.517796,-0.6969,0.7344,0.0791,1.26,-3.36,-2.73
3.518393,-0.7008,0.7330,0.0786,0.70,-3.50,-0.63
3.518990,-0.6998,0.7320,0.0752,1.19,-3.57,-2.73
3.519586,-0.6978,0.7310,0.0732,0.56,-3.43,-0.70
3.520183,-0.6969,0.7320,0.0712,1.54,-3.36,-2.31
3.520780,-0.6988,0.7300,0.0747,0.56,-3.29,-0.98
3.521377,-0.7013,0.7291,0.0791,1.61,-3.08,-2.10
3.521974,-0.6978,0.7320,0.0771,0.56,-3.43,-0.98
3.522571,-0.6978,0.7315,0.0786,1.68,-3.15,-1.89
3.523168,-0.7022,0.7305,0.0781,0.91,-3.43,-1.47
3.523765,-0.7032,0.7330,0.0761,1.26,-3.36,-1.40
3.524361,-0.6993,0.7359,0.0752,0.98,-3.78,-1.75
3.524958,-0.6974,0.7330,0.0766,1.54,-3.22,-1.68
3.525555,-0.6974,0.7291,0.0766,1.40,-3.43,-1.19
3.526152,-0.6974,0.7330,0.0737,1.33,-2.94,-1.61
3.526749,-0.6969,0.7335,0.0752,1.40,-3.78,-1.47
3.527346,-0.6969,0.7364,0.0766,1.75,-3.01,-2.17
3.528321,-0.7008,0.7379,0.0791,1.05,-3.50,-0.98
3.528918,-0.7027,0.7393,0.0830,2.03,-3.29,-2.59
3.529515,-0.7013,0.7374,0.0805,0.91,-3.50,-1.12
3.530112,-0.6998,0.7374,0.0776,2.10,-3.29,-2.24
3.530709,-0.7003,0.7374,0.0815,1.19,-3.29,-1.05
3.531305,-0.6983,0.7364,0.0859,1.96,-3.29,-2.17
3.531902,-0.6974,0.7383,0.0815,1.19,-2.87,-0.84
3.532499,-0.7008,0.7398,0.0781,2.17,-3.92,-2.52
3.533096,-0.6983,0.7364,0.0781,1.33,-2.80,-0.28
3.533693,-0.6978,0.7364,0.0732,2.03,-3.78,-2.80
3.534290,-0.6998,0.7393,0.0732,1.54,-3.15,0.07
3.534887,-0.7003,0.7354,0.0771,1.75,-3.50,-2.94
3.535484,-0.6998,0.7320,0.0776,2.31,-3.29,-0.14
3.536080,-0.6969,0.7359,0.0756,1.05,-3.29,-2.87
3.536677,-0.7003,0.7379,0.0732,2.31,-3.29,0.14
3.537274,-0.7022,0.7369,0.0771,1.40,-3.36,-2.73
3.537871,-0.6983,0.7359,0.0800,2.52,-2.94,-0.14
3.538468,-0.6978,0.7349,0.0781,1.05,-3.22,-2.31
3.539065,-0.6978,0.7320,0.0761,2.80,-3.22,0.07
3.539065,-0.6998,0.7300,0.0747,1.05,-3.22,-2.38
3.539660,-0.7032,0.7325,0.0766,3.08,-3.43,0.00
3.540257,-0.7047,0.7315,0.0776,1.12,-2.80,-2.87
3.540854,-0.7037,0.7296,0.0786,3.01,-3.36,0.35
3.541451,-0.6988,0.7300,0.0776,1.26,-3.01,-2.66
3.542047,-0.7003,0.7320,0.0766,2.87,-3.64,0.21
3.542644,-0.7017,0.7310,0.0795,1.47,-3.08,-2.31
3.543241,-0.7027,0.7315,0.0795,2.87,-3.57,0.42
3.543838,-0.7091,0.7300,0.0761,1.61,-3.29,-2.17
3.544435,-0.7100,0.7286,0.0761,2.59,-3.29,0.21
3.545032,-0.7100,0.7281,0.0776,2.03,-3.57,-2.10
3.545629,-0.7139,0.7276,0.0786,2.31,-2.80,0.07
3.546226,-0.7135,0.7305,0.0795,2.66,-3.92,-1.82
3.546822,-0.7091,0.7296,0.0786,1.89,-2.52,-0.28
3.547419,-0.7066,0.7257,0.0810,2.73,-3.71,-1.26
3.548016,-0.7076,0.7242,0.0864,1.82,-2.52,0.21
3.548613,-0.7115,0.7300,0.0849,3.22,-3.64,-0.98
3.549210,-0.7110,0.7330,0.0849,1.96,-2.80,-0.28
3.549807,-0.7100,0.7281,0.0844,3.15,-3.43,-0.98
3.549807,-0.7125,0.7261,0.0805,1.68,-3.01,-0.28
3.550402,-0.7130,0.7291,0.0815,3.22,-3.22,-0.63
3.550999,-0.7144,0.7286,0.0791,2.03,-3.43,-0.77
3.551596,-0.7183,0.7281,0.0756,3.01,-2.94,-0.35
3.552193,-0.7169,0.7300,0.0761,2.45,-3.50,-0.91
3.552789,-0.7154,0.7291,0.0776,2.94,-2.73,0.00
3.553386,-0.7144,0.7276,0.0771,2.52,-3.71,-0.84
3.553983,-0.7105,0.7286,0.0800,3.01,-3.15,0.28
3.554580,-0.7110,0.7296,0.0854,2.45,-3.78,-1.05
3.555177,-0.7159,0.7271,0.0805,3.08,-3.15,0.28
3.555774,-0.7178,0.7261,0.0742,2.45,-3.71,-1.47
3.556371,-0.7188,0.7286,0.0771,3.36,-2.87,0.49
3.556968,-0.7213,0.7281,0.0795,2.31,-3.36,-1.47
3.557564,-0.7203,0.7261,0.0815,3.57,-3.36,0.35
3.558161,-0.7198,0.7252,0.0834,2.24,-3.36,-1.33
3.558758,-0.7247,0.7252,0.0844,3.50,-3.78,0.77
3.559355,-0.7281,0.7261,0.0791,2.45,-2.94,-2.45
3.559952,-0.7232,0.7252,0.0771,3.57,-3.57,1.19
3.560549,-0.7203,0.7247,0.0830,2.87,-3.43,-2.03
3.561524,-0.7222,0.7266,0.0849,3.22,-3.43,1.26
3.562121,-0.7266,0.7261,0.0805,3.15,-3.71,-1.89
3.562718,-0.7271,0.7271,0.0781,3.08,-3.36,0.70
3.563315,-0.7222,0.7291,0.0786,3.36,-3.99,-1.61
3.563912,-0.7208,0.7266,0.0747,3.29,-2.94,0.49
3.564508,-0.7242,0.7242,0.0737,3.29,-4.62,-1.40
3.565105,-0.7252,0.7261,0.0742,2.87,-3.08,0.35
3.565702,-0.7257,0.7261,0.0727,3.57,-4.13,-1.26
3.566299,-0.7286,0.7252,0.0766,2.94,-3.36,0.49
3.566896,-0.7300,0.7261,0.0776,3.50,-3.78,-2.03
3.567493,-0.7305,0.7257,0.0747,3.22,-3.43,0.98
3.568090,-0.7325,0.7242,0.0752,3.22,-3.85,-2.52
3.568687,-0.7310,0.7252,0.0752,3.15,-3.92,1.12
3.569283,-0.7300,0.7257,0.0722,3.15,-3.57,-2.52
3.569880,-0.7305,0.7286,0.0722,3.71,-4.27,0.77
3.570477,-0.7315,0.7320,0.0752,2.80,-3.15,-2.31
3.571074,-0.7310,0.7300,0.0766,3.99,-4.20,0.98
3.571671,-0.7286,0.7261,0.0717,2.80,-3.36,-2.17
3.572268,-0.7300,0.7266,0.0703,3.92,-4.20,0.77
3.572268,-0.7286,0.7300,0.0722,3.01,-3.71,-2.03
3.572863,-0.7261,0.7296,0.0712,3.92,-4.34,0.21
3.573460,-0.7276,0.7305,0.0752,2.52,-3.43,-2.03
3.574057,-0.7300,0.7325,0.0766,4.20,-4.76,-0.28
3.574654,-0.7325,0.7310,0.0727,2.31,-3.01,-1.75
3.575250,-0.7310,0.7310,0.0712,3.85,-4.97,-0.14
3.575847,-0.7276,0.7330,0.0732,2.66,-3.15,-1.47
3.576444,-0.7261,0.7364,0.0756,3.85,-4.62,-0.63
3.577041,-0.7252,0.7344,0.0708,2.80,-3.57,-1.33
3.577638,-0.7247,0.7296,0.0693,3.29,-4.34,-0.84
3.578235,-0.7261,0.7296,0.0752,3.08,-3.78,-1.40
3.578832,-0.7266,0.7320,0.0752,3.01,-4.27,-1.05
3.579429,-0.7222,0.7359,0.0742,3.85,-3.99,-1.82
3.580025,-0.7183,0.7364,0.0761,2.87,-4.34,-1.68
3.580622,-0.7183,0.7344,0.0786,3.50,-3.71,-1.75
3.581219,-0.7242,0.7388,0.0820,2.59,-4.27,-1.89
3.581816,-0.7252,0.7398,0.0791,2.38,-4.20,-2.59
3.582413,-0.7242,0.7408,0.0810,3.64,-3.99,-1.26
3.583010,-0.7257,0.7398,0.0786,2.59,-3.78,-2.66
3.583985,-0.7281,0.7413,0.0776,3.64,-4.06,-1.26
3.584582,-0.7247,0.7427,0.0800,2.24,-3.78,-2.80
3.585179,-0.7237,0.7418,0.0776,3.43,-3.85,-1.33
3.585776,-0.7286,0.7422,0.0776,2.38,-3.64,-3.08
3.586373,-0.7266,0.7413,0.0786,3.43,-4.13,-1.54
3.586969,-0.7218,0.7418,0.0800,1.96,-3.64,-2.87
3.587566,-0.7218,0.7432,0.0791,3.43,-4.41,-1.61
3.588163,-0.7261,0.7422,0.0800,2.45,-3.78,-3.22
3.588760,-0.7261,0.7403,0.0810,2.59,-3.78,-1.54
3.589357,-0.7227,0.7418,0.0766,2.59,-3.50,-3.57
3.589954,-0.7222,0.7418,0.0747,2.80,-4.13,-1.68
3.590551,-0.7198,0.7413,0.0752,2.59,-3.43,-3.85
3.591148,-0.7208,0.7408,0.0776,1.96,-3.64,-1.33
3.591744,-0.7222,0.7408,0.0786,3.01,-3.50,-3.71
3.592341,-0.7198,0.7403,0.0771,1.75,-3.36,-1.19
3.592938,-0.7193,0.7379,0.0737,3.08,-3.64,-3.92
3.593535,-0.7203,0.7432,0.0742,2.10,-3.57,-1.68
3.594132,-0.7174,0.7432,0.0752,2.66,-3.57,-3.64
3.594729,-0.7164,0.7408,0.0727,1.89,-4.06,-1.89
3.594729,-0.7183,0.7418,0.0727,2.31,-3.15,-3.71
3.595324,-0.7164,0.7432,0.0747,1.89,-3.92,-1.68
3.595921,-0.7144,0.7466,0.0781,2.17,-3.08,-3.92
3.596518,-0.7149,0.7413,0.0791,2.31,-4.13,-1.54
3.597115,-0.7144,0.7422,0.0756,1.89,-3.50,-3.64
3.597711,-0.7120,0.7422,0.0708,1.82,-3.71,-1.40
3.598308,-0.7125,0.7383,0.0717,2.10,-3.29,-3.29
3.598905,-0.7115,0.7408,0.0752,1.75,-3.08,-2.03
3.599502,-0.7096,0.7432,0.0727,1.82,-3.36,-2.87
3.600099,-0.7110,0.7437,0.0742,1.82,-3.15,-2.10
3.600696,-0.7110,0.7437,0.0771,1.68,-3.29,-2.66
3.601293,-0.7130,0.7457,0.0737,1.47,-3.08,-1.89
3.601890,-0.7120,0.7476,0.0732,1.54,-3.29,-2.73
3.602486,-0.7096,0.7471,0.0673,1.68,-3.08,-2.17
3.603083,-0.7125,0.7422,0.0678,1.19,-3.43,-2.24
3.603680,-0.7149,0.7447,0.0722,1.40,-2.73,-2.31
3.604277,-0.7154,0.7457,0.0712,1.33,-3.57,-2.03
3.604874,-0.7144,0.7403,0.0752,1.40,-2.80,-2.73
3.605471,-0.7120,0.7408,0.0752,1.40,-3.15,-1.54
3.606446,-0.7120,0.7422,0.0747,1.68,-3.08,-2.73
3.607043,-0.7125,0.7413,0.0747,0.70,-2.66,-1.12
3.607640,-0.7110,0.7437,0.0756,1.33,-3.01,-2.80
3.608237,-0.7115,0.7457,0.0776,0.56,-2.59,-1.05
3.608834,-0.7105,0.7447,0.0786,1.33,-3.15,-2.80
3.609430,-0.7100,0.7408,0.0737,0.49,-1.89,-0.77
3.610027,-0.7135,0.7403,0.0698,1.47,-3.57,-2.66
3.610624,-0.7125,0.7491,0.0708,0.35,-1.96,-0.49
3.611221,-0.7081,0.7530,0.0752,1.05,-3.71,-2.31
3.611818,-0.7061,0.7481,0.0791,0.77,-1.89,-0.56
3.612415,-0.7066,0.7442,0.0766,0.35,-3.08,-1.89
3.613012,-0.7061,0.7432,0.0727,0.77,-1.75,-0.63
3.613609,-0.7066,0.7447,0.0747,0.21,-3.15,-1.68
3.614205,-0.7076,0.7476,0.0756,0.91,-1.75,-0.49
3.614802,-0.7086,0.7462,0.0771,-0.28,-3.22,-1.75
3.615399,-0.7076,0.7437,0.0795,1.05,-1.89,0.00
3.615996,-0.7081,0.7422,0.0756,-0.28,-3.01,-1.40
3.616593,-0.7091,0.7418,0.0708,1.19,-1.82,-0.56
3.617190,-0.7086,0.7383,0.0722,-0.77,-2.38,-0.28
3.617190,-0.7110,0.7374,0.0732,1.54,-1.82,-0.98
3.617785,-0.7115,0.7393,0.0766,-0.77,-2.73,-0.07
3.618382,-0.7096,0.7359,0.0791,0.91,-1.61,-1.05
3.618979,-0.7061,0.7369,0.0752,-0.77,-2.45,0.00
3.619576,-0.7056,0.7393,0.0776,0.77,-1.61,-0.35
3.620172,-0.7086,0.7408,0.0795,-0.56,-2.24,0.07
3.620769,-0.7071,0.7413,0.0771,0.49,-1.89,-0.56
3.621366,-0.7066,0.7398,0.0800,-0.35,-2.24,0.21
3.621963,-0.7091,0.7408,0.0791,-0.35,-1.89,-0.84
3.622560,-0.7100,0.7422,0.0756,0.21,-1.96,0.49
3.623157,-0.7100,0.7432,0.0776,-0.42,-1.82,-0.56
3.623754,-0.7100,0.7403,0.0791,0.42,-1.96,0.77
3.624351,-0.7105,0.7388,0.0795,-0.91,-1.68,0.14
3.624947,-0.7105,0.7398,0.0791,0.28,-1.96,0.63
3.625544,-0.7081,0.7427,0.0747,-0.77,-1.82,0.21
3.626141,-0.7096,0.7457,0.0752,0.07,-1.68,0.49
3.626738,-0.7105,0.7418,0.0795,-0.56,-2.10,0.98
3.627335,-0.7125,0.7422,0.0766,-0.21,-1.33,0.49
3.627932,-0.7144,0.7437,0.0752,-0.70,-1.75,1.05
3.627932,-0.7125,0.7418,0.0756,0.07,-1.47,0.49
3.628527,-0.7120,0.7442,0.0722,-0.63,-1.96,0.98
3.629124,-0.7115,0.7462,0.0737,-0.28,-1.05,0.28
3.629721,-0.7110,0.7442,0.0727,-0.49,-2.17,1.47
3.630317,-0.7096,0.7413,0.0737,-0.91,-1.40,0.56
3.630914,-0.7110,0.7413,0.0761,-0.42,-2.03,1.40
3.631511,-0.7130,0.7437,0.0712,-1.47,-0.91,1.05
3.632108,-0.7110,0.7422,0.0703,-0.28,-2.17,1.19
3.632705,-0.7081,0.7452,0.0703,-1.26,-1.26,0.91
3.633302,-0.7042,0.7442,0.0732,-0.07,-2.45,1.40
3.633899,-0.7032,0.7374,0.0810,-1.47,-1.05,1.40
3.634496,-0.7071,0.7383,0.0825,-0.42,-1.96,0.91
3.635092,-0.7061,0.7418,0.0786,-1.47,-1.47,1.75
3.635689,-0.7022,0.7403,0.0752,-0.63,-1.26,0.91
3.636286,-0.7052,0.7393,0.0752,-1.05,-1.82,1.89
3.636883,-0.7086,0.7388,0.0712,-1.40,-0.91,0.70
3.637480,-0.7086,0.7388,0.0693,-0.98,-1.68,2.10
3.638077,-0.7076,0.7364,0.0747,-1.26,-0.98,0.70
3.638674,-0.7081,0.7320,0.0722,-0.84,-1.19,1.96
3.638674,-0.7076,0.7325,0.0712,-1.82,-0.70,1.54
3.639269,-0.7066,0.7369,0.0761,-0.49,-1.61,1.75
3.639866,-0.7056,0.7369,0.0805,-1.89,-0.91,1.26
3.640463,-0.7042,0.7369,0.0791,-0.63,-1.33,2.17
3.641059,-0.7081,0.7369,0.0742,-1.61,-0.84,0.91
3.641656,-0.7125,0.7354,0.0761,-0.42,-1.54,2.38
3.642253,-0.7096,0.7374,0.0786,-2.03,-0.77,0.63
3.642850,-0.7086,0.7393,0.0786,-0.35,-1.40,2.38
3.643447,-0.7071,0.7398,0.0752,-1.96,-0.91,0.70
3.644044,-0.7071,0.7388,0.0712,-0.70,-1.05,2.59
3.644641,-0.7125,0.7364,0.0717,-1.96,-0.98,0.91
3.645238,-0.7130,0.7335,0.0737,-0.91,-1.19,1.96
3.645834,-0.7105,0.7335,0.0737,-1.82,-1.47,1.33
3.646431,-0.7115,0.7354,0.0727,-1.26,-0.35,1.61
3.647028,-0.7110,0.7349,0.0771,-1.33,-1.75,1.33
3.647625,-0.7071,0.7354,0.0786,-1.68,-0.21,1.75
3.648222,-0.7144,0.7369,0.0737,-0.91,-1.89,1.33
3.648819,-0.7100,0.7379,0.0771,-1.19,-1.75,1.61
3.649416,-0.7037,0.7383,0.0771,-1.82,0.14,2.03
3.650391,-0.7071,0.7344,0.0722,-0.77,-1.89,1.05
3.650988,-0.7081,0.7300,0.0732,-1.96,0.07,2.10
3.651585,-0.7076,0.7359,0.0742,-0.98,-1.40,1.05
3.652182,-0.7071,0.7359,0.0766,-2.03,-0.14,1.96
3.652778,-0.7056,0.7335,0.0747,-0.84,-1.40,0.63
3.653375,-0.7076,0.7354,0.0688,-1.89,-0.56,1.89
3.653972,-0.7066,0.7320,0.0737,-1.05,-0.91,0.91
3.654569,-0.7056,0.7291,0.0742,-1.68,-0.84,2.03
3.655166,-0.7056,0.7291,0.0717,-1.12,-1.12,1.05
3.655763,-0.7056,0.7296,0.0742,-1.75,-0.70,1.89
3.656360,-0.7096,0.7300,0.0717,-0.98,-0.84,1.19
3.656957,-0.7120,0.7286,0.0712,-1.89,-1.05,1.82
3.657553,-0.7100,0.7266,0.0766,-0.84,-0.63,1.05
3.658150,-0.7115,0.7276,0.0781,-1.82,-0.70,2.31
3.658747,-0.7115,0.7281,0.0781,-0.91,-0.49,0.49
3.659344,-0.7100,0.7232,0.0766,-1.33,-1.05,2.66
3.659941,-0.7115,0.7237,0.0766,-1.40,-0.28,0.77
3.660538,-0.7125,0.7286,0.0756,-1.33,-0.56,2.10
3.661135,-0.7139,0.7315,0.0752,-1.12,-0.63,0.98
3.662110,-0.7159,0.7310,0.0791,-1.05,-0.77,2.52
3.662707,-0.7130,0.7276,0.0800,-1.40,-0.49,0.77
3.663304,-0.7096,0.7247,0.0791,-0.84,-1.12,2.10
3.663901,-0.7091,0.7252,0.0795,-1.47,-0.56,1.12
3.664497,-0.7096,0.7261,0.0771,-0.49,-0.98,2.31
3.665094,-0.7096,0.7257,0.0717,-1.82,-0.21,0.77
3.665691,-0.7100,0.7237,0.0708,-0.07,-1.12,2.31
3.666288,-0.7159,0.7266,0.0756,-1.89,-0.35,0.63
3.666885,-0.7193,0.7252,0.0781,0.42,-1.19,2.03
3.667482,-0.7178,0.7232,0.0786,-1.75,-0.28,0.91
3.668079,-0.7203,0.7266,0.0786,0.07,-1.40,2.03
3.668676,-0.7193,0.7266,0.0752,-1.47,-0.56,0.91
3.669272,-0.7159,0.7286,0.0742,-0.28,-0.63,1.96
3.669869,-0.7164,0.7261,0.0747,-0.91,-0.84,1.05
3.670466,-0.7193,0.7213,0.0732,-0.21,-0.77,1.68
3.671063,-0.7208,0.7218,0.0712,-0.63,-0.84,1.40
3.671660,-0.7198,0.7198,0.0727,-0.42,-0.56,1.82
3.672257,-0.7193,0.7198,0.0737,-0.28,-0.84,1.47
3.672854,-0.7198,0.7203,0.0727,-0.56,-0.49,1.12
3.672854,-0.7169,0.7218,0.0747,-0.49,-1.12,2.52
3.673449,-0.7164,0.7208,0.0766,-0.07,-0.84,0.91
3.674046,-0.7198,0.7178,0.0752,-0.14,-1.33,1.40
3.674643,-0.7208,0.7188,0.0766,-0.56,-0.28,1.05
3.675239,-0.7193,0.7193,0.0761,-0.07,-1.26,1.89
3.675836,-0.7213,0.7159,0.0756,-0.21,-0.35,0.91
3.676433,-0.7247,0.7154,0.0761,0.63,-1.47,1.75
3.677030,-0.7237,0.7178,0.0742,-0.21,-0.63,0.98
3.677627,-0.7227,0.7193,0.0722,0.70,-1.26,1.82
3.678224,-0.7222,0.7193,0.0752,-0.14,-0.70,1.19
3.678821,-0.7213,0.7188,0.0766,0.56,-1.47,1.89
3.679418,-0.7213,0.7178,0.0732,0.21,-0.84,1.26
3.680014,-0.7242,0.7164,0.0732,0.35,-1.19,1.47
3.680611,-0.7291,0.7159,0.0761,0.63,-1.47,1.61
3.681208,-0.7296,0.7193,0.0756,0.35,-1.05,0.77
3.681805,-0.7252,0.7203,0.0727,0.91,-1.40,1.12
3.682402,-0.7237,0.7169,0.0712,1.40,-1.26,1.33
3.682999,-0.7257,0.7159,0.0703,0.42,-1.19,1.68
3.683596,-0.7247,0.7164,0.0703,1.26,-1.75,0.84
3.684571,-0.7213,0.7154,0.0698,0.35,-0.77,1.47
3.685168,-0.7218,0.7164,0.0698,1.47,-1.96,0.70
3.685765,-0.7213,0.7188,0.0688,0.70,-0.42,1.26
3.686362,-0.7188,0.7208,0.0722,1.33,-1.75,0.98
3.686958,-0.7188,0.7198,0.0727,1.26,-1.33,1.54
3.687555,-0.7247,0.7174,0.0708,1.33,-1.54,0.77
3.688152,-0.7310,0.7169,0.0708,1.40,-1.19,1.05
3.688749,-0.7276,0.7188,0.0727,1.12,-1.47,0.63
3.689346,-0.7247,0.7183,0.0732,1.68,-1.40,0.98
3.689943,-0.7281,0.7178,0.0727,1.19,-1.54,0.28
3.690540,-0.7325,0.7169,0.0727,1.89,-1.82,0.98
3.691137,-0.7325,0.7154,0.0732,1.05,-1.61,0.21
3.691733,-0.7271,0.7169,0.0737,2.24,-1.75,0.98
3.692330,-0.7261,0.7208,0.0737,1.47,-1.61,-0.28
3.692927,-0.7266,0.7232,0.0722,2.17,-1.61,0.84
3.693524,-0.7261,0.7203,0.0708,1.47,-1.40,-0.70
3.694121,-0.7252,0.7178,0.0712,1.96,-1.75,0.98
3.694718,-0.7242,0.7169,0.0708,1.89,-1.47,-0.63
3.695315,-0.7252,0.7154,0.0678,2.03,-1.89,0.77
3.695315,-0.7232,0.7188,0.0698,2.31,-1.68,-1.12
3.695910,-0.7218,0.7218,0.0708,2.45,-1.82,0.28
3.696507,-0.7252,0.7183,0.0693,1.75,-1.68,-0.91
3.697104,-0.7281,0.7183,0.0712,2.31,-1.68,0.35
3.697700,-0.7257,0.7203,0.0737,2.10,-1.75,-1.40
3.698297,-0.7218,0.7169,0.0722,2.45,-1.47,0.07
3.698894,-0.7213,0.7169,0.0717,2.24,-2.10,-1.33
3.699491,-0.7247,0.7193,0.0737,2.66,-1.68,0.00
3.700088,-0.7227,0.7178,0.0737,2.17,-1.82,-1.68
3.700685,-0.7169,0.7159,0.0698,3.15,-1.82,-0.49
3.701282,-0.7198,0.7198,0.0678,1.89,-1.54,-2.24
3.701879,-0.7203,0.7208,0.0722,2.94,-1.89,-0.70
3.702475,-0.7183,0.7188,0.0727,1.89,-1.82,-2.38
3.703072,-0.7237,0.7193,0.0688,3.43,-2.10,-0.91
3.703669,-0.7222,0.7169,0.0688,2.03,-1.61,-2.24
3.704266,-0.7188,0.7203,0.0717,3.50,-2.10,-1.05
3.704863,-0.7198,0.7208,0.0698,2.45,-1.89,-2.73
3.705460,-0.7227,0.7183,0.0703,3.08,-1.96,-1.40
3.706057,-0.7271,0.7178,0.0703,2.73,-2.10,-3.22
3.707031,-0.7276,0.7164,0.0698,3.22,-2.17,-1.40
3.707628,-0.7276,0.7135,0.0698,2.94,-1.96,-2.80
3.708225,-0.7252,0.7154,0.0649,3.08,-2.03,-1.89
3.708822,-0.7261,0.7188,0.0669,2.80,-2.03,-2.94
3.709418,-0.7300,0.7178,0.0717,3.22,-2.52,-2.10
3.710015,-0.7281,0.7188,0.0722,2.94,-1.89,-3.64
3.710612,-0.7286,0.7188,0.0698,3.43,-2.59,-2.38
3.711209,-0.7300,0.7218,0.0693,2.80,-1.40,-3.64
3.711806,-0.7291,0.7237,0.0698,3.71,-2.38,-2.87
3.712403,-0.7300,0.7213,0.0708,2.52,-1.47,-3.43
3.713000,-0.7286,0.7183,0.0732,3.71,-2.73,-2.73
3.713597,-0.7261,0.7198,0.0717,2.94,-1.75,-3.57
3.714193,-0.7247,0.7237,0.0703,3.57,-2.38,-3.01
3.714790,-0.7227,0.7208,0.0678,3.01,-2.17,-3.71
3.715387,-0.7208,0.7198,0.0693,3.22,-1.96,-3.71
3.715984,-0.7222,0.7232,0.0722,3.43,-2.24,-3.50
3.716581,-0.7242,0.7242,0.0722,3.01,-2.45,-4.06
3.717178,-0.7237,0.7252,0.0688,3.43,-2.03,-3.92
3.717775,-0.7213,0.7252,0.0737,3.15,-2.31,-4.20
3.717775,-0.7218,0.7237,0.0708,2.80,-2.80,-4.62
3.718371,-0.7218,0.7237,0.0698,3.92,-1.82,-3.50
3.718968,-0.7183,0.7320,0.0688,3.01,-2.45,-4.97
3.719565,-0.7159,0.7325,0.0712,3.43,-1.54,-3.15
3.720161,-0.7154,0.7271,0.0756,3.29,-2.52,-5.67
3.720758,-0.7135,0.7281,0.0717,3.50,-1.89,-3.01
3.721355,-0.7110,0.7315,0.0693,2.80,-2.17,-5.74
3.721952,-0.7130,0.7286,0.0717,4.13,-2.10,-3.22
3.722549,-0.7135,0.7266,0.0742,2.24,-2.38,-5.67
3.723146,-0.7120,0.7291,0.0771,3.85,-2.17,-2.87
3.723743,-0.7144,0.7325,0.0766,2.52,-2.31,-5.88
3.724340,-0.7125,0.7340,0.0781,3.78,-2.10,-2.59
3.724936,-0.7115,0.7330,0.0776,2.59,-2.03,-6.37
3.725533,-0.7130,0.7344,0.0756,3.50,-1.89,-2.45
3.726130,-0.7130,0.7354,0.0791,3.08,-1.89,-6.72
3.726727,-0.7130,0.7344,0.0805,3.36,-1.75,-2.45
3.727324,-0.7110,0.7344,0.0795,2.73,-2.17,-6.16
3.727921,-0.7091,0.7369,0.0810,3.43,-2.03,-2.45
3.728518,-0.7096,0.7408,0.0791,2.59,-1.89,-6.30
3.729492,-0.7110,0.7427,0.0791,3.43,-2.17,-2.52
3.730089,-0.7120,0.7418,0.0786,2.45,-1.82,-6.02
3.730686,-0.7120,0.7418,0.0756,3.50,-2.24,-2.59
3.731283,-0.7096,0.7418,0.0800,2.24,-1.19,-5.74
3.731879,-0.7061,0.7418,0.0839,3.64,-2.45,-2.66
3.732476,-0.7056,0.7427,0.0825,1.89,-0.91,-5.39
3.733073,-0.7071,0.7413,0.0786,3.36,-2.45,-2.45
3.733670,-0.7056,0.7447,0.0795,2.38,-1.05,-5.25
3.734267,-0.7032,0.7471,0.0791,3.15,-2.52,-2.66
3.734864,-0.7017,0.7481,0.0810,2.45,-1.19,-4.69
3.735461,-0.7071,0.7476,0.0820,3.01,-2.03,-2.73
3.736058,-0.7086,0.7486,0.0786,2.17,-1.26,-4.20
3.736654,-0.7042,0.7510,0.0776,2.80,-1.89,-3.15
3.737251,-0.7052,0.7491,0.0834,2.24,-1.33,-3.78
3.737848,-0.7037,0.7452,0.0864,2.45,-2.17,-2.87
3.738445,-0.7032,0.7462,0.0830,2.38,-1.05,-3.22
3.739042,-0.7042,0.7466,0.0815,2.17,-1.61,-2.94
3.739639,-0.7047,0.7462,0.0791,2.31,-1.61,-2.59
3.740236,-0.7061,0.7491,0.0800,2.31,-1.68,-3.50
3.740236,-0.7066,0.7496,0.0795,2.17,-1.12,-2.03
3.740832,-0.7042,0.7476,0.0771,2.31,-2.03,-3.36
3.741429,-0.7032,0.7457,0.0776,1.96,-0.63,-1.54
3.742026,-0.7056,0.7476,0.0786,2.03,-1.89,-3.36
3.742622,-0.7056,0.7491,0.0752,1.61,-0.49,-1.26
3.743219,-0.7047,0.7505,0.0752,2.17,-1.96,-3.43
3.743816,-0.7056,0.7501,0.0791,1.75,-0.28,-0.77
3.744413,-0.7037,0.7486,0.0825,2.10,-1.75,-3.36
3.745010,-0.7047,0.7491,0.0830,1.54,-0.70,0.07
3.745607,-0.7081,0.7491,0.0820,1.96,-1.89,-3.22
3.746204,-0.7061,0.7476,0.0820,1.54,-0.21,0.21
3.746801,-0.7017,0.7447,0.0781,1.96,-1.68,-2.94
3.747397,-0.7013,0.7432,0.0795,1.68,-0.70,0.70
3.747994,-0.7042,0.7422,0.0825,1.26,-1.19,-3.08
3.748591,-0.7027,0.7481,0.0786,1.82,-0.77,1.05
3.749188,-0.6998,0.7520,0.0781,0.70,-0.77,-2.80
3.749785,-0.7003,0.7466,0.0800,2.17,-0.98,1.54
3.750382,-0.7003,0.7457,0.0839,0.42,-0.98,-3.01
3.750979,-0.7017,0.7501,0.0839,2.10,-0.98,1.75
3.750979,-0.7017,0.7476,0.0805,0.49,-0.91,-2.94
3.751574,-0.6998,0.7462,0.0805,2.10,-0.91,2.31
3.752171,-0.7003,0.7486,0.0820,0.07,-0.77,-2.87
3.752768,-0.7013,0.7442,0.0825,1.75,-0.35,2.45
3.753364,-0.6998,0.7447,0.0820,0.07,-1.19,-2.38
3.753961,-0.7003,0.7491,0.0834,1.96,0.28,2.59
3.754558,-0.7032,0.7466,0.0830,0.42,-1.19,-2.17
3.755155,-0.7013,0.7471,0.0800,1.33,-0.21,2.80
3.755752,-0.7017,0.7466,0.0800,0.21,-1.26,-1.96
3.756349,-0.7017,0.7432,0.0810,1.05,0.21,3.29
3.756946,-0.7032,0.7398,0.0820,0.42,-1.19,-1.75
3.757543,-0.7052,0.7359,0.0825,0.77,0.00,3.64
3.758139,-0.7056,0.7364,0.0820,0.35,-0.91,-1.89
3.758736,-0.7081,0.7374,0.0825,1.05,0.00,3.43
3.759333,-0.7037,0.7349,0.0825,-0.14,-0.84,-1.19
3.759930,-0.7003,0.7359,0.0825,1.19,0.28,3.15
3.760527,-0.7013,0.7369,0.0820,-0.21,-0.84,-0.63
3.761124,-0.7056,0.7369,0.0815,1.40,0.00,2.87
3.761721,-0.7071,0.7374,0.0800,-0.35,-0.42,-0.14
3.762696,-0.7032,0.7383,0.0795,1.26,0.00,2.66
3.763293,-0.7056,0.7388,0.0791,-0.56,-0.63,0.42
3.763890,-0.7071,0.7374,0.0795,0.70,0.07,2.45
3.764487,-0.7086,0.7379,0.0820,0.00,-0.42,0.77
3.765083,-0.7100,0.7335,0.0805,1.12,0.00,1.82
3.765680,-0.7052,0.7325,0.0810,-0.35,-0.28,1.33
3.766277,-0.7071,0.7379,0.0854,0.49,0.21,1.61
3.766874,-0.7100,0.7379,0.0844,0.00,-0.63,1.54
3.767471,-0.7091,0.7335,0.0839,0.21,0.35,1.26
3.768068,-0.7135,0.7305,0.0849,0.28,-0.49,1.89
3.768665,-0.7149,0.7344,0.0834,0.14,0.00,1.19
3.769262,-0.7130,0.7359,0.0844,0.14,0.07,2.24
3.769858,-0.7149,0.7335,0.0815,-0.21,-0.21,1.19
3.770455,-0.7164,0.7330,0.0810,0.35,0.35,2.10
3.771052,-0.7169,0.7320,0.0859,-0.21,-0.42,1.12
3.771649,-0.7218,0.7320,0.0908,0.42,0.21,1.96
3.772246,-0.7232,0.7344,0.0898,-0.42,-0.07,1.33
3.772843,-0.7178,0.7335,0.0878,0.21,0.14,2.45
3.773440,-0.7164,0.7286,0.0869,-0.07,-0.14,0.70
3.773440,-0.7178,0.7232,0.0834,0.14,0.00,3.08
3.774035,-0.7159,0.7247,0.0834,0.35,0.07,2.59
3.774632,-0.7139,0.7271,0.0854,-0.35,-0.70,-0.07
3.775229,-0.7139,0.7281,0.0830,0.28,0.21,3.08
3.775825,-0.7159,0.7261,0.0839,-0.35,-0.35,0.00
3.776422,-0.7154,0.7237,0.0805,0.49,-0.14,2.66
3.777019,-0.7178,0.7276,0.0800,0.49,0.35,2.80
3.777616,-0.7174,0.7266,0.0830,-0.35,-0.77,0.21
3.778213,-0.7130,0.7291,0.0869,0.28,0.77,2.59
3.778810,-0.7120,0.7247,0.0869,-0.70,-0.77,0.70
3.779407,-0.7144,0.7232,0.0854,0.21,0.42,2.38
3.780004,-0.7178,0.7247,0.0834,-0.56,-0.56,0.49
3.780600,-0.7188,0.7237,0.0820,0.56,0.42,2.17
3.781197,-0.7164,0.7213,0.0849,-0.49,-0.91,0.42
3.781794,-0.7178,0.7183,0.0869,0.14,0.49,1.75
3.782391,-0.7188,0.7198,0.0830,-0.28,-0.77,0.56
3.782988,-0.7135,0.7252,0.0771,0.14,0.35,2.03
3.783585,-0.7144,0.7266,0.0752,-0.07,-0.35,0.49
3.784182,-0.7169,0.7227,0.0771,-0.07,0.00,1.96
3.786133,-0.7154,0.7237,0.0815,-0.14,-0.14,0.28
3.786730,-0.7198,0.7247,0.0839,-0.28,-0.42,2.17
3.787327,-0.7193,0.7227,0.0820,0.28,0.07,-0.07
3.787924,-0.7174,0.7222,0.0791,-0.14,-0.28,2.31
3.788520,-0.7203,0.7227,0.0820,0.21,-0.35,-0.14
3.789117,-0.7218,0.7237,0.0844,-0.35,-0.63,2.17
3.789714,-0.7213,0.7227,0.0805,0.21,0.07,0.00
3.790311,-0.7178,0.7198,0.0800,-0.07,-0.56,1.82
3.790908,-0.7169,0.7237,0.0825,-0.14,-0.35,-0.56
3.791505,-0.7183,0.7261,0.0839,-0.07,-0.77,2.03
3.792102,-0.7183,0.7227,0.0849,-0.07,0.00,-0.63
3.792699,-0.7164,0.7232,0.0859,0.14,-1.05,1.61
3.793295,-0.7164,0.7232,0.0864,-0.35,0.14,-0.28
3.793892,-0.7203,0.7193,0.0844,0.42,-1.12,1.47
3.794489,-0.7208,0.7174,0.0839,-0.56,-0.14,-0.21
3.795086,-0.7178,0.7203,0.0864,0.70,-0.56,0.91
3.795683,-0.7178,0.7252,0.0854,-0.49,-0.63,0.21
3.796280,-0.7188,0.7247,0.0844,0.07,-0.49,1.12
3.796877,-0.7169,0.7227,0.0844,-0.35,-0.56,-0.07
3.796877,-0.7193,0.7237,0.0825,0.07,-0.49,0.63
3.797472,-0.7188,0.7242,0.0805,0.00,-1.05,0.28
3.798069,-0.7174,0.7247,0.0834,0.00,-0.14,0.21
3.798666,-0.7183,0.7237,0.0844,-0.07,-0.49,0.56
3.799262,-0.7198,0.7261,0.0874,-0.07,-0.49,0.07
3.799859,-0.7198,0.7286,0.0883,0.21,-0.77,0.28
3.800456,-0.7178,0.7232,0.0844,-0.14,-0.49,-0.35
3.801053,-0.7222,0.7218,0.0825,0.63,-0.77,0.07
3.801650,-0.7227,0.7257,0.0825,-0.56,-0.42,-0.49
3.802247,-0.7193,0.7286,0.0849,0.98,-0.98,0.21
3.802844,-0.7188,0.7281,0.0859,-0.49,-0.49,-0.56
3.803441,-0.7222,0.7271,0.0854,0.49,-0.84,0.00
3.804037,-0.7208,0.7281,0.0849,-0.35,-0.84,-0.35
3.804634,-0.7135,0.7266,0.0825,0.77,-1.05,-0.07
3.805231,-0.7169,0.7227,0.0815,0.00,-0.91,-0.91
3.805828,-0.7193,0.7227,0.0854,0.42,-0.91,-0.14
3.806425,-0.7193,0.7237,0.0820,-0.07,-0.84,-0.91
3.807022,-0.7188,0.7257,0.0820,0.21,-1.26,0.28
3.807619,-0.7159,0.7266,0.0820,0.07,-0.77,-1.40
3.807619,-0.7154,0.7252,0.0825,0.21,-1.19,0.07
3.808214,-0.7169,0.7227,0.0849,0.14,-0.98,-0.84
3.808811,-0.7198,0.7232,0.0834,0.21,-1.12,-0.49
3.809408,-0.7188,0.7232,0.0786,0.21,-1.26,-0.77
3.810004,-0.7178,0.7218,0.0791,0.00,-0.77,-0.70
3.810601,-0.7218,0.7218,0.0820,0.56,-1.05,-1.26
3.811198,-0.7222,0.7227,0.0805,-0.07,-0.70,-0.28
3.811795,-0.7193,0.7261,0.0791,0.49,-1.33,-1.19
3.812392,-0.7183,0.7247,0.0791,-0.42,-0.91,-0.70
3.812989,-0.7188,0.7227,0.0781,0.49,-1.61,-1.12
3.813586,-0.7218,0.7252,0.0795,-0.21,-0.77,-0.42
3.814183,-0.7213,0.7261,0.0810,0.42,-1.68,-1.26
3.814779,-0.7164,0.7286,0.0795,0.07,-0.70,-0.56
3.815376,-0.7178,0.7300,0.0805,0.35,-1.82,-1.26
3.815973,-0.7213,0.7286,0.0834,0.07,-0.98,-0.42
3.816570,-0.7227,0.7261,0.0830,0.21,-1.89,-1.82
3.817167,-0.7213,0.7242,0.0815,0.35,-1.12,-0.49
3.817764,-0.7193,0.7261,0.0815,0.07,-1.54,-1.75
3.818361,-0.7198,0.7291,0.0786,0.35,-0.91,-0.49
3.819336,-0.7183,0.7296,0.0830,0.14,-2.45,-1.33
3.819933,-0.7178,0.7252,0.0820,0.07,-1.61,-1.12
3.820530,-0.7227,0.7281,0.0839,0.49,-1.12,-1.47
3.821127,-0.7198,0.7281,0.0883,-0.07,-1.54,-0.84
3.821723,-0.7144,0.7281,0.0854,0.56,-1.40,-1.68
3.822320,-0.7125,0.7261,0.0839,-0.07,-1.75,-0.98
3.822917,-0.7120,0.7271,0.0834,0.14,-1.33,-1.75
3.823514,-0.7130,0.7305,0.0805,0.21,-1.68,-1.12
3.824111,-0.7139,0.7320,0.0810,-0.14,-1.54,-1.26
3.824708,-0.7125,0.7330,0.0805,0.49,-1.68,-1.40
3.825305,-0.7115,0.7315,0.0834,-0.21,-1.61,-1.19
3.825902,-0.7120,0.7320,0.0844,0.42,-1.33,-1.54
3.826498,-0.7100,0.7305,0.0874,-0.07,-1.75,-1.12
3.827095,-0.7096,0.7300,0.0883,0.14,-1.05,-1.61
3.827692,-0.7120,0.7315,0.0864,0.14,-2.03,-0.98
3.828289,-0.7130,0.7320,0.0854,-0.35,-0.84,-1.47
3.828886,-0.7105,0.7335,0.0815,0.63,-2.45,-1.19
3.829483,-0.7071,0.7344,0.0834,0.28,-0.91,-2.03
3.830080,-0.7076,0.7330,0.0898,0.42,-2.24,-0.98
3.830080,-0.7066,0.7349,0.0893,-0.28,-1.40,-1.75
3.830675,-0.7066,0.7359,0.0878,0.35,-2.10,-0.77
3.831272,-0.7071,0.7340,0.0854,-0.21,-1.26,-1.89
3.831869,-0.7047,0.7349,0.0854,0.14,-1.82,-0.63
3.832465,-0.7052,0.7379,0.0878,-0.14,-0.84,-2.03
3.833062,-0.7056,0.7413,0.0830,0.35,-1.96,-1.05
3.833659,-0.7071,0.7408,0.0815,-0.42,-1.05,-1.96
3.834256,-0.7081,0.7354,0.0864,0.14,-1.89,-0.70
3.834853,-0.7056,0.7369,0.0854,-0.35,-0.98,-1.47
3.835450,-0.7061,0.7403,0.0839,0.35,-1.82,-1.26
3.836047,-0.7105,0.7403,0.0864,-0.42,-1.33,-1.05
3.836643,-0.7105,0.7379,0.0869,0.14,-1.12,-1.47
3.837240,-0.7071,0.7354,0.0854,-0.21,-1.75,-0.70
3.837837,-0.7066,0.7359,0.0854,-0.42,-1.12,-1.40
3.838434,-0.7037,0.7379,0.0869,0.14,-1.61,-0.63
3.839031,-0.6988,0.7383,0.0849,-0.84,-0.63,-1.47
3.839628,-0.7003,0.7393,0.0874,0.21,-2.17,-0.84
3.840225,-0.7008,0.7427,0.0878,-0.84,-1.47,-0.91
3.840822,-0.7008,0.7457,0.0854,-0.07,-1.19,-0.98
3.841797,-0.7008,0.7457,0.0839,-0.70,-1.19,-0.63
3.842394,-0.6983,0.7413,0.0834,-0.70,-1.12,-0.49
3.842991,-0.7032,0.7422,0.0839,-0.56,-1.40,-0.70
3.843588,-0.7008,0.7418,0.0878,-0.21,-0.98,-0.91
3.844184,-0.6964,0.7413,0.0859,-0.70,-1.26,-0.28
3.844781,-0.6988,0.7379,0.0815,-0.21,-0.84,-0.70
3.845378,-0.6998,0.7349,0.0839,-0.77,-1.19,0.14
3.845975,-0.7003,0.7379,0.0839,-0.21,-1.05,-0.70
3.846572,-0.6978,0.7388,0.0839,-0.63,-1.19,0.49
3.847169,-0.6974,0.7383,0.0859,-0.49,-0.91,-0.84
3.847766,-0.7003,0.7374,0.0844,-0.77,-1.19,0.56
3.848363,-0.6988,0.7388,0.0834,-0.77,-0.70,-0.56
3.848959,-0.6959,0.7374,0.0795,-0.56,-1.19,0.63
3.849556,-0.6939,0.7364,0.0795,-0.77,-0.28,-0.70
3.850153,-0.6939,0.7369,0.0820,-0.42,-1.12,1.19
3.850750,-0.6959,0.7330,0.0815,-0.98,-0.56,-0.70
3.851347,-0.6978,0.7325,0.0864,-0.28,-1.40,1.33
3.851944,-0.6969,0.7305,0.0834,-0.42,-0.77,1.05
3.852541,-0.6930,0.7300,0.0849,-0.84,-0.98,0.07
3.853516,-0.6959,0.7310,0.0893,-0.49,-0.70,1.05
3.854113,-0.7013,0.7325,0.0883,-0.63,-1.19,0.28
3.854710,-0.7008,0.7340,0.0805,-0.49,-0.63,1.05
3.855307,-0.7008,0.7335,0.0771,-0.84,-0.70,0.77
3.855903,-0.7013,0.7281,0.0800,-0.98,-0.28,1.26
3.856500,-0.6954,0.7286,0.0805,-0.63,-1.05,0.84
3.857097,-0.6969,0.7305,0.0834,-1.19,0.00,1.40
3.857694,-0.6988,0.7305,0.0859,-0.28,-0.98,0.98
3.858291,-0.6993,0.7300,0.0820,-1.26,-0.07,1.75
3.858888,-0.6998,0.7261,0.0805,-0.56,-1.05,1.26
3.859485,-0.6983,0.7291,0.0776,-0.63,-0.14,1.26
3.860082,-0.6993,0.7271,0.0810,-0.77,-0.56,1.47
3.860678,-0.7017,0.7237,0.0830,-0.63,-0.70,1.19
3.861275,-0.7017,0.7300,0.0830,-1.12,-0.63,2.17
3.861872,-0.7037,0.7330,0.0859,-0.35,-0.56,0.70
3.862469,-0.7017,0.7281,0.0883,-1.26,-0.35,2.10
3.863066,-0.6978,0.7261,0.0888,-0.49,-0.42,1.54
3.863663,-0.6993,0.7296,0.0874,-1.05,-0.14,1.75
3.864260,-0.6978,0.7315,0.0869,-0.35,0.14,1.40
3.865235,-0.6964,0.7291,0.0849,-0.98,-0.49,2.10
3.865832,-0.6978,0.7266,0.0844,-0.28,-0.35,1.40
3.866429,-0.6978,0.7261,0.0825,-0.91,0.00,2.17
3.867026,-0.6949,0.7257,0.0825,-0.35,-0.63,1.33
3.867622,-0.6949,0.7257,0.0849,-0.77,0.00,2.45
3.868219,-0.6954,0.7242,0.0864,-0.21,-0.56,1.40
3.868816,-0.6939,0.7252,0.0839,-0.63,-0.07,2.45
3.869413,-0.6954,0.7252,0.0839,-0.28,-0.14,0.91
3.870010,-0.6949,0.7242,0.0839,-0.42,0.07,2.80
3.870607,-0.6959,0.7203,0.0849,-0.63,-0.35,0.77
3.871204,-0.6954,0.7164,0.0854,-0.14,-0.28,2.59
3.871801,-0.6974,0.7164,0.0825,-0.84,0.00,0.77
3.872397,-0.7022,0.7159,0.0859,0.14,-0.07,2.66
3.872994,-0.7022,0.7169,0.0883,-0.70,-0.21,1.26
3.873591,-0.6998,0.7178,0.0878,0.07,-0.14,2.10
3.874188,-0.6978,0.7159,0.0830,-0.77,0.14,0.98
3.874785,-0.7003,0.7178,0.0830,0.00,-0.07,2.80
3.875382,-0.7017,0.7203,0.0815,-0.28,-0.14,0.21
3.875979,-0.7008,0.7183,0.0810,-0.14,0.35,3.08
3.875979,-0.7027,0.7135,0.0810,-0.07,-0.42,0.49
3.876574,-0.7047,0.7120,0.0844,0.00,0.07,2.87
3.877171,-0.7071,0.7164,0.0859,0.14,-0.35,-0.07
3.877768,-0.7091,0.7178,0.0854,-0.35,-0.14,3.50
3.878364,-0.7125,0.7154,0.0834,0.14,-0.21,-0.35
3.878961,-0.7154,0.7125,0.0820,0.00,0.00,3.50
3.879558,-0.7135,0.7125,0.0781,0.00,-0.35,-0.70
3.880155,-0.7125,0.7135,0.0771,0.14,0.28,3.29
3.880752,-0.7149,0.7096,0.0800,-0.07,-0.35,-0.49
3.881349,-0.7174,0.7115,0.0810,0.49,0.07,3.36
3.881946,-0.7208,0.7149,0.0766,-0.28,-0.49,-0.07
3.882543,-0.7193,0.7164,0.0756,0.98,-0.07,3.01
3.883139,-0.7174,0.7154,0.0761,0.07,-0.77,-0.49
3.883736,-0.7183,0.7149,0.0732,0.70,-0.07,2.73
3.884333,-0.7169,0.7169,0.0756,0.07,-0.70,-0.21
3.884930,-0.7178,0.7135,0.0776,0.70,0.21,3.08
3.885527,-0.7188,0.7096,0.0761,0.84,-0.14,2.59
3.886124,-0.7174,0.7130,0.0756,0.35,-0.77,-0.21
3.886721,-0.7164,0.7139,0.0766,1.19,-0.07,2.52
3.887696,-0.7178,0.7086,0.0810,0.56,-1.26,-0.14
3.888293,-0.7159,0.7081,0.0830,1.05,0.07,2.38
3.888890,-0.7178,0.7115,0.0830,1.05,-1.26,-0.21
3.889487,-0.7218,0.7125,0.0839,1.19,0.21,2.24
3.890083,-0.7247,0.7081,0.0834,0.77,-1.54,-0.14
3.890680,-0.7222,0.7071,0.0820,1.05,0.14,1.89
3.891277,-0.7169,0.7081,0.0849,0.84,-1.75,0.07
3.891874,-0.7174,0.7076,0.0839,1.12,-0.07,1.82
3.892471,-0.7198,0.7100,0.0786,0.98,-1.61,0.56
3.893068,-0.7188,0.7105,0.0776,1.33,-0.42,1.19
3.893665,-0.7164,0.7100,0.0815,0.98,-1.75,0.63
3.894262,-0.7169,0.7125,0.0849,1.82,-0.35,1.12
3.894858,-0.7227,0.7105,0.0859,0.98,-1.89,0.35
3.895455,-0.7261,0.7071,0.0854,1.89,-0.21,0.63
3.896052,-0.7257,0.7096,0.0854,0.70,-1.82,0.42
3.896649,-0.7252,0.7105,0.0849,2.24,-0.63,0.63
3.897246,-0.7242,0.7130,0.0839,0.77,-2.03,0.56
3.897843,-0.7286,0.7159,0.0854,1.96,-0.56,0.35
3.898440,-0.7320,0.7139,0.0849,0.84,-1.75,0.77
3.898440,-0.7296,0.7130,0.0859,2.24,-1.33,-0.21
3.899035,-0.7276,0.7154,0.0859,0.84,-1.68,0.98
3.899632,-0.7276,0.7159,0.0830,2.38,-1.75,-0.63
3.900229,-0.7300,0.7159,0.0825,0.84,-1.47,1.05
3.900825,-0.7330,0.7169,0.0839,2.31,-1.61,-1.12
3.901422,-0.7300,0.7149,0.0874,1.40,-1.68,0.84
3.902019,-0.7300,0.7130,0.0878,2.24,-1.89,-1.54
3.902616,-0.7296,0.7139,0.0859,1.33,-1.68,0.91
3.903213,-0.7281,0.7149,0.0854,1.96,-2.10,-1.47
3.903810,-0.7281,0.7125,0.0883,1.68,-2.24,0.91
3.904407,-0.7315,0.7149,0.0903,1.82,-2.24,-2.03
3.905004,-0.7276,0.7178,0.0864,1.82,-1.75,1.12
3.905600,-0.7266,0.7154,0.0825,1.75,-2.03,-2.73
3.906197,-0.7315,0.7178,0.0839,2.17,-2.45,1.05
3.906794,-0.7286,0.7193,0.0854,1.47,-2.03,-3.15
3.907391,-0.7276,0.7183,0.0810,2.45,-2.45,1.33
3.907988,-0.7286,0.7218,0.0810,2.80,-2.17,0.77
3.908585,-0.7296,0.7193,0.0810,1.26,-2.80,-2.87
3.909182,-0.7291,0.7188,0.0800,2.66,-2.03,0.70
3.910156,-0.7271,0.7213,0.0805,1.12,-2.94,-3.29
3.910753,-0.7257,0.7218,0.0795,2.38,-2.45,0.70
3.911350,-0.7281,0.7222,0.0791,1.12,-3.15,-3.57
3.911947,-0.7276,0.7222,0.0815,2.80,-2.38,0.42
3.912543,-0.7281,0.7208,0.0830,1.26,-2.94,-3.78
3.913140,-0.7300,0.7213,0.0844,2.66,-2.52,0.35
3.913737,-0.7300,0.7198,0.0864,0.70,-2.94,-3.85
3.914334,-0.7286,0.7198,0.0859,2.73,-2.73,0.14
3.914931,-0.7276,0.7222,0.0834,0.77,-3.15,-3.78
3.915528,-0.7271,0.7252,0.0839,2.73,-3.01,-0.07
3.916125,-0.7266,0.7266,0.0849,0.70,-3.15,-3.92
3.916722,-0.7271,0.7252,0.0844,2.80,-3.01,-0.42
3.917318,-0.7276,0.7261,0.0844,0.49,-3.29,-3.29
3.917915,-0.7276,0.7242,0.0834,2.66,-3.08,-1.05
3.918512,-0.7276,0.7198,0.0825,1.05,-3.64,-3.22
3.919109,-0.7257,0.7232,0.0815,2.38,-3.22,-0.84
3.919706,-0.7242,0.7237,0.0825,2.38,-3.50,-1.47
3.920303,-0.7232,0.7266,0.0854,1.12,-3.43,-2.59
3.920900,-0.7198,0.7281,0.0859,1.96,-3.29,-2.10
3.921875,-0.7198,0.7276,0.0854,1.61,-3.85,-2.73
3.922472,-0.7198,0.7271,0.0844,1.68,-3.36,-1.75
3.923069,-0.7188,0.7261,0.0854,1.82,-3.71,-2.80
3.923666,-0.7178,0.7266,0.0839,0.98,-3.08,-2.03
3.924262,-0.7213,0.7291,0.0834,2.03,-4.20,-2.59
3.924859,-0.7227,0.7276,0.0825,0.84,-3.43,-2.17
3.925456,-0.7213,0.7271,0.0805,2.10,-3.71,-2.31
3.926053,-0.7193,0.7271,0.0830,0.63,-3.43,-2.38
3.926650,-0.7144,0.7266,0.0859,1.75,-3.64,-2.45
3.927247,-0.7125,0.7266,0.0859,0.70,-3.57,-2.45
3.927844,-0.7144,0.7266,0.0874,1.47,-3.57,-2.38
3.928441,-0.7183,0.7291,0.0869,0.98,-3.92,-2.38
3.929037,-0.7203,0.7291,0.0859,1.12,-3.85,-2.24
3.929634,-0.7178,0.7252,0.0844,0.91,-3.92,-2.52
3.930231,-0.7159,0.7261,0.0830,1.54,-3.57,-2.10
3.930828,-0.7149,0.7296,0.0830,0.84,-3.71,-2.87
3.931425,-0.7159,0.7305,0.0874,0.84,-3.43,-1.82
3.932022,-0.7164,0.7315,0.0883,0.70,-3.50,-1.47
3.932619,-0.7135,0.7335,0.0864,0.91,-4.06,-3.29
3.933594,-0.7110,0.7340,0.0859,0.49,-3.29,-1.75
3.934191,-0.7130,0.7325,0.0874,0.98,-4.27,-3.01
3.934788,-0.7144,0.7305,0.0893,0.63,-3.22,-1.54
3.935385,-0.7139,0.7296,0.0903,0.84,-4.34,-3.22
3.935981,-0.7169,0.7300,0.0874,0.49,-3.15,-1.26
3.936578,-0.7174,0.7315,0.0825,0.77,-4.20,-3.22
3.937175,-0.7174,0.7305,0.0791,0.49,-3.43,-1.33
3.937772,-0.7188,0.7291,0.0834,0.28,-3.64,-3.50
3.938369,-0.7193,0.7305,0.0864,0.84,-3.71,-1.05
3.938966,-0.7169,0.7330,0.0898,0.14,-3.64,-3.50
3.939563,-0.7144,0.7354,0.0908,0.35,-3.71,-0.63
3.940160,-0.7144,0.7340,0.0874,0.21,-3.92,-3.22
3.940756,-0.7159,0.7344,0.0849,0.42,-3.57,-0.91
3.941353,-0.7183,0.7374,0.0854,-0.28,-3.50,-2.94
3.941950,-0.7174,0.7379,0.0820,-0.21,-3.36,-3.50
3.942547,-0.7188,0.7388,0.0805,0.14,-3.64,-0.63
3.943144,-0.7144,0.7374,0.0839,-0.42,-2.94,-3.64
3.943741,-0.7120,0.7383,0.0849,0.35,-4.27,-0.21
3.944338,-0.7120,0.7379,0.0839,-0.49,-2.94,-3.71
3.945313,-0.7105,0.7369,0.0839,0.07,-4.06,-0.28
3.945910,-0.7139,0.7364,0.0864,-0.49,-3.22,-3.08
3.946507,-0.7154,0.7369,0.0844,-0.35,-4.20,-0.77
3.947104,-0.7135,0.7379,0.0800,-0.56,-2.73,-2.52
3.947700,-0.7139,0.7374,0.0810,-0.49,-3.92,-0.49
3.948297,-0.7105,0.7374,0.0825,-0.49,-3.08,-2.31
3.948894,-0.7125,0.7379,0.0834,-0.70,-3.64,-1.05
3.949491,-0.7135,0.7369,0.0839,-0.42,-3.08,-2.45
3.950088,-0.7144,0.7388,0.0854,-0.98,-3.29,-1.05
3.950685,-0.7139,0.7374,0.0874,-0.28,-3.29,-1.96
3.951282,-0.7086,0.7330,0.0864,-1.61,-3.22,-1.19
3.951879,-0.7100,0.7325,0.0854,-0.28,-3.36,-2.10
3.952475,-0.7120,0.7354,0.0854,-1.40,-2.73,-0.91
3.953072,-0.7120,0.7359,0.0859,-1.68,-2.80,-0.77
3.953669,-0.7115,0.7393,0.0859,-0.28,-3.57,-1.54
3.954266,-0.7096,0.7408,0.0888,-1.54,-2.87,-1.33
3.954863,-0.7096,0.7393,0.0893,-0.70,-2.94,-1.40
3.955460,-0.7120,0.7369,0.0874,-1.19,-3.01,-0.63
3.956057,-0.7125,0.7354,0.0888,-0.98,-2.73,-1.54
3.957031,-0.7115,0.7383,0.0893,-1.33,-3.01,-0.49
3.957628,-0.7110,0.7359,0.0917,-1.26,-2.52,-1.54
3.958225,-0.7071,0.7320,0.0917,-1.05,-2.73,-0.70
3.958822,-0.7052,0.7335,0.0878,-1.68,-2.59,-1.61
3.959418,-0.7091,0.7335,0.0878,-1.12,-2.80,-0.63
3.960015,-0.7086,0.7359,0.0883,-1.96,-2.59,-1.33
3.960612,-0.7071,0.7369,0.0874,-1.05,-2.45,-0.49
3.961209,-0.7042,0.7349,0.0893,-1.89,-2.59,-1.54
3.961806,-0.7056,0.7359,0.0844,-1.47,-2.52,-0.49
3.962403,-0.7061,0.7335,0.0844,-1.47,-2.80,-1.40
3.963000,-0.7052,0.7340,0.0913,-1.82,-2.17,-0.21
3.963597,-0.7047,0.7359,0.0888,-1.68,-2.38,-1.33
3.964193,-0.7037,0.7340,0.0869,-1.82,-2.38,-0.14
3.964790,-0.7047,0.7340,0.0849,-1.96,-2.17,-1.12
3.965387,-0.7061,0.7330,0.0869,-1.54,-2.66,-0.35
3.965984,-0.7081,0.7354,0.0893,-2.17,-1.40,-1.40
3.966581,-0.7076,0.7379,0.0854,-1.47,-2.66,0.00
3.967178,-0.7056,0.7398,0.0859,-2.31,-1.61,-1.26
3.967775,-0.7056,0.7393,0.0874,-1.82,-2.52,0.28
3.967775,-0.7066,0.7379,0.0874,-2.45,-0.98,-0.98
3.968371,-0.7086,0.7408,0.0878,-2.03,-3.08,0.28
3.968968,-0.7096,0.7403,0.0864,-2.59,-0.84,-1.33
3.969565,-0.7047,0.7379,0.0839,-2.10,-2.24,0.63
3.970161,-0.7037,0.7344,0.0815,-2.52,-0.70,-1.05
3.970758,-0.7096,0.7300,0.0849,-2.03,-2.66,0.70
3.971355,-0.7086,0.7330,0.0859,-2.66,-1.12,-0.56
3.971952,-0.7071,0.7340,0.0810,-2.17,-2.10,0.70
3.972549,-0.7066,0.7291,0.0795,-2.59,-1.12,-0.28
3.973146,-0.7037,0.7296,0.0849,-2.45,-1.61,0.07
3.973743,-0.7071,0.7344,0.0888,-2.38,-1.61,0.00
3.974340,-0.7100,0.7359,0.0849,-2.59,-1.19,0.21
3.974936,-0.7061,0.7340,0.0878,-2.17,-1.33,0.56
3.975533,-0.7022,0.7315,0.0883,-2.80,-1.26,0.56
3.976130,-0.7017,0.7300,0.0864,-2.03,-1.26,0.21
3.976727,-0.7032,0.7330,0.0859,-3.43,-1.05,1.05
3.977324,-0.7037,0.7369,0.0869,-2.31,-0.77,0.35
3.977921,-0.7003,0.7349,0.0888,-3.01,-1.19,0.98
3.978518,-0.6993,0.7330,0.0834,-2.38,-1.19,0.49
3.978518,-0.6998,0.7325,0.0839,-3.08,-0.56,1.47
3.979113,-0.7013,0.7340,0.0839,-2.31,-0.91,0.49
3.979710,-0.7037,0.7340,0.0844,-2.73,-0.63,1.33
3.980307,-0.7042,0.7344,0.0844,-2.73,-0.84,0.91
3.980903,-0.7066,0.7354,0.0844,-2.66,-0.28,1.47
3.981500,-0.7052,0.7305,0.0844,-3.08,-1.05,0.70
3.982097,-0.7061,0.7281,0.0859,-2.31,-0.35,1.75
3.982694,-0.7086,0.7296,0.0849,-3.43,-0.91,1.05
3.983291,-0.7071,0.7296,0.0874,-2.17,-0.07,1.75
3.983888,-0.7066,0.7300,0.0908,-3.29,-0.77,1.33
3.984485,-0.7091,0.7296,0.0893,-2.17,-0.07,1.89
3.985082,-0.7100,0.7276,0.0854,-3.50,-0.91,1.54
3.985678,-0.7120,0.7271,0.0859,-2.38,0.28,2.10
3.986275,-0.7135,0.7286,0.0869,-3.57,-0.98,2.24
3.986872,-0.7120,0.7266,0.0893,-3.15,-0.91,1.89
3.987469,-0.7091,0.7252,0.0839,-2.87,0.28,2.31
3.988066,-0.7086,0.7227,0.0830,-2.87,-0.98,1.75
3.988663,-0.7110,0.7232,0.0874,-2.73,0.35,2.66
3.989260,-0.7105,0.7252,0.0888,-2.87,-0.77,1.96
3.990235,-0.7130,0.7227,0.0888,-2.73,0.21,2.73
3.990832,-0.7164,0.7242,0.0874,-2.66,-0.56,2.31
3.991429,-0.7178,0.7257,0.0839,-2.52,0.28,2.45
3.992026,-0.7178,0.7242,0.0839,-2.59,-0.42,2.45
3.992622,-0.7169,0.7218,0.0908,-3.01,0.14,2.59
3.993219,-0.7159,0.7198,0.0913,-2.52,-0.21,2.66
3.993816,-0.7174,0.7203,0.0864,-2.59,-0.35,2.87
3.994413,-0.7218,0.7208,0.0883,-2.59,-0.42,2.80
3.995010,-0.7188,0.7198,0.0893,-2.59,-0.21,2.45
3.995607,-0.7149,0.7169,0.0854,-2.59,-0.28,3.43
3.996204,-0.7178,0.7159,0.0864,-2.66,0.00,2.10
3.996801,-0.7183,0.7198,0.0869,-2.66,-0.42,3.78
3.997397,-0.7174,0.7198,0.0854,-2.73,0.28,1.96
3.997994,-0.7183,0.7154,0.0878,-2.45,-0.49,4.06
3.998591,-0.7193,0.7169,0.0883,-2.80,0.14,1.89
3.999188,-0.7222,0.7154,0.0917,-2.73,-0.07,1.68
3.999785,-0.7183,0.7154,0.0908,-2.10,-0.14,3.78
4.000382,-0.7188,0.7149,0.0854,-2.87,-0.49,1.68
4.000979,-0.7208,0.7130,0.0869,-2.17,0.28,3.92
4.001953,-0.7203,0.7135,0.0893,-2.31,-0.70,1.68
4.002550,-0.7188,0.7164,0.0864,-2.31,0.42,3.85
4.003147,-0.7213,0.7154,0.0839,-2.31,-0.91,1.89
4.003744,-0.7247,0.7149,0.0864,-1.96,0.35,3.57
4.004340,-0.7232,0.7144,0.0839,-2.31,-0.49,1.54
4.004937,-0.7227,0.7135,0.0839,-1.89,0.14,3.50
4.005534,-0.7247,0.7110,0.0869,-1.75,-0.84,1.05
4.006131,-0.7222,0.7086,0.0893,-2.38,0.28,3.50
4.006728,-0.7203,0.7091,0.0888,-1.89,-0.63,1.19
4.007325,-0.7218,0.7100,0.0878,-1.89,-0.28,3.85
4.007922,-0.7227,0.7105,0.0888,-1.75,-0.63,0.70
4.008519,-0.7218,0.7120,0.0913,-1.89,-0.28,3.50
4.009115,-0.7257,0.7081,0.0922,-1.47,-0.21,3.01
4.009712,-0.7261,0.7120,0.0913,-2.31,-0.56,0.98
4.010309,-0.7232,0.7144,0.0859,-1.19,-0.35,2.17
4.010906,-0.7252,0.7086,0.0874,-2.24,-0.56,1.40
4.011503,-0.7276,0.7061,0.0903,-0.91,-0.21,1.82
4.012100,-0.7237,0.7081,0.0859,-2.80,-0.63,1.12
4.012697,-0.7266,0.7125,0.0878,-0.49,-0.84,1.26
4.013672,-0.7286,0.7135,0.0893,-2.38,-0.63,1.26
4.014269,-0.7252,0.7100,0.0913,-0.56,-0.70,1.33
4.014866,-0.7252,0.7091,0.0917,-2.38,-0.56,0.91
4.015463,-0.7271,0.7096,0.0903,-0.42,-0.84,0.84
4.016059,-0.7281,0.7115,0.0932,-2.10,-0.28,0.98
4.016656,-0.7281,0.7139,0.0942,-0.91,-1.12,0.91
4.017253,-0.7286,0.7135,0.0917,-1.89,-0.35,0.98
4.017850,-0.7261,0.7125,0.0893,-0.70,-1.33,0.42
4.018447,-0.7271,0.7130,0.0864,-2.03,-0.56,0.63
4.019044,-0.7291,0.7135,0.0854,-0.70,-1.26,0.14
4.019641,-0.7261,0.7169,0.0864,-1.54,-0.35,0.42
4.020238,-0.7291,0.7110,0.0839,-1.47,-0.42,-0.14
4.020834,-0.7271,0.7105,0.0844,-0.84,-1.89,0.07
4.021431,-0.7310,0.7100,0.0874,-1.47,-0.07,-0.21
4.022028,-0.7320,0.7120,0.0849,-0.63,-2.03,-0.28
4.022625,-0.7300,0.7135,0.0874,-1.26,-0.49,0.07
4.023222,-0.7296,0.7144,0.0903,-0.49,-2.10,-1.05
4.023819,-0.7257,0.7120,0.0893,-1.26,-0.42,0.00
4.024416,-0.7266,0.7144,0.0874,-0.91,-1.75,-1.33
4.025391,-0.7296,0.7159,0.0864,-1.19,-0.84,0.07
4.025988,-0.7247,0.7174,0.0898,-0.84,-2.17,-1.19
4.026585,-0.7218,0.7174,0.0917,-0.56,-0.84,-0.35
4.027182,-0.7232,0.7096,0.0922,-1.33,-2.03,-1.82
4.027778,-0.7222,0.7076,0.0927,-0.70,-0.56,-0.35
4.028375,-0.7257,0.7115,0.0917,-1.33,-2.17,-1.68
4.028972,-0.7271,0.7144,0.0932,-0.21,-0.70,-0.49
4.029569,-0.7218,0.7149,0.0927,-1.33,-2.17,-1.82
4.030166,-0.7222,0.7120,0.0898,0.00,-1.26,-0.56
4.030763,-0.7237,0.7115,0.0883,-1.33,-2.31,-2.73
4.031360,-0.7261,0.7159,0.0874,-0.07,-1.33,-0.21
4.031957,-0.7305,0.7159,0.0908,-1.40,-2.52,-2.80
4.032553,-0.7237,0.7120,0.0888,-0.07,-0.77,-0.84
4.033150,-0.7193,0.7139,0.0893,-1.33,-2.31,-2.03
4.033747,-0.7208,0.7159,0.0922,0.14,-1.05,-1.05
4.034344,-0.7222,0.7149,0.0898,-1.26,-2.66,-2.87
4.034941,-0.7261,0.7159,0.0898,0.21,-1.54,-1.26
4.035538,-0.7237,0.7159,0.0927,-1.54,-2.73,-2.66
4.036135,-0.7247,0.7135,0.0922,0.56,-1.82,-1.75
4.036135,-0.7271,0.7125,0.0864,-1.54,-2.52,-2.24
4.036730,-0.7218,0.7139,0.0864,0.28,-1.75,-1.75
4.037327,-0.7174,0.7149,0.0864,-0.77,-2.73,-3.08
4.037924,-0.7188,0.7144,0.0913,-0.63,-1.33,-1.54
4.038520,-0.7213,0.7139,0.0917,-0.49,-2.73,-2.66
4.039117,-0.7174,0.7174,0.0913,-0.56,-1.40,-1.75
4.039714,-0.7164,0.7203,0.0917,-0.35,-3.22,-2.87
4.040311,-0.7198,0.7183,0.0893,-0.84,-1.54,-1.75
4.040908,-0.7164,0.7203,0.0869,0.14,-3.08,-2.66
4.041505,-0.7164,0.7227,0.0874,-0.84,-1.96,-2.10
4.042102,-0.7164,0.7198,0.0917,0.00,-2.73,-2.31
4.042699,-0.7144,0.7257,0.0839,-0.07,-2.59,-2.66
4.043295,-0.7154,0.7257,0.0834,-0.49,-2.66,-2.10
4.043892,-0.7159,0.7227,0.0883,-0.28,-1.96,-2.73
4.044489,-0.7183,0.7232,0.0913,-0.42,-3.01,-2.03
4.045086,-0.7213,0.7242,0.0893,-0.21,-1.96,-2.80
4.045683,-0.7169,0.7222,0.0878,-0.56,-3.15,-1.89
4.046280,-0.7149,0.7242,0.0893,-0.14,-2.10,-3.08
4.046877,-0.7178,0.7252,0.0903,-0.35,-2.80,-1.61
4.047852,-0.7174,0.7242,0.0947,-0.28,-2.10,-3.08
4.048449,-0.7139,0.7237,0.0952,-0.70,-2.94,-1.12
4.049046,-0.7130,0.7232,0.0917,0.00,-2.31,-3.50
4.049643,-0.7149,0.7257,0.0942,-0.70,-2.94,-0.98
4.050239,-0.7169,0.7271,0.0932,-0.14,-2.38,-3.50
4.050836,-0.7174,0.7257,0.0932,-0.56,-3.08,-0.91
4.051433,-0.7164,0.7291,0.0922,-0.42,-2.66,-3.71
4.052030,-0.7183,0.7305,0.0903,-0.35,-2.94,-0.77
4.052627,-0.7174,0.7296,0.0922,-0.56,-2.66,-3.71
4.053224,-0.7178,0.7315,0.0917,-0.07,-3.15,-0.56
4.053821,-0.7183,0.7320,0.0913,-0.63,-3.22,-3.71
4.054418,-0.7159,0.7300,0.0908,0.14,-2.87,-0.49
4.055014,-0.7139,0.7315,0.0913,-1.19,-2.66,-3.85
4.055611,-0.7135,0.7344,0.0898,0.56,-3.57,-0.63
4.056208,-0.7149,0.7340,0.0878,-1.33,-2.45,-3.71
4.056805,-0.7169,0.7344,0.0878,0.42,-3.64,-0.14
4.057402,-0.7193,0.7344,0.0893,-1.61,-2.52,-3.36
4.057999,-0.7174,0.7344,0.0864,0.70,-3.57,-0.42
4.058596,-0.7183,0.7354,0.0854,-1.68,-2.66,-2.94
4.058596,-0.7169,0.7403,0.0849,0.14,-3.43,-0.35
4.059191,-0.7105,0.7413,0.0849,-1.19,-3.22,-2.73
4.059788,-0.7100,0.7349,0.0898,-0.14,-3.29,-0.84
4.060385,-0.7144,0.7335,0.0927,-0.91,-3.85,-2.45
4.060981,-0.7154,0.7349,0.0922,-0.49,-2.52,-0.77
4.061578,-0.7091,0.7335,0.0917,-0.77,-3.78,-2.10
4.062175,-0.7076,0.7335,0.0927,-0.49,-2.87,-1.26
4.062772,-0.7105,0.7374,0.0903,-0.77,-3.71,-1.40
4.063369,-0.7110,0.7413,0.0854,-0.98,-3.15,-0.98
4.063966,-0.7125,0.7408,0.0839,-0.84,-3.71,-1.26
4.064563,-0.7120,0.7359,0.0888,-0.98,-3.01,-0.91
4.065160,-0.7110,0.7330,0.0917,-0.56,-3.92,-1.54
4.065756,-0.7120,0.7379,0.0922,-0.91,-2.80,-1.12
4.066353,-0.7110,0.7422,0.0898,-0.49,-4.06,-0.70
4.066950,-0.7096,0.7383,0.0888,-1.26,-2.52,-1.19
4.067547,-0.7081,0.7379,0.0913,-0.77,-4.27,-0.42
4.068144,-0.7081,0.7398,0.0903,-1.19,-2.45,-0.91
4.068741,-0.7110,0.7403,0.0917,-0.98,-4.06,-0.56
4.069338,-0.7081,0.7418,0.0952,-1.05,-2.73,-0.84
4.070313,-0.7032,0.7432,0.0947,-0.98,-3.85,-0.14
4.070910,-0.7027,0.7427,0.0976,-0.91,-2.73,-0.56
4.071507,-0.7032,0.7422,0.0976,-1.33,-3.78,-0.35
4.072104,-0.7071,0.7408,0.0922,-1.05,-2.94,-0.42
4.072700,-0.7071,0.7388,0.0917,-1.61,-3.29,-0.42
4.073297,-0.7076,0.7379,0.0937,-0.77,-3.15,-0.70
4.073894,-0.7056,0.7364,0.0952,-1.82,-2.94,-0.28
4.074491,-0.7013,0.7393,0.0932,-0.84,-3.15,-0.28
4.075088,-0.7022,0.7442,0.0922,-2.24,-2.94,0.42
4.075685,-0.7047,0.7457,0.0966,-0.84,-3.29,-0.56
4.076282,-0.7071,0.7457,0.0986,-1.82,-2.94,0.21
4.076879,-0.7027,0.7476,0.0966,-2.10,-2.66,-0.14
4.077475,-0.7027,0.7486,0.0942,-0.91,-3.36,-0.07
4.078072,-0.7081,0.7491,0.0947,-2.03,-2.94,0.07
4.078669,-0.7081,0.7466,0.0922,-1.40,-3.36,-0.28
4.079266,-0.7047,0.7427,0.0952,-2.17,-2.38,0.35
4.079863,-0.7037,0.7466,0.0966,-1.26,-3.57,-0.70
4.080460,-0.7032,0.7442,0.0956,-2.17,-2.59,0.63
4.081057,-0.7086,0.7403,0.0942,-1.54,-3.29,-0.84
4.082031,-0.7105,0.7442,0.0913,-2.38,-2.59,1.05
4.082628,-0.7086,0.7457,0.0888,-1.68,-3.29,-0.77
4.083225,-0.7071,0.7442,0.0864,-2.03,-2.38,0.91
4.083822,-0.7056,0.7418,0.0869,-2.03,-3.29,-0.63
4.084418,-0.7042,0.7418,0.0883,-2.17,-2.24,0.98
4.085015,-0.7047,0.7427,0.0864,-2.38,-3.08,-0.56
4.085612,-0.7052,0.7457,0.0874,-1.61,-2.38,0.77
4.086209,-0.7037,0.7462,0.0893,-2.66,-2.66,-0.77
4.086806,-0.7047,0.7462,0.0893,-1.61,-2.59,0.63
4.087403,-0.7027,0.7462,0.0927,-3.01,-2.38,-0.56
4.088000,-0.7017,0.7432,0.0898,-1.19,-2.45,0.84
4.088597,-0.7027,0.7422,0.0859,-3.08,-2.66,-0.77
4.089193,-0.7042,0.7413,0.0864,-1.19,-2.31,0.35
4.089790,-0.7052,0.7413,0.0888,-3.43,-2.94,0.21
4.090387,-0.7027,0.7422,0.0898,-1.33,-1.82,0.28
4.090984,-0.7061,0.7403,0.0898,-3.36,-3.08,-0.07
4.091581,-0.7115,0.7383,0.0913,-1.82,-1.75,0.49
4.092178,-0.7115,0.7418,0.0893,-3.01,-2.94,-0.28
4.092775,-0.7100,0.7437,0.0898,-2.10,-1.89,0.84
4.092775,-0.7081,0.7432,0.0913,-2.80,-2.94,-0.35
4.093371,-0.7100,0.7398,0.0859,-2.24,-2.38,0.77
4.093968,-0.7125,0.7379,0.0839,-2.52,-2.66,-0.35
4.094565,-0.7115,0.7388,0.0883,-2.52,-2.10,1.12
4.095161,-0.7115,0.7398,0.0878,-2.45,-2.31,-0.56
4.095758,-0.7120,0.7418,0.0854,-2.73,-2.31,1.19
4.096355,-0.7120,0.7383,0.0859,-2.73,-2.38,-0.42
4.096952,-0.7100,0.7388,0.0893,-2.45,-2.52,1.33
4.097549,-0.7076,0.7403,0.0917,-2.80,-2.17,-0.70
4.098146,-0.7076,0.7374,0.0932,-2.45,-2.31,1.26
4.098743,-0.7091,0.7374,0.0913,-2.73,-2.24,-0.42
4.099340,-0.7056,0.7383,0.0888,-2.52,-2.73,1.82
4.099936,-0.7071,0.7349,0.0898,-2.87,-2.03,-0.77
4.100533,-0.7086,0.7383,0.0898,-2.87,-2.24,2.03
4.101130,-0.7081,0.7408,0.0888,-2.38,-2.66,-0.84
4.101727,-0.7096,0.7359,0.0864,-2.73,-1.96,2.03
4.102324,-0.7125,0.7325,0.0878,-2.59,-2.45,-0.49
4.102921,-0.7091,0.7310,0.0898,-2.87,-1.89,2.03
4.103518,-0.7047,0.7359,0.0898,-2.52,-2.73,-0.14
4.103518,-0.7061,0.7354,0.0869,-2.59,-1.89,1.89
4.104113,-0.7081,0.7340,0.0830,-2.94,-1.96,0.21
4.104710,-0.7125,0.7344,0.0854,-2.10,-2.31,1.47
4.105307,-0.7164,0.7330,0.0903,-3.43,-2.52,0.56
4.105903,-0.7149,0.7315,0.0893,-2.17,-2.10,1.54
4.106500,-0.7125,0.7310,0.0854,-3.29,-2.31,0.70
4.107097,-0.7110,0.7359,0.0883,-2.24,-1.75,1.75
4.107694,-0.7115,0.7379,0.0893,-3.29,-2.17,0.98
4.108291,-0.7120,0.7330,0.0893,-2.03,-2.17,1.12
4.108888,-0.7154,0.7305,0.0932,-3.29,-1.96,1.54
4.109485,-0.7164,0.7320,0.0903,-2.03,-2.52,1.05
4.110082,-0.7130,0.7315,0.0917,-2.17,-2.73,0.91
4.110678,-0.7135,0.7344,0.0917,-3.01,-1.54,1.82
4.111275,-0.7154,0.7359,0.0893,-2.45,-2.17,0.84
4.111872,-0.7154,0.7349,0.0893,-2.66,-2.31,2.10
4.112469,-0.7139,0.7374,0.0883,-2.59,-1.96,0.63
4.113066,-0.7149,0.7379,0.0874,-2.38,-2.59,2.17
4.113663,-0.7174,0.7359,0.0874,-2.80,-2.31,0.56
4.114260,-0.7169,0.7354,0.0913,-2.31,-2.66,2.31
4.115235,-0.7149,0.7349,0.0932,-2.80,-2.03,0.63
4.115832,-0.7164,0.7349,0.0888,-2.38,-2.59,2.59
4.116429,-0.7174,0.7320,0.0869,-2.66,-1.61,0.84
4.117026,-0.7183,0.7320,0.0922,-2.24,-2.66,2.59
4.117622,-0.7188,0.7340,0.0898,-2.52,-1.40,0.49
4.118219,-0.7183,0.7320,0.0888,-2.17,-2.73,2.66
4.118816,-0.7198,0.7296,0.0961,-2.66,-1.96,0.70
4.119413,-0.7164,0.7281,0.0922,-2.03,-2.59,2.31
4.120010,-0.7154,0.7296,0.0878,-2.52,-2.03,1.19
4.120607,-0.7183,0.7300,0.0966,-1.89,-2.59,2.17
4.121204,-0.7232,0.7344,0.0903,-1.89,-2.52,2.10
4.121801,-0.7183,0.7242,0.0854,-2.24,-2.24,2.10
4.122397,-0.7188,0.7266,0.0859,-2.24,-2.38,1.54
4.122994,-0.7178,0.7266,0.0883,-2.03,-2.45,1.75
4.123591,-0.7149,0.7232,0.0874,-2.38,-2.73,1.54
4.124188,-0.7178,0.7237,0.0825,-1.96,-2.31,1.68
4.124785,-0.7203,0.7276,0.0820,-2.31,-2.38,1.61
4.125382,-0.7193,0.7237,0.0849,-1.96,-2.52,1.54
4.125979,-0.7149,0.7208,0.0859,-2.24,-2.52,2.03
4.127930,-0.7154,0.7227,0.0854,-1.89,-2.45,1.05
4.128527,-0.7178,0.7208,0.0825,-2.24,-2.45,2.45
4.129124,-0.7169,0.7193,0.0830,-1.26,-2.80,0.42
4.129721,-0.7159,0.7218,0.0834,-2.03,-2.59,3.22
4.130318,-0.7149,0.7227,0.0805,-1.54,-2.45,0.21
4.130914,-0.7164,0.7193,0.0786,-1.47,-2.66,3.29
4.131511,-0.7169,0.7193,0.0761,-1.61,-2.73,-0.28
4.132108,-0.7174,0.7183,0.0771,-1.40,-2.73,2.94
4.132705,-0.7227,0.7149,0.0805,-1.54,-2.59,0.00
4.133302,-0.7232,0.7169,0.0825,-1.40,-2.38,3.08
4.133899,-0.7213,0.7178,0.0800,-1.47,-2.66,-0.49
4.134496,-0.7188,0.7154,0.0776,-1.33,-2.38,3.71
4.135093,-0.7188,0.7154,0.0795,-1.33,-3.22,-0.84
4.135689,-0.7198,0.7135,0.0830,-1.33,-2.03,3.29
4.136286,-0.7198,0.7130,0.0820,-1.61,-3.01,-0.42
4.136883,-0.7213,0.7193,0.0800,-0.63,-2.03,2.94
4.137480,-0.7193,0.7222,0.0776,-1.47,-3.22,-0.77
4.138077,-0.7193,0.7193,0.0747,-1.12,-2.31,3.50
4.138674,-0.7242,0.7183,0.0795,-1.40,-3.36,-0.42
4.138674,-0.7232,0.7178,0.0854,-0.35,-2.31,2.94
4.139269,-0.7193,0.7188,0.0815,-1.54,-3.36,-0.56
4.139866,-0.7174,0.7198,0.0800,-0.14,-2.38,2.31
4.140463,-0.7174,0.7183,0.0830,-1.61,-3.22,-0.07
4.141059,-0.7169,0.7169,0.0839,0.28,-2.31,1.75
4.141656,-0.7144,0.7188,0.0825,-1.75,-2.94,0.14
4.142253,-0.7144,0.7193,0.0795,0.56,-2.59,1.68
4.142850,-0.7154,0.7183,0.0844,-1.47,-3.15,0.35
4.143447,-0.7198,0.7213,0.0859,0.21,-2.17,0.98
4.144044,-0.7188,0.7213,0.0854,0.07,-1.82,0.49
4.144641,-0.7174,0.7203,0.0854,-0.49,-3.36,0.77
4.145238,-0.7183,0.7203,0.0830,0.00,-1.82,0.07
4.145834,-0.7183,0.7198,0.0839,-0.07,-3.99,0.35
4.146431,-0.7169,0.7193,0.0883,-0.28,-1.75,0.21
4.147028,-0.7125,0.7198,0.0839,0.21,-3.43,0.84
4.147625,-0.7159,0.7188,0.0781,-0.07,-2.24,-0.07
4.148222,-0.7198,0.7169,0.0825,0.28,-3.29,0.49
4.148819,-0.7188,0.7154,0.0864,-0.07,-2.52,-0.49
4.149416,-0.7178,0.7178,0.0859,0.21,-2.94,0.49
4.150391,-0.7178,0.7198,0.0825,0.14,-2.31,-0.98
4.150988,-0.7203,0.7183,0.0791,0.49,-2.80,1.12
4.151585,-0.7213,0.7198,0.0820,0.21,-2.24,-1.47
4.152182,-0.7198,0.7218,0.0805,0.63,-2.80,0.91
4.152779,-0.7213,0.7183,0.0805,0.49,-2.66,-1.12
4.153375,-0.7232,0.7174,0.0864,0.77,-2.73,0.63
4.153972,-0.7208,0.7174,0.0874,0.70,-2.94,-1.40
4.154569,-0.7222,0.7164,0.0864,0.84,-2.73,0.70
4.155166,-0.7266,0.7164,0.0849,0.77,-3.22,-1.47
4.155763,-0.7237,0.7144,0.0839,1.47,-2.59,0.49
4.156360,-0.7218,0.7154,0.0839,0.56,-3.29,-2.03
4.156957,-0.7232,0.7164,0.0825,1.54,-2.52,0.77
4.157554,-0.7213,0.7135,0.0834,0.70,-2.80,-2.45
4.158150,-0.7237,0.7139,0.0839,1.54,-2.66,1.05
4.158747,-0.7261,0.7125,0.0834,0.70,-2.94,-2.87
4.159344,-0.7227,0.7120,0.0830,2.17,-2.87,1.05
4.159941,-0.7213,0.7154,0.0830,0.98,-2.59,-3.22
4.160538,-0.7232,0.7139,0.0795,1.89,-2.87,1.33
4.161135,-0.7242,0.7125,0.0766,1.19,-2.87,-2.87
