time_s,ax_g,ay_g,az_g,gx_dps,gy_dps,gz_dps
0.0000,0.4138,-0.9057,-0.2733,25.55,59.08,15.96
0.0012,0.4153,-0.9067,-0.2738,25.69,59.99,15.05
0.0024,0.4124,-0.9087,-0.2718,26.04,59.08,15.89
0.0036,0.4114,-0.9072,-0.2704,26.25,60.06,15.12
0.0049,0.4128,-0.9087,-0.2669,26.39,59.64,15.96
0.0061,0.4114,-0.9111,-0.2660,26.53,60.62,15.61
0.0073,0.4114,-0.9082,-0.2708,26.95,59.92,15.61
0.0085,0.4172,-0.9043,-0.2713,27.44,60.62,16.10
0.0097,0.4177,-0.9057,-0.2689,27.58,60.20,15.75
0.0109,0.4187,-0.9038,-0.2689,27.86,60.55,16.03
0.0122,0.4192,-0.9013,-0.2664,28.14,60.83,15.96
0.0134,0.4197,-0.9028,-0.2689,27.86,60.90,16.66
0.0146,0.4202,-0.9028,-0.2728,28.77,60.69,15.82
0.0158,0.4182,-0.9018,-0.2699,28.42,61.18,16.87
0.0170,0.4182,-0.9038,-0.2674,29.12,60.83,15.89
0.0182,0.4202,-0.9057,-0.2650,29.19,61.60,16.17
0.0195,0.4177,-0.9052,-0.2621,29.61,61.60,16.24
0.0207,0.4177,-0.9033,-0.2625,30.17,61.46,16.52
0.0219,0.4187,-0.9033,-0.2611,29.89,62.16,16.38
0.0231,0.4216,-0.9028,-0.2606,30.80,61.60,16.52
0.0240,0.4202,-0.9013,-0.2616,30.66,62.02,16.66
0.0249,0.4187,-0.8999,-0.2601,31.15,61.60,16.66
0.0258,0.4163,-0.9023,-0.2611,31.43,62.58,16.80
0.0267,0.4143,-0.9043,-0.2582,31.08,61.95,16.66
0.0276,0.4158,-0.9008,-0.2577,31.85,62.79,16.66
0.0285,0.4124,-0.8999,-0.2586,31.92,62.16,16.59
0.0293,0.4143,-0.9018,-0.2625,31.92,62.37,16.73
0.0302,0.4158,-0.9008,-0.2655,32.27,62.44,17.08
0.0311,0.4124,-0.9018,-0.2630,32.62,62.72,16.31
0.0320,0.4094,-0.9067,-0.2577,32.48,62.51,16.59
0.0329,0.4080,-0.9062,-0.2542,32.90,62.51,16.52
0.0338,0.4085,-0.9062,-0.2518,32.97,62.79,16.38
0.0347,0.4099,-0.9077,-0.2582,33.11,62.72,16.59
0.0356,0.4133,-0.9101,-0.2606,33.18,62.79,16.45
0.0365,0.4133,-0.9077,-0.2567,33.60,63.56,16.38
0.0374,0.4075,-0.9130,-0.2577,33.67,62.72,16.17
0.0383,0.4055,-0.9170,-0.2601,34.44,63.70,16.38
0.0391,0.4050,-0.9179,-0.2557,34.09,63.14,16.10
0.0400,0.4036,-0.9199,-0.2552,34.72,63.63,16.24
0.0409,0.4055,-0.9189,-0.2562,34.02,63.21,15.82
0.0410,0.4070,-0.9218,-0.2523,34.93,63.77,16.17
0.0410,0.4065,-0.9238,-0.2523,34.51,63.14,15.54
0.0410,0.4055,-0.9223,-0.2533,35.07,63.84,16.38
0.0411,0.4031,-0.9243,-0.2552,34.86,63.56,15.19
0.0411,0.3997,-0.9277,-0.2542,35.35,63.84,15.96
0.0412,0.3997,-0.9287,-0.2503,35.00,63.91,15.12
0.0412,0.4002,-0.9282,-0.2508,35.42,63.91,15.75
0.0412,0.3997,-0.9321,-0.2499,35.42,64.05,15.12
0.0413,0.4002,-0.9350,-0.2518,35.07,63.21,14.84
0.0413,0.3958,-0.9335,-0.2552,35.63,64.61,15.26
0.0413,0.3943,-0.9350,-0.2503,35.28,63.49,14.63
0.0414,0.3963,-0.9379,-0.2479,35.84,64.75,15.19
0.0414,0.3982,-0.9428,-0.2518,35.84,63.56,14.28
0.0415,0.3972,-0.9438,-0.2542,36.47,64.96,15.40
0.0415,0.3958,-0.9433,-0.2542,35.84,63.77,14.21
0.0415,0.3967,-0.9409,-0.2489,35.77,64.40,14.63
0.0416,0.3958,-0.9414,-0.2499,35.77,63.91,13.65
0.0416,0.3938,-0.9438,-0.2542,36.47,65.24,14.91
0.0416,0.3943,-0.9414,-0.2567,36.12,64.12,13.37
0.0417,0.3963,-0.9448,-0.2523,36.33,64.82,14.77
0.0417,0.3963,-0.9496,-0.2450,36.26,64.12,13.09
0.0418,0.3943,-0.9496,-0.2474,36.47,64.68,14.56
0.0419,0.3894,-0.9492,-0.2474,36.05,64.68,12.88
0.0420,0.3884,-0.9501,-0.2469,36.47,64.82,14.14
0.0420,0.3899,-0.9511,-0.2528,36.26,64.68,12.67
0.0421,0.3914,-0.9492,-0.2547,36.54,64.47,13.51
0.0422,0.3933,-0.9506,-0.2533,36.19,65.31,12.81
0.0422,0.3904,-0.9555,-0.2547,36.68,64.47,13.30
0.0423,0.3904,-0.9550,-0.2567,36.19,65.10,12.81
0.0424,0.3889,-0.9526,-0.2533,36.61,64.26,12.67
0.0424,0.3894,-0.9540,-0.2523,36.33,64.96,12.88
0.0425,0.3909,-0.9579,-0.2542,36.33,64.61,12.53
0.0426,0.3884,-0.9609,-0.2503,36.47,65.03,12.74
0.0426,0.3919,-0.9614,-0.2508,36.26,64.47,11.76
0.0427,0.3948,-0.9599,-0.2567,36.40,65.52,12.88
0.0428,0.3982,-0.9594,-0.2552,36.26,64.61,11.83
0.0428,0.4006,-0.9618,-0.2499,36.75,65.10,12.67
0.0429,0.3958,-0.9633,-0.2494,36.33,64.68,11.34
0.0430,0.3933,-0.9609,-0.2489,36.54,65.24,12.60
0.0430,0.3982,-0.9614,-0.2503,36.05,64.61,10.85
0.0436,0.4016,-0.9633,-0.2513,36.47,65.03,12.18
0.0442,0.3982,-0.9633,-0.2528,35.84,64.68,11.06
0.0448,0.3982,-0.9672,-0.2552,36.68,64.68,12.18
0.0454,0.4016,-0.9672,-0.2547,35.77,64.96,11.13
0.0460,0.4031,-0.9609,-0.2562,36.61,64.47,11.69
0.0466,0.4046,-0.9623,-0.2567,35.56,64.89,11.13
0.0472,0.4031,-0.9648,-0.2552,36.26,64.47,11.27
0.0478,0.4050,-0.9648,-0.2552,35.84,64.75,10.71
0.0484,0.4085,-0.9618,-0.2533,36.40,64.54,11.20
0.0490,0.4128,-0.9628,-0.2547,36.12,64.54,11.06
0.0496,0.4158,-0.9658,-0.2567,35.63,64.05,10.43
0.0502,0.4128,-0.9643,-0.2542,35.91,64.33,10.50
0.0508,0.4128,-0.9658,-0.2533,35.98,64.19,10.43
0.0514,0.4128,-0.9697,-0.2552,35.63,64.12,10.64
0.0520,0.4114,-0.9692,-0.2503,35.63,63.98,9.94
0.0526,0.4163,-0.9687,-0.2489,35.28,64.19,10.08
0.0532,0.4211,-0.9662,-0.2523,35.63,63.84,10.29
0.0538,0.4221,-0.9658,-0.2552,35.21,63.77,10.22
0.0544,0.4255,-0.9706,-0.2562,35.70,63.63,9.80
0.0550,0.4246,-0.9731,-0.2508,35.56,63.70,10.08
0.0558,0.4241,-0.9716,-0.2499,35.42,63.49,9.59
0.0567,0.4236,-0.9706,-0.2547,35.56,63.07,9.73
0.0575,0.4246,-0.9731,-0.2547,35.14,63.70,10.57
0.0584,0.4255,-0.9701,-0.2518,35.14,62.86,9.45
0.0592,0.4280,-0.9648,-0.2503,34.65,63.42,10.43
0.0601,0.4294,-0.9662,-0.2518,35.42,62.30,9.45
0.0609,0.4265,-0.9731,-0.2503,34.93,63.00,10.01
0.0618,0.4241,-0.9760,-0.2513,35.00,62.30,9.52
0.0626,0.4255,-0.9726,-0.2508,34.72,63.00,10.50
0.0635,0.4309,-0.9701,-0.2542,34.72,62.58,10.08
0.0643,0.4304,-0.9716,-0.2533,34.65,61.67,9.24
0.0652,0.4290,-0.9701,-0.2503,34.58,62.58,10.43
0.0661,0.4294,-0.9687,-0.2542,34.44,61.53,9.10
0.0669,0.4358,-0.9687,-0.2596,34.72,62.02,10.08
0.0678,0.4368,-0.9677,-0.2582,34.02,61.32,9.38
0.0686,0.4338,-0.9667,-0.2538,34.93,61.60,10.01
0.0695,0.4348,-0.9667,-0.2557,34.16,61.32,9.38
0.0703,0.4343,-0.9648,-0.2557,34.51,61.04,9.87
0.0712,0.4343,-0.9672,-0.2542,33.88,61.18,9.59
0.0720,0.4377,-0.9716,-0.2538,34.51,61.04,9.94
0.0729,0.4392,-0.9706,-0.2538,33.74,60.90,9.87
0.0738,0.4377,-0.9701,-0.2542,33.95,60.06,9.59
0.0748,0.4363,-0.9701,-0.2538,33.74,60.83,10.15
0.0757,0.4314,-0.9701,-0.2567,33.81,59.99,10.71
0.0766,0.4309,-0.9721,-0.2591,33.39,60.27,10.92
0.0775,0.4333,-0.9721,-0.2582,32.76,59.64,10.08
0.0784,0.4319,-0.9687,-0.2557,33.39,59.36,10.71
0.0793,0.4270,-0.9682,-0.2513,32.90,59.01,10.57
0.0802,0.4260,-0.9697,-0.2528,33.39,58.87,10.78
0.0811,0.4280,-0.9692,-0.2586,32.97,59.01,11.20
0.0820,0.4280,-0.9662,-0.2557,33.39,58.59,10.57
0.0829,0.4255,-0.9618,-0.2528,32.97,58.94,11.34
0.0838,0.4202,-0.9614,-0.2538,32.83,58.17,11.13
0.0847,0.4172,-0.9643,-0.2533,33.04,58.87,12.18
0.0856,0.4172,-0.9638,-0.2518,32.76,57.96,11.27
0.0865,0.4158,-0.9658,-0.2503,33.11,58.38,12.53
0.0875,0.4148,-0.9653,-0.2508,32.55,57.47,11.34
0.0884,0.4104,-0.9618,-0.2508,33.11,58.17,13.23
0.0893,0.4089,-0.9628,-0.2494,32.41,57.61,12.04
0.0902,0.4070,-0.9667,-0.2469,32.76,57.47,12.95
0.0907,0.3997,-0.9599,-0.2460,32.20,57.40,12.88
0.0911,0.4006,-0.9638,-0.2460,32.13,57.12,13.72
0.0916,0.3953,-0.9638,-0.2460,32.55,57.40,13.37
0.0921,0.3909,-0.9618,-0.2469,32.06,57.89,14.21
0.0926,0.3909,-0.9618,-0.2479,32.41,56.70,13.51
0.0931,0.3909,-0.9618,-0.2440,32.27,57.61,14.84
0.0935,0.3904,-0.9614,-0.2416,32.34,55.93,13.51
0.0940,0.3889,-0.9628,-0.2411,32.48,57.12,15.40
0.0945,0.3850,-0.9623,-0.2435,31.99,56.21,13.93
0.0950,0.3802,-0.9609,-0.2425,32.62,57.12,15.61
0.0955,0.3802,-0.9643,-0.2416,31.64,55.93,14.14
0.0959,0.3816,-0.9662,-0.2425,32.69,56.84,16.10
0.0964,0.3772,-0.9618,-0.2401,31.15,55.72,14.49
0.0969,0.3767,-0.9614,-0.2401,32.55,56.28,16.31
0.0974,0.3767,-0.9653,-0.2411,31.43,56.21,15.19
0.0979,0.3748,-0.9643,-0.2406,32.27,56.14,16.10
0.0983,0.3753,-0.9618,-0.2416,31.15,56.00,15.68
0.0988,0.3723,-0.9618,-0.2455,31.99,55.93,16.45
0.0993,0.3704,-0.9614,-0.2445,31.43,55.86,16.10
0.0998,0.3694,-0.9638,-0.2386,31.50,55.37,16.38
0.1003,0.3684,-0.9658,-0.2381,31.57,56.00,16.52
0.1009,0.3689,-0.9609,-0.2401,31.15,54.81,15.96
0.1015,0.3684,-0.9604,-0.2406,31.57,56.14,17.15
0.1020,0.3660,-0.9628,-0.2425,31.08,55.16,15.96
0.1026,0.3640,-0.9614,-0.2381,31.43,55.86,17.50
0.1031,0.3636,-0.9594,-0.2328,30.87,54.67,15.89
0.1037,0.3606,-0.9555,-0.2342,31.50,55.37,17.36
0.1043,0.3582,-0.9540,-0.2367,30.45,55.30,16.10
0.1048,0.3582,-0.9555,-0.2357,31.29,55.16,17.50
0.1054,0.3562,-0.9545,-0.2352,30.38,55.30,16.17
0.1060,0.3528,-0.9521,-0.2367,31.15,55.37,17.43
0.1065,0.3514,-0.9531,-0.2372,30.31,55.02,16.03
0.1071,0.3504,-0.9531,-0.2342,30.66,54.46,16.87
0.1076,0.3499,-0.9501,-0.2328,30.38,54.81,16.17
0.1082,0.3494,-0.9492,-0.2323,30.52,54.53,16.73
0.1088,0.3465,-0.9482,-0.2342,30.24,54.67,16.10
0.1093,0.3475,-0.9487,-0.2357,29.89,54.25,16.52
0.1099,0.3470,-0.9511,-0.2381,30.38,55.09,16.31
0.1104,0.3431,-0.9487,-0.2357,29.89,53.90,15.61
0.1110,0.3416,-0.9496,-0.2308,30.52,55.30,16.73
0.1122,0.3426,-0.9521,-0.2289,30.24,54.81,16.31
0.1133,0.3401,-0.9526,-0.2338,29.26,53.97,14.91
0.1144,0.3416,-0.9511,-0.2328,29.75,55.02,16.03
0.1156,0.3406,-0.9506,-0.2269,29.12,53.69,14.49
0.1167,0.3367,-0.9501,-0.2274,29.89,54.46,15.89
0.1179,0.3362,-0.9492,-0.2308,28.77,54.11,14.21
0.1190,0.3362,-0.9506,-0.2313,29.61,54.32,15.47
0.1202,0.3338,-0.9521,-0.2264,29.05,53.97,14.00
0.1213,0.3323,-0.9526,-0.2220,29.19,54.04,15.26
0.1225,0.3289,-0.9531,-0.2235,28.56,54.11,13.79
0.1236,0.3235,-0.9526,-0.2250,28.98,53.62,14.49
0.1247,0.3240,-0.9516,-0.2235,28.42,54.25,13.65
0.1259,0.3206,-0.9496,-0.2235,28.84,53.27,14.00
0.1270,0.3187,-0.9482,-0.2235,28.35,54.32,13.51
0.1282,0.3187,-0.9482,-0.2255,28.49,53.20,13.37
0.1293,0.3055,-0.9477,-0.2191,28.07,54.18,13.51
0.1305,0.3074,-0.9492,-0.2220,28.21,54.74,13.79
0.1316,0.3099,-0.9516,-0.2201,27.65,53.62,12.04
0.1328,0.3060,-0.9516,-0.2147,28.42,54.67,13.51
0.1339,0.3006,-0.9545,-0.2152,27.23,53.62,11.62
0.1344,0.3011,-0.9575,-0.2172,27.93,54.46,13.51
0.1349,0.3021,-0.9555,-0.2196,27.09,53.55,11.06
0.1354,0.2972,-0.9570,-0.2186,28.21,54.18,13.09
0.1360,0.2962,-0.9599,-0.2142,26.39,53.62,10.92
0.1365,0.3026,-0.9575,-0.2152,28.21,54.04,12.81
0.1370,0.3040,-0.9575,-0.2172,26.46,53.76,11.13
0.1375,0.3021,-0.9579,-0.2167,27.72,53.76,12.11
0.1380,0.3035,-0.9599,-0.2191,26.60,53.83,11.20
0.1385,0.3040,-0.9662,-0.2181,27.44,53.62,11.90
0.1390,0.3035,-0.9682,-0.2142,26.53,54.04,10.92
0.1396,0.3050,-0.9658,-0.2152,26.95,53.69,11.69
0.1401,0.3074,-0.9623,-0.2157,26.74,53.83,11.06
0.1406,0.3094,-0.9653,-0.2113,26.88,53.69,11.27
0.1411,0.3118,-0.9721,-0.2113,26.67,54.25,11.34
0.1416,0.3148,-0.9726,-0.2137,26.39,53.55,10.50
0.1421,0.3148,-0.9716,-0.2128,26.81,53.76,11.41
0.1426,0.3162,-0.9721,-0.2147,25.69,53.55,10.29
0.1432,0.3231,-0.9745,-0.2152,25.55,53.48,10.29
0.1437,0.3235,-0.9736,-0.2142,26.60,54.11,11.69
0.1442,0.3235,-0.9726,-0.2137,25.76,53.69,10.22
0.1443,0.3255,-0.9731,-0.2123,26.11,53.90,12.11
0.1443,0.3284,-0.9711,-0.2103,25.34,53.27,10.22
0.1444,0.3333,-0.9716,-0.2118,26.60,53.55,12.04
0.1445,0.3396,-0.9716,-0.2162,24.99,53.13,9.73
0.1445,0.3392,-0.9726,-0.2191,25.69,53.76,12.04
0.1446,0.3396,-0.9745,-0.2191,25.48,53.34,10.36
0.1447,0.3426,-0.9755,-0.2152,25.69,53.06,11.62
0.1448,0.3406,-0.9726,-0.2142,25.41,53.27,10.64
0.1448,0.3426,-0.9706,-0.2157,25.90,53.62,11.83
0.1449,0.3475,-0.9736,-0.2089,24.92,53.06,11.06
0.1450,0.3504,-0.9716,-0.2094,25.62,53.27,11.62
0.1450,0.3558,-0.9687,-0.2167,25.20,53.06,11.34
0.1451,0.3597,-0.9687,-0.2157,25.41,53.48,11.90
0.1452,0.3582,-0.9682,-0.2123,25.20,52.29,11.62
0.1453,0.3572,-0.9643,-0.2098,25.41,53.20,11.90
0.1453,0.3592,-0.9658,-0.2089,25.48,52.36,12.18
0.1454,0.3621,-0.9706,-0.2103,25.55,53.27,12.04
0.1455,0.3616,-0.9682,-0.2103,25.55,51.94,12.39
0.1455,0.3626,-0.9628,-0.2098,25.20,53.13,12.39
0.1456,0.3689,-0.9609,-0.2094,25.41,52.22,12.88
0.1461,0.3719,-0.9618,-0.2084,25.76,52.43,12.25
0.1466,0.3738,-0.9594,-0.2054,25.41,51.66,13.09
0.1472,0.3733,-0.9565,-0.2040,25.27,52.22,12.74
0.1477,0.3723,-0.9560,-0.2020,25.34,51.80,13.30
0.1482,0.3728,-0.9550,-0.2035,25.41,51.87,12.74
0.1487,0.3723,-0.9550,-0.2045,25.69,51.73,13.86
0.1492,0.3728,-0.9521,-0.2025,25.27,51.38,12.67
0.1497,0.3743,-0.9477,-0.2015,25.76,51.87,14.42
0.1503,0.3787,-0.9453,-0.2001,25.69,51.45,13.09
0.1508,0.3782,-0.9428,-0.2011,25.97,51.59,14.49
0.1513,0.3748,-0.9414,-0.2025,25.48,50.96,13.37
0.1518,0.3767,-0.9404,-0.1991,25.90,51.03,14.56
0.1523,0.3787,-0.9370,-0.1952,25.83,50.68,13.44
0.1528,0.3797,-0.9326,-0.1937,26.39,51.10,15.19
0.1534,0.3806,-0.9316,-0.1918,25.62,50.19,14.07
0.1539,0.3762,-0.9248,-0.1903,26.46,50.68,14.91
0.1544,0.3762,-0.9199,-0.1893,26.11,50.33,14.70
0.1549,0.3802,-0.9223,-0.1898,26.74,50.47,15.05
0.1554,0.3816,-0.9189,-0.1869,26.32,49.98,14.63
0.1559,0.3792,-0.9140,-0.1835,26.60,49.77,14.77
0.1569,0.3782,-0.9140,-0.1815,26.67,50.12,14.91
0.1578,0.3772,-0.9126,-0.1840,26.88,49.42,14.77
0.1587,0.3733,-0.9087,-0.1840,26.95,49.70,15.68
0.1596,0.3743,-0.9077,-0.1806,27.02,49.07,14.91
0.1606,0.3782,-0.9067,-0.1820,27.30,49.28,15.61
0.1615,0.3767,-0.9067,-0.1767,27.23,49.14,15.12
0.1624,0.3719,-0.9028,-0.1742,27.58,48.93,15.19
0.1633,0.3689,-0.9008,-0.1762,27.30,48.65,15.05
0.1643,0.3738,-0.8969,-0.1752,27.86,48.79,15.54
0.1652,0.3748,-0.8916,-0.1776,27.58,48.79,14.77
0.1661,0.3714,-0.8930,-0.1757,28.28,48.30,15.61
0.1670,0.3714,-0.8901,-0.1737,28.00,47.88,14.49
0.1680,0.3723,-0.8872,-0.1732,28.49,47.46,14.42
0.1689,0.3723,-0.8867,-0.1737,28.91,48.58,15.96
0.1698,0.3704,-0.8877,-0.1698,28.42,47.67,14.70
0.1707,0.3680,-0.8818,-0.1698,28.56,47.46,14.98
0.1717,0.3675,-0.8789,-0.1698,28.98,47.74,14.84
0.1726,0.3704,-0.8818,-0.1674,29.26,47.18,14.70
0.1735,0.3719,-0.8794,-0.1664,29.05,47.32,14.77
0.1744,0.3684,-0.8818,-0.1669,29.40,46.76,14.28
0.1747,0.3689,-0.8828,-0.1679,29.47,47.11,14.56
0.1749,0.3719,-0.8804,-0.1640,29.75,46.27,13.86
0.1751,0.3719,-0.8774,-0.1640,29.68,46.69,14.35
0.1753,0.3723,-0.8808,-0.1630,29.82,46.41,13.51
0.1755,0.3738,-0.8843,-0.1640,30.31,46.41,14.00
0.1757,0.3762,-0.8833,-0.1649,30.10,45.92,13.30
0.1760,0.3758,-0.8852,-0.1601,30.52,46.34,13.86
0.1762,0.3758,-0.8847,-0.1591,30.31,45.85,13.09
0.1764,0.3777,-0.8813,-0.1591,30.59,45.71,13.51
0.1766,0.3758,-0.8818,-0.1610,30.52,45.50,12.46
0.1768,0.3704,-0.8823,-0.1591,31.08,44.73,12.67
0.1771,0.3723,-0.8833,-0.1596,31.15,45.57,12.32
0.1773,0.3767,-0.8838,-0.1591,31.08,45.29,12.67
0.1775,0.3772,-0.8843,-0.1532,31.22,44.52,11.62
0.1777,0.3733,-0.8852,-0.1576,31.15,44.94,11.97
0.1779,0.3709,-0.8847,-0.1625,31.43,44.38,11.55
0.1781,0.3733,-0.8862,-0.1620,31.71,44.38,11.41
0.1784,0.3723,-0.8847,-0.1620,31.64,44.24,10.99
0.1786,0.3680,-0.8799,-0.1630,32.06,44.17,10.57
0.1788,0.3660,-0.8799,-0.1669,31.78,44.38,10.85
0.1793,0.3694,-0.8877,-0.1664,31.92,43.61,9.80
0.1798,0.3660,-0.8935,-0.1630,32.27,43.61,10.36
0.1804,0.3650,-0.8886,-0.1625,31.92,43.54,9.38
0.1809,0.3699,-0.8862,-0.1640,32.34,43.54,10.08
0.1814,0.3689,-0.8877,-0.1659,32.13,43.33,8.47
0.1819,0.3611,-0.8847,-0.1654,32.62,42.91,9.45
0.1824,0.3572,-0.8847,-0.1654,32.20,43.12,8.54
0.1830,0.3592,-0.8935,-0.1630,32.90,42.70,8.47
0.1835,0.3631,-0.9004,-0.1596,32.83,42.91,8.26
0.1840,0.3660,-0.9057,-0.1586,32.76,42.35,7.77
0.1845,0.3636,-0.9091,-0.1581,32.55,43.05,7.70
0.1850,0.3645,-0.9057,-0.1591,32.62,42.49,7.56
0.1856,0.3680,-0.9023,-0.1566,32.76,42.00,7.07
0.1861,0.3704,-0.9004,-0.1532,33.11,42.00,7.21
0.1866,0.3762,-0.9013,-0.1508,32.76,41.86,6.86
0.1871,0.3782,-0.9018,-0.1493,32.97,41.72,6.51
0.1877,0.3743,-0.9013,-0.1503,33.18,41.79,6.51
0.1882,0.3767,-0.9013,-0.1508,33.04,41.44,5.81
0.1887,0.3767,-0.9033,-0.1469,33.32,41.58,6.30
0.1892,0.3753,-0.9052,-0.1449,33.32,40.95,5.53
0.1898,0.3782,-0.9072,-0.1449,33.18,41.37,6.02
0.1904,0.3767,-0.9101,-0.1435,33.46,40.88,5.11
0.1909,0.3728,-0.9130,-0.1425,33.46,41.37,5.81
0.1915,0.3723,-0.9150,-0.1435,33.46,40.39,4.62
0.1921,0.3743,-0.9155,-0.1420,33.95,41.23,5.81
0.1927,0.3748,-0.9189,-0.1405,33.39,40.11,4.34
0.1933,0.3738,-0.9209,-0.1391,33.74,40.88,5.53
0.1938,0.3684,-0.9223,-0.1401,33.60,40.04,4.20
0.1944,0.3660,-0.9267,-0.1420,33.81,40.25,4.41
0.1950,0.3650,-0.9262,-0.1391,34.30,40.25,4.69
0.1956,0.3621,-0.9272,-0.1366,33.60,40.25,4.48
0.1961,0.3587,-0.9311,-0.1401,34.23,39.90,4.41
0.1967,0.3601,-0.9340,-0.1376,33.53,40.18,4.55
0.1973,0.3640,-0.9350,-0.1366,34.37,39.83,4.34
0.1979,0.3636,-0.9326,-0.1435,33.60,39.62,4.13
0.1985,0.3650,-0.9262,-0.1415,34.30,39.55,4.34
0.1990,0.3660,-0.9233,-0.1347,33.95,39.90,4.48
0.1996,0.3709,-0.9292,-0.1322,34.16,39.13,4.06
0.2002,0.3738,-0.9331,-0.1298,34.09,39.90,4.27
0.2008,0.3709,-0.9301,-0.1298,33.95,39.20,4.06
0.2013,0.3728,-0.9321,-0.1308,34.30,39.34,4.34
0.2019,0.3699,-0.9335,-0.1288,34.37,38.71,4.13
0.2025,0.3675,-0.9335,-0.1288,34.51,39.41,4.20
0.2031,0.3660,-0.9394,-0.1264,34.23,38.50,3.99
0.2036,0.3616,-0.9389,-0.1249,34.23,39.34,4.62
0.2042,0.3601,-0.9374,-0.1264,34.30,38.71,4.06
0.2048,0.3621,-0.9370,-0.1269,34.72,39.34,4.55
0.2054,0.3645,-0.9340,-0.1269,34.51,38.92,4.76
0.2059,0.3518,-0.9326,-0.1274,34.51,38.99,4.48
0.2065,0.3494,-0.9355,-0.1259,34.37,38.50,4.76
0.2071,0.3523,-0.9399,-0.1254,34.72,38.78,4.41
0.2077,0.3543,-0.9409,-0.1244,34.23,38.78,4.62
0.2083,0.3494,-0.9438,-0.1244,34.93,38.71,5.04
0.2088,0.3489,-0.9428,-0.1274,34.02,38.01,4.34
0.2094,0.3470,-0.9423,-0.1230,34.86,38.85,4.83
0.2100,0.3455,-0.9487,-0.1225,34.44,38.36,4.55
0.2106,0.3518,-0.9516,-0.1249,34.58,38.64,4.97
0.2111,0.3528,-0.9462,-0.1244,34.37,38.36,4.69
0.2117,0.3450,-0.9457,-0.1230,34.79,38.64,4.90
0.2123,0.3440,-0.9482,-0.1200,34.37,38.29,4.76
0.2130,0.3455,-0.9492,-0.1240,34.58,38.64,4.97
0.2138,0.3489,-0.9511,-0.1225,34.72,37.94,4.83
0.2145,0.3440,-0.9526,-0.1147,34.02,38.64,5.25
0.2152,0.3401,-0.9550,-0.1161,34.72,38.15,4.62
0.2160,0.3431,-0.9579,-0.1166,34.16,38.22,5.04
0.2167,0.3362,-0.9633,-0.1142,34.51,38.36,4.97
0.2175,0.3387,-0.9677,-0.1147,34.02,38.50,5.32
0.2182,0.3387,-0.9653,-0.1166,34.65,38.57,5.25
0.2189,0.3289,-0.9687,-0.1196,33.95,38.01,4.76
0.2197,0.3274,-0.9726,-0.1176,34.51,38.50,5.32
0.2204,0.3274,-0.9701,-0.1186,33.95,38.57,4.97
0.2211,0.3250,-0.9765,-0.1191,34.16,38.36,4.76
0.2219,0.3255,-0.9823,-0.1191,34.09,38.50,4.97
0.2226,0.3231,-0.9843,-0.1176,33.74,38.50,5.25
0.2234,0.3172,-0.9892,-0.1147,33.74,38.22,5.04
0.2241,0.3177,-0.9921,-0.1161,33.53,38.78,5.46
0.2248,0.3192,-0.9945,-0.1157,33.88,38.71,5.18
0.2256,0.3206,-0.9965,-0.1152,33.46,38.71,5.39
0.2263,0.3216,-1.0004,-0.1161,33.60,38.50,5.04
0.2271,0.3187,-1.0019,-0.1176,33.25,38.71,5.67
0.2275,0.3157,-1.0014,-0.1147,33.25,38.71,5.25
0.2279,0.3201,-1.0043,-0.1157,33.18,38.92,5.25
0.2284,0.3279,-1.0009,-0.1166,32.97,38.64,5.46
0.2288,0.3265,-1.0024,-0.1196,33.04,38.99,5.39
0.2292,0.3221,-1.0043,-0.1240,32.69,38.99,5.46
0.2296,0.3245,-0.9980,-0.1205,32.76,38.85,5.81
0.2301,0.3250,-0.9960,-0.1161,32.34,38.50,5.32
0.2305,0.3240,-0.9975,-0.1181,32.76,39.06,6.09
0.2309,0.3221,-0.9980,-0.1181,32.06,38.64,5.53
0.2314,0.3226,-0.9965,-0.1249,32.76,38.92,6.30
0.2318,0.3279,-0.9926,-0.1230,31.99,39.13,6.30
0.2322,0.3265,-0.9911,-0.1225,32.55,38.99,6.72
0.2327,0.3216,-0.9921,-0.1235,31.85,39.27,6.65
0.2331,0.3226,-0.9897,-0.1235,32.20,39.27,6.93
0.2335,0.3250,-0.9858,-0.1191,31.85,39.13,6.72
0.2340,0.3216,-0.9877,-0.1181,32.13,39.34,7.63
0.2344,0.3177,-0.9906,-0.1240,32.06,39.27,6.93
0.2348,0.3172,-0.9902,-0.1220,31.85,39.34,7.98
0.2353,0.3201,-0.9897,-0.1171,32.27,39.41,7.56
0.2357,0.3177,-0.9902,-0.1196,31.57,39.41,8.61
0.2368,0.3118,-0.9902,-0.1200,32.13,39.62,7.91
0.2379,0.3128,-0.9911,-0.1200,31.78,39.62,9.03
0.2390,0.3162,-0.9931,-0.1166,31.64,39.90,8.12
0.2401,0.3104,-0.9843,-0.1181,31.64,39.83,8.82
0.2412,0.3109,-0.9823,-0.1196,31.36,38.85,9.24
0.2423,0.3143,-0.9838,-0.1196,31.29,40.46,9.73
0.2434,0.3138,-0.9848,-0.1171,31.50,39.34,9.45
0.2445,0.3109,-0.9833,-0.1181,31.22,40.32,10.64
0.2456,0.3099,-0.9833,-0.1142,31.15,39.41,9.38
0.2467,0.3113,-0.9823,-0.1093,31.29,40.32,11.48
0.2478,0.3123,-0.9809,-0.1122,30.94,39.76,9.73
0.2489,0.3138,-0.9799,-0.1137,31.01,39.83,11.76
0.2500,0.3162,-0.9789,-0.1127,31.08,39.76,10.15
0.2511,0.3182,-0.9789,-0.1132,31.22,39.97,11.90
0.2523,0.3201,-0.9789,-0.1088,30.59,39.83,10.85
0.2534,0.3187,-0.9755,-0.1074,31.08,39.83,12.32
0.2545,0.3192,-0.9726,-0.1098,30.66,40.25,11.48
0.2556,0.3187,-0.9731,-0.1103,31.15,40.11,12.81
0.2567,0.3157,-0.9711,-0.1108,30.52,40.04,11.76
0.2578,0.3187,-0.9677,-0.1083,31.01,40.04,12.88
0.2586,0.3235,-0.9594,-0.1059,31.36,39.90,13.30
0.2593,0.3162,-0.9570,-0.1108,30.52,40.39,13.37
0.2601,0.3138,-0.9589,-0.1122,30.59,39.69,13.02
0.2609,0.3172,-0.9540,-0.1069,30.31,40.67,13.93
0.2617,0.3138,-0.9472,-0.1054,31.01,39.69,13.02
0.2625,0.3094,-0.9462,-0.1069,30.45,40.67,14.63
0.2633,0.3109,-0.9438,-0.1049,30.73,39.34,12.88
0.2641,0.3138,-0.9409,-0.1025,30.66,40.53,15.40
0.2648,0.3118,-0.9389,-0.1020,30.38,40.11,13.23
0.2656,0.3113,-0.9340,-0.1000,30.87,40.11,15.54
0.2664,0.3094,-0.9301,-0.0996,30.38,39.62,13.58
0.2672,0.3079,-0.9262,-0.1000,31.36,40.46,15.89
0.2680,0.3094,-0.9267,-0.0996,30.17,39.69,13.79
0.2688,0.3074,-0.9218,-0.1000,31.15,40.25,15.96
0.2696,0.3040,-0.9140,-0.0971,30.38,40.25,14.35
0.2703,0.3026,-0.9116,-0.0942,31.36,39.97,15.68
0.2711,0.3045,-0.9087,-0.0927,30.17,40.32,14.77
0.2719,0.3055,-0.9062,-0.0922,31.36,39.97,15.47
0.2727,0.3035,-0.9057,-0.0903,30.66,40.39,15.19
0.2735,0.3035,-0.9038,-0.0898,31.15,39.90,15.33
0.2738,0.3011,-0.8979,-0.0869,31.15,40.11,15.61
0.2742,0.2987,-0.8882,-0.0883,31.64,39.90,15.89
0.2745,0.3021,-0.8911,-0.0922,30.87,40.25,14.56
0.2749,0.3040,-0.8906,-0.0956,31.36,40.25,16.45
0.2752,0.3030,-0.8867,-0.0908,30.87,39.69,14.14
0.2756,0.3021,-0.8867,-0.0830,31.92,39.90,16.03
0.2759,0.3040,-0.8843,-0.0859,31.01,39.90,14.21
0.2763,0.3074,-0.8804,-0.0893,32.06,40.11,16.17
0.2766,0.3060,-0.8804,-0.0898,30.94,39.90,13.93
0.2769,0.3021,-0.8833,-0.0878,32.27,39.97,16.03
0.2773,0.3016,-0.8804,-0.0854,31.08,39.83,13.86
0.2776,0.3006,-0.8769,-0.0859,31.78,39.41,15.40
0.2780,0.3011,-0.8755,-0.0844,31.57,39.90,14.07
0.2783,0.3006,-0.8716,-0.0849,32.13,39.20,14.84
0.2787,0.2977,-0.8701,-0.0859,31.50,40.04,14.07
0.2790,0.2987,-0.8682,-0.0864,31.78,39.13,14.28
0.2794,0.3016,-0.8662,-0.0830,31.99,39.83,14.07
0.2797,0.2996,-0.8686,-0.0800,31.85,39.27,13.79
0.2800,0.2952,-0.8672,-0.0800,32.27,39.27,13.72
0.2804,0.2957,-0.8647,-0.0776,31.78,39.62,13.93
0.2809,0.2962,-0.8603,-0.0752,32.06,39.27,12.95
0.2815,0.2943,-0.8555,-0.0756,32.41,39.34,13.93
0.2821,0.2943,-0.8540,-0.0722,31.85,39.13,12.46
0.2826,0.2933,-0.8550,-0.0727,32.69,39.27,13.93
0.2832,0.2928,-0.8535,-0.0756,32.06,39.20,11.97
0.2837,0.2894,-0.8530,-0.0752,32.69,39.06,13.58
0.2843,0.2874,-0.8506,-0.0747,32.20,39.27,11.90
0.2848,0.2869,-0.8467,-0.0791,32.90,38.85,13.51
0.2854,0.2806,-0.8462,-0.0810,32.41,38.99,11.55
0.2860,0.2806,-0.8481,-0.0776,33.11,38.78,13.23
0.2865,0.2860,-0.8491,-0.0756,32.55,39.27,11.41
0.2871,0.2874,-0.8486,-0.0742,33.11,38.36,12.88
0.2876,0.2796,-0.8516,-0.0708,32.90,39.41,11.48
0.2882,0.2738,-0.8491,-0.0698,33.39,38.78,12.53
0.2888,0.2772,-0.8501,-0.0693,33.04,38.99,11.41
0.2893,0.2767,-0.8525,-0.0678,33.46,38.36,11.90
0.2899,0.2762,-0.8481,-0.0659,33.39,38.64,11.27
0.2904,0.2782,-0.8506,-0.0654,33.18,38.50,11.62
0.2910,0.2767,-0.8525,-0.0664,33.18,39.20,11.62
0.2915,0.2752,-0.8516,-0.0639,33.25,38.36,10.85
0.2921,0.2757,-0.8520,-0.0620,33.32,38.85,11.48
0.2927,0.2786,-0.8555,-0.0649,33.46,38.57,10.43
0.2932,0.2791,-0.8603,-0.0664,33.67,38.22,11.34
0.2938,0.2767,-0.8618,-0.0659,33.60,38.92,10.64
0.2944,0.2782,-0.8638,-0.0639,33.74,37.87,10.99
0.2949,0.2806,-0.8667,-0.0644,33.39,38.85,10.36
0.2955,0.2786,-0.8667,-0.0669,34.09,37.73,10.85
0.2961,0.2757,-0.8662,-0.0659,33.81,38.43,9.80
0.2966,0.2747,-0.8647,-0.0644,33.95,37.94,10.78
0.2972,0.2757,-0.8623,-0.0644,33.67,38.36,9.94
0.2978,0.2762,-0.8633,-0.0634,34.16,37.80,10.50
0.2983,0.2777,-0.8686,-0.0644,33.67,38.01,9.73
0.2989,0.2801,-0.8725,-0.0654,34.23,37.66,9.94
0.2995,0.2791,-0.8745,-0.0649,33.88,38.36,9.80
0.3000,0.2811,-0.8730,-0.0590,33.81,37.87,9.87
0.3006,0.2835,-0.8750,-0.0556,34.09,37.66,9.66
0.3012,0.2845,-0.8799,-0.0576,33.32,37.94,9.38
0.3017,0.2811,-0.8857,-0.0556,33.81,37.94,9.59
0.3023,0.2796,-0.8833,-0.0576,33.81,37.80,9.24
0.3028,0.2801,-0.8799,-0.0600,33.67,37.87,9.10
0.3034,0.2796,-0.8838,-0.0610,33.95,37.10,9.17
0.3039,0.2791,-0.8906,-0.0610,33.46,37.52,8.89
0.3045,0.2801,-0.8955,-0.0605,34.09,37.31,9.24
0.3050,0.2811,-0.8969,-0.0634,33.46,37.45,8.54
0.3055,0.2816,-0.8984,-0.0673,33.67,37.24,9.17
0.3061,0.2845,-0.9004,-0.0620,33.46,37.52,8.26
0.3066,0.2860,-0.9028,-0.0571,33.74,36.89,8.68
0.3071,0.2830,-0.9067,-0.0571,33.46,36.75,7.91
0.3077,0.2821,-0.9096,-0.0561,33.60,36.75,8.82
0.3082,0.2830,-0.9096,-0.0556,33.11,36.89,7.91
0.3087,0.2835,-0.9130,-0.0561,33.46,36.33,8.61
0.3093,0.2850,-0.9155,-0.0561,33.04,36.68,7.63
0.3098,0.2860,-0.9223,-0.0590,33.18,36.40,8.47
0.3103,0.2855,-0.9204,-0.0615,32.90,36.47,8.61
0.3109,0.2865,-0.9218,-0.0586,32.55,35.98,7.21
0.3114,0.2850,-0.9204,-0.0566,32.76,36.19,8.26
0.3119,0.2860,-0.9238,-0.0571,32.13,35.98,6.93
0.3125,0.2860,-0.9292,-0.0566,32.76,35.98,7.98
0.3130,0.2850,-0.9306,-0.0576,31.85,35.56,6.79
0.3136,0.2850,-0.9321,-0.0610,32.41,35.77,7.49
0.3142,0.2855,-0.9365,-0.0610,31.78,35.63,6.58
0.3149,0.2850,-0.9433,-0.0581,32.13,35.35,7.00
0.3156,0.2816,-0.9453,-0.0556,31.43,35.21,6.37
0.3163,0.2826,-0.9462,-0.0542,31.92,35.49,6.72
0.3170,0.2826,-0.9492,-0.0547,31.22,34.93,6.23
0.3177,0.2796,-0.9521,-0.0551,31.36,35.35,6.37
0.3184,0.2826,-0.9545,-0.0547,31.15,35.28,6.30
0.3191,0.2821,-0.9584,-0.0551,30.94,35.00,6.23
0.3198,0.2806,-0.9638,-0.0551,30.80,34.72,5.81
0.3205,0.2782,-0.9672,-0.0571,30.73,34.79,5.81
0.3212,0.2796,-0.9692,-0.0581,30.45,34.79,6.09
0.3219,0.2733,-0.9750,-0.0576,29.96,34.58,4.97
0.3226,0.2679,-0.9799,-0.0581,30.24,34.65,6.23
0.3233,0.2723,-0.9814,-0.0561,29.54,35.00,5.18
0.3240,0.2713,-0.9843,-0.0571,29.89,34.86,5.95
0.3247,0.2708,-0.9902,-0.0595,29.33,34.23,4.34
0.3254,0.2723,-0.9926,-0.0610,29.47,34.37,5.95
0.3261,0.2728,-0.9931,-0.0595,28.63,34.30,4.55
0.3268,0.2704,-0.9975,-0.0571,29.12,34.37,5.60
0.3275,0.2660,-1.0004,-0.0566,28.35,34.02,4.41
0.3280,0.2660,-1.0004,-0.0620,28.63,33.88,5.32
0.3284,0.2655,-1.0019,-0.0644,28.00,34.09,4.27
0.3288,0.2640,-1.0082,-0.0547,27.79,33.67,5.32
0.3293,0.2674,-1.0126,-0.0547,27.30,33.74,4.20
0.3297,0.2630,-1.0111,-0.0605,27.23,33.67,5.39
0.3301,0.2591,-1.0111,-0.0630,27.09,33.67,4.48
0.3306,0.2650,-1.0121,-0.0654,26.46,33.32,5.04
0.3310,0.2669,-1.0146,-0.0615,26.67,33.60,4.83
0.3314,0.2664,-1.0165,-0.0571,26.39,33.46,4.62
0.3319,0.2664,-1.0180,-0.0605,26.18,33.25,4.69
0.3323,0.2640,-1.0185,-0.0644,26.11,33.18,4.62
0.3328,0.2625,-1.0170,-0.0634,25.20,33.11,4.62
0.3332,0.2606,-1.0160,-0.0610,25.62,33.25,4.41
0.3336,0.2625,-1.0165,-0.0644,24.71,32.97,4.90
0.3341,0.2616,-1.0175,-0.0644,25.20,32.76,4.41
0.3345,0.2562,-1.0189,-0.0644,24.78,32.97,5.04
0.3349,0.2582,-1.0204,-0.0678,24.50,32.69,4.48
0.3354,0.2601,-1.0199,-0.0664,24.36,32.97,5.11
0.3358,0.2611,-1.0194,-0.0659,23.66,32.62,4.34
0.3362,0.2606,-1.0165,-0.0683,23.94,32.62,5.46
0.3368,0.2596,-1.0160,-0.0717,23.31,32.55,4.41
0.3374,0.2606,-1.0185,-0.0717,23.87,32.13,5.25
0.3380,0.2596,-1.0165,-0.0708,22.89,32.83,4.97
0.3386,0.2630,-1.0160,-0.0717,23.24,31.85,4.69
0.3392,0.2635,-1.0150,-0.0722,22.68,32.34,5.04
0.3397,0.2655,-1.0136,-0.0742,22.33,32.06,4.97
0.3403,0.2694,-1.0141,-0.0742,22.47,31.92,5.04
0.3409,0.2650,-1.0092,-0.0717,22.05,31.71,4.90
0.3415,0.2645,-1.0097,-0.0703,22.12,31.92,5.04
0.3421,0.2689,-1.0121,-0.0732,21.84,31.43,5.04
0.3427,0.2708,-1.0116,-0.0771,21.35,31.92,5.46
0.3432,0.2728,-1.0106,-0.0737,21.07,31.01,4.97
0.3438,0.2728,-1.0092,-0.0712,20.79,31.36,5.60
0.3444,0.2762,-1.0072,-0.0732,20.51,31.15,5.25
0.3450,0.2777,-1.0048,-0.0708,20.44,31.22,5.53
0.3456,0.2777,-1.0019,-0.0712,20.44,30.38,5.32
0.3462,0.2777,-0.9994,-0.0722,20.23,31.01,5.53
0.3468,0.2786,-0.9989,-0.0727,20.09,30.38,5.53
0.3473,0.2806,-0.9975,-0.0732,20.09,30.45,5.74
0.3479,0.2845,-0.9960,-0.0693,19.67,30.03,5.46
0.3492,0.2874,-0.9970,-0.0673,19.74,30.45,5.88
0.3505,0.2899,-0.9931,-0.0698,19.39,30.03,5.46
0.3518,0.2894,-0.9902,-0.0703,19.46,30.24,6.16
0.3531,0.2908,-0.9911,-0.0664,19.18,30.03,5.74
0.3544,0.2928,-0.9862,-0.0673,19.04,29.54,6.30
0.3558,0.2962,-0.9828,-0.0688,19.18,29.40,6.09
0.3571,0.3001,-0.9819,-0.0683,18.97,29.12,6.30
0.3584,0.3016,-0.9780,-0.0688,18.76,29.54,6.58
0.3597,0.2996,-0.9770,-0.0659,18.62,28.84,6.72
0.3610,0.2982,-0.9765,-0.0644,18.55,29.05,7.21
0.3623,0.2996,-0.9711,-0.0625,18.69,28.63,7.14
0.3636,0.3001,-0.9682,-0.0639,17.92,28.00,6.86
0.3649,0.3040,-0.9662,-0.0664,18.41,28.21,7.63
0.3662,0.3079,-0.9658,-0.0644,17.92,28.07,7.56
0.3675,0.3070,-0.9614,-0.0625,18.41,27.65,7.56
0.3688,0.3045,-0.9565,-0.0649,17.78,27.72,7.84
0.3701,0.3045,-0.9540,-0.0654,18.13,27.65,8.19
0.3714,0.3065,-0.9531,-0.0654,18.13,27.23,8.12
0.3727,0.3060,-0.9531,-0.0649,17.85,26.95,8.19
0.3740,0.3060,-0.9482,-0.0615,18.20,27.09,8.05
0.3741,0.3065,-0.9438,-0.0625,17.85,26.74,9.03
0.3741,0.3099,-0.9418,-0.0654,17.92,26.74,8.47
0.3741,0.3128,-0.9389,-0.0664,17.92,25.97,9.31
0.3742,0.3089,-0.9384,-0.0649,17.99,26.32,8.75
0.3742,0.3099,-0.9389,-0.0581,18.06,26.18,10.08
0.3742,0.3089,-0.9355,-0.0566,17.92,25.69,9.31
0.3743,0.3094,-0.9326,-0.0605,18.27,25.34,10.01
0.3743,0.3104,-0.9282,-0.0610,17.78,25.06,9.59
0.3743,0.3118,-0.9213,-0.0605,18.06,24.71,10.43
0.3744,0.3104,-0.9189,-0.0600,18.13,24.99,10.85
0.3744,0.3123,-0.9170,-0.0590,18.06,24.57,10.99
0.3744,0.3113,-0.9130,-0.0615,18.20,24.57,10.92
0.3745,0.3094,-0.9096,-0.0600,18.20,23.87,11.34
0.3745,0.3094,-0.9091,-0.0576,18.06,24.57,11.20
0.3745,0.3094,-0.9135,-0.0566,18.06,23.52,11.55
0.3746,0.3065,-0.9121,-0.0547,18.20,24.22,11.55
0.3746,0.3030,-0.9096,-0.0542,18.55,23.24,12.25
0.3746,0.3040,-0.9077,-0.0527,18.34,23.59,11.55
0.3747,0.3050,-0.9048,-0.0532,18.62,23.24,12.81
0.3747,0.3070,-0.9057,-0.0547,18.20,23.10,11.90
0.3750,0.3099,-0.9033,-0.0556,18.83,22.47,13.02
0.3753,0.3109,-0.9018,-0.0551,18.34,22.54,12.11
0.3756,0.3089,-0.8994,-0.0542,18.90,22.54,13.51
0.3758,0.3055,-0.8945,-0.0537,18.34,22.05,12.53
0.3761,0.3050,-0.8945,-0.0517,18.97,22.40,13.58
0.3764,0.3055,-0.8965,-0.0517,18.48,21.42,12.53
0.3767,0.3035,-0.8974,-0.0527,19.11,21.98,13.86
0.3770,0.3035,-0.8974,-0.0503,18.62,21.56,13.44
0.3773,0.3026,-0.8950,-0.0468,19.32,21.14,13.65
0.3776,0.3011,-0.8916,-0.0473,18.90,21.49,14.00
0.3779,0.3011,-0.8891,-0.0473,19.25,20.72,13.86
0.3782,0.3006,-0.8886,-0.0444,19.04,20.65,13.72
0.3785,0.2977,-0.8916,-0.0449,18.97,21.00,14.00
0.3787,0.2918,-0.8911,-0.0488,19.39,20.37,13.79
0.3790,0.2894,-0.8867,-0.0508,19.39,20.37,14.21
0.3793,0.2913,-0.8843,-0.0508,19.60,20.30,14.21
0.3796,0.2904,-0.8823,-0.0488,19.18,20.23,14.42
0.3799,0.2884,-0.8813,-0.0464,19.88,19.53,14.28
0.3802,0.2884,-0.8818,-0.0459,19.18,19.60,14.21
0.3805,0.2879,-0.8794,-0.0449,19.74,19.53,14.98
0.3822,0.2845,-0.8750,-0.0439,19.60,19.67,14.42
0.3839,0.2811,-0.8804,-0.0483,19.46,19.18,14.42
0.3856,0.2777,-0.8794,-0.0420,20.02,18.76,14.91
0.3873,0.2684,-0.8750,-0.0415,20.30,19.11,15.47
0.3890,0.2655,-0.8789,-0.0400,19.74,18.62,14.21
0.3907,0.2645,-0.8808,-0.0400,19.95,18.48,14.98
0.3924,0.2645,-0.8745,-0.0381,19.95,18.69,14.70
0.3941,0.2567,-0.8730,-0.0376,20.09,18.20,14.98
0.3958,0.2547,-0.8760,-0.0420,20.09,18.55,14.70
0.3975,0.2503,-0.8760,-0.0429,20.23,18.41,14.84
0.3992,0.2455,-0.8755,-0.0410,20.23,18.13,14.56
0.4009,0.2445,-0.8740,-0.0405,20.86,18.20,14.98
0.4026,0.2401,-0.8735,-0.0410,20.16,18.41,14.91
0.4043,0.2381,-0.8769,-0.0425,20.30,18.34,14.63
0.4060,0.2367,-0.8764,-0.0420,20.44,17.85,14.91
0.4077,0.2367,-0.8740,-0.0400,20.58,18.20,14.49
0.4094,0.2333,-0.8735,-0.0390,20.30,17.78,14.42
0.4111,0.2274,-0.8740,-0.0376,20.51,18.41,14.35
0.4128,0.2274,-0.8799,-0.0381,20.30,17.57,14.49
0.4145,0.2245,-0.8833,-0.0390,20.37,18.41,13.93
0.4146,0.2167,-0.8833,-0.0439,20.51,18.34,13.79
0.4147,0.2181,-0.8901,-0.0415,20.79,17.64,14.35
0.4147,0.2191,-0.8901,-0.0356,20.16,18.41,13.44
0.4148,0.2142,-0.8857,-0.0361,20.65,18.13,14.35
0.4149,0.2147,-0.8857,-0.0405,19.81,18.06,13.51
0.4150,0.2152,-0.8901,-0.0400,20.86,17.85,13.44
0.4151,0.2103,-0.8969,-0.0415,20.30,17.85,13.23
0.4152,0.2084,-0.8989,-0.0425,20.44,17.71,13.16
0.4153,0.2059,-0.8979,-0.0386,20.02,18.13,13.02
0.4154,0.2040,-0.9023,-0.0405,20.30,18.13,12.95
0.4155,0.2025,-0.9082,-0.0439,19.95,18.06,12.88
0.4156,0.2025,-0.9067,-0.0415,20.23,18.06,12.39
0.4156,0.2035,-0.9043,-0.0361,20.02,17.99,12.53
0.4157,0.2025,-0.9057,-0.0376,19.81,18.06,11.90
0.4158,0.2006,-0.9106,-0.0444,19.74,18.06,11.90
0.4159,0.1991,-0.9179,-0.0386,19.88,18.20,11.55
0.4160,0.1976,-0.9218,-0.0361,19.67,17.99,11.97
0.4161,0.1942,-0.9233,-0.0415,19.67,18.13,10.99
0.4162,0.1913,-0.9243,-0.0425,19.81,18.13,11.76
0.4163,0.1913,-0.9233,-0.0434,19.46,18.34,11.06
0.4169,0.1952,-0.9228,-0.0425,19.81,17.85,11.27
0.4175,0.1918,-0.9243,-0.0464,19.53,18.48,10.99
0.4181,0.1889,-0.9257,-0.0449,18.90,18.27,10.29
0.4187,0.1923,-0.9252,-0.0390,19.18,18.34,10.22
0.4193,0.1932,-0.9272,-0.0405,18.90,18.41,10.08
0.4199,0.1859,-0.9311,-0.0449,18.97,18.13,9.80
0.4205,0.1864,-0.9345,-0.0483,18.62,18.34,9.31
0.4211,0.1898,-0.9355,-0.0478,18.48,18.55,9.59
0.4217,0.1913,-0.9379,-0.0468,18.62,18.97,9.17
0.4223,0.1937,-0.9394,-0.0429,18.06,18.62,9.10
0.4229,0.1932,-0.9404,-0.0400,18.69,18.90,8.82
0.4235,0.1903,-0.9414,-0.0415,18.06,18.41,8.54
0.4241,0.1937,-0.9438,-0.0425,18.20,19.11,8.61
0.4247,0.1937,-0.9462,-0.0429,17.78,18.41,7.77
0.4253,0.1913,-0.9501,-0.0420,18.13,19.18,8.40
0.4259,0.1903,-0.9516,-0.0449,17.43,18.83,7.56
0.4265,0.1932,-0.9511,-0.0468,17.57,18.83,7.70
0.4271,0.1976,-0.9516,-0.0439,17.29,18.69,7.21
0.4277,0.1962,-0.9521,-0.0454,17.15,18.97,7.14
0.4283,0.1962,-0.9526,-0.0434,17.01,19.32,6.93
0.4288,0.1976,-0.9550,-0.0454,16.73,19.04,6.51
0.4293,0.2006,-0.9550,-0.0420,16.87,19.25,6.72
0.4298,0.2054,-0.9545,-0.0400,16.45,19.39,6.23
0.4303,0.2069,-0.9516,-0.0444,16.31,18.83,6.23
0.4308,0.2074,-0.9555,-0.0434,16.17,19.11,5.67
0.4313,0.2103,-0.9614,-0.0434,16.10,19.25,5.88
0.4317,0.2152,-0.9575,-0.0454,15.96,19.25,5.81
0.4322,0.2172,-0.9589,-0.0449,15.89,19.11,5.53
0.4327,0.2181,-0.9614,-0.0468,15.33,19.18,5.53
0.4332,0.2216,-0.9638,-0.0473,15.68,19.46,5.60
0.4337,0.2225,-0.9648,-0.0415,15.05,18.97,4.83
0.4342,0.2220,-0.9648,-0.0434,15.33,19.46,5.60
0.4347,0.2279,-0.9658,-0.0493,15.05,19.25,4.55
0.4352,0.2323,-0.9662,-0.0473,15.05,19.04,5.39
0.4357,0.2303,-0.9667,-0.0425,14.56,19.11,4.76
0.4362,0.2313,-0.9628,-0.0459,14.98,18.90,5.04
0.4367,0.2377,-0.9643,-0.0483,14.21,18.62,4.06
0.4372,0.2377,-0.9667,-0.0449,14.63,18.69,5.04
0.4377,0.2391,-0.9648,-0.0454,13.51,18.48,4.41
0.4382,0.2440,-0.9682,-0.0454,14.35,18.69,4.76
0.4387,0.2464,-0.9706,-0.0478,13.72,18.62,4.55
0.4392,0.2494,-0.9677,-0.0508,14.07,18.83,4.55
0.4397,0.2503,-0.9667,-0.0498,13.79,18.90,4.69
0.4403,0.2542,-0.9687,-0.0493,13.51,18.27,4.34
0.4408,0.2582,-0.9667,-0.0464,13.58,18.83,5.04
0.4413,0.2582,-0.9643,-0.0454,13.09,18.20,4.34
0.4418,0.2591,-0.9677,-0.0464,13.09,18.55,4.97
0.4423,0.2625,-0.9692,-0.0483,12.88,18.20,4.20
0.4429,0.2630,-0.9677,-0.0488,13.44,18.20,5.25
0.4434,0.2625,-0.9658,-0.0425,12.46,17.78,4.20
0.4439,0.2650,-0.9628,-0.0429,13.37,18.27,5.25
0.4444,0.2650,-0.9638,-0.0464,12.18,17.71,4.62
0.4449,0.2660,-0.9628,-0.0459,12.81,18.06,5.60
0.4455,0.2674,-0.9599,-0.0425,11.97,17.50,4.48
0.4460,0.2699,-0.9599,-0.0488,12.60,17.64,5.53
0.4465,0.2684,-0.9570,-0.0473,12.39,17.15,5.81
0.4470,0.2738,-0.9550,-0.0454,12.18,17.43,4.55
0.4475,0.2782,-0.9536,-0.0444,12.25,17.29,5.88
0.4481,0.2752,-0.9540,-0.0415,11.62,17.22,5.04
0.4486,0.2757,-0.9575,-0.0415,12.18,16.94,5.74
0.4499,0.2786,-0.9565,-0.0444,11.83,16.87,5.39
0.4512,0.2791,-0.9521,-0.0449,11.55,16.87,5.88
0.4525,0.2806,-0.9531,-0.0454,11.97,16.66,5.67
0.4537,0.2806,-0.9550,-0.0420,11.34,16.52,5.67
0.4550,0.2811,-0.9550,-0.0386,11.83,16.38,6.23
0.4563,0.2850,-0.9540,-0.0425,11.27,16.17,5.46
0.4576,0.2855,-0.9501,-0.0434,11.69,16.24,6.37
0.4589,0.2845,-0.9487,-0.0410,10.85,15.89,5.60
0.4602,0.2850,-0.9467,-0.0376,11.62,15.82,6.58
0.4615,0.2874,-0.9438,-0.0366,10.85,15.75,5.53
0.4628,0.2874,-0.9433,-0.0390,11.69,15.75,7.00
0.4641,0.2850,-0.9443,-0.0395,10.99,15.05,5.53
0.4654,0.2884,-0.9433,-0.0361,11.13,15.47,7.14
0.4667,0.2904,-0.9428,-0.0356,10.99,15.19,6.09
0.4679,0.2894,-0.9433,-0.0351,11.41,15.47,7.42
0.4692,0.2889,-0.9433,-0.0361,10.78,15.12,6.30
0.4705,0.2904,-0.9428,-0.0405,11.13,14.91,7.28
0.4718,0.2894,-0.9418,-0.0390,10.71,14.70,6.72
0.4731,0.2884,-0.9399,-0.0366,11.13,14.56,7.35
0.4744,0.2899,-0.9389,-0.0366,10.71,14.56,6.65
0.4744,0.2918,-0.9355,-0.0381,10.99,14.49,7.56
0.4745,0.2957,-0.9321,-0.0356,10.78,13.93,6.79
0.4745,0.2952,-0.9360,-0.0322,10.92,13.93,7.77
0.4745,0.2918,-0.9374,-0.0342,10.85,14.21,7.42
0.4746,0.2894,-0.9360,-0.0346,10.92,13.65,7.56
0.4746,0.2918,-0.9331,-0.0342,10.78,13.37,7.42
0.4747,0.2948,-0.9292,-0.0332,10.50,13.51,7.63
0.4747,0.2957,-0.9301,-0.0376,10.85,13.37,7.98
0.4747,0.2938,-0.9311,-0.0366,10.57,12.95,7.35
0.4748,0.2918,-0.9301,-0.0351,10.71,12.88,8.47
0.4748,0.2923,-0.9262,-0.0390,10.64,13.23,7.91
0.4748,0.2938,-0.9243,-0.0351,10.64,12.95,8.40
0.4749,0.2948,-0.9243,-0.0332,10.57,12.60,7.70
0.4749,0.2918,-0.9228,-0.0332,10.85,12.18,8.61
0.4749,0.2889,-0.9223,-0.0342,10.50,12.32,7.91
0.4750,0.2938,-0.9179,-0.0307,10.50,11.48,7.98
0.4750,0.2962,-0.9189,-0.0327,10.92,11.97,8.61
0.4750,0.2938,-0.9174,-0.0307,10.29,11.83,8.12
0.4751,0.2913,-0.9174,-0.0278,10.50,11.41,8.75
0.4751,0.2894,-0.9184,-0.0273,10.01,11.69,8.12
0.4755,0.2904,-0.9209,-0.0283,10.78,11.48,8.75
0.4758,0.2923,-0.9209,-0.0268,10.43,10.92,8.19
0.4762,0.2943,-0.9184,-0.0224,10.43,11.13,8.68
0.4765,0.2938,-0.9184,-0.0244,10.57,10.92,8.26
0.4769,0.2899,-0.9189,-0.0283,10.29,10.92,8.54
0.4772,0.2865,-0.9204,-0.0293,10.22,10.43,8.26
0.4776,0.2874,-0.9213,-0.0244,10.29,10.85,8.68
0.4780,0.2908,-0.9179,-0.0229,10.29,10.29,8.19
0.4783,0.2899,-0.9170,-0.0239,10.43,10.43,8.68
0.4787,0.2879,-0.9194,-0.0234,10.15,10.01,8.47
0.4790,0.2884,-0.9209,-0.0249,10.01,9.87,8.19
0.4794,0.2889,-0.9194,-0.0220,10.57,9.59,8.05
0.4797,0.2840,-0.9155,-0.0195,9.80,10.15,8.61
0.4801,0.2806,-0.9121,-0.0249,10.22,9.45,7.91
0.4804,0.2801,-0.9189,-0.0317,9.66,9.87,8.12
0.4808,0.2791,-0.9282,-0.0268,10.08,8.96,7.77
0.4811,0.2850,-0.9282,-0.0210,9.73,9.24,7.98
0.4815,0.2811,-0.9292,-0.0224,9.87,9.24,7.84
0.4819,0.2777,-0.9287,-0.0200,9.73,9.31,7.91
0.4822,0.2821,-0.9267,-0.0151,9.59,8.68,7.21
0.4829,0.2845,-0.9272,-0.0151,9.94,9.03,7.77
0.4836,0.2840,-0.9292,-0.0146,9.66,8.33,7.28
0.4843,0.2796,-0.9321,-0.0146,9.94,8.61,7.63
0.4849,0.2791,-0.9360,-0.0156,8.96,8.61,7.00
0.4856,0.2835,-0.9350,-0.0127,9.73,8.61,7.28
0.4863,0.2850,-0.9301,-0.0171,8.75,7.84,6.37
0.4870,0.2821,-0.9331,-0.0190,9.38,8.05,7.28
0.4877,0.2796,-0.9355,-0.0127,9.10,7.84,6.30
0.4883,0.2801,-0.9340,-0.0117,9.10,7.84,6.58
0.4890,0.2796,-0.9340,-0.0142,8.89,7.70,6.23
0.4897,0.2801,-0.9360,-0.0112,8.61,8.19,6.58
0.4904,0.2840,-0.9365,-0.0102,8.68,7.56,5.95
0.4911,0.2830,-0.9365,-0.0098,8.75,7.70,5.88
0.4918,0.2782,-0.9379,-0.0088,8.19,7.21,5.53
0.4924,0.2757,-0.9409,-0.0093,8.68,7.70,5.95
0.4931,0.2733,-0.9409,-0.0127,8.12,6.86,4.90
0.4938,0.2757,-0.9423,-0.0142,8.40,7.42,5.53
0.4945,0.2752,-0.9457,-0.0102,7.91,6.72,5.04
0.4952,0.2728,-0.9462,-0.0083,8.47,7.42,4.83
0.4958,0.2743,-0.9477,-0.0098,7.42,6.58,4.62
0.4969,0.2752,-0.9492,-0.0093,7.98,6.65,4.48
0.4979,0.2747,-0.9496,-0.0078,7.35,6.51,4.34
0.4990,0.2723,-0.9526,-0.0073,7.49,6.65,4.34
0.5000,0.2752,-0.9565,-0.0068,7.21,6.58,3.78
0.5010,0.2752,-0.9609,-0.0073,7.14,6.58,4.13
0.5021,0.2733,-0.9599,-0.0078,6.58,6.30,3.85
0.5031,0.2757,-0.9555,-0.0088,7.21,6.44,3.64
0.5041,0.2767,-0.9560,-0.0102,6.79,6.37,3.43
0.5052,0.2762,-0.9623,-0.0078,6.65,6.30,3.29
0.5062,0.2738,-0.9667,-0.0049,6.30,6.37,3.36
0.5072,0.2689,-0.9667,-0.0020,6.37,6.86,3.08
0.5083,0.2674,-0.9682,-0.0010,6.23,6.44,2.80
0.5093,0.2655,-0.9692,-0.0039,5.60,6.23,2.66
0.5104,0.2635,-0.9701,-0.0098,5.88,5.32,2.38
0.5114,0.2645,-0.9760,-0.0098,5.46,6.44,2.24
0.5124,0.2640,-0.9789,-0.0059,5.67,5.88,2.38
0.5135,0.2625,-0.9814,-0.0098,5.32,5.74,1.54
0.5145,0.2625,-0.9862,-0.0117,5.04,5.88,2.17
0.5155,0.2606,-0.9867,-0.0063,4.62,6.09,1.68
0.5166,0.2582,-0.9848,-0.0015,4.48,5.74,1.96
0.5166,0.2596,-0.9867,-0.0034,4.55,6.09,1.26
0.5167,0.2616,-0.9916,-0.0073,4.41,5.53,1.61
0.5167,0.2596,-0.9921,-0.0073,4.06,6.37,1.40
0.5168,0.2518,-0.9936,-0.0034,3.85,5.95,1.61
0.5169,0.2542,-0.9984,0.0015,3.57,6.02,0.70
0.5169,0.2591,-0.9994,0.0010,3.57,5.67,1.19
0.5170,0.2572,-1.0038,-0.0044,3.43,6.16,0.98
0.5170,0.2591,-1.0082,-0.0049,3.22,5.67,0.98
0.5171,0.2591,-1.0102,-0.0049,3.64,5.88,0.56
0.5172,0.2547,-1.0136,-0.0063,2.52,6.23,1.05
0.5172,0.2523,-1.0170,-0.0063,2.87,6.09,0.98
0.5173,0.2484,-1.0204,-0.0049,2.17,6.37,0.70
0.5173,0.2464,-1.0224,-0.0034,2.52,6.16,1.12
0.5174,0.2503,-1.0209,-0.0039,1.68,5.81,0.56
0.5175,0.2547,-1.0268,-0.0044,1.75,6.16,1.33
0.5175,0.2538,-1.0360,-0.0073,1.75,6.02,0.28
0.5176,0.2494,-1.0341,-0.0098,1.05,6.30,1.33
0.5176,0.2479,-1.0302,-0.0073,1.33,5.95,0.35
0.5177,0.2445,-1.0336,-0.0059,0.70,6.51,1.33
0.5177,0.2411,-1.0365,-0.0068,0.70,6.02,0.63
0.5183,0.2435,-1.0380,-0.0034,0.21,6.44,1.33
0.5189,0.2469,-1.0380,-0.0049,0.49,6.51,0.98
0.5195,0.2474,-1.0365,-0.0068,0.07,6.51,1.19
0.5201,0.2455,-1.0385,-0.0059,-0.28,6.65,1.26
0.5207,0.2455,-1.0414,-0.0059,-0.14,6.58,1.33
0.5213,0.2411,-1.0419,-0.0059,-0.49,6.72,1.54
0.5219,0.2381,-1.0429,-0.0063,-0.84,6.65,1.26
0.5225,0.2411,-1.0438,-0.0034,-0.91,6.79,1.89
0.5231,0.2406,-1.0443,-0.0083,-1.33,6.86,1.19
0.5237,0.2386,-1.0463,-0.0137,-1.19,7.00,2.31
0.5242,0.2377,-1.0463,-0.0127,-1.82,6.86,1.40
0.5248,0.2367,-1.0438,-0.0117,-1.33,7.63,2.87
0.5254,0.2367,-1.0443,-0.0122,-2.38,7.42,1.61
0.5260,0.2372,-1.0482,-0.0122,-1.75,7.28,2.80
0.5266,0.2367,-1.0448,-0.0102,-2.66,7.42,2.24
0.5272,0.2367,-1.0424,-0.0102,-2.24,7.49,3.22
0.5278,0.2347,-1.0448,-0.0151,-3.01,7.42,2.45
0.5284,0.2357,-1.0477,-0.0161,-2.66,7.21,3.15
0.5290,0.2357,-1.0453,-0.0142,-3.36,8.12,3.15
0.5296,0.2338,-1.0419,-0.0127,-2.94,7.63,3.50
0.5300,0.2362,-1.0424,-0.0117,-3.57,7.98,3.15
0.5305,0.2386,-1.0414,-0.0112,-3.43,7.63,3.36
0.5309,0.2406,-1.0424,-0.0107,-3.99,8.40,4.06
0.5314,0.2401,-1.0443,-0.0122,-3.92,7.91,3.50
0.5318,0.2391,-1.0404,-0.0137,-3.99,8.75,4.34
0.5323,0.2357,-1.0355,-0.0156,-4.34,7.91,3.64
0.5327,0.2357,-1.0326,-0.0161,-4.83,8.12,4.41
0.5332,0.2381,-1.0350,-0.0156,-4.48,8.26,4.55
0.5336,0.2362,-1.0336,-0.0151,-5.25,8.75,4.62
0.5341,0.2386,-1.0297,-0.0156,-4.83,9.03,5.04
0.5345,0.2386,-1.0287,-0.0161,-5.46,8.89,5.04
0.5350,0.2367,-1.0277,-0.0224,-5.04,8.68,5.25
0.5355,0.2386,-1.0243,-0.0234,-6.02,9.03,5.53
0.5359,0.2416,-1.0189,-0.0171,-4.83,8.82,5.60
0.5364,0.2435,-1.0146,-0.0185,-5.81,8.82,5.46
0.5368,0.2435,-1.0116,-0.0229,-5.32,9.10,6.02
0.5373,0.2406,-1.0116,-0.0205,-5.95,9.31,5.81
0.5377,0.2411,-1.0097,-0.0166,-5.81,8.96,6.44
0.5382,0.2484,-1.0072,-0.0190,-5.74,9.03,6.23
0.5386,0.2489,-1.0092,-0.0215,-6.23,9.45,6.72
0.5392,0.2455,-1.0072,-0.0259,-6.09,9.31,6.51
0.5398,0.2489,-1.0043,-0.0259,-6.44,9.24,6.44
0.5403,0.2513,-1.0028,-0.0249,-6.16,9.45,7.00
0.5409,0.2533,-0.9989,-0.0239,-6.44,9.66,7.00
0.5415,0.2533,-1.0004,-0.0244,-6.23,9.87,7.28
0.5421,0.2567,-0.9980,-0.0244,-6.44,9.31,7.21
0.5426,0.2616,-0.9955,-0.0273,-6.37,9.94,7.63
0.5432,0.2621,-0.9950,-0.0288,-6.86,9.38,7.35
0.5438,0.2621,-0.9931,-0.0273,-6.23,9.87,7.42
0.5443,0.2635,-0.9911,-0.0273,-6.86,9.45,7.77
0.5449,0.2679,-0.9902,-0.0234,-6.51,9.73,7.70
0.5455,0.2713,-0.9887,-0.0239,-7.07,9.24,7.77
0.5461,0.2738,-0.9867,-0.0312,-6.79,9.94,7.84
0.5466,0.2743,-0.9862,-0.0312,-6.79,9.17,8.05
0.5472,0.2791,-0.9838,-0.0298,-6.79,9.73,7.98
0.5478,0.2811,-0.9838,-0.0288,-6.79,9.31,8.40
0.5484,0.2782,-0.9862,-0.0268,-7.00,9.66,8.12
0.5489,0.2816,-0.9892,-0.0264,-7.07,8.96,8.05
0.5495,0.2830,-0.9882,-0.0312,-7.14,9.59,8.47
0.5501,0.2855,-0.9862,-0.0342,-7.28,9.38,8.68
0.5513,0.2913,-0.9902,-0.0278,-7.14,9.10,8.61
0.5526,0.2923,-0.9882,-0.0278,-7.14,9.17,8.68
0.5538,0.2952,-0.9819,-0.0312,-7.21,9.24,8.82
0.5551,0.2977,-0.9799,-0.0312,-7.21,9.03,8.96
0.5563,0.2996,-0.9833,-0.0327,-6.65,9.52,9.03
0.5575,0.2987,-0.9853,-0.0298,-7.56,8.89,9.24
0.5588,0.3011,-0.9814,-0.0278,-7.07,8.75,8.75
0.5600,0.3045,-0.9794,-0.0317,-7.42,8.75,9.24
0.5613,0.3050,-0.9794,-0.0307,-7.07,8.68,8.96
0.5625,0.3070,-0.9765,-0.0303,-7.14,8.61,9.66
0.5638,0.3045,-0.9760,-0.0332,-7.35,8.19,8.82
0.5650,0.3065,-0.9780,-0.0356,-7.21,8.40,9.94
0.5663,0.3123,-0.9784,-0.0327,-7.00,8.26,8.96
0.5675,0.3143,-0.9799,-0.0317,-6.93,8.12,10.15
0.5688,0.3157,-0.9799,-0.0307,-7.35,8.05,9.24
0.5700,0.3138,-0.9755,-0.0273,-7.14,8.26,10.29
0.5713,0.3148,-0.9750,-0.0312,-7.07,7.56,10.08
0.5725,0.3192,-0.9760,-0.0307,-7.21,7.63,10.15
0.5738,0.3211,-0.9721,-0.0259,-7.28,7.70,10.43
0.5750,0.3206,-0.9740,-0.0259,-7.00,7.35,10.50
0.5761,0.3240,-0.9731,-0.0288,-7.21,7.49,10.43
0.5772,0.3216,-0.9716,-0.0278,-7.14,7.63,11.27
0.5783,0.3187,-0.9775,-0.0264,-7.00,6.58,10.36
0.5793,0.3250,-0.9755,-0.0239,-6.93,7.84,11.48
0.5804,0.3284,-0.9716,-0.0234,-7.07,6.23,10.57
0.5815,0.3260,-0.9716,-0.0264,-6.79,7.07,11.76
0.5826,0.3250,-0.9701,-0.0259,-7.07,6.44,10.85
0.5837,0.3240,-0.9706,-0.0234,-6.58,6.65,11.76
0.5848,0.3245,-0.9667,-0.0224,-7.00,6.23,10.85
0.5859,0.3260,-0.9638,-0.0234,-6.51,6.02,11.97
0.5869,0.3270,-0.9653,-0.0224,-7.07,6.09,11.27
0.5880,0.3265,-0.9643,-0.0229,-6.58,5.60,12.11
0.5891,0.3231,-0.9648,-0.0268,-6.93,5.88,11.62
0.5902,0.3245,-0.9648,-0.0278,-6.37,5.74,12.25
0.5913,0.3274,-0.9648,-0.0254,-6.79,5.74,11.48
0.5924,0.3255,-0.9667,-0.0205,-6.23,5.32,12.32
0.5935,0.3274,-0.9653,-0.0190,-6.86,5.39,11.76
0.5946,0.3279,-0.9628,-0.0215,-6.23,5.04,12.53
0.5956,0.3250,-0.9643,-0.0244,-6.30,5.25,11.69
0.5967,0.3231,-0.9638,-0.0249,-6.58,4.90,12.32
0.5968,0.3216,-0.9658,-0.0220,-6.16,5.04,12.25
0.5968,0.3221,-0.9638,-0.0205,-5.88,5.11,12.74
0.5968,0.3221,-0.9628,-0.0215,-6.30,3.64,11.48
0.5969,0.3211,-0.9584,-0.0244,-6.09,4.76,13.37
0.5969,0.3216,-0.9609,-0.0268,-6.30,3.85,11.48
0.5969,0.3206,-0.9609,-0.0283,-5.60,4.55,13.65
0.5970,0.3157,-0.9545,-0.0268,-6.44,3.78,11.41
0.5970,0.3118,-0.9560,-0.0278,-5.60,3.99,13.44
0.5970,0.3128,-0.9584,-0.0307,-6.16,3.99,11.90
0.5971,0.3143,-0.9565,-0.0264,-5.67,3.50,13.09
0.5971,0.3128,-0.9540,-0.0229,-6.23,3.78,12.04
0.5971,0.3099,-0.9540,-0.0239,-5.39,3.50,13.23
0.5972,0.3070,-0.9545,-0.0278,-5.88,3.99,12.25
0.5972,0.3035,-0.9531,-0.0254,-5.25,2.66,12.67
0.5972,0.3040,-0.9550,-0.0249,-5.88,3.85,12.53
0.5973,0.3060,-0.9540,-0.0298,-5.39,2.87,12.60
0.5973,0.3026,-0.9521,-0.0298,-5.60,3.15,12.88
0.5973,0.3011,-0.9550,-0.0288,-5.67,3.43,13.23
0.5974,0.3006,-0.9496,-0.0259,-5.46,2.66,11.76
0.5974,0.3021,-0.9443,-0.0234,-5.18,3.15,13.65
0.5979,0.3021,-0.9448,-0.0244,-5.46,2.66,11.48
0.5983,0.3001,-0.9472,-0.0278,-4.97,2.87,13.44
0.5988,0.2977,-0.9477,-0.0273,-5.18,2.24,11.48
0.5992,0.2962,-0.9467,-0.0229,-5.04,2.59,13.23
0.5997,0.2957,-0.9482,-0.0249,-5.25,2.59,11.48
0.6001,0.2957,-0.9457,-0.0278,-4.97,2.45,13.23
0.6006,0.2904,-0.9409,-0.0224,-5.04,2.45,11.48
0.6010,0.2884,-0.9423,-0.0200,-4.62,2.52,12.81
0.6015,0.2908,-0.9438,-0.0254,-4.97,2.24,11.48
0.6019,0.2913,-0.9414,-0.0259,-4.41,1.82,12.53
0.6024,0.2889,-0.9394,-0.0181,-4.83,2.24,11.97
0.6028,0.2874,-0.9389,-0.0190,-4.34,1.89,12.04
0.6033,0.2894,-0.9394,-0.0244,-4.90,2.24,12.04
0.6037,0.2889,-0.9394,-0.0249,-4.13,1.89,11.69
0.6042,0.2835,-0.9389,-0.0268,-4.83,2.38,12.39
0.6046,0.2786,-0.9350,-0.0254,-4.27,1.33,10.99
0.6051,0.2777,-0.9296,-0.0244,-4.27,2.17,12.46
0.6055,0.2786,-0.9296,-0.0234,-4.13,2.31,10.71
0.6060,0.2743,-0.9296,-0.0224,-3.50,2.24,12.46
0.6064,0.2679,-0.9267,-0.0205,-4.34,2.10,10.78
0.6070,0.2679,-0.9272,-0.0195,-3.64,2.10,12.11
0.6077,0.2689,-0.9272,-0.0200,-4.13,1.89,10.57
0.6083,0.2704,-0.9233,-0.0181,-3.57,1.96,11.83
0.6089,0.2679,-0.9194,-0.0161,-4.20,2.17,10.08
0.6096,0.2621,-0.9204,-0.0161,-3.22,1.89,11.83
0.6102,0.2640,-0.9209,-0.0195,-3.99,2.03,9.59
0.6108,0.2660,-0.9165,-0.0210,-3.15,1.68,11.69
0.6115,0.2660,-0.9116,-0.0200,-3.92,1.96,9.52
0.6121,0.2616,-0.9135,-0.0156,-2.73,1.54,10.78
0.6128,0.2591,-0.9184,-0.0127,-3.64,2.03,9.80
0.6134,0.2606,-0.9194,-0.0137,-2.59,1.82,10.29
0.6140,0.2572,-0.9170,-0.0098,-3.43,2.24,9.80
0.6147,0.2572,-0.9140,-0.0088,-2.87,1.82,9.59
0.6153,0.2582,-0.9106,-0.0102,-3.15,2.10,9.66
0.6159,0.2562,-0.9101,-0.0122,-3.15,1.75,9.52
0.6166,0.2552,-0.9106,-0.0122,-2.73,1.82,9.38
0.6172,0.2567,-0.9130,-0.0132,-3.08,2.03,8.96
0.6178,0.2557,-0.9155,-0.0137,-2.38,2.10,9.52
0.6185,0.2557,-0.9116,-0.0117,-2.59,1.89,8.26
0.6191,0.2538,-0.9077,-0.0102,-2.31,1.96,9.31
0.6196,0.2503,-0.9082,-0.0102,-2.38,1.89,8.19
0.6202,0.2518,-0.9087,-0.0107,-2.10,1.75,8.61
0.6207,0.2538,-0.9096,-0.0083,-2.45,2.31,8.19
0.6212,0.2518,-0.9087,-0.0068,-1.75,1.89,8.12
0.6218,0.2508,-0.9087,-0.0039,-2.31,2.31,7.84
0.6223,0.2533,-0.9087,-0.0044,-1.89,2.03,8.19
0.6228,0.2567,-0.9091,-0.0059,-1.75,2.80,7.91
0.6234,0.2572,-0.9111,-0.0039,-1.68,1.68,7.28
0.6239,0.2533,-0.9101,-0.0049,-1.68,2.38,7.56
0.6244,0.2513,-0.9091,-0.0059,-1.61,2.10,7.21
0.6250,0.2523,-0.9096,-0.0044,-1.54,2.45,7.21
0.6255,0.2547,-0.9126,-0.0054,-1.40,2.03,6.79
0.6261,0.2557,-0.9150,-0.0044,-1.61,2.66,7.00
0.6266,0.2518,-0.9126,-0.0044,-1.47,2.24,6.30
0.6271,0.2494,-0.9160,-0.0063,-1.54,2.31,6.79
0.6277,0.2533,-0.9174,-0.0059,-1.05,2.31,6.09
0.6282,0.2547,-0.9160,-0.0049,-1.54,2.45,6.30
0.6287,0.2542,-0.9184,-0.0029,-1.40,2.45,5.46
0.6293,0.2528,-0.9199,-0.0039,-0.98,2.03,6.02
0.6298,0.2513,-0.9204,-0.0063,-1.26,2.66,5.18
0.6303,0.2503,-0.9223,-0.0063,-0.98,2.24,5.32
0.6308,0.2503,-0.9277,-0.0015,-0.91,2.52,5.11
0.6314,0.2518,-0.9277,-0.0020,-0.84,2.38,5.04
0.6319,0.2494,-0.9262,-0.0083,-1.05,2.94,4.62
0.6324,0.2508,-0.9267,-0.0083,-0.98,2.45,4.90
0.6330,0.2538,-0.9267,-0.0083,-0.84,2.73,4.13
0.6335,0.2542,-0.9272,-0.0078,-0.91,2.80,4.90
0.6340,0.2557,-0.9292,-0.0049,-0.63,2.59,3.78
0.6346,0.2533,-0.9340,-0.0054,-0.84,2.52,4.13
0.6351,0.2523,-0.9340,-0.0049,-0.70,3.01,3.71
0.6356,0.2572,-0.9316,-0.0054,-0.77,2.59,3.36
0.6361,0.2577,-0.9350,-0.0063,-1.05,2.73,3.64
0.6367,0.2567,-0.9399,-0.0068,-0.84,2.73,3.29
0.6372,0.2601,-0.9414,-0.0044,-0.56,2.73,3.15
0.6377,0.2591,-0.9404,-0.0010,-0.84,3.08,3.29
0.6383,0.2567,-0.9384,-0.0020,-0.98,2.38,2.59
0.6388,0.2557,-0.9418,-0.0034,-0.49,2.87,2.80
0.6393,0.2552,-0.9453,-0.0015,-0.77,2.52,2.10
0.6399,0.2572,-0.9443,-0.0020,-0.63,2.80,2.59
0.6404,0.2616,-0.9433,-0.0010,-1.12,2.59,1.96
0.6409,0.2645,-0.9467,0.0015,-0.42,2.80,1.96
0.6414,0.2645,-0.9457,-0.0020,-0.98,2.66,1.75
0.6420,0.2611,-0.9428,-0.0068,-0.77,2.73,1.82
0.6425,0.2596,-0.9457,-0.0029,-0.56,2.87,1.54
0.6430,0.2606,-0.9477,-0.0020,-1.05,3.01,1.47
0.6435,0.2630,-0.9467,-0.0063,-0.70,2.73,1.12
0.6440,0.2650,-0.9467,-0.0039,-1.05,3.01,1.47
0.6446,0.2664,-0.9496,0.0029,-0.56,2.66,1.05
0.6451,0.2674,-0.9540,0.0005,-0.77,3.08,0.84
0.6456,0.2660,-0.9540,-0.0015,-0.98,3.15,1.05
0.6461,0.2679,-0.9506,0.0010,-0.70,2.87,1.19
0.6467,0.2684,-0.9526,0.0029,-0.77,2.73,0.56
0.6472,0.2660,-0.9545,0.0039,-0.56,2.73,0.84
0.6477,0.2630,-0.9560,0.0000,-0.91,2.52,0.00
0.6482,0.2660,-0.9570,-0.0010,-1.05,2.73,0.21
0.6488,0.2679,-0.9570,0.0029,-0.56,2.59,0.42
0.6493,0.2699,-0.9570,0.0044,-1.40,2.94,0.28
0.6498,0.2723,-0.9594,0.0044,-0.63,2.59,0.14
0.6503,0.2684,-0.9599,0.0044,-1.33,3.15,-0.14
0.6509,0.2674,-0.9614,0.0049,-0.77,2.38,-0.21
0.6521,0.2694,-0.9658,0.0063,-1.33,3.36,-0.07
0.6534,0.2713,-0.9623,0.0039,-0.63,2.24,-0.42
0.6547,0.2718,-0.9594,0.0063,-1.33,3.08,0.14
0.6560,0.2738,-0.9658,0.0083,-1.12,2.59,-0.49
0.6573,0.2786,-0.9662,0.0044,-1.33,3.08,-0.07
0.6586,0.2772,-0.9623,0.0088,-1.05,2.38,-0.35
0.6598,0.2738,-0.9628,0.0127,-1.12,3.08,-0.49
0.6611,0.2738,-0.9628,0.0093,-1.54,2.66,-0.84
0.6624,0.2772,-0.9623,0.0044,-1.19,2.80,-0.14
0.6637,0.2806,-0.9618,0.0063,-1.47,2.45,-1.33
0.6650,0.2791,-0.9638,0.0088,-1.26,2.66,-0.49
0.6663,0.2806,-0.9638,0.0063,-1.96,2.24,-1.05
0.6675,0.2845,-0.9628,0.0068,-1.33,2.52,-0.91
0.6688,0.2826,-0.9677,0.0117,-1.61,2.73,-0.77
0.6701,0.2811,-0.9697,0.0127,-1.40,2.45,-0.84
0.6714,0.2806,-0.9721,0.0088,-1.61,2.80,-0.84
0.6727,0.2772,-0.9726,0.0078,-1.75,2.59,-0.84
0.6740,0.2782,-0.9716,0.0088,-1.40,2.94,-1.05
0.6752,0.2821,-0.9706,0.0078,-1.61,2.45,-1.05
0.6765,0.2816,-0.9697,0.0068,-1.26,2.73,-0.70
0.6769,0.2816,-0.9721,0.0117,-2.03,2.80,-1.26
0.6773,0.2840,-0.9701,0.0142,-1.33,2.10,-0.63
0.6777,0.2835,-0.9726,0.0137,-1.68,2.73,-0.77
0.6781,0.2835,-0.9731,0.0137,-1.40,2.24,-0.56
0.6785,0.2816,-0.9726,0.0137,-1.89,2.80,-0.91
0.6789,0.2806,-0.9740,0.0132,-1.54,2.45,-0.42
0.6793,0.2801,-0.9765,0.0151,-1.89,2.80,-0.77
0.6797,0.2811,-0.9770,0.0166,-1.47,2.24,-0.49
0.6801,0.2816,-0.9760,0.0107,-2.24,2.66,-0.42
0.6805,0.2806,-0.9775,0.0117,-1.40,2.38,-0.28
0.6809,0.2816,-0.9750,0.0146,-2.38,2.38,-0.77
0.6813,0.2786,-0.9750,0.0161,-1.40,2.66,0.21
0.6817,0.2767,-0.9750,0.0142,-2.52,2.31,-0.42
0.6821,0.2782,-0.9765,0.0127,-1.54,2.66,0.00
0.6825,0.2801,-0.9794,0.0132,-2.38,2.59,-0.21
0.6829,0.2811,-0.9784,0.0122,-1.89,2.80,0.56
0.6833,0.2786,-0.9750,0.0166,-2.03,2.24,0.00
0.6837,0.2786,-0.9731,0.0190,-1.89,2.80,0.56
0.6841,0.2801,-0.9740,0.0151,-1.75,2.45,0.28
0.6845,0.2806,-0.9760,0.0156,-2.10,3.15,0.84
0.6851,0.2791,-0.9814,0.0176,-2.10,2.45,0.21
0.6856,0.2796,-0.9804,0.0161,-1.89,2.59,1.12
0.6862,0.2826,-0.9726,0.0142,-1.75,2.38,0.77
0.6868,0.2845,-0.9726,0.0127,-2.31,2.59,1.12
0.6873,0.2869,-0.9789,0.0122,-1.89,2.59,1.33
0.6879,0.2855,-0.9789,0.0107,-2.03,2.45,1.05
0.6884,0.2840,-0.9755,0.0117,-2.10,2.73,1.54
0.6890,0.2874,-0.9755,0.0161,-2.17,2.45,1.05
0.6896,0.2899,-0.9775,0.0151,-1.96,2.52,1.75
0.6901,0.2923,-0.9760,0.0166,-1.61,2.94,2.24
0.6907,0.2894,-0.9726,0.0166,-2.38,2.38,1.19
0.6913,0.2899,-0.9736,0.0142,-1.96,3.08,2.45
0.6918,0.2908,-0.9770,0.0122,-2.17,2.24,1.54
0.6924,0.2918,-0.9804,0.0127,-2.10,2.87,2.38
0.6930,0.2928,-0.9809,0.0146,-2.24,1.96,1.89
0.6935,0.2928,-0.9770,0.0156,-2.10,2.45,2.52
0.6941,0.2923,-0.9794,0.0142,-2.31,2.24,2.10
0.6947,0.2923,-0.9819,0.0151,-1.89,2.31,2.59
0.6952,0.2957,-0.9789,0.0137,-2.10,2.52,2.66
0.6958,0.2977,-0.9775,0.0146,-2.03,2.24,2.52
0.6964,0.2913,-0.9784,0.0161,-2.17,2.59,2.80
0.6970,0.2894,-0.9794,0.0142,-1.75,2.17,2.45
0.6976,0.2894,-0.9799,0.0142,-2.17,2.80,3.22
0.6982,0.2865,-0.9819,0.0181,-1.82,2.17,2.66
0.6988,0.2884,-0.9819,0.0185,-2.03,2.59,3.50
0.6994,0.2884,-0.9794,0.0156,-2.10,2.03,2.31
0.7000,0.2860,-0.9780,0.0146,-2.24,2.73,3.85
0.7006,0.2865,-0.9789,0.0142,-2.38,1.89,2.52
0.7013,0.2855,-0.9833,0.0166,-1.75,2.38,3.57
0.7019,0.2850,-0.9843,0.0161,-2.66,2.52,3.15
0.7025,0.2850,-0.9789,0.0151,-1.96,2.38,3.71
0.7031,0.2821,-0.9784,0.0127,-2.59,2.17,3.08
0.7037,0.2816,-0.9828,0.0156,-2.10,2.52,3.92
0.7043,0.2826,-0.9848,0.0215,-2.80,2.38,3.29
0.7049,0.2796,-0.9799,0.0137,-1.96,2.66,3.99
0.7055,0.2791,-0.9784,0.0112,-2.80,2.38,3.64
0.7061,0.2786,-0.9799,0.0171,-2.10,2.45,3.92
0.7067,0.2772,-0.9770,0.0190,-2.59,2.24,3.57
0.7073,0.2762,-0.9775,0.0195,-2.31,2.52,4.34
0.7079,0.2747,-0.9823,0.0176,-2.94,2.59,3.78
0.7080,0.2772,-0.9823,0.0166,-2.38,2.38,4.13
0.7080,0.2782,-0.9799,0.0185,-2.59,2.38,3.78
0.7080,0.2743,-0.9838,0.0195,-2.73,2.45,4.13
0.7081,0.2728,-0.9843,0.0210,-2.52,2.59,4.06
0.7081,0.2747,-0.9833,0.0200,-2.87,2.38,4.06
0.7082,0.2777,-0.9823,0.0161,-2.31,3.01,4.34
0.7082,0.2762,-0.9833,0.0176,-2.94,2.45,4.27
0.7082,0.2733,-0.9872,0.0220,-2.17,2.73,4.41
0.7083,0.2684,-0.9828,0.0234,-2.66,3.01,4.13
0.7083,0.2664,-0.9843,0.0220,-2.45,2.73,4.06
0.7084,0.2699,-0.9862,0.0224,-2.94,2.94,4.62
0.7084,0.2694,-0.9848,0.0224,-2.52,2.87,3.85
0.7085,0.2655,-0.9819,0.0210,-2.94,3.08,4.55
0.7085,0.2630,-0.9892,0.0190,-2.87,2.73,4.41
0.7085,0.2660,-0.9926,0.0239,-2.80,3.01,4.41
0.7086,0.2708,-0.9887,0.0264,-3.01,2.87,4.06
0.7086,0.2689,-0.9916,0.0195,-3.29,3.15,4.83
0.7087,0.2684,-0.9926,0.0156,-3.01,3.01,4.06
0.7087,0.2708,-0.9916,0.0181,-2.94,3.08,4.55
0.7087,0.2699,-0.9945,0.0200,-3.22,3.08,4.34
0.7092,0.2694,-0.9984,0.0195,-3.01,3.01,4.55
0.7097,0.2718,-1.0009,0.0181,-3.36,3.15,4.20
0.7102,0.2699,-0.9989,0.0190,-3.22,3.01,4.62
0.7107,0.2704,-0.9980,0.0200,-3.50,3.36,3.85
0.7112,0.2694,-0.9975,0.0166,-3.22,3.08,4.69
0.7117,0.2679,-0.9970,0.0156,-3.99,3.08,3.78
0.7122,0.2694,-0.9984,0.0161,-3.22,3.08,4.62
0.7126,0.2699,-0.9955,0.0117,-3.50,3.50,5.11
0.7131,0.2713,-1.0014,0.0122,-3.57,3.22,3.92
0.7136,0.2684,-1.0033,0.0127,-3.50,3.36,5.11
0.7141,0.2664,-1.0014,0.0146,-3.64,3.15,3.99
0.7146,0.2684,-0.9999,0.0122,-3.99,3.57,5.04
0.7151,0.2694,-0.9999,0.0088,-3.92,3.50,3.99
0.7156,0.2694,-1.0019,0.0151,-3.92,3.50,4.83
0.7160,0.2723,-1.0048,0.0146,-3.92,3.29,4.27
0.7165,0.2699,-1.0067,0.0088,-4.20,3.43,4.62
0.7170,0.2655,-1.0048,0.0073,-3.85,3.64,4.90
0.7175,0.2708,-1.0058,0.0063,-4.06,3.57,4.62
0.7180,0.2733,-1.0097,0.0044,-4.27,3.57,4.90
0.7185,0.2713,-1.0087,0.0029,-4.06,3.78,4.69
0.7191,0.2723,-1.0033,0.0020,-4.48,3.29,4.97
0.7197,0.2757,-1.0063,0.0044,-4.48,3.78,4.83
0.7203,0.2728,-1.0072,0.0068,-4.48,3.43,5.25
0.7209,0.2674,-1.0043,0.0049,-4.41,3.64,4.20
0.7215,0.2660,-1.0038,0.0049,-3.99,3.92,6.23
0.7221,0.2660,-1.0024,0.0063,-4.69,3.92,4.27
0.7227,0.2684,-1.0019,0.0063,-4.27,3.99,6.16
0.7233,0.2679,-1.0038,0.0078,-4.76,3.71,4.55
0.7239,0.2650,-1.0033,0.0059,-4.13,4.20,6.02
0.7244,0.2650,-1.0019,-0.0015,-4.62,3.78,4.97
0.7250,0.2674,-1.0009,0.0020,-4.20,3.92,6.16
0.7256,0.2694,-0.9989,0.0078,-5.11,4.06,5.60
0.7262,0.2679,-0.9960,0.0078,-4.48,4.27,6.23
0.7268,0.2655,-0.9970,0.0078,-4.97,3.85,6.02
0.7274,0.2655,-1.0038,0.0054,-4.55,4.27,6.16
0.7280,0.2650,-1.0028,0.0034,-4.83,4.20,6.58
0.7286,0.2650,-0.9984,0.0054,-4.34,4.34,6.02
0.7292,0.2689,-0.9960,0.0083,-5.11,3.99,7.07
0.7298,0.2728,-0.9965,0.0049,-4.55,4.06,6.09
0.7304,0.2733,-0.9970,0.0049,-4.62,4.55,7.49
0.7316,0.2699,-0.9931,0.0083,-4.83,4.41,6.79
0.7327,0.2645,-0.9945,0.0102,-4.41,4.13,7.21
0.7339,0.2640,-0.9936,0.0073,-4.83,4.83,7.07
0.7350,0.2664,-0.9892,0.0054,-4.13,4.55,7.70
0.7361,0.2660,-0.9906,0.0088,-4.34,4.41,7.91
0.7373,0.2674,-0.9921,0.0063,-5.11,3.78,7.21
0.7384,0.2684,-0.9887,0.0068,-4.34,4.69,8.26
0.7396,0.2708,-0.9853,0.0083,-4.90,4.06,7.56
0.7407,0.2738,-0.9823,0.0068,-4.55,4.76,8.40
0.7419,0.2733,-0.9814,0.0078,-4.48,4.13,7.98
0.7430,0.2664,-0.9794,0.0078,-5.11,4.97,8.89
0.7442,0.2650,-0.9789,0.0039,-4.41,4.41,8.05
0.7453,0.2674,-0.9784,0.0020,-4.97,4.76,8.61
0.7465,0.2679,-0.9760,0.0068,-4.20,4.62,9.10
0.7476,0.2689,-0.9760,0.0078,-4.97,4.27,8.40
0.7488,0.2699,-0.9740,0.0020,-3.71,4.83,9.31
0.7499,0.2694,-0.9716,0.0020,-4.69,4.55,8.68
0.7511,0.2713,-0.9716,0.0029,-3.85,4.97,9.87
0.7522,0.2728,-0.9721,0.0063,-4.62,4.55,8.96
0.7533,0.2728,-0.9701,0.0098,-3.85,4.69,9.87
0.7547,0.2713,-0.9653,0.0039,-4.41,4.20,8.89
0.7560,0.2708,-0.9643,0.0015,-3.78,4.62,9.45
0.7573,0.2718,-0.9667,0.0015,-4.20,4.62,10.22
0.7586,0.2704,-0.9662,0.0054,-3.78,4.62,9.59
0.7600,0.2747,-0.9648,0.0068,-3.92,4.34,10.15
0.7613,0.2762,-0.9599,0.0059,-3.78,4.76,9.94
0.7626,0.2762,-0.9579,0.0049,-3.71,4.62,10.15
0.7639,0.2757,-0.9604,0.0024,-3.57,4.62,9.73
0.7652,0.2723,-0.9604,-0.0024,-3.43,4.48,10.29
0.7666,0.2738,-0.9570,-0.0029,-3.57,4.97,10.29
0.7679,0.2743,-0.9560,-0.0039,-3.29,4.62,10.29
0.7692,0.2728,-0.9584,-0.0044,-3.50,4.34,10.29
0.7705,0.2743,-0.9545,-0.0034,-3.08,4.34,9.94
0.7719,0.2782,-0.9531,-0.0015,-3.78,4.41,10.36
0.7732,0.2796,-0.9540,-0.0029,-2.66,4.41,9.94
0.7745,0.2782,-0.9545,-0.0029,-3.36,4.62,10.43
0.7758,0.2757,-0.9570,-0.0015,-2.80,4.83,10.29
0.7772,0.2743,-0.9560,-0.0015,-2.94,4.62,10.36
0.7785,0.2747,-0.9540,0.0005,-3.08,4.55,10.01
0.7798,0.2767,-0.9521,-0.0015,-2.87,4.27,10.50
0.7798,0.2767,-0.9516,-0.0068,-3.08,4.76,9.94
0.7799,0.2757,-0.9506,-0.0034,-2.24,3.78,10.43
0.7799,0.2786,-0.9462,0.0010,-3.08,4.83,9.94
0.7800,0.2806,-0.9482,-0.0020,-2.31,4.13,10.36
0.7800,0.2791,-0.9501,-0.0024,-2.73,4.34,9.73
0.7800,0.2791,-0.9492,-0.0029,-2.24,4.13,10.15
0.7801,0.2791,-0.9496,-0.0078,-2.38,4.76,9.80
0.7801,0.2772,-0.9472,-0.0054,-2.03,4.27,9.87
0.7802,0.2786,-0.9482,-0.0020,-2.24,4.27,9.94
0.7802,0.2801,-0.9526,-0.0024,-1.82,3.99,9.66
0.7802,0.2796,-0.9521,-0.0010,-1.75,4.48,10.08
0.7803,0.2796,-0.9501,-0.0034,-2.03,4.06,9.31
0.7803,0.2767,-0.9511,-0.0034,-1.61,4.27,9.94
0.7804,0.2757,-0.9496,-0.0034,-1.82,3.99,9.24
0.7804,0.2816,-0.9487,-0.0029,-1.75,3.99,9.80
0.7805,0.2796,-0.9501,0.0000,-1.75,4.13,8.89
0.7805,0.2752,-0.9501,-0.0024,-1.40,3.92,9.52
0.7805,0.2782,-0.9521,-0.0068,-1.68,4.13,8.75
0.7806,0.2791,-0.9521,-0.0054,-1.26,3.57,9.03
0.7806,0.2767,-0.9482,-0.0054,-1.12,4.55,8.96
0.7809,0.2791,-0.9457,-0.0078,-1.26,3.92,8.82
0.7812,0.2806,-0.9453,-0.0049,-0.91,4.48,9.10
0.7815,0.2782,-0.9453,-0.0063,-1.12,3.71,8.82
0.7818,0.2782,-0.9492,-0.0078,-0.91,4.34,8.68
0.7821,0.2811,-0.9526,-0.0029,-1.05,3.71,8.33
0.7824,0.2801,-0.9516,-0.0029,-0.56,4.06,8.68
0.7828,0.2728,-0.9501,-0.0044,-0.84,3.71,8.19
0.7831,0.2713,-0.9506,-0.0054,-0.56,3.92,8.68
0.7834,0.2723,-0.9536,-0.0073,-0.84,4.34,8.26
0.7837,0.2743,-0.9536,-0.0073,-0.28,3.22,7.98
0.7840,0.2718,-0.9536,-0.0054,-0.42,4.13,8.19
0.7843,0.2679,-0.9545,-0.0054,-0.28,3.57,8.05
0.7846,0.2704,-0.9550,-0.0049,-0.21,4.20,8.05
0.7849,0.2723,-0.9575,-0.0015,-0.21,3.50,7.91
0.7852,0.2718,-0.9575,-0.0049,-0.14,4.34,8.33
0.7855,0.2674,-0.9579,-0.0068,-0.28,3.50,7.21
0.7858,0.2679,-0.9579,-0.0059,0.00,4.13,8.12
0.7861,0.2704,-0.9579,-0.0059,0.28,3.78,7.56
0.7864,0.2669,-0.9560,-0.0034,0.07,4.13,8.12
0.7867,0.2645,-0.9540,-0.0049,0.07,3.57,7.21
0.7873,0.2645,-0.9594,-0.0059,0.35,3.78,7.70
0.7879,0.2650,-0.9589,-0.0034,0.07,3.85,7.21
0.7884,0.2660,-0.9565,-0.0059,0.49,3.71,7.49
0.7890,0.2669,-0.9594,-0.0098,0.28,4.06,7.49
0.7895,0.2655,-0.9594,-0.0083,0.42,3.22,7.21
0.7901,0.2664,-0.9614,-0.0034,0.70,4.13,7.42
0.7907,0.2694,-0.9609,-0.0015,0.63,3.64,7.28
0.7912,0.2655,-0.9643,-0.0024,0.70,3.85,7.35
0.7918,0.2655,-0.9667,-0.0078,0.84,3.50,7.00
0.7924,0.2694,-0.9628,-0.0083,0.63,4.13,7.42
0.7929,0.2694,-0.9628,-0.0068,0.77,3.57,6.86
0.7935,0.2708,-0.9648,-0.0054,1.05,3.71,7.42
0.7940,0.2728,-0.9672,-0.0034,1.05,3.92,6.86
0.7946,0.2752,-0.9672,-0.0044,1.05,4.06,7.42
0.7952,0.2752,-0.9658,-0.0049,1.33,3.78,6.86
0.7957,0.2704,-0.9633,-0.0044,1.12,3.57,7.35
0.7963,0.2708,-0.9628,-0.0020,1.19,3.71,6.44
0.7969,0.2718,-0.9633,-0.0024,1.47,3.57,7.28
0.7974,0.2723,-0.9648,0.0000,1.68,3.36,7.28
0.7980,0.2747,-0.9633,-0.0010,1.54,4.06,6.86
0.7985,0.2733,-0.9653,-0.0024,2.03,3.22,7.00
0.7991,0.2708,-0.9648,0.0000,1.47,4.20,7.14
0.7996,0.2645,-0.9653,0.0000,2.17,3.36,6.79
0.8002,0.2645,-0.9653,-0.0029,1.54,4.41,7.14
0.8007,0.2713,-0.9628,-0.0034,1.96,3.64,6.93
0.8013,0.2723,-0.9623,0.0005,1.96,3.71,7.28
0.8018,0.2728,-0.9648,0.0015,2.17,3.64,6.58
0.8024,0.2708,-0.9672,-0.0010,1.75,4.13,7.49
0.8029,0.2728,-0.9667,0.0015,2.24,3.43,6.58
0.8035,0.2747,-0.9648,0.0044,2.45,3.64,7.28
0.8040,0.2704,-0.9643,0.0049,2.52,3.78,6.79
0.8046,0.2689,-0.9638,0.0059,2.80,3.64,7.35
0.8051,0.2718,-0.9628,0.0029,2.38,3.71,6.86
0.8057,0.2723,-0.9594,0.0005,2.87,3.36,7.35
0.8062,0.2713,-0.9594,0.0034,2.45,3.57,6.86
0.8067,0.2747,-0.9609,0.0054,3.15,3.22,7.35
0.8073,0.2743,-0.9594,0.0000,2.59,4.13,7.14
0.8078,0.2728,-0.9594,-0.0010,3.22,3.57,7.42
0.8084,0.2718,-0.9594,0.0034,2.80,3.43,7.14
0.8089,0.2689,-0.9623,0.0005,3.29,3.71,7.28
0.8095,0.2679,-0.9614,0.0015,3.08,3.85,7.28
0.8101,0.2694,-0.9609,0.0059,3.29,3.15,6.58
0.8107,0.2708,-0.9594,0.0024,3.22,3.92,7.77
0.8112,0.2689,-0.9579,0.0034,3.57,3.50,7.00
0.8118,0.2694,-0.9604,0.0063,3.78,3.64,7.49
0.8124,0.2723,-0.9604,0.0102,3.08,3.36,6.93
0.8130,0.2728,-0.9570,0.0107,3.78,3.64,7.84
0.8135,0.2713,-0.9575,0.0044,3.36,3.36,7.00
0.8141,0.2718,-0.9614,0.0063,4.20,3.08,7.56
0.8147,0.2733,-0.9614,0.0132,3.71,3.57,6.93
0.8152,0.2728,-0.9599,0.0132,4.20,3.08,7.70
0.8158,0.2728,-0.9589,0.0127,3.92,3.43,6.86
0.8164,0.2699,-0.9584,0.0132,4.48,2.87,7.07
0.8170,0.2674,-0.9589,0.0083,4.20,3.78,7.14
0.8175,0.2713,-0.9594,0.0073,4.41,2.80,7.00
0.8181,0.2689,-0.9560,0.0102,4.62,3.71,7.35
0.8187,0.2679,-0.9545,0.0112,4.20,2.94,7.07
0.8193,0.2723,-0.9584,0.0088,4.76,3.50,7.14
0.8198,0.2699,-0.9594,0.0068,4.41,3.22,7.00
0.8204,0.2684,-0.9604,0.0107,4.90,3.50,7.35
0.8210,0.2694,-0.9589,0.0088,4.41,2.94,6.58
0.8216,0.2684,-0.9604,0.0083,5.32,3.15,7.28
0.8221,0.2664,-0.9638,0.0137,4.69,2.94,6.72
0.8227,0.2655,-0.9648,0.0146,5.39,3.43,7.14
0.8233,0.2664,-0.9628,0.0088,4.97,3.08,6.65
0.8239,0.2708,-0.9614,0.0078,5.60,3.15,7.00
0.8244,0.2733,-0.9638,0.0107,4.97,3.29,6.58
0.8250,0.2699,-0.9658,0.0088,5.32,2.66,7.14
0.8256,0.2679,-0.9667,0.0083,5.18,3.43,6.51
0.8262,0.2684,-0.9677,0.0068,5.39,2.73,6.44
0.8268,0.2699,-0.9667,0.0073,5.32,3.29,6.37
0.8273,0.2752,-0.9692,0.0117,5.53,2.73,6.65
0.8279,0.2767,-0.9750,0.0102,5.67,3.22,6.58
0.8285,0.2728,-0.9721,0.0122,5.88,3.50,6.86
0.8291,0.2752,-0.9765,0.0142,5.32,2.52,5.95
0.8296,0.2733,-0.9775,0.0132,6.02,3.22,7.07
0.8302,0.2713,-0.9770,0.0137,5.39,2.59,5.81
0.8308,0.2723,-0.9780,0.0122,5.74,2.87,6.93
0.8314,0.2743,-0.9780,0.0117,5.88,2.52,5.67
0.8319,0.2762,-0.9799,0.0132,5.95,2.52,6.30
0.8325,0.2777,-0.9799,0.0146,5.88,2.87,6.37
0.8330,0.2791,-0.9789,0.0156,5.95,2.24,5.95
0.8336,0.2782,-0.9760,0.0146,5.95,2.66,6.23
0.8341,0.2767,-0.9780,0.0107,5.95,2.17,5.95
0.8347,0.2786,-0.9843,0.0088,6.09,2.87,5.95
0.8352,0.2830,-0.9872,0.0132,5.74,1.89,5.95
0.8358,0.2830,-0.9853,0.0146,6.16,2.94,6.23
0.8363,0.2821,-0.9872,0.0146,5.74,1.96,5.67
0.8368,0.2821,-0.9882,0.0166,6.16,2.59,5.88
0.8374,0.2855,-0.9877,0.0171,5.81,1.89,5.88
0.8379,0.2874,-0.9931,0.0166,6.37,2.38,5.74
0.8385,0.2850,-0.9931,0.0195,5.67,1.82,5.67
0.8390,0.2845,-0.9916,0.0161,6.58,2.10,5.74
0.8396,0.2850,-0.9911,0.0142,5.67,2.24,5.11
0.8401,0.2855,-0.9916,0.0220,6.44,1.89,6.09
0.8406,0.2860,-0.9902,0.0195,5.67,2.10,5.25
0.8412,0.2840,-0.9892,0.0161,6.44,1.75,5.53
0.8417,0.2830,-0.9936,0.0185,5.88,1.61,4.69
0.8423,0.2860,-0.9980,0.0205,6.02,1.33,5.25
0.8428,0.2889,-0.9955,0.0220,6.09,1.68,4.83
0.8434,0.2879,-0.9921,0.0215,5.95,1.05,4.83
0.8440,0.2899,-0.9960,0.0200,6.09,1.54,4.90
0.8446,0.2948,-1.0019,0.0229,5.88,1.19,4.76
0.8451,0.2948,-1.0014,0.0229,6.44,1.47,4.97
0.8457,0.2943,-1.0019,0.0190,5.88,0.84,4.69
0.8463,0.2908,-1.0048,0.0229,6.02,1.26,4.55
0.8469,0.2908,-1.0043,0.0264,5.88,0.56,3.99
0.8474,0.2943,-1.0053,0.0229,6.02,0.98,4.62
0.8480,0.2977,-1.0043,0.0205,6.02,0.70,3.92
0.8486,0.2987,-1.0058,0.0234,5.95,0.56,4.27
0.8492,0.2977,-1.0102,0.0224,6.30,0.56,3.50
0.8497,0.3021,-1.0087,0.0220,5.53,0.07,4.06
0.8503,0.3070,-1.0102,0.0229,5.81,1.05,3.64
0.8509,0.3030,-1.0155,0.0215,5.46,0.00,3.57
0.8515,0.2972,-1.0199,0.0220,6.02,0.70,3.36
0.8520,0.2977,-1.0228,0.0220,5.39,-0.28,3.57
0.8526,0.3016,-1.0224,0.0229,5.81,0.28,3.22
0.8532,0.3065,-1.0228,0.0259,5.39,-0.56,2.80
0.8538,0.3035,-1.0238,0.0283,5.67,0.21,3.29
0.8543,0.3026,-1.0272,0.0234,5.74,-0.63,2.24
0.8556,0.3074,-1.0272,0.0195,5.32,-0.14,3.29
0.8569,0.3079,-1.0243,0.0224,5.53,-0.49,2.10
0.8582,0.3113,-1.0268,0.0229,5.18,-0.35,3.01
0.8594,0.3138,-1.0292,0.0215,5.25,-0.70,2.24
0.8607,0.3055,-1.0297,0.0229,5.25,-0.56,2.73
0.8620,0.2977,-1.0302,0.0249,5.39,-0.91,2.24
0.8633,0.3021,-1.0331,0.0239,5.39,-0.91,2.31
0.8645,0.3055,-1.0360,0.0200,5.32,-0.63,2.10
0.8658,0.3021,-1.0355,0.0166,5.32,-1.19,2.52
0.8671,0.3016,-1.0394,0.0190,5.32,-0.77,2.03
0.8684,0.3040,-1.0404,0.0210,4.90,-1.75,2.03
0.8696,0.3030,-1.0394,0.0220,5.11,-0.35,2.31
0.8709,0.3045,-1.0429,0.0215,4.69,-2.10,1.82
0.8722,0.3065,-1.0433,0.0181,5.32,-0.63,2.59
0.8735,0.3055,-1.0409,0.0161,4.97,-1.82,1.68
0.8748,0.3011,-1.0380,0.0190,5.18,-0.91,2.45
0.8760,0.2967,-1.0380,0.0210,4.76,-1.82,1.96
0.8773,0.2977,-1.0404,0.0176,5.32,-1.26,2.59
0.8786,0.2948,-1.0448,0.0195,4.76,-1.61,1.89
0.8799,0.2933,-1.0424,0.0244,5.46,-1.47,2.45
0.8799,0.2943,-1.0429,0.0210,4.69,-1.54,2.03
0.8799,0.2933,-1.0472,0.0195,5.32,-1.75,2.59
0.8800,0.2972,-1.0414,0.0200,4.69,-1.54,2.10
0.8800,0.2943,-1.0419,0.0205,5.46,-1.89,2.31
0.8800,0.2884,-1.0492,0.0195,4.62,-1.33,2.45
0.8801,0.2908,-1.0497,0.0171,5.11,-2.24,2.03
0.8801,0.2913,-1.0482,0.0195,4.83,-1.40,2.52
0.8801,0.2908,-1.0497,0.0229,5.46,-2.38,1.82
0.8801,0.2894,-1.0477,0.0249,4.83,-1.33,2.66
0.8802,0.2894,-1.0487,0.0224,5.32,-2.17,2.17
0.8802,0.2889,-1.0521,0.0215,4.97,-1.33,2.80
0.8802,0.2884,-1.0502,0.0234,4.97,-2.03,2.31
0.8803,0.2889,-1.0472,0.0244,5.25,-1.68,2.73
0.8803,0.2850,-1.0463,0.0220,4.76,-2.10,2.17
0.8803,0.2830,-1.0458,0.0210,5.46,-1.89,2.73
0.8804,0.2811,-1.0487,0.0215,4.97,-2.03,2.38
0.8804,0.2816,-1.0477,0.0205,5.39,-1.96,2.66
0.8804,0.2840,-1.0419,0.0220,5.04,-1.47,2.59
0.8805,0.2830,-1.0414,0.0210,5.46,-2.24,2.38
0.8805,0.2835,-1.0424,0.0166,5.11,-1.12,2.73
0.8809,0.2860,-1.0424,0.0215,5.60,-2.45,2.38
0.8812,0.2850,-1.0424,0.0239,5.39,-1.26,2.73
0.8816,0.2826,-1.0424,0.0220,5.53,-2.17,2.45
0.8820,0.2816,-1.0438,0.0210,5.18,-1.33,2.87
0.8823,0.2801,-1.0429,0.0181,5.46,-2.31,2.52
0.8827,0.2816,-1.0404,0.0220,5.46,-1.19,2.66
0.8830,0.2830,-1.0404,0.0234,5.81,-2.17,2.59
0.8834,0.2835,-1.0419,0.0273,5.67,-1.33,2.80
0.8838,0.2826,-1.0409,0.0239,5.81,-2.10,2.66
0.8841,0.2811,-1.0429,0.0229,5.81,-1.47,2.66
0.8845,0.2801,-1.0482,0.0244,6.30,-1.05,3.15
0.8848,0.2835,-1.0477,0.0234,5.88,-1.75,2.66
0.8852,0.2860,-1.0443,0.0224,6.30,-1.12,3.36
0.8856,0.2830,-1.0424,0.0215,6.02,-1.54,2.45
0.8859,0.2835,-1.0404,0.0249,6.44,-1.47,3.36
0.8863,0.2826,-1.0394,0.0298,5.95,-1.61,3.08
0.8866,0.2801,-1.0399,0.0307,6.65,-1.40,3.22
0.8870,0.2826,-1.0419,0.0288,6.30,-1.40,2.94
0.8874,0.2821,-1.0419,0.0264,7.00,-1.82,2.94
0.8877,0.2801,-1.0394,0.0249,6.58,-0.77,3.29
0.8883,0.2811,-1.0375,0.0264,7.00,-1.40,2.87
0.8888,0.2826,-1.0419,0.0278,6.93,-0.98,3.29
0.8894,0.2821,-1.0472,0.0254,6.93,-1.47,3.15
0.8900,0.2830,-1.0438,0.0249,7.07,-0.84,3.36
0.8905,0.2855,-1.0414,0.0273,7.00,-1.26,2.94
0.8911,0.2830,-1.0404,0.0298,7.70,-0.77,3.50
0.8916,0.2835,-1.0429,0.0259,7.91,-0.63,3.85
0.8922,0.2879,-1.0438,0.0283,7.28,-0.70,2.66
0.8928,0.2884,-1.0404,0.0268,8.26,-0.84,3.78
0.8933,0.2826,-1.0394,0.0254,7.00,-0.56,2.87
0.8939,0.2806,-1.0453,0.0273,8.33,-0.91,3.64
0.8945,0.2840,-1.0477,0.0273,7.70,-0.56,2.94
0.8950,0.2855,-1.0453,0.0268,8.19,-1.33,3.36
0.8956,0.2821,-1.0458,0.0273,7.84,0.00,3.29
0.8961,0.2840,-1.0468,0.0322,8.26,-1.12,3.43
0.8967,0.2874,-1.0477,0.0342,8.40,-0.14,3.29
0.8973,0.2845,-1.0477,0.0327,8.54,-0.77,3.22
0.8978,0.2840,-1.0477,0.0273,8.68,-0.07,3.57
0.8984,0.2850,-1.0497,0.0278,8.26,-0.77,2.73
0.8989,0.2821,-1.0507,0.0293,8.89,0.00,3.64
0.8995,0.2821,-1.0497,0.0268,8.61,-0.49,2.66
0.9000,0.2845,-1.0516,0.0293,9.17,-0.42,3.99
0.9006,0.2845,-1.0541,0.0259,8.47,-0.14,2.66
0.9011,0.2855,-1.0594,0.0307,9.24,-0.35,3.78
0.9017,0.2850,-1.0629,0.0371,8.82,0.21,2.66
0.9022,0.2850,-1.0643,0.0342,9.31,-0.63,3.43
0.9028,0.2865,-1.0682,0.0298,9.24,0.35,3.08
0.9033,0.2894,-1.0692,0.0283,9.38,-0.77,3.15
0.9039,0.2904,-1.0687,0.0303,9.24,0.70,3.36
0.9044,0.2913,-1.0697,0.0312,9.52,-0.35,3.15
0.9050,0.2904,-1.0716,0.0322,9.80,0.70,3.36
0.9055,0.2879,-1.0741,0.0298,9.38,-0.42,3.15
0.9061,0.2894,-1.0736,0.0288,9.94,0.91,3.71
0.9066,0.2943,-1.0760,0.0288,9.24,-0.21,2.80
0.9072,0.2977,-1.0809,0.0268,10.15,0.84,3.71
0.9077,0.2952,-1.0824,0.0283,9.31,0.21,3.01
0.9083,0.2933,-1.0858,0.0307,10.50,0.49,3.92
0.9088,0.2967,-1.0838,0.0317,9.59,0.28,2.59
0.9094,0.2987,-1.0843,0.0293,10.29,0.70,3.99
0.9099,0.2972,-1.0887,0.0288,9.59,0.56,2.73
0.9105,0.2938,-1.0882,0.0273,10.50,0.42,3.64
0.9111,0.2943,-1.0917,0.0278,9.59,0.98,3.01
0.9117,0.3001,-1.0951,0.0332,10.43,0.56,3.85
0.9123,0.3016,-1.0965,0.0317,9.80,1.12,2.87
0.9128,0.3011,-1.0990,0.0303,10.57,0.91,3.85
0.9134,0.3021,-1.1014,0.0283,10.29,1.68,3.15
0.9140,0.3021,-1.1009,0.0254,9.87,0.91,3.92
0.9146,0.3040,-1.1053,0.0264,10.57,1.12,3.15
0.9151,0.3050,-1.1107,0.0332,10.22,0.91,3.57
0.9157,0.3035,-1.1082,0.0366,10.57,1.19,3.43
0.9163,0.3040,-1.1112,0.0307,10.01,0.98,3.43
0.9169,0.3113,-1.1151,0.0278,11.06,1.96,3.78
0.9175,0.3104,-1.1180,0.0283,10.01,0.77,3.29
0.9180,0.3060,-1.1195,0.0259,10.64,1.19,3.71
0.9186,0.3070,-1.1175,0.0273,10.01,0.98,3.15
0.9192,0.3089,-1.1204,0.0337,10.92,1.54,4.06
0.9198,0.3099,-1.1253,0.0342,9.94,0.84,2.80
0.9204,0.3089,-1.1297,0.0307,10.64,1.75,4.62
0.9209,0.3109,-1.1287,0.0303,10.36,1.05,2.87
0.9215,0.3113,-1.1287,0.0332,10.78,1.54,4.62
0.9227,0.3109,-1.1341,0.0342,10.08,1.54,3.08
0.9238,0.3094,-1.1336,0.0327,10.43,1.54,4.34
0.9249,0.3109,-1.1326,0.0322,10.29,1.61,3.36
0.9261,0.3099,-1.1331,0.0317,10.15,2.10,3.92
0.9272,0.3074,-1.1370,0.0312,10.43,1.40,4.13
0.9283,0.3070,-1.1419,0.0312,10.64,2.38,4.69
0.9295,0.3074,-1.1424,0.0366,10.22,1.33,3.64
0.9306,0.3089,-1.1414,0.0381,10.43,2.38,4.97
0.9318,0.3089,-1.1453,0.0327,10.57,1.40,3.78
0.9329,0.3065,-1.1478,0.0298,10.36,2.31,5.46
0.9340,0.3079,-1.1458,0.0371,10.29,1.54,4.13
0.9352,0.3109,-1.1468,0.0400,10.50,2.03,5.60
0.9363,0.3123,-1.1507,0.0337,10.22,1.89,4.55
0.9374,0.3113,-1.1531,0.0327,10.36,2.31,5.88
0.9386,0.3123,-1.1522,0.0381,10.08,2.24,4.83
0.9397,0.3152,-1.1527,0.0386,10.64,2.10,6.23
0.9408,0.3157,-1.1536,0.0327,10.08,2.45,5.32
0.9420,0.3157,-1.1546,0.0327,10.78,2.03,6.23
0.9431,0.3177,-1.1580,0.0366,10.08,2.38,5.60
0.9443,0.3226,-1.1570,0.0395,10.57,2.52,6.86
0.9448,0.3201,-1.1658,0.0346,10.78,1.96,7.00
0.9453,0.3245,-1.1653,0.0410,9.94,2.24,6.30
0.9459,0.3235,-1.1653,0.0395,10.85,2.59,7.42
0.9464,0.3226,-1.1663,0.0386,9.94,2.87,7.00
0.9469,0.3265,-1.1683,0.0405,10.43,2.24,7.42
0.9475,0.3289,-1.1702,0.0415,10.01,3.08,7.91
0.9480,0.3294,-1.1707,0.0351,10.29,2.31,7.77
0.9485,0.3299,-1.1692,0.0361,10.43,3.01,8.26
0.9491,0.3328,-1.1688,0.0405,10.22,2.80,7.98
0.9496,0.3323,-1.1688,0.0395,10.50,3.22,8.89
0.9501,0.3338,-1.1692,0.0361,10.08,2.52,8.05
0.9507,0.3387,-1.1688,0.0356,10.64,2.73,9.73
0.9512,0.3401,-1.1727,0.0356,10.01,2.59,8.54
0.9518,0.3392,-1.1722,0.0386,10.64,2.87,10.29
0.9523,0.3392,-1.1722,0.0395,10.15,2.59,8.82
0.9528,0.3426,-1.1732,0.0376,10.50,2.87,10.43
0.9534,0.3455,-1.1732,0.0390,10.22,2.94,9.73
0.9539,0.3445,-1.1722,0.0376,10.64,2.73,10.71
0.9544,0.3426,-1.1736,0.0371,9.94,3.29,10.22
0.9550,0.3436,-1.1785,0.0366,10.71,2.38,10.85
0.9563,0.3475,-1.1780,0.0376,9.80,3.36,10.64
0.9576,0.3489,-1.1771,0.0390,10.85,2.73,11.34
0.9589,0.3455,-1.1761,0.0356,10.15,3.01,11.55
0.9602,0.3416,-1.1766,0.0332,11.13,3.08,11.62
0.9615,0.3445,-1.1780,0.0371,9.87,3.36,12.04
0.9628,0.3470,-1.1795,0.0376,10.78,3.22,12.04
0.9641,0.3431,-1.1790,0.0351,10.43,3.22,12.60
0.9654,0.3421,-1.1756,0.0346,10.50,3.50,12.67
0.9667,0.3465,-1.1746,0.0327,10.64,2.94,12.60
0.9680,0.3499,-1.1722,0.0317,10.43,3.43,12.81
0.9693,0.3484,-1.1697,0.0346,10.57,3.15,13.58
0.9706,0.3440,-1.1736,0.0327,10.22,3.08,13.23
0.9719,0.3436,-1.1741,0.0298,11.06,3.50,14.07
0.9732,0.3455,-1.1727,0.0317,10.29,3.36,13.72
0.9745,0.3445,-1.1751,0.0337,10.99,3.71,14.49
0.9758,0.3460,-1.1746,0.0371,10.43,3.43,13.86
0.9771,0.3470,-1.1722,0.0361,10.99,3.29,15.05
0.9784,0.3455,-1.1692,0.0332,10.57,3.57,14.56
0.9797,0.3416,-1.1688,0.0317,11.20,3.43,15.26
0.9810,0.3387,-1.1668,0.0312,10.85,3.50,15.19
0.9811,0.3401,-1.1658,0.0317,10.71,3.43,15.68
0.9811,0.3411,-1.1653,0.0337,11.20,3.50,16.03
0.9812,0.3406,-1.1624,0.0322,11.41,3.99,15.96
0.9812,0.3377,-1.1634,0.0376,11.34,3.71,16.45
0.9812,0.3343,-1.1629,0.0366,10.99,4.13,16.66
0.9813,0.3338,-1.1629,0.0327,11.48,4.06,17.08
0.9813,0.3348,-1.1624,0.0322,11.41,4.06,17.22
0.9814,0.3328,-1.1614,0.0346,11.55,3.92,17.15
0.9814,0.3323,-1.1585,0.0346,11.55,4.20,17.85
0.9814,0.3328,-1.1551,0.0351,11.69,4.13,17.57
0.9815,0.3314,-1.1570,0.0400,11.62,4.34,18.27
0.9815,0.3309,-1.1580,0.0386,11.90,4.06,17.85
0.9816,0.3294,-1.1556,0.0342,12.11,4.48,19.11
0.9816,0.3284,-1.1536,0.0332,12.11,3.92,17.78
0.9816,0.3289,-1.1551,0.0346,11.76,4.13,19.18
0.9817,0.3309,-1.1556,0.0351,12.25,4.34,18.62
0.9817,0.3284,-1.1512,0.0342,11.97,4.97,19.67
0.9818,0.3284,-1.1492,0.0342,12.53,4.62,18.97
0.9818,0.3318,-1.1492,0.0361,12.39,4.62,20.30
0.9818,0.3265,-1.1478,0.0346,12.18,4.76,19.25
0.9821,0.3250,-1.1448,0.0386,12.95,4.48,20.16
0.9824,0.3260,-1.1424,0.0425,12.32,4.41,19.60
0.9827,0.3240,-1.1453,0.0400,13.02,4.97,20.44
0.9830,0.3250,-1.1424,0.0400,12.11,4.83,20.09
0.9834,0.3255,-1.1400,0.0425,13.30,4.83,20.58
0.9837,0.3284,-1.1439,0.0405,12.53,4.83,20.51
0.9840,0.3270,-1.1439,0.0400,13.30,5.11,20.65
0.9843,0.3255,-1.1400,0.0420,13.02,5.25,21.00
0.9846,0.3274,-1.1375,0.0410,13.44,5.11,20.72
0.9849,0.3260,-1.1366,0.0395,13.37,5.25,21.14
0.9852,0.3265,-1.1366,0.0381,13.58,5.32,21.21
0.9855,0.3274,-1.1370,0.0386,13.86,5.60,21.70
0.9858,0.3265,-1.1380,0.0420,13.37,5.25,21.07
0.9861,0.3250,-1.1390,0.0425,14.35,5.53,21.77
0.9864,0.3216,-1.1380,0.0376,13.51,5.32,21.56
0.9867,0.3216,-1.1361,0.0371,14.63,5.67,22.33
0.9870,0.3206,-1.1326,0.0429,13.79,5.32,21.42
0.9873,0.3201,-1.1312,0.0444,14.77,5.74,22.33
0.9876,0.3187,-1.1326,0.0439,14.21,6.37,22.33
0.9879,0.3172,-1.1331,0.0459,14.77,5.67,22.12
0.9886,0.3182,-1.1312,0.0459,14.49,5.74,22.68
0.9892,0.3157,-1.1278,0.0459,14.56,5.74,22.40
0.9898,0.3133,-1.1248,0.0473,15.12,6.37,23.38
0.9904,0.3177,-1.1253,0.0454,14.77,5.95,22.40
0.9911,0.3221,-1.1253,0.0425,15.68,6.58,23.45
0.9917,0.3196,-1.1234,0.0464,14.77,5.95,22.40
0.9923,0.3182,-1.1229,0.0473,16.17,6.44,23.73
0.9929,0.3167,-1.1180,0.0439,15.05,6.16,22.82
0.9936,0.3152,-1.1180,0.0454,16.17,6.65,24.15
0.9942,0.3172,-1.1204,0.0473,15.33,6.37,22.61
0.9948,0.3177,-1.1204,0.0503,16.59,6.72,24.43
0.9954,0.3152,-1.1200,0.0517,15.82,6.72,23.10
0.9961,0.3167,-1.1190,0.0542,16.87,6.58,24.43
0.9967,0.3201,-1.1170,0.0566,15.96,6.86,23.17
0.9973,0.3143,-1.1146,0.0512,16.80,6.79,24.43
0.9980,0.3099,-1.1161,0.0468,16.52,6.86,23.38
0.9986,0.3123,-1.1185,0.0551,16.73,6.72,24.29
0.9992,0.3118,-1.1180,0.0561,17.29,7.77,24.08
0.9998,0.3094,-1.1097,0.0527,17.01,7.28,23.94
1.0005,0.3070,-1.1122,0.0527,17.43,6.79,24.36
1.0010,0.3089,-1.1131,0.0517,17.57,7.35,24.29
1.0016,0.3089,-1.1136,0.0498,17.50,6.86,24.01
1.0022,0.3089,-1.1082,0.0517,17.92,7.70,24.57
1.0028,0.3084,-1.1053,0.0542,17.57,7.70,24.29
1.0033,0.3060,-1.1039,0.0556,18.06,8.12,24.99
1.0039,0.3035,-1.1048,0.0566,17.85,7.49,23.66
1.0045,0.3030,-1.1063,0.0581,18.76,7.63,25.20
1.0051,0.3060,-1.1009,0.0571,18.06,7.91,23.73
1.0057,0.3045,-1.0990,0.0551,18.76,7.70,25.13
1.0062,0.3045,-1.0956,0.0571,18.41,8.19,23.87
1.0068,0.3035,-1.0960,0.0595,19.18,7.84,25.34
1.0074,0.3035,-1.0980,0.0605,18.69,7.98,23.80
1.0080,0.3050,-1.0946,0.0630,19.32,8.54,25.62
1.0085,0.3011,-1.0970,0.0615,19.04,8.12,24.22
1.0091,0.3021,-1.1000,0.0590,19.67,7.91,25.06
1.0097,0.3065,-1.0917,0.0625,19.46,8.68,24.43
1.0103,0.3079,-1.0853,0.0654,19.95,7.70,24.99
1.0109,0.3055,-1.0868,0.0644,19.81,8.61,24.57
1.0114,0.3030,-1.0878,0.0644,20.09,7.91,25.06
1.0120,0.2987,-1.0878,0.0644,19.95,8.82,24.85
1.0125,0.2987,-1.0873,0.0649,20.51,8.12,24.71
1.0130,0.3030,-1.0863,0.0644,20.37,8.75,25.34
1.0136,0.3030,-1.0838,0.0654,21.07,8.54,24.78
1.0141,0.3060,-1.0814,0.0673,20.86,8.75,24.99
1.0146,0.3074,-1.0770,0.0683,20.72,8.89,24.85
1.0151,0.3074,-1.0785,0.0732,21.49,8.82,25.27
1.0156,0.3074,-1.0804,0.0722,20.79,8.89,24.71
1.0161,0.3065,-1.0785,0.0708,21.84,8.75,25.48
1.0166,0.3050,-1.0785,0.0756,21.28,9.31,24.85
1.0172,0.3065,-1.0795,0.0752,22.12,8.82,25.41
1.0177,0.3089,-1.0785,0.0712,21.63,9.17,24.57
1.0182,0.3060,-1.0741,0.0698,22.33,8.82,25.41
1.0187,0.3045,-1.0751,0.0703,21.84,9.24,24.29
1.0192,0.3065,-1.0790,0.0712,23.17,9.24,25.83
1.0197,0.3060,-1.0790,0.0752,21.70,9.45,24.50
1.0203,0.3070,-1.0741,0.0795,23.31,9.59,25.69
1.0208,0.3104,-1.0731,0.0795,22.26,9.03,24.29
1.0213,0.3113,-1.0741,0.0766,23.24,9.31,25.34
1.0218,0.3113,-1.0712,0.0766,22.82,9.17,24.36
1.0223,0.3084,-1.0692,0.0791,23.31,9.45,25.41
1.0229,0.3074,-1.0712,0.0795,23.24,8.96,24.15
1.0234,0.3109,-1.0726,0.0776,23.59,9.66,25.20
1.0240,0.3138,-1.0673,0.0766,23.52,9.31,24.64
1.0246,0.3118,-1.0619,0.0776,23.73,9.52,24.43
1.0251,0.3070,-1.0643,0.0795,23.87,9.73,25.06
1.0257,0.3089,-1.0653,0.0830,24.01,9.17,24.08
1.0263,0.3074,-1.0629,0.0820,24.22,9.66,24.85
1.0268,0.3065,-1.0609,0.0776,24.36,8.96,24.22
1.0274,0.3113,-1.0614,0.0791,24.78,9.31,24.78
1.0280,0.3109,-1.0624,0.0815,24.36,9.17,24.08
1.0285,0.3089,-1.0604,0.0786,24.99,9.24,24.50
1.0291,0.3060,-1.0575,0.0869,25.20,9.38,23.87
1.0297,0.3109,-1.0551,0.0878,25.41,9.24,24.01
1.0302,0.3079,-1.0541,0.0864,25.55,9.24,24.15
1.0308,0.3079,-1.0541,0.0883,25.62,9.80,24.36
1.0314,0.3113,-1.0521,0.0854,25.55,9.17,23.31
1.0319,0.3074,-1.0477,0.0908,25.97,9.45,24.08
1.0325,0.3055,-1.0482,0.0932,25.76,9.10,23.17
1.0330,0.3055,-1.0512,0.0903,26.32,9.59,24.08
1.0336,0.3079,-1.0492,0.0917,26.39,9.03,22.82
1.0342,0.3099,-1.0477,0.0932,26.39,9.66,24.01
1.0348,0.3104,-1.0438,0.0917,26.60,8.68,22.33
1.0354,0.3143,-1.0399,0.0932,27.02,9.45,23.87
1.0360,0.3123,-1.0404,0.0952,26.88,8.96,22.19
1.0365,0.3089,-1.0394,0.0932,27.09,9.59,23.73
1.0371,0.3104,-1.0380,0.0947,27.30,8.75,21.98
1.0377,0.3079,-1.0399,0.0991,27.23,9.66,23.24
1.0383,0.3074,-1.0390,0.1005,27.44,8.47,21.98
1.0389,0.3089,-1.0350,0.0966,27.65,9.17,22.68
1.0395,0.3079,-1.0302,0.0937,27.79,8.82,21.98
1.0400,0.3070,-1.0287,0.0927,27.79,8.82,21.84
1.0406,0.3089,-1.0297,0.0961,27.79,8.82,22.12
1.0412,0.3143,-1.0272,0.0971,28.49,8.89,21.49
1.0418,0.3138,-1.0258,0.0976,28.14,8.75,21.98
1.0424,0.3099,-1.0253,0.1005,28.70,8.68,21.07
1.0430,0.3094,-1.0233,0.1020,28.63,8.75,21.77
1.0436,0.3138,-1.0214,0.1020,29.12,8.82,20.86
1.0441,0.3162,-1.0214,0.1044,28.84,8.89,21.28
1.0447,0.3123,-1.0233,0.1069,29.19,8.75,20.65
1.0453,0.3079,-1.0185,0.1039,29.33,8.54,21.14
1.0459,0.3079,-1.0136,0.1044,29.33,8.54,20.23
1.0464,0.3104,-1.0165,0.1069,29.96,8.47,20.86
1.0469,0.3094,-1.0180,0.1035,29.68,8.61,20.16
1.0475,0.3079,-1.0150,0.1044,29.96,8.61,20.23
1.0480,0.3123,-1.0136,0.1098,29.75,8.61,20.02
1.0485,0.3167,-1.0126,0.1127,30.66,8.26,20.02
1.0491,0.3143,-1.0102,0.1127,30.31,8.12,19.60
1.0496,0.3109,-1.0072,0.1113,30.59,8.61,19.74
1.0501,0.3104,-1.0019,0.1122,30.94,7.84,19.46
1.0507,0.3099,-1.0024,0.1137,31.01,8.68,19.25
1.0512,0.3099,-1.0038,0.1113,31.29,7.42,18.97
1.0517,0.3118,-1.0009,0.1093,31.15,8.47,19.18
1.0523,0.3128,-1.0014,0.1157,31.36,7.14,18.34
1.0528,0.3118,-1.0019,0.1157,31.78,8.40,19.11
1.0533,0.3123,-1.0009,0.1122,31.71,7.42,18.34
1.0539,0.3162,-1.0014,0.1103,31.99,8.19,18.55
1.0544,0.3177,-0.9999,0.1103,32.06,7.49,18.48
1.0549,0.3143,-0.9960,0.1142,32.34,8.05,18.41
1.0555,0.3128,-0.9965,0.1142,32.48,7.56,18.20
1.0560,0.3157,-0.9994,0.1157,32.76,7.77,17.99
1.0573,0.3177,-0.9980,0.1205,33.04,7.70,17.85
1.0586,0.3221,-0.9955,0.1196,32.90,7.56,18.13
1.0599,0.3226,-0.9989,0.1176,33.53,7.42,17.22
1.0612,0.3211,-1.0043,0.1215,32.97,7.42,17.78
1.0625,0.3196,-1.0038,0.1235,33.60,7.70,17.36
1.0638,0.3133,-0.9999,0.1220,33.81,7.00,17.43
1.0651,0.3123,-0.9970,0.1215,33.60,8.05,17.08
1.0664,0.3113,-0.9941,0.1230,33.95,6.65,16.87
1.0677,0.3128,-0.9955,0.1244,33.95,7.77,17.29
1.0690,0.3172,-0.9970,0.1240,34.23,7.14,16.52
1.0703,0.3182,-0.9960,0.1240,34.44,7.56,17.08
1.0716,0.3177,-0.9970,0.1249,34.30,6.37,16.10
1.0729,0.3162,-0.9984,0.1244,34.44,7.56,16.59
1.0742,0.3162,-0.9984,0.1235,34.72,6.86,15.82
1.0756,0.3157,-0.9975,0.1259,35.07,7.21,16.66
1.0769,0.3128,-0.9975,0.1269,35.07,6.51,15.89
1.0782,0.3123,-0.9965,0.1259,35.14,6.72,15.89
1.0795,0.3162,-0.9941,0.1269,35.21,6.65,15.82
1.0808,0.3152,-0.9945,0.1269,35.63,6.79,15.33
1.0821,0.3128,-0.9941,0.1274,35.35,6.58,15.54
1.0821,0.3152,-0.9931,0.1303,35.84,6.51,15.40
1.0821,0.3148,-0.9941,0.1288,35.84,6.58,15.47
1.0822,0.3113,-0.9911,0.1279,35.84,6.65,14.98
1.0822,0.3143,-0.9897,0.1283,35.84,7.00,15.19
1.0822,0.3118,-0.9921,0.1288,36.26,6.44,14.77
1.0823,0.3084,-0.9931,0.1293,36.33,6.44,14.91
1.0823,0.3123,-0.9931,0.1288,36.61,6.37,14.42
1.0823,0.3104,-0.9950,0.1337,36.61,6.65,14.56
1.0823,0.3060,-0.9926,0.1313,36.82,6.65,14.35
1.0824,0.3055,-0.9950,0.1366,37.10,6.44,14.56
1.0824,0.3070,-0.9960,0.1362,37.24,6.58,13.79
1.0824,0.3079,-0.9906,0.1318,37.24,6.37,14.42
1.0825,0.3040,-0.9911,0.1318,37.24,6.51,13.65
1.0825,0.3035,-0.9955,0.1327,37.59,6.58,14.00
1.0825,0.3060,-0.9965,0.1342,37.45,6.23,13.86
1.0826,0.3045,-0.9965,0.1381,37.59,6.37,13.79
1.0826,0.3040,-0.9960,0.1391,37.80,6.51,13.44
1.0826,0.3074,-0.9960,0.1386,38.08,6.37,13.65
1.0827,0.3060,-0.9960,0.1396,37.73,6.58,13.16
1.0827,0.3040,-0.9941,0.1410,38.43,6.72,13.72
1.0830,0.3035,-0.9950,0.1391,38.22,6.37,13.16
1.0834,0.3006,-0.9980,0.1410,38.64,6.30,13.16
1.0837,0.3011,-0.9999,0.1425,38.01,6.79,13.37
1.0840,0.3001,-1.0004,0.1420,38.71,6.72,12.81
1.0844,0.3006,-0.9984,0.1430,38.57,6.79,13.37
1.0847,0.3040,-0.9955,0.1415,38.85,6.58,12.88
1.0850,0.3006,-0.9960,0.1454,38.78,6.30,12.74
1.0854,0.2991,-0.9980,0.1464,38.85,6.86,12.81
1.0857,0.3001,-0.9980,0.1435,38.92,7.00,12.67
1.0860,0.2967,-0.9975,0.1405,39.20,6.51,12.32
1.0864,0.2952,-0.9955,0.1420,39.34,7.14,12.39
1.0867,0.2948,-0.9960,0.1464,39.06,6.93,11.97
1.0870,0.2962,-0.9955,0.1479,39.83,6.72,12.32
1.0873,0.2933,-0.9975,0.1484,39.06,6.93,11.90
1.0877,0.2860,-1.0009,0.1547,39.69,7.21,12.46
1.0880,0.2860,-0.9999,0.1552,39.27,7.00,11.62
1.0883,0.2855,-0.9955,0.1537,39.76,7.07,12.25
1.0887,0.2855,-0.9965,0.1547,39.55,7.21,11.41
1.0890,0.2850,-1.0009,0.1527,39.83,7.14,11.97
1.0893,0.2830,-1.0028,0.1586,39.90,7.49,10.99
1.0900,0.2796,-1.0004,0.1557,39.62,7.28,11.76
1.0906,0.2782,-0.9999,0.1557,40.18,7.70,10.71
1.0912,0.2796,-0.9999,0.1562,39.90,7.63,12.11
1.0918,0.2791,-0.9965,0.1566,40.04,7.42,10.29
1.0924,0.2743,-0.9970,0.1606,40.32,7.84,11.62
1.0931,0.2718,-0.9994,0.1625,40.04,7.77,10.64
1.0937,0.2747,-1.0004,0.1591,40.32,8.05,10.64
1.0943,0.2723,-0.9980,0.1581,40.18,7.84,11.13
1.0949,0.2704,-1.0024,0.1610,40.11,7.91,10.08
1.0955,0.2664,-1.0067,0.1615,40.32,8.54,11.34
1.0961,0.2669,-1.0043,0.1576,40.18,8.47,9.87
1.0968,0.2718,-1.0058,0.1581,40.53,8.75,11.20
1.0974,0.2708,-1.0072,0.1601,40.25,8.61,9.38
1.0980,0.2660,-1.0082,0.1630,40.67,8.96,11.69
1.0986,0.2650,-1.0097,0.1654,39.90,9.03,9.31
1.0992,0.2650,-1.0087,0.1635,40.95,9.03,11.06
1.0999,0.2664,-1.0058,0.1615,40.18,9.52,9.45
1.1005,0.2655,-1.0087,0.1596,40.95,9.38,11.20
1.1011,0.2621,-1.0102,0.1596,40.25,9.73,9.38
1.1017,0.2640,-1.0126,0.1606,41.02,9.52,11.06
1.1023,0.2625,-1.0189,0.1620,40.18,10.22,9.31
1.1029,0.2611,-1.0180,0.1625,41.02,9.66,10.64
1.1035,0.2606,-1.0170,0.1610,40.11,10.15,9.66
1.1040,0.2596,-1.0155,0.1649,40.95,10.15,10.36
1.1046,0.2606,-1.0131,0.1649,40.25,10.71,10.01
1.1052,0.2625,-1.0155,0.1610,41.30,10.57,10.43
1.1058,0.2616,-1.0165,0.1615,40.04,10.99,10.50
1.1063,0.2611,-1.0175,0.1615,40.53,10.99,9.59
1.1069,0.2625,-1.0209,0.1625,40.46,10.92,10.50
1.1075,0.2621,-1.0189,0.1654,40.39,11.13,9.66
1.1081,0.2664,-1.0214,0.1640,40.67,11.55,10.85
1.1087,0.2689,-1.0238,0.1620,40.32,11.27,9.31
1.1092,0.2679,-1.0233,0.1635,40.88,11.55,10.78
1.1098,0.2655,-1.0238,0.1615,40.18,12.04,9.73
1.1104,0.2645,-1.0214,0.1610,40.67,11.48,10.99
1.1110,0.2689,-1.0219,0.1640,40.11,11.97,9.45
1.1116,0.2679,-1.0263,0.1659,40.88,12.11,11.13
1.1121,0.2679,-1.0292,0.1654,39.97,12.53,9.73
1.1127,0.2694,-1.0287,0.1674,40.74,12.46,11.06
1.1133,0.2699,-1.0316,0.1688,39.90,12.67,9.80
1.1144,0.2708,-1.0316,0.1625,40.67,12.60,11.13
1.1155,0.2674,-1.0282,0.1669,40.39,13.30,11.20
1.1165,0.2635,-1.0268,0.1693,39.62,13.16,10.36
1.1176,0.2699,-1.0292,0.1708,39.76,13.30,10.64
1.1187,0.2689,-1.0282,0.1732,40.18,14.07,11.27
1.1198,0.2674,-1.0292,0.1742,39.90,13.86,11.06
1.1209,0.2689,-1.0311,0.1728,39.97,14.00,10.78
1.1220,0.2674,-1.0287,0.1688,40.11,13.93,11.55
1.1230,0.2674,-1.0263,0.1669,39.48,14.21,10.92
1.1241,0.2679,-1.0238,0.1728,39.76,13.93,11.76
1.1252,0.2645,-1.0209,0.1762,39.55,14.56,10.99
1.1263,0.2655,-1.0238,0.1762,39.83,14.49,12.18
1.1274,0.2640,-1.0248,0.1767,39.27,14.91,11.20
1.1285,0.2596,-1.0228,0.1762,39.69,14.56,12.18
1.1295,0.2611,-1.0209,0.1776,39.13,15.40,11.27
1.1306,0.2606,-1.0204,0.1786,39.48,15.26,12.39
1.1317,0.2596,-1.0248,0.1791,38.99,15.47,11.41
1.1328,0.2591,-1.0272,0.1820,39.41,15.54,12.18
1.1339,0.2552,-1.0248,0.1820,39.20,15.82,11.90
1.1350,0.2538,-1.0233,0.1776,38.99,16.03,12.74
1.1355,0.2503,-1.0228,0.1771,39.27,15.96,12.60
1.1361,0.2464,-1.0219,0.1806,38.43,15.96,12.25
1.1367,0.2425,-1.0219,0.1859,38.92,17.01,12.81
1.1372,0.2464,-1.0238,0.1854,38.50,16.87,12.74
1.1378,0.2523,-1.0224,0.1810,38.85,16.80,12.39
1.1384,0.2499,-1.0248,0.1815,38.43,17.22,13.30
1.1389,0.2479,-1.0268,0.1820,38.78,17.22,12.39
1.1395,0.2460,-1.0238,0.1791,38.22,17.50,13.58
1.1401,0.2406,-1.0194,0.1806,38.08,17.08,12.32
1.1406,0.2396,-1.0175,0.1845,38.64,17.92,13.72
1.1412,0.2396,-1.0199,0.1840,37.94,17.57,12.67
1.1418,0.2401,-1.0189,0.1791,38.43,18.06,13.58
1.1424,0.2420,-1.0150,0.1767,37.66,17.92,12.88
1.1429,0.2416,-1.0160,0.1771,38.43,18.48,13.79
1.1435,0.2425,-1.0146,0.1747,37.38,18.06,13.02
1.1441,0.2450,-1.0141,0.1757,38.29,18.90,13.79
1.1446,0.2435,-1.0146,0.1791,37.31,18.76,13.30
1.1452,0.2430,-1.0136,0.1757,38.29,19.25,14.28
1.1458,0.2440,-1.0141,0.1742,36.96,18.76,13.16
1.1463,0.2440,-1.0155,0.1781,38.15,19.04,14.14
1.1469,0.2435,-1.0141,0.1713,37.10,19.25,13.51
1.1475,0.2440,-1.0141,0.1713,37.38,19.32,13.58
1.1481,0.2460,-1.0106,0.1757,37.10,19.67,14.42
1.1486,0.2460,-1.0102,0.1752,37.31,19.74,14.21
1.1492,0.2484,-1.0087,0.1713,36.89,20.09,14.07
1.1498,0.2435,-1.0053,0.1737,37.24,19.95,14.21
1.1504,0.2391,-1.0053,0.1737,36.68,20.30,14.00
1.1509,0.2430,-1.0033,0.1723,37.24,20.44,14.56
1.1515,0.2420,-1.0038,0.1713,36.75,20.23,13.93
1.1521,0.2416,-1.0072,0.1747,37.03,20.58,14.91
1.1527,0.2440,-1.0043,0.1732,36.68,20.79,13.79
1.1532,0.2430,-0.9999,0.1679,36.82,21.00,15.12
1.1538,0.2445,-0.9994,0.1718,36.26,20.79,13.79
1.1544,0.2440,-0.9984,0.1737,36.47,21.21,14.98
1.1550,0.2420,-0.9955,0.1708,36.47,21.00,13.65
1.1556,0.2411,-0.9916,0.1718,36.33,21.56,15.61
1.1561,0.2386,-0.9906,0.1718,36.12,21.14,13.51
1.1567,0.2391,-0.9916,0.1693,36.40,21.49,14.98
1.1573,0.2401,-0.9877,0.1708,36.19,21.21,13.86
1.1579,0.2372,-0.9838,0.1703,36.33,21.56,14.42
1.1591,0.2372,-0.9823,0.1684,35.98,21.91,14.49
1.1604,0.2318,-0.9775,0.1684,35.84,22.26,14.63
1.1616,0.2313,-0.9731,0.1708,36.12,21.49,14.00
1.1629,0.2328,-0.9736,0.1693,35.84,22.54,14.98
1.1641,0.2318,-0.9736,0.1674,35.70,21.98,13.51
1.1653,0.2303,-0.9755,0.1684,35.77,22.40,14.98
1.1666,0.2303,-0.9745,0.1713,35.63,22.05,13.37
1.1678,0.2318,-0.9697,0.1698,35.77,22.68,14.84
1.1691,0.2298,-0.9677,0.1679,35.35,22.33,13.30
1.1703,0.2289,-0.9667,0.1718,35.70,22.75,14.84
1.1716,0.2289,-0.9638,0.1737,35.35,22.75,13.37
1.1728,0.2284,-0.9594,0.1718,35.84,23.17,15.05
1.1741,0.2284,-0.9589,0.1718,35.14,22.89,13.16
1.1753,0.2294,-0.9589,0.1708,35.77,22.68,14.42
1.1766,0.2274,-0.9589,0.1708,34.86,23.31,13.37
1.1778,0.2259,-0.9575,0.1708,35.91,22.89,13.93
1.1791,0.2284,-0.9526,0.1688,35.07,23.52,13.93
1.1803,0.2308,-0.9516,0.1664,35.77,23.10,13.44
1.1816,0.2303,-0.9521,0.1669,34.93,23.80,14.07
1.1828,0.2279,-0.9521,0.1723,35.21,23.24,13.44
1.1829,0.2264,-0.9511,0.1713,35.28,23.59,14.00
1.1829,0.2225,-0.9492,0.1669,35.14,23.45,13.16
1.1829,0.2220,-0.9482,0.1645,35.49,23.73,13.93
1.1829,0.2216,-0.9462,0.1635,35.00,23.87,12.53
1.1830,0.2206,-0.9467,0.1659,35.28,23.52,13.86
1.1830,0.2225,-0.9477,0.1674,35.14,24.15,12.74
1.1830,0.2216,-0.9457,0.1649,35.28,23.45,13.44
1.1830,0.2211,-0.9438,0.1625,34.65,24.29,12.39
1.1831,0.2216,-0.9418,0.1635,35.63,23.80,13.51
1.1831,0.2206,-0.9384,0.1664,34.72,24.50,12.32
1.1831,0.2206,-0.9409,0.1664,35.56,24.01,13.51
1.1832,0.2245,-0.9399,0.1596,35.00,24.64,12.46
1.1832,0.2255,-0.9365,0.1586,35.49,23.73,13.30
1.1832,0.2235,-0.9360,0.1654,35.07,24.85,12.25
1.1832,0.2206,-0.9345,0.1679,35.35,24.57,12.39
1.1833,0.2216,-0.9331,0.1649,35.42,23.94,12.32
1.1833,0.2211,-0.9301,0.1645,35.21,25.20,12.88
1.1833,0.2211,-0.9282,0.1645,35.28,24.22,11.97
1.1833,0.2230,-0.9296,0.1630,35.42,24.85,12.60
1.1834,0.2240,-0.9292,0.1635,35.14,24.43,11.76
1.1838,0.2230,-0.9267,0.1620,35.49,24.92,12.95
1.1842,0.2240,-0.9277,0.1596,35.14,24.64,11.97
1.1845,0.2240,-0.9272,0.1586,35.63,24.50,12.60
1.1849,0.2235,-0.9267,0.1576,34.86,24.64,11.90
1.1853,0.2211,-0.9257,0.1581,35.56,24.64,13.09
1.1857,0.2216,-0.9252,0.1601,35.00,25.06,11.41
1.1861,0.2240,-0.9262,0.1620,35.56,24.78,13.23
1.1865,0.2220,-0.9243,0.1596,35.07,25.06,11.76
1.1869,0.2191,-0.9209,0.1557,35.49,24.43,12.67
1.1873,0.2167,-0.9204,0.1601,35.35,24.92,11.83
1.1877,0.2167,-0.9218,0.1649,35.70,24.71,12.74
1.1881,0.2196,-0.9228,0.1610,35.07,24.99,11.83
1.1885,0.2206,-0.9218,0.1552,35.77,24.64,12.67
1.1889,0.2201,-0.9184,0.1576,35.42,25.13,12.18
1.1892,0.2191,-0.9194,0.1591,35.42,24.85,12.11
1.1896,0.2191,-0.9179,0.1625,35.49,24.78,12.60
1.1900,0.2172,-0.9170,0.1596,35.28,24.92,11.90
1.1904,0.2147,-0.9155,0.1557,35.70,25.13,12.25
1.1908,0.2152,-0.9150,0.1596,35.49,24.85,12.46
1.1912,0.2162,-0.9174,0.1610,35.56,25.06,12.04
1.1918,0.2167,-0.9174,0.1566,35.42,25.06,12.88
1.1924,0.2118,-0.9145,0.1566,35.42,25.06,11.76
1.1930,0.2069,-0.9121,0.1571,35.77,24.92,12.74
1.1936,0.2064,-0.9150,0.1552,35.56,25.20,11.69
1.1942,0.2084,-0.9155,0.1562,35.70,24.92,12.74
1.1948,0.2118,-0.9179,0.1591,35.28,25.34,11.62
1.1954,0.2103,-0.9204,0.1615,35.70,25.27,12.81
1.1960,0.2098,-0.9174,0.1610,35.49,25.06,11.20
1.1965,0.2084,-0.9155,0.1591,35.49,25.20,12.67
1.1971,0.2050,-0.9126,0.1581,35.28,25.27,11.41
1.1977,0.2050,-0.9155,0.1596,35.98,25.34,12.46
1.1983,0.2050,-0.9184,0.1610,35.00,25.34,11.41
1.1989,0.2054,-0.9160,0.1576,36.12,25.27,12.53
1.1995,0.2045,-0.9174,0.1542,35.14,25.20,11.27
1.2001,0.2045,-0.9189,0.1552,35.63,25.69,12.25
1.2007,0.2040,-0.9170,0.1562,35.07,25.13,11.27
1.2013,0.2054,-0.9165,0.1566,35.77,25.55,11.97
1.2019,0.2098,-0.9199,0.1552,35.14,25.20,11.34
1.2025,0.2113,-0.9194,0.1542,35.07,25.34,11.41
1.2031,0.2059,-0.9194,0.1586,35.49,25.34,11.69
1.2036,0.2030,-0.9243,0.1591,34.93,25.55,10.78
1.2041,0.2030,-0.9252,0.1523,35.21,25.34,11.55
1.2046,0.2006,-0.9228,0.1518,35.07,25.62,10.85
1.2051,0.2006,-0.9257,0.1527,35.42,25.55,11.62
1.2057,0.2025,-0.9272,0.1532,34.65,25.48,10.43
1.2062,0.2045,-0.9277,0.1596,35.21,25.27,11.69
1.2067,0.2015,-0.9326,0.1610,34.58,25.90,10.43
1.2072,0.1981,-0.9370,0.1566,35.00,25.41,11.34
1.2077,0.1996,-0.9355,0.1527,34.37,25.76,10.57
1.2082,0.2001,-0.9345,0.1542,34.93,25.62,11.48
1.2088,0.1981,-0.9384,0.1523,34.37,25.76,10.29
1.2093,0.1947,-0.9394,0.1513,34.86,25.55,11.48
1.2098,0.1908,-0.9374,0.1537,33.88,25.62,10.71
1.2103,0.1932,-0.9399,0.1518,34.51,25.90,11.20
1.2108,0.1957,-0.9448,0.1532,34.23,25.69,11.13
1.2113,0.1898,-0.9477,0.1557,34.23,25.76,10.99
1.2119,0.1893,-0.9467,0.1542,34.30,25.69,10.99
1.2124,0.1928,-0.9457,0.1513,34.09,25.97,11.06
1.2129,0.1889,-0.9482,0.1523,33.88,25.55,10.85
1.2134,0.1854,-0.9501,0.1552,33.46,26.32,11.06
1.2140,0.1850,-0.9506,0.1552,33.74,25.90,11.27
1.2146,0.1825,-0.9540,0.1537,33.32,26.11,10.85
1.2152,0.1786,-0.9594,0.1557,33.67,25.83,11.48
1.2158,0.1757,-0.9594,0.1571,33.18,26.11,10.85
1.2163,0.1781,-0.9589,0.1542,33.39,26.18,11.55
1.2169,0.1771,-0.9594,0.1542,32.83,25.97,10.64
1.2175,0.1767,-0.9579,0.1547,32.83,26.32,11.97
1.2181,0.1762,-0.9594,0.1552,32.76,26.04,10.85
1.2187,0.1728,-0.9653,0.1601,32.76,26.46,11.62
1.2193,0.1728,-0.9662,0.1606,32.13,26.04,11.06
1.2199,0.1679,-0.9662,0.1596,31.92,26.95,12.11
1.2204,0.1703,-0.9677,0.1591,32.27,26.81,11.48
1.2210,0.1698,-0.9643,0.1581,31.64,27.23,12.25
1.2216,0.1659,-0.9648,0.1601,31.78,26.46,11.06
1.2222,0.1664,-0.9692,0.1596,31.43,26.95,12.53
1.2228,0.1654,-0.9692,0.1596,31.08,26.46,11.13
1.2234,0.1620,-0.9687,0.1615,31.22,26.81,12.81
1.2240,0.1645,-0.9711,0.1586,30.59,26.95,11.34
1.2245,0.1669,-0.9726,0.1576,31.01,27.02,12.53
1.2251,0.1649,-0.9716,0.1635,30.66,27.02,11.48
1.2257,0.1625,-0.9731,0.1649,30.94,27.23,13.09
1.2263,0.1620,-0.9794,0.1654,30.45,27.09,11.69
1.2268,0.1635,-0.9823,0.1659,30.03,27.51,13.16
1.2274,0.1630,-0.9780,0.1640,29.96,27.16,12.04
1.2280,0.1635,-0.9740,0.1649,30.03,27.65,13.16
1.2285,0.1615,-0.9760,0.1645,29.26,27.44,12.46
1.2291,0.1586,-0.9784,0.1640,29.75,27.79,13.58
1.2297,0.1625,-0.9799,0.1630,29.12,27.23,12.32
1.2303,0.1640,-0.9794,0.1615,29.33,27.72,13.65
1.2308,0.1630,-0.9794,0.1610,28.21,27.44,12.60
1.2314,0.1645,-0.9814,0.1586,28.00,27.58,13.16
1.2320,0.1645,-0.9814,0.1635,28.77,28.00,14.00
1.2325,0.1615,-0.9775,0.1649,27.72,28.21,13.86
1.2331,0.1615,-0.9745,0.1610,28.07,28.00,13.58
1.2337,0.1645,-0.9789,0.1601,27.58,28.63,14.63
1.2342,0.1610,-0.9809,0.1630,27.72,28.07,13.65
1.2348,0.1591,-0.9819,0.1674,27.51,28.77,15.12
1.2354,0.1630,-0.9833,0.1635,26.95,28.14,13.86
1.2359,0.1664,-0.9784,0.1596,27.30,28.77,15.19
1.2365,0.1654,-0.9775,0.1674,26.74,28.28,14.42
1.2371,0.1591,-0.9775,0.1718,27.02,28.91,15.54
1.2376,0.1586,-0.9780,0.1713,26.46,28.28,14.70
1.2381,0.1625,-0.9823,0.1684,26.67,29.12,15.89
1.2387,0.1581,-0.9814,0.1693,26.11,28.49,15.05
1.2392,0.1552,-0.9789,0.1728,26.60,29.68,16.31
1.2397,0.1596,-0.9794,0.1669,25.55,28.70,15.12
1.2403,0.1615,-0.9760,0.1659,26.25,29.12,16.52
1.2408,0.1620,-0.9736,0.1669,25.27,28.63,15.26
1.2413,0.1606,-0.9726,0.1688,25.83,29.68,17.15
1.2419,0.1615,-0.9706,0.1684,24.92,29.12,15.61
1.2424,0.1581,-0.9726,0.1664,25.62,29.61,17.29
1.2429,0.1557,-0.9692,0.1708,24.92,29.61,16.31
1.2435,0.1586,-0.9648,0.1703,24.99,29.68,17.36
1.2440,0.1591,-0.9697,0.1635,24.64,29.75,16.87
1.2445,0.1591,-0.9692,0.1620,24.29,29.54,17.01
1.2451,0.1576,-0.9667,0.1674,24.36,30.03,17.57
1.2456,0.1596,-0.9682,0.1723,24.22,29.47,16.94
1.2461,0.1591,-0.9682,0.1723,24.22,30.59,18.06
1.2467,0.1596,-0.9687,0.1703,23.66,29.54,17.22
1.2472,0.1625,-0.9711,0.1708,23.80,30.59,18.41
1.2478,0.1625,-0.9750,0.1654,23.24,29.75,17.43
1.2484,0.1620,-0.9711,0.1635,23.80,30.80,18.41
1.2490,0.1615,-0.9628,0.1669,22.96,30.24,17.64
1.2496,0.1596,-0.9618,0.1645,23.24,30.66,18.48
1.2502,0.1596,-0.9697,0.1630,22.89,30.38,17.99
1.2508,0.1645,-0.9721,0.1649,22.82,30.52,18.90
1.2514,0.1649,-0.9662,0.1674,22.61,30.52,18.13
1.2520,0.1645,-0.9662,0.1659,21.98,30.87,18.55
1.2526,0.1688,-0.9677,0.1649,22.26,30.73,18.90
1.2531,0.1684,-0.9682,0.1688,21.84,30.80,18.27
1.2537,0.1718,-0.9677,0.1708,21.91,30.73,19.18
1.2543,0.1703,-0.9706,0.1674,21.28,31.57,18.97
1.2549,0.1703,-0.9726,0.1664,21.56,30.73,18.97
1.2555,0.1742,-0.9731,0.1649,21.21,31.15,18.90
1.2561,0.1728,-0.9711,0.1640,20.86,30.94,18.97
1.2567,0.1708,-0.9682,0.1615,21.00,31.08,19.04
1.2573,0.1708,-0.9667,0.1635,20.51,31.08,19.04
1.2579,0.1723,-0.9677,0.1654,20.93,31.43,19.39
1.2585,0.1718,-0.9716,0.1640,20.44,31.08,19.18
1.2591,0.1698,-0.9682,0.1625,20.02,31.64,19.88
1.2602,0.1723,-0.9662,0.1591,20.09,31.15,18.97
1.2614,0.1732,-0.9662,0.1581,19.53,31.57,19.32
1.2625,0.1737,-0.9643,0.1581,19.95,31.36,20.16
1.2637,0.1771,-0.9643,0.1581,19.88,31.57,19.18
1.2648,0.1747,-0.9648,0.1591,19.39,31.57,20.51
1.2660,0.1747,-0.9638,0.1596,19.46,32.55,19.74
1.2671,0.1737,-0.9614,0.1576,19.46,31.50,20.51
1.2683,0.1728,-0.9604,0.1562,19.11,32.20,20.02
1.2694,0.1742,-0.9623,0.1557,18.97,31.50,20.44
1.2706,0.1723,-0.9604,0.1576,18.97,32.34,20.30
1.2717,0.1708,-0.9589,0.1576,18.83,31.78,20.30
1.2729,0.1698,-0.9599,0.1552,18.90,32.48,20.86
1.2740,0.1713,-0.9594,0.1566,18.90,32.13,20.72
1.2752,0.1718,-0.9584,0.1571,18.20,32.27,20.93
1.2763,0.1698,-0.9560,0.1518,18.76,31.92,20.37
1.2775,0.1728,-0.9545,0.1469,18.48,32.27,21.35
1.2786,0.1767,-0.9516,0.1488,18.34,32.20,20.44
1.2798,0.1771,-0.9482,0.1518,18.41,32.27,21.91
1.2809,0.1742,-0.9477,0.1527,18.06,32.41,20.79
1.2821,0.1747,-0.9496,0.1542,18.27,32.41,22.12
1.2821,0.1786,-0.9482,0.1508,17.99,32.62,20.93
1.2821,0.1796,-0.9438,0.1503,17.85,32.48,21.77
1.2822,0.1791,-0.9448,0.1527,17.71,32.41,21.14
1.2822,0.1781,-0.9409,0.1493,17.78,32.69,22.05
1.2822,0.1815,-0.9370,0.1454,17.71,32.83,21.63
1.2823,0.1835,-0.9345,0.1440,17.85,32.27,21.70
1.2823,0.1825,-0.9316,0.1469,17.43,33.11,22.19
1.2823,0.1825,-0.9331,0.1488,18.06,32.13,21.56
1.2824,0.1835,-0.9340,0.1440,17.43,33.11,22.05
1.2824,0.1879,-0.9287,0.1415,18.06,32.48,21.84
1.2824,0.1889,-0.9257,0.1464,17.57,33.11,22.12
1.2825,0.1937,-0.9272,0.1430,17.64,32.41,21.63
1.2825,0.2001,-0.9228,0.1401,17.71,32.83,22.40
1.2825,0.2015,-0.9184,0.1440,17.50,32.97,21.84
1.2826,0.2035,-0.9209,0.1405,17.85,32.90,22.89
1.2826,0.2074,-0.9233,0.1391,17.43,32.62,21.49
1.2826,0.2059,-0.9204,0.1391,18.20,32.97,22.89
1.2826,0.2084,-0.9160,0.1396,17.43,32.55,21.84
1.2827,0.2157,-0.9126,0.1386,18.06,32.55,22.82
1.2827,0.2191,-0.9101,0.1371,17.36,32.62,22.05
1.2838,0.2206,-0.9111,0.1337,18.34,32.62,22.89
1.2849,0.2235,-0.9043,0.1318,17.92,32.34,22.75
1.2859,0.2264,-0.9018,0.1322,17.36,32.41,22.40
1.2870,0.2328,-0.9033,0.1357,17.57,32.76,22.33
1.2881,0.2333,-0.8994,0.1318,18.20,32.69,23.10
1.2892,0.2352,-0.8965,0.1259,17.64,32.48,22.40
1.2902,0.2386,-0.8945,0.1264,18.55,32.48,23.24
1.2913,0.2425,-0.8916,0.1293,17.85,32.41,22.40
1.2924,0.2445,-0.8896,0.1293,18.13,32.34,23.38
1.2935,0.2445,-0.8906,0.1288,18.55,31.92,22.68
1.2945,0.2460,-0.8896,0.1274,18.48,31.92,23.31
1.2956,0.2499,-0.8833,0.1259,18.55,31.85,22.75
1.2967,0.2523,-0.8794,0.1254,18.13,32.06,23.24
1.2978,0.2538,-0.8823,0.1220,19.04,31.71,22.89
1.2988,0.2518,-0.8867,0.1244,18.69,32.06,23.45
1.2999,0.2542,-0.8847,0.1240,19.18,31.57,23.03
1.3010,0.2582,-0.8784,0.1249,18.62,31.85,23.59
1.3021,0.2586,-0.8764,0.1293,19.18,31.29,23.52
1.3031,0.2582,-0.8779,0.1274,18.97,31.43,23.38
1.3042,0.2621,-0.8730,0.1269,19.11,31.22,23.31
1.3048,0.2606,-0.8740,0.1283,19.67,31.57,23.80
1.3053,0.2596,-0.8725,0.1322,19.39,30.52,23.03
1.3059,0.2650,-0.8682,0.1318,19.74,31.57,24.64
1.3064,0.2655,-0.8657,0.1313,19.53,30.52,22.89
1.3070,0.2630,-0.8647,0.1322,19.88,31.01,24.57
1.3076,0.2606,-0.8628,0.1288,19.88,30.31,23.38
1.3081,0.2591,-0.8618,0.1293,20.23,31.29,24.71
1.3087,0.2591,-0.8613,0.1327,19.95,30.31,23.38
1.3092,0.2557,-0.8594,0.1337,20.30,30.59,24.71
1.3098,0.2582,-0.8594,0.1313,20.44,30.38,23.66
1.3103,0.2625,-0.8618,0.1298,20.58,30.52,24.71
1.3109,0.2616,-0.8603,0.1303,20.58,30.17,24.01
1.3115,0.2606,-0.8569,0.1303,21.14,30.10,24.36
1.3120,0.2645,-0.8555,0.1303,20.65,29.96,24.01
1.3126,0.2635,-0.8569,0.1308,21.07,29.89,24.57
1.3131,0.2621,-0.8555,0.1347,20.86,30.24,24.57
1.3137,0.2621,-0.8530,0.1332,21.42,29.68,23.94
1.3143,0.2586,-0.8530,0.1298,21.21,30.17,24.78
1.3148,0.2640,-0.8535,0.1337,21.84,29.40,23.80
1.3154,0.2645,-0.8545,0.1352,21.56,30.17,24.71
1.3159,0.2635,-0.8535,0.1357,22.19,29.12,23.73
1.3165,0.2611,-0.8506,0.1366,21.56,29.75,24.71
1.3171,0.2586,-0.8486,0.1357,21.98,29.12,23.73
1.3176,0.2625,-0.8491,0.1362,21.84,29.61,24.92
1.3182,0.2640,-0.8472,0.1405,21.98,29.33,23.80
1.3187,0.2625,-0.8418,0.1405,22.61,29.19,24.36
1.3193,0.2577,-0.8389,0.1366,21.70,29.12,23.73
1.3199,0.2586,-0.8433,0.1366,23.03,29.26,24.29
1.3204,0.2601,-0.8467,0.1381,22.12,28.91,23.52
1.3210,0.2577,-0.8418,0.1366,23.17,28.98,24.22
1.3216,0.2552,-0.8359,0.1430,22.54,29.40,23.80
1.3221,0.2533,-0.8330,0.1459,23.03,29.12,23.87
1.3227,0.2494,-0.8320,0.1430,22.96,29.12,23.59
1.3232,0.2474,-0.8350,0.1459,23.45,29.05,23.73
1.3238,0.2430,-0.8359,0.1469,23.03,29.54,23.94
1.3244,0.2367,-0.8340,0.1420,23.73,28.77,23.24
1.3249,0.2318,-0.8340,0.1415,23.73,28.84,23.52
1.3255,0.2298,-0.8350,0.1405,23.80,29.33,23.73
1.3261,0.2264,-0.8316,0.1430,24.01,29.12,23.31
1.3266,0.2230,-0.8325,0.1459,24.22,29.12,23.45
1.3272,0.2211,-0.8369,0.1503,23.87,29.47,23.66
1.3277,0.2191,-0.8394,0.1527,24.50,29.05,23.31
1.3283,0.2157,-0.8394,0.1527,24.15,29.82,23.24
1.3288,0.2113,-0.8369,0.1532,24.78,29.19,22.96
1.3294,0.2079,-0.8340,0.1576,24.36,30.03,23.10
1.3299,0.2059,-0.8330,0.1586,24.99,29.26,22.96
1.3305,0.2011,-0.8355,0.1576,24.92,30.17,23.10
1.3310,0.1991,-0.8408,0.1586,24.71,29.96,22.61
1.3315,0.1981,-0.8428,0.1586,25.41,30.24,22.89
1.3321,0.2006,-0.8408,0.1581,24.71,30.17,22.75
1.3326,0.2015,-0.8408,0.1601,25.27,30.24,22.75
1.3332,0.1957,-0.8403,0.1649,25.13,30.59,22.61
1.3337,0.1923,-0.8423,0.1659,25.97,30.45,22.33
1.3343,0.1903,-0.8447,0.1669,25.13,30.94,22.26
1.3348,0.1908,-0.8423,0.1752,25.76,30.66,21.98
1.3354,0.1913,-0.8433,0.1752,25.62,30.87,21.91
1.3359,0.1893,-0.8442,0.1737,25.76,31.36,22.05
1.3365,0.1913,-0.8462,0.1708,25.41,31.22,21.28
1.3370,0.1937,-0.8481,0.1708,25.76,31.85,21.56
1.3376,0.1913,-0.8477,0.1742,25.62,31.71,21.00
1.3387,0.1898,-0.8496,0.1791,25.69,31.71,21.14
1.3398,0.1913,-0.8511,0.1781,25.83,32.13,20.51
1.3409,0.1913,-0.8545,0.1781,26.11,32.20,20.79
1.3420,0.1942,-0.8530,0.1806,25.90,32.41,19.88
1.3431,0.2006,-0.8520,0.1810,26.11,32.55,20.51
1.3442,0.2001,-0.8579,0.1796,25.97,32.83,19.67
1.3453,0.1962,-0.8584,0.1840,25.97,32.97,20.09
1.3464,0.1986,-0.8540,0.1893,26.11,32.83,19.04
1.3475,0.2030,-0.8555,0.1903,25.90,33.32,19.32
1.3486,0.2035,-0.8550,0.1874,26.11,33.04,18.76
1.3497,0.2015,-0.8501,0.1879,25.90,34.09,18.76
1.3508,0.1991,-0.8486,0.1918,25.90,34.09,18.41
1.3519,0.2006,-0.8506,0.1918,25.97,34.02,17.99
1.3530,0.2035,-0.8511,0.1937,26.11,34.37,17.92
1.3541,0.2006,-0.8516,0.1918,26.18,34.23,17.57
1.3552,0.2015,-0.8520,0.1879,25.69,34.93,17.71
1.3563,0.2015,-0.8501,0.1923,25.83,34.58,16.94
1.3574,0.1981,-0.8520,0.1967,26.25,35.07,17.01
1.3585,0.1952,-0.8496,0.1991,25.90,35.14,16.45
1.3596,0.1928,-0.8472,0.1986,25.90,35.70,16.59
1.3597,0.1932,-0.8511,0.1986,25.90,35.35,15.54
1.3597,0.1937,-0.8516,0.2020,26.04,35.98,16.17
1.3597,0.1879,-0.8491,0.2020,26.18,36.12,15.61
1.3598,0.1835,-0.8496,0.2011,25.69,36.40,15.68
1.3598,0.1810,-0.8511,0.2040,26.11,36.68,15.33
1.3598,0.1801,-0.8501,0.2064,25.90,36.82,14.84
1.3599,0.1801,-0.8462,0.2089,25.97,36.89,14.70
1.3599,0.1767,-0.8462,0.2123,25.76,37.59,14.42
1.3599,0.1728,-0.8486,0.2103,25.76,37.80,14.42
1.3600,0.1669,-0.8481,0.2123,25.90,37.80,13.93
1.3600,0.1645,-0.8486,0.2201,25.69,38.43,14.00
1.3600,0.1649,-0.8491,0.2220,25.90,38.71,13.72
1.3601,0.1610,-0.8525,0.2240,25.62,38.92,13.65
1.3601,0.1537,-0.8506,0.2269,26.46,39.41,13.72
1.3602,0.1532,-0.8457,0.2245,25.34,39.83,13.30
1.3602,0.1527,-0.8472,0.2259,26.04,40.32,13.02
1.3602,0.1449,-0.8477,0.2279,25.55,40.11,12.88
1.3603,0.1415,-0.8506,0.2255,25.97,40.81,12.74
1.3603,0.1381,-0.8530,0.2279,25.41,40.88,12.60
1.3603,0.1357,-0.8520,0.2347,25.97,41.65,12.32
1.3615,0.1352,-0.8496,0.2357,25.83,41.72,12.18
1.3627,0.1308,-0.8472,0.2333,25.69,42.00,11.97
1.3638,0.1274,-0.8486,0.2352,25.62,42.70,11.90
1.3650,0.1274,-0.8481,0.2367,25.48,43.12,12.04
1.3662,0.1288,-0.8467,0.2391,25.55,43.33,11.62
1.3674,0.1254,-0.8481,0.2416,25.27,43.75,11.69
1.3685,0.1244,-0.8486,0.2416,25.62,44.03,11.41
1.3697,0.1220,-0.8491,0.2440,25.06,44.31,11.13
1.3709,0.1161,-0.8491,0.2469,25.76,44.80,11.06
1.3720,0.1161,-0.8481,0.2464,24.92,45.15,10.99
1.3732,0.1171,-0.8491,0.2474,25.62,45.64,10.99
1.3744,0.1157,-0.8491,0.2518,25.20,46.20,10.78
1.3755,0.1161,-0.8462,0.2499,25.27,46.20,10.50
1.3767,0.1191,-0.8452,0.2489,25.20,46.83,10.71
1.3779,0.1191,-0.8438,0.2528,25.41,47.53,10.50
1.3790,0.1166,-0.8467,0.2606,24.78,47.74,9.59
1.3802,0.1142,-0.8477,0.2611,25.13,48.58,10.36
1.3814,0.1122,-0.8481,0.2582,24.64,48.30,9.45
1.3825,0.1166,-0.8481,0.2547,24.99,49.42,10.01
1.3837,0.1196,-0.8477,0.2572,24.57,49.35,9.17
1.3837,0.1200,-0.8491,0.2616,24.71,49.98,9.59
1.3838,0.1220,-0.8520,0.2611,24.50,49.98,8.82
1.3838,0.1244,-0.8530,0.2567,24.50,50.75,9.38
1.3838,0.1259,-0.8520,0.2567,24.57,50.75,8.33
1.3839,0.1244,-0.8501,0.2596,24.29,51.24,9.24
1.3839,0.1259,-0.8560,0.2616,24.08,51.66,8.40
1.3839,0.1288,-0.8594,0.2625,24.01,51.87,8.61
1.3839,0.1288,-0.8569,0.2645,23.87,52.50,8.12
1.3840,0.1293,-0.8560,0.2655,23.66,52.36,8.26
1.3840,0.1318,-0.8545,0.2664,23.80,52.71,7.91
1.3840,0.1357,-0.8535,0.2655,23.24,52.78,7.77
1.3841,0.1410,-0.8535,0.2630,23.52,53.62,7.84
1.3841,0.1430,-0.8511,0.2679,23.38,53.62,7.56
1.3841,0.1420,-0.8525,0.2708,23.45,54.04,7.49
1.3842,0.1440,-0.8530,0.2664,23.17,54.25,7.56
1.3842,0.1459,-0.8574,0.2596,23.10,54.88,7.21
1.3842,0.1454,-0.8603,0.2582,22.96,54.88,7.28
1.3842,0.1474,-0.8555,0.2645,22.89,55.16,6.65
1.3843,0.1508,-0.8569,0.2669,22.68,55.23,6.58
1.3843,0.1513,-0.8540,0.2679,22.26,55.93,6.65
1.3848,0.1532,-0.8501,0.2699,22.33,55.86,6.09
1.3853,0.1581,-0.8550,0.2689,22.05,56.35,6.72
1.3858,0.1630,-0.8579,0.2689,21.98,56.63,5.88
1.3863,0.1635,-0.8569,0.2718,21.77,56.70,6.23
1.3868,0.1635,-0.8564,0.2728,21.84,56.70,5.39
1.3873,0.1625,-0.8555,0.2723,21.49,57.26,6.23
1.3879,0.1635,-0.8560,0.2747,21.56,57.40,4.90
1.3884,0.1674,-0.8599,0.2718,21.00,57.19,5.67
1.3889,0.1693,-0.8599,0.2782,20.93,58.03,4.76
1.3894,0.1693,-0.8574,0.2782,20.79,58.03,5.60
1.3899,0.1718,-0.8594,0.2782,20.72,58.03,4.48
1.3904,0.1728,-0.8613,0.2772,20.51,58.31,5.18
1.3909,0.1698,-0.8628,0.2801,19.95,58.80,4.27
1.3914,0.1737,-0.8623,0.2840,20.30,58.17,4.55
1.3919,0.1732,-0.8633,0.2821,19.88,58.87,4.34
1.3924,0.1732,-0.8686,0.2830,19.88,58.66,3.99
1.3929,0.1771,-0.8657,0.2811,19.39,59.22,4.06
1.3935,0.1771,-0.8633,0.2806,19.18,59.22,3.99
1.3940,0.1747,-0.8677,0.2855,19.18,59.50,3.99
1.3945,0.1708,-0.8672,0.2840,18.55,59.22,3.08
1.3950,0.1757,-0.8686,0.2894,18.76,60.20,4.06
1.3955,0.1786,-0.8706,0.2952,18.34,59.57,3.15
1.3959,0.1786,-0.8721,0.2904,18.20,59.92,3.43
1.3964,0.1830,-0.8764,0.2894,17.92,59.78,2.45
1.3969,0.1854,-0.8760,0.2933,18.06,60.48,3.92
1.3974,0.1845,-0.8755,0.2962,17.08,60.06,2.10
1.3979,0.1850,-0.8774,0.2952,17.15,60.20,3.15
1.3984,0.1879,-0.8799,0.2908,16.45,60.55,1.82
1.3989,0.1889,-0.8828,0.2889,16.94,60.62,3.08
1.3994,0.1908,-0.8833,0.2904,16.45,60.83,2.03
1.3999,0.1923,-0.8852,0.2928,16.24,60.97,2.66
1.4004,0.1923,-0.8838,0.2918,15.82,61.11,1.33
1.4009,0.1952,-0.8843,0.2957,15.54,60.83,2.17
1.4014,0.1972,-0.8886,0.3006,15.61,60.90,1.40
1.4018,0.1962,-0.8891,0.2996,14.63,60.83,1.33
1.4023,0.1937,-0.8867,0.2977,14.98,61.32,1.33
1.4028,0.1913,-0.8896,0.2991,13.86,61.32,1.05
1.4033,0.1937,-0.8921,0.2991,14.14,61.04,0.98
1.4038,0.1967,-0.8930,0.2967,13.65,61.46,0.35
1.4043,0.1976,-0.8965,0.2991,13.58,61.67,0.98
1.4049,0.1972,-0.8984,0.3016,12.95,61.46,-0.21
1.4056,0.1991,-0.9023,0.3011,12.95,61.67,0.98
1.4062,0.2006,-0.9028,0.3011,12.67,61.46,-0.42
1.4068,0.1996,-0.9018,0.2996,12.32,61.88,0.91
1.4074,0.1996,-0.8999,0.3006,11.90,61.46,-0.84
1.4081,0.1976,-0.8974,0.2991,11.83,61.74,0.42
1.4087,0.1952,-0.8984,0.2982,11.06,61.74,-1.19
1.4093,0.1962,-0.8984,0.2991,11.27,61.95,0.56
1.4099,0.2001,-0.9028,0.3035,10.71,62.02,-0.07
1.4106,0.1991,-0.9038,0.3030,9.59,61.81,-1.26
1.4112,0.2020,-0.9062,0.3030,10.29,62.37,-0.21
1.4118,0.2059,-0.9082,0.3065,8.89,61.53,-1.19
1.4124,0.2098,-0.9091,0.3060,9.38,62.58,-0.63
1.4131,0.2074,-0.9082,0.3021,8.33,61.81,-1.12
1.4137,0.2050,-0.9072,0.3035,8.68,61.95,-0.91
1.4143,0.2103,-0.9091,0.3060,7.77,61.74,-1.12
1.4149,0.2108,-0.9135,0.3050,8.05,62.09,-1.12
1.4156,0.2079,-0.9155,0.3050,7.42,61.95,-0.91
1.4162,0.2079,-0.9174,0.3035,6.93,62.23,-1.54
1.4168,0.2123,-0.9184,0.3079,6.79,62.51,-0.77
1.4174,0.2118,-0.9194,0.3094,6.09,62.16,-1.75
1.4179,0.2079,-0.9228,0.3109,6.30,62.09,-0.84
1.4185,0.2118,-0.9204,0.3128,5.32,62.16,-2.17
1.4190,0.2191,-0.9213,0.3104,5.81,62.44,-0.63
1.4196,0.2206,-0.9267,0.3084,4.34,62.23,-1.75
1.4201,0.2225,-0.9296,0.3152,5.18,62.65,-0.70
1.4207,0.2225,-0.9292,0.3133,4.13,62.44,-0.49
1.4212,0.2216,-0.9335,0.3113,3.29,61.46,-2.38
1.4218,0.2206,-0.9350,0.3143,3.57,62.79,-0.63
1.4223,0.2201,-0.9350,0.3138,2.45,61.95,-1.89
1.4229,0.2245,-0.9340,0.3113,3.01,62.72,-0.42
1.4235,0.2289,-0.9360,0.3128,1.82,61.74,-1.82
1.4240,0.2318,-0.9379,0.3152,2.03,62.09,-0.70
1.4246,0.2294,-0.9370,0.3167,0.91,61.95,-1.40
1.4251,0.2279,-0.9389,0.3157,1.61,62.16,-1.12
1.4257,0.2308,-0.9384,0.3133,0.42,61.88,-0.91
1.4262,0.2294,-0.9370,0.3128,0.84,62.09,-1.12
1.4268,0.2255,-0.9389,0.3157,-0.42,62.30,-0.42
1.4273,0.2274,-0.9418,0.3138,-0.07,62.44,-1.05
1.4279,0.2289,-0.9404,0.3109,-0.49,62.51,-0.21
1.4284,0.2298,-0.9404,0.3128,-0.77,62.23,-0.77
1.4290,0.2298,-0.9428,0.3123,-0.98,61.88,-0.70
1.4295,0.2250,-0.9409,0.3104,-2.03,62.09,-0.42
1.4301,0.2250,-0.9384,0.3084,-1.75,62.51,-0.07
1.4306,0.2240,-0.9384,0.3089,-2.38,62.65,0.21
1.4312,0.2259,-0.9355,0.3128,-3.15,62.44,-0.28
1.4317,0.2220,-0.9350,0.3113,-2.87,62.30,0.35
1.4322,0.2123,-0.9345,0.3079,-3.85,62.51,0.21
1.4328,0.2079,-0.9331,0.3074,-3.64,62.79,0.42
1.4333,0.2074,-0.9287,0.3099,-4.34,62.37,0.35
1.4339,0.2064,-0.9257,0.3084,-4.13,62.86,1.12
1.4344,0.2035,-0.9243,0.3065,-4.90,62.51,0.63
1.4350,0.2015,-0.9213,0.3099,-5.11,63.14,1.40
1.4355,0.1976,-0.9228,0.3099,-5.39,62.93,1.12
1.4361,0.1932,-0.9248,0.3050,-5.53,63.00,1.33
1.4366,0.1864,-0.9204,0.3084,-5.74,63.07,1.47
1.4372,0.1850,-0.9170,0.3162,-6.09,63.70,1.89
1.4377,0.1840,-0.9165,0.3143,-5.95,63.07,1.82
1.4382,0.1776,-0.9189,0.3089,-6.79,63.56,2.17
1.4388,0.1718,-0.9233,0.3104,-7.00,63.98,2.31
1.4394,0.1698,-0.9199,0.3172,-7.00,63.42,2.24
1.4400,0.1688,-0.9140,0.3162,-7.42,63.91,2.66
1.4407,0.1635,-0.9145,0.3099,-7.56,63.63,2.52
1.4413,0.1576,-0.9145,0.3094,-7.70,65.17,3.22
1.4419,0.1552,-0.9101,0.3138,-8.05,64.33,2.87
1.4425,0.1557,-0.9106,0.3133,-8.40,65.10,3.43
1.4431,0.1532,-0.9145,0.3113,-8.61,64.82,2.94
1.4438,0.1479,-0.9135,0.3070,-9.03,65.10,3.50
1.4444,0.1440,-0.9126,0.3060,-8.82,65.10,3.43
1.4450,0.1415,-0.9101,0.3109,-9.59,65.59,3.57
1.4456,0.1396,-0.9126,0.3109,-9.31,65.45,3.78
1.4463,0.1396,-0.9170,0.3109,-9.94,65.66,3.71
1.4469,0.1396,-0.9135,0.3079,-9.87,65.80,3.85
1.4475,0.1337,-0.9130,0.3050,-10.43,66.08,4.20
1.4481,0.1303,-0.9160,0.3050,-10.36,66.71,4.13
1.4487,0.1308,-0.9170,0.3050,-10.71,66.64,4.20
1.4494,0.1259,-0.9150,0.3070,-10.92,67.13,4.27
1.4500,0.1220,-0.9174,0.3104,-11.13,66.99,4.69
1.4506,0.1205,-0.9189,0.3089,-11.69,67.41,4.34
1.4512,0.1171,-0.9174,0.3021,-11.48,67.41,4.41
1.4529,0.1137,-0.9184,0.3026,-11.97,68.11,4.90
1.4545,0.1132,-0.9179,0.3040,-12.11,67.76,4.55
1.4562,0.1137,-0.9160,0.3030,-12.32,68.60,4.97
1.4578,0.1113,-0.9145,0.3045,-12.67,68.39,4.55
1.4594,0.1103,-0.9204,0.3026,-13.09,69.16,5.39
1.4611,0.1118,-0.9223,0.3016,-12.95,68.46,4.34
1.4627,0.1122,-0.9165,0.2991,-13.37,69.58,5.88
1.4644,0.1118,-0.9174,0.2991,-13.51,69.44,4.69
1.4660,0.1142,-0.9194,0.3016,-13.58,69.86,5.39
1.4677,0.1152,-0.9170,0.3001,-14.00,70.14,5.60
1.4693,0.1147,-0.9145,0.2982,-13.79,69.65,5.11
1.4709,0.1132,-0.9140,0.2948,-14.42,70.49,5.39
1.4726,0.1113,-0.9165,0.2948,-14.49,70.70,5.67
1.4742,0.1113,-0.9204,0.2987,-15.26,70.98,5.46
1.4759,0.1059,-0.9204,0.2967,-14.63,70.91,5.39
1.4775,0.1074,-0.9160,0.2933,-15.68,71.19,5.81
1.4792,0.1118,-0.9155,0.2933,-15.54,71.47,5.81
1.4808,0.1088,-0.9160,0.2962,-15.54,71.96,5.81
1.4824,0.1088,-0.9145,0.2982,-15.96,71.47,5.53
1.4841,0.1078,-0.9135,0.2938,-15.96,72.17,5.95
1.4841,0.1074,-0.9150,0.2923,-16.66,72.24,6.09
1.4841,0.1059,-0.9170,0.2972,-17.15,72.10,5.11
1.4842,0.1069,-0.9160,0.2962,-16.73,72.87,6.02
1.4842,0.1093,-0.9155,0.2923,-17.57,73.29,5.25
1.4842,0.1093,-0.9165,0.2943,-17.29,72.80,5.60
1.4843,0.1083,-0.9145,0.2938,-17.99,73.50,5.46
1.4843,0.1064,-0.9140,0.2923,-17.78,73.50,5.39
1.4843,0.1093,-0.9130,0.2928,-18.27,74.27,5.32
1.4843,0.1118,-0.9121,0.2962,-18.27,73.85,5.32
1.4844,0.1113,-0.9121,0.2967,-18.55,74.13,5.04
1.4844,0.1122,-0.9140,0.2923,-18.83,73.92,4.97
1.4844,0.1142,-0.9130,0.2899,-18.90,74.90,5.04
1.4845,0.1132,-0.9101,0.2899,-19.18,74.34,4.55
1.4845,0.1108,-0.9096,0.2894,-19.53,75.25,4.97
1.4845,0.1127,-0.9116,0.2899,-19.74,74.69,4.41
1.4845,0.1152,-0.9126,0.2923,-19.88,75.04,4.69
1.4846,0.1161,-0.9111,0.2938,-20.23,75.04,4.34
1.4846,0.1171,-0.9116,0.2904,-20.44,75.74,4.83
1.4846,0.1186,-0.9116,0.2860,-20.65,75.67,4.34
1.4847,0.1157,-0.9116,0.2865,-20.58,75.25,3.99
1.4852,0.1132,-0.9091,0.2879,-21.07,76.02,4.27
1.4857,0.1166,-0.9008,0.2899,-21.49,76.37,4.27
1.4862,0.1147,-0.8994,0.2869,-21.28,75.95,3.85
1.4868,0.1118,-0.8989,0.2879,-21.84,76.72,4.27
1.4873,0.1152,-0.8960,0.2860,-21.77,76.58,3.64
1.4878,0.1196,-0.8945,0.2821,-22.12,76.86,4.13
1.4883,0.1205,-0.8955,0.2855,-22.19,76.72,4.20
1.4889,0.1196,-0.8969,0.2865,-22.05,76.93,3.71
1.4894,0.1176,-0.8945,0.2884,-22.40,76.79,3.85
1.4899,0.1118,-0.8935,0.2908,-22.26,76.93,3.71
1.4904,0.1098,-0.8940,0.2845,-22.82,77.42,3.85
1.4910,0.1142,-0.8935,0.2821,-22.82,77.07,3.50
1.4915,0.1152,-0.8950,0.2845,-23.24,77.84,3.99
1.4920,0.1181,-0.8926,0.2821,-23.24,77.49,3.50
1.4925,0.1210,-0.8926,0.2791,-23.31,77.77,3.71
1.4931,0.1191,-0.8930,0.2835,-23.52,77.14,3.36
1.4936,0.1181,-0.8901,0.2835,-23.73,77.84,3.50
1.4941,0.1181,-0.8882,0.2811,-23.52,77.91,3.50
1.4946,0.1230,-0.8896,0.2816,-23.66,78.05,3.64
1.4952,0.1235,-0.8886,0.2806,-24.22,77.35,3.01
1.4957,0.1244,-0.8891,0.2835,-24.01,78.68,3.57
1.4963,0.1269,-0.8921,0.2835,-24.15,77.63,3.08
1.4969,0.1264,-0.8921,0.2845,-24.50,78.61,3.57
1.4975,0.1264,-0.8926,0.2826,-24.85,77.77,2.80
1.4981,0.1283,-0.8916,0.2830,-24.43,78.12,3.43
1.4987,0.1322,-0.8901,0.2860,-25.20,78.33,3.01
1.4992,0.1337,-0.8882,0.2865,-24.71,78.33,3.01
1.4998,0.1366,-0.8867,0.2840,-25.20,78.47,2.80
1.5004,0.1371,-0.8823,0.2806,-25.41,78.40,2.80
1.5010,0.1366,-0.8784,0.2826,-24.92,78.68,2.87
1.5016,0.1376,-0.8808,0.2860,-25.69,78.54,2.38
1.5021,0.1396,-0.8799,0.2860,-25.41,78.75,2.66
1.5027,0.1405,-0.8799,0.2840,-25.76,78.26,2.45
1.5033,0.1430,-0.8750,0.2821,-25.69,78.82,2.59
1.5039,0.1430,-0.8672,0.2801,-25.76,78.26,1.96
1.5045,0.1391,-0.8672,0.2816,-25.90,78.89,2.31
1.5051,0.1396,-0.8682,0.2835,-25.90,78.47,1.75
1.5056,0.1381,-0.8638,0.2845,-25.97,79.10,2.31
1.5062,0.1362,-0.8603,0.2791,-26.04,78.33,1.33
1.5068,0.1342,-0.8618,0.2777,-26.04,79.31,2.24
1.5079,0.1293,-0.8608,0.2791,-26.39,78.33,1.05
1.5091,0.1288,-0.8594,0.2782,-26.11,79.17,1.96
1.5102,0.1298,-0.8594,0.2767,-26.81,78.54,0.63
1.5113,0.1235,-0.8599,0.2752,-26.32,79.24,1.61
1.5124,0.1200,-0.8613,0.2747,-27.23,79.24,0.77
1.5136,0.1191,-0.8623,0.2723,-25.97,78.68,0.63
1.5147,0.1157,-0.8628,0.2708,-27.30,78.89,0.63
1.5158,0.1132,-0.8608,0.2713,-26.39,78.89,0.70
1.5169,0.1108,-0.8569,0.2713,-27.16,79.52,0.21
1.5181,0.1069,-0.8569,0.2689,-26.88,78.75,0.28
1.5192,0.1035,-0.8589,0.2718,-27.16,79.59,0.14
1.5203,0.1025,-0.8594,0.2752,-27.09,78.96,-0.28
1.5215,0.0981,-0.8564,0.2664,-27.09,79.80,0.21
1.5226,0.0956,-0.8603,0.2606,-27.37,79.10,-0.35
1.5237,0.0961,-0.8672,0.2655,-26.95,79.87,0.21
1.5248,0.0927,-0.8672,0.2635,-27.65,79.45,-0.70
1.5260,0.0903,-0.8647,0.2611,-27.72,79.80,-0.84
1.5271,0.0932,-0.8623,0.2606,-27.30,80.43,-0.07
1.5282,0.0878,-0.8603,0.2635,-27.93,80.01,-0.56
1.5293,0.0820,-0.8628,0.2616,-27.23,80.36,-0.28
1.5300,0.0815,-0.8696,0.2572,-28.07,80.36,-0.84
1.5306,0.0825,-0.8725,0.2582,-27.58,80.64,0.14
1.5312,0.0834,-0.8760,0.2562,-28.07,80.71,-0.84
1.5318,0.0834,-0.8799,0.2562,-27.93,80.78,0.21
1.5325,0.0839,-0.8808,0.2572,-28.14,80.85,-0.70
1.5331,0.0839,-0.8794,0.2562,-28.07,81.20,0.49
1.5337,0.0791,-0.8799,0.2572,-28.28,80.92,-0.70
1.5343,0.0766,-0.8833,0.2528,-28.42,81.20,0.07
1.5350,0.0795,-0.8847,0.2533,-28.28,81.20,-0.35
1.5356,0.0781,-0.8843,0.2528,-28.49,81.48,0.14
1.5362,0.0771,-0.8833,0.2460,-28.28,81.48,0.00
1.5368,0.0761,-0.8877,0.2455,-28.63,81.55,0.49
1.5375,0.0727,-0.8911,0.2474,-28.77,81.83,0.28
1.5381,0.0737,-0.8950,0.2430,-28.98,81.97,0.28
1.5387,0.0698,-0.8950,0.2435,-28.56,81.83,0.70
1.5393,0.0683,-0.8945,0.2450,-29.54,82.39,0.14
1.5399,0.0722,-0.8979,0.2401,-28.42,83.02,2.03
1.5406,0.0722,-0.8960,0.2381,-29.75,82.46,0.28
1.5412,0.0703,-0.8989,0.2362,-28.98,82.95,2.10
1.5418,0.0659,-0.8999,0.2347,-29.68,82.39,0.35
1.5419,0.0615,-0.8969,0.2333,-29.26,83.44,2.66
1.5419,0.0600,-0.8955,0.2294,-29.96,82.81,0.91
1.5420,0.0590,-0.8891,0.2308,-29.26,83.51,2.94
1.5421,0.0571,-0.8852,0.2333,-30.17,83.44,1.26
1.5421,0.0551,-0.8872,0.2294,-29.89,83.65,3.36
1.5422,0.0547,-0.8877,0.2294,-29.82,83.72,1.96
1.5422,0.0537,-0.8813,0.2284,-30.24,84.35,3.50
1.5423,0.0488,-0.8823,0.2216,-30.17,84.21,2.66
1.5423,0.0429,-0.8847,0.2172,-30.10,84.00,3.43
1.5424,0.0439,-0.8843,0.2147,-30.52,84.28,3.43
1.5424,0.0449,-0.8862,0.2137,-30.24,84.42,3.22
1.5425,0.0390,-0.8886,0.2172,-30.52,84.98,4.13
1.5426,0.0395,-0.8891,0.2176,-30.38,84.63,3.36
1.5426,0.0371,-0.8862,0.2152,-30.80,85.33,4.62
1.5427,0.0312,-0.8843,0.2128,-30.52,85.40,3.50
1.5427,0.0327,-0.8857,0.2098,-31.08,85.47,5.04
1.5428,0.0342,-0.8877,0.2113,-30.80,85.26,3.57
1.5428,0.0361,-0.8872,0.2152,-31.22,86.10,5.46
1.5429,0.0303,-0.8862,0.2142,-31.22,85.89,3.36
1.5430,0.0278,-0.8833,0.2113,-31.36,86.31,5.74
1.5435,0.0278,-0.8823,0.2118,-31.50,86.45,4.06
1.5440,0.0244,-0.8799,0.2108,-31.43,86.17,5.60
1.5445,0.0259,-0.8779,0.2079,-31.57,87.22,4.62
1.5449,0.0293,-0.8755,0.2064,-31.64,86.31,5.11
1.5454,0.0249,-0.8794,0.2069,-31.85,87.29,4.97
1.5459,0.0195,-0.8847,0.2059,-31.78,86.73,5.11
1.5464,0.0215,-0.8813,0.2030,-32.13,87.57,5.11
1.5469,0.0229,-0.8784,0.2045,-32.06,87.36,4.90
1.5474,0.0264,-0.8755,0.2089,-32.34,87.78,4.97
1.5479,0.0259,-0.8725,0.2118,-32.55,87.43,5.04
1.5484,0.0224,-0.8735,0.2128,-32.41,88.20,5.60
1.5489,0.0234,-0.8779,0.2123,-32.69,87.78,4.69
1.5494,0.0239,-0.8769,0.2113,-32.97,88.41,5.74
1.5499,0.0224,-0.8682,0.2064,-33.11,88.06,4.41
1.5504,0.0185,-0.8633,0.2050,-32.90,88.62,5.46
1.5509,0.0161,-0.8589,0.2059,-32.97,88.76,5.67
1.5514,0.0166,-0.8584,0.2098,-33.67,88.48,3.78
1.5519,0.0185,-0.8599,0.2098,-32.83,89.11,5.39
1.5524,0.0210,-0.8555,0.2079,-34.30,89.39,3.78
1.5529,0.0181,-0.8530,0.2054,-32.90,88.97,4.97
1.5535,0.0171,-0.8486,0.2015,-34.65,89.53,3.22
1.5542,0.0171,-0.8438,0.1996,-33.39,89.11,4.90
1.5548,0.0161,-0.8457,0.1976,-34.51,89.81,3.29
1.5554,0.0166,-0.8428,0.1991,-33.88,89.32,4.06
1.5561,0.0142,-0.8394,0.1976,-34.72,90.09,3.08
1.5567,0.0146,-0.8394,0.1972,-34.37,89.46,3.64
1.5574,0.0142,-0.8359,0.1972,-34.72,90.30,2.73
1.5580,0.0132,-0.8325,0.1898,-34.86,89.81,2.80
1.5587,0.0176,-0.8340,0.1884,-34.86,90.51,2.45
1.5593,0.0181,-0.8379,0.1889,-35.14,90.09,2.24
1.5599,0.0151,-0.8345,0.1835,-34.93,90.58,2.31
1.5606,0.0166,-0.8364,0.1801,-35.49,90.02,1.26
1.5612,0.0185,-0.8398,0.1810,-35.07,91.00,2.31
1.5619,0.0195,-0.8384,0.1806,-35.70,90.16,0.49
1.5625,0.0229,-0.8374,0.1767,-35.28,91.07,2.45
1.5632,0.0234,-0.8374,0.1757,-35.77,90.30,-0.07
1.5638,0.0254,-0.8428,0.1737,-35.49,91.35,2.38
1.5644,0.0278,-0.8481,0.1723,-36.19,90.93,-0.28
1.5651,0.0278,-0.8457,0.1728,-35.21,91.14,1.82
1.5657,0.0322,-0.8398,0.1693,-36.61,91.00,-0.28
1.5673,0.0366,-0.8403,0.1674,-35.98,91.49,1.47
1.5688,0.0376,-0.8403,0.1645,-36.68,91.14,-0.28
1.5704,0.0410,-0.8398,0.1645,-35.98,91.21,0.70
1.5719,0.0444,-0.8403,0.1645,-36.61,91.14,-0.49
1.5735,0.0434,-0.8384,0.1606,-36.47,91.77,0.70
1.5750,0.0410,-0.8384,0.1571,-37.17,91.21,-0.56
1.5766,0.0420,-0.8345,0.1552,-36.75,91.35,0.07
1.5781,0.0454,-0.8281,0.1581,-37.45,91.84,-0.21
1.5797,0.0459,-0.8252,0.1610,-36.61,91.49,-0.42
1.5812,0.0464,-0.8272,0.1547,-37.38,91.63,0.00
1.5828,0.0483,-0.8267,0.1503,-37.03,91.28,-0.91
1.5843,0.0473,-0.8228,0.1576,-37.17,91.49,0.07
1.5859,0.0459,-0.8223,0.1571,-37.24,91.77,-0.70
1.5874,0.0439,-0.8179,0.1542,-37.45,91.91,-0.14
1.5890,0.0415,-0.8150,0.1562,-37.38,92.40,-0.70
1.5906,0.0444,-0.8154,0.1537,-37.52,92.33,-0.07
1.5921,0.0468,-0.8140,0.1562,-37.80,92.47,-0.49
1.5937,0.0429,-0.8111,0.1552,-37.38,92.19,-0.07
1.5952,0.0410,-0.8101,0.1532,-37.80,92.26,-0.49
1.5968,0.0386,-0.8023,0.1576,-37.17,91.98,-0.14
1.5968,0.0356,-0.7940,0.1571,-38.01,92.75,-0.56
1.5969,0.0356,-0.7920,0.1547,-37.52,92.26,0.35
1.5970,0.0293,-0.7896,0.1527,-38.08,92.96,-0.35
1.5970,0.0259,-0.7867,0.1532,-37.45,92.40,-0.28
1.5971,0.0264,-0.7862,0.1537,-37.73,93.03,-0.07
1.5972,0.0195,-0.7837,0.1571,-37.66,92.89,-0.21
1.5972,0.0117,-0.7774,0.1610,-37.52,93.10,-0.07
1.5973,0.0102,-0.7754,0.1596,-37.87,92.82,-0.28
1.5974,0.0102,-0.7759,0.1581,-37.17,93.31,-0.21
1.5974,0.0054,-0.7730,0.1581,-38.22,93.52,-0.21
1.5975,0.0010,-0.7671,0.1562,-37.03,93.73,0.28
1.5976,-0.0029,-0.7603,0.1571,-38.15,94.01,-0.14
1.5977,-0.0088,-0.7569,0.1586,-37.03,94.15,0.07
1.5977,-0.0117,-0.7525,0.1532,-37.80,93.66,-0.56
1.5978,-0.0137,-0.7452,0.1518,-37.17,94.99,0.56
1.5979,-0.0210,-0.7447,0.1552,-37.80,94.15,-0.98
1.5979,-0.0254,-0.7530,0.1542,-37.10,95.27,0.49
1.5980,-0.0220,-0.7564,0.1537,-37.59,94.71,-0.98
1.5981,-0.0234,-0.7505,0.1518,-37.24,95.20,0.14
1.5981,-0.0264,-0.7462,0.1498,-37.38,95.27,-0.91
1.5982,-0.0244,-0.7471,0.1469,-36.89,95.90,0.14
1.5983,-0.0239,-0.7481,0.1469,-37.38,95.55,-1.26
1.5983,-0.0259,-0.7471,0.1484,-37.31,96.74,0.07
1.5984,-0.0307,-0.7432,0.1420,-37.38,95.76,-1.61
1.5985,-0.0356,-0.7383,0.1435,-37.24,96.95,-0.28
1.5985,-0.0346,-0.7349,0.1444,-37.38,96.53,-1.61
1.5986,-0.0322,-0.7325,0.1415,-36.89,96.81,-0.77
1.5987,-0.0371,-0.7315,0.1410,-37.10,97.02,-1.75
1.5987,-0.0420,-0.7276,0.1405,-36.82,97.44,-1.54
1.5988,-0.0415,-0.7198,0.1405,-36.89,97.79,-1.40
1.5989,-0.0405,-0.7188,0.1401,-36.68,97.79,-2.10
1.5989,-0.0400,-0.7213,0.1376,-37.10,98.28,-1.61
1.5990,-0.0395,-0.7247,0.1371,-36.68,98.28,-2.17
1.5991,-0.0405,-0.7291,0.1371,-37.17,98.56,-1.96
1.5991,-0.0410,-0.7266,0.1391,-36.47,98.56,-2.66
1.5992,-0.0361,-0.7208,0.1401,-36.68,99.40,-2.03
1.5993,-0.0361,-0.7193,0.1371,-36.54,98.91,-2.87
1.5993,-0.0390,-0.7252,0.1366,-36.61,99.61,-2.38
1.5994,-0.0366,-0.7300,0.1362,-36.61,99.33,-3.50
1.5995,-0.0351,-0.7383,0.1332,-36.54,99.96,-2.52
1.6000,-0.0327,-0.7501,0.1313,-36.68,99.54,-3.64
1.6005,-0.0268,-0.7530,0.1322,-36.47,100.45,-3.08
1.6010,-0.0239,-0.7515,0.1318,-36.89,99.96,-3.71
1.6016,-0.0215,-0.7442,0.1293,-36.54,100.87,-3.29
1.6021,-0.0244,-0.7369,0.1274,-36.96,100.38,-3.57
1.6026,-0.0268,-0.7413,0.1337,-36.26,100.87,-4.34
1.6031,-0.0254,-0.7491,0.1366,-36.82,100.87,-3.64
1.6036,-0.0268,-0.7569,0.1371,-36.75,101.15,-4.34
1.6042,-0.0234,-0.7613,0.1376,-36.82,100.87,-4.20
1.6047,-0.0200,-0.7593,0.1347,-36.89,101.43,-4.48
1.6052,-0.0234,-0.7510,0.1332,-37.10,102.41,-3.78
1.6057,-0.0234,-0.7437,0.1342,-37.10,101.36,-5.11
1.6063,-0.0224,-0.7471,0.1381,-37.31,101.92,-4.55
1.6068,-0.0195,-0.7544,0.1444,-37.24,101.85,-5.39
1.6073,-0.0146,-0.7584,0.1430,-37.59,102.55,-4.83
1.6078,-0.0151,-0.7559,0.1376,-37.59,102.13,-5.53
1.6083,-0.0127,-0.7457,0.1410,-37.38,102.20,-5.67
1.6089,-0.0112,-0.7393,0.1425,-37.66,102.41,-5.81
1.6094,-0.0083,-0.7359,0.1405,-37.45,102.97,-5.88
1.6099,0.0024,-0.7340,0.1440,-37.87,102.55,-6.51
1.6104,0.0044,-0.7374,0.1440,-37.94,102.76,-6.51
1.6110,0.0054,-0.7325,0.1405,-38.01,102.41,-6.93
1.6115,0.0142,-0.7198,0.1440,-38.29,103.39,-6.72
1.6120,0.0166,-0.7061,0.1464,-38.15,102.83,-7.63
1.6125,0.0156,-0.7017,0.1454,-38.22,103.32,-7.42
1.6130,0.0210,-0.7047,0.1435,-38.22,103.04,-8.47
1.6136,0.0264,-0.6983,0.1459,-38.36,103.39,-8.47
1.6141,0.0264,-0.6944,0.1474,-38.71,103.60,-9.31
1.6146,0.0298,-0.6944,0.1459,-38.29,103.25,-9.80
1.6151,0.0312,-0.6959,0.1444,-38.99,103.60,-10.22
1.6157,0.0273,-0.6959,0.1464,-38.43,103.60,-10.71
1.6162,0.0249,-0.6978,0.1518,-39.13,103.32,-11.90
1.6167,0.0307,-0.6959,0.1537,-38.85,103.95,-11.48
1.6172,0.0298,-0.6934,0.1508,-39.06,103.25,-13.16
1.6177,0.0298,-0.6944,0.1498,-38.92,104.09,-12.74
1.6183,0.0322,-0.6983,0.1523,-39.13,103.32,-14.14
1.6188,0.0356,-0.7081,0.1523,-39.41,104.09,-14.14
1.6193,0.0332,-0.7115,0.1518,-39.48,103.67,-14.98
1.6198,0.0273,-0.7110,0.1557,-39.62,104.23,-15.47
1.6204,0.0293,-0.7130,0.1532,-39.83,103.81,-16.10
1.6210,0.0278,-0.7159,0.1488,-40.04,104.65,-16.17
1.6217,0.0254,-0.7144,0.1484,-40.04,103.95,-17.43
1.6224,0.0229,-0.7135,0.1474,-40.32,104.51,-17.29
1.6230,0.0200,-0.7096,0.1488,-40.67,104.44,-17.99
1.6237,0.0166,-0.7061,0.1503,-40.53,104.72,-18.55
1.6244,0.0146,-0.7066,0.1493,-40.74,104.65,-18.76
1.6251,0.0107,-0.7047,0.1459,-41.16,105.00,-19.60
1.6257,0.0068,-0.7037,0.1459,-41.02,104.72,-19.88
1.6264,0.0044,-0.7042,0.1464,-41.51,104.93,-20.58
1.6271,0.0015,-0.7037,0.1449,-41.58,105.14,-20.79
1.6278,-0.0015,-0.6998,0.1425,-41.58,105.56,-21.07
1.6284,-0.0020,-0.6959,0.1440,-41.58,105.28,-21.70
1.6291,-0.0063,-0.6993,0.1444,-42.00,105.77,-21.70
1.6298,-0.0093,-0.7022,0.1401,-42.14,105.70,-22.47
1.6304,-0.0098,-0.7003,0.1440,-42.07,106.40,-22.54
1.6311,-0.0146,-0.7066,0.1474,-42.84,106.61,-23.17
1.6318,-0.0190,-0.7198,0.1454,-42.21,106.54,-23.52
1.6325,-0.0195,-0.7257,0.1454,-43.19,106.89,-23.87
1.6331,-0.0210,-0.7271,0.1464,-42.77,106.89,-24.36
1.6338,-0.0190,-0.7271,0.1469,-43.75,107.80,-24.78
1.6343,-0.0254,-0.7296,0.1488,-43.47,107.52,-25.20
1.6347,-0.0332,-0.7315,0.1484,-43.89,108.08,-26.04
1.6352,-0.0317,-0.7310,0.1498,-43.96,108.22,-25.69
1.6357,-0.0351,-0.7325,0.1508,-44.66,108.71,-26.95
1.6361,-0.0395,-0.7369,0.1493,-44.45,108.50,-26.67
1.6366,-0.0425,-0.7413,0.1498,-44.94,109.69,-27.23
1.6371,-0.0464,-0.7442,0.1503,-45.22,108.92,-27.51
1.6375,-0.0473,-0.7442,0.1469,-45.99,109.90,-28.91
1.6380,-0.0478,-0.7354,0.1449,-45.99,109.48,-27.86
1.6385,-0.0517,-0.7325,0.1464,-46.62,110.88,-29.96
1.6389,-0.0527,-0.7364,0.1508,-46.48,110.25,-29.05
1.6394,-0.0581,-0.7349,0.1503,-47.39,111.02,-30.45
1.6399,-0.0625,-0.7393,0.1474,-47.32,110.74,-30.17
1.6403,-0.0678,-0.7515,0.1488,-48.09,111.93,-31.15
1.6408,-0.0742,-0.7706,0.1469,-48.16,111.58,-31.08
1.6412,-0.0830,-0.7950,0.1474,-48.86,112.91,-31.57
1.6417,-0.0869,-0.8115,0.1430,-49.14,112.21,-32.13
1.6422,-0.0874,-0.8208,0.1415,-49.91,113.54,-32.27
1.6426,-0.0878,-0.8252,0.1435,-49.77,113.54,-33.32
1.6431,-0.0878,-0.8242,0.1371,-50.96,114.31,-32.55
1.6441,-0.0893,-0.8247,0.1347,-50.96,113.96,-34.16
1.6450,-0.0908,-0.8301,0.1357,-51.87,114.80,-32.76
1.6460,-0.0947,-0.8403,0.1308,-52.08,115.01,-34.79
1.6470,-0.0913,-0.8457,0.1249,-53.27,115.57,-33.32
1.6479,-0.0932,-0.8384,0.1235,-53.34,115.71,-35.63
1.6489,-0.0996,-0.8359,0.1200,-54.11,116.20,-34.02
1.6499,-0.1005,-0.8516,0.1205,-54.88,117.39,-35.56
1.6509,-0.1015,-0.8647,0.1240,-55.37,116.97,-34.51
1.6518,-0.1010,-0.8691,0.1220,-56.28,117.60,-36.47
1.6528,-0.1069,-0.8818,0.1205,-56.63,117.81,-35.28
1.6538,-0.0996,-0.8926,0.1142,-57.82,118.30,-36.75
1.6547,-0.0878,-0.8989,0.1093,-58.31,118.23,-35.91
1.6557,-0.0805,-0.9033,0.1088,-59.15,119.28,-36.96
1.6567,-0.0737,-0.9057,0.1118,-59.43,119.63,-36.33
1.6576,-0.0673,-0.9077,0.1118,-60.69,119.77,-37.24
1.6586,-0.0630,-0.9116,0.1083,-61.18,119.84,-36.89
1.6596,-0.0581,-0.9209,0.1078,-62.16,120.54,-37.66
1.6605,-0.0464,-0.9350,0.1044,-62.79,120.54,-37.59
1.6615,-0.0454,-0.9453,0.1015,-63.70,121.31,-37.45
1.6625,-0.0425,-0.9501,0.1015,-64.47,121.10,-38.36
1.6626,-0.0366,-0.9579,0.0991,-65.38,121.52,-37.80
1.6627,-0.0346,-0.9643,0.0976,-66.43,121.80,-38.50
1.6629,-0.0312,-0.9716,0.0976,-66.85,121.94,-37.24
1.6630,-0.0220,-0.9853,0.0952,-68.88,122.85,-37.10
1.6631,-0.0195,-0.9945,0.0913,-69.93,122.85,-38.71
1.6633,-0.0137,-0.9882,0.0883,-70.70,123.62,-37.10
1.6634,-0.0127,-0.9750,0.0908,-71.89,122.92,-38.71
1.6636,-0.0137,-0.9692,0.0927,-72.52,123.90,-37.10
1.6637,-0.0161,-0.9770,0.0947,-73.85,123.62,-38.43
1.6638,-0.0151,-0.9887,0.0947,-74.20,124.18,-37.10
1.6640,-0.0142,-1.0019,0.0917,-75.60,124.18,-37.59
1.6641,-0.0132,-1.0106,0.0903,-76.02,124.04,-37.45
1.6642,-0.0161,-1.0097,0.0878,-77.56,124.46,-37.17
1.6644,-0.0200,-1.0106,0.0844,-77.98,124.60,-36.96
1.6645,-0.0229,-1.0165,0.0859,-79.45,124.95,-36.54
1.6646,-0.0268,-1.0272,0.0849,-80.36,125.23,-36.40
1.6648,-0.0307,-1.0331,0.0839,-80.99,125.23,-35.91
1.6649,-0.0390,-1.0390,0.0854,-82.53,125.58,-35.91
1.6650,-0.0439,-1.0472,0.0854,-83.09,125.79,-34.44
1.6652,-0.0473,-1.0409,0.0878,-84.77,126.00,-35.49
1.6665,-0.0571,-1.0331,0.0859,-85.12,126.14,-33.60
1.6679,-0.0649,-1.0292,0.0830,-87.01,127.12,-32.20
1.6692,-0.0717,-1.0253,0.0795,-89.25,126.42,-34.37
1.6706,-0.0742,-1.0233,0.0825,-89.04,127.12,-31.43
1.6720,-0.0761,-1.0199,0.0898,-91.07,126.84,-33.25
1.6733,-0.0732,-1.0092,0.0908,-90.72,127.54,-30.94
1.6747,-0.0703,-1.0082,0.0864,-93.38,127.47,-32.41
1.6760,-0.0742,-1.0316,0.0883,-92.89,128.03,-30.52
1.6774,-0.0673,-1.0555,0.0849,-94.85,128.17,-31.08
1.6787,-0.0610,-1.0629,0.0781,-95.27,127.82,-30.03
1.6801,-0.0625,-1.0634,0.0771,-97.02,128.45,-30.59
1.6815,-0.0634,-1.0512,0.0776,-97.65,128.38,-29.61
1.6828,-0.0644,-1.0302,0.0771,-98.77,128.73,-29.89
1.6842,-0.0571,-1.0277,0.0761,-100.03,128.31,-29.82
1.6855,-0.0498,-1.0399,0.0776,-100.87,129.15,-28.98
1.6869,-0.0493,-1.0487,0.0732,-102.41,128.59,-29.33
1.6882,-0.0488,-1.0502,0.0708,-102.90,128.80,-28.63
1.6896,-0.0478,-1.0487,0.0698,-104.86,128.66,-29.96
1.6910,-0.0459,-1.0414,0.0669,-105.21,129.43,-28.00
1.6923,-0.0444,-1.0233,0.0615,-107.17,129.01,-29.82
1.6927,-0.0478,-1.0180,0.0537,-107.17,129.99,-27.30
1.6931,-0.0488,-1.0272,0.0488,-109.34,128.38,-30.17
1.6935,-0.0473,-1.0346,0.0478,-109.48,129.99,-27.51
1.6939,-0.0468,-1.0394,0.0478,-111.72,128.73,-30.03
1.6943,-0.0493,-1.0443,0.0488,-111.72,129.78,-28.07
1.6947,-0.0512,-1.0390,0.0449,-113.89,129.01,-29.75
1.6950,-0.0542,-1.0268,0.0342,-114.31,129.64,-28.00
1.6954,-0.0586,-1.0219,0.0254,-116.20,129.15,-29.82
1.6958,-0.0620,-1.0243,0.0190,-116.48,129.22,-28.91
1.6962,-0.0634,-1.0331,0.0156,-118.23,128.94,-29.75
1.6966,-0.0615,-1.0385,0.0132,-118.79,128.94,-29.26
1.6970,-0.0673,-1.0399,0.0078,-120.54,129.50,-29.89
1.6974,-0.0752,-1.0399,0.0010,-121.38,128.45,-30.03
1.6978,-0.0761,-1.0355,-0.0073,-122.15,129.01,-29.89
1.6982,-0.0810,-1.0370,-0.0195,-123.55,128.24,-30.38
1.6985,-0.0869,-1.0385,-0.0288,-124.88,128.94,-30.03
1.6989,-0.0903,-1.0307,-0.0322,-126.28,127.68,-31.43
1.6993,-0.0927,-1.0331,-0.0327,-126.98,128.52,-30.03
1.6997,-0.0961,-1.0390,-0.0337,-128.38,127.89,-31.85
1.7001,-0.0986,-1.0341,-0.0415,-128.94,128.10,-30.59
1.7006,-0.1020,-1.0204,-0.0473,-130.83,127.68,-32.20
1.7011,-0.1069,-1.0121,-0.0498,-131.18,127.05,-31.57
1.7016,-0.1078,-1.0063,-0.0537,-132.93,127.12,-32.83
1.7021,-0.1108,-0.9897,-0.0551,-133.56,126.56,-32.41
1.7026,-0.1103,-0.9838,-0.0566,-135.17,126.70,-33.67
1.7031,-0.1054,-0.9862,-0.0576,-135.66,125.93,-33.11
1.7036,-0.1049,-0.9799,-0.0566,-137.06,126.14,-34.37
1.7041,-0.1015,-0.9731,-0.0630,-137.76,124.95,-34.79
1.7046,-0.0956,-0.9672,-0.0683,-139.23,125.58,-35.00
1.7051,-0.0927,-0.9614,-0.0683,-139.65,123.83,-36.05
1.7056,-0.0839,-0.9638,-0.0747,-140.98,124.67,-36.05
1.7061,-0.0756,-0.9584,-0.0820,-141.75,122.50,-37.38
1.7066,-0.0752,-0.9418,-0.0810,-142.73,123.41,-37.10
1.7071,-0.0717,-0.9306,-0.0820,-143.92,121.87,-38.64
1.7076,-0.0615,-0.9272,-0.0869,-144.34,121.45,-38.64
1.7081,-0.0551,-0.9287,-0.0878,-145.74,120.89,-40.11
1.7086,-0.0468,-0.9248,-0.0913,-146.23,120.26,-40.11
1.7091,-0.0386,-0.9194,-0.0961,-147.70,119.42,-41.65
1.7096,-0.0361,-0.9096,-0.1039,-147.91,117.95,-41.86
1.7101,-0.0303,-0.8930,-0.1083,-149.31,118.37,-42.77
1.7107,-0.0259,-0.8784,-0.1103,-150.01,116.83,-43.12
1.7113,-0.0215,-0.8642,-0.1152,-150.99,115.92,-44.59
1.7119,-0.0151,-0.8579,-0.1205,-151.13,114.73,-45.01
1.7125,-0.0093,-0.8574,-0.1220,-152.74,114.38,-45.99
1.7131,-0.0083,-0.8477,-0.1269,-152.88,112.77,-46.48
1.7137,-0.0088,-0.8330,-0.1376,-153.93,112.56,-47.25
1.7143,-0.0063,-0.8159,-0.1444,-154.42,110.46,-48.58
1.7149,-0.0029,-0.8101,-0.1498,-155.33,110.39,-48.51
1.7155,0.0034,-0.8076,-0.1557,-155.75,108.08,-49.98
1.7161,0.0049,-0.8047,-0.1645,-156.17,108.01,-50.54
1.7167,0.0020,-0.8047,-0.1757,-157.15,105.63,-51.59
1.7173,-0.0015,-0.7920,-0.1806,-157.57,105.77,-52.01
1.7179,-0.0073,-0.7764,-0.1854,-158.48,103.18,-53.48
1.7186,-0.0117,-0.7696,-0.1972,-158.48,103.18,-53.41
1.7192,-0.0132,-0.7686,-0.2074,-159.25,101.01,-54.88
1.7198,-0.0166,-0.7681,-0.2152,-159.74,99.68,-55.65
1.7204,-0.0371,-0.7574,-0.2191,-160.23,98.35,-56.49
1.7210,-0.0473,-0.7530,-0.2308,-161.35,95.83,-58.38
1.7216,-0.0537,-0.7520,-0.2411,-161.70,93.45,-59.22
1.7222,-0.0644,-0.7476,-0.2518,-162.33,92.89,-60.06
1.7228,-0.0795,-0.7442,-0.2655,-162.68,90.72,-61.32
1.7233,-0.0952,-0.7364,-0.2708,-163.03,89.88,-62.02
1.7239,-0.1137,-0.7266,-0.2728,-163.38,87.78,-63.21
1.7245,-0.1337,-0.7183,-0.2772,-164.01,86.73,-63.98
1.7251,-0.1508,-0.7120,-0.2816,-164.08,84.84,-65.03
1.7256,-0.1615,-0.7076,-0.2830,-164.64,83.37,-66.36
1.7262,-0.1708,-0.7066,-0.2865,-165.06,81.55,-67.34
1.7268,-0.1854,-0.7027,-0.2933,-165.27,80.78,-68.74
1.7274,-0.2015,-0.6847,-0.3030,-165.55,78.19,-69.79
1.7279,-0.2157,-0.6764,-0.3099,-165.83,77.28,-70.77
1.7285,-0.2279,-0.6788,-0.3167,-166.11,75.39,-72.24
1.7291,-0.2411,-0.6700,-0.3270,-166.53,73.57,-73.43
1.7297,-0.2508,-0.6564,-0.3377,-166.67,72.24,-74.69
1.7302,-0.2611,-0.6564,-0.3455,-166.88,70.28,-75.67
1.7308,-0.2704,-0.6603,-0.3650,-167.37,68.46,-77.28
1.7314,-0.2786,-0.6573,-0.3762,-167.09,66.50,-78.89
1.7320,-0.3016,-0.6525,-0.3860,-168.00,62.86,-81.90
1.7325,-0.3157,-0.6539,-0.3982,-167.86,61.67,-82.88
1.7331,-0.3279,-0.6559,-0.4114,-167.72,59.01,-84.91
1.7337,-0.3343,-0.6622,-0.4260,-168.21,58.24,-85.54
1.7342,-0.3475,-0.6544,-0.4372,-168.28,55.23,-87.99
1.7347,-0.3601,-0.6456,-0.4455,-168.21,54.18,-88.69
1.7351,-0.3650,-0.6534,-0.4587,-168.56,51.66,-90.79
1.7356,-0.3753,-0.6617,-0.4748,-168.42,49.84,-91.28
1.7361,-0.3889,-0.6734,-0.4919,-168.42,47.88,-93.10
1.7366,-0.3992,-0.6832,-0.5051,-168.63,46.48,-94.01
1.7371,-0.4124,-0.6832,-0.5192,-168.77,44.10,-95.13
1.7376,-0.4314,-0.6793,-0.5358,-168.70,42.70,-96.53
1.7381,-0.4485,-0.6788,-0.5470,-168.42,40.39,-97.02
1.7385,-0.4641,-0.6856,-0.5573,-168.63,38.15,-98.14
1.7390,-0.4826,-0.6978,-0.5754,-168.35,36.12,-98.98
1.7395,-0.5090,-0.7115,-0.5919,-168.49,34.79,-98.98
1.7400,-0.5339,-0.7164,-0.6085,-167.86,32.41,-99.75
1.7405,-0.5612,-0.7100,-0.6300,-168.14,30.94,-100.38
1.7410,-0.6012,-0.7008,-0.6461,-167.44,28.77,-99.96
1.7415,-0.6417,-0.6983,-0.6578,-167.51,27.16,-100.73
1.7419,-0.6764,-0.7037,-0.6749,-167.02,25.41,-99.96
1.7424,-0.7183,-0.7086,-0.6954,-166.74,23.31,-100.31
1.7429,-0.7662,-0.7188,-0.7115,-166.32,22.19,-99.19
1.7434,-0.8120,-0.7320,-0.7276,-166.11,19.88,-100.10
1.7441,-0.8667,-0.7296,-0.7481,-165.62,18.90,-98.42
1.7448,-0.9267,-0.7149,-0.7701,-165.41,16.87,-98.63
1.7455,-0.9814,-0.7178,-0.7881,-164.36,16.03,-97.02
1.7462,-1.0370,-0.7374,-0.8076,-164.08,14.14,-97.02
1.7469,-1.0985,-0.7520,-0.8306,-163.52,13.09,-95.27
1.7476,-1.1644,-0.7627,-0.8506,-163.10,11.13,-95.13
1.7483,-1.2376,-0.7676,-0.8701,-162.40,10.15,-93.66
1.7490,-1.3122,-0.7676,-0.8886,-162.05,9.10,-92.68
1.7497,-1.3820,-0.7745,-0.9057,-161.28,7.70,-91.70
1.7504,-1.4528,-0.7930,-0.9301,-160.65,7.35,-90.09
1.7511,-1.5250,-0.8120,-0.9540,-160.44,5.60,-89.81
1.7519,-1.5982,-0.8335,-0.9750,-159.32,5.11,-87.43
1.7526,-1.6714,-0.8472,-0.9970,-159.39,3.92,-87.29
1.7533,-1.7451,-0.8457,-1.0170,-158.34,3.57,-85.61
1.7540,-1.8134,-0.8511,-1.0409,-158.13,2.87,-85.33
1.7547,-1.8729,-0.8813,-1.0673,-156.73,2.80,-83.30
1.7554,-1.9310,-0.9233,-1.0951,-157.29,1.12,-83.86
1.7561,-1.9949,-0.9550,-1.1292,-156.17,1.61,-82.32
1.7568,-2.0579,-0.9770,-1.1663,-156.17,0.14,-82.39
1.7575,-2.1160,-0.9975,-1.2000,-155.54,-0.28,-81.76
1.7580,-2.1662,-1.0116,-1.2346,-155.47,-0.84,-81.83
1.7585,-2.2175,-1.0307,-1.2708,-154.84,-1.19,-81.20
1.7589,-2.2707,-1.0663,-1.3044,-154.98,-1.68,-81.55
1.7594,-2.3258,-1.0985,-1.3405,-154.28,-2.45,-81.62
1.7599,-2.3761,-1.1244,-1.3801,-154.42,-3.01,-82.46
1.7604,-2.4093,-1.1546,-1.4220,-154.00,-3.64,-82.53
1.7609,-2.4332,-1.1897,-1.4708,-153.72,-4.20,-83.86
1.7614,-2.4644,-1.2132,-1.5235,-153.72,-5.11,-83.86
1.7619,-2.5005,-1.2190,-1.5738,-153.65,-5.74,-85.12
1.7624,-2.5303,-1.2244,-1.6241,-153.51,-6.72,-85.68
1.7628,-2.5552,-1.2351,-1.6758,-153.51,-7.00,-86.80
1.7633,-2.5747,-1.2995,-1.7666,-153.51,-8.61,-88.41
1.7638,-2.5854,-1.3342,-1.8222,-153.16,-11.27,-90.72
1.7643,-2.5996,-1.3459,-1.8734,-152.95,-12.04,-91.77
1.7648,-2.6079,-1.3518,-1.9276,-152.81,-14.14,-93.45
1.7653,-2.6201,-1.3425,-1.9779,-152.74,-14.84,-94.15
1.7658,-2.6381,-1.3239,-2.0208,-152.46,-16.94,-96.18
1.7662,-2.6523,-1.3205,-2.0603,-151.83,-18.27,-97.37
1.7667,-2.6635,-1.3303,-2.0979,-151.34,-19.95,-99.05
1.7672,-2.6703,-1.3493,-2.1370,-151.20,-22.19,-100.66
1.7687,-2.6703,-1.3503,-2.1726,-150.64,-23.94,-102.06
1.7703,-2.6718,-1.3405,-2.2087,-150.15,-26.60,-103.67
1.7718,-2.6596,-1.3347,-2.2468,-149.31,-28.56,-105.07
1.7733,-2.6464,-1.3318,-2.2858,-148.96,-31.43,-107.24
1.7748,-2.6420,-1.3147,-2.3292,-148.05,-33.60,-108.08
1.7764,-2.6274,-1.3098,-2.3707,-147.21,-36.96,-110.53
1.7779,-2.6103,-1.3078,-2.4097,-146.16,-39.83,-112.07
1.7794,-2.5908,-1.2888,-2.4517,-145.60,-43.26,-114.24
1.7809,-2.5688,-1.2649,-2.4971,-144.27,-46.20,-115.71
1.7825,-2.5386,-1.2371,-2.5420,-143.01,-49.63,-117.46
1.7840,-2.5005,-1.2327,-2.6250,-141.47,-54.18,-119.98
1.7855,-2.4683,-1.2283,-2.6723,-140.35,-57.26,-121.52
1.7871,-2.4063,-1.1951,-2.7167,-137.27,-66.22,-125.37
1.7886,-2.3731,-1.1653,-2.7606,-135.87,-70.28,-127.12
1.7901,-2.3326,-1.1409,-2.8104,-133.91,-74.83,-128.73
1.7916,-2.2877,-1.1346,-2.8577,-132.02,-80.43,-131.81
1.7932,-2.2487,-1.1336,-2.9007,-129.85,-84.91,-132.02
1.7947,-2.2116,-1.1248,-2.9397,-128.03,-90.30,-134.75
1.7962,-2.1614,-1.1302,-2.9792,-125.72,-95.69,-135.24
1.7977,-2.0979,-1.1400,-3.0217,-123.55,-101.36,-138.04
1.7978,-2.0247,-1.1307,-3.0681,-121.10,-107.52,-138.46
1.7979,-1.9588,-1.1283,-3.1154,-118.86,-113.61,-140.49
1.7979,-1.8998,-1.1229,-3.1603,-116.41,-119.63,-140.56
1.7980,-1.8363,-1.1195,-3.2008,-113.33,-126.70,-142.59
1.7980,-1.7602,-1.1551,-3.2359,-110.53,-133.07,-143.43
1.7981,-1.6904,-1.1893,-3.2725,-108.22,-140.56,-144.06
1.7982,-1.6182,-1.2112,-3.3135,-105.56,-147.98,-145.32
1.7982,-1.5382,-1.2395,-3.3535,-102.41,-155.19,-145.04
1.7983,-1.4684,-1.2756,-3.3931,-99.75,-163.03,-146.72
1.7983,-1.4010,-1.3137,-3.4306,-97.02,-169.89,-145.04
1.7984,-1.3366,-1.3581,-3.5048,-94.36,-179.76,-147.98
1.7985,-1.2668,-1.4152,-3.5048,-90.86,-185.99,-145.39
1.7985,-1.1980,-1.4986,-3.5517,-88.41,-196.00,-148.26
1.7986,-1.1439,-1.5772,-3.5985,-84.77,-203.07,-144.62
1.7986,-1.1004,-1.6255,-3.6341,-82.95,-213.01,-147.56
1.7987,-1.0477,-1.6802,-3.6771,-79.31,-220.92,-143.92
1.7988,-1.0009,-1.7334,-3.7283,-77.35,-231.07,-146.30
1.7988,-0.9750,-1.7758,-3.7703,-73.71,-239.40,-142.80
1.7989,-0.9443,-1.8246,-3.7981,-71.61,-249.27,-143.57
1.7989,-0.9072,-1.9130,-3.8206,-67.76,-258.09,-140.77
1.7991,-0.8784,-2.0096,-3.8532,-65.80,-267.96,-140.35
1.7992,-0.8418,-2.0838,-3.8923,-62.16,-277.62,-138.39
1.7994,-0.7930,-2.1492,-3.9245,-60.27,-287.00,-136.36
1.7995,-0.7491,-2.1980,-3.9572,-57.19,-296.87,-134.33
1.7996,-0.7096,-2.2443,-3.9938,-55.30,-306.53,-130.97
1.7998,-0.6710,-2.3024,-4.0221,-51.66,-317.03,-130.55
1.7999,-0.6344,-2.3692,-4.0475,-49.49,-326.62,-125.51
1.8001,-0.5968,-2.4395,-4.0685,-46.20,-337.54,-125.51
1.8002,-0.5514,-2.5020,-4.0826,-44.10,-347.34,-119.56
1.8003,-0.5017,-2.5615,-4.1026,-41.86,-358.05,-119.56
1.8005,-0.4607,-2.5971,-4.1246,-38.36,-367.22,-113.26
1.8006,-0.4304,-2.6025,-4.1382,-37.03,-378.98,-112.84
1.8008,-0.3943,-2.6142,-4.1470,-33.18,-388.78,-106.82
1.8009,-0.3509,-2.6454,-4.1548,-32.27,-399.98,-106.19
1.8010,-0.3104,-2.6991,-4.1641,-27.58,-410.06,-100.31
1.8012,-0.2796,-2.7411,-4.1724,-27.23,-421.12,-99.33
1.8013,-0.2479,-2.7611,-4.1787,-22.96,-431.20,-93.59
1.8015,-0.2152,-2.7596,-4.1822,-21.91,-442.68,-91.91
1.8016,-0.1864,-2.7460,-4.1812,-17.99,-452.90,-87.22
1.8017,-0.1493,-2.7474,-4.1826,-16.38,-463.82,-84.49
1.8023,-0.1186,-2.7523,-4.1753,-13.44,-474.95,-81.41
1.8028,-0.0971,-2.7460,-4.1587,-10.64,-485.17,-77.28
1.8033,-0.0703,-2.7406,-4.1456,-8.26,-496.09,-75.04
1.8038,-0.0439,-2.7430,-4.1265,-5.39,-506.38,-71.05
1.8044,-0.0190,-2.7470,-4.1075,-3.22,-517.37,-69.23
1.8049,0.0063,-2.7577,-4.1031,0.49,-527.66,-64.54
1.8054,0.0259,-2.7509,-4.0689,1.75,-538.93,-63.70
1.8059,0.0566,-2.7260,-4.0509,7.21,-560.14,-58.31
1.8065,0.0747,-2.7269,-4.0392,10.99,-570.08,-54.39
1.8070,0.0966,-2.7333,-4.0192,12.53,-580.44,-53.13
1.8075,0.1103,-2.7406,-3.9953,16.52,-590.24,-49.42
1.8080,0.1254,-2.7548,-3.9738,17.99,-600.88,-48.30
1.8085,0.1420,-2.7689,-3.9572,21.49,-611.17,-44.80
1.8091,0.1527,-2.7743,-3.9460,23.38,-620.69,-42.91
1.8096,0.1532,-2.7626,-3.9255,26.60,-630.98,-39.97
1.8101,0.1576,-2.7513,-3.9006,29.19,-640.92,-38.15
1.8106,0.1742,-2.7757,-3.8781,31.85,-650.44,-34.86
1.8112,0.1840,-2.8104,-3.8508,34.86,-659.68,-32.41
1.8117,0.1864,-2.8255,-3.8230,36.89,-669.55,-29.19
1.8122,0.1947,-2.8387,-3.8035,39.97,-678.93,-26.53
1.8127,0.2011,-2.8504,-3.7757,42.07,-688.45,-23.66
1.8132,0.2025,-2.8543,-3.7395,45.50,-697.41,-20.37
1.8138,0.2108,-2.8660,-3.7025,47.32,-706.65,-17.22
1.8143,0.2123,-2.8865,-3.6654,50.68,-715.19,-13.44
1.8148,0.2123,-2.8953,-3.6268,52.50,-724.22,-10.57
1.8153,0.2206,-2.9016,-3.5814,55.72,-732.69,-6.44
1.8158,0.2230,-2.9065,-3.5375,57.75,-741.09,-3.71
1.8164,0.2191,-2.9012,-3.4946,60.62,-749.56,0.84
1.8169,0.2225,-2.8963,-3.4506,63.00,-757.82,4.06
1.8174,0.2294,-2.9046,-3.4077,65.73,-766.01,8.40
1.8179,0.2338,-2.9016,-3.3599,68.25,-773.71,12.18
1.8184,0.2381,-2.8802,-3.3121,70.49,-782.25,16.31
1.8190,0.2469,-2.8548,-3.2672,73.22,-789.53,20.44
1.8195,0.2616,-2.8382,-3.2184,75.88,-797.79,24.08
1.8200,0.2845,-2.8231,-3.1681,78.61,-805.00,28.63
1.8205,0.3045,-2.8055,-3.1178,80.71,-812.42,32.62
1.8210,0.3245,-2.7928,-3.0695,83.65,-819.77,37.59
1.8216,0.3465,-2.7718,-3.0246,86.17,-827.12,40.95
1.8221,0.3748,-2.7470,-2.9831,88.55,-834.26,45.99
1.8226,0.4099,-2.7216,-2.9407,91.28,-841.96,49.35
1.8232,0.4382,-2.6825,-2.9002,93.80,-848.26,55.09
1.8237,0.4616,-2.6381,-2.8607,96.39,-855.96,58.17
1.8243,0.4924,-2.5957,-2.8182,99.12,-862.05,63.63
1.8249,0.5280,-2.5498,-2.6494,101.92,-868.98,67.20
1.8255,0.5646,-2.5044,-2.6728,104.72,-875.77,72.03
1.8261,0.6471,-2.4337,-2.6313,109.62,-888.93,80.64
1.8266,0.6905,-2.3844,-2.5869,112.70,-895.65,85.12
1.8272,0.7359,-2.3375,-2.5405,114.87,-902.44,89.25
1.8278,0.7813,-2.2926,-2.4893,118.02,-907.83,93.87
1.8284,0.8281,-2.2448,-2.4410,120.47,-915.39,97.58
1.8289,0.8750,-2.2004,-2.3902,123.34,-920.43,102.69
1.8295,0.9218,-2.1565,-2.3351,125.79,-927.92,105.49
1.8301,0.9721,-2.1189,-2.2848,128.73,-933.24,110.88
1.8307,1.0238,-2.0867,-2.2272,131.04,-940.59,113.19
1.8312,1.0780,-2.0486,-2.1706,134.12,-945.77,118.72
1.8318,1.1283,-2.0008,-2.1169,135.59,-952.21,120.47
1.8324,1.1824,-1.9647,-2.0564,139.51,-957.74,125.93
1.8330,1.2385,-1.9525,-1.9959,140.84,-964.25,127.47
1.8336,1.2844,-1.9403,-1.9413,144.34,-969.78,132.37
1.8341,1.3176,-1.9169,-1.8832,145.74,-975.66,133.91
1.8348,1.3435,-1.8837,-1.8280,148.82,-981.33,138.32
1.8355,1.3737,-1.8578,-1.7705,150.36,-986.65,139.51
1.8362,1.3991,-1.8359,-1.7148,153.02,-992.25,143.22
1.8368,1.4079,-1.8017,-1.6582,154.98,-997.57,144.41
1.8375,1.4098,-1.7792,-1.5948,157.08,-1002.75,147.63
1.8382,1.4162,-1.7783,-1.5406,159.46,-1007.30,148.96
1.8389,1.4176,-1.7578,-1.4933,160.93,-1012.97,150.64
1.8395,1.4064,-1.7212,-1.4538,163.17,-1016.68,152.74
1.8402,1.3835,-1.6973,-1.4201,164.57,-1022.49,153.09
1.8409,1.3488,-1.6714,-1.3830,167.02,-1025.43,155.54
1.8415,1.3088,-1.6348,-1.3381,168.21,-1030.26,155.47
1.8422,1.2664,-1.6050,-1.2898,171.01,-1033.55,157.71
1.8429,1.2210,-1.5836,-1.2478,172.06,-1037.54,156.66
1.8436,1.1736,-1.5631,-1.2098,174.51,-1040.06,158.90
1.8442,1.1224,-1.5406,-1.1771,175.28,-1043.28,157.57
1.8449,1.0712,-1.5113,-1.1483,177.80,-1045.87,159.32
1.8456,1.0219,-1.4811,-1.1195,179.06,-1048.39,157.92
1.8463,0.9716,-1.4479,-1.0946,181.09,-1051.05,159.11
1.8469,0.9262,-1.4172,-1.0712,182.21,-1052.24,157.50
1.8476,0.8745,-1.4035,-1.0458,184.17,-1054.69,158.13
1.8487,0.8194,-1.3908,-1.0228,185.85,-1055.25,156.52
1.8498,0.7691,-1.3703,-0.9828,187.60,-1057.35,156.38
1.8508,0.6783,-1.3269,-0.9648,190.68,-1059.03,154.42
1.8519,0.6407,-1.3069,-0.9492,192.71,-1058.33,153.86
1.8530,0.6066,-1.2859,-0.9350,193.83,-1060.08,151.97
1.8540,0.5807,-1.2629,-0.9233,195.79,-1058.89,151.41
1.8551,0.5602,-1.2561,-0.9096,197.05,-1059.38,149.31
1.8562,0.5417,-1.2556,-0.8930,199.22,-1058.75,148.68
1.8572,0.5251,-1.2459,-0.8760,200.41,-1058.54,146.30
1.8583,-0.5793,-0.6212,-0.3026,202.37,-1057.00,145.74
1.8594,2.9202,-6.9930,0.4002,214.06,-1039.64,63.21
1.8605,2.2375,-2.9958,0.3050,141.82,-1022.70,552.23
1.8615,-2.0535,-0.1386,-0.7286,133.77,-981.33,239.96
1.8626,-1.3444,-11.0805,1.6407,450.66,-1013.11,1148.98
1.8637,-2.9544,-5.8423,2.9700,-218.89,-981.82,-318.43
1.8647,-0.9687,1.1854,-1.2556,210.07,-1023.82,820.26
1.8658,2.0354,-1.2966,0.2064,83.23,-1024.52,-614.81
1.8669,4.4003,4.3203,-1.4416,-24.99,-978.53,1042.44
1.8679,3.7844,5.4207,-2.9870,356.72,-1040.83,-425.88
1.8690,0.6651,-2.3234,-0.3221,-0.42,-1003.10,797.65
1.8706,1.7192,-4.7639,-0.6271,-72.87,-1020.53,366.73
1.8721,3.0539,-4.2412,-0.7125,307.23,-1020.88,-3.71
1.8736,2.3151,3.7166,-1.6372,-114.87,-1009.61,150.43
1.8752,0.5876,4.9727,-2.1345,342.79,-1026.97,343.35
1.8767,-0.3762,2.9900,-1.5582,-10.01,-1009.05,-196.77
1.8783,-0.5090,0.8662,-1.6333,294.35,-1024.38,520.94
1.8798,-0.3924,-2.7816,-1.1663,66.22,-1004.85,-480.48
1.8814,-0.4939,-3.9274,-0.9526,227.85,-1015.77,714.28
1.8829,-0.8818,-1.8593,-1.1527,73.15,-986.09,-570.08
1.8844,-1.2132,-0.2991,-1.2239,213.15,-1014.23,802.13
1.8860,-1.1795,0.9892,-1.2644,79.94,-967.26,-620.90
1.8875,-1.0795,1.3283,-1.4045,247.10,-1015.63,763.77
1.8891,-0.9477,0.0356,-1.1990,79.31,-948.50,-573.30
1.8906,-1.0087,-1.0199,-1.0502,294.56,-1014.58,664.86
1.8922,-1.0385,-1.5596,-0.9306,41.51,-926.73,-434.00
1.8937,-0.9536,-1.5372,-0.8969,329.00,-1012.06,487.55
1.8952,-0.7574,-0.7271,-0.9374,5.67,-907.27,-250.53
1.8968,-0.5978,0.1879,-1.0751,351.96,-1007.86,272.37
1.8983,-0.4909,0.5129,-1.0726,17.15,-892.99,-33.81
1.8999,-0.4660,0.3348,-0.9326,353.64,-999.60,47.67
1.8999,-0.3123,-0.2806,-0.8789,64.05,-884.94,166.67
1.9000,-0.2420,-0.9287,-0.8447,132.86,-882.14,336.63
1.9001,-0.1513,-0.5324,-0.8984,226.94,-966.35,-342.93
1.9001,-0.0893,0.0698,-0.9506,229.39,-885.01,462.07
1.9002,-0.0693,0.5441,-1.0136,137.55,-941.15,-457.87
1.9003,-0.0488,0.6276,-1.0282,342.30,-893.34,521.50
1.9003,-0.0303,0.3928,-1.0170,56.07,-913.50,-516.67
1.9004,-0.0073,0.1030,-0.9916,438.48,-903.98,518.49
1.9005,0.0073,-0.0322,-0.9965,-9.03,-883.05,-512.19
1.9005,0.0229,0.0737,-1.0233,499.59,-914.34,463.33
1.9006,0.0307,0.3528,-1.0770,-37.10,-853.58,-453.25
1.9007,0.0327,0.5939,-1.1204,523.39,-922.88,365.12
1.9007,0.0249,0.6671,-1.1541,-16.59,-827.75,-355.88
1.9008,0.0107,0.5480,-1.1580,506.59,-926.38,237.86
1.9009,-0.0132,0.3245,-1.1453,44.94,-806.47,-233.52
1.9009,-0.0273,0.1264,-1.1302,450.52,-924.07,97.30
1.9010,-0.0312,0.0547,-1.1331,134.47,-791.35,-101.50
1.9011,-0.0307,0.0981,-1.1390,367.29,-914.13,-40.25
1.9011,-0.0307,0.1752,-1.1512,240.94,-783.51,26.95
1.9012,-0.0288,0.1957,-1.1600,279.09,-897.47,-162.40
1.9013,-0.0254,0.1147,-1.1575,347.62,-782.32,137.48
1.9013,-0.0195,-0.0454,-1.1351,199.50,-874.72,-262.36
1.9014,-0.0088,-0.2079,-1.1122,437.78,-786.31,224.07
1.9015,0.0137,-0.3162,-1.0990,139.09,-847.63,-330.75
1.9015,0.0332,-0.3523,-1.0917,498.75,-793.94,279.72
1.9016,0.0561,-0.3475,-1.0814,108.22,-818.09,-365.47
1.9016,0.0869,-0.3533,-1.0760,528.08,-803.25,302.89
1.9017,0.1166,-0.4089,-1.0697,110.04,-788.41,-365.68
1.9018,0.1469,-0.5119,-1.0590,526.75,-812.49,292.88
1.9018,0.1874,-0.6281,-1.0443,139.30,-760.62,-334.39
1.9019,0.2279,-0.7198,-1.0292,498.40,-818.93,253.12
1.9020,0.2684,-0.7671,-1.0224,187.60,-737.03,-274.89
1.9020,0.3157,-0.7818,-1.0292,452.90,-821.52,189.28
1.9021,0.3631,-0.7920,-1.0385,247.66,-718.90,-194.18
1.9022,0.4104,-0.8267,-1.0468,400.12,-819.35,107.10
1.9022,0.4597,-0.8945,-1.0497,309.26,-707.00,-101.22
1.9023,0.5100,-0.9755,-1.0531,348.60,-811.93,16.59
1.9024,0.5588,-1.0507,-1.0575,364.63,-700.77,-4.62
1.9024,0.6129,-1.1058,-1.0668,304.57,-798.56,-72.10
1.9025,0.6700,-1.1405,-1.0804,407.82,-701.19,86.17
1.9031,0.7227,-1.1678,-1.0965,272.02,-781.90,-152.53
1.9036,0.7735,-1.2010,-1.1082,437.64,-705.81,162.54
1.9042,0.8233,-1.2503,-1.1156,252.63,-761.39,-214.13
1.9047,0.8735,-1.3152,-1.1297,453.95,-713.72,217.00
1.9053,0.9223,-1.3786,-1.1483,244.72,-739.34,-252.07
1.9058,0.9721,-1.4303,-1.1605,457.66,-723.31,245.14
1.9064,1.0219,-1.4708,-1.1668,247.24,-717.92,-262.57
1.9069,1.0673,-1.5060,-1.1756,451.08,-732.83,245.77
1.9075,1.1126,-1.5421,-1.1912,256.83,-698.04,-246.26
1.9080,1.1644,-1.5865,-1.2005,437.50,-740.53,218.82
1.9086,1.2141,-1.6353,-1.2024,271.53,-681.24,-204.96
1.9091,1.2571,-1.6821,-1.2107,418.32,-745.71,169.54
1.9097,1.3015,-1.7309,-1.2185,289.73,-668.36,-144.34
1.9102,1.3498,-1.7734,-1.2259,395.15,-746.62,104.02
1.9108,1.4396,-1.8461,-1.2302,309.61,-660.73,-72.38
1.9113,1.4767,-1.8842,-1.2376,330.75,-657.65,2.80
1.9119,1.5138,-1.9310,-1.2376,343.35,-737.10,-42.07
1.9124,1.5543,-1.9769,-1.2351,351.96,-659.82,72.94
1.9130,1.5943,-2.0145,-1.2356,316.68,-726.18,-106.05
1.9135,1.6309,-2.0418,-1.2390,371.00,-664.30,130.06
1.9141,1.6651,-2.0638,-1.2454,291.20,-712.60,-155.61
1.9147,1.6982,-2.0891,-1.2498,386.54,-672.91,168.63
1.9153,1.7290,-2.1145,-1.2537,269.57,-697.48,-184.59
1.9158,1.7607,-2.1355,-1.2586,397.32,-682.57,186.48
1.9164,1.7929,-2.1594,-1.2595,253.61,-682.08,-193.13
1.9170,1.8246,-2.1814,-1.2586,400.75,-691.95,182.21
1.9175,1.8524,-2.1926,-1.2610,244.23,-667.52,-181.23
1.9181,1.8754,-2.1975,-1.2668,396.55,-699.65,158.62
1.9187,1.8978,-2.1975,-1.2683,242.62,-655.97,-150.92
1.9192,1.9169,-2.1921,-1.2693,384.65,-705.46,118.79
1.9198,1.9310,-2.1877,-1.2678,249.13,-646.66,-108.15
1.9204,1.9471,-2.1804,-1.2644,364.56,-707.77,68.81
1.9210,1.9627,-2.1672,-1.2644,262.50,-640.99,-57.89
1.9215,1.9754,-2.1545,-1.2722,338.52,-706.23,14.28
1.9221,2.1126,-2.0106,-1.2727,280.70,-639.17,-5.95
1.9227,2.0091,-2.0813,-1.2747,300.72,-641.06,41.86
1.9232,2.0081,-2.0467,-1.2703,280.21,-693.84,-84.49
1.9238,2.0042,-2.0106,-1.2673,319.76,-645.26,80.57
1.9244,1.9993,-1.9735,-1.2625,254.03,-682.92,-119.35
1.9249,1.9915,-1.9418,-1.2532,335.51,-651.56,107.10
1.9255,1.9813,-1.9076,-1.2444,232.96,-670.46,-140.49
1.9260,1.9701,-1.8681,-1.2346,344.47,-658.77,119.42
1.9265,1.9496,-1.8241,-1.2273,219.87,-658.21,-146.30
1.9271,1.9305,-1.7724,-1.2132,346.08,-664.65,118.23
1.9276,1.9154,-1.7119,-1.1961,214.76,-645.89,-138.32
1.9281,1.9022,-1.6485,-1.1785,341.11,-669.90,103.39
1.9286,1.8837,-1.5923,-1.1600,217.63,-635.46,-117.95
1.9292,1.8676,-1.5518,-1.1463,329.21,-672.84,78.26
1.9297,1.8568,-1.5230,-1.1224,227.29,-626.78,-87.78
1.9302,1.8481,-1.4928,-1.0921,311.85,-672.70,45.85
1.9308,1.8442,-1.4635,-1.0692,241.78,-620.97,-51.73
1.9313,1.8300,-1.4294,-1.0502,291.48,-669.83,10.43
1.9318,1.8158,-1.3864,-1.0321,258.58,-617.54,-13.23
1.9323,1.8051,-1.3444,-1.0121,270.48,-663.88,-25.27
1.9329,1.7973,-1.3025,-0.9877,275.38,-617.12,22.54
1.9334,1.7885,-1.2561,-0.9594,251.79,-656.04,-56.14
1.9339,1.7768,-1.2307,-0.9355,289.80,-618.59,53.27
1.9345,1.7700,-1.2229,-0.9121,236.04,-645.47,-80.08
1.9350,1.7710,-1.2015,-0.8896,300.37,-621.46,76.16
1.9355,1.7631,-1.1575,-0.8662,224.84,-634.27,-94.15
1.9361,1.7485,-1.1082,-0.8408,306.60,-624.05,89.67
1.9367,1.7412,-1.0668,-0.8233,219.10,-623.14,-98.70
1.9373,1.7339,-1.0326,-0.8037,307.58,-626.78,92.89
1.9378,1.7246,-1.0038,-0.7769,219.03,-611.80,-92.82
1.9384,1.7158,-0.9731,-0.7530,304.29,-627.97,86.94
1.9390,1.7056,-0.9433,-0.7349,223.09,-602.07,-77.49
1.9396,1.6914,-0.9082,-0.7213,296.87,-628.32,72.73
1.9402,1.6753,-0.8682,-0.6998,231.21,-593.81,-54.60
1.9407,1.6626,-0.8359,-0.6769,287.42,-626.01,52.15
1.9413,1.6533,-0.8125,-0.6588,241.78,-587.30,-26.39
1.9419,1.6426,-0.7847,-0.6359,275.87,-621.74,28.56
1.9425,1.6270,-0.7452,-0.6188,252.91,-582.89,3.36
1.9430,1.6094,-0.7125,-0.6051,264.39,-615.09,4.69
1.9436,1.5919,-0.6891,-0.5885,264.53,-579.88,32.55
1.9442,1.5797,-0.6690,-0.5666,253.54,-607.04,-16.10
1.9448,1.5738,-0.6495,-0.5470,275.17,-579.11,58.10
1.9454,1.5718,-0.6242,-0.5344,244.51,-597.52,-32.55
1.9459,1.5718,-0.5988,-0.5178,283.64,-578.76,78.05
1.9465,1.5679,-0.5734,-0.4997,237.93,-587.16,-42.14
1.9471,1.5631,-0.5597,-0.4914,289.73,-578.83,91.21
1.9483,1.5636,-0.5817,-0.4719,234.50,-576.59,-44.38
1.9495,1.5626,-0.6056,-0.4431,292.53,-578.34,97.16
1.9507,1.5509,-0.5934,-0.4304,233.31,-566.51,-38.15
1.9518,1.5367,-0.5680,-0.4265,292.04,-577.36,95.48
1.9530,1.5235,-0.5495,-0.4177,235.27,-557.27,-24.85
1.9542,1.5177,-0.5407,-0.4041,289.52,-575.26,87.50
1.9554,1.5148,-0.5436,-0.3928,239.89,-549.36,-6.72
1.9566,1.5011,-0.5485,-0.3821,284.06,-571.69,75.25
1.9578,1.4869,-0.5505,-0.3738,246.33,-542.50,16.24
1.9590,1.4752,-0.5529,-0.3699,276.64,-566.65,60.27
1.9602,1.4620,-0.5519,-0.3665,254.03,-537.46,39.76
1.9613,1.4435,-0.5500,-0.3631,268.31,-559.86,45.22
1.9625,1.4211,-0.5480,-0.3567,262.08,-533.26,62.93
1.9637,1.4010,-0.5461,-0.3494,259.49,-552.16,31.64
1.9649,1.3771,-0.5431,-0.3533,269.99,-530.60,83.65
1.9661,1.3537,-0.5422,-0.3533,251.79,-543.34,21.28
1.9673,1.3337,-0.5534,-0.3489,276.43,-528.29,100.45
1.9685,1.3049,-0.5656,-0.3543,245.14,-533.61,15.61
1.9697,1.2717,-0.5754,-0.3518,280.77,-525.77,111.44
1.9708,1.2356,-0.5812,-0.3445,240.24,-524.02,15.47
1.9725,1.2078,-0.5788,-0.3377,282.59,-523.18,117.32
1.9742,1.1932,-0.5871,-0.3343,237.44,-514.71,20.51
1.9759,1.1839,-0.6027,-0.3348,281.96,-520.45,117.74
1.9776,1.1732,-0.6129,-0.3309,236.95,-505.40,30.52
1.9793,1.1580,-0.6305,-0.3231,278.53,-516.39,113.61
1.9809,1.1444,-0.6442,-0.3162,238.77,-497.14,44.52
1.9826,1.1346,-0.6481,-0.3104,272.65,-511.91,105.63
1.9843,1.1248,-0.6495,-0.3035,241.71,-490.35,61.11
1.9860,1.1097,-0.6471,-0.2982,265.23,-506.17,95.83
1.9877,1.0838,-0.6510,-0.2850,245.98,-484.26,78.61
1.9894,1.0433,-0.6749,-0.2738,250.46,-479.50,95.41
1.9911,1.0350,-0.6939,-0.2650,248.22,-491.33,75.95
1.9927,1.0380,-0.7139,-0.2635,254.45,-474.88,110.81
1.9944,1.0355,-0.7320,-0.2655,240.10,-482.79,68.32
1.9961,1.0297,-0.7471,-0.2655,256.76,-471.03,122.43
1.9978,1.0243,-0.7598,-0.2650,232.96,-474.18,63.70
1.9995,1.0170,-0.7706,-0.2640,257.88,-467.67,131.39
2.0012,1.0038,-0.7759,-0.2635,226.80,-465.22,63.00
2.0028,0.9804,-0.7823,-0.2660,256.55,-464.31,135.31
2.0045,0.9565,-0.7891,-0.2684,222.74,-456.75,65.45
2.0046,0.9394,-0.7945,-0.2694,253.54,-460.25,135.24
2.0046,0.9292,-0.8052,-0.2718,219.52,-448.77,71.12
2.0047,0.9189,-0.8218,-0.2743,248.71,-455.42,132.02
2.0048,0.9038,-0.8374,-0.2757,218.61,-441.35,79.31
2.0048,0.8818,-0.8462,-0.2762,241.78,-450.17,125.65
2.0049,0.8589,-0.8525,-0.2762,217.98,-434.35,89.88
2.0049,0.8359,-0.8589,-0.2786,234.15,-444.71,117.18
2.0050,0.8135,-0.8662,-0.2826,218.54,-428.05,101.01
2.0051,0.7959,-0.8750,-0.2913,225.40,-437.43,108.50
2.0051,0.7774,-0.8886,-0.2962,218.82,-422.59,112.14
2.0052,0.7554,-0.9043,-0.2948,217.07,-430.57,98.77
2.0052,0.7330,-0.9130,-0.2972,218.96,-416.64,122.15
2.0053,0.7115,-0.9199,-0.3030,208.67,-422.52,91.49
2.0053,0.6944,-0.9267,-0.3040,217.77,-411.95,129.15
2.0054,0.6749,-0.9345,-0.3040,200.90,-413.77,86.73
2.0055,0.6559,-0.9472,-0.3074,216.09,-407.26,133.84
2.0055,0.6388,-0.9618,-0.3084,193.83,-405.30,83.65
2.0056,0.6178,-0.9775,-0.3099,213.36,-403.06,135.45
2.0056,0.6012,-0.9902,-0.3128,187.88,-396.90,83.51
2.0057,0.5885,-0.9970,-0.3099,209.09,-398.02,134.12
2.0057,0.5773,-1.0063,-0.3109,183.26,-388.92,85.89
2.0058,0.5651,-1.0185,-0.3143,202.86,-392.42,130.06
2.0058,0.5549,-1.0272,-0.3094,179.48,-381.29,90.72
2.0059,0.5422,-1.0394,-0.3040,196.07,-386.82,124.11
2.0059,0.5270,-1.0487,-0.3006,176.82,-374.78,96.18
2.0059,0.5104,-1.0531,-0.3011,187.88,-380.59,116.34
2.0060,0.4973,-1.0546,-0.3030,174.86,-367.78,102.76
2.0060,0.4812,-1.0555,-0.3016,179.55,-373.80,108.43
2.0061,0.4621,-1.0604,-0.2957,172.69,-361.48,109.34
2.0061,0.4485,-1.0658,-0.2948,171.15,-366.17,100.87
2.0062,0.4382,-1.0677,-0.2977,170.94,-355.95,114.45
2.0062,0.4294,-1.0658,-0.2977,163.24,-358.89,93.52
2.0063,0.4211,-1.0643,-0.2987,168.14,-350.21,118.72
2.0063,0.4109,-1.0634,-0.3055,155.05,-351.05,88.13
2.0063,0.3997,-1.0575,-0.3050,165.27,-345.24,120.61
2.0064,0.3919,-1.0526,-0.3001,148.05,-343.28,84.21
2.0064,0.3865,-1.0482,-0.3001,161.14,-339.78,120.96
2.0065,0.3821,-1.0419,-0.2982,142.24,-335.37,82.46
2.0065,0.3782,-1.0336,-0.2962,156.17,-334.74,118.79
2.0066,0.3792,-1.0282,-0.2982,137.20,-328.37,82.88
2.0066,0.3797,-1.0248,-0.2987,150.64,-329.35,114.73
2.0066,0.3797,-1.0136,-0.2977,132.93,-321.37,84.28
2.0067,0.3802,-0.9994,-0.2987,144.55,-323.68,109.62
2.0067,0.3836,-0.9872,-0.3006,129.99,-314.44,87.57
2.0068,0.3880,-0.9770,-0.2996,137.83,-318.01,102.97
2.0068,0.3919,-0.9697,-0.2982,127.26,-308.42,91.07
2.0069,0.3982,-0.9594,-0.3026,130.69,-312.20,96.25
2.0069,0.4055,-0.9482,-0.3060,124.81,-302.82,94.50
2.0069,0.4143,-0.9384,-0.3050,123.55,-305.90,89.53
2.0070,0.4241,-0.9272,-0.3011,122.43,-297.92,97.79
2.0070,0.4329,-0.9165,-0.2967,117.39,-299.81,83.16
2.0071,0.4377,-0.9057,-0.2972,120.05,-293.02,100.17
2.0071,0.4475,-0.8955,-0.2977,110.95,-293.58,78.47
2.0072,0.4558,-0.8857,-0.2908,117.39,-288.61,101.43
2.0072,0.4621,-0.8740,-0.2869,105.35,-287.77,74.62
2.0072,0.4758,-0.8613,-0.2889,114.24,-284.20,101.01
2.0073,0.4846,-0.8486,-0.2889,100.94,-282.03,71.89
2.0073,0.4939,-0.8379,-0.2850,110.60,-280.28,99.05
2.0074,0.5046,-0.8267,-0.2801,96.81,-276.22,71.47
2.0074,0.5129,-0.8120,-0.2786,106.61,-276.36,95.97
2.0078,0.5236,-0.8032,-0.2762,93.45,-270.97,71.82
2.0081,0.5334,-0.7930,-0.2708,102.34,-272.30,91.21
2.0085,0.5383,-0.7779,-0.2679,90.65,-265.79,73.71
2.0088,0.5417,-0.7652,-0.2650,97.37,-268.87,85.54
2.0092,0.5534,-0.7452,-0.2547,88.69,-261.10,75.95
2.0095,0.5627,-0.7310,-0.2503,87.29,-257.04,78.33
2.0099,0.5700,-0.7174,-0.2489,87.08,-260.61,74.13
2.0102,0.5695,-0.7052,-0.2460,86.10,-253.89,80.71
2.0106,0.5710,-0.6934,-0.2460,82.46,-255.64,69.37
2.0109,0.5744,-0.6808,-0.2416,84.56,-250.60,81.97
2.0113,0.5807,-0.6710,-0.2377,78.26,-251.23,65.31
2.0116,0.5851,-0.6608,-0.2377,82.32,-247.66,82.46
2.0120,0.5846,-0.6505,-0.2372,74.41,-246.82,62.58
2.0123,0.5890,-0.6393,-0.2338,80.64,-245.21,81.69
2.0127,0.5919,-0.6266,-0.2323,71.19,-242.27,60.62
2.0130,0.5905,-0.6198,-0.2333,78.61,-242.13,80.08
2.0134,0.5934,-0.6090,-0.2274,68.39,-237.93,59.99
2.0138,0.5939,-0.5973,-0.2225,76.09,-239.26,77.42
2.0141,0.5954,-0.5900,-0.2201,66.29,-234.08,60.06
2.0145,0.5973,-0.5797,-0.2176,73.64,-236.46,73.71
2.0150,0.5968,-0.5710,-0.2123,64.68,-230.23,60.97
2.0156,0.5978,-0.5646,-0.2064,70.28,-233.59,69.23
2.0161,0.5968,-0.5466,-0.2050,63.56,-227.36,61.88
2.0167,0.5949,-0.5383,-0.2035,62.79,-224.28,63.07
2.0173,0.5915,-0.5309,-0.1981,63.70,-226.87,59.78
2.0178,0.5890,-0.5183,-0.1957,62.51,-221.41,64.12
2.0184,0.5841,-0.5075,-0.1898,60.27,-223.37,55.51
2.0190,0.5812,-0.4997,-0.1898,61.74,-219.17,63.98
2.0195,0.5788,-0.4909,-0.1869,57.54,-219.52,51.87
2.0201,0.5739,-0.4851,-0.1771,60.90,-217.00,63.63
2.0206,0.5661,-0.4699,-0.1713,54.74,-215.95,48.44
2.0212,0.5588,-0.4558,-0.1679,59.99,-214.13,62.16
2.0218,0.5573,-0.4480,-0.1635,52.99,-212.45,46.48
2.0223,0.5558,-0.4358,-0.1566,59.43,-212.38,59.43
2.0229,0.5495,-0.4221,-0.1459,51.38,-208.95,44.59
2.0235,0.5422,-0.4070,-0.1371,57.82,-209.65,56.91
2.0240,0.5358,-0.3953,-0.1313,50.61,-205.52,43.68
2.0246,0.5280,-0.3870,-0.1240,56.14,-207.55,53.13
2.0251,0.5222,-0.3743,-0.1161,50.12,-202.37,43.54
2.0257,0.5144,-0.3626,-0.1122,54.60,-204.33,49.35
2.0269,0.5119,-0.3548,-0.1059,49.91,-199.78,43.12
2.0281,0.5119,-0.3470,-0.0947,52.64,-201.53,44.94
2.0293,0.5056,-0.3387,-0.0859,50.33,-197.12,42.77
2.0304,0.4953,-0.3304,-0.0825,50.82,-197.68,41.58
2.0316,0.4860,-0.3274,-0.0786,50.75,-194.46,42.98
2.0328,0.4812,-0.3211,-0.0727,49.00,-195.02,37.24
2.0340,0.4690,-0.3133,-0.0634,50.75,-192.01,42.56
2.0352,0.4587,-0.3084,-0.0537,47.81,-191.59,33.95
2.0364,0.4592,-0.3026,-0.0434,50.89,-189.56,41.51
2.0375,0.4553,-0.2982,-0.0351,46.41,-188.16,31.22
2.0387,0.4455,-0.2938,-0.0317,50.68,-187.53,40.53
2.0399,0.4382,-0.2894,-0.0254,45.92,-185.01,28.84
2.0411,0.4324,-0.2869,-0.0185,50.68,-184.80,38.78
2.0423,0.4260,-0.2845,-0.0122,45.64,-181.65,27.37
2.0435,0.4197,-0.2801,-0.0063,50.05,-182.70,36.26
2.0447,0.4143,-0.2762,0.0000,45.57,-178.85,26.53
2.0458,0.4094,-0.2723,0.0068,49.56,-179.83,33.81
2.0470,0.4046,-0.2674,0.0137,45.71,-175.56,25.97
2.0482,0.4026,-0.2611,0.0171,48.72,-177.31,30.87
2.0494,0.4026,-0.2606,0.0220,46.34,-172.55,25.97
2.0499,0.3909,-0.2645,0.0346,48.30,-170.38,25.34
2.0504,0.3894,-0.2640,0.0390,47.25,-171.57,24.85
2.0509,0.3850,-0.2679,0.0420,47.11,-167.79,25.76
2.0514,0.3802,-0.2762,0.0488,46.27,-168.14,21.84
2.0519,0.3792,-0.2801,0.0542,47.11,-165.48,25.69
2.0524,0.3777,-0.2791,0.0586,46.06,-165.48,19.25
2.0530,0.3772,-0.2801,0.0605,47.39,-162.68,25.13
2.0535,0.3758,-0.2816,0.0625,45.50,-162.05,17.36
2.0540,0.3743,-0.2850,0.0693,47.88,-160.79,24.08
2.0545,0.3699,-0.2894,0.0761,44.66,-158.90,15.96
2.0550,0.3655,-0.2962,0.0791,48.09,-158.76,22.61
2.0555,0.3640,-0.3006,0.0820,44.59,-156.17,14.77
2.0560,0.3631,-0.3016,0.0849,47.74,-155.89,20.93
2.0565,0.3621,-0.3055,0.0888,44.24,-153.09,14.00
2.0570,0.3616,-0.3113,0.0952,47.53,-153.86,19.46
2.0575,0.3606,-0.3211,0.0991,44.38,-150.50,13.65
2.0580,0.3572,-0.3304,0.1035,46.48,-151.27,16.94
2.0585,0.3543,-0.3396,0.1044,44.52,-148.26,13.44
2.0591,0.3533,-0.3509,0.1078,46.27,-148.75,14.91
2.0596,0.3538,-0.3572,0.1113,44.80,-145.60,13.65
2.0602,0.3533,-0.3665,0.1225,45.36,-146.16,12.95
2.0608,0.3518,-0.3733,0.1225,44.80,-143.36,13.79
2.0614,0.3504,-0.3792,0.1240,44.52,-143.57,11.06
2.0620,0.3504,-0.3924,0.1288,44.80,-141.12,13.51
2.0627,0.3479,-0.4006,0.1322,43.75,-141.26,9.52
2.0633,0.3445,-0.4065,0.1337,44.66,-139.09,13.16
2.0639,0.3475,-0.4138,0.1357,42.70,-138.39,8.33
2.0645,0.3460,-0.4231,0.1410,44.66,-136.78,12.67
2.0652,0.3411,-0.4343,0.1430,41.86,-135.94,7.21
2.0658,0.3465,-0.4407,0.1405,44.17,-134.68,12.25
2.0664,0.3499,-0.4465,0.1410,41.51,-133.07,6.86
2.0670,0.3499,-0.4534,0.1444,43.68,-133.07,11.48
2.0676,0.3484,-0.4577,0.1493,40.88,-130.83,6.30
2.0683,0.3475,-0.4636,0.1547,42.91,-131.04,10.64
2.0689,0.3514,-0.4743,0.1527,40.39,-128.24,6.72
2.0695,0.3528,-0.4831,0.1479,41.86,-128.59,9.24
2.0701,0.3553,-0.4900,0.1459,39.97,-126.42,6.86
2.0708,0.3538,-0.5007,0.1513,41.23,-127.05,8.54
2.0714,0.3494,-0.5075,0.1591,39.55,-123.90,7.35
2.0720,0.3499,-0.5153,0.1610,40.25,-124.25,7.77
2.0735,0.3553,-0.5329,0.1635,38.78,-122.43,6.65
2.0750,0.3567,-0.5407,0.1674,38.78,-120.75,7.91
2.0766,0.3587,-0.5495,0.1728,37.66,-120.26,5.67
2.0781,0.3567,-0.5592,0.1762,38.08,-118.44,8.33
2.0796,0.3601,-0.5627,0.1781,36.54,-118.72,4.34
2.0811,0.3655,-0.5675,0.1796,37.38,-117.39,8.19
2.0827,0.3645,-0.5749,0.1806,35.42,-116.34,4.34
2.0842,0.3680,-0.5832,0.1815,36.26,-115.85,7.98
2.0857,0.3704,-0.5880,0.1825,34.44,-114.10,4.41
2.0872,0.3743,-0.5900,0.1850,35.49,-114.17,7.42
2.0888,0.3772,-0.5998,0.1889,33.46,-112.35,4.48
2.0903,0.3719,-0.6115,0.1893,34.30,-112.63,7.14
2.0918,0.3816,-0.6388,0.1962,31.50,-109.97,6.23
2.0933,0.3821,-0.6427,0.1986,30.24,-107.10,5.32
2.0949,0.3875,-0.6456,0.1996,30.31,-107.59,5.32
2.0964,0.3924,-0.6495,0.1976,29.61,-105.84,5.74
2.0979,0.3977,-0.6505,0.1991,28.98,-106.19,4.62
2.0994,0.3972,-0.6559,0.2030,28.70,-104.79,6.58
2.1010,0.3982,-0.6647,0.2030,27.72,-105.21,3.64
2.1025,0.3997,-0.6671,0.2054,27.37,-103.04,7.21
2.1025,0.4021,-0.6671,0.2079,26.39,-103.60,3.15
2.1026,0.4036,-0.6686,0.2103,26.60,-102.20,6.86
2.1027,0.4036,-0.6764,0.2137,25.20,-102.13,3.64
2.1027,0.4094,-0.6812,0.2152,25.34,-100.94,6.86
2.1028,0.4114,-0.6852,0.2172,23.38,-100.45,3.50
2.1028,0.4128,-0.6930,0.2191,24.29,-99.96,6.16
2.1029,0.4143,-0.6969,0.2206,22.26,-99.12,3.92
2.1029,0.4187,-0.6988,0.2186,23.38,-99.26,5.32
2.1030,0.4226,-0.7056,0.2191,20.93,-97.79,4.20
2.1031,0.4211,-0.7120,0.2235,21.63,-98.28,4.55
2.1031,0.4260,-0.7164,0.2274,19.60,-96.88,3.99
2.1032,0.4329,-0.7193,0.2294,19.95,-96.95,4.13
2.1032,0.4319,-0.7218,0.2308,18.97,-95.90,4.27
2.1033,0.4314,-0.7257,0.2333,18.27,-96.46,3.08
2.1034,0.4333,-0.7315,0.2372,17.57,-94.50,4.41
2.1034,0.4343,-0.7374,0.2372,16.31,-94.99,2.38
2.1035,0.4372,-0.7408,0.2381,16.73,-94.08,4.27
2.1035,0.4426,-0.7427,0.2411,14.84,-93.59,2.31
2.1036,0.4426,-0.7486,0.2469,15.54,-93.10,3.99
2.1036,0.4402,-0.7554,0.2523,13.58,-92.89,1.54
2.1037,0.4382,-0.7554,0.2508,14.35,-92.40,3.57
2.1038,0.4382,-0.7554,0.2562,12.25,-91.91,1.19
2.1039,0.4416,-0.7579,0.2655,12.67,-91.49,3.01
2.1040,0.4431,-0.7632,0.2669,10.64,-90.65,1.26
2.1042,0.4421,-0.7642,0.2650,11.34,-90.72,2.66
2.1043,0.4421,-0.7627,0.2679,9.73,-89.88,0.91
2.1044,0.4446,-0.7647,0.2728,9.94,-90.51,1.96
2.1045,0.4480,-0.7671,0.2743,8.33,-89.04,0.98
2.1046,0.4480,-0.7666,0.2782,8.33,-89.46,1.68
2.1047,0.4480,-0.7676,0.2840,7.07,-88.34,1.12
2.1048,0.4455,-0.7686,0.2869,6.86,-88.69,1.05
2.1049,0.4431,-0.7676,0.2948,6.23,-87.57,1.19
2.1050,0.4436,-0.7754,0.2982,5.18,-86.59,1.54
2.1051,0.4412,-0.7754,0.2991,3.78,-87.08,0.56
2.1052,0.4363,-0.7740,0.3026,3.92,-85.82,2.10
2.1053,0.4338,-0.7730,0.3065,2.52,-86.24,0.42
2.1054,0.4285,-0.7754,0.3109,2.87,-85.12,2.38
2.1055,0.4255,-0.7735,0.3152,1.05,-85.26,0.63
2.1056,0.4236,-0.7725,0.3201,1.75,-84.49,2.59
2.1057,0.4192,-0.7769,0.3245,-0.07,-84.14,1.05
2.1062,0.4163,-0.7740,0.3255,0.28,-84.28,2.80
2.1067,0.4138,-0.7759,0.3284,-0.84,-83.02,1.61
2.1072,0.4089,-0.7769,0.3353,-0.91,-83.02,3.57
2.1077,0.4041,-0.7720,0.3377,-1.54,-82.11,2.24
2.1082,0.3992,-0.7740,0.3387,-1.96,-82.18,3.85
2.1088,0.3933,-0.7759,0.3455,-2.38,-81.41,3.01
2.1093,0.3884,-0.7730,0.3543,-2.80,-81.27,4.06
2.1098,0.3875,-0.7740,0.3611,-3.57,-80.15,3.85
2.1103,0.3850,-0.7784,0.3631,-4.20,-80.50,4.20
2.1108,0.3753,-0.7808,0.3645,-4.27,-79.17,4.83
2.1113,0.3675,-0.7823,0.4963,-5.11,-79.45,4.69
2.1118,0.3650,-0.7818,0.3767,-5.18,-77.98,6.09
2.1123,0.3611,-0.7837,0.3767,-5.88,-78.47,5.25
2.1129,0.3577,-0.7896,0.3758,-6.16,-76.72,7.00
2.1134,0.3528,-0.7935,0.3758,-7.35,-77.14,5.81
2.1139,0.3455,-0.7974,0.3806,-7.00,-76.02,7.91
2.1144,0.3406,-0.7984,0.3855,-7.98,-76.37,6.44
2.1149,0.3333,-0.8003,0.3865,-7.70,-74.90,9.03
2.1154,0.3294,-0.8086,0.3889,-9.10,-75.18,7.42
2.1159,0.3274,-0.8135,0.3899,-9.03,-73.78,10.01
2.1165,0.3167,-0.8154,0.3909,-9.73,-73.64,8.54
2.1171,0.3113,-0.8208,0.4006,-9.87,-72.87,10.78
2.1176,0.3099,-0.8257,0.4046,-11.13,-72.24,9.73
2.1182,0.3050,-0.8267,0.4026,-10.78,-71.82,11.76
2.1188,0.2996,-0.8306,0.4046,-11.76,-70.84,11.13
2.1193,0.2948,-0.8335,0.4070,-11.90,-70.63,12.46
2.1199,0.2908,-0.8345,0.4060,-12.81,-69.58,12.53
2.1204,0.2811,-0.8359,0.4099,-12.46,-69.09,13.37
2.1210,0.2728,-0.8374,0.4128,-13.58,-68.18,14.14
2.1216,0.2586,-0.8408,0.4187,-14.14,-66.36,15.61
2.1221,0.2499,-0.8447,0.4211,-14.35,-66.92,15.54
2.1227,0.2338,-0.8418,0.4216,-15.40,-65.03,17.01
2.1233,0.2298,-0.8438,0.4221,-15.96,-63.91,18.20
2.1238,0.2235,-0.8447,0.4231,-16.24,-63.70,18.06
2.1244,0.2186,-0.8433,0.4255,-16.45,-62.79,19.74
2.1250,0.2098,-0.8433,0.4260,-17.15,-62.16,19.25
2.1255,0.2040,-0.8472,0.4275,-17.29,-61.32,20.65
2.1261,0.2001,-0.8501,0.4319,-17.99,-60.97,20.65
2.1267,0.1942,-0.8496,0.4314,-17.92,-59.50,22.33
2.1272,0.1889,-0.8472,0.4343,-18.90,-59.15,21.91
2.1278,0.1820,-0.8481,0.4348,-18.62,-58.24,23.45
2.1283,0.1776,-0.8525,0.4324,-19.60,-57.61,23.52
2.1288,0.1762,-0.8516,0.4343,-19.67,-56.77,24.43
2.1294,0.1767,-0.8472,0.4377,-20.37,-56.56,24.22
2.1299,0.1723,-0.8457,0.4421,-20.02,-55.02,26.32
2.1304,0.1684,-0.8477,0.4441,-21.14,-54.95,25.48
2.1310,0.1674,-0.8486,0.4421,-21.28,-53.27,27.37
2.1315,0.1649,-0.8491,0.4397,-21.49,-53.69,26.53
2.1320,0.1640,-0.8467,0.4392,-21.91,-52.01,28.35
2.1326,0.1596,-0.8403,0.4407,-22.26,-51.59,28.07
2.1331,0.1596,-0.8398,0.4402,-22.61,-50.89,28.84
2.1336,0.1566,-0.8433,0.4412,-23.03,-50.40,29.19
2.1342,0.1523,-0.8462,0.4392,-23.52,-49.14,29.68
2.1347,0.1493,-0.8481,0.4382,-23.52,-48.65,30.59
2.1352,0.1440,-0.8481,0.4392,-23.80,-47.95,30.24
2.1358,0.1440,-0.8496,0.4392,-24.43,-47.18,31.57
2.1363,0.1444,-0.8511,0.4377,-24.57,-46.69,31.08
2.1369,0.1459,-0.8477,0.4368,-24.92,-45.43,32.76
2.1374,0.1440,-0.8462,0.4377,-25.06,-45.22,32.34
2.1379,0.1396,-0.8486,0.4372,-25.62,-44.52,33.39
2.1386,0.1435,-0.8525,0.4402,-25.69,-43.61,32.69
2.1393,0.1435,-0.8579,0.4431,-26.18,-42.77,33.95
2.1399,0.1415,-0.8584,0.4412,-26.53,-42.14,34.16
2.1406,0.1430,-0.8560,0.4377,-26.39,-41.37,34.51
2.1413,0.1410,-0.8550,0.4387,-27.02,-41.02,34.93
2.1419,0.1396,-0.8569,0.4397,-27.23,-40.18,35.07
2.1426,0.1405,-0.8618,0.4372,-27.58,-40.32,35.28
2.1433,0.1420,-0.8618,0.4387,-27.79,-38.85,35.77
2.1439,0.1391,-0.8623,0.4397,-28.49,-38.57,36.05
2.1446,0.1396,-0.8647,0.4358,-28.42,-37.80,36.19
2.1453,0.1454,-0.8638,0.4348,-28.84,-37.80,36.61
2.1459,0.1479,-0.8623,0.4343,-28.98,-36.40,37.10
2.1466,0.1484,-0.8564,0.4338,-29.47,-36.61,37.24
2.1473,0.1474,-0.8555,0.4314,-29.12,-35.28,37.73
2.1479,0.1498,-0.8555,0.4294,-30.03,-35.56,37.66
2.1486,0.1518,-0.8530,0.4290,-29.75,-34.16,38.15
2.1493,0.1508,-0.8491,0.4285,-30.31,-34.30,38.01
2.1499,0.1518,-0.8501,0.4304,-30.31,-33.39,38.78
2.1506,0.1537,-0.8501,0.4319,-30.52,-33.39,38.64
2.1513,0.1586,-0.8462,0.4299,-30.94,-32.27,39.20
2.1517,0.1601,-0.8442,0.4255,-31.01,-32.27,38.99
2.1522,0.1620,-0.8423,0.4265,-31.08,-31.71,39.55
2.1526,0.1693,-0.8428,0.4255,-31.29,-31.29,39.41
2.1531,0.1728,-0.8418,0.4216,-31.57,-30.66,40.25
2.1536,0.1684,-0.8350,0.4197,-31.71,-30.38,39.76
2.1540,0.1752,-0.8335,0.4163,-31.92,-29.47,40.88
2.1545,0.1796,-0.8350,0.4124,-32.13,-29.47,40.11
2.1550,0.1835,-0.8320,0.4153,-32.41,-28.49,41.09
2.1554,0.1893,-0.8267,0.4226,-32.34,-28.91,40.32
2.1559,0.1903,-0.8257,0.4187,-32.34,-28.28,41.51
2.1564,0.1889,-0.8237,0.4143,-32.55,-28.35,40.81
2.1568,0.1937,-0.8189,0.4109,-32.55,-27.37,41.51
2.1573,0.2015,-0.8164,0.4109,-32.55,-27.65,40.81
2.1578,0.2030,-0.8154,0.4153,-32.76,-26.81,41.93
2.1582,0.2035,-0.8120,0.4143,-32.76,-26.81,40.88
2.1587,0.2098,-0.8111,0.4089,-33.25,-26.74,41.86
2.1591,0.2142,-0.8111,0.4085,-33.11,-26.60,40.74
2.1596,0.2133,-0.8091,0.4070,-32.83,-26.39,41.58
2.1601,0.2157,-0.8067,0.4075,-33.18,-26.04,41.02
2.1605,0.2176,-0.7993,0.4109,-33.04,-26.32,41.23
2.1612,0.2196,-0.7989,0.4099,-33.04,-25.41,41.23
2.1618,0.2206,-0.7989,0.4075,-32.48,-26.39,40.67
2.1624,0.2196,-0.7954,0.4094,-32.97,-25.20,41.86
2.1630,0.2250,-0.7925,0.4094,-32.62,-25.76,40.67
2.1636,0.2294,-0.7896,0.4099,-32.83,-24.92,41.79
2.1643,0.2255,-0.7891,0.4119,-32.97,-24.99,40.25
2.1649,0.2259,-0.7886,0.4128,-32.41,-25.13,41.79
2.1655,0.2298,-0.7896,0.4094,-32.83,-25.55,39.83
2.1661,0.2284,-0.7876,0.4080,-32.48,-24.57,41.44
2.1667,0.2255,-0.7828,0.4104,-32.48,-25.41,39.76
2.1674,0.2240,-0.7837,0.4099,-32.55,-24.85,40.88
2.1680,0.2250,-0.7837,0.4119,-32.27,-24.78,39.76
2.1686,0.2259,-0.7803,0.4148,-32.13,-24.99,40.32
2.1692,0.2255,-0.7774,0.4128,-32.27,-24.71,39.55
2.1699,0.2255,-0.7774,0.4075,-31.57,-24.99,40.18
2.1705,0.2240,-0.7749,0.4085,-31.85,-24.43,39.76
2.1711,0.2250,-0.7696,0.4109,-31.50,-24.92,39.90
2.1717,0.2245,-0.7720,0.4104,-31.64,-24.57,39.83
2.1723,0.2206,-0.7686,0.4085,-31.15,-24.99,39.41
2.1730,0.2220,-0.7671,0.4085,-31.15,-24.50,39.97
2.1746,0.2211,-0.7710,0.4094,-30.66,-24.99,38.85
2.1762,0.2230,-0.7715,0.4080,-30.38,-25.27,39.34
2.1777,0.2274,-0.7681,0.4065,-30.45,-24.64,38.92
2.1793,0.2235,-0.7666,0.4070,-30.03,-25.06,39.27
2.1809,0.2206,-0.7662,0.4114,-30.10,-24.57,39.06
2.1825,0.2225,-0.7652,0.4124,-29.54,-24.64,39.48
2.1841,0.2245,-0.7637,0.4065,-29.75,-24.92,38.29
2.1857,0.2230,-0.7618,0.4060,-29.05,-25.20,39.13
2.1873,0.2225,-0.7603,0.4104,-29.33,-24.64,38.57
2.1889,0.2250,-0.7588,0.4143,-28.77,-25.55,38.57
2.1905,0.2225,-0.7574,0.4133,-28.42,-24.64,38.50
2.1921,0.2211,-0.7579,0.4109,-28.07,-26.04,38.43
2.1937,0.2211,-0.7588,0.4070,-28.00,-24.85,38.36
2.1953,0.2186,-0.7564,0.4060,-27.65,-26.11,37.45
2.1969,0.2206,-0.7530,0.4085,-27.44,-24.92,38.36
2.1985,0.2176,-0.7535,0.4080,-27.16,-25.97,37.59
2.2001,0.2123,-0.7554,0.4060,-26.53,-25.55,37.94
2.2017,0.2137,-0.7535,0.4046,-26.53,-25.90,37.31
2.2033,0.2157,-0.7515,0.4060,-26.04,-25.41,38.01
2.2049,0.2133,-0.7554,0.4089,-26.39,-25.83,37.10
2.2049,0.2113,-0.7603,0.4109,-25.41,-25.90,37.45
2.2050,0.2084,-0.7627,0.4094,-25.62,-25.69,36.82
2.2050,0.2040,-0.7603,0.4050,-24.99,-25.83,36.47
2.2051,0.2015,-0.7637,0.4026,-24.29,-26.74,36.61
2.2051,0.2020,-0.7681,0.4036,-24.22,-26.11,36.47
2.2052,0.2006,-0.7715,0.4055,-23.73,-27.02,36.12
2.2052,0.2001,-0.7720,0.4055,-23.87,-25.83,36.54
2.2053,0.1996,-0.7701,0.4050,-23.24,-26.95,35.63
2.2053,0.1967,-0.7696,0.4060,-22.82,-25.97,36.33
2.2054,0.1967,-0.7725,0.4036,-22.82,-27.58,35.00
2.2054,0.1952,-0.7779,0.3992,-22.40,-26.25,36.12
2.2055,0.1928,-0.7798,0.4031,-22.54,-27.37,34.72
2.2055,0.1908,-0.7803,0.4041,-21.49,-26.67,35.77
2.2056,0.1864,-0.7803,0.4046,-21.70,-27.30,34.44
2.2056,0.1840,-0.7808,0.4026,-20.86,-26.95,35.21
2.2057,0.1864,-0.7857,0.3992,-21.35,-27.30,34.23
2.2057,0.1879,-0.7871,0.4036,-20.23,-27.37,34.65
2.2058,0.1854,-0.7871,0.4060,-20.79,-27.44,33.95
2.2059,0.1810,-0.7906,0.4070,-19.95,-27.65,34.09
2.2059,0.1776,-0.8028,0.4109,-20.02,-27.44,33.46
2.2065,0.1776,-0.8032,0.4094,-18.97,-27.30,33.95
2.2071,0.1767,-0.8062,0.4065,-19.11,-28.42,32.76
2.2078,0.1752,-0.8115,0.4065,-18.76,-27.16,33.67
2.2084,0.1732,-0.8135,0.4089,-18.76,-28.56,32.34
2.2090,0.1728,-0.8159,0.4128,-18.48,-27.23,33.46
2.2096,0.1728,-0.8228,0.4163,-18.20,-28.49,31.78
2.2102,0.1728,-0.8286,0.4192,-17.71,-27.23,33.67
2.2109,0.1723,-0.8325,0.4197,-17.92,-28.91,31.50
2.2115,0.1684,-0.8389,0.4182,-17.15,-27.79,33.11
2.2121,0.1674,-0.8403,0.4192,-17.57,-28.63,31.29
2.2127,0.1693,-0.8389,0.4182,-16.80,-27.72,32.76
2.2134,0.1659,-0.8447,0.4163,-17.50,-28.42,31.57
2.2140,0.1640,-0.8506,0.4202,-16.31,-28.28,31.43
2.2146,0.1664,-0.8555,0.4216,-17.01,-28.63,31.50
2.2152,0.1645,-0.8589,0.4241,-15.96,-28.84,31.22
2.2158,0.1620,-0.8613,0.4202,-16.45,-28.35,31.43
2.2165,0.1645,-0.8633,0.4168,-15.75,-29.12,30.45
2.2171,0.1645,-0.8682,0.4211,-15.96,-28.21,31.36
2.2177,0.1640,-0.8779,0.4187,-15.89,-29.26,29.96
2.2183,0.1625,-0.8828,0.4168,-15.82,-28.77,31.15
2.2188,0.1581,-0.8843,0.4192,-15.75,-29.40,29.61
2.2193,0.1557,-0.8921,0.4221,-15.40,-29.19,30.03
2.2198,0.1542,-0.8940,0.4211,-14.91,-29.19,29.96
2.2203,0.1562,-0.8965,0.4163,-15.40,-28.77,29.82
2.2208,0.1562,-0.8984,0.4168,-14.49,-29.61,29.33
2.2213,0.1547,-0.9013,0.4202,-15.47,-29.12,29.40
2.2218,0.1557,-0.9077,0.4172,-14.42,-29.75,28.91
2.2223,0.1547,-0.9096,0.4109,-14.98,-29.33,28.98
2.2228,0.1542,-0.9121,0.4133,-14.63,-29.75,28.21
2.2233,0.1566,-0.9170,0.4143,-14.91,-29.19,28.84
2.2238,0.1557,-0.9213,0.4124,-14.63,-29.96,28.14
2.2243,0.1513,-0.9272,0.4128,-14.63,-29.47,28.28
2.2248,0.1523,-0.9340,0.4080,-14.42,-29.75,28.00
2.2253,0.1508,-0.9370,0.4050,-14.42,-29.47,27.58
2.2258,0.1532,-0.9384,0.4080,-14.70,-29.89,27.58
2.2263,0.1576,-0.9409,0.4031,-14.14,-29.75,27.44
2.2268,0.1562,-0.9467,0.4041,-14.49,-30.31,26.46
2.2273,0.1557,-0.9565,0.4016,-14.91,-30.03,26.46
2.2278,0.1591,-0.9589,0.4002,-14.21,-29.89,26.25
2.2283,0.1591,-0.9672,0.4011,-14.63,-30.31,26.18
2.2288,0.1615,-0.9687,0.3997,-14.49,-30.03,25.83
2.2294,0.1640,-0.9692,0.3992,-14.49,-30.66,25.20
2.2299,0.1610,-0.9731,0.4011,-14.77,-30.17,25.55
2.2304,0.1615,-0.9770,0.3967,-14.84,-30.31,24.71
2.2310,0.1640,-0.9784,0.3938,-14.77,-30.80,25.27
2.2315,0.1659,-0.9809,0.3948,-14.63,-30.73,24.15
2.2321,0.1630,-0.9814,0.3963,-14.91,-30.59,24.92
2.2326,0.1630,-0.9814,0.3987,-14.63,-31.01,23.94
2.2332,0.1693,-0.9867,0.3963,-15.40,-30.94,24.57
2.2337,0.1703,-0.9877,0.3948,-14.98,-31.15,23.45
2.2342,0.1674,-0.9877,0.3958,-15.05,-31.15,23.94
2.2348,0.1718,-0.9906,0.3928,-14.91,-31.08,23.38
2.2353,0.1762,-0.9906,0.3899,-15.33,-31.50,23.38
2.2359,0.1762,-0.9911,0.3914,-15.33,-31.08,23.10
2.2364,0.1747,-0.9941,0.3914,-15.54,-31.71,22.75
2.2370,0.1771,-0.9926,0.3899,-15.68,-31.78,22.82
2.2375,0.1806,-0.9941,0.3880,-15.68,-31.71,22.61
2.2381,0.1835,-0.9960,0.3880,-15.75,-31.64,22.75
2.2386,0.1859,-0.9926,0.3904,-15.82,-31.92,21.91
2.2391,0.1884,-0.9931,0.3860,-15.96,-31.92,22.68
2.2403,0.1928,-0.9926,0.3826,-15.75,-31.92,21.28
2.2414,0.1957,-0.9921,0.3831,-15.82,-32.48,22.12
2.2426,0.1962,-0.9945,0.3860,-15.68,-32.27,21.35
2.2437,0.2015,-0.9936,0.3845,-16.03,-32.90,21.49
2.2449,0.2059,-0.9945,0.3831,-16.03,-32.20,21.35
2.2460,0.2084,-0.9970,0.3821,-16.03,-33.11,21.14
2.2471,0.2123,-0.9931,0.3845,-16.10,-32.90,20.79
2.2483,0.2147,-0.9945,0.3845,-16.10,-33.53,20.86
2.2494,0.2181,-0.9911,0.3821,-16.45,-33.18,20.51
2.2506,0.2240,-0.9887,0.3797,-16.31,-33.60,20.51
2.2517,0.2264,-0.9911,0.3758,-16.17,-33.60,20.44
2.2529,0.2284,-0.9897,0.3758,-16.38,-34.37,19.81
2.2540,0.2303,-0.9892,0.3782,-16.31,-34.09,20.30
2.2551,0.2357,-0.9862,0.3792,-16.45,-34.37,19.32
2.2563,0.2469,-0.9804,0.3762,-16.31,-34.37,19.67
2.2574,0.2513,-0.9784,0.3767,-16.31,-35.28,19.18
2.2586,0.2523,-0.9789,0.3782,-16.80,-35.07,18.76
2.2597,0.2557,-0.9819,0.3762,-16.38,-35.91,19.11
2.2609,0.2596,-0.9775,0.3772,-16.45,-35.77,18.48
2.2620,0.2630,-0.9692,0.3806,-16.52,-35.91,18.90
2.2621,0.2660,-0.9682,0.3787,-16.73,-36.12,17.92
2.2621,0.2708,-0.9716,0.3767,-16.45,-36.89,18.13
2.2622,0.2723,-0.9716,0.3811,-16.59,-36.75,17.85
2.2622,0.2699,-0.9716,0.3816,-16.31,-37.03,17.64
2.2623,0.2743,-0.9721,0.3762,-16.87,-36.82,17.50
2.2624,0.2772,-0.9653,0.3758,-16.17,-37.52,17.43
2.2624,0.2777,-0.9604,0.3802,-16.59,-37.87,16.87
2.2625,0.2786,-0.9604,0.3806,-16.24,-37.94,17.22
2.2625,0.2757,-0.9594,0.3802,-16.38,-38.22,16.59
2.2626,0.2811,-0.9560,0.3821,-16.17,-38.64,16.59
2.2627,0.2855,-0.9526,0.3831,-16.38,-38.43,16.59
2.2627,0.2811,-0.9516,0.3816,-15.96,-38.99,16.31
2.2628,0.2845,-0.9501,0.3816,-16.10,-39.34,15.89
2.2628,0.2879,-0.9496,0.3792,-15.96,-39.34,16.38
2.2629,0.2835,-0.9516,0.3811,-16.03,-39.97,15.47
2.2629,0.2830,-0.9516,0.3836,-15.96,-39.55,15.89
2.2630,0.2801,-0.9492,0.3841,-15.82,-40.25,14.91
2.2631,0.2786,-0.9462,0.3841,-15.82,-39.97,15.82
2.2631,0.2830,-0.9423,0.3816,-15.61,-40.53,15.05
2.2632,0.2826,-0.9384,0.3792,-15.47,-40.81,15.19
2.2637,0.2826,-0.9350,0.3826,-15.40,-40.88,14.49
2.2642,0.2860,-0.9365,0.3880,-15.40,-41.09,14.63
2.2647,0.2850,-0.9355,0.3889,-15.19,-41.37,14.42
2.2652,0.2850,-0.9301,0.3914,-14.91,-41.58,14.28
2.2657,0.2845,-0.9282,0.3904,-15.19,-41.30,14.07
2.2662,0.2821,-0.9292,0.3855,-14.91,-42.00,13.58
2.2667,0.2801,-0.9277,0.3880,-14.98,-41.44,13.72
2.2672,0.2786,-0.9243,0.3943,-14.56,-42.49,13.23
2.2677,0.2767,-0.9223,0.3938,-14.91,-41.86,13.58
2.2682,0.2762,-0.9248,0.3909,-14.42,-42.63,12.39
2.2687,0.2772,-0.9223,0.3904,-14.63,-42.49,13.09
2.2692,0.2796,-0.9184,0.3904,-14.14,-43.12,12.11
2.2697,0.2786,-0.9165,0.3924,-14.00,-42.84,12.25
2.2702,0.2747,-0.9135,0.3943,-14.07,-42.91,11.83
2.2707,0.2743,-0.9145,0.3953,-13.37,-43.05,12.11
2.2712,0.2713,-0.9106,0.3948,-14.00,-43.19,11.62
2.2717,0.2660,-0.9062,0.3894,-13.37,-43.19,11.27
2.2722,0.2606,-0.9077,0.3889,-13.37,-43.26,10.85
2.2727,0.2577,-0.9072,0.3963,-13.02,-43.33,11.06
2.2732,0.2572,-0.9043,0.3987,-13.09,-43.61,10.29
2.2748,0.2601,-0.9057,0.3972,-12.67,-43.33,10.57
2.2764,0.2596,-0.9082,0.3992,-12.95,-43.61,9.80
2.2780,0.2562,-0.9091,0.4021,-12.46,-43.19,10.15
2.2796,0.2542,-0.9101,0.4016,-12.74,-43.61,9.31
2.2813,0.2494,-0.9082,0.4026,-12.32,-43.40,9.45
2.2829,0.2450,-0.9052,0.4031,-12.39,-43.82,8.40
2.2845,0.2464,-0.9057,0.4002,-12.11,-43.19,9.24
2.2861,0.2450,-0.9043,0.3977,-11.97,-43.75,8.19
2.2877,0.2401,-0.9028,0.3977,-11.55,-43.26,8.54
2.2893,0.2406,-0.9018,0.4002,-11.55,-43.47,8.05
2.2909,0.2357,-0.9033,0.4026,-11.34,-43.12,8.12
2.2925,0.2303,-0.9077,0.4031,-10.99,-43.12,7.63
2.2941,0.2318,-0.9038,0.4026,-10.92,-42.84,7.70
2.2957,0.2284,-0.8999,0.4041,-10.78,-42.91,7.70
2.2974,0.2259,-0.9018,0.4055,-10.85,-43.26,6.86
2.2990,0.2250,-0.9062,0.4060,-10.57,-42.42,7.49
2.3006,0.2181,-0.9087,0.4050,-10.36,-43.26,6.30
2.3022,0.2191,-0.9091,0.4060,-10.43,-41.65,7.63
2.3038,0.2186,-0.9101,0.4109,-10.36,-42.98,5.67
2.3054,0.2123,-0.9116,0.4109,-9.73,-41.72,7.14
2.3055,0.2084,-0.9130,0.4109,-9.87,-42.63,5.60
2.3055,0.2050,-0.9121,0.4119,-9.31,-41.23,6.65
2.3056,0.2059,-0.9126,0.4138,-9.94,-41.79,5.60
2.3056,0.2074,-0.9155,0.4148,-9.10,-41.02,6.37
2.3057,0.2025,-0.9179,0.4148,-9.59,-41.23,5.53
2.3057,0.1986,-0.9179,0.4168,-8.54,-41.02,5.95
2.3058,0.1972,-0.9174,0.4148,-9.31,-40.81,5.46
2.3059,0.1942,-0.9174,0.4128,-8.26,-40.46,5.88
2.3059,0.1913,-0.9204,0.4124,-8.89,-40.32,5.25
2.3060,0.1908,-0.9218,0.4104,-7.98,-39.69,5.81
2.3060,0.1918,-0.9233,0.4124,-8.47,-40.46,5.11
2.3061,0.1903,-0.9267,0.4143,-7.91,-39.41,5.46
2.3061,0.1879,-0.9228,0.4153,-8.26,-39.55,5.32
2.3062,0.1869,-0.9248,0.4192,-7.77,-39.06,5.39
2.3063,0.1889,-0.9311,0.4202,-7.77,-38.78,5.46
2.3063,0.1893,-0.9340,0.4192,-7.77,-38.50,5.53
2.3064,0.1893,-0.9345,0.4172,-7.56,-38.36,5.60
2.3064,0.1889,-0.9350,0.4143,-7.14,-37.94,5.53
2.3065,0.1889,-0.9379,0.4182,-7.00,-38.01,5.67
2.3065,0.1889,-0.9370,0.4211,-7.28,-37.38,5.74
2.3066,0.1903,-0.9365,0.4197,-6.79,-37.17,5.95
2.3066,0.1962,-0.9433,0.4241,-7.21,-37.45,5.53
2.3067,0.1957,-0.9448,0.4231,-6.23,-36.19,5.95
2.3067,0.1957,-0.9438,0.4246,-7.42,-36.19,5.95
2.3068,0.1986,-0.9477,0.4246,-6.09,-35.63,6.02
2.3068,0.2011,-0.9496,0.4211,-6.79,-36.05,5.88
2.3069,0.2035,-0.9496,0.4211,-5.95,-35.56,6.37
2.3069,0.2045,-0.9506,0.4192,-6.58,-35.21,6.16
2.3069,0.2050,-0.9511,0.4221,-6.09,-34.86,5.88
2.3070,0.2098,-0.9506,0.4265,-5.95,-34.16,7.00
2.3070,0.2108,-0.9501,0.4226,-5.74,-34.30,6.65
2.3071,0.2167,-0.9516,0.4172,-5.81,-33.67,6.93
2.3071,0.2216,-0.9526,0.4168,-5.74,-33.60,6.79
2.3072,0.2211,-0.9506,0.4211,-5.53,-32.97,7.07
2.3072,0.2206,-0.9531,0.4246,-5.74,-32.90,7.35
2.3073,0.2225,-0.9540,0.4221,-5.39,-32.41,7.35
2.3073,0.2230,-0.9487,0.4241,-5.60,-32.34,7.14
2.3074,0.2225,-0.9482,0.4299,-5.18,-32.20,7.49
2.3074,0.2264,-0.9536,0.4324,-5.32,-31.99,7.42
2.3074,0.2308,-0.9555,0.4338,-5.32,-31.29,7.77
2.3080,0.2313,-0.9565,0.4299,-5.04,-31.92,7.35
2.3085,0.2323,-0.9555,0.4333,-5.04,-31.08,8.33
2.3090,0.2357,-0.9521,0.4363,-4.90,-31.15,7.56
2.3095,0.2396,-0.9540,0.4353,-5.04,-30.66,8.19
2.3100,0.2406,-0.9604,0.4353,-5.04,-30.59,8.12
2.3105,0.2396,-0.9594,0.4329,-4.90,-30.31,8.12
2.3111,0.2396,-0.9575,0.4338,-4.48,-30.03,7.91
2.3116,0.2430,-0.9633,0.4372,-4.90,-30.17,8.05
2.3121,0.2430,-0.9653,0.4368,-4.83,-29.61,8.33
2.3126,0.2474,-0.9658,0.4372,-4.90,-29.54,8.19
2.3131,0.3743,-0.9653,0.4382,-4.48,-28.77,8.96
2.3136,0.2533,-0.9618,0.4358,-4.69,-28.70,9.03
2.3142,0.2489,-0.9667,0.4377,-4.76,-28.98,8.05
2.3147,0.2518,-0.9701,0.4416,-4.76,-28.28,9.24
2.3152,0.2567,-0.9682,0.4402,-4.83,-28.56,8.68
2.3157,0.2567,-0.9623,0.4368,-4.69,-27.86,9.17
2.3162,0.2582,-0.9643,0.4392,-4.76,-28.21,8.61
2.3167,0.2582,-0.9648,0.4402,-4.76,-27.65,9.24
2.3173,0.2577,-0.9633,0.4416,-4.55,-27.86,8.82
2.3178,0.2582,-0.9638,0.4402,-4.62,-27.37,9.45
2.3184,0.2572,-0.9648,0.4363,-4.76,-27.16,8.89
2.3190,0.2572,-0.9677,0.4397,-4.62,-27.44,9.52
2.3197,0.2562,-0.9706,0.4407,-4.83,-26.18,9.59
2.3203,0.2533,-0.9740,0.4382,-4.34,-27.44,8.96
2.3209,0.2528,-0.9760,0.4377,-4.76,-26.04,9.87
2.3216,0.2542,-0.9745,0.4377,-4.55,-27.23,8.89
2.3222,0.2518,-0.9711,0.4387,-4.83,-25.83,10.15
2.3229,0.2499,-0.9731,0.4368,-4.97,-26.32,9.31
2.3235,0.2523,-0.9755,0.4377,-4.27,-25.97,9.87
2.3241,0.2538,-0.9775,0.4382,-5.11,-25.90,9.45
2.3248,0.2503,-0.9770,0.4324,-4.27,-25.62,10.43
2.3254,0.2538,-0.9706,0.4304,-5.25,-25.20,9.17
2.3260,0.2582,-0.9682,0.4304,-4.62,-24.92,10.43
2.3267,0.2582,-0.9697,0.4314,-5.11,-25.27,9.38
2.3273,0.2606,-0.9687,0.4319,-4.55,-24.78,10.36
2.3279,0.2611,-0.9677,0.4304,-5.04,-24.29,9.94
2.3286,0.2591,-0.9701,0.4304,-4.76,-24.99,10.15
2.3292,0.2586,-0.9687,0.4294,-4.83,-23.94,10.08
2.3298,0.2596,-0.9667,0.4265,-4.69,-24.50,10.22
2.3305,0.2616,-0.9658,0.4275,-4.83,-24.01,10.36
2.3310,0.2591,-0.9667,0.4285,-5.18,-24.36,10.22
2.3315,0.2664,-0.9599,0.4270,-5.04,-23.94,10.50
2.3320,0.2655,-0.9565,0.4294,-4.62,-23.17,10.71
2.3325,0.2674,-0.9565,0.4275,-5.32,-23.73,9.94
2.3330,0.2660,-0.9565,0.4275,-4.76,-23.24,10.71
2.3335,0.2669,-0.9536,0.4285,-5.25,-23.38,9.94
2.3341,0.2689,-0.9526,0.4280,-4.69,-22.89,11.13
2.3346,0.2650,-0.9496,0.4319,-5.04,-22.82,9.94
2.3351,0.2635,-0.9477,0.4333,-4.83,-22.54,11.13
2.3356,0.2640,-0.9477,0.4285,-4.90,-22.54,10.15
2.3361,0.2635,-0.9467,0.4285,-4.69,-22.54,11.20
2.3366,0.2655,-0.9453,0.4329,-4.83,-22.26,10.64
2.3371,0.2650,-0.9423,0.4299,-4.69,-22.47,10.85
2.3376,0.2655,-0.9418,0.4270,-4.76,-21.91,10.78
2.3381,0.2645,-0.9433,0.4314,-4.55,-21.91,11.27
2.3387,0.2616,-0.9409,0.4338,-4.83,-21.49,10.64
2.3392,0.2645,-0.9394,0.4358,-4.62,-22.05,10.92
2.3397,0.2655,-0.9355,0.4382,-4.76,-21.21,10.71
2.3402,0.2664,-0.9326,0.4358,-4.83,-21.84,10.92
2.3407,0.2694,-0.9301,0.4353,-4.55,-21.07,11.06
2.3418,0.2689,-0.9292,0.4382,-4.90,-20.93,11.20
2.3430,0.2635,-0.9282,0.4358,-4.27,-21.14,10.71
2.3441,0.2679,-0.9277,0.4387,-3.85,-20.37,11.41
2.3453,0.2650,-0.9296,0.4368,-4.83,-20.23,10.64
2.3464,0.2650,-0.9311,0.4319,-3.92,-19.81,12.04
2.3475,0.2640,-0.9292,0.4294,-4.62,-20.44,10.22
2.3487,0.2621,-0.9296,0.4324,-3.92,-19.95,11.90
2.3498,0.2645,-0.9316,0.4372,-4.62,-20.09,10.22
2.3510,0.2664,-0.9316,0.4368,-4.06,-19.95,12.18
2.3521,0.2650,-0.9316,0.4358,-4.55,-19.74,10.29
2.3532,0.2616,-0.9321,0.4353,-3.64,-19.67,11.90
2.3544,0.2611,-0.9301,0.4333,-4.55,-19.81,10.50
2.3555,0.2650,-0.9311,0.4314,-3.85,-19.46,11.48
2.3566,0.2640,-0.9311,0.4294,-4.62,-19.18,10.71
2.3578,0.2586,-0.9311,0.4265,-3.92,-19.46,10.92
2.3589,0.2567,-0.9316,0.4309,-4.27,-18.83,10.85
2.3601,0.2567,-0.9301,0.4319,-4.27,-18.97,10.85
2.3612,0.2567,-0.9306,0.4319,-4.06,-18.69,10.99
2.3623,0.2582,-0.9306,0.4285,-4.27,-18.97,10.29
2.3635,0.2557,-0.9301,0.4231,-3.99,-18.27,11.69
2.3641,0.2484,-0.9292,0.4221,-4.34,-18.62,10.01
2.3646,0.2484,-0.9301,0.4211,-4.48,-18.20,9.52
2.3652,0.2542,-0.9340,0.4207,-3.71,-17.92,11.41
2.3658,0.2503,-0.9335,0.4250,-4.76,-17.99,9.66
2.3663,0.2445,-0.9316,0.4275,-3.64,-17.92,10.92
2.3669,0.2450,-0.9316,0.4231,-4.76,-17.36,9.66
2.3675,0.2425,-0.9267,0.4192,-3.57,-17.57,10.92
2.3681,0.2406,-0.9243,0.4182,-4.48,-16.94,9.52
2.3686,0.2401,-0.9277,0.4182,-3.57,-17.29,10.50
2.3692,0.2420,-0.9277,0.4207,-4.06,-16.59,10.01
2.3698,0.2430,-0.9248,0.4187,-4.13,-17.22,9.87
2.3703,0.2420,-0.9228,0.4133,-4.20,-16.45,9.66
2.3709,0.2391,-0.9243,0.4148,-3.99,-16.73,9.66
2.3715,0.2367,-0.9277,0.4187,-4.06,-16.17,9.73
2.3721,0.2386,-0.9272,0.4177,-4.13,-16.66,9.17
2.3726,0.2416,-0.9228,0.4163,-3.99,-15.82,9.73
2.3732,0.2416,-0.9228,0.4148,-4.48,-16.38,8.54
2.3738,0.2406,-0.9257,0.4143,-3.99,-15.61,9.87
2.3744,0.2396,-0.9252,0.4148,-4.48,-16.17,8.47
2.3749,0.2391,-0.9238,0.4138,-3.78,-15.82,9.31
2.3766,0.2411,-0.9248,0.4124,-4.41,-14.98,8.33
2.3783,0.2420,-0.9233,0.4128,-3.85,-15.96,9.03
2.3799,0.2430,-0.9209,0.4153,-4.27,-14.70,8.33
2.3816,0.2430,-0.9233,0.4119,-3.99,-15.47,8.61
2.3833,0.2435,-0.9223,0.4128,-4.34,-14.70,7.84
2.3849,0.2430,-0.9223,0.4143,-4.27,-15.12,8.26
2.3866,0.2396,-0.9223,0.4114,-4.27,-14.14,7.91
2.3883,0.2391,-0.9184,0.4133,-4.20,-15.05,7.91
2.3899,0.2396,-0.9170,0.4148,-3.99,-14.35,7.91
2.3916,0.2372,-0.9140,0.4114,-4.06,-14.63,7.28
2.3933,0.2377,-0.9140,0.4104,-4.34,-14.07,8.19
2.3949,0.2396,-0.9194,0.4124,-3.85,-14.70,6.79
2.3966,0.2367,-0.9179,0.4119,-4.20,-13.65,7.91
2.3982,0.2357,-0.9155,0.4075,-3.99,-14.21,6.58
2.3999,0.2386,-0.9179,0.4060,-4.27,-13.30,7.91
2.4016,0.2391,-0.9189,0.4124,-4.06,-14.14,6.23
2.4032,0.2377,-0.9194,0.4148,-3.64,-13.37,7.35
2.4049,0.2323,-0.9184,0.4158,-4.48,-13.44,6.30
2.4066,0.2313,-0.9174,0.4158,-3.92,-13.86,6.93
2.4082,0.2362,-0.9174,0.4128,-4.48,-12.88,6.02
2.4083,0.2367,-0.9170,0.4114,-4.13,-13.79,6.30
2.4084,0.2342,-0.9189,0.4128,-4.27,-12.60,6.02
2.4084,0.2347,-0.9189,0.4158,-4.13,-13.23,6.16
2.4085,0.2357,-0.9184,0.4163,-4.41,-12.25,5.81
2.4085,0.2362,-0.9165,0.4124,-4.13,-13.37,5.46
2.4086,0.2352,-0.9150,0.4109,-4.41,-12.04,5.95
2.4086,0.2362,-0.9170,0.4104,-4.83,-12.95,5.25
2.4087,0.2338,-0.9150,0.4114,-3.85,-11.90,5.46
2.4087,0.2294,-0.9140,0.4153,-4.62,-12.60,4.76
2.4088,0.2308,-0.9111,0.4148,-3.92,-11.76,5.74
2.4089,0.2338,-0.9062,0.4148,-4.76,-12.46,4.06
2.4089,0.2347,-0.9082,0.4148,-4.13,-11.69,5.46
2.4090,0.2333,-0.9087,0.4124,-4.97,-12.18,4.06
2.4090,0.2333,-0.9057,0.4133,-3.92,-11.62,4.97
2.4091,0.2323,-0.9057,0.4119,-4.27,-12.18,3.78
2.4091,0.2303,-0.9082,0.4119,-4.34,-11.69,4.83
2.4092,0.2298,-0.9121,0.4119,-4.55,-11.69,3.50
2.4092,0.2362,-0.9013,0.4109,-4.55,-11.41,3.71
2.4093,0.2372,-0.9018,0.4089,-4.48,-12.39,3.22
2.4094,0.2367,-0.9028,0.4109,-4.27,-11.06,3.71
2.4098,0.2377,-0.9018,0.4138,-4.48,-11.62,2.87
2.4103,0.2396,-0.9013,0.4119,-4.34,-10.99,3.36
2.4108,0.2357,-0.8984,0.4099,-4.41,-11.69,2.66
2.4113,0.2357,-0.8965,0.4089,-4.27,-10.57,3.36
2.4118,0.2406,-0.8960,0.4114,-4.55,-11.34,2.38
2.4123,0.2420,-0.8984,0.4124,-4.34,-10.71,2.87
2.4127,0.2406,-0.9013,0.4104,-4.34,-11.34,2.17
2.4132,0.2416,-0.9004,0.4104,-4.41,-10.64,2.45
2.4137,0.2430,-0.9008,0.4119,-4.48,-10.99,2.03
2.4142,0.2450,-0.8974,0.4138,-4.34,-10.64,2.24
2.4147,0.2455,-0.8940,0.4138,-4.48,-10.64,1.61
2.4152,0.2450,-0.8965,0.4138,-4.48,-10.71,2.10
2.4157,0.2445,-0.8969,0.4124,-4.62,-10.57,1.54
2.4161,0.2440,-0.8945,0.4128,-4.34,-10.50,1.54
2.4166,0.2484,-0.8921,0.4148,-4.48,-10.64,0.91
2.4171,0.2494,-0.8955,0.4163,-4.34,-10.92,0.98
2.4176,0.2450,-0.8974,0.4143,-4.41,-10.36,0.77
2.4181,0.2450,-0.8984,0.4119,-4.20,-10.64,0.63
2.4186,0.2499,-0.8969,0.4119,-4.69,-10.22,0.63
2.4190,0.2513,-0.8955,0.4143,-4.27,-10.71,0.00
2.4191,0.2494,-0.9013,0.4168,-4.41,-10.22,0.21
2.4191,0.2533,-0.8989,0.4124,-4.48,-10.50,-0.70
2.4192,0.2538,-0.8921,0.4080,-4.62,-10.08,0.28
2.4192,0.2513,-0.8945,0.4075,-4.48,-10.36,-1.12
2.4193,0.2533,-0.8969,0.4065,-4.48,-10.64,-0.35
2.4193,0.2518,-0.8935,0.4036,-4.76,-10.08,-1.40
2.4194,0.2508,-0.8945,0.4016,-4.41,-10.57,-1.26
2.4194,0.2518,-0.8965,0.4026,-4.76,-9.80,-1.61
2.4195,0.2503,-0.8965,0.4065,-4.62,-10.50,-1.89
2.4195,0.2523,-0.8974,0.4085,-4.62,-10.08,-2.10
2.4195,0.2523,-0.8974,0.4080,-4.62,-10.43,-2.31
2.4196,0.2499,-0.8940,0.4070,-4.90,-10.22,-2.59
2.4196,0.2489,-0.8862,0.4021,-4.76,-10.15,-2.87
2.4197,0.2489,-0.8872,0.4016,-5.04,-10.01,-3.15
2.4197,0.2494,-0.8847,0.3967,-4.69,-10.22,-3.71
2.4198,0.2499,-0.8843,0.3967,-4.62,-10.22,-3.50
2.4198,0.2464,-0.8847,0.4016,-4.55,-9.87,-3.50
2.4199,0.2430,-0.8882,0.3997,-4.90,-10.15,-4.27
2.4199,0.2420,-0.8926,0.3997,-4.62,-9.87,-3.85
2.4200,0.2425,-0.8921,0.4026,-4.83,-10.08,-5.04
2.4211,0.2455,-0.8862,0.4036,-4.48,-10.08,-4.41
2.4223,0.2469,-0.8833,0.4050,-5.04,-10.22,-5.18
2.4234,0.2479,-0.8847,0.4031,-4.69,-9.80,-4.76
2.4246,0.2513,-0.8882,0.4021,-4.83,-10.29,-5.81
2.4257,0.2513,-0.8921,0.3997,-4.55,-9.80,-4.97
2.4269,0.2499,-0.8940,0.3987,-4.90,-10.43,-6.02
2.4280,0.2503,-0.8945,0.4002,-4.69,-9.66,-5.39
2.4292,0.2518,-0.8921,0.4016,-4.83,-10.36,-6.37
2.4303,0.2528,-0.8945,0.3997,-4.62,-10.01,-5.88
2.4315,0.2533,-0.8945,0.4016,-4.97,-9.66,-6.16
2.4326,0.2523,-0.8921,0.4060,-4.69,-9.73,-5.95
2.4338,0.2528,-0.8960,0.4046,-4.90,-9.87,-6.65
2.4349,0.2552,-0.8989,0.4046,-5.04,-9.94,-6.44
2.4361,0.2562,-0.8984,0.4036,-4.83,-10.22,-6.72
2.4372,0.2577,-0.8960,0.4021,-4.62,-10.01,-6.65
2.4384,0.2582,-0.8940,0.4041,-4.55,-9.66,-6.51
2.4395,0.2582,-0.8930,0.4021,-4.48,-10.29,-7.21
2.4407,0.2616,-0.8969,0.3987,-4.76,-9.38,-6.37
2.4418,0.2640,-0.9004,0.3992,-4.55,-9.59,-7.28
2.4430,0.2650,-0.9013,0.4011,-5.04,-9.87,-6.44
2.4430,0.2640,-0.9023,0.4021,-4.69,-9.80,-7.14
2.4431,0.2611,-0.9023,0.3977,-4.62,-9.94,-7.00
2.4431,0.2635,-0.9018,0.3982,-5.11,-9.66,-6.93
2.4432,0.2694,-0.9023,0.4021,-4.55,-9.73,-7.07
2.4432,0.2704,-0.9048,0.4011,-4.83,-9.52,-6.72
2.4433,0.2689,-0.9067,0.4031,-4.34,-10.08,-6.86
2.4433,0.2733,-0.9101,0.4041,-4.55,-9.73,-7.14
2.4434,0.2743,-0.9130,0.4011,-4.62,-9.94,-6.65
2.4435,0.2747,-0.9126,0.4006,-4.76,-9.87,-7.21
2.4435,0.2747,-0.9155,0.3997,-4.76,-9.87,-6.30
2.4436,0.2752,-0.9174,0.4016,-4.76,-9.94,-6.93
2.4436,0.2791,-0.9155,0.4006,-4.62,-9.45,-6.37
2.4437,0.2777,-0.9174,0.3958,-4.90,-10.15,-6.93
2.4437,0.2762,-0.9194,0.3967,-4.76,-9.31,-5.81
2.4438,0.2786,-0.9194,0.3943,-4.97,-9.87,-6.86
2.4438,0.2796,-0.9209,0.3919,-4.76,-9.31,-5.53
2.4439,0.2786,-0.9213,0.3919,-4.69,-10.15,-6.09
2.4439,0.2786,-0.9228,0.3953,-4.62,-9.45,-5.25
2.4440,0.2816,-0.9243,0.3938,-4.97,-9.87,-5.95
2.4440,0.2835,-0.9228,0.3914,-4.62,-9.31,-4.83
2.4445,0.2806,-0.9257,0.3933,-4.76,-9.73,-5.11
2.4450,0.2772,-0.9316,0.3909,-4.76,-9.66,-4.41
2.4455,0.2762,-0.9335,0.3894,-4.90,-9.59,-4.62
2.4460,0.2752,-0.9316,0.3909,-4.97,-9.10,-4.13
2.4465,0.2767,-0.9321,0.3928,-4.83,-9.38,-3.78
2.4470,0.2767,-0.9311,0.3904,-4.97,-9.73,-4.20
2.4475,0.2743,-0.9316,0.3870,-4.83,-8.96,-2.94
2.4480,0.2762,-0.9335,0.3899,-4.97,-9.66,-4.13
2.4485,0.2772,-0.9326,0.3933,-4.76,-8.96,-2.45
2.4490,0.2747,-0.9331,0.3904,-5.25,-9.59,-3.85
2.4495,0.2786,-0.9331,0.3855,-4.76,-9.10,-1.96
2.4500,0.2791,-0.9355,0.3894,-5.18,-8.75,-2.94
2.4505,0.2752,-0.9379,0.3938,-4.69,-8.96,-1.12
2.4510,0.2747,-0.9370,0.3914,-5.04,-9.52,-2.59
2.4515,0.2743,-0.9365,0.3889,-5.04,-9.24,-1.54
2.4520,0.2752,-0.9335,0.3899,-5.32,-8.89,-1.19
2.4525,0.2708,-0.9321,0.3884,-5.32,-9.17,-1.47
2.4530,0.2699,-0.9345,0.3870,-5.25,-8.61,-0.42
2.4535,0.2738,-0.9340,0.3909,-5.25,-8.68,-0.70
2.4540,0.2713,-0.9350,0.3884,-5.39,-8.54,-0.14
2.4556,0.2699,-0.9374,0.3836,-5.32,-8.96,-0.70
2.4572,0.2704,-0.9370,0.3831,-5.60,-8.26,0.63
2.4588,0.2669,-0.9374,0.3841,-5.32,-8.47,0.00
2.4604,0.2635,-0.9399,0.3865,-5.46,-8.26,1.19
2.4620,0.2650,-0.9394,0.3904,-5.46,-8.26,0.42
2.4636,0.2669,-0.9360,0.3884,-5.46,-7.98,1.47
2.4652,0.2650,-0.9360,0.3845,-5.53,-7.63,1.33
2.4668,0.2645,-0.9394,0.3855,-5.74,-8.47,1.68
2.4684,0.2640,-0.9423,0.3904,-5.74,-7.70,1.54
2.4700,0.2630,-0.9428,0.3894,-5.74,-8.19,2.45
2.4716,0.2596,-0.9438,0.3894,-5.81,-7.49,2.03
2.4732,0.2567,-0.9418,0.3914,-5.95,-6.93,3.08
2.4748,0.2547,-0.9448,0.3894,-5.74,-7.70,3.08
2.4764,0.2542,-0.9472,0.3914,-6.09,-6.65,3.57
2.4780,0.2547,-0.9428,0.3943,-6.09,-7.28,3.50
2.4796,0.2538,-0.9365,0.3904,-6.09,-6.79,3.92
2.4812,0.2474,-0.9379,0.3909,-6.16,-7.14,3.64
2.4828,0.2440,-0.9409,0.3909,-6.16,-6.37,4.62
2.4844,0.2450,-0.9423,0.3924,-6.23,-7.07,3.85
2.4860,0.2469,-0.9404,0.3972,-6.09,-6.02,5.04
2.4860,0.2479,-0.9370,0.3963,-6.37,-6.44,4.48
2.4861,0.2445,-0.9365,0.3963,-6.37,-5.81,5.32
2.4861,0.2406,-0.9360,0.3948,-6.51,-6.09,5.04
2.4862,0.2386,-0.9365,0.3914,-6.23,-5.88,5.74
2.4862,0.2372,-0.9340,0.3967,-6.65,-5.60,5.18
2.4863,0.2377,-0.9316,0.3977,-6.72,-5.60,5.74
2.4863,0.2342,-0.9355,0.3953,-6.93,-5.11,5.88
2.4864,0.2308,-0.9340,0.3992,-6.58,-5.18,6.09
2.4865,0.2298,-0.9296,0.3992,-7.07,-4.90,5.81
2.4865,0.2230,-0.9248,0.4036,-6.86,-4.20,6.58
2.4866,0.2181,-0.9248,0.3977,-7.00,-3.64,6.72
2.4866,0.2157,-0.9213,0.3948,-7.00,-4.34,6.51
2.4867,0.2162,-0.9262,0.3967,-7.42,-3.36,6.58
2.4867,0.2133,-0.9267,0.3982,-7.14,-3.78,6.16
2.4868,0.2079,-0.9262,0.4006,-7.28,-3.22,6.72
2.4868,0.2113,-0.9267,0.3967,-7.49,-3.43,6.44
2.4869,0.2113,-0.9199,0.3953,-7.14,-2.73,6.79
2.4869,0.2098,-0.9209,0.3943,-7.77,-2.87,6.51
2.4870,0.2098,-0.9218,0.3953,-7.42,-2.45,6.65
2.4870,0.2050,-0.9189,0.3972,-7.70,-2.52,6.23
2.4871,0.2025,-0.9223,0.3943,-7.49,-2.38,6.58
2.4871,0.2011,-0.9223,0.3943,-7.91,-2.31,6.37
2.4872,0.2035,-0.9179,0.3948,-7.84,-1.75,6.37
2.4872,0.2054,-0.9184,0.3958,-8.12,-1.68,6.58
2.4873,0.2011,-0.9179,0.3938,-8.12,-1.19,6.23
2.4873,0.2011,-0.9145,0.3928,-8.19,-1.33,6.58
2.4874,0.2030,-0.9116,0.3943,-8.40,-1.61,5.74
2.4874,0.2015,-0.9121,0.3948,-8.19,-0.77,6.16
2.4875,0.2045,-0.9135,0.3943,-8.75,-0.77,5.95
2.4875,0.2054,-0.9111,0.3953,-8.19,-0.77,6.09
2.4875,0.2040,-0.9101,0.3997,-8.61,0.00,5.46
2.4876,0.2045,-0.9101,0.3992,-8.47,0.28,6.16
2.4876,0.2030,-0.9091,0.3977,-8.40,0.07,5.11
2.4877,0.2015,-0.9082,0.3958,-8.61,0.07,5.53
2.4877,0.2045,-0.9008,0.3972,-8.96,0.70,5.53
2.4878,0.2069,-0.8994,0.4011,-8.75,0.49,4.83
2.4878,0.2040,-0.9004,0.4011,-8.96,1.12,5.32
2.4879,0.2025,-0.8979,0.4021,-8.82,0.70,4.48
2.4879,0.2054,-0.8984,0.4046,-9.10,1.19,4.83
2.4880,0.2074,-0.8984,0.4055,-9.17,1.47,4.41
2.4885,0.2074,-0.8999,0.4050,-8.61,1.68,4.41
2.4890,0.2059,-0.8989,0.4050,-9.17,1.54,3.99
2.4895,0.2054,-0.8960,0.4060,-9.10,1.89,4.48
2.4900,0.2054,-0.8935,0.4060,-9.59,1.96,3.57
2.4906,0.2074,-0.8926,0.4036,-9.17,2.24,3.92
2.4911,0.2084,-0.8882,0.4055,-9.31,2.52,3.92
2.4916,0.2074,-0.8877,0.4055,-9.73,2.59,2.52
2.4921,0.2074,-0.8886,0.4021,-9.31,2.66,3.57
2.4926,0.2074,-0.8877,0.4075,-10.01,3.08,2.38
2.4931,0.2084,-0.8804,0.4085,-9.24,2.94,2.94
2.4937,0.2069,-0.8804,0.4119,-9.66,3.36,2.03
2.4942,0.2113,-0.8852,0.4128,-9.45,3.29,2.66
2.4947,0.2176,-0.8838,0.4104,-9.73,3.57,1.54
2.4952,0.2162,-0.8808,0.4114,-9.87,3.57,2.31
2.4957,0.2113,-0.8813,0.4143,-9.59,4.13,1.61
2.4963,0.2113,-0.8799,0.4172,-9.80,3.57,1.75
2.4968,0.2157,-0.8764,0.4163,-9.59,4.27,1.19
2.4973,0.2167,-0.8769,0.4163,-9.94,3.92,1.05
2.4978,0.2137,-0.8774,0.4133,-9.66,4.69,1.12
2.4983,0.2162,-0.8750,0.4124,-10.01,4.06,0.21
2.4995,0.2176,-0.8721,0.4119,-9.52,4.83,0.98
2.5008,0.2186,-0.8696,0.4143,-9.52,4.76,0.56
2.5020,0.2172,-0.8721,0.4109,-10.01,4.48,-0.84
2.5032,0.2191,-0.8721,0.4070,-10.22,4.90,-1.40
2.5044,0.2186,-0.8696,0.4094,-9.59,5.25,0.00
2.5056,0.2211,-0.8701,0.4138,-10.01,5.18,-1.82
2.5068,0.2225,-0.8706,0.4114,-9.94,5.32,-1.05
2.5080,0.2216,-0.8677,0.4080,-10.22,5.53,-2.03
2.5092,0.2216,-0.8657,0.4085,-10.08,5.67,-1.68
2.5104,0.2255,-0.8652,0.4089,-10.01,6.09,-2.31
2.5116,0.2274,-0.8686,0.4050,-10.15,5.53,-2.38
2.5129,0.2255,-0.8701,0.4041,-10.57,5.81,-2.66
2.5141,0.2264,-0.8662,0.4031,-9.87,5.60,-3.08
2.5153,0.2259,-0.8672,0.4046,-10.15,5.81,-3.08
2.5165,0.2274,-0.8701,0.4046,-9.87,5.81,-3.50
2.5177,0.2308,-0.8711,0.3987,-10.50,5.95,-3.15
2.5189,0.2303,-0.8686,0.3982,-10.01,6.09,-4.13
2.5201,0.2333,-0.8691,0.4006,-10.22,6.02,-3.64
2.5213,0.2323,-0.8691,0.3992,-10.15,5.95,-4.83
2.5225,0.2294,-0.8711,0.3967,-10.71,6.30,-4.27
2.5230,0.2342,-0.8711,0.3977,-10.36,6.16,-5.18
2.5235,0.2323,-0.8774,0.3948,-10.29,6.72,-5.32
2.5240,0.2318,-0.8789,0.3928,-10.01,6.23,-5.11
2.5244,0.2362,-0.8750,0.3948,-10.57,6.93,-5.53
2.5249,0.2391,-0.8750,0.3958,-10.29,6.65,-5.88
2.5254,0.2430,-0.8799,0.3982,-10.36,6.58,-6.09
2.5259,0.2460,-0.8799,0.3982,-10.29,6.37,-6.23
2.5263,0.2479,-0.8813,0.3958,-10.64,6.86,-6.30
2.5268,0.2469,-0.8857,0.4011,-10.01,7.14,-6.51
2.5273,0.2474,-0.8882,0.4016,-10.71,6.58,-6.58
2.5278,0.2499,-0.8896,0.3958,-10.08,6.86,-7.00
2.5282,0.2523,-0.8911,0.3928,-10.78,6.79,-6.86
2.5287,0.2538,-0.8935,0.3943,-10.71,6.86,-7.28
2.5292,0.2533,-0.8945,0.3967,-10.85,6.79,-7.00
2.5297,0.2528,-0.8974,0.3967,-10.50,7.00,-7.70
2.5301,0.2572,-0.8974,0.3992,-10.92,6.79,-7.21
2.5306,0.2635,-0.8969,0.3992,-10.92,7.56,-7.84
2.5311,0.2616,-0.8965,0.3977,-10.50,6.72,-7.42
2.5315,0.2582,-0.8965,0.3977,-11.20,7.63,-8.12
2.5320,0.2616,-0.9004,0.3992,-10.36,6.30,-7.91
2.5326,0.2655,-0.9038,0.4006,-11.48,7.70,-7.84
2.5331,0.2645,-0.9038,0.3997,-10.92,6.23,-8.19
2.5336,0.2694,-0.9008,0.3982,-11.27,7.63,-7.49
2.5342,0.2738,-0.8979,0.3938,-10.99,6.72,-8.33
2.5347,0.2718,-0.8989,0.3943,-11.34,7.42,-7.70
2.5352,0.2708,-0.9013,0.3972,-11.27,6.72,-7.84
2.5358,0.2777,-0.9038,0.3997,-11.13,7.49,-7.98
2.5363,0.2830,-0.9072,0.4006,-11.48,6.86,-8.26
2.5368,0.2821,-0.9106,0.3987,-10.99,7.49,-7.49
2.5374,0.2826,-0.9111,0.3972,-11.76,6.79,-8.26
2.5379,0.2806,-0.9062,0.3943,-10.71,7.28,-7.28
2.5384,0.2796,-0.9067,0.3963,-11.76,6.86,-8.33
2.5390,0.2806,-0.9087,0.3992,-11.06,7.35,-7.07
2.5395,0.2821,-0.9121,0.3997,-11.97,6.72,-7.84
2.5400,0.2840,-0.9140,0.3987,-11.41,7.21,-7.07
2.5406,0.2860,-0.9145,0.3977,-11.76,6.93,-7.49
2.5411,0.2884,-0.9160,0.4002,-11.27,7.14,-7.07
2.5416,0.2850,-0.9150,0.3972,-11.90,7.21,-7.07
2.5422,0.2869,-0.9135,0.3948,-11.69,7.49,-6.65
2.5427,0.2840,-0.9179,0.3948,-11.97,6.02,-7.14
2.5434,0.2845,-0.9213,0.3992,-11.90,7.63,-5.81
2.5441,0.2855,-0.9209,0.3987,-11.97,6.37,-7.35
2.5448,0.2835,-0.9204,0.3958,-11.76,7.70,-5.32
2.5455,0.2821,-0.9228,0.3933,-12.32,6.93,-6.72
2.5462,0.2811,-0.9218,0.3928,-11.62,7.14,-5.18
2.5468,0.2811,-0.9243,0.3953,-12.25,7.07,-6.16
2.5475,0.2816,-0.9272,0.3958,-11.55,7.00,-4.97
2.5482,0.2777,-0.9248,0.3967,-12.53,6.93,-5.88
2.5489,0.2757,-0.9228,0.3963,-11.83,7.42,-4.34
2.5496,0.2777,-0.9209,0.3967,-12.53,7.21,-5.39
2.5503,0.2806,-0.9213,0.3928,-12.04,7.00,-4.27
2.5510,0.2796,-0.9223,0.3919,-12.60,7.70,-4.76
2.5517,0.2762,-0.9218,0.3953,-11.97,7.14,-4.27
2.5524,0.2752,-0.9248,0.3948,-12.39,7.42,-4.27
2.5531,0.2757,-0.9238,0.3938,-12.53,7.56,-3.85
2.5537,0.2767,-0.9213,0.3958,-12.53,7.49,-3.71
2.5544,0.2752,-0.9262,0.3933,-12.53,7.63,-3.50
2.5551,0.2738,-0.9277,0.3943,-12.39,7.70,-3.22
2.5558,0.2723,-0.9316,0.3967,-12.74,7.98,-2.73
2.5565,0.2718,-0.9345,0.3982,-12.81,7.91,-2.80
2.5571,0.2679,-0.9326,0.4011,-12.74,7.70,-3.01
2.5576,0.2669,-0.9282,0.4021,-12.81,7.98,-2.52
2.5582,0.2655,-0.9282,0.4031,-12.67,7.49,-2.31
2.5587,0.2625,-0.9267,0.4002,-13.09,8.40,-2.03
2.5593,0.2625,-0.9262,0.3997,-12.88,7.91,-1.61
2.5599,0.2645,-0.9277,0.4031,-12.95,8.26,-1.96
2.5604,0.2669,-0.9301,0.4021,-13.02,7.91,-1.54
2.5610,0.2655,-0.9306,0.3997,-13.23,8.61,-1.33
2.5615,0.2596,-0.9292,0.3982,-12.88,8.19,-1.54
2.5621,0.2572,-0.9287,0.3992,-13.37,8.40,-0.98
2.5626,0.2582,-0.9311,0.4021,-13.16,8.54,-1.05
2.5632,0.2596,-0.9331,0.4021,-13.30,8.61,-0.77
2.5638,0.2562,-0.9296,0.4021,-13.30,8.96,-0.63
2.5643,0.2538,-0.9287,0.4031,-13.02,8.75,-0.42
2.5649,0.2552,-0.9301,0.4011,-13.65,8.61,-0.35
2.5654,0.2508,-0.9296,0.4002,-13.37,9.24,0.00
2.5660,0.2499,-0.9316,0.4070,-13.72,9.31,0.07
2.5666,0.2518,-0.9311,0.4099,-13.02,9.17,0.42
2.5671,0.2499,-0.9301,0.4031,-13.93,9.45,0.07
2.5677,0.2503,-0.9316,0.4031,-13.37,9.66,0.77
2.5695,0.2474,-0.9316,0.4055,-13.86,9.45,-0.28
2.5714,0.2464,-0.9301,0.4050,-14.00,9.66,0.77
2.5732,0.2503,-0.9282,0.4099,-14.07,10.08,0.77
2.5750,0.2499,-0.9287,0.4099,-14.07,9.80,0.98
2.5769,0.2464,-0.9311,0.4055,-13.79,10.22,0.49
2.5787,0.2416,-0.9301,0.4050,-14.21,10.15,1.05
2.5806,0.2381,-0.9321,0.4060,-14.00,10.57,1.12
2.5824,0.2401,-0.9316,0.4060,-14.35,10.22,1.19
2.5842,0.2406,-0.9248,0.4060,-14.42,10.64,1.19
2.5861,0.2381,-0.9233,0.4050,-14.21,10.50,1.19
2.5879,0.2401,-0.9223,0.4021,-14.63,11.06,1.47
2.5898,0.2435,-0.9218,0.4026,-14.42,10.50,0.84
2.5916,0.2450,-0.9184,0.4055,-14.42,11.13,1.75
2.5934,0.2396,-0.9174,0.4080,-14.77,10.85,0.63
2.5953,0.2357,-0.9199,0.4060,-14.42,10.85,1.61
2.5971,0.2352,-0.9170,0.4021,-15.05,11.76,0.84
2.5990,0.2338,-0.9194,0.4026,-14.56,11.27,1.68
2.6008,0.2333,-0.9204,0.4070,-14.91,11.83,0.84
2.6026,0.2303,-0.9155,0.4085,-14.49,11.48,1.89
2.6045,0.2352,-0.9160,0.4080,-15.05,12.32,1.12
2.6045,0.2401,-0.9145,0.4060,-14.84,11.90,1.61
2.6046,0.2342,-0.9130,0.4041,-14.84,12.32,1.26
2.6047,0.2313,-0.9106,0.4075,-14.63,11.76,1.40
2.6047,0.2347,-0.9067,0.4075,-15.19,12.53,1.40
2.6048,0.2372,-0.9067,0.4021,-15.05,12.46,1.19
2.6048,0.2347,-0.9091,0.3992,-15.19,12.67,1.54
2.6049,0.2323,-0.9087,0.4016,-15.12,12.60,1.05
2.6050,0.2342,-0.9087,0.4075,-15.26,13.23,1.54
2.6050,0.2362,-0.9072,0.4104,-15.05,13.02,0.98
2.6051,0.2352,-0.9057,0.4089,-15.40,12.95,1.26
2.6051,0.2328,-0.9043,0.4055,-15.19,13.44,0.84
2.6052,0.2352,-0.8994,0.4041,-15.33,13.30,1.26
2.6052,0.2411,-0.8994,0.4031,-15.33,13.65,0.35
2.6053,0.2411,-0.9018,0.4050,-15.26,13.30,1.19
2.6054,0.2357,-0.8994,0.4070,-15.47,14.07,0.70
2.6054,0.2333,-0.8984,0.4060,-15.26,13.65,0.84
2.6055,0.2362,-0.8984,0.4080,-15.47,14.77,0.84
2.6055,0.2401,-0.8989,0.4089,-15.33,13.37,0.35
2.6056,0.2386,-0.8974,0.4055,-15.54,14.84,0.98
2.6057,0.2347,-0.8945,0.4055,-15.05,13.93,0.21
2.6057,0.2352,-0.8926,0.4050,-15.68,14.91,0.56
2.6057,0.2386,-0.8926,0.4041,-15.47,13.79,-0.07
2.6058,0.2391,-0.8921,0.4055,-15.54,15.26,0.49
2.6058,0.2396,-0.8906,0.4026,-15.54,14.49,-0.35
2.6059,0.2386,-0.8935,0.3987,-15.40,15.19,0.49
2.6059,0.2406,-0.8945,0.3987,-15.68,15.05,-0.42
2.6060,0.2430,-0.8911,0.4011,-15.47,14.91,-0.07
2.6060,0.2416,-0.8891,0.4021,-16.10,15.40,-0.42
2.6061,0.2396,-0.8921,0.4002,-14.98,15.05,-0.28
2.6061,0.2401,-0.8930,0.3967,-15.96,15.47,-0.56
2.6062,0.2435,-0.8901,0.3963,-15.33,15.40,-0.42
2.6062,0.2435,-0.8891,0.3982,-15.89,15.54,-1.12
2.6063,0.2430,-0.8896,0.3997,-15.54,16.10,-1.33
2.6063,0.2435,-0.8896,0.3987,-15.54,15.68,-0.84
2.6064,0.2450,-0.8882,0.3914,-15.47,16.17,-1.19
2.6064,0.2455,-0.8867,0.3914,-15.33,16.17,-1.05
2.6065,0.2484,-0.8867,0.3953,-15.54,16.10,-1.75
2.6065,0.2469,-0.8882,0.3919,-15.26,15.89,-1.47
2.6066,0.2464,-0.8867,0.3894,-15.61,16.59,-1.96
2.6066,0.2474,-0.8838,0.3924,-15.33,16.03,-1.82
2.6069,0.2494,-0.8833,0.3928,-15.89,16.45,-1.68
2.6072,0.2494,-0.8828,0.3909,-15.33,16.31,-1.96
2.6074,0.2494,-0.8818,0.3919,-15.68,16.31,-2.24
2.6077,0.2503,-0.8838,0.3943,-15.33,16.73,-2.24
2.6080,0.2508,-0.8877,0.3928,-15.61,16.87,-2.10
2.6082,0.2538,-0.8882,0.3909,-15.33,16.59,-2.80
2.6085,0.2562,-0.8867,0.3875,-15.33,16.80,-2.45
2.6088,0.2557,-0.8833,0.3865,-15.61,16.94,-2.87
2.6090,0.2552,-0.8779,0.3919,-15.12,16.73,-3.08
2.6093,0.2523,-0.8794,0.3899,-15.61,16.87,-3.08
2.6096,0.2567,-0.8774,0.3889,-15.61,16.59,-3.15
2.6098,0.2645,-0.8760,0.3855,-15.12,17.08,-3.85
2.6101,0.2630,-0.8740,0.3880,-15.33,16.94,-3.29
2.6104,0.2582,-0.8716,0.3889,-15.19,17.01,-4.69
2.6106,0.2567,-0.8706,0.3870,-15.68,17.29,-3.64
2.6109,0.2577,-0.8696,0.3904,-15.19,16.80,-4.97
2.6112,0.2630,-0.8672,0.3914,-14.98,17.01,-4.20
2.6114,0.2645,-0.8672,0.3904,-15.05,16.80,-5.11
2.6117,0.2630,-0.8701,0.3919,-14.98,17.22,-4.90
2.6120,0.2621,-0.8667,0.3938,-15.26,16.87,-5.60
2.6125,0.2616,-0.8618,0.3928,-14.91,17.36,-5.39
2.6130,0.2660,-0.8594,0.3963,-14.98,16.80,-5.88
2.6135,0.2684,-0.8613,0.3943,-14.63,17.50,-5.95
2.6140,0.2669,-0.8623,0.3914,-15.12,17.01,-6.37
2.6145,0.2655,-0.8623,0.3963,-14.63,17.29,-6.65
2.6150,0.2664,-0.8623,0.3953,-15.05,17.22,-6.79
2.6154,0.2694,-0.8589,0.3899,-14.49,17.22,-6.93
2.6159,0.2699,-0.8599,0.3889,-14.84,17.15,-7.14
2.6164,0.2679,-0.8633,0.3948,-14.63,17.36,-7.56
2.6169,0.2684,-0.8633,0.3982,-14.77,17.15,-7.63
2.6174,0.2723,-0.8638,0.3963,-14.56,17.36,-7.84
2.6179,0.2733,-0.8662,0.3909,-14.91,16.87,-7.98
2.6184,0.2752,-0.8623,0.3904,-14.28,17.15,-8.61
2.6189,0.2743,-0.8589,0.3943,-14.91,17.08,-8.33
2.6194,0.2738,-0.8628,0.3919,-14.28,17.29,-8.89
2.6199,0.2762,-0.8686,0.3924,-14.42,17.22,-9.03
2.6204,0.2777,-0.8701,0.3938,-14.77,17.15,-9.03
2.6209,0.2816,-0.8662,0.3889,-14.00,17.22,-9.66
2.6214,0.2826,-0.8682,0.3875,-14.49,17.15,-9.17
2.6219,0.2811,-0.8716,0.3889,-14.28,17.29,-10.22
2.6224,0.2850,-0.8711,0.3899,-14.14,17.01,-9.38
2.6229,0.2874,-0.8696,0.3943,-14.07,17.29,-10.36
2.6235,0.2874,-0.8711,0.3938,-14.21,17.29,-9.87
2.6240,0.2879,-0.8745,0.3909,-14.07,16.94,-10.71
2.6245,0.2869,-0.8794,0.3933,-13.93,17.01,-9.87
2.6250,0.2869,-0.8823,0.3943,-14.28,17.22,-10.92
2.6256,0.2913,-0.8818,0.3919,-13.86,17.36,-10.29
2.6261,0.2913,-0.8833,0.3894,-13.93,17.43,-11.27
2.6266,0.2899,-0.8867,0.3899,-13.79,16.73,-10.85
2.6271,0.2943,-0.8882,0.3875,-14.07,17.29,-10.78
2.6277,0.2972,-0.8921,0.3870,-14.07,16.94,-11.13
2.6282,0.2923,-0.8945,0.3904,-13.72,17.29,-11.06
2.6287,0.2938,-0.8960,0.3933,-13.79,17.01,-11.20
2.6293,0.2977,-0.8965,0.3924,-13.93,17.08,-10.99
2.6298,0.2967,-0.8974,0.3875,-13.65,16.80,-11.55
2.6303,0.2967,-0.9023,0.3880,-13.86,17.22,-10.78
2.6308,0.2962,-0.9043,0.3875,-13.65,17.08,-11.69
2.6314,0.2952,-0.9091,0.3855,-13.93,17.22,-10.64
2.6319,0.2957,-0.9106,0.3884,-13.93,16.80,-11.90
2.6324,0.2972,-0.9101,0.3904,-13.79,17.29,-10.57
2.6330,0.2928,-0.9126,0.3904,-13.93,17.15,-11.55
2.6336,0.2904,-0.9111,0.3914,-13.79,16.66,-10.57
2.6342,0.2923,-0.9106,0.3884,-13.93,16.87,-11.41
2.6349,0.2918,-0.9101,0.3880,-13.65,17.01,-10.36
2.6355,0.2904,-0.9106,0.3904,-14.14,17.15,-11.06
2.6361,0.2899,-0.9145,0.3938,-13.58,16.87,-10.43
2.6367,0.2904,-0.9155,0.3919,-14.00,17.22,-10.43
2.6373,0.2894,-0.9155,0.3914,-14.21,17.22,-9.94
2.6379,0.2904,-0.9179,0.3967,-13.93,17.08,-10.01
2.6385,0.2879,-0.9209,0.4006,-13.86,17.22,-9.59
2.6391,0.2860,-0.9223,0.3967,-14.07,16.94,-9.66
2.6397,0.2865,-0.9223,0.3933,-13.93,17.29,-9.10
2.6403,0.2884,-0.9238,0.3972,-13.93,16.94,-9.52
2.6409,0.2874,-0.9248,0.4011,-13.72,17.43,-8.61
2.6415,0.2830,-0.9272,0.3997,-14.07,17.43,-8.89
2.6422,0.2826,-0.9306,0.3982,-13.93,17.43,-8.12
2.6428,0.2806,-0.9292,0.3987,-14.14,17.64,-8.40
2.6434,0.2782,-0.9262,0.4002,-13.79,17.43,-7.49
2.6440,0.2786,-0.9262,0.4046,-14.28,17.50,-7.98
2.6446,0.2782,-0.9301,0.4070,-13.44,17.29,-7.35
2.6452,0.2786,-0.9311,0.4094,-14.35,17.64,-7.07
2.6458,0.2762,-0.9326,0.4119,-13.65,17.43,-7.14
2.6464,0.2718,-0.9340,0.4104,-14.28,17.71,-6.51
2.6470,0.2723,-0.9340,0.4099,-13.93,18.06,-6.65
2.6476,0.2752,-0.9345,0.4094,-14.14,18.06,-5.67
2.6482,0.2777,-0.9331,0.4099,-14.21,18.13,-6.23
2.6488,0.2801,-0.9326,0.4133,-14.21,17.99,-5.39
2.6493,0.2757,-0.9360,0.4143,-13.93,18.76,-5.53
2.6499,0.2704,-0.9355,0.4104,-13.93,18.76,-4.34
2.6505,0.2738,-0.9321,0.4099,-14.35,18.27,-5.46
2.6511,0.2738,-0.9370,0.4114,-14.14,18.62,-3.99
2.6517,0.2723,-0.9404,0.4124,-14.77,18.41,-4.83
2.6523,0.2718,-0.9374,0.4153,-13.93,18.48,-3.71
2.6529,0.2738,-0.9355,0.4163,-14.84,19.18,-4.20
2.6535,0.2743,-0.9384,0.4109,-14.21,18.83,-3.29
2.6541,0.2708,-0.9399,0.4060,-14.63,19.11,-3.50
2.6547,0.2684,-0.9360,0.4094,-14.14,18.48,-3.15
2.6553,0.2655,-0.9379,0.4094,-14.91,19.32,-3.08
2.6559,0.2645,-0.9389,0.4050,-14.35,19.11,-2.66
2.6565,0.2630,-0.9365,0.4085,-14.84,19.46,-2.59
2.6589,0.2611,-0.9379,0.4148,-14.63,19.46,-2.45
2.6612,0.2630,-0.9374,0.4109,-14.84,19.67,-1.75
2.6636,0.2635,-0.9370,0.4104,-14.84,19.25,-2.10
2.6660,0.2596,-0.9365,0.4119,-15.19,20.02,-1.47
2.6684,0.2562,-0.9360,0.4089,-15.05,19.53,-1.54
2.6708,0.2542,-0.9404,0.4109,-15.12,19.81,-1.40
2.6732,0.2503,-0.9404,0.4119,-14.91,20.16,-0.98
2.6756,0.2499,-0.9409,0.4128,-15.19,19.95,-1.12
2.6779,0.2528,-0.9438,0.4104,-15.47,20.79,-0.63
2.6803,0.2538,-0.9433,0.4070,-15.26,20.09,-0.63
2.6827,0.2523,-0.9399,0.4050,-15.61,21.00,-0.70
2.6851,0.2542,-0.9389,0.4070,-15.61,20.44,-0.42
2.6875,0.2518,-0.9409,0.4109,-15.47,20.79,-0.42
2.6899,0.2469,-0.9409,0.4070,-15.54,20.79,-0.28
2.6923,0.2499,-0.9428,0.4026,-15.89,21.21,-0.21
2.6947,0.2484,-0.9438,0.4055,-15.89,21.35,-0.07
2.6970,0.2508,-0.9418,0.4041,-15.68,21.28,-0.35
2.6994,0.2508,-0.9404,0.4016,-16.38,21.77,0.35
2.7018,0.2489,-0.9404,0.4041,-15.82,21.35,-0.35
2.7042,0.2464,-0.9409,0.4036,-16.31,21.70,0.35
2.7043,0.2445,-0.9384,0.4006,-16.31,21.84,-0.28
2.7043,0.2499,-0.9404,0.3997,-16.45,21.91,0.35
2.7044,0.2489,-0.9448,0.3997,-16.45,22.33,0.21
2.7044,0.2464,-0.9448,0.3963,-16.87,22.33,0.21
2.7045,0.2479,-0.9448,0.3953,-16.59,22.33,0.28
2.7045,0.2484,-0.9438,0.3953,-17.08,22.68,0.07
2.7046,0.2489,-0.9418,0.3972,-17.36,22.82,0.35
2.7046,0.2464,-0.9428,0.3977,-16.73,22.47,-0.14
2.7047,0.2479,-0.9423,0.3928,-17.57,22.75,0.42
2.7048,0.2513,-0.9418,0.3889,-16.87,23.10,0.00
2.7048,0.2494,-0.9418,0.3904,-17.71,23.17,0.28
2.7049,0.2513,-0.9409,0.3948,-17.01,23.38,0.07
2.7049,0.2533,-0.9418,0.3933,-17.71,23.45,0.35
2.7050,0.2547,-0.9360,0.3919,-17.71,23.66,-0.14
2.7050,0.2591,-0.9340,0.3943,-17.43,23.59,0.00
2.7051,0.2577,-0.9394,0.3924,-17.78,23.52,0.07
2.7051,0.2562,-0.9389,0.3924,-18.06,23.73,-0.07
2.7052,0.2596,-0.9389,0.3963,-18.06,23.94,0.21
2.7053,0.2625,-0.9414,0.3943,-17.99,23.87,-0.42
2.7053,0.2616,-0.9379,0.3924,-18.48,24.08,0.21
2.7054,0.2625,-0.9340,0.3919,-18.20,24.15,-0.49
2.7054,0.2635,-0.9335,0.3938,-18.20,24.08,-0.14
2.7054,0.2611,-0.9360,0.3972,-18.76,24.36,-0.56
2.7055,0.2606,-0.9370,0.3967,-18.69,24.50,-0.42
2.7055,0.2596,-0.9365,0.3919,-18.41,24.71,-0.35
2.7056,0.2625,-0.9355,0.3845,-19.04,24.36,-1.05
2.7056,0.2650,-0.9321,0.3865,-18.90,24.57,-0.77
2.7057,0.2674,-0.9316,0.3884,-18.76,24.92,-0.77
2.7057,0.2679,-0.9311,0.3845,-18.76,24.50,-1.19
2.7058,0.2674,-0.9257,0.3855,-19.11,25.34,-0.56
2.7058,0.2679,-0.9243,0.3884,-18.90,24.92,-1.05
2.7059,0.2713,-0.9248,0.3889,-19.11,25.48,-1.19
2.7059,0.2723,-0.9228,0.3889,-19.25,25.06,-1.12
2.7060,0.2738,-0.9194,0.3899,-19.25,25.62,-1.26
2.7060,0.2767,-0.9170,0.3880,-19.25,24.92,-1.40
2.7061,0.2747,-0.9170,0.3855,-19.25,25.97,-1.33
2.7061,0.2752,-0.9140,0.3865,-19.46,24.92,-1.68
2.7062,0.2762,-0.9130,0.3875,-19.39,26.11,-1.47
2.7062,0.2786,-0.9135,0.3850,-19.39,25.20,-1.82
2.7063,0.2821,-0.9121,0.3870,-19.32,26.04,-1.68
2.7065,0.2791,-0.9116,0.3860,-19.53,25.41,-1.75
2.7067,0.2840,-0.9101,0.3860,-19.60,26.18,-2.03
2.7070,0.2860,-0.9062,0.3880,-19.74,26.25,-2.10
2.7072,0.2869,-0.9048,0.3850,-19.39,25.90,-2.52
2.7075,0.2850,-0.9028,0.3865,-19.60,26.11,-2.10
2.7077,0.2835,-0.9023,0.3889,-19.39,25.62,-3.01
2.7080,0.2855,-0.9023,0.3855,-19.95,26.39,-1.96
2.7082,0.2865,-0.8994,0.3845,-19.46,26.25,-3.08
2.7085,0.2874,-0.8955,0.3850,-19.74,25.83,-2.52
2.7087,0.2879,-0.8935,0.3841,-19.67,25.97,-3.15
2.7090,0.2850,-0.8911,0.3850,-19.60,26.18,-2.80
2.7092,0.2850,-0.8911,0.3841,-19.81,26.53,-3.29
2.7095,0.2869,-0.8935,0.3836,-19.81,26.25,-2.94
2.7097,0.2860,-0.8906,0.3836,-19.18,26.67,-3.43
2.7100,0.2835,-0.8896,0.3870,-19.39,25.83,-3.36
2.7102,0.2811,-0.8877,0.3841,-19.53,26.74,-3.64
2.7105,0.2816,-0.8847,0.3802,-19.32,26.11,-3.64
2.7107,0.2811,-0.8847,0.3845,-19.39,26.67,-3.85
2.7109,0.2791,-0.8857,0.3860,-19.46,26.81,-3.64
2.7112,0.2796,-0.8813,0.3806,-19.46,26.60,-4.13
2.7118,0.2816,-0.8760,0.3802,-19.25,26.81,-4.13
2.7124,0.2830,-0.8779,0.3836,-18.97,26.88,-4.34
2.7130,0.2811,-0.8760,0.3870,-19.32,26.88,-3.92
2.7136,0.2806,-0.8735,0.3870,-18.83,27.02,-4.34
2.7142,0.2786,-0.8711,0.3850,-19.11,27.37,-3.99
2.7148,0.2786,-0.8701,0.3845,-18.90,27.16,-4.55
2.7154,0.2791,-0.8686,0.3855,-18.90,27.44,-4.20
2.7160,0.2777,-0.8691,0.3899,-18.62,27.16,-4.69
2.7166,0.2718,-0.8682,0.3899,-18.69,27.93,-4.34
2.7172,0.2733,-0.8677,0.3880,-18.83,26.95,-4.69
2.7178,0.2747,-0.8716,0.3870,-18.20,27.86,-4.20
2.7184,0.2704,-0.8686,0.3860,-18.55,27.72,-4.76
2.7190,0.2704,-0.8696,0.3894,-17.92,28.00,-4.62
2.7196,0.2679,-0.8672,0.3904,-18.20,27.93,-4.55
2.7202,0.2674,-0.8642,0.3875,-18.06,28.14,-4.55
2.7208,0.2674,-0.8667,0.3865,-18.13,28.07,-4.69
2.7214,0.2640,-0.8677,0.3914,-17.71,28.56,-4.27
2.7220,0.2655,-0.8657,0.3967,-18.13,28.00,-5.04
2.7226,0.2660,-0.8633,0.3948,-17.29,28.84,-4.27
2.7232,0.2655,-0.8618,0.3938,-17.85,28.07,-4.97
2.7237,0.2655,-0.8628,0.3938,-17.22,28.70,-4.20
2.7242,0.2640,-0.8686,0.3938,-17.85,28.42,-5.11
2.7248,0.2674,-0.8716,0.3943,-16.80,28.63,-3.92
2.7253,0.2694,-0.8706,0.3924,-17.78,29.47,-4.97
2.7258,0.2674,-0.8686,0.3933,-16.59,29.19,-3.78
2.7263,0.2645,-0.8701,0.3933,-17.29,29.47,-4.97
2.7269,0.2625,-0.8721,0.3899,-16.73,29.47,-3.36
2.7274,0.2650,-0.8725,0.3889,-16.87,29.68,-5.04
2.7279,0.2650,-0.8750,0.3889,-16.59,29.40,-3.43
2.7284,0.2635,-0.8750,0.3914,-16.94,30.59,-4.48
2.7289,0.2650,-0.8706,0.3938,-16.38,29.33,-3.99
2.7295,0.2616,-0.8677,0.3914,-16.59,30.59,-3.85
2.7300,0.2591,-0.8706,0.3904,-16.31,30.10,-4.06
2.7305,0.2596,-0.8740,0.3919,-16.52,30.80,-3.43
2.7310,0.2606,-0.8740,0.3914,-16.24,30.38,-3.71
2.7316,0.2601,-0.8755,0.3894,-16.03,30.73,-3.50
2.7321,0.2596,-0.8794,0.3904,-16.45,30.87,-3.71
2.7326,0.2591,-0.8799,0.3899,-15.89,31.22,-3.01
2.7331,0.2572,-0.8794,0.3909,-15.68,31.15,-3.50
2.7336,0.2542,-0.8799,0.3953,-15.68,31.71,-2.24
2.7347,0.2542,-0.8789,0.3948,-16.17,31.50,-3.50
2.7358,0.2547,-0.8799,0.3938,-15.05,31.43,-2.38
2.7369,0.2533,-0.8808,0.3914,-15.96,31.92,-3.50
2.7380,0.2499,-0.8838,0.3924,-15.33,32.13,-1.96
2.7391,0.2455,-0.8877,0.3963,-15.75,32.55,-2.94
2.7402,0.2474,-0.8891,0.3953,-15.26,32.13,-1.75
2.7413,0.2489,-0.8926,0.3909,-15.47,32.69,-2.94
2.7424,0.2474,-0.8926,0.3933,-15.47,31.92,-1.82
2.7435,0.2474,-0.8955,0.3958,-15.33,33.32,-2.17
2.7446,0.2450,-0.8974,0.3958,-15.40,32.55,-1.82
2.7457,0.2430,-0.8945,0.3987,-15.26,33.67,-1.47
2.7468,0.2425,-0.8974,0.3987,-15.12,32.97,-1.96
2.7479,0.2411,-0.9023,0.3987,-15.26,34.16,-1.26
2.7490,0.2401,-0.9028,0.3953,-15.12,33.60,-1.82
2.7501,0.2401,-0.9043,0.3967,-14.77,33.95,-1.19
2.7512,0.2391,-0.9072,0.4011,-15.47,34.23,-1.61
2.7523,0.2372,-0.9096,0.4031,-14.91,34.51,-0.91
2.7534,0.2367,-0.9087,0.4041,-15.12,34.30,-0.77
2.7545,0.2328,-0.9077,0.4055,-15.33,35.35,-1.12
2.7556,0.2328,-0.9077,0.4055,-14.49,35.21,0.07
2.7557,0.2328,-0.9111,0.4070,-15.75,35.56,-1.05
2.7558,0.2313,-0.9101,0.4011,-14.91,35.21,-0.14
2.7558,0.2298,-0.9111,0.3982,-15.47,35.84,-0.63
2.7559,0.2313,-0.9155,0.3997,-15.05,35.84,-0.07
2.7559,0.2318,-0.9204,0.3982,-15.47,36.47,-0.35
2.7560,0.2298,-0.9189,0.3992,-15.12,35.98,-0.07
2.7561,0.2323,-0.9189,0.3997,-15.33,36.89,0.00
2.7561,0.2289,-0.9228,0.4021,-15.40,36.61,0.14
2.7562,0.2303,-0.9238,0.4041,-15.47,37.38,0.56
2.7562,0.2313,-0.9277,0.4036,-15.75,36.89,0.21
2.7563,0.2284,-0.9306,0.4041,-15.47,37.52,0.98
2.7564,0.2303,-0.9306,0.3997,-15.75,37.66,0.42
2.7564,0.2259,-0.9316,0.4006,-15.33,37.87,1.12
2.7565,0.2240,-0.9355,0.4075,-16.10,38.29,0.70
2.7565,0.2274,-0.9350,0.4055,-15.40,38.08,1.75
2.7566,0.2274,-0.9345,0.4016,-15.75,38.43,0.56
2.7567,0.2279,-0.9399,0.4002,-15.89,38.22,2.24
2.7567,0.2264,-0.9384,0.4021,-16.38,39.55,0.98
2.7568,0.2230,-0.9340,0.4050,-15.82,38.29,2.24
2.7569,0.2250,-0.9365,0.4006,-16.45,39.90,1.47
2.7581,0.2279,-0.9384,0.3972,-16.17,38.78,2.03
2.7594,0.2303,-0.9374,0.3987,-16.52,40.18,2.10
2.7607,0.2269,-0.9370,0.4002,-16.38,39.34,2.52
2.7620,0.2235,-0.9379,0.4011,-16.59,40.53,2.24
2.7633,0.2255,-0.9399,0.3977,-16.87,39.76,2.24
2.7646,0.2250,-0.9409,0.3977,-16.80,40.53,2.80
2.7659,0.2269,-0.9423,0.4002,-16.73,40.46,2.31
2.7672,0.2298,-0.9418,0.3997,-16.94,41.02,3.29
2.7685,0.2313,-0.9399,0.3982,-17.15,40.88,2.59
2.7697,0.2318,-0.9399,0.3953,-17.15,41.02,3.71
2.7710,0.2284,-0.9428,0.3967,-17.36,41.30,2.66
2.7723,0.2250,-0.9467,0.3972,-17.15,40.95,3.92
2.7736,0.2274,-0.9448,0.3958,-17.78,42.07,2.87
2.7749,0.2313,-0.9428,0.3928,-17.36,41.23,3.92
2.7762,0.2313,-0.9428,0.3938,-17.92,42.14,3.01
2.7775,0.2298,-0.9409,0.3987,-17.22,41.44,4.13
2.7788,0.2298,-0.9404,0.3948,-18.20,42.56,3.64
2.7801,0.2328,-0.9399,0.3928,-18.55,42.91,3.71
2.7813,0.2308,-0.9389,0.3919,-17.92,42.42,4.62
2.7826,0.2289,-0.9379,0.3924,-18.76,42.77,4.20
2.7827,0.2298,-0.9374,0.3943,-18.13,42.35,4.27
2.7827,0.2328,-0.9384,0.3928,-18.62,43.05,4.27
2.7827,0.2372,-0.9409,0.3894,-18.48,43.05,4.69
2.7828,0.2377,-0.9409,0.3884,-18.27,43.12,4.13
2.7828,0.2377,-0.9404,0.3924,-19.11,43.68,4.69
2.7828,0.2396,-0.9399,0.3924,-18.76,43.33,4.69
2.7829,0.2435,-0.9404,0.3899,-19.46,43.40,4.41
2.7829,0.2455,-0.9384,0.3880,-18.90,43.75,5.04
2.7829,0.2440,-0.9335,0.3884,-19.60,43.47,4.34
2.7830,0.2411,-0.9335,0.3953,-19.25,43.96,5.67
2.7830,0.2425,-0.9350,0.3953,-19.67,43.26,3.99
2.7830,0.2503,-0.9345,0.3914,-19.53,44.17,5.60
2.7831,0.2513,-0.9306,0.3889,-20.02,43.75,4.06
2.7831,0.2518,-0.9272,0.3899,-19.39,43.96,5.53
2.7831,0.2533,-0.9301,0.3899,-19.95,44.59,4.76
2.7832,0.2503,-0.9335,0.3909,-19.88,44.45,5.60
2.7832,0.2494,-0.9335,0.3909,-20.30,44.45,4.27
2.7832,0.2523,-0.9296,0.3884,-20.16,44.03,5.25
2.7833,0.2577,-0.9257,0.3880,-20.51,44.31,4.55
2.7833,0.2611,-0.9257,0.3880,-20.37,44.03,5.18
2.7836,0.2586,-0.9238,0.3894,-20.86,44.38,4.76
2.7839,0.2591,-0.9248,0.3889,-20.65,43.82,4.55
2.7842,0.2572,-0.9243,0.3904,-20.51,44.45,5.25
2.7845,0.2562,-0.9184,0.3870,-21.07,44.10,4.20
2.7848,0.2601,-0.9165,0.3845,-20.72,44.24,5.18
2.7851,0.2635,-0.9135,0.3875,-21.42,44.52,4.20
2.7854,0.2645,-0.9111,0.3875,-20.86,44.38,5.39
2.7857,0.2611,-0.9130,0.3860,-21.14,44.31,3.99
2.7860,0.2596,-0.9116,0.3870,-20.93,44.31,5.11
2.7863,0.2635,-0.9062,0.3870,-21.14,43.96,3.85
2.7866,0.2674,-0.9062,0.3875,-21.56,44.45,5.39
2.7868,0.2664,-0.9077,0.3802,-21.49,44.31,3.36
2.7871,0.2655,-0.8974,0.3806,-21.63,44.45,3.92
2.7874,0.2621,-0.8965,0.3821,-21.28,44.10,4.83
2.7877,0.2635,-0.8945,0.3811,-21.84,44.52,3.71
2.7880,0.2616,-0.8930,0.3811,-21.35,43.96,4.41
2.7883,0.2621,-0.8911,0.3821,-22.40,44.38,3.85
2.7886,0.2650,-0.8867,0.3831,-20.93,43.82,3.85
2.7889,0.2645,-0.8833,0.3836,-22.26,44.45,3.99
2.7892,0.2616,-0.8828,0.3806,-21.49,43.82,3.43
2.7897,0.2582,-0.8828,0.3777,-21.91,44.45,4.13
2.7903,0.2562,-0.8813,0.3797,-21.56,43.75,3.22
2.7908,0.2572,-0.8799,0.3821,-21.98,44.10,4.06
2.7913,0.2567,-0.8813,0.3802,-22.05,43.82,3.29
2.7918,0.2508,-0.8838,0.3811,-21.49,44.10,3.71
2.7924,0.2508,-0.8833,0.3826,-22.19,43.82,3.08
2.7929,0.2523,-0.8823,0.3806,-21.35,44.10,3.71
2.7934,0.2518,-0.8794,0.3816,-22.19,43.68,2.66
2.7939,0.2499,-0.8755,0.3787,-21.42,44.17,3.78
2.7945,0.2513,-0.8769,0.3767,-22.40,43.96,2.52
2.7950,0.2523,-0.8750,0.3777,-22.26,43.75,2.66
2.7955,0.2523,-0.8735,0.3826,-21.42,44.03,3.08
2.7960,0.2499,-0.8740,0.3792,-22.19,44.17,2.80
2.7966,0.2499,-0.8745,0.3767,-21.63,43.68,2.59
2.7971,0.2494,-0.8760,0.3816,-22.05,43.75,2.80
2.7976,0.2503,-0.8764,0.3836,-21.70,43.47,2.31
2.7981,0.2489,-0.8779,0.3811,-22.19,43.89,2.80
2.7987,0.2450,-0.8794,0.3802,-21.91,43.47,2.17
2.7992,0.2474,-0.8784,0.3802,-21.77,43.54,2.52
2.7997,0.2469,-0.8784,0.3777,-22.12,43.47,1.68
2.8003,0.2440,-0.8794,0.3792,-21.63,43.47,2.45
2.8010,0.2445,-0.8794,0.3831,-22.47,43.47,1.75
2.8016,0.2464,-0.8774,0.3811,-21.49,43.54,2.38
2.8022,0.2464,-0.8764,0.3816,-22.19,43.05,1.33
2.8028,0.2450,-0.8745,0.3826,-21.56,43.33,2.24
2.8035,0.2425,-0.8721,0.3787,-22.12,43.40,1.47
2.8041,0.2420,-0.8730,0.3758,-21.77,43.47,2.17
2.8047,0.2430,-0.8735,0.3831,-21.91,43.47,1.26
2.8053,0.2401,-0.8784,0.3758,-21.84,43.12,1.75
2.8060,0.2416,-0.8755,0.3787,-22.05,42.42,0.91
2.8066,0.2396,-0.8769,0.3797,-21.91,43.61,1.96
2.8072,0.2377,-0.8784,0.3762,-22.05,42.91,0.91
2.8079,0.2367,-0.8779,0.3772,-21.42,43.26,2.03
2.8085,0.2357,-0.8774,0.3782,-21.91,43.19,0.91
2.8091,0.2347,-0.8745,0.3802,-21.42,43.05,2.03
2.8097,0.2333,-0.8706,0.3787,-21.84,42.84,1.05
2.8104,0.2347,-0.8706,0.3753,-21.91,43.33,1.82
2.8110,0.2347,-0.8725,0.3758,-21.98,42.84,1.19
2.8116,0.2396,-0.8711,0.3753,-21.63,42.91,1.68
2.8122,0.2396,-0.8725,0.3777,-21.70,42.91,1.33
2.8129,0.2372,-0.8760,0.3802,-21.70,43.47,1.82
2.8135,0.2367,-0.8764,0.3787,-21.84,42.84,1.33
2.8141,0.2342,-0.8774,0.3782,-21.84,43.19,1.54
2.8147,0.2328,-0.8769,0.3806,-21.42,42.84,1.19
2.8153,0.2294,-0.8764,0.3831,-21.63,43.54,2.17
2.8159,0.2279,-0.8769,0.3821,-21.77,42.49,1.26
2.8165,0.2274,-0.8764,0.3816,-21.77,42.91,1.47
2.8171,0.2279,-0.8760,0.3826,-21.63,42.21,1.19
2.8177,0.2294,-0.8774,0.3806,-21.56,43.54,1.96
2.8183,0.2259,-0.8789,0.3797,-22.05,42.21,0.77
2.8189,0.2255,-0.8828,0.3821,-21.28,43.33,2.10
2.8195,0.2274,-0.8847,0.3850,-21.98,42.49,1.19
2.8201,0.2259,-0.8808,0.3855,-21.42,43.33,1.82
2.8207,0.2240,-0.8808,0.3841,-22.05,42.84,1.47
2.8213,0.2201,-0.8833,0.3787,-21.21,42.98,1.89
2.8220,0.2191,-0.8828,0.3753,-21.98,42.77,1.61
2.8226,0.2186,-0.8813,0.3826,-21.42,42.77,1.68
2.8232,0.2147,-0.8828,0.3860,-21.84,43.05,1.61
2.8238,0.2118,-0.8867,0.3845,-21.63,42.84,1.61
2.8244,0.2113,-0.8882,0.3850,-21.42,42.91,2.03
2.8249,0.2123,-0.8886,0.3865,-21.91,42.63,2.03
2.8255,0.2128,-0.8877,0.3870,-21.63,42.84,1.96
2.8261,0.2123,-0.8852,0.3836,-21.91,42.70,1.68
2.8266,0.2098,-0.8872,0.3802,-21.56,43.12,2.45
2.8272,0.2059,-0.8906,0.3816,-21.91,42.98,1.68
2.8277,0.2050,-0.8911,0.3860,-21.63,43.19,2.52
2.8283,0.2020,-0.8935,0.3860,-21.63,43.19,2.45
2.8288,0.2006,-0.8940,0.3865,-21.77,43.26,2.52
2.8294,0.1991,-0.8935,0.3875,-21.91,43.33,2.24
2.8300,0.1976,-0.8940,0.3836,-21.77,43.40,2.94
2.8305,0.1991,-0.8930,0.3826,-22.05,43.33,2.17
2.8311,0.1942,-0.8935,0.3850,-21.91,43.19,2.94
2.8316,0.1898,-0.8960,0.3889,-21.98,43.47,2.17
2.8322,0.1903,-0.8950,0.3850,-21.98,43.40,2.94
2.8328,0.1869,-0.8935,0.3836,-22.05,43.75,2.66
2.8333,0.1810,-0.8969,0.3845,-22.12,43.40,3.08
2.8339,0.1801,-0.9018,0.3836,-22.19,44.03,2.59
2.8344,0.1806,-0.9038,0.3831,-21.91,43.89,3.01
2.8350,0.1801,-0.9033,0.3821,-22.12,43.68,3.01
2.8355,0.1806,-0.9048,0.3870,-22.61,43.89,2.66
2.8367,0.1801,-0.9091,0.3884,-22.12,44.03,3.43
2.8379,0.1767,-0.9096,0.3845,-22.05,43.82,2.73
2.8391,0.1752,-0.9043,0.3850,-22.12,44.38,3.64
2.8403,0.1762,-0.9028,0.3850,-22.47,44.10,2.87
2.8414,0.1728,-0.9087,0.3880,-21.98,44.45,3.85
2.8426,0.1718,-0.9091,0.3880,-22.68,43.96,2.66
2.8438,0.1718,-0.9077,0.3865,-22.19,44.59,4.20
2.8450,0.1679,-0.9067,0.3894,-23.10,44.45,2.52
2.8462,0.1640,-0.9082,0.3884,-22.05,44.94,4.55
2.8473,0.1635,-0.9067,0.3860,-23.24,44.59,2.31
2.8485,0.1654,-0.9038,0.3894,-22.26,45.57,4.76
2.8497,0.1645,-0.9043,0.3899,-23.03,44.80,2.31
2.8509,0.1640,-0.9028,0.3875,-22.75,45.64,5.04
2.8521,0.1630,-0.9052,0.3850,-22.96,45.01,2.59
2.8532,0.1635,-0.9067,0.3836,-22.61,45.71,4.48
2.8544,0.1645,-0.9077,0.3884,-23.10,45.43,3.15
2.8556,0.1649,-0.9077,0.3909,-22.89,45.57,4.20
2.8568,0.1615,-0.9052,0.3914,-23.10,45.50,3.43
2.8579,0.1625,-0.9067,0.3909,-23.24,45.71,4.13
2.8591,0.1654,-0.9091,0.3904,-22.96,45.92,3.50
2.8592,0.1635,-0.9091,0.3899,-23.45,46.20,3.50
2.8593,0.1649,-0.9091,0.3899,-23.17,46.20,3.99
2.8595,0.1640,-0.9111,0.3870,-23.66,45.50,3.15
2.8596,0.1649,-0.9111,0.3938,-23.45,46.76,4.48
2.8597,0.1640,-0.9160,0.3933,-23.38,46.76,4.55
2.8598,0.1635,-0.9160,0.3889,-23.80,45.99,2.73
2.8599,0.1615,-0.9150,0.3919,-23.73,46.97,4.62
2.8600,0.1620,-0.9135,0.3958,-24.01,46.97,2.73
2.8601,0.1571,-0.9150,0.3967,-23.73,46.90,4.13
2.8602,0.1547,-0.9145,0.3992,-24.29,47.11,2.73
2.8603,0.1571,-0.9126,0.3963,-23.66,46.55,3.71
2.8604,0.1596,-0.9165,0.3919,-24.57,47.25,2.94
2.8605,0.1586,-0.9184,0.3967,-23.94,46.69,3.29
2.8606,0.1523,-0.9189,0.3997,-24.92,47.46,3.22
2.8608,0.1503,-0.9194,0.4002,-24.01,46.83,2.87
2.8609,0.1513,-0.9179,0.3958,-24.71,47.60,3.15
2.8610,0.1498,-0.9209,0.3943,-24.57,47.32,3.15
2.8611,0.1464,-0.9209,0.3982,-24.71,47.53,3.22
2.8612,0.1444,-0.9218,0.3997,-24.71,47.74,2.80
2.8613,0.1474,-0.9248,0.3987,-24.57,47.53,3.08
2.8635,0.1474,-0.9267,0.3963,-25.55,47.74,2.45
2.8658,0.1459,-0.9292,0.4021,-24.50,47.32,3.01
2.8680,0.1518,-0.9321,0.4065,-25.41,48.09,2.66
2.8703,0.1484,-0.9296,0.4031,-24.85,47.88,2.87
2.8725,0.1464,-0.9267,0.3987,-25.69,48.30,2.24
2.8748,0.1479,-0.9311,0.3987,-25.06,47.46,2.73
2.8770,0.1449,-0.9335,0.3967,-26.11,48.02,2.03
2.8792,0.1444,-0.9321,0.3928,-25.34,48.37,3.08
2.8815,0.1449,-0.9321,0.3953,-26.32,48.30,1.40
2.8837,0.1449,-0.9360,0.4011,-25.48,48.51,2.80
2.8860,0.1454,-0.9379,0.4006,-26.46,48.37,1.82
2.8882,0.1430,-0.9365,0.3982,-25.69,48.79,2.45
2.8905,0.1401,-0.9370,0.3967,-26.25,48.65,1.82
2.8927,0.1381,-0.9365,0.3904,-26.39,48.86,2.24
2.8950,0.1405,-0.9360,0.3904,-26.46,48.72,1.54
2.8972,0.1440,-0.9360,0.3909,-26.53,48.58,2.03
2.8994,0.1449,-0.9360,0.3875,-26.67,48.86,1.61
2.9017,0.1459,-0.9365,0.3899,-26.88,48.51,1.89
2.9039,0.1420,-0.9350,0.3938,-26.67,49.21,1.47
2.9062,0.1391,-0.9360,0.3919,-27.30,48.86,1.68
2.9062,0.1401,-0.9360,0.3909,-26.81,48.86,1.40
2.9063,0.1425,-0.9370,0.3928,-27.09,48.86,1.26
2.9064,0.1474,-0.9414,0.3928,-26.95,49.42,1.89
2.9064,0.1488,-0.9433,0.3938,-27.09,49.28,1.40
2.9065,0.1459,-0.9404,0.3914,-27.09,49.56,1.68
2.9066,0.1430,-0.9399,0.3894,-27.65,49.00,0.77
2.9066,0.1484,-0.9428,0.3870,-27.51,49.42,1.61
2.9067,0.1518,-0.9462,0.3845,-27.86,48.79,0.35
2.9068,0.1469,-0.9433,0.3826,-27.58,49.35,1.05
2.9068,0.1459,-0.9399,0.3845,-28.07,48.93,0.35
2.9069,0.1479,-0.9418,0.3836,-27.72,49.35,1.33
2.9070,0.1508,-0.9443,0.3802,-28.21,49.28,0.21
2.9070,0.1527,-0.9472,0.3811,-27.79,49.42,1.12
2.9071,0.1518,-0.9467,0.3831,-28.35,48.86,0.14
2.9072,0.1532,-0.9457,0.3831,-28.00,49.70,1.33
2.9072,0.1532,-0.9443,0.3821,-28.63,48.79,-0.35
2.9073,0.1518,-0.9443,0.3826,-28.07,49.42,1.19
2.9074,0.1547,-0.9467,0.3787,-28.77,48.72,0.00
2.9074,0.1581,-0.9467,0.3772,-28.35,49.42,0.70
2.9075,0.1581,-0.9482,0.3816,-28.77,48.93,0.00
2.9076,0.1630,-0.9496,0.3816,-28.49,49.28,0.70
2.9076,0.1640,-0.9477,0.3811,-28.56,48.93,0.49
2.9077,0.1654,-0.9501,0.3772,-29.12,48.93,-0.14
2.9078,0.1664,-0.9526,0.3762,-28.77,49.07,0.35
2.9078,0.1664,-0.9521,0.3738,-29.19,48.86,0.07
2.9079,0.1669,-0.9496,0.3743,-29.05,49.00,0.07
2.9080,0.1693,-0.9506,0.3758,-29.26,48.44,0.07
2.9080,0.1713,-0.9472,0.3743,-29.05,48.51,0.14
2.9081,0.1703,-0.9482,0.3714,-29.54,48.51,-0.21
2.9081,0.1732,-0.9487,0.3675,-29.12,48.65,0.21
2.9082,0.1781,-0.9482,0.3675,-29.19,48.23,0.14
2.9083,0.1781,-0.9501,0.3714,-29.40,48.23,0.07
2.9083,0.1767,-0.9443,0.3723,-29.54,47.88,0.28
2.9084,0.1786,-0.9433,0.3694,-29.40,48.44,0.07
2.9085,0.1806,-0.9457,0.3655,-29.26,48.02,0.56
2.9085,0.1806,-0.9477,0.3665,-29.54,48.09,0.07
2.9086,0.1820,-0.9506,0.3699,-29.40,48.02,0.56
2.9087,0.1820,-0.9521,0.3675,-30.03,48.09,0.35
2.9087,0.1835,-0.9506,0.3655,-29.61,47.88,0.84
2.9088,0.1835,-0.9467,0.3670,-29.47,47.04,-0.21
2.9090,0.1801,-0.9492,0.3650,-29.61,47.39,0.14
2.9091,0.1806,-0.9496,0.3645,-29.75,47.25,0.42
2.9093,0.1840,-0.9511,0.3645,-29.82,47.11,0.49
2.9095,0.1815,-0.9467,0.3626,-29.89,47.18,0.98
2.9096,0.1801,-0.9477,0.3616,-29.68,46.69,0.28
2.9098,0.1815,-0.9506,0.3616,-29.96,47.18,0.98
2.9100,0.1791,-0.9482,0.3631,-29.75,46.62,0.21
2.9102,0.1781,-0.9472,0.3616,-29.75,47.18,1.12
2.9103,0.1771,-0.9482,0.3601,-29.89,45.99,0.49
2.9105,0.1718,-0.9506,0.3582,-29.61,46.41,0.84
2.9107,0.1737,-0.9492,0.3553,-30.31,46.13,0.42
2.9109,0.1757,-0.9477,0.3558,-29.40,46.20,0.91
2.9110,0.1723,-0.9457,0.3582,-29.89,45.85,0.70
2.9112,0.1732,-0.9443,0.3558,-29.68,45.85,1.12
2.9114,0.1713,-0.9438,0.3558,-29.82,45.64,0.84
2.9115,0.1703,-0.9448,0.3572,-29.54,45.85,1.12
2.9117,0.1703,-0.9462,0.3543,-30.17,45.64,0.98
2.9119,0.1659,-0.9472,0.3509,-29.61,45.71,0.98
2.9121,0.1649,-0.9462,0.3475,-29.89,45.50,1.19
2.9122,0.1645,-0.9438,0.3499,-29.54,45.15,0.84
2.9128,0.1649,-0.9453,0.3528,-29.96,45.08,1.40
2.9134,0.1630,-0.9467,0.3528,-29.47,44.94,0.77
2.9140,0.1630,-0.9487,0.3528,-29.75,45.29,1.82
2.9145,0.1630,-0.9492,0.3533,-29.47,44.73,0.98
2.9151,0.1610,-0.9482,0.3514,-29.61,44.59,1.96
2.9157,0.1581,-0.9482,0.3489,-29.54,44.66,1.05
2.9163,0.1552,-0.9482,0.3494,-29.40,44.80,1.89
2.9169,0.1562,-0.9482,0.3499,-29.75,44.45,1.40
2.9174,0.1552,-0.9482,0.3494,-29.26,44.52,1.75
2.9180,0.1498,-0.9467,0.3504,-29.47,44.10,1.47
2.9186,0.1498,-0.9457,0.3499,-29.54,44.59,2.03
2.9192,0.1513,-0.9462,0.3484,-29.26,43.82,1.33
2.9197,0.1508,-0.9448,0.3470,-29.40,44.03,1.68
2.9203,0.1518,-0.9448,0.3470,-29.33,44.24,1.89
2.9209,0.1523,-0.9453,0.3499,-29.26,44.10,1.89
2.9215,0.1488,-0.9448,0.3470,-29.26,43.47,1.82
2.9221,0.1454,-0.9467,0.3426,-29.33,43.96,1.96
2.9226,0.1469,-0.9462,0.3436,-28.77,43.26,1.89
2.9232,0.1503,-0.9433,0.3455,-29.33,43.61,2.24
2.9238,0.1498,-0.9433,0.3440,-29.19,42.77,1.75
2.9243,0.1435,-0.9423,0.3436,-29.12,43.54,2.24
2.9249,0.1410,-0.9433,0.3440,-28.84,42.98,1.82
2.9255,0.1449,-0.9443,0.3440,-28.77,43.33,2.59
2.9260,0.1454,-0.9433,0.3445,-28.91,42.91,1.96
2.9266,0.1435,-0.9414,0.3465,-28.63,42.77,2.24
2.9272,0.1449,-0.9389,0.3455,-28.70,42.77,2.03
2.9277,0.1488,-0.9433,0.3445,-28.70,42.77,2.24
2.9283,0.1503,-0.9443,0.3450,-28.49,42.91,2.10
2.9288,0.1449,-0.9418,0.3411,-28.42,42.21,2.03
2.9294,0.1444,-0.9448,0.3416,-28.63,42.42,2.31
2.9300,0.1454,-0.9457,0.3450,-28.28,42.70,2.03
2.9305,0.1435,-0.9433,0.3450,-28.49,42.42,2.24
2.9311,0.1435,-0.9433,0.3450,-27.79,42.07,1.82
2.9317,0.1440,-0.9453,0.3421,-28.49,42.35,2.17
2.9322,0.1435,-0.9457,0.3377,-28.07,41.93,2.17
2.9328,0.1425,-0.9414,0.3421,-28.28,41.86,2.10
2.9333,0.1474,-0.9433,0.3450,-28.00,41.86,2.17
2.9339,0.1444,-0.9428,0.3440,-27.72,41.72,2.38
2.9345,0.1396,-0.9414,0.3450,-27.79,42.00,2.24
2.9350,0.1386,-0.9409,0.3431,-27.65,41.58,2.52
2.9356,0.1391,-0.9384,0.3436,-27.51,41.93,2.66
2.9362,0.1386,-0.9409,0.3426,-27.44,41.02,2.03
2.9368,0.1410,-0.9404,0.3357,-27.58,41.86,2.87
2.9373,0.1396,-0.9379,0.3353,-27.51,41.09,2.17
2.9379,0.1366,-0.9355,0.3387,-27.09,41.51,2.94
2.9385,0.1381,-0.9331,0.3396,-27.16,40.88,2.38
2.9391,0.1415,-0.9360,0.3416,-27.23,41.44,3.22
2.9397,0.1337,-0.9350,0.3421,-26.95,41.16,2.45
2.9402,0.1322,-0.9311,0.3382,-26.88,40.88,3.22
2.9408,0.1362,-0.9335,0.3372,-26.53,40.39,2.45
2.9414,0.1322,-0.9355,0.3396,-26.53,40.88,3.29
2.9420,0.1322,-0.9360,0.3416,-26.53,40.53,2.87
2.9426,0.1332,-0.9350,0.3450,-26.39,40.67,3.15
2.9431,0.1332,-0.9365,0.3440,-26.53,40.39,3.08
2.9437,0.1327,-0.9355,0.3401,-26.25,40.53,3.01
2.9443,0.1313,-0.9326,0.3445,-26.46,40.25,3.36
2.9449,0.1279,-0.9345,0.3465,-25.55,40.67,3.29
2.9455,0.1279,-0.9311,0.3440,-26.11,40.25,3.43
2.9460,0.1244,-0.9311,0.3460,-25.62,40.18,3.29
2.9466,0.1240,-0.9345,0.3479,-25.97,40.25,3.43
2.9472,0.1264,-0.9355,0.3494,-25.34,39.90,3.22
2.9478,0.1249,-0.9345,0.3484,-25.62,39.90,3.50
2.9483,0.1249,-0.9335,0.3445,-25.48,40.32,3.57
2.9489,0.1259,-0.9360,0.3436,-25.34,39.83,3.50
2.9494,0.1259,-0.9389,0.3460,-25.27,40.04,3.57
2.9500,0.1269,-0.9374,0.3470,-25.34,39.83,3.29
2.9506,0.1274,-0.9340,0.3440,-24.92,39.76,3.71
2.9511,0.1254,-0.9370,0.3411,-25.06,39.62,3.57
2.9517,0.1244,-0.9374,0.3436,-24.64,39.55,3.78
2.9523,0.1249,-0.9370,0.3465,-24.64,39.76,3.71
2.9528,0.1225,-0.9345,0.3450,-24.50,39.20,4.06
2.9534,0.1249,-0.9374,0.3421,-24.57,39.62,3.92
2.9540,0.1244,-0.9438,0.3465,-24.29,39.13,4.13
2.9545,0.1191,-0.9428,0.3494,-24.22,39.13,4.20
2.9551,0.1235,-0.9433,0.3475,-24.29,39.20,4.48
2.9556,0.1220,-0.9457,0.3484,-24.01,38.50,4.13
2.9562,0.1235,-0.9482,0.3470,-24.08,39.55,4.76
2.9568,0.1274,-0.9506,0.3445,-24.15,38.85,4.27
2.9573,0.1249,-0.9506,0.3436,-23.73,39.20,5.11
2.9579,0.1230,-0.9511,0.3421,-23.73,38.92,4.27
2.9592,0.1200,-0.9492,0.3436,-23.45,38.71,5.04
2.9605,0.1171,-0.9492,0.3465,-23.66,38.71,4.55
2.9618,0.1200,-0.9506,0.3455,-23.24,38.64,5.18
2.9631,0.1220,-0.9531,0.3475,-23.59,38.64,4.97
2.9644,0.1181,-0.9545,0.3509,-23.45,38.50,4.97
2.9657,0.1166,-0.9526,0.3523,-23.38,38.78,5.39
2.9670,0.1166,-0.9531,0.3523,-23.38,38.15,4.83
2.9683,0.1152,-0.9511,0.3465,-23.10,38.57,5.60
2.9695,0.1171,-0.9516,0.3465,-23.24,38.29,5.18
2.9708,0.1186,-0.9526,0.3489,-22.96,38.36,5.67
2.9721,0.1171,-0.9501,0.3509,-23.10,38.08,5.32
2.9734,0.1205,-0.9496,0.3514,-23.10,38.43,6.09
2.9747,0.1220,-0.9492,0.3479,-23.10,38.22,5.25
2.9760,0.1196,-0.9496,0.3465,-22.89,38.71,6.72
2.9773,0.1210,-0.9526,0.3479,-22.82,38.01,5.39
2.9786,0.1200,-0.9526,0.3514,-22.75,37.94,6.51
2.9799,0.1196,-0.9511,0.3518,-22.89,38.29,5.74
2.9812,0.1191,-0.9531,0.3509,-22.68,37.73,6.44
2.9825,0.1122,-0.9516,0.3494,-22.68,37.94,5.95
2.9838,0.1122,-0.9501,0.3489,-22.54,37.87,6.51
2.9838,0.1157,-0.9516,0.3494,-22.82,37.87,6.44
2.9839,0.1191,-0.9521,0.3514,-22.40,37.45,6.30
2.9839,0.1191,-0.9555,0.3523,-22.75,38.01,6.51
2.9839,0.1137,-0.9550,0.3509,-22.26,37.03,6.23
2.9840,0.1127,-0.9516,0.3494,-22.61,37.94,6.65
2.9840,0.1127,-0.9560,0.3479,-22.40,37.59,6.65
2.9840,0.1122,-0.9560,0.3475,-22.12,37.52,6.79
2.9841,0.1103,-0.9531,0.3494,-22.82,37.45,6.30
2.9841,0.1069,-0.9555,0.3494,-22.05,37.45,7.35
2.9841,0.1074,-0.9560,0.3499,-22.61,37.24,6.23
2.9842,0.1078,-0.9555,0.3479,-22.12,37.38,7.56
2.9842,0.1078,-0.9536,0.3479,-22.54,37.24,6.44
2.9842,0.1074,-0.9550,0.3528,-21.98,37.38,7.56
2.9843,0.1069,-0.9584,0.3538,-22.61,37.59,6.51
2.9843,0.1098,-0.9579,0.3465,-21.70,36.82,7.28
2.9843,0.1098,-0.9584,0.3470,-22.47,37.24,6.44
2.9844,0.1054,-0.9589,0.3484,-22.12,36.96,7.49
2.9844,0.1039,-0.9579,0.3484,-21.91,36.89,6.37
2.9844,0.1103,-0.9584,0.3499,-22.26,37.03,7.28
2.9845,0.1083,-0.9584,0.3450,-21.91,37.03,6.37
2.9848,0.1054,-0.9579,0.3431,-22.68,36.82,6.93
2.9851,0.1118,-0.9584,0.3445,-21.91,36.61,6.72
2.9854,0.1122,-0.9570,0.3421,-22.33,36.96,6.79
2.9857,0.1103,-0.9589,0.3426,-22.12,36.40,6.93
2.9860,0.1118,-0.9609,0.3450,-22.61,36.75,6.37
2.9863,0.1132,-0.9584,0.3465,-21.91,36.96,7.21
2.9866,0.1147,-0.9599,0.3470,-22.33,36.82,6.09
2.9869,0.1118,-0.9614,0.3465,-22.12,36.96,7.42
2.9872,0.1108,-0.9594,0.3431,-22.12,36.33,6.23
2.9875,0.1147,-0.9589,0.3416,-22.26,36.26,7.07
2.9878,0.1152,-0.9584,0.3436,-22.40,36.47,6.16
2.9881,0.1147,-0.9565,0.3396,-22.33,35.98,6.65
2.9884,0.1157,-0.9570,0.3372,-22.05,36.75,6.37
2.9887,0.1147,-0.9599,0.3382,-22.68,36.12,6.58
2.9890,0.1171,-0.9599,0.3367,-22.12,36.68,6.37
2.9893,0.1161,-0.9609,0.3362,-22.54,35.91,6.51
2.9897,0.1122,-0.9618,0.3362,-22.12,36.26,6.30
2.9900,0.1137,-0.9584,0.3357,-22.61,36.12,6.23
2.9903,0.1147,-0.9555,0.3343,-22.19,36.47,6.72
2.9906,0.1157,-0.9555,0.3343,-22.54,36.05,5.74
2.9912,0.1147,-0.9589,0.3401,-22.33,36.05,6.79
2.9918,0.1142,-0.9618,0.3406,-22.40,36.05,5.67
2.9924,0.1157,-0.9584,0.3392,-22.54,35.70,6.72
2.9930,0.1191,-0.9540,0.3406,-22.26,36.12,5.88
2.9936,0.1205,-0.9560,0.3372,-22.75,35.56,6.51
2.9942,0.1176,-0.9560,0.3362,-22.19,36.19,5.88
2.9948,0.1171,-0.9565,0.3377,-22.68,35.91,6.72
2.9954,0.1166,-0.9579,0.3357,-22.19,36.19,6.30
2.9960,0.1152,-0.9599,0.3357,-22.68,35.49,6.44
2.9966,0.1171,-0.9584,0.3382,-22.26,35.63,5.95
2.9972,0.1166,-0.9579,0.3377,-22.40,35.70,6.86
2.9978,0.1166,-0.9609,0.3372,-22.40,35.84,6.23
2.9984,0.1186,-0.9589,0.3372,-22.54,35.49,6.58
2.9990,0.1200,-0.9589,0.3348,-22.26,35.42,6.86
2.9996,0.1205,-0.9599,0.3348,-22.47,35.84,6.44
3.0002,0.1205,-0.9579,0.3367,-22.40,35.77,6.93
3.0007,0.1196,-0.9589,0.3377,-22.40,35.63,6.02
3.0013,0.1186,-0.9584,0.3372,-22.47,35.77,7.14
3.0019,0.1181,-0.9589,0.3392,-22.19,35.49,6.37
3.0025,0.1161,-0.9628,0.3416,-22.33,35.21,7.21
3.0031,0.1132,-0.9599,0.3421,-22.33,35.70,6.09
3.0037,0.1166,-0.9565,0.3401,-22.40,35.14,7.07
3.0042,0.1186,-0.9589,0.3396,-22.68,35.70,6.30
3.0048,0.1191,-0.9560,0.3406,-21.77,35.21,7.21
3.0053,0.1191,-0.9545,0.3382,-22.82,35.91,6.58
3.0059,0.1166,-0.9584,0.3348,-21.91,35.35,7.42
3.0064,0.1147,-0.9560,0.3353,-22.33,36.47,6.86
3.0070,0.1113,-0.9540,0.3328,-22.05,35.14,7.21
3.0075,0.1142,-0.9540,0.3318,-22.26,35.84,6.79
3.0081,0.1161,-0.9526,0.3362,-22.05,35.07,6.72
3.0086,0.1137,-0.9540,0.3372,-22.19,36.19,7.63
3.0092,0.1132,-0.9540,0.3348,-22.12,35.00,6.72
3.0097,0.1093,-0.9516,0.3333,-21.98,35.98,7.49
3.0103,0.1078,-0.9506,0.3362,-22.40,35.49,7.07
3.0109,0.1088,-0.9511,0.3377,-21.77,35.77,7.84
3.0114,0.1074,-0.9501,0.3343,-22.40,35.77,7.42
3.0120,0.1059,-0.9511,0.3333,-21.28,35.91,7.63
3.0125,0.1035,-0.9540,0.3318,-22.40,36.33,7.84
3.0131,0.1000,-0.9531,0.3284,-21.35,35.70,8.40
3.0136,0.0981,-0.9540,0.3274,-22.26,36.40,7.49
3.0142,0.0991,-0.9550,0.3274,-21.21,35.98,8.82
3.0148,0.1000,-0.9550,0.3279,-22.05,36.54,7.77
3.0153,0.0991,-0.9550,0.3294,-21.42,35.84,9.10
3.0159,0.0966,-0.9555,0.3289,-21.84,36.68,7.77
3.0165,0.0952,-0.9570,0.3284,-21.49,36.47,9.52
3.0171,0.0917,-0.9565,0.3289,-21.49,36.82,8.12
3.0176,0.0942,-0.9550,0.3265,-21.42,36.47,9.66
3.0182,0.0966,-0.9550,0.3240,-21.56,36.75,8.68
3.0188,0.0937,-0.9560,0.3231,-21.00,36.82,10.36
3.0194,0.0917,-0.9575,0.3231,-21.14,37.03,8.89
3.0199,0.0893,-0.9560,0.3245,-21.14,37.45,10.36
3.0205,0.0883,-0.9555,0.3250,-21.14,37.24,9.52
3.0211,0.0874,-0.9540,0.3221,-21.35,37.31,10.08
3.0217,0.0883,-0.9506,0.3226,-21.14,37.31,10.29
3.0222,0.0888,-0.9516,0.3279,-21.00,37.38,9.94
3.0228,0.0869,-0.9531,0.3279,-21.00,37.59,10.71
3.0234,0.0849,-0.9531,0.3284,-21.14,38.01,10.29
3.0240,0.0893,-0.9516,0.3270,-20.65,37.80,11.20
3.0246,0.0908,-0.9501,0.3250,-21.00,38.01,10.36
3.0251,0.0849,-0.9496,0.3250,-20.86,38.08,11.69
3.0258,0.0805,-0.9506,0.3240,-21.00,38.36,10.57
3.0264,0.0810,-0.9526,0.3216,-20.37,38.36,11.97
3.0271,0.0839,-0.9501,0.3221,-20.93,38.50,10.85
3.0277,0.0815,-0.9487,0.3265,-20.23,38.85,12.25
3.0283,0.0791,-0.9501,0.3255,-21.00,38.85,11.20
3.0290,0.0800,-0.9482,0.3245,-20.16,39.27,12.67
3.0296,0.0815,-0.9516,0.3260,-20.86,39.55,11.83
3.0303,0.0800,-0.9506,0.3255,-21.00,39.13,12.04
3.0309,0.0786,-0.9472,0.3260,-20.09,39.55,12.67
3.0316,0.0805,-0.9482,0.3240,-20.44,40.25,13.02
3.0322,0.0810,-0.9496,0.3196,-20.23,39.76,12.67
3.0328,0.0800,-0.9492,0.3211,-20.09,40.18,13.02
3.0335,0.0810,-0.9496,0.3245,-20.16,40.11,13.09
3.0341,0.0786,-0.9457,0.3240,-20.09,40.67,13.72
3.0348,0.0747,-0.9433,0.3245,-20.16,40.46,13.16
3.0354,0.0771,-0.9467,0.3250,-19.95,40.67,13.93
3.0361,0.0776,-0.9462,0.3196,-20.02,40.88,13.44
3.0367,0.0766,-0.9448,0.3206,-19.74,40.67,14.14
3.0373,0.0810,-0.9453,0.3270,-20.30,41.09,13.93
3.0380,0.0864,-0.9443,0.3274,-19.74,41.23,14.00
3.0386,0.0854,-0.9457,0.3284,-20.37,41.44,14.00
3.0391,0.0795,-0.9462,0.3289,-19.88,41.37,14.42
3.0397,0.0771,-0.9467,0.3250,-20.16,41.86,14.35
3.0403,0.0805,-0.9448,0.3265,-19.74,41.44,14.21
3.0409,0.0815,-0.9438,0.3274,-20.02,42.14,14.70
3.0414,0.0825,-0.9467,0.3216,-19.81,41.51,14.35
3.0420,0.0825,-0.9477,0.3221,-19.60,41.93,14.63
3.0426,0.0834,-0.9462,0.3255,-19.81,41.93,14.77
3.0431,0.0825,-0.9448,0.3284,-19.95,42.98,15.19
3.0437,0.0849,-0.9482,0.3265,-19.60,42.63,14.84
3.0443,0.0820,-0.9487,0.3216,-20.09,42.91,15.47
3.0449,0.0805,-0.9477,0.3211,-19.74,42.70,15.05
3.0454,0.0839,-0.9496,0.3255,-19.81,43.26,15.40
3.0460,0.0859,-0.9516,0.3299,-19.81,42.98,15.05
3.0466,0.0849,-0.9516,0.3294,-19.88,43.26,15.96
3.0472,0.0815,-0.9516,0.3265,-19.67,43.26,14.98
3.0477,0.0781,-0.9496,0.3279,-20.02,43.75,15.82
3.0483,0.0761,-0.9501,0.3294,-19.67,43.61,15.33
3.0489,0.0786,-0.9545,0.3284,-20.16,43.54,15.75
3.0494,0.0800,-0.9555,0.3309,-20.02,44.03,15.61
3.0499,0.0786,-0.9545,0.3314,-19.88,43.75,15.82
3.0504,0.0791,-0.9545,0.3265,-20.23,43.89,15.75
3.0509,0.0810,-0.9545,0.3265,-19.81,44.45,16.38
3.0514,0.0820,-0.9531,0.3289,-20.65,44.10,15.61
3.0519,0.0805,-0.9521,0.3260,-19.60,44.87,16.17
3.0524,0.0805,-0.9555,0.3231,-20.86,44.38,15.96
3.0529,0.0844,-0.9599,0.3226,-19.81,44.73,15.89
3.0534,0.0859,-0.9604,0.3245,-20.65,44.66,15.89
3.0539,0.0854,-0.9614,0.3260,-20.51,44.94,16.24
3.0544,0.0844,-0.9638,0.3182,-20.65,45.01,15.89
3.0549,0.0820,-0.9653,0.3167,-20.37,45.08,15.75
3.0554,0.0844,-0.9677,0.3201,-20.44,45.08,16.03
3.0559,0.0864,-0.9721,0.3226,-21.00,45.64,15.68
3.0564,0.0869,-0.9721,0.3226,-20.65,45.29,15.82
3.0568,0.0917,-0.9706,0.3187,-21.07,45.15,15.26
3.0573,0.0932,-0.9760,0.3192,-21.07,45.15,15.68
3.0578,0.0927,-0.9784,0.3201,-21.42,45.71,15.82
3.0583,0.0942,-0.9775,0.3162,-20.86,45.22,15.40
3.0588,0.0961,-0.9775,0.3118,-21.77,45.85,15.12
3.0593,0.0981,-0.9799,0.3099,-21.42,45.64,15.33
3.0606,0.0986,-0.9809,0.3094,-21.98,45.57,14.91
3.0619,0.0976,-0.9799,0.3104,-21.70,45.78,14.84
3.0633,0.1000,-0.9828,0.3128,-22.19,46.06,14.77
3.0646,0.1010,-0.9828,0.3123,-21.98,46.13,14.98
3.0659,0.1000,-0.9775,0.3094,-22.61,45.99,14.00
3.0672,0.1020,-0.9789,0.3065,-22.26,46.34,14.84
3.0685,0.1015,-0.9814,0.3055,-22.68,46.27,13.86
3.0698,0.1030,-0.9804,0.3050,-22.68,46.55,14.70
3.0711,0.1064,-0.9809,0.3030,-23.03,46.48,13.58
3.0724,0.1059,-0.9775,0.3021,-22.82,46.90,14.56
3.0738,0.1078,-0.9750,0.3016,-22.96,45.99,13.02
3.0751,0.1069,-0.9765,0.2987,-23.38,46.90,14.28
3.0764,0.1035,-0.9755,0.2972,-23.52,46.06,12.67
3.0777,0.1044,-0.9745,0.2967,-23.59,46.97,13.93
3.0790,0.1069,-0.9770,0.2948,-24.15,46.55,12.67
3.0803,0.1083,-0.9750,0.2908,-23.80,46.90,13.44
3.0816,0.1074,-0.9706,0.2918,-24.22,46.55,12.53
3.0829,0.1103,-0.9711,0.2933,-23.94,47.39,13.23
3.0843,0.1108,-0.9711,0.2943,-24.36,46.83,12.60
3.0856,0.1074,-0.9672,0.2948,-24.22,47.11,12.88
3.0859,0.1083,-0.9716,0.2913,-24.50,47.25,12.60
3.0862,0.1069,-0.9658,0.2904,-24.57,46.69,11.69
3.0865,0.1103,-0.9736,0.2884,-24.92,46.83,11.55
3.0869,0.1098,-0.9726,0.2908,-24.57,48.09,12.95
3.0872,0.1054,-0.9706,0.2923,-25.62,46.90,11.06
3.0875,0.1069,-0.9731,0.2860,-24.99,48.16,12.67
3.0878,0.1083,-0.9716,0.2791,-25.27,47.04,11.20
3.0882,0.1074,-0.9692,0.2806,-24.99,48.09,12.53
3.0885,0.1093,-0.9692,0.2826,-25.62,47.11,11.34
3.0888,0.1098,-0.9711,0.2826,-25.62,48.23,12.04
3.0891,0.1118,-0.9701,0.2816,-26.04,47.46,11.20
3.0894,0.1132,-0.9721,0.2830,-25.62,48.58,12.39
3.0898,0.1171,-0.9736,0.2845,-26.25,47.88,11.34
3.0901,0.1181,-0.9706,0.2821,-25.55,48.44,11.69
3.0904,0.1171,-0.9701,0.2835,-26.18,48.02,11.90
3.0907,0.1205,-0.9697,0.2830,-26.18,48.58,11.55
3.0911,0.1205,-0.9711,0.2826,-26.11,48.37,11.90
3.0914,0.1210,-0.9692,0.2811,-26.18,48.58,11.48
3.0917,0.1215,-0.9653,0.2782,-26.39,48.86,12.18
3.0920,0.1220,-0.9687,0.2777,-26.60,48.79,11.27
3.0926,0.1269,-0.9726,0.2704,-26.39,48.58,12.39
3.0933,0.1342,-0.9731,0.2694,-25.90,49.14,12.88
3.0939,0.1357,-0.9775,0.2679,-27.37,48.86,11.20
3.0945,0.1337,-0.9760,0.2664,-26.04,49.49,13.09
3.0951,0.1293,-0.9770,0.2674,-27.44,49.21,11.55
3.0957,0.1298,-0.9770,0.2660,-26.25,49.42,13.44
3.0964,0.1308,-0.9750,0.2640,-27.37,49.07,12.18
3.0970,0.1293,-0.9716,0.2616,-26.32,49.91,14.14
3.0976,0.1313,-0.9677,0.2616,-26.95,49.77,12.67
3.0982,0.1352,-0.9672,0.2616,-26.46,49.77,13.86
3.0988,0.1347,-0.9658,0.2616,-27.09,50.33,13.37
3.0995,0.1352,-0.9662,0.2596,-26.81,49.84,14.21
3.1001,0.1381,-0.9672,0.2547,-27.02,50.40,14.00
3.1007,0.1371,-0.9662,0.2523,-27.09,49.98,14.00
3.1013,0.1391,-0.9653,0.2538,-26.74,50.89,15.05
3.1019,0.1430,-0.9614,0.2528,-26.95,50.12,14.49
3.1026,0.1454,-0.9584,0.2508,-26.81,50.82,15.68
3.1032,0.1484,-0.9618,0.2474,-27.02,50.40,14.28
3.1038,0.1474,-0.9618,0.2455,-26.67,50.89,16.38
3.1044,0.1459,-0.9589,0.2489,-27.23,50.54,14.28
3.1050,0.1484,-0.9570,0.2489,-26.53,51.17,17.01
3.1056,0.1464,-0.9540,0.2464,-27.44,50.75,14.42
3.1061,0.1444,-0.9526,0.2494,-26.11,51.24,17.71
3.1067,0.1449,-0.9570,0.2484,-27.37,51.03,15.05
3.1073,0.1449,-0.9589,0.2474,-26.32,51.38,17.71
3.1078,0.1474,-0.9545,0.2469,-27.23,51.59,15.61
3.1084,0.1488,-0.9506,0.2440,-26.53,51.38,17.64
3.1090,0.1464,-0.9545,0.2420,-26.95,52.08,16.45
3.1095,0.1410,-0.9536,0.2401,-26.32,51.24,17.71
3.1101,0.1415,-0.9487,0.2386,-27.02,52.64,17.36
3.1107,0.1459,-0.9492,0.2386,-26.25,51.73,17.43
3.1112,0.1444,-0.9477,0.2396,-26.60,52.78,18.06
3.1118,0.1415,-0.9482,0.2357,-26.60,52.08,17.50
3.1124,0.1391,-0.9433,0.2323,-26.39,52.92,18.90
3.1129,0.1371,-0.9418,0.2357,-26.32,52.22,17.15
3.1135,0.1366,-0.9438,0.2372,-25.97,53.27,19.67
3.1141,0.1357,-0.9399,0.2308,-26.74,52.43,17.36
3.1146,0.1366,-0.9404,0.2308,-25.69,53.62,20.09
3.1152,0.1391,-0.9409,0.2338,-26.32,52.64,17.36
3.1158,0.1401,-0.9418,0.2279,-25.83,53.69,20.23
3.1164,0.1347,-0.9404,0.2279,-24.99,53.76,20.51
3.1170,0.1342,-0.9384,0.2279,-26.53,53.48,17.92
3.1176,0.1313,-0.9360,0.2250,-25.41,54.39,20.37
3.1183,0.1322,-0.9350,0.2303,-26.39,53.76,18.20
3.1189,0.1327,-0.9335,0.2303,-25.20,54.25,20.23
3.1195,0.1279,-0.9316,0.2255,-26.25,54.53,19.04
3.1202,0.1249,-0.9331,0.2245,-25.34,54.60,20.16
3.1208,0.1259,-0.9360,0.2216,-25.90,55.02,19.25
3.1214,0.1298,-0.9345,0.2201,-25.27,54.46,19.74
3.1221,0.1293,-0.9345,0.2176,-25.48,55.44,19.95
3.1227,0.1264,-0.9355,0.2147,-25.34,54.74,19.25
3.1233,0.1259,-0.9365,0.2157,-25.13,55.65,20.30
3.1239,0.1288,-0.9355,0.2137,-25.76,55.30,19.11
3.1246,0.1322,-0.9335,0.2137,-24.85,56.14,20.58
3.1252,0.1308,-0.9311,0.2137,-25.55,55.23,18.34
3.1258,0.1293,-0.9306,0.2157,-24.64,56.77,20.72
3.1265,0.1322,-0.9287,0.2157,-25.55,55.72,18.06
3.1271,0.1362,-0.9272,0.2191,-24.22,56.63,20.79
3.1277,0.1357,-0.9321,0.2128,-25.76,56.56,18.13
3.1284,0.1357,-0.9331,0.2059,-24.36,56.70,20.58
3.1289,0.1366,-0.9301,0.2089,-25.34,56.63,17.92
3.1294,0.1376,-0.9311,0.2089,-24.57,57.05,19.81
3.1300,0.1386,-0.9306,0.2059,-25.13,57.33,18.06
3.1305,0.1376,-0.9292,0.2035,-24.78,57.05,19.32
3.1310,0.1396,-0.9277,0.2015,-25.20,57.68,18.06
3.1315,0.1381,-0.9292,0.2011,-24.50,57.26,18.41
3.1321,0.1376,-0.9301,0.2015,-25.06,58.24,17.99
3.1326,0.1376,-0.9292,0.1996,-24.64,57.33,18.13
3.1331,0.1352,-0.9287,0.1991,-24.85,58.59,17.92
3.1337,0.1347,-0.9296,0.2015,-24.78,57.96,17.43
3.1342,0.1347,-0.9321,0.2050,-24.85,58.73,17.57
3.1347,0.1366,-0.9321,0.2020,-24.85,58.31,16.38
3.1353,0.1371,-0.9267,0.1947,-24.78,58.94,17.50
3.1358,0.1322,-0.9272,0.1957,-24.71,58.73,15.75
3.1363,0.1288,-0.9267,0.1981,-24.57,58.94,17.29
3.1369,0.1293,-0.9238,0.1942,-25.13,58.52,15.05
3.1374,0.1298,-0.9257,0.1913,-24.71,59.22,16.66
3.1379,0.1283,-0.9243,0.1898,-24.64,59.78,15.19
3.1385,0.1249,-0.9209,0.1898,-24.71,59.43,16.10
3.1390,0.1230,-0.9184,0.1913,-24.92,60.62,15.26
3.1396,0.1220,-0.9204,0.1928,-24.36,59.50,15.54
3.1402,0.1205,-0.9223,0.1942,-24.71,60.34,15.12
3.1407,0.1225,-0.9204,0.1869,-24.50,60.34,15.26
3.1413,0.1254,-0.9189,0.1825,-24.78,60.83,14.84
3.1419,0.1225,-0.9170,0.1850,-24.50,60.83,14.42
3.1425,0.1210,-0.9165,0.1835,-24.36,61.11,14.77
3.1431,0.1220,-0.9174,0.1810,-24.85,61.39,14.21
3.1437,0.1196,-0.9160,0.1815,-24.36,61.11,14.42
3.1443,0.1166,-0.9155,0.1835,-24.64,61.74,13.72
3.1449,0.1191,-0.9165,0.1840,-24.43,61.74,14.56
3.1455,0.1210,-0.9126,0.1845,-24.71,62.16,13.16
3.1460,0.1191,-0.9111,0.1830,-24.29,61.81,14.21
3.1466,0.1210,-0.9135,0.1786,-24.71,62.30,13.09
3.1472,0.1240,-0.9165,0.1786,-24.29,62.44,13.86
3.1478,0.1244,-0.9155,0.1757,-24.36,62.30,13.51
3.1484,0.1244,-0.9160,0.1757,-24.57,63.21,12.25
3.1490,0.1269,-0.9130,0.1791,-24.22,63.49,12.25
3.1496,0.1293,-0.9130,0.1806,-24.43,63.28,13.09
3.1502,0.1298,-0.9179,0.1791,-24.22,63.84,12.11
3.1507,0.1279,-0.9189,0.1786,-24.08,63.77,12.60
3.1513,0.1283,-0.9184,0.1757,-24.29,64.33,12.04
3.1519,0.1308,-0.9189,0.1732,-24.22,63.77,12.25
3.1525,0.1332,-0.9184,0.1703,-24.22,64.96,12.11
3.1531,0.1347,-0.9170,0.1703,-24.36,64.40,11.76
3.1536,0.1337,-0.9165,0.1742,-24.08,64.96,11.97
3.1542,0.1303,-0.9189,0.1752,-24.15,64.82,11.34
3.1548,0.1308,-0.9228,0.1732,-24.29,65.10,11.90
3.1554,0.1352,-0.9233,0.1728,-24.36,65.45,10.85
3.1560,0.1371,-0.9248,0.1723,-24.43,65.52,11.90
3.1565,0.1357,-0.9248,0.1718,-24.57,65.31,10.57
3.1571,0.1357,-0.9248,0.1703,-24.08,65.66,11.34
3.1577,0.1381,-0.9257,0.1693,-25.06,66.15,10.57
3.1583,0.1435,-0.9252,0.1713,-23.80,66.08,11.69
3.1589,0.1440,-0.9277,0.1693,-25.13,66.50,10.36
3.1594,0.1381,-0.9296,0.1679,-24.08,66.22,11.27
3.1600,0.1362,-0.9306,0.1708,-25.13,66.57,10.36
3.1606,0.1362,-0.9306,0.1693,-24.01,66.64,11.20
3.1612,0.1405,-0.9277,0.1679,-25.06,66.71,9.94
3.1618,0.1401,-0.9262,0.1693,-24.29,67.06,11.13
3.1623,0.1371,-0.9272,0.1669,-25.06,67.06,10.01
3.1637,0.1396,-0.9277,0.1645,-24.57,67.06,10.64
3.1651,0.1396,-0.9272,0.1684,-24.99,67.55,10.15
3.1664,0.1337,-0.9292,0.1718,-24.57,67.62,10.64
3.1678,0.1347,-0.9277,0.1703,-24.99,67.69,10.08
3.1692,0.1371,-0.9252,0.1684,-24.99,67.90,10.29
3.1705,0.1327,-0.9296,0.1679,-24.85,67.97,10.15
3.1719,0.1303,-0.9350,0.1649,-25.41,68.46,10.01
3.1733,0.1332,-0.9331,0.1684,-24.92,68.25,10.57
3.1746,0.1298,-0.9326,0.1737,-25.48,68.67,9.59
3.1760,0.1279,-0.9331,0.1728,-24.85,68.74,10.43
3.1774,0.1318,-0.9326,0.1723,-25.76,69.02,9.66
3.1787,0.1308,-0.9321,0.1693,-24.99,68.74,10.15
3.1801,0.1279,-0.9335,0.1674,-25.90,69.23,9.10
3.1815,0.1249,-0.9355,0.1635,-25.06,69.23,10.50
3.1828,0.1205,-0.9345,0.1635,-25.76,69.30,8.89
3.1842,0.1200,-0.9370,0.1674,-25.76,69.65,9.87
3.1856,0.1200,-0.9418,0.1693,-25.90,69.72,8.89
3.1869,0.1181,-0.9423,0.1737,-25.69,69.86,9.59
3.1883,0.1132,-0.9423,0.1728,-26.46,70.14,8.54
3.1897,0.1108,-0.9423,0.1688,-25.90,70.63,9.66
3.1897,0.1118,-0.9438,0.1688,-26.39,70.42,8.33
3.1898,0.1074,-0.9438,0.1664,-26.25,70.77,9.31
3.1898,0.1025,-0.9433,0.1693,-26.53,70.77,8.33
3.1898,0.1010,-0.9462,0.1684,-26.60,71.40,8.75
3.1899,0.0976,-0.9496,0.1649,-26.74,71.33,8.05
3.1899,0.0956,-0.9482,0.1630,-26.88,71.26,8.33
3.1900,0.0956,-0.9457,0.1625,-26.95,71.68,7.91
3.1900,0.0898,-0.9477,0.1679,-27.30,72.17,7.77
3.1901,0.0844,-0.9496,0.1625,-27.23,71.89,7.98
3.1901,0.0834,-0.9521,0.1606,-27.44,72.17,7.07
3.1901,0.0839,-0.9545,0.1635,-27.86,72.66,6.93
3.1902,0.0839,-0.9575,0.1615,-27.72,73.08,7.35
3.1902,0.0834,-0.9618,0.1562,-28.00,73.43,7.14
3.1903,0.0825,-0.9623,0.1518,-28.07,73.08,6.37
3.1903,0.0834,-0.9614,0.1537,-28.70,73.78,6.30
3.1904,0.0854,-0.9667,0.1532,-28.49,73.50,5.95
3.1904,0.0859,-0.9716,0.1493,-28.91,74.06,5.74
3.1905,0.0874,-0.9731,0.1503,-28.70,73.71,5.11
3.1905,0.0898,-0.9780,0.1532,-29.26,74.76,5.46
3.1905,0.0927,-0.9823,0.1527,-29.33,74.27,4.76
3.1908,0.0913,-0.9843,0.1493,-29.68,74.97,4.55
3.1911,0.0927,-0.9872,0.1454,-29.68,74.69,3.99
3.1913,0.0976,-0.9906,0.1440,-29.96,75.60,4.27
3.1916,0.0991,-0.9892,0.1440,-30.73,74.97,3.22
3.1919,0.1000,-0.9902,0.1454,-30.52,75.60,3.36
3.1921,0.1044,-0.9926,0.1454,-31.08,75.53,2.73
3.1924,0.1083,-0.9945,0.1435,-30.66,75.67,2.80
3.1926,0.1088,-0.9960,0.1425,-31.64,76.30,1.82
3.1929,0.1098,-0.9970,0.1435,-31.15,75.60,1.61
3.1932,0.1113,-1.0009,0.1435,-32.34,76.30,1.12
3.1934,0.1142,-1.0053,0.1430,-32.20,76.09,1.05
3.1937,0.1147,-1.0077,0.1430,-32.69,76.44,0.28
3.1939,0.1142,-1.0048,0.1425,-32.55,76.37,0.49
3.1942,0.1142,-1.0033,0.1391,-33.32,77.28,-0.35
3.1945,0.1161,-1.0053,0.1352,-32.76,76.44,-0.21
3.1947,0.1181,-1.0058,0.1347,-33.74,77.35,-0.98
3.1950,0.1210,-1.0072,0.1337,-33.67,77.00,-1.12
3.1953,0.1200,-1.0087,0.1342,-34.30,78.12,-1.40
3.1955,0.1181,-1.0087,0.1342,-34.09,77.21,-2.03
3.1958,0.1171,-1.0121,0.1352,-34.44,78.05,-2.24
3.1963,0.1132,-1.0160,0.1371,-34.86,77.28,-2.73
3.1968,0.1108,-1.0131,0.1401,-35.07,78.26,-2.52
3.1973,0.1108,-1.0082,0.1401,-35.91,78.12,-2.94
3.1978,0.1132,-1.0141,0.1381,-35.28,78.33,-3.01
3.1983,0.1103,-1.0146,0.1391,-36.12,78.68,-3.08
3.1989,0.1083,-1.0121,0.1391,-35.91,78.47,-3.50
3.1994,0.1088,-1.0111,0.1391,-36.75,79.03,-3.85
3.1999,0.1035,-1.0102,0.1396,-36.05,78.54,-4.13
3.2004,0.0986,-1.0106,0.1410,-36.96,79.03,-4.69
3.2009,0.0971,-1.0072,0.1444,-36.54,78.96,-3.64
3.2014,0.0991,-1.0082,0.1444,-37.24,79.45,-4.90
3.2019,0.1000,-1.0072,0.1410,-36.89,79.38,-4.06
3.2024,0.1015,-1.0043,0.1386,-37.59,80.08,-4.83
3.2030,0.1015,-1.0053,0.1401,-37.38,79.38,-4.34
3.2035,0.1005,-1.0053,0.1415,-38.01,80.08,-5.18
3.2040,0.1000,-1.0028,0.1381,-37.87,79.66,-4.48
3.2045,0.0996,-1.0058,0.1405,-38.22,80.29,-5.18
3.2050,0.0996,-1.0077,0.1425,-38.22,80.15,-4.62
3.2055,0.0966,-1.0048,0.1474,-38.50,81.13,-4.90
3.2060,0.0991,-1.0048,0.1508,-38.71,80.29,-5.04
3.2066,0.1044,-1.0038,0.1488,-38.64,81.48,-4.83
3.2072,0.1020,-1.0009,0.1474,-38.92,80.57,-5.18
3.2078,0.1010,-1.0053,0.1454,-38.99,81.76,-4.48
3.2083,0.1054,-1.0053,0.1493,-39.41,81.20,-5.25
3.2089,0.1059,-0.9975,0.1537,-39.13,81.76,-4.06
3.2095,0.1083,-0.9931,0.1542,-39.34,81.34,-5.46
3.2100,0.1088,-0.9931,0.1547,-39.20,82.25,-4.13
3.2106,0.1074,-0.9965,0.1542,-39.48,82.11,-5.18
3.2112,0.1074,-0.9945,0.1513,-39.69,82.46,-3.78
3.2117,0.1064,-0.9950,0.1537,-39.76,82.46,-5.11
3.2123,0.1098,-0.9950,0.1547,-39.55,82.32,-3.64
3.2129,0.1098,-0.9916,0.1552,-39.90,82.53,-4.62
3.2135,0.1044,-0.9916,0.1610,-39.83,82.11,-4.20
3.2140,0.1044,-0.9936,0.1630,-40.18,82.67,-4.27
3.2146,0.1035,-0.9960,0.1591,-39.97,82.74,-4.06
3.2152,0.1035,-0.9950,0.1576,-40.18,83.02,-4.41
3.2157,0.1049,-0.9931,0.1610,-40.11,83.02,-4.13
3.2163,0.1059,-0.9936,0.1645,-40.25,83.02,-3.64
3.2169,0.1069,-0.9960,0.1649,-40.25,83.37,-3.99
3.2175,0.1044,-0.9970,0.1664,-40.32,83.37,-3.29
3.2181,0.1044,-0.9945,0.1688,-40.88,83.72,-3.85
3.2187,0.1000,-0.9911,0.1728,-40.32,83.30,-3.29
3.2193,0.0952,-0.9916,0.1752,-40.74,83.93,-3.71
3.2198,0.0947,-0.9916,0.1703,-40.46,83.58,-3.29
3.2204,0.0961,-0.9897,0.1708,-40.81,84.21,-3.43
3.2210,0.0986,-0.9911,0.1723,-40.53,83.86,-2.80
3.2216,0.0922,-0.9877,0.1728,-40.67,84.56,-2.31
3.2222,0.0917,-0.9906,0.1796,-40.81,84.56,-3.22
3.2228,0.0859,-0.9916,0.1825,-40.53,84.28,-1.89
3.2234,0.0869,-0.9887,0.1786,-40.88,84.21,-3.36
3.2240,0.0898,-0.9906,0.1767,-40.88,84.63,-1.89
3.2246,0.0903,-0.9911,0.1815,-40.95,84.84,-2.73
3.2252,0.0883,-0.9887,0.1854,-41.09,84.42,-2.17
3.2258,0.0839,-0.9877,0.1869,-40.88,84.91,-2.24
3.2264,0.0820,-0.9882,0.1884,-40.81,84.35,-2.24
3.2270,0.0810,-0.9843,0.1893,-40.81,85.05,-1.75
3.2276,0.0810,-0.9838,0.1889,-40.74,84.56,-2.45
3.2282,0.0810,-0.9858,0.1864,-41.09,85.19,-1.75
3.2288,0.0795,-0.9867,0.1850,-40.74,85.12,-2.24
3.2294,0.0786,-0.9892,0.1840,-41.30,85.26,-1.54
3.2306,0.0752,-0.9877,0.1889,-40.81,84.84,-2.45
3.2317,0.0693,-0.9862,0.1918,-41.23,85.12,-1.54
3.2328,0.0669,-0.9872,0.1908,-40.74,85.61,-2.45
3.2340,0.0649,-0.9877,0.1898,-40.88,84.77,-1.96
3.2351,0.0615,-0.9892,0.1908,-41.30,85.61,-2.38
3.2363,0.0610,-0.9926,0.2001,-41.02,84.98,-2.31
3.2374,0.0478,-0.9887,0.1972,-40.95,84.63,-3.01
3.2385,0.0464,-0.9941,0.2020,-41.23,86.66,-1.89
3.2397,0.0434,-0.9926,0.2020,-41.30,85.61,-2.94
3.2408,0.0381,-0.9892,0.1996,-41.37,86.38,-2.45
3.2419,0.0332,-0.9921,0.2015,-41.51,85.54,-3.08
3.2431,0.0288,-0.9926,0.2011,-41.23,86.31,-3.15
3.2442,0.0254,-0.9872,0.2035,-41.58,85.96,-3.43
3.2454,0.0264,-0.9877,0.2040,-41.44,86.31,-3.29
3.2465,0.0244,-0.9897,0.1991,-41.72,86.31,-3.78
3.2476,0.0190,-0.9897,0.1957,-41.30,86.52,-3.36
3.2488,0.0171,-0.9877,0.1952,-41.72,86.59,-4.55
3.2499,0.0137,-0.9897,0.2011,-41.44,86.38,-3.85
3.2511,0.0122,-0.9955,0.2015,-41.93,86.66,-4.90
3.2522,0.0146,-0.9975,0.1981,-41.37,86.31,-4.69
3.2523,0.0127,-0.9965,0.1996,-42.21,87.36,-5.04
3.2524,0.0063,-0.9936,0.1976,-41.86,86.52,-5.32
3.2524,0.0020,-0.9970,0.1972,-41.65,87.15,-5.39
3.2525,0.0015,-1.0004,0.1957,-42.00,86.52,-6.37
3.2526,0.0000,-0.9984,0.1967,-41.93,87.43,-5.60
3.2527,-0.0015,-0.9994,0.1996,-42.21,87.22,-6.86
3.2528,-0.0010,-1.0033,0.1996,-42.28,87.43,-6.44
3.2529,-0.0039,-1.0043,0.1991,-42.49,86.87,-7.70
3.2529,-0.0083,-1.0024,0.1962,-41.93,87.57,-7.14
3.2530,-0.0102,-1.0067,0.2006,-42.49,87.36,-8.19
3.2531,-0.0117,-1.0102,0.2035,-42.00,87.85,-7.70
3.2532,-0.0171,-1.0087,0.1991,-42.63,87.71,-8.75
3.2533,-0.0200,-1.0111,0.1962,-42.14,87.71,-8.75
3.2534,-0.0234,-1.0126,0.1976,-42.77,87.99,-9.31
3.2534,-0.0264,-1.0136,0.1996,-42.56,87.50,-10.22
3.2535,-0.0278,-1.0150,0.1981,-43.05,88.27,-9.80
3.2536,-0.0307,-1.0175,0.1976,-42.49,87.85,-10.99
3.2537,-0.0322,-1.0180,0.1981,-43.12,88.48,-10.64
3.2538,-0.0386,-1.0136,0.1991,-42.84,87.64,-12.04
3.2539,-0.0376,-1.0146,0.1996,-43.05,88.62,-11.34
3.2558,-0.0390,-1.0204,0.2011,-43.33,87.92,-12.88
3.2577,-0.0439,-1.0209,0.2006,-42.91,88.48,-12.25
3.2596,-0.0459,-1.0268,0.1996,-43.19,88.34,-13.51
3.2616,-0.0483,-1.0292,0.2006,-44.03,89.04,-14.14
3.2635,-0.0464,-1.0287,0.2001,-43.05,88.62,-14.07
3.2654,-0.0478,-1.0302,0.1972,-43.96,88.83,-15.33
3.2673,-0.0508,-1.0331,0.2011,-43.19,88.69,-14.70
3.2693,-0.0503,-1.0326,0.2035,-44.17,88.83,-16.03
3.2712,-0.0464,-1.0336,0.2020,-43.75,88.34,-15.75
3.2731,-0.0478,-1.0414,0.2001,-44.03,88.90,-16.66
3.2751,-0.0464,-1.0468,0.1976,-43.96,88.48,-16.66
3.2770,-0.0429,-1.0507,0.1952,-44.03,89.32,-17.01
3.2789,-0.0439,-1.0507,0.1962,-44.31,88.83,-17.43
3.2808,-0.0425,-1.0492,0.1972,-44.10,89.32,-17.50
3.2828,-0.0429,-1.0536,0.1947,-44.59,88.76,-17.85
3.2847,-0.0405,-1.0560,0.1937,-44.03,89.39,-18.27
3.2866,-0.0376,-1.0565,0.1918,-44.87,88.62,-18.55
3.2885,-0.0381,-1.0575,0.1879,-44.38,89.25,-18.13
3.2905,-0.0366,-1.0594,0.1903,-44.73,88.83,-19.32
3.2924,-0.0371,-1.0624,0.1889,-44.03,88.62,-19.04
3.2924,-0.0405,-1.0653,0.1864,-44.66,88.62,-19.32
3.2925,-0.0425,-1.0663,0.1879,-44.73,88.97,-20.30
3.2925,-0.0425,-1.0692,0.1884,-44.80,88.76,-19.39
3.2926,-0.0405,-1.0712,0.1854,-45.22,89.11,-20.44
3.2926,-0.0376,-1.0682,0.1840,-44.87,88.55,-20.02
3.2927,-0.0405,-1.0687,0.1840,-44.87,89.18,-20.44
3.2927,-0.0405,-1.0736,0.1859,-45.08,88.34,-20.09
3.2928,-0.0390,-1.0765,0.1835,-45.15,89.04,-20.86
3.2928,-0.0366,-1.0741,0.1806,-45.22,88.55,-20.37
3.2929,-0.0386,-1.0682,0.1806,-45.22,88.41,-20.72
3.2929,-0.0425,-1.0663,0.1806,-45.29,88.62,-20.65
3.2929,-0.0439,-1.0692,0.1776,-45.15,88.62,-21.00
3.2930,-0.0429,-1.0736,0.1767,-45.08,88.27,-20.79
3.2930,-0.0420,-1.0731,0.1747,-45.15,88.55,-20.86
3.2931,-0.0415,-1.0741,0.1698,-45.36,88.27,-20.79
3.2931,-0.0390,-1.0751,0.1703,-45.15,87.92,-20.86
3.2932,-0.0390,-1.0721,0.1713,-45.22,88.55,-21.00
3.2932,-0.0381,-1.0726,0.1684,-45.22,87.64,-21.21
3.2933,-0.0400,-1.0712,0.1684,-45.36,88.20,-21.07
3.2933,-0.0371,-1.0702,0.1664,-45.29,87.64,-20.93
3.2935,-0.0346,-1.0692,0.1620,-45.43,87.85,-21.28
3.2936,-0.0322,-1.0692,0.1606,-45.36,87.92,-21.28
3.2937,-0.0278,-1.0643,0.1610,-44.80,87.22,-21.56
3.2939,-0.0239,-1.0614,0.1581,-45.15,87.57,-20.65
3.2940,-0.0244,-1.0619,0.1552,-44.73,86.94,-21.49
3.2942,-0.0273,-1.0624,0.1537,-44.80,87.36,-21.07
3.2943,-0.0234,-1.0604,0.1518,-44.73,86.59,-21.63
3.2945,-0.0181,-1.0614,0.1479,-44.80,86.73,-21.14
3.2946,-0.0166,-1.0599,0.1435,-44.45,85.82,-21.42
3.2947,-0.0156,-1.0580,0.1444,-44.94,86.31,-21.42
3.2949,-0.0142,-1.0585,0.1454,-44.17,85.96,-21.63
3.2950,-0.0122,-1.0560,0.1435,-44.31,85.75,-21.56
3.2952,-0.0083,-1.0570,0.1425,-44.31,85.75,-21.77
3.2953,-0.0063,-1.0590,0.1415,-43.96,85.26,-21.56
3.2955,-0.0039,-1.0560,0.1357,-44.24,85.54,-21.63
3.2956,0.0005,-1.0536,0.1327,-43.82,84.70,-22.40
3.2957,0.0063,-1.0551,0.1332,-44.10,84.84,-21.84
3.2959,0.0059,-1.0521,0.1337,-43.61,83.72,-22.47
3.2960,0.0063,-1.0531,0.1337,-43.68,84.21,-21.70
3.2962,0.0112,-1.0541,0.1274,-43.68,83.58,-22.54
3.2968,0.0112,-1.0502,0.1254,-43.47,84.21,-21.63
3.2974,0.0132,-1.0497,0.1259,-43.54,82.74,-22.89
3.2981,0.0142,-1.0477,0.1215,-42.98,83.37,-21.56
3.2987,0.0137,-1.0458,0.1186,-42.98,82.39,-23.03
3.2993,0.0146,-1.0443,0.1191,-42.63,82.60,-21.70
3.2999,0.0156,-1.0414,0.1186,-42.56,82.04,-22.89
3.3006,0.0176,-1.0399,0.1176,-42.07,81.83,-22.40
3.3012,0.0161,-1.0365,0.1186,-42.21,81.55,-22.68
3.3018,0.0151,-1.0355,0.1186,-41.72,80.85,-22.82
3.3025,0.0200,-1.0346,0.1127,-41.86,81.06,-22.68
3.3031,0.0200,-1.0311,0.1064,-41.44,79.73,-23.10
3.3037,0.0176,-1.0316,0.1083,-41.44,80.57,-22.54
3.3043,0.0215,-1.0321,0.1049,-41.09,79.17,-23.10
3.3050,0.0215,-1.0297,0.1000,-41.16,79.80,-22.75
3.3056,0.0181,-1.0258,0.1030,-40.60,78.54,-23.45
3.3062,0.0195,-1.0214,0.1035,-40.25,79.17,-22.82
3.3069,0.0220,-1.0204,0.1005,-40.32,78.19,-23.52
3.3075,0.0239,-1.0224,0.0986,-39.41,78.89,-22.61
3.3081,0.0244,-1.0199,0.0986,-40.32,77.35,-24.01
3.3087,0.0268,-1.0131,0.0952,-38.85,77.63,-22.89
3.3093,0.0244,-1.0092,0.0878,-39.76,76.51,-24.15
3.3098,0.0224,-1.0063,0.0869,-38.36,76.79,-23.38
3.3103,0.0264,-1.0014,0.0913,-39.27,76.16,-24.08
3.3108,0.0264,-0.9994,0.0932,-38.01,76.02,-23.66
3.3113,0.0249,-0.9960,0.0932,-38.57,75.53,-24.43
3.3118,0.0254,-0.9936,0.0917,-37.52,74.97,-23.80
3.3124,0.0264,-0.9941,0.0878,-37.66,74.55,-24.57
3.3129,0.0298,-0.9911,0.0830,-36.82,74.20,-24.01
3.3134,0.0332,-0.9882,0.0839,-37.24,74.27,-24.57
3.3139,0.0273,-0.9848,0.0810,-35.98,73.01,-24.50
3.3144,0.0215,-0.9809,0.0776,-36.54,73.64,-24.78
3.3149,0.0205,-0.9809,0.0786,-35.77,72.59,-24.50
3.3155,0.0210,-0.9780,0.0795,-35.56,72.59,-25.20
3.3160,0.0249,-0.9745,0.0815,-35.14,71.96,-24.92
3.3165,0.0283,-0.9750,0.0781,-34.72,71.61,-24.92
3.3170,0.0259,-0.9706,0.0756,-34.37,70.63,-25.62
3.3175,0.0254,-0.9648,0.0742,-33.67,71.05,-25.06
3.3180,0.0249,-0.9633,0.0742,-33.81,70.21,-26.04
3.3185,0.0234,-0.9604,0.0756,-33.04,70.28,-25.20
3.3191,0.0249,-0.9560,0.0771,-33.32,69.72,-26.25
3.3196,0.0249,-0.9545,0.0752,-32.34,68.74,-25.76
3.3202,0.0264,-0.9516,0.0732,-32.27,68.46,-26.88
3.3208,0.0278,-0.9472,0.0727,-31.43,68.04,-25.83
3.3214,0.0244,-0.9462,0.0683,-31.85,67.83,-27.23
3.3220,0.0220,-0.9453,0.0664,-30.87,67.69,-26.11
3.3226,0.0234,-0.9438,0.0727,-30.59,66.85,-27.65
3.3232,0.0278,-0.9394,0.0776,-29.96,66.64,-26.88
3.3238,0.0278,-0.9384,0.0776,-30.10,66.50,-27.51
3.3243,0.0239,-0.9384,0.0791,-29.05,65.52,-27.51
3.3249,0.0254,-0.9345,0.0786,-29.19,65.31,-27.86
3.3255,0.0264,-0.9316,0.0795,-28.63,64.82,-27.93
3.3261,0.0278,-0.9296,0.0839,-28.14,64.61,-28.28
3.3267,0.0288,-0.9301,0.0830,-27.58,63.70,-28.42
3.3273,0.0264,-0.9267,0.0844,-27.23,63.49,-28.77
3.3279,0.0239,-0.9228,0.0854,-26.67,62.72,-28.84
3.3284,0.0254,-0.9218,0.0874,-25.90,62.58,-29.33
3.3290,0.0288,-0.9199,0.0898,-25.76,61.88,-29.26
3.3296,0.0249,-0.9189,0.0893,-24.85,61.60,-29.61
3.3302,0.0190,-0.9160,0.0888,-25.13,61.32,-29.33
3.3308,0.0181,-0.9155,0.0888,-24.36,60.48,-30.80
3.3314,0.0200,-0.9160,0.0922,-24.22,60.34,-29.61
3.3320,0.0181,-0.9126,0.0952,-23.31,59.43,-31.15
3.3325,0.0195,-0.9101,0.0932,-23.24,59.85,-30.38
3.3331,0.0205,-0.9106,0.0937,-22.75,58.73,-31.71
3.3337,0.0205,-0.9121,0.0961,-22.26,59.01,-30.87
3.3343,0.0195,-0.9121,0.0991,-22.05,58.03,-32.06
3.3349,0.0127,-0.9106,0.1044,-21.14,58.31,-31.50
3.3355,0.0078,-0.9116,0.1059,-21.49,57.61,-32.62
3.3360,0.0049,-0.9111,0.1049,-20.37,57.33,-32.34
3.3366,0.0054,-0.9087,0.1078,-20.44,56.84,-32.97
3.3372,0.0039,-0.9091,0.1103,-19.81,56.63,-33.18
3.3378,0.0010,-0.9111,0.1157,-19.67,55.93,-33.18
3.3384,0.0020,-0.9106,0.1220,-19.11,55.30,-33.53
3.3389,0.0000,-0.9116,0.1230,-19.11,55.51,-34.02
3.3395,-0.0044,-0.9116,0.1230,-18.48,54.39,-34.30
3.3401,-0.0054,-0.9140,0.1254,-18.34,54.95,-34.58
3.3407,-0.0093,-0.9155,0.1240,-17.64,54.18,-34.86
3.3413,-0.0137,-0.9155,0.1235,-17.57,54.25,-34.86
3.3419,-0.0161,-0.9189,0.1283,-17.22,53.76,-35.77
3.3424,-0.0156,-0.9170,0.1298,-16.87,53.55,-35.42
3.3430,-0.0190,-0.9209,0.1337,-16.38,53.20,-35.70
3.3435,-0.0244,-0.9277,0.1401,-16.10,52.85,-36.26
3.3441,-0.0268,-0.9277,0.1415,-15.96,52.43,-36.54
3.3446,-0.0259,-0.9292,0.1410,-15.33,52.50,-36.75
3.3452,-0.0268,-0.9296,0.1405,-15.26,51.94,-36.96
3.3457,-0.0332,-0.9306,0.1410,-14.91,52.08,-37.45
3.3463,-0.0381,-0.9331,0.1440,-14.56,51.73,-37.03
3.3468,-0.0381,-0.9370,0.1484,-14.21,51.24,-38.01
3.3474,-0.0434,-0.9423,0.1464,-14.21,51.38,-37.59
3.3479,-0.0517,-0.9467,0.1449,-13.86,50.89,-38.08
3.3485,-0.0527,-0.9536,0.1459,-13.30,50.89,-38.01
3.3490,-0.0551,-0.9589,0.1488,-13.51,50.68,-38.71
3.3495,-0.0595,-0.9609,0.1523,-13.02,50.61,-38.36
3.3501,-0.0673,-0.9623,0.1488,-13.23,50.12,-38.71
3.3506,-0.0717,-0.9667,0.1537,-12.67,50.19,-39.06
3.3512,-0.0703,-0.9726,0.1586,-12.67,50.40,-38.43
3.3517,-0.0722,-0.9765,0.1581,-12.39,49.98,-39.48
3.3523,-0.0781,-0.9799,0.1630,-12.32,49.77,-38.78
3.3528,-0.0805,-0.9823,0.1630,-12.11,49.77,-39.34
3.3534,-0.0844,-0.9867,0.1630,-12.18,49.63,-39.27
3.3540,-0.0878,-0.9921,0.1635,-11.62,49.56,-39.34
3.3546,-0.0893,-0.9984,0.1625,-11.97,49.35,-39.06
3.3552,-0.0927,-1.0028,0.1630,-11.69,49.49,-39.06
3.3558,-0.1000,-1.0063,0.1664,-11.27,49.14,-39.41
3.3564,-0.1020,-1.0087,0.1659,-11.48,49.21,-38.78
3.3570,-0.1005,-1.0106,0.1635,-11.48,49.35,-39.34
3.3577,-0.1059,-1.0189,0.1625,-11.27,49.07,-38.78
3.3583,-0.1088,-1.0243,0.1620,-11.41,49.00,-39.34
3.3589,-0.1118,-1.0263,0.1630,-11.34,49.14,-38.36
3.3595,-0.1181,-1.0277,0.1645,-11.06,49.14,-39.55
3.3601,-0.1196,-1.0336,0.1654,-11.13,49.07,-38.57
3.3607,-0.1166,-1.0380,0.1679,-10.85,48.86,-38.99
3.3613,-0.1186,-1.0385,0.1664,-11.48,49.28,-38.50
3.3619,-0.1210,-1.0424,0.1674,-10.92,49.56,-38.85
3.3626,-0.1230,-1.0477,0.1713,-11.27,48.72,-38.36
3.3632,-0.1249,-1.0497,0.1684,-11.13,49.28,-38.71
3.3638,-0.1259,-1.0551,0.1688,-11.62,48.65,-38.15
3.3644,-0.1249,-1.0594,0.1698,-10.99,49.63,-38.29
3.3650,-0.1240,-1.0609,0.1679,-11.76,48.44,-38.29
3.3656,-0.1259,-1.0663,0.1698,-11.48,49.35,-38.15
3.3670,-0.1235,-1.0697,0.1674,-11.62,48.86,-38.01
3.3683,-0.1235,-1.0687,0.1669,-11.83,49.49,-37.45
3.3697,-0.1288,-1.0682,0.1732,-11.48,48.93,-37.73
3.3710,-0.1254,-1.0712,0.1718,-12.04,49.49,-37.59
3.3724,-0.1220,-1.0765,0.1698,-11.97,49.49,-37.10
3.3737,-0.1191,-1.0838,0.1737,-12.25,49.35,-37.59
3.3751,-0.1152,-1.0863,0.1752,-11.97,49.49,-36.89
3.3764,-0.1161,-1.0926,0.1776,-12.53,49.56,-36.68
3.3778,-0.1186,-1.0990,0.1786,-12.60,49.77,-37.10
3.3791,-0.1171,-1.0985,0.1723,-12.39,49.42,-36.26
3.3805,-0.1108,-1.1078,0.1767,-13.09,49.70,-35.49
3.3818,-0.1078,-1.1097,0.1767,-13.37,49.70,-36.68
3.3832,-0.1064,-1.1126,0.1762,-13.16,50.40,-34.93
3.3845,-0.1059,-1.1161,0.1752,-13.86,49.98,-36.12
3.3859,-0.1015,-1.1175,0.1747,-13.58,49.91,-34.79
3.3872,-0.0971,-1.1219,0.1771,-14.35,49.84,-35.56
3.3886,-0.0986,-1.1239,0.1786,-14.35,49.77,-34.58
3.3899,-0.0971,-1.1239,0.1786,-14.49,50.05,-34.86
3.3913,-0.0927,-1.1283,0.1786,-14.70,49.84,-34.58
3.3926,-0.0913,-1.1307,0.1791,-14.98,49.84,-34.37
3.3927,-0.0888,-1.1322,0.1737,-15.33,49.98,-34.16
3.3928,-0.0864,-1.1336,0.1728,-15.33,49.77,-33.67
3.3928,-0.0825,-1.1356,0.1781,-15.75,49.91,-33.39
3.3929,-0.0825,-1.1395,0.1786,-15.82,50.12,-33.04
3.3929,-0.0825,-1.1361,0.1752,-16.31,49.84,-33.53
3.3930,-0.0771,-1.1322,0.1762,-16.24,49.98,-32.48
3.3931,-0.0742,-1.1361,0.1776,-17.01,49.91,-32.97
3.3931,-0.0771,-1.1356,0.1767,-16.80,50.19,-31.64
3.3932,-0.0742,-1.1424,0.1781,-17.43,49.63,-31.57
3.3932,-0.0752,-1.1429,0.1757,-17.92,50.19,-31.78
3.3933,-0.0742,-1.1375,0.1776,-18.27,49.77,-30.87
3.3934,-0.0761,-1.1366,0.1810,-18.20,50.47,-31.36
3.3934,-0.0776,-1.1385,0.1801,-18.48,50.05,-30.17
3.3935,-0.0766,-1.1375,0.1796,-19.18,50.19,-30.80
3.3935,-0.0756,-1.1356,0.1791,-19.25,49.84,-29.75
3.3936,-0.0756,-1.1380,0.1767,-19.53,50.33,-30.52
3.3936,-0.0742,-1.1395,0.1767,-19.88,49.91,-29.12
3.3937,-0.0737,-1.1361,0.1762,-20.23,50.26,-29.40
3.3938,-0.0747,-1.1351,0.1747,-20.02,49.84,-29.19
3.3938,-0.0732,-1.1361,0.1742,-20.72,50.12,-28.56
3.3941,-0.0703,-1.1356,0.1742,-20.65,50.05,-28.98
3.3943,-0.0639,-1.1326,0.1742,-21.56,49.56,-28.07
3.3946,-0.0610,-1.1292,0.1742,-21.21,50.26,-28.35
3.3949,-0.0639,-1.1322,0.1781,-21.84,49.98,-27.93
3.3951,-0.0678,-1.1341,0.1767,-21.98,50.47,-27.58
3.3954,-0.0644,-1.1326,0.1713,-22.26,49.70,-27.37
3.3956,-0.0595,-1.1326,0.1728,-22.40,50.19,-27.30
3.3959,-0.0576,-1.1297,0.1703,-22.68,49.56,-27.02
3.3961,-0.0542,-1.1278,0.1674,-23.17,50.33,-26.81
3.3964,-0.0532,-1.1302,0.1679,-23.52,49.84,-26.60
3.3967,-0.0561,-1.1292,0.1698,-23.45,49.77,-26.46
3.3969,-0.0566,-1.1302,0.1718,-23.73,49.91,-26.18
3.3972,-0.0503,-1.1292,0.1708,-24.50,49.42,-26.18
3.3974,-0.0503,-1.1273,0.1688,-24.36,49.91,-26.04
3.3977,-0.0512,-1.1322,0.1664,-24.99,49.21,-25.90
3.3979,-0.0483,-1.1297,0.1659,-24.92,50.12,-25.62
3.3982,-0.0508,-1.1263,0.1649,-25.62,48.86,-25.55
3.3985,-0.0493,-1.1258,0.1649,-25.13,50.54,-24.78
3.3987,-0.0483,-1.1234,0.1610,-25.97,48.44,-25.62
3.3990,-0.0517,-1.1219,0.1581,-25.62,49.98,-24.15
3.3995,-0.0493,-1.1180,0.1552,-26.74,48.72,-25.62
3.4001,-0.0454,-1.1141,0.1542,-25.90,49.56,-24.57
3.4007,-0.0478,-1.1078,0.1562,-27.02,48.79,-24.92
3.4013,-0.0468,-1.1073,0.1542,-26.67,49.77,-24.01
3.4018,-0.0415,-1.1087,0.1523,-27.44,49.00,-25.06
3.4024,-0.0434,-1.1048,0.1479,-27.09,49.07,-24.15
3.4030,-0.0459,-1.1014,0.1449,-27.58,49.07,-24.57
3.4035,-0.0439,-1.0990,0.1449,-27.65,48.79,-24.01
3.4041,-0.0410,-1.0951,0.1435,-28.00,49.28,-24.22
3.4047,-0.0376,-1.0926,0.1420,-27.93,48.51,-24.22
3.4053,-0.0356,-1.0926,0.1430,-28.63,48.72,-23.66
3.4058,-0.0346,-1.0882,0.1410,-28.49,48.30,-24.43
3.4064,-0.0337,-1.0829,0.1362,-28.91,48.58,-23.80
3.4070,-0.0278,-1.0829,0.1337,-29.19,48.37,-24.01
3.4076,-0.0249,-1.0809,0.1337,-28.63,48.09,-24.01
3.4081,-0.0264,-1.0687,0.1337,-29.54,48.02,-23.80
3.4087,-0.0288,-1.0634,0.1308,-28.84,48.44,-23.66
3.4093,-0.0283,-1.0624,0.1308,-29.68,47.95,-23.87
3.4098,-0.0264,-1.0575,0.1303,-29.12,47.88,-23.87
3.4104,-0.0288,-1.0555,0.1327,-29.96,48.02,-23.80
3.4109,-0.0283,-1.0536,0.1327,-29.40,47.53,-23.73
3.4114,-0.0264,-1.0512,0.1298,-30.17,47.53,-23.87
3.4119,-0.0244,-1.0477,0.1274,-29.54,47.67,-23.73
3.4125,-0.0234,-1.0433,0.1264,-30.24,47.46,-23.73
3.4130,-0.0224,-1.0385,0.0029,-29.96,47.67,-23.38
3.4135,-0.0176,-1.0336,0.1235,-30.10,46.62,-24.43
3.4140,-0.0200,-1.0307,0.1205,-30.10,47.53,-23.24
3.4145,-0.0229,-1.0297,0.1220,-30.24,47.11,-24.15
3.4150,-0.0161,-1.0287,0.1215,-30.38,47.18,-23.17
3.4155,-0.0137,-1.0238,0.1181,-30.31,46.41,-24.50
3.4160,-0.0156,-1.0170,0.1166,-30.31,47.04,-23.03
3.4165,-0.0132,-1.0146,0.1171,-30.31,45.99,-24.43
3.4170,-0.0117,-1.0097,0.1176,-30.52,47.04,-23.03
3.4176,-0.0102,-1.0072,0.1176,-30.17,45.92,-24.36
3.4181,-0.0102,-1.0087,0.1152,-29.96,46.34,-23.17
3.4186,-0.0102,-1.0028,0.1147,-30.66,46.13,-24.08
3.4191,-0.0083,-0.9945,0.1157,-30.10,46.06,-23.52
3.4196,-0.0088,-0.9858,0.1137,-30.45,45.78,-24.08
3.4201,-0.0102,-0.9809,0.1147,-29.75,45.57,-23.45
3.4206,-0.0088,-0.9780,0.1157,-30.10,45.36,-24.08
3.4212,-0.0029,-0.9726,0.1181,-29.75,45.15,-23.38
3.4218,-0.0015,-0.9697,0.1181,-29.96,45.22,-23.94
3.4224,-0.0063,-0.9643,0.1152,-29.33,45.22,-23.73
3.4230,-0.0010,-0.9579,0.1181,-29.33,45.15,-23.73
3.4236,0.0039,-0.9531,0.1127,-29.12,45.15,-23.59
3.4242,0.0024,-0.9501,0.1103,-28.91,44.45,-23.94
3.4248,0.0034,-0.9472,0.1127,-29.12,44.66,-23.45
3.4255,0.0015,-0.9453,0.1118,-28.70,44.38,-23.94
3.4261,0.0024,-0.9409,0.1074,-28.56,44.45,-23.52
3.4267,0.0063,-0.9360,0.1103,-28.56,44.03,-23.94
3.4273,0.0044,-0.9326,0.1147,-27.93,44.17,-23.66
3.4279,0.0044,-0.9292,0.1157,-28.42,43.89,-23.66
3.4285,0.0073,-0.9252,0.1152,-27.44,44.03,-23.24
3.4291,0.0083,-0.9213,0.1147,-27.79,43.75,-24.01
3.4297,0.0098,-0.9213,0.1152,-27.23,43.54,-23.10
3.4303,0.0127,-0.9218,0.1147,-27.51,43.47,-23.80
3.4309,0.0132,-0.9199,0.1161,-26.67,43.40,-23.03
3.4315,0.0093,-0.9209,0.1186,-27.23,43.40,-23.87
3.4321,0.0083,-0.9223,0.1196,-26.39,42.98,-23.24
3.4327,0.0112,-0.9189,0.1196,-26.25,42.91,-23.73
3.4339,0.0093,-0.9170,0.1210,-26.18,42.84,-23.03
3.4351,0.0088,-0.9160,0.1215,-25.97,42.84,-23.31
3.4363,0.0112,-0.9165,0.1225,-25.41,42.35,-22.89
3.4376,0.0156,-0.9155,0.1240,-25.27,42.07,-22.96
3.4388,0.0102,-0.9223,0.1249,-24.50,42.35,-22.75
3.4400,0.0073,-0.9228,0.1205,-24.71,42.42,-22.75
3.4412,0.0102,-0.9223,0.1215,-24.15,41.86,-22.47
3.4424,0.0122,-0.9213,0.1210,-24.36,42.14,-22.12
3.4437,0.0117,-0.9223,0.1259,-23.52,41.72,-22.82
3.4449,0.0122,-0.9277,0.1303,-23.52,42.28,-21.21
3.4461,0.0117,-0.9296,0.1249,-23.31,41.86,-22.40
3.4473,0.0098,-0.9296,0.1244,-23.45,41.72,-21.14
3.4485,0.0102,-0.9345,0.1244,-22.89,41.51,-22.05
3.4497,0.0127,-0.9384,0.1196,-22.96,41.79,-21.07
3.4510,0.0161,-0.9423,0.1240,-22.54,41.37,-21.77
3.4522,0.0137,-0.9462,0.1254,-22.26,41.58,-20.72
3.4534,0.0073,-0.9477,0.1225,-22.33,41.30,-21.28
3.4546,0.0083,-0.9511,0.1244,-21.91,41.09,-20.09
3.4558,0.0083,-0.9516,0.1249,-21.84,41.30,-20.72
3.4570,0.0044,-0.9536,0.1259,-21.56,41.09,-19.74
3.4589,0.0039,-0.9628,0.1279,-21.56,41.65,-19.39
3.4607,0.0049,-0.9716,0.1308,-21.49,41.51,-18.76
3.4625,0.0034,-0.9799,0.1264,-21.00,40.67,-20.02
3.4643,0.0044,-0.9843,0.1274,-21.14,41.37,-18.20
3.4661,-0.0020,-0.9848,0.1283,-20.79,40.60,-19.53
3.4679,-0.0039,-0.9892,0.1293,-20.93,41.30,-17.71
3.4698,-0.0059,-0.9965,0.1313,-21.00,40.81,-18.55
3.4716,-0.0088,-1.0043,0.1298,-20.79,41.37,-17.43
3.4734,-0.0054,-1.0082,0.1318,-20.58,40.74,-18.41
3.4752,-0.0068,-1.0131,0.1362,-20.23,40.88,-16.94
3.4770,-0.0132,-1.0185,0.1342,-20.79,41.16,-17.71
3.4789,-0.0132,-1.0194,0.1327,-20.02,40.67,-16.66
3.4807,-0.0122,-1.0224,0.1357,-20.86,41.09,-16.80
3.4825,-0.0151,-1.0282,0.1376,-19.95,40.67,-16.24
3.4843,-0.0171,-1.0326,0.1376,-20.79,41.30,-16.10
3.4861,-0.0176,-1.0370,0.1396,-20.16,40.53,-16.03
3.4879,-0.0176,-1.0414,0.1415,-20.93,41.44,-15.19
3.4898,-0.0210,-1.0458,0.1410,-20.44,40.67,-16.03
3.4916,-0.0244,-1.0497,0.1405,-20.65,41.02,-14.77
3.4934,-0.0234,-1.0507,0.1435,-20.72,41.09,-15.33
3.4935,-0.0244,-1.0526,0.1464,-20.44,41.72,-13.51
3.4935,-0.0259,-1.0570,0.1493,-20.79,40.46,-14.98
3.4936,-0.0278,-1.0604,0.1518,-20.72,41.79,-13.23
3.4936,-0.0288,-1.0614,0.1484,-21.07,41.02,-14.42
3.4937,-0.0293,-1.0638,0.1459,-20.72,41.37,-12.53
3.4937,-0.0337,-1.0658,0.1508,-21.42,40.88,-13.86
3.4938,-0.0346,-1.0692,0.1566,-20.79,41.58,-12.39
3.4939,-0.0351,-1.0741,0.1591,-21.49,41.23,-13.02
3.4939,-0.0366,-1.0760,0.1610,-21.14,41.58,-12.11
3.4940,-0.0342,-1.0804,0.1601,-21.77,41.58,-12.39
3.4940,-0.0346,-1.0848,0.1566,-21.28,41.51,-11.55
3.4941,-0.0395,-1.0863,0.1586,-21.91,41.72,-11.83
3.4941,-0.0434,-1.0912,0.1610,-21.42,41.37,-11.27
3.4942,-0.0454,-1.0946,0.1625,-22.40,41.72,-11.34
3.4943,-0.0444,-1.0960,0.1688,-21.98,41.44,-11.13
3.4943,-0.0420,-1.1014,0.1713,-22.26,41.93,-10.78
3.4944,-0.0473,-1.1078,0.1684,-22.47,41.65,-10.64
3.4944,-0.0532,-1.1112,0.1718,-22.68,41.79,-10.15
3.4945,-0.0508,-1.1122,0.1742,-22.96,42.07,-9.94
3.4946,-0.0444,-1.1122,0.1718,-22.96,42.07,-9.73
3.4946,-0.0464,-1.1141,0.1693,-23.24,41.93,-9.52
3.4947,-0.0547,-1.1185,0.1698,-23.73,42.21,-9.59
3.4947,-0.0547,-1.1156,0.1742,-23.66,42.42,-8.96
3.4948,-0.0522,-1.1156,0.1771,-24.15,42.56,-9.24
3.4949,-0.0542,-1.1239,0.1767,-24.08,42.77,-8.54
3.4949,-0.0532,-1.1258,0.1757,-24.85,42.35,-8.96
3.4950,-0.0542,-1.1263,0.1767,-24.43,42.56,-8.05
3.4950,-0.0547,-1.1287,0.1810,-25.13,42.77,-8.33
3.4951,-0.0566,-1.1297,0.1820,-24.85,42.77,-7.77
3.4952,-0.0576,-1.1297,0.1791,-25.48,42.56,-8.26
3.4952,-0.0527,-1.1287,0.1781,-25.27,42.70,-7.84
3.4953,-0.0508,-1.1317,0.1810,-26.11,42.98,-7.84
3.4953,-0.0532,-1.1322,0.1825,-25.76,42.77,-7.21
3.4954,-0.0556,-1.1307,0.1791,-26.60,42.63,-7.56
3.4955,-0.0532,-1.1326,0.1845,-26.32,43.26,-7.07
3.4955,-0.0503,-1.1331,0.1898,-26.88,42.42,-7.42
3.4956,-0.0537,-1.1341,0.1898,-26.88,43.12,-7.07
3.4956,-0.0537,-1.1366,0.1874,-27.37,43.33,-7.14
3.4957,-0.0517,-1.1414,0.1869,-27.58,42.84,-6.86
3.4958,-0.0517,-1.1439,0.1898,-27.93,43.47,-6.65
3.4960,-0.0488,-1.1434,0.1893,-28.28,43.12,-6.86
3.4962,-0.0503,-1.1458,0.1864,-28.56,43.47,-6.93
3.4965,-0.0508,-1.1488,0.1874,-28.70,43.12,-6.37
3.4967,-0.0473,-1.1478,0.1898,-29.05,43.40,-7.00
3.4970,-0.0488,-1.1492,0.1903,-29.19,43.12,-6.02
3.4972,-0.0498,-1.1497,0.1913,-29.68,43.12,-7.07
3.4974,-0.0488,-1.1478,0.1889,-29.75,42.91,-6.30
3.4977,-0.0459,-1.1468,0.1952,-30.17,43.40,-6.58
3.4979,-0.0425,-1.1434,0.2006,-30.17,42.77,-6.51
3.4982,-0.0434,-1.1444,0.1981,-31.08,43.33,-6.65
3.4984,-0.0449,-1.1434,0.1942,-30.87,43.26,-6.37
3.4987,-0.0434,-1.1439,0.1913,-31.08,43.33,-6.79
3.4989,-0.0405,-1.1463,0.1937,-31.57,42.91,-6.16
3.4991,-0.0425,-1.1473,0.1962,-31.43,43.75,-6.37
3.4994,-0.0434,-1.1497,0.1991,-31.78,42.84,-6.51
3.4996,-0.0420,-1.1463,0.1996,-32.27,43.61,-6.16
3.4999,-0.0429,-1.1439,0.1996,-32.41,43.47,-6.79
3.5001,-0.0434,-1.1429,0.1967,-32.62,43.26,-5.95
3.5003,-0.0405,-1.1424,0.1957,-33.04,43.40,-7.00
3.5006,-0.0386,-1.1448,0.1962,-32.90,43.40,-5.88
3.5011,-0.0390,-1.1434,0.1928,-33.46,43.26,-7.14
3.5015,-0.0410,-1.1385,0.1913,-33.53,43.05,-6.02
3.5020,-0.0405,-1.1370,0.1898,-33.95,43.54,-6.79
3.5025,-0.0390,-1.1414,0.1879,-33.95,42.77,-6.02
3.5030,-0.0405,-1.1434,0.1884,-34.37,43.40,-6.79
3.5035,-0.0386,-1.1424,0.1879,-34.30,42.91,-6.02
3.5039,-0.0361,-1.1444,0.1879,-34.30,43.12,-6.51
3.5044,-0.0386,-1.1424,0.1884,-34.44,42.91,-6.09
3.5049,-0.0376,-1.1380,0.1874,-35.07,43.47,-6.16
3.5054,-0.0322,-1.1380,0.1864,-34.72,42.56,-6.72
3.5059,-0.0317,-1.1409,0.1893,-35.63,42.98,-6.09
3.5064,-0.0342,-1.1395,0.1874,-34.93,42.70,-6.37
3.5068,-0.0332,-1.1380,0.1825,-35.70,42.98,-5.74
3.5073,-0.0337,-1.1375,0.1845,-35.42,42.77,-6.30
3.5078,-0.0322,-1.1366,0.1825,-35.77,42.77,-5.88
3.5083,-0.0249,-1.1356,0.1840,-35.91,42.91,-6.37
3.5088,-0.0244,-1.1312,0.1845,-35.91,42.21,-5.46
3.5092,-0.0254,-1.1297,0.1810,-36.19,42.70,-6.58
3.5097,-0.0259,-1.1307,0.1796,-36.19,42.28,-5.18
3.5102,-0.0268,-1.1312,0.1771,-36.54,42.84,-6.02
3.5114,-0.0283,-1.1331,0.1737,-36.54,42.14,-5.53
3.5125,-0.0234,-1.1322,0.1728,-36.68,42.28,-5.88
3.5137,-0.0195,-1.1292,0.1737,-36.40,42.00,-5.39
3.5149,-0.0210,-1.1292,0.1723,-37.03,42.21,-5.39
3.5160,-0.0215,-1.1273,0.1723,-36.75,41.93,-5.18
3.5172,-0.0220,-1.1248,0.1718,-37.17,41.86,-5.25
3.5183,-0.0200,-1.1209,0.1698,-37.03,42.14,-4.69
3.5195,-0.0176,-1.1219,0.1640,-37.03,41.37,-5.25
3.5207,-0.0161,-1.1200,0.1610,-37.03,41.93,-4.69
3.5218,-0.0132,-1.1175,0.1625,-37.17,41.37,-4.83
3.5230,-0.0122,-1.1204,0.1635,-37.03,41.79,-4.20
3.5242,-0.0132,-1.1180,0.1659,-37.31,41.30,-4.41
3.5253,-0.0146,-1.1170,0.1630,-37.10,41.37,-3.43
3.5265,-0.0205,-1.1151,0.1606,-37.24,41.30,-4.27
3.5276,-0.0156,-1.1082,0.1610,-37.31,41.16,-3.08
3.5288,-0.0127,-1.1053,0.1625,-37.38,40.74,-3.92
3.5300,-0.0122,-1.1029,0.1591,-37.10,41.30,-2.80
3.5311,-0.0093,-1.1004,0.1552,-37.17,40.60,-3.50
3.5323,-0.0107,-1.0956,0.1547,-37.10,40.74,-2.45
3.5334,-0.0102,-1.0956,0.1571,-37.10,40.46,-2.94
3.5335,-0.0068,-1.0980,0.1552,-36.68,40.46,-2.31
3.5336,-0.0054,-1.0965,0.1518,-37.03,40.32,-2.38
3.5336,-0.0059,-1.0931,0.1508,-36.40,40.46,-1.82
3.5337,-0.0029,-1.0878,0.1493,-37.17,40.18,-1.89
3.5337,-0.0015,-1.0848,0.1508,-36.61,39.97,-1.61
3.5338,-0.0029,-1.0843,0.1513,-36.82,40.25,-1.19
3.5339,-0.0015,-1.0838,0.1498,-36.40,39.83,-1.40
3.5339,0.0015,-1.0838,0.1523,-36.12,39.76,-0.77
3.5340,0.0005,-1.0838,0.1474,-36.33,39.34,-0.77
3.5340,0.0005,-1.0838,0.1430,-36.12,39.62,-0.28
3.5341,0.0000,-1.0799,0.1444,-35.84,38.85,-0.42
3.5342,0.0039,-1.0775,0.1444,-35.77,39.83,0.63
3.5342,0.0024,-1.0775,0.1440,-35.84,38.78,0.21
3.5343,-0.0005,-1.0765,0.1454,-35.56,39.48,1.12
3.5343,0.0020,-1.0741,0.1459,-35.21,38.22,0.49
3.5344,0.0049,-1.0707,0.1444,-35.07,39.27,1.54
3.5345,0.0054,-1.0716,0.1430,-35.00,38.29,1.26
3.5345,0.0049,-1.0716,0.1366,-34.51,38.50,2.10
3.5346,0.0088,-1.0682,0.1347,-35.00,38.29,2.10
3.5346,0.0044,-1.0687,0.1347,-34.51,38.57,2.73
3.5351,0.0015,-1.0682,0.1332,-34.30,37.66,2.45
3.5356,0.0073,-1.0634,0.1327,-34.09,38.22,3.08
3.5361,0.0107,-1.0604,0.1283,-33.81,37.73,3.36
3.5366,0.0073,-1.0609,0.1308,-33.39,37.94,3.64
3.5371,0.0088,-1.0643,0.1313,-33.60,37.59,3.78
3.5376,0.0112,-1.0638,0.1279,-33.25,37.38,3.85
3.5381,0.0083,-1.0609,0.1235,-33.18,37.24,4.34
3.5386,0.0083,-1.0599,0.1230,-32.69,36.89,4.41
3.5391,0.0068,-1.0585,0.1230,-32.48,37.03,4.83
3.5396,0.0059,-1.0599,0.1171,-32.48,36.54,4.62
3.5401,0.0063,-1.0609,0.1171,-31.92,37.03,5.32
3.5406,0.0049,-1.0585,0.1205,-32.34,36.61,5.25
3.5411,0.0029,-1.0546,0.1235,-31.50,36.40,5.74
3.5416,0.0015,-1.0546,0.1205,-31.85,36.05,5.32
3.5421,0.0029,-1.0531,0.1161,-30.94,36.61,6.30
3.5426,0.0010,-1.0502,0.1196,-31.50,35.77,5.53
3.5431,0.0020,-1.0516,0.1186,-30.52,36.05,6.79
3.5436,0.0078,-1.0521,0.1142,-31.29,35.42,5.67
3.5441,0.0044,-1.0468,0.1113,-29.89,35.91,7.14
3.5446,-0.0059,-1.0472,0.1118,-30.73,35.35,6.09
3.5452,-0.0034,-1.0492,0.1142,-29.54,35.28,7.28
3.5458,-0.0024,-1.0463,0.1122,-30.17,34.79,6.37
3.5464,-0.0059,-1.0468,0.1059,-29.12,35.00,7.84
3.5471,-0.0039,-1.0463,0.1078,-29.61,34.93,6.86
3.5477,-0.0024,-1.0429,0.1113,-28.77,34.79,7.91
3.5483,0.0015,-1.0424,0.1083,-29.05,34.44,7.21
3.5490,-0.0024,-1.0448,0.1059,-28.42,34.02,7.70
3.5496,-0.0078,-1.0443,0.1078,-28.28,34.37,7.70
3.5502,-0.0068,-1.0414,0.1039,-28.07,34.23,7.70
3.5509,-0.0059,-1.0419,0.0991,-27.30,34.30,8.05
3.5515,-0.0078,-1.0443,0.1015,-28.07,33.88,7.70
3.5521,-0.0078,-1.0433,0.1025,-26.67,34.30,8.54
3.5528,-0.0068,-1.0419,0.1025,-27.23,33.32,7.49
3.5534,-0.0102,-1.0409,0.1025,-26.53,34.02,9.17
3.5540,-0.0151,-1.0404,0.1010,-26.67,32.90,7.49
3.5546,-0.0122,-1.0370,0.1039,-26.11,33.74,9.52
3.5553,-0.0083,-1.0355,0.1074,-26.32,33.18,7.77
3.5559,-0.0132,-1.0419,0.1035,-25.34,33.18,9.38
3.5565,-0.0137,-1.0404,0.1000,-25.62,32.90,8.05
3.5572,-0.0122,-1.0321,0.1025,-25.13,32.62,9.38
3.5591,-0.0122,-1.0311,0.1010,-24.99,32.97,8.40
3.5610,-0.0142,-1.0326,0.0976,-24.71,32.62,9.52
3.5629,-0.0176,-1.0355,0.0971,-24.22,32.69,8.61
3.5648,-0.0146,-1.0350,0.0981,-24.22,32.20,9.59
3.5667,-0.0132,-1.0336,0.0961,-23.66,32.34,9.24
3.5686,-0.0166,-1.0307,0.0927,-23.59,31.92,9.17
3.5705,-0.0171,-1.0297,0.0932,-23.31,32.41,9.59
3.5724,-0.0166,-1.0287,0.1005,-23.24,31.43,9.10
3.5743,-0.0176,-1.0321,0.0991,-23.10,30.59,9.03
3.5762,-0.0176,-1.0292,0.0947,-22.12,31.85,9.66
3.5781,-0.0181,-1.0297,0.0942,-22.68,31.36,9.45
3.5800,-0.0171,-1.0321,0.0956,-21.84,31.64,10.01
3.5819,-0.0166,-1.0321,0.0932,-21.77,30.73,8.89
3.5838,-0.0200,-1.0336,0.0932,-21.21,31.43,10.15
3.5857,-0.0234,-1.0360,0.0952,-21.35,30.59,8.96
3.5876,-0.0210,-1.0350,0.0947,-20.72,31.22,10.43
3.5895,-0.0195,-1.0346,0.0922,-21.00,29.96,8.68
3.5914,-0.0200,-1.0375,0.0874,-20.23,31.01,10.43
3.5933,-0.0210,-1.0390,0.0883,-20.51,30.03,8.89
3.5952,-0.0224,-1.0355,0.0898,-19.74,30.66,10.08
3.5952,-0.0215,-1.0336,0.0893,-20.16,29.96,8.68
3.5953,-0.0220,-1.0375,0.0893,-19.32,30.17,10.22
3.5953,-0.0195,-1.0375,0.0844,-19.53,29.89,8.68
3.5954,-0.0181,-1.0399,0.0830,-18.97,29.75,9.80
3.5955,-0.0200,-1.0468,0.0849,-19.32,29.82,8.82
3.5955,-0.0234,-1.0477,0.0800,-18.34,29.40,9.31
3.5956,-0.0185,-1.0521,0.0820,-18.20,29.40,9.03
3.5956,-0.0151,-1.0526,0.0810,-18.27,28.91,8.82
3.5957,-0.0185,-1.0521,0.0805,-17.85,29.19,8.96
3.5958,-0.0200,-1.0541,0.0805,-17.92,28.84,8.61
3.5958,-0.0156,-1.0551,0.0771,-17.78,28.98,9.03
3.5959,-0.0176,-1.0551,0.0732,-17.50,28.42,8.54
3.5960,-0.0200,-1.0531,0.0727,-17.43,28.63,8.40
3.5960,-0.0205,-1.0516,0.0752,-17.15,28.28,8.54
3.5961,-0.0210,-1.0531,0.0742,-17.08,28.35,8.54
3.5961,-0.0185,-1.0541,0.0717,-16.66,28.07,8.05
3.5962,-0.0185,-1.0555,0.0742,-16.87,28.21,8.26
3.5963,-0.0210,-1.0580,0.0771,-16.38,27.79,8.19
3.5963,-0.0259,-1.0604,0.0737,-16.38,27.86,7.98
3.5964,-0.0244,-1.0594,0.0712,-16.24,27.65,8.19
3.5964,-0.0195,-1.0570,0.0688,-16.17,27.65,7.49
3.5965,-0.0244,-1.0599,0.0688,-15.75,27.51,7.91
3.5965,-0.0268,-1.0594,0.0664,-15.89,27.16,7.56
3.5966,-0.0264,-1.0590,0.0703,-15.47,27.23,7.77
3.5966,-0.0273,-1.0624,0.0703,-15.54,27.09,7.42
3.5967,-0.0244,-1.0638,0.0669,-15.05,27.23,7.63
3.5967,-0.0210,-1.0643,0.0678,-15.40,26.74,7.56
3.5968,-0.0220,-1.0614,0.0673,-14.91,27.02,7.28
3.5968,-0.0259,-1.0619,0.0688,-15.05,26.39,7.49
3.5969,-0.0268,-1.0643,0.0722,-14.63,26.95,7.21
3.5969,-0.0249,-1.0619,0.0693,-14.70,25.97,7.21
3.5970,-0.0239,-1.0604,0.0664,-14.21,26.67,7.00
3.5970,-0.0210,-1.0604,0.0659,-14.42,25.97,7.14
3.5971,-0.0210,-1.0619,0.0654,-14.21,26.74,7.42
3.5971,-0.0254,-1.0609,0.0664,-13.86,25.62,6.51
3.5972,-0.0224,-1.0629,0.0630,-14.07,26.46,7.14
3.5972,-0.0224,-1.0687,0.0615,-13.65,25.48,6.58
3.5973,-0.0249,-1.0707,0.0649,-13.72,26.46,7.21
3.5973,-0.0249,-1.0687,0.0634,-13.65,24.99,6.51
3.5974,-0.0229,-1.0638,0.0600,-13.23,25.69,7.00
3.5976,-0.0220,-1.0658,0.0634,-13.44,24.99,6.09
3.5978,-0.0229,-1.0721,0.0654,-12.67,25.20,6.86
3.5979,-0.0200,-1.0677,0.0620,-13.16,25.06,6.51
3.5981,-0.0195,-1.0643,0.0600,-12.81,24.92,6.58
3.5983,-0.0200,-1.0668,0.0576,-12.74,25.48,6.79
3.5985,-0.0229,-1.0658,0.0634,-12.74,24.71,6.37
3.5987,-0.0249,-1.0658,0.0634,-12.67,25.62,7.21
3.5988,-0.0229,-1.0643,0.0634,-12.60,23.94,5.81
3.5990,-0.0181,-1.0638,0.0561,-12.46,25.20,7.14
3.5992,-0.0171,-1.0638,0.0566,-12.32,23.87,5.95
3.5994,-0.0195,-1.0653,0.0556,-11.90,24.78,6.72
3.5996,-0.0224,-1.0677,0.0556,-12.46,23.80,6.23
3.5997,-0.0254,-1.0668,0.0595,-11.69,23.94,6.58
3.5999,-0.0220,-1.0653,0.0625,-12.25,23.66,6.02
3.6001,-0.0181,-1.0609,0.0586,-11.34,24.01,6.37
3.6003,-0.0181,-1.0609,0.0532,-12.04,23.24,5.81
3.6005,-0.0151,-1.0614,0.0576,-11.27,23.31,6.37
3.6006,-0.0122,-1.0609,0.0532,-11.55,23.17,6.02
3.6008,-0.0127,-1.0604,0.0508,-11.27,23.24,6.02
3.6010,-0.0112,-1.0585,0.0547,-11.27,22.96,6.30
3.6015,-0.0093,-1.0619,0.0566,-10.78,22.68,5.46
3.6021,-0.0112,-1.0614,0.0566,-11.34,23.03,6.37
3.6026,-0.0093,-1.0570,0.0561,-10.43,22.19,5.53
3.6031,-0.0073,-1.0580,0.0542,-10.92,22.47,5.81
3.6037,-0.0068,-1.0570,0.0532,-10.57,22.26,6.09
3.6042,-0.0044,-1.0580,0.0547,-10.29,22.54,5.74
3.6048,-0.0024,-1.0594,0.0527,-10.36,21.42,5.81
3.6053,-0.0015,-1.0575,0.0512,-10.15,22.19,5.95
3.6058,0.0015,-1.0565,0.0512,-10.15,21.56,5.46
3.6064,0.0059,-1.0555,0.0488,-9.87,21.63,6.16
3.6069,0.0049,-1.0551,0.0478,-9.87,21.00,5.53
3.6074,0.0054,-1.0512,0.0444,-9.80,21.21,5.46
3.6080,0.0068,-1.0512,0.0434,-10.01,21.14,5.81
3.6085,0.0098,-1.0546,0.0464,-9.38,21.28,5.74
3.6090,0.0137,-1.0555,0.0493,-9.38,20.72,5.39
3.6096,0.0122,-1.0580,0.0522,-9.45,20.72,5.74
3.6101,0.0107,-1.0570,0.0454,-9.03,20.09,5.18
3.6107,0.0161,-1.0551,0.0425,-9.31,20.16,5.95
3.6112,0.0185,-1.0575,0.0459,-9.17,19.67,5.18
3.6117,0.0122,-1.0580,0.0444,-8.82,19.53,5.67
3.6129,0.0156,-1.0585,0.0425,-8.89,19.60,5.67
3.6140,0.0220,-1.0585,0.0498,-8.82,19.60,5.53
3.6152,0.0259,-1.0590,0.0508,-8.54,19.25,5.53
3.6164,0.0273,-1.0590,0.0473,-8.47,18.34,5.81
3.6175,0.0298,-1.0594,0.0429,-8.33,18.76,5.46
3.6187,0.0307,-1.0599,0.0429,-8.47,18.55,6.02
3.6199,0.0283,-1.0580,0.0429,-8.05,18.20,5.46
3.6210,0.0317,-1.0565,0.0405,-8.12,17.78,5.95
3.6222,0.0351,-1.0590,0.0439,-8.12,17.85,5.81
3.6233,0.0346,-1.0604,0.0468,-7.98,17.36,5.81
3.6245,0.0346,-1.0590,0.0449,-7.98,17.08,5.95
3.6257,0.0366,-1.0570,0.0454,-7.63,16.94,5.53
3.6268,0.0376,-1.0570,0.0464,-7.63,17.01,6.02
3.6280,0.0371,-1.0585,0.0449,-7.70,16.73,5.88
3.6291,0.0386,-1.0570,0.0415,-7.63,16.87,6.09
3.6303,0.0386,-1.0551,0.0429,-7.56,16.38,6.30
3.6315,0.0395,-1.0531,0.0420,-7.42,15.89,6.02
3.6326,0.0395,-1.0531,0.0395,-7.00,15.61,6.09
3.6338,0.0400,-1.0541,0.0439,-7.49,15.61,6.44
3.6349,0.0390,-1.0521,0.0459,-7.00,15.61,6.02
3.6355,0.0405,-1.0477,0.0464,-6.86,14.91,6.30
3.6361,0.0420,-1.0487,0.0415,-7.14,14.35,6.30
3.6366,0.0425,-1.0507,0.0381,-6.51,14.63,6.23
3.6372,0.0434,-1.0482,0.0415,-7.07,14.35,6.51
3.6377,0.0434,-1.0468,0.0449,-6.51,14.35,6.79
3.6383,0.0415,-1.0482,0.0439,-6.51,13.72,6.23
3.6389,0.0420,-1.0512,0.0425,-6.37,13.51,6.65
3.6394,0.0395,-1.0502,0.0425,-6.51,13.51,6.16
3.6400,0.0400,-1.0492,0.0434,-6.02,13.23,7.07
3.6405,0.0434,-1.0531,0.0449,-6.37,13.30,6.30
3.6411,0.0400,-1.0531,0.0459,-6.09,12.60,6.86
3.6417,0.0366,-1.0507,0.0439,-6.51,12.95,6.65
3.6422,0.0386,-1.0497,0.0429,-5.95,12.11,6.72
3.6428,0.0405,-1.0512,0.0454,-6.16,12.46,6.51
3.6433,0.0420,-1.0521,0.0454,-5.74,11.97,6.51
3.6439,0.0454,-1.0565,0.0444,-5.95,12.18,7.07
3.6445,0.0420,-1.0585,0.0429,-6.02,11.13,6.23
3.6450,0.0366,-1.0555,0.0400,-5.74,12.04,7.14
3.6456,0.0342,-1.0541,0.0400,-5.60,10.64,6.16
3.6461,0.0317,-1.0551,0.0420,-5.60,11.83,7.42
3.6468,0.0303,-1.0575,0.0400,-6.02,9.87,5.88
3.6474,0.0298,-1.0565,0.0405,-5.53,9.94,6.16
3.6480,0.0273,-1.0575,0.0439,-5.74,10.85,7.07
3.6486,0.0239,-1.0570,0.0459,-5.88,10.36,6.51
3.6492,0.0239,-1.0599,0.0449,-5.46,9.94,6.51
3.6498,0.0249,-1.0609,0.0439,-5.81,10.15,6.44
3.6505,0.0249,-1.0594,0.0425,-5.39,9.73,6.86
3.6511,0.0268,-1.0629,0.0415,-5.81,9.80,6.79
3.6517,0.0268,-1.0638,0.0410,-5.46,9.17,6.58
3.6523,0.0215,-1.0604,0.0390,-5.60,9.73,6.93
3.6529,0.0171,-1.0590,0.0410,-5.18,9.17,6.16
3.6535,0.0166,-1.0604,0.0415,-5.60,9.38,7.28
3.6542,0.0156,-1.0604,0.0400,-5.60,8.89,6.44
3.6548,0.0107,-1.0594,0.0400,-5.46,9.10,7.49
3.6554,0.0127,-1.0604,0.0425,-5.67,8.33,6.37
3.6560,0.0137,-1.0614,0.0439,-5.25,8.61,7.49
3.6566,0.0112,-1.0599,0.0429,-5.53,8.61,6.72
3.6572,0.0088,-1.0619,0.0429,-5.46,8.19,7.00
3.6579,0.0068,-1.0604,0.0420,-5.60,8.47,7.14
3.6585,0.0078,-1.0560,0.0425,-5.60,8.12,7.28
3.6604,0.0083,-1.0555,0.0420,-5.74,8.40,7.14
3.6623,0.0098,-1.0551,0.0410,-5.04,7.91,7.28
3.6642,0.0112,-1.0560,0.0420,-5.67,8.12,7.63
3.6662,0.0078,-1.0560,0.0405,-5.25,7.42,7.21
3.6681,0.0044,-1.0580,0.0425,-5.60,8.19,8.05
3.6700,0.0063,-1.0565,0.0464,-5.46,7.28,7.28
3.6719,0.0083,-1.0575,0.0468,-5.39,7.98,8.12
3.6738,0.0044,-1.0590,0.0498,-5.32,7.14,7.28
3.6758,0.0020,-1.0580,0.0493,-5.60,7.91,8.19
3.6777,0.0020,-1.0624,0.0468,-5.53,7.28,7.28
3.6796,-0.0029,-1.0614,0.0498,-5.60,7.84,8.47
3.6815,0.0005,-1.0599,0.0503,-5.60,7.07,7.63
3.6834,0.0000,-1.0643,0.0503,-5.39,7.63,8.47
3.6854,-0.0068,-1.0648,0.0532,-5.95,7.00,7.84
3.6873,-0.0088,-1.0629,0.0576,-5.32,7.21,8.47
3.6892,-0.0073,-1.0609,0.0551,-5.67,7.00,7.91
3.6911,-0.0073,-1.0658,0.0532,-6.02,7.63,8.68
3.6930,-0.0107,-1.0643,0.0512,-5.67,6.79,8.26
3.6950,-0.0102,-1.0648,0.0576,-5.95,7.14,8.82
3.6969,-0.0137,-1.0638,0.0595,-5.60,6.72,8.47
3.6969,-0.0166,-1.0614,0.0571,-6.09,7.14,8.96
3.6970,-0.0176,-1.0624,0.0571,-5.60,6.86,8.40
3.6971,-0.0176,-1.0624,0.0586,-5.95,7.21,9.24
3.6971,-0.0185,-1.0624,0.0639,-5.88,6.79,8.54
3.6972,-0.0220,-1.0609,0.0649,-6.09,7.07,9.38
3.6972,-0.0249,-1.0594,0.0620,-5.88,6.72,8.54
3.6973,-0.0259,-1.0599,0.0605,-6.23,6.93,9.66
3.6974,-0.0264,-1.0580,0.0615,-5.95,6.93,8.19
3.6974,-0.0264,-1.0585,0.0610,-6.16,6.72,9.52
3.6975,-0.0317,-1.0599,0.0625,-6.30,6.93,8.68
3.6975,-0.0346,-1.0604,0.0625,-6.23,6.86,9.45
3.6976,-0.0337,-1.0614,0.0605,-6.44,7.07,8.82
3.6977,-0.0303,-1.0614,0.0625,-6.16,6.58,9.31
3.6977,-0.0288,-1.0594,0.0639,-6.58,6.86,8.68
3.6978,-0.0346,-1.0570,0.0595,-6.02,6.58,9.31
3.6978,-0.0366,-1.0570,0.0537,-7.00,7.49,9.24
3.6979,-0.0337,-1.0570,0.0551,-6.23,6.30,9.03
3.6980,-0.0376,-1.0560,0.0586,-6.86,7.21,9.52
3.6980,-0.0390,-1.0585,0.0600,-6.86,6.93,8.75
3.6981,-0.0361,-1.0609,0.0561,-6.79,7.49,9.87
3.6981,-0.0356,-1.0609,0.0527,-6.51,6.86,8.68
3.6982,-0.0366,-1.0604,0.0561,-6.72,7.14,9.80
3.6983,-0.0381,-1.0599,0.0590,-6.86,6.79,8.47
3.6983,-0.0371,-1.0575,0.0576,-6.79,7.35,10.01
3.6984,-0.0381,-1.0560,0.0547,-7.21,6.58,8.47
3.6984,-0.0366,-1.0594,0.0537,-6.79,7.56,10.15
3.6985,-0.0317,-1.0594,0.0532,-7.56,6.58,7.84
3.6986,-0.0278,-1.0590,0.0547,-6.58,7.42,10.43
3.6986,-0.0303,-1.0629,0.0527,-7.98,6.93,8.26
3.6987,-0.0332,-1.0619,0.0493,-6.93,7.14,10.01
3.6988,-0.0342,-1.0585,0.0478,-7.91,7.28,8.40
3.6988,-0.0283,-1.0585,0.0493,-7.35,6.72,9.94
3.6989,-0.0244,-1.0599,0.0542,-7.77,7.14,8.75
3.6989,-0.0249,-1.0565,0.0517,-7.84,7.56,9.10
3.6990,-0.0200,-1.0594,0.0498,-7.91,6.58,9.10
3.6991,-0.0151,-1.0594,0.0522,-7.70,7.70,9.52
3.6991,-0.0132,-1.0555,0.0522,-7.77,6.58,8.96
3.6992,-0.0151,-1.0555,0.0498,-7.98,7.42,9.73
3.6992,-0.0146,-1.0570,0.0449,-8.05,6.72,8.68
3.6993,-0.0127,-1.0560,0.0444,-7.91,7.07,10.01
3.6995,-0.0093,-1.0536,0.0473,-8.47,6.58,8.61
3.6997,-0.0044,-1.0512,0.0498,-7.98,6.72,9.94
3.6999,-0.0039,-1.0531,0.0522,-8.47,6.93,9.17
3.7000,-0.0034,-1.0541,0.0527,-7.84,6.65,9.94
3.7002,-0.0010,-1.0536,0.0493,-8.61,6.86,9.10
3.7004,0.0005,-1.0512,0.0478,-8.19,6.79,9.87
3.7006,0.0024,-1.0507,0.0468,-8.54,6.93,9.03
3.7008,0.0029,-1.0507,0.0454,-8.19,6.37,10.15
3.7010,0.0049,-1.0492,0.0468,-8.61,6.72,9.38
3.7012,0.0054,-1.0512,0.0488,-8.12,6.37,9.66
3.7013,0.0059,-1.0512,0.0493,-8.68,6.44,9.66
3.7015,0.0088,-1.0463,0.0468,-8.54,6.16,9.66
3.7017,0.0088,-1.0458,0.0454,-8.54,6.23,10.08
3.7019,0.0098,-1.0463,0.0449,-8.68,6.30,9.52
3.7021,0.0132,-1.0419,0.0512,-8.54,6.23,10.15
3.7023,0.0166,-1.0394,0.0517,-8.96,6.16,9.59
3.7024,0.0195,-1.0409,0.0483,-8.61,6.02,10.08
3.7026,0.0239,-1.0394,0.0551,-8.96,6.02,9.87
3.7028,0.0249,-1.0394,0.0537,-8.61,5.39,10.15
3.7030,0.0205,-1.0380,0.0488,-9.03,5.88,9.73
3.7035,0.0195,-1.0375,0.0459,-8.75,5.04,9.94
3.7040,0.0224,-1.0375,0.0420,-8.96,5.67,9.87
3.7046,0.0254,-1.0365,0.0434,-8.68,5.39,10.01
3.7051,0.0249,-1.0380,0.0434,-9.03,5.39,9.59
3.7056,0.0244,-1.0350,0.0434,-8.82,4.97,9.80
3.7061,0.0283,-1.0321,0.0434,-9.10,4.97,9.38
3.7067,0.0312,-1.0326,0.0449,-9.38,4.69,10.08
3.7072,0.0303,-1.0331,0.0454,-9.03,4.34,9.59
3.7077,0.0327,-1.0326,0.0444,-8.82,4.27,9.73
3.7082,0.0346,-1.0292,0.0449,-9.45,4.55,9.80
3.7088,0.0327,-1.0287,0.0434,-8.89,4.13,9.94
3.7093,0.0342,-1.0268,0.0415,-9.31,3.78,9.38
3.7098,0.0346,-1.0214,0.0395,-8.75,4.34,10.15
3.7103,0.0342,-1.0204,0.0381,-9.31,4.27,9.59
3.7108,0.0376,-1.0194,0.0381,-9.10,3.64,9.94
3.7114,0.0400,-1.0219,0.0415,-9.17,3.57,9.52
3.7119,0.0429,-1.0272,0.0405,-9.38,3.64,9.80
3.7124,0.0449,-1.0268,0.0381,-9.17,3.36,9.45
3.7129,0.0420,-1.0243,0.0381,-9.17,3.08,9.73
3.7135,0.0400,-1.0219,0.0371,-9.24,2.87,9.45
3.7140,0.0410,-1.0263,0.0351,-9.17,2.94,9.66
3.7145,0.0425,-1.0268,0.0361,-9.17,2.52,9.59
3.7151,0.0420,-1.0194,0.0386,-9.31,2.66,9.66
3.7156,0.0415,-1.0194,0.0337,-9.03,2.17,9.38
3.7162,0.0425,-1.0204,0.0317,-9.10,2.38,9.66
3.7167,0.0410,-1.0209,0.0366,-9.03,2.10,9.80
3.7173,0.0439,-1.0150,0.0342,-9.03,1.96,9.24
3.7178,0.0478,-1.0121,0.0307,-8.89,1.75,9.87
3.7184,0.0439,-1.0150,0.0327,-9.31,1.68,9.31
3.7189,0.0439,-1.0131,0.0337,-8.96,1.47,10.01
3.7195,0.0415,-1.0121,0.0332,-8.75,1.19,10.15
3.7200,0.0468,-1.0160,0.0332,-9.31,0.84,8.61
3.7206,0.0512,-1.0165,0.0322,-8.82,1.19,10.57
3.7211,0.0512,-1.0116,0.0298,-9.24,0.70,8.54
3.7217,0.0498,-1.0092,0.0327,-8.61,0.84,10.15
3.7222,0.0464,-1.0126,0.0342,-8.89,0.56,8.61
3.7228,0.0454,-1.0097,0.0317,-8.68,0.63,9.94
3.7233,0.0473,-1.0048,0.0337,-8.96,0.07,9.03
3.7238,0.0473,-1.0063,0.0361,-8.68,0.07,9.52
3.7244,0.0449,-1.0072,0.0322,-8.75,-0.28,9.38
3.7250,0.0459,-1.0067,0.0298,-8.89,-0.42,9.17
3.7256,0.0459,-1.0082,0.0312,-8.40,-0.42,8.96
3.7262,0.0425,-1.0072,0.0307,-8.40,-0.63,9.10
3.7268,0.0434,-1.0048,0.0312,-8.82,-0.70,9.66
3.7274,0.0459,-1.0048,0.0337,-8.54,-0.84,8.96
3.7280,0.0420,-1.0063,0.0356,-8.40,-0.84,9.31
3.7286,0.0405,-1.0038,0.0371,-8.33,-1.54,8.54
3.7292,0.0444,-1.0004,0.0268,-8.47,-0.91,9.80
3.7298,0.0464,-1.0033,0.0312,-8.40,-2.17,7.91
3.7304,0.0454,-1.0053,0.0356,-8.68,-1.96,7.56
3.7310,0.0449,-1.0033,0.0317,-7.63,-1.33,9.80
3.7316,0.0498,-1.0048,0.0312,-8.61,-2.10,7.77
3.7322,0.0478,-1.0053,0.0317,-7.77,-2.03,9.52
3.7328,0.0493,-1.0063,0.0317,-8.54,-2.73,7.42
3.7334,0.0517,-1.0058,0.0327,-7.84,-2.59,8.75
3.7340,0.0468,-1.0053,0.0327,-8.40,-2.17,7.84
3.7346,0.0454,-1.0024,0.0307,-7.77,-2.80,8.68
3.7352,0.0468,-0.9989,0.0312,-8.12,-3.01,7.49
3.7358,0.0478,-0.9994,0.0278,-7.63,-3.15,8.26
3.7364,0.0468,-0.9975,0.0273,-8.19,-2.94,7.63
3.7369,0.0459,-1.0004,0.0307,-7.91,-3.71,7.77
3.7375,0.0439,-1.0053,0.0298,-7.63,-3.43,7.77
3.7381,0.0459,-1.0048,0.0322,-7.77,-3.78,7.42
3.7386,0.0493,-1.0009,0.0351,-7.49,-3.22,8.12
3.7392,0.0488,-1.0004,0.0332,-8.05,-4.34,6.51
3.7397,0.0508,-0.9980,0.0312,-7.35,-3.92,8.05
3.7403,0.0503,-0.9955,0.0312,-7.91,-4.41,6.44
3.7408,0.0473,-0.9999,0.0303,-6.93,-3.99,8.05
3.7414,0.0464,-1.0038,0.0259,-8.12,-4.41,6.30
3.7419,0.0483,-0.9994,0.0234,-6.86,-4.27,7.84
3.7425,0.0488,-0.9980,0.0268,-7.91,-4.55,6.09
3.7430,0.0473,-0.9984,0.0259,-6.93,-4.83,7.77
3.7436,0.0493,-0.9984,0.0224,-7.35,-4.62,6.02
3.7441,0.0512,-0.9994,0.0244,-6.93,-5.25,7.28
3.7447,0.0522,-0.9994,0.0268,-7.28,-4.76,6.23
3.7453,0.0542,-0.9984,0.0264,-7.00,-5.25,6.65
3.7458,0.0498,-0.9955,0.0278,-7.07,-5.18,6.44
3.7464,0.0473,-0.9941,0.0278,-7.07,-5.60,6.02
3.7469,0.0508,-0.9975,0.0273,-6.65,-5.11,6.72
3.7475,0.0473,-1.0019,0.0288,-6.93,-6.23,5.46
3.7480,0.0459,-0.9984,0.0283,-6.79,-5.39,6.72
3.7486,0.0439,-0.9960,0.0259,-6.93,-6.37,5.25
3.7492,0.0434,-0.9989,0.0268,-6.30,-5.53,6.72
3.7498,0.0429,-1.0019,0.0283,-6.93,-6.16,5.18
3.7503,0.0386,-1.0004,0.0278,-6.30,-5.81,6.72
3.7509,0.0405,-0.9965,0.0298,-6.58,-6.72,4.69
3.7515,0.0405,-0.9965,0.0264,-6.30,-6.58,6.23
3.7520,0.0400,-0.9965,0.0264,-7.14,-6.16,5.11
3.7526,0.0395,-0.9984,0.0288,-6.09,-6.58,6.23
3.7532,0.0381,-0.9970,0.0278,-6.79,-6.44,4.83
3.7538,0.0376,-0.9960,0.0298,-5.81,-6.86,5.95
3.7543,0.0356,-0.9989,0.0288,-6.72,-6.09,5.11
3.7549,0.0332,-1.0004,0.0259,-5.74,-7.00,5.81
3.7555,0.0342,-1.0009,0.0249,-6.09,-6.37,5.25
3.7560,0.0356,-1.0024,0.0278,-5.60,-7.28,5.46
3.7566,0.0361,-1.0024,0.0317,-6.09,-6.58,5.32
3.7572,0.0371,-1.0033,0.0283,-5.60,-7.63,5.32
3.7578,0.0332,-1.0043,0.0278,-5.74,-6.65,5.11
3.7583,0.0278,-1.0038,0.0298,-5.81,-7.21,4.97
3.7589,0.0239,-1.0067,0.0288,-5.81,-6.72,5.46
3.7607,0.0234,-1.0082,0.0307,-5.53,-7.07,5.04
3.7625,0.0259,-1.0072,0.0332,-5.60,-7.21,5.25
3.7644,0.0234,-1.0058,0.0273,-5.39,-7.21,4.90
3.7662,0.0215,-1.0072,0.0254,-5.25,-7.14,5.18
3.7680,0.0268,-1.0063,0.0327,-5.53,-7.00,4.76
3.7699,0.0195,-1.0087,0.0283,-5.53,-6.72,5.04
3.7717,0.0156,-1.0106,0.0288,-4.90,-7.84,5.11
3.7735,0.0171,-1.0106,0.0307,-5.32,-6.72,4.62
3.7753,0.0142,-1.0150,0.0307,-4.83,-7.98,4.97
3.7772,0.0098,-1.0165,0.0303,-5.25,-6.65,5.11
3.7790,0.0122,-1.0121,0.0278,-4.83,-7.77,4.69
3.7808,0.0151,-1.0111,0.0254,-4.69,-6.79,5.11
3.7826,0.0102,-1.0136,0.0264,-4.83,-7.77,4.55
3.7845,0.0102,-1.0121,0.0264,-4.76,-6.72,5.11
3.7863,0.0112,-1.0092,0.0210,-4.76,-7.42,4.97
3.7881,0.0127,-1.0111,0.0215,-4.34,-7.14,4.90
3.7900,0.0132,-1.0097,0.0229,-4.76,-7.07,4.76
3.7918,0.0083,-1.0082,0.0210,-4.48,-7.21,4.76
3.7936,0.0063,-1.0111,0.0234,-4.48,-7.21,4.55
3.7954,0.0098,-1.0126,0.0220,-4.27,-7.00,4.55
3.7955,0.0083,-1.0126,0.0215,-4.41,-6.86,5.11
3.7955,0.0073,-1.0111,0.0210,-3.99,-6.93,5.04
3.7956,0.0059,-1.0082,0.0215,-3.92,-6.37,5.46
3.7956,0.0107,-1.0136,0.0200,-4.13,-7.77,4.20
3.7957,0.0156,-1.0102,0.0210,-3.78,-5.95,5.39
3.7957,0.0083,-1.0048,0.0210,-4.34,-7.35,3.92
3.7958,0.0034,-1.0067,0.0205,-3.78,-6.37,5.18
3.7958,0.0078,-1.0102,0.0259,-3.99,-7.14,4.06
3.7959,0.0083,-1.0092,0.0229,-3.43,-6.51,4.83
3.7959,0.0088,-1.0058,0.0195,-4.06,-6.86,4.34
3.7960,0.0117,-1.0033,0.0224,-3.29,-6.58,4.83
3.7960,0.0088,-1.0048,0.0210,-3.78,-6.79,4.41
3.7961,0.0083,-1.0067,0.0185,-3.36,-6.23,4.90
3.7961,0.0083,-1.0048,0.0200,-3.29,-6.58,4.20
3.7962,0.0083,-1.0033,0.0215,-3.29,-6.65,4.48
3.7962,0.0088,-1.0038,0.0234,-3.36,-6.23,4.41
3.7963,0.0088,-1.0072,0.0254,-3.29,-6.51,4.20
3.7963,0.0059,-1.0058,0.0215,-3.01,-6.23,4.20
3.7964,0.0034,-1.0043,0.0215,-3.01,-6.51,4.34
3.7964,0.0024,-1.0048,0.0239,-2.87,-6.16,4.27
3.7968,0.0005,-1.0033,0.0273,-2.94,-6.02,4.55
3.7971,0.0005,-1.0043,0.0273,-2.73,-6.51,3.78
3.7974,0.0020,-1.0067,0.0224,-2.52,-5.53,4.48
3.7978,0.0015,-1.0048,0.0205,-2.80,-6.23,3.36
3.7981,-0.0010,-1.0063,0.0234,-2.66,-5.74,4.34
3.7984,-0.0015,-1.0072,0.0273,-2.73,-6.02,3.57
3.7988,-0.0049,-1.0077,0.0303,-2.31,-5.39,4.13
3.7991,-0.0068,-1.0092,0.0298,-2.87,-5.67,3.57
3.7994,-0.0073,-1.0077,0.0283,-2.03,-5.88,3.71
3.7998,-0.0059,-1.0092,0.0224,-2.59,-5.74,3.78
3.8001,-0.0034,-1.0121,0.0195,-2.24,-5.67,3.71
3.8004,-0.0044,-1.0116,0.0239,-2.31,-5.53,3.43
3.8008,-0.0020,-1.0106,0.0249,-2.17,-5.53,3.64
3.8011,0.0010,-1.0092,0.0220,-2.17,-5.46,3.36
3.8015,-0.0010,-1.0106,0.0244,-2.24,-5.53,3.57
3.8018,-0.0005,-1.0121,0.0234,-2.03,-5.39,3.29
3.8021,0.0010,-1.0131,0.0229,-2.24,-5.11,3.71
3.8025,0.0015,-1.0121,0.0254,-1.89,-5.60,3.57
3.8028,0.0020,-1.0126,0.0220,-1.96,-5.18,3.29
3.8031,-0.0005,-1.0146,0.0200,-2.17,-5.74,3.57
3.8037,0.0015,-1.0175,0.0190,-1.75,-4.55,3.36
3.8043,-0.0024,-1.0204,0.0190,-1.96,-4.62,3.50
3.8049,0.0000,-1.0204,0.0166,-1.82,-5.60,3.22
3.8055,0.0078,-1.0224,0.0146,-1.61,-4.55,3.85
3.8061,0.0073,-1.0219,0.0166,-1.96,-5.32,2.94
3.8067,0.0073,-1.0219,0.0146,-1.75,-4.69,3.71
3.8073,0.0059,-1.0199,0.0142,-1.82,-5.25,2.87
3.8079,0.0029,-1.0214,0.0161,-1.75,-4.62,3.64
3.8085,0.0024,-1.0243,0.0146,-1.75,-4.83,3.22
3.8091,0.0049,-1.0214,0.0132,-1.75,-4.34,3.85
3.8097,0.0059,-1.0224,0.0151,-1.75,-4.62,2.94
3.8103,0.0063,-1.0224,0.0137,-1.47,-4.48,3.92
3.8109,0.0088,-1.0233,0.0112,-1.96,-4.62,2.94
3.8115,0.0107,-1.0272,0.0112,-1.19,-4.90,3.64
3.8121,0.0112,-1.0292,0.0132,-1.96,-4.06,3.15
3.8127,0.0122,-1.0282,0.0127,-1.47,-4.55,3.99
3.8134,0.0132,-1.0287,0.0078,-1.47,-3.99,3.08
3.8140,0.0161,-1.0287,0.0151,-1.68,-4.13,3.29
3.8146,0.0181,-1.0331,0.0171,-1.75,-4.76,3.15
3.8152,0.0156,-1.0346,0.0142,-1.47,-3.85,3.50
3.8157,0.0166,-1.0341,0.0132,-1.75,-4.48,2.94
3.8163,0.0185,-1.0390,0.0132,-1.61,-3.85,3.22
3.8169,0.0220,-1.0404,0.0132,-1.89,-4.20,2.87
3.8175,0.0239,-1.0380,0.0122,-1.54,-3.85,3.50
3.8181,0.0181,-1.0394,0.0132,-1.89,-4.62,2.45
3.8187,0.0161,-1.0360,0.0112,-1.47,-3.92,3.43
3.8192,0.0195,-1.0336,0.0093,-1.89,-4.06,2.31
3.8198,0.0224,-1.0365,0.0112,-1.40,-3.71,3.64
3.8204,0.0215,-1.0346,0.0117,-1.82,-3.85,2.31
3.8210,0.0195,-1.0350,0.0068,-1.54,-3.99,3.43
3.8216,0.0220,-1.0360,0.0068,-1.61,-3.99,2.45
3.8222,0.0234,-1.0375,0.0127,-1.40,-4.06,3.22
3.8227,0.0185,-1.0414,0.0142,-1.82,-3.92,2.38
3.8233,0.0176,-1.0424,0.0117,-1.75,-4.06,3.22
3.8239,0.0224,-1.0394,0.0112,-1.47,-3.43,2.59
3.8245,0.0234,-1.0375,0.0132,-1.54,-4.48,2.80
3.8251,0.0234,-1.0380,0.0137,-1.54,-3.50,2.80
3.8256,0.0254,-1.0390,0.0112,-1.33,-3.29,2.87
3.8262,0.0283,-1.0380,0.0098,-2.24,-4.20,2.87
3.8268,0.0298,-1.0394,0.0132,-1.33,-3.36,3.22
3.8274,0.0264,-1.0414,0.0112,-2.03,-4.48,2.59
3.8279,0.0249,-1.0419,0.0073,-1.54,-3.64,3.43
3.8284,0.0273,-1.0433,0.0083,-2.03,-3.99,2.59
3.8290,0.0273,-1.0448,0.0093,-1.47,-3.78,3.57
3.8295,0.0288,-1.0448,0.0083,-2.03,-3.92,2.59
3.8301,0.0303,-1.0453,0.0044,-1.75,-3.85,3.71
3.8306,0.0283,-1.0448,0.0044,-2.03,-3.64,2.73
3.8312,0.0327,-1.0458,0.0073,-1.47,-4.06,3.71
3.8317,0.0361,-1.0463,0.0059,-2.38,-3.36,3.22
3.8323,0.0322,-1.0443,0.0068,-1.47,-4.13,3.43
3.8328,0.0332,-1.0453,0.0093,-2.17,-3.57,3.29
3.8333,0.0366,-1.0507,0.0088,-1.82,-3.85,3.36
3.8339,0.0376,-1.0521,0.0107,-1.75,-3.43,3.92
3.8344,0.0346,-1.0492,0.0112,-1.68,-4.20,3.29
3.8350,0.0303,-1.0458,0.0059,-1.75,-3.08,4.27
3.8355,0.0346,-1.0502,0.0044,-1.89,-4.06,3.57
3.8361,0.0420,-1.0492,0.0039,-2.10,-4.27,3.85
3.8366,0.0415,-1.0487,0.0029,-1.68,-3.29,4.41
3.8371,0.0415,-1.0482,0.0029,-2.24,-4.06,3.78
3.8377,0.0410,-1.0512,0.0073,-1.61,-3.36,4.55
3.8382,0.0420,-1.0497,0.0054,-2.24,-4.06,3.92
3.8387,0.0410,-1.0463,0.0029,-1.96,-4.06,4.55
3.8392,0.0439,-1.0463,0.0039,-1.89,-3.85,4.20
3.8397,0.0468,-1.0463,0.0034,-1.96,-3.99,4.83
3.8402,0.0473,-1.0463,0.0024,-1.89,-3.99,4.41
3.8407,0.0493,-1.0482,0.0029,-1.82,-3.92,5.11
3.8412,0.0473,-1.0482,0.0000,-2.17,-4.20,4.76
3.8417,0.0459,-1.0458,-0.0029,-1.89,-4.20,4.97
3.8423,0.0439,-1.0448,0.0000,-1.82,-3.99,5.04
3.8428,0.0439,-1.0443,-0.0005,-1.75,-4.27,5.25
3.8433,0.0464,-1.0443,0.0024,-1.96,-4.06,4.97
3.8438,0.0488,-1.0453,0.0039,-1.89,-4.20,5.60
3.8443,0.0532,-1.0468,0.0015,-1.89,-4.55,5.32
3.8448,0.0522,-1.0497,0.0000,-1.75,-3.71,5.67
3.8453,0.0493,-1.0472,-0.0010,-1.96,-3.78,5.95
3.8458,0.0503,-1.0448,0.0010,-1.82,-4.06,5.46
3.8463,0.0498,-1.0448,-0.0010,-2.10,-4.13,6.37
3.8468,0.0493,-1.0438,-0.0024,-1.89,-4.20,5.46
3.8473,0.0483,-1.0458,0.0005,-2.10,-4.13,6.30
3.8478,0.0459,-1.0429,0.0015,-1.61,-4.48,5.74
3.8484,0.0473,-1.0419,0.0039,-1.68,-4.13,6.58
3.8490,0.0468,-1.0429,0.0015,-1.96,-4.48,5.53
3.8495,0.0468,-1.0419,-0.0010,-1.54,-4.27,6.79
3.8501,0.0478,-1.0404,0.0010,-2.17,-4.27,5.81
3.8507,0.0488,-1.0399,0.0010,-1.47,-4.41,6.86
3.8512,0.0503,-1.0394,-0.0020,-1.96,-4.48,6.16
3.8518,0.0464,-1.0360,-0.0020,-1.61,-4.06,7.00
3.8524,0.0439,-1.0350,-0.0020,-1.68,-4.41,6.65
3.8529,0.0449,-1.0355,-0.0010,-1.61,-4.41,6.44
3.8535,0.0473,-1.0355,0.0039,-2.10,-3.99,7.21
3.8541,0.0468,-1.0375,0.0054,-1.05,-4.90,6.23
3.8546,0.0415,-1.0321,0.0054,-1.75,-4.69,6.72
3.8552,0.0439,-1.0302,0.0015,-1.54,-4.20,7.42
3.8558,0.0468,-1.0311,0.0000,-1.82,-4.76,6.86
3.8564,0.0434,-1.0336,0.0005,-1.33,-3.99,7.70
3.8569,0.0410,-1.0311,0.0010,-1.68,-4.62,6.79
3.8575,0.0415,-1.0277,-0.0020,-1.54,-4.20,7.98
3.8581,0.0444,-1.0253,-0.0054,-1.19,-4.62,6.44
3.8586,0.0429,-1.0238,-0.0020,-1.33,-4.20,8.19
3.8592,0.0434,-1.0233,0.0010,-1.40,-4.76,6.72
3.8609,0.0444,-1.0233,-0.0005,-1.12,-4.20,7.98
3.8627,0.0420,-1.0253,-0.0034,-1.26,-4.76,7.14
3.8644,0.0420,-1.0248,-0.0005,-0.84,-4.62,7.98
3.8662,0.0381,-1.0233,0.0029,-1.33,-4.27,7.42
3.8679,0.0390,-1.0233,0.0000,-0.63,-4.55,7.56
3.8697,0.0415,-1.0253,-0.0039,-1.12,-4.27,7.49
3.8714,0.0390,-1.0238,-0.0034,-0.70,-4.41,7.77
3.8732,0.0381,-1.0189,0.0010,-1.05,-4.83,7.42
3.8749,0.0400,-1.0194,-0.0078,-0.70,-4.34,7.56
3.8767,0.0376,-1.0189,-0.0049,-0.70,-3.99,7.56
3.8784,0.0386,-1.0199,-0.0029,-0.98,-5.25,7.42
3.8802,0.0415,-1.0194,-0.0024,-0.49,-4.13,7.42
3.8819,0.0381,-1.0170,0.0015,-0.84,-4.69,7.42
3.8836,0.0371,-1.0136,-0.0010,-0.49,-4.34,7.70
3.8854,0.0410,-1.0136,-0.0073,-0.63,-4.83,7.21
3.8871,0.0429,-1.0175,-0.0073,-0.56,-4.34,7.63
3.8889,0.0425,-1.0155,-0.0054,-0.42,-4.48,7.35
3.8906,0.0415,-1.0136,-0.0078,-0.63,-4.48,7.49
3.8924,0.0376,-1.0165,-0.0127,-0.07,-4.76,7.28
3.8941,0.0381,-1.0141,-0.0098,-0.56,-4.62,7.56
3.8942,0.0405,-1.0131,-0.0024,0.00,-5.04,6.93
3.8942,0.0366,-1.0150,0.0005,-0.49,-4.69,7.35
3.8943,0.0386,-1.0155,-0.0039,0.21,-4.34,7.28
3.8943,0.0386,-1.0121,-0.0088,-0.42,-4.83,6.93
3.8944,0.0351,-1.0102,-0.0078,0.14,-4.27,7.42
3.8945,0.0361,-1.0150,-0.0059,0.14,-4.90,6.93
3.8945,0.0371,-1.0180,-0.0044,-0.21,-4.13,7.49
3.8946,0.0351,-1.0150,-0.0059,0.14,-4.97,6.65
3.8946,0.0342,-1.0136,-0.0088,0.07,-3.64,7.91
3.8947,0.0356,-1.0111,-0.0054,0.28,-4.34,7.56
3.8947,0.0361,-1.0136,-0.0063,-0.07,-5.04,6.02
3.8948,0.0312,-1.0146,-0.0083,0.42,-4.06,7.42
3.8948,0.0288,-1.0141,-0.0049,-0.07,-4.83,5.95
3.8949,0.0303,-1.0126,-0.0034,0.63,-4.13,7.00
3.8949,0.0273,-1.0106,-0.0063,-0.07,-4.83,5.95
3.8950,0.0259,-1.0106,-0.0073,0.84,-4.34,6.79
3.8950,0.0254,-1.0111,-0.0059,0.21,-4.48,6.23
3.8951,0.0264,-1.0097,-0.0054,0.77,-4.48,6.30
3.8951,0.0264,-1.0111,-0.0044,0.56,-4.20,6.37
3.8952,0.0249,-1.0121,-0.0039,0.77,-4.69,5.95
3.8952,0.0259,-1.0106,-0.0034,0.35,-3.92,6.44
3.8953,0.0278,-1.0102,-0.0063,0.98,-4.76,5.67
3.8953,0.0268,-1.0111,-0.0059,0.91,-4.06,6.58
3.8954,0.0254,-1.0126,-0.0015,0.63,-4.48,5.67
3.8954,0.0259,-1.0111,-0.0015,0.63,-3.99,6.37
3.8954,0.0224,-1.0121,-0.0020,0.63,-4.76,5.11
3.8955,0.0210,-1.0141,0.0010,0.98,-3.99,6.58
3.8955,0.0210,-1.0136,-0.0020,0.63,-4.41,5.32
3.8956,0.0200,-1.0155,-0.0039,1.33,-3.85,6.23
3.8956,0.0215,-1.0160,-0.0034,0.35,-4.20,5.32
3.8956,0.0210,-1.0155,-0.0049,1.12,-3.99,6.02
3.8957,0.0220,-1.0146,-0.0059,0.84,-4.41,5.18
3.8957,0.0259,-1.0102,-0.0073,1.12,-3.99,5.39
3.8958,0.0278,-1.0097,-0.0049,0.84,-3.99,5.74
3.8958,0.0239,-1.0106,-0.0039,1.26,-4.20,5.32
3.8958,0.0210,-1.0126,-0.0049,0.77,-3.71,5.60
3.8959,0.0220,-1.0141,-0.0039,1.33,-4.27,4.97
3.8959,0.0249,-1.0136,-0.0034,0.98,-3.78,5.53
3.8960,0.0244,-1.0126,-0.0059,1.12,-4.06,5.11
3.8960,0.0234,-1.0136,-0.0112,0.84,-3.92,5.18
3.8964,0.0229,-1.0150,-0.0117,1.40,-4.20,5.04
3.8968,0.0215,-1.0165,-0.0059,1.12,-3.99,5.46
3.8972,0.0220,-1.0160,-0.0063,1.12,-4.20,4.76
3.8976,0.0200,-1.0150,-0.0098,0.91,-3.92,5.25
3.8980,0.0234,-1.0150,-0.0073,1.12,-3.99,4.90
3.8985,0.0307,-1.0126,-0.0059,1.40,-4.13,4.90
3.8989,0.0327,-1.0146,-0.0078,0.98,-3.71,4.76
3.8993,0.0278,-1.0155,-0.0122,1.33,-3.36,5.11
3.8997,0.0259,-1.0150,-0.0117,0.77,-4.13,4.06
3.9001,0.0273,-1.0136,-0.0102,1.54,-3.50,5.32
3.9005,0.0234,-1.0116,-0.0107,0.84,-3.85,4.20
3.9009,0.0234,-1.0146,-0.0063,1.26,-3.57,5.04
3.9013,0.0283,-1.0160,-0.0010,1.12,-3.85,3.92
3.9017,0.0303,-1.0199,-0.0034,1.40,-3.43,5.11
3.9022,0.0303,-1.0209,-0.0063,1.19,-4.27,3.78
3.9026,0.0298,-1.0189,-0.0054,1.33,-3.43,5.11
3.9030,0.0288,-1.0185,-0.0034,1.33,-3.71,3.99
3.9034,0.0312,-1.0189,-0.0078,1.26,-3.71,4.97
3.9038,0.0337,-1.0214,-0.0107,1.26,-3.50,4.34
3.9042,0.0342,-1.0219,-0.0117,1.12,-3.64,4.48
3.9048,0.0322,-1.0199,-0.0151,1.05,-3.36,4.34
3.9054,0.0298,-1.0204,-0.0132,0.98,-4.20,4.13
3.9060,0.0283,-1.0204,-0.0078,1.26,-3.08,4.76
3.9067,0.0327,-1.0214,-0.0020,0.77,-3.78,4.06
3.9073,0.0298,-1.0199,-0.0063,1.12,-3.78,4.13
3.9079,0.0303,-1.0219,-0.0063,0.91,-3.43,4.62
3.9085,0.0298,-1.0209,-0.0039,1.05,-3.50,4.13
3.9091,0.0327,-1.0175,-0.0034,1.12,-3.50,4.83
3.9097,0.0342,-1.0185,-0.0005,1.12,-3.08,4.34
3.9103,0.0346,-1.0214,-0.0005,0.98,-3.85,4.41
3.9109,0.0332,-1.0219,-0.0029,0.77,-3.01,4.34
3.9115,0.0317,-1.0199,-0.0029,0.91,-3.99,4.55
3.9121,0.0342,-1.0209,-0.0049,0.91,-3.22,4.20
3.9128,0.0327,-1.0214,-0.0020,0.70,-3.57,4.34
3.9134,0.0312,-1.0214,-0.0054,1.05,-3.43,4.41
3.9140,0.0298,-1.0209,-0.0078,0.70,-3.64,4.62
3.9146,0.0303,-1.0185,-0.0015,0.84,-3.08,4.69
3.9152,0.0337,-1.0194,-0.0044,1.05,-3.71,4.20
3.9158,0.0332,-1.0194,-0.0088,0.77,-3.15,4.83
3.9164,0.0342,-1.0199,-0.0083,0.84,-3.71,4.34
3.9175,0.0337,-1.0219,-0.0083,0.56,-3.36,4.90
3.9187,0.0346,-1.0199,-0.0049,0.91,-3.85,4.27
3.9198,0.0337,-1.0219,-0.0068,0.84,-3.29,4.55
3.9209,0.0356,-1.0160,-0.0083,0.42,-3.57,5.11
3.9221,0.0366,-1.0204,-0.0112,0.70,-3.36,4.48
3.9232,0.0366,-1.0243,-0.0117,0.21,-2.80,5.39
3.9243,0.0405,-1.0233,-0.0098,0.63,-4.06,4.48
3.9254,0.0415,-1.0219,-0.0098,0.35,-2.94,5.53
3.9266,0.0410,-1.0224,-0.0098,0.28,-3.71,4.48
3.9277,0.0429,-1.0224,-0.0078,0.42,-3.15,5.60
3.9288,0.0390,-1.0219,-0.0059,0.21,-3.36,4.62
3.9299,0.0390,-1.0263,-0.0098,0.00,-3.22,5.39
3.9311,0.0459,-1.0287,-0.0112,0.14,-3.43,4.97
3.9322,0.0439,-1.0277,-0.0102,0.28,-3.57,4.90
3.9333,0.0356,-1.0243,-0.0122,-0.21,-3.29,5.11
3.9345,0.0376,-1.0258,-0.0122,-0.07,-3.43,5.11
3.9356,0.0425,-1.0277,-0.0112,-0.07,-3.57,5.32
3.9367,0.0429,-1.0248,-0.0107,-0.07,-3.64,4.90
3.9378,0.0464,-1.0224,-0.0083,-0.14,-3.57,5.46
3.9390,0.0512,-1.0204,-0.0112,-0.35,-3.92,4.69
3.9395,0.0532,-1.0175,-0.0117,-0.49,-3.64,5.60
3.9401,0.0473,-1.0209,-0.0112,-0.28,-3.64,5.74
3.9407,0.0459,-1.0204,-0.0127,-0.77,-4.06,4.27
3.9412,0.0493,-1.0248,-0.0161,-0.42,-3.50,5.88
3.9418,0.0493,-1.0238,-0.0142,-0.91,-3.50,4.69
3.9424,0.0493,-1.0199,-0.0132,-0.49,-3.78,5.39
3.9429,0.0503,-1.0194,-0.0137,-0.91,-3.99,4.76
3.9435,0.0478,-1.0194,-0.0146,-0.49,-3.71,5.39
3.9441,0.0473,-1.0204,-0.0171,-0.91,-3.78,4.69
3.9446,0.0517,-1.0204,-0.0151,-1.19,-3.85,5.32
3.9452,0.0522,-1.0189,-0.0122,-1.12,-3.71,5.11
3.9457,0.0527,-1.0199,-0.0127,-1.12,-4.13,4.97
3.9463,0.0542,-1.0214,-0.0142,-1.05,-3.64,5.60
3.9469,0.0566,-1.0214,-0.0171,-1.33,-4.34,4.62
3.9474,0.0586,-1.0189,-0.0190,-0.98,-3.78,5.95
3.9480,0.0590,-1.0185,-0.0171,-1.12,-4.20,4.06
3.9486,0.0605,-1.0214,-0.0132,-1.33,-3.71,6.16
3.9491,0.0610,-1.0219,-0.0132,-1.47,-4.20,4.20
3.9497,0.0615,-1.0199,-0.0176,-1.40,-4.13,5.60
3.9503,0.0605,-1.0165,-0.0166,-1.61,-4.20,4.27
3.9508,0.0600,-1.0150,-0.0185,-1.54,-4.83,5.04
3.9513,0.0605,-1.0131,-0.0156,-1.47,-4.27,5.25
3.9517,0.0605,-1.0111,-0.0146,-1.96,-4.27,4.41
3.9522,0.0595,-1.0102,-0.0151,-1.26,-4.48,5.18
3.9527,0.0605,-1.0102,-0.0156,-2.17,-3.99,4.76
3.9532,0.0605,-1.0102,-0.0200,-1.40,-4.90,4.83
3.9537,0.0595,-1.0087,-0.0166,-2.10,-4.13,4.69
3.9542,0.0634,-1.0063,-0.0132,-1.61,-4.76,4.55
3.9547,0.0605,-1.0033,-0.0146,-1.96,-3.99,4.97
3.9552,0.0576,-0.9999,-0.0142,-1.75,-4.83,4.34
3.9557,0.0625,-0.9975,-0.0166,-1.75,-4.27,5.18
3.9562,0.0649,-0.9980,-0.0156,-2.10,-4.97,3.99
3.9567,0.0615,-0.9975,-0.0132,-1.89,-4.34,4.90
3.9572,0.0620,-0.9975,-0.0151,-2.10,-4.90,3.85
3.9577,0.0639,-0.9945,-0.0156,-1.75,-4.48,4.97
3.9582,0.0600,-0.9926,-0.0195,-2.24,-4.83,3.43
3.9587,0.0547,-0.9902,-0.0220,-1.75,-4.90,4.41
3.9591,0.0503,-0.9843,-0.0166,-2.24,-5.11,3.50
3.9596,0.0547,-0.9862,-0.0166,-1.75,-5.04,4.62
3.9601,0.0581,-0.9877,-0.0171,-2.38,-4.97,3.64
3.9615,0.0537,-0.9877,-0.0151,-1.75,-4.90,4.27
3.9630,0.0566,-0.9897,-0.0190,-2.17,-4.90,3.36
3.9644,0.0595,-0.9872,-0.0220,-1.75,-5.04,4.06
3.9658,0.0542,-0.9872,-0.0205,-2.31,-4.90,3.43
3.9672,0.0508,-0.9872,-0.0205,-1.82,-4.83,3.64
3.9686,0.0517,-0.9833,-0.0234,-2.03,-4.90,3.29
3.9700,0.0503,-0.9823,-0.0234,-2.03,-4.83,3.50
3.9714,0.0498,-0.9833,-0.0176,-1.75,-4.97,3.15
3.9728,0.0493,-0.9814,-0.0156,-1.96,-5.11,3.01
3.9743,0.0503,-0.9770,-0.0185,-1.61,-5.04,3.36
3.9757,0.0508,-0.9760,-0.0215,-2.24,-4.90,2.59
3.9771,0.0512,-0.9799,-0.0220,-1.47,-4.76,3.15
3.9785,0.0483,-0.9784,-0.0195,-1.89,-5.18,2.03
3.9799,0.0434,-0.9789,-0.0156,-1.54,-4.76,3.22
3.9813,0.0483,-0.9755,-0.0185,-2.24,-4.76,1.61
3.9827,0.0464,-0.9760,-0.0171,-1.75,-4.41,1.82
3.9841,0.0439,-0.9750,-0.0142,-1.68,-5.18,1.96
3.9856,0.0386,-0.9765,-0.0166,-1.96,-3.99,2.17
3.9870,0.0395,-0.9765,-0.0161,-1.61,-5.25,1.54
3.9884,0.0410,-0.9745,-0.0171,-1.75,-3.78,1.89
3.9884,0.0386,-0.9736,-0.0195,-1.26,-5.39,1.05
3.9885,0.0390,-0.9721,-0.0210,-1.75,-3.99,1.54
3.9886,0.0366,-0.9740,-0.0215,-1.68,-4.76,0.77
3.9886,0.0356,-0.9736,-0.0195,-1.47,-3.85,1.68
3.9887,0.0366,-0.9711,-0.0181,-1.61,-4.90,0.42
3.9887,0.0371,-0.9736,-0.0195,-1.05,-3.99,1.40
3.9888,0.0361,-0.9765,-0.0220,-1.82,-4.41,0.07
3.9889,0.0351,-0.9745,-0.0185,-1.05,-4.20,1.40
3.9889,0.0351,-0.9736,-0.0176,-1.47,-3.92,-0.14
3.9890,0.0356,-0.9755,-0.0181,-1.26,-4.13,0.84
3.9890,0.0342,-0.9765,-0.0200,-1.47,-3.71,-0.56
3.9891,0.0327,-0.9775,-0.0224,-1.12,-3.85,0.84
3.9892,0.0337,-0.9760,-0.0224,-1.47,-3.57,-0.77
3.9892,0.0298,-0.9726,-0.0142,-0.84,-3.99,0.21
3.9893,0.0293,-0.9731,-0.0161,-0.84,-3.99,-0.35
3.9893,0.0307,-0.9755,-0.0205,-1.19,-3.22,-0.70
3.9894,0.0298,-0.9706,-0.0254,-0.77,-3.29,-0.21
3.9895,0.0303,-0.9682,-0.0249,-1.47,-2.94,-0.98
3.9895,0.0293,-0.9697,-0.0244,-1.05,-3.36,-0.42
3.9896,0.0254,-0.9697,-0.0244,-0.77,-3.08,-1.33
3.9897,0.0259,-0.9701,-0.0259,-0.98,-3.36,-1.12
3.9898,0.0273,-0.9711,-0.0268,-0.63,-3.01,-1.12
3.9899,0.0288,-0.9701,-0.0234,-1.12,-2.66,-1.33
3.9900,0.0312,-0.9692,-0.0215,-0.77,-2.52,-1.05
3.9901,0.0303,-0.9701,-0.0215,-0.98,-2.87,-1.54
3.9902,0.0259,-0.9711,-0.0195,-0.63,-2.45,-1.26
3.9903,0.0224,-0.9721,-0.0205,-0.77,-2.59,-1.96
3.9905,0.0220,-0.9745,-0.0210,-0.49,-2.38,-1.05
3.9906,0.0244,-0.9760,-0.0185,-1.12,-1.96,-2.31
3.9907,0.0288,-0.9755,-0.0229,-0.28,-2.38,-1.61
3.9908,0.0259,-0.9750,-0.0229,-1.12,-1.61,-2.38
3.9909,0.0254,-0.9765,-0.0195,-0.21,-2.24,-1.68
3.9910,0.0293,-0.9804,-0.0176,-0.98,-1.68,-2.73
3.9911,0.0283,-0.9823,-0.0166,-0.42,-1.47,-1.61
3.9912,0.0293,-0.9843,-0.0200,-0.77,-1.26,-2.38
3.9913,0.0288,-0.9872,-0.0229,-0.21,-1.33,-2.38
3.9914,0.0278,-0.9916,-0.0224,-0.91,-0.77,-2.38
3.9915,0.0273,-0.9931,-0.0224,-0.49,-1.47,-2.73
3.9916,0.0293,-0.9931,-0.0234,-0.49,-0.84,-2.80
3.9918,0.0317,-0.9921,-0.0239,-0.77,-0.91,-2.80
3.9923,0.0337,-0.9936,-0.0239,-0.49,-0.77,-2.73
3.9929,0.0376,-0.9975,-0.0249,-0.98,-0.84,-3.71
3.9935,0.0366,-0.9980,-0.0244,-0.42,-0.14,-2.38
3.9941,0.0332,-0.9980,-0.0210,-1.12,-0.28,-4.13
3.9946,0.0356,-1.0024,-0.0229,-0.28,-0.28,-2.80
3.9952,0.0386,-1.0033,-0.0273,-1.05,-0.14,-4.13
3.9958,0.0381,-1.0048,-0.0283,-0.70,0.21,-2.73
3.9963,0.0337,-1.0087,-0.0293,-0.98,0.14,-4.69
3.9969,0.0303,-1.0111,-0.0303,-0.63,0.49,-2.73
3.9975,0.0332,-1.0141,-0.0342,-0.84,-0.14,-4.97
3.9981,0.0371,-1.0116,-0.0337,-0.98,0.28,-3.36
3.9986,0.0356,-1.0092,-0.0332,-1.19,0.35,-4.90
3.9992,0.0351,-1.0116,-0.0356,-0.77,0.84,-3.43
3.9998,0.0356,-1.0170,-0.0342,-1.61,0.84,-4.69
4.0004,0.0376,-1.0189,-0.0312,-0.84,0.70,-4.13
4.0009,0.0366,-1.0219,-0.0307,-1.40,0.98,-4.62
4.0015,0.0346,-1.0248,-0.0337,-0.91,1.05,-4.06
4.0021,0.0371,-1.0287,-0.0346,-1.47,1.47,-4.55
4.0027,0.0400,-1.0331,-0.0386,-1.19,1.19,-4.69
4.0032,0.0434,-1.0307,-0.0410,-1.47,1.68,-4.41
4.0039,0.0410,-1.0302,-0.0395,-1.40,1.26,-4.97
4.0045,0.0371,-1.0346,-0.0395,-1.68,2.24,-4.48
4.0051,0.0356,-1.0414,-0.0361,-1.47,1.47,-5.11
4.0057,0.0366,-1.0472,-0.0356,-1.82,2.17,-4.48
4.0063,0.0390,-1.0497,-0.0356,-1.89,2.10,-5.04
4.0069,0.0405,-1.0487,-0.0390,-2.10,2.31,-4.48
4.0076,0.0439,-1.0419,-0.0420,-2.03,2.38,-5.46
4.0082,0.0468,-1.0380,-0.0425,-1.96,2.38,-4.90
4.0088,0.0483,-1.0409,-0.0464,-2.38,2.87,-5.32
4.0094,0.0444,-1.0521,-0.0464,-2.10,2.87,-4.69
4.0100,0.0429,-1.0594,-0.0434,-2.24,3.29,-4.62
4.0106,0.0464,-1.0609,-0.0483,-2.94,2.94,-5.88
4.0113,0.0503,-1.0599,-0.0522,-2.38,3.43,-4.62
4.0119,0.0468,-1.0594,-0.0527,-3.43,3.29,-5.74
4.0125,0.0478,-1.0609,-0.0542,-2.59,3.64,-4.69
4.0131,0.0478,-1.0658,-0.0537,-3.29,3.36,-5.81
4.0137,0.0483,-1.0712,-0.0542,-2.94,3.71,-4.83
4.0143,0.0537,-1.0707,-0.0542,-3.43,3.99,-5.74
4.0150,0.0532,-1.0712,-0.0542,-3.36,3.64,-5.18
4.0156,0.0512,-1.0765,-0.0581,-3.71,4.34,-5.25
